t_unix,device,r_iops,w_iops,r_mb_s,w_mb_s,util_pct
1777906955,loop0,0.00,0.00,0.000,0.000,0.00
1777906955,loop1,0.00,0.00,0.000,0.000,0.00
1777906955,loop10,0.00,0.00,0.000,0.000,0.00
1777906955,loop11,0.00,0.00,0.000,0.000,0.00
1777906955,loop12,0.00,0.00,0.000,0.000,0.00
1777906955,loop13,0.00,0.00,0.000,0.000,0.00
1777906955,loop14,0.00,0.00,0.000,0.000,0.00
1777906955,loop15,0.00,0.00,0.000,0.000,0.00
1777906955,loop16,0.00,0.00,0.000,0.000,0.00
1777906955,loop17,0.00,0.00,0.000,0.000,0.00
1777906955,loop18,0.00,0.00,0.000,0.000,0.00
1777906955,loop19,0.00,0.00,0.000,0.000,0.00
1777906955,loop2,0.00,0.00,0.000,0.000,0.00
1777906955,loop20,0.00,0.00,0.000,0.000,0.00
1777906955,loop21,0.00,0.00,0.000,0.000,0.00
1777906955,loop22,0.00,0.00,0.000,0.000,0.00
1777906955,loop23,0.00,0.00,0.000,0.000,0.00
1777906955,loop24,0.00,0.00,0.000,0.000,0.00
1777906955,loop25,0.00,0.00,0.000,0.000,0.00
1777906955,loop26,0.00,0.00,0.000,0.000,0.00
1777906955,loop27,0.00,0.00,0.000,0.000,0.00
1777906955,loop28,0.00,0.00,0.000,0.000,0.00
1777906955,loop29,0.00,0.00,0.000,0.000,0.00
1777906955,loop3,0.00,0.00,0.000,0.000,0.00
1777906955,loop30,0.00,0.00,0.000,0.000,0.00
1777906955,loop31,0.00,0.00,0.000,0.000,0.00
1777906955,loop32,0.00,0.00,0.000,0.000,0.00
1777906955,loop33,0.00,0.00,0.000,0.000,0.00
1777906955,loop34,0.00,0.00,0.000,0.000,0.00
1777906955,loop35,0.00,0.00,0.000,0.000,0.00
1777906955,loop36,0.00,0.00,0.000,0.000,0.00
1777906955,loop37,0.00,0.00,0.000,0.000,0.00
1777906955,loop38,0.00,0.00,0.000,0.000,0.00
1777906955,loop39,0.00,0.00,0.000,0.000,0.00
1777906955,loop4,0.00,0.00,0.000,0.000,0.00
1777906955,loop40,0.00,0.00,0.000,0.000,0.00
1777906955,loop5,0.00,0.00,0.000,0.000,0.00
1777906955,loop6,0.00,0.00,0.000,0.000,0.00
1777906955,loop7,0.00,0.00,0.000,0.000,0.00
1777906955,loop8,0.00,0.00,0.000,0.000,0.00
1777906955,loop9,0.00,0.00,0.000,0.000,0.00
1777906955,nvme0n1,11.00,60.00,0.004,0.026,6.40
1777906956,loop0,0.00,0.00,0.000,0.000,0.00
1777906956,loop1,0.00,0.00,0.000,0.000,0.00
1777906956,loop10,0.00,0.00,0.000,0.000,0.00
1777906956,loop11,0.00,0.00,0.000,0.000,0.00
1777906956,loop12,0.00,0.00,0.000,0.000,0.00
1777906956,loop13,0.00,0.00,0.000,0.000,0.00
1777906956,loop14,0.00,0.00,0.000,0.000,0.00
1777906956,loop15,0.00,0.00,0.000,0.000,0.00
1777906956,loop16,0.00,0.00,0.000,0.000,0.00
1777906956,loop17,0.00,0.00,0.000,0.000,0.00
1777906956,loop18,0.00,0.00,0.000,0.000,0.00
1777906956,loop19,0.00,0.00,0.000,0.000,0.00
1777906956,loop2,0.00,0.00,0.000,0.000,0.00
1777906956,loop20,0.00,0.00,0.000,0.000,0.00
1777906956,loop21,0.00,0.00,0.000,0.000,0.00
1777906956,loop22,0.00,0.00,0.000,0.000,0.00
1777906956,loop23,0.00,0.00,0.000,0.000,0.00
1777906956,loop24,0.00,0.00,0.000,0.000,0.00
1777906956,loop25,0.00,0.00,0.000,0.000,0.00
1777906956,loop26,0.00,0.00,0.000,0.000,0.00
1777906956,loop27,0.00,0.00,0.000,0.000,0.00
1777906956,loop28,0.00,0.00,0.000,0.000,0.00
1777906956,loop29,0.00,0.00,0.000,0.000,0.00
1777906956,loop3,0.00,0.00,0.000,0.000,0.00
1777906956,loop30,0.00,0.00,0.000,0.000,0.00
1777906956,loop31,0.00,0.00,0.000,0.000,0.00
1777906956,loop32,0.00,0.00,0.000,0.000,0.00
1777906956,loop33,0.00,0.00,0.000,0.000,0.00
1777906956,loop34,0.00,0.00,0.000,0.000,0.00
1777906956,loop35,0.00,0.00,0.000,0.000,0.00
1777906956,loop36,0.00,0.00,0.000,0.000,0.00
1777906956,loop37,0.00,0.00,0.000,0.000,0.00
1777906956,loop38,0.00,0.00,0.000,0.000,0.00
1777906956,loop39,0.00,0.00,0.000,0.000,0.00
1777906956,loop4,0.00,0.00,0.000,0.000,0.00
1777906956,loop40,0.00,0.00,0.000,0.000,0.00
1777906956,loop5,0.00,0.00,0.000,0.000,0.00
1777906956,loop6,0.00,0.00,0.000,0.000,0.00
1777906956,loop7,0.00,0.00,0.000,0.000,0.00
1777906956,loop8,0.00,0.00,0.000,0.000,0.00
1777906956,loop9,0.00,0.00,0.000,0.000,0.00
1777906956,nvme0n1,45.00,296.00,0.023,0.034,1.50
1777906957,loop0,0.00,0.00,0.000,0.000,0.00
1777906957,loop1,0.00,0.00,0.000,0.000,0.00
1777906957,loop10,0.00,0.00,0.000,0.000,0.00
1777906957,loop11,0.00,0.00,0.000,0.000,0.00
1777906957,loop12,0.00,0.00,0.000,0.000,0.00
1777906957,loop13,0.00,0.00,0.000,0.000,0.00
1777906957,loop14,0.00,0.00,0.000,0.000,0.00
1777906957,loop15,0.00,0.00,0.000,0.000,0.00
1777906957,loop16,0.00,0.00,0.000,0.000,0.00
1777906957,loop17,0.00,0.00,0.000,0.000,0.00
1777906957,loop18,0.00,0.00,0.000,0.000,0.00
1777906957,loop19,0.00,0.00,0.000,0.000,0.00
1777906957,loop2,0.00,0.00,0.000,0.000,0.00
1777906957,loop20,0.00,0.00,0.000,0.000,0.00
1777906957,loop21,0.00,0.00,0.000,0.000,0.00
1777906957,loop22,0.00,0.00,0.000,0.000,0.00
1777906957,loop23,0.00,0.00,0.000,0.000,0.00
1777906957,loop24,0.00,0.00,0.000,0.000,0.00
1777906957,loop25,0.00,0.00,0.000,0.000,0.00
1777906957,loop26,0.00,0.00,0.000,0.000,0.00
1777906957,loop27,0.00,0.00,0.000,0.000,0.00
1777906957,loop28,0.00,0.00,0.000,0.000,0.00
1777906957,loop29,0.00,0.00,0.000,0.000,0.00
1777906957,loop3,0.00,0.00,0.000,0.000,0.00
1777906957,loop30,0.00,0.00,0.000,0.000,0.00
1777906957,loop31,0.00,0.00,0.000,0.000,0.00
1777906957,loop32,0.00,0.00,0.000,0.000,0.00
1777906957,loop33,0.00,0.00,0.000,0.000,0.00
1777906957,loop34,0.00,0.00,0.000,0.000,0.00
1777906957,loop35,0.00,0.00,0.000,0.000,0.00
1777906957,loop36,0.00,0.00,0.000,0.000,0.00
1777906957,loop37,0.00,0.00,0.000,0.000,0.00
1777906957,loop38,0.00,0.00,0.000,0.000,0.00
1777906957,loop39,0.00,0.00,0.000,0.000,0.00
1777906957,loop4,0.00,0.00,0.000,0.000,0.00
1777906957,loop40,0.00,0.00,0.000,0.000,0.00
1777906957,loop5,0.00,0.00,0.000,0.000,0.00
1777906957,loop6,0.00,0.00,0.000,0.000,0.00
1777906957,loop7,0.00,0.00,0.000,0.000,0.00
1777906957,loop8,0.00,0.00,0.000,0.000,0.00
1777906957,loop9,0.00,0.00,0.000,0.000,0.00
1777906957,nvme0n1,1.00,4.00,0.000,0.000,0.70
1777906958,loop0,0.00,0.00,0.000,0.000,0.00
1777906958,loop1,0.00,0.00,0.000,0.000,0.00
1777906958,loop10,0.00,0.00,0.000,0.000,0.00
1777906958,loop11,0.00,0.00,0.000,0.000,0.00
1777906958,loop12,0.00,0.00,0.000,0.000,0.00
1777906958,loop13,0.00,0.00,0.000,0.000,0.00
1777906958,loop14,0.00,0.00,0.000,0.000,0.00
1777906958,loop15,0.00,0.00,0.000,0.000,0.00
1777906958,loop16,0.00,0.00,0.000,0.000,0.00
1777906958,loop17,0.00,0.00,0.000,0.000,0.00
1777906958,loop18,0.00,0.00,0.000,0.000,0.00
1777906958,loop19,0.00,0.00,0.000,0.000,0.00
1777906958,loop2,0.00,0.00,0.000,0.000,0.00
1777906958,loop20,0.00,0.00,0.000,0.000,0.00
1777906958,loop21,0.00,0.00,0.000,0.000,0.00
1777906958,loop22,0.00,0.00,0.000,0.000,0.00
1777906958,loop23,0.00,0.00,0.000,0.000,0.00
1777906958,loop24,0.00,0.00,0.000,0.000,0.00
1777906958,loop25,0.00,0.00,0.000,0.000,0.00
1777906958,loop26,0.00,0.00,0.000,0.000,0.00
1777906958,loop27,0.00,0.00,0.000,0.000,0.00
1777906958,loop28,0.00,0.00,0.000,0.000,0.00
1777906958,loop29,0.00,0.00,0.000,0.000,0.00
1777906958,loop3,0.00,0.00,0.000,0.000,0.00
1777906958,loop30,0.00,0.00,0.000,0.000,0.00
1777906958,loop31,0.00,0.00,0.000,0.000,0.00
1777906958,loop32,0.00,0.00,0.000,0.000,0.00
1777906958,loop33,0.00,0.00,0.000,0.000,0.00
1777906958,loop34,0.00,0.00,0.000,0.000,0.00
1777906958,loop35,0.00,0.00,0.000,0.000,0.00
1777906958,loop36,0.00,0.00,0.000,0.000,0.00
1777906958,loop37,0.00,0.00,0.000,0.000,0.00
1777906958,loop38,0.00,0.00,0.000,0.000,0.00
1777906958,loop39,0.00,0.00,0.000,0.000,0.00
1777906958,loop4,0.00,0.00,0.000,0.000,0.00
1777906958,loop40,0.00,0.00,0.000,0.000,0.00
1777906958,loop5,0.00,0.00,0.000,0.000,0.00
1777906958,loop6,0.00,0.00,0.000,0.000,0.00
1777906958,loop7,0.00,0.00,0.000,0.000,0.00
1777906958,loop8,0.00,0.00,0.000,0.000,0.00
1777906958,loop9,0.00,0.00,0.000,0.000,0.00
1777906958,nvme0n1,6.00,36.00,0.003,0.033,1.30
1777906959,loop0,0.00,0.00,0.000,0.000,0.00
1777906959,loop1,0.00,0.00,0.000,0.000,0.00
1777906959,loop10,0.00,0.00,0.000,0.000,0.00
1777906959,loop11,0.00,0.00,0.000,0.000,0.00
1777906959,loop12,0.00,0.00,0.000,0.000,0.00
1777906959,loop13,0.00,0.00,0.000,0.000,0.00
1777906959,loop14,0.00,0.00,0.000,0.000,0.00
1777906959,loop15,0.00,0.00,0.000,0.000,0.00
1777906959,loop16,0.00,0.00,0.000,0.000,0.00
1777906959,loop17,0.00,0.00,0.000,0.000,0.00
1777906959,loop18,0.00,0.00,0.000,0.000,0.00
1777906959,loop19,0.00,0.00,0.000,0.000,0.00
1777906959,loop2,0.00,0.00,0.000,0.000,0.00
1777906959,loop20,0.00,0.00,0.000,0.000,0.00
1777906959,loop21,0.00,0.00,0.000,0.000,0.00
1777906959,loop22,0.00,0.00,0.000,0.000,0.00
1777906959,loop23,0.00,0.00,0.000,0.000,0.00
1777906959,loop24,0.00,0.00,0.000,0.000,0.00
1777906959,loop25,0.00,0.00,0.000,0.000,0.00
1777906959,loop26,0.00,0.00,0.000,0.000,0.00
1777906959,loop27,0.00,0.00,0.000,0.000,0.00
1777906959,loop28,0.00,0.00,0.000,0.000,0.00
1777906959,loop29,0.00,0.00,0.000,0.000,0.00
1777906959,loop3,0.00,0.00,0.000,0.000,0.00
1777906959,loop30,0.00,0.00,0.000,0.000,0.00
1777906959,loop31,0.00,0.00,0.000,0.000,0.00
1777906959,loop32,0.00,0.00,0.000,0.000,0.00
1777906959,loop33,0.00,0.00,0.000,0.000,0.00
1777906959,loop34,0.00,0.00,0.000,0.000,0.00
1777906959,loop35,0.00,0.00,0.000,0.000,0.00
1777906959,loop36,0.00,0.00,0.000,0.000,0.00
1777906959,loop37,0.00,0.00,0.000,0.000,0.00
1777906959,loop38,0.00,0.00,0.000,0.000,0.00
1777906959,loop39,0.00,0.00,0.000,0.000,0.00
1777906959,loop4,0.00,0.00,0.000,0.000,0.00
1777906959,loop40,0.00,0.00,0.000,0.000,0.00
1777906959,loop5,0.00,0.00,0.000,0.000,0.00
1777906959,loop6,0.00,0.00,0.000,0.000,0.00
1777906959,loop7,0.00,0.00,0.000,0.000,0.00
1777906959,loop8,0.00,0.00,0.000,0.000,0.00
1777906959,loop9,0.00,0.00,0.000,0.000,0.00
1777906959,nvme0n1,22.00,104.00,0.004,0.015,0.20
1777906960,loop0,0.00,0.00,0.000,0.000,0.00
1777906960,loop1,0.00,0.00,0.000,0.000,0.00
1777906960,loop10,0.00,0.00,0.000,0.000,0.00
1777906960,loop11,0.00,0.00,0.000,0.000,0.00
1777906960,loop12,0.00,0.00,0.000,0.000,0.00
1777906960,loop13,0.00,0.00,0.000,0.000,0.00
1777906960,loop14,0.00,0.00,0.000,0.000,0.00
1777906960,loop15,0.00,0.00,0.000,0.000,0.00
1777906960,loop16,0.00,0.00,0.000,0.000,0.00
1777906960,loop17,0.00,0.00,0.000,0.000,0.00
1777906960,loop18,0.00,0.00,0.000,0.000,0.00
1777906960,loop19,0.00,0.00,0.000,0.000,0.00
1777906960,loop2,0.00,0.00,0.000,0.000,0.00
1777906960,loop20,0.00,0.00,0.000,0.000,0.00
1777906960,loop21,0.00,0.00,0.000,0.000,0.00
1777906960,loop22,0.00,0.00,0.000,0.000,0.00
1777906960,loop23,0.00,0.00,0.000,0.000,0.00
1777906960,loop24,0.00,0.00,0.000,0.000,0.00
1777906960,loop25,0.00,0.00,0.000,0.000,0.00
1777906960,loop26,0.00,0.00,0.000,0.000,0.00
1777906960,loop27,0.00,0.00,0.000,0.000,0.00
1777906960,loop28,0.00,0.00,0.000,0.000,0.00
1777906960,loop29,0.00,0.00,0.000,0.000,0.00
1777906960,loop3,0.00,0.00,0.000,0.000,0.00
1777906960,loop30,0.00,0.00,0.000,0.000,0.00
1777906960,loop31,0.00,0.00,0.000,0.000,0.00
1777906960,loop32,0.00,0.00,0.000,0.000,0.00
1777906960,loop33,0.00,0.00,0.000,0.000,0.00
1777906960,loop34,0.00,0.00,0.000,0.000,0.00
1777906960,loop35,0.00,0.00,0.000,0.000,0.00
1777906960,loop36,0.00,0.00,0.000,0.000,0.00
1777906960,loop37,0.00,0.00,0.000,0.000,0.00
1777906960,loop38,0.00,0.00,0.000,0.000,0.00
1777906960,loop39,0.00,0.00,0.000,0.000,0.00
1777906960,loop4,0.00,0.00,0.000,0.000,0.00
1777906960,loop40,0.00,0.00,0.000,0.000,0.00
1777906960,loop5,0.00,0.00,0.000,0.000,0.00
1777906960,loop6,0.00,0.00,0.000,0.000,0.00
1777906960,loop7,0.00,0.00,0.000,0.000,0.00
1777906960,loop8,0.00,0.00,0.000,0.000,0.00
1777906960,loop9,0.00,0.00,0.000,0.000,0.00
1777906960,nvme0n1,0.00,0.00,0.000,0.000,0.00
1777906961,loop0,0.00,0.00,0.000,0.000,0.00
1777906961,loop1,0.00,0.00,0.000,0.000,0.00
1777906961,loop10,0.00,0.00,0.000,0.000,0.00
1777906961,loop11,0.00,0.00,0.000,0.000,0.00
1777906961,loop12,0.00,0.00,0.000,0.000,0.00
1777906961,loop13,0.00,0.00,0.000,0.000,0.00
1777906961,loop14,0.00,0.00,0.000,0.000,0.00
1777906961,loop15,0.00,0.00,0.000,0.000,0.00
1777906961,loop16,0.00,0.00,0.000,0.000,0.00
1777906961,loop17,0.00,0.00,0.000,0.000,0.00
1777906961,loop18,0.00,0.00,0.000,0.000,0.00
1777906961,loop19,0.00,0.00,0.000,0.000,0.00
1777906961,loop2,0.00,0.00,0.000,0.000,0.00
1777906961,loop20,0.00,0.00,0.000,0.000,0.00
1777906961,loop21,0.00,0.00,0.000,0.000,0.00
1777906961,loop22,0.00,0.00,0.000,0.000,0.00
1777906961,loop23,0.00,0.00,0.000,0.000,0.00
1777906961,loop24,0.00,0.00,0.000,0.000,0.00
1777906961,loop25,0.00,0.00,0.000,0.000,0.00
1777906961,loop26,0.00,0.00,0.000,0.000,0.00
1777906961,loop27,0.00,0.00,0.000,0.000,0.00
1777906961,loop28,0.00,0.00,0.000,0.000,0.00
1777906961,loop29,0.00,0.00,0.000,0.000,0.00
1777906961,loop3,0.00,0.00,0.000,0.000,0.00
1777906961,loop30,0.00,0.00,0.000,0.000,0.00
1777906961,loop31,0.00,0.00,0.000,0.000,0.00
1777906961,loop32,0.00,0.00,0.000,0.000,0.00
1777906961,loop33,0.00,0.00,0.000,0.000,0.00
1777906961,loop34,0.00,0.00,0.000,0.000,0.00
1777906961,loop35,0.00,0.00,0.000,0.000,0.00
1777906961,loop36,0.00,0.00,0.000,0.000,0.00
1777906961,loop37,0.00,0.00,0.000,0.000,0.00
1777906961,loop38,0.00,0.00,0.000,0.000,0.00
1777906961,loop39,0.00,0.00,0.000,0.000,0.00
1777906961,loop4,0.00,0.00,0.000,0.000,0.00
1777906961,loop40,0.00,0.00,0.000,0.000,0.00
1777906961,loop5,0.00,0.00,0.000,0.000,0.00
1777906961,loop6,0.00,0.00,0.000,0.000,0.00
1777906961,loop7,0.00,0.00,0.000,0.000,0.00
1777906961,loop8,0.00,0.00,0.000,0.000,0.00
1777906961,loop9,0.00,0.00,0.000,0.000,0.00
1777906961,nvme0n1,126.00,676.00,0.027,0.018,1.50
1777906962,loop0,0.00,0.00,0.000,0.000,0.00
1777906962,loop1,0.00,0.00,0.000,0.000,0.00
1777906962,loop10,0.00,0.00,0.000,0.000,0.00
1777906962,loop11,0.00,0.00,0.000,0.000,0.00
1777906962,loop12,0.00,0.00,0.000,0.000,0.00
1777906962,loop13,0.00,0.00,0.000,0.000,0.00
1777906962,loop14,0.00,0.00,0.000,0.000,0.00
1777906962,loop15,0.00,0.00,0.000,0.000,0.00
1777906962,loop16,0.00,0.00,0.000,0.000,0.00
1777906962,loop17,0.00,0.00,0.000,0.000,0.00
1777906962,loop18,0.00,0.00,0.000,0.000,0.00
1777906962,loop19,0.00,0.00,0.000,0.000,0.00
1777906962,loop2,0.00,0.00,0.000,0.000,0.00
1777906962,loop20,0.00,0.00,0.000,0.000,0.00
1777906962,loop21,0.00,0.00,0.000,0.000,0.00
1777906962,loop22,0.00,0.00,0.000,0.000,0.00
1777906962,loop23,0.00,0.00,0.000,0.000,0.00
1777906962,loop24,0.00,0.00,0.000,0.000,0.00
1777906962,loop25,0.00,0.00,0.000,0.000,0.00
1777906962,loop26,0.00,0.00,0.000,0.000,0.00
1777906962,loop27,0.00,0.00,0.000,0.000,0.00
1777906962,loop28,0.00,0.00,0.000,0.000,0.00
1777906962,loop29,0.00,0.00,0.000,0.000,0.00
1777906962,loop3,0.00,0.00,0.000,0.000,0.00
1777906962,loop30,0.00,0.00,0.000,0.000,0.00
1777906962,loop31,0.00,0.00,0.000,0.000,0.00
1777906962,loop32,0.00,0.00,0.000,0.000,0.00
1777906962,loop33,0.00,0.00,0.000,0.000,0.00
1777906962,loop34,0.00,0.00,0.000,0.000,0.00
1777906962,loop35,0.00,0.00,0.000,0.000,0.00
1777906962,loop36,0.00,0.00,0.000,0.000,0.00
1777906962,loop37,0.00,0.00,0.000,0.000,0.00
1777906962,loop38,0.00,0.00,0.000,0.000,0.00
1777906962,loop39,0.00,0.00,0.000,0.000,0.00
1777906962,loop4,0.00,0.00,0.000,0.000,0.00
1777906962,loop40,0.00,0.00,0.000,0.000,0.00
1777906962,loop5,0.00,0.00,0.000,0.000,0.00
1777906962,loop6,0.00,0.00,0.000,0.000,0.00
1777906962,loop7,0.00,0.00,0.000,0.000,0.00
1777906962,loop8,0.00,0.00,0.000,0.000,0.00
1777906962,loop9,0.00,0.00,0.000,0.000,0.00
1777906962,nvme0n1,7.00,52.00,0.006,0.045,0.20
1777906963,loop0,0.00,0.00,0.000,0.000,0.00
1777906963,loop1,0.00,0.00,0.000,0.000,0.00
1777906963,loop10,0.00,0.00,0.000,0.000,0.00
1777906963,loop11,0.00,0.00,0.000,0.000,0.00
1777906963,loop12,0.00,0.00,0.000,0.000,0.00
1777906963,loop13,0.00,0.00,0.000,0.000,0.00
1777906963,loop14,0.00,0.00,0.000,0.000,0.00
1777906963,loop15,0.00,0.00,0.000,0.000,0.00
1777906963,loop16,0.00,0.00,0.000,0.000,0.00
1777906963,loop17,0.00,0.00,0.000,0.000,0.00
1777906963,loop18,0.00,0.00,0.000,0.000,0.00
1777906963,loop19,0.00,0.00,0.000,0.000,0.00
1777906963,loop2,0.00,0.00,0.000,0.000,0.00
1777906963,loop20,0.00,0.00,0.000,0.000,0.00
1777906963,loop21,0.00,0.00,0.000,0.000,0.00
1777906963,loop22,0.00,0.00,0.000,0.000,0.00
1777906963,loop23,0.00,0.00,0.000,0.000,0.00
1777906963,loop24,0.00,0.00,0.000,0.000,0.00
1777906963,loop25,0.00,0.00,0.000,0.000,0.00
1777906963,loop26,0.00,0.00,0.000,0.000,0.00
1777906963,loop27,0.00,0.00,0.000,0.000,0.00
1777906963,loop28,0.00,0.00,0.000,0.000,0.00
1777906963,loop29,0.00,0.00,0.000,0.000,0.00
1777906963,loop3,0.00,0.00,0.000,0.000,0.00
1777906963,loop30,0.00,0.00,0.000,0.000,0.00
1777906963,loop31,0.00,0.00,0.000,0.000,0.00
1777906963,loop32,0.00,0.00,0.000,0.000,0.00
1777906963,loop33,0.00,0.00,0.000,0.000,0.00
1777906963,loop34,0.00,0.00,0.000,0.000,0.00
1777906963,loop35,0.00,0.00,0.000,0.000,0.00
1777906963,loop36,0.00,0.00,0.000,0.000,0.00
1777906963,loop37,0.00,0.00,0.000,0.000,0.00
1777906963,loop38,0.00,0.00,0.000,0.000,0.00
1777906963,loop39,0.00,0.00,0.000,0.000,0.00
1777906963,loop4,0.00,0.00,0.000,0.000,0.00
1777906963,loop40,0.00,0.00,0.000,0.000,0.00
1777906963,loop5,0.00,0.00,0.000,0.000,0.00
1777906963,loop6,0.00,0.00,0.000,0.000,0.00
1777906963,loop7,0.00,0.00,0.000,0.000,0.00
1777906963,loop8,0.00,0.00,0.000,0.000,0.00
1777906963,loop9,0.00,0.00,0.000,0.000,0.00
1777906963,nvme0n1,0.00,0.00,0.000,0.000,0.90
1777906964,loop0,0.00,0.00,0.000,0.000,0.00
1777906964,loop1,0.00,0.00,0.000,0.000,0.00
1777906964,loop10,0.00,0.00,0.000,0.000,0.00
1777906964,loop11,0.00,0.00,0.000,0.000,0.00
1777906964,loop12,0.00,0.00,0.000,0.000,0.00
1777906964,loop13,0.00,0.00,0.000,0.000,0.00
1777906964,loop14,0.00,0.00,0.000,0.000,0.00
1777906964,loop15,0.00,0.00,0.000,0.000,0.00
1777906964,loop16,0.00,0.00,0.000,0.000,0.00
1777906964,loop17,0.00,0.00,0.000,0.000,0.00
1777906964,loop18,0.00,0.00,0.000,0.000,0.00
1777906964,loop19,0.00,0.00,0.000,0.000,0.00
1777906964,loop2,0.00,0.00,0.000,0.000,0.00
1777906964,loop20,0.00,0.00,0.000,0.000,0.00
1777906964,loop21,0.00,0.00,0.000,0.000,0.00
1777906964,loop22,0.00,0.00,0.000,0.000,0.00
1777906964,loop23,0.00,0.00,0.000,0.000,0.00
1777906964,loop24,0.00,0.00,0.000,0.000,0.00
1777906964,loop25,0.00,0.00,0.000,0.000,0.00
1777906964,loop26,0.00,0.00,0.000,0.000,0.00
1777906964,loop27,0.00,0.00,0.000,0.000,0.00
1777906964,loop28,0.00,0.00,0.000,0.000,0.00
1777906964,loop29,0.00,0.00,0.000,0.000,0.00
1777906964,loop3,0.00,0.00,0.000,0.000,0.00
1777906964,loop30,0.00,0.00,0.000,0.000,0.00
1777906964,loop31,0.00,0.00,0.000,0.000,0.00
1777906964,loop32,0.00,0.00,0.000,0.000,0.00
1777906964,loop33,0.00,0.00,0.000,0.000,0.00
1777906964,loop34,0.00,0.00,0.000,0.000,0.00
1777906964,loop35,0.00,0.00,0.000,0.000,0.00
1777906964,loop36,0.00,0.00,0.000,0.000,0.00
1777906964,loop37,0.00,0.00,0.000,0.000,0.00
1777906964,loop38,0.00,0.00,0.000,0.000,0.00
1777906964,loop39,0.00,0.00,0.000,0.000,0.00
1777906964,loop4,0.00,0.00,0.000,0.000,0.00
1777906964,loop40,0.00,0.00,0.000,0.000,0.00
1777906964,loop5,0.00,0.00,0.000,0.000,0.00
1777906964,loop6,0.00,0.00,0.000,0.000,0.00
1777906964,loop7,0.00,0.00,0.000,0.000,0.00
1777906964,loop8,0.00,0.00,0.000,0.000,0.00
1777906964,loop9,0.00,0.00,0.000,0.000,0.00
1777906964,nvme0n1,55.00,252.00,0.008,0.012,1.50
1777906965,loop0,0.00,0.00,0.000,0.000,0.00
1777906965,loop1,0.00,0.00,0.000,0.000,0.00
1777906965,loop10,0.00,0.00,0.000,0.000,0.00
1777906965,loop11,0.00,0.00,0.000,0.000,0.00
1777906965,loop12,0.00,0.00,0.000,0.000,0.00
1777906965,loop13,0.00,0.00,0.000,0.000,0.00
1777906965,loop14,0.00,0.00,0.000,0.000,0.00
1777906965,loop15,0.00,0.00,0.000,0.000,0.00
1777906965,loop16,0.00,0.00,0.000,0.000,0.00
1777906965,loop17,0.00,0.00,0.000,0.000,0.00
1777906965,loop18,0.00,0.00,0.000,0.000,0.00
1777906965,loop19,0.00,0.00,0.000,0.000,0.00
1777906965,loop2,0.00,0.00,0.000,0.000,0.00
1777906965,loop20,0.00,0.00,0.000,0.000,0.00
1777906965,loop21,0.00,0.00,0.000,0.000,0.00
1777906965,loop22,0.00,0.00,0.000,0.000,0.00
1777906965,loop23,0.00,0.00,0.000,0.000,0.00
1777906965,loop24,0.00,0.00,0.000,0.000,0.00
1777906965,loop25,0.00,0.00,0.000,0.000,0.00
1777906965,loop26,0.00,0.00,0.000,0.000,0.00
1777906965,loop27,0.00,0.00,0.000,0.000,0.00
1777906965,loop28,0.00,0.00,0.000,0.000,0.00
1777906965,loop29,0.00,0.00,0.000,0.000,0.00
1777906965,loop3,0.00,0.00,0.000,0.000,0.00
1777906965,loop30,0.00,0.00,0.000,0.000,0.00
1777906965,loop31,0.00,0.00,0.000,0.000,0.00
1777906965,loop32,0.00,0.00,0.000,0.000,0.00
1777906965,loop33,0.00,0.00,0.000,0.000,0.00
1777906965,loop34,0.00,0.00,0.000,0.000,0.00
1777906965,loop35,0.00,0.00,0.000,0.000,0.00
1777906965,loop36,0.00,0.00,0.000,0.000,0.00
1777906965,loop37,0.00,0.00,0.000,0.000,0.00
1777906965,loop38,0.00,0.00,0.000,0.000,0.00
1777906965,loop39,0.00,0.00,0.000,0.000,0.00
1777906965,loop4,0.00,0.00,0.000,0.000,0.00
1777906965,loop40,0.00,0.00,0.000,0.000,0.00
1777906965,loop5,0.00,0.00,0.000,0.000,0.00
1777906965,loop6,0.00,0.00,0.000,0.000,0.00
1777906965,loop7,0.00,0.00,0.000,0.000,0.00
1777906965,loop8,0.00,0.00,0.000,0.000,0.00
1777906965,loop9,0.00,0.00,0.000,0.000,0.00
1777906965,nvme0n1,0.00,0.00,0.000,0.000,1.00
1777906966,loop0,0.00,0.00,0.000,0.000,0.00
1777906966,loop1,0.00,0.00,0.000,0.000,0.00
1777906966,loop10,0.00,0.00,0.000,0.000,0.00
1777906966,loop11,0.00,0.00,0.000,0.000,0.00
1777906966,loop12,0.00,0.00,0.000,0.000,0.00
1777906966,loop13,0.00,0.00,0.000,0.000,0.00
1777906966,loop14,0.00,0.00,0.000,0.000,0.00
1777906966,loop15,0.00,0.00,0.000,0.000,0.00
1777906966,loop16,0.00,0.00,0.000,0.000,0.00
1777906966,loop17,0.00,0.00,0.000,0.000,0.00
1777906966,loop18,0.00,0.00,0.000,0.000,0.00
1777906966,loop19,0.00,0.00,0.000,0.000,0.00
1777906966,loop2,0.00,0.00,0.000,0.000,0.00
1777906966,loop20,0.00,0.00,0.000,0.000,0.00
1777906966,loop21,0.00,0.00,0.000,0.000,0.00
1777906966,loop22,0.00,0.00,0.000,0.000,0.00
1777906966,loop23,0.00,0.00,0.000,0.000,0.00
1777906966,loop24,0.00,0.00,0.000,0.000,0.00
1777906966,loop25,0.00,0.00,0.000,0.000,0.00
1777906966,loop26,0.00,0.00,0.000,0.000,0.00
1777906966,loop27,0.00,0.00,0.000,0.000,0.00
1777906966,loop28,0.00,0.00,0.000,0.000,0.00
1777906966,loop29,0.00,0.00,0.000,0.000,0.00
1777906966,loop3,0.00,0.00,0.000,0.000,0.00
1777906966,loop30,0.00,0.00,0.000,0.000,0.00
1777906966,loop31,0.00,0.00,0.000,0.000,0.00
1777906966,loop32,0.00,0.00,0.000,0.000,0.00
1777906966,loop33,0.00,0.00,0.000,0.000,0.00
1777906966,loop34,0.00,0.00,0.000,0.000,0.00
1777906966,loop35,0.00,0.00,0.000,0.000,0.00
1777906966,loop36,0.00,0.00,0.000,0.000,0.00
1777906966,loop37,0.00,0.00,0.000,0.000,0.00
1777906966,loop38,0.00,0.00,0.000,0.000,0.00
1777906966,loop39,0.00,0.00,0.000,0.000,0.00
1777906966,loop4,0.00,0.00,0.000,0.000,0.00
1777906966,loop40,0.00,0.00,0.000,0.000,0.00
1777906966,loop5,0.00,0.00,0.000,0.000,0.00
1777906966,loop6,0.00,0.00,0.000,0.000,0.00
1777906966,loop7,0.00,0.00,0.000,0.000,0.00
1777906966,loop8,0.00,0.00,0.000,0.000,0.00
1777906966,loop9,0.00,0.00,0.000,0.000,0.00
1777906966,nvme0n1,0.00,0.00,0.000,0.000,0.00
1777906967,loop0,0.00,0.00,0.000,0.000,0.00
1777906967,loop1,0.00,0.00,0.000,0.000,0.00
1777906967,loop10,0.00,0.00,0.000,0.000,0.00
1777906967,loop11,0.00,0.00,0.000,0.000,0.00
1777906967,loop12,0.00,0.00,0.000,0.000,0.00
1777906967,loop13,0.00,0.00,0.000,0.000,0.00
1777906967,loop14,0.00,0.00,0.000,0.000,0.00
1777906967,loop15,0.00,0.00,0.000,0.000,0.00
1777906967,loop16,0.00,0.00,0.000,0.000,0.00
1777906967,loop17,0.00,0.00,0.000,0.000,0.00
1777906967,loop18,0.00,0.00,0.000,0.000,0.00
1777906967,loop19,0.00,0.00,0.000,0.000,0.00
1777906967,loop2,0.00,0.00,0.000,0.000,0.00
1777906967,loop20,0.00,0.00,0.000,0.000,0.00
1777906967,loop21,0.00,0.00,0.000,0.000,0.00
1777906967,loop22,0.00,0.00,0.000,0.000,0.00
1777906967,loop23,0.00,0.00,0.000,0.000,0.00
1777906967,loop24,0.00,0.00,0.000,0.000,0.00
1777906967,loop25,0.00,0.00,0.000,0.000,0.00
1777906967,loop26,0.00,0.00,0.000,0.000,0.00
1777906967,loop27,0.00,0.00,0.000,0.000,0.00
1777906967,loop28,0.00,0.00,0.000,0.000,0.00
1777906967,loop29,0.00,0.00,0.000,0.000,0.00
1777906967,loop3,0.00,0.00,0.000,0.000,0.00
1777906967,loop30,0.00,0.00,0.000,0.000,0.00
1777906967,loop31,0.00,0.00,0.000,0.000,0.00
1777906967,loop32,0.00,0.00,0.000,0.000,0.00
1777906967,loop33,0.00,0.00,0.000,0.000,0.00
1777906967,loop34,0.00,0.00,0.000,0.000,0.00
1777906967,loop35,0.00,0.00,0.000,0.000,0.00
1777906967,loop36,0.00,0.00,0.000,0.000,0.00
1777906967,loop37,0.00,0.00,0.000,0.000,0.00
1777906967,loop38,0.00,0.00,0.000,0.000,0.00
1777906967,loop39,0.00,0.00,0.000,0.000,0.00
1777906967,loop4,0.00,0.00,0.000,0.000,0.00
1777906967,loop40,0.00,0.00,0.000,0.000,0.00
1777906967,loop5,0.00,0.00,0.000,0.000,0.00
1777906967,loop6,0.00,0.00,0.000,0.000,0.00
1777906967,loop7,0.00,0.00,0.000,0.000,0.00
1777906967,loop8,0.00,0.00,0.000,0.000,0.00
1777906967,loop9,0.00,0.00,0.000,0.000,0.00
1777906967,nvme0n1,0.00,0.00,0.000,0.000,8.50
1777906968,loop0,0.00,0.00,0.000,0.000,0.00
1777906968,loop1,0.00,0.00,0.000,0.000,0.00
1777906968,loop10,0.00,0.00,0.000,0.000,0.00
1777906968,loop11,0.00,0.00,0.000,0.000,0.00
1777906968,loop12,0.00,0.00,0.000,0.000,0.00
1777906968,loop13,0.00,0.00,0.000,0.000,0.00
1777906968,loop14,0.00,0.00,0.000,0.000,0.00
1777906968,loop15,0.00,0.00,0.000,0.000,0.00
1777906968,loop16,0.00,0.00,0.000,0.000,0.00
1777906968,loop17,0.00,0.00,0.000,0.000,0.00
1777906968,loop18,0.00,0.00,0.000,0.000,0.00
1777906968,loop19,0.00,0.00,0.000,0.000,0.00
1777906968,loop2,0.00,0.00,0.000,0.000,0.00
1777906968,loop20,0.00,0.00,0.000,0.000,0.00
1777906968,loop21,0.00,0.00,0.000,0.000,0.00
1777906968,loop22,0.00,0.00,0.000,0.000,0.00
1777906968,loop23,0.00,0.00,0.000,0.000,0.00
1777906968,loop24,0.00,0.00,0.000,0.000,0.00
1777906968,loop25,0.00,0.00,0.000,0.000,0.00
1777906968,loop26,0.00,0.00,0.000,0.000,0.00
1777906968,loop27,0.00,0.00,0.000,0.000,0.00
1777906968,loop28,0.00,0.00,0.000,0.000,0.00
1777906968,loop29,0.00,0.00,0.000,0.000,0.00
1777906968,loop3,0.00,0.00,0.000,0.000,0.00
1777906968,loop30,0.00,0.00,0.000,0.000,0.00
1777906968,loop31,0.00,0.00,0.000,0.000,0.00
1777906968,loop32,0.00,0.00,0.000,0.000,0.00
1777906968,loop33,0.00,0.00,0.000,0.000,0.00
1777906968,loop34,0.00,0.00,0.000,0.000,0.00
1777906968,loop35,0.00,0.00,0.000,0.000,0.00
1777906968,loop36,0.00,0.00,0.000,0.000,0.00
1777906968,loop37,0.00,0.00,0.000,0.000,0.00
1777906968,loop38,0.00,0.00,0.000,0.000,0.00
1777906968,loop39,0.00,0.00,0.000,0.000,0.00
1777906968,loop4,0.00,0.00,0.000,0.000,0.00
1777906968,loop40,0.00,0.00,0.000,0.000,0.00
1777906968,loop5,0.00,0.00,0.000,0.000,0.00
1777906968,loop6,0.00,0.00,0.000,0.000,0.00
1777906968,loop7,0.00,0.00,0.000,0.000,0.00
1777906968,loop8,0.00,0.00,0.000,0.000,0.00
1777906968,loop9,0.00,0.00,0.000,0.000,0.00
1777906968,nvme0n1,0.00,0.00,0.000,0.000,0.60
1777906969,loop0,0.00,0.00,0.000,0.000,0.00
1777906969,loop1,0.00,0.00,0.000,0.000,0.00
1777906969,loop10,0.00,0.00,0.000,0.000,0.00
1777906969,loop11,0.00,0.00,0.000,0.000,0.00
1777906969,loop12,0.00,0.00,0.000,0.000,0.00
1777906969,loop13,0.00,0.00,0.000,0.000,0.00
1777906969,loop14,0.00,0.00,0.000,0.000,0.00
1777906969,loop15,0.00,0.00,0.000,0.000,0.00
1777906969,loop16,0.00,0.00,0.000,0.000,0.00
1777906969,loop17,0.00,0.00,0.000,0.000,0.00
1777906969,loop18,0.00,0.00,0.000,0.000,0.00
1777906969,loop19,0.00,0.00,0.000,0.000,0.00
1777906969,loop2,0.00,0.00,0.000,0.000,0.00
1777906969,loop20,0.00,0.00,0.000,0.000,0.00
1777906969,loop21,0.00,0.00,0.000,0.000,0.00
1777906969,loop22,0.00,0.00,0.000,0.000,0.00
1777906969,loop23,0.00,0.00,0.000,0.000,0.00
1777906969,loop24,0.00,0.00,0.000,0.000,0.00
1777906969,loop25,0.00,0.00,0.000,0.000,0.00
1777906969,loop26,0.00,0.00,0.000,0.000,0.00
1777906969,loop27,0.00,0.00,0.000,0.000,0.00
1777906969,loop28,0.00,0.00,0.000,0.000,0.00
1777906969,loop29,0.00,0.00,0.000,0.000,0.00
1777906969,loop3,0.00,0.00,0.000,0.000,0.00
1777906969,loop30,0.00,0.00,0.000,0.000,0.00
1777906969,loop31,0.00,0.00,0.000,0.000,0.00
1777906969,loop32,0.00,0.00,0.000,0.000,0.00
1777906969,loop33,0.00,0.00,0.000,0.000,0.00
1777906969,loop34,0.00,0.00,0.000,0.000,0.00
1777906969,loop35,0.00,0.00,0.000,0.000,0.00
1777906969,loop36,0.00,0.00,0.000,0.000,0.00
1777906969,loop37,0.00,0.00,0.000,0.000,0.00
1777906969,loop38,0.00,0.00,0.000,0.000,0.00
1777906969,loop39,0.00,0.00,0.000,0.000,0.00
1777906969,loop4,0.00,0.00,0.000,0.000,0.00
1777906969,loop40,0.00,0.00,0.000,0.000,0.00
1777906969,loop5,0.00,0.00,0.000,0.000,0.00
1777906969,loop6,0.00,0.00,0.000,0.000,0.00
1777906969,loop7,0.00,0.00,0.000,0.000,0.00
1777906969,loop8,0.00,0.00,0.000,0.000,0.00
1777906969,loop9,0.00,0.00,0.000,0.000,0.00
1777906969,nvme0n1,1.00,4.00,0.000,0.000,0.10
1777906970,loop0,0.00,0.00,0.000,0.000,0.00
1777906970,loop1,0.00,0.00,0.000,0.000,0.00
1777906970,loop10,0.00,0.00,0.000,0.000,0.00
1777906970,loop11,0.00,0.00,0.000,0.000,0.00
1777906970,loop12,0.00,0.00,0.000,0.000,0.00
1777906970,loop13,0.00,0.00,0.000,0.000,0.00
1777906970,loop14,0.00,0.00,0.000,0.000,0.00
1777906970,loop15,0.00,0.00,0.000,0.000,0.00
1777906970,loop16,0.00,0.00,0.000,0.000,0.00
1777906970,loop17,0.00,0.00,0.000,0.000,0.00
1777906970,loop18,0.00,0.00,0.000,0.000,0.00
1777906970,loop19,0.00,0.00,0.000,0.000,0.00
1777906970,loop2,0.00,0.00,0.000,0.000,0.00
1777906970,loop20,0.00,0.00,0.000,0.000,0.00
1777906970,loop21,0.00,0.00,0.000,0.000,0.00
1777906970,loop22,0.00,0.00,0.000,0.000,0.00
1777906970,loop23,0.00,0.00,0.000,0.000,0.00
1777906970,loop24,0.00,0.00,0.000,0.000,0.00
1777906970,loop25,0.00,0.00,0.000,0.000,0.00
1777906970,loop26,0.00,0.00,0.000,0.000,0.00
1777906970,loop27,0.00,0.00,0.000,0.000,0.00
1777906970,loop28,0.00,0.00,0.000,0.000,0.00
1777906970,loop29,0.00,0.00,0.000,0.000,0.00
1777906970,loop3,0.00,0.00,0.000,0.000,0.00
1777906970,loop30,0.00,0.00,0.000,0.000,0.00
1777906970,loop31,0.00,0.00,0.000,0.000,0.00
1777906970,loop32,0.00,0.00,0.000,0.000,0.00
1777906970,loop33,0.00,0.00,0.000,0.000,0.00
1777906970,loop34,0.00,0.00,0.000,0.000,0.00
1777906970,loop35,0.00,0.00,0.000,0.000,0.00
1777906970,loop36,0.00,0.00,0.000,0.000,0.00
1777906970,loop37,0.00,0.00,0.000,0.000,0.00
1777906970,loop38,0.00,0.00,0.000,0.000,0.00
1777906970,loop39,0.00,0.00,0.000,0.000,0.00
1777906970,loop4,0.00,0.00,0.000,0.000,0.00
1777906970,loop40,0.00,0.00,0.000,0.000,0.00
1777906970,loop5,0.00,0.00,0.000,0.000,0.00
1777906970,loop6,0.00,0.00,0.000,0.000,0.00
1777906970,loop7,0.00,0.00,0.000,0.000,0.00
1777906970,loop8,0.00,0.00,0.000,0.000,0.00
1777906970,loop9,0.00,0.00,0.000,0.000,0.00
1777906970,nvme0n1,0.00,0.00,0.000,0.000,0.00
1777906971,loop0,0.00,0.00,0.000,0.000,0.00
1777906971,loop1,0.00,0.00,0.000,0.000,0.00
1777906971,loop10,0.00,0.00,0.000,0.000,0.00
1777906971,loop11,0.00,0.00,0.000,0.000,0.00
1777906971,loop12,0.00,0.00,0.000,0.000,0.00
1777906971,loop13,0.00,0.00,0.000,0.000,0.00
1777906971,loop14,0.00,0.00,0.000,0.000,0.00
1777906971,loop15,0.00,0.00,0.000,0.000,0.00
1777906971,loop16,0.00,0.00,0.000,0.000,0.00
1777906971,loop17,0.00,0.00,0.000,0.000,0.00
1777906971,loop18,0.00,0.00,0.000,0.000,0.00
1777906971,loop19,0.00,0.00,0.000,0.000,0.00
1777906971,loop2,0.00,0.00,0.000,0.000,0.00
1777906971,loop20,0.00,0.00,0.000,0.000,0.00
1777906971,loop21,0.00,0.00,0.000,0.000,0.00
1777906971,loop22,0.00,0.00,0.000,0.000,0.00
1777906971,loop23,0.00,0.00,0.000,0.000,0.00
1777906971,loop24,0.00,0.00,0.000,0.000,0.00
1777906971,loop25,0.00,0.00,0.000,0.000,0.00
1777906971,loop26,0.00,0.00,0.000,0.000,0.00
1777906971,loop27,0.00,0.00,0.000,0.000,0.00
1777906971,loop28,0.00,0.00,0.000,0.000,0.00
1777906971,loop29,0.00,0.00,0.000,0.000,0.00
1777906971,loop3,0.00,0.00,0.000,0.000,0.00
1777906971,loop30,0.00,0.00,0.000,0.000,0.00
1777906971,loop31,0.00,0.00,0.000,0.000,0.00
1777906971,loop32,0.00,0.00,0.000,0.000,0.00
1777906971,loop33,0.00,0.00,0.000,0.000,0.00
1777906971,loop34,0.00,0.00,0.000,0.000,0.00
1777906971,loop35,0.00,0.00,0.000,0.000,0.00
1777906971,loop36,0.00,0.00,0.000,0.000,0.00
1777906971,loop37,0.00,0.00,0.000,0.000,0.00
1777906971,loop38,0.00,0.00,0.000,0.000,0.00
1777906971,loop39,0.00,0.00,0.000,0.000,0.00
1777906971,loop4,0.00,0.00,0.000,0.000,0.00
1777906971,loop40,0.00,0.00,0.000,0.000,0.00
1777906971,loop5,0.00,0.00,0.000,0.000,0.00
1777906971,loop6,0.00,0.00,0.000,0.000,0.00
1777906971,loop7,0.00,0.00,0.000,0.000,0.00
1777906971,loop8,0.00,0.00,0.000,0.000,0.00
1777906971,loop9,0.00,0.00,0.000,0.000,0.00
1777906971,nvme0n1,9.00,36.00,0.000,0.000,0.20
1777906972,loop0,0.00,0.00,0.000,0.000,0.00
1777906972,loop1,0.00,0.00,0.000,0.000,0.00
1777906972,loop10,0.00,0.00,0.000,0.000,0.00
1777906972,loop11,0.00,0.00,0.000,0.000,0.00
1777906972,loop12,0.00,0.00,0.000,0.000,0.00
1777906972,loop13,0.00,0.00,0.000,0.000,0.00
1777906972,loop14,0.00,0.00,0.000,0.000,0.00
1777906972,loop15,0.00,0.00,0.000,0.000,0.00
1777906972,loop16,0.00,0.00,0.000,0.000,0.00
1777906972,loop17,0.00,0.00,0.000,0.000,0.00
1777906972,loop18,0.00,0.00,0.000,0.000,0.00
1777906972,loop19,0.00,0.00,0.000,0.000,0.00
1777906972,loop2,0.00,0.00,0.000,0.000,0.00
1777906972,loop20,0.00,0.00,0.000,0.000,0.00
1777906972,loop21,0.00,0.00,0.000,0.000,0.00
1777906972,loop22,0.00,0.00,0.000,0.000,0.00
1777906972,loop23,0.00,0.00,0.000,0.000,0.00
1777906972,loop24,0.00,0.00,0.000,0.000,0.00
1777906972,loop25,0.00,0.00,0.000,0.000,0.00
1777906972,loop26,0.00,0.00,0.000,0.000,0.00
1777906972,loop27,0.00,0.00,0.000,0.000,0.00
1777906972,loop28,0.00,0.00,0.000,0.000,0.00
1777906972,loop29,0.00,0.00,0.000,0.000,0.00
1777906972,loop3,0.00,0.00,0.000,0.000,0.00
1777906972,loop30,0.00,0.00,0.000,0.000,0.00
1777906972,loop31,0.00,0.00,0.000,0.000,0.00
1777906972,loop32,0.00,0.00,0.000,0.000,0.00
1777906972,loop33,0.00,0.00,0.000,0.000,0.00
1777906972,loop34,0.00,0.00,0.000,0.000,0.00
1777906972,loop35,0.00,0.00,0.000,0.000,0.00
1777906972,loop36,0.00,0.00,0.000,0.000,0.00
1777906972,loop37,0.00,0.00,0.000,0.000,0.00
1777906972,loop38,0.00,0.00,0.000,0.000,0.00
1777906972,loop39,0.00,0.00,0.000,0.000,0.00
1777906972,loop4,0.00,0.00,0.000,0.000,0.00
1777906972,loop40,0.00,0.00,0.000,0.000,0.00
1777906972,loop5,0.00,0.00,0.000,0.000,0.00
1777906972,loop6,0.00,0.00,0.000,0.000,0.00
1777906972,loop7,0.00,0.00,0.000,0.000,0.00
1777906972,loop8,0.00,0.00,0.000,0.000,0.00
1777906972,loop9,0.00,0.00,0.000,0.000,0.00
1777906972,nvme0n1,0.00,0.00,0.000,0.000,0.00
1777906973,loop0,0.00,0.00,0.000,0.000,0.00
1777906973,loop1,0.00,0.00,0.000,0.000,0.00
1777906973,loop10,0.00,0.00,0.000,0.000,0.00
1777906973,loop11,0.00,0.00,0.000,0.000,0.00
1777906973,loop12,0.00,0.00,0.000,0.000,0.00
1777906973,loop13,0.00,0.00,0.000,0.000,0.00
1777906973,loop14,0.00,0.00,0.000,0.000,0.00
1777906973,loop15,0.00,0.00,0.000,0.000,0.00
1777906973,loop16,0.00,0.00,0.000,0.000,0.00
1777906973,loop17,0.00,0.00,0.000,0.000,0.00
1777906973,loop18,0.00,0.00,0.000,0.000,0.00
1777906973,loop19,0.00,0.00,0.000,0.000,0.00
1777906973,loop2,0.00,0.00,0.000,0.000,0.00
1777906973,loop20,0.00,0.00,0.000,0.000,0.00
1777906973,loop21,0.00,0.00,0.000,0.000,0.00
1777906973,loop22,0.00,0.00,0.000,0.000,0.00
1777906973,loop23,0.00,0.00,0.000,0.000,0.00
1777906973,loop24,0.00,0.00,0.000,0.000,0.00
1777906973,loop25,0.00,0.00,0.000,0.000,0.00
1777906973,loop26,0.00,0.00,0.000,0.000,0.00
1777906973,loop27,0.00,0.00,0.000,0.000,0.00
1777906973,loop28,0.00,0.00,0.000,0.000,0.00
1777906973,loop29,0.00,0.00,0.000,0.000,0.00
1777906973,loop3,0.00,0.00,0.000,0.000,0.00
1777906973,loop30,0.00,0.00,0.000,0.000,0.00
1777906973,loop31,0.00,0.00,0.000,0.000,0.00
1777906973,loop32,0.00,0.00,0.000,0.000,0.00
1777906973,loop33,0.00,0.00,0.000,0.000,0.00
1777906973,loop34,0.00,0.00,0.000,0.000,0.00
1777906973,loop35,0.00,0.00,0.000,0.000,0.00
1777906973,loop36,0.00,0.00,0.000,0.000,0.00
1777906973,loop37,0.00,0.00,0.000,0.000,0.00
1777906973,loop38,0.00,0.00,0.000,0.000,0.00
1777906973,loop39,0.00,0.00,0.000,0.000,0.00
1777906973,loop4,0.00,0.00,0.000,0.000,0.00
1777906973,loop40,0.00,0.00,0.000,0.000,0.00
1777906973,loop5,0.00,0.00,0.000,0.000,0.00
1777906973,loop6,0.00,0.00,0.000,0.000,0.00
1777906973,loop7,0.00,0.00,0.000,0.000,0.00
1777906973,loop8,0.00,0.00,0.000,0.000,0.00
1777906973,loop9,0.00,0.00,0.000,0.000,0.00
1777906973,nvme0n1,0.00,0.00,0.000,0.000,0.00
1777906974,loop0,0.00,0.00,0.000,0.000,0.00
1777906974,loop1,0.00,0.00,0.000,0.000,0.00
1777906974,loop10,0.00,0.00,0.000,0.000,0.00
1777906974,loop11,0.00,0.00,0.000,0.000,0.00
1777906974,loop12,0.00,0.00,0.000,0.000,0.00
1777906974,loop13,0.00,0.00,0.000,0.000,0.00
1777906974,loop14,0.00,0.00,0.000,0.000,0.00
1777906974,loop15,0.00,0.00,0.000,0.000,0.00
1777906974,loop16,0.00,0.00,0.000,0.000,0.00
1777906974,loop17,0.00,0.00,0.000,0.000,0.00
1777906974,loop18,0.00,0.00,0.000,0.000,0.00
1777906974,loop19,0.00,0.00,0.000,0.000,0.00
1777906974,loop2,0.00,0.00,0.000,0.000,0.00
1777906974,loop20,0.00,0.00,0.000,0.000,0.00
1777906974,loop21,0.00,0.00,0.000,0.000,0.00
1777906974,loop22,0.00,0.00,0.000,0.000,0.00
1777906974,loop23,0.00,0.00,0.000,0.000,0.00
1777906974,loop24,0.00,0.00,0.000,0.000,0.00
1777906974,loop25,0.00,0.00,0.000,0.000,0.00
1777906974,loop26,0.00,0.00,0.000,0.000,0.00
1777906974,loop27,0.00,0.00,0.000,0.000,0.00
1777906974,loop28,0.00,0.00,0.000,0.000,0.00
1777906974,loop29,0.00,0.00,0.000,0.000,0.00
1777906974,loop3,0.00,0.00,0.000,0.000,0.00
1777906974,loop30,0.00,0.00,0.000,0.000,0.00
1777906974,loop31,0.00,0.00,0.000,0.000,0.00
1777906974,loop32,0.00,0.00,0.000,0.000,0.00
1777906974,loop33,0.00,0.00,0.000,0.000,0.00
1777906974,loop34,0.00,0.00,0.000,0.000,0.00
1777906974,loop35,0.00,0.00,0.000,0.000,0.00
1777906974,loop36,0.00,0.00,0.000,0.000,0.00
1777906974,loop37,0.00,0.00,0.000,0.000,0.00
1777906974,loop38,0.00,0.00,0.000,0.000,0.00
1777906974,loop39,0.00,0.00,0.000,0.000,0.00
1777906974,loop4,0.00,0.00,0.000,0.000,0.00
1777906974,loop40,0.00,0.00,0.000,0.000,0.00
1777906974,loop5,0.00,0.00,0.000,0.000,0.00
1777906974,loop6,0.00,0.00,0.000,0.000,0.00
1777906974,loop7,0.00,0.00,0.000,0.000,0.00
1777906974,loop8,0.00,0.00,0.000,0.000,0.00
1777906974,loop9,0.00,0.00,0.000,0.000,0.00
1777906974,nvme0n1,8.00,32.00,0.000,0.000,6.10
1777906975,loop0,0.00,0.00,0.000,0.000,0.00
1777906975,loop1,0.00,0.00,0.000,0.000,0.00
1777906975,loop10,0.00,0.00,0.000,0.000,0.00
1777906975,loop11,0.00,0.00,0.000,0.000,0.00
1777906975,loop12,0.00,0.00,0.000,0.000,0.00
1777906975,loop13,0.00,0.00,0.000,0.000,0.00
1777906975,loop14,0.00,0.00,0.000,0.000,0.00
1777906975,loop15,0.00,0.00,0.000,0.000,0.00
1777906975,loop16,0.00,0.00,0.000,0.000,0.00
1777906975,loop17,0.00,0.00,0.000,0.000,0.00
1777906975,loop18,0.00,0.00,0.000,0.000,0.00
1777906975,loop19,0.00,0.00,0.000,0.000,0.00
1777906975,loop2,0.00,0.00,0.000,0.000,0.00
1777906975,loop20,0.00,0.00,0.000,0.000,0.00
1777906975,loop21,0.00,0.00,0.000,0.000,0.00
1777906975,loop22,0.00,0.00,0.000,0.000,0.00
1777906975,loop23,0.00,0.00,0.000,0.000,0.00
1777906975,loop24,0.00,0.00,0.000,0.000,0.00
1777906975,loop25,0.00,0.00,0.000,0.000,0.00
1777906975,loop26,0.00,0.00,0.000,0.000,0.00
1777906975,loop27,0.00,0.00,0.000,0.000,0.00
1777906975,loop28,0.00,0.00,0.000,0.000,0.00
1777906975,loop29,0.00,0.00,0.000,0.000,0.00
1777906975,loop3,0.00,0.00,0.000,0.000,0.00
1777906975,loop30,0.00,0.00,0.000,0.000,0.00
1777906975,loop31,0.00,0.00,0.000,0.000,0.00
1777906975,loop32,0.00,0.00,0.000,0.000,0.00
1777906975,loop33,0.00,0.00,0.000,0.000,0.00
1777906975,loop34,0.00,0.00,0.000,0.000,0.00
1777906975,loop35,0.00,0.00,0.000,0.000,0.00
1777906975,loop36,0.00,0.00,0.000,0.000,0.00
1777906975,loop37,0.00,0.00,0.000,0.000,0.00
1777906975,loop38,0.00,0.00,0.000,0.000,0.00
1777906975,loop39,0.00,0.00,0.000,0.000,0.00
1777906975,loop4,0.00,0.00,0.000,0.000,0.00
1777906975,loop40,0.00,0.00,0.000,0.000,0.00
1777906975,loop5,0.00,0.00,0.000,0.000,0.00
1777906975,loop6,0.00,0.00,0.000,0.000,0.00
1777906975,loop7,0.00,0.00,0.000,0.000,0.00
1777906975,loop8,0.00,0.00,0.000,0.000,0.00
1777906975,loop9,0.00,0.00,0.000,0.000,0.00
1777906975,nvme0n1,3.00,20.00,0.000,0.000,0.10
1777906976,loop0,0.00,0.00,0.000,0.000,0.00
1777906976,loop1,0.00,0.00,0.000,0.000,0.00
1777906976,loop10,0.00,0.00,0.000,0.000,0.00
1777906976,loop11,0.00,0.00,0.000,0.000,0.00
1777906976,loop12,0.00,0.00,0.000,0.000,0.00
1777906976,loop13,0.00,0.00,0.000,0.000,0.00
1777906976,loop14,0.00,0.00,0.000,0.000,0.00
1777906976,loop15,0.00,0.00,0.000,0.000,0.00
1777906976,loop16,0.00,0.00,0.000,0.000,0.00
1777906976,loop17,0.00,0.00,0.000,0.000,0.00
1777906976,loop18,0.00,0.00,0.000,0.000,0.00
1777906976,loop19,0.00,0.00,0.000,0.000,0.00
1777906976,loop2,0.00,0.00,0.000,0.000,0.00
1777906976,loop20,0.00,0.00,0.000,0.000,0.00
1777906976,loop21,0.00,0.00,0.000,0.000,0.00
1777906976,loop22,0.00,0.00,0.000,0.000,0.00
1777906976,loop23,0.00,0.00,0.000,0.000,0.00
1777906976,loop24,0.00,0.00,0.000,0.000,0.00
1777906976,loop25,0.00,0.00,0.000,0.000,0.00
1777906976,loop26,0.00,0.00,0.000,0.000,0.00
1777906976,loop27,0.00,0.00,0.000,0.000,0.00
1777906976,loop28,0.00,0.00,0.000,0.000,0.00
1777906976,loop29,0.00,0.00,0.000,0.000,0.00
1777906976,loop3,0.00,0.00,0.000,0.000,0.00
1777906976,loop30,0.00,0.00,0.000,0.000,0.00
1777906976,loop31,0.00,0.00,0.000,0.000,0.00
1777906976,loop32,0.00,0.00,0.000,0.000,0.00
1777906976,loop33,0.00,0.00,0.000,0.000,0.00
1777906976,loop34,0.00,0.00,0.000,0.000,0.00
1777906976,loop35,0.00,0.00,0.000,0.000,0.00
1777906976,loop36,0.00,0.00,0.000,0.000,0.00
1777906976,loop37,0.00,0.00,0.000,0.000,0.00
1777906976,loop38,0.00,0.00,0.000,0.000,0.00
1777906976,loop39,0.00,0.00,0.000,0.000,0.00
1777906976,loop4,0.00,0.00,0.000,0.000,0.00
1777906976,loop40,0.00,0.00,0.000,0.000,0.00
1777906976,loop5,0.00,0.00,0.000,0.000,0.00
1777906976,loop6,0.00,0.00,0.000,0.000,0.00
1777906976,loop7,0.00,0.00,0.000,0.000,0.00
1777906976,loop8,0.00,0.00,0.000,0.000,0.00
1777906976,loop9,0.00,0.00,0.000,0.000,0.00
1777906976,nvme0n1,0.00,0.00,0.000,0.000,0.00
1777906977,loop0,0.00,0.00,0.000,0.000,0.00
1777906977,loop1,0.00,0.00,0.000,0.000,0.00
1777906977,loop10,0.00,0.00,0.000,0.000,0.00
1777906977,loop11,0.00,0.00,0.000,0.000,0.00
1777906977,loop12,0.00,0.00,0.000,0.000,0.00
1777906977,loop13,0.00,0.00,0.000,0.000,0.00
1777906977,loop14,0.00,0.00,0.000,0.000,0.00
1777906977,loop15,0.00,0.00,0.000,0.000,0.00
1777906977,loop16,0.00,0.00,0.000,0.000,0.00
1777906977,loop17,0.00,0.00,0.000,0.000,0.00
1777906977,loop18,0.00,0.00,0.000,0.000,0.00
1777906977,loop19,0.00,0.00,0.000,0.000,0.00
1777906977,loop2,0.00,0.00,0.000,0.000,0.00
1777906977,loop20,0.00,0.00,0.000,0.000,0.00
1777906977,loop21,0.00,0.00,0.000,0.000,0.00
1777906977,loop22,0.00,0.00,0.000,0.000,0.00
1777906977,loop23,0.00,0.00,0.000,0.000,0.00
1777906977,loop24,0.00,0.00,0.000,0.000,0.00
1777906977,loop25,0.00,0.00,0.000,0.000,0.00
1777906977,loop26,0.00,0.00,0.000,0.000,0.00
1777906977,loop27,0.00,0.00,0.000,0.000,0.00
1777906977,loop28,0.00,0.00,0.000,0.000,0.00
1777906977,loop29,0.00,0.00,0.000,0.000,0.00
1777906977,loop3,0.00,0.00,0.000,0.000,0.00
1777906977,loop30,0.00,0.00,0.000,0.000,0.00
1777906977,loop31,0.00,0.00,0.000,0.000,0.00
1777906977,loop32,0.00,0.00,0.000,0.000,0.00
1777906977,loop33,0.00,0.00,0.000,0.000,0.00
1777906977,loop34,0.00,0.00,0.000,0.000,0.00
1777906977,loop35,0.00,0.00,0.000,0.000,0.00
1777906977,loop36,0.00,0.00,0.000,0.000,0.00
1777906977,loop37,0.00,0.00,0.000,0.000,0.00
1777906977,loop38,0.00,0.00,0.000,0.000,0.00
1777906977,loop39,0.00,0.00,0.000,0.000,0.00
1777906977,loop4,0.00,0.00,0.000,0.000,0.00
1777906977,loop40,0.00,0.00,0.000,0.000,0.00
1777906977,loop5,0.00,0.00,0.000,0.000,0.00
1777906977,loop6,0.00,0.00,0.000,0.000,0.00
1777906977,loop7,0.00,0.00,0.000,0.000,0.00
1777906977,loop8,0.00,0.00,0.000,0.000,0.00
1777906977,loop9,0.00,0.00,0.000,0.000,0.00
1777906977,nvme0n1,1.00,4.00,0.000,0.000,2.30
1777906978,loop0,0.00,0.00,0.000,0.000,0.00
1777906978,loop1,0.00,0.00,0.000,0.000,0.00
1777906978,loop10,0.00,0.00,0.000,0.000,0.00
1777906978,loop11,0.00,0.00,0.000,0.000,0.00
1777906978,loop12,0.00,0.00,0.000,0.000,0.00
1777906978,loop13,0.00,0.00,0.000,0.000,0.00
1777906978,loop14,0.00,0.00,0.000,0.000,0.00
1777906978,loop15,0.00,0.00,0.000,0.000,0.00
1777906978,loop16,0.00,0.00,0.000,0.000,0.00
1777906978,loop17,0.00,0.00,0.000,0.000,0.00
1777906978,loop18,0.00,0.00,0.000,0.000,0.00
1777906978,loop19,0.00,0.00,0.000,0.000,0.00
1777906978,loop2,0.00,0.00,0.000,0.000,0.00
1777906978,loop20,0.00,0.00,0.000,0.000,0.00
1777906978,loop21,0.00,0.00,0.000,0.000,0.00
1777906978,loop22,0.00,0.00,0.000,0.000,0.00
1777906978,loop23,0.00,0.00,0.000,0.000,0.00
1777906978,loop24,0.00,0.00,0.000,0.000,0.00
1777906978,loop25,0.00,0.00,0.000,0.000,0.00
1777906978,loop26,0.00,0.00,0.000,0.000,0.00
1777906978,loop27,0.00,0.00,0.000,0.000,0.00
1777906978,loop28,0.00,0.00,0.000,0.000,0.00
1777906978,loop29,0.00,0.00,0.000,0.000,0.00
1777906978,loop3,0.00,0.00,0.000,0.000,0.00
1777906978,loop30,0.00,0.00,0.000,0.000,0.00
1777906978,loop31,0.00,0.00,0.000,0.000,0.00
1777906978,loop32,0.00,0.00,0.000,0.000,0.00
1777906978,loop33,0.00,0.00,0.000,0.000,0.00
1777906978,loop34,0.00,0.00,0.000,0.000,0.00
1777906978,loop35,0.00,0.00,0.000,0.000,0.00
1777906978,loop36,0.00,0.00,0.000,0.000,0.00
1777906978,loop37,0.00,0.00,0.000,0.000,0.00
1777906978,loop38,0.00,0.00,0.000,0.000,0.00
1777906978,loop39,0.00,0.00,0.000,0.000,0.00
1777906978,loop4,0.00,0.00,0.000,0.000,0.00
1777906978,loop40,0.00,0.00,0.000,0.000,0.00
1777906978,loop5,0.00,0.00,0.000,0.000,0.00
1777906978,loop6,0.00,0.00,0.000,0.000,0.00
1777906978,loop7,0.00,0.00,0.000,0.000,0.00
1777906978,loop8,0.00,0.00,0.000,0.000,0.00
1777906978,loop9,0.00,0.00,0.000,0.000,0.00
1777906978,nvme0n1,0.00,0.00,0.000,0.000,0.00
1777906979,loop0,0.00,0.00,0.000,0.000,0.00
1777906979,loop1,0.00,0.00,0.000,0.000,0.00
1777906979,loop10,0.00,0.00,0.000,0.000,0.00
1777906979,loop11,0.00,0.00,0.000,0.000,0.00
1777906979,loop12,0.00,0.00,0.000,0.000,0.00
1777906979,loop13,0.00,0.00,0.000,0.000,0.00
1777906979,loop14,0.00,0.00,0.000,0.000,0.00
1777906979,loop15,0.00,0.00,0.000,0.000,0.00
1777906979,loop16,0.00,0.00,0.000,0.000,0.00
1777906979,loop17,0.00,0.00,0.000,0.000,0.00
1777906979,loop18,0.00,0.00,0.000,0.000,0.00
1777906979,loop19,0.00,0.00,0.000,0.000,0.00
1777906979,loop2,0.00,0.00,0.000,0.000,0.00
1777906979,loop20,0.00,0.00,0.000,0.000,0.00
1777906979,loop21,0.00,0.00,0.000,0.000,0.00
1777906979,loop22,0.00,0.00,0.000,0.000,0.00
1777906979,loop23,0.00,0.00,0.000,0.000,0.00
1777906979,loop24,0.00,0.00,0.000,0.000,0.00
1777906979,loop25,0.00,0.00,0.000,0.000,0.00
1777906979,loop26,0.00,0.00,0.000,0.000,0.00
1777906979,loop27,0.00,0.00,0.000,0.000,0.00
1777906979,loop28,0.00,0.00,0.000,0.000,0.00
1777906979,loop29,0.00,0.00,0.000,0.000,0.00
1777906979,loop3,0.00,0.00,0.000,0.000,0.00
1777906979,loop30,0.00,0.00,0.000,0.000,0.00
1777906979,loop31,0.00,0.00,0.000,0.000,0.00
1777906979,loop32,0.00,0.00,0.000,0.000,0.00
1777906979,loop33,0.00,0.00,0.000,0.000,0.00
1777906979,loop34,0.00,0.00,0.000,0.000,0.00
1777906979,loop35,0.00,0.00,0.000,0.000,0.00
1777906979,loop36,0.00,0.00,0.000,0.000,0.00
1777906979,loop37,0.00,0.00,0.000,0.000,0.00
1777906979,loop38,0.00,0.00,0.000,0.000,0.00
1777906979,loop39,0.00,0.00,0.000,0.000,0.00
1777906979,loop4,0.00,0.00,0.000,0.000,0.00
1777906979,loop40,0.00,0.00,0.000,0.000,0.00
1777906979,loop5,0.00,0.00,0.000,0.000,0.00
1777906979,loop6,0.00,0.00,0.000,0.000,0.00
1777906979,loop7,0.00,0.00,0.000,0.000,0.00
1777906979,loop8,0.00,0.00,0.000,0.000,0.00
1777906979,loop9,0.00,0.00,0.000,0.000,0.00
1777906979,nvme0n1,0.00,0.00,0.000,0.000,0.80
1777906980,loop0,0.00,0.00,0.000,0.000,0.00
1777906980,loop1,0.00,0.00,0.000,0.000,0.00
1777906980,loop10,0.00,0.00,0.000,0.000,0.00
1777906980,loop11,0.00,0.00,0.000,0.000,0.00
1777906980,loop12,0.00,0.00,0.000,0.000,0.00
1777906980,loop13,0.00,0.00,0.000,0.000,0.00
1777906980,loop14,0.00,0.00,0.000,0.000,0.00
1777906980,loop15,0.00,0.00,0.000,0.000,0.00
1777906980,loop16,0.00,0.00,0.000,0.000,0.00
1777906980,loop17,0.00,0.00,0.000,0.000,0.00
1777906980,loop18,0.00,0.00,0.000,0.000,0.00
1777906980,loop19,0.00,0.00,0.000,0.000,0.00
1777906980,loop2,0.00,0.00,0.000,0.000,0.00
1777906980,loop20,0.00,0.00,0.000,0.000,0.00
1777906980,loop21,0.00,0.00,0.000,0.000,0.00
1777906980,loop22,0.00,0.00,0.000,0.000,0.00
1777906980,loop23,0.00,0.00,0.000,0.000,0.00
1777906980,loop24,0.00,0.00,0.000,0.000,0.00
1777906980,loop25,0.00,0.00,0.000,0.000,0.00
1777906980,loop26,0.00,0.00,0.000,0.000,0.00
1777906980,loop27,0.00,0.00,0.000,0.000,0.00
1777906980,loop28,0.00,0.00,0.000,0.000,0.00
1777906980,loop29,0.00,0.00,0.000,0.000,0.00
1777906980,loop3,0.00,0.00,0.000,0.000,0.00
1777906980,loop30,0.00,0.00,0.000,0.000,0.00
1777906980,loop31,0.00,0.00,0.000,0.000,0.00
1777906980,loop32,0.00,0.00,0.000,0.000,0.00
1777906980,loop33,0.00,0.00,0.000,0.000,0.00
1777906980,loop34,0.00,0.00,0.000,0.000,0.00
1777906980,loop35,0.00,0.00,0.000,0.000,0.00
1777906980,loop36,0.00,0.00,0.000,0.000,0.00
1777906980,loop37,0.00,0.00,0.000,0.000,0.00
1777906980,loop38,0.00,0.00,0.000,0.000,0.00
1777906980,loop39,0.00,0.00,0.000,0.000,0.00
1777906980,loop4,0.00,0.00,0.000,0.000,0.00
1777906980,loop40,0.00,0.00,0.000,0.000,0.00
1777906980,loop5,0.00,0.00,0.000,0.000,0.00
1777906980,loop6,0.00,0.00,0.000,0.000,0.00
1777906980,loop7,0.00,0.00,0.000,0.000,0.00
1777906980,loop8,0.00,0.00,0.000,0.000,0.00
1777906980,loop9,0.00,0.00,0.000,0.000,0.00
1777906980,nvme0n1,0.00,0.00,0.000,0.000,0.00
1777906981,loop0,0.00,0.00,0.000,0.000,0.00
1777906981,loop1,0.00,0.00,0.000,0.000,0.00
1777906981,loop10,0.00,0.00,0.000,0.000,0.00
1777906981,loop11,0.00,0.00,0.000,0.000,0.00
1777906981,loop12,0.00,0.00,0.000,0.000,0.00
1777906981,loop13,0.00,0.00,0.000,0.000,0.00
1777906981,loop14,0.00,0.00,0.000,0.000,0.00
1777906981,loop15,0.00,0.00,0.000,0.000,0.00
1777906981,loop16,0.00,0.00,0.000,0.000,0.00
1777906981,loop17,0.00,0.00,0.000,0.000,0.00
1777906981,loop18,0.00,0.00,0.000,0.000,0.00
1777906981,loop19,0.00,0.00,0.000,0.000,0.00
1777906981,loop2,0.00,0.00,0.000,0.000,0.00
1777906981,loop20,0.00,0.00,0.000,0.000,0.00
1777906981,loop21,0.00,0.00,0.000,0.000,0.00
1777906981,loop22,0.00,0.00,0.000,0.000,0.00
1777906981,loop23,0.00,0.00,0.000,0.000,0.00
1777906981,loop24,0.00,0.00,0.000,0.000,0.00
1777906981,loop25,0.00,0.00,0.000,0.000,0.00
1777906981,loop26,0.00,0.00,0.000,0.000,0.00
1777906981,loop27,0.00,0.00,0.000,0.000,0.00
1777906981,loop28,0.00,0.00,0.000,0.000,0.00
1777906981,loop29,0.00,0.00,0.000,0.000,0.00
1777906981,loop3,0.00,0.00,0.000,0.000,0.00
1777906981,loop30,0.00,0.00,0.000,0.000,0.00
1777906981,loop31,0.00,0.00,0.000,0.000,0.00
1777906981,loop32,0.00,0.00,0.000,0.000,0.00
1777906981,loop33,0.00,0.00,0.000,0.000,0.00
1777906981,loop34,0.00,0.00,0.000,0.000,0.00
1777906981,loop35,0.00,0.00,0.000,0.000,0.00
1777906981,loop36,0.00,0.00,0.000,0.000,0.00
1777906981,loop37,0.00,0.00,0.000,0.000,0.00
1777906981,loop38,0.00,0.00,0.000,0.000,0.00
1777906981,loop39,0.00,0.00,0.000,0.000,0.00
1777906981,loop4,0.00,0.00,0.000,0.000,0.00
1777906981,loop40,0.00,0.00,0.000,0.000,0.00
1777906981,loop5,0.00,0.00,0.000,0.000,0.00
1777906981,loop6,0.00,0.00,0.000,0.000,0.00
1777906981,loop7,0.00,0.00,0.000,0.000,0.00
1777906981,loop8,0.00,0.00,0.000,0.000,0.00
1777906981,loop9,0.00,0.00,0.000,0.000,0.00
1777906981,nvme0n1,0.00,0.00,0.000,0.000,0.60
1777906982,loop0,0.00,0.00,0.000,0.000,0.00
1777906982,loop1,0.00,0.00,0.000,0.000,0.00
1777906982,loop10,0.00,0.00,0.000,0.000,0.00
1777906982,loop11,0.00,0.00,0.000,0.000,0.00
1777906982,loop12,0.00,0.00,0.000,0.000,0.00
1777906982,loop13,0.00,0.00,0.000,0.000,0.00
1777906982,loop14,0.00,0.00,0.000,0.000,0.00
1777906982,loop15,0.00,0.00,0.000,0.000,0.00
1777906982,loop16,0.00,0.00,0.000,0.000,0.00
1777906982,loop17,0.00,0.00,0.000,0.000,0.00
1777906982,loop18,0.00,0.00,0.000,0.000,0.00
1777906982,loop19,0.00,0.00,0.000,0.000,0.00
1777906982,loop2,0.00,0.00,0.000,0.000,0.00
1777906982,loop20,0.00,0.00,0.000,0.000,0.00
1777906982,loop21,0.00,0.00,0.000,0.000,0.00
1777906982,loop22,0.00,0.00,0.000,0.000,0.00
1777906982,loop23,0.00,0.00,0.000,0.000,0.00
1777906982,loop24,0.00,0.00,0.000,0.000,0.00
1777906982,loop25,0.00,0.00,0.000,0.000,0.00
1777906982,loop26,0.00,0.00,0.000,0.000,0.00
1777906982,loop27,0.00,0.00,0.000,0.000,0.00
1777906982,loop28,0.00,0.00,0.000,0.000,0.00
1777906982,loop29,0.00,0.00,0.000,0.000,0.00
1777906982,loop3,0.00,0.00,0.000,0.000,0.00
1777906982,loop30,0.00,0.00,0.000,0.000,0.00
1777906982,loop31,0.00,0.00,0.000,0.000,0.00
1777906982,loop32,0.00,0.00,0.000,0.000,0.00
1777906982,loop33,0.00,0.00,0.000,0.000,0.00
1777906982,loop34,0.00,0.00,0.000,0.000,0.00
1777906982,loop35,0.00,0.00,0.000,0.000,0.00
1777906982,loop36,0.00,0.00,0.000,0.000,0.00
1777906982,loop37,0.00,0.00,0.000,0.000,0.00
1777906982,loop38,0.00,0.00,0.000,0.000,0.00
1777906982,loop39,0.00,0.00,0.000,0.000,0.00
1777906982,loop4,0.00,0.00,0.000,0.000,0.00
1777906982,loop40,0.00,0.00,0.000,0.000,0.00
1777906982,loop5,0.00,0.00,0.000,0.000,0.00
1777906982,loop6,0.00,0.00,0.000,0.000,0.00
1777906982,loop7,0.00,0.00,0.000,0.000,0.00
1777906982,loop8,0.00,0.00,0.000,0.000,0.00
1777906982,loop9,0.00,0.00,0.000,0.000,0.00
1777906982,nvme0n1,0.00,0.00,0.000,0.000,0.00
1777906983,loop0,0.00,0.00,0.000,0.000,0.00
1777906983,loop1,0.00,0.00,0.000,0.000,0.00
1777906983,loop10,0.00,0.00,0.000,0.000,0.00
1777906983,loop11,0.00,0.00,0.000,0.000,0.00
1777906983,loop12,0.00,0.00,0.000,0.000,0.00
1777906983,loop13,0.00,0.00,0.000,0.000,0.00
1777906983,loop14,0.00,0.00,0.000,0.000,0.00
1777906983,loop15,0.00,0.00,0.000,0.000,0.00
1777906983,loop16,0.00,0.00,0.000,0.000,0.00
1777906983,loop17,0.00,0.00,0.000,0.000,0.00
1777906983,loop18,0.00,0.00,0.000,0.000,0.00
1777906983,loop19,0.00,0.00,0.000,0.000,0.00
1777906983,loop2,0.00,0.00,0.000,0.000,0.00
1777906983,loop20,0.00,0.00,0.000,0.000,0.00
1777906983,loop21,0.00,0.00,0.000,0.000,0.00
1777906983,loop22,0.00,0.00,0.000,0.000,0.00
1777906983,loop23,0.00,0.00,0.000,0.000,0.00
1777906983,loop24,0.00,0.00,0.000,0.000,0.00
1777906983,loop25,0.00,0.00,0.000,0.000,0.00
1777906983,loop26,0.00,0.00,0.000,0.000,0.00
1777906983,loop27,0.00,0.00,0.000,0.000,0.00
1777906983,loop28,0.00,0.00,0.000,0.000,0.00
1777906983,loop29,0.00,0.00,0.000,0.000,0.00
1777906983,loop3,0.00,0.00,0.000,0.000,0.00
1777906983,loop30,0.00,0.00,0.000,0.000,0.00
1777906983,loop31,0.00,0.00,0.000,0.000,0.00
1777906983,loop32,0.00,0.00,0.000,0.000,0.00
1777906983,loop33,0.00,0.00,0.000,0.000,0.00
1777906983,loop34,0.00,0.00,0.000,0.000,0.00
1777906983,loop35,0.00,0.00,0.000,0.000,0.00
1777906983,loop36,0.00,0.00,0.000,0.000,0.00
1777906983,loop37,0.00,0.00,0.000,0.000,0.00
1777906983,loop38,0.00,0.00,0.000,0.000,0.00
1777906983,loop39,0.00,0.00,0.000,0.000,0.00
1777906983,loop4,0.00,0.00,0.000,0.000,0.00
1777906983,loop40,0.00,0.00,0.000,0.000,0.00
1777906983,loop5,0.00,0.00,0.000,0.000,0.00
1777906983,loop6,0.00,0.00,0.000,0.000,0.00
1777906983,loop7,0.00,0.00,0.000,0.000,0.00
1777906983,loop8,0.00,0.00,0.000,0.000,0.00
1777906983,loop9,0.00,0.00,0.000,0.000,0.00
1777906983,nvme0n1,0.00,0.00,0.000,0.000,0.10
1777906984,loop0,0.00,0.00,0.000,0.000,0.00
1777906984,loop1,0.00,0.00,0.000,0.000,0.00
1777906984,loop10,0.00,0.00,0.000,0.000,0.00
1777906984,loop11,0.00,0.00,0.000,0.000,0.00
1777906984,loop12,0.00,0.00,0.000,0.000,0.00
1777906984,loop13,0.00,0.00,0.000,0.000,0.00
1777906984,loop14,0.00,0.00,0.000,0.000,0.00
1777906984,loop15,0.00,0.00,0.000,0.000,0.00
1777906984,loop16,0.00,0.00,0.000,0.000,0.00
1777906984,loop17,0.00,0.00,0.000,0.000,0.00
1777906984,loop18,0.00,0.00,0.000,0.000,0.00
1777906984,loop19,0.00,0.00,0.000,0.000,0.00
1777906984,loop2,0.00,0.00,0.000,0.000,0.00
1777906984,loop20,0.00,0.00,0.000,0.000,0.00
1777906984,loop21,0.00,0.00,0.000,0.000,0.00
1777906984,loop22,0.00,0.00,0.000,0.000,0.00
1777906984,loop23,0.00,0.00,0.000,0.000,0.00
1777906984,loop24,0.00,0.00,0.000,0.000,0.00
1777906984,loop25,0.00,0.00,0.000,0.000,0.00
1777906984,loop26,0.00,0.00,0.000,0.000,0.00
1777906984,loop27,0.00,0.00,0.000,0.000,0.00
1777906984,loop28,0.00,0.00,0.000,0.000,0.00
1777906984,loop29,0.00,0.00,0.000,0.000,0.00
1777906984,loop3,0.00,0.00,0.000,0.000,0.00
1777906984,loop30,0.00,0.00,0.000,0.000,0.00
1777906984,loop31,0.00,0.00,0.000,0.000,0.00
1777906984,loop32,0.00,0.00,0.000,0.000,0.00
1777906984,loop33,0.00,0.00,0.000,0.000,0.00
1777906984,loop34,0.00,0.00,0.000,0.000,0.00
1777906984,loop35,0.00,0.00,0.000,0.000,0.00
1777906984,loop36,0.00,0.00,0.000,0.000,0.00
1777906984,loop37,0.00,0.00,0.000,0.000,0.00
1777906984,loop38,0.00,0.00,0.000,0.000,0.00
1777906984,loop39,0.00,0.00,0.000,0.000,0.00
1777906984,loop4,0.00,0.00,0.000,0.000,0.00
1777906984,loop40,0.00,0.00,0.000,0.000,0.00
1777906984,loop5,0.00,0.00,0.000,0.000,0.00
1777906984,loop6,0.00,0.00,0.000,0.000,0.00
1777906984,loop7,0.00,0.00,0.000,0.000,0.00
1777906984,loop8,0.00,0.00,0.000,0.000,0.00
1777906984,loop9,0.00,0.00,0.000,0.000,0.00
1777906984,nvme0n1,0.00,0.00,0.000,0.000,0.00
1777906985,loop0,0.00,0.00,0.000,0.000,0.00
1777906985,loop1,0.00,0.00,0.000,0.000,0.00
1777906985,loop10,0.00,0.00,0.000,0.000,0.00
1777906985,loop11,0.00,0.00,0.000,0.000,0.00
1777906985,loop12,0.00,0.00,0.000,0.000,0.00
1777906985,loop13,0.00,0.00,0.000,0.000,0.00
1777906985,loop14,0.00,0.00,0.000,0.000,0.00
1777906985,loop15,0.00,0.00,0.000,0.000,0.00
1777906985,loop16,0.00,0.00,0.000,0.000,0.00
1777906985,loop17,0.00,0.00,0.000,0.000,0.00
1777906985,loop18,0.00,0.00,0.000,0.000,0.00
1777906985,loop19,0.00,0.00,0.000,0.000,0.00
1777906985,loop2,0.00,0.00,0.000,0.000,0.00
1777906985,loop20,9.00,507.00,0.000,0.000,0.10
1777906985,loop21,0.00,0.00,0.000,0.000,0.00
1777906985,loop22,0.00,0.00,0.000,0.000,0.00
1777906985,loop23,0.00,0.00,0.000,0.000,0.00
1777906985,loop24,0.00,0.00,0.000,0.000,0.00
1777906985,loop25,0.00,0.00,0.000,0.000,0.00
1777906985,loop26,0.00,0.00,0.000,0.000,0.00
1777906985,loop27,0.00,0.00,0.000,0.000,0.00
1777906985,loop28,0.00,0.00,0.000,0.000,0.00
1777906985,loop29,0.00,0.00,0.000,0.000,0.00
1777906985,loop3,0.00,0.00,0.000,0.000,0.00
1777906985,loop30,0.00,0.00,0.000,0.000,0.00
1777906985,loop31,0.00,0.00,0.000,0.000,0.00
1777906985,loop32,0.00,0.00,0.000,0.000,0.00
1777906985,loop33,0.00,0.00,0.000,0.000,0.00
1777906985,loop34,0.00,0.00,0.000,0.000,0.00
1777906985,loop35,0.00,0.00,0.000,0.000,0.00
1777906985,loop36,0.00,0.00,0.000,0.000,0.00
1777906985,loop37,0.00,0.00,0.000,0.000,0.00
1777906985,loop38,0.00,0.00,0.000,0.000,0.00
1777906985,loop39,0.00,0.00,0.000,0.000,0.00
1777906985,loop4,0.00,0.00,0.000,0.000,0.00
1777906985,loop40,0.00,0.00,0.000,0.000,0.00
1777906985,loop5,0.00,0.00,0.000,0.000,0.00
1777906985,loop6,0.00,0.00,0.000,0.000,0.00
1777906985,loop7,0.00,0.00,0.000,0.000,0.00
1777906985,loop8,0.00,0.00,0.000,0.000,0.00
1777906985,loop9,0.00,0.00,0.000,0.000,0.00
1777906985,nvme0n1,489.00,4032.00,0.018,0.003,2.80
1777906986,loop0,0.00,0.00,0.000,0.000,0.00
1777906986,loop1,0.00,0.00,0.000,0.000,0.00
1777906986,loop10,0.00,0.00,0.000,0.000,0.00
1777906986,loop11,0.00,0.00,0.000,0.000,0.00
1777906986,loop12,0.00,0.00,0.000,0.000,0.00
1777906986,loop13,0.00,0.00,0.000,0.000,0.00
1777906986,loop14,0.00,0.00,0.000,0.000,0.00
1777906986,loop15,0.00,0.00,0.000,0.000,0.00
1777906986,loop16,0.00,0.00,0.000,0.000,0.00
1777906986,loop17,0.00,0.00,0.000,0.000,0.00
1777906986,loop18,0.00,0.00,0.000,0.000,0.00
1777906986,loop19,0.00,0.00,0.000,0.000,0.00
1777906986,loop2,0.00,0.00,0.000,0.000,0.00
1777906986,loop20,0.00,0.00,0.000,0.000,0.00
1777906986,loop21,0.00,0.00,0.000,0.000,0.00
1777906986,loop22,0.00,0.00,0.000,0.000,0.00
1777906986,loop23,0.00,0.00,0.000,0.000,0.00
1777906986,loop24,0.00,0.00,0.000,0.000,0.00
1777906986,loop25,0.00,0.00,0.000,0.000,0.00
1777906986,loop26,0.00,0.00,0.000,0.000,0.00
1777906986,loop27,0.00,0.00,0.000,0.000,0.00
1777906986,loop28,0.00,0.00,0.000,0.000,0.00
1777906986,loop29,0.00,0.00,0.000,0.000,0.00
1777906986,loop3,0.00,0.00,0.000,0.000,0.00
1777906986,loop30,0.00,0.00,0.000,0.000,0.00
1777906986,loop31,0.00,0.00,0.000,0.000,0.00
1777906986,loop32,0.00,0.00,0.000,0.000,0.00
1777906986,loop33,0.00,0.00,0.000,0.000,0.00
1777906986,loop34,0.00,0.00,0.000,0.000,0.00
1777906986,loop35,0.00,0.00,0.000,0.000,0.00
1777906986,loop36,0.00,0.00,0.000,0.000,0.00
1777906986,loop37,0.00,0.00,0.000,0.000,0.00
1777906986,loop38,0.00,0.00,0.000,0.000,0.00
1777906986,loop39,0.00,0.00,0.000,0.000,0.00
1777906986,loop4,0.00,0.00,0.000,0.000,0.00
1777906986,loop40,0.00,0.00,0.000,0.000,0.00
1777906986,loop5,0.00,0.00,0.000,0.000,0.00
1777906986,loop6,0.00,0.00,0.000,0.000,0.00
1777906986,loop7,0.00,0.00,0.000,0.000,0.00
1777906986,loop8,0.00,0.00,0.000,0.000,0.00
1777906986,loop9,0.00,0.00,0.000,0.000,0.00
1777906986,nvme0n1,0.00,0.00,0.000,0.000,1.40
1777906987,loop0,0.00,0.00,0.000,0.000,0.00
1777906987,loop1,0.00,0.00,0.000,0.000,0.00
1777906987,loop10,0.00,0.00,0.000,0.000,0.00
1777906987,loop11,0.00,0.00,0.000,0.000,0.00
1777906987,loop12,0.00,0.00,0.000,0.000,0.00
1777906987,loop13,0.00,0.00,0.000,0.000,0.00
1777906987,loop14,0.00,0.00,0.000,0.000,0.00
1777906987,loop15,0.00,0.00,0.000,0.000,0.00
1777906987,loop16,0.00,0.00,0.000,0.000,0.00
1777906987,loop17,0.00,0.00,0.000,0.000,0.00
1777906987,loop18,0.00,0.00,0.000,0.000,0.00
1777906987,loop19,0.00,0.00,0.000,0.000,0.00
1777906987,loop2,0.00,0.00,0.000,0.000,0.00
1777906987,loop20,0.00,0.00,0.000,0.000,0.00
1777906987,loop21,0.00,0.00,0.000,0.000,0.00
1777906987,loop22,0.00,0.00,0.000,0.000,0.00
1777906987,loop23,0.00,0.00,0.000,0.000,0.00
1777906987,loop24,0.00,0.00,0.000,0.000,0.00
1777906987,loop25,0.00,0.00,0.000,0.000,0.00
1777906987,loop26,0.00,0.00,0.000,0.000,0.00
1777906987,loop27,0.00,0.00,0.000,0.000,0.00
1777906987,loop28,0.00,0.00,0.000,0.000,0.00
1777906987,loop29,0.00,0.00,0.000,0.000,0.00
1777906987,loop3,0.00,0.00,0.000,0.000,0.00
1777906987,loop30,0.00,0.00,0.000,0.000,0.00
1777906987,loop31,0.00,0.00,0.000,0.000,0.00
1777906987,loop32,0.00,0.00,0.000,0.000,0.00
1777906987,loop33,0.00,0.00,0.000,0.000,0.00
1777906987,loop34,0.00,0.00,0.000,0.000,0.00
1777906987,loop35,0.00,0.00,0.000,0.000,0.00
1777906987,loop36,0.00,0.00,0.000,0.000,0.00
1777906987,loop37,0.00,0.00,0.000,0.000,0.00
1777906987,loop38,0.00,0.00,0.000,0.000,0.00
1777906987,loop39,0.00,0.00,0.000,0.000,0.00
1777906987,loop4,0.00,0.00,0.000,0.000,0.00
1777906987,loop40,0.00,0.00,0.000,0.000,0.00
1777906987,loop5,0.00,0.00,0.000,0.000,0.00
1777906987,loop6,0.00,0.00,0.000,0.000,0.00
1777906987,loop7,0.00,0.00,0.000,0.000,0.00
1777906987,loop8,0.00,0.00,0.000,0.000,0.00
1777906987,loop9,0.00,0.00,0.000,0.000,0.00
1777906987,nvme0n1,0.00,0.00,0.000,0.000,0.60
1777906988,loop0,0.00,0.00,0.000,0.000,0.00
1777906988,loop1,0.00,0.00,0.000,0.000,0.00
1777906988,loop10,0.00,0.00,0.000,0.000,0.00
1777906988,loop11,0.00,0.00,0.000,0.000,0.00
1777906988,loop12,0.00,0.00,0.000,0.000,0.00
1777906988,loop13,0.00,0.00,0.000,0.000,0.00
1777906988,loop14,0.00,0.00,0.000,0.000,0.00
1777906988,loop15,0.00,0.00,0.000,0.000,0.00
1777906988,loop16,0.00,0.00,0.000,0.000,0.00
1777906988,loop17,0.00,0.00,0.000,0.000,0.00
1777906988,loop18,0.00,0.00,0.000,0.000,0.00
1777906988,loop19,0.00,0.00,0.000,0.000,0.00
1777906988,loop2,0.00,0.00,0.000,0.000,0.00
1777906988,loop20,0.00,0.00,0.000,0.000,0.00
1777906988,loop21,0.00,0.00,0.000,0.000,0.00
1777906988,loop22,0.00,0.00,0.000,0.000,0.00
1777906988,loop23,0.00,0.00,0.000,0.000,0.00
1777906988,loop24,0.00,0.00,0.000,0.000,0.00
1777906988,loop25,0.00,0.00,0.000,0.000,0.00
1777906988,loop26,0.00,0.00,0.000,0.000,0.00
1777906988,loop27,0.00,0.00,0.000,0.000,0.00
1777906988,loop28,0.00,0.00,0.000,0.000,0.00
1777906988,loop29,0.00,0.00,0.000,0.000,0.00
1777906988,loop3,0.00,0.00,0.000,0.000,0.00
1777906988,loop30,0.00,0.00,0.000,0.000,0.00
1777906988,loop31,0.00,0.00,0.000,0.000,0.00
1777906988,loop32,0.00,0.00,0.000,0.000,0.00
1777906988,loop33,0.00,0.00,0.000,0.000,0.00
1777906988,loop34,0.00,0.00,0.000,0.000,0.00
1777906988,loop35,0.00,0.00,0.000,0.000,0.00
1777906988,loop36,0.00,0.00,0.000,0.000,0.00
1777906988,loop37,0.00,0.00,0.000,0.000,0.00
1777906988,loop38,0.00,0.00,0.000,0.000,0.00
1777906988,loop39,0.00,0.00,0.000,0.000,0.00
1777906988,loop4,0.00,0.00,0.000,0.000,0.00
1777906988,loop40,0.00,0.00,0.000,0.000,0.00
1777906988,loop5,0.00,0.00,0.000,0.000,0.00
1777906988,loop6,0.00,0.00,0.000,0.000,0.00
1777906988,loop7,0.00,0.00,0.000,0.000,0.00
1777906988,loop8,0.00,0.00,0.000,0.000,0.00
1777906988,loop9,0.00,0.00,0.000,0.000,0.00
1777906988,nvme0n1,0.00,0.00,0.000,0.000,0.00
1777906989,loop0,0.00,0.00,0.000,0.000,0.00
1777906989,loop1,0.00,0.00,0.000,0.000,0.00
1777906989,loop10,0.00,0.00,0.000,0.000,0.00
1777906989,loop11,0.00,0.00,0.000,0.000,0.00
1777906989,loop12,0.00,0.00,0.000,0.000,0.00
1777906989,loop13,0.00,0.00,0.000,0.000,0.00
1777906989,loop14,0.00,0.00,0.000,0.000,0.00
1777906989,loop15,0.00,0.00,0.000,0.000,0.00
1777906989,loop16,0.00,0.00,0.000,0.000,0.00
1777906989,loop17,0.00,0.00,0.000,0.000,0.00
1777906989,loop18,0.00,0.00,0.000,0.000,0.00
1777906989,loop19,0.00,0.00,0.000,0.000,0.00
1777906989,loop2,0.00,0.00,0.000,0.000,0.00
1777906989,loop20,0.00,0.00,0.000,0.000,0.00
1777906989,loop21,0.00,0.00,0.000,0.000,0.00
1777906989,loop22,0.00,0.00,0.000,0.000,0.00
1777906989,loop23,0.00,0.00,0.000,0.000,0.00
1777906989,loop24,0.00,0.00,0.000,0.000,0.00
1777906989,loop25,0.00,0.00,0.000,0.000,0.00
1777906989,loop26,0.00,0.00,0.000,0.000,0.00
1777906989,loop27,0.00,0.00,0.000,0.000,0.00
1777906989,loop28,0.00,0.00,0.000,0.000,0.00
1777906989,loop29,0.00,0.00,0.000,0.000,0.00
1777906989,loop3,0.00,0.00,0.000,0.000,0.00
1777906989,loop30,0.00,0.00,0.000,0.000,0.00
1777906989,loop31,0.00,0.00,0.000,0.000,0.00
1777906989,loop32,0.00,0.00,0.000,0.000,0.00
1777906989,loop33,0.00,0.00,0.000,0.000,0.00
1777906989,loop34,0.00,0.00,0.000,0.000,0.00
1777906989,loop35,0.00,0.00,0.000,0.000,0.00
1777906989,loop36,0.00,0.00,0.000,0.000,0.00
1777906989,loop37,0.00,0.00,0.000,0.000,0.00
1777906989,loop38,0.00,0.00,0.000,0.000,0.00
1777906989,loop39,0.00,0.00,0.000,0.000,0.00
1777906989,loop4,0.00,0.00,0.000,0.000,0.00
1777906989,loop40,0.00,0.00,0.000,0.000,0.00
1777906989,loop5,0.00,0.00,0.000,0.000,0.00
1777906989,loop6,0.00,0.00,0.000,0.000,0.00
1777906989,loop7,0.00,0.00,0.000,0.000,0.00
1777906989,loop8,0.00,0.00,0.000,0.000,0.00
1777906989,loop9,0.00,0.00,0.000,0.000,0.00
1777906989,nvme0n1,0.00,0.00,0.000,0.000,2.20
1777906990,loop0,0.00,0.00,0.000,0.000,0.00
1777906990,loop1,0.00,0.00,0.000,0.000,0.00
1777906990,loop10,0.00,0.00,0.000,0.000,0.00
1777906990,loop11,0.00,0.00,0.000,0.000,0.00
1777906990,loop12,0.00,0.00,0.000,0.000,0.00
1777906990,loop13,0.00,0.00,0.000,0.000,0.00
1777906990,loop14,0.00,0.00,0.000,0.000,0.00
1777906990,loop15,0.00,0.00,0.000,0.000,0.00
1777906990,loop16,0.00,0.00,0.000,0.000,0.00
1777906990,loop17,0.00,0.00,0.000,0.000,0.00
1777906990,loop18,0.00,0.00,0.000,0.000,0.00
1777906990,loop19,0.00,0.00,0.000,0.000,0.00
1777906990,loop2,0.00,0.00,0.000,0.000,0.00
1777906990,loop20,0.00,0.00,0.000,0.000,0.00
1777906990,loop21,0.00,0.00,0.000,0.000,0.00
1777906990,loop22,0.00,0.00,0.000,0.000,0.00
1777906990,loop23,0.00,0.00,0.000,0.000,0.00
1777906990,loop24,0.00,0.00,0.000,0.000,0.00
1777906990,loop25,0.00,0.00,0.000,0.000,0.00
1777906990,loop26,0.00,0.00,0.000,0.000,0.00
1777906990,loop27,0.00,0.00,0.000,0.000,0.00
1777906990,loop28,0.00,0.00,0.000,0.000,0.00
1777906990,loop29,0.00,0.00,0.000,0.000,0.00
1777906990,loop3,0.00,0.00,0.000,0.000,0.00
1777906990,loop30,0.00,0.00,0.000,0.000,0.00
1777906990,loop31,0.00,0.00,0.000,0.000,0.00
1777906990,loop32,0.00,0.00,0.000,0.000,0.00
1777906990,loop33,0.00,0.00,0.000,0.000,0.00
1777906990,loop34,0.00,0.00,0.000,0.000,0.00
1777906990,loop35,0.00,0.00,0.000,0.000,0.00
1777906990,loop36,0.00,0.00,0.000,0.000,0.00
1777906990,loop37,0.00,0.00,0.000,0.000,0.00
1777906990,loop38,0.00,0.00,0.000,0.000,0.00
1777906990,loop39,0.00,0.00,0.000,0.000,0.00
1777906990,loop4,0.00,0.00,0.000,0.000,0.00
1777906990,loop40,0.00,0.00,0.000,0.000,0.00
1777906990,loop5,0.00,0.00,0.000,0.000,0.00
1777906990,loop6,0.00,0.00,0.000,0.000,0.00
1777906990,loop7,0.00,0.00,0.000,0.000,0.00
1777906990,loop8,0.00,0.00,0.000,0.000,0.00
1777906990,loop9,0.00,0.00,0.000,0.000,0.00
1777906990,nvme0n1,0.00,0.00,0.000,0.000,0.00
1777906991,loop0,0.00,0.00,0.000,0.000,0.00
1777906991,loop1,0.00,0.00,0.000,0.000,0.00
1777906991,loop10,0.00,0.00,0.000,0.000,0.00
1777906991,loop11,0.00,0.00,0.000,0.000,0.00
1777906991,loop12,0.00,0.00,0.000,0.000,0.00
1777906991,loop13,0.00,0.00,0.000,0.000,0.00
1777906991,loop14,0.00,0.00,0.000,0.000,0.00
1777906991,loop15,0.00,0.00,0.000,0.000,0.00
1777906991,loop16,0.00,0.00,0.000,0.000,0.00
1777906991,loop17,0.00,0.00,0.000,0.000,0.00
1777906991,loop18,0.00,0.00,0.000,0.000,0.00
1777906991,loop19,0.00,0.00,0.000,0.000,0.00
1777906991,loop2,0.00,0.00,0.000,0.000,0.00
1777906991,loop20,0.00,0.00,0.000,0.000,0.00
1777906991,loop21,0.00,0.00,0.000,0.000,0.00
1777906991,loop22,0.00,0.00,0.000,0.000,0.00
1777906991,loop23,0.00,0.00,0.000,0.000,0.00
1777906991,loop24,0.00,0.00,0.000,0.000,0.00
1777906991,loop25,0.00,0.00,0.000,0.000,0.00
1777906991,loop26,0.00,0.00,0.000,0.000,0.00
1777906991,loop27,0.00,0.00,0.000,0.000,0.00
1777906991,loop28,0.00,0.00,0.000,0.000,0.00
1777906991,loop29,0.00,0.00,0.000,0.000,0.00
1777906991,loop3,0.00,0.00,0.000,0.000,0.00
1777906991,loop30,0.00,0.00,0.000,0.000,0.00
1777906991,loop31,0.00,0.00,0.000,0.000,0.00
1777906991,loop32,0.00,0.00,0.000,0.000,0.00
1777906991,loop33,0.00,0.00,0.000,0.000,0.00
1777906991,loop34,0.00,0.00,0.000,0.000,0.00
1777906991,loop35,0.00,0.00,0.000,0.000,0.00
1777906991,loop36,0.00,0.00,0.000,0.000,0.00
1777906991,loop37,0.00,0.00,0.000,0.000,0.00
1777906991,loop38,0.00,0.00,0.000,0.000,0.00
1777906991,loop39,0.00,0.00,0.000,0.000,0.00
1777906991,loop4,0.00,0.00,0.000,0.000,0.00
1777906991,loop40,0.00,0.00,0.000,0.000,0.00
1777906991,loop5,0.00,0.00,0.000,0.000,0.00
1777906991,loop6,0.00,0.00,0.000,0.000,0.00
1777906991,loop7,0.00,0.00,0.000,0.000,0.00
1777906991,loop8,0.00,0.00,0.000,0.000,0.00
1777906991,loop9,0.00,0.00,0.000,0.000,0.00
1777906991,nvme0n1,0.00,0.00,0.000,0.000,0.00
1777906992,loop0,0.00,0.00,0.000,0.000,0.00
1777906992,loop1,0.00,0.00,0.000,0.000,0.00
1777906992,loop10,0.00,0.00,0.000,0.000,0.00
1777906992,loop11,0.00,0.00,0.000,0.000,0.00
1777906992,loop12,0.00,0.00,0.000,0.000,0.00
1777906992,loop13,0.00,0.00,0.000,0.000,0.00
1777906992,loop14,0.00,0.00,0.000,0.000,0.00
1777906992,loop15,0.00,0.00,0.000,0.000,0.00
1777906992,loop16,0.00,0.00,0.000,0.000,0.00
1777906992,loop17,0.00,0.00,0.000,0.000,0.00
1777906992,loop18,0.00,0.00,0.000,0.000,0.00
1777906992,loop19,0.00,0.00,0.000,0.000,0.00
1777906992,loop2,0.00,0.00,0.000,0.000,0.00
1777906992,loop20,0.00,0.00,0.000,0.000,0.00
1777906992,loop21,0.00,0.00,0.000,0.000,0.00
1777906992,loop22,0.00,0.00,0.000,0.000,0.00
1777906992,loop23,0.00,0.00,0.000,0.000,0.00
1777906992,loop24,0.00,0.00,0.000,0.000,0.00
1777906992,loop25,0.00,0.00,0.000,0.000,0.00
1777906992,loop26,0.00,0.00,0.000,0.000,0.00
1777906992,loop27,0.00,0.00,0.000,0.000,0.00
1777906992,loop28,0.00,0.00,0.000,0.000,0.00
1777906992,loop29,0.00,0.00,0.000,0.000,0.00
1777906992,loop3,0.00,0.00,0.000,0.000,0.00
1777906992,loop30,0.00,0.00,0.000,0.000,0.00
1777906992,loop31,0.00,0.00,0.000,0.000,0.00
1777906992,loop32,0.00,0.00,0.000,0.000,0.00
1777906992,loop33,0.00,0.00,0.000,0.000,0.00
1777906992,loop34,0.00,0.00,0.000,0.000,0.00
1777906992,loop35,0.00,0.00,0.000,0.000,0.00
1777906992,loop36,0.00,0.00,0.000,0.000,0.00
1777906992,loop37,0.00,0.00,0.000,0.000,0.00
1777906992,loop38,0.00,0.00,0.000,0.000,0.00
1777906992,loop39,0.00,0.00,0.000,0.000,0.00
1777906992,loop4,0.00,0.00,0.000,0.000,0.00
1777906992,loop40,0.00,0.00,0.000,0.000,0.00
1777906992,loop5,0.00,0.00,0.000,0.000,0.00
1777906992,loop6,0.00,0.00,0.000,0.000,0.00
1777906992,loop7,0.00,0.00,0.000,0.000,0.00
1777906992,loop8,0.00,0.00,0.000,0.000,0.00
1777906992,loop9,0.00,0.00,0.000,0.000,0.00
1777906992,nvme0n1,1.00,4.00,0.000,0.000,5.30
1777906993,loop0,0.00,0.00,0.000,0.000,0.00
1777906993,loop1,0.00,0.00,0.000,0.000,0.00
1777906993,loop10,0.00,0.00,0.000,0.000,0.00
1777906993,loop11,0.00,0.00,0.000,0.000,0.00
1777906993,loop12,0.00,0.00,0.000,0.000,0.00
1777906993,loop13,0.00,0.00,0.000,0.000,0.00
1777906993,loop14,0.00,0.00,0.000,0.000,0.00
1777906993,loop15,0.00,0.00,0.000,0.000,0.00
1777906993,loop16,0.00,0.00,0.000,0.000,0.00
1777906993,loop17,0.00,0.00,0.000,0.000,0.00
1777906993,loop18,0.00,0.00,0.000,0.000,0.00
1777906993,loop19,0.00,0.00,0.000,0.000,0.00
1777906993,loop2,0.00,0.00,0.000,0.000,0.00
1777906993,loop20,0.00,0.00,0.000,0.000,0.00
1777906993,loop21,0.00,0.00,0.000,0.000,0.00
1777906993,loop22,0.00,0.00,0.000,0.000,0.00
1777906993,loop23,0.00,0.00,0.000,0.000,0.00
1777906993,loop24,0.00,0.00,0.000,0.000,0.00
1777906993,loop25,0.00,0.00,0.000,0.000,0.00
1777906993,loop26,0.00,0.00,0.000,0.000,0.00
1777906993,loop27,0.00,0.00,0.000,0.000,0.00
1777906993,loop28,0.00,0.00,0.000,0.000,0.00
1777906993,loop29,0.00,0.00,0.000,0.000,0.00
1777906993,loop3,0.00,0.00,0.000,0.000,0.00
1777906993,loop30,0.00,0.00,0.000,0.000,0.00
1777906993,loop31,0.00,0.00,0.000,0.000,0.00
1777906993,loop32,0.00,0.00,0.000,0.000,0.00
1777906993,loop33,0.00,0.00,0.000,0.000,0.00
1777906993,loop34,0.00,0.00,0.000,0.000,0.00
1777906993,loop35,0.00,0.00,0.000,0.000,0.00
1777906993,loop36,0.00,0.00,0.000,0.000,0.00
1777906993,loop37,0.00,0.00,0.000,0.000,0.00
1777906993,loop38,0.00,0.00,0.000,0.000,0.00
1777906993,loop39,0.00,0.00,0.000,0.000,0.00
1777906993,loop4,0.00,0.00,0.000,0.000,0.00
1777906993,loop40,0.00,0.00,0.000,0.000,0.00
1777906993,loop5,0.00,0.00,0.000,0.000,0.00
1777906993,loop6,0.00,0.00,0.000,0.000,0.00
1777906993,loop7,0.00,0.00,0.000,0.000,0.00
1777906993,loop8,0.00,0.00,0.000,0.000,0.00
1777906993,loop9,0.00,0.00,0.000,0.000,0.00
1777906993,nvme0n1,0.00,0.00,0.000,0.000,0.60
1777906994,loop0,0.00,0.00,0.000,0.000,0.00
1777906994,loop1,0.00,0.00,0.000,0.000,0.00
1777906994,loop10,0.00,0.00,0.000,0.000,0.00
1777906994,loop11,0.00,0.00,0.000,0.000,0.00
1777906994,loop12,0.00,0.00,0.000,0.000,0.00
1777906994,loop13,0.00,0.00,0.000,0.000,0.00
1777906994,loop14,0.00,0.00,0.000,0.000,0.00
1777906994,loop15,0.00,0.00,0.000,0.000,0.00
1777906994,loop16,0.00,0.00,0.000,0.000,0.00
1777906994,loop17,0.00,0.00,0.000,0.000,0.00
1777906994,loop18,0.00,0.00,0.000,0.000,0.00
1777906994,loop19,0.00,0.00,0.000,0.000,0.00
1777906994,loop2,0.00,0.00,0.000,0.000,0.00
1777906994,loop20,0.00,0.00,0.000,0.000,0.00
1777906994,loop21,0.00,0.00,0.000,0.000,0.00
1777906994,loop22,0.00,0.00,0.000,0.000,0.00
1777906994,loop23,0.00,0.00,0.000,0.000,0.00
1777906994,loop24,0.00,0.00,0.000,0.000,0.00
1777906994,loop25,0.00,0.00,0.000,0.000,0.00
1777906994,loop26,0.00,0.00,0.000,0.000,0.00
1777906994,loop27,0.00,0.00,0.000,0.000,0.00
1777906994,loop28,0.00,0.00,0.000,0.000,0.00
1777906994,loop29,0.00,0.00,0.000,0.000,0.00
1777906994,loop3,0.00,0.00,0.000,0.000,0.00
1777906994,loop30,0.00,0.00,0.000,0.000,0.00
1777906994,loop31,0.00,0.00,0.000,0.000,0.00
1777906994,loop32,0.00,0.00,0.000,0.000,0.00
1777906994,loop33,0.00,0.00,0.000,0.000,0.00
1777906994,loop34,0.00,0.00,0.000,0.000,0.00
1777906994,loop35,0.00,0.00,0.000,0.000,0.00
1777906994,loop36,0.00,0.00,0.000,0.000,0.00
1777906994,loop37,0.00,0.00,0.000,0.000,0.00
1777906994,loop38,0.00,0.00,0.000,0.000,0.00
1777906994,loop39,0.00,0.00,0.000,0.000,0.00
1777906994,loop4,0.00,0.00,0.000,0.000,0.00
1777906994,loop40,0.00,0.00,0.000,0.000,0.00
1777906994,loop5,0.00,0.00,0.000,0.000,0.00
1777906994,loop6,0.00,0.00,0.000,0.000,0.00
1777906994,loop7,0.00,0.00,0.000,0.000,0.00
1777906994,loop8,0.00,0.00,0.000,0.000,0.00
1777906994,loop9,0.00,0.00,0.000,0.000,0.00
1777906994,nvme0n1,0.00,0.00,0.000,0.000,0.10
1777906995,loop0,0.00,0.00,0.000,0.000,0.00
1777906995,loop1,0.00,0.00,0.000,0.000,0.00
1777906995,loop10,0.00,0.00,0.000,0.000,0.00
1777906995,loop11,0.00,0.00,0.000,0.000,0.00
1777906995,loop12,0.00,0.00,0.000,0.000,0.00
1777906995,loop13,0.00,0.00,0.000,0.000,0.00
1777906995,loop14,0.00,0.00,0.000,0.000,0.00
1777906995,loop15,0.00,0.00,0.000,0.000,0.00
1777906995,loop16,0.00,0.00,0.000,0.000,0.00
1777906995,loop17,0.00,0.00,0.000,0.000,0.00
1777906995,loop18,0.00,0.00,0.000,0.000,0.00
1777906995,loop19,0.00,0.00,0.000,0.000,0.00
1777906995,loop2,0.00,0.00,0.000,0.000,0.00
1777906995,loop20,0.00,0.00,0.000,0.000,0.00
1777906995,loop21,0.00,0.00,0.000,0.000,0.00
1777906995,loop22,0.00,0.00,0.000,0.000,0.00
1777906995,loop23,0.00,0.00,0.000,0.000,0.00
1777906995,loop24,0.00,0.00,0.000,0.000,0.00
1777906995,loop25,0.00,0.00,0.000,0.000,0.00
1777906995,loop26,0.00,0.00,0.000,0.000,0.00
1777906995,loop27,0.00,0.00,0.000,0.000,0.00
1777906995,loop28,0.00,0.00,0.000,0.000,0.00
1777906995,loop29,0.00,0.00,0.000,0.000,0.00
1777906995,loop3,0.00,0.00,0.000,0.000,0.00
1777906995,loop30,0.00,0.00,0.000,0.000,0.00
1777906995,loop31,0.00,0.00,0.000,0.000,0.00
1777906995,loop32,0.00,0.00,0.000,0.000,0.00
1777906995,loop33,0.00,0.00,0.000,0.000,0.00
1777906995,loop34,0.00,0.00,0.000,0.000,0.00
1777906995,loop35,0.00,0.00,0.000,0.000,0.00
1777906995,loop36,0.00,0.00,0.000,0.000,0.00
1777906995,loop37,0.00,0.00,0.000,0.000,0.00
1777906995,loop38,0.00,0.00,0.000,0.000,0.00
1777906995,loop39,0.00,0.00,0.000,0.000,0.00
1777906995,loop4,0.00,0.00,0.000,0.000,0.00
1777906995,loop40,0.00,0.00,0.000,0.000,0.00
1777906995,loop5,0.00,0.00,0.000,0.000,0.00
1777906995,loop6,0.00,0.00,0.000,0.000,0.00
1777906995,loop7,0.00,0.00,0.000,0.000,0.00
1777906995,loop8,0.00,0.00,0.000,0.000,0.00
1777906995,loop9,0.00,0.00,0.000,0.000,0.00
1777906995,nvme0n1,0.00,0.00,0.000,0.000,0.00
1777906996,loop0,0.00,0.00,0.000,0.000,0.00
1777906996,loop1,0.00,0.00,0.000,0.000,0.00
1777906996,loop10,0.00,0.00,0.000,0.000,0.00
1777906996,loop11,0.00,0.00,0.000,0.000,0.00
1777906996,loop12,0.00,0.00,0.000,0.000,0.00
1777906996,loop13,0.00,0.00,0.000,0.000,0.00
1777906996,loop14,0.00,0.00,0.000,0.000,0.00
1777906996,loop15,0.00,0.00,0.000,0.000,0.00
1777906996,loop16,0.00,0.00,0.000,0.000,0.00
1777906996,loop17,0.00,0.00,0.000,0.000,0.00
1777906996,loop18,0.00,0.00,0.000,0.000,0.00
1777906996,loop19,0.00,0.00,0.000,0.000,0.00
1777906996,loop2,0.00,0.00,0.000,0.000,0.00
1777906996,loop20,0.00,0.00,0.000,0.000,0.00
1777906996,loop21,0.00,0.00,0.000,0.000,0.00
1777906996,loop22,0.00,0.00,0.000,0.000,0.00
1777906996,loop23,0.00,0.00,0.000,0.000,0.00
1777906996,loop24,0.00,0.00,0.000,0.000,0.00
1777906996,loop25,0.00,0.00,0.000,0.000,0.00
1777906996,loop26,0.00,0.00,0.000,0.000,0.00
1777906996,loop27,0.00,0.00,0.000,0.000,0.00
1777906996,loop28,0.00,0.00,0.000,0.000,0.00
1777906996,loop29,0.00,0.00,0.000,0.000,0.00
1777906996,loop3,0.00,0.00,0.000,0.000,0.00
1777906996,loop30,0.00,0.00,0.000,0.000,0.00
1777906996,loop31,0.00,0.00,0.000,0.000,0.00
1777906996,loop32,0.00,0.00,0.000,0.000,0.00
1777906996,loop33,0.00,0.00,0.000,0.000,0.00
1777906996,loop34,0.00,0.00,0.000,0.000,0.00
1777906996,loop35,0.00,0.00,0.000,0.000,0.00
1777906996,loop36,0.00,0.00,0.000,0.000,0.00
1777906996,loop37,0.00,0.00,0.000,0.000,0.00
1777906996,loop38,0.00,0.00,0.000,0.000,0.00
1777906996,loop39,0.00,0.00,0.000,0.000,0.00
1777906996,loop4,0.00,0.00,0.000,0.000,0.00
1777906996,loop40,0.00,0.00,0.000,0.000,0.00
1777906996,loop5,0.00,0.00,0.000,0.000,0.00
1777906996,loop6,0.00,0.00,0.000,0.000,0.00
1777906996,loop7,0.00,0.00,0.000,0.000,0.00
1777906996,loop8,0.00,0.00,0.000,0.000,0.00
1777906996,loop9,0.00,0.00,0.000,0.000,0.00
1777906996,nvme0n1,0.00,0.00,0.000,0.000,0.20
1777906997,loop0,0.00,0.00,0.000,0.000,0.00
1777906997,loop1,0.00,0.00,0.000,0.000,0.00
1777906997,loop10,0.00,0.00,0.000,0.000,0.00
1777906997,loop11,0.00,0.00,0.000,0.000,0.00
1777906997,loop12,0.00,0.00,0.000,0.000,0.00
1777906997,loop13,0.00,0.00,0.000,0.000,0.00
1777906997,loop14,0.00,0.00,0.000,0.000,0.00
1777906997,loop15,0.00,0.00,0.000,0.000,0.00
1777906997,loop16,0.00,0.00,0.000,0.000,0.00
1777906997,loop17,0.00,0.00,0.000,0.000,0.00
1777906997,loop18,0.00,0.00,0.000,0.000,0.00
1777906997,loop19,0.00,0.00,0.000,0.000,0.00
1777906997,loop2,0.00,0.00,0.000,0.000,0.00
1777906997,loop20,0.00,0.00,0.000,0.000,0.00
1777906997,loop21,0.00,0.00,0.000,0.000,0.00
1777906997,loop22,0.00,0.00,0.000,0.000,0.00
1777906997,loop23,0.00,0.00,0.000,0.000,0.00
1777906997,loop24,0.00,0.00,0.000,0.000,0.00
1777906997,loop25,0.00,0.00,0.000,0.000,0.00
1777906997,loop26,0.00,0.00,0.000,0.000,0.00
1777906997,loop27,0.00,0.00,0.000,0.000,0.00
1777906997,loop28,0.00,0.00,0.000,0.000,0.00
1777906997,loop29,0.00,0.00,0.000,0.000,0.00
1777906997,loop3,0.00,0.00,0.000,0.000,0.00
1777906997,loop30,0.00,0.00,0.000,0.000,0.00
1777906997,loop31,0.00,0.00,0.000,0.000,0.00
1777906997,loop32,0.00,0.00,0.000,0.000,0.00
1777906997,loop33,0.00,0.00,0.000,0.000,0.00
1777906997,loop34,0.00,0.00,0.000,0.000,0.00
1777906997,loop35,0.00,0.00,0.000,0.000,0.00
1777906997,loop36,0.00,0.00,0.000,0.000,0.00
1777906997,loop37,0.00,0.00,0.000,0.000,0.00
1777906997,loop38,0.00,0.00,0.000,0.000,0.00
1777906997,loop39,0.00,0.00,0.000,0.000,0.00
1777906997,loop4,0.00,0.00,0.000,0.000,0.00
1777906997,loop40,0.00,0.00,0.000,0.000,0.00
1777906997,loop5,0.00,0.00,0.000,0.000,0.00
1777906997,loop6,0.00,0.00,0.000,0.000,0.00
1777906997,loop7,0.00,0.00,0.000,0.000,0.00
1777906997,loop8,0.00,0.00,0.000,0.000,0.00
1777906997,loop9,0.00,0.00,0.000,0.000,0.00
1777906997,nvme0n1,0.00,0.00,0.000,0.000,0.00
1777906998,loop0,0.00,0.00,0.000,0.000,0.00
1777906998,loop1,0.00,0.00,0.000,0.000,0.00
1777906998,loop10,0.00,0.00,0.000,0.000,0.00
1777906998,loop11,0.00,0.00,0.000,0.000,0.00
1777906998,loop12,0.00,0.00,0.000,0.000,0.00
1777906998,loop13,0.00,0.00,0.000,0.000,0.00
1777906998,loop14,0.00,0.00,0.000,0.000,0.00
1777906998,loop15,0.00,0.00,0.000,0.000,0.00
1777906998,loop16,0.00,0.00,0.000,0.000,0.00
1777906998,loop17,0.00,0.00,0.000,0.000,0.00
1777906998,loop18,0.00,0.00,0.000,0.000,0.00
1777906998,loop19,0.00,0.00,0.000,0.000,0.00
1777906998,loop2,0.00,0.00,0.000,0.000,0.00
1777906998,loop20,0.00,0.00,0.000,0.000,0.00
1777906998,loop21,0.00,0.00,0.000,0.000,0.00
1777906998,loop22,0.00,0.00,0.000,0.000,0.00
1777906998,loop23,0.00,0.00,0.000,0.000,0.00
1777906998,loop24,0.00,0.00,0.000,0.000,0.00
1777906998,loop25,0.00,0.00,0.000,0.000,0.00
1777906998,loop26,0.00,0.00,0.000,0.000,0.00
1777906998,loop27,0.00,0.00,0.000,0.000,0.00
1777906998,loop28,0.00,0.00,0.000,0.000,0.00
1777906998,loop29,0.00,0.00,0.000,0.000,0.00
1777906998,loop3,0.00,0.00,0.000,0.000,0.00
1777906998,loop30,0.00,0.00,0.000,0.000,0.00
1777906998,loop31,0.00,0.00,0.000,0.000,0.00
1777906998,loop32,0.00,0.00,0.000,0.000,0.00
1777906998,loop33,0.00,0.00,0.000,0.000,0.00
1777906998,loop34,0.00,0.00,0.000,0.000,0.00
1777906998,loop35,0.00,0.00,0.000,0.000,0.00
1777906998,loop36,0.00,0.00,0.000,0.000,0.00
1777906998,loop37,0.00,0.00,0.000,0.000,0.00
1777906998,loop38,0.00,0.00,0.000,0.000,0.00
1777906998,loop39,0.00,0.00,0.000,0.000,0.00
1777906998,loop4,0.00,0.00,0.000,0.000,0.00
1777906998,loop40,0.00,0.00,0.000,0.000,0.00
1777906998,loop5,0.00,0.00,0.000,0.000,0.00
1777906998,loop6,0.00,0.00,0.000,0.000,0.00
1777906998,loop7,0.00,0.00,0.000,0.000,0.00
1777906998,loop8,0.00,0.00,0.000,0.000,0.00
1777906998,loop9,0.00,0.00,0.000,0.000,0.00
1777906998,nvme0n1,0.00,0.00,0.000,0.000,0.20
1777906999,loop0,0.00,0.00,0.000,0.000,0.00
1777906999,loop1,0.00,0.00,0.000,0.000,0.00
1777906999,loop10,0.00,0.00,0.000,0.000,0.00
1777906999,loop11,0.00,0.00,0.000,0.000,0.00
1777906999,loop12,0.00,0.00,0.000,0.000,0.00
1777906999,loop13,0.00,0.00,0.000,0.000,0.00
1777906999,loop14,0.00,0.00,0.000,0.000,0.00
1777906999,loop15,0.00,0.00,0.000,0.000,0.00
1777906999,loop16,0.00,0.00,0.000,0.000,0.00
1777906999,loop17,0.00,0.00,0.000,0.000,0.00
1777906999,loop18,0.00,0.00,0.000,0.000,0.00
1777906999,loop19,0.00,0.00,0.000,0.000,0.00
1777906999,loop2,0.00,0.00,0.000,0.000,0.00
1777906999,loop20,0.00,0.00,0.000,0.000,0.00
1777906999,loop21,0.00,0.00,0.000,0.000,0.00
1777906999,loop22,0.00,0.00,0.000,0.000,0.00
1777906999,loop23,0.00,0.00,0.000,0.000,0.00
1777906999,loop24,0.00,0.00,0.000,0.000,0.00
1777906999,loop25,0.00,0.00,0.000,0.000,0.00
1777906999,loop26,0.00,0.00,0.000,0.000,0.00
1777906999,loop27,0.00,0.00,0.000,0.000,0.00
1777906999,loop28,0.00,0.00,0.000,0.000,0.00
1777906999,loop29,0.00,0.00,0.000,0.000,0.00
1777906999,loop3,0.00,0.00,0.000,0.000,0.00
1777906999,loop30,0.00,0.00,0.000,0.000,0.00
1777906999,loop31,0.00,0.00,0.000,0.000,0.00
1777906999,loop32,0.00,0.00,0.000,0.000,0.00
1777906999,loop33,0.00,0.00,0.000,0.000,0.00
1777906999,loop34,0.00,0.00,0.000,0.000,0.00
1777906999,loop35,0.00,0.00,0.000,0.000,0.00
1777906999,loop36,0.00,0.00,0.000,0.000,0.00
1777906999,loop37,0.00,0.00,0.000,0.000,0.00
1777906999,loop38,0.00,0.00,0.000,0.000,0.00
1777906999,loop39,0.00,0.00,0.000,0.000,0.00
1777906999,loop4,0.00,0.00,0.000,0.000,0.00
1777906999,loop40,0.00,0.00,0.000,0.000,0.00
1777906999,loop5,0.00,0.00,0.000,0.000,0.00
1777906999,loop6,0.00,0.00,0.000,0.000,0.00
1777906999,loop7,0.00,0.00,0.000,0.000,0.00
1777906999,loop8,0.00,0.00,0.000,0.000,0.00
1777906999,loop9,0.00,0.00,0.000,0.000,0.00
1777906999,nvme0n1,0.00,0.00,0.000,0.000,0.70
1777907000,loop0,0.00,0.00,0.000,0.000,0.00
1777907000,loop1,0.00,0.00,0.000,0.000,0.00
1777907000,loop10,0.00,0.00,0.000,0.000,0.00
1777907000,loop11,0.00,0.00,0.000,0.000,0.00
1777907000,loop12,0.00,0.00,0.000,0.000,0.00
1777907000,loop13,0.00,0.00,0.000,0.000,0.00
1777907000,loop14,0.00,0.00,0.000,0.000,0.00
1777907000,loop15,0.00,0.00,0.000,0.000,0.00
1777907000,loop16,0.00,0.00,0.000,0.000,0.00
1777907000,loop17,0.00,0.00,0.000,0.000,0.00
1777907000,loop18,0.00,0.00,0.000,0.000,0.00
1777907000,loop19,0.00,0.00,0.000,0.000,0.00
1777907000,loop2,0.00,0.00,0.000,0.000,0.00
1777907000,loop20,0.00,0.00,0.000,0.000,0.00
1777907000,loop21,0.00,0.00,0.000,0.000,0.00
1777907000,loop22,0.00,0.00,0.000,0.000,0.00
1777907000,loop23,0.00,0.00,0.000,0.000,0.00
1777907000,loop24,0.00,0.00,0.000,0.000,0.00
1777907000,loop25,0.00,0.00,0.000,0.000,0.00
1777907000,loop26,0.00,0.00,0.000,0.000,0.00
1777907000,loop27,0.00,0.00,0.000,0.000,0.00
1777907000,loop28,0.00,0.00,0.000,0.000,0.00
1777907000,loop29,0.00,0.00,0.000,0.000,0.00
1777907000,loop3,0.00,0.00,0.000,0.000,0.00
1777907000,loop30,0.00,0.00,0.000,0.000,0.00
1777907000,loop31,0.00,0.00,0.000,0.000,0.00
1777907000,loop32,0.00,0.00,0.000,0.000,0.00
1777907000,loop33,0.00,0.00,0.000,0.000,0.00
1777907000,loop34,0.00,0.00,0.000,0.000,0.00
1777907000,loop35,0.00,0.00,0.000,0.000,0.00
1777907000,loop36,0.00,0.00,0.000,0.000,0.00
1777907000,loop37,0.00,0.00,0.000,0.000,0.00
1777907000,loop38,0.00,0.00,0.000,0.000,0.00
1777907000,loop39,0.00,0.00,0.000,0.000,0.00
1777907000,loop4,0.00,0.00,0.000,0.000,0.00
1777907000,loop40,0.00,0.00,0.000,0.000,0.00
1777907000,loop5,0.00,0.00,0.000,0.000,0.00
1777907000,loop6,0.00,0.00,0.000,0.000,0.00
1777907000,loop7,0.00,0.00,0.000,0.000,0.00
1777907000,loop8,0.00,0.00,0.000,0.000,0.00
1777907000,loop9,0.00,0.00,0.000,0.000,0.00
1777907000,nvme0n1,0.00,0.00,0.000,0.000,0.00
1777907001,loop0,0.00,0.00,0.000,0.000,0.00
1777907001,loop1,0.00,0.00,0.000,0.000,0.00
1777907001,loop10,0.00,0.00,0.000,0.000,0.00
1777907001,loop11,0.00,0.00,0.000,0.000,0.00
1777907001,loop12,0.00,0.00,0.000,0.000,0.00
1777907001,loop13,0.00,0.00,0.000,0.000,0.00
1777907001,loop14,0.00,0.00,0.000,0.000,0.00
1777907001,loop15,0.00,0.00,0.000,0.000,0.00
1777907001,loop16,0.00,0.00,0.000,0.000,0.00
1777907001,loop17,0.00,0.00,0.000,0.000,0.00
1777907001,loop18,0.00,0.00,0.000,0.000,0.00
1777907001,loop19,0.00,0.00,0.000,0.000,0.00
1777907001,loop2,0.00,0.00,0.000,0.000,0.00
1777907001,loop20,0.00,0.00,0.000,0.000,0.00
1777907001,loop21,0.00,0.00,0.000,0.000,0.00
1777907001,loop22,0.00,0.00,0.000,0.000,0.00
1777907001,loop23,0.00,0.00,0.000,0.000,0.00
1777907001,loop24,0.00,0.00,0.000,0.000,0.00
1777907001,loop25,0.00,0.00,0.000,0.000,0.00
1777907001,loop26,0.00,0.00,0.000,0.000,0.00
1777907001,loop27,0.00,0.00,0.000,0.000,0.00
1777907001,loop28,0.00,0.00,0.000,0.000,0.00
1777907001,loop29,0.00,0.00,0.000,0.000,0.00
1777907001,loop3,0.00,0.00,0.000,0.000,0.00
1777907001,loop30,0.00,0.00,0.000,0.000,0.00
1777907001,loop31,0.00,0.00,0.000,0.000,0.00
1777907001,loop32,0.00,0.00,0.000,0.000,0.00
1777907001,loop33,0.00,0.00,0.000,0.000,0.00
1777907001,loop34,0.00,0.00,0.000,0.000,0.00
1777907001,loop35,0.00,0.00,0.000,0.000,0.00
1777907001,loop36,0.00,0.00,0.000,0.000,0.00
1777907001,loop37,0.00,0.00,0.000,0.000,0.00
1777907001,loop38,0.00,0.00,0.000,0.000,0.00
1777907001,loop39,0.00,0.00,0.000,0.000,0.00
1777907001,loop4,0.00,0.00,0.000,0.000,0.00
1777907001,loop40,0.00,0.00,0.000,0.000,0.00
1777907001,loop5,0.00,0.00,0.000,0.000,0.00
1777907001,loop6,0.00,0.00,0.000,0.000,0.00
1777907001,loop7,0.00,0.00,0.000,0.000,0.00
1777907001,loop8,0.00,0.00,0.000,0.000,0.00
1777907001,loop9,0.00,0.00,0.000,0.000,0.00
1777907001,nvme0n1,0.00,0.00,0.000,0.000,0.00
1777907002,loop0,0.00,0.00,0.000,0.000,0.00
1777907002,loop1,0.00,0.00,0.000,0.000,0.00
1777907002,loop10,0.00,0.00,0.000,0.000,0.00
1777907002,loop11,0.00,0.00,0.000,0.000,0.00
1777907002,loop12,0.00,0.00,0.000,0.000,0.00
1777907002,loop13,0.00,0.00,0.000,0.000,0.00
1777907002,loop14,0.00,0.00,0.000,0.000,0.00
1777907002,loop15,0.00,0.00,0.000,0.000,0.00
1777907002,loop16,0.00,0.00,0.000,0.000,0.00
1777907002,loop17,0.00,0.00,0.000,0.000,0.00
1777907002,loop18,0.00,0.00,0.000,0.000,0.00
1777907002,loop19,0.00,0.00,0.000,0.000,0.00
1777907002,loop2,0.00,0.00,0.000,0.000,0.00
1777907002,loop20,0.00,0.00,0.000,0.000,0.00
1777907002,loop21,0.00,0.00,0.000,0.000,0.00
1777907002,loop22,0.00,0.00,0.000,0.000,0.00
1777907002,loop23,0.00,0.00,0.000,0.000,0.00
1777907002,loop24,0.00,0.00,0.000,0.000,0.00
1777907002,loop25,0.00,0.00,0.000,0.000,0.00
1777907002,loop26,0.00,0.00,0.000,0.000,0.00
1777907002,loop27,0.00,0.00,0.000,0.000,0.00
1777907002,loop28,0.00,0.00,0.000,0.000,0.00
1777907002,loop29,0.00,0.00,0.000,0.000,0.00
1777907002,loop3,0.00,0.00,0.000,0.000,0.00
1777907002,loop30,0.00,0.00,0.000,0.000,0.00
1777907002,loop31,0.00,0.00,0.000,0.000,0.00
1777907002,loop32,0.00,0.00,0.000,0.000,0.00
1777907002,loop33,0.00,0.00,0.000,0.000,0.00
1777907002,loop34,0.00,0.00,0.000,0.000,0.00
1777907002,loop35,0.00,0.00,0.000,0.000,0.00
1777907002,loop36,0.00,0.00,0.000,0.000,0.00
1777907002,loop37,0.00,0.00,0.000,0.000,0.00
1777907002,loop38,0.00,0.00,0.000,0.000,0.00
1777907002,loop39,0.00,0.00,0.000,0.000,0.00
1777907002,loop4,0.00,0.00,0.000,0.000,0.00
1777907002,loop40,0.00,0.00,0.000,0.000,0.00
1777907002,loop5,0.00,0.00,0.000,0.000,0.00
1777907002,loop6,0.00,0.00,0.000,0.000,0.00
1777907002,loop7,0.00,0.00,0.000,0.000,0.00
1777907002,loop8,0.00,0.00,0.000,0.000,0.00
1777907002,loop9,0.00,0.00,0.000,0.000,0.00
1777907002,nvme0n1,0.00,0.00,0.000,0.000,0.00
1777907003,loop0,0.00,0.00,0.000,0.000,0.00
1777907003,loop1,0.00,0.00,0.000,0.000,0.00
1777907003,loop10,0.00,0.00,0.000,0.000,0.00
1777907003,loop11,0.00,0.00,0.000,0.000,0.00
1777907003,loop12,0.00,0.00,0.000,0.000,0.00
1777907003,loop13,0.00,0.00,0.000,0.000,0.00
1777907003,loop14,0.00,0.00,0.000,0.000,0.00
1777907003,loop15,0.00,0.00,0.000,0.000,0.00
1777907003,loop16,0.00,0.00,0.000,0.000,0.00
1777907003,loop17,0.00,0.00,0.000,0.000,0.00
1777907003,loop18,0.00,0.00,0.000,0.000,0.00
1777907003,loop19,0.00,0.00,0.000,0.000,0.00
1777907003,loop2,0.00,0.00,0.000,0.000,0.00
1777907003,loop20,0.00,0.00,0.000,0.000,0.00
1777907003,loop21,0.00,0.00,0.000,0.000,0.00
1777907003,loop22,0.00,0.00,0.000,0.000,0.00
1777907003,loop23,0.00,0.00,0.000,0.000,0.00
1777907003,loop24,0.00,0.00,0.000,0.000,0.00
1777907003,loop25,0.00,0.00,0.000,0.000,0.00
1777907003,loop26,0.00,0.00,0.000,0.000,0.00
1777907003,loop27,0.00,0.00,0.000,0.000,0.00
1777907003,loop28,0.00,0.00,0.000,0.000,0.00
1777907003,loop29,0.00,0.00,0.000,0.000,0.00
1777907003,loop3,0.00,0.00,0.000,0.000,0.00
1777907003,loop30,0.00,0.00,0.000,0.000,0.00
1777907003,loop31,0.00,0.00,0.000,0.000,0.00
1777907003,loop32,0.00,0.00,0.000,0.000,0.00
1777907003,loop33,0.00,0.00,0.000,0.000,0.00
1777907003,loop34,0.00,0.00,0.000,0.000,0.00
1777907003,loop35,0.00,0.00,0.000,0.000,0.00
1777907003,loop36,0.00,0.00,0.000,0.000,0.00
1777907003,loop37,0.00,0.00,0.000,0.000,0.00
1777907003,loop38,0.00,0.00,0.000,0.000,0.00
1777907003,loop39,0.00,0.00,0.000,0.000,0.00
1777907003,loop4,0.00,0.00,0.000,0.000,0.00
1777907003,loop40,0.00,0.00,0.000,0.000,0.00
1777907003,loop5,0.00,0.00,0.000,0.000,0.00
1777907003,loop6,0.00,0.00,0.000,0.000,0.00
1777907003,loop7,0.00,0.00,0.000,0.000,0.00
1777907003,loop8,0.00,0.00,0.000,0.000,0.00
1777907003,loop9,0.00,0.00,0.000,0.000,0.00
1777907003,nvme0n1,0.00,0.00,0.000,0.000,0.00
1777907004,loop0,0.00,0.00,0.000,0.000,0.00
1777907004,loop1,0.00,0.00,0.000,0.000,0.00
1777907004,loop10,0.00,0.00,0.000,0.000,0.00
1777907004,loop11,0.00,0.00,0.000,0.000,0.00
1777907004,loop12,0.00,0.00,0.000,0.000,0.00
1777907004,loop13,0.00,0.00,0.000,0.000,0.00
1777907004,loop14,0.00,0.00,0.000,0.000,0.00
1777907004,loop15,0.00,0.00,0.000,0.000,0.00
1777907004,loop16,0.00,0.00,0.000,0.000,0.00
1777907004,loop17,0.00,0.00,0.000,0.000,0.00
1777907004,loop18,0.00,0.00,0.000,0.000,0.00
1777907004,loop19,0.00,0.00,0.000,0.000,0.00
1777907004,loop2,0.00,0.00,0.000,0.000,0.00
1777907004,loop20,0.00,0.00,0.000,0.000,0.00
1777907004,loop21,0.00,0.00,0.000,0.000,0.00
1777907004,loop22,0.00,0.00,0.000,0.000,0.00
1777907004,loop23,0.00,0.00,0.000,0.000,0.00
1777907004,loop24,0.00,0.00,0.000,0.000,0.00
1777907004,loop25,0.00,0.00,0.000,0.000,0.00
1777907004,loop26,0.00,0.00,0.000,0.000,0.00
1777907004,loop27,0.00,0.00,0.000,0.000,0.00
1777907004,loop28,0.00,0.00,0.000,0.000,0.00
1777907004,loop29,0.00,0.00,0.000,0.000,0.00
1777907004,loop3,0.00,0.00,0.000,0.000,0.00
1777907004,loop30,0.00,0.00,0.000,0.000,0.00
1777907004,loop31,0.00,0.00,0.000,0.000,0.00
1777907004,loop32,0.00,0.00,0.000,0.000,0.00
1777907004,loop33,0.00,0.00,0.000,0.000,0.00
1777907004,loop34,0.00,0.00,0.000,0.000,0.00
1777907004,loop35,0.00,0.00,0.000,0.000,0.00
1777907004,loop36,0.00,0.00,0.000,0.000,0.00
1777907004,loop37,0.00,0.00,0.000,0.000,0.00
1777907004,loop38,0.00,0.00,0.000,0.000,0.00
1777907004,loop39,0.00,0.00,0.000,0.000,0.00
1777907004,loop4,0.00,0.00,0.000,0.000,0.00
1777907004,loop40,0.00,0.00,0.000,0.000,0.00
1777907004,loop5,0.00,0.00,0.000,0.000,0.00
1777907004,loop6,0.00,0.00,0.000,0.000,0.00
1777907004,loop7,0.00,0.00,0.000,0.000,0.00
1777907004,loop8,0.00,0.00,0.000,0.000,0.00
1777907004,loop9,0.00,0.00,0.000,0.000,0.00
1777907004,nvme0n1,0.00,0.00,0.000,0.000,0.00
1777907005,loop0,0.00,0.00,0.000,0.000,0.00
1777907005,loop1,0.00,0.00,0.000,0.000,0.00
1777907005,loop10,0.00,0.00,0.000,0.000,0.00
1777907005,loop11,0.00,0.00,0.000,0.000,0.00
1777907005,loop12,0.00,0.00,0.000,0.000,0.00
1777907005,loop13,0.00,0.00,0.000,0.000,0.00
1777907005,loop14,0.00,0.00,0.000,0.000,0.00
1777907005,loop15,0.00,0.00,0.000,0.000,0.00
1777907005,loop16,0.00,0.00,0.000,0.000,0.00
1777907005,loop17,0.00,0.00,0.000,0.000,0.00
1777907005,loop18,0.00,0.00,0.000,0.000,0.00
1777907005,loop19,0.00,0.00,0.000,0.000,0.00
1777907005,loop2,0.00,0.00,0.000,0.000,0.00
1777907005,loop20,0.00,0.00,0.000,0.000,0.00
1777907005,loop21,0.00,0.00,0.000,0.000,0.00
1777907005,loop22,0.00,0.00,0.000,0.000,0.00
1777907005,loop23,0.00,0.00,0.000,0.000,0.00
1777907005,loop24,0.00,0.00,0.000,0.000,0.00
1777907005,loop25,0.00,0.00,0.000,0.000,0.00
1777907005,loop26,0.00,0.00,0.000,0.000,0.00
1777907005,loop27,0.00,0.00,0.000,0.000,0.00
1777907005,loop28,0.00,0.00,0.000,0.000,0.00
1777907005,loop29,0.00,0.00,0.000,0.000,0.00
1777907005,loop3,0.00,0.00,0.000,0.000,0.00
1777907005,loop30,0.00,0.00,0.000,0.000,0.00
1777907005,loop31,0.00,0.00,0.000,0.000,0.00
1777907005,loop32,0.00,0.00,0.000,0.000,0.00
1777907005,loop33,0.00,0.00,0.000,0.000,0.00
1777907005,loop34,0.00,0.00,0.000,0.000,0.00
1777907005,loop35,0.00,0.00,0.000,0.000,0.00
1777907005,loop36,0.00,0.00,0.000,0.000,0.00
1777907005,loop37,0.00,0.00,0.000,0.000,0.00
1777907005,loop38,0.00,0.00,0.000,0.000,0.00
1777907005,loop39,0.00,0.00,0.000,0.000,0.00
1777907005,loop4,0.00,0.00,0.000,0.000,0.00
1777907005,loop40,0.00,0.00,0.000,0.000,0.00
1777907005,loop5,0.00,0.00,0.000,0.000,0.00
1777907005,loop6,0.00,0.00,0.000,0.000,0.00
1777907005,loop7,0.00,0.00,0.000,0.000,0.00
1777907005,loop8,0.00,0.00,0.000,0.000,0.00
1777907005,loop9,0.00,0.00,0.000,0.000,0.00
1777907005,nvme0n1,1.00,4.00,0.000,0.000,5.10
1777907006,loop0,0.00,0.00,0.000,0.000,0.00
1777907006,loop1,0.00,0.00,0.000,0.000,0.00
1777907006,loop10,0.00,0.00,0.000,0.000,0.00
1777907006,loop11,0.00,0.00,0.000,0.000,0.00
1777907006,loop12,0.00,0.00,0.000,0.000,0.00
1777907006,loop13,0.00,0.00,0.000,0.000,0.00
1777907006,loop14,0.00,0.00,0.000,0.000,0.00
1777907006,loop15,0.00,0.00,0.000,0.000,0.00
1777907006,loop16,0.00,0.00,0.000,0.000,0.00
1777907006,loop17,0.00,0.00,0.000,0.000,0.00
1777907006,loop18,0.00,0.00,0.000,0.000,0.00
1777907006,loop19,0.00,0.00,0.000,0.000,0.00
1777907006,loop2,0.00,0.00,0.000,0.000,0.00
1777907006,loop20,0.00,0.00,0.000,0.000,0.00
1777907006,loop21,0.00,0.00,0.000,0.000,0.00
1777907006,loop22,0.00,0.00,0.000,0.000,0.00
1777907006,loop23,0.00,0.00,0.000,0.000,0.00
1777907006,loop24,0.00,0.00,0.000,0.000,0.00
1777907006,loop25,0.00,0.00,0.000,0.000,0.00
1777907006,loop26,0.00,0.00,0.000,0.000,0.00
1777907006,loop27,0.00,0.00,0.000,0.000,0.00
1777907006,loop28,0.00,0.00,0.000,0.000,0.00
1777907006,loop29,0.00,0.00,0.000,0.000,0.00
1777907006,loop3,0.00,0.00,0.000,0.000,0.00
1777907006,loop30,0.00,0.00,0.000,0.000,0.00
1777907006,loop31,0.00,0.00,0.000,0.000,0.00
1777907006,loop32,0.00,0.00,0.000,0.000,0.00
1777907006,loop33,0.00,0.00,0.000,0.000,0.00
1777907006,loop34,0.00,0.00,0.000,0.000,0.00
1777907006,loop35,0.00,0.00,0.000,0.000,0.00
1777907006,loop36,0.00,0.00,0.000,0.000,0.00
1777907006,loop37,0.00,0.00,0.000,0.000,0.00
1777907006,loop38,0.00,0.00,0.000,0.000,0.00
1777907006,loop39,0.00,0.00,0.000,0.000,0.00
1777907006,loop4,0.00,0.00,0.000,0.000,0.00
1777907006,loop40,0.00,0.00,0.000,0.000,0.00
1777907006,loop5,0.00,0.00,0.000,0.000,0.00
1777907006,loop6,0.00,0.00,0.000,0.000,0.00
1777907006,loop7,0.00,0.00,0.000,0.000,0.00
1777907006,loop8,0.00,0.00,0.000,0.000,0.00
1777907006,loop9,0.00,0.00,0.000,0.000,0.00
1777907006,nvme0n1,0.00,0.00,0.000,0.000,0.00
1777907007,loop0,0.00,0.00,0.000,0.000,0.00
1777907007,loop1,0.00,0.00,0.000,0.000,0.00
1777907007,loop10,0.00,0.00,0.000,0.000,0.00
1777907007,loop11,0.00,0.00,0.000,0.000,0.00
1777907007,loop12,0.00,0.00,0.000,0.000,0.00
1777907007,loop13,0.00,0.00,0.000,0.000,0.00
1777907007,loop14,0.00,0.00,0.000,0.000,0.00
1777907007,loop15,0.00,0.00,0.000,0.000,0.00
1777907007,loop16,0.00,0.00,0.000,0.000,0.00
1777907007,loop17,0.00,0.00,0.000,0.000,0.00
1777907007,loop18,0.00,0.00,0.000,0.000,0.00
1777907007,loop19,0.00,0.00,0.000,0.000,0.00
1777907007,loop2,0.00,0.00,0.000,0.000,0.00
1777907007,loop20,0.00,0.00,0.000,0.000,0.00
1777907007,loop21,0.00,0.00,0.000,0.000,0.00
1777907007,loop22,0.00,0.00,0.000,0.000,0.00
1777907007,loop23,0.00,0.00,0.000,0.000,0.00
1777907007,loop24,0.00,0.00,0.000,0.000,0.00
1777907007,loop25,0.00,0.00,0.000,0.000,0.00
1777907007,loop26,0.00,0.00,0.000,0.000,0.00
1777907007,loop27,0.00,0.00,0.000,0.000,0.00
1777907007,loop28,0.00,0.00,0.000,0.000,0.00
1777907007,loop29,0.00,0.00,0.000,0.000,0.00
1777907007,loop3,0.00,0.00,0.000,0.000,0.00
1777907007,loop30,0.00,0.00,0.000,0.000,0.00
1777907007,loop31,0.00,0.00,0.000,0.000,0.00
1777907007,loop32,0.00,0.00,0.000,0.000,0.00
1777907007,loop33,0.00,0.00,0.000,0.000,0.00
1777907007,loop34,0.00,0.00,0.000,0.000,0.00
1777907007,loop35,0.00,0.00,0.000,0.000,0.00
1777907007,loop36,0.00,0.00,0.000,0.000,0.00
1777907007,loop37,0.00,0.00,0.000,0.000,0.00
1777907007,loop38,0.00,0.00,0.000,0.000,0.00
1777907007,loop39,0.00,0.00,0.000,0.000,0.00
1777907007,loop4,0.00,0.00,0.000,0.000,0.00
1777907007,loop40,0.00,0.00,0.000,0.000,0.00
1777907007,loop5,0.00,0.00,0.000,0.000,0.00
1777907007,loop6,0.00,0.00,0.000,0.000,0.00
1777907007,loop7,0.00,0.00,0.000,0.000,0.00
1777907007,loop8,0.00,0.00,0.000,0.000,0.00
1777907007,loop9,0.00,0.00,0.000,0.000,0.00
1777907007,nvme0n1,0.00,0.00,0.000,0.000,0.00
1777907008,loop0,0.00,0.00,0.000,0.000,0.00
1777907008,loop1,0.00,0.00,0.000,0.000,0.00
1777907008,loop10,0.00,0.00,0.000,0.000,0.00
1777907008,loop11,0.00,0.00,0.000,0.000,0.00
1777907008,loop12,0.00,0.00,0.000,0.000,0.00
1777907008,loop13,0.00,0.00,0.000,0.000,0.00
1777907008,loop14,0.00,0.00,0.000,0.000,0.00
1777907008,loop15,0.00,0.00,0.000,0.000,0.00
1777907008,loop16,0.00,0.00,0.000,0.000,0.00
1777907008,loop17,0.00,0.00,0.000,0.000,0.00
1777907008,loop18,0.00,0.00,0.000,0.000,0.00
1777907008,loop19,0.00,0.00,0.000,0.000,0.00
1777907008,loop2,0.00,0.00,0.000,0.000,0.00
1777907008,loop20,0.00,0.00,0.000,0.000,0.00
1777907008,loop21,0.00,0.00,0.000,0.000,0.00
1777907008,loop22,0.00,0.00,0.000,0.000,0.00
1777907008,loop23,0.00,0.00,0.000,0.000,0.00
1777907008,loop24,0.00,0.00,0.000,0.000,0.00
1777907008,loop25,0.00,0.00,0.000,0.000,0.00
1777907008,loop26,0.00,0.00,0.000,0.000,0.00
1777907008,loop27,0.00,0.00,0.000,0.000,0.00
1777907008,loop28,0.00,0.00,0.000,0.000,0.00
1777907008,loop29,0.00,0.00,0.000,0.000,0.00
1777907008,loop3,0.00,0.00,0.000,0.000,0.00
1777907008,loop30,0.00,0.00,0.000,0.000,0.00
1777907008,loop31,0.00,0.00,0.000,0.000,0.00
1777907008,loop32,0.00,0.00,0.000,0.000,0.00
1777907008,loop33,0.00,0.00,0.000,0.000,0.00
1777907008,loop34,0.00,0.00,0.000,0.000,0.00
1777907008,loop35,0.00,0.00,0.000,0.000,0.00
1777907008,loop36,0.00,0.00,0.000,0.000,0.00
1777907008,loop37,0.00,0.00,0.000,0.000,0.00
1777907008,loop38,0.00,0.00,0.000,0.000,0.00
1777907008,loop39,0.00,0.00,0.000,0.000,0.00
1777907008,loop4,0.00,0.00,0.000,0.000,0.00
1777907008,loop40,0.00,0.00,0.000,0.000,0.00
1777907008,loop5,0.00,0.00,0.000,0.000,0.00
1777907008,loop6,0.00,0.00,0.000,0.000,0.00
1777907008,loop7,0.00,0.00,0.000,0.000,0.00
1777907008,loop8,0.00,0.00,0.000,0.000,0.00
1777907008,loop9,0.00,0.00,0.000,0.000,0.00
1777907008,nvme0n1,0.00,0.00,0.000,0.000,2.10
1777907009,loop0,0.00,0.00,0.000,0.000,0.00
1777907009,loop1,0.00,0.00,0.000,0.000,0.00
1777907009,loop10,0.00,0.00,0.000,0.000,0.00
1777907009,loop11,0.00,0.00,0.000,0.000,0.00
1777907009,loop12,0.00,0.00,0.000,0.000,0.00
1777907009,loop13,0.00,0.00,0.000,0.000,0.00
1777907009,loop14,0.00,0.00,0.000,0.000,0.00
1777907009,loop15,0.00,0.00,0.000,0.000,0.00
1777907009,loop16,0.00,0.00,0.000,0.000,0.00
1777907009,loop17,0.00,0.00,0.000,0.000,0.00
1777907009,loop18,0.00,0.00,0.000,0.000,0.00
1777907009,loop19,0.00,0.00,0.000,0.000,0.00
1777907009,loop2,0.00,0.00,0.000,0.000,0.00
1777907009,loop20,0.00,0.00,0.000,0.000,0.00
1777907009,loop21,0.00,0.00,0.000,0.000,0.00
1777907009,loop22,0.00,0.00,0.000,0.000,0.00
1777907009,loop23,0.00,0.00,0.000,0.000,0.00
1777907009,loop24,0.00,0.00,0.000,0.000,0.00
1777907009,loop25,0.00,0.00,0.000,0.000,0.00
1777907009,loop26,0.00,0.00,0.000,0.000,0.00
1777907009,loop27,0.00,0.00,0.000,0.000,0.00
1777907009,loop28,0.00,0.00,0.000,0.000,0.00
1777907009,loop29,0.00,0.00,0.000,0.000,0.00
1777907009,loop3,0.00,0.00,0.000,0.000,0.00
1777907009,loop30,0.00,0.00,0.000,0.000,0.00
1777907009,loop31,0.00,0.00,0.000,0.000,0.00
1777907009,loop32,0.00,0.00,0.000,0.000,0.00
1777907009,loop33,0.00,0.00,0.000,0.000,0.00
1777907009,loop34,0.00,0.00,0.000,0.000,0.00
1777907009,loop35,0.00,0.00,0.000,0.000,0.00
1777907009,loop36,0.00,0.00,0.000,0.000,0.00
1777907009,loop37,0.00,0.00,0.000,0.000,0.00
1777907009,loop38,0.00,0.00,0.000,0.000,0.00
1777907009,loop39,0.00,0.00,0.000,0.000,0.00
1777907009,loop4,0.00,0.00,0.000,0.000,0.00
1777907009,loop40,0.00,0.00,0.000,0.000,0.00
1777907009,loop5,0.00,0.00,0.000,0.000,0.00
1777907009,loop6,0.00,0.00,0.000,0.000,0.00
1777907009,loop7,0.00,0.00,0.000,0.000,0.00
1777907009,loop8,0.00,0.00,0.000,0.000,0.00
1777907009,loop9,0.00,0.00,0.000,0.000,0.00
1777907009,nvme0n1,0.00,0.00,0.000,0.000,0.00
1777907010,loop0,0.00,0.00,0.000,0.000,0.00
1777907010,loop1,0.00,0.00,0.000,0.000,0.00
1777907010,loop10,0.00,0.00,0.000,0.000,0.00
1777907010,loop11,0.00,0.00,0.000,0.000,0.00
1777907010,loop12,0.00,0.00,0.000,0.000,0.00
1777907010,loop13,0.00,0.00,0.000,0.000,0.00
1777907010,loop14,0.00,0.00,0.000,0.000,0.00
1777907010,loop15,0.00,0.00,0.000,0.000,0.00
1777907010,loop16,0.00,0.00,0.000,0.000,0.00
1777907010,loop17,0.00,0.00,0.000,0.000,0.00
1777907010,loop18,0.00,0.00,0.000,0.000,0.00
1777907010,loop19,0.00,0.00,0.000,0.000,0.00
1777907010,loop2,0.00,0.00,0.000,0.000,0.00
1777907010,loop20,0.00,0.00,0.000,0.000,0.00
1777907010,loop21,0.00,0.00,0.000,0.000,0.00
1777907010,loop22,0.00,0.00,0.000,0.000,0.00
1777907010,loop23,0.00,0.00,0.000,0.000,0.00
1777907010,loop24,0.00,0.00,0.000,0.000,0.00
1777907010,loop25,0.00,0.00,0.000,0.000,0.00
1777907010,loop26,0.00,0.00,0.000,0.000,0.00
1777907010,loop27,0.00,0.00,0.000,0.000,0.00
1777907010,loop28,0.00,0.00,0.000,0.000,0.00
1777907010,loop29,0.00,0.00,0.000,0.000,0.00
1777907010,loop3,0.00,0.00,0.000,0.000,0.00
1777907010,loop30,0.00,0.00,0.000,0.000,0.00
1777907010,loop31,0.00,0.00,0.000,0.000,0.00
1777907010,loop32,0.00,0.00,0.000,0.000,0.00
1777907010,loop33,0.00,0.00,0.000,0.000,0.00
1777907010,loop34,0.00,0.00,0.000,0.000,0.00
1777907010,loop35,0.00,0.00,0.000,0.000,0.00
1777907010,loop36,0.00,0.00,0.000,0.000,0.00
1777907010,loop37,0.00,0.00,0.000,0.000,0.00
1777907010,loop38,0.00,0.00,0.000,0.000,0.00
1777907010,loop39,0.00,0.00,0.000,0.000,0.00
1777907010,loop4,0.00,0.00,0.000,0.000,0.00
1777907010,loop40,0.00,0.00,0.000,0.000,0.00
1777907010,loop5,0.00,0.00,0.000,0.000,0.00
1777907010,loop6,0.00,0.00,0.000,0.000,0.00
1777907010,loop7,0.00,0.00,0.000,0.000,0.00
1777907010,loop8,0.00,0.00,0.000,0.000,0.00
1777907010,loop9,0.00,0.00,0.000,0.000,0.00
1777907010,nvme0n1,0.00,0.00,0.000,0.000,0.20
1777907011,loop0,0.00,0.00,0.000,0.000,0.00
1777907011,loop1,0.00,0.00,0.000,0.000,0.00
1777907011,loop10,0.00,0.00,0.000,0.000,0.00
1777907011,loop11,0.00,0.00,0.000,0.000,0.00
1777907011,loop12,0.00,0.00,0.000,0.000,0.00
1777907011,loop13,0.00,0.00,0.000,0.000,0.00
1777907011,loop14,0.00,0.00,0.000,0.000,0.00
1777907011,loop15,0.00,0.00,0.000,0.000,0.00
1777907011,loop16,0.00,0.00,0.000,0.000,0.00
1777907011,loop17,0.00,0.00,0.000,0.000,0.00
1777907011,loop18,0.00,0.00,0.000,0.000,0.00
1777907011,loop19,0.00,0.00,0.000,0.000,0.00
1777907011,loop2,0.00,0.00,0.000,0.000,0.00
1777907011,loop20,0.00,0.00,0.000,0.000,0.00
1777907011,loop21,0.00,0.00,0.000,0.000,0.00
1777907011,loop22,0.00,0.00,0.000,0.000,0.00
1777907011,loop23,0.00,0.00,0.000,0.000,0.00
1777907011,loop24,0.00,0.00,0.000,0.000,0.00
1777907011,loop25,0.00,0.00,0.000,0.000,0.00
1777907011,loop26,0.00,0.00,0.000,0.000,0.00
1777907011,loop27,0.00,0.00,0.000,0.000,0.00
1777907011,loop28,0.00,0.00,0.000,0.000,0.00
1777907011,loop29,0.00,0.00,0.000,0.000,0.00
1777907011,loop3,0.00,0.00,0.000,0.000,0.00
1777907011,loop30,0.00,0.00,0.000,0.000,0.00
1777907011,loop31,0.00,0.00,0.000,0.000,0.00
1777907011,loop32,0.00,0.00,0.000,0.000,0.00
1777907011,loop33,0.00,0.00,0.000,0.000,0.00
1777907011,loop34,0.00,0.00,0.000,0.000,0.00
1777907011,loop35,0.00,0.00,0.000,0.000,0.00
1777907011,loop36,0.00,0.00,0.000,0.000,0.00
1777907011,loop37,0.00,0.00,0.000,0.000,0.00
1777907011,loop38,0.00,0.00,0.000,0.000,0.00
1777907011,loop39,0.00,0.00,0.000,0.000,0.00
1777907011,loop4,0.00,0.00,0.000,0.000,0.00
1777907011,loop40,0.00,0.00,0.000,0.000,0.00
1777907011,loop5,0.00,0.00,0.000,0.000,0.00
1777907011,loop6,0.00,0.00,0.000,0.000,0.00
1777907011,loop7,0.00,0.00,0.000,0.000,0.00
1777907011,loop8,0.00,0.00,0.000,0.000,0.00
1777907011,loop9,0.00,0.00,0.000,0.000,0.00
1777907011,nvme0n1,0.00,0.00,0.000,0.000,0.00
1777907012,loop0,0.00,0.00,0.000,0.000,0.00
1777907012,loop1,0.00,0.00,0.000,0.000,0.00
1777907012,loop10,0.00,0.00,0.000,0.000,0.00
1777907012,loop11,0.00,0.00,0.000,0.000,0.00
1777907012,loop12,0.00,0.00,0.000,0.000,0.00
1777907012,loop13,0.00,0.00,0.000,0.000,0.00
1777907012,loop14,0.00,0.00,0.000,0.000,0.00
1777907012,loop15,0.00,0.00,0.000,0.000,0.00
1777907012,loop16,0.00,0.00,0.000,0.000,0.00
1777907012,loop17,0.00,0.00,0.000,0.000,0.00
1777907012,loop18,0.00,0.00,0.000,0.000,0.00
1777907012,loop19,0.00,0.00,0.000,0.000,0.00
1777907012,loop2,0.00,0.00,0.000,0.000,0.00
1777907012,loop20,0.00,0.00,0.000,0.000,0.00
1777907012,loop21,0.00,0.00,0.000,0.000,0.00
1777907012,loop22,0.00,0.00,0.000,0.000,0.00
1777907012,loop23,0.00,0.00,0.000,0.000,0.00
1777907012,loop24,0.00,0.00,0.000,0.000,0.00
1777907012,loop25,0.00,0.00,0.000,0.000,0.00
1777907012,loop26,0.00,0.00,0.000,0.000,0.00
1777907012,loop27,0.00,0.00,0.000,0.000,0.00
1777907012,loop28,0.00,0.00,0.000,0.000,0.00
1777907012,loop29,0.00,0.00,0.000,0.000,0.00
1777907012,loop3,0.00,0.00,0.000,0.000,0.00
1777907012,loop30,0.00,0.00,0.000,0.000,0.00
1777907012,loop31,0.00,0.00,0.000,0.000,0.00
1777907012,loop32,0.00,0.00,0.000,0.000,0.00
1777907012,loop33,0.00,0.00,0.000,0.000,0.00
1777907012,loop34,0.00,0.00,0.000,0.000,0.00
1777907012,loop35,0.00,0.00,0.000,0.000,0.00
1777907012,loop36,0.00,0.00,0.000,0.000,0.00
1777907012,loop37,0.00,0.00,0.000,0.000,0.00
1777907012,loop38,0.00,0.00,0.000,0.000,0.00
1777907012,loop39,0.00,0.00,0.000,0.000,0.00
1777907012,loop4,0.00,0.00,0.000,0.000,0.00
1777907012,loop40,0.00,0.00,0.000,0.000,0.00
1777907012,loop5,0.00,0.00,0.000,0.000,0.00
1777907012,loop6,0.00,0.00,0.000,0.000,0.00
1777907012,loop7,0.00,0.00,0.000,0.000,0.00
1777907012,loop8,0.00,0.00,0.000,0.000,0.00
1777907012,loop9,0.00,0.00,0.000,0.000,0.00
1777907012,nvme0n1,0.00,0.00,0.000,0.000,0.60
1777907013,loop0,0.00,0.00,0.000,0.000,0.00
1777907013,loop1,0.00,0.00,0.000,0.000,0.00
1777907013,loop10,0.00,0.00,0.000,0.000,0.00
1777907013,loop11,0.00,0.00,0.000,0.000,0.00
1777907013,loop12,0.00,0.00,0.000,0.000,0.00
1777907013,loop13,0.00,0.00,0.000,0.000,0.00
1777907013,loop14,0.00,0.00,0.000,0.000,0.00
1777907013,loop15,0.00,0.00,0.000,0.000,0.00
1777907013,loop16,0.00,0.00,0.000,0.000,0.00
1777907013,loop17,0.00,0.00,0.000,0.000,0.00
1777907013,loop18,0.00,0.00,0.000,0.000,0.00
1777907013,loop19,0.00,0.00,0.000,0.000,0.00
1777907013,loop2,0.00,0.00,0.000,0.000,0.00
1777907013,loop20,0.00,0.00,0.000,0.000,0.00
1777907013,loop21,0.00,0.00,0.000,0.000,0.00
1777907013,loop22,0.00,0.00,0.000,0.000,0.00
1777907013,loop23,0.00,0.00,0.000,0.000,0.00
1777907013,loop24,0.00,0.00,0.000,0.000,0.00
1777907013,loop25,0.00,0.00,0.000,0.000,0.00
1777907013,loop26,0.00,0.00,0.000,0.000,0.00
1777907013,loop27,0.00,0.00,0.000,0.000,0.00
1777907013,loop28,0.00,0.00,0.000,0.000,0.00
1777907013,loop29,0.00,0.00,0.000,0.000,0.00
1777907013,loop3,0.00,0.00,0.000,0.000,0.00
1777907013,loop30,0.00,0.00,0.000,0.000,0.00
1777907013,loop31,0.00,0.00,0.000,0.000,0.00
1777907013,loop32,0.00,0.00,0.000,0.000,0.00
1777907013,loop33,0.00,0.00,0.000,0.000,0.00
1777907013,loop34,0.00,0.00,0.000,0.000,0.00
1777907013,loop35,0.00,0.00,0.000,0.000,0.00
1777907013,loop36,0.00,0.00,0.000,0.000,0.00
1777907013,loop37,0.00,0.00,0.000,0.000,0.00
1777907013,loop38,0.00,0.00,0.000,0.000,0.00
1777907013,loop39,0.00,0.00,0.000,0.000,0.00
1777907013,loop4,0.00,0.00,0.000,0.000,0.00
1777907013,loop40,0.00,0.00,0.000,0.000,0.00
1777907013,loop5,0.00,0.00,0.000,0.000,0.00
1777907013,loop6,0.00,0.00,0.000,0.000,0.00
1777907013,loop7,0.00,0.00,0.000,0.000,0.00
1777907013,loop8,0.00,0.00,0.000,0.000,0.00
1777907013,loop9,0.00,0.00,0.000,0.000,0.00
1777907013,nvme0n1,0.00,0.00,0.000,0.000,0.10
1777907014,loop0,0.00,0.00,0.000,0.000,0.00
1777907014,loop1,0.00,0.00,0.000,0.000,0.00
1777907014,loop10,0.00,0.00,0.000,0.000,0.00
1777907014,loop11,0.00,0.00,0.000,0.000,0.00
1777907014,loop12,0.00,0.00,0.000,0.000,0.00
1777907014,loop13,0.00,0.00,0.000,0.000,0.00
1777907014,loop14,0.00,0.00,0.000,0.000,0.00
1777907014,loop15,0.00,0.00,0.000,0.000,0.00
1777907014,loop16,0.00,0.00,0.000,0.000,0.00
1777907014,loop17,0.00,0.00,0.000,0.000,0.00
1777907014,loop18,0.00,0.00,0.000,0.000,0.00
1777907014,loop19,0.00,0.00,0.000,0.000,0.00
1777907014,loop2,0.00,0.00,0.000,0.000,0.00
1777907014,loop20,0.00,0.00,0.000,0.000,0.00
1777907014,loop21,0.00,0.00,0.000,0.000,0.00
1777907014,loop22,0.00,0.00,0.000,0.000,0.00
1777907014,loop23,0.00,0.00,0.000,0.000,0.00
1777907014,loop24,0.00,0.00,0.000,0.000,0.00
1777907014,loop25,0.00,0.00,0.000,0.000,0.00
1777907014,loop26,0.00,0.00,0.000,0.000,0.00
1777907014,loop27,0.00,0.00,0.000,0.000,0.00
1777907014,loop28,0.00,0.00,0.000,0.000,0.00
1777907014,loop29,0.00,0.00,0.000,0.000,0.00
1777907014,loop3,0.00,0.00,0.000,0.000,0.00
1777907014,loop30,0.00,0.00,0.000,0.000,0.00
1777907014,loop31,0.00,0.00,0.000,0.000,0.00
1777907014,loop32,0.00,0.00,0.000,0.000,0.00
1777907014,loop33,0.00,0.00,0.000,0.000,0.00
1777907014,loop34,0.00,0.00,0.000,0.000,0.00
1777907014,loop35,0.00,0.00,0.000,0.000,0.00
1777907014,loop36,0.00,0.00,0.000,0.000,0.00
1777907014,loop37,0.00,0.00,0.000,0.000,0.00
1777907014,loop38,0.00,0.00,0.000,0.000,0.00
1777907014,loop39,0.00,0.00,0.000,0.000,0.00
1777907014,loop4,0.00,0.00,0.000,0.000,0.00
1777907014,loop40,0.00,0.00,0.000,0.000,0.00
1777907014,loop5,0.00,0.00,0.000,0.000,0.00
1777907014,loop6,0.00,0.00,0.000,0.000,0.00
1777907014,loop7,0.00,0.00,0.000,0.000,0.00
1777907014,loop8,0.00,0.00,0.000,0.000,0.00
1777907014,loop9,0.00,0.00,0.000,0.000,0.00
1777907014,nvme0n1,0.00,0.00,0.000,0.000,0.00
1777907015,loop0,0.00,0.00,0.000,0.000,0.00
1777907015,loop1,0.00,0.00,0.000,0.000,0.00
1777907015,loop10,0.00,0.00,0.000,0.000,0.00
1777907015,loop11,0.00,0.00,0.000,0.000,0.00
1777907015,loop12,0.00,0.00,0.000,0.000,0.00
1777907015,loop13,0.00,0.00,0.000,0.000,0.00
1777907015,loop14,0.00,0.00,0.000,0.000,0.00
1777907015,loop15,0.00,0.00,0.000,0.000,0.00
1777907015,loop16,0.00,0.00,0.000,0.000,0.00
1777907015,loop17,0.00,0.00,0.000,0.000,0.00
1777907015,loop18,0.00,0.00,0.000,0.000,0.00
1777907015,loop19,0.00,0.00,0.000,0.000,0.00
1777907015,loop2,0.00,0.00,0.000,0.000,0.00
1777907015,loop20,0.00,0.00,0.000,0.000,0.00
1777907015,loop21,0.00,0.00,0.000,0.000,0.00
1777907015,loop22,0.00,0.00,0.000,0.000,0.00
1777907015,loop23,0.00,0.00,0.000,0.000,0.00
1777907015,loop24,0.00,0.00,0.000,0.000,0.00
1777907015,loop25,0.00,0.00,0.000,0.000,0.00
1777907015,loop26,0.00,0.00,0.000,0.000,0.00
1777907015,loop27,0.00,0.00,0.000,0.000,0.00
1777907015,loop28,0.00,0.00,0.000,0.000,0.00
1777907015,loop29,0.00,0.00,0.000,0.000,0.00
1777907015,loop3,0.00,0.00,0.000,0.000,0.00
1777907015,loop30,0.00,0.00,0.000,0.000,0.00
1777907015,loop31,0.00,0.00,0.000,0.000,0.00
1777907015,loop32,0.00,0.00,0.000,0.000,0.00
1777907015,loop33,0.00,0.00,0.000,0.000,0.00
1777907015,loop34,0.00,0.00,0.000,0.000,0.00
1777907015,loop35,0.00,0.00,0.000,0.000,0.00
1777907015,loop36,0.00,0.00,0.000,0.000,0.00
1777907015,loop37,0.00,0.00,0.000,0.000,0.00
1777907015,loop38,0.00,0.00,0.000,0.000,0.00
1777907015,loop39,0.00,0.00,0.000,0.000,0.00
1777907015,loop4,0.00,0.00,0.000,0.000,0.00
1777907015,loop40,0.00,0.00,0.000,0.000,0.00
1777907015,loop5,0.00,0.00,0.000,0.000,0.00
1777907015,loop6,0.00,0.00,0.000,0.000,0.00
1777907015,loop7,0.00,0.00,0.000,0.000,0.00
1777907015,loop8,0.00,0.00,0.000,0.000,0.00
1777907015,loop9,0.00,0.00,0.000,0.000,0.00
1777907015,nvme0n1,0.00,0.00,0.000,0.000,0.10
1777907016,loop0,0.00,0.00,0.000,0.000,0.00
1777907016,loop1,0.00,0.00,0.000,0.000,0.00
1777907016,loop10,0.00,0.00,0.000,0.000,0.00
1777907016,loop11,0.00,0.00,0.000,0.000,0.00
1777907016,loop12,0.00,0.00,0.000,0.000,0.00
1777907016,loop13,0.00,0.00,0.000,0.000,0.00
1777907016,loop14,0.00,0.00,0.000,0.000,0.00
1777907016,loop15,0.00,0.00,0.000,0.000,0.00
1777907016,loop16,0.00,0.00,0.000,0.000,0.00
1777907016,loop17,0.00,0.00,0.000,0.000,0.00
1777907016,loop18,0.00,0.00,0.000,0.000,0.00
1777907016,loop19,0.00,0.00,0.000,0.000,0.00
1777907016,loop2,0.00,0.00,0.000,0.000,0.00
1777907016,loop20,0.00,0.00,0.000,0.000,0.00
1777907016,loop21,0.00,0.00,0.000,0.000,0.00
1777907016,loop22,0.00,0.00,0.000,0.000,0.00
1777907016,loop23,0.00,0.00,0.000,0.000,0.00
1777907016,loop24,0.00,0.00,0.000,0.000,0.00
1777907016,loop25,0.00,0.00,0.000,0.000,0.00
1777907016,loop26,0.00,0.00,0.000,0.000,0.00
1777907016,loop27,0.00,0.00,0.000,0.000,0.00
1777907016,loop28,0.00,0.00,0.000,0.000,0.00
1777907016,loop29,0.00,0.00,0.000,0.000,0.00
1777907016,loop3,0.00,0.00,0.000,0.000,0.00
1777907016,loop30,0.00,0.00,0.000,0.000,0.00
1777907016,loop31,0.00,0.00,0.000,0.000,0.00
1777907016,loop32,0.00,0.00,0.000,0.000,0.00
1777907016,loop33,0.00,0.00,0.000,0.000,0.00
1777907016,loop34,0.00,0.00,0.000,0.000,0.00
1777907016,loop35,0.00,0.00,0.000,0.000,0.00
1777907016,loop36,0.00,0.00,0.000,0.000,0.00
1777907016,loop37,0.00,0.00,0.000,0.000,0.00
1777907016,loop38,0.00,0.00,0.000,0.000,0.00
1777907016,loop39,0.00,0.00,0.000,0.000,0.00
1777907016,loop4,0.00,0.00,0.000,0.000,0.00
1777907016,loop40,0.00,0.00,0.000,0.000,0.00
1777907016,loop5,0.00,0.00,0.000,0.000,0.00
1777907016,loop6,0.00,0.00,0.000,0.000,0.00
1777907016,loop7,0.00,0.00,0.000,0.000,0.00
1777907016,loop8,0.00,0.00,0.000,0.000,0.00
1777907016,loop9,0.00,0.00,0.000,0.000,0.00
1777907016,nvme0n1,0.00,0.00,0.000,0.000,0.00
1777907017,loop0,0.00,0.00,0.000,0.000,0.00
1777907017,loop1,0.00,0.00,0.000,0.000,0.00
1777907017,loop10,0.00,0.00,0.000,0.000,0.00
1777907017,loop11,0.00,0.00,0.000,0.000,0.00
1777907017,loop12,0.00,0.00,0.000,0.000,0.00
1777907017,loop13,0.00,0.00,0.000,0.000,0.00
1777907017,loop14,0.00,0.00,0.000,0.000,0.00
1777907017,loop15,0.00,0.00,0.000,0.000,0.00
1777907017,loop16,0.00,0.00,0.000,0.000,0.00
1777907017,loop17,0.00,0.00,0.000,0.000,0.00
1777907017,loop18,0.00,0.00,0.000,0.000,0.00
1777907017,loop19,0.00,0.00,0.000,0.000,0.00
1777907017,loop2,0.00,0.00,0.000,0.000,0.00
1777907017,loop20,0.00,0.00,0.000,0.000,0.00
1777907017,loop21,0.00,0.00,0.000,0.000,0.00
1777907017,loop22,0.00,0.00,0.000,0.000,0.00
1777907017,loop23,0.00,0.00,0.000,0.000,0.00
1777907017,loop24,0.00,0.00,0.000,0.000,0.00
1777907017,loop25,0.00,0.00,0.000,0.000,0.00
1777907017,loop26,0.00,0.00,0.000,0.000,0.00
1777907017,loop27,0.00,0.00,0.000,0.000,0.00
1777907017,loop28,0.00,0.00,0.000,0.000,0.00
1777907017,loop29,0.00,0.00,0.000,0.000,0.00
1777907017,loop3,0.00,0.00,0.000,0.000,0.00
1777907017,loop30,0.00,0.00,0.000,0.000,0.00
1777907017,loop31,0.00,0.00,0.000,0.000,0.00
1777907017,loop32,0.00,0.00,0.000,0.000,0.00
1777907017,loop33,0.00,0.00,0.000,0.000,0.00
1777907017,loop34,0.00,0.00,0.000,0.000,0.00
1777907017,loop35,0.00,0.00,0.000,0.000,0.00
1777907017,loop36,0.00,0.00,0.000,0.000,0.00
1777907017,loop37,0.00,0.00,0.000,0.000,0.00
1777907017,loop38,0.00,0.00,0.000,0.000,0.00
1777907017,loop39,0.00,0.00,0.000,0.000,0.00
1777907017,loop4,0.00,0.00,0.000,0.000,0.00
1777907017,loop40,0.00,0.00,0.000,0.000,0.00
1777907017,loop5,0.00,0.00,0.000,0.000,0.00
1777907017,loop6,0.00,0.00,0.000,0.000,0.00
1777907017,loop7,0.00,0.00,0.000,0.000,0.00
1777907017,loop8,0.00,0.00,0.000,0.000,0.00
1777907017,loop9,0.00,0.00,0.000,0.000,0.00
1777907017,nvme0n1,0.00,0.00,0.000,0.000,0.00
1777907018,loop0,0.00,0.00,0.000,0.000,0.00
1777907018,loop1,0.00,0.00,0.000,0.000,0.00
1777907018,loop10,0.00,0.00,0.000,0.000,0.00
1777907018,loop11,0.00,0.00,0.000,0.000,0.00
1777907018,loop12,0.00,0.00,0.000,0.000,0.00
1777907018,loop13,0.00,0.00,0.000,0.000,0.00
1777907018,loop14,0.00,0.00,0.000,0.000,0.00
1777907018,loop15,0.00,0.00,0.000,0.000,0.00
1777907018,loop16,0.00,0.00,0.000,0.000,0.00
1777907018,loop17,0.00,0.00,0.000,0.000,0.00
1777907018,loop18,0.00,0.00,0.000,0.000,0.00
1777907018,loop19,0.00,0.00,0.000,0.000,0.00
1777907018,loop2,0.00,0.00,0.000,0.000,0.00
1777907018,loop20,0.00,0.00,0.000,0.000,0.00
1777907018,loop21,0.00,0.00,0.000,0.000,0.00
1777907018,loop22,0.00,0.00,0.000,0.000,0.00
1777907018,loop23,0.00,0.00,0.000,0.000,0.00
1777907018,loop24,0.00,0.00,0.000,0.000,0.00
1777907018,loop25,0.00,0.00,0.000,0.000,0.00
1777907018,loop26,0.00,0.00,0.000,0.000,0.00
1777907018,loop27,0.00,0.00,0.000,0.000,0.00
1777907018,loop28,0.00,0.00,0.000,0.000,0.00
1777907018,loop29,0.00,0.00,0.000,0.000,0.00
1777907018,loop3,0.00,0.00,0.000,0.000,0.00
1777907018,loop30,0.00,0.00,0.000,0.000,0.00
1777907018,loop31,0.00,0.00,0.000,0.000,0.00
1777907018,loop32,0.00,0.00,0.000,0.000,0.00
1777907018,loop33,0.00,0.00,0.000,0.000,0.00
1777907018,loop34,0.00,0.00,0.000,0.000,0.00
1777907018,loop35,0.00,0.00,0.000,0.000,0.00
1777907018,loop36,0.00,0.00,0.000,0.000,0.00
1777907018,loop37,0.00,0.00,0.000,0.000,0.00
1777907018,loop38,0.00,0.00,0.000,0.000,0.00
1777907018,loop39,0.00,0.00,0.000,0.000,0.00
1777907018,loop4,0.00,0.00,0.000,0.000,0.00
1777907018,loop40,0.00,0.00,0.000,0.000,0.00
1777907018,loop5,0.00,0.00,0.000,0.000,0.00
1777907018,loop6,0.00,0.00,0.000,0.000,0.00
1777907018,loop7,0.00,0.00,0.000,0.000,0.00
1777907018,loop8,0.00,0.00,0.000,0.000,0.00
1777907018,loop9,0.00,0.00,0.000,0.000,0.00
1777907018,nvme0n1,0.00,0.00,0.000,0.000,5.50
1777907019,loop0,0.00,0.00,0.000,0.000,0.00
1777907019,loop1,0.00,0.00,0.000,0.000,0.00
1777907019,loop10,0.00,0.00,0.000,0.000,0.00
1777907019,loop11,0.00,0.00,0.000,0.000,0.00
1777907019,loop12,0.00,0.00,0.000,0.000,0.00
1777907019,loop13,0.00,0.00,0.000,0.000,0.00
1777907019,loop14,0.00,0.00,0.000,0.000,0.00
1777907019,loop15,0.00,0.00,0.000,0.000,0.00
1777907019,loop16,0.00,0.00,0.000,0.000,0.00
1777907019,loop17,0.00,0.00,0.000,0.000,0.00
1777907019,loop18,0.00,0.00,0.000,0.000,0.00
1777907019,loop19,0.00,0.00,0.000,0.000,0.00
1777907019,loop2,0.00,0.00,0.000,0.000,0.00
1777907019,loop20,0.00,0.00,0.000,0.000,0.00
1777907019,loop21,0.00,0.00,0.000,0.000,0.00
1777907019,loop22,0.00,0.00,0.000,0.000,0.00
1777907019,loop23,0.00,0.00,0.000,0.000,0.00
1777907019,loop24,0.00,0.00,0.000,0.000,0.00
1777907019,loop25,0.00,0.00,0.000,0.000,0.00
1777907019,loop26,0.00,0.00,0.000,0.000,0.00
1777907019,loop27,0.00,0.00,0.000,0.000,0.00
1777907019,loop28,0.00,0.00,0.000,0.000,0.00
1777907019,loop29,0.00,0.00,0.000,0.000,0.00
1777907019,loop3,0.00,0.00,0.000,0.000,0.00
1777907019,loop30,0.00,0.00,0.000,0.000,0.00
1777907019,loop31,0.00,0.00,0.000,0.000,0.00
1777907019,loop32,0.00,0.00,0.000,0.000,0.00
1777907019,loop33,0.00,0.00,0.000,0.000,0.00
1777907019,loop34,0.00,0.00,0.000,0.000,0.00
1777907019,loop35,0.00,0.00,0.000,0.000,0.00
1777907019,loop36,0.00,0.00,0.000,0.000,0.00
1777907019,loop37,0.00,0.00,0.000,0.000,0.00
1777907019,loop38,0.00,0.00,0.000,0.000,0.00
1777907019,loop39,0.00,0.00,0.000,0.000,0.00
1777907019,loop4,0.00,0.00,0.000,0.000,0.00
1777907019,loop40,0.00,0.00,0.000,0.000,0.00
1777907019,loop5,0.00,0.00,0.000,0.000,0.00
1777907019,loop6,0.00,0.00,0.000,0.000,0.00
1777907019,loop7,0.00,0.00,0.000,0.000,0.00
1777907019,loop8,0.00,0.00,0.000,0.000,0.00
1777907019,loop9,0.00,0.00,0.000,0.000,0.00
1777907019,nvme0n1,0.00,0.00,0.000,0.000,0.70
1777907020,loop0,0.00,0.00,0.000,0.000,0.00
1777907020,loop1,0.00,0.00,0.000,0.000,0.00
1777907020,loop10,0.00,0.00,0.000,0.000,0.00
1777907020,loop11,0.00,0.00,0.000,0.000,0.00
1777907020,loop12,0.00,0.00,0.000,0.000,0.00
1777907020,loop13,0.00,0.00,0.000,0.000,0.00
1777907020,loop14,0.00,0.00,0.000,0.000,0.00
1777907020,loop15,0.00,0.00,0.000,0.000,0.00
1777907020,loop16,0.00,0.00,0.000,0.000,0.00
1777907020,loop17,0.00,0.00,0.000,0.000,0.00
1777907020,loop18,0.00,0.00,0.000,0.000,0.00
1777907020,loop19,0.00,0.00,0.000,0.000,0.00
1777907020,loop2,0.00,0.00,0.000,0.000,0.00
1777907020,loop20,0.00,0.00,0.000,0.000,0.00
1777907020,loop21,0.00,0.00,0.000,0.000,0.00
1777907020,loop22,0.00,0.00,0.000,0.000,0.00
1777907020,loop23,0.00,0.00,0.000,0.000,0.00
1777907020,loop24,0.00,0.00,0.000,0.000,0.00
1777907020,loop25,0.00,0.00,0.000,0.000,0.00
1777907020,loop26,0.00,0.00,0.000,0.000,0.00
1777907020,loop27,0.00,0.00,0.000,0.000,0.00
1777907020,loop28,0.00,0.00,0.000,0.000,0.00
1777907020,loop29,0.00,0.00,0.000,0.000,0.00
1777907020,loop3,0.00,0.00,0.000,0.000,0.00
1777907020,loop30,0.00,0.00,0.000,0.000,0.00
1777907020,loop31,0.00,0.00,0.000,0.000,0.00
1777907020,loop32,0.00,0.00,0.000,0.000,0.00
1777907020,loop33,0.00,0.00,0.000,0.000,0.00
1777907020,loop34,0.00,0.00,0.000,0.000,0.00
1777907020,loop35,0.00,0.00,0.000,0.000,0.00
1777907020,loop36,0.00,0.00,0.000,0.000,0.00
1777907020,loop37,0.00,0.00,0.000,0.000,0.00
1777907020,loop38,0.00,0.00,0.000,0.000,0.00
1777907020,loop39,0.00,0.00,0.000,0.000,0.00
1777907020,loop4,0.00,0.00,0.000,0.000,0.00
1777907020,loop40,0.00,0.00,0.000,0.000,0.00
1777907020,loop5,0.00,0.00,0.000,0.000,0.00
1777907020,loop6,0.00,0.00,0.000,0.000,0.00
1777907020,loop7,0.00,0.00,0.000,0.000,0.00
1777907020,loop8,0.00,0.00,0.000,0.000,0.00
1777907020,loop9,0.00,0.00,0.000,0.000,0.00
1777907020,nvme0n1,0.00,0.00,0.000,0.000,0.00
1777907021,loop0,0.00,0.00,0.000,0.000,0.00
1777907021,loop1,0.00,0.00,0.000,0.000,0.00
1777907021,loop10,0.00,0.00,0.000,0.000,0.00
1777907021,loop11,0.00,0.00,0.000,0.000,0.00
1777907021,loop12,0.00,0.00,0.000,0.000,0.00
1777907021,loop13,0.00,0.00,0.000,0.000,0.00
1777907021,loop14,0.00,0.00,0.000,0.000,0.00
1777907021,loop15,0.00,0.00,0.000,0.000,0.00
1777907021,loop16,0.00,0.00,0.000,0.000,0.00
1777907021,loop17,0.00,0.00,0.000,0.000,0.00
1777907021,loop18,0.00,0.00,0.000,0.000,0.00
1777907021,loop19,0.00,0.00,0.000,0.000,0.00
1777907021,loop2,0.00,0.00,0.000,0.000,0.00
1777907021,loop20,0.00,0.00,0.000,0.000,0.00
1777907021,loop21,0.00,0.00,0.000,0.000,0.00
1777907021,loop22,0.00,0.00,0.000,0.000,0.00
1777907021,loop23,0.00,0.00,0.000,0.000,0.00
1777907021,loop24,0.00,0.00,0.000,0.000,0.00
1777907021,loop25,0.00,0.00,0.000,0.000,0.00
1777907021,loop26,0.00,0.00,0.000,0.000,0.00
1777907021,loop27,0.00,0.00,0.000,0.000,0.00
1777907021,loop28,0.00,0.00,0.000,0.000,0.00
1777907021,loop29,0.00,0.00,0.000,0.000,0.00
1777907021,loop3,0.00,0.00,0.000,0.000,0.00
1777907021,loop30,0.00,0.00,0.000,0.000,0.00
1777907021,loop31,0.00,0.00,0.000,0.000,0.00
1777907021,loop32,0.00,0.00,0.000,0.000,0.00
1777907021,loop33,0.00,0.00,0.000,0.000,0.00
1777907021,loop34,0.00,0.00,0.000,0.000,0.00
1777907021,loop35,0.00,0.00,0.000,0.000,0.00
1777907021,loop36,0.00,0.00,0.000,0.000,0.00
1777907021,loop37,0.00,0.00,0.000,0.000,0.00
1777907021,loop38,0.00,0.00,0.000,0.000,0.00
1777907021,loop39,0.00,0.00,0.000,0.000,0.00
1777907021,loop4,0.00,0.00,0.000,0.000,0.00
1777907021,loop40,0.00,0.00,0.000,0.000,0.00
1777907021,loop5,0.00,0.00,0.000,0.000,0.00
1777907021,loop6,0.00,0.00,0.000,0.000,0.00
1777907021,loop7,0.00,0.00,0.000,0.000,0.00
1777907021,loop8,0.00,0.00,0.000,0.000,0.00
1777907021,loop9,0.00,0.00,0.000,0.000,0.00
1777907021,nvme0n1,657.00,3984.00,0.300,0.031,3.10
1777907022,loop0,0.00,0.00,0.000,0.000,0.00
1777907022,loop1,0.00,0.00,0.000,0.000,0.00
1777907022,loop10,0.00,0.00,0.000,0.000,0.00
1777907022,loop11,0.00,0.00,0.000,0.000,0.00
1777907022,loop12,0.00,0.00,0.000,0.000,0.00
1777907022,loop13,0.00,0.00,0.000,0.000,0.00
1777907022,loop14,0.00,0.00,0.000,0.000,0.00
1777907022,loop15,0.00,0.00,0.000,0.000,0.00
1777907022,loop16,0.00,0.00,0.000,0.000,0.00
1777907022,loop17,0.00,0.00,0.000,0.000,0.00
1777907022,loop18,0.00,0.00,0.000,0.000,0.00
1777907022,loop19,0.00,0.00,0.000,0.000,0.00
1777907022,loop2,0.00,0.00,0.000,0.000,0.00
1777907022,loop20,0.00,0.00,0.000,0.000,0.00
1777907022,loop21,0.00,0.00,0.000,0.000,0.00
1777907022,loop22,0.00,0.00,0.000,0.000,0.00
1777907022,loop23,0.00,0.00,0.000,0.000,0.00
1777907022,loop24,0.00,0.00,0.000,0.000,0.00
1777907022,loop25,0.00,0.00,0.000,0.000,0.00
1777907022,loop26,0.00,0.00,0.000,0.000,0.00
1777907022,loop27,0.00,0.00,0.000,0.000,0.00
1777907022,loop28,0.00,0.00,0.000,0.000,0.00
1777907022,loop29,0.00,0.00,0.000,0.000,0.00
1777907022,loop3,0.00,0.00,0.000,0.000,0.00
1777907022,loop30,0.00,0.00,0.000,0.000,0.00
1777907022,loop31,0.00,0.00,0.000,0.000,0.00
1777907022,loop32,0.00,0.00,0.000,0.000,0.00
1777907022,loop33,0.00,0.00,0.000,0.000,0.00
1777907022,loop34,0.00,0.00,0.000,0.000,0.00
1777907022,loop35,0.00,0.00,0.000,0.000,0.00
1777907022,loop36,0.00,0.00,0.000,0.000,0.00
1777907022,loop37,0.00,0.00,0.000,0.000,0.00
1777907022,loop38,0.00,0.00,0.000,0.000,0.00
1777907022,loop39,0.00,0.00,0.000,0.000,0.00
1777907022,loop4,0.00,0.00,0.000,0.000,0.00
1777907022,loop40,0.00,0.00,0.000,0.000,0.00
1777907022,loop5,0.00,0.00,0.000,0.000,0.00
1777907022,loop6,0.00,0.00,0.000,0.000,0.00
1777907022,loop7,0.00,0.00,0.000,0.000,0.00
1777907022,loop8,0.00,0.00,0.000,0.000,0.00
1777907022,loop9,0.00,0.00,0.000,0.000,0.00
1777907022,nvme0n1,1.00,8.00,0.001,0.049,0.10
1777907023,loop0,0.00,0.00,0.000,0.000,0.00
1777907023,loop1,0.00,0.00,0.000,0.000,0.00
1777907023,loop10,0.00,0.00,0.000,0.000,0.00
1777907023,loop11,0.00,0.00,0.000,0.000,0.00
1777907023,loop12,0.00,0.00,0.000,0.000,0.00
1777907023,loop13,0.00,0.00,0.000,0.000,0.00
1777907023,loop14,0.00,0.00,0.000,0.000,0.00
1777907023,loop15,0.00,0.00,0.000,0.000,0.00
1777907023,loop16,0.00,0.00,0.000,0.000,0.00
1777907023,loop17,0.00,0.00,0.000,0.000,0.00
1777907023,loop18,0.00,0.00,0.000,0.000,0.00
1777907023,loop19,0.00,0.00,0.000,0.000,0.00
1777907023,loop2,0.00,0.00,0.000,0.000,0.00
1777907023,loop20,0.00,0.00,0.000,0.000,0.00
1777907023,loop21,0.00,0.00,0.000,0.000,0.00
1777907023,loop22,0.00,0.00,0.000,0.000,0.00
1777907023,loop23,0.00,0.00,0.000,0.000,0.00
1777907023,loop24,0.00,0.00,0.000,0.000,0.00
1777907023,loop25,0.00,0.00,0.000,0.000,0.00
1777907023,loop26,0.00,0.00,0.000,0.000,0.00
1777907023,loop27,0.00,0.00,0.000,0.000,0.00
1777907023,loop28,0.00,0.00,0.000,0.000,0.00
1777907023,loop29,0.00,0.00,0.000,0.000,0.00
1777907023,loop3,0.00,0.00,0.000,0.000,0.00
1777907023,loop30,0.00,0.00,0.000,0.000,0.00
1777907023,loop31,0.00,0.00,0.000,0.000,0.00
1777907023,loop32,0.00,0.00,0.000,0.000,0.00
1777907023,loop33,0.00,0.00,0.000,0.000,0.00
1777907023,loop34,0.00,0.00,0.000,0.000,0.00
1777907023,loop35,0.00,0.00,0.000,0.000,0.00
1777907023,loop36,0.00,0.00,0.000,0.000,0.00
1777907023,loop37,0.00,0.00,0.000,0.000,0.00
1777907023,loop38,0.00,0.00,0.000,0.000,0.00
1777907023,loop39,0.00,0.00,0.000,0.000,0.00
1777907023,loop4,0.00,0.00,0.000,0.000,0.00
1777907023,loop40,0.00,0.00,0.000,0.000,0.00
1777907023,loop5,0.00,0.00,0.000,0.000,0.00
1777907023,loop6,0.00,0.00,0.000,0.000,0.00
1777907023,loop7,0.00,0.00,0.000,0.000,0.00
1777907023,loop8,0.00,0.00,0.000,0.000,0.00
1777907023,loop9,0.00,0.00,0.000,0.000,0.00
1777907023,nvme0n1,47.00,244.00,0.014,0.022,1.30
1777907024,loop0,0.00,0.00,0.000,0.000,0.00
1777907024,loop1,0.00,0.00,0.000,0.000,0.00
1777907024,loop10,0.00,0.00,0.000,0.000,0.00
1777907024,loop11,0.00,0.00,0.000,0.000,0.00
1777907024,loop12,0.00,0.00,0.000,0.000,0.00
1777907024,loop13,0.00,0.00,0.000,0.000,0.00
1777907024,loop14,0.00,0.00,0.000,0.000,0.00
1777907024,loop15,0.00,0.00,0.000,0.000,0.00
1777907024,loop16,0.00,0.00,0.000,0.000,0.00
1777907024,loop17,0.00,0.00,0.000,0.000,0.00
1777907024,loop18,0.00,0.00,0.000,0.000,0.00
1777907024,loop19,0.00,0.00,0.000,0.000,0.00
1777907024,loop2,0.00,0.00,0.000,0.000,0.00
1777907024,loop20,0.00,0.00,0.000,0.000,0.00
1777907024,loop21,0.00,0.00,0.000,0.000,0.00
1777907024,loop22,0.00,0.00,0.000,0.000,0.00
1777907024,loop23,0.00,0.00,0.000,0.000,0.00
1777907024,loop24,0.00,0.00,0.000,0.000,0.00
1777907024,loop25,0.00,0.00,0.000,0.000,0.00
1777907024,loop26,0.00,0.00,0.000,0.000,0.00
1777907024,loop27,0.00,0.00,0.000,0.000,0.00
1777907024,loop28,0.00,0.00,0.000,0.000,0.00
1777907024,loop29,0.00,0.00,0.000,0.000,0.00
1777907024,loop3,0.00,0.00,0.000,0.000,0.00
1777907024,loop30,0.00,0.00,0.000,0.000,0.00
1777907024,loop31,0.00,0.00,0.000,0.000,0.00
1777907024,loop32,0.00,0.00,0.000,0.000,0.00
1777907024,loop33,0.00,0.00,0.000,0.000,0.00
1777907024,loop34,0.00,0.00,0.000,0.000,0.00
1777907024,loop35,0.00,0.00,0.000,0.000,0.00
1777907024,loop36,0.00,0.00,0.000,0.000,0.00
1777907024,loop37,0.00,0.00,0.000,0.000,0.00
1777907024,loop38,0.00,0.00,0.000,0.000,0.00
1777907024,loop39,0.00,0.00,0.000,0.000,0.00
1777907024,loop4,0.00,0.00,0.000,0.000,0.00
1777907024,loop40,0.00,0.00,0.000,0.000,0.00
1777907024,loop5,0.00,0.00,0.000,0.000,0.00
1777907024,loop6,0.00,0.00,0.000,0.000,0.00
1777907024,loop7,0.00,0.00,0.000,0.000,0.00
1777907024,loop8,0.00,0.00,0.000,0.000,0.00
1777907024,loop9,0.00,0.00,0.000,0.000,0.00
1777907024,nvme0n1,10.00,52.00,0.003,0.023,0.40
1777907025,loop0,0.00,0.00,0.000,0.000,0.00
1777907025,loop1,0.00,0.00,0.000,0.000,0.00
1777907025,loop10,0.00,0.00,0.000,0.000,0.00
1777907025,loop11,0.00,0.00,0.000,0.000,0.00
1777907025,loop12,0.00,0.00,0.000,0.000,0.00
1777907025,loop13,0.00,0.00,0.000,0.000,0.00
1777907025,loop14,0.00,0.00,0.000,0.000,0.00
1777907025,loop15,0.00,0.00,0.000,0.000,0.00
1777907025,loop16,0.00,0.00,0.000,0.000,0.00
1777907025,loop17,0.00,0.00,0.000,0.000,0.00
1777907025,loop18,0.00,0.00,0.000,0.000,0.00
1777907025,loop19,0.00,0.00,0.000,0.000,0.00
1777907025,loop2,0.00,0.00,0.000,0.000,0.00
1777907025,loop20,0.00,0.00,0.000,0.000,0.00
1777907025,loop21,0.00,0.00,0.000,0.000,0.00
1777907025,loop22,0.00,0.00,0.000,0.000,0.00
1777907025,loop23,0.00,0.00,0.000,0.000,0.00
1777907025,loop24,0.00,0.00,0.000,0.000,0.00
1777907025,loop25,0.00,0.00,0.000,0.000,0.00
1777907025,loop26,0.00,0.00,0.000,0.000,0.00
1777907025,loop27,0.00,0.00,0.000,0.000,0.00
1777907025,loop28,0.00,0.00,0.000,0.000,0.00
1777907025,loop29,0.00,0.00,0.000,0.000,0.00
1777907025,loop3,0.00,0.00,0.000,0.000,0.00
1777907025,loop30,0.00,0.00,0.000,0.000,0.00
1777907025,loop31,0.00,0.00,0.000,0.000,0.00
1777907025,loop32,0.00,0.00,0.000,0.000,0.00
1777907025,loop33,0.00,0.00,0.000,0.000,0.00
1777907025,loop34,0.00,0.00,0.000,0.000,0.00
1777907025,loop35,0.00,0.00,0.000,0.000,0.00
1777907025,loop36,0.00,0.00,0.000,0.000,0.00
1777907025,loop37,0.00,0.00,0.000,0.000,0.00
1777907025,loop38,0.00,0.00,0.000,0.000,0.00
1777907025,loop39,0.00,0.00,0.000,0.000,0.00
1777907025,loop4,0.00,0.00,0.000,0.000,0.00
1777907025,loop40,0.00,0.00,0.000,0.000,0.00
1777907025,loop5,0.00,0.00,0.000,0.000,0.00
1777907025,loop6,0.00,0.00,0.000,0.000,0.00
1777907025,loop7,0.00,0.00,0.000,0.000,0.00
1777907025,loop8,0.00,0.00,0.000,0.000,0.00
1777907025,loop9,0.00,0.00,0.000,0.000,0.00
1777907025,nvme0n1,4.00,16.00,0.000,0.000,0.60
1777907026,loop0,0.00,0.00,0.000,0.000,0.00
1777907026,loop1,0.00,0.00,0.000,0.000,0.00
1777907026,loop10,0.00,0.00,0.000,0.000,0.00
1777907026,loop11,0.00,0.00,0.000,0.000,0.00
1777907026,loop12,0.00,0.00,0.000,0.000,0.00
1777907026,loop13,0.00,0.00,0.000,0.000,0.00
1777907026,loop14,0.00,0.00,0.000,0.000,0.00
1777907026,loop15,0.00,0.00,0.000,0.000,0.00
1777907026,loop16,0.00,0.00,0.000,0.000,0.00
1777907026,loop17,0.00,0.00,0.000,0.000,0.00
1777907026,loop18,0.00,0.00,0.000,0.000,0.00
1777907026,loop19,0.00,0.00,0.000,0.000,0.00
1777907026,loop2,0.00,0.00,0.000,0.000,0.00
1777907026,loop20,0.00,0.00,0.000,0.000,0.00
1777907026,loop21,0.00,0.00,0.000,0.000,0.00
1777907026,loop22,0.00,0.00,0.000,0.000,0.00
1777907026,loop23,0.00,0.00,0.000,0.000,0.00
1777907026,loop24,0.00,0.00,0.000,0.000,0.00
1777907026,loop25,0.00,0.00,0.000,0.000,0.00
1777907026,loop26,0.00,0.00,0.000,0.000,0.00
1777907026,loop27,0.00,0.00,0.000,0.000,0.00
1777907026,loop28,0.00,0.00,0.000,0.000,0.00
1777907026,loop29,0.00,0.00,0.000,0.000,0.00
1777907026,loop3,0.00,0.00,0.000,0.000,0.00
1777907026,loop30,0.00,0.00,0.000,0.000,0.00
1777907026,loop31,0.00,0.00,0.000,0.000,0.00
1777907026,loop32,0.00,0.00,0.000,0.000,0.00
1777907026,loop33,0.00,0.00,0.000,0.000,0.00
1777907026,loop34,0.00,0.00,0.000,0.000,0.00
1777907026,loop35,0.00,0.00,0.000,0.000,0.00
1777907026,loop36,0.00,0.00,0.000,0.000,0.00
1777907026,loop37,0.00,0.00,0.000,0.000,0.00
1777907026,loop38,0.00,0.00,0.000,0.000,0.00
1777907026,loop39,0.00,0.00,0.000,0.000,0.00
1777907026,loop4,0.00,0.00,0.000,0.000,0.00
1777907026,loop40,0.00,0.00,0.000,0.000,0.00
1777907026,loop5,0.00,0.00,0.000,0.000,0.00
1777907026,loop6,0.00,0.00,0.000,0.000,0.00
1777907026,loop7,0.00,0.00,0.000,0.000,0.00
1777907026,loop8,0.00,0.00,0.000,0.000,0.00
1777907026,loop9,0.00,0.00,0.000,0.000,0.00
1777907026,nvme0n1,0.00,0.00,0.000,0.000,0.50
1777907027,loop0,0.00,0.00,0.000,0.000,0.00
1777907027,loop1,0.00,0.00,0.000,0.000,0.00
1777907027,loop10,0.00,0.00,0.000,0.000,0.00
1777907027,loop11,0.00,0.00,0.000,0.000,0.00
1777907027,loop12,0.00,0.00,0.000,0.000,0.00
1777907027,loop13,0.00,0.00,0.000,0.000,0.00
1777907027,loop14,0.00,0.00,0.000,0.000,0.00
1777907027,loop15,0.00,0.00,0.000,0.000,0.00
1777907027,loop16,0.00,0.00,0.000,0.000,0.00
1777907027,loop17,0.00,0.00,0.000,0.000,0.00
1777907027,loop18,0.00,0.00,0.000,0.000,0.00
1777907027,loop19,0.00,0.00,0.000,0.000,0.00
1777907027,loop2,0.00,0.00,0.000,0.000,0.00
1777907027,loop20,0.00,0.00,0.000,0.000,0.00
1777907027,loop21,0.00,0.00,0.000,0.000,0.00
1777907027,loop22,0.00,0.00,0.000,0.000,0.00
1777907027,loop23,0.00,0.00,0.000,0.000,0.00
1777907027,loop24,0.00,0.00,0.000,0.000,0.00
1777907027,loop25,0.00,0.00,0.000,0.000,0.00
1777907027,loop26,0.00,0.00,0.000,0.000,0.00
1777907027,loop27,0.00,0.00,0.000,0.000,0.00
1777907027,loop28,0.00,0.00,0.000,0.000,0.00
1777907027,loop29,0.00,0.00,0.000,0.000,0.00
1777907027,loop3,0.00,0.00,0.000,0.000,0.00
1777907027,loop30,0.00,0.00,0.000,0.000,0.00
1777907027,loop31,0.00,0.00,0.000,0.000,0.00
1777907027,loop32,0.00,0.00,0.000,0.000,0.00
1777907027,loop33,0.00,0.00,0.000,0.000,0.00
1777907027,loop34,0.00,0.00,0.000,0.000,0.00
1777907027,loop35,0.00,0.00,0.000,0.000,0.00
1777907027,loop36,0.00,0.00,0.000,0.000,0.00
1777907027,loop37,0.00,0.00,0.000,0.000,0.00
1777907027,loop38,0.00,0.00,0.000,0.000,0.00
1777907027,loop39,0.00,0.00,0.000,0.000,0.00
1777907027,loop4,0.00,0.00,0.000,0.000,0.00
1777907027,loop40,0.00,0.00,0.000,0.000,0.00
1777907027,loop5,0.00,0.00,0.000,0.000,0.00
1777907027,loop6,0.00,0.00,0.000,0.000,0.00
1777907027,loop7,0.00,0.00,0.000,0.000,0.00
1777907027,loop8,0.00,0.00,0.000,0.000,0.00
1777907027,loop9,0.00,0.00,0.000,0.000,0.00
1777907027,nvme0n1,0.00,0.00,0.000,0.000,0.40
1777907028,loop0,0.00,0.00,0.000,0.000,0.00
1777907028,loop1,0.00,0.00,0.000,0.000,0.00
1777907028,loop10,0.00,0.00,0.000,0.000,0.00
1777907028,loop11,0.00,0.00,0.000,0.000,0.00
1777907028,loop12,0.00,0.00,0.000,0.000,0.00
1777907028,loop13,0.00,0.00,0.000,0.000,0.00
1777907028,loop14,0.00,0.00,0.000,0.000,0.00
1777907028,loop15,0.00,0.00,0.000,0.000,0.00
1777907028,loop16,0.00,0.00,0.000,0.000,0.00
1777907028,loop17,0.00,0.00,0.000,0.000,0.00
1777907028,loop18,0.00,0.00,0.000,0.000,0.00
1777907028,loop19,0.00,0.00,0.000,0.000,0.00
1777907028,loop2,0.00,0.00,0.000,0.000,0.00
1777907028,loop20,0.00,0.00,0.000,0.000,0.00
1777907028,loop21,0.00,0.00,0.000,0.000,0.00
1777907028,loop22,0.00,0.00,0.000,0.000,0.00
1777907028,loop23,0.00,0.00,0.000,0.000,0.00
1777907028,loop24,0.00,0.00,0.000,0.000,0.00
1777907028,loop25,0.00,0.00,0.000,0.000,0.00
1777907028,loop26,0.00,0.00,0.000,0.000,0.00
1777907028,loop27,0.00,0.00,0.000,0.000,0.00
1777907028,loop28,0.00,0.00,0.000,0.000,0.00
1777907028,loop29,0.00,0.00,0.000,0.000,0.00
1777907028,loop3,0.00,0.00,0.000,0.000,0.00
1777907028,loop30,0.00,0.00,0.000,0.000,0.00
1777907028,loop31,0.00,0.00,0.000,0.000,0.00
1777907028,loop32,0.00,0.00,0.000,0.000,0.00
1777907028,loop33,0.00,0.00,0.000,0.000,0.00
1777907028,loop34,0.00,0.00,0.000,0.000,0.00
1777907028,loop35,0.00,0.00,0.000,0.000,0.00
1777907028,loop36,0.00,0.00,0.000,0.000,0.00
1777907028,loop37,0.00,0.00,0.000,0.000,0.00
1777907028,loop38,0.00,0.00,0.000,0.000,0.00
1777907028,loop39,0.00,0.00,0.000,0.000,0.00
1777907028,loop4,0.00,0.00,0.000,0.000,0.00
1777907028,loop40,0.00,0.00,0.000,0.000,0.00
1777907028,loop5,0.00,0.00,0.000,0.000,0.00
1777907028,loop6,0.00,0.00,0.000,0.000,0.00
1777907028,loop7,0.00,0.00,0.000,0.000,0.00
1777907028,loop8,0.00,0.00,0.000,0.000,0.00
1777907028,loop9,0.00,0.00,0.000,0.000,0.00
1777907028,nvme0n1,0.00,0.00,0.000,0.000,0.10
1777907029,loop0,0.00,0.00,0.000,0.000,0.00
1777907029,loop1,0.00,0.00,0.000,0.000,0.00
1777907029,loop10,0.00,0.00,0.000,0.000,0.00
1777907029,loop11,0.00,0.00,0.000,0.000,0.00
1777907029,loop12,0.00,0.00,0.000,0.000,0.00
1777907029,loop13,0.00,0.00,0.000,0.000,0.00
1777907029,loop14,0.00,0.00,0.000,0.000,0.00
1777907029,loop15,0.00,0.00,0.000,0.000,0.00
1777907029,loop16,0.00,0.00,0.000,0.000,0.00
1777907029,loop17,0.00,0.00,0.000,0.000,0.00
1777907029,loop18,0.00,0.00,0.000,0.000,0.00
1777907029,loop19,0.00,0.00,0.000,0.000,0.00
1777907029,loop2,0.00,0.00,0.000,0.000,0.00
1777907029,loop20,0.00,0.00,0.000,0.000,0.00
1777907029,loop21,0.00,0.00,0.000,0.000,0.00
1777907029,loop22,0.00,0.00,0.000,0.000,0.00
1777907029,loop23,0.00,0.00,0.000,0.000,0.00
1777907029,loop24,0.00,0.00,0.000,0.000,0.00
1777907029,loop25,0.00,0.00,0.000,0.000,0.00
1777907029,loop26,0.00,0.00,0.000,0.000,0.00
1777907029,loop27,0.00,0.00,0.000,0.000,0.00
1777907029,loop28,0.00,0.00,0.000,0.000,0.00
1777907029,loop29,0.00,0.00,0.000,0.000,0.00
1777907029,loop3,0.00,0.00,0.000,0.000,0.00
1777907029,loop30,0.00,0.00,0.000,0.000,0.00
1777907029,loop31,0.00,0.00,0.000,0.000,0.00
1777907029,loop32,0.00,0.00,0.000,0.000,0.00
1777907029,loop33,0.00,0.00,0.000,0.000,0.00
1777907029,loop34,0.00,0.00,0.000,0.000,0.00
1777907029,loop35,0.00,0.00,0.000,0.000,0.00
1777907029,loop36,0.00,0.00,0.000,0.000,0.00
1777907029,loop37,0.00,0.00,0.000,0.000,0.00
1777907029,loop38,0.00,0.00,0.000,0.000,0.00
1777907029,loop39,0.00,0.00,0.000,0.000,0.00
1777907029,loop4,0.00,0.00,0.000,0.000,0.00
1777907029,loop40,0.00,0.00,0.000,0.000,0.00
1777907029,loop5,0.00,0.00,0.000,0.000,0.00
1777907029,loop6,0.00,0.00,0.000,0.000,0.00
1777907029,loop7,0.00,0.00,0.000,0.000,0.00
1777907029,loop8,0.00,0.00,0.000,0.000,0.00
1777907029,loop9,0.00,0.00,0.000,0.000,0.00
1777907029,nvme0n1,0.00,0.00,0.000,0.000,0.00
1777907030,loop0,0.00,0.00,0.000,0.000,0.00
1777907030,loop1,0.00,0.00,0.000,0.000,0.00
1777907030,loop10,0.00,0.00,0.000,0.000,0.00
1777907030,loop11,0.00,0.00,0.000,0.000,0.00
1777907030,loop12,0.00,0.00,0.000,0.000,0.00
1777907030,loop13,0.00,0.00,0.000,0.000,0.00
1777907030,loop14,0.00,0.00,0.000,0.000,0.00
1777907030,loop15,0.00,0.00,0.000,0.000,0.00
1777907030,loop16,0.00,0.00,0.000,0.000,0.00
1777907030,loop17,0.00,0.00,0.000,0.000,0.00
1777907030,loop18,0.00,0.00,0.000,0.000,0.00
1777907030,loop19,0.00,0.00,0.000,0.000,0.00
1777907030,loop2,0.00,0.00,0.000,0.000,0.00
1777907030,loop20,0.00,0.00,0.000,0.000,0.00
1777907030,loop21,0.00,0.00,0.000,0.000,0.00
1777907030,loop22,0.00,0.00,0.000,0.000,0.00
1777907030,loop23,0.00,0.00,0.000,0.000,0.00
1777907030,loop24,0.00,0.00,0.000,0.000,0.00
1777907030,loop25,0.00,0.00,0.000,0.000,0.00
1777907030,loop26,0.00,0.00,0.000,0.000,0.00
1777907030,loop27,0.00,0.00,0.000,0.000,0.00
1777907030,loop28,0.00,0.00,0.000,0.000,0.00
1777907030,loop29,0.00,0.00,0.000,0.000,0.00
1777907030,loop3,0.00,0.00,0.000,0.000,0.00
1777907030,loop30,0.00,0.00,0.000,0.000,0.00
1777907030,loop31,0.00,0.00,0.000,0.000,0.00
1777907030,loop32,0.00,0.00,0.000,0.000,0.00
1777907030,loop33,0.00,0.00,0.000,0.000,0.00
1777907030,loop34,0.00,0.00,0.000,0.000,0.00
1777907030,loop35,0.00,0.00,0.000,0.000,0.00
1777907030,loop36,0.00,0.00,0.000,0.000,0.00
1777907030,loop37,0.00,0.00,0.000,0.000,0.00
1777907030,loop38,0.00,0.00,0.000,0.000,0.00
1777907030,loop39,0.00,0.00,0.000,0.000,0.00
1777907030,loop4,0.00,0.00,0.000,0.000,0.00
1777907030,loop40,0.00,0.00,0.000,0.000,0.00
1777907030,loop5,0.00,0.00,0.000,0.000,0.00
1777907030,loop6,0.00,0.00,0.000,0.000,0.00
1777907030,loop7,0.00,0.00,0.000,0.000,0.00
1777907030,loop8,0.00,0.00,0.000,0.000,0.00
1777907030,loop9,0.00,0.00,0.000,0.000,0.00
1777907030,nvme0n1,0.00,0.00,0.000,0.000,3.40
1777907031,loop0,0.00,0.00,0.000,0.000,0.00
1777907031,loop1,0.00,0.00,0.000,0.000,0.00
1777907031,loop10,0.00,0.00,0.000,0.000,0.00
1777907031,loop11,0.00,0.00,0.000,0.000,0.00
1777907031,loop12,0.00,0.00,0.000,0.000,0.00
1777907031,loop13,0.00,0.00,0.000,0.000,0.00
1777907031,loop14,0.00,0.00,0.000,0.000,0.00
1777907031,loop15,0.00,0.00,0.000,0.000,0.00
1777907031,loop16,0.00,0.00,0.000,0.000,0.00
1777907031,loop17,0.00,0.00,0.000,0.000,0.00
1777907031,loop18,0.00,0.00,0.000,0.000,0.00
1777907031,loop19,0.00,0.00,0.000,0.000,0.00
1777907031,loop2,0.00,0.00,0.000,0.000,0.00
1777907031,loop20,0.00,0.00,0.000,0.000,0.00
1777907031,loop21,0.00,0.00,0.000,0.000,0.00
1777907031,loop22,0.00,0.00,0.000,0.000,0.00
1777907031,loop23,0.00,0.00,0.000,0.000,0.00
1777907031,loop24,0.00,0.00,0.000,0.000,0.00
1777907031,loop25,0.00,0.00,0.000,0.000,0.00
1777907031,loop26,0.00,0.00,0.000,0.000,0.00
1777907031,loop27,0.00,0.00,0.000,0.000,0.00
1777907031,loop28,0.00,0.00,0.000,0.000,0.00
1777907031,loop29,0.00,0.00,0.000,0.000,0.00
1777907031,loop3,0.00,0.00,0.000,0.000,0.00
1777907031,loop30,0.00,0.00,0.000,0.000,0.00
1777907031,loop31,0.00,0.00,0.000,0.000,0.00
1777907031,loop32,0.00,0.00,0.000,0.000,0.00
1777907031,loop33,0.00,0.00,0.000,0.000,0.00
1777907031,loop34,0.00,0.00,0.000,0.000,0.00
1777907031,loop35,0.00,0.00,0.000,0.000,0.00
1777907031,loop36,0.00,0.00,0.000,0.000,0.00
1777907031,loop37,0.00,0.00,0.000,0.000,0.00
1777907031,loop38,0.00,0.00,0.000,0.000,0.00
1777907031,loop39,0.00,0.00,0.000,0.000,0.00
1777907031,loop4,0.00,0.00,0.000,0.000,0.00
1777907031,loop40,0.00,0.00,0.000,0.000,0.00
1777907031,loop5,0.00,0.00,0.000,0.000,0.00
1777907031,loop6,0.00,0.00,0.000,0.000,0.00
1777907031,loop7,0.00,0.00,0.000,0.000,0.00
1777907031,loop8,0.00,0.00,0.000,0.000,0.00
1777907031,loop9,0.00,0.00,0.000,0.000,0.00
1777907031,nvme0n1,0.00,0.00,0.000,0.000,0.00
1777907032,loop0,0.00,0.00,0.000,0.000,0.00
1777907032,loop1,0.00,0.00,0.000,0.000,0.00
1777907032,loop10,0.00,0.00,0.000,0.000,0.00
1777907032,loop11,0.00,0.00,0.000,0.000,0.00
1777907032,loop12,0.00,0.00,0.000,0.000,0.00
1777907032,loop13,0.00,0.00,0.000,0.000,0.00
1777907032,loop14,0.00,0.00,0.000,0.000,0.00
1777907032,loop15,0.00,0.00,0.000,0.000,0.00
1777907032,loop16,0.00,0.00,0.000,0.000,0.00
1777907032,loop17,0.00,0.00,0.000,0.000,0.00
1777907032,loop18,0.00,0.00,0.000,0.000,0.00
1777907032,loop19,0.00,0.00,0.000,0.000,0.00
1777907032,loop2,0.00,0.00,0.000,0.000,0.00
1777907032,loop20,0.00,0.00,0.000,0.000,0.00
1777907032,loop21,0.00,0.00,0.000,0.000,0.00
1777907032,loop22,0.00,0.00,0.000,0.000,0.00
1777907032,loop23,0.00,0.00,0.000,0.000,0.00
1777907032,loop24,0.00,0.00,0.000,0.000,0.00
1777907032,loop25,0.00,0.00,0.000,0.000,0.00
1777907032,loop26,0.00,0.00,0.000,0.000,0.00
1777907032,loop27,0.00,0.00,0.000,0.000,0.00
1777907032,loop28,0.00,0.00,0.000,0.000,0.00
1777907032,loop29,0.00,0.00,0.000,0.000,0.00
1777907032,loop3,0.00,0.00,0.000,0.000,0.00
1777907032,loop30,0.00,0.00,0.000,0.000,0.00
1777907032,loop31,0.00,0.00,0.000,0.000,0.00
1777907032,loop32,0.00,0.00,0.000,0.000,0.00
1777907032,loop33,0.00,0.00,0.000,0.000,0.00
1777907032,loop34,0.00,0.00,0.000,0.000,0.00
1777907032,loop35,0.00,0.00,0.000,0.000,0.00
1777907032,loop36,0.00,0.00,0.000,0.000,0.00
1777907032,loop37,0.00,0.00,0.000,0.000,0.00
1777907032,loop38,0.00,0.00,0.000,0.000,0.00
1777907032,loop39,0.00,0.00,0.000,0.000,0.00
1777907032,loop4,0.00,0.00,0.000,0.000,0.00
1777907032,loop40,0.00,0.00,0.000,0.000,0.00
1777907032,loop5,0.00,0.00,0.000,0.000,0.00
1777907032,loop6,0.00,0.00,0.000,0.000,0.00
1777907032,loop7,0.00,0.00,0.000,0.000,0.00
1777907032,loop8,0.00,0.00,0.000,0.000,0.00
1777907032,loop9,0.00,0.00,0.000,0.000,0.00
1777907032,nvme0n1,0.00,0.00,0.000,0.000,2.10
1777907033,loop0,0.00,0.00,0.000,0.000,0.00
1777907033,loop1,0.00,0.00,0.000,0.000,0.00
1777907033,loop10,0.00,0.00,0.000,0.000,0.00
1777907033,loop11,0.00,0.00,0.000,0.000,0.00
1777907033,loop12,0.00,0.00,0.000,0.000,0.00
1777907033,loop13,0.00,0.00,0.000,0.000,0.00
1777907033,loop14,0.00,0.00,0.000,0.000,0.00
1777907033,loop15,0.00,0.00,0.000,0.000,0.00
1777907033,loop16,0.00,0.00,0.000,0.000,0.00
1777907033,loop17,0.00,0.00,0.000,0.000,0.00
1777907033,loop18,0.00,0.00,0.000,0.000,0.00
1777907033,loop19,0.00,0.00,0.000,0.000,0.00
1777907033,loop2,0.00,0.00,0.000,0.000,0.00
1777907033,loop20,0.00,0.00,0.000,0.000,0.00
1777907033,loop21,0.00,0.00,0.000,0.000,0.00
1777907033,loop22,0.00,0.00,0.000,0.000,0.00
1777907033,loop23,0.00,0.00,0.000,0.000,0.00
1777907033,loop24,0.00,0.00,0.000,0.000,0.00
1777907033,loop25,0.00,0.00,0.000,0.000,0.00
1777907033,loop26,0.00,0.00,0.000,0.000,0.00
1777907033,loop27,0.00,0.00,0.000,0.000,0.00
1777907033,loop28,0.00,0.00,0.000,0.000,0.00
1777907033,loop29,0.00,0.00,0.000,0.000,0.00
1777907033,loop3,0.00,0.00,0.000,0.000,0.00
1777907033,loop30,0.00,0.00,0.000,0.000,0.00
1777907033,loop31,0.00,0.00,0.000,0.000,0.00
1777907033,loop32,0.00,0.00,0.000,0.000,0.00
1777907033,loop33,0.00,0.00,0.000,0.000,0.00
1777907033,loop34,0.00,0.00,0.000,0.000,0.00
1777907033,loop35,0.00,0.00,0.000,0.000,0.00
1777907033,loop36,0.00,0.00,0.000,0.000,0.00
1777907033,loop37,0.00,0.00,0.000,0.000,0.00
1777907033,loop38,0.00,0.00,0.000,0.000,0.00
1777907033,loop39,0.00,0.00,0.000,0.000,0.00
1777907033,loop4,0.00,0.00,0.000,0.000,0.00
1777907033,loop40,0.00,0.00,0.000,0.000,0.00
1777907033,loop5,0.00,0.00,0.000,0.000,0.00
1777907033,loop6,0.00,0.00,0.000,0.000,0.00
1777907033,loop7,0.00,0.00,0.000,0.000,0.00
1777907033,loop8,0.00,0.00,0.000,0.000,0.00
1777907033,loop9,0.00,0.00,0.000,0.000,0.00
1777907033,nvme0n1,0.00,0.00,0.000,0.000,0.00
