t_unix,device,r_iops,w_iops,r_mb_s,w_mb_s,util_pct
1777907323,loop0,0.00,0.00,0.000,0.000,0.00
1777907323,loop1,0.00,0.00,0.000,0.000,0.00
1777907323,loop10,0.00,0.00,0.000,0.000,0.00
1777907323,loop11,0.00,0.00,0.000,0.000,0.00
1777907323,loop12,0.00,0.00,0.000,0.000,0.00
1777907323,loop13,0.00,0.00,0.000,0.000,0.00
1777907323,loop14,0.00,0.00,0.000,0.000,0.00
1777907323,loop15,0.00,0.00,0.000,0.000,0.00
1777907323,loop16,0.00,0.00,0.000,0.000,0.00
1777907323,loop17,0.00,0.00,0.000,0.000,0.00
1777907323,loop18,0.00,0.00,0.000,0.000,0.00
1777907323,loop19,0.00,0.00,0.000,0.000,0.00
1777907323,loop2,0.00,0.00,0.000,0.000,0.00
1777907323,loop20,0.00,0.00,0.000,0.000,0.00
1777907323,loop21,0.00,0.00,0.000,0.000,0.00
1777907323,loop22,0.00,0.00,0.000,0.000,0.00
1777907323,loop23,0.00,0.00,0.000,0.000,0.00
1777907323,loop24,0.00,0.00,0.000,0.000,0.00
1777907323,loop25,0.00,0.00,0.000,0.000,0.00
1777907323,loop26,0.00,0.00,0.000,0.000,0.00
1777907323,loop27,0.00,0.00,0.000,0.000,0.00
1777907323,loop28,0.00,0.00,0.000,0.000,0.00
1777907323,loop29,0.00,0.00,0.000,0.000,0.00
1777907323,loop3,0.00,0.00,0.000,0.000,0.00
1777907323,loop30,0.00,0.00,0.000,0.000,0.00
1777907323,loop31,0.00,0.00,0.000,0.000,0.00
1777907323,loop32,0.00,0.00,0.000,0.000,0.00
1777907323,loop33,0.00,0.00,0.000,0.000,0.00
1777907323,loop34,0.00,0.00,0.000,0.000,0.00
1777907323,loop35,0.00,0.00,0.000,0.000,0.00
1777907323,loop36,0.00,0.00,0.000,0.000,0.00
1777907323,loop37,0.00,0.00,0.000,0.000,0.00
1777907323,loop38,0.00,0.00,0.000,0.000,0.00
1777907323,loop39,0.00,0.00,0.000,0.000,0.00
1777907323,loop4,0.00,0.00,0.000,0.000,0.00
1777907323,loop40,0.00,0.00,0.000,0.000,0.00
1777907323,loop5,0.00,0.00,0.000,0.000,0.00
1777907323,loop6,0.00,0.00,0.000,0.000,0.00
1777907323,loop7,0.00,0.00,0.000,0.000,0.00
1777907323,loop8,0.00,0.00,0.000,0.000,0.00
1777907323,loop9,0.00,0.00,0.000,0.000,0.00
1777907323,nvme0n1,0.00,0.00,0.000,0.000,0.70
1777907324,loop0,0.00,0.00,0.000,0.000,0.00
1777907324,loop1,0.00,0.00,0.000,0.000,0.00
1777907324,loop10,0.00,0.00,0.000,0.000,0.00
1777907324,loop11,0.00,0.00,0.000,0.000,0.00
1777907324,loop12,0.00,0.00,0.000,0.000,0.00
1777907324,loop13,0.00,0.00,0.000,0.000,0.00
1777907324,loop14,0.00,0.00,0.000,0.000,0.00
1777907324,loop15,0.00,0.00,0.000,0.000,0.00
1777907324,loop16,0.00,0.00,0.000,0.000,0.00
1777907324,loop17,0.00,0.00,0.000,0.000,0.00
1777907324,loop18,0.00,0.00,0.000,0.000,0.00
1777907324,loop19,0.00,0.00,0.000,0.000,0.00
1777907324,loop2,0.00,0.00,0.000,0.000,0.00
1777907324,loop20,0.00,0.00,0.000,0.000,0.00
1777907324,loop21,0.00,0.00,0.000,0.000,0.00
1777907324,loop22,0.00,0.00,0.000,0.000,0.00
1777907324,loop23,0.00,0.00,0.000,0.000,0.00
1777907324,loop24,0.00,0.00,0.000,0.000,0.00
1777907324,loop25,0.00,0.00,0.000,0.000,0.00
1777907324,loop26,0.00,0.00,0.000,0.000,0.00
1777907324,loop27,0.00,0.00,0.000,0.000,0.00
1777907324,loop28,0.00,0.00,0.000,0.000,0.00
1777907324,loop29,0.00,0.00,0.000,0.000,0.00
1777907324,loop3,0.00,0.00,0.000,0.000,0.00
1777907324,loop30,0.00,0.00,0.000,0.000,0.00
1777907324,loop31,0.00,0.00,0.000,0.000,0.00
1777907324,loop32,0.00,0.00,0.000,0.000,0.00
1777907324,loop33,0.00,0.00,0.000,0.000,0.00
1777907324,loop34,0.00,0.00,0.000,0.000,0.00
1777907324,loop35,0.00,0.00,0.000,0.000,0.00
1777907324,loop36,0.00,0.00,0.000,0.000,0.00
1777907324,loop37,0.00,0.00,0.000,0.000,0.00
1777907324,loop38,0.00,0.00,0.000,0.000,0.00
1777907324,loop39,0.00,0.00,0.000,0.000,0.00
1777907324,loop4,0.00,0.00,0.000,0.000,0.00
1777907324,loop40,0.00,0.00,0.000,0.000,0.00
1777907324,loop5,0.00,0.00,0.000,0.000,0.00
1777907324,loop6,0.00,0.00,0.000,0.000,0.00
1777907324,loop7,0.00,0.00,0.000,0.000,0.00
1777907324,loop8,0.00,0.00,0.000,0.000,0.00
1777907324,loop9,0.00,0.00,0.000,0.000,0.00
1777907324,nvme0n1,4.00,212.00,0.000,0.000,0.10
1777907325,loop0,0.00,0.00,0.000,0.000,0.00
1777907325,loop1,0.00,0.00,0.000,0.000,0.00
1777907325,loop10,0.00,0.00,0.000,0.000,0.00
1777907325,loop11,0.00,0.00,0.000,0.000,0.00
1777907325,loop12,0.00,0.00,0.000,0.000,0.00
1777907325,loop13,0.00,0.00,0.000,0.000,0.00
1777907325,loop14,0.00,0.00,0.000,0.000,0.00
1777907325,loop15,0.00,0.00,0.000,0.000,0.00
1777907325,loop16,0.00,0.00,0.000,0.000,0.00
1777907325,loop17,0.00,0.00,0.000,0.000,0.00
1777907325,loop18,0.00,0.00,0.000,0.000,0.00
1777907325,loop19,0.00,0.00,0.000,0.000,0.00
1777907325,loop2,0.00,0.00,0.000,0.000,0.00
1777907325,loop20,0.00,0.00,0.000,0.000,0.00
1777907325,loop21,0.00,0.00,0.000,0.000,0.00
1777907325,loop22,0.00,0.00,0.000,0.000,0.00
1777907325,loop23,0.00,0.00,0.000,0.000,0.00
1777907325,loop24,0.00,0.00,0.000,0.000,0.00
1777907325,loop25,0.00,0.00,0.000,0.000,0.00
1777907325,loop26,0.00,0.00,0.000,0.000,0.00
1777907325,loop27,0.00,0.00,0.000,0.000,0.00
1777907325,loop28,0.00,0.00,0.000,0.000,0.00
1777907325,loop29,0.00,0.00,0.000,0.000,0.00
1777907325,loop3,0.00,0.00,0.000,0.000,0.00
1777907325,loop30,0.00,0.00,0.000,0.000,0.00
1777907325,loop31,0.00,0.00,0.000,0.000,0.00
1777907325,loop32,0.00,0.00,0.000,0.000,0.00
1777907325,loop33,0.00,0.00,0.000,0.000,0.00
1777907325,loop34,0.00,0.00,0.000,0.000,0.00
1777907325,loop35,0.00,0.00,0.000,0.000,0.00
1777907325,loop36,0.00,0.00,0.000,0.000,0.00
1777907325,loop37,0.00,0.00,0.000,0.000,0.00
1777907325,loop38,0.00,0.00,0.000,0.000,0.00
1777907325,loop39,0.00,0.00,0.000,0.000,0.00
1777907325,loop4,0.00,0.00,0.000,0.000,0.00
1777907325,loop40,0.00,0.00,0.000,0.000,0.00
1777907325,loop5,0.00,0.00,0.000,0.000,0.00
1777907325,loop6,0.00,0.00,0.000,0.000,0.00
1777907325,loop7,0.00,0.00,0.000,0.000,0.00
1777907325,loop8,0.00,0.00,0.000,0.000,0.00
1777907325,loop9,0.00,0.00,0.000,0.000,0.00
1777907325,nvme0n1,0.00,0.00,0.000,0.000,0.00
1777907326,loop0,0.00,0.00,0.000,0.000,0.00
1777907326,loop1,0.00,0.00,0.000,0.000,0.00
1777907326,loop10,0.00,0.00,0.000,0.000,0.00
1777907326,loop11,0.00,0.00,0.000,0.000,0.00
1777907326,loop12,0.00,0.00,0.000,0.000,0.00
1777907326,loop13,0.00,0.00,0.000,0.000,0.00
1777907326,loop14,0.00,0.00,0.000,0.000,0.00
1777907326,loop15,0.00,0.00,0.000,0.000,0.00
1777907326,loop16,0.00,0.00,0.000,0.000,0.00
1777907326,loop17,0.00,0.00,0.000,0.000,0.00
1777907326,loop18,0.00,0.00,0.000,0.000,0.00
1777907326,loop19,0.00,0.00,0.000,0.000,0.00
1777907326,loop2,0.00,0.00,0.000,0.000,0.00
1777907326,loop20,0.00,0.00,0.000,0.000,0.00
1777907326,loop21,0.00,0.00,0.000,0.000,0.00
1777907326,loop22,0.00,0.00,0.000,0.000,0.00
1777907326,loop23,0.00,0.00,0.000,0.000,0.00
1777907326,loop24,0.00,0.00,0.000,0.000,0.00
1777907326,loop25,0.00,0.00,0.000,0.000,0.00
1777907326,loop26,0.00,0.00,0.000,0.000,0.00
1777907326,loop27,0.00,0.00,0.000,0.000,0.00
1777907326,loop28,0.00,0.00,0.000,0.000,0.00
1777907326,loop29,0.00,0.00,0.000,0.000,0.00
1777907326,loop3,0.00,0.00,0.000,0.000,0.00
1777907326,loop30,0.00,0.00,0.000,0.000,0.00
1777907326,loop31,0.00,0.00,0.000,0.000,0.00
1777907326,loop32,0.00,0.00,0.000,0.000,0.00
1777907326,loop33,0.00,0.00,0.000,0.000,0.00
1777907326,loop34,0.00,0.00,0.000,0.000,0.00
1777907326,loop35,0.00,0.00,0.000,0.000,0.00
1777907326,loop36,0.00,0.00,0.000,0.000,0.00
1777907326,loop37,0.00,0.00,0.000,0.000,0.00
1777907326,loop38,0.00,0.00,0.000,0.000,0.00
1777907326,loop39,0.00,0.00,0.000,0.000,0.00
1777907326,loop4,0.00,0.00,0.000,0.000,0.00
1777907326,loop40,0.00,0.00,0.000,0.000,0.00
1777907326,loop5,0.00,0.00,0.000,0.000,0.00
1777907326,loop6,0.00,0.00,0.000,0.000,0.00
1777907326,loop7,0.00,0.00,0.000,0.000,0.00
1777907326,loop8,0.00,0.00,0.000,0.000,0.00
1777907326,loop9,0.00,0.00,0.000,0.000,0.00
1777907326,nvme0n1,0.00,0.00,0.000,0.000,0.50
1777907327,loop0,0.00,0.00,0.000,0.000,0.00
1777907327,loop1,0.00,0.00,0.000,0.000,0.00
1777907327,loop10,0.00,0.00,0.000,0.000,0.00
1777907327,loop11,0.00,0.00,0.000,0.000,0.00
1777907327,loop12,0.00,0.00,0.000,0.000,0.00
1777907327,loop13,0.00,0.00,0.000,0.000,0.00
1777907327,loop14,0.00,0.00,0.000,0.000,0.00
1777907327,loop15,0.00,0.00,0.000,0.000,0.00
1777907327,loop16,0.00,0.00,0.000,0.000,0.00
1777907327,loop17,0.00,0.00,0.000,0.000,0.00
1777907327,loop18,0.00,0.00,0.000,0.000,0.00
1777907327,loop19,0.00,0.00,0.000,0.000,0.00
1777907327,loop2,0.00,0.00,0.000,0.000,0.00
1777907327,loop20,0.00,0.00,0.000,0.000,0.00
1777907327,loop21,0.00,0.00,0.000,0.000,0.00
1777907327,loop22,0.00,0.00,0.000,0.000,0.00
1777907327,loop23,0.00,0.00,0.000,0.000,0.00
1777907327,loop24,0.00,0.00,0.000,0.000,0.00
1777907327,loop25,0.00,0.00,0.000,0.000,0.00
1777907327,loop26,0.00,0.00,0.000,0.000,0.00
1777907327,loop27,0.00,0.00,0.000,0.000,0.00
1777907327,loop28,0.00,0.00,0.000,0.000,0.00
1777907327,loop29,0.00,0.00,0.000,0.000,0.00
1777907327,loop3,0.00,0.00,0.000,0.000,0.00
1777907327,loop30,0.00,0.00,0.000,0.000,0.00
1777907327,loop31,0.00,0.00,0.000,0.000,0.00
1777907327,loop32,0.00,0.00,0.000,0.000,0.00
1777907327,loop33,0.00,0.00,0.000,0.000,0.00
1777907327,loop34,0.00,0.00,0.000,0.000,0.00
1777907327,loop35,0.00,0.00,0.000,0.000,0.00
1777907327,loop36,0.00,0.00,0.000,0.000,0.00
1777907327,loop37,0.00,0.00,0.000,0.000,0.00
1777907327,loop38,0.00,0.00,0.000,0.000,0.00
1777907327,loop39,0.00,0.00,0.000,0.000,0.00
1777907327,loop4,0.00,0.00,0.000,0.000,0.00
1777907327,loop40,0.00,0.00,0.000,0.000,0.00
1777907327,loop5,0.00,0.00,0.000,0.000,0.00
1777907327,loop6,0.00,0.00,0.000,0.000,0.00
1777907327,loop7,0.00,0.00,0.000,0.000,0.00
1777907327,loop8,0.00,0.00,0.000,0.000,0.00
1777907327,loop9,0.00,0.00,0.000,0.000,0.00
1777907327,nvme0n1,0.00,0.00,0.000,0.000,0.00
1777907328,loop0,0.00,0.00,0.000,0.000,0.00
1777907328,loop1,0.00,0.00,0.000,0.000,0.00
1777907328,loop10,0.00,0.00,0.000,0.000,0.00
1777907328,loop11,0.00,0.00,0.000,0.000,0.00
1777907328,loop12,0.00,0.00,0.000,0.000,0.00
1777907328,loop13,0.00,0.00,0.000,0.000,0.00
1777907328,loop14,0.00,0.00,0.000,0.000,0.00
1777907328,loop15,0.00,0.00,0.000,0.000,0.00
1777907328,loop16,0.00,0.00,0.000,0.000,0.00
1777907328,loop17,0.00,0.00,0.000,0.000,0.00
1777907328,loop18,0.00,0.00,0.000,0.000,0.00
1777907328,loop19,0.00,0.00,0.000,0.000,0.00
1777907328,loop2,0.00,0.00,0.000,0.000,0.00
1777907328,loop20,0.00,0.00,0.000,0.000,0.00
1777907328,loop21,0.00,0.00,0.000,0.000,0.00
1777907328,loop22,0.00,0.00,0.000,0.000,0.00
1777907328,loop23,0.00,0.00,0.000,0.000,0.00
1777907328,loop24,0.00,0.00,0.000,0.000,0.00
1777907328,loop25,0.00,0.00,0.000,0.000,0.00
1777907328,loop26,0.00,0.00,0.000,0.000,0.00
1777907328,loop27,0.00,0.00,0.000,0.000,0.00
1777907328,loop28,0.00,0.00,0.000,0.000,0.00
1777907328,loop29,0.00,0.00,0.000,0.000,0.00
1777907328,loop3,0.00,0.00,0.000,0.000,0.00
1777907328,loop30,0.00,0.00,0.000,0.000,0.00
1777907328,loop31,0.00,0.00,0.000,0.000,0.00
1777907328,loop32,0.00,0.00,0.000,0.000,0.00
1777907328,loop33,0.00,0.00,0.000,0.000,0.00
1777907328,loop34,0.00,0.00,0.000,0.000,0.00
1777907328,loop35,0.00,0.00,0.000,0.000,0.00
1777907328,loop36,0.00,0.00,0.000,0.000,0.00
1777907328,loop37,0.00,0.00,0.000,0.000,0.00
1777907328,loop38,0.00,0.00,0.000,0.000,0.00
1777907328,loop39,0.00,0.00,0.000,0.000,0.00
1777907328,loop4,0.00,0.00,0.000,0.000,0.00
1777907328,loop40,0.00,0.00,0.000,0.000,0.00
1777907328,loop5,0.00,0.00,0.000,0.000,0.00
1777907328,loop6,0.00,0.00,0.000,0.000,0.00
1777907328,loop7,0.00,0.00,0.000,0.000,0.00
1777907328,loop8,0.00,0.00,0.000,0.000,0.00
1777907328,loop9,0.00,0.00,0.000,0.000,0.00
1777907328,nvme0n1,0.00,0.00,0.000,0.000,0.70
1777907329,loop0,0.00,0.00,0.000,0.000,0.00
1777907329,loop1,0.00,0.00,0.000,0.000,0.00
1777907329,loop10,0.00,0.00,0.000,0.000,0.00
1777907329,loop11,0.00,0.00,0.000,0.000,0.00
1777907329,loop12,0.00,0.00,0.000,0.000,0.00
1777907329,loop13,0.00,0.00,0.000,0.000,0.00
1777907329,loop14,0.00,0.00,0.000,0.000,0.00
1777907329,loop15,0.00,0.00,0.000,0.000,0.00
1777907329,loop16,0.00,0.00,0.000,0.000,0.00
1777907329,loop17,0.00,0.00,0.000,0.000,0.00
1777907329,loop18,0.00,0.00,0.000,0.000,0.00
1777907329,loop19,0.00,0.00,0.000,0.000,0.00
1777907329,loop2,0.00,0.00,0.000,0.000,0.00
1777907329,loop20,0.00,0.00,0.000,0.000,0.00
1777907329,loop21,0.00,0.00,0.000,0.000,0.00
1777907329,loop22,0.00,0.00,0.000,0.000,0.00
1777907329,loop23,0.00,0.00,0.000,0.000,0.00
1777907329,loop24,0.00,0.00,0.000,0.000,0.00
1777907329,loop25,0.00,0.00,0.000,0.000,0.00
1777907329,loop26,0.00,0.00,0.000,0.000,0.00
1777907329,loop27,0.00,0.00,0.000,0.000,0.00
1777907329,loop28,0.00,0.00,0.000,0.000,0.00
1777907329,loop29,0.00,0.00,0.000,0.000,0.00
1777907329,loop3,0.00,0.00,0.000,0.000,0.00
1777907329,loop30,0.00,0.00,0.000,0.000,0.00
1777907329,loop31,0.00,0.00,0.000,0.000,0.00
1777907329,loop32,0.00,0.00,0.000,0.000,0.00
1777907329,loop33,0.00,0.00,0.000,0.000,0.00
1777907329,loop34,0.00,0.00,0.000,0.000,0.00
1777907329,loop35,0.00,0.00,0.000,0.000,0.00
1777907329,loop36,0.00,0.00,0.000,0.000,0.00
1777907329,loop37,0.00,0.00,0.000,0.000,0.00
1777907329,loop38,0.00,0.00,0.000,0.000,0.00
1777907329,loop39,0.00,0.00,0.000,0.000,0.00
1777907329,loop4,0.00,0.00,0.000,0.000,0.00
1777907329,loop40,0.00,0.00,0.000,0.000,0.00
1777907329,loop5,0.00,0.00,0.000,0.000,0.00
1777907329,loop6,0.00,0.00,0.000,0.000,0.00
1777907329,loop7,0.00,0.00,0.000,0.000,0.00
1777907329,loop8,0.00,0.00,0.000,0.000,0.00
1777907329,loop9,0.00,0.00,0.000,0.000,0.00
1777907329,nvme0n1,0.00,0.00,0.000,0.000,0.00
1777907330,loop0,0.00,0.00,0.000,0.000,0.00
1777907330,loop1,0.00,0.00,0.000,0.000,0.00
1777907330,loop10,0.00,0.00,0.000,0.000,0.00
1777907330,loop11,0.00,0.00,0.000,0.000,0.00
1777907330,loop12,0.00,0.00,0.000,0.000,0.00
1777907330,loop13,0.00,0.00,0.000,0.000,0.00
1777907330,loop14,0.00,0.00,0.000,0.000,0.00
1777907330,loop15,0.00,0.00,0.000,0.000,0.00
1777907330,loop16,0.00,0.00,0.000,0.000,0.00
1777907330,loop17,0.00,0.00,0.000,0.000,0.00
1777907330,loop18,0.00,0.00,0.000,0.000,0.00
1777907330,loop19,0.00,0.00,0.000,0.000,0.00
1777907330,loop2,0.00,0.00,0.000,0.000,0.00
1777907330,loop20,0.00,0.00,0.000,0.000,0.00
1777907330,loop21,0.00,0.00,0.000,0.000,0.00
1777907330,loop22,0.00,0.00,0.000,0.000,0.00
1777907330,loop23,0.00,0.00,0.000,0.000,0.00
1777907330,loop24,0.00,0.00,0.000,0.000,0.00
1777907330,loop25,0.00,0.00,0.000,0.000,0.00
1777907330,loop26,0.00,0.00,0.000,0.000,0.00
1777907330,loop27,0.00,0.00,0.000,0.000,0.00
1777907330,loop28,0.00,0.00,0.000,0.000,0.00
1777907330,loop29,0.00,0.00,0.000,0.000,0.00
1777907330,loop3,0.00,0.00,0.000,0.000,0.00
1777907330,loop30,0.00,0.00,0.000,0.000,0.00
1777907330,loop31,0.00,0.00,0.000,0.000,0.00
1777907330,loop32,0.00,0.00,0.000,0.000,0.00
1777907330,loop33,0.00,0.00,0.000,0.000,0.00
1777907330,loop34,0.00,0.00,0.000,0.000,0.00
1777907330,loop35,0.00,0.00,0.000,0.000,0.00
1777907330,loop36,0.00,0.00,0.000,0.000,0.00
1777907330,loop37,0.00,0.00,0.000,0.000,0.00
1777907330,loop38,0.00,0.00,0.000,0.000,0.00
1777907330,loop39,0.00,0.00,0.000,0.000,0.00
1777907330,loop4,0.00,0.00,0.000,0.000,0.00
1777907330,loop40,0.00,0.00,0.000,0.000,0.00
1777907330,loop5,0.00,0.00,0.000,0.000,0.00
1777907330,loop6,0.00,0.00,0.000,0.000,0.00
1777907330,loop7,0.00,0.00,0.000,0.000,0.00
1777907330,loop8,0.00,0.00,0.000,0.000,0.00
1777907330,loop9,0.00,0.00,0.000,0.000,0.00
1777907330,nvme0n1,0.00,0.00,0.000,0.000,0.00
1777907331,loop0,0.00,0.00,0.000,0.000,0.00
1777907331,loop1,0.00,0.00,0.000,0.000,0.00
1777907331,loop10,0.00,0.00,0.000,0.000,0.00
1777907331,loop11,0.00,0.00,0.000,0.000,0.00
1777907331,loop12,0.00,0.00,0.000,0.000,0.00
1777907331,loop13,0.00,0.00,0.000,0.000,0.00
1777907331,loop14,0.00,0.00,0.000,0.000,0.00
1777907331,loop15,0.00,0.00,0.000,0.000,0.00
1777907331,loop16,0.00,0.00,0.000,0.000,0.00
1777907331,loop17,0.00,0.00,0.000,0.000,0.00
1777907331,loop18,0.00,0.00,0.000,0.000,0.00
1777907331,loop19,0.00,0.00,0.000,0.000,0.00
1777907331,loop2,0.00,0.00,0.000,0.000,0.00
1777907331,loop20,0.00,0.00,0.000,0.000,0.00
1777907331,loop21,0.00,0.00,0.000,0.000,0.00
1777907331,loop22,0.00,0.00,0.000,0.000,0.00
1777907331,loop23,0.00,0.00,0.000,0.000,0.00
1777907331,loop24,0.00,0.00,0.000,0.000,0.00
1777907331,loop25,0.00,0.00,0.000,0.000,0.00
1777907331,loop26,0.00,0.00,0.000,0.000,0.00
1777907331,loop27,0.00,0.00,0.000,0.000,0.00
1777907331,loop28,0.00,0.00,0.000,0.000,0.00
1777907331,loop29,0.00,0.00,0.000,0.000,0.00
1777907331,loop3,0.00,0.00,0.000,0.000,0.00
1777907331,loop30,0.00,0.00,0.000,0.000,0.00
1777907331,loop31,0.00,0.00,0.000,0.000,0.00
1777907331,loop32,0.00,0.00,0.000,0.000,0.00
1777907331,loop33,0.00,0.00,0.000,0.000,0.00
1777907331,loop34,0.00,0.00,0.000,0.000,0.00
1777907331,loop35,0.00,0.00,0.000,0.000,0.00
1777907331,loop36,0.00,0.00,0.000,0.000,0.00
1777907331,loop37,0.00,0.00,0.000,0.000,0.00
1777907331,loop38,0.00,0.00,0.000,0.000,0.00
1777907331,loop39,0.00,0.00,0.000,0.000,0.00
1777907331,loop4,0.00,0.00,0.000,0.000,0.00
1777907331,loop40,0.00,0.00,0.000,0.000,0.00
1777907331,loop5,0.00,0.00,0.000,0.000,0.00
1777907331,loop6,0.00,0.00,0.000,0.000,0.00
1777907331,loop7,0.00,0.00,0.000,0.000,0.00
1777907331,loop8,0.00,0.00,0.000,0.000,0.00
1777907331,loop9,0.00,0.00,0.000,0.000,0.00
1777907331,nvme0n1,0.00,0.00,0.000,0.000,2.00
1777907332,loop0,0.00,0.00,0.000,0.000,0.00
1777907332,loop1,0.00,0.00,0.000,0.000,0.00
1777907332,loop10,0.00,0.00,0.000,0.000,0.00
1777907332,loop11,0.00,0.00,0.000,0.000,0.00
1777907332,loop12,0.00,0.00,0.000,0.000,0.00
1777907332,loop13,0.00,0.00,0.000,0.000,0.00
1777907332,loop14,0.00,0.00,0.000,0.000,0.00
1777907332,loop15,0.00,0.00,0.000,0.000,0.00
1777907332,loop16,0.00,0.00,0.000,0.000,0.00
1777907332,loop17,0.00,0.00,0.000,0.000,0.00
1777907332,loop18,0.00,0.00,0.000,0.000,0.00
1777907332,loop19,0.00,0.00,0.000,0.000,0.00
1777907332,loop2,0.00,0.00,0.000,0.000,0.00
1777907332,loop20,0.00,0.00,0.000,0.000,0.00
1777907332,loop21,0.00,0.00,0.000,0.000,0.00
1777907332,loop22,0.00,0.00,0.000,0.000,0.00
1777907332,loop23,0.00,0.00,0.000,0.000,0.00
1777907332,loop24,0.00,0.00,0.000,0.000,0.00
1777907332,loop25,0.00,0.00,0.000,0.000,0.00
1777907332,loop26,0.00,0.00,0.000,0.000,0.00
1777907332,loop27,0.00,0.00,0.000,0.000,0.00
1777907332,loop28,0.00,0.00,0.000,0.000,0.00
1777907332,loop29,0.00,0.00,0.000,0.000,0.00
1777907332,loop3,0.00,0.00,0.000,0.000,0.00
1777907332,loop30,0.00,0.00,0.000,0.000,0.00
1777907332,loop31,0.00,0.00,0.000,0.000,0.00
1777907332,loop32,0.00,0.00,0.000,0.000,0.00
1777907332,loop33,0.00,0.00,0.000,0.000,0.00
1777907332,loop34,0.00,0.00,0.000,0.000,0.00
1777907332,loop35,0.00,0.00,0.000,0.000,0.00
1777907332,loop36,0.00,0.00,0.000,0.000,0.00
1777907332,loop37,0.00,0.00,0.000,0.000,0.00
1777907332,loop38,9.00,486.00,0.000,0.000,0.10
1777907332,loop39,0.00,0.00,0.000,0.000,0.00
1777907332,loop4,0.00,0.00,0.000,0.000,0.00
1777907332,loop40,0.00,0.00,0.000,0.000,0.00
1777907332,loop5,0.00,0.00,0.000,0.000,0.00
1777907332,loop6,0.00,0.00,0.000,0.000,0.00
1777907332,loop7,0.00,0.00,0.000,0.000,0.00
1777907332,loop8,0.00,0.00,0.000,0.000,0.00
1777907332,loop9,0.00,0.00,0.000,0.000,0.00
1777907332,nvme0n1,2832.00,36728.00,0.284,0.009,22.00
1777907333,loop0,0.00,0.00,0.000,0.000,0.00
1777907333,loop1,0.00,0.00,0.000,0.000,0.00
1777907333,loop10,0.00,0.00,0.000,0.000,0.00
1777907333,loop11,0.00,0.00,0.000,0.000,0.00
1777907333,loop12,0.00,0.00,0.000,0.000,0.00
1777907333,loop13,0.00,0.00,0.000,0.000,0.00
1777907333,loop14,0.00,0.00,0.000,0.000,0.00
1777907333,loop15,0.00,0.00,0.000,0.000,0.00
1777907333,loop16,0.00,0.00,0.000,0.000,0.00
1777907333,loop17,0.00,0.00,0.000,0.000,0.00
1777907333,loop18,0.00,0.00,0.000,0.000,0.00
1777907333,loop19,0.00,0.00,0.000,0.000,0.00
1777907333,loop2,0.00,0.00,0.000,0.000,0.00
1777907333,loop20,0.00,0.00,0.000,0.000,0.00
1777907333,loop21,0.00,0.00,0.000,0.000,0.00
1777907333,loop22,0.00,0.00,0.000,0.000,0.00
1777907333,loop23,0.00,0.00,0.000,0.000,0.00
1777907333,loop24,0.00,0.00,0.000,0.000,0.00
1777907333,loop25,0.00,0.00,0.000,0.000,0.00
1777907333,loop26,0.00,0.00,0.000,0.000,0.00
1777907333,loop27,0.00,0.00,0.000,0.000,0.00
1777907333,loop28,0.00,0.00,0.000,0.000,0.00
1777907333,loop29,0.00,0.00,0.000,0.000,0.00
1777907333,loop3,0.00,0.00,0.000,0.000,0.00
1777907333,loop30,0.00,0.00,0.000,0.000,0.00
1777907333,loop31,0.00,0.00,0.000,0.000,0.00
1777907333,loop32,0.00,0.00,0.000,0.000,0.00
1777907333,loop33,0.00,0.00,0.000,0.000,0.00
1777907333,loop34,0.00,0.00,0.000,0.000,0.00
1777907333,loop35,0.00,0.00,0.000,0.000,0.00
1777907333,loop36,0.00,0.00,0.000,0.000,0.00
1777907333,loop37,0.00,0.00,0.000,0.000,0.00
1777907333,loop38,0.00,0.00,0.000,0.000,0.00
1777907333,loop39,0.00,0.00,0.000,0.000,0.00
1777907333,loop4,0.00,0.00,0.000,0.000,0.00
1777907333,loop40,0.00,0.00,0.000,0.000,0.00
1777907333,loop5,0.00,0.00,0.000,0.000,0.00
1777907333,loop6,0.00,0.00,0.000,0.000,0.00
1777907333,loop7,0.00,0.00,0.000,0.000,0.00
1777907333,loop8,0.00,0.00,0.000,0.000,0.00
1777907333,loop9,0.00,0.00,0.000,0.000,0.00
1777907333,nvme0n1,6770.00,88984.00,0.000,0.000,57.70
1777907334,loop0,0.00,0.00,0.000,0.000,0.00
1777907334,loop1,0.00,0.00,0.000,0.000,0.00
1777907334,loop10,0.00,0.00,0.000,0.000,0.00
1777907334,loop11,0.00,0.00,0.000,0.000,0.00
1777907334,loop12,0.00,0.00,0.000,0.000,0.00
1777907334,loop13,0.00,0.00,0.000,0.000,0.00
1777907334,loop14,0.00,0.00,0.000,0.000,0.00
1777907334,loop15,0.00,0.00,0.000,0.000,0.00
1777907334,loop16,0.00,0.00,0.000,0.000,0.00
1777907334,loop17,0.00,0.00,0.000,0.000,0.00
1777907334,loop18,0.00,0.00,0.000,0.000,0.00
1777907334,loop19,0.00,0.00,0.000,0.000,0.00
1777907334,loop2,0.00,0.00,0.000,0.000,0.00
1777907334,loop20,0.00,0.00,0.000,0.000,0.00
1777907334,loop21,0.00,0.00,0.000,0.000,0.00
1777907334,loop22,0.00,0.00,0.000,0.000,0.00
1777907334,loop23,0.00,0.00,0.000,0.000,0.00
1777907334,loop24,0.00,0.00,0.000,0.000,0.00
1777907334,loop25,0.00,0.00,0.000,0.000,0.00
1777907334,loop26,0.00,0.00,0.000,0.000,0.00
1777907334,loop27,0.00,0.00,0.000,0.000,0.00
1777907334,loop28,0.00,0.00,0.000,0.000,0.00
1777907334,loop29,0.00,0.00,0.000,0.000,0.00
1777907334,loop3,0.00,0.00,0.000,0.000,0.00
1777907334,loop30,0.00,0.00,0.000,0.000,0.00
1777907334,loop31,0.00,0.00,0.000,0.000,0.00
1777907334,loop32,0.00,0.00,0.000,0.000,0.00
1777907334,loop33,0.00,0.00,0.000,0.000,0.00
1777907334,loop34,0.00,0.00,0.000,0.000,0.00
1777907334,loop35,0.00,0.00,0.000,0.000,0.00
1777907334,loop36,0.00,0.00,0.000,0.000,0.00
1777907334,loop37,0.00,0.00,0.000,0.000,0.00
1777907334,loop38,0.00,0.00,0.000,0.000,0.00
1777907334,loop39,0.00,0.00,0.000,0.000,0.00
1777907334,loop4,0.00,0.00,0.000,0.000,0.00
1777907334,loop40,0.00,0.00,0.000,0.000,0.00
1777907334,loop5,0.00,0.00,0.000,0.000,0.00
1777907334,loop6,0.00,0.00,0.000,0.000,0.00
1777907334,loop7,0.00,0.00,0.000,0.000,0.00
1777907334,loop8,0.00,0.00,0.000,0.000,0.00
1777907334,loop9,0.00,0.00,0.000,0.000,0.00
1777907334,nvme0n1,2184.00,33456.00,0.003,0.000,19.90
1777907335,loop0,0.00,0.00,0.000,0.000,0.00
1777907335,loop1,0.00,0.00,0.000,0.000,0.00
1777907335,loop10,0.00,0.00,0.000,0.000,0.00
1777907335,loop11,0.00,0.00,0.000,0.000,0.00
1777907335,loop12,0.00,0.00,0.000,0.000,0.00
1777907335,loop13,0.00,0.00,0.000,0.000,0.00
1777907335,loop14,0.00,0.00,0.000,0.000,0.00
1777907335,loop15,0.00,0.00,0.000,0.000,0.00
1777907335,loop16,0.00,0.00,0.000,0.000,0.00
1777907335,loop17,0.00,0.00,0.000,0.000,0.00
1777907335,loop18,0.00,0.00,0.000,0.000,0.00
1777907335,loop19,0.00,0.00,0.000,0.000,0.00
1777907335,loop2,0.00,0.00,0.000,0.000,0.00
1777907335,loop20,0.00,0.00,0.000,0.000,0.00
1777907335,loop21,0.00,0.00,0.000,0.000,0.00
1777907335,loop22,0.00,0.00,0.000,0.000,0.00
1777907335,loop23,0.00,0.00,0.000,0.000,0.00
1777907335,loop24,0.00,0.00,0.000,0.000,0.00
1777907335,loop25,0.00,0.00,0.000,0.000,0.00
1777907335,loop26,0.00,0.00,0.000,0.000,0.00
1777907335,loop27,0.00,0.00,0.000,0.000,0.00
1777907335,loop28,0.00,0.00,0.000,0.000,0.00
1777907335,loop29,0.00,0.00,0.000,0.000,0.00
1777907335,loop3,0.00,0.00,0.000,0.000,0.00
1777907335,loop30,0.00,0.00,0.000,0.000,0.00
1777907335,loop31,0.00,0.00,0.000,0.000,0.00
1777907335,loop32,0.00,0.00,0.000,0.000,0.00
1777907335,loop33,0.00,0.00,0.000,0.000,0.00
1777907335,loop34,0.00,0.00,0.000,0.000,0.00
1777907335,loop35,0.00,0.00,0.000,0.000,0.00
1777907335,loop36,0.00,0.00,0.000,0.000,0.00
1777907335,loop37,0.00,0.00,0.000,0.000,0.00
1777907335,loop38,0.00,0.00,0.000,0.000,0.00
1777907335,loop39,0.00,0.00,0.000,0.000,0.00
1777907335,loop4,0.00,0.00,0.000,0.000,0.00
1777907335,loop40,0.00,0.00,0.000,0.000,0.00
1777907335,loop5,0.00,0.00,0.000,0.000,0.00
1777907335,loop6,0.00,0.00,0.000,0.000,0.00
1777907335,loop7,0.00,0.00,0.000,0.000,0.00
1777907335,loop8,0.00,0.00,0.000,0.000,0.00
1777907335,loop9,0.00,0.00,0.000,0.000,0.00
1777907335,nvme0n1,2.00,8.00,0.000,0.000,0.10
1777907336,loop0,0.00,0.00,0.000,0.000,0.00
1777907336,loop1,0.00,0.00,0.000,0.000,0.00
1777907336,loop10,0.00,0.00,0.000,0.000,0.00
1777907336,loop11,0.00,0.00,0.000,0.000,0.00
1777907336,loop12,0.00,0.00,0.000,0.000,0.00
1777907336,loop13,0.00,0.00,0.000,0.000,0.00
1777907336,loop14,0.00,0.00,0.000,0.000,0.00
1777907336,loop15,0.00,0.00,0.000,0.000,0.00
1777907336,loop16,0.00,0.00,0.000,0.000,0.00
1777907336,loop17,0.00,0.00,0.000,0.000,0.00
1777907336,loop18,0.00,0.00,0.000,0.000,0.00
1777907336,loop19,0.00,0.00,0.000,0.000,0.00
1777907336,loop2,0.00,0.00,0.000,0.000,0.00
1777907336,loop20,0.00,0.00,0.000,0.000,0.00
1777907336,loop21,0.00,0.00,0.000,0.000,0.00
1777907336,loop22,0.00,0.00,0.000,0.000,0.00
1777907336,loop23,0.00,0.00,0.000,0.000,0.00
1777907336,loop24,0.00,0.00,0.000,0.000,0.00
1777907336,loop25,0.00,0.00,0.000,0.000,0.00
1777907336,loop26,0.00,0.00,0.000,0.000,0.00
1777907336,loop27,0.00,0.00,0.000,0.000,0.00
1777907336,loop28,0.00,0.00,0.000,0.000,0.00
1777907336,loop29,0.00,0.00,0.000,0.000,0.00
1777907336,loop3,0.00,0.00,0.000,0.000,0.00
1777907336,loop30,0.00,0.00,0.000,0.000,0.00
1777907336,loop31,0.00,0.00,0.000,0.000,0.00
1777907336,loop32,0.00,0.00,0.000,0.000,0.00
1777907336,loop33,0.00,0.00,0.000,0.000,0.00
1777907336,loop34,0.00,0.00,0.000,0.000,0.00
1777907336,loop35,0.00,0.00,0.000,0.000,0.00
1777907336,loop36,0.00,0.00,0.000,0.000,0.00
1777907336,loop37,0.00,0.00,0.000,0.000,0.00
1777907336,loop38,0.00,0.00,0.000,0.000,0.00
1777907336,loop39,0.00,0.00,0.000,0.000,0.00
1777907336,loop4,0.00,0.00,0.000,0.000,0.00
1777907336,loop40,0.00,0.00,0.000,0.000,0.00
1777907336,loop5,0.00,0.00,0.000,0.000,0.00
1777907336,loop6,0.00,0.00,0.000,0.000,0.00
1777907336,loop7,0.00,0.00,0.000,0.000,0.00
1777907336,loop8,0.00,0.00,0.000,0.000,0.00
1777907336,loop9,0.00,0.00,0.000,0.000,0.00
1777907336,nvme0n1,0.00,0.00,0.000,0.000,0.00
1777907337,loop0,0.00,0.00,0.000,0.000,0.00
1777907337,loop1,0.00,0.00,0.000,0.000,0.00
1777907337,loop10,0.00,0.00,0.000,0.000,0.00
1777907337,loop11,0.00,0.00,0.000,0.000,0.00
1777907337,loop12,0.00,0.00,0.000,0.000,0.00
1777907337,loop13,0.00,0.00,0.000,0.000,0.00
1777907337,loop14,0.00,0.00,0.000,0.000,0.00
1777907337,loop15,0.00,0.00,0.000,0.000,0.00
1777907337,loop16,0.00,0.00,0.000,0.000,0.00
1777907337,loop17,0.00,0.00,0.000,0.000,0.00
1777907337,loop18,0.00,0.00,0.000,0.000,0.00
1777907337,loop19,0.00,0.00,0.000,0.000,0.00
1777907337,loop2,0.00,0.00,0.000,0.000,0.00
1777907337,loop20,0.00,0.00,0.000,0.000,0.00
1777907337,loop21,0.00,0.00,0.000,0.000,0.00
1777907337,loop22,0.00,0.00,0.000,0.000,0.00
1777907337,loop23,0.00,0.00,0.000,0.000,0.00
1777907337,loop24,0.00,0.00,0.000,0.000,0.00
1777907337,loop25,0.00,0.00,0.000,0.000,0.00
1777907337,loop26,0.00,0.00,0.000,0.000,0.00
1777907337,loop27,0.00,0.00,0.000,0.000,0.00
1777907337,loop28,0.00,0.00,0.000,0.000,0.00
1777907337,loop29,0.00,0.00,0.000,0.000,0.00
1777907337,loop3,0.00,0.00,0.000,0.000,0.00
1777907337,loop30,0.00,0.00,0.000,0.000,0.00
1777907337,loop31,0.00,0.00,0.000,0.000,0.00
1777907337,loop32,0.00,0.00,0.000,0.000,0.00
1777907337,loop33,0.00,0.00,0.000,0.000,0.00
1777907337,loop34,0.00,0.00,0.000,0.000,0.00
1777907337,loop35,0.00,0.00,0.000,0.000,0.00
1777907337,loop36,0.00,0.00,0.000,0.000,0.00
1777907337,loop37,0.00,0.00,0.000,0.000,0.00
1777907337,loop38,0.00,0.00,0.000,0.000,0.00
1777907337,loop39,0.00,0.00,0.000,0.000,0.00
1777907337,loop4,0.00,0.00,0.000,0.000,0.00
1777907337,loop40,0.00,0.00,0.000,0.000,0.00
1777907337,loop5,0.00,0.00,0.000,0.000,0.00
1777907337,loop6,0.00,0.00,0.000,0.000,0.00
1777907337,loop7,0.00,0.00,0.000,0.000,0.00
1777907337,loop8,0.00,0.00,0.000,0.000,0.00
1777907337,loop9,0.00,0.00,0.000,0.000,0.00
1777907337,nvme0n1,7.00,28.00,0.000,0.000,8.00
1777907338,loop0,0.00,0.00,0.000,0.000,0.00
1777907338,loop1,0.00,0.00,0.000,0.000,0.00
1777907338,loop10,0.00,0.00,0.000,0.000,0.00
1777907338,loop11,0.00,0.00,0.000,0.000,0.00
1777907338,loop12,0.00,0.00,0.000,0.000,0.00
1777907338,loop13,0.00,0.00,0.000,0.000,0.00
1777907338,loop14,0.00,0.00,0.000,0.000,0.00
1777907338,loop15,0.00,0.00,0.000,0.000,0.00
1777907338,loop16,0.00,0.00,0.000,0.000,0.00
1777907338,loop17,0.00,0.00,0.000,0.000,0.00
1777907338,loop18,0.00,0.00,0.000,0.000,0.00
1777907338,loop19,0.00,0.00,0.000,0.000,0.00
1777907338,loop2,0.00,0.00,0.000,0.000,0.00
1777907338,loop20,0.00,0.00,0.000,0.000,0.00
1777907338,loop21,0.00,0.00,0.000,0.000,0.00
1777907338,loop22,0.00,0.00,0.000,0.000,0.00
1777907338,loop23,0.00,0.00,0.000,0.000,0.00
1777907338,loop24,0.00,0.00,0.000,0.000,0.00
1777907338,loop25,0.00,0.00,0.000,0.000,0.00
1777907338,loop26,0.00,0.00,0.000,0.000,0.00
1777907338,loop27,0.00,0.00,0.000,0.000,0.00
1777907338,loop28,0.00,0.00,0.000,0.000,0.00
1777907338,loop29,0.00,0.00,0.000,0.000,0.00
1777907338,loop3,0.00,0.00,0.000,0.000,0.00
1777907338,loop30,0.00,0.00,0.000,0.000,0.00
1777907338,loop31,0.00,0.00,0.000,0.000,0.00
1777907338,loop32,0.00,0.00,0.000,0.000,0.00
1777907338,loop33,0.00,0.00,0.000,0.000,0.00
1777907338,loop34,0.00,0.00,0.000,0.000,0.00
1777907338,loop35,0.00,0.00,0.000,0.000,0.00
1777907338,loop36,0.00,0.00,0.000,0.000,0.00
1777907338,loop37,0.00,0.00,0.000,0.000,0.00
1777907338,loop38,0.00,0.00,0.000,0.000,0.00
1777907338,loop39,0.00,0.00,0.000,0.000,0.00
1777907338,loop4,0.00,0.00,0.000,0.000,0.00
1777907338,loop40,0.00,0.00,0.000,0.000,0.00
1777907338,loop5,0.00,0.00,0.000,0.000,0.00
1777907338,loop6,0.00,0.00,0.000,0.000,0.00
1777907338,loop7,0.00,0.00,0.000,0.000,0.00
1777907338,loop8,0.00,0.00,0.000,0.000,0.00
1777907338,loop9,0.00,0.00,0.000,0.000,0.00
1777907338,nvme0n1,0.00,0.00,0.000,0.000,0.20
1777907339,loop0,0.00,0.00,0.000,0.000,0.00
1777907339,loop1,0.00,0.00,0.000,0.000,0.00
1777907339,loop10,0.00,0.00,0.000,0.000,0.00
1777907339,loop11,0.00,0.00,0.000,0.000,0.00
1777907339,loop12,0.00,0.00,0.000,0.000,0.00
1777907339,loop13,0.00,0.00,0.000,0.000,0.00
1777907339,loop14,0.00,0.00,0.000,0.000,0.00
1777907339,loop15,0.00,0.00,0.000,0.000,0.00
1777907339,loop16,0.00,0.00,0.000,0.000,0.00
1777907339,loop17,0.00,0.00,0.000,0.000,0.00
1777907339,loop18,0.00,0.00,0.000,0.000,0.00
1777907339,loop19,0.00,0.00,0.000,0.000,0.00
1777907339,loop2,0.00,0.00,0.000,0.000,0.00
1777907339,loop20,0.00,0.00,0.000,0.000,0.00
1777907339,loop21,0.00,0.00,0.000,0.000,0.00
1777907339,loop22,0.00,0.00,0.000,0.000,0.00
1777907339,loop23,0.00,0.00,0.000,0.000,0.00
1777907339,loop24,0.00,0.00,0.000,0.000,0.00
1777907339,loop25,0.00,0.00,0.000,0.000,0.00
1777907339,loop26,0.00,0.00,0.000,0.000,0.00
1777907339,loop27,0.00,0.00,0.000,0.000,0.00
1777907339,loop28,0.00,0.00,0.000,0.000,0.00
1777907339,loop29,0.00,0.00,0.000,0.000,0.00
1777907339,loop3,0.00,0.00,0.000,0.000,0.00
1777907339,loop30,0.00,0.00,0.000,0.000,0.00
1777907339,loop31,0.00,0.00,0.000,0.000,0.00
1777907339,loop32,0.00,0.00,0.000,0.000,0.00
1777907339,loop33,0.00,0.00,0.000,0.000,0.00
1777907339,loop34,0.00,0.00,0.000,0.000,0.00
1777907339,loop35,0.00,0.00,0.000,0.000,0.00
1777907339,loop36,0.00,0.00,0.000,0.000,0.00
1777907339,loop37,0.00,0.00,0.000,0.000,0.00
1777907339,loop38,0.00,0.00,0.000,0.000,0.00
1777907339,loop39,0.00,0.00,0.000,0.000,0.00
1777907339,loop4,0.00,0.00,0.000,0.000,0.00
1777907339,loop40,0.00,0.00,0.000,0.000,0.00
1777907339,loop5,0.00,0.00,0.000,0.000,0.00
1777907339,loop6,0.00,0.00,0.000,0.000,0.00
1777907339,loop7,0.00,0.00,0.000,0.000,0.00
1777907339,loop8,0.00,0.00,0.000,0.000,0.00
1777907339,loop9,0.00,0.00,0.000,0.000,0.00
1777907339,nvme0n1,0.00,0.00,0.000,0.000,0.90
1777907340,loop0,0.00,0.00,0.000,0.000,0.00
1777907340,loop1,0.00,0.00,0.000,0.000,0.00
1777907340,loop10,0.00,0.00,0.000,0.000,0.00
1777907340,loop11,0.00,0.00,0.000,0.000,0.00
1777907340,loop12,0.00,0.00,0.000,0.000,0.00
1777907340,loop13,0.00,0.00,0.000,0.000,0.00
1777907340,loop14,0.00,0.00,0.000,0.000,0.00
1777907340,loop15,0.00,0.00,0.000,0.000,0.00
1777907340,loop16,0.00,0.00,0.000,0.000,0.00
1777907340,loop17,0.00,0.00,0.000,0.000,0.00
1777907340,loop18,0.00,0.00,0.000,0.000,0.00
1777907340,loop19,0.00,0.00,0.000,0.000,0.00
1777907340,loop2,0.00,0.00,0.000,0.000,0.00
1777907340,loop20,0.00,0.00,0.000,0.000,0.00
1777907340,loop21,0.00,0.00,0.000,0.000,0.00
1777907340,loop22,0.00,0.00,0.000,0.000,0.00
1777907340,loop23,0.00,0.00,0.000,0.000,0.00
1777907340,loop24,0.00,0.00,0.000,0.000,0.00
1777907340,loop25,0.00,0.00,0.000,0.000,0.00
1777907340,loop26,0.00,0.00,0.000,0.000,0.00
1777907340,loop27,0.00,0.00,0.000,0.000,0.00
1777907340,loop28,0.00,0.00,0.000,0.000,0.00
1777907340,loop29,0.00,0.00,0.000,0.000,0.00
1777907340,loop3,0.00,0.00,0.000,0.000,0.00
1777907340,loop30,0.00,0.00,0.000,0.000,0.00
1777907340,loop31,0.00,0.00,0.000,0.000,0.00
1777907340,loop32,0.00,0.00,0.000,0.000,0.00
1777907340,loop33,0.00,0.00,0.000,0.000,0.00
1777907340,loop34,0.00,0.00,0.000,0.000,0.00
1777907340,loop35,0.00,0.00,0.000,0.000,0.00
1777907340,loop36,0.00,0.00,0.000,0.000,0.00
1777907340,loop37,0.00,0.00,0.000,0.000,0.00
1777907340,loop38,0.00,0.00,0.000,0.000,0.00
1777907340,loop39,0.00,0.00,0.000,0.000,0.00
1777907340,loop4,0.00,0.00,0.000,0.000,0.00
1777907340,loop40,0.00,0.00,0.000,0.000,0.00
1777907340,loop5,0.00,0.00,0.000,0.000,0.00
1777907340,loop6,0.00,0.00,0.000,0.000,0.00
1777907340,loop7,0.00,0.00,0.000,0.000,0.00
1777907340,loop8,0.00,0.00,0.000,0.000,0.00
1777907340,loop9,0.00,0.00,0.000,0.000,0.00
1777907340,nvme0n1,0.00,0.00,0.000,0.000,0.00
1777907341,loop0,0.00,0.00,0.000,0.000,0.00
1777907341,loop1,0.00,0.00,0.000,0.000,0.00
1777907341,loop10,0.00,0.00,0.000,0.000,0.00
1777907341,loop11,0.00,0.00,0.000,0.000,0.00
1777907341,loop12,0.00,0.00,0.000,0.000,0.00
1777907341,loop13,0.00,0.00,0.000,0.000,0.00
1777907341,loop14,0.00,0.00,0.000,0.000,0.00
1777907341,loop15,0.00,0.00,0.000,0.000,0.00
1777907341,loop16,0.00,0.00,0.000,0.000,0.00
1777907341,loop17,0.00,0.00,0.000,0.000,0.00
1777907341,loop18,0.00,0.00,0.000,0.000,0.00
1777907341,loop19,0.00,0.00,0.000,0.000,0.00
1777907341,loop2,0.00,0.00,0.000,0.000,0.00
1777907341,loop20,0.00,0.00,0.000,0.000,0.00
1777907341,loop21,0.00,0.00,0.000,0.000,0.00
1777907341,loop22,0.00,0.00,0.000,0.000,0.00
1777907341,loop23,0.00,0.00,0.000,0.000,0.00
1777907341,loop24,0.00,0.00,0.000,0.000,0.00
1777907341,loop25,0.00,0.00,0.000,0.000,0.00
1777907341,loop26,0.00,0.00,0.000,0.000,0.00
1777907341,loop27,0.00,0.00,0.000,0.000,0.00
1777907341,loop28,0.00,0.00,0.000,0.000,0.00
1777907341,loop29,0.00,0.00,0.000,0.000,0.00
1777907341,loop3,0.00,0.00,0.000,0.000,0.00
1777907341,loop30,0.00,0.00,0.000,0.000,0.00
1777907341,loop31,0.00,0.00,0.000,0.000,0.00
1777907341,loop32,0.00,0.00,0.000,0.000,0.00
1777907341,loop33,0.00,0.00,0.000,0.000,0.00
1777907341,loop34,0.00,0.00,0.000,0.000,0.00
1777907341,loop35,0.00,0.00,0.000,0.000,0.00
1777907341,loop36,0.00,0.00,0.000,0.000,0.00
1777907341,loop37,0.00,0.00,0.000,0.000,0.00
1777907341,loop38,0.00,0.00,0.000,0.000,0.00
1777907341,loop39,0.00,0.00,0.000,0.000,0.00
1777907341,loop4,0.00,0.00,0.000,0.000,0.00
1777907341,loop40,0.00,0.00,0.000,0.000,0.00
1777907341,loop5,0.00,0.00,0.000,0.000,0.00
1777907341,loop6,0.00,0.00,0.000,0.000,0.00
1777907341,loop7,0.00,0.00,0.000,0.000,0.00
1777907341,loop8,0.00,0.00,0.000,0.000,0.00
1777907341,loop9,0.00,0.00,0.000,0.000,0.00
1777907341,nvme0n1,1.00,4.00,0.000,0.000,0.10
1777907342,loop0,0.00,0.00,0.000,0.000,0.00
1777907342,loop1,0.00,0.00,0.000,0.000,0.00
1777907342,loop10,0.00,0.00,0.000,0.000,0.00
1777907342,loop11,0.00,0.00,0.000,0.000,0.00
1777907342,loop12,0.00,0.00,0.000,0.000,0.00
1777907342,loop13,0.00,0.00,0.000,0.000,0.00
1777907342,loop14,0.00,0.00,0.000,0.000,0.00
1777907342,loop15,0.00,0.00,0.000,0.000,0.00
1777907342,loop16,0.00,0.00,0.000,0.000,0.00
1777907342,loop17,0.00,0.00,0.000,0.000,0.00
1777907342,loop18,0.00,0.00,0.000,0.000,0.00
1777907342,loop19,0.00,0.00,0.000,0.000,0.00
1777907342,loop2,0.00,0.00,0.000,0.000,0.00
1777907342,loop20,0.00,0.00,0.000,0.000,0.00
1777907342,loop21,0.00,0.00,0.000,0.000,0.00
1777907342,loop22,0.00,0.00,0.000,0.000,0.00
1777907342,loop23,0.00,0.00,0.000,0.000,0.00
1777907342,loop24,0.00,0.00,0.000,0.000,0.00
1777907342,loop25,0.00,0.00,0.000,0.000,0.00
1777907342,loop26,0.00,0.00,0.000,0.000,0.00
1777907342,loop27,0.00,0.00,0.000,0.000,0.00
1777907342,loop28,0.00,0.00,0.000,0.000,0.00
1777907342,loop29,0.00,0.00,0.000,0.000,0.00
1777907342,loop3,0.00,0.00,0.000,0.000,0.00
1777907342,loop30,0.00,0.00,0.000,0.000,0.00
1777907342,loop31,0.00,0.00,0.000,0.000,0.00
1777907342,loop32,0.00,0.00,0.000,0.000,0.00
1777907342,loop33,0.00,0.00,0.000,0.000,0.00
1777907342,loop34,0.00,0.00,0.000,0.000,0.00
1777907342,loop35,0.00,0.00,0.000,0.000,0.00
1777907342,loop36,0.00,0.00,0.000,0.000,0.00
1777907342,loop37,0.00,0.00,0.000,0.000,0.00
1777907342,loop38,0.00,0.00,0.000,0.000,0.00
1777907342,loop39,0.00,0.00,0.000,0.000,0.00
1777907342,loop4,0.00,0.00,0.000,0.000,0.00
1777907342,loop40,0.00,0.00,0.000,0.000,0.00
1777907342,loop5,0.00,0.00,0.000,0.000,0.00
1777907342,loop6,0.00,0.00,0.000,0.000,0.00
1777907342,loop7,0.00,0.00,0.000,0.000,0.00
1777907342,loop8,0.00,0.00,0.000,0.000,0.00
1777907342,loop9,0.00,0.00,0.000,0.000,0.00
1777907342,nvme0n1,0.00,0.00,0.000,0.000,0.00
1777907343,loop0,0.00,0.00,0.000,0.000,0.00
1777907343,loop1,0.00,0.00,0.000,0.000,0.00
1777907343,loop10,0.00,0.00,0.000,0.000,0.00
1777907343,loop11,0.00,0.00,0.000,0.000,0.00
1777907343,loop12,0.00,0.00,0.000,0.000,0.00
1777907343,loop13,0.00,0.00,0.000,0.000,0.00
1777907343,loop14,0.00,0.00,0.000,0.000,0.00
1777907343,loop15,0.00,0.00,0.000,0.000,0.00
1777907343,loop16,0.00,0.00,0.000,0.000,0.00
1777907343,loop17,0.00,0.00,0.000,0.000,0.00
1777907343,loop18,0.00,0.00,0.000,0.000,0.00
1777907343,loop19,0.00,0.00,0.000,0.000,0.00
1777907343,loop2,0.00,0.00,0.000,0.000,0.00
1777907343,loop20,0.00,0.00,0.000,0.000,0.00
1777907343,loop21,0.00,0.00,0.000,0.000,0.00
1777907343,loop22,0.00,0.00,0.000,0.000,0.00
1777907343,loop23,0.00,0.00,0.000,0.000,0.00
1777907343,loop24,0.00,0.00,0.000,0.000,0.00
1777907343,loop25,0.00,0.00,0.000,0.000,0.00
1777907343,loop26,0.00,0.00,0.000,0.000,0.00
1777907343,loop27,0.00,0.00,0.000,0.000,0.00
1777907343,loop28,0.00,0.00,0.000,0.000,0.00
1777907343,loop29,0.00,0.00,0.000,0.000,0.00
1777907343,loop3,0.00,0.00,0.000,0.000,0.00
1777907343,loop30,0.00,0.00,0.000,0.000,0.00
1777907343,loop31,0.00,0.00,0.000,0.000,0.00
1777907343,loop32,0.00,0.00,0.000,0.000,0.00
1777907343,loop33,0.00,0.00,0.000,0.000,0.00
1777907343,loop34,0.00,0.00,0.000,0.000,0.00
1777907343,loop35,0.00,0.00,0.000,0.000,0.00
1777907343,loop36,0.00,0.00,0.000,0.000,0.00
1777907343,loop37,0.00,0.00,0.000,0.000,0.00
1777907343,loop38,0.00,0.00,0.000,0.000,0.00
1777907343,loop39,0.00,0.00,0.000,0.000,0.00
1777907343,loop4,0.00,0.00,0.000,0.000,0.00
1777907343,loop40,0.00,0.00,0.000,0.000,0.00
1777907343,loop5,0.00,0.00,0.000,0.000,0.00
1777907343,loop6,0.00,0.00,0.000,0.000,0.00
1777907343,loop7,0.00,0.00,0.000,0.000,0.00
1777907343,loop8,0.00,0.00,0.000,0.000,0.00
1777907343,loop9,0.00,0.00,0.000,0.000,0.00
1777907343,nvme0n1,0.00,0.00,0.000,0.000,2.00
1777907344,loop0,0.00,0.00,0.000,0.000,0.00
1777907344,loop1,0.00,0.00,0.000,0.000,0.00
1777907344,loop10,0.00,0.00,0.000,0.000,0.00
1777907344,loop11,0.00,0.00,0.000,0.000,0.00
1777907344,loop12,0.00,0.00,0.000,0.000,0.00
1777907344,loop13,0.00,0.00,0.000,0.000,0.00
1777907344,loop14,0.00,0.00,0.000,0.000,0.00
1777907344,loop15,0.00,0.00,0.000,0.000,0.00
1777907344,loop16,0.00,0.00,0.000,0.000,0.00
1777907344,loop17,0.00,0.00,0.000,0.000,0.00
1777907344,loop18,0.00,0.00,0.000,0.000,0.00
1777907344,loop19,0.00,0.00,0.000,0.000,0.00
1777907344,loop2,0.00,0.00,0.000,0.000,0.00
1777907344,loop20,0.00,0.00,0.000,0.000,0.00
1777907344,loop21,0.00,0.00,0.000,0.000,0.00
1777907344,loop22,0.00,0.00,0.000,0.000,0.00
1777907344,loop23,0.00,0.00,0.000,0.000,0.00
1777907344,loop24,0.00,0.00,0.000,0.000,0.00
1777907344,loop25,0.00,0.00,0.000,0.000,0.00
1777907344,loop26,0.00,0.00,0.000,0.000,0.00
1777907344,loop27,0.00,0.00,0.000,0.000,0.00
1777907344,loop28,0.00,0.00,0.000,0.000,0.00
1777907344,loop29,0.00,0.00,0.000,0.000,0.00
1777907344,loop3,0.00,0.00,0.000,0.000,0.00
1777907344,loop30,0.00,0.00,0.000,0.000,0.00
1777907344,loop31,0.00,0.00,0.000,0.000,0.00
1777907344,loop32,0.00,0.00,0.000,0.000,0.00
1777907344,loop33,0.00,0.00,0.000,0.000,0.00
1777907344,loop34,0.00,0.00,0.000,0.000,0.00
1777907344,loop35,0.00,0.00,0.000,0.000,0.00
1777907344,loop36,0.00,0.00,0.000,0.000,0.00
1777907344,loop37,0.00,0.00,0.000,0.000,0.00
1777907344,loop38,0.00,0.00,0.000,0.000,0.00
1777907344,loop39,0.00,0.00,0.000,0.000,0.00
1777907344,loop4,0.00,0.00,0.000,0.000,0.00
1777907344,loop40,0.00,0.00,0.000,0.000,0.00
1777907344,loop5,0.00,0.00,0.000,0.000,0.00
1777907344,loop6,0.00,0.00,0.000,0.000,0.00
1777907344,loop7,0.00,0.00,0.000,0.000,0.00
1777907344,loop8,0.00,0.00,0.000,0.000,0.00
1777907344,loop9,0.00,0.00,0.000,0.000,0.00
1777907344,nvme0n1,0.00,0.00,0.000,0.000,0.90
1777907345,loop0,0.00,0.00,0.000,0.000,0.00
1777907345,loop1,0.00,0.00,0.000,0.000,0.00
1777907345,loop10,0.00,0.00,0.000,0.000,0.00
1777907345,loop11,0.00,0.00,0.000,0.000,0.00
1777907345,loop12,0.00,0.00,0.000,0.000,0.00
1777907345,loop13,0.00,0.00,0.000,0.000,0.00
1777907345,loop14,0.00,0.00,0.000,0.000,0.00
1777907345,loop15,0.00,0.00,0.000,0.000,0.00
1777907345,loop16,0.00,0.00,0.000,0.000,0.00
1777907345,loop17,0.00,0.00,0.000,0.000,0.00
1777907345,loop18,0.00,0.00,0.000,0.000,0.00
1777907345,loop19,0.00,0.00,0.000,0.000,0.00
1777907345,loop2,0.00,0.00,0.000,0.000,0.00
1777907345,loop20,0.00,0.00,0.000,0.000,0.00
1777907345,loop21,0.00,0.00,0.000,0.000,0.00
1777907345,loop22,0.00,0.00,0.000,0.000,0.00
1777907345,loop23,0.00,0.00,0.000,0.000,0.00
1777907345,loop24,0.00,0.00,0.000,0.000,0.00
1777907345,loop25,0.00,0.00,0.000,0.000,0.00
1777907345,loop26,0.00,0.00,0.000,0.000,0.00
1777907345,loop27,0.00,0.00,0.000,0.000,0.00
1777907345,loop28,0.00,0.00,0.000,0.000,0.00
1777907345,loop29,0.00,0.00,0.000,0.000,0.00
1777907345,loop3,0.00,0.00,0.000,0.000,0.00
1777907345,loop30,0.00,0.00,0.000,0.000,0.00
1777907345,loop31,0.00,0.00,0.000,0.000,0.00
1777907345,loop32,0.00,0.00,0.000,0.000,0.00
1777907345,loop33,0.00,0.00,0.000,0.000,0.00
1777907345,loop34,0.00,0.00,0.000,0.000,0.00
1777907345,loop35,0.00,0.00,0.000,0.000,0.00
1777907345,loop36,0.00,0.00,0.000,0.000,0.00
1777907345,loop37,0.00,0.00,0.000,0.000,0.00
1777907345,loop38,0.00,0.00,0.000,0.000,0.00
1777907345,loop39,0.00,0.00,0.000,0.000,0.00
1777907345,loop4,0.00,0.00,0.000,0.000,0.00
1777907345,loop40,0.00,0.00,0.000,0.000,0.00
1777907345,loop5,0.00,0.00,0.000,0.000,0.00
1777907345,loop6,0.00,0.00,0.000,0.000,0.00
1777907345,loop7,0.00,0.00,0.000,0.000,0.00
1777907345,loop8,0.00,0.00,0.000,0.000,0.00
1777907345,loop9,0.00,0.00,0.000,0.000,0.00
1777907345,nvme0n1,0.00,0.00,0.000,0.000,0.00
1777907346,loop0,0.00,0.00,0.000,0.000,0.00
1777907346,loop1,0.00,0.00,0.000,0.000,0.00
1777907346,loop10,0.00,0.00,0.000,0.000,0.00
1777907346,loop11,0.00,0.00,0.000,0.000,0.00
1777907346,loop12,0.00,0.00,0.000,0.000,0.00
1777907346,loop13,0.00,0.00,0.000,0.000,0.00
1777907346,loop14,0.00,0.00,0.000,0.000,0.00
1777907346,loop15,0.00,0.00,0.000,0.000,0.00
1777907346,loop16,0.00,0.00,0.000,0.000,0.00
1777907346,loop17,0.00,0.00,0.000,0.000,0.00
1777907346,loop18,0.00,0.00,0.000,0.000,0.00
1777907346,loop19,0.00,0.00,0.000,0.000,0.00
1777907346,loop2,0.00,0.00,0.000,0.000,0.00
1777907346,loop20,0.00,0.00,0.000,0.000,0.00
1777907346,loop21,0.00,0.00,0.000,0.000,0.00
1777907346,loop22,0.00,0.00,0.000,0.000,0.00
1777907346,loop23,0.00,0.00,0.000,0.000,0.00
1777907346,loop24,0.00,0.00,0.000,0.000,0.00
1777907346,loop25,0.00,0.00,0.000,0.000,0.00
1777907346,loop26,0.00,0.00,0.000,0.000,0.00
1777907346,loop27,0.00,0.00,0.000,0.000,0.00
1777907346,loop28,0.00,0.00,0.000,0.000,0.00
1777907346,loop29,0.00,0.00,0.000,0.000,0.00
1777907346,loop3,0.00,0.00,0.000,0.000,0.00
1777907346,loop30,0.00,0.00,0.000,0.000,0.00
1777907346,loop31,0.00,0.00,0.000,0.000,0.00
1777907346,loop32,0.00,0.00,0.000,0.000,0.00
1777907346,loop33,0.00,0.00,0.000,0.000,0.00
1777907346,loop34,0.00,0.00,0.000,0.000,0.00
1777907346,loop35,0.00,0.00,0.000,0.000,0.00
1777907346,loop36,0.00,0.00,0.000,0.000,0.00
1777907346,loop37,0.00,0.00,0.000,0.000,0.00
1777907346,loop38,0.00,0.00,0.000,0.000,0.00
1777907346,loop39,0.00,0.00,0.000,0.000,0.00
1777907346,loop4,0.00,0.00,0.000,0.000,0.00
1777907346,loop40,0.00,0.00,0.000,0.000,0.00
1777907346,loop5,0.00,0.00,0.000,0.000,0.00
1777907346,loop6,0.00,0.00,0.000,0.000,0.00
1777907346,loop7,0.00,0.00,0.000,0.000,0.00
1777907346,loop8,0.00,0.00,0.000,0.000,0.00
1777907346,loop9,0.00,0.00,0.000,0.000,0.00
1777907346,nvme0n1,0.00,0.00,0.000,0.000,0.00
1777907347,loop0,0.00,0.00,0.000,0.000,0.00
1777907347,loop1,0.00,0.00,0.000,0.000,0.00
1777907347,loop10,0.00,0.00,0.000,0.000,0.00
1777907347,loop11,0.00,0.00,0.000,0.000,0.00
1777907347,loop12,0.00,0.00,0.000,0.000,0.00
1777907347,loop13,0.00,0.00,0.000,0.000,0.00
1777907347,loop14,0.00,0.00,0.000,0.000,0.00
1777907347,loop15,0.00,0.00,0.000,0.000,0.00
1777907347,loop16,0.00,0.00,0.000,0.000,0.00
1777907347,loop17,0.00,0.00,0.000,0.000,0.00
1777907347,loop18,0.00,0.00,0.000,0.000,0.00
1777907347,loop19,0.00,0.00,0.000,0.000,0.00
1777907347,loop2,0.00,0.00,0.000,0.000,0.00
1777907347,loop20,0.00,0.00,0.000,0.000,0.00
1777907347,loop21,0.00,0.00,0.000,0.000,0.00
1777907347,loop22,0.00,0.00,0.000,0.000,0.00
1777907347,loop23,0.00,0.00,0.000,0.000,0.00
1777907347,loop24,0.00,0.00,0.000,0.000,0.00
1777907347,loop25,0.00,0.00,0.000,0.000,0.00
1777907347,loop26,0.00,0.00,0.000,0.000,0.00
1777907347,loop27,0.00,0.00,0.000,0.000,0.00
1777907347,loop28,0.00,0.00,0.000,0.000,0.00
1777907347,loop29,0.00,0.00,0.000,0.000,0.00
1777907347,loop3,0.00,0.00,0.000,0.000,0.00
1777907347,loop30,0.00,0.00,0.000,0.000,0.00
1777907347,loop31,0.00,0.00,0.000,0.000,0.00
1777907347,loop32,0.00,0.00,0.000,0.000,0.00
1777907347,loop33,0.00,0.00,0.000,0.000,0.00
1777907347,loop34,0.00,0.00,0.000,0.000,0.00
1777907347,loop35,0.00,0.00,0.000,0.000,0.00
1777907347,loop36,0.00,0.00,0.000,0.000,0.00
1777907347,loop37,0.00,0.00,0.000,0.000,0.00
1777907347,loop38,0.00,0.00,0.000,0.000,0.00
1777907347,loop39,0.00,0.00,0.000,0.000,0.00
1777907347,loop4,0.00,0.00,0.000,0.000,0.00
1777907347,loop40,0.00,0.00,0.000,0.000,0.00
1777907347,loop5,0.00,0.00,0.000,0.000,0.00
1777907347,loop6,0.00,0.00,0.000,0.000,0.00
1777907347,loop7,0.00,0.00,0.000,0.000,0.00
1777907347,loop8,0.00,0.00,0.000,0.000,0.00
1777907347,loop9,0.00,0.00,0.000,0.000,0.00
1777907347,nvme0n1,0.00,0.00,0.000,0.000,0.00
1777907348,loop0,0.00,0.00,0.000,0.000,0.00
1777907348,loop1,0.00,0.00,0.000,0.000,0.00
1777907348,loop10,0.00,0.00,0.000,0.000,0.00
1777907348,loop11,0.00,0.00,0.000,0.000,0.00
1777907348,loop12,0.00,0.00,0.000,0.000,0.00
1777907348,loop13,0.00,0.00,0.000,0.000,0.00
1777907348,loop14,0.00,0.00,0.000,0.000,0.00
1777907348,loop15,0.00,0.00,0.000,0.000,0.00
1777907348,loop16,0.00,0.00,0.000,0.000,0.00
1777907348,loop17,0.00,0.00,0.000,0.000,0.00
1777907348,loop18,0.00,0.00,0.000,0.000,0.00
1777907348,loop19,0.00,0.00,0.000,0.000,0.00
1777907348,loop2,0.00,0.00,0.000,0.000,0.00
1777907348,loop20,0.00,0.00,0.000,0.000,0.00
1777907348,loop21,0.00,0.00,0.000,0.000,0.00
1777907348,loop22,0.00,0.00,0.000,0.000,0.00
1777907348,loop23,0.00,0.00,0.000,0.000,0.00
1777907348,loop24,0.00,0.00,0.000,0.000,0.00
1777907348,loop25,0.00,0.00,0.000,0.000,0.00
1777907348,loop26,0.00,0.00,0.000,0.000,0.00
1777907348,loop27,0.00,0.00,0.000,0.000,0.00
1777907348,loop28,0.00,0.00,0.000,0.000,0.00
1777907348,loop29,0.00,0.00,0.000,0.000,0.00
1777907348,loop3,0.00,0.00,0.000,0.000,0.00
1777907348,loop30,0.00,0.00,0.000,0.000,0.00
1777907348,loop31,0.00,0.00,0.000,0.000,0.00
1777907348,loop32,0.00,0.00,0.000,0.000,0.00
1777907348,loop33,0.00,0.00,0.000,0.000,0.00
1777907348,loop34,0.00,0.00,0.000,0.000,0.00
1777907348,loop35,0.00,0.00,0.000,0.000,0.00
1777907348,loop36,0.00,0.00,0.000,0.000,0.00
1777907348,loop37,0.00,0.00,0.000,0.000,0.00
1777907348,loop38,0.00,0.00,0.000,0.000,0.00
1777907348,loop39,0.00,0.00,0.000,0.000,0.00
1777907348,loop4,0.00,0.00,0.000,0.000,0.00
1777907348,loop40,0.00,0.00,0.000,0.000,0.00
1777907348,loop5,0.00,0.00,0.000,0.000,0.00
1777907348,loop6,0.00,0.00,0.000,0.000,0.00
1777907348,loop7,0.00,0.00,0.000,0.000,0.00
1777907348,loop8,0.00,0.00,0.000,0.000,0.00
1777907348,loop9,0.00,0.00,0.000,0.000,0.00
1777907348,nvme0n1,0.00,0.00,0.000,0.000,2.00
1777907349,loop0,0.00,0.00,0.000,0.000,0.00
1777907349,loop1,0.00,0.00,0.000,0.000,0.00
1777907349,loop10,0.00,0.00,0.000,0.000,0.00
1777907349,loop11,0.00,0.00,0.000,0.000,0.00
1777907349,loop12,0.00,0.00,0.000,0.000,0.00
1777907349,loop13,0.00,0.00,0.000,0.000,0.00
1777907349,loop14,0.00,0.00,0.000,0.000,0.00
1777907349,loop15,0.00,0.00,0.000,0.000,0.00
1777907349,loop16,0.00,0.00,0.000,0.000,0.00
1777907349,loop17,0.00,0.00,0.000,0.000,0.00
1777907349,loop18,0.00,0.00,0.000,0.000,0.00
1777907349,loop19,0.00,0.00,0.000,0.000,0.00
1777907349,loop2,0.00,0.00,0.000,0.000,0.00
1777907349,loop20,0.00,0.00,0.000,0.000,0.00
1777907349,loop21,0.00,0.00,0.000,0.000,0.00
1777907349,loop22,0.00,0.00,0.000,0.000,0.00
1777907349,loop23,0.00,0.00,0.000,0.000,0.00
1777907349,loop24,0.00,0.00,0.000,0.000,0.00
1777907349,loop25,0.00,0.00,0.000,0.000,0.00
1777907349,loop26,0.00,0.00,0.000,0.000,0.00
1777907349,loop27,0.00,0.00,0.000,0.000,0.00
1777907349,loop28,0.00,0.00,0.000,0.000,0.00
1777907349,loop29,0.00,0.00,0.000,0.000,0.00
1777907349,loop3,0.00,0.00,0.000,0.000,0.00
1777907349,loop30,0.00,0.00,0.000,0.000,0.00
1777907349,loop31,0.00,0.00,0.000,0.000,0.00
1777907349,loop32,0.00,0.00,0.000,0.000,0.00
1777907349,loop33,0.00,0.00,0.000,0.000,0.00
1777907349,loop34,0.00,0.00,0.000,0.000,0.00
1777907349,loop35,0.00,0.00,0.000,0.000,0.00
1777907349,loop36,0.00,0.00,0.000,0.000,0.00
1777907349,loop37,0.00,0.00,0.000,0.000,0.00
1777907349,loop38,0.00,0.00,0.000,0.000,0.00
1777907349,loop39,0.00,0.00,0.000,0.000,0.00
1777907349,loop4,0.00,0.00,0.000,0.000,0.00
1777907349,loop40,0.00,0.00,0.000,0.000,0.00
1777907349,loop5,0.00,0.00,0.000,0.000,0.00
1777907349,loop6,0.00,0.00,0.000,0.000,0.00
1777907349,loop7,0.00,0.00,0.000,0.000,0.00
1777907349,loop8,0.00,0.00,0.000,0.000,0.00
1777907349,loop9,0.00,0.00,0.000,0.000,0.00
1777907349,nvme0n1,0.00,0.00,0.000,0.000,0.00
1777907350,loop0,0.00,0.00,0.000,0.000,0.00
1777907350,loop1,0.00,0.00,0.000,0.000,0.00
1777907350,loop10,0.00,0.00,0.000,0.000,0.00
1777907350,loop11,0.00,0.00,0.000,0.000,0.00
1777907350,loop12,0.00,0.00,0.000,0.000,0.00
1777907350,loop13,0.00,0.00,0.000,0.000,0.00
1777907350,loop14,0.00,0.00,0.000,0.000,0.00
1777907350,loop15,0.00,0.00,0.000,0.000,0.00
1777907350,loop16,0.00,0.00,0.000,0.000,0.00
1777907350,loop17,0.00,0.00,0.000,0.000,0.00
1777907350,loop18,0.00,0.00,0.000,0.000,0.00
1777907350,loop19,0.00,0.00,0.000,0.000,0.00
1777907350,loop2,0.00,0.00,0.000,0.000,0.00
1777907350,loop20,0.00,0.00,0.000,0.000,0.00
1777907350,loop21,0.00,0.00,0.000,0.000,0.00
1777907350,loop22,0.00,0.00,0.000,0.000,0.00
1777907350,loop23,0.00,0.00,0.000,0.000,0.00
1777907350,loop24,0.00,0.00,0.000,0.000,0.00
1777907350,loop25,0.00,0.00,0.000,0.000,0.00
1777907350,loop26,0.00,0.00,0.000,0.000,0.00
1777907350,loop27,0.00,0.00,0.000,0.000,0.00
1777907350,loop28,0.00,0.00,0.000,0.000,0.00
1777907350,loop29,0.00,0.00,0.000,0.000,0.00
1777907350,loop3,0.00,0.00,0.000,0.000,0.00
1777907350,loop30,0.00,0.00,0.000,0.000,0.00
1777907350,loop31,0.00,0.00,0.000,0.000,0.00
1777907350,loop32,0.00,0.00,0.000,0.000,0.00
1777907350,loop33,0.00,0.00,0.000,0.000,0.00
1777907350,loop34,0.00,0.00,0.000,0.000,0.00
1777907350,loop35,0.00,0.00,0.000,0.000,0.00
1777907350,loop36,0.00,0.00,0.000,0.000,0.00
1777907350,loop37,0.00,0.00,0.000,0.000,0.00
1777907350,loop38,0.00,0.00,0.000,0.000,0.00
1777907350,loop39,0.00,0.00,0.000,0.000,0.00
1777907350,loop4,0.00,0.00,0.000,0.000,0.00
1777907350,loop40,0.00,0.00,0.000,0.000,0.00
1777907350,loop5,0.00,0.00,0.000,0.000,0.00
1777907350,loop6,0.00,0.00,0.000,0.000,0.00
1777907350,loop7,0.00,0.00,0.000,0.000,0.00
1777907350,loop8,0.00,0.00,0.000,0.000,0.00
1777907350,loop9,0.00,0.00,0.000,0.000,0.00
1777907350,nvme0n1,0.00,0.00,0.000,0.000,1.60
1777907351,loop0,0.00,0.00,0.000,0.000,0.00
1777907351,loop1,0.00,0.00,0.000,0.000,0.00
1777907351,loop10,0.00,0.00,0.000,0.000,0.00
1777907351,loop11,0.00,0.00,0.000,0.000,0.00
1777907351,loop12,0.00,0.00,0.000,0.000,0.00
1777907351,loop13,0.00,0.00,0.000,0.000,0.00
1777907351,loop14,0.00,0.00,0.000,0.000,0.00
1777907351,loop15,0.00,0.00,0.000,0.000,0.00
1777907351,loop16,0.00,0.00,0.000,0.000,0.00
1777907351,loop17,0.00,0.00,0.000,0.000,0.00
1777907351,loop18,0.00,0.00,0.000,0.000,0.00
1777907351,loop19,0.00,0.00,0.000,0.000,0.00
1777907351,loop2,0.00,0.00,0.000,0.000,0.00
1777907351,loop20,0.00,0.00,0.000,0.000,0.00
1777907351,loop21,0.00,0.00,0.000,0.000,0.00
1777907351,loop22,0.00,0.00,0.000,0.000,0.00
1777907351,loop23,0.00,0.00,0.000,0.000,0.00
1777907351,loop24,0.00,0.00,0.000,0.000,0.00
1777907351,loop25,0.00,0.00,0.000,0.000,0.00
1777907351,loop26,0.00,0.00,0.000,0.000,0.00
1777907351,loop27,0.00,0.00,0.000,0.000,0.00
1777907351,loop28,0.00,0.00,0.000,0.000,0.00
1777907351,loop29,0.00,0.00,0.000,0.000,0.00
1777907351,loop3,0.00,0.00,0.000,0.000,0.00
1777907351,loop30,0.00,0.00,0.000,0.000,0.00
1777907351,loop31,0.00,0.00,0.000,0.000,0.00
1777907351,loop32,0.00,0.00,0.000,0.000,0.00
1777907351,loop33,0.00,0.00,0.000,0.000,0.00
1777907351,loop34,0.00,0.00,0.000,0.000,0.00
1777907351,loop35,0.00,0.00,0.000,0.000,0.00
1777907351,loop36,0.00,0.00,0.000,0.000,0.00
1777907351,loop37,0.00,0.00,0.000,0.000,0.00
1777907351,loop38,0.00,0.00,0.000,0.000,0.00
1777907351,loop39,0.00,0.00,0.000,0.000,0.00
1777907351,loop4,0.00,0.00,0.000,0.000,0.00
1777907351,loop40,0.00,0.00,0.000,0.000,0.00
1777907351,loop5,0.00,0.00,0.000,0.000,0.00
1777907351,loop6,0.00,0.00,0.000,0.000,0.00
1777907351,loop7,0.00,0.00,0.000,0.000,0.00
1777907351,loop8,0.00,0.00,0.000,0.000,0.00
1777907351,loop9,0.00,0.00,0.000,0.000,0.00
1777907351,nvme0n1,0.00,0.00,0.000,0.000,0.00
1777907352,loop0,0.00,0.00,0.000,0.000,0.00
1777907352,loop1,0.00,0.00,0.000,0.000,0.00
1777907352,loop10,0.00,0.00,0.000,0.000,0.00
1777907352,loop11,0.00,0.00,0.000,0.000,0.00
1777907352,loop12,0.00,0.00,0.000,0.000,0.00
1777907352,loop13,0.00,0.00,0.000,0.000,0.00
1777907352,loop14,0.00,0.00,0.000,0.000,0.00
1777907352,loop15,0.00,0.00,0.000,0.000,0.00
1777907352,loop16,0.00,0.00,0.000,0.000,0.00
1777907352,loop17,0.00,0.00,0.000,0.000,0.00
1777907352,loop18,0.00,0.00,0.000,0.000,0.00
1777907352,loop19,0.00,0.00,0.000,0.000,0.00
1777907352,loop2,0.00,0.00,0.000,0.000,0.00
1777907352,loop20,0.00,0.00,0.000,0.000,0.00
1777907352,loop21,0.00,0.00,0.000,0.000,0.00
1777907352,loop22,0.00,0.00,0.000,0.000,0.00
1777907352,loop23,0.00,0.00,0.000,0.000,0.00
1777907352,loop24,0.00,0.00,0.000,0.000,0.00
1777907352,loop25,0.00,0.00,0.000,0.000,0.00
1777907352,loop26,0.00,0.00,0.000,0.000,0.00
1777907352,loop27,0.00,0.00,0.000,0.000,0.00
1777907352,loop28,0.00,0.00,0.000,0.000,0.00
1777907352,loop29,0.00,0.00,0.000,0.000,0.00
1777907352,loop3,0.00,0.00,0.000,0.000,0.00
1777907352,loop30,0.00,0.00,0.000,0.000,0.00
1777907352,loop31,0.00,0.00,0.000,0.000,0.00
1777907352,loop32,0.00,0.00,0.000,0.000,0.00
1777907352,loop33,0.00,0.00,0.000,0.000,0.00
1777907352,loop34,0.00,0.00,0.000,0.000,0.00
1777907352,loop35,0.00,0.00,0.000,0.000,0.00
1777907352,loop36,0.00,0.00,0.000,0.000,0.00
1777907352,loop37,0.00,0.00,0.000,0.000,0.00
1777907352,loop38,0.00,0.00,0.000,0.000,0.00
1777907352,loop39,0.00,0.00,0.000,0.000,0.00
1777907352,loop4,0.00,0.00,0.000,0.000,0.00
1777907352,loop40,0.00,0.00,0.000,0.000,0.00
1777907352,loop5,0.00,0.00,0.000,0.000,0.00
1777907352,loop6,0.00,0.00,0.000,0.000,0.00
1777907352,loop7,0.00,0.00,0.000,0.000,0.00
1777907352,loop8,0.00,0.00,0.000,0.000,0.00
1777907352,loop9,0.00,0.00,0.000,0.000,0.00
1777907352,nvme0n1,0.00,0.00,0.000,0.000,0.00
1777907353,loop0,0.00,0.00,0.000,0.000,0.00
1777907353,loop1,0.00,0.00,0.000,0.000,0.00
1777907353,loop10,0.00,0.00,0.000,0.000,0.00
1777907353,loop11,0.00,0.00,0.000,0.000,0.00
1777907353,loop12,0.00,0.00,0.000,0.000,0.00
1777907353,loop13,0.00,0.00,0.000,0.000,0.00
1777907353,loop14,0.00,0.00,0.000,0.000,0.00
1777907353,loop15,0.00,0.00,0.000,0.000,0.00
1777907353,loop16,0.00,0.00,0.000,0.000,0.00
1777907353,loop17,0.00,0.00,0.000,0.000,0.00
1777907353,loop18,0.00,0.00,0.000,0.000,0.00
1777907353,loop19,0.00,0.00,0.000,0.000,0.00
1777907353,loop2,0.00,0.00,0.000,0.000,0.00
1777907353,loop20,0.00,0.00,0.000,0.000,0.00
1777907353,loop21,0.00,0.00,0.000,0.000,0.00
1777907353,loop22,0.00,0.00,0.000,0.000,0.00
1777907353,loop23,0.00,0.00,0.000,0.000,0.00
1777907353,loop24,0.00,0.00,0.000,0.000,0.00
1777907353,loop25,0.00,0.00,0.000,0.000,0.00
1777907353,loop26,0.00,0.00,0.000,0.000,0.00
1777907353,loop27,0.00,0.00,0.000,0.000,0.00
1777907353,loop28,0.00,0.00,0.000,0.000,0.00
1777907353,loop29,0.00,0.00,0.000,0.000,0.00
1777907353,loop3,0.00,0.00,0.000,0.000,0.00
1777907353,loop30,0.00,0.00,0.000,0.000,0.00
1777907353,loop31,0.00,0.00,0.000,0.000,0.00
1777907353,loop32,0.00,0.00,0.000,0.000,0.00
1777907353,loop33,0.00,0.00,0.000,0.000,0.00
1777907353,loop34,0.00,0.00,0.000,0.000,0.00
1777907353,loop35,0.00,0.00,0.000,0.000,0.00
1777907353,loop36,0.00,0.00,0.000,0.000,0.00
1777907353,loop37,0.00,0.00,0.000,0.000,0.00
1777907353,loop38,0.00,0.00,0.000,0.000,0.00
1777907353,loop39,0.00,0.00,0.000,0.000,0.00
1777907353,loop4,0.00,0.00,0.000,0.000,0.00
1777907353,loop40,0.00,0.00,0.000,0.000,0.00
1777907353,loop5,0.00,0.00,0.000,0.000,0.00
1777907353,loop6,0.00,0.00,0.000,0.000,0.00
1777907353,loop7,0.00,0.00,0.000,0.000,0.00
1777907353,loop8,0.00,0.00,0.000,0.000,0.00
1777907353,loop9,0.00,0.00,0.000,0.000,0.00
1777907353,nvme0n1,0.00,0.00,0.000,0.000,2.10
1777907354,loop0,0.00,0.00,0.000,0.000,0.00
1777907354,loop1,0.00,0.00,0.000,0.000,0.00
1777907354,loop10,0.00,0.00,0.000,0.000,0.00
1777907354,loop11,0.00,0.00,0.000,0.000,0.00
1777907354,loop12,0.00,0.00,0.000,0.000,0.00
1777907354,loop13,0.00,0.00,0.000,0.000,0.00
1777907354,loop14,0.00,0.00,0.000,0.000,0.00
1777907354,loop15,0.00,0.00,0.000,0.000,0.00
1777907354,loop16,0.00,0.00,0.000,0.000,0.00
1777907354,loop17,0.00,0.00,0.000,0.000,0.00
1777907354,loop18,0.00,0.00,0.000,0.000,0.00
1777907354,loop19,0.00,0.00,0.000,0.000,0.00
1777907354,loop2,0.00,0.00,0.000,0.000,0.00
1777907354,loop20,0.00,0.00,0.000,0.000,0.00
1777907354,loop21,0.00,0.00,0.000,0.000,0.00
1777907354,loop22,0.00,0.00,0.000,0.000,0.00
1777907354,loop23,0.00,0.00,0.000,0.000,0.00
1777907354,loop24,0.00,0.00,0.000,0.000,0.00
1777907354,loop25,0.00,0.00,0.000,0.000,0.00
1777907354,loop26,0.00,0.00,0.000,0.000,0.00
1777907354,loop27,0.00,0.00,0.000,0.000,0.00
1777907354,loop28,0.00,0.00,0.000,0.000,0.00
1777907354,loop29,0.00,0.00,0.000,0.000,0.00
1777907354,loop3,0.00,0.00,0.000,0.000,0.00
1777907354,loop30,0.00,0.00,0.000,0.000,0.00
1777907354,loop31,0.00,0.00,0.000,0.000,0.00
1777907354,loop32,0.00,0.00,0.000,0.000,0.00
1777907354,loop33,0.00,0.00,0.000,0.000,0.00
1777907354,loop34,0.00,0.00,0.000,0.000,0.00
1777907354,loop35,0.00,0.00,0.000,0.000,0.00
1777907354,loop36,0.00,0.00,0.000,0.000,0.00
1777907354,loop37,0.00,0.00,0.000,0.000,0.00
1777907354,loop38,0.00,0.00,0.000,0.000,0.00
1777907354,loop39,0.00,0.00,0.000,0.000,0.00
1777907354,loop4,0.00,0.00,0.000,0.000,0.00
1777907354,loop40,0.00,0.00,0.000,0.000,0.00
1777907354,loop5,0.00,0.00,0.000,0.000,0.00
1777907354,loop6,0.00,0.00,0.000,0.000,0.00
1777907354,loop7,0.00,0.00,0.000,0.000,0.00
1777907354,loop8,0.00,0.00,0.000,0.000,0.00
1777907354,loop9,0.00,0.00,0.000,0.000,0.00
1777907354,nvme0n1,0.00,0.00,0.000,0.000,0.00
1777907355,loop0,0.00,0.00,0.000,0.000,0.00
1777907355,loop1,0.00,0.00,0.000,0.000,0.00
1777907355,loop10,0.00,0.00,0.000,0.000,0.00
1777907355,loop11,0.00,0.00,0.000,0.000,0.00
1777907355,loop12,0.00,0.00,0.000,0.000,0.00
1777907355,loop13,0.00,0.00,0.000,0.000,0.00
1777907355,loop14,0.00,0.00,0.000,0.000,0.00
1777907355,loop15,0.00,0.00,0.000,0.000,0.00
1777907355,loop16,0.00,0.00,0.000,0.000,0.00
1777907355,loop17,0.00,0.00,0.000,0.000,0.00
1777907355,loop18,0.00,0.00,0.000,0.000,0.00
1777907355,loop19,0.00,0.00,0.000,0.000,0.00
1777907355,loop2,0.00,0.00,0.000,0.000,0.00
1777907355,loop20,0.00,0.00,0.000,0.000,0.00
1777907355,loop21,0.00,0.00,0.000,0.000,0.00
1777907355,loop22,0.00,0.00,0.000,0.000,0.00
1777907355,loop23,0.00,0.00,0.000,0.000,0.00
1777907355,loop24,0.00,0.00,0.000,0.000,0.00
1777907355,loop25,0.00,0.00,0.000,0.000,0.00
1777907355,loop26,0.00,0.00,0.000,0.000,0.00
1777907355,loop27,0.00,0.00,0.000,0.000,0.00
1777907355,loop28,0.00,0.00,0.000,0.000,0.00
1777907355,loop29,0.00,0.00,0.000,0.000,0.00
1777907355,loop3,0.00,0.00,0.000,0.000,0.00
1777907355,loop30,0.00,0.00,0.000,0.000,0.00
1777907355,loop31,0.00,0.00,0.000,0.000,0.00
1777907355,loop32,0.00,0.00,0.000,0.000,0.00
1777907355,loop33,0.00,0.00,0.000,0.000,0.00
1777907355,loop34,0.00,0.00,0.000,0.000,0.00
1777907355,loop35,0.00,0.00,0.000,0.000,0.00
1777907355,loop36,0.00,0.00,0.000,0.000,0.00
1777907355,loop37,0.00,0.00,0.000,0.000,0.00
1777907355,loop38,0.00,0.00,0.000,0.000,0.00
1777907355,loop39,0.00,0.00,0.000,0.000,0.00
1777907355,loop4,0.00,0.00,0.000,0.000,0.00
1777907355,loop40,0.00,0.00,0.000,0.000,0.00
1777907355,loop5,0.00,0.00,0.000,0.000,0.00
1777907355,loop6,0.00,0.00,0.000,0.000,0.00
1777907355,loop7,0.00,0.00,0.000,0.000,0.00
1777907355,loop8,0.00,0.00,0.000,0.000,0.00
1777907355,loop9,0.00,0.00,0.000,0.000,0.00
1777907355,nvme0n1,0.00,0.00,0.000,0.000,0.10
1777907356,loop0,0.00,0.00,0.000,0.000,0.00
1777907356,loop1,0.00,0.00,0.000,0.000,0.00
1777907356,loop10,0.00,0.00,0.000,0.000,0.00
1777907356,loop11,0.00,0.00,0.000,0.000,0.00
1777907356,loop12,0.00,0.00,0.000,0.000,0.00
1777907356,loop13,0.00,0.00,0.000,0.000,0.00
1777907356,loop14,0.00,0.00,0.000,0.000,0.00
1777907356,loop15,0.00,0.00,0.000,0.000,0.00
1777907356,loop16,0.00,0.00,0.000,0.000,0.00
1777907356,loop17,0.00,0.00,0.000,0.000,0.00
1777907356,loop18,0.00,0.00,0.000,0.000,0.00
1777907356,loop19,0.00,0.00,0.000,0.000,0.00
1777907356,loop2,0.00,0.00,0.000,0.000,0.00
1777907356,loop20,0.00,0.00,0.000,0.000,0.00
1777907356,loop21,0.00,0.00,0.000,0.000,0.00
1777907356,loop22,0.00,0.00,0.000,0.000,0.00
1777907356,loop23,0.00,0.00,0.000,0.000,0.00
1777907356,loop24,0.00,0.00,0.000,0.000,0.00
1777907356,loop25,0.00,0.00,0.000,0.000,0.00
1777907356,loop26,0.00,0.00,0.000,0.000,0.00
1777907356,loop27,0.00,0.00,0.000,0.000,0.00
1777907356,loop28,0.00,0.00,0.000,0.000,0.00
1777907356,loop29,0.00,0.00,0.000,0.000,0.00
1777907356,loop3,0.00,0.00,0.000,0.000,0.00
1777907356,loop30,0.00,0.00,0.000,0.000,0.00
1777907356,loop31,0.00,0.00,0.000,0.000,0.00
1777907356,loop32,0.00,0.00,0.000,0.000,0.00
1777907356,loop33,0.00,0.00,0.000,0.000,0.00
1777907356,loop34,0.00,0.00,0.000,0.000,0.00
1777907356,loop35,0.00,0.00,0.000,0.000,0.00
1777907356,loop36,0.00,0.00,0.000,0.000,0.00
1777907356,loop37,0.00,0.00,0.000,0.000,0.00
1777907356,loop38,0.00,0.00,0.000,0.000,0.00
1777907356,loop39,0.00,0.00,0.000,0.000,0.00
1777907356,loop4,0.00,0.00,0.000,0.000,0.00
1777907356,loop40,0.00,0.00,0.000,0.000,0.00
1777907356,loop5,0.00,0.00,0.000,0.000,0.00
1777907356,loop6,0.00,0.00,0.000,0.000,0.00
1777907356,loop7,0.00,0.00,0.000,0.000,0.00
1777907356,loop8,0.00,0.00,0.000,0.000,0.00
1777907356,loop9,0.00,0.00,0.000,0.000,0.00
1777907356,nvme0n1,0.00,0.00,0.000,0.000,0.80
1777907357,loop0,0.00,0.00,0.000,0.000,0.00
1777907357,loop1,0.00,0.00,0.000,0.000,0.00
1777907357,loop10,0.00,0.00,0.000,0.000,0.00
1777907357,loop11,0.00,0.00,0.000,0.000,0.00
1777907357,loop12,0.00,0.00,0.000,0.000,0.00
1777907357,loop13,0.00,0.00,0.000,0.000,0.00
1777907357,loop14,0.00,0.00,0.000,0.000,0.00
1777907357,loop15,0.00,0.00,0.000,0.000,0.00
1777907357,loop16,0.00,0.00,0.000,0.000,0.00
1777907357,loop17,0.00,0.00,0.000,0.000,0.00
1777907357,loop18,0.00,0.00,0.000,0.000,0.00
1777907357,loop19,0.00,0.00,0.000,0.000,0.00
1777907357,loop2,0.00,0.00,0.000,0.000,0.00
1777907357,loop20,0.00,0.00,0.000,0.000,0.00
1777907357,loop21,0.00,0.00,0.000,0.000,0.00
1777907357,loop22,0.00,0.00,0.000,0.000,0.00
1777907357,loop23,0.00,0.00,0.000,0.000,0.00
1777907357,loop24,0.00,0.00,0.000,0.000,0.00
1777907357,loop25,0.00,0.00,0.000,0.000,0.00
1777907357,loop26,0.00,0.00,0.000,0.000,0.00
1777907357,loop27,0.00,0.00,0.000,0.000,0.00
1777907357,loop28,0.00,0.00,0.000,0.000,0.00
1777907357,loop29,0.00,0.00,0.000,0.000,0.00
1777907357,loop3,0.00,0.00,0.000,0.000,0.00
1777907357,loop30,0.00,0.00,0.000,0.000,0.00
1777907357,loop31,0.00,0.00,0.000,0.000,0.00
1777907357,loop32,0.00,0.00,0.000,0.000,0.00
1777907357,loop33,0.00,0.00,0.000,0.000,0.00
1777907357,loop34,0.00,0.00,0.000,0.000,0.00
1777907357,loop35,0.00,0.00,0.000,0.000,0.00
1777907357,loop36,0.00,0.00,0.000,0.000,0.00
1777907357,loop37,0.00,0.00,0.000,0.000,0.00
1777907357,loop38,0.00,0.00,0.000,0.000,0.00
1777907357,loop39,0.00,0.00,0.000,0.000,0.00
1777907357,loop4,0.00,0.00,0.000,0.000,0.00
1777907357,loop40,0.00,0.00,0.000,0.000,0.00
1777907357,loop5,0.00,0.00,0.000,0.000,0.00
1777907357,loop6,0.00,0.00,0.000,0.000,0.00
1777907357,loop7,0.00,0.00,0.000,0.000,0.00
1777907357,loop8,0.00,0.00,0.000,0.000,0.00
1777907357,loop9,0.00,0.00,0.000,0.000,0.00
1777907357,nvme0n1,0.00,0.00,0.000,0.000,0.00
1777907358,loop0,0.00,0.00,0.000,0.000,0.00
1777907358,loop1,0.00,0.00,0.000,0.000,0.00
1777907358,loop10,0.00,0.00,0.000,0.000,0.00
1777907358,loop11,0.00,0.00,0.000,0.000,0.00
1777907358,loop12,0.00,0.00,0.000,0.000,0.00
1777907358,loop13,0.00,0.00,0.000,0.000,0.00
1777907358,loop14,0.00,0.00,0.000,0.000,0.00
1777907358,loop15,0.00,0.00,0.000,0.000,0.00
1777907358,loop16,0.00,0.00,0.000,0.000,0.00
1777907358,loop17,0.00,0.00,0.000,0.000,0.00
1777907358,loop18,0.00,0.00,0.000,0.000,0.00
1777907358,loop19,0.00,0.00,0.000,0.000,0.00
1777907358,loop2,0.00,0.00,0.000,0.000,0.00
1777907358,loop20,0.00,0.00,0.000,0.000,0.00
1777907358,loop21,0.00,0.00,0.000,0.000,0.00
1777907358,loop22,0.00,0.00,0.000,0.000,0.00
1777907358,loop23,0.00,0.00,0.000,0.000,0.00
1777907358,loop24,0.00,0.00,0.000,0.000,0.00
1777907358,loop25,0.00,0.00,0.000,0.000,0.00
1777907358,loop26,0.00,0.00,0.000,0.000,0.00
1777907358,loop27,0.00,0.00,0.000,0.000,0.00
1777907358,loop28,0.00,0.00,0.000,0.000,0.00
1777907358,loop29,0.00,0.00,0.000,0.000,0.00
1777907358,loop3,0.00,0.00,0.000,0.000,0.00
1777907358,loop30,0.00,0.00,0.000,0.000,0.00
1777907358,loop31,0.00,0.00,0.000,0.000,0.00
1777907358,loop32,0.00,0.00,0.000,0.000,0.00
1777907358,loop33,0.00,0.00,0.000,0.000,0.00
1777907358,loop34,0.00,0.00,0.000,0.000,0.00
1777907358,loop35,0.00,0.00,0.000,0.000,0.00
1777907358,loop36,0.00,0.00,0.000,0.000,0.00
1777907358,loop37,0.00,0.00,0.000,0.000,0.00
1777907358,loop38,0.00,0.00,0.000,0.000,0.00
1777907358,loop39,0.00,0.00,0.000,0.000,0.00
1777907358,loop4,0.00,0.00,0.000,0.000,0.00
1777907358,loop40,0.00,0.00,0.000,0.000,0.00
1777907358,loop5,0.00,0.00,0.000,0.000,0.00
1777907358,loop6,0.00,0.00,0.000,0.000,0.00
1777907358,loop7,0.00,0.00,0.000,0.000,0.00
1777907358,loop8,0.00,0.00,0.000,0.000,0.00
1777907358,loop9,0.00,0.00,0.000,0.000,0.00
1777907358,nvme0n1,0.00,0.00,0.000,0.000,0.00
1777907359,loop0,0.00,0.00,0.000,0.000,0.00
1777907359,loop1,0.00,0.00,0.000,0.000,0.00
1777907359,loop10,0.00,0.00,0.000,0.000,0.00
1777907359,loop11,0.00,0.00,0.000,0.000,0.00
1777907359,loop12,0.00,0.00,0.000,0.000,0.00
1777907359,loop13,0.00,0.00,0.000,0.000,0.00
1777907359,loop14,0.00,0.00,0.000,0.000,0.00
1777907359,loop15,0.00,0.00,0.000,0.000,0.00
1777907359,loop16,0.00,0.00,0.000,0.000,0.00
1777907359,loop17,0.00,0.00,0.000,0.000,0.00
1777907359,loop18,0.00,0.00,0.000,0.000,0.00
1777907359,loop19,0.00,0.00,0.000,0.000,0.00
1777907359,loop2,0.00,0.00,0.000,0.000,0.00
1777907359,loop20,0.00,0.00,0.000,0.000,0.00
1777907359,loop21,0.00,0.00,0.000,0.000,0.00
1777907359,loop22,0.00,0.00,0.000,0.000,0.00
1777907359,loop23,0.00,0.00,0.000,0.000,0.00
1777907359,loop24,0.00,0.00,0.000,0.000,0.00
1777907359,loop25,0.00,0.00,0.000,0.000,0.00
1777907359,loop26,0.00,0.00,0.000,0.000,0.00
1777907359,loop27,0.00,0.00,0.000,0.000,0.00
1777907359,loop28,0.00,0.00,0.000,0.000,0.00
1777907359,loop29,0.00,0.00,0.000,0.000,0.00
1777907359,loop3,0.00,0.00,0.000,0.000,0.00
1777907359,loop30,0.00,0.00,0.000,0.000,0.00
1777907359,loop31,0.00,0.00,0.000,0.000,0.00
1777907359,loop32,0.00,0.00,0.000,0.000,0.00
1777907359,loop33,0.00,0.00,0.000,0.000,0.00
1777907359,loop34,0.00,0.00,0.000,0.000,0.00
1777907359,loop35,0.00,0.00,0.000,0.000,0.00
1777907359,loop36,0.00,0.00,0.000,0.000,0.00
1777907359,loop37,0.00,0.00,0.000,0.000,0.00
1777907359,loop38,0.00,0.00,0.000,0.000,0.00
1777907359,loop39,0.00,0.00,0.000,0.000,0.00
1777907359,loop4,0.00,0.00,0.000,0.000,0.00
1777907359,loop40,0.00,0.00,0.000,0.000,0.00
1777907359,loop5,0.00,0.00,0.000,0.000,0.00
1777907359,loop6,0.00,0.00,0.000,0.000,0.00
1777907359,loop7,0.00,0.00,0.000,0.000,0.00
1777907359,loop8,0.00,0.00,0.000,0.000,0.00
1777907359,loop9,0.00,0.00,0.000,0.000,0.00
1777907359,nvme0n1,0.00,0.00,0.000,0.000,0.00
1777907360,loop0,0.00,0.00,0.000,0.000,0.00
1777907360,loop1,0.00,0.00,0.000,0.000,0.00
1777907360,loop10,0.00,0.00,0.000,0.000,0.00
1777907360,loop11,0.00,0.00,0.000,0.000,0.00
1777907360,loop12,0.00,0.00,0.000,0.000,0.00
1777907360,loop13,0.00,0.00,0.000,0.000,0.00
1777907360,loop14,0.00,0.00,0.000,0.000,0.00
1777907360,loop15,0.00,0.00,0.000,0.000,0.00
1777907360,loop16,0.00,0.00,0.000,0.000,0.00
1777907360,loop17,0.00,0.00,0.000,0.000,0.00
1777907360,loop18,0.00,0.00,0.000,0.000,0.00
1777907360,loop19,0.00,0.00,0.000,0.000,0.00
1777907360,loop2,0.00,0.00,0.000,0.000,0.00
1777907360,loop20,0.00,0.00,0.000,0.000,0.00
1777907360,loop21,0.00,0.00,0.000,0.000,0.00
1777907360,loop22,0.00,0.00,0.000,0.000,0.00
1777907360,loop23,0.00,0.00,0.000,0.000,0.00
1777907360,loop24,0.00,0.00,0.000,0.000,0.00
1777907360,loop25,0.00,0.00,0.000,0.000,0.00
1777907360,loop26,0.00,0.00,0.000,0.000,0.00
1777907360,loop27,0.00,0.00,0.000,0.000,0.00
1777907360,loop28,0.00,0.00,0.000,0.000,0.00
1777907360,loop29,0.00,0.00,0.000,0.000,0.00
1777907360,loop3,0.00,0.00,0.000,0.000,0.00
1777907360,loop30,0.00,0.00,0.000,0.000,0.00
1777907360,loop31,0.00,0.00,0.000,0.000,0.00
1777907360,loop32,0.00,0.00,0.000,0.000,0.00
1777907360,loop33,0.00,0.00,0.000,0.000,0.00
1777907360,loop34,0.00,0.00,0.000,0.000,0.00
1777907360,loop35,0.00,0.00,0.000,0.000,0.00
1777907360,loop36,0.00,0.00,0.000,0.000,0.00
1777907360,loop37,0.00,0.00,0.000,0.000,0.00
1777907360,loop38,0.00,0.00,0.000,0.000,0.00
1777907360,loop39,0.00,0.00,0.000,0.000,0.00
1777907360,loop4,0.00,0.00,0.000,0.000,0.00
1777907360,loop40,0.00,0.00,0.000,0.000,0.00
1777907360,loop5,0.00,0.00,0.000,0.000,0.00
1777907360,loop6,0.00,0.00,0.000,0.000,0.00
1777907360,loop7,0.00,0.00,0.000,0.000,0.00
1777907360,loop8,0.00,0.00,0.000,0.000,0.00
1777907360,loop9,0.00,0.00,0.000,0.000,0.00
1777907360,nvme0n1,0.00,0.00,0.000,0.000,0.00
1777907361,loop0,0.00,0.00,0.000,0.000,0.00
1777907361,loop1,0.00,0.00,0.000,0.000,0.00
1777907361,loop10,0.00,0.00,0.000,0.000,0.00
1777907361,loop11,0.00,0.00,0.000,0.000,0.00
1777907361,loop12,0.00,0.00,0.000,0.000,0.00
1777907361,loop13,0.00,0.00,0.000,0.000,0.00
1777907361,loop14,0.00,0.00,0.000,0.000,0.00
1777907361,loop15,0.00,0.00,0.000,0.000,0.00
1777907361,loop16,0.00,0.00,0.000,0.000,0.00
1777907361,loop17,0.00,0.00,0.000,0.000,0.00
1777907361,loop18,0.00,0.00,0.000,0.000,0.00
1777907361,loop19,0.00,0.00,0.000,0.000,0.00
1777907361,loop2,0.00,0.00,0.000,0.000,0.00
1777907361,loop20,0.00,0.00,0.000,0.000,0.00
1777907361,loop21,0.00,0.00,0.000,0.000,0.00
1777907361,loop22,0.00,0.00,0.000,0.000,0.00
1777907361,loop23,0.00,0.00,0.000,0.000,0.00
1777907361,loop24,0.00,0.00,0.000,0.000,0.00
1777907361,loop25,0.00,0.00,0.000,0.000,0.00
1777907361,loop26,0.00,0.00,0.000,0.000,0.00
1777907361,loop27,0.00,0.00,0.000,0.000,0.00
1777907361,loop28,0.00,0.00,0.000,0.000,0.00
1777907361,loop29,0.00,0.00,0.000,0.000,0.00
1777907361,loop3,0.00,0.00,0.000,0.000,0.00
1777907361,loop30,0.00,0.00,0.000,0.000,0.00
1777907361,loop31,0.00,0.00,0.000,0.000,0.00
1777907361,loop32,0.00,0.00,0.000,0.000,0.00
1777907361,loop33,0.00,0.00,0.000,0.000,0.00
1777907361,loop34,0.00,0.00,0.000,0.000,0.00
1777907361,loop35,0.00,0.00,0.000,0.000,0.00
1777907361,loop36,0.00,0.00,0.000,0.000,0.00
1777907361,loop37,0.00,0.00,0.000,0.000,0.00
1777907361,loop38,0.00,0.00,0.000,0.000,0.00
1777907361,loop39,0.00,0.00,0.000,0.000,0.00
1777907361,loop4,0.00,0.00,0.000,0.000,0.00
1777907361,loop40,0.00,0.00,0.000,0.000,0.00
1777907361,loop5,0.00,0.00,0.000,0.000,0.00
1777907361,loop6,0.00,0.00,0.000,0.000,0.00
1777907361,loop7,0.00,0.00,0.000,0.000,0.00
1777907361,loop8,0.00,0.00,0.000,0.000,0.00
1777907361,loop9,0.00,0.00,0.000,0.000,0.00
1777907361,nvme0n1,0.00,0.00,0.000,0.000,0.00
1777907362,loop0,0.00,0.00,0.000,0.000,0.00
1777907362,loop1,0.00,0.00,0.000,0.000,0.00
1777907362,loop10,0.00,0.00,0.000,0.000,0.00
1777907362,loop11,0.00,0.00,0.000,0.000,0.00
1777907362,loop12,0.00,0.00,0.000,0.000,0.00
1777907362,loop13,0.00,0.00,0.000,0.000,0.00
1777907362,loop14,0.00,0.00,0.000,0.000,0.00
1777907362,loop15,0.00,0.00,0.000,0.000,0.00
1777907362,loop16,0.00,0.00,0.000,0.000,0.00
1777907362,loop17,0.00,0.00,0.000,0.000,0.00
1777907362,loop18,0.00,0.00,0.000,0.000,0.00
1777907362,loop19,0.00,0.00,0.000,0.000,0.00
1777907362,loop2,0.00,0.00,0.000,0.000,0.00
1777907362,loop20,0.00,0.00,0.000,0.000,0.00
1777907362,loop21,0.00,0.00,0.000,0.000,0.00
1777907362,loop22,0.00,0.00,0.000,0.000,0.00
1777907362,loop23,0.00,0.00,0.000,0.000,0.00
1777907362,loop24,0.00,0.00,0.000,0.000,0.00
1777907362,loop25,0.00,0.00,0.000,0.000,0.00
1777907362,loop26,0.00,0.00,0.000,0.000,0.00
1777907362,loop27,0.00,0.00,0.000,0.000,0.00
1777907362,loop28,0.00,0.00,0.000,0.000,0.00
1777907362,loop29,0.00,0.00,0.000,0.000,0.00
1777907362,loop3,0.00,0.00,0.000,0.000,0.00
1777907362,loop30,0.00,0.00,0.000,0.000,0.00
1777907362,loop31,0.00,0.00,0.000,0.000,0.00
1777907362,loop32,0.00,0.00,0.000,0.000,0.00
1777907362,loop33,0.00,0.00,0.000,0.000,0.00
1777907362,loop34,0.00,0.00,0.000,0.000,0.00
1777907362,loop35,0.00,0.00,0.000,0.000,0.00
1777907362,loop36,0.00,0.00,0.000,0.000,0.00
1777907362,loop37,0.00,0.00,0.000,0.000,0.00
1777907362,loop38,0.00,0.00,0.000,0.000,0.00
1777907362,loop39,0.00,0.00,0.000,0.000,0.00
1777907362,loop4,0.00,0.00,0.000,0.000,0.00
1777907362,loop40,0.00,0.00,0.000,0.000,0.00
1777907362,loop5,0.00,0.00,0.000,0.000,0.00
1777907362,loop6,0.00,0.00,0.000,0.000,0.00
1777907362,loop7,0.00,0.00,0.000,0.000,0.00
1777907362,loop8,0.00,0.00,0.000,0.000,0.00
1777907362,loop9,0.00,0.00,0.000,0.000,0.00
1777907362,nvme0n1,0.00,0.00,0.000,0.000,6.00
1777907363,loop0,0.00,0.00,0.000,0.000,0.00
1777907363,loop1,0.00,0.00,0.000,0.000,0.00
1777907363,loop10,0.00,0.00,0.000,0.000,0.00
1777907363,loop11,0.00,0.00,0.000,0.000,0.00
1777907363,loop12,0.00,0.00,0.000,0.000,0.00
1777907363,loop13,0.00,0.00,0.000,0.000,0.00
1777907363,loop14,0.00,0.00,0.000,0.000,0.00
1777907363,loop15,0.00,0.00,0.000,0.000,0.00
1777907363,loop16,0.00,0.00,0.000,0.000,0.00
1777907363,loop17,0.00,0.00,0.000,0.000,0.00
1777907363,loop18,0.00,0.00,0.000,0.000,0.00
1777907363,loop19,0.00,0.00,0.000,0.000,0.00
1777907363,loop2,0.00,0.00,0.000,0.000,0.00
1777907363,loop20,0.00,0.00,0.000,0.000,0.00
1777907363,loop21,0.00,0.00,0.000,0.000,0.00
1777907363,loop22,0.00,0.00,0.000,0.000,0.00
1777907363,loop23,0.00,0.00,0.000,0.000,0.00
1777907363,loop24,0.00,0.00,0.000,0.000,0.00
1777907363,loop25,0.00,0.00,0.000,0.000,0.00
1777907363,loop26,0.00,0.00,0.000,0.000,0.00
1777907363,loop27,0.00,0.00,0.000,0.000,0.00
1777907363,loop28,0.00,0.00,0.000,0.000,0.00
1777907363,loop29,0.00,0.00,0.000,0.000,0.00
1777907363,loop3,0.00,0.00,0.000,0.000,0.00
1777907363,loop30,0.00,0.00,0.000,0.000,0.00
1777907363,loop31,0.00,0.00,0.000,0.000,0.00
1777907363,loop32,0.00,0.00,0.000,0.000,0.00
1777907363,loop33,0.00,0.00,0.000,0.000,0.00
1777907363,loop34,0.00,0.00,0.000,0.000,0.00
1777907363,loop35,0.00,0.00,0.000,0.000,0.00
1777907363,loop36,0.00,0.00,0.000,0.000,0.00
1777907363,loop37,0.00,0.00,0.000,0.000,0.00
1777907363,loop38,0.00,0.00,0.000,0.000,0.00
1777907363,loop39,0.00,0.00,0.000,0.000,0.00
1777907363,loop4,0.00,0.00,0.000,0.000,0.00
1777907363,loop40,0.00,0.00,0.000,0.000,0.00
1777907363,loop5,0.00,0.00,0.000,0.000,0.00
1777907363,loop6,0.00,0.00,0.000,0.000,0.00
1777907363,loop7,0.00,0.00,0.000,0.000,0.00
1777907363,loop8,0.00,0.00,0.000,0.000,0.00
1777907363,loop9,0.00,0.00,0.000,0.000,0.00
1777907363,nvme0n1,0.00,0.00,0.000,0.000,0.00
1777907364,loop0,0.00,0.00,0.000,0.000,0.00
1777907364,loop1,0.00,0.00,0.000,0.000,0.00
1777907364,loop10,0.00,0.00,0.000,0.000,0.00
1777907364,loop11,0.00,0.00,0.000,0.000,0.00
1777907364,loop12,0.00,0.00,0.000,0.000,0.00
1777907364,loop13,0.00,0.00,0.000,0.000,0.00
1777907364,loop14,0.00,0.00,0.000,0.000,0.00
1777907364,loop15,0.00,0.00,0.000,0.000,0.00
1777907364,loop16,0.00,0.00,0.000,0.000,0.00
1777907364,loop17,0.00,0.00,0.000,0.000,0.00
1777907364,loop18,0.00,0.00,0.000,0.000,0.00
1777907364,loop19,0.00,0.00,0.000,0.000,0.00
1777907364,loop2,0.00,0.00,0.000,0.000,0.00
1777907364,loop20,0.00,0.00,0.000,0.000,0.00
1777907364,loop21,0.00,0.00,0.000,0.000,0.00
1777907364,loop22,0.00,0.00,0.000,0.000,0.00
1777907364,loop23,0.00,0.00,0.000,0.000,0.00
1777907364,loop24,0.00,0.00,0.000,0.000,0.00
1777907364,loop25,0.00,0.00,0.000,0.000,0.00
1777907364,loop26,0.00,0.00,0.000,0.000,0.00
1777907364,loop27,0.00,0.00,0.000,0.000,0.00
1777907364,loop28,0.00,0.00,0.000,0.000,0.00
1777907364,loop29,0.00,0.00,0.000,0.000,0.00
1777907364,loop3,0.00,0.00,0.000,0.000,0.00
1777907364,loop30,0.00,0.00,0.000,0.000,0.00
1777907364,loop31,0.00,0.00,0.000,0.000,0.00
1777907364,loop32,0.00,0.00,0.000,0.000,0.00
1777907364,loop33,0.00,0.00,0.000,0.000,0.00
1777907364,loop34,0.00,0.00,0.000,0.000,0.00
1777907364,loop35,0.00,0.00,0.000,0.000,0.00
1777907364,loop36,0.00,0.00,0.000,0.000,0.00
1777907364,loop37,0.00,0.00,0.000,0.000,0.00
1777907364,loop38,0.00,0.00,0.000,0.000,0.00
1777907364,loop39,0.00,0.00,0.000,0.000,0.00
1777907364,loop4,0.00,0.00,0.000,0.000,0.00
1777907364,loop40,0.00,0.00,0.000,0.000,0.00
1777907364,loop5,0.00,0.00,0.000,0.000,0.00
1777907364,loop6,0.00,0.00,0.000,0.000,0.00
1777907364,loop7,0.00,0.00,0.000,0.000,0.00
1777907364,loop8,0.00,0.00,0.000,0.000,0.00
1777907364,loop9,0.00,0.00,0.000,0.000,0.00
1777907364,nvme0n1,0.00,0.00,0.000,0.000,0.20
1777907365,loop0,0.00,0.00,0.000,0.000,0.00
1777907365,loop1,0.00,0.00,0.000,0.000,0.00
1777907365,loop10,0.00,0.00,0.000,0.000,0.00
1777907365,loop11,0.00,0.00,0.000,0.000,0.00
1777907365,loop12,0.00,0.00,0.000,0.000,0.00
1777907365,loop13,0.00,0.00,0.000,0.000,0.00
1777907365,loop14,0.00,0.00,0.000,0.000,0.00
1777907365,loop15,0.00,0.00,0.000,0.000,0.00
1777907365,loop16,0.00,0.00,0.000,0.000,0.00
1777907365,loop17,0.00,0.00,0.000,0.000,0.00
1777907365,loop18,0.00,0.00,0.000,0.000,0.00
1777907365,loop19,0.00,0.00,0.000,0.000,0.00
1777907365,loop2,0.00,0.00,0.000,0.000,0.00
1777907365,loop20,0.00,0.00,0.000,0.000,0.00
1777907365,loop21,0.00,0.00,0.000,0.000,0.00
1777907365,loop22,0.00,0.00,0.000,0.000,0.00
1777907365,loop23,0.00,0.00,0.000,0.000,0.00
1777907365,loop24,0.00,0.00,0.000,0.000,0.00
1777907365,loop25,0.00,0.00,0.000,0.000,0.00
1777907365,loop26,0.00,0.00,0.000,0.000,0.00
1777907365,loop27,0.00,0.00,0.000,0.000,0.00
1777907365,loop28,0.00,0.00,0.000,0.000,0.00
1777907365,loop29,0.00,0.00,0.000,0.000,0.00
1777907365,loop3,0.00,0.00,0.000,0.000,0.00
1777907365,loop30,0.00,0.00,0.000,0.000,0.00
1777907365,loop31,0.00,0.00,0.000,0.000,0.00
1777907365,loop32,0.00,0.00,0.000,0.000,0.00
1777907365,loop33,0.00,0.00,0.000,0.000,0.00
1777907365,loop34,0.00,0.00,0.000,0.000,0.00
1777907365,loop35,0.00,0.00,0.000,0.000,0.00
1777907365,loop36,0.00,0.00,0.000,0.000,0.00
1777907365,loop37,0.00,0.00,0.000,0.000,0.00
1777907365,loop38,0.00,0.00,0.000,0.000,0.00
1777907365,loop39,0.00,0.00,0.000,0.000,0.00
1777907365,loop4,0.00,0.00,0.000,0.000,0.00
1777907365,loop40,0.00,0.00,0.000,0.000,0.00
1777907365,loop5,0.00,0.00,0.000,0.000,0.00
1777907365,loop6,0.00,0.00,0.000,0.000,0.00
1777907365,loop7,0.00,0.00,0.000,0.000,0.00
1777907365,loop8,0.00,0.00,0.000,0.000,0.00
1777907365,loop9,0.00,0.00,0.000,0.000,0.00
1777907365,nvme0n1,0.00,0.00,0.000,0.000,0.00
1777907366,loop0,0.00,0.00,0.000,0.000,0.00
1777907366,loop1,0.00,0.00,0.000,0.000,0.00
1777907366,loop10,0.00,0.00,0.000,0.000,0.00
1777907366,loop11,0.00,0.00,0.000,0.000,0.00
1777907366,loop12,0.00,0.00,0.000,0.000,0.00
1777907366,loop13,0.00,0.00,0.000,0.000,0.00
1777907366,loop14,0.00,0.00,0.000,0.000,0.00
1777907366,loop15,0.00,0.00,0.000,0.000,0.00
1777907366,loop16,0.00,0.00,0.000,0.000,0.00
1777907366,loop17,0.00,0.00,0.000,0.000,0.00
1777907366,loop18,0.00,0.00,0.000,0.000,0.00
1777907366,loop19,0.00,0.00,0.000,0.000,0.00
1777907366,loop2,0.00,0.00,0.000,0.000,0.00
1777907366,loop20,0.00,0.00,0.000,0.000,0.00
1777907366,loop21,0.00,0.00,0.000,0.000,0.00
1777907366,loop22,0.00,0.00,0.000,0.000,0.00
1777907366,loop23,0.00,0.00,0.000,0.000,0.00
1777907366,loop24,0.00,0.00,0.000,0.000,0.00
1777907366,loop25,0.00,0.00,0.000,0.000,0.00
1777907366,loop26,0.00,0.00,0.000,0.000,0.00
1777907366,loop27,0.00,0.00,0.000,0.000,0.00
1777907366,loop28,0.00,0.00,0.000,0.000,0.00
1777907366,loop29,0.00,0.00,0.000,0.000,0.00
1777907366,loop3,0.00,0.00,0.000,0.000,0.00
1777907366,loop30,0.00,0.00,0.000,0.000,0.00
1777907366,loop31,0.00,0.00,0.000,0.000,0.00
1777907366,loop32,0.00,0.00,0.000,0.000,0.00
1777907366,loop33,0.00,0.00,0.000,0.000,0.00
1777907366,loop34,0.00,0.00,0.000,0.000,0.00
1777907366,loop35,0.00,0.00,0.000,0.000,0.00
1777907366,loop36,0.00,0.00,0.000,0.000,0.00
1777907366,loop37,0.00,0.00,0.000,0.000,0.00
1777907366,loop38,0.00,0.00,0.000,0.000,0.00
1777907366,loop39,0.00,0.00,0.000,0.000,0.00
1777907366,loop4,0.00,0.00,0.000,0.000,0.00
1777907366,loop40,0.00,0.00,0.000,0.000,0.00
1777907366,loop5,0.00,0.00,0.000,0.000,0.00
1777907366,loop6,0.00,0.00,0.000,0.000,0.00
1777907366,loop7,0.00,0.00,0.000,0.000,0.00
1777907366,loop8,0.00,0.00,0.000,0.000,0.00
1777907366,loop9,0.00,0.00,0.000,0.000,0.00
1777907366,nvme0n1,0.00,0.00,0.000,0.000,0.00
1777907367,loop0,0.00,0.00,0.000,0.000,0.00
1777907367,loop1,0.00,0.00,0.000,0.000,0.00
1777907367,loop10,0.00,0.00,0.000,0.000,0.00
1777907367,loop11,0.00,0.00,0.000,0.000,0.00
1777907367,loop12,0.00,0.00,0.000,0.000,0.00
1777907367,loop13,0.00,0.00,0.000,0.000,0.00
1777907367,loop14,0.00,0.00,0.000,0.000,0.00
1777907367,loop15,0.00,0.00,0.000,0.000,0.00
1777907367,loop16,0.00,0.00,0.000,0.000,0.00
1777907367,loop17,0.00,0.00,0.000,0.000,0.00
1777907367,loop18,0.00,0.00,0.000,0.000,0.00
1777907367,loop19,0.00,0.00,0.000,0.000,0.00
1777907367,loop2,0.00,0.00,0.000,0.000,0.00
1777907367,loop20,0.00,0.00,0.000,0.000,0.00
1777907367,loop21,0.00,0.00,0.000,0.000,0.00
1777907367,loop22,0.00,0.00,0.000,0.000,0.00
1777907367,loop23,0.00,0.00,0.000,0.000,0.00
1777907367,loop24,0.00,0.00,0.000,0.000,0.00
1777907367,loop25,0.00,0.00,0.000,0.000,0.00
1777907367,loop26,0.00,0.00,0.000,0.000,0.00
1777907367,loop27,0.00,0.00,0.000,0.000,0.00
1777907367,loop28,0.00,0.00,0.000,0.000,0.00
1777907367,loop29,0.00,0.00,0.000,0.000,0.00
1777907367,loop3,0.00,0.00,0.000,0.000,0.00
1777907367,loop30,0.00,0.00,0.000,0.000,0.00
1777907367,loop31,0.00,0.00,0.000,0.000,0.00
1777907367,loop32,0.00,0.00,0.000,0.000,0.00
1777907367,loop33,0.00,0.00,0.000,0.000,0.00
1777907367,loop34,0.00,0.00,0.000,0.000,0.00
1777907367,loop35,0.00,0.00,0.000,0.000,0.00
1777907367,loop36,0.00,0.00,0.000,0.000,0.00
1777907367,loop37,0.00,0.00,0.000,0.000,0.00
1777907367,loop38,0.00,0.00,0.000,0.000,0.00
1777907367,loop39,0.00,0.00,0.000,0.000,0.00
1777907367,loop4,0.00,0.00,0.000,0.000,0.00
1777907367,loop40,0.00,0.00,0.000,0.000,0.00
1777907367,loop5,0.00,0.00,0.000,0.000,0.00
1777907367,loop6,0.00,0.00,0.000,0.000,0.00
1777907367,loop7,0.00,0.00,0.000,0.000,0.00
1777907367,loop8,0.00,0.00,0.000,0.000,0.00
1777907367,loop9,0.00,0.00,0.000,0.000,0.00
1777907367,nvme0n1,0.00,0.00,0.000,0.000,5.90
1777907368,loop0,0.00,0.00,0.000,0.000,0.00
1777907368,loop1,0.00,0.00,0.000,0.000,0.00
1777907368,loop10,0.00,0.00,0.000,0.000,0.00
1777907368,loop11,0.00,0.00,0.000,0.000,0.00
1777907368,loop12,0.00,0.00,0.000,0.000,0.00
1777907368,loop13,0.00,0.00,0.000,0.000,0.00
1777907368,loop14,0.00,0.00,0.000,0.000,0.00
1777907368,loop15,0.00,0.00,0.000,0.000,0.00
1777907368,loop16,0.00,0.00,0.000,0.000,0.00
1777907368,loop17,0.00,0.00,0.000,0.000,0.00
1777907368,loop18,0.00,0.00,0.000,0.000,0.00
1777907368,loop19,0.00,0.00,0.000,0.000,0.00
1777907368,loop2,0.00,0.00,0.000,0.000,0.00
1777907368,loop20,0.00,0.00,0.000,0.000,0.00
1777907368,loop21,0.00,0.00,0.000,0.000,0.00
1777907368,loop22,0.00,0.00,0.000,0.000,0.00
1777907368,loop23,0.00,0.00,0.000,0.000,0.00
1777907368,loop24,0.00,0.00,0.000,0.000,0.00
1777907368,loop25,0.00,0.00,0.000,0.000,0.00
1777907368,loop26,0.00,0.00,0.000,0.000,0.00
1777907368,loop27,0.00,0.00,0.000,0.000,0.00
1777907368,loop28,0.00,0.00,0.000,0.000,0.00
1777907368,loop29,0.00,0.00,0.000,0.000,0.00
1777907368,loop3,0.00,0.00,0.000,0.000,0.00
1777907368,loop30,0.00,0.00,0.000,0.000,0.00
1777907368,loop31,0.00,0.00,0.000,0.000,0.00
1777907368,loop32,0.00,0.00,0.000,0.000,0.00
1777907368,loop33,0.00,0.00,0.000,0.000,0.00
1777907368,loop34,0.00,0.00,0.000,0.000,0.00
1777907368,loop35,0.00,0.00,0.000,0.000,0.00
1777907368,loop36,0.00,0.00,0.000,0.000,0.00
1777907368,loop37,0.00,0.00,0.000,0.000,0.00
1777907368,loop38,0.00,0.00,0.000,0.000,0.00
1777907368,loop39,0.00,0.00,0.000,0.000,0.00
1777907368,loop4,0.00,0.00,0.000,0.000,0.00
1777907368,loop40,0.00,0.00,0.000,0.000,0.00
1777907368,loop5,0.00,0.00,0.000,0.000,0.00
1777907368,loop6,0.00,0.00,0.000,0.000,0.00
1777907368,loop7,0.00,0.00,0.000,0.000,0.00
1777907368,loop8,0.00,0.00,0.000,0.000,0.00
1777907368,loop9,0.00,0.00,0.000,0.000,0.00
1777907368,nvme0n1,0.00,0.00,0.000,0.000,0.00
1777907369,loop0,0.00,0.00,0.000,0.000,0.00
1777907369,loop1,0.00,0.00,0.000,0.000,0.00
1777907369,loop10,0.00,0.00,0.000,0.000,0.00
1777907369,loop11,0.00,0.00,0.000,0.000,0.00
1777907369,loop12,0.00,0.00,0.000,0.000,0.00
1777907369,loop13,0.00,0.00,0.000,0.000,0.00
1777907369,loop14,0.00,0.00,0.000,0.000,0.00
1777907369,loop15,0.00,0.00,0.000,0.000,0.00
1777907369,loop16,0.00,0.00,0.000,0.000,0.00
1777907369,loop17,0.00,0.00,0.000,0.000,0.00
1777907369,loop18,0.00,0.00,0.000,0.000,0.00
1777907369,loop19,0.00,0.00,0.000,0.000,0.00
1777907369,loop2,0.00,0.00,0.000,0.000,0.00
1777907369,loop20,0.00,0.00,0.000,0.000,0.00
1777907369,loop21,0.00,0.00,0.000,0.000,0.00
1777907369,loop22,0.00,0.00,0.000,0.000,0.00
1777907369,loop23,0.00,0.00,0.000,0.000,0.00
1777907369,loop24,0.00,0.00,0.000,0.000,0.00
1777907369,loop25,0.00,0.00,0.000,0.000,0.00
1777907369,loop26,0.00,0.00,0.000,0.000,0.00
1777907369,loop27,0.00,0.00,0.000,0.000,0.00
1777907369,loop28,0.00,0.00,0.000,0.000,0.00
1777907369,loop29,0.00,0.00,0.000,0.000,0.00
1777907369,loop3,0.00,0.00,0.000,0.000,0.00
1777907369,loop30,0.00,0.00,0.000,0.000,0.00
1777907369,loop31,0.00,0.00,0.000,0.000,0.00
1777907369,loop32,0.00,0.00,0.000,0.000,0.00
1777907369,loop33,0.00,0.00,0.000,0.000,0.00
1777907369,loop34,0.00,0.00,0.000,0.000,0.00
1777907369,loop35,0.00,0.00,0.000,0.000,0.00
1777907369,loop36,0.00,0.00,0.000,0.000,0.00
1777907369,loop37,0.00,0.00,0.000,0.000,0.00
1777907369,loop38,0.00,0.00,0.000,0.000,0.00
1777907369,loop39,0.00,0.00,0.000,0.000,0.00
1777907369,loop4,0.00,0.00,0.000,0.000,0.00
1777907369,loop40,0.00,0.00,0.000,0.000,0.00
1777907369,loop5,0.00,0.00,0.000,0.000,0.00
1777907369,loop6,0.00,0.00,0.000,0.000,0.00
1777907369,loop7,0.00,0.00,0.000,0.000,0.00
1777907369,loop8,0.00,0.00,0.000,0.000,0.00
1777907369,loop9,0.00,0.00,0.000,0.000,0.00
1777907369,nvme0n1,0.00,0.00,0.000,0.000,0.10
1777907370,loop0,0.00,0.00,0.000,0.000,0.00
1777907370,loop1,0.00,0.00,0.000,0.000,0.00
1777907370,loop10,0.00,0.00,0.000,0.000,0.00
1777907370,loop11,0.00,0.00,0.000,0.000,0.00
1777907370,loop12,0.00,0.00,0.000,0.000,0.00
1777907370,loop13,0.00,0.00,0.000,0.000,0.00
1777907370,loop14,0.00,0.00,0.000,0.000,0.00
1777907370,loop15,0.00,0.00,0.000,0.000,0.00
1777907370,loop16,0.00,0.00,0.000,0.000,0.00
1777907370,loop17,0.00,0.00,0.000,0.000,0.00
1777907370,loop18,0.00,0.00,0.000,0.000,0.00
1777907370,loop19,0.00,0.00,0.000,0.000,0.00
1777907370,loop2,0.00,0.00,0.000,0.000,0.00
1777907370,loop20,0.00,0.00,0.000,0.000,0.00
1777907370,loop21,0.00,0.00,0.000,0.000,0.00
1777907370,loop22,0.00,0.00,0.000,0.000,0.00
1777907370,loop23,0.00,0.00,0.000,0.000,0.00
1777907370,loop24,0.00,0.00,0.000,0.000,0.00
1777907370,loop25,0.00,0.00,0.000,0.000,0.00
1777907370,loop26,0.00,0.00,0.000,0.000,0.00
1777907370,loop27,0.00,0.00,0.000,0.000,0.00
1777907370,loop28,0.00,0.00,0.000,0.000,0.00
1777907370,loop29,0.00,0.00,0.000,0.000,0.00
1777907370,loop3,0.00,0.00,0.000,0.000,0.00
1777907370,loop30,0.00,0.00,0.000,0.000,0.00
1777907370,loop31,0.00,0.00,0.000,0.000,0.00
1777907370,loop32,0.00,0.00,0.000,0.000,0.00
1777907370,loop33,0.00,0.00,0.000,0.000,0.00
1777907370,loop34,0.00,0.00,0.000,0.000,0.00
1777907370,loop35,0.00,0.00,0.000,0.000,0.00
1777907370,loop36,0.00,0.00,0.000,0.000,0.00
1777907370,loop37,0.00,0.00,0.000,0.000,0.00
1777907370,loop38,0.00,0.00,0.000,0.000,0.00
1777907370,loop39,0.00,0.00,0.000,0.000,0.00
1777907370,loop4,0.00,0.00,0.000,0.000,0.00
1777907370,loop40,0.00,0.00,0.000,0.000,0.00
1777907370,loop5,0.00,0.00,0.000,0.000,0.00
1777907370,loop6,0.00,0.00,0.000,0.000,0.00
1777907370,loop7,0.00,0.00,0.000,0.000,0.00
1777907370,loop8,0.00,0.00,0.000,0.000,0.00
1777907370,loop9,0.00,0.00,0.000,0.000,0.00
1777907370,nvme0n1,0.00,0.00,0.000,0.000,0.00
1777907371,loop0,0.00,0.00,0.000,0.000,0.00
1777907371,loop1,0.00,0.00,0.000,0.000,0.00
1777907371,loop10,0.00,0.00,0.000,0.000,0.00
1777907371,loop11,0.00,0.00,0.000,0.000,0.00
1777907371,loop12,0.00,0.00,0.000,0.000,0.00
1777907371,loop13,0.00,0.00,0.000,0.000,0.00
1777907371,loop14,0.00,0.00,0.000,0.000,0.00
1777907371,loop15,0.00,0.00,0.000,0.000,0.00
1777907371,loop16,0.00,0.00,0.000,0.000,0.00
1777907371,loop17,0.00,0.00,0.000,0.000,0.00
1777907371,loop18,0.00,0.00,0.000,0.000,0.00
1777907371,loop19,0.00,0.00,0.000,0.000,0.00
1777907371,loop2,0.00,0.00,0.000,0.000,0.00
1777907371,loop20,0.00,0.00,0.000,0.000,0.00
1777907371,loop21,0.00,0.00,0.000,0.000,0.00
1777907371,loop22,0.00,0.00,0.000,0.000,0.00
1777907371,loop23,0.00,0.00,0.000,0.000,0.00
1777907371,loop24,0.00,0.00,0.000,0.000,0.00
1777907371,loop25,0.00,0.00,0.000,0.000,0.00
1777907371,loop26,0.00,0.00,0.000,0.000,0.00
1777907371,loop27,0.00,0.00,0.000,0.000,0.00
1777907371,loop28,0.00,0.00,0.000,0.000,0.00
1777907371,loop29,0.00,0.00,0.000,0.000,0.00
1777907371,loop3,0.00,0.00,0.000,0.000,0.00
1777907371,loop30,0.00,0.00,0.000,0.000,0.00
1777907371,loop31,0.00,0.00,0.000,0.000,0.00
1777907371,loop32,0.00,0.00,0.000,0.000,0.00
1777907371,loop33,0.00,0.00,0.000,0.000,0.00
1777907371,loop34,0.00,0.00,0.000,0.000,0.00
1777907371,loop35,0.00,0.00,0.000,0.000,0.00
1777907371,loop36,0.00,0.00,0.000,0.000,0.00
1777907371,loop37,0.00,0.00,0.000,0.000,0.00
1777907371,loop38,0.00,0.00,0.000,0.000,0.00
1777907371,loop39,0.00,0.00,0.000,0.000,0.00
1777907371,loop4,0.00,0.00,0.000,0.000,0.00
1777907371,loop40,0.00,0.00,0.000,0.000,0.00
1777907371,loop5,0.00,0.00,0.000,0.000,0.00
1777907371,loop6,0.00,0.00,0.000,0.000,0.00
1777907371,loop7,0.00,0.00,0.000,0.000,0.00
1777907371,loop8,0.00,0.00,0.000,0.000,0.00
1777907371,loop9,0.00,0.00,0.000,0.000,0.00
1777907371,nvme0n1,1.00,4.00,0.000,0.000,2.20
1777907372,loop0,0.00,0.00,0.000,0.000,0.00
1777907372,loop1,0.00,0.00,0.000,0.000,0.00
1777907372,loop10,0.00,0.00,0.000,0.000,0.00
1777907372,loop11,0.00,0.00,0.000,0.000,0.00
1777907372,loop12,0.00,0.00,0.000,0.000,0.00
1777907372,loop13,0.00,0.00,0.000,0.000,0.00
1777907372,loop14,0.00,0.00,0.000,0.000,0.00
1777907372,loop15,0.00,0.00,0.000,0.000,0.00
1777907372,loop16,0.00,0.00,0.000,0.000,0.00
1777907372,loop17,0.00,0.00,0.000,0.000,0.00
1777907372,loop18,0.00,0.00,0.000,0.000,0.00
1777907372,loop19,0.00,0.00,0.000,0.000,0.00
1777907372,loop2,0.00,0.00,0.000,0.000,0.00
1777907372,loop20,0.00,0.00,0.000,0.000,0.00
1777907372,loop21,0.00,0.00,0.000,0.000,0.00
1777907372,loop22,0.00,0.00,0.000,0.000,0.00
1777907372,loop23,0.00,0.00,0.000,0.000,0.00
1777907372,loop24,0.00,0.00,0.000,0.000,0.00
1777907372,loop25,0.00,0.00,0.000,0.000,0.00
1777907372,loop26,0.00,0.00,0.000,0.000,0.00
1777907372,loop27,0.00,0.00,0.000,0.000,0.00
1777907372,loop28,0.00,0.00,0.000,0.000,0.00
1777907372,loop29,0.00,0.00,0.000,0.000,0.00
1777907372,loop3,0.00,0.00,0.000,0.000,0.00
1777907372,loop30,0.00,0.00,0.000,0.000,0.00
1777907372,loop31,0.00,0.00,0.000,0.000,0.00
1777907372,loop32,0.00,0.00,0.000,0.000,0.00
1777907372,loop33,0.00,0.00,0.000,0.000,0.00
1777907372,loop34,0.00,0.00,0.000,0.000,0.00
1777907372,loop35,0.00,0.00,0.000,0.000,0.00
1777907372,loop36,0.00,0.00,0.000,0.000,0.00
1777907372,loop37,0.00,0.00,0.000,0.000,0.00
1777907372,loop38,0.00,0.00,0.000,0.000,0.00
1777907372,loop39,0.00,0.00,0.000,0.000,0.00
1777907372,loop4,0.00,0.00,0.000,0.000,0.00
1777907372,loop40,0.00,0.00,0.000,0.000,0.00
1777907372,loop5,0.00,0.00,0.000,0.000,0.00
1777907372,loop6,0.00,0.00,0.000,0.000,0.00
1777907372,loop7,0.00,0.00,0.000,0.000,0.00
1777907372,loop8,0.00,0.00,0.000,0.000,0.00
1777907372,loop9,0.00,0.00,0.000,0.000,0.00
1777907372,nvme0n1,0.00,0.00,0.000,0.000,0.70
1777907373,loop0,0.00,0.00,0.000,0.000,0.00
1777907373,loop1,0.00,0.00,0.000,0.000,0.00
1777907373,loop10,0.00,0.00,0.000,0.000,0.00
1777907373,loop11,0.00,0.00,0.000,0.000,0.00
1777907373,loop12,0.00,0.00,0.000,0.000,0.00
1777907373,loop13,0.00,0.00,0.000,0.000,0.00
1777907373,loop14,0.00,0.00,0.000,0.000,0.00
1777907373,loop15,0.00,0.00,0.000,0.000,0.00
1777907373,loop16,0.00,0.00,0.000,0.000,0.00
1777907373,loop17,0.00,0.00,0.000,0.000,0.00
1777907373,loop18,0.00,0.00,0.000,0.000,0.00
1777907373,loop19,0.00,0.00,0.000,0.000,0.00
1777907373,loop2,0.00,0.00,0.000,0.000,0.00
1777907373,loop20,0.00,0.00,0.000,0.000,0.00
1777907373,loop21,0.00,0.00,0.000,0.000,0.00
1777907373,loop22,0.00,0.00,0.000,0.000,0.00
1777907373,loop23,0.00,0.00,0.000,0.000,0.00
1777907373,loop24,0.00,0.00,0.000,0.000,0.00
1777907373,loop25,0.00,0.00,0.000,0.000,0.00
1777907373,loop26,0.00,0.00,0.000,0.000,0.00
1777907373,loop27,0.00,0.00,0.000,0.000,0.00
1777907373,loop28,0.00,0.00,0.000,0.000,0.00
1777907373,loop29,0.00,0.00,0.000,0.000,0.00
1777907373,loop3,0.00,0.00,0.000,0.000,0.00
1777907373,loop30,0.00,0.00,0.000,0.000,0.00
1777907373,loop31,0.00,0.00,0.000,0.000,0.00
1777907373,loop32,0.00,0.00,0.000,0.000,0.00
1777907373,loop33,0.00,0.00,0.000,0.000,0.00
1777907373,loop34,0.00,0.00,0.000,0.000,0.00
1777907373,loop35,0.00,0.00,0.000,0.000,0.00
1777907373,loop36,0.00,0.00,0.000,0.000,0.00
1777907373,loop37,0.00,0.00,0.000,0.000,0.00
1777907373,loop38,0.00,0.00,0.000,0.000,0.00
1777907373,loop39,0.00,0.00,0.000,0.000,0.00
1777907373,loop4,0.00,0.00,0.000,0.000,0.00
1777907373,loop40,0.00,0.00,0.000,0.000,0.00
1777907373,loop5,0.00,0.00,0.000,0.000,0.00
1777907373,loop6,0.00,0.00,0.000,0.000,0.00
1777907373,loop7,0.00,0.00,0.000,0.000,0.00
1777907373,loop8,0.00,0.00,0.000,0.000,0.00
1777907373,loop9,0.00,0.00,0.000,0.000,0.00
1777907373,nvme0n1,0.00,0.00,0.000,0.000,0.00
1777907374,loop0,0.00,0.00,0.000,0.000,0.00
1777907374,loop1,0.00,0.00,0.000,0.000,0.00
1777907374,loop10,0.00,0.00,0.000,0.000,0.00
1777907374,loop11,0.00,0.00,0.000,0.000,0.00
1777907374,loop12,0.00,0.00,0.000,0.000,0.00
1777907374,loop13,0.00,0.00,0.000,0.000,0.00
1777907374,loop14,0.00,0.00,0.000,0.000,0.00
1777907374,loop15,0.00,0.00,0.000,0.000,0.00
1777907374,loop16,0.00,0.00,0.000,0.000,0.00
1777907374,loop17,0.00,0.00,0.000,0.000,0.00
1777907374,loop18,0.00,0.00,0.000,0.000,0.00
1777907374,loop19,0.00,0.00,0.000,0.000,0.00
1777907374,loop2,0.00,0.00,0.000,0.000,0.00
1777907374,loop20,0.00,0.00,0.000,0.000,0.00
1777907374,loop21,0.00,0.00,0.000,0.000,0.00
1777907374,loop22,0.00,0.00,0.000,0.000,0.00
1777907374,loop23,0.00,0.00,0.000,0.000,0.00
1777907374,loop24,0.00,0.00,0.000,0.000,0.00
1777907374,loop25,0.00,0.00,0.000,0.000,0.00
1777907374,loop26,0.00,0.00,0.000,0.000,0.00
1777907374,loop27,0.00,0.00,0.000,0.000,0.00
1777907374,loop28,0.00,0.00,0.000,0.000,0.00
1777907374,loop29,0.00,0.00,0.000,0.000,0.00
1777907374,loop3,0.00,0.00,0.000,0.000,0.00
1777907374,loop30,0.00,0.00,0.000,0.000,0.00
1777907374,loop31,0.00,0.00,0.000,0.000,0.00
1777907374,loop32,0.00,0.00,0.000,0.000,0.00
1777907374,loop33,0.00,0.00,0.000,0.000,0.00
1777907374,loop34,0.00,0.00,0.000,0.000,0.00
1777907374,loop35,0.00,0.00,0.000,0.000,0.00
1777907374,loop36,0.00,0.00,0.000,0.000,0.00
1777907374,loop37,0.00,0.00,0.000,0.000,0.00
1777907374,loop38,0.00,0.00,0.000,0.000,0.00
1777907374,loop39,0.00,0.00,0.000,0.000,0.00
1777907374,loop4,0.00,0.00,0.000,0.000,0.00
1777907374,loop40,0.00,0.00,0.000,0.000,0.00
1777907374,loop5,0.00,0.00,0.000,0.000,0.00
1777907374,loop6,0.00,0.00,0.000,0.000,0.00
1777907374,loop7,0.00,0.00,0.000,0.000,0.00
1777907374,loop8,0.00,0.00,0.000,0.000,0.00
1777907374,loop9,0.00,0.00,0.000,0.000,0.00
1777907374,nvme0n1,0.00,0.00,0.000,0.000,0.00
1777907375,loop0,0.00,0.00,0.000,0.000,0.00
1777907375,loop1,0.00,0.00,0.000,0.000,0.00
1777907375,loop10,0.00,0.00,0.000,0.000,0.00
1777907375,loop11,0.00,0.00,0.000,0.000,0.00
1777907375,loop12,0.00,0.00,0.000,0.000,0.00
1777907375,loop13,0.00,0.00,0.000,0.000,0.00
1777907375,loop14,0.00,0.00,0.000,0.000,0.00
1777907375,loop15,0.00,0.00,0.000,0.000,0.00
1777907375,loop16,0.00,0.00,0.000,0.000,0.00
1777907375,loop17,0.00,0.00,0.000,0.000,0.00
1777907375,loop18,0.00,0.00,0.000,0.000,0.00
1777907375,loop19,0.00,0.00,0.000,0.000,0.00
1777907375,loop2,0.00,0.00,0.000,0.000,0.00
1777907375,loop20,0.00,0.00,0.000,0.000,0.00
1777907375,loop21,0.00,0.00,0.000,0.000,0.00
1777907375,loop22,0.00,0.00,0.000,0.000,0.00
1777907375,loop23,0.00,0.00,0.000,0.000,0.00
1777907375,loop24,0.00,0.00,0.000,0.000,0.00
1777907375,loop25,0.00,0.00,0.000,0.000,0.00
1777907375,loop26,0.00,0.00,0.000,0.000,0.00
1777907375,loop27,0.00,0.00,0.000,0.000,0.00
1777907375,loop28,0.00,0.00,0.000,0.000,0.00
1777907375,loop29,0.00,0.00,0.000,0.000,0.00
1777907375,loop3,0.00,0.00,0.000,0.000,0.00
1777907375,loop30,0.00,0.00,0.000,0.000,0.00
1777907375,loop31,0.00,0.00,0.000,0.000,0.00
1777907375,loop32,0.00,0.00,0.000,0.000,0.00
1777907375,loop33,0.00,0.00,0.000,0.000,0.00
1777907375,loop34,0.00,0.00,0.000,0.000,0.00
1777907375,loop35,0.00,0.00,0.000,0.000,0.00
1777907375,loop36,0.00,0.00,0.000,0.000,0.00
1777907375,loop37,0.00,0.00,0.000,0.000,0.00
1777907375,loop38,0.00,0.00,0.000,0.000,0.00
1777907375,loop39,0.00,0.00,0.000,0.000,0.00
1777907375,loop4,0.00,0.00,0.000,0.000,0.00
1777907375,loop40,0.00,0.00,0.000,0.000,0.00
1777907375,loop5,0.00,0.00,0.000,0.000,0.00
1777907375,loop6,0.00,0.00,0.000,0.000,0.00
1777907375,loop7,0.00,0.00,0.000,0.000,0.00
1777907375,loop8,0.00,0.00,0.000,0.000,0.00
1777907375,loop9,0.00,0.00,0.000,0.000,0.00
1777907375,nvme0n1,0.00,0.00,0.000,0.000,0.00
1777907376,loop0,0.00,0.00,0.000,0.000,0.00
1777907376,loop1,0.00,0.00,0.000,0.000,0.00
1777907376,loop10,0.00,0.00,0.000,0.000,0.00
1777907376,loop11,0.00,0.00,0.000,0.000,0.00
1777907376,loop12,0.00,0.00,0.000,0.000,0.00
1777907376,loop13,0.00,0.00,0.000,0.000,0.00
1777907376,loop14,0.00,0.00,0.000,0.000,0.00
1777907376,loop15,0.00,0.00,0.000,0.000,0.00
1777907376,loop16,0.00,0.00,0.000,0.000,0.00
1777907376,loop17,0.00,0.00,0.000,0.000,0.00
1777907376,loop18,0.00,0.00,0.000,0.000,0.00
1777907376,loop19,0.00,0.00,0.000,0.000,0.00
1777907376,loop2,0.00,0.00,0.000,0.000,0.00
1777907376,loop20,0.00,0.00,0.000,0.000,0.00
1777907376,loop21,0.00,0.00,0.000,0.000,0.00
1777907376,loop22,0.00,0.00,0.000,0.000,0.00
1777907376,loop23,0.00,0.00,0.000,0.000,0.00
1777907376,loop24,0.00,0.00,0.000,0.000,0.00
1777907376,loop25,0.00,0.00,0.000,0.000,0.00
1777907376,loop26,0.00,0.00,0.000,0.000,0.00
1777907376,loop27,0.00,0.00,0.000,0.000,0.00
1777907376,loop28,0.00,0.00,0.000,0.000,0.00
1777907376,loop29,0.00,0.00,0.000,0.000,0.00
1777907376,loop3,0.00,0.00,0.000,0.000,0.00
1777907376,loop30,0.00,0.00,0.000,0.000,0.00
1777907376,loop31,0.00,0.00,0.000,0.000,0.00
1777907376,loop32,0.00,0.00,0.000,0.000,0.00
1777907376,loop33,0.00,0.00,0.000,0.000,0.00
1777907376,loop34,0.00,0.00,0.000,0.000,0.00
1777907376,loop35,0.00,0.00,0.000,0.000,0.00
1777907376,loop36,0.00,0.00,0.000,0.000,0.00
1777907376,loop37,0.00,0.00,0.000,0.000,0.00
1777907376,loop38,0.00,0.00,0.000,0.000,0.00
1777907376,loop39,0.00,0.00,0.000,0.000,0.00
1777907376,loop4,0.00,0.00,0.000,0.000,0.00
1777907376,loop40,0.00,0.00,0.000,0.000,0.00
1777907376,loop5,0.00,0.00,0.000,0.000,0.00
1777907376,loop6,0.00,0.00,0.000,0.000,0.00
1777907376,loop7,0.00,0.00,0.000,0.000,0.00
1777907376,loop8,0.00,0.00,0.000,0.000,0.00
1777907376,loop9,0.00,0.00,0.000,0.000,0.00
1777907376,nvme0n1,0.00,0.00,0.000,0.000,0.00
1777907377,loop0,0.00,0.00,0.000,0.000,0.00
1777907377,loop1,0.00,0.00,0.000,0.000,0.00
1777907377,loop10,0.00,0.00,0.000,0.000,0.00
1777907377,loop11,0.00,0.00,0.000,0.000,0.00
1777907377,loop12,0.00,0.00,0.000,0.000,0.00
1777907377,loop13,0.00,0.00,0.000,0.000,0.00
1777907377,loop14,0.00,0.00,0.000,0.000,0.00
1777907377,loop15,0.00,0.00,0.000,0.000,0.00
1777907377,loop16,0.00,0.00,0.000,0.000,0.00
1777907377,loop17,0.00,0.00,0.000,0.000,0.00
1777907377,loop18,0.00,0.00,0.000,0.000,0.00
1777907377,loop19,0.00,0.00,0.000,0.000,0.00
1777907377,loop2,0.00,0.00,0.000,0.000,0.00
1777907377,loop20,0.00,0.00,0.000,0.000,0.00
1777907377,loop21,0.00,0.00,0.000,0.000,0.00
1777907377,loop22,0.00,0.00,0.000,0.000,0.00
1777907377,loop23,0.00,0.00,0.000,0.000,0.00
1777907377,loop24,0.00,0.00,0.000,0.000,0.00
1777907377,loop25,0.00,0.00,0.000,0.000,0.00
1777907377,loop26,0.00,0.00,0.000,0.000,0.00
1777907377,loop27,0.00,0.00,0.000,0.000,0.00
1777907377,loop28,0.00,0.00,0.000,0.000,0.00
1777907377,loop29,0.00,0.00,0.000,0.000,0.00
1777907377,loop3,0.00,0.00,0.000,0.000,0.00
1777907377,loop30,0.00,0.00,0.000,0.000,0.00
1777907377,loop31,0.00,0.00,0.000,0.000,0.00
1777907377,loop32,0.00,0.00,0.000,0.000,0.00
1777907377,loop33,0.00,0.00,0.000,0.000,0.00
1777907377,loop34,0.00,0.00,0.000,0.000,0.00
1777907377,loop35,0.00,0.00,0.000,0.000,0.00
1777907377,loop36,0.00,0.00,0.000,0.000,0.00
1777907377,loop37,0.00,0.00,0.000,0.000,0.00
1777907377,loop38,0.00,0.00,0.000,0.000,0.00
1777907377,loop39,0.00,0.00,0.000,0.000,0.00
1777907377,loop4,0.00,0.00,0.000,0.000,0.00
1777907377,loop40,0.00,0.00,0.000,0.000,0.00
1777907377,loop5,0.00,0.00,0.000,0.000,0.00
1777907377,loop6,0.00,0.00,0.000,0.000,0.00
1777907377,loop7,0.00,0.00,0.000,0.000,0.00
1777907377,loop8,0.00,0.00,0.000,0.000,0.00
1777907377,loop9,0.00,0.00,0.000,0.000,0.00
1777907377,nvme0n1,0.00,0.00,0.000,0.000,0.00
1777907378,loop0,0.00,0.00,0.000,0.000,0.00
1777907378,loop1,0.00,0.00,0.000,0.000,0.00
1777907378,loop10,0.00,0.00,0.000,0.000,0.00
1777907378,loop11,0.00,0.00,0.000,0.000,0.00
1777907378,loop12,0.00,0.00,0.000,0.000,0.00
1777907378,loop13,0.00,0.00,0.000,0.000,0.00
1777907378,loop14,0.00,0.00,0.000,0.000,0.00
1777907378,loop15,0.00,0.00,0.000,0.000,0.00
1777907378,loop16,0.00,0.00,0.000,0.000,0.00
1777907378,loop17,0.00,0.00,0.000,0.000,0.00
1777907378,loop18,0.00,0.00,0.000,0.000,0.00
1777907378,loop19,0.00,0.00,0.000,0.000,0.00
1777907378,loop2,0.00,0.00,0.000,0.000,0.00
1777907378,loop20,0.00,0.00,0.000,0.000,0.00
1777907378,loop21,0.00,0.00,0.000,0.000,0.00
1777907378,loop22,0.00,0.00,0.000,0.000,0.00
1777907378,loop23,0.00,0.00,0.000,0.000,0.00
1777907378,loop24,0.00,0.00,0.000,0.000,0.00
1777907378,loop25,0.00,0.00,0.000,0.000,0.00
1777907378,loop26,0.00,0.00,0.000,0.000,0.00
1777907378,loop27,0.00,0.00,0.000,0.000,0.00
1777907378,loop28,0.00,0.00,0.000,0.000,0.00
1777907378,loop29,0.00,0.00,0.000,0.000,0.00
1777907378,loop3,0.00,0.00,0.000,0.000,0.00
1777907378,loop30,0.00,0.00,0.000,0.000,0.00
1777907378,loop31,0.00,0.00,0.000,0.000,0.00
1777907378,loop32,0.00,0.00,0.000,0.000,0.00
1777907378,loop33,0.00,0.00,0.000,0.000,0.00
1777907378,loop34,0.00,0.00,0.000,0.000,0.00
1777907378,loop35,0.00,0.00,0.000,0.000,0.00
1777907378,loop36,0.00,0.00,0.000,0.000,0.00
1777907378,loop37,0.00,0.00,0.000,0.000,0.00
1777907378,loop38,0.00,0.00,0.000,0.000,0.00
1777907378,loop39,0.00,0.00,0.000,0.000,0.00
1777907378,loop4,0.00,0.00,0.000,0.000,0.00
1777907378,loop40,0.00,0.00,0.000,0.000,0.00
1777907378,loop5,0.00,0.00,0.000,0.000,0.00
1777907378,loop6,0.00,0.00,0.000,0.000,0.00
1777907378,loop7,0.00,0.00,0.000,0.000,0.00
1777907378,loop8,0.00,0.00,0.000,0.000,0.00
1777907378,loop9,0.00,0.00,0.000,0.000,0.00
1777907378,nvme0n1,0.00,0.00,0.000,0.000,5.80
1777907379,loop0,0.00,0.00,0.000,0.000,0.00
1777907379,loop1,0.00,0.00,0.000,0.000,0.00
1777907379,loop10,0.00,0.00,0.000,0.000,0.00
1777907379,loop11,0.00,0.00,0.000,0.000,0.00
1777907379,loop12,0.00,0.00,0.000,0.000,0.00
1777907379,loop13,0.00,0.00,0.000,0.000,0.00
1777907379,loop14,0.00,0.00,0.000,0.000,0.00
1777907379,loop15,0.00,0.00,0.000,0.000,0.00
1777907379,loop16,0.00,0.00,0.000,0.000,0.00
1777907379,loop17,0.00,0.00,0.000,0.000,0.00
1777907379,loop18,0.00,0.00,0.000,0.000,0.00
1777907379,loop19,0.00,0.00,0.000,0.000,0.00
1777907379,loop2,0.00,0.00,0.000,0.000,0.00
1777907379,loop20,0.00,0.00,0.000,0.000,0.00
1777907379,loop21,0.00,0.00,0.000,0.000,0.00
1777907379,loop22,0.00,0.00,0.000,0.000,0.00
1777907379,loop23,0.00,0.00,0.000,0.000,0.00
1777907379,loop24,0.00,0.00,0.000,0.000,0.00
1777907379,loop25,0.00,0.00,0.000,0.000,0.00
1777907379,loop26,0.00,0.00,0.000,0.000,0.00
1777907379,loop27,0.00,0.00,0.000,0.000,0.00
1777907379,loop28,0.00,0.00,0.000,0.000,0.00
1777907379,loop29,0.00,0.00,0.000,0.000,0.00
1777907379,loop3,0.00,0.00,0.000,0.000,0.00
1777907379,loop30,0.00,0.00,0.000,0.000,0.00
1777907379,loop31,0.00,0.00,0.000,0.000,0.00
1777907379,loop32,0.00,0.00,0.000,0.000,0.00
1777907379,loop33,0.00,0.00,0.000,0.000,0.00
1777907379,loop34,0.00,0.00,0.000,0.000,0.00
1777907379,loop35,0.00,0.00,0.000,0.000,0.00
1777907379,loop36,0.00,0.00,0.000,0.000,0.00
1777907379,loop37,0.00,0.00,0.000,0.000,0.00
1777907379,loop38,0.00,0.00,0.000,0.000,0.00
1777907379,loop39,0.00,0.00,0.000,0.000,0.00
1777907379,loop4,0.00,0.00,0.000,0.000,0.00
1777907379,loop40,0.00,0.00,0.000,0.000,0.00
1777907379,loop5,0.00,0.00,0.000,0.000,0.00
1777907379,loop6,0.00,0.00,0.000,0.000,0.00
1777907379,loop7,0.00,0.00,0.000,0.000,0.00
1777907379,loop8,0.00,0.00,0.000,0.000,0.00
1777907379,loop9,0.00,0.00,0.000,0.000,0.00
1777907379,nvme0n1,0.00,0.00,0.000,0.000,0.00
1777907380,loop0,0.00,0.00,0.000,0.000,0.00
1777907380,loop1,0.00,0.00,0.000,0.000,0.00
1777907380,loop10,0.00,0.00,0.000,0.000,0.00
1777907380,loop11,0.00,0.00,0.000,0.000,0.00
1777907380,loop12,0.00,0.00,0.000,0.000,0.00
1777907380,loop13,0.00,0.00,0.000,0.000,0.00
1777907380,loop14,0.00,0.00,0.000,0.000,0.00
1777907380,loop15,0.00,0.00,0.000,0.000,0.00
1777907380,loop16,0.00,0.00,0.000,0.000,0.00
1777907380,loop17,0.00,0.00,0.000,0.000,0.00
1777907380,loop18,0.00,0.00,0.000,0.000,0.00
1777907380,loop19,0.00,0.00,0.000,0.000,0.00
1777907380,loop2,0.00,0.00,0.000,0.000,0.00
1777907380,loop20,0.00,0.00,0.000,0.000,0.00
1777907380,loop21,0.00,0.00,0.000,0.000,0.00
1777907380,loop22,0.00,0.00,0.000,0.000,0.00
1777907380,loop23,0.00,0.00,0.000,0.000,0.00
1777907380,loop24,0.00,0.00,0.000,0.000,0.00
1777907380,loop25,0.00,0.00,0.000,0.000,0.00
1777907380,loop26,0.00,0.00,0.000,0.000,0.00
1777907380,loop27,0.00,0.00,0.000,0.000,0.00
1777907380,loop28,0.00,0.00,0.000,0.000,0.00
1777907380,loop29,0.00,0.00,0.000,0.000,0.00
1777907380,loop3,0.00,0.00,0.000,0.000,0.00
1777907380,loop30,0.00,0.00,0.000,0.000,0.00
1777907380,loop31,0.00,0.00,0.000,0.000,0.00
1777907380,loop32,0.00,0.00,0.000,0.000,0.00
1777907380,loop33,0.00,0.00,0.000,0.000,0.00
1777907380,loop34,0.00,0.00,0.000,0.000,0.00
1777907380,loop35,0.00,0.00,0.000,0.000,0.00
1777907380,loop36,0.00,0.00,0.000,0.000,0.00
1777907380,loop37,0.00,0.00,0.000,0.000,0.00
1777907380,loop38,0.00,0.00,0.000,0.000,0.00
1777907380,loop39,0.00,0.00,0.000,0.000,0.00
1777907380,loop4,0.00,0.00,0.000,0.000,0.00
1777907380,loop40,0.00,0.00,0.000,0.000,0.00
1777907380,loop5,0.00,0.00,0.000,0.000,0.00
1777907380,loop6,0.00,0.00,0.000,0.000,0.00
1777907380,loop7,0.00,0.00,0.000,0.000,0.00
1777907380,loop8,0.00,0.00,0.000,0.000,0.00
1777907380,loop9,0.00,0.00,0.000,0.000,0.00
1777907380,nvme0n1,0.00,0.00,0.000,0.000,0.00
1777907381,loop0,0.00,0.00,0.000,0.000,0.00
1777907381,loop1,0.00,0.00,0.000,0.000,0.00
1777907381,loop10,0.00,0.00,0.000,0.000,0.00
1777907381,loop11,0.00,0.00,0.000,0.000,0.00
1777907381,loop12,0.00,0.00,0.000,0.000,0.00
1777907381,loop13,0.00,0.00,0.000,0.000,0.00
1777907381,loop14,0.00,0.00,0.000,0.000,0.00
1777907381,loop15,0.00,0.00,0.000,0.000,0.00
1777907381,loop16,0.00,0.00,0.000,0.000,0.00
1777907381,loop17,0.00,0.00,0.000,0.000,0.00
1777907381,loop18,0.00,0.00,0.000,0.000,0.00
1777907381,loop19,0.00,0.00,0.000,0.000,0.00
1777907381,loop2,0.00,0.00,0.000,0.000,0.00
1777907381,loop20,0.00,0.00,0.000,0.000,0.00
1777907381,loop21,0.00,0.00,0.000,0.000,0.00
1777907381,loop22,0.00,0.00,0.000,0.000,0.00
1777907381,loop23,0.00,0.00,0.000,0.000,0.00
1777907381,loop24,0.00,0.00,0.000,0.000,0.00
1777907381,loop25,0.00,0.00,0.000,0.000,0.00
1777907381,loop26,0.00,0.00,0.000,0.000,0.00
1777907381,loop27,0.00,0.00,0.000,0.000,0.00
1777907381,loop28,0.00,0.00,0.000,0.000,0.00
1777907381,loop29,0.00,0.00,0.000,0.000,0.00
1777907381,loop3,0.00,0.00,0.000,0.000,0.00
1777907381,loop30,0.00,0.00,0.000,0.000,0.00
1777907381,loop31,0.00,0.00,0.000,0.000,0.00
1777907381,loop32,0.00,0.00,0.000,0.000,0.00
1777907381,loop33,0.00,0.00,0.000,0.000,0.00
1777907381,loop34,0.00,0.00,0.000,0.000,0.00
1777907381,loop35,0.00,0.00,0.000,0.000,0.00
1777907381,loop36,0.00,0.00,0.000,0.000,0.00
1777907381,loop37,0.00,0.00,0.000,0.000,0.00
1777907381,loop38,0.00,0.00,0.000,0.000,0.00
1777907381,loop39,0.00,0.00,0.000,0.000,0.00
1777907381,loop4,0.00,0.00,0.000,0.000,0.00
1777907381,loop40,0.00,0.00,0.000,0.000,0.00
1777907381,loop5,0.00,0.00,0.000,0.000,0.00
1777907381,loop6,0.00,0.00,0.000,0.000,0.00
1777907381,loop7,0.00,0.00,0.000,0.000,0.00
1777907381,loop8,0.00,0.00,0.000,0.000,0.00
1777907381,loop9,0.00,0.00,0.000,0.000,0.00
1777907381,nvme0n1,0.00,0.00,0.000,0.000,0.00
1777907382,loop0,0.00,0.00,0.000,0.000,0.00
1777907382,loop1,0.00,0.00,0.000,0.000,0.00
1777907382,loop10,0.00,0.00,0.000,0.000,0.00
1777907382,loop11,0.00,0.00,0.000,0.000,0.00
1777907382,loop12,0.00,0.00,0.000,0.000,0.00
1777907382,loop13,0.00,0.00,0.000,0.000,0.00
1777907382,loop14,0.00,0.00,0.000,0.000,0.00
1777907382,loop15,0.00,0.00,0.000,0.000,0.00
1777907382,loop16,0.00,0.00,0.000,0.000,0.00
1777907382,loop17,0.00,0.00,0.000,0.000,0.00
1777907382,loop18,0.00,0.00,0.000,0.000,0.00
1777907382,loop19,0.00,0.00,0.000,0.000,0.00
1777907382,loop2,0.00,0.00,0.000,0.000,0.00
1777907382,loop20,0.00,0.00,0.000,0.000,0.00
1777907382,loop21,0.00,0.00,0.000,0.000,0.00
1777907382,loop22,0.00,0.00,0.000,0.000,0.00
1777907382,loop23,0.00,0.00,0.000,0.000,0.00
1777907382,loop24,0.00,0.00,0.000,0.000,0.00
1777907382,loop25,0.00,0.00,0.000,0.000,0.00
1777907382,loop26,0.00,0.00,0.000,0.000,0.00
1777907382,loop27,0.00,0.00,0.000,0.000,0.00
1777907382,loop28,0.00,0.00,0.000,0.000,0.00
1777907382,loop29,0.00,0.00,0.000,0.000,0.00
1777907382,loop3,0.00,0.00,0.000,0.000,0.00
1777907382,loop30,0.00,0.00,0.000,0.000,0.00
1777907382,loop31,0.00,0.00,0.000,0.000,0.00
1777907382,loop32,0.00,0.00,0.000,0.000,0.00
1777907382,loop33,0.00,0.00,0.000,0.000,0.00
1777907382,loop34,0.00,0.00,0.000,0.000,0.00
1777907382,loop35,0.00,0.00,0.000,0.000,0.00
1777907382,loop36,0.00,0.00,0.000,0.000,0.00
1777907382,loop37,0.00,0.00,0.000,0.000,0.00
1777907382,loop38,0.00,0.00,0.000,0.000,0.00
1777907382,loop39,0.00,0.00,0.000,0.000,0.00
1777907382,loop4,0.00,0.00,0.000,0.000,0.00
1777907382,loop40,0.00,0.00,0.000,0.000,0.00
1777907382,loop5,0.00,0.00,0.000,0.000,0.00
1777907382,loop6,0.00,0.00,0.000,0.000,0.00
1777907382,loop7,0.00,0.00,0.000,0.000,0.00
1777907382,loop8,0.00,0.00,0.000,0.000,0.00
1777907382,loop9,0.00,0.00,0.000,0.000,0.00
1777907382,nvme0n1,0.00,0.00,0.000,0.000,0.00
1777907383,loop0,0.00,0.00,0.000,0.000,0.00
1777907383,loop1,0.00,0.00,0.000,0.000,0.00
1777907383,loop10,0.00,0.00,0.000,0.000,0.00
1777907383,loop11,0.00,0.00,0.000,0.000,0.00
1777907383,loop12,0.00,0.00,0.000,0.000,0.00
1777907383,loop13,0.00,0.00,0.000,0.000,0.00
1777907383,loop14,0.00,0.00,0.000,0.000,0.00
1777907383,loop15,0.00,0.00,0.000,0.000,0.00
1777907383,loop16,0.00,0.00,0.000,0.000,0.00
1777907383,loop17,0.00,0.00,0.000,0.000,0.00
1777907383,loop18,0.00,0.00,0.000,0.000,0.00
1777907383,loop19,0.00,0.00,0.000,0.000,0.00
1777907383,loop2,0.00,0.00,0.000,0.000,0.00
1777907383,loop20,0.00,0.00,0.000,0.000,0.00
1777907383,loop21,0.00,0.00,0.000,0.000,0.00
1777907383,loop22,0.00,0.00,0.000,0.000,0.00
1777907383,loop23,0.00,0.00,0.000,0.000,0.00
1777907383,loop24,0.00,0.00,0.000,0.000,0.00
1777907383,loop25,0.00,0.00,0.000,0.000,0.00
1777907383,loop26,0.00,0.00,0.000,0.000,0.00
1777907383,loop27,0.00,0.00,0.000,0.000,0.00
1777907383,loop28,0.00,0.00,0.000,0.000,0.00
1777907383,loop29,0.00,0.00,0.000,0.000,0.00
1777907383,loop3,0.00,0.00,0.000,0.000,0.00
1777907383,loop30,0.00,0.00,0.000,0.000,0.00
1777907383,loop31,0.00,0.00,0.000,0.000,0.00
1777907383,loop32,0.00,0.00,0.000,0.000,0.00
1777907383,loop33,0.00,0.00,0.000,0.000,0.00
1777907383,loop34,0.00,0.00,0.000,0.000,0.00
1777907383,loop35,0.00,0.00,0.000,0.000,0.00
1777907383,loop36,0.00,0.00,0.000,0.000,0.00
1777907383,loop37,0.00,0.00,0.000,0.000,0.00
1777907383,loop38,0.00,0.00,0.000,0.000,0.00
1777907383,loop39,0.00,0.00,0.000,0.000,0.00
1777907383,loop4,0.00,0.00,0.000,0.000,0.00
1777907383,loop40,0.00,0.00,0.000,0.000,0.00
1777907383,loop5,0.00,0.00,0.000,0.000,0.00
1777907383,loop6,0.00,0.00,0.000,0.000,0.00
1777907383,loop7,0.00,0.00,0.000,0.000,0.00
1777907383,loop8,0.00,0.00,0.000,0.000,0.00
1777907383,loop9,0.00,0.00,0.000,0.000,0.00
1777907383,nvme0n1,0.00,0.00,0.000,0.000,6.00
1777907384,loop0,0.00,0.00,0.000,0.000,0.00
1777907384,loop1,0.00,0.00,0.000,0.000,0.00
1777907384,loop10,0.00,0.00,0.000,0.000,0.00
1777907384,loop11,0.00,0.00,0.000,0.000,0.00
1777907384,loop12,0.00,0.00,0.000,0.000,0.00
1777907384,loop13,0.00,0.00,0.000,0.000,0.00
1777907384,loop14,0.00,0.00,0.000,0.000,0.00
1777907384,loop15,0.00,0.00,0.000,0.000,0.00
1777907384,loop16,0.00,0.00,0.000,0.000,0.00
1777907384,loop17,0.00,0.00,0.000,0.000,0.00
1777907384,loop18,0.00,0.00,0.000,0.000,0.00
1777907384,loop19,0.00,0.00,0.000,0.000,0.00
1777907384,loop2,0.00,0.00,0.000,0.000,0.00
1777907384,loop20,0.00,0.00,0.000,0.000,0.00
1777907384,loop21,0.00,0.00,0.000,0.000,0.00
1777907384,loop22,0.00,0.00,0.000,0.000,0.00
1777907384,loop23,0.00,0.00,0.000,0.000,0.00
1777907384,loop24,0.00,0.00,0.000,0.000,0.00
1777907384,loop25,0.00,0.00,0.000,0.000,0.00
1777907384,loop26,0.00,0.00,0.000,0.000,0.00
1777907384,loop27,0.00,0.00,0.000,0.000,0.00
1777907384,loop28,0.00,0.00,0.000,0.000,0.00
1777907384,loop29,0.00,0.00,0.000,0.000,0.00
1777907384,loop3,0.00,0.00,0.000,0.000,0.00
1777907384,loop30,0.00,0.00,0.000,0.000,0.00
1777907384,loop31,0.00,0.00,0.000,0.000,0.00
1777907384,loop32,0.00,0.00,0.000,0.000,0.00
1777907384,loop33,0.00,0.00,0.000,0.000,0.00
1777907384,loop34,0.00,0.00,0.000,0.000,0.00
1777907384,loop35,0.00,0.00,0.000,0.000,0.00
1777907384,loop36,0.00,0.00,0.000,0.000,0.00
1777907384,loop37,0.00,0.00,0.000,0.000,0.00
1777907384,loop38,0.00,0.00,0.000,0.000,0.00
1777907384,loop39,0.00,0.00,0.000,0.000,0.00
1777907384,loop4,0.00,0.00,0.000,0.000,0.00
1777907384,loop40,0.00,0.00,0.000,0.000,0.00
1777907384,loop5,0.00,0.00,0.000,0.000,0.00
1777907384,loop6,0.00,0.00,0.000,0.000,0.00
1777907384,loop7,0.00,0.00,0.000,0.000,0.00
1777907384,loop8,0.00,0.00,0.000,0.000,0.00
1777907384,loop9,0.00,0.00,0.000,0.000,0.00
1777907384,nvme0n1,0.00,0.00,0.000,0.000,0.00
1777907385,loop0,0.00,0.00,0.000,0.000,0.00
1777907385,loop1,0.00,0.00,0.000,0.000,0.00
1777907385,loop10,0.00,0.00,0.000,0.000,0.00
1777907385,loop11,0.00,0.00,0.000,0.000,0.00
1777907385,loop12,0.00,0.00,0.000,0.000,0.00
1777907385,loop13,0.00,0.00,0.000,0.000,0.00
1777907385,loop14,0.00,0.00,0.000,0.000,0.00
1777907385,loop15,0.00,0.00,0.000,0.000,0.00
1777907385,loop16,0.00,0.00,0.000,0.000,0.00
1777907385,loop17,0.00,0.00,0.000,0.000,0.00
1777907385,loop18,0.00,0.00,0.000,0.000,0.00
1777907385,loop19,0.00,0.00,0.000,0.000,0.00
1777907385,loop2,0.00,0.00,0.000,0.000,0.00
1777907385,loop20,0.00,0.00,0.000,0.000,0.00
1777907385,loop21,0.00,0.00,0.000,0.000,0.00
1777907385,loop22,0.00,0.00,0.000,0.000,0.00
1777907385,loop23,0.00,0.00,0.000,0.000,0.00
1777907385,loop24,0.00,0.00,0.000,0.000,0.00
1777907385,loop25,0.00,0.00,0.000,0.000,0.00
1777907385,loop26,0.00,0.00,0.000,0.000,0.00
1777907385,loop27,0.00,0.00,0.000,0.000,0.00
1777907385,loop28,0.00,0.00,0.000,0.000,0.00
1777907385,loop29,0.00,0.00,0.000,0.000,0.00
1777907385,loop3,0.00,0.00,0.000,0.000,0.00
1777907385,loop30,0.00,0.00,0.000,0.000,0.00
1777907385,loop31,0.00,0.00,0.000,0.000,0.00
1777907385,loop32,0.00,0.00,0.000,0.000,0.00
1777907385,loop33,0.00,0.00,0.000,0.000,0.00
1777907385,loop34,0.00,0.00,0.000,0.000,0.00
1777907385,loop35,0.00,0.00,0.000,0.000,0.00
1777907385,loop36,0.00,0.00,0.000,0.000,0.00
1777907385,loop37,0.00,0.00,0.000,0.000,0.00
1777907385,loop38,0.00,0.00,0.000,0.000,0.00
1777907385,loop39,0.00,0.00,0.000,0.000,0.00
1777907385,loop4,0.00,0.00,0.000,0.000,0.00
1777907385,loop40,0.00,0.00,0.000,0.000,0.00
1777907385,loop5,0.00,0.00,0.000,0.000,0.00
1777907385,loop6,0.00,0.00,0.000,0.000,0.00
1777907385,loop7,0.00,0.00,0.000,0.000,0.00
1777907385,loop8,0.00,0.00,0.000,0.000,0.00
1777907385,loop9,0.00,0.00,0.000,0.000,0.00
1777907385,nvme0n1,0.00,0.00,0.000,0.000,0.00
1777907386,loop0,0.00,0.00,0.000,0.000,0.00
1777907386,loop1,0.00,0.00,0.000,0.000,0.00
1777907386,loop10,0.00,0.00,0.000,0.000,0.00
1777907386,loop11,0.00,0.00,0.000,0.000,0.00
1777907386,loop12,0.00,0.00,0.000,0.000,0.00
1777907386,loop13,0.00,0.00,0.000,0.000,0.00
1777907386,loop14,0.00,0.00,0.000,0.000,0.00
1777907386,loop15,0.00,0.00,0.000,0.000,0.00
1777907386,loop16,0.00,0.00,0.000,0.000,0.00
1777907386,loop17,0.00,0.00,0.000,0.000,0.00
1777907386,loop18,0.00,0.00,0.000,0.000,0.00
1777907386,loop19,0.00,0.00,0.000,0.000,0.00
1777907386,loop2,0.00,0.00,0.000,0.000,0.00
1777907386,loop20,0.00,0.00,0.000,0.000,0.00
1777907386,loop21,0.00,0.00,0.000,0.000,0.00
1777907386,loop22,0.00,0.00,0.000,0.000,0.00
1777907386,loop23,0.00,0.00,0.000,0.000,0.00
1777907386,loop24,0.00,0.00,0.000,0.000,0.00
1777907386,loop25,0.00,0.00,0.000,0.000,0.00
1777907386,loop26,0.00,0.00,0.000,0.000,0.00
1777907386,loop27,0.00,0.00,0.000,0.000,0.00
1777907386,loop28,0.00,0.00,0.000,0.000,0.00
1777907386,loop29,0.00,0.00,0.000,0.000,0.00
1777907386,loop3,0.00,0.00,0.000,0.000,0.00
1777907386,loop30,0.00,0.00,0.000,0.000,0.00
1777907386,loop31,0.00,0.00,0.000,0.000,0.00
1777907386,loop32,0.00,0.00,0.000,0.000,0.00
1777907386,loop33,0.00,0.00,0.000,0.000,0.00
1777907386,loop34,0.00,0.00,0.000,0.000,0.00
1777907386,loop35,0.00,0.00,0.000,0.000,0.00
1777907386,loop36,0.00,0.00,0.000,0.000,0.00
1777907386,loop37,0.00,0.00,0.000,0.000,0.00
1777907386,loop38,0.00,0.00,0.000,0.000,0.00
1777907386,loop39,0.00,0.00,0.000,0.000,0.00
1777907386,loop4,0.00,0.00,0.000,0.000,0.00
1777907386,loop40,0.00,0.00,0.000,0.000,0.00
1777907386,loop5,0.00,0.00,0.000,0.000,0.00
1777907386,loop6,0.00,0.00,0.000,0.000,0.00
1777907386,loop7,0.00,0.00,0.000,0.000,0.00
1777907386,loop8,0.00,0.00,0.000,0.000,0.00
1777907386,loop9,0.00,0.00,0.000,0.000,0.00
1777907386,nvme0n1,0.00,0.00,0.000,0.000,2.00
1777907387,loop0,0.00,0.00,0.000,0.000,0.00
1777907387,loop1,0.00,0.00,0.000,0.000,0.00
1777907387,loop10,0.00,0.00,0.000,0.000,0.00
1777907387,loop11,0.00,0.00,0.000,0.000,0.00
1777907387,loop12,0.00,0.00,0.000,0.000,0.00
1777907387,loop13,0.00,0.00,0.000,0.000,0.00
1777907387,loop14,0.00,0.00,0.000,0.000,0.00
1777907387,loop15,0.00,0.00,0.000,0.000,0.00
1777907387,loop16,0.00,0.00,0.000,0.000,0.00
1777907387,loop17,0.00,0.00,0.000,0.000,0.00
1777907387,loop18,0.00,0.00,0.000,0.000,0.00
1777907387,loop19,0.00,0.00,0.000,0.000,0.00
1777907387,loop2,0.00,0.00,0.000,0.000,0.00
1777907387,loop20,0.00,0.00,0.000,0.000,0.00
1777907387,loop21,0.00,0.00,0.000,0.000,0.00
1777907387,loop22,0.00,0.00,0.000,0.000,0.00
1777907387,loop23,0.00,0.00,0.000,0.000,0.00
1777907387,loop24,0.00,0.00,0.000,0.000,0.00
1777907387,loop25,0.00,0.00,0.000,0.000,0.00
1777907387,loop26,0.00,0.00,0.000,0.000,0.00
1777907387,loop27,0.00,0.00,0.000,0.000,0.00
1777907387,loop28,0.00,0.00,0.000,0.000,0.00
1777907387,loop29,0.00,0.00,0.000,0.000,0.00
1777907387,loop3,0.00,0.00,0.000,0.000,0.00
1777907387,loop30,0.00,0.00,0.000,0.000,0.00
1777907387,loop31,0.00,0.00,0.000,0.000,0.00
1777907387,loop32,0.00,0.00,0.000,0.000,0.00
1777907387,loop33,0.00,0.00,0.000,0.000,0.00
1777907387,loop34,0.00,0.00,0.000,0.000,0.00
1777907387,loop35,0.00,0.00,0.000,0.000,0.00
1777907387,loop36,0.00,0.00,0.000,0.000,0.00
1777907387,loop37,0.00,0.00,0.000,0.000,0.00
1777907387,loop38,0.00,0.00,0.000,0.000,0.00
1777907387,loop39,0.00,0.00,0.000,0.000,0.00
1777907387,loop4,0.00,0.00,0.000,0.000,0.00
1777907387,loop40,0.00,0.00,0.000,0.000,0.00
1777907387,loop5,0.00,0.00,0.000,0.000,0.00
1777907387,loop6,0.00,0.00,0.000,0.000,0.00
1777907387,loop7,0.00,0.00,0.000,0.000,0.00
1777907387,loop8,0.00,0.00,0.000,0.000,0.00
1777907387,loop9,0.00,0.00,0.000,0.000,0.00
1777907387,nvme0n1,0.00,0.00,0.000,0.000,0.00
1777907388,loop0,0.00,0.00,0.000,0.000,0.00
1777907388,loop1,0.00,0.00,0.000,0.000,0.00
1777907388,loop10,0.00,0.00,0.000,0.000,0.00
1777907388,loop11,0.00,0.00,0.000,0.000,0.00
1777907388,loop12,0.00,0.00,0.000,0.000,0.00
1777907388,loop13,0.00,0.00,0.000,0.000,0.00
1777907388,loop14,0.00,0.00,0.000,0.000,0.00
1777907388,loop15,0.00,0.00,0.000,0.000,0.00
1777907388,loop16,0.00,0.00,0.000,0.000,0.00
1777907388,loop17,0.00,0.00,0.000,0.000,0.00
1777907388,loop18,0.00,0.00,0.000,0.000,0.00
1777907388,loop19,0.00,0.00,0.000,0.000,0.00
1777907388,loop2,0.00,0.00,0.000,0.000,0.00
1777907388,loop20,0.00,0.00,0.000,0.000,0.00
1777907388,loop21,0.00,0.00,0.000,0.000,0.00
1777907388,loop22,0.00,0.00,0.000,0.000,0.00
1777907388,loop23,0.00,0.00,0.000,0.000,0.00
1777907388,loop24,0.00,0.00,0.000,0.000,0.00
1777907388,loop25,0.00,0.00,0.000,0.000,0.00
1777907388,loop26,0.00,0.00,0.000,0.000,0.00
1777907388,loop27,0.00,0.00,0.000,0.000,0.00
1777907388,loop28,0.00,0.00,0.000,0.000,0.00
1777907388,loop29,0.00,0.00,0.000,0.000,0.00
1777907388,loop3,0.00,0.00,0.000,0.000,0.00
1777907388,loop30,0.00,0.00,0.000,0.000,0.00
1777907388,loop31,0.00,0.00,0.000,0.000,0.00
1777907388,loop32,0.00,0.00,0.000,0.000,0.00
1777907388,loop33,0.00,0.00,0.000,0.000,0.00
1777907388,loop34,0.00,0.00,0.000,0.000,0.00
1777907388,loop35,0.00,0.00,0.000,0.000,0.00
1777907388,loop36,0.00,0.00,0.000,0.000,0.00
1777907388,loop37,0.00,0.00,0.000,0.000,0.00
1777907388,loop38,0.00,0.00,0.000,0.000,0.00
1777907388,loop39,0.00,0.00,0.000,0.000,0.00
1777907388,loop4,0.00,0.00,0.000,0.000,0.00
1777907388,loop40,0.00,0.00,0.000,0.000,0.00
1777907388,loop5,0.00,0.00,0.000,0.000,0.00
1777907388,loop6,0.00,0.00,0.000,0.000,0.00
1777907388,loop7,0.00,0.00,0.000,0.000,0.00
1777907388,loop8,0.00,0.00,0.000,0.000,0.00
1777907388,loop9,0.00,0.00,0.000,0.000,0.00
1777907388,nvme0n1,0.00,0.00,0.000,0.000,0.00
1777907389,loop0,0.00,0.00,0.000,0.000,0.00
1777907389,loop1,0.00,0.00,0.000,0.000,0.00
1777907389,loop10,0.00,0.00,0.000,0.000,0.00
1777907389,loop11,0.00,0.00,0.000,0.000,0.00
1777907389,loop12,0.00,0.00,0.000,0.000,0.00
1777907389,loop13,0.00,0.00,0.000,0.000,0.00
1777907389,loop14,0.00,0.00,0.000,0.000,0.00
1777907389,loop15,0.00,0.00,0.000,0.000,0.00
1777907389,loop16,0.00,0.00,0.000,0.000,0.00
1777907389,loop17,0.00,0.00,0.000,0.000,0.00
1777907389,loop18,0.00,0.00,0.000,0.000,0.00
1777907389,loop19,0.00,0.00,0.000,0.000,0.00
1777907389,loop2,0.00,0.00,0.000,0.000,0.00
1777907389,loop20,0.00,0.00,0.000,0.000,0.00
1777907389,loop21,0.00,0.00,0.000,0.000,0.00
1777907389,loop22,0.00,0.00,0.000,0.000,0.00
1777907389,loop23,0.00,0.00,0.000,0.000,0.00
1777907389,loop24,0.00,0.00,0.000,0.000,0.00
1777907389,loop25,0.00,0.00,0.000,0.000,0.00
1777907389,loop26,0.00,0.00,0.000,0.000,0.00
1777907389,loop27,0.00,0.00,0.000,0.000,0.00
1777907389,loop28,0.00,0.00,0.000,0.000,0.00
1777907389,loop29,0.00,0.00,0.000,0.000,0.00
1777907389,loop3,0.00,0.00,0.000,0.000,0.00
1777907389,loop30,0.00,0.00,0.000,0.000,0.00
1777907389,loop31,0.00,0.00,0.000,0.000,0.00
1777907389,loop32,0.00,0.00,0.000,0.000,0.00
1777907389,loop33,0.00,0.00,0.000,0.000,0.00
1777907389,loop34,0.00,0.00,0.000,0.000,0.00
1777907389,loop35,0.00,0.00,0.000,0.000,0.00
1777907389,loop36,0.00,0.00,0.000,0.000,0.00
1777907389,loop37,0.00,0.00,0.000,0.000,0.00
1777907389,loop38,0.00,0.00,0.000,0.000,0.00
1777907389,loop39,0.00,0.00,0.000,0.000,0.00
1777907389,loop4,0.00,0.00,0.000,0.000,0.00
1777907389,loop40,0.00,0.00,0.000,0.000,0.00
1777907389,loop5,0.00,0.00,0.000,0.000,0.00
1777907389,loop6,0.00,0.00,0.000,0.000,0.00
1777907389,loop7,0.00,0.00,0.000,0.000,0.00
1777907389,loop8,0.00,0.00,0.000,0.000,0.00
1777907389,loop9,0.00,0.00,0.000,0.000,0.00
1777907389,nvme0n1,0.00,0.00,0.000,0.000,5.30
1777907390,loop0,0.00,0.00,0.000,0.000,0.00
1777907390,loop1,0.00,0.00,0.000,0.000,0.00
1777907390,loop10,0.00,0.00,0.000,0.000,0.00
1777907390,loop11,0.00,0.00,0.000,0.000,0.00
1777907390,loop12,0.00,0.00,0.000,0.000,0.00
1777907390,loop13,0.00,0.00,0.000,0.000,0.00
1777907390,loop14,0.00,0.00,0.000,0.000,0.00
1777907390,loop15,0.00,0.00,0.000,0.000,0.00
1777907390,loop16,0.00,0.00,0.000,0.000,0.00
1777907390,loop17,0.00,0.00,0.000,0.000,0.00
1777907390,loop18,0.00,0.00,0.000,0.000,0.00
1777907390,loop19,0.00,0.00,0.000,0.000,0.00
1777907390,loop2,0.00,0.00,0.000,0.000,0.00
1777907390,loop20,0.00,0.00,0.000,0.000,0.00
1777907390,loop21,0.00,0.00,0.000,0.000,0.00
1777907390,loop22,0.00,0.00,0.000,0.000,0.00
1777907390,loop23,0.00,0.00,0.000,0.000,0.00
1777907390,loop24,0.00,0.00,0.000,0.000,0.00
1777907390,loop25,0.00,0.00,0.000,0.000,0.00
1777907390,loop26,0.00,0.00,0.000,0.000,0.00
1777907390,loop27,0.00,0.00,0.000,0.000,0.00
1777907390,loop28,0.00,0.00,0.000,0.000,0.00
1777907390,loop29,0.00,0.00,0.000,0.000,0.00
1777907390,loop3,0.00,0.00,0.000,0.000,0.00
1777907390,loop30,0.00,0.00,0.000,0.000,0.00
1777907390,loop31,0.00,0.00,0.000,0.000,0.00
1777907390,loop32,0.00,0.00,0.000,0.000,0.00
1777907390,loop33,0.00,0.00,0.000,0.000,0.00
1777907390,loop34,0.00,0.00,0.000,0.000,0.00
1777907390,loop35,0.00,0.00,0.000,0.000,0.00
1777907390,loop36,0.00,0.00,0.000,0.000,0.00
1777907390,loop37,0.00,0.00,0.000,0.000,0.00
1777907390,loop38,0.00,0.00,0.000,0.000,0.00
1777907390,loop39,0.00,0.00,0.000,0.000,0.00
1777907390,loop4,0.00,0.00,0.000,0.000,0.00
1777907390,loop40,0.00,0.00,0.000,0.000,0.00
1777907390,loop5,0.00,0.00,0.000,0.000,0.00
1777907390,loop6,0.00,0.00,0.000,0.000,0.00
1777907390,loop7,0.00,0.00,0.000,0.000,0.00
1777907390,loop8,0.00,0.00,0.000,0.000,0.00
1777907390,loop9,0.00,0.00,0.000,0.000,0.00
1777907390,nvme0n1,0.00,0.00,0.000,0.000,0.60
1777907391,loop0,0.00,0.00,0.000,0.000,0.00
1777907391,loop1,0.00,0.00,0.000,0.000,0.00
1777907391,loop10,0.00,0.00,0.000,0.000,0.00
1777907391,loop11,0.00,0.00,0.000,0.000,0.00
1777907391,loop12,0.00,0.00,0.000,0.000,0.00
1777907391,loop13,0.00,0.00,0.000,0.000,0.00
1777907391,loop14,0.00,0.00,0.000,0.000,0.00
1777907391,loop15,0.00,0.00,0.000,0.000,0.00
1777907391,loop16,0.00,0.00,0.000,0.000,0.00
1777907391,loop17,0.00,0.00,0.000,0.000,0.00
1777907391,loop18,0.00,0.00,0.000,0.000,0.00
1777907391,loop19,0.00,0.00,0.000,0.000,0.00
1777907391,loop2,0.00,0.00,0.000,0.000,0.00
1777907391,loop20,0.00,0.00,0.000,0.000,0.00
1777907391,loop21,0.00,0.00,0.000,0.000,0.00
1777907391,loop22,0.00,0.00,0.000,0.000,0.00
1777907391,loop23,0.00,0.00,0.000,0.000,0.00
1777907391,loop24,0.00,0.00,0.000,0.000,0.00
1777907391,loop25,0.00,0.00,0.000,0.000,0.00
1777907391,loop26,0.00,0.00,0.000,0.000,0.00
1777907391,loop27,0.00,0.00,0.000,0.000,0.00
1777907391,loop28,0.00,0.00,0.000,0.000,0.00
1777907391,loop29,0.00,0.00,0.000,0.000,0.00
1777907391,loop3,0.00,0.00,0.000,0.000,0.00
1777907391,loop30,0.00,0.00,0.000,0.000,0.00
1777907391,loop31,0.00,0.00,0.000,0.000,0.00
1777907391,loop32,0.00,0.00,0.000,0.000,0.00
1777907391,loop33,0.00,0.00,0.000,0.000,0.00
1777907391,loop34,0.00,0.00,0.000,0.000,0.00
1777907391,loop35,0.00,0.00,0.000,0.000,0.00
1777907391,loop36,0.00,0.00,0.000,0.000,0.00
1777907391,loop37,0.00,0.00,0.000,0.000,0.00
1777907391,loop38,0.00,0.00,0.000,0.000,0.00
1777907391,loop39,0.00,0.00,0.000,0.000,0.00
1777907391,loop4,0.00,0.00,0.000,0.000,0.00
1777907391,loop40,0.00,0.00,0.000,0.000,0.00
1777907391,loop5,0.00,0.00,0.000,0.000,0.00
1777907391,loop6,0.00,0.00,0.000,0.000,0.00
1777907391,loop7,0.00,0.00,0.000,0.000,0.00
1777907391,loop8,0.00,0.00,0.000,0.000,0.00
1777907391,loop9,0.00,0.00,0.000,0.000,0.00
1777907391,nvme0n1,0.00,0.00,0.000,0.000,0.00
1777907392,loop0,0.00,0.00,0.000,0.000,0.00
1777907392,loop1,0.00,0.00,0.000,0.000,0.00
1777907392,loop10,0.00,0.00,0.000,0.000,0.00
1777907392,loop11,0.00,0.00,0.000,0.000,0.00
1777907392,loop12,0.00,0.00,0.000,0.000,0.00
1777907392,loop13,0.00,0.00,0.000,0.000,0.00
1777907392,loop14,0.00,0.00,0.000,0.000,0.00
1777907392,loop15,0.00,0.00,0.000,0.000,0.00
1777907392,loop16,0.00,0.00,0.000,0.000,0.00
1777907392,loop17,0.00,0.00,0.000,0.000,0.00
1777907392,loop18,0.00,0.00,0.000,0.000,0.00
1777907392,loop19,0.00,0.00,0.000,0.000,0.00
1777907392,loop2,0.00,0.00,0.000,0.000,0.00
1777907392,loop20,0.00,0.00,0.000,0.000,0.00
1777907392,loop21,0.00,0.00,0.000,0.000,0.00
1777907392,loop22,0.00,0.00,0.000,0.000,0.00
1777907392,loop23,0.00,0.00,0.000,0.000,0.00
1777907392,loop24,0.00,0.00,0.000,0.000,0.00
1777907392,loop25,0.00,0.00,0.000,0.000,0.00
1777907392,loop26,0.00,0.00,0.000,0.000,0.00
1777907392,loop27,0.00,0.00,0.000,0.000,0.00
1777907392,loop28,0.00,0.00,0.000,0.000,0.00
1777907392,loop29,0.00,0.00,0.000,0.000,0.00
1777907392,loop3,0.00,0.00,0.000,0.000,0.00
1777907392,loop30,0.00,0.00,0.000,0.000,0.00
1777907392,loop31,0.00,0.00,0.000,0.000,0.00
1777907392,loop32,0.00,0.00,0.000,0.000,0.00
1777907392,loop33,0.00,0.00,0.000,0.000,0.00
1777907392,loop34,0.00,0.00,0.000,0.000,0.00
1777907392,loop35,0.00,0.00,0.000,0.000,0.00
1777907392,loop36,0.00,0.00,0.000,0.000,0.00
1777907392,loop37,0.00,0.00,0.000,0.000,0.00
1777907392,loop38,0.00,0.00,0.000,0.000,0.00
1777907392,loop39,0.00,0.00,0.000,0.000,0.00
1777907392,loop4,0.00,0.00,0.000,0.000,0.00
1777907392,loop40,0.00,0.00,0.000,0.000,0.00
1777907392,loop5,0.00,0.00,0.000,0.000,0.00
1777907392,loop6,0.00,0.00,0.000,0.000,0.00
1777907392,loop7,0.00,0.00,0.000,0.000,0.00
1777907392,loop8,0.00,0.00,0.000,0.000,0.00
1777907392,loop9,0.00,0.00,0.000,0.000,0.00
1777907392,nvme0n1,0.00,0.00,0.000,0.000,0.00
1777907393,loop0,0.00,0.00,0.000,0.000,0.00
1777907393,loop1,0.00,0.00,0.000,0.000,0.00
1777907393,loop10,0.00,0.00,0.000,0.000,0.00
1777907393,loop11,0.00,0.00,0.000,0.000,0.00
1777907393,loop12,0.00,0.00,0.000,0.000,0.00
1777907393,loop13,0.00,0.00,0.000,0.000,0.00
1777907393,loop14,0.00,0.00,0.000,0.000,0.00
1777907393,loop15,0.00,0.00,0.000,0.000,0.00
1777907393,loop16,0.00,0.00,0.000,0.000,0.00
1777907393,loop17,0.00,0.00,0.000,0.000,0.00
1777907393,loop18,0.00,0.00,0.000,0.000,0.00
1777907393,loop19,0.00,0.00,0.000,0.000,0.00
1777907393,loop2,0.00,0.00,0.000,0.000,0.00
1777907393,loop20,0.00,0.00,0.000,0.000,0.00
1777907393,loop21,0.00,0.00,0.000,0.000,0.00
1777907393,loop22,0.00,0.00,0.000,0.000,0.00
1777907393,loop23,0.00,0.00,0.000,0.000,0.00
1777907393,loop24,0.00,0.00,0.000,0.000,0.00
1777907393,loop25,0.00,0.00,0.000,0.000,0.00
1777907393,loop26,0.00,0.00,0.000,0.000,0.00
1777907393,loop27,0.00,0.00,0.000,0.000,0.00
1777907393,loop28,0.00,0.00,0.000,0.000,0.00
1777907393,loop29,0.00,0.00,0.000,0.000,0.00
1777907393,loop3,0.00,0.00,0.000,0.000,0.00
1777907393,loop30,0.00,0.00,0.000,0.000,0.00
1777907393,loop31,0.00,0.00,0.000,0.000,0.00
1777907393,loop32,0.00,0.00,0.000,0.000,0.00
1777907393,loop33,0.00,0.00,0.000,0.000,0.00
1777907393,loop34,0.00,0.00,0.000,0.000,0.00
1777907393,loop35,0.00,0.00,0.000,0.000,0.00
1777907393,loop36,0.00,0.00,0.000,0.000,0.00
1777907393,loop37,0.00,0.00,0.000,0.000,0.00
1777907393,loop38,0.00,0.00,0.000,0.000,0.00
1777907393,loop39,0.00,0.00,0.000,0.000,0.00
1777907393,loop4,0.00,0.00,0.000,0.000,0.00
1777907393,loop40,0.00,0.00,0.000,0.000,0.00
1777907393,loop5,0.00,0.00,0.000,0.000,0.00
1777907393,loop6,0.00,0.00,0.000,0.000,0.00
1777907393,loop7,0.00,0.00,0.000,0.000,0.00
1777907393,loop8,0.00,0.00,0.000,0.000,0.00
1777907393,loop9,0.00,0.00,0.000,0.000,0.00
1777907393,nvme0n1,0.00,0.00,0.000,0.000,0.00
1777907394,loop0,0.00,0.00,0.000,0.000,0.00
1777907394,loop1,0.00,0.00,0.000,0.000,0.00
1777907394,loop10,0.00,0.00,0.000,0.000,0.00
1777907394,loop11,0.00,0.00,0.000,0.000,0.00
1777907394,loop12,0.00,0.00,0.000,0.000,0.00
1777907394,loop13,0.00,0.00,0.000,0.000,0.00
1777907394,loop14,0.00,0.00,0.000,0.000,0.00
1777907394,loop15,0.00,0.00,0.000,0.000,0.00
1777907394,loop16,0.00,0.00,0.000,0.000,0.00
1777907394,loop17,0.00,0.00,0.000,0.000,0.00
1777907394,loop18,0.00,0.00,0.000,0.000,0.00
1777907394,loop19,0.00,0.00,0.000,0.000,0.00
1777907394,loop2,0.00,0.00,0.000,0.000,0.00
1777907394,loop20,0.00,0.00,0.000,0.000,0.00
1777907394,loop21,0.00,0.00,0.000,0.000,0.00
1777907394,loop22,0.00,0.00,0.000,0.000,0.00
1777907394,loop23,0.00,0.00,0.000,0.000,0.00
1777907394,loop24,0.00,0.00,0.000,0.000,0.00
1777907394,loop25,0.00,0.00,0.000,0.000,0.00
1777907394,loop26,0.00,0.00,0.000,0.000,0.00
1777907394,loop27,0.00,0.00,0.000,0.000,0.00
1777907394,loop28,0.00,0.00,0.000,0.000,0.00
1777907394,loop29,0.00,0.00,0.000,0.000,0.00
1777907394,loop3,0.00,0.00,0.000,0.000,0.00
1777907394,loop30,0.00,0.00,0.000,0.000,0.00
1777907394,loop31,0.00,0.00,0.000,0.000,0.00
1777907394,loop32,0.00,0.00,0.000,0.000,0.00
1777907394,loop33,0.00,0.00,0.000,0.000,0.00
1777907394,loop34,0.00,0.00,0.000,0.000,0.00
1777907394,loop35,0.00,0.00,0.000,0.000,0.00
1777907394,loop36,0.00,0.00,0.000,0.000,0.00
1777907394,loop37,0.00,0.00,0.000,0.000,0.00
1777907394,loop38,0.00,0.00,0.000,0.000,0.00
1777907394,loop39,0.00,0.00,0.000,0.000,0.00
1777907394,loop4,0.00,0.00,0.000,0.000,0.00
1777907394,loop40,0.00,0.00,0.000,0.000,0.00
1777907394,loop5,0.00,0.00,0.000,0.000,0.00
1777907394,loop6,0.00,0.00,0.000,0.000,0.00
1777907394,loop7,0.00,0.00,0.000,0.000,0.00
1777907394,loop8,0.00,0.00,0.000,0.000,0.00
1777907394,loop9,0.00,0.00,0.000,0.000,0.00
1777907394,nvme0n1,0.00,0.00,0.000,0.000,0.00
1777907395,loop0,0.00,0.00,0.000,0.000,0.00
1777907395,loop1,0.00,0.00,0.000,0.000,0.00
1777907395,loop10,0.00,0.00,0.000,0.000,0.00
1777907395,loop11,0.00,0.00,0.000,0.000,0.00
1777907395,loop12,0.00,0.00,0.000,0.000,0.00
1777907395,loop13,0.00,0.00,0.000,0.000,0.00
1777907395,loop14,0.00,0.00,0.000,0.000,0.00
1777907395,loop15,0.00,0.00,0.000,0.000,0.00
1777907395,loop16,0.00,0.00,0.000,0.000,0.00
1777907395,loop17,0.00,0.00,0.000,0.000,0.00
1777907395,loop18,0.00,0.00,0.000,0.000,0.00
1777907395,loop19,0.00,0.00,0.000,0.000,0.00
1777907395,loop2,0.00,0.00,0.000,0.000,0.00
1777907395,loop20,0.00,0.00,0.000,0.000,0.00
1777907395,loop21,0.00,0.00,0.000,0.000,0.00
1777907395,loop22,0.00,0.00,0.000,0.000,0.00
1777907395,loop23,0.00,0.00,0.000,0.000,0.00
1777907395,loop24,0.00,0.00,0.000,0.000,0.00
1777907395,loop25,0.00,0.00,0.000,0.000,0.00
1777907395,loop26,0.00,0.00,0.000,0.000,0.00
1777907395,loop27,0.00,0.00,0.000,0.000,0.00
1777907395,loop28,0.00,0.00,0.000,0.000,0.00
1777907395,loop29,0.00,0.00,0.000,0.000,0.00
1777907395,loop3,0.00,0.00,0.000,0.000,0.00
1777907395,loop30,0.00,0.00,0.000,0.000,0.00
1777907395,loop31,0.00,0.00,0.000,0.000,0.00
1777907395,loop32,0.00,0.00,0.000,0.000,0.00
1777907395,loop33,0.00,0.00,0.000,0.000,0.00
1777907395,loop34,0.00,0.00,0.000,0.000,0.00
1777907395,loop35,0.00,0.00,0.000,0.000,0.00
1777907395,loop36,0.00,0.00,0.000,0.000,0.00
1777907395,loop37,0.00,0.00,0.000,0.000,0.00
1777907395,loop38,0.00,0.00,0.000,0.000,0.00
1777907395,loop39,0.00,0.00,0.000,0.000,0.00
1777907395,loop4,0.00,0.00,0.000,0.000,0.00
1777907395,loop40,0.00,0.00,0.000,0.000,0.00
1777907395,loop5,0.00,0.00,0.000,0.000,0.00
1777907395,loop6,0.00,0.00,0.000,0.000,0.00
1777907395,loop7,0.00,0.00,0.000,0.000,0.00
1777907395,loop8,0.00,0.00,0.000,0.000,0.00
1777907395,loop9,0.00,0.00,0.000,0.000,0.00
1777907395,nvme0n1,0.00,0.00,0.000,0.000,6.00
1777907396,loop0,0.00,0.00,0.000,0.000,0.00
1777907396,loop1,0.00,0.00,0.000,0.000,0.00
1777907396,loop10,0.00,0.00,0.000,0.000,0.00
1777907396,loop11,0.00,0.00,0.000,0.000,0.00
1777907396,loop12,0.00,0.00,0.000,0.000,0.00
1777907396,loop13,0.00,0.00,0.000,0.000,0.00
1777907396,loop14,0.00,0.00,0.000,0.000,0.00
1777907396,loop15,0.00,0.00,0.000,0.000,0.00
1777907396,loop16,0.00,0.00,0.000,0.000,0.00
1777907396,loop17,0.00,0.00,0.000,0.000,0.00
1777907396,loop18,0.00,0.00,0.000,0.000,0.00
1777907396,loop19,0.00,0.00,0.000,0.000,0.00
1777907396,loop2,0.00,0.00,0.000,0.000,0.00
1777907396,loop20,0.00,0.00,0.000,0.000,0.00
1777907396,loop21,0.00,0.00,0.000,0.000,0.00
1777907396,loop22,0.00,0.00,0.000,0.000,0.00
1777907396,loop23,0.00,0.00,0.000,0.000,0.00
1777907396,loop24,0.00,0.00,0.000,0.000,0.00
1777907396,loop25,0.00,0.00,0.000,0.000,0.00
1777907396,loop26,0.00,0.00,0.000,0.000,0.00
1777907396,loop27,0.00,0.00,0.000,0.000,0.00
1777907396,loop28,0.00,0.00,0.000,0.000,0.00
1777907396,loop29,0.00,0.00,0.000,0.000,0.00
1777907396,loop3,0.00,0.00,0.000,0.000,0.00
1777907396,loop30,0.00,0.00,0.000,0.000,0.00
1777907396,loop31,0.00,0.00,0.000,0.000,0.00
1777907396,loop32,0.00,0.00,0.000,0.000,0.00
1777907396,loop33,0.00,0.00,0.000,0.000,0.00
1777907396,loop34,0.00,0.00,0.000,0.000,0.00
1777907396,loop35,0.00,0.00,0.000,0.000,0.00
1777907396,loop36,0.00,0.00,0.000,0.000,0.00
1777907396,loop37,0.00,0.00,0.000,0.000,0.00
1777907396,loop38,0.00,0.00,0.000,0.000,0.00
1777907396,loop39,0.00,0.00,0.000,0.000,0.00
1777907396,loop4,0.00,0.00,0.000,0.000,0.00
1777907396,loop40,0.00,0.00,0.000,0.000,0.00
1777907396,loop5,0.00,0.00,0.000,0.000,0.00
1777907396,loop6,0.00,0.00,0.000,0.000,0.00
1777907396,loop7,0.00,0.00,0.000,0.000,0.00
1777907396,loop8,0.00,0.00,0.000,0.000,0.00
1777907396,loop9,0.00,0.00,0.000,0.000,0.00
1777907396,nvme0n1,0.00,0.00,0.000,0.000,0.70
1777907397,loop0,0.00,0.00,0.000,0.000,0.00
1777907397,loop1,0.00,0.00,0.000,0.000,0.00
1777907397,loop10,0.00,0.00,0.000,0.000,0.00
1777907397,loop11,0.00,0.00,0.000,0.000,0.00
1777907397,loop12,0.00,0.00,0.000,0.000,0.00
1777907397,loop13,0.00,0.00,0.000,0.000,0.00
1777907397,loop14,0.00,0.00,0.000,0.000,0.00
1777907397,loop15,0.00,0.00,0.000,0.000,0.00
1777907397,loop16,0.00,0.00,0.000,0.000,0.00
1777907397,loop17,0.00,0.00,0.000,0.000,0.00
1777907397,loop18,0.00,0.00,0.000,0.000,0.00
1777907397,loop19,0.00,0.00,0.000,0.000,0.00
1777907397,loop2,0.00,0.00,0.000,0.000,0.00
1777907397,loop20,0.00,0.00,0.000,0.000,0.00
1777907397,loop21,0.00,0.00,0.000,0.000,0.00
1777907397,loop22,0.00,0.00,0.000,0.000,0.00
1777907397,loop23,0.00,0.00,0.000,0.000,0.00
1777907397,loop24,0.00,0.00,0.000,0.000,0.00
1777907397,loop25,0.00,0.00,0.000,0.000,0.00
1777907397,loop26,0.00,0.00,0.000,0.000,0.00
1777907397,loop27,0.00,0.00,0.000,0.000,0.00
1777907397,loop28,0.00,0.00,0.000,0.000,0.00
1777907397,loop29,0.00,0.00,0.000,0.000,0.00
1777907397,loop3,0.00,0.00,0.000,0.000,0.00
1777907397,loop30,0.00,0.00,0.000,0.000,0.00
1777907397,loop31,0.00,0.00,0.000,0.000,0.00
1777907397,loop32,0.00,0.00,0.000,0.000,0.00
1777907397,loop33,0.00,0.00,0.000,0.000,0.00
1777907397,loop34,0.00,0.00,0.000,0.000,0.00
1777907397,loop35,0.00,0.00,0.000,0.000,0.00
1777907397,loop36,0.00,0.00,0.000,0.000,0.00
1777907397,loop37,0.00,0.00,0.000,0.000,0.00
1777907397,loop38,0.00,0.00,0.000,0.000,0.00
1777907397,loop39,0.00,0.00,0.000,0.000,0.00
1777907397,loop4,0.00,0.00,0.000,0.000,0.00
1777907397,loop40,0.00,0.00,0.000,0.000,0.00
1777907397,loop5,0.00,0.00,0.000,0.000,0.00
1777907397,loop6,0.00,0.00,0.000,0.000,0.00
1777907397,loop7,0.00,0.00,0.000,0.000,0.00
1777907397,loop8,0.00,0.00,0.000,0.000,0.00
1777907397,loop9,0.00,0.00,0.000,0.000,0.00
1777907397,nvme0n1,0.00,0.00,0.000,0.000,0.00
1777907398,loop0,0.00,0.00,0.000,0.000,0.00
1777907398,loop1,0.00,0.00,0.000,0.000,0.00
1777907398,loop10,0.00,0.00,0.000,0.000,0.00
1777907398,loop11,0.00,0.00,0.000,0.000,0.00
1777907398,loop12,0.00,0.00,0.000,0.000,0.00
1777907398,loop13,0.00,0.00,0.000,0.000,0.00
1777907398,loop14,0.00,0.00,0.000,0.000,0.00
1777907398,loop15,0.00,0.00,0.000,0.000,0.00
1777907398,loop16,0.00,0.00,0.000,0.000,0.00
1777907398,loop17,0.00,0.00,0.000,0.000,0.00
1777907398,loop18,0.00,0.00,0.000,0.000,0.00
1777907398,loop19,0.00,0.00,0.000,0.000,0.00
1777907398,loop2,0.00,0.00,0.000,0.000,0.00
1777907398,loop20,0.00,0.00,0.000,0.000,0.00
1777907398,loop21,0.00,0.00,0.000,0.000,0.00
1777907398,loop22,0.00,0.00,0.000,0.000,0.00
1777907398,loop23,0.00,0.00,0.000,0.000,0.00
1777907398,loop24,0.00,0.00,0.000,0.000,0.00
1777907398,loop25,0.00,0.00,0.000,0.000,0.00
1777907398,loop26,0.00,0.00,0.000,0.000,0.00
1777907398,loop27,0.00,0.00,0.000,0.000,0.00
1777907398,loop28,0.00,0.00,0.000,0.000,0.00
1777907398,loop29,0.00,0.00,0.000,0.000,0.00
1777907398,loop3,0.00,0.00,0.000,0.000,0.00
1777907398,loop30,0.00,0.00,0.000,0.000,0.00
1777907398,loop31,0.00,0.00,0.000,0.000,0.00
1777907398,loop32,0.00,0.00,0.000,0.000,0.00
1777907398,loop33,0.00,0.00,0.000,0.000,0.00
1777907398,loop34,0.00,0.00,0.000,0.000,0.00
1777907398,loop35,0.00,0.00,0.000,0.000,0.00
1777907398,loop36,0.00,0.00,0.000,0.000,0.00
1777907398,loop37,0.00,0.00,0.000,0.000,0.00
1777907398,loop38,0.00,0.00,0.000,0.000,0.00
1777907398,loop39,0.00,0.00,0.000,0.000,0.00
1777907398,loop4,0.00,0.00,0.000,0.000,0.00
1777907398,loop40,0.00,0.00,0.000,0.000,0.00
1777907398,loop5,0.00,0.00,0.000,0.000,0.00
1777907398,loop6,0.00,0.00,0.000,0.000,0.00
1777907398,loop7,0.00,0.00,0.000,0.000,0.00
1777907398,loop8,0.00,0.00,0.000,0.000,0.00
1777907398,loop9,0.00,0.00,0.000,0.000,0.00
1777907398,nvme0n1,0.00,0.00,0.000,0.000,0.00
1777907399,loop0,0.00,0.00,0.000,0.000,0.00
1777907399,loop1,0.00,0.00,0.000,0.000,0.00
1777907399,loop10,0.00,0.00,0.000,0.000,0.00
1777907399,loop11,0.00,0.00,0.000,0.000,0.00
1777907399,loop12,0.00,0.00,0.000,0.000,0.00
1777907399,loop13,0.00,0.00,0.000,0.000,0.00
1777907399,loop14,0.00,0.00,0.000,0.000,0.00
1777907399,loop15,0.00,0.00,0.000,0.000,0.00
1777907399,loop16,0.00,0.00,0.000,0.000,0.00
1777907399,loop17,0.00,0.00,0.000,0.000,0.00
1777907399,loop18,0.00,0.00,0.000,0.000,0.00
1777907399,loop19,0.00,0.00,0.000,0.000,0.00
1777907399,loop2,0.00,0.00,0.000,0.000,0.00
1777907399,loop20,0.00,0.00,0.000,0.000,0.00
1777907399,loop21,0.00,0.00,0.000,0.000,0.00
1777907399,loop22,0.00,0.00,0.000,0.000,0.00
1777907399,loop23,0.00,0.00,0.000,0.000,0.00
1777907399,loop24,0.00,0.00,0.000,0.000,0.00
1777907399,loop25,0.00,0.00,0.000,0.000,0.00
1777907399,loop26,0.00,0.00,0.000,0.000,0.00
1777907399,loop27,0.00,0.00,0.000,0.000,0.00
1777907399,loop28,0.00,0.00,0.000,0.000,0.00
1777907399,loop29,0.00,0.00,0.000,0.000,0.00
1777907399,loop3,0.00,0.00,0.000,0.000,0.00
1777907399,loop30,0.00,0.00,0.000,0.000,0.00
1777907399,loop31,0.00,0.00,0.000,0.000,0.00
1777907399,loop32,0.00,0.00,0.000,0.000,0.00
1777907399,loop33,0.00,0.00,0.000,0.000,0.00
1777907399,loop34,0.00,0.00,0.000,0.000,0.00
1777907399,loop35,0.00,0.00,0.000,0.000,0.00
1777907399,loop36,0.00,0.00,0.000,0.000,0.00
1777907399,loop37,0.00,0.00,0.000,0.000,0.00
1777907399,loop38,0.00,0.00,0.000,0.000,0.00
1777907399,loop39,0.00,0.00,0.000,0.000,0.00
1777907399,loop4,0.00,0.00,0.000,0.000,0.00
1777907399,loop40,0.00,0.00,0.000,0.000,0.00
1777907399,loop5,0.00,0.00,0.000,0.000,0.00
1777907399,loop6,0.00,0.00,0.000,0.000,0.00
1777907399,loop7,0.00,0.00,0.000,0.000,0.00
1777907399,loop8,0.00,0.00,0.000,0.000,0.00
1777907399,loop9,0.00,0.00,0.000,0.000,0.00
1777907399,nvme0n1,0.00,0.00,0.000,0.000,0.00
1777907400,loop0,0.00,0.00,0.000,0.000,0.00
1777907400,loop1,0.00,0.00,0.000,0.000,0.00
1777907400,loop10,0.00,0.00,0.000,0.000,0.00
1777907400,loop11,0.00,0.00,0.000,0.000,0.00
1777907400,loop12,0.00,0.00,0.000,0.000,0.00
1777907400,loop13,0.00,0.00,0.000,0.000,0.00
1777907400,loop14,0.00,0.00,0.000,0.000,0.00
1777907400,loop15,0.00,0.00,0.000,0.000,0.00
1777907400,loop16,0.00,0.00,0.000,0.000,0.00
1777907400,loop17,0.00,0.00,0.000,0.000,0.00
1777907400,loop18,0.00,0.00,0.000,0.000,0.00
1777907400,loop19,0.00,0.00,0.000,0.000,0.00
1777907400,loop2,0.00,0.00,0.000,0.000,0.00
1777907400,loop20,0.00,0.00,0.000,0.000,0.00
1777907400,loop21,0.00,0.00,0.000,0.000,0.00
1777907400,loop22,0.00,0.00,0.000,0.000,0.00
1777907400,loop23,0.00,0.00,0.000,0.000,0.00
1777907400,loop24,0.00,0.00,0.000,0.000,0.00
1777907400,loop25,0.00,0.00,0.000,0.000,0.00
1777907400,loop26,0.00,0.00,0.000,0.000,0.00
1777907400,loop27,0.00,0.00,0.000,0.000,0.00
1777907400,loop28,0.00,0.00,0.000,0.000,0.00
1777907400,loop29,0.00,0.00,0.000,0.000,0.00
1777907400,loop3,0.00,0.00,0.000,0.000,0.00
1777907400,loop30,0.00,0.00,0.000,0.000,0.00
1777907400,loop31,0.00,0.00,0.000,0.000,0.00
1777907400,loop32,0.00,0.00,0.000,0.000,0.00
1777907400,loop33,0.00,0.00,0.000,0.000,0.00
1777907400,loop34,0.00,0.00,0.000,0.000,0.00
1777907400,loop35,0.00,0.00,0.000,0.000,0.00
1777907400,loop36,0.00,0.00,0.000,0.000,0.00
1777907400,loop37,0.00,0.00,0.000,0.000,0.00
1777907400,loop38,0.00,0.00,0.000,0.000,0.00
1777907400,loop39,0.00,0.00,0.000,0.000,0.00
1777907400,loop4,0.00,0.00,0.000,0.000,0.00
1777907400,loop40,0.00,0.00,0.000,0.000,0.00
1777907400,loop5,0.00,0.00,0.000,0.000,0.00
1777907400,loop6,0.00,0.00,0.000,0.000,0.00
1777907400,loop7,0.00,0.00,0.000,0.000,0.00
1777907400,loop8,0.00,0.00,0.000,0.000,0.00
1777907400,loop9,0.00,0.00,0.000,0.000,0.00
1777907400,nvme0n1,0.00,0.00,0.000,0.000,0.00
1777907401,loop0,0.00,0.00,0.000,0.000,0.00
1777907401,loop1,0.00,0.00,0.000,0.000,0.00
1777907401,loop10,0.00,0.00,0.000,0.000,0.00
1777907401,loop11,0.00,0.00,0.000,0.000,0.00
1777907401,loop12,0.00,0.00,0.000,0.000,0.00
1777907401,loop13,0.00,0.00,0.000,0.000,0.00
1777907401,loop14,0.00,0.00,0.000,0.000,0.00
1777907401,loop15,0.00,0.00,0.000,0.000,0.00
1777907401,loop16,0.00,0.00,0.000,0.000,0.00
1777907401,loop17,0.00,0.00,0.000,0.000,0.00
1777907401,loop18,0.00,0.00,0.000,0.000,0.00
1777907401,loop19,0.00,0.00,0.000,0.000,0.00
1777907401,loop2,0.00,0.00,0.000,0.000,0.00
1777907401,loop20,0.00,0.00,0.000,0.000,0.00
1777907401,loop21,0.00,0.00,0.000,0.000,0.00
1777907401,loop22,0.00,0.00,0.000,0.000,0.00
1777907401,loop23,0.00,0.00,0.000,0.000,0.00
1777907401,loop24,0.00,0.00,0.000,0.000,0.00
1777907401,loop25,0.00,0.00,0.000,0.000,0.00
1777907401,loop26,0.00,0.00,0.000,0.000,0.00
1777907401,loop27,0.00,0.00,0.000,0.000,0.00
1777907401,loop28,0.00,0.00,0.000,0.000,0.00
1777907401,loop29,0.00,0.00,0.000,0.000,0.00
1777907401,loop3,0.00,0.00,0.000,0.000,0.00
1777907401,loop30,0.00,0.00,0.000,0.000,0.00
1777907401,loop31,0.00,0.00,0.000,0.000,0.00
1777907401,loop32,0.00,0.00,0.000,0.000,0.00
1777907401,loop33,0.00,0.00,0.000,0.000,0.00
1777907401,loop34,0.00,0.00,0.000,0.000,0.00
1777907401,loop35,0.00,0.00,0.000,0.000,0.00
1777907401,loop36,0.00,0.00,0.000,0.000,0.00
1777907401,loop37,0.00,0.00,0.000,0.000,0.00
1777907401,loop38,0.00,0.00,0.000,0.000,0.00
1777907401,loop39,0.00,0.00,0.000,0.000,0.00
1777907401,loop4,0.00,0.00,0.000,0.000,0.00
1777907401,loop40,0.00,0.00,0.000,0.000,0.00
1777907401,loop5,0.00,0.00,0.000,0.000,0.00
1777907401,loop6,0.00,0.00,0.000,0.000,0.00
1777907401,loop7,0.00,0.00,0.000,0.000,0.00
1777907401,loop8,0.00,0.00,0.000,0.000,0.00
1777907401,loop9,0.00,0.00,0.000,0.000,0.00
1777907401,nvme0n1,2.00,8.00,0.000,0.000,5.70
