t_unix,device,r_iops,w_iops,r_mb_s,w_mb_s,util_pct
1777903653,loop0,0.00,0.00,0.000,0.000,0.00
1777903653,loop1,0.00,0.00,0.000,0.000,0.00
1777903653,loop10,0.00,0.00,0.000,0.000,0.00
1777903653,loop11,0.00,0.00,0.000,0.000,0.00
1777903653,loop12,0.00,0.00,0.000,0.000,0.00
1777903653,loop13,0.00,0.00,0.000,0.000,0.00
1777903653,loop14,0.00,0.00,0.000,0.000,0.00
1777903653,loop15,0.00,0.00,0.000,0.000,0.00
1777903653,loop16,0.00,0.00,0.000,0.000,0.00
1777903653,loop17,0.00,0.00,0.000,0.000,0.00
1777903653,loop18,0.00,0.00,0.000,0.000,0.00
1777903653,loop19,0.00,0.00,0.000,0.000,0.00
1777903653,loop2,0.00,0.00,0.000,0.000,0.00
1777903653,loop20,0.00,0.00,0.000,0.000,0.00
1777903653,loop21,0.00,0.00,0.000,0.000,0.00
1777903653,loop22,0.00,0.00,0.000,0.000,0.00
1777903653,loop23,0.00,0.00,0.000,0.000,0.00
1777903653,loop24,0.00,0.00,0.000,0.000,0.00
1777903653,loop25,0.00,0.00,0.000,0.000,0.00
1777903653,loop26,0.00,0.00,0.000,0.000,0.00
1777903653,loop27,0.00,0.00,0.000,0.000,0.00
1777903653,loop28,0.00,0.00,0.000,0.000,0.00
1777903653,loop29,0.00,0.00,0.000,0.000,0.00
1777903653,loop3,0.00,0.00,0.000,0.000,0.00
1777903653,loop30,0.00,0.00,0.000,0.000,0.00
1777903653,loop31,0.00,0.00,0.000,0.000,0.00
1777903653,loop32,0.00,0.00,0.000,0.000,0.00
1777903653,loop33,0.00,0.00,0.000,0.000,0.00
1777903653,loop34,0.00,0.00,0.000,0.000,0.00
1777903653,loop35,0.00,0.00,0.000,0.000,0.00
1777903653,loop36,0.00,0.00,0.000,0.000,0.00
1777903653,loop37,0.00,0.00,0.000,0.000,0.00
1777903653,loop38,0.00,0.00,0.000,0.000,0.00
1777903653,loop39,0.00,0.00,0.000,0.000,0.00
1777903653,loop4,0.00,0.00,0.000,0.000,0.00
1777903653,loop40,0.00,0.00,0.000,0.000,0.00
1777903653,loop5,0.00,0.00,0.000,0.000,0.00
1777903653,loop6,0.00,0.00,0.000,0.000,0.00
1777903653,loop7,0.00,0.00,0.000,0.000,0.00
1777903653,loop8,0.00,0.00,0.000,0.000,0.00
1777903653,loop9,0.00,0.00,0.000,0.000,0.00
1777903653,nvme0n1,0.00,0.00,0.000,0.000,0.00
1777903654,loop0,0.00,0.00,0.000,0.000,0.00
1777903654,loop1,0.00,0.00,0.000,0.000,0.00
1777903654,loop10,0.00,0.00,0.000,0.000,0.00
1777903654,loop11,0.00,0.00,0.000,0.000,0.00
1777903654,loop12,0.00,0.00,0.000,0.000,0.00
1777903654,loop13,0.00,0.00,0.000,0.000,0.00
1777903654,loop14,0.00,0.00,0.000,0.000,0.00
1777903654,loop15,0.00,0.00,0.000,0.000,0.00
1777903654,loop16,0.00,0.00,0.000,0.000,0.00
1777903654,loop17,0.00,0.00,0.000,0.000,0.00
1777903654,loop18,0.00,0.00,0.000,0.000,0.00
1777903654,loop19,0.00,0.00,0.000,0.000,0.00
1777903654,loop2,0.00,0.00,0.000,0.000,0.00
1777903654,loop20,0.00,0.00,0.000,0.000,0.00
1777903654,loop21,0.00,0.00,0.000,0.000,0.00
1777903654,loop22,0.00,0.00,0.000,0.000,0.00
1777903654,loop23,0.00,0.00,0.000,0.000,0.00
1777903654,loop24,0.00,0.00,0.000,0.000,0.00
1777903654,loop25,0.00,0.00,0.000,0.000,0.00
1777903654,loop26,0.00,0.00,0.000,0.000,0.00
1777903654,loop27,0.00,0.00,0.000,0.000,0.00
1777903654,loop28,0.00,0.00,0.000,0.000,0.00
1777903654,loop29,0.00,0.00,0.000,0.000,0.00
1777903654,loop3,0.00,0.00,0.000,0.000,0.00
1777903654,loop30,0.00,0.00,0.000,0.000,0.00
1777903654,loop31,0.00,0.00,0.000,0.000,0.00
1777903654,loop32,0.00,0.00,0.000,0.000,0.00
1777903654,loop33,0.00,0.00,0.000,0.000,0.00
1777903654,loop34,0.00,0.00,0.000,0.000,0.00
1777903654,loop35,0.00,0.00,0.000,0.000,0.00
1777903654,loop36,0.00,0.00,0.000,0.000,0.00
1777903654,loop37,0.00,0.00,0.000,0.000,0.00
1777903654,loop38,0.00,0.00,0.000,0.000,0.00
1777903654,loop39,0.00,0.00,0.000,0.000,0.00
1777903654,loop4,0.00,0.00,0.000,0.000,0.00
1777903654,loop40,0.00,0.00,0.000,0.000,0.00
1777903654,loop5,0.00,0.00,0.000,0.000,0.00
1777903654,loop6,0.00,0.00,0.000,0.000,0.00
1777903654,loop7,0.00,0.00,0.000,0.000,0.00
1777903654,loop8,0.00,0.00,0.000,0.000,0.00
1777903654,loop9,0.00,0.00,0.000,0.000,0.00
1777903654,nvme0n1,0.00,0.00,0.000,0.000,0.00
1777903655,loop0,0.00,0.00,0.000,0.000,0.00
1777903655,loop1,0.00,0.00,0.000,0.000,0.00
1777903655,loop10,0.00,0.00,0.000,0.000,0.00
1777903655,loop11,0.00,0.00,0.000,0.000,0.00
1777903655,loop12,0.00,0.00,0.000,0.000,0.00
1777903655,loop13,0.00,0.00,0.000,0.000,0.00
1777903655,loop14,0.00,0.00,0.000,0.000,0.00
1777903655,loop15,0.00,0.00,0.000,0.000,0.00
1777903655,loop16,0.00,0.00,0.000,0.000,0.00
1777903655,loop17,0.00,0.00,0.000,0.000,0.00
1777903655,loop18,0.00,0.00,0.000,0.000,0.00
1777903655,loop19,0.00,0.00,0.000,0.000,0.00
1777903655,loop2,0.00,0.00,0.000,0.000,0.00
1777903655,loop20,0.00,0.00,0.000,0.000,0.00
1777903655,loop21,0.00,0.00,0.000,0.000,0.00
1777903655,loop22,0.00,0.00,0.000,0.000,0.00
1777903655,loop23,0.00,0.00,0.000,0.000,0.00
1777903655,loop24,0.00,0.00,0.000,0.000,0.00
1777903655,loop25,0.00,0.00,0.000,0.000,0.00
1777903655,loop26,0.00,0.00,0.000,0.000,0.00
1777903655,loop27,0.00,0.00,0.000,0.000,0.00
1777903655,loop28,0.00,0.00,0.000,0.000,0.00
1777903655,loop29,0.00,0.00,0.000,0.000,0.00
1777903655,loop3,0.00,0.00,0.000,0.000,0.00
1777903655,loop30,0.00,0.00,0.000,0.000,0.00
1777903655,loop31,0.00,0.00,0.000,0.000,0.00
1777903655,loop32,0.00,0.00,0.000,0.000,0.00
1777903655,loop33,0.00,0.00,0.000,0.000,0.00
1777903655,loop34,0.00,0.00,0.000,0.000,0.00
1777903655,loop35,0.00,0.00,0.000,0.000,0.00
1777903655,loop36,0.00,0.00,0.000,0.000,0.00
1777903655,loop37,0.00,0.00,0.000,0.000,0.00
1777903655,loop38,0.00,0.00,0.000,0.000,0.00
1777903655,loop39,0.00,0.00,0.000,0.000,0.00
1777903655,loop4,0.00,0.00,0.000,0.000,0.00
1777903655,loop40,0.00,0.00,0.000,0.000,0.00
1777903655,loop5,0.00,0.00,0.000,0.000,0.00
1777903655,loop6,0.00,0.00,0.000,0.000,0.00
1777903655,loop7,0.00,0.00,0.000,0.000,0.00
1777903655,loop8,0.00,0.00,0.000,0.000,0.00
1777903655,loop9,0.00,0.00,0.000,0.000,0.00
1777903655,nvme0n1,0.00,0.00,0.000,0.000,5.70
1777903656,loop0,0.00,0.00,0.000,0.000,0.00
1777903656,loop1,0.00,0.00,0.000,0.000,0.00
1777903656,loop10,0.00,0.00,0.000,0.000,0.00
1777903656,loop11,0.00,0.00,0.000,0.000,0.00
1777903656,loop12,0.00,0.00,0.000,0.000,0.00
1777903656,loop13,0.00,0.00,0.000,0.000,0.00
1777903656,loop14,0.00,0.00,0.000,0.000,0.00
1777903656,loop15,0.00,0.00,0.000,0.000,0.00
1777903656,loop16,0.00,0.00,0.000,0.000,0.00
1777903656,loop17,0.00,0.00,0.000,0.000,0.00
1777903656,loop18,0.00,0.00,0.000,0.000,0.00
1777903656,loop19,0.00,0.00,0.000,0.000,0.00
1777903656,loop2,0.00,0.00,0.000,0.000,0.00
1777903656,loop20,0.00,0.00,0.000,0.000,0.00
1777903656,loop21,0.00,0.00,0.000,0.000,0.00
1777903656,loop22,0.00,0.00,0.000,0.000,0.00
1777903656,loop23,0.00,0.00,0.000,0.000,0.00
1777903656,loop24,0.00,0.00,0.000,0.000,0.00
1777903656,loop25,0.00,0.00,0.000,0.000,0.00
1777903656,loop26,0.00,0.00,0.000,0.000,0.00
1777903656,loop27,0.00,0.00,0.000,0.000,0.00
1777903656,loop28,0.00,0.00,0.000,0.000,0.00
1777903656,loop29,0.00,0.00,0.000,0.000,0.00
1777903656,loop3,0.00,0.00,0.000,0.000,0.00
1777903656,loop30,0.00,0.00,0.000,0.000,0.00
1777903656,loop31,0.00,0.00,0.000,0.000,0.00
1777903656,loop32,0.00,0.00,0.000,0.000,0.00
1777903656,loop33,0.00,0.00,0.000,0.000,0.00
1777903656,loop34,0.00,0.00,0.000,0.000,0.00
1777903656,loop35,0.00,0.00,0.000,0.000,0.00
1777903656,loop36,0.00,0.00,0.000,0.000,0.00
1777903656,loop37,0.00,0.00,0.000,0.000,0.00
1777903656,loop38,0.00,0.00,0.000,0.000,0.00
1777903656,loop39,0.00,0.00,0.000,0.000,0.00
1777903656,loop4,0.00,0.00,0.000,0.000,0.00
1777903656,loop40,0.00,0.00,0.000,0.000,0.00
1777903656,loop5,0.00,0.00,0.000,0.000,0.00
1777903656,loop6,0.00,0.00,0.000,0.000,0.00
1777903656,loop7,0.00,0.00,0.000,0.000,0.00
1777903656,loop8,0.00,0.00,0.000,0.000,0.00
1777903656,loop9,0.00,0.00,0.000,0.000,0.00
1777903656,nvme0n1,0.00,0.00,0.000,0.000,0.10
1777903657,loop0,0.00,0.00,0.000,0.000,0.00
1777903657,loop1,0.00,0.00,0.000,0.000,0.00
1777903657,loop10,0.00,0.00,0.000,0.000,0.00
1777903657,loop11,0.00,0.00,0.000,0.000,0.00
1777903657,loop12,0.00,0.00,0.000,0.000,0.00
1777903657,loop13,0.00,0.00,0.000,0.000,0.00
1777903657,loop14,0.00,0.00,0.000,0.000,0.00
1777903657,loop15,0.00,0.00,0.000,0.000,0.00
1777903657,loop16,0.00,0.00,0.000,0.000,0.00
1777903657,loop17,0.00,0.00,0.000,0.000,0.00
1777903657,loop18,0.00,0.00,0.000,0.000,0.00
1777903657,loop19,0.00,0.00,0.000,0.000,0.00
1777903657,loop2,0.00,0.00,0.000,0.000,0.00
1777903657,loop20,0.00,0.00,0.000,0.000,0.00
1777903657,loop21,0.00,0.00,0.000,0.000,0.00
1777903657,loop22,0.00,0.00,0.000,0.000,0.00
1777903657,loop23,0.00,0.00,0.000,0.000,0.00
1777903657,loop24,0.00,0.00,0.000,0.000,0.00
1777903657,loop25,0.00,0.00,0.000,0.000,0.00
1777903657,loop26,0.00,0.00,0.000,0.000,0.00
1777903657,loop27,0.00,0.00,0.000,0.000,0.00
1777903657,loop28,0.00,0.00,0.000,0.000,0.00
1777903657,loop29,0.00,0.00,0.000,0.000,0.00
1777903657,loop3,0.00,0.00,0.000,0.000,0.00
1777903657,loop30,0.00,0.00,0.000,0.000,0.00
1777903657,loop31,0.00,0.00,0.000,0.000,0.00
1777903657,loop32,0.00,0.00,0.000,0.000,0.00
1777903657,loop33,0.00,0.00,0.000,0.000,0.00
1777903657,loop34,0.00,0.00,0.000,0.000,0.00
1777903657,loop35,0.00,0.00,0.000,0.000,0.00
1777903657,loop36,0.00,0.00,0.000,0.000,0.00
1777903657,loop37,0.00,0.00,0.000,0.000,0.00
1777903657,loop38,0.00,0.00,0.000,0.000,0.00
1777903657,loop39,0.00,0.00,0.000,0.000,0.00
1777903657,loop4,0.00,0.00,0.000,0.000,0.00
1777903657,loop40,0.00,0.00,0.000,0.000,0.00
1777903657,loop5,0.00,0.00,0.000,0.000,0.00
1777903657,loop6,0.00,0.00,0.000,0.000,0.00
1777903657,loop7,0.00,0.00,0.000,0.000,0.00
1777903657,loop8,0.00,0.00,0.000,0.000,0.00
1777903657,loop9,0.00,0.00,0.000,0.000,0.00
1777903657,nvme0n1,0.00,0.00,0.000,0.000,0.00
1777903658,loop0,0.00,0.00,0.000,0.000,0.00
1777903658,loop1,0.00,0.00,0.000,0.000,0.00
1777903658,loop10,0.00,0.00,0.000,0.000,0.00
1777903658,loop11,0.00,0.00,0.000,0.000,0.00
1777903658,loop12,0.00,0.00,0.000,0.000,0.00
1777903658,loop13,0.00,0.00,0.000,0.000,0.00
1777903658,loop14,0.00,0.00,0.000,0.000,0.00
1777903658,loop15,0.00,0.00,0.000,0.000,0.00
1777903658,loop16,0.00,0.00,0.000,0.000,0.00
1777903658,loop17,0.00,0.00,0.000,0.000,0.00
1777903658,loop18,0.00,0.00,0.000,0.000,0.00
1777903658,loop19,0.00,0.00,0.000,0.000,0.00
1777903658,loop2,0.00,0.00,0.000,0.000,0.00
1777903658,loop20,0.00,0.00,0.000,0.000,0.00
1777903658,loop21,0.00,0.00,0.000,0.000,0.00
1777903658,loop22,0.00,0.00,0.000,0.000,0.00
1777903658,loop23,0.00,0.00,0.000,0.000,0.00
1777903658,loop24,0.00,0.00,0.000,0.000,0.00
1777903658,loop25,0.00,0.00,0.000,0.000,0.00
1777903658,loop26,0.00,0.00,0.000,0.000,0.00
1777903658,loop27,0.00,0.00,0.000,0.000,0.00
1777903658,loop28,0.00,0.00,0.000,0.000,0.00
1777903658,loop29,0.00,0.00,0.000,0.000,0.00
1777903658,loop3,0.00,0.00,0.000,0.000,0.00
1777903658,loop30,0.00,0.00,0.000,0.000,0.00
1777903658,loop31,0.00,0.00,0.000,0.000,0.00
1777903658,loop32,0.00,0.00,0.000,0.000,0.00
1777903658,loop33,0.00,0.00,0.000,0.000,0.00
1777903658,loop34,0.00,0.00,0.000,0.000,0.00
1777903658,loop35,0.00,0.00,0.000,0.000,0.00
1777903658,loop36,0.00,0.00,0.000,0.000,0.00
1777903658,loop37,0.00,0.00,0.000,0.000,0.00
1777903658,loop38,0.00,0.00,0.000,0.000,0.00
1777903658,loop39,0.00,0.00,0.000,0.000,0.00
1777903658,loop4,0.00,0.00,0.000,0.000,0.00
1777903658,loop40,0.00,0.00,0.000,0.000,0.00
1777903658,loop5,0.00,0.00,0.000,0.000,0.00
1777903658,loop6,0.00,0.00,0.000,0.000,0.00
1777903658,loop7,0.00,0.00,0.000,0.000,0.00
1777903658,loop8,0.00,0.00,0.000,0.000,0.00
1777903658,loop9,0.00,0.00,0.000,0.000,0.00
1777903658,nvme0n1,0.00,0.00,0.000,0.000,0.00
1777903659,loop0,0.00,0.00,0.000,0.000,0.00
1777903659,loop1,0.00,0.00,0.000,0.000,0.00
1777903659,loop10,0.00,0.00,0.000,0.000,0.00
1777903659,loop11,0.00,0.00,0.000,0.000,0.00
1777903659,loop12,0.00,0.00,0.000,0.000,0.00
1777903659,loop13,0.00,0.00,0.000,0.000,0.00
1777903659,loop14,0.00,0.00,0.000,0.000,0.00
1777903659,loop15,0.00,0.00,0.000,0.000,0.00
1777903659,loop16,0.00,0.00,0.000,0.000,0.00
1777903659,loop17,0.00,0.00,0.000,0.000,0.00
1777903659,loop18,0.00,0.00,0.000,0.000,0.00
1777903659,loop19,0.00,0.00,0.000,0.000,0.00
1777903659,loop2,0.00,0.00,0.000,0.000,0.00
1777903659,loop20,0.00,0.00,0.000,0.000,0.00
1777903659,loop21,0.00,0.00,0.000,0.000,0.00
1777903659,loop22,0.00,0.00,0.000,0.000,0.00
1777903659,loop23,0.00,0.00,0.000,0.000,0.00
1777903659,loop24,0.00,0.00,0.000,0.000,0.00
1777903659,loop25,0.00,0.00,0.000,0.000,0.00
1777903659,loop26,0.00,0.00,0.000,0.000,0.00
1777903659,loop27,0.00,0.00,0.000,0.000,0.00
1777903659,loop28,0.00,0.00,0.000,0.000,0.00
1777903659,loop29,0.00,0.00,0.000,0.000,0.00
1777903659,loop3,0.00,0.00,0.000,0.000,0.00
1777903659,loop30,0.00,0.00,0.000,0.000,0.00
1777903659,loop31,0.00,0.00,0.000,0.000,0.00
1777903659,loop32,0.00,0.00,0.000,0.000,0.00
1777903659,loop33,0.00,0.00,0.000,0.000,0.00
1777903659,loop34,0.00,0.00,0.000,0.000,0.00
1777903659,loop35,0.00,0.00,0.000,0.000,0.00
1777903659,loop36,0.00,0.00,0.000,0.000,0.00
1777903659,loop37,0.00,0.00,0.000,0.000,0.00
1777903659,loop38,0.00,0.00,0.000,0.000,0.00
1777903659,loop39,0.00,0.00,0.000,0.000,0.00
1777903659,loop4,0.00,0.00,0.000,0.000,0.00
1777903659,loop40,0.00,0.00,0.000,0.000,0.00
1777903659,loop5,0.00,0.00,0.000,0.000,0.00
1777903659,loop6,0.00,0.00,0.000,0.000,0.00
1777903659,loop7,0.00,0.00,0.000,0.000,0.00
1777903659,loop8,0.00,0.00,0.000,0.000,0.00
1777903659,loop9,0.00,0.00,0.000,0.000,0.00
1777903659,nvme0n1,0.00,0.00,0.000,0.000,0.00
1777903660,loop0,0.00,0.00,0.000,0.000,0.00
1777903660,loop1,0.00,0.00,0.000,0.000,0.00
1777903660,loop10,0.00,0.00,0.000,0.000,0.00
1777903660,loop11,0.00,0.00,0.000,0.000,0.00
1777903660,loop12,0.00,0.00,0.000,0.000,0.00
1777903660,loop13,0.00,0.00,0.000,0.000,0.00
1777903660,loop14,0.00,0.00,0.000,0.000,0.00
1777903660,loop15,0.00,0.00,0.000,0.000,0.00
1777903660,loop16,0.00,0.00,0.000,0.000,0.00
1777903660,loop17,0.00,0.00,0.000,0.000,0.00
1777903660,loop18,0.00,0.00,0.000,0.000,0.00
1777903660,loop19,0.00,0.00,0.000,0.000,0.00
1777903660,loop2,0.00,0.00,0.000,0.000,0.00
1777903660,loop20,0.00,0.00,0.000,0.000,0.00
1777903660,loop21,0.00,0.00,0.000,0.000,0.00
1777903660,loop22,0.00,0.00,0.000,0.000,0.00
1777903660,loop23,0.00,0.00,0.000,0.000,0.00
1777903660,loop24,0.00,0.00,0.000,0.000,0.00
1777903660,loop25,0.00,0.00,0.000,0.000,0.00
1777903660,loop26,0.00,0.00,0.000,0.000,0.00
1777903660,loop27,0.00,0.00,0.000,0.000,0.00
1777903660,loop28,0.00,0.00,0.000,0.000,0.00
1777903660,loop29,0.00,0.00,0.000,0.000,0.00
1777903660,loop3,0.00,0.00,0.000,0.000,0.00
1777903660,loop30,0.00,0.00,0.000,0.000,0.00
1777903660,loop31,0.00,0.00,0.000,0.000,0.00
1777903660,loop32,0.00,0.00,0.000,0.000,0.00
1777903660,loop33,0.00,0.00,0.000,0.000,0.00
1777903660,loop34,0.00,0.00,0.000,0.000,0.00
1777903660,loop35,0.00,0.00,0.000,0.000,0.00
1777903660,loop36,0.00,0.00,0.000,0.000,0.00
1777903660,loop37,0.00,0.00,0.000,0.000,0.00
1777903660,loop38,0.00,0.00,0.000,0.000,0.00
1777903660,loop39,0.00,0.00,0.000,0.000,0.00
1777903660,loop4,0.00,0.00,0.000,0.000,0.00
1777903660,loop40,0.00,0.00,0.000,0.000,0.00
1777903660,loop5,0.00,0.00,0.000,0.000,0.00
1777903660,loop6,0.00,0.00,0.000,0.000,0.00
1777903660,loop7,0.00,0.00,0.000,0.000,0.00
1777903660,loop8,0.00,0.00,0.000,0.000,0.00
1777903660,loop9,0.00,0.00,0.000,0.000,0.00
1777903660,nvme0n1,0.00,0.00,0.000,0.000,5.40
1777903661,loop0,0.00,0.00,0.000,0.000,0.00
1777903661,loop1,0.00,0.00,0.000,0.000,0.00
1777903661,loop10,0.00,0.00,0.000,0.000,0.00
1777903661,loop11,0.00,0.00,0.000,0.000,0.00
1777903661,loop12,0.00,0.00,0.000,0.000,0.00
1777903661,loop13,0.00,0.00,0.000,0.000,0.00
1777903661,loop14,0.00,0.00,0.000,0.000,0.00
1777903661,loop15,0.00,0.00,0.000,0.000,0.00
1777903661,loop16,0.00,0.00,0.000,0.000,0.00
1777903661,loop17,0.00,0.00,0.000,0.000,0.00
1777903661,loop18,0.00,0.00,0.000,0.000,0.00
1777903661,loop19,0.00,0.00,0.000,0.000,0.00
1777903661,loop2,0.00,0.00,0.000,0.000,0.00
1777903661,loop20,0.00,0.00,0.000,0.000,0.00
1777903661,loop21,0.00,0.00,0.000,0.000,0.00
1777903661,loop22,0.00,0.00,0.000,0.000,0.00
1777903661,loop23,0.00,0.00,0.000,0.000,0.00
1777903661,loop24,0.00,0.00,0.000,0.000,0.00
1777903661,loop25,0.00,0.00,0.000,0.000,0.00
1777903661,loop26,0.00,0.00,0.000,0.000,0.00
1777903661,loop27,0.00,0.00,0.000,0.000,0.00
1777903661,loop28,0.00,0.00,0.000,0.000,0.00
1777903661,loop29,0.00,0.00,0.000,0.000,0.00
1777903661,loop3,0.00,0.00,0.000,0.000,0.00
1777903661,loop30,0.00,0.00,0.000,0.000,0.00
1777903661,loop31,0.00,0.00,0.000,0.000,0.00
1777903661,loop32,0.00,0.00,0.000,0.000,0.00
1777903661,loop33,0.00,0.00,0.000,0.000,0.00
1777903661,loop34,0.00,0.00,0.000,0.000,0.00
1777903661,loop35,0.00,0.00,0.000,0.000,0.00
1777903661,loop36,0.00,0.00,0.000,0.000,0.00
1777903661,loop37,0.00,0.00,0.000,0.000,0.00
1777903661,loop38,0.00,0.00,0.000,0.000,0.00
1777903661,loop39,0.00,0.00,0.000,0.000,0.00
1777903661,loop4,0.00,0.00,0.000,0.000,0.00
1777903661,loop40,0.00,0.00,0.000,0.000,0.00
1777903661,loop5,0.00,0.00,0.000,0.000,0.00
1777903661,loop6,0.00,0.00,0.000,0.000,0.00
1777903661,loop7,0.00,0.00,0.000,0.000,0.00
1777903661,loop8,0.00,0.00,0.000,0.000,0.00
1777903661,loop9,0.00,0.00,0.000,0.000,0.00
1777903661,nvme0n1,0.00,0.00,0.000,0.000,1.30
1777903662,loop0,0.00,0.00,0.000,0.000,0.00
1777903662,loop1,0.00,0.00,0.000,0.000,0.00
1777903662,loop10,0.00,0.00,0.000,0.000,0.00
1777903662,loop11,0.00,0.00,0.000,0.000,0.00
1777903662,loop12,0.00,0.00,0.000,0.000,0.00
1777903662,loop13,0.00,0.00,0.000,0.000,0.00
1777903662,loop14,0.00,0.00,0.000,0.000,0.00
1777903662,loop15,0.00,0.00,0.000,0.000,0.00
1777903662,loop16,0.00,0.00,0.000,0.000,0.00
1777903662,loop17,0.00,0.00,0.000,0.000,0.00
1777903662,loop18,0.00,0.00,0.000,0.000,0.00
1777903662,loop19,0.00,0.00,0.000,0.000,0.00
1777903662,loop2,0.00,0.00,0.000,0.000,0.00
1777903662,loop20,0.00,0.00,0.000,0.000,0.00
1777903662,loop21,0.00,0.00,0.000,0.000,0.00
1777903662,loop22,0.00,0.00,0.000,0.000,0.00
1777903662,loop23,0.00,0.00,0.000,0.000,0.00
1777903662,loop24,0.00,0.00,0.000,0.000,0.00
1777903662,loop25,0.00,0.00,0.000,0.000,0.00
1777903662,loop26,0.00,0.00,0.000,0.000,0.00
1777903662,loop27,0.00,0.00,0.000,0.000,0.00
1777903662,loop28,0.00,0.00,0.000,0.000,0.00
1777903662,loop29,0.00,0.00,0.000,0.000,0.00
1777903662,loop3,0.00,0.00,0.000,0.000,0.00
1777903662,loop30,0.00,0.00,0.000,0.000,0.00
1777903662,loop31,0.00,0.00,0.000,0.000,0.00
1777903662,loop32,0.00,0.00,0.000,0.000,0.00
1777903662,loop33,0.00,0.00,0.000,0.000,0.00
1777903662,loop34,0.00,0.00,0.000,0.000,0.00
1777903662,loop35,0.00,0.00,0.000,0.000,0.00
1777903662,loop36,0.00,0.00,0.000,0.000,0.00
1777903662,loop37,0.00,0.00,0.000,0.000,0.00
1777903662,loop38,0.00,0.00,0.000,0.000,0.00
1777903662,loop39,0.00,0.00,0.000,0.000,0.00
1777903662,loop4,0.00,0.00,0.000,0.000,0.00
1777903662,loop40,0.00,0.00,0.000,0.000,0.00
1777903662,loop5,0.00,0.00,0.000,0.000,0.00
1777903662,loop6,0.00,0.00,0.000,0.000,0.00
1777903662,loop7,0.00,0.00,0.000,0.000,0.00
1777903662,loop8,0.00,0.00,0.000,0.000,0.00
1777903662,loop9,0.00,0.00,0.000,0.000,0.00
1777903662,nvme0n1,15.00,72.00,0.003,0.016,0.20
1777903663,loop0,0.00,0.00,0.000,0.000,0.00
1777903663,loop1,0.00,0.00,0.000,0.000,0.00
1777903663,loop10,0.00,0.00,0.000,0.000,0.00
1777903663,loop11,0.00,0.00,0.000,0.000,0.00
1777903663,loop12,0.00,0.00,0.000,0.000,0.00
1777903663,loop13,0.00,0.00,0.000,0.000,0.00
1777903663,loop14,0.00,0.00,0.000,0.000,0.00
1777903663,loop15,0.00,0.00,0.000,0.000,0.00
1777903663,loop16,0.00,0.00,0.000,0.000,0.00
1777903663,loop17,0.00,0.00,0.000,0.000,0.00
1777903663,loop18,0.00,0.00,0.000,0.000,0.00
1777903663,loop19,0.00,0.00,0.000,0.000,0.00
1777903663,loop2,0.00,0.00,0.000,0.000,0.00
1777903663,loop20,0.00,0.00,0.000,0.000,0.00
1777903663,loop21,0.00,0.00,0.000,0.000,0.00
1777903663,loop22,0.00,0.00,0.000,0.000,0.00
1777903663,loop23,0.00,0.00,0.000,0.000,0.00
1777903663,loop24,0.00,0.00,0.000,0.000,0.00
1777903663,loop25,0.00,0.00,0.000,0.000,0.00
1777903663,loop26,0.00,0.00,0.000,0.000,0.00
1777903663,loop27,0.00,0.00,0.000,0.000,0.00
1777903663,loop28,0.00,0.00,0.000,0.000,0.00
1777903663,loop29,0.00,0.00,0.000,0.000,0.00
1777903663,loop3,0.00,0.00,0.000,0.000,0.00
1777903663,loop30,0.00,0.00,0.000,0.000,0.00
1777903663,loop31,0.00,0.00,0.000,0.000,0.00
1777903663,loop32,0.00,0.00,0.000,0.000,0.00
1777903663,loop33,0.00,0.00,0.000,0.000,0.00
1777903663,loop34,0.00,0.00,0.000,0.000,0.00
1777903663,loop35,0.00,0.00,0.000,0.000,0.00
1777903663,loop36,0.00,0.00,0.000,0.000,0.00
1777903663,loop37,0.00,0.00,0.000,0.000,0.00
1777903663,loop38,0.00,0.00,0.000,0.000,0.00
1777903663,loop39,0.00,0.00,0.000,0.000,0.00
1777903663,loop4,0.00,0.00,0.000,0.000,0.00
1777903663,loop40,0.00,0.00,0.000,0.000,0.00
1777903663,loop5,0.00,0.00,0.000,0.000,0.00
1777903663,loop6,0.00,0.00,0.000,0.000,0.00
1777903663,loop7,0.00,0.00,0.000,0.000,0.00
1777903663,loop8,0.00,0.00,0.000,0.000,0.00
1777903663,loop9,0.00,0.00,0.000,0.000,0.00
1777903663,nvme0n1,0.00,0.00,0.000,0.000,0.00
1777903664,loop0,0.00,0.00,0.000,0.000,0.00
1777903664,loop1,0.00,0.00,0.000,0.000,0.00
1777903664,loop10,0.00,0.00,0.000,0.000,0.00
1777903664,loop11,0.00,0.00,0.000,0.000,0.00
1777903664,loop12,0.00,0.00,0.000,0.000,0.00
1777903664,loop13,0.00,0.00,0.000,0.000,0.00
1777903664,loop14,0.00,0.00,0.000,0.000,0.00
1777903664,loop15,0.00,0.00,0.000,0.000,0.00
1777903664,loop16,0.00,0.00,0.000,0.000,0.00
1777903664,loop17,0.00,0.00,0.000,0.000,0.00
1777903664,loop18,0.00,0.00,0.000,0.000,0.00
1777903664,loop19,0.00,0.00,0.000,0.000,0.00
1777903664,loop2,0.00,0.00,0.000,0.000,0.00
1777903664,loop20,0.00,0.00,0.000,0.000,0.00
1777903664,loop21,0.00,0.00,0.000,0.000,0.00
1777903664,loop22,0.00,0.00,0.000,0.000,0.00
1777903664,loop23,0.00,0.00,0.000,0.000,0.00
1777903664,loop24,0.00,0.00,0.000,0.000,0.00
1777903664,loop25,0.00,0.00,0.000,0.000,0.00
1777903664,loop26,0.00,0.00,0.000,0.000,0.00
1777903664,loop27,0.00,0.00,0.000,0.000,0.00
1777903664,loop28,0.00,0.00,0.000,0.000,0.00
1777903664,loop29,0.00,0.00,0.000,0.000,0.00
1777903664,loop3,0.00,0.00,0.000,0.000,0.00
1777903664,loop30,0.00,0.00,0.000,0.000,0.00
1777903664,loop31,0.00,0.00,0.000,0.000,0.00
1777903664,loop32,0.00,0.00,0.000,0.000,0.00
1777903664,loop33,0.00,0.00,0.000,0.000,0.00
1777903664,loop34,0.00,0.00,0.000,0.000,0.00
1777903664,loop35,0.00,0.00,0.000,0.000,0.00
1777903664,loop36,0.00,0.00,0.000,0.000,0.00
1777903664,loop37,0.00,0.00,0.000,0.000,0.00
1777903664,loop38,0.00,0.00,0.000,0.000,0.00
1777903664,loop39,0.00,0.00,0.000,0.000,0.00
1777903664,loop4,0.00,0.00,0.000,0.000,0.00
1777903664,loop40,0.00,0.00,0.000,0.000,0.00
1777903664,loop5,0.00,0.00,0.000,0.000,0.00
1777903664,loop6,0.00,0.00,0.000,0.000,0.00
1777903664,loop7,0.00,0.00,0.000,0.000,0.00
1777903664,loop8,0.00,0.00,0.000,0.000,0.00
1777903664,loop9,0.00,0.00,0.000,0.000,0.00
1777903664,nvme0n1,0.00,0.00,0.000,0.000,0.00
1777903665,loop0,0.00,0.00,0.000,0.000,0.00
1777903665,loop1,0.00,0.00,0.000,0.000,0.00
1777903665,loop10,0.00,0.00,0.000,0.000,0.00
1777903665,loop11,0.00,0.00,0.000,0.000,0.00
1777903665,loop12,0.00,0.00,0.000,0.000,0.00
1777903665,loop13,0.00,0.00,0.000,0.000,0.00
1777903665,loop14,0.00,0.00,0.000,0.000,0.00
1777903665,loop15,0.00,0.00,0.000,0.000,0.00
1777903665,loop16,0.00,0.00,0.000,0.000,0.00
1777903665,loop17,0.00,0.00,0.000,0.000,0.00
1777903665,loop18,0.00,0.00,0.000,0.000,0.00
1777903665,loop19,0.00,0.00,0.000,0.000,0.00
1777903665,loop2,0.00,0.00,0.000,0.000,0.00
1777903665,loop20,0.00,0.00,0.000,0.000,0.00
1777903665,loop21,0.00,0.00,0.000,0.000,0.00
1777903665,loop22,0.00,0.00,0.000,0.000,0.00
1777903665,loop23,0.00,0.00,0.000,0.000,0.00
1777903665,loop24,0.00,0.00,0.000,0.000,0.00
1777903665,loop25,0.00,0.00,0.000,0.000,0.00
1777903665,loop26,0.00,0.00,0.000,0.000,0.00
1777903665,loop27,0.00,0.00,0.000,0.000,0.00
1777903665,loop28,0.00,0.00,0.000,0.000,0.00
1777903665,loop29,0.00,0.00,0.000,0.000,0.00
1777903665,loop3,0.00,0.00,0.000,0.000,0.00
1777903665,loop30,0.00,0.00,0.000,0.000,0.00
1777903665,loop31,0.00,0.00,0.000,0.000,0.00
1777903665,loop32,0.00,0.00,0.000,0.000,0.00
1777903665,loop33,0.00,0.00,0.000,0.000,0.00
1777903665,loop34,0.00,0.00,0.000,0.000,0.00
1777903665,loop35,0.00,0.00,0.000,0.000,0.00
1777903665,loop36,0.00,0.00,0.000,0.000,0.00
1777903665,loop37,0.00,0.00,0.000,0.000,0.00
1777903665,loop38,0.00,0.00,0.000,0.000,0.00
1777903665,loop39,0.00,0.00,0.000,0.000,0.00
1777903665,loop4,0.00,0.00,0.000,0.000,0.00
1777903665,loop40,0.00,0.00,0.000,0.000,0.00
1777903665,loop5,0.00,0.00,0.000,0.000,0.00
1777903665,loop6,0.00,0.00,0.000,0.000,0.00
1777903665,loop7,0.00,0.00,0.000,0.000,0.00
1777903665,loop8,0.00,0.00,0.000,0.000,0.00
1777903665,loop9,0.00,0.00,0.000,0.000,0.00
1777903665,nvme0n1,1.00,4.00,0.000,0.000,0.10
1777903666,loop0,0.00,0.00,0.000,0.000,0.00
1777903666,loop1,0.00,0.00,0.000,0.000,0.00
1777903666,loop10,0.00,0.00,0.000,0.000,0.00
1777903666,loop11,0.00,0.00,0.000,0.000,0.00
1777903666,loop12,0.00,0.00,0.000,0.000,0.00
1777903666,loop13,0.00,0.00,0.000,0.000,0.00
1777903666,loop14,0.00,0.00,0.000,0.000,0.00
1777903666,loop15,0.00,0.00,0.000,0.000,0.00
1777903666,loop16,0.00,0.00,0.000,0.000,0.00
1777903666,loop17,0.00,0.00,0.000,0.000,0.00
1777903666,loop18,0.00,0.00,0.000,0.000,0.00
1777903666,loop19,0.00,0.00,0.000,0.000,0.00
1777903666,loop2,0.00,0.00,0.000,0.000,0.00
1777903666,loop20,0.00,0.00,0.000,0.000,0.00
1777903666,loop21,0.00,0.00,0.000,0.000,0.00
1777903666,loop22,0.00,0.00,0.000,0.000,0.00
1777903666,loop23,0.00,0.00,0.000,0.000,0.00
1777903666,loop24,0.00,0.00,0.000,0.000,0.00
1777903666,loop25,0.00,0.00,0.000,0.000,0.00
1777903666,loop26,0.00,0.00,0.000,0.000,0.00
1777903666,loop27,0.00,0.00,0.000,0.000,0.00
1777903666,loop28,0.00,0.00,0.000,0.000,0.00
1777903666,loop29,0.00,0.00,0.000,0.000,0.00
1777903666,loop3,0.00,0.00,0.000,0.000,0.00
1777903666,loop30,0.00,0.00,0.000,0.000,0.00
1777903666,loop31,0.00,0.00,0.000,0.000,0.00
1777903666,loop32,0.00,0.00,0.000,0.000,0.00
1777903666,loop33,0.00,0.00,0.000,0.000,0.00
1777903666,loop34,0.00,0.00,0.000,0.000,0.00
1777903666,loop35,0.00,0.00,0.000,0.000,0.00
1777903666,loop36,0.00,0.00,0.000,0.000,0.00
1777903666,loop37,0.00,0.00,0.000,0.000,0.00
1777903666,loop38,0.00,0.00,0.000,0.000,0.00
1777903666,loop39,0.00,0.00,0.000,0.000,0.00
1777903666,loop4,0.00,0.00,0.000,0.000,0.00
1777903666,loop40,0.00,0.00,0.000,0.000,0.00
1777903666,loop5,0.00,0.00,0.000,0.000,0.00
1777903666,loop6,0.00,0.00,0.000,0.000,0.00
1777903666,loop7,0.00,0.00,0.000,0.000,0.00
1777903666,loop8,0.00,0.00,0.000,0.000,0.00
1777903666,loop9,0.00,0.00,0.000,0.000,0.00
1777903666,nvme0n1,0.00,0.00,0.000,0.000,0.60
1777903667,loop0,0.00,0.00,0.000,0.000,0.00
1777903667,loop1,0.00,0.00,0.000,0.000,0.00
1777903667,loop10,0.00,0.00,0.000,0.000,0.00
1777903667,loop11,0.00,0.00,0.000,0.000,0.00
1777903667,loop12,0.00,0.00,0.000,0.000,0.00
1777903667,loop13,0.00,0.00,0.000,0.000,0.00
1777903667,loop14,0.00,0.00,0.000,0.000,0.00
1777903667,loop15,0.00,0.00,0.000,0.000,0.00
1777903667,loop16,0.00,0.00,0.000,0.000,0.00
1777903667,loop17,0.00,0.00,0.000,0.000,0.00
1777903667,loop18,0.00,0.00,0.000,0.000,0.00
1777903667,loop19,0.00,0.00,0.000,0.000,0.00
1777903667,loop2,0.00,0.00,0.000,0.000,0.00
1777903667,loop20,0.00,0.00,0.000,0.000,0.00
1777903667,loop21,0.00,0.00,0.000,0.000,0.00
1777903667,loop22,0.00,0.00,0.000,0.000,0.00
1777903667,loop23,0.00,0.00,0.000,0.000,0.00
1777903667,loop24,0.00,0.00,0.000,0.000,0.00
1777903667,loop25,0.00,0.00,0.000,0.000,0.00
1777903667,loop26,0.00,0.00,0.000,0.000,0.00
1777903667,loop27,0.00,0.00,0.000,0.000,0.00
1777903667,loop28,0.00,0.00,0.000,0.000,0.00
1777903667,loop29,0.00,0.00,0.000,0.000,0.00
1777903667,loop3,0.00,0.00,0.000,0.000,0.00
1777903667,loop30,0.00,0.00,0.000,0.000,0.00
1777903667,loop31,0.00,0.00,0.000,0.000,0.00
1777903667,loop32,0.00,0.00,0.000,0.000,0.00
1777903667,loop33,0.00,0.00,0.000,0.000,0.00
1777903667,loop34,0.00,0.00,0.000,0.000,0.00
1777903667,loop35,0.00,0.00,0.000,0.000,0.00
1777903667,loop36,0.00,0.00,0.000,0.000,0.00
1777903667,loop37,0.00,0.00,0.000,0.000,0.00
1777903667,loop38,0.00,0.00,0.000,0.000,0.00
1777903667,loop39,0.00,0.00,0.000,0.000,0.00
1777903667,loop4,0.00,0.00,0.000,0.000,0.00
1777903667,loop40,0.00,0.00,0.000,0.000,0.00
1777903667,loop5,0.00,0.00,0.000,0.000,0.00
1777903667,loop6,0.00,0.00,0.000,0.000,0.00
1777903667,loop7,0.00,0.00,0.000,0.000,0.00
1777903667,loop8,0.00,0.00,0.000,0.000,0.00
1777903667,loop9,0.00,0.00,0.000,0.000,0.00
1777903667,nvme0n1,0.00,0.00,0.000,0.000,0.00
1777903668,loop0,0.00,0.00,0.000,0.000,0.00
1777903668,loop1,0.00,0.00,0.000,0.000,0.00
1777903668,loop10,0.00,0.00,0.000,0.000,0.00
1777903668,loop11,0.00,0.00,0.000,0.000,0.00
1777903668,loop12,0.00,0.00,0.000,0.000,0.00
1777903668,loop13,0.00,0.00,0.000,0.000,0.00
1777903668,loop14,0.00,0.00,0.000,0.000,0.00
1777903668,loop15,0.00,0.00,0.000,0.000,0.00
1777903668,loop16,0.00,0.00,0.000,0.000,0.00
1777903668,loop17,0.00,0.00,0.000,0.000,0.00
1777903668,loop18,0.00,0.00,0.000,0.000,0.00
1777903668,loop19,0.00,0.00,0.000,0.000,0.00
1777903668,loop2,0.00,0.00,0.000,0.000,0.00
1777903668,loop20,0.00,0.00,0.000,0.000,0.00
1777903668,loop21,0.00,0.00,0.000,0.000,0.00
1777903668,loop22,0.00,0.00,0.000,0.000,0.00
1777903668,loop23,0.00,0.00,0.000,0.000,0.00
1777903668,loop24,0.00,0.00,0.000,0.000,0.00
1777903668,loop25,0.00,0.00,0.000,0.000,0.00
1777903668,loop26,0.00,0.00,0.000,0.000,0.00
1777903668,loop27,0.00,0.00,0.000,0.000,0.00
1777903668,loop28,0.00,0.00,0.000,0.000,0.00
1777903668,loop29,0.00,0.00,0.000,0.000,0.00
1777903668,loop3,0.00,0.00,0.000,0.000,0.00
1777903668,loop30,0.00,0.00,0.000,0.000,0.00
1777903668,loop31,0.00,0.00,0.000,0.000,0.00
1777903668,loop32,0.00,0.00,0.000,0.000,0.00
1777903668,loop33,0.00,0.00,0.000,0.000,0.00
1777903668,loop34,0.00,0.00,0.000,0.000,0.00
1777903668,loop35,0.00,0.00,0.000,0.000,0.00
1777903668,loop36,0.00,0.00,0.000,0.000,0.00
1777903668,loop37,0.00,0.00,0.000,0.000,0.00
1777903668,loop38,0.00,0.00,0.000,0.000,0.00
1777903668,loop39,0.00,0.00,0.000,0.000,0.00
1777903668,loop4,0.00,0.00,0.000,0.000,0.00
1777903668,loop40,0.00,0.00,0.000,0.000,0.00
1777903668,loop5,0.00,0.00,0.000,0.000,0.00
1777903668,loop6,0.00,0.00,0.000,0.000,0.00
1777903668,loop7,0.00,0.00,0.000,0.000,0.00
1777903668,loop8,0.00,0.00,0.000,0.000,0.00
1777903668,loop9,0.00,0.00,0.000,0.000,0.00
1777903668,nvme0n1,18.00,80.00,0.002,0.010,0.90
1777903669,loop0,0.00,0.00,0.000,0.000,0.00
1777903669,loop1,0.00,0.00,0.000,0.000,0.00
1777903669,loop10,0.00,0.00,0.000,0.000,0.00
1777903669,loop11,0.00,0.00,0.000,0.000,0.00
1777903669,loop12,0.00,0.00,0.000,0.000,0.00
1777903669,loop13,0.00,0.00,0.000,0.000,0.00
1777903669,loop14,0.00,0.00,0.000,0.000,0.00
1777903669,loop15,0.00,0.00,0.000,0.000,0.00
1777903669,loop16,0.00,0.00,0.000,0.000,0.00
1777903669,loop17,0.00,0.00,0.000,0.000,0.00
1777903669,loop18,0.00,0.00,0.000,0.000,0.00
1777903669,loop19,0.00,0.00,0.000,0.000,0.00
1777903669,loop2,0.00,0.00,0.000,0.000,0.00
1777903669,loop20,0.00,0.00,0.000,0.000,0.00
1777903669,loop21,0.00,0.00,0.000,0.000,0.00
1777903669,loop22,0.00,0.00,0.000,0.000,0.00
1777903669,loop23,0.00,0.00,0.000,0.000,0.00
1777903669,loop24,0.00,0.00,0.000,0.000,0.00
1777903669,loop25,0.00,0.00,0.000,0.000,0.00
1777903669,loop26,0.00,0.00,0.000,0.000,0.00
1777903669,loop27,0.00,0.00,0.000,0.000,0.00
1777903669,loop28,0.00,0.00,0.000,0.000,0.00
1777903669,loop29,0.00,0.00,0.000,0.000,0.00
1777903669,loop3,0.00,0.00,0.000,0.000,0.00
1777903669,loop30,0.00,0.00,0.000,0.000,0.00
1777903669,loop31,0.00,0.00,0.000,0.000,0.00
1777903669,loop32,0.00,0.00,0.000,0.000,0.00
1777903669,loop33,0.00,0.00,0.000,0.000,0.00
1777903669,loop34,0.00,0.00,0.000,0.000,0.00
1777903669,loop35,0.00,0.00,0.000,0.000,0.00
1777903669,loop36,0.00,0.00,0.000,0.000,0.00
1777903669,loop37,0.00,0.00,0.000,0.000,0.00
1777903669,loop38,0.00,0.00,0.000,0.000,0.00
1777903669,loop39,0.00,0.00,0.000,0.000,0.00
1777903669,loop4,0.00,0.00,0.000,0.000,0.00
1777903669,loop40,0.00,0.00,0.000,0.000,0.00
1777903669,loop5,0.00,0.00,0.000,0.000,0.00
1777903669,loop6,0.00,0.00,0.000,0.000,0.00
1777903669,loop7,0.00,0.00,0.000,0.000,0.00
1777903669,loop8,0.00,0.00,0.000,0.000,0.00
1777903669,loop9,0.00,0.00,0.000,0.000,0.00
1777903669,nvme0n1,0.00,0.00,0.000,0.000,0.00
1777903670,loop0,0.00,0.00,0.000,0.000,0.00
1777903670,loop1,0.00,0.00,0.000,0.000,0.00
1777903670,loop10,0.00,0.00,0.000,0.000,0.00
1777903670,loop11,0.00,0.00,0.000,0.000,0.00
1777903670,loop12,0.00,0.00,0.000,0.000,0.00
1777903670,loop13,0.00,0.00,0.000,0.000,0.00
1777903670,loop14,0.00,0.00,0.000,0.000,0.00
1777903670,loop15,0.00,0.00,0.000,0.000,0.00
1777903670,loop16,0.00,0.00,0.000,0.000,0.00
1777903670,loop17,0.00,0.00,0.000,0.000,0.00
1777903670,loop18,0.00,0.00,0.000,0.000,0.00
1777903670,loop19,0.00,0.00,0.000,0.000,0.00
1777903670,loop2,0.00,0.00,0.000,0.000,0.00
1777903670,loop20,0.00,0.00,0.000,0.000,0.00
1777903670,loop21,0.00,0.00,0.000,0.000,0.00
1777903670,loop22,0.00,0.00,0.000,0.000,0.00
1777903670,loop23,0.00,0.00,0.000,0.000,0.00
1777903670,loop24,0.00,0.00,0.000,0.000,0.00
1777903670,loop25,0.00,0.00,0.000,0.000,0.00
1777903670,loop26,0.00,0.00,0.000,0.000,0.00
1777903670,loop27,0.00,0.00,0.000,0.000,0.00
1777903670,loop28,0.00,0.00,0.000,0.000,0.00
1777903670,loop29,0.00,0.00,0.000,0.000,0.00
1777903670,loop3,0.00,0.00,0.000,0.000,0.00
1777903670,loop30,0.00,0.00,0.000,0.000,0.00
1777903670,loop31,0.00,0.00,0.000,0.000,0.00
1777903670,loop32,0.00,0.00,0.000,0.000,0.00
1777903670,loop33,0.00,0.00,0.000,0.000,0.00
1777903670,loop34,0.00,0.00,0.000,0.000,0.00
1777903670,loop35,0.00,0.00,0.000,0.000,0.00
1777903670,loop36,0.00,0.00,0.000,0.000,0.00
1777903670,loop37,0.00,0.00,0.000,0.000,0.00
1777903670,loop38,0.00,0.00,0.000,0.000,0.00
1777903670,loop39,0.00,0.00,0.000,0.000,0.00
1777903670,loop4,0.00,0.00,0.000,0.000,0.00
1777903670,loop40,0.00,0.00,0.000,0.000,0.00
1777903670,loop5,0.00,0.00,0.000,0.000,0.00
1777903670,loop6,0.00,0.00,0.000,0.000,0.00
1777903670,loop7,0.00,0.00,0.000,0.000,0.00
1777903670,loop8,0.00,0.00,0.000,0.000,0.00
1777903670,loop9,0.00,0.00,0.000,0.000,0.00
1777903670,nvme0n1,3.00,12.00,0.000,0.000,0.10
1777903671,loop0,0.00,0.00,0.000,0.000,0.00
1777903671,loop1,0.00,0.00,0.000,0.000,0.00
1777903671,loop10,0.00,0.00,0.000,0.000,0.00
1777903671,loop11,0.00,0.00,0.000,0.000,0.00
1777903671,loop12,0.00,0.00,0.000,0.000,0.00
1777903671,loop13,0.00,0.00,0.000,0.000,0.00
1777903671,loop14,0.00,0.00,0.000,0.000,0.00
1777903671,loop15,0.00,0.00,0.000,0.000,0.00
1777903671,loop16,0.00,0.00,0.000,0.000,0.00
1777903671,loop17,0.00,0.00,0.000,0.000,0.00
1777903671,loop18,0.00,0.00,0.000,0.000,0.00
1777903671,loop19,0.00,0.00,0.000,0.000,0.00
1777903671,loop2,0.00,0.00,0.000,0.000,0.00
1777903671,loop20,0.00,0.00,0.000,0.000,0.00
1777903671,loop21,0.00,0.00,0.000,0.000,0.00
1777903671,loop22,0.00,0.00,0.000,0.000,0.00
1777903671,loop23,0.00,0.00,0.000,0.000,0.00
1777903671,loop24,0.00,0.00,0.000,0.000,0.00
1777903671,loop25,0.00,0.00,0.000,0.000,0.00
1777903671,loop26,0.00,0.00,0.000,0.000,0.00
1777903671,loop27,0.00,0.00,0.000,0.000,0.00
1777903671,loop28,0.00,0.00,0.000,0.000,0.00
1777903671,loop29,0.00,0.00,0.000,0.000,0.00
1777903671,loop3,0.00,0.00,0.000,0.000,0.00
1777903671,loop30,0.00,0.00,0.000,0.000,0.00
1777903671,loop31,0.00,0.00,0.000,0.000,0.00
1777903671,loop32,0.00,0.00,0.000,0.000,0.00
1777903671,loop33,0.00,0.00,0.000,0.000,0.00
1777903671,loop34,0.00,0.00,0.000,0.000,0.00
1777903671,loop35,0.00,0.00,0.000,0.000,0.00
1777903671,loop36,0.00,0.00,0.000,0.000,0.00
1777903671,loop37,0.00,0.00,0.000,0.000,0.00
1777903671,loop38,0.00,0.00,0.000,0.000,0.00
1777903671,loop39,0.00,0.00,0.000,0.000,0.00
1777903671,loop4,0.00,0.00,0.000,0.000,0.00
1777903671,loop40,0.00,0.00,0.000,0.000,0.00
1777903671,loop5,0.00,0.00,0.000,0.000,0.00
1777903671,loop6,0.00,0.00,0.000,0.000,0.00
1777903671,loop7,0.00,0.00,0.000,0.000,0.00
1777903671,loop8,0.00,0.00,0.000,0.000,0.00
1777903671,loop9,0.00,0.00,0.000,0.000,0.00
1777903671,nvme0n1,0.00,0.00,0.000,0.000,0.00
1777903672,loop0,0.00,0.00,0.000,0.000,0.00
1777903672,loop1,0.00,0.00,0.000,0.000,0.00
1777903672,loop10,0.00,0.00,0.000,0.000,0.00
1777903672,loop11,0.00,0.00,0.000,0.000,0.00
1777903672,loop12,0.00,0.00,0.000,0.000,0.00
1777903672,loop13,0.00,0.00,0.000,0.000,0.00
1777903672,loop14,0.00,0.00,0.000,0.000,0.00
1777903672,loop15,0.00,0.00,0.000,0.000,0.00
1777903672,loop16,0.00,0.00,0.000,0.000,0.00
1777903672,loop17,0.00,0.00,0.000,0.000,0.00
1777903672,loop18,0.00,0.00,0.000,0.000,0.00
1777903672,loop19,0.00,0.00,0.000,0.000,0.00
1777903672,loop2,0.00,0.00,0.000,0.000,0.00
1777903672,loop20,0.00,0.00,0.000,0.000,0.00
1777903672,loop21,0.00,0.00,0.000,0.000,0.00
1777903672,loop22,0.00,0.00,0.000,0.000,0.00
1777903672,loop23,0.00,0.00,0.000,0.000,0.00
1777903672,loop24,0.00,0.00,0.000,0.000,0.00
1777903672,loop25,0.00,0.00,0.000,0.000,0.00
1777903672,loop26,0.00,0.00,0.000,0.000,0.00
1777903672,loop27,0.00,0.00,0.000,0.000,0.00
1777903672,loop28,0.00,0.00,0.000,0.000,0.00
1777903672,loop29,0.00,0.00,0.000,0.000,0.00
1777903672,loop3,0.00,0.00,0.000,0.000,0.00
1777903672,loop30,0.00,0.00,0.000,0.000,0.00
1777903672,loop31,0.00,0.00,0.000,0.000,0.00
1777903672,loop32,0.00,0.00,0.000,0.000,0.00
1777903672,loop33,0.00,0.00,0.000,0.000,0.00
1777903672,loop34,0.00,0.00,0.000,0.000,0.00
1777903672,loop35,0.00,0.00,0.000,0.000,0.00
1777903672,loop36,0.00,0.00,0.000,0.000,0.00
1777903672,loop37,0.00,0.00,0.000,0.000,0.00
1777903672,loop38,0.00,0.00,0.000,0.000,0.00
1777903672,loop39,0.00,0.00,0.000,0.000,0.00
1777903672,loop4,0.00,0.00,0.000,0.000,0.00
1777903672,loop40,0.00,0.00,0.000,0.000,0.00
1777903672,loop5,0.00,0.00,0.000,0.000,0.00
1777903672,loop6,0.00,0.00,0.000,0.000,0.00
1777903672,loop7,0.00,0.00,0.000,0.000,0.00
1777903672,loop8,0.00,0.00,0.000,0.000,0.00
1777903672,loop9,0.00,0.00,0.000,0.000,0.00
1777903672,nvme0n1,0.00,0.00,0.000,0.000,0.90
1777903673,loop0,0.00,0.00,0.000,0.000,0.00
1777903673,loop1,0.00,0.00,0.000,0.000,0.00
1777903673,loop10,0.00,0.00,0.000,0.000,0.00
1777903673,loop11,0.00,0.00,0.000,0.000,0.00
1777903673,loop12,0.00,0.00,0.000,0.000,0.00
1777903673,loop13,0.00,0.00,0.000,0.000,0.00
1777903673,loop14,0.00,0.00,0.000,0.000,0.00
1777903673,loop15,0.00,0.00,0.000,0.000,0.00
1777903673,loop16,0.00,0.00,0.000,0.000,0.00
1777903673,loop17,0.00,0.00,0.000,0.000,0.00
1777903673,loop18,0.00,0.00,0.000,0.000,0.00
1777903673,loop19,0.00,0.00,0.000,0.000,0.00
1777903673,loop2,0.00,0.00,0.000,0.000,0.00
1777903673,loop20,0.00,0.00,0.000,0.000,0.00
1777903673,loop21,0.00,0.00,0.000,0.000,0.00
1777903673,loop22,0.00,0.00,0.000,0.000,0.00
1777903673,loop23,0.00,0.00,0.000,0.000,0.00
1777903673,loop24,0.00,0.00,0.000,0.000,0.00
1777903673,loop25,0.00,0.00,0.000,0.000,0.00
1777903673,loop26,0.00,0.00,0.000,0.000,0.00
1777903673,loop27,0.00,0.00,0.000,0.000,0.00
1777903673,loop28,0.00,0.00,0.000,0.000,0.00
1777903673,loop29,0.00,0.00,0.000,0.000,0.00
1777903673,loop3,0.00,0.00,0.000,0.000,0.00
1777903673,loop30,0.00,0.00,0.000,0.000,0.00
1777903673,loop31,0.00,0.00,0.000,0.000,0.00
1777903673,loop32,0.00,0.00,0.000,0.000,0.00
1777903673,loop33,0.00,0.00,0.000,0.000,0.00
1777903673,loop34,0.00,0.00,0.000,0.000,0.00
1777903673,loop35,0.00,0.00,0.000,0.000,0.00
1777903673,loop36,0.00,0.00,0.000,0.000,0.00
1777903673,loop37,0.00,0.00,0.000,0.000,0.00
1777903673,loop38,0.00,0.00,0.000,0.000,0.00
1777903673,loop39,0.00,0.00,0.000,0.000,0.00
1777903673,loop4,0.00,0.00,0.000,0.000,0.00
1777903673,loop40,0.00,0.00,0.000,0.000,0.00
1777903673,loop5,0.00,0.00,0.000,0.000,0.00
1777903673,loop6,0.00,0.00,0.000,0.000,0.00
1777903673,loop7,0.00,0.00,0.000,0.000,0.00
1777903673,loop8,0.00,0.00,0.000,0.000,0.00
1777903673,loop9,0.00,0.00,0.000,0.000,0.00
1777903673,nvme0n1,9.00,36.00,0.000,0.000,0.20
1777903674,loop0,0.00,0.00,0.000,0.000,0.00
1777903674,loop1,0.00,0.00,0.000,0.000,0.00
1777903674,loop10,0.00,0.00,0.000,0.000,0.00
1777903674,loop11,0.00,0.00,0.000,0.000,0.00
1777903674,loop12,0.00,0.00,0.000,0.000,0.00
1777903674,loop13,0.00,0.00,0.000,0.000,0.00
1777903674,loop14,0.00,0.00,0.000,0.000,0.00
1777903674,loop15,0.00,0.00,0.000,0.000,0.00
1777903674,loop16,0.00,0.00,0.000,0.000,0.00
1777903674,loop17,0.00,0.00,0.000,0.000,0.00
1777903674,loop18,0.00,0.00,0.000,0.000,0.00
1777903674,loop19,0.00,0.00,0.000,0.000,0.00
1777903674,loop2,0.00,0.00,0.000,0.000,0.00
1777903674,loop20,0.00,0.00,0.000,0.000,0.00
1777903674,loop21,0.00,0.00,0.000,0.000,0.00
1777903674,loop22,0.00,0.00,0.000,0.000,0.00
1777903674,loop23,0.00,0.00,0.000,0.000,0.00
1777903674,loop24,0.00,0.00,0.000,0.000,0.00
1777903674,loop25,0.00,0.00,0.000,0.000,0.00
1777903674,loop26,0.00,0.00,0.000,0.000,0.00
1777903674,loop27,0.00,0.00,0.000,0.000,0.00
1777903674,loop28,0.00,0.00,0.000,0.000,0.00
1777903674,loop29,0.00,0.00,0.000,0.000,0.00
1777903674,loop3,0.00,0.00,0.000,0.000,0.00
1777903674,loop30,0.00,0.00,0.000,0.000,0.00
1777903674,loop31,0.00,0.00,0.000,0.000,0.00
1777903674,loop32,0.00,0.00,0.000,0.000,0.00
1777903674,loop33,0.00,0.00,0.000,0.000,0.00
1777903674,loop34,0.00,0.00,0.000,0.000,0.00
1777903674,loop35,0.00,0.00,0.000,0.000,0.00
1777903674,loop36,0.00,0.00,0.000,0.000,0.00
1777903674,loop37,0.00,0.00,0.000,0.000,0.00
1777903674,loop38,0.00,0.00,0.000,0.000,0.00
1777903674,loop39,0.00,0.00,0.000,0.000,0.00
1777903674,loop4,0.00,0.00,0.000,0.000,0.00
1777903674,loop40,0.00,0.00,0.000,0.000,0.00
1777903674,loop5,0.00,0.00,0.000,0.000,0.00
1777903674,loop6,0.00,0.00,0.000,0.000,0.00
1777903674,loop7,0.00,0.00,0.000,0.000,0.00
1777903674,loop8,0.00,0.00,0.000,0.000,0.00
1777903674,loop9,0.00,0.00,0.000,0.000,0.00
1777903674,nvme0n1,3.00,12.00,0.000,0.000,0.10
1777903675,loop0,0.00,0.00,0.000,0.000,0.00
1777903675,loop1,0.00,0.00,0.000,0.000,0.00
1777903675,loop10,0.00,0.00,0.000,0.000,0.00
1777903675,loop11,0.00,0.00,0.000,0.000,0.00
1777903675,loop12,0.00,0.00,0.000,0.000,0.00
1777903675,loop13,0.00,0.00,0.000,0.000,0.00
1777903675,loop14,0.00,0.00,0.000,0.000,0.00
1777903675,loop15,0.00,0.00,0.000,0.000,0.00
1777903675,loop16,0.00,0.00,0.000,0.000,0.00
1777903675,loop17,0.00,0.00,0.000,0.000,0.00
1777903675,loop18,0.00,0.00,0.000,0.000,0.00
1777903675,loop19,0.00,0.00,0.000,0.000,0.00
1777903675,loop2,0.00,0.00,0.000,0.000,0.00
1777903675,loop20,0.00,0.00,0.000,0.000,0.00
1777903675,loop21,0.00,0.00,0.000,0.000,0.00
1777903675,loop22,0.00,0.00,0.000,0.000,0.00
1777903675,loop23,0.00,0.00,0.000,0.000,0.00
1777903675,loop24,0.00,0.00,0.000,0.000,0.00
1777903675,loop25,0.00,0.00,0.000,0.000,0.00
1777903675,loop26,0.00,0.00,0.000,0.000,0.00
1777903675,loop27,0.00,0.00,0.000,0.000,0.00
1777903675,loop28,0.00,0.00,0.000,0.000,0.00
1777903675,loop29,0.00,0.00,0.000,0.000,0.00
1777903675,loop3,0.00,0.00,0.000,0.000,0.00
1777903675,loop30,0.00,0.00,0.000,0.000,0.00
1777903675,loop31,0.00,0.00,0.000,0.000,0.00
1777903675,loop32,0.00,0.00,0.000,0.000,0.00
1777903675,loop33,0.00,0.00,0.000,0.000,0.00
1777903675,loop34,0.00,0.00,0.000,0.000,0.00
1777903675,loop35,0.00,0.00,0.000,0.000,0.00
1777903675,loop36,0.00,0.00,0.000,0.000,0.00
1777903675,loop37,0.00,0.00,0.000,0.000,0.00
1777903675,loop38,0.00,0.00,0.000,0.000,0.00
1777903675,loop39,0.00,0.00,0.000,0.000,0.00
1777903675,loop4,0.00,0.00,0.000,0.000,0.00
1777903675,loop40,0.00,0.00,0.000,0.000,0.00
1777903675,loop5,0.00,0.00,0.000,0.000,0.00
1777903675,loop6,0.00,0.00,0.000,0.000,0.00
1777903675,loop7,0.00,0.00,0.000,0.000,0.00
1777903675,loop8,0.00,0.00,0.000,0.000,0.00
1777903675,loop9,0.00,0.00,0.000,0.000,0.00
1777903675,nvme0n1,4.00,28.00,0.003,0.042,0.10
1777903676,loop0,0.00,0.00,0.000,0.000,0.00
1777903676,loop1,0.00,0.00,0.000,0.000,0.00
1777903676,loop10,0.00,0.00,0.000,0.000,0.00
1777903676,loop11,0.00,0.00,0.000,0.000,0.00
1777903676,loop12,0.00,0.00,0.000,0.000,0.00
1777903676,loop13,0.00,0.00,0.000,0.000,0.00
1777903676,loop14,0.00,0.00,0.000,0.000,0.00
1777903676,loop15,0.00,0.00,0.000,0.000,0.00
1777903676,loop16,0.00,0.00,0.000,0.000,0.00
1777903676,loop17,0.00,0.00,0.000,0.000,0.00
1777903676,loop18,0.00,0.00,0.000,0.000,0.00
1777903676,loop19,0.00,0.00,0.000,0.000,0.00
1777903676,loop2,0.00,0.00,0.000,0.000,0.00
1777903676,loop20,0.00,0.00,0.000,0.000,0.00
1777903676,loop21,0.00,0.00,0.000,0.000,0.00
1777903676,loop22,0.00,0.00,0.000,0.000,0.00
1777903676,loop23,0.00,0.00,0.000,0.000,0.00
1777903676,loop24,0.00,0.00,0.000,0.000,0.00
1777903676,loop25,0.00,0.00,0.000,0.000,0.00
1777903676,loop26,0.00,0.00,0.000,0.000,0.00
1777903676,loop27,0.00,0.00,0.000,0.000,0.00
1777903676,loop28,0.00,0.00,0.000,0.000,0.00
1777903676,loop29,0.00,0.00,0.000,0.000,0.00
1777903676,loop3,0.00,0.00,0.000,0.000,0.00
1777903676,loop30,0.00,0.00,0.000,0.000,0.00
1777903676,loop31,0.00,0.00,0.000,0.000,0.00
1777903676,loop32,0.00,0.00,0.000,0.000,0.00
1777903676,loop33,0.00,0.00,0.000,0.000,0.00
1777903676,loop34,0.00,0.00,0.000,0.000,0.00
1777903676,loop35,0.00,0.00,0.000,0.000,0.00
1777903676,loop36,0.00,0.00,0.000,0.000,0.00
1777903676,loop37,0.00,0.00,0.000,0.000,0.00
1777903676,loop38,0.00,0.00,0.000,0.000,0.00
1777903676,loop39,0.00,0.00,0.000,0.000,0.00
1777903676,loop4,0.00,0.00,0.000,0.000,0.00
1777903676,loop40,0.00,0.00,0.000,0.000,0.00
1777903676,loop5,0.00,0.00,0.000,0.000,0.00
1777903676,loop6,0.00,0.00,0.000,0.000,0.00
1777903676,loop7,0.00,0.00,0.000,0.000,0.00
1777903676,loop8,0.00,0.00,0.000,0.000,0.00
1777903676,loop9,0.00,0.00,0.000,0.000,0.00
1777903676,nvme0n1,3.00,20.00,0.002,0.039,0.70
1777903677,loop0,0.00,0.00,0.000,0.000,0.00
1777903677,loop1,0.00,0.00,0.000,0.000,0.00
1777903677,loop10,0.00,0.00,0.000,0.000,0.00
1777903677,loop11,0.00,0.00,0.000,0.000,0.00
1777903677,loop12,0.00,0.00,0.000,0.000,0.00
1777903677,loop13,0.00,0.00,0.000,0.000,0.00
1777903677,loop14,0.00,0.00,0.000,0.000,0.00
1777903677,loop15,0.00,0.00,0.000,0.000,0.00
1777903677,loop16,0.00,0.00,0.000,0.000,0.00
1777903677,loop17,0.00,0.00,0.000,0.000,0.00
1777903677,loop18,0.00,0.00,0.000,0.000,0.00
1777903677,loop19,0.00,0.00,0.000,0.000,0.00
1777903677,loop2,0.00,0.00,0.000,0.000,0.00
1777903677,loop20,0.00,0.00,0.000,0.000,0.00
1777903677,loop21,0.00,0.00,0.000,0.000,0.00
1777903677,loop22,0.00,0.00,0.000,0.000,0.00
1777903677,loop23,0.00,0.00,0.000,0.000,0.00
1777903677,loop24,0.00,0.00,0.000,0.000,0.00
1777903677,loop25,0.00,0.00,0.000,0.000,0.00
1777903677,loop26,0.00,0.00,0.000,0.000,0.00
1777903677,loop27,0.00,0.00,0.000,0.000,0.00
1777903677,loop28,0.00,0.00,0.000,0.000,0.00
1777903677,loop29,0.00,0.00,0.000,0.000,0.00
1777903677,loop3,0.00,0.00,0.000,0.000,0.00
1777903677,loop30,0.00,0.00,0.000,0.000,0.00
1777903677,loop31,0.00,0.00,0.000,0.000,0.00
1777903677,loop32,0.00,0.00,0.000,0.000,0.00
1777903677,loop33,0.00,0.00,0.000,0.000,0.00
1777903677,loop34,0.00,0.00,0.000,0.000,0.00
1777903677,loop35,0.00,0.00,0.000,0.000,0.00
1777903677,loop36,0.00,0.00,0.000,0.000,0.00
1777903677,loop37,0.00,0.00,0.000,0.000,0.00
1777903677,loop38,0.00,0.00,0.000,0.000,0.00
1777903677,loop39,0.00,0.00,0.000,0.000,0.00
1777903677,loop4,0.00,0.00,0.000,0.000,0.00
1777903677,loop40,0.00,0.00,0.000,0.000,0.00
1777903677,loop5,0.00,0.00,0.000,0.000,0.00
1777903677,loop6,0.00,0.00,0.000,0.000,0.00
1777903677,loop7,0.00,0.00,0.000,0.000,0.00
1777903677,loop8,0.00,0.00,0.000,0.000,0.00
1777903677,loop9,0.00,0.00,0.000,0.000,0.00
1777903677,nvme0n1,6.00,36.00,0.003,0.033,0.80
1777903678,loop0,0.00,0.00,0.000,0.000,0.00
1777903678,loop1,0.00,0.00,0.000,0.000,0.00
1777903678,loop10,0.00,0.00,0.000,0.000,0.00
1777903678,loop11,0.00,0.00,0.000,0.000,0.00
1777903678,loop12,0.00,0.00,0.000,0.000,0.00
1777903678,loop13,0.00,0.00,0.000,0.000,0.00
1777903678,loop14,0.00,0.00,0.000,0.000,0.00
1777903678,loop15,0.00,0.00,0.000,0.000,0.00
1777903678,loop16,0.00,0.00,0.000,0.000,0.00
1777903678,loop17,0.00,0.00,0.000,0.000,0.00
1777903678,loop18,0.00,0.00,0.000,0.000,0.00
1777903678,loop19,0.00,0.00,0.000,0.000,0.00
1777903678,loop2,0.00,0.00,0.000,0.000,0.00
1777903678,loop20,0.00,0.00,0.000,0.000,0.00
1777903678,loop21,0.00,0.00,0.000,0.000,0.00
1777903678,loop22,0.00,0.00,0.000,0.000,0.00
1777903678,loop23,0.00,0.00,0.000,0.000,0.00
1777903678,loop24,0.00,0.00,0.000,0.000,0.00
1777903678,loop25,0.00,0.00,0.000,0.000,0.00
1777903678,loop26,0.00,0.00,0.000,0.000,0.00
1777903678,loop27,0.00,0.00,0.000,0.000,0.00
1777903678,loop28,0.00,0.00,0.000,0.000,0.00
1777903678,loop29,0.00,0.00,0.000,0.000,0.00
1777903678,loop3,0.00,0.00,0.000,0.000,0.00
1777903678,loop30,0.00,0.00,0.000,0.000,0.00
1777903678,loop31,0.00,0.00,0.000,0.000,0.00
1777903678,loop32,0.00,0.00,0.000,0.000,0.00
1777903678,loop33,0.00,0.00,0.000,0.000,0.00
1777903678,loop34,0.00,0.00,0.000,0.000,0.00
1777903678,loop35,0.00,0.00,0.000,0.000,0.00
1777903678,loop36,0.00,0.00,0.000,0.000,0.00
1777903678,loop37,0.00,0.00,0.000,0.000,0.00
1777903678,loop38,0.00,0.00,0.000,0.000,0.00
1777903678,loop39,0.00,0.00,0.000,0.000,0.00
1777903678,loop4,0.00,0.00,0.000,0.000,0.00
1777903678,loop40,0.00,0.00,0.000,0.000,0.00
1777903678,loop5,0.00,0.00,0.000,0.000,0.00
1777903678,loop6,0.00,0.00,0.000,0.000,0.00
1777903678,loop7,0.00,0.00,0.000,0.000,0.00
1777903678,loop8,0.00,0.00,0.000,0.000,0.00
1777903678,loop9,0.00,0.00,0.000,0.000,0.00
1777903678,nvme0n1,0.00,0.00,0.000,0.000,0.30
1777903679,loop0,0.00,0.00,0.000,0.000,0.00
1777903679,loop1,0.00,0.00,0.000,0.000,0.00
1777903679,loop10,0.00,0.00,0.000,0.000,0.00
1777903679,loop11,0.00,0.00,0.000,0.000,0.00
1777903679,loop12,0.00,0.00,0.000,0.000,0.00
1777903679,loop13,0.00,0.00,0.000,0.000,0.00
1777903679,loop14,0.00,0.00,0.000,0.000,0.00
1777903679,loop15,0.00,0.00,0.000,0.000,0.00
1777903679,loop16,0.00,0.00,0.000,0.000,0.00
1777903679,loop17,0.00,0.00,0.000,0.000,0.00
1777903679,loop18,0.00,0.00,0.000,0.000,0.00
1777903679,loop19,0.00,0.00,0.000,0.000,0.00
1777903679,loop2,0.00,0.00,0.000,0.000,0.00
1777903679,loop20,0.00,0.00,0.000,0.000,0.00
1777903679,loop21,0.00,0.00,0.000,0.000,0.00
1777903679,loop22,0.00,0.00,0.000,0.000,0.00
1777903679,loop23,0.00,0.00,0.000,0.000,0.00
1777903679,loop24,0.00,0.00,0.000,0.000,0.00
1777903679,loop25,0.00,0.00,0.000,0.000,0.00
1777903679,loop26,0.00,0.00,0.000,0.000,0.00
1777903679,loop27,0.00,0.00,0.000,0.000,0.00
1777903679,loop28,0.00,0.00,0.000,0.000,0.00
1777903679,loop29,0.00,0.00,0.000,0.000,0.00
1777903679,loop3,0.00,0.00,0.000,0.000,0.00
1777903679,loop30,0.00,0.00,0.000,0.000,0.00
1777903679,loop31,0.00,0.00,0.000,0.000,0.00
1777903679,loop32,0.00,0.00,0.000,0.000,0.00
1777903679,loop33,0.00,0.00,0.000,0.000,0.00
1777903679,loop34,0.00,0.00,0.000,0.000,0.00
1777903679,loop35,0.00,0.00,0.000,0.000,0.00
1777903679,loop36,0.00,0.00,0.000,0.000,0.00
1777903679,loop37,0.00,0.00,0.000,0.000,0.00
1777903679,loop38,0.00,0.00,0.000,0.000,0.00
1777903679,loop39,0.00,0.00,0.000,0.000,0.00
1777903679,loop4,0.00,0.00,0.000,0.000,0.00
1777903679,loop40,0.00,0.00,0.000,0.000,0.00
1777903679,loop5,0.00,0.00,0.000,0.000,0.00
1777903679,loop6,0.00,0.00,0.000,0.000,0.00
1777903679,loop7,0.00,0.00,0.000,0.000,0.00
1777903679,loop8,0.00,0.00,0.000,0.000,0.00
1777903679,loop9,0.00,0.00,0.000,0.000,0.00
1777903679,nvme0n1,0.00,0.00,0.000,0.000,0.00
1777903680,loop0,0.00,0.00,0.000,0.000,0.00
1777903680,loop1,0.00,0.00,0.000,0.000,0.00
1777903680,loop10,0.00,0.00,0.000,0.000,0.00
1777903680,loop11,0.00,0.00,0.000,0.000,0.00
1777903680,loop12,0.00,0.00,0.000,0.000,0.00
1777903680,loop13,0.00,0.00,0.000,0.000,0.00
1777903680,loop14,0.00,0.00,0.000,0.000,0.00
1777903680,loop15,0.00,0.00,0.000,0.000,0.00
1777903680,loop16,0.00,0.00,0.000,0.000,0.00
1777903680,loop17,0.00,0.00,0.000,0.000,0.00
1777903680,loop18,0.00,0.00,0.000,0.000,0.00
1777903680,loop19,0.00,0.00,0.000,0.000,0.00
1777903680,loop2,0.00,0.00,0.000,0.000,0.00
1777903680,loop20,0.00,0.00,0.000,0.000,0.00
1777903680,loop21,0.00,0.00,0.000,0.000,0.00
1777903680,loop22,0.00,0.00,0.000,0.000,0.00
1777903680,loop23,0.00,0.00,0.000,0.000,0.00
1777903680,loop24,0.00,0.00,0.000,0.000,0.00
1777903680,loop25,0.00,0.00,0.000,0.000,0.00
1777903680,loop26,0.00,0.00,0.000,0.000,0.00
1777903680,loop27,0.00,0.00,0.000,0.000,0.00
1777903680,loop28,0.00,0.00,0.000,0.000,0.00
1777903680,loop29,0.00,0.00,0.000,0.000,0.00
1777903680,loop3,0.00,0.00,0.000,0.000,0.00
1777903680,loop30,0.00,0.00,0.000,0.000,0.00
1777903680,loop31,0.00,0.00,0.000,0.000,0.00
1777903680,loop32,0.00,0.00,0.000,0.000,0.00
1777903680,loop33,0.00,0.00,0.000,0.000,0.00
1777903680,loop34,0.00,0.00,0.000,0.000,0.00
1777903680,loop35,0.00,0.00,0.000,0.000,0.00
1777903680,loop36,0.00,0.00,0.000,0.000,0.00
1777903680,loop37,0.00,0.00,0.000,0.000,0.00
1777903680,loop38,0.00,0.00,0.000,0.000,0.00
1777903680,loop39,0.00,0.00,0.000,0.000,0.00
1777903680,loop4,0.00,0.00,0.000,0.000,0.00
1777903680,loop40,0.00,0.00,0.000,0.000,0.00
1777903680,loop5,0.00,0.00,0.000,0.000,0.00
1777903680,loop6,0.00,0.00,0.000,0.000,0.00
1777903680,loop7,0.00,0.00,0.000,0.000,0.00
1777903680,loop8,0.00,0.00,0.000,0.000,0.00
1777903680,loop9,0.00,0.00,0.000,0.000,0.00
1777903680,nvme0n1,0.00,0.00,0.000,0.000,0.00
1777903681,loop0,0.00,0.00,0.000,0.000,0.00
1777903681,loop1,0.00,0.00,0.000,0.000,0.00
1777903681,loop10,0.00,0.00,0.000,0.000,0.00
1777903681,loop11,0.00,0.00,0.000,0.000,0.00
1777903681,loop12,0.00,0.00,0.000,0.000,0.00
1777903681,loop13,0.00,0.00,0.000,0.000,0.00
1777903681,loop14,0.00,0.00,0.000,0.000,0.00
1777903681,loop15,0.00,0.00,0.000,0.000,0.00
1777903681,loop16,0.00,0.00,0.000,0.000,0.00
1777903681,loop17,0.00,0.00,0.000,0.000,0.00
1777903681,loop18,0.00,0.00,0.000,0.000,0.00
1777903681,loop19,0.00,0.00,0.000,0.000,0.00
1777903681,loop2,0.00,0.00,0.000,0.000,0.00
1777903681,loop20,0.00,0.00,0.000,0.000,0.00
1777903681,loop21,0.00,0.00,0.000,0.000,0.00
1777903681,loop22,0.00,0.00,0.000,0.000,0.00
1777903681,loop23,0.00,0.00,0.000,0.000,0.00
1777903681,loop24,0.00,0.00,0.000,0.000,0.00
1777903681,loop25,0.00,0.00,0.000,0.000,0.00
1777903681,loop26,0.00,0.00,0.000,0.000,0.00
1777903681,loop27,0.00,0.00,0.000,0.000,0.00
1777903681,loop28,0.00,0.00,0.000,0.000,0.00
1777903681,loop29,0.00,0.00,0.000,0.000,0.00
1777903681,loop3,0.00,0.00,0.000,0.000,0.00
1777903681,loop30,0.00,0.00,0.000,0.000,0.00
1777903681,loop31,0.00,0.00,0.000,0.000,0.00
1777903681,loop32,0.00,0.00,0.000,0.000,0.00
1777903681,loop33,0.00,0.00,0.000,0.000,0.00
1777903681,loop34,0.00,0.00,0.000,0.000,0.00
1777903681,loop35,0.00,0.00,0.000,0.000,0.00
1777903681,loop36,0.00,0.00,0.000,0.000,0.00
1777903681,loop37,0.00,0.00,0.000,0.000,0.00
1777903681,loop38,0.00,0.00,0.000,0.000,0.00
1777903681,loop39,0.00,0.00,0.000,0.000,0.00
1777903681,loop4,0.00,0.00,0.000,0.000,0.00
1777903681,loop40,0.00,0.00,0.000,0.000,0.00
1777903681,loop5,0.00,0.00,0.000,0.000,0.00
1777903681,loop6,0.00,0.00,0.000,0.000,0.00
1777903681,loop7,0.00,0.00,0.000,0.000,0.00
1777903681,loop8,0.00,0.00,0.000,0.000,0.00
1777903681,loop9,0.00,0.00,0.000,0.000,0.00
1777903681,nvme0n1,3.00,24.00,0.003,0.049,5.10
1777903682,loop0,0.00,0.00,0.000,0.000,0.00
1777903682,loop1,0.00,0.00,0.000,0.000,0.00
1777903682,loop10,0.00,0.00,0.000,0.000,0.00
1777903682,loop11,0.00,0.00,0.000,0.000,0.00
1777903682,loop12,0.00,0.00,0.000,0.000,0.00
1777903682,loop13,0.00,0.00,0.000,0.000,0.00
1777903682,loop14,0.00,0.00,0.000,0.000,0.00
1777903682,loop15,0.00,0.00,0.000,0.000,0.00
1777903682,loop16,0.00,0.00,0.000,0.000,0.00
1777903682,loop17,0.00,0.00,0.000,0.000,0.00
1777903682,loop18,0.00,0.00,0.000,0.000,0.00
1777903682,loop19,0.00,0.00,0.000,0.000,0.00
1777903682,loop2,0.00,0.00,0.000,0.000,0.00
1777903682,loop20,0.00,0.00,0.000,0.000,0.00
1777903682,loop21,0.00,0.00,0.000,0.000,0.00
1777903682,loop22,0.00,0.00,0.000,0.000,0.00
1777903682,loop23,0.00,0.00,0.000,0.000,0.00
1777903682,loop24,0.00,0.00,0.000,0.000,0.00
1777903682,loop25,0.00,0.00,0.000,0.000,0.00
1777903682,loop26,0.00,0.00,0.000,0.000,0.00
1777903682,loop27,0.00,0.00,0.000,0.000,0.00
1777903682,loop28,0.00,0.00,0.000,0.000,0.00
1777903682,loop29,0.00,0.00,0.000,0.000,0.00
1777903682,loop3,0.00,0.00,0.000,0.000,0.00
1777903682,loop30,0.00,0.00,0.000,0.000,0.00
1777903682,loop31,0.00,0.00,0.000,0.000,0.00
1777903682,loop32,0.00,0.00,0.000,0.000,0.00
1777903682,loop33,0.00,0.00,0.000,0.000,0.00
1777903682,loop34,0.00,0.00,0.000,0.000,0.00
1777903682,loop35,0.00,0.00,0.000,0.000,0.00
1777903682,loop36,0.00,0.00,0.000,0.000,0.00
1777903682,loop37,0.00,0.00,0.000,0.000,0.00
1777903682,loop38,0.00,0.00,0.000,0.000,0.00
1777903682,loop39,0.00,0.00,0.000,0.000,0.00
1777903682,loop4,0.00,0.00,0.000,0.000,0.00
1777903682,loop40,0.00,0.00,0.000,0.000,0.00
1777903682,loop5,0.00,0.00,0.000,0.000,0.00
1777903682,loop6,0.00,0.00,0.000,0.000,0.00
1777903682,loop7,0.00,0.00,0.000,0.000,0.00
1777903682,loop8,0.00,0.00,0.000,0.000,0.00
1777903682,loop9,0.00,0.00,0.000,0.000,0.00
1777903682,nvme0n1,22.00,152.00,0.016,0.041,0.10
1777903683,loop0,0.00,0.00,0.000,0.000,0.00
1777903683,loop1,0.00,0.00,0.000,0.000,0.00
1777903683,loop10,0.00,0.00,0.000,0.000,0.00
1777903683,loop11,0.00,0.00,0.000,0.000,0.00
1777903683,loop12,0.00,0.00,0.000,0.000,0.00
1777903683,loop13,0.00,0.00,0.000,0.000,0.00
1777903683,loop14,0.00,0.00,0.000,0.000,0.00
1777903683,loop15,0.00,0.00,0.000,0.000,0.00
1777903683,loop16,0.00,0.00,0.000,0.000,0.00
1777903683,loop17,0.00,0.00,0.000,0.000,0.00
1777903683,loop18,0.00,0.00,0.000,0.000,0.00
1777903683,loop19,0.00,0.00,0.000,0.000,0.00
1777903683,loop2,0.00,0.00,0.000,0.000,0.00
1777903683,loop20,2.00,110.00,0.000,0.000,0.10
1777903683,loop21,0.00,0.00,0.000,0.000,0.00
1777903683,loop22,0.00,0.00,0.000,0.000,0.00
1777903683,loop23,0.00,0.00,0.000,0.000,0.00
1777903683,loop24,0.00,0.00,0.000,0.000,0.00
1777903683,loop25,0.00,0.00,0.000,0.000,0.00
1777903683,loop26,0.00,0.00,0.000,0.000,0.00
1777903683,loop27,0.00,0.00,0.000,0.000,0.00
1777903683,loop28,0.00,0.00,0.000,0.000,0.00
1777903683,loop29,0.00,0.00,0.000,0.000,0.00
1777903683,loop3,0.00,0.00,0.000,0.000,0.00
1777903683,loop30,0.00,0.00,0.000,0.000,0.00
1777903683,loop31,0.00,0.00,0.000,0.000,0.00
1777903683,loop32,0.00,0.00,0.000,0.000,0.00
1777903683,loop33,0.00,0.00,0.000,0.000,0.00
1777903683,loop34,0.00,0.00,0.000,0.000,0.00
1777903683,loop35,0.00,0.00,0.000,0.000,0.00
1777903683,loop36,0.00,0.00,0.000,0.000,0.00
1777903683,loop37,0.00,0.00,0.000,0.000,0.00
1777903683,loop38,0.00,0.00,0.000,0.000,0.00
1777903683,loop39,0.00,0.00,0.000,0.000,0.00
1777903683,loop4,0.00,0.00,0.000,0.000,0.00
1777903683,loop40,0.00,0.00,0.000,0.000,0.00
1777903683,loop5,0.00,0.00,0.000,0.000,0.00
1777903683,loop6,0.00,0.00,0.000,0.000,0.00
1777903683,loop7,0.00,0.00,0.000,0.000,0.00
1777903683,loop8,0.00,0.00,0.000,0.000,0.00
1777903683,loop9,0.00,0.00,0.000,0.000,0.00
1777903683,nvme0n1,4.00,68.00,0.001,0.020,1.00
1777903684,loop0,0.00,0.00,0.000,0.000,0.00
1777903684,loop1,0.00,0.00,0.000,0.000,0.00
1777903684,loop10,0.00,0.00,0.000,0.000,0.00
1777903684,loop11,0.00,0.00,0.000,0.000,0.00
1777903684,loop12,0.00,0.00,0.000,0.000,0.00
1777903684,loop13,0.00,0.00,0.000,0.000,0.00
1777903684,loop14,0.00,0.00,0.000,0.000,0.00
1777903684,loop15,0.00,0.00,0.000,0.000,0.00
1777903684,loop16,0.00,0.00,0.000,0.000,0.00
1777903684,loop17,0.00,0.00,0.000,0.000,0.00
1777903684,loop18,0.00,0.00,0.000,0.000,0.00
1777903684,loop19,0.00,0.00,0.000,0.000,0.00
1777903684,loop2,0.00,0.00,0.000,0.000,0.00
1777903684,loop20,0.00,0.00,0.000,0.000,0.00
1777903684,loop21,0.00,0.00,0.000,0.000,0.00
1777903684,loop22,0.00,0.00,0.000,0.000,0.00
1777903684,loop23,0.00,0.00,0.000,0.000,0.00
1777903684,loop24,0.00,0.00,0.000,0.000,0.00
1777903684,loop25,0.00,0.00,0.000,0.000,0.00
1777903684,loop26,0.00,0.00,0.000,0.000,0.00
1777903684,loop27,0.00,0.00,0.000,0.000,0.00
1777903684,loop28,0.00,0.00,0.000,0.000,0.00
1777903684,loop29,0.00,0.00,0.000,0.000,0.00
1777903684,loop3,0.00,0.00,0.000,0.000,0.00
1777903684,loop30,0.00,0.00,0.000,0.000,0.00
1777903684,loop31,0.00,0.00,0.000,0.000,0.00
1777903684,loop32,0.00,0.00,0.000,0.000,0.00
1777903684,loop33,0.00,0.00,0.000,0.000,0.00
1777903684,loop34,0.00,0.00,0.000,0.000,0.00
1777903684,loop35,0.00,0.00,0.000,0.000,0.00
1777903684,loop36,0.00,0.00,0.000,0.000,0.00
1777903684,loop37,0.00,0.00,0.000,0.000,0.00
1777903684,loop38,0.00,0.00,0.000,0.000,0.00
1777903684,loop39,0.00,0.00,0.000,0.000,0.00
1777903684,loop4,0.00,0.00,0.000,0.000,0.00
1777903684,loop40,0.00,0.00,0.000,0.000,0.00
1777903684,loop5,0.00,0.00,0.000,0.000,0.00
1777903684,loop6,0.00,0.00,0.000,0.000,0.00
1777903684,loop7,0.00,0.00,0.000,0.000,0.00
1777903684,loop8,0.00,0.00,0.000,0.000,0.00
1777903684,loop9,0.00,0.00,0.000,0.000,0.00
1777903684,nvme0n1,0.00,0.00,0.000,0.000,0.00
1777903685,loop0,0.00,0.00,0.000,0.000,0.00
1777903685,loop1,0.00,0.00,0.000,0.000,0.00
1777903685,loop10,0.00,0.00,0.000,0.000,0.00
1777903685,loop11,0.00,0.00,0.000,0.000,0.00
1777903685,loop12,0.00,0.00,0.000,0.000,0.00
1777903685,loop13,0.00,0.00,0.000,0.000,0.00
1777903685,loop14,0.00,0.00,0.000,0.000,0.00
1777903685,loop15,0.00,0.00,0.000,0.000,0.00
1777903685,loop16,0.00,0.00,0.000,0.000,0.00
1777903685,loop17,0.00,0.00,0.000,0.000,0.00
1777903685,loop18,0.00,0.00,0.000,0.000,0.00
1777903685,loop19,0.00,0.00,0.000,0.000,0.00
1777903685,loop2,0.00,0.00,0.000,0.000,0.00
1777903685,loop20,0.00,0.00,0.000,0.000,0.00
1777903685,loop21,0.00,0.00,0.000,0.000,0.00
1777903685,loop22,0.00,0.00,0.000,0.000,0.00
1777903685,loop23,0.00,0.00,0.000,0.000,0.00
1777903685,loop24,0.00,0.00,0.000,0.000,0.00
1777903685,loop25,0.00,0.00,0.000,0.000,0.00
1777903685,loop26,0.00,0.00,0.000,0.000,0.00
1777903685,loop27,0.00,0.00,0.000,0.000,0.00
1777903685,loop28,0.00,0.00,0.000,0.000,0.00
1777903685,loop29,0.00,0.00,0.000,0.000,0.00
1777903685,loop3,0.00,0.00,0.000,0.000,0.00
1777903685,loop30,0.00,0.00,0.000,0.000,0.00
1777903685,loop31,0.00,0.00,0.000,0.000,0.00
1777903685,loop32,0.00,0.00,0.000,0.000,0.00
1777903685,loop33,0.00,0.00,0.000,0.000,0.00
1777903685,loop34,0.00,0.00,0.000,0.000,0.00
1777903685,loop35,0.00,0.00,0.000,0.000,0.00
1777903685,loop36,0.00,0.00,0.000,0.000,0.00
1777903685,loop37,0.00,0.00,0.000,0.000,0.00
1777903685,loop38,0.00,0.00,0.000,0.000,0.00
1777903685,loop39,0.00,0.00,0.000,0.000,0.00
1777903685,loop4,0.00,0.00,0.000,0.000,0.00
1777903685,loop40,0.00,0.00,0.000,0.000,0.00
1777903685,loop5,0.00,0.00,0.000,0.000,0.00
1777903685,loop6,0.00,0.00,0.000,0.000,0.00
1777903685,loop7,0.00,0.00,0.000,0.000,0.00
1777903685,loop8,0.00,0.00,0.000,0.000,0.00
1777903685,loop9,0.00,0.00,0.000,0.000,0.00
1777903685,nvme0n1,18.00,80.00,0.002,0.010,0.20
1777903686,loop0,0.00,0.00,0.000,0.000,0.00
1777903686,loop1,0.00,0.00,0.000,0.000,0.00
1777903686,loop10,0.00,0.00,0.000,0.000,0.00
1777903686,loop11,0.00,0.00,0.000,0.000,0.00
1777903686,loop12,0.00,0.00,0.000,0.000,0.00
1777903686,loop13,0.00,0.00,0.000,0.000,0.00
1777903686,loop14,0.00,0.00,0.000,0.000,0.00
1777903686,loop15,0.00,0.00,0.000,0.000,0.00
1777903686,loop16,0.00,0.00,0.000,0.000,0.00
1777903686,loop17,0.00,0.00,0.000,0.000,0.00
1777903686,loop18,0.00,0.00,0.000,0.000,0.00
1777903686,loop19,0.00,0.00,0.000,0.000,0.00
1777903686,loop2,0.00,0.00,0.000,0.000,0.00
1777903686,loop20,0.00,0.00,0.000,0.000,0.00
1777903686,loop21,0.00,0.00,0.000,0.000,0.00
1777903686,loop22,0.00,0.00,0.000,0.000,0.00
1777903686,loop23,0.00,0.00,0.000,0.000,0.00
1777903686,loop24,0.00,0.00,0.000,0.000,0.00
1777903686,loop25,0.00,0.00,0.000,0.000,0.00
1777903686,loop26,0.00,0.00,0.000,0.000,0.00
1777903686,loop27,0.00,0.00,0.000,0.000,0.00
1777903686,loop28,0.00,0.00,0.000,0.000,0.00
1777903686,loop29,0.00,0.00,0.000,0.000,0.00
1777903686,loop3,0.00,0.00,0.000,0.000,0.00
1777903686,loop30,0.00,0.00,0.000,0.000,0.00
1777903686,loop31,0.00,0.00,0.000,0.000,0.00
1777903686,loop32,0.00,0.00,0.000,0.000,0.00
1777903686,loop33,0.00,0.00,0.000,0.000,0.00
1777903686,loop34,0.00,0.00,0.000,0.000,0.00
1777903686,loop35,0.00,0.00,0.000,0.000,0.00
1777903686,loop36,0.00,0.00,0.000,0.000,0.00
1777903686,loop37,0.00,0.00,0.000,0.000,0.00
1777903686,loop38,0.00,0.00,0.000,0.000,0.00
1777903686,loop39,0.00,0.00,0.000,0.000,0.00
1777903686,loop4,0.00,0.00,0.000,0.000,0.00
1777903686,loop40,0.00,0.00,0.000,0.000,0.00
1777903686,loop5,0.00,0.00,0.000,0.000,0.00
1777903686,loop6,0.00,0.00,0.000,0.000,0.00
1777903686,loop7,0.00,0.00,0.000,0.000,0.00
1777903686,loop8,0.00,0.00,0.000,0.000,0.00
1777903686,loop9,0.00,0.00,0.000,0.000,0.00
1777903686,nvme0n1,14.00,64.00,0.002,0.012,0.30
1777903687,loop0,0.00,0.00,0.000,0.000,0.00
1777903687,loop1,0.00,0.00,0.000,0.000,0.00
1777903687,loop10,0.00,0.00,0.000,0.000,0.00
1777903687,loop11,0.00,0.00,0.000,0.000,0.00
1777903687,loop12,0.00,0.00,0.000,0.000,0.00
1777903687,loop13,0.00,0.00,0.000,0.000,0.00
1777903687,loop14,0.00,0.00,0.000,0.000,0.00
1777903687,loop15,0.00,0.00,0.000,0.000,0.00
1777903687,loop16,0.00,0.00,0.000,0.000,0.00
1777903687,loop17,0.00,0.00,0.000,0.000,0.00
1777903687,loop18,0.00,0.00,0.000,0.000,0.00
1777903687,loop19,0.00,0.00,0.000,0.000,0.00
1777903687,loop2,0.00,0.00,0.000,0.000,0.00
1777903687,loop20,0.00,0.00,0.000,0.000,0.00
1777903687,loop21,0.00,0.00,0.000,0.000,0.00
1777903687,loop22,0.00,0.00,0.000,0.000,0.00
1777903687,loop23,0.00,0.00,0.000,0.000,0.00
1777903687,loop24,0.00,0.00,0.000,0.000,0.00
1777903687,loop25,0.00,0.00,0.000,0.000,0.00
1777903687,loop26,0.00,0.00,0.000,0.000,0.00
1777903687,loop27,0.00,0.00,0.000,0.000,0.00
1777903687,loop28,0.00,0.00,0.000,0.000,0.00
1777903687,loop29,0.00,0.00,0.000,0.000,0.00
1777903687,loop3,0.00,0.00,0.000,0.000,0.00
1777903687,loop30,0.00,0.00,0.000,0.000,0.00
1777903687,loop31,0.00,0.00,0.000,0.000,0.00
1777903687,loop32,0.00,0.00,0.000,0.000,0.00
1777903687,loop33,0.00,0.00,0.000,0.000,0.00
1777903687,loop34,0.00,0.00,0.000,0.000,0.00
1777903687,loop35,0.00,0.00,0.000,0.000,0.00
1777903687,loop36,0.00,0.00,0.000,0.000,0.00
1777903687,loop37,0.00,0.00,0.000,0.000,0.00
1777903687,loop38,0.00,0.00,0.000,0.000,0.00
1777903687,loop39,0.00,0.00,0.000,0.000,0.00
1777903687,loop4,0.00,0.00,0.000,0.000,0.00
1777903687,loop40,0.00,0.00,0.000,0.000,0.00
1777903687,loop5,0.00,0.00,0.000,0.000,0.00
1777903687,loop6,0.00,0.00,0.000,0.000,0.00
1777903687,loop7,0.00,0.00,0.000,0.000,0.00
1777903687,loop8,0.00,0.00,0.000,0.000,0.00
1777903687,loop9,0.00,0.00,0.000,0.000,0.00
1777903687,nvme0n1,0.00,0.00,0.000,0.000,0.00
1777903688,loop0,0.00,0.00,0.000,0.000,0.00
1777903688,loop1,0.00,0.00,0.000,0.000,0.00
1777903688,loop10,0.00,0.00,0.000,0.000,0.00
1777903688,loop11,0.00,0.00,0.000,0.000,0.00
1777903688,loop12,0.00,0.00,0.000,0.000,0.00
1777903688,loop13,0.00,0.00,0.000,0.000,0.00
1777903688,loop14,0.00,0.00,0.000,0.000,0.00
1777903688,loop15,0.00,0.00,0.000,0.000,0.00
1777903688,loop16,0.00,0.00,0.000,0.000,0.00
1777903688,loop17,0.00,0.00,0.000,0.000,0.00
1777903688,loop18,0.00,0.00,0.000,0.000,0.00
1777903688,loop19,0.00,0.00,0.000,0.000,0.00
1777903688,loop2,0.00,0.00,0.000,0.000,0.00
1777903688,loop20,0.00,0.00,0.000,0.000,0.00
1777903688,loop21,0.00,0.00,0.000,0.000,0.00
1777903688,loop22,0.00,0.00,0.000,0.000,0.00
1777903688,loop23,0.00,0.00,0.000,0.000,0.00
1777903688,loop24,0.00,0.00,0.000,0.000,0.00
1777903688,loop25,0.00,0.00,0.000,0.000,0.00
1777903688,loop26,0.00,0.00,0.000,0.000,0.00
1777903688,loop27,0.00,0.00,0.000,0.000,0.00
1777903688,loop28,0.00,0.00,0.000,0.000,0.00
1777903688,loop29,0.00,0.00,0.000,0.000,0.00
1777903688,loop3,0.00,0.00,0.000,0.000,0.00
1777903688,loop30,0.00,0.00,0.000,0.000,0.00
1777903688,loop31,0.00,0.00,0.000,0.000,0.00
1777903688,loop32,0.00,0.00,0.000,0.000,0.00
1777903688,loop33,0.00,0.00,0.000,0.000,0.00
1777903688,loop34,0.00,0.00,0.000,0.000,0.00
1777903688,loop35,0.00,0.00,0.000,0.000,0.00
1777903688,loop36,0.00,0.00,0.000,0.000,0.00
1777903688,loop37,0.00,0.00,0.000,0.000,0.00
1777903688,loop38,0.00,0.00,0.000,0.000,0.00
1777903688,loop39,0.00,0.00,0.000,0.000,0.00
1777903688,loop4,0.00,0.00,0.000,0.000,0.00
1777903688,loop40,0.00,0.00,0.000,0.000,0.00
1777903688,loop5,0.00,0.00,0.000,0.000,0.00
1777903688,loop6,0.00,0.00,0.000,0.000,0.00
1777903688,loop7,0.00,0.00,0.000,0.000,0.00
1777903688,loop8,0.00,0.00,0.000,0.000,0.00
1777903688,loop9,0.00,0.00,0.000,0.000,0.00
1777903688,nvme0n1,54.00,272.00,0.014,0.020,0.30
1777903689,loop0,0.00,0.00,0.000,0.000,0.00
1777903689,loop1,0.00,0.00,0.000,0.000,0.00
1777903689,loop10,0.00,0.00,0.000,0.000,0.00
1777903689,loop11,0.00,0.00,0.000,0.000,0.00
1777903689,loop12,0.00,0.00,0.000,0.000,0.00
1777903689,loop13,0.00,0.00,0.000,0.000,0.00
1777903689,loop14,0.00,0.00,0.000,0.000,0.00
1777903689,loop15,0.00,0.00,0.000,0.000,0.00
1777903689,loop16,0.00,0.00,0.000,0.000,0.00
1777903689,loop17,0.00,0.00,0.000,0.000,0.00
1777903689,loop18,0.00,0.00,0.000,0.000,0.00
1777903689,loop19,0.00,0.00,0.000,0.000,0.00
1777903689,loop2,0.00,0.00,0.000,0.000,0.00
1777903689,loop20,0.00,0.00,0.000,0.000,0.00
1777903689,loop21,0.00,0.00,0.000,0.000,0.00
1777903689,loop22,0.00,0.00,0.000,0.000,0.00
1777903689,loop23,0.00,0.00,0.000,0.000,0.00
1777903689,loop24,0.00,0.00,0.000,0.000,0.00
1777903689,loop25,0.00,0.00,0.000,0.000,0.00
1777903689,loop26,0.00,0.00,0.000,0.000,0.00
1777903689,loop27,0.00,0.00,0.000,0.000,0.00
1777903689,loop28,0.00,0.00,0.000,0.000,0.00
1777903689,loop29,0.00,0.00,0.000,0.000,0.00
1777903689,loop3,0.00,0.00,0.000,0.000,0.00
1777903689,loop30,0.00,0.00,0.000,0.000,0.00
1777903689,loop31,0.00,0.00,0.000,0.000,0.00
1777903689,loop32,0.00,0.00,0.000,0.000,0.00
1777903689,loop33,0.00,0.00,0.000,0.000,0.00
1777903689,loop34,0.00,0.00,0.000,0.000,0.00
1777903689,loop35,0.00,0.00,0.000,0.000,0.00
1777903689,loop36,0.00,0.00,0.000,0.000,0.00
1777903689,loop37,0.00,0.00,0.000,0.000,0.00
1777903689,loop38,0.00,0.00,0.000,0.000,0.00
1777903689,loop39,0.00,0.00,0.000,0.000,0.00
1777903689,loop4,0.00,0.00,0.000,0.000,0.00
1777903689,loop40,0.00,0.00,0.000,0.000,0.00
1777903689,loop5,0.00,0.00,0.000,0.000,0.00
1777903689,loop6,0.00,0.00,0.000,0.000,0.00
1777903689,loop7,0.00,0.00,0.000,0.000,0.00
1777903689,loop8,0.00,0.00,0.000,0.000,0.00
1777903689,loop9,0.00,0.00,0.000,0.000,0.00
1777903689,nvme0n1,0.00,0.00,0.000,0.000,0.90
1777903690,loop0,0.00,0.00,0.000,0.000,0.00
1777903690,loop1,0.00,0.00,0.000,0.000,0.00
1777903690,loop10,0.00,0.00,0.000,0.000,0.00
1777903690,loop11,0.00,0.00,0.000,0.000,0.00
1777903690,loop12,0.00,0.00,0.000,0.000,0.00
1777903690,loop13,0.00,0.00,0.000,0.000,0.00
1777903690,loop14,0.00,0.00,0.000,0.000,0.00
1777903690,loop15,0.00,0.00,0.000,0.000,0.00
1777903690,loop16,0.00,0.00,0.000,0.000,0.00
1777903690,loop17,0.00,0.00,0.000,0.000,0.00
1777903690,loop18,0.00,0.00,0.000,0.000,0.00
1777903690,loop19,0.00,0.00,0.000,0.000,0.00
1777903690,loop2,0.00,0.00,0.000,0.000,0.00
1777903690,loop20,0.00,0.00,0.000,0.000,0.00
1777903690,loop21,0.00,0.00,0.000,0.000,0.00
1777903690,loop22,0.00,0.00,0.000,0.000,0.00
1777903690,loop23,0.00,0.00,0.000,0.000,0.00
1777903690,loop24,0.00,0.00,0.000,0.000,0.00
1777903690,loop25,0.00,0.00,0.000,0.000,0.00
1777903690,loop26,0.00,0.00,0.000,0.000,0.00
1777903690,loop27,0.00,0.00,0.000,0.000,0.00
1777903690,loop28,0.00,0.00,0.000,0.000,0.00
1777903690,loop29,0.00,0.00,0.000,0.000,0.00
1777903690,loop3,0.00,0.00,0.000,0.000,0.00
1777903690,loop30,0.00,0.00,0.000,0.000,0.00
1777903690,loop31,0.00,0.00,0.000,0.000,0.00
1777903690,loop32,0.00,0.00,0.000,0.000,0.00
1777903690,loop33,0.00,0.00,0.000,0.000,0.00
1777903690,loop34,0.00,0.00,0.000,0.000,0.00
1777903690,loop35,0.00,0.00,0.000,0.000,0.00
1777903690,loop36,0.00,0.00,0.000,0.000,0.00
1777903690,loop37,0.00,0.00,0.000,0.000,0.00
1777903690,loop38,0.00,0.00,0.000,0.000,0.00
1777903690,loop39,0.00,0.00,0.000,0.000,0.00
1777903690,loop4,0.00,0.00,0.000,0.000,0.00
1777903690,loop40,0.00,0.00,0.000,0.000,0.00
1777903690,loop5,0.00,0.00,0.000,0.000,0.00
1777903690,loop6,0.00,0.00,0.000,0.000,0.00
1777903690,loop7,0.00,0.00,0.000,0.000,0.00
1777903690,loop8,0.00,0.00,0.000,0.000,0.00
1777903690,loop9,0.00,0.00,0.000,0.000,0.00
1777903690,nvme0n1,1.00,4.00,0.000,0.000,0.10
1777903691,loop0,0.00,0.00,0.000,0.000,0.00
1777903691,loop1,0.00,0.00,0.000,0.000,0.00
1777903691,loop10,0.00,0.00,0.000,0.000,0.00
1777903691,loop11,0.00,0.00,0.000,0.000,0.00
1777903691,loop12,0.00,0.00,0.000,0.000,0.00
1777903691,loop13,0.00,0.00,0.000,0.000,0.00
1777903691,loop14,0.00,0.00,0.000,0.000,0.00
1777903691,loop15,0.00,0.00,0.000,0.000,0.00
1777903691,loop16,0.00,0.00,0.000,0.000,0.00
1777903691,loop17,0.00,0.00,0.000,0.000,0.00
1777903691,loop18,0.00,0.00,0.000,0.000,0.00
1777903691,loop19,0.00,0.00,0.000,0.000,0.00
1777903691,loop2,0.00,0.00,0.000,0.000,0.00
1777903691,loop20,0.00,0.00,0.000,0.000,0.00
1777903691,loop21,0.00,0.00,0.000,0.000,0.00
1777903691,loop22,0.00,0.00,0.000,0.000,0.00
1777903691,loop23,0.00,0.00,0.000,0.000,0.00
1777903691,loop24,0.00,0.00,0.000,0.000,0.00
1777903691,loop25,0.00,0.00,0.000,0.000,0.00
1777903691,loop26,0.00,0.00,0.000,0.000,0.00
1777903691,loop27,0.00,0.00,0.000,0.000,0.00
1777903691,loop28,0.00,0.00,0.000,0.000,0.00
1777903691,loop29,0.00,0.00,0.000,0.000,0.00
1777903691,loop3,0.00,0.00,0.000,0.000,0.00
1777903691,loop30,0.00,0.00,0.000,0.000,0.00
1777903691,loop31,0.00,0.00,0.000,0.000,0.00
1777903691,loop32,0.00,0.00,0.000,0.000,0.00
1777903691,loop33,0.00,0.00,0.000,0.000,0.00
1777903691,loop34,0.00,0.00,0.000,0.000,0.00
1777903691,loop35,0.00,0.00,0.000,0.000,0.00
1777903691,loop36,0.00,0.00,0.000,0.000,0.00
1777903691,loop37,0.00,0.00,0.000,0.000,0.00
1777903691,loop38,0.00,0.00,0.000,0.000,0.00
1777903691,loop39,0.00,0.00,0.000,0.000,0.00
1777903691,loop4,0.00,0.00,0.000,0.000,0.00
1777903691,loop40,0.00,0.00,0.000,0.000,0.00
1777903691,loop5,0.00,0.00,0.000,0.000,0.00
1777903691,loop6,0.00,0.00,0.000,0.000,0.00
1777903691,loop7,0.00,0.00,0.000,0.000,0.00
1777903691,loop8,0.00,0.00,0.000,0.000,0.00
1777903691,loop9,0.00,0.00,0.000,0.000,0.00
1777903691,nvme0n1,0.00,0.00,0.000,0.000,0.00
1777903692,loop0,0.00,0.00,0.000,0.000,0.00
1777903692,loop1,0.00,0.00,0.000,0.000,0.00
1777903692,loop10,0.00,0.00,0.000,0.000,0.00
1777903692,loop11,0.00,0.00,0.000,0.000,0.00
1777903692,loop12,0.00,0.00,0.000,0.000,0.00
1777903692,loop13,0.00,0.00,0.000,0.000,0.00
1777903692,loop14,0.00,0.00,0.000,0.000,0.00
1777903692,loop15,0.00,0.00,0.000,0.000,0.00
1777903692,loop16,0.00,0.00,0.000,0.000,0.00
1777903692,loop17,0.00,0.00,0.000,0.000,0.00
1777903692,loop18,0.00,0.00,0.000,0.000,0.00
1777903692,loop19,0.00,0.00,0.000,0.000,0.00
1777903692,loop2,0.00,0.00,0.000,0.000,0.00
1777903692,loop20,0.00,0.00,0.000,0.000,0.00
1777903692,loop21,0.00,0.00,0.000,0.000,0.00
1777903692,loop22,0.00,0.00,0.000,0.000,0.00
1777903692,loop23,0.00,0.00,0.000,0.000,0.00
1777903692,loop24,0.00,0.00,0.000,0.000,0.00
1777903692,loop25,0.00,0.00,0.000,0.000,0.00
1777903692,loop26,0.00,0.00,0.000,0.000,0.00
1777903692,loop27,0.00,0.00,0.000,0.000,0.00
1777903692,loop28,0.00,0.00,0.000,0.000,0.00
1777903692,loop29,0.00,0.00,0.000,0.000,0.00
1777903692,loop3,0.00,0.00,0.000,0.000,0.00
1777903692,loop30,0.00,0.00,0.000,0.000,0.00
1777903692,loop31,0.00,0.00,0.000,0.000,0.00
1777903692,loop32,0.00,0.00,0.000,0.000,0.00
1777903692,loop33,0.00,0.00,0.000,0.000,0.00
1777903692,loop34,0.00,0.00,0.000,0.000,0.00
1777903692,loop35,0.00,0.00,0.000,0.000,0.00
1777903692,loop36,0.00,0.00,0.000,0.000,0.00
1777903692,loop37,0.00,0.00,0.000,0.000,0.00
1777903692,loop38,0.00,0.00,0.000,0.000,0.00
1777903692,loop39,0.00,0.00,0.000,0.000,0.00
1777903692,loop4,0.00,0.00,0.000,0.000,0.00
1777903692,loop40,0.00,0.00,0.000,0.000,0.00
1777903692,loop5,0.00,0.00,0.000,0.000,0.00
1777903692,loop6,0.00,0.00,0.000,0.000,0.00
1777903692,loop7,0.00,0.00,0.000,0.000,0.00
1777903692,loop8,0.00,0.00,0.000,0.000,0.00
1777903692,loop9,0.00,0.00,0.000,0.000,0.00
1777903692,nvme0n1,776.00,4020.00,0.224,0.022,3.50
1777903693,loop0,0.00,0.00,0.000,0.000,0.00
1777903693,loop1,0.00,0.00,0.000,0.000,0.00
1777903693,loop10,0.00,0.00,0.000,0.000,0.00
1777903693,loop11,0.00,0.00,0.000,0.000,0.00
1777903693,loop12,0.00,0.00,0.000,0.000,0.00
1777903693,loop13,0.00,0.00,0.000,0.000,0.00
1777903693,loop14,0.00,0.00,0.000,0.000,0.00
1777903693,loop15,0.00,0.00,0.000,0.000,0.00
1777903693,loop16,0.00,0.00,0.000,0.000,0.00
1777903693,loop17,0.00,0.00,0.000,0.000,0.00
1777903693,loop18,0.00,0.00,0.000,0.000,0.00
1777903693,loop19,0.00,0.00,0.000,0.000,0.00
1777903693,loop2,0.00,0.00,0.000,0.000,0.00
1777903693,loop20,0.00,0.00,0.000,0.000,0.00
1777903693,loop21,0.00,0.00,0.000,0.000,0.00
1777903693,loop22,0.00,0.00,0.000,0.000,0.00
1777903693,loop23,0.00,0.00,0.000,0.000,0.00
1777903693,loop24,0.00,0.00,0.000,0.000,0.00
1777903693,loop25,0.00,0.00,0.000,0.000,0.00
1777903693,loop26,0.00,0.00,0.000,0.000,0.00
1777903693,loop27,0.00,0.00,0.000,0.000,0.00
1777903693,loop28,0.00,0.00,0.000,0.000,0.00
1777903693,loop29,0.00,0.00,0.000,0.000,0.00
1777903693,loop3,0.00,0.00,0.000,0.000,0.00
1777903693,loop30,0.00,0.00,0.000,0.000,0.00
1777903693,loop31,0.00,0.00,0.000,0.000,0.00
1777903693,loop32,0.00,0.00,0.000,0.000,0.00
1777903693,loop33,0.00,0.00,0.000,0.000,0.00
1777903693,loop34,0.00,0.00,0.000,0.000,0.00
1777903693,loop35,0.00,0.00,0.000,0.000,0.00
1777903693,loop36,0.00,0.00,0.000,0.000,0.00
1777903693,loop37,0.00,0.00,0.000,0.000,0.00
1777903693,loop38,0.00,0.00,0.000,0.000,0.00
1777903693,loop39,0.00,0.00,0.000,0.000,0.00
1777903693,loop4,0.00,0.00,0.000,0.000,0.00
1777903693,loop40,0.00,0.00,0.000,0.000,0.00
1777903693,loop5,0.00,0.00,0.000,0.000,0.00
1777903693,loop6,0.00,0.00,0.000,0.000,0.00
1777903693,loop7,0.00,0.00,0.000,0.000,0.00
1777903693,loop8,0.00,0.00,0.000,0.000,0.00
1777903693,loop9,0.00,0.00,0.000,0.000,0.00
1777903693,nvme0n1,1805.00,8508.00,0.296,0.014,8.20
1777903694,loop0,0.00,0.00,0.000,0.000,0.00
1777903694,loop1,0.00,0.00,0.000,0.000,0.00
1777903694,loop10,0.00,0.00,0.000,0.000,0.00
1777903694,loop11,0.00,0.00,0.000,0.000,0.00
1777903694,loop12,0.00,0.00,0.000,0.000,0.00
1777903694,loop13,0.00,0.00,0.000,0.000,0.00
1777903694,loop14,0.00,0.00,0.000,0.000,0.00
1777903694,loop15,0.00,0.00,0.000,0.000,0.00
1777903694,loop16,0.00,0.00,0.000,0.000,0.00
1777903694,loop17,0.00,0.00,0.000,0.000,0.00
1777903694,loop18,0.00,0.00,0.000,0.000,0.00
1777903694,loop19,0.00,0.00,0.000,0.000,0.00
1777903694,loop2,0.00,0.00,0.000,0.000,0.00
1777903694,loop20,0.00,0.00,0.000,0.000,0.00
1777903694,loop21,0.00,0.00,0.000,0.000,0.00
1777903694,loop22,0.00,0.00,0.000,0.000,0.00
1777903694,loop23,0.00,0.00,0.000,0.000,0.00
1777903694,loop24,0.00,0.00,0.000,0.000,0.00
1777903694,loop25,0.00,0.00,0.000,0.000,0.00
1777903694,loop26,0.00,0.00,0.000,0.000,0.00
1777903694,loop27,0.00,0.00,0.000,0.000,0.00
1777903694,loop28,0.00,0.00,0.000,0.000,0.00
1777903694,loop29,0.00,0.00,0.000,0.000,0.00
1777903694,loop3,0.00,0.00,0.000,0.000,0.00
1777903694,loop30,0.00,0.00,0.000,0.000,0.00
1777903694,loop31,0.00,0.00,0.000,0.000,0.00
1777903694,loop32,0.00,0.00,0.000,0.000,0.00
1777903694,loop33,0.00,0.00,0.000,0.000,0.00
1777903694,loop34,0.00,0.00,0.000,0.000,0.00
1777903694,loop35,0.00,0.00,0.000,0.000,0.00
1777903694,loop36,0.00,0.00,0.000,0.000,0.00
1777903694,loop37,0.00,0.00,0.000,0.000,0.00
1777903694,loop38,0.00,0.00,0.000,0.000,0.00
1777903694,loop39,0.00,0.00,0.000,0.000,0.00
1777903694,loop4,0.00,0.00,0.000,0.000,0.00
1777903694,loop40,0.00,0.00,0.000,0.000,0.00
1777903694,loop5,0.00,0.00,0.000,0.000,0.00
1777903694,loop6,0.00,0.00,0.000,0.000,0.00
1777903694,loop7,0.00,0.00,0.000,0.000,0.00
1777903694,loop8,0.00,0.00,0.000,0.000,0.00
1777903694,loop9,0.00,0.00,0.000,0.000,0.00
1777903694,nvme0n1,523.00,2476.00,0.094,0.015,2.70
1777903695,loop0,0.00,0.00,0.000,0.000,0.00
1777903695,loop1,0.00,0.00,0.000,0.000,0.00
1777903695,loop10,0.00,0.00,0.000,0.000,0.00
1777903695,loop11,0.00,0.00,0.000,0.000,0.00
1777903695,loop12,0.00,0.00,0.000,0.000,0.00
1777903695,loop13,0.00,0.00,0.000,0.000,0.00
1777903695,loop14,0.00,0.00,0.000,0.000,0.00
1777903695,loop15,0.00,0.00,0.000,0.000,0.00
1777903695,loop16,0.00,0.00,0.000,0.000,0.00
1777903695,loop17,0.00,0.00,0.000,0.000,0.00
1777903695,loop18,0.00,0.00,0.000,0.000,0.00
1777903695,loop19,0.00,0.00,0.000,0.000,0.00
1777903695,loop2,0.00,0.00,0.000,0.000,0.00
1777903695,loop20,0.00,0.00,0.000,0.000,0.00
1777903695,loop21,0.00,0.00,0.000,0.000,0.00
1777903695,loop22,0.00,0.00,0.000,0.000,0.00
1777903695,loop23,0.00,0.00,0.000,0.000,0.00
1777903695,loop24,0.00,0.00,0.000,0.000,0.00
1777903695,loop25,0.00,0.00,0.000,0.000,0.00
1777903695,loop26,0.00,0.00,0.000,0.000,0.00
1777903695,loop27,0.00,0.00,0.000,0.000,0.00
1777903695,loop28,0.00,0.00,0.000,0.000,0.00
1777903695,loop29,0.00,0.00,0.000,0.000,0.00
1777903695,loop3,0.00,0.00,0.000,0.000,0.00
1777903695,loop30,0.00,0.00,0.000,0.000,0.00
1777903695,loop31,0.00,0.00,0.000,0.000,0.00
1777903695,loop32,0.00,0.00,0.000,0.000,0.00
1777903695,loop33,0.00,0.00,0.000,0.000,0.00
1777903695,loop34,0.00,0.00,0.000,0.000,0.00
1777903695,loop35,0.00,0.00,0.000,0.000,0.00
1777903695,loop36,0.00,0.00,0.000,0.000,0.00
1777903695,loop37,0.00,0.00,0.000,0.000,0.00
1777903695,loop38,0.00,0.00,0.000,0.000,0.00
1777903695,loop39,0.00,0.00,0.000,0.000,0.00
1777903695,loop4,0.00,0.00,0.000,0.000,0.00
1777903695,loop40,0.00,0.00,0.000,0.000,0.00
1777903695,loop5,0.00,0.00,0.000,0.000,0.00
1777903695,loop6,0.00,0.00,0.000,0.000,0.00
1777903695,loop7,0.00,0.00,0.000,0.000,0.00
1777903695,loop8,0.00,0.00,0.000,0.000,0.00
1777903695,loop9,0.00,0.00,0.000,0.000,0.00
1777903695,nvme0n1,516.00,2628.00,0.138,0.021,2.70
1777903696,loop0,0.00,0.00,0.000,0.000,0.00
1777903696,loop1,0.00,0.00,0.000,0.000,0.00
1777903696,loop10,0.00,0.00,0.000,0.000,0.00
1777903696,loop11,0.00,0.00,0.000,0.000,0.00
1777903696,loop12,0.00,0.00,0.000,0.000,0.00
1777903696,loop13,0.00,0.00,0.000,0.000,0.00
1777903696,loop14,0.00,0.00,0.000,0.000,0.00
1777903696,loop15,0.00,0.00,0.000,0.000,0.00
1777903696,loop16,0.00,0.00,0.000,0.000,0.00
1777903696,loop17,0.00,0.00,0.000,0.000,0.00
1777903696,loop18,0.00,0.00,0.000,0.000,0.00
1777903696,loop19,0.00,0.00,0.000,0.000,0.00
1777903696,loop2,0.00,0.00,0.000,0.000,0.00
1777903696,loop20,0.00,0.00,0.000,0.000,0.00
1777903696,loop21,0.00,0.00,0.000,0.000,0.00
1777903696,loop22,0.00,0.00,0.000,0.000,0.00
1777903696,loop23,0.00,0.00,0.000,0.000,0.00
1777903696,loop24,0.00,0.00,0.000,0.000,0.00
1777903696,loop25,0.00,0.00,0.000,0.000,0.00
1777903696,loop26,0.00,0.00,0.000,0.000,0.00
1777903696,loop27,0.00,0.00,0.000,0.000,0.00
1777903696,loop28,0.00,0.00,0.000,0.000,0.00
1777903696,loop29,0.00,0.00,0.000,0.000,0.00
1777903696,loop3,0.00,0.00,0.000,0.000,0.00
1777903696,loop30,0.00,0.00,0.000,0.000,0.00
1777903696,loop31,0.00,0.00,0.000,0.000,0.00
1777903696,loop32,0.00,0.00,0.000,0.000,0.00
1777903696,loop33,0.00,0.00,0.000,0.000,0.00
1777903696,loop34,0.00,0.00,0.000,0.000,0.00
1777903696,loop35,0.00,0.00,0.000,0.000,0.00
1777903696,loop36,0.00,0.00,0.000,0.000,0.00
1777903696,loop37,0.00,0.00,0.000,0.000,0.00
1777903696,loop38,0.00,0.00,0.000,0.000,0.00
1777903696,loop39,0.00,0.00,0.000,0.000,0.00
1777903696,loop4,0.00,0.00,0.000,0.000,0.00
1777903696,loop40,0.00,0.00,0.000,0.000,0.00
1777903696,loop5,0.00,0.00,0.000,0.000,0.00
1777903696,loop6,0.00,0.00,0.000,0.000,0.00
1777903696,loop7,0.00,0.00,0.000,0.000,0.00
1777903696,loop8,0.00,0.00,0.000,0.000,0.00
1777903696,loop9,0.00,0.00,0.000,0.000,0.00
1777903696,nvme0n1,14.00,72.00,0.004,0.022,0.20
1777903697,loop0,0.00,0.00,0.000,0.000,0.00
1777903697,loop1,0.00,0.00,0.000,0.000,0.00
1777903697,loop10,0.00,0.00,0.000,0.000,0.00
1777903697,loop11,0.00,0.00,0.000,0.000,0.00
1777903697,loop12,0.00,0.00,0.000,0.000,0.00
1777903697,loop13,0.00,0.00,0.000,0.000,0.00
1777903697,loop14,0.00,0.00,0.000,0.000,0.00
1777903697,loop15,0.00,0.00,0.000,0.000,0.00
1777903697,loop16,0.00,0.00,0.000,0.000,0.00
1777903697,loop17,0.00,0.00,0.000,0.000,0.00
1777903697,loop18,0.00,0.00,0.000,0.000,0.00
1777903697,loop19,0.00,0.00,0.000,0.000,0.00
1777903697,loop2,0.00,0.00,0.000,0.000,0.00
1777903697,loop20,0.00,0.00,0.000,0.000,0.00
1777903697,loop21,0.00,0.00,0.000,0.000,0.00
1777903697,loop22,0.00,0.00,0.000,0.000,0.00
1777903697,loop23,0.00,0.00,0.000,0.000,0.00
1777903697,loop24,0.00,0.00,0.000,0.000,0.00
1777903697,loop25,0.00,0.00,0.000,0.000,0.00
1777903697,loop26,0.00,0.00,0.000,0.000,0.00
1777903697,loop27,0.00,0.00,0.000,0.000,0.00
1777903697,loop28,0.00,0.00,0.000,0.000,0.00
1777903697,loop29,0.00,0.00,0.000,0.000,0.00
1777903697,loop3,0.00,0.00,0.000,0.000,0.00
1777903697,loop30,0.00,0.00,0.000,0.000,0.00
1777903697,loop31,0.00,0.00,0.000,0.000,0.00
1777903697,loop32,0.00,0.00,0.000,0.000,0.00
1777903697,loop33,0.00,0.00,0.000,0.000,0.00
1777903697,loop34,0.00,0.00,0.000,0.000,0.00
1777903697,loop35,0.00,0.00,0.000,0.000,0.00
1777903697,loop36,0.00,0.00,0.000,0.000,0.00
1777903697,loop37,0.00,0.00,0.000,0.000,0.00
1777903697,loop38,0.00,0.00,0.000,0.000,0.00
1777903697,loop39,0.00,0.00,0.000,0.000,0.00
1777903697,loop4,0.00,0.00,0.000,0.000,0.00
1777903697,loop40,0.00,0.00,0.000,0.000,0.00
1777903697,loop5,0.00,0.00,0.000,0.000,0.00
1777903697,loop6,0.00,0.00,0.000,0.000,0.00
1777903697,loop7,0.00,0.00,0.000,0.000,0.00
1777903697,loop8,0.00,0.00,0.000,0.000,0.00
1777903697,loop9,0.00,0.00,0.000,0.000,0.00
1777903697,nvme0n1,6.00,24.00,0.000,0.000,0.10
1777903698,loop0,0.00,0.00,0.000,0.000,0.00
1777903698,loop1,0.00,0.00,0.000,0.000,0.00
1777903698,loop10,0.00,0.00,0.000,0.000,0.00
1777903698,loop11,0.00,0.00,0.000,0.000,0.00
1777903698,loop12,0.00,0.00,0.000,0.000,0.00
1777903698,loop13,0.00,0.00,0.000,0.000,0.00
1777903698,loop14,0.00,0.00,0.000,0.000,0.00
1777903698,loop15,0.00,0.00,0.000,0.000,0.00
1777903698,loop16,0.00,0.00,0.000,0.000,0.00
1777903698,loop17,0.00,0.00,0.000,0.000,0.00
1777903698,loop18,0.00,0.00,0.000,0.000,0.00
1777903698,loop19,0.00,0.00,0.000,0.000,0.00
1777903698,loop2,0.00,0.00,0.000,0.000,0.00
1777903698,loop20,0.00,0.00,0.000,0.000,0.00
1777903698,loop21,0.00,0.00,0.000,0.000,0.00
1777903698,loop22,0.00,0.00,0.000,0.000,0.00
1777903698,loop23,0.00,0.00,0.000,0.000,0.00
1777903698,loop24,0.00,0.00,0.000,0.000,0.00
1777903698,loop25,0.00,0.00,0.000,0.000,0.00
1777903698,loop26,0.00,0.00,0.000,0.000,0.00
1777903698,loop27,0.00,0.00,0.000,0.000,0.00
1777903698,loop28,0.00,0.00,0.000,0.000,0.00
1777903698,loop29,0.00,0.00,0.000,0.000,0.00
1777903698,loop3,0.00,0.00,0.000,0.000,0.00
1777903698,loop30,0.00,0.00,0.000,0.000,0.00
1777903698,loop31,0.00,0.00,0.000,0.000,0.00
1777903698,loop32,0.00,0.00,0.000,0.000,0.00
1777903698,loop33,0.00,0.00,0.000,0.000,0.00
1777903698,loop34,0.00,0.00,0.000,0.000,0.00
1777903698,loop35,0.00,0.00,0.000,0.000,0.00
1777903698,loop36,0.00,0.00,0.000,0.000,0.00
1777903698,loop37,0.00,0.00,0.000,0.000,0.00
1777903698,loop38,0.00,0.00,0.000,0.000,0.00
1777903698,loop39,0.00,0.00,0.000,0.000,0.00
1777903698,loop4,0.00,0.00,0.000,0.000,0.00
1777903698,loop40,0.00,0.00,0.000,0.000,0.00
1777903698,loop5,0.00,0.00,0.000,0.000,0.00
1777903698,loop6,0.00,0.00,0.000,0.000,0.00
1777903698,loop7,0.00,0.00,0.000,0.000,0.00
1777903698,loop8,0.00,0.00,0.000,0.000,0.00
1777903698,loop9,0.00,0.00,0.000,0.000,0.00
1777903698,nvme0n1,3.00,12.00,0.000,0.000,0.40
1777903699,loop0,0.00,0.00,0.000,0.000,0.00
1777903699,loop1,0.00,0.00,0.000,0.000,0.00
1777903699,loop10,0.00,0.00,0.000,0.000,0.00
1777903699,loop11,0.00,0.00,0.000,0.000,0.00
1777903699,loop12,0.00,0.00,0.000,0.000,0.00
1777903699,loop13,0.00,0.00,0.000,0.000,0.00
1777903699,loop14,0.00,0.00,0.000,0.000,0.00
1777903699,loop15,0.00,0.00,0.000,0.000,0.00
1777903699,loop16,0.00,0.00,0.000,0.000,0.00
1777903699,loop17,0.00,0.00,0.000,0.000,0.00
1777903699,loop18,0.00,0.00,0.000,0.000,0.00
1777903699,loop19,0.00,0.00,0.000,0.000,0.00
1777903699,loop2,0.00,0.00,0.000,0.000,0.00
1777903699,loop20,0.00,0.00,0.000,0.000,0.00
1777903699,loop21,0.00,0.00,0.000,0.000,0.00
1777903699,loop22,0.00,0.00,0.000,0.000,0.00
1777903699,loop23,0.00,0.00,0.000,0.000,0.00
1777903699,loop24,0.00,0.00,0.000,0.000,0.00
1777903699,loop25,0.00,0.00,0.000,0.000,0.00
1777903699,loop26,0.00,0.00,0.000,0.000,0.00
1777903699,loop27,0.00,0.00,0.000,0.000,0.00
1777903699,loop28,0.00,0.00,0.000,0.000,0.00
1777903699,loop29,0.00,0.00,0.000,0.000,0.00
1777903699,loop3,0.00,0.00,0.000,0.000,0.00
1777903699,loop30,0.00,0.00,0.000,0.000,0.00
1777903699,loop31,0.00,0.00,0.000,0.000,0.00
1777903699,loop32,0.00,0.00,0.000,0.000,0.00
1777903699,loop33,0.00,0.00,0.000,0.000,0.00
1777903699,loop34,0.00,0.00,0.000,0.000,0.00
1777903699,loop35,0.00,0.00,0.000,0.000,0.00
1777903699,loop36,0.00,0.00,0.000,0.000,0.00
1777903699,loop37,0.00,0.00,0.000,0.000,0.00
1777903699,loop38,0.00,0.00,0.000,0.000,0.00
1777903699,loop39,0.00,0.00,0.000,0.000,0.00
1777903699,loop4,0.00,0.00,0.000,0.000,0.00
1777903699,loop40,0.00,0.00,0.000,0.000,0.00
1777903699,loop5,0.00,0.00,0.000,0.000,0.00
1777903699,loop6,0.00,0.00,0.000,0.000,0.00
1777903699,loop7,0.00,0.00,0.000,0.000,0.00
1777903699,loop8,0.00,0.00,0.000,0.000,0.00
1777903699,loop9,0.00,0.00,0.000,0.000,0.00
1777903699,nvme0n1,4.00,16.00,0.000,0.000,0.10
1777903700,loop0,0.00,0.00,0.000,0.000,0.00
1777903700,loop1,0.00,0.00,0.000,0.000,0.00
1777903700,loop10,0.00,0.00,0.000,0.000,0.00
1777903700,loop11,0.00,0.00,0.000,0.000,0.00
1777903700,loop12,0.00,0.00,0.000,0.000,0.00
1777903700,loop13,0.00,0.00,0.000,0.000,0.00
1777903700,loop14,0.00,0.00,0.000,0.000,0.00
1777903700,loop15,0.00,0.00,0.000,0.000,0.00
1777903700,loop16,0.00,0.00,0.000,0.000,0.00
1777903700,loop17,0.00,0.00,0.000,0.000,0.00
1777903700,loop18,0.00,0.00,0.000,0.000,0.00
1777903700,loop19,0.00,0.00,0.000,0.000,0.00
1777903700,loop2,0.00,0.00,0.000,0.000,0.00
1777903700,loop20,0.00,0.00,0.000,0.000,0.00
1777903700,loop21,0.00,0.00,0.000,0.000,0.00
1777903700,loop22,0.00,0.00,0.000,0.000,0.00
1777903700,loop23,0.00,0.00,0.000,0.000,0.00
1777903700,loop24,0.00,0.00,0.000,0.000,0.00
1777903700,loop25,0.00,0.00,0.000,0.000,0.00
1777903700,loop26,0.00,0.00,0.000,0.000,0.00
1777903700,loop27,0.00,0.00,0.000,0.000,0.00
1777903700,loop28,0.00,0.00,0.000,0.000,0.00
1777903700,loop29,0.00,0.00,0.000,0.000,0.00
1777903700,loop3,0.00,0.00,0.000,0.000,0.00
1777903700,loop30,0.00,0.00,0.000,0.000,0.00
1777903700,loop31,0.00,0.00,0.000,0.000,0.00
1777903700,loop32,0.00,0.00,0.000,0.000,0.00
1777903700,loop33,0.00,0.00,0.000,0.000,0.00
1777903700,loop34,0.00,0.00,0.000,0.000,0.00
1777903700,loop35,0.00,0.00,0.000,0.000,0.00
1777903700,loop36,0.00,0.00,0.000,0.000,0.00
1777903700,loop37,0.00,0.00,0.000,0.000,0.00
1777903700,loop38,0.00,0.00,0.000,0.000,0.00
1777903700,loop39,0.00,0.00,0.000,0.000,0.00
1777903700,loop4,0.00,0.00,0.000,0.000,0.00
1777903700,loop40,0.00,0.00,0.000,0.000,0.00
1777903700,loop5,0.00,0.00,0.000,0.000,0.00
1777903700,loop6,0.00,0.00,0.000,0.000,0.00
1777903700,loop7,0.00,0.00,0.000,0.000,0.00
1777903700,loop8,0.00,0.00,0.000,0.000,0.00
1777903700,loop9,0.00,0.00,0.000,0.000,0.00
1777903700,nvme0n1,10.00,44.00,0.001,0.009,0.70
1777903701,loop0,0.00,0.00,0.000,0.000,0.00
1777903701,loop1,0.00,0.00,0.000,0.000,0.00
1777903701,loop10,0.00,0.00,0.000,0.000,0.00
1777903701,loop11,0.00,0.00,0.000,0.000,0.00
1777903701,loop12,0.00,0.00,0.000,0.000,0.00
1777903701,loop13,0.00,0.00,0.000,0.000,0.00
1777903701,loop14,0.00,0.00,0.000,0.000,0.00
1777903701,loop15,0.00,0.00,0.000,0.000,0.00
1777903701,loop16,0.00,0.00,0.000,0.000,0.00
1777903701,loop17,0.00,0.00,0.000,0.000,0.00
1777903701,loop18,0.00,0.00,0.000,0.000,0.00
1777903701,loop19,0.00,0.00,0.000,0.000,0.00
1777903701,loop2,0.00,0.00,0.000,0.000,0.00
1777903701,loop20,0.00,0.00,0.000,0.000,0.00
1777903701,loop21,0.00,0.00,0.000,0.000,0.00
1777903701,loop22,0.00,0.00,0.000,0.000,0.00
1777903701,loop23,0.00,0.00,0.000,0.000,0.00
1777903701,loop24,0.00,0.00,0.000,0.000,0.00
1777903701,loop25,0.00,0.00,0.000,0.000,0.00
1777903701,loop26,0.00,0.00,0.000,0.000,0.00
1777903701,loop27,0.00,0.00,0.000,0.000,0.00
1777903701,loop28,0.00,0.00,0.000,0.000,0.00
1777903701,loop29,0.00,0.00,0.000,0.000,0.00
1777903701,loop3,0.00,0.00,0.000,0.000,0.00
1777903701,loop30,0.00,0.00,0.000,0.000,0.00
1777903701,loop31,0.00,0.00,0.000,0.000,0.00
1777903701,loop32,0.00,0.00,0.000,0.000,0.00
1777903701,loop33,0.00,0.00,0.000,0.000,0.00
1777903701,loop34,0.00,0.00,0.000,0.000,0.00
1777903701,loop35,0.00,0.00,0.000,0.000,0.00
1777903701,loop36,0.00,0.00,0.000,0.000,0.00
1777903701,loop37,0.00,0.00,0.000,0.000,0.00
1777903701,loop38,0.00,0.00,0.000,0.000,0.00
1777903701,loop39,0.00,0.00,0.000,0.000,0.00
1777903701,loop4,0.00,0.00,0.000,0.000,0.00
1777903701,loop40,0.00,0.00,0.000,0.000,0.00
1777903701,loop5,0.00,0.00,0.000,0.000,0.00
1777903701,loop6,0.00,0.00,0.000,0.000,0.00
1777903701,loop7,0.00,0.00,0.000,0.000,0.00
1777903701,loop8,0.00,0.00,0.000,0.000,0.00
1777903701,loop9,0.00,0.00,0.000,0.000,0.00
1777903701,nvme0n1,1.00,4.00,0.000,0.000,0.10
1777903702,loop0,0.00,0.00,0.000,0.000,0.00
1777903702,loop1,0.00,0.00,0.000,0.000,0.00
1777903702,loop10,0.00,0.00,0.000,0.000,0.00
1777903702,loop11,0.00,0.00,0.000,0.000,0.00
1777903702,loop12,0.00,0.00,0.000,0.000,0.00
1777903702,loop13,0.00,0.00,0.000,0.000,0.00
1777903702,loop14,0.00,0.00,0.000,0.000,0.00
1777903702,loop15,0.00,0.00,0.000,0.000,0.00
1777903702,loop16,0.00,0.00,0.000,0.000,0.00
1777903702,loop17,0.00,0.00,0.000,0.000,0.00
1777903702,loop18,0.00,0.00,0.000,0.000,0.00
1777903702,loop19,0.00,0.00,0.000,0.000,0.00
1777903702,loop2,0.00,0.00,0.000,0.000,0.00
1777903702,loop20,0.00,0.00,0.000,0.000,0.00
1777903702,loop21,0.00,0.00,0.000,0.000,0.00
1777903702,loop22,0.00,0.00,0.000,0.000,0.00
1777903702,loop23,0.00,0.00,0.000,0.000,0.00
1777903702,loop24,0.00,0.00,0.000,0.000,0.00
1777903702,loop25,0.00,0.00,0.000,0.000,0.00
1777903702,loop26,0.00,0.00,0.000,0.000,0.00
1777903702,loop27,0.00,0.00,0.000,0.000,0.00
1777903702,loop28,0.00,0.00,0.000,0.000,0.00
1777903702,loop29,0.00,0.00,0.000,0.000,0.00
1777903702,loop3,0.00,0.00,0.000,0.000,0.00
1777903702,loop30,0.00,0.00,0.000,0.000,0.00
1777903702,loop31,0.00,0.00,0.000,0.000,0.00
1777903702,loop32,0.00,0.00,0.000,0.000,0.00
1777903702,loop33,0.00,0.00,0.000,0.000,0.00
1777903702,loop34,0.00,0.00,0.000,0.000,0.00
1777903702,loop35,0.00,0.00,0.000,0.000,0.00
1777903702,loop36,0.00,0.00,0.000,0.000,0.00
1777903702,loop37,0.00,0.00,0.000,0.000,0.00
1777903702,loop38,0.00,0.00,0.000,0.000,0.00
1777903702,loop39,0.00,0.00,0.000,0.000,0.00
1777903702,loop4,0.00,0.00,0.000,0.000,0.00
1777903702,loop40,0.00,0.00,0.000,0.000,0.00
1777903702,loop5,0.00,0.00,0.000,0.000,0.00
1777903702,loop6,0.00,0.00,0.000,0.000,0.00
1777903702,loop7,0.00,0.00,0.000,0.000,0.00
1777903702,loop8,0.00,0.00,0.000,0.000,0.00
1777903702,loop9,0.00,0.00,0.000,0.000,0.00
1777903702,nvme0n1,9.00,52.00,0.004,0.030,0.20
1777903703,loop0,0.00,0.00,0.000,0.000,0.00
1777903703,loop1,0.00,0.00,0.000,0.000,0.00
1777903703,loop10,0.00,0.00,0.000,0.000,0.00
1777903703,loop11,0.00,0.00,0.000,0.000,0.00
1777903703,loop12,0.00,0.00,0.000,0.000,0.00
1777903703,loop13,0.00,0.00,0.000,0.000,0.00
1777903703,loop14,0.00,0.00,0.000,0.000,0.00
1777903703,loop15,0.00,0.00,0.000,0.000,0.00
1777903703,loop16,0.00,0.00,0.000,0.000,0.00
1777903703,loop17,0.00,0.00,0.000,0.000,0.00
1777903703,loop18,0.00,0.00,0.000,0.000,0.00
1777903703,loop19,0.00,0.00,0.000,0.000,0.00
1777903703,loop2,0.00,0.00,0.000,0.000,0.00
1777903703,loop20,0.00,0.00,0.000,0.000,0.00
1777903703,loop21,0.00,0.00,0.000,0.000,0.00
1777903703,loop22,0.00,0.00,0.000,0.000,0.00
1777903703,loop23,0.00,0.00,0.000,0.000,0.00
1777903703,loop24,0.00,0.00,0.000,0.000,0.00
1777903703,loop25,0.00,0.00,0.000,0.000,0.00
1777903703,loop26,0.00,0.00,0.000,0.000,0.00
1777903703,loop27,0.00,0.00,0.000,0.000,0.00
1777903703,loop28,0.00,0.00,0.000,0.000,0.00
1777903703,loop29,0.00,0.00,0.000,0.000,0.00
1777903703,loop3,0.00,0.00,0.000,0.000,0.00
1777903703,loop30,0.00,0.00,0.000,0.000,0.00
1777903703,loop31,0.00,0.00,0.000,0.000,0.00
1777903703,loop32,0.00,0.00,0.000,0.000,0.00
1777903703,loop33,0.00,0.00,0.000,0.000,0.00
1777903703,loop34,0.00,0.00,0.000,0.000,0.00
1777903703,loop35,0.00,0.00,0.000,0.000,0.00
1777903703,loop36,0.00,0.00,0.000,0.000,0.00
1777903703,loop37,0.00,0.00,0.000,0.000,0.00
1777903703,loop38,0.00,0.00,0.000,0.000,0.00
1777903703,loop39,0.00,0.00,0.000,0.000,0.00
1777903703,loop4,0.00,0.00,0.000,0.000,0.00
1777903703,loop40,0.00,0.00,0.000,0.000,0.00
1777903703,loop5,0.00,0.00,0.000,0.000,0.00
1777903703,loop6,0.00,0.00,0.000,0.000,0.00
1777903703,loop7,0.00,0.00,0.000,0.000,0.00
1777903703,loop8,0.00,0.00,0.000,0.000,0.00
1777903703,loop9,0.00,0.00,0.000,0.000,0.00
1777903703,nvme0n1,17.00,76.00,0.002,0.010,0.30
1777903704,loop0,0.00,0.00,0.000,0.000,0.00
1777903704,loop1,0.00,0.00,0.000,0.000,0.00
1777903704,loop10,0.00,0.00,0.000,0.000,0.00
1777903704,loop11,0.00,0.00,0.000,0.000,0.00
1777903704,loop12,0.00,0.00,0.000,0.000,0.00
1777903704,loop13,0.00,0.00,0.000,0.000,0.00
1777903704,loop14,0.00,0.00,0.000,0.000,0.00
1777903704,loop15,0.00,0.00,0.000,0.000,0.00
1777903704,loop16,0.00,0.00,0.000,0.000,0.00
1777903704,loop17,0.00,0.00,0.000,0.000,0.00
1777903704,loop18,0.00,0.00,0.000,0.000,0.00
1777903704,loop19,0.00,0.00,0.000,0.000,0.00
1777903704,loop2,0.00,0.00,0.000,0.000,0.00
1777903704,loop20,0.00,0.00,0.000,0.000,0.00
1777903704,loop21,0.00,0.00,0.000,0.000,0.00
1777903704,loop22,0.00,0.00,0.000,0.000,0.00
1777903704,loop23,0.00,0.00,0.000,0.000,0.00
1777903704,loop24,0.00,0.00,0.000,0.000,0.00
1777903704,loop25,0.00,0.00,0.000,0.000,0.00
1777903704,loop26,0.00,0.00,0.000,0.000,0.00
1777903704,loop27,0.00,0.00,0.000,0.000,0.00
1777903704,loop28,0.00,0.00,0.000,0.000,0.00
1777903704,loop29,0.00,0.00,0.000,0.000,0.00
1777903704,loop3,0.00,0.00,0.000,0.000,0.00
1777903704,loop30,0.00,0.00,0.000,0.000,0.00
1777903704,loop31,0.00,0.00,0.000,0.000,0.00
1777903704,loop32,0.00,0.00,0.000,0.000,0.00
1777903704,loop33,0.00,0.00,0.000,0.000,0.00
1777903704,loop34,0.00,0.00,0.000,0.000,0.00
1777903704,loop35,0.00,0.00,0.000,0.000,0.00
1777903704,loop36,0.00,0.00,0.000,0.000,0.00
1777903704,loop37,0.00,0.00,0.000,0.000,0.00
1777903704,loop38,0.00,0.00,0.000,0.000,0.00
1777903704,loop39,0.00,0.00,0.000,0.000,0.00
1777903704,loop4,0.00,0.00,0.000,0.000,0.00
1777903704,loop40,0.00,0.00,0.000,0.000,0.00
1777903704,loop5,0.00,0.00,0.000,0.000,0.00
1777903704,loop6,0.00,0.00,0.000,0.000,0.00
1777903704,loop7,0.00,0.00,0.000,0.000,0.00
1777903704,loop8,0.00,0.00,0.000,0.000,0.00
1777903704,loop9,0.00,0.00,0.000,0.000,0.00
1777903704,nvme0n1,0.00,0.00,0.000,0.000,0.40
1777903705,loop0,0.00,0.00,0.000,0.000,0.00
1777903705,loop1,0.00,0.00,0.000,0.000,0.00
1777903705,loop10,0.00,0.00,0.000,0.000,0.00
1777903705,loop11,0.00,0.00,0.000,0.000,0.00
1777903705,loop12,0.00,0.00,0.000,0.000,0.00
1777903705,loop13,0.00,0.00,0.000,0.000,0.00
1777903705,loop14,0.00,0.00,0.000,0.000,0.00
1777903705,loop15,0.00,0.00,0.000,0.000,0.00
1777903705,loop16,0.00,0.00,0.000,0.000,0.00
1777903705,loop17,0.00,0.00,0.000,0.000,0.00
1777903705,loop18,0.00,0.00,0.000,0.000,0.00
1777903705,loop19,0.00,0.00,0.000,0.000,0.00
1777903705,loop2,0.00,0.00,0.000,0.000,0.00
1777903705,loop20,0.00,0.00,0.000,0.000,0.00
1777903705,loop21,0.00,0.00,0.000,0.000,0.00
1777903705,loop22,0.00,0.00,0.000,0.000,0.00
1777903705,loop23,0.00,0.00,0.000,0.000,0.00
1777903705,loop24,0.00,0.00,0.000,0.000,0.00
1777903705,loop25,0.00,0.00,0.000,0.000,0.00
1777903705,loop26,0.00,0.00,0.000,0.000,0.00
1777903705,loop27,0.00,0.00,0.000,0.000,0.00
1777903705,loop28,0.00,0.00,0.000,0.000,0.00
1777903705,loop29,0.00,0.00,0.000,0.000,0.00
1777903705,loop3,0.00,0.00,0.000,0.000,0.00
1777903705,loop30,0.00,0.00,0.000,0.000,0.00
1777903705,loop31,0.00,0.00,0.000,0.000,0.00
1777903705,loop32,0.00,0.00,0.000,0.000,0.00
1777903705,loop33,0.00,0.00,0.000,0.000,0.00
1777903705,loop34,0.00,0.00,0.000,0.000,0.00
1777903705,loop35,0.00,0.00,0.000,0.000,0.00
1777903705,loop36,0.00,0.00,0.000,0.000,0.00
1777903705,loop37,0.00,0.00,0.000,0.000,0.00
1777903705,loop38,0.00,0.00,0.000,0.000,0.00
1777903705,loop39,0.00,0.00,0.000,0.000,0.00
1777903705,loop4,0.00,0.00,0.000,0.000,0.00
1777903705,loop40,0.00,0.00,0.000,0.000,0.00
1777903705,loop5,0.00,0.00,0.000,0.000,0.00
1777903705,loop6,0.00,0.00,0.000,0.000,0.00
1777903705,loop7,0.00,0.00,0.000,0.000,0.00
1777903705,loop8,0.00,0.00,0.000,0.000,0.00
1777903705,loop9,0.00,0.00,0.000,0.000,0.00
1777903705,nvme0n1,0.00,0.00,0.000,0.000,0.00
1777903706,loop0,0.00,0.00,0.000,0.000,0.00
1777903706,loop1,0.00,0.00,0.000,0.000,0.00
1777903706,loop10,0.00,0.00,0.000,0.000,0.00
1777903706,loop11,0.00,0.00,0.000,0.000,0.00
1777903706,loop12,0.00,0.00,0.000,0.000,0.00
1777903706,loop13,0.00,0.00,0.000,0.000,0.00
1777903706,loop14,0.00,0.00,0.000,0.000,0.00
1777903706,loop15,0.00,0.00,0.000,0.000,0.00
1777903706,loop16,0.00,0.00,0.000,0.000,0.00
1777903706,loop17,0.00,0.00,0.000,0.000,0.00
1777903706,loop18,0.00,0.00,0.000,0.000,0.00
1777903706,loop19,0.00,0.00,0.000,0.000,0.00
1777903706,loop2,0.00,0.00,0.000,0.000,0.00
1777903706,loop20,0.00,0.00,0.000,0.000,0.00
1777903706,loop21,0.00,0.00,0.000,0.000,0.00
1777903706,loop22,0.00,0.00,0.000,0.000,0.00
1777903706,loop23,0.00,0.00,0.000,0.000,0.00
1777903706,loop24,0.00,0.00,0.000,0.000,0.00
1777903706,loop25,0.00,0.00,0.000,0.000,0.00
1777903706,loop26,0.00,0.00,0.000,0.000,0.00
1777903706,loop27,0.00,0.00,0.000,0.000,0.00
1777903706,loop28,0.00,0.00,0.000,0.000,0.00
1777903706,loop29,0.00,0.00,0.000,0.000,0.00
1777903706,loop3,0.00,0.00,0.000,0.000,0.00
1777903706,loop30,0.00,0.00,0.000,0.000,0.00
1777903706,loop31,0.00,0.00,0.000,0.000,0.00
1777903706,loop32,0.00,0.00,0.000,0.000,0.00
1777903706,loop33,0.00,0.00,0.000,0.000,0.00
1777903706,loop34,0.00,0.00,0.000,0.000,0.00
1777903706,loop35,0.00,0.00,0.000,0.000,0.00
1777903706,loop36,0.00,0.00,0.000,0.000,0.00
1777903706,loop37,0.00,0.00,0.000,0.000,0.00
1777903706,loop38,0.00,0.00,0.000,0.000,0.00
1777903706,loop39,0.00,0.00,0.000,0.000,0.00
1777903706,loop4,0.00,0.00,0.000,0.000,0.00
1777903706,loop40,0.00,0.00,0.000,0.000,0.00
1777903706,loop5,0.00,0.00,0.000,0.000,0.00
1777903706,loop6,0.00,0.00,0.000,0.000,0.00
1777903706,loop7,0.00,0.00,0.000,0.000,0.00
1777903706,loop8,0.00,0.00,0.000,0.000,0.00
1777903706,loop9,0.00,0.00,0.000,0.000,0.00
1777903706,nvme0n1,13.00,236.00,0.002,0.013,6.70
1777903707,loop0,0.00,0.00,0.000,0.000,0.00
1777903707,loop1,0.00,0.00,0.000,0.000,0.00
1777903707,loop10,0.00,0.00,0.000,0.000,0.00
1777903707,loop11,0.00,0.00,0.000,0.000,0.00
1777903707,loop12,0.00,0.00,0.000,0.000,0.00
1777903707,loop13,0.00,0.00,0.000,0.000,0.00
1777903707,loop14,0.00,0.00,0.000,0.000,0.00
1777903707,loop15,0.00,0.00,0.000,0.000,0.00
1777903707,loop16,0.00,0.00,0.000,0.000,0.00
1777903707,loop17,0.00,0.00,0.000,0.000,0.00
1777903707,loop18,0.00,0.00,0.000,0.000,0.00
1777903707,loop19,0.00,0.00,0.000,0.000,0.00
1777903707,loop2,0.00,0.00,0.000,0.000,0.00
1777903707,loop20,0.00,0.00,0.000,0.000,0.00
1777903707,loop21,0.00,0.00,0.000,0.000,0.00
1777903707,loop22,0.00,0.00,0.000,0.000,0.00
1777903707,loop23,0.00,0.00,0.000,0.000,0.00
1777903707,loop24,0.00,0.00,0.000,0.000,0.00
1777903707,loop25,0.00,0.00,0.000,0.000,0.00
1777903707,loop26,0.00,0.00,0.000,0.000,0.00
1777903707,loop27,0.00,0.00,0.000,0.000,0.00
1777903707,loop28,0.00,0.00,0.000,0.000,0.00
1777903707,loop29,0.00,0.00,0.000,0.000,0.00
1777903707,loop3,0.00,0.00,0.000,0.000,0.00
1777903707,loop30,0.00,0.00,0.000,0.000,0.00
1777903707,loop31,0.00,0.00,0.000,0.000,0.00
1777903707,loop32,0.00,0.00,0.000,0.000,0.00
1777903707,loop33,0.00,0.00,0.000,0.000,0.00
1777903707,loop34,0.00,0.00,0.000,0.000,0.00
1777903707,loop35,0.00,0.00,0.000,0.000,0.00
1777903707,loop36,0.00,0.00,0.000,0.000,0.00
1777903707,loop37,0.00,0.00,0.000,0.000,0.00
1777903707,loop38,0.00,0.00,0.000,0.000,0.00
1777903707,loop39,0.00,0.00,0.000,0.000,0.00
1777903707,loop4,0.00,0.00,0.000,0.000,0.00
1777903707,loop40,0.00,0.00,0.000,0.000,0.00
1777903707,loop5,0.00,0.00,0.000,0.000,0.00
1777903707,loop6,0.00,0.00,0.000,0.000,0.00
1777903707,loop7,0.00,0.00,0.000,0.000,0.00
1777903707,loop8,0.00,0.00,0.000,0.000,0.00
1777903707,loop9,0.00,0.00,0.000,0.000,0.00
1777903707,nvme0n1,0.00,0.00,0.000,0.000,0.00
1777903708,loop0,0.00,0.00,0.000,0.000,0.00
1777903708,loop1,0.00,0.00,0.000,0.000,0.00
1777903708,loop10,0.00,0.00,0.000,0.000,0.00
1777903708,loop11,0.00,0.00,0.000,0.000,0.00
1777903708,loop12,0.00,0.00,0.000,0.000,0.00
1777903708,loop13,0.00,0.00,0.000,0.000,0.00
1777903708,loop14,0.00,0.00,0.000,0.000,0.00
1777903708,loop15,0.00,0.00,0.000,0.000,0.00
1777903708,loop16,0.00,0.00,0.000,0.000,0.00
1777903708,loop17,0.00,0.00,0.000,0.000,0.00
1777903708,loop18,0.00,0.00,0.000,0.000,0.00
1777903708,loop19,0.00,0.00,0.000,0.000,0.00
1777903708,loop2,0.00,0.00,0.000,0.000,0.00
1777903708,loop20,0.00,0.00,0.000,0.000,0.00
1777903708,loop21,0.00,0.00,0.000,0.000,0.00
1777903708,loop22,0.00,0.00,0.000,0.000,0.00
1777903708,loop23,0.00,0.00,0.000,0.000,0.00
1777903708,loop24,0.00,0.00,0.000,0.000,0.00
1777903708,loop25,0.00,0.00,0.000,0.000,0.00
1777903708,loop26,0.00,0.00,0.000,0.000,0.00
1777903708,loop27,0.00,0.00,0.000,0.000,0.00
1777903708,loop28,0.00,0.00,0.000,0.000,0.00
1777903708,loop29,0.00,0.00,0.000,0.000,0.00
1777903708,loop3,0.00,0.00,0.000,0.000,0.00
1777903708,loop30,0.00,0.00,0.000,0.000,0.00
1777903708,loop31,0.00,0.00,0.000,0.000,0.00
1777903708,loop32,0.00,0.00,0.000,0.000,0.00
1777903708,loop33,0.00,0.00,0.000,0.000,0.00
1777903708,loop34,0.00,0.00,0.000,0.000,0.00
1777903708,loop35,0.00,0.00,0.000,0.000,0.00
1777903708,loop36,0.00,0.00,0.000,0.000,0.00
1777903708,loop37,0.00,0.00,0.000,0.000,0.00
1777903708,loop38,0.00,0.00,0.000,0.000,0.00
1777903708,loop39,0.00,0.00,0.000,0.000,0.00
1777903708,loop4,0.00,0.00,0.000,0.000,0.00
1777903708,loop40,0.00,0.00,0.000,0.000,0.00
1777903708,loop5,0.00,0.00,0.000,0.000,0.00
1777903708,loop6,0.00,0.00,0.000,0.000,0.00
1777903708,loop7,0.00,0.00,0.000,0.000,0.00
1777903708,loop8,0.00,0.00,0.000,0.000,0.00
1777903708,loop9,0.00,0.00,0.000,0.000,0.00
1777903708,nvme0n1,4.00,24.00,0.002,0.033,0.20
1777903709,loop0,0.00,0.00,0.000,0.000,0.00
1777903709,loop1,0.00,0.00,0.000,0.000,0.00
1777903709,loop10,0.00,0.00,0.000,0.000,0.00
1777903709,loop11,0.00,0.00,0.000,0.000,0.00
1777903709,loop12,0.00,0.00,0.000,0.000,0.00
1777903709,loop13,0.00,0.00,0.000,0.000,0.00
1777903709,loop14,0.00,0.00,0.000,0.000,0.00
1777903709,loop15,0.00,0.00,0.000,0.000,0.00
1777903709,loop16,0.00,0.00,0.000,0.000,0.00
1777903709,loop17,0.00,0.00,0.000,0.000,0.00
1777903709,loop18,0.00,0.00,0.000,0.000,0.00
1777903709,loop19,0.00,0.00,0.000,0.000,0.00
1777903709,loop2,0.00,0.00,0.000,0.000,0.00
1777903709,loop20,0.00,0.00,0.000,0.000,0.00
1777903709,loop21,0.00,0.00,0.000,0.000,0.00
1777903709,loop22,0.00,0.00,0.000,0.000,0.00
1777903709,loop23,0.00,0.00,0.000,0.000,0.00
1777903709,loop24,0.00,0.00,0.000,0.000,0.00
1777903709,loop25,0.00,0.00,0.000,0.000,0.00
1777903709,loop26,0.00,0.00,0.000,0.000,0.00
1777903709,loop27,0.00,0.00,0.000,0.000,0.00
1777903709,loop28,0.00,0.00,0.000,0.000,0.00
1777903709,loop29,0.00,0.00,0.000,0.000,0.00
1777903709,loop3,0.00,0.00,0.000,0.000,0.00
1777903709,loop30,0.00,0.00,0.000,0.000,0.00
1777903709,loop31,0.00,0.00,0.000,0.000,0.00
1777903709,loop32,0.00,0.00,0.000,0.000,0.00
1777903709,loop33,0.00,0.00,0.000,0.000,0.00
1777903709,loop34,0.00,0.00,0.000,0.000,0.00
1777903709,loop35,0.00,0.00,0.000,0.000,0.00
1777903709,loop36,0.00,0.00,0.000,0.000,0.00
1777903709,loop37,0.00,0.00,0.000,0.000,0.00
1777903709,loop38,0.00,0.00,0.000,0.000,0.00
1777903709,loop39,0.00,0.00,0.000,0.000,0.00
1777903709,loop4,0.00,0.00,0.000,0.000,0.00
1777903709,loop40,0.00,0.00,0.000,0.000,0.00
1777903709,loop5,0.00,0.00,0.000,0.000,0.00
1777903709,loop6,0.00,0.00,0.000,0.000,0.00
1777903709,loop7,0.00,0.00,0.000,0.000,0.00
1777903709,loop8,0.00,0.00,0.000,0.000,0.00
1777903709,loop9,0.00,0.00,0.000,0.000,0.00
1777903709,nvme0n1,5.00,32.00,0.003,0.037,0.20
1777903710,loop0,0.00,0.00,0.000,0.000,0.00
1777903710,loop1,0.00,0.00,0.000,0.000,0.00
1777903710,loop10,0.00,0.00,0.000,0.000,0.00
1777903710,loop11,0.00,0.00,0.000,0.000,0.00
1777903710,loop12,0.00,0.00,0.000,0.000,0.00
1777903710,loop13,0.00,0.00,0.000,0.000,0.00
1777903710,loop14,0.00,0.00,0.000,0.000,0.00
1777903710,loop15,0.00,0.00,0.000,0.000,0.00
1777903710,loop16,0.00,0.00,0.000,0.000,0.00
1777903710,loop17,0.00,0.00,0.000,0.000,0.00
1777903710,loop18,0.00,0.00,0.000,0.000,0.00
1777903710,loop19,0.00,0.00,0.000,0.000,0.00
1777903710,loop2,0.00,0.00,0.000,0.000,0.00
1777903710,loop20,0.00,0.00,0.000,0.000,0.00
1777903710,loop21,0.00,0.00,0.000,0.000,0.00
1777903710,loop22,0.00,0.00,0.000,0.000,0.00
1777903710,loop23,0.00,0.00,0.000,0.000,0.00
1777903710,loop24,0.00,0.00,0.000,0.000,0.00
1777903710,loop25,0.00,0.00,0.000,0.000,0.00
1777903710,loop26,0.00,0.00,0.000,0.000,0.00
1777903710,loop27,0.00,0.00,0.000,0.000,0.00
1777903710,loop28,0.00,0.00,0.000,0.000,0.00
1777903710,loop29,0.00,0.00,0.000,0.000,0.00
1777903710,loop3,0.00,0.00,0.000,0.000,0.00
1777903710,loop30,0.00,0.00,0.000,0.000,0.00
1777903710,loop31,0.00,0.00,0.000,0.000,0.00
1777903710,loop32,0.00,0.00,0.000,0.000,0.00
1777903710,loop33,0.00,0.00,0.000,0.000,0.00
1777903710,loop34,0.00,0.00,0.000,0.000,0.00
1777903710,loop35,0.00,0.00,0.000,0.000,0.00
1777903710,loop36,0.00,0.00,0.000,0.000,0.00
1777903710,loop37,0.00,0.00,0.000,0.000,0.00
1777903710,loop38,0.00,0.00,0.000,0.000,0.00
1777903710,loop39,0.00,0.00,0.000,0.000,0.00
1777903710,loop4,0.00,0.00,0.000,0.000,0.00
1777903710,loop40,0.00,0.00,0.000,0.000,0.00
1777903710,loop5,0.00,0.00,0.000,0.000,0.00
1777903710,loop6,0.00,0.00,0.000,0.000,0.00
1777903710,loop7,0.00,0.00,0.000,0.000,0.00
1777903710,loop8,0.00,0.00,0.000,0.000,0.00
1777903710,loop9,0.00,0.00,0.000,0.000,0.00
1777903710,nvme0n1,15.00,68.00,0.002,0.011,0.20
1777903711,loop0,0.00,0.00,0.000,0.000,0.00
1777903711,loop1,0.00,0.00,0.000,0.000,0.00
1777903711,loop10,0.00,0.00,0.000,0.000,0.00
1777903711,loop11,0.00,0.00,0.000,0.000,0.00
1777903711,loop12,0.00,0.00,0.000,0.000,0.00
1777903711,loop13,0.00,0.00,0.000,0.000,0.00
1777903711,loop14,0.00,0.00,0.000,0.000,0.00
1777903711,loop15,0.00,0.00,0.000,0.000,0.00
1777903711,loop16,0.00,0.00,0.000,0.000,0.00
1777903711,loop17,0.00,0.00,0.000,0.000,0.00
1777903711,loop18,0.00,0.00,0.000,0.000,0.00
1777903711,loop19,0.00,0.00,0.000,0.000,0.00
1777903711,loop2,0.00,0.00,0.000,0.000,0.00
1777903711,loop20,0.00,0.00,0.000,0.000,0.00
1777903711,loop21,0.00,0.00,0.000,0.000,0.00
1777903711,loop22,0.00,0.00,0.000,0.000,0.00
1777903711,loop23,0.00,0.00,0.000,0.000,0.00
1777903711,loop24,0.00,0.00,0.000,0.000,0.00
1777903711,loop25,0.00,0.00,0.000,0.000,0.00
1777903711,loop26,0.00,0.00,0.000,0.000,0.00
1777903711,loop27,0.00,0.00,0.000,0.000,0.00
1777903711,loop28,0.00,0.00,0.000,0.000,0.00
1777903711,loop29,0.00,0.00,0.000,0.000,0.00
1777903711,loop3,0.00,0.00,0.000,0.000,0.00
1777903711,loop30,0.00,0.00,0.000,0.000,0.00
1777903711,loop31,0.00,0.00,0.000,0.000,0.00
1777903711,loop32,0.00,0.00,0.000,0.000,0.00
1777903711,loop33,0.00,0.00,0.000,0.000,0.00
1777903711,loop34,0.00,0.00,0.000,0.000,0.00
1777903711,loop35,0.00,0.00,0.000,0.000,0.00
1777903711,loop36,0.00,0.00,0.000,0.000,0.00
1777903711,loop37,0.00,0.00,0.000,0.000,0.00
1777903711,loop38,0.00,0.00,0.000,0.000,0.00
1777903711,loop39,0.00,0.00,0.000,0.000,0.00
1777903711,loop4,0.00,0.00,0.000,0.000,0.00
1777903711,loop40,0.00,0.00,0.000,0.000,0.00
1777903711,loop5,0.00,0.00,0.000,0.000,0.00
1777903711,loop6,0.00,0.00,0.000,0.000,0.00
1777903711,loop7,0.00,0.00,0.000,0.000,0.00
1777903711,loop8,0.00,0.00,0.000,0.000,0.00
1777903711,loop9,0.00,0.00,0.000,0.000,0.00
1777903711,nvme0n1,13.00,52.00,0.000,0.000,0.80
1777903712,loop0,0.00,0.00,0.000,0.000,0.00
1777903712,loop1,0.00,0.00,0.000,0.000,0.00
1777903712,loop10,0.00,0.00,0.000,0.000,0.00
1777903712,loop11,0.00,0.00,0.000,0.000,0.00
1777903712,loop12,0.00,0.00,0.000,0.000,0.00
1777903712,loop13,0.00,0.00,0.000,0.000,0.00
1777903712,loop14,0.00,0.00,0.000,0.000,0.00
1777903712,loop15,0.00,0.00,0.000,0.000,0.00
1777903712,loop16,0.00,0.00,0.000,0.000,0.00
1777903712,loop17,0.00,0.00,0.000,0.000,0.00
1777903712,loop18,0.00,0.00,0.000,0.000,0.00
1777903712,loop19,0.00,0.00,0.000,0.000,0.00
1777903712,loop2,0.00,0.00,0.000,0.000,0.00
1777903712,loop20,0.00,0.00,0.000,0.000,0.00
1777903712,loop21,0.00,0.00,0.000,0.000,0.00
1777903712,loop22,0.00,0.00,0.000,0.000,0.00
1777903712,loop23,0.00,0.00,0.000,0.000,0.00
1777903712,loop24,0.00,0.00,0.000,0.000,0.00
1777903712,loop25,0.00,0.00,0.000,0.000,0.00
1777903712,loop26,0.00,0.00,0.000,0.000,0.00
1777903712,loop27,0.00,0.00,0.000,0.000,0.00
1777903712,loop28,0.00,0.00,0.000,0.000,0.00
1777903712,loop29,0.00,0.00,0.000,0.000,0.00
1777903712,loop3,0.00,0.00,0.000,0.000,0.00
1777903712,loop30,0.00,0.00,0.000,0.000,0.00
1777903712,loop31,0.00,0.00,0.000,0.000,0.00
1777903712,loop32,0.00,0.00,0.000,0.000,0.00
1777903712,loop33,0.00,0.00,0.000,0.000,0.00
1777903712,loop34,0.00,0.00,0.000,0.000,0.00
1777903712,loop35,0.00,0.00,0.000,0.000,0.00
1777903712,loop36,0.00,0.00,0.000,0.000,0.00
1777903712,loop37,0.00,0.00,0.000,0.000,0.00
1777903712,loop38,0.00,0.00,0.000,0.000,0.00
1777903712,loop39,0.00,0.00,0.000,0.000,0.00
1777903712,loop4,0.00,0.00,0.000,0.000,0.00
1777903712,loop40,0.00,0.00,0.000,0.000,0.00
1777903712,loop5,0.00,0.00,0.000,0.000,0.00
1777903712,loop6,0.00,0.00,0.000,0.000,0.00
1777903712,loop7,0.00,0.00,0.000,0.000,0.00
1777903712,loop8,0.00,0.00,0.000,0.000,0.00
1777903712,loop9,0.00,0.00,0.000,0.000,0.00
1777903712,nvme0n1,0.00,0.00,0.000,0.000,1.50
1777903713,loop0,0.00,0.00,0.000,0.000,0.00
1777903713,loop1,0.00,0.00,0.000,0.000,0.00
1777903713,loop10,0.00,0.00,0.000,0.000,0.00
1777903713,loop11,0.00,0.00,0.000,0.000,0.00
1777903713,loop12,0.00,0.00,0.000,0.000,0.00
1777903713,loop13,0.00,0.00,0.000,0.000,0.00
1777903713,loop14,0.00,0.00,0.000,0.000,0.00
1777903713,loop15,0.00,0.00,0.000,0.000,0.00
1777903713,loop16,0.00,0.00,0.000,0.000,0.00
1777903713,loop17,0.00,0.00,0.000,0.000,0.00
1777903713,loop18,0.00,0.00,0.000,0.000,0.00
1777903713,loop19,0.00,0.00,0.000,0.000,0.00
1777903713,loop2,0.00,0.00,0.000,0.000,0.00
1777903713,loop20,0.00,0.00,0.000,0.000,0.00
1777903713,loop21,0.00,0.00,0.000,0.000,0.00
1777903713,loop22,0.00,0.00,0.000,0.000,0.00
1777903713,loop23,0.00,0.00,0.000,0.000,0.00
1777903713,loop24,0.00,0.00,0.000,0.000,0.00
1777903713,loop25,0.00,0.00,0.000,0.000,0.00
1777903713,loop26,0.00,0.00,0.000,0.000,0.00
1777903713,loop27,0.00,0.00,0.000,0.000,0.00
1777903713,loop28,0.00,0.00,0.000,0.000,0.00
1777903713,loop29,0.00,0.00,0.000,0.000,0.00
1777903713,loop3,0.00,0.00,0.000,0.000,0.00
1777903713,loop30,0.00,0.00,0.000,0.000,0.00
1777903713,loop31,0.00,0.00,0.000,0.000,0.00
1777903713,loop32,0.00,0.00,0.000,0.000,0.00
1777903713,loop33,0.00,0.00,0.000,0.000,0.00
1777903713,loop34,0.00,0.00,0.000,0.000,0.00
1777903713,loop35,0.00,0.00,0.000,0.000,0.00
1777903713,loop36,0.00,0.00,0.000,0.000,0.00
1777903713,loop37,0.00,0.00,0.000,0.000,0.00
1777903713,loop38,0.00,0.00,0.000,0.000,0.00
1777903713,loop39,0.00,0.00,0.000,0.000,0.00
1777903713,loop4,0.00,0.00,0.000,0.000,0.00
1777903713,loop40,0.00,0.00,0.000,0.000,0.00
1777903713,loop5,0.00,0.00,0.000,0.000,0.00
1777903713,loop6,0.00,0.00,0.000,0.000,0.00
1777903713,loop7,0.00,0.00,0.000,0.000,0.00
1777903713,loop8,0.00,0.00,0.000,0.000,0.00
1777903713,loop9,0.00,0.00,0.000,0.000,0.00
1777903713,nvme0n1,0.00,0.00,0.000,0.000,0.40
1777903714,loop0,0.00,0.00,0.000,0.000,0.00
1777903714,loop1,0.00,0.00,0.000,0.000,0.00
1777903714,loop10,0.00,0.00,0.000,0.000,0.00
1777903714,loop11,0.00,0.00,0.000,0.000,0.00
1777903714,loop12,0.00,0.00,0.000,0.000,0.00
1777903714,loop13,0.00,0.00,0.000,0.000,0.00
1777903714,loop14,0.00,0.00,0.000,0.000,0.00
1777903714,loop15,0.00,0.00,0.000,0.000,0.00
1777903714,loop16,0.00,0.00,0.000,0.000,0.00
1777903714,loop17,0.00,0.00,0.000,0.000,0.00
1777903714,loop18,0.00,0.00,0.000,0.000,0.00
1777903714,loop19,0.00,0.00,0.000,0.000,0.00
1777903714,loop2,82.00,3018.00,0.000,0.000,1.00
1777903714,loop20,0.00,0.00,0.000,0.000,0.00
1777903714,loop21,0.00,0.00,0.000,0.000,0.00
1777903714,loop22,0.00,0.00,0.000,0.000,0.00
1777903714,loop23,0.00,0.00,0.000,0.000,0.00
1777903714,loop24,0.00,0.00,0.000,0.000,0.00
1777903714,loop25,0.00,0.00,0.000,0.000,0.00
1777903714,loop26,0.00,0.00,0.000,0.000,0.00
1777903714,loop27,0.00,0.00,0.000,0.000,0.00
1777903714,loop28,0.00,0.00,0.000,0.000,0.00
1777903714,loop29,0.00,0.00,0.000,0.000,0.00
1777903714,loop3,0.00,0.00,0.000,0.000,0.00
1777903714,loop30,0.00,0.00,0.000,0.000,0.00
1777903714,loop31,0.00,0.00,0.000,0.000,0.00
1777903714,loop32,0.00,0.00,0.000,0.000,0.00
1777903714,loop33,0.00,0.00,0.000,0.000,0.00
1777903714,loop34,0.00,0.00,0.000,0.000,0.00
1777903714,loop35,0.00,0.00,0.000,0.000,0.00
1777903714,loop36,0.00,0.00,0.000,0.000,0.00
1777903714,loop37,0.00,0.00,0.000,0.000,0.00
1777903714,loop38,0.00,0.00,0.000,0.000,0.00
1777903714,loop39,0.00,0.00,0.000,0.000,0.00
1777903714,loop4,0.00,0.00,0.000,0.000,0.00
1777903714,loop40,0.00,0.00,0.000,0.000,0.00
1777903714,loop5,0.00,0.00,0.000,0.000,0.00
1777903714,loop6,0.00,0.00,0.000,0.000,0.00
1777903714,loop7,0.00,0.00,0.000,0.000,0.00
1777903714,loop8,0.00,0.00,0.000,0.000,0.00
1777903714,loop9,0.00,0.00,0.000,0.000,0.00
1777903714,nvme0n1,72.00,4364.00,0.001,0.001,1.20
1777903715,loop0,0.00,0.00,0.000,0.000,0.00
1777903715,loop1,0.00,0.00,0.000,0.000,0.00
1777903715,loop10,0.00,0.00,0.000,0.000,0.00
1777903715,loop11,0.00,0.00,0.000,0.000,0.00
1777903715,loop12,2.00,12.00,0.000,0.000,0.00
1777903715,loop13,0.00,0.00,0.000,0.000,0.00
1777903715,loop14,0.00,0.00,0.000,0.000,0.00
1777903715,loop15,0.00,0.00,0.000,0.000,0.00
1777903715,loop16,0.00,0.00,0.000,0.000,0.00
1777903715,loop17,0.00,0.00,0.000,0.000,0.00
1777903715,loop18,0.00,0.00,0.000,0.000,0.00
1777903715,loop19,0.00,0.00,0.000,0.000,0.00
1777903715,loop2,271.00,12487.00,0.000,0.000,4.10
1777903715,loop20,0.00,0.00,0.000,0.000,0.00
1777903715,loop21,0.00,0.00,0.000,0.000,0.00
1777903715,loop22,0.00,0.00,0.000,0.000,0.00
1777903715,loop23,0.00,0.00,0.000,0.000,0.00
1777903715,loop24,0.00,0.00,0.000,0.000,0.00
1777903715,loop25,0.00,0.00,0.000,0.000,0.00
1777903715,loop26,0.00,0.00,0.000,0.000,0.00
1777903715,loop27,0.00,0.00,0.000,0.000,0.00
1777903715,loop28,0.00,0.00,0.000,0.000,0.00
1777903715,loop29,0.00,0.00,0.000,0.000,0.00
1777903715,loop3,0.00,0.00,0.000,0.000,0.00
1777903715,loop30,0.00,0.00,0.000,0.000,0.00
1777903715,loop31,0.00,0.00,0.000,0.000,0.00
1777903715,loop32,0.00,0.00,0.000,0.000,0.00
1777903715,loop33,0.00,0.00,0.000,0.000,0.00
1777903715,loop34,0.00,0.00,0.000,0.000,0.00
1777903715,loop35,0.00,0.00,0.000,0.000,0.00
1777903715,loop36,0.00,0.00,0.000,0.000,0.00
1777903715,loop37,0.00,0.00,0.000,0.000,0.00
1777903715,loop38,0.00,0.00,0.000,0.000,0.00
1777903715,loop39,0.00,0.00,0.000,0.000,0.00
1777903715,loop4,0.00,0.00,0.000,0.000,0.00
1777903715,loop40,0.00,0.00,0.000,0.000,0.00
1777903715,loop5,0.00,0.00,0.000,0.000,0.00
1777903715,loop6,0.00,0.00,0.000,0.000,0.00
1777903715,loop7,0.00,0.00,0.000,0.000,0.00
1777903715,loop8,0.00,0.00,0.000,0.000,0.00
1777903715,loop9,0.00,0.00,0.000,0.000,0.00
1777903715,nvme0n1,428.00,23196.00,0.000,0.000,6.10
1777903716,loop0,0.00,0.00,0.000,0.000,0.00
1777903716,loop1,0.00,0.00,0.000,0.000,0.00
1777903716,loop10,0.00,0.00,0.000,0.000,0.00
1777903716,loop11,0.00,0.00,0.000,0.000,0.00
1777903716,loop12,0.00,0.00,0.000,0.000,0.00
1777903716,loop13,0.00,0.00,0.000,0.000,0.00
1777903716,loop14,0.00,0.00,0.000,0.000,0.00
1777903716,loop15,0.00,0.00,0.000,0.000,0.00
1777903716,loop16,0.00,0.00,0.000,0.000,0.00
1777903716,loop17,0.00,0.00,0.000,0.000,0.00
1777903716,loop18,0.00,0.00,0.000,0.000,0.00
1777903716,loop19,0.00,0.00,0.000,0.000,0.00
1777903716,loop2,10.00,476.00,0.000,0.000,0.00
1777903716,loop20,0.00,0.00,0.000,0.000,0.00
1777903716,loop21,0.00,0.00,0.000,0.000,0.00
1777903716,loop22,0.00,0.00,0.000,0.000,0.00
1777903716,loop23,0.00,0.00,0.000,0.000,0.00
1777903716,loop24,0.00,0.00,0.000,0.000,0.00
1777903716,loop25,0.00,0.00,0.000,0.000,0.00
1777903716,loop26,0.00,0.00,0.000,0.000,0.00
1777903716,loop27,0.00,0.00,0.000,0.000,0.00
1777903716,loop28,0.00,0.00,0.000,0.000,0.00
1777903716,loop29,0.00,0.00,0.000,0.000,0.00
1777903716,loop3,0.00,0.00,0.000,0.000,0.00
1777903716,loop30,0.00,0.00,0.000,0.000,0.00
1777903716,loop31,0.00,0.00,0.000,0.000,0.00
1777903716,loop32,0.00,0.00,0.000,0.000,0.00
1777903716,loop33,0.00,0.00,0.000,0.000,0.00
1777903716,loop34,0.00,0.00,0.000,0.000,0.00
1777903716,loop35,0.00,0.00,0.000,0.000,0.00
1777903716,loop36,0.00,0.00,0.000,0.000,0.00
1777903716,loop37,0.00,0.00,0.000,0.000,0.00
1777903716,loop38,0.00,0.00,0.000,0.000,0.00
1777903716,loop39,0.00,0.00,0.000,0.000,0.00
1777903716,loop4,0.00,0.00,0.000,0.000,0.00
1777903716,loop40,0.00,0.00,0.000,0.000,0.00
1777903716,loop5,0.00,0.00,0.000,0.000,0.00
1777903716,loop6,0.00,0.00,0.000,0.000,0.00
1777903716,loop7,0.00,0.00,0.000,0.000,0.00
1777903716,loop8,0.00,0.00,0.000,0.000,0.00
1777903716,loop9,0.00,0.00,0.000,0.000,0.00
1777903716,nvme0n1,553.00,9264.00,0.066,0.011,3.20
1777903717,loop0,0.00,0.00,0.000,0.000,0.00
1777903717,loop1,0.00,0.00,0.000,0.000,0.00
1777903717,loop10,0.00,0.00,0.000,0.000,0.00
1777903717,loop11,0.00,0.00,0.000,0.000,0.00
1777903717,loop12,0.00,0.00,0.000,0.000,0.00
1777903717,loop13,0.00,0.00,0.000,0.000,0.00
1777903717,loop14,0.00,0.00,0.000,0.000,0.00
1777903717,loop15,0.00,0.00,0.000,0.000,0.00
1777903717,loop16,0.00,0.00,0.000,0.000,0.00
1777903717,loop17,0.00,0.00,0.000,0.000,0.00
1777903717,loop18,0.00,0.00,0.000,0.000,0.00
1777903717,loop19,0.00,0.00,0.000,0.000,0.00
1777903717,loop2,0.00,0.00,0.000,0.000,0.00
1777903717,loop20,0.00,0.00,0.000,0.000,0.00
1777903717,loop21,0.00,0.00,0.000,0.000,0.00
1777903717,loop22,0.00,0.00,0.000,0.000,0.00
1777903717,loop23,0.00,0.00,0.000,0.000,0.00
1777903717,loop24,0.00,0.00,0.000,0.000,0.00
1777903717,loop25,0.00,0.00,0.000,0.000,0.00
1777903717,loop26,0.00,0.00,0.000,0.000,0.00
1777903717,loop27,0.00,0.00,0.000,0.000,0.00
1777903717,loop28,0.00,0.00,0.000,0.000,0.00
1777903717,loop29,0.00,0.00,0.000,0.000,0.00
1777903717,loop3,0.00,0.00,0.000,0.000,0.00
1777903717,loop30,0.00,0.00,0.000,0.000,0.00
1777903717,loop31,0.00,0.00,0.000,0.000,0.00
1777903717,loop32,0.00,0.00,0.000,0.000,0.00
1777903717,loop33,0.00,0.00,0.000,0.000,0.00
1777903717,loop34,0.00,0.00,0.000,0.000,0.00
1777903717,loop35,0.00,0.00,0.000,0.000,0.00
1777903717,loop36,0.00,0.00,0.000,0.000,0.00
1777903717,loop37,0.00,0.00,0.000,0.000,0.00
1777903717,loop38,0.00,0.00,0.000,0.000,0.00
1777903717,loop39,0.00,0.00,0.000,0.000,0.00
1777903717,loop4,0.00,0.00,0.000,0.000,0.00
1777903717,loop40,0.00,0.00,0.000,0.000,0.00
1777903717,loop5,0.00,0.00,0.000,0.000,0.00
1777903717,loop6,0.00,0.00,0.000,0.000,0.00
1777903717,loop7,0.00,0.00,0.000,0.000,0.00
1777903717,loop8,0.00,0.00,0.000,0.000,0.00
1777903717,loop9,0.00,0.00,0.000,0.000,0.00
1777903717,nvme0n1,8.00,52.00,0.005,0.038,0.40
1777903718,loop0,0.00,0.00,0.000,0.000,0.00
1777903718,loop1,0.00,0.00,0.000,0.000,0.00
1777903718,loop10,0.00,0.00,0.000,0.000,0.00
1777903718,loop11,0.00,0.00,0.000,0.000,0.00
1777903718,loop12,0.00,0.00,0.000,0.000,0.00
1777903718,loop13,0.00,0.00,0.000,0.000,0.00
1777903718,loop14,0.00,0.00,0.000,0.000,0.00
1777903718,loop15,0.00,0.00,0.000,0.000,0.00
1777903718,loop16,0.00,0.00,0.000,0.000,0.00
1777903718,loop17,0.00,0.00,0.000,0.000,0.00
1777903718,loop18,0.00,0.00,0.000,0.000,0.00
1777903718,loop19,0.00,0.00,0.000,0.000,0.00
1777903718,loop2,0.00,0.00,0.000,0.000,0.00
1777903718,loop20,0.00,0.00,0.000,0.000,0.00
1777903718,loop21,0.00,0.00,0.000,0.000,0.00
1777903718,loop22,0.00,0.00,0.000,0.000,0.00
1777903718,loop23,0.00,0.00,0.000,0.000,0.00
1777903718,loop24,0.00,0.00,0.000,0.000,0.00
1777903718,loop25,0.00,0.00,0.000,0.000,0.00
1777903718,loop26,0.00,0.00,0.000,0.000,0.00
1777903718,loop27,0.00,0.00,0.000,0.000,0.00
1777903718,loop28,0.00,0.00,0.000,0.000,0.00
1777903718,loop29,0.00,0.00,0.000,0.000,0.00
1777903718,loop3,0.00,0.00,0.000,0.000,0.00
1777903718,loop30,0.00,0.00,0.000,0.000,0.00
1777903718,loop31,0.00,0.00,0.000,0.000,0.00
1777903718,loop32,0.00,0.00,0.000,0.000,0.00
1777903718,loop33,0.00,0.00,0.000,0.000,0.00
1777903718,loop34,0.00,0.00,0.000,0.000,0.00
1777903718,loop35,0.00,0.00,0.000,0.000,0.00
1777903718,loop36,0.00,0.00,0.000,0.000,0.00
1777903718,loop37,0.00,0.00,0.000,0.000,0.00
1777903718,loop38,0.00,0.00,0.000,0.000,0.00
1777903718,loop39,0.00,0.00,0.000,0.000,0.00
1777903718,loop4,0.00,0.00,0.000,0.000,0.00
1777903718,loop40,0.00,0.00,0.000,0.000,0.00
1777903718,loop5,0.00,0.00,0.000,0.000,0.00
1777903718,loop6,0.00,0.00,0.000,0.000,0.00
1777903718,loop7,0.00,0.00,0.000,0.000,0.00
1777903718,loop8,0.00,0.00,0.000,0.000,0.00
1777903718,loop9,0.00,0.00,0.000,0.000,0.00
1777903718,nvme0n1,4.00,16.00,0.000,0.000,0.80
1777903719,loop0,0.00,0.00,0.000,0.000,0.00
1777903719,loop1,0.00,0.00,0.000,0.000,0.00
1777903719,loop10,0.00,0.00,0.000,0.000,0.00
1777903719,loop11,0.00,0.00,0.000,0.000,0.00
1777903719,loop12,0.00,0.00,0.000,0.000,0.00
1777903719,loop13,0.00,0.00,0.000,0.000,0.00
1777903719,loop14,0.00,0.00,0.000,0.000,0.00
1777903719,loop15,0.00,0.00,0.000,0.000,0.00
1777903719,loop16,0.00,0.00,0.000,0.000,0.00
1777903719,loop17,0.00,0.00,0.000,0.000,0.00
1777903719,loop18,0.00,0.00,0.000,0.000,0.00
1777903719,loop19,0.00,0.00,0.000,0.000,0.00
1777903719,loop2,0.00,0.00,0.000,0.000,0.00
1777903719,loop20,0.00,0.00,0.000,0.000,0.00
1777903719,loop21,0.00,0.00,0.000,0.000,0.00
1777903719,loop22,0.00,0.00,0.000,0.000,0.00
1777903719,loop23,0.00,0.00,0.000,0.000,0.00
1777903719,loop24,0.00,0.00,0.000,0.000,0.00
1777903719,loop25,0.00,0.00,0.000,0.000,0.00
1777903719,loop26,0.00,0.00,0.000,0.000,0.00
1777903719,loop27,0.00,0.00,0.000,0.000,0.00
1777903719,loop28,0.00,0.00,0.000,0.000,0.00
1777903719,loop29,0.00,0.00,0.000,0.000,0.00
1777903719,loop3,0.00,0.00,0.000,0.000,0.00
1777903719,loop30,0.00,0.00,0.000,0.000,0.00
1777903719,loop31,0.00,0.00,0.000,0.000,0.00
1777903719,loop32,0.00,0.00,0.000,0.000,0.00
1777903719,loop33,0.00,0.00,0.000,0.000,0.00
1777903719,loop34,0.00,0.00,0.000,0.000,0.00
1777903719,loop35,0.00,0.00,0.000,0.000,0.00
1777903719,loop36,0.00,0.00,0.000,0.000,0.00
1777903719,loop37,0.00,0.00,0.000,0.000,0.00
1777903719,loop38,0.00,0.00,0.000,0.000,0.00
1777903719,loop39,0.00,0.00,0.000,0.000,0.00
1777903719,loop4,0.00,0.00,0.000,0.000,0.00
1777903719,loop40,0.00,0.00,0.000,0.000,0.00
1777903719,loop5,0.00,0.00,0.000,0.000,0.00
1777903719,loop6,0.00,0.00,0.000,0.000,0.00
1777903719,loop7,0.00,0.00,0.000,0.000,0.00
1777903719,loop8,0.00,0.00,0.000,0.000,0.00
1777903719,loop9,0.00,0.00,0.000,0.000,0.00
1777903719,nvme0n1,3.00,12.00,0.000,0.000,0.10
1777903720,loop0,0.00,0.00,0.000,0.000,0.00
1777903720,loop1,0.00,0.00,0.000,0.000,0.00
1777903720,loop10,0.00,0.00,0.000,0.000,0.00
1777903720,loop11,0.00,0.00,0.000,0.000,0.00
1777903720,loop12,0.00,0.00,0.000,0.000,0.00
1777903720,loop13,0.00,0.00,0.000,0.000,0.00
1777903720,loop14,0.00,0.00,0.000,0.000,0.00
1777903720,loop15,0.00,0.00,0.000,0.000,0.00
1777903720,loop16,0.00,0.00,0.000,0.000,0.00
1777903720,loop17,0.00,0.00,0.000,0.000,0.00
1777903720,loop18,0.00,0.00,0.000,0.000,0.00
1777903720,loop19,0.00,0.00,0.000,0.000,0.00
1777903720,loop2,0.00,0.00,0.000,0.000,0.00
1777903720,loop20,0.00,0.00,0.000,0.000,0.00
1777903720,loop21,0.00,0.00,0.000,0.000,0.00
1777903720,loop22,0.00,0.00,0.000,0.000,0.00
1777903720,loop23,0.00,0.00,0.000,0.000,0.00
1777903720,loop24,0.00,0.00,0.000,0.000,0.00
1777903720,loop25,0.00,0.00,0.000,0.000,0.00
1777903720,loop26,0.00,0.00,0.000,0.000,0.00
1777903720,loop27,0.00,0.00,0.000,0.000,0.00
1777903720,loop28,0.00,0.00,0.000,0.000,0.00
1777903720,loop29,0.00,0.00,0.000,0.000,0.00
1777903720,loop3,0.00,0.00,0.000,0.000,0.00
1777903720,loop30,0.00,0.00,0.000,0.000,0.00
1777903720,loop31,0.00,0.00,0.000,0.000,0.00
1777903720,loop32,0.00,0.00,0.000,0.000,0.00
1777903720,loop33,0.00,0.00,0.000,0.000,0.00
1777903720,loop34,0.00,0.00,0.000,0.000,0.00
1777903720,loop35,0.00,0.00,0.000,0.000,0.00
1777903720,loop36,0.00,0.00,0.000,0.000,0.00
1777903720,loop37,0.00,0.00,0.000,0.000,0.00
1777903720,loop38,0.00,0.00,0.000,0.000,0.00
1777903720,loop39,0.00,0.00,0.000,0.000,0.00
1777903720,loop4,0.00,0.00,0.000,0.000,0.00
1777903720,loop40,0.00,0.00,0.000,0.000,0.00
1777903720,loop5,0.00,0.00,0.000,0.000,0.00
1777903720,loop6,0.00,0.00,0.000,0.000,0.00
1777903720,loop7,0.00,0.00,0.000,0.000,0.00
1777903720,loop8,0.00,0.00,0.000,0.000,0.00
1777903720,loop9,0.00,0.00,0.000,0.000,0.00
1777903720,nvme0n1,2.00,8.00,0.000,0.000,0.10
1777903721,loop0,0.00,0.00,0.000,0.000,0.00
1777903721,loop1,0.00,0.00,0.000,0.000,0.00
1777903721,loop10,0.00,0.00,0.000,0.000,0.00
1777903721,loop11,0.00,0.00,0.000,0.000,0.00
1777903721,loop12,0.00,0.00,0.000,0.000,0.00
1777903721,loop13,0.00,0.00,0.000,0.000,0.00
1777903721,loop14,0.00,0.00,0.000,0.000,0.00
1777903721,loop15,0.00,0.00,0.000,0.000,0.00
1777903721,loop16,0.00,0.00,0.000,0.000,0.00
1777903721,loop17,0.00,0.00,0.000,0.000,0.00
1777903721,loop18,0.00,0.00,0.000,0.000,0.00
1777903721,loop19,0.00,0.00,0.000,0.000,0.00
1777903721,loop2,3.00,116.00,0.000,0.000,0.00
1777903721,loop20,0.00,0.00,0.000,0.000,0.00
1777903721,loop21,0.00,0.00,0.000,0.000,0.00
1777903721,loop22,0.00,0.00,0.000,0.000,0.00
1777903721,loop23,0.00,0.00,0.000,0.000,0.00
1777903721,loop24,0.00,0.00,0.000,0.000,0.00
1777903721,loop25,0.00,0.00,0.000,0.000,0.00
1777903721,loop26,0.00,0.00,0.000,0.000,0.00
1777903721,loop27,0.00,0.00,0.000,0.000,0.00
1777903721,loop28,0.00,0.00,0.000,0.000,0.00
1777903721,loop29,0.00,0.00,0.000,0.000,0.00
1777903721,loop3,0.00,0.00,0.000,0.000,0.00
1777903721,loop30,0.00,0.00,0.000,0.000,0.00
1777903721,loop31,0.00,0.00,0.000,0.000,0.00
1777903721,loop32,0.00,0.00,0.000,0.000,0.00
1777903721,loop33,0.00,0.00,0.000,0.000,0.00
1777903721,loop34,0.00,0.00,0.000,0.000,0.00
1777903721,loop35,0.00,0.00,0.000,0.000,0.00
1777903721,loop36,0.00,0.00,0.000,0.000,0.00
1777903721,loop37,0.00,0.00,0.000,0.000,0.00
1777903721,loop38,0.00,0.00,0.000,0.000,0.00
1777903721,loop39,0.00,0.00,0.000,0.000,0.00
1777903721,loop4,0.00,0.00,0.000,0.000,0.00
1777903721,loop40,0.00,0.00,0.000,0.000,0.00
1777903721,loop5,0.00,0.00,0.000,0.000,0.00
1777903721,loop6,0.00,0.00,0.000,0.000,0.00
1777903721,loop7,0.00,0.00,0.000,0.000,0.00
1777903721,loop8,0.00,0.00,0.000,0.000,0.00
1777903721,loop9,0.00,0.00,0.000,0.000,0.00
1777903721,nvme0n1,63.00,1604.00,0.002,0.003,1.50
1777903722,loop0,0.00,0.00,0.000,0.000,0.00
1777903722,loop1,0.00,0.00,0.000,0.000,0.00
1777903722,loop10,0.00,0.00,0.000,0.000,0.00
1777903722,loop11,0.00,0.00,0.000,0.000,0.00
1777903722,loop12,0.00,0.00,0.000,0.000,0.00
1777903722,loop13,0.00,0.00,0.000,0.000,0.00
1777903722,loop14,0.00,0.00,0.000,0.000,0.00
1777903722,loop15,0.00,0.00,0.000,0.000,0.00
1777903722,loop16,0.00,0.00,0.000,0.000,0.00
1777903722,loop17,0.00,0.00,0.000,0.000,0.00
1777903722,loop18,0.00,0.00,0.000,0.000,0.00
1777903722,loop19,0.00,0.00,0.000,0.000,0.00
1777903722,loop2,0.00,0.00,0.000,0.000,0.00
1777903722,loop20,0.00,0.00,0.000,0.000,0.00
1777903722,loop21,0.00,0.00,0.000,0.000,0.00
1777903722,loop22,0.00,0.00,0.000,0.000,0.00
1777903722,loop23,0.00,0.00,0.000,0.000,0.00
1777903722,loop24,0.00,0.00,0.000,0.000,0.00
1777903722,loop25,0.00,0.00,0.000,0.000,0.00
1777903722,loop26,0.00,0.00,0.000,0.000,0.00
1777903722,loop27,0.00,0.00,0.000,0.000,0.00
1777903722,loop28,0.00,0.00,0.000,0.000,0.00
1777903722,loop29,0.00,0.00,0.000,0.000,0.00
1777903722,loop3,0.00,0.00,0.000,0.000,0.00
1777903722,loop30,0.00,0.00,0.000,0.000,0.00
1777903722,loop31,0.00,0.00,0.000,0.000,0.00
1777903722,loop32,0.00,0.00,0.000,0.000,0.00
1777903722,loop33,0.00,0.00,0.000,0.000,0.00
1777903722,loop34,0.00,0.00,0.000,0.000,0.00
1777903722,loop35,0.00,0.00,0.000,0.000,0.00
1777903722,loop36,0.00,0.00,0.000,0.000,0.00
1777903722,loop37,0.00,0.00,0.000,0.000,0.00
1777903722,loop38,0.00,0.00,0.000,0.000,0.00
1777903722,loop39,0.00,0.00,0.000,0.000,0.00
1777903722,loop4,0.00,0.00,0.000,0.000,0.00
1777903722,loop40,0.00,0.00,0.000,0.000,0.00
1777903722,loop5,0.00,0.00,0.000,0.000,0.00
1777903722,loop6,0.00,0.00,0.000,0.000,0.00
1777903722,loop7,0.00,0.00,0.000,0.000,0.00
1777903722,loop8,0.00,0.00,0.000,0.000,0.00
1777903722,loop9,0.00,0.00,0.000,0.000,0.00
1777903722,nvme0n1,88.00,1788.00,0.005,0.005,0.80
1777903723,loop0,0.00,0.00,0.000,0.000,0.00
1777903723,loop1,0.00,0.00,0.000,0.000,0.00
1777903723,loop10,0.00,0.00,0.000,0.000,0.00
1777903723,loop11,0.00,0.00,0.000,0.000,0.00
1777903723,loop12,0.00,0.00,0.000,0.000,0.00
1777903723,loop13,0.00,0.00,0.000,0.000,0.00
1777903723,loop14,0.00,0.00,0.000,0.000,0.00
1777903723,loop15,0.00,0.00,0.000,0.000,0.00
1777903723,loop16,0.00,0.00,0.000,0.000,0.00
1777903723,loop17,0.00,0.00,0.000,0.000,0.00
1777903723,loop18,0.00,0.00,0.000,0.000,0.00
1777903723,loop19,0.00,0.00,0.000,0.000,0.00
1777903723,loop2,0.00,0.00,0.000,0.000,0.00
1777903723,loop20,0.00,0.00,0.000,0.000,0.00
1777903723,loop21,0.00,0.00,0.000,0.000,0.00
1777903723,loop22,0.00,0.00,0.000,0.000,0.00
1777903723,loop23,0.00,0.00,0.000,0.000,0.00
1777903723,loop24,0.00,0.00,0.000,0.000,0.00
1777903723,loop25,0.00,0.00,0.000,0.000,0.00
1777903723,loop26,0.00,0.00,0.000,0.000,0.00
1777903723,loop27,0.00,0.00,0.000,0.000,0.00
1777903723,loop28,0.00,0.00,0.000,0.000,0.00
1777903723,loop29,0.00,0.00,0.000,0.000,0.00
1777903723,loop3,0.00,0.00,0.000,0.000,0.00
1777903723,loop30,0.00,0.00,0.000,0.000,0.00
1777903723,loop31,0.00,0.00,0.000,0.000,0.00
1777903723,loop32,0.00,0.00,0.000,0.000,0.00
1777903723,loop33,0.00,0.00,0.000,0.000,0.00
1777903723,loop34,0.00,0.00,0.000,0.000,0.00
1777903723,loop35,0.00,0.00,0.000,0.000,0.00
1777903723,loop36,0.00,0.00,0.000,0.000,0.00
1777903723,loop37,0.00,0.00,0.000,0.000,0.00
1777903723,loop38,0.00,0.00,0.000,0.000,0.00
1777903723,loop39,0.00,0.00,0.000,0.000,0.00
1777903723,loop4,0.00,0.00,0.000,0.000,0.00
1777903723,loop40,0.00,0.00,0.000,0.000,0.00
1777903723,loop5,0.00,0.00,0.000,0.000,0.00
1777903723,loop6,0.00,0.00,0.000,0.000,0.00
1777903723,loop7,0.00,0.00,0.000,0.000,0.00
1777903723,loop8,0.00,0.00,0.000,0.000,0.00
1777903723,loop9,0.00,0.00,0.000,0.000,0.00
1777903723,nvme0n1,2.00,24.00,0.004,0.065,0.60
1777903724,loop0,0.00,0.00,0.000,0.000,0.00
1777903724,loop1,0.00,0.00,0.000,0.000,0.00
1777903724,loop10,0.00,0.00,0.000,0.000,0.00
1777903724,loop11,0.00,0.00,0.000,0.000,0.00
1777903724,loop12,0.00,0.00,0.000,0.000,0.00
1777903724,loop13,0.00,0.00,0.000,0.000,0.00
1777903724,loop14,0.00,0.00,0.000,0.000,0.00
1777903724,loop15,0.00,0.00,0.000,0.000,0.00
1777903724,loop16,0.00,0.00,0.000,0.000,0.00
1777903724,loop17,0.00,0.00,0.000,0.000,0.00
1777903724,loop18,0.00,0.00,0.000,0.000,0.00
1777903724,loop19,0.00,0.00,0.000,0.000,0.00
1777903724,loop2,0.00,0.00,0.000,0.000,0.00
1777903724,loop20,0.00,0.00,0.000,0.000,0.00
1777903724,loop21,0.00,0.00,0.000,0.000,0.00
1777903724,loop22,0.00,0.00,0.000,0.000,0.00
1777903724,loop23,0.00,0.00,0.000,0.000,0.00
1777903724,loop24,0.00,0.00,0.000,0.000,0.00
1777903724,loop25,0.00,0.00,0.000,0.000,0.00
1777903724,loop26,0.00,0.00,0.000,0.000,0.00
1777903724,loop27,0.00,0.00,0.000,0.000,0.00
1777903724,loop28,0.00,0.00,0.000,0.000,0.00
1777903724,loop29,0.00,0.00,0.000,0.000,0.00
1777903724,loop3,0.00,0.00,0.000,0.000,0.00
1777903724,loop30,0.00,0.00,0.000,0.000,0.00
1777903724,loop31,0.00,0.00,0.000,0.000,0.00
1777903724,loop32,0.00,0.00,0.000,0.000,0.00
1777903724,loop33,0.00,0.00,0.000,0.000,0.00
1777903724,loop34,0.00,0.00,0.000,0.000,0.00
1777903724,loop35,0.00,0.00,0.000,0.000,0.00
1777903724,loop36,0.00,0.00,0.000,0.000,0.00
1777903724,loop37,0.00,0.00,0.000,0.000,0.00
1777903724,loop38,0.00,0.00,0.000,0.000,0.00
1777903724,loop39,0.00,0.00,0.000,0.000,0.00
1777903724,loop4,0.00,0.00,0.000,0.000,0.00
1777903724,loop40,0.00,0.00,0.000,0.000,0.00
1777903724,loop5,0.00,0.00,0.000,0.000,0.00
1777903724,loop6,0.00,0.00,0.000,0.000,0.00
1777903724,loop7,0.00,0.00,0.000,0.000,0.00
1777903724,loop8,0.00,0.00,0.000,0.000,0.00
1777903724,loop9,0.00,0.00,0.000,0.000,0.00
1777903724,nvme0n1,1.00,4.00,0.000,0.000,0.10
1777903725,loop0,0.00,0.00,0.000,0.000,0.00
1777903725,loop1,0.00,0.00,0.000,0.000,0.00
1777903725,loop10,0.00,0.00,0.000,0.000,0.00
1777903725,loop11,0.00,0.00,0.000,0.000,0.00
1777903725,loop12,0.00,0.00,0.000,0.000,0.00
1777903725,loop13,0.00,0.00,0.000,0.000,0.00
1777903725,loop14,0.00,0.00,0.000,0.000,0.00
1777903725,loop15,0.00,0.00,0.000,0.000,0.00
1777903725,loop16,0.00,0.00,0.000,0.000,0.00
1777903725,loop17,0.00,0.00,0.000,0.000,0.00
1777903725,loop18,0.00,0.00,0.000,0.000,0.00
1777903725,loop19,0.00,0.00,0.000,0.000,0.00
1777903725,loop2,0.00,0.00,0.000,0.000,0.00
1777903725,loop20,0.00,0.00,0.000,0.000,0.00
1777903725,loop21,0.00,0.00,0.000,0.000,0.00
1777903725,loop22,0.00,0.00,0.000,0.000,0.00
1777903725,loop23,0.00,0.00,0.000,0.000,0.00
1777903725,loop24,0.00,0.00,0.000,0.000,0.00
1777903725,loop25,0.00,0.00,0.000,0.000,0.00
1777903725,loop26,0.00,0.00,0.000,0.000,0.00
1777903725,loop27,0.00,0.00,0.000,0.000,0.00
1777903725,loop28,0.00,0.00,0.000,0.000,0.00
1777903725,loop29,0.00,0.00,0.000,0.000,0.00
1777903725,loop3,0.00,0.00,0.000,0.000,0.00
1777903725,loop30,0.00,0.00,0.000,0.000,0.00
1777903725,loop31,0.00,0.00,0.000,0.000,0.00
1777903725,loop32,0.00,0.00,0.000,0.000,0.00
1777903725,loop33,0.00,0.00,0.000,0.000,0.00
1777903725,loop34,0.00,0.00,0.000,0.000,0.00
1777903725,loop35,0.00,0.00,0.000,0.000,0.00
1777903725,loop36,0.00,0.00,0.000,0.000,0.00
1777903725,loop37,0.00,0.00,0.000,0.000,0.00
1777903725,loop38,0.00,0.00,0.000,0.000,0.00
1777903725,loop39,0.00,0.00,0.000,0.000,0.00
1777903725,loop4,0.00,0.00,0.000,0.000,0.00
1777903725,loop40,0.00,0.00,0.000,0.000,0.00
1777903725,loop5,0.00,0.00,0.000,0.000,0.00
1777903725,loop6,0.00,0.00,0.000,0.000,0.00
1777903725,loop7,0.00,0.00,0.000,0.000,0.00
1777903725,loop8,0.00,0.00,0.000,0.000,0.00
1777903725,loop9,0.00,0.00,0.000,0.000,0.00
1777903725,nvme0n1,3.00,12.00,0.000,0.000,0.10
1777903726,loop0,0.00,0.00,0.000,0.000,0.00
1777903726,loop1,0.00,0.00,0.000,0.000,0.00
1777903726,loop10,0.00,0.00,0.000,0.000,0.00
1777903726,loop11,0.00,0.00,0.000,0.000,0.00
1777903726,loop12,0.00,0.00,0.000,0.000,0.00
1777903726,loop13,0.00,0.00,0.000,0.000,0.00
1777903726,loop14,0.00,0.00,0.000,0.000,0.00
1777903726,loop15,0.00,0.00,0.000,0.000,0.00
1777903726,loop16,0.00,0.00,0.000,0.000,0.00
1777903726,loop17,0.00,0.00,0.000,0.000,0.00
1777903726,loop18,0.00,0.00,0.000,0.000,0.00
1777903726,loop19,0.00,0.00,0.000,0.000,0.00
1777903726,loop2,0.00,0.00,0.000,0.000,0.00
1777903726,loop20,0.00,0.00,0.000,0.000,0.00
1777903726,loop21,0.00,0.00,0.000,0.000,0.00
1777903726,loop22,0.00,0.00,0.000,0.000,0.00
1777903726,loop23,0.00,0.00,0.000,0.000,0.00
1777903726,loop24,0.00,0.00,0.000,0.000,0.00
1777903726,loop25,0.00,0.00,0.000,0.000,0.00
1777903726,loop26,0.00,0.00,0.000,0.000,0.00
1777903726,loop27,0.00,0.00,0.000,0.000,0.00
1777903726,loop28,0.00,0.00,0.000,0.000,0.00
1777903726,loop29,0.00,0.00,0.000,0.000,0.00
1777903726,loop3,0.00,0.00,0.000,0.000,0.00
1777903726,loop30,0.00,0.00,0.000,0.000,0.00
1777903726,loop31,0.00,0.00,0.000,0.000,0.00
1777903726,loop32,0.00,0.00,0.000,0.000,0.00
1777903726,loop33,0.00,0.00,0.000,0.000,0.00
1777903726,loop34,0.00,0.00,0.000,0.000,0.00
1777903726,loop35,0.00,0.00,0.000,0.000,0.00
1777903726,loop36,0.00,0.00,0.000,0.000,0.00
1777903726,loop37,0.00,0.00,0.000,0.000,0.00
1777903726,loop38,0.00,0.00,0.000,0.000,0.00
1777903726,loop39,0.00,0.00,0.000,0.000,0.00
1777903726,loop4,0.00,0.00,0.000,0.000,0.00
1777903726,loop40,0.00,0.00,0.000,0.000,0.00
1777903726,loop5,0.00,0.00,0.000,0.000,0.00
1777903726,loop6,0.00,0.00,0.000,0.000,0.00
1777903726,loop7,0.00,0.00,0.000,0.000,0.00
1777903726,loop8,0.00,0.00,0.000,0.000,0.00
1777903726,loop9,0.00,0.00,0.000,0.000,0.00
1777903726,nvme0n1,0.00,0.00,0.000,0.000,0.00
1777903727,loop0,0.00,0.00,0.000,0.000,0.00
1777903727,loop1,0.00,0.00,0.000,0.000,0.00
1777903727,loop10,0.00,0.00,0.000,0.000,0.00
1777903727,loop11,0.00,0.00,0.000,0.000,0.00
1777903727,loop12,0.00,0.00,0.000,0.000,0.00
1777903727,loop13,0.00,0.00,0.000,0.000,0.00
1777903727,loop14,0.00,0.00,0.000,0.000,0.00
1777903727,loop15,0.00,0.00,0.000,0.000,0.00
1777903727,loop16,0.00,0.00,0.000,0.000,0.00
1777903727,loop17,0.00,0.00,0.000,0.000,0.00
1777903727,loop18,0.00,0.00,0.000,0.000,0.00
1777903727,loop19,0.00,0.00,0.000,0.000,0.00
1777903727,loop2,0.00,0.00,0.000,0.000,0.00
1777903727,loop20,0.00,0.00,0.000,0.000,0.00
1777903727,loop21,0.00,0.00,0.000,0.000,0.00
1777903727,loop22,0.00,0.00,0.000,0.000,0.00
1777903727,loop23,0.00,0.00,0.000,0.000,0.00
1777903727,loop24,0.00,0.00,0.000,0.000,0.00
1777903727,loop25,0.00,0.00,0.000,0.000,0.00
1777903727,loop26,0.00,0.00,0.000,0.000,0.00
1777903727,loop27,0.00,0.00,0.000,0.000,0.00
1777903727,loop28,0.00,0.00,0.000,0.000,0.00
1777903727,loop29,0.00,0.00,0.000,0.000,0.00
1777903727,loop3,0.00,0.00,0.000,0.000,0.00
1777903727,loop30,0.00,0.00,0.000,0.000,0.00
1777903727,loop31,0.00,0.00,0.000,0.000,0.00
1777903727,loop32,0.00,0.00,0.000,0.000,0.00
1777903727,loop33,0.00,0.00,0.000,0.000,0.00
1777903727,loop34,0.00,0.00,0.000,0.000,0.00
1777903727,loop35,0.00,0.00,0.000,0.000,0.00
1777903727,loop36,0.00,0.00,0.000,0.000,0.00
1777903727,loop37,0.00,0.00,0.000,0.000,0.00
1777903727,loop38,0.00,0.00,0.000,0.000,0.00
1777903727,loop39,0.00,0.00,0.000,0.000,0.00
1777903727,loop4,0.00,0.00,0.000,0.000,0.00
1777903727,loop40,0.00,0.00,0.000,0.000,0.00
1777903727,loop5,0.00,0.00,0.000,0.000,0.00
1777903727,loop6,0.00,0.00,0.000,0.000,0.00
1777903727,loop7,0.00,0.00,0.000,0.000,0.00
1777903727,loop8,0.00,0.00,0.000,0.000,0.00
1777903727,loop9,0.00,0.00,0.000,0.000,0.00
1777903727,nvme0n1,0.00,0.00,0.000,0.000,0.00
1777903728,loop0,0.00,0.00,0.000,0.000,0.00
1777903728,loop1,0.00,0.00,0.000,0.000,0.00
1777903728,loop10,0.00,0.00,0.000,0.000,0.00
1777903728,loop11,0.00,0.00,0.000,0.000,0.00
1777903728,loop12,0.00,0.00,0.000,0.000,0.00
1777903728,loop13,0.00,0.00,0.000,0.000,0.00
1777903728,loop14,0.00,0.00,0.000,0.000,0.00
1777903728,loop15,0.00,0.00,0.000,0.000,0.00
1777903728,loop16,0.00,0.00,0.000,0.000,0.00
1777903728,loop17,0.00,0.00,0.000,0.000,0.00
1777903728,loop18,0.00,0.00,0.000,0.000,0.00
1777903728,loop19,0.00,0.00,0.000,0.000,0.00
1777903728,loop2,0.00,0.00,0.000,0.000,0.00
1777903728,loop20,0.00,0.00,0.000,0.000,0.00
1777903728,loop21,0.00,0.00,0.000,0.000,0.00
1777903728,loop22,0.00,0.00,0.000,0.000,0.00
1777903728,loop23,0.00,0.00,0.000,0.000,0.00
1777903728,loop24,0.00,0.00,0.000,0.000,0.00
1777903728,loop25,0.00,0.00,0.000,0.000,0.00
1777903728,loop26,0.00,0.00,0.000,0.000,0.00
1777903728,loop27,0.00,0.00,0.000,0.000,0.00
1777903728,loop28,0.00,0.00,0.000,0.000,0.00
1777903728,loop29,0.00,0.00,0.000,0.000,0.00
1777903728,loop3,0.00,0.00,0.000,0.000,0.00
1777903728,loop30,0.00,0.00,0.000,0.000,0.00
1777903728,loop31,0.00,0.00,0.000,0.000,0.00
1777903728,loop32,0.00,0.00,0.000,0.000,0.00
1777903728,loop33,0.00,0.00,0.000,0.000,0.00
1777903728,loop34,0.00,0.00,0.000,0.000,0.00
1777903728,loop35,0.00,0.00,0.000,0.000,0.00
1777903728,loop36,0.00,0.00,0.000,0.000,0.00
1777903728,loop37,0.00,0.00,0.000,0.000,0.00
1777903728,loop38,0.00,0.00,0.000,0.000,0.00
1777903728,loop39,0.00,0.00,0.000,0.000,0.00
1777903728,loop4,0.00,0.00,0.000,0.000,0.00
1777903728,loop40,0.00,0.00,0.000,0.000,0.00
1777903728,loop5,0.00,0.00,0.000,0.000,0.00
1777903728,loop6,0.00,0.00,0.000,0.000,0.00
1777903728,loop7,0.00,0.00,0.000,0.000,0.00
1777903728,loop8,0.00,0.00,0.000,0.000,0.00
1777903728,loop9,0.00,0.00,0.000,0.000,0.00
1777903728,nvme0n1,1.00,12.00,0.002,0.065,2.50
1777903729,loop0,0.00,0.00,0.000,0.000,0.00
1777903729,loop1,0.00,0.00,0.000,0.000,0.00
1777903729,loop10,0.00,0.00,0.000,0.000,0.00
1777903729,loop11,0.00,0.00,0.000,0.000,0.00
1777903729,loop12,0.00,0.00,0.000,0.000,0.00
1777903729,loop13,0.00,0.00,0.000,0.000,0.00
1777903729,loop14,0.00,0.00,0.000,0.000,0.00
1777903729,loop15,0.00,0.00,0.000,0.000,0.00
1777903729,loop16,0.00,0.00,0.000,0.000,0.00
1777903729,loop17,0.00,0.00,0.000,0.000,0.00
1777903729,loop18,0.00,0.00,0.000,0.000,0.00
1777903729,loop19,0.00,0.00,0.000,0.000,0.00
1777903729,loop2,0.00,0.00,0.000,0.000,0.00
1777903729,loop20,0.00,0.00,0.000,0.000,0.00
1777903729,loop21,0.00,0.00,0.000,0.000,0.00
1777903729,loop22,0.00,0.00,0.000,0.000,0.00
1777903729,loop23,0.00,0.00,0.000,0.000,0.00
1777903729,loop24,0.00,0.00,0.000,0.000,0.00
1777903729,loop25,0.00,0.00,0.000,0.000,0.00
1777903729,loop26,0.00,0.00,0.000,0.000,0.00
1777903729,loop27,0.00,0.00,0.000,0.000,0.00
1777903729,loop28,0.00,0.00,0.000,0.000,0.00
1777903729,loop29,0.00,0.00,0.000,0.000,0.00
1777903729,loop3,0.00,0.00,0.000,0.000,0.00
1777903729,loop30,0.00,0.00,0.000,0.000,0.00
1777903729,loop31,0.00,0.00,0.000,0.000,0.00
1777903729,loop32,0.00,0.00,0.000,0.000,0.00
1777903729,loop33,0.00,0.00,0.000,0.000,0.00
1777903729,loop34,0.00,0.00,0.000,0.000,0.00
1777903729,loop35,0.00,0.00,0.000,0.000,0.00
1777903729,loop36,0.00,0.00,0.000,0.000,0.00
1777903729,loop37,0.00,0.00,0.000,0.000,0.00
1777903729,loop38,0.00,0.00,0.000,0.000,0.00
1777903729,loop39,0.00,0.00,0.000,0.000,0.00
1777903729,loop4,0.00,0.00,0.000,0.000,0.00
1777903729,loop40,0.00,0.00,0.000,0.000,0.00
1777903729,loop5,0.00,0.00,0.000,0.000,0.00
1777903729,loop6,0.00,0.00,0.000,0.000,0.00
1777903729,loop7,0.00,0.00,0.000,0.000,0.00
1777903729,loop8,0.00,0.00,0.000,0.000,0.00
1777903729,loop9,0.00,0.00,0.000,0.000,0.00
1777903729,nvme0n1,2114.00,13684.00,1.276,0.037,8.70
1777903730,loop0,0.00,0.00,0.000,0.000,0.00
1777903730,loop1,0.00,0.00,0.000,0.000,0.00
1777903730,loop10,0.00,0.00,0.000,0.000,0.00
1777903730,loop11,0.00,0.00,0.000,0.000,0.00
1777903730,loop12,0.00,0.00,0.000,0.000,0.00
1777903730,loop13,0.00,0.00,0.000,0.000,0.00
1777903730,loop14,0.00,0.00,0.000,0.000,0.00
1777903730,loop15,0.00,0.00,0.000,0.000,0.00
1777903730,loop16,0.00,0.00,0.000,0.000,0.00
1777903730,loop17,0.00,0.00,0.000,0.000,0.00
1777903730,loop18,0.00,0.00,0.000,0.000,0.00
1777903730,loop19,0.00,0.00,0.000,0.000,0.00
1777903730,loop2,0.00,0.00,0.000,0.000,0.00
1777903730,loop20,0.00,0.00,0.000,0.000,0.00
1777903730,loop21,0.00,0.00,0.000,0.000,0.00
1777903730,loop22,0.00,0.00,0.000,0.000,0.00
1777903730,loop23,0.00,0.00,0.000,0.000,0.00
1777903730,loop24,0.00,0.00,0.000,0.000,0.00
1777903730,loop25,0.00,0.00,0.000,0.000,0.00
1777903730,loop26,0.00,0.00,0.000,0.000,0.00
1777903730,loop27,0.00,0.00,0.000,0.000,0.00
1777903730,loop28,0.00,0.00,0.000,0.000,0.00
1777903730,loop29,0.00,0.00,0.000,0.000,0.00
1777903730,loop3,0.00,0.00,0.000,0.000,0.00
1777903730,loop30,0.00,0.00,0.000,0.000,0.00
1777903730,loop31,0.00,0.00,0.000,0.000,0.00
1777903730,loop32,0.00,0.00,0.000,0.000,0.00
1777903730,loop33,0.00,0.00,0.000,0.000,0.00
1777903730,loop34,0.00,0.00,0.000,0.000,0.00
1777903730,loop35,0.00,0.00,0.000,0.000,0.00
1777903730,loop36,0.00,0.00,0.000,0.000,0.00
1777903730,loop37,0.00,0.00,0.000,0.000,0.00
1777903730,loop38,0.00,0.00,0.000,0.000,0.00
1777903730,loop39,0.00,0.00,0.000,0.000,0.00
1777903730,loop4,0.00,0.00,0.000,0.000,0.00
1777903730,loop40,0.00,0.00,0.000,0.000,0.00
1777903730,loop5,0.00,0.00,0.000,0.000,0.00
1777903730,loop6,0.00,0.00,0.000,0.000,0.00
1777903730,loop7,0.00,0.00,0.000,0.000,0.00
1777903730,loop8,0.00,0.00,0.000,0.000,0.00
1777903730,loop9,0.00,0.00,0.000,0.000,0.00
1777903730,nvme0n1,4.00,16.00,0.000,0.000,0.00
1777903731,loop0,0.00,0.00,0.000,0.000,0.00
1777903731,loop1,0.00,0.00,0.000,0.000,0.00
1777903731,loop10,0.00,0.00,0.000,0.000,0.00
1777903731,loop11,0.00,0.00,0.000,0.000,0.00
1777903731,loop12,0.00,0.00,0.000,0.000,0.00
1777903731,loop13,0.00,0.00,0.000,0.000,0.00
1777903731,loop14,0.00,0.00,0.000,0.000,0.00
1777903731,loop15,0.00,0.00,0.000,0.000,0.00
1777903731,loop16,0.00,0.00,0.000,0.000,0.00
1777903731,loop17,0.00,0.00,0.000,0.000,0.00
1777903731,loop18,0.00,0.00,0.000,0.000,0.00
1777903731,loop19,0.00,0.00,0.000,0.000,0.00
1777903731,loop2,0.00,0.00,0.000,0.000,0.00
1777903731,loop20,0.00,0.00,0.000,0.000,0.00
1777903731,loop21,0.00,0.00,0.000,0.000,0.00
1777903731,loop22,0.00,0.00,0.000,0.000,0.00
1777903731,loop23,0.00,0.00,0.000,0.000,0.00
1777903731,loop24,0.00,0.00,0.000,0.000,0.00
1777903731,loop25,0.00,0.00,0.000,0.000,0.00
1777903731,loop26,0.00,0.00,0.000,0.000,0.00
1777903731,loop27,0.00,0.00,0.000,0.000,0.00
1777903731,loop28,0.00,0.00,0.000,0.000,0.00
1777903731,loop29,0.00,0.00,0.000,0.000,0.00
1777903731,loop3,0.00,0.00,0.000,0.000,0.00
1777903731,loop30,0.00,0.00,0.000,0.000,0.00
1777903731,loop31,0.00,0.00,0.000,0.000,0.00
1777903731,loop32,0.00,0.00,0.000,0.000,0.00
1777903731,loop33,0.00,0.00,0.000,0.000,0.00
1777903731,loop34,0.00,0.00,0.000,0.000,0.00
1777903731,loop35,0.00,0.00,0.000,0.000,0.00
1777903731,loop36,0.00,0.00,0.000,0.000,0.00
1777903731,loop37,0.00,0.00,0.000,0.000,0.00
1777903731,loop38,0.00,0.00,0.000,0.000,0.00
1777903731,loop39,0.00,0.00,0.000,0.000,0.00
1777903731,loop4,0.00,0.00,0.000,0.000,0.00
1777903731,loop40,0.00,0.00,0.000,0.000,0.00
1777903731,loop5,0.00,0.00,0.000,0.000,0.00
1777903731,loop6,0.00,0.00,0.000,0.000,0.00
1777903731,loop7,0.00,0.00,0.000,0.000,0.00
1777903731,loop8,0.00,0.00,0.000,0.000,0.00
1777903731,loop9,0.00,0.00,0.000,0.000,0.00
1777903731,nvme0n1,1.00,20.00,0.004,0.078,0.00
