t_unix,device,r_iops,w_iops,r_mb_s,w_mb_s,util_pct
1777907139,loop0,0.00,0.00,0.000,0.000,0.00
1777907139,loop1,0.00,0.00,0.000,0.000,0.00
1777907139,loop10,0.00,0.00,0.000,0.000,0.00
1777907139,loop11,0.00,0.00,0.000,0.000,0.00
1777907139,loop12,0.00,0.00,0.000,0.000,0.00
1777907139,loop13,0.00,0.00,0.000,0.000,0.00
1777907139,loop14,0.00,0.00,0.000,0.000,0.00
1777907139,loop15,0.00,0.00,0.000,0.000,0.00
1777907139,loop16,0.00,0.00,0.000,0.000,0.00
1777907139,loop17,0.00,0.00,0.000,0.000,0.00
1777907139,loop18,0.00,0.00,0.000,0.000,0.00
1777907139,loop19,0.00,0.00,0.000,0.000,0.00
1777907139,loop2,0.00,0.00,0.000,0.000,0.00
1777907139,loop20,0.00,0.00,0.000,0.000,0.00
1777907139,loop21,0.00,0.00,0.000,0.000,0.00
1777907139,loop22,0.00,0.00,0.000,0.000,0.00
1777907139,loop23,0.00,0.00,0.000,0.000,0.00
1777907139,loop24,0.00,0.00,0.000,0.000,0.00
1777907139,loop25,0.00,0.00,0.000,0.000,0.00
1777907139,loop26,0.00,0.00,0.000,0.000,0.00
1777907139,loop27,0.00,0.00,0.000,0.000,0.00
1777907139,loop28,0.00,0.00,0.000,0.000,0.00
1777907139,loop29,0.00,0.00,0.000,0.000,0.00
1777907139,loop3,0.00,0.00,0.000,0.000,0.00
1777907139,loop30,0.00,0.00,0.000,0.000,0.00
1777907139,loop31,0.00,0.00,0.000,0.000,0.00
1777907139,loop32,0.00,0.00,0.000,0.000,0.00
1777907139,loop33,0.00,0.00,0.000,0.000,0.00
1777907139,loop34,0.00,0.00,0.000,0.000,0.00
1777907139,loop35,0.00,0.00,0.000,0.000,0.00
1777907139,loop36,0.00,0.00,0.000,0.000,0.00
1777907139,loop37,0.00,0.00,0.000,0.000,0.00
1777907139,loop38,0.00,0.00,0.000,0.000,0.00
1777907139,loop39,0.00,0.00,0.000,0.000,0.00
1777907139,loop4,0.00,0.00,0.000,0.000,0.00
1777907139,loop40,0.00,0.00,0.000,0.000,0.00
1777907139,loop5,0.00,0.00,0.000,0.000,0.00
1777907139,loop6,0.00,0.00,0.000,0.000,0.00
1777907139,loop7,0.00,0.00,0.000,0.000,0.00
1777907139,loop8,0.00,0.00,0.000,0.000,0.00
1777907139,loop9,0.00,0.00,0.000,0.000,0.00
1777907139,nvme0n1,0.00,0.00,0.000,0.000,0.00
1777907140,loop0,0.00,0.00,0.000,0.000,0.00
1777907140,loop1,0.00,0.00,0.000,0.000,0.00
1777907140,loop10,0.00,0.00,0.000,0.000,0.00
1777907140,loop11,0.00,0.00,0.000,0.000,0.00
1777907140,loop12,0.00,0.00,0.000,0.000,0.00
1777907140,loop13,0.00,0.00,0.000,0.000,0.00
1777907140,loop14,0.00,0.00,0.000,0.000,0.00
1777907140,loop15,0.00,0.00,0.000,0.000,0.00
1777907140,loop16,0.00,0.00,0.000,0.000,0.00
1777907140,loop17,0.00,0.00,0.000,0.000,0.00
1777907140,loop18,0.00,0.00,0.000,0.000,0.00
1777907140,loop19,0.00,0.00,0.000,0.000,0.00
1777907140,loop2,0.00,0.00,0.000,0.000,0.00
1777907140,loop20,0.00,0.00,0.000,0.000,0.00
1777907140,loop21,0.00,0.00,0.000,0.000,0.00
1777907140,loop22,0.00,0.00,0.000,0.000,0.00
1777907140,loop23,0.00,0.00,0.000,0.000,0.00
1777907140,loop24,0.00,0.00,0.000,0.000,0.00
1777907140,loop25,0.00,0.00,0.000,0.000,0.00
1777907140,loop26,0.00,0.00,0.000,0.000,0.00
1777907140,loop27,0.00,0.00,0.000,0.000,0.00
1777907140,loop28,0.00,0.00,0.000,0.000,0.00
1777907140,loop29,0.00,0.00,0.000,0.000,0.00
1777907140,loop3,0.00,0.00,0.000,0.000,0.00
1777907140,loop30,0.00,0.00,0.000,0.000,0.00
1777907140,loop31,0.00,0.00,0.000,0.000,0.00
1777907140,loop32,0.00,0.00,0.000,0.000,0.00
1777907140,loop33,0.00,0.00,0.000,0.000,0.00
1777907140,loop34,0.00,0.00,0.000,0.000,0.00
1777907140,loop35,0.00,0.00,0.000,0.000,0.00
1777907140,loop36,0.00,0.00,0.000,0.000,0.00
1777907140,loop37,0.00,0.00,0.000,0.000,0.00
1777907140,loop38,0.00,0.00,0.000,0.000,0.00
1777907140,loop39,0.00,0.00,0.000,0.000,0.00
1777907140,loop4,0.00,0.00,0.000,0.000,0.00
1777907140,loop40,0.00,0.00,0.000,0.000,0.00
1777907140,loop5,0.00,0.00,0.000,0.000,0.00
1777907140,loop6,0.00,0.00,0.000,0.000,0.00
1777907140,loop7,0.00,0.00,0.000,0.000,0.00
1777907140,loop8,0.00,0.00,0.000,0.000,0.00
1777907140,loop9,0.00,0.00,0.000,0.000,0.00
1777907140,nvme0n1,1.00,4.00,0.000,0.000,2.20
1777907141,loop0,0.00,0.00,0.000,0.000,0.00
1777907141,loop1,0.00,0.00,0.000,0.000,0.00
1777907141,loop10,0.00,0.00,0.000,0.000,0.00
1777907141,loop11,0.00,0.00,0.000,0.000,0.00
1777907141,loop12,0.00,0.00,0.000,0.000,0.00
1777907141,loop13,0.00,0.00,0.000,0.000,0.00
1777907141,loop14,0.00,0.00,0.000,0.000,0.00
1777907141,loop15,0.00,0.00,0.000,0.000,0.00
1777907141,loop16,0.00,0.00,0.000,0.000,0.00
1777907141,loop17,0.00,0.00,0.000,0.000,0.00
1777907141,loop18,0.00,0.00,0.000,0.000,0.00
1777907141,loop19,0.00,0.00,0.000,0.000,0.00
1777907141,loop2,0.00,0.00,0.000,0.000,0.00
1777907141,loop20,0.00,0.00,0.000,0.000,0.00
1777907141,loop21,0.00,0.00,0.000,0.000,0.00
1777907141,loop22,0.00,0.00,0.000,0.000,0.00
1777907141,loop23,0.00,0.00,0.000,0.000,0.00
1777907141,loop24,0.00,0.00,0.000,0.000,0.00
1777907141,loop25,0.00,0.00,0.000,0.000,0.00
1777907141,loop26,0.00,0.00,0.000,0.000,0.00
1777907141,loop27,0.00,0.00,0.000,0.000,0.00
1777907141,loop28,0.00,0.00,0.000,0.000,0.00
1777907141,loop29,0.00,0.00,0.000,0.000,0.00
1777907141,loop3,0.00,0.00,0.000,0.000,0.00
1777907141,loop30,0.00,0.00,0.000,0.000,0.00
1777907141,loop31,0.00,0.00,0.000,0.000,0.00
1777907141,loop32,0.00,0.00,0.000,0.000,0.00
1777907141,loop33,0.00,0.00,0.000,0.000,0.00
1777907141,loop34,0.00,0.00,0.000,0.000,0.00
1777907141,loop35,0.00,0.00,0.000,0.000,0.00
1777907141,loop36,0.00,0.00,0.000,0.000,0.00
1777907141,loop37,0.00,0.00,0.000,0.000,0.00
1777907141,loop38,0.00,0.00,0.000,0.000,0.00
1777907141,loop39,0.00,0.00,0.000,0.000,0.00
1777907141,loop4,0.00,0.00,0.000,0.000,0.00
1777907141,loop40,0.00,0.00,0.000,0.000,0.00
1777907141,loop5,0.00,0.00,0.000,0.000,0.00
1777907141,loop6,0.00,0.00,0.000,0.000,0.00
1777907141,loop7,0.00,0.00,0.000,0.000,0.00
1777907141,loop8,0.00,0.00,0.000,0.000,0.00
1777907141,loop9,0.00,0.00,0.000,0.000,0.00
1777907141,nvme0n1,0.00,0.00,0.000,0.000,0.00
1777907142,loop0,0.00,0.00,0.000,0.000,0.00
1777907142,loop1,0.00,0.00,0.000,0.000,0.00
1777907142,loop10,0.00,0.00,0.000,0.000,0.00
1777907142,loop11,0.00,0.00,0.000,0.000,0.00
1777907142,loop12,0.00,0.00,0.000,0.000,0.00
1777907142,loop13,0.00,0.00,0.000,0.000,0.00
1777907142,loop14,0.00,0.00,0.000,0.000,0.00
1777907142,loop15,0.00,0.00,0.000,0.000,0.00
1777907142,loop16,0.00,0.00,0.000,0.000,0.00
1777907142,loop17,0.00,0.00,0.000,0.000,0.00
1777907142,loop18,0.00,0.00,0.000,0.000,0.00
1777907142,loop19,0.00,0.00,0.000,0.000,0.00
1777907142,loop2,0.00,0.00,0.000,0.000,0.00
1777907142,loop20,0.00,0.00,0.000,0.000,0.00
1777907142,loop21,0.00,0.00,0.000,0.000,0.00
1777907142,loop22,0.00,0.00,0.000,0.000,0.00
1777907142,loop23,0.00,0.00,0.000,0.000,0.00
1777907142,loop24,0.00,0.00,0.000,0.000,0.00
1777907142,loop25,0.00,0.00,0.000,0.000,0.00
1777907142,loop26,0.00,0.00,0.000,0.000,0.00
1777907142,loop27,0.00,0.00,0.000,0.000,0.00
1777907142,loop28,0.00,0.00,0.000,0.000,0.00
1777907142,loop29,0.00,0.00,0.000,0.000,0.00
1777907142,loop3,0.00,0.00,0.000,0.000,0.00
1777907142,loop30,0.00,0.00,0.000,0.000,0.00
1777907142,loop31,0.00,0.00,0.000,0.000,0.00
1777907142,loop32,0.00,0.00,0.000,0.000,0.00
1777907142,loop33,0.00,0.00,0.000,0.000,0.00
1777907142,loop34,0.00,0.00,0.000,0.000,0.00
1777907142,loop35,0.00,0.00,0.000,0.000,0.00
1777907142,loop36,0.00,0.00,0.000,0.000,0.00
1777907142,loop37,0.00,0.00,0.000,0.000,0.00
1777907142,loop38,0.00,0.00,0.000,0.000,0.00
1777907142,loop39,0.00,0.00,0.000,0.000,0.00
1777907142,loop4,0.00,0.00,0.000,0.000,0.00
1777907142,loop40,0.00,0.00,0.000,0.000,0.00
1777907142,loop5,0.00,0.00,0.000,0.000,0.00
1777907142,loop6,0.00,0.00,0.000,0.000,0.00
1777907142,loop7,0.00,0.00,0.000,0.000,0.00
1777907142,loop8,0.00,0.00,0.000,0.000,0.00
1777907142,loop9,0.00,0.00,0.000,0.000,0.00
1777907142,nvme0n1,0.00,0.00,0.000,0.000,0.00
1777907143,loop0,0.00,0.00,0.000,0.000,0.00
1777907143,loop1,0.00,0.00,0.000,0.000,0.00
1777907143,loop10,0.00,0.00,0.000,0.000,0.00
1777907143,loop11,0.00,0.00,0.000,0.000,0.00
1777907143,loop12,0.00,0.00,0.000,0.000,0.00
1777907143,loop13,0.00,0.00,0.000,0.000,0.00
1777907143,loop14,0.00,0.00,0.000,0.000,0.00
1777907143,loop15,0.00,0.00,0.000,0.000,0.00
1777907143,loop16,0.00,0.00,0.000,0.000,0.00
1777907143,loop17,0.00,0.00,0.000,0.000,0.00
1777907143,loop18,0.00,0.00,0.000,0.000,0.00
1777907143,loop19,0.00,0.00,0.000,0.000,0.00
1777907143,loop2,0.00,0.00,0.000,0.000,0.00
1777907143,loop20,0.00,0.00,0.000,0.000,0.00
1777907143,loop21,0.00,0.00,0.000,0.000,0.00
1777907143,loop22,0.00,0.00,0.000,0.000,0.00
1777907143,loop23,0.00,0.00,0.000,0.000,0.00
1777907143,loop24,0.00,0.00,0.000,0.000,0.00
1777907143,loop25,0.00,0.00,0.000,0.000,0.00
1777907143,loop26,0.00,0.00,0.000,0.000,0.00
1777907143,loop27,0.00,0.00,0.000,0.000,0.00
1777907143,loop28,0.00,0.00,0.000,0.000,0.00
1777907143,loop29,0.00,0.00,0.000,0.000,0.00
1777907143,loop3,0.00,0.00,0.000,0.000,0.00
1777907143,loop30,0.00,0.00,0.000,0.000,0.00
1777907143,loop31,0.00,0.00,0.000,0.000,0.00
1777907143,loop32,0.00,0.00,0.000,0.000,0.00
1777907143,loop33,0.00,0.00,0.000,0.000,0.00
1777907143,loop34,0.00,0.00,0.000,0.000,0.00
1777907143,loop35,0.00,0.00,0.000,0.000,0.00
1777907143,loop36,0.00,0.00,0.000,0.000,0.00
1777907143,loop37,0.00,0.00,0.000,0.000,0.00
1777907143,loop38,0.00,0.00,0.000,0.000,0.00
1777907143,loop39,0.00,0.00,0.000,0.000,0.00
1777907143,loop4,0.00,0.00,0.000,0.000,0.00
1777907143,loop40,0.00,0.00,0.000,0.000,0.00
1777907143,loop5,0.00,0.00,0.000,0.000,0.00
1777907143,loop6,0.00,0.00,0.000,0.000,0.00
1777907143,loop7,0.00,0.00,0.000,0.000,0.00
1777907143,loop8,0.00,0.00,0.000,0.000,0.00
1777907143,loop9,0.00,0.00,0.000,0.000,0.00
1777907143,nvme0n1,0.00,0.00,0.000,0.000,5.30
1777907144,loop0,0.00,0.00,0.000,0.000,0.00
1777907144,loop1,0.00,0.00,0.000,0.000,0.00
1777907144,loop10,0.00,0.00,0.000,0.000,0.00
1777907144,loop11,0.00,0.00,0.000,0.000,0.00
1777907144,loop12,0.00,0.00,0.000,0.000,0.00
1777907144,loop13,0.00,0.00,0.000,0.000,0.00
1777907144,loop14,0.00,0.00,0.000,0.000,0.00
1777907144,loop15,0.00,0.00,0.000,0.000,0.00
1777907144,loop16,0.00,0.00,0.000,0.000,0.00
1777907144,loop17,0.00,0.00,0.000,0.000,0.00
1777907144,loop18,0.00,0.00,0.000,0.000,0.00
1777907144,loop19,0.00,0.00,0.000,0.000,0.00
1777907144,loop2,0.00,0.00,0.000,0.000,0.00
1777907144,loop20,0.00,0.00,0.000,0.000,0.00
1777907144,loop21,0.00,0.00,0.000,0.000,0.00
1777907144,loop22,0.00,0.00,0.000,0.000,0.00
1777907144,loop23,0.00,0.00,0.000,0.000,0.00
1777907144,loop24,0.00,0.00,0.000,0.000,0.00
1777907144,loop25,0.00,0.00,0.000,0.000,0.00
1777907144,loop26,0.00,0.00,0.000,0.000,0.00
1777907144,loop27,0.00,0.00,0.000,0.000,0.00
1777907144,loop28,0.00,0.00,0.000,0.000,0.00
1777907144,loop29,0.00,0.00,0.000,0.000,0.00
1777907144,loop3,0.00,0.00,0.000,0.000,0.00
1777907144,loop30,0.00,0.00,0.000,0.000,0.00
1777907144,loop31,0.00,0.00,0.000,0.000,0.00
1777907144,loop32,0.00,0.00,0.000,0.000,0.00
1777907144,loop33,0.00,0.00,0.000,0.000,0.00
1777907144,loop34,0.00,0.00,0.000,0.000,0.00
1777907144,loop35,0.00,0.00,0.000,0.000,0.00
1777907144,loop36,0.00,0.00,0.000,0.000,0.00
1777907144,loop37,0.00,0.00,0.000,0.000,0.00
1777907144,loop38,0.00,0.00,0.000,0.000,0.00
1777907144,loop39,0.00,0.00,0.000,0.000,0.00
1777907144,loop4,0.00,0.00,0.000,0.000,0.00
1777907144,loop40,0.00,0.00,0.000,0.000,0.00
1777907144,loop5,0.00,0.00,0.000,0.000,0.00
1777907144,loop6,0.00,0.00,0.000,0.000,0.00
1777907144,loop7,0.00,0.00,0.000,0.000,0.00
1777907144,loop8,0.00,0.00,0.000,0.000,0.00
1777907144,loop9,0.00,0.00,0.000,0.000,0.00
1777907144,nvme0n1,0.00,0.00,0.000,0.000,0.70
1777907145,loop0,0.00,0.00,0.000,0.000,0.00
1777907145,loop1,0.00,0.00,0.000,0.000,0.00
1777907145,loop10,0.00,0.00,0.000,0.000,0.00
1777907145,loop11,0.00,0.00,0.000,0.000,0.00
1777907145,loop12,0.00,0.00,0.000,0.000,0.00
1777907145,loop13,0.00,0.00,0.000,0.000,0.00
1777907145,loop14,0.00,0.00,0.000,0.000,0.00
1777907145,loop15,0.00,0.00,0.000,0.000,0.00
1777907145,loop16,0.00,0.00,0.000,0.000,0.00
1777907145,loop17,0.00,0.00,0.000,0.000,0.00
1777907145,loop18,0.00,0.00,0.000,0.000,0.00
1777907145,loop19,0.00,0.00,0.000,0.000,0.00
1777907145,loop2,0.00,0.00,0.000,0.000,0.00
1777907145,loop20,0.00,0.00,0.000,0.000,0.00
1777907145,loop21,0.00,0.00,0.000,0.000,0.00
1777907145,loop22,0.00,0.00,0.000,0.000,0.00
1777907145,loop23,0.00,0.00,0.000,0.000,0.00
1777907145,loop24,0.00,0.00,0.000,0.000,0.00
1777907145,loop25,0.00,0.00,0.000,0.000,0.00
1777907145,loop26,0.00,0.00,0.000,0.000,0.00
1777907145,loop27,0.00,0.00,0.000,0.000,0.00
1777907145,loop28,0.00,0.00,0.000,0.000,0.00
1777907145,loop29,0.00,0.00,0.000,0.000,0.00
1777907145,loop3,0.00,0.00,0.000,0.000,0.00
1777907145,loop30,0.00,0.00,0.000,0.000,0.00
1777907145,loop31,0.00,0.00,0.000,0.000,0.00
1777907145,loop32,0.00,0.00,0.000,0.000,0.00
1777907145,loop33,0.00,0.00,0.000,0.000,0.00
1777907145,loop34,0.00,0.00,0.000,0.000,0.00
1777907145,loop35,0.00,0.00,0.000,0.000,0.00
1777907145,loop36,0.00,0.00,0.000,0.000,0.00
1777907145,loop37,0.00,0.00,0.000,0.000,0.00
1777907145,loop38,0.00,0.00,0.000,0.000,0.00
1777907145,loop39,0.00,0.00,0.000,0.000,0.00
1777907145,loop4,0.00,0.00,0.000,0.000,0.00
1777907145,loop40,0.00,0.00,0.000,0.000,0.00
1777907145,loop5,0.00,0.00,0.000,0.000,0.00
1777907145,loop6,0.00,0.00,0.000,0.000,0.00
1777907145,loop7,0.00,0.00,0.000,0.000,0.00
1777907145,loop8,0.00,0.00,0.000,0.000,0.00
1777907145,loop9,0.00,0.00,0.000,0.000,0.00
1777907145,nvme0n1,0.00,0.00,0.000,0.000,0.00
1777907146,loop0,0.00,0.00,0.000,0.000,0.00
1777907146,loop1,0.00,0.00,0.000,0.000,0.00
1777907146,loop10,0.00,0.00,0.000,0.000,0.00
1777907146,loop11,0.00,0.00,0.000,0.000,0.00
1777907146,loop12,0.00,0.00,0.000,0.000,0.00
1777907146,loop13,0.00,0.00,0.000,0.000,0.00
1777907146,loop14,0.00,0.00,0.000,0.000,0.00
1777907146,loop15,0.00,0.00,0.000,0.000,0.00
1777907146,loop16,0.00,0.00,0.000,0.000,0.00
1777907146,loop17,0.00,0.00,0.000,0.000,0.00
1777907146,loop18,0.00,0.00,0.000,0.000,0.00
1777907146,loop19,0.00,0.00,0.000,0.000,0.00
1777907146,loop2,0.00,0.00,0.000,0.000,0.00
1777907146,loop20,0.00,0.00,0.000,0.000,0.00
1777907146,loop21,0.00,0.00,0.000,0.000,0.00
1777907146,loop22,0.00,0.00,0.000,0.000,0.00
1777907146,loop23,0.00,0.00,0.000,0.000,0.00
1777907146,loop24,0.00,0.00,0.000,0.000,0.00
1777907146,loop25,0.00,0.00,0.000,0.000,0.00
1777907146,loop26,0.00,0.00,0.000,0.000,0.00
1777907146,loop27,0.00,0.00,0.000,0.000,0.00
1777907146,loop28,0.00,0.00,0.000,0.000,0.00
1777907146,loop29,0.00,0.00,0.000,0.000,0.00
1777907146,loop3,0.00,0.00,0.000,0.000,0.00
1777907146,loop30,0.00,0.00,0.000,0.000,0.00
1777907146,loop31,0.00,0.00,0.000,0.000,0.00
1777907146,loop32,0.00,0.00,0.000,0.000,0.00
1777907146,loop33,0.00,0.00,0.000,0.000,0.00
1777907146,loop34,0.00,0.00,0.000,0.000,0.00
1777907146,loop35,0.00,0.00,0.000,0.000,0.00
1777907146,loop36,0.00,0.00,0.000,0.000,0.00
1777907146,loop37,0.00,0.00,0.000,0.000,0.00
1777907146,loop38,0.00,0.00,0.000,0.000,0.00
1777907146,loop39,0.00,0.00,0.000,0.000,0.00
1777907146,loop4,0.00,0.00,0.000,0.000,0.00
1777907146,loop40,0.00,0.00,0.000,0.000,0.00
1777907146,loop5,0.00,0.00,0.000,0.000,0.00
1777907146,loop6,0.00,0.00,0.000,0.000,0.00
1777907146,loop7,0.00,0.00,0.000,0.000,0.00
1777907146,loop8,0.00,0.00,0.000,0.000,0.00
1777907146,loop9,0.00,0.00,0.000,0.000,0.00
1777907146,nvme0n1,0.00,0.00,0.000,0.000,0.00
1777907147,loop0,0.00,0.00,0.000,0.000,0.00
1777907147,loop1,0.00,0.00,0.000,0.000,0.00
1777907147,loop10,0.00,0.00,0.000,0.000,0.00
1777907147,loop11,0.00,0.00,0.000,0.000,0.00
1777907147,loop12,0.00,0.00,0.000,0.000,0.00
1777907147,loop13,0.00,0.00,0.000,0.000,0.00
1777907147,loop14,0.00,0.00,0.000,0.000,0.00
1777907147,loop15,0.00,0.00,0.000,0.000,0.00
1777907147,loop16,0.00,0.00,0.000,0.000,0.00
1777907147,loop17,0.00,0.00,0.000,0.000,0.00
1777907147,loop18,0.00,0.00,0.000,0.000,0.00
1777907147,loop19,0.00,0.00,0.000,0.000,0.00
1777907147,loop2,0.00,0.00,0.000,0.000,0.00
1777907147,loop20,0.00,0.00,0.000,0.000,0.00
1777907147,loop21,0.00,0.00,0.000,0.000,0.00
1777907147,loop22,0.00,0.00,0.000,0.000,0.00
1777907147,loop23,0.00,0.00,0.000,0.000,0.00
1777907147,loop24,0.00,0.00,0.000,0.000,0.00
1777907147,loop25,0.00,0.00,0.000,0.000,0.00
1777907147,loop26,0.00,0.00,0.000,0.000,0.00
1777907147,loop27,0.00,0.00,0.000,0.000,0.00
1777907147,loop28,0.00,0.00,0.000,0.000,0.00
1777907147,loop29,0.00,0.00,0.000,0.000,0.00
1777907147,loop3,0.00,0.00,0.000,0.000,0.00
1777907147,loop30,0.00,0.00,0.000,0.000,0.00
1777907147,loop31,0.00,0.00,0.000,0.000,0.00
1777907147,loop32,0.00,0.00,0.000,0.000,0.00
1777907147,loop33,0.00,0.00,0.000,0.000,0.00
1777907147,loop34,0.00,0.00,0.000,0.000,0.00
1777907147,loop35,0.00,0.00,0.000,0.000,0.00
1777907147,loop36,0.00,0.00,0.000,0.000,0.00
1777907147,loop37,0.00,0.00,0.000,0.000,0.00
1777907147,loop38,0.00,0.00,0.000,0.000,0.00
1777907147,loop39,0.00,0.00,0.000,0.000,0.00
1777907147,loop4,0.00,0.00,0.000,0.000,0.00
1777907147,loop40,0.00,0.00,0.000,0.000,0.00
1777907147,loop5,0.00,0.00,0.000,0.000,0.00
1777907147,loop6,0.00,0.00,0.000,0.000,0.00
1777907147,loop7,0.00,0.00,0.000,0.000,0.00
1777907147,loop8,0.00,0.00,0.000,0.000,0.00
1777907147,loop9,0.00,0.00,0.000,0.000,0.00
1777907147,nvme0n1,0.00,0.00,0.000,0.000,0.00
1777907148,loop0,0.00,0.00,0.000,0.000,0.00
1777907148,loop1,0.00,0.00,0.000,0.000,0.00
1777907148,loop10,0.00,0.00,0.000,0.000,0.00
1777907148,loop11,0.00,0.00,0.000,0.000,0.00
1777907148,loop12,0.00,0.00,0.000,0.000,0.00
1777907148,loop13,0.00,0.00,0.000,0.000,0.00
1777907148,loop14,0.00,0.00,0.000,0.000,0.00
1777907148,loop15,0.00,0.00,0.000,0.000,0.00
1777907148,loop16,0.00,0.00,0.000,0.000,0.00
1777907148,loop17,0.00,0.00,0.000,0.000,0.00
1777907148,loop18,0.00,0.00,0.000,0.000,0.00
1777907148,loop19,0.00,0.00,0.000,0.000,0.00
1777907148,loop2,0.00,0.00,0.000,0.000,0.00
1777907148,loop20,0.00,0.00,0.000,0.000,0.00
1777907148,loop21,0.00,0.00,0.000,0.000,0.00
1777907148,loop22,0.00,0.00,0.000,0.000,0.00
1777907148,loop23,0.00,0.00,0.000,0.000,0.00
1777907148,loop24,0.00,0.00,0.000,0.000,0.00
1777907148,loop25,0.00,0.00,0.000,0.000,0.00
1777907148,loop26,0.00,0.00,0.000,0.000,0.00
1777907148,loop27,0.00,0.00,0.000,0.000,0.00
1777907148,loop28,0.00,0.00,0.000,0.000,0.00
1777907148,loop29,0.00,0.00,0.000,0.000,0.00
1777907148,loop3,0.00,0.00,0.000,0.000,0.00
1777907148,loop30,0.00,0.00,0.000,0.000,0.00
1777907148,loop31,0.00,0.00,0.000,0.000,0.00
1777907148,loop32,0.00,0.00,0.000,0.000,0.00
1777907148,loop33,0.00,0.00,0.000,0.000,0.00
1777907148,loop34,0.00,0.00,0.000,0.000,0.00
1777907148,loop35,0.00,0.00,0.000,0.000,0.00
1777907148,loop36,0.00,0.00,0.000,0.000,0.00
1777907148,loop37,0.00,0.00,0.000,0.000,0.00
1777907148,loop38,0.00,0.00,0.000,0.000,0.00
1777907148,loop39,0.00,0.00,0.000,0.000,0.00
1777907148,loop4,0.00,0.00,0.000,0.000,0.00
1777907148,loop40,0.00,0.00,0.000,0.000,0.00
1777907148,loop5,0.00,0.00,0.000,0.000,0.00
1777907148,loop6,0.00,0.00,0.000,0.000,0.00
1777907148,loop7,0.00,0.00,0.000,0.000,0.00
1777907148,loop8,0.00,0.00,0.000,0.000,0.00
1777907148,loop9,0.00,0.00,0.000,0.000,0.00
1777907148,nvme0n1,0.00,0.00,0.000,0.000,2.10
1777907149,loop0,0.00,0.00,0.000,0.000,0.00
1777907149,loop1,0.00,0.00,0.000,0.000,0.00
1777907149,loop10,0.00,0.00,0.000,0.000,0.00
1777907149,loop11,0.00,0.00,0.000,0.000,0.00
1777907149,loop12,0.00,0.00,0.000,0.000,0.00
1777907149,loop13,0.00,0.00,0.000,0.000,0.00
1777907149,loop14,0.00,0.00,0.000,0.000,0.00
1777907149,loop15,0.00,0.00,0.000,0.000,0.00
1777907149,loop16,0.00,0.00,0.000,0.000,0.00
1777907149,loop17,0.00,0.00,0.000,0.000,0.00
1777907149,loop18,0.00,0.00,0.000,0.000,0.00
1777907149,loop19,0.00,0.00,0.000,0.000,0.00
1777907149,loop2,0.00,0.00,0.000,0.000,0.00
1777907149,loop20,0.00,0.00,0.000,0.000,0.00
1777907149,loop21,0.00,0.00,0.000,0.000,0.00
1777907149,loop22,0.00,0.00,0.000,0.000,0.00
1777907149,loop23,0.00,0.00,0.000,0.000,0.00
1777907149,loop24,0.00,0.00,0.000,0.000,0.00
1777907149,loop25,0.00,0.00,0.000,0.000,0.00
1777907149,loop26,0.00,0.00,0.000,0.000,0.00
1777907149,loop27,0.00,0.00,0.000,0.000,0.00
1777907149,loop28,0.00,0.00,0.000,0.000,0.00
1777907149,loop29,0.00,0.00,0.000,0.000,0.00
1777907149,loop3,0.00,0.00,0.000,0.000,0.00
1777907149,loop30,0.00,0.00,0.000,0.000,0.00
1777907149,loop31,0.00,0.00,0.000,0.000,0.00
1777907149,loop32,0.00,0.00,0.000,0.000,0.00
1777907149,loop33,0.00,0.00,0.000,0.000,0.00
1777907149,loop34,0.00,0.00,0.000,0.000,0.00
1777907149,loop35,0.00,0.00,0.000,0.000,0.00
1777907149,loop36,0.00,0.00,0.000,0.000,0.00
1777907149,loop37,0.00,0.00,0.000,0.000,0.00
1777907149,loop38,0.00,0.00,0.000,0.000,0.00
1777907149,loop39,0.00,0.00,0.000,0.000,0.00
1777907149,loop4,0.00,0.00,0.000,0.000,0.00
1777907149,loop40,0.00,0.00,0.000,0.000,0.00
1777907149,loop5,0.00,0.00,0.000,0.000,0.00
1777907149,loop6,0.00,0.00,0.000,0.000,0.00
1777907149,loop7,0.00,0.00,0.000,0.000,0.00
1777907149,loop8,0.00,0.00,0.000,0.000,0.00
1777907149,loop9,0.00,0.00,0.000,0.000,0.00
1777907149,nvme0n1,0.00,0.00,0.000,0.000,0.30
1777907150,loop0,0.00,0.00,0.000,0.000,0.00
1777907150,loop1,0.00,0.00,0.000,0.000,0.00
1777907150,loop10,0.00,0.00,0.000,0.000,0.00
1777907150,loop11,0.00,0.00,0.000,0.000,0.00
1777907150,loop12,0.00,0.00,0.000,0.000,0.00
1777907150,loop13,0.00,0.00,0.000,0.000,0.00
1777907150,loop14,0.00,0.00,0.000,0.000,0.00
1777907150,loop15,0.00,0.00,0.000,0.000,0.00
1777907150,loop16,0.00,0.00,0.000,0.000,0.00
1777907150,loop17,0.00,0.00,0.000,0.000,0.00
1777907150,loop18,0.00,0.00,0.000,0.000,0.00
1777907150,loop19,0.00,0.00,0.000,0.000,0.00
1777907150,loop2,0.00,0.00,0.000,0.000,0.00
1777907150,loop20,0.00,0.00,0.000,0.000,0.00
1777907150,loop21,0.00,0.00,0.000,0.000,0.00
1777907150,loop22,0.00,0.00,0.000,0.000,0.00
1777907150,loop23,0.00,0.00,0.000,0.000,0.00
1777907150,loop24,0.00,0.00,0.000,0.000,0.00
1777907150,loop25,0.00,0.00,0.000,0.000,0.00
1777907150,loop26,0.00,0.00,0.000,0.000,0.00
1777907150,loop27,0.00,0.00,0.000,0.000,0.00
1777907150,loop28,0.00,0.00,0.000,0.000,0.00
1777907150,loop29,0.00,0.00,0.000,0.000,0.00
1777907150,loop3,0.00,0.00,0.000,0.000,0.00
1777907150,loop30,0.00,0.00,0.000,0.000,0.00
1777907150,loop31,0.00,0.00,0.000,0.000,0.00
1777907150,loop32,0.00,0.00,0.000,0.000,0.00
1777907150,loop33,0.00,0.00,0.000,0.000,0.00
1777907150,loop34,0.00,0.00,0.000,0.000,0.00
1777907150,loop35,0.00,0.00,0.000,0.000,0.00
1777907150,loop36,0.00,0.00,0.000,0.000,0.00
1777907150,loop37,0.00,0.00,0.000,0.000,0.00
1777907150,loop38,0.00,0.00,0.000,0.000,0.00
1777907150,loop39,0.00,0.00,0.000,0.000,0.00
1777907150,loop4,0.00,0.00,0.000,0.000,0.00
1777907150,loop40,0.00,0.00,0.000,0.000,0.00
1777907150,loop5,0.00,0.00,0.000,0.000,0.00
1777907150,loop6,0.00,0.00,0.000,0.000,0.00
1777907150,loop7,0.00,0.00,0.000,0.000,0.00
1777907150,loop8,0.00,0.00,0.000,0.000,0.00
1777907150,loop9,0.00,0.00,0.000,0.000,0.00
1777907150,nvme0n1,0.00,0.00,0.000,0.000,0.50
1777907151,loop0,0.00,0.00,0.000,0.000,0.00
1777907151,loop1,0.00,0.00,0.000,0.000,0.00
1777907151,loop10,0.00,0.00,0.000,0.000,0.00
1777907151,loop11,0.00,0.00,0.000,0.000,0.00
1777907151,loop12,0.00,0.00,0.000,0.000,0.00
1777907151,loop13,0.00,0.00,0.000,0.000,0.00
1777907151,loop14,0.00,0.00,0.000,0.000,0.00
1777907151,loop15,0.00,0.00,0.000,0.000,0.00
1777907151,loop16,0.00,0.00,0.000,0.000,0.00
1777907151,loop17,0.00,0.00,0.000,0.000,0.00
1777907151,loop18,0.00,0.00,0.000,0.000,0.00
1777907151,loop19,0.00,0.00,0.000,0.000,0.00
1777907151,loop2,0.00,0.00,0.000,0.000,0.00
1777907151,loop20,0.00,0.00,0.000,0.000,0.00
1777907151,loop21,0.00,0.00,0.000,0.000,0.00
1777907151,loop22,0.00,0.00,0.000,0.000,0.00
1777907151,loop23,0.00,0.00,0.000,0.000,0.00
1777907151,loop24,0.00,0.00,0.000,0.000,0.00
1777907151,loop25,0.00,0.00,0.000,0.000,0.00
1777907151,loop26,0.00,0.00,0.000,0.000,0.00
1777907151,loop27,0.00,0.00,0.000,0.000,0.00
1777907151,loop28,0.00,0.00,0.000,0.000,0.00
1777907151,loop29,0.00,0.00,0.000,0.000,0.00
1777907151,loop3,0.00,0.00,0.000,0.000,0.00
1777907151,loop30,0.00,0.00,0.000,0.000,0.00
1777907151,loop31,0.00,0.00,0.000,0.000,0.00
1777907151,loop32,0.00,0.00,0.000,0.000,0.00
1777907151,loop33,0.00,0.00,0.000,0.000,0.00
1777907151,loop34,0.00,0.00,0.000,0.000,0.00
1777907151,loop35,0.00,0.00,0.000,0.000,0.00
1777907151,loop36,0.00,0.00,0.000,0.000,0.00
1777907151,loop37,0.00,0.00,0.000,0.000,0.00
1777907151,loop38,0.00,0.00,0.000,0.000,0.00
1777907151,loop39,0.00,0.00,0.000,0.000,0.00
1777907151,loop4,0.00,0.00,0.000,0.000,0.00
1777907151,loop40,0.00,0.00,0.000,0.000,0.00
1777907151,loop5,0.00,0.00,0.000,0.000,0.00
1777907151,loop6,0.00,0.00,0.000,0.000,0.00
1777907151,loop7,0.00,0.00,0.000,0.000,0.00
1777907151,loop8,0.00,0.00,0.000,0.000,0.00
1777907151,loop9,0.00,0.00,0.000,0.000,0.00
1777907151,nvme0n1,0.00,0.00,0.000,0.000,0.00
1777907152,loop0,0.00,0.00,0.000,0.000,0.00
1777907152,loop1,0.00,0.00,0.000,0.000,0.00
1777907152,loop10,0.00,0.00,0.000,0.000,0.00
1777907152,loop11,0.00,0.00,0.000,0.000,0.00
1777907152,loop12,0.00,0.00,0.000,0.000,0.00
1777907152,loop13,0.00,0.00,0.000,0.000,0.00
1777907152,loop14,0.00,0.00,0.000,0.000,0.00
1777907152,loop15,0.00,0.00,0.000,0.000,0.00
1777907152,loop16,0.00,0.00,0.000,0.000,0.00
1777907152,loop17,0.00,0.00,0.000,0.000,0.00
1777907152,loop18,0.00,0.00,0.000,0.000,0.00
1777907152,loop19,0.00,0.00,0.000,0.000,0.00
1777907152,loop2,0.00,0.00,0.000,0.000,0.00
1777907152,loop20,0.00,0.00,0.000,0.000,0.00
1777907152,loop21,0.00,0.00,0.000,0.000,0.00
1777907152,loop22,0.00,0.00,0.000,0.000,0.00
1777907152,loop23,0.00,0.00,0.000,0.000,0.00
1777907152,loop24,0.00,0.00,0.000,0.000,0.00
1777907152,loop25,0.00,0.00,0.000,0.000,0.00
1777907152,loop26,0.00,0.00,0.000,0.000,0.00
1777907152,loop27,0.00,0.00,0.000,0.000,0.00
1777907152,loop28,0.00,0.00,0.000,0.000,0.00
1777907152,loop29,0.00,0.00,0.000,0.000,0.00
1777907152,loop3,0.00,0.00,0.000,0.000,0.00
1777907152,loop30,0.00,0.00,0.000,0.000,0.00
1777907152,loop31,0.00,0.00,0.000,0.000,0.00
1777907152,loop32,0.00,0.00,0.000,0.000,0.00
1777907152,loop33,0.00,0.00,0.000,0.000,0.00
1777907152,loop34,0.00,0.00,0.000,0.000,0.00
1777907152,loop35,0.00,0.00,0.000,0.000,0.00
1777907152,loop36,0.00,0.00,0.000,0.000,0.00
1777907152,loop37,0.00,0.00,0.000,0.000,0.00
1777907152,loop38,0.00,0.00,0.000,0.000,0.00
1777907152,loop39,0.00,0.00,0.000,0.000,0.00
1777907152,loop4,0.00,0.00,0.000,0.000,0.00
1777907152,loop40,0.00,0.00,0.000,0.000,0.00
1777907152,loop5,0.00,0.00,0.000,0.000,0.00
1777907152,loop6,0.00,0.00,0.000,0.000,0.00
1777907152,loop7,0.00,0.00,0.000,0.000,0.00
1777907152,loop8,0.00,0.00,0.000,0.000,0.00
1777907152,loop9,0.00,0.00,0.000,0.000,0.00
1777907152,nvme0n1,0.00,0.00,0.000,0.000,0.00
1777907153,loop0,0.00,0.00,0.000,0.000,0.00
1777907153,loop1,0.00,0.00,0.000,0.000,0.00
1777907153,loop10,0.00,0.00,0.000,0.000,0.00
1777907153,loop11,0.00,0.00,0.000,0.000,0.00
1777907153,loop12,0.00,0.00,0.000,0.000,0.00
1777907153,loop13,0.00,0.00,0.000,0.000,0.00
1777907153,loop14,0.00,0.00,0.000,0.000,0.00
1777907153,loop15,0.00,0.00,0.000,0.000,0.00
1777907153,loop16,0.00,0.00,0.000,0.000,0.00
1777907153,loop17,0.00,0.00,0.000,0.000,0.00
1777907153,loop18,0.00,0.00,0.000,0.000,0.00
1777907153,loop19,0.00,0.00,0.000,0.000,0.00
1777907153,loop2,0.00,0.00,0.000,0.000,0.00
1777907153,loop20,0.00,0.00,0.000,0.000,0.00
1777907153,loop21,0.00,0.00,0.000,0.000,0.00
1777907153,loop22,0.00,0.00,0.000,0.000,0.00
1777907153,loop23,0.00,0.00,0.000,0.000,0.00
1777907153,loop24,0.00,0.00,0.000,0.000,0.00
1777907153,loop25,0.00,0.00,0.000,0.000,0.00
1777907153,loop26,0.00,0.00,0.000,0.000,0.00
1777907153,loop27,0.00,0.00,0.000,0.000,0.00
1777907153,loop28,0.00,0.00,0.000,0.000,0.00
1777907153,loop29,0.00,0.00,0.000,0.000,0.00
1777907153,loop3,0.00,0.00,0.000,0.000,0.00
1777907153,loop30,0.00,0.00,0.000,0.000,0.00
1777907153,loop31,0.00,0.00,0.000,0.000,0.00
1777907153,loop32,0.00,0.00,0.000,0.000,0.00
1777907153,loop33,0.00,0.00,0.000,0.000,0.00
1777907153,loop34,0.00,0.00,0.000,0.000,0.00
1777907153,loop35,0.00,0.00,0.000,0.000,0.00
1777907153,loop36,0.00,0.00,0.000,0.000,0.00
1777907153,loop37,0.00,0.00,0.000,0.000,0.00
1777907153,loop38,0.00,0.00,0.000,0.000,0.00
1777907153,loop39,0.00,0.00,0.000,0.000,0.00
1777907153,loop4,0.00,0.00,0.000,0.000,0.00
1777907153,loop40,0.00,0.00,0.000,0.000,0.00
1777907153,loop5,0.00,0.00,0.000,0.000,0.00
1777907153,loop6,0.00,0.00,0.000,0.000,0.00
1777907153,loop7,0.00,0.00,0.000,0.000,0.00
1777907153,loop8,0.00,0.00,0.000,0.000,0.00
1777907153,loop9,0.00,0.00,0.000,0.000,0.00
1777907153,nvme0n1,0.00,0.00,0.000,0.000,0.00
1777907154,loop0,0.00,0.00,0.000,0.000,0.00
1777907154,loop1,0.00,0.00,0.000,0.000,0.00
1777907154,loop10,0.00,0.00,0.000,0.000,0.00
1777907154,loop11,0.00,0.00,0.000,0.000,0.00
1777907154,loop12,0.00,0.00,0.000,0.000,0.00
1777907154,loop13,0.00,0.00,0.000,0.000,0.00
1777907154,loop14,0.00,0.00,0.000,0.000,0.00
1777907154,loop15,0.00,0.00,0.000,0.000,0.00
1777907154,loop16,0.00,0.00,0.000,0.000,0.00
1777907154,loop17,0.00,0.00,0.000,0.000,0.00
1777907154,loop18,0.00,0.00,0.000,0.000,0.00
1777907154,loop19,0.00,0.00,0.000,0.000,0.00
1777907154,loop2,0.00,0.00,0.000,0.000,0.00
1777907154,loop20,0.00,0.00,0.000,0.000,0.00
1777907154,loop21,0.00,0.00,0.000,0.000,0.00
1777907154,loop22,0.00,0.00,0.000,0.000,0.00
1777907154,loop23,0.00,0.00,0.000,0.000,0.00
1777907154,loop24,0.00,0.00,0.000,0.000,0.00
1777907154,loop25,0.00,0.00,0.000,0.000,0.00
1777907154,loop26,0.00,0.00,0.000,0.000,0.00
1777907154,loop27,0.00,0.00,0.000,0.000,0.00
1777907154,loop28,0.00,0.00,0.000,0.000,0.00
1777907154,loop29,0.00,0.00,0.000,0.000,0.00
1777907154,loop3,0.00,0.00,0.000,0.000,0.00
1777907154,loop30,0.00,0.00,0.000,0.000,0.00
1777907154,loop31,0.00,0.00,0.000,0.000,0.00
1777907154,loop32,0.00,0.00,0.000,0.000,0.00
1777907154,loop33,0.00,0.00,0.000,0.000,0.00
1777907154,loop34,0.00,0.00,0.000,0.000,0.00
1777907154,loop35,0.00,0.00,0.000,0.000,0.00
1777907154,loop36,0.00,0.00,0.000,0.000,0.00
1777907154,loop37,0.00,0.00,0.000,0.000,0.00
1777907154,loop38,0.00,0.00,0.000,0.000,0.00
1777907154,loop39,0.00,0.00,0.000,0.000,0.00
1777907154,loop4,0.00,0.00,0.000,0.000,0.00
1777907154,loop40,0.00,0.00,0.000,0.000,0.00
1777907154,loop5,0.00,0.00,0.000,0.000,0.00
1777907154,loop6,0.00,0.00,0.000,0.000,0.00
1777907154,loop7,0.00,0.00,0.000,0.000,0.00
1777907154,loop8,0.00,0.00,0.000,0.000,0.00
1777907154,loop9,0.00,0.00,0.000,0.000,0.00
1777907154,nvme0n1,0.00,0.00,0.000,0.000,2.00
1777907155,loop0,0.00,0.00,0.000,0.000,0.00
1777907155,loop1,0.00,0.00,0.000,0.000,0.00
1777907155,loop10,0.00,0.00,0.000,0.000,0.00
1777907155,loop11,0.00,0.00,0.000,0.000,0.00
1777907155,loop12,0.00,0.00,0.000,0.000,0.00
1777907155,loop13,0.00,0.00,0.000,0.000,0.00
1777907155,loop14,0.00,0.00,0.000,0.000,0.00
1777907155,loop15,0.00,0.00,0.000,0.000,0.00
1777907155,loop16,0.00,0.00,0.000,0.000,0.00
1777907155,loop17,0.00,0.00,0.000,0.000,0.00
1777907155,loop18,0.00,0.00,0.000,0.000,0.00
1777907155,loop19,0.00,0.00,0.000,0.000,0.00
1777907155,loop2,0.00,0.00,0.000,0.000,0.00
1777907155,loop20,0.00,0.00,0.000,0.000,0.00
1777907155,loop21,0.00,0.00,0.000,0.000,0.00
1777907155,loop22,0.00,0.00,0.000,0.000,0.00
1777907155,loop23,0.00,0.00,0.000,0.000,0.00
1777907155,loop24,0.00,0.00,0.000,0.000,0.00
1777907155,loop25,0.00,0.00,0.000,0.000,0.00
1777907155,loop26,0.00,0.00,0.000,0.000,0.00
1777907155,loop27,0.00,0.00,0.000,0.000,0.00
1777907155,loop28,0.00,0.00,0.000,0.000,0.00
1777907155,loop29,0.00,0.00,0.000,0.000,0.00
1777907155,loop3,0.00,0.00,0.000,0.000,0.00
1777907155,loop30,0.00,0.00,0.000,0.000,0.00
1777907155,loop31,0.00,0.00,0.000,0.000,0.00
1777907155,loop32,0.00,0.00,0.000,0.000,0.00
1777907155,loop33,0.00,0.00,0.000,0.000,0.00
1777907155,loop34,0.00,0.00,0.000,0.000,0.00
1777907155,loop35,0.00,0.00,0.000,0.000,0.00
1777907155,loop36,0.00,0.00,0.000,0.000,0.00
1777907155,loop37,0.00,0.00,0.000,0.000,0.00
1777907155,loop38,0.00,0.00,0.000,0.000,0.00
1777907155,loop39,0.00,0.00,0.000,0.000,0.00
1777907155,loop4,0.00,0.00,0.000,0.000,0.00
1777907155,loop40,0.00,0.00,0.000,0.000,0.00
1777907155,loop5,0.00,0.00,0.000,0.000,0.00
1777907155,loop6,0.00,0.00,0.000,0.000,0.00
1777907155,loop7,0.00,0.00,0.000,0.000,0.00
1777907155,loop8,0.00,0.00,0.000,0.000,0.00
1777907155,loop9,0.00,0.00,0.000,0.000,0.00
1777907155,nvme0n1,0.00,0.00,0.000,0.000,0.20
1777907156,loop0,0.00,0.00,0.000,0.000,0.00
1777907156,loop1,0.00,0.00,0.000,0.000,0.00
1777907156,loop10,0.00,0.00,0.000,0.000,0.00
1777907156,loop11,0.00,0.00,0.000,0.000,0.00
1777907156,loop12,0.00,0.00,0.000,0.000,0.00
1777907156,loop13,0.00,0.00,0.000,0.000,0.00
1777907156,loop14,0.00,0.00,0.000,0.000,0.00
1777907156,loop15,0.00,0.00,0.000,0.000,0.00
1777907156,loop16,0.00,0.00,0.000,0.000,0.00
1777907156,loop17,0.00,0.00,0.000,0.000,0.00
1777907156,loop18,0.00,0.00,0.000,0.000,0.00
1777907156,loop19,0.00,0.00,0.000,0.000,0.00
1777907156,loop2,0.00,0.00,0.000,0.000,0.00
1777907156,loop20,0.00,0.00,0.000,0.000,0.00
1777907156,loop21,0.00,0.00,0.000,0.000,0.00
1777907156,loop22,0.00,0.00,0.000,0.000,0.00
1777907156,loop23,0.00,0.00,0.000,0.000,0.00
1777907156,loop24,0.00,0.00,0.000,0.000,0.00
1777907156,loop25,0.00,0.00,0.000,0.000,0.00
1777907156,loop26,0.00,0.00,0.000,0.000,0.00
1777907156,loop27,0.00,0.00,0.000,0.000,0.00
1777907156,loop28,0.00,0.00,0.000,0.000,0.00
1777907156,loop29,0.00,0.00,0.000,0.000,0.00
1777907156,loop3,0.00,0.00,0.000,0.000,0.00
1777907156,loop30,0.00,0.00,0.000,0.000,0.00
1777907156,loop31,0.00,0.00,0.000,0.000,0.00
1777907156,loop32,0.00,0.00,0.000,0.000,0.00
1777907156,loop33,0.00,0.00,0.000,0.000,0.00
1777907156,loop34,0.00,0.00,0.000,0.000,0.00
1777907156,loop35,0.00,0.00,0.000,0.000,0.00
1777907156,loop36,0.00,0.00,0.000,0.000,0.00
1777907156,loop37,0.00,0.00,0.000,0.000,0.00
1777907156,loop38,0.00,0.00,0.000,0.000,0.00
1777907156,loop39,0.00,0.00,0.000,0.000,0.00
1777907156,loop4,0.00,0.00,0.000,0.000,0.00
1777907156,loop40,0.00,0.00,0.000,0.000,0.00
1777907156,loop5,0.00,0.00,0.000,0.000,0.00
1777907156,loop6,0.00,0.00,0.000,0.000,0.00
1777907156,loop7,0.00,0.00,0.000,0.000,0.00
1777907156,loop8,0.00,0.00,0.000,0.000,0.00
1777907156,loop9,0.00,0.00,0.000,0.000,0.00
1777907156,nvme0n1,0.00,0.00,0.000,0.000,0.60
1777907157,loop0,0.00,0.00,0.000,0.000,0.00
1777907157,loop1,0.00,0.00,0.000,0.000,0.00
1777907157,loop10,0.00,0.00,0.000,0.000,0.00
1777907157,loop11,0.00,0.00,0.000,0.000,0.00
1777907157,loop12,0.00,0.00,0.000,0.000,0.00
1777907157,loop13,0.00,0.00,0.000,0.000,0.00
1777907157,loop14,0.00,0.00,0.000,0.000,0.00
1777907157,loop15,0.00,0.00,0.000,0.000,0.00
1777907157,loop16,0.00,0.00,0.000,0.000,0.00
1777907157,loop17,0.00,0.00,0.000,0.000,0.00
1777907157,loop18,0.00,0.00,0.000,0.000,0.00
1777907157,loop19,0.00,0.00,0.000,0.000,0.00
1777907157,loop2,0.00,0.00,0.000,0.000,0.00
1777907157,loop20,0.00,0.00,0.000,0.000,0.00
1777907157,loop21,0.00,0.00,0.000,0.000,0.00
1777907157,loop22,0.00,0.00,0.000,0.000,0.00
1777907157,loop23,0.00,0.00,0.000,0.000,0.00
1777907157,loop24,0.00,0.00,0.000,0.000,0.00
1777907157,loop25,0.00,0.00,0.000,0.000,0.00
1777907157,loop26,0.00,0.00,0.000,0.000,0.00
1777907157,loop27,0.00,0.00,0.000,0.000,0.00
1777907157,loop28,0.00,0.00,0.000,0.000,0.00
1777907157,loop29,0.00,0.00,0.000,0.000,0.00
1777907157,loop3,0.00,0.00,0.000,0.000,0.00
1777907157,loop30,0.00,0.00,0.000,0.000,0.00
1777907157,loop31,0.00,0.00,0.000,0.000,0.00
1777907157,loop32,0.00,0.00,0.000,0.000,0.00
1777907157,loop33,0.00,0.00,0.000,0.000,0.00
1777907157,loop34,0.00,0.00,0.000,0.000,0.00
1777907157,loop35,0.00,0.00,0.000,0.000,0.00
1777907157,loop36,0.00,0.00,0.000,0.000,0.00
1777907157,loop37,0.00,0.00,0.000,0.000,0.00
1777907157,loop38,0.00,0.00,0.000,0.000,0.00
1777907157,loop39,0.00,0.00,0.000,0.000,0.00
1777907157,loop4,0.00,0.00,0.000,0.000,0.00
1777907157,loop40,0.00,0.00,0.000,0.000,0.00
1777907157,loop5,0.00,0.00,0.000,0.000,0.00
1777907157,loop6,0.00,0.00,0.000,0.000,0.00
1777907157,loop7,0.00,0.00,0.000,0.000,0.00
1777907157,loop8,0.00,0.00,0.000,0.000,0.00
1777907157,loop9,0.00,0.00,0.000,0.000,0.00
1777907157,nvme0n1,0.00,0.00,0.000,0.000,0.00
1777907158,loop0,0.00,0.00,0.000,0.000,0.00
1777907158,loop1,0.00,0.00,0.000,0.000,0.00
1777907158,loop10,0.00,0.00,0.000,0.000,0.00
1777907158,loop11,0.00,0.00,0.000,0.000,0.00
1777907158,loop12,0.00,0.00,0.000,0.000,0.00
1777907158,loop13,0.00,0.00,0.000,0.000,0.00
1777907158,loop14,0.00,0.00,0.000,0.000,0.00
1777907158,loop15,0.00,0.00,0.000,0.000,0.00
1777907158,loop16,0.00,0.00,0.000,0.000,0.00
1777907158,loop17,0.00,0.00,0.000,0.000,0.00
1777907158,loop18,0.00,0.00,0.000,0.000,0.00
1777907158,loop19,0.00,0.00,0.000,0.000,0.00
1777907158,loop2,0.00,0.00,0.000,0.000,0.00
1777907158,loop20,0.00,0.00,0.000,0.000,0.00
1777907158,loop21,0.00,0.00,0.000,0.000,0.00
1777907158,loop22,0.00,0.00,0.000,0.000,0.00
1777907158,loop23,0.00,0.00,0.000,0.000,0.00
1777907158,loop24,0.00,0.00,0.000,0.000,0.00
1777907158,loop25,0.00,0.00,0.000,0.000,0.00
1777907158,loop26,0.00,0.00,0.000,0.000,0.00
1777907158,loop27,0.00,0.00,0.000,0.000,0.00
1777907158,loop28,0.00,0.00,0.000,0.000,0.00
1777907158,loop29,0.00,0.00,0.000,0.000,0.00
1777907158,loop3,0.00,0.00,0.000,0.000,0.00
1777907158,loop30,0.00,0.00,0.000,0.000,0.00
1777907158,loop31,0.00,0.00,0.000,0.000,0.00
1777907158,loop32,0.00,0.00,0.000,0.000,0.00
1777907158,loop33,0.00,0.00,0.000,0.000,0.00
1777907158,loop34,0.00,0.00,0.000,0.000,0.00
1777907158,loop35,0.00,0.00,0.000,0.000,0.00
1777907158,loop36,0.00,0.00,0.000,0.000,0.00
1777907158,loop37,0.00,0.00,0.000,0.000,0.00
1777907158,loop38,0.00,0.00,0.000,0.000,0.00
1777907158,loop39,0.00,0.00,0.000,0.000,0.00
1777907158,loop4,0.00,0.00,0.000,0.000,0.00
1777907158,loop40,0.00,0.00,0.000,0.000,0.00
1777907158,loop5,0.00,0.00,0.000,0.000,0.00
1777907158,loop6,0.00,0.00,0.000,0.000,0.00
1777907158,loop7,0.00,0.00,0.000,0.000,0.00
1777907158,loop8,0.00,0.00,0.000,0.000,0.00
1777907158,loop9,0.00,0.00,0.000,0.000,0.00
1777907158,nvme0n1,0.00,0.00,0.000,0.000,2.60
1777907159,loop0,0.00,0.00,0.000,0.000,0.00
1777907159,loop1,0.00,0.00,0.000,0.000,0.00
1777907159,loop10,0.00,0.00,0.000,0.000,0.00
1777907159,loop11,0.00,0.00,0.000,0.000,0.00
1777907159,loop12,0.00,0.00,0.000,0.000,0.00
1777907159,loop13,0.00,0.00,0.000,0.000,0.00
1777907159,loop14,0.00,0.00,0.000,0.000,0.00
1777907159,loop15,0.00,0.00,0.000,0.000,0.00
1777907159,loop16,0.00,0.00,0.000,0.000,0.00
1777907159,loop17,0.00,0.00,0.000,0.000,0.00
1777907159,loop18,0.00,0.00,0.000,0.000,0.00
1777907159,loop19,0.00,0.00,0.000,0.000,0.00
1777907159,loop2,0.00,0.00,0.000,0.000,0.00
1777907159,loop20,0.00,0.00,0.000,0.000,0.00
1777907159,loop21,0.00,0.00,0.000,0.000,0.00
1777907159,loop22,0.00,0.00,0.000,0.000,0.00
1777907159,loop23,0.00,0.00,0.000,0.000,0.00
1777907159,loop24,0.00,0.00,0.000,0.000,0.00
1777907159,loop25,0.00,0.00,0.000,0.000,0.00
1777907159,loop26,0.00,0.00,0.000,0.000,0.00
1777907159,loop27,0.00,0.00,0.000,0.000,0.00
1777907159,loop28,0.00,0.00,0.000,0.000,0.00
1777907159,loop29,0.00,0.00,0.000,0.000,0.00
1777907159,loop3,0.00,0.00,0.000,0.000,0.00
1777907159,loop30,0.00,0.00,0.000,0.000,0.00
1777907159,loop31,0.00,0.00,0.000,0.000,0.00
1777907159,loop32,0.00,0.00,0.000,0.000,0.00
1777907159,loop33,0.00,0.00,0.000,0.000,0.00
1777907159,loop34,0.00,0.00,0.000,0.000,0.00
1777907159,loop35,0.00,0.00,0.000,0.000,0.00
1777907159,loop36,0.00,0.00,0.000,0.000,0.00
1777907159,loop37,0.00,0.00,0.000,0.000,0.00
1777907159,loop38,0.00,0.00,0.000,0.000,0.00
1777907159,loop39,0.00,0.00,0.000,0.000,0.00
1777907159,loop4,0.00,0.00,0.000,0.000,0.00
1777907159,loop40,0.00,0.00,0.000,0.000,0.00
1777907159,loop5,0.00,0.00,0.000,0.000,0.00
1777907159,loop6,0.00,0.00,0.000,0.000,0.00
1777907159,loop7,0.00,0.00,0.000,0.000,0.00
1777907159,loop8,0.00,0.00,0.000,0.000,0.00
1777907159,loop9,0.00,0.00,0.000,0.000,0.00
1777907159,nvme0n1,0.00,0.00,0.000,0.000,0.00
1777907160,loop0,0.00,0.00,0.000,0.000,0.00
1777907160,loop1,0.00,0.00,0.000,0.000,0.00
1777907160,loop10,0.00,0.00,0.000,0.000,0.00
1777907160,loop11,0.00,0.00,0.000,0.000,0.00
1777907160,loop12,0.00,0.00,0.000,0.000,0.00
1777907160,loop13,0.00,0.00,0.000,0.000,0.00
1777907160,loop14,0.00,0.00,0.000,0.000,0.00
1777907160,loop15,0.00,0.00,0.000,0.000,0.00
1777907160,loop16,0.00,0.00,0.000,0.000,0.00
1777907160,loop17,0.00,0.00,0.000,0.000,0.00
1777907160,loop18,0.00,0.00,0.000,0.000,0.00
1777907160,loop19,0.00,0.00,0.000,0.000,0.00
1777907160,loop2,0.00,0.00,0.000,0.000,0.00
1777907160,loop20,0.00,0.00,0.000,0.000,0.00
1777907160,loop21,0.00,0.00,0.000,0.000,0.00
1777907160,loop22,0.00,0.00,0.000,0.000,0.00
1777907160,loop23,0.00,0.00,0.000,0.000,0.00
1777907160,loop24,0.00,0.00,0.000,0.000,0.00
1777907160,loop25,0.00,0.00,0.000,0.000,0.00
1777907160,loop26,0.00,0.00,0.000,0.000,0.00
1777907160,loop27,0.00,0.00,0.000,0.000,0.00
1777907160,loop28,0.00,0.00,0.000,0.000,0.00
1777907160,loop29,0.00,0.00,0.000,0.000,0.00
1777907160,loop3,0.00,0.00,0.000,0.000,0.00
1777907160,loop30,0.00,0.00,0.000,0.000,0.00
1777907160,loop31,0.00,0.00,0.000,0.000,0.00
1777907160,loop32,0.00,0.00,0.000,0.000,0.00
1777907160,loop33,0.00,0.00,0.000,0.000,0.00
1777907160,loop34,0.00,0.00,0.000,0.000,0.00
1777907160,loop35,0.00,0.00,0.000,0.000,0.00
1777907160,loop36,0.00,0.00,0.000,0.000,0.00
1777907160,loop37,0.00,0.00,0.000,0.000,0.00
1777907160,loop38,0.00,0.00,0.000,0.000,0.00
1777907160,loop39,0.00,0.00,0.000,0.000,0.00
1777907160,loop4,0.00,0.00,0.000,0.000,0.00
1777907160,loop40,0.00,0.00,0.000,0.000,0.00
1777907160,loop5,0.00,0.00,0.000,0.000,0.00
1777907160,loop6,0.00,0.00,0.000,0.000,0.00
1777907160,loop7,0.00,0.00,0.000,0.000,0.00
1777907160,loop8,0.00,0.00,0.000,0.000,0.00
1777907160,loop9,0.00,0.00,0.000,0.000,0.00
1777907160,nvme0n1,0.00,0.00,0.000,0.000,0.00
1777907161,loop0,0.00,0.00,0.000,0.000,0.00
1777907161,loop1,0.00,0.00,0.000,0.000,0.00
1777907161,loop10,0.00,0.00,0.000,0.000,0.00
1777907161,loop11,0.00,0.00,0.000,0.000,0.00
1777907161,loop12,0.00,0.00,0.000,0.000,0.00
1777907161,loop13,0.00,0.00,0.000,0.000,0.00
1777907161,loop14,0.00,0.00,0.000,0.000,0.00
1777907161,loop15,0.00,0.00,0.000,0.000,0.00
1777907161,loop16,0.00,0.00,0.000,0.000,0.00
1777907161,loop17,0.00,0.00,0.000,0.000,0.00
1777907161,loop18,0.00,0.00,0.000,0.000,0.00
1777907161,loop19,0.00,0.00,0.000,0.000,0.00
1777907161,loop2,0.00,0.00,0.000,0.000,0.00
1777907161,loop20,0.00,0.00,0.000,0.000,0.00
1777907161,loop21,0.00,0.00,0.000,0.000,0.00
1777907161,loop22,0.00,0.00,0.000,0.000,0.00
1777907161,loop23,0.00,0.00,0.000,0.000,0.00
1777907161,loop24,0.00,0.00,0.000,0.000,0.00
1777907161,loop25,0.00,0.00,0.000,0.000,0.00
1777907161,loop26,0.00,0.00,0.000,0.000,0.00
1777907161,loop27,0.00,0.00,0.000,0.000,0.00
1777907161,loop28,0.00,0.00,0.000,0.000,0.00
1777907161,loop29,0.00,0.00,0.000,0.000,0.00
1777907161,loop3,0.00,0.00,0.000,0.000,0.00
1777907161,loop30,0.00,0.00,0.000,0.000,0.00
1777907161,loop31,0.00,0.00,0.000,0.000,0.00
1777907161,loop32,0.00,0.00,0.000,0.000,0.00
1777907161,loop33,0.00,0.00,0.000,0.000,0.00
1777907161,loop34,0.00,0.00,0.000,0.000,0.00
1777907161,loop35,0.00,0.00,0.000,0.000,0.00
1777907161,loop36,0.00,0.00,0.000,0.000,0.00
1777907161,loop37,0.00,0.00,0.000,0.000,0.00
1777907161,loop38,0.00,0.00,0.000,0.000,0.00
1777907161,loop39,0.00,0.00,0.000,0.000,0.00
1777907161,loop4,0.00,0.00,0.000,0.000,0.00
1777907161,loop40,0.00,0.00,0.000,0.000,0.00
1777907161,loop5,0.00,0.00,0.000,0.000,0.00
1777907161,loop6,0.00,0.00,0.000,0.000,0.00
1777907161,loop7,0.00,0.00,0.000,0.000,0.00
1777907161,loop8,0.00,0.00,0.000,0.000,0.00
1777907161,loop9,0.00,0.00,0.000,0.000,0.00
1777907161,nvme0n1,0.00,0.00,0.000,0.000,0.00
1777907162,loop0,0.00,0.00,0.000,0.000,0.00
1777907162,loop1,0.00,0.00,0.000,0.000,0.00
1777907162,loop10,0.00,0.00,0.000,0.000,0.00
1777907162,loop11,0.00,0.00,0.000,0.000,0.00
1777907162,loop12,0.00,0.00,0.000,0.000,0.00
1777907162,loop13,0.00,0.00,0.000,0.000,0.00
1777907162,loop14,0.00,0.00,0.000,0.000,0.00
1777907162,loop15,0.00,0.00,0.000,0.000,0.00
1777907162,loop16,0.00,0.00,0.000,0.000,0.00
1777907162,loop17,0.00,0.00,0.000,0.000,0.00
1777907162,loop18,0.00,0.00,0.000,0.000,0.00
1777907162,loop19,0.00,0.00,0.000,0.000,0.00
1777907162,loop2,0.00,0.00,0.000,0.000,0.00
1777907162,loop20,0.00,0.00,0.000,0.000,0.00
1777907162,loop21,0.00,0.00,0.000,0.000,0.00
1777907162,loop22,0.00,0.00,0.000,0.000,0.00
1777907162,loop23,0.00,0.00,0.000,0.000,0.00
1777907162,loop24,0.00,0.00,0.000,0.000,0.00
1777907162,loop25,0.00,0.00,0.000,0.000,0.00
1777907162,loop26,0.00,0.00,0.000,0.000,0.00
1777907162,loop27,0.00,0.00,0.000,0.000,0.00
1777907162,loop28,0.00,0.00,0.000,0.000,0.00
1777907162,loop29,0.00,0.00,0.000,0.000,0.00
1777907162,loop3,0.00,0.00,0.000,0.000,0.00
1777907162,loop30,0.00,0.00,0.000,0.000,0.00
1777907162,loop31,0.00,0.00,0.000,0.000,0.00
1777907162,loop32,0.00,0.00,0.000,0.000,0.00
1777907162,loop33,0.00,0.00,0.000,0.000,0.00
1777907162,loop34,0.00,0.00,0.000,0.000,0.00
1777907162,loop35,0.00,0.00,0.000,0.000,0.00
1777907162,loop36,0.00,0.00,0.000,0.000,0.00
1777907162,loop37,0.00,0.00,0.000,0.000,0.00
1777907162,loop38,0.00,0.00,0.000,0.000,0.00
1777907162,loop39,0.00,0.00,0.000,0.000,0.00
1777907162,loop4,0.00,0.00,0.000,0.000,0.00
1777907162,loop40,0.00,0.00,0.000,0.000,0.00
1777907162,loop5,0.00,0.00,0.000,0.000,0.00
1777907162,loop6,0.00,0.00,0.000,0.000,0.00
1777907162,loop7,0.00,0.00,0.000,0.000,0.00
1777907162,loop8,0.00,0.00,0.000,0.000,0.00
1777907162,loop9,0.00,0.00,0.000,0.000,0.00
1777907162,nvme0n1,0.00,0.00,0.000,0.000,5.50
1777907163,loop0,0.00,0.00,0.000,0.000,0.00
1777907163,loop1,0.00,0.00,0.000,0.000,0.00
1777907163,loop10,0.00,0.00,0.000,0.000,0.00
1777907163,loop11,0.00,0.00,0.000,0.000,0.00
1777907163,loop12,0.00,0.00,0.000,0.000,0.00
1777907163,loop13,0.00,0.00,0.000,0.000,0.00
1777907163,loop14,0.00,0.00,0.000,0.000,0.00
1777907163,loop15,0.00,0.00,0.000,0.000,0.00
1777907163,loop16,0.00,0.00,0.000,0.000,0.00
1777907163,loop17,0.00,0.00,0.000,0.000,0.00
1777907163,loop18,0.00,0.00,0.000,0.000,0.00
1777907163,loop19,0.00,0.00,0.000,0.000,0.00
1777907163,loop2,0.00,0.00,0.000,0.000,0.00
1777907163,loop20,0.00,0.00,0.000,0.000,0.00
1777907163,loop21,0.00,0.00,0.000,0.000,0.00
1777907163,loop22,0.00,0.00,0.000,0.000,0.00
1777907163,loop23,0.00,0.00,0.000,0.000,0.00
1777907163,loop24,0.00,0.00,0.000,0.000,0.00
1777907163,loop25,0.00,0.00,0.000,0.000,0.00
1777907163,loop26,0.00,0.00,0.000,0.000,0.00
1777907163,loop27,0.00,0.00,0.000,0.000,0.00
1777907163,loop28,0.00,0.00,0.000,0.000,0.00
1777907163,loop29,0.00,0.00,0.000,0.000,0.00
1777907163,loop3,0.00,0.00,0.000,0.000,0.00
1777907163,loop30,0.00,0.00,0.000,0.000,0.00
1777907163,loop31,0.00,0.00,0.000,0.000,0.00
1777907163,loop32,0.00,0.00,0.000,0.000,0.00
1777907163,loop33,0.00,0.00,0.000,0.000,0.00
1777907163,loop34,0.00,0.00,0.000,0.000,0.00
1777907163,loop35,0.00,0.00,0.000,0.000,0.00
1777907163,loop36,0.00,0.00,0.000,0.000,0.00
1777907163,loop37,0.00,0.00,0.000,0.000,0.00
1777907163,loop38,0.00,0.00,0.000,0.000,0.00
1777907163,loop39,0.00,0.00,0.000,0.000,0.00
1777907163,loop4,0.00,0.00,0.000,0.000,0.00
1777907163,loop40,0.00,0.00,0.000,0.000,0.00
1777907163,loop5,0.00,0.00,0.000,0.000,0.00
1777907163,loop6,0.00,0.00,0.000,0.000,0.00
1777907163,loop7,0.00,0.00,0.000,0.000,0.00
1777907163,loop8,0.00,0.00,0.000,0.000,0.00
1777907163,loop9,0.00,0.00,0.000,0.000,0.00
1777907163,nvme0n1,0.00,0.00,0.000,0.000,0.00
1777907164,loop0,0.00,0.00,0.000,0.000,0.00
1777907164,loop1,0.00,0.00,0.000,0.000,0.00
1777907164,loop10,0.00,0.00,0.000,0.000,0.00
1777907164,loop11,0.00,0.00,0.000,0.000,0.00
1777907164,loop12,0.00,0.00,0.000,0.000,0.00
1777907164,loop13,0.00,0.00,0.000,0.000,0.00
1777907164,loop14,0.00,0.00,0.000,0.000,0.00
1777907164,loop15,0.00,0.00,0.000,0.000,0.00
1777907164,loop16,0.00,0.00,0.000,0.000,0.00
1777907164,loop17,0.00,0.00,0.000,0.000,0.00
1777907164,loop18,0.00,0.00,0.000,0.000,0.00
1777907164,loop19,0.00,0.00,0.000,0.000,0.00
1777907164,loop2,0.00,0.00,0.000,0.000,0.00
1777907164,loop20,0.00,0.00,0.000,0.000,0.00
1777907164,loop21,0.00,0.00,0.000,0.000,0.00
1777907164,loop22,0.00,0.00,0.000,0.000,0.00
1777907164,loop23,0.00,0.00,0.000,0.000,0.00
1777907164,loop24,0.00,0.00,0.000,0.000,0.00
1777907164,loop25,0.00,0.00,0.000,0.000,0.00
1777907164,loop26,0.00,0.00,0.000,0.000,0.00
1777907164,loop27,0.00,0.00,0.000,0.000,0.00
1777907164,loop28,0.00,0.00,0.000,0.000,0.00
1777907164,loop29,0.00,0.00,0.000,0.000,0.00
1777907164,loop3,0.00,0.00,0.000,0.000,0.00
1777907164,loop30,0.00,0.00,0.000,0.000,0.00
1777907164,loop31,0.00,0.00,0.000,0.000,0.00
1777907164,loop32,0.00,0.00,0.000,0.000,0.00
1777907164,loop33,0.00,0.00,0.000,0.000,0.00
1777907164,loop34,0.00,0.00,0.000,0.000,0.00
1777907164,loop35,0.00,0.00,0.000,0.000,0.00
1777907164,loop36,0.00,0.00,0.000,0.000,0.00
1777907164,loop37,0.00,0.00,0.000,0.000,0.00
1777907164,loop38,0.00,0.00,0.000,0.000,0.00
1777907164,loop39,0.00,0.00,0.000,0.000,0.00
1777907164,loop4,0.00,0.00,0.000,0.000,0.00
1777907164,loop40,0.00,0.00,0.000,0.000,0.00
1777907164,loop5,0.00,0.00,0.000,0.000,0.00
1777907164,loop6,0.00,0.00,0.000,0.000,0.00
1777907164,loop7,0.00,0.00,0.000,0.000,0.00
1777907164,loop8,0.00,0.00,0.000,0.000,0.00
1777907164,loop9,0.00,0.00,0.000,0.000,0.00
1777907164,nvme0n1,0.00,0.00,0.000,0.000,0.20
1777907165,loop0,0.00,0.00,0.000,0.000,0.00
1777907165,loop1,0.00,0.00,0.000,0.000,0.00
1777907165,loop10,0.00,0.00,0.000,0.000,0.00
1777907165,loop11,0.00,0.00,0.000,0.000,0.00
1777907165,loop12,0.00,0.00,0.000,0.000,0.00
1777907165,loop13,0.00,0.00,0.000,0.000,0.00
1777907165,loop14,0.00,0.00,0.000,0.000,0.00
1777907165,loop15,0.00,0.00,0.000,0.000,0.00
1777907165,loop16,0.00,0.00,0.000,0.000,0.00
1777907165,loop17,0.00,0.00,0.000,0.000,0.00
1777907165,loop18,0.00,0.00,0.000,0.000,0.00
1777907165,loop19,0.00,0.00,0.000,0.000,0.00
1777907165,loop2,0.00,0.00,0.000,0.000,0.00
1777907165,loop20,0.00,0.00,0.000,0.000,0.00
1777907165,loop21,0.00,0.00,0.000,0.000,0.00
1777907165,loop22,0.00,0.00,0.000,0.000,0.00
1777907165,loop23,0.00,0.00,0.000,0.000,0.00
1777907165,loop24,0.00,0.00,0.000,0.000,0.00
1777907165,loop25,0.00,0.00,0.000,0.000,0.00
1777907165,loop26,0.00,0.00,0.000,0.000,0.00
1777907165,loop27,0.00,0.00,0.000,0.000,0.00
1777907165,loop28,0.00,0.00,0.000,0.000,0.00
1777907165,loop29,0.00,0.00,0.000,0.000,0.00
1777907165,loop3,0.00,0.00,0.000,0.000,0.00
1777907165,loop30,0.00,0.00,0.000,0.000,0.00
1777907165,loop31,0.00,0.00,0.000,0.000,0.00
1777907165,loop32,0.00,0.00,0.000,0.000,0.00
1777907165,loop33,0.00,0.00,0.000,0.000,0.00
1777907165,loop34,0.00,0.00,0.000,0.000,0.00
1777907165,loop35,0.00,0.00,0.000,0.000,0.00
1777907165,loop36,0.00,0.00,0.000,0.000,0.00
1777907165,loop37,0.00,0.00,0.000,0.000,0.00
1777907165,loop38,0.00,0.00,0.000,0.000,0.00
1777907165,loop39,0.00,0.00,0.000,0.000,0.00
1777907165,loop4,0.00,0.00,0.000,0.000,0.00
1777907165,loop40,0.00,0.00,0.000,0.000,0.00
1777907165,loop5,0.00,0.00,0.000,0.000,0.00
1777907165,loop6,0.00,0.00,0.000,0.000,0.00
1777907165,loop7,0.00,0.00,0.000,0.000,0.00
1777907165,loop8,0.00,0.00,0.000,0.000,0.00
1777907165,loop9,0.00,0.00,0.000,0.000,0.00
1777907165,nvme0n1,0.00,0.00,0.000,0.000,0.00
1777907166,loop0,0.00,0.00,0.000,0.000,0.00
1777907166,loop1,0.00,0.00,0.000,0.000,0.00
1777907166,loop10,0.00,0.00,0.000,0.000,0.00
1777907166,loop11,0.00,0.00,0.000,0.000,0.00
1777907166,loop12,0.00,0.00,0.000,0.000,0.00
1777907166,loop13,0.00,0.00,0.000,0.000,0.00
1777907166,loop14,0.00,0.00,0.000,0.000,0.00
1777907166,loop15,0.00,0.00,0.000,0.000,0.00
1777907166,loop16,0.00,0.00,0.000,0.000,0.00
1777907166,loop17,0.00,0.00,0.000,0.000,0.00
1777907166,loop18,0.00,0.00,0.000,0.000,0.00
1777907166,loop19,0.00,0.00,0.000,0.000,0.00
1777907166,loop2,0.00,0.00,0.000,0.000,0.00
1777907166,loop20,0.00,0.00,0.000,0.000,0.00
1777907166,loop21,0.00,0.00,0.000,0.000,0.00
1777907166,loop22,0.00,0.00,0.000,0.000,0.00
1777907166,loop23,0.00,0.00,0.000,0.000,0.00
1777907166,loop24,0.00,0.00,0.000,0.000,0.00
1777907166,loop25,0.00,0.00,0.000,0.000,0.00
1777907166,loop26,0.00,0.00,0.000,0.000,0.00
1777907166,loop27,0.00,0.00,0.000,0.000,0.00
1777907166,loop28,0.00,0.00,0.000,0.000,0.00
1777907166,loop29,0.00,0.00,0.000,0.000,0.00
1777907166,loop3,0.00,0.00,0.000,0.000,0.00
1777907166,loop30,0.00,0.00,0.000,0.000,0.00
1777907166,loop31,0.00,0.00,0.000,0.000,0.00
1777907166,loop32,0.00,0.00,0.000,0.000,0.00
1777907166,loop33,0.00,0.00,0.000,0.000,0.00
1777907166,loop34,0.00,0.00,0.000,0.000,0.00
1777907166,loop35,0.00,0.00,0.000,0.000,0.00
1777907166,loop36,0.00,0.00,0.000,0.000,0.00
1777907166,loop37,0.00,0.00,0.000,0.000,0.00
1777907166,loop38,0.00,0.00,0.000,0.000,0.00
1777907166,loop39,0.00,0.00,0.000,0.000,0.00
1777907166,loop4,0.00,0.00,0.000,0.000,0.00
1777907166,loop40,0.00,0.00,0.000,0.000,0.00
1777907166,loop5,0.00,0.00,0.000,0.000,0.00
1777907166,loop6,0.00,0.00,0.000,0.000,0.00
1777907166,loop7,0.00,0.00,0.000,0.000,0.00
1777907166,loop8,0.00,0.00,0.000,0.000,0.00
1777907166,loop9,0.00,0.00,0.000,0.000,0.00
1777907166,nvme0n1,0.00,0.00,0.000,0.000,0.00
1777907167,loop0,0.00,0.00,0.000,0.000,0.00
1777907167,loop1,0.00,0.00,0.000,0.000,0.00
1777907167,loop10,0.00,0.00,0.000,0.000,0.00
1777907167,loop11,0.00,0.00,0.000,0.000,0.00
1777907167,loop12,0.00,0.00,0.000,0.000,0.00
1777907167,loop13,0.00,0.00,0.000,0.000,0.00
1777907167,loop14,0.00,0.00,0.000,0.000,0.00
1777907167,loop15,0.00,0.00,0.000,0.000,0.00
1777907167,loop16,0.00,0.00,0.000,0.000,0.00
1777907167,loop17,0.00,0.00,0.000,0.000,0.00
1777907167,loop18,0.00,0.00,0.000,0.000,0.00
1777907167,loop19,0.00,0.00,0.000,0.000,0.00
1777907167,loop2,0.00,0.00,0.000,0.000,0.00
1777907167,loop20,0.00,0.00,0.000,0.000,0.00
1777907167,loop21,0.00,0.00,0.000,0.000,0.00
1777907167,loop22,0.00,0.00,0.000,0.000,0.00
1777907167,loop23,0.00,0.00,0.000,0.000,0.00
1777907167,loop24,0.00,0.00,0.000,0.000,0.00
1777907167,loop25,0.00,0.00,0.000,0.000,0.00
1777907167,loop26,0.00,0.00,0.000,0.000,0.00
1777907167,loop27,0.00,0.00,0.000,0.000,0.00
1777907167,loop28,0.00,0.00,0.000,0.000,0.00
1777907167,loop29,0.00,0.00,0.000,0.000,0.00
1777907167,loop3,0.00,0.00,0.000,0.000,0.00
1777907167,loop30,0.00,0.00,0.000,0.000,0.00
1777907167,loop31,0.00,0.00,0.000,0.000,0.00
1777907167,loop32,0.00,0.00,0.000,0.000,0.00
1777907167,loop33,0.00,0.00,0.000,0.000,0.00
1777907167,loop34,0.00,0.00,0.000,0.000,0.00
1777907167,loop35,0.00,0.00,0.000,0.000,0.00
1777907167,loop36,0.00,0.00,0.000,0.000,0.00
1777907167,loop37,0.00,0.00,0.000,0.000,0.00
1777907167,loop38,0.00,0.00,0.000,0.000,0.00
1777907167,loop39,0.00,0.00,0.000,0.000,0.00
1777907167,loop4,0.00,0.00,0.000,0.000,0.00
1777907167,loop40,0.00,0.00,0.000,0.000,0.00
1777907167,loop5,0.00,0.00,0.000,0.000,0.00
1777907167,loop6,0.00,0.00,0.000,0.000,0.00
1777907167,loop7,0.00,0.00,0.000,0.000,0.00
1777907167,loop8,0.00,0.00,0.000,0.000,0.00
1777907167,loop9,0.00,0.00,0.000,0.000,0.00
1777907167,nvme0n1,0.00,0.00,0.000,0.000,5.80
1777907168,loop0,0.00,0.00,0.000,0.000,0.00
1777907168,loop1,0.00,0.00,0.000,0.000,0.00
1777907168,loop10,0.00,0.00,0.000,0.000,0.00
1777907168,loop11,0.00,0.00,0.000,0.000,0.00
1777907168,loop12,0.00,0.00,0.000,0.000,0.00
1777907168,loop13,0.00,0.00,0.000,0.000,0.00
1777907168,loop14,0.00,0.00,0.000,0.000,0.00
1777907168,loop15,0.00,0.00,0.000,0.000,0.00
1777907168,loop16,0.00,0.00,0.000,0.000,0.00
1777907168,loop17,0.00,0.00,0.000,0.000,0.00
1777907168,loop18,0.00,0.00,0.000,0.000,0.00
1777907168,loop19,0.00,0.00,0.000,0.000,0.00
1777907168,loop2,0.00,0.00,0.000,0.000,0.00
1777907168,loop20,0.00,0.00,0.000,0.000,0.00
1777907168,loop21,0.00,0.00,0.000,0.000,0.00
1777907168,loop22,0.00,0.00,0.000,0.000,0.00
1777907168,loop23,0.00,0.00,0.000,0.000,0.00
1777907168,loop24,0.00,0.00,0.000,0.000,0.00
1777907168,loop25,0.00,0.00,0.000,0.000,0.00
1777907168,loop26,0.00,0.00,0.000,0.000,0.00
1777907168,loop27,0.00,0.00,0.000,0.000,0.00
1777907168,loop28,0.00,0.00,0.000,0.000,0.00
1777907168,loop29,0.00,0.00,0.000,0.000,0.00
1777907168,loop3,0.00,0.00,0.000,0.000,0.00
1777907168,loop30,0.00,0.00,0.000,0.000,0.00
1777907168,loop31,0.00,0.00,0.000,0.000,0.00
1777907168,loop32,0.00,0.00,0.000,0.000,0.00
1777907168,loop33,0.00,0.00,0.000,0.000,0.00
1777907168,loop34,0.00,0.00,0.000,0.000,0.00
1777907168,loop35,0.00,0.00,0.000,0.000,0.00
1777907168,loop36,0.00,0.00,0.000,0.000,0.00
1777907168,loop37,0.00,0.00,0.000,0.000,0.00
1777907168,loop38,0.00,0.00,0.000,0.000,0.00
1777907168,loop39,0.00,0.00,0.000,0.000,0.00
1777907168,loop4,0.00,0.00,0.000,0.000,0.00
1777907168,loop40,0.00,0.00,0.000,0.000,0.00
1777907168,loop5,0.00,0.00,0.000,0.000,0.00
1777907168,loop6,0.00,0.00,0.000,0.000,0.00
1777907168,loop7,0.00,0.00,0.000,0.000,0.00
1777907168,loop8,0.00,0.00,0.000,0.000,0.00
1777907168,loop9,0.00,0.00,0.000,0.000,0.00
1777907168,nvme0n1,1.00,4.00,0.000,0.000,0.70
1777907169,loop0,0.00,0.00,0.000,0.000,0.00
1777907169,loop1,0.00,0.00,0.000,0.000,0.00
1777907169,loop10,0.00,0.00,0.000,0.000,0.00
1777907169,loop11,0.00,0.00,0.000,0.000,0.00
1777907169,loop12,0.00,0.00,0.000,0.000,0.00
1777907169,loop13,0.00,0.00,0.000,0.000,0.00
1777907169,loop14,0.00,0.00,0.000,0.000,0.00
1777907169,loop15,0.00,0.00,0.000,0.000,0.00
1777907169,loop16,0.00,0.00,0.000,0.000,0.00
1777907169,loop17,0.00,0.00,0.000,0.000,0.00
1777907169,loop18,0.00,0.00,0.000,0.000,0.00
1777907169,loop19,0.00,0.00,0.000,0.000,0.00
1777907169,loop2,0.00,0.00,0.000,0.000,0.00
1777907169,loop20,0.00,0.00,0.000,0.000,0.00
1777907169,loop21,0.00,0.00,0.000,0.000,0.00
1777907169,loop22,0.00,0.00,0.000,0.000,0.00
1777907169,loop23,0.00,0.00,0.000,0.000,0.00
1777907169,loop24,0.00,0.00,0.000,0.000,0.00
1777907169,loop25,0.00,0.00,0.000,0.000,0.00
1777907169,loop26,0.00,0.00,0.000,0.000,0.00
1777907169,loop27,0.00,0.00,0.000,0.000,0.00
1777907169,loop28,0.00,0.00,0.000,0.000,0.00
1777907169,loop29,0.00,0.00,0.000,0.000,0.00
1777907169,loop3,0.00,0.00,0.000,0.000,0.00
1777907169,loop30,0.00,0.00,0.000,0.000,0.00
1777907169,loop31,0.00,0.00,0.000,0.000,0.00
1777907169,loop32,0.00,0.00,0.000,0.000,0.00
1777907169,loop33,0.00,0.00,0.000,0.000,0.00
1777907169,loop34,0.00,0.00,0.000,0.000,0.00
1777907169,loop35,0.00,0.00,0.000,0.000,0.00
1777907169,loop36,0.00,0.00,0.000,0.000,0.00
1777907169,loop37,0.00,0.00,0.000,0.000,0.00
1777907169,loop38,0.00,0.00,0.000,0.000,0.00
1777907169,loop39,0.00,0.00,0.000,0.000,0.00
1777907169,loop4,0.00,0.00,0.000,0.000,0.00
1777907169,loop40,0.00,0.00,0.000,0.000,0.00
1777907169,loop5,0.00,0.00,0.000,0.000,0.00
1777907169,loop6,0.00,0.00,0.000,0.000,0.00
1777907169,loop7,0.00,0.00,0.000,0.000,0.00
1777907169,loop8,0.00,0.00,0.000,0.000,0.00
1777907169,loop9,0.00,0.00,0.000,0.000,0.00
1777907169,nvme0n1,0.00,0.00,0.000,0.000,0.00
1777907170,loop0,0.00,0.00,0.000,0.000,0.00
1777907170,loop1,0.00,0.00,0.000,0.000,0.00
1777907170,loop10,0.00,0.00,0.000,0.000,0.00
1777907170,loop11,0.00,0.00,0.000,0.000,0.00
1777907170,loop12,0.00,0.00,0.000,0.000,0.00
1777907170,loop13,0.00,0.00,0.000,0.000,0.00
1777907170,loop14,0.00,0.00,0.000,0.000,0.00
1777907170,loop15,0.00,0.00,0.000,0.000,0.00
1777907170,loop16,0.00,0.00,0.000,0.000,0.00
1777907170,loop17,0.00,0.00,0.000,0.000,0.00
1777907170,loop18,0.00,0.00,0.000,0.000,0.00
1777907170,loop19,0.00,0.00,0.000,0.000,0.00
1777907170,loop2,0.00,0.00,0.000,0.000,0.00
1777907170,loop20,0.00,0.00,0.000,0.000,0.00
1777907170,loop21,0.00,0.00,0.000,0.000,0.00
1777907170,loop22,0.00,0.00,0.000,0.000,0.00
1777907170,loop23,0.00,0.00,0.000,0.000,0.00
1777907170,loop24,0.00,0.00,0.000,0.000,0.00
1777907170,loop25,0.00,0.00,0.000,0.000,0.00
1777907170,loop26,0.00,0.00,0.000,0.000,0.00
1777907170,loop27,0.00,0.00,0.000,0.000,0.00
1777907170,loop28,0.00,0.00,0.000,0.000,0.00
1777907170,loop29,0.00,0.00,0.000,0.000,0.00
1777907170,loop3,0.00,0.00,0.000,0.000,0.00
1777907170,loop30,0.00,0.00,0.000,0.000,0.00
1777907170,loop31,0.00,0.00,0.000,0.000,0.00
1777907170,loop32,0.00,0.00,0.000,0.000,0.00
1777907170,loop33,0.00,0.00,0.000,0.000,0.00
1777907170,loop34,0.00,0.00,0.000,0.000,0.00
1777907170,loop35,0.00,0.00,0.000,0.000,0.00
1777907170,loop36,0.00,0.00,0.000,0.000,0.00
1777907170,loop37,0.00,0.00,0.000,0.000,0.00
1777907170,loop38,0.00,0.00,0.000,0.000,0.00
1777907170,loop39,0.00,0.00,0.000,0.000,0.00
1777907170,loop4,0.00,0.00,0.000,0.000,0.00
1777907170,loop40,0.00,0.00,0.000,0.000,0.00
1777907170,loop5,0.00,0.00,0.000,0.000,0.00
1777907170,loop6,0.00,0.00,0.000,0.000,0.00
1777907170,loop7,0.00,0.00,0.000,0.000,0.00
1777907170,loop8,0.00,0.00,0.000,0.000,0.00
1777907170,loop9,0.00,0.00,0.000,0.000,0.00
1777907170,nvme0n1,0.00,0.00,0.000,0.000,0.00
1777907171,loop0,0.00,0.00,0.000,0.000,0.00
1777907171,loop1,0.00,0.00,0.000,0.000,0.00
1777907171,loop10,0.00,0.00,0.000,0.000,0.00
1777907171,loop11,0.00,0.00,0.000,0.000,0.00
1777907171,loop12,0.00,0.00,0.000,0.000,0.00
1777907171,loop13,0.00,0.00,0.000,0.000,0.00
1777907171,loop14,0.00,0.00,0.000,0.000,0.00
1777907171,loop15,0.00,0.00,0.000,0.000,0.00
1777907171,loop16,0.00,0.00,0.000,0.000,0.00
1777907171,loop17,0.00,0.00,0.000,0.000,0.00
1777907171,loop18,0.00,0.00,0.000,0.000,0.00
1777907171,loop19,0.00,0.00,0.000,0.000,0.00
1777907171,loop2,0.00,0.00,0.000,0.000,0.00
1777907171,loop20,0.00,0.00,0.000,0.000,0.00
1777907171,loop21,0.00,0.00,0.000,0.000,0.00
1777907171,loop22,0.00,0.00,0.000,0.000,0.00
1777907171,loop23,0.00,0.00,0.000,0.000,0.00
1777907171,loop24,0.00,0.00,0.000,0.000,0.00
1777907171,loop25,0.00,0.00,0.000,0.000,0.00
1777907171,loop26,0.00,0.00,0.000,0.000,0.00
1777907171,loop27,0.00,0.00,0.000,0.000,0.00
1777907171,loop28,0.00,0.00,0.000,0.000,0.00
1777907171,loop29,0.00,0.00,0.000,0.000,0.00
1777907171,loop3,0.00,0.00,0.000,0.000,0.00
1777907171,loop30,0.00,0.00,0.000,0.000,0.00
1777907171,loop31,0.00,0.00,0.000,0.000,0.00
1777907171,loop32,0.00,0.00,0.000,0.000,0.00
1777907171,loop33,0.00,0.00,0.000,0.000,0.00
1777907171,loop34,0.00,0.00,0.000,0.000,0.00
1777907171,loop35,0.00,0.00,0.000,0.000,0.00
1777907171,loop36,0.00,0.00,0.000,0.000,0.00
1777907171,loop37,0.00,0.00,0.000,0.000,0.00
1777907171,loop38,0.00,0.00,0.000,0.000,0.00
1777907171,loop39,0.00,0.00,0.000,0.000,0.00
1777907171,loop4,0.00,0.00,0.000,0.000,0.00
1777907171,loop40,0.00,0.00,0.000,0.000,0.00
1777907171,loop5,0.00,0.00,0.000,0.000,0.00
1777907171,loop6,0.00,0.00,0.000,0.000,0.00
1777907171,loop7,0.00,0.00,0.000,0.000,0.00
1777907171,loop8,0.00,0.00,0.000,0.000,0.00
1777907171,loop9,0.00,0.00,0.000,0.000,0.00
1777907171,nvme0n1,0.00,0.00,0.000,0.000,0.00
1777907172,loop0,0.00,0.00,0.000,0.000,0.00
1777907172,loop1,0.00,0.00,0.000,0.000,0.00
1777907172,loop10,0.00,0.00,0.000,0.000,0.00
1777907172,loop11,0.00,0.00,0.000,0.000,0.00
1777907172,loop12,0.00,0.00,0.000,0.000,0.00
1777907172,loop13,0.00,0.00,0.000,0.000,0.00
1777907172,loop14,0.00,0.00,0.000,0.000,0.00
1777907172,loop15,0.00,0.00,0.000,0.000,0.00
1777907172,loop16,0.00,0.00,0.000,0.000,0.00
1777907172,loop17,0.00,0.00,0.000,0.000,0.00
1777907172,loop18,0.00,0.00,0.000,0.000,0.00
1777907172,loop19,0.00,0.00,0.000,0.000,0.00
1777907172,loop2,0.00,0.00,0.000,0.000,0.00
1777907172,loop20,0.00,0.00,0.000,0.000,0.00
1777907172,loop21,0.00,0.00,0.000,0.000,0.00
1777907172,loop22,0.00,0.00,0.000,0.000,0.00
1777907172,loop23,0.00,0.00,0.000,0.000,0.00
1777907172,loop24,0.00,0.00,0.000,0.000,0.00
1777907172,loop25,0.00,0.00,0.000,0.000,0.00
1777907172,loop26,0.00,0.00,0.000,0.000,0.00
1777907172,loop27,0.00,0.00,0.000,0.000,0.00
1777907172,loop28,0.00,0.00,0.000,0.000,0.00
1777907172,loop29,0.00,0.00,0.000,0.000,0.00
1777907172,loop3,0.00,0.00,0.000,0.000,0.00
1777907172,loop30,0.00,0.00,0.000,0.000,0.00
1777907172,loop31,0.00,0.00,0.000,0.000,0.00
1777907172,loop32,0.00,0.00,0.000,0.000,0.00
1777907172,loop33,0.00,0.00,0.000,0.000,0.00
1777907172,loop34,0.00,0.00,0.000,0.000,0.00
1777907172,loop35,0.00,0.00,0.000,0.000,0.00
1777907172,loop36,0.00,0.00,0.000,0.000,0.00
1777907172,loop37,0.00,0.00,0.000,0.000,0.00
1777907172,loop38,0.00,0.00,0.000,0.000,0.00
1777907172,loop39,0.00,0.00,0.000,0.000,0.00
1777907172,loop4,0.00,0.00,0.000,0.000,0.00
1777907172,loop40,0.00,0.00,0.000,0.000,0.00
1777907172,loop5,0.00,0.00,0.000,0.000,0.00
1777907172,loop6,0.00,0.00,0.000,0.000,0.00
1777907172,loop7,0.00,0.00,0.000,0.000,0.00
1777907172,loop8,0.00,0.00,0.000,0.000,0.00
1777907172,loop9,0.00,0.00,0.000,0.000,0.00
1777907172,nvme0n1,9.00,36.00,0.000,0.000,4.90
1777907173,loop0,0.00,0.00,0.000,0.000,0.00
1777907173,loop1,0.00,0.00,0.000,0.000,0.00
1777907173,loop10,0.00,0.00,0.000,0.000,0.00
1777907173,loop11,0.00,0.00,0.000,0.000,0.00
1777907173,loop12,0.00,0.00,0.000,0.000,0.00
1777907173,loop13,0.00,0.00,0.000,0.000,0.00
1777907173,loop14,0.00,0.00,0.000,0.000,0.00
1777907173,loop15,0.00,0.00,0.000,0.000,0.00
1777907173,loop16,0.00,0.00,0.000,0.000,0.00
1777907173,loop17,0.00,0.00,0.000,0.000,0.00
1777907173,loop18,0.00,0.00,0.000,0.000,0.00
1777907173,loop19,0.00,0.00,0.000,0.000,0.00
1777907173,loop2,0.00,0.00,0.000,0.000,0.00
1777907173,loop20,0.00,0.00,0.000,0.000,0.00
1777907173,loop21,0.00,0.00,0.000,0.000,0.00
1777907173,loop22,0.00,0.00,0.000,0.000,0.00
1777907173,loop23,0.00,0.00,0.000,0.000,0.00
1777907173,loop24,0.00,0.00,0.000,0.000,0.00
1777907173,loop25,0.00,0.00,0.000,0.000,0.00
1777907173,loop26,0.00,0.00,0.000,0.000,0.00
1777907173,loop27,0.00,0.00,0.000,0.000,0.00
1777907173,loop28,0.00,0.00,0.000,0.000,0.00
1777907173,loop29,0.00,0.00,0.000,0.000,0.00
1777907173,loop3,0.00,0.00,0.000,0.000,0.00
1777907173,loop30,0.00,0.00,0.000,0.000,0.00
1777907173,loop31,0.00,0.00,0.000,0.000,0.00
1777907173,loop32,0.00,0.00,0.000,0.000,0.00
1777907173,loop33,0.00,0.00,0.000,0.000,0.00
1777907173,loop34,0.00,0.00,0.000,0.000,0.00
1777907173,loop35,0.00,0.00,0.000,0.000,0.00
1777907173,loop36,0.00,0.00,0.000,0.000,0.00
1777907173,loop37,0.00,0.00,0.000,0.000,0.00
1777907173,loop38,0.00,0.00,0.000,0.000,0.00
1777907173,loop39,0.00,0.00,0.000,0.000,0.00
1777907173,loop4,0.00,0.00,0.000,0.000,0.00
1777907173,loop40,0.00,0.00,0.000,0.000,0.00
1777907173,loop5,0.00,0.00,0.000,0.000,0.00
1777907173,loop6,0.00,0.00,0.000,0.000,0.00
1777907173,loop7,0.00,0.00,0.000,0.000,0.00
1777907173,loop8,0.00,0.00,0.000,0.000,0.00
1777907173,loop9,0.00,0.00,0.000,0.000,0.00
1777907173,nvme0n1,0.00,0.00,0.000,0.000,0.60
1777907174,loop0,0.00,0.00,0.000,0.000,0.00
1777907174,loop1,0.00,0.00,0.000,0.000,0.00
1777907174,loop10,0.00,0.00,0.000,0.000,0.00
1777907174,loop11,0.00,0.00,0.000,0.000,0.00
1777907174,loop12,0.00,0.00,0.000,0.000,0.00
1777907174,loop13,0.00,0.00,0.000,0.000,0.00
1777907174,loop14,0.00,0.00,0.000,0.000,0.00
1777907174,loop15,0.00,0.00,0.000,0.000,0.00
1777907174,loop16,0.00,0.00,0.000,0.000,0.00
1777907174,loop17,0.00,0.00,0.000,0.000,0.00
1777907174,loop18,0.00,0.00,0.000,0.000,0.00
1777907174,loop19,0.00,0.00,0.000,0.000,0.00
1777907174,loop2,0.00,0.00,0.000,0.000,0.00
1777907174,loop20,0.00,0.00,0.000,0.000,0.00
1777907174,loop21,0.00,0.00,0.000,0.000,0.00
1777907174,loop22,0.00,0.00,0.000,0.000,0.00
1777907174,loop23,0.00,0.00,0.000,0.000,0.00
1777907174,loop24,0.00,0.00,0.000,0.000,0.00
1777907174,loop25,0.00,0.00,0.000,0.000,0.00
1777907174,loop26,0.00,0.00,0.000,0.000,0.00
1777907174,loop27,0.00,0.00,0.000,0.000,0.00
1777907174,loop28,0.00,0.00,0.000,0.000,0.00
1777907174,loop29,0.00,0.00,0.000,0.000,0.00
1777907174,loop3,0.00,0.00,0.000,0.000,0.00
1777907174,loop30,0.00,0.00,0.000,0.000,0.00
1777907174,loop31,0.00,0.00,0.000,0.000,0.00
1777907174,loop32,0.00,0.00,0.000,0.000,0.00
1777907174,loop33,0.00,0.00,0.000,0.000,0.00
1777907174,loop34,0.00,0.00,0.000,0.000,0.00
1777907174,loop35,0.00,0.00,0.000,0.000,0.00
1777907174,loop36,0.00,0.00,0.000,0.000,0.00
1777907174,loop37,0.00,0.00,0.000,0.000,0.00
1777907174,loop38,0.00,0.00,0.000,0.000,0.00
1777907174,loop39,0.00,0.00,0.000,0.000,0.00
1777907174,loop4,0.00,0.00,0.000,0.000,0.00
1777907174,loop40,0.00,0.00,0.000,0.000,0.00
1777907174,loop5,0.00,0.00,0.000,0.000,0.00
1777907174,loop6,0.00,0.00,0.000,0.000,0.00
1777907174,loop7,0.00,0.00,0.000,0.000,0.00
1777907174,loop8,0.00,0.00,0.000,0.000,0.00
1777907174,loop9,0.00,0.00,0.000,0.000,0.00
1777907174,nvme0n1,0.00,0.00,0.000,0.000,0.00
1777907175,loop0,0.00,0.00,0.000,0.000,0.00
1777907175,loop1,0.00,0.00,0.000,0.000,0.00
1777907175,loop10,0.00,0.00,0.000,0.000,0.00
1777907175,loop11,0.00,0.00,0.000,0.000,0.00
1777907175,loop12,0.00,0.00,0.000,0.000,0.00
1777907175,loop13,0.00,0.00,0.000,0.000,0.00
1777907175,loop14,0.00,0.00,0.000,0.000,0.00
1777907175,loop15,0.00,0.00,0.000,0.000,0.00
1777907175,loop16,0.00,0.00,0.000,0.000,0.00
1777907175,loop17,0.00,0.00,0.000,0.000,0.00
1777907175,loop18,0.00,0.00,0.000,0.000,0.00
1777907175,loop19,0.00,0.00,0.000,0.000,0.00
1777907175,loop2,0.00,0.00,0.000,0.000,0.00
1777907175,loop20,0.00,0.00,0.000,0.000,0.00
1777907175,loop21,0.00,0.00,0.000,0.000,0.00
1777907175,loop22,0.00,0.00,0.000,0.000,0.00
1777907175,loop23,0.00,0.00,0.000,0.000,0.00
1777907175,loop24,0.00,0.00,0.000,0.000,0.00
1777907175,loop25,0.00,0.00,0.000,0.000,0.00
1777907175,loop26,0.00,0.00,0.000,0.000,0.00
1777907175,loop27,0.00,0.00,0.000,0.000,0.00
1777907175,loop28,0.00,0.00,0.000,0.000,0.00
1777907175,loop29,0.00,0.00,0.000,0.000,0.00
1777907175,loop3,0.00,0.00,0.000,0.000,0.00
1777907175,loop30,0.00,0.00,0.000,0.000,0.00
1777907175,loop31,0.00,0.00,0.000,0.000,0.00
1777907175,loop32,0.00,0.00,0.000,0.000,0.00
1777907175,loop33,0.00,0.00,0.000,0.000,0.00
1777907175,loop34,0.00,0.00,0.000,0.000,0.00
1777907175,loop35,0.00,0.00,0.000,0.000,0.00
1777907175,loop36,0.00,0.00,0.000,0.000,0.00
1777907175,loop37,0.00,0.00,0.000,0.000,0.00
1777907175,loop38,0.00,0.00,0.000,0.000,0.00
1777907175,loop39,0.00,0.00,0.000,0.000,0.00
1777907175,loop4,0.00,0.00,0.000,0.000,0.00
1777907175,loop40,0.00,0.00,0.000,0.000,0.00
1777907175,loop5,0.00,0.00,0.000,0.000,0.00
1777907175,loop6,0.00,0.00,0.000,0.000,0.00
1777907175,loop7,0.00,0.00,0.000,0.000,0.00
1777907175,loop8,0.00,0.00,0.000,0.000,0.00
1777907175,loop9,0.00,0.00,0.000,0.000,0.00
1777907175,nvme0n1,0.00,0.00,0.000,0.000,0.00
1777907176,loop0,0.00,0.00,0.000,0.000,0.00
1777907176,loop1,0.00,0.00,0.000,0.000,0.00
1777907176,loop10,0.00,0.00,0.000,0.000,0.00
1777907176,loop11,0.00,0.00,0.000,0.000,0.00
1777907176,loop12,0.00,0.00,0.000,0.000,0.00
1777907176,loop13,0.00,0.00,0.000,0.000,0.00
1777907176,loop14,0.00,0.00,0.000,0.000,0.00
1777907176,loop15,0.00,0.00,0.000,0.000,0.00
1777907176,loop16,0.00,0.00,0.000,0.000,0.00
1777907176,loop17,0.00,0.00,0.000,0.000,0.00
1777907176,loop18,0.00,0.00,0.000,0.000,0.00
1777907176,loop19,0.00,0.00,0.000,0.000,0.00
1777907176,loop2,0.00,0.00,0.000,0.000,0.00
1777907176,loop20,0.00,0.00,0.000,0.000,0.00
1777907176,loop21,0.00,0.00,0.000,0.000,0.00
1777907176,loop22,0.00,0.00,0.000,0.000,0.00
1777907176,loop23,0.00,0.00,0.000,0.000,0.00
1777907176,loop24,0.00,0.00,0.000,0.000,0.00
1777907176,loop25,0.00,0.00,0.000,0.000,0.00
1777907176,loop26,0.00,0.00,0.000,0.000,0.00
1777907176,loop27,0.00,0.00,0.000,0.000,0.00
1777907176,loop28,0.00,0.00,0.000,0.000,0.00
1777907176,loop29,0.00,0.00,0.000,0.000,0.00
1777907176,loop3,0.00,0.00,0.000,0.000,0.00
1777907176,loop30,0.00,0.00,0.000,0.000,0.00
1777907176,loop31,0.00,0.00,0.000,0.000,0.00
1777907176,loop32,0.00,0.00,0.000,0.000,0.00
1777907176,loop33,0.00,0.00,0.000,0.000,0.00
1777907176,loop34,0.00,0.00,0.000,0.000,0.00
1777907176,loop35,0.00,0.00,0.000,0.000,0.00
1777907176,loop36,0.00,0.00,0.000,0.000,0.00
1777907176,loop37,0.00,0.00,0.000,0.000,0.00
1777907176,loop38,0.00,0.00,0.000,0.000,0.00
1777907176,loop39,0.00,0.00,0.000,0.000,0.00
1777907176,loop4,0.00,0.00,0.000,0.000,0.00
1777907176,loop40,0.00,0.00,0.000,0.000,0.00
1777907176,loop5,0.00,0.00,0.000,0.000,0.00
1777907176,loop6,0.00,0.00,0.000,0.000,0.00
1777907176,loop7,0.00,0.00,0.000,0.000,0.00
1777907176,loop8,0.00,0.00,0.000,0.000,0.00
1777907176,loop9,0.00,0.00,0.000,0.000,0.00
1777907176,nvme0n1,0.00,0.00,0.000,0.000,0.00
1777907177,loop0,0.00,0.00,0.000,0.000,0.00
1777907177,loop1,0.00,0.00,0.000,0.000,0.00
1777907177,loop10,0.00,0.00,0.000,0.000,0.00
1777907177,loop11,0.00,0.00,0.000,0.000,0.00
1777907177,loop12,0.00,0.00,0.000,0.000,0.00
1777907177,loop13,0.00,0.00,0.000,0.000,0.00
1777907177,loop14,0.00,0.00,0.000,0.000,0.00
1777907177,loop15,0.00,0.00,0.000,0.000,0.00
1777907177,loop16,0.00,0.00,0.000,0.000,0.00
1777907177,loop17,0.00,0.00,0.000,0.000,0.00
1777907177,loop18,0.00,0.00,0.000,0.000,0.00
1777907177,loop19,0.00,0.00,0.000,0.000,0.00
1777907177,loop2,0.00,0.00,0.000,0.000,0.00
1777907177,loop20,0.00,0.00,0.000,0.000,0.00
1777907177,loop21,0.00,0.00,0.000,0.000,0.00
1777907177,loop22,0.00,0.00,0.000,0.000,0.00
1777907177,loop23,0.00,0.00,0.000,0.000,0.00
1777907177,loop24,0.00,0.00,0.000,0.000,0.00
1777907177,loop25,0.00,0.00,0.000,0.000,0.00
1777907177,loop26,0.00,0.00,0.000,0.000,0.00
1777907177,loop27,0.00,0.00,0.000,0.000,0.00
1777907177,loop28,0.00,0.00,0.000,0.000,0.00
1777907177,loop29,0.00,0.00,0.000,0.000,0.00
1777907177,loop3,0.00,0.00,0.000,0.000,0.00
1777907177,loop30,0.00,0.00,0.000,0.000,0.00
1777907177,loop31,0.00,0.00,0.000,0.000,0.00
1777907177,loop32,0.00,0.00,0.000,0.000,0.00
1777907177,loop33,0.00,0.00,0.000,0.000,0.00
1777907177,loop34,0.00,0.00,0.000,0.000,0.00
1777907177,loop35,0.00,0.00,0.000,0.000,0.00
1777907177,loop36,0.00,0.00,0.000,0.000,0.00
1777907177,loop37,0.00,0.00,0.000,0.000,0.00
1777907177,loop38,0.00,0.00,0.000,0.000,0.00
1777907177,loop39,0.00,0.00,0.000,0.000,0.00
1777907177,loop4,0.00,0.00,0.000,0.000,0.00
1777907177,loop40,0.00,0.00,0.000,0.000,0.00
1777907177,loop5,0.00,0.00,0.000,0.000,0.00
1777907177,loop6,0.00,0.00,0.000,0.000,0.00
1777907177,loop7,0.00,0.00,0.000,0.000,0.00
1777907177,loop8,0.00,0.00,0.000,0.000,0.00
1777907177,loop9,0.00,0.00,0.000,0.000,0.00
1777907177,nvme0n1,0.00,0.00,0.000,0.000,0.00
1777907178,loop0,0.00,0.00,0.000,0.000,0.00
1777907178,loop1,0.00,0.00,0.000,0.000,0.00
1777907178,loop10,0.00,0.00,0.000,0.000,0.00
1777907178,loop11,0.00,0.00,0.000,0.000,0.00
1777907178,loop12,0.00,0.00,0.000,0.000,0.00
1777907178,loop13,0.00,0.00,0.000,0.000,0.00
1777907178,loop14,0.00,0.00,0.000,0.000,0.00
1777907178,loop15,0.00,0.00,0.000,0.000,0.00
1777907178,loop16,0.00,0.00,0.000,0.000,0.00
1777907178,loop17,0.00,0.00,0.000,0.000,0.00
1777907178,loop18,0.00,0.00,0.000,0.000,0.00
1777907178,loop19,0.00,0.00,0.000,0.000,0.00
1777907178,loop2,0.00,0.00,0.000,0.000,0.00
1777907178,loop20,0.00,0.00,0.000,0.000,0.00
1777907178,loop21,0.00,0.00,0.000,0.000,0.00
1777907178,loop22,0.00,0.00,0.000,0.000,0.00
1777907178,loop23,0.00,0.00,0.000,0.000,0.00
1777907178,loop24,0.00,0.00,0.000,0.000,0.00
1777907178,loop25,0.00,0.00,0.000,0.000,0.00
1777907178,loop26,0.00,0.00,0.000,0.000,0.00
1777907178,loop27,0.00,0.00,0.000,0.000,0.00
1777907178,loop28,0.00,0.00,0.000,0.000,0.00
1777907178,loop29,0.00,0.00,0.000,0.000,0.00
1777907178,loop3,0.00,0.00,0.000,0.000,0.00
1777907178,loop30,0.00,0.00,0.000,0.000,0.00
1777907178,loop31,0.00,0.00,0.000,0.000,0.00
1777907178,loop32,0.00,0.00,0.000,0.000,0.00
1777907178,loop33,0.00,0.00,0.000,0.000,0.00
1777907178,loop34,0.00,0.00,0.000,0.000,0.00
1777907178,loop35,0.00,0.00,0.000,0.000,0.00
1777907178,loop36,0.00,0.00,0.000,0.000,0.00
1777907178,loop37,0.00,0.00,0.000,0.000,0.00
1777907178,loop38,0.00,0.00,0.000,0.000,0.00
1777907178,loop39,0.00,0.00,0.000,0.000,0.00
1777907178,loop4,0.00,0.00,0.000,0.000,0.00
1777907178,loop40,0.00,0.00,0.000,0.000,0.00
1777907178,loop5,0.00,0.00,0.000,0.000,0.00
1777907178,loop6,0.00,0.00,0.000,0.000,0.00
1777907178,loop7,0.00,0.00,0.000,0.000,0.00
1777907178,loop8,0.00,0.00,0.000,0.000,0.00
1777907178,loop9,0.00,0.00,0.000,0.000,0.00
1777907178,nvme0n1,0.00,0.00,0.000,0.000,5.20
1777907179,loop0,0.00,0.00,0.000,0.000,0.00
1777907179,loop1,0.00,0.00,0.000,0.000,0.00
1777907179,loop10,0.00,0.00,0.000,0.000,0.00
1777907179,loop11,0.00,0.00,0.000,0.000,0.00
1777907179,loop12,0.00,0.00,0.000,0.000,0.00
1777907179,loop13,0.00,0.00,0.000,0.000,0.00
1777907179,loop14,0.00,0.00,0.000,0.000,0.00
1777907179,loop15,0.00,0.00,0.000,0.000,0.00
1777907179,loop16,0.00,0.00,0.000,0.000,0.00
1777907179,loop17,0.00,0.00,0.000,0.000,0.00
1777907179,loop18,0.00,0.00,0.000,0.000,0.00
1777907179,loop19,0.00,0.00,0.000,0.000,0.00
1777907179,loop2,0.00,0.00,0.000,0.000,0.00
1777907179,loop20,0.00,0.00,0.000,0.000,0.00
1777907179,loop21,0.00,0.00,0.000,0.000,0.00
1777907179,loop22,0.00,0.00,0.000,0.000,0.00
1777907179,loop23,0.00,0.00,0.000,0.000,0.00
1777907179,loop24,0.00,0.00,0.000,0.000,0.00
1777907179,loop25,0.00,0.00,0.000,0.000,0.00
1777907179,loop26,0.00,0.00,0.000,0.000,0.00
1777907179,loop27,0.00,0.00,0.000,0.000,0.00
1777907179,loop28,0.00,0.00,0.000,0.000,0.00
1777907179,loop29,0.00,0.00,0.000,0.000,0.00
1777907179,loop3,0.00,0.00,0.000,0.000,0.00
1777907179,loop30,0.00,0.00,0.000,0.000,0.00
1777907179,loop31,0.00,0.00,0.000,0.000,0.00
1777907179,loop32,0.00,0.00,0.000,0.000,0.00
1777907179,loop33,0.00,0.00,0.000,0.000,0.00
1777907179,loop34,0.00,0.00,0.000,0.000,0.00
1777907179,loop35,0.00,0.00,0.000,0.000,0.00
1777907179,loop36,0.00,0.00,0.000,0.000,0.00
1777907179,loop37,0.00,0.00,0.000,0.000,0.00
1777907179,loop38,0.00,0.00,0.000,0.000,0.00
1777907179,loop39,0.00,0.00,0.000,0.000,0.00
1777907179,loop4,0.00,0.00,0.000,0.000,0.00
1777907179,loop40,0.00,0.00,0.000,0.000,0.00
1777907179,loop5,0.00,0.00,0.000,0.000,0.00
1777907179,loop6,0.00,0.00,0.000,0.000,0.00
1777907179,loop7,0.00,0.00,0.000,0.000,0.00
1777907179,loop8,0.00,0.00,0.000,0.000,0.00
1777907179,loop9,0.00,0.00,0.000,0.000,0.00
1777907179,nvme0n1,0.00,0.00,0.000,0.000,0.70
1777907180,loop0,0.00,0.00,0.000,0.000,0.00
1777907180,loop1,0.00,0.00,0.000,0.000,0.00
1777907180,loop10,0.00,0.00,0.000,0.000,0.00
1777907180,loop11,0.00,0.00,0.000,0.000,0.00
1777907180,loop12,0.00,0.00,0.000,0.000,0.00
1777907180,loop13,0.00,0.00,0.000,0.000,0.00
1777907180,loop14,0.00,0.00,0.000,0.000,0.00
1777907180,loop15,0.00,0.00,0.000,0.000,0.00
1777907180,loop16,0.00,0.00,0.000,0.000,0.00
1777907180,loop17,0.00,0.00,0.000,0.000,0.00
1777907180,loop18,0.00,0.00,0.000,0.000,0.00
1777907180,loop19,0.00,0.00,0.000,0.000,0.00
1777907180,loop2,0.00,0.00,0.000,0.000,0.00
1777907180,loop20,0.00,0.00,0.000,0.000,0.00
1777907180,loop21,0.00,0.00,0.000,0.000,0.00
1777907180,loop22,0.00,0.00,0.000,0.000,0.00
1777907180,loop23,0.00,0.00,0.000,0.000,0.00
1777907180,loop24,0.00,0.00,0.000,0.000,0.00
1777907180,loop25,0.00,0.00,0.000,0.000,0.00
1777907180,loop26,0.00,0.00,0.000,0.000,0.00
1777907180,loop27,0.00,0.00,0.000,0.000,0.00
1777907180,loop28,0.00,0.00,0.000,0.000,0.00
1777907180,loop29,0.00,0.00,0.000,0.000,0.00
1777907180,loop3,0.00,0.00,0.000,0.000,0.00
1777907180,loop30,0.00,0.00,0.000,0.000,0.00
1777907180,loop31,0.00,0.00,0.000,0.000,0.00
1777907180,loop32,0.00,0.00,0.000,0.000,0.00
1777907180,loop33,0.00,0.00,0.000,0.000,0.00
1777907180,loop34,0.00,0.00,0.000,0.000,0.00
1777907180,loop35,0.00,0.00,0.000,0.000,0.00
1777907180,loop36,0.00,0.00,0.000,0.000,0.00
1777907180,loop37,0.00,0.00,0.000,0.000,0.00
1777907180,loop38,0.00,0.00,0.000,0.000,0.00
1777907180,loop39,0.00,0.00,0.000,0.000,0.00
1777907180,loop4,0.00,0.00,0.000,0.000,0.00
1777907180,loop40,0.00,0.00,0.000,0.000,0.00
1777907180,loop5,0.00,0.00,0.000,0.000,0.00
1777907180,loop6,0.00,0.00,0.000,0.000,0.00
1777907180,loop7,0.00,0.00,0.000,0.000,0.00
1777907180,loop8,0.00,0.00,0.000,0.000,0.00
1777907180,loop9,0.00,0.00,0.000,0.000,0.00
1777907180,nvme0n1,0.00,0.00,0.000,0.000,0.00
1777907181,loop0,0.00,0.00,0.000,0.000,0.00
1777907181,loop1,0.00,0.00,0.000,0.000,0.00
1777907181,loop10,0.00,0.00,0.000,0.000,0.00
1777907181,loop11,0.00,0.00,0.000,0.000,0.00
1777907181,loop12,0.00,0.00,0.000,0.000,0.00
1777907181,loop13,0.00,0.00,0.000,0.000,0.00
1777907181,loop14,0.00,0.00,0.000,0.000,0.00
1777907181,loop15,0.00,0.00,0.000,0.000,0.00
1777907181,loop16,0.00,0.00,0.000,0.000,0.00
1777907181,loop17,0.00,0.00,0.000,0.000,0.00
1777907181,loop18,0.00,0.00,0.000,0.000,0.00
1777907181,loop19,0.00,0.00,0.000,0.000,0.00
1777907181,loop2,0.00,0.00,0.000,0.000,0.00
1777907181,loop20,0.00,0.00,0.000,0.000,0.00
1777907181,loop21,0.00,0.00,0.000,0.000,0.00
1777907181,loop22,0.00,0.00,0.000,0.000,0.00
1777907181,loop23,0.00,0.00,0.000,0.000,0.00
1777907181,loop24,0.00,0.00,0.000,0.000,0.00
1777907181,loop25,0.00,0.00,0.000,0.000,0.00
1777907181,loop26,0.00,0.00,0.000,0.000,0.00
1777907181,loop27,0.00,0.00,0.000,0.000,0.00
1777907181,loop28,0.00,0.00,0.000,0.000,0.00
1777907181,loop29,0.00,0.00,0.000,0.000,0.00
1777907181,loop3,0.00,0.00,0.000,0.000,0.00
1777907181,loop30,0.00,0.00,0.000,0.000,0.00
1777907181,loop31,0.00,0.00,0.000,0.000,0.00
1777907181,loop32,0.00,0.00,0.000,0.000,0.00
1777907181,loop33,0.00,0.00,0.000,0.000,0.00
1777907181,loop34,0.00,0.00,0.000,0.000,0.00
1777907181,loop35,0.00,0.00,0.000,0.000,0.00
1777907181,loop36,0.00,0.00,0.000,0.000,0.00
1777907181,loop37,0.00,0.00,0.000,0.000,0.00
1777907181,loop38,0.00,0.00,0.000,0.000,0.00
1777907181,loop39,0.00,0.00,0.000,0.000,0.00
1777907181,loop4,0.00,0.00,0.000,0.000,0.00
1777907181,loop40,0.00,0.00,0.000,0.000,0.00
1777907181,loop5,0.00,0.00,0.000,0.000,0.00
1777907181,loop6,0.00,0.00,0.000,0.000,0.00
1777907181,loop7,0.00,0.00,0.000,0.000,0.00
1777907181,loop8,0.00,0.00,0.000,0.000,0.00
1777907181,loop9,0.00,0.00,0.000,0.000,0.00
1777907181,nvme0n1,0.00,0.00,0.000,0.000,0.00
1777907182,loop0,0.00,0.00,0.000,0.000,0.00
1777907182,loop1,0.00,0.00,0.000,0.000,0.00
1777907182,loop10,0.00,0.00,0.000,0.000,0.00
1777907182,loop11,0.00,0.00,0.000,0.000,0.00
1777907182,loop12,0.00,0.00,0.000,0.000,0.00
1777907182,loop13,0.00,0.00,0.000,0.000,0.00
1777907182,loop14,0.00,0.00,0.000,0.000,0.00
1777907182,loop15,0.00,0.00,0.000,0.000,0.00
1777907182,loop16,0.00,0.00,0.000,0.000,0.00
1777907182,loop17,0.00,0.00,0.000,0.000,0.00
1777907182,loop18,0.00,0.00,0.000,0.000,0.00
1777907182,loop19,0.00,0.00,0.000,0.000,0.00
1777907182,loop2,0.00,0.00,0.000,0.000,0.00
1777907182,loop20,0.00,0.00,0.000,0.000,0.00
1777907182,loop21,0.00,0.00,0.000,0.000,0.00
1777907182,loop22,0.00,0.00,0.000,0.000,0.00
1777907182,loop23,0.00,0.00,0.000,0.000,0.00
1777907182,loop24,0.00,0.00,0.000,0.000,0.00
1777907182,loop25,0.00,0.00,0.000,0.000,0.00
1777907182,loop26,0.00,0.00,0.000,0.000,0.00
1777907182,loop27,0.00,0.00,0.000,0.000,0.00
1777907182,loop28,0.00,0.00,0.000,0.000,0.00
1777907182,loop29,0.00,0.00,0.000,0.000,0.00
1777907182,loop3,0.00,0.00,0.000,0.000,0.00
1777907182,loop30,0.00,0.00,0.000,0.000,0.00
1777907182,loop31,0.00,0.00,0.000,0.000,0.00
1777907182,loop32,0.00,0.00,0.000,0.000,0.00
1777907182,loop33,0.00,0.00,0.000,0.000,0.00
1777907182,loop34,0.00,0.00,0.000,0.000,0.00
1777907182,loop35,0.00,0.00,0.000,0.000,0.00
1777907182,loop36,0.00,0.00,0.000,0.000,0.00
1777907182,loop37,0.00,0.00,0.000,0.000,0.00
1777907182,loop38,0.00,0.00,0.000,0.000,0.00
1777907182,loop39,0.00,0.00,0.000,0.000,0.00
1777907182,loop4,0.00,0.00,0.000,0.000,0.00
1777907182,loop40,0.00,0.00,0.000,0.000,0.00
1777907182,loop5,0.00,0.00,0.000,0.000,0.00
1777907182,loop6,0.00,0.00,0.000,0.000,0.00
1777907182,loop7,0.00,0.00,0.000,0.000,0.00
1777907182,loop8,0.00,0.00,0.000,0.000,0.00
1777907182,loop9,0.00,0.00,0.000,0.000,0.00
1777907182,nvme0n1,0.00,0.00,0.000,0.000,0.00
1777907183,loop0,0.00,0.00,0.000,0.000,0.00
1777907183,loop1,0.00,0.00,0.000,0.000,0.00
1777907183,loop10,0.00,0.00,0.000,0.000,0.00
1777907183,loop11,0.00,0.00,0.000,0.000,0.00
1777907183,loop12,0.00,0.00,0.000,0.000,0.00
1777907183,loop13,0.00,0.00,0.000,0.000,0.00
1777907183,loop14,0.00,0.00,0.000,0.000,0.00
1777907183,loop15,0.00,0.00,0.000,0.000,0.00
1777907183,loop16,0.00,0.00,0.000,0.000,0.00
1777907183,loop17,0.00,0.00,0.000,0.000,0.00
1777907183,loop18,0.00,0.00,0.000,0.000,0.00
1777907183,loop19,0.00,0.00,0.000,0.000,0.00
1777907183,loop2,0.00,0.00,0.000,0.000,0.00
1777907183,loop20,0.00,0.00,0.000,0.000,0.00
1777907183,loop21,0.00,0.00,0.000,0.000,0.00
1777907183,loop22,0.00,0.00,0.000,0.000,0.00
1777907183,loop23,0.00,0.00,0.000,0.000,0.00
1777907183,loop24,0.00,0.00,0.000,0.000,0.00
1777907183,loop25,0.00,0.00,0.000,0.000,0.00
1777907183,loop26,0.00,0.00,0.000,0.000,0.00
1777907183,loop27,0.00,0.00,0.000,0.000,0.00
1777907183,loop28,0.00,0.00,0.000,0.000,0.00
1777907183,loop29,0.00,0.00,0.000,0.000,0.00
1777907183,loop3,0.00,0.00,0.000,0.000,0.00
1777907183,loop30,0.00,0.00,0.000,0.000,0.00
1777907183,loop31,0.00,0.00,0.000,0.000,0.00
1777907183,loop32,0.00,0.00,0.000,0.000,0.00
1777907183,loop33,0.00,0.00,0.000,0.000,0.00
1777907183,loop34,0.00,0.00,0.000,0.000,0.00
1777907183,loop35,0.00,0.00,0.000,0.000,0.00
1777907183,loop36,0.00,0.00,0.000,0.000,0.00
1777907183,loop37,0.00,0.00,0.000,0.000,0.00
1777907183,loop38,0.00,0.00,0.000,0.000,0.00
1777907183,loop39,0.00,0.00,0.000,0.000,0.00
1777907183,loop4,0.00,0.00,0.000,0.000,0.00
1777907183,loop40,0.00,0.00,0.000,0.000,0.00
1777907183,loop5,0.00,0.00,0.000,0.000,0.00
1777907183,loop6,0.00,0.00,0.000,0.000,0.00
1777907183,loop7,0.00,0.00,0.000,0.000,0.00
1777907183,loop8,0.00,0.00,0.000,0.000,0.00
1777907183,loop9,0.00,0.00,0.000,0.000,0.00
1777907183,nvme0n1,0.00,0.00,0.000,0.000,0.00
1777907184,loop0,0.00,0.00,0.000,0.000,0.00
1777907184,loop1,0.00,0.00,0.000,0.000,0.00
1777907184,loop10,0.00,0.00,0.000,0.000,0.00
1777907184,loop11,0.00,0.00,0.000,0.000,0.00
1777907184,loop12,0.00,0.00,0.000,0.000,0.00
1777907184,loop13,0.00,0.00,0.000,0.000,0.00
1777907184,loop14,0.00,0.00,0.000,0.000,0.00
1777907184,loop15,0.00,0.00,0.000,0.000,0.00
1777907184,loop16,0.00,0.00,0.000,0.000,0.00
1777907184,loop17,0.00,0.00,0.000,0.000,0.00
1777907184,loop18,0.00,0.00,0.000,0.000,0.00
1777907184,loop19,0.00,0.00,0.000,0.000,0.00
1777907184,loop2,0.00,0.00,0.000,0.000,0.00
1777907184,loop20,0.00,0.00,0.000,0.000,0.00
1777907184,loop21,0.00,0.00,0.000,0.000,0.00
1777907184,loop22,0.00,0.00,0.000,0.000,0.00
1777907184,loop23,0.00,0.00,0.000,0.000,0.00
1777907184,loop24,0.00,0.00,0.000,0.000,0.00
1777907184,loop25,0.00,0.00,0.000,0.000,0.00
1777907184,loop26,0.00,0.00,0.000,0.000,0.00
1777907184,loop27,0.00,0.00,0.000,0.000,0.00
1777907184,loop28,0.00,0.00,0.000,0.000,0.00
1777907184,loop29,0.00,0.00,0.000,0.000,0.00
1777907184,loop3,0.00,0.00,0.000,0.000,0.00
1777907184,loop30,0.00,0.00,0.000,0.000,0.00
1777907184,loop31,0.00,0.00,0.000,0.000,0.00
1777907184,loop32,0.00,0.00,0.000,0.000,0.00
1777907184,loop33,0.00,0.00,0.000,0.000,0.00
1777907184,loop34,0.00,0.00,0.000,0.000,0.00
1777907184,loop35,0.00,0.00,0.000,0.000,0.00
1777907184,loop36,0.00,0.00,0.000,0.000,0.00
1777907184,loop37,0.00,0.00,0.000,0.000,0.00
1777907184,loop38,0.00,0.00,0.000,0.000,0.00
1777907184,loop39,0.00,0.00,0.000,0.000,0.00
1777907184,loop4,0.00,0.00,0.000,0.000,0.00
1777907184,loop40,0.00,0.00,0.000,0.000,0.00
1777907184,loop5,0.00,0.00,0.000,0.000,0.00
1777907184,loop6,0.00,0.00,0.000,0.000,0.00
1777907184,loop7,0.00,0.00,0.000,0.000,0.00
1777907184,loop8,0.00,0.00,0.000,0.000,0.00
1777907184,loop9,0.00,0.00,0.000,0.000,0.00
1777907184,nvme0n1,0.00,0.00,0.000,0.000,5.30
1777907185,loop0,0.00,0.00,0.000,0.000,0.00
1777907185,loop1,0.00,0.00,0.000,0.000,0.00
1777907185,loop10,0.00,0.00,0.000,0.000,0.00
1777907185,loop11,0.00,0.00,0.000,0.000,0.00
1777907185,loop12,0.00,0.00,0.000,0.000,0.00
1777907185,loop13,0.00,0.00,0.000,0.000,0.00
1777907185,loop14,0.00,0.00,0.000,0.000,0.00
1777907185,loop15,0.00,0.00,0.000,0.000,0.00
1777907185,loop16,0.00,0.00,0.000,0.000,0.00
1777907185,loop17,0.00,0.00,0.000,0.000,0.00
1777907185,loop18,0.00,0.00,0.000,0.000,0.00
1777907185,loop19,0.00,0.00,0.000,0.000,0.00
1777907185,loop2,0.00,0.00,0.000,0.000,0.00
1777907185,loop20,0.00,0.00,0.000,0.000,0.00
1777907185,loop21,0.00,0.00,0.000,0.000,0.00
1777907185,loop22,0.00,0.00,0.000,0.000,0.00
1777907185,loop23,0.00,0.00,0.000,0.000,0.00
1777907185,loop24,0.00,0.00,0.000,0.000,0.00
1777907185,loop25,0.00,0.00,0.000,0.000,0.00
1777907185,loop26,0.00,0.00,0.000,0.000,0.00
1777907185,loop27,0.00,0.00,0.000,0.000,0.00
1777907185,loop28,0.00,0.00,0.000,0.000,0.00
1777907185,loop29,0.00,0.00,0.000,0.000,0.00
1777907185,loop3,0.00,0.00,0.000,0.000,0.00
1777907185,loop30,0.00,0.00,0.000,0.000,0.00
1777907185,loop31,0.00,0.00,0.000,0.000,0.00
1777907185,loop32,0.00,0.00,0.000,0.000,0.00
1777907185,loop33,0.00,0.00,0.000,0.000,0.00
1777907185,loop34,0.00,0.00,0.000,0.000,0.00
1777907185,loop35,0.00,0.00,0.000,0.000,0.00
1777907185,loop36,0.00,0.00,0.000,0.000,0.00
1777907185,loop37,0.00,0.00,0.000,0.000,0.00
1777907185,loop38,0.00,0.00,0.000,0.000,0.00
1777907185,loop39,0.00,0.00,0.000,0.000,0.00
1777907185,loop4,0.00,0.00,0.000,0.000,0.00
1777907185,loop40,0.00,0.00,0.000,0.000,0.00
1777907185,loop5,0.00,0.00,0.000,0.000,0.00
1777907185,loop6,0.00,0.00,0.000,0.000,0.00
1777907185,loop7,0.00,0.00,0.000,0.000,0.00
1777907185,loop8,0.00,0.00,0.000,0.000,0.00
1777907185,loop9,0.00,0.00,0.000,0.000,0.00
1777907185,nvme0n1,0.00,0.00,0.000,0.000,0.60
1777907186,loop0,0.00,0.00,0.000,0.000,0.00
1777907186,loop1,0.00,0.00,0.000,0.000,0.00
1777907186,loop10,0.00,0.00,0.000,0.000,0.00
1777907186,loop11,0.00,0.00,0.000,0.000,0.00
1777907186,loop12,0.00,0.00,0.000,0.000,0.00
1777907186,loop13,0.00,0.00,0.000,0.000,0.00
1777907186,loop14,0.00,0.00,0.000,0.000,0.00
1777907186,loop15,0.00,0.00,0.000,0.000,0.00
1777907186,loop16,0.00,0.00,0.000,0.000,0.00
1777907186,loop17,0.00,0.00,0.000,0.000,0.00
1777907186,loop18,0.00,0.00,0.000,0.000,0.00
1777907186,loop19,0.00,0.00,0.000,0.000,0.00
1777907186,loop2,0.00,0.00,0.000,0.000,0.00
1777907186,loop20,0.00,0.00,0.000,0.000,0.00
1777907186,loop21,0.00,0.00,0.000,0.000,0.00
1777907186,loop22,0.00,0.00,0.000,0.000,0.00
1777907186,loop23,0.00,0.00,0.000,0.000,0.00
1777907186,loop24,0.00,0.00,0.000,0.000,0.00
1777907186,loop25,0.00,0.00,0.000,0.000,0.00
1777907186,loop26,0.00,0.00,0.000,0.000,0.00
1777907186,loop27,0.00,0.00,0.000,0.000,0.00
1777907186,loop28,0.00,0.00,0.000,0.000,0.00
1777907186,loop29,0.00,0.00,0.000,0.000,0.00
1777907186,loop3,0.00,0.00,0.000,0.000,0.00
1777907186,loop30,0.00,0.00,0.000,0.000,0.00
1777907186,loop31,0.00,0.00,0.000,0.000,0.00
1777907186,loop32,0.00,0.00,0.000,0.000,0.00
1777907186,loop33,0.00,0.00,0.000,0.000,0.00
1777907186,loop34,0.00,0.00,0.000,0.000,0.00
1777907186,loop35,0.00,0.00,0.000,0.000,0.00
1777907186,loop36,0.00,0.00,0.000,0.000,0.00
1777907186,loop37,0.00,0.00,0.000,0.000,0.00
1777907186,loop38,0.00,0.00,0.000,0.000,0.00
1777907186,loop39,0.00,0.00,0.000,0.000,0.00
1777907186,loop4,0.00,0.00,0.000,0.000,0.00
1777907186,loop40,0.00,0.00,0.000,0.000,0.00
1777907186,loop5,0.00,0.00,0.000,0.000,0.00
1777907186,loop6,0.00,0.00,0.000,0.000,0.00
1777907186,loop7,0.00,0.00,0.000,0.000,0.00
1777907186,loop8,0.00,0.00,0.000,0.000,0.00
1777907186,loop9,0.00,0.00,0.000,0.000,0.00
1777907186,nvme0n1,0.00,0.00,0.000,0.000,0.00
1777907187,loop0,0.00,0.00,0.000,0.000,0.00
1777907187,loop1,0.00,0.00,0.000,0.000,0.00
1777907187,loop10,0.00,0.00,0.000,0.000,0.00
1777907187,loop11,0.00,0.00,0.000,0.000,0.00
1777907187,loop12,0.00,0.00,0.000,0.000,0.00
1777907187,loop13,0.00,0.00,0.000,0.000,0.00
1777907187,loop14,0.00,0.00,0.000,0.000,0.00
1777907187,loop15,0.00,0.00,0.000,0.000,0.00
1777907187,loop16,0.00,0.00,0.000,0.000,0.00
1777907187,loop17,0.00,0.00,0.000,0.000,0.00
1777907187,loop18,0.00,0.00,0.000,0.000,0.00
1777907187,loop19,0.00,0.00,0.000,0.000,0.00
1777907187,loop2,0.00,0.00,0.000,0.000,0.00
1777907187,loop20,0.00,0.00,0.000,0.000,0.00
1777907187,loop21,0.00,0.00,0.000,0.000,0.00
1777907187,loop22,0.00,0.00,0.000,0.000,0.00
1777907187,loop23,0.00,0.00,0.000,0.000,0.00
1777907187,loop24,0.00,0.00,0.000,0.000,0.00
1777907187,loop25,0.00,0.00,0.000,0.000,0.00
1777907187,loop26,0.00,0.00,0.000,0.000,0.00
1777907187,loop27,0.00,0.00,0.000,0.000,0.00
1777907187,loop28,0.00,0.00,0.000,0.000,0.00
1777907187,loop29,0.00,0.00,0.000,0.000,0.00
1777907187,loop3,0.00,0.00,0.000,0.000,0.00
1777907187,loop30,0.00,0.00,0.000,0.000,0.00
1777907187,loop31,0.00,0.00,0.000,0.000,0.00
1777907187,loop32,0.00,0.00,0.000,0.000,0.00
1777907187,loop33,0.00,0.00,0.000,0.000,0.00
1777907187,loop34,0.00,0.00,0.000,0.000,0.00
1777907187,loop35,0.00,0.00,0.000,0.000,0.00
1777907187,loop36,0.00,0.00,0.000,0.000,0.00
1777907187,loop37,0.00,0.00,0.000,0.000,0.00
1777907187,loop38,0.00,0.00,0.000,0.000,0.00
1777907187,loop39,0.00,0.00,0.000,0.000,0.00
1777907187,loop4,0.00,0.00,0.000,0.000,0.00
1777907187,loop40,0.00,0.00,0.000,0.000,0.00
1777907187,loop5,0.00,0.00,0.000,0.000,0.00
1777907187,loop6,0.00,0.00,0.000,0.000,0.00
1777907187,loop7,0.00,0.00,0.000,0.000,0.00
1777907187,loop8,0.00,0.00,0.000,0.000,0.00
1777907187,loop9,0.00,0.00,0.000,0.000,0.00
1777907187,nvme0n1,0.00,0.00,0.000,0.000,0.00
1777907188,loop0,0.00,0.00,0.000,0.000,0.00
1777907188,loop1,0.00,0.00,0.000,0.000,0.00
1777907188,loop10,0.00,0.00,0.000,0.000,0.00
1777907188,loop11,0.00,0.00,0.000,0.000,0.00
1777907188,loop12,0.00,0.00,0.000,0.000,0.00
1777907188,loop13,0.00,0.00,0.000,0.000,0.00
1777907188,loop14,0.00,0.00,0.000,0.000,0.00
1777907188,loop15,0.00,0.00,0.000,0.000,0.00
1777907188,loop16,0.00,0.00,0.000,0.000,0.00
1777907188,loop17,0.00,0.00,0.000,0.000,0.00
1777907188,loop18,0.00,0.00,0.000,0.000,0.00
1777907188,loop19,0.00,0.00,0.000,0.000,0.00
1777907188,loop2,0.00,0.00,0.000,0.000,0.00
1777907188,loop20,0.00,0.00,0.000,0.000,0.00
1777907188,loop21,0.00,0.00,0.000,0.000,0.00
1777907188,loop22,0.00,0.00,0.000,0.000,0.00
1777907188,loop23,0.00,0.00,0.000,0.000,0.00
1777907188,loop24,0.00,0.00,0.000,0.000,0.00
1777907188,loop25,0.00,0.00,0.000,0.000,0.00
1777907188,loop26,0.00,0.00,0.000,0.000,0.00
1777907188,loop27,0.00,0.00,0.000,0.000,0.00
1777907188,loop28,0.00,0.00,0.000,0.000,0.00
1777907188,loop29,0.00,0.00,0.000,0.000,0.00
1777907188,loop3,0.00,0.00,0.000,0.000,0.00
1777907188,loop30,0.00,0.00,0.000,0.000,0.00
1777907188,loop31,0.00,0.00,0.000,0.000,0.00
1777907188,loop32,0.00,0.00,0.000,0.000,0.00
1777907188,loop33,0.00,0.00,0.000,0.000,0.00
1777907188,loop34,0.00,0.00,0.000,0.000,0.00
1777907188,loop35,0.00,0.00,0.000,0.000,0.00
1777907188,loop36,0.00,0.00,0.000,0.000,0.00
1777907188,loop37,0.00,0.00,0.000,0.000,0.00
1777907188,loop38,0.00,0.00,0.000,0.000,0.00
1777907188,loop39,0.00,0.00,0.000,0.000,0.00
1777907188,loop4,0.00,0.00,0.000,0.000,0.00
1777907188,loop40,0.00,0.00,0.000,0.000,0.00
1777907188,loop5,0.00,0.00,0.000,0.000,0.00
1777907188,loop6,0.00,0.00,0.000,0.000,0.00
1777907188,loop7,0.00,0.00,0.000,0.000,0.00
1777907188,loop8,0.00,0.00,0.000,0.000,0.00
1777907188,loop9,0.00,0.00,0.000,0.000,0.00
1777907188,nvme0n1,0.00,0.00,0.000,0.000,0.00
1777907189,loop0,0.00,0.00,0.000,0.000,0.00
1777907189,loop1,0.00,0.00,0.000,0.000,0.00
1777907189,loop10,0.00,0.00,0.000,0.000,0.00
1777907189,loop11,0.00,0.00,0.000,0.000,0.00
1777907189,loop12,0.00,0.00,0.000,0.000,0.00
1777907189,loop13,0.00,0.00,0.000,0.000,0.00
1777907189,loop14,0.00,0.00,0.000,0.000,0.00
1777907189,loop15,0.00,0.00,0.000,0.000,0.00
1777907189,loop16,0.00,0.00,0.000,0.000,0.00
1777907189,loop17,0.00,0.00,0.000,0.000,0.00
1777907189,loop18,0.00,0.00,0.000,0.000,0.00
1777907189,loop19,0.00,0.00,0.000,0.000,0.00
1777907189,loop2,0.00,0.00,0.000,0.000,0.00
1777907189,loop20,0.00,0.00,0.000,0.000,0.00
1777907189,loop21,0.00,0.00,0.000,0.000,0.00
1777907189,loop22,0.00,0.00,0.000,0.000,0.00
1777907189,loop23,0.00,0.00,0.000,0.000,0.00
1777907189,loop24,0.00,0.00,0.000,0.000,0.00
1777907189,loop25,0.00,0.00,0.000,0.000,0.00
1777907189,loop26,0.00,0.00,0.000,0.000,0.00
1777907189,loop27,0.00,0.00,0.000,0.000,0.00
1777907189,loop28,0.00,0.00,0.000,0.000,0.00
1777907189,loop29,0.00,0.00,0.000,0.000,0.00
1777907189,loop3,0.00,0.00,0.000,0.000,0.00
1777907189,loop30,0.00,0.00,0.000,0.000,0.00
1777907189,loop31,0.00,0.00,0.000,0.000,0.00
1777907189,loop32,0.00,0.00,0.000,0.000,0.00
1777907189,loop33,0.00,0.00,0.000,0.000,0.00
1777907189,loop34,0.00,0.00,0.000,0.000,0.00
1777907189,loop35,0.00,0.00,0.000,0.000,0.00
1777907189,loop36,0.00,0.00,0.000,0.000,0.00
1777907189,loop37,0.00,0.00,0.000,0.000,0.00
1777907189,loop38,0.00,0.00,0.000,0.000,0.00
1777907189,loop39,0.00,0.00,0.000,0.000,0.00
1777907189,loop4,0.00,0.00,0.000,0.000,0.00
1777907189,loop40,0.00,0.00,0.000,0.000,0.00
1777907189,loop5,0.00,0.00,0.000,0.000,0.00
1777907189,loop6,0.00,0.00,0.000,0.000,0.00
1777907189,loop7,0.00,0.00,0.000,0.000,0.00
1777907189,loop8,0.00,0.00,0.000,0.000,0.00
1777907189,loop9,0.00,0.00,0.000,0.000,0.00
1777907189,nvme0n1,0.00,0.00,0.000,0.000,2.00
1777907190,loop0,0.00,0.00,0.000,0.000,0.00
1777907190,loop1,0.00,0.00,0.000,0.000,0.00
1777907190,loop10,0.00,0.00,0.000,0.000,0.00
1777907190,loop11,0.00,0.00,0.000,0.000,0.00
1777907190,loop12,0.00,0.00,0.000,0.000,0.00
1777907190,loop13,0.00,0.00,0.000,0.000,0.00
1777907190,loop14,0.00,0.00,0.000,0.000,0.00
1777907190,loop15,0.00,0.00,0.000,0.000,0.00
1777907190,loop16,0.00,0.00,0.000,0.000,0.00
1777907190,loop17,0.00,0.00,0.000,0.000,0.00
1777907190,loop18,0.00,0.00,0.000,0.000,0.00
1777907190,loop19,0.00,0.00,0.000,0.000,0.00
1777907190,loop2,0.00,0.00,0.000,0.000,0.00
1777907190,loop20,0.00,0.00,0.000,0.000,0.00
1777907190,loop21,0.00,0.00,0.000,0.000,0.00
1777907190,loop22,0.00,0.00,0.000,0.000,0.00
1777907190,loop23,0.00,0.00,0.000,0.000,0.00
1777907190,loop24,0.00,0.00,0.000,0.000,0.00
1777907190,loop25,0.00,0.00,0.000,0.000,0.00
1777907190,loop26,0.00,0.00,0.000,0.000,0.00
1777907190,loop27,0.00,0.00,0.000,0.000,0.00
1777907190,loop28,0.00,0.00,0.000,0.000,0.00
1777907190,loop29,0.00,0.00,0.000,0.000,0.00
1777907190,loop3,0.00,0.00,0.000,0.000,0.00
1777907190,loop30,0.00,0.00,0.000,0.000,0.00
1777907190,loop31,0.00,0.00,0.000,0.000,0.00
1777907190,loop32,0.00,0.00,0.000,0.000,0.00
1777907190,loop33,0.00,0.00,0.000,0.000,0.00
1777907190,loop34,0.00,0.00,0.000,0.000,0.00
1777907190,loop35,0.00,0.00,0.000,0.000,0.00
1777907190,loop36,0.00,0.00,0.000,0.000,0.00
1777907190,loop37,0.00,0.00,0.000,0.000,0.00
1777907190,loop38,0.00,0.00,0.000,0.000,0.00
1777907190,loop39,0.00,0.00,0.000,0.000,0.00
1777907190,loop4,0.00,0.00,0.000,0.000,0.00
1777907190,loop40,0.00,0.00,0.000,0.000,0.00
1777907190,loop5,0.00,0.00,0.000,0.000,0.00
1777907190,loop6,0.00,0.00,0.000,0.000,0.00
1777907190,loop7,0.00,0.00,0.000,0.000,0.00
1777907190,loop8,0.00,0.00,0.000,0.000,0.00
1777907190,loop9,0.00,0.00,0.000,0.000,0.00
1777907190,nvme0n1,0.00,0.00,0.000,0.000,0.80
1777907191,loop0,0.00,0.00,0.000,0.000,0.00
1777907191,loop1,0.00,0.00,0.000,0.000,0.00
1777907191,loop10,0.00,0.00,0.000,0.000,0.00
1777907191,loop11,0.00,0.00,0.000,0.000,0.00
1777907191,loop12,0.00,0.00,0.000,0.000,0.00
1777907191,loop13,0.00,0.00,0.000,0.000,0.00
1777907191,loop14,0.00,0.00,0.000,0.000,0.00
1777907191,loop15,0.00,0.00,0.000,0.000,0.00
1777907191,loop16,0.00,0.00,0.000,0.000,0.00
1777907191,loop17,0.00,0.00,0.000,0.000,0.00
1777907191,loop18,0.00,0.00,0.000,0.000,0.00
1777907191,loop19,0.00,0.00,0.000,0.000,0.00
1777907191,loop2,0.00,0.00,0.000,0.000,0.00
1777907191,loop20,0.00,0.00,0.000,0.000,0.00
1777907191,loop21,0.00,0.00,0.000,0.000,0.00
1777907191,loop22,0.00,0.00,0.000,0.000,0.00
1777907191,loop23,0.00,0.00,0.000,0.000,0.00
1777907191,loop24,0.00,0.00,0.000,0.000,0.00
1777907191,loop25,0.00,0.00,0.000,0.000,0.00
1777907191,loop26,0.00,0.00,0.000,0.000,0.00
1777907191,loop27,0.00,0.00,0.000,0.000,0.00
1777907191,loop28,0.00,0.00,0.000,0.000,0.00
1777907191,loop29,0.00,0.00,0.000,0.000,0.00
1777907191,loop3,0.00,0.00,0.000,0.000,0.00
1777907191,loop30,0.00,0.00,0.000,0.000,0.00
1777907191,loop31,0.00,0.00,0.000,0.000,0.00
1777907191,loop32,0.00,0.00,0.000,0.000,0.00
1777907191,loop33,0.00,0.00,0.000,0.000,0.00
1777907191,loop34,0.00,0.00,0.000,0.000,0.00
1777907191,loop35,0.00,0.00,0.000,0.000,0.00
1777907191,loop36,0.00,0.00,0.000,0.000,0.00
1777907191,loop37,0.00,0.00,0.000,0.000,0.00
1777907191,loop38,0.00,0.00,0.000,0.000,0.00
1777907191,loop39,0.00,0.00,0.000,0.000,0.00
1777907191,loop4,0.00,0.00,0.000,0.000,0.00
1777907191,loop40,0.00,0.00,0.000,0.000,0.00
1777907191,loop5,0.00,0.00,0.000,0.000,0.00
1777907191,loop6,0.00,0.00,0.000,0.000,0.00
1777907191,loop7,0.00,0.00,0.000,0.000,0.00
1777907191,loop8,0.00,0.00,0.000,0.000,0.00
1777907191,loop9,0.00,0.00,0.000,0.000,0.00
1777907191,nvme0n1,0.00,0.00,0.000,0.000,0.00
1777907192,loop0,0.00,0.00,0.000,0.000,0.00
1777907192,loop1,0.00,0.00,0.000,0.000,0.00
1777907192,loop10,0.00,0.00,0.000,0.000,0.00
1777907192,loop11,0.00,0.00,0.000,0.000,0.00
1777907192,loop12,0.00,0.00,0.000,0.000,0.00
1777907192,loop13,0.00,0.00,0.000,0.000,0.00
1777907192,loop14,0.00,0.00,0.000,0.000,0.00
1777907192,loop15,0.00,0.00,0.000,0.000,0.00
1777907192,loop16,0.00,0.00,0.000,0.000,0.00
1777907192,loop17,0.00,0.00,0.000,0.000,0.00
1777907192,loop18,0.00,0.00,0.000,0.000,0.00
1777907192,loop19,0.00,0.00,0.000,0.000,0.00
1777907192,loop2,0.00,0.00,0.000,0.000,0.00
1777907192,loop20,0.00,0.00,0.000,0.000,0.00
1777907192,loop21,0.00,0.00,0.000,0.000,0.00
1777907192,loop22,0.00,0.00,0.000,0.000,0.00
1777907192,loop23,0.00,0.00,0.000,0.000,0.00
1777907192,loop24,0.00,0.00,0.000,0.000,0.00
1777907192,loop25,0.00,0.00,0.000,0.000,0.00
1777907192,loop26,0.00,0.00,0.000,0.000,0.00
1777907192,loop27,0.00,0.00,0.000,0.000,0.00
1777907192,loop28,0.00,0.00,0.000,0.000,0.00
1777907192,loop29,0.00,0.00,0.000,0.000,0.00
1777907192,loop3,0.00,0.00,0.000,0.000,0.00
1777907192,loop30,0.00,0.00,0.000,0.000,0.00
1777907192,loop31,0.00,0.00,0.000,0.000,0.00
1777907192,loop32,0.00,0.00,0.000,0.000,0.00
1777907192,loop33,0.00,0.00,0.000,0.000,0.00
1777907192,loop34,0.00,0.00,0.000,0.000,0.00
1777907192,loop35,0.00,0.00,0.000,0.000,0.00
1777907192,loop36,0.00,0.00,0.000,0.000,0.00
1777907192,loop37,0.00,0.00,0.000,0.000,0.00
1777907192,loop38,0.00,0.00,0.000,0.000,0.00
1777907192,loop39,0.00,0.00,0.000,0.000,0.00
1777907192,loop4,0.00,0.00,0.000,0.000,0.00
1777907192,loop40,0.00,0.00,0.000,0.000,0.00
1777907192,loop5,0.00,0.00,0.000,0.000,0.00
1777907192,loop6,0.00,0.00,0.000,0.000,0.00
1777907192,loop7,0.00,0.00,0.000,0.000,0.00
1777907192,loop8,0.00,0.00,0.000,0.000,0.00
1777907192,loop9,0.00,0.00,0.000,0.000,0.00
1777907192,nvme0n1,0.00,0.00,0.000,0.000,0.00
1777907193,loop0,0.00,0.00,0.000,0.000,0.00
1777907193,loop1,0.00,0.00,0.000,0.000,0.00
1777907193,loop10,0.00,0.00,0.000,0.000,0.00
1777907193,loop11,0.00,0.00,0.000,0.000,0.00
1777907193,loop12,0.00,0.00,0.000,0.000,0.00
1777907193,loop13,0.00,0.00,0.000,0.000,0.00
1777907193,loop14,0.00,0.00,0.000,0.000,0.00
1777907193,loop15,0.00,0.00,0.000,0.000,0.00
1777907193,loop16,0.00,0.00,0.000,0.000,0.00
1777907193,loop17,0.00,0.00,0.000,0.000,0.00
1777907193,loop18,0.00,0.00,0.000,0.000,0.00
1777907193,loop19,0.00,0.00,0.000,0.000,0.00
1777907193,loop2,0.00,0.00,0.000,0.000,0.00
1777907193,loop20,0.00,0.00,0.000,0.000,0.00
1777907193,loop21,0.00,0.00,0.000,0.000,0.00
1777907193,loop22,0.00,0.00,0.000,0.000,0.00
1777907193,loop23,0.00,0.00,0.000,0.000,0.00
1777907193,loop24,0.00,0.00,0.000,0.000,0.00
1777907193,loop25,0.00,0.00,0.000,0.000,0.00
1777907193,loop26,0.00,0.00,0.000,0.000,0.00
1777907193,loop27,0.00,0.00,0.000,0.000,0.00
1777907193,loop28,0.00,0.00,0.000,0.000,0.00
1777907193,loop29,0.00,0.00,0.000,0.000,0.00
1777907193,loop3,0.00,0.00,0.000,0.000,0.00
1777907193,loop30,0.00,0.00,0.000,0.000,0.00
1777907193,loop31,0.00,0.00,0.000,0.000,0.00
1777907193,loop32,0.00,0.00,0.000,0.000,0.00
1777907193,loop33,0.00,0.00,0.000,0.000,0.00
1777907193,loop34,0.00,0.00,0.000,0.000,0.00
1777907193,loop35,0.00,0.00,0.000,0.000,0.00
1777907193,loop36,0.00,0.00,0.000,0.000,0.00
1777907193,loop37,0.00,0.00,0.000,0.000,0.00
1777907193,loop38,0.00,0.00,0.000,0.000,0.00
1777907193,loop39,0.00,0.00,0.000,0.000,0.00
1777907193,loop4,0.00,0.00,0.000,0.000,0.00
1777907193,loop40,0.00,0.00,0.000,0.000,0.00
1777907193,loop5,0.00,0.00,0.000,0.000,0.00
1777907193,loop6,0.00,0.00,0.000,0.000,0.00
1777907193,loop7,0.00,0.00,0.000,0.000,0.00
1777907193,loop8,0.00,0.00,0.000,0.000,0.00
1777907193,loop9,0.00,0.00,0.000,0.000,0.00
1777907193,nvme0n1,0.00,0.00,0.000,0.000,0.00
1777907194,loop0,0.00,0.00,0.000,0.000,0.00
1777907194,loop1,0.00,0.00,0.000,0.000,0.00
1777907194,loop10,0.00,0.00,0.000,0.000,0.00
1777907194,loop11,0.00,0.00,0.000,0.000,0.00
1777907194,loop12,0.00,0.00,0.000,0.000,0.00
1777907194,loop13,0.00,0.00,0.000,0.000,0.00
1777907194,loop14,0.00,0.00,0.000,0.000,0.00
1777907194,loop15,0.00,0.00,0.000,0.000,0.00
1777907194,loop16,0.00,0.00,0.000,0.000,0.00
1777907194,loop17,0.00,0.00,0.000,0.000,0.00
1777907194,loop18,0.00,0.00,0.000,0.000,0.00
1777907194,loop19,0.00,0.00,0.000,0.000,0.00
1777907194,loop2,0.00,0.00,0.000,0.000,0.00
1777907194,loop20,0.00,0.00,0.000,0.000,0.00
1777907194,loop21,0.00,0.00,0.000,0.000,0.00
1777907194,loop22,0.00,0.00,0.000,0.000,0.00
1777907194,loop23,0.00,0.00,0.000,0.000,0.00
1777907194,loop24,0.00,0.00,0.000,0.000,0.00
1777907194,loop25,0.00,0.00,0.000,0.000,0.00
1777907194,loop26,0.00,0.00,0.000,0.000,0.00
1777907194,loop27,0.00,0.00,0.000,0.000,0.00
1777907194,loop28,0.00,0.00,0.000,0.000,0.00
1777907194,loop29,0.00,0.00,0.000,0.000,0.00
1777907194,loop3,0.00,0.00,0.000,0.000,0.00
1777907194,loop30,0.00,0.00,0.000,0.000,0.00
1777907194,loop31,0.00,0.00,0.000,0.000,0.00
1777907194,loop32,0.00,0.00,0.000,0.000,0.00
1777907194,loop33,0.00,0.00,0.000,0.000,0.00
1777907194,loop34,0.00,0.00,0.000,0.000,0.00
1777907194,loop35,0.00,0.00,0.000,0.000,0.00
1777907194,loop36,0.00,0.00,0.000,0.000,0.00
1777907194,loop37,0.00,0.00,0.000,0.000,0.00
1777907194,loop38,0.00,0.00,0.000,0.000,0.00
1777907194,loop39,0.00,0.00,0.000,0.000,0.00
1777907194,loop4,0.00,0.00,0.000,0.000,0.00
1777907194,loop40,0.00,0.00,0.000,0.000,0.00
1777907194,loop5,0.00,0.00,0.000,0.000,0.00
1777907194,loop6,0.00,0.00,0.000,0.000,0.00
1777907194,loop7,0.00,0.00,0.000,0.000,0.00
1777907194,loop8,0.00,0.00,0.000,0.000,0.00
1777907194,loop9,0.00,0.00,0.000,0.000,0.00
1777907194,nvme0n1,0.00,0.00,0.000,0.000,2.10
1777907195,loop0,0.00,0.00,0.000,0.000,0.00
1777907195,loop1,0.00,0.00,0.000,0.000,0.00
1777907195,loop10,0.00,0.00,0.000,0.000,0.00
1777907195,loop11,0.00,0.00,0.000,0.000,0.00
1777907195,loop12,0.00,0.00,0.000,0.000,0.00
1777907195,loop13,0.00,0.00,0.000,0.000,0.00
1777907195,loop14,0.00,0.00,0.000,0.000,0.00
1777907195,loop15,0.00,0.00,0.000,0.000,0.00
1777907195,loop16,0.00,0.00,0.000,0.000,0.00
1777907195,loop17,0.00,0.00,0.000,0.000,0.00
1777907195,loop18,0.00,0.00,0.000,0.000,0.00
1777907195,loop19,0.00,0.00,0.000,0.000,0.00
1777907195,loop2,0.00,0.00,0.000,0.000,0.00
1777907195,loop20,0.00,0.00,0.000,0.000,0.00
1777907195,loop21,0.00,0.00,0.000,0.000,0.00
1777907195,loop22,0.00,0.00,0.000,0.000,0.00
1777907195,loop23,0.00,0.00,0.000,0.000,0.00
1777907195,loop24,0.00,0.00,0.000,0.000,0.00
1777907195,loop25,0.00,0.00,0.000,0.000,0.00
1777907195,loop26,0.00,0.00,0.000,0.000,0.00
1777907195,loop27,0.00,0.00,0.000,0.000,0.00
1777907195,loop28,0.00,0.00,0.000,0.000,0.00
1777907195,loop29,0.00,0.00,0.000,0.000,0.00
1777907195,loop3,0.00,0.00,0.000,0.000,0.00
1777907195,loop30,0.00,0.00,0.000,0.000,0.00
1777907195,loop31,0.00,0.00,0.000,0.000,0.00
1777907195,loop32,0.00,0.00,0.000,0.000,0.00
1777907195,loop33,0.00,0.00,0.000,0.000,0.00
1777907195,loop34,0.00,0.00,0.000,0.000,0.00
1777907195,loop35,0.00,0.00,0.000,0.000,0.00
1777907195,loop36,0.00,0.00,0.000,0.000,0.00
1777907195,loop37,0.00,0.00,0.000,0.000,0.00
1777907195,loop38,0.00,0.00,0.000,0.000,0.00
1777907195,loop39,0.00,0.00,0.000,0.000,0.00
1777907195,loop4,0.00,0.00,0.000,0.000,0.00
1777907195,loop40,0.00,0.00,0.000,0.000,0.00
1777907195,loop5,0.00,0.00,0.000,0.000,0.00
1777907195,loop6,0.00,0.00,0.000,0.000,0.00
1777907195,loop7,0.00,0.00,0.000,0.000,0.00
1777907195,loop8,0.00,0.00,0.000,0.000,0.00
1777907195,loop9,0.00,0.00,0.000,0.000,0.00
1777907195,nvme0n1,0.00,0.00,0.000,0.000,0.30
1777907196,loop0,0.00,0.00,0.000,0.000,0.00
1777907196,loop1,0.00,0.00,0.000,0.000,0.00
1777907196,loop10,0.00,0.00,0.000,0.000,0.00
1777907196,loop11,0.00,0.00,0.000,0.000,0.00
1777907196,loop12,0.00,0.00,0.000,0.000,0.00
1777907196,loop13,0.00,0.00,0.000,0.000,0.00
1777907196,loop14,0.00,0.00,0.000,0.000,0.00
1777907196,loop15,0.00,0.00,0.000,0.000,0.00
1777907196,loop16,0.00,0.00,0.000,0.000,0.00
1777907196,loop17,0.00,0.00,0.000,0.000,0.00
1777907196,loop18,0.00,0.00,0.000,0.000,0.00
1777907196,loop19,0.00,0.00,0.000,0.000,0.00
1777907196,loop2,0.00,0.00,0.000,0.000,0.00
1777907196,loop20,0.00,0.00,0.000,0.000,0.00
1777907196,loop21,0.00,0.00,0.000,0.000,0.00
1777907196,loop22,0.00,0.00,0.000,0.000,0.00
1777907196,loop23,0.00,0.00,0.000,0.000,0.00
1777907196,loop24,0.00,0.00,0.000,0.000,0.00
1777907196,loop25,0.00,0.00,0.000,0.000,0.00
1777907196,loop26,0.00,0.00,0.000,0.000,0.00
1777907196,loop27,0.00,0.00,0.000,0.000,0.00
1777907196,loop28,0.00,0.00,0.000,0.000,0.00
1777907196,loop29,0.00,0.00,0.000,0.000,0.00
1777907196,loop3,0.00,0.00,0.000,0.000,0.00
1777907196,loop30,0.00,0.00,0.000,0.000,0.00
1777907196,loop31,0.00,0.00,0.000,0.000,0.00
1777907196,loop32,0.00,0.00,0.000,0.000,0.00
1777907196,loop33,0.00,0.00,0.000,0.000,0.00
1777907196,loop34,0.00,0.00,0.000,0.000,0.00
1777907196,loop35,0.00,0.00,0.000,0.000,0.00
1777907196,loop36,0.00,0.00,0.000,0.000,0.00
1777907196,loop37,0.00,0.00,0.000,0.000,0.00
1777907196,loop38,0.00,0.00,0.000,0.000,0.00
1777907196,loop39,0.00,0.00,0.000,0.000,0.00
1777907196,loop4,0.00,0.00,0.000,0.000,0.00
1777907196,loop40,0.00,0.00,0.000,0.000,0.00
1777907196,loop5,0.00,0.00,0.000,0.000,0.00
1777907196,loop6,0.00,0.00,0.000,0.000,0.00
1777907196,loop7,0.00,0.00,0.000,0.000,0.00
1777907196,loop8,0.00,0.00,0.000,0.000,0.00
1777907196,loop9,0.00,0.00,0.000,0.000,0.00
1777907196,nvme0n1,0.00,0.00,0.000,0.000,0.60
1777907197,loop0,0.00,0.00,0.000,0.000,0.00
1777907197,loop1,0.00,0.00,0.000,0.000,0.00
1777907197,loop10,0.00,0.00,0.000,0.000,0.00
1777907197,loop11,0.00,0.00,0.000,0.000,0.00
1777907197,loop12,0.00,0.00,0.000,0.000,0.00
1777907197,loop13,0.00,0.00,0.000,0.000,0.00
1777907197,loop14,0.00,0.00,0.000,0.000,0.00
1777907197,loop15,0.00,0.00,0.000,0.000,0.00
1777907197,loop16,0.00,0.00,0.000,0.000,0.00
1777907197,loop17,0.00,0.00,0.000,0.000,0.00
1777907197,loop18,0.00,0.00,0.000,0.000,0.00
1777907197,loop19,0.00,0.00,0.000,0.000,0.00
1777907197,loop2,0.00,0.00,0.000,0.000,0.00
1777907197,loop20,0.00,0.00,0.000,0.000,0.00
1777907197,loop21,0.00,0.00,0.000,0.000,0.00
1777907197,loop22,0.00,0.00,0.000,0.000,0.00
1777907197,loop23,0.00,0.00,0.000,0.000,0.00
1777907197,loop24,0.00,0.00,0.000,0.000,0.00
1777907197,loop25,0.00,0.00,0.000,0.000,0.00
1777907197,loop26,0.00,0.00,0.000,0.000,0.00
1777907197,loop27,0.00,0.00,0.000,0.000,0.00
1777907197,loop28,0.00,0.00,0.000,0.000,0.00
1777907197,loop29,0.00,0.00,0.000,0.000,0.00
1777907197,loop3,0.00,0.00,0.000,0.000,0.00
1777907197,loop30,0.00,0.00,0.000,0.000,0.00
1777907197,loop31,0.00,0.00,0.000,0.000,0.00
1777907197,loop32,0.00,0.00,0.000,0.000,0.00
1777907197,loop33,0.00,0.00,0.000,0.000,0.00
1777907197,loop34,0.00,0.00,0.000,0.000,0.00
1777907197,loop35,0.00,0.00,0.000,0.000,0.00
1777907197,loop36,0.00,0.00,0.000,0.000,0.00
1777907197,loop37,0.00,0.00,0.000,0.000,0.00
1777907197,loop38,0.00,0.00,0.000,0.000,0.00
1777907197,loop39,0.00,0.00,0.000,0.000,0.00
1777907197,loop4,0.00,0.00,0.000,0.000,0.00
1777907197,loop40,0.00,0.00,0.000,0.000,0.00
1777907197,loop5,0.00,0.00,0.000,0.000,0.00
1777907197,loop6,0.00,0.00,0.000,0.000,0.00
1777907197,loop7,0.00,0.00,0.000,0.000,0.00
1777907197,loop8,0.00,0.00,0.000,0.000,0.00
1777907197,loop9,0.00,0.00,0.000,0.000,0.00
1777907197,nvme0n1,0.00,0.00,0.000,0.000,0.00
1777907198,loop0,0.00,0.00,0.000,0.000,0.00
1777907198,loop1,0.00,0.00,0.000,0.000,0.00
1777907198,loop10,0.00,0.00,0.000,0.000,0.00
1777907198,loop11,0.00,0.00,0.000,0.000,0.00
1777907198,loop12,0.00,0.00,0.000,0.000,0.00
1777907198,loop13,0.00,0.00,0.000,0.000,0.00
1777907198,loop14,0.00,0.00,0.000,0.000,0.00
1777907198,loop15,0.00,0.00,0.000,0.000,0.00
1777907198,loop16,0.00,0.00,0.000,0.000,0.00
1777907198,loop17,0.00,0.00,0.000,0.000,0.00
1777907198,loop18,0.00,0.00,0.000,0.000,0.00
1777907198,loop19,0.00,0.00,0.000,0.000,0.00
1777907198,loop2,0.00,0.00,0.000,0.000,0.00
1777907198,loop20,0.00,0.00,0.000,0.000,0.00
1777907198,loop21,0.00,0.00,0.000,0.000,0.00
1777907198,loop22,0.00,0.00,0.000,0.000,0.00
1777907198,loop23,0.00,0.00,0.000,0.000,0.00
1777907198,loop24,0.00,0.00,0.000,0.000,0.00
1777907198,loop25,0.00,0.00,0.000,0.000,0.00
1777907198,loop26,0.00,0.00,0.000,0.000,0.00
1777907198,loop27,0.00,0.00,0.000,0.000,0.00
1777907198,loop28,0.00,0.00,0.000,0.000,0.00
1777907198,loop29,0.00,0.00,0.000,0.000,0.00
1777907198,loop3,0.00,0.00,0.000,0.000,0.00
1777907198,loop30,0.00,0.00,0.000,0.000,0.00
1777907198,loop31,0.00,0.00,0.000,0.000,0.00
1777907198,loop32,0.00,0.00,0.000,0.000,0.00
1777907198,loop33,0.00,0.00,0.000,0.000,0.00
1777907198,loop34,0.00,0.00,0.000,0.000,0.00
1777907198,loop35,0.00,0.00,0.000,0.000,0.00
1777907198,loop36,0.00,0.00,0.000,0.000,0.00
1777907198,loop37,0.00,0.00,0.000,0.000,0.00
1777907198,loop38,0.00,0.00,0.000,0.000,0.00
1777907198,loop39,0.00,0.00,0.000,0.000,0.00
1777907198,loop4,0.00,0.00,0.000,0.000,0.00
1777907198,loop40,0.00,0.00,0.000,0.000,0.00
1777907198,loop5,0.00,0.00,0.000,0.000,0.00
1777907198,loop6,0.00,0.00,0.000,0.000,0.00
1777907198,loop7,0.00,0.00,0.000,0.000,0.00
1777907198,loop8,0.00,0.00,0.000,0.000,0.00
1777907198,loop9,0.00,0.00,0.000,0.000,0.00
1777907198,nvme0n1,0.00,0.00,0.000,0.000,0.00
1777907199,loop0,0.00,0.00,0.000,0.000,0.00
1777907199,loop1,0.00,0.00,0.000,0.000,0.00
1777907199,loop10,0.00,0.00,0.000,0.000,0.00
1777907199,loop11,0.00,0.00,0.000,0.000,0.00
1777907199,loop12,0.00,0.00,0.000,0.000,0.00
1777907199,loop13,0.00,0.00,0.000,0.000,0.00
1777907199,loop14,0.00,0.00,0.000,0.000,0.00
1777907199,loop15,0.00,0.00,0.000,0.000,0.00
1777907199,loop16,0.00,0.00,0.000,0.000,0.00
1777907199,loop17,0.00,0.00,0.000,0.000,0.00
1777907199,loop18,0.00,0.00,0.000,0.000,0.00
1777907199,loop19,0.00,0.00,0.000,0.000,0.00
1777907199,loop2,0.00,0.00,0.000,0.000,0.00
1777907199,loop20,0.00,0.00,0.000,0.000,0.00
1777907199,loop21,0.00,0.00,0.000,0.000,0.00
1777907199,loop22,0.00,0.00,0.000,0.000,0.00
1777907199,loop23,0.00,0.00,0.000,0.000,0.00
1777907199,loop24,0.00,0.00,0.000,0.000,0.00
1777907199,loop25,0.00,0.00,0.000,0.000,0.00
1777907199,loop26,0.00,0.00,0.000,0.000,0.00
1777907199,loop27,0.00,0.00,0.000,0.000,0.00
1777907199,loop28,0.00,0.00,0.000,0.000,0.00
1777907199,loop29,0.00,0.00,0.000,0.000,0.00
1777907199,loop3,0.00,0.00,0.000,0.000,0.00
1777907199,loop30,0.00,0.00,0.000,0.000,0.00
1777907199,loop31,0.00,0.00,0.000,0.000,0.00
1777907199,loop32,0.00,0.00,0.000,0.000,0.00
1777907199,loop33,0.00,0.00,0.000,0.000,0.00
1777907199,loop34,0.00,0.00,0.000,0.000,0.00
1777907199,loop35,0.00,0.00,0.000,0.000,0.00
1777907199,loop36,0.00,0.00,0.000,0.000,0.00
1777907199,loop37,0.00,0.00,0.000,0.000,0.00
1777907199,loop38,0.00,0.00,0.000,0.000,0.00
1777907199,loop39,0.00,0.00,0.000,0.000,0.00
1777907199,loop4,0.00,0.00,0.000,0.000,0.00
1777907199,loop40,0.00,0.00,0.000,0.000,0.00
1777907199,loop5,0.00,0.00,0.000,0.000,0.00
1777907199,loop6,0.00,0.00,0.000,0.000,0.00
1777907199,loop7,0.00,0.00,0.000,0.000,0.00
1777907199,loop8,0.00,0.00,0.000,0.000,0.00
1777907199,loop9,0.00,0.00,0.000,0.000,0.00
1777907199,nvme0n1,0.00,0.00,0.000,0.000,2.10
1777907200,loop0,0.00,0.00,0.000,0.000,0.00
1777907200,loop1,0.00,0.00,0.000,0.000,0.00
1777907200,loop10,0.00,0.00,0.000,0.000,0.00
1777907200,loop11,0.00,0.00,0.000,0.000,0.00
1777907200,loop12,0.00,0.00,0.000,0.000,0.00
1777907200,loop13,0.00,0.00,0.000,0.000,0.00
1777907200,loop14,0.00,0.00,0.000,0.000,0.00
1777907200,loop15,0.00,0.00,0.000,0.000,0.00
1777907200,loop16,0.00,0.00,0.000,0.000,0.00
1777907200,loop17,0.00,0.00,0.000,0.000,0.00
1777907200,loop18,0.00,0.00,0.000,0.000,0.00
1777907200,loop19,0.00,0.00,0.000,0.000,0.00
1777907200,loop2,0.00,0.00,0.000,0.000,0.00
1777907200,loop20,0.00,0.00,0.000,0.000,0.00
1777907200,loop21,0.00,0.00,0.000,0.000,0.00
1777907200,loop22,0.00,0.00,0.000,0.000,0.00
1777907200,loop23,0.00,0.00,0.000,0.000,0.00
1777907200,loop24,0.00,0.00,0.000,0.000,0.00
1777907200,loop25,0.00,0.00,0.000,0.000,0.00
1777907200,loop26,0.00,0.00,0.000,0.000,0.00
1777907200,loop27,0.00,0.00,0.000,0.000,0.00
1777907200,loop28,0.00,0.00,0.000,0.000,0.00
1777907200,loop29,0.00,0.00,0.000,0.000,0.00
1777907200,loop3,0.00,0.00,0.000,0.000,0.00
1777907200,loop30,0.00,0.00,0.000,0.000,0.00
1777907200,loop31,0.00,0.00,0.000,0.000,0.00
1777907200,loop32,0.00,0.00,0.000,0.000,0.00
1777907200,loop33,0.00,0.00,0.000,0.000,0.00
1777907200,loop34,0.00,0.00,0.000,0.000,0.00
1777907200,loop35,0.00,0.00,0.000,0.000,0.00
1777907200,loop36,0.00,0.00,0.000,0.000,0.00
1777907200,loop37,0.00,0.00,0.000,0.000,0.00
1777907200,loop38,0.00,0.00,0.000,0.000,0.00
1777907200,loop39,0.00,0.00,0.000,0.000,0.00
1777907200,loop4,0.00,0.00,0.000,0.000,0.00
1777907200,loop40,0.00,0.00,0.000,0.000,0.00
1777907200,loop5,0.00,0.00,0.000,0.000,0.00
1777907200,loop6,0.00,0.00,0.000,0.000,0.00
1777907200,loop7,0.00,0.00,0.000,0.000,0.00
1777907200,loop8,0.00,0.00,0.000,0.000,0.00
1777907200,loop9,0.00,0.00,0.000,0.000,0.00
1777907200,nvme0n1,0.00,0.00,0.000,0.000,0.00
1777907201,loop0,0.00,0.00,0.000,0.000,0.00
1777907201,loop1,0.00,0.00,0.000,0.000,0.00
1777907201,loop10,0.00,0.00,0.000,0.000,0.00
1777907201,loop11,0.00,0.00,0.000,0.000,0.00
1777907201,loop12,0.00,0.00,0.000,0.000,0.00
1777907201,loop13,0.00,0.00,0.000,0.000,0.00
1777907201,loop14,0.00,0.00,0.000,0.000,0.00
1777907201,loop15,0.00,0.00,0.000,0.000,0.00
1777907201,loop16,0.00,0.00,0.000,0.000,0.00
1777907201,loop17,0.00,0.00,0.000,0.000,0.00
1777907201,loop18,0.00,0.00,0.000,0.000,0.00
1777907201,loop19,0.00,0.00,0.000,0.000,0.00
1777907201,loop2,0.00,0.00,0.000,0.000,0.00
1777907201,loop20,0.00,0.00,0.000,0.000,0.00
1777907201,loop21,0.00,0.00,0.000,0.000,0.00
1777907201,loop22,0.00,0.00,0.000,0.000,0.00
1777907201,loop23,0.00,0.00,0.000,0.000,0.00
1777907201,loop24,0.00,0.00,0.000,0.000,0.00
1777907201,loop25,0.00,0.00,0.000,0.000,0.00
1777907201,loop26,0.00,0.00,0.000,0.000,0.00
1777907201,loop27,0.00,0.00,0.000,0.000,0.00
1777907201,loop28,0.00,0.00,0.000,0.000,0.00
1777907201,loop29,0.00,0.00,0.000,0.000,0.00
1777907201,loop3,0.00,0.00,0.000,0.000,0.00
1777907201,loop30,0.00,0.00,0.000,0.000,0.00
1777907201,loop31,0.00,0.00,0.000,0.000,0.00
1777907201,loop32,0.00,0.00,0.000,0.000,0.00
1777907201,loop33,0.00,0.00,0.000,0.000,0.00
1777907201,loop34,0.00,0.00,0.000,0.000,0.00
1777907201,loop35,0.00,0.00,0.000,0.000,0.00
1777907201,loop36,0.00,0.00,0.000,0.000,0.00
1777907201,loop37,0.00,0.00,0.000,0.000,0.00
1777907201,loop38,0.00,0.00,0.000,0.000,0.00
1777907201,loop39,0.00,0.00,0.000,0.000,0.00
1777907201,loop4,0.00,0.00,0.000,0.000,0.00
1777907201,loop40,0.00,0.00,0.000,0.000,0.00
1777907201,loop5,0.00,0.00,0.000,0.000,0.00
1777907201,loop6,0.00,0.00,0.000,0.000,0.00
1777907201,loop7,0.00,0.00,0.000,0.000,0.00
1777907201,loop8,0.00,0.00,0.000,0.000,0.00
1777907201,loop9,0.00,0.00,0.000,0.000,0.00
1777907201,nvme0n1,0.00,0.00,0.000,0.000,0.90
1777907202,loop0,0.00,0.00,0.000,0.000,0.00
1777907202,loop1,0.00,0.00,0.000,0.000,0.00
1777907202,loop10,0.00,0.00,0.000,0.000,0.00
1777907202,loop11,0.00,0.00,0.000,0.000,0.00
1777907202,loop12,0.00,0.00,0.000,0.000,0.00
1777907202,loop13,0.00,0.00,0.000,0.000,0.00
1777907202,loop14,0.00,0.00,0.000,0.000,0.00
1777907202,loop15,0.00,0.00,0.000,0.000,0.00
1777907202,loop16,0.00,0.00,0.000,0.000,0.00
1777907202,loop17,0.00,0.00,0.000,0.000,0.00
1777907202,loop18,0.00,0.00,0.000,0.000,0.00
1777907202,loop19,0.00,0.00,0.000,0.000,0.00
1777907202,loop2,0.00,0.00,0.000,0.000,0.00
1777907202,loop20,0.00,0.00,0.000,0.000,0.00
1777907202,loop21,0.00,0.00,0.000,0.000,0.00
1777907202,loop22,0.00,0.00,0.000,0.000,0.00
1777907202,loop23,0.00,0.00,0.000,0.000,0.00
1777907202,loop24,0.00,0.00,0.000,0.000,0.00
1777907202,loop25,0.00,0.00,0.000,0.000,0.00
1777907202,loop26,0.00,0.00,0.000,0.000,0.00
1777907202,loop27,0.00,0.00,0.000,0.000,0.00
1777907202,loop28,0.00,0.00,0.000,0.000,0.00
1777907202,loop29,0.00,0.00,0.000,0.000,0.00
1777907202,loop3,0.00,0.00,0.000,0.000,0.00
1777907202,loop30,0.00,0.00,0.000,0.000,0.00
1777907202,loop31,0.00,0.00,0.000,0.000,0.00
1777907202,loop32,0.00,0.00,0.000,0.000,0.00
1777907202,loop33,0.00,0.00,0.000,0.000,0.00
1777907202,loop34,0.00,0.00,0.000,0.000,0.00
1777907202,loop35,0.00,0.00,0.000,0.000,0.00
1777907202,loop36,0.00,0.00,0.000,0.000,0.00
1777907202,loop37,0.00,0.00,0.000,0.000,0.00
1777907202,loop38,0.00,0.00,0.000,0.000,0.00
1777907202,loop39,0.00,0.00,0.000,0.000,0.00
1777907202,loop4,0.00,0.00,0.000,0.000,0.00
1777907202,loop40,0.00,0.00,0.000,0.000,0.00
1777907202,loop5,0.00,0.00,0.000,0.000,0.00
1777907202,loop6,0.00,0.00,0.000,0.000,0.00
1777907202,loop7,0.00,0.00,0.000,0.000,0.00
1777907202,loop8,0.00,0.00,0.000,0.000,0.00
1777907202,loop9,0.00,0.00,0.000,0.000,0.00
1777907202,nvme0n1,0.00,0.00,0.000,0.000,0.00
1777907203,loop0,0.00,0.00,0.000,0.000,0.00
1777907203,loop1,0.00,0.00,0.000,0.000,0.00
1777907203,loop10,0.00,0.00,0.000,0.000,0.00
1777907203,loop11,0.00,0.00,0.000,0.000,0.00
1777907203,loop12,0.00,0.00,0.000,0.000,0.00
1777907203,loop13,0.00,0.00,0.000,0.000,0.00
1777907203,loop14,0.00,0.00,0.000,0.000,0.00
1777907203,loop15,0.00,0.00,0.000,0.000,0.00
1777907203,loop16,0.00,0.00,0.000,0.000,0.00
1777907203,loop17,0.00,0.00,0.000,0.000,0.00
1777907203,loop18,0.00,0.00,0.000,0.000,0.00
1777907203,loop19,0.00,0.00,0.000,0.000,0.00
1777907203,loop2,0.00,0.00,0.000,0.000,0.00
1777907203,loop20,0.00,0.00,0.000,0.000,0.00
1777907203,loop21,0.00,0.00,0.000,0.000,0.00
1777907203,loop22,0.00,0.00,0.000,0.000,0.00
1777907203,loop23,0.00,0.00,0.000,0.000,0.00
1777907203,loop24,0.00,0.00,0.000,0.000,0.00
1777907203,loop25,0.00,0.00,0.000,0.000,0.00
1777907203,loop26,0.00,0.00,0.000,0.000,0.00
1777907203,loop27,0.00,0.00,0.000,0.000,0.00
1777907203,loop28,0.00,0.00,0.000,0.000,0.00
1777907203,loop29,0.00,0.00,0.000,0.000,0.00
1777907203,loop3,0.00,0.00,0.000,0.000,0.00
1777907203,loop30,0.00,0.00,0.000,0.000,0.00
1777907203,loop31,0.00,0.00,0.000,0.000,0.00
1777907203,loop32,0.00,0.00,0.000,0.000,0.00
1777907203,loop33,0.00,0.00,0.000,0.000,0.00
1777907203,loop34,0.00,0.00,0.000,0.000,0.00
1777907203,loop35,0.00,0.00,0.000,0.000,0.00
1777907203,loop36,0.00,0.00,0.000,0.000,0.00
1777907203,loop37,0.00,0.00,0.000,0.000,0.00
1777907203,loop38,0.00,0.00,0.000,0.000,0.00
1777907203,loop39,0.00,0.00,0.000,0.000,0.00
1777907203,loop4,0.00,0.00,0.000,0.000,0.00
1777907203,loop40,0.00,0.00,0.000,0.000,0.00
1777907203,loop5,0.00,0.00,0.000,0.000,0.00
1777907203,loop6,0.00,0.00,0.000,0.000,0.00
1777907203,loop7,0.00,0.00,0.000,0.000,0.00
1777907203,loop8,0.00,0.00,0.000,0.000,0.00
1777907203,loop9,0.00,0.00,0.000,0.000,0.00
1777907203,nvme0n1,0.00,0.00,0.000,0.000,0.00
1777907204,loop0,0.00,0.00,0.000,0.000,0.00
1777907204,loop1,0.00,0.00,0.000,0.000,0.00
1777907204,loop10,0.00,0.00,0.000,0.000,0.00
1777907204,loop11,0.00,0.00,0.000,0.000,0.00
1777907204,loop12,0.00,0.00,0.000,0.000,0.00
1777907204,loop13,0.00,0.00,0.000,0.000,0.00
1777907204,loop14,0.00,0.00,0.000,0.000,0.00
1777907204,loop15,0.00,0.00,0.000,0.000,0.00
1777907204,loop16,0.00,0.00,0.000,0.000,0.00
1777907204,loop17,0.00,0.00,0.000,0.000,0.00
1777907204,loop18,0.00,0.00,0.000,0.000,0.00
1777907204,loop19,0.00,0.00,0.000,0.000,0.00
1777907204,loop2,0.00,0.00,0.000,0.000,0.00
1777907204,loop20,0.00,0.00,0.000,0.000,0.00
1777907204,loop21,0.00,0.00,0.000,0.000,0.00
1777907204,loop22,0.00,0.00,0.000,0.000,0.00
1777907204,loop23,0.00,0.00,0.000,0.000,0.00
1777907204,loop24,0.00,0.00,0.000,0.000,0.00
1777907204,loop25,0.00,0.00,0.000,0.000,0.00
1777907204,loop26,0.00,0.00,0.000,0.000,0.00
1777907204,loop27,0.00,0.00,0.000,0.000,0.00
1777907204,loop28,0.00,0.00,0.000,0.000,0.00
1777907204,loop29,0.00,0.00,0.000,0.000,0.00
1777907204,loop3,0.00,0.00,0.000,0.000,0.00
1777907204,loop30,0.00,0.00,0.000,0.000,0.00
1777907204,loop31,0.00,0.00,0.000,0.000,0.00
1777907204,loop32,0.00,0.00,0.000,0.000,0.00
1777907204,loop33,0.00,0.00,0.000,0.000,0.00
1777907204,loop34,0.00,0.00,0.000,0.000,0.00
1777907204,loop35,0.00,0.00,0.000,0.000,0.00
1777907204,loop36,0.00,0.00,0.000,0.000,0.00
1777907204,loop37,0.00,0.00,0.000,0.000,0.00
1777907204,loop38,0.00,0.00,0.000,0.000,0.00
1777907204,loop39,0.00,0.00,0.000,0.000,0.00
1777907204,loop4,0.00,0.00,0.000,0.000,0.00
1777907204,loop40,0.00,0.00,0.000,0.000,0.00
1777907204,loop5,0.00,0.00,0.000,0.000,0.00
1777907204,loop6,0.00,0.00,0.000,0.000,0.00
1777907204,loop7,0.00,0.00,0.000,0.000,0.00
1777907204,loop8,0.00,0.00,0.000,0.000,0.00
1777907204,loop9,0.00,0.00,0.000,0.000,0.00
1777907204,nvme0n1,0.00,0.00,0.000,0.000,5.70
1777907205,loop0,0.00,0.00,0.000,0.000,0.00
1777907205,loop1,0.00,0.00,0.000,0.000,0.00
1777907205,loop10,0.00,0.00,0.000,0.000,0.00
1777907205,loop11,0.00,0.00,0.000,0.000,0.00
1777907205,loop12,0.00,0.00,0.000,0.000,0.00
1777907205,loop13,0.00,0.00,0.000,0.000,0.00
1777907205,loop14,0.00,0.00,0.000,0.000,0.00
1777907205,loop15,0.00,0.00,0.000,0.000,0.00
1777907205,loop16,0.00,0.00,0.000,0.000,0.00
1777907205,loop17,0.00,0.00,0.000,0.000,0.00
1777907205,loop18,0.00,0.00,0.000,0.000,0.00
1777907205,loop19,0.00,0.00,0.000,0.000,0.00
1777907205,loop2,0.00,0.00,0.000,0.000,0.00
1777907205,loop20,0.00,0.00,0.000,0.000,0.00
1777907205,loop21,0.00,0.00,0.000,0.000,0.00
1777907205,loop22,0.00,0.00,0.000,0.000,0.00
1777907205,loop23,0.00,0.00,0.000,0.000,0.00
1777907205,loop24,0.00,0.00,0.000,0.000,0.00
1777907205,loop25,0.00,0.00,0.000,0.000,0.00
1777907205,loop26,0.00,0.00,0.000,0.000,0.00
1777907205,loop27,0.00,0.00,0.000,0.000,0.00
1777907205,loop28,0.00,0.00,0.000,0.000,0.00
1777907205,loop29,0.00,0.00,0.000,0.000,0.00
1777907205,loop3,0.00,0.00,0.000,0.000,0.00
1777907205,loop30,0.00,0.00,0.000,0.000,0.00
1777907205,loop31,0.00,0.00,0.000,0.000,0.00
1777907205,loop32,0.00,0.00,0.000,0.000,0.00
1777907205,loop33,0.00,0.00,0.000,0.000,0.00
1777907205,loop34,0.00,0.00,0.000,0.000,0.00
1777907205,loop35,0.00,0.00,0.000,0.000,0.00
1777907205,loop36,0.00,0.00,0.000,0.000,0.00
1777907205,loop37,0.00,0.00,0.000,0.000,0.00
1777907205,loop38,0.00,0.00,0.000,0.000,0.00
1777907205,loop39,0.00,0.00,0.000,0.000,0.00
1777907205,loop4,0.00,0.00,0.000,0.000,0.00
1777907205,loop40,0.00,0.00,0.000,0.000,0.00
1777907205,loop5,0.00,0.00,0.000,0.000,0.00
1777907205,loop6,0.00,0.00,0.000,0.000,0.00
1777907205,loop7,0.00,0.00,0.000,0.000,0.00
1777907205,loop8,0.00,0.00,0.000,0.000,0.00
1777907205,loop9,0.00,0.00,0.000,0.000,0.00
1777907205,nvme0n1,0.00,0.00,0.000,0.000,0.50
1777907206,loop0,0.00,0.00,0.000,0.000,0.00
1777907206,loop1,0.00,0.00,0.000,0.000,0.00
1777907206,loop10,0.00,0.00,0.000,0.000,0.00
1777907206,loop11,0.00,0.00,0.000,0.000,0.00
1777907206,loop12,0.00,0.00,0.000,0.000,0.00
1777907206,loop13,0.00,0.00,0.000,0.000,0.00
1777907206,loop14,0.00,0.00,0.000,0.000,0.00
1777907206,loop15,0.00,0.00,0.000,0.000,0.00
1777907206,loop16,0.00,0.00,0.000,0.000,0.00
1777907206,loop17,0.00,0.00,0.000,0.000,0.00
1777907206,loop18,0.00,0.00,0.000,0.000,0.00
1777907206,loop19,0.00,0.00,0.000,0.000,0.00
1777907206,loop2,0.00,0.00,0.000,0.000,0.00
1777907206,loop20,0.00,0.00,0.000,0.000,0.00
1777907206,loop21,0.00,0.00,0.000,0.000,0.00
1777907206,loop22,0.00,0.00,0.000,0.000,0.00
1777907206,loop23,0.00,0.00,0.000,0.000,0.00
1777907206,loop24,0.00,0.00,0.000,0.000,0.00
1777907206,loop25,0.00,0.00,0.000,0.000,0.00
1777907206,loop26,0.00,0.00,0.000,0.000,0.00
1777907206,loop27,0.00,0.00,0.000,0.000,0.00
1777907206,loop28,0.00,0.00,0.000,0.000,0.00
1777907206,loop29,0.00,0.00,0.000,0.000,0.00
1777907206,loop3,0.00,0.00,0.000,0.000,0.00
1777907206,loop30,0.00,0.00,0.000,0.000,0.00
1777907206,loop31,0.00,0.00,0.000,0.000,0.00
1777907206,loop32,0.00,0.00,0.000,0.000,0.00
1777907206,loop33,0.00,0.00,0.000,0.000,0.00
1777907206,loop34,0.00,0.00,0.000,0.000,0.00
1777907206,loop35,0.00,0.00,0.000,0.000,0.00
1777907206,loop36,0.00,0.00,0.000,0.000,0.00
1777907206,loop37,0.00,0.00,0.000,0.000,0.00
1777907206,loop38,0.00,0.00,0.000,0.000,0.00
1777907206,loop39,0.00,0.00,0.000,0.000,0.00
1777907206,loop4,0.00,0.00,0.000,0.000,0.00
1777907206,loop40,0.00,0.00,0.000,0.000,0.00
1777907206,loop5,0.00,0.00,0.000,0.000,0.00
1777907206,loop6,0.00,0.00,0.000,0.000,0.00
1777907206,loop7,0.00,0.00,0.000,0.000,0.00
1777907206,loop8,0.00,0.00,0.000,0.000,0.00
1777907206,loop9,0.00,0.00,0.000,0.000,0.00
1777907206,nvme0n1,0.00,0.00,0.000,0.000,0.00
1777907207,loop0,0.00,0.00,0.000,0.000,0.00
1777907207,loop1,0.00,0.00,0.000,0.000,0.00
1777907207,loop10,0.00,0.00,0.000,0.000,0.00
1777907207,loop11,0.00,0.00,0.000,0.000,0.00
1777907207,loop12,0.00,0.00,0.000,0.000,0.00
1777907207,loop13,0.00,0.00,0.000,0.000,0.00
1777907207,loop14,0.00,0.00,0.000,0.000,0.00
1777907207,loop15,0.00,0.00,0.000,0.000,0.00
1777907207,loop16,0.00,0.00,0.000,0.000,0.00
1777907207,loop17,0.00,0.00,0.000,0.000,0.00
1777907207,loop18,0.00,0.00,0.000,0.000,0.00
1777907207,loop19,0.00,0.00,0.000,0.000,0.00
1777907207,loop2,0.00,0.00,0.000,0.000,0.00
1777907207,loop20,0.00,0.00,0.000,0.000,0.00
1777907207,loop21,0.00,0.00,0.000,0.000,0.00
1777907207,loop22,0.00,0.00,0.000,0.000,0.00
1777907207,loop23,0.00,0.00,0.000,0.000,0.00
1777907207,loop24,0.00,0.00,0.000,0.000,0.00
1777907207,loop25,0.00,0.00,0.000,0.000,0.00
1777907207,loop26,0.00,0.00,0.000,0.000,0.00
1777907207,loop27,0.00,0.00,0.000,0.000,0.00
1777907207,loop28,0.00,0.00,0.000,0.000,0.00
1777907207,loop29,0.00,0.00,0.000,0.000,0.00
1777907207,loop3,0.00,0.00,0.000,0.000,0.00
1777907207,loop30,0.00,0.00,0.000,0.000,0.00
1777907207,loop31,0.00,0.00,0.000,0.000,0.00
1777907207,loop32,0.00,0.00,0.000,0.000,0.00
1777907207,loop33,0.00,0.00,0.000,0.000,0.00
1777907207,loop34,0.00,0.00,0.000,0.000,0.00
1777907207,loop35,0.00,0.00,0.000,0.000,0.00
1777907207,loop36,0.00,0.00,0.000,0.000,0.00
1777907207,loop37,0.00,0.00,0.000,0.000,0.00
1777907207,loop38,0.00,0.00,0.000,0.000,0.00
1777907207,loop39,0.00,0.00,0.000,0.000,0.00
1777907207,loop4,0.00,0.00,0.000,0.000,0.00
1777907207,loop40,0.00,0.00,0.000,0.000,0.00
1777907207,loop5,0.00,0.00,0.000,0.000,0.00
1777907207,loop6,0.00,0.00,0.000,0.000,0.00
1777907207,loop7,0.00,0.00,0.000,0.000,0.00
1777907207,loop8,0.00,0.00,0.000,0.000,0.00
1777907207,loop9,0.00,0.00,0.000,0.000,0.00
1777907207,nvme0n1,0.00,0.00,0.000,0.000,1.00
1777907208,loop0,0.00,0.00,0.000,0.000,0.00
1777907208,loop1,0.00,0.00,0.000,0.000,0.00
1777907208,loop10,0.00,0.00,0.000,0.000,0.00
1777907208,loop11,0.00,0.00,0.000,0.000,0.00
1777907208,loop12,0.00,0.00,0.000,0.000,0.00
1777907208,loop13,0.00,0.00,0.000,0.000,0.00
1777907208,loop14,0.00,0.00,0.000,0.000,0.00
1777907208,loop15,0.00,0.00,0.000,0.000,0.00
1777907208,loop16,0.00,0.00,0.000,0.000,0.00
1777907208,loop17,0.00,0.00,0.000,0.000,0.00
1777907208,loop18,0.00,0.00,0.000,0.000,0.00
1777907208,loop19,0.00,0.00,0.000,0.000,0.00
1777907208,loop2,0.00,0.00,0.000,0.000,0.00
1777907208,loop20,0.00,0.00,0.000,0.000,0.00
1777907208,loop21,0.00,0.00,0.000,0.000,0.00
1777907208,loop22,0.00,0.00,0.000,0.000,0.00
1777907208,loop23,0.00,0.00,0.000,0.000,0.00
1777907208,loop24,0.00,0.00,0.000,0.000,0.00
1777907208,loop25,0.00,0.00,0.000,0.000,0.00
1777907208,loop26,0.00,0.00,0.000,0.000,0.00
1777907208,loop27,0.00,0.00,0.000,0.000,0.00
1777907208,loop28,0.00,0.00,0.000,0.000,0.00
1777907208,loop29,0.00,0.00,0.000,0.000,0.00
1777907208,loop3,0.00,0.00,0.000,0.000,0.00
1777907208,loop30,0.00,0.00,0.000,0.000,0.00
1777907208,loop31,0.00,0.00,0.000,0.000,0.00
1777907208,loop32,0.00,0.00,0.000,0.000,0.00
1777907208,loop33,0.00,0.00,0.000,0.000,0.00
1777907208,loop34,0.00,0.00,0.000,0.000,0.00
1777907208,loop35,0.00,0.00,0.000,0.000,0.00
1777907208,loop36,0.00,0.00,0.000,0.000,0.00
1777907208,loop37,0.00,0.00,0.000,0.000,0.00
1777907208,loop38,0.00,0.00,0.000,0.000,0.00
1777907208,loop39,0.00,0.00,0.000,0.000,0.00
1777907208,loop4,0.00,0.00,0.000,0.000,0.00
1777907208,loop40,0.00,0.00,0.000,0.000,0.00
1777907208,loop5,0.00,0.00,0.000,0.000,0.00
1777907208,loop6,0.00,0.00,0.000,0.000,0.00
1777907208,loop7,0.00,0.00,0.000,0.000,0.00
1777907208,loop8,0.00,0.00,0.000,0.000,0.00
1777907208,loop9,0.00,0.00,0.000,0.000,0.00
1777907208,nvme0n1,0.00,0.00,0.000,0.000,0.00
1777907209,loop0,0.00,0.00,0.000,0.000,0.00
1777907209,loop1,0.00,0.00,0.000,0.000,0.00
1777907209,loop10,0.00,0.00,0.000,0.000,0.00
1777907209,loop11,0.00,0.00,0.000,0.000,0.00
1777907209,loop12,0.00,0.00,0.000,0.000,0.00
1777907209,loop13,0.00,0.00,0.000,0.000,0.00
1777907209,loop14,0.00,0.00,0.000,0.000,0.00
1777907209,loop15,0.00,0.00,0.000,0.000,0.00
1777907209,loop16,0.00,0.00,0.000,0.000,0.00
1777907209,loop17,0.00,0.00,0.000,0.000,0.00
1777907209,loop18,0.00,0.00,0.000,0.000,0.00
1777907209,loop19,0.00,0.00,0.000,0.000,0.00
1777907209,loop2,0.00,0.00,0.000,0.000,0.00
1777907209,loop20,0.00,0.00,0.000,0.000,0.00
1777907209,loop21,0.00,0.00,0.000,0.000,0.00
1777907209,loop22,0.00,0.00,0.000,0.000,0.00
1777907209,loop23,0.00,0.00,0.000,0.000,0.00
1777907209,loop24,0.00,0.00,0.000,0.000,0.00
1777907209,loop25,0.00,0.00,0.000,0.000,0.00
1777907209,loop26,0.00,0.00,0.000,0.000,0.00
1777907209,loop27,0.00,0.00,0.000,0.000,0.00
1777907209,loop28,0.00,0.00,0.000,0.000,0.00
1777907209,loop29,0.00,0.00,0.000,0.000,0.00
1777907209,loop3,0.00,0.00,0.000,0.000,0.00
1777907209,loop30,0.00,0.00,0.000,0.000,0.00
1777907209,loop31,0.00,0.00,0.000,0.000,0.00
1777907209,loop32,0.00,0.00,0.000,0.000,0.00
1777907209,loop33,0.00,0.00,0.000,0.000,0.00
1777907209,loop34,0.00,0.00,0.000,0.000,0.00
1777907209,loop35,0.00,0.00,0.000,0.000,0.00
1777907209,loop36,0.00,0.00,0.000,0.000,0.00
1777907209,loop37,0.00,0.00,0.000,0.000,0.00
1777907209,loop38,0.00,0.00,0.000,0.000,0.00
1777907209,loop39,0.00,0.00,0.000,0.000,0.00
1777907209,loop4,0.00,0.00,0.000,0.000,0.00
1777907209,loop40,0.00,0.00,0.000,0.000,0.00
1777907209,loop5,0.00,0.00,0.000,0.000,0.00
1777907209,loop6,0.00,0.00,0.000,0.000,0.00
1777907209,loop7,0.00,0.00,0.000,0.000,0.00
1777907209,loop8,0.00,0.00,0.000,0.000,0.00
1777907209,loop9,0.00,0.00,0.000,0.000,0.00
1777907209,nvme0n1,0.00,0.00,0.000,0.000,0.00
1777907210,loop0,0.00,0.00,0.000,0.000,0.00
1777907210,loop1,0.00,0.00,0.000,0.000,0.00
1777907210,loop10,0.00,0.00,0.000,0.000,0.00
1777907210,loop11,0.00,0.00,0.000,0.000,0.00
1777907210,loop12,0.00,0.00,0.000,0.000,0.00
1777907210,loop13,0.00,0.00,0.000,0.000,0.00
1777907210,loop14,0.00,0.00,0.000,0.000,0.00
1777907210,loop15,0.00,0.00,0.000,0.000,0.00
1777907210,loop16,0.00,0.00,0.000,0.000,0.00
1777907210,loop17,0.00,0.00,0.000,0.000,0.00
1777907210,loop18,0.00,0.00,0.000,0.000,0.00
1777907210,loop19,0.00,0.00,0.000,0.000,0.00
1777907210,loop2,0.00,0.00,0.000,0.000,0.00
1777907210,loop20,0.00,0.00,0.000,0.000,0.00
1777907210,loop21,0.00,0.00,0.000,0.000,0.00
1777907210,loop22,0.00,0.00,0.000,0.000,0.00
1777907210,loop23,0.00,0.00,0.000,0.000,0.00
1777907210,loop24,0.00,0.00,0.000,0.000,0.00
1777907210,loop25,0.00,0.00,0.000,0.000,0.00
1777907210,loop26,0.00,0.00,0.000,0.000,0.00
1777907210,loop27,0.00,0.00,0.000,0.000,0.00
1777907210,loop28,0.00,0.00,0.000,0.000,0.00
1777907210,loop29,0.00,0.00,0.000,0.000,0.00
1777907210,loop3,0.00,0.00,0.000,0.000,0.00
1777907210,loop30,0.00,0.00,0.000,0.000,0.00
1777907210,loop31,0.00,0.00,0.000,0.000,0.00
1777907210,loop32,0.00,0.00,0.000,0.000,0.00
1777907210,loop33,0.00,0.00,0.000,0.000,0.00
1777907210,loop34,0.00,0.00,0.000,0.000,0.00
1777907210,loop35,0.00,0.00,0.000,0.000,0.00
1777907210,loop36,0.00,0.00,0.000,0.000,0.00
1777907210,loop37,0.00,0.00,0.000,0.000,0.00
1777907210,loop38,0.00,0.00,0.000,0.000,0.00
1777907210,loop39,0.00,0.00,0.000,0.000,0.00
1777907210,loop4,0.00,0.00,0.000,0.000,0.00
1777907210,loop40,0.00,0.00,0.000,0.000,0.00
1777907210,loop5,0.00,0.00,0.000,0.000,0.00
1777907210,loop6,0.00,0.00,0.000,0.000,0.00
1777907210,loop7,0.00,0.00,0.000,0.000,0.00
1777907210,loop8,0.00,0.00,0.000,0.000,0.00
1777907210,loop9,0.00,0.00,0.000,0.000,0.00
1777907210,nvme0n1,0.00,0.00,0.000,0.000,0.00
1777907211,loop0,0.00,0.00,0.000,0.000,0.00
1777907211,loop1,0.00,0.00,0.000,0.000,0.00
1777907211,loop10,0.00,0.00,0.000,0.000,0.00
1777907211,loop11,0.00,0.00,0.000,0.000,0.00
1777907211,loop12,0.00,0.00,0.000,0.000,0.00
1777907211,loop13,0.00,0.00,0.000,0.000,0.00
1777907211,loop14,0.00,0.00,0.000,0.000,0.00
1777907211,loop15,0.00,0.00,0.000,0.000,0.00
1777907211,loop16,0.00,0.00,0.000,0.000,0.00
1777907211,loop17,0.00,0.00,0.000,0.000,0.00
1777907211,loop18,0.00,0.00,0.000,0.000,0.00
1777907211,loop19,0.00,0.00,0.000,0.000,0.00
1777907211,loop2,0.00,0.00,0.000,0.000,0.00
1777907211,loop20,0.00,0.00,0.000,0.000,0.00
1777907211,loop21,0.00,0.00,0.000,0.000,0.00
1777907211,loop22,0.00,0.00,0.000,0.000,0.00
1777907211,loop23,0.00,0.00,0.000,0.000,0.00
1777907211,loop24,0.00,0.00,0.000,0.000,0.00
1777907211,loop25,0.00,0.00,0.000,0.000,0.00
1777907211,loop26,0.00,0.00,0.000,0.000,0.00
1777907211,loop27,0.00,0.00,0.000,0.000,0.00
1777907211,loop28,0.00,0.00,0.000,0.000,0.00
1777907211,loop29,0.00,0.00,0.000,0.000,0.00
1777907211,loop3,0.00,0.00,0.000,0.000,0.00
1777907211,loop30,0.00,0.00,0.000,0.000,0.00
1777907211,loop31,0.00,0.00,0.000,0.000,0.00
1777907211,loop32,0.00,0.00,0.000,0.000,0.00
1777907211,loop33,0.00,0.00,0.000,0.000,0.00
1777907211,loop34,0.00,0.00,0.000,0.000,0.00
1777907211,loop35,0.00,0.00,0.000,0.000,0.00
1777907211,loop36,0.00,0.00,0.000,0.000,0.00
1777907211,loop37,0.00,0.00,0.000,0.000,0.00
1777907211,loop38,0.00,0.00,0.000,0.000,0.00
1777907211,loop39,0.00,0.00,0.000,0.000,0.00
1777907211,loop4,0.00,0.00,0.000,0.000,0.00
1777907211,loop40,0.00,0.00,0.000,0.000,0.00
1777907211,loop5,0.00,0.00,0.000,0.000,0.00
1777907211,loop6,0.00,0.00,0.000,0.000,0.00
1777907211,loop7,0.00,0.00,0.000,0.000,0.00
1777907211,loop8,0.00,0.00,0.000,0.000,0.00
1777907211,loop9,0.00,0.00,0.000,0.000,0.00
1777907211,nvme0n1,0.00,0.00,0.000,0.000,0.00
1777907212,loop0,0.00,0.00,0.000,0.000,0.00
1777907212,loop1,0.00,0.00,0.000,0.000,0.00
1777907212,loop10,0.00,0.00,0.000,0.000,0.00
1777907212,loop11,0.00,0.00,0.000,0.000,0.00
1777907212,loop12,0.00,0.00,0.000,0.000,0.00
1777907212,loop13,0.00,0.00,0.000,0.000,0.00
1777907212,loop14,0.00,0.00,0.000,0.000,0.00
1777907212,loop15,0.00,0.00,0.000,0.000,0.00
1777907212,loop16,0.00,0.00,0.000,0.000,0.00
1777907212,loop17,0.00,0.00,0.000,0.000,0.00
1777907212,loop18,0.00,0.00,0.000,0.000,0.00
1777907212,loop19,0.00,0.00,0.000,0.000,0.00
1777907212,loop2,0.00,0.00,0.000,0.000,0.00
1777907212,loop20,0.00,0.00,0.000,0.000,0.00
1777907212,loop21,0.00,0.00,0.000,0.000,0.00
1777907212,loop22,0.00,0.00,0.000,0.000,0.00
1777907212,loop23,0.00,0.00,0.000,0.000,0.00
1777907212,loop24,0.00,0.00,0.000,0.000,0.00
1777907212,loop25,0.00,0.00,0.000,0.000,0.00
1777907212,loop26,0.00,0.00,0.000,0.000,0.00
1777907212,loop27,0.00,0.00,0.000,0.000,0.00
1777907212,loop28,0.00,0.00,0.000,0.000,0.00
1777907212,loop29,0.00,0.00,0.000,0.000,0.00
1777907212,loop3,0.00,0.00,0.000,0.000,0.00
1777907212,loop30,0.00,0.00,0.000,0.000,0.00
1777907212,loop31,0.00,0.00,0.000,0.000,0.00
1777907212,loop32,0.00,0.00,0.000,0.000,0.00
1777907212,loop33,0.00,0.00,0.000,0.000,0.00
1777907212,loop34,0.00,0.00,0.000,0.000,0.00
1777907212,loop35,0.00,0.00,0.000,0.000,0.00
1777907212,loop36,0.00,0.00,0.000,0.000,0.00
1777907212,loop37,0.00,0.00,0.000,0.000,0.00
1777907212,loop38,0.00,0.00,0.000,0.000,0.00
1777907212,loop39,0.00,0.00,0.000,0.000,0.00
1777907212,loop4,0.00,0.00,0.000,0.000,0.00
1777907212,loop40,0.00,0.00,0.000,0.000,0.00
1777907212,loop5,0.00,0.00,0.000,0.000,0.00
1777907212,loop6,0.00,0.00,0.000,0.000,0.00
1777907212,loop7,0.00,0.00,0.000,0.000,0.00
1777907212,loop8,0.00,0.00,0.000,0.000,0.00
1777907212,loop9,0.00,0.00,0.000,0.000,0.00
1777907212,nvme0n1,0.00,0.00,0.000,0.000,5.70
1777907213,loop0,0.00,0.00,0.000,0.000,0.00
1777907213,loop1,0.00,0.00,0.000,0.000,0.00
1777907213,loop10,0.00,0.00,0.000,0.000,0.00
1777907213,loop11,0.00,0.00,0.000,0.000,0.00
1777907213,loop12,0.00,0.00,0.000,0.000,0.00
1777907213,loop13,0.00,0.00,0.000,0.000,0.00
1777907213,loop14,0.00,0.00,0.000,0.000,0.00
1777907213,loop15,0.00,0.00,0.000,0.000,0.00
1777907213,loop16,0.00,0.00,0.000,0.000,0.00
1777907213,loop17,0.00,0.00,0.000,0.000,0.00
1777907213,loop18,0.00,0.00,0.000,0.000,0.00
1777907213,loop19,0.00,0.00,0.000,0.000,0.00
1777907213,loop2,0.00,0.00,0.000,0.000,0.00
1777907213,loop20,0.00,0.00,0.000,0.000,0.00
1777907213,loop21,0.00,0.00,0.000,0.000,0.00
1777907213,loop22,0.00,0.00,0.000,0.000,0.00
1777907213,loop23,0.00,0.00,0.000,0.000,0.00
1777907213,loop24,0.00,0.00,0.000,0.000,0.00
1777907213,loop25,0.00,0.00,0.000,0.000,0.00
1777907213,loop26,0.00,0.00,0.000,0.000,0.00
1777907213,loop27,0.00,0.00,0.000,0.000,0.00
1777907213,loop28,0.00,0.00,0.000,0.000,0.00
1777907213,loop29,0.00,0.00,0.000,0.000,0.00
1777907213,loop3,0.00,0.00,0.000,0.000,0.00
1777907213,loop30,0.00,0.00,0.000,0.000,0.00
1777907213,loop31,0.00,0.00,0.000,0.000,0.00
1777907213,loop32,0.00,0.00,0.000,0.000,0.00
1777907213,loop33,0.00,0.00,0.000,0.000,0.00
1777907213,loop34,0.00,0.00,0.000,0.000,0.00
1777907213,loop35,0.00,0.00,0.000,0.000,0.00
1777907213,loop36,0.00,0.00,0.000,0.000,0.00
1777907213,loop37,0.00,0.00,0.000,0.000,0.00
1777907213,loop38,0.00,0.00,0.000,0.000,0.00
1777907213,loop39,0.00,0.00,0.000,0.000,0.00
1777907213,loop4,0.00,0.00,0.000,0.000,0.00
1777907213,loop40,0.00,0.00,0.000,0.000,0.00
1777907213,loop5,0.00,0.00,0.000,0.000,0.00
1777907213,loop6,0.00,0.00,0.000,0.000,0.00
1777907213,loop7,0.00,0.00,0.000,0.000,0.00
1777907213,loop8,0.00,0.00,0.000,0.000,0.00
1777907213,loop9,0.00,0.00,0.000,0.000,0.00
1777907213,nvme0n1,0.00,0.00,0.000,0.000,0.70
1777907214,loop0,0.00,0.00,0.000,0.000,0.00
1777907214,loop1,0.00,0.00,0.000,0.000,0.00
1777907214,loop10,0.00,0.00,0.000,0.000,0.00
1777907214,loop11,0.00,0.00,0.000,0.000,0.00
1777907214,loop12,0.00,0.00,0.000,0.000,0.00
1777907214,loop13,0.00,0.00,0.000,0.000,0.00
1777907214,loop14,0.00,0.00,0.000,0.000,0.00
1777907214,loop15,0.00,0.00,0.000,0.000,0.00
1777907214,loop16,0.00,0.00,0.000,0.000,0.00
1777907214,loop17,0.00,0.00,0.000,0.000,0.00
1777907214,loop18,0.00,0.00,0.000,0.000,0.00
1777907214,loop19,0.00,0.00,0.000,0.000,0.00
1777907214,loop2,0.00,0.00,0.000,0.000,0.00
1777907214,loop20,0.00,0.00,0.000,0.000,0.00
1777907214,loop21,0.00,0.00,0.000,0.000,0.00
1777907214,loop22,0.00,0.00,0.000,0.000,0.00
1777907214,loop23,0.00,0.00,0.000,0.000,0.00
1777907214,loop24,0.00,0.00,0.000,0.000,0.00
1777907214,loop25,0.00,0.00,0.000,0.000,0.00
1777907214,loop26,0.00,0.00,0.000,0.000,0.00
1777907214,loop27,0.00,0.00,0.000,0.000,0.00
1777907214,loop28,0.00,0.00,0.000,0.000,0.00
1777907214,loop29,0.00,0.00,0.000,0.000,0.00
1777907214,loop3,0.00,0.00,0.000,0.000,0.00
1777907214,loop30,0.00,0.00,0.000,0.000,0.00
1777907214,loop31,0.00,0.00,0.000,0.000,0.00
1777907214,loop32,0.00,0.00,0.000,0.000,0.00
1777907214,loop33,0.00,0.00,0.000,0.000,0.00
1777907214,loop34,0.00,0.00,0.000,0.000,0.00
1777907214,loop35,0.00,0.00,0.000,0.000,0.00
1777907214,loop36,0.00,0.00,0.000,0.000,0.00
1777907214,loop37,0.00,0.00,0.000,0.000,0.00
1777907214,loop38,0.00,0.00,0.000,0.000,0.00
1777907214,loop39,0.00,0.00,0.000,0.000,0.00
1777907214,loop4,0.00,0.00,0.000,0.000,0.00
1777907214,loop40,0.00,0.00,0.000,0.000,0.00
1777907214,loop5,0.00,0.00,0.000,0.000,0.00
1777907214,loop6,0.00,0.00,0.000,0.000,0.00
1777907214,loop7,0.00,0.00,0.000,0.000,0.00
1777907214,loop8,0.00,0.00,0.000,0.000,0.00
1777907214,loop9,0.00,0.00,0.000,0.000,0.00
1777907214,nvme0n1,0.00,0.00,0.000,0.000,0.00
1777907215,loop0,0.00,0.00,0.000,0.000,0.00
1777907215,loop1,0.00,0.00,0.000,0.000,0.00
1777907215,loop10,0.00,0.00,0.000,0.000,0.00
1777907215,loop11,0.00,0.00,0.000,0.000,0.00
1777907215,loop12,0.00,0.00,0.000,0.000,0.00
1777907215,loop13,0.00,0.00,0.000,0.000,0.00
1777907215,loop14,0.00,0.00,0.000,0.000,0.00
1777907215,loop15,0.00,0.00,0.000,0.000,0.00
1777907215,loop16,0.00,0.00,0.000,0.000,0.00
1777907215,loop17,0.00,0.00,0.000,0.000,0.00
1777907215,loop18,0.00,0.00,0.000,0.000,0.00
1777907215,loop19,0.00,0.00,0.000,0.000,0.00
1777907215,loop2,0.00,0.00,0.000,0.000,0.00
1777907215,loop20,0.00,0.00,0.000,0.000,0.00
1777907215,loop21,0.00,0.00,0.000,0.000,0.00
1777907215,loop22,0.00,0.00,0.000,0.000,0.00
1777907215,loop23,0.00,0.00,0.000,0.000,0.00
1777907215,loop24,0.00,0.00,0.000,0.000,0.00
1777907215,loop25,0.00,0.00,0.000,0.000,0.00
1777907215,loop26,0.00,0.00,0.000,0.000,0.00
1777907215,loop27,0.00,0.00,0.000,0.000,0.00
1777907215,loop28,0.00,0.00,0.000,0.000,0.00
1777907215,loop29,0.00,0.00,0.000,0.000,0.00
1777907215,loop3,0.00,0.00,0.000,0.000,0.00
1777907215,loop30,0.00,0.00,0.000,0.000,0.00
1777907215,loop31,0.00,0.00,0.000,0.000,0.00
1777907215,loop32,0.00,0.00,0.000,0.000,0.00
1777907215,loop33,0.00,0.00,0.000,0.000,0.00
1777907215,loop34,0.00,0.00,0.000,0.000,0.00
1777907215,loop35,0.00,0.00,0.000,0.000,0.00
1777907215,loop36,0.00,0.00,0.000,0.000,0.00
1777907215,loop37,0.00,0.00,0.000,0.000,0.00
1777907215,loop38,0.00,0.00,0.000,0.000,0.00
1777907215,loop39,0.00,0.00,0.000,0.000,0.00
1777907215,loop4,0.00,0.00,0.000,0.000,0.00
1777907215,loop40,0.00,0.00,0.000,0.000,0.00
1777907215,loop5,0.00,0.00,0.000,0.000,0.00
1777907215,loop6,0.00,0.00,0.000,0.000,0.00
1777907215,loop7,0.00,0.00,0.000,0.000,0.00
1777907215,loop8,0.00,0.00,0.000,0.000,0.00
1777907215,loop9,0.00,0.00,0.000,0.000,0.00
1777907215,nvme0n1,0.00,0.00,0.000,0.000,0.00
1777907216,loop0,0.00,0.00,0.000,0.000,0.00
1777907216,loop1,0.00,0.00,0.000,0.000,0.00
1777907216,loop10,0.00,0.00,0.000,0.000,0.00
1777907216,loop11,0.00,0.00,0.000,0.000,0.00
1777907216,loop12,0.00,0.00,0.000,0.000,0.00
1777907216,loop13,0.00,0.00,0.000,0.000,0.00
1777907216,loop14,0.00,0.00,0.000,0.000,0.00
1777907216,loop15,0.00,0.00,0.000,0.000,0.00
1777907216,loop16,0.00,0.00,0.000,0.000,0.00
1777907216,loop17,0.00,0.00,0.000,0.000,0.00
1777907216,loop18,0.00,0.00,0.000,0.000,0.00
1777907216,loop19,0.00,0.00,0.000,0.000,0.00
1777907216,loop2,0.00,0.00,0.000,0.000,0.00
1777907216,loop20,0.00,0.00,0.000,0.000,0.00
1777907216,loop21,0.00,0.00,0.000,0.000,0.00
1777907216,loop22,0.00,0.00,0.000,0.000,0.00
1777907216,loop23,0.00,0.00,0.000,0.000,0.00
1777907216,loop24,0.00,0.00,0.000,0.000,0.00
1777907216,loop25,0.00,0.00,0.000,0.000,0.00
1777907216,loop26,0.00,0.00,0.000,0.000,0.00
1777907216,loop27,0.00,0.00,0.000,0.000,0.00
1777907216,loop28,0.00,0.00,0.000,0.000,0.00
1777907216,loop29,0.00,0.00,0.000,0.000,0.00
1777907216,loop3,0.00,0.00,0.000,0.000,0.00
1777907216,loop30,0.00,0.00,0.000,0.000,0.00
1777907216,loop31,0.00,0.00,0.000,0.000,0.00
1777907216,loop32,0.00,0.00,0.000,0.000,0.00
1777907216,loop33,0.00,0.00,0.000,0.000,0.00
1777907216,loop34,0.00,0.00,0.000,0.000,0.00
1777907216,loop35,0.00,0.00,0.000,0.000,0.00
1777907216,loop36,0.00,0.00,0.000,0.000,0.00
1777907216,loop37,0.00,0.00,0.000,0.000,0.00
1777907216,loop38,0.00,0.00,0.000,0.000,0.00
1777907216,loop39,0.00,0.00,0.000,0.000,0.00
1777907216,loop4,0.00,0.00,0.000,0.000,0.00
1777907216,loop40,0.00,0.00,0.000,0.000,0.00
1777907216,loop5,0.00,0.00,0.000,0.000,0.00
1777907216,loop6,0.00,0.00,0.000,0.000,0.00
1777907216,loop7,0.00,0.00,0.000,0.000,0.00
1777907216,loop8,0.00,0.00,0.000,0.000,0.00
1777907216,loop9,0.00,0.00,0.000,0.000,0.00
1777907216,nvme0n1,0.00,0.00,0.000,0.000,0.00
1777907217,loop0,0.00,0.00,0.000,0.000,0.00
1777907217,loop1,0.00,0.00,0.000,0.000,0.00
1777907217,loop10,0.00,0.00,0.000,0.000,0.00
1777907217,loop11,0.00,0.00,0.000,0.000,0.00
1777907217,loop12,0.00,0.00,0.000,0.000,0.00
1777907217,loop13,0.00,0.00,0.000,0.000,0.00
1777907217,loop14,0.00,0.00,0.000,0.000,0.00
1777907217,loop15,0.00,0.00,0.000,0.000,0.00
1777907217,loop16,0.00,0.00,0.000,0.000,0.00
1777907217,loop17,0.00,0.00,0.000,0.000,0.00
1777907217,loop18,0.00,0.00,0.000,0.000,0.00
1777907217,loop19,0.00,0.00,0.000,0.000,0.00
1777907217,loop2,0.00,0.00,0.000,0.000,0.00
1777907217,loop20,0.00,0.00,0.000,0.000,0.00
1777907217,loop21,0.00,0.00,0.000,0.000,0.00
1777907217,loop22,0.00,0.00,0.000,0.000,0.00
1777907217,loop23,0.00,0.00,0.000,0.000,0.00
1777907217,loop24,0.00,0.00,0.000,0.000,0.00
1777907217,loop25,0.00,0.00,0.000,0.000,0.00
1777907217,loop26,0.00,0.00,0.000,0.000,0.00
1777907217,loop27,0.00,0.00,0.000,0.000,0.00
1777907217,loop28,0.00,0.00,0.000,0.000,0.00
1777907217,loop29,0.00,0.00,0.000,0.000,0.00
1777907217,loop3,0.00,0.00,0.000,0.000,0.00
1777907217,loop30,0.00,0.00,0.000,0.000,0.00
1777907217,loop31,0.00,0.00,0.000,0.000,0.00
1777907217,loop32,0.00,0.00,0.000,0.000,0.00
1777907217,loop33,0.00,0.00,0.000,0.000,0.00
1777907217,loop34,0.00,0.00,0.000,0.000,0.00
1777907217,loop35,0.00,0.00,0.000,0.000,0.00
1777907217,loop36,0.00,0.00,0.000,0.000,0.00
1777907217,loop37,0.00,0.00,0.000,0.000,0.00
1777907217,loop38,0.00,0.00,0.000,0.000,0.00
1777907217,loop39,0.00,0.00,0.000,0.000,0.00
1777907217,loop4,0.00,0.00,0.000,0.000,0.00
1777907217,loop40,0.00,0.00,0.000,0.000,0.00
1777907217,loop5,0.00,0.00,0.000,0.000,0.00
1777907217,loop6,0.00,0.00,0.000,0.000,0.00
1777907217,loop7,0.00,0.00,0.000,0.000,0.00
1777907217,loop8,0.00,0.00,0.000,0.000,0.00
1777907217,loop9,0.00,0.00,0.000,0.000,0.00
1777907217,nvme0n1,0.00,0.00,0.000,0.000,0.00
