t_unix,device,r_iops,w_iops,r_mb_s,w_mb_s,util_pct
1777901704,loop0,0.00,0.00,0.000,0.000,0.00
1777901704,loop1,0.00,0.00,0.000,0.000,0.00
1777901704,loop10,0.00,0.00,0.000,0.000,0.00
1777901704,loop11,0.00,0.00,0.000,0.000,0.00
1777901704,loop12,0.00,0.00,0.000,0.000,0.00
1777901704,loop13,0.00,0.00,0.000,0.000,0.00
1777901704,loop14,0.00,0.00,0.000,0.000,0.00
1777901704,loop15,0.00,0.00,0.000,0.000,0.00
1777901704,loop16,0.00,0.00,0.000,0.000,0.00
1777901704,loop17,0.00,0.00,0.000,0.000,0.00
1777901704,loop18,0.00,0.00,0.000,0.000,0.00
1777901704,loop19,0.00,0.00,0.000,0.000,0.00
1777901704,loop2,0.00,0.00,0.000,0.000,0.00
1777901704,loop20,0.00,0.00,0.000,0.000,0.00
1777901704,loop21,0.00,0.00,0.000,0.000,0.00
1777901704,loop22,0.00,0.00,0.000,0.000,0.00
1777901704,loop23,0.00,0.00,0.000,0.000,0.00
1777901704,loop24,0.00,0.00,0.000,0.000,0.00
1777901704,loop25,0.00,0.00,0.000,0.000,0.00
1777901704,loop26,0.00,0.00,0.000,0.000,0.00
1777901704,loop27,0.00,0.00,0.000,0.000,0.00
1777901704,loop28,0.00,0.00,0.000,0.000,0.00
1777901704,loop29,0.00,0.00,0.000,0.000,0.00
1777901704,loop3,0.00,0.00,0.000,0.000,0.00
1777901704,loop30,0.00,0.00,0.000,0.000,0.00
1777901704,loop31,0.00,0.00,0.000,0.000,0.00
1777901704,loop32,0.00,0.00,0.000,0.000,0.00
1777901704,loop33,0.00,0.00,0.000,0.000,0.00
1777901704,loop34,0.00,0.00,0.000,0.000,0.00
1777901704,loop35,0.00,0.00,0.000,0.000,0.00
1777901704,loop36,0.00,0.00,0.000,0.000,0.00
1777901704,loop37,0.00,0.00,0.000,0.000,0.00
1777901704,loop38,0.00,0.00,0.000,0.000,0.00
1777901704,loop39,0.00,0.00,0.000,0.000,0.00
1777901704,loop4,0.00,0.00,0.000,0.000,0.00
1777901704,loop40,0.00,0.00,0.000,0.000,0.00
1777901704,loop5,0.00,0.00,0.000,0.000,0.00
1777901704,loop6,0.00,0.00,0.000,0.000,0.00
1777901704,loop7,0.00,0.00,0.000,0.000,0.00
1777901704,loop8,0.00,0.00,0.000,0.000,0.00
1777901704,loop9,0.00,0.00,0.000,0.000,0.00
1777901704,nvme0n1,0.00,0.00,0.000,0.000,0.00
1777901705,loop0,0.00,0.00,0.000,0.000,0.00
1777901705,loop1,0.00,0.00,0.000,0.000,0.00
1777901705,loop10,0.00,0.00,0.000,0.000,0.00
1777901705,loop11,0.00,0.00,0.000,0.000,0.00
1777901705,loop12,0.00,0.00,0.000,0.000,0.00
1777901705,loop13,0.00,0.00,0.000,0.000,0.00
1777901705,loop14,0.00,0.00,0.000,0.000,0.00
1777901705,loop15,0.00,0.00,0.000,0.000,0.00
1777901705,loop16,0.00,0.00,0.000,0.000,0.00
1777901705,loop17,0.00,0.00,0.000,0.000,0.00
1777901705,loop18,0.00,0.00,0.000,0.000,0.00
1777901705,loop19,0.00,0.00,0.000,0.000,0.00
1777901705,loop2,0.00,0.00,0.000,0.000,0.00
1777901705,loop20,0.00,0.00,0.000,0.000,0.00
1777901705,loop21,0.00,0.00,0.000,0.000,0.00
1777901705,loop22,0.00,0.00,0.000,0.000,0.00
1777901705,loop23,0.00,0.00,0.000,0.000,0.00
1777901705,loop24,0.00,0.00,0.000,0.000,0.00
1777901705,loop25,0.00,0.00,0.000,0.000,0.00
1777901705,loop26,0.00,0.00,0.000,0.000,0.00
1777901705,loop27,0.00,0.00,0.000,0.000,0.00
1777901705,loop28,0.00,0.00,0.000,0.000,0.00
1777901705,loop29,0.00,0.00,0.000,0.000,0.00
1777901705,loop3,0.00,0.00,0.000,0.000,0.00
1777901705,loop30,0.00,0.00,0.000,0.000,0.00
1777901705,loop31,0.00,0.00,0.000,0.000,0.00
1777901705,loop32,0.00,0.00,0.000,0.000,0.00
1777901705,loop33,0.00,0.00,0.000,0.000,0.00
1777901705,loop34,0.00,0.00,0.000,0.000,0.00
1777901705,loop35,0.00,0.00,0.000,0.000,0.00
1777901705,loop36,0.00,0.00,0.000,0.000,0.00
1777901705,loop37,0.00,0.00,0.000,0.000,0.00
1777901705,loop38,0.00,0.00,0.000,0.000,0.00
1777901705,loop39,0.00,0.00,0.000,0.000,0.00
1777901705,loop4,0.00,0.00,0.000,0.000,0.00
1777901705,loop40,0.00,0.00,0.000,0.000,0.00
1777901705,loop5,0.00,0.00,0.000,0.000,0.00
1777901705,loop6,0.00,0.00,0.000,0.000,0.00
1777901705,loop7,0.00,0.00,0.000,0.000,0.00
1777901705,loop8,0.00,0.00,0.000,0.000,0.00
1777901705,loop9,0.00,0.00,0.000,0.000,0.00
1777901705,nvme0n1,0.00,0.00,0.000,0.000,0.00
1777901706,loop0,0.00,0.00,0.000,0.000,0.00
1777901706,loop1,0.00,0.00,0.000,0.000,0.00
1777901706,loop10,0.00,0.00,0.000,0.000,0.00
1777901706,loop11,0.00,0.00,0.000,0.000,0.00
1777901706,loop12,0.00,0.00,0.000,0.000,0.00
1777901706,loop13,0.00,0.00,0.000,0.000,0.00
1777901706,loop14,0.00,0.00,0.000,0.000,0.00
1777901706,loop15,0.00,0.00,0.000,0.000,0.00
1777901706,loop16,0.00,0.00,0.000,0.000,0.00
1777901706,loop17,0.00,0.00,0.000,0.000,0.00
1777901706,loop18,0.00,0.00,0.000,0.000,0.00
1777901706,loop19,0.00,0.00,0.000,0.000,0.00
1777901706,loop2,0.00,0.00,0.000,0.000,0.00
1777901706,loop20,0.00,0.00,0.000,0.000,0.00
1777901706,loop21,0.00,0.00,0.000,0.000,0.00
1777901706,loop22,0.00,0.00,0.000,0.000,0.00
1777901706,loop23,0.00,0.00,0.000,0.000,0.00
1777901706,loop24,0.00,0.00,0.000,0.000,0.00
1777901706,loop25,0.00,0.00,0.000,0.000,0.00
1777901706,loop26,0.00,0.00,0.000,0.000,0.00
1777901706,loop27,0.00,0.00,0.000,0.000,0.00
1777901706,loop28,0.00,0.00,0.000,0.000,0.00
1777901706,loop29,0.00,0.00,0.000,0.000,0.00
1777901706,loop3,0.00,0.00,0.000,0.000,0.00
1777901706,loop30,0.00,0.00,0.000,0.000,0.00
1777901706,loop31,0.00,0.00,0.000,0.000,0.00
1777901706,loop32,0.00,0.00,0.000,0.000,0.00
1777901706,loop33,0.00,0.00,0.000,0.000,0.00
1777901706,loop34,0.00,0.00,0.000,0.000,0.00
1777901706,loop35,0.00,0.00,0.000,0.000,0.00
1777901706,loop36,0.00,0.00,0.000,0.000,0.00
1777901706,loop37,0.00,0.00,0.000,0.000,0.00
1777901706,loop38,0.00,0.00,0.000,0.000,0.00
1777901706,loop39,0.00,0.00,0.000,0.000,0.00
1777901706,loop4,0.00,0.00,0.000,0.000,0.00
1777901706,loop40,0.00,0.00,0.000,0.000,0.00
1777901706,loop5,0.00,0.00,0.000,0.000,0.00
1777901706,loop6,0.00,0.00,0.000,0.000,0.00
1777901706,loop7,0.00,0.00,0.000,0.000,0.00
1777901706,loop8,0.00,0.00,0.000,0.000,0.00
1777901706,loop9,0.00,0.00,0.000,0.000,0.00
1777901706,nvme0n1,0.00,0.00,0.000,0.000,0.00
1777901707,loop0,0.00,0.00,0.000,0.000,0.00
1777901707,loop1,0.00,0.00,0.000,0.000,0.00
1777901707,loop10,0.00,0.00,0.000,0.000,0.00
1777901707,loop11,0.00,0.00,0.000,0.000,0.00
1777901707,loop12,0.00,0.00,0.000,0.000,0.00
1777901707,loop13,0.00,0.00,0.000,0.000,0.00
1777901707,loop14,0.00,0.00,0.000,0.000,0.00
1777901707,loop15,0.00,0.00,0.000,0.000,0.00
1777901707,loop16,0.00,0.00,0.000,0.000,0.00
1777901707,loop17,0.00,0.00,0.000,0.000,0.00
1777901707,loop18,0.00,0.00,0.000,0.000,0.00
1777901707,loop19,0.00,0.00,0.000,0.000,0.00
1777901707,loop2,0.00,0.00,0.000,0.000,0.00
1777901707,loop20,0.00,0.00,0.000,0.000,0.00
1777901707,loop21,0.00,0.00,0.000,0.000,0.00
1777901707,loop22,0.00,0.00,0.000,0.000,0.00
1777901707,loop23,0.00,0.00,0.000,0.000,0.00
1777901707,loop24,0.00,0.00,0.000,0.000,0.00
1777901707,loop25,0.00,0.00,0.000,0.000,0.00
1777901707,loop26,0.00,0.00,0.000,0.000,0.00
1777901707,loop27,0.00,0.00,0.000,0.000,0.00
1777901707,loop28,0.00,0.00,0.000,0.000,0.00
1777901707,loop29,0.00,0.00,0.000,0.000,0.00
1777901707,loop3,0.00,0.00,0.000,0.000,0.00
1777901707,loop30,0.00,0.00,0.000,0.000,0.00
1777901707,loop31,0.00,0.00,0.000,0.000,0.00
1777901707,loop32,0.00,0.00,0.000,0.000,0.00
1777901707,loop33,0.00,0.00,0.000,0.000,0.00
1777901707,loop34,0.00,0.00,0.000,0.000,0.00
1777901707,loop35,0.00,0.00,0.000,0.000,0.00
1777901707,loop36,0.00,0.00,0.000,0.000,0.00
1777901707,loop37,0.00,0.00,0.000,0.000,0.00
1777901707,loop38,0.00,0.00,0.000,0.000,0.00
1777901707,loop39,0.00,0.00,0.000,0.000,0.00
1777901707,loop4,0.00,0.00,0.000,0.000,0.00
1777901707,loop40,0.00,0.00,0.000,0.000,0.00
1777901707,loop5,0.00,0.00,0.000,0.000,0.00
1777901707,loop6,0.00,0.00,0.000,0.000,0.00
1777901707,loop7,0.00,0.00,0.000,0.000,0.00
1777901707,loop8,0.00,0.00,0.000,0.000,0.00
1777901707,loop9,0.00,0.00,0.000,0.000,0.00
1777901707,nvme0n1,0.00,0.00,0.000,0.000,0.00
1777901708,loop0,0.00,0.00,0.000,0.000,0.00
1777901708,loop1,0.00,0.00,0.000,0.000,0.00
1777901708,loop10,0.00,0.00,0.000,0.000,0.00
1777901708,loop11,0.00,0.00,0.000,0.000,0.00
1777901708,loop12,0.00,0.00,0.000,0.000,0.00
1777901708,loop13,0.00,0.00,0.000,0.000,0.00
1777901708,loop14,0.00,0.00,0.000,0.000,0.00
1777901708,loop15,0.00,0.00,0.000,0.000,0.00
1777901708,loop16,0.00,0.00,0.000,0.000,0.00
1777901708,loop17,0.00,0.00,0.000,0.000,0.00
1777901708,loop18,0.00,0.00,0.000,0.000,0.00
1777901708,loop19,0.00,0.00,0.000,0.000,0.00
1777901708,loop2,0.00,0.00,0.000,0.000,0.00
1777901708,loop20,0.00,0.00,0.000,0.000,0.00
1777901708,loop21,0.00,0.00,0.000,0.000,0.00
1777901708,loop22,0.00,0.00,0.000,0.000,0.00
1777901708,loop23,0.00,0.00,0.000,0.000,0.00
1777901708,loop24,0.00,0.00,0.000,0.000,0.00
1777901708,loop25,0.00,0.00,0.000,0.000,0.00
1777901708,loop26,0.00,0.00,0.000,0.000,0.00
1777901708,loop27,0.00,0.00,0.000,0.000,0.00
1777901708,loop28,0.00,0.00,0.000,0.000,0.00
1777901708,loop29,0.00,0.00,0.000,0.000,0.00
1777901708,loop3,0.00,0.00,0.000,0.000,0.00
1777901708,loop30,0.00,0.00,0.000,0.000,0.00
1777901708,loop31,0.00,0.00,0.000,0.000,0.00
1777901708,loop32,0.00,0.00,0.000,0.000,0.00
1777901708,loop33,0.00,0.00,0.000,0.000,0.00
1777901708,loop34,0.00,0.00,0.000,0.000,0.00
1777901708,loop35,0.00,0.00,0.000,0.000,0.00
1777901708,loop36,0.00,0.00,0.000,0.000,0.00
1777901708,loop37,0.00,0.00,0.000,0.000,0.00
1777901708,loop38,0.00,0.00,0.000,0.000,0.00
1777901708,loop39,0.00,0.00,0.000,0.000,0.00
1777901708,loop4,0.00,0.00,0.000,0.000,0.00
1777901708,loop40,0.00,0.00,0.000,0.000,0.00
1777901708,loop5,0.00,0.00,0.000,0.000,0.00
1777901708,loop6,0.00,0.00,0.000,0.000,0.00
1777901708,loop7,0.00,0.00,0.000,0.000,0.00
1777901708,loop8,0.00,0.00,0.000,0.000,0.00
1777901708,loop9,0.00,0.00,0.000,0.000,0.00
1777901708,nvme0n1,0.00,0.00,0.000,0.000,5.30
1777901709,loop0,0.00,0.00,0.000,0.000,0.00
1777901709,loop1,0.00,0.00,0.000,0.000,0.00
1777901709,loop10,0.00,0.00,0.000,0.000,0.00
1777901709,loop11,0.00,0.00,0.000,0.000,0.00
1777901709,loop12,0.00,0.00,0.000,0.000,0.00
1777901709,loop13,0.00,0.00,0.000,0.000,0.00
1777901709,loop14,0.00,0.00,0.000,0.000,0.00
1777901709,loop15,0.00,0.00,0.000,0.000,0.00
1777901709,loop16,0.00,0.00,0.000,0.000,0.00
1777901709,loop17,0.00,0.00,0.000,0.000,0.00
1777901709,loop18,0.00,0.00,0.000,0.000,0.00
1777901709,loop19,0.00,0.00,0.000,0.000,0.00
1777901709,loop2,0.00,0.00,0.000,0.000,0.00
1777901709,loop20,0.00,0.00,0.000,0.000,0.00
1777901709,loop21,0.00,0.00,0.000,0.000,0.00
1777901709,loop22,0.00,0.00,0.000,0.000,0.00
1777901709,loop23,0.00,0.00,0.000,0.000,0.00
1777901709,loop24,0.00,0.00,0.000,0.000,0.00
1777901709,loop25,0.00,0.00,0.000,0.000,0.00
1777901709,loop26,0.00,0.00,0.000,0.000,0.00
1777901709,loop27,0.00,0.00,0.000,0.000,0.00
1777901709,loop28,0.00,0.00,0.000,0.000,0.00
1777901709,loop29,0.00,0.00,0.000,0.000,0.00
1777901709,loop3,0.00,0.00,0.000,0.000,0.00
1777901709,loop30,0.00,0.00,0.000,0.000,0.00
1777901709,loop31,0.00,0.00,0.000,0.000,0.00
1777901709,loop32,0.00,0.00,0.000,0.000,0.00
1777901709,loop33,0.00,0.00,0.000,0.000,0.00
1777901709,loop34,0.00,0.00,0.000,0.000,0.00
1777901709,loop35,0.00,0.00,0.000,0.000,0.00
1777901709,loop36,0.00,0.00,0.000,0.000,0.00
1777901709,loop37,0.00,0.00,0.000,0.000,0.00
1777901709,loop38,0.00,0.00,0.000,0.000,0.00
1777901709,loop39,0.00,0.00,0.000,0.000,0.00
1777901709,loop4,0.00,0.00,0.000,0.000,0.00
1777901709,loop40,0.00,0.00,0.000,0.000,0.00
1777901709,loop5,0.00,0.00,0.000,0.000,0.00
1777901709,loop6,0.00,0.00,0.000,0.000,0.00
1777901709,loop7,0.00,0.00,0.000,0.000,0.00
1777901709,loop8,0.00,0.00,0.000,0.000,0.00
1777901709,loop9,0.00,0.00,0.000,0.000,0.00
1777901709,nvme0n1,1.00,4.00,0.000,0.000,0.10
1777901710,loop0,0.00,0.00,0.000,0.000,0.00
1777901710,loop1,0.00,0.00,0.000,0.000,0.00
1777901710,loop10,0.00,0.00,0.000,0.000,0.00
1777901710,loop11,0.00,0.00,0.000,0.000,0.00
1777901710,loop12,0.00,0.00,0.000,0.000,0.00
1777901710,loop13,0.00,0.00,0.000,0.000,0.00
1777901710,loop14,0.00,0.00,0.000,0.000,0.00
1777901710,loop15,0.00,0.00,0.000,0.000,0.00
1777901710,loop16,0.00,0.00,0.000,0.000,0.00
1777901710,loop17,0.00,0.00,0.000,0.000,0.00
1777901710,loop18,0.00,0.00,0.000,0.000,0.00
1777901710,loop19,0.00,0.00,0.000,0.000,0.00
1777901710,loop2,0.00,0.00,0.000,0.000,0.00
1777901710,loop20,0.00,0.00,0.000,0.000,0.00
1777901710,loop21,0.00,0.00,0.000,0.000,0.00
1777901710,loop22,0.00,0.00,0.000,0.000,0.00
1777901710,loop23,0.00,0.00,0.000,0.000,0.00
1777901710,loop24,0.00,0.00,0.000,0.000,0.00
1777901710,loop25,0.00,0.00,0.000,0.000,0.00
1777901710,loop26,0.00,0.00,0.000,0.000,0.00
1777901710,loop27,0.00,0.00,0.000,0.000,0.00
1777901710,loop28,0.00,0.00,0.000,0.000,0.00
1777901710,loop29,0.00,0.00,0.000,0.000,0.00
1777901710,loop3,0.00,0.00,0.000,0.000,0.00
1777901710,loop30,0.00,0.00,0.000,0.000,0.00
1777901710,loop31,0.00,0.00,0.000,0.000,0.00
1777901710,loop32,0.00,0.00,0.000,0.000,0.00
1777901710,loop33,0.00,0.00,0.000,0.000,0.00
1777901710,loop34,0.00,0.00,0.000,0.000,0.00
1777901710,loop35,0.00,0.00,0.000,0.000,0.00
1777901710,loop36,0.00,0.00,0.000,0.000,0.00
1777901710,loop37,0.00,0.00,0.000,0.000,0.00
1777901710,loop38,0.00,0.00,0.000,0.000,0.00
1777901710,loop39,0.00,0.00,0.000,0.000,0.00
1777901710,loop4,0.00,0.00,0.000,0.000,0.00
1777901710,loop40,0.00,0.00,0.000,0.000,0.00
1777901710,loop5,0.00,0.00,0.000,0.000,0.00
1777901710,loop6,0.00,0.00,0.000,0.000,0.00
1777901710,loop7,0.00,0.00,0.000,0.000,0.00
1777901710,loop8,0.00,0.00,0.000,0.000,0.00
1777901710,loop9,0.00,0.00,0.000,0.000,0.00
1777901710,nvme0n1,0.00,0.00,0.000,0.000,0.00
1777901711,loop0,0.00,0.00,0.000,0.000,0.00
1777901711,loop1,0.00,0.00,0.000,0.000,0.00
1777901711,loop10,0.00,0.00,0.000,0.000,0.00
1777901711,loop11,0.00,0.00,0.000,0.000,0.00
1777901711,loop12,0.00,0.00,0.000,0.000,0.00
1777901711,loop13,0.00,0.00,0.000,0.000,0.00
1777901711,loop14,0.00,0.00,0.000,0.000,0.00
1777901711,loop15,0.00,0.00,0.000,0.000,0.00
1777901711,loop16,0.00,0.00,0.000,0.000,0.00
1777901711,loop17,0.00,0.00,0.000,0.000,0.00
1777901711,loop18,0.00,0.00,0.000,0.000,0.00
1777901711,loop19,0.00,0.00,0.000,0.000,0.00
1777901711,loop2,0.00,0.00,0.000,0.000,0.00
1777901711,loop20,0.00,0.00,0.000,0.000,0.00
1777901711,loop21,0.00,0.00,0.000,0.000,0.00
1777901711,loop22,0.00,0.00,0.000,0.000,0.00
1777901711,loop23,0.00,0.00,0.000,0.000,0.00
1777901711,loop24,0.00,0.00,0.000,0.000,0.00
1777901711,loop25,0.00,0.00,0.000,0.000,0.00
1777901711,loop26,0.00,0.00,0.000,0.000,0.00
1777901711,loop27,0.00,0.00,0.000,0.000,0.00
1777901711,loop28,0.00,0.00,0.000,0.000,0.00
1777901711,loop29,0.00,0.00,0.000,0.000,0.00
1777901711,loop3,0.00,0.00,0.000,0.000,0.00
1777901711,loop30,0.00,0.00,0.000,0.000,0.00
1777901711,loop31,0.00,0.00,0.000,0.000,0.00
1777901711,loop32,0.00,0.00,0.000,0.000,0.00
1777901711,loop33,0.00,0.00,0.000,0.000,0.00
1777901711,loop34,0.00,0.00,0.000,0.000,0.00
1777901711,loop35,0.00,0.00,0.000,0.000,0.00
1777901711,loop36,0.00,0.00,0.000,0.000,0.00
1777901711,loop37,0.00,0.00,0.000,0.000,0.00
1777901711,loop38,0.00,0.00,0.000,0.000,0.00
1777901711,loop39,0.00,0.00,0.000,0.000,0.00
1777901711,loop4,0.00,0.00,0.000,0.000,0.00
1777901711,loop40,0.00,0.00,0.000,0.000,0.00
1777901711,loop5,0.00,0.00,0.000,0.000,0.00
1777901711,loop6,0.00,0.00,0.000,0.000,0.00
1777901711,loop7,0.00,0.00,0.000,0.000,0.00
1777901711,loop8,0.00,0.00,0.000,0.000,0.00
1777901711,loop9,0.00,0.00,0.000,0.000,0.00
1777901711,nvme0n1,0.00,0.00,0.000,0.000,0.00
1777901712,loop0,0.00,0.00,0.000,0.000,0.00
1777901712,loop1,0.00,0.00,0.000,0.000,0.00
1777901712,loop10,0.00,0.00,0.000,0.000,0.00
1777901712,loop11,0.00,0.00,0.000,0.000,0.00
1777901712,loop12,0.00,0.00,0.000,0.000,0.00
1777901712,loop13,0.00,0.00,0.000,0.000,0.00
1777901712,loop14,0.00,0.00,0.000,0.000,0.00
1777901712,loop15,0.00,0.00,0.000,0.000,0.00
1777901712,loop16,0.00,0.00,0.000,0.000,0.00
1777901712,loop17,0.00,0.00,0.000,0.000,0.00
1777901712,loop18,0.00,0.00,0.000,0.000,0.00
1777901712,loop19,0.00,0.00,0.000,0.000,0.00
1777901712,loop2,0.00,0.00,0.000,0.000,0.00
1777901712,loop20,0.00,0.00,0.000,0.000,0.00
1777901712,loop21,0.00,0.00,0.000,0.000,0.00
1777901712,loop22,0.00,0.00,0.000,0.000,0.00
1777901712,loop23,0.00,0.00,0.000,0.000,0.00
1777901712,loop24,0.00,0.00,0.000,0.000,0.00
1777901712,loop25,0.00,0.00,0.000,0.000,0.00
1777901712,loop26,0.00,0.00,0.000,0.000,0.00
1777901712,loop27,0.00,0.00,0.000,0.000,0.00
1777901712,loop28,0.00,0.00,0.000,0.000,0.00
1777901712,loop29,0.00,0.00,0.000,0.000,0.00
1777901712,loop3,0.00,0.00,0.000,0.000,0.00
1777901712,loop30,0.00,0.00,0.000,0.000,0.00
1777901712,loop31,0.00,0.00,0.000,0.000,0.00
1777901712,loop32,0.00,0.00,0.000,0.000,0.00
1777901712,loop33,0.00,0.00,0.000,0.000,0.00
1777901712,loop34,0.00,0.00,0.000,0.000,0.00
1777901712,loop35,0.00,0.00,0.000,0.000,0.00
1777901712,loop36,0.00,0.00,0.000,0.000,0.00
1777901712,loop37,0.00,0.00,0.000,0.000,0.00
1777901712,loop38,0.00,0.00,0.000,0.000,0.00
1777901712,loop39,0.00,0.00,0.000,0.000,0.00
1777901712,loop4,0.00,0.00,0.000,0.000,0.00
1777901712,loop40,0.00,0.00,0.000,0.000,0.00
1777901712,loop5,0.00,0.00,0.000,0.000,0.00
1777901712,loop6,0.00,0.00,0.000,0.000,0.00
1777901712,loop7,0.00,0.00,0.000,0.000,0.00
1777901712,loop8,0.00,0.00,0.000,0.000,0.00
1777901712,loop9,0.00,0.00,0.000,0.000,0.00
1777901712,nvme0n1,0.00,0.00,0.000,0.000,6.00
1777901713,loop0,0.00,0.00,0.000,0.000,0.00
1777901713,loop1,0.00,0.00,0.000,0.000,0.00
1777901713,loop10,0.00,0.00,0.000,0.000,0.00
1777901713,loop11,0.00,0.00,0.000,0.000,0.00
1777901713,loop12,0.00,0.00,0.000,0.000,0.00
1777901713,loop13,0.00,0.00,0.000,0.000,0.00
1777901713,loop14,0.00,0.00,0.000,0.000,0.00
1777901713,loop15,0.00,0.00,0.000,0.000,0.00
1777901713,loop16,0.00,0.00,0.000,0.000,0.00
1777901713,loop17,0.00,0.00,0.000,0.000,0.00
1777901713,loop18,0.00,0.00,0.000,0.000,0.00
1777901713,loop19,0.00,0.00,0.000,0.000,0.00
1777901713,loop2,0.00,0.00,0.000,0.000,0.00
1777901713,loop20,0.00,0.00,0.000,0.000,0.00
1777901713,loop21,0.00,0.00,0.000,0.000,0.00
1777901713,loop22,0.00,0.00,0.000,0.000,0.00
1777901713,loop23,0.00,0.00,0.000,0.000,0.00
1777901713,loop24,0.00,0.00,0.000,0.000,0.00
1777901713,loop25,0.00,0.00,0.000,0.000,0.00
1777901713,loop26,0.00,0.00,0.000,0.000,0.00
1777901713,loop27,0.00,0.00,0.000,0.000,0.00
1777901713,loop28,0.00,0.00,0.000,0.000,0.00
1777901713,loop29,0.00,0.00,0.000,0.000,0.00
1777901713,loop3,0.00,0.00,0.000,0.000,0.00
1777901713,loop30,0.00,0.00,0.000,0.000,0.00
1777901713,loop31,0.00,0.00,0.000,0.000,0.00
1777901713,loop32,0.00,0.00,0.000,0.000,0.00
1777901713,loop33,0.00,0.00,0.000,0.000,0.00
1777901713,loop34,0.00,0.00,0.000,0.000,0.00
1777901713,loop35,0.00,0.00,0.000,0.000,0.00
1777901713,loop36,0.00,0.00,0.000,0.000,0.00
1777901713,loop37,0.00,0.00,0.000,0.000,0.00
1777901713,loop38,0.00,0.00,0.000,0.000,0.00
1777901713,loop39,0.00,0.00,0.000,0.000,0.00
1777901713,loop4,0.00,0.00,0.000,0.000,0.00
1777901713,loop40,0.00,0.00,0.000,0.000,0.00
1777901713,loop5,0.00,0.00,0.000,0.000,0.00
1777901713,loop6,0.00,0.00,0.000,0.000,0.00
1777901713,loop7,0.00,0.00,0.000,0.000,0.00
1777901713,loop8,0.00,0.00,0.000,0.000,0.00
1777901713,loop9,0.00,0.00,0.000,0.000,0.00
1777901713,nvme0n1,3.00,12.00,0.000,0.000,0.20
1777901714,loop0,0.00,0.00,0.000,0.000,0.00
1777901714,loop1,0.00,0.00,0.000,0.000,0.00
1777901714,loop10,0.00,0.00,0.000,0.000,0.00
1777901714,loop11,0.00,0.00,0.000,0.000,0.00
1777901714,loop12,0.00,0.00,0.000,0.000,0.00
1777901714,loop13,0.00,0.00,0.000,0.000,0.00
1777901714,loop14,0.00,0.00,0.000,0.000,0.00
1777901714,loop15,0.00,0.00,0.000,0.000,0.00
1777901714,loop16,0.00,0.00,0.000,0.000,0.00
1777901714,loop17,0.00,0.00,0.000,0.000,0.00
1777901714,loop18,0.00,0.00,0.000,0.000,0.00
1777901714,loop19,0.00,0.00,0.000,0.000,0.00
1777901714,loop2,0.00,0.00,0.000,0.000,0.00
1777901714,loop20,0.00,0.00,0.000,0.000,0.00
1777901714,loop21,0.00,0.00,0.000,0.000,0.00
1777901714,loop22,0.00,0.00,0.000,0.000,0.00
1777901714,loop23,0.00,0.00,0.000,0.000,0.00
1777901714,loop24,0.00,0.00,0.000,0.000,0.00
1777901714,loop25,0.00,0.00,0.000,0.000,0.00
1777901714,loop26,0.00,0.00,0.000,0.000,0.00
1777901714,loop27,0.00,0.00,0.000,0.000,0.00
1777901714,loop28,0.00,0.00,0.000,0.000,0.00
1777901714,loop29,0.00,0.00,0.000,0.000,0.00
1777901714,loop3,0.00,0.00,0.000,0.000,0.00
1777901714,loop30,0.00,0.00,0.000,0.000,0.00
1777901714,loop31,0.00,0.00,0.000,0.000,0.00
1777901714,loop32,0.00,0.00,0.000,0.000,0.00
1777901714,loop33,0.00,0.00,0.000,0.000,0.00
1777901714,loop34,0.00,0.00,0.000,0.000,0.00
1777901714,loop35,0.00,0.00,0.000,0.000,0.00
1777901714,loop36,0.00,0.00,0.000,0.000,0.00
1777901714,loop37,0.00,0.00,0.000,0.000,0.00
1777901714,loop38,0.00,0.00,0.000,0.000,0.00
1777901714,loop39,0.00,0.00,0.000,0.000,0.00
1777901714,loop4,0.00,0.00,0.000,0.000,0.00
1777901714,loop40,0.00,0.00,0.000,0.000,0.00
1777901714,loop5,0.00,0.00,0.000,0.000,0.00
1777901714,loop6,0.00,0.00,0.000,0.000,0.00
1777901714,loop7,0.00,0.00,0.000,0.000,0.00
1777901714,loop8,0.00,0.00,0.000,0.000,0.00
1777901714,loop9,0.00,0.00,0.000,0.000,0.00
1777901714,nvme0n1,0.00,0.00,0.000,0.000,1.40
1777901715,loop0,0.00,0.00,0.000,0.000,0.00
1777901715,loop1,0.00,0.00,0.000,0.000,0.00
1777901715,loop10,0.00,0.00,0.000,0.000,0.00
1777901715,loop11,0.00,0.00,0.000,0.000,0.00
1777901715,loop12,0.00,0.00,0.000,0.000,0.00
1777901715,loop13,0.00,0.00,0.000,0.000,0.00
1777901715,loop14,0.00,0.00,0.000,0.000,0.00
1777901715,loop15,0.00,0.00,0.000,0.000,0.00
1777901715,loop16,0.00,0.00,0.000,0.000,0.00
1777901715,loop17,0.00,0.00,0.000,0.000,0.00
1777901715,loop18,0.00,0.00,0.000,0.000,0.00
1777901715,loop19,0.00,0.00,0.000,0.000,0.00
1777901715,loop2,0.00,0.00,0.000,0.000,0.00
1777901715,loop20,0.00,0.00,0.000,0.000,0.00
1777901715,loop21,0.00,0.00,0.000,0.000,0.00
1777901715,loop22,0.00,0.00,0.000,0.000,0.00
1777901715,loop23,0.00,0.00,0.000,0.000,0.00
1777901715,loop24,0.00,0.00,0.000,0.000,0.00
1777901715,loop25,0.00,0.00,0.000,0.000,0.00
1777901715,loop26,0.00,0.00,0.000,0.000,0.00
1777901715,loop27,0.00,0.00,0.000,0.000,0.00
1777901715,loop28,0.00,0.00,0.000,0.000,0.00
1777901715,loop29,0.00,0.00,0.000,0.000,0.00
1777901715,loop3,0.00,0.00,0.000,0.000,0.00
1777901715,loop30,0.00,0.00,0.000,0.000,0.00
1777901715,loop31,0.00,0.00,0.000,0.000,0.00
1777901715,loop32,0.00,0.00,0.000,0.000,0.00
1777901715,loop33,0.00,0.00,0.000,0.000,0.00
1777901715,loop34,0.00,0.00,0.000,0.000,0.00
1777901715,loop35,0.00,0.00,0.000,0.000,0.00
1777901715,loop36,0.00,0.00,0.000,0.000,0.00
1777901715,loop37,0.00,0.00,0.000,0.000,0.00
1777901715,loop38,0.00,0.00,0.000,0.000,0.00
1777901715,loop39,0.00,0.00,0.000,0.000,0.00
1777901715,loop4,0.00,0.00,0.000,0.000,0.00
1777901715,loop40,0.00,0.00,0.000,0.000,0.00
1777901715,loop5,0.00,0.00,0.000,0.000,0.00
1777901715,loop6,0.00,0.00,0.000,0.000,0.00
1777901715,loop7,0.00,0.00,0.000,0.000,0.00
1777901715,loop8,0.00,0.00,0.000,0.000,0.00
1777901715,loop9,0.00,0.00,0.000,0.000,0.00
1777901715,nvme0n1,0.00,0.00,0.000,0.000,0.00
1777901716,loop0,0.00,0.00,0.000,0.000,0.00
1777901716,loop1,0.00,0.00,0.000,0.000,0.00
1777901716,loop10,0.00,0.00,0.000,0.000,0.00
1777901716,loop11,0.00,0.00,0.000,0.000,0.00
1777901716,loop12,0.00,0.00,0.000,0.000,0.00
1777901716,loop13,0.00,0.00,0.000,0.000,0.00
1777901716,loop14,0.00,0.00,0.000,0.000,0.00
1777901716,loop15,0.00,0.00,0.000,0.000,0.00
1777901716,loop16,0.00,0.00,0.000,0.000,0.00
1777901716,loop17,0.00,0.00,0.000,0.000,0.00
1777901716,loop18,0.00,0.00,0.000,0.000,0.00
1777901716,loop19,0.00,0.00,0.000,0.000,0.00
1777901716,loop2,0.00,0.00,0.000,0.000,0.00
1777901716,loop20,0.00,0.00,0.000,0.000,0.00
1777901716,loop21,0.00,0.00,0.000,0.000,0.00
1777901716,loop22,0.00,0.00,0.000,0.000,0.00
1777901716,loop23,0.00,0.00,0.000,0.000,0.00
1777901716,loop24,0.00,0.00,0.000,0.000,0.00
1777901716,loop25,0.00,0.00,0.000,0.000,0.00
1777901716,loop26,0.00,0.00,0.000,0.000,0.00
1777901716,loop27,0.00,0.00,0.000,0.000,0.00
1777901716,loop28,0.00,0.00,0.000,0.000,0.00
1777901716,loop29,0.00,0.00,0.000,0.000,0.00
1777901716,loop3,0.00,0.00,0.000,0.000,0.00
1777901716,loop30,0.00,0.00,0.000,0.000,0.00
1777901716,loop31,0.00,0.00,0.000,0.000,0.00
1777901716,loop32,0.00,0.00,0.000,0.000,0.00
1777901716,loop33,0.00,0.00,0.000,0.000,0.00
1777901716,loop34,0.00,0.00,0.000,0.000,0.00
1777901716,loop35,0.00,0.00,0.000,0.000,0.00
1777901716,loop36,0.00,0.00,0.000,0.000,0.00
1777901716,loop37,0.00,0.00,0.000,0.000,0.00
1777901716,loop38,0.00,0.00,0.000,0.000,0.00
1777901716,loop39,0.00,0.00,0.000,0.000,0.00
1777901716,loop4,0.00,0.00,0.000,0.000,0.00
1777901716,loop40,0.00,0.00,0.000,0.000,0.00
1777901716,loop5,0.00,0.00,0.000,0.000,0.00
1777901716,loop6,0.00,0.00,0.000,0.000,0.00
1777901716,loop7,0.00,0.00,0.000,0.000,0.00
1777901716,loop8,0.00,0.00,0.000,0.000,0.00
1777901716,loop9,0.00,0.00,0.000,0.000,0.00
1777901716,nvme0n1,0.00,0.00,0.000,0.000,0.00
1777901717,loop0,0.00,0.00,0.000,0.000,0.00
1777901717,loop1,0.00,0.00,0.000,0.000,0.00
1777901717,loop10,0.00,0.00,0.000,0.000,0.00
1777901717,loop11,0.00,0.00,0.000,0.000,0.00
1777901717,loop12,0.00,0.00,0.000,0.000,0.00
1777901717,loop13,0.00,0.00,0.000,0.000,0.00
1777901717,loop14,0.00,0.00,0.000,0.000,0.00
1777901717,loop15,0.00,0.00,0.000,0.000,0.00
1777901717,loop16,0.00,0.00,0.000,0.000,0.00
1777901717,loop17,0.00,0.00,0.000,0.000,0.00
1777901717,loop18,0.00,0.00,0.000,0.000,0.00
1777901717,loop19,0.00,0.00,0.000,0.000,0.00
1777901717,loop2,0.00,0.00,0.000,0.000,0.00
1777901717,loop20,0.00,0.00,0.000,0.000,0.00
1777901717,loop21,0.00,0.00,0.000,0.000,0.00
1777901717,loop22,0.00,0.00,0.000,0.000,0.00
1777901717,loop23,0.00,0.00,0.000,0.000,0.00
1777901717,loop24,0.00,0.00,0.000,0.000,0.00
1777901717,loop25,0.00,0.00,0.000,0.000,0.00
1777901717,loop26,0.00,0.00,0.000,0.000,0.00
1777901717,loop27,0.00,0.00,0.000,0.000,0.00
1777901717,loop28,0.00,0.00,0.000,0.000,0.00
1777901717,loop29,0.00,0.00,0.000,0.000,0.00
1777901717,loop3,0.00,0.00,0.000,0.000,0.00
1777901717,loop30,0.00,0.00,0.000,0.000,0.00
1777901717,loop31,0.00,0.00,0.000,0.000,0.00
1777901717,loop32,0.00,0.00,0.000,0.000,0.00
1777901717,loop33,0.00,0.00,0.000,0.000,0.00
1777901717,loop34,0.00,0.00,0.000,0.000,0.00
1777901717,loop35,0.00,0.00,0.000,0.000,0.00
1777901717,loop36,0.00,0.00,0.000,0.000,0.00
1777901717,loop37,0.00,0.00,0.000,0.000,0.00
1777901717,loop38,0.00,0.00,0.000,0.000,0.00
1777901717,loop39,0.00,0.00,0.000,0.000,0.00
1777901717,loop4,0.00,0.00,0.000,0.000,0.00
1777901717,loop40,0.00,0.00,0.000,0.000,0.00
1777901717,loop5,0.00,0.00,0.000,0.000,0.00
1777901717,loop6,0.00,0.00,0.000,0.000,0.00
1777901717,loop7,0.00,0.00,0.000,0.000,0.00
1777901717,loop8,0.00,0.00,0.000,0.000,0.00
1777901717,loop9,0.00,0.00,0.000,0.000,0.00
1777901717,nvme0n1,2.00,8.00,0.000,0.000,0.30
1777901718,loop0,0.00,0.00,0.000,0.000,0.00
1777901718,loop1,0.00,0.00,0.000,0.000,0.00
1777901718,loop10,0.00,0.00,0.000,0.000,0.00
1777901718,loop11,0.00,0.00,0.000,0.000,0.00
1777901718,loop12,0.00,0.00,0.000,0.000,0.00
1777901718,loop13,0.00,0.00,0.000,0.000,0.00
1777901718,loop14,0.00,0.00,0.000,0.000,0.00
1777901718,loop15,0.00,0.00,0.000,0.000,0.00
1777901718,loop16,0.00,0.00,0.000,0.000,0.00
1777901718,loop17,0.00,0.00,0.000,0.000,0.00
1777901718,loop18,0.00,0.00,0.000,0.000,0.00
1777901718,loop19,0.00,0.00,0.000,0.000,0.00
1777901718,loop2,0.00,0.00,0.000,0.000,0.00
1777901718,loop20,0.00,0.00,0.000,0.000,0.00
1777901718,loop21,0.00,0.00,0.000,0.000,0.00
1777901718,loop22,0.00,0.00,0.000,0.000,0.00
1777901718,loop23,0.00,0.00,0.000,0.000,0.00
1777901718,loop24,0.00,0.00,0.000,0.000,0.00
1777901718,loop25,0.00,0.00,0.000,0.000,0.00
1777901718,loop26,0.00,0.00,0.000,0.000,0.00
1777901718,loop27,0.00,0.00,0.000,0.000,0.00
1777901718,loop28,0.00,0.00,0.000,0.000,0.00
1777901718,loop29,0.00,0.00,0.000,0.000,0.00
1777901718,loop3,0.00,0.00,0.000,0.000,0.00
1777901718,loop30,0.00,0.00,0.000,0.000,0.00
1777901718,loop31,0.00,0.00,0.000,0.000,0.00
1777901718,loop32,0.00,0.00,0.000,0.000,0.00
1777901718,loop33,0.00,0.00,0.000,0.000,0.00
1777901718,loop34,0.00,0.00,0.000,0.000,0.00
1777901718,loop35,0.00,0.00,0.000,0.000,0.00
1777901718,loop36,0.00,0.00,0.000,0.000,0.00
1777901718,loop37,0.00,0.00,0.000,0.000,0.00
1777901718,loop38,0.00,0.00,0.000,0.000,0.00
1777901718,loop39,0.00,0.00,0.000,0.000,0.00
1777901718,loop4,0.00,0.00,0.000,0.000,0.00
1777901718,loop40,0.00,0.00,0.000,0.000,0.00
1777901718,loop5,0.00,0.00,0.000,0.000,0.00
1777901718,loop6,0.00,0.00,0.000,0.000,0.00
1777901718,loop7,0.00,0.00,0.000,0.000,0.00
1777901718,loop8,0.00,0.00,0.000,0.000,0.00
1777901718,loop9,0.00,0.00,0.000,0.000,0.00
1777901718,nvme0n1,0.00,0.00,0.000,0.000,0.00
1777901719,loop0,0.00,0.00,0.000,0.000,0.00
1777901719,loop1,0.00,0.00,0.000,0.000,0.00
1777901719,loop10,0.00,0.00,0.000,0.000,0.00
1777901719,loop11,0.00,0.00,0.000,0.000,0.00
1777901719,loop12,0.00,0.00,0.000,0.000,0.00
1777901719,loop13,0.00,0.00,0.000,0.000,0.00
1777901719,loop14,0.00,0.00,0.000,0.000,0.00
1777901719,loop15,0.00,0.00,0.000,0.000,0.00
1777901719,loop16,0.00,0.00,0.000,0.000,0.00
1777901719,loop17,0.00,0.00,0.000,0.000,0.00
1777901719,loop18,0.00,0.00,0.000,0.000,0.00
1777901719,loop19,0.00,0.00,0.000,0.000,0.00
1777901719,loop2,0.00,0.00,0.000,0.000,0.00
1777901719,loop20,0.00,0.00,0.000,0.000,0.00
1777901719,loop21,0.00,0.00,0.000,0.000,0.00
1777901719,loop22,0.00,0.00,0.000,0.000,0.00
1777901719,loop23,0.00,0.00,0.000,0.000,0.00
1777901719,loop24,0.00,0.00,0.000,0.000,0.00
1777901719,loop25,0.00,0.00,0.000,0.000,0.00
1777901719,loop26,0.00,0.00,0.000,0.000,0.00
1777901719,loop27,0.00,0.00,0.000,0.000,0.00
1777901719,loop28,0.00,0.00,0.000,0.000,0.00
1777901719,loop29,0.00,0.00,0.000,0.000,0.00
1777901719,loop3,0.00,0.00,0.000,0.000,0.00
1777901719,loop30,0.00,0.00,0.000,0.000,0.00
1777901719,loop31,0.00,0.00,0.000,0.000,0.00
1777901719,loop32,0.00,0.00,0.000,0.000,0.00
1777901719,loop33,0.00,0.00,0.000,0.000,0.00
1777901719,loop34,0.00,0.00,0.000,0.000,0.00
1777901719,loop35,0.00,0.00,0.000,0.000,0.00
1777901719,loop36,0.00,0.00,0.000,0.000,0.00
1777901719,loop37,0.00,0.00,0.000,0.000,0.00
1777901719,loop38,0.00,0.00,0.000,0.000,0.00
1777901719,loop39,0.00,0.00,0.000,0.000,0.00
1777901719,loop4,0.00,0.00,0.000,0.000,0.00
1777901719,loop40,0.00,0.00,0.000,0.000,0.00
1777901719,loop5,0.00,0.00,0.000,0.000,0.00
1777901719,loop6,0.00,0.00,0.000,0.000,0.00
1777901719,loop7,0.00,0.00,0.000,0.000,0.00
1777901719,loop8,0.00,0.00,0.000,0.000,0.00
1777901719,loop9,0.00,0.00,0.000,0.000,0.00
1777901719,nvme0n1,1.00,4.00,0.000,0.000,3.20
1777901720,loop0,0.00,0.00,0.000,0.000,0.00
1777901720,loop1,0.00,0.00,0.000,0.000,0.00
1777901720,loop10,0.00,0.00,0.000,0.000,0.00
1777901720,loop11,0.00,0.00,0.000,0.000,0.00
1777901720,loop12,0.00,0.00,0.000,0.000,0.00
1777901720,loop13,0.00,0.00,0.000,0.000,0.00
1777901720,loop14,0.00,0.00,0.000,0.000,0.00
1777901720,loop15,0.00,0.00,0.000,0.000,0.00
1777901720,loop16,0.00,0.00,0.000,0.000,0.00
1777901720,loop17,0.00,0.00,0.000,0.000,0.00
1777901720,loop18,0.00,0.00,0.000,0.000,0.00
1777901720,loop19,0.00,0.00,0.000,0.000,0.00
1777901720,loop2,0.00,0.00,0.000,0.000,0.00
1777901720,loop20,0.00,0.00,0.000,0.000,0.00
1777901720,loop21,0.00,0.00,0.000,0.000,0.00
1777901720,loop22,0.00,0.00,0.000,0.000,0.00
1777901720,loop23,0.00,0.00,0.000,0.000,0.00
1777901720,loop24,0.00,0.00,0.000,0.000,0.00
1777901720,loop25,0.00,0.00,0.000,0.000,0.00
1777901720,loop26,0.00,0.00,0.000,0.000,0.00
1777901720,loop27,0.00,0.00,0.000,0.000,0.00
1777901720,loop28,0.00,0.00,0.000,0.000,0.00
1777901720,loop29,0.00,0.00,0.000,0.000,0.00
1777901720,loop3,0.00,0.00,0.000,0.000,0.00
1777901720,loop30,0.00,0.00,0.000,0.000,0.00
1777901720,loop31,0.00,0.00,0.000,0.000,0.00
1777901720,loop32,0.00,0.00,0.000,0.000,0.00
1777901720,loop33,0.00,0.00,0.000,0.000,0.00
1777901720,loop34,0.00,0.00,0.000,0.000,0.00
1777901720,loop35,0.00,0.00,0.000,0.000,0.00
1777901720,loop36,0.00,0.00,0.000,0.000,0.00
1777901720,loop37,0.00,0.00,0.000,0.000,0.00
1777901720,loop38,0.00,0.00,0.000,0.000,0.00
1777901720,loop39,0.00,0.00,0.000,0.000,0.00
1777901720,loop4,0.00,0.00,0.000,0.000,0.00
1777901720,loop40,0.00,0.00,0.000,0.000,0.00
1777901720,loop5,0.00,0.00,0.000,0.000,0.00
1777901720,loop6,0.00,0.00,0.000,0.000,0.00
1777901720,loop7,0.00,0.00,0.000,0.000,0.00
1777901720,loop8,0.00,0.00,0.000,0.000,0.00
1777901720,loop9,0.00,0.00,0.000,0.000,0.00
1777901720,nvme0n1,0.00,0.00,0.000,0.000,0.00
1777901721,loop0,0.00,0.00,0.000,0.000,0.00
1777901721,loop1,0.00,0.00,0.000,0.000,0.00
1777901721,loop10,0.00,0.00,0.000,0.000,0.00
1777901721,loop11,0.00,0.00,0.000,0.000,0.00
1777901721,loop12,0.00,0.00,0.000,0.000,0.00
1777901721,loop13,0.00,0.00,0.000,0.000,0.00
1777901721,loop14,0.00,0.00,0.000,0.000,0.00
1777901721,loop15,0.00,0.00,0.000,0.000,0.00
1777901721,loop16,0.00,0.00,0.000,0.000,0.00
1777901721,loop17,0.00,0.00,0.000,0.000,0.00
1777901721,loop18,0.00,0.00,0.000,0.000,0.00
1777901721,loop19,0.00,0.00,0.000,0.000,0.00
1777901721,loop2,0.00,0.00,0.000,0.000,0.00
1777901721,loop20,0.00,0.00,0.000,0.000,0.00
1777901721,loop21,0.00,0.00,0.000,0.000,0.00
1777901721,loop22,0.00,0.00,0.000,0.000,0.00
1777901721,loop23,0.00,0.00,0.000,0.000,0.00
1777901721,loop24,0.00,0.00,0.000,0.000,0.00
1777901721,loop25,0.00,0.00,0.000,0.000,0.00
1777901721,loop26,0.00,0.00,0.000,0.000,0.00
1777901721,loop27,0.00,0.00,0.000,0.000,0.00
1777901721,loop28,0.00,0.00,0.000,0.000,0.00
1777901721,loop29,0.00,0.00,0.000,0.000,0.00
1777901721,loop3,0.00,0.00,0.000,0.000,0.00
1777901721,loop30,0.00,0.00,0.000,0.000,0.00
1777901721,loop31,0.00,0.00,0.000,0.000,0.00
1777901721,loop32,0.00,0.00,0.000,0.000,0.00
1777901721,loop33,0.00,0.00,0.000,0.000,0.00
1777901721,loop34,0.00,0.00,0.000,0.000,0.00
1777901721,loop35,0.00,0.00,0.000,0.000,0.00
1777901721,loop36,0.00,0.00,0.000,0.000,0.00
1777901721,loop37,0.00,0.00,0.000,0.000,0.00
1777901721,loop38,0.00,0.00,0.000,0.000,0.00
1777901721,loop39,0.00,0.00,0.000,0.000,0.00
1777901721,loop4,0.00,0.00,0.000,0.000,0.00
1777901721,loop40,0.00,0.00,0.000,0.000,0.00
1777901721,loop5,0.00,0.00,0.000,0.000,0.00
1777901721,loop6,0.00,0.00,0.000,0.000,0.00
1777901721,loop7,0.00,0.00,0.000,0.000,0.00
1777901721,loop8,0.00,0.00,0.000,0.000,0.00
1777901721,loop9,0.00,0.00,0.000,0.000,0.00
1777901721,nvme0n1,11.00,76.00,0.000,0.000,0.30
1777901722,loop0,0.00,0.00,0.000,0.000,0.00
1777901722,loop1,0.00,0.00,0.000,0.000,0.00
1777901722,loop10,0.00,0.00,0.000,0.000,0.00
1777901722,loop11,0.00,0.00,0.000,0.000,0.00
1777901722,loop12,0.00,0.00,0.000,0.000,0.00
1777901722,loop13,0.00,0.00,0.000,0.000,0.00
1777901722,loop14,0.00,0.00,0.000,0.000,0.00
1777901722,loop15,0.00,0.00,0.000,0.000,0.00
1777901722,loop16,0.00,0.00,0.000,0.000,0.00
1777901722,loop17,0.00,0.00,0.000,0.000,0.00
1777901722,loop18,0.00,0.00,0.000,0.000,0.00
1777901722,loop19,0.00,0.00,0.000,0.000,0.00
1777901722,loop2,0.00,0.00,0.000,0.000,0.00
1777901722,loop20,0.00,0.00,0.000,0.000,0.00
1777901722,loop21,0.00,0.00,0.000,0.000,0.00
1777901722,loop22,0.00,0.00,0.000,0.000,0.00
1777901722,loop23,0.00,0.00,0.000,0.000,0.00
1777901722,loop24,0.00,0.00,0.000,0.000,0.00
1777901722,loop25,0.00,0.00,0.000,0.000,0.00
1777901722,loop26,0.00,0.00,0.000,0.000,0.00
1777901722,loop27,0.00,0.00,0.000,0.000,0.00
1777901722,loop28,0.00,0.00,0.000,0.000,0.00
1777901722,loop29,0.00,0.00,0.000,0.000,0.00
1777901722,loop3,0.00,0.00,0.000,0.000,0.00
1777901722,loop30,0.00,0.00,0.000,0.000,0.00
1777901722,loop31,0.00,0.00,0.000,0.000,0.00
1777901722,loop32,0.00,0.00,0.000,0.000,0.00
1777901722,loop33,0.00,0.00,0.000,0.000,0.00
1777901722,loop34,0.00,0.00,0.000,0.000,0.00
1777901722,loop35,0.00,0.00,0.000,0.000,0.00
1777901722,loop36,0.00,0.00,0.000,0.000,0.00
1777901722,loop37,0.00,0.00,0.000,0.000,0.00
1777901722,loop38,0.00,0.00,0.000,0.000,0.00
1777901722,loop39,0.00,0.00,0.000,0.000,0.00
1777901722,loop4,0.00,0.00,0.000,0.000,0.00
1777901722,loop40,0.00,0.00,0.000,0.000,0.00
1777901722,loop5,0.00,0.00,0.000,0.000,0.00
1777901722,loop6,0.00,0.00,0.000,0.000,0.00
1777901722,loop7,0.00,0.00,0.000,0.000,0.00
1777901722,loop8,0.00,0.00,0.000,0.000,0.00
1777901722,loop9,0.00,0.00,0.000,0.000,0.00
1777901722,nvme0n1,0.00,0.00,0.000,0.000,0.00
1777901723,loop0,0.00,0.00,0.000,0.000,0.00
1777901723,loop1,0.00,0.00,0.000,0.000,0.00
1777901723,loop10,0.00,0.00,0.000,0.000,0.00
1777901723,loop11,0.00,0.00,0.000,0.000,0.00
1777901723,loop12,0.00,0.00,0.000,0.000,0.00
1777901723,loop13,0.00,0.00,0.000,0.000,0.00
1777901723,loop14,0.00,0.00,0.000,0.000,0.00
1777901723,loop15,0.00,0.00,0.000,0.000,0.00
1777901723,loop16,0.00,0.00,0.000,0.000,0.00
1777901723,loop17,0.00,0.00,0.000,0.000,0.00
1777901723,loop18,0.00,0.00,0.000,0.000,0.00
1777901723,loop19,0.00,0.00,0.000,0.000,0.00
1777901723,loop2,0.00,0.00,0.000,0.000,0.00
1777901723,loop20,0.00,0.00,0.000,0.000,0.00
1777901723,loop21,0.00,0.00,0.000,0.000,0.00
1777901723,loop22,0.00,0.00,0.000,0.000,0.00
1777901723,loop23,0.00,0.00,0.000,0.000,0.00
1777901723,loop24,0.00,0.00,0.000,0.000,0.00
1777901723,loop25,0.00,0.00,0.000,0.000,0.00
1777901723,loop26,0.00,0.00,0.000,0.000,0.00
1777901723,loop27,0.00,0.00,0.000,0.000,0.00
1777901723,loop28,0.00,0.00,0.000,0.000,0.00
1777901723,loop29,0.00,0.00,0.000,0.000,0.00
1777901723,loop3,0.00,0.00,0.000,0.000,0.00
1777901723,loop30,0.00,0.00,0.000,0.000,0.00
1777901723,loop31,0.00,0.00,0.000,0.000,0.00
1777901723,loop32,0.00,0.00,0.000,0.000,0.00
1777901723,loop33,0.00,0.00,0.000,0.000,0.00
1777901723,loop34,0.00,0.00,0.000,0.000,0.00
1777901723,loop35,0.00,0.00,0.000,0.000,0.00
1777901723,loop36,0.00,0.00,0.000,0.000,0.00
1777901723,loop37,0.00,0.00,0.000,0.000,0.00
1777901723,loop38,0.00,0.00,0.000,0.000,0.00
1777901723,loop39,0.00,0.00,0.000,0.000,0.00
1777901723,loop4,0.00,0.00,0.000,0.000,0.00
1777901723,loop40,0.00,0.00,0.000,0.000,0.00
1777901723,loop5,0.00,0.00,0.000,0.000,0.00
1777901723,loop6,0.00,0.00,0.000,0.000,0.00
1777901723,loop7,0.00,0.00,0.000,0.000,0.00
1777901723,loop8,0.00,0.00,0.000,0.000,0.00
1777901723,loop9,0.00,0.00,0.000,0.000,0.00
1777901723,nvme0n1,0.00,0.00,0.000,0.000,0.00
1777901724,loop0,0.00,0.00,0.000,0.000,0.00
1777901724,loop1,0.00,0.00,0.000,0.000,0.00
1777901724,loop10,0.00,0.00,0.000,0.000,0.00
1777901724,loop11,0.00,0.00,0.000,0.000,0.00
1777901724,loop12,0.00,0.00,0.000,0.000,0.00
1777901724,loop13,0.00,0.00,0.000,0.000,0.00
1777901724,loop14,0.00,0.00,0.000,0.000,0.00
1777901724,loop15,0.00,0.00,0.000,0.000,0.00
1777901724,loop16,0.00,0.00,0.000,0.000,0.00
1777901724,loop17,0.00,0.00,0.000,0.000,0.00
1777901724,loop18,0.00,0.00,0.000,0.000,0.00
1777901724,loop19,0.00,0.00,0.000,0.000,0.00
1777901724,loop2,0.00,0.00,0.000,0.000,0.00
1777901724,loop20,0.00,0.00,0.000,0.000,0.00
1777901724,loop21,0.00,0.00,0.000,0.000,0.00
1777901724,loop22,0.00,0.00,0.000,0.000,0.00
1777901724,loop23,0.00,0.00,0.000,0.000,0.00
1777901724,loop24,0.00,0.00,0.000,0.000,0.00
1777901724,loop25,0.00,0.00,0.000,0.000,0.00
1777901724,loop26,0.00,0.00,0.000,0.000,0.00
1777901724,loop27,0.00,0.00,0.000,0.000,0.00
1777901724,loop28,0.00,0.00,0.000,0.000,0.00
1777901724,loop29,0.00,0.00,0.000,0.000,0.00
1777901724,loop3,0.00,0.00,0.000,0.000,0.00
1777901724,loop30,0.00,0.00,0.000,0.000,0.00
1777901724,loop31,0.00,0.00,0.000,0.000,0.00
1777901724,loop32,0.00,0.00,0.000,0.000,0.00
1777901724,loop33,0.00,0.00,0.000,0.000,0.00
1777901724,loop34,0.00,0.00,0.000,0.000,0.00
1777901724,loop35,0.00,0.00,0.000,0.000,0.00
1777901724,loop36,0.00,0.00,0.000,0.000,0.00
1777901724,loop37,0.00,0.00,0.000,0.000,0.00
1777901724,loop38,0.00,0.00,0.000,0.000,0.00
1777901724,loop39,0.00,0.00,0.000,0.000,0.00
1777901724,loop4,0.00,0.00,0.000,0.000,0.00
1777901724,loop40,0.00,0.00,0.000,0.000,0.00
1777901724,loop5,0.00,0.00,0.000,0.000,0.00
1777901724,loop6,0.00,0.00,0.000,0.000,0.00
1777901724,loop7,0.00,0.00,0.000,0.000,0.00
1777901724,loop8,0.00,0.00,0.000,0.000,0.00
1777901724,loop9,0.00,0.00,0.000,0.000,0.00
1777901724,nvme0n1,0.00,0.00,0.000,0.000,2.00
1777901725,loop0,0.00,0.00,0.000,0.000,0.00
1777901725,loop1,0.00,0.00,0.000,0.000,0.00
1777901725,loop10,0.00,0.00,0.000,0.000,0.00
1777901725,loop11,0.00,0.00,0.000,0.000,0.00
1777901725,loop12,0.00,0.00,0.000,0.000,0.00
1777901725,loop13,0.00,0.00,0.000,0.000,0.00
1777901725,loop14,0.00,0.00,0.000,0.000,0.00
1777901725,loop15,0.00,0.00,0.000,0.000,0.00
1777901725,loop16,0.00,0.00,0.000,0.000,0.00
1777901725,loop17,0.00,0.00,0.000,0.000,0.00
1777901725,loop18,0.00,0.00,0.000,0.000,0.00
1777901725,loop19,0.00,0.00,0.000,0.000,0.00
1777901725,loop2,0.00,0.00,0.000,0.000,0.00
1777901725,loop20,0.00,0.00,0.000,0.000,0.00
1777901725,loop21,0.00,0.00,0.000,0.000,0.00
1777901725,loop22,0.00,0.00,0.000,0.000,0.00
1777901725,loop23,0.00,0.00,0.000,0.000,0.00
1777901725,loop24,0.00,0.00,0.000,0.000,0.00
1777901725,loop25,0.00,0.00,0.000,0.000,0.00
1777901725,loop26,0.00,0.00,0.000,0.000,0.00
1777901725,loop27,0.00,0.00,0.000,0.000,0.00
1777901725,loop28,0.00,0.00,0.000,0.000,0.00
1777901725,loop29,0.00,0.00,0.000,0.000,0.00
1777901725,loop3,0.00,0.00,0.000,0.000,0.00
1777901725,loop30,0.00,0.00,0.000,0.000,0.00
1777901725,loop31,0.00,0.00,0.000,0.000,0.00
1777901725,loop32,0.00,0.00,0.000,0.000,0.00
1777901725,loop33,0.00,0.00,0.000,0.000,0.00
1777901725,loop34,0.00,0.00,0.000,0.000,0.00
1777901725,loop35,0.00,0.00,0.000,0.000,0.00
1777901725,loop36,0.00,0.00,0.000,0.000,0.00
1777901725,loop37,0.00,0.00,0.000,0.000,0.00
1777901725,loop38,0.00,0.00,0.000,0.000,0.00
1777901725,loop39,0.00,0.00,0.000,0.000,0.00
1777901725,loop4,0.00,0.00,0.000,0.000,0.00
1777901725,loop40,0.00,0.00,0.000,0.000,0.00
1777901725,loop5,0.00,0.00,0.000,0.000,0.00
1777901725,loop6,0.00,0.00,0.000,0.000,0.00
1777901725,loop7,0.00,0.00,0.000,0.000,0.00
1777901725,loop8,0.00,0.00,0.000,0.000,0.00
1777901725,loop9,0.00,0.00,0.000,0.000,0.00
1777901725,nvme0n1,0.00,0.00,0.000,0.000,0.00
1777901726,loop0,0.00,0.00,0.000,0.000,0.00
1777901726,loop1,0.00,0.00,0.000,0.000,0.00
1777901726,loop10,0.00,0.00,0.000,0.000,0.00
1777901726,loop11,0.00,0.00,0.000,0.000,0.00
1777901726,loop12,0.00,0.00,0.000,0.000,0.00
1777901726,loop13,0.00,0.00,0.000,0.000,0.00
1777901726,loop14,0.00,0.00,0.000,0.000,0.00
1777901726,loop15,0.00,0.00,0.000,0.000,0.00
1777901726,loop16,0.00,0.00,0.000,0.000,0.00
1777901726,loop17,0.00,0.00,0.000,0.000,0.00
1777901726,loop18,0.00,0.00,0.000,0.000,0.00
1777901726,loop19,0.00,0.00,0.000,0.000,0.00
1777901726,loop2,0.00,0.00,0.000,0.000,0.00
1777901726,loop20,0.00,0.00,0.000,0.000,0.00
1777901726,loop21,0.00,0.00,0.000,0.000,0.00
1777901726,loop22,0.00,0.00,0.000,0.000,0.00
1777901726,loop23,0.00,0.00,0.000,0.000,0.00
1777901726,loop24,0.00,0.00,0.000,0.000,0.00
1777901726,loop25,0.00,0.00,0.000,0.000,0.00
1777901726,loop26,0.00,0.00,0.000,0.000,0.00
1777901726,loop27,0.00,0.00,0.000,0.000,0.00
1777901726,loop28,0.00,0.00,0.000,0.000,0.00
1777901726,loop29,0.00,0.00,0.000,0.000,0.00
1777901726,loop3,0.00,0.00,0.000,0.000,0.00
1777901726,loop30,0.00,0.00,0.000,0.000,0.00
1777901726,loop31,0.00,0.00,0.000,0.000,0.00
1777901726,loop32,0.00,0.00,0.000,0.000,0.00
1777901726,loop33,0.00,0.00,0.000,0.000,0.00
1777901726,loop34,0.00,0.00,0.000,0.000,0.00
1777901726,loop35,0.00,0.00,0.000,0.000,0.00
1777901726,loop36,0.00,0.00,0.000,0.000,0.00
1777901726,loop37,0.00,0.00,0.000,0.000,0.00
1777901726,loop38,0.00,0.00,0.000,0.000,0.00
1777901726,loop39,0.00,0.00,0.000,0.000,0.00
1777901726,loop4,0.00,0.00,0.000,0.000,0.00
1777901726,loop40,0.00,0.00,0.000,0.000,0.00
1777901726,loop5,0.00,0.00,0.000,0.000,0.00
1777901726,loop6,0.00,0.00,0.000,0.000,0.00
1777901726,loop7,0.00,0.00,0.000,0.000,0.00
1777901726,loop8,0.00,0.00,0.000,0.000,0.00
1777901726,loop9,0.00,0.00,0.000,0.000,0.00
1777901726,nvme0n1,0.00,0.00,0.000,0.000,0.30
1777901727,loop0,0.00,0.00,0.000,0.000,0.00
1777901727,loop1,0.00,0.00,0.000,0.000,0.00
1777901727,loop10,0.00,0.00,0.000,0.000,0.00
1777901727,loop11,0.00,0.00,0.000,0.000,0.00
1777901727,loop12,0.00,0.00,0.000,0.000,0.00
1777901727,loop13,0.00,0.00,0.000,0.000,0.00
1777901727,loop14,0.00,0.00,0.000,0.000,0.00
1777901727,loop15,0.00,0.00,0.000,0.000,0.00
1777901727,loop16,0.00,0.00,0.000,0.000,0.00
1777901727,loop17,0.00,0.00,0.000,0.000,0.00
1777901727,loop18,0.00,0.00,0.000,0.000,0.00
1777901727,loop19,0.00,0.00,0.000,0.000,0.00
1777901727,loop2,0.00,0.00,0.000,0.000,0.00
1777901727,loop20,0.00,0.00,0.000,0.000,0.00
1777901727,loop21,0.00,0.00,0.000,0.000,0.00
1777901727,loop22,0.00,0.00,0.000,0.000,0.00
1777901727,loop23,0.00,0.00,0.000,0.000,0.00
1777901727,loop24,0.00,0.00,0.000,0.000,0.00
1777901727,loop25,0.00,0.00,0.000,0.000,0.00
1777901727,loop26,0.00,0.00,0.000,0.000,0.00
1777901727,loop27,0.00,0.00,0.000,0.000,0.00
1777901727,loop28,0.00,0.00,0.000,0.000,0.00
1777901727,loop29,0.00,0.00,0.000,0.000,0.00
1777901727,loop3,0.00,0.00,0.000,0.000,0.00
1777901727,loop30,0.00,0.00,0.000,0.000,0.00
1777901727,loop31,0.00,0.00,0.000,0.000,0.00
1777901727,loop32,0.00,0.00,0.000,0.000,0.00
1777901727,loop33,0.00,0.00,0.000,0.000,0.00
1777901727,loop34,0.00,0.00,0.000,0.000,0.00
1777901727,loop35,0.00,0.00,0.000,0.000,0.00
1777901727,loop36,0.00,0.00,0.000,0.000,0.00
1777901727,loop37,0.00,0.00,0.000,0.000,0.00
1777901727,loop38,0.00,0.00,0.000,0.000,0.00
1777901727,loop39,0.00,0.00,0.000,0.000,0.00
1777901727,loop4,0.00,0.00,0.000,0.000,0.00
1777901727,loop40,0.00,0.00,0.000,0.000,0.00
1777901727,loop5,0.00,0.00,0.000,0.000,0.00
1777901727,loop6,0.00,0.00,0.000,0.000,0.00
1777901727,loop7,0.00,0.00,0.000,0.000,0.00
1777901727,loop8,0.00,0.00,0.000,0.000,0.00
1777901727,loop9,0.00,0.00,0.000,0.000,0.00
1777901727,nvme0n1,0.00,0.00,0.000,0.000,0.00
1777901728,loop0,0.00,0.00,0.000,0.000,0.00
1777901728,loop1,0.00,0.00,0.000,0.000,0.00
1777901728,loop10,0.00,0.00,0.000,0.000,0.00
1777901728,loop11,0.00,0.00,0.000,0.000,0.00
1777901728,loop12,0.00,0.00,0.000,0.000,0.00
1777901728,loop13,0.00,0.00,0.000,0.000,0.00
1777901728,loop14,0.00,0.00,0.000,0.000,0.00
1777901728,loop15,0.00,0.00,0.000,0.000,0.00
1777901728,loop16,0.00,0.00,0.000,0.000,0.00
1777901728,loop17,0.00,0.00,0.000,0.000,0.00
1777901728,loop18,0.00,0.00,0.000,0.000,0.00
1777901728,loop19,0.00,0.00,0.000,0.000,0.00
1777901728,loop2,0.00,0.00,0.000,0.000,0.00
1777901728,loop20,0.00,0.00,0.000,0.000,0.00
1777901728,loop21,0.00,0.00,0.000,0.000,0.00
1777901728,loop22,0.00,0.00,0.000,0.000,0.00
1777901728,loop23,0.00,0.00,0.000,0.000,0.00
1777901728,loop24,0.00,0.00,0.000,0.000,0.00
1777901728,loop25,0.00,0.00,0.000,0.000,0.00
1777901728,loop26,0.00,0.00,0.000,0.000,0.00
1777901728,loop27,0.00,0.00,0.000,0.000,0.00
1777901728,loop28,0.00,0.00,0.000,0.000,0.00
1777901728,loop29,0.00,0.00,0.000,0.000,0.00
1777901728,loop3,0.00,0.00,0.000,0.000,0.00
1777901728,loop30,0.00,0.00,0.000,0.000,0.00
1777901728,loop31,0.00,0.00,0.000,0.000,0.00
1777901728,loop32,0.00,0.00,0.000,0.000,0.00
1777901728,loop33,0.00,0.00,0.000,0.000,0.00
1777901728,loop34,0.00,0.00,0.000,0.000,0.00
1777901728,loop35,0.00,0.00,0.000,0.000,0.00
1777901728,loop36,0.00,0.00,0.000,0.000,0.00
1777901728,loop37,0.00,0.00,0.000,0.000,0.00
1777901728,loop38,0.00,0.00,0.000,0.000,0.00
1777901728,loop39,0.00,0.00,0.000,0.000,0.00
1777901728,loop4,0.00,0.00,0.000,0.000,0.00
1777901728,loop40,0.00,0.00,0.000,0.000,0.00
1777901728,loop5,0.00,0.00,0.000,0.000,0.00
1777901728,loop6,0.00,0.00,0.000,0.000,0.00
1777901728,loop7,0.00,0.00,0.000,0.000,0.00
1777901728,loop8,0.00,0.00,0.000,0.000,0.00
1777901728,loop9,0.00,0.00,0.000,0.000,0.00
1777901728,nvme0n1,0.00,0.00,0.000,0.000,0.00
1777901729,loop0,0.00,0.00,0.000,0.000,0.00
1777901729,loop1,0.00,0.00,0.000,0.000,0.00
1777901729,loop10,0.00,0.00,0.000,0.000,0.00
1777901729,loop11,0.00,0.00,0.000,0.000,0.00
1777901729,loop12,0.00,0.00,0.000,0.000,0.00
1777901729,loop13,0.00,0.00,0.000,0.000,0.00
1777901729,loop14,0.00,0.00,0.000,0.000,0.00
1777901729,loop15,0.00,0.00,0.000,0.000,0.00
1777901729,loop16,0.00,0.00,0.000,0.000,0.00
1777901729,loop17,0.00,0.00,0.000,0.000,0.00
1777901729,loop18,0.00,0.00,0.000,0.000,0.00
1777901729,loop19,0.00,0.00,0.000,0.000,0.00
1777901729,loop2,0.00,0.00,0.000,0.000,0.00
1777901729,loop20,0.00,0.00,0.000,0.000,0.00
1777901729,loop21,0.00,0.00,0.000,0.000,0.00
1777901729,loop22,0.00,0.00,0.000,0.000,0.00
1777901729,loop23,0.00,0.00,0.000,0.000,0.00
1777901729,loop24,0.00,0.00,0.000,0.000,0.00
1777901729,loop25,0.00,0.00,0.000,0.000,0.00
1777901729,loop26,0.00,0.00,0.000,0.000,0.00
1777901729,loop27,0.00,0.00,0.000,0.000,0.00
1777901729,loop28,0.00,0.00,0.000,0.000,0.00
1777901729,loop29,0.00,0.00,0.000,0.000,0.00
1777901729,loop3,0.00,0.00,0.000,0.000,0.00
1777901729,loop30,0.00,0.00,0.000,0.000,0.00
1777901729,loop31,0.00,0.00,0.000,0.000,0.00
1777901729,loop32,0.00,0.00,0.000,0.000,0.00
1777901729,loop33,0.00,0.00,0.000,0.000,0.00
1777901729,loop34,0.00,0.00,0.000,0.000,0.00
1777901729,loop35,0.00,0.00,0.000,0.000,0.00
1777901729,loop36,0.00,0.00,0.000,0.000,0.00
1777901729,loop37,0.00,0.00,0.000,0.000,0.00
1777901729,loop38,0.00,0.00,0.000,0.000,0.00
1777901729,loop39,0.00,0.00,0.000,0.000,0.00
1777901729,loop4,0.00,0.00,0.000,0.000,0.00
1777901729,loop40,0.00,0.00,0.000,0.000,0.00
1777901729,loop5,0.00,0.00,0.000,0.000,0.00
1777901729,loop6,0.00,0.00,0.000,0.000,0.00
1777901729,loop7,0.00,0.00,0.000,0.000,0.00
1777901729,loop8,0.00,0.00,0.000,0.000,0.00
1777901729,loop9,0.00,0.00,0.000,0.000,0.00
1777901729,nvme0n1,0.00,0.00,0.000,0.000,2.10
1777901730,loop0,0.00,0.00,0.000,0.000,0.00
1777901730,loop1,0.00,0.00,0.000,0.000,0.00
1777901730,loop10,0.00,0.00,0.000,0.000,0.00
1777901730,loop11,0.00,0.00,0.000,0.000,0.00
1777901730,loop12,0.00,0.00,0.000,0.000,0.00
1777901730,loop13,0.00,0.00,0.000,0.000,0.00
1777901730,loop14,0.00,0.00,0.000,0.000,0.00
1777901730,loop15,0.00,0.00,0.000,0.000,0.00
1777901730,loop16,0.00,0.00,0.000,0.000,0.00
1777901730,loop17,0.00,0.00,0.000,0.000,0.00
1777901730,loop18,0.00,0.00,0.000,0.000,0.00
1777901730,loop19,0.00,0.00,0.000,0.000,0.00
1777901730,loop2,0.00,0.00,0.000,0.000,0.00
1777901730,loop20,0.00,0.00,0.000,0.000,0.00
1777901730,loop21,0.00,0.00,0.000,0.000,0.00
1777901730,loop22,0.00,0.00,0.000,0.000,0.00
1777901730,loop23,0.00,0.00,0.000,0.000,0.00
1777901730,loop24,0.00,0.00,0.000,0.000,0.00
1777901730,loop25,0.00,0.00,0.000,0.000,0.00
1777901730,loop26,0.00,0.00,0.000,0.000,0.00
1777901730,loop27,0.00,0.00,0.000,0.000,0.00
1777901730,loop28,0.00,0.00,0.000,0.000,0.00
1777901730,loop29,0.00,0.00,0.000,0.000,0.00
1777901730,loop3,0.00,0.00,0.000,0.000,0.00
1777901730,loop30,0.00,0.00,0.000,0.000,0.00
1777901730,loop31,0.00,0.00,0.000,0.000,0.00
1777901730,loop32,0.00,0.00,0.000,0.000,0.00
1777901730,loop33,0.00,0.00,0.000,0.000,0.00
1777901730,loop34,0.00,0.00,0.000,0.000,0.00
1777901730,loop35,0.00,0.00,0.000,0.000,0.00
1777901730,loop36,0.00,0.00,0.000,0.000,0.00
1777901730,loop37,0.00,0.00,0.000,0.000,0.00
1777901730,loop38,0.00,0.00,0.000,0.000,0.00
1777901730,loop39,0.00,0.00,0.000,0.000,0.00
1777901730,loop4,0.00,0.00,0.000,0.000,0.00
1777901730,loop40,0.00,0.00,0.000,0.000,0.00
1777901730,loop5,0.00,0.00,0.000,0.000,0.00
1777901730,loop6,0.00,0.00,0.000,0.000,0.00
1777901730,loop7,0.00,0.00,0.000,0.000,0.00
1777901730,loop8,0.00,0.00,0.000,0.000,0.00
1777901730,loop9,0.00,0.00,0.000,0.000,0.00
1777901730,nvme0n1,0.00,0.00,0.000,0.000,0.00
1777901731,loop0,0.00,0.00,0.000,0.000,0.00
1777901731,loop1,0.00,0.00,0.000,0.000,0.00
1777901731,loop10,0.00,0.00,0.000,0.000,0.00
1777901731,loop11,0.00,0.00,0.000,0.000,0.00
1777901731,loop12,0.00,0.00,0.000,0.000,0.00
1777901731,loop13,0.00,0.00,0.000,0.000,0.00
1777901731,loop14,0.00,0.00,0.000,0.000,0.00
1777901731,loop15,0.00,0.00,0.000,0.000,0.00
1777901731,loop16,0.00,0.00,0.000,0.000,0.00
1777901731,loop17,0.00,0.00,0.000,0.000,0.00
1777901731,loop18,0.00,0.00,0.000,0.000,0.00
1777901731,loop19,0.00,0.00,0.000,0.000,0.00
1777901731,loop2,0.00,0.00,0.000,0.000,0.00
1777901731,loop20,0.00,0.00,0.000,0.000,0.00
1777901731,loop21,0.00,0.00,0.000,0.000,0.00
1777901731,loop22,0.00,0.00,0.000,0.000,0.00
1777901731,loop23,0.00,0.00,0.000,0.000,0.00
1777901731,loop24,0.00,0.00,0.000,0.000,0.00
1777901731,loop25,0.00,0.00,0.000,0.000,0.00
1777901731,loop26,0.00,0.00,0.000,0.000,0.00
1777901731,loop27,0.00,0.00,0.000,0.000,0.00
1777901731,loop28,0.00,0.00,0.000,0.000,0.00
1777901731,loop29,0.00,0.00,0.000,0.000,0.00
1777901731,loop3,0.00,0.00,0.000,0.000,0.00
1777901731,loop30,0.00,0.00,0.000,0.000,0.00
1777901731,loop31,0.00,0.00,0.000,0.000,0.00
1777901731,loop32,0.00,0.00,0.000,0.000,0.00
1777901731,loop33,0.00,0.00,0.000,0.000,0.00
1777901731,loop34,0.00,0.00,0.000,0.000,0.00
1777901731,loop35,0.00,0.00,0.000,0.000,0.00
1777901731,loop36,0.00,0.00,0.000,0.000,0.00
1777901731,loop37,0.00,0.00,0.000,0.000,0.00
1777901731,loop38,0.00,0.00,0.000,0.000,0.00
1777901731,loop39,0.00,0.00,0.000,0.000,0.00
1777901731,loop4,0.00,0.00,0.000,0.000,0.00
1777901731,loop40,0.00,0.00,0.000,0.000,0.00
1777901731,loop5,0.00,0.00,0.000,0.000,0.00
1777901731,loop6,0.00,0.00,0.000,0.000,0.00
1777901731,loop7,0.00,0.00,0.000,0.000,0.00
1777901731,loop8,0.00,0.00,0.000,0.000,0.00
1777901731,loop9,0.00,0.00,0.000,0.000,0.00
1777901731,nvme0n1,0.00,0.00,0.000,0.000,0.30
1777901732,loop0,0.00,0.00,0.000,0.000,0.00
1777901732,loop1,0.00,0.00,0.000,0.000,0.00
1777901732,loop10,0.00,0.00,0.000,0.000,0.00
1777901732,loop11,0.00,0.00,0.000,0.000,0.00
1777901732,loop12,0.00,0.00,0.000,0.000,0.00
1777901732,loop13,0.00,0.00,0.000,0.000,0.00
1777901732,loop14,0.00,0.00,0.000,0.000,0.00
1777901732,loop15,0.00,0.00,0.000,0.000,0.00
1777901732,loop16,0.00,0.00,0.000,0.000,0.00
1777901732,loop17,0.00,0.00,0.000,0.000,0.00
1777901732,loop18,0.00,0.00,0.000,0.000,0.00
1777901732,loop19,0.00,0.00,0.000,0.000,0.00
1777901732,loop2,0.00,0.00,0.000,0.000,0.00
1777901732,loop20,0.00,0.00,0.000,0.000,0.00
1777901732,loop21,0.00,0.00,0.000,0.000,0.00
1777901732,loop22,0.00,0.00,0.000,0.000,0.00
1777901732,loop23,0.00,0.00,0.000,0.000,0.00
1777901732,loop24,0.00,0.00,0.000,0.000,0.00
1777901732,loop25,0.00,0.00,0.000,0.000,0.00
1777901732,loop26,0.00,0.00,0.000,0.000,0.00
1777901732,loop27,0.00,0.00,0.000,0.000,0.00
1777901732,loop28,0.00,0.00,0.000,0.000,0.00
1777901732,loop29,0.00,0.00,0.000,0.000,0.00
1777901732,loop3,0.00,0.00,0.000,0.000,0.00
1777901732,loop30,0.00,0.00,0.000,0.000,0.00
1777901732,loop31,0.00,0.00,0.000,0.000,0.00
1777901732,loop32,0.00,0.00,0.000,0.000,0.00
1777901732,loop33,0.00,0.00,0.000,0.000,0.00
1777901732,loop34,0.00,0.00,0.000,0.000,0.00
1777901732,loop35,0.00,0.00,0.000,0.000,0.00
1777901732,loop36,0.00,0.00,0.000,0.000,0.00
1777901732,loop37,0.00,0.00,0.000,0.000,0.00
1777901732,loop38,0.00,0.00,0.000,0.000,0.00
1777901732,loop39,0.00,0.00,0.000,0.000,0.00
1777901732,loop4,0.00,0.00,0.000,0.000,0.00
1777901732,loop40,0.00,0.00,0.000,0.000,0.00
1777901732,loop5,0.00,0.00,0.000,0.000,0.00
1777901732,loop6,0.00,0.00,0.000,0.000,0.00
1777901732,loop7,0.00,0.00,0.000,0.000,0.00
1777901732,loop8,0.00,0.00,0.000,0.000,0.00
1777901732,loop9,0.00,0.00,0.000,0.000,0.00
1777901732,nvme0n1,0.00,0.00,0.000,0.000,0.00
1777901733,loop0,0.00,0.00,0.000,0.000,0.00
1777901733,loop1,0.00,0.00,0.000,0.000,0.00
1777901733,loop10,0.00,0.00,0.000,0.000,0.00
1777901733,loop11,0.00,0.00,0.000,0.000,0.00
1777901733,loop12,0.00,0.00,0.000,0.000,0.00
1777901733,loop13,0.00,0.00,0.000,0.000,0.00
1777901733,loop14,0.00,0.00,0.000,0.000,0.00
1777901733,loop15,0.00,0.00,0.000,0.000,0.00
1777901733,loop16,0.00,0.00,0.000,0.000,0.00
1777901733,loop17,0.00,0.00,0.000,0.000,0.00
1777901733,loop18,0.00,0.00,0.000,0.000,0.00
1777901733,loop19,0.00,0.00,0.000,0.000,0.00
1777901733,loop2,0.00,0.00,0.000,0.000,0.00
1777901733,loop20,0.00,0.00,0.000,0.000,0.00
1777901733,loop21,0.00,0.00,0.000,0.000,0.00
1777901733,loop22,0.00,0.00,0.000,0.000,0.00
1777901733,loop23,0.00,0.00,0.000,0.000,0.00
1777901733,loop24,0.00,0.00,0.000,0.000,0.00
1777901733,loop25,0.00,0.00,0.000,0.000,0.00
1777901733,loop26,0.00,0.00,0.000,0.000,0.00
1777901733,loop27,0.00,0.00,0.000,0.000,0.00
1777901733,loop28,0.00,0.00,0.000,0.000,0.00
1777901733,loop29,0.00,0.00,0.000,0.000,0.00
1777901733,loop3,0.00,0.00,0.000,0.000,0.00
1777901733,loop30,0.00,0.00,0.000,0.000,0.00
1777901733,loop31,0.00,0.00,0.000,0.000,0.00
1777901733,loop32,0.00,0.00,0.000,0.000,0.00
1777901733,loop33,0.00,0.00,0.000,0.000,0.00
1777901733,loop34,0.00,0.00,0.000,0.000,0.00
1777901733,loop35,0.00,0.00,0.000,0.000,0.00
1777901733,loop36,0.00,0.00,0.000,0.000,0.00
1777901733,loop37,0.00,0.00,0.000,0.000,0.00
1777901733,loop38,0.00,0.00,0.000,0.000,0.00
1777901733,loop39,0.00,0.00,0.000,0.000,0.00
1777901733,loop4,0.00,0.00,0.000,0.000,0.00
1777901733,loop40,0.00,0.00,0.000,0.000,0.00
1777901733,loop5,0.00,0.00,0.000,0.000,0.00
1777901733,loop6,0.00,0.00,0.000,0.000,0.00
1777901733,loop7,0.00,0.00,0.000,0.000,0.00
1777901733,loop8,0.00,0.00,0.000,0.000,0.00
1777901733,loop9,0.00,0.00,0.000,0.000,0.00
1777901733,nvme0n1,85.00,1796.00,0.073,0.046,1.10
1777901734,loop0,0.00,0.00,0.000,0.000,0.00
1777901734,loop1,0.00,0.00,0.000,0.000,0.00
1777901734,loop10,0.00,0.00,0.000,0.000,0.00
1777901734,loop11,0.00,0.00,0.000,0.000,0.00
1777901734,loop12,0.00,0.00,0.000,0.000,0.00
1777901734,loop13,0.00,0.00,0.000,0.000,0.00
1777901734,loop14,0.00,0.00,0.000,0.000,0.00
1777901734,loop15,0.00,0.00,0.000,0.000,0.00
1777901734,loop16,0.00,0.00,0.000,0.000,0.00
1777901734,loop17,0.00,0.00,0.000,0.000,0.00
1777901734,loop18,0.00,0.00,0.000,0.000,0.00
1777901734,loop19,0.00,0.00,0.000,0.000,0.00
1777901734,loop2,0.00,0.00,0.000,0.000,0.00
1777901734,loop20,0.00,0.00,0.000,0.000,0.00
1777901734,loop21,0.00,0.00,0.000,0.000,0.00
1777901734,loop22,0.00,0.00,0.000,0.000,0.00
1777901734,loop23,0.00,0.00,0.000,0.000,0.00
1777901734,loop24,0.00,0.00,0.000,0.000,0.00
1777901734,loop25,0.00,0.00,0.000,0.000,0.00
1777901734,loop26,0.00,0.00,0.000,0.000,0.00
1777901734,loop27,0.00,0.00,0.000,0.000,0.00
1777901734,loop28,0.00,0.00,0.000,0.000,0.00
1777901734,loop29,0.00,0.00,0.000,0.000,0.00
1777901734,loop3,0.00,0.00,0.000,0.000,0.00
1777901734,loop30,0.00,0.00,0.000,0.000,0.00
1777901734,loop31,0.00,0.00,0.000,0.000,0.00
1777901734,loop32,0.00,0.00,0.000,0.000,0.00
1777901734,loop33,0.00,0.00,0.000,0.000,0.00
1777901734,loop34,0.00,0.00,0.000,0.000,0.00
1777901734,loop35,0.00,0.00,0.000,0.000,0.00
1777901734,loop36,0.00,0.00,0.000,0.000,0.00
1777901734,loop37,0.00,0.00,0.000,0.000,0.00
1777901734,loop38,0.00,0.00,0.000,0.000,0.00
1777901734,loop39,0.00,0.00,0.000,0.000,0.00
1777901734,loop4,0.00,0.00,0.000,0.000,0.00
1777901734,loop40,0.00,0.00,0.000,0.000,0.00
1777901734,loop5,0.00,0.00,0.000,0.000,0.00
1777901734,loop6,0.00,0.00,0.000,0.000,0.00
1777901734,loop7,0.00,0.00,0.000,0.000,0.00
1777901734,loop8,0.00,0.00,0.000,0.000,0.00
1777901734,loop9,0.00,0.00,0.000,0.000,0.00
1777901734,nvme0n1,0.00,0.00,0.000,0.000,0.00
1777901735,loop0,0.00,0.00,0.000,0.000,0.00
1777901735,loop1,0.00,0.00,0.000,0.000,0.00
1777901735,loop10,0.00,0.00,0.000,0.000,0.00
1777901735,loop11,0.00,0.00,0.000,0.000,0.00
1777901735,loop12,0.00,0.00,0.000,0.000,0.00
1777901735,loop13,0.00,0.00,0.000,0.000,0.00
1777901735,loop14,0.00,0.00,0.000,0.000,0.00
1777901735,loop15,0.00,0.00,0.000,0.000,0.00
1777901735,loop16,0.00,0.00,0.000,0.000,0.00
1777901735,loop17,0.00,0.00,0.000,0.000,0.00
1777901735,loop18,0.00,0.00,0.000,0.000,0.00
1777901735,loop19,0.00,0.00,0.000,0.000,0.00
1777901735,loop2,0.00,0.00,0.000,0.000,0.00
1777901735,loop20,0.00,0.00,0.000,0.000,0.00
1777901735,loop21,0.00,0.00,0.000,0.000,0.00
1777901735,loop22,0.00,0.00,0.000,0.000,0.00
1777901735,loop23,0.00,0.00,0.000,0.000,0.00
1777901735,loop24,0.00,0.00,0.000,0.000,0.00
1777901735,loop25,0.00,0.00,0.000,0.000,0.00
1777901735,loop26,0.00,0.00,0.000,0.000,0.00
1777901735,loop27,0.00,0.00,0.000,0.000,0.00
1777901735,loop28,0.00,0.00,0.000,0.000,0.00
1777901735,loop29,0.00,0.00,0.000,0.000,0.00
1777901735,loop3,0.00,0.00,0.000,0.000,0.00
1777901735,loop30,0.00,0.00,0.000,0.000,0.00
1777901735,loop31,0.00,0.00,0.000,0.000,0.00
1777901735,loop32,0.00,0.00,0.000,0.000,0.00
1777901735,loop33,0.00,0.00,0.000,0.000,0.00
1777901735,loop34,0.00,0.00,0.000,0.000,0.00
1777901735,loop35,0.00,0.00,0.000,0.000,0.00
1777901735,loop36,0.00,0.00,0.000,0.000,0.00
1777901735,loop37,0.00,0.00,0.000,0.000,0.00
1777901735,loop38,0.00,0.00,0.000,0.000,0.00
1777901735,loop39,0.00,0.00,0.000,0.000,0.00
1777901735,loop4,0.00,0.00,0.000,0.000,0.00
1777901735,loop40,0.00,0.00,0.000,0.000,0.00
1777901735,loop5,0.00,0.00,0.000,0.000,0.00
1777901735,loop6,0.00,0.00,0.000,0.000,0.00
1777901735,loop7,0.00,0.00,0.000,0.000,0.00
1777901735,loop8,0.00,0.00,0.000,0.000,0.00
1777901735,loop9,0.00,0.00,0.000,0.000,0.00
1777901735,nvme0n1,0.00,0.00,0.000,0.000,0.00
1777901736,loop0,0.00,0.00,0.000,0.000,0.00
1777901736,loop1,0.00,0.00,0.000,0.000,0.00
1777901736,loop10,0.00,0.00,0.000,0.000,0.00
1777901736,loop11,0.00,0.00,0.000,0.000,0.00
1777901736,loop12,0.00,0.00,0.000,0.000,0.00
1777901736,loop13,0.00,0.00,0.000,0.000,0.00
1777901736,loop14,0.00,0.00,0.000,0.000,0.00
1777901736,loop15,0.00,0.00,0.000,0.000,0.00
1777901736,loop16,0.00,0.00,0.000,0.000,0.00
1777901736,loop17,0.00,0.00,0.000,0.000,0.00
1777901736,loop18,0.00,0.00,0.000,0.000,0.00
1777901736,loop19,0.00,0.00,0.000,0.000,0.00
1777901736,loop2,0.00,0.00,0.000,0.000,0.00
1777901736,loop20,0.00,0.00,0.000,0.000,0.00
1777901736,loop21,0.00,0.00,0.000,0.000,0.00
1777901736,loop22,0.00,0.00,0.000,0.000,0.00
1777901736,loop23,0.00,0.00,0.000,0.000,0.00
1777901736,loop24,0.00,0.00,0.000,0.000,0.00
1777901736,loop25,0.00,0.00,0.000,0.000,0.00
1777901736,loop26,0.00,0.00,0.000,0.000,0.00
1777901736,loop27,0.00,0.00,0.000,0.000,0.00
1777901736,loop28,0.00,0.00,0.000,0.000,0.00
1777901736,loop29,0.00,0.00,0.000,0.000,0.00
1777901736,loop3,0.00,0.00,0.000,0.000,0.00
1777901736,loop30,0.00,0.00,0.000,0.000,0.00
1777901736,loop31,0.00,0.00,0.000,0.000,0.00
1777901736,loop32,0.00,0.00,0.000,0.000,0.00
1777901736,loop33,0.00,0.00,0.000,0.000,0.00
1777901736,loop34,0.00,0.00,0.000,0.000,0.00
1777901736,loop35,0.00,0.00,0.000,0.000,0.00
1777901736,loop36,0.00,0.00,0.000,0.000,0.00
1777901736,loop37,0.00,0.00,0.000,0.000,0.00
1777901736,loop38,0.00,0.00,0.000,0.000,0.00
1777901736,loop39,0.00,0.00,0.000,0.000,0.00
1777901736,loop4,0.00,0.00,0.000,0.000,0.00
1777901736,loop40,0.00,0.00,0.000,0.000,0.00
1777901736,loop5,0.00,0.00,0.000,0.000,0.00
1777901736,loop6,0.00,0.00,0.000,0.000,0.00
1777901736,loop7,0.00,0.00,0.000,0.000,0.00
1777901736,loop8,0.00,0.00,0.000,0.000,0.00
1777901736,loop9,0.00,0.00,0.000,0.000,0.00
1777901736,nvme0n1,1.00,32.00,0.000,0.000,2.50
1777901737,loop0,0.00,0.00,0.000,0.000,0.00
1777901737,loop1,0.00,0.00,0.000,0.000,0.00
1777901737,loop10,0.00,0.00,0.000,0.000,0.00
1777901737,loop11,0.00,0.00,0.000,0.000,0.00
1777901737,loop12,0.00,0.00,0.000,0.000,0.00
1777901737,loop13,0.00,0.00,0.000,0.000,0.00
1777901737,loop14,0.00,0.00,0.000,0.000,0.00
1777901737,loop15,0.00,0.00,0.000,0.000,0.00
1777901737,loop16,0.00,0.00,0.000,0.000,0.00
1777901737,loop17,0.00,0.00,0.000,0.000,0.00
1777901737,loop18,0.00,0.00,0.000,0.000,0.00
1777901737,loop19,0.00,0.00,0.000,0.000,0.00
1777901737,loop2,0.00,0.00,0.000,0.000,0.00
1777901737,loop20,0.00,0.00,0.000,0.000,0.00
1777901737,loop21,0.00,0.00,0.000,0.000,0.00
1777901737,loop22,0.00,0.00,0.000,0.000,0.00
1777901737,loop23,0.00,0.00,0.000,0.000,0.00
1777901737,loop24,0.00,0.00,0.000,0.000,0.00
1777901737,loop25,0.00,0.00,0.000,0.000,0.00
1777901737,loop26,0.00,0.00,0.000,0.000,0.00
1777901737,loop27,0.00,0.00,0.000,0.000,0.00
1777901737,loop28,0.00,0.00,0.000,0.000,0.00
1777901737,loop29,0.00,0.00,0.000,0.000,0.00
1777901737,loop3,0.00,0.00,0.000,0.000,0.00
1777901737,loop30,0.00,0.00,0.000,0.000,0.00
1777901737,loop31,0.00,0.00,0.000,0.000,0.00
1777901737,loop32,0.00,0.00,0.000,0.000,0.00
1777901737,loop33,0.00,0.00,0.000,0.000,0.00
1777901737,loop34,0.00,0.00,0.000,0.000,0.00
1777901737,loop35,0.00,0.00,0.000,0.000,0.00
1777901737,loop36,0.00,0.00,0.000,0.000,0.00
1777901737,loop37,0.00,0.00,0.000,0.000,0.00
1777901737,loop38,0.00,0.00,0.000,0.000,0.00
1777901737,loop39,0.00,0.00,0.000,0.000,0.00
1777901737,loop4,0.00,0.00,0.000,0.000,0.00
1777901737,loop40,0.00,0.00,0.000,0.000,0.00
1777901737,loop5,0.00,0.00,0.000,0.000,0.00
1777901737,loop6,0.00,0.00,0.000,0.000,0.00
1777901737,loop7,0.00,0.00,0.000,0.000,0.00
1777901737,loop8,0.00,0.00,0.000,0.000,0.00
1777901737,loop9,0.00,0.00,0.000,0.000,0.00
1777901737,nvme0n1,0.00,0.00,0.000,0.000,0.00
1777901738,loop0,0.00,0.00,0.000,0.000,0.00
1777901738,loop1,0.00,0.00,0.000,0.000,0.00
1777901738,loop10,0.00,0.00,0.000,0.000,0.00
1777901738,loop11,0.00,0.00,0.000,0.000,0.00
1777901738,loop12,0.00,0.00,0.000,0.000,0.00
1777901738,loop13,0.00,0.00,0.000,0.000,0.00
1777901738,loop14,0.00,0.00,0.000,0.000,0.00
1777901738,loop15,0.00,0.00,0.000,0.000,0.00
1777901738,loop16,0.00,0.00,0.000,0.000,0.00
1777901738,loop17,0.00,0.00,0.000,0.000,0.00
1777901738,loop18,0.00,0.00,0.000,0.000,0.00
1777901738,loop19,0.00,0.00,0.000,0.000,0.00
1777901738,loop2,0.00,0.00,0.000,0.000,0.00
1777901738,loop20,0.00,0.00,0.000,0.000,0.00
1777901738,loop21,0.00,0.00,0.000,0.000,0.00
1777901738,loop22,0.00,0.00,0.000,0.000,0.00
1777901738,loop23,0.00,0.00,0.000,0.000,0.00
1777901738,loop24,0.00,0.00,0.000,0.000,0.00
1777901738,loop25,0.00,0.00,0.000,0.000,0.00
1777901738,loop26,0.00,0.00,0.000,0.000,0.00
1777901738,loop27,0.00,0.00,0.000,0.000,0.00
1777901738,loop28,0.00,0.00,0.000,0.000,0.00
1777901738,loop29,0.00,0.00,0.000,0.000,0.00
1777901738,loop3,0.00,0.00,0.000,0.000,0.00
1777901738,loop30,0.00,0.00,0.000,0.000,0.00
1777901738,loop31,0.00,0.00,0.000,0.000,0.00
1777901738,loop32,0.00,0.00,0.000,0.000,0.00
1777901738,loop33,0.00,0.00,0.000,0.000,0.00
1777901738,loop34,0.00,0.00,0.000,0.000,0.00
1777901738,loop35,0.00,0.00,0.000,0.000,0.00
1777901738,loop36,0.00,0.00,0.000,0.000,0.00
1777901738,loop37,0.00,0.00,0.000,0.000,0.00
1777901738,loop38,0.00,0.00,0.000,0.000,0.00
1777901738,loop39,0.00,0.00,0.000,0.000,0.00
1777901738,loop4,0.00,0.00,0.000,0.000,0.00
1777901738,loop40,0.00,0.00,0.000,0.000,0.00
1777901738,loop5,0.00,0.00,0.000,0.000,0.00
1777901738,loop6,0.00,0.00,0.000,0.000,0.00
1777901738,loop7,0.00,0.00,0.000,0.000,0.00
1777901738,loop8,0.00,0.00,0.000,0.000,0.00
1777901738,loop9,0.00,0.00,0.000,0.000,0.00
1777901738,nvme0n1,0.00,0.00,0.000,0.000,0.00
1777901739,loop0,0.00,0.00,0.000,0.000,0.00
1777901739,loop1,0.00,0.00,0.000,0.000,0.00
1777901739,loop10,0.00,0.00,0.000,0.000,0.00
1777901739,loop11,0.00,0.00,0.000,0.000,0.00
1777901739,loop12,0.00,0.00,0.000,0.000,0.00
1777901739,loop13,0.00,0.00,0.000,0.000,0.00
1777901739,loop14,0.00,0.00,0.000,0.000,0.00
1777901739,loop15,0.00,0.00,0.000,0.000,0.00
1777901739,loop16,0.00,0.00,0.000,0.000,0.00
1777901739,loop17,0.00,0.00,0.000,0.000,0.00
1777901739,loop18,0.00,0.00,0.000,0.000,0.00
1777901739,loop19,0.00,0.00,0.000,0.000,0.00
1777901739,loop2,0.00,0.00,0.000,0.000,0.00
1777901739,loop20,0.00,0.00,0.000,0.000,0.00
1777901739,loop21,0.00,0.00,0.000,0.000,0.00
1777901739,loop22,0.00,0.00,0.000,0.000,0.00
1777901739,loop23,0.00,0.00,0.000,0.000,0.00
1777901739,loop24,0.00,0.00,0.000,0.000,0.00
1777901739,loop25,0.00,0.00,0.000,0.000,0.00
1777901739,loop26,0.00,0.00,0.000,0.000,0.00
1777901739,loop27,0.00,0.00,0.000,0.000,0.00
1777901739,loop28,0.00,0.00,0.000,0.000,0.00
1777901739,loop29,0.00,0.00,0.000,0.000,0.00
1777901739,loop3,0.00,0.00,0.000,0.000,0.00
1777901739,loop30,0.00,0.00,0.000,0.000,0.00
1777901739,loop31,0.00,0.00,0.000,0.000,0.00
1777901739,loop32,0.00,0.00,0.000,0.000,0.00
1777901739,loop33,0.00,0.00,0.000,0.000,0.00
1777901739,loop34,0.00,0.00,0.000,0.000,0.00
1777901739,loop35,0.00,0.00,0.000,0.000,0.00
1777901739,loop36,0.00,0.00,0.000,0.000,0.00
1777901739,loop37,0.00,0.00,0.000,0.000,0.00
1777901739,loop38,0.00,0.00,0.000,0.000,0.00
1777901739,loop39,0.00,0.00,0.000,0.000,0.00
1777901739,loop4,0.00,0.00,0.000,0.000,0.00
1777901739,loop40,0.00,0.00,0.000,0.000,0.00
1777901739,loop5,0.00,0.00,0.000,0.000,0.00
1777901739,loop6,0.00,0.00,0.000,0.000,0.00
1777901739,loop7,0.00,0.00,0.000,0.000,0.00
1777901739,loop8,0.00,0.00,0.000,0.000,0.00
1777901739,loop9,0.00,0.00,0.000,0.000,0.00
1777901739,nvme0n1,0.00,0.00,0.000,0.000,2.10
1777901740,loop0,0.00,0.00,0.000,0.000,0.00
1777901740,loop1,0.00,0.00,0.000,0.000,0.00
1777901740,loop10,0.00,0.00,0.000,0.000,0.00
1777901740,loop11,0.00,0.00,0.000,0.000,0.00
1777901740,loop12,0.00,0.00,0.000,0.000,0.00
1777901740,loop13,0.00,0.00,0.000,0.000,0.00
1777901740,loop14,0.00,0.00,0.000,0.000,0.00
1777901740,loop15,0.00,0.00,0.000,0.000,0.00
1777901740,loop16,0.00,0.00,0.000,0.000,0.00
1777901740,loop17,0.00,0.00,0.000,0.000,0.00
1777901740,loop18,0.00,0.00,0.000,0.000,0.00
1777901740,loop19,0.00,0.00,0.000,0.000,0.00
1777901740,loop2,0.00,0.00,0.000,0.000,0.00
1777901740,loop20,0.00,0.00,0.000,0.000,0.00
1777901740,loop21,0.00,0.00,0.000,0.000,0.00
1777901740,loop22,0.00,0.00,0.000,0.000,0.00
1777901740,loop23,0.00,0.00,0.000,0.000,0.00
1777901740,loop24,0.00,0.00,0.000,0.000,0.00
1777901740,loop25,0.00,0.00,0.000,0.000,0.00
1777901740,loop26,0.00,0.00,0.000,0.000,0.00
1777901740,loop27,0.00,0.00,0.000,0.000,0.00
1777901740,loop28,0.00,0.00,0.000,0.000,0.00
1777901740,loop29,0.00,0.00,0.000,0.000,0.00
1777901740,loop3,0.00,0.00,0.000,0.000,0.00
1777901740,loop30,0.00,0.00,0.000,0.000,0.00
1777901740,loop31,0.00,0.00,0.000,0.000,0.00
1777901740,loop32,0.00,0.00,0.000,0.000,0.00
1777901740,loop33,0.00,0.00,0.000,0.000,0.00
1777901740,loop34,0.00,0.00,0.000,0.000,0.00
1777901740,loop35,0.00,0.00,0.000,0.000,0.00
1777901740,loop36,0.00,0.00,0.000,0.000,0.00
1777901740,loop37,0.00,0.00,0.000,0.000,0.00
1777901740,loop38,0.00,0.00,0.000,0.000,0.00
1777901740,loop39,0.00,0.00,0.000,0.000,0.00
1777901740,loop4,0.00,0.00,0.000,0.000,0.00
1777901740,loop40,0.00,0.00,0.000,0.000,0.00
1777901740,loop5,0.00,0.00,0.000,0.000,0.00
1777901740,loop6,0.00,0.00,0.000,0.000,0.00
1777901740,loop7,0.00,0.00,0.000,0.000,0.00
1777901740,loop8,0.00,0.00,0.000,0.000,0.00
1777901740,loop9,0.00,0.00,0.000,0.000,0.00
1777901740,nvme0n1,0.00,0.00,0.000,0.000,0.20
1777901741,loop0,0.00,0.00,0.000,0.000,0.00
1777901741,loop1,0.00,0.00,0.000,0.000,0.00
1777901741,loop10,0.00,0.00,0.000,0.000,0.00
1777901741,loop11,0.00,0.00,0.000,0.000,0.00
1777901741,loop12,0.00,0.00,0.000,0.000,0.00
1777901741,loop13,0.00,0.00,0.000,0.000,0.00
1777901741,loop14,0.00,0.00,0.000,0.000,0.00
1777901741,loop15,0.00,0.00,0.000,0.000,0.00
1777901741,loop16,0.00,0.00,0.000,0.000,0.00
1777901741,loop17,0.00,0.00,0.000,0.000,0.00
1777901741,loop18,0.00,0.00,0.000,0.000,0.00
1777901741,loop19,0.00,0.00,0.000,0.000,0.00
1777901741,loop2,0.00,0.00,0.000,0.000,0.00
1777901741,loop20,0.00,0.00,0.000,0.000,0.00
1777901741,loop21,0.00,0.00,0.000,0.000,0.00
1777901741,loop22,0.00,0.00,0.000,0.000,0.00
1777901741,loop23,0.00,0.00,0.000,0.000,0.00
1777901741,loop24,0.00,0.00,0.000,0.000,0.00
1777901741,loop25,0.00,0.00,0.000,0.000,0.00
1777901741,loop26,0.00,0.00,0.000,0.000,0.00
1777901741,loop27,0.00,0.00,0.000,0.000,0.00
1777901741,loop28,0.00,0.00,0.000,0.000,0.00
1777901741,loop29,0.00,0.00,0.000,0.000,0.00
1777901741,loop3,0.00,0.00,0.000,0.000,0.00
1777901741,loop30,0.00,0.00,0.000,0.000,0.00
1777901741,loop31,0.00,0.00,0.000,0.000,0.00
1777901741,loop32,0.00,0.00,0.000,0.000,0.00
1777901741,loop33,0.00,0.00,0.000,0.000,0.00
1777901741,loop34,0.00,0.00,0.000,0.000,0.00
1777901741,loop35,0.00,0.00,0.000,0.000,0.00
1777901741,loop36,0.00,0.00,0.000,0.000,0.00
1777901741,loop37,0.00,0.00,0.000,0.000,0.00
1777901741,loop38,0.00,0.00,0.000,0.000,0.00
1777901741,loop39,0.00,0.00,0.000,0.000,0.00
1777901741,loop4,0.00,0.00,0.000,0.000,0.00
1777901741,loop40,0.00,0.00,0.000,0.000,0.00
1777901741,loop5,0.00,0.00,0.000,0.000,0.00
1777901741,loop6,0.00,0.00,0.000,0.000,0.00
1777901741,loop7,0.00,0.00,0.000,0.000,0.00
1777901741,loop8,0.00,0.00,0.000,0.000,0.00
1777901741,loop9,0.00,0.00,0.000,0.000,0.00
1777901741,nvme0n1,0.00,0.00,0.000,0.000,0.10
1777901742,loop0,0.00,0.00,0.000,0.000,0.00
1777901742,loop1,0.00,0.00,0.000,0.000,0.00
1777901742,loop10,0.00,0.00,0.000,0.000,0.00
1777901742,loop11,0.00,0.00,0.000,0.000,0.00
1777901742,loop12,0.00,0.00,0.000,0.000,0.00
1777901742,loop13,0.00,0.00,0.000,0.000,0.00
1777901742,loop14,0.00,0.00,0.000,0.000,0.00
1777901742,loop15,0.00,0.00,0.000,0.000,0.00
1777901742,loop16,0.00,0.00,0.000,0.000,0.00
1777901742,loop17,0.00,0.00,0.000,0.000,0.00
1777901742,loop18,0.00,0.00,0.000,0.000,0.00
1777901742,loop19,0.00,0.00,0.000,0.000,0.00
1777901742,loop2,0.00,0.00,0.000,0.000,0.00
1777901742,loop20,0.00,0.00,0.000,0.000,0.00
1777901742,loop21,0.00,0.00,0.000,0.000,0.00
1777901742,loop22,0.00,0.00,0.000,0.000,0.00
1777901742,loop23,0.00,0.00,0.000,0.000,0.00
1777901742,loop24,0.00,0.00,0.000,0.000,0.00
1777901742,loop25,0.00,0.00,0.000,0.000,0.00
1777901742,loop26,0.00,0.00,0.000,0.000,0.00
1777901742,loop27,0.00,0.00,0.000,0.000,0.00
1777901742,loop28,0.00,0.00,0.000,0.000,0.00
1777901742,loop29,0.00,0.00,0.000,0.000,0.00
1777901742,loop3,0.00,0.00,0.000,0.000,0.00
1777901742,loop30,0.00,0.00,0.000,0.000,0.00
1777901742,loop31,0.00,0.00,0.000,0.000,0.00
1777901742,loop32,0.00,0.00,0.000,0.000,0.00
1777901742,loop33,0.00,0.00,0.000,0.000,0.00
1777901742,loop34,0.00,0.00,0.000,0.000,0.00
1777901742,loop35,0.00,0.00,0.000,0.000,0.00
1777901742,loop36,0.00,0.00,0.000,0.000,0.00
1777901742,loop37,0.00,0.00,0.000,0.000,0.00
1777901742,loop38,0.00,0.00,0.000,0.000,0.00
1777901742,loop39,0.00,0.00,0.000,0.000,0.00
1777901742,loop4,0.00,0.00,0.000,0.000,0.00
1777901742,loop40,0.00,0.00,0.000,0.000,0.00
1777901742,loop5,0.00,0.00,0.000,0.000,0.00
1777901742,loop6,0.00,0.00,0.000,0.000,0.00
1777901742,loop7,0.00,0.00,0.000,0.000,0.00
1777901742,loop8,0.00,0.00,0.000,0.000,0.00
1777901742,loop9,0.00,0.00,0.000,0.000,0.00
1777901742,nvme0n1,0.00,0.00,0.000,0.000,0.00
1777901743,loop0,0.00,0.00,0.000,0.000,0.00
1777901743,loop1,0.00,0.00,0.000,0.000,0.00
1777901743,loop10,0.00,0.00,0.000,0.000,0.00
1777901743,loop11,0.00,0.00,0.000,0.000,0.00
1777901743,loop12,0.00,0.00,0.000,0.000,0.00
1777901743,loop13,0.00,0.00,0.000,0.000,0.00
1777901743,loop14,0.00,0.00,0.000,0.000,0.00
1777901743,loop15,0.00,0.00,0.000,0.000,0.00
1777901743,loop16,0.00,0.00,0.000,0.000,0.00
1777901743,loop17,0.00,0.00,0.000,0.000,0.00
1777901743,loop18,0.00,0.00,0.000,0.000,0.00
1777901743,loop19,0.00,0.00,0.000,0.000,0.00
1777901743,loop2,0.00,0.00,0.000,0.000,0.00
1777901743,loop20,0.00,0.00,0.000,0.000,0.00
1777901743,loop21,0.00,0.00,0.000,0.000,0.00
1777901743,loop22,0.00,0.00,0.000,0.000,0.00
1777901743,loop23,0.00,0.00,0.000,0.000,0.00
1777901743,loop24,0.00,0.00,0.000,0.000,0.00
1777901743,loop25,0.00,0.00,0.000,0.000,0.00
1777901743,loop26,0.00,0.00,0.000,0.000,0.00
1777901743,loop27,0.00,0.00,0.000,0.000,0.00
1777901743,loop28,0.00,0.00,0.000,0.000,0.00
1777901743,loop29,0.00,0.00,0.000,0.000,0.00
1777901743,loop3,0.00,0.00,0.000,0.000,0.00
1777901743,loop30,0.00,0.00,0.000,0.000,0.00
1777901743,loop31,0.00,0.00,0.000,0.000,0.00
1777901743,loop32,0.00,0.00,0.000,0.000,0.00
1777901743,loop33,0.00,0.00,0.000,0.000,0.00
1777901743,loop34,0.00,0.00,0.000,0.000,0.00
1777901743,loop35,0.00,0.00,0.000,0.000,0.00
1777901743,loop36,0.00,0.00,0.000,0.000,0.00
1777901743,loop37,0.00,0.00,0.000,0.000,0.00
1777901743,loop38,0.00,0.00,0.000,0.000,0.00
1777901743,loop39,0.00,0.00,0.000,0.000,0.00
1777901743,loop4,0.00,0.00,0.000,0.000,0.00
1777901743,loop40,0.00,0.00,0.000,0.000,0.00
1777901743,loop5,0.00,0.00,0.000,0.000,0.00
1777901743,loop6,0.00,0.00,0.000,0.000,0.00
1777901743,loop7,0.00,0.00,0.000,0.000,0.00
1777901743,loop8,0.00,0.00,0.000,0.000,0.00
1777901743,loop9,0.00,0.00,0.000,0.000,0.00
1777901743,nvme0n1,0.00,0.00,0.000,0.000,0.00
1777901744,loop0,0.00,0.00,0.000,0.000,0.00
1777901744,loop1,0.00,0.00,0.000,0.000,0.00
1777901744,loop10,0.00,0.00,0.000,0.000,0.00
1777901744,loop11,0.00,0.00,0.000,0.000,0.00
1777901744,loop12,0.00,0.00,0.000,0.000,0.00
1777901744,loop13,0.00,0.00,0.000,0.000,0.00
1777901744,loop14,0.00,0.00,0.000,0.000,0.00
1777901744,loop15,0.00,0.00,0.000,0.000,0.00
1777901744,loop16,0.00,0.00,0.000,0.000,0.00
1777901744,loop17,0.00,0.00,0.000,0.000,0.00
1777901744,loop18,0.00,0.00,0.000,0.000,0.00
1777901744,loop19,0.00,0.00,0.000,0.000,0.00
1777901744,loop2,0.00,0.00,0.000,0.000,0.00
1777901744,loop20,0.00,0.00,0.000,0.000,0.00
1777901744,loop21,0.00,0.00,0.000,0.000,0.00
1777901744,loop22,0.00,0.00,0.000,0.000,0.00
1777901744,loop23,0.00,0.00,0.000,0.000,0.00
1777901744,loop24,0.00,0.00,0.000,0.000,0.00
1777901744,loop25,0.00,0.00,0.000,0.000,0.00
1777901744,loop26,0.00,0.00,0.000,0.000,0.00
1777901744,loop27,0.00,0.00,0.000,0.000,0.00
1777901744,loop28,0.00,0.00,0.000,0.000,0.00
1777901744,loop29,0.00,0.00,0.000,0.000,0.00
1777901744,loop3,0.00,0.00,0.000,0.000,0.00
1777901744,loop30,0.00,0.00,0.000,0.000,0.00
1777901744,loop31,0.00,0.00,0.000,0.000,0.00
1777901744,loop32,0.00,0.00,0.000,0.000,0.00
1777901744,loop33,0.00,0.00,0.000,0.000,0.00
1777901744,loop34,0.00,0.00,0.000,0.000,0.00
1777901744,loop35,0.00,0.00,0.000,0.000,0.00
1777901744,loop36,0.00,0.00,0.000,0.000,0.00
1777901744,loop37,0.00,0.00,0.000,0.000,0.00
1777901744,loop38,0.00,0.00,0.000,0.000,0.00
1777901744,loop39,0.00,0.00,0.000,0.000,0.00
1777901744,loop4,0.00,0.00,0.000,0.000,0.00
1777901744,loop40,0.00,0.00,0.000,0.000,0.00
1777901744,loop5,0.00,0.00,0.000,0.000,0.00
1777901744,loop6,0.00,0.00,0.000,0.000,0.00
1777901744,loop7,0.00,0.00,0.000,0.000,0.00
1777901744,loop8,0.00,0.00,0.000,0.000,0.00
1777901744,loop9,0.00,0.00,0.000,0.000,0.00
1777901744,nvme0n1,0.00,0.00,0.000,0.000,0.00
1777901745,loop0,0.00,0.00,0.000,0.000,0.00
1777901745,loop1,0.00,0.00,0.000,0.000,0.00
1777901745,loop10,0.00,0.00,0.000,0.000,0.00
1777901745,loop11,0.00,0.00,0.000,0.000,0.00
1777901745,loop12,0.00,0.00,0.000,0.000,0.00
1777901745,loop13,0.00,0.00,0.000,0.000,0.00
1777901745,loop14,0.00,0.00,0.000,0.000,0.00
1777901745,loop15,0.00,0.00,0.000,0.000,0.00
1777901745,loop16,0.00,0.00,0.000,0.000,0.00
1777901745,loop17,0.00,0.00,0.000,0.000,0.00
1777901745,loop18,0.00,0.00,0.000,0.000,0.00
1777901745,loop19,0.00,0.00,0.000,0.000,0.00
1777901745,loop2,0.00,0.00,0.000,0.000,0.00
1777901745,loop20,0.00,0.00,0.000,0.000,0.00
1777901745,loop21,0.00,0.00,0.000,0.000,0.00
1777901745,loop22,0.00,0.00,0.000,0.000,0.00
1777901745,loop23,0.00,0.00,0.000,0.000,0.00
1777901745,loop24,0.00,0.00,0.000,0.000,0.00
1777901745,loop25,0.00,0.00,0.000,0.000,0.00
1777901745,loop26,0.00,0.00,0.000,0.000,0.00
1777901745,loop27,0.00,0.00,0.000,0.000,0.00
1777901745,loop28,0.00,0.00,0.000,0.000,0.00
1777901745,loop29,0.00,0.00,0.000,0.000,0.00
1777901745,loop3,0.00,0.00,0.000,0.000,0.00
1777901745,loop30,0.00,0.00,0.000,0.000,0.00
1777901745,loop31,0.00,0.00,0.000,0.000,0.00
1777901745,loop32,0.00,0.00,0.000,0.000,0.00
1777901745,loop33,0.00,0.00,0.000,0.000,0.00
1777901745,loop34,0.00,0.00,0.000,0.000,0.00
1777901745,loop35,0.00,0.00,0.000,0.000,0.00
1777901745,loop36,0.00,0.00,0.000,0.000,0.00
1777901745,loop37,0.00,0.00,0.000,0.000,0.00
1777901745,loop38,0.00,0.00,0.000,0.000,0.00
1777901745,loop39,0.00,0.00,0.000,0.000,0.00
1777901745,loop4,0.00,0.00,0.000,0.000,0.00
1777901745,loop40,0.00,0.00,0.000,0.000,0.00
1777901745,loop5,0.00,0.00,0.000,0.000,0.00
1777901745,loop6,0.00,0.00,0.000,0.000,0.00
1777901745,loop7,0.00,0.00,0.000,0.000,0.00
1777901745,loop8,0.00,0.00,0.000,0.000,0.00
1777901745,loop9,0.00,0.00,0.000,0.000,0.00
1777901745,nvme0n1,0.00,0.00,0.000,0.000,5.80
1777901746,loop0,0.00,0.00,0.000,0.000,0.00
1777901746,loop1,0.00,0.00,0.000,0.000,0.00
1777901746,loop10,0.00,0.00,0.000,0.000,0.00
1777901746,loop11,0.00,0.00,0.000,0.000,0.00
1777901746,loop12,0.00,0.00,0.000,0.000,0.00
1777901746,loop13,0.00,0.00,0.000,0.000,0.00
1777901746,loop14,0.00,0.00,0.000,0.000,0.00
1777901746,loop15,0.00,0.00,0.000,0.000,0.00
1777901746,loop16,0.00,0.00,0.000,0.000,0.00
1777901746,loop17,0.00,0.00,0.000,0.000,0.00
1777901746,loop18,0.00,0.00,0.000,0.000,0.00
1777901746,loop19,0.00,0.00,0.000,0.000,0.00
1777901746,loop2,0.00,0.00,0.000,0.000,0.00
1777901746,loop20,0.00,0.00,0.000,0.000,0.00
1777901746,loop21,0.00,0.00,0.000,0.000,0.00
1777901746,loop22,0.00,0.00,0.000,0.000,0.00
1777901746,loop23,0.00,0.00,0.000,0.000,0.00
1777901746,loop24,0.00,0.00,0.000,0.000,0.00
1777901746,loop25,0.00,0.00,0.000,0.000,0.00
1777901746,loop26,0.00,0.00,0.000,0.000,0.00
1777901746,loop27,0.00,0.00,0.000,0.000,0.00
1777901746,loop28,0.00,0.00,0.000,0.000,0.00
1777901746,loop29,0.00,0.00,0.000,0.000,0.00
1777901746,loop3,0.00,0.00,0.000,0.000,0.00
1777901746,loop30,0.00,0.00,0.000,0.000,0.00
1777901746,loop31,0.00,0.00,0.000,0.000,0.00
1777901746,loop32,0.00,0.00,0.000,0.000,0.00
1777901746,loop33,0.00,0.00,0.000,0.000,0.00
1777901746,loop34,0.00,0.00,0.000,0.000,0.00
1777901746,loop35,0.00,0.00,0.000,0.000,0.00
1777901746,loop36,0.00,0.00,0.000,0.000,0.00
1777901746,loop37,0.00,0.00,0.000,0.000,0.00
1777901746,loop38,0.00,0.00,0.000,0.000,0.00
1777901746,loop39,0.00,0.00,0.000,0.000,0.00
1777901746,loop4,0.00,0.00,0.000,0.000,0.00
1777901746,loop40,0.00,0.00,0.000,0.000,0.00
1777901746,loop5,0.00,0.00,0.000,0.000,0.00
1777901746,loop6,0.00,0.00,0.000,0.000,0.00
1777901746,loop7,0.00,0.00,0.000,0.000,0.00
1777901746,loop8,0.00,0.00,0.000,0.000,0.00
1777901746,loop9,0.00,0.00,0.000,0.000,0.00
1777901746,nvme0n1,0.00,0.00,0.000,0.000,0.00
1777901747,loop0,0.00,0.00,0.000,0.000,0.00
1777901747,loop1,0.00,0.00,0.000,0.000,0.00
1777901747,loop10,0.00,0.00,0.000,0.000,0.00
1777901747,loop11,0.00,0.00,0.000,0.000,0.00
1777901747,loop12,0.00,0.00,0.000,0.000,0.00
1777901747,loop13,0.00,0.00,0.000,0.000,0.00
1777901747,loop14,0.00,0.00,0.000,0.000,0.00
1777901747,loop15,0.00,0.00,0.000,0.000,0.00
1777901747,loop16,0.00,0.00,0.000,0.000,0.00
1777901747,loop17,0.00,0.00,0.000,0.000,0.00
1777901747,loop18,0.00,0.00,0.000,0.000,0.00
1777901747,loop19,0.00,0.00,0.000,0.000,0.00
1777901747,loop2,0.00,0.00,0.000,0.000,0.00
1777901747,loop20,0.00,0.00,0.000,0.000,0.00
1777901747,loop21,0.00,0.00,0.000,0.000,0.00
1777901747,loop22,0.00,0.00,0.000,0.000,0.00
1777901747,loop23,0.00,0.00,0.000,0.000,0.00
1777901747,loop24,0.00,0.00,0.000,0.000,0.00
1777901747,loop25,0.00,0.00,0.000,0.000,0.00
1777901747,loop26,0.00,0.00,0.000,0.000,0.00
1777901747,loop27,0.00,0.00,0.000,0.000,0.00
1777901747,loop28,0.00,0.00,0.000,0.000,0.00
1777901747,loop29,0.00,0.00,0.000,0.000,0.00
1777901747,loop3,0.00,0.00,0.000,0.000,0.00
1777901747,loop30,0.00,0.00,0.000,0.000,0.00
1777901747,loop31,0.00,0.00,0.000,0.000,0.00
1777901747,loop32,0.00,0.00,0.000,0.000,0.00
1777901747,loop33,0.00,0.00,0.000,0.000,0.00
1777901747,loop34,0.00,0.00,0.000,0.000,0.00
1777901747,loop35,0.00,0.00,0.000,0.000,0.00
1777901747,loop36,0.00,0.00,0.000,0.000,0.00
1777901747,loop37,0.00,0.00,0.000,0.000,0.00
1777901747,loop38,0.00,0.00,0.000,0.000,0.00
1777901747,loop39,0.00,0.00,0.000,0.000,0.00
1777901747,loop4,0.00,0.00,0.000,0.000,0.00
1777901747,loop40,0.00,0.00,0.000,0.000,0.00
1777901747,loop5,0.00,0.00,0.000,0.000,0.00
1777901747,loop6,0.00,0.00,0.000,0.000,0.00
1777901747,loop7,0.00,0.00,0.000,0.000,0.00
1777901747,loop8,0.00,0.00,0.000,0.000,0.00
1777901747,loop9,0.00,0.00,0.000,0.000,0.00
1777901747,nvme0n1,0.00,0.00,0.000,0.000,0.50
1777901748,loop0,0.00,0.00,0.000,0.000,0.00
1777901748,loop1,0.00,0.00,0.000,0.000,0.00
1777901748,loop10,0.00,0.00,0.000,0.000,0.00
1777901748,loop11,0.00,0.00,0.000,0.000,0.00
1777901748,loop12,0.00,0.00,0.000,0.000,0.00
1777901748,loop13,0.00,0.00,0.000,0.000,0.00
1777901748,loop14,0.00,0.00,0.000,0.000,0.00
1777901748,loop15,0.00,0.00,0.000,0.000,0.00
1777901748,loop16,0.00,0.00,0.000,0.000,0.00
1777901748,loop17,0.00,0.00,0.000,0.000,0.00
1777901748,loop18,0.00,0.00,0.000,0.000,0.00
1777901748,loop19,0.00,0.00,0.000,0.000,0.00
1777901748,loop2,0.00,0.00,0.000,0.000,0.00
1777901748,loop20,0.00,0.00,0.000,0.000,0.00
1777901748,loop21,0.00,0.00,0.000,0.000,0.00
1777901748,loop22,0.00,0.00,0.000,0.000,0.00
1777901748,loop23,0.00,0.00,0.000,0.000,0.00
1777901748,loop24,0.00,0.00,0.000,0.000,0.00
1777901748,loop25,0.00,0.00,0.000,0.000,0.00
1777901748,loop26,0.00,0.00,0.000,0.000,0.00
1777901748,loop27,0.00,0.00,0.000,0.000,0.00
1777901748,loop28,0.00,0.00,0.000,0.000,0.00
1777901748,loop29,0.00,0.00,0.000,0.000,0.00
1777901748,loop3,0.00,0.00,0.000,0.000,0.00
1777901748,loop30,0.00,0.00,0.000,0.000,0.00
1777901748,loop31,0.00,0.00,0.000,0.000,0.00
1777901748,loop32,0.00,0.00,0.000,0.000,0.00
1777901748,loop33,0.00,0.00,0.000,0.000,0.00
1777901748,loop34,0.00,0.00,0.000,0.000,0.00
1777901748,loop35,0.00,0.00,0.000,0.000,0.00
1777901748,loop36,0.00,0.00,0.000,0.000,0.00
1777901748,loop37,0.00,0.00,0.000,0.000,0.00
1777901748,loop38,0.00,0.00,0.000,0.000,0.00
1777901748,loop39,0.00,0.00,0.000,0.000,0.00
1777901748,loop4,0.00,0.00,0.000,0.000,0.00
1777901748,loop40,0.00,0.00,0.000,0.000,0.00
1777901748,loop5,0.00,0.00,0.000,0.000,0.00
1777901748,loop6,0.00,0.00,0.000,0.000,0.00
1777901748,loop7,0.00,0.00,0.000,0.000,0.00
1777901748,loop8,0.00,0.00,0.000,0.000,0.00
1777901748,loop9,0.00,0.00,0.000,0.000,0.00
1777901748,nvme0n1,0.00,0.00,0.000,0.000,0.00
1777901749,loop0,0.00,0.00,0.000,0.000,0.00
1777901749,loop1,0.00,0.00,0.000,0.000,0.00
1777901749,loop10,0.00,0.00,0.000,0.000,0.00
1777901749,loop11,0.00,0.00,0.000,0.000,0.00
1777901749,loop12,0.00,0.00,0.000,0.000,0.00
1777901749,loop13,0.00,0.00,0.000,0.000,0.00
1777901749,loop14,0.00,0.00,0.000,0.000,0.00
1777901749,loop15,0.00,0.00,0.000,0.000,0.00
1777901749,loop16,0.00,0.00,0.000,0.000,0.00
1777901749,loop17,0.00,0.00,0.000,0.000,0.00
1777901749,loop18,0.00,0.00,0.000,0.000,0.00
1777901749,loop19,0.00,0.00,0.000,0.000,0.00
1777901749,loop2,0.00,0.00,0.000,0.000,0.00
1777901749,loop20,0.00,0.00,0.000,0.000,0.00
1777901749,loop21,0.00,0.00,0.000,0.000,0.00
1777901749,loop22,0.00,0.00,0.000,0.000,0.00
1777901749,loop23,0.00,0.00,0.000,0.000,0.00
1777901749,loop24,0.00,0.00,0.000,0.000,0.00
1777901749,loop25,0.00,0.00,0.000,0.000,0.00
1777901749,loop26,0.00,0.00,0.000,0.000,0.00
1777901749,loop27,0.00,0.00,0.000,0.000,0.00
1777901749,loop28,0.00,0.00,0.000,0.000,0.00
1777901749,loop29,0.00,0.00,0.000,0.000,0.00
1777901749,loop3,0.00,0.00,0.000,0.000,0.00
1777901749,loop30,0.00,0.00,0.000,0.000,0.00
1777901749,loop31,0.00,0.00,0.000,0.000,0.00
1777901749,loop32,0.00,0.00,0.000,0.000,0.00
1777901749,loop33,0.00,0.00,0.000,0.000,0.00
1777901749,loop34,0.00,0.00,0.000,0.000,0.00
1777901749,loop35,0.00,0.00,0.000,0.000,0.00
1777901749,loop36,0.00,0.00,0.000,0.000,0.00
1777901749,loop37,0.00,0.00,0.000,0.000,0.00
1777901749,loop38,0.00,0.00,0.000,0.000,0.00
1777901749,loop39,0.00,0.00,0.000,0.000,0.00
1777901749,loop4,0.00,0.00,0.000,0.000,0.00
1777901749,loop40,0.00,0.00,0.000,0.000,0.00
1777901749,loop5,0.00,0.00,0.000,0.000,0.00
1777901749,loop6,0.00,0.00,0.000,0.000,0.00
1777901749,loop7,0.00,0.00,0.000,0.000,0.00
1777901749,loop8,0.00,0.00,0.000,0.000,0.00
1777901749,loop9,0.00,0.00,0.000,0.000,0.00
1777901749,nvme0n1,5.00,20.00,0.000,0.000,5.10
1777901750,loop0,0.00,0.00,0.000,0.000,0.00
1777901750,loop1,0.00,0.00,0.000,0.000,0.00
1777901750,loop10,0.00,0.00,0.000,0.000,0.00
1777901750,loop11,0.00,0.00,0.000,0.000,0.00
1777901750,loop12,0.00,0.00,0.000,0.000,0.00
1777901750,loop13,0.00,0.00,0.000,0.000,0.00
1777901750,loop14,0.00,0.00,0.000,0.000,0.00
1777901750,loop15,0.00,0.00,0.000,0.000,0.00
1777901750,loop16,0.00,0.00,0.000,0.000,0.00
1777901750,loop17,0.00,0.00,0.000,0.000,0.00
1777901750,loop18,0.00,0.00,0.000,0.000,0.00
1777901750,loop19,0.00,0.00,0.000,0.000,0.00
1777901750,loop2,0.00,0.00,0.000,0.000,0.00
1777901750,loop20,0.00,0.00,0.000,0.000,0.00
1777901750,loop21,0.00,0.00,0.000,0.000,0.00
1777901750,loop22,0.00,0.00,0.000,0.000,0.00
1777901750,loop23,0.00,0.00,0.000,0.000,0.00
1777901750,loop24,0.00,0.00,0.000,0.000,0.00
1777901750,loop25,0.00,0.00,0.000,0.000,0.00
1777901750,loop26,0.00,0.00,0.000,0.000,0.00
1777901750,loop27,0.00,0.00,0.000,0.000,0.00
1777901750,loop28,0.00,0.00,0.000,0.000,0.00
1777901750,loop29,0.00,0.00,0.000,0.000,0.00
1777901750,loop3,0.00,0.00,0.000,0.000,0.00
1777901750,loop30,0.00,0.00,0.000,0.000,0.00
1777901750,loop31,0.00,0.00,0.000,0.000,0.00
1777901750,loop32,0.00,0.00,0.000,0.000,0.00
1777901750,loop33,0.00,0.00,0.000,0.000,0.00
1777901750,loop34,0.00,0.00,0.000,0.000,0.00
1777901750,loop35,0.00,0.00,0.000,0.000,0.00
1777901750,loop36,0.00,0.00,0.000,0.000,0.00
1777901750,loop37,0.00,0.00,0.000,0.000,0.00
1777901750,loop38,0.00,0.00,0.000,0.000,0.00
1777901750,loop39,0.00,0.00,0.000,0.000,0.00
1777901750,loop4,0.00,0.00,0.000,0.000,0.00
1777901750,loop40,0.00,0.00,0.000,0.000,0.00
1777901750,loop5,0.00,0.00,0.000,0.000,0.00
1777901750,loop6,0.00,0.00,0.000,0.000,0.00
1777901750,loop7,0.00,0.00,0.000,0.000,0.00
1777901750,loop8,0.00,0.00,0.000,0.000,0.00
1777901750,loop9,0.00,0.00,0.000,0.000,0.00
1777901750,nvme0n1,0.00,0.00,0.000,0.000,0.00
1777901751,loop0,0.00,0.00,0.000,0.000,0.00
1777901751,loop1,0.00,0.00,0.000,0.000,0.00
1777901751,loop10,0.00,0.00,0.000,0.000,0.00
1777901751,loop11,0.00,0.00,0.000,0.000,0.00
1777901751,loop12,0.00,0.00,0.000,0.000,0.00
1777901751,loop13,0.00,0.00,0.000,0.000,0.00
1777901751,loop14,0.00,0.00,0.000,0.000,0.00
1777901751,loop15,0.00,0.00,0.000,0.000,0.00
1777901751,loop16,0.00,0.00,0.000,0.000,0.00
1777901751,loop17,0.00,0.00,0.000,0.000,0.00
1777901751,loop18,0.00,0.00,0.000,0.000,0.00
1777901751,loop19,0.00,0.00,0.000,0.000,0.00
1777901751,loop2,0.00,0.00,0.000,0.000,0.00
1777901751,loop20,0.00,0.00,0.000,0.000,0.00
1777901751,loop21,0.00,0.00,0.000,0.000,0.00
1777901751,loop22,0.00,0.00,0.000,0.000,0.00
1777901751,loop23,0.00,0.00,0.000,0.000,0.00
1777901751,loop24,0.00,0.00,0.000,0.000,0.00
1777901751,loop25,0.00,0.00,0.000,0.000,0.00
1777901751,loop26,0.00,0.00,0.000,0.000,0.00
1777901751,loop27,0.00,0.00,0.000,0.000,0.00
1777901751,loop28,0.00,0.00,0.000,0.000,0.00
1777901751,loop29,0.00,0.00,0.000,0.000,0.00
1777901751,loop3,0.00,0.00,0.000,0.000,0.00
1777901751,loop30,0.00,0.00,0.000,0.000,0.00
1777901751,loop31,0.00,0.00,0.000,0.000,0.00
1777901751,loop32,0.00,0.00,0.000,0.000,0.00
1777901751,loop33,0.00,0.00,0.000,0.000,0.00
1777901751,loop34,0.00,0.00,0.000,0.000,0.00
1777901751,loop35,0.00,0.00,0.000,0.000,0.00
1777901751,loop36,0.00,0.00,0.000,0.000,0.00
1777901751,loop37,0.00,0.00,0.000,0.000,0.00
1777901751,loop38,0.00,0.00,0.000,0.000,0.00
1777901751,loop39,0.00,0.00,0.000,0.000,0.00
1777901751,loop4,0.00,0.00,0.000,0.000,0.00
1777901751,loop40,0.00,0.00,0.000,0.000,0.00
1777901751,loop5,0.00,0.00,0.000,0.000,0.00
1777901751,loop6,0.00,0.00,0.000,0.000,0.00
1777901751,loop7,0.00,0.00,0.000,0.000,0.00
1777901751,loop8,0.00,0.00,0.000,0.000,0.00
1777901751,loop9,0.00,0.00,0.000,0.000,0.00
1777901751,nvme0n1,0.00,0.00,0.000,0.000,0.50
1777901752,loop0,0.00,0.00,0.000,0.000,0.00
1777901752,loop1,0.00,0.00,0.000,0.000,0.00
1777901752,loop10,0.00,0.00,0.000,0.000,0.00
1777901752,loop11,0.00,0.00,0.000,0.000,0.00
1777901752,loop12,0.00,0.00,0.000,0.000,0.00
1777901752,loop13,0.00,0.00,0.000,0.000,0.00
1777901752,loop14,0.00,0.00,0.000,0.000,0.00
1777901752,loop15,0.00,0.00,0.000,0.000,0.00
1777901752,loop16,0.00,0.00,0.000,0.000,0.00
1777901752,loop17,0.00,0.00,0.000,0.000,0.00
1777901752,loop18,0.00,0.00,0.000,0.000,0.00
1777901752,loop19,0.00,0.00,0.000,0.000,0.00
1777901752,loop2,0.00,0.00,0.000,0.000,0.00
1777901752,loop20,0.00,0.00,0.000,0.000,0.00
1777901752,loop21,0.00,0.00,0.000,0.000,0.00
1777901752,loop22,0.00,0.00,0.000,0.000,0.00
1777901752,loop23,0.00,0.00,0.000,0.000,0.00
1777901752,loop24,0.00,0.00,0.000,0.000,0.00
1777901752,loop25,0.00,0.00,0.000,0.000,0.00
1777901752,loop26,0.00,0.00,0.000,0.000,0.00
1777901752,loop27,0.00,0.00,0.000,0.000,0.00
1777901752,loop28,0.00,0.00,0.000,0.000,0.00
1777901752,loop29,0.00,0.00,0.000,0.000,0.00
1777901752,loop3,0.00,0.00,0.000,0.000,0.00
1777901752,loop30,0.00,0.00,0.000,0.000,0.00
1777901752,loop31,0.00,0.00,0.000,0.000,0.00
1777901752,loop32,0.00,0.00,0.000,0.000,0.00
1777901752,loop33,0.00,0.00,0.000,0.000,0.00
1777901752,loop34,0.00,0.00,0.000,0.000,0.00
1777901752,loop35,0.00,0.00,0.000,0.000,0.00
1777901752,loop36,0.00,0.00,0.000,0.000,0.00
1777901752,loop37,0.00,0.00,0.000,0.000,0.00
1777901752,loop38,0.00,0.00,0.000,0.000,0.00
1777901752,loop39,0.00,0.00,0.000,0.000,0.00
1777901752,loop4,0.00,0.00,0.000,0.000,0.00
1777901752,loop40,0.00,0.00,0.000,0.000,0.00
1777901752,loop5,0.00,0.00,0.000,0.000,0.00
1777901752,loop6,0.00,0.00,0.000,0.000,0.00
1777901752,loop7,0.00,0.00,0.000,0.000,0.00
1777901752,loop8,0.00,0.00,0.000,0.000,0.00
1777901752,loop9,0.00,0.00,0.000,0.000,0.00
1777901752,nvme0n1,21.00,156.00,0.000,0.000,0.60
1777901753,loop0,0.00,0.00,0.000,0.000,0.00
1777901753,loop1,0.00,0.00,0.000,0.000,0.00
1777901753,loop10,0.00,0.00,0.000,0.000,0.00
1777901753,loop11,0.00,0.00,0.000,0.000,0.00
1777901753,loop12,0.00,0.00,0.000,0.000,0.00
1777901753,loop13,0.00,0.00,0.000,0.000,0.00
1777901753,loop14,0.00,0.00,0.000,0.000,0.00
1777901753,loop15,0.00,0.00,0.000,0.000,0.00
1777901753,loop16,0.00,0.00,0.000,0.000,0.00
1777901753,loop17,0.00,0.00,0.000,0.000,0.00
1777901753,loop18,0.00,0.00,0.000,0.000,0.00
1777901753,loop19,0.00,0.00,0.000,0.000,0.00
1777901753,loop2,0.00,0.00,0.000,0.000,0.00
1777901753,loop20,0.00,0.00,0.000,0.000,0.00
1777901753,loop21,0.00,0.00,0.000,0.000,0.00
1777901753,loop22,0.00,0.00,0.000,0.000,0.00
1777901753,loop23,0.00,0.00,0.000,0.000,0.00
1777901753,loop24,0.00,0.00,0.000,0.000,0.00
1777901753,loop25,0.00,0.00,0.000,0.000,0.00
1777901753,loop26,0.00,0.00,0.000,0.000,0.00
1777901753,loop27,0.00,0.00,0.000,0.000,0.00
1777901753,loop28,0.00,0.00,0.000,0.000,0.00
1777901753,loop29,0.00,0.00,0.000,0.000,0.00
1777901753,loop3,0.00,0.00,0.000,0.000,0.00
1777901753,loop30,0.00,0.00,0.000,0.000,0.00
1777901753,loop31,0.00,0.00,0.000,0.000,0.00
1777901753,loop32,0.00,0.00,0.000,0.000,0.00
1777901753,loop33,0.00,0.00,0.000,0.000,0.00
1777901753,loop34,0.00,0.00,0.000,0.000,0.00
1777901753,loop35,0.00,0.00,0.000,0.000,0.00
1777901753,loop36,0.00,0.00,0.000,0.000,0.00
1777901753,loop37,0.00,0.00,0.000,0.000,0.00
1777901753,loop38,0.00,0.00,0.000,0.000,0.00
1777901753,loop39,0.00,0.00,0.000,0.000,0.00
1777901753,loop4,0.00,0.00,0.000,0.000,0.00
1777901753,loop40,0.00,0.00,0.000,0.000,0.00
1777901753,loop5,0.00,0.00,0.000,0.000,0.00
1777901753,loop6,0.00,0.00,0.000,0.000,0.00
1777901753,loop7,0.00,0.00,0.000,0.000,0.00
1777901753,loop8,0.00,0.00,0.000,0.000,0.00
1777901753,loop9,0.00,0.00,0.000,0.000,0.00
1777901753,nvme0n1,0.00,0.00,0.000,0.000,0.30
1777901754,loop0,0.00,0.00,0.000,0.000,0.00
1777901754,loop1,0.00,0.00,0.000,0.000,0.00
1777901754,loop10,0.00,0.00,0.000,0.000,0.00
1777901754,loop11,0.00,0.00,0.000,0.000,0.00
1777901754,loop12,0.00,0.00,0.000,0.000,0.00
1777901754,loop13,0.00,0.00,0.000,0.000,0.00
1777901754,loop14,0.00,0.00,0.000,0.000,0.00
1777901754,loop15,0.00,0.00,0.000,0.000,0.00
1777901754,loop16,0.00,0.00,0.000,0.000,0.00
1777901754,loop17,0.00,0.00,0.000,0.000,0.00
1777901754,loop18,0.00,0.00,0.000,0.000,0.00
1777901754,loop19,0.00,0.00,0.000,0.000,0.00
1777901754,loop2,0.00,0.00,0.000,0.000,0.00
1777901754,loop20,0.00,0.00,0.000,0.000,0.00
1777901754,loop21,0.00,0.00,0.000,0.000,0.00
1777901754,loop22,0.00,0.00,0.000,0.000,0.00
1777901754,loop23,0.00,0.00,0.000,0.000,0.00
1777901754,loop24,0.00,0.00,0.000,0.000,0.00
1777901754,loop25,0.00,0.00,0.000,0.000,0.00
1777901754,loop26,0.00,0.00,0.000,0.000,0.00
1777901754,loop27,0.00,0.00,0.000,0.000,0.00
1777901754,loop28,0.00,0.00,0.000,0.000,0.00
1777901754,loop29,0.00,0.00,0.000,0.000,0.00
1777901754,loop3,0.00,0.00,0.000,0.000,0.00
1777901754,loop30,0.00,0.00,0.000,0.000,0.00
1777901754,loop31,0.00,0.00,0.000,0.000,0.00
1777901754,loop32,0.00,0.00,0.000,0.000,0.00
1777901754,loop33,0.00,0.00,0.000,0.000,0.00
1777901754,loop34,0.00,0.00,0.000,0.000,0.00
1777901754,loop35,0.00,0.00,0.000,0.000,0.00
1777901754,loop36,0.00,0.00,0.000,0.000,0.00
1777901754,loop37,0.00,0.00,0.000,0.000,0.00
1777901754,loop38,0.00,0.00,0.000,0.000,0.00
1777901754,loop39,0.00,0.00,0.000,0.000,0.00
1777901754,loop4,0.00,0.00,0.000,0.000,0.00
1777901754,loop40,0.00,0.00,0.000,0.000,0.00
1777901754,loop5,0.00,0.00,0.000,0.000,0.00
1777901754,loop6,0.00,0.00,0.000,0.000,0.00
1777901754,loop7,0.00,0.00,0.000,0.000,0.00
1777901754,loop8,0.00,0.00,0.000,0.000,0.00
1777901754,loop9,0.00,0.00,0.000,0.000,0.00
1777901754,nvme0n1,0.00,0.00,0.000,0.000,0.60
1777901755,loop0,0.00,0.00,0.000,0.000,0.00
1777901755,loop1,0.00,0.00,0.000,0.000,0.00
1777901755,loop10,0.00,0.00,0.000,0.000,0.00
1777901755,loop11,0.00,0.00,0.000,0.000,0.00
1777901755,loop12,0.00,0.00,0.000,0.000,0.00
1777901755,loop13,0.00,0.00,0.000,0.000,0.00
1777901755,loop14,0.00,0.00,0.000,0.000,0.00
1777901755,loop15,0.00,0.00,0.000,0.000,0.00
1777901755,loop16,0.00,0.00,0.000,0.000,0.00
1777901755,loop17,0.00,0.00,0.000,0.000,0.00
1777901755,loop18,0.00,0.00,0.000,0.000,0.00
1777901755,loop19,0.00,0.00,0.000,0.000,0.00
1777901755,loop2,0.00,0.00,0.000,0.000,0.00
1777901755,loop20,0.00,0.00,0.000,0.000,0.00
1777901755,loop21,0.00,0.00,0.000,0.000,0.00
1777901755,loop22,0.00,0.00,0.000,0.000,0.00
1777901755,loop23,0.00,0.00,0.000,0.000,0.00
1777901755,loop24,0.00,0.00,0.000,0.000,0.00
1777901755,loop25,0.00,0.00,0.000,0.000,0.00
1777901755,loop26,0.00,0.00,0.000,0.000,0.00
1777901755,loop27,0.00,0.00,0.000,0.000,0.00
1777901755,loop28,0.00,0.00,0.000,0.000,0.00
1777901755,loop29,0.00,0.00,0.000,0.000,0.00
1777901755,loop3,0.00,0.00,0.000,0.000,0.00
1777901755,loop30,0.00,0.00,0.000,0.000,0.00
1777901755,loop31,0.00,0.00,0.000,0.000,0.00
1777901755,loop32,0.00,0.00,0.000,0.000,0.00
1777901755,loop33,0.00,0.00,0.000,0.000,0.00
1777901755,loop34,0.00,0.00,0.000,0.000,0.00
1777901755,loop35,0.00,0.00,0.000,0.000,0.00
1777901755,loop36,0.00,0.00,0.000,0.000,0.00
1777901755,loop37,0.00,0.00,0.000,0.000,0.00
1777901755,loop38,0.00,0.00,0.000,0.000,0.00
1777901755,loop39,0.00,0.00,0.000,0.000,0.00
1777901755,loop4,0.00,0.00,0.000,0.000,0.00
1777901755,loop40,0.00,0.00,0.000,0.000,0.00
1777901755,loop5,0.00,0.00,0.000,0.000,0.00
1777901755,loop6,0.00,0.00,0.000,0.000,0.00
1777901755,loop7,0.00,0.00,0.000,0.000,0.00
1777901755,loop8,0.00,0.00,0.000,0.000,0.00
1777901755,loop9,0.00,0.00,0.000,0.000,0.00
1777901755,nvme0n1,0.00,0.00,0.000,0.000,0.50
1777901756,loop0,0.00,0.00,0.000,0.000,0.00
1777901756,loop1,0.00,0.00,0.000,0.000,0.00
1777901756,loop10,0.00,0.00,0.000,0.000,0.00
1777901756,loop11,0.00,0.00,0.000,0.000,0.00
1777901756,loop12,0.00,0.00,0.000,0.000,0.00
1777901756,loop13,0.00,0.00,0.000,0.000,0.00
1777901756,loop14,0.00,0.00,0.000,0.000,0.00
1777901756,loop15,0.00,0.00,0.000,0.000,0.00
1777901756,loop16,0.00,0.00,0.000,0.000,0.00
1777901756,loop17,0.00,0.00,0.000,0.000,0.00
1777901756,loop18,0.00,0.00,0.000,0.000,0.00
1777901756,loop19,0.00,0.00,0.000,0.000,0.00
1777901756,loop2,0.00,0.00,0.000,0.000,0.00
1777901756,loop20,0.00,0.00,0.000,0.000,0.00
1777901756,loop21,0.00,0.00,0.000,0.000,0.00
1777901756,loop22,0.00,0.00,0.000,0.000,0.00
1777901756,loop23,0.00,0.00,0.000,0.000,0.00
1777901756,loop24,0.00,0.00,0.000,0.000,0.00
1777901756,loop25,0.00,0.00,0.000,0.000,0.00
1777901756,loop26,0.00,0.00,0.000,0.000,0.00
1777901756,loop27,0.00,0.00,0.000,0.000,0.00
1777901756,loop28,0.00,0.00,0.000,0.000,0.00
1777901756,loop29,0.00,0.00,0.000,0.000,0.00
1777901756,loop3,0.00,0.00,0.000,0.000,0.00
1777901756,loop30,0.00,0.00,0.000,0.000,0.00
1777901756,loop31,0.00,0.00,0.000,0.000,0.00
1777901756,loop32,0.00,0.00,0.000,0.000,0.00
1777901756,loop33,0.00,0.00,0.000,0.000,0.00
1777901756,loop34,0.00,0.00,0.000,0.000,0.00
1777901756,loop35,0.00,0.00,0.000,0.000,0.00
1777901756,loop36,0.00,0.00,0.000,0.000,0.00
1777901756,loop37,0.00,0.00,0.000,0.000,0.00
1777901756,loop38,0.00,0.00,0.000,0.000,0.00
1777901756,loop39,0.00,0.00,0.000,0.000,0.00
1777901756,loop4,0.00,0.00,0.000,0.000,0.00
1777901756,loop40,0.00,0.00,0.000,0.000,0.00
1777901756,loop5,0.00,0.00,0.000,0.000,0.00
1777901756,loop6,0.00,0.00,0.000,0.000,0.00
1777901756,loop7,0.00,0.00,0.000,0.000,0.00
1777901756,loop8,0.00,0.00,0.000,0.000,0.00
1777901756,loop9,0.00,0.00,0.000,0.000,0.00
1777901756,nvme0n1,0.00,0.00,0.000,0.000,1.00
1777901757,loop0,0.00,0.00,0.000,0.000,0.00
1777901757,loop1,0.00,0.00,0.000,0.000,0.00
1777901757,loop10,0.00,0.00,0.000,0.000,0.00
1777901757,loop11,0.00,0.00,0.000,0.000,0.00
1777901757,loop12,0.00,0.00,0.000,0.000,0.00
1777901757,loop13,0.00,0.00,0.000,0.000,0.00
1777901757,loop14,0.00,0.00,0.000,0.000,0.00
1777901757,loop15,0.00,0.00,0.000,0.000,0.00
1777901757,loop16,0.00,0.00,0.000,0.000,0.00
1777901757,loop17,0.00,0.00,0.000,0.000,0.00
1777901757,loop18,0.00,0.00,0.000,0.000,0.00
1777901757,loop19,0.00,0.00,0.000,0.000,0.00
1777901757,loop2,0.00,0.00,0.000,0.000,0.00
1777901757,loop20,0.00,0.00,0.000,0.000,0.00
1777901757,loop21,0.00,0.00,0.000,0.000,0.00
1777901757,loop22,0.00,0.00,0.000,0.000,0.00
1777901757,loop23,0.00,0.00,0.000,0.000,0.00
1777901757,loop24,0.00,0.00,0.000,0.000,0.00
1777901757,loop25,0.00,0.00,0.000,0.000,0.00
1777901757,loop26,0.00,0.00,0.000,0.000,0.00
1777901757,loop27,0.00,0.00,0.000,0.000,0.00
1777901757,loop28,0.00,0.00,0.000,0.000,0.00
1777901757,loop29,0.00,0.00,0.000,0.000,0.00
1777901757,loop3,0.00,0.00,0.000,0.000,0.00
1777901757,loop30,0.00,0.00,0.000,0.000,0.00
1777901757,loop31,0.00,0.00,0.000,0.000,0.00
1777901757,loop32,0.00,0.00,0.000,0.000,0.00
1777901757,loop33,0.00,0.00,0.000,0.000,0.00
1777901757,loop34,0.00,0.00,0.000,0.000,0.00
1777901757,loop35,0.00,0.00,0.000,0.000,0.00
1777901757,loop36,0.00,0.00,0.000,0.000,0.00
1777901757,loop37,0.00,0.00,0.000,0.000,0.00
1777901757,loop38,0.00,0.00,0.000,0.000,0.00
1777901757,loop39,0.00,0.00,0.000,0.000,0.00
1777901757,loop4,0.00,0.00,0.000,0.000,0.00
1777901757,loop40,0.00,0.00,0.000,0.000,0.00
1777901757,loop5,0.00,0.00,0.000,0.000,0.00
1777901757,loop6,0.00,0.00,0.000,0.000,0.00
1777901757,loop7,0.00,0.00,0.000,0.000,0.00
1777901757,loop8,0.00,0.00,0.000,0.000,0.00
1777901757,loop9,0.00,0.00,0.000,0.000,0.00
1777901757,nvme0n1,0.00,0.00,0.000,0.000,0.70
1777901758,loop0,0.00,0.00,0.000,0.000,0.00
1777901758,loop1,0.00,0.00,0.000,0.000,0.00
1777901758,loop10,0.00,0.00,0.000,0.000,0.00
1777901758,loop11,0.00,0.00,0.000,0.000,0.00
1777901758,loop12,0.00,0.00,0.000,0.000,0.00
1777901758,loop13,0.00,0.00,0.000,0.000,0.00
1777901758,loop14,0.00,0.00,0.000,0.000,0.00
1777901758,loop15,0.00,0.00,0.000,0.000,0.00
1777901758,loop16,0.00,0.00,0.000,0.000,0.00
1777901758,loop17,0.00,0.00,0.000,0.000,0.00
1777901758,loop18,0.00,0.00,0.000,0.000,0.00
1777901758,loop19,0.00,0.00,0.000,0.000,0.00
1777901758,loop2,0.00,0.00,0.000,0.000,0.00
1777901758,loop20,0.00,0.00,0.000,0.000,0.00
1777901758,loop21,0.00,0.00,0.000,0.000,0.00
1777901758,loop22,0.00,0.00,0.000,0.000,0.00
1777901758,loop23,0.00,0.00,0.000,0.000,0.00
1777901758,loop24,0.00,0.00,0.000,0.000,0.00
1777901758,loop25,0.00,0.00,0.000,0.000,0.00
1777901758,loop26,0.00,0.00,0.000,0.000,0.00
1777901758,loop27,0.00,0.00,0.000,0.000,0.00
1777901758,loop28,0.00,0.00,0.000,0.000,0.00
1777901758,loop29,0.00,0.00,0.000,0.000,0.00
1777901758,loop3,0.00,0.00,0.000,0.000,0.00
1777901758,loop30,0.00,0.00,0.000,0.000,0.00
1777901758,loop31,0.00,0.00,0.000,0.000,0.00
1777901758,loop32,0.00,0.00,0.000,0.000,0.00
1777901758,loop33,0.00,0.00,0.000,0.000,0.00
1777901758,loop34,0.00,0.00,0.000,0.000,0.00
1777901758,loop35,0.00,0.00,0.000,0.000,0.00
1777901758,loop36,0.00,0.00,0.000,0.000,0.00
1777901758,loop37,0.00,0.00,0.000,0.000,0.00
1777901758,loop38,0.00,0.00,0.000,0.000,0.00
1777901758,loop39,0.00,0.00,0.000,0.000,0.00
1777901758,loop4,0.00,0.00,0.000,0.000,0.00
1777901758,loop40,0.00,0.00,0.000,0.000,0.00
1777901758,loop5,0.00,0.00,0.000,0.000,0.00
1777901758,loop6,0.00,0.00,0.000,0.000,0.00
1777901758,loop7,0.00,0.00,0.000,0.000,0.00
1777901758,loop8,0.00,0.00,0.000,0.000,0.00
1777901758,loop9,0.00,0.00,0.000,0.000,0.00
1777901758,nvme0n1,0.00,0.00,0.000,0.000,0.00
1777901759,loop0,0.00,0.00,0.000,0.000,0.00
1777901759,loop1,0.00,0.00,0.000,0.000,0.00
1777901759,loop10,0.00,0.00,0.000,0.000,0.00
1777901759,loop11,0.00,0.00,0.000,0.000,0.00
1777901759,loop12,0.00,0.00,0.000,0.000,0.00
1777901759,loop13,0.00,0.00,0.000,0.000,0.00
1777901759,loop14,0.00,0.00,0.000,0.000,0.00
1777901759,loop15,0.00,0.00,0.000,0.000,0.00
1777901759,loop16,0.00,0.00,0.000,0.000,0.00
1777901759,loop17,0.00,0.00,0.000,0.000,0.00
1777901759,loop18,0.00,0.00,0.000,0.000,0.00
1777901759,loop19,0.00,0.00,0.000,0.000,0.00
1777901759,loop2,0.00,0.00,0.000,0.000,0.00
1777901759,loop20,0.00,0.00,0.000,0.000,0.00
1777901759,loop21,0.00,0.00,0.000,0.000,0.00
1777901759,loop22,0.00,0.00,0.000,0.000,0.00
1777901759,loop23,0.00,0.00,0.000,0.000,0.00
1777901759,loop24,0.00,0.00,0.000,0.000,0.00
1777901759,loop25,0.00,0.00,0.000,0.000,0.00
1777901759,loop26,0.00,0.00,0.000,0.000,0.00
1777901759,loop27,0.00,0.00,0.000,0.000,0.00
1777901759,loop28,0.00,0.00,0.000,0.000,0.00
1777901759,loop29,0.00,0.00,0.000,0.000,0.00
1777901759,loop3,0.00,0.00,0.000,0.000,0.00
1777901759,loop30,0.00,0.00,0.000,0.000,0.00
1777901759,loop31,0.00,0.00,0.000,0.000,0.00
1777901759,loop32,0.00,0.00,0.000,0.000,0.00
1777901759,loop33,0.00,0.00,0.000,0.000,0.00
1777901759,loop34,0.00,0.00,0.000,0.000,0.00
1777901759,loop35,0.00,0.00,0.000,0.000,0.00
1777901759,loop36,0.00,0.00,0.000,0.000,0.00
1777901759,loop37,0.00,0.00,0.000,0.000,0.00
1777901759,loop38,0.00,0.00,0.000,0.000,0.00
1777901759,loop39,0.00,0.00,0.000,0.000,0.00
1777901759,loop4,0.00,0.00,0.000,0.000,0.00
1777901759,loop40,0.00,0.00,0.000,0.000,0.00
1777901759,loop5,0.00,0.00,0.000,0.000,0.00
1777901759,loop6,0.00,0.00,0.000,0.000,0.00
1777901759,loop7,0.00,0.00,0.000,0.000,0.00
1777901759,loop8,0.00,0.00,0.000,0.000,0.00
1777901759,loop9,0.00,0.00,0.000,0.000,0.00
1777901759,nvme0n1,0.00,0.00,0.000,0.000,0.00
1777901760,loop0,0.00,0.00,0.000,0.000,0.00
1777901760,loop1,0.00,0.00,0.000,0.000,0.00
1777901760,loop10,0.00,0.00,0.000,0.000,0.00
1777901760,loop11,0.00,0.00,0.000,0.000,0.00
1777901760,loop12,0.00,0.00,0.000,0.000,0.00
1777901760,loop13,0.00,0.00,0.000,0.000,0.00
1777901760,loop14,0.00,0.00,0.000,0.000,0.00
1777901760,loop15,0.00,0.00,0.000,0.000,0.00
1777901760,loop16,0.00,0.00,0.000,0.000,0.00
1777901760,loop17,0.00,0.00,0.000,0.000,0.00
1777901760,loop18,0.00,0.00,0.000,0.000,0.00
1777901760,loop19,0.00,0.00,0.000,0.000,0.00
1777901760,loop2,0.00,0.00,0.000,0.000,0.00
1777901760,loop20,0.00,0.00,0.000,0.000,0.00
1777901760,loop21,0.00,0.00,0.000,0.000,0.00
1777901760,loop22,0.00,0.00,0.000,0.000,0.00
1777901760,loop23,0.00,0.00,0.000,0.000,0.00
1777901760,loop24,0.00,0.00,0.000,0.000,0.00
1777901760,loop25,0.00,0.00,0.000,0.000,0.00
1777901760,loop26,0.00,0.00,0.000,0.000,0.00
1777901760,loop27,0.00,0.00,0.000,0.000,0.00
1777901760,loop28,0.00,0.00,0.000,0.000,0.00
1777901760,loop29,0.00,0.00,0.000,0.000,0.00
1777901760,loop3,0.00,0.00,0.000,0.000,0.00
1777901760,loop30,0.00,0.00,0.000,0.000,0.00
1777901760,loop31,0.00,0.00,0.000,0.000,0.00
1777901760,loop32,0.00,0.00,0.000,0.000,0.00
1777901760,loop33,0.00,0.00,0.000,0.000,0.00
1777901760,loop34,0.00,0.00,0.000,0.000,0.00
1777901760,loop35,0.00,0.00,0.000,0.000,0.00
1777901760,loop36,0.00,0.00,0.000,0.000,0.00
1777901760,loop37,0.00,0.00,0.000,0.000,0.00
1777901760,loop38,0.00,0.00,0.000,0.000,0.00
1777901760,loop39,0.00,0.00,0.000,0.000,0.00
1777901760,loop4,0.00,0.00,0.000,0.000,0.00
1777901760,loop40,0.00,0.00,0.000,0.000,0.00
1777901760,loop5,0.00,0.00,0.000,0.000,0.00
1777901760,loop6,0.00,0.00,0.000,0.000,0.00
1777901760,loop7,0.00,0.00,0.000,0.000,0.00
1777901760,loop8,0.00,0.00,0.000,0.000,0.00
1777901760,loop9,0.00,0.00,0.000,0.000,0.00
1777901760,nvme0n1,0.00,0.00,0.000,0.000,2.10
1777901761,loop0,0.00,0.00,0.000,0.000,0.00
1777901761,loop1,0.00,0.00,0.000,0.000,0.00
1777901761,loop10,0.00,0.00,0.000,0.000,0.00
1777901761,loop11,0.00,0.00,0.000,0.000,0.00
1777901761,loop12,0.00,0.00,0.000,0.000,0.00
1777901761,loop13,0.00,0.00,0.000,0.000,0.00
1777901761,loop14,0.00,0.00,0.000,0.000,0.00
1777901761,loop15,0.00,0.00,0.000,0.000,0.00
1777901761,loop16,0.00,0.00,0.000,0.000,0.00
1777901761,loop17,0.00,0.00,0.000,0.000,0.00
1777901761,loop18,0.00,0.00,0.000,0.000,0.00
1777901761,loop19,0.00,0.00,0.000,0.000,0.00
1777901761,loop2,0.00,0.00,0.000,0.000,0.00
1777901761,loop20,0.00,0.00,0.000,0.000,0.00
1777901761,loop21,0.00,0.00,0.000,0.000,0.00
1777901761,loop22,0.00,0.00,0.000,0.000,0.00
1777901761,loop23,0.00,0.00,0.000,0.000,0.00
1777901761,loop24,0.00,0.00,0.000,0.000,0.00
1777901761,loop25,0.00,0.00,0.000,0.000,0.00
1777901761,loop26,0.00,0.00,0.000,0.000,0.00
1777901761,loop27,0.00,0.00,0.000,0.000,0.00
1777901761,loop28,0.00,0.00,0.000,0.000,0.00
1777901761,loop29,0.00,0.00,0.000,0.000,0.00
1777901761,loop3,0.00,0.00,0.000,0.000,0.00
1777901761,loop30,0.00,0.00,0.000,0.000,0.00
1777901761,loop31,0.00,0.00,0.000,0.000,0.00
1777901761,loop32,0.00,0.00,0.000,0.000,0.00
1777901761,loop33,0.00,0.00,0.000,0.000,0.00
1777901761,loop34,0.00,0.00,0.000,0.000,0.00
1777901761,loop35,0.00,0.00,0.000,0.000,0.00
1777901761,loop36,0.00,0.00,0.000,0.000,0.00
1777901761,loop37,0.00,0.00,0.000,0.000,0.00
1777901761,loop38,0.00,0.00,0.000,0.000,0.00
1777901761,loop39,0.00,0.00,0.000,0.000,0.00
1777901761,loop4,0.00,0.00,0.000,0.000,0.00
1777901761,loop40,0.00,0.00,0.000,0.000,0.00
1777901761,loop5,0.00,0.00,0.000,0.000,0.00
1777901761,loop6,0.00,0.00,0.000,0.000,0.00
1777901761,loop7,0.00,0.00,0.000,0.000,0.00
1777901761,loop8,0.00,0.00,0.000,0.000,0.00
1777901761,loop9,0.00,0.00,0.000,0.000,0.00
1777901761,nvme0n1,0.00,0.00,0.000,0.000,0.00
1777901762,loop0,0.00,0.00,0.000,0.000,0.00
1777901762,loop1,0.00,0.00,0.000,0.000,0.00
1777901762,loop10,0.00,0.00,0.000,0.000,0.00
1777901762,loop11,0.00,0.00,0.000,0.000,0.00
1777901762,loop12,0.00,0.00,0.000,0.000,0.00
1777901762,loop13,0.00,0.00,0.000,0.000,0.00
1777901762,loop14,0.00,0.00,0.000,0.000,0.00
1777901762,loop15,0.00,0.00,0.000,0.000,0.00
1777901762,loop16,0.00,0.00,0.000,0.000,0.00
1777901762,loop17,0.00,0.00,0.000,0.000,0.00
1777901762,loop18,0.00,0.00,0.000,0.000,0.00
1777901762,loop19,0.00,0.00,0.000,0.000,0.00
1777901762,loop2,0.00,0.00,0.000,0.000,0.00
1777901762,loop20,0.00,0.00,0.000,0.000,0.00
1777901762,loop21,0.00,0.00,0.000,0.000,0.00
1777901762,loop22,0.00,0.00,0.000,0.000,0.00
1777901762,loop23,0.00,0.00,0.000,0.000,0.00
1777901762,loop24,0.00,0.00,0.000,0.000,0.00
1777901762,loop25,0.00,0.00,0.000,0.000,0.00
1777901762,loop26,0.00,0.00,0.000,0.000,0.00
1777901762,loop27,0.00,0.00,0.000,0.000,0.00
1777901762,loop28,0.00,0.00,0.000,0.000,0.00
1777901762,loop29,0.00,0.00,0.000,0.000,0.00
1777901762,loop3,0.00,0.00,0.000,0.000,0.00
1777901762,loop30,0.00,0.00,0.000,0.000,0.00
1777901762,loop31,0.00,0.00,0.000,0.000,0.00
1777901762,loop32,0.00,0.00,0.000,0.000,0.00
1777901762,loop33,0.00,0.00,0.000,0.000,0.00
1777901762,loop34,0.00,0.00,0.000,0.000,0.00
1777901762,loop35,0.00,0.00,0.000,0.000,0.00
1777901762,loop36,0.00,0.00,0.000,0.000,0.00
1777901762,loop37,0.00,0.00,0.000,0.000,0.00
1777901762,loop38,0.00,0.00,0.000,0.000,0.00
1777901762,loop39,0.00,0.00,0.000,0.000,0.00
1777901762,loop4,0.00,0.00,0.000,0.000,0.00
1777901762,loop40,0.00,0.00,0.000,0.000,0.00
1777901762,loop5,0.00,0.00,0.000,0.000,0.00
1777901762,loop6,0.00,0.00,0.000,0.000,0.00
1777901762,loop7,0.00,0.00,0.000,0.000,0.00
1777901762,loop8,0.00,0.00,0.000,0.000,0.00
1777901762,loop9,0.00,0.00,0.000,0.000,0.00
1777901762,nvme0n1,0.00,0.00,0.000,0.000,0.00
1777901763,loop0,0.00,0.00,0.000,0.000,0.00
1777901763,loop1,0.00,0.00,0.000,0.000,0.00
1777901763,loop10,0.00,0.00,0.000,0.000,0.00
1777901763,loop11,0.00,0.00,0.000,0.000,0.00
1777901763,loop12,0.00,0.00,0.000,0.000,0.00
1777901763,loop13,0.00,0.00,0.000,0.000,0.00
1777901763,loop14,0.00,0.00,0.000,0.000,0.00
1777901763,loop15,0.00,0.00,0.000,0.000,0.00
1777901763,loop16,0.00,0.00,0.000,0.000,0.00
1777901763,loop17,0.00,0.00,0.000,0.000,0.00
1777901763,loop18,0.00,0.00,0.000,0.000,0.00
1777901763,loop19,0.00,0.00,0.000,0.000,0.00
1777901763,loop2,0.00,0.00,0.000,0.000,0.00
1777901763,loop20,0.00,0.00,0.000,0.000,0.00
1777901763,loop21,0.00,0.00,0.000,0.000,0.00
1777901763,loop22,0.00,0.00,0.000,0.000,0.00
1777901763,loop23,0.00,0.00,0.000,0.000,0.00
1777901763,loop24,0.00,0.00,0.000,0.000,0.00
1777901763,loop25,0.00,0.00,0.000,0.000,0.00
1777901763,loop26,0.00,0.00,0.000,0.000,0.00
1777901763,loop27,0.00,0.00,0.000,0.000,0.00
1777901763,loop28,0.00,0.00,0.000,0.000,0.00
1777901763,loop29,0.00,0.00,0.000,0.000,0.00
1777901763,loop3,0.00,0.00,0.000,0.000,0.00
1777901763,loop30,0.00,0.00,0.000,0.000,0.00
1777901763,loop31,0.00,0.00,0.000,0.000,0.00
1777901763,loop32,0.00,0.00,0.000,0.000,0.00
1777901763,loop33,0.00,0.00,0.000,0.000,0.00
1777901763,loop34,0.00,0.00,0.000,0.000,0.00
1777901763,loop35,0.00,0.00,0.000,0.000,0.00
1777901763,loop36,0.00,0.00,0.000,0.000,0.00
1777901763,loop37,0.00,0.00,0.000,0.000,0.00
1777901763,loop38,0.00,0.00,0.000,0.000,0.00
1777901763,loop39,0.00,0.00,0.000,0.000,0.00
1777901763,loop4,0.00,0.00,0.000,0.000,0.00
1777901763,loop40,0.00,0.00,0.000,0.000,0.00
1777901763,loop5,0.00,0.00,0.000,0.000,0.00
1777901763,loop6,0.00,0.00,0.000,0.000,0.00
1777901763,loop7,0.00,0.00,0.000,0.000,0.00
1777901763,loop8,0.00,0.00,0.000,0.000,0.00
1777901763,loop9,0.00,0.00,0.000,0.000,0.00
1777901763,nvme0n1,0.00,0.00,0.000,0.000,5.30
1777901764,loop0,0.00,0.00,0.000,0.000,0.00
1777901764,loop1,0.00,0.00,0.000,0.000,0.00
1777901764,loop10,0.00,0.00,0.000,0.000,0.00
1777901764,loop11,0.00,0.00,0.000,0.000,0.00
1777901764,loop12,0.00,0.00,0.000,0.000,0.00
1777901764,loop13,0.00,0.00,0.000,0.000,0.00
1777901764,loop14,0.00,0.00,0.000,0.000,0.00
1777901764,loop15,0.00,0.00,0.000,0.000,0.00
1777901764,loop16,0.00,0.00,0.000,0.000,0.00
1777901764,loop17,0.00,0.00,0.000,0.000,0.00
1777901764,loop18,0.00,0.00,0.000,0.000,0.00
1777901764,loop19,0.00,0.00,0.000,0.000,0.00
1777901764,loop2,0.00,0.00,0.000,0.000,0.00
1777901764,loop20,0.00,0.00,0.000,0.000,0.00
1777901764,loop21,0.00,0.00,0.000,0.000,0.00
1777901764,loop22,0.00,0.00,0.000,0.000,0.00
1777901764,loop23,0.00,0.00,0.000,0.000,0.00
1777901764,loop24,0.00,0.00,0.000,0.000,0.00
1777901764,loop25,0.00,0.00,0.000,0.000,0.00
1777901764,loop26,0.00,0.00,0.000,0.000,0.00
1777901764,loop27,0.00,0.00,0.000,0.000,0.00
1777901764,loop28,0.00,0.00,0.000,0.000,0.00
1777901764,loop29,0.00,0.00,0.000,0.000,0.00
1777901764,loop3,0.00,0.00,0.000,0.000,0.00
1777901764,loop30,0.00,0.00,0.000,0.000,0.00
1777901764,loop31,0.00,0.00,0.000,0.000,0.00
1777901764,loop32,0.00,0.00,0.000,0.000,0.00
1777901764,loop33,0.00,0.00,0.000,0.000,0.00
1777901764,loop34,0.00,0.00,0.000,0.000,0.00
1777901764,loop35,0.00,0.00,0.000,0.000,0.00
1777901764,loop36,0.00,0.00,0.000,0.000,0.00
1777901764,loop37,0.00,0.00,0.000,0.000,0.00
1777901764,loop38,0.00,0.00,0.000,0.000,0.00
1777901764,loop39,0.00,0.00,0.000,0.000,0.00
1777901764,loop4,0.00,0.00,0.000,0.000,0.00
1777901764,loop40,0.00,0.00,0.000,0.000,0.00
1777901764,loop5,0.00,0.00,0.000,0.000,0.00
1777901764,loop6,0.00,0.00,0.000,0.000,0.00
1777901764,loop7,0.00,0.00,0.000,0.000,0.00
1777901764,loop8,0.00,0.00,0.000,0.000,0.00
1777901764,loop9,0.00,0.00,0.000,0.000,0.00
1777901764,nvme0n1,0.00,0.00,0.000,0.000,0.00
1777901765,loop0,0.00,0.00,0.000,0.000,0.00
1777901765,loop1,0.00,0.00,0.000,0.000,0.00
1777901765,loop10,0.00,0.00,0.000,0.000,0.00
1777901765,loop11,0.00,0.00,0.000,0.000,0.00
1777901765,loop12,0.00,0.00,0.000,0.000,0.00
1777901765,loop13,0.00,0.00,0.000,0.000,0.00
1777901765,loop14,0.00,0.00,0.000,0.000,0.00
1777901765,loop15,0.00,0.00,0.000,0.000,0.00
1777901765,loop16,0.00,0.00,0.000,0.000,0.00
1777901765,loop17,0.00,0.00,0.000,0.000,0.00
1777901765,loop18,0.00,0.00,0.000,0.000,0.00
1777901765,loop19,0.00,0.00,0.000,0.000,0.00
1777901765,loop2,0.00,0.00,0.000,0.000,0.00
1777901765,loop20,0.00,0.00,0.000,0.000,0.00
1777901765,loop21,0.00,0.00,0.000,0.000,0.00
1777901765,loop22,0.00,0.00,0.000,0.000,0.00
1777901765,loop23,0.00,0.00,0.000,0.000,0.00
1777901765,loop24,0.00,0.00,0.000,0.000,0.00
1777901765,loop25,0.00,0.00,0.000,0.000,0.00
1777901765,loop26,0.00,0.00,0.000,0.000,0.00
1777901765,loop27,0.00,0.00,0.000,0.000,0.00
1777901765,loop28,0.00,0.00,0.000,0.000,0.00
1777901765,loop29,0.00,0.00,0.000,0.000,0.00
1777901765,loop3,0.00,0.00,0.000,0.000,0.00
1777901765,loop30,0.00,0.00,0.000,0.000,0.00
1777901765,loop31,0.00,0.00,0.000,0.000,0.00
1777901765,loop32,0.00,0.00,0.000,0.000,0.00
1777901765,loop33,0.00,0.00,0.000,0.000,0.00
1777901765,loop34,0.00,0.00,0.000,0.000,0.00
1777901765,loop35,0.00,0.00,0.000,0.000,0.00
1777901765,loop36,0.00,0.00,0.000,0.000,0.00
1777901765,loop37,0.00,0.00,0.000,0.000,0.00
1777901765,loop38,0.00,0.00,0.000,0.000,0.00
1777901765,loop39,0.00,0.00,0.000,0.000,0.00
1777901765,loop4,0.00,0.00,0.000,0.000,0.00
1777901765,loop40,0.00,0.00,0.000,0.000,0.00
1777901765,loop5,0.00,0.00,0.000,0.000,0.00
1777901765,loop6,0.00,0.00,0.000,0.000,0.00
1777901765,loop7,0.00,0.00,0.000,0.000,0.00
1777901765,loop8,0.00,0.00,0.000,0.000,0.00
1777901765,loop9,0.00,0.00,0.000,0.000,0.00
1777901765,nvme0n1,0.00,0.00,0.000,0.000,0.00
1777901766,loop0,0.00,0.00,0.000,0.000,0.00
1777901766,loop1,0.00,0.00,0.000,0.000,0.00
1777901766,loop10,0.00,0.00,0.000,0.000,0.00
1777901766,loop11,0.00,0.00,0.000,0.000,0.00
1777901766,loop12,0.00,0.00,0.000,0.000,0.00
1777901766,loop13,0.00,0.00,0.000,0.000,0.00
1777901766,loop14,0.00,0.00,0.000,0.000,0.00
1777901766,loop15,0.00,0.00,0.000,0.000,0.00
1777901766,loop16,0.00,0.00,0.000,0.000,0.00
1777901766,loop17,0.00,0.00,0.000,0.000,0.00
1777901766,loop18,0.00,0.00,0.000,0.000,0.00
1777901766,loop19,0.00,0.00,0.000,0.000,0.00
1777901766,loop2,0.00,0.00,0.000,0.000,0.00
1777901766,loop20,0.00,0.00,0.000,0.000,0.00
1777901766,loop21,0.00,0.00,0.000,0.000,0.00
1777901766,loop22,0.00,0.00,0.000,0.000,0.00
1777901766,loop23,0.00,0.00,0.000,0.000,0.00
1777901766,loop24,0.00,0.00,0.000,0.000,0.00
1777901766,loop25,0.00,0.00,0.000,0.000,0.00
1777901766,loop26,0.00,0.00,0.000,0.000,0.00
1777901766,loop27,0.00,0.00,0.000,0.000,0.00
1777901766,loop28,0.00,0.00,0.000,0.000,0.00
1777901766,loop29,0.00,0.00,0.000,0.000,0.00
1777901766,loop3,0.00,0.00,0.000,0.000,0.00
1777901766,loop30,0.00,0.00,0.000,0.000,0.00
1777901766,loop31,0.00,0.00,0.000,0.000,0.00
1777901766,loop32,0.00,0.00,0.000,0.000,0.00
1777901766,loop33,0.00,0.00,0.000,0.000,0.00
1777901766,loop34,0.00,0.00,0.000,0.000,0.00
1777901766,loop35,0.00,0.00,0.000,0.000,0.00
1777901766,loop36,0.00,0.00,0.000,0.000,0.00
1777901766,loop37,0.00,0.00,0.000,0.000,0.00
1777901766,loop38,0.00,0.00,0.000,0.000,0.00
1777901766,loop39,0.00,0.00,0.000,0.000,0.00
1777901766,loop4,0.00,0.00,0.000,0.000,0.00
1777901766,loop40,0.00,0.00,0.000,0.000,0.00
1777901766,loop5,0.00,0.00,0.000,0.000,0.00
1777901766,loop6,0.00,0.00,0.000,0.000,0.00
1777901766,loop7,0.00,0.00,0.000,0.000,0.00
1777901766,loop8,0.00,0.00,0.000,0.000,0.00
1777901766,loop9,0.00,0.00,0.000,0.000,0.00
1777901766,nvme0n1,0.00,0.00,0.000,0.000,0.00
1777901767,loop0,0.00,0.00,0.000,0.000,0.00
1777901767,loop1,0.00,0.00,0.000,0.000,0.00
1777901767,loop10,0.00,0.00,0.000,0.000,0.00
1777901767,loop11,0.00,0.00,0.000,0.000,0.00
1777901767,loop12,0.00,0.00,0.000,0.000,0.00
1777901767,loop13,0.00,0.00,0.000,0.000,0.00
1777901767,loop14,0.00,0.00,0.000,0.000,0.00
1777901767,loop15,0.00,0.00,0.000,0.000,0.00
1777901767,loop16,0.00,0.00,0.000,0.000,0.00
1777901767,loop17,0.00,0.00,0.000,0.000,0.00
1777901767,loop18,0.00,0.00,0.000,0.000,0.00
1777901767,loop19,0.00,0.00,0.000,0.000,0.00
1777901767,loop2,0.00,0.00,0.000,0.000,0.00
1777901767,loop20,0.00,0.00,0.000,0.000,0.00
1777901767,loop21,0.00,0.00,0.000,0.000,0.00
1777901767,loop22,0.00,0.00,0.000,0.000,0.00
1777901767,loop23,0.00,0.00,0.000,0.000,0.00
1777901767,loop24,0.00,0.00,0.000,0.000,0.00
1777901767,loop25,0.00,0.00,0.000,0.000,0.00
1777901767,loop26,0.00,0.00,0.000,0.000,0.00
1777901767,loop27,0.00,0.00,0.000,0.000,0.00
1777901767,loop28,0.00,0.00,0.000,0.000,0.00
1777901767,loop29,0.00,0.00,0.000,0.000,0.00
1777901767,loop3,0.00,0.00,0.000,0.000,0.00
1777901767,loop30,0.00,0.00,0.000,0.000,0.00
1777901767,loop31,0.00,0.00,0.000,0.000,0.00
1777901767,loop32,0.00,0.00,0.000,0.000,0.00
1777901767,loop33,0.00,0.00,0.000,0.000,0.00
1777901767,loop34,0.00,0.00,0.000,0.000,0.00
1777901767,loop35,0.00,0.00,0.000,0.000,0.00
1777901767,loop36,0.00,0.00,0.000,0.000,0.00
1777901767,loop37,0.00,0.00,0.000,0.000,0.00
1777901767,loop38,0.00,0.00,0.000,0.000,0.00
1777901767,loop39,0.00,0.00,0.000,0.000,0.00
1777901767,loop4,0.00,0.00,0.000,0.000,0.00
1777901767,loop40,0.00,0.00,0.000,0.000,0.00
1777901767,loop5,0.00,0.00,0.000,0.000,0.00
1777901767,loop6,0.00,0.00,0.000,0.000,0.00
1777901767,loop7,0.00,0.00,0.000,0.000,0.00
1777901767,loop8,0.00,0.00,0.000,0.000,0.00
1777901767,loop9,0.00,0.00,0.000,0.000,0.00
1777901767,nvme0n1,0.00,0.00,0.000,0.000,0.00
1777901768,loop0,0.00,0.00,0.000,0.000,0.00
1777901768,loop1,0.00,0.00,0.000,0.000,0.00
1777901768,loop10,0.00,0.00,0.000,0.000,0.00
1777901768,loop11,0.00,0.00,0.000,0.000,0.00
1777901768,loop12,0.00,0.00,0.000,0.000,0.00
1777901768,loop13,0.00,0.00,0.000,0.000,0.00
1777901768,loop14,0.00,0.00,0.000,0.000,0.00
1777901768,loop15,0.00,0.00,0.000,0.000,0.00
1777901768,loop16,0.00,0.00,0.000,0.000,0.00
1777901768,loop17,0.00,0.00,0.000,0.000,0.00
1777901768,loop18,0.00,0.00,0.000,0.000,0.00
1777901768,loop19,0.00,0.00,0.000,0.000,0.00
1777901768,loop2,0.00,0.00,0.000,0.000,0.00
1777901768,loop20,0.00,0.00,0.000,0.000,0.00
1777901768,loop21,0.00,0.00,0.000,0.000,0.00
1777901768,loop22,0.00,0.00,0.000,0.000,0.00
1777901768,loop23,0.00,0.00,0.000,0.000,0.00
1777901768,loop24,0.00,0.00,0.000,0.000,0.00
1777901768,loop25,0.00,0.00,0.000,0.000,0.00
1777901768,loop26,0.00,0.00,0.000,0.000,0.00
1777901768,loop27,0.00,0.00,0.000,0.000,0.00
1777901768,loop28,0.00,0.00,0.000,0.000,0.00
1777901768,loop29,0.00,0.00,0.000,0.000,0.00
1777901768,loop3,0.00,0.00,0.000,0.000,0.00
1777901768,loop30,0.00,0.00,0.000,0.000,0.00
1777901768,loop31,0.00,0.00,0.000,0.000,0.00
1777901768,loop32,0.00,0.00,0.000,0.000,0.00
1777901768,loop33,0.00,0.00,0.000,0.000,0.00
1777901768,loop34,0.00,0.00,0.000,0.000,0.00
1777901768,loop35,0.00,0.00,0.000,0.000,0.00
1777901768,loop36,0.00,0.00,0.000,0.000,0.00
1777901768,loop37,0.00,0.00,0.000,0.000,0.00
1777901768,loop38,0.00,0.00,0.000,0.000,0.00
1777901768,loop39,0.00,0.00,0.000,0.000,0.00
1777901768,loop4,0.00,0.00,0.000,0.000,0.00
1777901768,loop40,0.00,0.00,0.000,0.000,0.00
1777901768,loop5,0.00,0.00,0.000,0.000,0.00
1777901768,loop6,0.00,0.00,0.000,0.000,0.00
1777901768,loop7,0.00,0.00,0.000,0.000,0.00
1777901768,loop8,0.00,0.00,0.000,0.000,0.00
1777901768,loop9,0.00,0.00,0.000,0.000,0.00
1777901768,nvme0n1,0.00,0.00,0.000,0.000,5.20
1777901769,loop0,0.00,0.00,0.000,0.000,0.00
1777901769,loop1,0.00,0.00,0.000,0.000,0.00
1777901769,loop10,0.00,0.00,0.000,0.000,0.00
1777901769,loop11,0.00,0.00,0.000,0.000,0.00
1777901769,loop12,0.00,0.00,0.000,0.000,0.00
1777901769,loop13,0.00,0.00,0.000,0.000,0.00
1777901769,loop14,0.00,0.00,0.000,0.000,0.00
1777901769,loop15,0.00,0.00,0.000,0.000,0.00
1777901769,loop16,0.00,0.00,0.000,0.000,0.00
1777901769,loop17,0.00,0.00,0.000,0.000,0.00
1777901769,loop18,0.00,0.00,0.000,0.000,0.00
1777901769,loop19,0.00,0.00,0.000,0.000,0.00
1777901769,loop2,0.00,0.00,0.000,0.000,0.00
1777901769,loop20,0.00,0.00,0.000,0.000,0.00
1777901769,loop21,0.00,0.00,0.000,0.000,0.00
1777901769,loop22,0.00,0.00,0.000,0.000,0.00
1777901769,loop23,0.00,0.00,0.000,0.000,0.00
1777901769,loop24,0.00,0.00,0.000,0.000,0.00
1777901769,loop25,0.00,0.00,0.000,0.000,0.00
1777901769,loop26,0.00,0.00,0.000,0.000,0.00
1777901769,loop27,0.00,0.00,0.000,0.000,0.00
1777901769,loop28,0.00,0.00,0.000,0.000,0.00
1777901769,loop29,0.00,0.00,0.000,0.000,0.00
1777901769,loop3,0.00,0.00,0.000,0.000,0.00
1777901769,loop30,0.00,0.00,0.000,0.000,0.00
1777901769,loop31,0.00,0.00,0.000,0.000,0.00
1777901769,loop32,0.00,0.00,0.000,0.000,0.00
1777901769,loop33,0.00,0.00,0.000,0.000,0.00
1777901769,loop34,0.00,0.00,0.000,0.000,0.00
1777901769,loop35,0.00,0.00,0.000,0.000,0.00
1777901769,loop36,0.00,0.00,0.000,0.000,0.00
1777901769,loop37,0.00,0.00,0.000,0.000,0.00
1777901769,loop38,0.00,0.00,0.000,0.000,0.00
1777901769,loop39,0.00,0.00,0.000,0.000,0.00
1777901769,loop4,0.00,0.00,0.000,0.000,0.00
1777901769,loop40,0.00,0.00,0.000,0.000,0.00
1777901769,loop5,0.00,0.00,0.000,0.000,0.00
1777901769,loop6,0.00,0.00,0.000,0.000,0.00
1777901769,loop7,0.00,0.00,0.000,0.000,0.00
1777901769,loop8,0.00,0.00,0.000,0.000,0.00
1777901769,loop9,0.00,0.00,0.000,0.000,0.00
1777901769,nvme0n1,0.00,0.00,0.000,0.000,0.10
1777901770,loop0,0.00,0.00,0.000,0.000,0.00
1777901770,loop1,0.00,0.00,0.000,0.000,0.00
1777901770,loop10,0.00,0.00,0.000,0.000,0.00
1777901770,loop11,0.00,0.00,0.000,0.000,0.00
1777901770,loop12,0.00,0.00,0.000,0.000,0.00
1777901770,loop13,0.00,0.00,0.000,0.000,0.00
1777901770,loop14,0.00,0.00,0.000,0.000,0.00
1777901770,loop15,0.00,0.00,0.000,0.000,0.00
1777901770,loop16,0.00,0.00,0.000,0.000,0.00
1777901770,loop17,0.00,0.00,0.000,0.000,0.00
1777901770,loop18,0.00,0.00,0.000,0.000,0.00
1777901770,loop19,0.00,0.00,0.000,0.000,0.00
1777901770,loop2,0.00,0.00,0.000,0.000,0.00
1777901770,loop20,0.00,0.00,0.000,0.000,0.00
1777901770,loop21,0.00,0.00,0.000,0.000,0.00
1777901770,loop22,0.00,0.00,0.000,0.000,0.00
1777901770,loop23,0.00,0.00,0.000,0.000,0.00
1777901770,loop24,0.00,0.00,0.000,0.000,0.00
1777901770,loop25,0.00,0.00,0.000,0.000,0.00
1777901770,loop26,0.00,0.00,0.000,0.000,0.00
1777901770,loop27,0.00,0.00,0.000,0.000,0.00
1777901770,loop28,0.00,0.00,0.000,0.000,0.00
1777901770,loop29,0.00,0.00,0.000,0.000,0.00
1777901770,loop3,0.00,0.00,0.000,0.000,0.00
1777901770,loop30,0.00,0.00,0.000,0.000,0.00
1777901770,loop31,0.00,0.00,0.000,0.000,0.00
1777901770,loop32,0.00,0.00,0.000,0.000,0.00
1777901770,loop33,0.00,0.00,0.000,0.000,0.00
1777901770,loop34,0.00,0.00,0.000,0.000,0.00
1777901770,loop35,0.00,0.00,0.000,0.000,0.00
1777901770,loop36,0.00,0.00,0.000,0.000,0.00
1777901770,loop37,0.00,0.00,0.000,0.000,0.00
1777901770,loop38,0.00,0.00,0.000,0.000,0.00
1777901770,loop39,0.00,0.00,0.000,0.000,0.00
1777901770,loop4,0.00,0.00,0.000,0.000,0.00
1777901770,loop40,0.00,0.00,0.000,0.000,0.00
1777901770,loop5,0.00,0.00,0.000,0.000,0.00
1777901770,loop6,0.00,0.00,0.000,0.000,0.00
1777901770,loop7,0.00,0.00,0.000,0.000,0.00
1777901770,loop8,0.00,0.00,0.000,0.000,0.00
1777901770,loop9,0.00,0.00,0.000,0.000,0.00
1777901770,nvme0n1,0.00,0.00,0.000,0.000,0.00
1777901771,loop0,0.00,0.00,0.000,0.000,0.00
1777901771,loop1,0.00,0.00,0.000,0.000,0.00
1777901771,loop10,0.00,0.00,0.000,0.000,0.00
1777901771,loop11,0.00,0.00,0.000,0.000,0.00
1777901771,loop12,0.00,0.00,0.000,0.000,0.00
1777901771,loop13,0.00,0.00,0.000,0.000,0.00
1777901771,loop14,0.00,0.00,0.000,0.000,0.00
1777901771,loop15,0.00,0.00,0.000,0.000,0.00
1777901771,loop16,0.00,0.00,0.000,0.000,0.00
1777901771,loop17,0.00,0.00,0.000,0.000,0.00
1777901771,loop18,0.00,0.00,0.000,0.000,0.00
1777901771,loop19,0.00,0.00,0.000,0.000,0.00
1777901771,loop2,0.00,0.00,0.000,0.000,0.00
1777901771,loop20,0.00,0.00,0.000,0.000,0.00
1777901771,loop21,0.00,0.00,0.000,0.000,0.00
1777901771,loop22,0.00,0.00,0.000,0.000,0.00
1777901771,loop23,0.00,0.00,0.000,0.000,0.00
1777901771,loop24,0.00,0.00,0.000,0.000,0.00
1777901771,loop25,0.00,0.00,0.000,0.000,0.00
1777901771,loop26,0.00,0.00,0.000,0.000,0.00
1777901771,loop27,0.00,0.00,0.000,0.000,0.00
1777901771,loop28,0.00,0.00,0.000,0.000,0.00
1777901771,loop29,0.00,0.00,0.000,0.000,0.00
1777901771,loop3,0.00,0.00,0.000,0.000,0.00
1777901771,loop30,0.00,0.00,0.000,0.000,0.00
1777901771,loop31,0.00,0.00,0.000,0.000,0.00
1777901771,loop32,0.00,0.00,0.000,0.000,0.00
1777901771,loop33,0.00,0.00,0.000,0.000,0.00
1777901771,loop34,0.00,0.00,0.000,0.000,0.00
1777901771,loop35,0.00,0.00,0.000,0.000,0.00
1777901771,loop36,0.00,0.00,0.000,0.000,0.00
1777901771,loop37,0.00,0.00,0.000,0.000,0.00
1777901771,loop38,0.00,0.00,0.000,0.000,0.00
1777901771,loop39,0.00,0.00,0.000,0.000,0.00
1777901771,loop4,0.00,0.00,0.000,0.000,0.00
1777901771,loop40,0.00,0.00,0.000,0.000,0.00
1777901771,loop5,0.00,0.00,0.000,0.000,0.00
1777901771,loop6,0.00,0.00,0.000,0.000,0.00
1777901771,loop7,0.00,0.00,0.000,0.000,0.00
1777901771,loop8,0.00,0.00,0.000,0.000,0.00
1777901771,loop9,0.00,0.00,0.000,0.000,0.00
1777901771,nvme0n1,0.00,0.00,0.000,0.000,0.00
1777901772,loop0,0.00,0.00,0.000,0.000,0.00
1777901772,loop1,0.00,0.00,0.000,0.000,0.00
1777901772,loop10,0.00,0.00,0.000,0.000,0.00
1777901772,loop11,0.00,0.00,0.000,0.000,0.00
1777901772,loop12,0.00,0.00,0.000,0.000,0.00
1777901772,loop13,0.00,0.00,0.000,0.000,0.00
1777901772,loop14,0.00,0.00,0.000,0.000,0.00
1777901772,loop15,0.00,0.00,0.000,0.000,0.00
1777901772,loop16,0.00,0.00,0.000,0.000,0.00
1777901772,loop17,0.00,0.00,0.000,0.000,0.00
1777901772,loop18,0.00,0.00,0.000,0.000,0.00
1777901772,loop19,0.00,0.00,0.000,0.000,0.00
1777901772,loop2,0.00,0.00,0.000,0.000,0.00
1777901772,loop20,0.00,0.00,0.000,0.000,0.00
1777901772,loop21,0.00,0.00,0.000,0.000,0.00
1777901772,loop22,0.00,0.00,0.000,0.000,0.00
1777901772,loop23,0.00,0.00,0.000,0.000,0.00
1777901772,loop24,0.00,0.00,0.000,0.000,0.00
1777901772,loop25,0.00,0.00,0.000,0.000,0.00
1777901772,loop26,0.00,0.00,0.000,0.000,0.00
1777901772,loop27,0.00,0.00,0.000,0.000,0.00
1777901772,loop28,0.00,0.00,0.000,0.000,0.00
1777901772,loop29,0.00,0.00,0.000,0.000,0.00
1777901772,loop3,0.00,0.00,0.000,0.000,0.00
1777901772,loop30,0.00,0.00,0.000,0.000,0.00
1777901772,loop31,0.00,0.00,0.000,0.000,0.00
1777901772,loop32,0.00,0.00,0.000,0.000,0.00
1777901772,loop33,0.00,0.00,0.000,0.000,0.00
1777901772,loop34,0.00,0.00,0.000,0.000,0.00
1777901772,loop35,0.00,0.00,0.000,0.000,0.00
1777901772,loop36,0.00,0.00,0.000,0.000,0.00
1777901772,loop37,0.00,0.00,0.000,0.000,0.00
1777901772,loop38,0.00,0.00,0.000,0.000,0.00
1777901772,loop39,0.00,0.00,0.000,0.000,0.00
1777901772,loop4,0.00,0.00,0.000,0.000,0.00
1777901772,loop40,0.00,0.00,0.000,0.000,0.00
1777901772,loop5,0.00,0.00,0.000,0.000,0.00
1777901772,loop6,0.00,0.00,0.000,0.000,0.00
1777901772,loop7,0.00,0.00,0.000,0.000,0.00
1777901772,loop8,0.00,0.00,0.000,0.000,0.00
1777901772,loop9,0.00,0.00,0.000,0.000,0.00
1777901772,nvme0n1,3.00,12.00,0.000,0.000,0.10
1777901773,loop0,0.00,0.00,0.000,0.000,0.00
1777901773,loop1,0.00,0.00,0.000,0.000,0.00
1777901773,loop10,0.00,0.00,0.000,0.000,0.00
1777901773,loop11,0.00,0.00,0.000,0.000,0.00
1777901773,loop12,0.00,0.00,0.000,0.000,0.00
1777901773,loop13,0.00,0.00,0.000,0.000,0.00
1777901773,loop14,0.00,0.00,0.000,0.000,0.00
1777901773,loop15,0.00,0.00,0.000,0.000,0.00
1777901773,loop16,0.00,0.00,0.000,0.000,0.00
1777901773,loop17,0.00,0.00,0.000,0.000,0.00
1777901773,loop18,0.00,0.00,0.000,0.000,0.00
1777901773,loop19,0.00,0.00,0.000,0.000,0.00
1777901773,loop2,0.00,0.00,0.000,0.000,0.00
1777901773,loop20,0.00,0.00,0.000,0.000,0.00
1777901773,loop21,0.00,0.00,0.000,0.000,0.00
1777901773,loop22,0.00,0.00,0.000,0.000,0.00
1777901773,loop23,0.00,0.00,0.000,0.000,0.00
1777901773,loop24,0.00,0.00,0.000,0.000,0.00
1777901773,loop25,0.00,0.00,0.000,0.000,0.00
1777901773,loop26,0.00,0.00,0.000,0.000,0.00
1777901773,loop27,0.00,0.00,0.000,0.000,0.00
1777901773,loop28,0.00,0.00,0.000,0.000,0.00
1777901773,loop29,0.00,0.00,0.000,0.000,0.00
1777901773,loop3,0.00,0.00,0.000,0.000,0.00
1777901773,loop30,0.00,0.00,0.000,0.000,0.00
1777901773,loop31,0.00,0.00,0.000,0.000,0.00
1777901773,loop32,0.00,0.00,0.000,0.000,0.00
1777901773,loop33,0.00,0.00,0.000,0.000,0.00
1777901773,loop34,0.00,0.00,0.000,0.000,0.00
1777901773,loop35,0.00,0.00,0.000,0.000,0.00
1777901773,loop36,0.00,0.00,0.000,0.000,0.00
1777901773,loop37,0.00,0.00,0.000,0.000,0.00
1777901773,loop38,0.00,0.00,0.000,0.000,0.00
1777901773,loop39,0.00,0.00,0.000,0.000,0.00
1777901773,loop4,0.00,0.00,0.000,0.000,0.00
1777901773,loop40,0.00,0.00,0.000,0.000,0.00
1777901773,loop5,0.00,0.00,0.000,0.000,0.00
1777901773,loop6,0.00,0.00,0.000,0.000,0.00
1777901773,loop7,0.00,0.00,0.000,0.000,0.00
1777901773,loop8,0.00,0.00,0.000,0.000,0.00
1777901773,loop9,0.00,0.00,0.000,0.000,0.00
1777901773,nvme0n1,1.00,4.00,0.000,0.000,0.30
1777901774,loop0,0.00,0.00,0.000,0.000,0.00
1777901774,loop1,0.00,0.00,0.000,0.000,0.00
1777901774,loop10,0.00,0.00,0.000,0.000,0.00
1777901774,loop11,0.00,0.00,0.000,0.000,0.00
1777901774,loop12,0.00,0.00,0.000,0.000,0.00
1777901774,loop13,0.00,0.00,0.000,0.000,0.00
1777901774,loop14,0.00,0.00,0.000,0.000,0.00
1777901774,loop15,0.00,0.00,0.000,0.000,0.00
1777901774,loop16,0.00,0.00,0.000,0.000,0.00
1777901774,loop17,0.00,0.00,0.000,0.000,0.00
1777901774,loop18,0.00,0.00,0.000,0.000,0.00
1777901774,loop19,0.00,0.00,0.000,0.000,0.00
1777901774,loop2,0.00,0.00,0.000,0.000,0.00
1777901774,loop20,0.00,0.00,0.000,0.000,0.00
1777901774,loop21,0.00,0.00,0.000,0.000,0.00
1777901774,loop22,0.00,0.00,0.000,0.000,0.00
1777901774,loop23,0.00,0.00,0.000,0.000,0.00
1777901774,loop24,0.00,0.00,0.000,0.000,0.00
1777901774,loop25,0.00,0.00,0.000,0.000,0.00
1777901774,loop26,0.00,0.00,0.000,0.000,0.00
1777901774,loop27,0.00,0.00,0.000,0.000,0.00
1777901774,loop28,0.00,0.00,0.000,0.000,0.00
1777901774,loop29,0.00,0.00,0.000,0.000,0.00
1777901774,loop3,0.00,0.00,0.000,0.000,0.00
1777901774,loop30,0.00,0.00,0.000,0.000,0.00
1777901774,loop31,0.00,0.00,0.000,0.000,0.00
1777901774,loop32,0.00,0.00,0.000,0.000,0.00
1777901774,loop33,0.00,0.00,0.000,0.000,0.00
1777901774,loop34,0.00,0.00,0.000,0.000,0.00
1777901774,loop35,0.00,0.00,0.000,0.000,0.00
1777901774,loop36,0.00,0.00,0.000,0.000,0.00
1777901774,loop37,0.00,0.00,0.000,0.000,0.00
1777901774,loop38,0.00,0.00,0.000,0.000,0.00
1777901774,loop39,0.00,0.00,0.000,0.000,0.00
1777901774,loop4,0.00,0.00,0.000,0.000,0.00
1777901774,loop40,0.00,0.00,0.000,0.000,0.00
1777901774,loop5,0.00,0.00,0.000,0.000,0.00
1777901774,loop6,0.00,0.00,0.000,0.000,0.00
1777901774,loop7,0.00,0.00,0.000,0.000,0.00
1777901774,loop8,0.00,0.00,0.000,0.000,0.00
1777901774,loop9,0.00,0.00,0.000,0.000,0.00
1777901774,nvme0n1,0.00,0.00,0.000,0.000,0.00
1777901775,loop0,0.00,0.00,0.000,0.000,0.00
1777901775,loop1,0.00,0.00,0.000,0.000,0.00
1777901775,loop10,0.00,0.00,0.000,0.000,0.00
1777901775,loop11,0.00,0.00,0.000,0.000,0.00
1777901775,loop12,0.00,0.00,0.000,0.000,0.00
1777901775,loop13,0.00,0.00,0.000,0.000,0.00
1777901775,loop14,0.00,0.00,0.000,0.000,0.00
1777901775,loop15,0.00,0.00,0.000,0.000,0.00
1777901775,loop16,0.00,0.00,0.000,0.000,0.00
1777901775,loop17,0.00,0.00,0.000,0.000,0.00
1777901775,loop18,0.00,0.00,0.000,0.000,0.00
1777901775,loop19,0.00,0.00,0.000,0.000,0.00
1777901775,loop2,0.00,0.00,0.000,0.000,0.00
1777901775,loop20,0.00,0.00,0.000,0.000,0.00
1777901775,loop21,0.00,0.00,0.000,0.000,0.00
1777901775,loop22,0.00,0.00,0.000,0.000,0.00
1777901775,loop23,0.00,0.00,0.000,0.000,0.00
1777901775,loop24,0.00,0.00,0.000,0.000,0.00
1777901775,loop25,0.00,0.00,0.000,0.000,0.00
1777901775,loop26,0.00,0.00,0.000,0.000,0.00
1777901775,loop27,0.00,0.00,0.000,0.000,0.00
1777901775,loop28,0.00,0.00,0.000,0.000,0.00
1777901775,loop29,0.00,0.00,0.000,0.000,0.00
1777901775,loop3,0.00,0.00,0.000,0.000,0.00
1777901775,loop30,0.00,0.00,0.000,0.000,0.00
1777901775,loop31,0.00,0.00,0.000,0.000,0.00
1777901775,loop32,0.00,0.00,0.000,0.000,0.00
1777901775,loop33,0.00,0.00,0.000,0.000,0.00
1777901775,loop34,0.00,0.00,0.000,0.000,0.00
1777901775,loop35,0.00,0.00,0.000,0.000,0.00
1777901775,loop36,0.00,0.00,0.000,0.000,0.00
1777901775,loop37,0.00,0.00,0.000,0.000,0.00
1777901775,loop38,0.00,0.00,0.000,0.000,0.00
1777901775,loop39,0.00,0.00,0.000,0.000,0.00
1777901775,loop4,0.00,0.00,0.000,0.000,0.00
1777901775,loop40,0.00,0.00,0.000,0.000,0.00
1777901775,loop5,0.00,0.00,0.000,0.000,0.00
1777901775,loop6,0.00,0.00,0.000,0.000,0.00
1777901775,loop7,0.00,0.00,0.000,0.000,0.00
1777901775,loop8,0.00,0.00,0.000,0.000,0.00
1777901775,loop9,0.00,0.00,0.000,0.000,0.00
1777901775,nvme0n1,0.00,0.00,0.000,0.000,2.10
1777901776,loop0,0.00,0.00,0.000,0.000,0.00
1777901776,loop1,0.00,0.00,0.000,0.000,0.00
1777901776,loop10,0.00,0.00,0.000,0.000,0.00
1777901776,loop11,0.00,0.00,0.000,0.000,0.00
1777901776,loop12,0.00,0.00,0.000,0.000,0.00
1777901776,loop13,0.00,0.00,0.000,0.000,0.00
1777901776,loop14,0.00,0.00,0.000,0.000,0.00
1777901776,loop15,0.00,0.00,0.000,0.000,0.00
1777901776,loop16,0.00,0.00,0.000,0.000,0.00
1777901776,loop17,0.00,0.00,0.000,0.000,0.00
1777901776,loop18,0.00,0.00,0.000,0.000,0.00
1777901776,loop19,0.00,0.00,0.000,0.000,0.00
1777901776,loop2,0.00,0.00,0.000,0.000,0.00
1777901776,loop20,0.00,0.00,0.000,0.000,0.00
1777901776,loop21,0.00,0.00,0.000,0.000,0.00
1777901776,loop22,0.00,0.00,0.000,0.000,0.00
1777901776,loop23,0.00,0.00,0.000,0.000,0.00
1777901776,loop24,0.00,0.00,0.000,0.000,0.00
1777901776,loop25,0.00,0.00,0.000,0.000,0.00
1777901776,loop26,0.00,0.00,0.000,0.000,0.00
1777901776,loop27,0.00,0.00,0.000,0.000,0.00
1777901776,loop28,0.00,0.00,0.000,0.000,0.00
1777901776,loop29,0.00,0.00,0.000,0.000,0.00
1777901776,loop3,0.00,0.00,0.000,0.000,0.00
1777901776,loop30,0.00,0.00,0.000,0.000,0.00
1777901776,loop31,0.00,0.00,0.000,0.000,0.00
1777901776,loop32,0.00,0.00,0.000,0.000,0.00
1777901776,loop33,0.00,0.00,0.000,0.000,0.00
1777901776,loop34,0.00,0.00,0.000,0.000,0.00
1777901776,loop35,0.00,0.00,0.000,0.000,0.00
1777901776,loop36,0.00,0.00,0.000,0.000,0.00
1777901776,loop37,0.00,0.00,0.000,0.000,0.00
1777901776,loop38,0.00,0.00,0.000,0.000,0.00
1777901776,loop39,0.00,0.00,0.000,0.000,0.00
1777901776,loop4,0.00,0.00,0.000,0.000,0.00
1777901776,loop40,0.00,0.00,0.000,0.000,0.00
1777901776,loop5,0.00,0.00,0.000,0.000,0.00
1777901776,loop6,0.00,0.00,0.000,0.000,0.00
1777901776,loop7,0.00,0.00,0.000,0.000,0.00
1777901776,loop8,0.00,0.00,0.000,0.000,0.00
1777901776,loop9,0.00,0.00,0.000,0.000,0.00
1777901776,nvme0n1,0.00,0.00,0.000,0.000,0.00
1777901777,loop0,0.00,0.00,0.000,0.000,0.00
1777901777,loop1,0.00,0.00,0.000,0.000,0.00
1777901777,loop10,0.00,0.00,0.000,0.000,0.00
1777901777,loop11,0.00,0.00,0.000,0.000,0.00
1777901777,loop12,0.00,0.00,0.000,0.000,0.00
1777901777,loop13,0.00,0.00,0.000,0.000,0.00
1777901777,loop14,0.00,0.00,0.000,0.000,0.00
1777901777,loop15,0.00,0.00,0.000,0.000,0.00
1777901777,loop16,0.00,0.00,0.000,0.000,0.00
1777901777,loop17,0.00,0.00,0.000,0.000,0.00
1777901777,loop18,0.00,0.00,0.000,0.000,0.00
1777901777,loop19,0.00,0.00,0.000,0.000,0.00
1777901777,loop2,0.00,0.00,0.000,0.000,0.00
1777901777,loop20,0.00,0.00,0.000,0.000,0.00
1777901777,loop21,0.00,0.00,0.000,0.000,0.00
1777901777,loop22,0.00,0.00,0.000,0.000,0.00
1777901777,loop23,0.00,0.00,0.000,0.000,0.00
1777901777,loop24,0.00,0.00,0.000,0.000,0.00
1777901777,loop25,0.00,0.00,0.000,0.000,0.00
1777901777,loop26,0.00,0.00,0.000,0.000,0.00
1777901777,loop27,0.00,0.00,0.000,0.000,0.00
1777901777,loop28,0.00,0.00,0.000,0.000,0.00
1777901777,loop29,0.00,0.00,0.000,0.000,0.00
1777901777,loop3,0.00,0.00,0.000,0.000,0.00
1777901777,loop30,0.00,0.00,0.000,0.000,0.00
1777901777,loop31,0.00,0.00,0.000,0.000,0.00
1777901777,loop32,0.00,0.00,0.000,0.000,0.00
1777901777,loop33,0.00,0.00,0.000,0.000,0.00
1777901777,loop34,0.00,0.00,0.000,0.000,0.00
1777901777,loop35,0.00,0.00,0.000,0.000,0.00
1777901777,loop36,0.00,0.00,0.000,0.000,0.00
1777901777,loop37,0.00,0.00,0.000,0.000,0.00
1777901777,loop38,0.00,0.00,0.000,0.000,0.00
1777901777,loop39,0.00,0.00,0.000,0.000,0.00
1777901777,loop4,0.00,0.00,0.000,0.000,0.00
1777901777,loop40,0.00,0.00,0.000,0.000,0.00
1777901777,loop5,0.00,0.00,0.000,0.000,0.00
1777901777,loop6,0.00,0.00,0.000,0.000,0.00
1777901777,loop7,0.00,0.00,0.000,0.000,0.00
1777901777,loop8,0.00,0.00,0.000,0.000,0.00
1777901777,loop9,0.00,0.00,0.000,0.000,0.00
1777901777,nvme0n1,0.00,0.00,0.000,0.000,0.00
1777901778,loop0,0.00,0.00,0.000,0.000,0.00
1777901778,loop1,0.00,0.00,0.000,0.000,0.00
1777901778,loop10,0.00,0.00,0.000,0.000,0.00
1777901778,loop11,0.00,0.00,0.000,0.000,0.00
1777901778,loop12,0.00,0.00,0.000,0.000,0.00
1777901778,loop13,0.00,0.00,0.000,0.000,0.00
1777901778,loop14,0.00,0.00,0.000,0.000,0.00
1777901778,loop15,0.00,0.00,0.000,0.000,0.00
1777901778,loop16,0.00,0.00,0.000,0.000,0.00
1777901778,loop17,0.00,0.00,0.000,0.000,0.00
1777901778,loop18,0.00,0.00,0.000,0.000,0.00
1777901778,loop19,0.00,0.00,0.000,0.000,0.00
1777901778,loop2,0.00,0.00,0.000,0.000,0.00
1777901778,loop20,0.00,0.00,0.000,0.000,0.00
1777901778,loop21,0.00,0.00,0.000,0.000,0.00
1777901778,loop22,0.00,0.00,0.000,0.000,0.00
1777901778,loop23,0.00,0.00,0.000,0.000,0.00
1777901778,loop24,0.00,0.00,0.000,0.000,0.00
1777901778,loop25,0.00,0.00,0.000,0.000,0.00
1777901778,loop26,0.00,0.00,0.000,0.000,0.00
1777901778,loop27,0.00,0.00,0.000,0.000,0.00
1777901778,loop28,0.00,0.00,0.000,0.000,0.00
1777901778,loop29,0.00,0.00,0.000,0.000,0.00
1777901778,loop3,0.00,0.00,0.000,0.000,0.00
1777901778,loop30,0.00,0.00,0.000,0.000,0.00
1777901778,loop31,0.00,0.00,0.000,0.000,0.00
1777901778,loop32,0.00,0.00,0.000,0.000,0.00
1777901778,loop33,0.00,0.00,0.000,0.000,0.00
1777901778,loop34,0.00,0.00,0.000,0.000,0.00
1777901778,loop35,0.00,0.00,0.000,0.000,0.00
1777901778,loop36,0.00,0.00,0.000,0.000,0.00
1777901778,loop37,0.00,0.00,0.000,0.000,0.00
1777901778,loop38,0.00,0.00,0.000,0.000,0.00
1777901778,loop39,0.00,0.00,0.000,0.000,0.00
1777901778,loop4,0.00,0.00,0.000,0.000,0.00
1777901778,loop40,0.00,0.00,0.000,0.000,0.00
1777901778,loop5,0.00,0.00,0.000,0.000,0.00
1777901778,loop6,0.00,0.00,0.000,0.000,0.00
1777901778,loop7,0.00,0.00,0.000,0.000,0.00
1777901778,loop8,0.00,0.00,0.000,0.000,0.00
1777901778,loop9,0.00,0.00,0.000,0.000,0.00
1777901778,nvme0n1,0.00,0.00,0.000,0.000,0.00
1777901779,loop0,0.00,0.00,0.000,0.000,0.00
1777901779,loop1,0.00,0.00,0.000,0.000,0.00
1777901779,loop10,0.00,0.00,0.000,0.000,0.00
1777901779,loop11,0.00,0.00,0.000,0.000,0.00
1777901779,loop12,0.00,0.00,0.000,0.000,0.00
1777901779,loop13,0.00,0.00,0.000,0.000,0.00
1777901779,loop14,0.00,0.00,0.000,0.000,0.00
1777901779,loop15,0.00,0.00,0.000,0.000,0.00
1777901779,loop16,0.00,0.00,0.000,0.000,0.00
1777901779,loop17,0.00,0.00,0.000,0.000,0.00
1777901779,loop18,0.00,0.00,0.000,0.000,0.00
1777901779,loop19,0.00,0.00,0.000,0.000,0.00
1777901779,loop2,0.00,0.00,0.000,0.000,0.00
1777901779,loop20,0.00,0.00,0.000,0.000,0.00
1777901779,loop21,0.00,0.00,0.000,0.000,0.00
1777901779,loop22,0.00,0.00,0.000,0.000,0.00
1777901779,loop23,0.00,0.00,0.000,0.000,0.00
1777901779,loop24,0.00,0.00,0.000,0.000,0.00
1777901779,loop25,0.00,0.00,0.000,0.000,0.00
1777901779,loop26,0.00,0.00,0.000,0.000,0.00
1777901779,loop27,0.00,0.00,0.000,0.000,0.00
1777901779,loop28,0.00,0.00,0.000,0.000,0.00
1777901779,loop29,0.00,0.00,0.000,0.000,0.00
1777901779,loop3,0.00,0.00,0.000,0.000,0.00
1777901779,loop30,0.00,0.00,0.000,0.000,0.00
1777901779,loop31,0.00,0.00,0.000,0.000,0.00
1777901779,loop32,0.00,0.00,0.000,0.000,0.00
1777901779,loop33,0.00,0.00,0.000,0.000,0.00
1777901779,loop34,0.00,0.00,0.000,0.000,0.00
1777901779,loop35,0.00,0.00,0.000,0.000,0.00
1777901779,loop36,0.00,0.00,0.000,0.000,0.00
1777901779,loop37,0.00,0.00,0.000,0.000,0.00
1777901779,loop38,0.00,0.00,0.000,0.000,0.00
1777901779,loop39,0.00,0.00,0.000,0.000,0.00
1777901779,loop4,0.00,0.00,0.000,0.000,0.00
1777901779,loop40,0.00,0.00,0.000,0.000,0.00
1777901779,loop5,0.00,0.00,0.000,0.000,0.00
1777901779,loop6,0.00,0.00,0.000,0.000,0.00
1777901779,loop7,0.00,0.00,0.000,0.000,0.00
1777901779,loop8,0.00,0.00,0.000,0.000,0.00
1777901779,loop9,0.00,0.00,0.000,0.000,0.00
1777901779,nvme0n1,1.00,4.00,0.000,0.000,5.50
1777901780,loop0,0.00,0.00,0.000,0.000,0.00
1777901780,loop1,0.00,0.00,0.000,0.000,0.00
1777901780,loop10,0.00,0.00,0.000,0.000,0.00
1777901780,loop11,0.00,0.00,0.000,0.000,0.00
1777901780,loop12,0.00,0.00,0.000,0.000,0.00
1777901780,loop13,0.00,0.00,0.000,0.000,0.00
1777901780,loop14,0.00,0.00,0.000,0.000,0.00
1777901780,loop15,0.00,0.00,0.000,0.000,0.00
1777901780,loop16,0.00,0.00,0.000,0.000,0.00
1777901780,loop17,0.00,0.00,0.000,0.000,0.00
1777901780,loop18,0.00,0.00,0.000,0.000,0.00
1777901780,loop19,0.00,0.00,0.000,0.000,0.00
1777901780,loop2,0.00,0.00,0.000,0.000,0.00
1777901780,loop20,0.00,0.00,0.000,0.000,0.00
1777901780,loop21,0.00,0.00,0.000,0.000,0.00
1777901780,loop22,0.00,0.00,0.000,0.000,0.00
1777901780,loop23,0.00,0.00,0.000,0.000,0.00
1777901780,loop24,0.00,0.00,0.000,0.000,0.00
1777901780,loop25,0.00,0.00,0.000,0.000,0.00
1777901780,loop26,0.00,0.00,0.000,0.000,0.00
1777901780,loop27,0.00,0.00,0.000,0.000,0.00
1777901780,loop28,0.00,0.00,0.000,0.000,0.00
1777901780,loop29,0.00,0.00,0.000,0.000,0.00
1777901780,loop3,0.00,0.00,0.000,0.000,0.00
1777901780,loop30,0.00,0.00,0.000,0.000,0.00
1777901780,loop31,0.00,0.00,0.000,0.000,0.00
1777901780,loop32,0.00,0.00,0.000,0.000,0.00
1777901780,loop33,0.00,0.00,0.000,0.000,0.00
1777901780,loop34,0.00,0.00,0.000,0.000,0.00
1777901780,loop35,0.00,0.00,0.000,0.000,0.00
1777901780,loop36,0.00,0.00,0.000,0.000,0.00
1777901780,loop37,0.00,0.00,0.000,0.000,0.00
1777901780,loop38,0.00,0.00,0.000,0.000,0.00
1777901780,loop39,0.00,0.00,0.000,0.000,0.00
1777901780,loop4,0.00,0.00,0.000,0.000,0.00
1777901780,loop40,0.00,0.00,0.000,0.000,0.00
1777901780,loop5,0.00,0.00,0.000,0.000,0.00
1777901780,loop6,0.00,0.00,0.000,0.000,0.00
1777901780,loop7,0.00,0.00,0.000,0.000,0.00
1777901780,loop8,0.00,0.00,0.000,0.000,0.00
1777901780,loop9,0.00,0.00,0.000,0.000,0.00
1777901780,nvme0n1,0.00,0.00,0.000,0.000,0.50
1777901781,loop0,0.00,0.00,0.000,0.000,0.00
1777901781,loop1,0.00,0.00,0.000,0.000,0.00
1777901781,loop10,0.00,0.00,0.000,0.000,0.00
1777901781,loop11,0.00,0.00,0.000,0.000,0.00
1777901781,loop12,0.00,0.00,0.000,0.000,0.00
1777901781,loop13,0.00,0.00,0.000,0.000,0.00
1777901781,loop14,0.00,0.00,0.000,0.000,0.00
1777901781,loop15,0.00,0.00,0.000,0.000,0.00
1777901781,loop16,0.00,0.00,0.000,0.000,0.00
1777901781,loop17,0.00,0.00,0.000,0.000,0.00
1777901781,loop18,0.00,0.00,0.000,0.000,0.00
1777901781,loop19,0.00,0.00,0.000,0.000,0.00
1777901781,loop2,0.00,0.00,0.000,0.000,0.00
1777901781,loop20,0.00,0.00,0.000,0.000,0.00
1777901781,loop21,0.00,0.00,0.000,0.000,0.00
1777901781,loop22,0.00,0.00,0.000,0.000,0.00
1777901781,loop23,0.00,0.00,0.000,0.000,0.00
1777901781,loop24,0.00,0.00,0.000,0.000,0.00
1777901781,loop25,0.00,0.00,0.000,0.000,0.00
1777901781,loop26,0.00,0.00,0.000,0.000,0.00
1777901781,loop27,0.00,0.00,0.000,0.000,0.00
1777901781,loop28,0.00,0.00,0.000,0.000,0.00
1777901781,loop29,0.00,0.00,0.000,0.000,0.00
1777901781,loop3,0.00,0.00,0.000,0.000,0.00
1777901781,loop30,0.00,0.00,0.000,0.000,0.00
1777901781,loop31,0.00,0.00,0.000,0.000,0.00
1777901781,loop32,0.00,0.00,0.000,0.000,0.00
1777901781,loop33,0.00,0.00,0.000,0.000,0.00
1777901781,loop34,0.00,0.00,0.000,0.000,0.00
1777901781,loop35,0.00,0.00,0.000,0.000,0.00
1777901781,loop36,0.00,0.00,0.000,0.000,0.00
1777901781,loop37,0.00,0.00,0.000,0.000,0.00
1777901781,loop38,0.00,0.00,0.000,0.000,0.00
1777901781,loop39,0.00,0.00,0.000,0.000,0.00
1777901781,loop4,0.00,0.00,0.000,0.000,0.00
1777901781,loop40,0.00,0.00,0.000,0.000,0.00
1777901781,loop5,0.00,0.00,0.000,0.000,0.00
1777901781,loop6,0.00,0.00,0.000,0.000,0.00
1777901781,loop7,0.00,0.00,0.000,0.000,0.00
1777901781,loop8,0.00,0.00,0.000,0.000,0.00
1777901781,loop9,0.00,0.00,0.000,0.000,0.00
1777901781,nvme0n1,0.00,0.00,0.000,0.000,0.00
1777901782,loop0,0.00,0.00,0.000,0.000,0.00
1777901782,loop1,0.00,0.00,0.000,0.000,0.00
1777901782,loop10,0.00,0.00,0.000,0.000,0.00
1777901782,loop11,0.00,0.00,0.000,0.000,0.00
1777901782,loop12,0.00,0.00,0.000,0.000,0.00
1777901782,loop13,0.00,0.00,0.000,0.000,0.00
1777901782,loop14,0.00,0.00,0.000,0.000,0.00
1777901782,loop15,0.00,0.00,0.000,0.000,0.00
1777901782,loop16,0.00,0.00,0.000,0.000,0.00
1777901782,loop17,0.00,0.00,0.000,0.000,0.00
1777901782,loop18,0.00,0.00,0.000,0.000,0.00
1777901782,loop19,0.00,0.00,0.000,0.000,0.00
1777901782,loop2,0.00,0.00,0.000,0.000,0.00
1777901782,loop20,0.00,0.00,0.000,0.000,0.00
1777901782,loop21,0.00,0.00,0.000,0.000,0.00
1777901782,loop22,0.00,0.00,0.000,0.000,0.00
1777901782,loop23,0.00,0.00,0.000,0.000,0.00
1777901782,loop24,0.00,0.00,0.000,0.000,0.00
1777901782,loop25,0.00,0.00,0.000,0.000,0.00
1777901782,loop26,0.00,0.00,0.000,0.000,0.00
1777901782,loop27,0.00,0.00,0.000,0.000,0.00
1777901782,loop28,0.00,0.00,0.000,0.000,0.00
1777901782,loop29,0.00,0.00,0.000,0.000,0.00
1777901782,loop3,0.00,0.00,0.000,0.000,0.00
1777901782,loop30,0.00,0.00,0.000,0.000,0.00
1777901782,loop31,0.00,0.00,0.000,0.000,0.00
1777901782,loop32,0.00,0.00,0.000,0.000,0.00
1777901782,loop33,0.00,0.00,0.000,0.000,0.00
1777901782,loop34,0.00,0.00,0.000,0.000,0.00
1777901782,loop35,0.00,0.00,0.000,0.000,0.00
1777901782,loop36,0.00,0.00,0.000,0.000,0.00
1777901782,loop37,0.00,0.00,0.000,0.000,0.00
1777901782,loop38,0.00,0.00,0.000,0.000,0.00
1777901782,loop39,0.00,0.00,0.000,0.000,0.00
1777901782,loop4,0.00,0.00,0.000,0.000,0.00
1777901782,loop40,0.00,0.00,0.000,0.000,0.00
1777901782,loop5,0.00,0.00,0.000,0.000,0.00
1777901782,loop6,0.00,0.00,0.000,0.000,0.00
1777901782,loop7,0.00,0.00,0.000,0.000,0.00
1777901782,loop8,0.00,0.00,0.000,0.000,0.00
1777901782,loop9,0.00,0.00,0.000,0.000,0.00
1777901782,nvme0n1,0.00,0.00,0.000,0.000,0.00
