t_unix,device,r_iops,w_iops,r_mb_s,w_mb_s,util_pct
1777901153,loop0,0.00,0.00,0.000,0.000,0.00
1777901153,loop1,0.00,0.00,0.000,0.000,0.00
1777901153,loop10,0.00,0.00,0.000,0.000,0.00
1777901153,loop11,0.00,0.00,0.000,0.000,0.00
1777901153,loop12,0.00,0.00,0.000,0.000,0.00
1777901153,loop13,0.00,0.00,0.000,0.000,0.00
1777901153,loop14,0.00,0.00,0.000,0.000,0.00
1777901153,loop15,0.00,0.00,0.000,0.000,0.00
1777901153,loop16,0.00,0.00,0.000,0.000,0.00
1777901153,loop17,0.00,0.00,0.000,0.000,0.00
1777901153,loop18,0.00,0.00,0.000,0.000,0.00
1777901153,loop19,0.00,0.00,0.000,0.000,0.00
1777901153,loop2,0.00,0.00,0.000,0.000,0.00
1777901153,loop20,0.00,0.00,0.000,0.000,0.00
1777901153,loop21,0.00,0.00,0.000,0.000,0.00
1777901153,loop22,0.00,0.00,0.000,0.000,0.00
1777901153,loop23,0.00,0.00,0.000,0.000,0.00
1777901153,loop24,0.00,0.00,0.000,0.000,0.00
1777901153,loop25,0.00,0.00,0.000,0.000,0.00
1777901153,loop26,0.00,0.00,0.000,0.000,0.00
1777901153,loop27,0.00,0.00,0.000,0.000,0.00
1777901153,loop28,0.00,0.00,0.000,0.000,0.00
1777901153,loop29,0.00,0.00,0.000,0.000,0.00
1777901153,loop3,0.00,0.00,0.000,0.000,0.00
1777901153,loop30,0.00,0.00,0.000,0.000,0.00
1777901153,loop31,0.00,0.00,0.000,0.000,0.00
1777901153,loop32,0.00,0.00,0.000,0.000,0.00
1777901153,loop33,0.00,0.00,0.000,0.000,0.00
1777901153,loop34,0.00,0.00,0.000,0.000,0.00
1777901153,loop35,0.00,0.00,0.000,0.000,0.00
1777901153,loop36,0.00,0.00,0.000,0.000,0.00
1777901153,loop37,0.00,0.00,0.000,0.000,0.00
1777901153,loop38,0.00,0.00,0.000,0.000,0.00
1777901153,loop39,0.00,0.00,0.000,0.000,0.00
1777901153,loop4,0.00,0.00,0.000,0.000,0.00
1777901153,loop40,0.00,0.00,0.000,0.000,0.00
1777901153,loop5,0.00,0.00,0.000,0.000,0.00
1777901153,loop6,0.00,0.00,0.000,0.000,0.00
1777901153,loop7,0.00,0.00,0.000,0.000,0.00
1777901153,loop8,0.00,0.00,0.000,0.000,0.00
1777901153,loop9,0.00,0.00,0.000,0.000,0.00
1777901153,nvme0n1,0.00,0.00,0.000,0.000,0.00
1777901154,loop0,0.00,0.00,0.000,0.000,0.00
1777901154,loop1,0.00,0.00,0.000,0.000,0.00
1777901154,loop10,0.00,0.00,0.000,0.000,0.00
1777901154,loop11,0.00,0.00,0.000,0.000,0.00
1777901154,loop12,0.00,0.00,0.000,0.000,0.00
1777901154,loop13,0.00,0.00,0.000,0.000,0.00
1777901154,loop14,0.00,0.00,0.000,0.000,0.00
1777901154,loop15,0.00,0.00,0.000,0.000,0.00
1777901154,loop16,0.00,0.00,0.000,0.000,0.00
1777901154,loop17,0.00,0.00,0.000,0.000,0.00
1777901154,loop18,0.00,0.00,0.000,0.000,0.00
1777901154,loop19,0.00,0.00,0.000,0.000,0.00
1777901154,loop2,0.00,0.00,0.000,0.000,0.00
1777901154,loop20,0.00,0.00,0.000,0.000,0.00
1777901154,loop21,0.00,0.00,0.000,0.000,0.00
1777901154,loop22,0.00,0.00,0.000,0.000,0.00
1777901154,loop23,0.00,0.00,0.000,0.000,0.00
1777901154,loop24,0.00,0.00,0.000,0.000,0.00
1777901154,loop25,0.00,0.00,0.000,0.000,0.00
1777901154,loop26,0.00,0.00,0.000,0.000,0.00
1777901154,loop27,0.00,0.00,0.000,0.000,0.00
1777901154,loop28,0.00,0.00,0.000,0.000,0.00
1777901154,loop29,0.00,0.00,0.000,0.000,0.00
1777901154,loop3,0.00,0.00,0.000,0.000,0.00
1777901154,loop30,0.00,0.00,0.000,0.000,0.00
1777901154,loop31,0.00,0.00,0.000,0.000,0.00
1777901154,loop32,0.00,0.00,0.000,0.000,0.00
1777901154,loop33,0.00,0.00,0.000,0.000,0.00
1777901154,loop34,0.00,0.00,0.000,0.000,0.00
1777901154,loop35,0.00,0.00,0.000,0.000,0.00
1777901154,loop36,0.00,0.00,0.000,0.000,0.00
1777901154,loop37,0.00,0.00,0.000,0.000,0.00
1777901154,loop38,0.00,0.00,0.000,0.000,0.00
1777901154,loop39,0.00,0.00,0.000,0.000,0.00
1777901154,loop4,0.00,0.00,0.000,0.000,0.00
1777901154,loop40,0.00,0.00,0.000,0.000,0.00
1777901154,loop5,0.00,0.00,0.000,0.000,0.00
1777901154,loop6,0.00,0.00,0.000,0.000,0.00
1777901154,loop7,0.00,0.00,0.000,0.000,0.00
1777901154,loop8,0.00,0.00,0.000,0.000,0.00
1777901154,loop9,0.00,0.00,0.000,0.000,0.00
1777901154,nvme0n1,0.00,0.00,0.000,0.000,0.00
1777901155,loop0,0.00,0.00,0.000,0.000,0.00
1777901155,loop1,0.00,0.00,0.000,0.000,0.00
1777901155,loop10,0.00,0.00,0.000,0.000,0.00
1777901155,loop11,0.00,0.00,0.000,0.000,0.00
1777901155,loop12,0.00,0.00,0.000,0.000,0.00
1777901155,loop13,0.00,0.00,0.000,0.000,0.00
1777901155,loop14,0.00,0.00,0.000,0.000,0.00
1777901155,loop15,0.00,0.00,0.000,0.000,0.00
1777901155,loop16,0.00,0.00,0.000,0.000,0.00
1777901155,loop17,0.00,0.00,0.000,0.000,0.00
1777901155,loop18,0.00,0.00,0.000,0.000,0.00
1777901155,loop19,0.00,0.00,0.000,0.000,0.00
1777901155,loop2,0.00,0.00,0.000,0.000,0.00
1777901155,loop20,0.00,0.00,0.000,0.000,0.00
1777901155,loop21,0.00,0.00,0.000,0.000,0.00
1777901155,loop22,0.00,0.00,0.000,0.000,0.00
1777901155,loop23,0.00,0.00,0.000,0.000,0.00
1777901155,loop24,0.00,0.00,0.000,0.000,0.00
1777901155,loop25,0.00,0.00,0.000,0.000,0.00
1777901155,loop26,0.00,0.00,0.000,0.000,0.00
1777901155,loop27,0.00,0.00,0.000,0.000,0.00
1777901155,loop28,0.00,0.00,0.000,0.000,0.00
1777901155,loop29,0.00,0.00,0.000,0.000,0.00
1777901155,loop3,0.00,0.00,0.000,0.000,0.00
1777901155,loop30,0.00,0.00,0.000,0.000,0.00
1777901155,loop31,0.00,0.00,0.000,0.000,0.00
1777901155,loop32,0.00,0.00,0.000,0.000,0.00
1777901155,loop33,0.00,0.00,0.000,0.000,0.00
1777901155,loop34,0.00,0.00,0.000,0.000,0.00
1777901155,loop35,0.00,0.00,0.000,0.000,0.00
1777901155,loop36,0.00,0.00,0.000,0.000,0.00
1777901155,loop37,0.00,0.00,0.000,0.000,0.00
1777901155,loop38,0.00,0.00,0.000,0.000,0.00
1777901155,loop39,0.00,0.00,0.000,0.000,0.00
1777901155,loop4,0.00,0.00,0.000,0.000,0.00
1777901155,loop40,0.00,0.00,0.000,0.000,0.00
1777901155,loop5,0.00,0.00,0.000,0.000,0.00
1777901155,loop6,0.00,0.00,0.000,0.000,0.00
1777901155,loop7,0.00,0.00,0.000,0.000,0.00
1777901155,loop8,0.00,0.00,0.000,0.000,0.00
1777901155,loop9,0.00,0.00,0.000,0.000,0.00
1777901155,nvme0n1,0.00,0.00,0.000,0.000,0.00
1777901156,loop0,0.00,0.00,0.000,0.000,0.00
1777901156,loop1,0.00,0.00,0.000,0.000,0.00
1777901156,loop10,0.00,0.00,0.000,0.000,0.00
1777901156,loop11,0.00,0.00,0.000,0.000,0.00
1777901156,loop12,0.00,0.00,0.000,0.000,0.00
1777901156,loop13,0.00,0.00,0.000,0.000,0.00
1777901156,loop14,0.00,0.00,0.000,0.000,0.00
1777901156,loop15,0.00,0.00,0.000,0.000,0.00
1777901156,loop16,0.00,0.00,0.000,0.000,0.00
1777901156,loop17,0.00,0.00,0.000,0.000,0.00
1777901156,loop18,0.00,0.00,0.000,0.000,0.00
1777901156,loop19,0.00,0.00,0.000,0.000,0.00
1777901156,loop2,0.00,0.00,0.000,0.000,0.00
1777901156,loop20,0.00,0.00,0.000,0.000,0.00
1777901156,loop21,0.00,0.00,0.000,0.000,0.00
1777901156,loop22,0.00,0.00,0.000,0.000,0.00
1777901156,loop23,0.00,0.00,0.000,0.000,0.00
1777901156,loop24,0.00,0.00,0.000,0.000,0.00
1777901156,loop25,0.00,0.00,0.000,0.000,0.00
1777901156,loop26,0.00,0.00,0.000,0.000,0.00
1777901156,loop27,0.00,0.00,0.000,0.000,0.00
1777901156,loop28,0.00,0.00,0.000,0.000,0.00
1777901156,loop29,0.00,0.00,0.000,0.000,0.00
1777901156,loop3,0.00,0.00,0.000,0.000,0.00
1777901156,loop30,0.00,0.00,0.000,0.000,0.00
1777901156,loop31,0.00,0.00,0.000,0.000,0.00
1777901156,loop32,0.00,0.00,0.000,0.000,0.00
1777901156,loop33,0.00,0.00,0.000,0.000,0.00
1777901156,loop34,0.00,0.00,0.000,0.000,0.00
1777901156,loop35,0.00,0.00,0.000,0.000,0.00
1777901156,loop36,0.00,0.00,0.000,0.000,0.00
1777901156,loop37,0.00,0.00,0.000,0.000,0.00
1777901156,loop38,0.00,0.00,0.000,0.000,0.00
1777901156,loop39,0.00,0.00,0.000,0.000,0.00
1777901156,loop4,0.00,0.00,0.000,0.000,0.00
1777901156,loop40,0.00,0.00,0.000,0.000,0.00
1777901156,loop5,0.00,0.00,0.000,0.000,0.00
1777901156,loop6,0.00,0.00,0.000,0.000,0.00
1777901156,loop7,0.00,0.00,0.000,0.000,0.00
1777901156,loop8,0.00,0.00,0.000,0.000,0.00
1777901156,loop9,0.00,0.00,0.000,0.000,0.00
1777901156,nvme0n1,0.00,0.00,0.000,0.000,5.50
1777901157,loop0,0.00,0.00,0.000,0.000,0.00
1777901157,loop1,0.00,0.00,0.000,0.000,0.00
1777901157,loop10,0.00,0.00,0.000,0.000,0.00
1777901157,loop11,0.00,0.00,0.000,0.000,0.00
1777901157,loop12,0.00,0.00,0.000,0.000,0.00
1777901157,loop13,0.00,0.00,0.000,0.000,0.00
1777901157,loop14,0.00,0.00,0.000,0.000,0.00
1777901157,loop15,0.00,0.00,0.000,0.000,0.00
1777901157,loop16,0.00,0.00,0.000,0.000,0.00
1777901157,loop17,0.00,0.00,0.000,0.000,0.00
1777901157,loop18,0.00,0.00,0.000,0.000,0.00
1777901157,loop19,0.00,0.00,0.000,0.000,0.00
1777901157,loop2,0.00,0.00,0.000,0.000,0.00
1777901157,loop20,0.00,0.00,0.000,0.000,0.00
1777901157,loop21,0.00,0.00,0.000,0.000,0.00
1777901157,loop22,0.00,0.00,0.000,0.000,0.00
1777901157,loop23,0.00,0.00,0.000,0.000,0.00
1777901157,loop24,0.00,0.00,0.000,0.000,0.00
1777901157,loop25,0.00,0.00,0.000,0.000,0.00
1777901157,loop26,0.00,0.00,0.000,0.000,0.00
1777901157,loop27,0.00,0.00,0.000,0.000,0.00
1777901157,loop28,0.00,0.00,0.000,0.000,0.00
1777901157,loop29,0.00,0.00,0.000,0.000,0.00
1777901157,loop3,0.00,0.00,0.000,0.000,0.00
1777901157,loop30,0.00,0.00,0.000,0.000,0.00
1777901157,loop31,0.00,0.00,0.000,0.000,0.00
1777901157,loop32,0.00,0.00,0.000,0.000,0.00
1777901157,loop33,0.00,0.00,0.000,0.000,0.00
1777901157,loop34,0.00,0.00,0.000,0.000,0.00
1777901157,loop35,0.00,0.00,0.000,0.000,0.00
1777901157,loop36,0.00,0.00,0.000,0.000,0.00
1777901157,loop37,0.00,0.00,0.000,0.000,0.00
1777901157,loop38,0.00,0.00,0.000,0.000,0.00
1777901157,loop39,0.00,0.00,0.000,0.000,0.00
1777901157,loop4,0.00,0.00,0.000,0.000,0.00
1777901157,loop40,0.00,0.00,0.000,0.000,0.00
1777901157,loop5,0.00,0.00,0.000,0.000,0.00
1777901157,loop6,0.00,0.00,0.000,0.000,0.00
1777901157,loop7,0.00,0.00,0.000,0.000,0.00
1777901157,loop8,0.00,0.00,0.000,0.000,0.00
1777901157,loop9,0.00,0.00,0.000,0.000,0.00
1777901157,nvme0n1,0.00,0.00,0.000,0.000,0.20
1777901158,loop0,0.00,0.00,0.000,0.000,0.00
1777901158,loop1,0.00,0.00,0.000,0.000,0.00
1777901158,loop10,0.00,0.00,0.000,0.000,0.00
1777901158,loop11,0.00,0.00,0.000,0.000,0.00
1777901158,loop12,0.00,0.00,0.000,0.000,0.00
1777901158,loop13,0.00,0.00,0.000,0.000,0.00
1777901158,loop14,0.00,0.00,0.000,0.000,0.00
1777901158,loop15,0.00,0.00,0.000,0.000,0.00
1777901158,loop16,0.00,0.00,0.000,0.000,0.00
1777901158,loop17,0.00,0.00,0.000,0.000,0.00
1777901158,loop18,0.00,0.00,0.000,0.000,0.00
1777901158,loop19,0.00,0.00,0.000,0.000,0.00
1777901158,loop2,0.00,0.00,0.000,0.000,0.00
1777901158,loop20,0.00,0.00,0.000,0.000,0.00
1777901158,loop21,0.00,0.00,0.000,0.000,0.00
1777901158,loop22,0.00,0.00,0.000,0.000,0.00
1777901158,loop23,0.00,0.00,0.000,0.000,0.00
1777901158,loop24,0.00,0.00,0.000,0.000,0.00
1777901158,loop25,0.00,0.00,0.000,0.000,0.00
1777901158,loop26,0.00,0.00,0.000,0.000,0.00
1777901158,loop27,0.00,0.00,0.000,0.000,0.00
1777901158,loop28,0.00,0.00,0.000,0.000,0.00
1777901158,loop29,0.00,0.00,0.000,0.000,0.00
1777901158,loop3,0.00,0.00,0.000,0.000,0.00
1777901158,loop30,0.00,0.00,0.000,0.000,0.00
1777901158,loop31,0.00,0.00,0.000,0.000,0.00
1777901158,loop32,0.00,0.00,0.000,0.000,0.00
1777901158,loop33,0.00,0.00,0.000,0.000,0.00
1777901158,loop34,0.00,0.00,0.000,0.000,0.00
1777901158,loop35,0.00,0.00,0.000,0.000,0.00
1777901158,loop36,0.00,0.00,0.000,0.000,0.00
1777901158,loop37,0.00,0.00,0.000,0.000,0.00
1777901158,loop38,0.00,0.00,0.000,0.000,0.00
1777901158,loop39,0.00,0.00,0.000,0.000,0.00
1777901158,loop4,0.00,0.00,0.000,0.000,0.00
1777901158,loop40,0.00,0.00,0.000,0.000,0.00
1777901158,loop5,0.00,0.00,0.000,0.000,0.00
1777901158,loop6,0.00,0.00,0.000,0.000,0.00
1777901158,loop7,0.00,0.00,0.000,0.000,0.00
1777901158,loop8,0.00,0.00,0.000,0.000,0.00
1777901158,loop9,0.00,0.00,0.000,0.000,0.00
1777901158,nvme0n1,11.00,72.00,0.000,0.000,4.90
1777901159,loop0,0.00,0.00,0.000,0.000,0.00
1777901159,loop1,0.00,0.00,0.000,0.000,0.00
1777901159,loop10,0.00,0.00,0.000,0.000,0.00
1777901159,loop11,0.00,0.00,0.000,0.000,0.00
1777901159,loop12,0.00,0.00,0.000,0.000,0.00
1777901159,loop13,0.00,0.00,0.000,0.000,0.00
1777901159,loop14,0.00,0.00,0.000,0.000,0.00
1777901159,loop15,0.00,0.00,0.000,0.000,0.00
1777901159,loop16,0.00,0.00,0.000,0.000,0.00
1777901159,loop17,0.00,0.00,0.000,0.000,0.00
1777901159,loop18,0.00,0.00,0.000,0.000,0.00
1777901159,loop19,0.00,0.00,0.000,0.000,0.00
1777901159,loop2,0.00,0.00,0.000,0.000,0.00
1777901159,loop20,0.00,0.00,0.000,0.000,0.00
1777901159,loop21,0.00,0.00,0.000,0.000,0.00
1777901159,loop22,0.00,0.00,0.000,0.000,0.00
1777901159,loop23,0.00,0.00,0.000,0.000,0.00
1777901159,loop24,0.00,0.00,0.000,0.000,0.00
1777901159,loop25,0.00,0.00,0.000,0.000,0.00
1777901159,loop26,0.00,0.00,0.000,0.000,0.00
1777901159,loop27,0.00,0.00,0.000,0.000,0.00
1777901159,loop28,0.00,0.00,0.000,0.000,0.00
1777901159,loop29,0.00,0.00,0.000,0.000,0.00
1777901159,loop3,0.00,0.00,0.000,0.000,0.00
1777901159,loop30,0.00,0.00,0.000,0.000,0.00
1777901159,loop31,0.00,0.00,0.000,0.000,0.00
1777901159,loop32,0.00,0.00,0.000,0.000,0.00
1777901159,loop33,0.00,0.00,0.000,0.000,0.00
1777901159,loop34,0.00,0.00,0.000,0.000,0.00
1777901159,loop35,0.00,0.00,0.000,0.000,0.00
1777901159,loop36,0.00,0.00,0.000,0.000,0.00
1777901159,loop37,0.00,0.00,0.000,0.000,0.00
1777901159,loop38,0.00,0.00,0.000,0.000,0.00
1777901159,loop39,0.00,0.00,0.000,0.000,0.00
1777901159,loop4,0.00,0.00,0.000,0.000,0.00
1777901159,loop40,0.00,0.00,0.000,0.000,0.00
1777901159,loop5,0.00,0.00,0.000,0.000,0.00
1777901159,loop6,0.00,0.00,0.000,0.000,0.00
1777901159,loop7,0.00,0.00,0.000,0.000,0.00
1777901159,loop8,0.00,0.00,0.000,0.000,0.00
1777901159,loop9,0.00,0.00,0.000,0.000,0.00
1777901159,nvme0n1,3.00,160.00,0.000,0.000,2.50
1777901160,loop0,0.00,0.00,0.000,0.000,0.00
1777901160,loop1,0.00,0.00,0.000,0.000,0.00
1777901160,loop10,0.00,0.00,0.000,0.000,0.00
1777901160,loop11,0.00,0.00,0.000,0.000,0.00
1777901160,loop12,0.00,0.00,0.000,0.000,0.00
1777901160,loop13,0.00,0.00,0.000,0.000,0.00
1777901160,loop14,0.00,0.00,0.000,0.000,0.00
1777901160,loop15,0.00,0.00,0.000,0.000,0.00
1777901160,loop16,0.00,0.00,0.000,0.000,0.00
1777901160,loop17,0.00,0.00,0.000,0.000,0.00
1777901160,loop18,0.00,0.00,0.000,0.000,0.00
1777901160,loop19,0.00,0.00,0.000,0.000,0.00
1777901160,loop2,0.00,0.00,0.000,0.000,0.00
1777901160,loop20,0.00,0.00,0.000,0.000,0.00
1777901160,loop21,0.00,0.00,0.000,0.000,0.00
1777901160,loop22,0.00,0.00,0.000,0.000,0.00
1777901160,loop23,0.00,0.00,0.000,0.000,0.00
1777901160,loop24,0.00,0.00,0.000,0.000,0.00
1777901160,loop25,0.00,0.00,0.000,0.000,0.00
1777901160,loop26,0.00,0.00,0.000,0.000,0.00
1777901160,loop27,0.00,0.00,0.000,0.000,0.00
1777901160,loop28,0.00,0.00,0.000,0.000,0.00
1777901160,loop29,0.00,0.00,0.000,0.000,0.00
1777901160,loop3,0.00,0.00,0.000,0.000,0.00
1777901160,loop30,0.00,0.00,0.000,0.000,0.00
1777901160,loop31,0.00,0.00,0.000,0.000,0.00
1777901160,loop32,0.00,0.00,0.000,0.000,0.00
1777901160,loop33,0.00,0.00,0.000,0.000,0.00
1777901160,loop34,0.00,0.00,0.000,0.000,0.00
1777901160,loop35,0.00,0.00,0.000,0.000,0.00
1777901160,loop36,0.00,0.00,0.000,0.000,0.00
1777901160,loop37,0.00,0.00,0.000,0.000,0.00
1777901160,loop38,0.00,0.00,0.000,0.000,0.00
1777901160,loop39,0.00,0.00,0.000,0.000,0.00
1777901160,loop4,0.00,0.00,0.000,0.000,0.00
1777901160,loop40,0.00,0.00,0.000,0.000,0.00
1777901160,loop5,0.00,0.00,0.000,0.000,0.00
1777901160,loop6,0.00,0.00,0.000,0.000,0.00
1777901160,loop7,0.00,0.00,0.000,0.000,0.00
1777901160,loop8,0.00,0.00,0.000,0.000,0.00
1777901160,loop9,0.00,0.00,0.000,0.000,0.00
1777901160,nvme0n1,0.00,0.00,0.000,0.000,0.30
1777901161,loop0,0.00,0.00,0.000,0.000,0.00
1777901161,loop1,0.00,0.00,0.000,0.000,0.00
1777901161,loop10,0.00,0.00,0.000,0.000,0.00
1777901161,loop11,0.00,0.00,0.000,0.000,0.00
1777901161,loop12,0.00,0.00,0.000,0.000,0.00
1777901161,loop13,0.00,0.00,0.000,0.000,0.00
1777901161,loop14,0.00,0.00,0.000,0.000,0.00
1777901161,loop15,0.00,0.00,0.000,0.000,0.00
1777901161,loop16,0.00,0.00,0.000,0.000,0.00
1777901161,loop17,0.00,0.00,0.000,0.000,0.00
1777901161,loop18,0.00,0.00,0.000,0.000,0.00
1777901161,loop19,0.00,0.00,0.000,0.000,0.00
1777901161,loop2,0.00,0.00,0.000,0.000,0.00
1777901161,loop20,0.00,0.00,0.000,0.000,0.00
1777901161,loop21,0.00,0.00,0.000,0.000,0.00
1777901161,loop22,0.00,0.00,0.000,0.000,0.00
1777901161,loop23,0.00,0.00,0.000,0.000,0.00
1777901161,loop24,0.00,0.00,0.000,0.000,0.00
1777901161,loop25,0.00,0.00,0.000,0.000,0.00
1777901161,loop26,0.00,0.00,0.000,0.000,0.00
1777901161,loop27,0.00,0.00,0.000,0.000,0.00
1777901161,loop28,0.00,0.00,0.000,0.000,0.00
1777901161,loop29,0.00,0.00,0.000,0.000,0.00
1777901161,loop3,0.00,0.00,0.000,0.000,0.00
1777901161,loop30,0.00,0.00,0.000,0.000,0.00
1777901161,loop31,0.00,0.00,0.000,0.000,0.00
1777901161,loop32,0.00,0.00,0.000,0.000,0.00
1777901161,loop33,0.00,0.00,0.000,0.000,0.00
1777901161,loop34,0.00,0.00,0.000,0.000,0.00
1777901161,loop35,0.00,0.00,0.000,0.000,0.00
1777901161,loop36,0.00,0.00,0.000,0.000,0.00
1777901161,loop37,0.00,0.00,0.000,0.000,0.00
1777901161,loop38,0.00,0.00,0.000,0.000,0.00
1777901161,loop39,0.00,0.00,0.000,0.000,0.00
1777901161,loop4,0.00,0.00,0.000,0.000,0.00
1777901161,loop40,0.00,0.00,0.000,0.000,0.00
1777901161,loop5,0.00,0.00,0.000,0.000,0.00
1777901161,loop6,0.00,0.00,0.000,0.000,0.00
1777901161,loop7,0.00,0.00,0.000,0.000,0.00
1777901161,loop8,0.00,0.00,0.000,0.000,0.00
1777901161,loop9,0.00,0.00,0.000,0.000,0.00
1777901161,nvme0n1,0.00,0.00,0.000,0.000,1.50
1777901162,loop0,0.00,0.00,0.000,0.000,0.00
1777901162,loop1,0.00,0.00,0.000,0.000,0.00
1777901162,loop10,0.00,0.00,0.000,0.000,0.00
1777901162,loop11,0.00,0.00,0.000,0.000,0.00
1777901162,loop12,0.00,0.00,0.000,0.000,0.00
1777901162,loop13,0.00,0.00,0.000,0.000,0.00
1777901162,loop14,0.00,0.00,0.000,0.000,0.00
1777901162,loop15,0.00,0.00,0.000,0.000,0.00
1777901162,loop16,0.00,0.00,0.000,0.000,0.00
1777901162,loop17,0.00,0.00,0.000,0.000,0.00
1777901162,loop18,0.00,0.00,0.000,0.000,0.00
1777901162,loop19,0.00,0.00,0.000,0.000,0.00
1777901162,loop2,0.00,0.00,0.000,0.000,0.00
1777901162,loop20,0.00,0.00,0.000,0.000,0.00
1777901162,loop21,0.00,0.00,0.000,0.000,0.00
1777901162,loop22,0.00,0.00,0.000,0.000,0.00
1777901162,loop23,0.00,0.00,0.000,0.000,0.00
1777901162,loop24,0.00,0.00,0.000,0.000,0.00
1777901162,loop25,0.00,0.00,0.000,0.000,0.00
1777901162,loop26,0.00,0.00,0.000,0.000,0.00
1777901162,loop27,0.00,0.00,0.000,0.000,0.00
1777901162,loop28,0.00,0.00,0.000,0.000,0.00
1777901162,loop29,0.00,0.00,0.000,0.000,0.00
1777901162,loop3,0.00,0.00,0.000,0.000,0.00
1777901162,loop30,0.00,0.00,0.000,0.000,0.00
1777901162,loop31,0.00,0.00,0.000,0.000,0.00
1777901162,loop32,0.00,0.00,0.000,0.000,0.00
1777901162,loop33,0.00,0.00,0.000,0.000,0.00
1777901162,loop34,0.00,0.00,0.000,0.000,0.00
1777901162,loop35,0.00,0.00,0.000,0.000,0.00
1777901162,loop36,0.00,0.00,0.000,0.000,0.00
1777901162,loop37,0.00,0.00,0.000,0.000,0.00
1777901162,loop38,0.00,0.00,0.000,0.000,0.00
1777901162,loop39,0.00,0.00,0.000,0.000,0.00
1777901162,loop4,0.00,0.00,0.000,0.000,0.00
1777901162,loop40,0.00,0.00,0.000,0.000,0.00
1777901162,loop5,0.00,0.00,0.000,0.000,0.00
1777901162,loop6,0.00,0.00,0.000,0.000,0.00
1777901162,loop7,0.00,0.00,0.000,0.000,0.00
1777901162,loop8,0.00,0.00,0.000,0.000,0.00
1777901162,loop9,0.00,0.00,0.000,0.000,0.00
1777901162,nvme0n1,0.00,0.00,0.000,0.000,0.90
1777901163,loop0,0.00,0.00,0.000,0.000,0.00
1777901163,loop1,0.00,0.00,0.000,0.000,0.00
1777901163,loop10,0.00,0.00,0.000,0.000,0.00
1777901163,loop11,0.00,0.00,0.000,0.000,0.00
1777901163,loop12,0.00,0.00,0.000,0.000,0.00
1777901163,loop13,0.00,0.00,0.000,0.000,0.00
1777901163,loop14,0.00,0.00,0.000,0.000,0.00
1777901163,loop15,0.00,0.00,0.000,0.000,0.00
1777901163,loop16,0.00,0.00,0.000,0.000,0.00
1777901163,loop17,0.00,0.00,0.000,0.000,0.00
1777901163,loop18,0.00,0.00,0.000,0.000,0.00
1777901163,loop19,0.00,0.00,0.000,0.000,0.00
1777901163,loop2,0.00,0.00,0.000,0.000,0.00
1777901163,loop20,0.00,0.00,0.000,0.000,0.00
1777901163,loop21,0.00,0.00,0.000,0.000,0.00
1777901163,loop22,0.00,0.00,0.000,0.000,0.00
1777901163,loop23,0.00,0.00,0.000,0.000,0.00
1777901163,loop24,0.00,0.00,0.000,0.000,0.00
1777901163,loop25,0.00,0.00,0.000,0.000,0.00
1777901163,loop26,0.00,0.00,0.000,0.000,0.00
1777901163,loop27,0.00,0.00,0.000,0.000,0.00
1777901163,loop28,0.00,0.00,0.000,0.000,0.00
1777901163,loop29,0.00,0.00,0.000,0.000,0.00
1777901163,loop3,0.00,0.00,0.000,0.000,0.00
1777901163,loop30,0.00,0.00,0.000,0.000,0.00
1777901163,loop31,0.00,0.00,0.000,0.000,0.00
1777901163,loop32,0.00,0.00,0.000,0.000,0.00
1777901163,loop33,0.00,0.00,0.000,0.000,0.00
1777901163,loop34,0.00,0.00,0.000,0.000,0.00
1777901163,loop35,0.00,0.00,0.000,0.000,0.00
1777901163,loop36,0.00,0.00,0.000,0.000,0.00
1777901163,loop37,0.00,0.00,0.000,0.000,0.00
1777901163,loop38,0.00,0.00,0.000,0.000,0.00
1777901163,loop39,0.00,0.00,0.000,0.000,0.00
1777901163,loop4,0.00,0.00,0.000,0.000,0.00
1777901163,loop40,0.00,0.00,0.000,0.000,0.00
1777901163,loop5,0.00,0.00,0.000,0.000,0.00
1777901163,loop6,0.00,0.00,0.000,0.000,0.00
1777901163,loop7,0.00,0.00,0.000,0.000,0.00
1777901163,loop8,0.00,0.00,0.000,0.000,0.00
1777901163,loop9,0.00,0.00,0.000,0.000,0.00
1777901163,nvme0n1,0.00,0.00,0.000,0.000,1.20
1777901164,loop0,0.00,0.00,0.000,0.000,0.00
1777901164,loop1,0.00,0.00,0.000,0.000,0.00
1777901164,loop10,0.00,0.00,0.000,0.000,0.00
1777901164,loop11,0.00,0.00,0.000,0.000,0.00
1777901164,loop12,0.00,0.00,0.000,0.000,0.00
1777901164,loop13,0.00,0.00,0.000,0.000,0.00
1777901164,loop14,0.00,0.00,0.000,0.000,0.00
1777901164,loop15,0.00,0.00,0.000,0.000,0.00
1777901164,loop16,0.00,0.00,0.000,0.000,0.00
1777901164,loop17,0.00,0.00,0.000,0.000,0.00
1777901164,loop18,0.00,0.00,0.000,0.000,0.00
1777901164,loop19,0.00,0.00,0.000,0.000,0.00
1777901164,loop2,0.00,0.00,0.000,0.000,0.00
1777901164,loop20,0.00,0.00,0.000,0.000,0.00
1777901164,loop21,0.00,0.00,0.000,0.000,0.00
1777901164,loop22,0.00,0.00,0.000,0.000,0.00
1777901164,loop23,0.00,0.00,0.000,0.000,0.00
1777901164,loop24,0.00,0.00,0.000,0.000,0.00
1777901164,loop25,0.00,0.00,0.000,0.000,0.00
1777901164,loop26,0.00,0.00,0.000,0.000,0.00
1777901164,loop27,0.00,0.00,0.000,0.000,0.00
1777901164,loop28,0.00,0.00,0.000,0.000,0.00
1777901164,loop29,0.00,0.00,0.000,0.000,0.00
1777901164,loop3,0.00,0.00,0.000,0.000,0.00
1777901164,loop30,0.00,0.00,0.000,0.000,0.00
1777901164,loop31,0.00,0.00,0.000,0.000,0.00
1777901164,loop32,0.00,0.00,0.000,0.000,0.00
1777901164,loop33,0.00,0.00,0.000,0.000,0.00
1777901164,loop34,0.00,0.00,0.000,0.000,0.00
1777901164,loop35,0.00,0.00,0.000,0.000,0.00
1777901164,loop36,0.00,0.00,0.000,0.000,0.00
1777901164,loop37,0.00,0.00,0.000,0.000,0.00
1777901164,loop38,0.00,0.00,0.000,0.000,0.00
1777901164,loop39,0.00,0.00,0.000,0.000,0.00
1777901164,loop4,0.00,0.00,0.000,0.000,0.00
1777901164,loop40,0.00,0.00,0.000,0.000,0.00
1777901164,loop5,0.00,0.00,0.000,0.000,0.00
1777901164,loop6,0.00,0.00,0.000,0.000,0.00
1777901164,loop7,0.00,0.00,0.000,0.000,0.00
1777901164,loop8,0.00,0.00,0.000,0.000,0.00
1777901164,loop9,0.00,0.00,0.000,0.000,0.00
1777901164,nvme0n1,0.00,0.00,0.000,0.000,2.10
1777901165,loop0,0.00,0.00,0.000,0.000,0.00
1777901165,loop1,0.00,0.00,0.000,0.000,0.00
1777901165,loop10,0.00,0.00,0.000,0.000,0.00
1777901165,loop11,0.00,0.00,0.000,0.000,0.00
1777901165,loop12,0.00,0.00,0.000,0.000,0.00
1777901165,loop13,0.00,0.00,0.000,0.000,0.00
1777901165,loop14,0.00,0.00,0.000,0.000,0.00
1777901165,loop15,0.00,0.00,0.000,0.000,0.00
1777901165,loop16,0.00,0.00,0.000,0.000,0.00
1777901165,loop17,0.00,0.00,0.000,0.000,0.00
1777901165,loop18,0.00,0.00,0.000,0.000,0.00
1777901165,loop19,0.00,0.00,0.000,0.000,0.00
1777901165,loop2,0.00,0.00,0.000,0.000,0.00
1777901165,loop20,0.00,0.00,0.000,0.000,0.00
1777901165,loop21,0.00,0.00,0.000,0.000,0.00
1777901165,loop22,0.00,0.00,0.000,0.000,0.00
1777901165,loop23,0.00,0.00,0.000,0.000,0.00
1777901165,loop24,0.00,0.00,0.000,0.000,0.00
1777901165,loop25,0.00,0.00,0.000,0.000,0.00
1777901165,loop26,0.00,0.00,0.000,0.000,0.00
1777901165,loop27,0.00,0.00,0.000,0.000,0.00
1777901165,loop28,0.00,0.00,0.000,0.000,0.00
1777901165,loop29,0.00,0.00,0.000,0.000,0.00
1777901165,loop3,0.00,0.00,0.000,0.000,0.00
1777901165,loop30,0.00,0.00,0.000,0.000,0.00
1777901165,loop31,0.00,0.00,0.000,0.000,0.00
1777901165,loop32,0.00,0.00,0.000,0.000,0.00
1777901165,loop33,0.00,0.00,0.000,0.000,0.00
1777901165,loop34,0.00,0.00,0.000,0.000,0.00
1777901165,loop35,0.00,0.00,0.000,0.000,0.00
1777901165,loop36,0.00,0.00,0.000,0.000,0.00
1777901165,loop37,0.00,0.00,0.000,0.000,0.00
1777901165,loop38,0.00,0.00,0.000,0.000,0.00
1777901165,loop39,0.00,0.00,0.000,0.000,0.00
1777901165,loop4,0.00,0.00,0.000,0.000,0.00
1777901165,loop40,0.00,0.00,0.000,0.000,0.00
1777901165,loop5,0.00,0.00,0.000,0.000,0.00
1777901165,loop6,0.00,0.00,0.000,0.000,0.00
1777901165,loop7,0.00,0.00,0.000,0.000,0.00
1777901165,loop8,0.00,0.00,0.000,0.000,0.00
1777901165,loop9,0.00,0.00,0.000,0.000,0.00
1777901165,nvme0n1,0.00,0.00,0.000,0.000,0.00
1777901166,loop0,0.00,0.00,0.000,0.000,0.00
1777901166,loop1,0.00,0.00,0.000,0.000,0.00
1777901166,loop10,0.00,0.00,0.000,0.000,0.00
1777901166,loop11,0.00,0.00,0.000,0.000,0.00
1777901166,loop12,0.00,0.00,0.000,0.000,0.00
1777901166,loop13,0.00,0.00,0.000,0.000,0.00
1777901166,loop14,0.00,0.00,0.000,0.000,0.00
1777901166,loop15,0.00,0.00,0.000,0.000,0.00
1777901166,loop16,0.00,0.00,0.000,0.000,0.00
1777901166,loop17,0.00,0.00,0.000,0.000,0.00
1777901166,loop18,0.00,0.00,0.000,0.000,0.00
1777901166,loop19,0.00,0.00,0.000,0.000,0.00
1777901166,loop2,0.00,0.00,0.000,0.000,0.00
1777901166,loop20,0.00,0.00,0.000,0.000,0.00
1777901166,loop21,0.00,0.00,0.000,0.000,0.00
1777901166,loop22,0.00,0.00,0.000,0.000,0.00
1777901166,loop23,0.00,0.00,0.000,0.000,0.00
1777901166,loop24,0.00,0.00,0.000,0.000,0.00
1777901166,loop25,0.00,0.00,0.000,0.000,0.00
1777901166,loop26,0.00,0.00,0.000,0.000,0.00
1777901166,loop27,0.00,0.00,0.000,0.000,0.00
1777901166,loop28,0.00,0.00,0.000,0.000,0.00
1777901166,loop29,0.00,0.00,0.000,0.000,0.00
1777901166,loop3,0.00,0.00,0.000,0.000,0.00
1777901166,loop30,0.00,0.00,0.000,0.000,0.00
1777901166,loop31,0.00,0.00,0.000,0.000,0.00
1777901166,loop32,0.00,0.00,0.000,0.000,0.00
1777901166,loop33,0.00,0.00,0.000,0.000,0.00
1777901166,loop34,0.00,0.00,0.000,0.000,0.00
1777901166,loop35,0.00,0.00,0.000,0.000,0.00
1777901166,loop36,0.00,0.00,0.000,0.000,0.00
1777901166,loop37,0.00,0.00,0.000,0.000,0.00
1777901166,loop38,0.00,0.00,0.000,0.000,0.00
1777901166,loop39,0.00,0.00,0.000,0.000,0.00
1777901166,loop4,0.00,0.00,0.000,0.000,0.00
1777901166,loop40,0.00,0.00,0.000,0.000,0.00
1777901166,loop5,0.00,0.00,0.000,0.000,0.00
1777901166,loop6,0.00,0.00,0.000,0.000,0.00
1777901166,loop7,0.00,0.00,0.000,0.000,0.00
1777901166,loop8,0.00,0.00,0.000,0.000,0.00
1777901166,loop9,0.00,0.00,0.000,0.000,0.00
1777901166,nvme0n1,0.00,0.00,0.000,0.000,2.00
1777901167,loop0,0.00,0.00,0.000,0.000,0.00
1777901167,loop1,0.00,0.00,0.000,0.000,0.00
1777901167,loop10,0.00,0.00,0.000,0.000,0.00
1777901167,loop11,0.00,0.00,0.000,0.000,0.00
1777901167,loop12,0.00,0.00,0.000,0.000,0.00
1777901167,loop13,0.00,0.00,0.000,0.000,0.00
1777901167,loop14,0.00,0.00,0.000,0.000,0.00
1777901167,loop15,0.00,0.00,0.000,0.000,0.00
1777901167,loop16,0.00,0.00,0.000,0.000,0.00
1777901167,loop17,0.00,0.00,0.000,0.000,0.00
1777901167,loop18,0.00,0.00,0.000,0.000,0.00
1777901167,loop19,0.00,0.00,0.000,0.000,0.00
1777901167,loop2,0.00,0.00,0.000,0.000,0.00
1777901167,loop20,0.00,0.00,0.000,0.000,0.00
1777901167,loop21,0.00,0.00,0.000,0.000,0.00
1777901167,loop22,0.00,0.00,0.000,0.000,0.00
1777901167,loop23,0.00,0.00,0.000,0.000,0.00
1777901167,loop24,0.00,0.00,0.000,0.000,0.00
1777901167,loop25,0.00,0.00,0.000,0.000,0.00
1777901167,loop26,0.00,0.00,0.000,0.000,0.00
1777901167,loop27,0.00,0.00,0.000,0.000,0.00
1777901167,loop28,0.00,0.00,0.000,0.000,0.00
1777901167,loop29,0.00,0.00,0.000,0.000,0.00
1777901167,loop3,0.00,0.00,0.000,0.000,0.00
1777901167,loop30,0.00,0.00,0.000,0.000,0.00
1777901167,loop31,0.00,0.00,0.000,0.000,0.00
1777901167,loop32,0.00,0.00,0.000,0.000,0.00
1777901167,loop33,0.00,0.00,0.000,0.000,0.00
1777901167,loop34,0.00,0.00,0.000,0.000,0.00
1777901167,loop35,0.00,0.00,0.000,0.000,0.00
1777901167,loop36,0.00,0.00,0.000,0.000,0.00
1777901167,loop37,0.00,0.00,0.000,0.000,0.00
1777901167,loop38,0.00,0.00,0.000,0.000,0.00
1777901167,loop39,0.00,0.00,0.000,0.000,0.00
1777901167,loop4,0.00,0.00,0.000,0.000,0.00
1777901167,loop40,0.00,0.00,0.000,0.000,0.00
1777901167,loop5,0.00,0.00,0.000,0.000,0.00
1777901167,loop6,0.00,0.00,0.000,0.000,0.00
1777901167,loop7,0.00,0.00,0.000,0.000,0.00
1777901167,loop8,0.00,0.00,0.000,0.000,0.00
1777901167,loop9,0.00,0.00,0.000,0.000,0.00
1777901167,nvme0n1,0.00,0.00,0.000,0.000,0.60
1777901168,loop0,0.00,0.00,0.000,0.000,0.00
1777901168,loop1,0.00,0.00,0.000,0.000,0.00
1777901168,loop10,0.00,0.00,0.000,0.000,0.00
1777901168,loop11,0.00,0.00,0.000,0.000,0.00
1777901168,loop12,0.00,0.00,0.000,0.000,0.00
1777901168,loop13,0.00,0.00,0.000,0.000,0.00
1777901168,loop14,0.00,0.00,0.000,0.000,0.00
1777901168,loop15,0.00,0.00,0.000,0.000,0.00
1777901168,loop16,0.00,0.00,0.000,0.000,0.00
1777901168,loop17,0.00,0.00,0.000,0.000,0.00
1777901168,loop18,0.00,0.00,0.000,0.000,0.00
1777901168,loop19,0.00,0.00,0.000,0.000,0.00
1777901168,loop2,0.00,0.00,0.000,0.000,0.00
1777901168,loop20,0.00,0.00,0.000,0.000,0.00
1777901168,loop21,0.00,0.00,0.000,0.000,0.00
1777901168,loop22,0.00,0.00,0.000,0.000,0.00
1777901168,loop23,0.00,0.00,0.000,0.000,0.00
1777901168,loop24,0.00,0.00,0.000,0.000,0.00
1777901168,loop25,0.00,0.00,0.000,0.000,0.00
1777901168,loop26,0.00,0.00,0.000,0.000,0.00
1777901168,loop27,0.00,0.00,0.000,0.000,0.00
1777901168,loop28,0.00,0.00,0.000,0.000,0.00
1777901168,loop29,0.00,0.00,0.000,0.000,0.00
1777901168,loop3,0.00,0.00,0.000,0.000,0.00
1777901168,loop30,0.00,0.00,0.000,0.000,0.00
1777901168,loop31,0.00,0.00,0.000,0.000,0.00
1777901168,loop32,0.00,0.00,0.000,0.000,0.00
1777901168,loop33,0.00,0.00,0.000,0.000,0.00
1777901168,loop34,0.00,0.00,0.000,0.000,0.00
1777901168,loop35,0.00,0.00,0.000,0.000,0.00
1777901168,loop36,0.00,0.00,0.000,0.000,0.00
1777901168,loop37,0.00,0.00,0.000,0.000,0.00
1777901168,loop38,0.00,0.00,0.000,0.000,0.00
1777901168,loop39,0.00,0.00,0.000,0.000,0.00
1777901168,loop4,0.00,0.00,0.000,0.000,0.00
1777901168,loop40,0.00,0.00,0.000,0.000,0.00
1777901168,loop5,0.00,0.00,0.000,0.000,0.00
1777901168,loop6,0.00,0.00,0.000,0.000,0.00
1777901168,loop7,0.00,0.00,0.000,0.000,0.00
1777901168,loop8,0.00,0.00,0.000,0.000,0.00
1777901168,loop9,0.00,0.00,0.000,0.000,0.00
1777901168,nvme0n1,0.00,0.00,0.000,0.000,0.00
1777901169,loop0,0.00,0.00,0.000,0.000,0.00
1777901169,loop1,0.00,0.00,0.000,0.000,0.00
1777901169,loop10,0.00,0.00,0.000,0.000,0.00
1777901169,loop11,0.00,0.00,0.000,0.000,0.00
1777901169,loop12,0.00,0.00,0.000,0.000,0.00
1777901169,loop13,0.00,0.00,0.000,0.000,0.00
1777901169,loop14,0.00,0.00,0.000,0.000,0.00
1777901169,loop15,0.00,0.00,0.000,0.000,0.00
1777901169,loop16,0.00,0.00,0.000,0.000,0.00
1777901169,loop17,0.00,0.00,0.000,0.000,0.00
1777901169,loop18,0.00,0.00,0.000,0.000,0.00
1777901169,loop19,0.00,0.00,0.000,0.000,0.00
1777901169,loop2,0.00,0.00,0.000,0.000,0.00
1777901169,loop20,0.00,0.00,0.000,0.000,0.00
1777901169,loop21,0.00,0.00,0.000,0.000,0.00
1777901169,loop22,0.00,0.00,0.000,0.000,0.00
1777901169,loop23,0.00,0.00,0.000,0.000,0.00
1777901169,loop24,0.00,0.00,0.000,0.000,0.00
1777901169,loop25,0.00,0.00,0.000,0.000,0.00
1777901169,loop26,0.00,0.00,0.000,0.000,0.00
1777901169,loop27,0.00,0.00,0.000,0.000,0.00
1777901169,loop28,0.00,0.00,0.000,0.000,0.00
1777901169,loop29,0.00,0.00,0.000,0.000,0.00
1777901169,loop3,0.00,0.00,0.000,0.000,0.00
1777901169,loop30,0.00,0.00,0.000,0.000,0.00
1777901169,loop31,0.00,0.00,0.000,0.000,0.00
1777901169,loop32,0.00,0.00,0.000,0.000,0.00
1777901169,loop33,0.00,0.00,0.000,0.000,0.00
1777901169,loop34,0.00,0.00,0.000,0.000,0.00
1777901169,loop35,0.00,0.00,0.000,0.000,0.00
1777901169,loop36,0.00,0.00,0.000,0.000,0.00
1777901169,loop37,0.00,0.00,0.000,0.000,0.00
1777901169,loop38,0.00,0.00,0.000,0.000,0.00
1777901169,loop39,0.00,0.00,0.000,0.000,0.00
1777901169,loop4,0.00,0.00,0.000,0.000,0.00
1777901169,loop40,0.00,0.00,0.000,0.000,0.00
1777901169,loop5,0.00,0.00,0.000,0.000,0.00
1777901169,loop6,0.00,0.00,0.000,0.000,0.00
1777901169,loop7,0.00,0.00,0.000,0.000,0.00
1777901169,loop8,0.00,0.00,0.000,0.000,0.00
1777901169,loop9,0.00,0.00,0.000,0.000,0.00
1777901169,nvme0n1,1.00,4.00,0.000,0.000,2.30
1777901170,loop0,0.00,0.00,0.000,0.000,0.00
1777901170,loop1,0.00,0.00,0.000,0.000,0.00
1777901170,loop10,0.00,0.00,0.000,0.000,0.00
1777901170,loop11,0.00,0.00,0.000,0.000,0.00
1777901170,loop12,0.00,0.00,0.000,0.000,0.00
1777901170,loop13,0.00,0.00,0.000,0.000,0.00
1777901170,loop14,0.00,0.00,0.000,0.000,0.00
1777901170,loop15,0.00,0.00,0.000,0.000,0.00
1777901170,loop16,0.00,0.00,0.000,0.000,0.00
1777901170,loop17,0.00,0.00,0.000,0.000,0.00
1777901170,loop18,0.00,0.00,0.000,0.000,0.00
1777901170,loop19,0.00,0.00,0.000,0.000,0.00
1777901170,loop2,0.00,0.00,0.000,0.000,0.00
1777901170,loop20,0.00,0.00,0.000,0.000,0.00
1777901170,loop21,0.00,0.00,0.000,0.000,0.00
1777901170,loop22,0.00,0.00,0.000,0.000,0.00
1777901170,loop23,0.00,0.00,0.000,0.000,0.00
1777901170,loop24,0.00,0.00,0.000,0.000,0.00
1777901170,loop25,0.00,0.00,0.000,0.000,0.00
1777901170,loop26,0.00,0.00,0.000,0.000,0.00
1777901170,loop27,0.00,0.00,0.000,0.000,0.00
1777901170,loop28,0.00,0.00,0.000,0.000,0.00
1777901170,loop29,0.00,0.00,0.000,0.000,0.00
1777901170,loop3,0.00,0.00,0.000,0.000,0.00
1777901170,loop30,0.00,0.00,0.000,0.000,0.00
1777901170,loop31,0.00,0.00,0.000,0.000,0.00
1777901170,loop32,0.00,0.00,0.000,0.000,0.00
1777901170,loop33,0.00,0.00,0.000,0.000,0.00
1777901170,loop34,0.00,0.00,0.000,0.000,0.00
1777901170,loop35,0.00,0.00,0.000,0.000,0.00
1777901170,loop36,0.00,0.00,0.000,0.000,0.00
1777901170,loop37,0.00,0.00,0.000,0.000,0.00
1777901170,loop38,0.00,0.00,0.000,0.000,0.00
1777901170,loop39,0.00,0.00,0.000,0.000,0.00
1777901170,loop4,0.00,0.00,0.000,0.000,0.00
1777901170,loop40,0.00,0.00,0.000,0.000,0.00
1777901170,loop5,0.00,0.00,0.000,0.000,0.00
1777901170,loop6,0.00,0.00,0.000,0.000,0.00
1777901170,loop7,0.00,0.00,0.000,0.000,0.00
1777901170,loop8,0.00,0.00,0.000,0.000,0.00
1777901170,loop9,0.00,0.00,0.000,0.000,0.00
1777901170,nvme0n1,0.00,0.00,0.000,0.000,0.30
1777901171,loop0,0.00,0.00,0.000,0.000,0.00
1777901171,loop1,0.00,0.00,0.000,0.000,0.00
1777901171,loop10,0.00,0.00,0.000,0.000,0.00
1777901171,loop11,0.00,0.00,0.000,0.000,0.00
1777901171,loop12,0.00,0.00,0.000,0.000,0.00
1777901171,loop13,0.00,0.00,0.000,0.000,0.00
1777901171,loop14,0.00,0.00,0.000,0.000,0.00
1777901171,loop15,0.00,0.00,0.000,0.000,0.00
1777901171,loop16,0.00,0.00,0.000,0.000,0.00
1777901171,loop17,0.00,0.00,0.000,0.000,0.00
1777901171,loop18,0.00,0.00,0.000,0.000,0.00
1777901171,loop19,0.00,0.00,0.000,0.000,0.00
1777901171,loop2,0.00,0.00,0.000,0.000,0.00
1777901171,loop20,0.00,0.00,0.000,0.000,0.00
1777901171,loop21,0.00,0.00,0.000,0.000,0.00
1777901171,loop22,0.00,0.00,0.000,0.000,0.00
1777901171,loop23,0.00,0.00,0.000,0.000,0.00
1777901171,loop24,0.00,0.00,0.000,0.000,0.00
1777901171,loop25,0.00,0.00,0.000,0.000,0.00
1777901171,loop26,0.00,0.00,0.000,0.000,0.00
1777901171,loop27,0.00,0.00,0.000,0.000,0.00
1777901171,loop28,0.00,0.00,0.000,0.000,0.00
1777901171,loop29,0.00,0.00,0.000,0.000,0.00
1777901171,loop3,0.00,0.00,0.000,0.000,0.00
1777901171,loop30,0.00,0.00,0.000,0.000,0.00
1777901171,loop31,0.00,0.00,0.000,0.000,0.00
1777901171,loop32,0.00,0.00,0.000,0.000,0.00
1777901171,loop33,0.00,0.00,0.000,0.000,0.00
1777901171,loop34,0.00,0.00,0.000,0.000,0.00
1777901171,loop35,0.00,0.00,0.000,0.000,0.00
1777901171,loop36,0.00,0.00,0.000,0.000,0.00
1777901171,loop37,0.00,0.00,0.000,0.000,0.00
1777901171,loop38,0.00,0.00,0.000,0.000,0.00
1777901171,loop39,0.00,0.00,0.000,0.000,0.00
1777901171,loop4,0.00,0.00,0.000,0.000,0.00
1777901171,loop40,0.00,0.00,0.000,0.000,0.00
1777901171,loop5,0.00,0.00,0.000,0.000,0.00
1777901171,loop6,0.00,0.00,0.000,0.000,0.00
1777901171,loop7,0.00,0.00,0.000,0.000,0.00
1777901171,loop8,0.00,0.00,0.000,0.000,0.00
1777901171,loop9,0.00,0.00,0.000,0.000,0.00
1777901171,nvme0n1,0.00,0.00,0.000,0.000,0.30
1777901172,loop0,0.00,0.00,0.000,0.000,0.00
1777901172,loop1,0.00,0.00,0.000,0.000,0.00
1777901172,loop10,0.00,0.00,0.000,0.000,0.00
1777901172,loop11,0.00,0.00,0.000,0.000,0.00
1777901172,loop12,0.00,0.00,0.000,0.000,0.00
1777901172,loop13,0.00,0.00,0.000,0.000,0.00
1777901172,loop14,0.00,0.00,0.000,0.000,0.00
1777901172,loop15,0.00,0.00,0.000,0.000,0.00
1777901172,loop16,0.00,0.00,0.000,0.000,0.00
1777901172,loop17,0.00,0.00,0.000,0.000,0.00
1777901172,loop18,0.00,0.00,0.000,0.000,0.00
1777901172,loop19,0.00,0.00,0.000,0.000,0.00
1777901172,loop2,0.00,0.00,0.000,0.000,0.00
1777901172,loop20,0.00,0.00,0.000,0.000,0.00
1777901172,loop21,0.00,0.00,0.000,0.000,0.00
1777901172,loop22,0.00,0.00,0.000,0.000,0.00
1777901172,loop23,0.00,0.00,0.000,0.000,0.00
1777901172,loop24,0.00,0.00,0.000,0.000,0.00
1777901172,loop25,0.00,0.00,0.000,0.000,0.00
1777901172,loop26,0.00,0.00,0.000,0.000,0.00
1777901172,loop27,0.00,0.00,0.000,0.000,0.00
1777901172,loop28,0.00,0.00,0.000,0.000,0.00
1777901172,loop29,0.00,0.00,0.000,0.000,0.00
1777901172,loop3,0.00,0.00,0.000,0.000,0.00
1777901172,loop30,0.00,0.00,0.000,0.000,0.00
1777901172,loop31,0.00,0.00,0.000,0.000,0.00
1777901172,loop32,0.00,0.00,0.000,0.000,0.00
1777901172,loop33,0.00,0.00,0.000,0.000,0.00
1777901172,loop34,0.00,0.00,0.000,0.000,0.00
1777901172,loop35,0.00,0.00,0.000,0.000,0.00
1777901172,loop36,0.00,0.00,0.000,0.000,0.00
1777901172,loop37,0.00,0.00,0.000,0.000,0.00
1777901172,loop38,0.00,0.00,0.000,0.000,0.00
1777901172,loop39,0.00,0.00,0.000,0.000,0.00
1777901172,loop4,0.00,0.00,0.000,0.000,0.00
1777901172,loop40,0.00,0.00,0.000,0.000,0.00
1777901172,loop5,0.00,0.00,0.000,0.000,0.00
1777901172,loop6,0.00,0.00,0.000,0.000,0.00
1777901172,loop7,0.00,0.00,0.000,0.000,0.00
1777901172,loop8,0.00,0.00,0.000,0.000,0.00
1777901172,loop9,0.00,0.00,0.000,0.000,0.00
1777901172,nvme0n1,2.00,8.00,0.000,0.000,0.60
1777901173,loop0,0.00,0.00,0.000,0.000,0.00
1777901173,loop1,0.00,0.00,0.000,0.000,0.00
1777901173,loop10,0.00,0.00,0.000,0.000,0.00
1777901173,loop11,0.00,0.00,0.000,0.000,0.00
1777901173,loop12,0.00,0.00,0.000,0.000,0.00
1777901173,loop13,0.00,0.00,0.000,0.000,0.00
1777901173,loop14,0.00,0.00,0.000,0.000,0.00
1777901173,loop15,0.00,0.00,0.000,0.000,0.00
1777901173,loop16,0.00,0.00,0.000,0.000,0.00
1777901173,loop17,0.00,0.00,0.000,0.000,0.00
1777901173,loop18,0.00,0.00,0.000,0.000,0.00
1777901173,loop19,0.00,0.00,0.000,0.000,0.00
1777901173,loop2,0.00,0.00,0.000,0.000,0.00
1777901173,loop20,0.00,0.00,0.000,0.000,0.00
1777901173,loop21,0.00,0.00,0.000,0.000,0.00
1777901173,loop22,0.00,0.00,0.000,0.000,0.00
1777901173,loop23,0.00,0.00,0.000,0.000,0.00
1777901173,loop24,0.00,0.00,0.000,0.000,0.00
1777901173,loop25,0.00,0.00,0.000,0.000,0.00
1777901173,loop26,0.00,0.00,0.000,0.000,0.00
1777901173,loop27,0.00,0.00,0.000,0.000,0.00
1777901173,loop28,0.00,0.00,0.000,0.000,0.00
1777901173,loop29,0.00,0.00,0.000,0.000,0.00
1777901173,loop3,0.00,0.00,0.000,0.000,0.00
1777901173,loop30,0.00,0.00,0.000,0.000,0.00
1777901173,loop31,0.00,0.00,0.000,0.000,0.00
1777901173,loop32,0.00,0.00,0.000,0.000,0.00
1777901173,loop33,0.00,0.00,0.000,0.000,0.00
1777901173,loop34,0.00,0.00,0.000,0.000,0.00
1777901173,loop35,0.00,0.00,0.000,0.000,0.00
1777901173,loop36,0.00,0.00,0.000,0.000,0.00
1777901173,loop37,0.00,0.00,0.000,0.000,0.00
1777901173,loop38,0.00,0.00,0.000,0.000,0.00
1777901173,loop39,0.00,0.00,0.000,0.000,0.00
1777901173,loop4,0.00,0.00,0.000,0.000,0.00
1777901173,loop40,0.00,0.00,0.000,0.000,0.00
1777901173,loop5,0.00,0.00,0.000,0.000,0.00
1777901173,loop6,0.00,0.00,0.000,0.000,0.00
1777901173,loop7,0.00,0.00,0.000,0.000,0.00
1777901173,loop8,0.00,0.00,0.000,0.000,0.00
1777901173,loop9,0.00,0.00,0.000,0.000,0.00
1777901173,nvme0n1,0.00,0.00,0.000,0.000,0.40
1777901174,loop0,0.00,0.00,0.000,0.000,0.00
1777901174,loop1,0.00,0.00,0.000,0.000,0.00
1777901174,loop10,0.00,0.00,0.000,0.000,0.00
1777901174,loop11,0.00,0.00,0.000,0.000,0.00
1777901174,loop12,0.00,0.00,0.000,0.000,0.00
1777901174,loop13,0.00,0.00,0.000,0.000,0.00
1777901174,loop14,0.00,0.00,0.000,0.000,0.00
1777901174,loop15,0.00,0.00,0.000,0.000,0.00
1777901174,loop16,0.00,0.00,0.000,0.000,0.00
1777901174,loop17,0.00,0.00,0.000,0.000,0.00
1777901174,loop18,0.00,0.00,0.000,0.000,0.00
1777901174,loop19,0.00,0.00,0.000,0.000,0.00
1777901174,loop2,0.00,0.00,0.000,0.000,0.00
1777901174,loop20,0.00,0.00,0.000,0.000,0.00
1777901174,loop21,0.00,0.00,0.000,0.000,0.00
1777901174,loop22,0.00,0.00,0.000,0.000,0.00
1777901174,loop23,0.00,0.00,0.000,0.000,0.00
1777901174,loop24,0.00,0.00,0.000,0.000,0.00
1777901174,loop25,0.00,0.00,0.000,0.000,0.00
1777901174,loop26,0.00,0.00,0.000,0.000,0.00
1777901174,loop27,0.00,0.00,0.000,0.000,0.00
1777901174,loop28,0.00,0.00,0.000,0.000,0.00
1777901174,loop29,0.00,0.00,0.000,0.000,0.00
1777901174,loop3,0.00,0.00,0.000,0.000,0.00
1777901174,loop30,0.00,0.00,0.000,0.000,0.00
1777901174,loop31,0.00,0.00,0.000,0.000,0.00
1777901174,loop32,0.00,0.00,0.000,0.000,0.00
1777901174,loop33,0.00,0.00,0.000,0.000,0.00
1777901174,loop34,0.00,0.00,0.000,0.000,0.00
1777901174,loop35,0.00,0.00,0.000,0.000,0.00
1777901174,loop36,0.00,0.00,0.000,0.000,0.00
1777901174,loop37,0.00,0.00,0.000,0.000,0.00
1777901174,loop38,0.00,0.00,0.000,0.000,0.00
1777901174,loop39,0.00,0.00,0.000,0.000,0.00
1777901174,loop4,0.00,0.00,0.000,0.000,0.00
1777901174,loop40,0.00,0.00,0.000,0.000,0.00
1777901174,loop5,0.00,0.00,0.000,0.000,0.00
1777901174,loop6,0.00,0.00,0.000,0.000,0.00
1777901174,loop7,0.00,0.00,0.000,0.000,0.00
1777901174,loop8,0.00,0.00,0.000,0.000,0.00
1777901174,loop9,0.00,0.00,0.000,0.000,0.00
1777901174,nvme0n1,1.00,8.00,0.001,0.049,0.10
1777901175,loop0,0.00,0.00,0.000,0.000,0.00
1777901175,loop1,0.00,0.00,0.000,0.000,0.00
1777901175,loop10,0.00,0.00,0.000,0.000,0.00
1777901175,loop11,0.00,0.00,0.000,0.000,0.00
1777901175,loop12,0.00,0.00,0.000,0.000,0.00
1777901175,loop13,0.00,0.00,0.000,0.000,0.00
1777901175,loop14,0.00,0.00,0.000,0.000,0.00
1777901175,loop15,0.00,0.00,0.000,0.000,0.00
1777901175,loop16,0.00,0.00,0.000,0.000,0.00
1777901175,loop17,0.00,0.00,0.000,0.000,0.00
1777901175,loop18,0.00,0.00,0.000,0.000,0.00
1777901175,loop19,0.00,0.00,0.000,0.000,0.00
1777901175,loop2,0.00,0.00,0.000,0.000,0.00
1777901175,loop20,0.00,0.00,0.000,0.000,0.00
1777901175,loop21,0.00,0.00,0.000,0.000,0.00
1777901175,loop22,0.00,0.00,0.000,0.000,0.00
1777901175,loop23,0.00,0.00,0.000,0.000,0.00
1777901175,loop24,0.00,0.00,0.000,0.000,0.00
1777901175,loop25,0.00,0.00,0.000,0.000,0.00
1777901175,loop26,0.00,0.00,0.000,0.000,0.00
1777901175,loop27,0.00,0.00,0.000,0.000,0.00
1777901175,loop28,0.00,0.00,0.000,0.000,0.00
1777901175,loop29,0.00,0.00,0.000,0.000,0.00
1777901175,loop3,0.00,0.00,0.000,0.000,0.00
1777901175,loop30,0.00,0.00,0.000,0.000,0.00
1777901175,loop31,0.00,0.00,0.000,0.000,0.00
1777901175,loop32,0.00,0.00,0.000,0.000,0.00
1777901175,loop33,0.00,0.00,0.000,0.000,0.00
1777901175,loop34,0.00,0.00,0.000,0.000,0.00
1777901175,loop35,0.00,0.00,0.000,0.000,0.00
1777901175,loop36,0.00,0.00,0.000,0.000,0.00
1777901175,loop37,0.00,0.00,0.000,0.000,0.00
1777901175,loop38,0.00,0.00,0.000,0.000,0.00
1777901175,loop39,0.00,0.00,0.000,0.000,0.00
1777901175,loop4,0.00,0.00,0.000,0.000,0.00
1777901175,loop40,0.00,0.00,0.000,0.000,0.00
1777901175,loop5,0.00,0.00,0.000,0.000,0.00
1777901175,loop6,0.00,0.00,0.000,0.000,0.00
1777901175,loop7,0.00,0.00,0.000,0.000,0.00
1777901175,loop8,0.00,0.00,0.000,0.000,0.00
1777901175,loop9,0.00,0.00,0.000,0.000,0.00
1777901175,nvme0n1,0.00,0.00,0.000,0.000,0.90
1777901176,loop0,0.00,0.00,0.000,0.000,0.00
1777901176,loop1,0.00,0.00,0.000,0.000,0.00
1777901176,loop10,0.00,0.00,0.000,0.000,0.00
1777901176,loop11,0.00,0.00,0.000,0.000,0.00
1777901176,loop12,0.00,0.00,0.000,0.000,0.00
1777901176,loop13,0.00,0.00,0.000,0.000,0.00
1777901176,loop14,0.00,0.00,0.000,0.000,0.00
1777901176,loop15,0.00,0.00,0.000,0.000,0.00
1777901176,loop16,0.00,0.00,0.000,0.000,0.00
1777901176,loop17,0.00,0.00,0.000,0.000,0.00
1777901176,loop18,0.00,0.00,0.000,0.000,0.00
1777901176,loop19,0.00,0.00,0.000,0.000,0.00
1777901176,loop2,0.00,0.00,0.000,0.000,0.00
1777901176,loop20,0.00,0.00,0.000,0.000,0.00
1777901176,loop21,0.00,0.00,0.000,0.000,0.00
1777901176,loop22,0.00,0.00,0.000,0.000,0.00
1777901176,loop23,0.00,0.00,0.000,0.000,0.00
1777901176,loop24,0.00,0.00,0.000,0.000,0.00
1777901176,loop25,0.00,0.00,0.000,0.000,0.00
1777901176,loop26,0.00,0.00,0.000,0.000,0.00
1777901176,loop27,0.00,0.00,0.000,0.000,0.00
1777901176,loop28,0.00,0.00,0.000,0.000,0.00
1777901176,loop29,0.00,0.00,0.000,0.000,0.00
1777901176,loop3,0.00,0.00,0.000,0.000,0.00
1777901176,loop30,0.00,0.00,0.000,0.000,0.00
1777901176,loop31,0.00,0.00,0.000,0.000,0.00
1777901176,loop32,0.00,0.00,0.000,0.000,0.00
1777901176,loop33,0.00,0.00,0.000,0.000,0.00
1777901176,loop34,0.00,0.00,0.000,0.000,0.00
1777901176,loop35,0.00,0.00,0.000,0.000,0.00
1777901176,loop36,0.00,0.00,0.000,0.000,0.00
1777901176,loop37,0.00,0.00,0.000,0.000,0.00
1777901176,loop38,0.00,0.00,0.000,0.000,0.00
1777901176,loop39,0.00,0.00,0.000,0.000,0.00
1777901176,loop4,0.00,0.00,0.000,0.000,0.00
1777901176,loop40,0.00,0.00,0.000,0.000,0.00
1777901176,loop5,0.00,0.00,0.000,0.000,0.00
1777901176,loop6,0.00,0.00,0.000,0.000,0.00
1777901176,loop7,0.00,0.00,0.000,0.000,0.00
1777901176,loop8,0.00,0.00,0.000,0.000,0.00
1777901176,loop9,0.00,0.00,0.000,0.000,0.00
1777901176,nvme0n1,0.00,0.00,0.000,0.000,0.00
1777901177,loop0,0.00,0.00,0.000,0.000,0.00
1777901177,loop1,0.00,0.00,0.000,0.000,0.00
1777901177,loop10,0.00,0.00,0.000,0.000,0.00
1777901177,loop11,0.00,0.00,0.000,0.000,0.00
1777901177,loop12,0.00,0.00,0.000,0.000,0.00
1777901177,loop13,0.00,0.00,0.000,0.000,0.00
1777901177,loop14,0.00,0.00,0.000,0.000,0.00
1777901177,loop15,0.00,0.00,0.000,0.000,0.00
1777901177,loop16,0.00,0.00,0.000,0.000,0.00
1777901177,loop17,0.00,0.00,0.000,0.000,0.00
1777901177,loop18,0.00,0.00,0.000,0.000,0.00
1777901177,loop19,0.00,0.00,0.000,0.000,0.00
1777901177,loop2,0.00,0.00,0.000,0.000,0.00
1777901177,loop20,0.00,0.00,0.000,0.000,0.00
1777901177,loop21,0.00,0.00,0.000,0.000,0.00
1777901177,loop22,0.00,0.00,0.000,0.000,0.00
1777901177,loop23,0.00,0.00,0.000,0.000,0.00
1777901177,loop24,0.00,0.00,0.000,0.000,0.00
1777901177,loop25,0.00,0.00,0.000,0.000,0.00
1777901177,loop26,0.00,0.00,0.000,0.000,0.00
1777901177,loop27,0.00,0.00,0.000,0.000,0.00
1777901177,loop28,0.00,0.00,0.000,0.000,0.00
1777901177,loop29,0.00,0.00,0.000,0.000,0.00
1777901177,loop3,0.00,0.00,0.000,0.000,0.00
1777901177,loop30,0.00,0.00,0.000,0.000,0.00
1777901177,loop31,0.00,0.00,0.000,0.000,0.00
1777901177,loop32,0.00,0.00,0.000,0.000,0.00
1777901177,loop33,0.00,0.00,0.000,0.000,0.00
1777901177,loop34,0.00,0.00,0.000,0.000,0.00
1777901177,loop35,0.00,0.00,0.000,0.000,0.00
1777901177,loop36,0.00,0.00,0.000,0.000,0.00
1777901177,loop37,0.00,0.00,0.000,0.000,0.00
1777901177,loop38,0.00,0.00,0.000,0.000,0.00
1777901177,loop39,0.00,0.00,0.000,0.000,0.00
1777901177,loop4,0.00,0.00,0.000,0.000,0.00
1777901177,loop40,0.00,0.00,0.000,0.000,0.00
1777901177,loop5,0.00,0.00,0.000,0.000,0.00
1777901177,loop6,0.00,0.00,0.000,0.000,0.00
1777901177,loop7,0.00,0.00,0.000,0.000,0.00
1777901177,loop8,0.00,0.00,0.000,0.000,0.00
1777901177,loop9,0.00,0.00,0.000,0.000,0.00
1777901177,nvme0n1,0.00,0.00,0.000,0.000,0.00
1777901178,loop0,0.00,0.00,0.000,0.000,0.00
1777901178,loop1,0.00,0.00,0.000,0.000,0.00
1777901178,loop10,0.00,0.00,0.000,0.000,0.00
1777901178,loop11,0.00,0.00,0.000,0.000,0.00
1777901178,loop12,0.00,0.00,0.000,0.000,0.00
1777901178,loop13,0.00,0.00,0.000,0.000,0.00
1777901178,loop14,0.00,0.00,0.000,0.000,0.00
1777901178,loop15,0.00,0.00,0.000,0.000,0.00
1777901178,loop16,0.00,0.00,0.000,0.000,0.00
1777901178,loop17,0.00,0.00,0.000,0.000,0.00
1777901178,loop18,0.00,0.00,0.000,0.000,0.00
1777901178,loop19,0.00,0.00,0.000,0.000,0.00
1777901178,loop2,0.00,0.00,0.000,0.000,0.00
1777901178,loop20,0.00,0.00,0.000,0.000,0.00
1777901178,loop21,0.00,0.00,0.000,0.000,0.00
1777901178,loop22,0.00,0.00,0.000,0.000,0.00
1777901178,loop23,0.00,0.00,0.000,0.000,0.00
1777901178,loop24,0.00,0.00,0.000,0.000,0.00
1777901178,loop25,0.00,0.00,0.000,0.000,0.00
1777901178,loop26,0.00,0.00,0.000,0.000,0.00
1777901178,loop27,0.00,0.00,0.000,0.000,0.00
1777901178,loop28,0.00,0.00,0.000,0.000,0.00
1777901178,loop29,0.00,0.00,0.000,0.000,0.00
1777901178,loop3,0.00,0.00,0.000,0.000,0.00
1777901178,loop30,0.00,0.00,0.000,0.000,0.00
1777901178,loop31,0.00,0.00,0.000,0.000,0.00
1777901178,loop32,0.00,0.00,0.000,0.000,0.00
1777901178,loop33,0.00,0.00,0.000,0.000,0.00
1777901178,loop34,0.00,0.00,0.000,0.000,0.00
1777901178,loop35,0.00,0.00,0.000,0.000,0.00
1777901178,loop36,0.00,0.00,0.000,0.000,0.00
1777901178,loop37,0.00,0.00,0.000,0.000,0.00
1777901178,loop38,0.00,0.00,0.000,0.000,0.00
1777901178,loop39,0.00,0.00,0.000,0.000,0.00
1777901178,loop4,0.00,0.00,0.000,0.000,0.00
1777901178,loop40,0.00,0.00,0.000,0.000,0.00
1777901178,loop5,0.00,0.00,0.000,0.000,0.00
1777901178,loop6,0.00,0.00,0.000,0.000,0.00
1777901178,loop7,0.00,0.00,0.000,0.000,0.00
1777901178,loop8,0.00,0.00,0.000,0.000,0.00
1777901178,loop9,0.00,0.00,0.000,0.000,0.00
1777901178,nvme0n1,1.00,4.00,0.000,0.000,0.10
1777901179,loop0,0.00,0.00,0.000,0.000,0.00
1777901179,loop1,0.00,0.00,0.000,0.000,0.00
1777901179,loop10,0.00,0.00,0.000,0.000,0.00
1777901179,loop11,0.00,0.00,0.000,0.000,0.00
1777901179,loop12,0.00,0.00,0.000,0.000,0.00
1777901179,loop13,0.00,0.00,0.000,0.000,0.00
1777901179,loop14,0.00,0.00,0.000,0.000,0.00
1777901179,loop15,0.00,0.00,0.000,0.000,0.00
1777901179,loop16,0.00,0.00,0.000,0.000,0.00
1777901179,loop17,0.00,0.00,0.000,0.000,0.00
1777901179,loop18,0.00,0.00,0.000,0.000,0.00
1777901179,loop19,0.00,0.00,0.000,0.000,0.00
1777901179,loop2,0.00,0.00,0.000,0.000,0.00
1777901179,loop20,0.00,0.00,0.000,0.000,0.00
1777901179,loop21,0.00,0.00,0.000,0.000,0.00
1777901179,loop22,0.00,0.00,0.000,0.000,0.00
1777901179,loop23,0.00,0.00,0.000,0.000,0.00
1777901179,loop24,0.00,0.00,0.000,0.000,0.00
1777901179,loop25,0.00,0.00,0.000,0.000,0.00
1777901179,loop26,0.00,0.00,0.000,0.000,0.00
1777901179,loop27,0.00,0.00,0.000,0.000,0.00
1777901179,loop28,0.00,0.00,0.000,0.000,0.00
1777901179,loop29,0.00,0.00,0.000,0.000,0.00
1777901179,loop3,0.00,0.00,0.000,0.000,0.00
1777901179,loop30,0.00,0.00,0.000,0.000,0.00
1777901179,loop31,0.00,0.00,0.000,0.000,0.00
1777901179,loop32,0.00,0.00,0.000,0.000,0.00
1777901179,loop33,0.00,0.00,0.000,0.000,0.00
1777901179,loop34,0.00,0.00,0.000,0.000,0.00
1777901179,loop35,0.00,0.00,0.000,0.000,0.00
1777901179,loop36,0.00,0.00,0.000,0.000,0.00
1777901179,loop37,0.00,0.00,0.000,0.000,0.00
1777901179,loop38,0.00,0.00,0.000,0.000,0.00
1777901179,loop39,0.00,0.00,0.000,0.000,0.00
1777901179,loop4,0.00,0.00,0.000,0.000,0.00
1777901179,loop40,0.00,0.00,0.000,0.000,0.00
1777901179,loop5,0.00,0.00,0.000,0.000,0.00
1777901179,loop6,0.00,0.00,0.000,0.000,0.00
1777901179,loop7,0.00,0.00,0.000,0.000,0.00
1777901179,loop8,0.00,0.00,0.000,0.000,0.00
1777901179,loop9,0.00,0.00,0.000,0.000,0.00
1777901179,nvme0n1,0.00,0.00,0.000,0.000,0.20
1777901180,loop0,0.00,0.00,0.000,0.000,0.00
1777901180,loop1,0.00,0.00,0.000,0.000,0.00
1777901180,loop10,0.00,0.00,0.000,0.000,0.00
1777901180,loop11,0.00,0.00,0.000,0.000,0.00
1777901180,loop12,0.00,0.00,0.000,0.000,0.00
1777901180,loop13,0.00,0.00,0.000,0.000,0.00
1777901180,loop14,0.00,0.00,0.000,0.000,0.00
1777901180,loop15,0.00,0.00,0.000,0.000,0.00
1777901180,loop16,0.00,0.00,0.000,0.000,0.00
1777901180,loop17,0.00,0.00,0.000,0.000,0.00
1777901180,loop18,0.00,0.00,0.000,0.000,0.00
1777901180,loop19,0.00,0.00,0.000,0.000,0.00
1777901180,loop2,0.00,0.00,0.000,0.000,0.00
1777901180,loop20,0.00,0.00,0.000,0.000,0.00
1777901180,loop21,0.00,0.00,0.000,0.000,0.00
1777901180,loop22,0.00,0.00,0.000,0.000,0.00
1777901180,loop23,0.00,0.00,0.000,0.000,0.00
1777901180,loop24,0.00,0.00,0.000,0.000,0.00
1777901180,loop25,0.00,0.00,0.000,0.000,0.00
1777901180,loop26,0.00,0.00,0.000,0.000,0.00
1777901180,loop27,0.00,0.00,0.000,0.000,0.00
1777901180,loop28,0.00,0.00,0.000,0.000,0.00
1777901180,loop29,0.00,0.00,0.000,0.000,0.00
1777901180,loop3,0.00,0.00,0.000,0.000,0.00
1777901180,loop30,0.00,0.00,0.000,0.000,0.00
1777901180,loop31,0.00,0.00,0.000,0.000,0.00
1777901180,loop32,0.00,0.00,0.000,0.000,0.00
1777901180,loop33,0.00,0.00,0.000,0.000,0.00
1777901180,loop34,0.00,0.00,0.000,0.000,0.00
1777901180,loop35,0.00,0.00,0.000,0.000,0.00
1777901180,loop36,0.00,0.00,0.000,0.000,0.00
1777901180,loop37,0.00,0.00,0.000,0.000,0.00
1777901180,loop38,0.00,0.00,0.000,0.000,0.00
1777901180,loop39,0.00,0.00,0.000,0.000,0.00
1777901180,loop4,0.00,0.00,0.000,0.000,0.00
1777901180,loop40,0.00,0.00,0.000,0.000,0.00
1777901180,loop5,0.00,0.00,0.000,0.000,0.00
1777901180,loop6,0.00,0.00,0.000,0.000,0.00
1777901180,loop7,0.00,0.00,0.000,0.000,0.00
1777901180,loop8,0.00,0.00,0.000,0.000,0.00
1777901180,loop9,0.00,0.00,0.000,0.000,0.00
1777901180,nvme0n1,0.00,0.00,0.000,0.000,0.00
1777901181,loop0,0.00,0.00,0.000,0.000,0.00
1777901181,loop1,0.00,0.00,0.000,0.000,0.00
1777901181,loop10,0.00,0.00,0.000,0.000,0.00
1777901181,loop11,0.00,0.00,0.000,0.000,0.00
1777901181,loop12,0.00,0.00,0.000,0.000,0.00
1777901181,loop13,0.00,0.00,0.000,0.000,0.00
1777901181,loop14,0.00,0.00,0.000,0.000,0.00
1777901181,loop15,0.00,0.00,0.000,0.000,0.00
1777901181,loop16,0.00,0.00,0.000,0.000,0.00
1777901181,loop17,0.00,0.00,0.000,0.000,0.00
1777901181,loop18,0.00,0.00,0.000,0.000,0.00
1777901181,loop19,0.00,0.00,0.000,0.000,0.00
1777901181,loop2,0.00,0.00,0.000,0.000,0.00
1777901181,loop20,0.00,0.00,0.000,0.000,0.00
1777901181,loop21,0.00,0.00,0.000,0.000,0.00
1777901181,loop22,0.00,0.00,0.000,0.000,0.00
1777901181,loop23,0.00,0.00,0.000,0.000,0.00
1777901181,loop24,0.00,0.00,0.000,0.000,0.00
1777901181,loop25,0.00,0.00,0.000,0.000,0.00
1777901181,loop26,0.00,0.00,0.000,0.000,0.00
1777901181,loop27,0.00,0.00,0.000,0.000,0.00
1777901181,loop28,0.00,0.00,0.000,0.000,0.00
1777901181,loop29,0.00,0.00,0.000,0.000,0.00
1777901181,loop3,0.00,0.00,0.000,0.000,0.00
1777901181,loop30,0.00,0.00,0.000,0.000,0.00
1777901181,loop31,0.00,0.00,0.000,0.000,0.00
1777901181,loop32,0.00,0.00,0.000,0.000,0.00
1777901181,loop33,0.00,0.00,0.000,0.000,0.00
1777901181,loop34,0.00,0.00,0.000,0.000,0.00
1777901181,loop35,0.00,0.00,0.000,0.000,0.00
1777901181,loop36,0.00,0.00,0.000,0.000,0.00
1777901181,loop37,0.00,0.00,0.000,0.000,0.00
1777901181,loop38,0.00,0.00,0.000,0.000,0.00
1777901181,loop39,0.00,0.00,0.000,0.000,0.00
1777901181,loop4,0.00,0.00,0.000,0.000,0.00
1777901181,loop40,0.00,0.00,0.000,0.000,0.00
1777901181,loop5,0.00,0.00,0.000,0.000,0.00
1777901181,loop6,0.00,0.00,0.000,0.000,0.00
1777901181,loop7,0.00,0.00,0.000,0.000,0.00
1777901181,loop8,0.00,0.00,0.000,0.000,0.00
1777901181,loop9,0.00,0.00,0.000,0.000,0.00
1777901181,nvme0n1,0.00,0.00,0.000,0.000,0.00
1777901182,loop0,0.00,0.00,0.000,0.000,0.00
1777901182,loop1,0.00,0.00,0.000,0.000,0.00
1777901182,loop10,0.00,0.00,0.000,0.000,0.00
1777901182,loop11,0.00,0.00,0.000,0.000,0.00
1777901182,loop12,0.00,0.00,0.000,0.000,0.00
1777901182,loop13,0.00,0.00,0.000,0.000,0.00
1777901182,loop14,0.00,0.00,0.000,0.000,0.00
1777901182,loop15,0.00,0.00,0.000,0.000,0.00
1777901182,loop16,0.00,0.00,0.000,0.000,0.00
1777901182,loop17,0.00,0.00,0.000,0.000,0.00
1777901182,loop18,0.00,0.00,0.000,0.000,0.00
1777901182,loop19,0.00,0.00,0.000,0.000,0.00
1777901182,loop2,0.00,0.00,0.000,0.000,0.00
1777901182,loop20,0.00,0.00,0.000,0.000,0.00
1777901182,loop21,0.00,0.00,0.000,0.000,0.00
1777901182,loop22,0.00,0.00,0.000,0.000,0.00
1777901182,loop23,0.00,0.00,0.000,0.000,0.00
1777901182,loop24,0.00,0.00,0.000,0.000,0.00
1777901182,loop25,0.00,0.00,0.000,0.000,0.00
1777901182,loop26,0.00,0.00,0.000,0.000,0.00
1777901182,loop27,0.00,0.00,0.000,0.000,0.00
1777901182,loop28,0.00,0.00,0.000,0.000,0.00
1777901182,loop29,0.00,0.00,0.000,0.000,0.00
1777901182,loop3,0.00,0.00,0.000,0.000,0.00
1777901182,loop30,0.00,0.00,0.000,0.000,0.00
1777901182,loop31,0.00,0.00,0.000,0.000,0.00
1777901182,loop32,0.00,0.00,0.000,0.000,0.00
1777901182,loop33,0.00,0.00,0.000,0.000,0.00
1777901182,loop34,0.00,0.00,0.000,0.000,0.00
1777901182,loop35,0.00,0.00,0.000,0.000,0.00
1777901182,loop36,0.00,0.00,0.000,0.000,0.00
1777901182,loop37,0.00,0.00,0.000,0.000,0.00
1777901182,loop38,0.00,0.00,0.000,0.000,0.00
1777901182,loop39,0.00,0.00,0.000,0.000,0.00
1777901182,loop4,0.00,0.00,0.000,0.000,0.00
1777901182,loop40,0.00,0.00,0.000,0.000,0.00
1777901182,loop5,0.00,0.00,0.000,0.000,0.00
1777901182,loop6,0.00,0.00,0.000,0.000,0.00
1777901182,loop7,0.00,0.00,0.000,0.000,0.00
1777901182,loop8,0.00,0.00,0.000,0.000,0.00
1777901182,loop9,0.00,0.00,0.000,0.000,0.00
1777901182,nvme0n1,0.00,0.00,0.000,0.000,5.00
1777901183,loop0,0.00,0.00,0.000,0.000,0.00
1777901183,loop1,0.00,0.00,0.000,0.000,0.00
1777901183,loop10,0.00,0.00,0.000,0.000,0.00
1777901183,loop11,0.00,0.00,0.000,0.000,0.00
1777901183,loop12,0.00,0.00,0.000,0.000,0.00
1777901183,loop13,0.00,0.00,0.000,0.000,0.00
1777901183,loop14,0.00,0.00,0.000,0.000,0.00
1777901183,loop15,0.00,0.00,0.000,0.000,0.00
1777901183,loop16,0.00,0.00,0.000,0.000,0.00
1777901183,loop17,0.00,0.00,0.000,0.000,0.00
1777901183,loop18,0.00,0.00,0.000,0.000,0.00
1777901183,loop19,0.00,0.00,0.000,0.000,0.00
1777901183,loop2,0.00,0.00,0.000,0.000,0.00
1777901183,loop20,0.00,0.00,0.000,0.000,0.00
1777901183,loop21,0.00,0.00,0.000,0.000,0.00
1777901183,loop22,0.00,0.00,0.000,0.000,0.00
1777901183,loop23,0.00,0.00,0.000,0.000,0.00
1777901183,loop24,0.00,0.00,0.000,0.000,0.00
1777901183,loop25,0.00,0.00,0.000,0.000,0.00
1777901183,loop26,0.00,0.00,0.000,0.000,0.00
1777901183,loop27,0.00,0.00,0.000,0.000,0.00
1777901183,loop28,0.00,0.00,0.000,0.000,0.00
1777901183,loop29,0.00,0.00,0.000,0.000,0.00
1777901183,loop3,0.00,0.00,0.000,0.000,0.00
1777901183,loop30,0.00,0.00,0.000,0.000,0.00
1777901183,loop31,0.00,0.00,0.000,0.000,0.00
1777901183,loop32,0.00,0.00,0.000,0.000,0.00
1777901183,loop33,0.00,0.00,0.000,0.000,0.00
1777901183,loop34,0.00,0.00,0.000,0.000,0.00
1777901183,loop35,0.00,0.00,0.000,0.000,0.00
1777901183,loop36,0.00,0.00,0.000,0.000,0.00
1777901183,loop37,0.00,0.00,0.000,0.000,0.00
1777901183,loop38,0.00,0.00,0.000,0.000,0.00
1777901183,loop39,0.00,0.00,0.000,0.000,0.00
1777901183,loop4,0.00,0.00,0.000,0.000,0.00
1777901183,loop40,0.00,0.00,0.000,0.000,0.00
1777901183,loop5,0.00,0.00,0.000,0.000,0.00
1777901183,loop6,0.00,0.00,0.000,0.000,0.00
1777901183,loop7,0.00,0.00,0.000,0.000,0.00
1777901183,loop8,0.00,0.00,0.000,0.000,0.00
1777901183,loop9,0.00,0.00,0.000,0.000,0.00
1777901183,nvme0n1,0.00,0.00,0.000,0.000,0.00
1777901184,loop0,0.00,0.00,0.000,0.000,0.00
1777901184,loop1,0.00,0.00,0.000,0.000,0.00
1777901184,loop10,0.00,0.00,0.000,0.000,0.00
1777901184,loop11,0.00,0.00,0.000,0.000,0.00
1777901184,loop12,0.00,0.00,0.000,0.000,0.00
1777901184,loop13,0.00,0.00,0.000,0.000,0.00
1777901184,loop14,0.00,0.00,0.000,0.000,0.00
1777901184,loop15,0.00,0.00,0.000,0.000,0.00
1777901184,loop16,0.00,0.00,0.000,0.000,0.00
1777901184,loop17,0.00,0.00,0.000,0.000,0.00
1777901184,loop18,0.00,0.00,0.000,0.000,0.00
1777901184,loop19,0.00,0.00,0.000,0.000,0.00
1777901184,loop2,0.00,0.00,0.000,0.000,0.00
1777901184,loop20,0.00,0.00,0.000,0.000,0.00
1777901184,loop21,0.00,0.00,0.000,0.000,0.00
1777901184,loop22,0.00,0.00,0.000,0.000,0.00
1777901184,loop23,0.00,0.00,0.000,0.000,0.00
1777901184,loop24,0.00,0.00,0.000,0.000,0.00
1777901184,loop25,0.00,0.00,0.000,0.000,0.00
1777901184,loop26,0.00,0.00,0.000,0.000,0.00
1777901184,loop27,0.00,0.00,0.000,0.000,0.00
1777901184,loop28,0.00,0.00,0.000,0.000,0.00
1777901184,loop29,0.00,0.00,0.000,0.000,0.00
1777901184,loop3,0.00,0.00,0.000,0.000,0.00
1777901184,loop30,0.00,0.00,0.000,0.000,0.00
1777901184,loop31,0.00,0.00,0.000,0.000,0.00
1777901184,loop32,0.00,0.00,0.000,0.000,0.00
1777901184,loop33,0.00,0.00,0.000,0.000,0.00
1777901184,loop34,0.00,0.00,0.000,0.000,0.00
1777901184,loop35,0.00,0.00,0.000,0.000,0.00
1777901184,loop36,0.00,0.00,0.000,0.000,0.00
1777901184,loop37,0.00,0.00,0.000,0.000,0.00
1777901184,loop38,0.00,0.00,0.000,0.000,0.00
1777901184,loop39,0.00,0.00,0.000,0.000,0.00
1777901184,loop4,0.00,0.00,0.000,0.000,0.00
1777901184,loop40,0.00,0.00,0.000,0.000,0.00
1777901184,loop5,0.00,0.00,0.000,0.000,0.00
1777901184,loop6,0.00,0.00,0.000,0.000,0.00
1777901184,loop7,0.00,0.00,0.000,0.000,0.00
1777901184,loop8,0.00,0.00,0.000,0.000,0.00
1777901184,loop9,0.00,0.00,0.000,0.000,0.00
1777901184,nvme0n1,0.00,0.00,0.000,0.000,5.60
1777901185,loop0,0.00,0.00,0.000,0.000,0.00
1777901185,loop1,0.00,0.00,0.000,0.000,0.00
1777901185,loop10,0.00,0.00,0.000,0.000,0.00
1777901185,loop11,0.00,0.00,0.000,0.000,0.00
1777901185,loop12,0.00,0.00,0.000,0.000,0.00
1777901185,loop13,0.00,0.00,0.000,0.000,0.00
1777901185,loop14,0.00,0.00,0.000,0.000,0.00
1777901185,loop15,0.00,0.00,0.000,0.000,0.00
1777901185,loop16,0.00,0.00,0.000,0.000,0.00
1777901185,loop17,0.00,0.00,0.000,0.000,0.00
1777901185,loop18,0.00,0.00,0.000,0.000,0.00
1777901185,loop19,0.00,0.00,0.000,0.000,0.00
1777901185,loop2,0.00,0.00,0.000,0.000,0.00
1777901185,loop20,0.00,0.00,0.000,0.000,0.00
1777901185,loop21,0.00,0.00,0.000,0.000,0.00
1777901185,loop22,0.00,0.00,0.000,0.000,0.00
1777901185,loop23,0.00,0.00,0.000,0.000,0.00
1777901185,loop24,0.00,0.00,0.000,0.000,0.00
1777901185,loop25,0.00,0.00,0.000,0.000,0.00
1777901185,loop26,0.00,0.00,0.000,0.000,0.00
1777901185,loop27,0.00,0.00,0.000,0.000,0.00
1777901185,loop28,0.00,0.00,0.000,0.000,0.00
1777901185,loop29,0.00,0.00,0.000,0.000,0.00
1777901185,loop3,0.00,0.00,0.000,0.000,0.00
1777901185,loop30,0.00,0.00,0.000,0.000,0.00
1777901185,loop31,0.00,0.00,0.000,0.000,0.00
1777901185,loop32,0.00,0.00,0.000,0.000,0.00
1777901185,loop33,0.00,0.00,0.000,0.000,0.00
1777901185,loop34,0.00,0.00,0.000,0.000,0.00
1777901185,loop35,0.00,0.00,0.000,0.000,0.00
1777901185,loop36,0.00,0.00,0.000,0.000,0.00
1777901185,loop37,0.00,0.00,0.000,0.000,0.00
1777901185,loop38,0.00,0.00,0.000,0.000,0.00
1777901185,loop39,0.00,0.00,0.000,0.000,0.00
1777901185,loop4,0.00,0.00,0.000,0.000,0.00
1777901185,loop40,0.00,0.00,0.000,0.000,0.00
1777901185,loop5,0.00,0.00,0.000,0.000,0.00
1777901185,loop6,0.00,0.00,0.000,0.000,0.00
1777901185,loop7,0.00,0.00,0.000,0.000,0.00
1777901185,loop8,0.00,0.00,0.000,0.000,0.00
1777901185,loop9,0.00,0.00,0.000,0.000,0.00
1777901185,nvme0n1,0.00,0.00,0.000,0.000,0.00
1777901186,loop0,0.00,0.00,0.000,0.000,0.00
1777901186,loop1,0.00,0.00,0.000,0.000,0.00
1777901186,loop10,0.00,0.00,0.000,0.000,0.00
1777901186,loop11,0.00,0.00,0.000,0.000,0.00
1777901186,loop12,0.00,0.00,0.000,0.000,0.00
1777901186,loop13,0.00,0.00,0.000,0.000,0.00
1777901186,loop14,0.00,0.00,0.000,0.000,0.00
1777901186,loop15,0.00,0.00,0.000,0.000,0.00
1777901186,loop16,0.00,0.00,0.000,0.000,0.00
1777901186,loop17,0.00,0.00,0.000,0.000,0.00
1777901186,loop18,0.00,0.00,0.000,0.000,0.00
1777901186,loop19,0.00,0.00,0.000,0.000,0.00
1777901186,loop2,0.00,0.00,0.000,0.000,0.00
1777901186,loop20,0.00,0.00,0.000,0.000,0.00
1777901186,loop21,0.00,0.00,0.000,0.000,0.00
1777901186,loop22,0.00,0.00,0.000,0.000,0.00
1777901186,loop23,0.00,0.00,0.000,0.000,0.00
1777901186,loop24,0.00,0.00,0.000,0.000,0.00
1777901186,loop25,0.00,0.00,0.000,0.000,0.00
1777901186,loop26,0.00,0.00,0.000,0.000,0.00
1777901186,loop27,0.00,0.00,0.000,0.000,0.00
1777901186,loop28,0.00,0.00,0.000,0.000,0.00
1777901186,loop29,0.00,0.00,0.000,0.000,0.00
1777901186,loop3,0.00,0.00,0.000,0.000,0.00
1777901186,loop30,0.00,0.00,0.000,0.000,0.00
1777901186,loop31,0.00,0.00,0.000,0.000,0.00
1777901186,loop32,0.00,0.00,0.000,0.000,0.00
1777901186,loop33,0.00,0.00,0.000,0.000,0.00
1777901186,loop34,0.00,0.00,0.000,0.000,0.00
1777901186,loop35,0.00,0.00,0.000,0.000,0.00
1777901186,loop36,0.00,0.00,0.000,0.000,0.00
1777901186,loop37,0.00,0.00,0.000,0.000,0.00
1777901186,loop38,0.00,0.00,0.000,0.000,0.00
1777901186,loop39,0.00,0.00,0.000,0.000,0.00
1777901186,loop4,0.00,0.00,0.000,0.000,0.00
1777901186,loop40,0.00,0.00,0.000,0.000,0.00
1777901186,loop5,0.00,0.00,0.000,0.000,0.00
1777901186,loop6,0.00,0.00,0.000,0.000,0.00
1777901186,loop7,0.00,0.00,0.000,0.000,0.00
1777901186,loop8,0.00,0.00,0.000,0.000,0.00
1777901186,loop9,0.00,0.00,0.000,0.000,0.00
1777901186,nvme0n1,0.00,0.00,0.000,0.000,0.00
1777901187,loop0,0.00,0.00,0.000,0.000,0.00
1777901187,loop1,0.00,0.00,0.000,0.000,0.00
1777901187,loop10,0.00,0.00,0.000,0.000,0.00
1777901187,loop11,0.00,0.00,0.000,0.000,0.00
1777901187,loop12,0.00,0.00,0.000,0.000,0.00
1777901187,loop13,0.00,0.00,0.000,0.000,0.00
1777901187,loop14,0.00,0.00,0.000,0.000,0.00
1777901187,loop15,0.00,0.00,0.000,0.000,0.00
1777901187,loop16,0.00,0.00,0.000,0.000,0.00
1777901187,loop17,0.00,0.00,0.000,0.000,0.00
1777901187,loop18,0.00,0.00,0.000,0.000,0.00
1777901187,loop19,0.00,0.00,0.000,0.000,0.00
1777901187,loop2,0.00,0.00,0.000,0.000,0.00
1777901187,loop20,0.00,0.00,0.000,0.000,0.00
1777901187,loop21,0.00,0.00,0.000,0.000,0.00
1777901187,loop22,0.00,0.00,0.000,0.000,0.00
1777901187,loop23,0.00,0.00,0.000,0.000,0.00
1777901187,loop24,0.00,0.00,0.000,0.000,0.00
1777901187,loop25,0.00,0.00,0.000,0.000,0.00
1777901187,loop26,0.00,0.00,0.000,0.000,0.00
1777901187,loop27,0.00,0.00,0.000,0.000,0.00
1777901187,loop28,0.00,0.00,0.000,0.000,0.00
1777901187,loop29,0.00,0.00,0.000,0.000,0.00
1777901187,loop3,0.00,0.00,0.000,0.000,0.00
1777901187,loop30,0.00,0.00,0.000,0.000,0.00
1777901187,loop31,0.00,0.00,0.000,0.000,0.00
1777901187,loop32,0.00,0.00,0.000,0.000,0.00
1777901187,loop33,0.00,0.00,0.000,0.000,0.00
1777901187,loop34,0.00,0.00,0.000,0.000,0.00
1777901187,loop35,0.00,0.00,0.000,0.000,0.00
1777901187,loop36,0.00,0.00,0.000,0.000,0.00
1777901187,loop37,0.00,0.00,0.000,0.000,0.00
1777901187,loop38,0.00,0.00,0.000,0.000,0.00
1777901187,loop39,0.00,0.00,0.000,0.000,0.00
1777901187,loop4,0.00,0.00,0.000,0.000,0.00
1777901187,loop40,0.00,0.00,0.000,0.000,0.00
1777901187,loop5,0.00,0.00,0.000,0.000,0.00
1777901187,loop6,0.00,0.00,0.000,0.000,0.00
1777901187,loop7,0.00,0.00,0.000,0.000,0.00
1777901187,loop8,0.00,0.00,0.000,0.000,0.00
1777901187,loop9,0.00,0.00,0.000,0.000,0.00
1777901187,nvme0n1,0.00,0.00,0.000,0.000,2.10
1777901188,loop0,0.00,0.00,0.000,0.000,0.00
1777901188,loop1,0.00,0.00,0.000,0.000,0.00
1777901188,loop10,0.00,0.00,0.000,0.000,0.00
1777901188,loop11,0.00,0.00,0.000,0.000,0.00
1777901188,loop12,0.00,0.00,0.000,0.000,0.00
1777901188,loop13,0.00,0.00,0.000,0.000,0.00
1777901188,loop14,0.00,0.00,0.000,0.000,0.00
1777901188,loop15,0.00,0.00,0.000,0.000,0.00
1777901188,loop16,0.00,0.00,0.000,0.000,0.00
1777901188,loop17,0.00,0.00,0.000,0.000,0.00
1777901188,loop18,0.00,0.00,0.000,0.000,0.00
1777901188,loop19,0.00,0.00,0.000,0.000,0.00
1777901188,loop2,0.00,0.00,0.000,0.000,0.00
1777901188,loop20,0.00,0.00,0.000,0.000,0.00
1777901188,loop21,0.00,0.00,0.000,0.000,0.00
1777901188,loop22,0.00,0.00,0.000,0.000,0.00
1777901188,loop23,0.00,0.00,0.000,0.000,0.00
1777901188,loop24,0.00,0.00,0.000,0.000,0.00
1777901188,loop25,0.00,0.00,0.000,0.000,0.00
1777901188,loop26,0.00,0.00,0.000,0.000,0.00
1777901188,loop27,0.00,0.00,0.000,0.000,0.00
1777901188,loop28,0.00,0.00,0.000,0.000,0.00
1777901188,loop29,0.00,0.00,0.000,0.000,0.00
1777901188,loop3,0.00,0.00,0.000,0.000,0.00
1777901188,loop30,0.00,0.00,0.000,0.000,0.00
1777901188,loop31,0.00,0.00,0.000,0.000,0.00
1777901188,loop32,0.00,0.00,0.000,0.000,0.00
1777901188,loop33,0.00,0.00,0.000,0.000,0.00
1777901188,loop34,0.00,0.00,0.000,0.000,0.00
1777901188,loop35,0.00,0.00,0.000,0.000,0.00
1777901188,loop36,0.00,0.00,0.000,0.000,0.00
1777901188,loop37,0.00,0.00,0.000,0.000,0.00
1777901188,loop38,0.00,0.00,0.000,0.000,0.00
1777901188,loop39,0.00,0.00,0.000,0.000,0.00
1777901188,loop4,0.00,0.00,0.000,0.000,0.00
1777901188,loop40,0.00,0.00,0.000,0.000,0.00
1777901188,loop5,0.00,0.00,0.000,0.000,0.00
1777901188,loop6,0.00,0.00,0.000,0.000,0.00
1777901188,loop7,0.00,0.00,0.000,0.000,0.00
1777901188,loop8,0.00,0.00,0.000,0.000,0.00
1777901188,loop9,0.00,0.00,0.000,0.000,0.00
1777901188,nvme0n1,0.00,0.00,0.000,0.000,0.00
1777901189,loop0,0.00,0.00,0.000,0.000,0.00
1777901189,loop1,0.00,0.00,0.000,0.000,0.00
1777901189,loop10,0.00,0.00,0.000,0.000,0.00
1777901189,loop11,0.00,0.00,0.000,0.000,0.00
1777901189,loop12,0.00,0.00,0.000,0.000,0.00
1777901189,loop13,0.00,0.00,0.000,0.000,0.00
1777901189,loop14,0.00,0.00,0.000,0.000,0.00
1777901189,loop15,0.00,0.00,0.000,0.000,0.00
1777901189,loop16,0.00,0.00,0.000,0.000,0.00
1777901189,loop17,0.00,0.00,0.000,0.000,0.00
1777901189,loop18,0.00,0.00,0.000,0.000,0.00
1777901189,loop19,0.00,0.00,0.000,0.000,0.00
1777901189,loop2,0.00,0.00,0.000,0.000,0.00
1777901189,loop20,0.00,0.00,0.000,0.000,0.00
1777901189,loop21,0.00,0.00,0.000,0.000,0.00
1777901189,loop22,0.00,0.00,0.000,0.000,0.00
1777901189,loop23,0.00,0.00,0.000,0.000,0.00
1777901189,loop24,0.00,0.00,0.000,0.000,0.00
1777901189,loop25,0.00,0.00,0.000,0.000,0.00
1777901189,loop26,0.00,0.00,0.000,0.000,0.00
1777901189,loop27,0.00,0.00,0.000,0.000,0.00
1777901189,loop28,0.00,0.00,0.000,0.000,0.00
1777901189,loop29,0.00,0.00,0.000,0.000,0.00
1777901189,loop3,0.00,0.00,0.000,0.000,0.00
1777901189,loop30,0.00,0.00,0.000,0.000,0.00
1777901189,loop31,0.00,0.00,0.000,0.000,0.00
1777901189,loop32,0.00,0.00,0.000,0.000,0.00
1777901189,loop33,0.00,0.00,0.000,0.000,0.00
1777901189,loop34,0.00,0.00,0.000,0.000,0.00
1777901189,loop35,0.00,0.00,0.000,0.000,0.00
1777901189,loop36,0.00,0.00,0.000,0.000,0.00
1777901189,loop37,0.00,0.00,0.000,0.000,0.00
1777901189,loop38,0.00,0.00,0.000,0.000,0.00
1777901189,loop39,0.00,0.00,0.000,0.000,0.00
1777901189,loop4,0.00,0.00,0.000,0.000,0.00
1777901189,loop40,0.00,0.00,0.000,0.000,0.00
1777901189,loop5,0.00,0.00,0.000,0.000,0.00
1777901189,loop6,0.00,0.00,0.000,0.000,0.00
1777901189,loop7,0.00,0.00,0.000,0.000,0.00
1777901189,loop8,0.00,0.00,0.000,0.000,0.00
1777901189,loop9,0.00,0.00,0.000,0.000,0.00
1777901189,nvme0n1,0.00,0.00,0.000,0.000,5.30
1777901190,loop0,0.00,0.00,0.000,0.000,0.00
1777901190,loop1,0.00,0.00,0.000,0.000,0.00
1777901190,loop10,0.00,0.00,0.000,0.000,0.00
1777901190,loop11,0.00,0.00,0.000,0.000,0.00
1777901190,loop12,0.00,0.00,0.000,0.000,0.00
1777901190,loop13,0.00,0.00,0.000,0.000,0.00
1777901190,loop14,0.00,0.00,0.000,0.000,0.00
1777901190,loop15,0.00,0.00,0.000,0.000,0.00
1777901190,loop16,0.00,0.00,0.000,0.000,0.00
1777901190,loop17,0.00,0.00,0.000,0.000,0.00
1777901190,loop18,0.00,0.00,0.000,0.000,0.00
1777901190,loop19,0.00,0.00,0.000,0.000,0.00
1777901190,loop2,0.00,0.00,0.000,0.000,0.00
1777901190,loop20,0.00,0.00,0.000,0.000,0.00
1777901190,loop21,0.00,0.00,0.000,0.000,0.00
1777901190,loop22,0.00,0.00,0.000,0.000,0.00
1777901190,loop23,0.00,0.00,0.000,0.000,0.00
1777901190,loop24,0.00,0.00,0.000,0.000,0.00
1777901190,loop25,0.00,0.00,0.000,0.000,0.00
1777901190,loop26,0.00,0.00,0.000,0.000,0.00
1777901190,loop27,0.00,0.00,0.000,0.000,0.00
1777901190,loop28,0.00,0.00,0.000,0.000,0.00
1777901190,loop29,0.00,0.00,0.000,0.000,0.00
1777901190,loop3,0.00,0.00,0.000,0.000,0.00
1777901190,loop30,0.00,0.00,0.000,0.000,0.00
1777901190,loop31,0.00,0.00,0.000,0.000,0.00
1777901190,loop32,0.00,0.00,0.000,0.000,0.00
1777901190,loop33,0.00,0.00,0.000,0.000,0.00
1777901190,loop34,0.00,0.00,0.000,0.000,0.00
1777901190,loop35,0.00,0.00,0.000,0.000,0.00
1777901190,loop36,0.00,0.00,0.000,0.000,0.00
1777901190,loop37,0.00,0.00,0.000,0.000,0.00
1777901190,loop38,0.00,0.00,0.000,0.000,0.00
1777901190,loop39,0.00,0.00,0.000,0.000,0.00
1777901190,loop4,0.00,0.00,0.000,0.000,0.00
1777901190,loop40,0.00,0.00,0.000,0.000,0.00
1777901190,loop5,0.00,0.00,0.000,0.000,0.00
1777901190,loop6,0.00,0.00,0.000,0.000,0.00
1777901190,loop7,0.00,0.00,0.000,0.000,0.00
1777901190,loop8,0.00,0.00,0.000,0.000,0.00
1777901190,loop9,0.00,0.00,0.000,0.000,0.00
1777901190,nvme0n1,0.00,0.00,0.000,0.000,0.00
1777901191,loop0,0.00,0.00,0.000,0.000,0.00
1777901191,loop1,0.00,0.00,0.000,0.000,0.00
1777901191,loop10,0.00,0.00,0.000,0.000,0.00
1777901191,loop11,0.00,0.00,0.000,0.000,0.00
1777901191,loop12,0.00,0.00,0.000,0.000,0.00
1777901191,loop13,0.00,0.00,0.000,0.000,0.00
1777901191,loop14,0.00,0.00,0.000,0.000,0.00
1777901191,loop15,0.00,0.00,0.000,0.000,0.00
1777901191,loop16,0.00,0.00,0.000,0.000,0.00
1777901191,loop17,0.00,0.00,0.000,0.000,0.00
1777901191,loop18,0.00,0.00,0.000,0.000,0.00
1777901191,loop19,0.00,0.00,0.000,0.000,0.00
1777901191,loop2,0.00,0.00,0.000,0.000,0.00
1777901191,loop20,0.00,0.00,0.000,0.000,0.00
1777901191,loop21,0.00,0.00,0.000,0.000,0.00
1777901191,loop22,0.00,0.00,0.000,0.000,0.00
1777901191,loop23,0.00,0.00,0.000,0.000,0.00
1777901191,loop24,0.00,0.00,0.000,0.000,0.00
1777901191,loop25,0.00,0.00,0.000,0.000,0.00
1777901191,loop26,0.00,0.00,0.000,0.000,0.00
1777901191,loop27,0.00,0.00,0.000,0.000,0.00
1777901191,loop28,0.00,0.00,0.000,0.000,0.00
1777901191,loop29,0.00,0.00,0.000,0.000,0.00
1777901191,loop3,0.00,0.00,0.000,0.000,0.00
1777901191,loop30,0.00,0.00,0.000,0.000,0.00
1777901191,loop31,0.00,0.00,0.000,0.000,0.00
1777901191,loop32,0.00,0.00,0.000,0.000,0.00
1777901191,loop33,0.00,0.00,0.000,0.000,0.00
1777901191,loop34,0.00,0.00,0.000,0.000,0.00
1777901191,loop35,0.00,0.00,0.000,0.000,0.00
1777901191,loop36,0.00,0.00,0.000,0.000,0.00
1777901191,loop37,0.00,0.00,0.000,0.000,0.00
1777901191,loop38,0.00,0.00,0.000,0.000,0.00
1777901191,loop39,0.00,0.00,0.000,0.000,0.00
1777901191,loop4,0.00,0.00,0.000,0.000,0.00
1777901191,loop40,0.00,0.00,0.000,0.000,0.00
1777901191,loop5,0.00,0.00,0.000,0.000,0.00
1777901191,loop6,0.00,0.00,0.000,0.000,0.00
1777901191,loop7,0.00,0.00,0.000,0.000,0.00
1777901191,loop8,0.00,0.00,0.000,0.000,0.00
1777901191,loop9,0.00,0.00,0.000,0.000,0.00
1777901191,nvme0n1,0.00,0.00,0.000,0.000,0.00
1777901192,loop0,0.00,0.00,0.000,0.000,0.00
1777901192,loop1,0.00,0.00,0.000,0.000,0.00
1777901192,loop10,0.00,0.00,0.000,0.000,0.00
1777901192,loop11,0.00,0.00,0.000,0.000,0.00
1777901192,loop12,0.00,0.00,0.000,0.000,0.00
1777901192,loop13,0.00,0.00,0.000,0.000,0.00
1777901192,loop14,0.00,0.00,0.000,0.000,0.00
1777901192,loop15,0.00,0.00,0.000,0.000,0.00
1777901192,loop16,0.00,0.00,0.000,0.000,0.00
1777901192,loop17,0.00,0.00,0.000,0.000,0.00
1777901192,loop18,0.00,0.00,0.000,0.000,0.00
1777901192,loop19,0.00,0.00,0.000,0.000,0.00
1777901192,loop2,0.00,0.00,0.000,0.000,0.00
1777901192,loop20,0.00,0.00,0.000,0.000,0.00
1777901192,loop21,0.00,0.00,0.000,0.000,0.00
1777901192,loop22,0.00,0.00,0.000,0.000,0.00
1777901192,loop23,0.00,0.00,0.000,0.000,0.00
1777901192,loop24,0.00,0.00,0.000,0.000,0.00
1777901192,loop25,0.00,0.00,0.000,0.000,0.00
1777901192,loop26,0.00,0.00,0.000,0.000,0.00
1777901192,loop27,0.00,0.00,0.000,0.000,0.00
1777901192,loop28,0.00,0.00,0.000,0.000,0.00
1777901192,loop29,0.00,0.00,0.000,0.000,0.00
1777901192,loop3,0.00,0.00,0.000,0.000,0.00
1777901192,loop30,0.00,0.00,0.000,0.000,0.00
1777901192,loop31,0.00,0.00,0.000,0.000,0.00
1777901192,loop32,0.00,0.00,0.000,0.000,0.00
1777901192,loop33,0.00,0.00,0.000,0.000,0.00
1777901192,loop34,0.00,0.00,0.000,0.000,0.00
1777901192,loop35,0.00,0.00,0.000,0.000,0.00
1777901192,loop36,0.00,0.00,0.000,0.000,0.00
1777901192,loop37,0.00,0.00,0.000,0.000,0.00
1777901192,loop38,0.00,0.00,0.000,0.000,0.00
1777901192,loop39,0.00,0.00,0.000,0.000,0.00
1777901192,loop4,0.00,0.00,0.000,0.000,0.00
1777901192,loop40,0.00,0.00,0.000,0.000,0.00
1777901192,loop5,0.00,0.00,0.000,0.000,0.00
1777901192,loop6,0.00,0.00,0.000,0.000,0.00
1777901192,loop7,0.00,0.00,0.000,0.000,0.00
1777901192,loop8,0.00,0.00,0.000,0.000,0.00
1777901192,loop9,0.00,0.00,0.000,0.000,0.00
1777901192,nvme0n1,0.00,0.00,0.000,0.000,4.90
1777901193,loop0,0.00,0.00,0.000,0.000,0.00
1777901193,loop1,0.00,0.00,0.000,0.000,0.00
1777901193,loop10,0.00,0.00,0.000,0.000,0.00
1777901193,loop11,0.00,0.00,0.000,0.000,0.00
1777901193,loop12,0.00,0.00,0.000,0.000,0.00
1777901193,loop13,0.00,0.00,0.000,0.000,0.00
1777901193,loop14,0.00,0.00,0.000,0.000,0.00
1777901193,loop15,0.00,0.00,0.000,0.000,0.00
1777901193,loop16,0.00,0.00,0.000,0.000,0.00
1777901193,loop17,0.00,0.00,0.000,0.000,0.00
1777901193,loop18,0.00,0.00,0.000,0.000,0.00
1777901193,loop19,0.00,0.00,0.000,0.000,0.00
1777901193,loop2,0.00,0.00,0.000,0.000,0.00
1777901193,loop20,0.00,0.00,0.000,0.000,0.00
1777901193,loop21,0.00,0.00,0.000,0.000,0.00
1777901193,loop22,0.00,0.00,0.000,0.000,0.00
1777901193,loop23,0.00,0.00,0.000,0.000,0.00
1777901193,loop24,0.00,0.00,0.000,0.000,0.00
1777901193,loop25,0.00,0.00,0.000,0.000,0.00
1777901193,loop26,0.00,0.00,0.000,0.000,0.00
1777901193,loop27,0.00,0.00,0.000,0.000,0.00
1777901193,loop28,0.00,0.00,0.000,0.000,0.00
1777901193,loop29,0.00,0.00,0.000,0.000,0.00
1777901193,loop3,0.00,0.00,0.000,0.000,0.00
1777901193,loop30,0.00,0.00,0.000,0.000,0.00
1777901193,loop31,0.00,0.00,0.000,0.000,0.00
1777901193,loop32,0.00,0.00,0.000,0.000,0.00
1777901193,loop33,0.00,0.00,0.000,0.000,0.00
1777901193,loop34,0.00,0.00,0.000,0.000,0.00
1777901193,loop35,0.00,0.00,0.000,0.000,0.00
1777901193,loop36,0.00,0.00,0.000,0.000,0.00
1777901193,loop37,0.00,0.00,0.000,0.000,0.00
1777901193,loop38,0.00,0.00,0.000,0.000,0.00
1777901193,loop39,0.00,0.00,0.000,0.000,0.00
1777901193,loop4,0.00,0.00,0.000,0.000,0.00
1777901193,loop40,0.00,0.00,0.000,0.000,0.00
1777901193,loop5,0.00,0.00,0.000,0.000,0.00
1777901193,loop6,0.00,0.00,0.000,0.000,0.00
1777901193,loop7,0.00,0.00,0.000,0.000,0.00
1777901193,loop8,0.00,0.00,0.000,0.000,0.00
1777901193,loop9,0.00,0.00,0.000,0.000,0.00
1777901193,nvme0n1,2.00,36.00,0.000,0.000,1.10
1777901194,loop0,0.00,0.00,0.000,0.000,0.00
1777901194,loop1,0.00,0.00,0.000,0.000,0.00
1777901194,loop10,0.00,0.00,0.000,0.000,0.00
1777901194,loop11,0.00,0.00,0.000,0.000,0.00
1777901194,loop12,0.00,0.00,0.000,0.000,0.00
1777901194,loop13,0.00,0.00,0.000,0.000,0.00
1777901194,loop14,0.00,0.00,0.000,0.000,0.00
1777901194,loop15,0.00,0.00,0.000,0.000,0.00
1777901194,loop16,0.00,0.00,0.000,0.000,0.00
1777901194,loop17,0.00,0.00,0.000,0.000,0.00
1777901194,loop18,0.00,0.00,0.000,0.000,0.00
1777901194,loop19,0.00,0.00,0.000,0.000,0.00
1777901194,loop2,0.00,0.00,0.000,0.000,0.00
1777901194,loop20,0.00,0.00,0.000,0.000,0.00
1777901194,loop21,0.00,0.00,0.000,0.000,0.00
1777901194,loop22,0.00,0.00,0.000,0.000,0.00
1777901194,loop23,0.00,0.00,0.000,0.000,0.00
1777901194,loop24,0.00,0.00,0.000,0.000,0.00
1777901194,loop25,0.00,0.00,0.000,0.000,0.00
1777901194,loop26,0.00,0.00,0.000,0.000,0.00
1777901194,loop27,0.00,0.00,0.000,0.000,0.00
1777901194,loop28,0.00,0.00,0.000,0.000,0.00
1777901194,loop29,0.00,0.00,0.000,0.000,0.00
1777901194,loop3,0.00,0.00,0.000,0.000,0.00
1777901194,loop30,0.00,0.00,0.000,0.000,0.00
1777901194,loop31,0.00,0.00,0.000,0.000,0.00
1777901194,loop32,0.00,0.00,0.000,0.000,0.00
1777901194,loop33,0.00,0.00,0.000,0.000,0.00
1777901194,loop34,0.00,0.00,0.000,0.000,0.00
1777901194,loop35,0.00,0.00,0.000,0.000,0.00
1777901194,loop36,0.00,0.00,0.000,0.000,0.00
1777901194,loop37,0.00,0.00,0.000,0.000,0.00
1777901194,loop38,0.00,0.00,0.000,0.000,0.00
1777901194,loop39,0.00,0.00,0.000,0.000,0.00
1777901194,loop4,0.00,0.00,0.000,0.000,0.00
1777901194,loop40,0.00,0.00,0.000,0.000,0.00
1777901194,loop5,0.00,0.00,0.000,0.000,0.00
1777901194,loop6,0.00,0.00,0.000,0.000,0.00
1777901194,loop7,0.00,0.00,0.000,0.000,0.00
1777901194,loop8,0.00,0.00,0.000,0.000,0.00
1777901194,loop9,0.00,0.00,0.000,0.000,0.00
1777901194,nvme0n1,12.00,80.00,0.001,0.008,2.40
1777901195,loop0,0.00,0.00,0.000,0.000,0.00
1777901195,loop1,0.00,0.00,0.000,0.000,0.00
1777901195,loop10,0.00,0.00,0.000,0.000,0.00
1777901195,loop11,0.00,0.00,0.000,0.000,0.00
1777901195,loop12,0.00,0.00,0.000,0.000,0.00
1777901195,loop13,0.00,0.00,0.000,0.000,0.00
1777901195,loop14,0.00,0.00,0.000,0.000,0.00
1777901195,loop15,0.00,0.00,0.000,0.000,0.00
1777901195,loop16,0.00,0.00,0.000,0.000,0.00
1777901195,loop17,0.00,0.00,0.000,0.000,0.00
1777901195,loop18,0.00,0.00,0.000,0.000,0.00
1777901195,loop19,0.00,0.00,0.000,0.000,0.00
1777901195,loop2,0.00,0.00,0.000,0.000,0.00
1777901195,loop20,0.00,0.00,0.000,0.000,0.00
1777901195,loop21,0.00,0.00,0.000,0.000,0.00
1777901195,loop22,0.00,0.00,0.000,0.000,0.00
1777901195,loop23,0.00,0.00,0.000,0.000,0.00
1777901195,loop24,0.00,0.00,0.000,0.000,0.00
1777901195,loop25,0.00,0.00,0.000,0.000,0.00
1777901195,loop26,0.00,0.00,0.000,0.000,0.00
1777901195,loop27,0.00,0.00,0.000,0.000,0.00
1777901195,loop28,0.00,0.00,0.000,0.000,0.00
1777901195,loop29,0.00,0.00,0.000,0.000,0.00
1777901195,loop3,0.00,0.00,0.000,0.000,0.00
1777901195,loop30,0.00,0.00,0.000,0.000,0.00
1777901195,loop31,0.00,0.00,0.000,0.000,0.00
1777901195,loop32,0.00,0.00,0.000,0.000,0.00
1777901195,loop33,0.00,0.00,0.000,0.000,0.00
1777901195,loop34,0.00,0.00,0.000,0.000,0.00
1777901195,loop35,0.00,0.00,0.000,0.000,0.00
1777901195,loop36,0.00,0.00,0.000,0.000,0.00
1777901195,loop37,0.00,0.00,0.000,0.000,0.00
1777901195,loop38,0.00,0.00,0.000,0.000,0.00
1777901195,loop39,0.00,0.00,0.000,0.000,0.00
1777901195,loop4,0.00,0.00,0.000,0.000,0.00
1777901195,loop40,0.00,0.00,0.000,0.000,0.00
1777901195,loop5,0.00,0.00,0.000,0.000,0.00
1777901195,loop6,0.00,0.00,0.000,0.000,0.00
1777901195,loop7,0.00,0.00,0.000,0.000,0.00
1777901195,loop8,0.00,0.00,0.000,0.000,0.00
1777901195,loop9,0.00,0.00,0.000,0.000,0.00
1777901195,nvme0n1,0.00,0.00,0.000,0.000,0.20
1777901196,loop0,0.00,0.00,0.000,0.000,0.00
1777901196,loop1,0.00,0.00,0.000,0.000,0.00
1777901196,loop10,0.00,0.00,0.000,0.000,0.00
1777901196,loop11,0.00,0.00,0.000,0.000,0.00
1777901196,loop12,0.00,0.00,0.000,0.000,0.00
1777901196,loop13,0.00,0.00,0.000,0.000,0.00
1777901196,loop14,0.00,0.00,0.000,0.000,0.00
1777901196,loop15,0.00,0.00,0.000,0.000,0.00
1777901196,loop16,0.00,0.00,0.000,0.000,0.00
1777901196,loop17,0.00,0.00,0.000,0.000,0.00
1777901196,loop18,0.00,0.00,0.000,0.000,0.00
1777901196,loop19,0.00,0.00,0.000,0.000,0.00
1777901196,loop2,0.00,0.00,0.000,0.000,0.00
1777901196,loop20,0.00,0.00,0.000,0.000,0.00
1777901196,loop21,0.00,0.00,0.000,0.000,0.00
1777901196,loop22,0.00,0.00,0.000,0.000,0.00
1777901196,loop23,0.00,0.00,0.000,0.000,0.00
1777901196,loop24,0.00,0.00,0.000,0.000,0.00
1777901196,loop25,0.00,0.00,0.000,0.000,0.00
1777901196,loop26,0.00,0.00,0.000,0.000,0.00
1777901196,loop27,0.00,0.00,0.000,0.000,0.00
1777901196,loop28,0.00,0.00,0.000,0.000,0.00
1777901196,loop29,0.00,0.00,0.000,0.000,0.00
1777901196,loop3,0.00,0.00,0.000,0.000,0.00
1777901196,loop30,0.00,0.00,0.000,0.000,0.00
1777901196,loop31,0.00,0.00,0.000,0.000,0.00
1777901196,loop32,0.00,0.00,0.000,0.000,0.00
1777901196,loop33,0.00,0.00,0.000,0.000,0.00
1777901196,loop34,0.00,0.00,0.000,0.000,0.00
1777901196,loop35,0.00,0.00,0.000,0.000,0.00
1777901196,loop36,0.00,0.00,0.000,0.000,0.00
1777901196,loop37,0.00,0.00,0.000,0.000,0.00
1777901196,loop38,0.00,0.00,0.000,0.000,0.00
1777901196,loop39,0.00,0.00,0.000,0.000,0.00
1777901196,loop4,0.00,0.00,0.000,0.000,0.00
1777901196,loop40,0.00,0.00,0.000,0.000,0.00
1777901196,loop5,0.00,0.00,0.000,0.000,0.00
1777901196,loop6,0.00,0.00,0.000,0.000,0.00
1777901196,loop7,0.00,0.00,0.000,0.000,0.00
1777901196,loop8,0.00,0.00,0.000,0.000,0.00
1777901196,loop9,0.00,0.00,0.000,0.000,0.00
1777901196,nvme0n1,0.00,0.00,0.000,0.000,1.10
1777901197,loop0,0.00,0.00,0.000,0.000,0.00
1777901197,loop1,0.00,0.00,0.000,0.000,0.00
1777901197,loop10,0.00,0.00,0.000,0.000,0.00
1777901197,loop11,0.00,0.00,0.000,0.000,0.00
1777901197,loop12,0.00,0.00,0.000,0.000,0.00
1777901197,loop13,0.00,0.00,0.000,0.000,0.00
1777901197,loop14,0.00,0.00,0.000,0.000,0.00
1777901197,loop15,0.00,0.00,0.000,0.000,0.00
1777901197,loop16,0.00,0.00,0.000,0.000,0.00
1777901197,loop17,0.00,0.00,0.000,0.000,0.00
1777901197,loop18,0.00,0.00,0.000,0.000,0.00
1777901197,loop19,0.00,0.00,0.000,0.000,0.00
1777901197,loop2,0.00,0.00,0.000,0.000,0.00
1777901197,loop20,0.00,0.00,0.000,0.000,0.00
1777901197,loop21,0.00,0.00,0.000,0.000,0.00
1777901197,loop22,0.00,0.00,0.000,0.000,0.00
1777901197,loop23,0.00,0.00,0.000,0.000,0.00
1777901197,loop24,0.00,0.00,0.000,0.000,0.00
1777901197,loop25,0.00,0.00,0.000,0.000,0.00
1777901197,loop26,0.00,0.00,0.000,0.000,0.00
1777901197,loop27,0.00,0.00,0.000,0.000,0.00
1777901197,loop28,0.00,0.00,0.000,0.000,0.00
1777901197,loop29,0.00,0.00,0.000,0.000,0.00
1777901197,loop3,0.00,0.00,0.000,0.000,0.00
1777901197,loop30,0.00,0.00,0.000,0.000,0.00
1777901197,loop31,0.00,0.00,0.000,0.000,0.00
1777901197,loop32,0.00,0.00,0.000,0.000,0.00
1777901197,loop33,0.00,0.00,0.000,0.000,0.00
1777901197,loop34,0.00,0.00,0.000,0.000,0.00
1777901197,loop35,0.00,0.00,0.000,0.000,0.00
1777901197,loop36,0.00,0.00,0.000,0.000,0.00
1777901197,loop37,0.00,0.00,0.000,0.000,0.00
1777901197,loop38,0.00,0.00,0.000,0.000,0.00
1777901197,loop39,0.00,0.00,0.000,0.000,0.00
1777901197,loop4,0.00,0.00,0.000,0.000,0.00
1777901197,loop40,0.00,0.00,0.000,0.000,0.00
1777901197,loop5,0.00,0.00,0.000,0.000,0.00
1777901197,loop6,0.00,0.00,0.000,0.000,0.00
1777901197,loop7,0.00,0.00,0.000,0.000,0.00
1777901197,loop8,0.00,0.00,0.000,0.000,0.00
1777901197,loop9,0.00,0.00,0.000,0.000,0.00
1777901197,nvme0n1,0.00,0.00,0.000,0.000,0.80
1777901198,loop0,0.00,0.00,0.000,0.000,0.00
1777901198,loop1,0.00,0.00,0.000,0.000,0.00
1777901198,loop10,0.00,0.00,0.000,0.000,0.00
1777901198,loop11,0.00,0.00,0.000,0.000,0.00
1777901198,loop12,0.00,0.00,0.000,0.000,0.00
1777901198,loop13,0.00,0.00,0.000,0.000,0.00
1777901198,loop14,0.00,0.00,0.000,0.000,0.00
1777901198,loop15,0.00,0.00,0.000,0.000,0.00
1777901198,loop16,0.00,0.00,0.000,0.000,0.00
1777901198,loop17,0.00,0.00,0.000,0.000,0.00
1777901198,loop18,0.00,0.00,0.000,0.000,0.00
1777901198,loop19,0.00,0.00,0.000,0.000,0.00
1777901198,loop2,0.00,0.00,0.000,0.000,0.00
1777901198,loop20,0.00,0.00,0.000,0.000,0.00
1777901198,loop21,0.00,0.00,0.000,0.000,0.00
1777901198,loop22,0.00,0.00,0.000,0.000,0.00
1777901198,loop23,0.00,0.00,0.000,0.000,0.00
1777901198,loop24,0.00,0.00,0.000,0.000,0.00
1777901198,loop25,0.00,0.00,0.000,0.000,0.00
1777901198,loop26,0.00,0.00,0.000,0.000,0.00
1777901198,loop27,0.00,0.00,0.000,0.000,0.00
1777901198,loop28,0.00,0.00,0.000,0.000,0.00
1777901198,loop29,0.00,0.00,0.000,0.000,0.00
1777901198,loop3,0.00,0.00,0.000,0.000,0.00
1777901198,loop30,0.00,0.00,0.000,0.000,0.00
1777901198,loop31,0.00,0.00,0.000,0.000,0.00
1777901198,loop32,0.00,0.00,0.000,0.000,0.00
1777901198,loop33,0.00,0.00,0.000,0.000,0.00
1777901198,loop34,0.00,0.00,0.000,0.000,0.00
1777901198,loop35,0.00,0.00,0.000,0.000,0.00
1777901198,loop36,0.00,0.00,0.000,0.000,0.00
1777901198,loop37,0.00,0.00,0.000,0.000,0.00
1777901198,loop38,0.00,0.00,0.000,0.000,0.00
1777901198,loop39,0.00,0.00,0.000,0.000,0.00
1777901198,loop4,0.00,0.00,0.000,0.000,0.00
1777901198,loop40,0.00,0.00,0.000,0.000,0.00
1777901198,loop5,0.00,0.00,0.000,0.000,0.00
1777901198,loop6,0.00,0.00,0.000,0.000,0.00
1777901198,loop7,0.00,0.00,0.000,0.000,0.00
1777901198,loop8,0.00,0.00,0.000,0.000,0.00
1777901198,loop9,0.00,0.00,0.000,0.000,0.00
1777901198,nvme0n1,0.00,0.00,0.000,0.000,0.90
1777901199,loop0,0.00,0.00,0.000,0.000,0.00
1777901199,loop1,0.00,0.00,0.000,0.000,0.00
1777901199,loop10,0.00,0.00,0.000,0.000,0.00
1777901199,loop11,0.00,0.00,0.000,0.000,0.00
1777901199,loop12,0.00,0.00,0.000,0.000,0.00
1777901199,loop13,0.00,0.00,0.000,0.000,0.00
1777901199,loop14,0.00,0.00,0.000,0.000,0.00
1777901199,loop15,0.00,0.00,0.000,0.000,0.00
1777901199,loop16,0.00,0.00,0.000,0.000,0.00
1777901199,loop17,0.00,0.00,0.000,0.000,0.00
1777901199,loop18,0.00,0.00,0.000,0.000,0.00
1777901199,loop19,0.00,0.00,0.000,0.000,0.00
1777901199,loop2,0.00,0.00,0.000,0.000,0.00
1777901199,loop20,0.00,0.00,0.000,0.000,0.00
1777901199,loop21,0.00,0.00,0.000,0.000,0.00
1777901199,loop22,0.00,0.00,0.000,0.000,0.00
1777901199,loop23,0.00,0.00,0.000,0.000,0.00
1777901199,loop24,0.00,0.00,0.000,0.000,0.00
1777901199,loop25,0.00,0.00,0.000,0.000,0.00
1777901199,loop26,0.00,0.00,0.000,0.000,0.00
1777901199,loop27,0.00,0.00,0.000,0.000,0.00
1777901199,loop28,0.00,0.00,0.000,0.000,0.00
1777901199,loop29,0.00,0.00,0.000,0.000,0.00
1777901199,loop3,0.00,0.00,0.000,0.000,0.00
1777901199,loop30,0.00,0.00,0.000,0.000,0.00
1777901199,loop31,0.00,0.00,0.000,0.000,0.00
1777901199,loop32,0.00,0.00,0.000,0.000,0.00
1777901199,loop33,0.00,0.00,0.000,0.000,0.00
1777901199,loop34,0.00,0.00,0.000,0.000,0.00
1777901199,loop35,0.00,0.00,0.000,0.000,0.00
1777901199,loop36,0.00,0.00,0.000,0.000,0.00
1777901199,loop37,0.00,0.00,0.000,0.000,0.00
1777901199,loop38,0.00,0.00,0.000,0.000,0.00
1777901199,loop39,0.00,0.00,0.000,0.000,0.00
1777901199,loop4,0.00,0.00,0.000,0.000,0.00
1777901199,loop40,0.00,0.00,0.000,0.000,0.00
1777901199,loop5,0.00,0.00,0.000,0.000,0.00
1777901199,loop6,0.00,0.00,0.000,0.000,0.00
1777901199,loop7,0.00,0.00,0.000,0.000,0.00
1777901199,loop8,0.00,0.00,0.000,0.000,0.00
1777901199,loop9,0.00,0.00,0.000,0.000,0.00
1777901199,nvme0n1,4.00,16.00,0.000,0.000,0.20
1777901200,loop0,0.00,0.00,0.000,0.000,0.00
1777901200,loop1,0.00,0.00,0.000,0.000,0.00
1777901200,loop10,0.00,0.00,0.000,0.000,0.00
1777901200,loop11,0.00,0.00,0.000,0.000,0.00
1777901200,loop12,0.00,0.00,0.000,0.000,0.00
1777901200,loop13,0.00,0.00,0.000,0.000,0.00
1777901200,loop14,0.00,0.00,0.000,0.000,0.00
1777901200,loop15,0.00,0.00,0.000,0.000,0.00
1777901200,loop16,0.00,0.00,0.000,0.000,0.00
1777901200,loop17,0.00,0.00,0.000,0.000,0.00
1777901200,loop18,0.00,0.00,0.000,0.000,0.00
1777901200,loop19,0.00,0.00,0.000,0.000,0.00
1777901200,loop2,0.00,0.00,0.000,0.000,0.00
1777901200,loop20,0.00,0.00,0.000,0.000,0.00
1777901200,loop21,0.00,0.00,0.000,0.000,0.00
1777901200,loop22,0.00,0.00,0.000,0.000,0.00
1777901200,loop23,0.00,0.00,0.000,0.000,0.00
1777901200,loop24,0.00,0.00,0.000,0.000,0.00
1777901200,loop25,0.00,0.00,0.000,0.000,0.00
1777901200,loop26,0.00,0.00,0.000,0.000,0.00
1777901200,loop27,0.00,0.00,0.000,0.000,0.00
1777901200,loop28,0.00,0.00,0.000,0.000,0.00
1777901200,loop29,0.00,0.00,0.000,0.000,0.00
1777901200,loop3,0.00,0.00,0.000,0.000,0.00
1777901200,loop30,0.00,0.00,0.000,0.000,0.00
1777901200,loop31,0.00,0.00,0.000,0.000,0.00
1777901200,loop32,0.00,0.00,0.000,0.000,0.00
1777901200,loop33,0.00,0.00,0.000,0.000,0.00
1777901200,loop34,0.00,0.00,0.000,0.000,0.00
1777901200,loop35,0.00,0.00,0.000,0.000,0.00
1777901200,loop36,0.00,0.00,0.000,0.000,0.00
1777901200,loop37,0.00,0.00,0.000,0.000,0.00
1777901200,loop38,0.00,0.00,0.000,0.000,0.00
1777901200,loop39,0.00,0.00,0.000,0.000,0.00
1777901200,loop4,0.00,0.00,0.000,0.000,0.00
1777901200,loop40,0.00,0.00,0.000,0.000,0.00
1777901200,loop5,0.00,0.00,0.000,0.000,0.00
1777901200,loop6,0.00,0.00,0.000,0.000,0.00
1777901200,loop7,0.00,0.00,0.000,0.000,0.00
1777901200,loop8,0.00,0.00,0.000,0.000,0.00
1777901200,loop9,0.00,0.00,0.000,0.000,0.00
1777901200,nvme0n1,0.00,0.00,0.000,0.000,0.00
1777901201,loop0,0.00,0.00,0.000,0.000,0.00
1777901201,loop1,0.00,0.00,0.000,0.000,0.00
1777901201,loop10,0.00,0.00,0.000,0.000,0.00
1777901201,loop11,0.00,0.00,0.000,0.000,0.00
1777901201,loop12,0.00,0.00,0.000,0.000,0.00
1777901201,loop13,0.00,0.00,0.000,0.000,0.00
1777901201,loop14,0.00,0.00,0.000,0.000,0.00
1777901201,loop15,0.00,0.00,0.000,0.000,0.00
1777901201,loop16,0.00,0.00,0.000,0.000,0.00
1777901201,loop17,0.00,0.00,0.000,0.000,0.00
1777901201,loop18,0.00,0.00,0.000,0.000,0.00
1777901201,loop19,0.00,0.00,0.000,0.000,0.00
1777901201,loop2,0.00,0.00,0.000,0.000,0.00
1777901201,loop20,0.00,0.00,0.000,0.000,0.00
1777901201,loop21,0.00,0.00,0.000,0.000,0.00
1777901201,loop22,0.00,0.00,0.000,0.000,0.00
1777901201,loop23,0.00,0.00,0.000,0.000,0.00
1777901201,loop24,0.00,0.00,0.000,0.000,0.00
1777901201,loop25,0.00,0.00,0.000,0.000,0.00
1777901201,loop26,0.00,0.00,0.000,0.000,0.00
1777901201,loop27,0.00,0.00,0.000,0.000,0.00
1777901201,loop28,0.00,0.00,0.000,0.000,0.00
1777901201,loop29,0.00,0.00,0.000,0.000,0.00
1777901201,loop3,0.00,0.00,0.000,0.000,0.00
1777901201,loop30,0.00,0.00,0.000,0.000,0.00
1777901201,loop31,0.00,0.00,0.000,0.000,0.00
1777901201,loop32,0.00,0.00,0.000,0.000,0.00
1777901201,loop33,0.00,0.00,0.000,0.000,0.00
1777901201,loop34,0.00,0.00,0.000,0.000,0.00
1777901201,loop35,0.00,0.00,0.000,0.000,0.00
1777901201,loop36,0.00,0.00,0.000,0.000,0.00
1777901201,loop37,0.00,0.00,0.000,0.000,0.00
1777901201,loop38,0.00,0.00,0.000,0.000,0.00
1777901201,loop39,0.00,0.00,0.000,0.000,0.00
1777901201,loop4,0.00,0.00,0.000,0.000,0.00
1777901201,loop40,0.00,0.00,0.000,0.000,0.00
1777901201,loop5,0.00,0.00,0.000,0.000,0.00
1777901201,loop6,0.00,0.00,0.000,0.000,0.00
1777901201,loop7,0.00,0.00,0.000,0.000,0.00
1777901201,loop8,0.00,0.00,0.000,0.000,0.00
1777901201,loop9,0.00,0.00,0.000,0.000,0.00
1777901201,nvme0n1,0.00,0.00,0.000,0.000,0.00
1777901202,loop0,0.00,0.00,0.000,0.000,0.00
1777901202,loop1,0.00,0.00,0.000,0.000,0.00
1777901202,loop10,0.00,0.00,0.000,0.000,0.00
1777901202,loop11,0.00,0.00,0.000,0.000,0.00
1777901202,loop12,0.00,0.00,0.000,0.000,0.00
1777901202,loop13,0.00,0.00,0.000,0.000,0.00
1777901202,loop14,0.00,0.00,0.000,0.000,0.00
1777901202,loop15,0.00,0.00,0.000,0.000,0.00
1777901202,loop16,0.00,0.00,0.000,0.000,0.00
1777901202,loop17,0.00,0.00,0.000,0.000,0.00
1777901202,loop18,0.00,0.00,0.000,0.000,0.00
1777901202,loop19,0.00,0.00,0.000,0.000,0.00
1777901202,loop2,0.00,0.00,0.000,0.000,0.00
1777901202,loop20,0.00,0.00,0.000,0.000,0.00
1777901202,loop21,0.00,0.00,0.000,0.000,0.00
1777901202,loop22,0.00,0.00,0.000,0.000,0.00
1777901202,loop23,0.00,0.00,0.000,0.000,0.00
1777901202,loop24,0.00,0.00,0.000,0.000,0.00
1777901202,loop25,0.00,0.00,0.000,0.000,0.00
1777901202,loop26,0.00,0.00,0.000,0.000,0.00
1777901202,loop27,0.00,0.00,0.000,0.000,0.00
1777901202,loop28,0.00,0.00,0.000,0.000,0.00
1777901202,loop29,0.00,0.00,0.000,0.000,0.00
1777901202,loop3,0.00,0.00,0.000,0.000,0.00
1777901202,loop30,0.00,0.00,0.000,0.000,0.00
1777901202,loop31,0.00,0.00,0.000,0.000,0.00
1777901202,loop32,0.00,0.00,0.000,0.000,0.00
1777901202,loop33,0.00,0.00,0.000,0.000,0.00
1777901202,loop34,0.00,0.00,0.000,0.000,0.00
1777901202,loop35,0.00,0.00,0.000,0.000,0.00
1777901202,loop36,0.00,0.00,0.000,0.000,0.00
1777901202,loop37,0.00,0.00,0.000,0.000,0.00
1777901202,loop38,0.00,0.00,0.000,0.000,0.00
1777901202,loop39,0.00,0.00,0.000,0.000,0.00
1777901202,loop4,0.00,0.00,0.000,0.000,0.00
1777901202,loop40,0.00,0.00,0.000,0.000,0.00
1777901202,loop5,0.00,0.00,0.000,0.000,0.00
1777901202,loop6,0.00,0.00,0.000,0.000,0.00
1777901202,loop7,0.00,0.00,0.000,0.000,0.00
1777901202,loop8,0.00,0.00,0.000,0.000,0.00
1777901202,loop9,0.00,0.00,0.000,0.000,0.00
1777901202,nvme0n1,0.00,0.00,0.000,0.000,0.00
1777901203,loop0,0.00,0.00,0.000,0.000,0.00
1777901203,loop1,0.00,0.00,0.000,0.000,0.00
1777901203,loop10,0.00,0.00,0.000,0.000,0.00
1777901203,loop11,0.00,0.00,0.000,0.000,0.00
1777901203,loop12,0.00,0.00,0.000,0.000,0.00
1777901203,loop13,0.00,0.00,0.000,0.000,0.00
1777901203,loop14,0.00,0.00,0.000,0.000,0.00
1777901203,loop15,0.00,0.00,0.000,0.000,0.00
1777901203,loop16,0.00,0.00,0.000,0.000,0.00
1777901203,loop17,0.00,0.00,0.000,0.000,0.00
1777901203,loop18,0.00,0.00,0.000,0.000,0.00
1777901203,loop19,0.00,0.00,0.000,0.000,0.00
1777901203,loop2,0.00,0.00,0.000,0.000,0.00
1777901203,loop20,0.00,0.00,0.000,0.000,0.00
1777901203,loop21,0.00,0.00,0.000,0.000,0.00
1777901203,loop22,0.00,0.00,0.000,0.000,0.00
1777901203,loop23,0.00,0.00,0.000,0.000,0.00
1777901203,loop24,0.00,0.00,0.000,0.000,0.00
1777901203,loop25,0.00,0.00,0.000,0.000,0.00
1777901203,loop26,0.00,0.00,0.000,0.000,0.00
1777901203,loop27,0.00,0.00,0.000,0.000,0.00
1777901203,loop28,0.00,0.00,0.000,0.000,0.00
1777901203,loop29,0.00,0.00,0.000,0.000,0.00
1777901203,loop3,0.00,0.00,0.000,0.000,0.00
1777901203,loop30,0.00,0.00,0.000,0.000,0.00
1777901203,loop31,0.00,0.00,0.000,0.000,0.00
1777901203,loop32,0.00,0.00,0.000,0.000,0.00
1777901203,loop33,0.00,0.00,0.000,0.000,0.00
1777901203,loop34,0.00,0.00,0.000,0.000,0.00
1777901203,loop35,0.00,0.00,0.000,0.000,0.00
1777901203,loop36,0.00,0.00,0.000,0.000,0.00
1777901203,loop37,0.00,0.00,0.000,0.000,0.00
1777901203,loop38,0.00,0.00,0.000,0.000,0.00
1777901203,loop39,0.00,0.00,0.000,0.000,0.00
1777901203,loop4,0.00,0.00,0.000,0.000,0.00
1777901203,loop40,0.00,0.00,0.000,0.000,0.00
1777901203,loop5,0.00,0.00,0.000,0.000,0.00
1777901203,loop6,0.00,0.00,0.000,0.000,0.00
1777901203,loop7,0.00,0.00,0.000,0.000,0.00
1777901203,loop8,0.00,0.00,0.000,0.000,0.00
1777901203,loop9,0.00,0.00,0.000,0.000,0.00
1777901203,nvme0n1,0.00,0.00,0.000,0.000,5.50
1777901204,loop0,0.00,0.00,0.000,0.000,0.00
1777901204,loop1,0.00,0.00,0.000,0.000,0.00
1777901204,loop10,0.00,0.00,0.000,0.000,0.00
1777901204,loop11,0.00,0.00,0.000,0.000,0.00
1777901204,loop12,0.00,0.00,0.000,0.000,0.00
1777901204,loop13,0.00,0.00,0.000,0.000,0.00
1777901204,loop14,0.00,0.00,0.000,0.000,0.00
1777901204,loop15,0.00,0.00,0.000,0.000,0.00
1777901204,loop16,0.00,0.00,0.000,0.000,0.00
1777901204,loop17,0.00,0.00,0.000,0.000,0.00
1777901204,loop18,0.00,0.00,0.000,0.000,0.00
1777901204,loop19,0.00,0.00,0.000,0.000,0.00
1777901204,loop2,0.00,0.00,0.000,0.000,0.00
1777901204,loop20,0.00,0.00,0.000,0.000,0.00
1777901204,loop21,0.00,0.00,0.000,0.000,0.00
1777901204,loop22,0.00,0.00,0.000,0.000,0.00
1777901204,loop23,0.00,0.00,0.000,0.000,0.00
1777901204,loop24,0.00,0.00,0.000,0.000,0.00
1777901204,loop25,0.00,0.00,0.000,0.000,0.00
1777901204,loop26,0.00,0.00,0.000,0.000,0.00
1777901204,loop27,0.00,0.00,0.000,0.000,0.00
1777901204,loop28,0.00,0.00,0.000,0.000,0.00
1777901204,loop29,0.00,0.00,0.000,0.000,0.00
1777901204,loop3,0.00,0.00,0.000,0.000,0.00
1777901204,loop30,0.00,0.00,0.000,0.000,0.00
1777901204,loop31,0.00,0.00,0.000,0.000,0.00
1777901204,loop32,0.00,0.00,0.000,0.000,0.00
1777901204,loop33,0.00,0.00,0.000,0.000,0.00
1777901204,loop34,0.00,0.00,0.000,0.000,0.00
1777901204,loop35,0.00,0.00,0.000,0.000,0.00
1777901204,loop36,0.00,0.00,0.000,0.000,0.00
1777901204,loop37,0.00,0.00,0.000,0.000,0.00
1777901204,loop38,0.00,0.00,0.000,0.000,0.00
1777901204,loop39,0.00,0.00,0.000,0.000,0.00
1777901204,loop4,0.00,0.00,0.000,0.000,0.00
1777901204,loop40,0.00,0.00,0.000,0.000,0.00
1777901204,loop5,0.00,0.00,0.000,0.000,0.00
1777901204,loop6,0.00,0.00,0.000,0.000,0.00
1777901204,loop7,0.00,0.00,0.000,0.000,0.00
1777901204,loop8,0.00,0.00,0.000,0.000,0.00
1777901204,loop9,0.00,0.00,0.000,0.000,0.00
1777901204,nvme0n1,0.00,0.00,0.000,0.000,0.00
1777901205,loop0,0.00,0.00,0.000,0.000,0.00
1777901205,loop1,0.00,0.00,0.000,0.000,0.00
1777901205,loop10,0.00,0.00,0.000,0.000,0.00
1777901205,loop11,0.00,0.00,0.000,0.000,0.00
1777901205,loop12,0.00,0.00,0.000,0.000,0.00
1777901205,loop13,0.00,0.00,0.000,0.000,0.00
1777901205,loop14,0.00,0.00,0.000,0.000,0.00
1777901205,loop15,0.00,0.00,0.000,0.000,0.00
1777901205,loop16,0.00,0.00,0.000,0.000,0.00
1777901205,loop17,0.00,0.00,0.000,0.000,0.00
1777901205,loop18,0.00,0.00,0.000,0.000,0.00
1777901205,loop19,0.00,0.00,0.000,0.000,0.00
1777901205,loop2,0.00,0.00,0.000,0.000,0.00
1777901205,loop20,0.00,0.00,0.000,0.000,0.00
1777901205,loop21,0.00,0.00,0.000,0.000,0.00
1777901205,loop22,0.00,0.00,0.000,0.000,0.00
1777901205,loop23,0.00,0.00,0.000,0.000,0.00
1777901205,loop24,0.00,0.00,0.000,0.000,0.00
1777901205,loop25,0.00,0.00,0.000,0.000,0.00
1777901205,loop26,0.00,0.00,0.000,0.000,0.00
1777901205,loop27,0.00,0.00,0.000,0.000,0.00
1777901205,loop28,0.00,0.00,0.000,0.000,0.00
1777901205,loop29,0.00,0.00,0.000,0.000,0.00
1777901205,loop3,0.00,0.00,0.000,0.000,0.00
1777901205,loop30,0.00,0.00,0.000,0.000,0.00
1777901205,loop31,0.00,0.00,0.000,0.000,0.00
1777901205,loop32,0.00,0.00,0.000,0.000,0.00
1777901205,loop33,0.00,0.00,0.000,0.000,0.00
1777901205,loop34,0.00,0.00,0.000,0.000,0.00
1777901205,loop35,0.00,0.00,0.000,0.000,0.00
1777901205,loop36,0.00,0.00,0.000,0.000,0.00
1777901205,loop37,0.00,0.00,0.000,0.000,0.00
1777901205,loop38,0.00,0.00,0.000,0.000,0.00
1777901205,loop39,0.00,0.00,0.000,0.000,0.00
1777901205,loop4,0.00,0.00,0.000,0.000,0.00
1777901205,loop40,0.00,0.00,0.000,0.000,0.00
1777901205,loop5,0.00,0.00,0.000,0.000,0.00
1777901205,loop6,0.00,0.00,0.000,0.000,0.00
1777901205,loop7,0.00,0.00,0.000,0.000,0.00
1777901205,loop8,0.00,0.00,0.000,0.000,0.00
1777901205,loop9,0.00,0.00,0.000,0.000,0.00
1777901205,nvme0n1,9.00,88.00,0.000,0.000,0.10
1777901206,loop0,0.00,0.00,0.000,0.000,0.00
1777901206,loop1,0.00,0.00,0.000,0.000,0.00
1777901206,loop10,0.00,0.00,0.000,0.000,0.00
1777901206,loop11,0.00,0.00,0.000,0.000,0.00
1777901206,loop12,0.00,0.00,0.000,0.000,0.00
1777901206,loop13,0.00,0.00,0.000,0.000,0.00
1777901206,loop14,0.00,0.00,0.000,0.000,0.00
1777901206,loop15,0.00,0.00,0.000,0.000,0.00
1777901206,loop16,0.00,0.00,0.000,0.000,0.00
1777901206,loop17,0.00,0.00,0.000,0.000,0.00
1777901206,loop18,0.00,0.00,0.000,0.000,0.00
1777901206,loop19,0.00,0.00,0.000,0.000,0.00
1777901206,loop2,0.00,0.00,0.000,0.000,0.00
1777901206,loop20,0.00,0.00,0.000,0.000,0.00
1777901206,loop21,0.00,0.00,0.000,0.000,0.00
1777901206,loop22,0.00,0.00,0.000,0.000,0.00
1777901206,loop23,0.00,0.00,0.000,0.000,0.00
1777901206,loop24,0.00,0.00,0.000,0.000,0.00
1777901206,loop25,0.00,0.00,0.000,0.000,0.00
1777901206,loop26,0.00,0.00,0.000,0.000,0.00
1777901206,loop27,0.00,0.00,0.000,0.000,0.00
1777901206,loop28,0.00,0.00,0.000,0.000,0.00
1777901206,loop29,0.00,0.00,0.000,0.000,0.00
1777901206,loop3,0.00,0.00,0.000,0.000,0.00
1777901206,loop30,0.00,0.00,0.000,0.000,0.00
1777901206,loop31,0.00,0.00,0.000,0.000,0.00
1777901206,loop32,0.00,0.00,0.000,0.000,0.00
1777901206,loop33,0.00,0.00,0.000,0.000,0.00
1777901206,loop34,0.00,0.00,0.000,0.000,0.00
1777901206,loop35,0.00,0.00,0.000,0.000,0.00
1777901206,loop36,0.00,0.00,0.000,0.000,0.00
1777901206,loop37,0.00,0.00,0.000,0.000,0.00
1777901206,loop38,0.00,0.00,0.000,0.000,0.00
1777901206,loop39,0.00,0.00,0.000,0.000,0.00
1777901206,loop4,0.00,0.00,0.000,0.000,0.00
1777901206,loop40,0.00,0.00,0.000,0.000,0.00
1777901206,loop5,0.00,0.00,0.000,0.000,0.00
1777901206,loop6,0.00,0.00,0.000,0.000,0.00
1777901206,loop7,0.00,0.00,0.000,0.000,0.00
1777901206,loop8,0.00,0.00,0.000,0.000,0.00
1777901206,loop9,0.00,0.00,0.000,0.000,0.00
1777901206,nvme0n1,0.00,0.00,0.000,0.000,0.00
1777901207,loop0,0.00,0.00,0.000,0.000,0.00
1777901207,loop1,0.00,0.00,0.000,0.000,0.00
1777901207,loop10,0.00,0.00,0.000,0.000,0.00
1777901207,loop11,0.00,0.00,0.000,0.000,0.00
1777901207,loop12,0.00,0.00,0.000,0.000,0.00
1777901207,loop13,0.00,0.00,0.000,0.000,0.00
1777901207,loop14,0.00,0.00,0.000,0.000,0.00
1777901207,loop15,0.00,0.00,0.000,0.000,0.00
1777901207,loop16,0.00,0.00,0.000,0.000,0.00
1777901207,loop17,0.00,0.00,0.000,0.000,0.00
1777901207,loop18,0.00,0.00,0.000,0.000,0.00
1777901207,loop19,0.00,0.00,0.000,0.000,0.00
1777901207,loop2,0.00,0.00,0.000,0.000,0.00
1777901207,loop20,0.00,0.00,0.000,0.000,0.00
1777901207,loop21,0.00,0.00,0.000,0.000,0.00
1777901207,loop22,0.00,0.00,0.000,0.000,0.00
1777901207,loop23,0.00,0.00,0.000,0.000,0.00
1777901207,loop24,0.00,0.00,0.000,0.000,0.00
1777901207,loop25,0.00,0.00,0.000,0.000,0.00
1777901207,loop26,0.00,0.00,0.000,0.000,0.00
1777901207,loop27,0.00,0.00,0.000,0.000,0.00
1777901207,loop28,0.00,0.00,0.000,0.000,0.00
1777901207,loop29,0.00,0.00,0.000,0.000,0.00
1777901207,loop3,0.00,0.00,0.000,0.000,0.00
1777901207,loop30,0.00,0.00,0.000,0.000,0.00
1777901207,loop31,0.00,0.00,0.000,0.000,0.00
1777901207,loop32,0.00,0.00,0.000,0.000,0.00
1777901207,loop33,0.00,0.00,0.000,0.000,0.00
1777901207,loop34,0.00,0.00,0.000,0.000,0.00
1777901207,loop35,0.00,0.00,0.000,0.000,0.00
1777901207,loop36,0.00,0.00,0.000,0.000,0.00
1777901207,loop37,0.00,0.00,0.000,0.000,0.00
1777901207,loop38,0.00,0.00,0.000,0.000,0.00
1777901207,loop39,0.00,0.00,0.000,0.000,0.00
1777901207,loop4,0.00,0.00,0.000,0.000,0.00
1777901207,loop40,0.00,0.00,0.000,0.000,0.00
1777901207,loop5,0.00,0.00,0.000,0.000,0.00
1777901207,loop6,0.00,0.00,0.000,0.000,0.00
1777901207,loop7,0.00,0.00,0.000,0.000,0.00
1777901207,loop8,0.00,0.00,0.000,0.000,0.00
1777901207,loop9,0.00,0.00,0.000,0.000,0.00
1777901207,nvme0n1,1.00,4.00,0.000,0.000,0.10
1777901208,loop0,0.00,0.00,0.000,0.000,0.00
1777901208,loop1,0.00,0.00,0.000,0.000,0.00
1777901208,loop10,0.00,0.00,0.000,0.000,0.00
1777901208,loop11,0.00,0.00,0.000,0.000,0.00
1777901208,loop12,0.00,0.00,0.000,0.000,0.00
1777901208,loop13,0.00,0.00,0.000,0.000,0.00
1777901208,loop14,0.00,0.00,0.000,0.000,0.00
1777901208,loop15,0.00,0.00,0.000,0.000,0.00
1777901208,loop16,0.00,0.00,0.000,0.000,0.00
1777901208,loop17,0.00,0.00,0.000,0.000,0.00
1777901208,loop18,0.00,0.00,0.000,0.000,0.00
1777901208,loop19,0.00,0.00,0.000,0.000,0.00
1777901208,loop2,0.00,0.00,0.000,0.000,0.00
1777901208,loop20,0.00,0.00,0.000,0.000,0.00
1777901208,loop21,0.00,0.00,0.000,0.000,0.00
1777901208,loop22,0.00,0.00,0.000,0.000,0.00
1777901208,loop23,0.00,0.00,0.000,0.000,0.00
1777901208,loop24,0.00,0.00,0.000,0.000,0.00
1777901208,loop25,0.00,0.00,0.000,0.000,0.00
1777901208,loop26,0.00,0.00,0.000,0.000,0.00
1777901208,loop27,0.00,0.00,0.000,0.000,0.00
1777901208,loop28,0.00,0.00,0.000,0.000,0.00
1777901208,loop29,0.00,0.00,0.000,0.000,0.00
1777901208,loop3,0.00,0.00,0.000,0.000,0.00
1777901208,loop30,0.00,0.00,0.000,0.000,0.00
1777901208,loop31,0.00,0.00,0.000,0.000,0.00
1777901208,loop32,0.00,0.00,0.000,0.000,0.00
1777901208,loop33,0.00,0.00,0.000,0.000,0.00
1777901208,loop34,0.00,0.00,0.000,0.000,0.00
1777901208,loop35,0.00,0.00,0.000,0.000,0.00
1777901208,loop36,0.00,0.00,0.000,0.000,0.00
1777901208,loop37,0.00,0.00,0.000,0.000,0.00
1777901208,loop38,0.00,0.00,0.000,0.000,0.00
1777901208,loop39,0.00,0.00,0.000,0.000,0.00
1777901208,loop4,0.00,0.00,0.000,0.000,0.00
1777901208,loop40,0.00,0.00,0.000,0.000,0.00
1777901208,loop5,0.00,0.00,0.000,0.000,0.00
1777901208,loop6,0.00,0.00,0.000,0.000,0.00
1777901208,loop7,0.00,0.00,0.000,0.000,0.00
1777901208,loop8,0.00,0.00,0.000,0.000,0.00
1777901208,loop9,0.00,0.00,0.000,0.000,0.00
1777901208,nvme0n1,0.00,0.00,0.000,0.000,0.10
1777901209,loop0,0.00,0.00,0.000,0.000,0.00
1777901209,loop1,0.00,0.00,0.000,0.000,0.00
1777901209,loop10,0.00,0.00,0.000,0.000,0.00
1777901209,loop11,0.00,0.00,0.000,0.000,0.00
1777901209,loop12,0.00,0.00,0.000,0.000,0.00
1777901209,loop13,0.00,0.00,0.000,0.000,0.00
1777901209,loop14,0.00,0.00,0.000,0.000,0.00
1777901209,loop15,0.00,0.00,0.000,0.000,0.00
1777901209,loop16,0.00,0.00,0.000,0.000,0.00
1777901209,loop17,0.00,0.00,0.000,0.000,0.00
1777901209,loop18,0.00,0.00,0.000,0.000,0.00
1777901209,loop19,0.00,0.00,0.000,0.000,0.00
1777901209,loop2,0.00,0.00,0.000,0.000,0.00
1777901209,loop20,0.00,0.00,0.000,0.000,0.00
1777901209,loop21,0.00,0.00,0.000,0.000,0.00
1777901209,loop22,0.00,0.00,0.000,0.000,0.00
1777901209,loop23,0.00,0.00,0.000,0.000,0.00
1777901209,loop24,0.00,0.00,0.000,0.000,0.00
1777901209,loop25,0.00,0.00,0.000,0.000,0.00
1777901209,loop26,0.00,0.00,0.000,0.000,0.00
1777901209,loop27,0.00,0.00,0.000,0.000,0.00
1777901209,loop28,0.00,0.00,0.000,0.000,0.00
1777901209,loop29,0.00,0.00,0.000,0.000,0.00
1777901209,loop3,0.00,0.00,0.000,0.000,0.00
1777901209,loop30,0.00,0.00,0.000,0.000,0.00
1777901209,loop31,0.00,0.00,0.000,0.000,0.00
1777901209,loop32,0.00,0.00,0.000,0.000,0.00
1777901209,loop33,0.00,0.00,0.000,0.000,0.00
1777901209,loop34,0.00,0.00,0.000,0.000,0.00
1777901209,loop35,0.00,0.00,0.000,0.000,0.00
1777901209,loop36,0.00,0.00,0.000,0.000,0.00
1777901209,loop37,0.00,0.00,0.000,0.000,0.00
1777901209,loop38,0.00,0.00,0.000,0.000,0.00
1777901209,loop39,0.00,0.00,0.000,0.000,0.00
1777901209,loop4,0.00,0.00,0.000,0.000,0.00
1777901209,loop40,0.00,0.00,0.000,0.000,0.00
1777901209,loop5,0.00,0.00,0.000,0.000,0.00
1777901209,loop6,0.00,0.00,0.000,0.000,0.00
1777901209,loop7,0.00,0.00,0.000,0.000,0.00
1777901209,loop8,0.00,0.00,0.000,0.000,0.00
1777901209,loop9,0.00,0.00,0.000,0.000,0.00
1777901209,nvme0n1,0.00,0.00,0.000,0.000,0.30
1777901210,loop0,0.00,0.00,0.000,0.000,0.00
1777901210,loop1,0.00,0.00,0.000,0.000,0.00
1777901210,loop10,0.00,0.00,0.000,0.000,0.00
1777901210,loop11,0.00,0.00,0.000,0.000,0.00
1777901210,loop12,0.00,0.00,0.000,0.000,0.00
1777901210,loop13,0.00,0.00,0.000,0.000,0.00
1777901210,loop14,0.00,0.00,0.000,0.000,0.00
1777901210,loop15,0.00,0.00,0.000,0.000,0.00
1777901210,loop16,0.00,0.00,0.000,0.000,0.00
1777901210,loop17,0.00,0.00,0.000,0.000,0.00
1777901210,loop18,0.00,0.00,0.000,0.000,0.00
1777901210,loop19,0.00,0.00,0.000,0.000,0.00
1777901210,loop2,0.00,0.00,0.000,0.000,0.00
1777901210,loop20,0.00,0.00,0.000,0.000,0.00
1777901210,loop21,0.00,0.00,0.000,0.000,0.00
1777901210,loop22,0.00,0.00,0.000,0.000,0.00
1777901210,loop23,0.00,0.00,0.000,0.000,0.00
1777901210,loop24,0.00,0.00,0.000,0.000,0.00
1777901210,loop25,0.00,0.00,0.000,0.000,0.00
1777901210,loop26,0.00,0.00,0.000,0.000,0.00
1777901210,loop27,0.00,0.00,0.000,0.000,0.00
1777901210,loop28,0.00,0.00,0.000,0.000,0.00
1777901210,loop29,0.00,0.00,0.000,0.000,0.00
1777901210,loop3,0.00,0.00,0.000,0.000,0.00
1777901210,loop30,0.00,0.00,0.000,0.000,0.00
1777901210,loop31,0.00,0.00,0.000,0.000,0.00
1777901210,loop32,0.00,0.00,0.000,0.000,0.00
1777901210,loop33,0.00,0.00,0.000,0.000,0.00
1777901210,loop34,0.00,0.00,0.000,0.000,0.00
1777901210,loop35,0.00,0.00,0.000,0.000,0.00
1777901210,loop36,0.00,0.00,0.000,0.000,0.00
1777901210,loop37,0.00,0.00,0.000,0.000,0.00
1777901210,loop38,0.00,0.00,0.000,0.000,0.00
1777901210,loop39,0.00,0.00,0.000,0.000,0.00
1777901210,loop4,0.00,0.00,0.000,0.000,0.00
1777901210,loop40,0.00,0.00,0.000,0.000,0.00
1777901210,loop5,0.00,0.00,0.000,0.000,0.00
1777901210,loop6,0.00,0.00,0.000,0.000,0.00
1777901210,loop7,0.00,0.00,0.000,0.000,0.00
1777901210,loop8,0.00,0.00,0.000,0.000,0.00
1777901210,loop9,0.00,0.00,0.000,0.000,0.00
1777901210,nvme0n1,0.00,0.00,0.000,0.000,0.00
1777901211,loop0,0.00,0.00,0.000,0.000,0.00
1777901211,loop1,0.00,0.00,0.000,0.000,0.00
1777901211,loop10,0.00,0.00,0.000,0.000,0.00
1777901211,loop11,0.00,0.00,0.000,0.000,0.00
1777901211,loop12,0.00,0.00,0.000,0.000,0.00
1777901211,loop13,0.00,0.00,0.000,0.000,0.00
1777901211,loop14,0.00,0.00,0.000,0.000,0.00
1777901211,loop15,0.00,0.00,0.000,0.000,0.00
1777901211,loop16,0.00,0.00,0.000,0.000,0.00
1777901211,loop17,0.00,0.00,0.000,0.000,0.00
1777901211,loop18,0.00,0.00,0.000,0.000,0.00
1777901211,loop19,0.00,0.00,0.000,0.000,0.00
1777901211,loop2,0.00,0.00,0.000,0.000,0.00
1777901211,loop20,0.00,0.00,0.000,0.000,0.00
1777901211,loop21,0.00,0.00,0.000,0.000,0.00
1777901211,loop22,0.00,0.00,0.000,0.000,0.00
1777901211,loop23,0.00,0.00,0.000,0.000,0.00
1777901211,loop24,0.00,0.00,0.000,0.000,0.00
1777901211,loop25,0.00,0.00,0.000,0.000,0.00
1777901211,loop26,0.00,0.00,0.000,0.000,0.00
1777901211,loop27,0.00,0.00,0.000,0.000,0.00
1777901211,loop28,0.00,0.00,0.000,0.000,0.00
1777901211,loop29,0.00,0.00,0.000,0.000,0.00
1777901211,loop3,0.00,0.00,0.000,0.000,0.00
1777901211,loop30,0.00,0.00,0.000,0.000,0.00
1777901211,loop31,0.00,0.00,0.000,0.000,0.00
1777901211,loop32,0.00,0.00,0.000,0.000,0.00
1777901211,loop33,0.00,0.00,0.000,0.000,0.00
1777901211,loop34,0.00,0.00,0.000,0.000,0.00
1777901211,loop35,0.00,0.00,0.000,0.000,0.00
1777901211,loop36,0.00,0.00,0.000,0.000,0.00
1777901211,loop37,0.00,0.00,0.000,0.000,0.00
1777901211,loop38,0.00,0.00,0.000,0.000,0.00
1777901211,loop39,0.00,0.00,0.000,0.000,0.00
1777901211,loop4,0.00,0.00,0.000,0.000,0.00
1777901211,loop40,0.00,0.00,0.000,0.000,0.00
1777901211,loop5,0.00,0.00,0.000,0.000,0.00
1777901211,loop6,0.00,0.00,0.000,0.000,0.00
1777901211,loop7,0.00,0.00,0.000,0.000,0.00
1777901211,loop8,0.00,0.00,0.000,0.000,0.00
1777901211,loop9,0.00,0.00,0.000,0.000,0.00
1777901211,nvme0n1,0.00,0.00,0.000,0.000,0.00
1777901212,loop0,0.00,0.00,0.000,0.000,0.00
1777901212,loop1,0.00,0.00,0.000,0.000,0.00
1777901212,loop10,0.00,0.00,0.000,0.000,0.00
1777901212,loop11,0.00,0.00,0.000,0.000,0.00
1777901212,loop12,0.00,0.00,0.000,0.000,0.00
1777901212,loop13,0.00,0.00,0.000,0.000,0.00
1777901212,loop14,0.00,0.00,0.000,0.000,0.00
1777901212,loop15,0.00,0.00,0.000,0.000,0.00
1777901212,loop16,0.00,0.00,0.000,0.000,0.00
1777901212,loop17,0.00,0.00,0.000,0.000,0.00
1777901212,loop18,0.00,0.00,0.000,0.000,0.00
1777901212,loop19,0.00,0.00,0.000,0.000,0.00
1777901212,loop2,0.00,0.00,0.000,0.000,0.00
1777901212,loop20,0.00,0.00,0.000,0.000,0.00
1777901212,loop21,0.00,0.00,0.000,0.000,0.00
1777901212,loop22,0.00,0.00,0.000,0.000,0.00
1777901212,loop23,0.00,0.00,0.000,0.000,0.00
1777901212,loop24,0.00,0.00,0.000,0.000,0.00
1777901212,loop25,0.00,0.00,0.000,0.000,0.00
1777901212,loop26,0.00,0.00,0.000,0.000,0.00
1777901212,loop27,0.00,0.00,0.000,0.000,0.00
1777901212,loop28,0.00,0.00,0.000,0.000,0.00
1777901212,loop29,0.00,0.00,0.000,0.000,0.00
1777901212,loop3,0.00,0.00,0.000,0.000,0.00
1777901212,loop30,0.00,0.00,0.000,0.000,0.00
1777901212,loop31,0.00,0.00,0.000,0.000,0.00
1777901212,loop32,0.00,0.00,0.000,0.000,0.00
1777901212,loop33,0.00,0.00,0.000,0.000,0.00
1777901212,loop34,0.00,0.00,0.000,0.000,0.00
1777901212,loop35,0.00,0.00,0.000,0.000,0.00
1777901212,loop36,0.00,0.00,0.000,0.000,0.00
1777901212,loop37,0.00,0.00,0.000,0.000,0.00
1777901212,loop38,0.00,0.00,0.000,0.000,0.00
1777901212,loop39,0.00,0.00,0.000,0.000,0.00
1777901212,loop4,0.00,0.00,0.000,0.000,0.00
1777901212,loop40,0.00,0.00,0.000,0.000,0.00
1777901212,loop5,0.00,0.00,0.000,0.000,0.00
1777901212,loop6,0.00,0.00,0.000,0.000,0.00
1777901212,loop7,0.00,0.00,0.000,0.000,0.00
1777901212,loop8,0.00,0.00,0.000,0.000,0.00
1777901212,loop9,0.00,0.00,0.000,0.000,0.00
1777901212,nvme0n1,0.00,0.00,0.000,0.000,0.00
1777901213,loop0,0.00,0.00,0.000,0.000,0.00
1777901213,loop1,0.00,0.00,0.000,0.000,0.00
1777901213,loop10,0.00,0.00,0.000,0.000,0.00
1777901213,loop11,0.00,0.00,0.000,0.000,0.00
1777901213,loop12,0.00,0.00,0.000,0.000,0.00
1777901213,loop13,0.00,0.00,0.000,0.000,0.00
1777901213,loop14,0.00,0.00,0.000,0.000,0.00
1777901213,loop15,0.00,0.00,0.000,0.000,0.00
1777901213,loop16,0.00,0.00,0.000,0.000,0.00
1777901213,loop17,0.00,0.00,0.000,0.000,0.00
1777901213,loop18,0.00,0.00,0.000,0.000,0.00
1777901213,loop19,0.00,0.00,0.000,0.000,0.00
1777901213,loop2,0.00,0.00,0.000,0.000,0.00
1777901213,loop20,0.00,0.00,0.000,0.000,0.00
1777901213,loop21,0.00,0.00,0.000,0.000,0.00
1777901213,loop22,0.00,0.00,0.000,0.000,0.00
1777901213,loop23,0.00,0.00,0.000,0.000,0.00
1777901213,loop24,0.00,0.00,0.000,0.000,0.00
1777901213,loop25,0.00,0.00,0.000,0.000,0.00
1777901213,loop26,0.00,0.00,0.000,0.000,0.00
1777901213,loop27,0.00,0.00,0.000,0.000,0.00
1777901213,loop28,0.00,0.00,0.000,0.000,0.00
1777901213,loop29,0.00,0.00,0.000,0.000,0.00
1777901213,loop3,0.00,0.00,0.000,0.000,0.00
1777901213,loop30,0.00,0.00,0.000,0.000,0.00
1777901213,loop31,0.00,0.00,0.000,0.000,0.00
1777901213,loop32,0.00,0.00,0.000,0.000,0.00
1777901213,loop33,0.00,0.00,0.000,0.000,0.00
1777901213,loop34,0.00,0.00,0.000,0.000,0.00
1777901213,loop35,0.00,0.00,0.000,0.000,0.00
1777901213,loop36,0.00,0.00,0.000,0.000,0.00
1777901213,loop37,0.00,0.00,0.000,0.000,0.00
1777901213,loop38,0.00,0.00,0.000,0.000,0.00
1777901213,loop39,0.00,0.00,0.000,0.000,0.00
1777901213,loop4,0.00,0.00,0.000,0.000,0.00
1777901213,loop40,0.00,0.00,0.000,0.000,0.00
1777901213,loop5,0.00,0.00,0.000,0.000,0.00
1777901213,loop6,0.00,0.00,0.000,0.000,0.00
1777901213,loop7,0.00,0.00,0.000,0.000,0.00
1777901213,loop8,0.00,0.00,0.000,0.000,0.00
1777901213,loop9,0.00,0.00,0.000,0.000,0.00
1777901213,nvme0n1,0.00,0.00,0.000,0.000,5.70
1777901214,loop0,0.00,0.00,0.000,0.000,0.00
1777901214,loop1,0.00,0.00,0.000,0.000,0.00
1777901214,loop10,0.00,0.00,0.000,0.000,0.00
1777901214,loop11,0.00,0.00,0.000,0.000,0.00
1777901214,loop12,0.00,0.00,0.000,0.000,0.00
1777901214,loop13,0.00,0.00,0.000,0.000,0.00
1777901214,loop14,0.00,0.00,0.000,0.000,0.00
1777901214,loop15,0.00,0.00,0.000,0.000,0.00
1777901214,loop16,0.00,0.00,0.000,0.000,0.00
1777901214,loop17,0.00,0.00,0.000,0.000,0.00
1777901214,loop18,0.00,0.00,0.000,0.000,0.00
1777901214,loop19,0.00,0.00,0.000,0.000,0.00
1777901214,loop2,0.00,0.00,0.000,0.000,0.00
1777901214,loop20,0.00,0.00,0.000,0.000,0.00
1777901214,loop21,0.00,0.00,0.000,0.000,0.00
1777901214,loop22,0.00,0.00,0.000,0.000,0.00
1777901214,loop23,0.00,0.00,0.000,0.000,0.00
1777901214,loop24,0.00,0.00,0.000,0.000,0.00
1777901214,loop25,0.00,0.00,0.000,0.000,0.00
1777901214,loop26,0.00,0.00,0.000,0.000,0.00
1777901214,loop27,0.00,0.00,0.000,0.000,0.00
1777901214,loop28,0.00,0.00,0.000,0.000,0.00
1777901214,loop29,0.00,0.00,0.000,0.000,0.00
1777901214,loop3,0.00,0.00,0.000,0.000,0.00
1777901214,loop30,0.00,0.00,0.000,0.000,0.00
1777901214,loop31,0.00,0.00,0.000,0.000,0.00
1777901214,loop32,0.00,0.00,0.000,0.000,0.00
1777901214,loop33,0.00,0.00,0.000,0.000,0.00
1777901214,loop34,0.00,0.00,0.000,0.000,0.00
1777901214,loop35,0.00,0.00,0.000,0.000,0.00
1777901214,loop36,0.00,0.00,0.000,0.000,0.00
1777901214,loop37,0.00,0.00,0.000,0.000,0.00
1777901214,loop38,0.00,0.00,0.000,0.000,0.00
1777901214,loop39,0.00,0.00,0.000,0.000,0.00
1777901214,loop4,0.00,0.00,0.000,0.000,0.00
1777901214,loop40,0.00,0.00,0.000,0.000,0.00
1777901214,loop5,0.00,0.00,0.000,0.000,0.00
1777901214,loop6,0.00,0.00,0.000,0.000,0.00
1777901214,loop7,0.00,0.00,0.000,0.000,0.00
1777901214,loop8,0.00,0.00,0.000,0.000,0.00
1777901214,loop9,0.00,0.00,0.000,0.000,0.00
1777901214,nvme0n1,2.00,64.00,0.000,0.000,1.30
1777901215,loop0,0.00,0.00,0.000,0.000,0.00
1777901215,loop1,0.00,0.00,0.000,0.000,0.00
1777901215,loop10,0.00,0.00,0.000,0.000,0.00
1777901215,loop11,0.00,0.00,0.000,0.000,0.00
1777901215,loop12,0.00,0.00,0.000,0.000,0.00
1777901215,loop13,0.00,0.00,0.000,0.000,0.00
1777901215,loop14,0.00,0.00,0.000,0.000,0.00
1777901215,loop15,0.00,0.00,0.000,0.000,0.00
1777901215,loop16,0.00,0.00,0.000,0.000,0.00
1777901215,loop17,0.00,0.00,0.000,0.000,0.00
1777901215,loop18,0.00,0.00,0.000,0.000,0.00
1777901215,loop19,0.00,0.00,0.000,0.000,0.00
1777901215,loop2,0.00,0.00,0.000,0.000,0.00
1777901215,loop20,0.00,0.00,0.000,0.000,0.00
1777901215,loop21,0.00,0.00,0.000,0.000,0.00
1777901215,loop22,0.00,0.00,0.000,0.000,0.00
1777901215,loop23,0.00,0.00,0.000,0.000,0.00
1777901215,loop24,0.00,0.00,0.000,0.000,0.00
1777901215,loop25,0.00,0.00,0.000,0.000,0.00
1777901215,loop26,0.00,0.00,0.000,0.000,0.00
1777901215,loop27,0.00,0.00,0.000,0.000,0.00
1777901215,loop28,0.00,0.00,0.000,0.000,0.00
1777901215,loop29,0.00,0.00,0.000,0.000,0.00
1777901215,loop3,0.00,0.00,0.000,0.000,0.00
1777901215,loop30,0.00,0.00,0.000,0.000,0.00
1777901215,loop31,0.00,0.00,0.000,0.000,0.00
1777901215,loop32,0.00,0.00,0.000,0.000,0.00
1777901215,loop33,0.00,0.00,0.000,0.000,0.00
1777901215,loop34,0.00,0.00,0.000,0.000,0.00
1777901215,loop35,0.00,0.00,0.000,0.000,0.00
1777901215,loop36,0.00,0.00,0.000,0.000,0.00
1777901215,loop37,0.00,0.00,0.000,0.000,0.00
1777901215,loop38,0.00,0.00,0.000,0.000,0.00
1777901215,loop39,0.00,0.00,0.000,0.000,0.00
1777901215,loop4,0.00,0.00,0.000,0.000,0.00
1777901215,loop40,0.00,0.00,0.000,0.000,0.00
1777901215,loop5,0.00,0.00,0.000,0.000,0.00
1777901215,loop6,0.00,0.00,0.000,0.000,0.00
1777901215,loop7,0.00,0.00,0.000,0.000,0.00
1777901215,loop8,0.00,0.00,0.000,0.000,0.00
1777901215,loop9,0.00,0.00,0.000,0.000,0.00
1777901215,nvme0n1,1.00,16.00,0.000,0.000,0.70
1777901216,loop0,0.00,0.00,0.000,0.000,0.00
1777901216,loop1,0.00,0.00,0.000,0.000,0.00
1777901216,loop10,0.00,0.00,0.000,0.000,0.00
1777901216,loop11,0.00,0.00,0.000,0.000,0.00
1777901216,loop12,0.00,0.00,0.000,0.000,0.00
1777901216,loop13,0.00,0.00,0.000,0.000,0.00
1777901216,loop14,0.00,0.00,0.000,0.000,0.00
1777901216,loop15,0.00,0.00,0.000,0.000,0.00
1777901216,loop16,0.00,0.00,0.000,0.000,0.00
1777901216,loop17,0.00,0.00,0.000,0.000,0.00
1777901216,loop18,0.00,0.00,0.000,0.000,0.00
1777901216,loop19,0.00,0.00,0.000,0.000,0.00
1777901216,loop2,0.00,0.00,0.000,0.000,0.00
1777901216,loop20,0.00,0.00,0.000,0.000,0.00
1777901216,loop21,0.00,0.00,0.000,0.000,0.00
1777901216,loop22,0.00,0.00,0.000,0.000,0.00
1777901216,loop23,0.00,0.00,0.000,0.000,0.00
1777901216,loop24,0.00,0.00,0.000,0.000,0.00
1777901216,loop25,0.00,0.00,0.000,0.000,0.00
1777901216,loop26,0.00,0.00,0.000,0.000,0.00
1777901216,loop27,0.00,0.00,0.000,0.000,0.00
1777901216,loop28,0.00,0.00,0.000,0.000,0.00
1777901216,loop29,0.00,0.00,0.000,0.000,0.00
1777901216,loop3,0.00,0.00,0.000,0.000,0.00
1777901216,loop30,0.00,0.00,0.000,0.000,0.00
1777901216,loop31,0.00,0.00,0.000,0.000,0.00
1777901216,loop32,0.00,0.00,0.000,0.000,0.00
1777901216,loop33,0.00,0.00,0.000,0.000,0.00
1777901216,loop34,0.00,0.00,0.000,0.000,0.00
1777901216,loop35,0.00,0.00,0.000,0.000,0.00
1777901216,loop36,0.00,0.00,0.000,0.000,0.00
1777901216,loop37,0.00,0.00,0.000,0.000,0.00
1777901216,loop38,0.00,0.00,0.000,0.000,0.00
1777901216,loop39,0.00,0.00,0.000,0.000,0.00
1777901216,loop4,0.00,0.00,0.000,0.000,0.00
1777901216,loop40,0.00,0.00,0.000,0.000,0.00
1777901216,loop5,0.00,0.00,0.000,0.000,0.00
1777901216,loop6,0.00,0.00,0.000,0.000,0.00
1777901216,loop7,0.00,0.00,0.000,0.000,0.00
1777901216,loop8,0.00,0.00,0.000,0.000,0.00
1777901216,loop9,0.00,0.00,0.000,0.000,0.00
1777901216,nvme0n1,0.00,0.00,0.000,0.000,1.00
1777901217,loop0,0.00,0.00,0.000,0.000,0.00
1777901217,loop1,0.00,0.00,0.000,0.000,0.00
1777901217,loop10,0.00,0.00,0.000,0.000,0.00
1777901217,loop11,0.00,0.00,0.000,0.000,0.00
1777901217,loop12,0.00,0.00,0.000,0.000,0.00
1777901217,loop13,0.00,0.00,0.000,0.000,0.00
1777901217,loop14,0.00,0.00,0.000,0.000,0.00
1777901217,loop15,0.00,0.00,0.000,0.000,0.00
1777901217,loop16,0.00,0.00,0.000,0.000,0.00
1777901217,loop17,0.00,0.00,0.000,0.000,0.00
1777901217,loop18,0.00,0.00,0.000,0.000,0.00
1777901217,loop19,0.00,0.00,0.000,0.000,0.00
1777901217,loop2,0.00,0.00,0.000,0.000,0.00
1777901217,loop20,0.00,0.00,0.000,0.000,0.00
1777901217,loop21,0.00,0.00,0.000,0.000,0.00
1777901217,loop22,0.00,0.00,0.000,0.000,0.00
1777901217,loop23,0.00,0.00,0.000,0.000,0.00
1777901217,loop24,0.00,0.00,0.000,0.000,0.00
1777901217,loop25,0.00,0.00,0.000,0.000,0.00
1777901217,loop26,0.00,0.00,0.000,0.000,0.00
1777901217,loop27,0.00,0.00,0.000,0.000,0.00
1777901217,loop28,0.00,0.00,0.000,0.000,0.00
1777901217,loop29,0.00,0.00,0.000,0.000,0.00
1777901217,loop3,0.00,0.00,0.000,0.000,0.00
1777901217,loop30,0.00,0.00,0.000,0.000,0.00
1777901217,loop31,0.00,0.00,0.000,0.000,0.00
1777901217,loop32,0.00,0.00,0.000,0.000,0.00
1777901217,loop33,0.00,0.00,0.000,0.000,0.00
1777901217,loop34,0.00,0.00,0.000,0.000,0.00
1777901217,loop35,0.00,0.00,0.000,0.000,0.00
1777901217,loop36,0.00,0.00,0.000,0.000,0.00
1777901217,loop37,0.00,0.00,0.000,0.000,0.00
1777901217,loop38,0.00,0.00,0.000,0.000,0.00
1777901217,loop39,0.00,0.00,0.000,0.000,0.00
1777901217,loop4,0.00,0.00,0.000,0.000,0.00
1777901217,loop40,0.00,0.00,0.000,0.000,0.00
1777901217,loop5,0.00,0.00,0.000,0.000,0.00
1777901217,loop6,0.00,0.00,0.000,0.000,0.00
1777901217,loop7,0.00,0.00,0.000,0.000,0.00
1777901217,loop8,0.00,0.00,0.000,0.000,0.00
1777901217,loop9,0.00,0.00,0.000,0.000,0.00
1777901217,nvme0n1,0.00,0.00,0.000,0.000,0.20
1777901218,loop0,0.00,0.00,0.000,0.000,0.00
1777901218,loop1,0.00,0.00,0.000,0.000,0.00
1777901218,loop10,0.00,0.00,0.000,0.000,0.00
1777901218,loop11,0.00,0.00,0.000,0.000,0.00
1777901218,loop12,0.00,0.00,0.000,0.000,0.00
1777901218,loop13,0.00,0.00,0.000,0.000,0.00
1777901218,loop14,0.00,0.00,0.000,0.000,0.00
1777901218,loop15,0.00,0.00,0.000,0.000,0.00
1777901218,loop16,0.00,0.00,0.000,0.000,0.00
1777901218,loop17,0.00,0.00,0.000,0.000,0.00
1777901218,loop18,0.00,0.00,0.000,0.000,0.00
1777901218,loop19,0.00,0.00,0.000,0.000,0.00
1777901218,loop2,0.00,0.00,0.000,0.000,0.00
1777901218,loop20,0.00,0.00,0.000,0.000,0.00
1777901218,loop21,0.00,0.00,0.000,0.000,0.00
1777901218,loop22,0.00,0.00,0.000,0.000,0.00
1777901218,loop23,0.00,0.00,0.000,0.000,0.00
1777901218,loop24,0.00,0.00,0.000,0.000,0.00
1777901218,loop25,0.00,0.00,0.000,0.000,0.00
1777901218,loop26,0.00,0.00,0.000,0.000,0.00
1777901218,loop27,0.00,0.00,0.000,0.000,0.00
1777901218,loop28,0.00,0.00,0.000,0.000,0.00
1777901218,loop29,0.00,0.00,0.000,0.000,0.00
1777901218,loop3,0.00,0.00,0.000,0.000,0.00
1777901218,loop30,0.00,0.00,0.000,0.000,0.00
1777901218,loop31,0.00,0.00,0.000,0.000,0.00
1777901218,loop32,0.00,0.00,0.000,0.000,0.00
1777901218,loop33,0.00,0.00,0.000,0.000,0.00
1777901218,loop34,0.00,0.00,0.000,0.000,0.00
1777901218,loop35,0.00,0.00,0.000,0.000,0.00
1777901218,loop36,0.00,0.00,0.000,0.000,0.00
1777901218,loop37,0.00,0.00,0.000,0.000,0.00
1777901218,loop38,0.00,0.00,0.000,0.000,0.00
1777901218,loop39,0.00,0.00,0.000,0.000,0.00
1777901218,loop4,0.00,0.00,0.000,0.000,0.00
1777901218,loop40,0.00,0.00,0.000,0.000,0.00
1777901218,loop5,0.00,0.00,0.000,0.000,0.00
1777901218,loop6,0.00,0.00,0.000,0.000,0.00
1777901218,loop7,0.00,0.00,0.000,0.000,0.00
1777901218,loop8,0.00,0.00,0.000,0.000,0.00
1777901218,loop9,0.00,0.00,0.000,0.000,0.00
1777901218,nvme0n1,0.00,0.00,0.000,0.000,0.00
1777901219,loop0,0.00,0.00,0.000,0.000,0.00
1777901219,loop1,0.00,0.00,0.000,0.000,0.00
1777901219,loop10,0.00,0.00,0.000,0.000,0.00
1777901219,loop11,0.00,0.00,0.000,0.000,0.00
1777901219,loop12,0.00,0.00,0.000,0.000,0.00
1777901219,loop13,0.00,0.00,0.000,0.000,0.00
1777901219,loop14,0.00,0.00,0.000,0.000,0.00
1777901219,loop15,0.00,0.00,0.000,0.000,0.00
1777901219,loop16,0.00,0.00,0.000,0.000,0.00
1777901219,loop17,0.00,0.00,0.000,0.000,0.00
1777901219,loop18,0.00,0.00,0.000,0.000,0.00
1777901219,loop19,0.00,0.00,0.000,0.000,0.00
1777901219,loop2,0.00,0.00,0.000,0.000,0.00
1777901219,loop20,0.00,0.00,0.000,0.000,0.00
1777901219,loop21,0.00,0.00,0.000,0.000,0.00
1777901219,loop22,0.00,0.00,0.000,0.000,0.00
1777901219,loop23,0.00,0.00,0.000,0.000,0.00
1777901219,loop24,0.00,0.00,0.000,0.000,0.00
1777901219,loop25,0.00,0.00,0.000,0.000,0.00
1777901219,loop26,0.00,0.00,0.000,0.000,0.00
1777901219,loop27,0.00,0.00,0.000,0.000,0.00
1777901219,loop28,0.00,0.00,0.000,0.000,0.00
1777901219,loop29,0.00,0.00,0.000,0.000,0.00
1777901219,loop3,0.00,0.00,0.000,0.000,0.00
1777901219,loop30,0.00,0.00,0.000,0.000,0.00
1777901219,loop31,0.00,0.00,0.000,0.000,0.00
1777901219,loop32,0.00,0.00,0.000,0.000,0.00
1777901219,loop33,0.00,0.00,0.000,0.000,0.00
1777901219,loop34,0.00,0.00,0.000,0.000,0.00
1777901219,loop35,0.00,0.00,0.000,0.000,0.00
1777901219,loop36,0.00,0.00,0.000,0.000,0.00
1777901219,loop37,0.00,0.00,0.000,0.000,0.00
1777901219,loop38,0.00,0.00,0.000,0.000,0.00
1777901219,loop39,0.00,0.00,0.000,0.000,0.00
1777901219,loop4,0.00,0.00,0.000,0.000,0.00
1777901219,loop40,0.00,0.00,0.000,0.000,0.00
1777901219,loop5,0.00,0.00,0.000,0.000,0.00
1777901219,loop6,0.00,0.00,0.000,0.000,0.00
1777901219,loop7,0.00,0.00,0.000,0.000,0.00
1777901219,loop8,0.00,0.00,0.000,0.000,0.00
1777901219,loop9,0.00,0.00,0.000,0.000,0.00
1777901219,nvme0n1,0.00,0.00,0.000,0.000,0.00
1777901220,loop0,0.00,0.00,0.000,0.000,0.00
1777901220,loop1,0.00,0.00,0.000,0.000,0.00
1777901220,loop10,0.00,0.00,0.000,0.000,0.00
1777901220,loop11,0.00,0.00,0.000,0.000,0.00
1777901220,loop12,0.00,0.00,0.000,0.000,0.00
1777901220,loop13,0.00,0.00,0.000,0.000,0.00
1777901220,loop14,0.00,0.00,0.000,0.000,0.00
1777901220,loop15,0.00,0.00,0.000,0.000,0.00
1777901220,loop16,0.00,0.00,0.000,0.000,0.00
1777901220,loop17,0.00,0.00,0.000,0.000,0.00
1777901220,loop18,0.00,0.00,0.000,0.000,0.00
1777901220,loop19,0.00,0.00,0.000,0.000,0.00
1777901220,loop2,0.00,0.00,0.000,0.000,0.00
1777901220,loop20,0.00,0.00,0.000,0.000,0.00
1777901220,loop21,0.00,0.00,0.000,0.000,0.00
1777901220,loop22,0.00,0.00,0.000,0.000,0.00
1777901220,loop23,0.00,0.00,0.000,0.000,0.00
1777901220,loop24,0.00,0.00,0.000,0.000,0.00
1777901220,loop25,0.00,0.00,0.000,0.000,0.00
1777901220,loop26,0.00,0.00,0.000,0.000,0.00
1777901220,loop27,0.00,0.00,0.000,0.000,0.00
1777901220,loop28,0.00,0.00,0.000,0.000,0.00
1777901220,loop29,0.00,0.00,0.000,0.000,0.00
1777901220,loop3,0.00,0.00,0.000,0.000,0.00
1777901220,loop30,0.00,0.00,0.000,0.000,0.00
1777901220,loop31,0.00,0.00,0.000,0.000,0.00
1777901220,loop32,0.00,0.00,0.000,0.000,0.00
1777901220,loop33,0.00,0.00,0.000,0.000,0.00
1777901220,loop34,0.00,0.00,0.000,0.000,0.00
1777901220,loop35,0.00,0.00,0.000,0.000,0.00
1777901220,loop36,0.00,0.00,0.000,0.000,0.00
1777901220,loop37,0.00,0.00,0.000,0.000,0.00
1777901220,loop38,0.00,0.00,0.000,0.000,0.00
1777901220,loop39,0.00,0.00,0.000,0.000,0.00
1777901220,loop4,0.00,0.00,0.000,0.000,0.00
1777901220,loop40,0.00,0.00,0.000,0.000,0.00
1777901220,loop5,0.00,0.00,0.000,0.000,0.00
1777901220,loop6,0.00,0.00,0.000,0.000,0.00
1777901220,loop7,0.00,0.00,0.000,0.000,0.00
1777901220,loop8,0.00,0.00,0.000,0.000,0.00
1777901220,loop9,0.00,0.00,0.000,0.000,0.00
1777901220,nvme0n1,0.00,0.00,0.000,0.000,0.10
1777901221,loop0,0.00,0.00,0.000,0.000,0.00
1777901221,loop1,0.00,0.00,0.000,0.000,0.00
1777901221,loop10,0.00,0.00,0.000,0.000,0.00
1777901221,loop11,0.00,0.00,0.000,0.000,0.00
1777901221,loop12,0.00,0.00,0.000,0.000,0.00
1777901221,loop13,0.00,0.00,0.000,0.000,0.00
1777901221,loop14,0.00,0.00,0.000,0.000,0.00
1777901221,loop15,0.00,0.00,0.000,0.000,0.00
1777901221,loop16,0.00,0.00,0.000,0.000,0.00
1777901221,loop17,0.00,0.00,0.000,0.000,0.00
1777901221,loop18,0.00,0.00,0.000,0.000,0.00
1777901221,loop19,0.00,0.00,0.000,0.000,0.00
1777901221,loop2,0.00,0.00,0.000,0.000,0.00
1777901221,loop20,0.00,0.00,0.000,0.000,0.00
1777901221,loop21,0.00,0.00,0.000,0.000,0.00
1777901221,loop22,0.00,0.00,0.000,0.000,0.00
1777901221,loop23,0.00,0.00,0.000,0.000,0.00
1777901221,loop24,0.00,0.00,0.000,0.000,0.00
1777901221,loop25,0.00,0.00,0.000,0.000,0.00
1777901221,loop26,0.00,0.00,0.000,0.000,0.00
1777901221,loop27,0.00,0.00,0.000,0.000,0.00
1777901221,loop28,0.00,0.00,0.000,0.000,0.00
1777901221,loop29,0.00,0.00,0.000,0.000,0.00
1777901221,loop3,0.00,0.00,0.000,0.000,0.00
1777901221,loop30,0.00,0.00,0.000,0.000,0.00
1777901221,loop31,0.00,0.00,0.000,0.000,0.00
1777901221,loop32,0.00,0.00,0.000,0.000,0.00
1777901221,loop33,0.00,0.00,0.000,0.000,0.00
1777901221,loop34,0.00,0.00,0.000,0.000,0.00
1777901221,loop35,0.00,0.00,0.000,0.000,0.00
1777901221,loop36,0.00,0.00,0.000,0.000,0.00
1777901221,loop37,0.00,0.00,0.000,0.000,0.00
1777901221,loop38,0.00,0.00,0.000,0.000,0.00
1777901221,loop39,0.00,0.00,0.000,0.000,0.00
1777901221,loop4,0.00,0.00,0.000,0.000,0.00
1777901221,loop40,0.00,0.00,0.000,0.000,0.00
1777901221,loop5,0.00,0.00,0.000,0.000,0.00
1777901221,loop6,0.00,0.00,0.000,0.000,0.00
1777901221,loop7,0.00,0.00,0.000,0.000,0.00
1777901221,loop8,0.00,0.00,0.000,0.000,0.00
1777901221,loop9,0.00,0.00,0.000,0.000,0.00
1777901221,nvme0n1,0.00,0.00,0.000,0.000,0.60
1777901222,loop0,0.00,0.00,0.000,0.000,0.00
1777901222,loop1,0.00,0.00,0.000,0.000,0.00
1777901222,loop10,0.00,0.00,0.000,0.000,0.00
1777901222,loop11,0.00,0.00,0.000,0.000,0.00
1777901222,loop12,0.00,0.00,0.000,0.000,0.00
1777901222,loop13,0.00,0.00,0.000,0.000,0.00
1777901222,loop14,0.00,0.00,0.000,0.000,0.00
1777901222,loop15,0.00,0.00,0.000,0.000,0.00
1777901222,loop16,0.00,0.00,0.000,0.000,0.00
1777901222,loop17,0.00,0.00,0.000,0.000,0.00
1777901222,loop18,0.00,0.00,0.000,0.000,0.00
1777901222,loop19,0.00,0.00,0.000,0.000,0.00
1777901222,loop2,0.00,0.00,0.000,0.000,0.00
1777901222,loop20,0.00,0.00,0.000,0.000,0.00
1777901222,loop21,0.00,0.00,0.000,0.000,0.00
1777901222,loop22,0.00,0.00,0.000,0.000,0.00
1777901222,loop23,0.00,0.00,0.000,0.000,0.00
1777901222,loop24,0.00,0.00,0.000,0.000,0.00
1777901222,loop25,0.00,0.00,0.000,0.000,0.00
1777901222,loop26,0.00,0.00,0.000,0.000,0.00
1777901222,loop27,0.00,0.00,0.000,0.000,0.00
1777901222,loop28,0.00,0.00,0.000,0.000,0.00
1777901222,loop29,0.00,0.00,0.000,0.000,0.00
1777901222,loop3,0.00,0.00,0.000,0.000,0.00
1777901222,loop30,0.00,0.00,0.000,0.000,0.00
1777901222,loop31,0.00,0.00,0.000,0.000,0.00
1777901222,loop32,0.00,0.00,0.000,0.000,0.00
1777901222,loop33,0.00,0.00,0.000,0.000,0.00
1777901222,loop34,0.00,0.00,0.000,0.000,0.00
1777901222,loop35,0.00,0.00,0.000,0.000,0.00
1777901222,loop36,0.00,0.00,0.000,0.000,0.00
1777901222,loop37,0.00,0.00,0.000,0.000,0.00
1777901222,loop38,0.00,0.00,0.000,0.000,0.00
1777901222,loop39,0.00,0.00,0.000,0.000,0.00
1777901222,loop4,0.00,0.00,0.000,0.000,0.00
1777901222,loop40,0.00,0.00,0.000,0.000,0.00
1777901222,loop5,0.00,0.00,0.000,0.000,0.00
1777901222,loop6,0.00,0.00,0.000,0.000,0.00
1777901222,loop7,0.00,0.00,0.000,0.000,0.00
1777901222,loop8,0.00,0.00,0.000,0.000,0.00
1777901222,loop9,0.00,0.00,0.000,0.000,0.00
1777901222,nvme0n1,0.00,0.00,0.000,0.000,0.30
1777901223,loop0,0.00,0.00,0.000,0.000,0.00
1777901223,loop1,0.00,0.00,0.000,0.000,0.00
1777901223,loop10,0.00,0.00,0.000,0.000,0.00
1777901223,loop11,0.00,0.00,0.000,0.000,0.00
1777901223,loop12,0.00,0.00,0.000,0.000,0.00
1777901223,loop13,0.00,0.00,0.000,0.000,0.00
1777901223,loop14,0.00,0.00,0.000,0.000,0.00
1777901223,loop15,0.00,0.00,0.000,0.000,0.00
1777901223,loop16,0.00,0.00,0.000,0.000,0.00
1777901223,loop17,0.00,0.00,0.000,0.000,0.00
1777901223,loop18,0.00,0.00,0.000,0.000,0.00
1777901223,loop19,0.00,0.00,0.000,0.000,0.00
1777901223,loop2,0.00,0.00,0.000,0.000,0.00
1777901223,loop20,0.00,0.00,0.000,0.000,0.00
1777901223,loop21,0.00,0.00,0.000,0.000,0.00
1777901223,loop22,0.00,0.00,0.000,0.000,0.00
1777901223,loop23,0.00,0.00,0.000,0.000,0.00
1777901223,loop24,0.00,0.00,0.000,0.000,0.00
1777901223,loop25,0.00,0.00,0.000,0.000,0.00
1777901223,loop26,0.00,0.00,0.000,0.000,0.00
1777901223,loop27,0.00,0.00,0.000,0.000,0.00
1777901223,loop28,0.00,0.00,0.000,0.000,0.00
1777901223,loop29,0.00,0.00,0.000,0.000,0.00
1777901223,loop3,0.00,0.00,0.000,0.000,0.00
1777901223,loop30,0.00,0.00,0.000,0.000,0.00
1777901223,loop31,0.00,0.00,0.000,0.000,0.00
1777901223,loop32,0.00,0.00,0.000,0.000,0.00
1777901223,loop33,0.00,0.00,0.000,0.000,0.00
1777901223,loop34,0.00,0.00,0.000,0.000,0.00
1777901223,loop35,0.00,0.00,0.000,0.000,0.00
1777901223,loop36,0.00,0.00,0.000,0.000,0.00
1777901223,loop37,0.00,0.00,0.000,0.000,0.00
1777901223,loop38,0.00,0.00,0.000,0.000,0.00
1777901223,loop39,0.00,0.00,0.000,0.000,0.00
1777901223,loop4,0.00,0.00,0.000,0.000,0.00
1777901223,loop40,0.00,0.00,0.000,0.000,0.00
1777901223,loop5,0.00,0.00,0.000,0.000,0.00
1777901223,loop6,0.00,0.00,0.000,0.000,0.00
1777901223,loop7,0.00,0.00,0.000,0.000,0.00
1777901223,loop8,0.00,0.00,0.000,0.000,0.00
1777901223,loop9,0.00,0.00,0.000,0.000,0.00
1777901223,nvme0n1,0.00,0.00,0.000,0.000,0.00
1777901224,loop0,0.00,0.00,0.000,0.000,0.00
1777901224,loop1,0.00,0.00,0.000,0.000,0.00
1777901224,loop10,0.00,0.00,0.000,0.000,0.00
1777901224,loop11,0.00,0.00,0.000,0.000,0.00
1777901224,loop12,0.00,0.00,0.000,0.000,0.00
1777901224,loop13,0.00,0.00,0.000,0.000,0.00
1777901224,loop14,0.00,0.00,0.000,0.000,0.00
1777901224,loop15,0.00,0.00,0.000,0.000,0.00
1777901224,loop16,0.00,0.00,0.000,0.000,0.00
1777901224,loop17,0.00,0.00,0.000,0.000,0.00
1777901224,loop18,0.00,0.00,0.000,0.000,0.00
1777901224,loop19,0.00,0.00,0.000,0.000,0.00
1777901224,loop2,0.00,0.00,0.000,0.000,0.00
1777901224,loop20,0.00,0.00,0.000,0.000,0.00
1777901224,loop21,0.00,0.00,0.000,0.000,0.00
1777901224,loop22,0.00,0.00,0.000,0.000,0.00
1777901224,loop23,0.00,0.00,0.000,0.000,0.00
1777901224,loop24,0.00,0.00,0.000,0.000,0.00
1777901224,loop25,0.00,0.00,0.000,0.000,0.00
1777901224,loop26,0.00,0.00,0.000,0.000,0.00
1777901224,loop27,0.00,0.00,0.000,0.000,0.00
1777901224,loop28,0.00,0.00,0.000,0.000,0.00
1777901224,loop29,0.00,0.00,0.000,0.000,0.00
1777901224,loop3,0.00,0.00,0.000,0.000,0.00
1777901224,loop30,0.00,0.00,0.000,0.000,0.00
1777901224,loop31,0.00,0.00,0.000,0.000,0.00
1777901224,loop32,0.00,0.00,0.000,0.000,0.00
1777901224,loop33,0.00,0.00,0.000,0.000,0.00
1777901224,loop34,0.00,0.00,0.000,0.000,0.00
1777901224,loop35,0.00,0.00,0.000,0.000,0.00
1777901224,loop36,0.00,0.00,0.000,0.000,0.00
1777901224,loop37,0.00,0.00,0.000,0.000,0.00
1777901224,loop38,0.00,0.00,0.000,0.000,0.00
1777901224,loop39,0.00,0.00,0.000,0.000,0.00
1777901224,loop4,0.00,0.00,0.000,0.000,0.00
1777901224,loop40,0.00,0.00,0.000,0.000,0.00
1777901224,loop5,0.00,0.00,0.000,0.000,0.00
1777901224,loop6,0.00,0.00,0.000,0.000,0.00
1777901224,loop7,0.00,0.00,0.000,0.000,0.00
1777901224,loop8,0.00,0.00,0.000,0.000,0.00
1777901224,loop9,0.00,0.00,0.000,0.000,0.00
1777901224,nvme0n1,0.00,0.00,0.000,0.000,0.00
1777901225,loop0,0.00,0.00,0.000,0.000,0.00
1777901225,loop1,0.00,0.00,0.000,0.000,0.00
1777901225,loop10,0.00,0.00,0.000,0.000,0.00
1777901225,loop11,0.00,0.00,0.000,0.000,0.00
1777901225,loop12,0.00,0.00,0.000,0.000,0.00
1777901225,loop13,0.00,0.00,0.000,0.000,0.00
1777901225,loop14,0.00,0.00,0.000,0.000,0.00
1777901225,loop15,0.00,0.00,0.000,0.000,0.00
1777901225,loop16,0.00,0.00,0.000,0.000,0.00
1777901225,loop17,0.00,0.00,0.000,0.000,0.00
1777901225,loop18,0.00,0.00,0.000,0.000,0.00
1777901225,loop19,0.00,0.00,0.000,0.000,0.00
1777901225,loop2,0.00,0.00,0.000,0.000,0.00
1777901225,loop20,0.00,0.00,0.000,0.000,0.00
1777901225,loop21,0.00,0.00,0.000,0.000,0.00
1777901225,loop22,0.00,0.00,0.000,0.000,0.00
1777901225,loop23,0.00,0.00,0.000,0.000,0.00
1777901225,loop24,0.00,0.00,0.000,0.000,0.00
1777901225,loop25,0.00,0.00,0.000,0.000,0.00
1777901225,loop26,0.00,0.00,0.000,0.000,0.00
1777901225,loop27,0.00,0.00,0.000,0.000,0.00
1777901225,loop28,0.00,0.00,0.000,0.000,0.00
1777901225,loop29,0.00,0.00,0.000,0.000,0.00
1777901225,loop3,0.00,0.00,0.000,0.000,0.00
1777901225,loop30,0.00,0.00,0.000,0.000,0.00
1777901225,loop31,0.00,0.00,0.000,0.000,0.00
1777901225,loop32,0.00,0.00,0.000,0.000,0.00
1777901225,loop33,0.00,0.00,0.000,0.000,0.00
1777901225,loop34,0.00,0.00,0.000,0.000,0.00
1777901225,loop35,0.00,0.00,0.000,0.000,0.00
1777901225,loop36,0.00,0.00,0.000,0.000,0.00
1777901225,loop37,0.00,0.00,0.000,0.000,0.00
1777901225,loop38,0.00,0.00,0.000,0.000,0.00
1777901225,loop39,0.00,0.00,0.000,0.000,0.00
1777901225,loop4,0.00,0.00,0.000,0.000,0.00
1777901225,loop40,0.00,0.00,0.000,0.000,0.00
1777901225,loop5,0.00,0.00,0.000,0.000,0.00
1777901225,loop6,0.00,0.00,0.000,0.000,0.00
1777901225,loop7,0.00,0.00,0.000,0.000,0.00
1777901225,loop8,0.00,0.00,0.000,0.000,0.00
1777901225,loop9,0.00,0.00,0.000,0.000,0.00
1777901225,nvme0n1,4.00,100.00,0.000,0.000,9.00
1777901226,loop0,0.00,0.00,0.000,0.000,0.00
1777901226,loop1,0.00,0.00,0.000,0.000,0.00
1777901226,loop10,0.00,0.00,0.000,0.000,0.00
1777901226,loop11,0.00,0.00,0.000,0.000,0.00
1777901226,loop12,0.00,0.00,0.000,0.000,0.00
1777901226,loop13,0.00,0.00,0.000,0.000,0.00
1777901226,loop14,0.00,0.00,0.000,0.000,0.00
1777901226,loop15,0.00,0.00,0.000,0.000,0.00
1777901226,loop16,0.00,0.00,0.000,0.000,0.00
1777901226,loop17,0.00,0.00,0.000,0.000,0.00
1777901226,loop18,0.00,0.00,0.000,0.000,0.00
1777901226,loop19,0.00,0.00,0.000,0.000,0.00
1777901226,loop2,0.00,0.00,0.000,0.000,0.00
1777901226,loop20,0.00,0.00,0.000,0.000,0.00
1777901226,loop21,0.00,0.00,0.000,0.000,0.00
1777901226,loop22,0.00,0.00,0.000,0.000,0.00
1777901226,loop23,0.00,0.00,0.000,0.000,0.00
1777901226,loop24,0.00,0.00,0.000,0.000,0.00
1777901226,loop25,0.00,0.00,0.000,0.000,0.00
1777901226,loop26,0.00,0.00,0.000,0.000,0.00
1777901226,loop27,0.00,0.00,0.000,0.000,0.00
1777901226,loop28,0.00,0.00,0.000,0.000,0.00
1777901226,loop29,0.00,0.00,0.000,0.000,0.00
1777901226,loop3,0.00,0.00,0.000,0.000,0.00
1777901226,loop30,0.00,0.00,0.000,0.000,0.00
1777901226,loop31,0.00,0.00,0.000,0.000,0.00
1777901226,loop32,0.00,0.00,0.000,0.000,0.00
1777901226,loop33,0.00,0.00,0.000,0.000,0.00
1777901226,loop34,0.00,0.00,0.000,0.000,0.00
1777901226,loop35,0.00,0.00,0.000,0.000,0.00
1777901226,loop36,0.00,0.00,0.000,0.000,0.00
1777901226,loop37,0.00,0.00,0.000,0.000,0.00
1777901226,loop38,0.00,0.00,0.000,0.000,0.00
1777901226,loop39,0.00,0.00,0.000,0.000,0.00
1777901226,loop4,0.00,0.00,0.000,0.000,0.00
1777901226,loop40,0.00,0.00,0.000,0.000,0.00
1777901226,loop5,0.00,0.00,0.000,0.000,0.00
1777901226,loop6,0.00,0.00,0.000,0.000,0.00
1777901226,loop7,0.00,0.00,0.000,0.000,0.00
1777901226,loop8,0.00,0.00,0.000,0.000,0.00
1777901226,loop9,0.00,0.00,0.000,0.000,0.00
1777901226,nvme0n1,0.00,0.00,0.000,0.000,1.30
1777901227,loop0,0.00,0.00,0.000,0.000,0.00
1777901227,loop1,0.00,0.00,0.000,0.000,0.00
1777901227,loop10,0.00,0.00,0.000,0.000,0.00
1777901227,loop11,0.00,0.00,0.000,0.000,0.00
1777901227,loop12,0.00,0.00,0.000,0.000,0.00
1777901227,loop13,0.00,0.00,0.000,0.000,0.00
1777901227,loop14,0.00,0.00,0.000,0.000,0.00
1777901227,loop15,0.00,0.00,0.000,0.000,0.00
1777901227,loop16,0.00,0.00,0.000,0.000,0.00
1777901227,loop17,0.00,0.00,0.000,0.000,0.00
1777901227,loop18,0.00,0.00,0.000,0.000,0.00
1777901227,loop19,0.00,0.00,0.000,0.000,0.00
1777901227,loop2,0.00,0.00,0.000,0.000,0.00
1777901227,loop20,0.00,0.00,0.000,0.000,0.00
1777901227,loop21,0.00,0.00,0.000,0.000,0.00
1777901227,loop22,0.00,0.00,0.000,0.000,0.00
1777901227,loop23,0.00,0.00,0.000,0.000,0.00
1777901227,loop24,0.00,0.00,0.000,0.000,0.00
1777901227,loop25,0.00,0.00,0.000,0.000,0.00
1777901227,loop26,0.00,0.00,0.000,0.000,0.00
1777901227,loop27,0.00,0.00,0.000,0.000,0.00
1777901227,loop28,0.00,0.00,0.000,0.000,0.00
1777901227,loop29,0.00,0.00,0.000,0.000,0.00
1777901227,loop3,0.00,0.00,0.000,0.000,0.00
1777901227,loop30,0.00,0.00,0.000,0.000,0.00
1777901227,loop31,0.00,0.00,0.000,0.000,0.00
1777901227,loop32,0.00,0.00,0.000,0.000,0.00
1777901227,loop33,0.00,0.00,0.000,0.000,0.00
1777901227,loop34,0.00,0.00,0.000,0.000,0.00
1777901227,loop35,0.00,0.00,0.000,0.000,0.00
1777901227,loop36,0.00,0.00,0.000,0.000,0.00
1777901227,loop37,0.00,0.00,0.000,0.000,0.00
1777901227,loop38,0.00,0.00,0.000,0.000,0.00
1777901227,loop39,0.00,0.00,0.000,0.000,0.00
1777901227,loop4,0.00,0.00,0.000,0.000,0.00
1777901227,loop40,0.00,0.00,0.000,0.000,0.00
1777901227,loop5,0.00,0.00,0.000,0.000,0.00
1777901227,loop6,0.00,0.00,0.000,0.000,0.00
1777901227,loop7,0.00,0.00,0.000,0.000,0.00
1777901227,loop8,0.00,0.00,0.000,0.000,0.00
1777901227,loop9,0.00,0.00,0.000,0.000,0.00
1777901227,nvme0n1,0.00,0.00,0.000,0.000,0.80
1777901228,loop0,0.00,0.00,0.000,0.000,0.00
1777901228,loop1,0.00,0.00,0.000,0.000,0.00
1777901228,loop10,0.00,0.00,0.000,0.000,0.00
1777901228,loop11,0.00,0.00,0.000,0.000,0.00
1777901228,loop12,0.00,0.00,0.000,0.000,0.00
1777901228,loop13,0.00,0.00,0.000,0.000,0.00
1777901228,loop14,0.00,0.00,0.000,0.000,0.00
1777901228,loop15,0.00,0.00,0.000,0.000,0.00
1777901228,loop16,0.00,0.00,0.000,0.000,0.00
1777901228,loop17,0.00,0.00,0.000,0.000,0.00
1777901228,loop18,0.00,0.00,0.000,0.000,0.00
1777901228,loop19,0.00,0.00,0.000,0.000,0.00
1777901228,loop2,0.00,0.00,0.000,0.000,0.00
1777901228,loop20,0.00,0.00,0.000,0.000,0.00
1777901228,loop21,0.00,0.00,0.000,0.000,0.00
1777901228,loop22,0.00,0.00,0.000,0.000,0.00
1777901228,loop23,0.00,0.00,0.000,0.000,0.00
1777901228,loop24,0.00,0.00,0.000,0.000,0.00
1777901228,loop25,0.00,0.00,0.000,0.000,0.00
1777901228,loop26,0.00,0.00,0.000,0.000,0.00
1777901228,loop27,0.00,0.00,0.000,0.000,0.00
1777901228,loop28,0.00,0.00,0.000,0.000,0.00
1777901228,loop29,0.00,0.00,0.000,0.000,0.00
1777901228,loop3,0.00,0.00,0.000,0.000,0.00
1777901228,loop30,0.00,0.00,0.000,0.000,0.00
1777901228,loop31,0.00,0.00,0.000,0.000,0.00
1777901228,loop32,0.00,0.00,0.000,0.000,0.00
1777901228,loop33,0.00,0.00,0.000,0.000,0.00
1777901228,loop34,0.00,0.00,0.000,0.000,0.00
1777901228,loop35,0.00,0.00,0.000,0.000,0.00
1777901228,loop36,0.00,0.00,0.000,0.000,0.00
1777901228,loop37,0.00,0.00,0.000,0.000,0.00
1777901228,loop38,0.00,0.00,0.000,0.000,0.00
1777901228,loop39,0.00,0.00,0.000,0.000,0.00
1777901228,loop4,0.00,0.00,0.000,0.000,0.00
1777901228,loop40,0.00,0.00,0.000,0.000,0.00
1777901228,loop5,0.00,0.00,0.000,0.000,0.00
1777901228,loop6,0.00,0.00,0.000,0.000,0.00
1777901228,loop7,0.00,0.00,0.000,0.000,0.00
1777901228,loop8,0.00,0.00,0.000,0.000,0.00
1777901228,loop9,0.00,0.00,0.000,0.000,0.00
1777901228,nvme0n1,1.00,4.00,0.000,0.000,1.50
1777901229,loop0,0.00,0.00,0.000,0.000,0.00
1777901229,loop1,0.00,0.00,0.000,0.000,0.00
1777901229,loop10,0.00,0.00,0.000,0.000,0.00
1777901229,loop11,0.00,0.00,0.000,0.000,0.00
1777901229,loop12,0.00,0.00,0.000,0.000,0.00
1777901229,loop13,0.00,0.00,0.000,0.000,0.00
1777901229,loop14,0.00,0.00,0.000,0.000,0.00
1777901229,loop15,0.00,0.00,0.000,0.000,0.00
1777901229,loop16,0.00,0.00,0.000,0.000,0.00
1777901229,loop17,0.00,0.00,0.000,0.000,0.00
1777901229,loop18,0.00,0.00,0.000,0.000,0.00
1777901229,loop19,0.00,0.00,0.000,0.000,0.00
1777901229,loop2,0.00,0.00,0.000,0.000,0.00
1777901229,loop20,0.00,0.00,0.000,0.000,0.00
1777901229,loop21,0.00,0.00,0.000,0.000,0.00
1777901229,loop22,0.00,0.00,0.000,0.000,0.00
1777901229,loop23,0.00,0.00,0.000,0.000,0.00
1777901229,loop24,0.00,0.00,0.000,0.000,0.00
1777901229,loop25,0.00,0.00,0.000,0.000,0.00
1777901229,loop26,0.00,0.00,0.000,0.000,0.00
1777901229,loop27,0.00,0.00,0.000,0.000,0.00
1777901229,loop28,0.00,0.00,0.000,0.000,0.00
1777901229,loop29,0.00,0.00,0.000,0.000,0.00
1777901229,loop3,0.00,0.00,0.000,0.000,0.00
1777901229,loop30,0.00,0.00,0.000,0.000,0.00
1777901229,loop31,0.00,0.00,0.000,0.000,0.00
1777901229,loop32,0.00,0.00,0.000,0.000,0.00
1777901229,loop33,0.00,0.00,0.000,0.000,0.00
1777901229,loop34,0.00,0.00,0.000,0.000,0.00
1777901229,loop35,0.00,0.00,0.000,0.000,0.00
1777901229,loop36,0.00,0.00,0.000,0.000,0.00
1777901229,loop37,0.00,0.00,0.000,0.000,0.00
1777901229,loop38,0.00,0.00,0.000,0.000,0.00
1777901229,loop39,0.00,0.00,0.000,0.000,0.00
1777901229,loop4,0.00,0.00,0.000,0.000,0.00
1777901229,loop40,0.00,0.00,0.000,0.000,0.00
1777901229,loop5,0.00,0.00,0.000,0.000,0.00
1777901229,loop6,0.00,0.00,0.000,0.000,0.00
1777901229,loop7,0.00,0.00,0.000,0.000,0.00
1777901229,loop8,0.00,0.00,0.000,0.000,0.00
1777901229,loop9,0.00,0.00,0.000,0.000,0.00
1777901229,nvme0n1,0.00,0.00,0.000,0.000,0.00
1777901230,loop0,0.00,0.00,0.000,0.000,0.00
1777901230,loop1,0.00,0.00,0.000,0.000,0.00
1777901230,loop10,0.00,0.00,0.000,0.000,0.00
1777901230,loop11,0.00,0.00,0.000,0.000,0.00
1777901230,loop12,0.00,0.00,0.000,0.000,0.00
1777901230,loop13,0.00,0.00,0.000,0.000,0.00
1777901230,loop14,0.00,0.00,0.000,0.000,0.00
1777901230,loop15,0.00,0.00,0.000,0.000,0.00
1777901230,loop16,0.00,0.00,0.000,0.000,0.00
1777901230,loop17,0.00,0.00,0.000,0.000,0.00
1777901230,loop18,0.00,0.00,0.000,0.000,0.00
1777901230,loop19,0.00,0.00,0.000,0.000,0.00
1777901230,loop2,0.00,0.00,0.000,0.000,0.00
1777901230,loop20,0.00,0.00,0.000,0.000,0.00
1777901230,loop21,0.00,0.00,0.000,0.000,0.00
1777901230,loop22,0.00,0.00,0.000,0.000,0.00
1777901230,loop23,0.00,0.00,0.000,0.000,0.00
1777901230,loop24,0.00,0.00,0.000,0.000,0.00
1777901230,loop25,0.00,0.00,0.000,0.000,0.00
1777901230,loop26,0.00,0.00,0.000,0.000,0.00
1777901230,loop27,0.00,0.00,0.000,0.000,0.00
1777901230,loop28,0.00,0.00,0.000,0.000,0.00
1777901230,loop29,0.00,0.00,0.000,0.000,0.00
1777901230,loop3,0.00,0.00,0.000,0.000,0.00
1777901230,loop30,0.00,0.00,0.000,0.000,0.00
1777901230,loop31,0.00,0.00,0.000,0.000,0.00
1777901230,loop32,0.00,0.00,0.000,0.000,0.00
1777901230,loop33,0.00,0.00,0.000,0.000,0.00
1777901230,loop34,0.00,0.00,0.000,0.000,0.00
1777901230,loop35,0.00,0.00,0.000,0.000,0.00
1777901230,loop36,0.00,0.00,0.000,0.000,0.00
1777901230,loop37,0.00,0.00,0.000,0.000,0.00
1777901230,loop38,0.00,0.00,0.000,0.000,0.00
1777901230,loop39,0.00,0.00,0.000,0.000,0.00
1777901230,loop4,0.00,0.00,0.000,0.000,0.00
1777901230,loop40,0.00,0.00,0.000,0.000,0.00
1777901230,loop5,0.00,0.00,0.000,0.000,0.00
1777901230,loop6,0.00,0.00,0.000,0.000,0.00
1777901230,loop7,0.00,0.00,0.000,0.000,0.00
1777901230,loop8,0.00,0.00,0.000,0.000,0.00
1777901230,loop9,0.00,0.00,0.000,0.000,0.00
1777901230,nvme0n1,0.00,0.00,0.000,0.000,1.10
1777901231,loop0,0.00,0.00,0.000,0.000,0.00
1777901231,loop1,0.00,0.00,0.000,0.000,0.00
1777901231,loop10,0.00,0.00,0.000,0.000,0.00
1777901231,loop11,0.00,0.00,0.000,0.000,0.00
1777901231,loop12,0.00,0.00,0.000,0.000,0.00
1777901231,loop13,0.00,0.00,0.000,0.000,0.00
1777901231,loop14,0.00,0.00,0.000,0.000,0.00
1777901231,loop15,0.00,0.00,0.000,0.000,0.00
1777901231,loop16,0.00,0.00,0.000,0.000,0.00
1777901231,loop17,0.00,0.00,0.000,0.000,0.00
1777901231,loop18,0.00,0.00,0.000,0.000,0.00
1777901231,loop19,0.00,0.00,0.000,0.000,0.00
1777901231,loop2,0.00,0.00,0.000,0.000,0.00
1777901231,loop20,0.00,0.00,0.000,0.000,0.00
1777901231,loop21,0.00,0.00,0.000,0.000,0.00
1777901231,loop22,0.00,0.00,0.000,0.000,0.00
1777901231,loop23,0.00,0.00,0.000,0.000,0.00
1777901231,loop24,0.00,0.00,0.000,0.000,0.00
1777901231,loop25,0.00,0.00,0.000,0.000,0.00
1777901231,loop26,0.00,0.00,0.000,0.000,0.00
1777901231,loop27,0.00,0.00,0.000,0.000,0.00
1777901231,loop28,0.00,0.00,0.000,0.000,0.00
1777901231,loop29,0.00,0.00,0.000,0.000,0.00
1777901231,loop3,0.00,0.00,0.000,0.000,0.00
1777901231,loop30,0.00,0.00,0.000,0.000,0.00
1777901231,loop31,0.00,0.00,0.000,0.000,0.00
1777901231,loop32,0.00,0.00,0.000,0.000,0.00
1777901231,loop33,0.00,0.00,0.000,0.000,0.00
1777901231,loop34,0.00,0.00,0.000,0.000,0.00
1777901231,loop35,0.00,0.00,0.000,0.000,0.00
1777901231,loop36,0.00,0.00,0.000,0.000,0.00
1777901231,loop37,0.00,0.00,0.000,0.000,0.00
1777901231,loop38,0.00,0.00,0.000,0.000,0.00
1777901231,loop39,0.00,0.00,0.000,0.000,0.00
1777901231,loop4,0.00,0.00,0.000,0.000,0.00
1777901231,loop40,0.00,0.00,0.000,0.000,0.00
1777901231,loop5,0.00,0.00,0.000,0.000,0.00
1777901231,loop6,0.00,0.00,0.000,0.000,0.00
1777901231,loop7,0.00,0.00,0.000,0.000,0.00
1777901231,loop8,0.00,0.00,0.000,0.000,0.00
1777901231,loop9,0.00,0.00,0.000,0.000,0.00
1777901231,nvme0n1,0.00,0.00,0.000,0.000,0.00
