t_unix,device,r_iops,w_iops,r_mb_s,w_mb_s,util_pct
1777917073,loop0,0.00,0.00,0.000,0.000,0.00
1777917073,loop1,0.00,0.00,0.000,0.000,0.00
1777917073,loop10,0.00,0.00,0.000,0.000,0.00
1777917073,loop11,0.00,0.00,0.000,0.000,0.00
1777917073,loop12,0.00,0.00,0.000,0.000,0.00
1777917073,loop13,0.00,0.00,0.000,0.000,0.00
1777917073,loop14,0.00,0.00,0.000,0.000,0.00
1777917073,loop15,0.00,0.00,0.000,0.000,0.00
1777917073,loop16,0.00,0.00,0.000,0.000,0.00
1777917073,loop17,0.00,0.00,0.000,0.000,0.00
1777917073,loop18,0.00,0.00,0.000,0.000,0.00
1777917073,loop19,0.00,0.00,0.000,0.000,0.00
1777917073,loop2,0.00,0.00,0.000,0.000,0.00
1777917073,loop20,0.00,0.00,0.000,0.000,0.00
1777917073,loop21,0.00,0.00,0.000,0.000,0.00
1777917073,loop22,0.00,0.00,0.000,0.000,0.00
1777917073,loop23,0.00,0.00,0.000,0.000,0.00
1777917073,loop24,0.00,0.00,0.000,0.000,0.00
1777917073,loop25,0.00,0.00,0.000,0.000,0.00
1777917073,loop26,0.00,0.00,0.000,0.000,0.00
1777917073,loop27,0.00,0.00,0.000,0.000,0.00
1777917073,loop28,0.00,0.00,0.000,0.000,0.00
1777917073,loop29,0.00,0.00,0.000,0.000,0.00
1777917073,loop3,0.00,0.00,0.000,0.000,0.00
1777917073,loop30,0.00,0.00,0.000,0.000,0.00
1777917073,loop31,0.00,0.00,0.000,0.000,0.00
1777917073,loop32,0.00,0.00,0.000,0.000,0.00
1777917073,loop33,0.00,0.00,0.000,0.000,0.00
1777917073,loop34,0.00,0.00,0.000,0.000,0.00
1777917073,loop35,0.00,0.00,0.000,0.000,0.00
1777917073,loop36,0.00,0.00,0.000,0.000,0.00
1777917073,loop37,0.00,0.00,0.000,0.000,0.00
1777917073,loop38,0.00,0.00,0.000,0.000,0.00
1777917073,loop39,0.00,0.00,0.000,0.000,0.00
1777917073,loop4,0.00,0.00,0.000,0.000,0.00
1777917073,loop40,0.00,0.00,0.000,0.000,0.00
1777917073,loop5,0.00,0.00,0.000,0.000,0.00
1777917073,loop6,0.00,0.00,0.000,0.000,0.00
1777917073,loop7,0.00,0.00,0.000,0.000,0.00
1777917073,loop8,0.00,0.00,0.000,0.000,0.00
1777917073,loop9,0.00,0.00,0.000,0.000,0.00
1777917073,nvme0n1,0.00,0.00,0.000,0.000,0.00
1777917074,loop0,0.00,0.00,0.000,0.000,0.00
1777917074,loop1,0.00,0.00,0.000,0.000,0.00
1777917074,loop10,0.00,0.00,0.000,0.000,0.00
1777917074,loop11,0.00,0.00,0.000,0.000,0.00
1777917074,loop12,0.00,0.00,0.000,0.000,0.00
1777917074,loop13,0.00,0.00,0.000,0.000,0.00
1777917074,loop14,0.00,0.00,0.000,0.000,0.00
1777917074,loop15,0.00,0.00,0.000,0.000,0.00
1777917074,loop16,0.00,0.00,0.000,0.000,0.00
1777917074,loop17,0.00,0.00,0.000,0.000,0.00
1777917074,loop18,0.00,0.00,0.000,0.000,0.00
1777917074,loop19,0.00,0.00,0.000,0.000,0.00
1777917074,loop2,0.00,0.00,0.000,0.000,0.00
1777917074,loop20,0.00,0.00,0.000,0.000,0.00
1777917074,loop21,0.00,0.00,0.000,0.000,0.00
1777917074,loop22,0.00,0.00,0.000,0.000,0.00
1777917074,loop23,0.00,0.00,0.000,0.000,0.00
1777917074,loop24,0.00,0.00,0.000,0.000,0.00
1777917074,loop25,0.00,0.00,0.000,0.000,0.00
1777917074,loop26,0.00,0.00,0.000,0.000,0.00
1777917074,loop27,0.00,0.00,0.000,0.000,0.00
1777917074,loop28,0.00,0.00,0.000,0.000,0.00
1777917074,loop29,0.00,0.00,0.000,0.000,0.00
1777917074,loop3,0.00,0.00,0.000,0.000,0.00
1777917074,loop30,0.00,0.00,0.000,0.000,0.00
1777917074,loop31,0.00,0.00,0.000,0.000,0.00
1777917074,loop32,0.00,0.00,0.000,0.000,0.00
1777917074,loop33,0.00,0.00,0.000,0.000,0.00
1777917074,loop34,0.00,0.00,0.000,0.000,0.00
1777917074,loop35,0.00,0.00,0.000,0.000,0.00
1777917074,loop36,0.00,0.00,0.000,0.000,0.00
1777917074,loop37,0.00,0.00,0.000,0.000,0.00
1777917074,loop38,0.00,0.00,0.000,0.000,0.00
1777917074,loop39,0.00,0.00,0.000,0.000,0.00
1777917074,loop4,0.00,0.00,0.000,0.000,0.00
1777917074,loop40,0.00,0.00,0.000,0.000,0.00
1777917074,loop5,0.00,0.00,0.000,0.000,0.00
1777917074,loop6,0.00,0.00,0.000,0.000,0.00
1777917074,loop7,0.00,0.00,0.000,0.000,0.00
1777917074,loop8,0.00,0.00,0.000,0.000,0.00
1777917074,loop9,0.00,0.00,0.000,0.000,0.00
1777917074,nvme0n1,0.00,0.00,0.000,0.000,0.00
1777917075,loop0,0.00,0.00,0.000,0.000,0.00
1777917075,loop1,0.00,0.00,0.000,0.000,0.00
1777917075,loop10,0.00,0.00,0.000,0.000,0.00
1777917075,loop11,0.00,0.00,0.000,0.000,0.00
1777917075,loop12,0.00,0.00,0.000,0.000,0.00
1777917075,loop13,0.00,0.00,0.000,0.000,0.00
1777917075,loop14,0.00,0.00,0.000,0.000,0.00
1777917075,loop15,0.00,0.00,0.000,0.000,0.00
1777917075,loop16,0.00,0.00,0.000,0.000,0.00
1777917075,loop17,0.00,0.00,0.000,0.000,0.00
1777917075,loop18,0.00,0.00,0.000,0.000,0.00
1777917075,loop19,0.00,0.00,0.000,0.000,0.00
1777917075,loop2,0.00,0.00,0.000,0.000,0.00
1777917075,loop20,0.00,0.00,0.000,0.000,0.00
1777917075,loop21,0.00,0.00,0.000,0.000,0.00
1777917075,loop22,0.00,0.00,0.000,0.000,0.00
1777917075,loop23,0.00,0.00,0.000,0.000,0.00
1777917075,loop24,0.00,0.00,0.000,0.000,0.00
1777917075,loop25,0.00,0.00,0.000,0.000,0.00
1777917075,loop26,0.00,0.00,0.000,0.000,0.00
1777917075,loop27,0.00,0.00,0.000,0.000,0.00
1777917075,loop28,0.00,0.00,0.000,0.000,0.00
1777917075,loop29,0.00,0.00,0.000,0.000,0.00
1777917075,loop3,0.00,0.00,0.000,0.000,0.00
1777917075,loop30,0.00,0.00,0.000,0.000,0.00
1777917075,loop31,0.00,0.00,0.000,0.000,0.00
1777917075,loop32,0.00,0.00,0.000,0.000,0.00
1777917075,loop33,0.00,0.00,0.000,0.000,0.00
1777917075,loop34,0.00,0.00,0.000,0.000,0.00
1777917075,loop35,0.00,0.00,0.000,0.000,0.00
1777917075,loop36,0.00,0.00,0.000,0.000,0.00
1777917075,loop37,0.00,0.00,0.000,0.000,0.00
1777917075,loop38,0.00,0.00,0.000,0.000,0.00
1777917075,loop39,0.00,0.00,0.000,0.000,0.00
1777917075,loop4,0.00,0.00,0.000,0.000,0.00
1777917075,loop40,0.00,0.00,0.000,0.000,0.00
1777917075,loop5,0.00,0.00,0.000,0.000,0.00
1777917075,loop6,0.00,0.00,0.000,0.000,0.00
1777917075,loop7,0.00,0.00,0.000,0.000,0.00
1777917075,loop8,0.00,0.00,0.000,0.000,0.00
1777917075,loop9,0.00,0.00,0.000,0.000,0.00
1777917075,nvme0n1,0.00,0.00,0.000,0.000,0.00
1777917076,loop0,0.00,0.00,0.000,0.000,0.00
1777917076,loop1,0.00,0.00,0.000,0.000,0.00
1777917076,loop10,0.00,0.00,0.000,0.000,0.00
1777917076,loop11,0.00,0.00,0.000,0.000,0.00
1777917076,loop12,0.00,0.00,0.000,0.000,0.00
1777917076,loop13,0.00,0.00,0.000,0.000,0.00
1777917076,loop14,0.00,0.00,0.000,0.000,0.00
1777917076,loop15,0.00,0.00,0.000,0.000,0.00
1777917076,loop16,0.00,0.00,0.000,0.000,0.00
1777917076,loop17,0.00,0.00,0.000,0.000,0.00
1777917076,loop18,0.00,0.00,0.000,0.000,0.00
1777917076,loop19,0.00,0.00,0.000,0.000,0.00
1777917076,loop2,0.00,0.00,0.000,0.000,0.00
1777917076,loop20,0.00,0.00,0.000,0.000,0.00
1777917076,loop21,0.00,0.00,0.000,0.000,0.00
1777917076,loop22,0.00,0.00,0.000,0.000,0.00
1777917076,loop23,0.00,0.00,0.000,0.000,0.00
1777917076,loop24,0.00,0.00,0.000,0.000,0.00
1777917076,loop25,0.00,0.00,0.000,0.000,0.00
1777917076,loop26,0.00,0.00,0.000,0.000,0.00
1777917076,loop27,0.00,0.00,0.000,0.000,0.00
1777917076,loop28,0.00,0.00,0.000,0.000,0.00
1777917076,loop29,0.00,0.00,0.000,0.000,0.00
1777917076,loop3,0.00,0.00,0.000,0.000,0.00
1777917076,loop30,0.00,0.00,0.000,0.000,0.00
1777917076,loop31,0.00,0.00,0.000,0.000,0.00
1777917076,loop32,0.00,0.00,0.000,0.000,0.00
1777917076,loop33,0.00,0.00,0.000,0.000,0.00
1777917076,loop34,0.00,0.00,0.000,0.000,0.00
1777917076,loop35,0.00,0.00,0.000,0.000,0.00
1777917076,loop36,0.00,0.00,0.000,0.000,0.00
1777917076,loop37,0.00,0.00,0.000,0.000,0.00
1777917076,loop38,0.00,0.00,0.000,0.000,0.00
1777917076,loop39,0.00,0.00,0.000,0.000,0.00
1777917076,loop4,0.00,0.00,0.000,0.000,0.00
1777917076,loop40,0.00,0.00,0.000,0.000,0.00
1777917076,loop5,0.00,0.00,0.000,0.000,0.00
1777917076,loop6,0.00,0.00,0.000,0.000,0.00
1777917076,loop7,0.00,0.00,0.000,0.000,0.00
1777917076,loop8,0.00,0.00,0.000,0.000,0.00
1777917076,loop9,0.00,0.00,0.000,0.000,0.00
1777917076,nvme0n1,0.00,0.00,0.000,0.000,0.00
1777917077,loop0,0.00,0.00,0.000,0.000,0.00
1777917077,loop1,0.00,0.00,0.000,0.000,0.00
1777917077,loop10,0.00,0.00,0.000,0.000,0.00
1777917077,loop11,0.00,0.00,0.000,0.000,0.00
1777917077,loop12,0.00,0.00,0.000,0.000,0.00
1777917077,loop13,0.00,0.00,0.000,0.000,0.00
1777917077,loop14,0.00,0.00,0.000,0.000,0.00
1777917077,loop15,0.00,0.00,0.000,0.000,0.00
1777917077,loop16,0.00,0.00,0.000,0.000,0.00
1777917077,loop17,0.00,0.00,0.000,0.000,0.00
1777917077,loop18,0.00,0.00,0.000,0.000,0.00
1777917077,loop19,0.00,0.00,0.000,0.000,0.00
1777917077,loop2,0.00,0.00,0.000,0.000,0.00
1777917077,loop20,0.00,0.00,0.000,0.000,0.00
1777917077,loop21,0.00,0.00,0.000,0.000,0.00
1777917077,loop22,0.00,0.00,0.000,0.000,0.00
1777917077,loop23,0.00,0.00,0.000,0.000,0.00
1777917077,loop24,0.00,0.00,0.000,0.000,0.00
1777917077,loop25,0.00,0.00,0.000,0.000,0.00
1777917077,loop26,0.00,0.00,0.000,0.000,0.00
1777917077,loop27,0.00,0.00,0.000,0.000,0.00
1777917077,loop28,0.00,0.00,0.000,0.000,0.00
1777917077,loop29,0.00,0.00,0.000,0.000,0.00
1777917077,loop3,0.00,0.00,0.000,0.000,0.00
1777917077,loop30,0.00,0.00,0.000,0.000,0.00
1777917077,loop31,0.00,0.00,0.000,0.000,0.00
1777917077,loop32,0.00,0.00,0.000,0.000,0.00
1777917077,loop33,0.00,0.00,0.000,0.000,0.00
1777917077,loop34,0.00,0.00,0.000,0.000,0.00
1777917077,loop35,0.00,0.00,0.000,0.000,0.00
1777917077,loop36,0.00,0.00,0.000,0.000,0.00
1777917077,loop37,0.00,0.00,0.000,0.000,0.00
1777917077,loop38,0.00,0.00,0.000,0.000,0.00
1777917077,loop39,0.00,0.00,0.000,0.000,0.00
1777917077,loop4,0.00,0.00,0.000,0.000,0.00
1777917077,loop40,0.00,0.00,0.000,0.000,0.00
1777917077,loop5,0.00,0.00,0.000,0.000,0.00
1777917077,loop6,0.00,0.00,0.000,0.000,0.00
1777917077,loop7,0.00,0.00,0.000,0.000,0.00
1777917077,loop8,0.00,0.00,0.000,0.000,0.00
1777917077,loop9,0.00,0.00,0.000,0.000,0.00
1777917077,nvme0n1,0.00,0.00,0.000,0.000,2.10
1777917078,loop0,0.00,0.00,0.000,0.000,0.00
1777917078,loop1,0.00,0.00,0.000,0.000,0.00
1777917078,loop10,0.00,0.00,0.000,0.000,0.00
1777917078,loop11,0.00,0.00,0.000,0.000,0.00
1777917078,loop12,0.00,0.00,0.000,0.000,0.00
1777917078,loop13,0.00,0.00,0.000,0.000,0.00
1777917078,loop14,0.00,0.00,0.000,0.000,0.00
1777917078,loop15,0.00,0.00,0.000,0.000,0.00
1777917078,loop16,0.00,0.00,0.000,0.000,0.00
1777917078,loop17,0.00,0.00,0.000,0.000,0.00
1777917078,loop18,0.00,0.00,0.000,0.000,0.00
1777917078,loop19,0.00,0.00,0.000,0.000,0.00
1777917078,loop2,0.00,0.00,0.000,0.000,0.00
1777917078,loop20,0.00,0.00,0.000,0.000,0.00
1777917078,loop21,0.00,0.00,0.000,0.000,0.00
1777917078,loop22,0.00,0.00,0.000,0.000,0.00
1777917078,loop23,0.00,0.00,0.000,0.000,0.00
1777917078,loop24,0.00,0.00,0.000,0.000,0.00
1777917078,loop25,0.00,0.00,0.000,0.000,0.00
1777917078,loop26,0.00,0.00,0.000,0.000,0.00
1777917078,loop27,0.00,0.00,0.000,0.000,0.00
1777917078,loop28,0.00,0.00,0.000,0.000,0.00
1777917078,loop29,0.00,0.00,0.000,0.000,0.00
1777917078,loop3,0.00,0.00,0.000,0.000,0.00
1777917078,loop30,0.00,0.00,0.000,0.000,0.00
1777917078,loop31,0.00,0.00,0.000,0.000,0.00
1777917078,loop32,0.00,0.00,0.000,0.000,0.00
1777917078,loop33,0.00,0.00,0.000,0.000,0.00
1777917078,loop34,0.00,0.00,0.000,0.000,0.00
1777917078,loop35,0.00,0.00,0.000,0.000,0.00
1777917078,loop36,0.00,0.00,0.000,0.000,0.00
1777917078,loop37,0.00,0.00,0.000,0.000,0.00
1777917078,loop38,0.00,0.00,0.000,0.000,0.00
1777917078,loop39,0.00,0.00,0.000,0.000,0.00
1777917078,loop4,0.00,0.00,0.000,0.000,0.00
1777917078,loop40,0.00,0.00,0.000,0.000,0.00
1777917078,loop5,0.00,0.00,0.000,0.000,0.00
1777917078,loop6,0.00,0.00,0.000,0.000,0.00
1777917078,loop7,0.00,0.00,0.000,0.000,0.00
1777917078,loop8,0.00,0.00,0.000,0.000,0.00
1777917078,loop9,0.00,0.00,0.000,0.000,0.00
1777917078,nvme0n1,0.00,0.00,0.000,0.000,0.60
1777917079,loop0,0.00,0.00,0.000,0.000,0.00
1777917079,loop1,0.00,0.00,0.000,0.000,0.00
1777917079,loop10,0.00,0.00,0.000,0.000,0.00
1777917079,loop11,0.00,0.00,0.000,0.000,0.00
1777917079,loop12,0.00,0.00,0.000,0.000,0.00
1777917079,loop13,0.00,0.00,0.000,0.000,0.00
1777917079,loop14,0.00,0.00,0.000,0.000,0.00
1777917079,loop15,0.00,0.00,0.000,0.000,0.00
1777917079,loop16,0.00,0.00,0.000,0.000,0.00
1777917079,loop17,0.00,0.00,0.000,0.000,0.00
1777917079,loop18,0.00,0.00,0.000,0.000,0.00
1777917079,loop19,0.00,0.00,0.000,0.000,0.00
1777917079,loop2,0.00,0.00,0.000,0.000,0.00
1777917079,loop20,0.00,0.00,0.000,0.000,0.00
1777917079,loop21,0.00,0.00,0.000,0.000,0.00
1777917079,loop22,0.00,0.00,0.000,0.000,0.00
1777917079,loop23,0.00,0.00,0.000,0.000,0.00
1777917079,loop24,0.00,0.00,0.000,0.000,0.00
1777917079,loop25,0.00,0.00,0.000,0.000,0.00
1777917079,loop26,0.00,0.00,0.000,0.000,0.00
1777917079,loop27,0.00,0.00,0.000,0.000,0.00
1777917079,loop28,0.00,0.00,0.000,0.000,0.00
1777917079,loop29,0.00,0.00,0.000,0.000,0.00
1777917079,loop3,0.00,0.00,0.000,0.000,0.00
1777917079,loop30,0.00,0.00,0.000,0.000,0.00
1777917079,loop31,0.00,0.00,0.000,0.000,0.00
1777917079,loop32,0.00,0.00,0.000,0.000,0.00
1777917079,loop33,0.00,0.00,0.000,0.000,0.00
1777917079,loop34,0.00,0.00,0.000,0.000,0.00
1777917079,loop35,0.00,0.00,0.000,0.000,0.00
1777917079,loop36,0.00,0.00,0.000,0.000,0.00
1777917079,loop37,0.00,0.00,0.000,0.000,0.00
1777917079,loop38,0.00,0.00,0.000,0.000,0.00
1777917079,loop39,0.00,0.00,0.000,0.000,0.00
1777917079,loop4,0.00,0.00,0.000,0.000,0.00
1777917079,loop40,0.00,0.00,0.000,0.000,0.00
1777917079,loop5,0.00,0.00,0.000,0.000,0.00
1777917079,loop6,0.00,0.00,0.000,0.000,0.00
1777917079,loop7,0.00,0.00,0.000,0.000,0.00
1777917079,loop8,0.00,0.00,0.000,0.000,0.00
1777917079,loop9,0.00,0.00,0.000,0.000,0.00
1777917079,nvme0n1,0.00,0.00,0.000,0.000,0.30
1777917080,loop0,0.00,0.00,0.000,0.000,0.00
1777917080,loop1,0.00,0.00,0.000,0.000,0.00
1777917080,loop10,0.00,0.00,0.000,0.000,0.00
1777917080,loop11,0.00,0.00,0.000,0.000,0.00
1777917080,loop12,0.00,0.00,0.000,0.000,0.00
1777917080,loop13,0.00,0.00,0.000,0.000,0.00
1777917080,loop14,0.00,0.00,0.000,0.000,0.00
1777917080,loop15,0.00,0.00,0.000,0.000,0.00
1777917080,loop16,0.00,0.00,0.000,0.000,0.00
1777917080,loop17,0.00,0.00,0.000,0.000,0.00
1777917080,loop18,0.00,0.00,0.000,0.000,0.00
1777917080,loop19,0.00,0.00,0.000,0.000,0.00
1777917080,loop2,0.00,0.00,0.000,0.000,0.00
1777917080,loop20,0.00,0.00,0.000,0.000,0.00
1777917080,loop21,0.00,0.00,0.000,0.000,0.00
1777917080,loop22,0.00,0.00,0.000,0.000,0.00
1777917080,loop23,0.00,0.00,0.000,0.000,0.00
1777917080,loop24,0.00,0.00,0.000,0.000,0.00
1777917080,loop25,0.00,0.00,0.000,0.000,0.00
1777917080,loop26,0.00,0.00,0.000,0.000,0.00
1777917080,loop27,0.00,0.00,0.000,0.000,0.00
1777917080,loop28,0.00,0.00,0.000,0.000,0.00
1777917080,loop29,0.00,0.00,0.000,0.000,0.00
1777917080,loop3,0.00,0.00,0.000,0.000,0.00
1777917080,loop30,0.00,0.00,0.000,0.000,0.00
1777917080,loop31,0.00,0.00,0.000,0.000,0.00
1777917080,loop32,0.00,0.00,0.000,0.000,0.00
1777917080,loop33,0.00,0.00,0.000,0.000,0.00
1777917080,loop34,0.00,0.00,0.000,0.000,0.00
1777917080,loop35,0.00,0.00,0.000,0.000,0.00
1777917080,loop36,0.00,0.00,0.000,0.000,0.00
1777917080,loop37,0.00,0.00,0.000,0.000,0.00
1777917080,loop38,0.00,0.00,0.000,0.000,0.00
1777917080,loop39,0.00,0.00,0.000,0.000,0.00
1777917080,loop4,0.00,0.00,0.000,0.000,0.00
1777917080,loop40,0.00,0.00,0.000,0.000,0.00
1777917080,loop5,0.00,0.00,0.000,0.000,0.00
1777917080,loop6,0.00,0.00,0.000,0.000,0.00
1777917080,loop7,0.00,0.00,0.000,0.000,0.00
1777917080,loop8,0.00,0.00,0.000,0.000,0.00
1777917080,loop9,0.00,0.00,0.000,0.000,0.00
1777917080,nvme0n1,0.00,0.00,0.000,0.000,0.30
1777917081,loop0,0.00,0.00,0.000,0.000,0.00
1777917081,loop1,0.00,0.00,0.000,0.000,0.00
1777917081,loop10,0.00,0.00,0.000,0.000,0.00
1777917081,loop11,0.00,0.00,0.000,0.000,0.00
1777917081,loop12,0.00,0.00,0.000,0.000,0.00
1777917081,loop13,0.00,0.00,0.000,0.000,0.00
1777917081,loop14,0.00,0.00,0.000,0.000,0.00
1777917081,loop15,0.00,0.00,0.000,0.000,0.00
1777917081,loop16,0.00,0.00,0.000,0.000,0.00
1777917081,loop17,0.00,0.00,0.000,0.000,0.00
1777917081,loop18,0.00,0.00,0.000,0.000,0.00
1777917081,loop19,0.00,0.00,0.000,0.000,0.00
1777917081,loop2,0.00,0.00,0.000,0.000,0.00
1777917081,loop20,0.00,0.00,0.000,0.000,0.00
1777917081,loop21,0.00,0.00,0.000,0.000,0.00
1777917081,loop22,0.00,0.00,0.000,0.000,0.00
1777917081,loop23,0.00,0.00,0.000,0.000,0.00
1777917081,loop24,0.00,0.00,0.000,0.000,0.00
1777917081,loop25,0.00,0.00,0.000,0.000,0.00
1777917081,loop26,0.00,0.00,0.000,0.000,0.00
1777917081,loop27,0.00,0.00,0.000,0.000,0.00
1777917081,loop28,0.00,0.00,0.000,0.000,0.00
1777917081,loop29,0.00,0.00,0.000,0.000,0.00
1777917081,loop3,0.00,0.00,0.000,0.000,0.00
1777917081,loop30,0.00,0.00,0.000,0.000,0.00
1777917081,loop31,0.00,0.00,0.000,0.000,0.00
1777917081,loop32,0.00,0.00,0.000,0.000,0.00
1777917081,loop33,0.00,0.00,0.000,0.000,0.00
1777917081,loop34,0.00,0.00,0.000,0.000,0.00
1777917081,loop35,0.00,0.00,0.000,0.000,0.00
1777917081,loop36,0.00,0.00,0.000,0.000,0.00
1777917081,loop37,0.00,0.00,0.000,0.000,0.00
1777917081,loop38,0.00,0.00,0.000,0.000,0.00
1777917081,loop39,0.00,0.00,0.000,0.000,0.00
1777917081,loop4,0.00,0.00,0.000,0.000,0.00
1777917081,loop40,0.00,0.00,0.000,0.000,0.00
1777917081,loop5,0.00,0.00,0.000,0.000,0.00
1777917081,loop6,0.00,0.00,0.000,0.000,0.00
1777917081,loop7,0.00,0.00,0.000,0.000,0.00
1777917081,loop8,0.00,0.00,0.000,0.000,0.00
1777917081,loop9,0.00,0.00,0.000,0.000,0.00
1777917081,nvme0n1,0.00,0.00,0.000,0.000,0.10
1777917082,loop0,0.00,0.00,0.000,0.000,0.00
1777917082,loop1,0.00,0.00,0.000,0.000,0.00
1777917082,loop10,0.00,0.00,0.000,0.000,0.00
1777917082,loop11,0.00,0.00,0.000,0.000,0.00
1777917082,loop12,0.00,0.00,0.000,0.000,0.00
1777917082,loop13,0.00,0.00,0.000,0.000,0.00
1777917082,loop14,0.00,0.00,0.000,0.000,0.00
1777917082,loop15,0.00,0.00,0.000,0.000,0.00
1777917082,loop16,0.00,0.00,0.000,0.000,0.00
1777917082,loop17,0.00,0.00,0.000,0.000,0.00
1777917082,loop18,0.00,0.00,0.000,0.000,0.00
1777917082,loop19,0.00,0.00,0.000,0.000,0.00
1777917082,loop2,0.00,0.00,0.000,0.000,0.00
1777917082,loop20,0.00,0.00,0.000,0.000,0.00
1777917082,loop21,0.00,0.00,0.000,0.000,0.00
1777917082,loop22,0.00,0.00,0.000,0.000,0.00
1777917082,loop23,0.00,0.00,0.000,0.000,0.00
1777917082,loop24,0.00,0.00,0.000,0.000,0.00
1777917082,loop25,0.00,0.00,0.000,0.000,0.00
1777917082,loop26,0.00,0.00,0.000,0.000,0.00
1777917082,loop27,0.00,0.00,0.000,0.000,0.00
1777917082,loop28,0.00,0.00,0.000,0.000,0.00
1777917082,loop29,0.00,0.00,0.000,0.000,0.00
1777917082,loop3,0.00,0.00,0.000,0.000,0.00
1777917082,loop30,0.00,0.00,0.000,0.000,0.00
1777917082,loop31,0.00,0.00,0.000,0.000,0.00
1777917082,loop32,0.00,0.00,0.000,0.000,0.00
1777917082,loop33,0.00,0.00,0.000,0.000,0.00
1777917082,loop34,0.00,0.00,0.000,0.000,0.00
1777917082,loop35,0.00,0.00,0.000,0.000,0.00
1777917082,loop36,0.00,0.00,0.000,0.000,0.00
1777917082,loop37,0.00,0.00,0.000,0.000,0.00
1777917082,loop38,0.00,0.00,0.000,0.000,0.00
1777917082,loop39,0.00,0.00,0.000,0.000,0.00
1777917082,loop4,0.00,0.00,0.000,0.000,0.00
1777917082,loop40,0.00,0.00,0.000,0.000,0.00
1777917082,loop5,0.00,0.00,0.000,0.000,0.00
1777917082,loop6,0.00,0.00,0.000,0.000,0.00
1777917082,loop7,0.00,0.00,0.000,0.000,0.00
1777917082,loop8,0.00,0.00,0.000,0.000,0.00
1777917082,loop9,0.00,0.00,0.000,0.000,0.00
1777917082,nvme0n1,0.00,0.00,0.000,0.000,0.90
1777917083,loop0,0.00,0.00,0.000,0.000,0.00
1777917083,loop1,0.00,0.00,0.000,0.000,0.00
1777917083,loop10,0.00,0.00,0.000,0.000,0.00
1777917083,loop11,0.00,0.00,0.000,0.000,0.00
1777917083,loop12,0.00,0.00,0.000,0.000,0.00
1777917083,loop13,0.00,0.00,0.000,0.000,0.00
1777917083,loop14,0.00,0.00,0.000,0.000,0.00
1777917083,loop15,0.00,0.00,0.000,0.000,0.00
1777917083,loop16,0.00,0.00,0.000,0.000,0.00
1777917083,loop17,0.00,0.00,0.000,0.000,0.00
1777917083,loop18,0.00,0.00,0.000,0.000,0.00
1777917083,loop19,0.00,0.00,0.000,0.000,0.00
1777917083,loop2,0.00,0.00,0.000,0.000,0.00
1777917083,loop20,0.00,0.00,0.000,0.000,0.00
1777917083,loop21,0.00,0.00,0.000,0.000,0.00
1777917083,loop22,0.00,0.00,0.000,0.000,0.00
1777917083,loop23,0.00,0.00,0.000,0.000,0.00
1777917083,loop24,0.00,0.00,0.000,0.000,0.00
1777917083,loop25,0.00,0.00,0.000,0.000,0.00
1777917083,loop26,0.00,0.00,0.000,0.000,0.00
1777917083,loop27,0.00,0.00,0.000,0.000,0.00
1777917083,loop28,0.00,0.00,0.000,0.000,0.00
1777917083,loop29,0.00,0.00,0.000,0.000,0.00
1777917083,loop3,0.00,0.00,0.000,0.000,0.00
1777917083,loop30,0.00,0.00,0.000,0.000,0.00
1777917083,loop31,0.00,0.00,0.000,0.000,0.00
1777917083,loop32,0.00,0.00,0.000,0.000,0.00
1777917083,loop33,0.00,0.00,0.000,0.000,0.00
1777917083,loop34,0.00,0.00,0.000,0.000,0.00
1777917083,loop35,0.00,0.00,0.000,0.000,0.00
1777917083,loop36,0.00,0.00,0.000,0.000,0.00
1777917083,loop37,0.00,0.00,0.000,0.000,0.00
1777917083,loop38,0.00,0.00,0.000,0.000,0.00
1777917083,loop39,0.00,0.00,0.000,0.000,0.00
1777917083,loop4,0.00,0.00,0.000,0.000,0.00
1777917083,loop40,0.00,0.00,0.000,0.000,0.00
1777917083,loop5,0.00,0.00,0.000,0.000,0.00
1777917083,loop6,0.00,0.00,0.000,0.000,0.00
1777917083,loop7,0.00,0.00,0.000,0.000,0.00
1777917083,loop8,0.00,0.00,0.000,0.000,0.00
1777917083,loop9,0.00,0.00,0.000,0.000,0.00
1777917083,nvme0n1,0.00,0.00,0.000,0.000,0.00
1777917084,loop0,0.00,0.00,0.000,0.000,0.00
1777917084,loop1,0.00,0.00,0.000,0.000,0.00
1777917084,loop10,0.00,0.00,0.000,0.000,0.00
1777917084,loop11,0.00,0.00,0.000,0.000,0.00
1777917084,loop12,0.00,0.00,0.000,0.000,0.00
1777917084,loop13,0.00,0.00,0.000,0.000,0.00
1777917084,loop14,0.00,0.00,0.000,0.000,0.00
1777917084,loop15,0.00,0.00,0.000,0.000,0.00
1777917084,loop16,0.00,0.00,0.000,0.000,0.00
1777917084,loop17,0.00,0.00,0.000,0.000,0.00
1777917084,loop18,0.00,0.00,0.000,0.000,0.00
1777917084,loop19,0.00,0.00,0.000,0.000,0.00
1777917084,loop2,0.00,0.00,0.000,0.000,0.00
1777917084,loop20,0.00,0.00,0.000,0.000,0.00
1777917084,loop21,0.00,0.00,0.000,0.000,0.00
1777917084,loop22,0.00,0.00,0.000,0.000,0.00
1777917084,loop23,0.00,0.00,0.000,0.000,0.00
1777917084,loop24,0.00,0.00,0.000,0.000,0.00
1777917084,loop25,0.00,0.00,0.000,0.000,0.00
1777917084,loop26,0.00,0.00,0.000,0.000,0.00
1777917084,loop27,0.00,0.00,0.000,0.000,0.00
1777917084,loop28,0.00,0.00,0.000,0.000,0.00
1777917084,loop29,0.00,0.00,0.000,0.000,0.00
1777917084,loop3,0.00,0.00,0.000,0.000,0.00
1777917084,loop30,0.00,0.00,0.000,0.000,0.00
1777917084,loop31,0.00,0.00,0.000,0.000,0.00
1777917084,loop32,0.00,0.00,0.000,0.000,0.00
1777917084,loop33,0.00,0.00,0.000,0.000,0.00
1777917084,loop34,0.00,0.00,0.000,0.000,0.00
1777917084,loop35,0.00,0.00,0.000,0.000,0.00
1777917084,loop36,0.00,0.00,0.000,0.000,0.00
1777917084,loop37,0.00,0.00,0.000,0.000,0.00
1777917084,loop38,0.00,0.00,0.000,0.000,0.00
1777917084,loop39,0.00,0.00,0.000,0.000,0.00
1777917084,loop4,0.00,0.00,0.000,0.000,0.00
1777917084,loop40,0.00,0.00,0.000,0.000,0.00
1777917084,loop5,0.00,0.00,0.000,0.000,0.00
1777917084,loop6,0.00,0.00,0.000,0.000,0.00
1777917084,loop7,0.00,0.00,0.000,0.000,0.00
1777917084,loop8,0.00,0.00,0.000,0.000,0.00
1777917084,loop9,0.00,0.00,0.000,0.000,0.00
1777917084,nvme0n1,0.00,0.00,0.000,0.000,0.00
1777917085,loop0,0.00,0.00,0.000,0.000,0.00
1777917085,loop1,0.00,0.00,0.000,0.000,0.00
1777917085,loop10,0.00,0.00,0.000,0.000,0.00
1777917085,loop11,0.00,0.00,0.000,0.000,0.00
1777917085,loop12,0.00,0.00,0.000,0.000,0.00
1777917085,loop13,0.00,0.00,0.000,0.000,0.00
1777917085,loop14,0.00,0.00,0.000,0.000,0.00
1777917085,loop15,0.00,0.00,0.000,0.000,0.00
1777917085,loop16,0.00,0.00,0.000,0.000,0.00
1777917085,loop17,0.00,0.00,0.000,0.000,0.00
1777917085,loop18,0.00,0.00,0.000,0.000,0.00
1777917085,loop19,0.00,0.00,0.000,0.000,0.00
1777917085,loop2,0.00,0.00,0.000,0.000,0.00
1777917085,loop20,0.00,0.00,0.000,0.000,0.00
1777917085,loop21,0.00,0.00,0.000,0.000,0.00
1777917085,loop22,0.00,0.00,0.000,0.000,0.00
1777917085,loop23,0.00,0.00,0.000,0.000,0.00
1777917085,loop24,0.00,0.00,0.000,0.000,0.00
1777917085,loop25,0.00,0.00,0.000,0.000,0.00
1777917085,loop26,0.00,0.00,0.000,0.000,0.00
1777917085,loop27,0.00,0.00,0.000,0.000,0.00
1777917085,loop28,0.00,0.00,0.000,0.000,0.00
1777917085,loop29,0.00,0.00,0.000,0.000,0.00
1777917085,loop3,0.00,0.00,0.000,0.000,0.00
1777917085,loop30,0.00,0.00,0.000,0.000,0.00
1777917085,loop31,0.00,0.00,0.000,0.000,0.00
1777917085,loop32,0.00,0.00,0.000,0.000,0.00
1777917085,loop33,0.00,0.00,0.000,0.000,0.00
1777917085,loop34,0.00,0.00,0.000,0.000,0.00
1777917085,loop35,0.00,0.00,0.000,0.000,0.00
1777917085,loop36,0.00,0.00,0.000,0.000,0.00
1777917085,loop37,0.00,0.00,0.000,0.000,0.00
1777917085,loop38,0.00,0.00,0.000,0.000,0.00
1777917085,loop39,0.00,0.00,0.000,0.000,0.00
1777917085,loop4,0.00,0.00,0.000,0.000,0.00
1777917085,loop40,0.00,0.00,0.000,0.000,0.00
1777917085,loop5,0.00,0.00,0.000,0.000,0.00
1777917085,loop6,0.00,0.00,0.000,0.000,0.00
1777917085,loop7,0.00,0.00,0.000,0.000,0.00
1777917085,loop8,0.00,0.00,0.000,0.000,0.00
1777917085,loop9,0.00,0.00,0.000,0.000,0.00
1777917085,nvme0n1,0.00,0.00,0.000,0.000,2.10
1777917086,loop0,0.00,0.00,0.000,0.000,0.00
1777917086,loop1,0.00,0.00,0.000,0.000,0.00
1777917086,loop10,0.00,0.00,0.000,0.000,0.00
1777917086,loop11,0.00,0.00,0.000,0.000,0.00
1777917086,loop12,0.00,0.00,0.000,0.000,0.00
1777917086,loop13,0.00,0.00,0.000,0.000,0.00
1777917086,loop14,0.00,0.00,0.000,0.000,0.00
1777917086,loop15,0.00,0.00,0.000,0.000,0.00
1777917086,loop16,0.00,0.00,0.000,0.000,0.00
1777917086,loop17,0.00,0.00,0.000,0.000,0.00
1777917086,loop18,0.00,0.00,0.000,0.000,0.00
1777917086,loop19,0.00,0.00,0.000,0.000,0.00
1777917086,loop2,0.00,0.00,0.000,0.000,0.00
1777917086,loop20,0.00,0.00,0.000,0.000,0.00
1777917086,loop21,0.00,0.00,0.000,0.000,0.00
1777917086,loop22,0.00,0.00,0.000,0.000,0.00
1777917086,loop23,0.00,0.00,0.000,0.000,0.00
1777917086,loop24,0.00,0.00,0.000,0.000,0.00
1777917086,loop25,0.00,0.00,0.000,0.000,0.00
1777917086,loop26,0.00,0.00,0.000,0.000,0.00
1777917086,loop27,0.00,0.00,0.000,0.000,0.00
1777917086,loop28,0.00,0.00,0.000,0.000,0.00
1777917086,loop29,0.00,0.00,0.000,0.000,0.00
1777917086,loop3,0.00,0.00,0.000,0.000,0.00
1777917086,loop30,0.00,0.00,0.000,0.000,0.00
1777917086,loop31,0.00,0.00,0.000,0.000,0.00
1777917086,loop32,0.00,0.00,0.000,0.000,0.00
1777917086,loop33,0.00,0.00,0.000,0.000,0.00
1777917086,loop34,0.00,0.00,0.000,0.000,0.00
1777917086,loop35,0.00,0.00,0.000,0.000,0.00
1777917086,loop36,0.00,0.00,0.000,0.000,0.00
1777917086,loop37,0.00,0.00,0.000,0.000,0.00
1777917086,loop38,0.00,0.00,0.000,0.000,0.00
1777917086,loop39,0.00,0.00,0.000,0.000,0.00
1777917086,loop4,0.00,0.00,0.000,0.000,0.00
1777917086,loop40,0.00,0.00,0.000,0.000,0.00
1777917086,loop5,0.00,0.00,0.000,0.000,0.00
1777917086,loop6,0.00,0.00,0.000,0.000,0.00
1777917086,loop7,0.00,0.00,0.000,0.000,0.00
1777917086,loop8,0.00,0.00,0.000,0.000,0.00
1777917086,loop9,0.00,0.00,0.000,0.000,0.00
1777917086,nvme0n1,0.00,0.00,0.000,0.000,1.10
1777917087,loop0,0.00,0.00,0.000,0.000,0.00
1777917087,loop1,0.00,0.00,0.000,0.000,0.00
1777917087,loop10,0.00,0.00,0.000,0.000,0.00
1777917087,loop11,0.00,0.00,0.000,0.000,0.00
1777917087,loop12,0.00,0.00,0.000,0.000,0.00
1777917087,loop13,0.00,0.00,0.000,0.000,0.00
1777917087,loop14,0.00,0.00,0.000,0.000,0.00
1777917087,loop15,0.00,0.00,0.000,0.000,0.00
1777917087,loop16,0.00,0.00,0.000,0.000,0.00
1777917087,loop17,0.00,0.00,0.000,0.000,0.00
1777917087,loop18,0.00,0.00,0.000,0.000,0.00
1777917087,loop19,0.00,0.00,0.000,0.000,0.00
1777917087,loop2,0.00,0.00,0.000,0.000,0.00
1777917087,loop20,0.00,0.00,0.000,0.000,0.00
1777917087,loop21,0.00,0.00,0.000,0.000,0.00
1777917087,loop22,0.00,0.00,0.000,0.000,0.00
1777917087,loop23,0.00,0.00,0.000,0.000,0.00
1777917087,loop24,0.00,0.00,0.000,0.000,0.00
1777917087,loop25,0.00,0.00,0.000,0.000,0.00
1777917087,loop26,0.00,0.00,0.000,0.000,0.00
1777917087,loop27,0.00,0.00,0.000,0.000,0.00
1777917087,loop28,0.00,0.00,0.000,0.000,0.00
1777917087,loop29,0.00,0.00,0.000,0.000,0.00
1777917087,loop3,0.00,0.00,0.000,0.000,0.00
1777917087,loop30,0.00,0.00,0.000,0.000,0.00
1777917087,loop31,0.00,0.00,0.000,0.000,0.00
1777917087,loop32,0.00,0.00,0.000,0.000,0.00
1777917087,loop33,0.00,0.00,0.000,0.000,0.00
1777917087,loop34,0.00,0.00,0.000,0.000,0.00
1777917087,loop35,0.00,0.00,0.000,0.000,0.00
1777917087,loop36,0.00,0.00,0.000,0.000,0.00
1777917087,loop37,0.00,0.00,0.000,0.000,0.00
1777917087,loop38,0.00,0.00,0.000,0.000,0.00
1777917087,loop39,0.00,0.00,0.000,0.000,0.00
1777917087,loop4,0.00,0.00,0.000,0.000,0.00
1777917087,loop40,0.00,0.00,0.000,0.000,0.00
1777917087,loop5,0.00,0.00,0.000,0.000,0.00
1777917087,loop6,0.00,0.00,0.000,0.000,0.00
1777917087,loop7,0.00,0.00,0.000,0.000,0.00
1777917087,loop8,0.00,0.00,0.000,0.000,0.00
1777917087,loop9,0.00,0.00,0.000,0.000,0.00
1777917087,nvme0n1,0.00,0.00,0.000,0.000,0.00
1777917088,loop0,0.00,0.00,0.000,0.000,0.00
1777917088,loop1,0.00,0.00,0.000,0.000,0.00
1777917088,loop10,0.00,0.00,0.000,0.000,0.00
1777917088,loop11,0.00,0.00,0.000,0.000,0.00
1777917088,loop12,0.00,0.00,0.000,0.000,0.00
1777917088,loop13,0.00,0.00,0.000,0.000,0.00
1777917088,loop14,0.00,0.00,0.000,0.000,0.00
1777917088,loop15,0.00,0.00,0.000,0.000,0.00
1777917088,loop16,0.00,0.00,0.000,0.000,0.00
1777917088,loop17,0.00,0.00,0.000,0.000,0.00
1777917088,loop18,0.00,0.00,0.000,0.000,0.00
1777917088,loop19,0.00,0.00,0.000,0.000,0.00
1777917088,loop2,0.00,0.00,0.000,0.000,0.00
1777917088,loop20,0.00,0.00,0.000,0.000,0.00
1777917088,loop21,0.00,0.00,0.000,0.000,0.00
1777917088,loop22,0.00,0.00,0.000,0.000,0.00
1777917088,loop23,0.00,0.00,0.000,0.000,0.00
1777917088,loop24,0.00,0.00,0.000,0.000,0.00
1777917088,loop25,0.00,0.00,0.000,0.000,0.00
1777917088,loop26,0.00,0.00,0.000,0.000,0.00
1777917088,loop27,0.00,0.00,0.000,0.000,0.00
1777917088,loop28,0.00,0.00,0.000,0.000,0.00
1777917088,loop29,0.00,0.00,0.000,0.000,0.00
1777917088,loop3,0.00,0.00,0.000,0.000,0.00
1777917088,loop30,0.00,0.00,0.000,0.000,0.00
1777917088,loop31,0.00,0.00,0.000,0.000,0.00
1777917088,loop32,0.00,0.00,0.000,0.000,0.00
1777917088,loop33,0.00,0.00,0.000,0.000,0.00
1777917088,loop34,0.00,0.00,0.000,0.000,0.00
1777917088,loop35,0.00,0.00,0.000,0.000,0.00
1777917088,loop36,0.00,0.00,0.000,0.000,0.00
1777917088,loop37,0.00,0.00,0.000,0.000,0.00
1777917088,loop38,0.00,0.00,0.000,0.000,0.00
1777917088,loop39,0.00,0.00,0.000,0.000,0.00
1777917088,loop4,0.00,0.00,0.000,0.000,0.00
1777917088,loop40,0.00,0.00,0.000,0.000,0.00
1777917088,loop5,0.00,0.00,0.000,0.000,0.00
1777917088,loop6,0.00,0.00,0.000,0.000,0.00
1777917088,loop7,0.00,0.00,0.000,0.000,0.00
1777917088,loop8,0.00,0.00,0.000,0.000,0.00
1777917088,loop9,0.00,0.00,0.000,0.000,0.00
1777917088,nvme0n1,0.00,0.00,0.000,0.000,0.00
1777917089,loop0,0.00,0.00,0.000,0.000,0.00
1777917089,loop1,0.00,0.00,0.000,0.000,0.00
1777917089,loop10,0.00,0.00,0.000,0.000,0.00
1777917089,loop11,0.00,0.00,0.000,0.000,0.00
1777917089,loop12,0.00,0.00,0.000,0.000,0.00
1777917089,loop13,0.00,0.00,0.000,0.000,0.00
1777917089,loop14,0.00,0.00,0.000,0.000,0.00
1777917089,loop15,0.00,0.00,0.000,0.000,0.00
1777917089,loop16,0.00,0.00,0.000,0.000,0.00
1777917089,loop17,0.00,0.00,0.000,0.000,0.00
1777917089,loop18,0.00,0.00,0.000,0.000,0.00
1777917089,loop19,0.00,0.00,0.000,0.000,0.00
1777917089,loop2,0.00,0.00,0.000,0.000,0.00
1777917089,loop20,0.00,0.00,0.000,0.000,0.00
1777917089,loop21,0.00,0.00,0.000,0.000,0.00
1777917089,loop22,0.00,0.00,0.000,0.000,0.00
1777917089,loop23,0.00,0.00,0.000,0.000,0.00
1777917089,loop24,0.00,0.00,0.000,0.000,0.00
1777917089,loop25,0.00,0.00,0.000,0.000,0.00
1777917089,loop26,0.00,0.00,0.000,0.000,0.00
1777917089,loop27,0.00,0.00,0.000,0.000,0.00
1777917089,loop28,0.00,0.00,0.000,0.000,0.00
1777917089,loop29,0.00,0.00,0.000,0.000,0.00
1777917089,loop3,0.00,0.00,0.000,0.000,0.00
1777917089,loop30,0.00,0.00,0.000,0.000,0.00
1777917089,loop31,0.00,0.00,0.000,0.000,0.00
1777917089,loop32,0.00,0.00,0.000,0.000,0.00
1777917089,loop33,0.00,0.00,0.000,0.000,0.00
1777917089,loop34,0.00,0.00,0.000,0.000,0.00
1777917089,loop35,0.00,0.00,0.000,0.000,0.00
1777917089,loop36,0.00,0.00,0.000,0.000,0.00
1777917089,loop37,0.00,0.00,0.000,0.000,0.00
1777917089,loop38,0.00,0.00,0.000,0.000,0.00
1777917089,loop39,0.00,0.00,0.000,0.000,0.00
1777917089,loop4,0.00,0.00,0.000,0.000,0.00
1777917089,loop40,0.00,0.00,0.000,0.000,0.00
1777917089,loop5,0.00,0.00,0.000,0.000,0.00
1777917089,loop6,0.00,0.00,0.000,0.000,0.00
1777917089,loop7,0.00,0.00,0.000,0.000,0.00
1777917089,loop8,0.00,0.00,0.000,0.000,0.00
1777917089,loop9,0.00,0.00,0.000,0.000,0.00
1777917089,nvme0n1,0.00,0.00,0.000,0.000,0.00
1777917090,loop0,0.00,0.00,0.000,0.000,0.00
1777917090,loop1,0.00,0.00,0.000,0.000,0.00
1777917090,loop10,0.00,0.00,0.000,0.000,0.00
1777917090,loop11,0.00,0.00,0.000,0.000,0.00
1777917090,loop12,0.00,0.00,0.000,0.000,0.00
1777917090,loop13,0.00,0.00,0.000,0.000,0.00
1777917090,loop14,0.00,0.00,0.000,0.000,0.00
1777917090,loop15,0.00,0.00,0.000,0.000,0.00
1777917090,loop16,0.00,0.00,0.000,0.000,0.00
1777917090,loop17,0.00,0.00,0.000,0.000,0.00
1777917090,loop18,0.00,0.00,0.000,0.000,0.00
1777917090,loop19,0.00,0.00,0.000,0.000,0.00
1777917090,loop2,0.00,0.00,0.000,0.000,0.00
1777917090,loop20,0.00,0.00,0.000,0.000,0.00
1777917090,loop21,0.00,0.00,0.000,0.000,0.00
1777917090,loop22,0.00,0.00,0.000,0.000,0.00
1777917090,loop23,0.00,0.00,0.000,0.000,0.00
1777917090,loop24,0.00,0.00,0.000,0.000,0.00
1777917090,loop25,0.00,0.00,0.000,0.000,0.00
1777917090,loop26,0.00,0.00,0.000,0.000,0.00
1777917090,loop27,0.00,0.00,0.000,0.000,0.00
1777917090,loop28,0.00,0.00,0.000,0.000,0.00
1777917090,loop29,0.00,0.00,0.000,0.000,0.00
1777917090,loop3,0.00,0.00,0.000,0.000,0.00
1777917090,loop30,0.00,0.00,0.000,0.000,0.00
1777917090,loop31,0.00,0.00,0.000,0.000,0.00
1777917090,loop32,0.00,0.00,0.000,0.000,0.00
1777917090,loop33,0.00,0.00,0.000,0.000,0.00
1777917090,loop34,0.00,0.00,0.000,0.000,0.00
1777917090,loop35,0.00,0.00,0.000,0.000,0.00
1777917090,loop36,0.00,0.00,0.000,0.000,0.00
1777917090,loop37,0.00,0.00,0.000,0.000,0.00
1777917090,loop38,0.00,0.00,0.000,0.000,0.00
1777917090,loop39,0.00,0.00,0.000,0.000,0.00
1777917090,loop4,0.00,0.00,0.000,0.000,0.00
1777917090,loop40,0.00,0.00,0.000,0.000,0.00
1777917090,loop5,0.00,0.00,0.000,0.000,0.00
1777917090,loop6,0.00,0.00,0.000,0.000,0.00
1777917090,loop7,0.00,0.00,0.000,0.000,0.00
1777917090,loop8,0.00,0.00,0.000,0.000,0.00
1777917090,loop9,0.00,0.00,0.000,0.000,0.00
1777917090,nvme0n1,0.00,0.00,0.000,0.000,6.00
1777917091,loop0,0.00,0.00,0.000,0.000,0.00
1777917091,loop1,0.00,0.00,0.000,0.000,0.00
1777917091,loop10,0.00,0.00,0.000,0.000,0.00
1777917091,loop11,0.00,0.00,0.000,0.000,0.00
1777917091,loop12,0.00,0.00,0.000,0.000,0.00
1777917091,loop13,0.00,0.00,0.000,0.000,0.00
1777917091,loop14,0.00,0.00,0.000,0.000,0.00
1777917091,loop15,0.00,0.00,0.000,0.000,0.00
1777917091,loop16,0.00,0.00,0.000,0.000,0.00
1777917091,loop17,0.00,0.00,0.000,0.000,0.00
1777917091,loop18,0.00,0.00,0.000,0.000,0.00
1777917091,loop19,0.00,0.00,0.000,0.000,0.00
1777917091,loop2,0.00,0.00,0.000,0.000,0.00
1777917091,loop20,0.00,0.00,0.000,0.000,0.00
1777917091,loop21,0.00,0.00,0.000,0.000,0.00
1777917091,loop22,0.00,0.00,0.000,0.000,0.00
1777917091,loop23,0.00,0.00,0.000,0.000,0.00
1777917091,loop24,0.00,0.00,0.000,0.000,0.00
1777917091,loop25,0.00,0.00,0.000,0.000,0.00
1777917091,loop26,0.00,0.00,0.000,0.000,0.00
1777917091,loop27,0.00,0.00,0.000,0.000,0.00
1777917091,loop28,0.00,0.00,0.000,0.000,0.00
1777917091,loop29,0.00,0.00,0.000,0.000,0.00
1777917091,loop3,0.00,0.00,0.000,0.000,0.00
1777917091,loop30,0.00,0.00,0.000,0.000,0.00
1777917091,loop31,0.00,0.00,0.000,0.000,0.00
1777917091,loop32,0.00,0.00,0.000,0.000,0.00
1777917091,loop33,0.00,0.00,0.000,0.000,0.00
1777917091,loop34,0.00,0.00,0.000,0.000,0.00
1777917091,loop35,0.00,0.00,0.000,0.000,0.00
1777917091,loop36,0.00,0.00,0.000,0.000,0.00
1777917091,loop37,0.00,0.00,0.000,0.000,0.00
1777917091,loop38,0.00,0.00,0.000,0.000,0.00
1777917091,loop39,0.00,0.00,0.000,0.000,0.00
1777917091,loop4,0.00,0.00,0.000,0.000,0.00
1777917091,loop40,0.00,0.00,0.000,0.000,0.00
1777917091,loop5,0.00,0.00,0.000,0.000,0.00
1777917091,loop6,0.00,0.00,0.000,0.000,0.00
1777917091,loop7,0.00,0.00,0.000,0.000,0.00
1777917091,loop8,0.00,0.00,0.000,0.000,0.00
1777917091,loop9,0.00,0.00,0.000,0.000,0.00
1777917091,nvme0n1,0.00,0.00,0.000,0.000,0.70
1777917092,loop0,0.00,0.00,0.000,0.000,0.00
1777917092,loop1,0.00,0.00,0.000,0.000,0.00
1777917092,loop10,0.00,0.00,0.000,0.000,0.00
1777917092,loop11,0.00,0.00,0.000,0.000,0.00
1777917092,loop12,0.00,0.00,0.000,0.000,0.00
1777917092,loop13,0.00,0.00,0.000,0.000,0.00
1777917092,loop14,0.00,0.00,0.000,0.000,0.00
1777917092,loop15,0.00,0.00,0.000,0.000,0.00
1777917092,loop16,0.00,0.00,0.000,0.000,0.00
1777917092,loop17,0.00,0.00,0.000,0.000,0.00
1777917092,loop18,0.00,0.00,0.000,0.000,0.00
1777917092,loop19,0.00,0.00,0.000,0.000,0.00
1777917092,loop2,0.00,0.00,0.000,0.000,0.00
1777917092,loop20,0.00,0.00,0.000,0.000,0.00
1777917092,loop21,0.00,0.00,0.000,0.000,0.00
1777917092,loop22,0.00,0.00,0.000,0.000,0.00
1777917092,loop23,0.00,0.00,0.000,0.000,0.00
1777917092,loop24,0.00,0.00,0.000,0.000,0.00
1777917092,loop25,0.00,0.00,0.000,0.000,0.00
1777917092,loop26,0.00,0.00,0.000,0.000,0.00
1777917092,loop27,0.00,0.00,0.000,0.000,0.00
1777917092,loop28,0.00,0.00,0.000,0.000,0.00
1777917092,loop29,0.00,0.00,0.000,0.000,0.00
1777917092,loop3,0.00,0.00,0.000,0.000,0.00
1777917092,loop30,0.00,0.00,0.000,0.000,0.00
1777917092,loop31,0.00,0.00,0.000,0.000,0.00
1777917092,loop32,0.00,0.00,0.000,0.000,0.00
1777917092,loop33,0.00,0.00,0.000,0.000,0.00
1777917092,loop34,0.00,0.00,0.000,0.000,0.00
1777917092,loop35,0.00,0.00,0.000,0.000,0.00
1777917092,loop36,0.00,0.00,0.000,0.000,0.00
1777917092,loop37,0.00,0.00,0.000,0.000,0.00
1777917092,loop38,0.00,0.00,0.000,0.000,0.00
1777917092,loop39,0.00,0.00,0.000,0.000,0.00
1777917092,loop4,0.00,0.00,0.000,0.000,0.00
1777917092,loop40,0.00,0.00,0.000,0.000,0.00
1777917092,loop5,0.00,0.00,0.000,0.000,0.00
1777917092,loop6,0.00,0.00,0.000,0.000,0.00
1777917092,loop7,0.00,0.00,0.000,0.000,0.00
1777917092,loop8,0.00,0.00,0.000,0.000,0.00
1777917092,loop9,0.00,0.00,0.000,0.000,0.00
1777917092,nvme0n1,0.00,0.00,0.000,0.000,0.60
1777917093,loop0,0.00,0.00,0.000,0.000,0.00
1777917093,loop1,0.00,0.00,0.000,0.000,0.00
1777917093,loop10,0.00,0.00,0.000,0.000,0.00
1777917093,loop11,0.00,0.00,0.000,0.000,0.00
1777917093,loop12,0.00,0.00,0.000,0.000,0.00
1777917093,loop13,0.00,0.00,0.000,0.000,0.00
1777917093,loop14,0.00,0.00,0.000,0.000,0.00
1777917093,loop15,0.00,0.00,0.000,0.000,0.00
1777917093,loop16,0.00,0.00,0.000,0.000,0.00
1777917093,loop17,0.00,0.00,0.000,0.000,0.00
1777917093,loop18,0.00,0.00,0.000,0.000,0.00
1777917093,loop19,0.00,0.00,0.000,0.000,0.00
1777917093,loop2,0.00,0.00,0.000,0.000,0.00
1777917093,loop20,0.00,0.00,0.000,0.000,0.00
1777917093,loop21,0.00,0.00,0.000,0.000,0.00
1777917093,loop22,0.00,0.00,0.000,0.000,0.00
1777917093,loop23,0.00,0.00,0.000,0.000,0.00
1777917093,loop24,0.00,0.00,0.000,0.000,0.00
1777917093,loop25,0.00,0.00,0.000,0.000,0.00
1777917093,loop26,0.00,0.00,0.000,0.000,0.00
1777917093,loop27,0.00,0.00,0.000,0.000,0.00
1777917093,loop28,0.00,0.00,0.000,0.000,0.00
1777917093,loop29,0.00,0.00,0.000,0.000,0.00
1777917093,loop3,0.00,0.00,0.000,0.000,0.00
1777917093,loop30,0.00,0.00,0.000,0.000,0.00
1777917093,loop31,0.00,0.00,0.000,0.000,0.00
1777917093,loop32,0.00,0.00,0.000,0.000,0.00
1777917093,loop33,0.00,0.00,0.000,0.000,0.00
1777917093,loop34,0.00,0.00,0.000,0.000,0.00
1777917093,loop35,0.00,0.00,0.000,0.000,0.00
1777917093,loop36,0.00,0.00,0.000,0.000,0.00
1777917093,loop37,0.00,0.00,0.000,0.000,0.00
1777917093,loop38,0.00,0.00,0.000,0.000,0.00
1777917093,loop39,0.00,0.00,0.000,0.000,0.00
1777917093,loop4,0.00,0.00,0.000,0.000,0.00
1777917093,loop40,0.00,0.00,0.000,0.000,0.00
1777917093,loop5,0.00,0.00,0.000,0.000,0.00
1777917093,loop6,0.00,0.00,0.000,0.000,0.00
1777917093,loop7,0.00,0.00,0.000,0.000,0.00
1777917093,loop8,0.00,0.00,0.000,0.000,0.00
1777917093,loop9,0.00,0.00,0.000,0.000,0.00
1777917093,nvme0n1,5.00,36.00,0.000,0.000,1.00
1777917094,loop0,0.00,0.00,0.000,0.000,0.00
1777917094,loop1,0.00,0.00,0.000,0.000,0.00
1777917094,loop10,0.00,0.00,0.000,0.000,0.00
1777917094,loop11,0.00,0.00,0.000,0.000,0.00
1777917094,loop12,0.00,0.00,0.000,0.000,0.00
1777917094,loop13,0.00,0.00,0.000,0.000,0.00
1777917094,loop14,0.00,0.00,0.000,0.000,0.00
1777917094,loop15,0.00,0.00,0.000,0.000,0.00
1777917094,loop16,0.00,0.00,0.000,0.000,0.00
1777917094,loop17,0.00,0.00,0.000,0.000,0.00
1777917094,loop18,0.00,0.00,0.000,0.000,0.00
1777917094,loop19,0.00,0.00,0.000,0.000,0.00
1777917094,loop2,0.00,0.00,0.000,0.000,0.00
1777917094,loop20,0.00,0.00,0.000,0.000,0.00
1777917094,loop21,0.00,0.00,0.000,0.000,0.00
1777917094,loop22,0.00,0.00,0.000,0.000,0.00
1777917094,loop23,0.00,0.00,0.000,0.000,0.00
1777917094,loop24,0.00,0.00,0.000,0.000,0.00
1777917094,loop25,0.00,0.00,0.000,0.000,0.00
1777917094,loop26,0.00,0.00,0.000,0.000,0.00
1777917094,loop27,0.00,0.00,0.000,0.000,0.00
1777917094,loop28,0.00,0.00,0.000,0.000,0.00
1777917094,loop29,0.00,0.00,0.000,0.000,0.00
1777917094,loop3,0.00,0.00,0.000,0.000,0.00
1777917094,loop30,0.00,0.00,0.000,0.000,0.00
1777917094,loop31,0.00,0.00,0.000,0.000,0.00
1777917094,loop32,0.00,0.00,0.000,0.000,0.00
1777917094,loop33,0.00,0.00,0.000,0.000,0.00
1777917094,loop34,0.00,0.00,0.000,0.000,0.00
1777917094,loop35,0.00,0.00,0.000,0.000,0.00
1777917094,loop36,0.00,0.00,0.000,0.000,0.00
1777917094,loop37,0.00,0.00,0.000,0.000,0.00
1777917094,loop38,0.00,0.00,0.000,0.000,0.00
1777917094,loop39,0.00,0.00,0.000,0.000,0.00
1777917094,loop4,0.00,0.00,0.000,0.000,0.00
1777917094,loop40,0.00,0.00,0.000,0.000,0.00
1777917094,loop5,0.00,0.00,0.000,0.000,0.00
1777917094,loop6,0.00,0.00,0.000,0.000,0.00
1777917094,loop7,0.00,0.00,0.000,0.000,0.00
1777917094,loop8,0.00,0.00,0.000,0.000,0.00
1777917094,loop9,0.00,0.00,0.000,0.000,0.00
1777917094,nvme0n1,0.00,0.00,0.000,0.000,1.30
1777917095,loop0,0.00,0.00,0.000,0.000,0.00
1777917095,loop1,0.00,0.00,0.000,0.000,0.00
1777917095,loop10,0.00,0.00,0.000,0.000,0.00
1777917095,loop11,0.00,0.00,0.000,0.000,0.00
1777917095,loop12,0.00,0.00,0.000,0.000,0.00
1777917095,loop13,0.00,0.00,0.000,0.000,0.00
1777917095,loop14,0.00,0.00,0.000,0.000,0.00
1777917095,loop15,0.00,0.00,0.000,0.000,0.00
1777917095,loop16,0.00,0.00,0.000,0.000,0.00
1777917095,loop17,0.00,0.00,0.000,0.000,0.00
1777917095,loop18,0.00,0.00,0.000,0.000,0.00
1777917095,loop19,0.00,0.00,0.000,0.000,0.00
1777917095,loop2,0.00,0.00,0.000,0.000,0.00
1777917095,loop20,0.00,0.00,0.000,0.000,0.00
1777917095,loop21,0.00,0.00,0.000,0.000,0.00
1777917095,loop22,0.00,0.00,0.000,0.000,0.00
1777917095,loop23,0.00,0.00,0.000,0.000,0.00
1777917095,loop24,0.00,0.00,0.000,0.000,0.00
1777917095,loop25,0.00,0.00,0.000,0.000,0.00
1777917095,loop26,0.00,0.00,0.000,0.000,0.00
1777917095,loop27,0.00,0.00,0.000,0.000,0.00
1777917095,loop28,0.00,0.00,0.000,0.000,0.00
1777917095,loop29,0.00,0.00,0.000,0.000,0.00
1777917095,loop3,0.00,0.00,0.000,0.000,0.00
1777917095,loop30,0.00,0.00,0.000,0.000,0.00
1777917095,loop31,0.00,0.00,0.000,0.000,0.00
1777917095,loop32,0.00,0.00,0.000,0.000,0.00
1777917095,loop33,0.00,0.00,0.000,0.000,0.00
1777917095,loop34,0.00,0.00,0.000,0.000,0.00
1777917095,loop35,0.00,0.00,0.000,0.000,0.00
1777917095,loop36,0.00,0.00,0.000,0.000,0.00
1777917095,loop37,0.00,0.00,0.000,0.000,0.00
1777917095,loop38,0.00,0.00,0.000,0.000,0.00
1777917095,loop39,0.00,0.00,0.000,0.000,0.00
1777917095,loop4,0.00,0.00,0.000,0.000,0.00
1777917095,loop40,0.00,0.00,0.000,0.000,0.00
1777917095,loop5,0.00,0.00,0.000,0.000,0.00
1777917095,loop6,0.00,0.00,0.000,0.000,0.00
1777917095,loop7,0.00,0.00,0.000,0.000,0.00
1777917095,loop8,0.00,0.00,0.000,0.000,0.00
1777917095,loop9,0.00,0.00,0.000,0.000,0.00
1777917095,nvme0n1,0.00,0.00,0.000,0.000,0.10
1777917096,loop0,0.00,0.00,0.000,0.000,0.00
1777917096,loop1,0.00,0.00,0.000,0.000,0.00
1777917096,loop10,0.00,0.00,0.000,0.000,0.00
1777917096,loop11,0.00,0.00,0.000,0.000,0.00
1777917096,loop12,0.00,0.00,0.000,0.000,0.00
1777917096,loop13,0.00,0.00,0.000,0.000,0.00
1777917096,loop14,0.00,0.00,0.000,0.000,0.00
1777917096,loop15,0.00,0.00,0.000,0.000,0.00
1777917096,loop16,0.00,0.00,0.000,0.000,0.00
1777917096,loop17,0.00,0.00,0.000,0.000,0.00
1777917096,loop18,0.00,0.00,0.000,0.000,0.00
1777917096,loop19,0.00,0.00,0.000,0.000,0.00
1777917096,loop2,0.00,0.00,0.000,0.000,0.00
1777917096,loop20,0.00,0.00,0.000,0.000,0.00
1777917096,loop21,0.00,0.00,0.000,0.000,0.00
1777917096,loop22,0.00,0.00,0.000,0.000,0.00
1777917096,loop23,0.00,0.00,0.000,0.000,0.00
1777917096,loop24,0.00,0.00,0.000,0.000,0.00
1777917096,loop25,0.00,0.00,0.000,0.000,0.00
1777917096,loop26,0.00,0.00,0.000,0.000,0.00
1777917096,loop27,0.00,0.00,0.000,0.000,0.00
1777917096,loop28,0.00,0.00,0.000,0.000,0.00
1777917096,loop29,0.00,0.00,0.000,0.000,0.00
1777917096,loop3,0.00,0.00,0.000,0.000,0.00
1777917096,loop30,0.00,0.00,0.000,0.000,0.00
1777917096,loop31,0.00,0.00,0.000,0.000,0.00
1777917096,loop32,0.00,0.00,0.000,0.000,0.00
1777917096,loop33,0.00,0.00,0.000,0.000,0.00
1777917096,loop34,0.00,0.00,0.000,0.000,0.00
1777917096,loop35,0.00,0.00,0.000,0.000,0.00
1777917096,loop36,0.00,0.00,0.000,0.000,0.00
1777917096,loop37,0.00,0.00,0.000,0.000,0.00
1777917096,loop38,0.00,0.00,0.000,0.000,0.00
1777917096,loop39,0.00,0.00,0.000,0.000,0.00
1777917096,loop4,0.00,0.00,0.000,0.000,0.00
1777917096,loop40,0.00,0.00,0.000,0.000,0.00
1777917096,loop5,0.00,0.00,0.000,0.000,0.00
1777917096,loop6,0.00,0.00,0.000,0.000,0.00
1777917096,loop7,0.00,0.00,0.000,0.000,0.00
1777917096,loop8,0.00,0.00,0.000,0.000,0.00
1777917096,loop9,0.00,0.00,0.000,0.000,0.00
1777917096,nvme0n1,0.00,0.00,0.000,0.000,1.00
1777917097,loop0,0.00,0.00,0.000,0.000,0.00
1777917097,loop1,0.00,0.00,0.000,0.000,0.00
1777917097,loop10,0.00,0.00,0.000,0.000,0.00
1777917097,loop11,0.00,0.00,0.000,0.000,0.00
1777917097,loop12,0.00,0.00,0.000,0.000,0.00
1777917097,loop13,0.00,0.00,0.000,0.000,0.00
1777917097,loop14,0.00,0.00,0.000,0.000,0.00
1777917097,loop15,0.00,0.00,0.000,0.000,0.00
1777917097,loop16,0.00,0.00,0.000,0.000,0.00
1777917097,loop17,0.00,0.00,0.000,0.000,0.00
1777917097,loop18,0.00,0.00,0.000,0.000,0.00
1777917097,loop19,0.00,0.00,0.000,0.000,0.00
1777917097,loop2,0.00,0.00,0.000,0.000,0.00
1777917097,loop20,0.00,0.00,0.000,0.000,0.00
1777917097,loop21,0.00,0.00,0.000,0.000,0.00
1777917097,loop22,0.00,0.00,0.000,0.000,0.00
1777917097,loop23,0.00,0.00,0.000,0.000,0.00
1777917097,loop24,0.00,0.00,0.000,0.000,0.00
1777917097,loop25,0.00,0.00,0.000,0.000,0.00
1777917097,loop26,0.00,0.00,0.000,0.000,0.00
1777917097,loop27,0.00,0.00,0.000,0.000,0.00
1777917097,loop28,0.00,0.00,0.000,0.000,0.00
1777917097,loop29,0.00,0.00,0.000,0.000,0.00
1777917097,loop3,0.00,0.00,0.000,0.000,0.00
1777917097,loop30,0.00,0.00,0.000,0.000,0.00
1777917097,loop31,0.00,0.00,0.000,0.000,0.00
1777917097,loop32,0.00,0.00,0.000,0.000,0.00
1777917097,loop33,0.00,0.00,0.000,0.000,0.00
1777917097,loop34,0.00,0.00,0.000,0.000,0.00
1777917097,loop35,0.00,0.00,0.000,0.000,0.00
1777917097,loop36,0.00,0.00,0.000,0.000,0.00
1777917097,loop37,0.00,0.00,0.000,0.000,0.00
1777917097,loop38,0.00,0.00,0.000,0.000,0.00
1777917097,loop39,0.00,0.00,0.000,0.000,0.00
1777917097,loop4,0.00,0.00,0.000,0.000,0.00
1777917097,loop40,0.00,0.00,0.000,0.000,0.00
1777917097,loop5,0.00,0.00,0.000,0.000,0.00
1777917097,loop6,0.00,0.00,0.000,0.000,0.00
1777917097,loop7,0.00,0.00,0.000,0.000,0.00
1777917097,loop8,0.00,0.00,0.000,0.000,0.00
1777917097,loop9,0.00,0.00,0.000,0.000,0.00
1777917097,nvme0n1,0.00,0.00,0.000,0.000,0.00
1777917098,loop0,0.00,0.00,0.000,0.000,0.00
1777917098,loop1,0.00,0.00,0.000,0.000,0.00
1777917098,loop10,0.00,0.00,0.000,0.000,0.00
1777917098,loop11,0.00,0.00,0.000,0.000,0.00
1777917098,loop12,0.00,0.00,0.000,0.000,0.00
1777917098,loop13,0.00,0.00,0.000,0.000,0.00
1777917098,loop14,0.00,0.00,0.000,0.000,0.00
1777917098,loop15,0.00,0.00,0.000,0.000,0.00
1777917098,loop16,0.00,0.00,0.000,0.000,0.00
1777917098,loop17,0.00,0.00,0.000,0.000,0.00
1777917098,loop18,0.00,0.00,0.000,0.000,0.00
1777917098,loop19,0.00,0.00,0.000,0.000,0.00
1777917098,loop2,0.00,0.00,0.000,0.000,0.00
1777917098,loop20,0.00,0.00,0.000,0.000,0.00
1777917098,loop21,0.00,0.00,0.000,0.000,0.00
1777917098,loop22,0.00,0.00,0.000,0.000,0.00
1777917098,loop23,0.00,0.00,0.000,0.000,0.00
1777917098,loop24,0.00,0.00,0.000,0.000,0.00
1777917098,loop25,0.00,0.00,0.000,0.000,0.00
1777917098,loop26,0.00,0.00,0.000,0.000,0.00
1777917098,loop27,0.00,0.00,0.000,0.000,0.00
1777917098,loop28,0.00,0.00,0.000,0.000,0.00
1777917098,loop29,0.00,0.00,0.000,0.000,0.00
1777917098,loop3,0.00,0.00,0.000,0.000,0.00
1777917098,loop30,0.00,0.00,0.000,0.000,0.00
1777917098,loop31,0.00,0.00,0.000,0.000,0.00
1777917098,loop32,0.00,0.00,0.000,0.000,0.00
1777917098,loop33,0.00,0.00,0.000,0.000,0.00
1777917098,loop34,0.00,0.00,0.000,0.000,0.00
1777917098,loop35,0.00,0.00,0.000,0.000,0.00
1777917098,loop36,0.00,0.00,0.000,0.000,0.00
1777917098,loop37,0.00,0.00,0.000,0.000,0.00
1777917098,loop38,2.00,114.00,0.000,0.000,0.10
1777917098,loop39,0.00,0.00,0.000,0.000,0.00
1777917098,loop4,0.00,0.00,0.000,0.000,0.00
1777917098,loop40,0.00,0.00,0.000,0.000,0.00
1777917098,loop5,0.00,0.00,0.000,0.000,0.00
1777917098,loop6,0.00,0.00,0.000,0.000,0.00
1777917098,loop7,0.00,0.00,0.000,0.000,0.00
1777917098,loop8,0.00,0.00,0.000,0.000,0.00
1777917098,loop9,0.00,0.00,0.000,0.000,0.00
1777917098,nvme0n1,1.00,60.00,0.000,0.000,1.60
1777917099,loop0,0.00,0.00,0.000,0.000,0.00
1777917099,loop1,0.00,0.00,0.000,0.000,0.00
1777917099,loop10,0.00,0.00,0.000,0.000,0.00
1777917099,loop11,0.00,0.00,0.000,0.000,0.00
1777917099,loop12,0.00,0.00,0.000,0.000,0.00
1777917099,loop13,0.00,0.00,0.000,0.000,0.00
1777917099,loop14,0.00,0.00,0.000,0.000,0.00
1777917099,loop15,0.00,0.00,0.000,0.000,0.00
1777917099,loop16,0.00,0.00,0.000,0.000,0.00
1777917099,loop17,0.00,0.00,0.000,0.000,0.00
1777917099,loop18,0.00,0.00,0.000,0.000,0.00
1777917099,loop19,0.00,0.00,0.000,0.000,0.00
1777917099,loop2,0.00,0.00,0.000,0.000,0.00
1777917099,loop20,0.00,0.00,0.000,0.000,0.00
1777917099,loop21,0.00,0.00,0.000,0.000,0.00
1777917099,loop22,0.00,0.00,0.000,0.000,0.00
1777917099,loop23,0.00,0.00,0.000,0.000,0.00
1777917099,loop24,0.00,0.00,0.000,0.000,0.00
1777917099,loop25,0.00,0.00,0.000,0.000,0.00
1777917099,loop26,0.00,0.00,0.000,0.000,0.00
1777917099,loop27,0.00,0.00,0.000,0.000,0.00
1777917099,loop28,0.00,0.00,0.000,0.000,0.00
1777917099,loop29,0.00,0.00,0.000,0.000,0.00
1777917099,loop3,0.00,0.00,0.000,0.000,0.00
1777917099,loop30,0.00,0.00,0.000,0.000,0.00
1777917099,loop31,0.00,0.00,0.000,0.000,0.00
1777917099,loop32,0.00,0.00,0.000,0.000,0.00
1777917099,loop33,0.00,0.00,0.000,0.000,0.00
1777917099,loop34,0.00,0.00,0.000,0.000,0.00
1777917099,loop35,0.00,0.00,0.000,0.000,0.00
1777917099,loop36,0.00,0.00,0.000,0.000,0.00
1777917099,loop37,0.00,0.00,0.000,0.000,0.00
1777917099,loop38,0.00,0.00,0.000,0.000,0.00
1777917099,loop39,0.00,0.00,0.000,0.000,0.00
1777917099,loop4,0.00,0.00,0.000,0.000,0.00
1777917099,loop40,0.00,0.00,0.000,0.000,0.00
1777917099,loop5,0.00,0.00,0.000,0.000,0.00
1777917099,loop6,0.00,0.00,0.000,0.000,0.00
1777917099,loop7,0.00,0.00,0.000,0.000,0.00
1777917099,loop8,0.00,0.00,0.000,0.000,0.00
1777917099,loop9,0.00,0.00,0.000,0.000,0.00
1777917099,nvme0n1,0.00,0.00,0.000,0.000,1.20
1777917100,loop0,0.00,0.00,0.000,0.000,0.00
1777917100,loop1,0.00,0.00,0.000,0.000,0.00
1777917100,loop10,0.00,0.00,0.000,0.000,0.00
1777917100,loop11,0.00,0.00,0.000,0.000,0.00
1777917100,loop12,0.00,0.00,0.000,0.000,0.00
1777917100,loop13,0.00,0.00,0.000,0.000,0.00
1777917100,loop14,0.00,0.00,0.000,0.000,0.00
1777917100,loop15,0.00,0.00,0.000,0.000,0.00
1777917100,loop16,0.00,0.00,0.000,0.000,0.00
1777917100,loop17,0.00,0.00,0.000,0.000,0.00
1777917100,loop18,0.00,0.00,0.000,0.000,0.00
1777917100,loop19,0.00,0.00,0.000,0.000,0.00
1777917100,loop2,0.00,0.00,0.000,0.000,0.00
1777917100,loop20,0.00,0.00,0.000,0.000,0.00
1777917100,loop21,0.00,0.00,0.000,0.000,0.00
1777917100,loop22,0.00,0.00,0.000,0.000,0.00
1777917100,loop23,0.00,0.00,0.000,0.000,0.00
1777917100,loop24,0.00,0.00,0.000,0.000,0.00
1777917100,loop25,0.00,0.00,0.000,0.000,0.00
1777917100,loop26,0.00,0.00,0.000,0.000,0.00
1777917100,loop27,0.00,0.00,0.000,0.000,0.00
1777917100,loop28,0.00,0.00,0.000,0.000,0.00
1777917100,loop29,0.00,0.00,0.000,0.000,0.00
1777917100,loop3,0.00,0.00,0.000,0.000,0.00
1777917100,loop30,0.00,0.00,0.000,0.000,0.00
1777917100,loop31,0.00,0.00,0.000,0.000,0.00
1777917100,loop32,0.00,0.00,0.000,0.000,0.00
1777917100,loop33,0.00,0.00,0.000,0.000,0.00
1777917100,loop34,0.00,0.00,0.000,0.000,0.00
1777917100,loop35,0.00,0.00,0.000,0.000,0.00
1777917100,loop36,0.00,0.00,0.000,0.000,0.00
1777917100,loop37,0.00,0.00,0.000,0.000,0.00
1777917100,loop38,0.00,0.00,0.000,0.000,0.00
1777917100,loop39,0.00,0.00,0.000,0.000,0.00
1777917100,loop4,0.00,0.00,0.000,0.000,0.00
1777917100,loop40,0.00,0.00,0.000,0.000,0.00
1777917100,loop5,0.00,0.00,0.000,0.000,0.00
1777917100,loop6,0.00,0.00,0.000,0.000,0.00
1777917100,loop7,0.00,0.00,0.000,0.000,0.00
1777917100,loop8,0.00,0.00,0.000,0.000,0.00
1777917100,loop9,0.00,0.00,0.000,0.000,0.00
1777917100,nvme0n1,0.00,0.00,0.000,0.000,0.40
1777917101,loop0,0.00,0.00,0.000,0.000,0.00
1777917101,loop1,0.00,0.00,0.000,0.000,0.00
1777917101,loop10,0.00,0.00,0.000,0.000,0.00
1777917101,loop11,0.00,0.00,0.000,0.000,0.00
1777917101,loop12,0.00,0.00,0.000,0.000,0.00
1777917101,loop13,0.00,0.00,0.000,0.000,0.00
1777917101,loop14,0.00,0.00,0.000,0.000,0.00
1777917101,loop15,0.00,0.00,0.000,0.000,0.00
1777917101,loop16,0.00,0.00,0.000,0.000,0.00
1777917101,loop17,0.00,0.00,0.000,0.000,0.00
1777917101,loop18,0.00,0.00,0.000,0.000,0.00
1777917101,loop19,0.00,0.00,0.000,0.000,0.00
1777917101,loop2,0.00,0.00,0.000,0.000,0.00
1777917101,loop20,0.00,0.00,0.000,0.000,0.00
1777917101,loop21,0.00,0.00,0.000,0.000,0.00
1777917101,loop22,0.00,0.00,0.000,0.000,0.00
1777917101,loop23,0.00,0.00,0.000,0.000,0.00
1777917101,loop24,0.00,0.00,0.000,0.000,0.00
1777917101,loop25,0.00,0.00,0.000,0.000,0.00
1777917101,loop26,0.00,0.00,0.000,0.000,0.00
1777917101,loop27,0.00,0.00,0.000,0.000,0.00
1777917101,loop28,0.00,0.00,0.000,0.000,0.00
1777917101,loop29,0.00,0.00,0.000,0.000,0.00
1777917101,loop3,0.00,0.00,0.000,0.000,0.00
1777917101,loop30,0.00,0.00,0.000,0.000,0.00
1777917101,loop31,0.00,0.00,0.000,0.000,0.00
1777917101,loop32,0.00,0.00,0.000,0.000,0.00
1777917101,loop33,0.00,0.00,0.000,0.000,0.00
1777917101,loop34,0.00,0.00,0.000,0.000,0.00
1777917101,loop35,0.00,0.00,0.000,0.000,0.00
1777917101,loop36,0.00,0.00,0.000,0.000,0.00
1777917101,loop37,0.00,0.00,0.000,0.000,0.00
1777917101,loop38,0.00,0.00,0.000,0.000,0.00
1777917101,loop39,0.00,0.00,0.000,0.000,0.00
1777917101,loop4,0.00,0.00,0.000,0.000,0.00
1777917101,loop40,0.00,0.00,0.000,0.000,0.00
1777917101,loop5,0.00,0.00,0.000,0.000,0.00
1777917101,loop6,0.00,0.00,0.000,0.000,0.00
1777917101,loop7,0.00,0.00,0.000,0.000,0.00
1777917101,loop8,0.00,0.00,0.000,0.000,0.00
1777917101,loop9,0.00,0.00,0.000,0.000,0.00
1777917101,nvme0n1,0.00,0.00,0.000,0.000,0.10
1777917102,loop0,0.00,0.00,0.000,0.000,0.00
1777917102,loop1,0.00,0.00,0.000,0.000,0.00
1777917102,loop10,0.00,0.00,0.000,0.000,0.00
1777917102,loop11,0.00,0.00,0.000,0.000,0.00
1777917102,loop12,0.00,0.00,0.000,0.000,0.00
1777917102,loop13,0.00,0.00,0.000,0.000,0.00
1777917102,loop14,0.00,0.00,0.000,0.000,0.00
1777917102,loop15,0.00,0.00,0.000,0.000,0.00
1777917102,loop16,0.00,0.00,0.000,0.000,0.00
1777917102,loop17,0.00,0.00,0.000,0.000,0.00
1777917102,loop18,0.00,0.00,0.000,0.000,0.00
1777917102,loop19,0.00,0.00,0.000,0.000,0.00
1777917102,loop2,0.00,0.00,0.000,0.000,0.00
1777917102,loop20,0.00,0.00,0.000,0.000,0.00
1777917102,loop21,0.00,0.00,0.000,0.000,0.00
1777917102,loop22,0.00,0.00,0.000,0.000,0.00
1777917102,loop23,0.00,0.00,0.000,0.000,0.00
1777917102,loop24,0.00,0.00,0.000,0.000,0.00
1777917102,loop25,0.00,0.00,0.000,0.000,0.00
1777917102,loop26,0.00,0.00,0.000,0.000,0.00
1777917102,loop27,0.00,0.00,0.000,0.000,0.00
1777917102,loop28,0.00,0.00,0.000,0.000,0.00
1777917102,loop29,0.00,0.00,0.000,0.000,0.00
1777917102,loop3,0.00,0.00,0.000,0.000,0.00
1777917102,loop30,0.00,0.00,0.000,0.000,0.00
1777917102,loop31,0.00,0.00,0.000,0.000,0.00
1777917102,loop32,0.00,0.00,0.000,0.000,0.00
1777917102,loop33,0.00,0.00,0.000,0.000,0.00
1777917102,loop34,0.00,0.00,0.000,0.000,0.00
1777917102,loop35,0.00,0.00,0.000,0.000,0.00
1777917102,loop36,0.00,0.00,0.000,0.000,0.00
1777917102,loop37,0.00,0.00,0.000,0.000,0.00
1777917102,loop38,0.00,0.00,0.000,0.000,0.00
1777917102,loop39,0.00,0.00,0.000,0.000,0.00
1777917102,loop4,0.00,0.00,0.000,0.000,0.00
1777917102,loop40,0.00,0.00,0.000,0.000,0.00
1777917102,loop5,0.00,0.00,0.000,0.000,0.00
1777917102,loop6,0.00,0.00,0.000,0.000,0.00
1777917102,loop7,0.00,0.00,0.000,0.000,0.00
1777917102,loop8,0.00,0.00,0.000,0.000,0.00
1777917102,loop9,0.00,0.00,0.000,0.000,0.00
1777917102,nvme0n1,0.00,0.00,0.000,0.000,0.00
1777917103,loop0,0.00,0.00,0.000,0.000,0.00
1777917103,loop1,0.00,0.00,0.000,0.000,0.00
1777917103,loop10,0.00,0.00,0.000,0.000,0.00
1777917103,loop11,0.00,0.00,0.000,0.000,0.00
1777917103,loop12,0.00,0.00,0.000,0.000,0.00
1777917103,loop13,0.00,0.00,0.000,0.000,0.00
1777917103,loop14,0.00,0.00,0.000,0.000,0.00
1777917103,loop15,0.00,0.00,0.000,0.000,0.00
1777917103,loop16,0.00,0.00,0.000,0.000,0.00
1777917103,loop17,0.00,0.00,0.000,0.000,0.00
1777917103,loop18,0.00,0.00,0.000,0.000,0.00
1777917103,loop19,0.00,0.00,0.000,0.000,0.00
1777917103,loop2,0.00,0.00,0.000,0.000,0.00
1777917103,loop20,0.00,0.00,0.000,0.000,0.00
1777917103,loop21,0.00,0.00,0.000,0.000,0.00
1777917103,loop22,0.00,0.00,0.000,0.000,0.00
1777917103,loop23,0.00,0.00,0.000,0.000,0.00
1777917103,loop24,0.00,0.00,0.000,0.000,0.00
1777917103,loop25,0.00,0.00,0.000,0.000,0.00
1777917103,loop26,0.00,0.00,0.000,0.000,0.00
1777917103,loop27,0.00,0.00,0.000,0.000,0.00
1777917103,loop28,0.00,0.00,0.000,0.000,0.00
1777917103,loop29,0.00,0.00,0.000,0.000,0.00
1777917103,loop3,0.00,0.00,0.000,0.000,0.00
1777917103,loop30,0.00,0.00,0.000,0.000,0.00
1777917103,loop31,0.00,0.00,0.000,0.000,0.00
1777917103,loop32,0.00,0.00,0.000,0.000,0.00
1777917103,loop33,0.00,0.00,0.000,0.000,0.00
1777917103,loop34,0.00,0.00,0.000,0.000,0.00
1777917103,loop35,0.00,0.00,0.000,0.000,0.00
1777917103,loop36,0.00,0.00,0.000,0.000,0.00
1777917103,loop37,0.00,0.00,0.000,0.000,0.00
1777917103,loop38,0.00,0.00,0.000,0.000,0.00
1777917103,loop39,0.00,0.00,0.000,0.000,0.00
1777917103,loop4,0.00,0.00,0.000,0.000,0.00
1777917103,loop40,0.00,0.00,0.000,0.000,0.00
1777917103,loop5,0.00,0.00,0.000,0.000,0.00
1777917103,loop6,0.00,0.00,0.000,0.000,0.00
1777917103,loop7,0.00,0.00,0.000,0.000,0.00
1777917103,loop8,0.00,0.00,0.000,0.000,0.00
1777917103,loop9,0.00,0.00,0.000,0.000,0.00
1777917103,nvme0n1,0.00,0.00,0.000,0.000,0.50
1777917104,loop0,0.00,0.00,0.000,0.000,0.00
1777917104,loop1,0.00,0.00,0.000,0.000,0.00
1777917104,loop10,0.00,0.00,0.000,0.000,0.00
1777917104,loop11,0.00,0.00,0.000,0.000,0.00
1777917104,loop12,0.00,0.00,0.000,0.000,0.00
1777917104,loop13,0.00,0.00,0.000,0.000,0.00
1777917104,loop14,0.00,0.00,0.000,0.000,0.00
1777917104,loop15,0.00,0.00,0.000,0.000,0.00
1777917104,loop16,0.00,0.00,0.000,0.000,0.00
1777917104,loop17,0.00,0.00,0.000,0.000,0.00
1777917104,loop18,0.00,0.00,0.000,0.000,0.00
1777917104,loop19,0.00,0.00,0.000,0.000,0.00
1777917104,loop2,0.00,0.00,0.000,0.000,0.00
1777917104,loop20,0.00,0.00,0.000,0.000,0.00
1777917104,loop21,0.00,0.00,0.000,0.000,0.00
1777917104,loop22,0.00,0.00,0.000,0.000,0.00
1777917104,loop23,0.00,0.00,0.000,0.000,0.00
1777917104,loop24,0.00,0.00,0.000,0.000,0.00
1777917104,loop25,0.00,0.00,0.000,0.000,0.00
1777917104,loop26,0.00,0.00,0.000,0.000,0.00
1777917104,loop27,0.00,0.00,0.000,0.000,0.00
1777917104,loop28,0.00,0.00,0.000,0.000,0.00
1777917104,loop29,0.00,0.00,0.000,0.000,0.00
1777917104,loop3,0.00,0.00,0.000,0.000,0.00
1777917104,loop30,0.00,0.00,0.000,0.000,0.00
1777917104,loop31,0.00,0.00,0.000,0.000,0.00
1777917104,loop32,0.00,0.00,0.000,0.000,0.00
1777917104,loop33,0.00,0.00,0.000,0.000,0.00
1777917104,loop34,0.00,0.00,0.000,0.000,0.00
1777917104,loop35,0.00,0.00,0.000,0.000,0.00
1777917104,loop36,0.00,0.00,0.000,0.000,0.00
1777917104,loop37,0.00,0.00,0.000,0.000,0.00
1777917104,loop38,0.00,0.00,0.000,0.000,0.00
1777917104,loop39,0.00,0.00,0.000,0.000,0.00
1777917104,loop4,0.00,0.00,0.000,0.000,0.00
1777917104,loop40,0.00,0.00,0.000,0.000,0.00
1777917104,loop5,0.00,0.00,0.000,0.000,0.00
1777917104,loop6,0.00,0.00,0.000,0.000,0.00
1777917104,loop7,0.00,0.00,0.000,0.000,0.00
1777917104,loop8,0.00,0.00,0.000,0.000,0.00
1777917104,loop9,0.00,0.00,0.000,0.000,0.00
1777917104,nvme0n1,0.00,0.00,0.000,0.000,0.00
1777917105,loop0,0.00,0.00,0.000,0.000,0.00
1777917105,loop1,0.00,0.00,0.000,0.000,0.00
1777917105,loop10,0.00,0.00,0.000,0.000,0.00
1777917105,loop11,0.00,0.00,0.000,0.000,0.00
1777917105,loop12,0.00,0.00,0.000,0.000,0.00
1777917105,loop13,0.00,0.00,0.000,0.000,0.00
1777917105,loop14,0.00,0.00,0.000,0.000,0.00
1777917105,loop15,0.00,0.00,0.000,0.000,0.00
1777917105,loop16,0.00,0.00,0.000,0.000,0.00
1777917105,loop17,0.00,0.00,0.000,0.000,0.00
1777917105,loop18,0.00,0.00,0.000,0.000,0.00
1777917105,loop19,0.00,0.00,0.000,0.000,0.00
1777917105,loop2,0.00,0.00,0.000,0.000,0.00
1777917105,loop20,0.00,0.00,0.000,0.000,0.00
1777917105,loop21,0.00,0.00,0.000,0.000,0.00
1777917105,loop22,0.00,0.00,0.000,0.000,0.00
1777917105,loop23,0.00,0.00,0.000,0.000,0.00
1777917105,loop24,0.00,0.00,0.000,0.000,0.00
1777917105,loop25,0.00,0.00,0.000,0.000,0.00
1777917105,loop26,0.00,0.00,0.000,0.000,0.00
1777917105,loop27,0.00,0.00,0.000,0.000,0.00
1777917105,loop28,0.00,0.00,0.000,0.000,0.00
1777917105,loop29,0.00,0.00,0.000,0.000,0.00
1777917105,loop3,0.00,0.00,0.000,0.000,0.00
1777917105,loop30,0.00,0.00,0.000,0.000,0.00
1777917105,loop31,0.00,0.00,0.000,0.000,0.00
1777917105,loop32,0.00,0.00,0.000,0.000,0.00
1777917105,loop33,0.00,0.00,0.000,0.000,0.00
1777917105,loop34,0.00,0.00,0.000,0.000,0.00
1777917105,loop35,0.00,0.00,0.000,0.000,0.00
1777917105,loop36,0.00,0.00,0.000,0.000,0.00
1777917105,loop37,0.00,0.00,0.000,0.000,0.00
1777917105,loop38,0.00,0.00,0.000,0.000,0.00
1777917105,loop39,0.00,0.00,0.000,0.000,0.00
1777917105,loop4,0.00,0.00,0.000,0.000,0.00
1777917105,loop40,0.00,0.00,0.000,0.000,0.00
1777917105,loop5,0.00,0.00,0.000,0.000,0.00
1777917105,loop6,0.00,0.00,0.000,0.000,0.00
1777917105,loop7,0.00,0.00,0.000,0.000,0.00
1777917105,loop8,0.00,0.00,0.000,0.000,0.00
1777917105,loop9,0.00,0.00,0.000,0.000,0.00
1777917105,nvme0n1,0.00,0.00,0.000,0.000,0.00
1777917106,loop0,0.00,0.00,0.000,0.000,0.00
1777917106,loop1,0.00,0.00,0.000,0.000,0.00
1777917106,loop10,0.00,0.00,0.000,0.000,0.00
1777917106,loop11,0.00,0.00,0.000,0.000,0.00
1777917106,loop12,0.00,0.00,0.000,0.000,0.00
1777917106,loop13,0.00,0.00,0.000,0.000,0.00
1777917106,loop14,0.00,0.00,0.000,0.000,0.00
1777917106,loop15,0.00,0.00,0.000,0.000,0.00
1777917106,loop16,0.00,0.00,0.000,0.000,0.00
1777917106,loop17,0.00,0.00,0.000,0.000,0.00
1777917106,loop18,0.00,0.00,0.000,0.000,0.00
1777917106,loop19,0.00,0.00,0.000,0.000,0.00
1777917106,loop2,0.00,0.00,0.000,0.000,0.00
1777917106,loop20,0.00,0.00,0.000,0.000,0.00
1777917106,loop21,0.00,0.00,0.000,0.000,0.00
1777917106,loop22,0.00,0.00,0.000,0.000,0.00
1777917106,loop23,0.00,0.00,0.000,0.000,0.00
1777917106,loop24,0.00,0.00,0.000,0.000,0.00
1777917106,loop25,0.00,0.00,0.000,0.000,0.00
1777917106,loop26,0.00,0.00,0.000,0.000,0.00
1777917106,loop27,0.00,0.00,0.000,0.000,0.00
1777917106,loop28,0.00,0.00,0.000,0.000,0.00
1777917106,loop29,0.00,0.00,0.000,0.000,0.00
1777917106,loop3,0.00,0.00,0.000,0.000,0.00
1777917106,loop30,0.00,0.00,0.000,0.000,0.00
1777917106,loop31,0.00,0.00,0.000,0.000,0.00
1777917106,loop32,0.00,0.00,0.000,0.000,0.00
1777917106,loop33,0.00,0.00,0.000,0.000,0.00
1777917106,loop34,0.00,0.00,0.000,0.000,0.00
1777917106,loop35,0.00,0.00,0.000,0.000,0.00
1777917106,loop36,0.00,0.00,0.000,0.000,0.00
1777917106,loop37,0.00,0.00,0.000,0.000,0.00
1777917106,loop38,0.00,0.00,0.000,0.000,0.00
1777917106,loop39,0.00,0.00,0.000,0.000,0.00
1777917106,loop4,0.00,0.00,0.000,0.000,0.00
1777917106,loop40,0.00,0.00,0.000,0.000,0.00
1777917106,loop5,0.00,0.00,0.000,0.000,0.00
1777917106,loop6,0.00,0.00,0.000,0.000,0.00
1777917106,loop7,0.00,0.00,0.000,0.000,0.00
1777917106,loop8,0.00,0.00,0.000,0.000,0.00
1777917106,loop9,0.00,0.00,0.000,0.000,0.00
1777917106,nvme0n1,0.00,0.00,0.000,0.000,0.00
1777917107,loop0,0.00,0.00,0.000,0.000,0.00
1777917107,loop1,0.00,0.00,0.000,0.000,0.00
1777917107,loop10,0.00,0.00,0.000,0.000,0.00
1777917107,loop11,0.00,0.00,0.000,0.000,0.00
1777917107,loop12,0.00,0.00,0.000,0.000,0.00
1777917107,loop13,0.00,0.00,0.000,0.000,0.00
1777917107,loop14,0.00,0.00,0.000,0.000,0.00
1777917107,loop15,0.00,0.00,0.000,0.000,0.00
1777917107,loop16,0.00,0.00,0.000,0.000,0.00
1777917107,loop17,0.00,0.00,0.000,0.000,0.00
1777917107,loop18,0.00,0.00,0.000,0.000,0.00
1777917107,loop19,0.00,0.00,0.000,0.000,0.00
1777917107,loop2,0.00,0.00,0.000,0.000,0.00
1777917107,loop20,0.00,0.00,0.000,0.000,0.00
1777917107,loop21,0.00,0.00,0.000,0.000,0.00
1777917107,loop22,0.00,0.00,0.000,0.000,0.00
1777917107,loop23,0.00,0.00,0.000,0.000,0.00
1777917107,loop24,0.00,0.00,0.000,0.000,0.00
1777917107,loop25,0.00,0.00,0.000,0.000,0.00
1777917107,loop26,0.00,0.00,0.000,0.000,0.00
1777917107,loop27,0.00,0.00,0.000,0.000,0.00
1777917107,loop28,0.00,0.00,0.000,0.000,0.00
1777917107,loop29,0.00,0.00,0.000,0.000,0.00
1777917107,loop3,0.00,0.00,0.000,0.000,0.00
1777917107,loop30,0.00,0.00,0.000,0.000,0.00
1777917107,loop31,0.00,0.00,0.000,0.000,0.00
1777917107,loop32,0.00,0.00,0.000,0.000,0.00
1777917107,loop33,0.00,0.00,0.000,0.000,0.00
1777917107,loop34,0.00,0.00,0.000,0.000,0.00
1777917107,loop35,0.00,0.00,0.000,0.000,0.00
1777917107,loop36,0.00,0.00,0.000,0.000,0.00
1777917107,loop37,0.00,0.00,0.000,0.000,0.00
1777917107,loop38,0.00,0.00,0.000,0.000,0.00
1777917107,loop39,0.00,0.00,0.000,0.000,0.00
1777917107,loop4,0.00,0.00,0.000,0.000,0.00
1777917107,loop40,0.00,0.00,0.000,0.000,0.00
1777917107,loop5,0.00,0.00,0.000,0.000,0.00
1777917107,loop6,0.00,0.00,0.000,0.000,0.00
1777917107,loop7,0.00,0.00,0.000,0.000,0.00
1777917107,loop8,0.00,0.00,0.000,0.000,0.00
1777917107,loop9,0.00,0.00,0.000,0.000,0.00
1777917107,nvme0n1,0.00,0.00,0.000,0.000,2.10
1777917108,loop0,0.00,0.00,0.000,0.000,0.00
1777917108,loop1,0.00,0.00,0.000,0.000,0.00
1777917108,loop10,0.00,0.00,0.000,0.000,0.00
1777917108,loop11,0.00,0.00,0.000,0.000,0.00
1777917108,loop12,0.00,0.00,0.000,0.000,0.00
1777917108,loop13,0.00,0.00,0.000,0.000,0.00
1777917108,loop14,0.00,0.00,0.000,0.000,0.00
1777917108,loop15,0.00,0.00,0.000,0.000,0.00
1777917108,loop16,0.00,0.00,0.000,0.000,0.00
1777917108,loop17,0.00,0.00,0.000,0.000,0.00
1777917108,loop18,0.00,0.00,0.000,0.000,0.00
1777917108,loop19,0.00,0.00,0.000,0.000,0.00
1777917108,loop2,0.00,0.00,0.000,0.000,0.00
1777917108,loop20,0.00,0.00,0.000,0.000,0.00
1777917108,loop21,0.00,0.00,0.000,0.000,0.00
1777917108,loop22,0.00,0.00,0.000,0.000,0.00
1777917108,loop23,0.00,0.00,0.000,0.000,0.00
1777917108,loop24,0.00,0.00,0.000,0.000,0.00
1777917108,loop25,0.00,0.00,0.000,0.000,0.00
1777917108,loop26,0.00,0.00,0.000,0.000,0.00
1777917108,loop27,0.00,0.00,0.000,0.000,0.00
1777917108,loop28,0.00,0.00,0.000,0.000,0.00
1777917108,loop29,0.00,0.00,0.000,0.000,0.00
1777917108,loop3,0.00,0.00,0.000,0.000,0.00
1777917108,loop30,0.00,0.00,0.000,0.000,0.00
1777917108,loop31,0.00,0.00,0.000,0.000,0.00
1777917108,loop32,0.00,0.00,0.000,0.000,0.00
1777917108,loop33,0.00,0.00,0.000,0.000,0.00
1777917108,loop34,0.00,0.00,0.000,0.000,0.00
1777917108,loop35,0.00,0.00,0.000,0.000,0.00
1777917108,loop36,0.00,0.00,0.000,0.000,0.00
1777917108,loop37,0.00,0.00,0.000,0.000,0.00
1777917108,loop38,0.00,0.00,0.000,0.000,0.00
1777917108,loop39,0.00,0.00,0.000,0.000,0.00
1777917108,loop4,0.00,0.00,0.000,0.000,0.00
1777917108,loop40,0.00,0.00,0.000,0.000,0.00
1777917108,loop5,0.00,0.00,0.000,0.000,0.00
1777917108,loop6,0.00,0.00,0.000,0.000,0.00
1777917108,loop7,0.00,0.00,0.000,0.000,0.00
1777917108,loop8,0.00,0.00,0.000,0.000,0.00
1777917108,loop9,0.00,0.00,0.000,0.000,0.00
1777917108,nvme0n1,0.00,0.00,0.000,0.000,0.00
1777917109,loop0,0.00,0.00,0.000,0.000,0.00
1777917109,loop1,0.00,0.00,0.000,0.000,0.00
1777917109,loop10,0.00,0.00,0.000,0.000,0.00
1777917109,loop11,0.00,0.00,0.000,0.000,0.00
1777917109,loop12,0.00,0.00,0.000,0.000,0.00
1777917109,loop13,0.00,0.00,0.000,0.000,0.00
1777917109,loop14,0.00,0.00,0.000,0.000,0.00
1777917109,loop15,0.00,0.00,0.000,0.000,0.00
1777917109,loop16,0.00,0.00,0.000,0.000,0.00
1777917109,loop17,0.00,0.00,0.000,0.000,0.00
1777917109,loop18,0.00,0.00,0.000,0.000,0.00
1777917109,loop19,0.00,0.00,0.000,0.000,0.00
1777917109,loop2,0.00,0.00,0.000,0.000,0.00
1777917109,loop20,0.00,0.00,0.000,0.000,0.00
1777917109,loop21,0.00,0.00,0.000,0.000,0.00
1777917109,loop22,0.00,0.00,0.000,0.000,0.00
1777917109,loop23,0.00,0.00,0.000,0.000,0.00
1777917109,loop24,0.00,0.00,0.000,0.000,0.00
1777917109,loop25,0.00,0.00,0.000,0.000,0.00
1777917109,loop26,0.00,0.00,0.000,0.000,0.00
1777917109,loop27,0.00,0.00,0.000,0.000,0.00
1777917109,loop28,0.00,0.00,0.000,0.000,0.00
1777917109,loop29,0.00,0.00,0.000,0.000,0.00
1777917109,loop3,0.00,0.00,0.000,0.000,0.00
1777917109,loop30,0.00,0.00,0.000,0.000,0.00
1777917109,loop31,0.00,0.00,0.000,0.000,0.00
1777917109,loop32,0.00,0.00,0.000,0.000,0.00
1777917109,loop33,0.00,0.00,0.000,0.000,0.00
1777917109,loop34,0.00,0.00,0.000,0.000,0.00
1777917109,loop35,0.00,0.00,0.000,0.000,0.00
1777917109,loop36,0.00,0.00,0.000,0.000,0.00
1777917109,loop37,0.00,0.00,0.000,0.000,0.00
1777917109,loop38,0.00,0.00,0.000,0.000,0.00
1777917109,loop39,0.00,0.00,0.000,0.000,0.00
1777917109,loop4,0.00,0.00,0.000,0.000,0.00
1777917109,loop40,0.00,0.00,0.000,0.000,0.00
1777917109,loop5,0.00,0.00,0.000,0.000,0.00
1777917109,loop6,0.00,0.00,0.000,0.000,0.00
1777917109,loop7,0.00,0.00,0.000,0.000,0.00
1777917109,loop8,0.00,0.00,0.000,0.000,0.00
1777917109,loop9,0.00,0.00,0.000,0.000,0.00
1777917109,nvme0n1,0.00,0.00,0.000,0.000,0.60
1777917110,loop0,0.00,0.00,0.000,0.000,0.00
1777917110,loop1,0.00,0.00,0.000,0.000,0.00
1777917110,loop10,0.00,0.00,0.000,0.000,0.00
1777917110,loop11,0.00,0.00,0.000,0.000,0.00
1777917110,loop12,0.00,0.00,0.000,0.000,0.00
1777917110,loop13,0.00,0.00,0.000,0.000,0.00
1777917110,loop14,0.00,0.00,0.000,0.000,0.00
1777917110,loop15,0.00,0.00,0.000,0.000,0.00
1777917110,loop16,0.00,0.00,0.000,0.000,0.00
1777917110,loop17,0.00,0.00,0.000,0.000,0.00
1777917110,loop18,0.00,0.00,0.000,0.000,0.00
1777917110,loop19,0.00,0.00,0.000,0.000,0.00
1777917110,loop2,0.00,0.00,0.000,0.000,0.00
1777917110,loop20,0.00,0.00,0.000,0.000,0.00
1777917110,loop21,0.00,0.00,0.000,0.000,0.00
1777917110,loop22,0.00,0.00,0.000,0.000,0.00
1777917110,loop23,0.00,0.00,0.000,0.000,0.00
1777917110,loop24,0.00,0.00,0.000,0.000,0.00
1777917110,loop25,0.00,0.00,0.000,0.000,0.00
1777917110,loop26,0.00,0.00,0.000,0.000,0.00
1777917110,loop27,0.00,0.00,0.000,0.000,0.00
1777917110,loop28,0.00,0.00,0.000,0.000,0.00
1777917110,loop29,0.00,0.00,0.000,0.000,0.00
1777917110,loop3,0.00,0.00,0.000,0.000,0.00
1777917110,loop30,0.00,0.00,0.000,0.000,0.00
1777917110,loop31,0.00,0.00,0.000,0.000,0.00
1777917110,loop32,0.00,0.00,0.000,0.000,0.00
1777917110,loop33,0.00,0.00,0.000,0.000,0.00
1777917110,loop34,0.00,0.00,0.000,0.000,0.00
1777917110,loop35,0.00,0.00,0.000,0.000,0.00
1777917110,loop36,0.00,0.00,0.000,0.000,0.00
1777917110,loop37,0.00,0.00,0.000,0.000,0.00
1777917110,loop38,0.00,0.00,0.000,0.000,0.00
1777917110,loop39,0.00,0.00,0.000,0.000,0.00
1777917110,loop4,0.00,0.00,0.000,0.000,0.00
1777917110,loop40,0.00,0.00,0.000,0.000,0.00
1777917110,loop5,0.00,0.00,0.000,0.000,0.00
1777917110,loop6,0.00,0.00,0.000,0.000,0.00
1777917110,loop7,0.00,0.00,0.000,0.000,0.00
1777917110,loop8,0.00,0.00,0.000,0.000,0.00
1777917110,loop9,0.00,0.00,0.000,0.000,0.00
1777917110,nvme0n1,0.00,0.00,0.000,0.000,0.10
1777917111,loop0,0.00,0.00,0.000,0.000,0.00
1777917111,loop1,0.00,0.00,0.000,0.000,0.00
1777917111,loop10,0.00,0.00,0.000,0.000,0.00
1777917111,loop11,0.00,0.00,0.000,0.000,0.00
1777917111,loop12,0.00,0.00,0.000,0.000,0.00
1777917111,loop13,0.00,0.00,0.000,0.000,0.00
1777917111,loop14,0.00,0.00,0.000,0.000,0.00
1777917111,loop15,0.00,0.00,0.000,0.000,0.00
1777917111,loop16,0.00,0.00,0.000,0.000,0.00
1777917111,loop17,0.00,0.00,0.000,0.000,0.00
1777917111,loop18,0.00,0.00,0.000,0.000,0.00
1777917111,loop19,0.00,0.00,0.000,0.000,0.00
1777917111,loop2,0.00,0.00,0.000,0.000,0.00
1777917111,loop20,0.00,0.00,0.000,0.000,0.00
1777917111,loop21,0.00,0.00,0.000,0.000,0.00
1777917111,loop22,0.00,0.00,0.000,0.000,0.00
1777917111,loop23,0.00,0.00,0.000,0.000,0.00
1777917111,loop24,0.00,0.00,0.000,0.000,0.00
1777917111,loop25,0.00,0.00,0.000,0.000,0.00
1777917111,loop26,0.00,0.00,0.000,0.000,0.00
1777917111,loop27,0.00,0.00,0.000,0.000,0.00
1777917111,loop28,0.00,0.00,0.000,0.000,0.00
1777917111,loop29,0.00,0.00,0.000,0.000,0.00
1777917111,loop3,0.00,0.00,0.000,0.000,0.00
1777917111,loop30,0.00,0.00,0.000,0.000,0.00
1777917111,loop31,0.00,0.00,0.000,0.000,0.00
1777917111,loop32,0.00,0.00,0.000,0.000,0.00
1777917111,loop33,0.00,0.00,0.000,0.000,0.00
1777917111,loop34,0.00,0.00,0.000,0.000,0.00
1777917111,loop35,0.00,0.00,0.000,0.000,0.00
1777917111,loop36,0.00,0.00,0.000,0.000,0.00
1777917111,loop37,0.00,0.00,0.000,0.000,0.00
1777917111,loop38,0.00,0.00,0.000,0.000,0.00
1777917111,loop39,0.00,0.00,0.000,0.000,0.00
1777917111,loop4,0.00,0.00,0.000,0.000,0.00
1777917111,loop40,0.00,0.00,0.000,0.000,0.00
1777917111,loop5,0.00,0.00,0.000,0.000,0.00
1777917111,loop6,0.00,0.00,0.000,0.000,0.00
1777917111,loop7,0.00,0.00,0.000,0.000,0.00
1777917111,loop8,0.00,0.00,0.000,0.000,0.00
1777917111,loop9,0.00,0.00,0.000,0.000,0.00
1777917111,nvme0n1,0.00,0.00,0.000,0.000,0.40
1777917112,loop0,0.00,0.00,0.000,0.000,0.00
1777917112,loop1,0.00,0.00,0.000,0.000,0.00
1777917112,loop10,0.00,0.00,0.000,0.000,0.00
1777917112,loop11,0.00,0.00,0.000,0.000,0.00
1777917112,loop12,0.00,0.00,0.000,0.000,0.00
1777917112,loop13,0.00,0.00,0.000,0.000,0.00
1777917112,loop14,0.00,0.00,0.000,0.000,0.00
1777917112,loop15,0.00,0.00,0.000,0.000,0.00
1777917112,loop16,0.00,0.00,0.000,0.000,0.00
1777917112,loop17,0.00,0.00,0.000,0.000,0.00
1777917112,loop18,0.00,0.00,0.000,0.000,0.00
1777917112,loop19,0.00,0.00,0.000,0.000,0.00
1777917112,loop2,0.00,0.00,0.000,0.000,0.00
1777917112,loop20,0.00,0.00,0.000,0.000,0.00
1777917112,loop21,0.00,0.00,0.000,0.000,0.00
1777917112,loop22,0.00,0.00,0.000,0.000,0.00
1777917112,loop23,0.00,0.00,0.000,0.000,0.00
1777917112,loop24,0.00,0.00,0.000,0.000,0.00
1777917112,loop25,0.00,0.00,0.000,0.000,0.00
1777917112,loop26,0.00,0.00,0.000,0.000,0.00
1777917112,loop27,0.00,0.00,0.000,0.000,0.00
1777917112,loop28,0.00,0.00,0.000,0.000,0.00
1777917112,loop29,0.00,0.00,0.000,0.000,0.00
1777917112,loop3,0.00,0.00,0.000,0.000,0.00
1777917112,loop30,0.00,0.00,0.000,0.000,0.00
1777917112,loop31,0.00,0.00,0.000,0.000,0.00
1777917112,loop32,0.00,0.00,0.000,0.000,0.00
1777917112,loop33,0.00,0.00,0.000,0.000,0.00
1777917112,loop34,0.00,0.00,0.000,0.000,0.00
1777917112,loop35,0.00,0.00,0.000,0.000,0.00
1777917112,loop36,0.00,0.00,0.000,0.000,0.00
1777917112,loop37,0.00,0.00,0.000,0.000,0.00
1777917112,loop38,0.00,0.00,0.000,0.000,0.00
1777917112,loop39,0.00,0.00,0.000,0.000,0.00
1777917112,loop4,0.00,0.00,0.000,0.000,0.00
1777917112,loop40,0.00,0.00,0.000,0.000,0.00
1777917112,loop5,0.00,0.00,0.000,0.000,0.00
1777917112,loop6,0.00,0.00,0.000,0.000,0.00
1777917112,loop7,0.00,0.00,0.000,0.000,0.00
1777917112,loop8,0.00,0.00,0.000,0.000,0.00
1777917112,loop9,0.00,0.00,0.000,0.000,0.00
1777917112,nvme0n1,0.00,0.00,0.000,0.000,0.00
1777917113,loop0,0.00,0.00,0.000,0.000,0.00
1777917113,loop1,0.00,0.00,0.000,0.000,0.00
1777917113,loop10,0.00,0.00,0.000,0.000,0.00
1777917113,loop11,0.00,0.00,0.000,0.000,0.00
1777917113,loop12,0.00,0.00,0.000,0.000,0.00
1777917113,loop13,0.00,0.00,0.000,0.000,0.00
1777917113,loop14,0.00,0.00,0.000,0.000,0.00
1777917113,loop15,0.00,0.00,0.000,0.000,0.00
1777917113,loop16,0.00,0.00,0.000,0.000,0.00
1777917113,loop17,0.00,0.00,0.000,0.000,0.00
1777917113,loop18,0.00,0.00,0.000,0.000,0.00
1777917113,loop19,0.00,0.00,0.000,0.000,0.00
1777917113,loop2,0.00,0.00,0.000,0.000,0.00
1777917113,loop20,0.00,0.00,0.000,0.000,0.00
1777917113,loop21,0.00,0.00,0.000,0.000,0.00
1777917113,loop22,0.00,0.00,0.000,0.000,0.00
1777917113,loop23,0.00,0.00,0.000,0.000,0.00
1777917113,loop24,0.00,0.00,0.000,0.000,0.00
1777917113,loop25,0.00,0.00,0.000,0.000,0.00
1777917113,loop26,0.00,0.00,0.000,0.000,0.00
1777917113,loop27,0.00,0.00,0.000,0.000,0.00
1777917113,loop28,0.00,0.00,0.000,0.000,0.00
1777917113,loop29,0.00,0.00,0.000,0.000,0.00
1777917113,loop3,0.00,0.00,0.000,0.000,0.00
1777917113,loop30,0.00,0.00,0.000,0.000,0.00
1777917113,loop31,0.00,0.00,0.000,0.000,0.00
1777917113,loop32,0.00,0.00,0.000,0.000,0.00
1777917113,loop33,0.00,0.00,0.000,0.000,0.00
1777917113,loop34,0.00,0.00,0.000,0.000,0.00
1777917113,loop35,0.00,0.00,0.000,0.000,0.00
1777917113,loop36,0.00,0.00,0.000,0.000,0.00
1777917113,loop37,0.00,0.00,0.000,0.000,0.00
1777917113,loop38,0.00,0.00,0.000,0.000,0.00
1777917113,loop39,0.00,0.00,0.000,0.000,0.00
1777917113,loop4,0.00,0.00,0.000,0.000,0.00
1777917113,loop40,0.00,0.00,0.000,0.000,0.00
1777917113,loop5,0.00,0.00,0.000,0.000,0.00
1777917113,loop6,0.00,0.00,0.000,0.000,0.00
1777917113,loop7,0.00,0.00,0.000,0.000,0.00
1777917113,loop8,0.00,0.00,0.000,0.000,0.00
1777917113,loop9,0.00,0.00,0.000,0.000,0.00
1777917113,nvme0n1,0.00,0.00,0.000,0.000,0.10
1777917114,loop0,0.00,0.00,0.000,0.000,0.00
1777917114,loop1,0.00,0.00,0.000,0.000,0.00
1777917114,loop10,0.00,0.00,0.000,0.000,0.00
1777917114,loop11,0.00,0.00,0.000,0.000,0.00
1777917114,loop12,0.00,0.00,0.000,0.000,0.00
1777917114,loop13,0.00,0.00,0.000,0.000,0.00
1777917114,loop14,0.00,0.00,0.000,0.000,0.00
1777917114,loop15,0.00,0.00,0.000,0.000,0.00
1777917114,loop16,0.00,0.00,0.000,0.000,0.00
1777917114,loop17,0.00,0.00,0.000,0.000,0.00
1777917114,loop18,0.00,0.00,0.000,0.000,0.00
1777917114,loop19,0.00,0.00,0.000,0.000,0.00
1777917114,loop2,0.00,0.00,0.000,0.000,0.00
1777917114,loop20,0.00,0.00,0.000,0.000,0.00
1777917114,loop21,0.00,0.00,0.000,0.000,0.00
1777917114,loop22,0.00,0.00,0.000,0.000,0.00
1777917114,loop23,0.00,0.00,0.000,0.000,0.00
1777917114,loop24,0.00,0.00,0.000,0.000,0.00
1777917114,loop25,0.00,0.00,0.000,0.000,0.00
1777917114,loop26,0.00,0.00,0.000,0.000,0.00
1777917114,loop27,0.00,0.00,0.000,0.000,0.00
1777917114,loop28,0.00,0.00,0.000,0.000,0.00
1777917114,loop29,0.00,0.00,0.000,0.000,0.00
1777917114,loop3,0.00,0.00,0.000,0.000,0.00
1777917114,loop30,0.00,0.00,0.000,0.000,0.00
1777917114,loop31,0.00,0.00,0.000,0.000,0.00
1777917114,loop32,0.00,0.00,0.000,0.000,0.00
1777917114,loop33,0.00,0.00,0.000,0.000,0.00
1777917114,loop34,0.00,0.00,0.000,0.000,0.00
1777917114,loop35,0.00,0.00,0.000,0.000,0.00
1777917114,loop36,0.00,0.00,0.000,0.000,0.00
1777917114,loop37,0.00,0.00,0.000,0.000,0.00
1777917114,loop38,0.00,0.00,0.000,0.000,0.00
1777917114,loop39,0.00,0.00,0.000,0.000,0.00
1777917114,loop4,0.00,0.00,0.000,0.000,0.00
1777917114,loop40,0.00,0.00,0.000,0.000,0.00
1777917114,loop5,0.00,0.00,0.000,0.000,0.00
1777917114,loop6,0.00,0.00,0.000,0.000,0.00
1777917114,loop7,0.00,0.00,0.000,0.000,0.00
1777917114,loop8,0.00,0.00,0.000,0.000,0.00
1777917114,loop9,0.00,0.00,0.000,0.000,0.00
1777917114,nvme0n1,0.00,0.00,0.000,0.000,0.90
1777917115,loop0,0.00,0.00,0.000,0.000,0.00
1777917115,loop1,0.00,0.00,0.000,0.000,0.00
1777917115,loop10,0.00,0.00,0.000,0.000,0.00
1777917115,loop11,0.00,0.00,0.000,0.000,0.00
1777917115,loop12,0.00,0.00,0.000,0.000,0.00
1777917115,loop13,0.00,0.00,0.000,0.000,0.00
1777917115,loop14,0.00,0.00,0.000,0.000,0.00
1777917115,loop15,0.00,0.00,0.000,0.000,0.00
1777917115,loop16,0.00,0.00,0.000,0.000,0.00
1777917115,loop17,0.00,0.00,0.000,0.000,0.00
1777917115,loop18,0.00,0.00,0.000,0.000,0.00
1777917115,loop19,0.00,0.00,0.000,0.000,0.00
1777917115,loop2,0.00,0.00,0.000,0.000,0.00
1777917115,loop20,0.00,0.00,0.000,0.000,0.00
1777917115,loop21,0.00,0.00,0.000,0.000,0.00
1777917115,loop22,0.00,0.00,0.000,0.000,0.00
1777917115,loop23,0.00,0.00,0.000,0.000,0.00
1777917115,loop24,0.00,0.00,0.000,0.000,0.00
1777917115,loop25,0.00,0.00,0.000,0.000,0.00
1777917115,loop26,0.00,0.00,0.000,0.000,0.00
1777917115,loop27,0.00,0.00,0.000,0.000,0.00
1777917115,loop28,0.00,0.00,0.000,0.000,0.00
1777917115,loop29,0.00,0.00,0.000,0.000,0.00
1777917115,loop3,0.00,0.00,0.000,0.000,0.00
1777917115,loop30,0.00,0.00,0.000,0.000,0.00
1777917115,loop31,0.00,0.00,0.000,0.000,0.00
1777917115,loop32,0.00,0.00,0.000,0.000,0.00
1777917115,loop33,0.00,0.00,0.000,0.000,0.00
1777917115,loop34,0.00,0.00,0.000,0.000,0.00
1777917115,loop35,0.00,0.00,0.000,0.000,0.00
1777917115,loop36,0.00,0.00,0.000,0.000,0.00
1777917115,loop37,0.00,0.00,0.000,0.000,0.00
1777917115,loop38,0.00,0.00,0.000,0.000,0.00
1777917115,loop39,0.00,0.00,0.000,0.000,0.00
1777917115,loop4,0.00,0.00,0.000,0.000,0.00
1777917115,loop40,0.00,0.00,0.000,0.000,0.00
1777917115,loop5,0.00,0.00,0.000,0.000,0.00
1777917115,loop6,0.00,0.00,0.000,0.000,0.00
1777917115,loop7,0.00,0.00,0.000,0.000,0.00
1777917115,loop8,0.00,0.00,0.000,0.000,0.00
1777917115,loop9,0.00,0.00,0.000,0.000,0.00
1777917115,nvme0n1,0.00,0.00,0.000,0.000,0.70
1777917116,loop0,0.00,0.00,0.000,0.000,0.00
1777917116,loop1,0.00,0.00,0.000,0.000,0.00
1777917116,loop10,0.00,0.00,0.000,0.000,0.00
1777917116,loop11,0.00,0.00,0.000,0.000,0.00
1777917116,loop12,0.00,0.00,0.000,0.000,0.00
1777917116,loop13,0.00,0.00,0.000,0.000,0.00
1777917116,loop14,0.00,0.00,0.000,0.000,0.00
1777917116,loop15,0.00,0.00,0.000,0.000,0.00
1777917116,loop16,0.00,0.00,0.000,0.000,0.00
1777917116,loop17,0.00,0.00,0.000,0.000,0.00
1777917116,loop18,0.00,0.00,0.000,0.000,0.00
1777917116,loop19,0.00,0.00,0.000,0.000,0.00
1777917116,loop2,0.00,0.00,0.000,0.000,0.00
1777917116,loop20,0.00,0.00,0.000,0.000,0.00
1777917116,loop21,0.00,0.00,0.000,0.000,0.00
1777917116,loop22,0.00,0.00,0.000,0.000,0.00
1777917116,loop23,0.00,0.00,0.000,0.000,0.00
1777917116,loop24,0.00,0.00,0.000,0.000,0.00
1777917116,loop25,0.00,0.00,0.000,0.000,0.00
1777917116,loop26,0.00,0.00,0.000,0.000,0.00
1777917116,loop27,0.00,0.00,0.000,0.000,0.00
1777917116,loop28,0.00,0.00,0.000,0.000,0.00
1777917116,loop29,0.00,0.00,0.000,0.000,0.00
1777917116,loop3,0.00,0.00,0.000,0.000,0.00
1777917116,loop30,0.00,0.00,0.000,0.000,0.00
1777917116,loop31,0.00,0.00,0.000,0.000,0.00
1777917116,loop32,0.00,0.00,0.000,0.000,0.00
1777917116,loop33,0.00,0.00,0.000,0.000,0.00
1777917116,loop34,0.00,0.00,0.000,0.000,0.00
1777917116,loop35,0.00,0.00,0.000,0.000,0.00
1777917116,loop36,0.00,0.00,0.000,0.000,0.00
1777917116,loop37,0.00,0.00,0.000,0.000,0.00
1777917116,loop38,0.00,0.00,0.000,0.000,0.00
1777917116,loop39,0.00,0.00,0.000,0.000,0.00
1777917116,loop4,0.00,0.00,0.000,0.000,0.00
1777917116,loop40,0.00,0.00,0.000,0.000,0.00
1777917116,loop5,0.00,0.00,0.000,0.000,0.00
1777917116,loop6,0.00,0.00,0.000,0.000,0.00
1777917116,loop7,0.00,0.00,0.000,0.000,0.00
1777917116,loop8,0.00,0.00,0.000,0.000,0.00
1777917116,loop9,0.00,0.00,0.000,0.000,0.00
1777917116,nvme0n1,0.00,0.00,0.000,0.000,0.80
1777917117,loop0,0.00,0.00,0.000,0.000,0.00
1777917117,loop1,0.00,0.00,0.000,0.000,0.00
1777917117,loop10,0.00,0.00,0.000,0.000,0.00
1777917117,loop11,0.00,0.00,0.000,0.000,0.00
1777917117,loop12,0.00,0.00,0.000,0.000,0.00
1777917117,loop13,0.00,0.00,0.000,0.000,0.00
1777917117,loop14,0.00,0.00,0.000,0.000,0.00
1777917117,loop15,0.00,0.00,0.000,0.000,0.00
1777917117,loop16,0.00,0.00,0.000,0.000,0.00
1777917117,loop17,0.00,0.00,0.000,0.000,0.00
1777917117,loop18,0.00,0.00,0.000,0.000,0.00
1777917117,loop19,0.00,0.00,0.000,0.000,0.00
1777917117,loop2,0.00,0.00,0.000,0.000,0.00
1777917117,loop20,0.00,0.00,0.000,0.000,0.00
1777917117,loop21,0.00,0.00,0.000,0.000,0.00
1777917117,loop22,0.00,0.00,0.000,0.000,0.00
1777917117,loop23,0.00,0.00,0.000,0.000,0.00
1777917117,loop24,0.00,0.00,0.000,0.000,0.00
1777917117,loop25,0.00,0.00,0.000,0.000,0.00
1777917117,loop26,0.00,0.00,0.000,0.000,0.00
1777917117,loop27,0.00,0.00,0.000,0.000,0.00
1777917117,loop28,0.00,0.00,0.000,0.000,0.00
1777917117,loop29,0.00,0.00,0.000,0.000,0.00
1777917117,loop3,0.00,0.00,0.000,0.000,0.00
1777917117,loop30,0.00,0.00,0.000,0.000,0.00
1777917117,loop31,0.00,0.00,0.000,0.000,0.00
1777917117,loop32,0.00,0.00,0.000,0.000,0.00
1777917117,loop33,0.00,0.00,0.000,0.000,0.00
1777917117,loop34,0.00,0.00,0.000,0.000,0.00
1777917117,loop35,0.00,0.00,0.000,0.000,0.00
1777917117,loop36,0.00,0.00,0.000,0.000,0.00
1777917117,loop37,0.00,0.00,0.000,0.000,0.00
1777917117,loop38,0.00,0.00,0.000,0.000,0.00
1777917117,loop39,0.00,0.00,0.000,0.000,0.00
1777917117,loop4,0.00,0.00,0.000,0.000,0.00
1777917117,loop40,0.00,0.00,0.000,0.000,0.00
1777917117,loop5,0.00,0.00,0.000,0.000,0.00
1777917117,loop6,0.00,0.00,0.000,0.000,0.00
1777917117,loop7,0.00,0.00,0.000,0.000,0.00
1777917117,loop8,0.00,0.00,0.000,0.000,0.00
1777917117,loop9,0.00,0.00,0.000,0.000,0.00
1777917117,nvme0n1,0.00,0.00,0.000,0.000,0.40
1777917118,loop0,0.00,0.00,0.000,0.000,0.00
1777917118,loop1,0.00,0.00,0.000,0.000,0.00
1777917118,loop10,0.00,0.00,0.000,0.000,0.00
1777917118,loop11,0.00,0.00,0.000,0.000,0.00
1777917118,loop12,0.00,0.00,0.000,0.000,0.00
1777917118,loop13,0.00,0.00,0.000,0.000,0.00
1777917118,loop14,0.00,0.00,0.000,0.000,0.00
1777917118,loop15,0.00,0.00,0.000,0.000,0.00
1777917118,loop16,0.00,0.00,0.000,0.000,0.00
1777917118,loop17,0.00,0.00,0.000,0.000,0.00
1777917118,loop18,0.00,0.00,0.000,0.000,0.00
1777917118,loop19,0.00,0.00,0.000,0.000,0.00
1777917118,loop2,0.00,0.00,0.000,0.000,0.00
1777917118,loop20,0.00,0.00,0.000,0.000,0.00
1777917118,loop21,0.00,0.00,0.000,0.000,0.00
1777917118,loop22,0.00,0.00,0.000,0.000,0.00
1777917118,loop23,0.00,0.00,0.000,0.000,0.00
1777917118,loop24,0.00,0.00,0.000,0.000,0.00
1777917118,loop25,0.00,0.00,0.000,0.000,0.00
1777917118,loop26,0.00,0.00,0.000,0.000,0.00
1777917118,loop27,0.00,0.00,0.000,0.000,0.00
1777917118,loop28,0.00,0.00,0.000,0.000,0.00
1777917118,loop29,0.00,0.00,0.000,0.000,0.00
1777917118,loop3,0.00,0.00,0.000,0.000,0.00
1777917118,loop30,0.00,0.00,0.000,0.000,0.00
1777917118,loop31,0.00,0.00,0.000,0.000,0.00
1777917118,loop32,0.00,0.00,0.000,0.000,0.00
1777917118,loop33,0.00,0.00,0.000,0.000,0.00
1777917118,loop34,0.00,0.00,0.000,0.000,0.00
1777917118,loop35,0.00,0.00,0.000,0.000,0.00
1777917118,loop36,0.00,0.00,0.000,0.000,0.00
1777917118,loop37,0.00,0.00,0.000,0.000,0.00
1777917118,loop38,0.00,0.00,0.000,0.000,0.00
1777917118,loop39,0.00,0.00,0.000,0.000,0.00
1777917118,loop4,0.00,0.00,0.000,0.000,0.00
1777917118,loop40,0.00,0.00,0.000,0.000,0.00
1777917118,loop5,0.00,0.00,0.000,0.000,0.00
1777917118,loop6,0.00,0.00,0.000,0.000,0.00
1777917118,loop7,0.00,0.00,0.000,0.000,0.00
1777917118,loop8,0.00,0.00,0.000,0.000,0.00
1777917118,loop9,0.00,0.00,0.000,0.000,0.00
1777917118,nvme0n1,0.00,0.00,0.000,0.000,0.00
1777917119,loop0,0.00,0.00,0.000,0.000,0.00
1777917119,loop1,0.00,0.00,0.000,0.000,0.00
1777917119,loop10,0.00,0.00,0.000,0.000,0.00
1777917119,loop11,0.00,0.00,0.000,0.000,0.00
1777917119,loop12,0.00,0.00,0.000,0.000,0.00
1777917119,loop13,0.00,0.00,0.000,0.000,0.00
1777917119,loop14,0.00,0.00,0.000,0.000,0.00
1777917119,loop15,0.00,0.00,0.000,0.000,0.00
1777917119,loop16,0.00,0.00,0.000,0.000,0.00
1777917119,loop17,0.00,0.00,0.000,0.000,0.00
1777917119,loop18,0.00,0.00,0.000,0.000,0.00
1777917119,loop19,0.00,0.00,0.000,0.000,0.00
1777917119,loop2,0.00,0.00,0.000,0.000,0.00
1777917119,loop20,0.00,0.00,0.000,0.000,0.00
1777917119,loop21,0.00,0.00,0.000,0.000,0.00
1777917119,loop22,0.00,0.00,0.000,0.000,0.00
1777917119,loop23,0.00,0.00,0.000,0.000,0.00
1777917119,loop24,0.00,0.00,0.000,0.000,0.00
1777917119,loop25,0.00,0.00,0.000,0.000,0.00
1777917119,loop26,0.00,0.00,0.000,0.000,0.00
1777917119,loop27,0.00,0.00,0.000,0.000,0.00
1777917119,loop28,0.00,0.00,0.000,0.000,0.00
1777917119,loop29,0.00,0.00,0.000,0.000,0.00
1777917119,loop3,0.00,0.00,0.000,0.000,0.00
1777917119,loop30,0.00,0.00,0.000,0.000,0.00
1777917119,loop31,0.00,0.00,0.000,0.000,0.00
1777917119,loop32,0.00,0.00,0.000,0.000,0.00
1777917119,loop33,0.00,0.00,0.000,0.000,0.00
1777917119,loop34,0.00,0.00,0.000,0.000,0.00
1777917119,loop35,0.00,0.00,0.000,0.000,0.00
1777917119,loop36,0.00,0.00,0.000,0.000,0.00
1777917119,loop37,0.00,0.00,0.000,0.000,0.00
1777917119,loop38,0.00,0.00,0.000,0.000,0.00
1777917119,loop39,0.00,0.00,0.000,0.000,0.00
1777917119,loop4,0.00,0.00,0.000,0.000,0.00
1777917119,loop40,0.00,0.00,0.000,0.000,0.00
1777917119,loop5,0.00,0.00,0.000,0.000,0.00
1777917119,loop6,0.00,0.00,0.000,0.000,0.00
1777917119,loop7,0.00,0.00,0.000,0.000,0.00
1777917119,loop8,0.00,0.00,0.000,0.000,0.00
1777917119,loop9,0.00,0.00,0.000,0.000,0.00
1777917119,nvme0n1,0.00,0.00,0.000,0.000,0.00
1777917120,loop0,0.00,0.00,0.000,0.000,0.00
1777917120,loop1,0.00,0.00,0.000,0.000,0.00
1777917120,loop10,0.00,0.00,0.000,0.000,0.00
1777917120,loop11,0.00,0.00,0.000,0.000,0.00
1777917120,loop12,0.00,0.00,0.000,0.000,0.00
1777917120,loop13,0.00,0.00,0.000,0.000,0.00
1777917120,loop14,0.00,0.00,0.000,0.000,0.00
1777917120,loop15,0.00,0.00,0.000,0.000,0.00
1777917120,loop16,0.00,0.00,0.000,0.000,0.00
1777917120,loop17,0.00,0.00,0.000,0.000,0.00
1777917120,loop18,0.00,0.00,0.000,0.000,0.00
1777917120,loop19,0.00,0.00,0.000,0.000,0.00
1777917120,loop2,0.00,0.00,0.000,0.000,0.00
1777917120,loop20,0.00,0.00,0.000,0.000,0.00
1777917120,loop21,0.00,0.00,0.000,0.000,0.00
1777917120,loop22,0.00,0.00,0.000,0.000,0.00
1777917120,loop23,0.00,0.00,0.000,0.000,0.00
1777917120,loop24,0.00,0.00,0.000,0.000,0.00
1777917120,loop25,0.00,0.00,0.000,0.000,0.00
1777917120,loop26,0.00,0.00,0.000,0.000,0.00
1777917120,loop27,0.00,0.00,0.000,0.000,0.00
1777917120,loop28,0.00,0.00,0.000,0.000,0.00
1777917120,loop29,0.00,0.00,0.000,0.000,0.00
1777917120,loop3,0.00,0.00,0.000,0.000,0.00
1777917120,loop30,0.00,0.00,0.000,0.000,0.00
1777917120,loop31,0.00,0.00,0.000,0.000,0.00
1777917120,loop32,0.00,0.00,0.000,0.000,0.00
1777917120,loop33,0.00,0.00,0.000,0.000,0.00
1777917120,loop34,0.00,0.00,0.000,0.000,0.00
1777917120,loop35,0.00,0.00,0.000,0.000,0.00
1777917120,loop36,0.00,0.00,0.000,0.000,0.00
1777917120,loop37,0.00,0.00,0.000,0.000,0.00
1777917120,loop38,0.00,0.00,0.000,0.000,0.00
1777917120,loop39,0.00,0.00,0.000,0.000,0.00
1777917120,loop4,0.00,0.00,0.000,0.000,0.00
1777917120,loop40,0.00,0.00,0.000,0.000,0.00
1777917120,loop5,0.00,0.00,0.000,0.000,0.00
1777917120,loop6,0.00,0.00,0.000,0.000,0.00
1777917120,loop7,0.00,0.00,0.000,0.000,0.00
1777917120,loop8,0.00,0.00,0.000,0.000,0.00
1777917120,loop9,0.00,0.00,0.000,0.000,0.00
1777917120,nvme0n1,0.00,0.00,0.000,0.000,7.40
1777917121,loop0,0.00,0.00,0.000,0.000,0.00
1777917121,loop1,0.00,0.00,0.000,0.000,0.00
1777917121,loop10,0.00,0.00,0.000,0.000,0.00
1777917121,loop11,0.00,0.00,0.000,0.000,0.00
1777917121,loop12,0.00,0.00,0.000,0.000,0.00
1777917121,loop13,0.00,0.00,0.000,0.000,0.00
1777917121,loop14,0.00,0.00,0.000,0.000,0.00
1777917121,loop15,0.00,0.00,0.000,0.000,0.00
1777917121,loop16,0.00,0.00,0.000,0.000,0.00
1777917121,loop17,0.00,0.00,0.000,0.000,0.00
1777917121,loop18,0.00,0.00,0.000,0.000,0.00
1777917121,loop19,0.00,0.00,0.000,0.000,0.00
1777917121,loop2,0.00,0.00,0.000,0.000,0.00
1777917121,loop20,0.00,0.00,0.000,0.000,0.00
1777917121,loop21,0.00,0.00,0.000,0.000,0.00
1777917121,loop22,0.00,0.00,0.000,0.000,0.00
1777917121,loop23,0.00,0.00,0.000,0.000,0.00
1777917121,loop24,0.00,0.00,0.000,0.000,0.00
1777917121,loop25,0.00,0.00,0.000,0.000,0.00
1777917121,loop26,0.00,0.00,0.000,0.000,0.00
1777917121,loop27,0.00,0.00,0.000,0.000,0.00
1777917121,loop28,0.00,0.00,0.000,0.000,0.00
1777917121,loop29,0.00,0.00,0.000,0.000,0.00
1777917121,loop3,0.00,0.00,0.000,0.000,0.00
1777917121,loop30,0.00,0.00,0.000,0.000,0.00
1777917121,loop31,0.00,0.00,0.000,0.000,0.00
1777917121,loop32,0.00,0.00,0.000,0.000,0.00
1777917121,loop33,0.00,0.00,0.000,0.000,0.00
1777917121,loop34,0.00,0.00,0.000,0.000,0.00
1777917121,loop35,0.00,0.00,0.000,0.000,0.00
1777917121,loop36,0.00,0.00,0.000,0.000,0.00
1777917121,loop37,0.00,0.00,0.000,0.000,0.00
1777917121,loop38,0.00,0.00,0.000,0.000,0.00
1777917121,loop39,0.00,0.00,0.000,0.000,0.00
1777917121,loop4,0.00,0.00,0.000,0.000,0.00
1777917121,loop40,0.00,0.00,0.000,0.000,0.00
1777917121,loop5,0.00,0.00,0.000,0.000,0.00
1777917121,loop6,0.00,0.00,0.000,0.000,0.00
1777917121,loop7,0.00,0.00,0.000,0.000,0.00
1777917121,loop8,0.00,0.00,0.000,0.000,0.00
1777917121,loop9,0.00,0.00,0.000,0.000,0.00
1777917121,nvme0n1,0.00,0.00,0.000,0.000,0.50
1777917122,loop0,0.00,0.00,0.000,0.000,0.00
1777917122,loop1,0.00,0.00,0.000,0.000,0.00
1777917122,loop10,0.00,0.00,0.000,0.000,0.00
1777917122,loop11,0.00,0.00,0.000,0.000,0.00
1777917122,loop12,0.00,0.00,0.000,0.000,0.00
1777917122,loop13,0.00,0.00,0.000,0.000,0.00
1777917122,loop14,0.00,0.00,0.000,0.000,0.00
1777917122,loop15,0.00,0.00,0.000,0.000,0.00
1777917122,loop16,0.00,0.00,0.000,0.000,0.00
1777917122,loop17,0.00,0.00,0.000,0.000,0.00
1777917122,loop18,0.00,0.00,0.000,0.000,0.00
1777917122,loop19,0.00,0.00,0.000,0.000,0.00
1777917122,loop2,0.00,0.00,0.000,0.000,0.00
1777917122,loop20,0.00,0.00,0.000,0.000,0.00
1777917122,loop21,0.00,0.00,0.000,0.000,0.00
1777917122,loop22,0.00,0.00,0.000,0.000,0.00
1777917122,loop23,0.00,0.00,0.000,0.000,0.00
1777917122,loop24,0.00,0.00,0.000,0.000,0.00
1777917122,loop25,0.00,0.00,0.000,0.000,0.00
1777917122,loop26,0.00,0.00,0.000,0.000,0.00
1777917122,loop27,0.00,0.00,0.000,0.000,0.00
1777917122,loop28,0.00,0.00,0.000,0.000,0.00
1777917122,loop29,0.00,0.00,0.000,0.000,0.00
1777917122,loop3,0.00,0.00,0.000,0.000,0.00
1777917122,loop30,0.00,0.00,0.000,0.000,0.00
1777917122,loop31,0.00,0.00,0.000,0.000,0.00
1777917122,loop32,0.00,0.00,0.000,0.000,0.00
1777917122,loop33,0.00,0.00,0.000,0.000,0.00
1777917122,loop34,0.00,0.00,0.000,0.000,0.00
1777917122,loop35,0.00,0.00,0.000,0.000,0.00
1777917122,loop36,0.00,0.00,0.000,0.000,0.00
1777917122,loop37,0.00,0.00,0.000,0.000,0.00
1777917122,loop38,0.00,0.00,0.000,0.000,0.00
1777917122,loop39,0.00,0.00,0.000,0.000,0.00
1777917122,loop4,0.00,0.00,0.000,0.000,0.00
1777917122,loop40,0.00,0.00,0.000,0.000,0.00
1777917122,loop5,0.00,0.00,0.000,0.000,0.00
1777917122,loop6,0.00,0.00,0.000,0.000,0.00
1777917122,loop7,0.00,0.00,0.000,0.000,0.00
1777917122,loop8,0.00,0.00,0.000,0.000,0.00
1777917122,loop9,0.00,0.00,0.000,0.000,0.00
1777917122,nvme0n1,0.00,0.00,0.000,0.000,0.00
1777917123,loop0,0.00,0.00,0.000,0.000,0.00
1777917123,loop1,0.00,0.00,0.000,0.000,0.00
1777917123,loop10,0.00,0.00,0.000,0.000,0.00
1777917123,loop11,0.00,0.00,0.000,0.000,0.00
1777917123,loop12,0.00,0.00,0.000,0.000,0.00
1777917123,loop13,0.00,0.00,0.000,0.000,0.00
1777917123,loop14,0.00,0.00,0.000,0.000,0.00
1777917123,loop15,0.00,0.00,0.000,0.000,0.00
1777917123,loop16,0.00,0.00,0.000,0.000,0.00
1777917123,loop17,0.00,0.00,0.000,0.000,0.00
1777917123,loop18,0.00,0.00,0.000,0.000,0.00
1777917123,loop19,0.00,0.00,0.000,0.000,0.00
1777917123,loop2,0.00,0.00,0.000,0.000,0.00
1777917123,loop20,0.00,0.00,0.000,0.000,0.00
1777917123,loop21,0.00,0.00,0.000,0.000,0.00
1777917123,loop22,0.00,0.00,0.000,0.000,0.00
1777917123,loop23,0.00,0.00,0.000,0.000,0.00
1777917123,loop24,0.00,0.00,0.000,0.000,0.00
1777917123,loop25,0.00,0.00,0.000,0.000,0.00
1777917123,loop26,0.00,0.00,0.000,0.000,0.00
1777917123,loop27,0.00,0.00,0.000,0.000,0.00
1777917123,loop28,0.00,0.00,0.000,0.000,0.00
1777917123,loop29,0.00,0.00,0.000,0.000,0.00
1777917123,loop3,0.00,0.00,0.000,0.000,0.00
1777917123,loop30,0.00,0.00,0.000,0.000,0.00
1777917123,loop31,0.00,0.00,0.000,0.000,0.00
1777917123,loop32,0.00,0.00,0.000,0.000,0.00
1777917123,loop33,0.00,0.00,0.000,0.000,0.00
1777917123,loop34,0.00,0.00,0.000,0.000,0.00
1777917123,loop35,0.00,0.00,0.000,0.000,0.00
1777917123,loop36,0.00,0.00,0.000,0.000,0.00
1777917123,loop37,0.00,0.00,0.000,0.000,0.00
1777917123,loop38,0.00,0.00,0.000,0.000,0.00
1777917123,loop39,0.00,0.00,0.000,0.000,0.00
1777917123,loop4,0.00,0.00,0.000,0.000,0.00
1777917123,loop40,0.00,0.00,0.000,0.000,0.00
1777917123,loop5,0.00,0.00,0.000,0.000,0.00
1777917123,loop6,0.00,0.00,0.000,0.000,0.00
1777917123,loop7,0.00,0.00,0.000,0.000,0.00
1777917123,loop8,0.00,0.00,0.000,0.000,0.00
1777917123,loop9,0.00,0.00,0.000,0.000,0.00
1777917123,nvme0n1,0.00,0.00,0.000,0.000,0.10
1777917124,loop0,0.00,0.00,0.000,0.000,0.00
1777917124,loop1,0.00,0.00,0.000,0.000,0.00
1777917124,loop10,0.00,0.00,0.000,0.000,0.00
1777917124,loop11,0.00,0.00,0.000,0.000,0.00
1777917124,loop12,0.00,0.00,0.000,0.000,0.00
1777917124,loop13,0.00,0.00,0.000,0.000,0.00
1777917124,loop14,0.00,0.00,0.000,0.000,0.00
1777917124,loop15,0.00,0.00,0.000,0.000,0.00
1777917124,loop16,0.00,0.00,0.000,0.000,0.00
1777917124,loop17,0.00,0.00,0.000,0.000,0.00
1777917124,loop18,0.00,0.00,0.000,0.000,0.00
1777917124,loop19,0.00,0.00,0.000,0.000,0.00
1777917124,loop2,0.00,0.00,0.000,0.000,0.00
1777917124,loop20,0.00,0.00,0.000,0.000,0.00
1777917124,loop21,0.00,0.00,0.000,0.000,0.00
1777917124,loop22,0.00,0.00,0.000,0.000,0.00
1777917124,loop23,0.00,0.00,0.000,0.000,0.00
1777917124,loop24,0.00,0.00,0.000,0.000,0.00
1777917124,loop25,0.00,0.00,0.000,0.000,0.00
1777917124,loop26,0.00,0.00,0.000,0.000,0.00
1777917124,loop27,0.00,0.00,0.000,0.000,0.00
1777917124,loop28,0.00,0.00,0.000,0.000,0.00
1777917124,loop29,0.00,0.00,0.000,0.000,0.00
1777917124,loop3,0.00,0.00,0.000,0.000,0.00
1777917124,loop30,0.00,0.00,0.000,0.000,0.00
1777917124,loop31,0.00,0.00,0.000,0.000,0.00
1777917124,loop32,0.00,0.00,0.000,0.000,0.00
1777917124,loop33,0.00,0.00,0.000,0.000,0.00
1777917124,loop34,0.00,0.00,0.000,0.000,0.00
1777917124,loop35,0.00,0.00,0.000,0.000,0.00
1777917124,loop36,0.00,0.00,0.000,0.000,0.00
1777917124,loop37,0.00,0.00,0.000,0.000,0.00
1777917124,loop38,0.00,0.00,0.000,0.000,0.00
1777917124,loop39,0.00,0.00,0.000,0.000,0.00
1777917124,loop4,0.00,0.00,0.000,0.000,0.00
1777917124,loop40,0.00,0.00,0.000,0.000,0.00
1777917124,loop5,0.00,0.00,0.000,0.000,0.00
1777917124,loop6,0.00,0.00,0.000,0.000,0.00
1777917124,loop7,0.00,0.00,0.000,0.000,0.00
1777917124,loop8,0.00,0.00,0.000,0.000,0.00
1777917124,loop9,0.00,0.00,0.000,0.000,0.00
1777917124,nvme0n1,0.00,0.00,0.000,0.000,0.00
1777917125,loop0,0.00,0.00,0.000,0.000,0.00
1777917125,loop1,0.00,0.00,0.000,0.000,0.00
1777917125,loop10,0.00,0.00,0.000,0.000,0.00
1777917125,loop11,0.00,0.00,0.000,0.000,0.00
1777917125,loop12,0.00,0.00,0.000,0.000,0.00
1777917125,loop13,0.00,0.00,0.000,0.000,0.00
1777917125,loop14,0.00,0.00,0.000,0.000,0.00
1777917125,loop15,0.00,0.00,0.000,0.000,0.00
1777917125,loop16,0.00,0.00,0.000,0.000,0.00
1777917125,loop17,0.00,0.00,0.000,0.000,0.00
1777917125,loop18,0.00,0.00,0.000,0.000,0.00
1777917125,loop19,0.00,0.00,0.000,0.000,0.00
1777917125,loop2,0.00,0.00,0.000,0.000,0.00
1777917125,loop20,0.00,0.00,0.000,0.000,0.00
1777917125,loop21,0.00,0.00,0.000,0.000,0.00
1777917125,loop22,0.00,0.00,0.000,0.000,0.00
1777917125,loop23,0.00,0.00,0.000,0.000,0.00
1777917125,loop24,0.00,0.00,0.000,0.000,0.00
1777917125,loop25,0.00,0.00,0.000,0.000,0.00
1777917125,loop26,0.00,0.00,0.000,0.000,0.00
1777917125,loop27,0.00,0.00,0.000,0.000,0.00
1777917125,loop28,0.00,0.00,0.000,0.000,0.00
1777917125,loop29,0.00,0.00,0.000,0.000,0.00
1777917125,loop3,0.00,0.00,0.000,0.000,0.00
1777917125,loop30,0.00,0.00,0.000,0.000,0.00
1777917125,loop31,0.00,0.00,0.000,0.000,0.00
1777917125,loop32,0.00,0.00,0.000,0.000,0.00
1777917125,loop33,0.00,0.00,0.000,0.000,0.00
1777917125,loop34,0.00,0.00,0.000,0.000,0.00
1777917125,loop35,0.00,0.00,0.000,0.000,0.00
1777917125,loop36,0.00,0.00,0.000,0.000,0.00
1777917125,loop37,0.00,0.00,0.000,0.000,0.00
1777917125,loop38,0.00,0.00,0.000,0.000,0.00
1777917125,loop39,0.00,0.00,0.000,0.000,0.00
1777917125,loop4,0.00,0.00,0.000,0.000,0.00
1777917125,loop40,0.00,0.00,0.000,0.000,0.00
1777917125,loop5,0.00,0.00,0.000,0.000,0.00
1777917125,loop6,0.00,0.00,0.000,0.000,0.00
1777917125,loop7,0.00,0.00,0.000,0.000,0.00
1777917125,loop8,0.00,0.00,0.000,0.000,0.00
1777917125,loop9,0.00,0.00,0.000,0.000,0.00
1777917125,nvme0n1,0.00,0.00,0.000,0.000,5.90
1777917126,loop0,0.00,0.00,0.000,0.000,0.00
1777917126,loop1,0.00,0.00,0.000,0.000,0.00
1777917126,loop10,0.00,0.00,0.000,0.000,0.00
1777917126,loop11,0.00,0.00,0.000,0.000,0.00
1777917126,loop12,0.00,0.00,0.000,0.000,0.00
1777917126,loop13,0.00,0.00,0.000,0.000,0.00
1777917126,loop14,0.00,0.00,0.000,0.000,0.00
1777917126,loop15,0.00,0.00,0.000,0.000,0.00
1777917126,loop16,0.00,0.00,0.000,0.000,0.00
1777917126,loop17,0.00,0.00,0.000,0.000,0.00
1777917126,loop18,0.00,0.00,0.000,0.000,0.00
1777917126,loop19,0.00,0.00,0.000,0.000,0.00
1777917126,loop2,0.00,0.00,0.000,0.000,0.00
1777917126,loop20,0.00,0.00,0.000,0.000,0.00
1777917126,loop21,0.00,0.00,0.000,0.000,0.00
1777917126,loop22,0.00,0.00,0.000,0.000,0.00
1777917126,loop23,0.00,0.00,0.000,0.000,0.00
1777917126,loop24,0.00,0.00,0.000,0.000,0.00
1777917126,loop25,0.00,0.00,0.000,0.000,0.00
1777917126,loop26,0.00,0.00,0.000,0.000,0.00
1777917126,loop27,0.00,0.00,0.000,0.000,0.00
1777917126,loop28,0.00,0.00,0.000,0.000,0.00
1777917126,loop29,0.00,0.00,0.000,0.000,0.00
1777917126,loop3,0.00,0.00,0.000,0.000,0.00
1777917126,loop30,0.00,0.00,0.000,0.000,0.00
1777917126,loop31,0.00,0.00,0.000,0.000,0.00
1777917126,loop32,0.00,0.00,0.000,0.000,0.00
1777917126,loop33,0.00,0.00,0.000,0.000,0.00
1777917126,loop34,0.00,0.00,0.000,0.000,0.00
1777917126,loop35,0.00,0.00,0.000,0.000,0.00
1777917126,loop36,0.00,0.00,0.000,0.000,0.00
1777917126,loop37,0.00,0.00,0.000,0.000,0.00
1777917126,loop38,0.00,0.00,0.000,0.000,0.00
1777917126,loop39,0.00,0.00,0.000,0.000,0.00
1777917126,loop4,0.00,0.00,0.000,0.000,0.00
1777917126,loop40,0.00,0.00,0.000,0.000,0.00
1777917126,loop5,0.00,0.00,0.000,0.000,0.00
1777917126,loop6,0.00,0.00,0.000,0.000,0.00
1777917126,loop7,0.00,0.00,0.000,0.000,0.00
1777917126,loop8,0.00,0.00,0.000,0.000,0.00
1777917126,loop9,0.00,0.00,0.000,0.000,0.00
1777917126,nvme0n1,0.00,0.00,0.000,0.000,1.20
1777917127,loop0,0.00,0.00,0.000,0.000,0.00
1777917127,loop1,0.00,0.00,0.000,0.000,0.00
1777917127,loop10,0.00,0.00,0.000,0.000,0.00
1777917127,loop11,0.00,0.00,0.000,0.000,0.00
1777917127,loop12,0.00,0.00,0.000,0.000,0.00
1777917127,loop13,0.00,0.00,0.000,0.000,0.00
1777917127,loop14,0.00,0.00,0.000,0.000,0.00
1777917127,loop15,0.00,0.00,0.000,0.000,0.00
1777917127,loop16,0.00,0.00,0.000,0.000,0.00
1777917127,loop17,0.00,0.00,0.000,0.000,0.00
1777917127,loop18,0.00,0.00,0.000,0.000,0.00
1777917127,loop19,0.00,0.00,0.000,0.000,0.00
1777917127,loop2,0.00,0.00,0.000,0.000,0.00
1777917127,loop20,0.00,0.00,0.000,0.000,0.00
1777917127,loop21,0.00,0.00,0.000,0.000,0.00
1777917127,loop22,0.00,0.00,0.000,0.000,0.00
1777917127,loop23,0.00,0.00,0.000,0.000,0.00
1777917127,loop24,0.00,0.00,0.000,0.000,0.00
1777917127,loop25,0.00,0.00,0.000,0.000,0.00
1777917127,loop26,0.00,0.00,0.000,0.000,0.00
1777917127,loop27,0.00,0.00,0.000,0.000,0.00
1777917127,loop28,0.00,0.00,0.000,0.000,0.00
1777917127,loop29,0.00,0.00,0.000,0.000,0.00
1777917127,loop3,0.00,0.00,0.000,0.000,0.00
1777917127,loop30,0.00,0.00,0.000,0.000,0.00
1777917127,loop31,0.00,0.00,0.000,0.000,0.00
1777917127,loop32,0.00,0.00,0.000,0.000,0.00
1777917127,loop33,0.00,0.00,0.000,0.000,0.00
1777917127,loop34,0.00,0.00,0.000,0.000,0.00
1777917127,loop35,0.00,0.00,0.000,0.000,0.00
1777917127,loop36,0.00,0.00,0.000,0.000,0.00
1777917127,loop37,0.00,0.00,0.000,0.000,0.00
1777917127,loop38,0.00,0.00,0.000,0.000,0.00
1777917127,loop39,0.00,0.00,0.000,0.000,0.00
1777917127,loop4,0.00,0.00,0.000,0.000,0.00
1777917127,loop40,0.00,0.00,0.000,0.000,0.00
1777917127,loop5,0.00,0.00,0.000,0.000,0.00
1777917127,loop6,0.00,0.00,0.000,0.000,0.00
1777917127,loop7,0.00,0.00,0.000,0.000,0.00
1777917127,loop8,0.00,0.00,0.000,0.000,0.00
1777917127,loop9,0.00,0.00,0.000,0.000,0.00
1777917127,nvme0n1,0.00,0.00,0.000,0.000,1.90
1777917128,loop0,0.00,0.00,0.000,0.000,0.00
1777917128,loop1,0.00,0.00,0.000,0.000,0.00
1777917128,loop10,0.00,0.00,0.000,0.000,0.00
1777917128,loop11,0.00,0.00,0.000,0.000,0.00
1777917128,loop12,0.00,0.00,0.000,0.000,0.00
1777917128,loop13,0.00,0.00,0.000,0.000,0.00
1777917128,loop14,0.00,0.00,0.000,0.000,0.00
1777917128,loop15,0.00,0.00,0.000,0.000,0.00
1777917128,loop16,0.00,0.00,0.000,0.000,0.00
1777917128,loop17,0.00,0.00,0.000,0.000,0.00
1777917128,loop18,0.00,0.00,0.000,0.000,0.00
1777917128,loop19,0.00,0.00,0.000,0.000,0.00
1777917128,loop2,0.00,0.00,0.000,0.000,0.00
1777917128,loop20,0.00,0.00,0.000,0.000,0.00
1777917128,loop21,0.00,0.00,0.000,0.000,0.00
1777917128,loop22,0.00,0.00,0.000,0.000,0.00
1777917128,loop23,0.00,0.00,0.000,0.000,0.00
1777917128,loop24,0.00,0.00,0.000,0.000,0.00
1777917128,loop25,0.00,0.00,0.000,0.000,0.00
1777917128,loop26,0.00,0.00,0.000,0.000,0.00
1777917128,loop27,0.00,0.00,0.000,0.000,0.00
1777917128,loop28,0.00,0.00,0.000,0.000,0.00
1777917128,loop29,0.00,0.00,0.000,0.000,0.00
1777917128,loop3,0.00,0.00,0.000,0.000,0.00
1777917128,loop30,0.00,0.00,0.000,0.000,0.00
1777917128,loop31,0.00,0.00,0.000,0.000,0.00
1777917128,loop32,0.00,0.00,0.000,0.000,0.00
1777917128,loop33,0.00,0.00,0.000,0.000,0.00
1777917128,loop34,0.00,0.00,0.000,0.000,0.00
1777917128,loop35,0.00,0.00,0.000,0.000,0.00
1777917128,loop36,0.00,0.00,0.000,0.000,0.00
1777917128,loop37,0.00,0.00,0.000,0.000,0.00
1777917128,loop38,0.00,0.00,0.000,0.000,0.00
1777917128,loop39,0.00,0.00,0.000,0.000,0.00
1777917128,loop4,0.00,0.00,0.000,0.000,0.00
1777917128,loop40,0.00,0.00,0.000,0.000,0.00
1777917128,loop5,0.00,0.00,0.000,0.000,0.00
1777917128,loop6,0.00,0.00,0.000,0.000,0.00
1777917128,loop7,0.00,0.00,0.000,0.000,0.00
1777917128,loop8,0.00,0.00,0.000,0.000,0.00
1777917128,loop9,0.00,0.00,0.000,0.000,0.00
1777917128,nvme0n1,0.00,0.00,0.000,0.000,1.40
1777917129,loop0,0.00,0.00,0.000,0.000,0.00
1777917129,loop1,0.00,0.00,0.000,0.000,0.00
1777917129,loop10,0.00,0.00,0.000,0.000,0.00
1777917129,loop11,0.00,0.00,0.000,0.000,0.00
1777917129,loop12,0.00,0.00,0.000,0.000,0.00
1777917129,loop13,0.00,0.00,0.000,0.000,0.00
1777917129,loop14,0.00,0.00,0.000,0.000,0.00
1777917129,loop15,0.00,0.00,0.000,0.000,0.00
1777917129,loop16,0.00,0.00,0.000,0.000,0.00
1777917129,loop17,0.00,0.00,0.000,0.000,0.00
1777917129,loop18,0.00,0.00,0.000,0.000,0.00
1777917129,loop19,0.00,0.00,0.000,0.000,0.00
1777917129,loop2,0.00,0.00,0.000,0.000,0.00
1777917129,loop20,0.00,0.00,0.000,0.000,0.00
1777917129,loop21,0.00,0.00,0.000,0.000,0.00
1777917129,loop22,0.00,0.00,0.000,0.000,0.00
1777917129,loop23,0.00,0.00,0.000,0.000,0.00
1777917129,loop24,0.00,0.00,0.000,0.000,0.00
1777917129,loop25,0.00,0.00,0.000,0.000,0.00
1777917129,loop26,0.00,0.00,0.000,0.000,0.00
1777917129,loop27,0.00,0.00,0.000,0.000,0.00
1777917129,loop28,0.00,0.00,0.000,0.000,0.00
1777917129,loop29,0.00,0.00,0.000,0.000,0.00
1777917129,loop3,0.00,0.00,0.000,0.000,0.00
1777917129,loop30,0.00,0.00,0.000,0.000,0.00
1777917129,loop31,0.00,0.00,0.000,0.000,0.00
1777917129,loop32,0.00,0.00,0.000,0.000,0.00
1777917129,loop33,0.00,0.00,0.000,0.000,0.00
1777917129,loop34,0.00,0.00,0.000,0.000,0.00
1777917129,loop35,0.00,0.00,0.000,0.000,0.00
1777917129,loop36,0.00,0.00,0.000,0.000,0.00
1777917129,loop37,0.00,0.00,0.000,0.000,0.00
1777917129,loop38,0.00,0.00,0.000,0.000,0.00
1777917129,loop39,0.00,0.00,0.000,0.000,0.00
1777917129,loop4,0.00,0.00,0.000,0.000,0.00
1777917129,loop40,0.00,0.00,0.000,0.000,0.00
1777917129,loop5,0.00,0.00,0.000,0.000,0.00
1777917129,loop6,0.00,0.00,0.000,0.000,0.00
1777917129,loop7,0.00,0.00,0.000,0.000,0.00
1777917129,loop8,0.00,0.00,0.000,0.000,0.00
1777917129,loop9,0.00,0.00,0.000,0.000,0.00
1777917129,nvme0n1,0.00,0.00,0.000,0.000,0.70
1777917130,loop0,0.00,0.00,0.000,0.000,0.00
1777917130,loop1,0.00,0.00,0.000,0.000,0.00
1777917130,loop10,0.00,0.00,0.000,0.000,0.00
1777917130,loop11,0.00,0.00,0.000,0.000,0.00
1777917130,loop12,0.00,0.00,0.000,0.000,0.00
1777917130,loop13,0.00,0.00,0.000,0.000,0.00
1777917130,loop14,0.00,0.00,0.000,0.000,0.00
1777917130,loop15,0.00,0.00,0.000,0.000,0.00
1777917130,loop16,0.00,0.00,0.000,0.000,0.00
1777917130,loop17,0.00,0.00,0.000,0.000,0.00
1777917130,loop18,0.00,0.00,0.000,0.000,0.00
1777917130,loop19,0.00,0.00,0.000,0.000,0.00
1777917130,loop2,0.00,0.00,0.000,0.000,0.00
1777917130,loop20,0.00,0.00,0.000,0.000,0.00
1777917130,loop21,0.00,0.00,0.000,0.000,0.00
1777917130,loop22,0.00,0.00,0.000,0.000,0.00
1777917130,loop23,0.00,0.00,0.000,0.000,0.00
1777917130,loop24,0.00,0.00,0.000,0.000,0.00
1777917130,loop25,0.00,0.00,0.000,0.000,0.00
1777917130,loop26,0.00,0.00,0.000,0.000,0.00
1777917130,loop27,0.00,0.00,0.000,0.000,0.00
1777917130,loop28,0.00,0.00,0.000,0.000,0.00
1777917130,loop29,0.00,0.00,0.000,0.000,0.00
1777917130,loop3,0.00,0.00,0.000,0.000,0.00
1777917130,loop30,0.00,0.00,0.000,0.000,0.00
1777917130,loop31,0.00,0.00,0.000,0.000,0.00
1777917130,loop32,0.00,0.00,0.000,0.000,0.00
1777917130,loop33,0.00,0.00,0.000,0.000,0.00
1777917130,loop34,0.00,0.00,0.000,0.000,0.00
1777917130,loop35,0.00,0.00,0.000,0.000,0.00
1777917130,loop36,0.00,0.00,0.000,0.000,0.00
1777917130,loop37,0.00,0.00,0.000,0.000,0.00
1777917130,loop38,0.00,0.00,0.000,0.000,0.00
1777917130,loop39,0.00,0.00,0.000,0.000,0.00
1777917130,loop4,0.00,0.00,0.000,0.000,0.00
1777917130,loop40,0.00,0.00,0.000,0.000,0.00
1777917130,loop5,0.00,0.00,0.000,0.000,0.00
1777917130,loop6,0.00,0.00,0.000,0.000,0.00
1777917130,loop7,0.00,0.00,0.000,0.000,0.00
1777917130,loop8,0.00,0.00,0.000,0.000,0.00
1777917130,loop9,0.00,0.00,0.000,0.000,0.00
1777917130,nvme0n1,0.00,0.00,0.000,0.000,2.50
1777917131,loop0,0.00,0.00,0.000,0.000,0.00
1777917131,loop1,0.00,0.00,0.000,0.000,0.00
1777917131,loop10,0.00,0.00,0.000,0.000,0.00
1777917131,loop11,0.00,0.00,0.000,0.000,0.00
1777917131,loop12,0.00,0.00,0.000,0.000,0.00
1777917131,loop13,0.00,0.00,0.000,0.000,0.00
1777917131,loop14,0.00,0.00,0.000,0.000,0.00
1777917131,loop15,0.00,0.00,0.000,0.000,0.00
1777917131,loop16,0.00,0.00,0.000,0.000,0.00
1777917131,loop17,0.00,0.00,0.000,0.000,0.00
1777917131,loop18,0.00,0.00,0.000,0.000,0.00
1777917131,loop19,0.00,0.00,0.000,0.000,0.00
1777917131,loop2,0.00,0.00,0.000,0.000,0.00
1777917131,loop20,0.00,0.00,0.000,0.000,0.00
1777917131,loop21,0.00,0.00,0.000,0.000,0.00
1777917131,loop22,0.00,0.00,0.000,0.000,0.00
1777917131,loop23,0.00,0.00,0.000,0.000,0.00
1777917131,loop24,0.00,0.00,0.000,0.000,0.00
1777917131,loop25,0.00,0.00,0.000,0.000,0.00
1777917131,loop26,0.00,0.00,0.000,0.000,0.00
1777917131,loop27,0.00,0.00,0.000,0.000,0.00
1777917131,loop28,0.00,0.00,0.000,0.000,0.00
1777917131,loop29,0.00,0.00,0.000,0.000,0.00
1777917131,loop3,0.00,0.00,0.000,0.000,0.00
1777917131,loop30,0.00,0.00,0.000,0.000,0.00
1777917131,loop31,0.00,0.00,0.000,0.000,0.00
1777917131,loop32,0.00,0.00,0.000,0.000,0.00
1777917131,loop33,0.00,0.00,0.000,0.000,0.00
1777917131,loop34,0.00,0.00,0.000,0.000,0.00
1777917131,loop35,0.00,0.00,0.000,0.000,0.00
1777917131,loop36,0.00,0.00,0.000,0.000,0.00
1777917131,loop37,0.00,0.00,0.000,0.000,0.00
1777917131,loop38,0.00,0.00,0.000,0.000,0.00
1777917131,loop39,0.00,0.00,0.000,0.000,0.00
1777917131,loop4,0.00,0.00,0.000,0.000,0.00
1777917131,loop40,0.00,0.00,0.000,0.000,0.00
1777917131,loop5,0.00,0.00,0.000,0.000,0.00
1777917131,loop6,0.00,0.00,0.000,0.000,0.00
1777917131,loop7,0.00,0.00,0.000,0.000,0.00
1777917131,loop8,0.00,0.00,0.000,0.000,0.00
1777917131,loop9,0.00,0.00,0.000,0.000,0.00
1777917131,nvme0n1,1.00,4.00,0.000,0.000,0.90
1777917132,loop0,0.00,0.00,0.000,0.000,0.00
1777917132,loop1,0.00,0.00,0.000,0.000,0.00
1777917132,loop10,0.00,0.00,0.000,0.000,0.00
1777917132,loop11,0.00,0.00,0.000,0.000,0.00
1777917132,loop12,0.00,0.00,0.000,0.000,0.00
1777917132,loop13,0.00,0.00,0.000,0.000,0.00
1777917132,loop14,0.00,0.00,0.000,0.000,0.00
1777917132,loop15,0.00,0.00,0.000,0.000,0.00
1777917132,loop16,0.00,0.00,0.000,0.000,0.00
1777917132,loop17,0.00,0.00,0.000,0.000,0.00
1777917132,loop18,0.00,0.00,0.000,0.000,0.00
1777917132,loop19,0.00,0.00,0.000,0.000,0.00
1777917132,loop2,0.00,0.00,0.000,0.000,0.00
1777917132,loop20,0.00,0.00,0.000,0.000,0.00
1777917132,loop21,0.00,0.00,0.000,0.000,0.00
1777917132,loop22,0.00,0.00,0.000,0.000,0.00
1777917132,loop23,0.00,0.00,0.000,0.000,0.00
1777917132,loop24,0.00,0.00,0.000,0.000,0.00
1777917132,loop25,0.00,0.00,0.000,0.000,0.00
1777917132,loop26,0.00,0.00,0.000,0.000,0.00
1777917132,loop27,0.00,0.00,0.000,0.000,0.00
1777917132,loop28,0.00,0.00,0.000,0.000,0.00
1777917132,loop29,0.00,0.00,0.000,0.000,0.00
1777917132,loop3,0.00,0.00,0.000,0.000,0.00
1777917132,loop30,0.00,0.00,0.000,0.000,0.00
1777917132,loop31,0.00,0.00,0.000,0.000,0.00
1777917132,loop32,0.00,0.00,0.000,0.000,0.00
1777917132,loop33,0.00,0.00,0.000,0.000,0.00
1777917132,loop34,0.00,0.00,0.000,0.000,0.00
1777917132,loop35,0.00,0.00,0.000,0.000,0.00
1777917132,loop36,0.00,0.00,0.000,0.000,0.00
1777917132,loop37,0.00,0.00,0.000,0.000,0.00
1777917132,loop38,0.00,0.00,0.000,0.000,0.00
1777917132,loop39,0.00,0.00,0.000,0.000,0.00
1777917132,loop4,0.00,0.00,0.000,0.000,0.00
1777917132,loop40,0.00,0.00,0.000,0.000,0.00
1777917132,loop5,0.00,0.00,0.000,0.000,0.00
1777917132,loop6,0.00,0.00,0.000,0.000,0.00
1777917132,loop7,0.00,0.00,0.000,0.000,0.00
1777917132,loop8,0.00,0.00,0.000,0.000,0.00
1777917132,loop9,0.00,0.00,0.000,0.000,0.00
1777917132,nvme0n1,0.00,0.00,0.000,0.000,1.80
1777917133,loop0,0.00,0.00,0.000,0.000,0.00
1777917133,loop1,0.00,0.00,0.000,0.000,0.00
1777917133,loop10,0.00,0.00,0.000,0.000,0.00
1777917133,loop11,0.00,0.00,0.000,0.000,0.00
1777917133,loop12,0.00,0.00,0.000,0.000,0.00
1777917133,loop13,0.00,0.00,0.000,0.000,0.00
1777917133,loop14,0.00,0.00,0.000,0.000,0.00
1777917133,loop15,0.00,0.00,0.000,0.000,0.00
1777917133,loop16,0.00,0.00,0.000,0.000,0.00
1777917133,loop17,0.00,0.00,0.000,0.000,0.00
1777917133,loop18,0.00,0.00,0.000,0.000,0.00
1777917133,loop19,0.00,0.00,0.000,0.000,0.00
1777917133,loop2,0.00,0.00,0.000,0.000,0.00
1777917133,loop20,0.00,0.00,0.000,0.000,0.00
1777917133,loop21,0.00,0.00,0.000,0.000,0.00
1777917133,loop22,0.00,0.00,0.000,0.000,0.00
1777917133,loop23,0.00,0.00,0.000,0.000,0.00
1777917133,loop24,0.00,0.00,0.000,0.000,0.00
1777917133,loop25,0.00,0.00,0.000,0.000,0.00
1777917133,loop26,0.00,0.00,0.000,0.000,0.00
1777917133,loop27,0.00,0.00,0.000,0.000,0.00
1777917133,loop28,0.00,0.00,0.000,0.000,0.00
1777917133,loop29,0.00,0.00,0.000,0.000,0.00
1777917133,loop3,0.00,0.00,0.000,0.000,0.00
1777917133,loop30,0.00,0.00,0.000,0.000,0.00
1777917133,loop31,0.00,0.00,0.000,0.000,0.00
1777917133,loop32,0.00,0.00,0.000,0.000,0.00
1777917133,loop33,0.00,0.00,0.000,0.000,0.00
1777917133,loop34,0.00,0.00,0.000,0.000,0.00
1777917133,loop35,0.00,0.00,0.000,0.000,0.00
1777917133,loop36,0.00,0.00,0.000,0.000,0.00
1777917133,loop37,0.00,0.00,0.000,0.000,0.00
1777917133,loop38,0.00,0.00,0.000,0.000,0.00
1777917133,loop39,0.00,0.00,0.000,0.000,0.00
1777917133,loop4,0.00,0.00,0.000,0.000,0.00
1777917133,loop40,0.00,0.00,0.000,0.000,0.00
1777917133,loop5,0.00,0.00,0.000,0.000,0.00
1777917133,loop6,0.00,0.00,0.000,0.000,0.00
1777917133,loop7,0.00,0.00,0.000,0.000,0.00
1777917133,loop8,0.00,0.00,0.000,0.000,0.00
1777917133,loop9,0.00,0.00,0.000,0.000,0.00
1777917133,nvme0n1,1.00,4.00,0.000,0.000,2.80
1777917134,loop0,0.00,0.00,0.000,0.000,0.00
1777917134,loop1,0.00,0.00,0.000,0.000,0.00
1777917134,loop10,0.00,0.00,0.000,0.000,0.00
1777917134,loop11,0.00,0.00,0.000,0.000,0.00
1777917134,loop12,0.00,0.00,0.000,0.000,0.00
1777917134,loop13,0.00,0.00,0.000,0.000,0.00
1777917134,loop14,0.00,0.00,0.000,0.000,0.00
1777917134,loop15,0.00,0.00,0.000,0.000,0.00
1777917134,loop16,0.00,0.00,0.000,0.000,0.00
1777917134,loop17,0.00,0.00,0.000,0.000,0.00
1777917134,loop18,0.00,0.00,0.000,0.000,0.00
1777917134,loop19,0.00,0.00,0.000,0.000,0.00
1777917134,loop2,0.00,0.00,0.000,0.000,0.00
1777917134,loop20,0.00,0.00,0.000,0.000,0.00
1777917134,loop21,0.00,0.00,0.000,0.000,0.00
1777917134,loop22,0.00,0.00,0.000,0.000,0.00
1777917134,loop23,0.00,0.00,0.000,0.000,0.00
1777917134,loop24,0.00,0.00,0.000,0.000,0.00
1777917134,loop25,0.00,0.00,0.000,0.000,0.00
1777917134,loop26,0.00,0.00,0.000,0.000,0.00
1777917134,loop27,0.00,0.00,0.000,0.000,0.00
1777917134,loop28,0.00,0.00,0.000,0.000,0.00
1777917134,loop29,0.00,0.00,0.000,0.000,0.00
1777917134,loop3,0.00,0.00,0.000,0.000,0.00
1777917134,loop30,0.00,0.00,0.000,0.000,0.00
1777917134,loop31,0.00,0.00,0.000,0.000,0.00
1777917134,loop32,0.00,0.00,0.000,0.000,0.00
1777917134,loop33,0.00,0.00,0.000,0.000,0.00
1777917134,loop34,0.00,0.00,0.000,0.000,0.00
1777917134,loop35,0.00,0.00,0.000,0.000,0.00
1777917134,loop36,0.00,0.00,0.000,0.000,0.00
1777917134,loop37,0.00,0.00,0.000,0.000,0.00
1777917134,loop38,0.00,0.00,0.000,0.000,0.00
1777917134,loop39,0.00,0.00,0.000,0.000,0.00
1777917134,loop4,0.00,0.00,0.000,0.000,0.00
1777917134,loop40,0.00,0.00,0.000,0.000,0.00
1777917134,loop5,0.00,0.00,0.000,0.000,0.00
1777917134,loop6,0.00,0.00,0.000,0.000,0.00
1777917134,loop7,0.00,0.00,0.000,0.000,0.00
1777917134,loop8,0.00,0.00,0.000,0.000,0.00
1777917134,loop9,0.00,0.00,0.000,0.000,0.00
1777917134,nvme0n1,0.00,0.00,0.000,0.000,1.10
1777917135,loop0,0.00,0.00,0.000,0.000,0.00
1777917135,loop1,0.00,0.00,0.000,0.000,0.00
1777917135,loop10,0.00,0.00,0.000,0.000,0.00
1777917135,loop11,0.00,0.00,0.000,0.000,0.00
1777917135,loop12,0.00,0.00,0.000,0.000,0.00
1777917135,loop13,0.00,0.00,0.000,0.000,0.00
1777917135,loop14,0.00,0.00,0.000,0.000,0.00
1777917135,loop15,0.00,0.00,0.000,0.000,0.00
1777917135,loop16,0.00,0.00,0.000,0.000,0.00
1777917135,loop17,0.00,0.00,0.000,0.000,0.00
1777917135,loop18,0.00,0.00,0.000,0.000,0.00
1777917135,loop19,0.00,0.00,0.000,0.000,0.00
1777917135,loop2,0.00,0.00,0.000,0.000,0.00
1777917135,loop20,0.00,0.00,0.000,0.000,0.00
1777917135,loop21,0.00,0.00,0.000,0.000,0.00
1777917135,loop22,0.00,0.00,0.000,0.000,0.00
1777917135,loop23,0.00,0.00,0.000,0.000,0.00
1777917135,loop24,0.00,0.00,0.000,0.000,0.00
1777917135,loop25,0.00,0.00,0.000,0.000,0.00
1777917135,loop26,0.00,0.00,0.000,0.000,0.00
1777917135,loop27,0.00,0.00,0.000,0.000,0.00
1777917135,loop28,0.00,0.00,0.000,0.000,0.00
1777917135,loop29,0.00,0.00,0.000,0.000,0.00
1777917135,loop3,0.00,0.00,0.000,0.000,0.00
1777917135,loop30,0.00,0.00,0.000,0.000,0.00
1777917135,loop31,0.00,0.00,0.000,0.000,0.00
1777917135,loop32,0.00,0.00,0.000,0.000,0.00
1777917135,loop33,0.00,0.00,0.000,0.000,0.00
1777917135,loop34,0.00,0.00,0.000,0.000,0.00
1777917135,loop35,0.00,0.00,0.000,0.000,0.00
1777917135,loop36,0.00,0.00,0.000,0.000,0.00
1777917135,loop37,0.00,0.00,0.000,0.000,0.00
1777917135,loop38,0.00,0.00,0.000,0.000,0.00
1777917135,loop39,0.00,0.00,0.000,0.000,0.00
1777917135,loop4,0.00,0.00,0.000,0.000,0.00
1777917135,loop40,0.00,0.00,0.000,0.000,0.00
1777917135,loop5,0.00,0.00,0.000,0.000,0.00
1777917135,loop6,0.00,0.00,0.000,0.000,0.00
1777917135,loop7,0.00,0.00,0.000,0.000,0.00
1777917135,loop8,0.00,0.00,0.000,0.000,0.00
1777917135,loop9,0.00,0.00,0.000,0.000,0.00
1777917135,nvme0n1,0.00,0.00,0.000,0.000,0.80
1777917136,loop0,0.00,0.00,0.000,0.000,0.00
1777917136,loop1,0.00,0.00,0.000,0.000,0.00
1777917136,loop10,0.00,0.00,0.000,0.000,0.00
1777917136,loop11,0.00,0.00,0.000,0.000,0.00
1777917136,loop12,0.00,0.00,0.000,0.000,0.00
1777917136,loop13,0.00,0.00,0.000,0.000,0.00
1777917136,loop14,0.00,0.00,0.000,0.000,0.00
1777917136,loop15,0.00,0.00,0.000,0.000,0.00
1777917136,loop16,0.00,0.00,0.000,0.000,0.00
1777917136,loop17,0.00,0.00,0.000,0.000,0.00
1777917136,loop18,0.00,0.00,0.000,0.000,0.00
1777917136,loop19,0.00,0.00,0.000,0.000,0.00
1777917136,loop2,0.00,0.00,0.000,0.000,0.00
1777917136,loop20,0.00,0.00,0.000,0.000,0.00
1777917136,loop21,0.00,0.00,0.000,0.000,0.00
1777917136,loop22,0.00,0.00,0.000,0.000,0.00
1777917136,loop23,0.00,0.00,0.000,0.000,0.00
1777917136,loop24,0.00,0.00,0.000,0.000,0.00
1777917136,loop25,0.00,0.00,0.000,0.000,0.00
1777917136,loop26,0.00,0.00,0.000,0.000,0.00
1777917136,loop27,0.00,0.00,0.000,0.000,0.00
1777917136,loop28,0.00,0.00,0.000,0.000,0.00
1777917136,loop29,0.00,0.00,0.000,0.000,0.00
1777917136,loop3,0.00,0.00,0.000,0.000,0.00
1777917136,loop30,0.00,0.00,0.000,0.000,0.00
1777917136,loop31,0.00,0.00,0.000,0.000,0.00
1777917136,loop32,0.00,0.00,0.000,0.000,0.00
1777917136,loop33,0.00,0.00,0.000,0.000,0.00
1777917136,loop34,0.00,0.00,0.000,0.000,0.00
1777917136,loop35,0.00,0.00,0.000,0.000,0.00
1777917136,loop36,0.00,0.00,0.000,0.000,0.00
1777917136,loop37,0.00,0.00,0.000,0.000,0.00
1777917136,loop38,0.00,0.00,0.000,0.000,0.00
1777917136,loop39,0.00,0.00,0.000,0.000,0.00
1777917136,loop4,0.00,0.00,0.000,0.000,0.00
1777917136,loop40,0.00,0.00,0.000,0.000,0.00
1777917136,loop5,0.00,0.00,0.000,0.000,0.00
1777917136,loop6,0.00,0.00,0.000,0.000,0.00
1777917136,loop7,0.00,0.00,0.000,0.000,0.00
1777917136,loop8,0.00,0.00,0.000,0.000,0.00
1777917136,loop9,0.00,0.00,0.000,0.000,0.00
1777917136,nvme0n1,0.00,0.00,0.000,0.000,1.20
1777917137,loop0,0.00,0.00,0.000,0.000,0.00
1777917137,loop1,0.00,0.00,0.000,0.000,0.00
1777917137,loop10,0.00,0.00,0.000,0.000,0.00
1777917137,loop11,0.00,0.00,0.000,0.000,0.00
1777917137,loop12,0.00,0.00,0.000,0.000,0.00
1777917137,loop13,0.00,0.00,0.000,0.000,0.00
1777917137,loop14,0.00,0.00,0.000,0.000,0.00
1777917137,loop15,0.00,0.00,0.000,0.000,0.00
1777917137,loop16,0.00,0.00,0.000,0.000,0.00
1777917137,loop17,0.00,0.00,0.000,0.000,0.00
1777917137,loop18,0.00,0.00,0.000,0.000,0.00
1777917137,loop19,0.00,0.00,0.000,0.000,0.00
1777917137,loop2,0.00,0.00,0.000,0.000,0.00
1777917137,loop20,0.00,0.00,0.000,0.000,0.00
1777917137,loop21,0.00,0.00,0.000,0.000,0.00
1777917137,loop22,0.00,0.00,0.000,0.000,0.00
1777917137,loop23,0.00,0.00,0.000,0.000,0.00
1777917137,loop24,0.00,0.00,0.000,0.000,0.00
1777917137,loop25,0.00,0.00,0.000,0.000,0.00
1777917137,loop26,0.00,0.00,0.000,0.000,0.00
1777917137,loop27,0.00,0.00,0.000,0.000,0.00
1777917137,loop28,0.00,0.00,0.000,0.000,0.00
1777917137,loop29,0.00,0.00,0.000,0.000,0.00
1777917137,loop3,0.00,0.00,0.000,0.000,0.00
1777917137,loop30,0.00,0.00,0.000,0.000,0.00
1777917137,loop31,0.00,0.00,0.000,0.000,0.00
1777917137,loop32,0.00,0.00,0.000,0.000,0.00
1777917137,loop33,0.00,0.00,0.000,0.000,0.00
1777917137,loop34,0.00,0.00,0.000,0.000,0.00
1777917137,loop35,0.00,0.00,0.000,0.000,0.00
1777917137,loop36,0.00,0.00,0.000,0.000,0.00
1777917137,loop37,0.00,0.00,0.000,0.000,0.00
1777917137,loop38,0.00,0.00,0.000,0.000,0.00
1777917137,loop39,0.00,0.00,0.000,0.000,0.00
1777917137,loop4,0.00,0.00,0.000,0.000,0.00
1777917137,loop40,0.00,0.00,0.000,0.000,0.00
1777917137,loop5,0.00,0.00,0.000,0.000,0.00
1777917137,loop6,0.00,0.00,0.000,0.000,0.00
1777917137,loop7,0.00,0.00,0.000,0.000,0.00
1777917137,loop8,0.00,0.00,0.000,0.000,0.00
1777917137,loop9,0.00,0.00,0.000,0.000,0.00
1777917137,nvme0n1,0.00,0.00,0.000,0.000,0.70
1777917138,loop0,0.00,0.00,0.000,0.000,0.00
1777917138,loop1,0.00,0.00,0.000,0.000,0.00
1777917138,loop10,0.00,0.00,0.000,0.000,0.00
1777917138,loop11,0.00,0.00,0.000,0.000,0.00
1777917138,loop12,0.00,0.00,0.000,0.000,0.00
1777917138,loop13,0.00,0.00,0.000,0.000,0.00
1777917138,loop14,0.00,0.00,0.000,0.000,0.00
1777917138,loop15,0.00,0.00,0.000,0.000,0.00
1777917138,loop16,0.00,0.00,0.000,0.000,0.00
1777917138,loop17,0.00,0.00,0.000,0.000,0.00
1777917138,loop18,0.00,0.00,0.000,0.000,0.00
1777917138,loop19,0.00,0.00,0.000,0.000,0.00
1777917138,loop2,0.00,0.00,0.000,0.000,0.00
1777917138,loop20,0.00,0.00,0.000,0.000,0.00
1777917138,loop21,0.00,0.00,0.000,0.000,0.00
1777917138,loop22,0.00,0.00,0.000,0.000,0.00
1777917138,loop23,0.00,0.00,0.000,0.000,0.00
1777917138,loop24,0.00,0.00,0.000,0.000,0.00
1777917138,loop25,0.00,0.00,0.000,0.000,0.00
1777917138,loop26,0.00,0.00,0.000,0.000,0.00
1777917138,loop27,0.00,0.00,0.000,0.000,0.00
1777917138,loop28,0.00,0.00,0.000,0.000,0.00
1777917138,loop29,0.00,0.00,0.000,0.000,0.00
1777917138,loop3,0.00,0.00,0.000,0.000,0.00
1777917138,loop30,0.00,0.00,0.000,0.000,0.00
1777917138,loop31,0.00,0.00,0.000,0.000,0.00
1777917138,loop32,0.00,0.00,0.000,0.000,0.00
1777917138,loop33,0.00,0.00,0.000,0.000,0.00
1777917138,loop34,0.00,0.00,0.000,0.000,0.00
1777917138,loop35,0.00,0.00,0.000,0.000,0.00
1777917138,loop36,0.00,0.00,0.000,0.000,0.00
1777917138,loop37,0.00,0.00,0.000,0.000,0.00
1777917138,loop38,0.00,0.00,0.000,0.000,0.00
1777917138,loop39,0.00,0.00,0.000,0.000,0.00
1777917138,loop4,0.00,0.00,0.000,0.000,0.00
1777917138,loop40,0.00,0.00,0.000,0.000,0.00
1777917138,loop5,0.00,0.00,0.000,0.000,0.00
1777917138,loop6,0.00,0.00,0.000,0.000,0.00
1777917138,loop7,0.00,0.00,0.000,0.000,0.00
1777917138,loop8,0.00,0.00,0.000,0.000,0.00
1777917138,loop9,0.00,0.00,0.000,0.000,0.00
1777917138,nvme0n1,0.00,0.00,0.000,0.000,1.80
1777917139,loop0,0.00,0.00,0.000,0.000,0.00
1777917139,loop1,0.00,0.00,0.000,0.000,0.00
1777917139,loop10,0.00,0.00,0.000,0.000,0.00
1777917139,loop11,0.00,0.00,0.000,0.000,0.00
1777917139,loop12,0.00,0.00,0.000,0.000,0.00
1777917139,loop13,0.00,0.00,0.000,0.000,0.00
1777917139,loop14,0.00,0.00,0.000,0.000,0.00
1777917139,loop15,0.00,0.00,0.000,0.000,0.00
1777917139,loop16,0.00,0.00,0.000,0.000,0.00
1777917139,loop17,0.00,0.00,0.000,0.000,0.00
1777917139,loop18,0.00,0.00,0.000,0.000,0.00
1777917139,loop19,0.00,0.00,0.000,0.000,0.00
1777917139,loop2,0.00,0.00,0.000,0.000,0.00
1777917139,loop20,0.00,0.00,0.000,0.000,0.00
1777917139,loop21,0.00,0.00,0.000,0.000,0.00
1777917139,loop22,0.00,0.00,0.000,0.000,0.00
1777917139,loop23,0.00,0.00,0.000,0.000,0.00
1777917139,loop24,0.00,0.00,0.000,0.000,0.00
1777917139,loop25,0.00,0.00,0.000,0.000,0.00
1777917139,loop26,0.00,0.00,0.000,0.000,0.00
1777917139,loop27,0.00,0.00,0.000,0.000,0.00
1777917139,loop28,0.00,0.00,0.000,0.000,0.00
1777917139,loop29,0.00,0.00,0.000,0.000,0.00
1777917139,loop3,0.00,0.00,0.000,0.000,0.00
1777917139,loop30,0.00,0.00,0.000,0.000,0.00
1777917139,loop31,0.00,0.00,0.000,0.000,0.00
1777917139,loop32,0.00,0.00,0.000,0.000,0.00
1777917139,loop33,0.00,0.00,0.000,0.000,0.00
1777917139,loop34,0.00,0.00,0.000,0.000,0.00
1777917139,loop35,0.00,0.00,0.000,0.000,0.00
1777917139,loop36,0.00,0.00,0.000,0.000,0.00
1777917139,loop37,0.00,0.00,0.000,0.000,0.00
1777917139,loop38,0.00,0.00,0.000,0.000,0.00
1777917139,loop39,0.00,0.00,0.000,0.000,0.00
1777917139,loop4,0.00,0.00,0.000,0.000,0.00
1777917139,loop40,0.00,0.00,0.000,0.000,0.00
1777917139,loop5,0.00,0.00,0.000,0.000,0.00
1777917139,loop6,0.00,0.00,0.000,0.000,0.00
1777917139,loop7,0.00,0.00,0.000,0.000,0.00
1777917139,loop8,0.00,0.00,0.000,0.000,0.00
1777917139,loop9,0.00,0.00,0.000,0.000,0.00
1777917139,nvme0n1,1.00,4.00,0.000,0.000,0.30
1777917140,loop0,0.00,0.00,0.000,0.000,0.00
1777917140,loop1,0.00,0.00,0.000,0.000,0.00
1777917140,loop10,0.00,0.00,0.000,0.000,0.00
1777917140,loop11,0.00,0.00,0.000,0.000,0.00
1777917140,loop12,0.00,0.00,0.000,0.000,0.00
1777917140,loop13,0.00,0.00,0.000,0.000,0.00
1777917140,loop14,0.00,0.00,0.000,0.000,0.00
1777917140,loop15,0.00,0.00,0.000,0.000,0.00
1777917140,loop16,0.00,0.00,0.000,0.000,0.00
1777917140,loop17,0.00,0.00,0.000,0.000,0.00
1777917140,loop18,0.00,0.00,0.000,0.000,0.00
1777917140,loop19,0.00,0.00,0.000,0.000,0.00
1777917140,loop2,0.00,0.00,0.000,0.000,0.00
1777917140,loop20,0.00,0.00,0.000,0.000,0.00
1777917140,loop21,0.00,0.00,0.000,0.000,0.00
1777917140,loop22,0.00,0.00,0.000,0.000,0.00
1777917140,loop23,0.00,0.00,0.000,0.000,0.00
1777917140,loop24,0.00,0.00,0.000,0.000,0.00
1777917140,loop25,0.00,0.00,0.000,0.000,0.00
1777917140,loop26,0.00,0.00,0.000,0.000,0.00
1777917140,loop27,0.00,0.00,0.000,0.000,0.00
1777917140,loop28,0.00,0.00,0.000,0.000,0.00
1777917140,loop29,0.00,0.00,0.000,0.000,0.00
1777917140,loop3,0.00,0.00,0.000,0.000,0.00
1777917140,loop30,0.00,0.00,0.000,0.000,0.00
1777917140,loop31,0.00,0.00,0.000,0.000,0.00
1777917140,loop32,0.00,0.00,0.000,0.000,0.00
1777917140,loop33,0.00,0.00,0.000,0.000,0.00
1777917140,loop34,0.00,0.00,0.000,0.000,0.00
1777917140,loop35,0.00,0.00,0.000,0.000,0.00
1777917140,loop36,0.00,0.00,0.000,0.000,0.00
1777917140,loop37,0.00,0.00,0.000,0.000,0.00
1777917140,loop38,0.00,0.00,0.000,0.000,0.00
1777917140,loop39,0.00,0.00,0.000,0.000,0.00
1777917140,loop4,0.00,0.00,0.000,0.000,0.00
1777917140,loop40,0.00,0.00,0.000,0.000,0.00
1777917140,loop5,0.00,0.00,0.000,0.000,0.00
1777917140,loop6,0.00,0.00,0.000,0.000,0.00
1777917140,loop7,0.00,0.00,0.000,0.000,0.00
1777917140,loop8,0.00,0.00,0.000,0.000,0.00
1777917140,loop9,0.00,0.00,0.000,0.000,0.00
1777917140,nvme0n1,0.00,0.00,0.000,0.000,0.00
1777917141,loop0,0.00,0.00,0.000,0.000,0.00
1777917141,loop1,0.00,0.00,0.000,0.000,0.00
1777917141,loop10,0.00,0.00,0.000,0.000,0.00
1777917141,loop11,0.00,0.00,0.000,0.000,0.00
1777917141,loop12,0.00,0.00,0.000,0.000,0.00
1777917141,loop13,0.00,0.00,0.000,0.000,0.00
1777917141,loop14,0.00,0.00,0.000,0.000,0.00
1777917141,loop15,0.00,0.00,0.000,0.000,0.00
1777917141,loop16,0.00,0.00,0.000,0.000,0.00
1777917141,loop17,0.00,0.00,0.000,0.000,0.00
1777917141,loop18,0.00,0.00,0.000,0.000,0.00
1777917141,loop19,0.00,0.00,0.000,0.000,0.00
1777917141,loop2,0.00,0.00,0.000,0.000,0.00
1777917141,loop20,0.00,0.00,0.000,0.000,0.00
1777917141,loop21,0.00,0.00,0.000,0.000,0.00
1777917141,loop22,0.00,0.00,0.000,0.000,0.00
1777917141,loop23,0.00,0.00,0.000,0.000,0.00
1777917141,loop24,0.00,0.00,0.000,0.000,0.00
1777917141,loop25,0.00,0.00,0.000,0.000,0.00
1777917141,loop26,0.00,0.00,0.000,0.000,0.00
1777917141,loop27,0.00,0.00,0.000,0.000,0.00
1777917141,loop28,0.00,0.00,0.000,0.000,0.00
1777917141,loop29,0.00,0.00,0.000,0.000,0.00
1777917141,loop3,0.00,0.00,0.000,0.000,0.00
1777917141,loop30,0.00,0.00,0.000,0.000,0.00
1777917141,loop31,0.00,0.00,0.000,0.000,0.00
1777917141,loop32,0.00,0.00,0.000,0.000,0.00
1777917141,loop33,0.00,0.00,0.000,0.000,0.00
1777917141,loop34,0.00,0.00,0.000,0.000,0.00
1777917141,loop35,0.00,0.00,0.000,0.000,0.00
1777917141,loop36,0.00,0.00,0.000,0.000,0.00
1777917141,loop37,0.00,0.00,0.000,0.000,0.00
1777917141,loop38,0.00,0.00,0.000,0.000,0.00
1777917141,loop39,0.00,0.00,0.000,0.000,0.00
1777917141,loop4,0.00,0.00,0.000,0.000,0.00
1777917141,loop40,0.00,0.00,0.000,0.000,0.00
1777917141,loop5,0.00,0.00,0.000,0.000,0.00
1777917141,loop6,0.00,0.00,0.000,0.000,0.00
1777917141,loop7,0.00,0.00,0.000,0.000,0.00
1777917141,loop8,0.00,0.00,0.000,0.000,0.00
1777917141,loop9,0.00,0.00,0.000,0.000,0.00
1777917141,nvme0n1,0.00,0.00,0.000,0.000,0.00
1777917142,loop0,0.00,0.00,0.000,0.000,0.00
1777917142,loop1,0.00,0.00,0.000,0.000,0.00
1777917142,loop10,0.00,0.00,0.000,0.000,0.00
1777917142,loop11,0.00,0.00,0.000,0.000,0.00
1777917142,loop12,0.00,0.00,0.000,0.000,0.00
1777917142,loop13,0.00,0.00,0.000,0.000,0.00
1777917142,loop14,0.00,0.00,0.000,0.000,0.00
1777917142,loop15,0.00,0.00,0.000,0.000,0.00
1777917142,loop16,0.00,0.00,0.000,0.000,0.00
1777917142,loop17,0.00,0.00,0.000,0.000,0.00
1777917142,loop18,0.00,0.00,0.000,0.000,0.00
1777917142,loop19,0.00,0.00,0.000,0.000,0.00
1777917142,loop2,0.00,0.00,0.000,0.000,0.00
1777917142,loop20,0.00,0.00,0.000,0.000,0.00
1777917142,loop21,0.00,0.00,0.000,0.000,0.00
1777917142,loop22,0.00,0.00,0.000,0.000,0.00
1777917142,loop23,0.00,0.00,0.000,0.000,0.00
1777917142,loop24,0.00,0.00,0.000,0.000,0.00
1777917142,loop25,0.00,0.00,0.000,0.000,0.00
1777917142,loop26,0.00,0.00,0.000,0.000,0.00
1777917142,loop27,0.00,0.00,0.000,0.000,0.00
1777917142,loop28,0.00,0.00,0.000,0.000,0.00
1777917142,loop29,0.00,0.00,0.000,0.000,0.00
1777917142,loop3,0.00,0.00,0.000,0.000,0.00
1777917142,loop30,0.00,0.00,0.000,0.000,0.00
1777917142,loop31,0.00,0.00,0.000,0.000,0.00
1777917142,loop32,0.00,0.00,0.000,0.000,0.00
1777917142,loop33,0.00,0.00,0.000,0.000,0.00
1777917142,loop34,0.00,0.00,0.000,0.000,0.00
1777917142,loop35,0.00,0.00,0.000,0.000,0.00
1777917142,loop36,0.00,0.00,0.000,0.000,0.00
1777917142,loop37,0.00,0.00,0.000,0.000,0.00
1777917142,loop38,0.00,0.00,0.000,0.000,0.00
1777917142,loop39,0.00,0.00,0.000,0.000,0.00
1777917142,loop4,0.00,0.00,0.000,0.000,0.00
1777917142,loop40,0.00,0.00,0.000,0.000,0.00
1777917142,loop5,0.00,0.00,0.000,0.000,0.00
1777917142,loop6,0.00,0.00,0.000,0.000,0.00
1777917142,loop7,0.00,0.00,0.000,0.000,0.00
1777917142,loop8,0.00,0.00,0.000,0.000,0.00
1777917142,loop9,0.00,0.00,0.000,0.000,0.00
1777917142,nvme0n1,0.00,0.00,0.000,0.000,0.00
1777917143,loop0,0.00,0.00,0.000,0.000,0.00
1777917143,loop1,0.00,0.00,0.000,0.000,0.00
1777917143,loop10,0.00,0.00,0.000,0.000,0.00
1777917143,loop11,0.00,0.00,0.000,0.000,0.00
1777917143,loop12,0.00,0.00,0.000,0.000,0.00
1777917143,loop13,0.00,0.00,0.000,0.000,0.00
1777917143,loop14,0.00,0.00,0.000,0.000,0.00
1777917143,loop15,0.00,0.00,0.000,0.000,0.00
1777917143,loop16,0.00,0.00,0.000,0.000,0.00
1777917143,loop17,0.00,0.00,0.000,0.000,0.00
1777917143,loop18,0.00,0.00,0.000,0.000,0.00
1777917143,loop19,0.00,0.00,0.000,0.000,0.00
1777917143,loop2,0.00,0.00,0.000,0.000,0.00
1777917143,loop20,0.00,0.00,0.000,0.000,0.00
1777917143,loop21,0.00,0.00,0.000,0.000,0.00
1777917143,loop22,0.00,0.00,0.000,0.000,0.00
1777917143,loop23,0.00,0.00,0.000,0.000,0.00
1777917143,loop24,0.00,0.00,0.000,0.000,0.00
1777917143,loop25,0.00,0.00,0.000,0.000,0.00
1777917143,loop26,0.00,0.00,0.000,0.000,0.00
1777917143,loop27,0.00,0.00,0.000,0.000,0.00
1777917143,loop28,0.00,0.00,0.000,0.000,0.00
1777917143,loop29,0.00,0.00,0.000,0.000,0.00
1777917143,loop3,0.00,0.00,0.000,0.000,0.00
1777917143,loop30,0.00,0.00,0.000,0.000,0.00
1777917143,loop31,0.00,0.00,0.000,0.000,0.00
1777917143,loop32,0.00,0.00,0.000,0.000,0.00
1777917143,loop33,0.00,0.00,0.000,0.000,0.00
1777917143,loop34,0.00,0.00,0.000,0.000,0.00
1777917143,loop35,0.00,0.00,0.000,0.000,0.00
1777917143,loop36,0.00,0.00,0.000,0.000,0.00
1777917143,loop37,0.00,0.00,0.000,0.000,0.00
1777917143,loop38,0.00,0.00,0.000,0.000,0.00
1777917143,loop39,0.00,0.00,0.000,0.000,0.00
1777917143,loop4,0.00,0.00,0.000,0.000,0.00
1777917143,loop40,0.00,0.00,0.000,0.000,0.00
1777917143,loop5,0.00,0.00,0.000,0.000,0.00
1777917143,loop6,0.00,0.00,0.000,0.000,0.00
1777917143,loop7,0.00,0.00,0.000,0.000,0.00
1777917143,loop8,0.00,0.00,0.000,0.000,0.00
1777917143,loop9,0.00,0.00,0.000,0.000,0.00
1777917143,nvme0n1,0.00,0.00,0.000,0.000,2.50
1777917144,loop0,0.00,0.00,0.000,0.000,0.00
1777917144,loop1,0.00,0.00,0.000,0.000,0.00
1777917144,loop10,0.00,0.00,0.000,0.000,0.00
1777917144,loop11,0.00,0.00,0.000,0.000,0.00
1777917144,loop12,0.00,0.00,0.000,0.000,0.00
1777917144,loop13,0.00,0.00,0.000,0.000,0.00
1777917144,loop14,0.00,0.00,0.000,0.000,0.00
1777917144,loop15,0.00,0.00,0.000,0.000,0.00
1777917144,loop16,0.00,0.00,0.000,0.000,0.00
1777917144,loop17,0.00,0.00,0.000,0.000,0.00
1777917144,loop18,0.00,0.00,0.000,0.000,0.00
1777917144,loop19,0.00,0.00,0.000,0.000,0.00
1777917144,loop2,0.00,0.00,0.000,0.000,0.00
1777917144,loop20,0.00,0.00,0.000,0.000,0.00
1777917144,loop21,0.00,0.00,0.000,0.000,0.00
1777917144,loop22,0.00,0.00,0.000,0.000,0.00
1777917144,loop23,0.00,0.00,0.000,0.000,0.00
1777917144,loop24,0.00,0.00,0.000,0.000,0.00
1777917144,loop25,0.00,0.00,0.000,0.000,0.00
1777917144,loop26,0.00,0.00,0.000,0.000,0.00
1777917144,loop27,0.00,0.00,0.000,0.000,0.00
1777917144,loop28,0.00,0.00,0.000,0.000,0.00
1777917144,loop29,0.00,0.00,0.000,0.000,0.00
1777917144,loop3,0.00,0.00,0.000,0.000,0.00
1777917144,loop30,0.00,0.00,0.000,0.000,0.00
1777917144,loop31,0.00,0.00,0.000,0.000,0.00
1777917144,loop32,0.00,0.00,0.000,0.000,0.00
1777917144,loop33,0.00,0.00,0.000,0.000,0.00
1777917144,loop34,0.00,0.00,0.000,0.000,0.00
1777917144,loop35,0.00,0.00,0.000,0.000,0.00
1777917144,loop36,0.00,0.00,0.000,0.000,0.00
1777917144,loop37,0.00,0.00,0.000,0.000,0.00
1777917144,loop38,0.00,0.00,0.000,0.000,0.00
1777917144,loop39,0.00,0.00,0.000,0.000,0.00
1777917144,loop4,0.00,0.00,0.000,0.000,0.00
1777917144,loop40,0.00,0.00,0.000,0.000,0.00
1777917144,loop5,0.00,0.00,0.000,0.000,0.00
1777917144,loop6,0.00,0.00,0.000,0.000,0.00
1777917144,loop7,0.00,0.00,0.000,0.000,0.00
1777917144,loop8,0.00,0.00,0.000,0.000,0.00
1777917144,loop9,0.00,0.00,0.000,0.000,0.00
1777917144,nvme0n1,0.00,0.00,0.000,0.000,0.00
1777917145,loop0,0.00,0.00,0.000,0.000,0.00
1777917145,loop1,0.00,0.00,0.000,0.000,0.00
1777917145,loop10,0.00,0.00,0.000,0.000,0.00
1777917145,loop11,0.00,0.00,0.000,0.000,0.00
1777917145,loop12,0.00,0.00,0.000,0.000,0.00
1777917145,loop13,0.00,0.00,0.000,0.000,0.00
1777917145,loop14,0.00,0.00,0.000,0.000,0.00
1777917145,loop15,0.00,0.00,0.000,0.000,0.00
1777917145,loop16,0.00,0.00,0.000,0.000,0.00
1777917145,loop17,0.00,0.00,0.000,0.000,0.00
1777917145,loop18,0.00,0.00,0.000,0.000,0.00
1777917145,loop19,0.00,0.00,0.000,0.000,0.00
1777917145,loop2,0.00,0.00,0.000,0.000,0.00
1777917145,loop20,0.00,0.00,0.000,0.000,0.00
1777917145,loop21,0.00,0.00,0.000,0.000,0.00
1777917145,loop22,0.00,0.00,0.000,0.000,0.00
1777917145,loop23,0.00,0.00,0.000,0.000,0.00
1777917145,loop24,0.00,0.00,0.000,0.000,0.00
1777917145,loop25,0.00,0.00,0.000,0.000,0.00
1777917145,loop26,0.00,0.00,0.000,0.000,0.00
1777917145,loop27,0.00,0.00,0.000,0.000,0.00
1777917145,loop28,0.00,0.00,0.000,0.000,0.00
1777917145,loop29,0.00,0.00,0.000,0.000,0.00
1777917145,loop3,0.00,0.00,0.000,0.000,0.00
1777917145,loop30,0.00,0.00,0.000,0.000,0.00
1777917145,loop31,0.00,0.00,0.000,0.000,0.00
1777917145,loop32,0.00,0.00,0.000,0.000,0.00
1777917145,loop33,0.00,0.00,0.000,0.000,0.00
1777917145,loop34,0.00,0.00,0.000,0.000,0.00
1777917145,loop35,0.00,0.00,0.000,0.000,0.00
1777917145,loop36,0.00,0.00,0.000,0.000,0.00
1777917145,loop37,0.00,0.00,0.000,0.000,0.00
1777917145,loop38,0.00,0.00,0.000,0.000,0.00
1777917145,loop39,0.00,0.00,0.000,0.000,0.00
1777917145,loop4,0.00,0.00,0.000,0.000,0.00
1777917145,loop40,0.00,0.00,0.000,0.000,0.00
1777917145,loop5,0.00,0.00,0.000,0.000,0.00
1777917145,loop6,0.00,0.00,0.000,0.000,0.00
1777917145,loop7,0.00,0.00,0.000,0.000,0.00
1777917145,loop8,0.00,0.00,0.000,0.000,0.00
1777917145,loop9,0.00,0.00,0.000,0.000,0.00
1777917145,nvme0n1,0.00,0.00,0.000,0.000,0.10
1777917146,loop0,0.00,0.00,0.000,0.000,0.00
1777917146,loop1,0.00,0.00,0.000,0.000,0.00
1777917146,loop10,0.00,0.00,0.000,0.000,0.00
1777917146,loop11,0.00,0.00,0.000,0.000,0.00
1777917146,loop12,0.00,0.00,0.000,0.000,0.00
1777917146,loop13,0.00,0.00,0.000,0.000,0.00
1777917146,loop14,0.00,0.00,0.000,0.000,0.00
1777917146,loop15,0.00,0.00,0.000,0.000,0.00
1777917146,loop16,0.00,0.00,0.000,0.000,0.00
1777917146,loop17,0.00,0.00,0.000,0.000,0.00
1777917146,loop18,0.00,0.00,0.000,0.000,0.00
1777917146,loop19,0.00,0.00,0.000,0.000,0.00
1777917146,loop2,0.00,0.00,0.000,0.000,0.00
1777917146,loop20,0.00,0.00,0.000,0.000,0.00
1777917146,loop21,0.00,0.00,0.000,0.000,0.00
1777917146,loop22,0.00,0.00,0.000,0.000,0.00
1777917146,loop23,0.00,0.00,0.000,0.000,0.00
1777917146,loop24,0.00,0.00,0.000,0.000,0.00
1777917146,loop25,0.00,0.00,0.000,0.000,0.00
1777917146,loop26,0.00,0.00,0.000,0.000,0.00
1777917146,loop27,0.00,0.00,0.000,0.000,0.00
1777917146,loop28,0.00,0.00,0.000,0.000,0.00
1777917146,loop29,0.00,0.00,0.000,0.000,0.00
1777917146,loop3,0.00,0.00,0.000,0.000,0.00
1777917146,loop30,0.00,0.00,0.000,0.000,0.00
1777917146,loop31,0.00,0.00,0.000,0.000,0.00
1777917146,loop32,0.00,0.00,0.000,0.000,0.00
1777917146,loop33,0.00,0.00,0.000,0.000,0.00
1777917146,loop34,0.00,0.00,0.000,0.000,0.00
1777917146,loop35,0.00,0.00,0.000,0.000,0.00
1777917146,loop36,0.00,0.00,0.000,0.000,0.00
1777917146,loop37,0.00,0.00,0.000,0.000,0.00
1777917146,loop38,0.00,0.00,0.000,0.000,0.00
1777917146,loop39,0.00,0.00,0.000,0.000,0.00
1777917146,loop4,0.00,0.00,0.000,0.000,0.00
1777917146,loop40,0.00,0.00,0.000,0.000,0.00
1777917146,loop5,0.00,0.00,0.000,0.000,0.00
1777917146,loop6,0.00,0.00,0.000,0.000,0.00
1777917146,loop7,0.00,0.00,0.000,0.000,0.00
1777917146,loop8,0.00,0.00,0.000,0.000,0.00
1777917146,loop9,0.00,0.00,0.000,0.000,0.00
1777917146,nvme0n1,0.00,0.00,0.000,0.000,0.80
1777917147,loop0,0.00,0.00,0.000,0.000,0.00
1777917147,loop1,0.00,0.00,0.000,0.000,0.00
1777917147,loop10,0.00,0.00,0.000,0.000,0.00
1777917147,loop11,0.00,0.00,0.000,0.000,0.00
1777917147,loop12,0.00,0.00,0.000,0.000,0.00
1777917147,loop13,0.00,0.00,0.000,0.000,0.00
1777917147,loop14,0.00,0.00,0.000,0.000,0.00
1777917147,loop15,0.00,0.00,0.000,0.000,0.00
1777917147,loop16,0.00,0.00,0.000,0.000,0.00
1777917147,loop17,0.00,0.00,0.000,0.000,0.00
1777917147,loop18,0.00,0.00,0.000,0.000,0.00
1777917147,loop19,0.00,0.00,0.000,0.000,0.00
1777917147,loop2,0.00,0.00,0.000,0.000,0.00
1777917147,loop20,0.00,0.00,0.000,0.000,0.00
1777917147,loop21,0.00,0.00,0.000,0.000,0.00
1777917147,loop22,0.00,0.00,0.000,0.000,0.00
1777917147,loop23,0.00,0.00,0.000,0.000,0.00
1777917147,loop24,0.00,0.00,0.000,0.000,0.00
1777917147,loop25,0.00,0.00,0.000,0.000,0.00
1777917147,loop26,0.00,0.00,0.000,0.000,0.00
1777917147,loop27,0.00,0.00,0.000,0.000,0.00
1777917147,loop28,0.00,0.00,0.000,0.000,0.00
1777917147,loop29,0.00,0.00,0.000,0.000,0.00
1777917147,loop3,0.00,0.00,0.000,0.000,0.00
1777917147,loop30,0.00,0.00,0.000,0.000,0.00
1777917147,loop31,0.00,0.00,0.000,0.000,0.00
1777917147,loop32,0.00,0.00,0.000,0.000,0.00
1777917147,loop33,0.00,0.00,0.000,0.000,0.00
1777917147,loop34,0.00,0.00,0.000,0.000,0.00
1777917147,loop35,0.00,0.00,0.000,0.000,0.00
1777917147,loop36,0.00,0.00,0.000,0.000,0.00
1777917147,loop37,0.00,0.00,0.000,0.000,0.00
1777917147,loop38,0.00,0.00,0.000,0.000,0.00
1777917147,loop39,0.00,0.00,0.000,0.000,0.00
1777917147,loop4,0.00,0.00,0.000,0.000,0.00
1777917147,loop40,0.00,0.00,0.000,0.000,0.00
1777917147,loop5,0.00,0.00,0.000,0.000,0.00
1777917147,loop6,0.00,0.00,0.000,0.000,0.00
1777917147,loop7,0.00,0.00,0.000,0.000,0.00
1777917147,loop8,0.00,0.00,0.000,0.000,0.00
1777917147,loop9,0.00,0.00,0.000,0.000,0.00
1777917147,nvme0n1,0.00,0.00,0.000,0.000,1.60
1777917148,loop0,0.00,0.00,0.000,0.000,0.00
1777917148,loop1,0.00,0.00,0.000,0.000,0.00
1777917148,loop10,0.00,0.00,0.000,0.000,0.00
1777917148,loop11,0.00,0.00,0.000,0.000,0.00
1777917148,loop12,0.00,0.00,0.000,0.000,0.00
1777917148,loop13,0.00,0.00,0.000,0.000,0.00
1777917148,loop14,0.00,0.00,0.000,0.000,0.00
1777917148,loop15,0.00,0.00,0.000,0.000,0.00
1777917148,loop16,0.00,0.00,0.000,0.000,0.00
1777917148,loop17,0.00,0.00,0.000,0.000,0.00
1777917148,loop18,0.00,0.00,0.000,0.000,0.00
1777917148,loop19,0.00,0.00,0.000,0.000,0.00
1777917148,loop2,0.00,0.00,0.000,0.000,0.00
1777917148,loop20,0.00,0.00,0.000,0.000,0.00
1777917148,loop21,0.00,0.00,0.000,0.000,0.00
1777917148,loop22,0.00,0.00,0.000,0.000,0.00
1777917148,loop23,0.00,0.00,0.000,0.000,0.00
1777917148,loop24,0.00,0.00,0.000,0.000,0.00
1777917148,loop25,0.00,0.00,0.000,0.000,0.00
1777917148,loop26,0.00,0.00,0.000,0.000,0.00
1777917148,loop27,0.00,0.00,0.000,0.000,0.00
1777917148,loop28,0.00,0.00,0.000,0.000,0.00
1777917148,loop29,0.00,0.00,0.000,0.000,0.00
1777917148,loop3,0.00,0.00,0.000,0.000,0.00
1777917148,loop30,0.00,0.00,0.000,0.000,0.00
1777917148,loop31,0.00,0.00,0.000,0.000,0.00
1777917148,loop32,0.00,0.00,0.000,0.000,0.00
1777917148,loop33,0.00,0.00,0.000,0.000,0.00
1777917148,loop34,0.00,0.00,0.000,0.000,0.00
1777917148,loop35,0.00,0.00,0.000,0.000,0.00
1777917148,loop36,0.00,0.00,0.000,0.000,0.00
1777917148,loop37,0.00,0.00,0.000,0.000,0.00
1777917148,loop38,0.00,0.00,0.000,0.000,0.00
1777917148,loop39,0.00,0.00,0.000,0.000,0.00
1777917148,loop4,0.00,0.00,0.000,0.000,0.00
1777917148,loop40,0.00,0.00,0.000,0.000,0.00
1777917148,loop5,0.00,0.00,0.000,0.000,0.00
1777917148,loop6,0.00,0.00,0.000,0.000,0.00
1777917148,loop7,0.00,0.00,0.000,0.000,0.00
1777917148,loop8,0.00,0.00,0.000,0.000,0.00
1777917148,loop9,0.00,0.00,0.000,0.000,0.00
1777917148,nvme0n1,0.00,0.00,0.000,0.000,1.20
1777917149,loop0,0.00,0.00,0.000,0.000,0.00
1777917149,loop1,0.00,0.00,0.000,0.000,0.00
1777917149,loop10,0.00,0.00,0.000,0.000,0.00
1777917149,loop11,0.00,0.00,0.000,0.000,0.00
1777917149,loop12,0.00,0.00,0.000,0.000,0.00
1777917149,loop13,0.00,0.00,0.000,0.000,0.00
1777917149,loop14,0.00,0.00,0.000,0.000,0.00
1777917149,loop15,0.00,0.00,0.000,0.000,0.00
1777917149,loop16,0.00,0.00,0.000,0.000,0.00
1777917149,loop17,0.00,0.00,0.000,0.000,0.00
1777917149,loop18,0.00,0.00,0.000,0.000,0.00
1777917149,loop19,0.00,0.00,0.000,0.000,0.00
1777917149,loop2,0.00,0.00,0.000,0.000,0.00
1777917149,loop20,0.00,0.00,0.000,0.000,0.00
1777917149,loop21,0.00,0.00,0.000,0.000,0.00
1777917149,loop22,0.00,0.00,0.000,0.000,0.00
1777917149,loop23,0.00,0.00,0.000,0.000,0.00
1777917149,loop24,0.00,0.00,0.000,0.000,0.00
1777917149,loop25,0.00,0.00,0.000,0.000,0.00
1777917149,loop26,0.00,0.00,0.000,0.000,0.00
1777917149,loop27,0.00,0.00,0.000,0.000,0.00
1777917149,loop28,0.00,0.00,0.000,0.000,0.00
1777917149,loop29,0.00,0.00,0.000,0.000,0.00
1777917149,loop3,0.00,0.00,0.000,0.000,0.00
1777917149,loop30,0.00,0.00,0.000,0.000,0.00
1777917149,loop31,0.00,0.00,0.000,0.000,0.00
1777917149,loop32,0.00,0.00,0.000,0.000,0.00
1777917149,loop33,0.00,0.00,0.000,0.000,0.00
1777917149,loop34,0.00,0.00,0.000,0.000,0.00
1777917149,loop35,0.00,0.00,0.000,0.000,0.00
1777917149,loop36,0.00,0.00,0.000,0.000,0.00
1777917149,loop37,0.00,0.00,0.000,0.000,0.00
1777917149,loop38,0.00,0.00,0.000,0.000,0.00
1777917149,loop39,0.00,0.00,0.000,0.000,0.00
1777917149,loop4,0.00,0.00,0.000,0.000,0.00
1777917149,loop40,0.00,0.00,0.000,0.000,0.00
1777917149,loop5,0.00,0.00,0.000,0.000,0.00
1777917149,loop6,0.00,0.00,0.000,0.000,0.00
1777917149,loop7,0.00,0.00,0.000,0.000,0.00
1777917149,loop8,0.00,0.00,0.000,0.000,0.00
1777917149,loop9,0.00,0.00,0.000,0.000,0.00
1777917149,nvme0n1,0.00,0.00,0.000,0.000,1.00
1777917150,loop0,0.00,0.00,0.000,0.000,0.00
1777917150,loop1,0.00,0.00,0.000,0.000,0.00
1777917150,loop10,0.00,0.00,0.000,0.000,0.00
1777917150,loop11,0.00,0.00,0.000,0.000,0.00
1777917150,loop12,0.00,0.00,0.000,0.000,0.00
1777917150,loop13,0.00,0.00,0.000,0.000,0.00
1777917150,loop14,0.00,0.00,0.000,0.000,0.00
1777917150,loop15,0.00,0.00,0.000,0.000,0.00
1777917150,loop16,0.00,0.00,0.000,0.000,0.00
1777917150,loop17,0.00,0.00,0.000,0.000,0.00
1777917150,loop18,0.00,0.00,0.000,0.000,0.00
1777917150,loop19,0.00,0.00,0.000,0.000,0.00
1777917150,loop2,0.00,0.00,0.000,0.000,0.00
1777917150,loop20,0.00,0.00,0.000,0.000,0.00
1777917150,loop21,0.00,0.00,0.000,0.000,0.00
1777917150,loop22,0.00,0.00,0.000,0.000,0.00
1777917150,loop23,0.00,0.00,0.000,0.000,0.00
1777917150,loop24,0.00,0.00,0.000,0.000,0.00
1777917150,loop25,0.00,0.00,0.000,0.000,0.00
1777917150,loop26,0.00,0.00,0.000,0.000,0.00
1777917150,loop27,0.00,0.00,0.000,0.000,0.00
1777917150,loop28,0.00,0.00,0.000,0.000,0.00
1777917150,loop29,0.00,0.00,0.000,0.000,0.00
1777917150,loop3,0.00,0.00,0.000,0.000,0.00
1777917150,loop30,0.00,0.00,0.000,0.000,0.00
1777917150,loop31,0.00,0.00,0.000,0.000,0.00
1777917150,loop32,0.00,0.00,0.000,0.000,0.00
1777917150,loop33,0.00,0.00,0.000,0.000,0.00
1777917150,loop34,0.00,0.00,0.000,0.000,0.00
1777917150,loop35,0.00,0.00,0.000,0.000,0.00
1777917150,loop36,0.00,0.00,0.000,0.000,0.00
1777917150,loop37,0.00,0.00,0.000,0.000,0.00
1777917150,loop38,0.00,0.00,0.000,0.000,0.00
1777917150,loop39,0.00,0.00,0.000,0.000,0.00
1777917150,loop4,0.00,0.00,0.000,0.000,0.00
1777917150,loop40,0.00,0.00,0.000,0.000,0.00
1777917150,loop5,0.00,0.00,0.000,0.000,0.00
1777917150,loop6,0.00,0.00,0.000,0.000,0.00
1777917150,loop7,0.00,0.00,0.000,0.000,0.00
1777917150,loop8,0.00,0.00,0.000,0.000,0.00
1777917150,loop9,0.00,0.00,0.000,0.000,0.00
1777917150,nvme0n1,0.00,0.00,0.000,0.000,0.50
1777917151,loop0,0.00,0.00,0.000,0.000,0.00
1777917151,loop1,0.00,0.00,0.000,0.000,0.00
1777917151,loop10,0.00,0.00,0.000,0.000,0.00
1777917151,loop11,0.00,0.00,0.000,0.000,0.00
1777917151,loop12,0.00,0.00,0.000,0.000,0.00
1777917151,loop13,0.00,0.00,0.000,0.000,0.00
1777917151,loop14,0.00,0.00,0.000,0.000,0.00
1777917151,loop15,0.00,0.00,0.000,0.000,0.00
1777917151,loop16,0.00,0.00,0.000,0.000,0.00
1777917151,loop17,0.00,0.00,0.000,0.000,0.00
1777917151,loop18,0.00,0.00,0.000,0.000,0.00
1777917151,loop19,0.00,0.00,0.000,0.000,0.00
1777917151,loop2,0.00,0.00,0.000,0.000,0.00
1777917151,loop20,0.00,0.00,0.000,0.000,0.00
1777917151,loop21,0.00,0.00,0.000,0.000,0.00
1777917151,loop22,0.00,0.00,0.000,0.000,0.00
1777917151,loop23,0.00,0.00,0.000,0.000,0.00
1777917151,loop24,0.00,0.00,0.000,0.000,0.00
1777917151,loop25,0.00,0.00,0.000,0.000,0.00
1777917151,loop26,0.00,0.00,0.000,0.000,0.00
1777917151,loop27,0.00,0.00,0.000,0.000,0.00
1777917151,loop28,0.00,0.00,0.000,0.000,0.00
1777917151,loop29,0.00,0.00,0.000,0.000,0.00
1777917151,loop3,0.00,0.00,0.000,0.000,0.00
1777917151,loop30,0.00,0.00,0.000,0.000,0.00
1777917151,loop31,0.00,0.00,0.000,0.000,0.00
1777917151,loop32,0.00,0.00,0.000,0.000,0.00
1777917151,loop33,0.00,0.00,0.000,0.000,0.00
1777917151,loop34,0.00,0.00,0.000,0.000,0.00
1777917151,loop35,0.00,0.00,0.000,0.000,0.00
1777917151,loop36,0.00,0.00,0.000,0.000,0.00
1777917151,loop37,0.00,0.00,0.000,0.000,0.00
1777917151,loop38,0.00,0.00,0.000,0.000,0.00
1777917151,loop39,0.00,0.00,0.000,0.000,0.00
1777917151,loop4,0.00,0.00,0.000,0.000,0.00
1777917151,loop40,0.00,0.00,0.000,0.000,0.00
1777917151,loop5,0.00,0.00,0.000,0.000,0.00
1777917151,loop6,0.00,0.00,0.000,0.000,0.00
1777917151,loop7,0.00,0.00,0.000,0.000,0.00
1777917151,loop8,0.00,0.00,0.000,0.000,0.00
1777917151,loop9,0.00,0.00,0.000,0.000,0.00
1777917151,nvme0n1,0.00,0.00,0.000,0.000,0.80
