t_unix,device,r_iops,w_iops,r_mb_s,w_mb_s,util_pct
1777916155,loop0,0.00,0.00,0.000,0.000,0.00
1777916155,loop1,0.00,0.00,0.000,0.000,0.00
1777916155,loop10,0.00,0.00,0.000,0.000,0.00
1777916155,loop11,0.00,0.00,0.000,0.000,0.00
1777916155,loop12,0.00,0.00,0.000,0.000,0.00
1777916155,loop13,0.00,0.00,0.000,0.000,0.00
1777916155,loop14,0.00,0.00,0.000,0.000,0.00
1777916155,loop15,0.00,0.00,0.000,0.000,0.00
1777916155,loop16,0.00,0.00,0.000,0.000,0.00
1777916155,loop17,0.00,0.00,0.000,0.000,0.00
1777916155,loop18,0.00,0.00,0.000,0.000,0.00
1777916155,loop19,0.00,0.00,0.000,0.000,0.00
1777916155,loop2,0.00,0.00,0.000,0.000,0.00
1777916155,loop20,0.00,0.00,0.000,0.000,0.00
1777916155,loop21,0.00,0.00,0.000,0.000,0.00
1777916155,loop22,0.00,0.00,0.000,0.000,0.00
1777916155,loop23,0.00,0.00,0.000,0.000,0.00
1777916155,loop24,0.00,0.00,0.000,0.000,0.00
1777916155,loop25,0.00,0.00,0.000,0.000,0.00
1777916155,loop26,0.00,0.00,0.000,0.000,0.00
1777916155,loop27,0.00,0.00,0.000,0.000,0.00
1777916155,loop28,0.00,0.00,0.000,0.000,0.00
1777916155,loop29,0.00,0.00,0.000,0.000,0.00
1777916155,loop3,0.00,0.00,0.000,0.000,0.00
1777916155,loop30,0.00,0.00,0.000,0.000,0.00
1777916155,loop31,0.00,0.00,0.000,0.000,0.00
1777916155,loop32,0.00,0.00,0.000,0.000,0.00
1777916155,loop33,0.00,0.00,0.000,0.000,0.00
1777916155,loop34,0.00,0.00,0.000,0.000,0.00
1777916155,loop35,0.00,0.00,0.000,0.000,0.00
1777916155,loop36,0.00,0.00,0.000,0.000,0.00
1777916155,loop37,0.00,0.00,0.000,0.000,0.00
1777916155,loop38,0.00,0.00,0.000,0.000,0.00
1777916155,loop39,0.00,0.00,0.000,0.000,0.00
1777916155,loop4,0.00,0.00,0.000,0.000,0.00
1777916155,loop40,0.00,0.00,0.000,0.000,0.00
1777916155,loop5,0.00,0.00,0.000,0.000,0.00
1777916155,loop6,0.00,0.00,0.000,0.000,0.00
1777916155,loop7,0.00,0.00,0.000,0.000,0.00
1777916155,loop8,0.00,0.00,0.000,0.000,0.00
1777916155,loop9,0.00,0.00,0.000,0.000,0.00
1777916155,nvme0n1,43.00,1088.00,0.000,0.000,0.40
1777916156,loop0,0.00,0.00,0.000,0.000,0.00
1777916156,loop1,0.00,0.00,0.000,0.000,0.00
1777916156,loop10,0.00,0.00,0.000,0.000,0.00
1777916156,loop11,0.00,0.00,0.000,0.000,0.00
1777916156,loop12,0.00,0.00,0.000,0.000,0.00
1777916156,loop13,0.00,0.00,0.000,0.000,0.00
1777916156,loop14,0.00,0.00,0.000,0.000,0.00
1777916156,loop15,0.00,0.00,0.000,0.000,0.00
1777916156,loop16,0.00,0.00,0.000,0.000,0.00
1777916156,loop17,0.00,0.00,0.000,0.000,0.00
1777916156,loop18,0.00,0.00,0.000,0.000,0.00
1777916156,loop19,0.00,0.00,0.000,0.000,0.00
1777916156,loop2,0.00,0.00,0.000,0.000,0.00
1777916156,loop20,0.00,0.00,0.000,0.000,0.00
1777916156,loop21,0.00,0.00,0.000,0.000,0.00
1777916156,loop22,0.00,0.00,0.000,0.000,0.00
1777916156,loop23,0.00,0.00,0.000,0.000,0.00
1777916156,loop24,0.00,0.00,0.000,0.000,0.00
1777916156,loop25,0.00,0.00,0.000,0.000,0.00
1777916156,loop26,0.00,0.00,0.000,0.000,0.00
1777916156,loop27,0.00,0.00,0.000,0.000,0.00
1777916156,loop28,0.00,0.00,0.000,0.000,0.00
1777916156,loop29,0.00,0.00,0.000,0.000,0.00
1777916156,loop3,0.00,0.00,0.000,0.000,0.00
1777916156,loop30,0.00,0.00,0.000,0.000,0.00
1777916156,loop31,0.00,0.00,0.000,0.000,0.00
1777916156,loop32,0.00,0.00,0.000,0.000,0.00
1777916156,loop33,0.00,0.00,0.000,0.000,0.00
1777916156,loop34,0.00,0.00,0.000,0.000,0.00
1777916156,loop35,0.00,0.00,0.000,0.000,0.00
1777916156,loop36,0.00,0.00,0.000,0.000,0.00
1777916156,loop37,0.00,0.00,0.000,0.000,0.00
1777916156,loop38,0.00,0.00,0.000,0.000,0.00
1777916156,loop39,0.00,0.00,0.000,0.000,0.00
1777916156,loop4,0.00,0.00,0.000,0.000,0.00
1777916156,loop40,0.00,0.00,0.000,0.000,0.00
1777916156,loop5,0.00,0.00,0.000,0.000,0.00
1777916156,loop6,0.00,0.00,0.000,0.000,0.00
1777916156,loop7,0.00,0.00,0.000,0.000,0.00
1777916156,loop8,0.00,0.00,0.000,0.000,0.00
1777916156,loop9,0.00,0.00,0.000,0.000,0.00
1777916156,nvme0n1,0.00,0.00,0.000,0.000,0.30
1777916157,loop0,0.00,0.00,0.000,0.000,0.00
1777916157,loop1,0.00,0.00,0.000,0.000,0.00
1777916157,loop10,0.00,0.00,0.000,0.000,0.00
1777916157,loop11,0.00,0.00,0.000,0.000,0.00
1777916157,loop12,0.00,0.00,0.000,0.000,0.00
1777916157,loop13,0.00,0.00,0.000,0.000,0.00
1777916157,loop14,0.00,0.00,0.000,0.000,0.00
1777916157,loop15,0.00,0.00,0.000,0.000,0.00
1777916157,loop16,0.00,0.00,0.000,0.000,0.00
1777916157,loop17,0.00,0.00,0.000,0.000,0.00
1777916157,loop18,0.00,0.00,0.000,0.000,0.00
1777916157,loop19,0.00,0.00,0.000,0.000,0.00
1777916157,loop2,0.00,0.00,0.000,0.000,0.00
1777916157,loop20,0.00,0.00,0.000,0.000,0.00
1777916157,loop21,0.00,0.00,0.000,0.000,0.00
1777916157,loop22,0.00,0.00,0.000,0.000,0.00
1777916157,loop23,0.00,0.00,0.000,0.000,0.00
1777916157,loop24,0.00,0.00,0.000,0.000,0.00
1777916157,loop25,0.00,0.00,0.000,0.000,0.00
1777916157,loop26,0.00,0.00,0.000,0.000,0.00
1777916157,loop27,0.00,0.00,0.000,0.000,0.00
1777916157,loop28,0.00,0.00,0.000,0.000,0.00
1777916157,loop29,0.00,0.00,0.000,0.000,0.00
1777916157,loop3,0.00,0.00,0.000,0.000,0.00
1777916157,loop30,0.00,0.00,0.000,0.000,0.00
1777916157,loop31,0.00,0.00,0.000,0.000,0.00
1777916157,loop32,0.00,0.00,0.000,0.000,0.00
1777916157,loop33,0.00,0.00,0.000,0.000,0.00
1777916157,loop34,0.00,0.00,0.000,0.000,0.00
1777916157,loop35,0.00,0.00,0.000,0.000,0.00
1777916157,loop36,0.00,0.00,0.000,0.000,0.00
1777916157,loop37,0.00,0.00,0.000,0.000,0.00
1777916157,loop38,0.00,0.00,0.000,0.000,0.00
1777916157,loop39,0.00,0.00,0.000,0.000,0.00
1777916157,loop4,0.00,0.00,0.000,0.000,0.00
1777916157,loop40,0.00,0.00,0.000,0.000,0.00
1777916157,loop5,0.00,0.00,0.000,0.000,0.00
1777916157,loop6,0.00,0.00,0.000,0.000,0.00
1777916157,loop7,0.00,0.00,0.000,0.000,0.00
1777916157,loop8,0.00,0.00,0.000,0.000,0.00
1777916157,loop9,0.00,0.00,0.000,0.000,0.00
1777916157,nvme0n1,0.00,0.00,0.000,0.000,0.30
1777916158,loop0,0.00,0.00,0.000,0.000,0.00
1777916158,loop1,0.00,0.00,0.000,0.000,0.00
1777916158,loop10,0.00,0.00,0.000,0.000,0.00
1777916158,loop11,0.00,0.00,0.000,0.000,0.00
1777916158,loop12,0.00,0.00,0.000,0.000,0.00
1777916158,loop13,0.00,0.00,0.000,0.000,0.00
1777916158,loop14,0.00,0.00,0.000,0.000,0.00
1777916158,loop15,0.00,0.00,0.000,0.000,0.00
1777916158,loop16,0.00,0.00,0.000,0.000,0.00
1777916158,loop17,0.00,0.00,0.000,0.000,0.00
1777916158,loop18,0.00,0.00,0.000,0.000,0.00
1777916158,loop19,0.00,0.00,0.000,0.000,0.00
1777916158,loop2,0.00,0.00,0.000,0.000,0.00
1777916158,loop20,0.00,0.00,0.000,0.000,0.00
1777916158,loop21,0.00,0.00,0.000,0.000,0.00
1777916158,loop22,0.00,0.00,0.000,0.000,0.00
1777916158,loop23,0.00,0.00,0.000,0.000,0.00
1777916158,loop24,0.00,0.00,0.000,0.000,0.00
1777916158,loop25,0.00,0.00,0.000,0.000,0.00
1777916158,loop26,0.00,0.00,0.000,0.000,0.00
1777916158,loop27,0.00,0.00,0.000,0.000,0.00
1777916158,loop28,0.00,0.00,0.000,0.000,0.00
1777916158,loop29,0.00,0.00,0.000,0.000,0.00
1777916158,loop3,0.00,0.00,0.000,0.000,0.00
1777916158,loop30,0.00,0.00,0.000,0.000,0.00
1777916158,loop31,0.00,0.00,0.000,0.000,0.00
1777916158,loop32,0.00,0.00,0.000,0.000,0.00
1777916158,loop33,0.00,0.00,0.000,0.000,0.00
1777916158,loop34,0.00,0.00,0.000,0.000,0.00
1777916158,loop35,0.00,0.00,0.000,0.000,0.00
1777916158,loop36,0.00,0.00,0.000,0.000,0.00
1777916158,loop37,0.00,0.00,0.000,0.000,0.00
1777916158,loop38,0.00,0.00,0.000,0.000,0.00
1777916158,loop39,0.00,0.00,0.000,0.000,0.00
1777916158,loop4,0.00,0.00,0.000,0.000,0.00
1777916158,loop40,0.00,0.00,0.000,0.000,0.00
1777916158,loop5,0.00,0.00,0.000,0.000,0.00
1777916158,loop6,0.00,0.00,0.000,0.000,0.00
1777916158,loop7,0.00,0.00,0.000,0.000,0.00
1777916158,loop8,0.00,0.00,0.000,0.000,0.00
1777916158,loop9,0.00,0.00,0.000,0.000,0.00
1777916158,nvme0n1,1.00,4.00,0.000,0.000,0.10
1777916159,loop0,0.00,0.00,0.000,0.000,0.00
1777916159,loop1,0.00,0.00,0.000,0.000,0.00
1777916159,loop10,0.00,0.00,0.000,0.000,0.00
1777916159,loop11,0.00,0.00,0.000,0.000,0.00
1777916159,loop12,0.00,0.00,0.000,0.000,0.00
1777916159,loop13,0.00,0.00,0.000,0.000,0.00
1777916159,loop14,0.00,0.00,0.000,0.000,0.00
1777916159,loop15,0.00,0.00,0.000,0.000,0.00
1777916159,loop16,0.00,0.00,0.000,0.000,0.00
1777916159,loop17,0.00,0.00,0.000,0.000,0.00
1777916159,loop18,0.00,0.00,0.000,0.000,0.00
1777916159,loop19,0.00,0.00,0.000,0.000,0.00
1777916159,loop2,0.00,0.00,0.000,0.000,0.00
1777916159,loop20,0.00,0.00,0.000,0.000,0.00
1777916159,loop21,0.00,0.00,0.000,0.000,0.00
1777916159,loop22,0.00,0.00,0.000,0.000,0.00
1777916159,loop23,0.00,0.00,0.000,0.000,0.00
1777916159,loop24,0.00,0.00,0.000,0.000,0.00
1777916159,loop25,0.00,0.00,0.000,0.000,0.00
1777916159,loop26,0.00,0.00,0.000,0.000,0.00
1777916159,loop27,0.00,0.00,0.000,0.000,0.00
1777916159,loop28,0.00,0.00,0.000,0.000,0.00
1777916159,loop29,0.00,0.00,0.000,0.000,0.00
1777916159,loop3,0.00,0.00,0.000,0.000,0.00
1777916159,loop30,0.00,0.00,0.000,0.000,0.00
1777916159,loop31,0.00,0.00,0.000,0.000,0.00
1777916159,loop32,0.00,0.00,0.000,0.000,0.00
1777916159,loop33,0.00,0.00,0.000,0.000,0.00
1777916159,loop34,0.00,0.00,0.000,0.000,0.00
1777916159,loop35,0.00,0.00,0.000,0.000,0.00
1777916159,loop36,0.00,0.00,0.000,0.000,0.00
1777916159,loop37,0.00,0.00,0.000,0.000,0.00
1777916159,loop38,1.00,35.00,0.000,0.000,0.00
1777916159,loop39,0.00,0.00,0.000,0.000,0.00
1777916159,loop4,0.00,0.00,0.000,0.000,0.00
1777916159,loop40,0.00,0.00,0.000,0.000,0.00
1777916159,loop5,0.00,0.00,0.000,0.000,0.00
1777916159,loop6,0.00,0.00,0.000,0.000,0.00
1777916159,loop7,0.00,0.00,0.000,0.000,0.00
1777916159,loop8,0.00,0.00,0.000,0.000,0.00
1777916159,loop9,0.00,0.00,0.000,0.000,0.00
1777916159,nvme0n1,0.00,0.00,0.000,0.000,0.90
1777916160,loop0,0.00,0.00,0.000,0.000,0.00
1777916160,loop1,0.00,0.00,0.000,0.000,0.00
1777916160,loop10,0.00,0.00,0.000,0.000,0.00
1777916160,loop11,0.00,0.00,0.000,0.000,0.00
1777916160,loop12,0.00,0.00,0.000,0.000,0.00
1777916160,loop13,0.00,0.00,0.000,0.000,0.00
1777916160,loop14,0.00,0.00,0.000,0.000,0.00
1777916160,loop15,0.00,0.00,0.000,0.000,0.00
1777916160,loop16,0.00,0.00,0.000,0.000,0.00
1777916160,loop17,0.00,0.00,0.000,0.000,0.00
1777916160,loop18,0.00,0.00,0.000,0.000,0.00
1777916160,loop19,0.00,0.00,0.000,0.000,0.00
1777916160,loop2,0.00,0.00,0.000,0.000,0.00
1777916160,loop20,0.00,0.00,0.000,0.000,0.00
1777916160,loop21,0.00,0.00,0.000,0.000,0.00
1777916160,loop22,0.00,0.00,0.000,0.000,0.00
1777916160,loop23,0.00,0.00,0.000,0.000,0.00
1777916160,loop24,0.00,0.00,0.000,0.000,0.00
1777916160,loop25,0.00,0.00,0.000,0.000,0.00
1777916160,loop26,0.00,0.00,0.000,0.000,0.00
1777916160,loop27,0.00,0.00,0.000,0.000,0.00
1777916160,loop28,0.00,0.00,0.000,0.000,0.00
1777916160,loop29,0.00,0.00,0.000,0.000,0.00
1777916160,loop3,0.00,0.00,0.000,0.000,0.00
1777916160,loop30,0.00,0.00,0.000,0.000,0.00
1777916160,loop31,0.00,0.00,0.000,0.000,0.00
1777916160,loop32,0.00,0.00,0.000,0.000,0.00
1777916160,loop33,0.00,0.00,0.000,0.000,0.00
1777916160,loop34,0.00,0.00,0.000,0.000,0.00
1777916160,loop35,0.00,0.00,0.000,0.000,0.00
1777916160,loop36,0.00,0.00,0.000,0.000,0.00
1777916160,loop37,0.00,0.00,0.000,0.000,0.00
1777916160,loop38,0.00,0.00,0.000,0.000,0.00
1777916160,loop39,0.00,0.00,0.000,0.000,0.00
1777916160,loop4,0.00,0.00,0.000,0.000,0.00
1777916160,loop40,0.00,0.00,0.000,0.000,0.00
1777916160,loop5,0.00,0.00,0.000,0.000,0.00
1777916160,loop6,0.00,0.00,0.000,0.000,0.00
1777916160,loop7,0.00,0.00,0.000,0.000,0.00
1777916160,loop8,0.00,0.00,0.000,0.000,0.00
1777916160,loop9,0.00,0.00,0.000,0.000,0.00
1777916160,nvme0n1,0.00,0.00,0.000,0.000,1.70
1777916161,loop0,0.00,0.00,0.000,0.000,0.00
1777916161,loop1,0.00,0.00,0.000,0.000,0.00
1777916161,loop10,0.00,0.00,0.000,0.000,0.00
1777916161,loop11,0.00,0.00,0.000,0.000,0.00
1777916161,loop12,0.00,0.00,0.000,0.000,0.00
1777916161,loop13,0.00,0.00,0.000,0.000,0.00
1777916161,loop14,0.00,0.00,0.000,0.000,0.00
1777916161,loop15,0.00,0.00,0.000,0.000,0.00
1777916161,loop16,0.00,0.00,0.000,0.000,0.00
1777916161,loop17,0.00,0.00,0.000,0.000,0.00
1777916161,loop18,0.00,0.00,0.000,0.000,0.00
1777916161,loop19,0.00,0.00,0.000,0.000,0.00
1777916161,loop2,0.00,0.00,0.000,0.000,0.00
1777916161,loop20,0.00,0.00,0.000,0.000,0.00
1777916161,loop21,0.00,0.00,0.000,0.000,0.00
1777916161,loop22,0.00,0.00,0.000,0.000,0.00
1777916161,loop23,0.00,0.00,0.000,0.000,0.00
1777916161,loop24,0.00,0.00,0.000,0.000,0.00
1777916161,loop25,0.00,0.00,0.000,0.000,0.00
1777916161,loop26,0.00,0.00,0.000,0.000,0.00
1777916161,loop27,0.00,0.00,0.000,0.000,0.00
1777916161,loop28,0.00,0.00,0.000,0.000,0.00
1777916161,loop29,0.00,0.00,0.000,0.000,0.00
1777916161,loop3,0.00,0.00,0.000,0.000,0.00
1777916161,loop30,0.00,0.00,0.000,0.000,0.00
1777916161,loop31,0.00,0.00,0.000,0.000,0.00
1777916161,loop32,0.00,0.00,0.000,0.000,0.00
1777916161,loop33,0.00,0.00,0.000,0.000,0.00
1777916161,loop34,0.00,0.00,0.000,0.000,0.00
1777916161,loop35,0.00,0.00,0.000,0.000,0.00
1777916161,loop36,0.00,0.00,0.000,0.000,0.00
1777916161,loop37,0.00,0.00,0.000,0.000,0.00
1777916161,loop38,0.00,0.00,0.000,0.000,0.00
1777916161,loop39,0.00,0.00,0.000,0.000,0.00
1777916161,loop4,0.00,0.00,0.000,0.000,0.00
1777916161,loop40,0.00,0.00,0.000,0.000,0.00
1777916161,loop5,0.00,0.00,0.000,0.000,0.00
1777916161,loop6,0.00,0.00,0.000,0.000,0.00
1777916161,loop7,0.00,0.00,0.000,0.000,0.00
1777916161,loop8,0.00,0.00,0.000,0.000,0.00
1777916161,loop9,0.00,0.00,0.000,0.000,0.00
1777916161,nvme0n1,0.00,0.00,0.000,0.000,0.10
1777916162,loop0,0.00,0.00,0.000,0.000,0.00
1777916162,loop1,0.00,0.00,0.000,0.000,0.00
1777916162,loop10,0.00,0.00,0.000,0.000,0.00
1777916162,loop11,0.00,0.00,0.000,0.000,0.00
1777916162,loop12,0.00,0.00,0.000,0.000,0.00
1777916162,loop13,0.00,0.00,0.000,0.000,0.00
1777916162,loop14,0.00,0.00,0.000,0.000,0.00
1777916162,loop15,0.00,0.00,0.000,0.000,0.00
1777916162,loop16,0.00,0.00,0.000,0.000,0.00
1777916162,loop17,0.00,0.00,0.000,0.000,0.00
1777916162,loop18,0.00,0.00,0.000,0.000,0.00
1777916162,loop19,0.00,0.00,0.000,0.000,0.00
1777916162,loop2,0.00,0.00,0.000,0.000,0.00
1777916162,loop20,0.00,0.00,0.000,0.000,0.00
1777916162,loop21,0.00,0.00,0.000,0.000,0.00
1777916162,loop22,0.00,0.00,0.000,0.000,0.00
1777916162,loop23,0.00,0.00,0.000,0.000,0.00
1777916162,loop24,0.00,0.00,0.000,0.000,0.00
1777916162,loop25,0.00,0.00,0.000,0.000,0.00
1777916162,loop26,0.00,0.00,0.000,0.000,0.00
1777916162,loop27,0.00,0.00,0.000,0.000,0.00
1777916162,loop28,0.00,0.00,0.000,0.000,0.00
1777916162,loop29,0.00,0.00,0.000,0.000,0.00
1777916162,loop3,0.00,0.00,0.000,0.000,0.00
1777916162,loop30,0.00,0.00,0.000,0.000,0.00
1777916162,loop31,0.00,0.00,0.000,0.000,0.00
1777916162,loop32,0.00,0.00,0.000,0.000,0.00
1777916162,loop33,0.00,0.00,0.000,0.000,0.00
1777916162,loop34,0.00,0.00,0.000,0.000,0.00
1777916162,loop35,0.00,0.00,0.000,0.000,0.00
1777916162,loop36,0.00,0.00,0.000,0.000,0.00
1777916162,loop37,0.00,0.00,0.000,0.000,0.00
1777916162,loop38,0.00,0.00,0.000,0.000,0.00
1777916162,loop39,0.00,0.00,0.000,0.000,0.00
1777916162,loop4,0.00,0.00,0.000,0.000,0.00
1777916162,loop40,0.00,0.00,0.000,0.000,0.00
1777916162,loop5,0.00,0.00,0.000,0.000,0.00
1777916162,loop6,0.00,0.00,0.000,0.000,0.00
1777916162,loop7,0.00,0.00,0.000,0.000,0.00
1777916162,loop8,0.00,0.00,0.000,0.000,0.00
1777916162,loop9,0.00,0.00,0.000,0.000,0.00
1777916162,nvme0n1,0.00,0.00,0.000,0.000,0.00
1777916163,loop0,0.00,0.00,0.000,0.000,0.00
1777916163,loop1,0.00,0.00,0.000,0.000,0.00
1777916163,loop10,0.00,0.00,0.000,0.000,0.00
1777916163,loop11,0.00,0.00,0.000,0.000,0.00
1777916163,loop12,0.00,0.00,0.000,0.000,0.00
1777916163,loop13,0.00,0.00,0.000,0.000,0.00
1777916163,loop14,0.00,0.00,0.000,0.000,0.00
1777916163,loop15,0.00,0.00,0.000,0.000,0.00
1777916163,loop16,0.00,0.00,0.000,0.000,0.00
1777916163,loop17,0.00,0.00,0.000,0.000,0.00
1777916163,loop18,0.00,0.00,0.000,0.000,0.00
1777916163,loop19,0.00,0.00,0.000,0.000,0.00
1777916163,loop2,0.00,0.00,0.000,0.000,0.00
1777916163,loop20,0.00,0.00,0.000,0.000,0.00
1777916163,loop21,0.00,0.00,0.000,0.000,0.00
1777916163,loop22,0.00,0.00,0.000,0.000,0.00
1777916163,loop23,0.00,0.00,0.000,0.000,0.00
1777916163,loop24,0.00,0.00,0.000,0.000,0.00
1777916163,loop25,0.00,0.00,0.000,0.000,0.00
1777916163,loop26,0.00,0.00,0.000,0.000,0.00
1777916163,loop27,0.00,0.00,0.000,0.000,0.00
1777916163,loop28,0.00,0.00,0.000,0.000,0.00
1777916163,loop29,0.00,0.00,0.000,0.000,0.00
1777916163,loop3,0.00,0.00,0.000,0.000,0.00
1777916163,loop30,0.00,0.00,0.000,0.000,0.00
1777916163,loop31,0.00,0.00,0.000,0.000,0.00
1777916163,loop32,0.00,0.00,0.000,0.000,0.00
1777916163,loop33,0.00,0.00,0.000,0.000,0.00
1777916163,loop34,0.00,0.00,0.000,0.000,0.00
1777916163,loop35,0.00,0.00,0.000,0.000,0.00
1777916163,loop36,0.00,0.00,0.000,0.000,0.00
1777916163,loop37,0.00,0.00,0.000,0.000,0.00
1777916163,loop38,3.00,226.00,0.000,0.000,0.00
1777916163,loop39,0.00,0.00,0.000,0.000,0.00
1777916163,loop4,0.00,0.00,0.000,0.000,0.00
1777916163,loop40,0.00,0.00,0.000,0.000,0.00
1777916163,loop5,0.00,0.00,0.000,0.000,0.00
1777916163,loop6,0.00,0.00,0.000,0.000,0.00
1777916163,loop7,0.00,0.00,0.000,0.000,0.00
1777916163,loop8,0.00,0.00,0.000,0.000,0.00
1777916163,loop9,0.00,0.00,0.000,0.000,0.00
1777916163,nvme0n1,44.00,312.00,0.021,0.032,0.70
1777916164,loop0,0.00,0.00,0.000,0.000,0.00
1777916164,loop1,0.00,0.00,0.000,0.000,0.00
1777916164,loop10,0.00,0.00,0.000,0.000,0.00
1777916164,loop11,0.00,0.00,0.000,0.000,0.00
1777916164,loop12,0.00,0.00,0.000,0.000,0.00
1777916164,loop13,0.00,0.00,0.000,0.000,0.00
1777916164,loop14,0.00,0.00,0.000,0.000,0.00
1777916164,loop15,0.00,0.00,0.000,0.000,0.00
1777916164,loop16,0.00,0.00,0.000,0.000,0.00
1777916164,loop17,0.00,0.00,0.000,0.000,0.00
1777916164,loop18,0.00,0.00,0.000,0.000,0.00
1777916164,loop19,0.00,0.00,0.000,0.000,0.00
1777916164,loop2,0.00,0.00,0.000,0.000,0.00
1777916164,loop20,6.00,136.00,0.000,0.000,0.10
1777916164,loop21,0.00,0.00,0.000,0.000,0.00
1777916164,loop22,0.00,0.00,0.000,0.000,0.00
1777916164,loop23,0.00,0.00,0.000,0.000,0.00
1777916164,loop24,0.00,0.00,0.000,0.000,0.00
1777916164,loop25,0.00,0.00,0.000,0.000,0.00
1777916164,loop26,0.00,0.00,0.000,0.000,0.00
1777916164,loop27,0.00,0.00,0.000,0.000,0.00
1777916164,loop28,0.00,0.00,0.000,0.000,0.00
1777916164,loop29,0.00,0.00,0.000,0.000,0.00
1777916164,loop3,0.00,0.00,0.000,0.000,0.00
1777916164,loop30,0.00,0.00,0.000,0.000,0.00
1777916164,loop31,0.00,0.00,0.000,0.000,0.00
1777916164,loop32,0.00,0.00,0.000,0.000,0.00
1777916164,loop33,0.00,0.00,0.000,0.000,0.00
1777916164,loop34,0.00,0.00,0.000,0.000,0.00
1777916164,loop35,0.00,0.00,0.000,0.000,0.00
1777916164,loop36,0.00,0.00,0.000,0.000,0.00
1777916164,loop37,0.00,0.00,0.000,0.000,0.00
1777916164,loop38,4.00,213.00,0.000,0.000,0.00
1777916164,loop39,0.00,0.00,0.000,0.000,0.00
1777916164,loop4,0.00,0.00,0.000,0.000,0.00
1777916164,loop40,0.00,0.00,0.000,0.000,0.00
1777916164,loop5,0.00,0.00,0.000,0.000,0.00
1777916164,loop6,0.00,0.00,0.000,0.000,0.00
1777916164,loop7,0.00,0.00,0.000,0.000,0.00
1777916164,loop8,0.00,0.00,0.000,0.000,0.00
1777916164,loop9,0.00,0.00,0.000,0.000,0.00
1777916164,nvme0n1,18.00,384.00,0.028,0.060,2.20
1777916165,loop0,0.00,0.00,0.000,0.000,0.00
1777916165,loop1,0.00,0.00,0.000,0.000,0.00
1777916165,loop10,0.00,0.00,0.000,0.000,0.00
1777916165,loop11,0.00,0.00,0.000,0.000,0.00
1777916165,loop12,0.00,0.00,0.000,0.000,0.00
1777916165,loop13,0.00,0.00,0.000,0.000,0.00
1777916165,loop14,0.00,0.00,0.000,0.000,0.00
1777916165,loop15,0.00,0.00,0.000,0.000,0.00
1777916165,loop16,0.00,0.00,0.000,0.000,0.00
1777916165,loop17,0.00,0.00,0.000,0.000,0.00
1777916165,loop18,0.00,0.00,0.000,0.000,0.00
1777916165,loop19,0.00,0.00,0.000,0.000,0.00
1777916165,loop2,0.00,0.00,0.000,0.000,0.00
1777916165,loop20,0.00,0.00,0.000,0.000,0.00
1777916165,loop21,0.00,0.00,0.000,0.000,0.00
1777916165,loop22,0.00,0.00,0.000,0.000,0.00
1777916165,loop23,0.00,0.00,0.000,0.000,0.00
1777916165,loop24,0.00,0.00,0.000,0.000,0.00
1777916165,loop25,0.00,0.00,0.000,0.000,0.00
1777916165,loop26,0.00,0.00,0.000,0.000,0.00
1777916165,loop27,0.00,0.00,0.000,0.000,0.00
1777916165,loop28,0.00,0.00,0.000,0.000,0.00
1777916165,loop29,0.00,0.00,0.000,0.000,0.00
1777916165,loop3,0.00,0.00,0.000,0.000,0.00
1777916165,loop30,0.00,0.00,0.000,0.000,0.00
1777916165,loop31,0.00,0.00,0.000,0.000,0.00
1777916165,loop32,0.00,0.00,0.000,0.000,0.00
1777916165,loop33,0.00,0.00,0.000,0.000,0.00
1777916165,loop34,0.00,0.00,0.000,0.000,0.00
1777916165,loop35,0.00,0.00,0.000,0.000,0.00
1777916165,loop36,0.00,0.00,0.000,0.000,0.00
1777916165,loop37,0.00,0.00,0.000,0.000,0.00
1777916165,loop38,2.00,156.00,0.000,0.000,0.10
1777916165,loop39,0.00,0.00,0.000,0.000,0.00
1777916165,loop4,0.00,0.00,0.000,0.000,0.00
1777916165,loop40,0.00,0.00,0.000,0.000,0.00
1777916165,loop5,0.00,0.00,0.000,0.000,0.00
1777916165,loop6,0.00,0.00,0.000,0.000,0.00
1777916165,loop7,0.00,0.00,0.000,0.000,0.00
1777916165,loop8,0.00,0.00,0.000,0.000,0.00
1777916165,loop9,0.00,0.00,0.000,0.000,0.00
1777916165,nvme0n1,1.00,80.00,0.000,0.000,0.50
1777916166,loop0,0.00,0.00,0.000,0.000,0.00
1777916166,loop1,0.00,0.00,0.000,0.000,0.00
1777916166,loop10,0.00,0.00,0.000,0.000,0.00
1777916166,loop11,0.00,0.00,0.000,0.000,0.00
1777916166,loop12,0.00,0.00,0.000,0.000,0.00
1777916166,loop13,0.00,0.00,0.000,0.000,0.00
1777916166,loop14,0.00,0.00,0.000,0.000,0.00
1777916166,loop15,0.00,0.00,0.000,0.000,0.00
1777916166,loop16,0.00,0.00,0.000,0.000,0.00
1777916166,loop17,0.00,0.00,0.000,0.000,0.00
1777916166,loop18,0.00,0.00,0.000,0.000,0.00
1777916166,loop19,0.00,0.00,0.000,0.000,0.00
1777916166,loop2,0.00,0.00,0.000,0.000,0.00
1777916166,loop20,0.00,0.00,0.000,0.000,0.00
1777916166,loop21,0.00,0.00,0.000,0.000,0.00
1777916166,loop22,0.00,0.00,0.000,0.000,0.00
1777916166,loop23,0.00,0.00,0.000,0.000,0.00
1777916166,loop24,0.00,0.00,0.000,0.000,0.00
1777916166,loop25,0.00,0.00,0.000,0.000,0.00
1777916166,loop26,0.00,0.00,0.000,0.000,0.00
1777916166,loop27,0.00,0.00,0.000,0.000,0.00
1777916166,loop28,0.00,0.00,0.000,0.000,0.00
1777916166,loop29,0.00,0.00,0.000,0.000,0.00
1777916166,loop3,0.00,0.00,0.000,0.000,0.00
1777916166,loop30,0.00,0.00,0.000,0.000,0.00
1777916166,loop31,0.00,0.00,0.000,0.000,0.00
1777916166,loop32,0.00,0.00,0.000,0.000,0.00
1777916166,loop33,0.00,0.00,0.000,0.000,0.00
1777916166,loop34,0.00,0.00,0.000,0.000,0.00
1777916166,loop35,0.00,0.00,0.000,0.000,0.00
1777916166,loop36,0.00,0.00,0.000,0.000,0.00
1777916166,loop37,0.00,0.00,0.000,0.000,0.00
1777916166,loop38,10.00,489.00,0.000,0.000,0.20
1777916166,loop39,0.00,0.00,0.000,0.000,0.00
1777916166,loop4,0.00,0.00,0.000,0.000,0.00
1777916166,loop40,0.00,0.00,0.000,0.000,0.00
1777916166,loop5,0.00,0.00,0.000,0.000,0.00
1777916166,loop6,0.00,0.00,0.000,0.000,0.00
1777916166,loop7,0.00,0.00,0.000,0.000,0.00
1777916166,loop8,0.00,0.00,0.000,0.000,0.00
1777916166,loop9,0.00,0.00,0.000,0.000,0.00
1777916166,nvme0n1,6.00,420.00,0.000,0.000,0.70
1777916167,loop0,0.00,0.00,0.000,0.000,0.00
1777916167,loop1,0.00,0.00,0.000,0.000,0.00
1777916167,loop10,0.00,0.00,0.000,0.000,0.00
1777916167,loop11,0.00,0.00,0.000,0.000,0.00
1777916167,loop12,0.00,0.00,0.000,0.000,0.00
1777916167,loop13,0.00,0.00,0.000,0.000,0.00
1777916167,loop14,0.00,0.00,0.000,0.000,0.00
1777916167,loop15,0.00,0.00,0.000,0.000,0.00
1777916167,loop16,0.00,0.00,0.000,0.000,0.00
1777916167,loop17,0.00,0.00,0.000,0.000,0.00
1777916167,loop18,0.00,0.00,0.000,0.000,0.00
1777916167,loop19,0.00,0.00,0.000,0.000,0.00
1777916167,loop2,0.00,0.00,0.000,0.000,0.00
1777916167,loop20,0.00,0.00,0.000,0.000,0.00
1777916167,loop21,0.00,0.00,0.000,0.000,0.00
1777916167,loop22,0.00,0.00,0.000,0.000,0.00
1777916167,loop23,0.00,0.00,0.000,0.000,0.00
1777916167,loop24,0.00,0.00,0.000,0.000,0.00
1777916167,loop25,0.00,0.00,0.000,0.000,0.00
1777916167,loop26,0.00,0.00,0.000,0.000,0.00
1777916167,loop27,0.00,0.00,0.000,0.000,0.00
1777916167,loop28,0.00,0.00,0.000,0.000,0.00
1777916167,loop29,0.00,0.00,0.000,0.000,0.00
1777916167,loop3,0.00,0.00,0.000,0.000,0.00
1777916167,loop30,0.00,0.00,0.000,0.000,0.00
1777916167,loop31,0.00,0.00,0.000,0.000,0.00
1777916167,loop32,0.00,0.00,0.000,0.000,0.00
1777916167,loop33,0.00,0.00,0.000,0.000,0.00
1777916167,loop34,0.00,0.00,0.000,0.000,0.00
1777916167,loop35,0.00,0.00,0.000,0.000,0.00
1777916167,loop36,0.00,0.00,0.000,0.000,0.00
1777916167,loop37,0.00,0.00,0.000,0.000,0.00
1777916167,loop38,0.00,0.00,0.000,0.000,0.00
1777916167,loop39,0.00,0.00,0.000,0.000,0.00
1777916167,loop4,0.00,0.00,0.000,0.000,0.00
1777916167,loop40,0.00,0.00,0.000,0.000,0.00
1777916167,loop5,0.00,0.00,0.000,0.000,0.00
1777916167,loop6,0.00,0.00,0.000,0.000,0.00
1777916167,loop7,0.00,0.00,0.000,0.000,0.00
1777916167,loop8,0.00,0.00,0.000,0.000,0.00
1777916167,loop9,0.00,0.00,0.000,0.000,0.00
1777916167,nvme0n1,0.00,0.00,0.000,0.000,0.00
1777916168,loop0,0.00,0.00,0.000,0.000,0.00
1777916168,loop1,0.00,0.00,0.000,0.000,0.00
1777916168,loop10,0.00,0.00,0.000,0.000,0.00
1777916168,loop11,0.00,0.00,0.000,0.000,0.00
1777916168,loop12,0.00,0.00,0.000,0.000,0.00
1777916168,loop13,0.00,0.00,0.000,0.000,0.00
1777916168,loop14,0.00,0.00,0.000,0.000,0.00
1777916168,loop15,0.00,0.00,0.000,0.000,0.00
1777916168,loop16,0.00,0.00,0.000,0.000,0.00
1777916168,loop17,0.00,0.00,0.000,0.000,0.00
1777916168,loop18,0.00,0.00,0.000,0.000,0.00
1777916168,loop19,0.00,0.00,0.000,0.000,0.00
1777916168,loop2,0.00,0.00,0.000,0.000,0.00
1777916168,loop20,0.00,0.00,0.000,0.000,0.00
1777916168,loop21,0.00,0.00,0.000,0.000,0.00
1777916168,loop22,0.00,0.00,0.000,0.000,0.00
1777916168,loop23,0.00,0.00,0.000,0.000,0.00
1777916168,loop24,0.00,0.00,0.000,0.000,0.00
1777916168,loop25,0.00,0.00,0.000,0.000,0.00
1777916168,loop26,0.00,0.00,0.000,0.000,0.00
1777916168,loop27,0.00,0.00,0.000,0.000,0.00
1777916168,loop28,0.00,0.00,0.000,0.000,0.00
1777916168,loop29,0.00,0.00,0.000,0.000,0.00
1777916168,loop3,0.00,0.00,0.000,0.000,0.00
1777916168,loop30,0.00,0.00,0.000,0.000,0.00
1777916168,loop31,0.00,0.00,0.000,0.000,0.00
1777916168,loop32,0.00,0.00,0.000,0.000,0.00
1777916168,loop33,0.00,0.00,0.000,0.000,0.00
1777916168,loop34,0.00,0.00,0.000,0.000,0.00
1777916168,loop35,0.00,0.00,0.000,0.000,0.00
1777916168,loop36,0.00,0.00,0.000,0.000,0.00
1777916168,loop37,0.00,0.00,0.000,0.000,0.00
1777916168,loop38,0.00,0.00,0.000,0.000,0.00
1777916168,loop39,0.00,0.00,0.000,0.000,0.00
1777916168,loop4,0.00,0.00,0.000,0.000,0.00
1777916168,loop40,0.00,0.00,0.000,0.000,0.00
1777916168,loop5,0.00,0.00,0.000,0.000,0.00
1777916168,loop6,0.00,0.00,0.000,0.000,0.00
1777916168,loop7,0.00,0.00,0.000,0.000,0.00
1777916168,loop8,0.00,0.00,0.000,0.000,0.00
1777916168,loop9,0.00,0.00,0.000,0.000,0.00
1777916168,nvme0n1,0.00,0.00,0.000,0.000,0.00
1777916169,loop0,0.00,0.00,0.000,0.000,0.00
1777916169,loop1,0.00,0.00,0.000,0.000,0.00
1777916169,loop10,0.00,0.00,0.000,0.000,0.00
1777916169,loop11,0.00,0.00,0.000,0.000,0.00
1777916169,loop12,0.00,0.00,0.000,0.000,0.00
1777916169,loop13,0.00,0.00,0.000,0.000,0.00
1777916169,loop14,0.00,0.00,0.000,0.000,0.00
1777916169,loop15,0.00,0.00,0.000,0.000,0.00
1777916169,loop16,0.00,0.00,0.000,0.000,0.00
1777916169,loop17,0.00,0.00,0.000,0.000,0.00
1777916169,loop18,0.00,0.00,0.000,0.000,0.00
1777916169,loop19,0.00,0.00,0.000,0.000,0.00
1777916169,loop2,0.00,0.00,0.000,0.000,0.00
1777916169,loop20,0.00,0.00,0.000,0.000,0.00
1777916169,loop21,0.00,0.00,0.000,0.000,0.00
1777916169,loop22,0.00,0.00,0.000,0.000,0.00
1777916169,loop23,0.00,0.00,0.000,0.000,0.00
1777916169,loop24,0.00,0.00,0.000,0.000,0.00
1777916169,loop25,0.00,0.00,0.000,0.000,0.00
1777916169,loop26,0.00,0.00,0.000,0.000,0.00
1777916169,loop27,0.00,0.00,0.000,0.000,0.00
1777916169,loop28,0.00,0.00,0.000,0.000,0.00
1777916169,loop29,0.00,0.00,0.000,0.000,0.00
1777916169,loop3,0.00,0.00,0.000,0.000,0.00
1777916169,loop30,0.00,0.00,0.000,0.000,0.00
1777916169,loop31,0.00,0.00,0.000,0.000,0.00
1777916169,loop32,0.00,0.00,0.000,0.000,0.00
1777916169,loop33,0.00,0.00,0.000,0.000,0.00
1777916169,loop34,0.00,0.00,0.000,0.000,0.00
1777916169,loop35,0.00,0.00,0.000,0.000,0.00
1777916169,loop36,0.00,0.00,0.000,0.000,0.00
1777916169,loop37,0.00,0.00,0.000,0.000,0.00
1777916169,loop38,0.00,0.00,0.000,0.000,0.00
1777916169,loop39,0.00,0.00,0.000,0.000,0.00
1777916169,loop4,0.00,0.00,0.000,0.000,0.00
1777916169,loop40,0.00,0.00,0.000,0.000,0.00
1777916169,loop5,0.00,0.00,0.000,0.000,0.00
1777916169,loop6,0.00,0.00,0.000,0.000,0.00
1777916169,loop7,0.00,0.00,0.000,0.000,0.00
1777916169,loop8,0.00,0.00,0.000,0.000,0.00
1777916169,loop9,0.00,0.00,0.000,0.000,0.00
1777916169,nvme0n1,0.00,0.00,0.000,0.000,0.00
1777916170,loop0,0.00,0.00,0.000,0.000,0.00
1777916170,loop1,0.00,0.00,0.000,0.000,0.00
1777916170,loop10,0.00,0.00,0.000,0.000,0.00
1777916170,loop11,0.00,0.00,0.000,0.000,0.00
1777916170,loop12,0.00,0.00,0.000,0.000,0.00
1777916170,loop13,0.00,0.00,0.000,0.000,0.00
1777916170,loop14,0.00,0.00,0.000,0.000,0.00
1777916170,loop15,0.00,0.00,0.000,0.000,0.00
1777916170,loop16,0.00,0.00,0.000,0.000,0.00
1777916170,loop17,0.00,0.00,0.000,0.000,0.00
1777916170,loop18,0.00,0.00,0.000,0.000,0.00
1777916170,loop19,0.00,0.00,0.000,0.000,0.00
1777916170,loop2,0.00,0.00,0.000,0.000,0.00
1777916170,loop20,0.00,0.00,0.000,0.000,0.00
1777916170,loop21,0.00,0.00,0.000,0.000,0.00
1777916170,loop22,0.00,0.00,0.000,0.000,0.00
1777916170,loop23,0.00,0.00,0.000,0.000,0.00
1777916170,loop24,0.00,0.00,0.000,0.000,0.00
1777916170,loop25,0.00,0.00,0.000,0.000,0.00
1777916170,loop26,0.00,0.00,0.000,0.000,0.00
1777916170,loop27,0.00,0.00,0.000,0.000,0.00
1777916170,loop28,0.00,0.00,0.000,0.000,0.00
1777916170,loop29,0.00,0.00,0.000,0.000,0.00
1777916170,loop3,0.00,0.00,0.000,0.000,0.00
1777916170,loop30,0.00,0.00,0.000,0.000,0.00
1777916170,loop31,0.00,0.00,0.000,0.000,0.00
1777916170,loop32,0.00,0.00,0.000,0.000,0.00
1777916170,loop33,0.00,0.00,0.000,0.000,0.00
1777916170,loop34,0.00,0.00,0.000,0.000,0.00
1777916170,loop35,0.00,0.00,0.000,0.000,0.00
1777916170,loop36,0.00,0.00,0.000,0.000,0.00
1777916170,loop37,0.00,0.00,0.000,0.000,0.00
1777916170,loop38,0.00,0.00,0.000,0.000,0.00
1777916170,loop39,0.00,0.00,0.000,0.000,0.00
1777916170,loop4,0.00,0.00,0.000,0.000,0.00
1777916170,loop40,0.00,0.00,0.000,0.000,0.00
1777916170,loop5,0.00,0.00,0.000,0.000,0.00
1777916170,loop6,0.00,0.00,0.000,0.000,0.00
1777916170,loop7,0.00,0.00,0.000,0.000,0.00
1777916170,loop8,0.00,0.00,0.000,0.000,0.00
1777916170,loop9,0.00,0.00,0.000,0.000,0.00
1777916170,nvme0n1,0.00,0.00,0.000,0.000,0.00
1777916171,loop0,0.00,0.00,0.000,0.000,0.00
1777916171,loop1,0.00,0.00,0.000,0.000,0.00
1777916171,loop10,0.00,0.00,0.000,0.000,0.00
1777916171,loop11,0.00,0.00,0.000,0.000,0.00
1777916171,loop12,0.00,0.00,0.000,0.000,0.00
1777916171,loop13,0.00,0.00,0.000,0.000,0.00
1777916171,loop14,0.00,0.00,0.000,0.000,0.00
1777916171,loop15,0.00,0.00,0.000,0.000,0.00
1777916171,loop16,0.00,0.00,0.000,0.000,0.00
1777916171,loop17,0.00,0.00,0.000,0.000,0.00
1777916171,loop18,0.00,0.00,0.000,0.000,0.00
1777916171,loop19,0.00,0.00,0.000,0.000,0.00
1777916171,loop2,0.00,0.00,0.000,0.000,0.00
1777916171,loop20,0.00,0.00,0.000,0.000,0.00
1777916171,loop21,0.00,0.00,0.000,0.000,0.00
1777916171,loop22,0.00,0.00,0.000,0.000,0.00
1777916171,loop23,0.00,0.00,0.000,0.000,0.00
1777916171,loop24,0.00,0.00,0.000,0.000,0.00
1777916171,loop25,0.00,0.00,0.000,0.000,0.00
1777916171,loop26,0.00,0.00,0.000,0.000,0.00
1777916171,loop27,0.00,0.00,0.000,0.000,0.00
1777916171,loop28,0.00,0.00,0.000,0.000,0.00
1777916171,loop29,0.00,0.00,0.000,0.000,0.00
1777916171,loop3,0.00,0.00,0.000,0.000,0.00
1777916171,loop30,0.00,0.00,0.000,0.000,0.00
1777916171,loop31,0.00,0.00,0.000,0.000,0.00
1777916171,loop32,0.00,0.00,0.000,0.000,0.00
1777916171,loop33,0.00,0.00,0.000,0.000,0.00
1777916171,loop34,0.00,0.00,0.000,0.000,0.00
1777916171,loop35,0.00,0.00,0.000,0.000,0.00
1777916171,loop36,0.00,0.00,0.000,0.000,0.00
1777916171,loop37,0.00,0.00,0.000,0.000,0.00
1777916171,loop38,0.00,0.00,0.000,0.000,0.00
1777916171,loop39,0.00,0.00,0.000,0.000,0.00
1777916171,loop4,0.00,0.00,0.000,0.000,0.00
1777916171,loop40,0.00,0.00,0.000,0.000,0.00
1777916171,loop5,0.00,0.00,0.000,0.000,0.00
1777916171,loop6,0.00,0.00,0.000,0.000,0.00
1777916171,loop7,0.00,0.00,0.000,0.000,0.00
1777916171,loop8,0.00,0.00,0.000,0.000,0.00
1777916171,loop9,0.00,0.00,0.000,0.000,0.00
1777916171,nvme0n1,0.00,0.00,0.000,0.000,7.80
1777916172,loop0,0.00,0.00,0.000,0.000,0.00
1777916172,loop1,0.00,0.00,0.000,0.000,0.00
1777916172,loop10,0.00,0.00,0.000,0.000,0.00
1777916172,loop11,0.00,0.00,0.000,0.000,0.00
1777916172,loop12,0.00,0.00,0.000,0.000,0.00
1777916172,loop13,0.00,0.00,0.000,0.000,0.00
1777916172,loop14,0.00,0.00,0.000,0.000,0.00
1777916172,loop15,0.00,0.00,0.000,0.000,0.00
1777916172,loop16,0.00,0.00,0.000,0.000,0.00
1777916172,loop17,0.00,0.00,0.000,0.000,0.00
1777916172,loop18,0.00,0.00,0.000,0.000,0.00
1777916172,loop19,0.00,0.00,0.000,0.000,0.00
1777916172,loop2,0.00,0.00,0.000,0.000,0.00
1777916172,loop20,0.00,0.00,0.000,0.000,0.00
1777916172,loop21,0.00,0.00,0.000,0.000,0.00
1777916172,loop22,0.00,0.00,0.000,0.000,0.00
1777916172,loop23,0.00,0.00,0.000,0.000,0.00
1777916172,loop24,0.00,0.00,0.000,0.000,0.00
1777916172,loop25,0.00,0.00,0.000,0.000,0.00
1777916172,loop26,0.00,0.00,0.000,0.000,0.00
1777916172,loop27,0.00,0.00,0.000,0.000,0.00
1777916172,loop28,0.00,0.00,0.000,0.000,0.00
1777916172,loop29,0.00,0.00,0.000,0.000,0.00
1777916172,loop3,0.00,0.00,0.000,0.000,0.00
1777916172,loop30,0.00,0.00,0.000,0.000,0.00
1777916172,loop31,0.00,0.00,0.000,0.000,0.00
1777916172,loop32,0.00,0.00,0.000,0.000,0.00
1777916172,loop33,0.00,0.00,0.000,0.000,0.00
1777916172,loop34,0.00,0.00,0.000,0.000,0.00
1777916172,loop35,0.00,0.00,0.000,0.000,0.00
1777916172,loop36,0.00,0.00,0.000,0.000,0.00
1777916172,loop37,0.00,0.00,0.000,0.000,0.00
1777916172,loop38,0.00,0.00,0.000,0.000,0.00
1777916172,loop39,0.00,0.00,0.000,0.000,0.00
1777916172,loop4,0.00,0.00,0.000,0.000,0.00
1777916172,loop40,0.00,0.00,0.000,0.000,0.00
1777916172,loop5,0.00,0.00,0.000,0.000,0.00
1777916172,loop6,0.00,0.00,0.000,0.000,0.00
1777916172,loop7,0.00,0.00,0.000,0.000,0.00
1777916172,loop8,0.00,0.00,0.000,0.000,0.00
1777916172,loop9,0.00,0.00,0.000,0.000,0.00
1777916172,nvme0n1,0.00,0.00,0.000,0.000,0.00
1777916173,loop0,0.00,0.00,0.000,0.000,0.00
1777916173,loop1,0.00,0.00,0.000,0.000,0.00
1777916173,loop10,0.00,0.00,0.000,0.000,0.00
1777916173,loop11,0.00,0.00,0.000,0.000,0.00
1777916173,loop12,0.00,0.00,0.000,0.000,0.00
1777916173,loop13,0.00,0.00,0.000,0.000,0.00
1777916173,loop14,0.00,0.00,0.000,0.000,0.00
1777916173,loop15,0.00,0.00,0.000,0.000,0.00
1777916173,loop16,0.00,0.00,0.000,0.000,0.00
1777916173,loop17,0.00,0.00,0.000,0.000,0.00
1777916173,loop18,0.00,0.00,0.000,0.000,0.00
1777916173,loop19,0.00,0.00,0.000,0.000,0.00
1777916173,loop2,0.00,0.00,0.000,0.000,0.00
1777916173,loop20,0.00,0.00,0.000,0.000,0.00
1777916173,loop21,0.00,0.00,0.000,0.000,0.00
1777916173,loop22,0.00,0.00,0.000,0.000,0.00
1777916173,loop23,0.00,0.00,0.000,0.000,0.00
1777916173,loop24,0.00,0.00,0.000,0.000,0.00
1777916173,loop25,0.00,0.00,0.000,0.000,0.00
1777916173,loop26,0.00,0.00,0.000,0.000,0.00
1777916173,loop27,0.00,0.00,0.000,0.000,0.00
1777916173,loop28,0.00,0.00,0.000,0.000,0.00
1777916173,loop29,0.00,0.00,0.000,0.000,0.00
1777916173,loop3,0.00,0.00,0.000,0.000,0.00
1777916173,loop30,0.00,0.00,0.000,0.000,0.00
1777916173,loop31,0.00,0.00,0.000,0.000,0.00
1777916173,loop32,0.00,0.00,0.000,0.000,0.00
1777916173,loop33,0.00,0.00,0.000,0.000,0.00
1777916173,loop34,0.00,0.00,0.000,0.000,0.00
1777916173,loop35,0.00,0.00,0.000,0.000,0.00
1777916173,loop36,0.00,0.00,0.000,0.000,0.00
1777916173,loop37,0.00,0.00,0.000,0.000,0.00
1777916173,loop38,0.00,0.00,0.000,0.000,0.00
1777916173,loop39,0.00,0.00,0.000,0.000,0.00
1777916173,loop4,0.00,0.00,0.000,0.000,0.00
1777916173,loop40,0.00,0.00,0.000,0.000,0.00
1777916173,loop5,0.00,0.00,0.000,0.000,0.00
1777916173,loop6,0.00,0.00,0.000,0.000,0.00
1777916173,loop7,0.00,0.00,0.000,0.000,0.00
1777916173,loop8,0.00,0.00,0.000,0.000,0.00
1777916173,loop9,0.00,0.00,0.000,0.000,0.00
1777916173,nvme0n1,0.00,0.00,0.000,0.000,0.00
1777916174,loop0,0.00,0.00,0.000,0.000,0.00
1777916174,loop1,0.00,0.00,0.000,0.000,0.00
1777916174,loop10,0.00,0.00,0.000,0.000,0.00
1777916174,loop11,0.00,0.00,0.000,0.000,0.00
1777916174,loop12,0.00,0.00,0.000,0.000,0.00
1777916174,loop13,0.00,0.00,0.000,0.000,0.00
1777916174,loop14,0.00,0.00,0.000,0.000,0.00
1777916174,loop15,0.00,0.00,0.000,0.000,0.00
1777916174,loop16,0.00,0.00,0.000,0.000,0.00
1777916174,loop17,0.00,0.00,0.000,0.000,0.00
1777916174,loop18,0.00,0.00,0.000,0.000,0.00
1777916174,loop19,0.00,0.00,0.000,0.000,0.00
1777916174,loop2,0.00,0.00,0.000,0.000,0.00
1777916174,loop20,0.00,0.00,0.000,0.000,0.00
1777916174,loop21,0.00,0.00,0.000,0.000,0.00
1777916174,loop22,0.00,0.00,0.000,0.000,0.00
1777916174,loop23,0.00,0.00,0.000,0.000,0.00
1777916174,loop24,0.00,0.00,0.000,0.000,0.00
1777916174,loop25,0.00,0.00,0.000,0.000,0.00
1777916174,loop26,0.00,0.00,0.000,0.000,0.00
1777916174,loop27,0.00,0.00,0.000,0.000,0.00
1777916174,loop28,0.00,0.00,0.000,0.000,0.00
1777916174,loop29,0.00,0.00,0.000,0.000,0.00
1777916174,loop3,0.00,0.00,0.000,0.000,0.00
1777916174,loop30,0.00,0.00,0.000,0.000,0.00
1777916174,loop31,0.00,0.00,0.000,0.000,0.00
1777916174,loop32,0.00,0.00,0.000,0.000,0.00
1777916174,loop33,0.00,0.00,0.000,0.000,0.00
1777916174,loop34,0.00,0.00,0.000,0.000,0.00
1777916174,loop35,0.00,0.00,0.000,0.000,0.00
1777916174,loop36,0.00,0.00,0.000,0.000,0.00
1777916174,loop37,0.00,0.00,0.000,0.000,0.00
1777916174,loop38,0.00,0.00,0.000,0.000,0.00
1777916174,loop39,0.00,0.00,0.000,0.000,0.00
1777916174,loop4,0.00,0.00,0.000,0.000,0.00
1777916174,loop40,0.00,0.00,0.000,0.000,0.00
1777916174,loop5,0.00,0.00,0.000,0.000,0.00
1777916174,loop6,0.00,0.00,0.000,0.000,0.00
1777916174,loop7,0.00,0.00,0.000,0.000,0.00
1777916174,loop8,0.00,0.00,0.000,0.000,0.00
1777916174,loop9,0.00,0.00,0.000,0.000,0.00
1777916174,nvme0n1,0.00,0.00,0.000,0.000,0.20
1777916175,loop0,0.00,0.00,0.000,0.000,0.00
1777916175,loop1,0.00,0.00,0.000,0.000,0.00
1777916175,loop10,0.00,0.00,0.000,0.000,0.00
1777916175,loop11,0.00,0.00,0.000,0.000,0.00
1777916175,loop12,0.00,0.00,0.000,0.000,0.00
1777916175,loop13,0.00,0.00,0.000,0.000,0.00
1777916175,loop14,0.00,0.00,0.000,0.000,0.00
1777916175,loop15,0.00,0.00,0.000,0.000,0.00
1777916175,loop16,0.00,0.00,0.000,0.000,0.00
1777916175,loop17,0.00,0.00,0.000,0.000,0.00
1777916175,loop18,0.00,0.00,0.000,0.000,0.00
1777916175,loop19,0.00,0.00,0.000,0.000,0.00
1777916175,loop2,0.00,0.00,0.000,0.000,0.00
1777916175,loop20,0.00,0.00,0.000,0.000,0.00
1777916175,loop21,0.00,0.00,0.000,0.000,0.00
1777916175,loop22,0.00,0.00,0.000,0.000,0.00
1777916175,loop23,0.00,0.00,0.000,0.000,0.00
1777916175,loop24,0.00,0.00,0.000,0.000,0.00
1777916175,loop25,0.00,0.00,0.000,0.000,0.00
1777916175,loop26,0.00,0.00,0.000,0.000,0.00
1777916175,loop27,0.00,0.00,0.000,0.000,0.00
1777916175,loop28,0.00,0.00,0.000,0.000,0.00
1777916175,loop29,0.00,0.00,0.000,0.000,0.00
1777916175,loop3,0.00,0.00,0.000,0.000,0.00
1777916175,loop30,0.00,0.00,0.000,0.000,0.00
1777916175,loop31,0.00,0.00,0.000,0.000,0.00
1777916175,loop32,0.00,0.00,0.000,0.000,0.00
1777916175,loop33,0.00,0.00,0.000,0.000,0.00
1777916175,loop34,0.00,0.00,0.000,0.000,0.00
1777916175,loop35,0.00,0.00,0.000,0.000,0.00
1777916175,loop36,0.00,0.00,0.000,0.000,0.00
1777916175,loop37,0.00,0.00,0.000,0.000,0.00
1777916175,loop38,0.00,0.00,0.000,0.000,0.00
1777916175,loop39,0.00,0.00,0.000,0.000,0.00
1777916175,loop4,0.00,0.00,0.000,0.000,0.00
1777916175,loop40,0.00,0.00,0.000,0.000,0.00
1777916175,loop5,0.00,0.00,0.000,0.000,0.00
1777916175,loop6,0.00,0.00,0.000,0.000,0.00
1777916175,loop7,0.00,0.00,0.000,0.000,0.00
1777916175,loop8,0.00,0.00,0.000,0.000,0.00
1777916175,loop9,0.00,0.00,0.000,0.000,0.00
1777916175,nvme0n1,0.00,0.00,0.000,0.000,0.00
1777916176,loop0,0.00,0.00,0.000,0.000,0.00
1777916176,loop1,0.00,0.00,0.000,0.000,0.00
1777916176,loop10,0.00,0.00,0.000,0.000,0.00
1777916176,loop11,0.00,0.00,0.000,0.000,0.00
1777916176,loop12,0.00,0.00,0.000,0.000,0.00
1777916176,loop13,0.00,0.00,0.000,0.000,0.00
1777916176,loop14,0.00,0.00,0.000,0.000,0.00
1777916176,loop15,0.00,0.00,0.000,0.000,0.00
1777916176,loop16,0.00,0.00,0.000,0.000,0.00
1777916176,loop17,0.00,0.00,0.000,0.000,0.00
1777916176,loop18,0.00,0.00,0.000,0.000,0.00
1777916176,loop19,0.00,0.00,0.000,0.000,0.00
1777916176,loop2,0.00,0.00,0.000,0.000,0.00
1777916176,loop20,0.00,0.00,0.000,0.000,0.00
1777916176,loop21,0.00,0.00,0.000,0.000,0.00
1777916176,loop22,0.00,0.00,0.000,0.000,0.00
1777916176,loop23,0.00,0.00,0.000,0.000,0.00
1777916176,loop24,0.00,0.00,0.000,0.000,0.00
1777916176,loop25,0.00,0.00,0.000,0.000,0.00
1777916176,loop26,0.00,0.00,0.000,0.000,0.00
1777916176,loop27,0.00,0.00,0.000,0.000,0.00
1777916176,loop28,0.00,0.00,0.000,0.000,0.00
1777916176,loop29,0.00,0.00,0.000,0.000,0.00
1777916176,loop3,0.00,0.00,0.000,0.000,0.00
1777916176,loop30,0.00,0.00,0.000,0.000,0.00
1777916176,loop31,0.00,0.00,0.000,0.000,0.00
1777916176,loop32,0.00,0.00,0.000,0.000,0.00
1777916176,loop33,0.00,0.00,0.000,0.000,0.00
1777916176,loop34,0.00,0.00,0.000,0.000,0.00
1777916176,loop35,0.00,0.00,0.000,0.000,0.00
1777916176,loop36,0.00,0.00,0.000,0.000,0.00
1777916176,loop37,0.00,0.00,0.000,0.000,0.00
1777916176,loop38,0.00,0.00,0.000,0.000,0.00
1777916176,loop39,0.00,0.00,0.000,0.000,0.00
1777916176,loop4,0.00,0.00,0.000,0.000,0.00
1777916176,loop40,0.00,0.00,0.000,0.000,0.00
1777916176,loop5,0.00,0.00,0.000,0.000,0.00
1777916176,loop6,0.00,0.00,0.000,0.000,0.00
1777916176,loop7,0.00,0.00,0.000,0.000,0.00
1777916176,loop8,0.00,0.00,0.000,0.000,0.00
1777916176,loop9,0.00,0.00,0.000,0.000,0.00
1777916176,nvme0n1,0.00,0.00,0.000,0.000,6.70
1777916177,loop0,0.00,0.00,0.000,0.000,0.00
1777916177,loop1,0.00,0.00,0.000,0.000,0.00
1777916177,loop10,0.00,0.00,0.000,0.000,0.00
1777916177,loop11,0.00,0.00,0.000,0.000,0.00
1777916177,loop12,0.00,0.00,0.000,0.000,0.00
1777916177,loop13,0.00,0.00,0.000,0.000,0.00
1777916177,loop14,0.00,0.00,0.000,0.000,0.00
1777916177,loop15,0.00,0.00,0.000,0.000,0.00
1777916177,loop16,0.00,0.00,0.000,0.000,0.00
1777916177,loop17,0.00,0.00,0.000,0.000,0.00
1777916177,loop18,0.00,0.00,0.000,0.000,0.00
1777916177,loop19,0.00,0.00,0.000,0.000,0.00
1777916177,loop2,0.00,0.00,0.000,0.000,0.00
1777916177,loop20,0.00,0.00,0.000,0.000,0.00
1777916177,loop21,0.00,0.00,0.000,0.000,0.00
1777916177,loop22,0.00,0.00,0.000,0.000,0.00
1777916177,loop23,0.00,0.00,0.000,0.000,0.00
1777916177,loop24,0.00,0.00,0.000,0.000,0.00
1777916177,loop25,0.00,0.00,0.000,0.000,0.00
1777916177,loop26,0.00,0.00,0.000,0.000,0.00
1777916177,loop27,0.00,0.00,0.000,0.000,0.00
1777916177,loop28,0.00,0.00,0.000,0.000,0.00
1777916177,loop29,0.00,0.00,0.000,0.000,0.00
1777916177,loop3,0.00,0.00,0.000,0.000,0.00
1777916177,loop30,0.00,0.00,0.000,0.000,0.00
1777916177,loop31,0.00,0.00,0.000,0.000,0.00
1777916177,loop32,0.00,0.00,0.000,0.000,0.00
1777916177,loop33,0.00,0.00,0.000,0.000,0.00
1777916177,loop34,0.00,0.00,0.000,0.000,0.00
1777916177,loop35,0.00,0.00,0.000,0.000,0.00
1777916177,loop36,0.00,0.00,0.000,0.000,0.00
1777916177,loop37,0.00,0.00,0.000,0.000,0.00
1777916177,loop38,0.00,0.00,0.000,0.000,0.00
1777916177,loop39,0.00,0.00,0.000,0.000,0.00
1777916177,loop4,0.00,0.00,0.000,0.000,0.00
1777916177,loop40,0.00,0.00,0.000,0.000,0.00
1777916177,loop5,0.00,0.00,0.000,0.000,0.00
1777916177,loop6,0.00,0.00,0.000,0.000,0.00
1777916177,loop7,0.00,0.00,0.000,0.000,0.00
1777916177,loop8,0.00,0.00,0.000,0.000,0.00
1777916177,loop9,0.00,0.00,0.000,0.000,0.00
1777916177,nvme0n1,0.00,0.00,0.000,0.000,0.00
1777916178,loop0,0.00,0.00,0.000,0.000,0.00
1777916178,loop1,0.00,0.00,0.000,0.000,0.00
1777916178,loop10,0.00,0.00,0.000,0.000,0.00
1777916178,loop11,0.00,0.00,0.000,0.000,0.00
1777916178,loop12,0.00,0.00,0.000,0.000,0.00
1777916178,loop13,0.00,0.00,0.000,0.000,0.00
1777916178,loop14,0.00,0.00,0.000,0.000,0.00
1777916178,loop15,0.00,0.00,0.000,0.000,0.00
1777916178,loop16,0.00,0.00,0.000,0.000,0.00
1777916178,loop17,0.00,0.00,0.000,0.000,0.00
1777916178,loop18,0.00,0.00,0.000,0.000,0.00
1777916178,loop19,0.00,0.00,0.000,0.000,0.00
1777916178,loop2,0.00,0.00,0.000,0.000,0.00
1777916178,loop20,0.00,0.00,0.000,0.000,0.00
1777916178,loop21,0.00,0.00,0.000,0.000,0.00
1777916178,loop22,0.00,0.00,0.000,0.000,0.00
1777916178,loop23,0.00,0.00,0.000,0.000,0.00
1777916178,loop24,0.00,0.00,0.000,0.000,0.00
1777916178,loop25,0.00,0.00,0.000,0.000,0.00
1777916178,loop26,0.00,0.00,0.000,0.000,0.00
1777916178,loop27,0.00,0.00,0.000,0.000,0.00
1777916178,loop28,0.00,0.00,0.000,0.000,0.00
1777916178,loop29,0.00,0.00,0.000,0.000,0.00
1777916178,loop3,0.00,0.00,0.000,0.000,0.00
1777916178,loop30,0.00,0.00,0.000,0.000,0.00
1777916178,loop31,0.00,0.00,0.000,0.000,0.00
1777916178,loop32,0.00,0.00,0.000,0.000,0.00
1777916178,loop33,0.00,0.00,0.000,0.000,0.00
1777916178,loop34,0.00,0.00,0.000,0.000,0.00
1777916178,loop35,0.00,0.00,0.000,0.000,0.00
1777916178,loop36,0.00,0.00,0.000,0.000,0.00
1777916178,loop37,0.00,0.00,0.000,0.000,0.00
1777916178,loop38,0.00,0.00,0.000,0.000,0.00
1777916178,loop39,0.00,0.00,0.000,0.000,0.00
1777916178,loop4,0.00,0.00,0.000,0.000,0.00
1777916178,loop40,0.00,0.00,0.000,0.000,0.00
1777916178,loop5,0.00,0.00,0.000,0.000,0.00
1777916178,loop6,0.00,0.00,0.000,0.000,0.00
1777916178,loop7,0.00,0.00,0.000,0.000,0.00
1777916178,loop8,0.00,0.00,0.000,0.000,0.00
1777916178,loop9,0.00,0.00,0.000,0.000,0.00
1777916178,nvme0n1,0.00,0.00,0.000,0.000,0.00
1777916179,loop0,0.00,0.00,0.000,0.000,0.00
1777916179,loop1,0.00,0.00,0.000,0.000,0.00
1777916179,loop10,0.00,0.00,0.000,0.000,0.00
1777916179,loop11,0.00,0.00,0.000,0.000,0.00
1777916179,loop12,0.00,0.00,0.000,0.000,0.00
1777916179,loop13,0.00,0.00,0.000,0.000,0.00
1777916179,loop14,0.00,0.00,0.000,0.000,0.00
1777916179,loop15,0.00,0.00,0.000,0.000,0.00
1777916179,loop16,0.00,0.00,0.000,0.000,0.00
1777916179,loop17,0.00,0.00,0.000,0.000,0.00
1777916179,loop18,0.00,0.00,0.000,0.000,0.00
1777916179,loop19,0.00,0.00,0.000,0.000,0.00
1777916179,loop2,0.00,0.00,0.000,0.000,0.00
1777916179,loop20,0.00,0.00,0.000,0.000,0.00
1777916179,loop21,0.00,0.00,0.000,0.000,0.00
1777916179,loop22,0.00,0.00,0.000,0.000,0.00
1777916179,loop23,0.00,0.00,0.000,0.000,0.00
1777916179,loop24,0.00,0.00,0.000,0.000,0.00
1777916179,loop25,0.00,0.00,0.000,0.000,0.00
1777916179,loop26,0.00,0.00,0.000,0.000,0.00
1777916179,loop27,0.00,0.00,0.000,0.000,0.00
1777916179,loop28,0.00,0.00,0.000,0.000,0.00
1777916179,loop29,0.00,0.00,0.000,0.000,0.00
1777916179,loop3,0.00,0.00,0.000,0.000,0.00
1777916179,loop30,0.00,0.00,0.000,0.000,0.00
1777916179,loop31,0.00,0.00,0.000,0.000,0.00
1777916179,loop32,0.00,0.00,0.000,0.000,0.00
1777916179,loop33,0.00,0.00,0.000,0.000,0.00
1777916179,loop34,0.00,0.00,0.000,0.000,0.00
1777916179,loop35,0.00,0.00,0.000,0.000,0.00
1777916179,loop36,0.00,0.00,0.000,0.000,0.00
1777916179,loop37,0.00,0.00,0.000,0.000,0.00
1777916179,loop38,0.00,0.00,0.000,0.000,0.00
1777916179,loop39,0.00,0.00,0.000,0.000,0.00
1777916179,loop4,0.00,0.00,0.000,0.000,0.00
1777916179,loop40,0.00,0.00,0.000,0.000,0.00
1777916179,loop5,0.00,0.00,0.000,0.000,0.00
1777916179,loop6,0.00,0.00,0.000,0.000,0.00
1777916179,loop7,0.00,0.00,0.000,0.000,0.00
1777916179,loop8,0.00,0.00,0.000,0.000,0.00
1777916179,loop9,0.00,0.00,0.000,0.000,0.00
1777916179,nvme0n1,0.00,0.00,0.000,0.000,0.00
1777916180,loop0,0.00,0.00,0.000,0.000,0.00
1777916180,loop1,0.00,0.00,0.000,0.000,0.00
1777916180,loop10,0.00,0.00,0.000,0.000,0.00
1777916180,loop11,0.00,0.00,0.000,0.000,0.00
1777916180,loop12,0.00,0.00,0.000,0.000,0.00
1777916180,loop13,0.00,0.00,0.000,0.000,0.00
1777916180,loop14,0.00,0.00,0.000,0.000,0.00
1777916180,loop15,0.00,0.00,0.000,0.000,0.00
1777916180,loop16,0.00,0.00,0.000,0.000,0.00
1777916180,loop17,0.00,0.00,0.000,0.000,0.00
1777916180,loop18,0.00,0.00,0.000,0.000,0.00
1777916180,loop19,0.00,0.00,0.000,0.000,0.00
1777916180,loop2,0.00,0.00,0.000,0.000,0.00
1777916180,loop20,0.00,0.00,0.000,0.000,0.00
1777916180,loop21,0.00,0.00,0.000,0.000,0.00
1777916180,loop22,0.00,0.00,0.000,0.000,0.00
1777916180,loop23,0.00,0.00,0.000,0.000,0.00
1777916180,loop24,0.00,0.00,0.000,0.000,0.00
1777916180,loop25,0.00,0.00,0.000,0.000,0.00
1777916180,loop26,0.00,0.00,0.000,0.000,0.00
1777916180,loop27,0.00,0.00,0.000,0.000,0.00
1777916180,loop28,0.00,0.00,0.000,0.000,0.00
1777916180,loop29,0.00,0.00,0.000,0.000,0.00
1777916180,loop3,0.00,0.00,0.000,0.000,0.00
1777916180,loop30,0.00,0.00,0.000,0.000,0.00
1777916180,loop31,0.00,0.00,0.000,0.000,0.00
1777916180,loop32,0.00,0.00,0.000,0.000,0.00
1777916180,loop33,0.00,0.00,0.000,0.000,0.00
1777916180,loop34,0.00,0.00,0.000,0.000,0.00
1777916180,loop35,0.00,0.00,0.000,0.000,0.00
1777916180,loop36,0.00,0.00,0.000,0.000,0.00
1777916180,loop37,0.00,0.00,0.000,0.000,0.00
1777916180,loop38,0.00,0.00,0.000,0.000,0.00
1777916180,loop39,0.00,0.00,0.000,0.000,0.00
1777916180,loop4,0.00,0.00,0.000,0.000,0.00
1777916180,loop40,0.00,0.00,0.000,0.000,0.00
1777916180,loop5,0.00,0.00,0.000,0.000,0.00
1777916180,loop6,0.00,0.00,0.000,0.000,0.00
1777916180,loop7,0.00,0.00,0.000,0.000,0.00
1777916180,loop8,0.00,0.00,0.000,0.000,0.00
1777916180,loop9,0.00,0.00,0.000,0.000,0.00
1777916180,nvme0n1,0.00,0.00,0.000,0.000,0.00
1777916181,loop0,0.00,0.00,0.000,0.000,0.00
1777916181,loop1,0.00,0.00,0.000,0.000,0.00
1777916181,loop10,0.00,0.00,0.000,0.000,0.00
1777916181,loop11,0.00,0.00,0.000,0.000,0.00
1777916181,loop12,0.00,0.00,0.000,0.000,0.00
1777916181,loop13,0.00,0.00,0.000,0.000,0.00
1777916181,loop14,0.00,0.00,0.000,0.000,0.00
1777916181,loop15,0.00,0.00,0.000,0.000,0.00
1777916181,loop16,0.00,0.00,0.000,0.000,0.00
1777916181,loop17,0.00,0.00,0.000,0.000,0.00
1777916181,loop18,0.00,0.00,0.000,0.000,0.00
1777916181,loop19,0.00,0.00,0.000,0.000,0.00
1777916181,loop2,0.00,0.00,0.000,0.000,0.00
1777916181,loop20,0.00,0.00,0.000,0.000,0.00
1777916181,loop21,0.00,0.00,0.000,0.000,0.00
1777916181,loop22,0.00,0.00,0.000,0.000,0.00
1777916181,loop23,0.00,0.00,0.000,0.000,0.00
1777916181,loop24,0.00,0.00,0.000,0.000,0.00
1777916181,loop25,0.00,0.00,0.000,0.000,0.00
1777916181,loop26,0.00,0.00,0.000,0.000,0.00
1777916181,loop27,0.00,0.00,0.000,0.000,0.00
1777916181,loop28,0.00,0.00,0.000,0.000,0.00
1777916181,loop29,0.00,0.00,0.000,0.000,0.00
1777916181,loop3,0.00,0.00,0.000,0.000,0.00
1777916181,loop30,0.00,0.00,0.000,0.000,0.00
1777916181,loop31,0.00,0.00,0.000,0.000,0.00
1777916181,loop32,0.00,0.00,0.000,0.000,0.00
1777916181,loop33,0.00,0.00,0.000,0.000,0.00
1777916181,loop34,0.00,0.00,0.000,0.000,0.00
1777916181,loop35,0.00,0.00,0.000,0.000,0.00
1777916181,loop36,0.00,0.00,0.000,0.000,0.00
1777916181,loop37,0.00,0.00,0.000,0.000,0.00
1777916181,loop38,0.00,0.00,0.000,0.000,0.00
1777916181,loop39,0.00,0.00,0.000,0.000,0.00
1777916181,loop4,0.00,0.00,0.000,0.000,0.00
1777916181,loop40,0.00,0.00,0.000,0.000,0.00
1777916181,loop5,0.00,0.00,0.000,0.000,0.00
1777916181,loop6,0.00,0.00,0.000,0.000,0.00
1777916181,loop7,0.00,0.00,0.000,0.000,0.00
1777916181,loop8,0.00,0.00,0.000,0.000,0.00
1777916181,loop9,0.00,0.00,0.000,0.000,0.00
1777916181,nvme0n1,0.00,0.00,0.000,0.000,0.00
1777916182,loop0,0.00,0.00,0.000,0.000,0.00
1777916182,loop1,0.00,0.00,0.000,0.000,0.00
1777916182,loop10,0.00,0.00,0.000,0.000,0.00
1777916182,loop11,0.00,0.00,0.000,0.000,0.00
1777916182,loop12,0.00,0.00,0.000,0.000,0.00
1777916182,loop13,0.00,0.00,0.000,0.000,0.00
1777916182,loop14,0.00,0.00,0.000,0.000,0.00
1777916182,loop15,0.00,0.00,0.000,0.000,0.00
1777916182,loop16,0.00,0.00,0.000,0.000,0.00
1777916182,loop17,0.00,0.00,0.000,0.000,0.00
1777916182,loop18,0.00,0.00,0.000,0.000,0.00
1777916182,loop19,0.00,0.00,0.000,0.000,0.00
1777916182,loop2,0.00,0.00,0.000,0.000,0.00
1777916182,loop20,0.00,0.00,0.000,0.000,0.00
1777916182,loop21,0.00,0.00,0.000,0.000,0.00
1777916182,loop22,0.00,0.00,0.000,0.000,0.00
1777916182,loop23,0.00,0.00,0.000,0.000,0.00
1777916182,loop24,0.00,0.00,0.000,0.000,0.00
1777916182,loop25,0.00,0.00,0.000,0.000,0.00
1777916182,loop26,0.00,0.00,0.000,0.000,0.00
1777916182,loop27,0.00,0.00,0.000,0.000,0.00
1777916182,loop28,0.00,0.00,0.000,0.000,0.00
1777916182,loop29,0.00,0.00,0.000,0.000,0.00
1777916182,loop3,0.00,0.00,0.000,0.000,0.00
1777916182,loop30,0.00,0.00,0.000,0.000,0.00
1777916182,loop31,0.00,0.00,0.000,0.000,0.00
1777916182,loop32,0.00,0.00,0.000,0.000,0.00
1777916182,loop33,0.00,0.00,0.000,0.000,0.00
1777916182,loop34,0.00,0.00,0.000,0.000,0.00
1777916182,loop35,0.00,0.00,0.000,0.000,0.00
1777916182,loop36,0.00,0.00,0.000,0.000,0.00
1777916182,loop37,0.00,0.00,0.000,0.000,0.00
1777916182,loop38,0.00,0.00,0.000,0.000,0.00
1777916182,loop39,0.00,0.00,0.000,0.000,0.00
1777916182,loop4,0.00,0.00,0.000,0.000,0.00
1777916182,loop40,0.00,0.00,0.000,0.000,0.00
1777916182,loop5,0.00,0.00,0.000,0.000,0.00
1777916182,loop6,0.00,0.00,0.000,0.000,0.00
1777916182,loop7,0.00,0.00,0.000,0.000,0.00
1777916182,loop8,0.00,0.00,0.000,0.000,0.00
1777916182,loop9,0.00,0.00,0.000,0.000,0.00
1777916182,nvme0n1,0.00,0.00,0.000,0.000,5.90
1777916183,loop0,0.00,0.00,0.000,0.000,0.00
1777916183,loop1,0.00,0.00,0.000,0.000,0.00
1777916183,loop10,0.00,0.00,0.000,0.000,0.00
1777916183,loop11,0.00,0.00,0.000,0.000,0.00
1777916183,loop12,0.00,0.00,0.000,0.000,0.00
1777916183,loop13,0.00,0.00,0.000,0.000,0.00
1777916183,loop14,0.00,0.00,0.000,0.000,0.00
1777916183,loop15,0.00,0.00,0.000,0.000,0.00
1777916183,loop16,0.00,0.00,0.000,0.000,0.00
1777916183,loop17,0.00,0.00,0.000,0.000,0.00
1777916183,loop18,0.00,0.00,0.000,0.000,0.00
1777916183,loop19,0.00,0.00,0.000,0.000,0.00
1777916183,loop2,0.00,0.00,0.000,0.000,0.00
1777916183,loop20,0.00,0.00,0.000,0.000,0.00
1777916183,loop21,0.00,0.00,0.000,0.000,0.00
1777916183,loop22,0.00,0.00,0.000,0.000,0.00
1777916183,loop23,0.00,0.00,0.000,0.000,0.00
1777916183,loop24,0.00,0.00,0.000,0.000,0.00
1777916183,loop25,0.00,0.00,0.000,0.000,0.00
1777916183,loop26,0.00,0.00,0.000,0.000,0.00
1777916183,loop27,0.00,0.00,0.000,0.000,0.00
1777916183,loop28,0.00,0.00,0.000,0.000,0.00
1777916183,loop29,0.00,0.00,0.000,0.000,0.00
1777916183,loop3,0.00,0.00,0.000,0.000,0.00
1777916183,loop30,0.00,0.00,0.000,0.000,0.00
1777916183,loop31,0.00,0.00,0.000,0.000,0.00
1777916183,loop32,0.00,0.00,0.000,0.000,0.00
1777916183,loop33,0.00,0.00,0.000,0.000,0.00
1777916183,loop34,0.00,0.00,0.000,0.000,0.00
1777916183,loop35,0.00,0.00,0.000,0.000,0.00
1777916183,loop36,0.00,0.00,0.000,0.000,0.00
1777916183,loop37,0.00,0.00,0.000,0.000,0.00
1777916183,loop38,0.00,0.00,0.000,0.000,0.00
1777916183,loop39,0.00,0.00,0.000,0.000,0.00
1777916183,loop4,0.00,0.00,0.000,0.000,0.00
1777916183,loop40,0.00,0.00,0.000,0.000,0.00
1777916183,loop5,0.00,0.00,0.000,0.000,0.00
1777916183,loop6,0.00,0.00,0.000,0.000,0.00
1777916183,loop7,0.00,0.00,0.000,0.000,0.00
1777916183,loop8,0.00,0.00,0.000,0.000,0.00
1777916183,loop9,0.00,0.00,0.000,0.000,0.00
1777916183,nvme0n1,0.00,0.00,0.000,0.000,0.60
1777916184,loop0,0.00,0.00,0.000,0.000,0.00
1777916184,loop1,0.00,0.00,0.000,0.000,0.00
1777916184,loop10,0.00,0.00,0.000,0.000,0.00
1777916184,loop11,0.00,0.00,0.000,0.000,0.00
1777916184,loop12,0.00,0.00,0.000,0.000,0.00
1777916184,loop13,0.00,0.00,0.000,0.000,0.00
1777916184,loop14,0.00,0.00,0.000,0.000,0.00
1777916184,loop15,0.00,0.00,0.000,0.000,0.00
1777916184,loop16,0.00,0.00,0.000,0.000,0.00
1777916184,loop17,0.00,0.00,0.000,0.000,0.00
1777916184,loop18,0.00,0.00,0.000,0.000,0.00
1777916184,loop19,0.00,0.00,0.000,0.000,0.00
1777916184,loop2,0.00,0.00,0.000,0.000,0.00
1777916184,loop20,0.00,0.00,0.000,0.000,0.00
1777916184,loop21,0.00,0.00,0.000,0.000,0.00
1777916184,loop22,0.00,0.00,0.000,0.000,0.00
1777916184,loop23,0.00,0.00,0.000,0.000,0.00
1777916184,loop24,0.00,0.00,0.000,0.000,0.00
1777916184,loop25,0.00,0.00,0.000,0.000,0.00
1777916184,loop26,0.00,0.00,0.000,0.000,0.00
1777916184,loop27,0.00,0.00,0.000,0.000,0.00
1777916184,loop28,0.00,0.00,0.000,0.000,0.00
1777916184,loop29,0.00,0.00,0.000,0.000,0.00
1777916184,loop3,0.00,0.00,0.000,0.000,0.00
1777916184,loop30,0.00,0.00,0.000,0.000,0.00
1777916184,loop31,0.00,0.00,0.000,0.000,0.00
1777916184,loop32,0.00,0.00,0.000,0.000,0.00
1777916184,loop33,0.00,0.00,0.000,0.000,0.00
1777916184,loop34,0.00,0.00,0.000,0.000,0.00
1777916184,loop35,0.00,0.00,0.000,0.000,0.00
1777916184,loop36,0.00,0.00,0.000,0.000,0.00
1777916184,loop37,0.00,0.00,0.000,0.000,0.00
1777916184,loop38,0.00,0.00,0.000,0.000,0.00
1777916184,loop39,0.00,0.00,0.000,0.000,0.00
1777916184,loop4,0.00,0.00,0.000,0.000,0.00
1777916184,loop40,0.00,0.00,0.000,0.000,0.00
1777916184,loop5,0.00,0.00,0.000,0.000,0.00
1777916184,loop6,0.00,0.00,0.000,0.000,0.00
1777916184,loop7,0.00,0.00,0.000,0.000,0.00
1777916184,loop8,0.00,0.00,0.000,0.000,0.00
1777916184,loop9,0.00,0.00,0.000,0.000,0.00
1777916184,nvme0n1,0.00,0.00,0.000,0.000,0.00
1777916185,loop0,0.00,0.00,0.000,0.000,0.00
1777916185,loop1,0.00,0.00,0.000,0.000,0.00
1777916185,loop10,0.00,0.00,0.000,0.000,0.00
1777916185,loop11,0.00,0.00,0.000,0.000,0.00
1777916185,loop12,0.00,0.00,0.000,0.000,0.00
1777916185,loop13,0.00,0.00,0.000,0.000,0.00
1777916185,loop14,0.00,0.00,0.000,0.000,0.00
1777916185,loop15,0.00,0.00,0.000,0.000,0.00
1777916185,loop16,0.00,0.00,0.000,0.000,0.00
1777916185,loop17,0.00,0.00,0.000,0.000,0.00
1777916185,loop18,0.00,0.00,0.000,0.000,0.00
1777916185,loop19,0.00,0.00,0.000,0.000,0.00
1777916185,loop2,0.00,0.00,0.000,0.000,0.00
1777916185,loop20,0.00,0.00,0.000,0.000,0.00
1777916185,loop21,0.00,0.00,0.000,0.000,0.00
1777916185,loop22,0.00,0.00,0.000,0.000,0.00
1777916185,loop23,0.00,0.00,0.000,0.000,0.00
1777916185,loop24,0.00,0.00,0.000,0.000,0.00
1777916185,loop25,0.00,0.00,0.000,0.000,0.00
1777916185,loop26,0.00,0.00,0.000,0.000,0.00
1777916185,loop27,0.00,0.00,0.000,0.000,0.00
1777916185,loop28,0.00,0.00,0.000,0.000,0.00
1777916185,loop29,0.00,0.00,0.000,0.000,0.00
1777916185,loop3,0.00,0.00,0.000,0.000,0.00
1777916185,loop30,0.00,0.00,0.000,0.000,0.00
1777916185,loop31,0.00,0.00,0.000,0.000,0.00
1777916185,loop32,0.00,0.00,0.000,0.000,0.00
1777916185,loop33,0.00,0.00,0.000,0.000,0.00
1777916185,loop34,0.00,0.00,0.000,0.000,0.00
1777916185,loop35,0.00,0.00,0.000,0.000,0.00
1777916185,loop36,0.00,0.00,0.000,0.000,0.00
1777916185,loop37,0.00,0.00,0.000,0.000,0.00
1777916185,loop38,0.00,0.00,0.000,0.000,0.00
1777916185,loop39,0.00,0.00,0.000,0.000,0.00
1777916185,loop4,0.00,0.00,0.000,0.000,0.00
1777916185,loop40,0.00,0.00,0.000,0.000,0.00
1777916185,loop5,0.00,0.00,0.000,0.000,0.00
1777916185,loop6,0.00,0.00,0.000,0.000,0.00
1777916185,loop7,0.00,0.00,0.000,0.000,0.00
1777916185,loop8,0.00,0.00,0.000,0.000,0.00
1777916185,loop9,0.00,0.00,0.000,0.000,0.00
1777916185,nvme0n1,0.00,0.00,0.000,0.000,0.00
1777916186,loop0,0.00,0.00,0.000,0.000,0.00
1777916186,loop1,0.00,0.00,0.000,0.000,0.00
1777916186,loop10,0.00,0.00,0.000,0.000,0.00
1777916186,loop11,0.00,0.00,0.000,0.000,0.00
1777916186,loop12,0.00,0.00,0.000,0.000,0.00
1777916186,loop13,0.00,0.00,0.000,0.000,0.00
1777916186,loop14,0.00,0.00,0.000,0.000,0.00
1777916186,loop15,0.00,0.00,0.000,0.000,0.00
1777916186,loop16,0.00,0.00,0.000,0.000,0.00
1777916186,loop17,0.00,0.00,0.000,0.000,0.00
1777916186,loop18,0.00,0.00,0.000,0.000,0.00
1777916186,loop19,0.00,0.00,0.000,0.000,0.00
1777916186,loop2,0.00,0.00,0.000,0.000,0.00
1777916186,loop20,0.00,0.00,0.000,0.000,0.00
1777916186,loop21,0.00,0.00,0.000,0.000,0.00
1777916186,loop22,0.00,0.00,0.000,0.000,0.00
1777916186,loop23,0.00,0.00,0.000,0.000,0.00
1777916186,loop24,0.00,0.00,0.000,0.000,0.00
1777916186,loop25,0.00,0.00,0.000,0.000,0.00
1777916186,loop26,0.00,0.00,0.000,0.000,0.00
1777916186,loop27,0.00,0.00,0.000,0.000,0.00
1777916186,loop28,0.00,0.00,0.000,0.000,0.00
1777916186,loop29,0.00,0.00,0.000,0.000,0.00
1777916186,loop3,0.00,0.00,0.000,0.000,0.00
1777916186,loop30,0.00,0.00,0.000,0.000,0.00
1777916186,loop31,0.00,0.00,0.000,0.000,0.00
1777916186,loop32,0.00,0.00,0.000,0.000,0.00
1777916186,loop33,0.00,0.00,0.000,0.000,0.00
1777916186,loop34,0.00,0.00,0.000,0.000,0.00
1777916186,loop35,0.00,0.00,0.000,0.000,0.00
1777916186,loop36,0.00,0.00,0.000,0.000,0.00
1777916186,loop37,0.00,0.00,0.000,0.000,0.00
1777916186,loop38,0.00,0.00,0.000,0.000,0.00
1777916186,loop39,0.00,0.00,0.000,0.000,0.00
1777916186,loop4,0.00,0.00,0.000,0.000,0.00
1777916186,loop40,0.00,0.00,0.000,0.000,0.00
1777916186,loop5,0.00,0.00,0.000,0.000,0.00
1777916186,loop6,0.00,0.00,0.000,0.000,0.00
1777916186,loop7,0.00,0.00,0.000,0.000,0.00
1777916186,loop8,0.00,0.00,0.000,0.000,0.00
1777916186,loop9,0.00,0.00,0.000,0.000,0.00
1777916186,nvme0n1,0.00,0.00,0.000,0.000,2.00
1777916187,loop0,0.00,0.00,0.000,0.000,0.00
1777916187,loop1,0.00,0.00,0.000,0.000,0.00
1777916187,loop10,0.00,0.00,0.000,0.000,0.00
1777916187,loop11,0.00,0.00,0.000,0.000,0.00
1777916187,loop12,0.00,0.00,0.000,0.000,0.00
1777916187,loop13,0.00,0.00,0.000,0.000,0.00
1777916187,loop14,0.00,0.00,0.000,0.000,0.00
1777916187,loop15,0.00,0.00,0.000,0.000,0.00
1777916187,loop16,0.00,0.00,0.000,0.000,0.00
1777916187,loop17,0.00,0.00,0.000,0.000,0.00
1777916187,loop18,0.00,0.00,0.000,0.000,0.00
1777916187,loop19,0.00,0.00,0.000,0.000,0.00
1777916187,loop2,0.00,0.00,0.000,0.000,0.00
1777916187,loop20,0.00,0.00,0.000,0.000,0.00
1777916187,loop21,0.00,0.00,0.000,0.000,0.00
1777916187,loop22,0.00,0.00,0.000,0.000,0.00
1777916187,loop23,0.00,0.00,0.000,0.000,0.00
1777916187,loop24,0.00,0.00,0.000,0.000,0.00
1777916187,loop25,0.00,0.00,0.000,0.000,0.00
1777916187,loop26,0.00,0.00,0.000,0.000,0.00
1777916187,loop27,0.00,0.00,0.000,0.000,0.00
1777916187,loop28,0.00,0.00,0.000,0.000,0.00
1777916187,loop29,0.00,0.00,0.000,0.000,0.00
1777916187,loop3,0.00,0.00,0.000,0.000,0.00
1777916187,loop30,0.00,0.00,0.000,0.000,0.00
1777916187,loop31,0.00,0.00,0.000,0.000,0.00
1777916187,loop32,0.00,0.00,0.000,0.000,0.00
1777916187,loop33,0.00,0.00,0.000,0.000,0.00
1777916187,loop34,0.00,0.00,0.000,0.000,0.00
1777916187,loop35,0.00,0.00,0.000,0.000,0.00
1777916187,loop36,0.00,0.00,0.000,0.000,0.00
1777916187,loop37,0.00,0.00,0.000,0.000,0.00
1777916187,loop38,1.00,55.00,0.000,0.000,0.10
1777916187,loop39,0.00,0.00,0.000,0.000,0.00
1777916187,loop4,0.00,0.00,0.000,0.000,0.00
1777916187,loop40,0.00,0.00,0.000,0.000,0.00
1777916187,loop5,0.00,0.00,0.000,0.000,0.00
1777916187,loop6,0.00,0.00,0.000,0.000,0.00
1777916187,loop7,0.00,0.00,0.000,0.000,0.00
1777916187,loop8,0.00,0.00,0.000,0.000,0.00
1777916187,loop9,0.00,0.00,0.000,0.000,0.00
1777916187,nvme0n1,1.00,56.00,0.000,0.000,0.30
1777916188,loop0,0.00,0.00,0.000,0.000,0.00
1777916188,loop1,0.00,0.00,0.000,0.000,0.00
1777916188,loop10,0.00,0.00,0.000,0.000,0.00
1777916188,loop11,0.00,0.00,0.000,0.000,0.00
1777916188,loop12,0.00,0.00,0.000,0.000,0.00
1777916188,loop13,0.00,0.00,0.000,0.000,0.00
1777916188,loop14,0.00,0.00,0.000,0.000,0.00
1777916188,loop15,0.00,0.00,0.000,0.000,0.00
1777916188,loop16,0.00,0.00,0.000,0.000,0.00
1777916188,loop17,0.00,0.00,0.000,0.000,0.00
1777916188,loop18,0.00,0.00,0.000,0.000,0.00
1777916188,loop19,0.00,0.00,0.000,0.000,0.00
1777916188,loop2,0.00,0.00,0.000,0.000,0.00
1777916188,loop20,0.00,0.00,0.000,0.000,0.00
1777916188,loop21,0.00,0.00,0.000,0.000,0.00
1777916188,loop22,0.00,0.00,0.000,0.000,0.00
1777916188,loop23,0.00,0.00,0.000,0.000,0.00
1777916188,loop24,0.00,0.00,0.000,0.000,0.00
1777916188,loop25,0.00,0.00,0.000,0.000,0.00
1777916188,loop26,0.00,0.00,0.000,0.000,0.00
1777916188,loop27,0.00,0.00,0.000,0.000,0.00
1777916188,loop28,0.00,0.00,0.000,0.000,0.00
1777916188,loop29,0.00,0.00,0.000,0.000,0.00
1777916188,loop3,0.00,0.00,0.000,0.000,0.00
1777916188,loop30,0.00,0.00,0.000,0.000,0.00
1777916188,loop31,0.00,0.00,0.000,0.000,0.00
1777916188,loop32,0.00,0.00,0.000,0.000,0.00
1777916188,loop33,0.00,0.00,0.000,0.000,0.00
1777916188,loop34,0.00,0.00,0.000,0.000,0.00
1777916188,loop35,0.00,0.00,0.000,0.000,0.00
1777916188,loop36,0.00,0.00,0.000,0.000,0.00
1777916188,loop37,0.00,0.00,0.000,0.000,0.00
1777916188,loop38,0.00,0.00,0.000,0.000,0.00
1777916188,loop39,0.00,0.00,0.000,0.000,0.00
1777916188,loop4,0.00,0.00,0.000,0.000,0.00
1777916188,loop40,0.00,0.00,0.000,0.000,0.00
1777916188,loop5,0.00,0.00,0.000,0.000,0.00
1777916188,loop6,0.00,0.00,0.000,0.000,0.00
1777916188,loop7,0.00,0.00,0.000,0.000,0.00
1777916188,loop8,0.00,0.00,0.000,0.000,0.00
1777916188,loop9,0.00,0.00,0.000,0.000,0.00
1777916188,nvme0n1,0.00,0.00,0.000,0.000,0.40
1777916189,loop0,0.00,0.00,0.000,0.000,0.00
1777916189,loop1,0.00,0.00,0.000,0.000,0.00
1777916189,loop10,0.00,0.00,0.000,0.000,0.00
1777916189,loop11,0.00,0.00,0.000,0.000,0.00
1777916189,loop12,0.00,0.00,0.000,0.000,0.00
1777916189,loop13,0.00,0.00,0.000,0.000,0.00
1777916189,loop14,0.00,0.00,0.000,0.000,0.00
1777916189,loop15,0.00,0.00,0.000,0.000,0.00
1777916189,loop16,0.00,0.00,0.000,0.000,0.00
1777916189,loop17,0.00,0.00,0.000,0.000,0.00
1777916189,loop18,0.00,0.00,0.000,0.000,0.00
1777916189,loop19,0.00,0.00,0.000,0.000,0.00
1777916189,loop2,0.00,0.00,0.000,0.000,0.00
1777916189,loop20,0.00,0.00,0.000,0.000,0.00
1777916189,loop21,0.00,0.00,0.000,0.000,0.00
1777916189,loop22,0.00,0.00,0.000,0.000,0.00
1777916189,loop23,0.00,0.00,0.000,0.000,0.00
1777916189,loop24,0.00,0.00,0.000,0.000,0.00
1777916189,loop25,0.00,0.00,0.000,0.000,0.00
1777916189,loop26,0.00,0.00,0.000,0.000,0.00
1777916189,loop27,0.00,0.00,0.000,0.000,0.00
1777916189,loop28,0.00,0.00,0.000,0.000,0.00
1777916189,loop29,0.00,0.00,0.000,0.000,0.00
1777916189,loop3,0.00,0.00,0.000,0.000,0.00
1777916189,loop30,0.00,0.00,0.000,0.000,0.00
1777916189,loop31,0.00,0.00,0.000,0.000,0.00
1777916189,loop32,0.00,0.00,0.000,0.000,0.00
1777916189,loop33,0.00,0.00,0.000,0.000,0.00
1777916189,loop34,0.00,0.00,0.000,0.000,0.00
1777916189,loop35,0.00,0.00,0.000,0.000,0.00
1777916189,loop36,0.00,0.00,0.000,0.000,0.00
1777916189,loop37,0.00,0.00,0.000,0.000,0.00
1777916189,loop38,0.00,0.00,0.000,0.000,0.00
1777916189,loop39,0.00,0.00,0.000,0.000,0.00
1777916189,loop4,0.00,0.00,0.000,0.000,0.00
1777916189,loop40,0.00,0.00,0.000,0.000,0.00
1777916189,loop5,0.00,0.00,0.000,0.000,0.00
1777916189,loop6,0.00,0.00,0.000,0.000,0.00
1777916189,loop7,0.00,0.00,0.000,0.000,0.00
1777916189,loop8,0.00,0.00,0.000,0.000,0.00
1777916189,loop9,0.00,0.00,0.000,0.000,0.00
1777916189,nvme0n1,0.00,0.00,0.000,0.000,0.00
1777916190,loop0,0.00,0.00,0.000,0.000,0.00
1777916190,loop1,0.00,0.00,0.000,0.000,0.00
1777916190,loop10,0.00,0.00,0.000,0.000,0.00
1777916190,loop11,0.00,0.00,0.000,0.000,0.00
1777916190,loop12,0.00,0.00,0.000,0.000,0.00
1777916190,loop13,0.00,0.00,0.000,0.000,0.00
1777916190,loop14,0.00,0.00,0.000,0.000,0.00
1777916190,loop15,0.00,0.00,0.000,0.000,0.00
1777916190,loop16,0.00,0.00,0.000,0.000,0.00
1777916190,loop17,0.00,0.00,0.000,0.000,0.00
1777916190,loop18,0.00,0.00,0.000,0.000,0.00
1777916190,loop19,0.00,0.00,0.000,0.000,0.00
1777916190,loop2,0.00,0.00,0.000,0.000,0.00
1777916190,loop20,0.00,0.00,0.000,0.000,0.00
1777916190,loop21,0.00,0.00,0.000,0.000,0.00
1777916190,loop22,0.00,0.00,0.000,0.000,0.00
1777916190,loop23,0.00,0.00,0.000,0.000,0.00
1777916190,loop24,0.00,0.00,0.000,0.000,0.00
1777916190,loop25,0.00,0.00,0.000,0.000,0.00
1777916190,loop26,0.00,0.00,0.000,0.000,0.00
1777916190,loop27,0.00,0.00,0.000,0.000,0.00
1777916190,loop28,0.00,0.00,0.000,0.000,0.00
1777916190,loop29,0.00,0.00,0.000,0.000,0.00
1777916190,loop3,0.00,0.00,0.000,0.000,0.00
1777916190,loop30,0.00,0.00,0.000,0.000,0.00
1777916190,loop31,0.00,0.00,0.000,0.000,0.00
1777916190,loop32,0.00,0.00,0.000,0.000,0.00
1777916190,loop33,0.00,0.00,0.000,0.000,0.00
1777916190,loop34,0.00,0.00,0.000,0.000,0.00
1777916190,loop35,0.00,0.00,0.000,0.000,0.00
1777916190,loop36,0.00,0.00,0.000,0.000,0.00
1777916190,loop37,0.00,0.00,0.000,0.000,0.00
1777916190,loop38,0.00,0.00,0.000,0.000,0.00
1777916190,loop39,0.00,0.00,0.000,0.000,0.00
1777916190,loop4,0.00,0.00,0.000,0.000,0.00
1777916190,loop40,0.00,0.00,0.000,0.000,0.00
1777916190,loop5,0.00,0.00,0.000,0.000,0.00
1777916190,loop6,0.00,0.00,0.000,0.000,0.00
1777916190,loop7,0.00,0.00,0.000,0.000,0.00
1777916190,loop8,0.00,0.00,0.000,0.000,0.00
1777916190,loop9,0.00,0.00,0.000,0.000,0.00
1777916190,nvme0n1,0.00,0.00,0.000,0.000,0.00
1777916191,loop0,0.00,0.00,0.000,0.000,0.00
1777916191,loop1,0.00,0.00,0.000,0.000,0.00
1777916191,loop10,0.00,0.00,0.000,0.000,0.00
1777916191,loop11,0.00,0.00,0.000,0.000,0.00
1777916191,loop12,0.00,0.00,0.000,0.000,0.00
1777916191,loop13,0.00,0.00,0.000,0.000,0.00
1777916191,loop14,0.00,0.00,0.000,0.000,0.00
1777916191,loop15,0.00,0.00,0.000,0.000,0.00
1777916191,loop16,0.00,0.00,0.000,0.000,0.00
1777916191,loop17,0.00,0.00,0.000,0.000,0.00
1777916191,loop18,0.00,0.00,0.000,0.000,0.00
1777916191,loop19,0.00,0.00,0.000,0.000,0.00
1777916191,loop2,0.00,0.00,0.000,0.000,0.00
1777916191,loop20,0.00,0.00,0.000,0.000,0.00
1777916191,loop21,0.00,0.00,0.000,0.000,0.00
1777916191,loop22,0.00,0.00,0.000,0.000,0.00
1777916191,loop23,0.00,0.00,0.000,0.000,0.00
1777916191,loop24,0.00,0.00,0.000,0.000,0.00
1777916191,loop25,0.00,0.00,0.000,0.000,0.00
1777916191,loop26,0.00,0.00,0.000,0.000,0.00
1777916191,loop27,0.00,0.00,0.000,0.000,0.00
1777916191,loop28,0.00,0.00,0.000,0.000,0.00
1777916191,loop29,0.00,0.00,0.000,0.000,0.00
1777916191,loop3,0.00,0.00,0.000,0.000,0.00
1777916191,loop30,0.00,0.00,0.000,0.000,0.00
1777916191,loop31,0.00,0.00,0.000,0.000,0.00
1777916191,loop32,0.00,0.00,0.000,0.000,0.00
1777916191,loop33,0.00,0.00,0.000,0.000,0.00
1777916191,loop34,0.00,0.00,0.000,0.000,0.00
1777916191,loop35,0.00,0.00,0.000,0.000,0.00
1777916191,loop36,0.00,0.00,0.000,0.000,0.00
1777916191,loop37,0.00,0.00,0.000,0.000,0.00
1777916191,loop38,0.00,0.00,0.000,0.000,0.00
1777916191,loop39,0.00,0.00,0.000,0.000,0.00
1777916191,loop4,0.00,0.00,0.000,0.000,0.00
1777916191,loop40,0.00,0.00,0.000,0.000,0.00
1777916191,loop5,0.00,0.00,0.000,0.000,0.00
1777916191,loop6,0.00,0.00,0.000,0.000,0.00
1777916191,loop7,0.00,0.00,0.000,0.000,0.00
1777916191,loop8,0.00,0.00,0.000,0.000,0.00
1777916191,loop9,0.00,0.00,0.000,0.000,0.00
1777916191,nvme0n1,0.00,0.00,0.000,0.000,0.00
1777916192,loop0,0.00,0.00,0.000,0.000,0.00
1777916192,loop1,0.00,0.00,0.000,0.000,0.00
1777916192,loop10,0.00,0.00,0.000,0.000,0.00
1777916192,loop11,0.00,0.00,0.000,0.000,0.00
1777916192,loop12,0.00,0.00,0.000,0.000,0.00
1777916192,loop13,0.00,0.00,0.000,0.000,0.00
1777916192,loop14,0.00,0.00,0.000,0.000,0.00
1777916192,loop15,0.00,0.00,0.000,0.000,0.00
1777916192,loop16,0.00,0.00,0.000,0.000,0.00
1777916192,loop17,0.00,0.00,0.000,0.000,0.00
1777916192,loop18,0.00,0.00,0.000,0.000,0.00
1777916192,loop19,0.00,0.00,0.000,0.000,0.00
1777916192,loop2,0.00,0.00,0.000,0.000,0.00
1777916192,loop20,0.00,0.00,0.000,0.000,0.00
1777916192,loop21,0.00,0.00,0.000,0.000,0.00
1777916192,loop22,0.00,0.00,0.000,0.000,0.00
1777916192,loop23,0.00,0.00,0.000,0.000,0.00
1777916192,loop24,0.00,0.00,0.000,0.000,0.00
1777916192,loop25,0.00,0.00,0.000,0.000,0.00
1777916192,loop26,0.00,0.00,0.000,0.000,0.00
1777916192,loop27,0.00,0.00,0.000,0.000,0.00
1777916192,loop28,0.00,0.00,0.000,0.000,0.00
1777916192,loop29,0.00,0.00,0.000,0.000,0.00
1777916192,loop3,0.00,0.00,0.000,0.000,0.00
1777916192,loop30,0.00,0.00,0.000,0.000,0.00
1777916192,loop31,0.00,0.00,0.000,0.000,0.00
1777916192,loop32,0.00,0.00,0.000,0.000,0.00
1777916192,loop33,0.00,0.00,0.000,0.000,0.00
1777916192,loop34,0.00,0.00,0.000,0.000,0.00
1777916192,loop35,0.00,0.00,0.000,0.000,0.00
1777916192,loop36,0.00,0.00,0.000,0.000,0.00
1777916192,loop37,0.00,0.00,0.000,0.000,0.00
1777916192,loop38,0.00,0.00,0.000,0.000,0.00
1777916192,loop39,0.00,0.00,0.000,0.000,0.00
1777916192,loop4,0.00,0.00,0.000,0.000,0.00
1777916192,loop40,0.00,0.00,0.000,0.000,0.00
1777916192,loop5,0.00,0.00,0.000,0.000,0.00
1777916192,loop6,0.00,0.00,0.000,0.000,0.00
1777916192,loop7,0.00,0.00,0.000,0.000,0.00
1777916192,loop8,0.00,0.00,0.000,0.000,0.00
1777916192,loop9,0.00,0.00,0.000,0.000,0.00
1777916192,nvme0n1,0.00,0.00,0.000,0.000,0.00
1777916193,loop0,0.00,0.00,0.000,0.000,0.00
1777916193,loop1,0.00,0.00,0.000,0.000,0.00
1777916193,loop10,0.00,0.00,0.000,0.000,0.00
1777916193,loop11,0.00,0.00,0.000,0.000,0.00
1777916193,loop12,0.00,0.00,0.000,0.000,0.00
1777916193,loop13,0.00,0.00,0.000,0.000,0.00
1777916193,loop14,0.00,0.00,0.000,0.000,0.00
1777916193,loop15,0.00,0.00,0.000,0.000,0.00
1777916193,loop16,0.00,0.00,0.000,0.000,0.00
1777916193,loop17,0.00,0.00,0.000,0.000,0.00
1777916193,loop18,0.00,0.00,0.000,0.000,0.00
1777916193,loop19,0.00,0.00,0.000,0.000,0.00
1777916193,loop2,0.00,0.00,0.000,0.000,0.00
1777916193,loop20,0.00,0.00,0.000,0.000,0.00
1777916193,loop21,0.00,0.00,0.000,0.000,0.00
1777916193,loop22,0.00,0.00,0.000,0.000,0.00
1777916193,loop23,0.00,0.00,0.000,0.000,0.00
1777916193,loop24,0.00,0.00,0.000,0.000,0.00
1777916193,loop25,0.00,0.00,0.000,0.000,0.00
1777916193,loop26,0.00,0.00,0.000,0.000,0.00
1777916193,loop27,0.00,0.00,0.000,0.000,0.00
1777916193,loop28,0.00,0.00,0.000,0.000,0.00
1777916193,loop29,0.00,0.00,0.000,0.000,0.00
1777916193,loop3,0.00,0.00,0.000,0.000,0.00
1777916193,loop30,0.00,0.00,0.000,0.000,0.00
1777916193,loop31,0.00,0.00,0.000,0.000,0.00
1777916193,loop32,0.00,0.00,0.000,0.000,0.00
1777916193,loop33,0.00,0.00,0.000,0.000,0.00
1777916193,loop34,0.00,0.00,0.000,0.000,0.00
1777916193,loop35,0.00,0.00,0.000,0.000,0.00
1777916193,loop36,0.00,0.00,0.000,0.000,0.00
1777916193,loop37,0.00,0.00,0.000,0.000,0.00
1777916193,loop38,0.00,0.00,0.000,0.000,0.00
1777916193,loop39,0.00,0.00,0.000,0.000,0.00
1777916193,loop4,0.00,0.00,0.000,0.000,0.00
1777916193,loop40,0.00,0.00,0.000,0.000,0.00
1777916193,loop5,0.00,0.00,0.000,0.000,0.00
1777916193,loop6,0.00,0.00,0.000,0.000,0.00
1777916193,loop7,0.00,0.00,0.000,0.000,0.00
1777916193,loop8,0.00,0.00,0.000,0.000,0.00
1777916193,loop9,0.00,0.00,0.000,0.000,0.00
1777916193,nvme0n1,0.00,0.00,0.000,0.000,6.90
1777916194,loop0,0.00,0.00,0.000,0.000,0.00
1777916194,loop1,0.00,0.00,0.000,0.000,0.00
1777916194,loop10,0.00,0.00,0.000,0.000,0.00
1777916194,loop11,0.00,0.00,0.000,0.000,0.00
1777916194,loop12,0.00,0.00,0.000,0.000,0.00
1777916194,loop13,0.00,0.00,0.000,0.000,0.00
1777916194,loop14,0.00,0.00,0.000,0.000,0.00
1777916194,loop15,0.00,0.00,0.000,0.000,0.00
1777916194,loop16,0.00,0.00,0.000,0.000,0.00
1777916194,loop17,0.00,0.00,0.000,0.000,0.00
1777916194,loop18,0.00,0.00,0.000,0.000,0.00
1777916194,loop19,0.00,0.00,0.000,0.000,0.00
1777916194,loop2,0.00,0.00,0.000,0.000,0.00
1777916194,loop20,0.00,0.00,0.000,0.000,0.00
1777916194,loop21,0.00,0.00,0.000,0.000,0.00
1777916194,loop22,0.00,0.00,0.000,0.000,0.00
1777916194,loop23,0.00,0.00,0.000,0.000,0.00
1777916194,loop24,0.00,0.00,0.000,0.000,0.00
1777916194,loop25,0.00,0.00,0.000,0.000,0.00
1777916194,loop26,0.00,0.00,0.000,0.000,0.00
1777916194,loop27,0.00,0.00,0.000,0.000,0.00
1777916194,loop28,0.00,0.00,0.000,0.000,0.00
1777916194,loop29,0.00,0.00,0.000,0.000,0.00
1777916194,loop3,0.00,0.00,0.000,0.000,0.00
1777916194,loop30,0.00,0.00,0.000,0.000,0.00
1777916194,loop31,0.00,0.00,0.000,0.000,0.00
1777916194,loop32,0.00,0.00,0.000,0.000,0.00
1777916194,loop33,0.00,0.00,0.000,0.000,0.00
1777916194,loop34,0.00,0.00,0.000,0.000,0.00
1777916194,loop35,0.00,0.00,0.000,0.000,0.00
1777916194,loop36,0.00,0.00,0.000,0.000,0.00
1777916194,loop37,0.00,0.00,0.000,0.000,0.00
1777916194,loop38,0.00,0.00,0.000,0.000,0.00
1777916194,loop39,0.00,0.00,0.000,0.000,0.00
1777916194,loop4,0.00,0.00,0.000,0.000,0.00
1777916194,loop40,0.00,0.00,0.000,0.000,0.00
1777916194,loop5,0.00,0.00,0.000,0.000,0.00
1777916194,loop6,0.00,0.00,0.000,0.000,0.00
1777916194,loop7,0.00,0.00,0.000,0.000,0.00
1777916194,loop8,0.00,0.00,0.000,0.000,0.00
1777916194,loop9,0.00,0.00,0.000,0.000,0.00
1777916194,nvme0n1,0.00,0.00,0.000,0.000,1.40
1777916195,loop0,0.00,0.00,0.000,0.000,0.00
1777916195,loop1,0.00,0.00,0.000,0.000,0.00
1777916195,loop10,0.00,0.00,0.000,0.000,0.00
1777916195,loop11,0.00,0.00,0.000,0.000,0.00
1777916195,loop12,0.00,0.00,0.000,0.000,0.00
1777916195,loop13,0.00,0.00,0.000,0.000,0.00
1777916195,loop14,0.00,0.00,0.000,0.000,0.00
1777916195,loop15,0.00,0.00,0.000,0.000,0.00
1777916195,loop16,0.00,0.00,0.000,0.000,0.00
1777916195,loop17,0.00,0.00,0.000,0.000,0.00
1777916195,loop18,0.00,0.00,0.000,0.000,0.00
1777916195,loop19,0.00,0.00,0.000,0.000,0.00
1777916195,loop2,0.00,0.00,0.000,0.000,0.00
1777916195,loop20,0.00,0.00,0.000,0.000,0.00
1777916195,loop21,0.00,0.00,0.000,0.000,0.00
1777916195,loop22,0.00,0.00,0.000,0.000,0.00
1777916195,loop23,0.00,0.00,0.000,0.000,0.00
1777916195,loop24,0.00,0.00,0.000,0.000,0.00
1777916195,loop25,0.00,0.00,0.000,0.000,0.00
1777916195,loop26,0.00,0.00,0.000,0.000,0.00
1777916195,loop27,0.00,0.00,0.000,0.000,0.00
1777916195,loop28,0.00,0.00,0.000,0.000,0.00
1777916195,loop29,0.00,0.00,0.000,0.000,0.00
1777916195,loop3,0.00,0.00,0.000,0.000,0.00
1777916195,loop30,0.00,0.00,0.000,0.000,0.00
1777916195,loop31,0.00,0.00,0.000,0.000,0.00
1777916195,loop32,0.00,0.00,0.000,0.000,0.00
1777916195,loop33,0.00,0.00,0.000,0.000,0.00
1777916195,loop34,0.00,0.00,0.000,0.000,0.00
1777916195,loop35,0.00,0.00,0.000,0.000,0.00
1777916195,loop36,0.00,0.00,0.000,0.000,0.00
1777916195,loop37,0.00,0.00,0.000,0.000,0.00
1777916195,loop38,0.00,0.00,0.000,0.000,0.00
1777916195,loop39,0.00,0.00,0.000,0.000,0.00
1777916195,loop4,0.00,0.00,0.000,0.000,0.00
1777916195,loop40,0.00,0.00,0.000,0.000,0.00
1777916195,loop5,0.00,0.00,0.000,0.000,0.00
1777916195,loop6,0.00,0.00,0.000,0.000,0.00
1777916195,loop7,0.00,0.00,0.000,0.000,0.00
1777916195,loop8,0.00,0.00,0.000,0.000,0.00
1777916195,loop9,0.00,0.00,0.000,0.000,0.00
1777916195,nvme0n1,0.00,0.00,0.000,0.000,0.00
1777916196,loop0,0.00,0.00,0.000,0.000,0.00
1777916196,loop1,0.00,0.00,0.000,0.000,0.00
1777916196,loop10,0.00,0.00,0.000,0.000,0.00
1777916196,loop11,0.00,0.00,0.000,0.000,0.00
1777916196,loop12,0.00,0.00,0.000,0.000,0.00
1777916196,loop13,0.00,0.00,0.000,0.000,0.00
1777916196,loop14,0.00,0.00,0.000,0.000,0.00
1777916196,loop15,0.00,0.00,0.000,0.000,0.00
1777916196,loop16,0.00,0.00,0.000,0.000,0.00
1777916196,loop17,0.00,0.00,0.000,0.000,0.00
1777916196,loop18,0.00,0.00,0.000,0.000,0.00
1777916196,loop19,0.00,0.00,0.000,0.000,0.00
1777916196,loop2,0.00,0.00,0.000,0.000,0.00
1777916196,loop20,0.00,0.00,0.000,0.000,0.00
1777916196,loop21,0.00,0.00,0.000,0.000,0.00
1777916196,loop22,0.00,0.00,0.000,0.000,0.00
1777916196,loop23,0.00,0.00,0.000,0.000,0.00
1777916196,loop24,0.00,0.00,0.000,0.000,0.00
1777916196,loop25,0.00,0.00,0.000,0.000,0.00
1777916196,loop26,0.00,0.00,0.000,0.000,0.00
1777916196,loop27,0.00,0.00,0.000,0.000,0.00
1777916196,loop28,0.00,0.00,0.000,0.000,0.00
1777916196,loop29,0.00,0.00,0.000,0.000,0.00
1777916196,loop3,0.00,0.00,0.000,0.000,0.00
1777916196,loop30,0.00,0.00,0.000,0.000,0.00
1777916196,loop31,0.00,0.00,0.000,0.000,0.00
1777916196,loop32,0.00,0.00,0.000,0.000,0.00
1777916196,loop33,0.00,0.00,0.000,0.000,0.00
1777916196,loop34,0.00,0.00,0.000,0.000,0.00
1777916196,loop35,0.00,0.00,0.000,0.000,0.00
1777916196,loop36,0.00,0.00,0.000,0.000,0.00
1777916196,loop37,0.00,0.00,0.000,0.000,0.00
1777916196,loop38,0.00,0.00,0.000,0.000,0.00
1777916196,loop39,0.00,0.00,0.000,0.000,0.00
1777916196,loop4,0.00,0.00,0.000,0.000,0.00
1777916196,loop40,0.00,0.00,0.000,0.000,0.00
1777916196,loop5,0.00,0.00,0.000,0.000,0.00
1777916196,loop6,0.00,0.00,0.000,0.000,0.00
1777916196,loop7,0.00,0.00,0.000,0.000,0.00
1777916196,loop8,0.00,0.00,0.000,0.000,0.00
1777916196,loop9,0.00,0.00,0.000,0.000,0.00
1777916196,nvme0n1,0.00,0.00,0.000,0.000,0.00
1777916197,loop0,0.00,0.00,0.000,0.000,0.00
1777916197,loop1,0.00,0.00,0.000,0.000,0.00
1777916197,loop10,0.00,0.00,0.000,0.000,0.00
1777916197,loop11,0.00,0.00,0.000,0.000,0.00
1777916197,loop12,0.00,0.00,0.000,0.000,0.00
1777916197,loop13,0.00,0.00,0.000,0.000,0.00
1777916197,loop14,0.00,0.00,0.000,0.000,0.00
1777916197,loop15,0.00,0.00,0.000,0.000,0.00
1777916197,loop16,0.00,0.00,0.000,0.000,0.00
1777916197,loop17,0.00,0.00,0.000,0.000,0.00
1777916197,loop18,0.00,0.00,0.000,0.000,0.00
1777916197,loop19,0.00,0.00,0.000,0.000,0.00
1777916197,loop2,0.00,0.00,0.000,0.000,0.00
1777916197,loop20,0.00,0.00,0.000,0.000,0.00
1777916197,loop21,0.00,0.00,0.000,0.000,0.00
1777916197,loop22,0.00,0.00,0.000,0.000,0.00
1777916197,loop23,0.00,0.00,0.000,0.000,0.00
1777916197,loop24,0.00,0.00,0.000,0.000,0.00
1777916197,loop25,0.00,0.00,0.000,0.000,0.00
1777916197,loop26,0.00,0.00,0.000,0.000,0.00
1777916197,loop27,0.00,0.00,0.000,0.000,0.00
1777916197,loop28,0.00,0.00,0.000,0.000,0.00
1777916197,loop29,0.00,0.00,0.000,0.000,0.00
1777916197,loop3,0.00,0.00,0.000,0.000,0.00
1777916197,loop30,0.00,0.00,0.000,0.000,0.00
1777916197,loop31,0.00,0.00,0.000,0.000,0.00
1777916197,loop32,0.00,0.00,0.000,0.000,0.00
1777916197,loop33,0.00,0.00,0.000,0.000,0.00
1777916197,loop34,0.00,0.00,0.000,0.000,0.00
1777916197,loop35,0.00,0.00,0.000,0.000,0.00
1777916197,loop36,0.00,0.00,0.000,0.000,0.00
1777916197,loop37,0.00,0.00,0.000,0.000,0.00
1777916197,loop38,0.00,0.00,0.000,0.000,0.00
1777916197,loop39,0.00,0.00,0.000,0.000,0.00
1777916197,loop4,0.00,0.00,0.000,0.000,0.00
1777916197,loop40,0.00,0.00,0.000,0.000,0.00
1777916197,loop5,0.00,0.00,0.000,0.000,0.00
1777916197,loop6,0.00,0.00,0.000,0.000,0.00
1777916197,loop7,0.00,0.00,0.000,0.000,0.00
1777916197,loop8,0.00,0.00,0.000,0.000,0.00
1777916197,loop9,0.00,0.00,0.000,0.000,0.00
1777916197,nvme0n1,0.00,0.00,0.000,0.000,0.00
1777916198,loop0,0.00,0.00,0.000,0.000,0.00
1777916198,loop1,0.00,0.00,0.000,0.000,0.00
1777916198,loop10,0.00,0.00,0.000,0.000,0.00
1777916198,loop11,0.00,0.00,0.000,0.000,0.00
1777916198,loop12,0.00,0.00,0.000,0.000,0.00
1777916198,loop13,0.00,0.00,0.000,0.000,0.00
1777916198,loop14,0.00,0.00,0.000,0.000,0.00
1777916198,loop15,0.00,0.00,0.000,0.000,0.00
1777916198,loop16,0.00,0.00,0.000,0.000,0.00
1777916198,loop17,0.00,0.00,0.000,0.000,0.00
1777916198,loop18,0.00,0.00,0.000,0.000,0.00
1777916198,loop19,0.00,0.00,0.000,0.000,0.00
1777916198,loop2,0.00,0.00,0.000,0.000,0.00
1777916198,loop20,0.00,0.00,0.000,0.000,0.00
1777916198,loop21,0.00,0.00,0.000,0.000,0.00
1777916198,loop22,0.00,0.00,0.000,0.000,0.00
1777916198,loop23,0.00,0.00,0.000,0.000,0.00
1777916198,loop24,0.00,0.00,0.000,0.000,0.00
1777916198,loop25,0.00,0.00,0.000,0.000,0.00
1777916198,loop26,0.00,0.00,0.000,0.000,0.00
1777916198,loop27,0.00,0.00,0.000,0.000,0.00
1777916198,loop28,0.00,0.00,0.000,0.000,0.00
1777916198,loop29,0.00,0.00,0.000,0.000,0.00
1777916198,loop3,0.00,0.00,0.000,0.000,0.00
1777916198,loop30,0.00,0.00,0.000,0.000,0.00
1777916198,loop31,0.00,0.00,0.000,0.000,0.00
1777916198,loop32,0.00,0.00,0.000,0.000,0.00
1777916198,loop33,0.00,0.00,0.000,0.000,0.00
1777916198,loop34,0.00,0.00,0.000,0.000,0.00
1777916198,loop35,0.00,0.00,0.000,0.000,0.00
1777916198,loop36,0.00,0.00,0.000,0.000,0.00
1777916198,loop37,0.00,0.00,0.000,0.000,0.00
1777916198,loop38,0.00,0.00,0.000,0.000,0.00
1777916198,loop39,0.00,0.00,0.000,0.000,0.00
1777916198,loop4,0.00,0.00,0.000,0.000,0.00
1777916198,loop40,0.00,0.00,0.000,0.000,0.00
1777916198,loop5,0.00,0.00,0.000,0.000,0.00
1777916198,loop6,0.00,0.00,0.000,0.000,0.00
1777916198,loop7,0.00,0.00,0.000,0.000,0.00
1777916198,loop8,0.00,0.00,0.000,0.000,0.00
1777916198,loop9,0.00,0.00,0.000,0.000,0.00
1777916198,nvme0n1,0.00,0.00,0.000,0.000,0.00
1777916199,loop0,0.00,0.00,0.000,0.000,0.00
1777916199,loop1,0.00,0.00,0.000,0.000,0.00
1777916199,loop10,0.00,0.00,0.000,0.000,0.00
1777916199,loop11,0.00,0.00,0.000,0.000,0.00
1777916199,loop12,0.00,0.00,0.000,0.000,0.00
1777916199,loop13,0.00,0.00,0.000,0.000,0.00
1777916199,loop14,0.00,0.00,0.000,0.000,0.00
1777916199,loop15,0.00,0.00,0.000,0.000,0.00
1777916199,loop16,0.00,0.00,0.000,0.000,0.00
1777916199,loop17,0.00,0.00,0.000,0.000,0.00
1777916199,loop18,0.00,0.00,0.000,0.000,0.00
1777916199,loop19,0.00,0.00,0.000,0.000,0.00
1777916199,loop2,0.00,0.00,0.000,0.000,0.00
1777916199,loop20,0.00,0.00,0.000,0.000,0.00
1777916199,loop21,0.00,0.00,0.000,0.000,0.00
1777916199,loop22,0.00,0.00,0.000,0.000,0.00
1777916199,loop23,0.00,0.00,0.000,0.000,0.00
1777916199,loop24,0.00,0.00,0.000,0.000,0.00
1777916199,loop25,0.00,0.00,0.000,0.000,0.00
1777916199,loop26,0.00,0.00,0.000,0.000,0.00
1777916199,loop27,0.00,0.00,0.000,0.000,0.00
1777916199,loop28,0.00,0.00,0.000,0.000,0.00
1777916199,loop29,0.00,0.00,0.000,0.000,0.00
1777916199,loop3,0.00,0.00,0.000,0.000,0.00
1777916199,loop30,0.00,0.00,0.000,0.000,0.00
1777916199,loop31,0.00,0.00,0.000,0.000,0.00
1777916199,loop32,0.00,0.00,0.000,0.000,0.00
1777916199,loop33,0.00,0.00,0.000,0.000,0.00
1777916199,loop34,0.00,0.00,0.000,0.000,0.00
1777916199,loop35,0.00,0.00,0.000,0.000,0.00
1777916199,loop36,0.00,0.00,0.000,0.000,0.00
1777916199,loop37,0.00,0.00,0.000,0.000,0.00
1777916199,loop38,0.00,0.00,0.000,0.000,0.00
1777916199,loop39,0.00,0.00,0.000,0.000,0.00
1777916199,loop4,0.00,0.00,0.000,0.000,0.00
1777916199,loop40,0.00,0.00,0.000,0.000,0.00
1777916199,loop5,0.00,0.00,0.000,0.000,0.00
1777916199,loop6,0.00,0.00,0.000,0.000,0.00
1777916199,loop7,0.00,0.00,0.000,0.000,0.00
1777916199,loop8,0.00,0.00,0.000,0.000,0.00
1777916199,loop9,0.00,0.00,0.000,0.000,0.00
1777916199,nvme0n1,0.00,0.00,0.000,0.000,6.00
1777916200,loop0,0.00,0.00,0.000,0.000,0.00
1777916200,loop1,0.00,0.00,0.000,0.000,0.00
1777916200,loop10,0.00,0.00,0.000,0.000,0.00
1777916200,loop11,0.00,0.00,0.000,0.000,0.00
1777916200,loop12,0.00,0.00,0.000,0.000,0.00
1777916200,loop13,0.00,0.00,0.000,0.000,0.00
1777916200,loop14,0.00,0.00,0.000,0.000,0.00
1777916200,loop15,0.00,0.00,0.000,0.000,0.00
1777916200,loop16,0.00,0.00,0.000,0.000,0.00
1777916200,loop17,0.00,0.00,0.000,0.000,0.00
1777916200,loop18,0.00,0.00,0.000,0.000,0.00
1777916200,loop19,0.00,0.00,0.000,0.000,0.00
1777916200,loop2,0.00,0.00,0.000,0.000,0.00
1777916200,loop20,0.00,0.00,0.000,0.000,0.00
1777916200,loop21,0.00,0.00,0.000,0.000,0.00
1777916200,loop22,0.00,0.00,0.000,0.000,0.00
1777916200,loop23,0.00,0.00,0.000,0.000,0.00
1777916200,loop24,0.00,0.00,0.000,0.000,0.00
1777916200,loop25,0.00,0.00,0.000,0.000,0.00
1777916200,loop26,0.00,0.00,0.000,0.000,0.00
1777916200,loop27,0.00,0.00,0.000,0.000,0.00
1777916200,loop28,0.00,0.00,0.000,0.000,0.00
1777916200,loop29,0.00,0.00,0.000,0.000,0.00
1777916200,loop3,0.00,0.00,0.000,0.000,0.00
1777916200,loop30,0.00,0.00,0.000,0.000,0.00
1777916200,loop31,0.00,0.00,0.000,0.000,0.00
1777916200,loop32,0.00,0.00,0.000,0.000,0.00
1777916200,loop33,0.00,0.00,0.000,0.000,0.00
1777916200,loop34,0.00,0.00,0.000,0.000,0.00
1777916200,loop35,0.00,0.00,0.000,0.000,0.00
1777916200,loop36,0.00,0.00,0.000,0.000,0.00
1777916200,loop37,0.00,0.00,0.000,0.000,0.00
1777916200,loop38,0.00,0.00,0.000,0.000,0.00
1777916200,loop39,0.00,0.00,0.000,0.000,0.00
1777916200,loop4,0.00,0.00,0.000,0.000,0.00
1777916200,loop40,0.00,0.00,0.000,0.000,0.00
1777916200,loop5,0.00,0.00,0.000,0.000,0.00
1777916200,loop6,0.00,0.00,0.000,0.000,0.00
1777916200,loop7,0.00,0.00,0.000,0.000,0.00
1777916200,loop8,0.00,0.00,0.000,0.000,0.00
1777916200,loop9,0.00,0.00,0.000,0.000,0.00
1777916200,nvme0n1,0.00,0.00,0.000,0.000,0.00
1777916201,loop0,0.00,0.00,0.000,0.000,0.00
1777916201,loop1,0.00,0.00,0.000,0.000,0.00
1777916201,loop10,0.00,0.00,0.000,0.000,0.00
1777916201,loop11,0.00,0.00,0.000,0.000,0.00
1777916201,loop12,0.00,0.00,0.000,0.000,0.00
1777916201,loop13,0.00,0.00,0.000,0.000,0.00
1777916201,loop14,0.00,0.00,0.000,0.000,0.00
1777916201,loop15,0.00,0.00,0.000,0.000,0.00
1777916201,loop16,0.00,0.00,0.000,0.000,0.00
1777916201,loop17,0.00,0.00,0.000,0.000,0.00
1777916201,loop18,0.00,0.00,0.000,0.000,0.00
1777916201,loop19,0.00,0.00,0.000,0.000,0.00
1777916201,loop2,0.00,0.00,0.000,0.000,0.00
1777916201,loop20,0.00,0.00,0.000,0.000,0.00
1777916201,loop21,0.00,0.00,0.000,0.000,0.00
1777916201,loop22,0.00,0.00,0.000,0.000,0.00
1777916201,loop23,0.00,0.00,0.000,0.000,0.00
1777916201,loop24,0.00,0.00,0.000,0.000,0.00
1777916201,loop25,0.00,0.00,0.000,0.000,0.00
1777916201,loop26,0.00,0.00,0.000,0.000,0.00
1777916201,loop27,0.00,0.00,0.000,0.000,0.00
1777916201,loop28,0.00,0.00,0.000,0.000,0.00
1777916201,loop29,0.00,0.00,0.000,0.000,0.00
1777916201,loop3,0.00,0.00,0.000,0.000,0.00
1777916201,loop30,0.00,0.00,0.000,0.000,0.00
1777916201,loop31,0.00,0.00,0.000,0.000,0.00
1777916201,loop32,0.00,0.00,0.000,0.000,0.00
1777916201,loop33,0.00,0.00,0.000,0.000,0.00
1777916201,loop34,0.00,0.00,0.000,0.000,0.00
1777916201,loop35,0.00,0.00,0.000,0.000,0.00
1777916201,loop36,0.00,0.00,0.000,0.000,0.00
1777916201,loop37,0.00,0.00,0.000,0.000,0.00
1777916201,loop38,0.00,0.00,0.000,0.000,0.00
1777916201,loop39,0.00,0.00,0.000,0.000,0.00
1777916201,loop4,0.00,0.00,0.000,0.000,0.00
1777916201,loop40,0.00,0.00,0.000,0.000,0.00
1777916201,loop5,0.00,0.00,0.000,0.000,0.00
1777916201,loop6,0.00,0.00,0.000,0.000,0.00
1777916201,loop7,0.00,0.00,0.000,0.000,0.00
1777916201,loop8,0.00,0.00,0.000,0.000,0.00
1777916201,loop9,0.00,0.00,0.000,0.000,0.00
1777916201,nvme0n1,0.00,0.00,0.000,0.000,0.00
1777916202,loop0,0.00,0.00,0.000,0.000,0.00
1777916202,loop1,0.00,0.00,0.000,0.000,0.00
1777916202,loop10,0.00,0.00,0.000,0.000,0.00
1777916202,loop11,0.00,0.00,0.000,0.000,0.00
1777916202,loop12,0.00,0.00,0.000,0.000,0.00
1777916202,loop13,0.00,0.00,0.000,0.000,0.00
1777916202,loop14,0.00,0.00,0.000,0.000,0.00
1777916202,loop15,0.00,0.00,0.000,0.000,0.00
1777916202,loop16,0.00,0.00,0.000,0.000,0.00
1777916202,loop17,0.00,0.00,0.000,0.000,0.00
1777916202,loop18,0.00,0.00,0.000,0.000,0.00
1777916202,loop19,0.00,0.00,0.000,0.000,0.00
1777916202,loop2,0.00,0.00,0.000,0.000,0.00
1777916202,loop20,0.00,0.00,0.000,0.000,0.00
1777916202,loop21,0.00,0.00,0.000,0.000,0.00
1777916202,loop22,0.00,0.00,0.000,0.000,0.00
1777916202,loop23,0.00,0.00,0.000,0.000,0.00
1777916202,loop24,0.00,0.00,0.000,0.000,0.00
1777916202,loop25,0.00,0.00,0.000,0.000,0.00
1777916202,loop26,0.00,0.00,0.000,0.000,0.00
1777916202,loop27,0.00,0.00,0.000,0.000,0.00
1777916202,loop28,0.00,0.00,0.000,0.000,0.00
1777916202,loop29,0.00,0.00,0.000,0.000,0.00
1777916202,loop3,0.00,0.00,0.000,0.000,0.00
1777916202,loop30,0.00,0.00,0.000,0.000,0.00
1777916202,loop31,0.00,0.00,0.000,0.000,0.00
1777916202,loop32,0.00,0.00,0.000,0.000,0.00
1777916202,loop33,0.00,0.00,0.000,0.000,0.00
1777916202,loop34,0.00,0.00,0.000,0.000,0.00
1777916202,loop35,0.00,0.00,0.000,0.000,0.00
1777916202,loop36,0.00,0.00,0.000,0.000,0.00
1777916202,loop37,0.00,0.00,0.000,0.000,0.00
1777916202,loop38,0.00,0.00,0.000,0.000,0.00
1777916202,loop39,0.00,0.00,0.000,0.000,0.00
1777916202,loop4,0.00,0.00,0.000,0.000,0.00
1777916202,loop40,0.00,0.00,0.000,0.000,0.00
1777916202,loop5,0.00,0.00,0.000,0.000,0.00
1777916202,loop6,0.00,0.00,0.000,0.000,0.00
1777916202,loop7,0.00,0.00,0.000,0.000,0.00
1777916202,loop8,0.00,0.00,0.000,0.000,0.00
1777916202,loop9,0.00,0.00,0.000,0.000,0.00
1777916202,nvme0n1,0.00,0.00,0.000,0.000,0.00
1777916203,loop0,0.00,0.00,0.000,0.000,0.00
1777916203,loop1,0.00,0.00,0.000,0.000,0.00
1777916203,loop10,0.00,0.00,0.000,0.000,0.00
1777916203,loop11,0.00,0.00,0.000,0.000,0.00
1777916203,loop12,0.00,0.00,0.000,0.000,0.00
1777916203,loop13,0.00,0.00,0.000,0.000,0.00
1777916203,loop14,0.00,0.00,0.000,0.000,0.00
1777916203,loop15,0.00,0.00,0.000,0.000,0.00
1777916203,loop16,0.00,0.00,0.000,0.000,0.00
1777916203,loop17,0.00,0.00,0.000,0.000,0.00
1777916203,loop18,0.00,0.00,0.000,0.000,0.00
1777916203,loop19,0.00,0.00,0.000,0.000,0.00
1777916203,loop2,0.00,0.00,0.000,0.000,0.00
1777916203,loop20,0.00,0.00,0.000,0.000,0.00
1777916203,loop21,0.00,0.00,0.000,0.000,0.00
1777916203,loop22,0.00,0.00,0.000,0.000,0.00
1777916203,loop23,0.00,0.00,0.000,0.000,0.00
1777916203,loop24,0.00,0.00,0.000,0.000,0.00
1777916203,loop25,0.00,0.00,0.000,0.000,0.00
1777916203,loop26,0.00,0.00,0.000,0.000,0.00
1777916203,loop27,0.00,0.00,0.000,0.000,0.00
1777916203,loop28,0.00,0.00,0.000,0.000,0.00
1777916203,loop29,0.00,0.00,0.000,0.000,0.00
1777916203,loop3,0.00,0.00,0.000,0.000,0.00
1777916203,loop30,0.00,0.00,0.000,0.000,0.00
1777916203,loop31,0.00,0.00,0.000,0.000,0.00
1777916203,loop32,0.00,0.00,0.000,0.000,0.00
1777916203,loop33,0.00,0.00,0.000,0.000,0.00
1777916203,loop34,0.00,0.00,0.000,0.000,0.00
1777916203,loop35,0.00,0.00,0.000,0.000,0.00
1777916203,loop36,0.00,0.00,0.000,0.000,0.00
1777916203,loop37,0.00,0.00,0.000,0.000,0.00
1777916203,loop38,0.00,0.00,0.000,0.000,0.00
1777916203,loop39,0.00,0.00,0.000,0.000,0.00
1777916203,loop4,0.00,0.00,0.000,0.000,0.00
1777916203,loop40,0.00,0.00,0.000,0.000,0.00
1777916203,loop5,0.00,0.00,0.000,0.000,0.00
1777916203,loop6,0.00,0.00,0.000,0.000,0.00
1777916203,loop7,0.00,0.00,0.000,0.000,0.00
1777916203,loop8,0.00,0.00,0.000,0.000,0.00
1777916203,loop9,0.00,0.00,0.000,0.000,0.00
1777916203,nvme0n1,0.00,0.00,0.000,0.000,0.00
1777916204,loop0,0.00,0.00,0.000,0.000,0.00
1777916204,loop1,0.00,0.00,0.000,0.000,0.00
1777916204,loop10,0.00,0.00,0.000,0.000,0.00
1777916204,loop11,0.00,0.00,0.000,0.000,0.00
1777916204,loop12,0.00,0.00,0.000,0.000,0.00
1777916204,loop13,0.00,0.00,0.000,0.000,0.00
1777916204,loop14,0.00,0.00,0.000,0.000,0.00
1777916204,loop15,0.00,0.00,0.000,0.000,0.00
1777916204,loop16,0.00,0.00,0.000,0.000,0.00
1777916204,loop17,0.00,0.00,0.000,0.000,0.00
1777916204,loop18,0.00,0.00,0.000,0.000,0.00
1777916204,loop19,0.00,0.00,0.000,0.000,0.00
1777916204,loop2,0.00,0.00,0.000,0.000,0.00
1777916204,loop20,0.00,0.00,0.000,0.000,0.00
1777916204,loop21,0.00,0.00,0.000,0.000,0.00
1777916204,loop22,0.00,0.00,0.000,0.000,0.00
1777916204,loop23,0.00,0.00,0.000,0.000,0.00
1777916204,loop24,0.00,0.00,0.000,0.000,0.00
1777916204,loop25,0.00,0.00,0.000,0.000,0.00
1777916204,loop26,0.00,0.00,0.000,0.000,0.00
1777916204,loop27,0.00,0.00,0.000,0.000,0.00
1777916204,loop28,0.00,0.00,0.000,0.000,0.00
1777916204,loop29,0.00,0.00,0.000,0.000,0.00
1777916204,loop3,0.00,0.00,0.000,0.000,0.00
1777916204,loop30,0.00,0.00,0.000,0.000,0.00
1777916204,loop31,0.00,0.00,0.000,0.000,0.00
1777916204,loop32,0.00,0.00,0.000,0.000,0.00
1777916204,loop33,0.00,0.00,0.000,0.000,0.00
1777916204,loop34,0.00,0.00,0.000,0.000,0.00
1777916204,loop35,0.00,0.00,0.000,0.000,0.00
1777916204,loop36,0.00,0.00,0.000,0.000,0.00
1777916204,loop37,0.00,0.00,0.000,0.000,0.00
1777916204,loop38,0.00,0.00,0.000,0.000,0.00
1777916204,loop39,0.00,0.00,0.000,0.000,0.00
1777916204,loop4,0.00,0.00,0.000,0.000,0.00
1777916204,loop40,0.00,0.00,0.000,0.000,0.00
1777916204,loop5,0.00,0.00,0.000,0.000,0.00
1777916204,loop6,0.00,0.00,0.000,0.000,0.00
1777916204,loop7,0.00,0.00,0.000,0.000,0.00
1777916204,loop8,0.00,0.00,0.000,0.000,0.00
1777916204,loop9,0.00,0.00,0.000,0.000,0.00
1777916204,nvme0n1,0.00,0.00,0.000,0.000,2.10
1777916205,loop0,0.00,0.00,0.000,0.000,0.00
1777916205,loop1,0.00,0.00,0.000,0.000,0.00
1777916205,loop10,0.00,0.00,0.000,0.000,0.00
1777916205,loop11,0.00,0.00,0.000,0.000,0.00
1777916205,loop12,0.00,0.00,0.000,0.000,0.00
1777916205,loop13,0.00,0.00,0.000,0.000,0.00
1777916205,loop14,0.00,0.00,0.000,0.000,0.00
1777916205,loop15,0.00,0.00,0.000,0.000,0.00
1777916205,loop16,0.00,0.00,0.000,0.000,0.00
1777916205,loop17,0.00,0.00,0.000,0.000,0.00
1777916205,loop18,0.00,0.00,0.000,0.000,0.00
1777916205,loop19,0.00,0.00,0.000,0.000,0.00
1777916205,loop2,0.00,0.00,0.000,0.000,0.00
1777916205,loop20,0.00,0.00,0.000,0.000,0.00
1777916205,loop21,0.00,0.00,0.000,0.000,0.00
1777916205,loop22,0.00,0.00,0.000,0.000,0.00
1777916205,loop23,0.00,0.00,0.000,0.000,0.00
1777916205,loop24,0.00,0.00,0.000,0.000,0.00
1777916205,loop25,0.00,0.00,0.000,0.000,0.00
1777916205,loop26,0.00,0.00,0.000,0.000,0.00
1777916205,loop27,0.00,0.00,0.000,0.000,0.00
1777916205,loop28,0.00,0.00,0.000,0.000,0.00
1777916205,loop29,0.00,0.00,0.000,0.000,0.00
1777916205,loop3,0.00,0.00,0.000,0.000,0.00
1777916205,loop30,0.00,0.00,0.000,0.000,0.00
1777916205,loop31,0.00,0.00,0.000,0.000,0.00
1777916205,loop32,0.00,0.00,0.000,0.000,0.00
1777916205,loop33,0.00,0.00,0.000,0.000,0.00
1777916205,loop34,0.00,0.00,0.000,0.000,0.00
1777916205,loop35,0.00,0.00,0.000,0.000,0.00
1777916205,loop36,0.00,0.00,0.000,0.000,0.00
1777916205,loop37,0.00,0.00,0.000,0.000,0.00
1777916205,loop38,0.00,0.00,0.000,0.000,0.00
1777916205,loop39,0.00,0.00,0.000,0.000,0.00
1777916205,loop4,0.00,0.00,0.000,0.000,0.00
1777916205,loop40,0.00,0.00,0.000,0.000,0.00
1777916205,loop5,0.00,0.00,0.000,0.000,0.00
1777916205,loop6,0.00,0.00,0.000,0.000,0.00
1777916205,loop7,0.00,0.00,0.000,0.000,0.00
1777916205,loop8,0.00,0.00,0.000,0.000,0.00
1777916205,loop9,0.00,0.00,0.000,0.000,0.00
1777916205,nvme0n1,1.00,4.00,0.000,0.000,3.80
1777916206,loop0,0.00,0.00,0.000,0.000,0.00
1777916206,loop1,0.00,0.00,0.000,0.000,0.00
1777916206,loop10,0.00,0.00,0.000,0.000,0.00
1777916206,loop11,0.00,0.00,0.000,0.000,0.00
1777916206,loop12,0.00,0.00,0.000,0.000,0.00
1777916206,loop13,0.00,0.00,0.000,0.000,0.00
1777916206,loop14,0.00,0.00,0.000,0.000,0.00
1777916206,loop15,0.00,0.00,0.000,0.000,0.00
1777916206,loop16,0.00,0.00,0.000,0.000,0.00
1777916206,loop17,0.00,0.00,0.000,0.000,0.00
1777916206,loop18,0.00,0.00,0.000,0.000,0.00
1777916206,loop19,0.00,0.00,0.000,0.000,0.00
1777916206,loop2,0.00,0.00,0.000,0.000,0.00
1777916206,loop20,0.00,0.00,0.000,0.000,0.00
1777916206,loop21,0.00,0.00,0.000,0.000,0.00
1777916206,loop22,0.00,0.00,0.000,0.000,0.00
1777916206,loop23,0.00,0.00,0.000,0.000,0.00
1777916206,loop24,0.00,0.00,0.000,0.000,0.00
1777916206,loop25,0.00,0.00,0.000,0.000,0.00
1777916206,loop26,0.00,0.00,0.000,0.000,0.00
1777916206,loop27,0.00,0.00,0.000,0.000,0.00
1777916206,loop28,0.00,0.00,0.000,0.000,0.00
1777916206,loop29,0.00,0.00,0.000,0.000,0.00
1777916206,loop3,0.00,0.00,0.000,0.000,0.00
1777916206,loop30,0.00,0.00,0.000,0.000,0.00
1777916206,loop31,0.00,0.00,0.000,0.000,0.00
1777916206,loop32,0.00,0.00,0.000,0.000,0.00
1777916206,loop33,0.00,0.00,0.000,0.000,0.00
1777916206,loop34,0.00,0.00,0.000,0.000,0.00
1777916206,loop35,0.00,0.00,0.000,0.000,0.00
1777916206,loop36,0.00,0.00,0.000,0.000,0.00
1777916206,loop37,0.00,0.00,0.000,0.000,0.00
1777916206,loop38,0.00,0.00,0.000,0.000,0.00
1777916206,loop39,0.00,0.00,0.000,0.000,0.00
1777916206,loop4,0.00,0.00,0.000,0.000,0.00
1777916206,loop40,0.00,0.00,0.000,0.000,0.00
1777916206,loop5,0.00,0.00,0.000,0.000,0.00
1777916206,loop6,0.00,0.00,0.000,0.000,0.00
1777916206,loop7,0.00,0.00,0.000,0.000,0.00
1777916206,loop8,0.00,0.00,0.000,0.000,0.00
1777916206,loop9,0.00,0.00,0.000,0.000,0.00
1777916206,nvme0n1,0.00,0.00,0.000,0.000,0.00
1777916207,loop0,0.00,0.00,0.000,0.000,0.00
1777916207,loop1,0.00,0.00,0.000,0.000,0.00
1777916207,loop10,0.00,0.00,0.000,0.000,0.00
1777916207,loop11,0.00,0.00,0.000,0.000,0.00
1777916207,loop12,0.00,0.00,0.000,0.000,0.00
1777916207,loop13,0.00,0.00,0.000,0.000,0.00
1777916207,loop14,0.00,0.00,0.000,0.000,0.00
1777916207,loop15,0.00,0.00,0.000,0.000,0.00
1777916207,loop16,0.00,0.00,0.000,0.000,0.00
1777916207,loop17,0.00,0.00,0.000,0.000,0.00
1777916207,loop18,0.00,0.00,0.000,0.000,0.00
1777916207,loop19,0.00,0.00,0.000,0.000,0.00
1777916207,loop2,0.00,0.00,0.000,0.000,0.00
1777916207,loop20,0.00,0.00,0.000,0.000,0.00
1777916207,loop21,0.00,0.00,0.000,0.000,0.00
1777916207,loop22,0.00,0.00,0.000,0.000,0.00
1777916207,loop23,0.00,0.00,0.000,0.000,0.00
1777916207,loop24,0.00,0.00,0.000,0.000,0.00
1777916207,loop25,0.00,0.00,0.000,0.000,0.00
1777916207,loop26,0.00,0.00,0.000,0.000,0.00
1777916207,loop27,0.00,0.00,0.000,0.000,0.00
1777916207,loop28,0.00,0.00,0.000,0.000,0.00
1777916207,loop29,0.00,0.00,0.000,0.000,0.00
1777916207,loop3,0.00,0.00,0.000,0.000,0.00
1777916207,loop30,0.00,0.00,0.000,0.000,0.00
1777916207,loop31,0.00,0.00,0.000,0.000,0.00
1777916207,loop32,0.00,0.00,0.000,0.000,0.00
1777916207,loop33,0.00,0.00,0.000,0.000,0.00
1777916207,loop34,0.00,0.00,0.000,0.000,0.00
1777916207,loop35,0.00,0.00,0.000,0.000,0.00
1777916207,loop36,0.00,0.00,0.000,0.000,0.00
1777916207,loop37,0.00,0.00,0.000,0.000,0.00
1777916207,loop38,0.00,0.00,0.000,0.000,0.00
1777916207,loop39,0.00,0.00,0.000,0.000,0.00
1777916207,loop4,0.00,0.00,0.000,0.000,0.00
1777916207,loop40,0.00,0.00,0.000,0.000,0.00
1777916207,loop5,0.00,0.00,0.000,0.000,0.00
1777916207,loop6,0.00,0.00,0.000,0.000,0.00
1777916207,loop7,0.00,0.00,0.000,0.000,0.00
1777916207,loop8,0.00,0.00,0.000,0.000,0.00
1777916207,loop9,0.00,0.00,0.000,0.000,0.00
1777916207,nvme0n1,0.00,0.00,0.000,0.000,2.10
1777916208,loop0,0.00,0.00,0.000,0.000,0.00
1777916208,loop1,0.00,0.00,0.000,0.000,0.00
1777916208,loop10,0.00,0.00,0.000,0.000,0.00
1777916208,loop11,0.00,0.00,0.000,0.000,0.00
1777916208,loop12,0.00,0.00,0.000,0.000,0.00
1777916208,loop13,0.00,0.00,0.000,0.000,0.00
1777916208,loop14,0.00,0.00,0.000,0.000,0.00
1777916208,loop15,0.00,0.00,0.000,0.000,0.00
1777916208,loop16,0.00,0.00,0.000,0.000,0.00
1777916208,loop17,0.00,0.00,0.000,0.000,0.00
1777916208,loop18,0.00,0.00,0.000,0.000,0.00
1777916208,loop19,0.00,0.00,0.000,0.000,0.00
1777916208,loop2,0.00,0.00,0.000,0.000,0.00
1777916208,loop20,0.00,0.00,0.000,0.000,0.00
1777916208,loop21,0.00,0.00,0.000,0.000,0.00
1777916208,loop22,0.00,0.00,0.000,0.000,0.00
1777916208,loop23,0.00,0.00,0.000,0.000,0.00
1777916208,loop24,0.00,0.00,0.000,0.000,0.00
1777916208,loop25,0.00,0.00,0.000,0.000,0.00
1777916208,loop26,0.00,0.00,0.000,0.000,0.00
1777916208,loop27,0.00,0.00,0.000,0.000,0.00
1777916208,loop28,0.00,0.00,0.000,0.000,0.00
1777916208,loop29,0.00,0.00,0.000,0.000,0.00
1777916208,loop3,0.00,0.00,0.000,0.000,0.00
1777916208,loop30,0.00,0.00,0.000,0.000,0.00
1777916208,loop31,0.00,0.00,0.000,0.000,0.00
1777916208,loop32,0.00,0.00,0.000,0.000,0.00
1777916208,loop33,0.00,0.00,0.000,0.000,0.00
1777916208,loop34,0.00,0.00,0.000,0.000,0.00
1777916208,loop35,0.00,0.00,0.000,0.000,0.00
1777916208,loop36,0.00,0.00,0.000,0.000,0.00
1777916208,loop37,0.00,0.00,0.000,0.000,0.00
1777916208,loop38,0.00,0.00,0.000,0.000,0.00
1777916208,loop39,0.00,0.00,0.000,0.000,0.00
1777916208,loop4,0.00,0.00,0.000,0.000,0.00
1777916208,loop40,0.00,0.00,0.000,0.000,0.00
1777916208,loop5,0.00,0.00,0.000,0.000,0.00
1777916208,loop6,0.00,0.00,0.000,0.000,0.00
1777916208,loop7,0.00,0.00,0.000,0.000,0.00
1777916208,loop8,0.00,0.00,0.000,0.000,0.00
1777916208,loop9,0.00,0.00,0.000,0.000,0.00
1777916208,nvme0n1,0.00,0.00,0.000,0.000,0.10
1777916209,loop0,0.00,0.00,0.000,0.000,0.00
1777916209,loop1,0.00,0.00,0.000,0.000,0.00
1777916209,loop10,0.00,0.00,0.000,0.000,0.00
1777916209,loop11,0.00,0.00,0.000,0.000,0.00
1777916209,loop12,0.00,0.00,0.000,0.000,0.00
1777916209,loop13,0.00,0.00,0.000,0.000,0.00
1777916209,loop14,0.00,0.00,0.000,0.000,0.00
1777916209,loop15,0.00,0.00,0.000,0.000,0.00
1777916209,loop16,0.00,0.00,0.000,0.000,0.00
1777916209,loop17,0.00,0.00,0.000,0.000,0.00
1777916209,loop18,0.00,0.00,0.000,0.000,0.00
1777916209,loop19,0.00,0.00,0.000,0.000,0.00
1777916209,loop2,0.00,0.00,0.000,0.000,0.00
1777916209,loop20,0.00,0.00,0.000,0.000,0.00
1777916209,loop21,0.00,0.00,0.000,0.000,0.00
1777916209,loop22,0.00,0.00,0.000,0.000,0.00
1777916209,loop23,0.00,0.00,0.000,0.000,0.00
1777916209,loop24,0.00,0.00,0.000,0.000,0.00
1777916209,loop25,0.00,0.00,0.000,0.000,0.00
1777916209,loop26,0.00,0.00,0.000,0.000,0.00
1777916209,loop27,0.00,0.00,0.000,0.000,0.00
1777916209,loop28,0.00,0.00,0.000,0.000,0.00
1777916209,loop29,0.00,0.00,0.000,0.000,0.00
1777916209,loop3,0.00,0.00,0.000,0.000,0.00
1777916209,loop30,0.00,0.00,0.000,0.000,0.00
1777916209,loop31,0.00,0.00,0.000,0.000,0.00
1777916209,loop32,0.00,0.00,0.000,0.000,0.00
1777916209,loop33,0.00,0.00,0.000,0.000,0.00
1777916209,loop34,0.00,0.00,0.000,0.000,0.00
1777916209,loop35,0.00,0.00,0.000,0.000,0.00
1777916209,loop36,0.00,0.00,0.000,0.000,0.00
1777916209,loop37,0.00,0.00,0.000,0.000,0.00
1777916209,loop38,0.00,0.00,0.000,0.000,0.00
1777916209,loop39,0.00,0.00,0.000,0.000,0.00
1777916209,loop4,0.00,0.00,0.000,0.000,0.00
1777916209,loop40,0.00,0.00,0.000,0.000,0.00
1777916209,loop5,0.00,0.00,0.000,0.000,0.00
1777916209,loop6,0.00,0.00,0.000,0.000,0.00
1777916209,loop7,0.00,0.00,0.000,0.000,0.00
1777916209,loop8,0.00,0.00,0.000,0.000,0.00
1777916209,loop9,0.00,0.00,0.000,0.000,0.00
1777916209,nvme0n1,0.00,0.00,0.000,0.000,0.00
1777916210,loop0,0.00,0.00,0.000,0.000,0.00
1777916210,loop1,0.00,0.00,0.000,0.000,0.00
1777916210,loop10,0.00,0.00,0.000,0.000,0.00
1777916210,loop11,0.00,0.00,0.000,0.000,0.00
1777916210,loop12,0.00,0.00,0.000,0.000,0.00
1777916210,loop13,0.00,0.00,0.000,0.000,0.00
1777916210,loop14,0.00,0.00,0.000,0.000,0.00
1777916210,loop15,0.00,0.00,0.000,0.000,0.00
1777916210,loop16,0.00,0.00,0.000,0.000,0.00
1777916210,loop17,0.00,0.00,0.000,0.000,0.00
1777916210,loop18,0.00,0.00,0.000,0.000,0.00
1777916210,loop19,0.00,0.00,0.000,0.000,0.00
1777916210,loop2,0.00,0.00,0.000,0.000,0.00
1777916210,loop20,0.00,0.00,0.000,0.000,0.00
1777916210,loop21,0.00,0.00,0.000,0.000,0.00
1777916210,loop22,0.00,0.00,0.000,0.000,0.00
1777916210,loop23,0.00,0.00,0.000,0.000,0.00
1777916210,loop24,0.00,0.00,0.000,0.000,0.00
1777916210,loop25,0.00,0.00,0.000,0.000,0.00
1777916210,loop26,0.00,0.00,0.000,0.000,0.00
1777916210,loop27,0.00,0.00,0.000,0.000,0.00
1777916210,loop28,0.00,0.00,0.000,0.000,0.00
1777916210,loop29,0.00,0.00,0.000,0.000,0.00
1777916210,loop3,0.00,0.00,0.000,0.000,0.00
1777916210,loop30,0.00,0.00,0.000,0.000,0.00
1777916210,loop31,0.00,0.00,0.000,0.000,0.00
1777916210,loop32,0.00,0.00,0.000,0.000,0.00
1777916210,loop33,0.00,0.00,0.000,0.000,0.00
1777916210,loop34,0.00,0.00,0.000,0.000,0.00
1777916210,loop35,0.00,0.00,0.000,0.000,0.00
1777916210,loop36,0.00,0.00,0.000,0.000,0.00
1777916210,loop37,0.00,0.00,0.000,0.000,0.00
1777916210,loop38,0.00,0.00,0.000,0.000,0.00
1777916210,loop39,0.00,0.00,0.000,0.000,0.00
1777916210,loop4,0.00,0.00,0.000,0.000,0.00
1777916210,loop40,0.00,0.00,0.000,0.000,0.00
1777916210,loop5,0.00,0.00,0.000,0.000,0.00
1777916210,loop6,0.00,0.00,0.000,0.000,0.00
1777916210,loop7,0.00,0.00,0.000,0.000,0.00
1777916210,loop8,0.00,0.00,0.000,0.000,0.00
1777916210,loop9,0.00,0.00,0.000,0.000,0.00
1777916210,nvme0n1,0.00,0.00,0.000,0.000,0.40
1777916211,loop0,0.00,0.00,0.000,0.000,0.00
1777916211,loop1,0.00,0.00,0.000,0.000,0.00
1777916211,loop10,0.00,0.00,0.000,0.000,0.00
1777916211,loop11,0.00,0.00,0.000,0.000,0.00
1777916211,loop12,0.00,0.00,0.000,0.000,0.00
1777916211,loop13,0.00,0.00,0.000,0.000,0.00
1777916211,loop14,0.00,0.00,0.000,0.000,0.00
1777916211,loop15,0.00,0.00,0.000,0.000,0.00
1777916211,loop16,0.00,0.00,0.000,0.000,0.00
1777916211,loop17,0.00,0.00,0.000,0.000,0.00
1777916211,loop18,0.00,0.00,0.000,0.000,0.00
1777916211,loop19,0.00,0.00,0.000,0.000,0.00
1777916211,loop2,0.00,0.00,0.000,0.000,0.00
1777916211,loop20,0.00,0.00,0.000,0.000,0.00
1777916211,loop21,0.00,0.00,0.000,0.000,0.00
1777916211,loop22,0.00,0.00,0.000,0.000,0.00
1777916211,loop23,0.00,0.00,0.000,0.000,0.00
1777916211,loop24,0.00,0.00,0.000,0.000,0.00
1777916211,loop25,0.00,0.00,0.000,0.000,0.00
1777916211,loop26,0.00,0.00,0.000,0.000,0.00
1777916211,loop27,0.00,0.00,0.000,0.000,0.00
1777916211,loop28,0.00,0.00,0.000,0.000,0.00
1777916211,loop29,0.00,0.00,0.000,0.000,0.00
1777916211,loop3,0.00,0.00,0.000,0.000,0.00
1777916211,loop30,0.00,0.00,0.000,0.000,0.00
1777916211,loop31,0.00,0.00,0.000,0.000,0.00
1777916211,loop32,0.00,0.00,0.000,0.000,0.00
1777916211,loop33,0.00,0.00,0.000,0.000,0.00
1777916211,loop34,0.00,0.00,0.000,0.000,0.00
1777916211,loop35,0.00,0.00,0.000,0.000,0.00
1777916211,loop36,0.00,0.00,0.000,0.000,0.00
1777916211,loop37,0.00,0.00,0.000,0.000,0.00
1777916211,loop38,0.00,0.00,0.000,0.000,0.00
1777916211,loop39,0.00,0.00,0.000,0.000,0.00
1777916211,loop4,0.00,0.00,0.000,0.000,0.00
1777916211,loop40,0.00,0.00,0.000,0.000,0.00
1777916211,loop5,0.00,0.00,0.000,0.000,0.00
1777916211,loop6,0.00,0.00,0.000,0.000,0.00
1777916211,loop7,0.00,0.00,0.000,0.000,0.00
1777916211,loop8,0.00,0.00,0.000,0.000,0.00
1777916211,loop9,0.00,0.00,0.000,0.000,0.00
1777916211,nvme0n1,0.00,0.00,0.000,0.000,0.30
1777916212,loop0,0.00,0.00,0.000,0.000,0.00
1777916212,loop1,0.00,0.00,0.000,0.000,0.00
1777916212,loop10,0.00,0.00,0.000,0.000,0.00
1777916212,loop11,0.00,0.00,0.000,0.000,0.00
1777916212,loop12,0.00,0.00,0.000,0.000,0.00
1777916212,loop13,0.00,0.00,0.000,0.000,0.00
1777916212,loop14,0.00,0.00,0.000,0.000,0.00
1777916212,loop15,0.00,0.00,0.000,0.000,0.00
1777916212,loop16,0.00,0.00,0.000,0.000,0.00
1777916212,loop17,0.00,0.00,0.000,0.000,0.00
1777916212,loop18,0.00,0.00,0.000,0.000,0.00
1777916212,loop19,0.00,0.00,0.000,0.000,0.00
1777916212,loop2,0.00,0.00,0.000,0.000,0.00
1777916212,loop20,0.00,0.00,0.000,0.000,0.00
1777916212,loop21,0.00,0.00,0.000,0.000,0.00
1777916212,loop22,0.00,0.00,0.000,0.000,0.00
1777916212,loop23,0.00,0.00,0.000,0.000,0.00
1777916212,loop24,0.00,0.00,0.000,0.000,0.00
1777916212,loop25,0.00,0.00,0.000,0.000,0.00
1777916212,loop26,0.00,0.00,0.000,0.000,0.00
1777916212,loop27,0.00,0.00,0.000,0.000,0.00
1777916212,loop28,0.00,0.00,0.000,0.000,0.00
1777916212,loop29,0.00,0.00,0.000,0.000,0.00
1777916212,loop3,0.00,0.00,0.000,0.000,0.00
1777916212,loop30,0.00,0.00,0.000,0.000,0.00
1777916212,loop31,0.00,0.00,0.000,0.000,0.00
1777916212,loop32,0.00,0.00,0.000,0.000,0.00
1777916212,loop33,0.00,0.00,0.000,0.000,0.00
1777916212,loop34,0.00,0.00,0.000,0.000,0.00
1777916212,loop35,0.00,0.00,0.000,0.000,0.00
1777916212,loop36,0.00,0.00,0.000,0.000,0.00
1777916212,loop37,0.00,0.00,0.000,0.000,0.00
1777916212,loop38,0.00,0.00,0.000,0.000,0.00
1777916212,loop39,0.00,0.00,0.000,0.000,0.00
1777916212,loop4,0.00,0.00,0.000,0.000,0.00
1777916212,loop40,0.00,0.00,0.000,0.000,0.00
1777916212,loop5,0.00,0.00,0.000,0.000,0.00
1777916212,loop6,0.00,0.00,0.000,0.000,0.00
1777916212,loop7,0.00,0.00,0.000,0.000,0.00
1777916212,loop8,0.00,0.00,0.000,0.000,0.00
1777916212,loop9,0.00,0.00,0.000,0.000,0.00
1777916212,nvme0n1,0.00,0.00,0.000,0.000,0.00
1777916213,loop0,0.00,0.00,0.000,0.000,0.00
1777916213,loop1,0.00,0.00,0.000,0.000,0.00
1777916213,loop10,0.00,0.00,0.000,0.000,0.00
1777916213,loop11,0.00,0.00,0.000,0.000,0.00
1777916213,loop12,0.00,0.00,0.000,0.000,0.00
1777916213,loop13,0.00,0.00,0.000,0.000,0.00
1777916213,loop14,0.00,0.00,0.000,0.000,0.00
1777916213,loop15,0.00,0.00,0.000,0.000,0.00
1777916213,loop16,0.00,0.00,0.000,0.000,0.00
1777916213,loop17,0.00,0.00,0.000,0.000,0.00
1777916213,loop18,0.00,0.00,0.000,0.000,0.00
1777916213,loop19,0.00,0.00,0.000,0.000,0.00
1777916213,loop2,0.00,0.00,0.000,0.000,0.00
1777916213,loop20,0.00,0.00,0.000,0.000,0.00
1777916213,loop21,0.00,0.00,0.000,0.000,0.00
1777916213,loop22,0.00,0.00,0.000,0.000,0.00
1777916213,loop23,0.00,0.00,0.000,0.000,0.00
1777916213,loop24,0.00,0.00,0.000,0.000,0.00
1777916213,loop25,0.00,0.00,0.000,0.000,0.00
1777916213,loop26,0.00,0.00,0.000,0.000,0.00
1777916213,loop27,0.00,0.00,0.000,0.000,0.00
1777916213,loop28,0.00,0.00,0.000,0.000,0.00
1777916213,loop29,0.00,0.00,0.000,0.000,0.00
1777916213,loop3,0.00,0.00,0.000,0.000,0.00
1777916213,loop30,0.00,0.00,0.000,0.000,0.00
1777916213,loop31,0.00,0.00,0.000,0.000,0.00
1777916213,loop32,0.00,0.00,0.000,0.000,0.00
1777916213,loop33,0.00,0.00,0.000,0.000,0.00
1777916213,loop34,0.00,0.00,0.000,0.000,0.00
1777916213,loop35,0.00,0.00,0.000,0.000,0.00
1777916213,loop36,0.00,0.00,0.000,0.000,0.00
1777916213,loop37,0.00,0.00,0.000,0.000,0.00
1777916213,loop38,0.00,0.00,0.000,0.000,0.00
1777916213,loop39,0.00,0.00,0.000,0.000,0.00
1777916213,loop4,0.00,0.00,0.000,0.000,0.00
1777916213,loop40,0.00,0.00,0.000,0.000,0.00
1777916213,loop5,0.00,0.00,0.000,0.000,0.00
1777916213,loop6,0.00,0.00,0.000,0.000,0.00
1777916213,loop7,0.00,0.00,0.000,0.000,0.00
1777916213,loop8,0.00,0.00,0.000,0.000,0.00
1777916213,loop9,0.00,0.00,0.000,0.000,0.00
1777916213,nvme0n1,0.00,0.00,0.000,0.000,0.00
1777916214,loop0,0.00,0.00,0.000,0.000,0.00
1777916214,loop1,0.00,0.00,0.000,0.000,0.00
1777916214,loop10,0.00,0.00,0.000,0.000,0.00
1777916214,loop11,0.00,0.00,0.000,0.000,0.00
1777916214,loop12,0.00,0.00,0.000,0.000,0.00
1777916214,loop13,0.00,0.00,0.000,0.000,0.00
1777916214,loop14,0.00,0.00,0.000,0.000,0.00
1777916214,loop15,0.00,0.00,0.000,0.000,0.00
1777916214,loop16,0.00,0.00,0.000,0.000,0.00
1777916214,loop17,0.00,0.00,0.000,0.000,0.00
1777916214,loop18,0.00,0.00,0.000,0.000,0.00
1777916214,loop19,0.00,0.00,0.000,0.000,0.00
1777916214,loop2,0.00,0.00,0.000,0.000,0.00
1777916214,loop20,0.00,0.00,0.000,0.000,0.00
1777916214,loop21,0.00,0.00,0.000,0.000,0.00
1777916214,loop22,0.00,0.00,0.000,0.000,0.00
1777916214,loop23,0.00,0.00,0.000,0.000,0.00
1777916214,loop24,0.00,0.00,0.000,0.000,0.00
1777916214,loop25,0.00,0.00,0.000,0.000,0.00
1777916214,loop26,0.00,0.00,0.000,0.000,0.00
1777916214,loop27,0.00,0.00,0.000,0.000,0.00
1777916214,loop28,0.00,0.00,0.000,0.000,0.00
1777916214,loop29,0.00,0.00,0.000,0.000,0.00
1777916214,loop3,0.00,0.00,0.000,0.000,0.00
1777916214,loop30,0.00,0.00,0.000,0.000,0.00
1777916214,loop31,0.00,0.00,0.000,0.000,0.00
1777916214,loop32,0.00,0.00,0.000,0.000,0.00
1777916214,loop33,0.00,0.00,0.000,0.000,0.00
1777916214,loop34,0.00,0.00,0.000,0.000,0.00
1777916214,loop35,0.00,0.00,0.000,0.000,0.00
1777916214,loop36,0.00,0.00,0.000,0.000,0.00
1777916214,loop37,0.00,0.00,0.000,0.000,0.00
1777916214,loop38,0.00,0.00,0.000,0.000,0.00
1777916214,loop39,0.00,0.00,0.000,0.000,0.00
1777916214,loop4,0.00,0.00,0.000,0.000,0.00
1777916214,loop40,0.00,0.00,0.000,0.000,0.00
1777916214,loop5,0.00,0.00,0.000,0.000,0.00
1777916214,loop6,0.00,0.00,0.000,0.000,0.00
1777916214,loop7,0.00,0.00,0.000,0.000,0.00
1777916214,loop8,0.00,0.00,0.000,0.000,0.00
1777916214,loop9,0.00,0.00,0.000,0.000,0.00
1777916214,nvme0n1,0.00,0.00,0.000,0.000,0.00
1777916215,loop0,0.00,0.00,0.000,0.000,0.00
1777916215,loop1,0.00,0.00,0.000,0.000,0.00
1777916215,loop10,0.00,0.00,0.000,0.000,0.00
1777916215,loop11,0.00,0.00,0.000,0.000,0.00
1777916215,loop12,0.00,0.00,0.000,0.000,0.00
1777916215,loop13,0.00,0.00,0.000,0.000,0.00
1777916215,loop14,0.00,0.00,0.000,0.000,0.00
1777916215,loop15,0.00,0.00,0.000,0.000,0.00
1777916215,loop16,0.00,0.00,0.000,0.000,0.00
1777916215,loop17,0.00,0.00,0.000,0.000,0.00
1777916215,loop18,0.00,0.00,0.000,0.000,0.00
1777916215,loop19,0.00,0.00,0.000,0.000,0.00
1777916215,loop2,0.00,0.00,0.000,0.000,0.00
1777916215,loop20,0.00,0.00,0.000,0.000,0.00
1777916215,loop21,0.00,0.00,0.000,0.000,0.00
1777916215,loop22,0.00,0.00,0.000,0.000,0.00
1777916215,loop23,0.00,0.00,0.000,0.000,0.00
1777916215,loop24,0.00,0.00,0.000,0.000,0.00
1777916215,loop25,0.00,0.00,0.000,0.000,0.00
1777916215,loop26,0.00,0.00,0.000,0.000,0.00
1777916215,loop27,0.00,0.00,0.000,0.000,0.00
1777916215,loop28,0.00,0.00,0.000,0.000,0.00
1777916215,loop29,0.00,0.00,0.000,0.000,0.00
1777916215,loop3,0.00,0.00,0.000,0.000,0.00
1777916215,loop30,0.00,0.00,0.000,0.000,0.00
1777916215,loop31,0.00,0.00,0.000,0.000,0.00
1777916215,loop32,0.00,0.00,0.000,0.000,0.00
1777916215,loop33,0.00,0.00,0.000,0.000,0.00
1777916215,loop34,0.00,0.00,0.000,0.000,0.00
1777916215,loop35,0.00,0.00,0.000,0.000,0.00
1777916215,loop36,0.00,0.00,0.000,0.000,0.00
1777916215,loop37,0.00,0.00,0.000,0.000,0.00
1777916215,loop38,0.00,0.00,0.000,0.000,0.00
1777916215,loop39,0.00,0.00,0.000,0.000,0.00
1777916215,loop4,0.00,0.00,0.000,0.000,0.00
1777916215,loop40,0.00,0.00,0.000,0.000,0.00
1777916215,loop5,0.00,0.00,0.000,0.000,0.00
1777916215,loop6,0.00,0.00,0.000,0.000,0.00
1777916215,loop7,0.00,0.00,0.000,0.000,0.00
1777916215,loop8,0.00,0.00,0.000,0.000,0.00
1777916215,loop9,0.00,0.00,0.000,0.000,0.00
1777916215,nvme0n1,0.00,0.00,0.000,0.000,2.10
1777916216,loop0,0.00,0.00,0.000,0.000,0.00
1777916216,loop1,0.00,0.00,0.000,0.000,0.00
1777916216,loop10,0.00,0.00,0.000,0.000,0.00
1777916216,loop11,0.00,0.00,0.000,0.000,0.00
1777916216,loop12,0.00,0.00,0.000,0.000,0.00
1777916216,loop13,0.00,0.00,0.000,0.000,0.00
1777916216,loop14,0.00,0.00,0.000,0.000,0.00
1777916216,loop15,0.00,0.00,0.000,0.000,0.00
1777916216,loop16,0.00,0.00,0.000,0.000,0.00
1777916216,loop17,0.00,0.00,0.000,0.000,0.00
1777916216,loop18,0.00,0.00,0.000,0.000,0.00
1777916216,loop19,0.00,0.00,0.000,0.000,0.00
1777916216,loop2,0.00,0.00,0.000,0.000,0.00
1777916216,loop20,0.00,0.00,0.000,0.000,0.00
1777916216,loop21,0.00,0.00,0.000,0.000,0.00
1777916216,loop22,0.00,0.00,0.000,0.000,0.00
1777916216,loop23,0.00,0.00,0.000,0.000,0.00
1777916216,loop24,0.00,0.00,0.000,0.000,0.00
1777916216,loop25,0.00,0.00,0.000,0.000,0.00
1777916216,loop26,0.00,0.00,0.000,0.000,0.00
1777916216,loop27,0.00,0.00,0.000,0.000,0.00
1777916216,loop28,0.00,0.00,0.000,0.000,0.00
1777916216,loop29,0.00,0.00,0.000,0.000,0.00
1777916216,loop3,0.00,0.00,0.000,0.000,0.00
1777916216,loop30,0.00,0.00,0.000,0.000,0.00
1777916216,loop31,0.00,0.00,0.000,0.000,0.00
1777916216,loop32,0.00,0.00,0.000,0.000,0.00
1777916216,loop33,0.00,0.00,0.000,0.000,0.00
1777916216,loop34,0.00,0.00,0.000,0.000,0.00
1777916216,loop35,0.00,0.00,0.000,0.000,0.00
1777916216,loop36,0.00,0.00,0.000,0.000,0.00
1777916216,loop37,0.00,0.00,0.000,0.000,0.00
1777916216,loop38,0.00,0.00,0.000,0.000,0.00
1777916216,loop39,0.00,0.00,0.000,0.000,0.00
1777916216,loop4,0.00,0.00,0.000,0.000,0.00
1777916216,loop40,0.00,0.00,0.000,0.000,0.00
1777916216,loop5,0.00,0.00,0.000,0.000,0.00
1777916216,loop6,0.00,0.00,0.000,0.000,0.00
1777916216,loop7,0.00,0.00,0.000,0.000,0.00
1777916216,loop8,0.00,0.00,0.000,0.000,0.00
1777916216,loop9,0.00,0.00,0.000,0.000,0.00
1777916216,nvme0n1,0.00,0.00,0.000,0.000,0.00
1777916217,loop0,0.00,0.00,0.000,0.000,0.00
1777916217,loop1,0.00,0.00,0.000,0.000,0.00
1777916217,loop10,0.00,0.00,0.000,0.000,0.00
1777916217,loop11,0.00,0.00,0.000,0.000,0.00
1777916217,loop12,0.00,0.00,0.000,0.000,0.00
1777916217,loop13,0.00,0.00,0.000,0.000,0.00
1777916217,loop14,0.00,0.00,0.000,0.000,0.00
1777916217,loop15,0.00,0.00,0.000,0.000,0.00
1777916217,loop16,0.00,0.00,0.000,0.000,0.00
1777916217,loop17,0.00,0.00,0.000,0.000,0.00
1777916217,loop18,0.00,0.00,0.000,0.000,0.00
1777916217,loop19,0.00,0.00,0.000,0.000,0.00
1777916217,loop2,0.00,0.00,0.000,0.000,0.00
1777916217,loop20,0.00,0.00,0.000,0.000,0.00
1777916217,loop21,0.00,0.00,0.000,0.000,0.00
1777916217,loop22,0.00,0.00,0.000,0.000,0.00
1777916217,loop23,0.00,0.00,0.000,0.000,0.00
1777916217,loop24,0.00,0.00,0.000,0.000,0.00
1777916217,loop25,0.00,0.00,0.000,0.000,0.00
1777916217,loop26,0.00,0.00,0.000,0.000,0.00
1777916217,loop27,0.00,0.00,0.000,0.000,0.00
1777916217,loop28,0.00,0.00,0.000,0.000,0.00
1777916217,loop29,0.00,0.00,0.000,0.000,0.00
1777916217,loop3,0.00,0.00,0.000,0.000,0.00
1777916217,loop30,0.00,0.00,0.000,0.000,0.00
1777916217,loop31,0.00,0.00,0.000,0.000,0.00
1777916217,loop32,0.00,0.00,0.000,0.000,0.00
1777916217,loop33,0.00,0.00,0.000,0.000,0.00
1777916217,loop34,0.00,0.00,0.000,0.000,0.00
1777916217,loop35,0.00,0.00,0.000,0.000,0.00
1777916217,loop36,0.00,0.00,0.000,0.000,0.00
1777916217,loop37,0.00,0.00,0.000,0.000,0.00
1777916217,loop38,0.00,0.00,0.000,0.000,0.00
1777916217,loop39,0.00,0.00,0.000,0.000,0.00
1777916217,loop4,0.00,0.00,0.000,0.000,0.00
1777916217,loop40,0.00,0.00,0.000,0.000,0.00
1777916217,loop5,0.00,0.00,0.000,0.000,0.00
1777916217,loop6,0.00,0.00,0.000,0.000,0.00
1777916217,loop7,0.00,0.00,0.000,0.000,0.00
1777916217,loop8,0.00,0.00,0.000,0.000,0.00
1777916217,loop9,0.00,0.00,0.000,0.000,0.00
1777916217,nvme0n1,0.00,0.00,0.000,0.000,0.50
1777916218,loop0,0.00,0.00,0.000,0.000,0.00
1777916218,loop1,0.00,0.00,0.000,0.000,0.00
1777916218,loop10,0.00,0.00,0.000,0.000,0.00
1777916218,loop11,0.00,0.00,0.000,0.000,0.00
1777916218,loop12,0.00,0.00,0.000,0.000,0.00
1777916218,loop13,0.00,0.00,0.000,0.000,0.00
1777916218,loop14,0.00,0.00,0.000,0.000,0.00
1777916218,loop15,0.00,0.00,0.000,0.000,0.00
1777916218,loop16,0.00,0.00,0.000,0.000,0.00
1777916218,loop17,0.00,0.00,0.000,0.000,0.00
1777916218,loop18,0.00,0.00,0.000,0.000,0.00
1777916218,loop19,0.00,0.00,0.000,0.000,0.00
1777916218,loop2,0.00,0.00,0.000,0.000,0.00
1777916218,loop20,0.00,0.00,0.000,0.000,0.00
1777916218,loop21,0.00,0.00,0.000,0.000,0.00
1777916218,loop22,0.00,0.00,0.000,0.000,0.00
1777916218,loop23,0.00,0.00,0.000,0.000,0.00
1777916218,loop24,0.00,0.00,0.000,0.000,0.00
1777916218,loop25,0.00,0.00,0.000,0.000,0.00
1777916218,loop26,0.00,0.00,0.000,0.000,0.00
1777916218,loop27,0.00,0.00,0.000,0.000,0.00
1777916218,loop28,0.00,0.00,0.000,0.000,0.00
1777916218,loop29,0.00,0.00,0.000,0.000,0.00
1777916218,loop3,0.00,0.00,0.000,0.000,0.00
1777916218,loop30,0.00,0.00,0.000,0.000,0.00
1777916218,loop31,0.00,0.00,0.000,0.000,0.00
1777916218,loop32,0.00,0.00,0.000,0.000,0.00
1777916218,loop33,0.00,0.00,0.000,0.000,0.00
1777916218,loop34,0.00,0.00,0.000,0.000,0.00
1777916218,loop35,0.00,0.00,0.000,0.000,0.00
1777916218,loop36,0.00,0.00,0.000,0.000,0.00
1777916218,loop37,0.00,0.00,0.000,0.000,0.00
1777916218,loop38,0.00,0.00,0.000,0.000,0.00
1777916218,loop39,0.00,0.00,0.000,0.000,0.00
1777916218,loop4,0.00,0.00,0.000,0.000,0.00
1777916218,loop40,0.00,0.00,0.000,0.000,0.00
1777916218,loop5,0.00,0.00,0.000,0.000,0.00
1777916218,loop6,0.00,0.00,0.000,0.000,0.00
1777916218,loop7,0.00,0.00,0.000,0.000,0.00
1777916218,loop8,0.00,0.00,0.000,0.000,0.00
1777916218,loop9,0.00,0.00,0.000,0.000,0.00
1777916218,nvme0n1,0.00,0.00,0.000,0.000,0.00
1777916219,loop0,0.00,0.00,0.000,0.000,0.00
1777916219,loop1,0.00,0.00,0.000,0.000,0.00
1777916219,loop10,0.00,0.00,0.000,0.000,0.00
1777916219,loop11,0.00,0.00,0.000,0.000,0.00
1777916219,loop12,0.00,0.00,0.000,0.000,0.00
1777916219,loop13,0.00,0.00,0.000,0.000,0.00
1777916219,loop14,0.00,0.00,0.000,0.000,0.00
1777916219,loop15,0.00,0.00,0.000,0.000,0.00
1777916219,loop16,0.00,0.00,0.000,0.000,0.00
1777916219,loop17,0.00,0.00,0.000,0.000,0.00
1777916219,loop18,0.00,0.00,0.000,0.000,0.00
1777916219,loop19,0.00,0.00,0.000,0.000,0.00
1777916219,loop2,0.00,0.00,0.000,0.000,0.00
1777916219,loop20,0.00,0.00,0.000,0.000,0.00
1777916219,loop21,0.00,0.00,0.000,0.000,0.00
1777916219,loop22,0.00,0.00,0.000,0.000,0.00
1777916219,loop23,0.00,0.00,0.000,0.000,0.00
1777916219,loop24,0.00,0.00,0.000,0.000,0.00
1777916219,loop25,0.00,0.00,0.000,0.000,0.00
1777916219,loop26,0.00,0.00,0.000,0.000,0.00
1777916219,loop27,0.00,0.00,0.000,0.000,0.00
1777916219,loop28,0.00,0.00,0.000,0.000,0.00
1777916219,loop29,0.00,0.00,0.000,0.000,0.00
1777916219,loop3,0.00,0.00,0.000,0.000,0.00
1777916219,loop30,0.00,0.00,0.000,0.000,0.00
1777916219,loop31,0.00,0.00,0.000,0.000,0.00
1777916219,loop32,0.00,0.00,0.000,0.000,0.00
1777916219,loop33,0.00,0.00,0.000,0.000,0.00
1777916219,loop34,0.00,0.00,0.000,0.000,0.00
1777916219,loop35,0.00,0.00,0.000,0.000,0.00
1777916219,loop36,0.00,0.00,0.000,0.000,0.00
1777916219,loop37,0.00,0.00,0.000,0.000,0.00
1777916219,loop38,0.00,0.00,0.000,0.000,0.00
1777916219,loop39,0.00,0.00,0.000,0.000,0.00
1777916219,loop4,0.00,0.00,0.000,0.000,0.00
1777916219,loop40,0.00,0.00,0.000,0.000,0.00
1777916219,loop5,0.00,0.00,0.000,0.000,0.00
1777916219,loop6,0.00,0.00,0.000,0.000,0.00
1777916219,loop7,0.00,0.00,0.000,0.000,0.00
1777916219,loop8,0.00,0.00,0.000,0.000,0.00
1777916219,loop9,0.00,0.00,0.000,0.000,0.00
1777916219,nvme0n1,0.00,0.00,0.000,0.000,5.00
1777916220,loop0,0.00,0.00,0.000,0.000,0.00
1777916220,loop1,0.00,0.00,0.000,0.000,0.00
1777916220,loop10,0.00,0.00,0.000,0.000,0.00
1777916220,loop11,0.00,0.00,0.000,0.000,0.00
1777916220,loop12,0.00,0.00,0.000,0.000,0.00
1777916220,loop13,0.00,0.00,0.000,0.000,0.00
1777916220,loop14,0.00,0.00,0.000,0.000,0.00
1777916220,loop15,0.00,0.00,0.000,0.000,0.00
1777916220,loop16,0.00,0.00,0.000,0.000,0.00
1777916220,loop17,0.00,0.00,0.000,0.000,0.00
1777916220,loop18,0.00,0.00,0.000,0.000,0.00
1777916220,loop19,0.00,0.00,0.000,0.000,0.00
1777916220,loop2,0.00,0.00,0.000,0.000,0.00
1777916220,loop20,0.00,0.00,0.000,0.000,0.00
1777916220,loop21,0.00,0.00,0.000,0.000,0.00
1777916220,loop22,0.00,0.00,0.000,0.000,0.00
1777916220,loop23,0.00,0.00,0.000,0.000,0.00
1777916220,loop24,0.00,0.00,0.000,0.000,0.00
1777916220,loop25,0.00,0.00,0.000,0.000,0.00
1777916220,loop26,0.00,0.00,0.000,0.000,0.00
1777916220,loop27,0.00,0.00,0.000,0.000,0.00
1777916220,loop28,0.00,0.00,0.000,0.000,0.00
1777916220,loop29,0.00,0.00,0.000,0.000,0.00
1777916220,loop3,0.00,0.00,0.000,0.000,0.00
1777916220,loop30,0.00,0.00,0.000,0.000,0.00
1777916220,loop31,0.00,0.00,0.000,0.000,0.00
1777916220,loop32,0.00,0.00,0.000,0.000,0.00
1777916220,loop33,0.00,0.00,0.000,0.000,0.00
1777916220,loop34,0.00,0.00,0.000,0.000,0.00
1777916220,loop35,0.00,0.00,0.000,0.000,0.00
1777916220,loop36,0.00,0.00,0.000,0.000,0.00
1777916220,loop37,0.00,0.00,0.000,0.000,0.00
1777916220,loop38,0.00,0.00,0.000,0.000,0.00
1777916220,loop39,0.00,0.00,0.000,0.000,0.00
1777916220,loop4,0.00,0.00,0.000,0.000,0.00
1777916220,loop40,0.00,0.00,0.000,0.000,0.00
1777916220,loop5,0.00,0.00,0.000,0.000,0.00
1777916220,loop6,0.00,0.00,0.000,0.000,0.00
1777916220,loop7,0.00,0.00,0.000,0.000,0.00
1777916220,loop8,0.00,0.00,0.000,0.000,0.00
1777916220,loop9,0.00,0.00,0.000,0.000,0.00
1777916220,nvme0n1,0.00,0.00,0.000,0.000,0.00
1777916221,loop0,0.00,0.00,0.000,0.000,0.00
1777916221,loop1,0.00,0.00,0.000,0.000,0.00
1777916221,loop10,0.00,0.00,0.000,0.000,0.00
1777916221,loop11,0.00,0.00,0.000,0.000,0.00
1777916221,loop12,0.00,0.00,0.000,0.000,0.00
1777916221,loop13,0.00,0.00,0.000,0.000,0.00
1777916221,loop14,0.00,0.00,0.000,0.000,0.00
1777916221,loop15,0.00,0.00,0.000,0.000,0.00
1777916221,loop16,0.00,0.00,0.000,0.000,0.00
1777916221,loop17,0.00,0.00,0.000,0.000,0.00
1777916221,loop18,0.00,0.00,0.000,0.000,0.00
1777916221,loop19,0.00,0.00,0.000,0.000,0.00
1777916221,loop2,0.00,0.00,0.000,0.000,0.00
1777916221,loop20,0.00,0.00,0.000,0.000,0.00
1777916221,loop21,0.00,0.00,0.000,0.000,0.00
1777916221,loop22,0.00,0.00,0.000,0.000,0.00
1777916221,loop23,0.00,0.00,0.000,0.000,0.00
1777916221,loop24,0.00,0.00,0.000,0.000,0.00
1777916221,loop25,0.00,0.00,0.000,0.000,0.00
1777916221,loop26,0.00,0.00,0.000,0.000,0.00
1777916221,loop27,0.00,0.00,0.000,0.000,0.00
1777916221,loop28,0.00,0.00,0.000,0.000,0.00
1777916221,loop29,0.00,0.00,0.000,0.000,0.00
1777916221,loop3,0.00,0.00,0.000,0.000,0.00
1777916221,loop30,0.00,0.00,0.000,0.000,0.00
1777916221,loop31,0.00,0.00,0.000,0.000,0.00
1777916221,loop32,0.00,0.00,0.000,0.000,0.00
1777916221,loop33,0.00,0.00,0.000,0.000,0.00
1777916221,loop34,0.00,0.00,0.000,0.000,0.00
1777916221,loop35,0.00,0.00,0.000,0.000,0.00
1777916221,loop36,0.00,0.00,0.000,0.000,0.00
1777916221,loop37,0.00,0.00,0.000,0.000,0.00
1777916221,loop38,0.00,0.00,0.000,0.000,0.00
1777916221,loop39,0.00,0.00,0.000,0.000,0.00
1777916221,loop4,0.00,0.00,0.000,0.000,0.00
1777916221,loop40,0.00,0.00,0.000,0.000,0.00
1777916221,loop5,0.00,0.00,0.000,0.000,0.00
1777916221,loop6,0.00,0.00,0.000,0.000,0.00
1777916221,loop7,0.00,0.00,0.000,0.000,0.00
1777916221,loop8,0.00,0.00,0.000,0.000,0.00
1777916221,loop9,0.00,0.00,0.000,0.000,0.00
1777916221,nvme0n1,0.00,0.00,0.000,0.000,0.00
1777916222,loop0,0.00,0.00,0.000,0.000,0.00
1777916222,loop1,0.00,0.00,0.000,0.000,0.00
1777916222,loop10,0.00,0.00,0.000,0.000,0.00
1777916222,loop11,0.00,0.00,0.000,0.000,0.00
1777916222,loop12,0.00,0.00,0.000,0.000,0.00
1777916222,loop13,0.00,0.00,0.000,0.000,0.00
1777916222,loop14,0.00,0.00,0.000,0.000,0.00
1777916222,loop15,0.00,0.00,0.000,0.000,0.00
1777916222,loop16,0.00,0.00,0.000,0.000,0.00
1777916222,loop17,0.00,0.00,0.000,0.000,0.00
1777916222,loop18,0.00,0.00,0.000,0.000,0.00
1777916222,loop19,0.00,0.00,0.000,0.000,0.00
1777916222,loop2,0.00,0.00,0.000,0.000,0.00
1777916222,loop20,0.00,0.00,0.000,0.000,0.00
1777916222,loop21,0.00,0.00,0.000,0.000,0.00
1777916222,loop22,0.00,0.00,0.000,0.000,0.00
1777916222,loop23,0.00,0.00,0.000,0.000,0.00
1777916222,loop24,0.00,0.00,0.000,0.000,0.00
1777916222,loop25,0.00,0.00,0.000,0.000,0.00
1777916222,loop26,0.00,0.00,0.000,0.000,0.00
1777916222,loop27,0.00,0.00,0.000,0.000,0.00
1777916222,loop28,0.00,0.00,0.000,0.000,0.00
1777916222,loop29,0.00,0.00,0.000,0.000,0.00
1777916222,loop3,0.00,0.00,0.000,0.000,0.00
1777916222,loop30,0.00,0.00,0.000,0.000,0.00
1777916222,loop31,0.00,0.00,0.000,0.000,0.00
1777916222,loop32,0.00,0.00,0.000,0.000,0.00
1777916222,loop33,0.00,0.00,0.000,0.000,0.00
1777916222,loop34,0.00,0.00,0.000,0.000,0.00
1777916222,loop35,0.00,0.00,0.000,0.000,0.00
1777916222,loop36,0.00,0.00,0.000,0.000,0.00
1777916222,loop37,0.00,0.00,0.000,0.000,0.00
1777916222,loop38,0.00,0.00,0.000,0.000,0.00
1777916222,loop39,0.00,0.00,0.000,0.000,0.00
1777916222,loop4,0.00,0.00,0.000,0.000,0.00
1777916222,loop40,0.00,0.00,0.000,0.000,0.00
1777916222,loop5,0.00,0.00,0.000,0.000,0.00
1777916222,loop6,0.00,0.00,0.000,0.000,0.00
1777916222,loop7,0.00,0.00,0.000,0.000,0.00
1777916222,loop8,0.00,0.00,0.000,0.000,0.00
1777916222,loop9,0.00,0.00,0.000,0.000,0.00
1777916222,nvme0n1,0.00,0.00,0.000,0.000,0.60
1777916223,loop0,0.00,0.00,0.000,0.000,0.00
1777916223,loop1,0.00,0.00,0.000,0.000,0.00
1777916223,loop10,0.00,0.00,0.000,0.000,0.00
1777916223,loop11,0.00,0.00,0.000,0.000,0.00
1777916223,loop12,0.00,0.00,0.000,0.000,0.00
1777916223,loop13,0.00,0.00,0.000,0.000,0.00
1777916223,loop14,0.00,0.00,0.000,0.000,0.00
1777916223,loop15,0.00,0.00,0.000,0.000,0.00
1777916223,loop16,0.00,0.00,0.000,0.000,0.00
1777916223,loop17,0.00,0.00,0.000,0.000,0.00
1777916223,loop18,0.00,0.00,0.000,0.000,0.00
1777916223,loop19,0.00,0.00,0.000,0.000,0.00
1777916223,loop2,0.00,0.00,0.000,0.000,0.00
1777916223,loop20,0.00,0.00,0.000,0.000,0.00
1777916223,loop21,0.00,0.00,0.000,0.000,0.00
1777916223,loop22,0.00,0.00,0.000,0.000,0.00
1777916223,loop23,0.00,0.00,0.000,0.000,0.00
1777916223,loop24,0.00,0.00,0.000,0.000,0.00
1777916223,loop25,0.00,0.00,0.000,0.000,0.00
1777916223,loop26,0.00,0.00,0.000,0.000,0.00
1777916223,loop27,0.00,0.00,0.000,0.000,0.00
1777916223,loop28,0.00,0.00,0.000,0.000,0.00
1777916223,loop29,0.00,0.00,0.000,0.000,0.00
1777916223,loop3,0.00,0.00,0.000,0.000,0.00
1777916223,loop30,0.00,0.00,0.000,0.000,0.00
1777916223,loop31,0.00,0.00,0.000,0.000,0.00
1777916223,loop32,0.00,0.00,0.000,0.000,0.00
1777916223,loop33,0.00,0.00,0.000,0.000,0.00
1777916223,loop34,0.00,0.00,0.000,0.000,0.00
1777916223,loop35,0.00,0.00,0.000,0.000,0.00
1777916223,loop36,0.00,0.00,0.000,0.000,0.00
1777916223,loop37,0.00,0.00,0.000,0.000,0.00
1777916223,loop38,0.00,0.00,0.000,0.000,0.00
1777916223,loop39,0.00,0.00,0.000,0.000,0.00
1777916223,loop4,0.00,0.00,0.000,0.000,0.00
1777916223,loop40,0.00,0.00,0.000,0.000,0.00
1777916223,loop5,0.00,0.00,0.000,0.000,0.00
1777916223,loop6,0.00,0.00,0.000,0.000,0.00
1777916223,loop7,0.00,0.00,0.000,0.000,0.00
1777916223,loop8,0.00,0.00,0.000,0.000,0.00
1777916223,loop9,0.00,0.00,0.000,0.000,0.00
1777916223,nvme0n1,0.00,0.00,0.000,0.000,0.10
1777916224,loop0,0.00,0.00,0.000,0.000,0.00
1777916224,loop1,0.00,0.00,0.000,0.000,0.00
1777916224,loop10,0.00,0.00,0.000,0.000,0.00
1777916224,loop11,0.00,0.00,0.000,0.000,0.00
1777916224,loop12,0.00,0.00,0.000,0.000,0.00
1777916224,loop13,0.00,0.00,0.000,0.000,0.00
1777916224,loop14,0.00,0.00,0.000,0.000,0.00
1777916224,loop15,0.00,0.00,0.000,0.000,0.00
1777916224,loop16,0.00,0.00,0.000,0.000,0.00
1777916224,loop17,0.00,0.00,0.000,0.000,0.00
1777916224,loop18,0.00,0.00,0.000,0.000,0.00
1777916224,loop19,0.00,0.00,0.000,0.000,0.00
1777916224,loop2,0.00,0.00,0.000,0.000,0.00
1777916224,loop20,0.00,0.00,0.000,0.000,0.00
1777916224,loop21,0.00,0.00,0.000,0.000,0.00
1777916224,loop22,0.00,0.00,0.000,0.000,0.00
1777916224,loop23,0.00,0.00,0.000,0.000,0.00
1777916224,loop24,0.00,0.00,0.000,0.000,0.00
1777916224,loop25,0.00,0.00,0.000,0.000,0.00
1777916224,loop26,0.00,0.00,0.000,0.000,0.00
1777916224,loop27,0.00,0.00,0.000,0.000,0.00
1777916224,loop28,0.00,0.00,0.000,0.000,0.00
1777916224,loop29,0.00,0.00,0.000,0.000,0.00
1777916224,loop3,0.00,0.00,0.000,0.000,0.00
1777916224,loop30,0.00,0.00,0.000,0.000,0.00
1777916224,loop31,0.00,0.00,0.000,0.000,0.00
1777916224,loop32,0.00,0.00,0.000,0.000,0.00
1777916224,loop33,0.00,0.00,0.000,0.000,0.00
1777916224,loop34,0.00,0.00,0.000,0.000,0.00
1777916224,loop35,0.00,0.00,0.000,0.000,0.00
1777916224,loop36,0.00,0.00,0.000,0.000,0.00
1777916224,loop37,0.00,0.00,0.000,0.000,0.00
1777916224,loop38,0.00,0.00,0.000,0.000,0.00
1777916224,loop39,0.00,0.00,0.000,0.000,0.00
1777916224,loop4,0.00,0.00,0.000,0.000,0.00
1777916224,loop40,0.00,0.00,0.000,0.000,0.00
1777916224,loop5,0.00,0.00,0.000,0.000,0.00
1777916224,loop6,0.00,0.00,0.000,0.000,0.00
1777916224,loop7,0.00,0.00,0.000,0.000,0.00
1777916224,loop8,0.00,0.00,0.000,0.000,0.00
1777916224,loop9,0.00,0.00,0.000,0.000,0.00
1777916224,nvme0n1,0.00,0.00,0.000,0.000,0.00
1777916225,loop0,0.00,0.00,0.000,0.000,0.00
1777916225,loop1,0.00,0.00,0.000,0.000,0.00
1777916225,loop10,0.00,0.00,0.000,0.000,0.00
1777916225,loop11,0.00,0.00,0.000,0.000,0.00
1777916225,loop12,0.00,0.00,0.000,0.000,0.00
1777916225,loop13,0.00,0.00,0.000,0.000,0.00
1777916225,loop14,0.00,0.00,0.000,0.000,0.00
1777916225,loop15,0.00,0.00,0.000,0.000,0.00
1777916225,loop16,0.00,0.00,0.000,0.000,0.00
1777916225,loop17,0.00,0.00,0.000,0.000,0.00
1777916225,loop18,0.00,0.00,0.000,0.000,0.00
1777916225,loop19,0.00,0.00,0.000,0.000,0.00
1777916225,loop2,0.00,0.00,0.000,0.000,0.00
1777916225,loop20,0.00,0.00,0.000,0.000,0.00
1777916225,loop21,0.00,0.00,0.000,0.000,0.00
1777916225,loop22,0.00,0.00,0.000,0.000,0.00
1777916225,loop23,0.00,0.00,0.000,0.000,0.00
1777916225,loop24,0.00,0.00,0.000,0.000,0.00
1777916225,loop25,0.00,0.00,0.000,0.000,0.00
1777916225,loop26,0.00,0.00,0.000,0.000,0.00
1777916225,loop27,0.00,0.00,0.000,0.000,0.00
1777916225,loop28,0.00,0.00,0.000,0.000,0.00
1777916225,loop29,0.00,0.00,0.000,0.000,0.00
1777916225,loop3,0.00,0.00,0.000,0.000,0.00
1777916225,loop30,0.00,0.00,0.000,0.000,0.00
1777916225,loop31,0.00,0.00,0.000,0.000,0.00
1777916225,loop32,0.00,0.00,0.000,0.000,0.00
1777916225,loop33,0.00,0.00,0.000,0.000,0.00
1777916225,loop34,0.00,0.00,0.000,0.000,0.00
1777916225,loop35,0.00,0.00,0.000,0.000,0.00
1777916225,loop36,0.00,0.00,0.000,0.000,0.00
1777916225,loop37,0.00,0.00,0.000,0.000,0.00
1777916225,loop38,0.00,0.00,0.000,0.000,0.00
1777916225,loop39,0.00,0.00,0.000,0.000,0.00
1777916225,loop4,0.00,0.00,0.000,0.000,0.00
1777916225,loop40,0.00,0.00,0.000,0.000,0.00
1777916225,loop5,0.00,0.00,0.000,0.000,0.00
1777916225,loop6,0.00,0.00,0.000,0.000,0.00
1777916225,loop7,0.00,0.00,0.000,0.000,0.00
1777916225,loop8,0.00,0.00,0.000,0.000,0.00
1777916225,loop9,0.00,0.00,0.000,0.000,0.00
1777916225,nvme0n1,0.00,0.00,0.000,0.000,0.30
1777916226,loop0,0.00,0.00,0.000,0.000,0.00
1777916226,loop1,0.00,0.00,0.000,0.000,0.00
1777916226,loop10,0.00,0.00,0.000,0.000,0.00
1777916226,loop11,0.00,0.00,0.000,0.000,0.00
1777916226,loop12,0.00,0.00,0.000,0.000,0.00
1777916226,loop13,0.00,0.00,0.000,0.000,0.00
1777916226,loop14,0.00,0.00,0.000,0.000,0.00
1777916226,loop15,0.00,0.00,0.000,0.000,0.00
1777916226,loop16,0.00,0.00,0.000,0.000,0.00
1777916226,loop17,0.00,0.00,0.000,0.000,0.00
1777916226,loop18,0.00,0.00,0.000,0.000,0.00
1777916226,loop19,0.00,0.00,0.000,0.000,0.00
1777916226,loop2,0.00,0.00,0.000,0.000,0.00
1777916226,loop20,0.00,0.00,0.000,0.000,0.00
1777916226,loop21,0.00,0.00,0.000,0.000,0.00
1777916226,loop22,0.00,0.00,0.000,0.000,0.00
1777916226,loop23,0.00,0.00,0.000,0.000,0.00
1777916226,loop24,0.00,0.00,0.000,0.000,0.00
1777916226,loop25,0.00,0.00,0.000,0.000,0.00
1777916226,loop26,0.00,0.00,0.000,0.000,0.00
1777916226,loop27,0.00,0.00,0.000,0.000,0.00
1777916226,loop28,0.00,0.00,0.000,0.000,0.00
1777916226,loop29,0.00,0.00,0.000,0.000,0.00
1777916226,loop3,0.00,0.00,0.000,0.000,0.00
1777916226,loop30,0.00,0.00,0.000,0.000,0.00
1777916226,loop31,0.00,0.00,0.000,0.000,0.00
1777916226,loop32,0.00,0.00,0.000,0.000,0.00
1777916226,loop33,0.00,0.00,0.000,0.000,0.00
1777916226,loop34,0.00,0.00,0.000,0.000,0.00
1777916226,loop35,0.00,0.00,0.000,0.000,0.00
1777916226,loop36,0.00,0.00,0.000,0.000,0.00
1777916226,loop37,0.00,0.00,0.000,0.000,0.00
1777916226,loop38,0.00,0.00,0.000,0.000,0.00
1777916226,loop39,0.00,0.00,0.000,0.000,0.00
1777916226,loop4,0.00,0.00,0.000,0.000,0.00
1777916226,loop40,0.00,0.00,0.000,0.000,0.00
1777916226,loop5,0.00,0.00,0.000,0.000,0.00
1777916226,loop6,0.00,0.00,0.000,0.000,0.00
1777916226,loop7,0.00,0.00,0.000,0.000,0.00
1777916226,loop8,0.00,0.00,0.000,0.000,0.00
1777916226,loop9,0.00,0.00,0.000,0.000,0.00
1777916226,nvme0n1,0.00,0.00,0.000,0.000,0.00
1777916227,loop0,0.00,0.00,0.000,0.000,0.00
1777916227,loop1,0.00,0.00,0.000,0.000,0.00
1777916227,loop10,0.00,0.00,0.000,0.000,0.00
1777916227,loop11,0.00,0.00,0.000,0.000,0.00
1777916227,loop12,0.00,0.00,0.000,0.000,0.00
1777916227,loop13,0.00,0.00,0.000,0.000,0.00
1777916227,loop14,0.00,0.00,0.000,0.000,0.00
1777916227,loop15,0.00,0.00,0.000,0.000,0.00
1777916227,loop16,0.00,0.00,0.000,0.000,0.00
1777916227,loop17,0.00,0.00,0.000,0.000,0.00
1777916227,loop18,0.00,0.00,0.000,0.000,0.00
1777916227,loop19,0.00,0.00,0.000,0.000,0.00
1777916227,loop2,0.00,0.00,0.000,0.000,0.00
1777916227,loop20,0.00,0.00,0.000,0.000,0.00
1777916227,loop21,0.00,0.00,0.000,0.000,0.00
1777916227,loop22,0.00,0.00,0.000,0.000,0.00
1777916227,loop23,0.00,0.00,0.000,0.000,0.00
1777916227,loop24,0.00,0.00,0.000,0.000,0.00
1777916227,loop25,0.00,0.00,0.000,0.000,0.00
1777916227,loop26,0.00,0.00,0.000,0.000,0.00
1777916227,loop27,0.00,0.00,0.000,0.000,0.00
1777916227,loop28,0.00,0.00,0.000,0.000,0.00
1777916227,loop29,0.00,0.00,0.000,0.000,0.00
1777916227,loop3,0.00,0.00,0.000,0.000,0.00
1777916227,loop30,0.00,0.00,0.000,0.000,0.00
1777916227,loop31,0.00,0.00,0.000,0.000,0.00
1777916227,loop32,0.00,0.00,0.000,0.000,0.00
1777916227,loop33,0.00,0.00,0.000,0.000,0.00
1777916227,loop34,0.00,0.00,0.000,0.000,0.00
1777916227,loop35,0.00,0.00,0.000,0.000,0.00
1777916227,loop36,0.00,0.00,0.000,0.000,0.00
1777916227,loop37,0.00,0.00,0.000,0.000,0.00
1777916227,loop38,0.00,0.00,0.000,0.000,0.00
1777916227,loop39,0.00,0.00,0.000,0.000,0.00
1777916227,loop4,0.00,0.00,0.000,0.000,0.00
1777916227,loop40,0.00,0.00,0.000,0.000,0.00
1777916227,loop5,0.00,0.00,0.000,0.000,0.00
1777916227,loop6,0.00,0.00,0.000,0.000,0.00
1777916227,loop7,0.00,0.00,0.000,0.000,0.00
1777916227,loop8,0.00,0.00,0.000,0.000,0.00
1777916227,loop9,0.00,0.00,0.000,0.000,0.00
1777916227,nvme0n1,0.00,0.00,0.000,0.000,0.30
1777916228,loop0,0.00,0.00,0.000,0.000,0.00
1777916228,loop1,0.00,0.00,0.000,0.000,0.00
1777916228,loop10,0.00,0.00,0.000,0.000,0.00
1777916228,loop11,0.00,0.00,0.000,0.000,0.00
1777916228,loop12,0.00,0.00,0.000,0.000,0.00
1777916228,loop13,0.00,0.00,0.000,0.000,0.00
1777916228,loop14,0.00,0.00,0.000,0.000,0.00
1777916228,loop15,0.00,0.00,0.000,0.000,0.00
1777916228,loop16,0.00,0.00,0.000,0.000,0.00
1777916228,loop17,0.00,0.00,0.000,0.000,0.00
1777916228,loop18,0.00,0.00,0.000,0.000,0.00
1777916228,loop19,0.00,0.00,0.000,0.000,0.00
1777916228,loop2,0.00,0.00,0.000,0.000,0.00
1777916228,loop20,0.00,0.00,0.000,0.000,0.00
1777916228,loop21,0.00,0.00,0.000,0.000,0.00
1777916228,loop22,0.00,0.00,0.000,0.000,0.00
1777916228,loop23,0.00,0.00,0.000,0.000,0.00
1777916228,loop24,0.00,0.00,0.000,0.000,0.00
1777916228,loop25,0.00,0.00,0.000,0.000,0.00
1777916228,loop26,0.00,0.00,0.000,0.000,0.00
1777916228,loop27,0.00,0.00,0.000,0.000,0.00
1777916228,loop28,0.00,0.00,0.000,0.000,0.00
1777916228,loop29,0.00,0.00,0.000,0.000,0.00
1777916228,loop3,0.00,0.00,0.000,0.000,0.00
1777916228,loop30,0.00,0.00,0.000,0.000,0.00
1777916228,loop31,0.00,0.00,0.000,0.000,0.00
1777916228,loop32,0.00,0.00,0.000,0.000,0.00
1777916228,loop33,0.00,0.00,0.000,0.000,0.00
1777916228,loop34,0.00,0.00,0.000,0.000,0.00
1777916228,loop35,0.00,0.00,0.000,0.000,0.00
1777916228,loop36,0.00,0.00,0.000,0.000,0.00
1777916228,loop37,0.00,0.00,0.000,0.000,0.00
1777916228,loop38,0.00,0.00,0.000,0.000,0.00
1777916228,loop39,0.00,0.00,0.000,0.000,0.00
1777916228,loop4,0.00,0.00,0.000,0.000,0.00
1777916228,loop40,0.00,0.00,0.000,0.000,0.00
1777916228,loop5,0.00,0.00,0.000,0.000,0.00
1777916228,loop6,0.00,0.00,0.000,0.000,0.00
1777916228,loop7,0.00,0.00,0.000,0.000,0.00
1777916228,loop8,0.00,0.00,0.000,0.000,0.00
1777916228,loop9,0.00,0.00,0.000,0.000,0.00
1777916228,nvme0n1,0.00,0.00,0.000,0.000,0.10
1777916229,loop0,0.00,0.00,0.000,0.000,0.00
1777916229,loop1,0.00,0.00,0.000,0.000,0.00
1777916229,loop10,0.00,0.00,0.000,0.000,0.00
1777916229,loop11,0.00,0.00,0.000,0.000,0.00
1777916229,loop12,0.00,0.00,0.000,0.000,0.00
1777916229,loop13,0.00,0.00,0.000,0.000,0.00
1777916229,loop14,0.00,0.00,0.000,0.000,0.00
1777916229,loop15,0.00,0.00,0.000,0.000,0.00
1777916229,loop16,0.00,0.00,0.000,0.000,0.00
1777916229,loop17,0.00,0.00,0.000,0.000,0.00
1777916229,loop18,0.00,0.00,0.000,0.000,0.00
1777916229,loop19,0.00,0.00,0.000,0.000,0.00
1777916229,loop2,0.00,0.00,0.000,0.000,0.00
1777916229,loop20,0.00,0.00,0.000,0.000,0.00
1777916229,loop21,0.00,0.00,0.000,0.000,0.00
1777916229,loop22,0.00,0.00,0.000,0.000,0.00
1777916229,loop23,0.00,0.00,0.000,0.000,0.00
1777916229,loop24,0.00,0.00,0.000,0.000,0.00
1777916229,loop25,0.00,0.00,0.000,0.000,0.00
1777916229,loop26,0.00,0.00,0.000,0.000,0.00
1777916229,loop27,0.00,0.00,0.000,0.000,0.00
1777916229,loop28,0.00,0.00,0.000,0.000,0.00
1777916229,loop29,0.00,0.00,0.000,0.000,0.00
1777916229,loop3,0.00,0.00,0.000,0.000,0.00
1777916229,loop30,0.00,0.00,0.000,0.000,0.00
1777916229,loop31,0.00,0.00,0.000,0.000,0.00
1777916229,loop32,0.00,0.00,0.000,0.000,0.00
1777916229,loop33,0.00,0.00,0.000,0.000,0.00
1777916229,loop34,0.00,0.00,0.000,0.000,0.00
1777916229,loop35,0.00,0.00,0.000,0.000,0.00
1777916229,loop36,0.00,0.00,0.000,0.000,0.00
1777916229,loop37,0.00,0.00,0.000,0.000,0.00
1777916229,loop38,0.00,0.00,0.000,0.000,0.00
1777916229,loop39,0.00,0.00,0.000,0.000,0.00
1777916229,loop4,0.00,0.00,0.000,0.000,0.00
1777916229,loop40,0.00,0.00,0.000,0.000,0.00
1777916229,loop5,0.00,0.00,0.000,0.000,0.00
1777916229,loop6,0.00,0.00,0.000,0.000,0.00
1777916229,loop7,0.00,0.00,0.000,0.000,0.00
1777916229,loop8,0.00,0.00,0.000,0.000,0.00
1777916229,loop9,0.00,0.00,0.000,0.000,0.00
1777916229,nvme0n1,0.00,0.00,0.000,0.000,1.10
1777916230,loop0,0.00,0.00,0.000,0.000,0.00
1777916230,loop1,0.00,0.00,0.000,0.000,0.00
1777916230,loop10,0.00,0.00,0.000,0.000,0.00
1777916230,loop11,0.00,0.00,0.000,0.000,0.00
1777916230,loop12,0.00,0.00,0.000,0.000,0.00
1777916230,loop13,0.00,0.00,0.000,0.000,0.00
1777916230,loop14,0.00,0.00,0.000,0.000,0.00
1777916230,loop15,0.00,0.00,0.000,0.000,0.00
1777916230,loop16,0.00,0.00,0.000,0.000,0.00
1777916230,loop17,0.00,0.00,0.000,0.000,0.00
1777916230,loop18,0.00,0.00,0.000,0.000,0.00
1777916230,loop19,0.00,0.00,0.000,0.000,0.00
1777916230,loop2,0.00,0.00,0.000,0.000,0.00
1777916230,loop20,0.00,0.00,0.000,0.000,0.00
1777916230,loop21,0.00,0.00,0.000,0.000,0.00
1777916230,loop22,0.00,0.00,0.000,0.000,0.00
1777916230,loop23,0.00,0.00,0.000,0.000,0.00
1777916230,loop24,0.00,0.00,0.000,0.000,0.00
1777916230,loop25,0.00,0.00,0.000,0.000,0.00
1777916230,loop26,0.00,0.00,0.000,0.000,0.00
1777916230,loop27,0.00,0.00,0.000,0.000,0.00
1777916230,loop28,0.00,0.00,0.000,0.000,0.00
1777916230,loop29,0.00,0.00,0.000,0.000,0.00
1777916230,loop3,0.00,0.00,0.000,0.000,0.00
1777916230,loop30,0.00,0.00,0.000,0.000,0.00
1777916230,loop31,0.00,0.00,0.000,0.000,0.00
1777916230,loop32,0.00,0.00,0.000,0.000,0.00
1777916230,loop33,0.00,0.00,0.000,0.000,0.00
1777916230,loop34,0.00,0.00,0.000,0.000,0.00
1777916230,loop35,0.00,0.00,0.000,0.000,0.00
1777916230,loop36,0.00,0.00,0.000,0.000,0.00
1777916230,loop37,0.00,0.00,0.000,0.000,0.00
1777916230,loop38,0.00,0.00,0.000,0.000,0.00
1777916230,loop39,0.00,0.00,0.000,0.000,0.00
1777916230,loop4,0.00,0.00,0.000,0.000,0.00
1777916230,loop40,0.00,0.00,0.000,0.000,0.00
1777916230,loop5,0.00,0.00,0.000,0.000,0.00
1777916230,loop6,0.00,0.00,0.000,0.000,0.00
1777916230,loop7,0.00,0.00,0.000,0.000,0.00
1777916230,loop8,0.00,0.00,0.000,0.000,0.00
1777916230,loop9,0.00,0.00,0.000,0.000,0.00
1777916230,nvme0n1,0.00,0.00,0.000,0.000,0.00
1777916231,loop0,0.00,0.00,0.000,0.000,0.00
1777916231,loop1,0.00,0.00,0.000,0.000,0.00
1777916231,loop10,0.00,0.00,0.000,0.000,0.00
1777916231,loop11,0.00,0.00,0.000,0.000,0.00
1777916231,loop12,0.00,0.00,0.000,0.000,0.00
1777916231,loop13,0.00,0.00,0.000,0.000,0.00
1777916231,loop14,0.00,0.00,0.000,0.000,0.00
1777916231,loop15,0.00,0.00,0.000,0.000,0.00
1777916231,loop16,0.00,0.00,0.000,0.000,0.00
1777916231,loop17,0.00,0.00,0.000,0.000,0.00
1777916231,loop18,0.00,0.00,0.000,0.000,0.00
1777916231,loop19,0.00,0.00,0.000,0.000,0.00
1777916231,loop2,0.00,0.00,0.000,0.000,0.00
1777916231,loop20,0.00,0.00,0.000,0.000,0.00
1777916231,loop21,0.00,0.00,0.000,0.000,0.00
1777916231,loop22,0.00,0.00,0.000,0.000,0.00
1777916231,loop23,0.00,0.00,0.000,0.000,0.00
1777916231,loop24,0.00,0.00,0.000,0.000,0.00
1777916231,loop25,0.00,0.00,0.000,0.000,0.00
1777916231,loop26,0.00,0.00,0.000,0.000,0.00
1777916231,loop27,0.00,0.00,0.000,0.000,0.00
1777916231,loop28,0.00,0.00,0.000,0.000,0.00
1777916231,loop29,0.00,0.00,0.000,0.000,0.00
1777916231,loop3,0.00,0.00,0.000,0.000,0.00
1777916231,loop30,0.00,0.00,0.000,0.000,0.00
1777916231,loop31,0.00,0.00,0.000,0.000,0.00
1777916231,loop32,0.00,0.00,0.000,0.000,0.00
1777916231,loop33,0.00,0.00,0.000,0.000,0.00
1777916231,loop34,0.00,0.00,0.000,0.000,0.00
1777916231,loop35,0.00,0.00,0.000,0.000,0.00
1777916231,loop36,0.00,0.00,0.000,0.000,0.00
1777916231,loop37,0.00,0.00,0.000,0.000,0.00
1777916231,loop38,0.00,0.00,0.000,0.000,0.00
1777916231,loop39,0.00,0.00,0.000,0.000,0.00
1777916231,loop4,0.00,0.00,0.000,0.000,0.00
1777916231,loop40,0.00,0.00,0.000,0.000,0.00
1777916231,loop5,0.00,0.00,0.000,0.000,0.00
1777916231,loop6,0.00,0.00,0.000,0.000,0.00
1777916231,loop7,0.00,0.00,0.000,0.000,0.00
1777916231,loop8,0.00,0.00,0.000,0.000,0.00
1777916231,loop9,0.00,0.00,0.000,0.000,0.00
1777916231,nvme0n1,0.00,0.00,0.000,0.000,0.00
1777916232,loop0,0.00,0.00,0.000,0.000,0.00
1777916232,loop1,0.00,0.00,0.000,0.000,0.00
1777916232,loop10,0.00,0.00,0.000,0.000,0.00
1777916232,loop11,0.00,0.00,0.000,0.000,0.00
1777916232,loop12,0.00,0.00,0.000,0.000,0.00
1777916232,loop13,0.00,0.00,0.000,0.000,0.00
1777916232,loop14,0.00,0.00,0.000,0.000,0.00
1777916232,loop15,0.00,0.00,0.000,0.000,0.00
1777916232,loop16,0.00,0.00,0.000,0.000,0.00
1777916232,loop17,0.00,0.00,0.000,0.000,0.00
1777916232,loop18,0.00,0.00,0.000,0.000,0.00
1777916232,loop19,0.00,0.00,0.000,0.000,0.00
1777916232,loop2,0.00,0.00,0.000,0.000,0.00
1777916232,loop20,0.00,0.00,0.000,0.000,0.00
1777916232,loop21,0.00,0.00,0.000,0.000,0.00
1777916232,loop22,0.00,0.00,0.000,0.000,0.00
1777916232,loop23,0.00,0.00,0.000,0.000,0.00
1777916232,loop24,0.00,0.00,0.000,0.000,0.00
1777916232,loop25,0.00,0.00,0.000,0.000,0.00
1777916232,loop26,0.00,0.00,0.000,0.000,0.00
1777916232,loop27,0.00,0.00,0.000,0.000,0.00
1777916232,loop28,0.00,0.00,0.000,0.000,0.00
1777916232,loop29,0.00,0.00,0.000,0.000,0.00
1777916232,loop3,0.00,0.00,0.000,0.000,0.00
1777916232,loop30,0.00,0.00,0.000,0.000,0.00
1777916232,loop31,0.00,0.00,0.000,0.000,0.00
1777916232,loop32,0.00,0.00,0.000,0.000,0.00
1777916232,loop33,0.00,0.00,0.000,0.000,0.00
1777916232,loop34,0.00,0.00,0.000,0.000,0.00
1777916232,loop35,0.00,0.00,0.000,0.000,0.00
1777916232,loop36,0.00,0.00,0.000,0.000,0.00
1777916232,loop37,0.00,0.00,0.000,0.000,0.00
1777916232,loop38,0.00,0.00,0.000,0.000,0.00
1777916232,loop39,0.00,0.00,0.000,0.000,0.00
1777916232,loop4,0.00,0.00,0.000,0.000,0.00
1777916232,loop40,0.00,0.00,0.000,0.000,0.00
1777916232,loop5,0.00,0.00,0.000,0.000,0.00
1777916232,loop6,0.00,0.00,0.000,0.000,0.00
1777916232,loop7,0.00,0.00,0.000,0.000,0.00
1777916232,loop8,0.00,0.00,0.000,0.000,0.00
1777916232,loop9,0.00,0.00,0.000,0.000,0.00
1777916232,nvme0n1,0.00,0.00,0.000,0.000,0.00
1777916233,loop0,0.00,0.00,0.000,0.000,0.00
1777916233,loop1,0.00,0.00,0.000,0.000,0.00
1777916233,loop10,0.00,0.00,0.000,0.000,0.00
1777916233,loop11,0.00,0.00,0.000,0.000,0.00
1777916233,loop12,0.00,0.00,0.000,0.000,0.00
1777916233,loop13,0.00,0.00,0.000,0.000,0.00
1777916233,loop14,0.00,0.00,0.000,0.000,0.00
1777916233,loop15,0.00,0.00,0.000,0.000,0.00
1777916233,loop16,0.00,0.00,0.000,0.000,0.00
1777916233,loop17,0.00,0.00,0.000,0.000,0.00
1777916233,loop18,0.00,0.00,0.000,0.000,0.00
1777916233,loop19,0.00,0.00,0.000,0.000,0.00
1777916233,loop2,0.00,0.00,0.000,0.000,0.00
1777916233,loop20,0.00,0.00,0.000,0.000,0.00
1777916233,loop21,0.00,0.00,0.000,0.000,0.00
1777916233,loop22,0.00,0.00,0.000,0.000,0.00
1777916233,loop23,0.00,0.00,0.000,0.000,0.00
1777916233,loop24,0.00,0.00,0.000,0.000,0.00
1777916233,loop25,0.00,0.00,0.000,0.000,0.00
1777916233,loop26,0.00,0.00,0.000,0.000,0.00
1777916233,loop27,0.00,0.00,0.000,0.000,0.00
1777916233,loop28,0.00,0.00,0.000,0.000,0.00
1777916233,loop29,0.00,0.00,0.000,0.000,0.00
1777916233,loop3,0.00,0.00,0.000,0.000,0.00
1777916233,loop30,0.00,0.00,0.000,0.000,0.00
1777916233,loop31,0.00,0.00,0.000,0.000,0.00
1777916233,loop32,0.00,0.00,0.000,0.000,0.00
1777916233,loop33,0.00,0.00,0.000,0.000,0.00
1777916233,loop34,0.00,0.00,0.000,0.000,0.00
1777916233,loop35,0.00,0.00,0.000,0.000,0.00
1777916233,loop36,0.00,0.00,0.000,0.000,0.00
1777916233,loop37,0.00,0.00,0.000,0.000,0.00
1777916233,loop38,0.00,0.00,0.000,0.000,0.00
1777916233,loop39,0.00,0.00,0.000,0.000,0.00
1777916233,loop4,0.00,0.00,0.000,0.000,0.00
1777916233,loop40,0.00,0.00,0.000,0.000,0.00
1777916233,loop5,0.00,0.00,0.000,0.000,0.00
1777916233,loop6,0.00,0.00,0.000,0.000,0.00
1777916233,loop7,0.00,0.00,0.000,0.000,0.00
1777916233,loop8,0.00,0.00,0.000,0.000,0.00
1777916233,loop9,0.00,0.00,0.000,0.000,0.00
1777916233,nvme0n1,0.00,0.00,0.000,0.000,0.00
