+ cd /home/jrivero/code/my-agents.md/projects/ogre-migrator/ws
+ unset AMENT_PREFIX_PATH COLCON_PREFIX_PATH GZ_CONFIG_PATH GZ_GUI_PLUGIN_PATH GZ_SIM_RESOURCE_PATH GZ_SIM_SYSTEM_PLUGIN_PATH PKG_CONFIG_PATH LD_LIBRARY_PATH
+ [[ -n '' ]]
+ colcon build --packages-select gz-rendering gz-sensors gz-gui gz-sim --build-base /home/jrivero/code/my-agents.md/projects/ogre-migrator/ws/build-1.12/build --install-base /home/jrivero/code/my-agents.md/projects/ogre-migrator/ws/build-1.12/install --event-handlers console_cohesion+ --cmake-args -DBUILD_TESTING=OFF -DCMAKE_BUILD_TYPE=Release -DCMAKE_EXPORT_COMPILE_COMMANDS=ON
Starting >>> gz-rendering
--- output: gz-rendering
-- gz-rendering version 11.0.0~pre1
-- Operating system is Linux
-- Found CPack generators: DEB
-- Looking for gz-math -- found version 10.0.0
-- Searching for dependencies of gz-math
-- Looking for gz-utils -- found version 5.0.0~pre1
-- Searching for dependencies of gz-utils
-- Searching for <gz-math> component [eigen3]
-- Looking for gz-math-eigen3 -- found version 10.0.0
-- Searching for dependencies of gz-math-eigen3
-- Looking for gz-math - found

-- Looking for gz-common -- found version 8.0.0~pre1
-- Searching for dependencies of gz-common
-- Looking for gz-utils -- found version 5.0.0~pre1
-- Searching for dependencies of gz-utils
-- Searching for <gz-utils> component [log]
-- Looking for gz-utils-log -- found version 5.0.0~pre1
-- Searching for dependencies of gz-utils-log
-- Checking for module 'uuid'
--   Found uuid, version 2.39.3
-- Searching for <gz-common> component [graphics]
-- Looking for gz-common-graphics -- found version 8.0.0~pre1
-- Searching for dependencies of gz-common-graphics
-- Looking for gz-math -- found version 10.0.0
-- Searching for <gz-common> component [events]
-- Looking for gz-common-events -- found version 8.0.0~pre1
-- Searching for dependencies of gz-common-events
-- Looking for gz-math -- found version 10.0.0
-- Searching for <gz-common> component [profiler]
-- Looking for gz-common-profiler -- found version 8.0.0~pre1
-- Searching for dependencies of gz-common-profiler
-- Searching for <gz-common> component [geospatial]
-- Looking for gz-common-geospatial -- found version 8.0.0~pre1
-- Searching for dependencies of gz-common-geospatial
-- Looking for gz-math -- found version 10.0.0
-- Looking for gz-common -- found version 8.0.0~pre1
-- Looking for gz-common - found

-- Looking for gz-plugin -- found version 5.0.0~pre1
-- Searching for dependencies of gz-plugin
-- Looking for gz-utils -- found version 5.0.0~pre1
-- Searching for dependencies of gz-utils
-- Searching for <gz-utils> component [cli]
-- Looking for gz-utils-cli -- found version 5.0.0~pre1
-- Searching for dependencies of gz-utils-cli
-- Searching for <gz-plugin> component [all]
-- Looking for all libraries of gz-plugin -- found version 5.0.0~pre1
-- Looking for gz-plugin -- found version 5.0.0~pre1
-- Looking for gz-plugin-loader -- found version 5.0.0~pre1
-- Searching for dependencies of gz-plugin-loader
-- Looking for gz-plugin-register -- found version 5.0.0~pre1
-- Searching for dependencies of gz-plugin-register
-- Looking for gz-plugin - found

-- Looking for gz-utils -- found version 5.0.0~pre1
-- Looking for gz-utils - found

-- Found OpenGL: /usr/lib/x86_64-linux-gnu/libOpenGL.so  found components: OpenGL EGL 
-- Looking for OpenGL - found

-- Checking for module 'OGRE-RTShaderSystem >= 1.12'
--   Found OGRE-RTShaderSystem, version 1.12.10
-- Checking for module 'OGRE-Terrain >= 1.12'
--   Found OGRE-Terrain, version 1.12.10
-- Checking for module 'OGRE-Overlay >= 1.12'
--   Found OGRE-Overlay, version 1.12.10
-- Checking for module 'OGRE-Paging >= 1.12'
--   Found OGRE-Paging, version 1.12.10
-- Looking for GzOGRE - found

-- Looking for OGRE using the name: OGRE2
--   + component HlmsPbs: found
--   + component HlmsUnlit: found
--   + component PlanarReflections: found
-- Looking for GzOGRE2 - found

-- Skipping vulkan support for component [ogre2]
CMake Warning at /usr/share/cmake/gz-cmake/cmake6/GzConfigureBuild.cmake:59 (message):
   CONFIGURATION WARNINGS:
   -- Ogre 1.x versions greater than 1.9 are not officially supported.
   -- The software might compile and even work but support from upstream
   -- could be reduced to accepting patches for newer versions
Call Stack (most recent call first):
  CMakeLists.txt:195 (gz_configure_build)


-- 
-- Searching for host SSE information
-- SSE2 found
-- SSE3 found
-- SSE4.1 found
-- SSE4.2 found
-- Configuring library: gz-rendering
-- Testing is disabled -- skipping UNIT tests
-- Configuring library: gz-rendering-ogre
-- Found OpenGL: /usr/lib/x86_64-linux-gnu/libOpenGL.so   
-- Testing is disabled -- skipping UNIT tests
-- Adding codecheck target
-- Build configuration successful
-- Build type: Release
-- Install prefix: /home/jrivero/code/my-agents.md/projects/ogre-migrator/ws/build-1.12/install
-- Configuring done (0.5s)
-- Generating done (0.0s)
-- Build files have been written to: /home/jrivero/code/my-agents.md/projects/ogre-migrator/ws/build-1.12/build/gz-rendering
[  1%] Building CXX object src/CMakeFiles/gz-rendering.dir/base/BaseScene.cc.o
[  2%] Linking CXX shared library ../lib/libgz-rendering.so
[ 60%] Built target gz-rendering
[ 64%] Building CXX object ogre/src/CMakeFiles/gz-rendering-ogre.dir/OgreAxisVisual.cc.o
[ 64%] Building CXX object ogre/src/CMakeFiles/gz-rendering-ogre.dir/OgreCOMVisual.cc.o
[ 65%] Building CXX object ogre/src/CMakeFiles/gz-rendering-ogre.dir/OgreConversions.cc.o
[ 64%] Building CXX object ogre/src/CMakeFiles/gz-rendering-ogre.dir/OgreCamera.cc.o
[ 66%] Building CXX object ogre/src/CMakeFiles/gz-rendering-ogre.dir/OgreDistortionPass.cc.o
[ 64%] Building CXX object ogre/src/CMakeFiles/gz-rendering-ogre.dir/OgreCapsule.cc.o
[ 66%] Building CXX object ogre/src/CMakeFiles/gz-rendering-ogre.dir/OgreDepthCamera.cc.o
[ 67%] Building CXX object ogre/src/CMakeFiles/gz-rendering-ogre.dir/OgreDynamicLines.cc.o
[ 68%] Building CXX object ogre/src/CMakeFiles/gz-rendering-ogre.dir/OgreDynamicRenderable.cc.o
[ 70%] Building CXX object ogre/src/CMakeFiles/gz-rendering-ogre.dir/OgreFrustumVisual.cc.o
[ 70%] Building CXX object ogre/src/CMakeFiles/gz-rendering-ogre.dir/OgreGaussianNoisePass.cc.o
[ 70%] Building CXX object ogre/src/CMakeFiles/gz-rendering-ogre.dir/OgreArrowVisual.cc.o
[ 70%] Building CXX object ogre/src/CMakeFiles/gz-rendering-ogre.dir/OgreGeometry.cc.o
[ 72%] Building CXX object ogre/src/CMakeFiles/gz-rendering-ogre.dir/OgreGpuRays.cc.o
[ 72%] Building CXX object ogre/src/CMakeFiles/gz-rendering-ogre.dir/OgreGizmoVisual.cc.o
[ 73%] Building CXX object ogre/src/CMakeFiles/gz-rendering-ogre.dir/OgreGrid.cc.o
[ 74%] Building CXX object ogre/src/CMakeFiles/gz-rendering-ogre.dir/OgreHeightmap.cc.o
[ 75%] Building CXX object ogre/src/CMakeFiles/gz-rendering-ogre.dir/OgreInertiaVisual.cc.o
[ 75%] Building CXX object ogre/src/CMakeFiles/gz-rendering-ogre.dir/OgreJointVisual.cc.o
/home/jrivero/code/my-agents.md/projects/ogre-migrator/ws/src/gz-rendering/ogre/src/OgreDynamicLines.cc: In member function ‘virtual void gz::rendering::v11::OgreDynamicLines::FillHardwareBuffers()’:
/home/jrivero/code/my-agents.md/projects/ogre-migrator/ws/src/gz-rendering/ogre/src/OgreDynamicLines.cc:191:46: warning: ‘void Ogre::RenderSystem::convertColourValue(const Ogre::ColourValue&, Ogre::uint32*)’ is deprecated [-Wdeprecated-declarations]
  191 |     renderSystemForVertex->convertColourValue(color, &colorArrayBuffer[i]);
      |     ~~~~~~~~~~~~~~~~~~~~~~~~~~~~~~~~~~~~~~~~~^~~~~~~~~~~~~~~~~~~~~~~~~~~~~
In file included from /usr/include/OGRE/OgreCompositorManager.h:33,
                 from /usr/include/OGRE/Ogre.h:46,
                 from /home/jrivero/code/my-agents.md/projects/ogre-migrator/ws/src/gz-rendering/ogre/include/gz/rendering/ogre/OgreIncludes.hh:32,
                 from /home/jrivero/code/my-agents.md/projects/ogre-migrator/ws/src/gz-rendering/ogre/include/gz/rendering/ogre/OgreConversions.hh:26,
                 from /home/jrivero/code/my-agents.md/projects/ogre-migrator/ws/src/gz-rendering/ogre/include/gz/rendering/ogre/OgreDynamicLines.hh:26,
                 from /home/jrivero/code/my-agents.md/projects/ogre-migrator/ws/src/gz-rendering/ogre/src/OgreDynamicLines.cc:25:
/usr/include/OGRE/OgreRenderSystem.h:799:30: note: declared here
  799 |         OGRE_DEPRECATED void convertColourValue(const ColourValue& colour, uint32* pDest);
      |                              ^~~~~~~~~~~~~~~~~~
/home/jrivero/code/my-agents.md/projects/ogre-migrator/ws/src/gz-rendering/ogre/src/OgreDistortionPass.cc: In member function ‘virtual void gz::rendering::v11::OgreDistortionPass::CreateRenderPass()’:
/home/jrivero/code/my-agents.md/projects/ogre-migrator/ws/src/gz-rendering/ogre/src/OgreDistortionPass.cc:423:14: warning: ‘Ogre::CompositionPass* Ogre::CompositionTargetPass::getPass(size_t)’ is deprecated [-Wdeprecated-declarations]
  422 |   this->dataPtr->distortionInstance->getTechnique()->getOutputTargetPass()->
      |   ~~~~~~~~~~~~~~~~~~~~~~~~~~~~~~~~~~~~~~~~~~~~~~~~~~~~~~~~~~~~~~~~~~~~~~~~~~
  423 |       getPass(0)->setMaterial(this->dataPtr->distortionMaterial);
      |       ~~~~~~~^~~
In file included from /usr/include/OGRE/Ogre.h:51,
                 from /home/jrivero/code/my-agents.md/projects/ogre-migrator/ws/src/gz-rendering/ogre/include/gz/rendering/ogre/OgreIncludes.hh:32,
                 from /home/jrivero/code/my-agents.md/projects/ogre-migrator/ws/src/gz-rendering/ogre/src/OgreDistortionPass.cc:23:
/usr/include/OGRE/OgreCompositionTargetPass.h:132:42: note: declared here
  132 |         OGRE_DEPRECATED CompositionPass *getPass(size_t idx);
      |                                          ^~~~~~~
/home/jrivero/code/my-agents.md/projects/ogre-migrator/ws/src/gz-rendering/ogre/src/OgreDistortionPass.cc: In member function ‘virtual void gz::rendering::v11::OgreDistortionPass::Destroy()’:
/home/jrivero/code/my-agents.md/projects/ogre-migrator/ws/src/gz-rendering/ogre/src/OgreDistortionPass.cc:453:48: warning: ‘bool Ogre::SharedPtr<T>::isNull() const [with T = Ogre::Material]’ is deprecated [-Wdeprecated-declarations]
  453 |   if (!this->dataPtr->distortionMaterial.isNull())
      |        ~~~~~~~~~~~~~~~~~~~~~~~~~~~~~~~~~~~~~~~~^~
In file included from /usr/include/OGRE/OgreHardwareVertexBuffer.h:34,
                 from /usr/include/OGRE/OgrePose.h:33,
                 from /usr/include/OGRE/OgreAnimationTrack.h:36,
                 from /usr/include/OGRE/OgreAnimation.h:34,
                 from /usr/include/OGRE/Ogre.h:33:
/usr/include/OGRE/OgreSharedPtr.h:91:30: note: declared here
   91 |         OGRE_DEPRECATED bool isNull(void) const { return !shared_ptr<T>::operator bool(); }
      |                              ^~~~~~
/home/jrivero/code/my-agents.md/projects/ogre-migrator/ws/src/gz-rendering/ogre/src/OgreDistortionPass.cc:457:46: warning: ‘void Ogre::SharedPtr<T>::setNull() [with T = Ogre::Material]’ is deprecated [-Wdeprecated-declarations]
  457 |     this->dataPtr->distortionMaterial.setNull();
      |     ~~~~~~~~~~~~~~~~~~~~~~~~~~~~~~~~~~~~~~~~~^~
/usr/include/OGRE/OgreSharedPtr.h:93:30: note: declared here
   93 |         OGRE_DEPRECATED void setNull() { shared_ptr<T>::reset(); }
      |                              ^~~~~~~
/home/jrivero/code/my-agents.md/projects/ogre-migrator/ws/src/gz-rendering/ogre/src/OgreDistortionPass.cc:460:47: warning: ‘bool Ogre::SharedPtr<T>::isNull() const [with T = Ogre::Texture]’ is deprecated [-Wdeprecated-declarations]
  460 |   if (!this->dataPtr->distortionTexture.isNull())
      |        ~~~~~~~~~~~~~~~~~~~~~~~~~~~~~~~~~~~~~~~^~
/usr/include/OGRE/OgreSharedPtr.h:91:30: note: declared here
   91 |         OGRE_DEPRECATED bool isNull(void) const { return !shared_ptr<T>::operator bool(); }
      |                              ^~~~~~
/home/jrivero/code/my-agents.md/projects/ogre-migrator/ws/src/gz-rendering/ogre/src/OgreDistortionPass.cc:465:45: warning: ‘void Ogre::SharedPtr<T>::setNull() [with T = Ogre::Texture]’ is deprecated [-Wdeprecated-declarations]
  465 |     this->dataPtr->distortionTexture.setNull();
      |     ~~~~~~~~~~~~~~~~~~~~~~~~~~~~~~~~~~~~~~~~^~
/usr/include/OGRE/OgreSharedPtr.h:93:30: note: declared here
   93 |         OGRE_DEPRECATED void setNull() { shared_ptr<T>::reset(); }
      |                              ^~~~~~~
/home/jrivero/code/my-agents.md/projects/ogre-migrator/ws/src/gz-rendering/ogre/src/OgreDistortionPass.cc: In member function ‘void gz::rendering::v11::OgreDistortionPass::CalculateAndApplyDistortionScale()’:
/home/jrivero/code/my-agents.md/projects/ogre-migrator/ws/src/gz-rendering/ogre/src/OgreDistortionPass.cc:519:47: warning: ‘bool Ogre::SharedPtr<T>::isNull() const [with T = Ogre::Material]’ is deprecated [-Wdeprecated-declarations]
  519 |   if (this->dataPtr->distortionMaterial.isNull())
      |       ~~~~~~~~~~~~~~~~~~~~~~~~~~~~~~~~~~~~~~~~^~
/usr/include/OGRE/OgreSharedPtr.h:91:30: note: declared here
   91 |         OGRE_DEPRECATED bool isNull(void) const { return !shared_ptr<T>::operator bool(); }
      |                              ^~~~~~
[ 76%] Building CXX object ogre/src/CMakeFiles/gz-rendering-ogre.dir/OgreLensFlarePass.cc.o
/home/jrivero/code/my-agents.md/projects/ogre-migrator/ws/src/gz-rendering/ogre/src/OgreCamera.cc: In member function ‘void gz::rendering::v11::OgreCamera::CreateCamera()’:
/home/jrivero/code/my-agents.md/projects/ogre-migrator/ws/src/gz-rendering/ogre/src/OgreCamera.cc:185:24: warning: ‘void Ogre::Camera::yaw(const Ogre::Radian&)’ is deprecated [-Wdeprecated-declarations]
  185 |   this->ogreCamera->yaw(Ogre::Degree(-90.0));
      |   ~~~~~~~~~~~~~~~~~~~~~^~~~~~~~~~~~~~~~~~~~~
In file included from /usr/include/OGRE/Ogre.h:44,
                 from /home/jrivero/code/my-agents.md/projects/ogre-migrator/ws/src/gz-rendering/ogre/include/gz/rendering/ogre/OgreIncludes.hh:32,
                 from /home/jrivero/code/my-agents.md/projects/ogre-migrator/ws/src/gz-rendering/ogre/include/gz/rendering/ogre/OgreObjectInterface.hh:21,
                 from /home/jrivero/code/my-agents.md/projects/ogre-migrator/ws/src/gz-rendering/ogre/include/gz/rendering/ogre/OgreCamera.hh:24,
                 from /home/jrivero/code/my-agents.md/projects/ogre-migrator/ws/src/gz-rendering/ogre/src/OgreCamera.cc:20:
/usr/include/OGRE/OgreCamera.h:294:30: note: declared here
  294 |         OGRE_DEPRECATED void yaw(const Radian& angle);
      |                              ^~~
/home/jrivero/code/my-agents.md/projects/ogre-migrator/ws/src/gz-rendering/ogre/src/OgreCamera.cc:186:25: warning: ‘void Ogre::Camera::roll(const Ogre::Radian&)’ is deprecated [-Wdeprecated-declarations]
  186 |   this->ogreCamera->roll(Ogre::Degree(-90.0));
      |   ~~~~~~~~~~~~~~~~~~~~~~^~~~~~~~~~~~~~~~~~~~~
/usr/include/OGRE/OgreCamera.h:289:30: note: declared here
  289 |         OGRE_DEPRECATED void roll(const Radian& angle);
      |                              ^~~~
/home/jrivero/code/my-agents.md/projects/ogre-migrator/ws/src/gz-rendering/ogre/src/OgreCamera.cc:187:36: warning: ‘void Ogre::Camera::setFixedYawAxis(bool, const Ogre::Vector3&)’ is deprecated [-Wdeprecated-declarations]
  187 |   this->ogreCamera->setFixedYawAxis(false);
      |   ~~~~~~~~~~~~~~~~~~~~~~~~~~~~~~~~~^~~~~~~
/usr/include/OGRE/OgreCamera.h:330:30: note: declared here
  330 |         OGRE_DEPRECATED void setFixedYawAxis( bool useFixed, const Vector3& fixedAxis = Vector3::UNIT_Y );
      |                              ^~~~~~~~~~~~~~~
/home/jrivero/code/my-agents.md/projects/ogre-migrator/ws/src/gz-rendering/ogre/src/OgreCamera.cc: In member function ‘virtual gz::rendering::v11::VisualPtr gz::rendering::v11::OgreCamera::VisualAt(const gz::math::v10::Vector2i&)’:
/home/jrivero/code/my-agents.md/projects/ogre-migrator/ws/src/gz-rendering/ogre/src/OgreCamera.cc:269:62: warning: ‘bool Ogre::Any::isEmpty() const’ is deprecated [-Wdeprecated-declarations]
  269 |     if (!entity->getUserObjectBindings().getUserAny().isEmpty() &&
      |          ~~~~~~~~~~~~~~~~~~~~~~~~~~~~~~~~~~~~~~~~~~~~~~~~~~~~^~
In file included from /usr/include/OGRE/Ogre.h:36:
/usr/include/OGRE/OgreAny.h:112:30: note: declared here
  112 |         OGRE_DEPRECATED bool isEmpty() const { return !has_value(); }
      |                              ^~~~~~~
/home/jrivero/code/my-agents.md/projects/ogre-migrator/ws/src/gz-rendering/ogre/src/OgreCamera.cc:270:61: warning: ‘const std::type_info& Ogre::Any::getType() const’ is deprecated [-Wdeprecated-declarations]
  270 |         entity->getUserObjectBindings().getUserAny().getType() ==
      |         ~~~~~~~~~~~~~~~~~~~~~~~~~~~~~~~~~~~~~~~~~~~~~~~~~~~~^~
/usr/include/OGRE/OgreAny.h:120:47: note: declared here
  120 |         OGRE_DEPRECATED const std::type_info& getType() const { return type(); }
      |                                               ^~~~~~~
/home/jrivero/code/my-agents.md/projects/ogre-migrator/ws/src/gz-rendering/ogre/src/OgreDepthCamera.cc: In member function ‘void gz::rendering::v11::OgreDepthCamera::CreateCamera()’:
/home/jrivero/code/my-agents.md/projects/ogre-migrator/ws/src/gz-rendering/ogre/src/OgreDepthCamera.cc:187:24: warning: ‘void Ogre::Camera::yaw(const Ogre::Radian&)’ is deprecated [-Wdeprecated-declarations]
  187 |   this->ogreCamera->yaw(Ogre::Degree(-90.0));
      |   ~~~~~~~~~~~~~~~~~~~~~^~~~~~~~~~~~~~~~~~~~~
In file included from /usr/include/OGRE/Ogre.h:44,
                 from /home/jrivero/code/my-agents.md/projects/ogre-migrator/ws/src/gz-rendering/ogre/include/gz/rendering/ogre/OgreIncludes.hh:32,
                 from /home/jrivero/code/my-agents.md/projects/ogre-migrator/ws/src/gz-rendering/ogre/include/gz/rendering/ogre/OgreConversions.hh:26,
                 from /home/jrivero/code/my-agents.md/projects/ogre-migrator/ws/src/gz-rendering/ogre/src/OgreDepthCamera.cc:31:
/usr/include/OGRE/OgreCamera.h:294:30: note: declared here
  294 |         OGRE_DEPRECATED void yaw(const Radian& angle);
      |                              ^~~
/home/jrivero/code/my-agents.md/projects/ogre-migrator/ws/src/gz-rendering/ogre/src/OgreDepthCamera.cc:188:25: warning: ‘void Ogre::Camera::roll(const Ogre::Radian&)’ is deprecated [-Wdeprecated-declarations]
  188 |   this->ogreCamera->roll(Ogre::Degree(-90.0));
      |   ~~~~~~~~~~~~~~~~~~~~~~^~~~~~~~~~~~~~~~~~~~~
/usr/include/OGRE/OgreCamera.h:289:30: note: declared here
  289 |         OGRE_DEPRECATED void roll(const Radian& angle);
      |                              ^~~~
/home/jrivero/code/my-agents.md/projects/ogre-migrator/ws/src/gz-rendering/ogre/src/OgreDepthCamera.cc:189:36: warning: ‘void Ogre::Camera::setFixedYawAxis(bool, const Ogre::Vector3&)’ is deprecated [-Wdeprecated-declarations]
  189 |   this->ogreCamera->setFixedYawAxis(false);
      |   ~~~~~~~~~~~~~~~~~~~~~~~~~~~~~~~~~^~~~~~~
/usr/include/OGRE/OgreCamera.h:330:30: note: declared here
  330 |         OGRE_DEPRECATED void setFixedYawAxis( bool useFixed, const Vector3& fixedAxis = Vector3::UNIT_Y );
      |                              ^~~~~~~~~~~~~~~
/home/jrivero/code/my-agents.md/projects/ogre-migrator/ws/src/gz-rendering/ogre/src/OgreDepthCamera.cc: In member function ‘void gz::rendering::v11::OgreDepthCamera::UpdateRenderTarget(gz::rendering::v11::OgreRenderTexturePtr, Ogre::Material*, const std::string&)’:
/home/jrivero/code/my-agents.md/projects/ogre-migrator/ws/src/gz-rendering/ogre/src/OgreDepthCamera.cc:407:21: warning: ‘void Ogre::RenderSystem::_setFog(Ogre::FogMode)’ is deprecated [-Wdeprecated-declarations]
  407 |   renderSys->_setFog(Ogre::FOG_NONE);
      |   ~~~~~~~~~~~~~~~~~~^~~~~~~~~~~~~~~~
In file included from /usr/include/OGRE/OgreCompositorManager.h:33,
                 from /usr/include/OGRE/Ogre.h:46:
/usr/include/OGRE/OgreRenderSystem.h:324:30: note: declared here
  324 |         OGRE_DEPRECATED void _setFog(FogMode f)
      |                              ^~~~~~~
/home/jrivero/code/my-agents.md/projects/ogre-migrator/ws/src/gz-rendering/ogre/src/OgreDepthCamera.cc:410:34: warning: ‘void Ogre::RenderSystem::_setProjectionMatrix(Ogre::Matrix4)’ is deprecated [-Wdeprecated-declarations]
  410 |   renderSys->_setProjectionMatrix(
      |   ~~~~~~~~~~~~~~~~~~~~~~~~~~~~~~~^
  411 |       this->ogreCamera->getProjectionMatrixRS());
      |       ~~~~~~~~~~~~~~~~~~~~~~~~~~~~~~~~~~~~~~~~~~
/usr/include/OGRE/OgreRenderSystem.h:305:30: note: declared here
  305 |         OGRE_DEPRECATED void _setProjectionMatrix(Matrix4 m);
      |                              ^~~~~~~~~~~~~~~~~~~~
/home/jrivero/code/my-agents.md/projects/ogre-migrator/ws/src/gz-rendering/ogre/src/OgreDepthCamera.cc:412:28: warning: ‘void Ogre::RenderSystem::_setViewMatrix(const Ogre::Matrix4&)’ is deprecated [-Wdeprecated-declarations]
  412 |   renderSys->_setViewMatrix(this->ogreCamera->getViewMatrix(true));
      |   ~~~~~~~~~~~~~~~~~~~~~~~~~^~~~~~~~~~~~~~~~~~~~~~~~~~~~~~~~~~~~~~~
/usr/include/OGRE/OgreRenderSystem.h:308:30: note: declared here
  308 |         OGRE_DEPRECATED void _setViewMatrix(const Matrix4& m)
      |                              ^~~~~~~~~~~~~~
/home/jrivero/code/my-agents.md/projects/ogre-migrator/ws/src/gz-rendering/ogre/src/OgreDepthCamera.cc: In member function ‘virtual void gz::rendering::v11::OgreDepthCamera::PostRender()’:
/home/jrivero/code/my-agents.md/projects/ogre-migrator/ws/src/gz-rendering/ogre/src/OgreDepthCamera.cc:471:70: warning: ‘void Ogre::RenderTarget::copyContentsToMemory(const Ogre::PixelBox&, FrameBuffer)’ is deprecated [-Wdeprecated-declarations]
  471 |     this->dataPtr->colorTexture->RenderTarget()->copyContentsToMemory(
      |     ~~~~~~~~~~~~~~~~~~~~~~~~~~~~~~~~~~~~~~~~~~~~~~~~~~~~~~~~~~~~~~~~~^
  472 |         ogrePixelBox);
      |         ~~~~~~~~~~~~~                                                 
In file included from /usr/include/OGRE/OgreRenderTexture.h:32,
                 from /usr/include/OGRE/Ogre.h:100:
/usr/include/OGRE/OgreRenderTarget.h:333:30: note: declared here
  333 |         OGRE_DEPRECATED void copyContentsToMemory(const PixelBox &dst, FrameBuffer buffer = FB_AUTO) { copyContentsToMemory(Box(0, 0, mWidth, mHeight), dst, buffer); }
      |                              ^~~~~~~~~~~~~~~~~~~~
[ 77%] Building CXX object ogre/src/CMakeFiles/gz-rendering-ogre.dir/OgreLidarVisual.cc.o
[ 78%] Building CXX object ogre/src/CMakeFiles/gz-rendering-ogre.dir/OgreLight.cc.o
/home/jrivero/code/my-agents.md/projects/ogre-migrator/ws/src/gz-rendering/ogre/src/OgreGpuRays.cc: In member function ‘void gz::rendering::v11::OgreGpuRays::CreateCamera()’:
/home/jrivero/code/my-agents.md/projects/ogre-migrator/ws/src/gz-rendering/ogre/src/OgreGpuRays.cc:276:45: warning: ‘void Ogre::Camera::setFixedYawAxis(bool, const Ogre::Vector3&)’ is deprecated [-Wdeprecated-declarations]
  276 |   this->dataPtr->ogreCamera->setFixedYawAxis(false);
      |   ~~~~~~~~~~~~~~~~~~~~~~~~~~~~~~~~~~~~~~~~~~^~~~~~~
In file included from /usr/include/OGRE/Ogre.h:44,
                 from /home/jrivero/code/my-agents.md/projects/ogre-migrator/ws/src/gz-rendering/ogre/include/gz/rendering/ogre/OgreIncludes.hh:32,
                 from /home/jrivero/code/my-agents.md/projects/ogre-migrator/ws/src/gz-rendering/ogre/include/gz/rendering/ogre/OgreObjectInterface.hh:21,
                 from /home/jrivero/code/my-agents.md/projects/ogre-migrator/ws/src/gz-rendering/ogre/include/gz/rendering/ogre/OgreCamera.hh:24,
                 from /home/jrivero/code/my-agents.md/projects/ogre-migrator/ws/src/gz-rendering/ogre/src/OgreGpuRays.cc:27:
/usr/include/OGRE/OgreCamera.h:330:30: note: declared here
  330 |         OGRE_DEPRECATED void setFixedYawAxis( bool useFixed, const Vector3& fixedAxis = Vector3::UNIT_Y );
      |                              ^~~~~~~~~~~~~~~
/home/jrivero/code/my-agents.md/projects/ogre-migrator/ws/src/gz-rendering/ogre/src/OgreGpuRays.cc:277:33: warning: ‘void Ogre::Camera::yaw(const Ogre::Radian&)’ is deprecated [-Wdeprecated-declarations]
  277 |   this->dataPtr->ogreCamera->yaw(Ogre::Degree(-90));
      |   ~~~~~~~~~~~~~~~~~~~~~~~~~~~~~~^~~~~~~~~~~~~~~~~~~
/usr/include/OGRE/OgreCamera.h:294:30: note: declared here
  294 |         OGRE_DEPRECATED void yaw(const Radian& angle);
      |                              ^~~
/home/jrivero/code/my-agents.md/projects/ogre-migrator/ws/src/gz-rendering/ogre/src/OgreGpuRays.cc:278:34: warning: ‘void Ogre::Camera::roll(const Ogre::Radian&)’ is deprecated [-Wdeprecated-declarations]
  278 |   this->dataPtr->ogreCamera->roll(Ogre::Degree(-90));
      |   ~~~~~~~~~~~~~~~~~~~~~~~~~~~~~~~^~~~~~~~~~~~~~~~~~~
/usr/include/OGRE/OgreCamera.h:289:30: note: declared here
  289 |         OGRE_DEPRECATED void roll(const Radian& angle);
      |                              ^~~~
/home/jrivero/code/my-agents.md/projects/ogre-migrator/ws/src/gz-rendering/ogre/src/OgreGpuRays.cc: In member function ‘void gz::rendering::v11::OgreGpuRays::ConfigureCameras()’:
/home/jrivero/code/my-agents.md/projects/ogre-migrator/ws/src/gz-rendering/ogre/src/OgreGpuRays.cc:417:33: warning: ‘void Ogre::Camera::yaw(const Ogre::Radian&)’ is deprecated [-Wdeprecated-declarations]
  417 |   this->dataPtr->ogreCamera->yaw(Ogre::Radian(this->HorzHalfAngle()));
      |   ~~~~~~~~~~~~~~~~~~~~~~~~~~~~~~^~~~~~~~~~~~~~~~~~~~~~~~~~~~~~~~~~~~~
/usr/include/OGRE/OgreCamera.h:294:30: note: declared here
  294 |         OGRE_DEPRECATED void yaw(const Radian& angle);
      |                              ^~~
/home/jrivero/code/my-agents.md/projects/ogre-migrator/ws/src/gz-rendering/ogre/src/OgreGpuRays.cc: In member function ‘void gz::rendering::v11::OgreGpuRays::UpdateRenderTarget(Ogre::RenderTarget*, Ogre::Material*, Ogre::Camera*, bool)’:
/home/jrivero/code/my-agents.md/projects/ogre-migrator/ws/src/gz-rendering/ogre/src/OgreGpuRays.cc:583:21: warning: ‘void Ogre::RenderSystem::_setFog(Ogre::FogMode)’ is deprecated [-Wdeprecated-declarations]
  583 |   renderSys->_setFog(Ogre::FOG_NONE);
      |   ~~~~~~~~~~~~~~~~~~^~~~~~~~~~~~~~~~
In file included from /usr/include/OGRE/OgreCompositorManager.h:33,
                 from /usr/include/OGRE/Ogre.h:46:
/usr/include/OGRE/OgreRenderSystem.h:324:30: note: declared here
  324 |         OGRE_DEPRECATED void _setFog(FogMode f)
      |                              ^~~~~~~
/home/jrivero/code/my-agents.md/projects/ogre-migrator/ws/src/gz-rendering/ogre/src/OgreGpuRays.cc: In member function ‘void gz::rendering::v11::OgreGpuRays::CreateOrthoCam()’:
/home/jrivero/code/my-agents.md/projects/ogre-migrator/ws/src/gz-rendering/ogre/src/OgreGpuRays.cc:766:33: warning: ‘void Ogre::Camera::pitch(const Ogre::Radian&)’ is deprecated [-Wdeprecated-declarations]
  766 |   this->dataPtr->orthoCam->pitch(Ogre::Degree(90));
      |   ~~~~~~~~~~~~~~~~~~~~~~~~~~~~~~^~~~~~~~~~~~~~~~~~
/usr/include/OGRE/OgreCamera.h:299:30: note: declared here
  299 |         OGRE_DEPRECATED void pitch(const Radian& angle);
      |                              ^~~~~
/home/jrivero/code/my-agents.md/projects/ogre-migrator/ws/src/gz-rendering/ogre/src/OgreGpuRays.cc:769:43: warning: ‘void Ogre::Camera::setFixedYawAxis(bool, const Ogre::Vector3&)’ is deprecated [-Wdeprecated-declarations]
  769 |   this->dataPtr->orthoCam->setFixedYawAxis(true, Ogre::Vector3::UNIT_Z);
      |   ~~~~~~~~~~~~~~~~~~~~~~~~~~~~~~~~~~~~~~~~^~~~~~~~~~~~~~~~~~~~~~~~~~~~~
/usr/include/OGRE/OgreCamera.h:330:30: note: declared here
  330 |         OGRE_DEPRECATED void setFixedYawAxis( bool useFixed, const Vector3& fixedAxis = Vector3::UNIT_Y );
      |                              ^~~~~~~~~~~~~~~
/home/jrivero/code/my-agents.md/projects/ogre-migrator/ws/src/gz-rendering/ogre/src/OgreGpuRays.cc:770:40: warning: ‘void Ogre::Camera::setDirection(Ogre::Real, Ogre::Real, Ogre::Real)’ is deprecated [-Wdeprecated-declarations]
  770 |   this->dataPtr->orthoCam->setDirection(1, 0, 0);
      |   ~~~~~~~~~~~~~~~~~~~~~~~~~~~~~~~~~~~~~^~~~~~~~~
/usr/include/OGRE/OgreCamera.h:251:30: note: declared here
  251 |         OGRE_DEPRECATED void setDirection(Real x, Real y, Real z);
      |                              ^~~~~~~~~~~~
[ 79%] Building CXX object ogre/src/CMakeFiles/gz-rendering-ogre.dir/OgreLightVisual.cc.o
[ 80%] Building CXX object ogre/src/CMakeFiles/gz-rendering-ogre.dir/OgreMarker.cc.o
[ 80%] Building CXX object ogre/src/CMakeFiles/gz-rendering-ogre.dir/OgreMaterial.cc.o
/home/jrivero/code/my-agents.md/projects/ogre-migrator/ws/src/gz-rendering/ogre/src/OgreHeightmap.cc: In member function ‘void gz::rendering::v11::OgreHeightmap::CreateMaterial()’:
/home/jrivero/code/my-agents.md/projects/ogre-migrator/ws/src/gz-rendering/ogre/src/OgreHeightmap.cc:1010:34: warning: ‘void Ogre::SharedPtr<T>::bind(T*) [with T = Ogre::TerrainMaterialGenerator]’ is deprecated [-Wdeprecated-declarations]
 1010 |     terrainMaterialGenerator.bind(terrainMaterial);
      |     ~~~~~~~~~~~~~~~~~~~~~~~~~~~~~^~~~~~~~~~~~~~~~~
In file included from /usr/include/OGRE/OgreHardwareVertexBuffer.h:34,
                 from /usr/include/OGRE/OgrePose.h:33,
                 from /usr/include/OGRE/OgreAnimationTrack.h:36,
                 from /usr/include/OGRE/OgreAnimation.h:34,
                 from /usr/include/OGRE/Ogre.h:33,
                 from /home/jrivero/code/my-agents.md/projects/ogre-migrator/ws/src/gz-rendering/ogre/include/gz/rendering/ogre/OgreIncludes.hh:32,
                 from /home/jrivero/code/my-agents.md/projects/ogre-migrator/ws/src/gz-rendering/ogre/include/gz/rendering/ogre/OgreObjectInterface.hh:21,
                 from /home/jrivero/code/my-agents.md/projects/ogre-migrator/ws/src/gz-rendering/ogre/include/gz/rendering/ogre/OgreCamera.hh:24,
                 from /home/jrivero/code/my-agents.md/projects/ogre-migrator/ws/src/gz-rendering/ogre/src/OgreHeightmap.cc:24:
/usr/include/OGRE/OgreSharedPtr.h:85:30: note: declared here
   85 |         OGRE_DEPRECATED void bind(T* rep) { shared_ptr<T>::reset(rep); }
      |                              ^~~~
/home/jrivero/code/my-agents.md/projects/ogre-migrator/ws/src/gz-rendering/ogre/src/OgreHeightmap.cc:1032:34: warning: ‘void Ogre::SharedPtr<T>::bind(T*) [with T = Ogre::TerrainMaterialGenerator]’ is deprecated [-Wdeprecated-declarations]
 1032 |     terrainMaterialGenerator.bind(terrainMaterial);
      |     ~~~~~~~~~~~~~~~~~~~~~~~~~~~~~^~~~~~~~~~~~~~~~~
/usr/include/OGRE/OgreSharedPtr.h:85:30: note: declared here
   85 |         OGRE_DEPRECATED void bind(T* rep) { shared_ptr<T>::reset(rep); }
      |                              ^~~~
/home/jrivero/code/my-agents.md/projects/ogre-migrator/ws/src/gz-rendering/ogre/src/OgreHeightmap.cc: In member function ‘virtual Ogre::MaterialPtr TerrainMaterial::Profile::generate(const Ogre::Terrain*)’:
/home/jrivero/code/my-agents.md/projects/ogre-migrator/ws/src/gz-rendering/ogre/src/OgreHeightmap.cc:2743:18: warning: ‘bool Ogre::SharedPtr<T>::isNull() const [with T = Ogre::Material]’ is deprecated [-Wdeprecated-declarations]
 2743 |   if (!mat.isNull())
      |        ~~~~~~~~~~^~
/usr/include/OGRE/OgreSharedPtr.h:91:30: note: declared here
   91 |         OGRE_DEPRECATED bool isNull(void) const { return !shared_ptr<T>::operator bool(); }
      |                              ^~~~~~
[ 81%] Building CXX object ogre/src/CMakeFiles/gz-rendering-ogre.dir/OgreMaterialSwitcher.cc.o
[ 82%] Building CXX object ogre/src/CMakeFiles/gz-rendering-ogre.dir/OgreMesh.cc.o
[ 83%] Building CXX object ogre/src/CMakeFiles/gz-rendering-ogre.dir/OgreMeshFactory.cc.o
[ 84%] Building CXX object ogre/src/CMakeFiles/gz-rendering-ogre.dir/OgreNode.cc.o
[ 85%] Building CXX object ogre/src/CMakeFiles/gz-rendering-ogre.dir/OgreObject.cc.o
[ 85%] Building CXX object ogre/src/CMakeFiles/gz-rendering-ogre.dir/OgreObjectInterface.cc.o
[ 86%] Building CXX object ogre/src/CMakeFiles/gz-rendering-ogre.dir/OgreParticleEmitter.cc.o
/home/jrivero/code/my-agents.md/projects/ogre-migrator/ws/src/gz-rendering/ogre/src/OgreLight.cc: In member function ‘virtual gz::math::v10::Vector3d gz::rendering::v11::OgreDirectionalLight::Direction() const’:
/home/jrivero/code/my-agents.md/projects/ogre-migrator/ws/src/gz-rendering/ogre/src/OgreLight.cc:210:64: warning: ‘const Ogre::Vector3& Ogre::Light::getDirection() const’ is deprecated [-Wdeprecated-declarations]
  210 |   return OgreConversions::Convert(this->ogreLight->getDirection());
      |                                   ~~~~~~~~~~~~~~~~~~~~~~~~~~~~~^~
In file included from /usr/include/OGRE/Ogre.h:73,
                 from /home/jrivero/code/my-agents.md/projects/ogre-migrator/ws/src/gz-rendering/ogre/include/gz/rendering/ogre/OgreIncludes.hh:32,
                 from /home/jrivero/code/my-agents.md/projects/ogre-migrator/ws/src/gz-rendering/ogre/include/gz/rendering/ogre/OgreLight.hh:22,
                 from /home/jrivero/code/my-agents.md/projects/ogre-migrator/ws/src/gz-rendering/ogre/src/OgreLight.cc:20:
/usr/include/OGRE/OgreLight.h:243:40: note: declared here
  243 |         OGRE_DEPRECATED const Vector3& getDirection(void) const;
      |                                        ^~~~~~~~~~~~
/home/jrivero/code/my-agents.md/projects/ogre-migrator/ws/src/gz-rendering/ogre/src/OgreLight.cc: In member function ‘virtual void gz::rendering::v11::OgreDirectionalLight::SetDirection(const gz::math::v10::Vector3d&)’:
/home/jrivero/code/my-agents.md/projects/ogre-migrator/ws/src/gz-rendering/ogre/src/OgreLight.cc:216:32: warning: ‘void Ogre::Light::setDirection(const Ogre::Vector3&)’ is deprecated [-Wdeprecated-declarations]
  216 |   this->ogreLight->setDirection(OgreConversions::Convert(_dir));
      |   ~~~~~~~~~~~~~~~~~~~~~~~~~~~~~^~~~~~~~~~~~~~~~~~~~~~~~~~~~~~~~
/usr/include/OGRE/OgreLight.h:238:30: note: declared here
  238 |         OGRE_DEPRECATED void setDirection(const Vector3& vec);
      |                              ^~~~~~~~~~~~
/home/jrivero/code/my-agents.md/projects/ogre-migrator/ws/src/gz-rendering/ogre/src/OgreLight.cc: In member function ‘virtual gz::math::v10::Vector3d gz::rendering::v11::OgreSpotLight::Direction() const’:
/home/jrivero/code/my-agents.md/projects/ogre-migrator/ws/src/gz-rendering/ogre/src/OgreLight.cc:248:64: warning: ‘const Ogre::Vector3& Ogre::Light::getDirection() const’ is deprecated [-Wdeprecated-declarations]
  248 |   return OgreConversions::Convert(this->ogreLight->getDirection());
      |                                   ~~~~~~~~~~~~~~~~~~~~~~~~~~~~~^~
/usr/include/OGRE/OgreLight.h:243:40: note: declared here
  243 |         OGRE_DEPRECATED const Vector3& getDirection(void) const;
      |                                        ^~~~~~~~~~~~
/home/jrivero/code/my-agents.md/projects/ogre-migrator/ws/src/gz-rendering/ogre/src/OgreLight.cc: In member function ‘virtual void gz::rendering::v11::OgreSpotLight::SetDirection(const gz::math::v10::Vector3d&)’:
/home/jrivero/code/my-agents.md/projects/ogre-migrator/ws/src/gz-rendering/ogre/src/OgreLight.cc:254:32: warning: ‘void Ogre::Light::setDirection(const Ogre::Vector3&)’ is deprecated [-Wdeprecated-declarations]
  254 |   this->ogreLight->setDirection(OgreConversions::Convert(_dir));
      |   ~~~~~~~~~~~~~~~~~~~~~~~~~~~~~^~~~~~~~~~~~~~~~~~~~~~~~~~~~~~~~
/usr/include/OGRE/OgreLight.h:238:30: note: declared here
  238 |         OGRE_DEPRECATED void setDirection(const Vector3& vec);
      |                              ^~~~~~~~~~~~
[ 87%] Building CXX object ogre/src/CMakeFiles/gz-rendering-ogre.dir/OgreProjector.cc.o
[ 88%] Building CXX object ogre/src/CMakeFiles/gz-rendering-ogre.dir/OgreRTShaderSystem.cc.o
[ 89%] Building CXX object ogre/src/CMakeFiles/gz-rendering-ogre.dir/OgreRayQuery.cc.o
/home/jrivero/code/my-agents.md/projects/ogre-migrator/ws/src/gz-rendering/ogre/src/OgreMaterial.cc: In member function ‘virtual void gz::rendering::v11::OgreMaterial::Destroy()’:
/home/jrivero/code/my-agents.md/projects/ogre-migrator/ws/src/gz-rendering/ogre/src/OgreMaterial.cc:80:27: warning: ‘unsigned int Ogre::SharedPtr<T>::useCount() const [with T = Ogre::Resource]’ is deprecated [-Wdeprecated-declarations]
   80 |     if (i->second.useCount() == 4)
      |         ~~~~~~~~~~~~~~~~~~^~
In file included from /usr/include/OGRE/OgreHardwareVertexBuffer.h:34,
                 from /usr/include/OGRE/OgrePose.h:33,
                 from /usr/include/OGRE/OgreAnimationTrack.h:36,
                 from /usr/include/OGRE/OgreAnimation.h:34,
                 from /usr/include/OGRE/Ogre.h:33,
                 from /home/jrivero/code/my-agents.md/projects/ogre-migrator/ws/src/gz-rendering/ogre/include/gz/rendering/ogre/OgreIncludes.hh:32,
                 from /home/jrivero/code/my-agents.md/projects/ogre-migrator/ws/src/gz-rendering/ogre/include/gz/rendering/ogre/OgreMaterial.hh:29,
                 from /home/jrivero/code/my-agents.md/projects/ogre-migrator/ws/src/gz-rendering/ogre/src/OgreMaterial.cc:24:
/usr/include/OGRE/OgreSharedPtr.h:87:38: note: declared here
   87 |         OGRE_DEPRECATED unsigned int useCount() const { return shared_ptr<T>::use_count(); }
      |                                      ^~~~~~~~
/home/jrivero/code/my-agents.md/projects/ogre-migrator/ws/src/gz-rendering/ogre/src/OgreMaterial.cc:89:31: warning: ‘unsigned int Ogre::SharedPtr<T>::useCount() const [with T = Ogre::Resource]’ is deprecated [-Wdeprecated-declarations]
   89 |         if (i->second.useCount() == 3)
      |             ~~~~~~~~~~~~~~~~~~^~
/usr/include/OGRE/OgreSharedPtr.h:87:38: note: declared here
   87 |         OGRE_DEPRECATED unsigned int useCount() const { return shared_ptr<T>::use_count(); }
      |                                      ^~~~~~~~
/home/jrivero/code/my-agents.md/projects/ogre-migrator/ws/src/gz-rendering/ogre/src/OgreMaterial.cc: In member function ‘void gz::rendering::v11::OgreMaterial::UpdateShaderParams(gz::rendering::v11::ConstShaderParamsPtr, const Ogre::GpuProgramParametersPtr&)’:
/home/jrivero/code/my-agents.md/projects/ogre-migrator/ws/src/gz-rendering/ogre/src/OgreMaterial.cc:526:37: warning: ‘void Ogre::TextureUnitState::setCubicTextureName(const Ogre::String&, bool)’ is deprecated [-Wdeprecated-declarations]
  526 |         texUnit->setCubicTextureName(baseName, true);
      |         ~~~~~~~~~~~~~~~~~~~~~~~~~~~~^~~~~~~~~~~~~~~~
In file included from /usr/include/OGRE/OgreControllerManager.h:35,
                 from /usr/include/OGRE/OgreAnimationState.h:36,
                 from /usr/include/OGRE/OgreAnimation.h:35:
/usr/include/OGRE/OgreTextureUnitState.h:376:30: note: declared here
  376 |         OGRE_DEPRECATED void setCubicTextureName( const String& name, bool forUVW = false )
      |                              ^~~~~~~~~~~~~~~~~~~
/home/jrivero/code/my-agents.md/projects/ogre-migrator/ws/src/gz-rendering/ogre/src/OgreMarker.cc: In member function ‘virtual void gz::rendering::v11::OgreMarker::PreRender()’:
/home/jrivero/code/my-agents.md/projects/ogre-migrator/ws/src/gz-rendering/ogre/src/OgreMarker.cc:64:63: warning: ‘bool Ogre::SharedPtr<T>::isNull() const [with T = Ogre::Material]’ is deprecated [-Wdeprecated-declarations]
   64 |     if (this->dataPtr->dynamicRenderable->getMaterial().isNull() ||
      |         ~~~~~~~~~~~~~~~~~~~~~~~~~~~~~~~~~~~~~~~~~~~~~~~~~~~~~~^~
In file included from /usr/include/OGRE/OgreHardwareVertexBuffer.h:34,
                 from /usr/include/OGRE/OgrePose.h:33,
                 from /usr/include/OGRE/OgreAnimationTrack.h:36,
                 from /usr/include/OGRE/OgreAnimation.h:34,
                 from /usr/include/OGRE/Ogre.h:33,
                 from /home/jrivero/code/my-agents.md/projects/ogre-migrator/ws/src/gz-rendering/ogre/include/gz/rendering/ogre/OgreIncludes.hh:32,
                 from /home/jrivero/code/my-agents.md/projects/ogre-migrator/ws/src/gz-rendering/ogre/include/gz/rendering/ogre/OgreCapsule.hh:24,
                 from /home/jrivero/code/my-agents.md/projects/ogre-migrator/ws/src/gz-rendering/ogre/src/OgreMarker.cc:21:
/usr/include/OGRE/OgreSharedPtr.h:91:30: note: declared here
   91 |         OGRE_DEPRECATED bool isNull(void) const { return !shared_ptr<T>::operator bool(); }
      |                              ^~~~~~
[ 90%] Building CXX object ogre/src/CMakeFiles/gz-rendering-ogre.dir/OgreRenderEngine.cc.o
/home/jrivero/code/my-agents.md/projects/ogre-migrator/ws/src/gz-rendering/ogre/src/OgreMesh.cc: In member function ‘virtual void gz::rendering::v11::OgreMesh::Destroy()’:
/home/jrivero/code/my-agents.md/projects/ogre-migrator/ws/src/gz-rendering/ogre/src/OgreMesh.cc:74:27: warning: ‘unsigned int Ogre::SharedPtr<T>::useCount() const [with T = Ogre::Resource]’ is deprecated [-Wdeprecated-declarations]
   74 |     if (i->second.useCount() == 3)
      |         ~~~~~~~~~~~~~~~~~~^~
In file included from /usr/include/OGRE/OgreHardwareVertexBuffer.h:34,
                 from /usr/include/OGRE/OgrePose.h:33,
                 from /usr/include/OGRE/OgreAnimationTrack.h:36,
                 from /usr/include/OGRE/OgreAnimation.h:34,
                 from /usr/include/OGRE/Ogre.h:33,
                 from /home/jrivero/code/my-agents.md/projects/ogre-migrator/ws/src/gz-rendering/ogre/include/gz/rendering/ogre/OgreIncludes.hh:32,
                 from /home/jrivero/code/my-agents.md/projects/ogre-migrator/ws/src/gz-rendering/ogre/include/gz/rendering/ogre/OgreConversions.hh:26,
                 from /home/jrivero/code/my-agents.md/projects/ogre-migrator/ws/src/gz-rendering/ogre/src/OgreMesh.cc:21:
/usr/include/OGRE/OgreSharedPtr.h:87:38: note: declared here
   87 |         OGRE_DEPRECATED unsigned int useCount() const { return shared_ptr<T>::use_count(); }
      |                                      ^~~~~~~~
[ 90%] Building CXX object ogre/src/CMakeFiles/gz-rendering-ogre.dir/OgreRenderPass.cc.o
[ 91%] Building CXX object ogre/src/CMakeFiles/gz-rendering-ogre.dir/OgreRenderTarget.cc.o
[ 92%] Building CXX object ogre/src/CMakeFiles/gz-rendering-ogre.dir/OgreRenderTargetMaterial.cc.o
[ 93%] Building CXX object ogre/src/CMakeFiles/gz-rendering-ogre.dir/OgreScene.cc.o
[ 94%] Building CXX object ogre/src/CMakeFiles/gz-rendering-ogre.dir/OgreSelectionBuffer.cc.o
[ 95%] Building CXX object ogre/src/CMakeFiles/gz-rendering-ogre.dir/OgreSensor.cc.o
[ 95%] Building CXX object ogre/src/CMakeFiles/gz-rendering-ogre.dir/OgreText.cc.o
[ 96%] Building CXX object ogre/src/CMakeFiles/gz-rendering-ogre.dir/OgreThermalCamera.cc.o
[ 97%] Building CXX object ogre/src/CMakeFiles/gz-rendering-ogre.dir/OgreVisual.cc.o
/home/jrivero/code/my-agents.md/projects/ogre-migrator/ws/src/gz-rendering/ogre/src/OgreRTShaderSystem.cc: In member function ‘void gz::rendering::v11::OgreRTShaderSystem::RemoveShadows(gz::rendering::v11::OgreScenePtr)’:
/home/jrivero/code/my-agents.md/projects/ogre-migrator/ws/src/gz-rendering/ogre/src/OgreRTShaderSystem.cc:571:50: warning: ‘void Ogre::RTShader::RenderState::removeTemplateSubRenderState(Ogre::RTShader::SubRenderState*)’ is deprecated [-Wdeprecated-declarations]
  571 |   schemeRenderState->removeTemplateSubRenderState(
      |   ~~~~~~~~~~~~~~~~~~~~~~~~~~~~~~~~~~~~~~~~~~~~~~~^
  572 |       this->dataPtr->shadowRenderState);
      |       ~~~~~~~~~~~~~~~~~~~~~~~~~~~~~~~~~           
In file included from /usr/include/OGRE/RTShaderSystem/OgreShaderGenerator.h:35,
                 from /usr/include/OGRE/RTShaderSystem/OgreRTShaderSystem.h:32,
                 from /home/jrivero/code/my-agents.md/projects/ogre-migrator/ws/src/gz-rendering/ogre/include/gz/rendering/ogre/OgreIncludes.hh:76,
                 from /home/jrivero/code/my-agents.md/projects/ogre-migrator/ws/src/gz-rendering/ogre/include/gz/rendering/ogre/OgreRenderEngine.hh:30,
                 from /home/jrivero/code/my-agents.md/projects/ogre-migrator/ws/src/gz-rendering/ogre/src/OgreRTShaderSystem.cc:33:
/usr/include/OGRE/RTShaderSystem/OgreShaderRenderState.h:76:26: note: declared here
   76 |     OGRE_DEPRECATED void removeTemplateSubRenderState(SubRenderState* srs) { removeSubRenderState(srs); }
      |                          ^~~~~~~~~~~~~~~~~~~~~~~~~~~~
/home/jrivero/code/my-agents.md/projects/ogre-migrator/ws/src/gz-rendering/ogre/src/OgreProjector.cc: In member function ‘std::unordered_set<std::__cxx11::basic_string<char> > gz::rendering::v11::OgreProjectorListener::FindVisibleMaterials()’:
/home/jrivero/code/my-agents.md/projects/ogre-migrator/ws/src/gz-rendering/ogre/src/OgreProjector.cc:496:72: warning: ‘bool Ogre::Any::isEmpty() const’ is deprecated [-Wdeprecated-declarations]
  496 |     if (entity && !entity->getUserObjectBindings().getUserAny().isEmpty() &&
      |                    ~~~~~~~~~~~~~~~~~~~~~~~~~~~~~~~~~~~~~~~~~~~~~~~~~~~~^~
In file included from /usr/include/OGRE/OgreGpuProgramParams.h:36,
                 from /usr/include/OGRE/OgreGpuProgram.h:34,
                 from /usr/include/OGRE/OgreRenderable.h:34,
                 from /usr/include/OGRE/OgreShadowCaster.h:32,
                 from /usr/include/OGRE/OgreMovableObject.h:36,
                 from /usr/include/OGRE/OgreEntity.h:34,
                 from /home/jrivero/code/my-agents.md/projects/ogre-migrator/ws/src/gz-rendering/ogre/src/OgreProjector.cc:25:
/usr/include/OGRE/OgreAny.h:112:30: note: declared here
  112 |         OGRE_DEPRECATED bool isEmpty() const { return !has_value(); }
      |                              ^~~~~~~
/home/jrivero/code/my-agents.md/projects/ogre-migrator/ws/src/gz-rendering/ogre/src/OgreProjector.cc:497:61: warning: ‘const std::type_info& Ogre::Any::getType() const’ is deprecated [-Wdeprecated-declarations]
  497 |         entity->getUserObjectBindings().getUserAny().getType() ==
      |         ~~~~~~~~~~~~~~~~~~~~~~~~~~~~~~~~~~~~~~~~~~~~~~~~~~~~^~
/usr/include/OGRE/OgreAny.h:120:47: note: declared here
  120 |         OGRE_DEPRECATED const std::type_info& getType() const { return type(); }
      |                                               ^~~~~~~
/home/jrivero/code/my-agents.md/projects/ogre-migrator/ws/src/gz-rendering/ogre/src/OgreRayQuery.cc: In member function ‘virtual gz::rendering::v11::RayQueryResult gz::rendering::v11::OgreRayQuery::ClosestPoint(bool)’:
/home/jrivero/code/my-agents.md/projects/ogre-migrator/ws/src/gz-rendering/ogre/src/OgreRayQuery.cc:153:27: warning: ‘bool Ogre::Any::isEmpty() const’ is deprecated [-Wdeprecated-declarations]
  153 |       if (!userAny.isEmpty() && userAny.getType() == typeid(unsigned int) &&
      |            ~~~~~~~~~~~~~~~^~
In file included from /usr/include/OGRE/Ogre.h:36,
                 from /home/jrivero/code/my-agents.md/projects/ogre-migrator/ws/src/gz-rendering/ogre/include/gz/rendering/ogre/OgreIncludes.hh:32,
                 from /home/jrivero/code/my-agents.md/projects/ogre-migrator/ws/src/gz-rendering/ogre/src/OgreRayQuery.cc:23:
/usr/include/OGRE/OgreAny.h:112:30: note: declared here
  112 |         OGRE_DEPRECATED bool isEmpty() const { return !has_value(); }
      |                              ^~~~~~~
/home/jrivero/code/my-agents.md/projects/ogre-migrator/ws/src/gz-rendering/ogre/src/OgreRayQuery.cc:153:48: warning: ‘const std::type_info& Ogre::Any::getType() const’ is deprecated [-Wdeprecated-declarations]
  153 |       if (!userAny.isEmpty() && userAny.getType() == typeid(unsigned int) &&
      |                                 ~~~~~~~~~~~~~~~^~
/usr/include/OGRE/OgreAny.h:120:47: note: declared here
  120 |         OGRE_DEPRECATED const std::type_info& getType() const { return type(); }
      |                                               ^~~~~~~
[ 98%] Building CXX object ogre/src/CMakeFiles/gz-rendering-ogre.dir/OgreWideAngleCamera.cc.o
[ 99%] Building CXX object ogre/src/CMakeFiles/gz-rendering-ogre.dir/OgreWireBox.cc.o
/home/jrivero/code/my-agents.md/projects/ogre-migrator/ws/src/gz-rendering/ogre/src/OgreRenderTargetMaterial.cc: In member function ‘virtual Ogre::Technique* gz::rendering::v11::OgreRenderTargetMaterial::handleSchemeNotFound(uint16_t, const Ogre::String&, Ogre::Material*, uint16_t, const Ogre::Renderable*)’:
/home/jrivero/code/my-agents.md/projects/ogre-migrator/ws/src/gz-rendering/ogre/src/OgreRenderTargetMaterial.cc:68:49: warning: ‘Ogre::Technique* Ogre::Material::getSupportedTechnique(short unsigned int)’ is deprecated [-Wdeprecated-declarations]
   68 |     return this->material->getSupportedTechnique(0);
      |            ~~~~~~~~~~~~~~~~~~~~~~~~~~~~~~~~~~~~~^~~
In file included from /usr/include/OGRE/OgreRenderable.h:37,
                 from /usr/include/OGRE/OgreShadowCaster.h:32,
                 from /usr/include/OGRE/OgreMovableObject.h:36,
                 from /usr/include/OGRE/OgreBillboardChain.h:37,
                 from /usr/include/OGRE/Ogre.h:41,
                 from /home/jrivero/code/my-agents.md/projects/ogre-migrator/ws/src/gz-rendering/ogre/include/gz/rendering/ogre/OgreIncludes.hh:32,
                 from /home/jrivero/code/my-agents.md/projects/ogre-migrator/ws/src/gz-rendering/ogre/include/gz/rendering/ogre/OgreRenderTargetMaterial.hh:23,
                 from /home/jrivero/code/my-agents.md/projects/ogre-migrator/ws/src/gz-rendering/ogre/src/OgreRenderTargetMaterial.cc:19:
/usr/include/OGRE/OgreMaterial.h:248:36: note: declared here
  248 |         OGRE_DEPRECATED Technique* getSupportedTechnique(unsigned short index);
      |                                    ^~~~~~~~~~~~~~~~~~~~~
/home/jrivero/code/my-agents.md/projects/ogre-migrator/ws/src/gz-rendering/ogre/src/OgreRenderTarget.cc: In member function ‘virtual void gz::rendering::v11::OgreRenderTarget::Copy(gz::rendering::v11::Image&) const’:
/home/jrivero/code/my-agents.md/projects/ogre-migrator/ws/src/gz-rendering/ogre/src/OgreRenderTarget.cc:82:47: warning: ‘void Ogre::RenderTarget::copyContentsToMemory(const Ogre::PixelBox&, FrameBuffer)’ is deprecated [-Wdeprecated-declarations]
   82 |     this->RenderTarget()->copyContentsToMemory(ogrePixelBox);
      |     ~~~~~~~~~~~~~~~~~~~~~~~~~~~~~~~~~~~~~~~~~~^~~~~~~~~~~~~~
In file included from /usr/include/OGRE/OgreRenderTexture.h:32,
                 from /usr/include/OGRE/Ogre.h:100,
                 from /home/jrivero/code/my-agents.md/projects/ogre-migrator/ws/src/gz-rendering/ogre/include/gz/rendering/ogre/OgreIncludes.hh:32,
                 from /home/jrivero/code/my-agents.md/projects/ogre-migrator/ws/src/gz-rendering/ogre/include/gz/rendering/ogre/OgreRenderEngine.hh:30,
                 from /home/jrivero/code/my-agents.md/projects/ogre-migrator/ws/src/gz-rendering/ogre/src/OgreRenderTarget.cc:24:
/usr/include/OGRE/OgreRenderTarget.h:333:30: note: declared here
  333 |         OGRE_DEPRECATED void copyContentsToMemory(const PixelBox &dst, FrameBuffer buffer = FB_AUTO) { copyContentsToMemory(Box(0, 0, mWidth, mHeight), dst, buffer); }
      |                              ^~~~~~~~~~~~~~~~~~~~
/home/jrivero/code/my-agents.md/projects/ogre-migrator/ws/src/gz-rendering/ogre/src/OgreRenderTarget.cc:92:47: warning: ‘void Ogre::RenderTarget::copyContentsToMemory(const Ogre::PixelBox&, FrameBuffer)’ is deprecated [-Wdeprecated-declarations]
   92 |     this->RenderTarget()->copyContentsToMemory(ogrePixelBox);
      |     ~~~~~~~~~~~~~~~~~~~~~~~~~~~~~~~~~~~~~~~~~~^~~~~~~~~~~~~~
/usr/include/OGRE/OgreRenderTarget.h:333:30: note: declared here
  333 |         OGRE_DEPRECATED void copyContentsToMemory(const PixelBox &dst, FrameBuffer buffer = FB_AUTO) { copyContentsToMemory(Box(0, 0, mWidth, mHeight), dst, buffer); }
      |                              ^~~~~~~~~~~~~~~~~~~~
/home/jrivero/code/my-agents.md/projects/ogre-migrator/ws/src/gz-rendering/ogre/src/OgreRenderTarget.cc: In member function ‘virtual void gz::rendering::v11::OgreRenderTexture::Buffer(float*)’:
/home/jrivero/code/my-agents.md/projects/ogre-migrator/ws/src/gz-rendering/ogre/src/OgreRenderTarget.cc:468:45: warning: ‘void Ogre::RenderTarget::copyContentsToMemory(const Ogre::PixelBox&, FrameBuffer)’ is deprecated [-Wdeprecated-declarations]
  468 |   this->RenderTarget()->copyContentsToMemory(ogrePixelBox);
      |   ~~~~~~~~~~~~~~~~~~~~~~~~~~~~~~~~~~~~~~~~~~^~~~~~~~~~~~~~
/usr/include/OGRE/OgreRenderTarget.h:333:30: note: declared here
  333 |         OGRE_DEPRECATED void copyContentsToMemory(const PixelBox &dst, FrameBuffer buffer = FB_AUTO) { copyContentsToMemory(Box(0, 0, mWidth, mHeight), dst, buffer); }
      |                              ^~~~~~~~~~~~~~~~~~~~
/home/jrivero/code/my-agents.md/projects/ogre-migrator/ws/src/gz-rendering/ogre/src/OgreSelectionBuffer.cc: In member function ‘void gz::rendering::v11::OgreSelectionBuffer::Update()’:
/home/jrivero/code/my-agents.md/projects/ogre-migrator/ws/src/gz-rendering/ogre/src/OgreSelectionBuffer.cc:112:53: warning: ‘void Ogre::RenderTarget::copyContentsToMemory(const Ogre::PixelBox&, FrameBuffer)’ is deprecated [-Wdeprecated-declarations]
  112 |   this->dataPtr->renderTexture->copyContentsToMemory(*this->dataPtr->pixelBox,
      |   ~~~~~~~~~~~~~~~~~~~~~~~~~~~~~~~~~~~~~~~~~~~~~~~~~~^~~~~~~~~~~~~~~~~~~~~~~~~~
  113 |       Ogre::RenderTarget::FB_FRONT);
      |       ~~~~~~~~~~~~~~~~~~~~~~~~~~~~~                  
In file included from /usr/include/OGRE/OgreRenderTexture.h:32,
                 from /usr/include/OGRE/Ogre.h:100,
                 from /home/jrivero/code/my-agents.md/projects/ogre-migrator/ws/src/gz-rendering/ogre/include/gz/rendering/ogre/OgreIncludes.hh:32,
                 from /home/jrivero/code/my-agents.md/projects/ogre-migrator/ws/src/gz-rendering/ogre/src/OgreSelectionBuffer.cc:24:
/usr/include/OGRE/OgreRenderTarget.h:333:30: note: declared here
  333 |         OGRE_DEPRECATED void copyContentsToMemory(const PixelBox &dst, FrameBuffer buffer = FB_AUTO) { copyContentsToMemory(Box(0, 0, mWidth, mHeight), dst, buffer); }
      |                              ^~~~~~~~~~~~~~~~~~~~
/home/jrivero/code/my-agents.md/projects/ogre-migrator/ws/src/gz-rendering/ogre/src/OgreSelectionBuffer.cc: In member function ‘Ogre::Entity* gz::rendering::v11::OgreSelectionBuffer::OnSelectionClick(int, int)’:
/home/jrivero/code/my-agents.md/projects/ogre-migrator/ws/src/gz-rendering/ogre/src/OgreSelectionBuffer.cc:229:46: warning: ‘void Ogre::Camera::setPosition(const Ogre::Vector3&)’ is deprecated [-Wdeprecated-declarations]
  229 |   this->dataPtr->selectionCamera->setPosition(
      |   ~~~~~~~~~~~~~~~~~~~~~~~~~~~~~~~~~~~~~~~~~~~^
  230 |       this->dataPtr->camera->getDerivedPosition());
      |       ~~~~~~~~~~~~~~~~~~~~~~~~~~~~~~~~~~~~~~~~~~~~
In file included from /usr/include/OGRE/Ogre.h:44:
/usr/include/OGRE/OgreCamera.h:228:30: note: declared here
  228 |         OGRE_DEPRECATED void setPosition(const Vector3& vec);
      |                              ^~~~~~~~~~~
/home/jrivero/code/my-agents.md/projects/ogre-migrator/ws/src/gz-rendering/ogre/src/OgreSelectionBuffer.cc:231:49: warning: ‘void Ogre::Camera::setOrientation(const Ogre::Quaternion&)’ is deprecated [-Wdeprecated-declarations]
  231 |   this->dataPtr->selectionCamera->setOrientation(
      |   ~~~~~~~~~~~~~~~~~~~~~~~~~~~~~~~~~~~~~~~~~~~~~~^
  232 |       this->dataPtr->camera->getDerivedOrientation());
      |       ~~~~~~~~~~~~~~~~~~~~~~~~~~~~~~~~~~~~~~~~~~~~~~~
/usr/include/OGRE/OgreCamera.h:341:30: note: declared here
  341 |         OGRE_DEPRECATED void setOrientation(const Quaternion& q);
      |                              ^~~~~~~~~~~~~~
/home/jrivero/code/my-agents.md/projects/ogre-migrator/ws/src/gz-rendering/ogre/src/OgreSelectionBuffer.cc: In member function ‘void gz::rendering::v11::OgreSelectionBuffer::ShowOverlay(bool)’:
/home/jrivero/code/my-agents.md/projects/ogre-migrator/ws/src/gz-rendering/ogre/src/OgreSelectionBuffer.cc:316:50: warning: unused parameter ‘_show’ [-Wunused-parameter]
  316 | void OgreSelectionBuffer::ShowOverlay(const bool _show)
      |                                       ~~~~~~~~~~~^~~~~
/home/jrivero/code/my-agents.md/projects/ogre-migrator/ws/src/gz-rendering/ogre/src/OgreText.cc: In member function ‘void gz::rendering::v11::OgreMovableText::UpdateColors()’:
/home/jrivero/code/my-agents.md/projects/ogre-migrator/ws/src/gz-rendering/ogre/src/OgreText.cc:753:48: warning: ‘void Ogre::Root::convertColourValue(const Ogre::ColourValue&, Ogre::uint32*)’ is deprecated [-Wdeprecated-declarations]
  753 |   Ogre::Root::getSingleton().convertColourValue(cv, &clr);
      |   ~~~~~~~~~~~~~~~~~~~~~~~~~~~~~~~~~~~~~~~~~~~~~^~~~~~~~~~
In file included from /usr/include/OGRE/Ogre.h:105,
                 from /home/jrivero/code/my-agents.md/projects/ogre-migrator/ws/src/gz-rendering/ogre/include/gz/rendering/ogre/OgreIncludes.hh:32,
                 from /home/jrivero/code/my-agents.md/projects/ogre-migrator/ws/src/gz-rendering/ogre/include/gz/rendering/ogre/OgreMaterial.hh:29,
                 from /home/jrivero/code/my-agents.md/projects/ogre-migrator/ws/src/gz-rendering/ogre/src/OgreText.cc:27:
/usr/include/OGRE/OgreRoot.h:562:30: note: declared here
  562 |         OGRE_DEPRECATED void convertColourValue(const ColourValue& colour, uint32* pDest);
      |                              ^~~~~~~~~~~~~~~~~~
/home/jrivero/code/my-agents.md/projects/ogre-migrator/ws/src/gz-rendering/ogre/src/OgreVisual.cc: In member function ‘virtual void gz::rendering::v11::OgreVisual::SetWireframe(bool)’:
/home/jrivero/code/my-agents.md/projects/ogre-migrator/ws/src/gz-rendering/ogre/src/OgreVisual.cc:72:32: warning: ‘bool Ogre::SharedPtr<T>::isNull() const [with T = Ogre::Material]’ is deprecated [-Wdeprecated-declarations]
   72 |       if (entityMaterial.isNull())
      |           ~~~~~~~~~~~~~~~~~~~~~^~
In file included from /usr/include/OGRE/OgreHardwareVertexBuffer.h:34,
                 from /usr/include/OGRE/OgrePose.h:33,
                 from /usr/include/OGRE/OgreAnimationTrack.h:36,
                 from /usr/include/OGRE/OgreAnimation.h:34,
                 from /usr/include/OGRE/Ogre.h:33,
                 from /home/jrivero/code/my-agents.md/projects/ogre-migrator/ws/src/gz-rendering/ogre/include/gz/rendering/ogre/OgreIncludes.hh:32,
                 from /home/jrivero/code/my-agents.md/projects/ogre-migrator/ws/src/gz-rendering/ogre/include/gz/rendering/ogre/OgreWireBox.hh:24,
                 from /home/jrivero/code/my-agents.md/projects/ogre-migrator/ws/src/gz-rendering/ogre/src/OgreVisual.cc:22:
/usr/include/OGRE/OgreSharedPtr.h:91:30: note: declared here
   91 |         OGRE_DEPRECATED bool isNull(void) const { return !shared_ptr<T>::operator bool(); }
      |                              ^~~~~~
/home/jrivero/code/my-agents.md/projects/ogre-migrator/ws/src/gz-rendering/ogre/src/OgreThermalCamera.cc: In member function ‘virtual Ogre::Technique* gz::rendering::v11::OgreThermalCameraMaterialSwitcher::handleSchemeNotFound(uint16_t, const Ogre::String&, Ogre::Material*, uint16_t, const Ogre::Renderable*)’:
/home/jrivero/code/my-agents.md/projects/ogre-migrator/ws/src/gz-rendering/ogre/src/OgreThermalCamera.cc:202:23: warning: ‘bool Ogre::Any::isEmpty() const’ is deprecated [-Wdeprecated-declarations]
  202 |   if (!userAny.isEmpty() && userAny.getType() == typeid(unsigned int))
      |        ~~~~~~~~~~~~~~~^~
In file included from /usr/include/OGRE/Ogre.h:36,
                 from /home/jrivero/code/my-agents.md/projects/ogre-migrator/ws/src/gz-rendering/ogre/include/gz/rendering/ogre/OgreIncludes.hh:32,
                 from /home/jrivero/code/my-agents.md/projects/ogre-migrator/ws/src/gz-rendering/ogre/include/gz/rendering/ogre/OgreConversions.hh:26,
                 from /home/jrivero/code/my-agents.md/projects/ogre-migrator/ws/src/gz-rendering/ogre/include/gz/rendering/ogre/OgreThermalCamera.hh:33,
                 from /home/jrivero/code/my-agents.md/projects/ogre-migrator/ws/src/gz-rendering/ogre/src/OgreThermalCamera.cc:32:
/usr/include/OGRE/OgreAny.h:112:30: note: declared here
  112 |         OGRE_DEPRECATED bool isEmpty() const { return !has_value(); }
      |                              ^~~~~~~
/home/jrivero/code/my-agents.md/projects/ogre-migrator/ws/src/gz-rendering/ogre/src/OgreThermalCamera.cc:202:44: warning: ‘const std::type_info& Ogre::Any::getType() const’ is deprecated [-Wdeprecated-declarations]
  202 |   if (!userAny.isEmpty() && userAny.getType() == typeid(unsigned int))
      |                             ~~~~~~~~~~~~~~~^~
/usr/include/OGRE/OgreAny.h:120:47: note: declared here
  120 |         OGRE_DEPRECATED const std::type_info& getType() const { return type(); }
      |                                               ^~~~~~~
/home/jrivero/code/my-agents.md/projects/ogre-migrator/ws/src/gz-rendering/ogre/src/OgreThermalCamera.cc:253:61: warning: ‘Ogre::Technique* Ogre::Material::getSupportedTechnique(short unsigned int)’ is deprecated [-Wdeprecated-declarations]
  253 |       return this->heatSourceMaterial->getSupportedTechnique(0);
      |              ~~~~~~~~~~~~~~~~~~~~~~~~~~~~~~~~~~~~~~~~~~~~~~~^~~
In file included from /usr/include/OGRE/OgreRenderable.h:37,
                 from /usr/include/OGRE/OgreShadowCaster.h:32,
                 from /usr/include/OGRE/OgreMovableObject.h:36,
                 from /usr/include/OGRE/OgreBillboardChain.h:37,
                 from /usr/include/OGRE/Ogre.h:41:
/usr/include/OGRE/OgreMaterial.h:248:36: note: declared here
  248 |         OGRE_DEPRECATED Technique* getSupportedTechnique(unsigned short index);
      |                                    ^~~~~~~~~~~~~~~~~~~~~
/home/jrivero/code/my-agents.md/projects/ogre-migrator/ws/src/gz-rendering/ogre/src/OgreThermalCamera.cc:261:57: warning: ‘Ogre::Technique* Ogre::Material::getSupportedTechnique(short unsigned int)’ is deprecated [-Wdeprecated-declarations]
  261 |   return this->heatSourceMaterial->getSupportedTechnique(0);
      |          ~~~~~~~~~~~~~~~~~~~~~~~~~~~~~~~~~~~~~~~~~~~~~~~^~~
/usr/include/OGRE/OgreMaterial.h:248:36: note: declared here
  248 |         OGRE_DEPRECATED Technique* getSupportedTechnique(unsigned short index);
      |                                    ^~~~~~~~~~~~~~~~~~~~~
/home/jrivero/code/my-agents.md/projects/ogre-migrator/ws/src/gz-rendering/ogre/src/OgreThermalCamera.cc: In member function ‘virtual void gz::rendering::v11::OgreThermalCamera::Destroy()’:
/home/jrivero/code/my-agents.md/projects/ogre-migrator/ws/src/gz-rendering/ogre/src/OgreThermalCamera.cc:302:16: warning: ‘Ogre::CompositionPass* Ogre::CompositionTargetPass::getPass(size_t)’ is deprecated [-Wdeprecated-declarations]
  300 |     this->dataPtr->thermalInstance->getTechnique()
      |     ~~~~~~~~~~~~~~~~~~~~~~~~~~~~~~~~~~~~~~~~~~~~~~
  301 |       ->getOutputTargetPass()
      |       ~~~~~~~~~~~~~~~~~~~~~~~
  302 |       ->getPass(0)
      |       ~~~~~~~~~^~~
In file included from /usr/include/OGRE/Ogre.h:51:
/usr/include/OGRE/OgreCompositionTargetPass.h:132:42: note: declared here
  132 |         OGRE_DEPRECATED CompositionPass *getPass(size_t idx);
      |                                          ^~~~~~~
/home/jrivero/code/my-agents.md/projects/ogre-migrator/ws/src/gz-rendering/ogre/src/OgreThermalCamera.cc:321:45: warning: ‘bool Ogre::SharedPtr<T>::isNull() const [with T = Ogre::Material]’ is deprecated [-Wdeprecated-declarations]
  321 |   if (!this->dataPtr->thermalMaterial.isNull())
      |        ~~~~~~~~~~~~~~~~~~~~~~~~~~~~~~~~~~~~~^~
In file included from /usr/include/OGRE/OgreHardwareVertexBuffer.h:34,
                 from /usr/include/OGRE/OgrePose.h:33,
                 from /usr/include/OGRE/OgreAnimationTrack.h:36,
                 from /usr/include/OGRE/OgreAnimation.h:34,
                 from /usr/include/OGRE/Ogre.h:33:
/usr/include/OGRE/OgreSharedPtr.h:91:30: note: declared here
   91 |         OGRE_DEPRECATED bool isNull(void) const { return !shared_ptr<T>::operator bool(); }
      |                              ^~~~~~
/home/jrivero/code/my-agents.md/projects/ogre-migrator/ws/src/gz-rendering/ogre/src/OgreThermalCamera.cc:325:43: warning: ‘void Ogre::SharedPtr<T>::setNull() [with T = Ogre::Material]’ is deprecated [-Wdeprecated-declarations]
  325 |     this->dataPtr->thermalMaterial.setNull();
      |     ~~~~~~~~~~~~~~~~~~~~~~~~~~~~~~~~~~~~~~^~
/usr/include/OGRE/OgreSharedPtr.h:93:30: note: declared here
   93 |         OGRE_DEPRECATED void setNull() { shared_ptr<T>::reset(); }
      |                              ^~~~~~~
/home/jrivero/code/my-agents.md/projects/ogre-migrator/ws/src/gz-rendering/ogre/src/OgreThermalCamera.cc: In member function ‘void gz::rendering::v11::OgreThermalCamera::CreateCamera()’:
/home/jrivero/code/my-agents.md/projects/ogre-migrator/ws/src/gz-rendering/ogre/src/OgreThermalCamera.cc:382:24: warning: ‘void Ogre::Camera::yaw(const Ogre::Radian&)’ is deprecated [-Wdeprecated-declarations]
  382 |   this->ogreCamera->yaw(Ogre::Degree(-90.0));
      |   ~~~~~~~~~~~~~~~~~~~~~^~~~~~~~~~~~~~~~~~~~~
In file included from /usr/include/OGRE/Ogre.h:44:
/usr/include/OGRE/OgreCamera.h:294:30: note: declared here
  294 |         OGRE_DEPRECATED void yaw(const Radian& angle);
      |                              ^~~
/home/jrivero/code/my-agents.md/projects/ogre-migrator/ws/src/gz-rendering/ogre/src/OgreThermalCamera.cc:383:25: warning: ‘void Ogre::Camera::roll(const Ogre::Radian&)’ is deprecated [-Wdeprecated-declarations]
  383 |   this->ogreCamera->roll(Ogre::Degree(-90.0));
      |   ~~~~~~~~~~~~~~~~~~~~~~^~~~~~~~~~~~~~~~~~~~~
/usr/include/OGRE/OgreCamera.h:289:30: note: declared here
  289 |         OGRE_DEPRECATED void roll(const Radian& angle);
      |                              ^~~~
/home/jrivero/code/my-agents.md/projects/ogre-migrator/ws/src/gz-rendering/ogre/src/OgreThermalCamera.cc:384:36: warning: ‘void Ogre::Camera::setFixedYawAxis(bool, const Ogre::Vector3&)’ is deprecated [-Wdeprecated-declarations]
  384 |   this->ogreCamera->setFixedYawAxis(false);
      |   ~~~~~~~~~~~~~~~~~~~~~~~~~~~~~~~~~^~~~~~~
/usr/include/OGRE/OgreCamera.h:330:30: note: declared here
  330 |         OGRE_DEPRECATED void setFixedYawAxis( bool useFixed, const Vector3& fixedAxis = Vector3::UNIT_Y );
      |                              ^~~~~~~~~~~~~~~
/home/jrivero/code/my-agents.md/projects/ogre-migrator/ws/src/gz-rendering/ogre/src/OgreThermalCamera.cc: In member function ‘void gz::rendering::v11::OgreThermalCamera::CreateThermalTexture()’:
/home/jrivero/code/my-agents.md/projects/ogre-migrator/ws/src/gz-rendering/ogre/src/OgreThermalCamera.cc:468:14: warning: ‘Ogre::CompositionPass* Ogre::CompositionTargetPass::getPass(size_t)’ is deprecated [-Wdeprecated-declarations]
  467 |   this->dataPtr->thermalInstance->getTechnique()->getOutputTargetPass()->
      |   ~~~~~~~~~~~~~~~~~~~~~~~~~~~~~~~~~~~~~~~~~~~~~~~~~~~~~~~~~~~~~~~~~~~~~~~
  468 |       getPass(0)->setMaterial(this->dataPtr->thermalMaterial);
      |       ~~~~~~~^~~
/usr/include/OGRE/OgreCompositionTargetPass.h:132:42: note: declared here
  132 |         OGRE_DEPRECATED CompositionPass *getPass(size_t idx);
      |                                          ^~~~~~~
/home/jrivero/code/my-agents.md/projects/ogre-migrator/ws/src/gz-rendering/ogre/src/OgreThermalCamera.cc: In member function ‘virtual void gz::rendering::v11::OgreThermalCamera::PostRender()’:
/home/jrivero/code/my-agents.md/projects/ogre-migrator/ws/src/gz-rendering/ogre/src/OgreThermalCamera.cc:571:27: warning: ‘void Ogre::RenderTarget::copyContentsToMemory(const Ogre::PixelBox&, FrameBuffer)’ is deprecated [-Wdeprecated-declarations]
  571 |   rt->copyContentsToMemory(ogrePixelBox);
      |   ~~~~~~~~~~~~~~~~~~~~~~~~^~~~~~~~~~~~~~
In file included from /usr/include/OGRE/OgreRenderTexture.h:32,
                 from /usr/include/OGRE/Ogre.h:100:
/usr/include/OGRE/OgreRenderTarget.h:333:30: note: declared here
  333 |         OGRE_DEPRECATED void copyContentsToMemory(const PixelBox &dst, FrameBuffer buffer = FB_AUTO) { copyContentsToMemory(Box(0, 0, mWidth, mHeight), dst, buffer); }
      |                              ^~~~~~~~~~~~~~~~~~~~
/home/jrivero/code/my-agents.md/projects/ogre-migrator/ws/src/gz-rendering/ogre/src/OgreWideAngleCamera.cc: In member function ‘virtual void gz::rendering::v11::OgreWideAngleCamera::Destroy()’:
/home/jrivero/code/my-agents.md/projects/ogre-migrator/ws/src/gz-rendering/ogre/src/OgreWideAngleCamera.cc:249:37: warning: ‘bool Ogre::SharedPtr<T>::isNull() const [with T = Ogre::Material]’ is deprecated [-Wdeprecated-declarations]
  249 |   if (!this->dataPtr->compMat.isNull())
      |        ~~~~~~~~~~~~~~~~~~~~~~~~~~~~~^~
In file included from /usr/include/OGRE/OgreHardwareVertexBuffer.h:34,
                 from /usr/include/OGRE/OgrePose.h:33,
                 from /usr/include/OGRE/OgreAnimationTrack.h:36,
                 from /usr/include/OGRE/OgreAnimation.h:34,
                 from /usr/include/OGRE/Ogre.h:33,
                 from /home/jrivero/code/my-agents.md/projects/ogre-migrator/ws/src/gz-rendering/ogre/include/gz/rendering/ogre/OgreIncludes.hh:32,
                 from /home/jrivero/code/my-agents.md/projects/ogre-migrator/ws/src/gz-rendering/ogre/include/gz/rendering/ogre/OgreRenderTarget.hh:25,
                 from /home/jrivero/code/my-agents.md/projects/ogre-migrator/ws/src/gz-rendering/ogre/include/gz/rendering/ogre/OgreWideAngleCamera.hh:27,
                 from /home/jrivero/code/my-agents.md/projects/ogre-migrator/ws/src/gz-rendering/ogre/src/OgreWideAngleCamera.cc:39:
/usr/include/OGRE/OgreSharedPtr.h:91:30: note: declared here
   91 |         OGRE_DEPRECATED bool isNull(void) const { return !shared_ptr<T>::operator bool(); }
      |                              ^~~~~~
/home/jrivero/code/my-agents.md/projects/ogre-migrator/ws/src/gz-rendering/ogre/src/OgreWideAngleCamera.cc:250:35: warning: ‘void Ogre::SharedPtr<T>::setNull() [with T = Ogre::Material]’ is deprecated [-Wdeprecated-declarations]
  250 |     this->dataPtr->compMat.setNull();
      |     ~~~~~~~~~~~~~~~~~~~~~~~~~~~~~~^~
/usr/include/OGRE/OgreSharedPtr.h:93:30: note: declared here
   93 |         OGRE_DEPRECATED void setNull() { shared_ptr<T>::reset(); }
      |                              ^~~~~~~
/home/jrivero/code/my-agents.md/projects/ogre-migrator/ws/src/gz-rendering/ogre/src/OgreWideAngleCamera.cc: In member function ‘void gz::rendering::v11::OgreWideAngleCamera::CreateCamera()’:
/home/jrivero/code/my-agents.md/projects/ogre-migrator/ws/src/gz-rendering/ogre/src/OgreWideAngleCamera.cc:352:45: warning: ‘void Ogre::Camera::setFixedYawAxis(bool, const Ogre::Vector3&)’ is deprecated [-Wdeprecated-declarations]
  352 |   this->dataPtr->ogreCamera->setFixedYawAxis(false);
      |   ~~~~~~~~~~~~~~~~~~~~~~~~~~~~~~~~~~~~~~~~~~^~~~~~~
In file included from /usr/include/OGRE/Ogre.h:44:
/usr/include/OGRE/OgreCamera.h:330:30: note: declared here
  330 |         OGRE_DEPRECATED void setFixedYawAxis( bool useFixed, const Vector3& fixedAxis = Vector3::UNIT_Y );
      |                              ^~~~~~~~~~~~~~~
/home/jrivero/code/my-agents.md/projects/ogre-migrator/ws/src/gz-rendering/ogre/src/OgreWideAngleCamera.cc:353:33: warning: ‘void Ogre::Camera::yaw(const Ogre::Radian&)’ is deprecated [-Wdeprecated-declarations]
  353 |   this->dataPtr->ogreCamera->yaw(Ogre::Degree(-90));
      |   ~~~~~~~~~~~~~~~~~~~~~~~~~~~~~~^~~~~~~~~~~~~~~~~~~
/usr/include/OGRE/OgreCamera.h:294:30: note: declared here
  294 |         OGRE_DEPRECATED void yaw(const Radian& angle);
      |                              ^~~
/home/jrivero/code/my-agents.md/projects/ogre-migrator/ws/src/gz-rendering/ogre/src/OgreWideAngleCamera.cc:354:34: warning: ‘void Ogre::Camera::roll(const Ogre::Radian&)’ is deprecated [-Wdeprecated-declarations]
  354 |   this->dataPtr->ogreCamera->roll(Ogre::Degree(-90));
      |   ~~~~~~~~~~~~~~~~~~~~~~~~~~~~~~~^~~~~~~~~~~~~~~~~~~
/usr/include/OGRE/OgreCamera.h:289:30: note: declared here
  289 |         OGRE_DEPRECATED void roll(const Radian& angle);
      |                              ^~~~
/home/jrivero/code/my-agents.md/projects/ogre-migrator/ws/src/gz-rendering/ogre/src/OgreWideAngleCamera.cc: In member function ‘void gz::rendering::v11::OgreWideAngleCamera::CreateEnvCameras()’:
/home/jrivero/code/my-agents.md/projects/ogre-migrator/ws/src/gz-rendering/ogre/src/OgreWideAngleCamera.cc:372:50: warning: ‘void Ogre::Camera::setFixedYawAxis(bool, const Ogre::Vector3&)’ is deprecated [-Wdeprecated-declarations]
  372 |     this->dataPtr->envCameras[i]->setFixedYawAxis(false);
      |     ~~~~~~~~~~~~~~~~~~~~~~~~~~~~~~~~~~~~~~~~~~~~~^~~~~~~
/usr/include/OGRE/OgreCamera.h:330:30: note: declared here
  330 |         OGRE_DEPRECATED void setFixedYawAxis( bool useFixed, const Vector3& fixedAxis = Vector3::UNIT_Y );
      |                              ^~~~~~~~~~~~~~~
/home/jrivero/code/my-agents.md/projects/ogre-migrator/ws/src/gz-rendering/ogre/src/OgreWideAngleCamera.cc:376:38: warning: ‘void Ogre::Camera::yaw(const Ogre::Radian&)’ is deprecated [-Wdeprecated-declarations]
  376 |     this->dataPtr->envCameras[i]->yaw(Ogre::Degree(-90.0));
      |     ~~~~~~~~~~~~~~~~~~~~~~~~~~~~~~~~~^~~~~~~~~~~~~~~~~~~~~
/usr/include/OGRE/OgreCamera.h:294:30: note: declared here
  294 |         OGRE_DEPRECATED void yaw(const Radian& angle);
      |                              ^~~
/home/jrivero/code/my-agents.md/projects/ogre-migrator/ws/src/gz-rendering/ogre/src/OgreWideAngleCamera.cc:377:39: warning: ‘void Ogre::Camera::roll(const Ogre::Radian&)’ is deprecated [-Wdeprecated-declarations]
  377 |     this->dataPtr->envCameras[i]->roll(Ogre::Degree(-90.0));
      |     ~~~~~~~~~~~~~~~~~~~~~~~~~~~~~~~~~~^~~~~~~~~~~~~~~~~~~~~
/usr/include/OGRE/OgreCamera.h:289:30: note: declared here
  289 |         OGRE_DEPRECATED void roll(const Radian& angle);
      |                              ^~~~
/home/jrivero/code/my-agents.md/projects/ogre-migrator/ws/src/gz-rendering/ogre/src/OgreWideAngleCamera.cc:389:36: warning: ‘void Ogre::Camera::yaw(const Ogre::Radian&)’ is deprecated [-Wdeprecated-declarations]
  389 |   this->dataPtr->envCameras[0]->yaw(Ogre::Degree(-90));
      |   ~~~~~~~~~~~~~~~~~~~~~~~~~~~~~~~~~^~~~~~~~~~~~~~~~~~~
/usr/include/OGRE/OgreCamera.h:294:30: note: declared here
  294 |         OGRE_DEPRECATED void yaw(const Radian& angle);
      |                              ^~~
/home/jrivero/code/my-agents.md/projects/ogre-migrator/ws/src/gz-rendering/ogre/src/OgreWideAngleCamera.cc:390:36: warning: ‘void Ogre::Camera::yaw(const Ogre::Radian&)’ is deprecated [-Wdeprecated-declarations]
  390 |   this->dataPtr->envCameras[1]->yaw(Ogre::Degree(90));
      |   ~~~~~~~~~~~~~~~~~~~~~~~~~~~~~~~~~^~~~~~~~~~~~~~~~~~
/usr/include/OGRE/OgreCamera.h:294:30: note: declared here
  294 |         OGRE_DEPRECATED void yaw(const Radian& angle);
      |                              ^~~
/home/jrivero/code/my-agents.md/projects/ogre-migrator/ws/src/gz-rendering/ogre/src/OgreWideAngleCamera.cc:391:38: warning: ‘void Ogre::Camera::pitch(const Ogre::Radian&)’ is deprecated [-Wdeprecated-declarations]
  391 |   this->dataPtr->envCameras[2]->pitch(Ogre::Degree(90));
      |   ~~~~~~~~~~~~~~~~~~~~~~~~~~~~~~~~~~~^~~~~~~~~~~~~~~~~~
/usr/include/OGRE/OgreCamera.h:299:30: note: declared here
  299 |         OGRE_DEPRECATED void pitch(const Radian& angle);
      |                              ^~~~~
/home/jrivero/code/my-agents.md/projects/ogre-migrator/ws/src/gz-rendering/ogre/src/OgreWideAngleCamera.cc:392:38: warning: ‘void Ogre::Camera::pitch(const Ogre::Radian&)’ is deprecated [-Wdeprecated-declarations]
  392 |   this->dataPtr->envCameras[3]->pitch(Ogre::Degree(-90));
      |   ~~~~~~~~~~~~~~~~~~~~~~~~~~~~~~~~~~~^~~~~~~~~~~~~~~~~~~
/usr/include/OGRE/OgreCamera.h:299:30: note: declared here
  299 |         OGRE_DEPRECATED void pitch(const Radian& angle);
      |                              ^~~~~
/home/jrivero/code/my-agents.md/projects/ogre-migrator/ws/src/gz-rendering/ogre/src/OgreWideAngleCamera.cc:393:36: warning: ‘void Ogre::Camera::yaw(const Ogre::Radian&)’ is deprecated [-Wdeprecated-declarations]
  393 |   this->dataPtr->envCameras[5]->yaw(Ogre::Degree(180));
      |   ~~~~~~~~~~~~~~~~~~~~~~~~~~~~~~~~~^~~~~~~~~~~~~~~~~~~
/usr/include/OGRE/OgreCamera.h:294:30: note: declared here
  294 |         OGRE_DEPRECATED void yaw(const Radian& angle);
      |                              ^~~
/home/jrivero/code/my-agents.md/projects/ogre-migrator/ws/src/gz-rendering/ogre/src/OgreWideAngleCamera.cc: In member function ‘virtual void gz::rendering::v11::OgreWideAngleCamera::CreateWideAngleTexture()’:
/home/jrivero/code/my-agents.md/projects/ogre-migrator/ws/src/gz-rendering/ogre/src/OgreWideAngleCamera.cc:501:27: warning: ‘T* Ogre::SharedPtr<T>::getPointer() const [with T = Ogre::Texture]’ is deprecated [-Wdeprecated-declarations]
  490 |       Ogre::TextureManager::getSingleton().createManual(
      |       ~~~~~~~~~~~~~~~~~~~~~~~~~~~~~~~~~~~~~~~~~~~~~~~~~~
  491 |           this->name + "_env_tex",
      |           ~~~~~~~~~~~~~~~~~~~~~~~~
  492 |           "General",
      |           ~~~~~~~~~~       
  493 |           Ogre::TEX_TYPE_CUBE_MAP,
      |           ~~~~~~~~~~~~~~~~~~~~~~~~
  494 |           this->dataPtr->envTextureSize,
      |           ~~~~~~~~~~~~~~~~~~~~~~~~~~~~~~
  495 |           this->dataPtr->envTextureSize,
      |           ~~~~~~~~~~~~~~~~~~~~~~~~~~~~~~
  496 |           0,
      |           ~~               
  497 |           this->dataPtr->envCubeMapTextureFormat,
      |           ~~~~~~~~~~~~~~~~~~~~~~~~~~~~~~~~~~~~~~~
  498 |           Ogre::TU_RENDERTARGET,
      |           ~~~~~~~~~~~~~~~~~~~~~~
  499 |           0,
      |           ~~               
  500 |           false,
      |           ~~~~~~           
  501 |           fsaa).getPointer();
      |           ~~~~~~~~~~~~~~~~^~
/usr/include/OGRE/OgreSharedPtr.h:89:28: note: declared here
   89 |         OGRE_DEPRECATED T* getPointer() const { return shared_ptr<T>::get(); }
      |                            ^~~~~~~~~~
/home/jrivero/code/my-agents.md/projects/ogre-migrator/ws/src/gz-rendering/ogre/src/OgreWideAngleCamera.cc: In member function ‘virtual void gz::rendering::v11::OgreWideAngleCamera::Copy(gz::rendering::v11::Image&) const’:
/home/jrivero/code/my-agents.md/projects/ogre-migrator/ws/src/gz-rendering/ogre/src/OgreWideAngleCamera.cc:602:27: warning: ‘void Ogre::RenderTarget::copyContentsToMemory(const Ogre::PixelBox&, FrameBuffer)’ is deprecated [-Wdeprecated-declarations]
  602 |   rt->copyContentsToMemory(ogrePixelBox);
      |   ~~~~~~~~~~~~~~~~~~~~~~~~^~~~~~~~~~~~~~
In file included from /usr/include/OGRE/OgreRenderTexture.h:32,
                 from /usr/include/OGRE/Ogre.h:100:
/usr/include/OGRE/OgreRenderTarget.h:333:30: note: declared here
  333 |         OGRE_DEPRECATED void copyContentsToMemory(const PixelBox &dst, FrameBuffer buffer = FB_AUTO) { copyContentsToMemory(Box(0, 0, mWidth, mHeight), dst, buffer); }
      |                              ^~~~~~~~~~~~~~~~~~~~
/home/jrivero/code/my-agents.md/projects/ogre-migrator/ws/src/gz-rendering/ogre/src/OgreWideAngleCamera.cc: In member function ‘virtual void gz::rendering::v11::OgreWideAngleCamera::notifyMaterialRender(Ogre::uint32, Ogre::MaterialPtr&)’:
/home/jrivero/code/my-agents.md/projects/ogre-migrator/ws/src/gz-rendering/ogre/src/OgreWideAngleCamera.cc:610:23: warning: ‘bool Ogre::SharedPtr<T>::isNull() const [with T = Ogre::Material]’ is deprecated [-Wdeprecated-declarations]
  610 |   if (_material.isNull())
      |       ~~~~~~~~~~~~~~~~^~
/usr/include/OGRE/OgreSharedPtr.h:91:30: note: declared here
   91 |         OGRE_DEPRECATED bool isNull(void) const { return !shared_ptr<T>::operator bool(); }
      |                              ^~~~~~
/home/jrivero/code/my-agents.md/projects/ogre-migrator/ws/src/gz-rendering/ogre/src/OgreWideAngleCamera.cc: In member function ‘virtual void gz::rendering::v11::OgreWideAngleCamera::PostRender()’:
/home/jrivero/code/my-agents.md/projects/ogre-migrator/ws/src/gz-rendering/ogre/src/OgreWideAngleCamera.cc:819:27: warning: ‘void Ogre::RenderTarget::copyContentsToMemory(const Ogre::PixelBox&, FrameBuffer)’ is deprecated [-Wdeprecated-declarations]
  819 |   rt->copyContentsToMemory(ogrePixelBox);
      |   ~~~~~~~~~~~~~~~~~~~~~~~~^~~~~~~~~~~~~~
/usr/include/OGRE/OgreRenderTarget.h:333:30: note: declared here
  333 |         OGRE_DEPRECATED void copyContentsToMemory(const PixelBox &dst, FrameBuffer buffer = FB_AUTO) { copyContentsToMemory(Box(0, 0, mWidth, mHeight), dst, buffer); }
      |                              ^~~~~~~~~~~~~~~~~~~~
/home/jrivero/code/my-agents.md/projects/ogre-migrator/ws/src/gz-rendering/ogre/src/OgreWireBox.cc: In member function ‘virtual void gz::rendering::v11::OgreWireBox::SetMaterialImpl(gz::rendering::v11::OgreMaterialPtr)’:
/home/jrivero/code/my-agents.md/projects/ogre-migrator/ws/src/gz-rendering/ogre/src/OgreWireBox.cc:178:50: warning: ‘unsigned int Ogre::ManualObject::getNumSections() const’ is deprecated [-Wdeprecated-declarations]
  178 |       this->dataPtr->manualObject->getNumSections() == 0u)
      |       ~~~~~~~~~~~~~~~~~~~~~~~~~~~~~~~~~~~~~~~~~~~^~
In file included from /usr/include/OGRE/Ogre.h:75,
                 from /home/jrivero/code/my-agents.md/projects/ogre-migrator/ws/src/gz-rendering/ogre/include/gz/rendering/ogre/OgreIncludes.hh:32,
                 from /home/jrivero/code/my-agents.md/projects/ogre-migrator/ws/src/gz-rendering/ogre/include/gz/rendering/ogre/OgreWireBox.hh:24,
                 from /home/jrivero/code/my-agents.md/projects/ogre-migrator/ws/src/gz-rendering/ogre/src/OgreWireBox.cc:20:
/usr/include/OGRE/OgreManualObject.h:522:38: note: declared here
  522 |         OGRE_DEPRECATED unsigned int getNumSections(void) const;
      |                                      ^~~~~~~~~~~~~~
[100%] Linking CXX shared library ../../lib/libgz-rendering-ogre.so
[100%] Built target gz-rendering-ogre
-- Install configuration: "Release"
-- Installing: /home/jrivero/code/my-agents.md/projects/ogre-migrator/ws/build-1.12/install/share/gz/gz-rendering/media/materials/textures/com.png
-- Installing: /home/jrivero/code/my-agents.md/projects/ogre-migrator/ws/build-1.12/install/include/gz/rendering11/gz/rendering/detail/Export.hh
-- Installing: /home/jrivero/code/my-agents.md/projects/ogre-migrator/ws/build-1.12/install/include/gz/rendering11/gz/rendering/Export.hh
-- Installing: /home/jrivero/code/my-agents.md/projects/ogre-migrator/ws/build-1.12/install/lib/libgz-rendering.so.11.0.0~pre1
-- Installing: /home/jrivero/code/my-agents.md/projects/ogre-migrator/ws/build-1.12/install/lib/libgz-rendering.so.11
-- Installing: /home/jrivero/code/my-agents.md/projects/ogre-migrator/ws/build-1.12/install/lib/libgz-rendering.so
-- Installing: /home/jrivero/code/my-agents.md/projects/ogre-migrator/ws/build-1.12/install/lib/cmake/gz-rendering/gz-rendering-config.cmake
-- Installing: /home/jrivero/code/my-agents.md/projects/ogre-migrator/ws/build-1.12/install/lib/cmake/gz-rendering/gz-rendering-config-version.cmake
-- Installing: /home/jrivero/code/my-agents.md/projects/ogre-migrator/ws/build-1.12/install/lib/cmake/gz-rendering/gz-rendering-targets.cmake
-- Installing: /home/jrivero/code/my-agents.md/projects/ogre-migrator/ws/build-1.12/install/lib/cmake/gz-rendering/gz-rendering-targets-release.cmake
-- Installing: /home/jrivero/code/my-agents.md/projects/ogre-migrator/ws/build-1.12/install/lib/pkgconfig/gz-rendering.pc
-- Installing: /home/jrivero/code/my-agents.md/projects/ogre-migrator/ws/build-1.12/install/include/gz/rendering11/gz/rendering/base/BaseArrowVisual.hh
-- Installing: /home/jrivero/code/my-agents.md/projects/ogre-migrator/ws/build-1.12/install/include/gz/rendering11/gz/rendering/base/BaseAxisVisual.hh
-- Installing: /home/jrivero/code/my-agents.md/projects/ogre-migrator/ws/build-1.12/install/include/gz/rendering11/gz/rendering/base/BaseBoundingBoxCamera.hh
-- Installing: /home/jrivero/code/my-agents.md/projects/ogre-migrator/ws/build-1.12/install/include/gz/rendering11/gz/rendering/base/BaseCOMVisual.hh
-- Installing: /home/jrivero/code/my-agents.md/projects/ogre-migrator/ws/build-1.12/install/include/gz/rendering11/gz/rendering/base/BaseCamera.hh
-- Installing: /home/jrivero/code/my-agents.md/projects/ogre-migrator/ws/build-1.12/install/include/gz/rendering11/gz/rendering/base/BaseCapsule.hh
-- Installing: /home/jrivero/code/my-agents.md/projects/ogre-migrator/ws/build-1.12/install/include/gz/rendering11/gz/rendering/base/BaseDepthCamera.hh
-- Installing: /home/jrivero/code/my-agents.md/projects/ogre-migrator/ws/build-1.12/install/include/gz/rendering11/gz/rendering/base/BaseDistortionPass.hh
-- Installing: /home/jrivero/code/my-agents.md/projects/ogre-migrator/ws/build-1.12/install/include/gz/rendering11/gz/rendering/base/BaseFrustumVisual.hh
-- Installing: /home/jrivero/code/my-agents.md/projects/ogre-migrator/ws/build-1.12/install/include/gz/rendering11/gz/rendering/base/BaseGaussianNoisePass.hh
-- Installing: /home/jrivero/code/my-agents.md/projects/ogre-migrator/ws/build-1.12/install/include/gz/rendering11/gz/rendering/base/BaseGeometry.hh
-- Installing: /home/jrivero/code/my-agents.md/projects/ogre-migrator/ws/build-1.12/install/include/gz/rendering11/gz/rendering/base/BaseGizmoVisual.hh
-- Installing: /home/jrivero/code/my-agents.md/projects/ogre-migrator/ws/build-1.12/install/include/gz/rendering11/gz/rendering/base/BaseGlobalIlluminationVct.hh
-- Installing: /home/jrivero/code/my-agents.md/projects/ogre-migrator/ws/build-1.12/install/include/gz/rendering11/gz/rendering/base/BaseGpuRays.hh
-- Installing: /home/jrivero/code/my-agents.md/projects/ogre-migrator/ws/build-1.12/install/include/gz/rendering11/gz/rendering/base/BaseGrid.hh
-- Installing: /home/jrivero/code/my-agents.md/projects/ogre-migrator/ws/build-1.12/install/include/gz/rendering11/gz/rendering/base/BaseHeightmap.hh
-- Installing: /home/jrivero/code/my-agents.md/projects/ogre-migrator/ws/build-1.12/install/include/gz/rendering11/gz/rendering/base/BaseInertiaVisual.hh
-- Installing: /home/jrivero/code/my-agents.md/projects/ogre-migrator/ws/build-1.12/install/include/gz/rendering11/gz/rendering/base/BaseJointVisual.hh
-- Installing: /home/jrivero/code/my-agents.md/projects/ogre-migrator/ws/build-1.12/install/include/gz/rendering11/gz/rendering/base/BaseLensFlarePass.hh
-- Installing: /home/jrivero/code/my-agents.md/projects/ogre-migrator/ws/build-1.12/install/include/gz/rendering11/gz/rendering/base/BaseLidarVisual.hh
-- Installing: /home/jrivero/code/my-agents.md/projects/ogre-migrator/ws/build-1.12/install/include/gz/rendering11/gz/rendering/base/BaseLight.hh
-- Installing: /home/jrivero/code/my-agents.md/projects/ogre-migrator/ws/build-1.12/install/include/gz/rendering11/gz/rendering/base/BaseLightVisual.hh
-- Installing: /home/jrivero/code/my-agents.md/projects/ogre-migrator/ws/build-1.12/install/include/gz/rendering11/gz/rendering/base/BaseMarker.hh
-- Installing: /home/jrivero/code/my-agents.md/projects/ogre-migrator/ws/build-1.12/install/include/gz/rendering11/gz/rendering/base/BaseMaterial.hh
-- Installing: /home/jrivero/code/my-agents.md/projects/ogre-migrator/ws/build-1.12/install/include/gz/rendering11/gz/rendering/base/BaseMesh.hh
-- Installing: /home/jrivero/code/my-agents.md/projects/ogre-migrator/ws/build-1.12/install/include/gz/rendering11/gz/rendering/base/BaseNativeWindow.hh
-- Installing: /home/jrivero/code/my-agents.md/projects/ogre-migrator/ws/build-1.12/install/include/gz/rendering11/gz/rendering/base/BaseNode.hh
-- Installing: /home/jrivero/code/my-agents.md/projects/ogre-migrator/ws/build-1.12/install/include/gz/rendering11/gz/rendering/base/BaseObject.hh
-- Installing: /home/jrivero/code/my-agents.md/projects/ogre-migrator/ws/build-1.12/install/include/gz/rendering11/gz/rendering/base/BaseParticleEmitter.hh
-- Installing: /home/jrivero/code/my-agents.md/projects/ogre-migrator/ws/build-1.12/install/include/gz/rendering11/gz/rendering/base/BaseProjector.hh
-- Installing: /home/jrivero/code/my-agents.md/projects/ogre-migrator/ws/build-1.12/install/include/gz/rendering11/gz/rendering/base/BaseRayQuery.hh
-- Installing: /home/jrivero/code/my-agents.md/projects/ogre-migrator/ws/build-1.12/install/include/gz/rendering11/gz/rendering/base/BaseRenderEngine.hh
-- Installing: /home/jrivero/code/my-agents.md/projects/ogre-migrator/ws/build-1.12/install/include/gz/rendering11/gz/rendering/base/BaseRenderPass.hh
-- Installing: /home/jrivero/code/my-agents.md/projects/ogre-migrator/ws/build-1.12/install/include/gz/rendering11/gz/rendering/base/BaseRenderTarget.hh
-- Installing: /home/jrivero/code/my-agents.md/projects/ogre-migrator/ws/build-1.12/install/include/gz/rendering11/gz/rendering/base/BaseRenderTypes.hh
-- Installing: /home/jrivero/code/my-agents.md/projects/ogre-migrator/ws/build-1.12/install/include/gz/rendering11/gz/rendering/base/BaseScene.hh
-- Installing: /home/jrivero/code/my-agents.md/projects/ogre-migrator/ws/build-1.12/install/include/gz/rendering11/gz/rendering/base/BaseSegmentationCamera.hh
-- Installing: /home/jrivero/code/my-agents.md/projects/ogre-migrator/ws/build-1.12/install/include/gz/rendering11/gz/rendering/base/BaseSensor.hh
-- Installing: /home/jrivero/code/my-agents.md/projects/ogre-migrator/ws/build-1.12/install/include/gz/rendering11/gz/rendering/base/BaseStorage.hh
-- Installing: /home/jrivero/code/my-agents.md/projects/ogre-migrator/ws/build-1.12/install/include/gz/rendering11/gz/rendering/base/BaseText.hh
-- Installing: /home/jrivero/code/my-agents.md/projects/ogre-migrator/ws/build-1.12/install/include/gz/rendering11/gz/rendering/base/BaseThermalCamera.hh
-- Installing: /home/jrivero/code/my-agents.md/projects/ogre-migrator/ws/build-1.12/install/include/gz/rendering11/gz/rendering/base/BaseVisual.hh
-- Installing: /home/jrivero/code/my-agents.md/projects/ogre-migrator/ws/build-1.12/install/include/gz/rendering11/gz/rendering/base/BaseWideAngleCamera.hh
-- Installing: /home/jrivero/code/my-agents.md/projects/ogre-migrator/ws/build-1.12/install/include/gz/rendering11/gz/rendering/base/BaseWireBox.hh
-- Installing: /home/jrivero/code/my-agents.md/projects/ogre-migrator/ws/build-1.12/install/include/gz/rendering11/gz/rendering/base/SceneExt.hh
-- Installing: /home/jrivero/code/my-agents.md/projects/ogre-migrator/ws/build-1.12/install/include/gz/rendering11/gz/rendering/ArrowVisual.hh
-- Installing: /home/jrivero/code/my-agents.md/projects/ogre-migrator/ws/build-1.12/install/include/gz/rendering11/gz/rendering/AxisVisual.hh
-- Installing: /home/jrivero/code/my-agents.md/projects/ogre-migrator/ws/build-1.12/install/include/gz/rendering11/gz/rendering/BoundingBox.hh
-- Installing: /home/jrivero/code/my-agents.md/projects/ogre-migrator/ws/build-1.12/install/include/gz/rendering11/gz/rendering/BoundingBoxCamera.hh
-- Installing: /home/jrivero/code/my-agents.md/projects/ogre-migrator/ws/build-1.12/install/include/gz/rendering11/gz/rendering/COMVisual.hh
-- Installing: /home/jrivero/code/my-agents.md/projects/ogre-migrator/ws/build-1.12/install/include/gz/rendering11/gz/rendering/Camera.hh
-- Installing: /home/jrivero/code/my-agents.md/projects/ogre-migrator/ws/build-1.12/install/include/gz/rendering11/gz/rendering/CameraLens.hh
-- Installing: /home/jrivero/code/my-agents.md/projects/ogre-migrator/ws/build-1.12/install/include/gz/rendering11/gz/rendering/Capsule.hh
-- Installing: /home/jrivero/code/my-agents.md/projects/ogre-migrator/ws/build-1.12/install/include/gz/rendering11/gz/rendering/CompositeVisual.hh
-- Installing: /home/jrivero/code/my-agents.md/projects/ogre-migrator/ws/build-1.12/install/include/gz/rendering11/gz/rendering/DepthCamera.hh
-- Installing: /home/jrivero/code/my-agents.md/projects/ogre-migrator/ws/build-1.12/install/include/gz/rendering11/gz/rendering/DistortionPass.hh
-- Installing: /home/jrivero/code/my-agents.md/projects/ogre-migrator/ws/build-1.12/install/include/gz/rendering11/gz/rendering/FrustumVisual.hh
-- Installing: /home/jrivero/code/my-agents.md/projects/ogre-migrator/ws/build-1.12/install/include/gz/rendering11/gz/rendering/GaussianNoisePass.hh
-- Installing: /home/jrivero/code/my-agents.md/projects/ogre-migrator/ws/build-1.12/install/include/gz/rendering11/gz/rendering/Geometry.hh
-- Installing: /home/jrivero/code/my-agents.md/projects/ogre-migrator/ws/build-1.12/install/include/gz/rendering11/gz/rendering/GizmoVisual.hh
-- Installing: /home/jrivero/code/my-agents.md/projects/ogre-migrator/ws/build-1.12/install/include/gz/rendering11/gz/rendering/GlobalIlluminationBase.hh
-- Installing: /home/jrivero/code/my-agents.md/projects/ogre-migrator/ws/build-1.12/install/include/gz/rendering11/gz/rendering/GlobalIlluminationCiVct.hh
-- Installing: /home/jrivero/code/my-agents.md/projects/ogre-migrator/ws/build-1.12/install/include/gz/rendering11/gz/rendering/GlobalIlluminationVct.hh
-- Installing: /home/jrivero/code/my-agents.md/projects/ogre-migrator/ws/build-1.12/install/include/gz/rendering11/gz/rendering/GpuRays.hh
-- Installing: /home/jrivero/code/my-agents.md/projects/ogre-migrator/ws/build-1.12/install/include/gz/rendering11/gz/rendering/GraphicsAPI.hh
-- Installing: /home/jrivero/code/my-agents.md/projects/ogre-migrator/ws/build-1.12/install/include/gz/rendering11/gz/rendering/Grid.hh
-- Installing: /home/jrivero/code/my-agents.md/projects/ogre-migrator/ws/build-1.12/install/include/gz/rendering11/gz/rendering/Heightmap.hh
-- Installing: /home/jrivero/code/my-agents.md/projects/ogre-migrator/ws/build-1.12/install/include/gz/rendering11/gz/rendering/HeightmapDescriptor.hh
-- Installing: /home/jrivero/code/my-agents.md/projects/ogre-migrator/ws/build-1.12/install/include/gz/rendering11/gz/rendering/Image.hh
-- Installing: /home/jrivero/code/my-agents.md/projects/ogre-migrator/ws/build-1.12/install/include/gz/rendering11/gz/rendering/InertiaVisual.hh
-- Installing: /home/jrivero/code/my-agents.md/projects/ogre-migrator/ws/build-1.12/install/include/gz/rendering11/gz/rendering/InstallationDirectories.hh
-- Installing: /home/jrivero/code/my-agents.md/projects/ogre-migrator/ws/build-1.12/install/include/gz/rendering11/gz/rendering/JointVisual.hh
-- Installing: /home/jrivero/code/my-agents.md/projects/ogre-migrator/ws/build-1.12/install/include/gz/rendering11/gz/rendering/LensFlarePass.hh
-- Installing: /home/jrivero/code/my-agents.md/projects/ogre-migrator/ws/build-1.12/install/include/gz/rendering11/gz/rendering/LidarVisual.hh
-- Installing: /home/jrivero/code/my-agents.md/projects/ogre-migrator/ws/build-1.12/install/include/gz/rendering11/gz/rendering/Light.hh
-- Installing: /home/jrivero/code/my-agents.md/projects/ogre-migrator/ws/build-1.12/install/include/gz/rendering11/gz/rendering/LightVisual.hh
-- Installing: /home/jrivero/code/my-agents.md/projects/ogre-migrator/ws/build-1.12/install/include/gz/rendering11/gz/rendering/Marker.hh
-- Installing: /home/jrivero/code/my-agents.md/projects/ogre-migrator/ws/build-1.12/install/include/gz/rendering11/gz/rendering/Material.hh
-- Installing: /home/jrivero/code/my-agents.md/projects/ogre-migrator/ws/build-1.12/install/include/gz/rendering11/gz/rendering/Mesh.hh
-- Installing: /home/jrivero/code/my-agents.md/projects/ogre-migrator/ws/build-1.12/install/include/gz/rendering11/gz/rendering/MeshDescriptor.hh
-- Installing: /home/jrivero/code/my-agents.md/projects/ogre-migrator/ws/build-1.12/install/include/gz/rendering11/gz/rendering/MoveToHelper.hh
-- Installing: /home/jrivero/code/my-agents.md/projects/ogre-migrator/ws/build-1.12/install/include/gz/rendering11/gz/rendering/NativeWindow.hh
-- Installing: /home/jrivero/code/my-agents.md/projects/ogre-migrator/ws/build-1.12/install/include/gz/rendering11/gz/rendering/Node.hh
-- Installing: /home/jrivero/code/my-agents.md/projects/ogre-migrator/ws/build-1.12/install/include/gz/rendering11/gz/rendering/Object.hh
-- Installing: /home/jrivero/code/my-agents.md/projects/ogre-migrator/ws/build-1.12/install/include/gz/rendering11/gz/rendering/OrbitViewController.hh
-- Installing: /home/jrivero/code/my-agents.md/projects/ogre-migrator/ws/build-1.12/install/include/gz/rendering11/gz/rendering/OrthoViewController.hh
-- Installing: /home/jrivero/code/my-agents.md/projects/ogre-migrator/ws/build-1.12/install/include/gz/rendering11/gz/rendering/ParticleEmitter.hh
-- Installing: /home/jrivero/code/my-agents.md/projects/ogre-migrator/ws/build-1.12/install/include/gz/rendering11/gz/rendering/PixelFormat.hh
-- Installing: /home/jrivero/code/my-agents.md/projects/ogre-migrator/ws/build-1.12/install/include/gz/rendering11/gz/rendering/Projector.hh
-- Installing: /home/jrivero/code/my-agents.md/projects/ogre-migrator/ws/build-1.12/install/include/gz/rendering11/gz/rendering/RayQuery.hh
-- Installing: /home/jrivero/code/my-agents.md/projects/ogre-migrator/ws/build-1.12/install/include/gz/rendering11/gz/rendering/RenderEngine.hh
-- Installing: /home/jrivero/code/my-agents.md/projects/ogre-migrator/ws/build-1.12/install/include/gz/rendering11/gz/rendering/RenderEngineManager.hh
-- Installing: /home/jrivero/code/my-agents.md/projects/ogre-migrator/ws/build-1.12/install/include/gz/rendering11/gz/rendering/RenderEnginePlugin.hh
-- Installing: /home/jrivero/code/my-agents.md/projects/ogre-migrator/ws/build-1.12/install/include/gz/rendering11/gz/rendering/RenderEngineVulkanExternalDeviceStructs.hh
-- Installing: /home/jrivero/code/my-agents.md/projects/ogre-migrator/ws/build-1.12/install/include/gz/rendering11/gz/rendering/RenderPass.hh
-- Installing: /home/jrivero/code/my-agents.md/projects/ogre-migrator/ws/build-1.12/install/include/gz/rendering11/gz/rendering/RenderPassSystem.hh
-- Installing: /home/jrivero/code/my-agents.md/projects/ogre-migrator/ws/build-1.12/install/include/gz/rendering11/gz/rendering/RenderTarget.hh
-- Installing: /home/jrivero/code/my-agents.md/projects/ogre-migrator/ws/build-1.12/install/include/gz/rendering11/gz/rendering/RenderTypes.hh
-- Installing: /home/jrivero/code/my-agents.md/projects/ogre-migrator/ws/build-1.12/install/include/gz/rendering11/gz/rendering/RenderingIface.hh
-- Installing: /home/jrivero/code/my-agents.md/projects/ogre-migrator/ws/build-1.12/install/include/gz/rendering11/gz/rendering/Scene.hh
-- Installing: /home/jrivero/code/my-agents.md/projects/ogre-migrator/ws/build-1.12/install/include/gz/rendering11/gz/rendering/SegmentationCamera.hh
-- Installing: /home/jrivero/code/my-agents.md/projects/ogre-migrator/ws/build-1.12/install/include/gz/rendering11/gz/rendering/Sensor.hh
-- Installing: /home/jrivero/code/my-agents.md/projects/ogre-migrator/ws/build-1.12/install/include/gz/rendering11/gz/rendering/ShaderParam.hh
-- Installing: /home/jrivero/code/my-agents.md/projects/ogre-migrator/ws/build-1.12/install/include/gz/rendering11/gz/rendering/ShaderParams.hh
-- Installing: /home/jrivero/code/my-agents.md/projects/ogre-migrator/ws/build-1.12/install/include/gz/rendering11/gz/rendering/ShaderType.hh
-- Installing: /home/jrivero/code/my-agents.md/projects/ogre-migrator/ws/build-1.12/install/include/gz/rendering11/gz/rendering/Storage.hh
-- Installing: /home/jrivero/code/my-agents.md/projects/ogre-migrator/ws/build-1.12/install/include/gz/rendering11/gz/rendering/Text.hh
-- Installing: /home/jrivero/code/my-agents.md/projects/ogre-migrator/ws/build-1.12/install/include/gz/rendering11/gz/rendering/ThermalCamera.hh
-- Installing: /home/jrivero/code/my-agents.md/projects/ogre-migrator/ws/build-1.12/install/include/gz/rendering11/gz/rendering/TransformController.hh
-- Installing: /home/jrivero/code/my-agents.md/projects/ogre-migrator/ws/build-1.12/install/include/gz/rendering11/gz/rendering/TransformType.hh
-- Installing: /home/jrivero/code/my-agents.md/projects/ogre-migrator/ws/build-1.12/install/include/gz/rendering11/gz/rendering/Utils.hh
-- Installing: /home/jrivero/code/my-agents.md/projects/ogre-migrator/ws/build-1.12/install/include/gz/rendering11/gz/rendering/ViewController.hh
-- Installing: /home/jrivero/code/my-agents.md/projects/ogre-migrator/ws/build-1.12/install/include/gz/rendering11/gz/rendering/Visual.hh
-- Installing: /home/jrivero/code/my-agents.md/projects/ogre-migrator/ws/build-1.12/install/include/gz/rendering11/gz/rendering/WideAngleCamera.hh
-- Installing: /home/jrivero/code/my-agents.md/projects/ogre-migrator/ws/build-1.12/install/include/gz/rendering11/gz/rendering/WireBox.hh
-- Installing: /home/jrivero/code/my-agents.md/projects/ogre-migrator/ws/build-1.12/install/include/gz/rendering11/gz/rendering.hh
-- Installing: /home/jrivero/code/my-agents.md/projects/ogre-migrator/ws/build-1.12/install/include/gz/rendering11/gz/rendering/config.hh
-- Installing: /home/jrivero/code/my-agents.md/projects/ogre-migrator/ws/build-1.12/install/include/gz/rendering11/gz/rendering/ogre/detail/Export.hh
-- Installing: /home/jrivero/code/my-agents.md/projects/ogre-migrator/ws/build-1.12/install/include/gz/rendering11/gz/rendering/ogre/Export.hh
-- Installing: /home/jrivero/code/my-agents.md/projects/ogre-migrator/ws/build-1.12/install/lib/libgz-rendering-ogre.so.11.0.0~pre1
-- Installing: /home/jrivero/code/my-agents.md/projects/ogre-migrator/ws/build-1.12/install/lib/libgz-rendering-ogre.so.11
-- Set non-toolchain portion of runtime path of "/home/jrivero/code/my-agents.md/projects/ogre-migrator/ws/build-1.12/install/lib/libgz-rendering-ogre.so.11.0.0~pre1" to ""
-- Installing: /home/jrivero/code/my-agents.md/projects/ogre-migrator/ws/build-1.12/install/lib/libgz-rendering-ogre.so
-- Installing: /home/jrivero/code/my-agents.md/projects/ogre-migrator/ws/build-1.12/install/lib/cmake/gz-rendering-ogre/gz-rendering-ogre-config.cmake
-- Installing: /home/jrivero/code/my-agents.md/projects/ogre-migrator/ws/build-1.12/install/lib/cmake/gz-rendering-ogre/gz-rendering-ogre-config-version.cmake
-- Installing: /home/jrivero/code/my-agents.md/projects/ogre-migrator/ws/build-1.12/install/lib/cmake/gz-rendering-ogre/gz-rendering-ogre-targets.cmake
-- Installing: /home/jrivero/code/my-agents.md/projects/ogre-migrator/ws/build-1.12/install/lib/cmake/gz-rendering-ogre/gz-rendering-ogre-targets-release.cmake
-- Installing: /home/jrivero/code/my-agents.md/projects/ogre-migrator/ws/build-1.12/install/lib/pkgconfig/gz-rendering-ogre.pc
-- Installing: /home/jrivero/code/my-agents.md/projects/ogre-migrator/ws/build-1.12/install/lib/gz-rendering/engine-plugins/libgz-rendering-ogre.so.11.0.0~pre1
-- Installing: /home/jrivero/code/my-agents.md/projects/ogre-migrator/ws/build-1.12/install/lib/gz-rendering/engine-plugins/libgz-rendering-ogre.so.11
-- Set non-toolchain portion of runtime path of "/home/jrivero/code/my-agents.md/projects/ogre-migrator/ws/build-1.12/install/lib/gz-rendering/engine-plugins/libgz-rendering-ogre.so.11.0.0~pre1" to ""
-- Installing: /home/jrivero/code/my-agents.md/projects/ogre-migrator/ws/build-1.12/install/lib/gz-rendering/engine-plugins/libgz-rendering-ogre.so
-- Installing: /home/jrivero/code/my-agents.md/projects/ogre-migrator/ws/build-1.12/install/share/gz/gz-rendering/ogre/media/fonts/console.ttf
-- Installing: /home/jrivero/code/my-agents.md/projects/ogre-migrator/ws/build-1.12/install/share/gz/gz-rendering/ogre/media/fonts/font_matisse_itc.png
-- Installing: /home/jrivero/code/my-agents.md/projects/ogre-migrator/ws/build-1.12/install/share/gz/gz-rendering/ogre/media/fonts/gz-rendering.fontdef
-- Installing: /home/jrivero/code/my-agents.md/projects/ogre-migrator/ws/build-1.12/install/share/gz/gz-rendering/ogre/media/fonts/liberation-sans
-- Installing: /home/jrivero/code/my-agents.md/projects/ogre-migrator/ws/build-1.12/install/share/gz/gz-rendering/ogre/media/fonts/liberation-sans/SIL Open Font License.txt
-- Installing: /home/jrivero/code/my-agents.md/projects/ogre-migrator/ws/build-1.12/install/share/gz/gz-rendering/ogre/media/fonts/liberation-sans/LiberationSans-Bold.ttf
-- Installing: /home/jrivero/code/my-agents.md/projects/ogre-migrator/ws/build-1.12/install/share/gz/gz-rendering/ogre/media/fonts/liberation-sans/LiberationSans-Italic.ttf
-- Installing: /home/jrivero/code/my-agents.md/projects/ogre-migrator/ws/build-1.12/install/share/gz/gz-rendering/ogre/media/fonts/liberation-sans/LiberationSans-BoldItalic.ttf
-- Installing: /home/jrivero/code/my-agents.md/projects/ogre-migrator/ws/build-1.12/install/share/gz/gz-rendering/ogre/media/fonts/liberation-sans/LiberationSans-Regular.ttf
-- Installing: /home/jrivero/code/my-agents.md/projects/ogre-migrator/ws/build-1.12/install/share/gz/gz-rendering/ogre/media/fonts/roboto
-- Installing: /home/jrivero/code/my-agents.md/projects/ogre-migrator/ws/build-1.12/install/share/gz/gz-rendering/ogre/media/fonts/roboto/Roboto-Light.ttf
-- Installing: /home/jrivero/code/my-agents.md/projects/ogre-migrator/ws/build-1.12/install/share/gz/gz-rendering/ogre/media/fonts/roboto/Roboto-BlackItalic.ttf
-- Installing: /home/jrivero/code/my-agents.md/projects/ogre-migrator/ws/build-1.12/install/share/gz/gz-rendering/ogre/media/fonts/roboto/Roboto-MediumItalic.ttf
-- Installing: /home/jrivero/code/my-agents.md/projects/ogre-migrator/ws/build-1.12/install/share/gz/gz-rendering/ogre/media/fonts/roboto/Roboto-LightItalic.ttf
-- Installing: /home/jrivero/code/my-agents.md/projects/ogre-migrator/ws/build-1.12/install/share/gz/gz-rendering/ogre/media/fonts/roboto/Roboto-Black.ttf
-- Installing: /home/jrivero/code/my-agents.md/projects/ogre-migrator/ws/build-1.12/install/share/gz/gz-rendering/ogre/media/fonts/roboto/Roboto-ThinItalic.ttf
-- Installing: /home/jrivero/code/my-agents.md/projects/ogre-migrator/ws/build-1.12/install/share/gz/gz-rendering/ogre/media/fonts/roboto/Roboto-Regular.ttf
-- Installing: /home/jrivero/code/my-agents.md/projects/ogre-migrator/ws/build-1.12/install/share/gz/gz-rendering/ogre/media/fonts/roboto/Roboto-Italic.ttf
-- Installing: /home/jrivero/code/my-agents.md/projects/ogre-migrator/ws/build-1.12/install/share/gz/gz-rendering/ogre/media/fonts/roboto/LICENSE.txt
-- Installing: /home/jrivero/code/my-agents.md/projects/ogre-migrator/ws/build-1.12/install/share/gz/gz-rendering/ogre/media/fonts/roboto/Roboto-Thin.ttf
-- Installing: /home/jrivero/code/my-agents.md/projects/ogre-migrator/ws/build-1.12/install/share/gz/gz-rendering/ogre/media/fonts/roboto/Roboto-Medium.ttf
-- Installing: /home/jrivero/code/my-agents.md/projects/ogre-migrator/ws/build-1.12/install/share/gz/gz-rendering/ogre/media/fonts/roboto/Roboto-BoldItalic.ttf
-- Installing: /home/jrivero/code/my-agents.md/projects/ogre-migrator/ws/build-1.12/install/share/gz/gz-rendering/ogre/media/fonts/roboto/Roboto-Bold.ttf
-- Installing: /home/jrivero/code/my-agents.md/projects/ogre-migrator/ws/build-1.12/install/share/gz/gz-rendering/ogre/media/materials/programs/camera_distortion_map_fs.glsl
-- Installing: /home/jrivero/code/my-agents.md/projects/ogre-migrator/ws/build-1.12/install/share/gz/gz-rendering/ogre/media/materials/programs/camera_distortion_map_vs.glsl
-- Installing: /home/jrivero/code/my-agents.md/projects/ogre-migrator/ws/build-1.12/install/share/gz/gz-rendering/ogre/media/materials/programs/depth_fragment_shader.glsl
-- Installing: /home/jrivero/code/my-agents.md/projects/ogre-migrator/ws/build-1.12/install/share/gz/gz-rendering/ogre/media/materials/programs/depth_points_fs.glsl
-- Installing: /home/jrivero/code/my-agents.md/projects/ogre-migrator/ws/build-1.12/install/share/gz/gz-rendering/ogre/media/materials/programs/depth_points_vs.glsl
-- Installing: /home/jrivero/code/my-agents.md/projects/ogre-migrator/ws/build-1.12/install/share/gz/gz-rendering/ogre/media/materials/programs/depth_vertex_shader.glsl
-- Installing: /home/jrivero/code/my-agents.md/projects/ogre-migrator/ws/build-1.12/install/share/gz/gz-rendering/ogre/media/materials/programs/fragment_shader.glsl
-- Installing: /home/jrivero/code/my-agents.md/projects/ogre-migrator/ws/build-1.12/install/share/gz/gz-rendering/ogre/media/materials/programs/gaussian_noise_fs.glsl
-- Installing: /home/jrivero/code/my-agents.md/projects/ogre-migrator/ws/build-1.12/install/share/gz/gz-rendering/ogre/media/materials/programs/gaussian_noise_vs.glsl
-- Installing: /home/jrivero/code/my-agents.md/projects/ogre-migrator/ws/build-1.12/install/share/gz/gz-rendering/ogre/media/materials/programs/gpu_rays_1st_pass_fs.glsl
-- Installing: /home/jrivero/code/my-agents.md/projects/ogre-migrator/ws/build-1.12/install/share/gz/gz-rendering/ogre/media/materials/programs/gpu_rays_1st_pass_vs.glsl
-- Installing: /home/jrivero/code/my-agents.md/projects/ogre-migrator/ws/build-1.12/install/share/gz/gz-rendering/ogre/media/materials/programs/gpu_rays_2nd_pass_fs.glsl
-- Installing: /home/jrivero/code/my-agents.md/projects/ogre-migrator/ws/build-1.12/install/share/gz/gz-rendering/ogre/media/materials/programs/gpu_rays_2nd_pass_vs.glsl
-- Installing: /home/jrivero/code/my-agents.md/projects/ogre-migrator/ws/build-1.12/install/share/gz/gz-rendering/ogre/media/materials/programs/heat_source_fs.glsl
-- Installing: /home/jrivero/code/my-agents.md/projects/ogre-migrator/ws/build-1.12/install/share/gz/gz-rendering/ogre/media/materials/programs/lens_flare_fs.glsl
-- Installing: /home/jrivero/code/my-agents.md/projects/ogre-migrator/ws/build-1.12/install/share/gz/gz-rendering/ogre/media/materials/programs/lens_flare_vs.glsl
-- Installing: /home/jrivero/code/my-agents.md/projects/ogre-migrator/ws/build-1.12/install/share/gz/gz-rendering/ogre/media/materials/programs/plain_color_fs.glsl
-- Installing: /home/jrivero/code/my-agents.md/projects/ogre-migrator/ws/build-1.12/install/share/gz/gz-rendering/ogre/media/materials/programs/plain_color_vs.glsl
-- Installing: /home/jrivero/code/my-agents.md/projects/ogre-migrator/ws/build-1.12/install/share/gz/gz-rendering/ogre/media/materials/programs/point_fs.glsl
-- Installing: /home/jrivero/code/my-agents.md/projects/ogre-migrator/ws/build-1.12/install/share/gz/gz-rendering/ogre/media/materials/programs/point_vs.glsl
-- Installing: /home/jrivero/code/my-agents.md/projects/ogre-migrator/ws/build-1.12/install/share/gz/gz-rendering/ogre/media/materials/programs/shadow_caster_fp.glsl
-- Installing: /home/jrivero/code/my-agents.md/projects/ogre-migrator/ws/build-1.12/install/share/gz/gz-rendering/ogre/media/materials/programs/shadow_caster_vp.glsl
-- Installing: /home/jrivero/code/my-agents.md/projects/ogre-migrator/ws/build-1.12/install/share/gz/gz-rendering/ogre/media/materials/programs/thermal_camera_fs.glsl
-- Installing: /home/jrivero/code/my-agents.md/projects/ogre-migrator/ws/build-1.12/install/share/gz/gz-rendering/ogre/media/materials/programs/vertex_shader.glsl
-- Installing: /home/jrivero/code/my-agents.md/projects/ogre-migrator/ws/build-1.12/install/share/gz/gz-rendering/ogre/media/materials/programs/wide_lens_map_fp.glsl
-- Installing: /home/jrivero/code/my-agents.md/projects/ogre-migrator/ws/build-1.12/install/share/gz/gz-rendering/ogre/media/materials/programs/wide_lens_map_vs.glsl
-- Installing: /home/jrivero/code/my-agents.md/projects/ogre-migrator/ws/build-1.12/install/share/gz/gz-rendering/ogre/media/materials/scripts/distortion.compositor
-- Installing: /home/jrivero/code/my-agents.md/projects/ogre-migrator/ws/build-1.12/install/share/gz/gz-rendering/ogre/media/materials/scripts/distortion.material
-- Installing: /home/jrivero/code/my-agents.md/projects/ogre-migrator/ws/build-1.12/install/share/gz/gz-rendering/ogre/media/materials/scripts/gaussian_noise.compositor
-- Installing: /home/jrivero/code/my-agents.md/projects/ogre-migrator/ws/build-1.12/install/share/gz/gz-rendering/ogre/media/materials/scripts/gaussian_noise.material
-- Installing: /home/jrivero/code/my-agents.md/projects/ogre-migrator/ws/build-1.12/install/share/gz/gz-rendering/ogre/media/materials/scripts/gpu_rays.material
-- Installing: /home/jrivero/code/my-agents.md/projects/ogre-migrator/ws/build-1.12/install/share/gz/gz-rendering/ogre/media/materials/scripts/lens_flare.compositor
-- Installing: /home/jrivero/code/my-agents.md/projects/ogre-migrator/ws/build-1.12/install/share/gz/gz-rendering/ogre/media/materials/scripts/lens_flare.material
-- Installing: /home/jrivero/code/my-agents.md/projects/ogre-migrator/ws/build-1.12/install/share/gz/gz-rendering/ogre/media/materials/scripts/picker.material
-- Installing: /home/jrivero/code/my-agents.md/projects/ogre-migrator/ws/build-1.12/install/share/gz/gz-rendering/ogre/media/materials/scripts/point_cloud_point.material
-- Installing: /home/jrivero/code/my-agents.md/projects/ogre-migrator/ws/build-1.12/install/share/gz/gz-rendering/ogre/media/materials/scripts/pssm.material
-- Installing: /home/jrivero/code/my-agents.md/projects/ogre-migrator/ws/build-1.12/install/share/gz/gz-rendering/ogre/media/materials/scripts/thermal.material
-- Installing: /home/jrivero/code/my-agents.md/projects/ogre-migrator/ws/build-1.12/install/share/gz/gz-rendering/ogre/media/materials/scripts/thermal_camera.compositor
-- Installing: /home/jrivero/code/my-agents.md/projects/ogre-migrator/ws/build-1.12/install/share/gz/gz-rendering/ogre/media/materials/scripts/wide_angle_camera.material
-- Installing: /home/jrivero/code/my-agents.md/projects/ogre-migrator/ws/build-1.12/install/share/gz/gz-rendering/ogre/media/materials/scripts/wide_camera_lens_map.compositor
-- Installing: /home/jrivero/code/my-agents.md/projects/ogre-migrator/ws/build-1.12/install/share/gz/gz-rendering/ogre/media/materials/textures/projection_filter.png
-- Installing: /home/jrivero/code/my-agents.md/projects/ogre-migrator/ws/build-1.12/install/share/gz/gz-rendering/ogre/media/rtshaderlib150/FFPLib_AlphaTest.glsl
-- Installing: /home/jrivero/code/my-agents.md/projects/ogre-migrator/ws/build-1.12/install/share/gz/gz-rendering/ogre/media/rtshaderlib150/FFPLib_Common.glsl
-- Installing: /home/jrivero/code/my-agents.md/projects/ogre-migrator/ws/build-1.12/install/share/gz/gz-rendering/ogre/media/rtshaderlib150/FFPLib_Fog.glsl
-- Installing: /home/jrivero/code/my-agents.md/projects/ogre-migrator/ws/build-1.12/install/share/gz/gz-rendering/ogre/media/rtshaderlib150/FFPLib_Texturing.glsl
-- Installing: /home/jrivero/code/my-agents.md/projects/ogre-migrator/ws/build-1.12/install/share/gz/gz-rendering/ogre/media/rtshaderlib150/FFPLib_Transform.glsl
-- Installing: /home/jrivero/code/my-agents.md/projects/ogre-migrator/ws/build-1.12/install/share/gz/gz-rendering/ogre/media/rtshaderlib150/SGXLib_DualQuaternion.glsl
-- Installing: /home/jrivero/code/my-agents.md/projects/ogre-migrator/ws/build-1.12/install/share/gz/gz-rendering/ogre/media/rtshaderlib150/SGXLib_IntegratedPSSM.glsl
-- Installing: /home/jrivero/code/my-agents.md/projects/ogre-migrator/ws/build-1.12/install/share/gz/gz-rendering/ogre/media/rtshaderlib150/SGXLib_LayeredBlending.glsl
-- Installing: /home/jrivero/code/my-agents.md/projects/ogre-migrator/ws/build-1.12/install/share/gz/gz-rendering/ogre/media/rtshaderlib150/SGXLib_NormalMap.glsl
-- Installing: /home/jrivero/code/my-agents.md/projects/ogre-migrator/ws/build-1.12/install/share/gz/gz-rendering/ogre/media/rtshaderlib150/SGXLib_PerPixelLighting.glsl
-- Installing: /home/jrivero/code/my-agents.md/projects/ogre-migrator/ws/build-1.12/install/share/gz/gz-rendering/ogre/media/rtshaderlib150/SGXLib_TextureAtlas.glsl
-- Installing: /home/jrivero/code/my-agents.md/projects/ogre-migrator/ws/build-1.12/install/share/gz/gz-rendering/ogre/media/rtshaderlib150/SGXLib_TriplanarTexturing.glsl
-- Installing: /home/jrivero/code/my-agents.md/projects/ogre-migrator/ws/build-1.12/install/include/gz/rendering11/gz/rendering/ogre/OgreArrowVisual.hh
-- Installing: /home/jrivero/code/my-agents.md/projects/ogre-migrator/ws/build-1.12/install/include/gz/rendering11/gz/rendering/ogre/OgreAxisVisual.hh
-- Installing: /home/jrivero/code/my-agents.md/projects/ogre-migrator/ws/build-1.12/install/include/gz/rendering11/gz/rendering/ogre/OgreCOMVisual.hh
-- Installing: /home/jrivero/code/my-agents.md/projects/ogre-migrator/ws/build-1.12/install/include/gz/rendering11/gz/rendering/ogre/OgreCamera.hh
-- Installing: /home/jrivero/code/my-agents.md/projects/ogre-migrator/ws/build-1.12/install/include/gz/rendering11/gz/rendering/ogre/OgreCapsule.hh
-- Installing: /home/jrivero/code/my-agents.md/projects/ogre-migrator/ws/build-1.12/install/include/gz/rendering11/gz/rendering/ogre/OgreConversions.hh
-- Installing: /home/jrivero/code/my-agents.md/projects/ogre-migrator/ws/build-1.12/install/include/gz/rendering11/gz/rendering/ogre/OgreDepthCamera.hh
-- Installing: /home/jrivero/code/my-agents.md/projects/ogre-migrator/ws/build-1.12/install/include/gz/rendering11/gz/rendering/ogre/OgreDistortionPass.hh
-- Installing: /home/jrivero/code/my-agents.md/projects/ogre-migrator/ws/build-1.12/install/include/gz/rendering11/gz/rendering/ogre/OgreDynamicLines.hh
-- Installing: /home/jrivero/code/my-agents.md/projects/ogre-migrator/ws/build-1.12/install/include/gz/rendering11/gz/rendering/ogre/OgreDynamicRenderable.hh
-- Installing: /home/jrivero/code/my-agents.md/projects/ogre-migrator/ws/build-1.12/install/include/gz/rendering11/gz/rendering/ogre/OgreFrustumVisual.hh
-- Installing: /home/jrivero/code/my-agents.md/projects/ogre-migrator/ws/build-1.12/install/include/gz/rendering11/gz/rendering/ogre/OgreGaussianNoisePass.hh
-- Installing: /home/jrivero/code/my-agents.md/projects/ogre-migrator/ws/build-1.12/install/include/gz/rendering11/gz/rendering/ogre/OgreGeometry.hh
-- Installing: /home/jrivero/code/my-agents.md/projects/ogre-migrator/ws/build-1.12/install/include/gz/rendering11/gz/rendering/ogre/OgreGizmoVisual.hh
-- Installing: /home/jrivero/code/my-agents.md/projects/ogre-migrator/ws/build-1.12/install/include/gz/rendering11/gz/rendering/ogre/OgreGpuRays.hh
-- Installing: /home/jrivero/code/my-agents.md/projects/ogre-migrator/ws/build-1.12/install/include/gz/rendering11/gz/rendering/ogre/OgreGrid.hh
-- Installing: /home/jrivero/code/my-agents.md/projects/ogre-migrator/ws/build-1.12/install/include/gz/rendering11/gz/rendering/ogre/OgreHeightmap.hh
-- Installing: /home/jrivero/code/my-agents.md/projects/ogre-migrator/ws/build-1.12/install/include/gz/rendering11/gz/rendering/ogre/OgreIncludes.hh
-- Installing: /home/jrivero/code/my-agents.md/projects/ogre-migrator/ws/build-1.12/install/include/gz/rendering11/gz/rendering/ogre/OgreInertiaVisual.hh
-- Installing: /home/jrivero/code/my-agents.md/projects/ogre-migrator/ws/build-1.12/install/include/gz/rendering11/gz/rendering/ogre/OgreJointVisual.hh
-- Installing: /home/jrivero/code/my-agents.md/projects/ogre-migrator/ws/build-1.12/install/include/gz/rendering11/gz/rendering/ogre/OgreLensFlarePass.hh
-- Installing: /home/jrivero/code/my-agents.md/projects/ogre-migrator/ws/build-1.12/install/include/gz/rendering11/gz/rendering/ogre/OgreLidarVisual.hh
-- Installing: /home/jrivero/code/my-agents.md/projects/ogre-migrator/ws/build-1.12/install/include/gz/rendering11/gz/rendering/ogre/OgreLight.hh
-- Installing: /home/jrivero/code/my-agents.md/projects/ogre-migrator/ws/build-1.12/install/include/gz/rendering11/gz/rendering/ogre/OgreLightVisual.hh
-- Installing: /home/jrivero/code/my-agents.md/projects/ogre-migrator/ws/build-1.12/install/include/gz/rendering11/gz/rendering/ogre/OgreMarker.hh
-- Installing: /home/jrivero/code/my-agents.md/projects/ogre-migrator/ws/build-1.12/install/include/gz/rendering11/gz/rendering/ogre/OgreMaterial.hh
-- Installing: /home/jrivero/code/my-agents.md/projects/ogre-migrator/ws/build-1.12/install/include/gz/rendering11/gz/rendering/ogre/OgreMaterialSwitcher.hh
-- Installing: /home/jrivero/code/my-agents.md/projects/ogre-migrator/ws/build-1.12/install/include/gz/rendering11/gz/rendering/ogre/OgreMesh.hh
-- Installing: /home/jrivero/code/my-agents.md/projects/ogre-migrator/ws/build-1.12/install/include/gz/rendering11/gz/rendering/ogre/OgreMeshFactory.hh
-- Installing: /home/jrivero/code/my-agents.md/projects/ogre-migrator/ws/build-1.12/install/include/gz/rendering11/gz/rendering/ogre/OgreNode.hh
-- Installing: /home/jrivero/code/my-agents.md/projects/ogre-migrator/ws/build-1.12/install/include/gz/rendering11/gz/rendering/ogre/OgreObject.hh
-- Installing: /home/jrivero/code/my-agents.md/projects/ogre-migrator/ws/build-1.12/install/include/gz/rendering11/gz/rendering/ogre/OgreObjectInterface.hh
-- Installing: /home/jrivero/code/my-agents.md/projects/ogre-migrator/ws/build-1.12/install/include/gz/rendering11/gz/rendering/ogre/OgreParticleEmitter.hh
-- Installing: /home/jrivero/code/my-agents.md/projects/ogre-migrator/ws/build-1.12/install/include/gz/rendering11/gz/rendering/ogre/OgreProjector.hh
-- Installing: /home/jrivero/code/my-agents.md/projects/ogre-migrator/ws/build-1.12/install/include/gz/rendering11/gz/rendering/ogre/OgreRTShaderSystem.hh
-- Installing: /home/jrivero/code/my-agents.md/projects/ogre-migrator/ws/build-1.12/install/include/gz/rendering11/gz/rendering/ogre/OgreRayQuery.hh
-- Installing: /home/jrivero/code/my-agents.md/projects/ogre-migrator/ws/build-1.12/install/include/gz/rendering11/gz/rendering/ogre/OgreRenderEngine.hh
-- Installing: /home/jrivero/code/my-agents.md/projects/ogre-migrator/ws/build-1.12/install/include/gz/rendering11/gz/rendering/ogre/OgreRenderPass.hh
-- Installing: /home/jrivero/code/my-agents.md/projects/ogre-migrator/ws/build-1.12/install/include/gz/rendering11/gz/rendering/ogre/OgreRenderTarget.hh
-- Installing: /home/jrivero/code/my-agents.md/projects/ogre-migrator/ws/build-1.12/install/include/gz/rendering11/gz/rendering/ogre/OgreRenderTargetMaterial.hh
-- Installing: /home/jrivero/code/my-agents.md/projects/ogre-migrator/ws/build-1.12/install/include/gz/rendering11/gz/rendering/ogre/OgreRenderTypes.hh
-- Installing: /home/jrivero/code/my-agents.md/projects/ogre-migrator/ws/build-1.12/install/include/gz/rendering11/gz/rendering/ogre/OgreScene.hh
-- Installing: /home/jrivero/code/my-agents.md/projects/ogre-migrator/ws/build-1.12/install/include/gz/rendering11/gz/rendering/ogre/OgreSelectionBuffer.hh
-- Installing: /home/jrivero/code/my-agents.md/projects/ogre-migrator/ws/build-1.12/install/include/gz/rendering11/gz/rendering/ogre/OgreSensor.hh
-- Installing: /home/jrivero/code/my-agents.md/projects/ogre-migrator/ws/build-1.12/install/include/gz/rendering11/gz/rendering/ogre/OgreStorage.hh
-- Installing: /home/jrivero/code/my-agents.md/projects/ogre-migrator/ws/build-1.12/install/include/gz/rendering11/gz/rendering/ogre/OgreText.hh
-- Installing: /home/jrivero/code/my-agents.md/projects/ogre-migrator/ws/build-1.12/install/include/gz/rendering11/gz/rendering/ogre/OgreThermalCamera.hh
-- Installing: /home/jrivero/code/my-agents.md/projects/ogre-migrator/ws/build-1.12/install/include/gz/rendering11/gz/rendering/ogre/OgreVisual.hh
-- Installing: /home/jrivero/code/my-agents.md/projects/ogre-migrator/ws/build-1.12/install/include/gz/rendering11/gz/rendering/ogre/OgreWideAngleCamera.hh
-- Installing: /home/jrivero/code/my-agents.md/projects/ogre-migrator/ws/build-1.12/install/include/gz/rendering11/gz/rendering/ogre/OgreWireBox.hh
-- Installing: /home/jrivero/code/my-agents.md/projects/ogre-migrator/ws/build-1.12/install/include/gz/rendering11/gz/rendering/ogre.hh
-- Installing: /home/jrivero/code/my-agents.md/projects/ogre-migrator/ws/build-1.12/install/lib/cmake/gz-rendering-all/gz-rendering-all-config.cmake
-- Installing: /home/jrivero/code/my-agents.md/projects/ogre-migrator/ws/build-1.12/install/lib/cmake/gz-rendering-all/gz-rendering-all-config-version.cmake
-- Installing: /home/jrivero/code/my-agents.md/projects/ogre-migrator/ws/build-1.12/install/lib/cmake/gz-rendering-all/gz-rendering-all-targets.cmake
---
--- stderr: gz-rendering
CMake Warning at /usr/share/cmake/gz-cmake/cmake6/GzConfigureBuild.cmake:59 (message):
   CONFIGURATION WARNINGS:
   -- Ogre 1.x versions greater than 1.9 are not officially supported.
   -- The software might compile and even work but support from upstream
   -- could be reduced to accepting patches for newer versions
Call Stack (most recent call first):
  CMakeLists.txt:195 (gz_configure_build)


/home/jrivero/code/my-agents.md/projects/ogre-migrator/ws/src/gz-rendering/ogre/src/OgreDynamicLines.cc: In member function ‘virtual void gz::rendering::v11::OgreDynamicLines::FillHardwareBuffers()’:
/home/jrivero/code/my-agents.md/projects/ogre-migrator/ws/src/gz-rendering/ogre/src/OgreDynamicLines.cc:191:46: warning: ‘void Ogre::RenderSystem::convertColourValue(const Ogre::ColourValue&, Ogre::uint32*)’ is deprecated [-Wdeprecated-declarations]
  191 |     renderSystemForVertex->convertColourValue(color, &colorArrayBuffer[i]);
      |     ~~~~~~~~~~~~~~~~~~~~~~~~~~~~~~~~~~~~~~~~~^~~~~~~~~~~~~~~~~~~~~~~~~~~~~
In file included from /usr/include/OGRE/OgreCompositorManager.h:33,
                 from /usr/include/OGRE/Ogre.h:46,
                 from /home/jrivero/code/my-agents.md/projects/ogre-migrator/ws/src/gz-rendering/ogre/include/gz/rendering/ogre/OgreIncludes.hh:32,
                 from /home/jrivero/code/my-agents.md/projects/ogre-migrator/ws/src/gz-rendering/ogre/include/gz/rendering/ogre/OgreConversions.hh:26,
                 from /home/jrivero/code/my-agents.md/projects/ogre-migrator/ws/src/gz-rendering/ogre/include/gz/rendering/ogre/OgreDynamicLines.hh:26,
                 from /home/jrivero/code/my-agents.md/projects/ogre-migrator/ws/src/gz-rendering/ogre/src/OgreDynamicLines.cc:25:
/usr/include/OGRE/OgreRenderSystem.h:799:30: note: declared here
  799 |         OGRE_DEPRECATED void convertColourValue(const ColourValue& colour, uint32* pDest);
      |                              ^~~~~~~~~~~~~~~~~~
/home/jrivero/code/my-agents.md/projects/ogre-migrator/ws/src/gz-rendering/ogre/src/OgreDistortionPass.cc: In member function ‘virtual void gz::rendering::v11::OgreDistortionPass::CreateRenderPass()’:
/home/jrivero/code/my-agents.md/projects/ogre-migrator/ws/src/gz-rendering/ogre/src/OgreDistortionPass.cc:423:14: warning: ‘Ogre::CompositionPass* Ogre::CompositionTargetPass::getPass(size_t)’ is deprecated [-Wdeprecated-declarations]
  422 |   this->dataPtr->distortionInstance->getTechnique()->getOutputTargetPass()->
      |   ~~~~~~~~~~~~~~~~~~~~~~~~~~~~~~~~~~~~~~~~~~~~~~~~~~~~~~~~~~~~~~~~~~~~~~~~~~
  423 |       getPass(0)->setMaterial(this->dataPtr->distortionMaterial);
      |       ~~~~~~~^~~
In file included from /usr/include/OGRE/Ogre.h:51,
                 from /home/jrivero/code/my-agents.md/projects/ogre-migrator/ws/src/gz-rendering/ogre/include/gz/rendering/ogre/OgreIncludes.hh:32,
                 from /home/jrivero/code/my-agents.md/projects/ogre-migrator/ws/src/gz-rendering/ogre/src/OgreDistortionPass.cc:23:
/usr/include/OGRE/OgreCompositionTargetPass.h:132:42: note: declared here
  132 |         OGRE_DEPRECATED CompositionPass *getPass(size_t idx);
      |                                          ^~~~~~~
/home/jrivero/code/my-agents.md/projects/ogre-migrator/ws/src/gz-rendering/ogre/src/OgreDistortionPass.cc: In member function ‘virtual void gz::rendering::v11::OgreDistortionPass::Destroy()’:
/home/jrivero/code/my-agents.md/projects/ogre-migrator/ws/src/gz-rendering/ogre/src/OgreDistortionPass.cc:453:48: warning: ‘bool Ogre::SharedPtr<T>::isNull() const [with T = Ogre::Material]’ is deprecated [-Wdeprecated-declarations]
  453 |   if (!this->dataPtr->distortionMaterial.isNull())
      |        ~~~~~~~~~~~~~~~~~~~~~~~~~~~~~~~~~~~~~~~~^~
In file included from /usr/include/OGRE/OgreHardwareVertexBuffer.h:34,
                 from /usr/include/OGRE/OgrePose.h:33,
                 from /usr/include/OGRE/OgreAnimationTrack.h:36,
                 from /usr/include/OGRE/OgreAnimation.h:34,
                 from /usr/include/OGRE/Ogre.h:33:
/usr/include/OGRE/OgreSharedPtr.h:91:30: note: declared here
   91 |         OGRE_DEPRECATED bool isNull(void) const { return !shared_ptr<T>::operator bool(); }
      |                              ^~~~~~
/home/jrivero/code/my-agents.md/projects/ogre-migrator/ws/src/gz-rendering/ogre/src/OgreDistortionPass.cc:457:46: warning: ‘void Ogre::SharedPtr<T>::setNull() [with T = Ogre::Material]’ is deprecated [-Wdeprecated-declarations]
  457 |     this->dataPtr->distortionMaterial.setNull();
      |     ~~~~~~~~~~~~~~~~~~~~~~~~~~~~~~~~~~~~~~~~~^~
/usr/include/OGRE/OgreSharedPtr.h:93:30: note: declared here
   93 |         OGRE_DEPRECATED void setNull() { shared_ptr<T>::reset(); }
      |                              ^~~~~~~
/home/jrivero/code/my-agents.md/projects/ogre-migrator/ws/src/gz-rendering/ogre/src/OgreDistortionPass.cc:460:47: warning: ‘bool Ogre::SharedPtr<T>::isNull() const [with T = Ogre::Texture]’ is deprecated [-Wdeprecated-declarations]
  460 |   if (!this->dataPtr->distortionTexture.isNull())
      |        ~~~~~~~~~~~~~~~~~~~~~~~~~~~~~~~~~~~~~~~^~
/usr/include/OGRE/OgreSharedPtr.h:91:30: note: declared here
   91 |         OGRE_DEPRECATED bool isNull(void) const { return !shared_ptr<T>::operator bool(); }
      |                              ^~~~~~
/home/jrivero/code/my-agents.md/projects/ogre-migrator/ws/src/gz-rendering/ogre/src/OgreDistortionPass.cc:465:45: warning: ‘void Ogre::SharedPtr<T>::setNull() [with T = Ogre::Texture]’ is deprecated [-Wdeprecated-declarations]
  465 |     this->dataPtr->distortionTexture.setNull();
      |     ~~~~~~~~~~~~~~~~~~~~~~~~~~~~~~~~~~~~~~~~^~
/usr/include/OGRE/OgreSharedPtr.h:93:30: note: declared here
   93 |         OGRE_DEPRECATED void setNull() { shared_ptr<T>::reset(); }
      |                              ^~~~~~~
/home/jrivero/code/my-agents.md/projects/ogre-migrator/ws/src/gz-rendering/ogre/src/OgreDistortionPass.cc: In member function ‘void gz::rendering::v11::OgreDistortionPass::CalculateAndApplyDistortionScale()’:
/home/jrivero/code/my-agents.md/projects/ogre-migrator/ws/src/gz-rendering/ogre/src/OgreDistortionPass.cc:519:47: warning: ‘bool Ogre::SharedPtr<T>::isNull() const [with T = Ogre::Material]’ is deprecated [-Wdeprecated-declarations]
  519 |   if (this->dataPtr->distortionMaterial.isNull())
      |       ~~~~~~~~~~~~~~~~~~~~~~~~~~~~~~~~~~~~~~~~^~
/usr/include/OGRE/OgreSharedPtr.h:91:30: note: declared here
   91 |         OGRE_DEPRECATED bool isNull(void) const { return !shared_ptr<T>::operator bool(); }
      |                              ^~~~~~
/home/jrivero/code/my-agents.md/projects/ogre-migrator/ws/src/gz-rendering/ogre/src/OgreCamera.cc: In member function ‘void gz::rendering::v11::OgreCamera::CreateCamera()’:
/home/jrivero/code/my-agents.md/projects/ogre-migrator/ws/src/gz-rendering/ogre/src/OgreCamera.cc:185:24: warning: ‘void Ogre::Camera::yaw(const Ogre::Radian&)’ is deprecated [-Wdeprecated-declarations]
  185 |   this->ogreCamera->yaw(Ogre::Degree(-90.0));
      |   ~~~~~~~~~~~~~~~~~~~~~^~~~~~~~~~~~~~~~~~~~~
In file included from /usr/include/OGRE/Ogre.h:44,
                 from /home/jrivero/code/my-agents.md/projects/ogre-migrator/ws/src/gz-rendering/ogre/include/gz/rendering/ogre/OgreIncludes.hh:32,
                 from /home/jrivero/code/my-agents.md/projects/ogre-migrator/ws/src/gz-rendering/ogre/include/gz/rendering/ogre/OgreObjectInterface.hh:21,
                 from /home/jrivero/code/my-agents.md/projects/ogre-migrator/ws/src/gz-rendering/ogre/include/gz/rendering/ogre/OgreCamera.hh:24,
                 from /home/jrivero/code/my-agents.md/projects/ogre-migrator/ws/src/gz-rendering/ogre/src/OgreCamera.cc:20:
/usr/include/OGRE/OgreCamera.h:294:30: note: declared here
  294 |         OGRE_DEPRECATED void yaw(const Radian& angle);
      |                              ^~~
/home/jrivero/code/my-agents.md/projects/ogre-migrator/ws/src/gz-rendering/ogre/src/OgreCamera.cc:186:25: warning: ‘void Ogre::Camera::roll(const Ogre::Radian&)’ is deprecated [-Wdeprecated-declarations]
  186 |   this->ogreCamera->roll(Ogre::Degree(-90.0));
      |   ~~~~~~~~~~~~~~~~~~~~~~^~~~~~~~~~~~~~~~~~~~~
/usr/include/OGRE/OgreCamera.h:289:30: note: declared here
  289 |         OGRE_DEPRECATED void roll(const Radian& angle);
      |                              ^~~~
/home/jrivero/code/my-agents.md/projects/ogre-migrator/ws/src/gz-rendering/ogre/src/OgreCamera.cc:187:36: warning: ‘void Ogre::Camera::setFixedYawAxis(bool, const Ogre::Vector3&)’ is deprecated [-Wdeprecated-declarations]
  187 |   this->ogreCamera->setFixedYawAxis(false);
      |   ~~~~~~~~~~~~~~~~~~~~~~~~~~~~~~~~~^~~~~~~
/usr/include/OGRE/OgreCamera.h:330:30: note: declared here
  330 |         OGRE_DEPRECATED void setFixedYawAxis( bool useFixed, const Vector3& fixedAxis = Vector3::UNIT_Y );
      |                              ^~~~~~~~~~~~~~~
/home/jrivero/code/my-agents.md/projects/ogre-migrator/ws/src/gz-rendering/ogre/src/OgreCamera.cc: In member function ‘virtual gz::rendering::v11::VisualPtr gz::rendering::v11::OgreCamera::VisualAt(const gz::math::v10::Vector2i&)’:
/home/jrivero/code/my-agents.md/projects/ogre-migrator/ws/src/gz-rendering/ogre/src/OgreCamera.cc:269:62: warning: ‘bool Ogre::Any::isEmpty() const’ is deprecated [-Wdeprecated-declarations]
  269 |     if (!entity->getUserObjectBindings().getUserAny().isEmpty() &&
      |          ~~~~~~~~~~~~~~~~~~~~~~~~~~~~~~~~~~~~~~~~~~~~~~~~~~~~^~
In file included from /usr/include/OGRE/Ogre.h:36:
/usr/include/OGRE/OgreAny.h:112:30: note: declared here
  112 |         OGRE_DEPRECATED bool isEmpty() const { return !has_value(); }
      |                              ^~~~~~~
/home/jrivero/code/my-agents.md/projects/ogre-migrator/ws/src/gz-rendering/ogre/src/OgreCamera.cc:270:61: warning: ‘const std::type_info& Ogre::Any::getType() const’ is deprecated [-Wdeprecated-declarations]
  270 |         entity->getUserObjectBindings().getUserAny().getType() ==
      |         ~~~~~~~~~~~~~~~~~~~~~~~~~~~~~~~~~~~~~~~~~~~~~~~~~~~~^~
/usr/include/OGRE/OgreAny.h:120:47: note: declared here
  120 |         OGRE_DEPRECATED const std::type_info& getType() const { return type(); }
      |                                               ^~~~~~~
/home/jrivero/code/my-agents.md/projects/ogre-migrator/ws/src/gz-rendering/ogre/src/OgreDepthCamera.cc: In member function ‘void gz::rendering::v11::OgreDepthCamera::CreateCamera()’:
/home/jrivero/code/my-agents.md/projects/ogre-migrator/ws/src/gz-rendering/ogre/src/OgreDepthCamera.cc:187:24: warning: ‘void Ogre::Camera::yaw(const Ogre::Radian&)’ is deprecated [-Wdeprecated-declarations]
  187 |   this->ogreCamera->yaw(Ogre::Degree(-90.0));
      |   ~~~~~~~~~~~~~~~~~~~~~^~~~~~~~~~~~~~~~~~~~~
In file included from /usr/include/OGRE/Ogre.h:44,
                 from /home/jrivero/code/my-agents.md/projects/ogre-migrator/ws/src/gz-rendering/ogre/include/gz/rendering/ogre/OgreIncludes.hh:32,
                 from /home/jrivero/code/my-agents.md/projects/ogre-migrator/ws/src/gz-rendering/ogre/include/gz/rendering/ogre/OgreConversions.hh:26,
                 from /home/jrivero/code/my-agents.md/projects/ogre-migrator/ws/src/gz-rendering/ogre/src/OgreDepthCamera.cc:31:
/usr/include/OGRE/OgreCamera.h:294:30: note: declared here
  294 |         OGRE_DEPRECATED void yaw(const Radian& angle);
      |                              ^~~
/home/jrivero/code/my-agents.md/projects/ogre-migrator/ws/src/gz-rendering/ogre/src/OgreDepthCamera.cc:188:25: warning: ‘void Ogre::Camera::roll(const Ogre::Radian&)’ is deprecated [-Wdeprecated-declarations]
  188 |   this->ogreCamera->roll(Ogre::Degree(-90.0));
      |   ~~~~~~~~~~~~~~~~~~~~~~^~~~~~~~~~~~~~~~~~~~~
/usr/include/OGRE/OgreCamera.h:289:30: note: declared here
  289 |         OGRE_DEPRECATED void roll(const Radian& angle);
      |                              ^~~~
/home/jrivero/code/my-agents.md/projects/ogre-migrator/ws/src/gz-rendering/ogre/src/OgreDepthCamera.cc:189:36: warning: ‘void Ogre::Camera::setFixedYawAxis(bool, const Ogre::Vector3&)’ is deprecated [-Wdeprecated-declarations]
  189 |   this->ogreCamera->setFixedYawAxis(false);
      |   ~~~~~~~~~~~~~~~~~~~~~~~~~~~~~~~~~^~~~~~~
/usr/include/OGRE/OgreCamera.h:330:30: note: declared here
  330 |         OGRE_DEPRECATED void setFixedYawAxis( bool useFixed, const Vector3& fixedAxis = Vector3::UNIT_Y );
      |                              ^~~~~~~~~~~~~~~
/home/jrivero/code/my-agents.md/projects/ogre-migrator/ws/src/gz-rendering/ogre/src/OgreDepthCamera.cc: In member function ‘void gz::rendering::v11::OgreDepthCamera::UpdateRenderTarget(gz::rendering::v11::OgreRenderTexturePtr, Ogre::Material*, const std::string&)’:
/home/jrivero/code/my-agents.md/projects/ogre-migrator/ws/src/gz-rendering/ogre/src/OgreDepthCamera.cc:407:21: warning: ‘void Ogre::RenderSystem::_setFog(Ogre::FogMode)’ is deprecated [-Wdeprecated-declarations]
  407 |   renderSys->_setFog(Ogre::FOG_NONE);
      |   ~~~~~~~~~~~~~~~~~~^~~~~~~~~~~~~~~~
In file included from /usr/include/OGRE/OgreCompositorManager.h:33,
                 from /usr/include/OGRE/Ogre.h:46:
/usr/include/OGRE/OgreRenderSystem.h:324:30: note: declared here
  324 |         OGRE_DEPRECATED void _setFog(FogMode f)
      |                              ^~~~~~~
/home/jrivero/code/my-agents.md/projects/ogre-migrator/ws/src/gz-rendering/ogre/src/OgreDepthCamera.cc:410:34: warning: ‘void Ogre::RenderSystem::_setProjectionMatrix(Ogre::Matrix4)’ is deprecated [-Wdeprecated-declarations]
  410 |   renderSys->_setProjectionMatrix(
      |   ~~~~~~~~~~~~~~~~~~~~~~~~~~~~~~~^
  411 |       this->ogreCamera->getProjectionMatrixRS());
      |       ~~~~~~~~~~~~~~~~~~~~~~~~~~~~~~~~~~~~~~~~~~
/usr/include/OGRE/OgreRenderSystem.h:305:30: note: declared here
  305 |         OGRE_DEPRECATED void _setProjectionMatrix(Matrix4 m);
      |                              ^~~~~~~~~~~~~~~~~~~~
/home/jrivero/code/my-agents.md/projects/ogre-migrator/ws/src/gz-rendering/ogre/src/OgreDepthCamera.cc:412:28: warning: ‘void Ogre::RenderSystem::_setViewMatrix(const Ogre::Matrix4&)’ is deprecated [-Wdeprecated-declarations]
  412 |   renderSys->_setViewMatrix(this->ogreCamera->getViewMatrix(true));
      |   ~~~~~~~~~~~~~~~~~~~~~~~~~^~~~~~~~~~~~~~~~~~~~~~~~~~~~~~~~~~~~~~~
/usr/include/OGRE/OgreRenderSystem.h:308:30: note: declared here
  308 |         OGRE_DEPRECATED void _setViewMatrix(const Matrix4& m)
      |                              ^~~~~~~~~~~~~~
/home/jrivero/code/my-agents.md/projects/ogre-migrator/ws/src/gz-rendering/ogre/src/OgreDepthCamera.cc: In member function ‘virtual void gz::rendering::v11::OgreDepthCamera::PostRender()’:
/home/jrivero/code/my-agents.md/projects/ogre-migrator/ws/src/gz-rendering/ogre/src/OgreDepthCamera.cc:471:70: warning: ‘void Ogre::RenderTarget::copyContentsToMemory(const Ogre::PixelBox&, FrameBuffer)’ is deprecated [-Wdeprecated-declarations]
  471 |     this->dataPtr->colorTexture->RenderTarget()->copyContentsToMemory(
      |     ~~~~~~~~~~~~~~~~~~~~~~~~~~~~~~~~~~~~~~~~~~~~~~~~~~~~~~~~~~~~~~~~~^
  472 |         ogrePixelBox);
      |         ~~~~~~~~~~~~~                                                 
In file included from /usr/include/OGRE/OgreRenderTexture.h:32,
                 from /usr/include/OGRE/Ogre.h:100:
/usr/include/OGRE/OgreRenderTarget.h:333:30: note: declared here
  333 |         OGRE_DEPRECATED void copyContentsToMemory(const PixelBox &dst, FrameBuffer buffer = FB_AUTO) { copyContentsToMemory(Box(0, 0, mWidth, mHeight), dst, buffer); }
      |                              ^~~~~~~~~~~~~~~~~~~~
/home/jrivero/code/my-agents.md/projects/ogre-migrator/ws/src/gz-rendering/ogre/src/OgreGpuRays.cc: In member function ‘void gz::rendering::v11::OgreGpuRays::CreateCamera()’:
/home/jrivero/code/my-agents.md/projects/ogre-migrator/ws/src/gz-rendering/ogre/src/OgreGpuRays.cc:276:45: warning: ‘void Ogre::Camera::setFixedYawAxis(bool, const Ogre::Vector3&)’ is deprecated [-Wdeprecated-declarations]
  276 |   this->dataPtr->ogreCamera->setFixedYawAxis(false);
      |   ~~~~~~~~~~~~~~~~~~~~~~~~~~~~~~~~~~~~~~~~~~^~~~~~~
In file included from /usr/include/OGRE/Ogre.h:44,
                 from /home/jrivero/code/my-agents.md/projects/ogre-migrator/ws/src/gz-rendering/ogre/include/gz/rendering/ogre/OgreIncludes.hh:32,
                 from /home/jrivero/code/my-agents.md/projects/ogre-migrator/ws/src/gz-rendering/ogre/include/gz/rendering/ogre/OgreObjectInterface.hh:21,
                 from /home/jrivero/code/my-agents.md/projects/ogre-migrator/ws/src/gz-rendering/ogre/include/gz/rendering/ogre/OgreCamera.hh:24,
                 from /home/jrivero/code/my-agents.md/projects/ogre-migrator/ws/src/gz-rendering/ogre/src/OgreGpuRays.cc:27:
/usr/include/OGRE/OgreCamera.h:330:30: note: declared here
  330 |         OGRE_DEPRECATED void setFixedYawAxis( bool useFixed, const Vector3& fixedAxis = Vector3::UNIT_Y );
      |                              ^~~~~~~~~~~~~~~
/home/jrivero/code/my-agents.md/projects/ogre-migrator/ws/src/gz-rendering/ogre/src/OgreGpuRays.cc:277:33: warning: ‘void Ogre::Camera::yaw(const Ogre::Radian&)’ is deprecated [-Wdeprecated-declarations]
  277 |   this->dataPtr->ogreCamera->yaw(Ogre::Degree(-90));
      |   ~~~~~~~~~~~~~~~~~~~~~~~~~~~~~~^~~~~~~~~~~~~~~~~~~
/usr/include/OGRE/OgreCamera.h:294:30: note: declared here
  294 |         OGRE_DEPRECATED void yaw(const Radian& angle);
      |                              ^~~
/home/jrivero/code/my-agents.md/projects/ogre-migrator/ws/src/gz-rendering/ogre/src/OgreGpuRays.cc:278:34: warning: ‘void Ogre::Camera::roll(const Ogre::Radian&)’ is deprecated [-Wdeprecated-declarations]
  278 |   this->dataPtr->ogreCamera->roll(Ogre::Degree(-90));
      |   ~~~~~~~~~~~~~~~~~~~~~~~~~~~~~~~^~~~~~~~~~~~~~~~~~~
/usr/include/OGRE/OgreCamera.h:289:30: note: declared here
  289 |         OGRE_DEPRECATED void roll(const Radian& angle);
      |                              ^~~~
/home/jrivero/code/my-agents.md/projects/ogre-migrator/ws/src/gz-rendering/ogre/src/OgreGpuRays.cc: In member function ‘void gz::rendering::v11::OgreGpuRays::ConfigureCameras()’:
/home/jrivero/code/my-agents.md/projects/ogre-migrator/ws/src/gz-rendering/ogre/src/OgreGpuRays.cc:417:33: warning: ‘void Ogre::Camera::yaw(const Ogre::Radian&)’ is deprecated [-Wdeprecated-declarations]
  417 |   this->dataPtr->ogreCamera->yaw(Ogre::Radian(this->HorzHalfAngle()));
      |   ~~~~~~~~~~~~~~~~~~~~~~~~~~~~~~^~~~~~~~~~~~~~~~~~~~~~~~~~~~~~~~~~~~~
/usr/include/OGRE/OgreCamera.h:294:30: note: declared here
  294 |         OGRE_DEPRECATED void yaw(const Radian& angle);
      |                              ^~~
/home/jrivero/code/my-agents.md/projects/ogre-migrator/ws/src/gz-rendering/ogre/src/OgreGpuRays.cc: In member function ‘void gz::rendering::v11::OgreGpuRays::UpdateRenderTarget(Ogre::RenderTarget*, Ogre::Material*, Ogre::Camera*, bool)’:
/home/jrivero/code/my-agents.md/projects/ogre-migrator/ws/src/gz-rendering/ogre/src/OgreGpuRays.cc:583:21: warning: ‘void Ogre::RenderSystem::_setFog(Ogre::FogMode)’ is deprecated [-Wdeprecated-declarations]
  583 |   renderSys->_setFog(Ogre::FOG_NONE);
      |   ~~~~~~~~~~~~~~~~~~^~~~~~~~~~~~~~~~
In file included from /usr/include/OGRE/OgreCompositorManager.h:33,
                 from /usr/include/OGRE/Ogre.h:46:
/usr/include/OGRE/OgreRenderSystem.h:324:30: note: declared here
  324 |         OGRE_DEPRECATED void _setFog(FogMode f)
      |                              ^~~~~~~
/home/jrivero/code/my-agents.md/projects/ogre-migrator/ws/src/gz-rendering/ogre/src/OgreGpuRays.cc: In member function ‘void gz::rendering::v11::OgreGpuRays::CreateOrthoCam()’:
/home/jrivero/code/my-agents.md/projects/ogre-migrator/ws/src/gz-rendering/ogre/src/OgreGpuRays.cc:766:33: warning: ‘void Ogre::Camera::pitch(const Ogre::Radian&)’ is deprecated [-Wdeprecated-declarations]
  766 |   this->dataPtr->orthoCam->pitch(Ogre::Degree(90));
      |   ~~~~~~~~~~~~~~~~~~~~~~~~~~~~~~^~~~~~~~~~~~~~~~~~
/usr/include/OGRE/OgreCamera.h:299:30: note: declared here
  299 |         OGRE_DEPRECATED void pitch(const Radian& angle);
      |                              ^~~~~
/home/jrivero/code/my-agents.md/projects/ogre-migrator/ws/src/gz-rendering/ogre/src/OgreGpuRays.cc:769:43: warning: ‘void Ogre::Camera::setFixedYawAxis(bool, const Ogre::Vector3&)’ is deprecated [-Wdeprecated-declarations]
  769 |   this->dataPtr->orthoCam->setFixedYawAxis(true, Ogre::Vector3::UNIT_Z);
      |   ~~~~~~~~~~~~~~~~~~~~~~~~~~~~~~~~~~~~~~~~^~~~~~~~~~~~~~~~~~~~~~~~~~~~~
/usr/include/OGRE/OgreCamera.h:330:30: note: declared here
  330 |         OGRE_DEPRECATED void setFixedYawAxis( bool useFixed, const Vector3& fixedAxis = Vector3::UNIT_Y );
      |                              ^~~~~~~~~~~~~~~
/home/jrivero/code/my-agents.md/projects/ogre-migrator/ws/src/gz-rendering/ogre/src/OgreGpuRays.cc:770:40: warning: ‘void Ogre::Camera::setDirection(Ogre::Real, Ogre::Real, Ogre::Real)’ is deprecated [-Wdeprecated-declarations]
  770 |   this->dataPtr->orthoCam->setDirection(1, 0, 0);
      |   ~~~~~~~~~~~~~~~~~~~~~~~~~~~~~~~~~~~~~^~~~~~~~~
/usr/include/OGRE/OgreCamera.h:251:30: note: declared here
  251 |         OGRE_DEPRECATED void setDirection(Real x, Real y, Real z);
      |                              ^~~~~~~~~~~~
/home/jrivero/code/my-agents.md/projects/ogre-migrator/ws/src/gz-rendering/ogre/src/OgreHeightmap.cc: In member function ‘void gz::rendering::v11::OgreHeightmap::CreateMaterial()’:
/home/jrivero/code/my-agents.md/projects/ogre-migrator/ws/src/gz-rendering/ogre/src/OgreHeightmap.cc:1010:34: warning: ‘void Ogre::SharedPtr<T>::bind(T*) [with T = Ogre::TerrainMaterialGenerator]’ is deprecated [-Wdeprecated-declarations]
 1010 |     terrainMaterialGenerator.bind(terrainMaterial);
      |     ~~~~~~~~~~~~~~~~~~~~~~~~~~~~~^~~~~~~~~~~~~~~~~
In file included from /usr/include/OGRE/OgreHardwareVertexBuffer.h:34,
                 from /usr/include/OGRE/OgrePose.h:33,
                 from /usr/include/OGRE/OgreAnimationTrack.h:36,
                 from /usr/include/OGRE/OgreAnimation.h:34,
                 from /usr/include/OGRE/Ogre.h:33,
                 from /home/jrivero/code/my-agents.md/projects/ogre-migrator/ws/src/gz-rendering/ogre/include/gz/rendering/ogre/OgreIncludes.hh:32,
                 from /home/jrivero/code/my-agents.md/projects/ogre-migrator/ws/src/gz-rendering/ogre/include/gz/rendering/ogre/OgreObjectInterface.hh:21,
                 from /home/jrivero/code/my-agents.md/projects/ogre-migrator/ws/src/gz-rendering/ogre/include/gz/rendering/ogre/OgreCamera.hh:24,
                 from /home/jrivero/code/my-agents.md/projects/ogre-migrator/ws/src/gz-rendering/ogre/src/OgreHeightmap.cc:24:
/usr/include/OGRE/OgreSharedPtr.h:85:30: note: declared here
   85 |         OGRE_DEPRECATED void bind(T* rep) { shared_ptr<T>::reset(rep); }
      |                              ^~~~
/home/jrivero/code/my-agents.md/projects/ogre-migrator/ws/src/gz-rendering/ogre/src/OgreHeightmap.cc:1032:34: warning: ‘void Ogre::SharedPtr<T>::bind(T*) [with T = Ogre::TerrainMaterialGenerator]’ is deprecated [-Wdeprecated-declarations]
 1032 |     terrainMaterialGenerator.bind(terrainMaterial);
      |     ~~~~~~~~~~~~~~~~~~~~~~~~~~~~~^~~~~~~~~~~~~~~~~
/usr/include/OGRE/OgreSharedPtr.h:85:30: note: declared here
   85 |         OGRE_DEPRECATED void bind(T* rep) { shared_ptr<T>::reset(rep); }
      |                              ^~~~
/home/jrivero/code/my-agents.md/projects/ogre-migrator/ws/src/gz-rendering/ogre/src/OgreHeightmap.cc: In member function ‘virtual Ogre::MaterialPtr TerrainMaterial::Profile::generate(const Ogre::Terrain*)’:
/home/jrivero/code/my-agents.md/projects/ogre-migrator/ws/src/gz-rendering/ogre/src/OgreHeightmap.cc:2743:18: warning: ‘bool Ogre::SharedPtr<T>::isNull() const [with T = Ogre::Material]’ is deprecated [-Wdeprecated-declarations]
 2743 |   if (!mat.isNull())
      |        ~~~~~~~~~~^~
/usr/include/OGRE/OgreSharedPtr.h:91:30: note: declared here
   91 |         OGRE_DEPRECATED bool isNull(void) const { return !shared_ptr<T>::operator bool(); }
      |                              ^~~~~~
/home/jrivero/code/my-agents.md/projects/ogre-migrator/ws/src/gz-rendering/ogre/src/OgreLight.cc: In member function ‘virtual gz::math::v10::Vector3d gz::rendering::v11::OgreDirectionalLight::Direction() const’:
/home/jrivero/code/my-agents.md/projects/ogre-migrator/ws/src/gz-rendering/ogre/src/OgreLight.cc:210:64: warning: ‘const Ogre::Vector3& Ogre::Light::getDirection() const’ is deprecated [-Wdeprecated-declarations]
  210 |   return OgreConversions::Convert(this->ogreLight->getDirection());
      |                                   ~~~~~~~~~~~~~~~~~~~~~~~~~~~~~^~
In file included from /usr/include/OGRE/Ogre.h:73,
                 from /home/jrivero/code/my-agents.md/projects/ogre-migrator/ws/src/gz-rendering/ogre/include/gz/rendering/ogre/OgreIncludes.hh:32,
                 from /home/jrivero/code/my-agents.md/projects/ogre-migrator/ws/src/gz-rendering/ogre/include/gz/rendering/ogre/OgreLight.hh:22,
                 from /home/jrivero/code/my-agents.md/projects/ogre-migrator/ws/src/gz-rendering/ogre/src/OgreLight.cc:20:
/usr/include/OGRE/OgreLight.h:243:40: note: declared here
  243 |         OGRE_DEPRECATED const Vector3& getDirection(void) const;
      |                                        ^~~~~~~~~~~~
/home/jrivero/code/my-agents.md/projects/ogre-migrator/ws/src/gz-rendering/ogre/src/OgreLight.cc: In member function ‘virtual void gz::rendering::v11::OgreDirectionalLight::SetDirection(const gz::math::v10::Vector3d&)’:
/home/jrivero/code/my-agents.md/projects/ogre-migrator/ws/src/gz-rendering/ogre/src/OgreLight.cc:216:32: warning: ‘void Ogre::Light::setDirection(const Ogre::Vector3&)’ is deprecated [-Wdeprecated-declarations]
  216 |   this->ogreLight->setDirection(OgreConversions::Convert(_dir));
      |   ~~~~~~~~~~~~~~~~~~~~~~~~~~~~~^~~~~~~~~~~~~~~~~~~~~~~~~~~~~~~~
/usr/include/OGRE/OgreLight.h:238:30: note: declared here
  238 |         OGRE_DEPRECATED void setDirection(const Vector3& vec);
      |                              ^~~~~~~~~~~~
/home/jrivero/code/my-agents.md/projects/ogre-migrator/ws/src/gz-rendering/ogre/src/OgreLight.cc: In member function ‘virtual gz::math::v10::Vector3d gz::rendering::v11::OgreSpotLight::Direction() const’:
/home/jrivero/code/my-agents.md/projects/ogre-migrator/ws/src/gz-rendering/ogre/src/OgreLight.cc:248:64: warning: ‘const Ogre::Vector3& Ogre::Light::getDirection() const’ is deprecated [-Wdeprecated-declarations]
  248 |   return OgreConversions::Convert(this->ogreLight->getDirection());
      |                                   ~~~~~~~~~~~~~~~~~~~~~~~~~~~~~^~
/usr/include/OGRE/OgreLight.h:243:40: note: declared here
  243 |         OGRE_DEPRECATED const Vector3& getDirection(void) const;
      |                                        ^~~~~~~~~~~~
/home/jrivero/code/my-agents.md/projects/ogre-migrator/ws/src/gz-rendering/ogre/src/OgreLight.cc: In member function ‘virtual void gz::rendering::v11::OgreSpotLight::SetDirection(const gz::math::v10::Vector3d&)’:
/home/jrivero/code/my-agents.md/projects/ogre-migrator/ws/src/gz-rendering/ogre/src/OgreLight.cc:254:32: warning: ‘void Ogre::Light::setDirection(const Ogre::Vector3&)’ is deprecated [-Wdeprecated-declarations]
  254 |   this->ogreLight->setDirection(OgreConversions::Convert(_dir));
      |   ~~~~~~~~~~~~~~~~~~~~~~~~~~~~~^~~~~~~~~~~~~~~~~~~~~~~~~~~~~~~~
/usr/include/OGRE/OgreLight.h:238:30: note: declared here
  238 |         OGRE_DEPRECATED void setDirection(const Vector3& vec);
      |                              ^~~~~~~~~~~~
/home/jrivero/code/my-agents.md/projects/ogre-migrator/ws/src/gz-rendering/ogre/src/OgreMaterial.cc: In member function ‘virtual void gz::rendering::v11::OgreMaterial::Destroy()’:
/home/jrivero/code/my-agents.md/projects/ogre-migrator/ws/src/gz-rendering/ogre/src/OgreMaterial.cc:80:27: warning: ‘unsigned int Ogre::SharedPtr<T>::useCount() const [with T = Ogre::Resource]’ is deprecated [-Wdeprecated-declarations]
   80 |     if (i->second.useCount() == 4)
      |         ~~~~~~~~~~~~~~~~~~^~
In file included from /usr/include/OGRE/OgreHardwareVertexBuffer.h:34,
                 from /usr/include/OGRE/OgrePose.h:33,
                 from /usr/include/OGRE/OgreAnimationTrack.h:36,
                 from /usr/include/OGRE/OgreAnimation.h:34,
                 from /usr/include/OGRE/Ogre.h:33,
                 from /home/jrivero/code/my-agents.md/projects/ogre-migrator/ws/src/gz-rendering/ogre/include/gz/rendering/ogre/OgreIncludes.hh:32,
                 from /home/jrivero/code/my-agents.md/projects/ogre-migrator/ws/src/gz-rendering/ogre/include/gz/rendering/ogre/OgreMaterial.hh:29,
                 from /home/jrivero/code/my-agents.md/projects/ogre-migrator/ws/src/gz-rendering/ogre/src/OgreMaterial.cc:24:
/usr/include/OGRE/OgreSharedPtr.h:87:38: note: declared here
   87 |         OGRE_DEPRECATED unsigned int useCount() const { return shared_ptr<T>::use_count(); }
      |                                      ^~~~~~~~
/home/jrivero/code/my-agents.md/projects/ogre-migrator/ws/src/gz-rendering/ogre/src/OgreMaterial.cc:89:31: warning: ‘unsigned int Ogre::SharedPtr<T>::useCount() const [with T = Ogre::Resource]’ is deprecated [-Wdeprecated-declarations]
   89 |         if (i->second.useCount() == 3)
      |             ~~~~~~~~~~~~~~~~~~^~
/usr/include/OGRE/OgreSharedPtr.h:87:38: note: declared here
   87 |         OGRE_DEPRECATED unsigned int useCount() const { return shared_ptr<T>::use_count(); }
      |                                      ^~~~~~~~
/home/jrivero/code/my-agents.md/projects/ogre-migrator/ws/src/gz-rendering/ogre/src/OgreMaterial.cc: In member function ‘void gz::rendering::v11::OgreMaterial::UpdateShaderParams(gz::rendering::v11::ConstShaderParamsPtr, const Ogre::GpuProgramParametersPtr&)’:
/home/jrivero/code/my-agents.md/projects/ogre-migrator/ws/src/gz-rendering/ogre/src/OgreMaterial.cc:526:37: warning: ‘void Ogre::TextureUnitState::setCubicTextureName(const Ogre::String&, bool)’ is deprecated [-Wdeprecated-declarations]
  526 |         texUnit->setCubicTextureName(baseName, true);
      |         ~~~~~~~~~~~~~~~~~~~~~~~~~~~~^~~~~~~~~~~~~~~~
In file included from /usr/include/OGRE/OgreControllerManager.h:35,
                 from /usr/include/OGRE/OgreAnimationState.h:36,
                 from /usr/include/OGRE/OgreAnimation.h:35:
/usr/include/OGRE/OgreTextureUnitState.h:376:30: note: declared here
  376 |         OGRE_DEPRECATED void setCubicTextureName( const String& name, bool forUVW = false )
      |                              ^~~~~~~~~~~~~~~~~~~
/home/jrivero/code/my-agents.md/projects/ogre-migrator/ws/src/gz-rendering/ogre/src/OgreMarker.cc: In member function ‘virtual void gz::rendering::v11::OgreMarker::PreRender()’:
/home/jrivero/code/my-agents.md/projects/ogre-migrator/ws/src/gz-rendering/ogre/src/OgreMarker.cc:64:63: warning: ‘bool Ogre::SharedPtr<T>::isNull() const [with T = Ogre::Material]’ is deprecated [-Wdeprecated-declarations]
   64 |     if (this->dataPtr->dynamicRenderable->getMaterial().isNull() ||
      |         ~~~~~~~~~~~~~~~~~~~~~~~~~~~~~~~~~~~~~~~~~~~~~~~~~~~~~~^~
In file included from /usr/include/OGRE/OgreHardwareVertexBuffer.h:34,
                 from /usr/include/OGRE/OgrePose.h:33,
                 from /usr/include/OGRE/OgreAnimationTrack.h:36,
                 from /usr/include/OGRE/OgreAnimation.h:34,
                 from /usr/include/OGRE/Ogre.h:33,
                 from /home/jrivero/code/my-agents.md/projects/ogre-migrator/ws/src/gz-rendering/ogre/include/gz/rendering/ogre/OgreIncludes.hh:32,
                 from /home/jrivero/code/my-agents.md/projects/ogre-migrator/ws/src/gz-rendering/ogre/include/gz/rendering/ogre/OgreCapsule.hh:24,
                 from /home/jrivero/code/my-agents.md/projects/ogre-migrator/ws/src/gz-rendering/ogre/src/OgreMarker.cc:21:
/usr/include/OGRE/OgreSharedPtr.h:91:30: note: declared here
   91 |         OGRE_DEPRECATED bool isNull(void) const { return !shared_ptr<T>::operator bool(); }
      |                              ^~~~~~
/home/jrivero/code/my-agents.md/projects/ogre-migrator/ws/src/gz-rendering/ogre/src/OgreMesh.cc: In member function ‘virtual void gz::rendering::v11::OgreMesh::Destroy()’:
/home/jrivero/code/my-agents.md/projects/ogre-migrator/ws/src/gz-rendering/ogre/src/OgreMesh.cc:74:27: warning: ‘unsigned int Ogre::SharedPtr<T>::useCount() const [with T = Ogre::Resource]’ is deprecated [-Wdeprecated-declarations]
   74 |     if (i->second.useCount() == 3)
      |         ~~~~~~~~~~~~~~~~~~^~
In file included from /usr/include/OGRE/OgreHardwareVertexBuffer.h:34,
                 from /usr/include/OGRE/OgrePose.h:33,
                 from /usr/include/OGRE/OgreAnimationTrack.h:36,
                 from /usr/include/OGRE/OgreAnimation.h:34,
                 from /usr/include/OGRE/Ogre.h:33,
                 from /home/jrivero/code/my-agents.md/projects/ogre-migrator/ws/src/gz-rendering/ogre/include/gz/rendering/ogre/OgreIncludes.hh:32,
                 from /home/jrivero/code/my-agents.md/projects/ogre-migrator/ws/src/gz-rendering/ogre/include/gz/rendering/ogre/OgreConversions.hh:26,
                 from /home/jrivero/code/my-agents.md/projects/ogre-migrator/ws/src/gz-rendering/ogre/src/OgreMesh.cc:21:
/usr/include/OGRE/OgreSharedPtr.h:87:38: note: declared here
   87 |         OGRE_DEPRECATED unsigned int useCount() const { return shared_ptr<T>::use_count(); }
      |                                      ^~~~~~~~
/home/jrivero/code/my-agents.md/projects/ogre-migrator/ws/src/gz-rendering/ogre/src/OgreRTShaderSystem.cc: In member function ‘void gz::rendering::v11::OgreRTShaderSystem::RemoveShadows(gz::rendering::v11::OgreScenePtr)’:
/home/jrivero/code/my-agents.md/projects/ogre-migrator/ws/src/gz-rendering/ogre/src/OgreRTShaderSystem.cc:571:50: warning: ‘void Ogre::RTShader::RenderState::removeTemplateSubRenderState(Ogre::RTShader::SubRenderState*)’ is deprecated [-Wdeprecated-declarations]
  571 |   schemeRenderState->removeTemplateSubRenderState(
      |   ~~~~~~~~~~~~~~~~~~~~~~~~~~~~~~~~~~~~~~~~~~~~~~~^
  572 |       this->dataPtr->shadowRenderState);
      |       ~~~~~~~~~~~~~~~~~~~~~~~~~~~~~~~~~           
In file included from /usr/include/OGRE/RTShaderSystem/OgreShaderGenerator.h:35,
                 from /usr/include/OGRE/RTShaderSystem/OgreRTShaderSystem.h:32,
                 from /home/jrivero/code/my-agents.md/projects/ogre-migrator/ws/src/gz-rendering/ogre/include/gz/rendering/ogre/OgreIncludes.hh:76,
                 from /home/jrivero/code/my-agents.md/projects/ogre-migrator/ws/src/gz-rendering/ogre/include/gz/rendering/ogre/OgreRenderEngine.hh:30,
                 from /home/jrivero/code/my-agents.md/projects/ogre-migrator/ws/src/gz-rendering/ogre/src/OgreRTShaderSystem.cc:33:
/usr/include/OGRE/RTShaderSystem/OgreShaderRenderState.h:76:26: note: declared here
   76 |     OGRE_DEPRECATED void removeTemplateSubRenderState(SubRenderState* srs) { removeSubRenderState(srs); }
      |                          ^~~~~~~~~~~~~~~~~~~~~~~~~~~~
/home/jrivero/code/my-agents.md/projects/ogre-migrator/ws/src/gz-rendering/ogre/src/OgreProjector.cc: In member function ‘std::unordered_set<std::__cxx11::basic_string<char> > gz::rendering::v11::OgreProjectorListener::FindVisibleMaterials()’:
/home/jrivero/code/my-agents.md/projects/ogre-migrator/ws/src/gz-rendering/ogre/src/OgreProjector.cc:496:72: warning: ‘bool Ogre::Any::isEmpty() const’ is deprecated [-Wdeprecated-declarations]
  496 |     if (entity && !entity->getUserObjectBindings().getUserAny().isEmpty() &&
      |                    ~~~~~~~~~~~~~~~~~~~~~~~~~~~~~~~~~~~~~~~~~~~~~~~~~~~~^~
In file included from /usr/include/OGRE/OgreGpuProgramParams.h:36,
                 from /usr/include/OGRE/OgreGpuProgram.h:34,
                 from /usr/include/OGRE/OgreRenderable.h:34,
                 from /usr/include/OGRE/OgreShadowCaster.h:32,
                 from /usr/include/OGRE/OgreMovableObject.h:36,
                 from /usr/include/OGRE/OgreEntity.h:34,
                 from /home/jrivero/code/my-agents.md/projects/ogre-migrator/ws/src/gz-rendering/ogre/src/OgreProjector.cc:25:
/usr/include/OGRE/OgreAny.h:112:30: note: declared here
  112 |         OGRE_DEPRECATED bool isEmpty() const { return !has_value(); }
      |                              ^~~~~~~
/home/jrivero/code/my-agents.md/projects/ogre-migrator/ws/src/gz-rendering/ogre/src/OgreProjector.cc:497:61: warning: ‘const std::type_info& Ogre::Any::getType() const’ is deprecated [-Wdeprecated-declarations]
  497 |         entity->getUserObjectBindings().getUserAny().getType() ==
      |         ~~~~~~~~~~~~~~~~~~~~~~~~~~~~~~~~~~~~~~~~~~~~~~~~~~~~^~
/usr/include/OGRE/OgreAny.h:120:47: note: declared here
  120 |         OGRE_DEPRECATED const std::type_info& getType() const { return type(); }
      |                                               ^~~~~~~
/home/jrivero/code/my-agents.md/projects/ogre-migrator/ws/src/gz-rendering/ogre/src/OgreRayQuery.cc: In member function ‘virtual gz::rendering::v11::RayQueryResult gz::rendering::v11::OgreRayQuery::ClosestPoint(bool)’:
/home/jrivero/code/my-agents.md/projects/ogre-migrator/ws/src/gz-rendering/ogre/src/OgreRayQuery.cc:153:27: warning: ‘bool Ogre::Any::isEmpty() const’ is deprecated [-Wdeprecated-declarations]
  153 |       if (!userAny.isEmpty() && userAny.getType() == typeid(unsigned int) &&
      |            ~~~~~~~~~~~~~~~^~
In file included from /usr/include/OGRE/Ogre.h:36,
                 from /home/jrivero/code/my-agents.md/projects/ogre-migrator/ws/src/gz-rendering/ogre/include/gz/rendering/ogre/OgreIncludes.hh:32,
                 from /home/jrivero/code/my-agents.md/projects/ogre-migrator/ws/src/gz-rendering/ogre/src/OgreRayQuery.cc:23:
/usr/include/OGRE/OgreAny.h:112:30: note: declared here
  112 |         OGRE_DEPRECATED bool isEmpty() const { return !has_value(); }
      |                              ^~~~~~~
/home/jrivero/code/my-agents.md/projects/ogre-migrator/ws/src/gz-rendering/ogre/src/OgreRayQuery.cc:153:48: warning: ‘const std::type_info& Ogre::Any::getType() const’ is deprecated [-Wdeprecated-declarations]
  153 |       if (!userAny.isEmpty() && userAny.getType() == typeid(unsigned int) &&
      |                                 ~~~~~~~~~~~~~~~^~
/usr/include/OGRE/OgreAny.h:120:47: note: declared here
  120 |         OGRE_DEPRECATED const std::type_info& getType() const { return type(); }
      |                                               ^~~~~~~
/home/jrivero/code/my-agents.md/projects/ogre-migrator/ws/src/gz-rendering/ogre/src/OgreRenderTargetMaterial.cc: In member function ‘virtual Ogre::Technique* gz::rendering::v11::OgreRenderTargetMaterial::handleSchemeNotFound(uint16_t, const Ogre::String&, Ogre::Material*, uint16_t, const Ogre::Renderable*)’:
/home/jrivero/code/my-agents.md/projects/ogre-migrator/ws/src/gz-rendering/ogre/src/OgreRenderTargetMaterial.cc:68:49: warning: ‘Ogre::Technique* Ogre::Material::getSupportedTechnique(short unsigned int)’ is deprecated [-Wdeprecated-declarations]
   68 |     return this->material->getSupportedTechnique(0);
      |            ~~~~~~~~~~~~~~~~~~~~~~~~~~~~~~~~~~~~~^~~
In file included from /usr/include/OGRE/OgreRenderable.h:37,
                 from /usr/include/OGRE/OgreShadowCaster.h:32,
                 from /usr/include/OGRE/OgreMovableObject.h:36,
                 from /usr/include/OGRE/OgreBillboardChain.h:37,
                 from /usr/include/OGRE/Ogre.h:41,
                 from /home/jrivero/code/my-agents.md/projects/ogre-migrator/ws/src/gz-rendering/ogre/include/gz/rendering/ogre/OgreIncludes.hh:32,
                 from /home/jrivero/code/my-agents.md/projects/ogre-migrator/ws/src/gz-rendering/ogre/include/gz/rendering/ogre/OgreRenderTargetMaterial.hh:23,
                 from /home/jrivero/code/my-agents.md/projects/ogre-migrator/ws/src/gz-rendering/ogre/src/OgreRenderTargetMaterial.cc:19:
/usr/include/OGRE/OgreMaterial.h:248:36: note: declared here
  248 |         OGRE_DEPRECATED Technique* getSupportedTechnique(unsigned short index);
      |                                    ^~~~~~~~~~~~~~~~~~~~~
/home/jrivero/code/my-agents.md/projects/ogre-migrator/ws/src/gz-rendering/ogre/src/OgreRenderTarget.cc: In member function ‘virtual void gz::rendering::v11::OgreRenderTarget::Copy(gz::rendering::v11::Image&) const’:
/home/jrivero/code/my-agents.md/projects/ogre-migrator/ws/src/gz-rendering/ogre/src/OgreRenderTarget.cc:82:47: warning: ‘void Ogre::RenderTarget::copyContentsToMemory(const Ogre::PixelBox&, FrameBuffer)’ is deprecated [-Wdeprecated-declarations]
   82 |     this->RenderTarget()->copyContentsToMemory(ogrePixelBox);
      |     ~~~~~~~~~~~~~~~~~~~~~~~~~~~~~~~~~~~~~~~~~~^~~~~~~~~~~~~~
In file included from /usr/include/OGRE/OgreRenderTexture.h:32,
                 from /usr/include/OGRE/Ogre.h:100,
                 from /home/jrivero/code/my-agents.md/projects/ogre-migrator/ws/src/gz-rendering/ogre/include/gz/rendering/ogre/OgreIncludes.hh:32,
                 from /home/jrivero/code/my-agents.md/projects/ogre-migrator/ws/src/gz-rendering/ogre/include/gz/rendering/ogre/OgreRenderEngine.hh:30,
                 from /home/jrivero/code/my-agents.md/projects/ogre-migrator/ws/src/gz-rendering/ogre/src/OgreRenderTarget.cc:24:
/usr/include/OGRE/OgreRenderTarget.h:333:30: note: declared here
  333 |         OGRE_DEPRECATED void copyContentsToMemory(const PixelBox &dst, FrameBuffer buffer = FB_AUTO) { copyContentsToMemory(Box(0, 0, mWidth, mHeight), dst, buffer); }
      |                              ^~~~~~~~~~~~~~~~~~~~
/home/jrivero/code/my-agents.md/projects/ogre-migrator/ws/src/gz-rendering/ogre/src/OgreRenderTarget.cc:92:47: warning: ‘void Ogre::RenderTarget::copyContentsToMemory(const Ogre::PixelBox&, FrameBuffer)’ is deprecated [-Wdeprecated-declarations]
   92 |     this->RenderTarget()->copyContentsToMemory(ogrePixelBox);
      |     ~~~~~~~~~~~~~~~~~~~~~~~~~~~~~~~~~~~~~~~~~~^~~~~~~~~~~~~~
/usr/include/OGRE/OgreRenderTarget.h:333:30: note: declared here
  333 |         OGRE_DEPRECATED void copyContentsToMemory(const PixelBox &dst, FrameBuffer buffer = FB_AUTO) { copyContentsToMemory(Box(0, 0, mWidth, mHeight), dst, buffer); }
      |                              ^~~~~~~~~~~~~~~~~~~~
/home/jrivero/code/my-agents.md/projects/ogre-migrator/ws/src/gz-rendering/ogre/src/OgreRenderTarget.cc: In member function ‘virtual void gz::rendering::v11::OgreRenderTexture::Buffer(float*)’:
/home/jrivero/code/my-agents.md/projects/ogre-migrator/ws/src/gz-rendering/ogre/src/OgreRenderTarget.cc:468:45: warning: ‘void Ogre::RenderTarget::copyContentsToMemory(const Ogre::PixelBox&, FrameBuffer)’ is deprecated [-Wdeprecated-declarations]
  468 |   this->RenderTarget()->copyContentsToMemory(ogrePixelBox);
      |   ~~~~~~~~~~~~~~~~~~~~~~~~~~~~~~~~~~~~~~~~~~^~~~~~~~~~~~~~
/usr/include/OGRE/OgreRenderTarget.h:333:30: note: declared here
  333 |         OGRE_DEPRECATED void copyContentsToMemory(const PixelBox &dst, FrameBuffer buffer = FB_AUTO) { copyContentsToMemory(Box(0, 0, mWidth, mHeight), dst, buffer); }
      |                              ^~~~~~~~~~~~~~~~~~~~
/home/jrivero/code/my-agents.md/projects/ogre-migrator/ws/src/gz-rendering/ogre/src/OgreSelectionBuffer.cc: In member function ‘void gz::rendering::v11::OgreSelectionBuffer::Update()’:
/home/jrivero/code/my-agents.md/projects/ogre-migrator/ws/src/gz-rendering/ogre/src/OgreSelectionBuffer.cc:112:53: warning: ‘void Ogre::RenderTarget::copyContentsToMemory(const Ogre::PixelBox&, FrameBuffer)’ is deprecated [-Wdeprecated-declarations]
  112 |   this->dataPtr->renderTexture->copyContentsToMemory(*this->dataPtr->pixelBox,
      |   ~~~~~~~~~~~~~~~~~~~~~~~~~~~~~~~~~~~~~~~~~~~~~~~~~~^~~~~~~~~~~~~~~~~~~~~~~~~~
  113 |       Ogre::RenderTarget::FB_FRONT);
      |       ~~~~~~~~~~~~~~~~~~~~~~~~~~~~~                  
In file included from /usr/include/OGRE/OgreRenderTexture.h:32,
                 from /usr/include/OGRE/Ogre.h:100,
                 from /home/jrivero/code/my-agents.md/projects/ogre-migrator/ws/src/gz-rendering/ogre/include/gz/rendering/ogre/OgreIncludes.hh:32,
                 from /home/jrivero/code/my-agents.md/projects/ogre-migrator/ws/src/gz-rendering/ogre/src/OgreSelectionBuffer.cc:24:
/usr/include/OGRE/OgreRenderTarget.h:333:30: note: declared here
  333 |         OGRE_DEPRECATED void copyContentsToMemory(const PixelBox &dst, FrameBuffer buffer = FB_AUTO) { copyContentsToMemory(Box(0, 0, mWidth, mHeight), dst, buffer); }
      |                              ^~~~~~~~~~~~~~~~~~~~
/home/jrivero/code/my-agents.md/projects/ogre-migrator/ws/src/gz-rendering/ogre/src/OgreSelectionBuffer.cc: In member function ‘Ogre::Entity* gz::rendering::v11::OgreSelectionBuffer::OnSelectionClick(int, int)’:
/home/jrivero/code/my-agents.md/projects/ogre-migrator/ws/src/gz-rendering/ogre/src/OgreSelectionBuffer.cc:229:46: warning: ‘void Ogre::Camera::setPosition(const Ogre::Vector3&)’ is deprecated [-Wdeprecated-declarations]
  229 |   this->dataPtr->selectionCamera->setPosition(
      |   ~~~~~~~~~~~~~~~~~~~~~~~~~~~~~~~~~~~~~~~~~~~^
  230 |       this->dataPtr->camera->getDerivedPosition());
      |       ~~~~~~~~~~~~~~~~~~~~~~~~~~~~~~~~~~~~~~~~~~~~
In file included from /usr/include/OGRE/Ogre.h:44:
/usr/include/OGRE/OgreCamera.h:228:30: note: declared here
  228 |         OGRE_DEPRECATED void setPosition(const Vector3& vec);
      |                              ^~~~~~~~~~~
/home/jrivero/code/my-agents.md/projects/ogre-migrator/ws/src/gz-rendering/ogre/src/OgreSelectionBuffer.cc:231:49: warning: ‘void Ogre::Camera::setOrientation(const Ogre::Quaternion&)’ is deprecated [-Wdeprecated-declarations]
  231 |   this->dataPtr->selectionCamera->setOrientation(
      |   ~~~~~~~~~~~~~~~~~~~~~~~~~~~~~~~~~~~~~~~~~~~~~~^
  232 |       this->dataPtr->camera->getDerivedOrientation());
      |       ~~~~~~~~~~~~~~~~~~~~~~~~~~~~~~~~~~~~~~~~~~~~~~~
/usr/include/OGRE/OgreCamera.h:341:30: note: declared here
  341 |         OGRE_DEPRECATED void setOrientation(const Quaternion& q);
      |                              ^~~~~~~~~~~~~~
/home/jrivero/code/my-agents.md/projects/ogre-migrator/ws/src/gz-rendering/ogre/src/OgreSelectionBuffer.cc: In member function ‘void gz::rendering::v11::OgreSelectionBuffer::ShowOverlay(bool)’:
/home/jrivero/code/my-agents.md/projects/ogre-migrator/ws/src/gz-rendering/ogre/src/OgreSelectionBuffer.cc:316:50: warning: unused parameter ‘_show’ [-Wunused-parameter]
  316 | void OgreSelectionBuffer::ShowOverlay(const bool _show)
      |                                       ~~~~~~~~~~~^~~~~
/home/jrivero/code/my-agents.md/projects/ogre-migrator/ws/src/gz-rendering/ogre/src/OgreText.cc: In member function ‘void gz::rendering::v11::OgreMovableText::UpdateColors()’:
/home/jrivero/code/my-agents.md/projects/ogre-migrator/ws/src/gz-rendering/ogre/src/OgreText.cc:753:48: warning: ‘void Ogre::Root::convertColourValue(const Ogre::ColourValue&, Ogre::uint32*)’ is deprecated [-Wdeprecated-declarations]
  753 |   Ogre::Root::getSingleton().convertColourValue(cv, &clr);
      |   ~~~~~~~~~~~~~~~~~~~~~~~~~~~~~~~~~~~~~~~~~~~~~^~~~~~~~~~
In file included from /usr/include/OGRE/Ogre.h:105,
                 from /home/jrivero/code/my-agents.md/projects/ogre-migrator/ws/src/gz-rendering/ogre/include/gz/rendering/ogre/OgreIncludes.hh:32,
                 from /home/jrivero/code/my-agents.md/projects/ogre-migrator/ws/src/gz-rendering/ogre/include/gz/rendering/ogre/OgreMaterial.hh:29,
                 from /home/jrivero/code/my-agents.md/projects/ogre-migrator/ws/src/gz-rendering/ogre/src/OgreText.cc:27:
/usr/include/OGRE/OgreRoot.h:562:30: note: declared here
  562 |         OGRE_DEPRECATED void convertColourValue(const ColourValue& colour, uint32* pDest);
      |                              ^~~~~~~~~~~~~~~~~~
/home/jrivero/code/my-agents.md/projects/ogre-migrator/ws/src/gz-rendering/ogre/src/OgreVisual.cc: In member function ‘virtual void gz::rendering::v11::OgreVisual::SetWireframe(bool)’:
/home/jrivero/code/my-agents.md/projects/ogre-migrator/ws/src/gz-rendering/ogre/src/OgreVisual.cc:72:32: warning: ‘bool Ogre::SharedPtr<T>::isNull() const [with T = Ogre::Material]’ is deprecated [-Wdeprecated-declarations]
   72 |       if (entityMaterial.isNull())
      |           ~~~~~~~~~~~~~~~~~~~~~^~
In file included from /usr/include/OGRE/OgreHardwareVertexBuffer.h:34,
                 from /usr/include/OGRE/OgrePose.h:33,
                 from /usr/include/OGRE/OgreAnimationTrack.h:36,
                 from /usr/include/OGRE/OgreAnimation.h:34,
                 from /usr/include/OGRE/Ogre.h:33,
                 from /home/jrivero/code/my-agents.md/projects/ogre-migrator/ws/src/gz-rendering/ogre/include/gz/rendering/ogre/OgreIncludes.hh:32,
                 from /home/jrivero/code/my-agents.md/projects/ogre-migrator/ws/src/gz-rendering/ogre/include/gz/rendering/ogre/OgreWireBox.hh:24,
                 from /home/jrivero/code/my-agents.md/projects/ogre-migrator/ws/src/gz-rendering/ogre/src/OgreVisual.cc:22:
/usr/include/OGRE/OgreSharedPtr.h:91:30: note: declared here
   91 |         OGRE_DEPRECATED bool isNull(void) const { return !shared_ptr<T>::operator bool(); }
      |                              ^~~~~~
/home/jrivero/code/my-agents.md/projects/ogre-migrator/ws/src/gz-rendering/ogre/src/OgreThermalCamera.cc: In member function ‘virtual Ogre::Technique* gz::rendering::v11::OgreThermalCameraMaterialSwitcher::handleSchemeNotFound(uint16_t, const Ogre::String&, Ogre::Material*, uint16_t, const Ogre::Renderable*)’:
/home/jrivero/code/my-agents.md/projects/ogre-migrator/ws/src/gz-rendering/ogre/src/OgreThermalCamera.cc:202:23: warning: ‘bool Ogre::Any::isEmpty() const’ is deprecated [-Wdeprecated-declarations]
  202 |   if (!userAny.isEmpty() && userAny.getType() == typeid(unsigned int))
      |        ~~~~~~~~~~~~~~~^~
In file included from /usr/include/OGRE/Ogre.h:36,
                 from /home/jrivero/code/my-agents.md/projects/ogre-migrator/ws/src/gz-rendering/ogre/include/gz/rendering/ogre/OgreIncludes.hh:32,
                 from /home/jrivero/code/my-agents.md/projects/ogre-migrator/ws/src/gz-rendering/ogre/include/gz/rendering/ogre/OgreConversions.hh:26,
                 from /home/jrivero/code/my-agents.md/projects/ogre-migrator/ws/src/gz-rendering/ogre/include/gz/rendering/ogre/OgreThermalCamera.hh:33,
                 from /home/jrivero/code/my-agents.md/projects/ogre-migrator/ws/src/gz-rendering/ogre/src/OgreThermalCamera.cc:32:
/usr/include/OGRE/OgreAny.h:112:30: note: declared here
  112 |         OGRE_DEPRECATED bool isEmpty() const { return !has_value(); }
      |                              ^~~~~~~
/home/jrivero/code/my-agents.md/projects/ogre-migrator/ws/src/gz-rendering/ogre/src/OgreThermalCamera.cc:202:44: warning: ‘const std::type_info& Ogre::Any::getType() const’ is deprecated [-Wdeprecated-declarations]
  202 |   if (!userAny.isEmpty() && userAny.getType() == typeid(unsigned int))
      |                             ~~~~~~~~~~~~~~~^~
/usr/include/OGRE/OgreAny.h:120:47: note: declared here
  120 |         OGRE_DEPRECATED const std::type_info& getType() const { return type(); }
      |                                               ^~~~~~~
/home/jrivero/code/my-agents.md/projects/ogre-migrator/ws/src/gz-rendering/ogre/src/OgreThermalCamera.cc:253:61: warning: ‘Ogre::Technique* Ogre::Material::getSupportedTechnique(short unsigned int)’ is deprecated [-Wdeprecated-declarations]
  253 |       return this->heatSourceMaterial->getSupportedTechnique(0);
      |              ~~~~~~~~~~~~~~~~~~~~~~~~~~~~~~~~~~~~~~~~~~~~~~~^~~
In file included from /usr/include/OGRE/OgreRenderable.h:37,
                 from /usr/include/OGRE/OgreShadowCaster.h:32,
                 from /usr/include/OGRE/OgreMovableObject.h:36,
                 from /usr/include/OGRE/OgreBillboardChain.h:37,
                 from /usr/include/OGRE/Ogre.h:41:
/usr/include/OGRE/OgreMaterial.h:248:36: note: declared here
  248 |         OGRE_DEPRECATED Technique* getSupportedTechnique(unsigned short index);
      |                                    ^~~~~~~~~~~~~~~~~~~~~
/home/jrivero/code/my-agents.md/projects/ogre-migrator/ws/src/gz-rendering/ogre/src/OgreThermalCamera.cc:261:57: warning: ‘Ogre::Technique* Ogre::Material::getSupportedTechnique(short unsigned int)’ is deprecated [-Wdeprecated-declarations]
  261 |   return this->heatSourceMaterial->getSupportedTechnique(0);
      |          ~~~~~~~~~~~~~~~~~~~~~~~~~~~~~~~~~~~~~~~~~~~~~~~^~~
/usr/include/OGRE/OgreMaterial.h:248:36: note: declared here
  248 |         OGRE_DEPRECATED Technique* getSupportedTechnique(unsigned short index);
      |                                    ^~~~~~~~~~~~~~~~~~~~~
/home/jrivero/code/my-agents.md/projects/ogre-migrator/ws/src/gz-rendering/ogre/src/OgreThermalCamera.cc: In member function ‘virtual void gz::rendering::v11::OgreThermalCamera::Destroy()’:
/home/jrivero/code/my-agents.md/projects/ogre-migrator/ws/src/gz-rendering/ogre/src/OgreThermalCamera.cc:302:16: warning: ‘Ogre::CompositionPass* Ogre::CompositionTargetPass::getPass(size_t)’ is deprecated [-Wdeprecated-declarations]
  300 |     this->dataPtr->thermalInstance->getTechnique()
      |     ~~~~~~~~~~~~~~~~~~~~~~~~~~~~~~~~~~~~~~~~~~~~~~
  301 |       ->getOutputTargetPass()
      |       ~~~~~~~~~~~~~~~~~~~~~~~
  302 |       ->getPass(0)
      |       ~~~~~~~~~^~~
In file included from /usr/include/OGRE/Ogre.h:51:
/usr/include/OGRE/OgreCompositionTargetPass.h:132:42: note: declared here
  132 |         OGRE_DEPRECATED CompositionPass *getPass(size_t idx);
      |                                          ^~~~~~~
/home/jrivero/code/my-agents.md/projects/ogre-migrator/ws/src/gz-rendering/ogre/src/OgreThermalCamera.cc:321:45: warning: ‘bool Ogre::SharedPtr<T>::isNull() const [with T = Ogre::Material]’ is deprecated [-Wdeprecated-declarations]
  321 |   if (!this->dataPtr->thermalMaterial.isNull())
      |        ~~~~~~~~~~~~~~~~~~~~~~~~~~~~~~~~~~~~~^~
In file included from /usr/include/OGRE/OgreHardwareVertexBuffer.h:34,
                 from /usr/include/OGRE/OgrePose.h:33,
                 from /usr/include/OGRE/OgreAnimationTrack.h:36,
                 from /usr/include/OGRE/OgreAnimation.h:34,
                 from /usr/include/OGRE/Ogre.h:33:
/usr/include/OGRE/OgreSharedPtr.h:91:30: note: declared here
   91 |         OGRE_DEPRECATED bool isNull(void) const { return !shared_ptr<T>::operator bool(); }
      |                              ^~~~~~
/home/jrivero/code/my-agents.md/projects/ogre-migrator/ws/src/gz-rendering/ogre/src/OgreThermalCamera.cc:325:43: warning: ‘void Ogre::SharedPtr<T>::setNull() [with T = Ogre::Material]’ is deprecated [-Wdeprecated-declarations]
  325 |     this->dataPtr->thermalMaterial.setNull();
      |     ~~~~~~~~~~~~~~~~~~~~~~~~~~~~~~~~~~~~~~^~
/usr/include/OGRE/OgreSharedPtr.h:93:30: note: declared here
   93 |         OGRE_DEPRECATED void setNull() { shared_ptr<T>::reset(); }
      |                              ^~~~~~~
/home/jrivero/code/my-agents.md/projects/ogre-migrator/ws/src/gz-rendering/ogre/src/OgreThermalCamera.cc: In member function ‘void gz::rendering::v11::OgreThermalCamera::CreateCamera()’:
/home/jrivero/code/my-agents.md/projects/ogre-migrator/ws/src/gz-rendering/ogre/src/OgreThermalCamera.cc:382:24: warning: ‘void Ogre::Camera::yaw(const Ogre::Radian&)’ is deprecated [-Wdeprecated-declarations]
  382 |   this->ogreCamera->yaw(Ogre::Degree(-90.0));
      |   ~~~~~~~~~~~~~~~~~~~~~^~~~~~~~~~~~~~~~~~~~~
In file included from /usr/include/OGRE/Ogre.h:44:
/usr/include/OGRE/OgreCamera.h:294:30: note: declared here
  294 |         OGRE_DEPRECATED void yaw(const Radian& angle);
      |                              ^~~
/home/jrivero/code/my-agents.md/projects/ogre-migrator/ws/src/gz-rendering/ogre/src/OgreThermalCamera.cc:383:25: warning: ‘void Ogre::Camera::roll(const Ogre::Radian&)’ is deprecated [-Wdeprecated-declarations]
  383 |   this->ogreCamera->roll(Ogre::Degree(-90.0));
      |   ~~~~~~~~~~~~~~~~~~~~~~^~~~~~~~~~~~~~~~~~~~~
/usr/include/OGRE/OgreCamera.h:289:30: note: declared here
  289 |         OGRE_DEPRECATED void roll(const Radian& angle);
      |                              ^~~~
/home/jrivero/code/my-agents.md/projects/ogre-migrator/ws/src/gz-rendering/ogre/src/OgreThermalCamera.cc:384:36: warning: ‘void Ogre::Camera::setFixedYawAxis(bool, const Ogre::Vector3&)’ is deprecated [-Wdeprecated-declarations]
  384 |   this->ogreCamera->setFixedYawAxis(false);
      |   ~~~~~~~~~~~~~~~~~~~~~~~~~~~~~~~~~^~~~~~~
/usr/include/OGRE/OgreCamera.h:330:30: note: declared here
  330 |         OGRE_DEPRECATED void setFixedYawAxis( bool useFixed, const Vector3& fixedAxis = Vector3::UNIT_Y );
      |                              ^~~~~~~~~~~~~~~
/home/jrivero/code/my-agents.md/projects/ogre-migrator/ws/src/gz-rendering/ogre/src/OgreThermalCamera.cc: In member function ‘void gz::rendering::v11::OgreThermalCamera::CreateThermalTexture()’:
/home/jrivero/code/my-agents.md/projects/ogre-migrator/ws/src/gz-rendering/ogre/src/OgreThermalCamera.cc:468:14: warning: ‘Ogre::CompositionPass* Ogre::CompositionTargetPass::getPass(size_t)’ is deprecated [-Wdeprecated-declarations]
  467 |   this->dataPtr->thermalInstance->getTechnique()->getOutputTargetPass()->
      |   ~~~~~~~~~~~~~~~~~~~~~~~~~~~~~~~~~~~~~~~~~~~~~~~~~~~~~~~~~~~~~~~~~~~~~~~
  468 |       getPass(0)->setMaterial(this->dataPtr->thermalMaterial);
      |       ~~~~~~~^~~
/usr/include/OGRE/OgreCompositionTargetPass.h:132:42: note: declared here
  132 |         OGRE_DEPRECATED CompositionPass *getPass(size_t idx);
      |                                          ^~~~~~~
/home/jrivero/code/my-agents.md/projects/ogre-migrator/ws/src/gz-rendering/ogre/src/OgreThermalCamera.cc: In member function ‘virtual void gz::rendering::v11::OgreThermalCamera::PostRender()’:
/home/jrivero/code/my-agents.md/projects/ogre-migrator/ws/src/gz-rendering/ogre/src/OgreThermalCamera.cc:571:27: warning: ‘void Ogre::RenderTarget::copyContentsToMemory(const Ogre::PixelBox&, FrameBuffer)’ is deprecated [-Wdeprecated-declarations]
  571 |   rt->copyContentsToMemory(ogrePixelBox);
      |   ~~~~~~~~~~~~~~~~~~~~~~~~^~~~~~~~~~~~~~
In file included from /usr/include/OGRE/OgreRenderTexture.h:32,
                 from /usr/include/OGRE/Ogre.h:100:
/usr/include/OGRE/OgreRenderTarget.h:333:30: note: declared here
  333 |         OGRE_DEPRECATED void copyContentsToMemory(const PixelBox &dst, FrameBuffer buffer = FB_AUTO) { copyContentsToMemory(Box(0, 0, mWidth, mHeight), dst, buffer); }
      |                              ^~~~~~~~~~~~~~~~~~~~
/home/jrivero/code/my-agents.md/projects/ogre-migrator/ws/src/gz-rendering/ogre/src/OgreWideAngleCamera.cc: In member function ‘virtual void gz::rendering::v11::OgreWideAngleCamera::Destroy()’:
/home/jrivero/code/my-agents.md/projects/ogre-migrator/ws/src/gz-rendering/ogre/src/OgreWideAngleCamera.cc:249:37: warning: ‘bool Ogre::SharedPtr<T>::isNull() const [with T = Ogre::Material]’ is deprecated [-Wdeprecated-declarations]
  249 |   if (!this->dataPtr->compMat.isNull())
      |        ~~~~~~~~~~~~~~~~~~~~~~~~~~~~~^~
In file included from /usr/include/OGRE/OgreHardwareVertexBuffer.h:34,
                 from /usr/include/OGRE/OgrePose.h:33,
                 from /usr/include/OGRE/OgreAnimationTrack.h:36,
                 from /usr/include/OGRE/OgreAnimation.h:34,
                 from /usr/include/OGRE/Ogre.h:33,
                 from /home/jrivero/code/my-agents.md/projects/ogre-migrator/ws/src/gz-rendering/ogre/include/gz/rendering/ogre/OgreIncludes.hh:32,
                 from /home/jrivero/code/my-agents.md/projects/ogre-migrator/ws/src/gz-rendering/ogre/include/gz/rendering/ogre/OgreRenderTarget.hh:25,
                 from /home/jrivero/code/my-agents.md/projects/ogre-migrator/ws/src/gz-rendering/ogre/include/gz/rendering/ogre/OgreWideAngleCamera.hh:27,
                 from /home/jrivero/code/my-agents.md/projects/ogre-migrator/ws/src/gz-rendering/ogre/src/OgreWideAngleCamera.cc:39:
/usr/include/OGRE/OgreSharedPtr.h:91:30: note: declared here
   91 |         OGRE_DEPRECATED bool isNull(void) const { return !shared_ptr<T>::operator bool(); }
      |                              ^~~~~~
/home/jrivero/code/my-agents.md/projects/ogre-migrator/ws/src/gz-rendering/ogre/src/OgreWideAngleCamera.cc:250:35: warning: ‘void Ogre::SharedPtr<T>::setNull() [with T = Ogre::Material]’ is deprecated [-Wdeprecated-declarations]
  250 |     this->dataPtr->compMat.setNull();
      |     ~~~~~~~~~~~~~~~~~~~~~~~~~~~~~~^~
/usr/include/OGRE/OgreSharedPtr.h:93:30: note: declared here
   93 |         OGRE_DEPRECATED void setNull() { shared_ptr<T>::reset(); }
      |                              ^~~~~~~
/home/jrivero/code/my-agents.md/projects/ogre-migrator/ws/src/gz-rendering/ogre/src/OgreWideAngleCamera.cc: In member function ‘void gz::rendering::v11::OgreWideAngleCamera::CreateCamera()’:
/home/jrivero/code/my-agents.md/projects/ogre-migrator/ws/src/gz-rendering/ogre/src/OgreWideAngleCamera.cc:352:45: warning: ‘void Ogre::Camera::setFixedYawAxis(bool, const Ogre::Vector3&)’ is deprecated [-Wdeprecated-declarations]
  352 |   this->dataPtr->ogreCamera->setFixedYawAxis(false);
      |   ~~~~~~~~~~~~~~~~~~~~~~~~~~~~~~~~~~~~~~~~~~^~~~~~~
In file included from /usr/include/OGRE/Ogre.h:44:
/usr/include/OGRE/OgreCamera.h:330:30: note: declared here
  330 |         OGRE_DEPRECATED void setFixedYawAxis( bool useFixed, const Vector3& fixedAxis = Vector3::UNIT_Y );
      |                              ^~~~~~~~~~~~~~~
/home/jrivero/code/my-agents.md/projects/ogre-migrator/ws/src/gz-rendering/ogre/src/OgreWideAngleCamera.cc:353:33: warning: ‘void Ogre::Camera::yaw(const Ogre::Radian&)’ is deprecated [-Wdeprecated-declarations]
  353 |   this->dataPtr->ogreCamera->yaw(Ogre::Degree(-90));
      |   ~~~~~~~~~~~~~~~~~~~~~~~~~~~~~~^~~~~~~~~~~~~~~~~~~
/usr/include/OGRE/OgreCamera.h:294:30: note: declared here
  294 |         OGRE_DEPRECATED void yaw(const Radian& angle);
      |                              ^~~
/home/jrivero/code/my-agents.md/projects/ogre-migrator/ws/src/gz-rendering/ogre/src/OgreWideAngleCamera.cc:354:34: warning: ‘void Ogre::Camera::roll(const Ogre::Radian&)’ is deprecated [-Wdeprecated-declarations]
  354 |   this->dataPtr->ogreCamera->roll(Ogre::Degree(-90));
      |   ~~~~~~~~~~~~~~~~~~~~~~~~~~~~~~~^~~~~~~~~~~~~~~~~~~
/usr/include/OGRE/OgreCamera.h:289:30: note: declared here
  289 |         OGRE_DEPRECATED void roll(const Radian& angle);
      |                              ^~~~
/home/jrivero/code/my-agents.md/projects/ogre-migrator/ws/src/gz-rendering/ogre/src/OgreWideAngleCamera.cc: In member function ‘void gz::rendering::v11::OgreWideAngleCamera::CreateEnvCameras()’:
/home/jrivero/code/my-agents.md/projects/ogre-migrator/ws/src/gz-rendering/ogre/src/OgreWideAngleCamera.cc:372:50: warning: ‘void Ogre::Camera::setFixedYawAxis(bool, const Ogre::Vector3&)’ is deprecated [-Wdeprecated-declarations]
  372 |     this->dataPtr->envCameras[i]->setFixedYawAxis(false);
      |     ~~~~~~~~~~~~~~~~~~~~~~~~~~~~~~~~~~~~~~~~~~~~~^~~~~~~
/usr/include/OGRE/OgreCamera.h:330:30: note: declared here
  330 |         OGRE_DEPRECATED void setFixedYawAxis( bool useFixed, const Vector3& fixedAxis = Vector3::UNIT_Y );
      |                              ^~~~~~~~~~~~~~~
/home/jrivero/code/my-agents.md/projects/ogre-migrator/ws/src/gz-rendering/ogre/src/OgreWideAngleCamera.cc:376:38: warning: ‘void Ogre::Camera::yaw(const Ogre::Radian&)’ is deprecated [-Wdeprecated-declarations]
  376 |     this->dataPtr->envCameras[i]->yaw(Ogre::Degree(-90.0));
      |     ~~~~~~~~~~~~~~~~~~~~~~~~~~~~~~~~~^~~~~~~~~~~~~~~~~~~~~
/usr/include/OGRE/OgreCamera.h:294:30: note: declared here
  294 |         OGRE_DEPRECATED void yaw(const Radian& angle);
      |                              ^~~
/home/jrivero/code/my-agents.md/projects/ogre-migrator/ws/src/gz-rendering/ogre/src/OgreWideAngleCamera.cc:377:39: warning: ‘void Ogre::Camera::roll(const Ogre::Radian&)’ is deprecated [-Wdeprecated-declarations]
  377 |     this->dataPtr->envCameras[i]->roll(Ogre::Degree(-90.0));
      |     ~~~~~~~~~~~~~~~~~~~~~~~~~~~~~~~~~~^~~~~~~~~~~~~~~~~~~~~
/usr/include/OGRE/OgreCamera.h:289:30: note: declared here
  289 |         OGRE_DEPRECATED void roll(const Radian& angle);
      |                              ^~~~
/home/jrivero/code/my-agents.md/projects/ogre-migrator/ws/src/gz-rendering/ogre/src/OgreWideAngleCamera.cc:389:36: warning: ‘void Ogre::Camera::yaw(const Ogre::Radian&)’ is deprecated [-Wdeprecated-declarations]
  389 |   this->dataPtr->envCameras[0]->yaw(Ogre::Degree(-90));
      |   ~~~~~~~~~~~~~~~~~~~~~~~~~~~~~~~~~^~~~~~~~~~~~~~~~~~~
/usr/include/OGRE/OgreCamera.h:294:30: note: declared here
  294 |         OGRE_DEPRECATED void yaw(const Radian& angle);
      |                              ^~~
/home/jrivero/code/my-agents.md/projects/ogre-migrator/ws/src/gz-rendering/ogre/src/OgreWideAngleCamera.cc:390:36: warning: ‘void Ogre::Camera::yaw(const Ogre::Radian&)’ is deprecated [-Wdeprecated-declarations]
  390 |   this->dataPtr->envCameras[1]->yaw(Ogre::Degree(90));
      |   ~~~~~~~~~~~~~~~~~~~~~~~~~~~~~~~~~^~~~~~~~~~~~~~~~~~
/usr/include/OGRE/OgreCamera.h:294:30: note: declared here
  294 |         OGRE_DEPRECATED void yaw(const Radian& angle);
      |                              ^~~
/home/jrivero/code/my-agents.md/projects/ogre-migrator/ws/src/gz-rendering/ogre/src/OgreWideAngleCamera.cc:391:38: warning: ‘void Ogre::Camera::pitch(const Ogre::Radian&)’ is deprecated [-Wdeprecated-declarations]
  391 |   this->dataPtr->envCameras[2]->pitch(Ogre::Degree(90));
      |   ~~~~~~~~~~~~~~~~~~~~~~~~~~~~~~~~~~~^~~~~~~~~~~~~~~~~~
/usr/include/OGRE/OgreCamera.h:299:30: note: declared here
  299 |         OGRE_DEPRECATED void pitch(const Radian& angle);
      |                              ^~~~~
/home/jrivero/code/my-agents.md/projects/ogre-migrator/ws/src/gz-rendering/ogre/src/OgreWideAngleCamera.cc:392:38: warning: ‘void Ogre::Camera::pitch(const Ogre::Radian&)’ is deprecated [-Wdeprecated-declarations]
  392 |   this->dataPtr->envCameras[3]->pitch(Ogre::Degree(-90));
      |   ~~~~~~~~~~~~~~~~~~~~~~~~~~~~~~~~~~~^~~~~~~~~~~~~~~~~~~
/usr/include/OGRE/OgreCamera.h:299:30: note: declared here
  299 |         OGRE_DEPRECATED void pitch(const Radian& angle);
      |                              ^~~~~
/home/jrivero/code/my-agents.md/projects/ogre-migrator/ws/src/gz-rendering/ogre/src/OgreWideAngleCamera.cc:393:36: warning: ‘void Ogre::Camera::yaw(const Ogre::Radian&)’ is deprecated [-Wdeprecated-declarations]
  393 |   this->dataPtr->envCameras[5]->yaw(Ogre::Degree(180));
      |   ~~~~~~~~~~~~~~~~~~~~~~~~~~~~~~~~~^~~~~~~~~~~~~~~~~~~
/usr/include/OGRE/OgreCamera.h:294:30: note: declared here
  294 |         OGRE_DEPRECATED void yaw(const Radian& angle);
      |                              ^~~
/home/jrivero/code/my-agents.md/projects/ogre-migrator/ws/src/gz-rendering/ogre/src/OgreWideAngleCamera.cc: In member function ‘virtual void gz::rendering::v11::OgreWideAngleCamera::CreateWideAngleTexture()’:
/home/jrivero/code/my-agents.md/projects/ogre-migrator/ws/src/gz-rendering/ogre/src/OgreWideAngleCamera.cc:501:27: warning: ‘T* Ogre::SharedPtr<T>::getPointer() const [with T = Ogre::Texture]’ is deprecated [-Wdeprecated-declarations]
  490 |       Ogre::TextureManager::getSingleton().createManual(
      |       ~~~~~~~~~~~~~~~~~~~~~~~~~~~~~~~~~~~~~~~~~~~~~~~~~~
  491 |           this->name + "_env_tex",
      |           ~~~~~~~~~~~~~~~~~~~~~~~~
  492 |           "General",
      |           ~~~~~~~~~~       
  493 |           Ogre::TEX_TYPE_CUBE_MAP,
      |           ~~~~~~~~~~~~~~~~~~~~~~~~
  494 |           this->dataPtr->envTextureSize,
      |           ~~~~~~~~~~~~~~~~~~~~~~~~~~~~~~
  495 |           this->dataPtr->envTextureSize,
      |           ~~~~~~~~~~~~~~~~~~~~~~~~~~~~~~
  496 |           0,
      |           ~~               
  497 |           this->dataPtr->envCubeMapTextureFormat,
      |           ~~~~~~~~~~~~~~~~~~~~~~~~~~~~~~~~~~~~~~~
  498 |           Ogre::TU_RENDERTARGET,
      |           ~~~~~~~~~~~~~~~~~~~~~~
  499 |           0,
      |           ~~               
  500 |           false,
      |           ~~~~~~           
  501 |           fsaa).getPointer();
      |           ~~~~~~~~~~~~~~~~^~
/usr/include/OGRE/OgreSharedPtr.h:89:28: note: declared here
   89 |         OGRE_DEPRECATED T* getPointer() const { return shared_ptr<T>::get(); }
      |                            ^~~~~~~~~~
/home/jrivero/code/my-agents.md/projects/ogre-migrator/ws/src/gz-rendering/ogre/src/OgreWideAngleCamera.cc: In member function ‘virtual void gz::rendering::v11::OgreWideAngleCamera::Copy(gz::rendering::v11::Image&) const’:
/home/jrivero/code/my-agents.md/projects/ogre-migrator/ws/src/gz-rendering/ogre/src/OgreWideAngleCamera.cc:602:27: warning: ‘void Ogre::RenderTarget::copyContentsToMemory(const Ogre::PixelBox&, FrameBuffer)’ is deprecated [-Wdeprecated-declarations]
  602 |   rt->copyContentsToMemory(ogrePixelBox);
      |   ~~~~~~~~~~~~~~~~~~~~~~~~^~~~~~~~~~~~~~
In file included from /usr/include/OGRE/OgreRenderTexture.h:32,
                 from /usr/include/OGRE/Ogre.h:100:
/usr/include/OGRE/OgreRenderTarget.h:333:30: note: declared here
  333 |         OGRE_DEPRECATED void copyContentsToMemory(const PixelBox &dst, FrameBuffer buffer = FB_AUTO) { copyContentsToMemory(Box(0, 0, mWidth, mHeight), dst, buffer); }
      |                              ^~~~~~~~~~~~~~~~~~~~
/home/jrivero/code/my-agents.md/projects/ogre-migrator/ws/src/gz-rendering/ogre/src/OgreWideAngleCamera.cc: In member function ‘virtual void gz::rendering::v11::OgreWideAngleCamera::notifyMaterialRender(Ogre::uint32, Ogre::MaterialPtr&)’:
/home/jrivero/code/my-agents.md/projects/ogre-migrator/ws/src/gz-rendering/ogre/src/OgreWideAngleCamera.cc:610:23: warning: ‘bool Ogre::SharedPtr<T>::isNull() const [with T = Ogre::Material]’ is deprecated [-Wdeprecated-declarations]
  610 |   if (_material.isNull())
      |       ~~~~~~~~~~~~~~~~^~
/usr/include/OGRE/OgreSharedPtr.h:91:30: note: declared here
   91 |         OGRE_DEPRECATED bool isNull(void) const { return !shared_ptr<T>::operator bool(); }
      |                              ^~~~~~
/home/jrivero/code/my-agents.md/projects/ogre-migrator/ws/src/gz-rendering/ogre/src/OgreWideAngleCamera.cc: In member function ‘virtual void gz::rendering::v11::OgreWideAngleCamera::PostRender()’:
/home/jrivero/code/my-agents.md/projects/ogre-migrator/ws/src/gz-rendering/ogre/src/OgreWideAngleCamera.cc:819:27: warning: ‘void Ogre::RenderTarget::copyContentsToMemory(const Ogre::PixelBox&, FrameBuffer)’ is deprecated [-Wdeprecated-declarations]
  819 |   rt->copyContentsToMemory(ogrePixelBox);
      |   ~~~~~~~~~~~~~~~~~~~~~~~~^~~~~~~~~~~~~~
/usr/include/OGRE/OgreRenderTarget.h:333:30: note: declared here
  333 |         OGRE_DEPRECATED void copyContentsToMemory(const PixelBox &dst, FrameBuffer buffer = FB_AUTO) { copyContentsToMemory(Box(0, 0, mWidth, mHeight), dst, buffer); }
      |                              ^~~~~~~~~~~~~~~~~~~~
/home/jrivero/code/my-agents.md/projects/ogre-migrator/ws/src/gz-rendering/ogre/src/OgreWireBox.cc: In member function ‘virtual void gz::rendering::v11::OgreWireBox::SetMaterialImpl(gz::rendering::v11::OgreMaterialPtr)’:
/home/jrivero/code/my-agents.md/projects/ogre-migrator/ws/src/gz-rendering/ogre/src/OgreWireBox.cc:178:50: warning: ‘unsigned int Ogre::ManualObject::getNumSections() const’ is deprecated [-Wdeprecated-declarations]
  178 |       this->dataPtr->manualObject->getNumSections() == 0u)
      |       ~~~~~~~~~~~~~~~~~~~~~~~~~~~~~~~~~~~~~~~~~~~^~
In file included from /usr/include/OGRE/Ogre.h:75,
                 from /home/jrivero/code/my-agents.md/projects/ogre-migrator/ws/src/gz-rendering/ogre/include/gz/rendering/ogre/OgreIncludes.hh:32,
                 from /home/jrivero/code/my-agents.md/projects/ogre-migrator/ws/src/gz-rendering/ogre/include/gz/rendering/ogre/OgreWireBox.hh:24,
                 from /home/jrivero/code/my-agents.md/projects/ogre-migrator/ws/src/gz-rendering/ogre/src/OgreWireBox.cc:20:
/usr/include/OGRE/OgreManualObject.h:522:38: note: declared here
  522 |         OGRE_DEPRECATED unsigned int getNumSections(void) const;
      |                                      ^~~~~~~~~~~~~~
---
Finished <<< gz-rendering [23.1s]
Starting >>> gz-gui
Starting >>> gz-sensors
[Processing: gz-gui, gz-sensors]
--- output: gz-sensors
-- The C compiler identification is GNU 13.3.0
-- The CXX compiler identification is GNU 13.3.0
-- Detecting C compiler ABI info
-- Detecting C compiler ABI info - done
-- Check for working C compiler: /usr/bin/cc - skipped
-- Detecting C compile features
-- Detecting C compile features - done
-- Detecting CXX compiler ABI info
-- Detecting CXX compiler ABI info - done
-- Check for working CXX compiler: /usr/bin/c++ - skipped
-- Detecting CXX compile features
-- Detecting CXX compile features - done
-- gz-sensors version 11.0.0~pre1
-- Operating system is Linux
-- Found CPack generators: DEB
-- 

-- ====== Finding Dependencies ======
-- Found Protobuf: /usr/lib/x86_64-linux-gnu/libprotobuf.so (found version "3.21.12") 
-- Looking for Protobuf - found

-- Looking for gz-math -- found version 10.0.0
-- Searching for dependencies of gz-math
-- Looking for gz-utils -- found version 5.0.0~pre1
-- Searching for dependencies of gz-utils
-- Looking for gz-math - found

-- Looking for gz-common -- found version 8.0.0~pre1
-- Searching for dependencies of gz-common
-- Looking for gz-utils -- found version 5.0.0~pre1
-- Searching for dependencies of gz-utils
-- Searching for <gz-utils> component [log]
-- Looking for gz-utils-log -- found version 5.0.0~pre1
-- Searching for dependencies of gz-utils-log
-- Found Threads: TRUE  
-- Checking for module 'uuid'
--   Found uuid, version 2.39.3
-- Found UUID: TRUE  
-- Searching for <gz-common> component [profiler]
-- Looking for gz-common-profiler -- found version 8.0.0~pre1
-- Searching for dependencies of gz-common-profiler
-- Looking for gz-common - found

-- Looking for gz-transport -- found version 16.0.0~pre1
-- Searching for dependencies of gz-transport
-- Config-file not installed for ZeroMQ -- checking for pkg-config
-- Checking for module 'libzmq >= 4'
--   Found libzmq, version 4.3.5
-- Found ZeroMQ: TRUE (Required is at least version "4") 
-- Looking for gz-utils -- found version 5.0.0~pre1
-- Searching for dependencies of gz-utils
-- Searching for <gz-utils> component [cli]
-- Looking for gz-utils-cli -- found version 5.0.0~pre1
-- Searching for dependencies of gz-utils-cli
-- Looking for gz-msgs -- found version 13.0.0~pre1
-- Searching for dependencies of gz-msgs
-- Looking for gz-utils -- found version 5.0.0~pre1
-- Looking for gz-math -- found version 10.0.0
-- Checking for module 'tinyxml2'
--   Found tinyxml2, version 10.0.0
-- Found Python3: /usr/bin/python3 (found version "3.12.3") found components: Interpreter 
-- Looking for gz-transport - found

-- Looking for gz-rendering -- found version 11.0.0~pre1
-- Searching for dependencies of gz-rendering
-- Looking for gz-math -- found version 10.0.0
-- Searching for dependencies of gz-math
-- Looking for gz-utils -- found version 5.0.0~pre1
-- Searching for <gz-math> component [eigen3]
-- Looking for gz-math-eigen3 -- found version 10.0.0
-- Searching for dependencies of gz-math-eigen3
-- Looking for gz-common -- found version 8.0.0~pre1
-- Searching for dependencies of gz-common
-- Looking for gz-utils -- found version 5.0.0~pre1
-- Searching for <gz-common> component [graphics]
-- Looking for gz-common-graphics -- found version 8.0.0~pre1
-- Searching for dependencies of gz-common-graphics
-- Looking for gz-math -- found version 10.0.0
-- Found GzAssimp: TRUE (found version "5.3.0") 
-- Searching for <gz-common> component [events]
-- Looking for gz-common-events -- found version 8.0.0~pre1
-- Searching for dependencies of gz-common-events
-- Looking for gz-math -- found version 10.0.0
-- Searching for <gz-common> component [profiler]
-- Searching for <gz-common> component [geospatial]
-- Looking for gz-common-geospatial -- found version 8.0.0~pre1
-- Searching for dependencies of gz-common-geospatial
-- Looking for gz-math -- found version 10.0.0
-- Looking for gz-common -- found version 8.0.0~pre1
-- Looking for gz-plugin -- found version 5.0.0~pre1
-- Searching for dependencies of gz-plugin
-- Looking for gz-utils -- found version 5.0.0~pre1
-- Searching for <gz-plugin> component [all]
-- Looking for all libraries of gz-plugin -- found version 5.0.0~pre1
-- Looking for gz-plugin -- found version 5.0.0~pre1
-- Looking for gz-plugin-loader -- found version 5.0.0~pre1
-- Searching for dependencies of gz-plugin-loader
-- Looking for gz-plugin-register -- found version 5.0.0~pre1
-- Searching for dependencies of gz-plugin-register
-- Looking for gz-utils -- found version 5.0.0~pre1
-- Found OpenGL: /usr/lib/x86_64-linux-gnu/libOpenGL.so  found components: OpenGL 
-- Searching for <gz-rendering> component [ogre]
-- Looking for gz-rendering-ogre -- found version 11.0.0~pre1
-- Searching for dependencies of gz-rendering-ogre
-- Searching for <gz-rendering> component [ogre2]
-- Looking for gz-rendering-ogre2 -- found version 11.0.0~pre1
-- Searching for dependencies of gz-rendering-ogre2
-- Looking for gz-rendering - found

-- Looking for gz-msgs -- found version 13.0.0~pre1
-- Looking for gz-msgs - found

-- Looking for sdformat -- found version 17.0.0~pre1
-- Searching for dependencies of sdformat
-- Looking for gz-math -- found version 10.0.0
-- Looking for gz-utils -- found version 5.0.0~pre1
-- Looking for sdformat - found

-- 
-- Searching for host SSE information
-- SSE2 found
-- SSE3 found
-- SSE4.1 found
-- SSE4.2 found
-- Configuring library: gz-sensors
-- Performing Test COMPILER_HAS_HIDDEN_VISIBILITY
-- Performing Test COMPILER_HAS_HIDDEN_VISIBILITY - Success
-- Performing Test COMPILER_HAS_HIDDEN_INLINE_VISIBILITY
-- Performing Test COMPILER_HAS_HIDDEN_INLINE_VISIBILITY - Success
-- Performing Test COMPILER_HAS_DEPRECATED_ATTR
-- Performing Test COMPILER_HAS_DEPRECATED_ATTR - Success
-- Configuring library: gz-sensors-rendering
-- Configuring library: gz-sensors-camera
-- Configuring library: gz-sensors-depth_camera
-- Configuring library: gz-sensors-dvl
-- Configuring library: gz-sensors-lidar
-- Configuring library: gz-sensors-gpu_lidar
-- Configuring library: gz-sensors-logical_camera
-- Configuring library: gz-sensors-magnetometer
-- Configuring library: gz-sensors-imu
-- Configuring library: gz-sensors-altimeter
-- Configuring library: gz-sensors-air_pressure
-- Configuring library: gz-sensors-air_speed
-- Configuring library: gz-sensors-force_torque
-- Configuring library: gz-sensors-navsat
-- Configuring library: gz-sensors-rgbd_camera
-- Configuring library: gz-sensors-thermal_camera
-- Configuring library: gz-sensors-boundingbox_camera
-- Configuring library: gz-sensors-segmentation_camera
-- Configuring library: gz-sensors-wide_angle_camera
-- Testing is disabled -- skipping UNIT tests
-- Testing is disabled -- skipping UNIT tests
-- Testing is disabled -- skipping UNIT tests
-- Testing is disabled -- skipping UNIT tests
-- Adding codecheck target
-- Build configuration successful
-- Build type: Release
-- Install prefix: /home/jrivero/code/my-agents.md/projects/ogre-migrator/ws/build-1.12/install
-- Found Doxygen: /usr/bin/doxygen (found version "1.9.8") found components: doxygen dot 
-- Configuring done (2.0s)
-- Generating done (0.0s)
-- Build files have been written to: /home/jrivero/code/my-agents.md/projects/ogre-migrator/ws/build-1.12/build/gz-sensors
[  1%] Building CXX object src/CMakeFiles/gz-sensors.dir/BrownDistortionModel.cc.o
[  3%] Building CXX object src/CMakeFiles/gz-sensors.dir/GaussianNoiseModel.cc.o
[  5%] Building CXX object src/CMakeFiles/gz-sensors.dir/PointCloudUtil.cc.o
[  6%] Building CXX object src/CMakeFiles/gz-sensors.dir/Distortion.cc.o
[  8%] Building CXX object src/CMakeFiles/gz-sensors.dir/SensorFactory.cc.o
[ 10%] Building CXX object src/CMakeFiles/gz-sensors.dir/EnvironmentalData.cc.o
[ 12%] Building CXX object src/CMakeFiles/gz-sensors.dir/Manager.cc.o
[ 13%] Building CXX object src/CMakeFiles/gz-sensors.dir/Noise.cc.o
[ 15%] Building CXX object src/CMakeFiles/gz-sensors.dir/Sensor.cc.o
[ 18%] Building CXX object src/CMakeFiles/gz-sensors.dir/SensorTypes.cc.o
[ 18%] Building CXX object src/CMakeFiles/gz-sensors.dir/Util.cc.o
[ 20%] Linking CXX shared library ../lib/libgz-sensors.so
[ 20%] Built target gz-sensors
[ 25%] Building CXX object src/CMakeFiles/gz-sensors-air_speed.dir/AirSpeedSensor.cc.o
[ 25%] Building CXX object src/CMakeFiles/gz-sensors-magnetometer.dir/MagnetometerSensor.cc.o
[ 29%] Building CXX object src/CMakeFiles/gz-sensors-navsat.dir/NavSatSensor.cc.o
[ 29%] Building CXX object src/CMakeFiles/gz-sensors-rendering.dir/RenderingSensor.cc.o
[ 31%] Building CXX object src/CMakeFiles/gz-sensors-imu.dir/ImuSensor.cc.o
[ 32%] Building CXX object src/CMakeFiles/gz-sensors-rendering.dir/RenderingEvents.cc.o
[ 25%] Building CXX object src/CMakeFiles/gz-sensors-rendering.dir/ImageBrownDistortionModel.cc.o
[ 34%] Building CXX object src/CMakeFiles/gz-sensors-rendering.dir/ImageGaussianNoiseModel.cc.o
[ 36%] Building CXX object src/CMakeFiles/gz-sensors-altimeter.dir/AltimeterSensor.cc.o
[ 37%] Building CXX object src/CMakeFiles/gz-sensors-logical_camera.dir/LogicalCameraSensor.cc.o
[ 39%] Building CXX object src/CMakeFiles/gz-sensors-rendering.dir/ImageDistortion.cc.o
[ 41%] Building CXX object src/CMakeFiles/gz-sensors-rendering.dir/ImageNoise.cc.o
[ 43%] Building CXX object src/CMakeFiles/gz-sensors-force_torque.dir/ForceTorqueSensor.cc.o
[ 44%] Building CXX object src/CMakeFiles/gz-sensors-air_pressure.dir/AirPressureSensor.cc.o
[ 46%] Linking CXX shared library ../lib/libgz-sensors-rendering.so
[ 46%] Built target gz-sensors-rendering
[ 48%] Building CXX object src/CMakeFiles/gz-sensors-camera.dir/CameraSensor.cc.o
[ 51%] Building CXX object src/CMakeFiles/gz-sensors-lidar.dir/Lidar.cc.o
[ 51%] Building CXX object src/CMakeFiles/gz-sensors-dvl.dir/DopplerVelocityLog.cc.o
[ 53%] Building CXX object src/CMakeFiles/gz-sensors-camera.dir/CameraSensorUtil.cc.o
[ 55%] Linking CXX shared library ../lib/libgz-sensors-air_speed.so
[ 56%] Linking CXX shared library ../lib/libgz-sensors-altimeter.so
[ 56%] Built target gz-sensors-air_speed
[ 56%] Built target gz-sensors-altimeter
[ 58%] Linking CXX shared library ../lib/libgz-sensors-air_pressure.so
[ 58%] Built target gz-sensors-air_pressure
[ 60%] Linking CXX shared library ../lib/libgz-sensors-magnetometer.so
[ 62%] Linking CXX shared library ../lib/libgz-sensors-force_torque.so
[ 62%] Built target gz-sensors-magnetometer
[ 62%] Built target gz-sensors-force_torque
[ 63%] Linking CXX shared library ../lib/libgz-sensors-navsat.so
[ 63%] Built target gz-sensors-navsat
[ 65%] Linking CXX shared library ../lib/libgz-sensors-logical_camera.so
[ 67%] Linking CXX shared library ../lib/libgz-sensors-imu.so
[ 67%] Built target gz-sensors-logical_camera
[ 67%] Built target gz-sensors-imu
[ 68%] Linking CXX shared library ../lib/libgz-sensors-lidar.so
[ 68%] Built target gz-sensors-lidar
[ 70%] Building CXX object src/CMakeFiles/gz-sensors-gpu_lidar.dir/GpuLidarSensor.cc.o
[ 72%] Linking CXX shared library ../lib/libgz-sensors-camera.so
[ 72%] Built target gz-sensors-camera
[ 74%] Building CXX object src/CMakeFiles/gz-sensors-rgbd_camera.dir/CameraSensorUtil.cc.o
[ 75%] Building CXX object src/CMakeFiles/gz-sensors-depth_camera.dir/DepthCameraSensor.cc.o
[ 77%] Building CXX object src/CMakeFiles/gz-sensors-wide_angle_camera.dir/WideAngleCameraSensor.cc.o
[ 79%] Building CXX object src/CMakeFiles/gz-sensors-rgbd_camera.dir/RgbdCameraSensor.cc.o
[ 81%] Building CXX object src/CMakeFiles/gz-sensors-depth_camera.dir/CameraSensorUtil.cc.o
[ 82%] Building CXX object src/CMakeFiles/gz-sensors-segmentation_camera.dir/SegmentationCameraSensor.cc.o
[ 84%] Building CXX object src/CMakeFiles/gz-sensors-thermal_camera.dir/ThermalCameraSensor.cc.o
[ 86%] Building CXX object src/CMakeFiles/gz-sensors-boundingbox_camera.dir/BoundingBoxCameraSensor.cc.o
[ 87%] Linking CXX shared library ../lib/libgz-sensors-gpu_lidar.so
[ 87%] Built target gz-sensors-gpu_lidar
[ 89%] Linking CXX shared library ../lib/libgz-sensors-wide_angle_camera.so
[ 89%] Built target gz-sensors-wide_angle_camera
[ 91%] Linking CXX shared library ../lib/libgz-sensors-thermal_camera.so
[ 93%] Linking CXX shared library ../lib/libgz-sensors-rgbd_camera.so
[ 94%] Linking CXX shared library ../lib/libgz-sensors-boundingbox_camera.so
[ 94%] Built target gz-sensors-thermal_camera
[ 94%] Built target gz-sensors-boundingbox_camera
[ 94%] Built target gz-sensors-rgbd_camera
[ 96%] Linking CXX shared library ../lib/libgz-sensors-segmentation_camera.so
[ 98%] Linking CXX shared library ../lib/libgz-sensors-depth_camera.so
[ 98%] Built target gz-sensors-segmentation_camera
[ 98%] Built target gz-sensors-depth_camera
[100%] Linking CXX shared library ../lib/libgz-sensors-dvl.so
[100%] Built target gz-sensors-dvl
-- Install configuration: "Release"
-- Installing: /home/jrivero/code/my-agents.md/projects/ogre-migrator/ws/build-1.12/install/include/gz/sensors11/gz/sensors/detail/Export.hh
-- Installing: /home/jrivero/code/my-agents.md/projects/ogre-migrator/ws/build-1.12/install/include/gz/sensors11/gz/sensors/Export.hh
-- Installing: /home/jrivero/code/my-agents.md/projects/ogre-migrator/ws/build-1.12/install/lib/libgz-sensors.so.11.0.0~pre1
-- Installing: /home/jrivero/code/my-agents.md/projects/ogre-migrator/ws/build-1.12/install/lib/libgz-sensors.so.11
-- Installing: /home/jrivero/code/my-agents.md/projects/ogre-migrator/ws/build-1.12/install/lib/libgz-sensors.so
-- Installing: /home/jrivero/code/my-agents.md/projects/ogre-migrator/ws/build-1.12/install/lib/cmake/gz-sensors/gz-sensors-config.cmake
-- Installing: /home/jrivero/code/my-agents.md/projects/ogre-migrator/ws/build-1.12/install/lib/cmake/gz-sensors/gz-sensors-config-version.cmake
-- Installing: /home/jrivero/code/my-agents.md/projects/ogre-migrator/ws/build-1.12/install/lib/cmake/gz-sensors/gz-sensors-targets.cmake
-- Installing: /home/jrivero/code/my-agents.md/projects/ogre-migrator/ws/build-1.12/install/lib/cmake/gz-sensors/gz-sensors-targets-release.cmake
-- Installing: /home/jrivero/code/my-agents.md/projects/ogre-migrator/ws/build-1.12/install/lib/pkgconfig/gz-sensors.pc
-- Installing: /home/jrivero/code/my-agents.md/projects/ogre-migrator/ws/build-1.12/install/include/gz/sensors11/gz/sensors/rendering/detail/Export.hh
-- Installing: /home/jrivero/code/my-agents.md/projects/ogre-migrator/ws/build-1.12/install/include/gz/sensors11/gz/sensors/rendering/Export.hh
-- Installing: /home/jrivero/code/my-agents.md/projects/ogre-migrator/ws/build-1.12/install/lib/libgz-sensors-rendering.so.11.0.0~pre1
-- Installing: /home/jrivero/code/my-agents.md/projects/ogre-migrator/ws/build-1.12/install/lib/libgz-sensors-rendering.so.11
-- Set non-toolchain portion of runtime path of "/home/jrivero/code/my-agents.md/projects/ogre-migrator/ws/build-1.12/install/lib/libgz-sensors-rendering.so.11.0.0~pre1" to ""
-- Installing: /home/jrivero/code/my-agents.md/projects/ogre-migrator/ws/build-1.12/install/lib/libgz-sensors-rendering.so
-- Installing: /home/jrivero/code/my-agents.md/projects/ogre-migrator/ws/build-1.12/install/lib/cmake/gz-sensors-rendering/gz-sensors-rendering-config.cmake
-- Installing: /home/jrivero/code/my-agents.md/projects/ogre-migrator/ws/build-1.12/install/lib/cmake/gz-sensors-rendering/gz-sensors-rendering-config-version.cmake
-- Installing: /home/jrivero/code/my-agents.md/projects/ogre-migrator/ws/build-1.12/install/lib/cmake/gz-sensors-rendering/gz-sensors-rendering-targets.cmake
-- Installing: /home/jrivero/code/my-agents.md/projects/ogre-migrator/ws/build-1.12/install/lib/cmake/gz-sensors-rendering/gz-sensors-rendering-targets-release.cmake
-- Installing: /home/jrivero/code/my-agents.md/projects/ogre-migrator/ws/build-1.12/install/lib/pkgconfig/gz-sensors-rendering.pc
-- Installing: /home/jrivero/code/my-agents.md/projects/ogre-migrator/ws/build-1.12/install/include/gz/sensors11/gz/sensors/camera/detail/Export.hh
-- Installing: /home/jrivero/code/my-agents.md/projects/ogre-migrator/ws/build-1.12/install/include/gz/sensors11/gz/sensors/camera/Export.hh
-- Installing: /home/jrivero/code/my-agents.md/projects/ogre-migrator/ws/build-1.12/install/lib/libgz-sensors-camera.so.11.0.0~pre1
-- Installing: /home/jrivero/code/my-agents.md/projects/ogre-migrator/ws/build-1.12/install/lib/libgz-sensors-camera.so.11
-- Set non-toolchain portion of runtime path of "/home/jrivero/code/my-agents.md/projects/ogre-migrator/ws/build-1.12/install/lib/libgz-sensors-camera.so.11.0.0~pre1" to ""
-- Installing: /home/jrivero/code/my-agents.md/projects/ogre-migrator/ws/build-1.12/install/lib/libgz-sensors-camera.so
-- Installing: /home/jrivero/code/my-agents.md/projects/ogre-migrator/ws/build-1.12/install/lib/cmake/gz-sensors-camera/gz-sensors-camera-config.cmake
-- Installing: /home/jrivero/code/my-agents.md/projects/ogre-migrator/ws/build-1.12/install/lib/cmake/gz-sensors-camera/gz-sensors-camera-config-version.cmake
-- Installing: /home/jrivero/code/my-agents.md/projects/ogre-migrator/ws/build-1.12/install/lib/cmake/gz-sensors-camera/gz-sensors-camera-targets.cmake
-- Installing: /home/jrivero/code/my-agents.md/projects/ogre-migrator/ws/build-1.12/install/lib/cmake/gz-sensors-camera/gz-sensors-camera-targets-release.cmake
-- Installing: /home/jrivero/code/my-agents.md/projects/ogre-migrator/ws/build-1.12/install/lib/pkgconfig/gz-sensors-camera.pc
-- Installing: /home/jrivero/code/my-agents.md/projects/ogre-migrator/ws/build-1.12/install/include/gz/sensors11/gz/sensors/depth_camera/detail/Export.hh
-- Installing: /home/jrivero/code/my-agents.md/projects/ogre-migrator/ws/build-1.12/install/include/gz/sensors11/gz/sensors/depth_camera/Export.hh
-- Installing: /home/jrivero/code/my-agents.md/projects/ogre-migrator/ws/build-1.12/install/lib/libgz-sensors-depth_camera.so.11.0.0~pre1
-- Installing: /home/jrivero/code/my-agents.md/projects/ogre-migrator/ws/build-1.12/install/lib/libgz-sensors-depth_camera.so.11
-- Set non-toolchain portion of runtime path of "/home/jrivero/code/my-agents.md/projects/ogre-migrator/ws/build-1.12/install/lib/libgz-sensors-depth_camera.so.11.0.0~pre1" to ""
-- Installing: /home/jrivero/code/my-agents.md/projects/ogre-migrator/ws/build-1.12/install/lib/libgz-sensors-depth_camera.so
-- Installing: /home/jrivero/code/my-agents.md/projects/ogre-migrator/ws/build-1.12/install/lib/cmake/gz-sensors-depth_camera/gz-sensors-depth_camera-config.cmake
-- Installing: /home/jrivero/code/my-agents.md/projects/ogre-migrator/ws/build-1.12/install/lib/cmake/gz-sensors-depth_camera/gz-sensors-depth_camera-config-version.cmake
-- Installing: /home/jrivero/code/my-agents.md/projects/ogre-migrator/ws/build-1.12/install/lib/cmake/gz-sensors-depth_camera/gz-sensors-depth_camera-targets.cmake
-- Installing: /home/jrivero/code/my-agents.md/projects/ogre-migrator/ws/build-1.12/install/lib/cmake/gz-sensors-depth_camera/gz-sensors-depth_camera-targets-release.cmake
-- Installing: /home/jrivero/code/my-agents.md/projects/ogre-migrator/ws/build-1.12/install/lib/pkgconfig/gz-sensors-depth_camera.pc
-- Installing: /home/jrivero/code/my-agents.md/projects/ogre-migrator/ws/build-1.12/install/include/gz/sensors11/gz/sensors/dvl/detail/Export.hh
-- Installing: /home/jrivero/code/my-agents.md/projects/ogre-migrator/ws/build-1.12/install/include/gz/sensors11/gz/sensors/dvl/Export.hh
-- Installing: /home/jrivero/code/my-agents.md/projects/ogre-migrator/ws/build-1.12/install/lib/libgz-sensors-dvl.so.11.0.0~pre1
-- Installing: /home/jrivero/code/my-agents.md/projects/ogre-migrator/ws/build-1.12/install/lib/libgz-sensors-dvl.so.11
-- Set non-toolchain portion of runtime path of "/home/jrivero/code/my-agents.md/projects/ogre-migrator/ws/build-1.12/install/lib/libgz-sensors-dvl.so.11.0.0~pre1" to ""
-- Installing: /home/jrivero/code/my-agents.md/projects/ogre-migrator/ws/build-1.12/install/lib/libgz-sensors-dvl.so
-- Installing: /home/jrivero/code/my-agents.md/projects/ogre-migrator/ws/build-1.12/install/lib/cmake/gz-sensors-dvl/gz-sensors-dvl-config.cmake
-- Installing: /home/jrivero/code/my-agents.md/projects/ogre-migrator/ws/build-1.12/install/lib/cmake/gz-sensors-dvl/gz-sensors-dvl-config-version.cmake
-- Installing: /home/jrivero/code/my-agents.md/projects/ogre-migrator/ws/build-1.12/install/lib/cmake/gz-sensors-dvl/gz-sensors-dvl-targets.cmake
-- Installing: /home/jrivero/code/my-agents.md/projects/ogre-migrator/ws/build-1.12/install/lib/cmake/gz-sensors-dvl/gz-sensors-dvl-targets-release.cmake
-- Installing: /home/jrivero/code/my-agents.md/projects/ogre-migrator/ws/build-1.12/install/lib/pkgconfig/gz-sensors-dvl.pc
-- Installing: /home/jrivero/code/my-agents.md/projects/ogre-migrator/ws/build-1.12/install/include/gz/sensors11/gz/sensors/lidar/detail/Export.hh
-- Installing: /home/jrivero/code/my-agents.md/projects/ogre-migrator/ws/build-1.12/install/include/gz/sensors11/gz/sensors/lidar/Export.hh
-- Installing: /home/jrivero/code/my-agents.md/projects/ogre-migrator/ws/build-1.12/install/lib/libgz-sensors-lidar.so.11.0.0~pre1
-- Installing: /home/jrivero/code/my-agents.md/projects/ogre-migrator/ws/build-1.12/install/lib/libgz-sensors-lidar.so.11
-- Set non-toolchain portion of runtime path of "/home/jrivero/code/my-agents.md/projects/ogre-migrator/ws/build-1.12/install/lib/libgz-sensors-lidar.so.11.0.0~pre1" to ""
-- Installing: /home/jrivero/code/my-agents.md/projects/ogre-migrator/ws/build-1.12/install/lib/libgz-sensors-lidar.so
-- Installing: /home/jrivero/code/my-agents.md/projects/ogre-migrator/ws/build-1.12/install/lib/cmake/gz-sensors-lidar/gz-sensors-lidar-config.cmake
-- Installing: /home/jrivero/code/my-agents.md/projects/ogre-migrator/ws/build-1.12/install/lib/cmake/gz-sensors-lidar/gz-sensors-lidar-config-version.cmake
-- Installing: /home/jrivero/code/my-agents.md/projects/ogre-migrator/ws/build-1.12/install/lib/cmake/gz-sensors-lidar/gz-sensors-lidar-targets.cmake
-- Installing: /home/jrivero/code/my-agents.md/projects/ogre-migrator/ws/build-1.12/install/lib/cmake/gz-sensors-lidar/gz-sensors-lidar-targets-release.cmake
-- Installing: /home/jrivero/code/my-agents.md/projects/ogre-migrator/ws/build-1.12/install/lib/pkgconfig/gz-sensors-lidar.pc
-- Installing: /home/jrivero/code/my-agents.md/projects/ogre-migrator/ws/build-1.12/install/include/gz/sensors11/gz/sensors/gpu_lidar/detail/Export.hh
-- Installing: /home/jrivero/code/my-agents.md/projects/ogre-migrator/ws/build-1.12/install/include/gz/sensors11/gz/sensors/gpu_lidar/Export.hh
-- Installing: /home/jrivero/code/my-agents.md/projects/ogre-migrator/ws/build-1.12/install/lib/libgz-sensors-gpu_lidar.so.11.0.0~pre1
-- Installing: /home/jrivero/code/my-agents.md/projects/ogre-migrator/ws/build-1.12/install/lib/libgz-sensors-gpu_lidar.so.11
-- Set non-toolchain portion of runtime path of "/home/jrivero/code/my-agents.md/projects/ogre-migrator/ws/build-1.12/install/lib/libgz-sensors-gpu_lidar.so.11.0.0~pre1" to ""
-- Installing: /home/jrivero/code/my-agents.md/projects/ogre-migrator/ws/build-1.12/install/lib/libgz-sensors-gpu_lidar.so
-- Installing: /home/jrivero/code/my-agents.md/projects/ogre-migrator/ws/build-1.12/install/lib/cmake/gz-sensors-gpu_lidar/gz-sensors-gpu_lidar-config.cmake
-- Installing: /home/jrivero/code/my-agents.md/projects/ogre-migrator/ws/build-1.12/install/lib/cmake/gz-sensors-gpu_lidar/gz-sensors-gpu_lidar-config-version.cmake
-- Installing: /home/jrivero/code/my-agents.md/projects/ogre-migrator/ws/build-1.12/install/lib/cmake/gz-sensors-gpu_lidar/gz-sensors-gpu_lidar-targets.cmake
-- Installing: /home/jrivero/code/my-agents.md/projects/ogre-migrator/ws/build-1.12/install/lib/cmake/gz-sensors-gpu_lidar/gz-sensors-gpu_lidar-targets-release.cmake
-- Installing: /home/jrivero/code/my-agents.md/projects/ogre-migrator/ws/build-1.12/install/lib/pkgconfig/gz-sensors-gpu_lidar.pc
-- Installing: /home/jrivero/code/my-agents.md/projects/ogre-migrator/ws/build-1.12/install/include/gz/sensors11/gz/sensors/logical_camera/detail/Export.hh
-- Installing: /home/jrivero/code/my-agents.md/projects/ogre-migrator/ws/build-1.12/install/include/gz/sensors11/gz/sensors/logical_camera/Export.hh
-- Installing: /home/jrivero/code/my-agents.md/projects/ogre-migrator/ws/build-1.12/install/lib/libgz-sensors-logical_camera.so.11.0.0~pre1
-- Installing: /home/jrivero/code/my-agents.md/projects/ogre-migrator/ws/build-1.12/install/lib/libgz-sensors-logical_camera.so.11
-- Set non-toolchain portion of runtime path of "/home/jrivero/code/my-agents.md/projects/ogre-migrator/ws/build-1.12/install/lib/libgz-sensors-logical_camera.so.11.0.0~pre1" to ""
-- Installing: /home/jrivero/code/my-agents.md/projects/ogre-migrator/ws/build-1.12/install/lib/libgz-sensors-logical_camera.so
-- Installing: /home/jrivero/code/my-agents.md/projects/ogre-migrator/ws/build-1.12/install/lib/cmake/gz-sensors-logical_camera/gz-sensors-logical_camera-config.cmake
-- Installing: /home/jrivero/code/my-agents.md/projects/ogre-migrator/ws/build-1.12/install/lib/cmake/gz-sensors-logical_camera/gz-sensors-logical_camera-config-version.cmake
-- Installing: /home/jrivero/code/my-agents.md/projects/ogre-migrator/ws/build-1.12/install/lib/cmake/gz-sensors-logical_camera/gz-sensors-logical_camera-targets.cmake
-- Installing: /home/jrivero/code/my-agents.md/projects/ogre-migrator/ws/build-1.12/install/lib/cmake/gz-sensors-logical_camera/gz-sensors-logical_camera-targets-release.cmake
-- Installing: /home/jrivero/code/my-agents.md/projects/ogre-migrator/ws/build-1.12/install/lib/pkgconfig/gz-sensors-logical_camera.pc
-- Installing: /home/jrivero/code/my-agents.md/projects/ogre-migrator/ws/build-1.12/install/include/gz/sensors11/gz/sensors/magnetometer/detail/Export.hh
-- Installing: /home/jrivero/code/my-agents.md/projects/ogre-migrator/ws/build-1.12/install/include/gz/sensors11/gz/sensors/magnetometer/Export.hh
-- Installing: /home/jrivero/code/my-agents.md/projects/ogre-migrator/ws/build-1.12/install/lib/libgz-sensors-magnetometer.so.11.0.0~pre1
-- Installing: /home/jrivero/code/my-agents.md/projects/ogre-migrator/ws/build-1.12/install/lib/libgz-sensors-magnetometer.so.11
-- Set non-toolchain portion of runtime path of "/home/jrivero/code/my-agents.md/projects/ogre-migrator/ws/build-1.12/install/lib/libgz-sensors-magnetometer.so.11.0.0~pre1" to ""
-- Installing: /home/jrivero/code/my-agents.md/projects/ogre-migrator/ws/build-1.12/install/lib/libgz-sensors-magnetometer.so
-- Installing: /home/jrivero/code/my-agents.md/projects/ogre-migrator/ws/build-1.12/install/lib/cmake/gz-sensors-magnetometer/gz-sensors-magnetometer-config.cmake
-- Installing: /home/jrivero/code/my-agents.md/projects/ogre-migrator/ws/build-1.12/install/lib/cmake/gz-sensors-magnetometer/gz-sensors-magnetometer-config-version.cmake
-- Installing: /home/jrivero/code/my-agents.md/projects/ogre-migrator/ws/build-1.12/install/lib/cmake/gz-sensors-magnetometer/gz-sensors-magnetometer-targets.cmake
-- Installing: /home/jrivero/code/my-agents.md/projects/ogre-migrator/ws/build-1.12/install/lib/cmake/gz-sensors-magnetometer/gz-sensors-magnetometer-targets-release.cmake
-- Installing: /home/jrivero/code/my-agents.md/projects/ogre-migrator/ws/build-1.12/install/lib/pkgconfig/gz-sensors-magnetometer.pc
-- Installing: /home/jrivero/code/my-agents.md/projects/ogre-migrator/ws/build-1.12/install/include/gz/sensors11/gz/sensors/imu/detail/Export.hh
-- Installing: /home/jrivero/code/my-agents.md/projects/ogre-migrator/ws/build-1.12/install/include/gz/sensors11/gz/sensors/imu/Export.hh
-- Installing: /home/jrivero/code/my-agents.md/projects/ogre-migrator/ws/build-1.12/install/lib/libgz-sensors-imu.so.11.0.0~pre1
-- Installing: /home/jrivero/code/my-agents.md/projects/ogre-migrator/ws/build-1.12/install/lib/libgz-sensors-imu.so.11
-- Set non-toolchain portion of runtime path of "/home/jrivero/code/my-agents.md/projects/ogre-migrator/ws/build-1.12/install/lib/libgz-sensors-imu.so.11.0.0~pre1" to ""
-- Installing: /home/jrivero/code/my-agents.md/projects/ogre-migrator/ws/build-1.12/install/lib/libgz-sensors-imu.so
-- Installing: /home/jrivero/code/my-agents.md/projects/ogre-migrator/ws/build-1.12/install/lib/cmake/gz-sensors-imu/gz-sensors-imu-config.cmake
-- Installing: /home/jrivero/code/my-agents.md/projects/ogre-migrator/ws/build-1.12/install/lib/cmake/gz-sensors-imu/gz-sensors-imu-config-version.cmake
-- Installing: /home/jrivero/code/my-agents.md/projects/ogre-migrator/ws/build-1.12/install/lib/cmake/gz-sensors-imu/gz-sensors-imu-targets.cmake
-- Installing: /home/jrivero/code/my-agents.md/projects/ogre-migrator/ws/build-1.12/install/lib/cmake/gz-sensors-imu/gz-sensors-imu-targets-release.cmake
-- Installing: /home/jrivero/code/my-agents.md/projects/ogre-migrator/ws/build-1.12/install/lib/pkgconfig/gz-sensors-imu.pc
-- Installing: /home/jrivero/code/my-agents.md/projects/ogre-migrator/ws/build-1.12/install/include/gz/sensors11/gz/sensors/altimeter/detail/Export.hh
-- Installing: /home/jrivero/code/my-agents.md/projects/ogre-migrator/ws/build-1.12/install/include/gz/sensors11/gz/sensors/altimeter/Export.hh
-- Installing: /home/jrivero/code/my-agents.md/projects/ogre-migrator/ws/build-1.12/install/lib/libgz-sensors-altimeter.so.11.0.0~pre1
-- Installing: /home/jrivero/code/my-agents.md/projects/ogre-migrator/ws/build-1.12/install/lib/libgz-sensors-altimeter.so.11
-- Set non-toolchain portion of runtime path of "/home/jrivero/code/my-agents.md/projects/ogre-migrator/ws/build-1.12/install/lib/libgz-sensors-altimeter.so.11.0.0~pre1" to ""
-- Installing: /home/jrivero/code/my-agents.md/projects/ogre-migrator/ws/build-1.12/install/lib/libgz-sensors-altimeter.so
-- Installing: /home/jrivero/code/my-agents.md/projects/ogre-migrator/ws/build-1.12/install/lib/cmake/gz-sensors-altimeter/gz-sensors-altimeter-config.cmake
-- Installing: /home/jrivero/code/my-agents.md/projects/ogre-migrator/ws/build-1.12/install/lib/cmake/gz-sensors-altimeter/gz-sensors-altimeter-config-version.cmake
-- Installing: /home/jrivero/code/my-agents.md/projects/ogre-migrator/ws/build-1.12/install/lib/cmake/gz-sensors-altimeter/gz-sensors-altimeter-targets.cmake
-- Installing: /home/jrivero/code/my-agents.md/projects/ogre-migrator/ws/build-1.12/install/lib/cmake/gz-sensors-altimeter/gz-sensors-altimeter-targets-release.cmake
-- Installing: /home/jrivero/code/my-agents.md/projects/ogre-migrator/ws/build-1.12/install/lib/pkgconfig/gz-sensors-altimeter.pc
-- Installing: /home/jrivero/code/my-agents.md/projects/ogre-migrator/ws/build-1.12/install/include/gz/sensors11/gz/sensors/air_pressure/detail/Export.hh
-- Installing: /home/jrivero/code/my-agents.md/projects/ogre-migrator/ws/build-1.12/install/include/gz/sensors11/gz/sensors/air_pressure/Export.hh
-- Installing: /home/jrivero/code/my-agents.md/projects/ogre-migrator/ws/build-1.12/install/lib/libgz-sensors-air_pressure.so.11.0.0~pre1
-- Installing: /home/jrivero/code/my-agents.md/projects/ogre-migrator/ws/build-1.12/install/lib/libgz-sensors-air_pressure.so.11
-- Set non-toolchain portion of runtime path of "/home/jrivero/code/my-agents.md/projects/ogre-migrator/ws/build-1.12/install/lib/libgz-sensors-air_pressure.so.11.0.0~pre1" to ""
-- Installing: /home/jrivero/code/my-agents.md/projects/ogre-migrator/ws/build-1.12/install/lib/libgz-sensors-air_pressure.so
-- Installing: /home/jrivero/code/my-agents.md/projects/ogre-migrator/ws/build-1.12/install/lib/cmake/gz-sensors-air_pressure/gz-sensors-air_pressure-config.cmake
-- Installing: /home/jrivero/code/my-agents.md/projects/ogre-migrator/ws/build-1.12/install/lib/cmake/gz-sensors-air_pressure/gz-sensors-air_pressure-config-version.cmake
-- Installing: /home/jrivero/code/my-agents.md/projects/ogre-migrator/ws/build-1.12/install/lib/cmake/gz-sensors-air_pressure/gz-sensors-air_pressure-targets.cmake
-- Installing: /home/jrivero/code/my-agents.md/projects/ogre-migrator/ws/build-1.12/install/lib/cmake/gz-sensors-air_pressure/gz-sensors-air_pressure-targets-release.cmake
-- Installing: /home/jrivero/code/my-agents.md/projects/ogre-migrator/ws/build-1.12/install/lib/pkgconfig/gz-sensors-air_pressure.pc
-- Installing: /home/jrivero/code/my-agents.md/projects/ogre-migrator/ws/build-1.12/install/include/gz/sensors11/gz/sensors/air_speed/detail/Export.hh
-- Installing: /home/jrivero/code/my-agents.md/projects/ogre-migrator/ws/build-1.12/install/include/gz/sensors11/gz/sensors/air_speed/Export.hh
-- Installing: /home/jrivero/code/my-agents.md/projects/ogre-migrator/ws/build-1.12/install/lib/libgz-sensors-air_speed.so.11.0.0~pre1
-- Installing: /home/jrivero/code/my-agents.md/projects/ogre-migrator/ws/build-1.12/install/lib/libgz-sensors-air_speed.so.11
-- Set non-toolchain portion of runtime path of "/home/jrivero/code/my-agents.md/projects/ogre-migrator/ws/build-1.12/install/lib/libgz-sensors-air_speed.so.11.0.0~pre1" to ""
-- Installing: /home/jrivero/code/my-agents.md/projects/ogre-migrator/ws/build-1.12/install/lib/libgz-sensors-air_speed.so
-- Installing: /home/jrivero/code/my-agents.md/projects/ogre-migrator/ws/build-1.12/install/lib/cmake/gz-sensors-air_speed/gz-sensors-air_speed-config.cmake
-- Installing: /home/jrivero/code/my-agents.md/projects/ogre-migrator/ws/build-1.12/install/lib/cmake/gz-sensors-air_speed/gz-sensors-air_speed-config-version.cmake
-- Installing: /home/jrivero/code/my-agents.md/projects/ogre-migrator/ws/build-1.12/install/lib/cmake/gz-sensors-air_speed/gz-sensors-air_speed-targets.cmake
-- Installing: /home/jrivero/code/my-agents.md/projects/ogre-migrator/ws/build-1.12/install/lib/cmake/gz-sensors-air_speed/gz-sensors-air_speed-targets-release.cmake
-- Installing: /home/jrivero/code/my-agents.md/projects/ogre-migrator/ws/build-1.12/install/lib/pkgconfig/gz-sensors-air_speed.pc
-- Installing: /home/jrivero/code/my-agents.md/projects/ogre-migrator/ws/build-1.12/install/include/gz/sensors11/gz/sensors/force_torque/detail/Export.hh
-- Installing: /home/jrivero/code/my-agents.md/projects/ogre-migrator/ws/build-1.12/install/include/gz/sensors11/gz/sensors/force_torque/Export.hh
-- Installing: /home/jrivero/code/my-agents.md/projects/ogre-migrator/ws/build-1.12/install/lib/libgz-sensors-force_torque.so.11.0.0~pre1
-- Installing: /home/jrivero/code/my-agents.md/projects/ogre-migrator/ws/build-1.12/install/lib/libgz-sensors-force_torque.so.11
-- Set non-toolchain portion of runtime path of "/home/jrivero/code/my-agents.md/projects/ogre-migrator/ws/build-1.12/install/lib/libgz-sensors-force_torque.so.11.0.0~pre1" to ""
-- Installing: /home/jrivero/code/my-agents.md/projects/ogre-migrator/ws/build-1.12/install/lib/libgz-sensors-force_torque.so
-- Installing: /home/jrivero/code/my-agents.md/projects/ogre-migrator/ws/build-1.12/install/lib/cmake/gz-sensors-force_torque/gz-sensors-force_torque-config.cmake
-- Installing: /home/jrivero/code/my-agents.md/projects/ogre-migrator/ws/build-1.12/install/lib/cmake/gz-sensors-force_torque/gz-sensors-force_torque-config-version.cmake
-- Installing: /home/jrivero/code/my-agents.md/projects/ogre-migrator/ws/build-1.12/install/lib/cmake/gz-sensors-force_torque/gz-sensors-force_torque-targets.cmake
-- Installing: /home/jrivero/code/my-agents.md/projects/ogre-migrator/ws/build-1.12/install/lib/cmake/gz-sensors-force_torque/gz-sensors-force_torque-targets-release.cmake
-- Installing: /home/jrivero/code/my-agents.md/projects/ogre-migrator/ws/build-1.12/install/lib/pkgconfig/gz-sensors-force_torque.pc
-- Installing: /home/jrivero/code/my-agents.md/projects/ogre-migrator/ws/build-1.12/install/include/gz/sensors11/gz/sensors/navsat/detail/Export.hh
-- Installing: /home/jrivero/code/my-agents.md/projects/ogre-migrator/ws/build-1.12/install/include/gz/sensors11/gz/sensors/navsat/Export.hh
-- Installing: /home/jrivero/code/my-agents.md/projects/ogre-migrator/ws/build-1.12/install/lib/libgz-sensors-navsat.so.11.0.0~pre1
-- Installing: /home/jrivero/code/my-agents.md/projects/ogre-migrator/ws/build-1.12/install/lib/libgz-sensors-navsat.so.11
-- Set non-toolchain portion of runtime path of "/home/jrivero/code/my-agents.md/projects/ogre-migrator/ws/build-1.12/install/lib/libgz-sensors-navsat.so.11.0.0~pre1" to ""
-- Installing: /home/jrivero/code/my-agents.md/projects/ogre-migrator/ws/build-1.12/install/lib/libgz-sensors-navsat.so
-- Installing: /home/jrivero/code/my-agents.md/projects/ogre-migrator/ws/build-1.12/install/lib/cmake/gz-sensors-navsat/gz-sensors-navsat-config.cmake
-- Installing: /home/jrivero/code/my-agents.md/projects/ogre-migrator/ws/build-1.12/install/lib/cmake/gz-sensors-navsat/gz-sensors-navsat-config-version.cmake
-- Installing: /home/jrivero/code/my-agents.md/projects/ogre-migrator/ws/build-1.12/install/lib/cmake/gz-sensors-navsat/gz-sensors-navsat-targets.cmake
-- Installing: /home/jrivero/code/my-agents.md/projects/ogre-migrator/ws/build-1.12/install/lib/cmake/gz-sensors-navsat/gz-sensors-navsat-targets-release.cmake
-- Installing: /home/jrivero/code/my-agents.md/projects/ogre-migrator/ws/build-1.12/install/lib/pkgconfig/gz-sensors-navsat.pc
-- Installing: /home/jrivero/code/my-agents.md/projects/ogre-migrator/ws/build-1.12/install/include/gz/sensors11/gz/sensors/rgbd_camera/detail/Export.hh
-- Installing: /home/jrivero/code/my-agents.md/projects/ogre-migrator/ws/build-1.12/install/include/gz/sensors11/gz/sensors/rgbd_camera/Export.hh
-- Installing: /home/jrivero/code/my-agents.md/projects/ogre-migrator/ws/build-1.12/install/lib/libgz-sensors-rgbd_camera.so.11.0.0~pre1
-- Installing: /home/jrivero/code/my-agents.md/projects/ogre-migrator/ws/build-1.12/install/lib/libgz-sensors-rgbd_camera.so.11
-- Set non-toolchain portion of runtime path of "/home/jrivero/code/my-agents.md/projects/ogre-migrator/ws/build-1.12/install/lib/libgz-sensors-rgbd_camera.so.11.0.0~pre1" to ""
-- Installing: /home/jrivero/code/my-agents.md/projects/ogre-migrator/ws/build-1.12/install/lib/libgz-sensors-rgbd_camera.so
-- Installing: /home/jrivero/code/my-agents.md/projects/ogre-migrator/ws/build-1.12/install/lib/cmake/gz-sensors-rgbd_camera/gz-sensors-rgbd_camera-config.cmake
-- Installing: /home/jrivero/code/my-agents.md/projects/ogre-migrator/ws/build-1.12/install/lib/cmake/gz-sensors-rgbd_camera/gz-sensors-rgbd_camera-config-version.cmake
-- Installing: /home/jrivero/code/my-agents.md/projects/ogre-migrator/ws/build-1.12/install/lib/cmake/gz-sensors-rgbd_camera/gz-sensors-rgbd_camera-targets.cmake
-- Installing: /home/jrivero/code/my-agents.md/projects/ogre-migrator/ws/build-1.12/install/lib/cmake/gz-sensors-rgbd_camera/gz-sensors-rgbd_camera-targets-release.cmake
-- Installing: /home/jrivero/code/my-agents.md/projects/ogre-migrator/ws/build-1.12/install/lib/pkgconfig/gz-sensors-rgbd_camera.pc
-- Installing: /home/jrivero/code/my-agents.md/projects/ogre-migrator/ws/build-1.12/install/include/gz/sensors11/gz/sensors/thermal_camera/detail/Export.hh
-- Installing: /home/jrivero/code/my-agents.md/projects/ogre-migrator/ws/build-1.12/install/include/gz/sensors11/gz/sensors/thermal_camera/Export.hh
-- Installing: /home/jrivero/code/my-agents.md/projects/ogre-migrator/ws/build-1.12/install/lib/libgz-sensors-thermal_camera.so.11.0.0~pre1
-- Installing: /home/jrivero/code/my-agents.md/projects/ogre-migrator/ws/build-1.12/install/lib/libgz-sensors-thermal_camera.so.11
-- Set non-toolchain portion of runtime path of "/home/jrivero/code/my-agents.md/projects/ogre-migrator/ws/build-1.12/install/lib/libgz-sensors-thermal_camera.so.11.0.0~pre1" to ""
-- Installing: /home/jrivero/code/my-agents.md/projects/ogre-migrator/ws/build-1.12/install/lib/libgz-sensors-thermal_camera.so
-- Installing: /home/jrivero/code/my-agents.md/projects/ogre-migrator/ws/build-1.12/install/lib/cmake/gz-sensors-thermal_camera/gz-sensors-thermal_camera-config.cmake
-- Installing: /home/jrivero/code/my-agents.md/projects/ogre-migrator/ws/build-1.12/install/lib/cmake/gz-sensors-thermal_camera/gz-sensors-thermal_camera-config-version.cmake
-- Installing: /home/jrivero/code/my-agents.md/projects/ogre-migrator/ws/build-1.12/install/lib/cmake/gz-sensors-thermal_camera/gz-sensors-thermal_camera-targets.cmake
-- Installing: /home/jrivero/code/my-agents.md/projects/ogre-migrator/ws/build-1.12/install/lib/cmake/gz-sensors-thermal_camera/gz-sensors-thermal_camera-targets-release.cmake
-- Installing: /home/jrivero/code/my-agents.md/projects/ogre-migrator/ws/build-1.12/install/lib/pkgconfig/gz-sensors-thermal_camera.pc
-- Installing: /home/jrivero/code/my-agents.md/projects/ogre-migrator/ws/build-1.12/install/include/gz/sensors11/gz/sensors/boundingbox_camera/detail/Export.hh
-- Installing: /home/jrivero/code/my-agents.md/projects/ogre-migrator/ws/build-1.12/install/include/gz/sensors11/gz/sensors/boundingbox_camera/Export.hh
-- Installing: /home/jrivero/code/my-agents.md/projects/ogre-migrator/ws/build-1.12/install/lib/libgz-sensors-boundingbox_camera.so.11.0.0~pre1
-- Installing: /home/jrivero/code/my-agents.md/projects/ogre-migrator/ws/build-1.12/install/lib/libgz-sensors-boundingbox_camera.so.11
-- Set non-toolchain portion of runtime path of "/home/jrivero/code/my-agents.md/projects/ogre-migrator/ws/build-1.12/install/lib/libgz-sensors-boundingbox_camera.so.11.0.0~pre1" to ""
-- Installing: /home/jrivero/code/my-agents.md/projects/ogre-migrator/ws/build-1.12/install/lib/libgz-sensors-boundingbox_camera.so
-- Installing: /home/jrivero/code/my-agents.md/projects/ogre-migrator/ws/build-1.12/install/lib/cmake/gz-sensors-boundingbox_camera/gz-sensors-boundingbox_camera-config.cmake
-- Installing: /home/jrivero/code/my-agents.md/projects/ogre-migrator/ws/build-1.12/install/lib/cmake/gz-sensors-boundingbox_camera/gz-sensors-boundingbox_camera-config-version.cmake
-- Installing: /home/jrivero/code/my-agents.md/projects/ogre-migrator/ws/build-1.12/install/lib/cmake/gz-sensors-boundingbox_camera/gz-sensors-boundingbox_camera-targets.cmake
-- Installing: /home/jrivero/code/my-agents.md/projects/ogre-migrator/ws/build-1.12/install/lib/cmake/gz-sensors-boundingbox_camera/gz-sensors-boundingbox_camera-targets-release.cmake
-- Installing: /home/jrivero/code/my-agents.md/projects/ogre-migrator/ws/build-1.12/install/lib/pkgconfig/gz-sensors-boundingbox_camera.pc
-- Installing: /home/jrivero/code/my-agents.md/projects/ogre-migrator/ws/build-1.12/install/include/gz/sensors11/gz/sensors/segmentation_camera/detail/Export.hh
-- Installing: /home/jrivero/code/my-agents.md/projects/ogre-migrator/ws/build-1.12/install/include/gz/sensors11/gz/sensors/segmentation_camera/Export.hh
-- Installing: /home/jrivero/code/my-agents.md/projects/ogre-migrator/ws/build-1.12/install/lib/libgz-sensors-segmentation_camera.so.11.0.0~pre1
-- Installing: /home/jrivero/code/my-agents.md/projects/ogre-migrator/ws/build-1.12/install/lib/libgz-sensors-segmentation_camera.so.11
-- Set non-toolchain portion of runtime path of "/home/jrivero/code/my-agents.md/projects/ogre-migrator/ws/build-1.12/install/lib/libgz-sensors-segmentation_camera.so.11.0.0~pre1" to ""
-- Installing: /home/jrivero/code/my-agents.md/projects/ogre-migrator/ws/build-1.12/install/lib/libgz-sensors-segmentation_camera.so
-- Installing: /home/jrivero/code/my-agents.md/projects/ogre-migrator/ws/build-1.12/install/lib/cmake/gz-sensors-segmentation_camera/gz-sensors-segmentation_camera-config.cmake
-- Installing: /home/jrivero/code/my-agents.md/projects/ogre-migrator/ws/build-1.12/install/lib/cmake/gz-sensors-segmentation_camera/gz-sensors-segmentation_camera-config-version.cmake
-- Installing: /home/jrivero/code/my-agents.md/projects/ogre-migrator/ws/build-1.12/install/lib/cmake/gz-sensors-segmentation_camera/gz-sensors-segmentation_camera-targets.cmake
-- Installing: /home/jrivero/code/my-agents.md/projects/ogre-migrator/ws/build-1.12/install/lib/cmake/gz-sensors-segmentation_camera/gz-sensors-segmentation_camera-targets-release.cmake
-- Installing: /home/jrivero/code/my-agents.md/projects/ogre-migrator/ws/build-1.12/install/lib/pkgconfig/gz-sensors-segmentation_camera.pc
-- Installing: /home/jrivero/code/my-agents.md/projects/ogre-migrator/ws/build-1.12/install/include/gz/sensors11/gz/sensors/wide_angle_camera/detail/Export.hh
-- Installing: /home/jrivero/code/my-agents.md/projects/ogre-migrator/ws/build-1.12/install/include/gz/sensors11/gz/sensors/wide_angle_camera/Export.hh
-- Installing: /home/jrivero/code/my-agents.md/projects/ogre-migrator/ws/build-1.12/install/lib/libgz-sensors-wide_angle_camera.so.11.0.0~pre1
-- Installing: /home/jrivero/code/my-agents.md/projects/ogre-migrator/ws/build-1.12/install/lib/libgz-sensors-wide_angle_camera.so.11
-- Set non-toolchain portion of runtime path of "/home/jrivero/code/my-agents.md/projects/ogre-migrator/ws/build-1.12/install/lib/libgz-sensors-wide_angle_camera.so.11.0.0~pre1" to ""
-- Installing: /home/jrivero/code/my-agents.md/projects/ogre-migrator/ws/build-1.12/install/lib/libgz-sensors-wide_angle_camera.so
-- Installing: /home/jrivero/code/my-agents.md/projects/ogre-migrator/ws/build-1.12/install/lib/cmake/gz-sensors-wide_angle_camera/gz-sensors-wide_angle_camera-config.cmake
-- Installing: /home/jrivero/code/my-agents.md/projects/ogre-migrator/ws/build-1.12/install/lib/cmake/gz-sensors-wide_angle_camera/gz-sensors-wide_angle_camera-config-version.cmake
-- Installing: /home/jrivero/code/my-agents.md/projects/ogre-migrator/ws/build-1.12/install/lib/cmake/gz-sensors-wide_angle_camera/gz-sensors-wide_angle_camera-targets.cmake
-- Installing: /home/jrivero/code/my-agents.md/projects/ogre-migrator/ws/build-1.12/install/lib/cmake/gz-sensors-wide_angle_camera/gz-sensors-wide_angle_camera-targets-release.cmake
-- Installing: /home/jrivero/code/my-agents.md/projects/ogre-migrator/ws/build-1.12/install/lib/pkgconfig/gz-sensors-wide_angle_camera.pc
-- Installing: /home/jrivero/code/my-agents.md/projects/ogre-migrator/ws/build-1.12/install/include/gz/sensors11/gz/sensors/AirPressureSensor.hh
-- Installing: /home/jrivero/code/my-agents.md/projects/ogre-migrator/ws/build-1.12/install/include/gz/sensors11/gz/sensors/AirSpeedSensor.hh
-- Installing: /home/jrivero/code/my-agents.md/projects/ogre-migrator/ws/build-1.12/install/include/gz/sensors11/gz/sensors/AltimeterSensor.hh
-- Installing: /home/jrivero/code/my-agents.md/projects/ogre-migrator/ws/build-1.12/install/include/gz/sensors11/gz/sensors/BoundingBoxCameraSensor.hh
-- Installing: /home/jrivero/code/my-agents.md/projects/ogre-migrator/ws/build-1.12/install/include/gz/sensors11/gz/sensors/BrownDistortionModel.hh
-- Installing: /home/jrivero/code/my-agents.md/projects/ogre-migrator/ws/build-1.12/install/include/gz/sensors11/gz/sensors/CameraSensor.hh
-- Installing: /home/jrivero/code/my-agents.md/projects/ogre-migrator/ws/build-1.12/install/include/gz/sensors11/gz/sensors/DepthCameraSensor.hh
-- Installing: /home/jrivero/code/my-agents.md/projects/ogre-migrator/ws/build-1.12/install/include/gz/sensors11/gz/sensors/Distortion.hh
-- Installing: /home/jrivero/code/my-agents.md/projects/ogre-migrator/ws/build-1.12/install/include/gz/sensors11/gz/sensors/DopplerVelocityLog.hh
-- Installing: /home/jrivero/code/my-agents.md/projects/ogre-migrator/ws/build-1.12/install/include/gz/sensors11/gz/sensors/EnvironmentalData.hh
-- Installing: /home/jrivero/code/my-agents.md/projects/ogre-migrator/ws/build-1.12/install/include/gz/sensors11/gz/sensors/ForceTorqueSensor.hh
-- Installing: /home/jrivero/code/my-agents.md/projects/ogre-migrator/ws/build-1.12/install/include/gz/sensors11/gz/sensors/GaussianNoiseModel.hh
-- Installing: /home/jrivero/code/my-agents.md/projects/ogre-migrator/ws/build-1.12/install/include/gz/sensors11/gz/sensors/GpuLidarSensor.hh
-- Installing: /home/jrivero/code/my-agents.md/projects/ogre-migrator/ws/build-1.12/install/include/gz/sensors11/gz/sensors/ImageBrownDistortionModel.hh
-- Installing: /home/jrivero/code/my-agents.md/projects/ogre-migrator/ws/build-1.12/install/include/gz/sensors11/gz/sensors/ImageDistortion.hh
-- Installing: /home/jrivero/code/my-agents.md/projects/ogre-migrator/ws/build-1.12/install/include/gz/sensors11/gz/sensors/ImageGaussianNoiseModel.hh
-- Installing: /home/jrivero/code/my-agents.md/projects/ogre-migrator/ws/build-1.12/install/include/gz/sensors11/gz/sensors/ImageNoise.hh
-- Installing: /home/jrivero/code/my-agents.md/projects/ogre-migrator/ws/build-1.12/install/include/gz/sensors11/gz/sensors/ImuSensor.hh
-- Installing: /home/jrivero/code/my-agents.md/projects/ogre-migrator/ws/build-1.12/install/include/gz/sensors11/gz/sensors/Lidar.hh
-- Installing: /home/jrivero/code/my-agents.md/projects/ogre-migrator/ws/build-1.12/install/include/gz/sensors11/gz/sensors/LogicalCameraSensor.hh
-- Installing: /home/jrivero/code/my-agents.md/projects/ogre-migrator/ws/build-1.12/install/include/gz/sensors11/gz/sensors/MagnetometerSensor.hh
-- Installing: /home/jrivero/code/my-agents.md/projects/ogre-migrator/ws/build-1.12/install/include/gz/sensors11/gz/sensors/Manager.hh
-- Installing: /home/jrivero/code/my-agents.md/projects/ogre-migrator/ws/build-1.12/install/include/gz/sensors11/gz/sensors/NavSatSensor.hh
-- Installing: /home/jrivero/code/my-agents.md/projects/ogre-migrator/ws/build-1.12/install/include/gz/sensors11/gz/sensors/Noise.hh
-- Installing: /home/jrivero/code/my-agents.md/projects/ogre-migrator/ws/build-1.12/install/include/gz/sensors11/gz/sensors/RenderingEvents.hh
-- Installing: /home/jrivero/code/my-agents.md/projects/ogre-migrator/ws/build-1.12/install/include/gz/sensors11/gz/sensors/RenderingSensor.hh
-- Installing: /home/jrivero/code/my-agents.md/projects/ogre-migrator/ws/build-1.12/install/include/gz/sensors11/gz/sensors/RgbdCameraSensor.hh
-- Installing: /home/jrivero/code/my-agents.md/projects/ogre-migrator/ws/build-1.12/install/include/gz/sensors11/gz/sensors/SegmentationCameraSensor.hh
-- Installing: /home/jrivero/code/my-agents.md/projects/ogre-migrator/ws/build-1.12/install/include/gz/sensors11/gz/sensors/Sensor.hh
-- Installing: /home/jrivero/code/my-agents.md/projects/ogre-migrator/ws/build-1.12/install/include/gz/sensors11/gz/sensors/SensorFactory.hh
-- Installing: /home/jrivero/code/my-agents.md/projects/ogre-migrator/ws/build-1.12/install/include/gz/sensors11/gz/sensors/SensorTypes.hh
-- Installing: /home/jrivero/code/my-agents.md/projects/ogre-migrator/ws/build-1.12/install/include/gz/sensors11/gz/sensors/ThermalCameraSensor.hh
-- Installing: /home/jrivero/code/my-agents.md/projects/ogre-migrator/ws/build-1.12/install/include/gz/sensors11/gz/sensors/Util.hh
-- Installing: /home/jrivero/code/my-agents.md/projects/ogre-migrator/ws/build-1.12/install/include/gz/sensors11/gz/sensors/WideAngleCameraSensor.hh
-- Installing: /home/jrivero/code/my-agents.md/projects/ogre-migrator/ws/build-1.12/install/include/gz/sensors11/gz/sensors.hh
-- Installing: /home/jrivero/code/my-agents.md/projects/ogre-migrator/ws/build-1.12/install/include/gz/sensors11/gz/sensors/config.hh
-- Installing: /home/jrivero/code/my-agents.md/projects/ogre-migrator/ws/build-1.12/install/lib/cmake/gz-sensors-all/gz-sensors-all-config.cmake
-- Installing: /home/jrivero/code/my-agents.md/projects/ogre-migrator/ws/build-1.12/install/lib/cmake/gz-sensors-all/gz-sensors-all-config-version.cmake
-- Installing: /home/jrivero/code/my-agents.md/projects/ogre-migrator/ws/build-1.12/install/lib/cmake/gz-sensors-all/gz-sensors-all-targets.cmake
---
Finished <<< gz-sensors [34.9s]
--- output: gz-gui
-- The C compiler identification is GNU 13.3.0
-- The CXX compiler identification is GNU 13.3.0
-- Detecting C compiler ABI info
-- Detecting C compiler ABI info - done
-- Check for working C compiler: /usr/bin/cc - skipped
-- Detecting C compile features
-- Detecting C compile features - done
-- Detecting CXX compiler ABI info
-- Detecting CXX compiler ABI info - done
-- Check for working CXX compiler: /usr/bin/c++ - skipped
-- Detecting CXX compile features
-- Detecting CXX compile features - done
-- gz-gui version 11.0.0~pre1
-- Operating system is Linux
-- Found CPack generators: DEB
-- 

-- ====== Finding Dependencies ======
-- Found Protobuf: /usr/lib/x86_64-linux-gnu/libprotobuf.so (found version "3.21.12") 
-- Looking for Protobuf - found

-- Checking for module 'tinyxml2'
--   Found tinyxml2, version 10.0.0
-- Looking for tinyxml2 - found

-- Looking for gz-utils -- found version 5.0.0~pre1
-- Searching for dependencies of gz-utils
-- Looking for gz-utils - found

-- Looking for gz-math -- found version 10.0.0
-- Searching for dependencies of gz-math
-- Looking for gz-utils -- found version 5.0.0~pre1
-- Looking for gz-math - found

-- Looking for gz-common -- found version 8.0.0~pre1
-- Searching for dependencies of gz-common
-- Looking for gz-utils -- found version 5.0.0~pre1
-- Searching for dependencies of gz-utils
-- Searching for <gz-utils> component [log]
-- Looking for gz-utils-log -- found version 5.0.0~pre1
-- Searching for dependencies of gz-utils-log
-- Found Threads: TRUE  
-- Checking for module 'uuid'
--   Found uuid, version 2.39.3
-- Found UUID: TRUE  
-- Searching for <gz-common> component [profiler]
-- Looking for gz-common-profiler -- found version 8.0.0~pre1
-- Searching for dependencies of gz-common-profiler
-- Looking for gz-common - found

-- Looking for gz-plugin -- found version 5.0.0~pre1
-- Searching for dependencies of gz-plugin
-- Looking for gz-utils -- found version 5.0.0~pre1
-- Searching for dependencies of gz-utils
-- Searching for <gz-utils> component [cli]
-- Looking for gz-utils-cli -- found version 5.0.0~pre1
-- Searching for dependencies of gz-utils-cli
-- Searching for <gz-plugin> component [loader]
-- Looking for gz-plugin-loader -- found version 5.0.0~pre1
-- Searching for dependencies of gz-plugin-loader
-- Searching for <gz-plugin> component [register]
-- Looking for gz-plugin-register -- found version 5.0.0~pre1
-- Searching for dependencies of gz-plugin-register
-- Looking for gz-plugin - found

-- Looking for gz-transport -- found version 16.0.0~pre1
-- Searching for dependencies of gz-transport
-- Config-file not installed for ZeroMQ -- checking for pkg-config
-- Checking for module 'libzmq >= 4'
--   Found libzmq, version 4.3.5
-- Found ZeroMQ: TRUE (Required is at least version "4") 
-- Looking for gz-utils -- found version 5.0.0~pre1
-- Looking for gz-msgs -- found version 13.0.0~pre1
-- Searching for dependencies of gz-msgs
-- Looking for gz-utils -- found version 5.0.0~pre1
-- Looking for gz-math -- found version 10.0.0
-- Found Python3: /usr/bin/python3 (found version "3.12.3") found components: Interpreter 
-- Looking for gz-transport - found

-- Looking for gz-rendering -- found version 11.0.0~pre1
-- Searching for dependencies of gz-rendering
-- Looking for gz-math -- found version 10.0.0
-- Searching for dependencies of gz-math
-- Looking for gz-utils -- found version 5.0.0~pre1
-- Searching for <gz-math> component [eigen3]
-- Looking for gz-math-eigen3 -- found version 10.0.0
-- Searching for dependencies of gz-math-eigen3
-- Looking for gz-common -- found version 8.0.0~pre1
-- Searching for dependencies of gz-common
-- Looking for gz-utils -- found version 5.0.0~pre1
-- Searching for <gz-common> component [graphics]
-- Looking for gz-common-graphics -- found version 8.0.0~pre1
-- Searching for dependencies of gz-common-graphics
-- Looking for gz-math -- found version 10.0.0
-- Found GzAssimp: TRUE (found version "5.3.0") 
-- Searching for <gz-common> component [events]
-- Looking for gz-common-events -- found version 8.0.0~pre1
-- Searching for dependencies of gz-common-events
-- Looking for gz-math -- found version 10.0.0
-- Searching for <gz-common> component [profiler]
-- Searching for <gz-common> component [geospatial]
-- Looking for gz-common-geospatial -- found version 8.0.0~pre1
-- Searching for dependencies of gz-common-geospatial
-- Looking for gz-math -- found version 10.0.0
-- Looking for gz-common -- found version 8.0.0~pre1
-- Looking for gz-plugin -- found version 5.0.0~pre1
-- Searching for dependencies of gz-plugin
-- Looking for gz-utils -- found version 5.0.0~pre1
-- Searching for <gz-plugin> component [all]
-- Looking for all libraries of gz-plugin -- found version 5.0.0~pre1
-- Looking for gz-plugin -- found version 5.0.0~pre1
-- Looking for gz-utils -- found version 5.0.0~pre1
-- Found OpenGL: /usr/lib/x86_64-linux-gnu/libOpenGL.so  found components: OpenGL 
-- Looking for gz-rendering - found

-- Looking for gz-msgs -- found version 13.0.0~pre1
-- Looking for gz-msgs - found

-- Performing Test HAVE_STDATOMIC
-- Performing Test HAVE_STDATOMIC - Success
-- Found WrapAtomic: TRUE  
-- Found OpenGL: /usr/lib/x86_64-linux-gnu/libOpenGL.so   
-- Found WrapOpenGL: TRUE  
-- Found XKB: /usr/lib/x86_64-linux-gnu/libxkbcommon.so (found suitable version "1.6.0", minimum required is "0.5.0") 
-- Found WrapVulkanHeaders: /usr/include  
-- Looking for Qt6 - found

-- 
-- Searching for host SSE information
-- SSE2 found
-- SSE3 found
-- SSE4.1 found
-- SSE4.2 found
-- Testing is disabled -- skipping UNIT tests
-- Testing is disabled -- skipping UNIT tests
-- Testing is disabled -- skipping UNIT tests
-- Testing is disabled -- skipping UNIT tests
-- Testing is disabled -- skipping UNIT tests
-- Testing is disabled -- skipping UNIT tests
-- Testing is disabled -- skipping UNIT tests
-- Testing is disabled -- skipping UNIT tests
-- Testing is disabled -- skipping UNIT tests
-- Testing is disabled -- skipping UNIT tests
-- Testing is disabled -- skipping UNIT tests
-- Testing is disabled -- skipping UNIT tests
-- Configuring library: gz-gui
-- Performing Test COMPILER_HAS_HIDDEN_VISIBILITY
-- Performing Test COMPILER_HAS_HIDDEN_VISIBILITY - Success
-- Performing Test COMPILER_HAS_HIDDEN_INLINE_VISIBILITY
-- Performing Test COMPILER_HAS_HIDDEN_INLINE_VISIBILITY - Success
-- Performing Test COMPILER_HAS_DEPRECATED_ATTR
-- Performing Test COMPILER_HAS_DEPRECATED_ATTR - Success
-- Adding codecheck target
-- Build configuration successful
-- Build type: Release
-- Install prefix: /home/jrivero/code/my-agents.md/projects/ogre-migrator/ws/build-1.12/install
-- Found Doxygen: /usr/bin/doxygen (found version "1.9.8") found components: doxygen dot 
-- Configuring done (2.3s)
-- Generating done (0.2s)
-- Build files have been written to: /home/jrivero/code/my-agents.md/projects/ogre-migrator/ws/build-1.12/build/gz-gui
[  0%] Built target gz-gui_autogen_timestamp_deps
[  1%] Automatic MOC and UIC for target gz-gui
[  1%] Built target gz-gui_autogen
[  4%] Generating moc_Plugin.cpp
[  4%] Generating qrc_resources.cpp
[  4%] Generating moc_PlottingInterface.cpp
[  4%] Generating moc_MainWindow.cpp
[  4%] Generating moc_Application.cpp
[  4%] Generating moc_Dialog.cpp
[  4%] Building CXX object include/gz/gui/CMakeFiles/gz-gui.dir/__/__/__/src/Dialog.cc.o
[  6%] Building CXX object include/gz/gui/CMakeFiles/gz-gui.dir/__/__/__/src/GuiEvents.cc.o
[  6%] Building CXX object include/gz/gui/CMakeFiles/gz-gui.dir/__/__/__/src/InstallationDirectories.cc.o
[  5%] Building CXX object include/gz/gui/CMakeFiles/gz-gui.dir/__/__/__/src/Conversions.cc.o
[  7%] Building CXX object include/gz/gui/CMakeFiles/gz-gui.dir/gz-gui_autogen/mocs_compilation.cpp.o
[  7%] Building CXX object include/gz/gui/CMakeFiles/gz-gui.dir/__/__/__/src/Application.cc.o
[  7%] Building CXX object include/gz/gui/CMakeFiles/gz-gui.dir/__/__/__/src/DragDropModel.cc.o
[  7%] Building CXX object include/gz/gui/CMakeFiles/gz-gui.dir/__/__/__/src/Helpers.cc.o
[  8%] Building CXX object include/gz/gui/CMakeFiles/gz-gui.dir/__/__/__/src/gz.cc.o
[  8%] Building CXX object include/gz/gui/CMakeFiles/gz-gui.dir/__/__/__/src/PlottingInterface.cc.o
[  9%] Building CXX object include/gz/gui/CMakeFiles/gz-gui.dir/moc_Application.cpp.o
[ 10%] Building CXX object include/gz/gui/CMakeFiles/gz-gui.dir/__/__/__/src/MainWindow.cc.o
[ 10%] Building CXX object include/gz/gui/CMakeFiles/gz-gui.dir/moc_Dialog.cpp.o
[ 10%] Building CXX object include/gz/gui/CMakeFiles/gz-gui.dir/__/__/__/src/SearchModel.cc.o
[ 11%] Building CXX object include/gz/gui/CMakeFiles/gz-gui.dir/__/__/__/src/Plugin.cc.o
[ 12%] Building CXX object include/gz/gui/CMakeFiles/gz-gui.dir/moc_MainWindow.cpp.o
[ 12%] Building CXX object include/gz/gui/CMakeFiles/gz-gui.dir/moc_PlottingInterface.cpp.o
[ 13%] Building CXX object include/gz/gui/CMakeFiles/gz-gui.dir/moc_Plugin.cpp.o
[ 13%] Building CXX object include/gz/gui/CMakeFiles/gz-gui.dir/qrc_resources.cpp.o
[ 14%] Building CXX object include/gz/gui/CMakeFiles/gz-gui.dir/gz-gui_get_install_prefix_impl.cc.o
[ 14%] Linking CXX shared library ../../../lib/libgz-gui.so
[ 14%] Built target gz-gui
[ 14%] Built target ImageDisplay_autogen_timestamp_deps
[ 14%] Built target MinimalScene_autogen_timestamp_deps
[ 14%] Built target PointCloud_autogen_timestamp_deps
[ 14%] Built target GridConfig_autogen_timestamp_deps
[ 14%] Built target TransportPlotting_autogen_timestamp_deps
[ 14%] Built target MarkerManager_autogen_timestamp_deps
[ 14%] Built target CameraFps_autogen_timestamp_deps
[ 14%] Built target CameraTracking_autogen_timestamp_deps
[ 14%] Built target InteractiveViewControl_autogen_timestamp_deps
[ 14%] Built target ShutdownButton_autogen_timestamp_deps
[ 14%] Built target CameraTrackingConfig_autogen_timestamp_deps
[ 14%] Built target Publisher_autogen_timestamp_deps
[ 14%] Built target NavSatMap_autogen_timestamp_deps
[ 14%] Built target TapeMeasure_autogen_timestamp_deps
[ 14%] Built target Screenshot_autogen_timestamp_deps
[ 14%] Built target KeyPublisher_autogen_timestamp_deps
[ 14%] Built target TopicViewer_autogen_timestamp_deps
[ 14%] Automatic MOC and UIC for target CameraFps
[ 14%] Built target TopicEcho_autogen_timestamp_deps
[ 15%] Automatic MOC and UIC for target CameraTracking
[ 15%] Built target Teleop_autogen_timestamp_deps
[ 15%] Built target TransportSceneManager_autogen_timestamp_deps
[ 15%] Automatic MOC and UIC for target CameraTrackingConfig
[ 16%] Automatic MOC and UIC for target GridConfig
[ 16%] Automatic MOC and UIC for target InteractiveViewControl
[ 16%] Automatic MOC and UIC for target ImageDisplay
[ 17%] Automatic MOC and UIC for target Publisher
[ 17%] Built target WorldStats_autogen_timestamp_deps
[ 18%] Automatic MOC and UIC for target PointCloud
[ 18%] Automatic MOC and UIC for target TransportPlotting
[ 18%] Built target WorldControl_autogen_timestamp_deps
[ 19%] Automatic MOC and UIC for target MarkerManager
[ 19%] Automatic MOC and UIC for target NavSatMap
[ 19%] Automatic MOC and UIC for target Screenshot
[ 19%] Automatic MOC and UIC for target MinimalScene
[ 19%] Automatic MOC and UIC for target ShutdownButton
[ 19%] Automatic MOC and UIC for target TapeMeasure
[ 19%] Built target CameraFps_autogen
[ 19%] Built target CameraTrackingConfig_autogen
[ 19%] Built target InteractiveViewControl_autogen
[ 20%] Automatic MOC and UIC for target Teleop
[ 20%] Built target TransportPlotting_autogen
[ 20%] Built target PointCloud_autogen
[ 21%] Automatic MOC and UIC for target TopicEcho
[ 21%] Built target Publisher_autogen
[ 21%] Built target ImageDisplay_autogen
[ 21%] Built target GridConfig_autogen
[ 21%] Built target CameraTracking_autogen
[ 21%] Built target NavSatMap_autogen
[ 22%] Automatic MOC and UIC for target TransportSceneManager
[ 22%] Built target MarkerManager_autogen
[ 22%] Built target MinimalScene_autogen
[ 22%] Automatic MOC and UIC for target TopicViewer
[ 22%] Generating qrc_CameraTracking.cpp
[ 22%] Generating qrc_CameraFps.cpp
[ 23%] Generating qrc_GridConfig.cpp
[ 23%] Generating moc_CameraFps.cpp
[ 22%] Built target TapeMeasure_autogen
[ 24%] Generating moc_CameraTracking.cpp
[ 24%] Built target Screenshot_autogen
[ 25%] Generating qrc_CameraTrackingConfig.cpp
[ 25%] Generating moc_GridConfig.cpp
[ 25%] Built target ShutdownButton_autogen
[ 25%] Automatic MOC and UIC for target WorldControl
[ 26%] Automatic MOC and UIC for target WorldStats
[ 27%] Generating qrc_ImageDisplay.cpp
[ 27%] Generating moc_ImageDisplay.cpp
[ 27%] Generating moc_CameraTrackingConfig.cpp
[ 28%] Generating moc_InteractiveViewControl.cpp
[ 28%] Generating qrc_InteractiveViewControl.cpp
[ 28%] Built target Teleop_autogen
[ 28%] Generating qrc_TransportPlotting.cpp
[ 28%] Building CXX object src/plugins/camera_fps/CMakeFiles/CameraFps.dir/CameraFps.cc.o
[ 28%] Building CXX object src/plugins/grid_config/CMakeFiles/GridConfig.dir/GridConfig_autogen/mocs_compilation.cpp.o
[ 29%] Generating moc_TransportPlotting.cpp
[ 30%] Building CXX object src/plugins/camera_fps/CMakeFiles/CameraFps.dir/moc_CameraFps.cpp.o
[ 31%] Building CXX object src/plugins/camera_fps/CMakeFiles/CameraFps.dir/CameraFps_autogen/mocs_compilation.cpp.o
[ 32%] Building CXX object src/plugins/camera_tracking/CMakeFiles/CameraTracking.dir/CameraTracking_autogen/mocs_compilation.cpp.o
[ 33%] Automatic MOC and UIC for target KeyPublisher
[ 33%] Building CXX object src/plugins/camera_tracking_config/CMakeFiles/CameraTrackingConfig.dir/CameraTrackingConfig_autogen/mocs_compilation.cpp.o
[ 33%] Built target TransportSceneManager_autogen
[ 33%] Built target TopicEcho_autogen
[ 33%] Building CXX object src/plugins/camera_fps/CMakeFiles/CameraFps.dir/qrc_CameraFps.cpp.o
[ 34%] Building CXX object src/plugins/interactive_view_control/CMakeFiles/InteractiveViewControl.dir/InteractiveViewControl_autogen/mocs_compilation.cpp.o
[ 34%] Built target WorldStats_autogen
[ 34%] Built target TopicViewer_autogen
[ 34%] Building CXX object src/plugins/image_display/CMakeFiles/ImageDisplay.dir/ImageDisplay_autogen/mocs_compilation.cpp.o
[ 35%] Building CXX object src/plugins/grid_config/CMakeFiles/GridConfig.dir/GridConfig.cc.o
[ 35%] Building CXX object src/plugins/image_display/CMakeFiles/ImageDisplay.dir/ImageDisplay.cc.o
[ 35%] Built target WorldControl_autogen
[ 35%] Building CXX object src/plugins/interactive_view_control/CMakeFiles/InteractiveViewControl.dir/InteractiveViewControl.cc.o
[ 36%] Building CXX object src/plugins/image_display/CMakeFiles/ImageDisplay.dir/moc_ImageDisplay.cpp.o
[ 36%] Building CXX object src/plugins/camera_tracking/CMakeFiles/CameraTracking.dir/CameraTracking.cc.o
[ 37%] Building CXX object src/plugins/plotting/CMakeFiles/TransportPlotting.dir/TransportPlotting_autogen/mocs_compilation.cpp.o
[ 37%] Building CXX object src/plugins/camera_tracking/CMakeFiles/CameraTracking.dir/qrc_CameraTracking.cpp.o
[ 38%] Building CXX object src/plugins/camera_tracking/CMakeFiles/CameraTracking.dir/moc_CameraTracking.cpp.o
[ 39%] Building CXX object src/plugins/camera_tracking_config/CMakeFiles/CameraTrackingConfig.dir/moc_CameraTrackingConfig.cpp.o
[ 39%] Building CXX object src/plugins/camera_tracking_config/CMakeFiles/CameraTrackingConfig.dir/CameraTrackingConfig.cc.o
[ 39%] Building CXX object src/plugins/image_display/CMakeFiles/ImageDisplay.dir/qrc_ImageDisplay.cpp.o
[ 39%] Building CXX object src/plugins/grid_config/CMakeFiles/GridConfig.dir/moc_GridConfig.cpp.o
[ 39%] Building CXX object src/plugins/plotting/CMakeFiles/TransportPlotting.dir/TransportPlotting.cc.o
[ 39%] Building CXX object src/plugins/camera_tracking_config/CMakeFiles/CameraTrackingConfig.dir/qrc_CameraTrackingConfig.cpp.o
[ 39%] Built target KeyPublisher_autogen
[ 39%] Generating qrc_PointCloud.cpp
[ 40%] Building CXX object src/plugins/plotting/CMakeFiles/TransportPlotting.dir/moc_TransportPlotting.cpp.o
[ 41%] Building CXX object src/plugins/grid_config/CMakeFiles/GridConfig.dir/qrc_GridConfig.cpp.o
[ 42%] Generating moc_PointCloud.cpp
[ 43%] Building CXX object src/plugins/interactive_view_control/CMakeFiles/InteractiveViewControl.dir/moc_InteractiveViewControl.cpp.o
[ 44%] Generating qrc_Publisher.cpp
[ 45%] Building CXX object src/plugins/point_cloud/CMakeFiles/PointCloud.dir/PointCloud_autogen/mocs_compilation.cpp.o
[ 45%] Generating moc_Publisher.cpp
[ 45%] Building CXX object src/plugins/point_cloud/CMakeFiles/PointCloud.dir/PointCloud.cc.o
[ 45%] Building CXX object src/plugins/publisher/CMakeFiles/Publisher.dir/Publisher_autogen/mocs_compilation.cpp.o
[ 46%] Building CXX object src/plugins/publisher/CMakeFiles/Publisher.dir/Publisher.cc.o
[ 46%] Building CXX object src/plugins/publisher/CMakeFiles/Publisher.dir/moc_Publisher.cpp.o
[ 46%] Building CXX object src/plugins/point_cloud/CMakeFiles/PointCloud.dir/moc_PointCloud.cpp.o
[ 47%] Building CXX object src/plugins/publisher/CMakeFiles/Publisher.dir/qrc_Publisher.cpp.o
[ 48%] Building CXX object src/plugins/point_cloud/CMakeFiles/PointCloud.dir/qrc_PointCloud.cpp.o
[ 49%] Generating qrc_MarkerManager.cpp
[ 49%] Generating moc_MarkerManager.cpp
[ 49%] Building CXX object src/plugins/plotting/CMakeFiles/TransportPlotting.dir/qrc_TransportPlotting.cpp.o
[ 49%] Building CXX object src/plugins/marker_manager/CMakeFiles/MarkerManager.dir/MarkerManager_autogen/mocs_compilation.cpp.o
[ 50%] Building CXX object src/plugins/marker_manager/CMakeFiles/MarkerManager.dir/MarkerManager.cc.o
[ 50%] Building CXX object src/plugins/marker_manager/CMakeFiles/MarkerManager.dir/moc_MarkerManager.cpp.o
[ 51%] Linking CXX shared library ../../../lib/libTransportPlotting.so
[ 51%] Building CXX object src/plugins/interactive_view_control/CMakeFiles/InteractiveViewControl.dir/qrc_InteractiveViewControl.cpp.o
[ 51%] Built target TransportPlotting
[ 52%] Generating qrc_MinimalScene.cpp
[ 53%] Building CXX object src/plugins/marker_manager/CMakeFiles/MarkerManager.dir/qrc_MarkerManager.cpp.o
[ 53%] Generating moc_MinimalScene.cpp
[ 53%] Generating qrc_NavSatMap.cpp
[ 54%] Generating moc_NavSatMap.cpp
[ 54%] Building CXX object src/plugins/minimal_scene/CMakeFiles/MinimalScene.dir/MinimalScene_autogen/mocs_compilation.cpp.o
[ 55%] Generating qrc_Screenshot.cpp
[ 56%] Building CXX object src/plugins/minimal_scene/CMakeFiles/MinimalScene.dir/MinimalScene.cc.o
[ 57%] Building CXX object src/plugins/navsat_map/CMakeFiles/NavSatMap.dir/NavSatMap_autogen/mocs_compilation.cpp.o
[ 57%] Generating moc_Screenshot.cpp
[ 57%] Building CXX object src/plugins/navsat_map/CMakeFiles/NavSatMap.dir/NavSatMap.cc.o
[ 57%] Building CXX object src/plugins/screenshot/CMakeFiles/Screenshot.dir/Screenshot_autogen/mocs_compilation.cpp.o
[ 58%] Building CXX object src/plugins/screenshot/CMakeFiles/Screenshot.dir/Screenshot.cc.o
[ 59%] Building CXX object src/plugins/navsat_map/CMakeFiles/NavSatMap.dir/moc_NavSatMap.cpp.o
[ 59%] Linking CXX shared library ../../../lib/libGridConfig.so
[ 60%] Linking CXX shared library ../../../lib/libCameraTrackingConfig.so
[ 61%] Linking CXX shared library ../../../lib/libCameraFps.so
[ 61%] Built target GridConfig
[ 61%] Building CXX object src/plugins/screenshot/CMakeFiles/Screenshot.dir/moc_Screenshot.cpp.o
[ 61%] Built target CameraTrackingConfig
[ 61%] Building CXX object src/plugins/minimal_scene/CMakeFiles/MinimalScene.dir/MinimalSceneRhi.cc.o
[ 61%] Built target CameraFps
[ 61%] Generating qrc_ShutdownButton.cpp
[ 62%] Generating moc_ShutdownButton.cpp
[ 63%] Building CXX object src/plugins/shutdown_button/CMakeFiles/ShutdownButton.dir/ShutdownButton_autogen/mocs_compilation.cpp.o
[ 63%] Building CXX object src/plugins/shutdown_button/CMakeFiles/ShutdownButton.dir/ShutdownButton.cc.o
[ 63%] Generating qrc_TapeMeasure.cpp
[ 64%] Generating moc_TapeMeasure.cpp
[ 65%] Building CXX object src/plugins/tape_measure/CMakeFiles/TapeMeasure.dir/TapeMeasure_autogen/mocs_compilation.cpp.o
[ 65%] Building CXX object src/plugins/tape_measure/CMakeFiles/TapeMeasure.dir/TapeMeasure.cc.o
[ 66%] Linking CXX shared library ../../../lib/libImageDisplay.so
[ 67%] Linking CXX shared library ../../../lib/libInteractiveViewControl.so
[ 67%] Linking CXX shared library ../../../lib/libPublisher.so
[ 68%] Building CXX object src/plugins/minimal_scene/CMakeFiles/MinimalScene.dir/MinimalSceneRhiOpenGL.cc.o
[ 69%] Generating qrc_Teleop.cpp
[ 69%] Generating moc_Teleop.cpp
[ 69%] Building CXX object src/plugins/teleop/CMakeFiles/Teleop.dir/Teleop_autogen/mocs_compilation.cpp.o
[ 70%] Building CXX object src/plugins/teleop/CMakeFiles/Teleop.dir/Teleop.cc.o
[ 70%] Built target Publisher
[ 70%] Built target ImageDisplay
[ 71%] Building CXX object src/plugins/shutdown_button/CMakeFiles/ShutdownButton.dir/moc_ShutdownButton.cpp.o
[ 71%] Building CXX object src/plugins/shutdown_button/CMakeFiles/ShutdownButton.dir/qrc_ShutdownButton.cpp.o
[ 71%] Building CXX object src/plugins/teleop/CMakeFiles/Teleop.dir/moc_Teleop.cpp.o
[ 71%] Built target InteractiveViewControl
[ 72%] Building CXX object src/plugins/teleop/CMakeFiles/Teleop.dir/qrc_Teleop.cpp.o
[ 73%] Generating qrc_TopicEcho.cpp
[ 73%] Generating moc_TopicEcho.cpp
[ 73%] Building CXX object src/plugins/topic_echo/CMakeFiles/TopicEcho.dir/TopicEcho_autogen/mocs_compilation.cpp.o
[ 74%] Building CXX object src/plugins/topic_echo/CMakeFiles/TopicEcho.dir/TopicEcho.cc.o
[ 75%] Linking CXX shared library ../../../lib/libCameraTracking.so
[ 75%] Generating qrc_TopicViewer.cpp
[ 75%] Generating moc_TopicViewer.cpp
[ 76%] Building CXX object src/plugins/topic_viewer/CMakeFiles/TopicViewer.dir/TopicViewer_autogen/mocs_compilation.cpp.o
[ 76%] Building CXX object src/plugins/topic_viewer/CMakeFiles/TopicViewer.dir/TopicViewer.cc.o
[ 76%] Built target CameraTracking
[ 77%] Building CXX object src/plugins/topic_viewer/CMakeFiles/TopicViewer.dir/moc_TopicViewer.cpp.o
[ 77%] Linking CXX shared library ../../../lib/libPointCloud.so
[ 77%] Built target PointCloud
[ 77%] Building CXX object src/plugins/minimal_scene/CMakeFiles/MinimalScene.dir/MinimalSceneRhiVulkan.cc.o
[ 78%] Building CXX object src/plugins/tape_measure/CMakeFiles/TapeMeasure.dir/moc_TapeMeasure.cpp.o
[ 78%] Building CXX object src/plugins/topic_viewer/CMakeFiles/TopicViewer.dir/qrc_TopicViewer.cpp.o
[ 78%] Building CXX object src/plugins/topic_echo/CMakeFiles/TopicEcho.dir/moc_TopicEcho.cpp.o
[ 78%] Building CXX object src/plugins/navsat_map/CMakeFiles/NavSatMap.dir/qrc_NavSatMap.cpp.o
[ 79%] Building CXX object src/plugins/screenshot/CMakeFiles/Screenshot.dir/qrc_Screenshot.cpp.o
[ 79%] Generating qrc_TransportSceneManager.cpp
[ 80%] Linking CXX shared library ../../../lib/libNavSatMap.so
[ 81%] Generating moc_TransportSceneManager.cpp
[ 82%] Building CXX object src/plugins/transport_scene_manager/CMakeFiles/TransportSceneManager.dir/TransportSceneManager_autogen/mocs_compilation.cpp.o
[ 82%] Linking CXX shared library ../../../lib/libScreenshot.so
[ 82%] Building CXX object src/plugins/transport_scene_manager/CMakeFiles/TransportSceneManager.dir/TransportSceneManager.cc.o
[ 83%] Linking CXX shared library ../../../lib/libShutdownButton.so
[ 83%] Built target NavSatMap
[ 83%] Building CXX object src/plugins/transport_scene_manager/CMakeFiles/TransportSceneManager.dir/moc_TransportSceneManager.cpp.o
[ 83%] Building CXX object src/plugins/tape_measure/CMakeFiles/TapeMeasure.dir/qrc_TapeMeasure.cpp.o
[ 84%] Building CXX object src/plugins/transport_scene_manager/CMakeFiles/TransportSceneManager.dir/qrc_TransportSceneManager.cpp.o
[ 84%] Generating qrc_WorldControl.cpp
[ 84%] Built target Screenshot
[ 84%] Generating moc_WorldControl.cpp
[ 85%] Building CXX object src/plugins/topic_echo/CMakeFiles/TopicEcho.dir/qrc_TopicEcho.cpp.o
[ 86%] Generating moc_WorldControlEventListener.cpp
[ 86%] Generating qrc_WorldStats.cpp
[ 87%] Building CXX object src/plugins/world_control/CMakeFiles/WorldControl.dir/WorldControl_autogen/mocs_compilation.cpp.o
[ 87%] Built target ShutdownButton
[ 88%] Generating moc_WorldStats.cpp
[ 88%] Building CXX object src/plugins/world_control/CMakeFiles/WorldControl.dir/WorldControl.cc.o
[ 89%] Building CXX object src/plugins/world_control/CMakeFiles/WorldControl.dir/WorldControlEventListener.cc.o
[ 89%] Building CXX object src/plugins/world_stats/CMakeFiles/WorldStats.dir/WorldStats_autogen/mocs_compilation.cpp.o
[ 90%] Building CXX object src/plugins/world_stats/CMakeFiles/WorldStats.dir/WorldStats.cc.o
[ 90%] Building CXX object src/plugins/world_control/CMakeFiles/WorldControl.dir/moc_WorldControl.cpp.o
[ 91%] Building CXX object src/plugins/world_control/CMakeFiles/WorldControl.dir/moc_WorldControlEventListener.cpp.o
[ 91%] Building CXX object src/plugins/world_control/CMakeFiles/WorldControl.dir/qrc_WorldControl.cpp.o
[ 91%] Building CXX object src/plugins/minimal_scene/CMakeFiles/MinimalScene.dir/EngineToQtInterface.cc.o
[ 91%] Linking CXX shared library ../../../lib/libMarkerManager.so
[ 91%] Built target MarkerManager
[ 91%] Building CXX object src/plugins/world_stats/CMakeFiles/WorldStats.dir/moc_WorldStats.cpp.o
[ 92%] Building CXX object src/plugins/minimal_scene/CMakeFiles/MinimalScene.dir/moc_MinimalScene.cpp.o
[ 92%] Linking CXX shared library ../../../lib/libTeleop.so
[ 92%] Building CXX object src/plugins/minimal_scene/CMakeFiles/MinimalScene.dir/qrc_MinimalScene.cpp.o
[ 93%] Building CXX object src/plugins/world_stats/CMakeFiles/WorldStats.dir/qrc_WorldStats.cpp.o
[ 93%] Generating qrc_KeyPublisher.cpp
[ 94%] Generating moc_KeyPublisher.cpp
[ 94%] Built target Teleop
[ 95%] Building CXX object src/plugins/key_publisher/CMakeFiles/KeyPublisher.dir/KeyPublisher_autogen/mocs_compilation.cpp.o
[ 95%] Building CXX object src/plugins/key_publisher/CMakeFiles/KeyPublisher.dir/KeyPublisher.cc.o
[ 96%] Building CXX object src/plugins/key_publisher/CMakeFiles/KeyPublisher.dir/moc_KeyPublisher.cpp.o
[ 97%] Linking CXX shared library ../../../lib/libTapeMeasure.so
[ 97%] Building CXX object src/plugins/key_publisher/CMakeFiles/KeyPublisher.dir/qrc_KeyPublisher.cpp.o
[ 97%] Built target TapeMeasure
[ 97%] Linking CXX shared library ../../../lib/libTopicEcho.so
[ 97%] Built target TopicEcho
[ 98%] Linking CXX shared library ../../../lib/libTopicViewer.so
[ 98%] Built target TopicViewer
[ 99%] Linking CXX shared library ../../../lib/libMinimalScene.so
[ 99%] Built target MinimalScene
[ 99%] Linking CXX shared library ../../../lib/libWorldStats.so
[ 99%] Built target WorldStats
[100%] Linking CXX shared library ../../../lib/libWorldControl.so
[100%] Built target WorldControl
[100%] Linking CXX shared library ../../../lib/libKeyPublisher.so
[100%] Built target KeyPublisher
[100%] Linking CXX shared library ../../../lib/libTransportSceneManager.so
[100%] Built target TransportSceneManager
-- Install configuration: "Release"
-- Installing: /home/jrivero/code/my-agents.md/projects/ogre-migrator/ws/build-1.12/install/lib/ruby/gz/cmdgui.rb
-- Installing: /home/jrivero/code/my-agents.md/projects/ogre-migrator/ws/build-1.12/install/share/gz/gz.completion.d/gui.bash_completion.sh
-- Installing: /home/jrivero/code/my-agents.md/projects/ogre-migrator/ws/build-1.12/install/lib/gz-gui/plugins/libCameraFps.so
-- Set non-toolchain portion of runtime path of "/home/jrivero/code/my-agents.md/projects/ogre-migrator/ws/build-1.12/install/lib/gz-gui/plugins/libCameraFps.so" to ""
-- Installing: /home/jrivero/code/my-agents.md/projects/ogre-migrator/ws/build-1.12/install/lib/gz-gui/plugins/libCameraTracking.so
-- Set non-toolchain portion of runtime path of "/home/jrivero/code/my-agents.md/projects/ogre-migrator/ws/build-1.12/install/lib/gz-gui/plugins/libCameraTracking.so" to ""
-- Installing: /home/jrivero/code/my-agents.md/projects/ogre-migrator/ws/build-1.12/install/lib/gz-gui/plugins/libCameraTrackingConfig.so
-- Set non-toolchain portion of runtime path of "/home/jrivero/code/my-agents.md/projects/ogre-migrator/ws/build-1.12/install/lib/gz-gui/plugins/libCameraTrackingConfig.so" to ""
-- Installing: /home/jrivero/code/my-agents.md/projects/ogre-migrator/ws/build-1.12/install/lib/gz-gui/plugins/libGridConfig.so
-- Set non-toolchain portion of runtime path of "/home/jrivero/code/my-agents.md/projects/ogre-migrator/ws/build-1.12/install/lib/gz-gui/plugins/libGridConfig.so" to ""
-- Installing: /home/jrivero/code/my-agents.md/projects/ogre-migrator/ws/build-1.12/install/lib/gz-gui/plugins/libImageDisplay.so
-- Set non-toolchain portion of runtime path of "/home/jrivero/code/my-agents.md/projects/ogre-migrator/ws/build-1.12/install/lib/gz-gui/plugins/libImageDisplay.so" to ""
-- Installing: /home/jrivero/code/my-agents.md/projects/ogre-migrator/ws/build-1.12/install/lib/gz-gui/plugins/libInteractiveViewControl.so
-- Set non-toolchain portion of runtime path of "/home/jrivero/code/my-agents.md/projects/ogre-migrator/ws/build-1.12/install/lib/gz-gui/plugins/libInteractiveViewControl.so" to ""
-- Installing: /home/jrivero/code/my-agents.md/projects/ogre-migrator/ws/build-1.12/install/lib/gz-gui/plugins/libKeyPublisher.so
-- Set non-toolchain portion of runtime path of "/home/jrivero/code/my-agents.md/projects/ogre-migrator/ws/build-1.12/install/lib/gz-gui/plugins/libKeyPublisher.so" to ""
-- Installing: /home/jrivero/code/my-agents.md/projects/ogre-migrator/ws/build-1.12/install/lib/gz-gui/plugins/libTransportPlotting.so
-- Set non-toolchain portion of runtime path of "/home/jrivero/code/my-agents.md/projects/ogre-migrator/ws/build-1.12/install/lib/gz-gui/plugins/libTransportPlotting.so" to ""
-- Installing: /home/jrivero/code/my-agents.md/projects/ogre-migrator/ws/build-1.12/install/lib/gz-gui/plugins/libPointCloud.so
-- Set non-toolchain portion of runtime path of "/home/jrivero/code/my-agents.md/projects/ogre-migrator/ws/build-1.12/install/lib/gz-gui/plugins/libPointCloud.so" to ""
-- Installing: /home/jrivero/code/my-agents.md/projects/ogre-migrator/ws/build-1.12/install/lib/gz-gui/plugins/libPublisher.so
-- Set non-toolchain portion of runtime path of "/home/jrivero/code/my-agents.md/projects/ogre-migrator/ws/build-1.12/install/lib/gz-gui/plugins/libPublisher.so" to ""
-- Installing: /home/jrivero/code/my-agents.md/projects/ogre-migrator/ws/build-1.12/install/lib/gz-gui/plugins/libMarkerManager.so
-- Set non-toolchain portion of runtime path of "/home/jrivero/code/my-agents.md/projects/ogre-migrator/ws/build-1.12/install/lib/gz-gui/plugins/libMarkerManager.so" to ""
-- Installing: /home/jrivero/code/my-agents.md/projects/ogre-migrator/ws/build-1.12/install/lib/gz-gui/plugins/libMinimalScene.so
-- Set non-toolchain portion of runtime path of "/home/jrivero/code/my-agents.md/projects/ogre-migrator/ws/build-1.12/install/lib/gz-gui/plugins/libMinimalScene.so" to ""
-- Installing: /home/jrivero/code/my-agents.md/projects/ogre-migrator/ws/build-1.12/install/lib/gz-gui/plugins/libNavSatMap.so
-- Set non-toolchain portion of runtime path of "/home/jrivero/code/my-agents.md/projects/ogre-migrator/ws/build-1.12/install/lib/gz-gui/plugins/libNavSatMap.so" to ""
-- Installing: /home/jrivero/code/my-agents.md/projects/ogre-migrator/ws/build-1.12/install/lib/gz-gui/plugins/libScreenshot.so
-- Set non-toolchain portion of runtime path of "/home/jrivero/code/my-agents.md/projects/ogre-migrator/ws/build-1.12/install/lib/gz-gui/plugins/libScreenshot.so" to ""
-- Installing: /home/jrivero/code/my-agents.md/projects/ogre-migrator/ws/build-1.12/install/lib/gz-gui/plugins/libShutdownButton.so
-- Set non-toolchain portion of runtime path of "/home/jrivero/code/my-agents.md/projects/ogre-migrator/ws/build-1.12/install/lib/gz-gui/plugins/libShutdownButton.so" to ""
-- Installing: /home/jrivero/code/my-agents.md/projects/ogre-migrator/ws/build-1.12/install/lib/gz-gui/plugins/libTapeMeasure.so
-- Set non-toolchain portion of runtime path of "/home/jrivero/code/my-agents.md/projects/ogre-migrator/ws/build-1.12/install/lib/gz-gui/plugins/libTapeMeasure.so" to ""
-- Installing: /home/jrivero/code/my-agents.md/projects/ogre-migrator/ws/build-1.12/install/lib/gz-gui/plugins/libTeleop.so
-- Set non-toolchain portion of runtime path of "/home/jrivero/code/my-agents.md/projects/ogre-migrator/ws/build-1.12/install/lib/gz-gui/plugins/libTeleop.so" to ""
-- Installing: /home/jrivero/code/my-agents.md/projects/ogre-migrator/ws/build-1.12/install/lib/gz-gui/plugins/libTopicEcho.so
-- Set non-toolchain portion of runtime path of "/home/jrivero/code/my-agents.md/projects/ogre-migrator/ws/build-1.12/install/lib/gz-gui/plugins/libTopicEcho.so" to ""
-- Installing: /home/jrivero/code/my-agents.md/projects/ogre-migrator/ws/build-1.12/install/lib/gz-gui/plugins/libTopicViewer.so
-- Set non-toolchain portion of runtime path of "/home/jrivero/code/my-agents.md/projects/ogre-migrator/ws/build-1.12/install/lib/gz-gui/plugins/libTopicViewer.so" to ""
-- Installing: /home/jrivero/code/my-agents.md/projects/ogre-migrator/ws/build-1.12/install/lib/gz-gui/plugins/libTransportSceneManager.so
-- Set non-toolchain portion of runtime path of "/home/jrivero/code/my-agents.md/projects/ogre-migrator/ws/build-1.12/install/lib/gz-gui/plugins/libTransportSceneManager.so" to ""
-- Installing: /home/jrivero/code/my-agents.md/projects/ogre-migrator/ws/build-1.12/install/lib/gz-gui/plugins/libWorldControl.so
-- Set non-toolchain portion of runtime path of "/home/jrivero/code/my-agents.md/projects/ogre-migrator/ws/build-1.12/install/lib/gz-gui/plugins/libWorldControl.so" to ""
-- Installing: /home/jrivero/code/my-agents.md/projects/ogre-migrator/ws/build-1.12/install/lib/gz-gui/plugins/libWorldStats.so
-- Set non-toolchain portion of runtime path of "/home/jrivero/code/my-agents.md/projects/ogre-migrator/ws/build-1.12/install/lib/gz-gui/plugins/libWorldStats.so" to ""
-- Installing: /home/jrivero/code/my-agents.md/projects/ogre-migrator/ws/build-1.12/install/include/gz/gui11/gz/gui/detail/Export.hh
-- Installing: /home/jrivero/code/my-agents.md/projects/ogre-migrator/ws/build-1.12/install/include/gz/gui11/gz/gui/Export.hh
-- Installing: /home/jrivero/code/my-agents.md/projects/ogre-migrator/ws/build-1.12/install/lib/libgz-gui.so.11.0.0~pre1
-- Installing: /home/jrivero/code/my-agents.md/projects/ogre-migrator/ws/build-1.12/install/lib/libgz-gui.so.11
-- Installing: /home/jrivero/code/my-agents.md/projects/ogre-migrator/ws/build-1.12/install/lib/libgz-gui.so
-- Installing: /home/jrivero/code/my-agents.md/projects/ogre-migrator/ws/build-1.12/install/lib/cmake/gz-gui/gz-gui-config.cmake
-- Installing: /home/jrivero/code/my-agents.md/projects/ogre-migrator/ws/build-1.12/install/lib/cmake/gz-gui/gz-gui-config-version.cmake
-- Installing: /home/jrivero/code/my-agents.md/projects/ogre-migrator/ws/build-1.12/install/lib/cmake/gz-gui/gz-gui-targets.cmake
-- Installing: /home/jrivero/code/my-agents.md/projects/ogre-migrator/ws/build-1.12/install/lib/cmake/gz-gui/gz-gui-targets-release.cmake
-- Installing: /home/jrivero/code/my-agents.md/projects/ogre-migrator/ws/build-1.12/install/lib/pkgconfig/gz-gui.pc
-- Installing: /home/jrivero/code/my-agents.md/projects/ogre-migrator/ws/build-1.12/install/include/gz/gui11/gz/gui/Application.hh
-- Installing: /home/jrivero/code/my-agents.md/projects/ogre-migrator/ws/build-1.12/install/include/gz/gui11/gz/gui/Conversions.hh
-- Installing: /home/jrivero/code/my-agents.md/projects/ogre-migrator/ws/build-1.12/install/include/gz/gui11/gz/gui/Dialog.hh
-- Installing: /home/jrivero/code/my-agents.md/projects/ogre-migrator/ws/build-1.12/install/include/gz/gui11/gz/gui/DragDropModel.hh
-- Installing: /home/jrivero/code/my-agents.md/projects/ogre-migrator/ws/build-1.12/install/include/gz/gui11/gz/gui/Enums.hh
-- Installing: /home/jrivero/code/my-agents.md/projects/ogre-migrator/ws/build-1.12/install/include/gz/gui11/gz/gui/GuiEvents.hh
-- Installing: /home/jrivero/code/my-agents.md/projects/ogre-migrator/ws/build-1.12/install/include/gz/gui11/gz/gui/Helpers.hh
-- Installing: /home/jrivero/code/my-agents.md/projects/ogre-migrator/ws/build-1.12/install/include/gz/gui11/gz/gui/InstallationDirectories.hh
-- Installing: /home/jrivero/code/my-agents.md/projects/ogre-migrator/ws/build-1.12/install/include/gz/gui11/gz/gui/MainWindow.hh
-- Installing: /home/jrivero/code/my-agents.md/projects/ogre-migrator/ws/build-1.12/install/include/gz/gui11/gz/gui/PlottingInterface.hh
-- Installing: /home/jrivero/code/my-agents.md/projects/ogre-migrator/ws/build-1.12/install/include/gz/gui11/gz/gui/Plugin.hh
-- Installing: /home/jrivero/code/my-agents.md/projects/ogre-migrator/ws/build-1.12/install/include/gz/gui11/gz/gui/SearchModel.hh
-- Installing: /home/jrivero/code/my-agents.md/projects/ogre-migrator/ws/build-1.12/install/include/gz/gui11/gz/gui/gz.hh
-- Installing: /home/jrivero/code/my-agents.md/projects/ogre-migrator/ws/build-1.12/install/include/gz/gui11/gz/gui/qt.h
-- Installing: /home/jrivero/code/my-agents.md/projects/ogre-migrator/ws/build-1.12/install/include/gz/gui11/gz/gui.hh
-- Installing: /home/jrivero/code/my-agents.md/projects/ogre-migrator/ws/build-1.12/install/include/gz/gui11/gz/gui/config.hh
-- Installing: /home/jrivero/code/my-agents.md/projects/ogre-migrator/ws/build-1.12/install/lib/cmake/gz-gui-all/gz-gui-all-config.cmake
-- Installing: /home/jrivero/code/my-agents.md/projects/ogre-migrator/ws/build-1.12/install/lib/cmake/gz-gui-all/gz-gui-all-config-version.cmake
-- Installing: /home/jrivero/code/my-agents.md/projects/ogre-migrator/ws/build-1.12/install/lib/cmake/gz-gui-all/gz-gui-all-targets.cmake
-- Installing: /home/jrivero/code/my-agents.md/projects/ogre-migrator/ws/build-1.12/install/share/gz/gui.yaml
---
Finished <<< gz-gui [41.2s]
Starting >>> gz-sim
[Processing: gz-sim]
[Processing: gz-sim]
[Processing: gz-sim]
[Processing: gz-sim]
--- output: gz-sim
-- The C compiler identification is GNU 13.3.0
-- The CXX compiler identification is GNU 13.3.0
-- Detecting C compiler ABI info
-- Detecting C compiler ABI info - done
-- Check for working C compiler: /usr/bin/cc - skipped
-- Detecting C compile features
-- Detecting C compile features - done
-- Detecting CXX compiler ABI info
-- Detecting CXX compiler ABI info - done
-- Check for working CXX compiler: /usr/bin/c++ - skipped
-- Detecting CXX compile features
-- Detecting CXX compile features - done
-- gz-sim version 11.0.0~pre1
-- Operating system is Linux
-- Found CPack generators: DEB
-- Could NOT find libdw (missing: LIBDW_LIBRARY LIBDW_INCLUDE_DIR) 
-- Found libbfd: /usr/lib/x86_64-linux-gnu/libbfd.so  
-- Could NOT find libdwarf (missing: LIBDWARF_LIBRARY LIBDWARF_INCLUDE_DIR LIBELF_LIBRARY LIBELF_INCLUDE_DIR) 
-- Found Backward: $<BUILD_INTERFACE:/home/jrivero/code/my-agents.md/projects/ogre-migrator/ws/src/gz-sim/vendor/backward-cpp>;$<INSTALL_INTERFACE:include>  
-- Looking for display capabilities
--  + found a display available ($DISPLAY is set)
--  + found a valid dri display (glxinfo)
-- Looking for sdformat -- found version 17.0.0~pre1
-- Searching for dependencies of sdformat
-- Checking for module 'tinyxml2'
--   Found tinyxml2, version 10.0.0
-- Looking for gz-math -- found version 10.0.0
-- Searching for dependencies of gz-math
-- Looking for gz-utils -- found version 5.0.0~pre1
-- Searching for dependencies of gz-utils
-- Looking for gz-utils -- found version 5.0.0~pre1
-- Searching for dependencies of gz-utils
-- Searching for <gz-utils> component [cli]
-- Looking for gz-utils-cli -- found version 5.0.0~pre1
-- Searching for dependencies of gz-utils-cli
-- Looking for sdformat - found

-- Looking for gz-plugin -- found version 5.0.0~pre1
-- Searching for dependencies of gz-plugin
-- Looking for gz-utils -- found version 5.0.0~pre1
-- Searching for <gz-plugin> component [loader]
-- Looking for gz-plugin-loader -- found version 5.0.0~pre1
-- Searching for dependencies of gz-plugin-loader
-- Searching for <gz-plugin> component [register]
-- Looking for gz-plugin-register -- found version 5.0.0~pre1
-- Searching for dependencies of gz-plugin-register
-- Looking for gz-plugin - found

-- Looking for gz-transport -- found version 16.0.0~pre1
-- Searching for dependencies of gz-transport
-- Found Protobuf: /usr/lib/x86_64-linux-gnu/libprotobuf.so (found version "3.21.12") 
-- Config-file not installed for ZeroMQ -- checking for pkg-config
-- Checking for module 'libzmq >= 4'
--   Found libzmq, version 4.3.5
-- Found ZeroMQ: TRUE (Required is at least version "4") 
-- Checking for module 'uuid'
--   Found uuid, version 2.39.3
-- Found UUID: TRUE  
-- Looking for gz-utils -- found version 5.0.0~pre1
-- Looking for gz-msgs -- found version 13.0.0~pre1
-- Searching for dependencies of gz-msgs
-- Looking for gz-utils -- found version 5.0.0~pre1
-- Looking for gz-math -- found version 10.0.0
-- Found Python3: /usr/bin/python3 (found version "3.12.3") found components: Interpreter 
-- Searching for <gz-transport> component [log]
-- Looking for gz-transport-log -- found version 16.0.0~pre1
-- Searching for dependencies of gz-transport-log
-- Searching for <gz-transport> component [parameters]
-- Looking for gz-transport-parameters -- found version 16.0.0~pre1
-- Searching for dependencies of gz-transport-parameters
-- Looking for gz-transport - found

-- Looking for gz-msgs -- found version 13.0.0~pre1
-- Looking for gz-msgs - found

-- Looking for gz-common -- found version 8.0.0~pre1
-- Searching for dependencies of gz-common
-- Looking for gz-utils -- found version 5.0.0~pre1
-- Searching for dependencies of gz-utils
-- Searching for <gz-utils> component [log]
-- Looking for gz-utils-log -- found version 5.0.0~pre1
-- Searching for dependencies of gz-utils-log
-- Found Threads: TRUE  
-- Searching for <gz-common> component [av]
-- Looking for gz-common-av -- found version 8.0.0~pre1
-- Searching for dependencies of gz-common-av
-- Checking for module 'libswscale'
--   Found libswscale, version 7.5.100
-- Found SWSCALE: TRUE  
-- Checking for module 'libavdevice >= 56.4.100'
--   Found libavdevice, version 60.3.100
-- Found AVDEVICE: TRUE (Required is at least version "56.4.100") 
-- Checking for module 'libavformat'
--   Found libavformat, version 60.16.100
-- Found AVFORMAT: TRUE  
-- Checking for module 'libavcodec'
--   Found libavcodec, version 60.31.102
-- Found AVCODEC: TRUE  
-- Checking for module 'libavutil'
--   Found libavutil, version 58.29.100
-- Found AVUTIL: TRUE  
-- Searching for <gz-common> component [events]
-- Looking for gz-common-events -- found version 8.0.0~pre1
-- Searching for dependencies of gz-common-events
-- Looking for gz-math -- found version 10.0.0
-- Searching for <gz-common> component [graphics]
-- Looking for gz-common-graphics -- found version 8.0.0~pre1
-- Searching for dependencies of gz-common-graphics
-- Looking for gz-math -- found version 10.0.0
-- Found GzAssimp: TRUE (found version "5.3.0") 
-- Searching for <gz-common> component [io]
-- Looking for gz-common-io -- found version 8.0.0~pre1
-- Searching for dependencies of gz-common-io
-- Searching for <gz-common> component [profiler]
-- Looking for gz-common-profiler -- found version 8.0.0~pre1
-- Searching for dependencies of gz-common-profiler
-- Searching for <gz-common> component [testing]
-- Looking for gz-common-testing -- found version 8.0.0~pre1
-- Searching for dependencies of gz-common-testing
-- Looking for gz-common - found

-- Looking for gz-fuel_tools -- found version 12.0.0~pre1
-- Searching for dependencies of gz-fuel_tools
-- Found CURL: /usr/lib/x86_64-linux-gnu/libcurl.so (found version "8.5.0")  
-- Checking for module 'jsoncpp'
--   Found jsoncpp, version 1.9.5
-- Found JSONCPP: TRUE  
-- Checking for module 'yaml-0.1'
--   Found yaml-0.1, version 0.2.5
-- Found YAML: TRUE  
-- Checking for module 'libzip'
--   Found libzip, version 1.7.3
-- Found ZIP: TRUE  
-- Looking for gz-utils -- found version 5.0.0~pre1
-- Looking for gz-common -- found version 8.0.0~pre1
-- Looking for gz-math -- found version 10.0.0
-- Looking for gz-msgs -- found version 13.0.0~pre1
-- Looking for gz-fuel_tools - found

-- Looking for gz-gui -- found version 11.0.0~pre1
-- Searching for dependencies of gz-gui
-- Looking for gz-utils -- found version 5.0.0~pre1
-- Looking for gz-math -- found version 10.0.0
-- Looking for gz-common -- found version 8.0.0~pre1
-- Looking for gz-plugin -- found version 5.0.0~pre1
-- Looking for gz-transport -- found version 16.0.0~pre1
-- Looking for gz-rendering -- found version 11.0.0~pre1
-- Searching for dependencies of gz-rendering
-- Looking for gz-math -- found version 10.0.0
-- Searching for dependencies of gz-math
-- Looking for gz-utils -- found version 5.0.0~pre1
-- Searching for <gz-math> component [eigen3]
-- Looking for gz-math-eigen3 -- found version 10.0.0
-- Searching for dependencies of gz-math-eigen3
-- Looking for gz-common -- found version 8.0.0~pre1
-- Searching for dependencies of gz-common
-- Looking for gz-utils -- found version 5.0.0~pre1
-- Searching for <gz-common> component [graphics]
-- Searching for <gz-common> component [events]
-- Searching for <gz-common> component [profiler]
-- Searching for <gz-common> component [geospatial]
-- Looking for gz-common-geospatial -- found version 8.0.0~pre1
-- Searching for dependencies of gz-common-geospatial
-- Looking for gz-math -- found version 10.0.0
-- Looking for gz-common -- found version 8.0.0~pre1
-- Looking for gz-plugin -- found version 5.0.0~pre1
-- Searching for dependencies of gz-plugin
-- Looking for gz-utils -- found version 5.0.0~pre1
-- Searching for <gz-plugin> component [all]
-- Looking for all libraries of gz-plugin -- found version 5.0.0~pre1
-- Looking for gz-plugin -- found version 5.0.0~pre1
-- Looking for gz-utils -- found version 5.0.0~pre1
-- Found OpenGL: /usr/lib/x86_64-linux-gnu/libOpenGL.so  found components: OpenGL 
-- Looking for gz-msgs -- found version 13.0.0~pre1
-- Performing Test HAVE_STDATOMIC
-- Performing Test HAVE_STDATOMIC - Success
-- Found WrapAtomic: TRUE  
-- Found OpenGL: /usr/lib/x86_64-linux-gnu/libOpenGL.so   
-- Found WrapOpenGL: TRUE  
-- Found XKB: /usr/lib/x86_64-linux-gnu/libxkbcommon.so (found suitable version "1.6.0", minimum required is "0.5.0") 
-- Found WrapVulkanHeaders: /usr/include  
-- Looking for gz-gui - found

-- Looking for TINYXML2 - found

-- Looking for Qt6 - found

-- Looking for gz-physics -- found version 10.0.0~pre1
-- Searching for dependencies of gz-physics
-- Looking for gz-common -- found version 8.0.0~pre1
-- Looking for gz-math -- found version 10.0.0
-- Looking for gz-plugin -- found version 5.0.0~pre1
-- Looking for gz-utils -- found version 5.0.0~pre1
-- Searching for <gz-physics> component [heightmap]
-- Looking for gz-physics-heightmap -- found version 10.0.0~pre1
-- Searching for dependencies of gz-physics-heightmap
-- Looking for gz-common -- found version 8.0.0~pre1
-- Searching for <gz-physics> component [mesh]
-- Looking for gz-physics-mesh -- found version 10.0.0~pre1
-- Searching for dependencies of gz-physics-mesh
-- Looking for gz-common -- found version 8.0.0~pre1
-- Searching for <gz-physics> component [sdf]
-- Looking for gz-physics-sdf -- found version 10.0.0~pre1
-- Searching for dependencies of gz-physics-sdf
-- Looking for sdformat -- found version 17.0.0~pre1
-- Looking for gz-physics - found

-- Looking for gz-sensors -- found version 11.0.0~pre1
-- Searching for dependencies of gz-sensors
-- Looking for gz-math -- found version 10.0.0
-- Looking for gz-common -- found version 8.0.0~pre1
-- Looking for gz-transport -- found version 16.0.0~pre1
-- Looking for gz-rendering -- found version 11.0.0~pre1
-- Looking for gz-msgs -- found version 13.0.0~pre1
-- Looking for sdformat -- found version 17.0.0~pre1
-- Searching for <gz-sensors> component [air_pressure]
-- Looking for gz-sensors-air_pressure -- found version 11.0.0~pre1
-- Searching for dependencies of gz-sensors-air_pressure
-- Searching for <gz-sensors> component [air_speed]
-- Looking for gz-sensors-air_speed -- found version 11.0.0~pre1
-- Searching for dependencies of gz-sensors-air_speed
-- Searching for <gz-sensors> component [altimeter]
-- Looking for gz-sensors-altimeter -- found version 11.0.0~pre1
-- Searching for dependencies of gz-sensors-altimeter
-- Searching for <gz-sensors> component [imu]
-- Looking for gz-sensors-imu -- found version 11.0.0~pre1
-- Searching for dependencies of gz-sensors-imu
-- Searching for <gz-sensors> component [force_torque]
-- Looking for gz-sensors-force_torque -- found version 11.0.0~pre1
-- Searching for dependencies of gz-sensors-force_torque
-- Searching for <gz-sensors> component [logical_camera]
-- Looking for gz-sensors-logical_camera -- found version 11.0.0~pre1
-- Searching for dependencies of gz-sensors-logical_camera
-- Searching for <gz-sensors> component [magnetometer]
-- Looking for gz-sensors-magnetometer -- found version 11.0.0~pre1
-- Searching for dependencies of gz-sensors-magnetometer
-- Searching for <gz-sensors> component [navsat]
-- Looking for gz-sensors-navsat -- found version 11.0.0~pre1
-- Searching for dependencies of gz-sensors-navsat
-- Searching for <gz-sensors> component [dvl]
-- Looking for gz-sensors-dvl -- found version 11.0.0~pre1
-- Searching for dependencies of gz-sensors-dvl
-- Looking for gz-sensors -- found version 11.0.0~pre1
-- Searching for dependencies of gz-sensors
-- Looking for gz-math -- found version 10.0.0
-- Looking for gz-common -- found version 8.0.0~pre1
-- Looking for gz-transport -- found version 16.0.0~pre1
-- Looking for gz-rendering -- found version 11.0.0~pre1
-- Looking for gz-msgs -- found version 13.0.0~pre1
-- Looking for sdformat -- found version 17.0.0~pre1
-- Searching for <gz-sensors> component [rendering]
-- Looking for gz-sensors-rendering -- found version 11.0.0~pre1
-- Searching for dependencies of gz-sensors-rendering
-- Searching for <gz-sensors> component [rendering]
-- Searching for <gz-sensors> component [lidar]
-- Looking for gz-sensors-lidar -- found version 11.0.0~pre1
-- Searching for dependencies of gz-sensors-lidar
-- Looking for gz-sensors -- found version 11.0.0~pre1
-- Searching for <gz-sensors> component [gpu_lidar]
-- Looking for gz-sensors-gpu_lidar -- found version 11.0.0~pre1
-- Searching for dependencies of gz-sensors-gpu_lidar
-- Looking for gz-sensors -- found version 11.0.0~pre1
-- Searching for <gz-sensors> component [camera]
-- Looking for gz-sensors-camera -- found version 11.0.0~pre1
-- Searching for dependencies of gz-sensors-camera
-- Looking for gz-sensors -- found version 11.0.0~pre1
-- Searching for <gz-sensors> component [boundingbox_camera]
-- Looking for gz-sensors-boundingbox_camera -- found version 11.0.0~pre1
-- Searching for dependencies of gz-sensors-boundingbox_camera
-- Searching for <gz-sensors> component [segmentation_camera]
-- Looking for gz-sensors-segmentation_camera -- found version 11.0.0~pre1
-- Searching for dependencies of gz-sensors-segmentation_camera
-- Searching for <gz-sensors> component [depth_camera]
-- Looking for gz-sensors-depth_camera -- found version 11.0.0~pre1
-- Searching for dependencies of gz-sensors-depth_camera
-- Looking for gz-sensors -- found version 11.0.0~pre1
-- Searching for <gz-sensors> component [rgbd_camera]
-- Looking for gz-sensors-rgbd_camera -- found version 11.0.0~pre1
-- Searching for dependencies of gz-sensors-rgbd_camera
-- Looking for gz-sensors -- found version 11.0.0~pre1
-- Searching for <gz-sensors> component [thermal_camera]
-- Looking for gz-sensors-thermal_camera -- found version 11.0.0~pre1
-- Searching for dependencies of gz-sensors-thermal_camera
-- Looking for gz-sensors -- found version 11.0.0~pre1
-- Searching for <gz-sensors> component [wide_angle_camera]
-- Looking for gz-sensors-wide_angle_camera -- found version 11.0.0~pre1
-- Searching for dependencies of gz-sensors-wide_angle_camera
-- Looking for gz-sensors - found

-- Looking for gz-rendering -- found version 11.0.0~pre1
-- Looking for gz-rendering - found

-- Looking for gz-math -- found version 10.0.0
-- Looking for gz-math - found

-- Searching for gz program - found. CLI tests can be built.
-- Looking for gz-utils -- found version 5.0.0~pre1
-- Looking for gz-utils - found

-- Looking for libwebsockets - found

-- Looking for Protobuf - found

-- Searching for Python - found version .
-- Performing Test HAS_FLTO
-- Performing Test HAS_FLTO - Success
-- Searching for pybind11 - found version 2.11.1.
-- 
-- Searching for host SSE information
-- SSE2 found
-- SSE3 found
-- SSE4.1 found
-- SSE4.2 found
-- Configuring library: gz-sim-rendering
-- Performing Test COMPILER_HAS_HIDDEN_VISIBILITY
-- Performing Test COMPILER_HAS_HIDDEN_VISIBILITY - Success
-- Performing Test COMPILER_HAS_HIDDEN_INLINE_VISIBILITY
-- Performing Test COMPILER_HAS_HIDDEN_INLINE_VISIBILITY - Success
-- Performing Test COMPILER_HAS_DEPRECATED_ATTR
-- Performing Test COMPILER_HAS_DEPRECATED_ATTR - Success
-- Testing is disabled -- skipping UNIT tests
-- Testing is disabled -- skipping UNIT tests
-- Configuring library: gz-sim-gui
-- Testing is disabled -- skipping UNIT tests
-- Configuring library: gz-sim-ackermann-steering-system
-- Configuring library: gz-sim-acoustic-comms-system
-- Configuring library: gz-sim-advanced-lift-drag-system
-- Configuring library: gz-sim-air-pressure-system
-- Configuring library: gz-sim-air-speed-system
-- Configuring library: gz-sim-altimeter-system
-- Configuring library: gz-sim-apply-joint-force-system
-- Configuring library: gz-sim-apply-link-wrench-system
-- Configuring library: gz-sim-linearbatteryplugin-system
-- Configuring library: gz-sim-breadcrumbs-system
-- Configuring library: gz-sim-buoyancy-system
-- Configuring library: gz-sim-buoyancy-engine-system
-- Configuring library: gz-sim-collada-world-exporter-system
-- Configuring library: gz-sim-comms-endpoint-system
-- Configuring library: gz-sim-contact-system
-- Configuring library: gz-sim-camera-video-recorder-system
-- Configuring library: gz-sim-detachable-joint-system
-- Configuring library: gz-sim-diff-drive-system
-- Configuring library: gz-sim-drive-to-pose-controller-system
-- Configuring library: gz-sim-dvl-system
-- Configuring library: gz-sim-elevator-system
-- Configuring library: gz-sim-entity-semantics-system
-- Configuring library: gz-sim-environment-preload-system
-- Configuring library: gz-sim-environmental-sensor-system
-- Testing is disabled -- skipping UNIT tests
-- Configuring library: gz-sim-follow-actor-system
-- Configuring library: gz-sim-forcetorque-system
-- Configuring library: gz-sim-free-space-explorer-system
-- Configuring library: gz-sim-hydrodynamics-system
-- Testing is disabled -- skipping UNIT tests
-- Configuring library: gz-sim-imu-system
-- Configuring library: gz-sim-joint-controller-system
-- Configuring library: gz-sim-joint-position-controller-system
-- Configuring library: gz-sim-joint-state-publisher-system
-- Configuring library: gz-sim-joint-trajectory-controller-system
-- Configuring library: gz-sim-kinetic-energy-monitor-system
-- Configuring library: gz-sim-label-system
-- Configuring library: gz-sim-lens-flare-system
-- Configuring library: gz-sim-lift-drag-system
-- Configuring library: gz-sim-lighter_than_air_dynamics-system
-- Configuring library: gz-sim-log-system
-- Configuring library: gz-sim-log-video-recorder-system
-- Configuring library: gz-sim-logicalaudiosensorplugin-system
-- Testing is disabled -- skipping UNIT tests
-- Configuring library: gz-sim-logical-camera-system
-- Configuring library: gz-sim-lookup-wheel-slip-system
-- Configuring library: gz-sim-magnetometer-system
-- Configuring library: gz-sim-model-photo-shoot-system
-- Configuring library: gz-sim-mecanum-drive-system
-- Configuring library: gz-sim-multicopter-motor-model-system
-- Configuring library: gz-sim-multicopter-control-system
-- Configuring library: gz-sim-navsat-system
-- Configuring library: gz-sim-odometry-publisher-system
-- Configuring library: gz-sim-opticaltactileplugin-system
-- Configuring library: gz-sim-particle-emitter-system
-- Configuring library: gz-sim-performer-detector-system
-- Configuring library: gz-sim-perfect-comms-system
-- Configuring library: gz-sim-physics-system
-- Testing is disabled -- skipping UNIT tests
-- Configuring library: gz-sim-pose-publisher-system
-- Configuring library: gz-sim-python-system-loader-system
-- Configuring library: gz-sim-rf-comms-system
-- Configuring library: gz-sim-scene-broadcaster-system
-- Configuring library: gz-sim-sensors-system
-- Configuring library: gz-sim-shader-param-system
-- Configuring library: gz-sim-spacecraft-thruster-model-system
-- Configuring library: gz-sim-thermal-system
-- Configuring library: gz-sim-thermal-sensor-system
-- Configuring library: gz-sim-thruster-system
-- Configuring library: gz-sim-touchplugin-system
-- Configuring library: gz-sim-track-controller-system
-- Configuring library: gz-sim-tracked-vehicle-system
-- Configuring library: gz-sim-trajectory-follower-system
-- Configuring library: gz-sim-triggered-publisher-system
-- Configuring library: gz-sim-user-commands-system
-- Configuring library: gz-sim-velocity-control-system
-- Configuring library: gz-sim-websocket-server-system
-- Configuring library: gz-sim-wheel-slip-system
-- Configuring library: gz-sim-wind-effects-system
-- Configuring library: gz-sim
-- Testing is disabled -- skipping UNIT tests
-- Adding codecheck target
-- Build configuration successful
-- Build type: Release
-- Install prefix: /home/jrivero/code/my-agents.md/projects/ogre-migrator/ws/build-1.12/install
-- Found Doxygen: /usr/bin/doxygen (found version "1.9.8") found components: doxygen dot 
-- Configuring done (3.6s)
-- Generating done (0.6s)
-- Build files have been written to: /home/jrivero/code/my-agents.md/projects/ogre-migrator/ws/build-1.12/build/gz-sim
[  0%] Running protoc on /home/jrivero/code/my-agents.md/projects/ogre-migrator/ws/src/gz-sim/src/proto/gz/sim/private_msgs/simulation_step.proto
[  0%] Running protoc on /home/jrivero/code/my-agents.md/projects/ogre-migrator/ws/src/gz-sim/src/proto/gz/sim/private_msgs/peer_control.proto
[  1%] Running protoc on /home/jrivero/code/my-agents.md/projects/ogre-migrator/ws/src/gz-sim/src/proto/gz/sim/private_msgs/peer_info.proto
[  1%] Running protoc on /home/jrivero/code/my-agents.md/projects/ogre-migrator/ws/src/gz-sim/src/proto/gz/sim/private_msgs/performer_affinity.proto
[  1%] Building CXX object vendor/backward-cpp/CMakeFiles/backward_object.dir/backward.cpp.o
[  1%] Building CXX object vendor/backward-cpp/CMakeFiles/backward.dir/backward.cpp.o
[  1%] Built target gz-sim-gui_autogen_timestamp_deps
[  1%] Building CXX object python/CMakeFiles/common.dir/src/gz/common/_gz_common_pybind11.cc.o
[  1%] Building CXX object python/CMakeFiles/common.dir/src/gz/common/Console.cc.o
[  1%] Automatic MOC for target gz-sim-gui
[  1%] Running factory generator
[  2%] Building CXX object src/CMakeFiles/gz-sim.dir/Barrier.cc.o
[  2%] Building CXX object src/CMakeFiles/gz-sim.dir/EntityComponentManager.cc.o
[  2%] Building CXX object src/CMakeFiles/gz-sim.dir/BaseView.cc.o
[  2%] Building CXX object src/CMakeFiles/gz-sim.dir/Conversions.cc.o
[  2%] Building CXX object src/CMakeFiles/gz-sim.dir/Actor.cc.o
[  2%] Building CXX object src/CMakeFiles/gz-sim.dir/ComponentFactory.cc.o
[  3%] Building CXX object src/CMakeFiles/gz-sim.dir/EntityComponentManagerDiff.cc.o
[  3%] Building CXX object src/CMakeFiles/gz-sim.dir/Joint.cc.o
[  3%] Building CXX object src/CMakeFiles/gz-sim.dir/LevelManager.cc.o
[  2%] Building CXX object src/CMakeFiles/gz-sim.dir/InstallationDirectories.cc.o
[  3%] Building CXX object src/CMakeFiles/gz-sim.dir/Light.cc.o
[  4%] Building CXX object src/CMakeFiles/gz-sim.dir/Link.cc.o
[  4%] Building CXX object src/CMakeFiles/gz-sim.dir/MeshInertiaCalculator.cc.o
[  4%] Building CXX object src/CMakeFiles/gz-sim.dir/Model.cc.o
[  4%] Building CXX object src/CMakeFiles/gz-sim.dir/Primitives.cc.o
[  4%] Building CXX object src/CMakeFiles/gz-sim.dir/SdfEntityCreator.cc.o
[  4%] Built target gz-sim-gui_autogen
[  5%] Building CXX object src/CMakeFiles/gz-sim.dir/SdfGenerator.cc.o
[  5%] Building CXX object src/CMakeFiles/gz-sim.dir/Sensor.cc.o
[  5%] Building CXX object src/CMakeFiles/gz-sim.dir/Server.cc.o
[  6%] Linking CXX static library ../../lib/libbackward.a
[  7%] Linking CXX shared module ../lib/common.cpython-312-x86_64-linux-gnu.so
[  7%] Built target backward
[  7%] Building CXX object src/CMakeFiles/gz-sim.dir/ServerConfig.cc.o
[  7%] Built target backward_object
[  7%] Building CXX object src/CMakeFiles/gz-sim.dir/ServerPrivate.cc.o
lto-wrapper: warning: using serial compilation of 2 LTRANS jobs
lto-wrapper: note: see the ‘-flto’ option documentation for more information
[  8%] Building CXX object src/CMakeFiles/gz-sim.dir/SimulationRunner.cc.o
[  8%] Built target common
[  8%] Building CXX object src/CMakeFiles/gz-sim.dir/SystemLoader.cc.o
[  8%] Building CXX object src/CMakeFiles/gz-sim.dir/SystemManager.cc.o
[  8%] Building CXX object src/CMakeFiles/gz-sim.dir/TestFixture.cc.o
[  9%] Building CXX object src/CMakeFiles/gz-sim.dir/Util.cc.o
[  9%] Building CXX object src/CMakeFiles/gz-sim.dir/View.cc.o
[  9%] Building CXX object src/CMakeFiles/gz-sim.dir/World.cc.o
[  9%] Building CXX object src/CMakeFiles/gz-sim.dir/network/NetworkConfig.cc.o
[  9%] Building CXX object src/CMakeFiles/gz-sim.dir/network/NetworkManager.cc.o
[ 10%] Building CXX object src/CMakeFiles/gz-sim.dir/network/NetworkManagerPrimary.cc.o
[ 10%] Building CXX object src/CMakeFiles/gz-sim.dir/network/NetworkManagerSecondary.cc.o
[ 10%] Building CXX object src/CMakeFiles/gz-sim.dir/network/PeerInfo.cc.o
[ 10%] Building CXX object src/CMakeFiles/gz-sim.dir/network/PeerTracker.cc.o
[ 10%] Building CXX object src/CMakeFiles/gz-sim.dir/comms/Broker.cc.o
[ 11%] Building CXX object src/CMakeFiles/gz-sim.dir/comms/ICommsModel.cc.o
[ 11%] Building CXX object src/CMakeFiles/gz-sim.dir/comms/MsgManager.cc.o
[ 11%] Building CXX object src/CMakeFiles/gz-sim.dir/__/gz_msgs_gen/gz/sim/private_msgs/peer_control.pb.cc.o
[ 11%] Building CXX object src/CMakeFiles/gz-sim.dir/__/gz_msgs_gen/gz/sim/private_msgs/peer_info.pb.cc.o
[ 11%] Building CXX object src/CMakeFiles/gz-sim.dir/__/gz_msgs_gen/gz/sim/private_msgs/performer_affinity.pb.cc.o
[ 12%] Building CXX object src/CMakeFiles/gz-sim.dir/__/gz_msgs_gen/gz/sim/private_msgs/simulation_step.pb.cc.o
[ 12%] Building CXX object src/CMakeFiles/gz-sim.dir/__/gz_msgs_gen/gz/sim/private_msgs/register.cc.o
[ 12%] Building CXX object src/CMakeFiles/gz-sim.dir/rendering/MaterialParser/MaterialParser.cc.o
[ 12%] Building CXX object src/CMakeFiles/gz-sim.dir/rendering/MaterialParser/ConfigLoader.cc.o
[ 12%] Building CXX object src/CMakeFiles/gz-sim.dir/gz-sim_get_install_prefix_impl.cc.o
In file included from /usr/include/pybind11/pybind11.h:16,
                 from /home/jrivero/code/my-agents.md/projects/ogre-migrator/ws/src/gz-sim/src/SimulationRunner.cc:25:
In destructor ‘pybind11::gil_scoped_release::~gil_scoped_release()’,
    inlined from ‘constexpr void std::_Optional_payload_base<_Tp>::_M_destroy() [with _Tp = pybind11::gil_scoped_release]’ at /usr/include/c++/13/optional:287:35,
    inlined from ‘constexpr void std::_Optional_payload_base<_Tp>::_M_reset() [with _Tp = pybind11::gil_scoped_release]’ at /usr/include/c++/13/optional:318:14,
    inlined from ‘std::_Optional_payload<_Tp, false, _Copy, _Move>::~_Optional_payload() [with _Tp = pybind11::gil_scoped_release; bool _Copy = false; bool _Move = false]’ at /usr/include/c++/13/optional:441:65,
    inlined from ‘std::_Optional_base<pybind11::gil_scoped_release, false, false>::~_Optional_base()’ at /usr/include/c++/13/optional:512:12,
    inlined from ‘std::optional<pybind11::gil_scoped_release>::~optional()’ at /usr/include/c++/13/optional:707:11,
    inlined from ‘{anonymous}::MaybeGilScopedRelease::~MaybeGilScopedRelease()’ at /home/jrivero/code/my-agents.md/projects/ogre-migrator/ws/src/gz-sim/src/SimulationRunner.cc:85:8,
    inlined from ‘{anonymous}::MaybeGilScopedRelease::~MaybeGilScopedRelease()’ at /home/jrivero/code/my-agents.md/projects/ogre-migrator/ws/src/gz-sim/src/SimulationRunner.cc:85:8,
    inlined from ‘void gz::sim::v11::SimulationRunner::UpdateSystems()’ at /home/jrivero/code/my-agents.md/projects/ogre-migrator/ws/src/gz-sim/src/SimulationRunner.cc:667:5:
/usr/include/pybind11/gil.h:171:33: warning: ‘*(pybind11::gil_scoped_release*)((char*)&release + offsetof(<unnamed>::MaybeGilScopedRelease, <unnamed>::MaybeGilScopedRelease::release.std::optional<pybind11::gil_scoped_release>::<unnamed>.std::_Optional_base<pybind11::gil_scoped_release, false, false>::<unnamed>)).pybind11::gil_scoped_release::tstate’ may be used uninitialized [-Wmaybe-uninitialized]
  171 |             PyEval_RestoreThread(tstate);
      |             ~~~~~~~~~~~~~~~~~~~~^~~~~~~~
/home/jrivero/code/my-agents.md/projects/ogre-migrator/ws/src/gz-sim/src/SimulationRunner.cc: In member function ‘void gz::sim::v11::SimulationRunner::UpdateSystems()’:
/home/jrivero/code/my-agents.md/projects/ogre-migrator/ws/src/gz-sim/src/SimulationRunner.cc:664:29: note: ‘*(pybind11::gil_scoped_release*)((char*)&release + offsetof(<unnamed>::MaybeGilScopedRelease, <unnamed>::MaybeGilScopedRelease::release.std::optional<pybind11::gil_scoped_release>::<unnamed>.std::_Optional_base<pybind11::gil_scoped_release, false, false>::<unnamed>)).pybind11::gil_scoped_release::tstate’ was declared here
  664 |       MaybeGilScopedRelease release;
      |                             ^~~~~~~
[ 13%] Linking CXX shared library ../lib/libgz-sim.so
[ 13%] Built target gz-sim
[ 13%] Automatic RCC for resources/gazebo.qrc
[ 14%] Building CXX object src/systems/advanced_lift_drag/CMakeFiles/gz-sim-advanced-lift-drag-system.dir/AdvancedLiftDrag.cc.o
[ 14%] Building CXX object src/rendering/CMakeFiles/gz-sim-rendering.dir/MarkerManager.cc.o
[ 14%] Building CXX object src/systems/ackermann_steering/CMakeFiles/gz-sim-ackermann-steering-system.dir/AckermannSteering.cc.o
[ 14%] Building CXX object src/systems/acoustic_comms/CMakeFiles/gz-sim-acoustic-comms-system.dir/AcousticComms.cc.o
[ 14%] Building CXX object src/systems/air_pressure/CMakeFiles/gz-sim-air-pressure-system.dir/AirPressure.cc.o
[ 14%] Building CXX object src/systems/air_speed/CMakeFiles/gz-sim-air-speed-system.dir/AirSpeed.cc.o
[ 14%] Building CXX object src/systems/altimeter/CMakeFiles/gz-sim-altimeter-system.dir/Altimeter.cc.o
[ 14%] Generating __/__/include/gz/sim/gui/moc_GuiSystem.cpp
[ 15%] Building CXX object src/gui/CMakeFiles/gz-sim-gui.dir/gz-sim-gui_autogen/mocs_compilation.cpp.o
[ 16%] Building CXX object src/systems/buoyancy_engine/CMakeFiles/gz-sim-buoyancy-engine-system.dir/BuoyancyEngine.cc.o
[ 16%] Building CXX object src/systems/buoyancy/CMakeFiles/gz-sim-buoyancy-system.dir/Buoyancy.cc.o
[ 16%] Building CXX object src/systems/collada_world_exporter/CMakeFiles/gz-sim-collada-world-exporter-system.dir/ColladaWorldExporter.cc.o
[ 16%] Building CXX object src/systems/comms_endpoint/CMakeFiles/gz-sim-comms-endpoint-system.dir/CommsEndpoint.cc.o
[ 16%] Building CXX object src/systems/breadcrumbs/CMakeFiles/gz-sim-breadcrumbs-system.dir/Breadcrumbs.cc.o
[ 17%] Building CXX object src/systems/battery_plugin/CMakeFiles/gz-sim-linearbatteryplugin-system.dir/LinearBatteryPlugin.cc.o
[ 17%] Building CXX object src/systems/apply_joint_force/CMakeFiles/gz-sim-apply-joint-force-system.dir/ApplyJointForce.cc.o
[ 17%] Building CXX object src/systems/apply_link_wrench/CMakeFiles/gz-sim-apply-link-wrench-system.dir/ApplyLinkWrench.cc.o
[ 17%] Building CXX object src/gui/CMakeFiles/gz-sim-gui.dir/AboutDialogHandler.cc.o
[ 17%] Building CXX object src/rendering/CMakeFiles/gz-sim-rendering.dir/RenderUtil.cc.o
[ 17%] Linking CXX shared library ../../../lib/libgz-sim-acoustic-comms-system.so
[ 17%] Built target gz-sim-acoustic-comms-system
[ 17%] Building CXX object src/gui/CMakeFiles/gz-sim-gui.dir/Gui.cc.o
[ 17%] Linking CXX shared library ../../../lib/libgz-sim-comms-endpoint-system.so
[ 17%] Linking CXX shared library ../../../lib/libgz-sim-buoyancy-engine-system.so
[ 17%] Linking CXX shared library ../../../lib/libgz-sim-air-pressure-system.so
[ 17%] Built target gz-sim-comms-endpoint-system
[ 18%] Building CXX object src/systems/contact/CMakeFiles/gz-sim-contact-system.dir/Contact.cc.o
[ 18%] Built target gz-sim-buoyancy-engine-system
[ 18%] Building CXX object src/gui/CMakeFiles/gz-sim-gui.dir/GuiEvents.cc.o
[ 18%] Built target gz-sim-air-pressure-system
[ 19%] Building CXX object src/rendering/CMakeFiles/gz-sim-rendering.dir/SceneManager.cc.o
[ 20%] Linking CXX shared library ../../../lib/libgz-sim-air-speed-system.so
[ 20%] Linking CXX shared library ../../../lib/libgz-sim-altimeter-system.so
[ 20%] Built target gz-sim-air-speed-system
[ 20%] Building CXX object src/gui/CMakeFiles/gz-sim-gui.dir/GuiFileHandler.cc.o
[ 20%] Built target gz-sim-altimeter-system
[ 20%] Building CXX object src/rendering/CMakeFiles/gz-sim-rendering.dir/WrenchVisualizer.cc.o
[ 20%] Linking CXX shared library ../../../lib/libgz-sim-ackermann-steering-system.so
[ 20%] Linking CXX shared library ../../../lib/libgz-sim-advanced-lift-drag-system.so
[ 20%] Built target gz-sim-ackermann-steering-system
[ 21%] Building CXX object src/gui/CMakeFiles/gz-sim-gui.dir/GuiRunner.cc.o
[ 21%] Built target gz-sim-advanced-lift-drag-system
[ 21%] Building CXX object src/gui/CMakeFiles/gz-sim-gui.dir/QuickStartHandler.cc.o
[ 21%] Building CXX object src/gui/CMakeFiles/gz-sim-gui.dir/PathManager.cc.o
[ 21%] Linking CXX shared library ../../../lib/libgz-sim-apply-joint-force-system.so
[ 21%] Linking CXX shared library ../../../lib/libgz-sim-apply-link-wrench-system.so
[ 21%] Building CXX object src/systems/detachable_joint/CMakeFiles/gz-sim-detachable-joint-system.dir/DetachableJoint.cc.o
[ 21%] Built target gz-sim-apply-joint-force-system
[ 21%] Building CXX object src/gui/CMakeFiles/gz-sim-gui.dir/__/__/include/gz/sim/gui/moc_GuiSystem.cpp.o
[ 21%] Linking CXX shared library ../../../lib/libgz-sim-collada-world-exporter-system.so
[ 21%] Building CXX object src/systems/diff_drive/CMakeFiles/gz-sim-diff-drive-system.dir/DiffDrive.cc.o
[ 21%] Built target gz-sim-apply-link-wrench-system
[ 21%] Building CXX object src/gui/CMakeFiles/gz-sim-gui.dir/gz-sim-gui_autogen/3YJK5W5UP7/qrc_gazebo.cpp.o
[ 21%] Built target gz-sim-collada-world-exporter-system
[ 21%] Building CXX object src/systems/drive_to_pose_controller/CMakeFiles/gz-sim-drive-to-pose-controller-system.dir/DriveToPoseController.cc.o
[ 21%] Linking CXX shared library ../../../lib/libgz-sim-buoyancy-system.so
[ 21%] Built target gz-sim-buoyancy-system
[ 21%] Building CXX object src/systems/dvl/CMakeFiles/gz-sim-dvl-system.dir/DopplerVelocityLogSystem.cc.o
[ 21%] Linking CXX shared library ../../../lib/libgz-sim-linearbatteryplugin-system.so
[ 22%] Building CXX object src/systems/elevator/CMakeFiles/gz-sim-elevator-system.dir/Elevator.cc.o
[ 22%] Built target gz-sim-linearbatteryplugin-system
[ 22%] Building CXX object src/systems/elevator/CMakeFiles/gz-sim-elevator-system.dir/utils/DoorTimer.cc.o
[ 22%] Linking CXX shared library ../../../lib/libgz-sim-breadcrumbs-system.so
[ 22%] Built target gz-sim-breadcrumbs-system
[ 22%] Building CXX object src/systems/elevator/CMakeFiles/gz-sim-elevator-system.dir/utils/JointMonitor.cc.o
[ 22%] Building CXX object src/systems/entity_semantics/CMakeFiles/gz-sim-entity-semantics-system.dir/EntitySemantics.cc.o
[ 22%] Building CXX object src/systems/environment_preload/CMakeFiles/gz-sim-environment-preload-system.dir/EnvironmentPreload.cc.o
[ 22%] Linking CXX shared library ../../../lib/libgz-sim-drive-to-pose-controller-system.so
[ 22%] Built target gz-sim-drive-to-pose-controller-system
[ 22%] Building CXX object src/systems/environment_preload/CMakeFiles/gz-sim-environment-preload-system.dir/VisualizationTool.cc.o
[ 22%] Linking CXX shared library ../../../lib/libgz-sim-contact-system.so
[ 22%] Building CXX object src/systems/environmental_sensor_system/CMakeFiles/gz-sim-environmental-sensor-system.dir/EnvironmentalSensorSystem.cc.o
[ 22%] Building CXX object src/systems/follow_actor/CMakeFiles/gz-sim-follow-actor-system.dir/FollowActor.cc.o
[ 22%] Built target gz-sim-contact-system
[ 22%] Building CXX object src/systems/force_torque/CMakeFiles/gz-sim-forcetorque-system.dir/ForceTorque.cc.o
[ 23%] Building CXX object src/systems/free_space_explorer/CMakeFiles/gz-sim-free-space-explorer-system.dir/FreeSpaceExplorer.cc.o
[ 23%] Building CXX object src/systems/hydrodynamics/CMakeFiles/gz-sim-hydrodynamics-system.dir/Hydrodynamics.cc.o
[ 23%] Building CXX object src/systems/imu/CMakeFiles/gz-sim-imu-system.dir/Imu.cc.o
[ 23%] Building CXX object src/systems/joint_controller/CMakeFiles/gz-sim-joint-controller-system.dir/JointController.cc.o
[ 23%] Linking CXX shared library ../../../lib/libgz-sim-detachable-joint-system.so
[ 24%] Linking CXX shared library ../../../lib/libgz-sim-diff-drive-system.so
[ 24%] Built target gz-sim-detachable-joint-system
[ 25%] Building CXX object src/systems/joint_position_controller/CMakeFiles/gz-sim-joint-position-controller-system.dir/JointPositionController.cc.o
[ 25%] Built target gz-sim-diff-drive-system
[ 25%] Building CXX object src/systems/joint_state_publisher/CMakeFiles/gz-sim-joint-state-publisher-system.dir/JointStatePublisher.cc.o
[ 25%] Building CXX object src/systems/joint_traj_control/CMakeFiles/gz-sim-joint-trajectory-controller-system.dir/JointTrajectoryController.cc.o
[ 26%] Linking CXX shared library ../../../lib/libgz-sim-entity-semantics-system.so
[ 26%] Built target gz-sim-entity-semantics-system
[ 26%] Building CXX object src/systems/kinetic_energy_monitor/CMakeFiles/gz-sim-kinetic-energy-monitor-system.dir/KineticEnergyMonitor.cc.o
[ 26%] Linking CXX shared library ../../../lib/libgz-sim-free-space-explorer-system.so
[ 26%] Linking CXX shared library ../../../lib/libgz-sim-dvl-system.so
[ 26%] Linking CXX shared library ../../../lib/libgz-sim-environment-preload-system.so
[ 26%] Built target gz-sim-free-space-explorer-system
[ 26%] Building CXX object src/systems/label/CMakeFiles/gz-sim-label-system.dir/Label.cc.o
[ 26%] Built target gz-sim-dvl-system
[ 26%] Building CXX object src/systems/lift_drag/CMakeFiles/gz-sim-lift-drag-system.dir/LiftDrag.cc.o
[ 26%] Built target gz-sim-environment-preload-system
[ 27%] Building CXX object src/systems/lighter_than_air_dynamics/CMakeFiles/gz-sim-lighter_than_air_dynamics-system.dir/LighterThanAirDynamics.cc.o
[ 27%] Linking CXX shared library ../../../lib/libgz-sim-follow-actor-system.so
[ 27%] Built target gz-sim-follow-actor-system
[ 27%] Building CXX object src/systems/log/CMakeFiles/gz-sim-log-system.dir/LogRecord.cc.o
[ 27%] Linking CXX shared library ../../../lib/libgz-sim-forcetorque-system.so
[ 28%] Linking CXX shared library ../../../lib/libgz-sim-environmental-sensor-system.so
[ 28%] Built target gz-sim-forcetorque-system
[ 29%] Building CXX object src/systems/log/CMakeFiles/gz-sim-log-system.dir/LogPlayback.cc.o
[ 29%] Built target gz-sim-environmental-sensor-system
[ 29%] Building CXX object src/systems/log_video_recorder/CMakeFiles/gz-sim-log-video-recorder-system.dir/LogVideoRecorder.cc.o
[ 29%] Linking CXX shared library ../../../lib/libgz-sim-joint-controller-system.so
[ 29%] Built target gz-sim-joint-controller-system
[ 29%] Linking CXX shared library ../../../lib/libgz-sim-imu-system.so
[ 29%] Building CXX object src/systems/logical_audio_sensor_plugin/CMakeFiles/gz-sim-logicalaudiosensorplugin-system.dir/LogicalAudioSensorPlugin.cc.o
[ 29%] Built target gz-sim-imu-system
[ 29%] Building CXX object src/systems/logical_audio_sensor_plugin/CMakeFiles/gz-sim-logicalaudiosensorplugin-system.dir/LogicalAudio.cc.o
[ 29%] Linking CXX shared library ../../../lib/libgz-sim-elevator-system.so
[ 29%] Linking CXX shared library ../../../lib/libgz-sim-joint-position-controller-system.so
[ 29%] Linking CXX shared library ../../../lib/libgz-sim-joint-state-publisher-system.so
[ 30%] Linking CXX shared library ../../../lib/libgz-sim-hydrodynamics-system.so
[ 30%] Linking CXX shared library ../../lib/libgz-sim-rendering.so
[ 30%] Built target gz-sim-joint-position-controller-system
[ 30%] Building CXX object src/systems/logical_camera/CMakeFiles/gz-sim-logical-camera-system.dir/LogicalCamera.cc.o
[ 30%] Built target gz-sim-elevator-system
[ 30%] Building CXX object src/systems/lookup_wheel_slip/CMakeFiles/gz-sim-lookup-wheel-slip-system.dir/LookupWheelSlip.cc.o
[ 30%] Built target gz-sim-hydrodynamics-system
[ 30%] Built target gz-sim-joint-state-publisher-system
[ 30%] Building CXX object src/systems/magnetometer/CMakeFiles/gz-sim-magnetometer-system.dir/Magnetometer.cc.o
[ 31%] Building CXX object src/systems/model_photo_shoot/CMakeFiles/gz-sim-model-photo-shoot-system.dir/ModelPhotoShoot.cc.o
[ 31%] Built target gz-sim-rendering
[ 32%] Building CXX object src/systems/mecanum_drive/CMakeFiles/gz-sim-mecanum-drive-system.dir/MecanumDrive.cc.o
[ 32%] Linking CXX shared library ../../../lib/libgz-sim-kinetic-energy-monitor-system.so
[ 32%] Building CXX object src/systems/multicopter_motor_model/CMakeFiles/gz-sim-multicopter-motor-model-system.dir/MulticopterMotorModel.cc.o
[ 32%] Built target gz-sim-kinetic-energy-monitor-system
[ 32%] Building CXX object src/systems/multicopter_control/CMakeFiles/gz-sim-multicopter-control-system.dir/MulticopterVelocityControl.cc.o
[ 32%] Linking CXX shared library ../../../lib/libgz-sim-label-system.so
[ 32%] Built target gz-sim-label-system
[ 32%] Building CXX object src/systems/multicopter_control/CMakeFiles/gz-sim-multicopter-control-system.dir/Common.cc.o
[ 33%] Linking CXX shared library ../../../lib/libgz-sim-joint-trajectory-controller-system.so
[ 33%] Built target gz-sim-joint-trajectory-controller-system
[ 33%] Linking CXX shared library ../../../lib/libgz-sim-lighter_than_air_dynamics-system.so
[ 33%] Linking CXX shared library ../../../lib/libgz-sim-lift-drag-system.so
[ 33%] Built target gz-sim-lighter_than_air_dynamics-system
[ 33%] Building CXX object src/systems/navsat/CMakeFiles/gz-sim-navsat-system.dir/NavSat.cc.o
[ 33%] Built target gz-sim-lift-drag-system
[ 34%] Building CXX object src/systems/odometry_publisher/CMakeFiles/gz-sim-odometry-publisher-system.dir/OdometryPublisher.cc.o
[ 34%] Building CXX object src/systems/optical_tactile_plugin/CMakeFiles/gz-sim-opticaltactileplugin-system.dir/OpticalTactilePlugin.cc.o
[ 34%] Linking CXX shared library ../../../lib/libgz-sim-log-video-recorder-system.so
[ 34%] Built target gz-sim-log-video-recorder-system
[ 34%] Building CXX object src/systems/particle_emitter/CMakeFiles/gz-sim-particle-emitter-system.dir/ParticleEmitter.cc.o
[ 34%] Linking CXX shared library ../../../lib/libgz-sim-log-system.so
[ 35%] Linking CXX shared library ../../../lib/libgz-sim-lookup-wheel-slip-system.so
[ 35%] Built target gz-sim-log-system
[ 35%] Building CXX object src/systems/optical_tactile_plugin/CMakeFiles/gz-sim-opticaltactileplugin-system.dir/Visualization.cc.o
[ 35%] Built target gz-sim-lookup-wheel-slip-system
[ 36%] Building CXX object src/systems/performer_detector/CMakeFiles/gz-sim-performer-detector-system.dir/PerformerDetector.cc.o
[ 36%] Linking CXX shared library ../../../lib/libgz-sim-model-photo-shoot-system.so
[ 36%] Built target gz-sim-model-photo-shoot-system
[ 36%] Building CXX object src/systems/perfect_comms/CMakeFiles/gz-sim-perfect-comms-system.dir/PerfectComms.cc.o
[ 36%] Linking CXX shared library ../../../lib/libgz-sim-logicalaudiosensorplugin-system.so
[ 36%] Linking CXX shared library ../../../lib/libgz-sim-magnetometer-system.so
[ 36%] Linking CXX shared library ../../../lib/libgz-sim-mecanum-drive-system.so
[ 37%] Linking CXX shared library ../../lib/libgz-sim-gui.so
[ 38%] Linking CXX shared library ../../../lib/libgz-sim-logical-camera-system.so
[ 38%] Built target gz-sim-logicalaudiosensorplugin-system
[ 38%] Building CXX object src/systems/physics/CMakeFiles/gz-sim-physics-system.dir/Physics.cc.o
[ 38%] Built target gz-sim-mecanum-drive-system
[ 38%] Built target gz-sim-magnetometer-system
[ 38%] Building CXX object src/systems/pose_publisher/CMakeFiles/gz-sim-pose-publisher-system.dir/PosePublisher.cc.o
[ 38%] Building CXX object src/systems/python_system_loader/CMakeFiles/gz-sim-python-system-loader-system.dir/PythonSystemLoader.cc.o
[ 38%] Built target gz-sim-logical-camera-system
[ 38%] Building CXX object src/systems/rf_comms/CMakeFiles/gz-sim-rf-comms-system.dir/RFComms.cc.o
[ 38%] Built target gz-sim-gui
[ 38%] Linking CXX shared library ../../../lib/libgz-sim-odometry-publisher-system.so
[ 38%] Linking CXX shared library ../../../lib/libgz-sim-multicopter-motor-model-system.so
[ 39%] Building CXX object src/systems/scene_broadcaster/CMakeFiles/gz-sim-scene-broadcaster-system.dir/SceneBroadcaster.cc.o
[ 39%] Built target gz-sim-odometry-publisher-system
[ 39%] Building CXX object src/systems/sensors/CMakeFiles/gz-sim-sensors-system.dir/Sensors.cc.o
[ 39%] Built target gz-sim-multicopter-motor-model-system
[ 39%] Building CXX object src/systems/shader_param/CMakeFiles/gz-sim-shader-param-system.dir/ShaderParam.cc.o
[ 39%] Linking CXX shared library ../../../lib/libgz-sim-navsat-system.so
[ 39%] Building CXX object src/systems/multicopter_control/CMakeFiles/gz-sim-multicopter-control-system.dir/LeeVelocityController.cc.o
[ 39%] Built target gz-sim-navsat-system
[ 39%] Building CXX object src/systems/spacecraft_thruster_model/CMakeFiles/gz-sim-spacecraft-thruster-model-system.dir/SpacecraftThrusterModel.cc.o
[ 39%] Building CXX object src/systems/thermal/CMakeFiles/gz-sim-thermal-system.dir/Thermal.cc.o
[ 39%] Building CXX object src/systems/thermal/CMakeFiles/gz-sim-thermal-sensor-system.dir/ThermalSensor.cc.o
[ 40%] Building CXX object src/systems/thruster/CMakeFiles/gz-sim-thruster-system.dir/Thruster.cc.o
[ 40%] Linking CXX shared library ../../../lib/libgz-sim-perfect-comms-system.so
[ 40%] Built target gz-sim-perfect-comms-system
[ 40%] Building CXX object src/systems/touch_plugin/CMakeFiles/gz-sim-touchplugin-system.dir/TouchPlugin.cc.o
[ 40%] Linking CXX shared library ../../../lib/libgz-sim-particle-emitter-system.so
[ 41%] Linking CXX shared library ../../../lib/libgz-sim-opticaltactileplugin-system.so
[ 41%] Linking CXX shared library ../../../lib/libgz-sim-rf-comms-system.so
[ 41%] Built target gz-sim-particle-emitter-system
[ 42%] Building CXX object src/systems/track_controller/CMakeFiles/gz-sim-track-controller-system.dir/TrackController.cc.o
[ 42%] Built target gz-sim-opticaltactileplugin-system
[ 42%] Built target gz-sim-rf-comms-system
[ 42%] Building CXX object src/systems/tracked_vehicle/CMakeFiles/gz-sim-tracked-vehicle-system.dir/TrackedVehicle.cc.o
[ 42%] Building CXX object src/systems/trajectory_follower/CMakeFiles/gz-sim-trajectory-follower-system.dir/TrajectoryFollower.cc.o
[ 42%] Linking CXX shared library ../../../lib/libgz-sim-performer-detector-system.so
[ 42%] Built target gz-sim-performer-detector-system
[ 42%] Building CXX object src/systems/triggered_publisher/CMakeFiles/gz-sim-triggered-publisher-system.dir/TriggeredPublisher.cc.o
[ 42%] Linking CXX shared library ../../../lib/libgz-sim-python-system-loader-system.so
[ 42%] Built target gz-sim-python-system-loader-system
[ 42%] Building CXX object src/systems/user_commands/CMakeFiles/gz-sim-user-commands-system.dir/UserCommands.cc.o
[ 43%] Linking CXX shared library ../../../lib/libgz-sim-multicopter-control-system.so
[ 43%] Linking CXX shared library ../../../lib/libgz-sim-thermal-sensor-system.so
[ 43%] Linking CXX shared library ../../../lib/libgz-sim-shader-param-system.so
[ 43%] Linking CXX shared library ../../../lib/libgz-sim-thermal-system.so
[ 43%] Built target gz-sim-shader-param-system
[ 43%] Built target gz-sim-thermal-sensor-system
[ 44%] Building CXX object src/systems/velocity_control/CMakeFiles/gz-sim-velocity-control-system.dir/VelocityControl.cc.o
[ 44%] Building CXX object src/systems/websocket_server/CMakeFiles/gz-sim-websocket-server-system.dir/WebsocketServer.cc.o
[ 44%] Built target gz-sim-multicopter-control-system
[ 44%] Building CXX object src/systems/wheel_slip/CMakeFiles/gz-sim-wheel-slip-system.dir/WheelSlip.cc.o
[ 45%] Linking CXX shared library ../../../lib/libgz-sim-pose-publisher-system.so
[ 45%] Built target gz-sim-thermal-system
[ 45%] Building CXX object src/systems/wind_effects/CMakeFiles/gz-sim-wind-effects-system.dir/WindEffects.cc.o
[ 46%] Linking CXX shared library ../../../lib/libgz-sim-spacecraft-thruster-model-system.so
[ 46%] Built target gz-sim-pose-publisher-system
[ 46%] Building CXX object src/cmd/CMakeFiles/gz-sim-model.dir/model_main.cc.o
[ 46%] Built target gz-sim-spacecraft-thruster-model-system
[ 46%] Building CXX object src/cmd/CMakeFiles/gz-sim-model.dir/ModelCommandAPI.cc.o
[ 46%] Linking CXX shared library ../../../lib/libgz-sim-sensors-system.so
[ 46%] Linking CXX shared library ../../../lib/libgz-sim-triggered-publisher-system.so
[ 47%] Linking CXX shared library ../../../lib/libgz-sim-trajectory-follower-system.so
[ 47%] Built target gz-sim-triggered-publisher-system
[ 47%] Built target gz-sim-sensors-system
[ 47%] Linking CXX shared library ../../../lib/libgz-sim-touchplugin-system.so
[ 47%] Built target gz-sim-trajectory-follower-system
[ 47%] Linking CXX shared library ../../../lib/libgz-sim-thruster-system.so
[ 47%] Built target gz-sim-touchplugin-system
[ 47%] Built target gz-sim-thruster-system
[ 47%] Linking CXX shared library ../../../lib/libgz-sim-velocity-control-system.so
[ 47%] Built target gz-sim-velocity-control-system
[ 47%] Linking CXX shared library ../../../lib/libgz-sim-scene-broadcaster-system.so
[ 47%] Built target gz-sim-scene-broadcaster-system
[ 47%] Generating qrc_ApplyForceTorque.cpp
[ 47%] Generating qrc_AlignTool.cpp
[ 47%] Generating moc_ApplyForceTorque.cpp
[ 47%] Generating qrc_EntityContextMenu.cpp
[ 47%] Generating moc_EntityContextMenu.cpp
[ 47%] Generating moc_AlignTool.cpp
[ 47%] Building CXX object src/gui/plugins/apply_force_torque/CMakeFiles/ApplyForceTorque.dir/ApplyForceTorque.cc.o
[ 47%] Building CXX object src/gui/plugins/modules/CMakeFiles/EntityContextMenu.dir/EntityContextMenu.cc.o
[ 47%] Building CXX object src/gui/plugins/align_tool/CMakeFiles/AlignTool.dir/AlignTool.cc.o
[ 47%] Linking CXX shared library ../../../lib/libgz-sim-tracked-vehicle-system.so
[ 47%] Linking CXX shared library ../../../lib/libgz-sim-websocket-server-system.so
[ 47%] Generating qrc_BananaForScale.cpp
[ 47%] Built target gz-sim-tracked-vehicle-system
[ 47%] Generating moc_BananaForScale.cpp
[ 47%] Building CXX object python/CMakeFiles/sim.dir/src/gz/sim/_gz_sim_pybind11.cc.o
[ 48%] Building CXX object src/gui/plugins/modules/CMakeFiles/EntityContextMenu.dir/moc_EntityContextMenu.cpp.o
[ 48%] Building CXX object src/cmd/CMakeFiles/gz-sim-server.dir/sim_main.cc.o
[ 49%] Building CXX object src/gui/plugins/banana_for_scale/CMakeFiles/BananaForScale.dir/BananaForScale.cc.o
[ 49%] Built target gz-sim-websocket-server-system
[ 50%] Building CXX object src/gui/plugins/apply_force_torque/CMakeFiles/ApplyForceTorque.dir/moc_ApplyForceTorque.cpp.o
[ 50%] Building CXX object src/cmd/CMakeFiles/gz.dir/gz.cc.o
[ 51%] Linking CXX shared library ../../../lib/libgz-sim-wheel-slip-system.so
[ 51%] Building CXX object src/gui/plugins/modules/CMakeFiles/EntityContextMenu.dir/qrc_EntityContextMenu.cpp.o
[ 51%] Building CXX object src/gui/plugins/align_tool/CMakeFiles/AlignTool.dir/moc_AlignTool.cpp.o
[ 51%] Linking CXX shared library ../../../lib/libgz-sim-track-controller-system.so
[ 51%] Built target gz-sim-wheel-slip-system
[ 51%] Building CXX object python/CMakeFiles/sim.dir/src/gz/sim/Actor.cc.o
[ 51%] Linking CXX executable ../../bin/gz-sim-model
[ 51%] Built target gz-sim-track-controller-system
[ 52%] Building CXX object src/cmd/CMakeFiles/gz-sim-server.dir/gz.cc.o
[ 52%] Built target gz-sim-model
[ 52%] Building CXX object src/gui/plugins/apply_force_torque/CMakeFiles/ApplyForceTorque.dir/qrc_ApplyForceTorque.cpp.o
[ 52%] Building CXX object src/gui/plugins/banana_for_scale/CMakeFiles/BananaForScale.dir/moc_BananaForScale.cpp.o
[ 52%] Linking CXX shared library ../../../lib/libgz-sim-wind-effects-system.so
[ 52%] Built target gz-sim-wind-effects-system
[ 53%] Building CXX object src/gui/plugins/align_tool/CMakeFiles/AlignTool.dir/qrc_AlignTool.cpp.o
[ 54%] Building CXX object python/CMakeFiles/sim.dir/src/gz/sim/EntityComponentManager.cc.o
[ 54%] Generating qrc_ComponentInspector.cpp
[ 54%] Generating moc_ComponentInspector.cpp
[ 55%] Generating moc_Inertial.cpp
[ 55%] Generating moc_Pose3d.cpp
[ 55%] Generating moc_SystemPluginInfo.cpp
[ 55%] Building CXX object src/gui/plugins/component_inspector/CMakeFiles/ComponentInspector.dir/ComponentInspector.cc.o
[ 55%] Building CXX object src/gui/plugins/banana_for_scale/CMakeFiles/BananaForScale.dir/qrc_BananaForScale.cpp.o
[ 55%] Building CXX object python/CMakeFiles/sim.dir/src/gz/sim/EventManager.cc.o
[ 55%] Linking CXX shared library ../../../lib/libgz-sim-user-commands-system.so
[ 55%] Built target gz-sim-user-commands-system
[ 55%] Building CXX object python/CMakeFiles/sim.dir/src/gz/sim/Joint.cc.o
[ 55%] Building CXX object python/CMakeFiles/sim.dir/src/gz/sim/Light.cc.o
[ 55%] Generating qrc_ComponentInspectorEditor.cpp
[ 55%] Generating moc_AirPressure.cpp
[ 56%] Generating moc_Altimeter.cpp
[ 56%] Generating moc_ComponentInspectorEditor.cpp
[ 57%] Building CXX object src/gui/plugins/component_inspector/CMakeFiles/ComponentInspector.dir/Inertial.cc.o
[ 57%] Generating moc_Imu.cpp
[ 57%] Generating moc_JointType.cpp
[ 58%] Generating moc_Lidar.cpp
[ 58%] Generating moc_Magnetometer.cpp
[ 58%] Generating moc_ModelEditor.cpp
[ 58%] Generating moc_Pose3d.cpp
[ 59%] Building CXX object src/gui/plugins/component_inspector_editor/CMakeFiles/ComponentInspectorEditor.dir/AirPressure.cc.o
[ 59%] Building CXX object python/CMakeFiles/sim.dir/src/gz/sim/Link.cc.o
[ 59%] Linking CXX shared library ../../../../lib/libBananaForScale.so
[ 60%] Building CXX object python/CMakeFiles/sim.dir/src/gz/sim/Model.cc.o
[ 60%] Building CXX object python/CMakeFiles/sim.dir/src/gz/sim/TestFixture.cc.o
[ 60%] Built target BananaForScale
[ 60%] Building CXX object python/CMakeFiles/sim.dir/src/gz/sim/Sensor.cc.o
[ 60%] Building CXX object python/CMakeFiles/sim.dir/src/gz/sim/Server.cc.o
[ 60%] Linking CXX static library ../../lib/libgz.a
[ 60%] Linking CXX shared library ../../../../lib/libEntityContextMenu.so
[ 60%] Built target gz
[ 60%] Building CXX object src/gui/plugins/component_inspector/CMakeFiles/ComponentInspector.dir/Pose3d.cc.o
[ 60%] Built target EntityContextMenu
[ 60%] Building CXX object src/gui/plugins/component_inspector_editor/CMakeFiles/ComponentInspectorEditor.dir/Altimeter.cc.o
[ 60%] Building CXX object src/gui/plugins/component_inspector/CMakeFiles/ComponentInspector.dir/SystemPluginInfo.cc.o
[ 60%] Building CXX object src/gui/plugins/component_inspector/CMakeFiles/ComponentInspector.dir/moc_ComponentInspector.cpp.o
[ 60%] Generating qrc_CopyPaste.cpp
[ 60%] Generating moc_CopyPaste.cpp
[ 60%] Building CXX object src/gui/plugins/copy_paste/CMakeFiles/CopyPaste.dir/CopyPaste.cc.o
[ 60%] Building CXX object src/gui/plugins/copy_paste/CMakeFiles/CopyPaste.dir/moc_CopyPaste.cpp.o
[ 60%] Linking CXX executable ../../bin/gz-sim-server
[ 60%] Linking CXX shared library ../../../../lib/libAlignTool.so
[ 60%] Building CXX object src/gui/plugins/component_inspector_editor/CMakeFiles/ComponentInspectorEditor.dir/ComponentInspectorEditor.cc.o
[ 60%] Built target AlignTool
[ 60%] Building CXX object src/gui/plugins/component_inspector/CMakeFiles/ComponentInspector.dir/moc_Inertial.cpp.o
[ 60%] Built target gz-sim-server
[ 60%] Building CXX object python/CMakeFiles/sim.dir/src/gz/sim/ServerConfig.cc.o
[ 60%] Linking CXX shared library ../../../../lib/libApplyForceTorque.so
[ 61%] Building CXX object src/gui/plugins/copy_paste/CMakeFiles/CopyPaste.dir/qrc_CopyPaste.cpp.o
[ 61%] Building CXX object src/gui/plugins/component_inspector_editor/CMakeFiles/ComponentInspectorEditor.dir/Imu.cc.o
[ 61%] Built target ApplyForceTorque
[ 62%] Building CXX object src/gui/plugins/component_inspector/CMakeFiles/ComponentInspector.dir/moc_Pose3d.cpp.o
[ 63%] Building CXX object python/CMakeFiles/sim.dir/src/gz/sim/UpdateInfo.cc.o
[ 63%] Building CXX object python/CMakeFiles/sim.dir/src/gz/sim/Util.cc.o
[ 63%] Building CXX object python/CMakeFiles/sim.dir/src/gz/sim/World.cc.o
[ 64%] Generating qrc_EntityContextMenuPlugin.cpp
[ 64%] Generating moc_EntityContextMenuPlugin.cpp
[ 64%] Building CXX object src/gui/plugins/entity_context_menu/CMakeFiles/EntityContextMenuPlugin.dir/EntityContextMenuPlugin.cc.o
[ 64%] Building CXX object src/gui/plugins/component_inspector/CMakeFiles/ComponentInspector.dir/moc_SystemPluginInfo.cpp.o
[ 64%] Building CXX object python/CMakeFiles/sim.dir/src/gz/sim/InstallationDirectories.cc.o
[ 65%] Linking CXX shared module ../lib/sim.cpython-312-x86_64-linux-gnu.so
[ 65%] Linking CXX shared library ../../../../lib/libCopyPaste.so
lto-wrapper: warning: using serial compilation of 9 LTRANS jobs
lto-wrapper: note: see the ‘-flto’ option documentation for more information
[ 65%] Built target CopyPaste
[ 65%] Building CXX object src/gui/plugins/entity_context_menu/CMakeFiles/EntityContextMenuPlugin.dir/qrc_EntityContextMenuPlugin.cpp.o
[ 65%] Building CXX object src/gui/plugins/entity_context_menu/CMakeFiles/EntityContextMenuPlugin.dir/moc_EntityContextMenuPlugin.cpp.o
[ 65%] Linking CXX shared library ../../../lib/libgz-sim-physics-system.so
[ 65%] Generating qrc_GlobalIlluminationCiVct.cpp
[ 65%] Generating qrc_EnvironmentVisualization.cpp
[ 65%] Built target gz-sim-physics-system
[ 65%] Generating qrc_EnvironmentLoader.cpp
[ 65%] Generating qrc_EntityTree.cpp
[ 65%] Generating moc_EnvironmentLoader.cpp
[ 65%] Generating moc_EnvironmentVisualization.cpp
[ 65%] Generating moc_CiVctCascadePrivate.cpp
[ 66%] Generating moc_EntityTree.cpp
[ 67%] Generating moc_GlobalIlluminationCiVct.cpp
[ 67%] Building CXX object src/gui/plugins/environment_loader/CMakeFiles/EnvironmentLoader.dir/EnvironmentLoader.cc.o
[ 67%] Building CXX object src/gui/plugins/environment_visualization/CMakeFiles/EnvironmentVisualization.dir/EnvironmentVisualization.cc.o
[ 67%] Building CXX object src/gui/plugins/entity_tree/CMakeFiles/EntityTree.dir/EntityTree.cc.o
[ 67%] Building CXX object src/gui/plugins/global_illumination_civct/CMakeFiles/GlobalIlluminationCiVct.dir/CiVctCascadePrivate.cc.o
[ 67%] Building CXX object src/gui/plugins/component_inspector_editor/CMakeFiles/ComponentInspectorEditor.dir/Pose3d.cc.o
[ 67%] Building CXX object src/gui/plugins/component_inspector_editor/CMakeFiles/ComponentInspectorEditor.dir/Types.cc.o
[ 67%] Building CXX object src/gui/plugins/component_inspector_editor/CMakeFiles/ComponentInspectorEditor.dir/ModelEditor.cc.o
[ 67%] Generating qrc_GlobalIlluminationVct.cpp
[ 67%] Generating moc_GlobalIlluminationVct.cpp
[ 67%] Building CXX object src/gui/plugins/global_illumination_vct/CMakeFiles/GlobalIlluminationVct.dir/GlobalIlluminationVct.cc.o
[ 68%] Building CXX object src/gui/plugins/component_inspector_editor/CMakeFiles/ComponentInspectorEditor.dir/Magnetometer.cc.o
[ 68%] Building CXX object src/gui/plugins/component_inspector_editor/CMakeFiles/ComponentInspectorEditor.dir/Lidar.cc.o
[ 68%] Building CXX object src/gui/plugins/component_inspector/CMakeFiles/ComponentInspector.dir/qrc_ComponentInspector.cpp.o
[ 68%] Building CXX object src/gui/plugins/global_illumination_civct/CMakeFiles/GlobalIlluminationCiVct.dir/GlobalIlluminationCiVct.cc.o
[ 68%] Linking CXX shared library ../../../../lib/libComponentInspector.so
[ 68%] Linking CXX shared library ../../../../lib/libEntityContextMenuPlugin.so
[ 69%] Building CXX object src/gui/plugins/global_illumination_vct/CMakeFiles/GlobalIlluminationVct.dir/moc_GlobalIlluminationVct.cpp.o
[ 69%] Building CXX object src/gui/plugins/component_inspector_editor/CMakeFiles/ComponentInspectorEditor.dir/JointType.cc.o
[ 69%] Built target EntityContextMenuPlugin
[ 69%] Built target ComponentInspector
[ 70%] Building CXX object src/gui/plugins/environment_visualization/CMakeFiles/EnvironmentVisualization.dir/moc_EnvironmentVisualization.cpp.o
[ 70%] Building CXX object src/gui/plugins/environment_loader/CMakeFiles/EnvironmentLoader.dir/moc_EnvironmentLoader.cpp.o
[ 70%] Building CXX object src/gui/plugins/environment_visualization/CMakeFiles/EnvironmentVisualization.dir/qrc_EnvironmentVisualization.cpp.o
[ 71%] Building CXX object src/gui/plugins/component_inspector_editor/CMakeFiles/ComponentInspectorEditor.dir/moc_AirPressure.cpp.o
[ 71%] Built target sim
[ 71%] Building CXX object src/gui/plugins/global_illumination_vct/CMakeFiles/GlobalIlluminationVct.dir/qrc_GlobalIlluminationVct.cpp.o
[ 71%] Building CXX object src/gui/plugins/entity_tree/CMakeFiles/EntityTree.dir/moc_EntityTree.cpp.o
[ 72%] Building CXX object src/gui/plugins/environment_loader/CMakeFiles/EnvironmentLoader.dir/qrc_EnvironmentLoader.cpp.o
[ 72%] Building CXX object src/gui/plugins/entity_tree/CMakeFiles/EntityTree.dir/qrc_EntityTree.cpp.o
[ 72%] Building CXX object src/gui/plugins/global_illumination_civct/CMakeFiles/GlobalIlluminationCiVct.dir/moc_CiVctCascadePrivate.cpp.o
[ 72%] Generating qrc_JointPositionController.cpp
[ 73%] Generating moc_JointPositionController.cpp
[ 73%] Building CXX object src/gui/plugins/joint_position_controller/CMakeFiles/JointPositionController.dir/JointPositionController.cc.o
[ 73%] Building CXX object src/gui/plugins/component_inspector_editor/CMakeFiles/ComponentInspectorEditor.dir/moc_Altimeter.cpp.o
[ 73%] Building CXX object src/gui/plugins/component_inspector_editor/CMakeFiles/ComponentInspectorEditor.dir/moc_ComponentInspectorEditor.cpp.o
[ 73%] Linking CXX shared library ../../../../lib/libEnvironmentVisualization.so
[ 73%] Generating qrc_Lights.cpp
[ 73%] Building CXX object src/gui/plugins/component_inspector_editor/CMakeFiles/ComponentInspectorEditor.dir/moc_Imu.cpp.o
[ 73%] Generating moc_Lights.cpp
[ 73%] Building CXX object src/gui/plugins/lights/CMakeFiles/Lights.dir/Lights.cc.o
[ 73%] Building CXX object src/gui/plugins/global_illumination_civct/CMakeFiles/GlobalIlluminationCiVct.dir/moc_GlobalIlluminationCiVct.cpp.o
[ 73%] Built target EnvironmentVisualization
[ 73%] Building CXX object src/gui/plugins/joint_position_controller/CMakeFiles/JointPositionController.dir/moc_JointPositionController.cpp.o
[ 73%] Building CXX object src/gui/plugins/component_inspector_editor/CMakeFiles/ComponentInspectorEditor.dir/moc_JointType.cpp.o
[ 73%] Building CXX object src/gui/plugins/lights/CMakeFiles/Lights.dir/moc_Lights.cpp.o
[ 74%] Building CXX object src/gui/plugins/global_illumination_civct/CMakeFiles/GlobalIlluminationCiVct.dir/qrc_GlobalIlluminationCiVct.cpp.o
[ 74%] Generating qrc_MouseDrag.cpp
[ 74%] Generating moc_MouseDrag.cpp
[ 74%] Building CXX object src/gui/plugins/mouse_drag/CMakeFiles/MouseDrag.dir/MouseDrag.cc.o
[ 74%] Linking CXX shared library ../../../../lib/libEnvironmentLoader.so
[ 74%] Building CXX object src/gui/plugins/joint_position_controller/CMakeFiles/JointPositionController.dir/qrc_JointPositionController.cpp.o
[ 75%] Building CXX object src/gui/plugins/lights/CMakeFiles/Lights.dir/qrc_Lights.cpp.o
[ 75%] Generating qrc_PlaybackScrubber.cpp
[ 75%] Generating moc_PlaybackScrubber.cpp
[ 76%] Building CXX object src/gui/plugins/playback_scrubber/CMakeFiles/PlaybackScrubber.dir/PlaybackScrubber.cc.o
[ 76%] Built target EnvironmentLoader
[ 77%] Building CXX object src/gui/plugins/mouse_drag/CMakeFiles/MouseDrag.dir/moc_MouseDrag.cpp.o
[ 78%] Building CXX object src/gui/plugins/component_inspector_editor/CMakeFiles/ComponentInspectorEditor.dir/moc_Lidar.cpp.o
[ 78%] Building CXX object src/gui/plugins/mouse_drag/CMakeFiles/MouseDrag.dir/qrc_MouseDrag.cpp.o
[ 78%] Building CXX object src/gui/plugins/component_inspector_editor/CMakeFiles/ComponentInspectorEditor.dir/moc_Magnetometer.cpp.o
[ 78%] Building CXX object src/gui/plugins/playback_scrubber/CMakeFiles/PlaybackScrubber.dir/moc_PlaybackScrubber.cpp.o
[ 79%] Generating qrc_Plot3D.cpp
[ 79%] Generating moc_Plot3D.cpp
[ 79%] Building CXX object src/gui/plugins/plot_3d/CMakeFiles/Plot3D.dir/Plot3D.cc.o
[ 79%] Building CXX object src/gui/plugins/playback_scrubber/CMakeFiles/PlaybackScrubber.dir/qrc_PlaybackScrubber.cpp.o
[ 79%] Building CXX object src/gui/plugins/component_inspector_editor/CMakeFiles/ComponentInspectorEditor.dir/moc_ModelEditor.cpp.o
[ 80%] Linking CXX shared library ../../../../lib/libEntityTree.so
[ 80%] Generating qrc_Plotting.cpp
[ 80%] Generating moc_Plotting.cpp
[ 80%] Building CXX object src/gui/plugins/plotting/CMakeFiles/Plotting.dir/Plotting.cc.o
[ 80%] Built target EntityTree
[ 80%] Building CXX object src/gui/plugins/plot_3d/CMakeFiles/Plot3D.dir/moc_Plot3D.cpp.o
[ 80%] Linking CXX shared library ../../../../lib/libGlobalIlluminationVct.so
[ 80%] Building CXX object src/gui/plugins/component_inspector_editor/CMakeFiles/ComponentInspectorEditor.dir/moc_Pose3d.cpp.o
[ 80%] Built target GlobalIlluminationVct
[ 80%] Building CXX object src/gui/plugins/plotting/CMakeFiles/Plotting.dir/moc_Plotting.cpp.o
[ 80%] Generating qrc_ResourceSpawner.cpp
[ 80%] Generating moc_ResourceSpawner.cpp
[ 80%] Building CXX object src/gui/plugins/resource_spawner/CMakeFiles/ResourceSpawner.dir/ResourceSpawner.cc.o
[ 81%] Building CXX object src/gui/plugins/plotting/CMakeFiles/Plotting.dir/qrc_Plotting.cpp.o
[ 81%] Building CXX object src/gui/plugins/plot_3d/CMakeFiles/Plot3D.dir/qrc_Plot3D.cpp.o
[ 82%] Building CXX object src/gui/plugins/resource_spawner/CMakeFiles/ResourceSpawner.dir/moc_ResourceSpawner.cpp.o
[ 82%] Generating qrc_SelectEntities.cpp
[ 82%] Linking CXX shared library ../../../../lib/libGlobalIlluminationCiVct.so
[ 82%] Generating moc_SelectEntities.cpp
[ 83%] Building CXX object src/gui/plugins/select_entities/CMakeFiles/SelectEntities.dir/SelectEntities.cc.o
[ 83%] Building CXX object src/gui/plugins/component_inspector_editor/CMakeFiles/ComponentInspectorEditor.dir/qrc_ComponentInspectorEditor.cpp.o
[ 84%] Linking CXX shared library ../../../../lib/libComponentInspectorEditor.so
[ 85%] Generating qrc_GzSceneManager.cpp
[ 85%] Built target GlobalIlluminationCiVct
[ 86%] Generating qrc_Shapes.cpp
[ 86%] Generating moc_GzSceneManager.cpp
[ 86%] Generating moc_Shapes.cpp
[ 86%] Building CXX object src/gui/plugins/scene_manager/CMakeFiles/GzSceneManager.dir/GzSceneManager.cc.o
[ 86%] Building CXX object src/gui/plugins/shapes/CMakeFiles/Shapes.dir/Shapes.cc.o
[ 86%] Linking CXX shared library ../../../../lib/libLights.so
[ 86%] Built target ComponentInspectorEditor
[ 86%] Building CXX object src/gui/plugins/scene_manager/CMakeFiles/GzSceneManager.dir/moc_GzSceneManager.cpp.o
[ 86%] Built target Lights
[ 86%] Building CXX object src/gui/plugins/shapes/CMakeFiles/Shapes.dir/moc_Shapes.cpp.o
[ 86%] Building CXX object src/gui/plugins/select_entities/CMakeFiles/SelectEntities.dir/moc_SelectEntities.cpp.o
[ 86%] Building CXX object src/gui/plugins/select_entities/CMakeFiles/SelectEntities.dir/qrc_SelectEntities.cpp.o
[ 86%] Building CXX object src/gui/plugins/shapes/CMakeFiles/Shapes.dir/qrc_Shapes.cpp.o
[ 86%] Generating qrc_Spawn.cpp
[ 87%] Generating moc_Spawn.cpp
[ 87%] Building CXX object src/gui/plugins/spawn/CMakeFiles/Spawn.dir/Spawn.cc.o
[ 88%] Linking CXX shared library ../../../../lib/libJointPositionController.so
[ 88%] Building CXX object src/gui/plugins/resource_spawner/CMakeFiles/ResourceSpawner.dir/qrc_ResourceSpawner.cpp.o
[ 88%] Generating qrc_VideoRecorder.cpp
[ 88%] Generating moc_VideoRecorder.cpp
[ 89%] Building CXX object src/gui/plugins/video_recorder/CMakeFiles/VideoRecorder.dir/VideoRecorder.cc.o
[ 89%] Built target JointPositionController
[ 89%] Building CXX object src/gui/plugins/spawn/CMakeFiles/Spawn.dir/moc_Spawn.cpp.o
[ 89%] Generating qrc_TransformControl.cpp
[ 89%] Generating moc_TransformControl.cpp
[ 89%] Building CXX object src/gui/plugins/transform_control/CMakeFiles/TransformControl.dir/TransformControl.cc.o
[ 90%] Generating qrc_ViewAngle.cpp
[ 90%] Generating moc_ViewAngle.cpp
[ 90%] Building CXX object src/gui/plugins/view_angle/CMakeFiles/ViewAngle.dir/ViewAngle.cc.o
[ 90%] Linking CXX shared library ../../../../lib/libPlaybackScrubber.so
[ 90%] Building CXX object src/gui/plugins/video_recorder/CMakeFiles/VideoRecorder.dir/moc_VideoRecorder.cpp.o
[ 90%] Built target PlaybackScrubber
[ 90%] Generating qrc_VisualizationCapabilities.cpp
[ 91%] Generating moc_VisualizationCapabilities.cpp
[ 91%] Building CXX object src/gui/plugins/visualization_capabilities/CMakeFiles/VisualizationCapabilities.dir/VisualizationCapabilities.cc.o
[ 91%] Building CXX object src/gui/plugins/scene_manager/CMakeFiles/GzSceneManager.dir/qrc_GzSceneManager.cpp.o
[ 91%] Building CXX object src/gui/plugins/visualization_capabilities/CMakeFiles/VisualizationCapabilities.dir/moc_VisualizationCapabilities.cpp.o
[ 91%] Linking CXX shared library ../../../../lib/libShapes.so
[ 92%] Linking CXX shared library ../../../../lib/libPlot3D.so
[ 92%] Built target Shapes
[ 92%] Building CXX object src/gui/plugins/spawn/CMakeFiles/Spawn.dir/qrc_Spawn.cpp.o
[ 92%] Building CXX object src/gui/plugins/video_recorder/CMakeFiles/VideoRecorder.dir/qrc_VideoRecorder.cpp.o
[ 92%] Building CXX object src/gui/plugins/view_angle/CMakeFiles/ViewAngle.dir/moc_ViewAngle.cpp.o
[ 92%] Built target Plot3D
[ 92%] Building CXX object src/gui/plugins/transform_control/CMakeFiles/TransformControl.dir/moc_TransformControl.cpp.o
[ 92%] Linking CXX shared library ../../../../lib/libMouseDrag.so
[ 92%] Built target MouseDrag
[ 92%] Generating qrc_VisualizeContacts.cpp
[ 92%] Generating moc_VisualizeContacts.cpp
[ 92%] Building CXX object src/gui/plugins/visualize_contacts/CMakeFiles/VisualizeContacts.dir/VisualizeContacts.cc.o
[ 92%] Linking CXX shared library ../../../../lib/libResourceSpawner.so
[ 92%] Building CXX object src/gui/plugins/visualize_contacts/CMakeFiles/VisualizeContacts.dir/moc_VisualizeContacts.cpp.o
[ 92%] Built target ResourceSpawner
[ 92%] Building CXX object src/gui/plugins/view_angle/CMakeFiles/ViewAngle.dir/qrc_ViewAngle.cpp.o
[ 93%] Building CXX object src/gui/plugins/transform_control/CMakeFiles/TransformControl.dir/qrc_TransformControl.cpp.o
[ 93%] Generating qrc_VisualizeFrustum.cpp
[ 93%] Generating moc_VisualizeFrustum.cpp
[ 93%] Building CXX object src/gui/plugins/visualize_frustum/CMakeFiles/VisualizeFrustum.dir/VisualizeFrustum.cc.o
[ 93%] Linking CXX shared library ../../../../lib/libPlotting.so
[ 93%] Linking CXX shared library ../../../../lib/libSelectEntities.so
[ 93%] Built target Plotting
[ 93%] Generating qrc_VisualizeLidar.cpp
[ 93%] Generating moc_VisualizeLidar.cpp
[ 94%] Building CXX object src/gui/plugins/visualize_lidar/CMakeFiles/VisualizeLidar.dir/VisualizeLidar.cc.o
[ 94%] Built target SelectEntities
[ 95%] Building CXX object src/gui/plugins/visualize_frustum/CMakeFiles/VisualizeFrustum.dir/moc_VisualizeFrustum.cpp.o
[ 95%] Linking CXX shared library ../../../../lib/libGzSceneManager.so
[ 96%] Building CXX object src/gui/plugins/visualize_contacts/CMakeFiles/VisualizeContacts.dir/qrc_VisualizeContacts.cpp.o
[ 96%] Building CXX object src/systems/camera_video_recorder/CMakeFiles/gz-sim-camera-video-recorder-system.dir/CameraVideoRecorder.cc.o
[ 96%] Building CXX object src/gui/plugins/visualize_frustum/CMakeFiles/VisualizeFrustum.dir/qrc_VisualizeFrustum.cpp.o
[ 96%] Building CXX object src/gui/plugins/visualize_lidar/CMakeFiles/VisualizeLidar.dir/moc_VisualizeLidar.cpp.o
[ 96%] Built target GzSceneManager
[ 97%] Building CXX object src/systems/lens_flare/CMakeFiles/gz-sim-lens-flare-system.dir/LensFlare.cc.o
[ 97%] Building CXX object src/gui/plugins/visualization_capabilities/CMakeFiles/VisualizationCapabilities.dir/qrc_VisualizationCapabilities.cpp.o
[ 97%] Building CXX object src/cmd/CMakeFiles/gz-sim-gui-client.dir/gui_main.cc.o
[ 97%] Building CXX object src/gui/plugins/visualize_lidar/CMakeFiles/VisualizeLidar.dir/qrc_VisualizeLidar.cpp.o
[ 97%] Linking CXX shared library ../../../../lib/libVideoRecorder.so
[ 97%] Built target VideoRecorder
[ 97%] Building CXX object src/cmd/CMakeFiles/gz-sim-main.dir/sim_main.cc.o
[ 98%] Linking CXX shared library ../../../../lib/libSpawn.so
[ 98%] Linking CXX shared library ../../../../lib/libTransformControl.so
[ 98%] Built target Spawn
[ 98%] Built target TransformControl
[ 98%] Linking CXX shared library ../../../../lib/libViewAngle.so
[ 98%] Built target ViewAngle
[ 98%] Linking CXX shared library ../../../../lib/libVisualizeContacts.so
[ 98%] Linking CXX shared library ../../../lib/libgz-sim-lens-flare-system.so
[ 98%] Built target gz-sim-lens-flare-system
[ 98%] Built target VisualizeContacts
[ 98%] Linking CXX executable ../../bin/gz-sim-gui-client
[ 98%] Linking CXX shared library ../../../../lib/libVisualizeFrustum.so
[ 98%] Built target VisualizeFrustum
[ 98%] Built target gz-sim-gui-client
[ 98%] Linking CXX shared library ../../../../lib/libVisualizeLidar.so
[ 98%] Built target VisualizeLidar
[ 99%] Linking CXX shared library ../../../lib/libgz-sim-camera-video-recorder-system.so
[ 99%] Built target gz-sim-camera-video-recorder-system
[ 99%] Linking CXX executable ../../bin/gz-sim-main
[ 99%] Built target gz-sim-main
[100%] Linking CXX shared library ../../../../lib/libVisualizationCapabilities.so
[100%] Built target VisualizationCapabilities
-- Install configuration: "Release"
-- Installing: /home/jrivero/code/my-agents.md/projects/ogre-migrator/ws/build-1.12/install/include/gz/sim11/gz/sim/rendering/detail/Export.hh
-- Installing: /home/jrivero/code/my-agents.md/projects/ogre-migrator/ws/build-1.12/install/include/gz/sim11/gz/sim/rendering/Export.hh
-- Installing: /home/jrivero/code/my-agents.md/projects/ogre-migrator/ws/build-1.12/install/lib/libgz-sim-rendering.so.11.0.0~pre1
-- Installing: /home/jrivero/code/my-agents.md/projects/ogre-migrator/ws/build-1.12/install/lib/libgz-sim-rendering.so.11
-- Set non-toolchain portion of runtime path of "/home/jrivero/code/my-agents.md/projects/ogre-migrator/ws/build-1.12/install/lib/libgz-sim-rendering.so.11.0.0~pre1" to ""
-- Installing: /home/jrivero/code/my-agents.md/projects/ogre-migrator/ws/build-1.12/install/lib/libgz-sim-rendering.so
-- Installing: /home/jrivero/code/my-agents.md/projects/ogre-migrator/ws/build-1.12/install/lib/cmake/gz-sim-rendering/gz-sim-rendering-config.cmake
-- Installing: /home/jrivero/code/my-agents.md/projects/ogre-migrator/ws/build-1.12/install/lib/cmake/gz-sim-rendering/gz-sim-rendering-config-version.cmake
-- Installing: /home/jrivero/code/my-agents.md/projects/ogre-migrator/ws/build-1.12/install/lib/cmake/gz-sim-rendering/gz-sim-rendering-targets.cmake
-- Installing: /home/jrivero/code/my-agents.md/projects/ogre-migrator/ws/build-1.12/install/lib/cmake/gz-sim-rendering/gz-sim-rendering-targets-release.cmake
-- Installing: /home/jrivero/code/my-agents.md/projects/ogre-migrator/ws/build-1.12/install/lib/pkgconfig/gz-sim-rendering.pc
-- Up-to-date: /home/jrivero/code/my-agents.md/projects/ogre-migrator/ws/build-1.12/install/lib/libgz-sim-rendering.so.11.0.0~pre1
-- Up-to-date: /home/jrivero/code/my-agents.md/projects/ogre-migrator/ws/build-1.12/install/lib/libgz-sim-rendering.so.11
-- Up-to-date: /home/jrivero/code/my-agents.md/projects/ogre-migrator/ws/build-1.12/install/lib/libgz-sim-rendering.so
-- Installing: /home/jrivero/code/my-agents.md/projects/ogre-migrator/ws/build-1.12/install/lib/gz-sim/plugins/gui/GzSim/libEntityContextMenu.so
-- Set non-toolchain portion of runtime path of "/home/jrivero/code/my-agents.md/projects/ogre-migrator/ws/build-1.12/install/lib/gz-sim/plugins/gui/GzSim/libEntityContextMenu.so" to ""
-- Installing: /home/jrivero/code/my-agents.md/projects/ogre-migrator/ws/build-1.12/install/lib/gz-sim/plugins/gui/GzSim/qmldir
-- Installing: /home/jrivero/code/my-agents.md/projects/ogre-migrator/ws/build-1.12/install/lib/gz-sim/plugins/gui/libAlignTool.so
-- Set non-toolchain portion of runtime path of "/home/jrivero/code/my-agents.md/projects/ogre-migrator/ws/build-1.12/install/lib/gz-sim/plugins/gui/libAlignTool.so" to ""
-- Installing: /home/jrivero/code/my-agents.md/projects/ogre-migrator/ws/build-1.12/install/lib/gz-sim/plugins/gui/libApplyForceTorque.so
-- Set non-toolchain portion of runtime path of "/home/jrivero/code/my-agents.md/projects/ogre-migrator/ws/build-1.12/install/lib/gz-sim/plugins/gui/libApplyForceTorque.so" to ""
-- Installing: /home/jrivero/code/my-agents.md/projects/ogre-migrator/ws/build-1.12/install/lib/gz-sim/plugins/gui/libBananaForScale.so
-- Set non-toolchain portion of runtime path of "/home/jrivero/code/my-agents.md/projects/ogre-migrator/ws/build-1.12/install/lib/gz-sim/plugins/gui/libBananaForScale.so" to ""
-- Installing: /home/jrivero/code/my-agents.md/projects/ogre-migrator/ws/build-1.12/install/lib/gz-sim/plugins/gui/libComponentInspector.so
-- Set non-toolchain portion of runtime path of "/home/jrivero/code/my-agents.md/projects/ogre-migrator/ws/build-1.12/install/lib/gz-sim/plugins/gui/libComponentInspector.so" to ""
-- Installing: /home/jrivero/code/my-agents.md/projects/ogre-migrator/ws/build-1.12/install/lib/gz-sim/plugins/gui/libComponentInspectorEditor.so
-- Set non-toolchain portion of runtime path of "/home/jrivero/code/my-agents.md/projects/ogre-migrator/ws/build-1.12/install/lib/gz-sim/plugins/gui/libComponentInspectorEditor.so" to ""
-- Installing: /home/jrivero/code/my-agents.md/projects/ogre-migrator/ws/build-1.12/install/lib/gz-sim/plugins/gui/libCopyPaste.so
-- Set non-toolchain portion of runtime path of "/home/jrivero/code/my-agents.md/projects/ogre-migrator/ws/build-1.12/install/lib/gz-sim/plugins/gui/libCopyPaste.so" to ""
-- Installing: /home/jrivero/code/my-agents.md/projects/ogre-migrator/ws/build-1.12/install/lib/gz-sim/plugins/gui/libEntityContextMenuPlugin.so
-- Set non-toolchain portion of runtime path of "/home/jrivero/code/my-agents.md/projects/ogre-migrator/ws/build-1.12/install/lib/gz-sim/plugins/gui/libEntityContextMenuPlugin.so" to ""
-- Installing: /home/jrivero/code/my-agents.md/projects/ogre-migrator/ws/build-1.12/install/lib/gz-sim/plugins/gui/libEntityTree.so
-- Set non-toolchain portion of runtime path of "/home/jrivero/code/my-agents.md/projects/ogre-migrator/ws/build-1.12/install/lib/gz-sim/plugins/gui/libEntityTree.so" to ""
-- Installing: /home/jrivero/code/my-agents.md/projects/ogre-migrator/ws/build-1.12/install/lib/gz-sim/plugins/gui/libEnvironmentLoader.so
-- Set non-toolchain portion of runtime path of "/home/jrivero/code/my-agents.md/projects/ogre-migrator/ws/build-1.12/install/lib/gz-sim/plugins/gui/libEnvironmentLoader.so" to ""
-- Installing: /home/jrivero/code/my-agents.md/projects/ogre-migrator/ws/build-1.12/install/lib/gz-sim/plugins/gui/libEnvironmentVisualization.so
-- Set non-toolchain portion of runtime path of "/home/jrivero/code/my-agents.md/projects/ogre-migrator/ws/build-1.12/install/lib/gz-sim/plugins/gui/libEnvironmentVisualization.so" to ""
-- Installing: /home/jrivero/code/my-agents.md/projects/ogre-migrator/ws/build-1.12/install/lib/gz-sim/plugins/gui/libGlobalIlluminationCiVct.so
-- Set non-toolchain portion of runtime path of "/home/jrivero/code/my-agents.md/projects/ogre-migrator/ws/build-1.12/install/lib/gz-sim/plugins/gui/libGlobalIlluminationCiVct.so" to ""
-- Installing: /home/jrivero/code/my-agents.md/projects/ogre-migrator/ws/build-1.12/install/lib/gz-sim/plugins/gui/libGlobalIlluminationVct.so
-- Set non-toolchain portion of runtime path of "/home/jrivero/code/my-agents.md/projects/ogre-migrator/ws/build-1.12/install/lib/gz-sim/plugins/gui/libGlobalIlluminationVct.so" to ""
-- Installing: /home/jrivero/code/my-agents.md/projects/ogre-migrator/ws/build-1.12/install/lib/gz-sim/plugins/gui/libJointPositionController.so
-- Set non-toolchain portion of runtime path of "/home/jrivero/code/my-agents.md/projects/ogre-migrator/ws/build-1.12/install/lib/gz-sim/plugins/gui/libJointPositionController.so" to ""
-- Installing: /home/jrivero/code/my-agents.md/projects/ogre-migrator/ws/build-1.12/install/lib/gz-sim/plugins/gui/libLights.so
-- Set non-toolchain portion of runtime path of "/home/jrivero/code/my-agents.md/projects/ogre-migrator/ws/build-1.12/install/lib/gz-sim/plugins/gui/libLights.so" to ""
-- Installing: /home/jrivero/code/my-agents.md/projects/ogre-migrator/ws/build-1.12/install/lib/gz-sim/plugins/gui/libMouseDrag.so
-- Set non-toolchain portion of runtime path of "/home/jrivero/code/my-agents.md/projects/ogre-migrator/ws/build-1.12/install/lib/gz-sim/plugins/gui/libMouseDrag.so" to ""
-- Installing: /home/jrivero/code/my-agents.md/projects/ogre-migrator/ws/build-1.12/install/lib/gz-sim/plugins/gui/libPlaybackScrubber.so
-- Set non-toolchain portion of runtime path of "/home/jrivero/code/my-agents.md/projects/ogre-migrator/ws/build-1.12/install/lib/gz-sim/plugins/gui/libPlaybackScrubber.so" to ""
-- Installing: /home/jrivero/code/my-agents.md/projects/ogre-migrator/ws/build-1.12/install/lib/gz-sim/plugins/gui/libPlot3D.so
-- Set non-toolchain portion of runtime path of "/home/jrivero/code/my-agents.md/projects/ogre-migrator/ws/build-1.12/install/lib/gz-sim/plugins/gui/libPlot3D.so" to ""
-- Installing: /home/jrivero/code/my-agents.md/projects/ogre-migrator/ws/build-1.12/install/lib/gz-sim/plugins/gui/libPlotting.so
-- Set non-toolchain portion of runtime path of "/home/jrivero/code/my-agents.md/projects/ogre-migrator/ws/build-1.12/install/lib/gz-sim/plugins/gui/libPlotting.so" to ""
-- Installing: /home/jrivero/code/my-agents.md/projects/ogre-migrator/ws/build-1.12/install/lib/gz-sim/plugins/gui/libResourceSpawner.so
-- Set non-toolchain portion of runtime path of "/home/jrivero/code/my-agents.md/projects/ogre-migrator/ws/build-1.12/install/lib/gz-sim/plugins/gui/libResourceSpawner.so" to ""
-- Installing: /home/jrivero/code/my-agents.md/projects/ogre-migrator/ws/build-1.12/install/lib/gz-sim/plugins/gui/libGzSceneManager.so
-- Set non-toolchain portion of runtime path of "/home/jrivero/code/my-agents.md/projects/ogre-migrator/ws/build-1.12/install/lib/gz-sim/plugins/gui/libGzSceneManager.so" to ""
-- Installing: /home/jrivero/code/my-agents.md/projects/ogre-migrator/ws/build-1.12/install/lib/gz-sim/plugins/gui/libSelectEntities.so
-- Set non-toolchain portion of runtime path of "/home/jrivero/code/my-agents.md/projects/ogre-migrator/ws/build-1.12/install/lib/gz-sim/plugins/gui/libSelectEntities.so" to ""
-- Installing: /home/jrivero/code/my-agents.md/projects/ogre-migrator/ws/build-1.12/install/lib/gz-sim/plugins/gui/libShapes.so
-- Set non-toolchain portion of runtime path of "/home/jrivero/code/my-agents.md/projects/ogre-migrator/ws/build-1.12/install/lib/gz-sim/plugins/gui/libShapes.so" to ""
-- Installing: /home/jrivero/code/my-agents.md/projects/ogre-migrator/ws/build-1.12/install/lib/gz-sim/plugins/gui/libSpawn.so
-- Set non-toolchain portion of runtime path of "/home/jrivero/code/my-agents.md/projects/ogre-migrator/ws/build-1.12/install/lib/gz-sim/plugins/gui/libSpawn.so" to ""
-- Installing: /home/jrivero/code/my-agents.md/projects/ogre-migrator/ws/build-1.12/install/lib/gz-sim/plugins/gui/libTransformControl.so
-- Set non-toolchain portion of runtime path of "/home/jrivero/code/my-agents.md/projects/ogre-migrator/ws/build-1.12/install/lib/gz-sim/plugins/gui/libTransformControl.so" to ""
-- Installing: /home/jrivero/code/my-agents.md/projects/ogre-migrator/ws/build-1.12/install/lib/gz-sim/plugins/gui/libVideoRecorder.so
-- Set non-toolchain portion of runtime path of "/home/jrivero/code/my-agents.md/projects/ogre-migrator/ws/build-1.12/install/lib/gz-sim/plugins/gui/libVideoRecorder.so" to ""
-- Installing: /home/jrivero/code/my-agents.md/projects/ogre-migrator/ws/build-1.12/install/lib/gz-sim/plugins/gui/libViewAngle.so
-- Set non-toolchain portion of runtime path of "/home/jrivero/code/my-agents.md/projects/ogre-migrator/ws/build-1.12/install/lib/gz-sim/plugins/gui/libViewAngle.so" to ""
-- Installing: /home/jrivero/code/my-agents.md/projects/ogre-migrator/ws/build-1.12/install/lib/gz-sim/plugins/gui/libVisualizationCapabilities.so
-- Set non-toolchain portion of runtime path of "/home/jrivero/code/my-agents.md/projects/ogre-migrator/ws/build-1.12/install/lib/gz-sim/plugins/gui/libVisualizationCapabilities.so" to ""
-- Installing: /home/jrivero/code/my-agents.md/projects/ogre-migrator/ws/build-1.12/install/lib/gz-sim/plugins/gui/libVisualizeContacts.so
-- Set non-toolchain portion of runtime path of "/home/jrivero/code/my-agents.md/projects/ogre-migrator/ws/build-1.12/install/lib/gz-sim/plugins/gui/libVisualizeContacts.so" to ""
-- Installing: /home/jrivero/code/my-agents.md/projects/ogre-migrator/ws/build-1.12/install/lib/gz-sim/plugins/gui/libVisualizeFrustum.so
-- Set non-toolchain portion of runtime path of "/home/jrivero/code/my-agents.md/projects/ogre-migrator/ws/build-1.12/install/lib/gz-sim/plugins/gui/libVisualizeFrustum.so" to ""
-- Installing: /home/jrivero/code/my-agents.md/projects/ogre-migrator/ws/build-1.12/install/lib/gz-sim/plugins/gui/libVisualizeLidar.so
-- Set non-toolchain portion of runtime path of "/home/jrivero/code/my-agents.md/projects/ogre-migrator/ws/build-1.12/install/lib/gz-sim/plugins/gui/libVisualizeLidar.so" to ""
-- Installing: /home/jrivero/code/my-agents.md/projects/ogre-migrator/ws/build-1.12/install/include/gz/sim11/gz/sim/gui/detail/Export.hh
-- Installing: /home/jrivero/code/my-agents.md/projects/ogre-migrator/ws/build-1.12/install/include/gz/sim11/gz/sim/gui/Export.hh
-- Installing: /home/jrivero/code/my-agents.md/projects/ogre-migrator/ws/build-1.12/install/lib/libgz-sim-gui.so.11.0.0~pre1
-- Installing: /home/jrivero/code/my-agents.md/projects/ogre-migrator/ws/build-1.12/install/lib/libgz-sim-gui.so.11
-- Set non-toolchain portion of runtime path of "/home/jrivero/code/my-agents.md/projects/ogre-migrator/ws/build-1.12/install/lib/libgz-sim-gui.so.11.0.0~pre1" to ""
-- Installing: /home/jrivero/code/my-agents.md/projects/ogre-migrator/ws/build-1.12/install/lib/libgz-sim-gui.so
-- Installing: /home/jrivero/code/my-agents.md/projects/ogre-migrator/ws/build-1.12/install/lib/cmake/gz-sim-gui/gz-sim-gui-config.cmake
-- Installing: /home/jrivero/code/my-agents.md/projects/ogre-migrator/ws/build-1.12/install/lib/cmake/gz-sim-gui/gz-sim-gui-config-version.cmake
-- Installing: /home/jrivero/code/my-agents.md/projects/ogre-migrator/ws/build-1.12/install/lib/cmake/gz-sim-gui/gz-sim-gui-targets.cmake
-- Installing: /home/jrivero/code/my-agents.md/projects/ogre-migrator/ws/build-1.12/install/lib/cmake/gz-sim-gui/gz-sim-gui-targets-release.cmake
-- Installing: /home/jrivero/code/my-agents.md/projects/ogre-migrator/ws/build-1.12/install/lib/pkgconfig/gz-sim-gui.pc
-- Up-to-date: /home/jrivero/code/my-agents.md/projects/ogre-migrator/ws/build-1.12/install/lib/libgz-sim-gui.so.11.0.0~pre1
-- Up-to-date: /home/jrivero/code/my-agents.md/projects/ogre-migrator/ws/build-1.12/install/lib/libgz-sim-gui.so.11
-- Up-to-date: /home/jrivero/code/my-agents.md/projects/ogre-migrator/ws/build-1.12/install/lib/libgz-sim-gui.so
-- Installing: /home/jrivero/code/my-agents.md/projects/ogre-migrator/ws/build-1.12/install/share/gz/gz-sim/gui/gui.config
-- Installing: /home/jrivero/code/my-agents.md/projects/ogre-migrator/ws/build-1.12/install/share/gz/gz-sim/gui/playback_gui.config
-- Installing: /home/jrivero/code/my-agents.md/projects/ogre-migrator/ws/build-1.12/install/include/gz/sim11/gz/sim/ackermann-steering-system/detail/Export.hh
-- Installing: /home/jrivero/code/my-agents.md/projects/ogre-migrator/ws/build-1.12/install/include/gz/sim11/gz/sim/ackermann-steering-system/Export.hh
-- Installing: /home/jrivero/code/my-agents.md/projects/ogre-migrator/ws/build-1.12/install/lib/libgz-sim-ackermann-steering-system.so.11.0.0~pre1
-- Installing: /home/jrivero/code/my-agents.md/projects/ogre-migrator/ws/build-1.12/install/lib/libgz-sim-ackermann-steering-system.so.11
-- Set non-toolchain portion of runtime path of "/home/jrivero/code/my-agents.md/projects/ogre-migrator/ws/build-1.12/install/lib/libgz-sim-ackermann-steering-system.so.11.0.0~pre1" to ""
-- Installing: /home/jrivero/code/my-agents.md/projects/ogre-migrator/ws/build-1.12/install/lib/libgz-sim-ackermann-steering-system.so
-- Installing: /home/jrivero/code/my-agents.md/projects/ogre-migrator/ws/build-1.12/install/lib/cmake/gz-sim-ackermann-steering-system/gz-sim-ackermann-steering-system-config.cmake
-- Installing: /home/jrivero/code/my-agents.md/projects/ogre-migrator/ws/build-1.12/install/lib/cmake/gz-sim-ackermann-steering-system/gz-sim-ackermann-steering-system-config-version.cmake
-- Installing: /home/jrivero/code/my-agents.md/projects/ogre-migrator/ws/build-1.12/install/lib/cmake/gz-sim-ackermann-steering-system/gz-sim-ackermann-steering-system-targets.cmake
-- Installing: /home/jrivero/code/my-agents.md/projects/ogre-migrator/ws/build-1.12/install/lib/cmake/gz-sim-ackermann-steering-system/gz-sim-ackermann-steering-system-targets-release.cmake
-- Installing: /home/jrivero/code/my-agents.md/projects/ogre-migrator/ws/build-1.12/install/lib/pkgconfig/gz-sim-ackermann-steering-system.pc
-- Installing: /home/jrivero/code/my-agents.md/projects/ogre-migrator/ws/build-1.12/install/lib/gz-sim/plugins/libgz-sim-ackermann-steering-system.so.11.0.0~pre1
-- Installing: /home/jrivero/code/my-agents.md/projects/ogre-migrator/ws/build-1.12/install/lib/gz-sim/plugins/libgz-sim-ackermann-steering-system.so.11
-- Set non-toolchain portion of runtime path of "/home/jrivero/code/my-agents.md/projects/ogre-migrator/ws/build-1.12/install/lib/gz-sim/plugins/libgz-sim-ackermann-steering-system.so.11.0.0~pre1" to ""
-- Installing: /home/jrivero/code/my-agents.md/projects/ogre-migrator/ws/build-1.12/install/lib/gz-sim/plugins/libgz-sim-ackermann-steering-system.so
-- Installing: /home/jrivero/code/my-agents.md/projects/ogre-migrator/ws/build-1.12/install/include/gz/sim11/gz/sim/acoustic-comms-system/detail/Export.hh
-- Installing: /home/jrivero/code/my-agents.md/projects/ogre-migrator/ws/build-1.12/install/include/gz/sim11/gz/sim/acoustic-comms-system/Export.hh
-- Installing: /home/jrivero/code/my-agents.md/projects/ogre-migrator/ws/build-1.12/install/lib/libgz-sim-acoustic-comms-system.so.11.0.0~pre1
-- Installing: /home/jrivero/code/my-agents.md/projects/ogre-migrator/ws/build-1.12/install/lib/libgz-sim-acoustic-comms-system.so.11
-- Set non-toolchain portion of runtime path of "/home/jrivero/code/my-agents.md/projects/ogre-migrator/ws/build-1.12/install/lib/libgz-sim-acoustic-comms-system.so.11.0.0~pre1" to ""
-- Installing: /home/jrivero/code/my-agents.md/projects/ogre-migrator/ws/build-1.12/install/lib/libgz-sim-acoustic-comms-system.so
-- Installing: /home/jrivero/code/my-agents.md/projects/ogre-migrator/ws/build-1.12/install/lib/cmake/gz-sim-acoustic-comms-system/gz-sim-acoustic-comms-system-config.cmake
-- Installing: /home/jrivero/code/my-agents.md/projects/ogre-migrator/ws/build-1.12/install/lib/cmake/gz-sim-acoustic-comms-system/gz-sim-acoustic-comms-system-config-version.cmake
-- Installing: /home/jrivero/code/my-agents.md/projects/ogre-migrator/ws/build-1.12/install/lib/cmake/gz-sim-acoustic-comms-system/gz-sim-acoustic-comms-system-targets.cmake
-- Installing: /home/jrivero/code/my-agents.md/projects/ogre-migrator/ws/build-1.12/install/lib/cmake/gz-sim-acoustic-comms-system/gz-sim-acoustic-comms-system-targets-release.cmake
-- Installing: /home/jrivero/code/my-agents.md/projects/ogre-migrator/ws/build-1.12/install/lib/pkgconfig/gz-sim-acoustic-comms-system.pc
-- Installing: /home/jrivero/code/my-agents.md/projects/ogre-migrator/ws/build-1.12/install/lib/gz-sim/plugins/libgz-sim-acoustic-comms-system.so.11.0.0~pre1
-- Installing: /home/jrivero/code/my-agents.md/projects/ogre-migrator/ws/build-1.12/install/lib/gz-sim/plugins/libgz-sim-acoustic-comms-system.so.11
-- Set non-toolchain portion of runtime path of "/home/jrivero/code/my-agents.md/projects/ogre-migrator/ws/build-1.12/install/lib/gz-sim/plugins/libgz-sim-acoustic-comms-system.so.11.0.0~pre1" to ""
-- Installing: /home/jrivero/code/my-agents.md/projects/ogre-migrator/ws/build-1.12/install/lib/gz-sim/plugins/libgz-sim-acoustic-comms-system.so
-- Installing: /home/jrivero/code/my-agents.md/projects/ogre-migrator/ws/build-1.12/install/include/gz/sim11/gz/sim/advanced-lift-drag-system/detail/Export.hh
-- Installing: /home/jrivero/code/my-agents.md/projects/ogre-migrator/ws/build-1.12/install/include/gz/sim11/gz/sim/advanced-lift-drag-system/Export.hh
-- Installing: /home/jrivero/code/my-agents.md/projects/ogre-migrator/ws/build-1.12/install/lib/libgz-sim-advanced-lift-drag-system.so.11.0.0~pre1
-- Installing: /home/jrivero/code/my-agents.md/projects/ogre-migrator/ws/build-1.12/install/lib/libgz-sim-advanced-lift-drag-system.so.11
-- Set non-toolchain portion of runtime path of "/home/jrivero/code/my-agents.md/projects/ogre-migrator/ws/build-1.12/install/lib/libgz-sim-advanced-lift-drag-system.so.11.0.0~pre1" to ""
-- Installing: /home/jrivero/code/my-agents.md/projects/ogre-migrator/ws/build-1.12/install/lib/libgz-sim-advanced-lift-drag-system.so
-- Installing: /home/jrivero/code/my-agents.md/projects/ogre-migrator/ws/build-1.12/install/lib/cmake/gz-sim-advanced-lift-drag-system/gz-sim-advanced-lift-drag-system-config.cmake
-- Installing: /home/jrivero/code/my-agents.md/projects/ogre-migrator/ws/build-1.12/install/lib/cmake/gz-sim-advanced-lift-drag-system/gz-sim-advanced-lift-drag-system-config-version.cmake
-- Installing: /home/jrivero/code/my-agents.md/projects/ogre-migrator/ws/build-1.12/install/lib/cmake/gz-sim-advanced-lift-drag-system/gz-sim-advanced-lift-drag-system-targets.cmake
-- Installing: /home/jrivero/code/my-agents.md/projects/ogre-migrator/ws/build-1.12/install/lib/cmake/gz-sim-advanced-lift-drag-system/gz-sim-advanced-lift-drag-system-targets-release.cmake
-- Installing: /home/jrivero/code/my-agents.md/projects/ogre-migrator/ws/build-1.12/install/lib/pkgconfig/gz-sim-advanced-lift-drag-system.pc
-- Installing: /home/jrivero/code/my-agents.md/projects/ogre-migrator/ws/build-1.12/install/lib/gz-sim/plugins/libgz-sim-advanced-lift-drag-system.so.11.0.0~pre1
-- Installing: /home/jrivero/code/my-agents.md/projects/ogre-migrator/ws/build-1.12/install/lib/gz-sim/plugins/libgz-sim-advanced-lift-drag-system.so.11
-- Set non-toolchain portion of runtime path of "/home/jrivero/code/my-agents.md/projects/ogre-migrator/ws/build-1.12/install/lib/gz-sim/plugins/libgz-sim-advanced-lift-drag-system.so.11.0.0~pre1" to ""
-- Installing: /home/jrivero/code/my-agents.md/projects/ogre-migrator/ws/build-1.12/install/lib/gz-sim/plugins/libgz-sim-advanced-lift-drag-system.so
-- Installing: /home/jrivero/code/my-agents.md/projects/ogre-migrator/ws/build-1.12/install/include/gz/sim11/gz/sim/air-pressure-system/detail/Export.hh
-- Installing: /home/jrivero/code/my-agents.md/projects/ogre-migrator/ws/build-1.12/install/include/gz/sim11/gz/sim/air-pressure-system/Export.hh
-- Installing: /home/jrivero/code/my-agents.md/projects/ogre-migrator/ws/build-1.12/install/lib/libgz-sim-air-pressure-system.so.11.0.0~pre1
-- Installing: /home/jrivero/code/my-agents.md/projects/ogre-migrator/ws/build-1.12/install/lib/libgz-sim-air-pressure-system.so.11
-- Set non-toolchain portion of runtime path of "/home/jrivero/code/my-agents.md/projects/ogre-migrator/ws/build-1.12/install/lib/libgz-sim-air-pressure-system.so.11.0.0~pre1" to ""
-- Installing: /home/jrivero/code/my-agents.md/projects/ogre-migrator/ws/build-1.12/install/lib/libgz-sim-air-pressure-system.so
-- Installing: /home/jrivero/code/my-agents.md/projects/ogre-migrator/ws/build-1.12/install/lib/cmake/gz-sim-air-pressure-system/gz-sim-air-pressure-system-config.cmake
-- Installing: /home/jrivero/code/my-agents.md/projects/ogre-migrator/ws/build-1.12/install/lib/cmake/gz-sim-air-pressure-system/gz-sim-air-pressure-system-config-version.cmake
-- Installing: /home/jrivero/code/my-agents.md/projects/ogre-migrator/ws/build-1.12/install/lib/cmake/gz-sim-air-pressure-system/gz-sim-air-pressure-system-targets.cmake
-- Installing: /home/jrivero/code/my-agents.md/projects/ogre-migrator/ws/build-1.12/install/lib/cmake/gz-sim-air-pressure-system/gz-sim-air-pressure-system-targets-release.cmake
-- Installing: /home/jrivero/code/my-agents.md/projects/ogre-migrator/ws/build-1.12/install/lib/pkgconfig/gz-sim-air-pressure-system.pc
-- Installing: /home/jrivero/code/my-agents.md/projects/ogre-migrator/ws/build-1.12/install/lib/gz-sim/plugins/libgz-sim-air-pressure-system.so.11.0.0~pre1
-- Installing: /home/jrivero/code/my-agents.md/projects/ogre-migrator/ws/build-1.12/install/lib/gz-sim/plugins/libgz-sim-air-pressure-system.so.11
-- Set non-toolchain portion of runtime path of "/home/jrivero/code/my-agents.md/projects/ogre-migrator/ws/build-1.12/install/lib/gz-sim/plugins/libgz-sim-air-pressure-system.so.11.0.0~pre1" to ""
-- Installing: /home/jrivero/code/my-agents.md/projects/ogre-migrator/ws/build-1.12/install/lib/gz-sim/plugins/libgz-sim-air-pressure-system.so
-- Installing: /home/jrivero/code/my-agents.md/projects/ogre-migrator/ws/build-1.12/install/include/gz/sim11/gz/sim/air-speed-system/detail/Export.hh
-- Installing: /home/jrivero/code/my-agents.md/projects/ogre-migrator/ws/build-1.12/install/include/gz/sim11/gz/sim/air-speed-system/Export.hh
-- Installing: /home/jrivero/code/my-agents.md/projects/ogre-migrator/ws/build-1.12/install/lib/libgz-sim-air-speed-system.so.11.0.0~pre1
-- Installing: /home/jrivero/code/my-agents.md/projects/ogre-migrator/ws/build-1.12/install/lib/libgz-sim-air-speed-system.so.11
-- Set non-toolchain portion of runtime path of "/home/jrivero/code/my-agents.md/projects/ogre-migrator/ws/build-1.12/install/lib/libgz-sim-air-speed-system.so.11.0.0~pre1" to ""
-- Installing: /home/jrivero/code/my-agents.md/projects/ogre-migrator/ws/build-1.12/install/lib/libgz-sim-air-speed-system.so
-- Installing: /home/jrivero/code/my-agents.md/projects/ogre-migrator/ws/build-1.12/install/lib/cmake/gz-sim-air-speed-system/gz-sim-air-speed-system-config.cmake
-- Installing: /home/jrivero/code/my-agents.md/projects/ogre-migrator/ws/build-1.12/install/lib/cmake/gz-sim-air-speed-system/gz-sim-air-speed-system-config-version.cmake
-- Installing: /home/jrivero/code/my-agents.md/projects/ogre-migrator/ws/build-1.12/install/lib/cmake/gz-sim-air-speed-system/gz-sim-air-speed-system-targets.cmake
-- Installing: /home/jrivero/code/my-agents.md/projects/ogre-migrator/ws/build-1.12/install/lib/cmake/gz-sim-air-speed-system/gz-sim-air-speed-system-targets-release.cmake
-- Installing: /home/jrivero/code/my-agents.md/projects/ogre-migrator/ws/build-1.12/install/lib/pkgconfig/gz-sim-air-speed-system.pc
-- Installing: /home/jrivero/code/my-agents.md/projects/ogre-migrator/ws/build-1.12/install/lib/gz-sim/plugins/libgz-sim-air-speed-system.so.11.0.0~pre1
-- Installing: /home/jrivero/code/my-agents.md/projects/ogre-migrator/ws/build-1.12/install/lib/gz-sim/plugins/libgz-sim-air-speed-system.so.11
-- Set non-toolchain portion of runtime path of "/home/jrivero/code/my-agents.md/projects/ogre-migrator/ws/build-1.12/install/lib/gz-sim/plugins/libgz-sim-air-speed-system.so.11.0.0~pre1" to ""
-- Installing: /home/jrivero/code/my-agents.md/projects/ogre-migrator/ws/build-1.12/install/lib/gz-sim/plugins/libgz-sim-air-speed-system.so
-- Installing: /home/jrivero/code/my-agents.md/projects/ogre-migrator/ws/build-1.12/install/include/gz/sim11/gz/sim/altimeter-system/detail/Export.hh
-- Installing: /home/jrivero/code/my-agents.md/projects/ogre-migrator/ws/build-1.12/install/include/gz/sim11/gz/sim/altimeter-system/Export.hh
-- Installing: /home/jrivero/code/my-agents.md/projects/ogre-migrator/ws/build-1.12/install/lib/libgz-sim-altimeter-system.so.11.0.0~pre1
-- Installing: /home/jrivero/code/my-agents.md/projects/ogre-migrator/ws/build-1.12/install/lib/libgz-sim-altimeter-system.so.11
-- Set non-toolchain portion of runtime path of "/home/jrivero/code/my-agents.md/projects/ogre-migrator/ws/build-1.12/install/lib/libgz-sim-altimeter-system.so.11.0.0~pre1" to ""
-- Installing: /home/jrivero/code/my-agents.md/projects/ogre-migrator/ws/build-1.12/install/lib/libgz-sim-altimeter-system.so
-- Installing: /home/jrivero/code/my-agents.md/projects/ogre-migrator/ws/build-1.12/install/lib/cmake/gz-sim-altimeter-system/gz-sim-altimeter-system-config.cmake
-- Installing: /home/jrivero/code/my-agents.md/projects/ogre-migrator/ws/build-1.12/install/lib/cmake/gz-sim-altimeter-system/gz-sim-altimeter-system-config-version.cmake
-- Installing: /home/jrivero/code/my-agents.md/projects/ogre-migrator/ws/build-1.12/install/lib/cmake/gz-sim-altimeter-system/gz-sim-altimeter-system-targets.cmake
-- Installing: /home/jrivero/code/my-agents.md/projects/ogre-migrator/ws/build-1.12/install/lib/cmake/gz-sim-altimeter-system/gz-sim-altimeter-system-targets-release.cmake
-- Installing: /home/jrivero/code/my-agents.md/projects/ogre-migrator/ws/build-1.12/install/lib/pkgconfig/gz-sim-altimeter-system.pc
-- Installing: /home/jrivero/code/my-agents.md/projects/ogre-migrator/ws/build-1.12/install/lib/gz-sim/plugins/libgz-sim-altimeter-system.so.11.0.0~pre1
-- Installing: /home/jrivero/code/my-agents.md/projects/ogre-migrator/ws/build-1.12/install/lib/gz-sim/plugins/libgz-sim-altimeter-system.so.11
-- Set non-toolchain portion of runtime path of "/home/jrivero/code/my-agents.md/projects/ogre-migrator/ws/build-1.12/install/lib/gz-sim/plugins/libgz-sim-altimeter-system.so.11.0.0~pre1" to ""
-- Installing: /home/jrivero/code/my-agents.md/projects/ogre-migrator/ws/build-1.12/install/lib/gz-sim/plugins/libgz-sim-altimeter-system.so
-- Installing: /home/jrivero/code/my-agents.md/projects/ogre-migrator/ws/build-1.12/install/include/gz/sim11/gz/sim/apply-joint-force-system/detail/Export.hh
-- Installing: /home/jrivero/code/my-agents.md/projects/ogre-migrator/ws/build-1.12/install/include/gz/sim11/gz/sim/apply-joint-force-system/Export.hh
-- Installing: /home/jrivero/code/my-agents.md/projects/ogre-migrator/ws/build-1.12/install/lib/libgz-sim-apply-joint-force-system.so.11.0.0~pre1
-- Installing: /home/jrivero/code/my-agents.md/projects/ogre-migrator/ws/build-1.12/install/lib/libgz-sim-apply-joint-force-system.so.11
-- Set non-toolchain portion of runtime path of "/home/jrivero/code/my-agents.md/projects/ogre-migrator/ws/build-1.12/install/lib/libgz-sim-apply-joint-force-system.so.11.0.0~pre1" to ""
-- Installing: /home/jrivero/code/my-agents.md/projects/ogre-migrator/ws/build-1.12/install/lib/libgz-sim-apply-joint-force-system.so
-- Installing: /home/jrivero/code/my-agents.md/projects/ogre-migrator/ws/build-1.12/install/lib/cmake/gz-sim-apply-joint-force-system/gz-sim-apply-joint-force-system-config.cmake
-- Installing: /home/jrivero/code/my-agents.md/projects/ogre-migrator/ws/build-1.12/install/lib/cmake/gz-sim-apply-joint-force-system/gz-sim-apply-joint-force-system-config-version.cmake
-- Installing: /home/jrivero/code/my-agents.md/projects/ogre-migrator/ws/build-1.12/install/lib/cmake/gz-sim-apply-joint-force-system/gz-sim-apply-joint-force-system-targets.cmake
-- Installing: /home/jrivero/code/my-agents.md/projects/ogre-migrator/ws/build-1.12/install/lib/cmake/gz-sim-apply-joint-force-system/gz-sim-apply-joint-force-system-targets-release.cmake
-- Installing: /home/jrivero/code/my-agents.md/projects/ogre-migrator/ws/build-1.12/install/lib/pkgconfig/gz-sim-apply-joint-force-system.pc
-- Installing: /home/jrivero/code/my-agents.md/projects/ogre-migrator/ws/build-1.12/install/lib/gz-sim/plugins/libgz-sim-apply-joint-force-system.so.11.0.0~pre1
-- Installing: /home/jrivero/code/my-agents.md/projects/ogre-migrator/ws/build-1.12/install/lib/gz-sim/plugins/libgz-sim-apply-joint-force-system.so.11
-- Set non-toolchain portion of runtime path of "/home/jrivero/code/my-agents.md/projects/ogre-migrator/ws/build-1.12/install/lib/gz-sim/plugins/libgz-sim-apply-joint-force-system.so.11.0.0~pre1" to ""
-- Installing: /home/jrivero/code/my-agents.md/projects/ogre-migrator/ws/build-1.12/install/lib/gz-sim/plugins/libgz-sim-apply-joint-force-system.so
-- Installing: /home/jrivero/code/my-agents.md/projects/ogre-migrator/ws/build-1.12/install/include/gz/sim11/gz/sim/apply-link-wrench-system/detail/Export.hh
-- Installing: /home/jrivero/code/my-agents.md/projects/ogre-migrator/ws/build-1.12/install/include/gz/sim11/gz/sim/apply-link-wrench-system/Export.hh
-- Installing: /home/jrivero/code/my-agents.md/projects/ogre-migrator/ws/build-1.12/install/lib/libgz-sim-apply-link-wrench-system.so.11.0.0~pre1
-- Installing: /home/jrivero/code/my-agents.md/projects/ogre-migrator/ws/build-1.12/install/lib/libgz-sim-apply-link-wrench-system.so.11
-- Set non-toolchain portion of runtime path of "/home/jrivero/code/my-agents.md/projects/ogre-migrator/ws/build-1.12/install/lib/libgz-sim-apply-link-wrench-system.so.11.0.0~pre1" to ""
-- Installing: /home/jrivero/code/my-agents.md/projects/ogre-migrator/ws/build-1.12/install/lib/libgz-sim-apply-link-wrench-system.so
-- Installing: /home/jrivero/code/my-agents.md/projects/ogre-migrator/ws/build-1.12/install/lib/cmake/gz-sim-apply-link-wrench-system/gz-sim-apply-link-wrench-system-config.cmake
-- Installing: /home/jrivero/code/my-agents.md/projects/ogre-migrator/ws/build-1.12/install/lib/cmake/gz-sim-apply-link-wrench-system/gz-sim-apply-link-wrench-system-config-version.cmake
-- Installing: /home/jrivero/code/my-agents.md/projects/ogre-migrator/ws/build-1.12/install/lib/cmake/gz-sim-apply-link-wrench-system/gz-sim-apply-link-wrench-system-targets.cmake
-- Installing: /home/jrivero/code/my-agents.md/projects/ogre-migrator/ws/build-1.12/install/lib/cmake/gz-sim-apply-link-wrench-system/gz-sim-apply-link-wrench-system-targets-release.cmake
-- Installing: /home/jrivero/code/my-agents.md/projects/ogre-migrator/ws/build-1.12/install/lib/pkgconfig/gz-sim-apply-link-wrench-system.pc
-- Installing: /home/jrivero/code/my-agents.md/projects/ogre-migrator/ws/build-1.12/install/lib/gz-sim/plugins/libgz-sim-apply-link-wrench-system.so.11.0.0~pre1
-- Installing: /home/jrivero/code/my-agents.md/projects/ogre-migrator/ws/build-1.12/install/lib/gz-sim/plugins/libgz-sim-apply-link-wrench-system.so.11
-- Set non-toolchain portion of runtime path of "/home/jrivero/code/my-agents.md/projects/ogre-migrator/ws/build-1.12/install/lib/gz-sim/plugins/libgz-sim-apply-link-wrench-system.so.11.0.0~pre1" to ""
-- Installing: /home/jrivero/code/my-agents.md/projects/ogre-migrator/ws/build-1.12/install/lib/gz-sim/plugins/libgz-sim-apply-link-wrench-system.so
-- Installing: /home/jrivero/code/my-agents.md/projects/ogre-migrator/ws/build-1.12/install/include/gz/sim11/gz/sim/linearbatteryplugin-system/detail/Export.hh
-- Installing: /home/jrivero/code/my-agents.md/projects/ogre-migrator/ws/build-1.12/install/include/gz/sim11/gz/sim/linearbatteryplugin-system/Export.hh
-- Installing: /home/jrivero/code/my-agents.md/projects/ogre-migrator/ws/build-1.12/install/lib/libgz-sim-linearbatteryplugin-system.so.11.0.0~pre1
-- Installing: /home/jrivero/code/my-agents.md/projects/ogre-migrator/ws/build-1.12/install/lib/libgz-sim-linearbatteryplugin-system.so.11
-- Set non-toolchain portion of runtime path of "/home/jrivero/code/my-agents.md/projects/ogre-migrator/ws/build-1.12/install/lib/libgz-sim-linearbatteryplugin-system.so.11.0.0~pre1" to ""
-- Installing: /home/jrivero/code/my-agents.md/projects/ogre-migrator/ws/build-1.12/install/lib/libgz-sim-linearbatteryplugin-system.so
-- Installing: /home/jrivero/code/my-agents.md/projects/ogre-migrator/ws/build-1.12/install/lib/cmake/gz-sim-linearbatteryplugin-system/gz-sim-linearbatteryplugin-system-config.cmake
-- Installing: /home/jrivero/code/my-agents.md/projects/ogre-migrator/ws/build-1.12/install/lib/cmake/gz-sim-linearbatteryplugin-system/gz-sim-linearbatteryplugin-system-config-version.cmake
-- Installing: /home/jrivero/code/my-agents.md/projects/ogre-migrator/ws/build-1.12/install/lib/cmake/gz-sim-linearbatteryplugin-system/gz-sim-linearbatteryplugin-system-targets.cmake
-- Installing: /home/jrivero/code/my-agents.md/projects/ogre-migrator/ws/build-1.12/install/lib/cmake/gz-sim-linearbatteryplugin-system/gz-sim-linearbatteryplugin-system-targets-release.cmake
-- Installing: /home/jrivero/code/my-agents.md/projects/ogre-migrator/ws/build-1.12/install/lib/pkgconfig/gz-sim-linearbatteryplugin-system.pc
-- Installing: /home/jrivero/code/my-agents.md/projects/ogre-migrator/ws/build-1.12/install/lib/gz-sim/plugins/libgz-sim-linearbatteryplugin-system.so.11.0.0~pre1
-- Installing: /home/jrivero/code/my-agents.md/projects/ogre-migrator/ws/build-1.12/install/lib/gz-sim/plugins/libgz-sim-linearbatteryplugin-system.so.11
-- Set non-toolchain portion of runtime path of "/home/jrivero/code/my-agents.md/projects/ogre-migrator/ws/build-1.12/install/lib/gz-sim/plugins/libgz-sim-linearbatteryplugin-system.so.11.0.0~pre1" to ""
-- Installing: /home/jrivero/code/my-agents.md/projects/ogre-migrator/ws/build-1.12/install/lib/gz-sim/plugins/libgz-sim-linearbatteryplugin-system.so
-- Installing: /home/jrivero/code/my-agents.md/projects/ogre-migrator/ws/build-1.12/install/include/gz/sim11/gz/sim/breadcrumbs-system/detail/Export.hh
-- Installing: /home/jrivero/code/my-agents.md/projects/ogre-migrator/ws/build-1.12/install/include/gz/sim11/gz/sim/breadcrumbs-system/Export.hh
-- Installing: /home/jrivero/code/my-agents.md/projects/ogre-migrator/ws/build-1.12/install/lib/libgz-sim-breadcrumbs-system.so.11.0.0~pre1
-- Installing: /home/jrivero/code/my-agents.md/projects/ogre-migrator/ws/build-1.12/install/lib/libgz-sim-breadcrumbs-system.so.11
-- Set non-toolchain portion of runtime path of "/home/jrivero/code/my-agents.md/projects/ogre-migrator/ws/build-1.12/install/lib/libgz-sim-breadcrumbs-system.so.11.0.0~pre1" to ""
-- Installing: /home/jrivero/code/my-agents.md/projects/ogre-migrator/ws/build-1.12/install/lib/libgz-sim-breadcrumbs-system.so
-- Installing: /home/jrivero/code/my-agents.md/projects/ogre-migrator/ws/build-1.12/install/lib/cmake/gz-sim-breadcrumbs-system/gz-sim-breadcrumbs-system-config.cmake
-- Installing: /home/jrivero/code/my-agents.md/projects/ogre-migrator/ws/build-1.12/install/lib/cmake/gz-sim-breadcrumbs-system/gz-sim-breadcrumbs-system-config-version.cmake
-- Installing: /home/jrivero/code/my-agents.md/projects/ogre-migrator/ws/build-1.12/install/lib/cmake/gz-sim-breadcrumbs-system/gz-sim-breadcrumbs-system-targets.cmake
-- Installing: /home/jrivero/code/my-agents.md/projects/ogre-migrator/ws/build-1.12/install/lib/cmake/gz-sim-breadcrumbs-system/gz-sim-breadcrumbs-system-targets-release.cmake
-- Installing: /home/jrivero/code/my-agents.md/projects/ogre-migrator/ws/build-1.12/install/lib/pkgconfig/gz-sim-breadcrumbs-system.pc
-- Installing: /home/jrivero/code/my-agents.md/projects/ogre-migrator/ws/build-1.12/install/lib/gz-sim/plugins/libgz-sim-breadcrumbs-system.so.11.0.0~pre1
-- Installing: /home/jrivero/code/my-agents.md/projects/ogre-migrator/ws/build-1.12/install/lib/gz-sim/plugins/libgz-sim-breadcrumbs-system.so.11
-- Set non-toolchain portion of runtime path of "/home/jrivero/code/my-agents.md/projects/ogre-migrator/ws/build-1.12/install/lib/gz-sim/plugins/libgz-sim-breadcrumbs-system.so.11.0.0~pre1" to ""
-- Installing: /home/jrivero/code/my-agents.md/projects/ogre-migrator/ws/build-1.12/install/lib/gz-sim/plugins/libgz-sim-breadcrumbs-system.so
-- Installing: /home/jrivero/code/my-agents.md/projects/ogre-migrator/ws/build-1.12/install/include/gz/sim11/gz/sim/buoyancy-system/detail/Export.hh
-- Installing: /home/jrivero/code/my-agents.md/projects/ogre-migrator/ws/build-1.12/install/include/gz/sim11/gz/sim/buoyancy-system/Export.hh
-- Installing: /home/jrivero/code/my-agents.md/projects/ogre-migrator/ws/build-1.12/install/lib/libgz-sim-buoyancy-system.so.11.0.0~pre1
-- Installing: /home/jrivero/code/my-agents.md/projects/ogre-migrator/ws/build-1.12/install/lib/libgz-sim-buoyancy-system.so.11
-- Set non-toolchain portion of runtime path of "/home/jrivero/code/my-agents.md/projects/ogre-migrator/ws/build-1.12/install/lib/libgz-sim-buoyancy-system.so.11.0.0~pre1" to ""
-- Installing: /home/jrivero/code/my-agents.md/projects/ogre-migrator/ws/build-1.12/install/lib/libgz-sim-buoyancy-system.so
-- Installing: /home/jrivero/code/my-agents.md/projects/ogre-migrator/ws/build-1.12/install/lib/cmake/gz-sim-buoyancy-system/gz-sim-buoyancy-system-config.cmake
-- Installing: /home/jrivero/code/my-agents.md/projects/ogre-migrator/ws/build-1.12/install/lib/cmake/gz-sim-buoyancy-system/gz-sim-buoyancy-system-config-version.cmake
-- Installing: /home/jrivero/code/my-agents.md/projects/ogre-migrator/ws/build-1.12/install/lib/cmake/gz-sim-buoyancy-system/gz-sim-buoyancy-system-targets.cmake
-- Installing: /home/jrivero/code/my-agents.md/projects/ogre-migrator/ws/build-1.12/install/lib/cmake/gz-sim-buoyancy-system/gz-sim-buoyancy-system-targets-release.cmake
-- Installing: /home/jrivero/code/my-agents.md/projects/ogre-migrator/ws/build-1.12/install/lib/pkgconfig/gz-sim-buoyancy-system.pc
-- Installing: /home/jrivero/code/my-agents.md/projects/ogre-migrator/ws/build-1.12/install/lib/gz-sim/plugins/libgz-sim-buoyancy-system.so.11.0.0~pre1
-- Installing: /home/jrivero/code/my-agents.md/projects/ogre-migrator/ws/build-1.12/install/lib/gz-sim/plugins/libgz-sim-buoyancy-system.so.11
-- Set non-toolchain portion of runtime path of "/home/jrivero/code/my-agents.md/projects/ogre-migrator/ws/build-1.12/install/lib/gz-sim/plugins/libgz-sim-buoyancy-system.so.11.0.0~pre1" to ""
-- Installing: /home/jrivero/code/my-agents.md/projects/ogre-migrator/ws/build-1.12/install/lib/gz-sim/plugins/libgz-sim-buoyancy-system.so
-- Installing: /home/jrivero/code/my-agents.md/projects/ogre-migrator/ws/build-1.12/install/include/gz/sim11/gz/sim/buoyancy-engine-system/detail/Export.hh
-- Installing: /home/jrivero/code/my-agents.md/projects/ogre-migrator/ws/build-1.12/install/include/gz/sim11/gz/sim/buoyancy-engine-system/Export.hh
-- Installing: /home/jrivero/code/my-agents.md/projects/ogre-migrator/ws/build-1.12/install/lib/libgz-sim-buoyancy-engine-system.so.11.0.0~pre1
-- Installing: /home/jrivero/code/my-agents.md/projects/ogre-migrator/ws/build-1.12/install/lib/libgz-sim-buoyancy-engine-system.so.11
-- Set non-toolchain portion of runtime path of "/home/jrivero/code/my-agents.md/projects/ogre-migrator/ws/build-1.12/install/lib/libgz-sim-buoyancy-engine-system.so.11.0.0~pre1" to ""
-- Installing: /home/jrivero/code/my-agents.md/projects/ogre-migrator/ws/build-1.12/install/lib/libgz-sim-buoyancy-engine-system.so
-- Installing: /home/jrivero/code/my-agents.md/projects/ogre-migrator/ws/build-1.12/install/lib/cmake/gz-sim-buoyancy-engine-system/gz-sim-buoyancy-engine-system-config.cmake
-- Installing: /home/jrivero/code/my-agents.md/projects/ogre-migrator/ws/build-1.12/install/lib/cmake/gz-sim-buoyancy-engine-system/gz-sim-buoyancy-engine-system-config-version.cmake
-- Installing: /home/jrivero/code/my-agents.md/projects/ogre-migrator/ws/build-1.12/install/lib/cmake/gz-sim-buoyancy-engine-system/gz-sim-buoyancy-engine-system-targets.cmake
-- Installing: /home/jrivero/code/my-agents.md/projects/ogre-migrator/ws/build-1.12/install/lib/cmake/gz-sim-buoyancy-engine-system/gz-sim-buoyancy-engine-system-targets-release.cmake
-- Installing: /home/jrivero/code/my-agents.md/projects/ogre-migrator/ws/build-1.12/install/lib/pkgconfig/gz-sim-buoyancy-engine-system.pc
-- Installing: /home/jrivero/code/my-agents.md/projects/ogre-migrator/ws/build-1.12/install/lib/gz-sim/plugins/libgz-sim-buoyancy-engine-system.so.11.0.0~pre1
-- Installing: /home/jrivero/code/my-agents.md/projects/ogre-migrator/ws/build-1.12/install/lib/gz-sim/plugins/libgz-sim-buoyancy-engine-system.so.11
-- Set non-toolchain portion of runtime path of "/home/jrivero/code/my-agents.md/projects/ogre-migrator/ws/build-1.12/install/lib/gz-sim/plugins/libgz-sim-buoyancy-engine-system.so.11.0.0~pre1" to ""
-- Installing: /home/jrivero/code/my-agents.md/projects/ogre-migrator/ws/build-1.12/install/lib/gz-sim/plugins/libgz-sim-buoyancy-engine-system.so
-- Installing: /home/jrivero/code/my-agents.md/projects/ogre-migrator/ws/build-1.12/install/include/gz/sim11/gz/sim/collada-world-exporter-system/detail/Export.hh
-- Installing: /home/jrivero/code/my-agents.md/projects/ogre-migrator/ws/build-1.12/install/include/gz/sim11/gz/sim/collada-world-exporter-system/Export.hh
-- Installing: /home/jrivero/code/my-agents.md/projects/ogre-migrator/ws/build-1.12/install/lib/libgz-sim-collada-world-exporter-system.so.11.0.0~pre1
-- Installing: /home/jrivero/code/my-agents.md/projects/ogre-migrator/ws/build-1.12/install/lib/libgz-sim-collada-world-exporter-system.so.11
-- Set non-toolchain portion of runtime path of "/home/jrivero/code/my-agents.md/projects/ogre-migrator/ws/build-1.12/install/lib/libgz-sim-collada-world-exporter-system.so.11.0.0~pre1" to ""
-- Installing: /home/jrivero/code/my-agents.md/projects/ogre-migrator/ws/build-1.12/install/lib/libgz-sim-collada-world-exporter-system.so
-- Installing: /home/jrivero/code/my-agents.md/projects/ogre-migrator/ws/build-1.12/install/lib/cmake/gz-sim-collada-world-exporter-system/gz-sim-collada-world-exporter-system-config.cmake
-- Installing: /home/jrivero/code/my-agents.md/projects/ogre-migrator/ws/build-1.12/install/lib/cmake/gz-sim-collada-world-exporter-system/gz-sim-collada-world-exporter-system-config-version.cmake
-- Installing: /home/jrivero/code/my-agents.md/projects/ogre-migrator/ws/build-1.12/install/lib/cmake/gz-sim-collada-world-exporter-system/gz-sim-collada-world-exporter-system-targets.cmake
-- Installing: /home/jrivero/code/my-agents.md/projects/ogre-migrator/ws/build-1.12/install/lib/cmake/gz-sim-collada-world-exporter-system/gz-sim-collada-world-exporter-system-targets-release.cmake
-- Installing: /home/jrivero/code/my-agents.md/projects/ogre-migrator/ws/build-1.12/install/lib/pkgconfig/gz-sim-collada-world-exporter-system.pc
-- Installing: /home/jrivero/code/my-agents.md/projects/ogre-migrator/ws/build-1.12/install/lib/gz-sim/plugins/libgz-sim-collada-world-exporter-system.so.11.0.0~pre1
-- Installing: /home/jrivero/code/my-agents.md/projects/ogre-migrator/ws/build-1.12/install/lib/gz-sim/plugins/libgz-sim-collada-world-exporter-system.so.11
-- Set non-toolchain portion of runtime path of "/home/jrivero/code/my-agents.md/projects/ogre-migrator/ws/build-1.12/install/lib/gz-sim/plugins/libgz-sim-collada-world-exporter-system.so.11.0.0~pre1" to ""
-- Installing: /home/jrivero/code/my-agents.md/projects/ogre-migrator/ws/build-1.12/install/lib/gz-sim/plugins/libgz-sim-collada-world-exporter-system.so
-- Installing: /home/jrivero/code/my-agents.md/projects/ogre-migrator/ws/build-1.12/install/include/gz/sim11/gz/sim/comms-endpoint-system/detail/Export.hh
-- Installing: /home/jrivero/code/my-agents.md/projects/ogre-migrator/ws/build-1.12/install/include/gz/sim11/gz/sim/comms-endpoint-system/Export.hh
-- Installing: /home/jrivero/code/my-agents.md/projects/ogre-migrator/ws/build-1.12/install/lib/libgz-sim-comms-endpoint-system.so.11.0.0~pre1
-- Installing: /home/jrivero/code/my-agents.md/projects/ogre-migrator/ws/build-1.12/install/lib/libgz-sim-comms-endpoint-system.so.11
-- Set non-toolchain portion of runtime path of "/home/jrivero/code/my-agents.md/projects/ogre-migrator/ws/build-1.12/install/lib/libgz-sim-comms-endpoint-system.so.11.0.0~pre1" to ""
-- Installing: /home/jrivero/code/my-agents.md/projects/ogre-migrator/ws/build-1.12/install/lib/libgz-sim-comms-endpoint-system.so
-- Installing: /home/jrivero/code/my-agents.md/projects/ogre-migrator/ws/build-1.12/install/lib/cmake/gz-sim-comms-endpoint-system/gz-sim-comms-endpoint-system-config.cmake
-- Installing: /home/jrivero/code/my-agents.md/projects/ogre-migrator/ws/build-1.12/install/lib/cmake/gz-sim-comms-endpoint-system/gz-sim-comms-endpoint-system-config-version.cmake
-- Installing: /home/jrivero/code/my-agents.md/projects/ogre-migrator/ws/build-1.12/install/lib/cmake/gz-sim-comms-endpoint-system/gz-sim-comms-endpoint-system-targets.cmake
-- Installing: /home/jrivero/code/my-agents.md/projects/ogre-migrator/ws/build-1.12/install/lib/cmake/gz-sim-comms-endpoint-system/gz-sim-comms-endpoint-system-targets-release.cmake
-- Installing: /home/jrivero/code/my-agents.md/projects/ogre-migrator/ws/build-1.12/install/lib/pkgconfig/gz-sim-comms-endpoint-system.pc
-- Installing: /home/jrivero/code/my-agents.md/projects/ogre-migrator/ws/build-1.12/install/lib/gz-sim/plugins/libgz-sim-comms-endpoint-system.so.11.0.0~pre1
-- Installing: /home/jrivero/code/my-agents.md/projects/ogre-migrator/ws/build-1.12/install/lib/gz-sim/plugins/libgz-sim-comms-endpoint-system.so.11
-- Set non-toolchain portion of runtime path of "/home/jrivero/code/my-agents.md/projects/ogre-migrator/ws/build-1.12/install/lib/gz-sim/plugins/libgz-sim-comms-endpoint-system.so.11.0.0~pre1" to ""
-- Installing: /home/jrivero/code/my-agents.md/projects/ogre-migrator/ws/build-1.12/install/lib/gz-sim/plugins/libgz-sim-comms-endpoint-system.so
-- Installing: /home/jrivero/code/my-agents.md/projects/ogre-migrator/ws/build-1.12/install/include/gz/sim11/gz/sim/contact-system/detail/Export.hh
-- Installing: /home/jrivero/code/my-agents.md/projects/ogre-migrator/ws/build-1.12/install/include/gz/sim11/gz/sim/contact-system/Export.hh
-- Installing: /home/jrivero/code/my-agents.md/projects/ogre-migrator/ws/build-1.12/install/lib/libgz-sim-contact-system.so.11.0.0~pre1
-- Installing: /home/jrivero/code/my-agents.md/projects/ogre-migrator/ws/build-1.12/install/lib/libgz-sim-contact-system.so.11
-- Set non-toolchain portion of runtime path of "/home/jrivero/code/my-agents.md/projects/ogre-migrator/ws/build-1.12/install/lib/libgz-sim-contact-system.so.11.0.0~pre1" to ""
-- Installing: /home/jrivero/code/my-agents.md/projects/ogre-migrator/ws/build-1.12/install/lib/libgz-sim-contact-system.so
-- Installing: /home/jrivero/code/my-agents.md/projects/ogre-migrator/ws/build-1.12/install/lib/cmake/gz-sim-contact-system/gz-sim-contact-system-config.cmake
-- Installing: /home/jrivero/code/my-agents.md/projects/ogre-migrator/ws/build-1.12/install/lib/cmake/gz-sim-contact-system/gz-sim-contact-system-config-version.cmake
-- Installing: /home/jrivero/code/my-agents.md/projects/ogre-migrator/ws/build-1.12/install/lib/cmake/gz-sim-contact-system/gz-sim-contact-system-targets.cmake
-- Installing: /home/jrivero/code/my-agents.md/projects/ogre-migrator/ws/build-1.12/install/lib/cmake/gz-sim-contact-system/gz-sim-contact-system-targets-release.cmake
-- Installing: /home/jrivero/code/my-agents.md/projects/ogre-migrator/ws/build-1.12/install/lib/pkgconfig/gz-sim-contact-system.pc
-- Installing: /home/jrivero/code/my-agents.md/projects/ogre-migrator/ws/build-1.12/install/lib/gz-sim/plugins/libgz-sim-contact-system.so.11.0.0~pre1
-- Installing: /home/jrivero/code/my-agents.md/projects/ogre-migrator/ws/build-1.12/install/lib/gz-sim/plugins/libgz-sim-contact-system.so.11
-- Set non-toolchain portion of runtime path of "/home/jrivero/code/my-agents.md/projects/ogre-migrator/ws/build-1.12/install/lib/gz-sim/plugins/libgz-sim-contact-system.so.11.0.0~pre1" to ""
-- Installing: /home/jrivero/code/my-agents.md/projects/ogre-migrator/ws/build-1.12/install/lib/gz-sim/plugins/libgz-sim-contact-system.so
-- Installing: /home/jrivero/code/my-agents.md/projects/ogre-migrator/ws/build-1.12/install/include/gz/sim11/gz/sim/camera-video-recorder-system/detail/Export.hh
-- Installing: /home/jrivero/code/my-agents.md/projects/ogre-migrator/ws/build-1.12/install/include/gz/sim11/gz/sim/camera-video-recorder-system/Export.hh
-- Installing: /home/jrivero/code/my-agents.md/projects/ogre-migrator/ws/build-1.12/install/lib/libgz-sim-camera-video-recorder-system.so.11.0.0~pre1
-- Installing: /home/jrivero/code/my-agents.md/projects/ogre-migrator/ws/build-1.12/install/lib/libgz-sim-camera-video-recorder-system.so.11
-- Set non-toolchain portion of runtime path of "/home/jrivero/code/my-agents.md/projects/ogre-migrator/ws/build-1.12/install/lib/libgz-sim-camera-video-recorder-system.so.11.0.0~pre1" to ""
-- Installing: /home/jrivero/code/my-agents.md/projects/ogre-migrator/ws/build-1.12/install/lib/libgz-sim-camera-video-recorder-system.so
-- Installing: /home/jrivero/code/my-agents.md/projects/ogre-migrator/ws/build-1.12/install/lib/cmake/gz-sim-camera-video-recorder-system/gz-sim-camera-video-recorder-system-config.cmake
-- Installing: /home/jrivero/code/my-agents.md/projects/ogre-migrator/ws/build-1.12/install/lib/cmake/gz-sim-camera-video-recorder-system/gz-sim-camera-video-recorder-system-config-version.cmake
-- Installing: /home/jrivero/code/my-agents.md/projects/ogre-migrator/ws/build-1.12/install/lib/cmake/gz-sim-camera-video-recorder-system/gz-sim-camera-video-recorder-system-targets.cmake
-- Installing: /home/jrivero/code/my-agents.md/projects/ogre-migrator/ws/build-1.12/install/lib/cmake/gz-sim-camera-video-recorder-system/gz-sim-camera-video-recorder-system-targets-release.cmake
-- Installing: /home/jrivero/code/my-agents.md/projects/ogre-migrator/ws/build-1.12/install/lib/pkgconfig/gz-sim-camera-video-recorder-system.pc
-- Installing: /home/jrivero/code/my-agents.md/projects/ogre-migrator/ws/build-1.12/install/lib/gz-sim/plugins/libgz-sim-camera-video-recorder-system.so.11.0.0~pre1
-- Installing: /home/jrivero/code/my-agents.md/projects/ogre-migrator/ws/build-1.12/install/lib/gz-sim/plugins/libgz-sim-camera-video-recorder-system.so.11
-- Set non-toolchain portion of runtime path of "/home/jrivero/code/my-agents.md/projects/ogre-migrator/ws/build-1.12/install/lib/gz-sim/plugins/libgz-sim-camera-video-recorder-system.so.11.0.0~pre1" to ""
-- Installing: /home/jrivero/code/my-agents.md/projects/ogre-migrator/ws/build-1.12/install/lib/gz-sim/plugins/libgz-sim-camera-video-recorder-system.so
-- Installing: /home/jrivero/code/my-agents.md/projects/ogre-migrator/ws/build-1.12/install/include/gz/sim11/gz/sim/detachable-joint-system/detail/Export.hh
-- Installing: /home/jrivero/code/my-agents.md/projects/ogre-migrator/ws/build-1.12/install/include/gz/sim11/gz/sim/detachable-joint-system/Export.hh
-- Installing: /home/jrivero/code/my-agents.md/projects/ogre-migrator/ws/build-1.12/install/lib/libgz-sim-detachable-joint-system.so.11.0.0~pre1
-- Installing: /home/jrivero/code/my-agents.md/projects/ogre-migrator/ws/build-1.12/install/lib/libgz-sim-detachable-joint-system.so.11
-- Set non-toolchain portion of runtime path of "/home/jrivero/code/my-agents.md/projects/ogre-migrator/ws/build-1.12/install/lib/libgz-sim-detachable-joint-system.so.11.0.0~pre1" to ""
-- Installing: /home/jrivero/code/my-agents.md/projects/ogre-migrator/ws/build-1.12/install/lib/libgz-sim-detachable-joint-system.so
-- Installing: /home/jrivero/code/my-agents.md/projects/ogre-migrator/ws/build-1.12/install/lib/cmake/gz-sim-detachable-joint-system/gz-sim-detachable-joint-system-config.cmake
-- Installing: /home/jrivero/code/my-agents.md/projects/ogre-migrator/ws/build-1.12/install/lib/cmake/gz-sim-detachable-joint-system/gz-sim-detachable-joint-system-config-version.cmake
-- Installing: /home/jrivero/code/my-agents.md/projects/ogre-migrator/ws/build-1.12/install/lib/cmake/gz-sim-detachable-joint-system/gz-sim-detachable-joint-system-targets.cmake
-- Installing: /home/jrivero/code/my-agents.md/projects/ogre-migrator/ws/build-1.12/install/lib/cmake/gz-sim-detachable-joint-system/gz-sim-detachable-joint-system-targets-release.cmake
-- Installing: /home/jrivero/code/my-agents.md/projects/ogre-migrator/ws/build-1.12/install/lib/pkgconfig/gz-sim-detachable-joint-system.pc
-- Installing: /home/jrivero/code/my-agents.md/projects/ogre-migrator/ws/build-1.12/install/lib/gz-sim/plugins/libgz-sim-detachable-joint-system.so.11.0.0~pre1
-- Installing: /home/jrivero/code/my-agents.md/projects/ogre-migrator/ws/build-1.12/install/lib/gz-sim/plugins/libgz-sim-detachable-joint-system.so.11
-- Set non-toolchain portion of runtime path of "/home/jrivero/code/my-agents.md/projects/ogre-migrator/ws/build-1.12/install/lib/gz-sim/plugins/libgz-sim-detachable-joint-system.so.11.0.0~pre1" to ""
-- Installing: /home/jrivero/code/my-agents.md/projects/ogre-migrator/ws/build-1.12/install/lib/gz-sim/plugins/libgz-sim-detachable-joint-system.so
-- Installing: /home/jrivero/code/my-agents.md/projects/ogre-migrator/ws/build-1.12/install/include/gz/sim11/gz/sim/diff-drive-system/detail/Export.hh
-- Installing: /home/jrivero/code/my-agents.md/projects/ogre-migrator/ws/build-1.12/install/include/gz/sim11/gz/sim/diff-drive-system/Export.hh
-- Installing: /home/jrivero/code/my-agents.md/projects/ogre-migrator/ws/build-1.12/install/lib/libgz-sim-diff-drive-system.so.11.0.0~pre1
-- Installing: /home/jrivero/code/my-agents.md/projects/ogre-migrator/ws/build-1.12/install/lib/libgz-sim-diff-drive-system.so.11
-- Set non-toolchain portion of runtime path of "/home/jrivero/code/my-agents.md/projects/ogre-migrator/ws/build-1.12/install/lib/libgz-sim-diff-drive-system.so.11.0.0~pre1" to ""
-- Installing: /home/jrivero/code/my-agents.md/projects/ogre-migrator/ws/build-1.12/install/lib/libgz-sim-diff-drive-system.so
-- Installing: /home/jrivero/code/my-agents.md/projects/ogre-migrator/ws/build-1.12/install/lib/cmake/gz-sim-diff-drive-system/gz-sim-diff-drive-system-config.cmake
-- Installing: /home/jrivero/code/my-agents.md/projects/ogre-migrator/ws/build-1.12/install/lib/cmake/gz-sim-diff-drive-system/gz-sim-diff-drive-system-config-version.cmake
-- Installing: /home/jrivero/code/my-agents.md/projects/ogre-migrator/ws/build-1.12/install/lib/cmake/gz-sim-diff-drive-system/gz-sim-diff-drive-system-targets.cmake
-- Installing: /home/jrivero/code/my-agents.md/projects/ogre-migrator/ws/build-1.12/install/lib/cmake/gz-sim-diff-drive-system/gz-sim-diff-drive-system-targets-release.cmake
-- Installing: /home/jrivero/code/my-agents.md/projects/ogre-migrator/ws/build-1.12/install/lib/pkgconfig/gz-sim-diff-drive-system.pc
-- Installing: /home/jrivero/code/my-agents.md/projects/ogre-migrator/ws/build-1.12/install/lib/gz-sim/plugins/libgz-sim-diff-drive-system.so.11.0.0~pre1
-- Installing: /home/jrivero/code/my-agents.md/projects/ogre-migrator/ws/build-1.12/install/lib/gz-sim/plugins/libgz-sim-diff-drive-system.so.11
-- Set non-toolchain portion of runtime path of "/home/jrivero/code/my-agents.md/projects/ogre-migrator/ws/build-1.12/install/lib/gz-sim/plugins/libgz-sim-diff-drive-system.so.11.0.0~pre1" to ""
-- Installing: /home/jrivero/code/my-agents.md/projects/ogre-migrator/ws/build-1.12/install/lib/gz-sim/plugins/libgz-sim-diff-drive-system.so
-- Installing: /home/jrivero/code/my-agents.md/projects/ogre-migrator/ws/build-1.12/install/include/gz/sim11/gz/sim/drive-to-pose-controller-system/detail/Export.hh
-- Installing: /home/jrivero/code/my-agents.md/projects/ogre-migrator/ws/build-1.12/install/include/gz/sim11/gz/sim/drive-to-pose-controller-system/Export.hh
-- Installing: /home/jrivero/code/my-agents.md/projects/ogre-migrator/ws/build-1.12/install/lib/libgz-sim-drive-to-pose-controller-system.so.11.0.0~pre1
-- Installing: /home/jrivero/code/my-agents.md/projects/ogre-migrator/ws/build-1.12/install/lib/libgz-sim-drive-to-pose-controller-system.so.11
-- Set non-toolchain portion of runtime path of "/home/jrivero/code/my-agents.md/projects/ogre-migrator/ws/build-1.12/install/lib/libgz-sim-drive-to-pose-controller-system.so.11.0.0~pre1" to ""
-- Installing: /home/jrivero/code/my-agents.md/projects/ogre-migrator/ws/build-1.12/install/lib/libgz-sim-drive-to-pose-controller-system.so
-- Installing: /home/jrivero/code/my-agents.md/projects/ogre-migrator/ws/build-1.12/install/lib/cmake/gz-sim-drive-to-pose-controller-system/gz-sim-drive-to-pose-controller-system-config.cmake
-- Installing: /home/jrivero/code/my-agents.md/projects/ogre-migrator/ws/build-1.12/install/lib/cmake/gz-sim-drive-to-pose-controller-system/gz-sim-drive-to-pose-controller-system-config-version.cmake
-- Installing: /home/jrivero/code/my-agents.md/projects/ogre-migrator/ws/build-1.12/install/lib/cmake/gz-sim-drive-to-pose-controller-system/gz-sim-drive-to-pose-controller-system-targets.cmake
-- Installing: /home/jrivero/code/my-agents.md/projects/ogre-migrator/ws/build-1.12/install/lib/cmake/gz-sim-drive-to-pose-controller-system/gz-sim-drive-to-pose-controller-system-targets-release.cmake
-- Installing: /home/jrivero/code/my-agents.md/projects/ogre-migrator/ws/build-1.12/install/lib/pkgconfig/gz-sim-drive-to-pose-controller-system.pc
-- Installing: /home/jrivero/code/my-agents.md/projects/ogre-migrator/ws/build-1.12/install/lib/gz-sim/plugins/libgz-sim-drive-to-pose-controller-system.so.11.0.0~pre1
-- Installing: /home/jrivero/code/my-agents.md/projects/ogre-migrator/ws/build-1.12/install/lib/gz-sim/plugins/libgz-sim-drive-to-pose-controller-system.so.11
-- Set non-toolchain portion of runtime path of "/home/jrivero/code/my-agents.md/projects/ogre-migrator/ws/build-1.12/install/lib/gz-sim/plugins/libgz-sim-drive-to-pose-controller-system.so.11.0.0~pre1" to ""
-- Installing: /home/jrivero/code/my-agents.md/projects/ogre-migrator/ws/build-1.12/install/lib/gz-sim/plugins/libgz-sim-drive-to-pose-controller-system.so
-- Installing: /home/jrivero/code/my-agents.md/projects/ogre-migrator/ws/build-1.12/install/include/gz/sim11/gz/sim/dvl-system/detail/Export.hh
-- Installing: /home/jrivero/code/my-agents.md/projects/ogre-migrator/ws/build-1.12/install/include/gz/sim11/gz/sim/dvl-system/Export.hh
-- Installing: /home/jrivero/code/my-agents.md/projects/ogre-migrator/ws/build-1.12/install/lib/libgz-sim-dvl-system.so.11.0.0~pre1
-- Installing: /home/jrivero/code/my-agents.md/projects/ogre-migrator/ws/build-1.12/install/lib/libgz-sim-dvl-system.so.11
-- Set non-toolchain portion of runtime path of "/home/jrivero/code/my-agents.md/projects/ogre-migrator/ws/build-1.12/install/lib/libgz-sim-dvl-system.so.11.0.0~pre1" to ""
-- Installing: /home/jrivero/code/my-agents.md/projects/ogre-migrator/ws/build-1.12/install/lib/libgz-sim-dvl-system.so
-- Installing: /home/jrivero/code/my-agents.md/projects/ogre-migrator/ws/build-1.12/install/lib/cmake/gz-sim-dvl-system/gz-sim-dvl-system-config.cmake
-- Installing: /home/jrivero/code/my-agents.md/projects/ogre-migrator/ws/build-1.12/install/lib/cmake/gz-sim-dvl-system/gz-sim-dvl-system-config-version.cmake
-- Installing: /home/jrivero/code/my-agents.md/projects/ogre-migrator/ws/build-1.12/install/lib/cmake/gz-sim-dvl-system/gz-sim-dvl-system-targets.cmake
-- Installing: /home/jrivero/code/my-agents.md/projects/ogre-migrator/ws/build-1.12/install/lib/cmake/gz-sim-dvl-system/gz-sim-dvl-system-targets-release.cmake
-- Installing: /home/jrivero/code/my-agents.md/projects/ogre-migrator/ws/build-1.12/install/lib/pkgconfig/gz-sim-dvl-system.pc
-- Installing: /home/jrivero/code/my-agents.md/projects/ogre-migrator/ws/build-1.12/install/lib/gz-sim/plugins/libgz-sim-dvl-system.so.11.0.0~pre1
-- Installing: /home/jrivero/code/my-agents.md/projects/ogre-migrator/ws/build-1.12/install/lib/gz-sim/plugins/libgz-sim-dvl-system.so.11
-- Set non-toolchain portion of runtime path of "/home/jrivero/code/my-agents.md/projects/ogre-migrator/ws/build-1.12/install/lib/gz-sim/plugins/libgz-sim-dvl-system.so.11.0.0~pre1" to ""
-- Installing: /home/jrivero/code/my-agents.md/projects/ogre-migrator/ws/build-1.12/install/lib/gz-sim/plugins/libgz-sim-dvl-system.so
-- Installing: /home/jrivero/code/my-agents.md/projects/ogre-migrator/ws/build-1.12/install/include/gz/sim11/gz/sim/elevator-system/detail/Export.hh
-- Installing: /home/jrivero/code/my-agents.md/projects/ogre-migrator/ws/build-1.12/install/include/gz/sim11/gz/sim/elevator-system/Export.hh
-- Installing: /home/jrivero/code/my-agents.md/projects/ogre-migrator/ws/build-1.12/install/lib/libgz-sim-elevator-system.so.11.0.0~pre1
-- Installing: /home/jrivero/code/my-agents.md/projects/ogre-migrator/ws/build-1.12/install/lib/libgz-sim-elevator-system.so.11
-- Set non-toolchain portion of runtime path of "/home/jrivero/code/my-agents.md/projects/ogre-migrator/ws/build-1.12/install/lib/libgz-sim-elevator-system.so.11.0.0~pre1" to ""
-- Installing: /home/jrivero/code/my-agents.md/projects/ogre-migrator/ws/build-1.12/install/lib/libgz-sim-elevator-system.so
-- Installing: /home/jrivero/code/my-agents.md/projects/ogre-migrator/ws/build-1.12/install/lib/cmake/gz-sim-elevator-system/gz-sim-elevator-system-config.cmake
-- Installing: /home/jrivero/code/my-agents.md/projects/ogre-migrator/ws/build-1.12/install/lib/cmake/gz-sim-elevator-system/gz-sim-elevator-system-config-version.cmake
-- Installing: /home/jrivero/code/my-agents.md/projects/ogre-migrator/ws/build-1.12/install/lib/cmake/gz-sim-elevator-system/gz-sim-elevator-system-targets.cmake
-- Installing: /home/jrivero/code/my-agents.md/projects/ogre-migrator/ws/build-1.12/install/lib/cmake/gz-sim-elevator-system/gz-sim-elevator-system-targets-release.cmake
-- Installing: /home/jrivero/code/my-agents.md/projects/ogre-migrator/ws/build-1.12/install/lib/pkgconfig/gz-sim-elevator-system.pc
-- Installing: /home/jrivero/code/my-agents.md/projects/ogre-migrator/ws/build-1.12/install/lib/gz-sim/plugins/libgz-sim-elevator-system.so.11.0.0~pre1
-- Installing: /home/jrivero/code/my-agents.md/projects/ogre-migrator/ws/build-1.12/install/lib/gz-sim/plugins/libgz-sim-elevator-system.so.11
-- Set non-toolchain portion of runtime path of "/home/jrivero/code/my-agents.md/projects/ogre-migrator/ws/build-1.12/install/lib/gz-sim/plugins/libgz-sim-elevator-system.so.11.0.0~pre1" to ""
-- Installing: /home/jrivero/code/my-agents.md/projects/ogre-migrator/ws/build-1.12/install/lib/gz-sim/plugins/libgz-sim-elevator-system.so
-- Installing: /home/jrivero/code/my-agents.md/projects/ogre-migrator/ws/build-1.12/install/include/gz/sim11/gz/sim/entity-semantics-system/detail/Export.hh
-- Installing: /home/jrivero/code/my-agents.md/projects/ogre-migrator/ws/build-1.12/install/include/gz/sim11/gz/sim/entity-semantics-system/Export.hh
-- Installing: /home/jrivero/code/my-agents.md/projects/ogre-migrator/ws/build-1.12/install/lib/libgz-sim-entity-semantics-system.so.11.0.0~pre1
-- Installing: /home/jrivero/code/my-agents.md/projects/ogre-migrator/ws/build-1.12/install/lib/libgz-sim-entity-semantics-system.so.11
-- Set non-toolchain portion of runtime path of "/home/jrivero/code/my-agents.md/projects/ogre-migrator/ws/build-1.12/install/lib/libgz-sim-entity-semantics-system.so.11.0.0~pre1" to ""
-- Installing: /home/jrivero/code/my-agents.md/projects/ogre-migrator/ws/build-1.12/install/lib/libgz-sim-entity-semantics-system.so
-- Installing: /home/jrivero/code/my-agents.md/projects/ogre-migrator/ws/build-1.12/install/lib/cmake/gz-sim-entity-semantics-system/gz-sim-entity-semantics-system-config.cmake
-- Installing: /home/jrivero/code/my-agents.md/projects/ogre-migrator/ws/build-1.12/install/lib/cmake/gz-sim-entity-semantics-system/gz-sim-entity-semantics-system-config-version.cmake
-- Installing: /home/jrivero/code/my-agents.md/projects/ogre-migrator/ws/build-1.12/install/lib/cmake/gz-sim-entity-semantics-system/gz-sim-entity-semantics-system-targets.cmake
-- Installing: /home/jrivero/code/my-agents.md/projects/ogre-migrator/ws/build-1.12/install/lib/cmake/gz-sim-entity-semantics-system/gz-sim-entity-semantics-system-targets-release.cmake
-- Installing: /home/jrivero/code/my-agents.md/projects/ogre-migrator/ws/build-1.12/install/lib/pkgconfig/gz-sim-entity-semantics-system.pc
-- Installing: /home/jrivero/code/my-agents.md/projects/ogre-migrator/ws/build-1.12/install/lib/gz-sim/plugins/libgz-sim-entity-semantics-system.so.11.0.0~pre1
-- Installing: /home/jrivero/code/my-agents.md/projects/ogre-migrator/ws/build-1.12/install/lib/gz-sim/plugins/libgz-sim-entity-semantics-system.so.11
-- Set non-toolchain portion of runtime path of "/home/jrivero/code/my-agents.md/projects/ogre-migrator/ws/build-1.12/install/lib/gz-sim/plugins/libgz-sim-entity-semantics-system.so.11.0.0~pre1" to ""
-- Installing: /home/jrivero/code/my-agents.md/projects/ogre-migrator/ws/build-1.12/install/lib/gz-sim/plugins/libgz-sim-entity-semantics-system.so
-- Installing: /home/jrivero/code/my-agents.md/projects/ogre-migrator/ws/build-1.12/install/include/gz/sim11/gz/sim/environment-preload-system/detail/Export.hh
-- Installing: /home/jrivero/code/my-agents.md/projects/ogre-migrator/ws/build-1.12/install/include/gz/sim11/gz/sim/environment-preload-system/Export.hh
-- Installing: /home/jrivero/code/my-agents.md/projects/ogre-migrator/ws/build-1.12/install/lib/libgz-sim-environment-preload-system.so.11.0.0~pre1
-- Installing: /home/jrivero/code/my-agents.md/projects/ogre-migrator/ws/build-1.12/install/lib/libgz-sim-environment-preload-system.so.11
-- Set non-toolchain portion of runtime path of "/home/jrivero/code/my-agents.md/projects/ogre-migrator/ws/build-1.12/install/lib/libgz-sim-environment-preload-system.so.11.0.0~pre1" to ""
-- Installing: /home/jrivero/code/my-agents.md/projects/ogre-migrator/ws/build-1.12/install/lib/libgz-sim-environment-preload-system.so
-- Installing: /home/jrivero/code/my-agents.md/projects/ogre-migrator/ws/build-1.12/install/lib/cmake/gz-sim-environment-preload-system/gz-sim-environment-preload-system-config.cmake
-- Installing: /home/jrivero/code/my-agents.md/projects/ogre-migrator/ws/build-1.12/install/lib/cmake/gz-sim-environment-preload-system/gz-sim-environment-preload-system-config-version.cmake
-- Installing: /home/jrivero/code/my-agents.md/projects/ogre-migrator/ws/build-1.12/install/lib/cmake/gz-sim-environment-preload-system/gz-sim-environment-preload-system-targets.cmake
-- Installing: /home/jrivero/code/my-agents.md/projects/ogre-migrator/ws/build-1.12/install/lib/cmake/gz-sim-environment-preload-system/gz-sim-environment-preload-system-targets-release.cmake
-- Installing: /home/jrivero/code/my-agents.md/projects/ogre-migrator/ws/build-1.12/install/lib/pkgconfig/gz-sim-environment-preload-system.pc
-- Installing: /home/jrivero/code/my-agents.md/projects/ogre-migrator/ws/build-1.12/install/lib/gz-sim/plugins/libgz-sim-environment-preload-system.so.11.0.0~pre1
-- Installing: /home/jrivero/code/my-agents.md/projects/ogre-migrator/ws/build-1.12/install/lib/gz-sim/plugins/libgz-sim-environment-preload-system.so.11
-- Set non-toolchain portion of runtime path of "/home/jrivero/code/my-agents.md/projects/ogre-migrator/ws/build-1.12/install/lib/gz-sim/plugins/libgz-sim-environment-preload-system.so.11.0.0~pre1" to ""
-- Installing: /home/jrivero/code/my-agents.md/projects/ogre-migrator/ws/build-1.12/install/lib/gz-sim/plugins/libgz-sim-environment-preload-system.so
-- Installing: /home/jrivero/code/my-agents.md/projects/ogre-migrator/ws/build-1.12/install/include/gz/sim11/gz/sim/environmental-sensor-system/detail/Export.hh
-- Installing: /home/jrivero/code/my-agents.md/projects/ogre-migrator/ws/build-1.12/install/include/gz/sim11/gz/sim/environmental-sensor-system/Export.hh
-- Installing: /home/jrivero/code/my-agents.md/projects/ogre-migrator/ws/build-1.12/install/lib/libgz-sim-environmental-sensor-system.so.11.0.0~pre1
-- Installing: /home/jrivero/code/my-agents.md/projects/ogre-migrator/ws/build-1.12/install/lib/libgz-sim-environmental-sensor-system.so.11
-- Set non-toolchain portion of runtime path of "/home/jrivero/code/my-agents.md/projects/ogre-migrator/ws/build-1.12/install/lib/libgz-sim-environmental-sensor-system.so.11.0.0~pre1" to ""
-- Installing: /home/jrivero/code/my-agents.md/projects/ogre-migrator/ws/build-1.12/install/lib/libgz-sim-environmental-sensor-system.so
-- Installing: /home/jrivero/code/my-agents.md/projects/ogre-migrator/ws/build-1.12/install/lib/cmake/gz-sim-environmental-sensor-system/gz-sim-environmental-sensor-system-config.cmake
-- Installing: /home/jrivero/code/my-agents.md/projects/ogre-migrator/ws/build-1.12/install/lib/cmake/gz-sim-environmental-sensor-system/gz-sim-environmental-sensor-system-config-version.cmake
-- Installing: /home/jrivero/code/my-agents.md/projects/ogre-migrator/ws/build-1.12/install/lib/cmake/gz-sim-environmental-sensor-system/gz-sim-environmental-sensor-system-targets.cmake
-- Installing: /home/jrivero/code/my-agents.md/projects/ogre-migrator/ws/build-1.12/install/lib/cmake/gz-sim-environmental-sensor-system/gz-sim-environmental-sensor-system-targets-release.cmake
-- Installing: /home/jrivero/code/my-agents.md/projects/ogre-migrator/ws/build-1.12/install/lib/pkgconfig/gz-sim-environmental-sensor-system.pc
-- Installing: /home/jrivero/code/my-agents.md/projects/ogre-migrator/ws/build-1.12/install/lib/gz-sim/plugins/libgz-sim-environmental-sensor-system.so.11.0.0~pre1
-- Installing: /home/jrivero/code/my-agents.md/projects/ogre-migrator/ws/build-1.12/install/lib/gz-sim/plugins/libgz-sim-environmental-sensor-system.so.11
-- Set non-toolchain portion of runtime path of "/home/jrivero/code/my-agents.md/projects/ogre-migrator/ws/build-1.12/install/lib/gz-sim/plugins/libgz-sim-environmental-sensor-system.so.11.0.0~pre1" to ""
-- Installing: /home/jrivero/code/my-agents.md/projects/ogre-migrator/ws/build-1.12/install/lib/gz-sim/plugins/libgz-sim-environmental-sensor-system.so
-- Installing: /home/jrivero/code/my-agents.md/projects/ogre-migrator/ws/build-1.12/install/include/gz/sim11/gz/sim/follow-actor-system/detail/Export.hh
-- Installing: /home/jrivero/code/my-agents.md/projects/ogre-migrator/ws/build-1.12/install/include/gz/sim11/gz/sim/follow-actor-system/Export.hh
-- Installing: /home/jrivero/code/my-agents.md/projects/ogre-migrator/ws/build-1.12/install/lib/libgz-sim-follow-actor-system.so.11.0.0~pre1
-- Installing: /home/jrivero/code/my-agents.md/projects/ogre-migrator/ws/build-1.12/install/lib/libgz-sim-follow-actor-system.so.11
-- Set non-toolchain portion of runtime path of "/home/jrivero/code/my-agents.md/projects/ogre-migrator/ws/build-1.12/install/lib/libgz-sim-follow-actor-system.so.11.0.0~pre1" to ""
-- Installing: /home/jrivero/code/my-agents.md/projects/ogre-migrator/ws/build-1.12/install/lib/libgz-sim-follow-actor-system.so
-- Installing: /home/jrivero/code/my-agents.md/projects/ogre-migrator/ws/build-1.12/install/lib/cmake/gz-sim-follow-actor-system/gz-sim-follow-actor-system-config.cmake
-- Installing: /home/jrivero/code/my-agents.md/projects/ogre-migrator/ws/build-1.12/install/lib/cmake/gz-sim-follow-actor-system/gz-sim-follow-actor-system-config-version.cmake
-- Installing: /home/jrivero/code/my-agents.md/projects/ogre-migrator/ws/build-1.12/install/lib/cmake/gz-sim-follow-actor-system/gz-sim-follow-actor-system-targets.cmake
-- Installing: /home/jrivero/code/my-agents.md/projects/ogre-migrator/ws/build-1.12/install/lib/cmake/gz-sim-follow-actor-system/gz-sim-follow-actor-system-targets-release.cmake
-- Installing: /home/jrivero/code/my-agents.md/projects/ogre-migrator/ws/build-1.12/install/lib/pkgconfig/gz-sim-follow-actor-system.pc
-- Installing: /home/jrivero/code/my-agents.md/projects/ogre-migrator/ws/build-1.12/install/lib/gz-sim/plugins/libgz-sim-follow-actor-system.so.11.0.0~pre1
-- Installing: /home/jrivero/code/my-agents.md/projects/ogre-migrator/ws/build-1.12/install/lib/gz-sim/plugins/libgz-sim-follow-actor-system.so.11
-- Set non-toolchain portion of runtime path of "/home/jrivero/code/my-agents.md/projects/ogre-migrator/ws/build-1.12/install/lib/gz-sim/plugins/libgz-sim-follow-actor-system.so.11.0.0~pre1" to ""
-- Installing: /home/jrivero/code/my-agents.md/projects/ogre-migrator/ws/build-1.12/install/lib/gz-sim/plugins/libgz-sim-follow-actor-system.so
-- Installing: /home/jrivero/code/my-agents.md/projects/ogre-migrator/ws/build-1.12/install/include/gz/sim11/gz/sim/forcetorque-system/detail/Export.hh
-- Installing: /home/jrivero/code/my-agents.md/projects/ogre-migrator/ws/build-1.12/install/include/gz/sim11/gz/sim/forcetorque-system/Export.hh
-- Installing: /home/jrivero/code/my-agents.md/projects/ogre-migrator/ws/build-1.12/install/lib/libgz-sim-forcetorque-system.so.11.0.0~pre1
-- Installing: /home/jrivero/code/my-agents.md/projects/ogre-migrator/ws/build-1.12/install/lib/libgz-sim-forcetorque-system.so.11
-- Set non-toolchain portion of runtime path of "/home/jrivero/code/my-agents.md/projects/ogre-migrator/ws/build-1.12/install/lib/libgz-sim-forcetorque-system.so.11.0.0~pre1" to ""
-- Installing: /home/jrivero/code/my-agents.md/projects/ogre-migrator/ws/build-1.12/install/lib/libgz-sim-forcetorque-system.so
-- Installing: /home/jrivero/code/my-agents.md/projects/ogre-migrator/ws/build-1.12/install/lib/cmake/gz-sim-forcetorque-system/gz-sim-forcetorque-system-config.cmake
-- Installing: /home/jrivero/code/my-agents.md/projects/ogre-migrator/ws/build-1.12/install/lib/cmake/gz-sim-forcetorque-system/gz-sim-forcetorque-system-config-version.cmake
-- Installing: /home/jrivero/code/my-agents.md/projects/ogre-migrator/ws/build-1.12/install/lib/cmake/gz-sim-forcetorque-system/gz-sim-forcetorque-system-targets.cmake
-- Installing: /home/jrivero/code/my-agents.md/projects/ogre-migrator/ws/build-1.12/install/lib/cmake/gz-sim-forcetorque-system/gz-sim-forcetorque-system-targets-release.cmake
-- Installing: /home/jrivero/code/my-agents.md/projects/ogre-migrator/ws/build-1.12/install/lib/pkgconfig/gz-sim-forcetorque-system.pc
-- Installing: /home/jrivero/code/my-agents.md/projects/ogre-migrator/ws/build-1.12/install/lib/gz-sim/plugins/libgz-sim-forcetorque-system.so.11.0.0~pre1
-- Installing: /home/jrivero/code/my-agents.md/projects/ogre-migrator/ws/build-1.12/install/lib/gz-sim/plugins/libgz-sim-forcetorque-system.so.11
-- Set non-toolchain portion of runtime path of "/home/jrivero/code/my-agents.md/projects/ogre-migrator/ws/build-1.12/install/lib/gz-sim/plugins/libgz-sim-forcetorque-system.so.11.0.0~pre1" to ""
-- Installing: /home/jrivero/code/my-agents.md/projects/ogre-migrator/ws/build-1.12/install/lib/gz-sim/plugins/libgz-sim-forcetorque-system.so
-- Installing: /home/jrivero/code/my-agents.md/projects/ogre-migrator/ws/build-1.12/install/include/gz/sim11/gz/sim/free-space-explorer-system/detail/Export.hh
-- Installing: /home/jrivero/code/my-agents.md/projects/ogre-migrator/ws/build-1.12/install/include/gz/sim11/gz/sim/free-space-explorer-system/Export.hh
-- Installing: /home/jrivero/code/my-agents.md/projects/ogre-migrator/ws/build-1.12/install/lib/libgz-sim-free-space-explorer-system.so.11.0.0~pre1
-- Installing: /home/jrivero/code/my-agents.md/projects/ogre-migrator/ws/build-1.12/install/lib/libgz-sim-free-space-explorer-system.so.11
-- Set non-toolchain portion of runtime path of "/home/jrivero/code/my-agents.md/projects/ogre-migrator/ws/build-1.12/install/lib/libgz-sim-free-space-explorer-system.so.11.0.0~pre1" to ""
-- Installing: /home/jrivero/code/my-agents.md/projects/ogre-migrator/ws/build-1.12/install/lib/libgz-sim-free-space-explorer-system.so
-- Installing: /home/jrivero/code/my-agents.md/projects/ogre-migrator/ws/build-1.12/install/lib/cmake/gz-sim-free-space-explorer-system/gz-sim-free-space-explorer-system-config.cmake
-- Installing: /home/jrivero/code/my-agents.md/projects/ogre-migrator/ws/build-1.12/install/lib/cmake/gz-sim-free-space-explorer-system/gz-sim-free-space-explorer-system-config-version.cmake
-- Installing: /home/jrivero/code/my-agents.md/projects/ogre-migrator/ws/build-1.12/install/lib/cmake/gz-sim-free-space-explorer-system/gz-sim-free-space-explorer-system-targets.cmake
-- Installing: /home/jrivero/code/my-agents.md/projects/ogre-migrator/ws/build-1.12/install/lib/cmake/gz-sim-free-space-explorer-system/gz-sim-free-space-explorer-system-targets-release.cmake
-- Installing: /home/jrivero/code/my-agents.md/projects/ogre-migrator/ws/build-1.12/install/lib/pkgconfig/gz-sim-free-space-explorer-system.pc
-- Installing: /home/jrivero/code/my-agents.md/projects/ogre-migrator/ws/build-1.12/install/lib/gz-sim/plugins/libgz-sim-free-space-explorer-system.so.11.0.0~pre1
-- Installing: /home/jrivero/code/my-agents.md/projects/ogre-migrator/ws/build-1.12/install/lib/gz-sim/plugins/libgz-sim-free-space-explorer-system.so.11
-- Set non-toolchain portion of runtime path of "/home/jrivero/code/my-agents.md/projects/ogre-migrator/ws/build-1.12/install/lib/gz-sim/plugins/libgz-sim-free-space-explorer-system.so.11.0.0~pre1" to ""
-- Installing: /home/jrivero/code/my-agents.md/projects/ogre-migrator/ws/build-1.12/install/lib/gz-sim/plugins/libgz-sim-free-space-explorer-system.so
-- Installing: /home/jrivero/code/my-agents.md/projects/ogre-migrator/ws/build-1.12/install/include/gz/sim11/gz/sim/hydrodynamics-system/detail/Export.hh
-- Installing: /home/jrivero/code/my-agents.md/projects/ogre-migrator/ws/build-1.12/install/include/gz/sim11/gz/sim/hydrodynamics-system/Export.hh
-- Installing: /home/jrivero/code/my-agents.md/projects/ogre-migrator/ws/build-1.12/install/lib/libgz-sim-hydrodynamics-system.so.11.0.0~pre1
-- Installing: /home/jrivero/code/my-agents.md/projects/ogre-migrator/ws/build-1.12/install/lib/libgz-sim-hydrodynamics-system.so.11
-- Set non-toolchain portion of runtime path of "/home/jrivero/code/my-agents.md/projects/ogre-migrator/ws/build-1.12/install/lib/libgz-sim-hydrodynamics-system.so.11.0.0~pre1" to ""
-- Installing: /home/jrivero/code/my-agents.md/projects/ogre-migrator/ws/build-1.12/install/lib/libgz-sim-hydrodynamics-system.so
-- Installing: /home/jrivero/code/my-agents.md/projects/ogre-migrator/ws/build-1.12/install/lib/cmake/gz-sim-hydrodynamics-system/gz-sim-hydrodynamics-system-config.cmake
-- Installing: /home/jrivero/code/my-agents.md/projects/ogre-migrator/ws/build-1.12/install/lib/cmake/gz-sim-hydrodynamics-system/gz-sim-hydrodynamics-system-config-version.cmake
-- Installing: /home/jrivero/code/my-agents.md/projects/ogre-migrator/ws/build-1.12/install/lib/cmake/gz-sim-hydrodynamics-system/gz-sim-hydrodynamics-system-targets.cmake
-- Installing: /home/jrivero/code/my-agents.md/projects/ogre-migrator/ws/build-1.12/install/lib/cmake/gz-sim-hydrodynamics-system/gz-sim-hydrodynamics-system-targets-release.cmake
-- Installing: /home/jrivero/code/my-agents.md/projects/ogre-migrator/ws/build-1.12/install/lib/pkgconfig/gz-sim-hydrodynamics-system.pc
-- Installing: /home/jrivero/code/my-agents.md/projects/ogre-migrator/ws/build-1.12/install/lib/gz-sim/plugins/libgz-sim-hydrodynamics-system.so.11.0.0~pre1
-- Installing: /home/jrivero/code/my-agents.md/projects/ogre-migrator/ws/build-1.12/install/lib/gz-sim/plugins/libgz-sim-hydrodynamics-system.so.11
-- Set non-toolchain portion of runtime path of "/home/jrivero/code/my-agents.md/projects/ogre-migrator/ws/build-1.12/install/lib/gz-sim/plugins/libgz-sim-hydrodynamics-system.so.11.0.0~pre1" to ""
-- Installing: /home/jrivero/code/my-agents.md/projects/ogre-migrator/ws/build-1.12/install/lib/gz-sim/plugins/libgz-sim-hydrodynamics-system.so
-- Installing: /home/jrivero/code/my-agents.md/projects/ogre-migrator/ws/build-1.12/install/include/gz/sim11/gz/sim/imu-system/detail/Export.hh
-- Installing: /home/jrivero/code/my-agents.md/projects/ogre-migrator/ws/build-1.12/install/include/gz/sim11/gz/sim/imu-system/Export.hh
-- Installing: /home/jrivero/code/my-agents.md/projects/ogre-migrator/ws/build-1.12/install/lib/libgz-sim-imu-system.so.11.0.0~pre1
-- Installing: /home/jrivero/code/my-agents.md/projects/ogre-migrator/ws/build-1.12/install/lib/libgz-sim-imu-system.so.11
-- Set non-toolchain portion of runtime path of "/home/jrivero/code/my-agents.md/projects/ogre-migrator/ws/build-1.12/install/lib/libgz-sim-imu-system.so.11.0.0~pre1" to ""
-- Installing: /home/jrivero/code/my-agents.md/projects/ogre-migrator/ws/build-1.12/install/lib/libgz-sim-imu-system.so
-- Installing: /home/jrivero/code/my-agents.md/projects/ogre-migrator/ws/build-1.12/install/lib/cmake/gz-sim-imu-system/gz-sim-imu-system-config.cmake
-- Installing: /home/jrivero/code/my-agents.md/projects/ogre-migrator/ws/build-1.12/install/lib/cmake/gz-sim-imu-system/gz-sim-imu-system-config-version.cmake
-- Installing: /home/jrivero/code/my-agents.md/projects/ogre-migrator/ws/build-1.12/install/lib/cmake/gz-sim-imu-system/gz-sim-imu-system-targets.cmake
-- Installing: /home/jrivero/code/my-agents.md/projects/ogre-migrator/ws/build-1.12/install/lib/cmake/gz-sim-imu-system/gz-sim-imu-system-targets-release.cmake
-- Installing: /home/jrivero/code/my-agents.md/projects/ogre-migrator/ws/build-1.12/install/lib/pkgconfig/gz-sim-imu-system.pc
-- Installing: /home/jrivero/code/my-agents.md/projects/ogre-migrator/ws/build-1.12/install/lib/gz-sim/plugins/libgz-sim-imu-system.so.11.0.0~pre1
-- Installing: /home/jrivero/code/my-agents.md/projects/ogre-migrator/ws/build-1.12/install/lib/gz-sim/plugins/libgz-sim-imu-system.so.11
-- Set non-toolchain portion of runtime path of "/home/jrivero/code/my-agents.md/projects/ogre-migrator/ws/build-1.12/install/lib/gz-sim/plugins/libgz-sim-imu-system.so.11.0.0~pre1" to ""
-- Installing: /home/jrivero/code/my-agents.md/projects/ogre-migrator/ws/build-1.12/install/lib/gz-sim/plugins/libgz-sim-imu-system.so
-- Installing: /home/jrivero/code/my-agents.md/projects/ogre-migrator/ws/build-1.12/install/include/gz/sim11/gz/sim/joint-controller-system/detail/Export.hh
-- Installing: /home/jrivero/code/my-agents.md/projects/ogre-migrator/ws/build-1.12/install/include/gz/sim11/gz/sim/joint-controller-system/Export.hh
-- Installing: /home/jrivero/code/my-agents.md/projects/ogre-migrator/ws/build-1.12/install/lib/libgz-sim-joint-controller-system.so.11.0.0~pre1
-- Installing: /home/jrivero/code/my-agents.md/projects/ogre-migrator/ws/build-1.12/install/lib/libgz-sim-joint-controller-system.so.11
-- Set non-toolchain portion of runtime path of "/home/jrivero/code/my-agents.md/projects/ogre-migrator/ws/build-1.12/install/lib/libgz-sim-joint-controller-system.so.11.0.0~pre1" to ""
-- Installing: /home/jrivero/code/my-agents.md/projects/ogre-migrator/ws/build-1.12/install/lib/libgz-sim-joint-controller-system.so
-- Installing: /home/jrivero/code/my-agents.md/projects/ogre-migrator/ws/build-1.12/install/lib/cmake/gz-sim-joint-controller-system/gz-sim-joint-controller-system-config.cmake
-- Installing: /home/jrivero/code/my-agents.md/projects/ogre-migrator/ws/build-1.12/install/lib/cmake/gz-sim-joint-controller-system/gz-sim-joint-controller-system-config-version.cmake
-- Installing: /home/jrivero/code/my-agents.md/projects/ogre-migrator/ws/build-1.12/install/lib/cmake/gz-sim-joint-controller-system/gz-sim-joint-controller-system-targets.cmake
-- Installing: /home/jrivero/code/my-agents.md/projects/ogre-migrator/ws/build-1.12/install/lib/cmake/gz-sim-joint-controller-system/gz-sim-joint-controller-system-targets-release.cmake
-- Installing: /home/jrivero/code/my-agents.md/projects/ogre-migrator/ws/build-1.12/install/lib/pkgconfig/gz-sim-joint-controller-system.pc
-- Installing: /home/jrivero/code/my-agents.md/projects/ogre-migrator/ws/build-1.12/install/lib/gz-sim/plugins/libgz-sim-joint-controller-system.so.11.0.0~pre1
-- Installing: /home/jrivero/code/my-agents.md/projects/ogre-migrator/ws/build-1.12/install/lib/gz-sim/plugins/libgz-sim-joint-controller-system.so.11
-- Set non-toolchain portion of runtime path of "/home/jrivero/code/my-agents.md/projects/ogre-migrator/ws/build-1.12/install/lib/gz-sim/plugins/libgz-sim-joint-controller-system.so.11.0.0~pre1" to ""
-- Installing: /home/jrivero/code/my-agents.md/projects/ogre-migrator/ws/build-1.12/install/lib/gz-sim/plugins/libgz-sim-joint-controller-system.so
-- Installing: /home/jrivero/code/my-agents.md/projects/ogre-migrator/ws/build-1.12/install/include/gz/sim11/gz/sim/joint-position-controller-system/detail/Export.hh
-- Installing: /home/jrivero/code/my-agents.md/projects/ogre-migrator/ws/build-1.12/install/include/gz/sim11/gz/sim/joint-position-controller-system/Export.hh
-- Installing: /home/jrivero/code/my-agents.md/projects/ogre-migrator/ws/build-1.12/install/lib/libgz-sim-joint-position-controller-system.so.11.0.0~pre1
-- Installing: /home/jrivero/code/my-agents.md/projects/ogre-migrator/ws/build-1.12/install/lib/libgz-sim-joint-position-controller-system.so.11
-- Set non-toolchain portion of runtime path of "/home/jrivero/code/my-agents.md/projects/ogre-migrator/ws/build-1.12/install/lib/libgz-sim-joint-position-controller-system.so.11.0.0~pre1" to ""
-- Installing: /home/jrivero/code/my-agents.md/projects/ogre-migrator/ws/build-1.12/install/lib/libgz-sim-joint-position-controller-system.so
-- Installing: /home/jrivero/code/my-agents.md/projects/ogre-migrator/ws/build-1.12/install/lib/cmake/gz-sim-joint-position-controller-system/gz-sim-joint-position-controller-system-config.cmake
-- Installing: /home/jrivero/code/my-agents.md/projects/ogre-migrator/ws/build-1.12/install/lib/cmake/gz-sim-joint-position-controller-system/gz-sim-joint-position-controller-system-config-version.cmake
-- Installing: /home/jrivero/code/my-agents.md/projects/ogre-migrator/ws/build-1.12/install/lib/cmake/gz-sim-joint-position-controller-system/gz-sim-joint-position-controller-system-targets.cmake
-- Installing: /home/jrivero/code/my-agents.md/projects/ogre-migrator/ws/build-1.12/install/lib/cmake/gz-sim-joint-position-controller-system/gz-sim-joint-position-controller-system-targets-release.cmake
-- Installing: /home/jrivero/code/my-agents.md/projects/ogre-migrator/ws/build-1.12/install/lib/pkgconfig/gz-sim-joint-position-controller-system.pc
-- Installing: /home/jrivero/code/my-agents.md/projects/ogre-migrator/ws/build-1.12/install/lib/gz-sim/plugins/libgz-sim-joint-position-controller-system.so.11.0.0~pre1
-- Installing: /home/jrivero/code/my-agents.md/projects/ogre-migrator/ws/build-1.12/install/lib/gz-sim/plugins/libgz-sim-joint-position-controller-system.so.11
-- Set non-toolchain portion of runtime path of "/home/jrivero/code/my-agents.md/projects/ogre-migrator/ws/build-1.12/install/lib/gz-sim/plugins/libgz-sim-joint-position-controller-system.so.11.0.0~pre1" to ""
-- Installing: /home/jrivero/code/my-agents.md/projects/ogre-migrator/ws/build-1.12/install/lib/gz-sim/plugins/libgz-sim-joint-position-controller-system.so
-- Installing: /home/jrivero/code/my-agents.md/projects/ogre-migrator/ws/build-1.12/install/include/gz/sim11/gz/sim/joint-state-publisher-system/detail/Export.hh
-- Installing: /home/jrivero/code/my-agents.md/projects/ogre-migrator/ws/build-1.12/install/include/gz/sim11/gz/sim/joint-state-publisher-system/Export.hh
-- Installing: /home/jrivero/code/my-agents.md/projects/ogre-migrator/ws/build-1.12/install/lib/libgz-sim-joint-state-publisher-system.so.11.0.0~pre1
-- Installing: /home/jrivero/code/my-agents.md/projects/ogre-migrator/ws/build-1.12/install/lib/libgz-sim-joint-state-publisher-system.so.11
-- Set non-toolchain portion of runtime path of "/home/jrivero/code/my-agents.md/projects/ogre-migrator/ws/build-1.12/install/lib/libgz-sim-joint-state-publisher-system.so.11.0.0~pre1" to ""
-- Installing: /home/jrivero/code/my-agents.md/projects/ogre-migrator/ws/build-1.12/install/lib/libgz-sim-joint-state-publisher-system.so
-- Installing: /home/jrivero/code/my-agents.md/projects/ogre-migrator/ws/build-1.12/install/lib/cmake/gz-sim-joint-state-publisher-system/gz-sim-joint-state-publisher-system-config.cmake
-- Installing: /home/jrivero/code/my-agents.md/projects/ogre-migrator/ws/build-1.12/install/lib/cmake/gz-sim-joint-state-publisher-system/gz-sim-joint-state-publisher-system-config-version.cmake
-- Installing: /home/jrivero/code/my-agents.md/projects/ogre-migrator/ws/build-1.12/install/lib/cmake/gz-sim-joint-state-publisher-system/gz-sim-joint-state-publisher-system-targets.cmake
-- Installing: /home/jrivero/code/my-agents.md/projects/ogre-migrator/ws/build-1.12/install/lib/cmake/gz-sim-joint-state-publisher-system/gz-sim-joint-state-publisher-system-targets-release.cmake
-- Installing: /home/jrivero/code/my-agents.md/projects/ogre-migrator/ws/build-1.12/install/lib/pkgconfig/gz-sim-joint-state-publisher-system.pc
-- Installing: /home/jrivero/code/my-agents.md/projects/ogre-migrator/ws/build-1.12/install/lib/gz-sim/plugins/libgz-sim-joint-state-publisher-system.so.11.0.0~pre1
-- Installing: /home/jrivero/code/my-agents.md/projects/ogre-migrator/ws/build-1.12/install/lib/gz-sim/plugins/libgz-sim-joint-state-publisher-system.so.11
-- Set non-toolchain portion of runtime path of "/home/jrivero/code/my-agents.md/projects/ogre-migrator/ws/build-1.12/install/lib/gz-sim/plugins/libgz-sim-joint-state-publisher-system.so.11.0.0~pre1" to ""
-- Installing: /home/jrivero/code/my-agents.md/projects/ogre-migrator/ws/build-1.12/install/lib/gz-sim/plugins/libgz-sim-joint-state-publisher-system.so
-- Installing: /home/jrivero/code/my-agents.md/projects/ogre-migrator/ws/build-1.12/install/include/gz/sim11/gz/sim/joint-trajectory-controller-system/detail/Export.hh
-- Installing: /home/jrivero/code/my-agents.md/projects/ogre-migrator/ws/build-1.12/install/include/gz/sim11/gz/sim/joint-trajectory-controller-system/Export.hh
-- Installing: /home/jrivero/code/my-agents.md/projects/ogre-migrator/ws/build-1.12/install/lib/libgz-sim-joint-trajectory-controller-system.so.11.0.0~pre1
-- Installing: /home/jrivero/code/my-agents.md/projects/ogre-migrator/ws/build-1.12/install/lib/libgz-sim-joint-trajectory-controller-system.so.11
-- Set non-toolchain portion of runtime path of "/home/jrivero/code/my-agents.md/projects/ogre-migrator/ws/build-1.12/install/lib/libgz-sim-joint-trajectory-controller-system.so.11.0.0~pre1" to ""
-- Installing: /home/jrivero/code/my-agents.md/projects/ogre-migrator/ws/build-1.12/install/lib/libgz-sim-joint-trajectory-controller-system.so
-- Installing: /home/jrivero/code/my-agents.md/projects/ogre-migrator/ws/build-1.12/install/lib/cmake/gz-sim-joint-trajectory-controller-system/gz-sim-joint-trajectory-controller-system-config.cmake
-- Installing: /home/jrivero/code/my-agents.md/projects/ogre-migrator/ws/build-1.12/install/lib/cmake/gz-sim-joint-trajectory-controller-system/gz-sim-joint-trajectory-controller-system-config-version.cmake
-- Installing: /home/jrivero/code/my-agents.md/projects/ogre-migrator/ws/build-1.12/install/lib/cmake/gz-sim-joint-trajectory-controller-system/gz-sim-joint-trajectory-controller-system-targets.cmake
-- Installing: /home/jrivero/code/my-agents.md/projects/ogre-migrator/ws/build-1.12/install/lib/cmake/gz-sim-joint-trajectory-controller-system/gz-sim-joint-trajectory-controller-system-targets-release.cmake
-- Installing: /home/jrivero/code/my-agents.md/projects/ogre-migrator/ws/build-1.12/install/lib/pkgconfig/gz-sim-joint-trajectory-controller-system.pc
-- Installing: /home/jrivero/code/my-agents.md/projects/ogre-migrator/ws/build-1.12/install/lib/gz-sim/plugins/libgz-sim-joint-trajectory-controller-system.so.11.0.0~pre1
-- Installing: /home/jrivero/code/my-agents.md/projects/ogre-migrator/ws/build-1.12/install/lib/gz-sim/plugins/libgz-sim-joint-trajectory-controller-system.so.11
-- Set non-toolchain portion of runtime path of "/home/jrivero/code/my-agents.md/projects/ogre-migrator/ws/build-1.12/install/lib/gz-sim/plugins/libgz-sim-joint-trajectory-controller-system.so.11.0.0~pre1" to ""
-- Installing: /home/jrivero/code/my-agents.md/projects/ogre-migrator/ws/build-1.12/install/lib/gz-sim/plugins/libgz-sim-joint-trajectory-controller-system.so
-- Installing: /home/jrivero/code/my-agents.md/projects/ogre-migrator/ws/build-1.12/install/include/gz/sim11/gz/sim/kinetic-energy-monitor-system/detail/Export.hh
-- Installing: /home/jrivero/code/my-agents.md/projects/ogre-migrator/ws/build-1.12/install/include/gz/sim11/gz/sim/kinetic-energy-monitor-system/Export.hh
-- Installing: /home/jrivero/code/my-agents.md/projects/ogre-migrator/ws/build-1.12/install/lib/libgz-sim-kinetic-energy-monitor-system.so.11.0.0~pre1
-- Installing: /home/jrivero/code/my-agents.md/projects/ogre-migrator/ws/build-1.12/install/lib/libgz-sim-kinetic-energy-monitor-system.so.11
-- Set non-toolchain portion of runtime path of "/home/jrivero/code/my-agents.md/projects/ogre-migrator/ws/build-1.12/install/lib/libgz-sim-kinetic-energy-monitor-system.so.11.0.0~pre1" to ""
-- Installing: /home/jrivero/code/my-agents.md/projects/ogre-migrator/ws/build-1.12/install/lib/libgz-sim-kinetic-energy-monitor-system.so
-- Installing: /home/jrivero/code/my-agents.md/projects/ogre-migrator/ws/build-1.12/install/lib/cmake/gz-sim-kinetic-energy-monitor-system/gz-sim-kinetic-energy-monitor-system-config.cmake
-- Installing: /home/jrivero/code/my-agents.md/projects/ogre-migrator/ws/build-1.12/install/lib/cmake/gz-sim-kinetic-energy-monitor-system/gz-sim-kinetic-energy-monitor-system-config-version.cmake
-- Installing: /home/jrivero/code/my-agents.md/projects/ogre-migrator/ws/build-1.12/install/lib/cmake/gz-sim-kinetic-energy-monitor-system/gz-sim-kinetic-energy-monitor-system-targets.cmake
-- Installing: /home/jrivero/code/my-agents.md/projects/ogre-migrator/ws/build-1.12/install/lib/cmake/gz-sim-kinetic-energy-monitor-system/gz-sim-kinetic-energy-monitor-system-targets-release.cmake
-- Installing: /home/jrivero/code/my-agents.md/projects/ogre-migrator/ws/build-1.12/install/lib/pkgconfig/gz-sim-kinetic-energy-monitor-system.pc
-- Installing: /home/jrivero/code/my-agents.md/projects/ogre-migrator/ws/build-1.12/install/lib/gz-sim/plugins/libgz-sim-kinetic-energy-monitor-system.so.11.0.0~pre1
-- Installing: /home/jrivero/code/my-agents.md/projects/ogre-migrator/ws/build-1.12/install/lib/gz-sim/plugins/libgz-sim-kinetic-energy-monitor-system.so.11
-- Set non-toolchain portion of runtime path of "/home/jrivero/code/my-agents.md/projects/ogre-migrator/ws/build-1.12/install/lib/gz-sim/plugins/libgz-sim-kinetic-energy-monitor-system.so.11.0.0~pre1" to ""
-- Installing: /home/jrivero/code/my-agents.md/projects/ogre-migrator/ws/build-1.12/install/lib/gz-sim/plugins/libgz-sim-kinetic-energy-monitor-system.so
-- Installing: /home/jrivero/code/my-agents.md/projects/ogre-migrator/ws/build-1.12/install/include/gz/sim11/gz/sim/label-system/detail/Export.hh
-- Installing: /home/jrivero/code/my-agents.md/projects/ogre-migrator/ws/build-1.12/install/include/gz/sim11/gz/sim/label-system/Export.hh
-- Installing: /home/jrivero/code/my-agents.md/projects/ogre-migrator/ws/build-1.12/install/lib/libgz-sim-label-system.so.11.0.0~pre1
-- Installing: /home/jrivero/code/my-agents.md/projects/ogre-migrator/ws/build-1.12/install/lib/libgz-sim-label-system.so.11
-- Set non-toolchain portion of runtime path of "/home/jrivero/code/my-agents.md/projects/ogre-migrator/ws/build-1.12/install/lib/libgz-sim-label-system.so.11.0.0~pre1" to ""
-- Installing: /home/jrivero/code/my-agents.md/projects/ogre-migrator/ws/build-1.12/install/lib/libgz-sim-label-system.so
-- Installing: /home/jrivero/code/my-agents.md/projects/ogre-migrator/ws/build-1.12/install/lib/cmake/gz-sim-label-system/gz-sim-label-system-config.cmake
-- Installing: /home/jrivero/code/my-agents.md/projects/ogre-migrator/ws/build-1.12/install/lib/cmake/gz-sim-label-system/gz-sim-label-system-config-version.cmake
-- Installing: /home/jrivero/code/my-agents.md/projects/ogre-migrator/ws/build-1.12/install/lib/cmake/gz-sim-label-system/gz-sim-label-system-targets.cmake
-- Installing: /home/jrivero/code/my-agents.md/projects/ogre-migrator/ws/build-1.12/install/lib/cmake/gz-sim-label-system/gz-sim-label-system-targets-release.cmake
-- Installing: /home/jrivero/code/my-agents.md/projects/ogre-migrator/ws/build-1.12/install/lib/pkgconfig/gz-sim-label-system.pc
-- Installing: /home/jrivero/code/my-agents.md/projects/ogre-migrator/ws/build-1.12/install/lib/gz-sim/plugins/libgz-sim-label-system.so.11.0.0~pre1
-- Installing: /home/jrivero/code/my-agents.md/projects/ogre-migrator/ws/build-1.12/install/lib/gz-sim/plugins/libgz-sim-label-system.so.11
-- Set non-toolchain portion of runtime path of "/home/jrivero/code/my-agents.md/projects/ogre-migrator/ws/build-1.12/install/lib/gz-sim/plugins/libgz-sim-label-system.so.11.0.0~pre1" to ""
-- Installing: /home/jrivero/code/my-agents.md/projects/ogre-migrator/ws/build-1.12/install/lib/gz-sim/plugins/libgz-sim-label-system.so
-- Installing: /home/jrivero/code/my-agents.md/projects/ogre-migrator/ws/build-1.12/install/include/gz/sim11/gz/sim/lens-flare-system/detail/Export.hh
-- Installing: /home/jrivero/code/my-agents.md/projects/ogre-migrator/ws/build-1.12/install/include/gz/sim11/gz/sim/lens-flare-system/Export.hh
-- Installing: /home/jrivero/code/my-agents.md/projects/ogre-migrator/ws/build-1.12/install/lib/libgz-sim-lens-flare-system.so.11.0.0~pre1
-- Installing: /home/jrivero/code/my-agents.md/projects/ogre-migrator/ws/build-1.12/install/lib/libgz-sim-lens-flare-system.so.11
-- Set non-toolchain portion of runtime path of "/home/jrivero/code/my-agents.md/projects/ogre-migrator/ws/build-1.12/install/lib/libgz-sim-lens-flare-system.so.11.0.0~pre1" to ""
-- Installing: /home/jrivero/code/my-agents.md/projects/ogre-migrator/ws/build-1.12/install/lib/libgz-sim-lens-flare-system.so
-- Installing: /home/jrivero/code/my-agents.md/projects/ogre-migrator/ws/build-1.12/install/lib/cmake/gz-sim-lens-flare-system/gz-sim-lens-flare-system-config.cmake
-- Installing: /home/jrivero/code/my-agents.md/projects/ogre-migrator/ws/build-1.12/install/lib/cmake/gz-sim-lens-flare-system/gz-sim-lens-flare-system-config-version.cmake
-- Installing: /home/jrivero/code/my-agents.md/projects/ogre-migrator/ws/build-1.12/install/lib/cmake/gz-sim-lens-flare-system/gz-sim-lens-flare-system-targets.cmake
-- Installing: /home/jrivero/code/my-agents.md/projects/ogre-migrator/ws/build-1.12/install/lib/cmake/gz-sim-lens-flare-system/gz-sim-lens-flare-system-targets-release.cmake
-- Installing: /home/jrivero/code/my-agents.md/projects/ogre-migrator/ws/build-1.12/install/lib/pkgconfig/gz-sim-lens-flare-system.pc
-- Installing: /home/jrivero/code/my-agents.md/projects/ogre-migrator/ws/build-1.12/install/lib/gz-sim/plugins/libgz-sim-lens-flare-system.so.11.0.0~pre1
-- Installing: /home/jrivero/code/my-agents.md/projects/ogre-migrator/ws/build-1.12/install/lib/gz-sim/plugins/libgz-sim-lens-flare-system.so.11
-- Set non-toolchain portion of runtime path of "/home/jrivero/code/my-agents.md/projects/ogre-migrator/ws/build-1.12/install/lib/gz-sim/plugins/libgz-sim-lens-flare-system.so.11.0.0~pre1" to ""
-- Installing: /home/jrivero/code/my-agents.md/projects/ogre-migrator/ws/build-1.12/install/lib/gz-sim/plugins/libgz-sim-lens-flare-system.so
-- Installing: /home/jrivero/code/my-agents.md/projects/ogre-migrator/ws/build-1.12/install/include/gz/sim11/gz/sim/lift-drag-system/detail/Export.hh
-- Installing: /home/jrivero/code/my-agents.md/projects/ogre-migrator/ws/build-1.12/install/include/gz/sim11/gz/sim/lift-drag-system/Export.hh
-- Installing: /home/jrivero/code/my-agents.md/projects/ogre-migrator/ws/build-1.12/install/lib/libgz-sim-lift-drag-system.so.11.0.0~pre1
-- Installing: /home/jrivero/code/my-agents.md/projects/ogre-migrator/ws/build-1.12/install/lib/libgz-sim-lift-drag-system.so.11
-- Set non-toolchain portion of runtime path of "/home/jrivero/code/my-agents.md/projects/ogre-migrator/ws/build-1.12/install/lib/libgz-sim-lift-drag-system.so.11.0.0~pre1" to ""
-- Installing: /home/jrivero/code/my-agents.md/projects/ogre-migrator/ws/build-1.12/install/lib/libgz-sim-lift-drag-system.so
-- Installing: /home/jrivero/code/my-agents.md/projects/ogre-migrator/ws/build-1.12/install/lib/cmake/gz-sim-lift-drag-system/gz-sim-lift-drag-system-config.cmake
-- Installing: /home/jrivero/code/my-agents.md/projects/ogre-migrator/ws/build-1.12/install/lib/cmake/gz-sim-lift-drag-system/gz-sim-lift-drag-system-config-version.cmake
-- Installing: /home/jrivero/code/my-agents.md/projects/ogre-migrator/ws/build-1.12/install/lib/cmake/gz-sim-lift-drag-system/gz-sim-lift-drag-system-targets.cmake
-- Installing: /home/jrivero/code/my-agents.md/projects/ogre-migrator/ws/build-1.12/install/lib/cmake/gz-sim-lift-drag-system/gz-sim-lift-drag-system-targets-release.cmake
-- Installing: /home/jrivero/code/my-agents.md/projects/ogre-migrator/ws/build-1.12/install/lib/pkgconfig/gz-sim-lift-drag-system.pc
-- Installing: /home/jrivero/code/my-agents.md/projects/ogre-migrator/ws/build-1.12/install/lib/gz-sim/plugins/libgz-sim-lift-drag-system.so.11.0.0~pre1
-- Installing: /home/jrivero/code/my-agents.md/projects/ogre-migrator/ws/build-1.12/install/lib/gz-sim/plugins/libgz-sim-lift-drag-system.so.11
-- Set non-toolchain portion of runtime path of "/home/jrivero/code/my-agents.md/projects/ogre-migrator/ws/build-1.12/install/lib/gz-sim/plugins/libgz-sim-lift-drag-system.so.11.0.0~pre1" to ""
-- Installing: /home/jrivero/code/my-agents.md/projects/ogre-migrator/ws/build-1.12/install/lib/gz-sim/plugins/libgz-sim-lift-drag-system.so
-- Installing: /home/jrivero/code/my-agents.md/projects/ogre-migrator/ws/build-1.12/install/include/gz/sim11/gz/sim/lighter_than_air_dynamics-system/detail/Export.hh
-- Installing: /home/jrivero/code/my-agents.md/projects/ogre-migrator/ws/build-1.12/install/include/gz/sim11/gz/sim/lighter_than_air_dynamics-system/Export.hh
-- Installing: /home/jrivero/code/my-agents.md/projects/ogre-migrator/ws/build-1.12/install/lib/libgz-sim-lighter_than_air_dynamics-system.so.11.0.0~pre1
-- Installing: /home/jrivero/code/my-agents.md/projects/ogre-migrator/ws/build-1.12/install/lib/libgz-sim-lighter_than_air_dynamics-system.so.11
-- Set non-toolchain portion of runtime path of "/home/jrivero/code/my-agents.md/projects/ogre-migrator/ws/build-1.12/install/lib/libgz-sim-lighter_than_air_dynamics-system.so.11.0.0~pre1" to ""
-- Installing: /home/jrivero/code/my-agents.md/projects/ogre-migrator/ws/build-1.12/install/lib/libgz-sim-lighter_than_air_dynamics-system.so
-- Installing: /home/jrivero/code/my-agents.md/projects/ogre-migrator/ws/build-1.12/install/lib/cmake/gz-sim-lighter_than_air_dynamics-system/gz-sim-lighter_than_air_dynamics-system-config.cmake
-- Installing: /home/jrivero/code/my-agents.md/projects/ogre-migrator/ws/build-1.12/install/lib/cmake/gz-sim-lighter_than_air_dynamics-system/gz-sim-lighter_than_air_dynamics-system-config-version.cmake
-- Installing: /home/jrivero/code/my-agents.md/projects/ogre-migrator/ws/build-1.12/install/lib/cmake/gz-sim-lighter_than_air_dynamics-system/gz-sim-lighter_than_air_dynamics-system-targets.cmake
-- Installing: /home/jrivero/code/my-agents.md/projects/ogre-migrator/ws/build-1.12/install/lib/cmake/gz-sim-lighter_than_air_dynamics-system/gz-sim-lighter_than_air_dynamics-system-targets-release.cmake
-- Installing: /home/jrivero/code/my-agents.md/projects/ogre-migrator/ws/build-1.12/install/lib/pkgconfig/gz-sim-lighter_than_air_dynamics-system.pc
-- Installing: /home/jrivero/code/my-agents.md/projects/ogre-migrator/ws/build-1.12/install/lib/gz-sim/plugins/libgz-sim-lighter_than_air_dynamics-system.so.11.0.0~pre1
-- Installing: /home/jrivero/code/my-agents.md/projects/ogre-migrator/ws/build-1.12/install/lib/gz-sim/plugins/libgz-sim-lighter_than_air_dynamics-system.so.11
-- Set non-toolchain portion of runtime path of "/home/jrivero/code/my-agents.md/projects/ogre-migrator/ws/build-1.12/install/lib/gz-sim/plugins/libgz-sim-lighter_than_air_dynamics-system.so.11.0.0~pre1" to ""
-- Installing: /home/jrivero/code/my-agents.md/projects/ogre-migrator/ws/build-1.12/install/lib/gz-sim/plugins/libgz-sim-lighter_than_air_dynamics-system.so
-- Installing: /home/jrivero/code/my-agents.md/projects/ogre-migrator/ws/build-1.12/install/include/gz/sim11/gz/sim/log-system/detail/Export.hh
-- Installing: /home/jrivero/code/my-agents.md/projects/ogre-migrator/ws/build-1.12/install/include/gz/sim11/gz/sim/log-system/Export.hh
-- Installing: /home/jrivero/code/my-agents.md/projects/ogre-migrator/ws/build-1.12/install/lib/libgz-sim-log-system.so.11.0.0~pre1
-- Installing: /home/jrivero/code/my-agents.md/projects/ogre-migrator/ws/build-1.12/install/lib/libgz-sim-log-system.so.11
-- Set non-toolchain portion of runtime path of "/home/jrivero/code/my-agents.md/projects/ogre-migrator/ws/build-1.12/install/lib/libgz-sim-log-system.so.11.0.0~pre1" to ""
-- Installing: /home/jrivero/code/my-agents.md/projects/ogre-migrator/ws/build-1.12/install/lib/libgz-sim-log-system.so
-- Installing: /home/jrivero/code/my-agents.md/projects/ogre-migrator/ws/build-1.12/install/lib/cmake/gz-sim-log-system/gz-sim-log-system-config.cmake
-- Installing: /home/jrivero/code/my-agents.md/projects/ogre-migrator/ws/build-1.12/install/lib/cmake/gz-sim-log-system/gz-sim-log-system-config-version.cmake
-- Installing: /home/jrivero/code/my-agents.md/projects/ogre-migrator/ws/build-1.12/install/lib/cmake/gz-sim-log-system/gz-sim-log-system-targets.cmake
-- Installing: /home/jrivero/code/my-agents.md/projects/ogre-migrator/ws/build-1.12/install/lib/cmake/gz-sim-log-system/gz-sim-log-system-targets-release.cmake
-- Installing: /home/jrivero/code/my-agents.md/projects/ogre-migrator/ws/build-1.12/install/lib/pkgconfig/gz-sim-log-system.pc
-- Installing: /home/jrivero/code/my-agents.md/projects/ogre-migrator/ws/build-1.12/install/lib/gz-sim/plugins/libgz-sim-log-system.so.11.0.0~pre1
-- Installing: /home/jrivero/code/my-agents.md/projects/ogre-migrator/ws/build-1.12/install/lib/gz-sim/plugins/libgz-sim-log-system.so.11
-- Set non-toolchain portion of runtime path of "/home/jrivero/code/my-agents.md/projects/ogre-migrator/ws/build-1.12/install/lib/gz-sim/plugins/libgz-sim-log-system.so.11.0.0~pre1" to ""
-- Installing: /home/jrivero/code/my-agents.md/projects/ogre-migrator/ws/build-1.12/install/lib/gz-sim/plugins/libgz-sim-log-system.so
-- Installing: /home/jrivero/code/my-agents.md/projects/ogre-migrator/ws/build-1.12/install/include/gz/sim11/gz/sim/log-video-recorder-system/detail/Export.hh
-- Installing: /home/jrivero/code/my-agents.md/projects/ogre-migrator/ws/build-1.12/install/include/gz/sim11/gz/sim/log-video-recorder-system/Export.hh
-- Installing: /home/jrivero/code/my-agents.md/projects/ogre-migrator/ws/build-1.12/install/lib/libgz-sim-log-video-recorder-system.so.11.0.0~pre1
-- Installing: /home/jrivero/code/my-agents.md/projects/ogre-migrator/ws/build-1.12/install/lib/libgz-sim-log-video-recorder-system.so.11
-- Set non-toolchain portion of runtime path of "/home/jrivero/code/my-agents.md/projects/ogre-migrator/ws/build-1.12/install/lib/libgz-sim-log-video-recorder-system.so.11.0.0~pre1" to ""
-- Installing: /home/jrivero/code/my-agents.md/projects/ogre-migrator/ws/build-1.12/install/lib/libgz-sim-log-video-recorder-system.so
-- Installing: /home/jrivero/code/my-agents.md/projects/ogre-migrator/ws/build-1.12/install/lib/cmake/gz-sim-log-video-recorder-system/gz-sim-log-video-recorder-system-config.cmake
-- Installing: /home/jrivero/code/my-agents.md/projects/ogre-migrator/ws/build-1.12/install/lib/cmake/gz-sim-log-video-recorder-system/gz-sim-log-video-recorder-system-config-version.cmake
-- Installing: /home/jrivero/code/my-agents.md/projects/ogre-migrator/ws/build-1.12/install/lib/cmake/gz-sim-log-video-recorder-system/gz-sim-log-video-recorder-system-targets.cmake
-- Installing: /home/jrivero/code/my-agents.md/projects/ogre-migrator/ws/build-1.12/install/lib/cmake/gz-sim-log-video-recorder-system/gz-sim-log-video-recorder-system-targets-release.cmake
-- Installing: /home/jrivero/code/my-agents.md/projects/ogre-migrator/ws/build-1.12/install/lib/pkgconfig/gz-sim-log-video-recorder-system.pc
-- Installing: /home/jrivero/code/my-agents.md/projects/ogre-migrator/ws/build-1.12/install/lib/gz-sim/plugins/libgz-sim-log-video-recorder-system.so.11.0.0~pre1
-- Installing: /home/jrivero/code/my-agents.md/projects/ogre-migrator/ws/build-1.12/install/lib/gz-sim/plugins/libgz-sim-log-video-recorder-system.so.11
-- Set non-toolchain portion of runtime path of "/home/jrivero/code/my-agents.md/projects/ogre-migrator/ws/build-1.12/install/lib/gz-sim/plugins/libgz-sim-log-video-recorder-system.so.11.0.0~pre1" to ""
-- Installing: /home/jrivero/code/my-agents.md/projects/ogre-migrator/ws/build-1.12/install/lib/gz-sim/plugins/libgz-sim-log-video-recorder-system.so
-- Installing: /home/jrivero/code/my-agents.md/projects/ogre-migrator/ws/build-1.12/install/include/gz/sim11/gz/sim/logicalaudiosensorplugin-system/detail/Export.hh
-- Installing: /home/jrivero/code/my-agents.md/projects/ogre-migrator/ws/build-1.12/install/include/gz/sim11/gz/sim/logicalaudiosensorplugin-system/Export.hh
-- Installing: /home/jrivero/code/my-agents.md/projects/ogre-migrator/ws/build-1.12/install/lib/libgz-sim-logicalaudiosensorplugin-system.so.11.0.0~pre1
-- Installing: /home/jrivero/code/my-agents.md/projects/ogre-migrator/ws/build-1.12/install/lib/libgz-sim-logicalaudiosensorplugin-system.so.11
-- Set non-toolchain portion of runtime path of "/home/jrivero/code/my-agents.md/projects/ogre-migrator/ws/build-1.12/install/lib/libgz-sim-logicalaudiosensorplugin-system.so.11.0.0~pre1" to ""
-- Installing: /home/jrivero/code/my-agents.md/projects/ogre-migrator/ws/build-1.12/install/lib/libgz-sim-logicalaudiosensorplugin-system.so
-- Installing: /home/jrivero/code/my-agents.md/projects/ogre-migrator/ws/build-1.12/install/lib/cmake/gz-sim-logicalaudiosensorplugin-system/gz-sim-logicalaudiosensorplugin-system-config.cmake
-- Installing: /home/jrivero/code/my-agents.md/projects/ogre-migrator/ws/build-1.12/install/lib/cmake/gz-sim-logicalaudiosensorplugin-system/gz-sim-logicalaudiosensorplugin-system-config-version.cmake
-- Installing: /home/jrivero/code/my-agents.md/projects/ogre-migrator/ws/build-1.12/install/lib/cmake/gz-sim-logicalaudiosensorplugin-system/gz-sim-logicalaudiosensorplugin-system-targets.cmake
-- Installing: /home/jrivero/code/my-agents.md/projects/ogre-migrator/ws/build-1.12/install/lib/cmake/gz-sim-logicalaudiosensorplugin-system/gz-sim-logicalaudiosensorplugin-system-targets-release.cmake
-- Installing: /home/jrivero/code/my-agents.md/projects/ogre-migrator/ws/build-1.12/install/lib/pkgconfig/gz-sim-logicalaudiosensorplugin-system.pc
-- Installing: /home/jrivero/code/my-agents.md/projects/ogre-migrator/ws/build-1.12/install/lib/gz-sim/plugins/libgz-sim-logicalaudiosensorplugin-system.so.11.0.0~pre1
-- Installing: /home/jrivero/code/my-agents.md/projects/ogre-migrator/ws/build-1.12/install/lib/gz-sim/plugins/libgz-sim-logicalaudiosensorplugin-system.so.11
-- Set non-toolchain portion of runtime path of "/home/jrivero/code/my-agents.md/projects/ogre-migrator/ws/build-1.12/install/lib/gz-sim/plugins/libgz-sim-logicalaudiosensorplugin-system.so.11.0.0~pre1" to ""
-- Installing: /home/jrivero/code/my-agents.md/projects/ogre-migrator/ws/build-1.12/install/lib/gz-sim/plugins/libgz-sim-logicalaudiosensorplugin-system.so
-- Installing: /home/jrivero/code/my-agents.md/projects/ogre-migrator/ws/build-1.12/install/include/gz/sim11/gz/sim/logical-camera-system/detail/Export.hh
-- Installing: /home/jrivero/code/my-agents.md/projects/ogre-migrator/ws/build-1.12/install/include/gz/sim11/gz/sim/logical-camera-system/Export.hh
-- Installing: /home/jrivero/code/my-agents.md/projects/ogre-migrator/ws/build-1.12/install/lib/libgz-sim-logical-camera-system.so.11.0.0~pre1
-- Installing: /home/jrivero/code/my-agents.md/projects/ogre-migrator/ws/build-1.12/install/lib/libgz-sim-logical-camera-system.so.11
-- Set non-toolchain portion of runtime path of "/home/jrivero/code/my-agents.md/projects/ogre-migrator/ws/build-1.12/install/lib/libgz-sim-logical-camera-system.so.11.0.0~pre1" to ""
-- Installing: /home/jrivero/code/my-agents.md/projects/ogre-migrator/ws/build-1.12/install/lib/libgz-sim-logical-camera-system.so
-- Installing: /home/jrivero/code/my-agents.md/projects/ogre-migrator/ws/build-1.12/install/lib/cmake/gz-sim-logical-camera-system/gz-sim-logical-camera-system-config.cmake
-- Installing: /home/jrivero/code/my-agents.md/projects/ogre-migrator/ws/build-1.12/install/lib/cmake/gz-sim-logical-camera-system/gz-sim-logical-camera-system-config-version.cmake
-- Installing: /home/jrivero/code/my-agents.md/projects/ogre-migrator/ws/build-1.12/install/lib/cmake/gz-sim-logical-camera-system/gz-sim-logical-camera-system-targets.cmake
-- Installing: /home/jrivero/code/my-agents.md/projects/ogre-migrator/ws/build-1.12/install/lib/cmake/gz-sim-logical-camera-system/gz-sim-logical-camera-system-targets-release.cmake
-- Installing: /home/jrivero/code/my-agents.md/projects/ogre-migrator/ws/build-1.12/install/lib/pkgconfig/gz-sim-logical-camera-system.pc
-- Installing: /home/jrivero/code/my-agents.md/projects/ogre-migrator/ws/build-1.12/install/lib/gz-sim/plugins/libgz-sim-logical-camera-system.so.11.0.0~pre1
-- Installing: /home/jrivero/code/my-agents.md/projects/ogre-migrator/ws/build-1.12/install/lib/gz-sim/plugins/libgz-sim-logical-camera-system.so.11
-- Set non-toolchain portion of runtime path of "/home/jrivero/code/my-agents.md/projects/ogre-migrator/ws/build-1.12/install/lib/gz-sim/plugins/libgz-sim-logical-camera-system.so.11.0.0~pre1" to ""
-- Installing: /home/jrivero/code/my-agents.md/projects/ogre-migrator/ws/build-1.12/install/lib/gz-sim/plugins/libgz-sim-logical-camera-system.so
-- Installing: /home/jrivero/code/my-agents.md/projects/ogre-migrator/ws/build-1.12/install/include/gz/sim11/gz/sim/lookup-wheel-slip-system/detail/Export.hh
-- Installing: /home/jrivero/code/my-agents.md/projects/ogre-migrator/ws/build-1.12/install/include/gz/sim11/gz/sim/lookup-wheel-slip-system/Export.hh
-- Installing: /home/jrivero/code/my-agents.md/projects/ogre-migrator/ws/build-1.12/install/lib/libgz-sim-lookup-wheel-slip-system.so.11.0.0~pre1
-- Installing: /home/jrivero/code/my-agents.md/projects/ogre-migrator/ws/build-1.12/install/lib/libgz-sim-lookup-wheel-slip-system.so.11
-- Set non-toolchain portion of runtime path of "/home/jrivero/code/my-agents.md/projects/ogre-migrator/ws/build-1.12/install/lib/libgz-sim-lookup-wheel-slip-system.so.11.0.0~pre1" to ""
-- Installing: /home/jrivero/code/my-agents.md/projects/ogre-migrator/ws/build-1.12/install/lib/libgz-sim-lookup-wheel-slip-system.so
-- Installing: /home/jrivero/code/my-agents.md/projects/ogre-migrator/ws/build-1.12/install/lib/cmake/gz-sim-lookup-wheel-slip-system/gz-sim-lookup-wheel-slip-system-config.cmake
-- Installing: /home/jrivero/code/my-agents.md/projects/ogre-migrator/ws/build-1.12/install/lib/cmake/gz-sim-lookup-wheel-slip-system/gz-sim-lookup-wheel-slip-system-config-version.cmake
-- Installing: /home/jrivero/code/my-agents.md/projects/ogre-migrator/ws/build-1.12/install/lib/cmake/gz-sim-lookup-wheel-slip-system/gz-sim-lookup-wheel-slip-system-targets.cmake
-- Installing: /home/jrivero/code/my-agents.md/projects/ogre-migrator/ws/build-1.12/install/lib/cmake/gz-sim-lookup-wheel-slip-system/gz-sim-lookup-wheel-slip-system-targets-release.cmake
-- Installing: /home/jrivero/code/my-agents.md/projects/ogre-migrator/ws/build-1.12/install/lib/pkgconfig/gz-sim-lookup-wheel-slip-system.pc
-- Installing: /home/jrivero/code/my-agents.md/projects/ogre-migrator/ws/build-1.12/install/lib/gz-sim/plugins/libgz-sim-lookup-wheel-slip-system.so.11.0.0~pre1
-- Installing: /home/jrivero/code/my-agents.md/projects/ogre-migrator/ws/build-1.12/install/lib/gz-sim/plugins/libgz-sim-lookup-wheel-slip-system.so.11
-- Set non-toolchain portion of runtime path of "/home/jrivero/code/my-agents.md/projects/ogre-migrator/ws/build-1.12/install/lib/gz-sim/plugins/libgz-sim-lookup-wheel-slip-system.so.11.0.0~pre1" to ""
-- Installing: /home/jrivero/code/my-agents.md/projects/ogre-migrator/ws/build-1.12/install/lib/gz-sim/plugins/libgz-sim-lookup-wheel-slip-system.so
-- Installing: /home/jrivero/code/my-agents.md/projects/ogre-migrator/ws/build-1.12/install/include/gz/sim11/gz/sim/magnetometer-system/detail/Export.hh
-- Installing: /home/jrivero/code/my-agents.md/projects/ogre-migrator/ws/build-1.12/install/include/gz/sim11/gz/sim/magnetometer-system/Export.hh
-- Installing: /home/jrivero/code/my-agents.md/projects/ogre-migrator/ws/build-1.12/install/lib/libgz-sim-magnetometer-system.so.11.0.0~pre1
-- Installing: /home/jrivero/code/my-agents.md/projects/ogre-migrator/ws/build-1.12/install/lib/libgz-sim-magnetometer-system.so.11
-- Set non-toolchain portion of runtime path of "/home/jrivero/code/my-agents.md/projects/ogre-migrator/ws/build-1.12/install/lib/libgz-sim-magnetometer-system.so.11.0.0~pre1" to ""
-- Installing: /home/jrivero/code/my-agents.md/projects/ogre-migrator/ws/build-1.12/install/lib/libgz-sim-magnetometer-system.so
-- Installing: /home/jrivero/code/my-agents.md/projects/ogre-migrator/ws/build-1.12/install/lib/cmake/gz-sim-magnetometer-system/gz-sim-magnetometer-system-config.cmake
-- Installing: /home/jrivero/code/my-agents.md/projects/ogre-migrator/ws/build-1.12/install/lib/cmake/gz-sim-magnetometer-system/gz-sim-magnetometer-system-config-version.cmake
-- Installing: /home/jrivero/code/my-agents.md/projects/ogre-migrator/ws/build-1.12/install/lib/cmake/gz-sim-magnetometer-system/gz-sim-magnetometer-system-targets.cmake
-- Installing: /home/jrivero/code/my-agents.md/projects/ogre-migrator/ws/build-1.12/install/lib/cmake/gz-sim-magnetometer-system/gz-sim-magnetometer-system-targets-release.cmake
-- Installing: /home/jrivero/code/my-agents.md/projects/ogre-migrator/ws/build-1.12/install/lib/pkgconfig/gz-sim-magnetometer-system.pc
-- Installing: /home/jrivero/code/my-agents.md/projects/ogre-migrator/ws/build-1.12/install/lib/gz-sim/plugins/libgz-sim-magnetometer-system.so.11.0.0~pre1
-- Installing: /home/jrivero/code/my-agents.md/projects/ogre-migrator/ws/build-1.12/install/lib/gz-sim/plugins/libgz-sim-magnetometer-system.so.11
-- Set non-toolchain portion of runtime path of "/home/jrivero/code/my-agents.md/projects/ogre-migrator/ws/build-1.12/install/lib/gz-sim/plugins/libgz-sim-magnetometer-system.so.11.0.0~pre1" to ""
-- Installing: /home/jrivero/code/my-agents.md/projects/ogre-migrator/ws/build-1.12/install/lib/gz-sim/plugins/libgz-sim-magnetometer-system.so
-- Installing: /home/jrivero/code/my-agents.md/projects/ogre-migrator/ws/build-1.12/install/include/gz/sim11/gz/sim/model-photo-shoot-system/detail/Export.hh
-- Installing: /home/jrivero/code/my-agents.md/projects/ogre-migrator/ws/build-1.12/install/include/gz/sim11/gz/sim/model-photo-shoot-system/Export.hh
-- Installing: /home/jrivero/code/my-agents.md/projects/ogre-migrator/ws/build-1.12/install/lib/libgz-sim-model-photo-shoot-system.so.11.0.0~pre1
-- Installing: /home/jrivero/code/my-agents.md/projects/ogre-migrator/ws/build-1.12/install/lib/libgz-sim-model-photo-shoot-system.so.11
-- Set non-toolchain portion of runtime path of "/home/jrivero/code/my-agents.md/projects/ogre-migrator/ws/build-1.12/install/lib/libgz-sim-model-photo-shoot-system.so.11.0.0~pre1" to ""
-- Installing: /home/jrivero/code/my-agents.md/projects/ogre-migrator/ws/build-1.12/install/lib/libgz-sim-model-photo-shoot-system.so
-- Installing: /home/jrivero/code/my-agents.md/projects/ogre-migrator/ws/build-1.12/install/lib/cmake/gz-sim-model-photo-shoot-system/gz-sim-model-photo-shoot-system-config.cmake
-- Installing: /home/jrivero/code/my-agents.md/projects/ogre-migrator/ws/build-1.12/install/lib/cmake/gz-sim-model-photo-shoot-system/gz-sim-model-photo-shoot-system-config-version.cmake
-- Installing: /home/jrivero/code/my-agents.md/projects/ogre-migrator/ws/build-1.12/install/lib/cmake/gz-sim-model-photo-shoot-system/gz-sim-model-photo-shoot-system-targets.cmake
-- Installing: /home/jrivero/code/my-agents.md/projects/ogre-migrator/ws/build-1.12/install/lib/cmake/gz-sim-model-photo-shoot-system/gz-sim-model-photo-shoot-system-targets-release.cmake
-- Installing: /home/jrivero/code/my-agents.md/projects/ogre-migrator/ws/build-1.12/install/lib/pkgconfig/gz-sim-model-photo-shoot-system.pc
-- Installing: /home/jrivero/code/my-agents.md/projects/ogre-migrator/ws/build-1.12/install/lib/gz-sim/plugins/libgz-sim-model-photo-shoot-system.so.11.0.0~pre1
-- Installing: /home/jrivero/code/my-agents.md/projects/ogre-migrator/ws/build-1.12/install/lib/gz-sim/plugins/libgz-sim-model-photo-shoot-system.so.11
-- Set non-toolchain portion of runtime path of "/home/jrivero/code/my-agents.md/projects/ogre-migrator/ws/build-1.12/install/lib/gz-sim/plugins/libgz-sim-model-photo-shoot-system.so.11.0.0~pre1" to ""
-- Installing: /home/jrivero/code/my-agents.md/projects/ogre-migrator/ws/build-1.12/install/lib/gz-sim/plugins/libgz-sim-model-photo-shoot-system.so
-- Installing: /home/jrivero/code/my-agents.md/projects/ogre-migrator/ws/build-1.12/install/include/gz/sim11/gz/sim/mecanum-drive-system/detail/Export.hh
-- Installing: /home/jrivero/code/my-agents.md/projects/ogre-migrator/ws/build-1.12/install/include/gz/sim11/gz/sim/mecanum-drive-system/Export.hh
-- Installing: /home/jrivero/code/my-agents.md/projects/ogre-migrator/ws/build-1.12/install/lib/libgz-sim-mecanum-drive-system.so.11.0.0~pre1
-- Installing: /home/jrivero/code/my-agents.md/projects/ogre-migrator/ws/build-1.12/install/lib/libgz-sim-mecanum-drive-system.so.11
-- Set non-toolchain portion of runtime path of "/home/jrivero/code/my-agents.md/projects/ogre-migrator/ws/build-1.12/install/lib/libgz-sim-mecanum-drive-system.so.11.0.0~pre1" to ""
-- Installing: /home/jrivero/code/my-agents.md/projects/ogre-migrator/ws/build-1.12/install/lib/libgz-sim-mecanum-drive-system.so
-- Installing: /home/jrivero/code/my-agents.md/projects/ogre-migrator/ws/build-1.12/install/lib/cmake/gz-sim-mecanum-drive-system/gz-sim-mecanum-drive-system-config.cmake
-- Installing: /home/jrivero/code/my-agents.md/projects/ogre-migrator/ws/build-1.12/install/lib/cmake/gz-sim-mecanum-drive-system/gz-sim-mecanum-drive-system-config-version.cmake
-- Installing: /home/jrivero/code/my-agents.md/projects/ogre-migrator/ws/build-1.12/install/lib/cmake/gz-sim-mecanum-drive-system/gz-sim-mecanum-drive-system-targets.cmake
-- Installing: /home/jrivero/code/my-agents.md/projects/ogre-migrator/ws/build-1.12/install/lib/cmake/gz-sim-mecanum-drive-system/gz-sim-mecanum-drive-system-targets-release.cmake
-- Installing: /home/jrivero/code/my-agents.md/projects/ogre-migrator/ws/build-1.12/install/lib/pkgconfig/gz-sim-mecanum-drive-system.pc
-- Installing: /home/jrivero/code/my-agents.md/projects/ogre-migrator/ws/build-1.12/install/lib/gz-sim/plugins/libgz-sim-mecanum-drive-system.so.11.0.0~pre1
-- Installing: /home/jrivero/code/my-agents.md/projects/ogre-migrator/ws/build-1.12/install/lib/gz-sim/plugins/libgz-sim-mecanum-drive-system.so.11
-- Set non-toolchain portion of runtime path of "/home/jrivero/code/my-agents.md/projects/ogre-migrator/ws/build-1.12/install/lib/gz-sim/plugins/libgz-sim-mecanum-drive-system.so.11.0.0~pre1" to ""
-- Installing: /home/jrivero/code/my-agents.md/projects/ogre-migrator/ws/build-1.12/install/lib/gz-sim/plugins/libgz-sim-mecanum-drive-system.so
-- Installing: /home/jrivero/code/my-agents.md/projects/ogre-migrator/ws/build-1.12/install/include/gz/sim11/gz/sim/multicopter-motor-model-system/detail/Export.hh
-- Installing: /home/jrivero/code/my-agents.md/projects/ogre-migrator/ws/build-1.12/install/include/gz/sim11/gz/sim/multicopter-motor-model-system/Export.hh
-- Installing: /home/jrivero/code/my-agents.md/projects/ogre-migrator/ws/build-1.12/install/lib/libgz-sim-multicopter-motor-model-system.so.11.0.0~pre1
-- Installing: /home/jrivero/code/my-agents.md/projects/ogre-migrator/ws/build-1.12/install/lib/libgz-sim-multicopter-motor-model-system.so.11
-- Set non-toolchain portion of runtime path of "/home/jrivero/code/my-agents.md/projects/ogre-migrator/ws/build-1.12/install/lib/libgz-sim-multicopter-motor-model-system.so.11.0.0~pre1" to ""
-- Installing: /home/jrivero/code/my-agents.md/projects/ogre-migrator/ws/build-1.12/install/lib/libgz-sim-multicopter-motor-model-system.so
-- Installing: /home/jrivero/code/my-agents.md/projects/ogre-migrator/ws/build-1.12/install/lib/cmake/gz-sim-multicopter-motor-model-system/gz-sim-multicopter-motor-model-system-config.cmake
-- Installing: /home/jrivero/code/my-agents.md/projects/ogre-migrator/ws/build-1.12/install/lib/cmake/gz-sim-multicopter-motor-model-system/gz-sim-multicopter-motor-model-system-config-version.cmake
-- Installing: /home/jrivero/code/my-agents.md/projects/ogre-migrator/ws/build-1.12/install/lib/cmake/gz-sim-multicopter-motor-model-system/gz-sim-multicopter-motor-model-system-targets.cmake
-- Installing: /home/jrivero/code/my-agents.md/projects/ogre-migrator/ws/build-1.12/install/lib/cmake/gz-sim-multicopter-motor-model-system/gz-sim-multicopter-motor-model-system-targets-release.cmake
-- Installing: /home/jrivero/code/my-agents.md/projects/ogre-migrator/ws/build-1.12/install/lib/pkgconfig/gz-sim-multicopter-motor-model-system.pc
-- Installing: /home/jrivero/code/my-agents.md/projects/ogre-migrator/ws/build-1.12/install/lib/gz-sim/plugins/libgz-sim-multicopter-motor-model-system.so.11.0.0~pre1
-- Installing: /home/jrivero/code/my-agents.md/projects/ogre-migrator/ws/build-1.12/install/lib/gz-sim/plugins/libgz-sim-multicopter-motor-model-system.so.11
-- Set non-toolchain portion of runtime path of "/home/jrivero/code/my-agents.md/projects/ogre-migrator/ws/build-1.12/install/lib/gz-sim/plugins/libgz-sim-multicopter-motor-model-system.so.11.0.0~pre1" to ""
-- Installing: /home/jrivero/code/my-agents.md/projects/ogre-migrator/ws/build-1.12/install/lib/gz-sim/plugins/libgz-sim-multicopter-motor-model-system.so
-- Installing: /home/jrivero/code/my-agents.md/projects/ogre-migrator/ws/build-1.12/install/include/gz/sim11/gz/sim/multicopter-control-system/detail/Export.hh
-- Installing: /home/jrivero/code/my-agents.md/projects/ogre-migrator/ws/build-1.12/install/include/gz/sim11/gz/sim/multicopter-control-system/Export.hh
-- Installing: /home/jrivero/code/my-agents.md/projects/ogre-migrator/ws/build-1.12/install/lib/libgz-sim-multicopter-control-system.so.11.0.0~pre1
-- Installing: /home/jrivero/code/my-agents.md/projects/ogre-migrator/ws/build-1.12/install/lib/libgz-sim-multicopter-control-system.so.11
-- Set non-toolchain portion of runtime path of "/home/jrivero/code/my-agents.md/projects/ogre-migrator/ws/build-1.12/install/lib/libgz-sim-multicopter-control-system.so.11.0.0~pre1" to ""
-- Installing: /home/jrivero/code/my-agents.md/projects/ogre-migrator/ws/build-1.12/install/lib/libgz-sim-multicopter-control-system.so
-- Installing: /home/jrivero/code/my-agents.md/projects/ogre-migrator/ws/build-1.12/install/lib/cmake/gz-sim-multicopter-control-system/gz-sim-multicopter-control-system-config.cmake
-- Installing: /home/jrivero/code/my-agents.md/projects/ogre-migrator/ws/build-1.12/install/lib/cmake/gz-sim-multicopter-control-system/gz-sim-multicopter-control-system-config-version.cmake
-- Installing: /home/jrivero/code/my-agents.md/projects/ogre-migrator/ws/build-1.12/install/lib/cmake/gz-sim-multicopter-control-system/gz-sim-multicopter-control-system-targets.cmake
-- Installing: /home/jrivero/code/my-agents.md/projects/ogre-migrator/ws/build-1.12/install/lib/cmake/gz-sim-multicopter-control-system/gz-sim-multicopter-control-system-targets-release.cmake
-- Installing: /home/jrivero/code/my-agents.md/projects/ogre-migrator/ws/build-1.12/install/lib/pkgconfig/gz-sim-multicopter-control-system.pc
-- Installing: /home/jrivero/code/my-agents.md/projects/ogre-migrator/ws/build-1.12/install/lib/gz-sim/plugins/libgz-sim-multicopter-control-system.so.11.0.0~pre1
-- Installing: /home/jrivero/code/my-agents.md/projects/ogre-migrator/ws/build-1.12/install/lib/gz-sim/plugins/libgz-sim-multicopter-control-system.so.11
-- Set non-toolchain portion of runtime path of "/home/jrivero/code/my-agents.md/projects/ogre-migrator/ws/build-1.12/install/lib/gz-sim/plugins/libgz-sim-multicopter-control-system.so.11.0.0~pre1" to ""
-- Installing: /home/jrivero/code/my-agents.md/projects/ogre-migrator/ws/build-1.12/install/lib/gz-sim/plugins/libgz-sim-multicopter-control-system.so
-- Installing: /home/jrivero/code/my-agents.md/projects/ogre-migrator/ws/build-1.12/install/include/gz/sim11/gz/sim/navsat-system/detail/Export.hh
-- Installing: /home/jrivero/code/my-agents.md/projects/ogre-migrator/ws/build-1.12/install/include/gz/sim11/gz/sim/navsat-system/Export.hh
-- Installing: /home/jrivero/code/my-agents.md/projects/ogre-migrator/ws/build-1.12/install/lib/libgz-sim-navsat-system.so.11.0.0~pre1
-- Installing: /home/jrivero/code/my-agents.md/projects/ogre-migrator/ws/build-1.12/install/lib/libgz-sim-navsat-system.so.11
-- Set non-toolchain portion of runtime path of "/home/jrivero/code/my-agents.md/projects/ogre-migrator/ws/build-1.12/install/lib/libgz-sim-navsat-system.so.11.0.0~pre1" to ""
-- Installing: /home/jrivero/code/my-agents.md/projects/ogre-migrator/ws/build-1.12/install/lib/libgz-sim-navsat-system.so
-- Installing: /home/jrivero/code/my-agents.md/projects/ogre-migrator/ws/build-1.12/install/lib/cmake/gz-sim-navsat-system/gz-sim-navsat-system-config.cmake
-- Installing: /home/jrivero/code/my-agents.md/projects/ogre-migrator/ws/build-1.12/install/lib/cmake/gz-sim-navsat-system/gz-sim-navsat-system-config-version.cmake
-- Installing: /home/jrivero/code/my-agents.md/projects/ogre-migrator/ws/build-1.12/install/lib/cmake/gz-sim-navsat-system/gz-sim-navsat-system-targets.cmake
-- Installing: /home/jrivero/code/my-agents.md/projects/ogre-migrator/ws/build-1.12/install/lib/cmake/gz-sim-navsat-system/gz-sim-navsat-system-targets-release.cmake
-- Installing: /home/jrivero/code/my-agents.md/projects/ogre-migrator/ws/build-1.12/install/lib/pkgconfig/gz-sim-navsat-system.pc
-- Installing: /home/jrivero/code/my-agents.md/projects/ogre-migrator/ws/build-1.12/install/lib/gz-sim/plugins/libgz-sim-navsat-system.so.11.0.0~pre1
-- Installing: /home/jrivero/code/my-agents.md/projects/ogre-migrator/ws/build-1.12/install/lib/gz-sim/plugins/libgz-sim-navsat-system.so.11
-- Set non-toolchain portion of runtime path of "/home/jrivero/code/my-agents.md/projects/ogre-migrator/ws/build-1.12/install/lib/gz-sim/plugins/libgz-sim-navsat-system.so.11.0.0~pre1" to ""
-- Installing: /home/jrivero/code/my-agents.md/projects/ogre-migrator/ws/build-1.12/install/lib/gz-sim/plugins/libgz-sim-navsat-system.so
-- Installing: /home/jrivero/code/my-agents.md/projects/ogre-migrator/ws/build-1.12/install/include/gz/sim11/gz/sim/odometry-publisher-system/detail/Export.hh
-- Installing: /home/jrivero/code/my-agents.md/projects/ogre-migrator/ws/build-1.12/install/include/gz/sim11/gz/sim/odometry-publisher-system/Export.hh
-- Installing: /home/jrivero/code/my-agents.md/projects/ogre-migrator/ws/build-1.12/install/lib/libgz-sim-odometry-publisher-system.so.11.0.0~pre1
-- Installing: /home/jrivero/code/my-agents.md/projects/ogre-migrator/ws/build-1.12/install/lib/libgz-sim-odometry-publisher-system.so.11
-- Set non-toolchain portion of runtime path of "/home/jrivero/code/my-agents.md/projects/ogre-migrator/ws/build-1.12/install/lib/libgz-sim-odometry-publisher-system.so.11.0.0~pre1" to ""
-- Installing: /home/jrivero/code/my-agents.md/projects/ogre-migrator/ws/build-1.12/install/lib/libgz-sim-odometry-publisher-system.so
-- Installing: /home/jrivero/code/my-agents.md/projects/ogre-migrator/ws/build-1.12/install/lib/cmake/gz-sim-odometry-publisher-system/gz-sim-odometry-publisher-system-config.cmake
-- Installing: /home/jrivero/code/my-agents.md/projects/ogre-migrator/ws/build-1.12/install/lib/cmake/gz-sim-odometry-publisher-system/gz-sim-odometry-publisher-system-config-version.cmake
-- Installing: /home/jrivero/code/my-agents.md/projects/ogre-migrator/ws/build-1.12/install/lib/cmake/gz-sim-odometry-publisher-system/gz-sim-odometry-publisher-system-targets.cmake
-- Installing: /home/jrivero/code/my-agents.md/projects/ogre-migrator/ws/build-1.12/install/lib/cmake/gz-sim-odometry-publisher-system/gz-sim-odometry-publisher-system-targets-release.cmake
-- Installing: /home/jrivero/code/my-agents.md/projects/ogre-migrator/ws/build-1.12/install/lib/pkgconfig/gz-sim-odometry-publisher-system.pc
-- Installing: /home/jrivero/code/my-agents.md/projects/ogre-migrator/ws/build-1.12/install/lib/gz-sim/plugins/libgz-sim-odometry-publisher-system.so.11.0.0~pre1
-- Installing: /home/jrivero/code/my-agents.md/projects/ogre-migrator/ws/build-1.12/install/lib/gz-sim/plugins/libgz-sim-odometry-publisher-system.so.11
-- Set non-toolchain portion of runtime path of "/home/jrivero/code/my-agents.md/projects/ogre-migrator/ws/build-1.12/install/lib/gz-sim/plugins/libgz-sim-odometry-publisher-system.so.11.0.0~pre1" to ""
-- Installing: /home/jrivero/code/my-agents.md/projects/ogre-migrator/ws/build-1.12/install/lib/gz-sim/plugins/libgz-sim-odometry-publisher-system.so
-- Installing: /home/jrivero/code/my-agents.md/projects/ogre-migrator/ws/build-1.12/install/include/gz/sim11/gz/sim/opticaltactileplugin-system/detail/Export.hh
-- Installing: /home/jrivero/code/my-agents.md/projects/ogre-migrator/ws/build-1.12/install/include/gz/sim11/gz/sim/opticaltactileplugin-system/Export.hh
-- Installing: /home/jrivero/code/my-agents.md/projects/ogre-migrator/ws/build-1.12/install/lib/libgz-sim-opticaltactileplugin-system.so.11.0.0~pre1
-- Installing: /home/jrivero/code/my-agents.md/projects/ogre-migrator/ws/build-1.12/install/lib/libgz-sim-opticaltactileplugin-system.so.11
-- Set non-toolchain portion of runtime path of "/home/jrivero/code/my-agents.md/projects/ogre-migrator/ws/build-1.12/install/lib/libgz-sim-opticaltactileplugin-system.so.11.0.0~pre1" to ""
-- Installing: /home/jrivero/code/my-agents.md/projects/ogre-migrator/ws/build-1.12/install/lib/libgz-sim-opticaltactileplugin-system.so
-- Installing: /home/jrivero/code/my-agents.md/projects/ogre-migrator/ws/build-1.12/install/lib/cmake/gz-sim-opticaltactileplugin-system/gz-sim-opticaltactileplugin-system-config.cmake
-- Installing: /home/jrivero/code/my-agents.md/projects/ogre-migrator/ws/build-1.12/install/lib/cmake/gz-sim-opticaltactileplugin-system/gz-sim-opticaltactileplugin-system-config-version.cmake
-- Installing: /home/jrivero/code/my-agents.md/projects/ogre-migrator/ws/build-1.12/install/lib/cmake/gz-sim-opticaltactileplugin-system/gz-sim-opticaltactileplugin-system-targets.cmake
-- Installing: /home/jrivero/code/my-agents.md/projects/ogre-migrator/ws/build-1.12/install/lib/cmake/gz-sim-opticaltactileplugin-system/gz-sim-opticaltactileplugin-system-targets-release.cmake
-- Installing: /home/jrivero/code/my-agents.md/projects/ogre-migrator/ws/build-1.12/install/lib/pkgconfig/gz-sim-opticaltactileplugin-system.pc
-- Installing: /home/jrivero/code/my-agents.md/projects/ogre-migrator/ws/build-1.12/install/lib/gz-sim/plugins/libgz-sim-opticaltactileplugin-system.so.11.0.0~pre1
-- Installing: /home/jrivero/code/my-agents.md/projects/ogre-migrator/ws/build-1.12/install/lib/gz-sim/plugins/libgz-sim-opticaltactileplugin-system.so.11
-- Set non-toolchain portion of runtime path of "/home/jrivero/code/my-agents.md/projects/ogre-migrator/ws/build-1.12/install/lib/gz-sim/plugins/libgz-sim-opticaltactileplugin-system.so.11.0.0~pre1" to ""
-- Installing: /home/jrivero/code/my-agents.md/projects/ogre-migrator/ws/build-1.12/install/lib/gz-sim/plugins/libgz-sim-opticaltactileplugin-system.so
-- Installing: /home/jrivero/code/my-agents.md/projects/ogre-migrator/ws/build-1.12/install/include/gz/sim11/gz/sim/particle-emitter-system/detail/Export.hh
-- Installing: /home/jrivero/code/my-agents.md/projects/ogre-migrator/ws/build-1.12/install/include/gz/sim11/gz/sim/particle-emitter-system/Export.hh
-- Installing: /home/jrivero/code/my-agents.md/projects/ogre-migrator/ws/build-1.12/install/lib/libgz-sim-particle-emitter-system.so.11.0.0~pre1
-- Installing: /home/jrivero/code/my-agents.md/projects/ogre-migrator/ws/build-1.12/install/lib/libgz-sim-particle-emitter-system.so.11
-- Set non-toolchain portion of runtime path of "/home/jrivero/code/my-agents.md/projects/ogre-migrator/ws/build-1.12/install/lib/libgz-sim-particle-emitter-system.so.11.0.0~pre1" to ""
-- Installing: /home/jrivero/code/my-agents.md/projects/ogre-migrator/ws/build-1.12/install/lib/libgz-sim-particle-emitter-system.so
-- Installing: /home/jrivero/code/my-agents.md/projects/ogre-migrator/ws/build-1.12/install/lib/cmake/gz-sim-particle-emitter-system/gz-sim-particle-emitter-system-config.cmake
-- Installing: /home/jrivero/code/my-agents.md/projects/ogre-migrator/ws/build-1.12/install/lib/cmake/gz-sim-particle-emitter-system/gz-sim-particle-emitter-system-config-version.cmake
-- Installing: /home/jrivero/code/my-agents.md/projects/ogre-migrator/ws/build-1.12/install/lib/cmake/gz-sim-particle-emitter-system/gz-sim-particle-emitter-system-targets.cmake
-- Installing: /home/jrivero/code/my-agents.md/projects/ogre-migrator/ws/build-1.12/install/lib/cmake/gz-sim-particle-emitter-system/gz-sim-particle-emitter-system-targets-release.cmake
-- Installing: /home/jrivero/code/my-agents.md/projects/ogre-migrator/ws/build-1.12/install/lib/pkgconfig/gz-sim-particle-emitter-system.pc
-- Installing: /home/jrivero/code/my-agents.md/projects/ogre-migrator/ws/build-1.12/install/lib/gz-sim/plugins/libgz-sim-particle-emitter-system.so.11.0.0~pre1
-- Installing: /home/jrivero/code/my-agents.md/projects/ogre-migrator/ws/build-1.12/install/lib/gz-sim/plugins/libgz-sim-particle-emitter-system.so.11
-- Set non-toolchain portion of runtime path of "/home/jrivero/code/my-agents.md/projects/ogre-migrator/ws/build-1.12/install/lib/gz-sim/plugins/libgz-sim-particle-emitter-system.so.11.0.0~pre1" to ""
-- Installing: /home/jrivero/code/my-agents.md/projects/ogre-migrator/ws/build-1.12/install/lib/gz-sim/plugins/libgz-sim-particle-emitter-system.so
-- Installing: /home/jrivero/code/my-agents.md/projects/ogre-migrator/ws/build-1.12/install/include/gz/sim11/gz/sim/performer-detector-system/detail/Export.hh
-- Installing: /home/jrivero/code/my-agents.md/projects/ogre-migrator/ws/build-1.12/install/include/gz/sim11/gz/sim/performer-detector-system/Export.hh
-- Installing: /home/jrivero/code/my-agents.md/projects/ogre-migrator/ws/build-1.12/install/lib/libgz-sim-performer-detector-system.so.11.0.0~pre1
-- Installing: /home/jrivero/code/my-agents.md/projects/ogre-migrator/ws/build-1.12/install/lib/libgz-sim-performer-detector-system.so.11
-- Set non-toolchain portion of runtime path of "/home/jrivero/code/my-agents.md/projects/ogre-migrator/ws/build-1.12/install/lib/libgz-sim-performer-detector-system.so.11.0.0~pre1" to ""
-- Installing: /home/jrivero/code/my-agents.md/projects/ogre-migrator/ws/build-1.12/install/lib/libgz-sim-performer-detector-system.so
-- Installing: /home/jrivero/code/my-agents.md/projects/ogre-migrator/ws/build-1.12/install/lib/cmake/gz-sim-performer-detector-system/gz-sim-performer-detector-system-config.cmake
-- Installing: /home/jrivero/code/my-agents.md/projects/ogre-migrator/ws/build-1.12/install/lib/cmake/gz-sim-performer-detector-system/gz-sim-performer-detector-system-config-version.cmake
-- Installing: /home/jrivero/code/my-agents.md/projects/ogre-migrator/ws/build-1.12/install/lib/cmake/gz-sim-performer-detector-system/gz-sim-performer-detector-system-targets.cmake
-- Installing: /home/jrivero/code/my-agents.md/projects/ogre-migrator/ws/build-1.12/install/lib/cmake/gz-sim-performer-detector-system/gz-sim-performer-detector-system-targets-release.cmake
-- Installing: /home/jrivero/code/my-agents.md/projects/ogre-migrator/ws/build-1.12/install/lib/pkgconfig/gz-sim-performer-detector-system.pc
-- Installing: /home/jrivero/code/my-agents.md/projects/ogre-migrator/ws/build-1.12/install/lib/gz-sim/plugins/libgz-sim-performer-detector-system.so.11.0.0~pre1
-- Installing: /home/jrivero/code/my-agents.md/projects/ogre-migrator/ws/build-1.12/install/lib/gz-sim/plugins/libgz-sim-performer-detector-system.so.11
-- Set non-toolchain portion of runtime path of "/home/jrivero/code/my-agents.md/projects/ogre-migrator/ws/build-1.12/install/lib/gz-sim/plugins/libgz-sim-performer-detector-system.so.11.0.0~pre1" to ""
-- Installing: /home/jrivero/code/my-agents.md/projects/ogre-migrator/ws/build-1.12/install/lib/gz-sim/plugins/libgz-sim-performer-detector-system.so
-- Installing: /home/jrivero/code/my-agents.md/projects/ogre-migrator/ws/build-1.12/install/include/gz/sim11/gz/sim/perfect-comms-system/detail/Export.hh
-- Installing: /home/jrivero/code/my-agents.md/projects/ogre-migrator/ws/build-1.12/install/include/gz/sim11/gz/sim/perfect-comms-system/Export.hh
-- Installing: /home/jrivero/code/my-agents.md/projects/ogre-migrator/ws/build-1.12/install/lib/libgz-sim-perfect-comms-system.so.11.0.0~pre1
-- Installing: /home/jrivero/code/my-agents.md/projects/ogre-migrator/ws/build-1.12/install/lib/libgz-sim-perfect-comms-system.so.11
-- Set non-toolchain portion of runtime path of "/home/jrivero/code/my-agents.md/projects/ogre-migrator/ws/build-1.12/install/lib/libgz-sim-perfect-comms-system.so.11.0.0~pre1" to ""
-- Installing: /home/jrivero/code/my-agents.md/projects/ogre-migrator/ws/build-1.12/install/lib/libgz-sim-perfect-comms-system.so
-- Installing: /home/jrivero/code/my-agents.md/projects/ogre-migrator/ws/build-1.12/install/lib/cmake/gz-sim-perfect-comms-system/gz-sim-perfect-comms-system-config.cmake
-- Installing: /home/jrivero/code/my-agents.md/projects/ogre-migrator/ws/build-1.12/install/lib/cmake/gz-sim-perfect-comms-system/gz-sim-perfect-comms-system-config-version.cmake
-- Installing: /home/jrivero/code/my-agents.md/projects/ogre-migrator/ws/build-1.12/install/lib/cmake/gz-sim-perfect-comms-system/gz-sim-perfect-comms-system-targets.cmake
-- Installing: /home/jrivero/code/my-agents.md/projects/ogre-migrator/ws/build-1.12/install/lib/cmake/gz-sim-perfect-comms-system/gz-sim-perfect-comms-system-targets-release.cmake
-- Installing: /home/jrivero/code/my-agents.md/projects/ogre-migrator/ws/build-1.12/install/lib/pkgconfig/gz-sim-perfect-comms-system.pc
-- Installing: /home/jrivero/code/my-agents.md/projects/ogre-migrator/ws/build-1.12/install/lib/gz-sim/plugins/libgz-sim-perfect-comms-system.so.11.0.0~pre1
-- Installing: /home/jrivero/code/my-agents.md/projects/ogre-migrator/ws/build-1.12/install/lib/gz-sim/plugins/libgz-sim-perfect-comms-system.so.11
-- Set non-toolchain portion of runtime path of "/home/jrivero/code/my-agents.md/projects/ogre-migrator/ws/build-1.12/install/lib/gz-sim/plugins/libgz-sim-perfect-comms-system.so.11.0.0~pre1" to ""
-- Installing: /home/jrivero/code/my-agents.md/projects/ogre-migrator/ws/build-1.12/install/lib/gz-sim/plugins/libgz-sim-perfect-comms-system.so
-- Installing: /home/jrivero/code/my-agents.md/projects/ogre-migrator/ws/build-1.12/install/include/gz/sim11/gz/sim/physics-system/detail/Export.hh
-- Installing: /home/jrivero/code/my-agents.md/projects/ogre-migrator/ws/build-1.12/install/include/gz/sim11/gz/sim/physics-system/Export.hh
-- Installing: /home/jrivero/code/my-agents.md/projects/ogre-migrator/ws/build-1.12/install/lib/libgz-sim-physics-system.so.11.0.0~pre1
-- Installing: /home/jrivero/code/my-agents.md/projects/ogre-migrator/ws/build-1.12/install/lib/libgz-sim-physics-system.so.11
-- Set non-toolchain portion of runtime path of "/home/jrivero/code/my-agents.md/projects/ogre-migrator/ws/build-1.12/install/lib/libgz-sim-physics-system.so.11.0.0~pre1" to ""
-- Installing: /home/jrivero/code/my-agents.md/projects/ogre-migrator/ws/build-1.12/install/lib/libgz-sim-physics-system.so
-- Installing: /home/jrivero/code/my-agents.md/projects/ogre-migrator/ws/build-1.12/install/lib/cmake/gz-sim-physics-system/gz-sim-physics-system-config.cmake
-- Installing: /home/jrivero/code/my-agents.md/projects/ogre-migrator/ws/build-1.12/install/lib/cmake/gz-sim-physics-system/gz-sim-physics-system-config-version.cmake
-- Installing: /home/jrivero/code/my-agents.md/projects/ogre-migrator/ws/build-1.12/install/lib/cmake/gz-sim-physics-system/gz-sim-physics-system-targets.cmake
-- Installing: /home/jrivero/code/my-agents.md/projects/ogre-migrator/ws/build-1.12/install/lib/cmake/gz-sim-physics-system/gz-sim-physics-system-targets-release.cmake
-- Installing: /home/jrivero/code/my-agents.md/projects/ogre-migrator/ws/build-1.12/install/lib/pkgconfig/gz-sim-physics-system.pc
-- Installing: /home/jrivero/code/my-agents.md/projects/ogre-migrator/ws/build-1.12/install/lib/gz-sim/plugins/libgz-sim-physics-system.so.11.0.0~pre1
-- Installing: /home/jrivero/code/my-agents.md/projects/ogre-migrator/ws/build-1.12/install/lib/gz-sim/plugins/libgz-sim-physics-system.so.11
-- Set non-toolchain portion of runtime path of "/home/jrivero/code/my-agents.md/projects/ogre-migrator/ws/build-1.12/install/lib/gz-sim/plugins/libgz-sim-physics-system.so.11.0.0~pre1" to ""
-- Installing: /home/jrivero/code/my-agents.md/projects/ogre-migrator/ws/build-1.12/install/lib/gz-sim/plugins/libgz-sim-physics-system.so
-- Installing: /home/jrivero/code/my-agents.md/projects/ogre-migrator/ws/build-1.12/install/include/gz/sim11/gz/sim/pose-publisher-system/detail/Export.hh
-- Installing: /home/jrivero/code/my-agents.md/projects/ogre-migrator/ws/build-1.12/install/include/gz/sim11/gz/sim/pose-publisher-system/Export.hh
-- Installing: /home/jrivero/code/my-agents.md/projects/ogre-migrator/ws/build-1.12/install/lib/libgz-sim-pose-publisher-system.so.11.0.0~pre1
-- Installing: /home/jrivero/code/my-agents.md/projects/ogre-migrator/ws/build-1.12/install/lib/libgz-sim-pose-publisher-system.so.11
-- Set non-toolchain portion of runtime path of "/home/jrivero/code/my-agents.md/projects/ogre-migrator/ws/build-1.12/install/lib/libgz-sim-pose-publisher-system.so.11.0.0~pre1" to ""
-- Installing: /home/jrivero/code/my-agents.md/projects/ogre-migrator/ws/build-1.12/install/lib/libgz-sim-pose-publisher-system.so
-- Installing: /home/jrivero/code/my-agents.md/projects/ogre-migrator/ws/build-1.12/install/lib/cmake/gz-sim-pose-publisher-system/gz-sim-pose-publisher-system-config.cmake
-- Installing: /home/jrivero/code/my-agents.md/projects/ogre-migrator/ws/build-1.12/install/lib/cmake/gz-sim-pose-publisher-system/gz-sim-pose-publisher-system-config-version.cmake
-- Installing: /home/jrivero/code/my-agents.md/projects/ogre-migrator/ws/build-1.12/install/lib/cmake/gz-sim-pose-publisher-system/gz-sim-pose-publisher-system-targets.cmake
-- Installing: /home/jrivero/code/my-agents.md/projects/ogre-migrator/ws/build-1.12/install/lib/cmake/gz-sim-pose-publisher-system/gz-sim-pose-publisher-system-targets-release.cmake
-- Installing: /home/jrivero/code/my-agents.md/projects/ogre-migrator/ws/build-1.12/install/lib/pkgconfig/gz-sim-pose-publisher-system.pc
-- Installing: /home/jrivero/code/my-agents.md/projects/ogre-migrator/ws/build-1.12/install/lib/gz-sim/plugins/libgz-sim-pose-publisher-system.so.11.0.0~pre1
-- Installing: /home/jrivero/code/my-agents.md/projects/ogre-migrator/ws/build-1.12/install/lib/gz-sim/plugins/libgz-sim-pose-publisher-system.so.11
-- Set non-toolchain portion of runtime path of "/home/jrivero/code/my-agents.md/projects/ogre-migrator/ws/build-1.12/install/lib/gz-sim/plugins/libgz-sim-pose-publisher-system.so.11.0.0~pre1" to ""
-- Installing: /home/jrivero/code/my-agents.md/projects/ogre-migrator/ws/build-1.12/install/lib/gz-sim/plugins/libgz-sim-pose-publisher-system.so
-- Installing: /home/jrivero/code/my-agents.md/projects/ogre-migrator/ws/build-1.12/install/include/gz/sim11/gz/sim/python-system-loader-system/detail/Export.hh
-- Installing: /home/jrivero/code/my-agents.md/projects/ogre-migrator/ws/build-1.12/install/include/gz/sim11/gz/sim/python-system-loader-system/Export.hh
-- Installing: /home/jrivero/code/my-agents.md/projects/ogre-migrator/ws/build-1.12/install/lib/libgz-sim-python-system-loader-system.so.11.0.0~pre1
-- Installing: /home/jrivero/code/my-agents.md/projects/ogre-migrator/ws/build-1.12/install/lib/libgz-sim-python-system-loader-system.so.11
-- Set non-toolchain portion of runtime path of "/home/jrivero/code/my-agents.md/projects/ogre-migrator/ws/build-1.12/install/lib/libgz-sim-python-system-loader-system.so.11.0.0~pre1" to ""
-- Installing: /home/jrivero/code/my-agents.md/projects/ogre-migrator/ws/build-1.12/install/lib/libgz-sim-python-system-loader-system.so
-- Installing: /home/jrivero/code/my-agents.md/projects/ogre-migrator/ws/build-1.12/install/lib/cmake/gz-sim-python-system-loader-system/gz-sim-python-system-loader-system-config.cmake
-- Installing: /home/jrivero/code/my-agents.md/projects/ogre-migrator/ws/build-1.12/install/lib/cmake/gz-sim-python-system-loader-system/gz-sim-python-system-loader-system-config-version.cmake
-- Installing: /home/jrivero/code/my-agents.md/projects/ogre-migrator/ws/build-1.12/install/lib/cmake/gz-sim-python-system-loader-system/gz-sim-python-system-loader-system-targets.cmake
-- Installing: /home/jrivero/code/my-agents.md/projects/ogre-migrator/ws/build-1.12/install/lib/cmake/gz-sim-python-system-loader-system/gz-sim-python-system-loader-system-targets-release.cmake
-- Installing: /home/jrivero/code/my-agents.md/projects/ogre-migrator/ws/build-1.12/install/lib/pkgconfig/gz-sim-python-system-loader-system.pc
-- Installing: /home/jrivero/code/my-agents.md/projects/ogre-migrator/ws/build-1.12/install/lib/gz-sim/plugins/libgz-sim-python-system-loader-system.so.11.0.0~pre1
-- Installing: /home/jrivero/code/my-agents.md/projects/ogre-migrator/ws/build-1.12/install/lib/gz-sim/plugins/libgz-sim-python-system-loader-system.so.11
-- Set non-toolchain portion of runtime path of "/home/jrivero/code/my-agents.md/projects/ogre-migrator/ws/build-1.12/install/lib/gz-sim/plugins/libgz-sim-python-system-loader-system.so.11.0.0~pre1" to ""
-- Installing: /home/jrivero/code/my-agents.md/projects/ogre-migrator/ws/build-1.12/install/lib/gz-sim/plugins/libgz-sim-python-system-loader-system.so
-- Installing: /home/jrivero/code/my-agents.md/projects/ogre-migrator/ws/build-1.12/install/include/gz/sim11/gz/sim/rf-comms-system/detail/Export.hh
-- Installing: /home/jrivero/code/my-agents.md/projects/ogre-migrator/ws/build-1.12/install/include/gz/sim11/gz/sim/rf-comms-system/Export.hh
-- Installing: /home/jrivero/code/my-agents.md/projects/ogre-migrator/ws/build-1.12/install/lib/libgz-sim-rf-comms-system.so.11.0.0~pre1
-- Installing: /home/jrivero/code/my-agents.md/projects/ogre-migrator/ws/build-1.12/install/lib/libgz-sim-rf-comms-system.so.11
-- Set non-toolchain portion of runtime path of "/home/jrivero/code/my-agents.md/projects/ogre-migrator/ws/build-1.12/install/lib/libgz-sim-rf-comms-system.so.11.0.0~pre1" to ""
-- Installing: /home/jrivero/code/my-agents.md/projects/ogre-migrator/ws/build-1.12/install/lib/libgz-sim-rf-comms-system.so
-- Installing: /home/jrivero/code/my-agents.md/projects/ogre-migrator/ws/build-1.12/install/lib/cmake/gz-sim-rf-comms-system/gz-sim-rf-comms-system-config.cmake
-- Installing: /home/jrivero/code/my-agents.md/projects/ogre-migrator/ws/build-1.12/install/lib/cmake/gz-sim-rf-comms-system/gz-sim-rf-comms-system-config-version.cmake
-- Installing: /home/jrivero/code/my-agents.md/projects/ogre-migrator/ws/build-1.12/install/lib/cmake/gz-sim-rf-comms-system/gz-sim-rf-comms-system-targets.cmake
-- Installing: /home/jrivero/code/my-agents.md/projects/ogre-migrator/ws/build-1.12/install/lib/cmake/gz-sim-rf-comms-system/gz-sim-rf-comms-system-targets-release.cmake
-- Installing: /home/jrivero/code/my-agents.md/projects/ogre-migrator/ws/build-1.12/install/lib/pkgconfig/gz-sim-rf-comms-system.pc
-- Installing: /home/jrivero/code/my-agents.md/projects/ogre-migrator/ws/build-1.12/install/lib/gz-sim/plugins/libgz-sim-rf-comms-system.so.11.0.0~pre1
-- Installing: /home/jrivero/code/my-agents.md/projects/ogre-migrator/ws/build-1.12/install/lib/gz-sim/plugins/libgz-sim-rf-comms-system.so.11
-- Set non-toolchain portion of runtime path of "/home/jrivero/code/my-agents.md/projects/ogre-migrator/ws/build-1.12/install/lib/gz-sim/plugins/libgz-sim-rf-comms-system.so.11.0.0~pre1" to ""
-- Installing: /home/jrivero/code/my-agents.md/projects/ogre-migrator/ws/build-1.12/install/lib/gz-sim/plugins/libgz-sim-rf-comms-system.so
-- Installing: /home/jrivero/code/my-agents.md/projects/ogre-migrator/ws/build-1.12/install/include/gz/sim11/gz/sim/scene-broadcaster-system/detail/Export.hh
-- Installing: /home/jrivero/code/my-agents.md/projects/ogre-migrator/ws/build-1.12/install/include/gz/sim11/gz/sim/scene-broadcaster-system/Export.hh
-- Installing: /home/jrivero/code/my-agents.md/projects/ogre-migrator/ws/build-1.12/install/lib/libgz-sim-scene-broadcaster-system.so.11.0.0~pre1
-- Installing: /home/jrivero/code/my-agents.md/projects/ogre-migrator/ws/build-1.12/install/lib/libgz-sim-scene-broadcaster-system.so.11
-- Set non-toolchain portion of runtime path of "/home/jrivero/code/my-agents.md/projects/ogre-migrator/ws/build-1.12/install/lib/libgz-sim-scene-broadcaster-system.so.11.0.0~pre1" to ""
-- Installing: /home/jrivero/code/my-agents.md/projects/ogre-migrator/ws/build-1.12/install/lib/libgz-sim-scene-broadcaster-system.so
-- Installing: /home/jrivero/code/my-agents.md/projects/ogre-migrator/ws/build-1.12/install/lib/cmake/gz-sim-scene-broadcaster-system/gz-sim-scene-broadcaster-system-config.cmake
-- Installing: /home/jrivero/code/my-agents.md/projects/ogre-migrator/ws/build-1.12/install/lib/cmake/gz-sim-scene-broadcaster-system/gz-sim-scene-broadcaster-system-config-version.cmake
-- Installing: /home/jrivero/code/my-agents.md/projects/ogre-migrator/ws/build-1.12/install/lib/cmake/gz-sim-scene-broadcaster-system/gz-sim-scene-broadcaster-system-targets.cmake
-- Installing: /home/jrivero/code/my-agents.md/projects/ogre-migrator/ws/build-1.12/install/lib/cmake/gz-sim-scene-broadcaster-system/gz-sim-scene-broadcaster-system-targets-release.cmake
-- Installing: /home/jrivero/code/my-agents.md/projects/ogre-migrator/ws/build-1.12/install/lib/pkgconfig/gz-sim-scene-broadcaster-system.pc
-- Installing: /home/jrivero/code/my-agents.md/projects/ogre-migrator/ws/build-1.12/install/lib/gz-sim/plugins/libgz-sim-scene-broadcaster-system.so.11.0.0~pre1
-- Installing: /home/jrivero/code/my-agents.md/projects/ogre-migrator/ws/build-1.12/install/lib/gz-sim/plugins/libgz-sim-scene-broadcaster-system.so.11
-- Set non-toolchain portion of runtime path of "/home/jrivero/code/my-agents.md/projects/ogre-migrator/ws/build-1.12/install/lib/gz-sim/plugins/libgz-sim-scene-broadcaster-system.so.11.0.0~pre1" to ""
-- Installing: /home/jrivero/code/my-agents.md/projects/ogre-migrator/ws/build-1.12/install/lib/gz-sim/plugins/libgz-sim-scene-broadcaster-system.so
-- Installing: /home/jrivero/code/my-agents.md/projects/ogre-migrator/ws/build-1.12/install/include/gz/sim11/gz/sim/sensors-system/detail/Export.hh
-- Installing: /home/jrivero/code/my-agents.md/projects/ogre-migrator/ws/build-1.12/install/include/gz/sim11/gz/sim/sensors-system/Export.hh
-- Installing: /home/jrivero/code/my-agents.md/projects/ogre-migrator/ws/build-1.12/install/lib/libgz-sim-sensors-system.so.11.0.0~pre1
-- Installing: /home/jrivero/code/my-agents.md/projects/ogre-migrator/ws/build-1.12/install/lib/libgz-sim-sensors-system.so.11
-- Set non-toolchain portion of runtime path of "/home/jrivero/code/my-agents.md/projects/ogre-migrator/ws/build-1.12/install/lib/libgz-sim-sensors-system.so.11.0.0~pre1" to ""
-- Installing: /home/jrivero/code/my-agents.md/projects/ogre-migrator/ws/build-1.12/install/lib/libgz-sim-sensors-system.so
-- Installing: /home/jrivero/code/my-agents.md/projects/ogre-migrator/ws/build-1.12/install/lib/cmake/gz-sim-sensors-system/gz-sim-sensors-system-config.cmake
-- Installing: /home/jrivero/code/my-agents.md/projects/ogre-migrator/ws/build-1.12/install/lib/cmake/gz-sim-sensors-system/gz-sim-sensors-system-config-version.cmake
-- Installing: /home/jrivero/code/my-agents.md/projects/ogre-migrator/ws/build-1.12/install/lib/cmake/gz-sim-sensors-system/gz-sim-sensors-system-targets.cmake
-- Installing: /home/jrivero/code/my-agents.md/projects/ogre-migrator/ws/build-1.12/install/lib/cmake/gz-sim-sensors-system/gz-sim-sensors-system-targets-release.cmake
-- Installing: /home/jrivero/code/my-agents.md/projects/ogre-migrator/ws/build-1.12/install/lib/pkgconfig/gz-sim-sensors-system.pc
-- Installing: /home/jrivero/code/my-agents.md/projects/ogre-migrator/ws/build-1.12/install/lib/gz-sim/plugins/libgz-sim-sensors-system.so.11.0.0~pre1
-- Installing: /home/jrivero/code/my-agents.md/projects/ogre-migrator/ws/build-1.12/install/lib/gz-sim/plugins/libgz-sim-sensors-system.so.11
-- Set non-toolchain portion of runtime path of "/home/jrivero/code/my-agents.md/projects/ogre-migrator/ws/build-1.12/install/lib/gz-sim/plugins/libgz-sim-sensors-system.so.11.0.0~pre1" to ""
-- Installing: /home/jrivero/code/my-agents.md/projects/ogre-migrator/ws/build-1.12/install/lib/gz-sim/plugins/libgz-sim-sensors-system.so
-- Installing: /home/jrivero/code/my-agents.md/projects/ogre-migrator/ws/build-1.12/install/include/gz/sim11/gz/sim/shader-param-system/detail/Export.hh
-- Installing: /home/jrivero/code/my-agents.md/projects/ogre-migrator/ws/build-1.12/install/include/gz/sim11/gz/sim/shader-param-system/Export.hh
-- Installing: /home/jrivero/code/my-agents.md/projects/ogre-migrator/ws/build-1.12/install/lib/libgz-sim-shader-param-system.so.11.0.0~pre1
-- Installing: /home/jrivero/code/my-agents.md/projects/ogre-migrator/ws/build-1.12/install/lib/libgz-sim-shader-param-system.so.11
-- Set non-toolchain portion of runtime path of "/home/jrivero/code/my-agents.md/projects/ogre-migrator/ws/build-1.12/install/lib/libgz-sim-shader-param-system.so.11.0.0~pre1" to ""
-- Installing: /home/jrivero/code/my-agents.md/projects/ogre-migrator/ws/build-1.12/install/lib/libgz-sim-shader-param-system.so
-- Installing: /home/jrivero/code/my-agents.md/projects/ogre-migrator/ws/build-1.12/install/lib/cmake/gz-sim-shader-param-system/gz-sim-shader-param-system-config.cmake
-- Installing: /home/jrivero/code/my-agents.md/projects/ogre-migrator/ws/build-1.12/install/lib/cmake/gz-sim-shader-param-system/gz-sim-shader-param-system-config-version.cmake
-- Installing: /home/jrivero/code/my-agents.md/projects/ogre-migrator/ws/build-1.12/install/lib/cmake/gz-sim-shader-param-system/gz-sim-shader-param-system-targets.cmake
-- Installing: /home/jrivero/code/my-agents.md/projects/ogre-migrator/ws/build-1.12/install/lib/cmake/gz-sim-shader-param-system/gz-sim-shader-param-system-targets-release.cmake
-- Installing: /home/jrivero/code/my-agents.md/projects/ogre-migrator/ws/build-1.12/install/lib/pkgconfig/gz-sim-shader-param-system.pc
-- Installing: /home/jrivero/code/my-agents.md/projects/ogre-migrator/ws/build-1.12/install/lib/gz-sim/plugins/libgz-sim-shader-param-system.so.11.0.0~pre1
-- Installing: /home/jrivero/code/my-agents.md/projects/ogre-migrator/ws/build-1.12/install/lib/gz-sim/plugins/libgz-sim-shader-param-system.so.11
-- Set non-toolchain portion of runtime path of "/home/jrivero/code/my-agents.md/projects/ogre-migrator/ws/build-1.12/install/lib/gz-sim/plugins/libgz-sim-shader-param-system.so.11.0.0~pre1" to ""
-- Installing: /home/jrivero/code/my-agents.md/projects/ogre-migrator/ws/build-1.12/install/lib/gz-sim/plugins/libgz-sim-shader-param-system.so
-- Installing: /home/jrivero/code/my-agents.md/projects/ogre-migrator/ws/build-1.12/install/include/gz/sim11/gz/sim/spacecraft-thruster-model-system/detail/Export.hh
-- Installing: /home/jrivero/code/my-agents.md/projects/ogre-migrator/ws/build-1.12/install/include/gz/sim11/gz/sim/spacecraft-thruster-model-system/Export.hh
-- Installing: /home/jrivero/code/my-agents.md/projects/ogre-migrator/ws/build-1.12/install/lib/libgz-sim-spacecraft-thruster-model-system.so.11.0.0~pre1
-- Installing: /home/jrivero/code/my-agents.md/projects/ogre-migrator/ws/build-1.12/install/lib/libgz-sim-spacecraft-thruster-model-system.so.11
-- Set non-toolchain portion of runtime path of "/home/jrivero/code/my-agents.md/projects/ogre-migrator/ws/build-1.12/install/lib/libgz-sim-spacecraft-thruster-model-system.so.11.0.0~pre1" to ""
-- Installing: /home/jrivero/code/my-agents.md/projects/ogre-migrator/ws/build-1.12/install/lib/libgz-sim-spacecraft-thruster-model-system.so
-- Installing: /home/jrivero/code/my-agents.md/projects/ogre-migrator/ws/build-1.12/install/lib/cmake/gz-sim-spacecraft-thruster-model-system/gz-sim-spacecraft-thruster-model-system-config.cmake
-- Installing: /home/jrivero/code/my-agents.md/projects/ogre-migrator/ws/build-1.12/install/lib/cmake/gz-sim-spacecraft-thruster-model-system/gz-sim-spacecraft-thruster-model-system-config-version.cmake
-- Installing: /home/jrivero/code/my-agents.md/projects/ogre-migrator/ws/build-1.12/install/lib/cmake/gz-sim-spacecraft-thruster-model-system/gz-sim-spacecraft-thruster-model-system-targets.cmake
-- Installing: /home/jrivero/code/my-agents.md/projects/ogre-migrator/ws/build-1.12/install/lib/cmake/gz-sim-spacecraft-thruster-model-system/gz-sim-spacecraft-thruster-model-system-targets-release.cmake
-- Installing: /home/jrivero/code/my-agents.md/projects/ogre-migrator/ws/build-1.12/install/lib/pkgconfig/gz-sim-spacecraft-thruster-model-system.pc
-- Installing: /home/jrivero/code/my-agents.md/projects/ogre-migrator/ws/build-1.12/install/lib/gz-sim/plugins/libgz-sim-spacecraft-thruster-model-system.so.11.0.0~pre1
-- Installing: /home/jrivero/code/my-agents.md/projects/ogre-migrator/ws/build-1.12/install/lib/gz-sim/plugins/libgz-sim-spacecraft-thruster-model-system.so.11
-- Set non-toolchain portion of runtime path of "/home/jrivero/code/my-agents.md/projects/ogre-migrator/ws/build-1.12/install/lib/gz-sim/plugins/libgz-sim-spacecraft-thruster-model-system.so.11.0.0~pre1" to ""
-- Installing: /home/jrivero/code/my-agents.md/projects/ogre-migrator/ws/build-1.12/install/lib/gz-sim/plugins/libgz-sim-spacecraft-thruster-model-system.so
-- Installing: /home/jrivero/code/my-agents.md/projects/ogre-migrator/ws/build-1.12/install/include/gz/sim11/gz/sim/thermal-system/detail/Export.hh
-- Installing: /home/jrivero/code/my-agents.md/projects/ogre-migrator/ws/build-1.12/install/include/gz/sim11/gz/sim/thermal-system/Export.hh
-- Installing: /home/jrivero/code/my-agents.md/projects/ogre-migrator/ws/build-1.12/install/lib/libgz-sim-thermal-system.so.11.0.0~pre1
-- Installing: /home/jrivero/code/my-agents.md/projects/ogre-migrator/ws/build-1.12/install/lib/libgz-sim-thermal-system.so.11
-- Set non-toolchain portion of runtime path of "/home/jrivero/code/my-agents.md/projects/ogre-migrator/ws/build-1.12/install/lib/libgz-sim-thermal-system.so.11.0.0~pre1" to ""
-- Installing: /home/jrivero/code/my-agents.md/projects/ogre-migrator/ws/build-1.12/install/lib/libgz-sim-thermal-system.so
-- Installing: /home/jrivero/code/my-agents.md/projects/ogre-migrator/ws/build-1.12/install/lib/cmake/gz-sim-thermal-system/gz-sim-thermal-system-config.cmake
-- Installing: /home/jrivero/code/my-agents.md/projects/ogre-migrator/ws/build-1.12/install/lib/cmake/gz-sim-thermal-system/gz-sim-thermal-system-config-version.cmake
-- Installing: /home/jrivero/code/my-agents.md/projects/ogre-migrator/ws/build-1.12/install/lib/cmake/gz-sim-thermal-system/gz-sim-thermal-system-targets.cmake
-- Installing: /home/jrivero/code/my-agents.md/projects/ogre-migrator/ws/build-1.12/install/lib/cmake/gz-sim-thermal-system/gz-sim-thermal-system-targets-release.cmake
-- Installing: /home/jrivero/code/my-agents.md/projects/ogre-migrator/ws/build-1.12/install/lib/pkgconfig/gz-sim-thermal-system.pc
-- Installing: /home/jrivero/code/my-agents.md/projects/ogre-migrator/ws/build-1.12/install/lib/gz-sim/plugins/libgz-sim-thermal-system.so.11.0.0~pre1
-- Installing: /home/jrivero/code/my-agents.md/projects/ogre-migrator/ws/build-1.12/install/lib/gz-sim/plugins/libgz-sim-thermal-system.so.11
-- Set non-toolchain portion of runtime path of "/home/jrivero/code/my-agents.md/projects/ogre-migrator/ws/build-1.12/install/lib/gz-sim/plugins/libgz-sim-thermal-system.so.11.0.0~pre1" to ""
-- Installing: /home/jrivero/code/my-agents.md/projects/ogre-migrator/ws/build-1.12/install/lib/gz-sim/plugins/libgz-sim-thermal-system.so
-- Installing: /home/jrivero/code/my-agents.md/projects/ogre-migrator/ws/build-1.12/install/include/gz/sim11/gz/sim/thermal-sensor-system/detail/Export.hh
-- Installing: /home/jrivero/code/my-agents.md/projects/ogre-migrator/ws/build-1.12/install/include/gz/sim11/gz/sim/thermal-sensor-system/Export.hh
-- Installing: /home/jrivero/code/my-agents.md/projects/ogre-migrator/ws/build-1.12/install/lib/libgz-sim-thermal-sensor-system.so.11.0.0~pre1
-- Installing: /home/jrivero/code/my-agents.md/projects/ogre-migrator/ws/build-1.12/install/lib/libgz-sim-thermal-sensor-system.so.11
-- Set non-toolchain portion of runtime path of "/home/jrivero/code/my-agents.md/projects/ogre-migrator/ws/build-1.12/install/lib/libgz-sim-thermal-sensor-system.so.11.0.0~pre1" to ""
-- Installing: /home/jrivero/code/my-agents.md/projects/ogre-migrator/ws/build-1.12/install/lib/libgz-sim-thermal-sensor-system.so
-- Installing: /home/jrivero/code/my-agents.md/projects/ogre-migrator/ws/build-1.12/install/lib/cmake/gz-sim-thermal-sensor-system/gz-sim-thermal-sensor-system-config.cmake
-- Installing: /home/jrivero/code/my-agents.md/projects/ogre-migrator/ws/build-1.12/install/lib/cmake/gz-sim-thermal-sensor-system/gz-sim-thermal-sensor-system-config-version.cmake
-- Installing: /home/jrivero/code/my-agents.md/projects/ogre-migrator/ws/build-1.12/install/lib/cmake/gz-sim-thermal-sensor-system/gz-sim-thermal-sensor-system-targets.cmake
-- Installing: /home/jrivero/code/my-agents.md/projects/ogre-migrator/ws/build-1.12/install/lib/cmake/gz-sim-thermal-sensor-system/gz-sim-thermal-sensor-system-targets-release.cmake
-- Installing: /home/jrivero/code/my-agents.md/projects/ogre-migrator/ws/build-1.12/install/lib/pkgconfig/gz-sim-thermal-sensor-system.pc
-- Installing: /home/jrivero/code/my-agents.md/projects/ogre-migrator/ws/build-1.12/install/lib/gz-sim/plugins/libgz-sim-thermal-sensor-system.so.11.0.0~pre1
-- Installing: /home/jrivero/code/my-agents.md/projects/ogre-migrator/ws/build-1.12/install/lib/gz-sim/plugins/libgz-sim-thermal-sensor-system.so.11
-- Set non-toolchain portion of runtime path of "/home/jrivero/code/my-agents.md/projects/ogre-migrator/ws/build-1.12/install/lib/gz-sim/plugins/libgz-sim-thermal-sensor-system.so.11.0.0~pre1" to ""
-- Installing: /home/jrivero/code/my-agents.md/projects/ogre-migrator/ws/build-1.12/install/lib/gz-sim/plugins/libgz-sim-thermal-sensor-system.so
-- Installing: /home/jrivero/code/my-agents.md/projects/ogre-migrator/ws/build-1.12/install/include/gz/sim11/gz/sim/thruster-system/detail/Export.hh
-- Installing: /home/jrivero/code/my-agents.md/projects/ogre-migrator/ws/build-1.12/install/include/gz/sim11/gz/sim/thruster-system/Export.hh
-- Installing: /home/jrivero/code/my-agents.md/projects/ogre-migrator/ws/build-1.12/install/lib/libgz-sim-thruster-system.so.11.0.0~pre1
-- Installing: /home/jrivero/code/my-agents.md/projects/ogre-migrator/ws/build-1.12/install/lib/libgz-sim-thruster-system.so.11
-- Set non-toolchain portion of runtime path of "/home/jrivero/code/my-agents.md/projects/ogre-migrator/ws/build-1.12/install/lib/libgz-sim-thruster-system.so.11.0.0~pre1" to ""
-- Installing: /home/jrivero/code/my-agents.md/projects/ogre-migrator/ws/build-1.12/install/lib/libgz-sim-thruster-system.so
-- Installing: /home/jrivero/code/my-agents.md/projects/ogre-migrator/ws/build-1.12/install/lib/cmake/gz-sim-thruster-system/gz-sim-thruster-system-config.cmake
-- Installing: /home/jrivero/code/my-agents.md/projects/ogre-migrator/ws/build-1.12/install/lib/cmake/gz-sim-thruster-system/gz-sim-thruster-system-config-version.cmake
-- Installing: /home/jrivero/code/my-agents.md/projects/ogre-migrator/ws/build-1.12/install/lib/cmake/gz-sim-thruster-system/gz-sim-thruster-system-targets.cmake
-- Installing: /home/jrivero/code/my-agents.md/projects/ogre-migrator/ws/build-1.12/install/lib/cmake/gz-sim-thruster-system/gz-sim-thruster-system-targets-release.cmake
-- Installing: /home/jrivero/code/my-agents.md/projects/ogre-migrator/ws/build-1.12/install/lib/pkgconfig/gz-sim-thruster-system.pc
-- Installing: /home/jrivero/code/my-agents.md/projects/ogre-migrator/ws/build-1.12/install/lib/gz-sim/plugins/libgz-sim-thruster-system.so.11.0.0~pre1
-- Installing: /home/jrivero/code/my-agents.md/projects/ogre-migrator/ws/build-1.12/install/lib/gz-sim/plugins/libgz-sim-thruster-system.so.11
-- Set non-toolchain portion of runtime path of "/home/jrivero/code/my-agents.md/projects/ogre-migrator/ws/build-1.12/install/lib/gz-sim/plugins/libgz-sim-thruster-system.so.11.0.0~pre1" to ""
-- Installing: /home/jrivero/code/my-agents.md/projects/ogre-migrator/ws/build-1.12/install/lib/gz-sim/plugins/libgz-sim-thruster-system.so
-- Installing: /home/jrivero/code/my-agents.md/projects/ogre-migrator/ws/build-1.12/install/include/gz/sim11/gz/sim/touchplugin-system/detail/Export.hh
-- Installing: /home/jrivero/code/my-agents.md/projects/ogre-migrator/ws/build-1.12/install/include/gz/sim11/gz/sim/touchplugin-system/Export.hh
-- Installing: /home/jrivero/code/my-agents.md/projects/ogre-migrator/ws/build-1.12/install/lib/libgz-sim-touchplugin-system.so.11.0.0~pre1
-- Installing: /home/jrivero/code/my-agents.md/projects/ogre-migrator/ws/build-1.12/install/lib/libgz-sim-touchplugin-system.so.11
-- Set non-toolchain portion of runtime path of "/home/jrivero/code/my-agents.md/projects/ogre-migrator/ws/build-1.12/install/lib/libgz-sim-touchplugin-system.so.11.0.0~pre1" to ""
-- Installing: /home/jrivero/code/my-agents.md/projects/ogre-migrator/ws/build-1.12/install/lib/libgz-sim-touchplugin-system.so
-- Installing: /home/jrivero/code/my-agents.md/projects/ogre-migrator/ws/build-1.12/install/lib/cmake/gz-sim-touchplugin-system/gz-sim-touchplugin-system-config.cmake
-- Installing: /home/jrivero/code/my-agents.md/projects/ogre-migrator/ws/build-1.12/install/lib/cmake/gz-sim-touchplugin-system/gz-sim-touchplugin-system-config-version.cmake
-- Installing: /home/jrivero/code/my-agents.md/projects/ogre-migrator/ws/build-1.12/install/lib/cmake/gz-sim-touchplugin-system/gz-sim-touchplugin-system-targets.cmake
-- Installing: /home/jrivero/code/my-agents.md/projects/ogre-migrator/ws/build-1.12/install/lib/cmake/gz-sim-touchplugin-system/gz-sim-touchplugin-system-targets-release.cmake
-- Installing: /home/jrivero/code/my-agents.md/projects/ogre-migrator/ws/build-1.12/install/lib/pkgconfig/gz-sim-touchplugin-system.pc
-- Installing: /home/jrivero/code/my-agents.md/projects/ogre-migrator/ws/build-1.12/install/lib/gz-sim/plugins/libgz-sim-touchplugin-system.so.11.0.0~pre1
-- Installing: /home/jrivero/code/my-agents.md/projects/ogre-migrator/ws/build-1.12/install/lib/gz-sim/plugins/libgz-sim-touchplugin-system.so.11
-- Set non-toolchain portion of runtime path of "/home/jrivero/code/my-agents.md/projects/ogre-migrator/ws/build-1.12/install/lib/gz-sim/plugins/libgz-sim-touchplugin-system.so.11.0.0~pre1" to ""
-- Installing: /home/jrivero/code/my-agents.md/projects/ogre-migrator/ws/build-1.12/install/lib/gz-sim/plugins/libgz-sim-touchplugin-system.so
-- Installing: /home/jrivero/code/my-agents.md/projects/ogre-migrator/ws/build-1.12/install/include/gz/sim11/gz/sim/track-controller-system/detail/Export.hh
-- Installing: /home/jrivero/code/my-agents.md/projects/ogre-migrator/ws/build-1.12/install/include/gz/sim11/gz/sim/track-controller-system/Export.hh
-- Installing: /home/jrivero/code/my-agents.md/projects/ogre-migrator/ws/build-1.12/install/lib/libgz-sim-track-controller-system.so.11.0.0~pre1
-- Installing: /home/jrivero/code/my-agents.md/projects/ogre-migrator/ws/build-1.12/install/lib/libgz-sim-track-controller-system.so.11
-- Set non-toolchain portion of runtime path of "/home/jrivero/code/my-agents.md/projects/ogre-migrator/ws/build-1.12/install/lib/libgz-sim-track-controller-system.so.11.0.0~pre1" to ""
-- Installing: /home/jrivero/code/my-agents.md/projects/ogre-migrator/ws/build-1.12/install/lib/libgz-sim-track-controller-system.so
-- Installing: /home/jrivero/code/my-agents.md/projects/ogre-migrator/ws/build-1.12/install/lib/cmake/gz-sim-track-controller-system/gz-sim-track-controller-system-config.cmake
-- Installing: /home/jrivero/code/my-agents.md/projects/ogre-migrator/ws/build-1.12/install/lib/cmake/gz-sim-track-controller-system/gz-sim-track-controller-system-config-version.cmake
-- Installing: /home/jrivero/code/my-agents.md/projects/ogre-migrator/ws/build-1.12/install/lib/cmake/gz-sim-track-controller-system/gz-sim-track-controller-system-targets.cmake
-- Installing: /home/jrivero/code/my-agents.md/projects/ogre-migrator/ws/build-1.12/install/lib/cmake/gz-sim-track-controller-system/gz-sim-track-controller-system-targets-release.cmake
-- Installing: /home/jrivero/code/my-agents.md/projects/ogre-migrator/ws/build-1.12/install/lib/pkgconfig/gz-sim-track-controller-system.pc
-- Installing: /home/jrivero/code/my-agents.md/projects/ogre-migrator/ws/build-1.12/install/lib/gz-sim/plugins/libgz-sim-track-controller-system.so.11.0.0~pre1
-- Installing: /home/jrivero/code/my-agents.md/projects/ogre-migrator/ws/build-1.12/install/lib/gz-sim/plugins/libgz-sim-track-controller-system.so.11
-- Set non-toolchain portion of runtime path of "/home/jrivero/code/my-agents.md/projects/ogre-migrator/ws/build-1.12/install/lib/gz-sim/plugins/libgz-sim-track-controller-system.so.11.0.0~pre1" to ""
-- Installing: /home/jrivero/code/my-agents.md/projects/ogre-migrator/ws/build-1.12/install/lib/gz-sim/plugins/libgz-sim-track-controller-system.so
-- Installing: /home/jrivero/code/my-agents.md/projects/ogre-migrator/ws/build-1.12/install/include/gz/sim11/gz/sim/tracked-vehicle-system/detail/Export.hh
-- Installing: /home/jrivero/code/my-agents.md/projects/ogre-migrator/ws/build-1.12/install/include/gz/sim11/gz/sim/tracked-vehicle-system/Export.hh
-- Installing: /home/jrivero/code/my-agents.md/projects/ogre-migrator/ws/build-1.12/install/lib/libgz-sim-tracked-vehicle-system.so.11.0.0~pre1
-- Installing: /home/jrivero/code/my-agents.md/projects/ogre-migrator/ws/build-1.12/install/lib/libgz-sim-tracked-vehicle-system.so.11
-- Set non-toolchain portion of runtime path of "/home/jrivero/code/my-agents.md/projects/ogre-migrator/ws/build-1.12/install/lib/libgz-sim-tracked-vehicle-system.so.11.0.0~pre1" to ""
-- Installing: /home/jrivero/code/my-agents.md/projects/ogre-migrator/ws/build-1.12/install/lib/libgz-sim-tracked-vehicle-system.so
-- Installing: /home/jrivero/code/my-agents.md/projects/ogre-migrator/ws/build-1.12/install/lib/cmake/gz-sim-tracked-vehicle-system/gz-sim-tracked-vehicle-system-config.cmake
-- Installing: /home/jrivero/code/my-agents.md/projects/ogre-migrator/ws/build-1.12/install/lib/cmake/gz-sim-tracked-vehicle-system/gz-sim-tracked-vehicle-system-config-version.cmake
-- Installing: /home/jrivero/code/my-agents.md/projects/ogre-migrator/ws/build-1.12/install/lib/cmake/gz-sim-tracked-vehicle-system/gz-sim-tracked-vehicle-system-targets.cmake
-- Installing: /home/jrivero/code/my-agents.md/projects/ogre-migrator/ws/build-1.12/install/lib/cmake/gz-sim-tracked-vehicle-system/gz-sim-tracked-vehicle-system-targets-release.cmake
-- Installing: /home/jrivero/code/my-agents.md/projects/ogre-migrator/ws/build-1.12/install/lib/pkgconfig/gz-sim-tracked-vehicle-system.pc
-- Installing: /home/jrivero/code/my-agents.md/projects/ogre-migrator/ws/build-1.12/install/lib/gz-sim/plugins/libgz-sim-tracked-vehicle-system.so.11.0.0~pre1
-- Installing: /home/jrivero/code/my-agents.md/projects/ogre-migrator/ws/build-1.12/install/lib/gz-sim/plugins/libgz-sim-tracked-vehicle-system.so.11
-- Set non-toolchain portion of runtime path of "/home/jrivero/code/my-agents.md/projects/ogre-migrator/ws/build-1.12/install/lib/gz-sim/plugins/libgz-sim-tracked-vehicle-system.so.11.0.0~pre1" to ""
-- Installing: /home/jrivero/code/my-agents.md/projects/ogre-migrator/ws/build-1.12/install/lib/gz-sim/plugins/libgz-sim-tracked-vehicle-system.so
-- Installing: /home/jrivero/code/my-agents.md/projects/ogre-migrator/ws/build-1.12/install/include/gz/sim11/gz/sim/trajectory-follower-system/detail/Export.hh
-- Installing: /home/jrivero/code/my-agents.md/projects/ogre-migrator/ws/build-1.12/install/include/gz/sim11/gz/sim/trajectory-follower-system/Export.hh
-- Installing: /home/jrivero/code/my-agents.md/projects/ogre-migrator/ws/build-1.12/install/lib/libgz-sim-trajectory-follower-system.so.11.0.0~pre1
-- Installing: /home/jrivero/code/my-agents.md/projects/ogre-migrator/ws/build-1.12/install/lib/libgz-sim-trajectory-follower-system.so.11
-- Set non-toolchain portion of runtime path of "/home/jrivero/code/my-agents.md/projects/ogre-migrator/ws/build-1.12/install/lib/libgz-sim-trajectory-follower-system.so.11.0.0~pre1" to ""
-- Installing: /home/jrivero/code/my-agents.md/projects/ogre-migrator/ws/build-1.12/install/lib/libgz-sim-trajectory-follower-system.so
-- Installing: /home/jrivero/code/my-agents.md/projects/ogre-migrator/ws/build-1.12/install/lib/cmake/gz-sim-trajectory-follower-system/gz-sim-trajectory-follower-system-config.cmake
-- Installing: /home/jrivero/code/my-agents.md/projects/ogre-migrator/ws/build-1.12/install/lib/cmake/gz-sim-trajectory-follower-system/gz-sim-trajectory-follower-system-config-version.cmake
-- Installing: /home/jrivero/code/my-agents.md/projects/ogre-migrator/ws/build-1.12/install/lib/cmake/gz-sim-trajectory-follower-system/gz-sim-trajectory-follower-system-targets.cmake
-- Installing: /home/jrivero/code/my-agents.md/projects/ogre-migrator/ws/build-1.12/install/lib/cmake/gz-sim-trajectory-follower-system/gz-sim-trajectory-follower-system-targets-release.cmake
-- Installing: /home/jrivero/code/my-agents.md/projects/ogre-migrator/ws/build-1.12/install/lib/pkgconfig/gz-sim-trajectory-follower-system.pc
-- Installing: /home/jrivero/code/my-agents.md/projects/ogre-migrator/ws/build-1.12/install/lib/gz-sim/plugins/libgz-sim-trajectory-follower-system.so.11.0.0~pre1
-- Installing: /home/jrivero/code/my-agents.md/projects/ogre-migrator/ws/build-1.12/install/lib/gz-sim/plugins/libgz-sim-trajectory-follower-system.so.11
-- Set non-toolchain portion of runtime path of "/home/jrivero/code/my-agents.md/projects/ogre-migrator/ws/build-1.12/install/lib/gz-sim/plugins/libgz-sim-trajectory-follower-system.so.11.0.0~pre1" to ""
-- Installing: /home/jrivero/code/my-agents.md/projects/ogre-migrator/ws/build-1.12/install/lib/gz-sim/plugins/libgz-sim-trajectory-follower-system.so
-- Installing: /home/jrivero/code/my-agents.md/projects/ogre-migrator/ws/build-1.12/install/include/gz/sim11/gz/sim/triggered-publisher-system/detail/Export.hh
-- Installing: /home/jrivero/code/my-agents.md/projects/ogre-migrator/ws/build-1.12/install/include/gz/sim11/gz/sim/triggered-publisher-system/Export.hh
-- Installing: /home/jrivero/code/my-agents.md/projects/ogre-migrator/ws/build-1.12/install/lib/libgz-sim-triggered-publisher-system.so.11.0.0~pre1
-- Installing: /home/jrivero/code/my-agents.md/projects/ogre-migrator/ws/build-1.12/install/lib/libgz-sim-triggered-publisher-system.so.11
-- Set non-toolchain portion of runtime path of "/home/jrivero/code/my-agents.md/projects/ogre-migrator/ws/build-1.12/install/lib/libgz-sim-triggered-publisher-system.so.11.0.0~pre1" to ""
-- Installing: /home/jrivero/code/my-agents.md/projects/ogre-migrator/ws/build-1.12/install/lib/libgz-sim-triggered-publisher-system.so
-- Installing: /home/jrivero/code/my-agents.md/projects/ogre-migrator/ws/build-1.12/install/lib/cmake/gz-sim-triggered-publisher-system/gz-sim-triggered-publisher-system-config.cmake
-- Installing: /home/jrivero/code/my-agents.md/projects/ogre-migrator/ws/build-1.12/install/lib/cmake/gz-sim-triggered-publisher-system/gz-sim-triggered-publisher-system-config-version.cmake
-- Installing: /home/jrivero/code/my-agents.md/projects/ogre-migrator/ws/build-1.12/install/lib/cmake/gz-sim-triggered-publisher-system/gz-sim-triggered-publisher-system-targets.cmake
-- Installing: /home/jrivero/code/my-agents.md/projects/ogre-migrator/ws/build-1.12/install/lib/cmake/gz-sim-triggered-publisher-system/gz-sim-triggered-publisher-system-targets-release.cmake
-- Installing: /home/jrivero/code/my-agents.md/projects/ogre-migrator/ws/build-1.12/install/lib/pkgconfig/gz-sim-triggered-publisher-system.pc
-- Installing: /home/jrivero/code/my-agents.md/projects/ogre-migrator/ws/build-1.12/install/lib/gz-sim/plugins/libgz-sim-triggered-publisher-system.so.11.0.0~pre1
-- Installing: /home/jrivero/code/my-agents.md/projects/ogre-migrator/ws/build-1.12/install/lib/gz-sim/plugins/libgz-sim-triggered-publisher-system.so.11
-- Set non-toolchain portion of runtime path of "/home/jrivero/code/my-agents.md/projects/ogre-migrator/ws/build-1.12/install/lib/gz-sim/plugins/libgz-sim-triggered-publisher-system.so.11.0.0~pre1" to ""
-- Installing: /home/jrivero/code/my-agents.md/projects/ogre-migrator/ws/build-1.12/install/lib/gz-sim/plugins/libgz-sim-triggered-publisher-system.so
-- Installing: /home/jrivero/code/my-agents.md/projects/ogre-migrator/ws/build-1.12/install/include/gz/sim11/gz/sim/user-commands-system/detail/Export.hh
-- Installing: /home/jrivero/code/my-agents.md/projects/ogre-migrator/ws/build-1.12/install/include/gz/sim11/gz/sim/user-commands-system/Export.hh
-- Installing: /home/jrivero/code/my-agents.md/projects/ogre-migrator/ws/build-1.12/install/lib/libgz-sim-user-commands-system.so.11.0.0~pre1
-- Installing: /home/jrivero/code/my-agents.md/projects/ogre-migrator/ws/build-1.12/install/lib/libgz-sim-user-commands-system.so.11
-- Set non-toolchain portion of runtime path of "/home/jrivero/code/my-agents.md/projects/ogre-migrator/ws/build-1.12/install/lib/libgz-sim-user-commands-system.so.11.0.0~pre1" to ""
-- Installing: /home/jrivero/code/my-agents.md/projects/ogre-migrator/ws/build-1.12/install/lib/libgz-sim-user-commands-system.so
-- Installing: /home/jrivero/code/my-agents.md/projects/ogre-migrator/ws/build-1.12/install/lib/cmake/gz-sim-user-commands-system/gz-sim-user-commands-system-config.cmake
-- Installing: /home/jrivero/code/my-agents.md/projects/ogre-migrator/ws/build-1.12/install/lib/cmake/gz-sim-user-commands-system/gz-sim-user-commands-system-config-version.cmake
-- Installing: /home/jrivero/code/my-agents.md/projects/ogre-migrator/ws/build-1.12/install/lib/cmake/gz-sim-user-commands-system/gz-sim-user-commands-system-targets.cmake
-- Installing: /home/jrivero/code/my-agents.md/projects/ogre-migrator/ws/build-1.12/install/lib/cmake/gz-sim-user-commands-system/gz-sim-user-commands-system-targets-release.cmake
-- Installing: /home/jrivero/code/my-agents.md/projects/ogre-migrator/ws/build-1.12/install/lib/pkgconfig/gz-sim-user-commands-system.pc
-- Installing: /home/jrivero/code/my-agents.md/projects/ogre-migrator/ws/build-1.12/install/lib/gz-sim/plugins/libgz-sim-user-commands-system.so.11.0.0~pre1
-- Installing: /home/jrivero/code/my-agents.md/projects/ogre-migrator/ws/build-1.12/install/lib/gz-sim/plugins/libgz-sim-user-commands-system.so.11
-- Set non-toolchain portion of runtime path of "/home/jrivero/code/my-agents.md/projects/ogre-migrator/ws/build-1.12/install/lib/gz-sim/plugins/libgz-sim-user-commands-system.so.11.0.0~pre1" to ""
-- Installing: /home/jrivero/code/my-agents.md/projects/ogre-migrator/ws/build-1.12/install/lib/gz-sim/plugins/libgz-sim-user-commands-system.so
-- Installing: /home/jrivero/code/my-agents.md/projects/ogre-migrator/ws/build-1.12/install/include/gz/sim11/gz/sim/velocity-control-system/detail/Export.hh
-- Installing: /home/jrivero/code/my-agents.md/projects/ogre-migrator/ws/build-1.12/install/include/gz/sim11/gz/sim/velocity-control-system/Export.hh
-- Installing: /home/jrivero/code/my-agents.md/projects/ogre-migrator/ws/build-1.12/install/lib/libgz-sim-velocity-control-system.so.11.0.0~pre1
-- Installing: /home/jrivero/code/my-agents.md/projects/ogre-migrator/ws/build-1.12/install/lib/libgz-sim-velocity-control-system.so.11
-- Set non-toolchain portion of runtime path of "/home/jrivero/code/my-agents.md/projects/ogre-migrator/ws/build-1.12/install/lib/libgz-sim-velocity-control-system.so.11.0.0~pre1" to ""
-- Installing: /home/jrivero/code/my-agents.md/projects/ogre-migrator/ws/build-1.12/install/lib/libgz-sim-velocity-control-system.so
-- Installing: /home/jrivero/code/my-agents.md/projects/ogre-migrator/ws/build-1.12/install/lib/cmake/gz-sim-velocity-control-system/gz-sim-velocity-control-system-config.cmake
-- Installing: /home/jrivero/code/my-agents.md/projects/ogre-migrator/ws/build-1.12/install/lib/cmake/gz-sim-velocity-control-system/gz-sim-velocity-control-system-config-version.cmake
-- Installing: /home/jrivero/code/my-agents.md/projects/ogre-migrator/ws/build-1.12/install/lib/cmake/gz-sim-velocity-control-system/gz-sim-velocity-control-system-targets.cmake
-- Installing: /home/jrivero/code/my-agents.md/projects/ogre-migrator/ws/build-1.12/install/lib/cmake/gz-sim-velocity-control-system/gz-sim-velocity-control-system-targets-release.cmake
-- Installing: /home/jrivero/code/my-agents.md/projects/ogre-migrator/ws/build-1.12/install/lib/pkgconfig/gz-sim-velocity-control-system.pc
-- Installing: /home/jrivero/code/my-agents.md/projects/ogre-migrator/ws/build-1.12/install/lib/gz-sim/plugins/libgz-sim-velocity-control-system.so.11.0.0~pre1
-- Installing: /home/jrivero/code/my-agents.md/projects/ogre-migrator/ws/build-1.12/install/lib/gz-sim/plugins/libgz-sim-velocity-control-system.so.11
-- Set non-toolchain portion of runtime path of "/home/jrivero/code/my-agents.md/projects/ogre-migrator/ws/build-1.12/install/lib/gz-sim/plugins/libgz-sim-velocity-control-system.so.11.0.0~pre1" to ""
-- Installing: /home/jrivero/code/my-agents.md/projects/ogre-migrator/ws/build-1.12/install/lib/gz-sim/plugins/libgz-sim-velocity-control-system.so
-- Installing: /home/jrivero/code/my-agents.md/projects/ogre-migrator/ws/build-1.12/install/include/gz/sim11/gz/sim/websocket-server-system/detail/Export.hh
-- Installing: /home/jrivero/code/my-agents.md/projects/ogre-migrator/ws/build-1.12/install/include/gz/sim11/gz/sim/websocket-server-system/Export.hh
-- Installing: /home/jrivero/code/my-agents.md/projects/ogre-migrator/ws/build-1.12/install/lib/libgz-sim-websocket-server-system.so.11.0.0~pre1
-- Installing: /home/jrivero/code/my-agents.md/projects/ogre-migrator/ws/build-1.12/install/lib/libgz-sim-websocket-server-system.so.11
-- Set non-toolchain portion of runtime path of "/home/jrivero/code/my-agents.md/projects/ogre-migrator/ws/build-1.12/install/lib/libgz-sim-websocket-server-system.so.11.0.0~pre1" to ""
-- Installing: /home/jrivero/code/my-agents.md/projects/ogre-migrator/ws/build-1.12/install/lib/libgz-sim-websocket-server-system.so
-- Installing: /home/jrivero/code/my-agents.md/projects/ogre-migrator/ws/build-1.12/install/lib/cmake/gz-sim-websocket-server-system/gz-sim-websocket-server-system-config.cmake
-- Installing: /home/jrivero/code/my-agents.md/projects/ogre-migrator/ws/build-1.12/install/lib/cmake/gz-sim-websocket-server-system/gz-sim-websocket-server-system-config-version.cmake
-- Installing: /home/jrivero/code/my-agents.md/projects/ogre-migrator/ws/build-1.12/install/lib/cmake/gz-sim-websocket-server-system/gz-sim-websocket-server-system-targets.cmake
-- Installing: /home/jrivero/code/my-agents.md/projects/ogre-migrator/ws/build-1.12/install/lib/cmake/gz-sim-websocket-server-system/gz-sim-websocket-server-system-targets-release.cmake
-- Installing: /home/jrivero/code/my-agents.md/projects/ogre-migrator/ws/build-1.12/install/lib/pkgconfig/gz-sim-websocket-server-system.pc
-- Installing: /home/jrivero/code/my-agents.md/projects/ogre-migrator/ws/build-1.12/install/lib/gz-sim/plugins/libgz-sim-websocket-server-system.so.11.0.0~pre1
-- Installing: /home/jrivero/code/my-agents.md/projects/ogre-migrator/ws/build-1.12/install/lib/gz-sim/plugins/libgz-sim-websocket-server-system.so.11
-- Set non-toolchain portion of runtime path of "/home/jrivero/code/my-agents.md/projects/ogre-migrator/ws/build-1.12/install/lib/gz-sim/plugins/libgz-sim-websocket-server-system.so.11.0.0~pre1" to ""
-- Installing: /home/jrivero/code/my-agents.md/projects/ogre-migrator/ws/build-1.12/install/lib/gz-sim/plugins/libgz-sim-websocket-server-system.so
-- Installing: /home/jrivero/code/my-agents.md/projects/ogre-migrator/ws/build-1.12/install/include/gz/sim11/gz/sim/wheel-slip-system/detail/Export.hh
-- Installing: /home/jrivero/code/my-agents.md/projects/ogre-migrator/ws/build-1.12/install/include/gz/sim11/gz/sim/wheel-slip-system/Export.hh
-- Installing: /home/jrivero/code/my-agents.md/projects/ogre-migrator/ws/build-1.12/install/lib/libgz-sim-wheel-slip-system.so.11.0.0~pre1
-- Installing: /home/jrivero/code/my-agents.md/projects/ogre-migrator/ws/build-1.12/install/lib/libgz-sim-wheel-slip-system.so.11
-- Set non-toolchain portion of runtime path of "/home/jrivero/code/my-agents.md/projects/ogre-migrator/ws/build-1.12/install/lib/libgz-sim-wheel-slip-system.so.11.0.0~pre1" to ""
-- Installing: /home/jrivero/code/my-agents.md/projects/ogre-migrator/ws/build-1.12/install/lib/libgz-sim-wheel-slip-system.so
-- Installing: /home/jrivero/code/my-agents.md/projects/ogre-migrator/ws/build-1.12/install/lib/cmake/gz-sim-wheel-slip-system/gz-sim-wheel-slip-system-config.cmake
-- Installing: /home/jrivero/code/my-agents.md/projects/ogre-migrator/ws/build-1.12/install/lib/cmake/gz-sim-wheel-slip-system/gz-sim-wheel-slip-system-config-version.cmake
-- Installing: /home/jrivero/code/my-agents.md/projects/ogre-migrator/ws/build-1.12/install/lib/cmake/gz-sim-wheel-slip-system/gz-sim-wheel-slip-system-targets.cmake
-- Installing: /home/jrivero/code/my-agents.md/projects/ogre-migrator/ws/build-1.12/install/lib/cmake/gz-sim-wheel-slip-system/gz-sim-wheel-slip-system-targets-release.cmake
-- Installing: /home/jrivero/code/my-agents.md/projects/ogre-migrator/ws/build-1.12/install/lib/pkgconfig/gz-sim-wheel-slip-system.pc
-- Installing: /home/jrivero/code/my-agents.md/projects/ogre-migrator/ws/build-1.12/install/lib/gz-sim/plugins/libgz-sim-wheel-slip-system.so.11.0.0~pre1
-- Installing: /home/jrivero/code/my-agents.md/projects/ogre-migrator/ws/build-1.12/install/lib/gz-sim/plugins/libgz-sim-wheel-slip-system.so.11
-- Set non-toolchain portion of runtime path of "/home/jrivero/code/my-agents.md/projects/ogre-migrator/ws/build-1.12/install/lib/gz-sim/plugins/libgz-sim-wheel-slip-system.so.11.0.0~pre1" to ""
-- Installing: /home/jrivero/code/my-agents.md/projects/ogre-migrator/ws/build-1.12/install/lib/gz-sim/plugins/libgz-sim-wheel-slip-system.so
-- Installing: /home/jrivero/code/my-agents.md/projects/ogre-migrator/ws/build-1.12/install/include/gz/sim11/gz/sim/wind-effects-system/detail/Export.hh
-- Installing: /home/jrivero/code/my-agents.md/projects/ogre-migrator/ws/build-1.12/install/include/gz/sim11/gz/sim/wind-effects-system/Export.hh
-- Installing: /home/jrivero/code/my-agents.md/projects/ogre-migrator/ws/build-1.12/install/lib/libgz-sim-wind-effects-system.so.11.0.0~pre1
-- Installing: /home/jrivero/code/my-agents.md/projects/ogre-migrator/ws/build-1.12/install/lib/libgz-sim-wind-effects-system.so.11
-- Set non-toolchain portion of runtime path of "/home/jrivero/code/my-agents.md/projects/ogre-migrator/ws/build-1.12/install/lib/libgz-sim-wind-effects-system.so.11.0.0~pre1" to ""
-- Installing: /home/jrivero/code/my-agents.md/projects/ogre-migrator/ws/build-1.12/install/lib/libgz-sim-wind-effects-system.so
-- Installing: /home/jrivero/code/my-agents.md/projects/ogre-migrator/ws/build-1.12/install/lib/cmake/gz-sim-wind-effects-system/gz-sim-wind-effects-system-config.cmake
-- Installing: /home/jrivero/code/my-agents.md/projects/ogre-migrator/ws/build-1.12/install/lib/cmake/gz-sim-wind-effects-system/gz-sim-wind-effects-system-config-version.cmake
-- Installing: /home/jrivero/code/my-agents.md/projects/ogre-migrator/ws/build-1.12/install/lib/cmake/gz-sim-wind-effects-system/gz-sim-wind-effects-system-targets.cmake
-- Installing: /home/jrivero/code/my-agents.md/projects/ogre-migrator/ws/build-1.12/install/lib/cmake/gz-sim-wind-effects-system/gz-sim-wind-effects-system-targets-release.cmake
-- Installing: /home/jrivero/code/my-agents.md/projects/ogre-migrator/ws/build-1.12/install/lib/pkgconfig/gz-sim-wind-effects-system.pc
-- Installing: /home/jrivero/code/my-agents.md/projects/ogre-migrator/ws/build-1.12/install/lib/gz-sim/plugins/libgz-sim-wind-effects-system.so.11.0.0~pre1
-- Installing: /home/jrivero/code/my-agents.md/projects/ogre-migrator/ws/build-1.12/install/lib/gz-sim/plugins/libgz-sim-wind-effects-system.so.11
-- Set non-toolchain portion of runtime path of "/home/jrivero/code/my-agents.md/projects/ogre-migrator/ws/build-1.12/install/lib/gz-sim/plugins/libgz-sim-wind-effects-system.so.11.0.0~pre1" to ""
-- Installing: /home/jrivero/code/my-agents.md/projects/ogre-migrator/ws/build-1.12/install/lib/gz-sim/plugins/libgz-sim-wind-effects-system.so
-- Installing: /home/jrivero/code/my-agents.md/projects/ogre-migrator/ws/build-1.12/install/include/gz/sim11/gz/sim/detail/Export.hh
-- Installing: /home/jrivero/code/my-agents.md/projects/ogre-migrator/ws/build-1.12/install/include/gz/sim11/gz/sim/Export.hh
-- Installing: /home/jrivero/code/my-agents.md/projects/ogre-migrator/ws/build-1.12/install/lib/libgz-sim.so.11.0.0~pre1
-- Installing: /home/jrivero/code/my-agents.md/projects/ogre-migrator/ws/build-1.12/install/lib/libgz-sim.so.11
-- Set non-toolchain portion of runtime path of "/home/jrivero/code/my-agents.md/projects/ogre-migrator/ws/build-1.12/install/lib/libgz-sim.so.11.0.0~pre1" to ""
-- Installing: /home/jrivero/code/my-agents.md/projects/ogre-migrator/ws/build-1.12/install/lib/libgz-sim.so
-- Installing: /home/jrivero/code/my-agents.md/projects/ogre-migrator/ws/build-1.12/install/lib/cmake/gz-sim/gz-sim-config.cmake
-- Installing: /home/jrivero/code/my-agents.md/projects/ogre-migrator/ws/build-1.12/install/lib/cmake/gz-sim/gz-sim-config-version.cmake
-- Installing: /home/jrivero/code/my-agents.md/projects/ogre-migrator/ws/build-1.12/install/lib/cmake/gz-sim/gz-sim-targets.cmake
-- Installing: /home/jrivero/code/my-agents.md/projects/ogre-migrator/ws/build-1.12/install/lib/cmake/gz-sim/gz-sim-targets-release.cmake
-- Installing: /home/jrivero/code/my-agents.md/projects/ogre-migrator/ws/build-1.12/install/lib/pkgconfig/gz-sim.pc
-- Installing: /home/jrivero/code/my-agents.md/projects/ogre-migrator/ws/build-1.12/install/share/gz/gz-sim/media/gazebo.material
-- Installing: /home/jrivero/code/my-agents.md/projects/ogre-migrator/ws/build-1.12/install/libexec/gz/sim/gz-sim-model
-- Set non-toolchain portion of runtime path of "/home/jrivero/code/my-agents.md/projects/ogre-migrator/ws/build-1.12/install/libexec/gz/sim/gz-sim-model" to ""
-- Installing: /home/jrivero/code/my-agents.md/projects/ogre-migrator/ws/build-1.12/install/libexec/gz/sim/gz-sim-server
-- Set non-toolchain portion of runtime path of "/home/jrivero/code/my-agents.md/projects/ogre-migrator/ws/build-1.12/install/libexec/gz/sim/gz-sim-server" to ""
-- Installing: /home/jrivero/code/my-agents.md/projects/ogre-migrator/ws/build-1.12/install/libexec/gz/sim/gz-sim-gui-client
-- Set non-toolchain portion of runtime path of "/home/jrivero/code/my-agents.md/projects/ogre-migrator/ws/build-1.12/install/libexec/gz/sim/gz-sim-gui-client" to ""
-- Installing: /home/jrivero/code/my-agents.md/projects/ogre-migrator/ws/build-1.12/install/libexec/gz/sim/gz-sim-main
-- Set non-toolchain portion of runtime path of "/home/jrivero/code/my-agents.md/projects/ogre-migrator/ws/build-1.12/install/libexec/gz/sim/gz-sim-main" to ""
-- Installing: /home/jrivero/code/my-agents.md/projects/ogre-migrator/ws/build-1.12/install/lib/ruby/gz/cmdmodel.rb
-- Installing: /home/jrivero/code/my-agents.md/projects/ogre-migrator/ws/build-1.12/install/share/gz/model.yaml
-- Installing: /home/jrivero/code/my-agents.md/projects/ogre-migrator/ws/build-1.12/install/lib/ruby/gz/cmdsim.rb
-- Installing: /home/jrivero/code/my-agents.md/projects/ogre-migrator/ws/build-1.12/install/share/gz/sim.yaml
-- Installing: /home/jrivero/code/my-agents.md/projects/ogre-migrator/ws/build-1.12/install/share/gz/gz.completion.d/sim.bash_completion.sh
-- Installing: /home/jrivero/code/my-agents.md/projects/ogre-migrator/ws/build-1.12/install/share/gz/gz.completion.d/model.bash_completion.sh
-- Installing: /home/jrivero/code/my-agents.md/projects/ogre-migrator/ws/build-1.12/install/include/gz/sim11/gz/sim/comms/Broker.hh
-- Installing: /home/jrivero/code/my-agents.md/projects/ogre-migrator/ws/build-1.12/install/include/gz/sim11/gz/sim/comms/ICommsModel.hh
-- Installing: /home/jrivero/code/my-agents.md/projects/ogre-migrator/ws/build-1.12/install/include/gz/sim11/gz/sim/comms/MsgManager.hh
-- Installing: /home/jrivero/code/my-agents.md/projects/ogre-migrator/ws/build-1.12/install/include/gz/sim11/gz/sim/components/Actor.hh
-- Installing: /home/jrivero/code/my-agents.md/projects/ogre-migrator/ws/build-1.12/install/include/gz/sim11/gz/sim/components/Actuators.hh
-- Installing: /home/jrivero/code/my-agents.md/projects/ogre-migrator/ws/build-1.12/install/include/gz/sim11/gz/sim/components/AirPressureSensor.hh
-- Installing: /home/jrivero/code/my-agents.md/projects/ogre-migrator/ws/build-1.12/install/include/gz/sim11/gz/sim/components/AirSpeedSensor.hh
-- Installing: /home/jrivero/code/my-agents.md/projects/ogre-migrator/ws/build-1.12/install/include/gz/sim11/gz/sim/components/Altimeter.hh
-- Installing: /home/jrivero/code/my-agents.md/projects/ogre-migrator/ws/build-1.12/install/include/gz/sim11/gz/sim/components/AngularAcceleration.hh
-- Installing: /home/jrivero/code/my-agents.md/projects/ogre-migrator/ws/build-1.12/install/include/gz/sim11/gz/sim/components/AngularVelocity.hh
-- Installing: /home/jrivero/code/my-agents.md/projects/ogre-migrator/ws/build-1.12/install/include/gz/sim11/gz/sim/components/AngularVelocityCmd.hh
-- Installing: /home/jrivero/code/my-agents.md/projects/ogre-migrator/ws/build-1.12/install/include/gz/sim11/gz/sim/components/AngularVelocityReset.hh
-- Installing: /home/jrivero/code/my-agents.md/projects/ogre-migrator/ws/build-1.12/install/include/gz/sim11/gz/sim/components/Atmosphere.hh
-- Installing: /home/jrivero/code/my-agents.md/projects/ogre-migrator/ws/build-1.12/install/include/gz/sim11/gz/sim/components/AxisAlignedBox.hh
-- Installing: /home/jrivero/code/my-agents.md/projects/ogre-migrator/ws/build-1.12/install/include/gz/sim11/gz/sim/components/BatteryPowerLoad.hh
-- Installing: /home/jrivero/code/my-agents.md/projects/ogre-migrator/ws/build-1.12/install/include/gz/sim11/gz/sim/components/BatterySoC.hh
-- Installing: /home/jrivero/code/my-agents.md/projects/ogre-migrator/ws/build-1.12/install/include/gz/sim11/gz/sim/components/BoundingBoxCamera.hh
-- Installing: /home/jrivero/code/my-agents.md/projects/ogre-migrator/ws/build-1.12/install/include/gz/sim11/gz/sim/components/Camera.hh
-- Installing: /home/jrivero/code/my-agents.md/projects/ogre-migrator/ws/build-1.12/install/include/gz/sim11/gz/sim/components/CanonicalLink.hh
-- Installing: /home/jrivero/code/my-agents.md/projects/ogre-migrator/ws/build-1.12/install/include/gz/sim11/gz/sim/components/CastShadows.hh
-- Installing: /home/jrivero/code/my-agents.md/projects/ogre-migrator/ws/build-1.12/install/include/gz/sim11/gz/sim/components/CenterOfVolume.hh
-- Installing: /home/jrivero/code/my-agents.md/projects/ogre-migrator/ws/build-1.12/install/include/gz/sim11/gz/sim/components/ChildLinkName.hh
-- Installing: /home/jrivero/code/my-agents.md/projects/ogre-migrator/ws/build-1.12/install/include/gz/sim11/gz/sim/components/Collision.hh
-- Installing: /home/jrivero/code/my-agents.md/projects/ogre-migrator/ws/build-1.12/install/include/gz/sim11/gz/sim/components/Component.hh
-- Installing: /home/jrivero/code/my-agents.md/projects/ogre-migrator/ws/build-1.12/install/include/gz/sim11/gz/sim/components/ContactSensor.hh
-- Installing: /home/jrivero/code/my-agents.md/projects/ogre-migrator/ws/build-1.12/install/include/gz/sim11/gz/sim/components/ContactSensorData.hh
-- Installing: /home/jrivero/code/my-agents.md/projects/ogre-migrator/ws/build-1.12/install/include/gz/sim11/gz/sim/components/CustomSensor.hh
-- Installing: /home/jrivero/code/my-agents.md/projects/ogre-migrator/ws/build-1.12/install/include/gz/sim11/gz/sim/components/DepthCamera.hh
-- Installing: /home/jrivero/code/my-agents.md/projects/ogre-migrator/ws/build-1.12/install/include/gz/sim11/gz/sim/components/DetachableJoint.hh
-- Installing: /home/jrivero/code/my-agents.md/projects/ogre-migrator/ws/build-1.12/install/include/gz/sim11/gz/sim/components/Environment.hh
-- Installing: /home/jrivero/code/my-agents.md/projects/ogre-migrator/ws/build-1.12/install/include/gz/sim11/gz/sim/components/ExternalWorldWrenchCmd.hh
-- Installing: /home/jrivero/code/my-agents.md/projects/ogre-migrator/ws/build-1.12/install/include/gz/sim11/gz/sim/components/Factory.hh
-- Installing: /home/jrivero/code/my-agents.md/projects/ogre-migrator/ws/build-1.12/install/include/gz/sim11/gz/sim/components/ForceTorque.hh
-- Installing: /home/jrivero/code/my-agents.md/projects/ogre-migrator/ws/build-1.12/install/include/gz/sim11/gz/sim/components/Geometry.hh
-- Installing: /home/jrivero/code/my-agents.md/projects/ogre-migrator/ws/build-1.12/install/include/gz/sim11/gz/sim/components/GpuLidar.hh
-- Installing: /home/jrivero/code/my-agents.md/projects/ogre-migrator/ws/build-1.12/install/include/gz/sim11/gz/sim/components/Gravity.hh
-- Installing: /home/jrivero/code/my-agents.md/projects/ogre-migrator/ws/build-1.12/install/include/gz/sim11/gz/sim/components/HaltMotion.hh
-- Installing: /home/jrivero/code/my-agents.md/projects/ogre-migrator/ws/build-1.12/install/include/gz/sim11/gz/sim/components/Imu.hh
-- Installing: /home/jrivero/code/my-agents.md/projects/ogre-migrator/ws/build-1.12/install/include/gz/sim11/gz/sim/components/Inertial.hh
-- Installing: /home/jrivero/code/my-agents.md/projects/ogre-migrator/ws/build-1.12/install/include/gz/sim11/gz/sim/components/Joint.hh
-- Installing: /home/jrivero/code/my-agents.md/projects/ogre-migrator/ws/build-1.12/install/include/gz/sim11/gz/sim/components/JointAxis.hh
-- Installing: /home/jrivero/code/my-agents.md/projects/ogre-migrator/ws/build-1.12/install/include/gz/sim11/gz/sim/components/JointEffortLimitsCmd.hh
-- Installing: /home/jrivero/code/my-agents.md/projects/ogre-migrator/ws/build-1.12/install/include/gz/sim11/gz/sim/components/JointForce.hh
-- Installing: /home/jrivero/code/my-agents.md/projects/ogre-migrator/ws/build-1.12/install/include/gz/sim11/gz/sim/components/JointForceCmd.hh
-- Installing: /home/jrivero/code/my-agents.md/projects/ogre-migrator/ws/build-1.12/install/include/gz/sim11/gz/sim/components/JointPosition.hh
-- Installing: /home/jrivero/code/my-agents.md/projects/ogre-migrator/ws/build-1.12/install/include/gz/sim11/gz/sim/components/JointPositionLimitsCmd.hh
-- Installing: /home/jrivero/code/my-agents.md/projects/ogre-migrator/ws/build-1.12/install/include/gz/sim11/gz/sim/components/JointPositionReset.hh
-- Installing: /home/jrivero/code/my-agents.md/projects/ogre-migrator/ws/build-1.12/install/include/gz/sim11/gz/sim/components/JointTransmittedWrench.hh
-- Installing: /home/jrivero/code/my-agents.md/projects/ogre-migrator/ws/build-1.12/install/include/gz/sim11/gz/sim/components/JointType.hh
-- Installing: /home/jrivero/code/my-agents.md/projects/ogre-migrator/ws/build-1.12/install/include/gz/sim11/gz/sim/components/JointVelocity.hh
-- Installing: /home/jrivero/code/my-agents.md/projects/ogre-migrator/ws/build-1.12/install/include/gz/sim11/gz/sim/components/JointVelocityCmd.hh
-- Installing: /home/jrivero/code/my-agents.md/projects/ogre-migrator/ws/build-1.12/install/include/gz/sim11/gz/sim/components/JointVelocityLimitsCmd.hh
-- Installing: /home/jrivero/code/my-agents.md/projects/ogre-migrator/ws/build-1.12/install/include/gz/sim11/gz/sim/components/JointVelocityReset.hh
-- Installing: /home/jrivero/code/my-agents.md/projects/ogre-migrator/ws/build-1.12/install/include/gz/sim11/gz/sim/components/LaserRetro.hh
-- Installing: /home/jrivero/code/my-agents.md/projects/ogre-migrator/ws/build-1.12/install/include/gz/sim11/gz/sim/components/Level.hh
-- Installing: /home/jrivero/code/my-agents.md/projects/ogre-migrator/ws/build-1.12/install/include/gz/sim11/gz/sim/components/LevelBuffer.hh
-- Installing: /home/jrivero/code/my-agents.md/projects/ogre-migrator/ws/build-1.12/install/include/gz/sim11/gz/sim/components/LevelEntityNames.hh
-- Installing: /home/jrivero/code/my-agents.md/projects/ogre-migrator/ws/build-1.12/install/include/gz/sim11/gz/sim/components/Lidar.hh
-- Installing: /home/jrivero/code/my-agents.md/projects/ogre-migrator/ws/build-1.12/install/include/gz/sim11/gz/sim/components/Light.hh
-- Installing: /home/jrivero/code/my-agents.md/projects/ogre-migrator/ws/build-1.12/install/include/gz/sim11/gz/sim/components/LightCmd.hh
-- Installing: /home/jrivero/code/my-agents.md/projects/ogre-migrator/ws/build-1.12/install/include/gz/sim11/gz/sim/components/LightType.hh
-- Installing: /home/jrivero/code/my-agents.md/projects/ogre-migrator/ws/build-1.12/install/include/gz/sim11/gz/sim/components/LinearAcceleration.hh
-- Installing: /home/jrivero/code/my-agents.md/projects/ogre-migrator/ws/build-1.12/install/include/gz/sim11/gz/sim/components/LinearVelocity.hh
-- Installing: /home/jrivero/code/my-agents.md/projects/ogre-migrator/ws/build-1.12/install/include/gz/sim11/gz/sim/components/LinearVelocityCmd.hh
-- Installing: /home/jrivero/code/my-agents.md/projects/ogre-migrator/ws/build-1.12/install/include/gz/sim11/gz/sim/components/LinearVelocityReset.hh
-- Installing: /home/jrivero/code/my-agents.md/projects/ogre-migrator/ws/build-1.12/install/include/gz/sim11/gz/sim/components/LinearVelocitySeed.hh
-- Installing: /home/jrivero/code/my-agents.md/projects/ogre-migrator/ws/build-1.12/install/include/gz/sim11/gz/sim/components/Link.hh
-- Installing: /home/jrivero/code/my-agents.md/projects/ogre-migrator/ws/build-1.12/install/include/gz/sim11/gz/sim/components/LogPlaybackStatistics.hh
-- Installing: /home/jrivero/code/my-agents.md/projects/ogre-migrator/ws/build-1.12/install/include/gz/sim11/gz/sim/components/LogicalAudio.hh
-- Installing: /home/jrivero/code/my-agents.md/projects/ogre-migrator/ws/build-1.12/install/include/gz/sim11/gz/sim/components/LogicalCamera.hh
-- Installing: /home/jrivero/code/my-agents.md/projects/ogre-migrator/ws/build-1.12/install/include/gz/sim11/gz/sim/components/MagneticField.hh
-- Installing: /home/jrivero/code/my-agents.md/projects/ogre-migrator/ws/build-1.12/install/include/gz/sim11/gz/sim/components/Magnetometer.hh
-- Installing: /home/jrivero/code/my-agents.md/projects/ogre-migrator/ws/build-1.12/install/include/gz/sim11/gz/sim/components/Material.hh
-- Installing: /home/jrivero/code/my-agents.md/projects/ogre-migrator/ws/build-1.12/install/include/gz/sim11/gz/sim/components/Model.hh
-- Installing: /home/jrivero/code/my-agents.md/projects/ogre-migrator/ws/build-1.12/install/include/gz/sim11/gz/sim/components/Name.hh
-- Installing: /home/jrivero/code/my-agents.md/projects/ogre-migrator/ws/build-1.12/install/include/gz/sim11/gz/sim/components/NavSat.hh
-- Installing: /home/jrivero/code/my-agents.md/projects/ogre-migrator/ws/build-1.12/install/include/gz/sim11/gz/sim/components/ParentEntity.hh
-- Installing: /home/jrivero/code/my-agents.md/projects/ogre-migrator/ws/build-1.12/install/include/gz/sim11/gz/sim/components/ParentLinkName.hh
-- Installing: /home/jrivero/code/my-agents.md/projects/ogre-migrator/ws/build-1.12/install/include/gz/sim11/gz/sim/components/ParticleEmitter.hh
-- Installing: /home/jrivero/code/my-agents.md/projects/ogre-migrator/ws/build-1.12/install/include/gz/sim11/gz/sim/components/Performer.hh
-- Installing: /home/jrivero/code/my-agents.md/projects/ogre-migrator/ws/build-1.12/install/include/gz/sim11/gz/sim/components/PerformerAffinity.hh
-- Installing: /home/jrivero/code/my-agents.md/projects/ogre-migrator/ws/build-1.12/install/include/gz/sim11/gz/sim/components/PerformerLevels.hh
-- Installing: /home/jrivero/code/my-agents.md/projects/ogre-migrator/ws/build-1.12/install/include/gz/sim11/gz/sim/components/Physics.hh
-- Installing: /home/jrivero/code/my-agents.md/projects/ogre-migrator/ws/build-1.12/install/include/gz/sim11/gz/sim/components/PhysicsCmd.hh
-- Installing: /home/jrivero/code/my-agents.md/projects/ogre-migrator/ws/build-1.12/install/include/gz/sim11/gz/sim/components/PhysicsEnginePlugin.hh
-- Installing: /home/jrivero/code/my-agents.md/projects/ogre-migrator/ws/build-1.12/install/include/gz/sim11/gz/sim/components/Pose.hh
-- Installing: /home/jrivero/code/my-agents.md/projects/ogre-migrator/ws/build-1.12/install/include/gz/sim11/gz/sim/components/PoseCmd.hh
-- Installing: /home/jrivero/code/my-agents.md/projects/ogre-migrator/ws/build-1.12/install/include/gz/sim11/gz/sim/components/Projector.hh
-- Installing: /home/jrivero/code/my-agents.md/projects/ogre-migrator/ws/build-1.12/install/include/gz/sim11/gz/sim/components/RaycastData.hh
-- Installing: /home/jrivero/code/my-agents.md/projects/ogre-migrator/ws/build-1.12/install/include/gz/sim11/gz/sim/components/Recreate.hh
-- Installing: /home/jrivero/code/my-agents.md/projects/ogre-migrator/ws/build-1.12/install/include/gz/sim11/gz/sim/components/RenderEngineGuiPlugin.hh
-- Installing: /home/jrivero/code/my-agents.md/projects/ogre-migrator/ws/build-1.12/install/include/gz/sim11/gz/sim/components/RenderEngineServerApiBackend.hh
-- Installing: /home/jrivero/code/my-agents.md/projects/ogre-migrator/ws/build-1.12/install/include/gz/sim11/gz/sim/components/RenderEngineServerHeadless.hh
-- Installing: /home/jrivero/code/my-agents.md/projects/ogre-migrator/ws/build-1.12/install/include/gz/sim11/gz/sim/components/RenderEngineServerPlugin.hh
-- Installing: /home/jrivero/code/my-agents.md/projects/ogre-migrator/ws/build-1.12/install/include/gz/sim11/gz/sim/components/RgbdCamera.hh
-- Installing: /home/jrivero/code/my-agents.md/projects/ogre-migrator/ws/build-1.12/install/include/gz/sim11/gz/sim/components/Scene.hh
-- Installing: /home/jrivero/code/my-agents.md/projects/ogre-migrator/ws/build-1.12/install/include/gz/sim11/gz/sim/components/SegmentationCamera.hh
-- Installing: /home/jrivero/code/my-agents.md/projects/ogre-migrator/ws/build-1.12/install/include/gz/sim11/gz/sim/components/SelfCollide.hh
-- Installing: /home/jrivero/code/my-agents.md/projects/ogre-migrator/ws/build-1.12/install/include/gz/sim11/gz/sim/components/SemanticCategory.hh
-- Installing: /home/jrivero/code/my-agents.md/projects/ogre-migrator/ws/build-1.12/install/include/gz/sim11/gz/sim/components/SemanticDescription.hh
-- Installing: /home/jrivero/code/my-agents.md/projects/ogre-migrator/ws/build-1.12/install/include/gz/sim11/gz/sim/components/SemanticLabel.hh
-- Installing: /home/jrivero/code/my-agents.md/projects/ogre-migrator/ws/build-1.12/install/include/gz/sim11/gz/sim/components/SemanticTags.hh
-- Installing: /home/jrivero/code/my-agents.md/projects/ogre-migrator/ws/build-1.12/install/include/gz/sim11/gz/sim/components/Sensor.hh
-- Installing: /home/jrivero/code/my-agents.md/projects/ogre-migrator/ws/build-1.12/install/include/gz/sim11/gz/sim/components/Serialization.hh
-- Installing: /home/jrivero/code/my-agents.md/projects/ogre-migrator/ws/build-1.12/install/include/gz/sim11/gz/sim/components/SlipComplianceCmd.hh
-- Installing: /home/jrivero/code/my-agents.md/projects/ogre-migrator/ws/build-1.12/install/include/gz/sim11/gz/sim/components/SourceFilePath.hh
-- Installing: /home/jrivero/code/my-agents.md/projects/ogre-migrator/ws/build-1.12/install/include/gz/sim11/gz/sim/components/SphericalCoordinates.hh
-- Installing: /home/jrivero/code/my-agents.md/projects/ogre-migrator/ws/build-1.12/install/include/gz/sim11/gz/sim/components/Static.hh
-- Installing: /home/jrivero/code/my-agents.md/projects/ogre-migrator/ws/build-1.12/install/include/gz/sim11/gz/sim/components/SystemPluginInfo.hh
-- Installing: /home/jrivero/code/my-agents.md/projects/ogre-migrator/ws/build-1.12/install/include/gz/sim11/gz/sim/components/Temperature.hh
-- Installing: /home/jrivero/code/my-agents.md/projects/ogre-migrator/ws/build-1.12/install/include/gz/sim11/gz/sim/components/TemperatureRange.hh
-- Installing: /home/jrivero/code/my-agents.md/projects/ogre-migrator/ws/build-1.12/install/include/gz/sim11/gz/sim/components/ThermalCamera.hh
-- Installing: /home/jrivero/code/my-agents.md/projects/ogre-migrator/ws/build-1.12/install/include/gz/sim11/gz/sim/components/ThreadPitch.hh
-- Installing: /home/jrivero/code/my-agents.md/projects/ogre-migrator/ws/build-1.12/install/include/gz/sim11/gz/sim/components/Transparency.hh
-- Installing: /home/jrivero/code/my-agents.md/projects/ogre-migrator/ws/build-1.12/install/include/gz/sim11/gz/sim/components/Visibility.hh
-- Installing: /home/jrivero/code/my-agents.md/projects/ogre-migrator/ws/build-1.12/install/include/gz/sim11/gz/sim/components/Visual.hh
-- Installing: /home/jrivero/code/my-agents.md/projects/ogre-migrator/ws/build-1.12/install/include/gz/sim11/gz/sim/components/VisualCmd.hh
-- Installing: /home/jrivero/code/my-agents.md/projects/ogre-migrator/ws/build-1.12/install/include/gz/sim11/gz/sim/components/Volume.hh
-- Installing: /home/jrivero/code/my-agents.md/projects/ogre-migrator/ws/build-1.12/install/include/gz/sim11/gz/sim/components/WheelSlipCmd.hh
-- Installing: /home/jrivero/code/my-agents.md/projects/ogre-migrator/ws/build-1.12/install/include/gz/sim11/gz/sim/components/WideAngleCamera.hh
-- Installing: /home/jrivero/code/my-agents.md/projects/ogre-migrator/ws/build-1.12/install/include/gz/sim11/gz/sim/components/Wind.hh
-- Installing: /home/jrivero/code/my-agents.md/projects/ogre-migrator/ws/build-1.12/install/include/gz/sim11/gz/sim/components/WindMode.hh
-- Installing: /home/jrivero/code/my-agents.md/projects/ogre-migrator/ws/build-1.12/install/include/gz/sim11/gz/sim/components/World.hh
-- Installing: /home/jrivero/code/my-agents.md/projects/ogre-migrator/ws/build-1.12/install/include/gz/sim11/gz/sim/components/WrenchMeasured.hh
-- Installing: /home/jrivero/code/my-agents.md/projects/ogre-migrator/ws/build-1.12/install/include/gz/sim11/gz/sim/detail/BaseView.hh
-- Installing: /home/jrivero/code/my-agents.md/projects/ogre-migrator/ws/build-1.12/install/include/gz/sim11/gz/sim/detail/EntityComponentManager.hh
-- Installing: /home/jrivero/code/my-agents.md/projects/ogre-migrator/ws/build-1.12/install/include/gz/sim11/gz/sim/detail/View.hh
-- Installing: /home/jrivero/code/my-agents.md/projects/ogre-migrator/ws/build-1.12/install/include/gz/sim11/gz/sim/gui/Gui.hh
-- Installing: /home/jrivero/code/my-agents.md/projects/ogre-migrator/ws/build-1.12/install/include/gz/sim11/gz/sim/gui/GuiEvents.hh
-- Installing: /home/jrivero/code/my-agents.md/projects/ogre-migrator/ws/build-1.12/install/include/gz/sim11/gz/sim/gui/GuiSystem.hh
-- Installing: /home/jrivero/code/my-agents.md/projects/ogre-migrator/ws/build-1.12/install/include/gz/sim11/gz/sim/physics/Events.hh
-- Installing: /home/jrivero/code/my-agents.md/projects/ogre-migrator/ws/build-1.12/install/include/gz/sim11/gz/sim/rendering/Events.hh
-- Installing: /home/jrivero/code/my-agents.md/projects/ogre-migrator/ws/build-1.12/install/include/gz/sim11/gz/sim/rendering/MarkerManager.hh
-- Installing: /home/jrivero/code/my-agents.md/projects/ogre-migrator/ws/build-1.12/install/include/gz/sim11/gz/sim/rendering/RenderUtil.hh
-- Installing: /home/jrivero/code/my-agents.md/projects/ogre-migrator/ws/build-1.12/install/include/gz/sim11/gz/sim/rendering/SceneManager.hh
-- Installing: /home/jrivero/code/my-agents.md/projects/ogre-migrator/ws/build-1.12/install/include/gz/sim11/gz/sim/rendering/WrenchVisualizer.hh
-- Installing: /home/jrivero/code/my-agents.md/projects/ogre-migrator/ws/build-1.12/install/include/gz/sim11/gz/sim/Actor.hh
-- Installing: /home/jrivero/code/my-agents.md/projects/ogre-migrator/ws/build-1.12/install/include/gz/sim11/gz/sim/Constants.hh
-- Installing: /home/jrivero/code/my-agents.md/projects/ogre-migrator/ws/build-1.12/install/include/gz/sim11/gz/sim/Conversions.hh
-- Installing: /home/jrivero/code/my-agents.md/projects/ogre-migrator/ws/build-1.12/install/include/gz/sim11/gz/sim/Entity.hh
-- Installing: /home/jrivero/code/my-agents.md/projects/ogre-migrator/ws/build-1.12/install/include/gz/sim11/gz/sim/EntityComponentManager.hh
-- Installing: /home/jrivero/code/my-agents.md/projects/ogre-migrator/ws/build-1.12/install/include/gz/sim11/gz/sim/EventManager.hh
-- Installing: /home/jrivero/code/my-agents.md/projects/ogre-migrator/ws/build-1.12/install/include/gz/sim11/gz/sim/Events.hh
-- Installing: /home/jrivero/code/my-agents.md/projects/ogre-migrator/ws/build-1.12/install/include/gz/sim11/gz/sim/InstallationDirectories.hh
-- Installing: /home/jrivero/code/my-agents.md/projects/ogre-migrator/ws/build-1.12/install/include/gz/sim11/gz/sim/Joint.hh
-- Installing: /home/jrivero/code/my-agents.md/projects/ogre-migrator/ws/build-1.12/install/include/gz/sim11/gz/sim/Light.hh
-- Installing: /home/jrivero/code/my-agents.md/projects/ogre-migrator/ws/build-1.12/install/include/gz/sim11/gz/sim/Link.hh
-- Installing: /home/jrivero/code/my-agents.md/projects/ogre-migrator/ws/build-1.12/install/include/gz/sim11/gz/sim/Model.hh
-- Installing: /home/jrivero/code/my-agents.md/projects/ogre-migrator/ws/build-1.12/install/include/gz/sim11/gz/sim/Primitives.hh
-- Installing: /home/jrivero/code/my-agents.md/projects/ogre-migrator/ws/build-1.12/install/include/gz/sim11/gz/sim/SdfEntityCreator.hh
-- Installing: /home/jrivero/code/my-agents.md/projects/ogre-migrator/ws/build-1.12/install/include/gz/sim11/gz/sim/Sensor.hh
-- Installing: /home/jrivero/code/my-agents.md/projects/ogre-migrator/ws/build-1.12/install/include/gz/sim11/gz/sim/Server.hh
-- Installing: /home/jrivero/code/my-agents.md/projects/ogre-migrator/ws/build-1.12/install/include/gz/sim11/gz/sim/ServerConfig.hh
-- Installing: /home/jrivero/code/my-agents.md/projects/ogre-migrator/ws/build-1.12/install/include/gz/sim11/gz/sim/System.hh
-- Installing: /home/jrivero/code/my-agents.md/projects/ogre-migrator/ws/build-1.12/install/include/gz/sim11/gz/sim/SystemLoader.hh
-- Installing: /home/jrivero/code/my-agents.md/projects/ogre-migrator/ws/build-1.12/install/include/gz/sim11/gz/sim/SystemPluginPtr.hh
-- Installing: /home/jrivero/code/my-agents.md/projects/ogre-migrator/ws/build-1.12/install/include/gz/sim11/gz/sim/TestFixture.hh
-- Installing: /home/jrivero/code/my-agents.md/projects/ogre-migrator/ws/build-1.12/install/include/gz/sim11/gz/sim/Types.hh
-- Installing: /home/jrivero/code/my-agents.md/projects/ogre-migrator/ws/build-1.12/install/include/gz/sim11/gz/sim/Util.hh
-- Installing: /home/jrivero/code/my-agents.md/projects/ogre-migrator/ws/build-1.12/install/include/gz/sim11/gz/sim/World.hh
-- Installing: /home/jrivero/code/my-agents.md/projects/ogre-migrator/ws/build-1.12/install/include/gz/sim11/gz/sim.hh
-- Installing: /home/jrivero/code/my-agents.md/projects/ogre-migrator/ws/build-1.12/install/include/gz/sim11/gz/sim/config.hh
-- Installing: /home/jrivero/code/my-agents.md/projects/ogre-migrator/ws/build-1.12/install/include/gz/sim11/gz/sim/components.hh
-- Installing: /home/jrivero/code/my-agents.md/projects/ogre-migrator/ws/build-1.12/install/share/gz/gz-sim/server.config
-- Installing: /home/jrivero/code/my-agents.md/projects/ogre-migrator/ws/build-1.12/install/share/gz/gz-sim/playback_server.config
-- Installing: /home/jrivero/code/my-agents.md/projects/ogre-migrator/ws/build-1.12/install/lib/cmake/gz-sim-all/gz-sim-all-config.cmake
-- Installing: /home/jrivero/code/my-agents.md/projects/ogre-migrator/ws/build-1.12/install/lib/cmake/gz-sim-all/gz-sim-all-config-version.cmake
-- Installing: /home/jrivero/code/my-agents.md/projects/ogre-migrator/ws/build-1.12/install/lib/cmake/gz-sim-all/gz-sim-all-targets.cmake
-- Installing: /home/jrivero/code/my-agents.md/projects/ogre-migrator/ws/build-1.12/install/share/gz/gz-sim/worlds/3k_shapes.sdf
-- Installing: /home/jrivero/code/my-agents.md/projects/ogre-migrator/ws/build-1.12/install/share/gz/gz-sim/worlds/ackermann_steering.sdf
-- Installing: /home/jrivero/code/my-agents.md/projects/ogre-migrator/ws/build-1.12/install/share/gz/gz-sim/worlds/acoustic_comms.sdf
-- Installing: /home/jrivero/code/my-agents.md/projects/ogre-migrator/ws/build-1.12/install/share/gz/gz-sim/worlds/acoustic_comms_demo.sdf
-- Installing: /home/jrivero/code/my-agents.md/projects/ogre-migrator/ws/build-1.12/install/share/gz/gz-sim/worlds/acoustic_comms_moving_targets.sdf
-- Installing: /home/jrivero/code/my-agents.md/projects/ogre-migrator/ws/build-1.12/install/share/gz/gz-sim/worlds/acoustic_comms_packet_collision.sdf
-- Installing: /home/jrivero/code/my-agents.md/projects/ogre-migrator/ws/build-1.12/install/share/gz/gz-sim/worlds/acoustic_comms_propagation.sdf
-- Installing: /home/jrivero/code/my-agents.md/projects/ogre-migrator/ws/build-1.12/install/share/gz/gz-sim/worlds/actor.sdf
-- Installing: /home/jrivero/code/my-agents.md/projects/ogre-migrator/ws/build-1.12/install/share/gz/gz-sim/worlds/actor_crowd.sdf
-- Installing: /home/jrivero/code/my-agents.md/projects/ogre-migrator/ws/build-1.12/install/share/gz/gz-sim/worlds/advanced_lift_drag_system.sdf
-- Installing: /home/jrivero/code/my-agents.md/projects/ogre-migrator/ws/build-1.12/install/share/gz/gz-sim/worlds/apply_joint_force.sdf
-- Installing: /home/jrivero/code/my-agents.md/projects/ogre-migrator/ws/build-1.12/install/share/gz/gz-sim/worlds/apply_link_wrench.sdf
-- Installing: /home/jrivero/code/my-agents.md/projects/ogre-migrator/ws/build-1.12/install/share/gz/gz-sim/worlds/auto_inertia_pendulum.sdf
-- Installing: /home/jrivero/code/my-agents.md/projects/ogre-migrator/ws/build-1.12/install/share/gz/gz-sim/worlds/auto_inertia_rolling_shapes.sdf
-- Installing: /home/jrivero/code/my-agents.md/projects/ogre-migrator/ws/build-1.12/install/share/gz/gz-sim/worlds/auv_controls.sdf
-- Installing: /home/jrivero/code/my-agents.md/projects/ogre-migrator/ws/build-1.12/install/share/gz/gz-sim/worlds/boundingbox_camera.sdf
-- Installing: /home/jrivero/code/my-agents.md/projects/ogre-migrator/ws/build-1.12/install/share/gz/gz-sim/worlds/breadcrumbs.sdf
-- Installing: /home/jrivero/code/my-agents.md/projects/ogre-migrator/ws/build-1.12/install/share/gz/gz-sim/worlds/buoyancy.sdf
-- Installing: /home/jrivero/code/my-agents.md/projects/ogre-migrator/ws/build-1.12/install/share/gz/gz-sim/worlds/buoyancy_engine.sdf
-- Installing: /home/jrivero/code/my-agents.md/projects/ogre-migrator/ws/build-1.12/install/share/gz/gz-sim/worlds/camera_lens_flare.sdf
-- Installing: /home/jrivero/code/my-agents.md/projects/ogre-migrator/ws/build-1.12/install/share/gz/gz-sim/worlds/camera_sensor.sdf
-- Installing: /home/jrivero/code/my-agents.md/projects/ogre-migrator/ws/build-1.12/install/share/gz/gz-sim/worlds/camera_video_record_dbl_pendulum.sdf
-- Installing: /home/jrivero/code/my-agents.md/projects/ogre-migrator/ws/build-1.12/install/share/gz/gz-sim/worlds/collada_world_exporter.sdf
-- Installing: /home/jrivero/code/my-agents.md/projects/ogre-migrator/ws/build-1.12/install/share/gz/gz-sim/worlds/contact_sensor.sdf
-- Installing: /home/jrivero/code/my-agents.md/projects/ogre-migrator/ws/build-1.12/install/share/gz/gz-sim/worlds/conveyor.sdf
-- Installing: /home/jrivero/code/my-agents.md/projects/ogre-migrator/ws/build-1.12/install/share/gz/gz-sim/worlds/debug_shapes.sdf
-- Installing: /home/jrivero/code/my-agents.md/projects/ogre-migrator/ws/build-1.12/install/share/gz/gz-sim/worlds/default.sdf
-- Installing: /home/jrivero/code/my-agents.md/projects/ogre-migrator/ws/build-1.12/install/share/gz/gz-sim/worlds/dem_monterey_bay.sdf
-- Installing: /home/jrivero/code/my-agents.md/projects/ogre-migrator/ws/build-1.12/install/share/gz/gz-sim/worlds/dem_moon.sdf
-- Installing: /home/jrivero/code/my-agents.md/projects/ogre-migrator/ws/build-1.12/install/share/gz/gz-sim/worlds/dem_volcano.sdf
-- Installing: /home/jrivero/code/my-agents.md/projects/ogre-migrator/ws/build-1.12/install/share/gz/gz-sim/worlds/depth_camera_sensor.sdf
-- Installing: /home/jrivero/code/my-agents.md/projects/ogre-migrator/ws/build-1.12/install/share/gz/gz-sim/worlds/detachable_joint.sdf
-- Installing: /home/jrivero/code/my-agents.md/projects/ogre-migrator/ws/build-1.12/install/share/gz/gz-sim/worlds/diff_drive.sdf
-- Installing: /home/jrivero/code/my-agents.md/projects/ogre-migrator/ws/build-1.12/install/share/gz/gz-sim/worlds/diff_drive_skid.sdf
-- Installing: /home/jrivero/code/my-agents.md/projects/ogre-migrator/ws/build-1.12/install/share/gz/gz-sim/worlds/drive_to_pose_controller.sdf
-- Installing: /home/jrivero/code/my-agents.md/projects/ogre-migrator/ws/build-1.12/install/share/gz/gz-sim/worlds/dvl_world.sdf
-- Installing: /home/jrivero/code/my-agents.md/projects/ogre-migrator/ws/build-1.12/install/share/gz/gz-sim/worlds/elevator.sdf
-- Installing: /home/jrivero/code/my-agents.md/projects/ogre-migrator/ws/build-1.12/install/share/gz/gz-sim/worlds/empty.sdf
-- Installing: /home/jrivero/code/my-agents.md/projects/ogre-migrator/ws/build-1.12/install/share/gz/gz-sim/worlds/empty_gui.sdf
-- Installing: /home/jrivero/code/my-agents.md/projects/ogre-migrator/ws/build-1.12/install/share/gz/gz-sim/worlds/environmental_sensor.sdf
-- Installing: /home/jrivero/code/my-agents.md/projects/ogre-migrator/ws/build-1.12/install/share/gz/gz-sim/worlds/export_occupancy_grid.sdf
-- Installing: /home/jrivero/code/my-agents.md/projects/ogre-migrator/ws/build-1.12/install/share/gz/gz-sim/worlds/fluid_added_mass.sdf
-- Installing: /home/jrivero/code/my-agents.md/projects/ogre-migrator/ws/build-1.12/install/share/gz/gz-sim/worlds/follow_actor.sdf
-- Installing: /home/jrivero/code/my-agents.md/projects/ogre-migrator/ws/build-1.12/install/share/gz/gz-sim/worlds/fuel.sdf
-- Installing: /home/jrivero/code/my-agents.md/projects/ogre-migrator/ws/build-1.12/install/share/gz/gz-sim/worlds/fuel_textured_mesh.sdf
-- Installing: /home/jrivero/code/my-agents.md/projects/ogre-migrator/ws/build-1.12/install/share/gz/gz-sim/worlds/global_illumination.sdf
-- Installing: /home/jrivero/code/my-agents.md/projects/ogre-migrator/ws/build-1.12/install/share/gz/gz-sim/worlds/gpu_lidar_retro_values_sensor.sdf
-- Installing: /home/jrivero/code/my-agents.md/projects/ogre-migrator/ws/build-1.12/install/share/gz/gz-sim/worlds/gpu_lidar_sensor.sdf
-- Installing: /home/jrivero/code/my-agents.md/projects/ogre-migrator/ws/build-1.12/install/share/gz/gz-sim/worlds/graded_buoyancy.sdf
-- Installing: /home/jrivero/code/my-agents.md/projects/ogre-migrator/ws/build-1.12/install/share/gz/gz-sim/worlds/grid.sdf
-- Installing: /home/jrivero/code/my-agents.md/projects/ogre-migrator/ws/build-1.12/install/share/gz/gz-sim/worlds/ground_spacecraft_testbed.sdf
-- Installing: /home/jrivero/code/my-agents.md/projects/ogre-migrator/ws/build-1.12/install/share/gz/gz-sim/worlds/heightmap.sdf
-- Installing: /home/jrivero/code/my-agents.md/projects/ogre-migrator/ws/build-1.12/install/share/gz/gz-sim/worlds/import_mesh.sdf
-- Installing: /home/jrivero/code/my-agents.md/projects/ogre-migrator/ws/build-1.12/install/share/gz/gz-sim/worlds/joint_controller.sdf
-- Installing: /home/jrivero/code/my-agents.md/projects/ogre-migrator/ws/build-1.12/install/share/gz/gz-sim/worlds/joint_position_controller.sdf
-- Installing: /home/jrivero/code/my-agents.md/projects/ogre-migrator/ws/build-1.12/install/share/gz/gz-sim/worlds/joint_trajectory_controller.sdf
-- Installing: /home/jrivero/code/my-agents.md/projects/ogre-migrator/ws/build-1.12/install/share/gz/gz-sim/worlds/kinetic_energy_monitor.sdf
-- Installing: /home/jrivero/code/my-agents.md/projects/ogre-migrator/ws/build-1.12/install/share/gz/gz-sim/worlds/levels.sdf
-- Installing: /home/jrivero/code/my-agents.md/projects/ogre-migrator/ws/build-1.12/install/share/gz/gz-sim/worlds/levels_no_performers.sdf
-- Installing: /home/jrivero/code/my-agents.md/projects/ogre-migrator/ws/build-1.12/install/share/gz/gz-sim/worlds/lift_drag.sdf
-- Installing: /home/jrivero/code/my-agents.md/projects/ogre-migrator/ws/build-1.12/install/share/gz/gz-sim/worlds/lift_drag_battery.sdf
-- Installing: /home/jrivero/code/my-agents.md/projects/ogre-migrator/ws/build-1.12/install/share/gz/gz-sim/worlds/lift_drag_nested.sdf
-- Installing: /home/jrivero/code/my-agents.md/projects/ogre-migrator/ws/build-1.12/install/share/gz/gz-sim/worlds/lighter_than_air_blimp.sdf
-- Installing: /home/jrivero/code/my-agents.md/projects/ogre-migrator/ws/build-1.12/install/share/gz/gz-sim/worlds/lightmap.sdf
-- Installing: /home/jrivero/code/my-agents.md/projects/ogre-migrator/ws/build-1.12/install/share/gz/gz-sim/worlds/lights.sdf
-- Installing: /home/jrivero/code/my-agents.md/projects/ogre-migrator/ws/build-1.12/install/share/gz/gz-sim/worlds/linear_battery_demo.sdf
-- Installing: /home/jrivero/code/my-agents.md/projects/ogre-migrator/ws/build-1.12/install/share/gz/gz-sim/worlds/log_record_dbl_pendulum.sdf
-- Installing: /home/jrivero/code/my-agents.md/projects/ogre-migrator/ws/build-1.12/install/share/gz/gz-sim/worlds/log_record_keyboard.sdf
-- Installing: /home/jrivero/code/my-agents.md/projects/ogre-migrator/ws/build-1.12/install/share/gz/gz-sim/worlds/log_record_resources.sdf
-- Installing: /home/jrivero/code/my-agents.md/projects/ogre-migrator/ws/build-1.12/install/share/gz/gz-sim/worlds/log_record_shapes.sdf
-- Installing: /home/jrivero/code/my-agents.md/projects/ogre-migrator/ws/build-1.12/install/share/gz/gz-sim/worlds/logical_audio_sensor_plugin.sdf
-- Installing: /home/jrivero/code/my-agents.md/projects/ogre-migrator/ws/build-1.12/install/share/gz/gz-sim/worlds/logical_camera_sensor.sdf
-- Installing: /home/jrivero/code/my-agents.md/projects/ogre-migrator/ws/build-1.12/install/share/gz/gz-sim/worlds/lookup_wheel_slip.sdf
-- Installing: /home/jrivero/code/my-agents.md/projects/ogre-migrator/ws/build-1.12/install/share/gz/gz-sim/worlds/lrauv_control_demo.sdf
-- Installing: /home/jrivero/code/my-agents.md/projects/ogre-migrator/ws/build-1.12/install/share/gz/gz-sim/worlds/mecanum_drive.sdf
-- Installing: /home/jrivero/code/my-agents.md/projects/ogre-migrator/ws/build-1.12/install/share/gz/gz-sim/worlds/mimic_fast_slow_pendulums_world.sdf
-- Installing: /home/jrivero/code/my-agents.md/projects/ogre-migrator/ws/build-1.12/install/share/gz/gz-sim/worlds/minimal_scene.sdf
-- Installing: /home/jrivero/code/my-agents.md/projects/ogre-migrator/ws/build-1.12/install/share/gz/gz-sim/worlds/model_photo_shoot.sdf
-- Installing: /home/jrivero/code/my-agents.md/projects/ogre-migrator/ws/build-1.12/install/share/gz/gz-sim/worlds/multi_lrauv_race.sdf
-- Installing: /home/jrivero/code/my-agents.md/projects/ogre-migrator/ws/build-1.12/install/share/gz/gz-sim/worlds/multicopter_velocity_control.sdf
-- Installing: /home/jrivero/code/my-agents.md/projects/ogre-migrator/ws/build-1.12/install/share/gz/gz-sim/worlds/nested_model.sdf
-- Installing: /home/jrivero/code/my-agents.md/projects/ogre-migrator/ws/build-1.12/install/share/gz/gz-sim/worlds/nested_model_joint_positions.sdf
-- Installing: /home/jrivero/code/my-agents.md/projects/ogre-migrator/ws/build-1.12/install/share/gz/gz-sim/worlds/optical_tactile_sensor_plugin.sdf
-- Installing: /home/jrivero/code/my-agents.md/projects/ogre-migrator/ws/build-1.12/install/share/gz/gz-sim/worlds/particle_emitter.sdf
-- Installing: /home/jrivero/code/my-agents.md/projects/ogre-migrator/ws/build-1.12/install/share/gz/gz-sim/worlds/pendulum_links.sdf
-- Installing: /home/jrivero/code/my-agents.md/projects/ogre-migrator/ws/build-1.12/install/share/gz/gz-sim/worlds/perfect_comms.sdf
-- Installing: /home/jrivero/code/my-agents.md/projects/ogre-migrator/ws/build-1.12/install/share/gz/gz-sim/worlds/performer_detector.sdf
-- Installing: /home/jrivero/code/my-agents.md/projects/ogre-migrator/ws/build-1.12/install/share/gz/gz-sim/worlds/physics_options.sdf
-- Installing: /home/jrivero/code/my-agents.md/projects/ogre-migrator/ws/build-1.12/install/share/gz/gz-sim/worlds/plane_propeller_demo.sdf
-- Installing: /home/jrivero/code/my-agents.md/projects/ogre-migrator/ws/build-1.12/install/share/gz/gz-sim/worlds/plot_3d.sdf
-- Installing: /home/jrivero/code/my-agents.md/projects/ogre-migrator/ws/build-1.12/install/share/gz/gz-sim/worlds/polylines.sdf
-- Installing: /home/jrivero/code/my-agents.md/projects/ogre-migrator/ws/build-1.12/install/share/gz/gz-sim/worlds/pose_publisher.sdf
-- Installing: /home/jrivero/code/my-agents.md/projects/ogre-migrator/ws/build-1.12/install/share/gz/gz-sim/worlds/projector.sdf
-- Installing: /home/jrivero/code/my-agents.md/projects/ogre-migrator/ws/build-1.12/install/share/gz/gz-sim/worlds/python_system_loader.sdf
-- Installing: /home/jrivero/code/my-agents.md/projects/ogre-migrator/ws/build-1.12/install/share/gz/gz-sim/worlds/quadcopter.sdf
-- Installing: /home/jrivero/code/my-agents.md/projects/ogre-migrator/ws/build-1.12/install/share/gz/gz-sim/worlds/resource_spawner.sdf
-- Installing: /home/jrivero/code/my-agents.md/projects/ogre-migrator/ws/build-1.12/install/share/gz/gz-sim/worlds/rf_comms.sdf
-- Installing: /home/jrivero/code/my-agents.md/projects/ogre-migrator/ws/build-1.12/install/share/gz/gz-sim/worlds/rolling_shapes.sdf
-- Installing: /home/jrivero/code/my-agents.md/projects/ogre-migrator/ws/build-1.12/install/share/gz/gz-sim/worlds/segmentation_camera.sdf
-- Installing: /home/jrivero/code/my-agents.md/projects/ogre-migrator/ws/build-1.12/install/share/gz/gz-sim/worlds/sensors.sdf
-- Installing: /home/jrivero/code/my-agents.md/projects/ogre-migrator/ws/build-1.12/install/share/gz/gz-sim/worlds/sensors_demo.sdf
-- Installing: /home/jrivero/code/my-agents.md/projects/ogre-migrator/ws/build-1.12/install/share/gz/gz-sim/worlds/shader_param.sdf
-- Installing: /home/jrivero/code/my-agents.md/projects/ogre-migrator/ws/build-1.12/install/share/gz/gz-sim/worlds/shadow_texture_size.sdf
-- Installing: /home/jrivero/code/my-agents.md/projects/ogre-migrator/ws/build-1.12/install/share/gz/gz-sim/worlds/shapes.sdf
-- Installing: /home/jrivero/code/my-agents.md/projects/ogre-migrator/ws/build-1.12/install/share/gz/gz-sim/worlds/shapes_bitmask.sdf
-- Installing: /home/jrivero/code/my-agents.md/projects/ogre-migrator/ws/build-1.12/install/share/gz/gz-sim/worlds/skid_steer_mecanum.sdf
-- Installing: /home/jrivero/code/my-agents.md/projects/ogre-migrator/ws/build-1.12/install/share/gz/gz-sim/worlds/sky.sdf
-- Installing: /home/jrivero/code/my-agents.md/projects/ogre-migrator/ws/build-1.12/install/share/gz/gz-sim/worlds/spacecraft.sdf
-- Installing: /home/jrivero/code/my-agents.md/projects/ogre-migrator/ws/build-1.12/install/share/gz/gz-sim/worlds/spaces.sdf
-- Installing: /home/jrivero/code/my-agents.md/projects/ogre-migrator/ws/build-1.12/install/share/gz/gz-sim/worlds/spherical_coordinates.sdf
-- Installing: /home/jrivero/code/my-agents.md/projects/ogre-migrator/ws/build-1.12/install/share/gz/gz-sim/worlds/thermal_camera.sdf
-- Installing: /home/jrivero/code/my-agents.md/projects/ogre-migrator/ws/build-1.12/install/share/gz/gz-sim/worlds/touch_plugin.sdf
-- Installing: /home/jrivero/code/my-agents.md/projects/ogre-migrator/ws/build-1.12/install/share/gz/gz-sim/worlds/track_drive.sdf
-- Installing: /home/jrivero/code/my-agents.md/projects/ogre-migrator/ws/build-1.12/install/share/gz/gz-sim/worlds/tracked_vehicle_simple.sdf
-- Installing: /home/jrivero/code/my-agents.md/projects/ogre-migrator/ws/build-1.12/install/share/gz/gz-sim/worlds/trajectory_follower.sdf
-- Installing: /home/jrivero/code/my-agents.md/projects/ogre-migrator/ws/build-1.12/install/share/gz/gz-sim/worlds/triggered_camera_sensor.sdf
-- Installing: /home/jrivero/code/my-agents.md/projects/ogre-migrator/ws/build-1.12/install/share/gz/gz-sim/worlds/triggered_publisher.sdf
-- Installing: /home/jrivero/code/my-agents.md/projects/ogre-migrator/ws/build-1.12/install/share/gz/gz-sim/worlds/trisphere_cycle_wheel_slip.sdf
-- Installing: /home/jrivero/code/my-agents.md/projects/ogre-migrator/ws/build-1.12/install/share/gz/gz-sim/worlds/tunnel.sdf
-- Installing: /home/jrivero/code/my-agents.md/projects/ogre-migrator/ws/build-1.12/install/share/gz/gz-sim/worlds/velocity_control.sdf
-- Installing: /home/jrivero/code/my-agents.md/projects/ogre-migrator/ws/build-1.12/install/share/gz/gz-sim/worlds/video_record_dbl_pendulum.sdf
-- Installing: /home/jrivero/code/my-agents.md/projects/ogre-migrator/ws/build-1.12/install/share/gz/gz-sim/worlds/visibility.sdf
-- Installing: /home/jrivero/code/my-agents.md/projects/ogre-migrator/ws/build-1.12/install/share/gz/gz-sim/worlds/visualize_contacts.sdf
-- Installing: /home/jrivero/code/my-agents.md/projects/ogre-migrator/ws/build-1.12/install/share/gz/gz-sim/worlds/visualize_frustum.sdf
-- Installing: /home/jrivero/code/my-agents.md/projects/ogre-migrator/ws/build-1.12/install/share/gz/gz-sim/worlds/visualize_frustum_rgb_camera.sdf
-- Installing: /home/jrivero/code/my-agents.md/projects/ogre-migrator/ws/build-1.12/install/share/gz/gz-sim/worlds/visualize_lidar.sdf
-- Installing: /home/jrivero/code/my-agents.md/projects/ogre-migrator/ws/build-1.12/install/share/gz/gz-sim/worlds/wide_angle_camera.sdf
-- Installing: /home/jrivero/code/my-agents.md/projects/ogre-migrator/ws/build-1.12/install/share/gz/gz-sim/worlds/wind.sdf
-- Installing: /home/jrivero/code/my-agents.md/projects/ogre-migrator/ws/build-1.12/install/share/gz/gz-sim/worlds/world_joint.sdf
-- Installing: /home/jrivero/code/my-agents.md/projects/ogre-migrator/ws/build-1.12/install/share/gz/gz-sim/worlds/environmental_data.csv
-- Installing: /home/jrivero/code/my-agents.md/projects/ogre-migrator/ws/build-1.12/install/share/gz/gz-sim/worlds/thumbnails/OpenRobotics.NAO joint control.png
-- Installing: /home/jrivero/code/my-agents.md/projects/ogre-migrator/ws/build-1.12/install/share/gz/gz-sim/worlds/thumbnails/OpenRobotics.Panda joint control world.png
-- Installing: /home/jrivero/code/my-agents.md/projects/ogre-migrator/ws/build-1.12/install/share/gz/gz-sim/worlds/thumbnails/OpenRobotics.Prius on Sonoma Raceway.png
-- Installing: /home/jrivero/code/my-agents.md/projects/ogre-migrator/ws/build-1.12/install/share/gz/gz-sim/worlds/thumbnails/OpenRobotics.Quadcopter teleop.png
-- Installing: /home/jrivero/code/my-agents.md/projects/ogre-migrator/ws/build-1.12/install/share/gz/gz-sim/worlds/thumbnails/OpenRobotics.Tugbot in Warehouse.png
-- Installing: /home/jrivero/code/my-agents.md/projects/ogre-migrator/ws/build-1.12/install/share/gz/gz-sim/worlds/thumbnails/openrobotics.empty.png
-- Installing: /home/jrivero/code/my-agents.md/projects/ogre-migrator/ws/build-1.12/install/lib/python/gz/sim.cpython-312-x86_64-linux-gnu.so
-- Set non-toolchain portion of runtime path of "/home/jrivero/code/my-agents.md/projects/ogre-migrator/ws/build-1.12/install/lib/python/gz/sim.cpython-312-x86_64-linux-gnu.so" to ""
-- Installing: /home/jrivero/code/my-agents.md/projects/ogre-migrator/ws/build-1.12/install/lib/python/gz/common.cpython-312-x86_64-linux-gnu.so
---
--- stderr: gz-sim
lto-wrapper: warning: using serial compilation of 2 LTRANS jobs
lto-wrapper: note: see the ‘-flto’ option documentation for more information
In file included from /usr/include/pybind11/pybind11.h:16,
                 from /home/jrivero/code/my-agents.md/projects/ogre-migrator/ws/src/gz-sim/src/SimulationRunner.cc:25:
In destructor ‘pybind11::gil_scoped_release::~gil_scoped_release()’,
    inlined from ‘constexpr void std::_Optional_payload_base<_Tp>::_M_destroy() [with _Tp = pybind11::gil_scoped_release]’ at /usr/include/c++/13/optional:287:35,
    inlined from ‘constexpr void std::_Optional_payload_base<_Tp>::_M_reset() [with _Tp = pybind11::gil_scoped_release]’ at /usr/include/c++/13/optional:318:14,
    inlined from ‘std::_Optional_payload<_Tp, false, _Copy, _Move>::~_Optional_payload() [with _Tp = pybind11::gil_scoped_release; bool _Copy = false; bool _Move = false]’ at /usr/include/c++/13/optional:441:65,
    inlined from ‘std::_Optional_base<pybind11::gil_scoped_release, false, false>::~_Optional_base()’ at /usr/include/c++/13/optional:512:12,
    inlined from ‘std::optional<pybind11::gil_scoped_release>::~optional()’ at /usr/include/c++/13/optional:707:11,
    inlined from ‘{anonymous}::MaybeGilScopedRelease::~MaybeGilScopedRelease()’ at /home/jrivero/code/my-agents.md/projects/ogre-migrator/ws/src/gz-sim/src/SimulationRunner.cc:85:8,
    inlined from ‘{anonymous}::MaybeGilScopedRelease::~MaybeGilScopedRelease()’ at /home/jrivero/code/my-agents.md/projects/ogre-migrator/ws/src/gz-sim/src/SimulationRunner.cc:85:8,
    inlined from ‘void gz::sim::v11::SimulationRunner::UpdateSystems()’ at /home/jrivero/code/my-agents.md/projects/ogre-migrator/ws/src/gz-sim/src/SimulationRunner.cc:667:5:
/usr/include/pybind11/gil.h:171:33: warning: ‘*(pybind11::gil_scoped_release*)((char*)&release + offsetof(<unnamed>::MaybeGilScopedRelease, <unnamed>::MaybeGilScopedRelease::release.std::optional<pybind11::gil_scoped_release>::<unnamed>.std::_Optional_base<pybind11::gil_scoped_release, false, false>::<unnamed>)).pybind11::gil_scoped_release::tstate’ may be used uninitialized [-Wmaybe-uninitialized]
  171 |             PyEval_RestoreThread(tstate);
      |             ~~~~~~~~~~~~~~~~~~~~^~~~~~~~
/home/jrivero/code/my-agents.md/projects/ogre-migrator/ws/src/gz-sim/src/SimulationRunner.cc: In member function ‘void gz::sim::v11::SimulationRunner::UpdateSystems()’:
/home/jrivero/code/my-agents.md/projects/ogre-migrator/ws/src/gz-sim/src/SimulationRunner.cc:664:29: note: ‘*(pybind11::gil_scoped_release*)((char*)&release + offsetof(<unnamed>::MaybeGilScopedRelease, <unnamed>::MaybeGilScopedRelease::release.std::optional<pybind11::gil_scoped_release>::<unnamed>.std::_Optional_base<pybind11::gil_scoped_release, false, false>::<unnamed>)).pybind11::gil_scoped_release::tstate’ was declared here
  664 |       MaybeGilScopedRelease release;
      |                             ^~~~~~~
lto-wrapper: warning: using serial compilation of 9 LTRANS jobs
lto-wrapper: note: see the ‘-flto’ option documentation for more information
---
Finished <<< gz-sim [2min 28s]

Summary: 4 packages finished [3min 32s]
  2 packages had stderr output: gz-rendering gz-sim
