t_unix,device,r_iops,w_iops,r_mb_s,w_mb_s,util_pct
1777904935,loop0,0.00,0.00,0.000,0.000,0.00
1777904935,loop1,0.00,0.00,0.000,0.000,0.00
1777904935,loop10,0.00,0.00,0.000,0.000,0.00
1777904935,loop11,0.00,0.00,0.000,0.000,0.00
1777904935,loop12,0.00,0.00,0.000,0.000,0.00
1777904935,loop13,0.00,0.00,0.000,0.000,0.00
1777904935,loop14,0.00,0.00,0.000,0.000,0.00
1777904935,loop15,0.00,0.00,0.000,0.000,0.00
1777904935,loop16,0.00,0.00,0.000,0.000,0.00
1777904935,loop17,0.00,0.00,0.000,0.000,0.00
1777904935,loop18,0.00,0.00,0.000,0.000,0.00
1777904935,loop19,0.00,0.00,0.000,0.000,0.00
1777904935,loop2,0.00,0.00,0.000,0.000,0.00
1777904935,loop20,0.00,0.00,0.000,0.000,0.00
1777904935,loop21,0.00,0.00,0.000,0.000,0.00
1777904935,loop22,0.00,0.00,0.000,0.000,0.00
1777904935,loop23,0.00,0.00,0.000,0.000,0.00
1777904935,loop24,0.00,0.00,0.000,0.000,0.00
1777904935,loop25,0.00,0.00,0.000,0.000,0.00
1777904935,loop26,0.00,0.00,0.000,0.000,0.00
1777904935,loop27,0.00,0.00,0.000,0.000,0.00
1777904935,loop28,0.00,0.00,0.000,0.000,0.00
1777904935,loop29,0.00,0.00,0.000,0.000,0.00
1777904935,loop3,0.00,0.00,0.000,0.000,0.00
1777904935,loop30,0.00,0.00,0.000,0.000,0.00
1777904935,loop31,0.00,0.00,0.000,0.000,0.00
1777904935,loop32,0.00,0.00,0.000,0.000,0.00
1777904935,loop33,0.00,0.00,0.000,0.000,0.00
1777904935,loop34,0.00,0.00,0.000,0.000,0.00
1777904935,loop35,0.00,0.00,0.000,0.000,0.00
1777904935,loop36,0.00,0.00,0.000,0.000,0.00
1777904935,loop37,0.00,0.00,0.000,0.000,0.00
1777904935,loop38,0.00,0.00,0.000,0.000,0.00
1777904935,loop39,0.00,0.00,0.000,0.000,0.00
1777904935,loop4,0.00,0.00,0.000,0.000,0.00
1777904935,loop40,0.00,0.00,0.000,0.000,0.00
1777904935,loop5,0.00,0.00,0.000,0.000,0.00
1777904935,loop6,0.00,0.00,0.000,0.000,0.00
1777904935,loop7,0.00,0.00,0.000,0.000,0.00
1777904935,loop8,0.00,0.00,0.000,0.000,0.00
1777904935,loop9,0.00,0.00,0.000,0.000,0.00
1777904935,nvme0n1,1.00,52.00,0.000,0.000,1.10
1777904936,loop0,0.00,0.00,0.000,0.000,0.00
1777904936,loop1,0.00,0.00,0.000,0.000,0.00
1777904936,loop10,0.00,0.00,0.000,0.000,0.00
1777904936,loop11,0.00,0.00,0.000,0.000,0.00
1777904936,loop12,0.00,0.00,0.000,0.000,0.00
1777904936,loop13,0.00,0.00,0.000,0.000,0.00
1777904936,loop14,0.00,0.00,0.000,0.000,0.00
1777904936,loop15,0.00,0.00,0.000,0.000,0.00
1777904936,loop16,0.00,0.00,0.000,0.000,0.00
1777904936,loop17,0.00,0.00,0.000,0.000,0.00
1777904936,loop18,0.00,0.00,0.000,0.000,0.00
1777904936,loop19,0.00,0.00,0.000,0.000,0.00
1777904936,loop2,0.00,0.00,0.000,0.000,0.00
1777904936,loop20,0.00,0.00,0.000,0.000,0.00
1777904936,loop21,0.00,0.00,0.000,0.000,0.00
1777904936,loop22,0.00,0.00,0.000,0.000,0.00
1777904936,loop23,0.00,0.00,0.000,0.000,0.00
1777904936,loop24,0.00,0.00,0.000,0.000,0.00
1777904936,loop25,0.00,0.00,0.000,0.000,0.00
1777904936,loop26,0.00,0.00,0.000,0.000,0.00
1777904936,loop27,0.00,0.00,0.000,0.000,0.00
1777904936,loop28,0.00,0.00,0.000,0.000,0.00
1777904936,loop29,0.00,0.00,0.000,0.000,0.00
1777904936,loop3,0.00,0.00,0.000,0.000,0.00
1777904936,loop30,0.00,0.00,0.000,0.000,0.00
1777904936,loop31,0.00,0.00,0.000,0.000,0.00
1777904936,loop32,0.00,0.00,0.000,0.000,0.00
1777904936,loop33,0.00,0.00,0.000,0.000,0.00
1777904936,loop34,0.00,0.00,0.000,0.000,0.00
1777904936,loop35,0.00,0.00,0.000,0.000,0.00
1777904936,loop36,0.00,0.00,0.000,0.000,0.00
1777904936,loop37,0.00,0.00,0.000,0.000,0.00
1777904936,loop38,0.00,0.00,0.000,0.000,0.00
1777904936,loop39,0.00,0.00,0.000,0.000,0.00
1777904936,loop4,0.00,0.00,0.000,0.000,0.00
1777904936,loop40,0.00,0.00,0.000,0.000,0.00
1777904936,loop5,0.00,0.00,0.000,0.000,0.00
1777904936,loop6,0.00,0.00,0.000,0.000,0.00
1777904936,loop7,0.00,0.00,0.000,0.000,0.00
1777904936,loop8,0.00,0.00,0.000,0.000,0.00
1777904936,loop9,0.00,0.00,0.000,0.000,0.00
1777904936,nvme0n1,0.00,0.00,0.000,0.000,0.00
1777904937,loop0,0.00,0.00,0.000,0.000,0.00
1777904937,loop1,0.00,0.00,0.000,0.000,0.00
1777904937,loop10,0.00,0.00,0.000,0.000,0.00
1777904937,loop11,0.00,0.00,0.000,0.000,0.00
1777904937,loop12,0.00,0.00,0.000,0.000,0.00
1777904937,loop13,0.00,0.00,0.000,0.000,0.00
1777904937,loop14,0.00,0.00,0.000,0.000,0.00
1777904937,loop15,0.00,0.00,0.000,0.000,0.00
1777904937,loop16,0.00,0.00,0.000,0.000,0.00
1777904937,loop17,0.00,0.00,0.000,0.000,0.00
1777904937,loop18,0.00,0.00,0.000,0.000,0.00
1777904937,loop19,0.00,0.00,0.000,0.000,0.00
1777904937,loop2,0.00,0.00,0.000,0.000,0.00
1777904937,loop20,0.00,0.00,0.000,0.000,0.00
1777904937,loop21,0.00,0.00,0.000,0.000,0.00
1777904937,loop22,0.00,0.00,0.000,0.000,0.00
1777904937,loop23,0.00,0.00,0.000,0.000,0.00
1777904937,loop24,0.00,0.00,0.000,0.000,0.00
1777904937,loop25,0.00,0.00,0.000,0.000,0.00
1777904937,loop26,0.00,0.00,0.000,0.000,0.00
1777904937,loop27,0.00,0.00,0.000,0.000,0.00
1777904937,loop28,0.00,0.00,0.000,0.000,0.00
1777904937,loop29,0.00,0.00,0.000,0.000,0.00
1777904937,loop3,0.00,0.00,0.000,0.000,0.00
1777904937,loop30,0.00,0.00,0.000,0.000,0.00
1777904937,loop31,0.00,0.00,0.000,0.000,0.00
1777904937,loop32,0.00,0.00,0.000,0.000,0.00
1777904937,loop33,0.00,0.00,0.000,0.000,0.00
1777904937,loop34,0.00,0.00,0.000,0.000,0.00
1777904937,loop35,0.00,0.00,0.000,0.000,0.00
1777904937,loop36,0.00,0.00,0.000,0.000,0.00
1777904937,loop37,0.00,0.00,0.000,0.000,0.00
1777904937,loop38,0.00,0.00,0.000,0.000,0.00
1777904937,loop39,0.00,0.00,0.000,0.000,0.00
1777904937,loop4,0.00,0.00,0.000,0.000,0.00
1777904937,loop40,0.00,0.00,0.000,0.000,0.00
1777904937,loop5,0.00,0.00,0.000,0.000,0.00
1777904937,loop6,0.00,0.00,0.000,0.000,0.00
1777904937,loop7,0.00,0.00,0.000,0.000,0.00
1777904937,loop8,0.00,0.00,0.000,0.000,0.00
1777904937,loop9,0.00,0.00,0.000,0.000,0.00
1777904937,nvme0n1,0.00,0.00,0.000,0.000,5.60
1777904938,loop0,0.00,0.00,0.000,0.000,0.00
1777904938,loop1,0.00,0.00,0.000,0.000,0.00
1777904938,loop10,0.00,0.00,0.000,0.000,0.00
1777904938,loop11,0.00,0.00,0.000,0.000,0.00
1777904938,loop12,0.00,0.00,0.000,0.000,0.00
1777904938,loop13,0.00,0.00,0.000,0.000,0.00
1777904938,loop14,0.00,0.00,0.000,0.000,0.00
1777904938,loop15,0.00,0.00,0.000,0.000,0.00
1777904938,loop16,0.00,0.00,0.000,0.000,0.00
1777904938,loop17,0.00,0.00,0.000,0.000,0.00
1777904938,loop18,0.00,0.00,0.000,0.000,0.00
1777904938,loop19,0.00,0.00,0.000,0.000,0.00
1777904938,loop2,0.00,0.00,0.000,0.000,0.00
1777904938,loop20,0.00,0.00,0.000,0.000,0.00
1777904938,loop21,0.00,0.00,0.000,0.000,0.00
1777904938,loop22,0.00,0.00,0.000,0.000,0.00
1777904938,loop23,0.00,0.00,0.000,0.000,0.00
1777904938,loop24,0.00,0.00,0.000,0.000,0.00
1777904938,loop25,0.00,0.00,0.000,0.000,0.00
1777904938,loop26,0.00,0.00,0.000,0.000,0.00
1777904938,loop27,0.00,0.00,0.000,0.000,0.00
1777904938,loop28,0.00,0.00,0.000,0.000,0.00
1777904938,loop29,0.00,0.00,0.000,0.000,0.00
1777904938,loop3,0.00,0.00,0.000,0.000,0.00
1777904938,loop30,0.00,0.00,0.000,0.000,0.00
1777904938,loop31,0.00,0.00,0.000,0.000,0.00
1777904938,loop32,0.00,0.00,0.000,0.000,0.00
1777904938,loop33,0.00,0.00,0.000,0.000,0.00
1777904938,loop34,0.00,0.00,0.000,0.000,0.00
1777904938,loop35,0.00,0.00,0.000,0.000,0.00
1777904938,loop36,0.00,0.00,0.000,0.000,0.00
1777904938,loop37,0.00,0.00,0.000,0.000,0.00
1777904938,loop38,0.00,0.00,0.000,0.000,0.00
1777904938,loop39,0.00,0.00,0.000,0.000,0.00
1777904938,loop4,0.00,0.00,0.000,0.000,0.00
1777904938,loop40,0.00,0.00,0.000,0.000,0.00
1777904938,loop5,0.00,0.00,0.000,0.000,0.00
1777904938,loop6,0.00,0.00,0.000,0.000,0.00
1777904938,loop7,0.00,0.00,0.000,0.000,0.00
1777904938,loop8,0.00,0.00,0.000,0.000,0.00
1777904938,loop9,0.00,0.00,0.000,0.000,0.00
1777904938,nvme0n1,0.00,0.00,0.000,0.000,0.00
1777904939,loop0,0.00,0.00,0.000,0.000,0.00
1777904939,loop1,0.00,0.00,0.000,0.000,0.00
1777904939,loop10,0.00,0.00,0.000,0.000,0.00
1777904939,loop11,0.00,0.00,0.000,0.000,0.00
1777904939,loop12,0.00,0.00,0.000,0.000,0.00
1777904939,loop13,0.00,0.00,0.000,0.000,0.00
1777904939,loop14,0.00,0.00,0.000,0.000,0.00
1777904939,loop15,0.00,0.00,0.000,0.000,0.00
1777904939,loop16,0.00,0.00,0.000,0.000,0.00
1777904939,loop17,0.00,0.00,0.000,0.000,0.00
1777904939,loop18,0.00,0.00,0.000,0.000,0.00
1777904939,loop19,0.00,0.00,0.000,0.000,0.00
1777904939,loop2,0.00,0.00,0.000,0.000,0.00
1777904939,loop20,0.00,0.00,0.000,0.000,0.00
1777904939,loop21,0.00,0.00,0.000,0.000,0.00
1777904939,loop22,0.00,0.00,0.000,0.000,0.00
1777904939,loop23,0.00,0.00,0.000,0.000,0.00
1777904939,loop24,0.00,0.00,0.000,0.000,0.00
1777904939,loop25,0.00,0.00,0.000,0.000,0.00
1777904939,loop26,0.00,0.00,0.000,0.000,0.00
1777904939,loop27,0.00,0.00,0.000,0.000,0.00
1777904939,loop28,0.00,0.00,0.000,0.000,0.00
1777904939,loop29,0.00,0.00,0.000,0.000,0.00
1777904939,loop3,0.00,0.00,0.000,0.000,0.00
1777904939,loop30,0.00,0.00,0.000,0.000,0.00
1777904939,loop31,0.00,0.00,0.000,0.000,0.00
1777904939,loop32,0.00,0.00,0.000,0.000,0.00
1777904939,loop33,0.00,0.00,0.000,0.000,0.00
1777904939,loop34,0.00,0.00,0.000,0.000,0.00
1777904939,loop35,0.00,0.00,0.000,0.000,0.00
1777904939,loop36,0.00,0.00,0.000,0.000,0.00
1777904939,loop37,0.00,0.00,0.000,0.000,0.00
1777904939,loop38,0.00,0.00,0.000,0.000,0.00
1777904939,loop39,0.00,0.00,0.000,0.000,0.00
1777904939,loop4,0.00,0.00,0.000,0.000,0.00
1777904939,loop40,0.00,0.00,0.000,0.000,0.00
1777904939,loop5,0.00,0.00,0.000,0.000,0.00
1777904939,loop6,0.00,0.00,0.000,0.000,0.00
1777904939,loop7,0.00,0.00,0.000,0.000,0.00
1777904939,loop8,0.00,0.00,0.000,0.000,0.00
1777904939,loop9,0.00,0.00,0.000,0.000,0.00
1777904939,nvme0n1,0.00,0.00,0.000,0.000,0.30
1777904940,loop0,0.00,0.00,0.000,0.000,0.00
1777904940,loop1,0.00,0.00,0.000,0.000,0.00
1777904940,loop10,0.00,0.00,0.000,0.000,0.00
1777904940,loop11,0.00,0.00,0.000,0.000,0.00
1777904940,loop12,0.00,0.00,0.000,0.000,0.00
1777904940,loop13,0.00,0.00,0.000,0.000,0.00
1777904940,loop14,0.00,0.00,0.000,0.000,0.00
1777904940,loop15,0.00,0.00,0.000,0.000,0.00
1777904940,loop16,0.00,0.00,0.000,0.000,0.00
1777904940,loop17,0.00,0.00,0.000,0.000,0.00
1777904940,loop18,0.00,0.00,0.000,0.000,0.00
1777904940,loop19,0.00,0.00,0.000,0.000,0.00
1777904940,loop2,0.00,0.00,0.000,0.000,0.00
1777904940,loop20,0.00,0.00,0.000,0.000,0.00
1777904940,loop21,0.00,0.00,0.000,0.000,0.00
1777904940,loop22,0.00,0.00,0.000,0.000,0.00
1777904940,loop23,0.00,0.00,0.000,0.000,0.00
1777904940,loop24,0.00,0.00,0.000,0.000,0.00
1777904940,loop25,0.00,0.00,0.000,0.000,0.00
1777904940,loop26,0.00,0.00,0.000,0.000,0.00
1777904940,loop27,0.00,0.00,0.000,0.000,0.00
1777904940,loop28,0.00,0.00,0.000,0.000,0.00
1777904940,loop29,0.00,0.00,0.000,0.000,0.00
1777904940,loop3,0.00,0.00,0.000,0.000,0.00
1777904940,loop30,0.00,0.00,0.000,0.000,0.00
1777904940,loop31,0.00,0.00,0.000,0.000,0.00
1777904940,loop32,0.00,0.00,0.000,0.000,0.00
1777904940,loop33,0.00,0.00,0.000,0.000,0.00
1777904940,loop34,0.00,0.00,0.000,0.000,0.00
1777904940,loop35,0.00,0.00,0.000,0.000,0.00
1777904940,loop36,0.00,0.00,0.000,0.000,0.00
1777904940,loop37,0.00,0.00,0.000,0.000,0.00
1777904940,loop38,0.00,0.00,0.000,0.000,0.00
1777904940,loop39,0.00,0.00,0.000,0.000,0.00
1777904940,loop4,0.00,0.00,0.000,0.000,0.00
1777904940,loop40,0.00,0.00,0.000,0.000,0.00
1777904940,loop5,0.00,0.00,0.000,0.000,0.00
1777904940,loop6,0.00,0.00,0.000,0.000,0.00
1777904940,loop7,0.00,0.00,0.000,0.000,0.00
1777904940,loop8,0.00,0.00,0.000,0.000,0.00
1777904940,loop9,0.00,0.00,0.000,0.000,0.00
1777904940,nvme0n1,0.00,0.00,0.000,0.000,1.00
1777904941,loop0,0.00,0.00,0.000,0.000,0.00
1777904941,loop1,0.00,0.00,0.000,0.000,0.00
1777904941,loop10,0.00,0.00,0.000,0.000,0.00
1777904941,loop11,0.00,0.00,0.000,0.000,0.00
1777904941,loop12,0.00,0.00,0.000,0.000,0.00
1777904941,loop13,0.00,0.00,0.000,0.000,0.00
1777904941,loop14,0.00,0.00,0.000,0.000,0.00
1777904941,loop15,0.00,0.00,0.000,0.000,0.00
1777904941,loop16,0.00,0.00,0.000,0.000,0.00
1777904941,loop17,0.00,0.00,0.000,0.000,0.00
1777904941,loop18,0.00,0.00,0.000,0.000,0.00
1777904941,loop19,0.00,0.00,0.000,0.000,0.00
1777904941,loop2,0.00,0.00,0.000,0.000,0.00
1777904941,loop20,0.00,0.00,0.000,0.000,0.00
1777904941,loop21,0.00,0.00,0.000,0.000,0.00
1777904941,loop22,0.00,0.00,0.000,0.000,0.00
1777904941,loop23,0.00,0.00,0.000,0.000,0.00
1777904941,loop24,0.00,0.00,0.000,0.000,0.00
1777904941,loop25,0.00,0.00,0.000,0.000,0.00
1777904941,loop26,0.00,0.00,0.000,0.000,0.00
1777904941,loop27,0.00,0.00,0.000,0.000,0.00
1777904941,loop28,0.00,0.00,0.000,0.000,0.00
1777904941,loop29,0.00,0.00,0.000,0.000,0.00
1777904941,loop3,0.00,0.00,0.000,0.000,0.00
1777904941,loop30,0.00,0.00,0.000,0.000,0.00
1777904941,loop31,0.00,0.00,0.000,0.000,0.00
1777904941,loop32,0.00,0.00,0.000,0.000,0.00
1777904941,loop33,0.00,0.00,0.000,0.000,0.00
1777904941,loop34,0.00,0.00,0.000,0.000,0.00
1777904941,loop35,0.00,0.00,0.000,0.000,0.00
1777904941,loop36,0.00,0.00,0.000,0.000,0.00
1777904941,loop37,0.00,0.00,0.000,0.000,0.00
1777904941,loop38,0.00,0.00,0.000,0.000,0.00
1777904941,loop39,0.00,0.00,0.000,0.000,0.00
1777904941,loop4,0.00,0.00,0.000,0.000,0.00
1777904941,loop40,0.00,0.00,0.000,0.000,0.00
1777904941,loop5,0.00,0.00,0.000,0.000,0.00
1777904941,loop6,0.00,0.00,0.000,0.000,0.00
1777904941,loop7,0.00,0.00,0.000,0.000,0.00
1777904941,loop8,0.00,0.00,0.000,0.000,0.00
1777904941,loop9,0.00,0.00,0.000,0.000,0.00
1777904941,nvme0n1,2.00,8.00,0.000,0.000,0.20
1777904942,loop0,0.00,0.00,0.000,0.000,0.00
1777904942,loop1,0.00,0.00,0.000,0.000,0.00
1777904942,loop10,0.00,0.00,0.000,0.000,0.00
1777904942,loop11,0.00,0.00,0.000,0.000,0.00
1777904942,loop12,0.00,0.00,0.000,0.000,0.00
1777904942,loop13,0.00,0.00,0.000,0.000,0.00
1777904942,loop14,0.00,0.00,0.000,0.000,0.00
1777904942,loop15,0.00,0.00,0.000,0.000,0.00
1777904942,loop16,0.00,0.00,0.000,0.000,0.00
1777904942,loop17,0.00,0.00,0.000,0.000,0.00
1777904942,loop18,0.00,0.00,0.000,0.000,0.00
1777904942,loop19,0.00,0.00,0.000,0.000,0.00
1777904942,loop2,0.00,0.00,0.000,0.000,0.00
1777904942,loop20,0.00,0.00,0.000,0.000,0.00
1777904942,loop21,0.00,0.00,0.000,0.000,0.00
1777904942,loop22,0.00,0.00,0.000,0.000,0.00
1777904942,loop23,0.00,0.00,0.000,0.000,0.00
1777904942,loop24,0.00,0.00,0.000,0.000,0.00
1777904942,loop25,0.00,0.00,0.000,0.000,0.00
1777904942,loop26,0.00,0.00,0.000,0.000,0.00
1777904942,loop27,0.00,0.00,0.000,0.000,0.00
1777904942,loop28,0.00,0.00,0.000,0.000,0.00
1777904942,loop29,0.00,0.00,0.000,0.000,0.00
1777904942,loop3,0.00,0.00,0.000,0.000,0.00
1777904942,loop30,0.00,0.00,0.000,0.000,0.00
1777904942,loop31,0.00,0.00,0.000,0.000,0.00
1777904942,loop32,0.00,0.00,0.000,0.000,0.00
1777904942,loop33,0.00,0.00,0.000,0.000,0.00
1777904942,loop34,0.00,0.00,0.000,0.000,0.00
1777904942,loop35,0.00,0.00,0.000,0.000,0.00
1777904942,loop36,0.00,0.00,0.000,0.000,0.00
1777904942,loop37,0.00,0.00,0.000,0.000,0.00
1777904942,loop38,0.00,0.00,0.000,0.000,0.00
1777904942,loop39,0.00,0.00,0.000,0.000,0.00
1777904942,loop4,0.00,0.00,0.000,0.000,0.00
1777904942,loop40,0.00,0.00,0.000,0.000,0.00
1777904942,loop5,0.00,0.00,0.000,0.000,0.00
1777904942,loop6,0.00,0.00,0.000,0.000,0.00
1777904942,loop7,0.00,0.00,0.000,0.000,0.00
1777904942,loop8,0.00,0.00,0.000,0.000,0.00
1777904942,loop9,0.00,0.00,0.000,0.000,0.00
1777904942,nvme0n1,0.00,0.00,0.000,0.000,0.00
1777904943,loop0,0.00,0.00,0.000,0.000,0.00
1777904943,loop1,0.00,0.00,0.000,0.000,0.00
1777904943,loop10,0.00,0.00,0.000,0.000,0.00
1777904943,loop11,0.00,0.00,0.000,0.000,0.00
1777904943,loop12,0.00,0.00,0.000,0.000,0.00
1777904943,loop13,0.00,0.00,0.000,0.000,0.00
1777904943,loop14,0.00,0.00,0.000,0.000,0.00
1777904943,loop15,0.00,0.00,0.000,0.000,0.00
1777904943,loop16,0.00,0.00,0.000,0.000,0.00
1777904943,loop17,0.00,0.00,0.000,0.000,0.00
1777904943,loop18,0.00,0.00,0.000,0.000,0.00
1777904943,loop19,0.00,0.00,0.000,0.000,0.00
1777904943,loop2,0.00,0.00,0.000,0.000,0.00
1777904943,loop20,0.00,0.00,0.000,0.000,0.00
1777904943,loop21,0.00,0.00,0.000,0.000,0.00
1777904943,loop22,0.00,0.00,0.000,0.000,0.00
1777904943,loop23,0.00,0.00,0.000,0.000,0.00
1777904943,loop24,0.00,0.00,0.000,0.000,0.00
1777904943,loop25,0.00,0.00,0.000,0.000,0.00
1777904943,loop26,0.00,0.00,0.000,0.000,0.00
1777904943,loop27,0.00,0.00,0.000,0.000,0.00
1777904943,loop28,0.00,0.00,0.000,0.000,0.00
1777904943,loop29,0.00,0.00,0.000,0.000,0.00
1777904943,loop3,0.00,0.00,0.000,0.000,0.00
1777904943,loop30,0.00,0.00,0.000,0.000,0.00
1777904943,loop31,0.00,0.00,0.000,0.000,0.00
1777904943,loop32,0.00,0.00,0.000,0.000,0.00
1777904943,loop33,0.00,0.00,0.000,0.000,0.00
1777904943,loop34,0.00,0.00,0.000,0.000,0.00
1777904943,loop35,0.00,0.00,0.000,0.000,0.00
1777904943,loop36,0.00,0.00,0.000,0.000,0.00
1777904943,loop37,0.00,0.00,0.000,0.000,0.00
1777904943,loop38,0.00,0.00,0.000,0.000,0.00
1777904943,loop39,0.00,0.00,0.000,0.000,0.00
1777904943,loop4,0.00,0.00,0.000,0.000,0.00
1777904943,loop40,0.00,0.00,0.000,0.000,0.00
1777904943,loop5,0.00,0.00,0.000,0.000,0.00
1777904943,loop6,0.00,0.00,0.000,0.000,0.00
1777904943,loop7,0.00,0.00,0.000,0.000,0.00
1777904943,loop8,0.00,0.00,0.000,0.000,0.00
1777904943,loop9,0.00,0.00,0.000,0.000,0.00
1777904943,nvme0n1,0.00,0.00,0.000,0.000,0.00
1777904944,loop0,0.00,0.00,0.000,0.000,0.00
1777904944,loop1,0.00,0.00,0.000,0.000,0.00
1777904944,loop10,0.00,0.00,0.000,0.000,0.00
1777904944,loop11,0.00,0.00,0.000,0.000,0.00
1777904944,loop12,0.00,0.00,0.000,0.000,0.00
1777904944,loop13,0.00,0.00,0.000,0.000,0.00
1777904944,loop14,0.00,0.00,0.000,0.000,0.00
1777904944,loop15,0.00,0.00,0.000,0.000,0.00
1777904944,loop16,0.00,0.00,0.000,0.000,0.00
1777904944,loop17,0.00,0.00,0.000,0.000,0.00
1777904944,loop18,0.00,0.00,0.000,0.000,0.00
1777904944,loop19,0.00,0.00,0.000,0.000,0.00
1777904944,loop2,0.00,0.00,0.000,0.000,0.00
1777904944,loop20,0.00,0.00,0.000,0.000,0.00
1777904944,loop21,0.00,0.00,0.000,0.000,0.00
1777904944,loop22,0.00,0.00,0.000,0.000,0.00
1777904944,loop23,0.00,0.00,0.000,0.000,0.00
1777904944,loop24,0.00,0.00,0.000,0.000,0.00
1777904944,loop25,0.00,0.00,0.000,0.000,0.00
1777904944,loop26,0.00,0.00,0.000,0.000,0.00
1777904944,loop27,0.00,0.00,0.000,0.000,0.00
1777904944,loop28,0.00,0.00,0.000,0.000,0.00
1777904944,loop29,0.00,0.00,0.000,0.000,0.00
1777904944,loop3,0.00,0.00,0.000,0.000,0.00
1777904944,loop30,0.00,0.00,0.000,0.000,0.00
1777904944,loop31,0.00,0.00,0.000,0.000,0.00
1777904944,loop32,0.00,0.00,0.000,0.000,0.00
1777904944,loop33,0.00,0.00,0.000,0.000,0.00
1777904944,loop34,0.00,0.00,0.000,0.000,0.00
1777904944,loop35,0.00,0.00,0.000,0.000,0.00
1777904944,loop36,0.00,0.00,0.000,0.000,0.00
1777904944,loop37,0.00,0.00,0.000,0.000,0.00
1777904944,loop38,0.00,0.00,0.000,0.000,0.00
1777904944,loop39,0.00,0.00,0.000,0.000,0.00
1777904944,loop4,0.00,0.00,0.000,0.000,0.00
1777904944,loop40,0.00,0.00,0.000,0.000,0.00
1777904944,loop5,0.00,0.00,0.000,0.000,0.00
1777904944,loop6,0.00,0.00,0.000,0.000,0.00
1777904944,loop7,0.00,0.00,0.000,0.000,0.00
1777904944,loop8,0.00,0.00,0.000,0.000,0.00
1777904944,loop9,0.00,0.00,0.000,0.000,0.00
1777904944,nvme0n1,0.00,0.00,0.000,0.000,5.80
1777904945,loop0,0.00,0.00,0.000,0.000,0.00
1777904945,loop1,0.00,0.00,0.000,0.000,0.00
1777904945,loop10,0.00,0.00,0.000,0.000,0.00
1777904945,loop11,0.00,0.00,0.000,0.000,0.00
1777904945,loop12,0.00,0.00,0.000,0.000,0.00
1777904945,loop13,0.00,0.00,0.000,0.000,0.00
1777904945,loop14,0.00,0.00,0.000,0.000,0.00
1777904945,loop15,0.00,0.00,0.000,0.000,0.00
1777904945,loop16,0.00,0.00,0.000,0.000,0.00
1777904945,loop17,0.00,0.00,0.000,0.000,0.00
1777904945,loop18,0.00,0.00,0.000,0.000,0.00
1777904945,loop19,0.00,0.00,0.000,0.000,0.00
1777904945,loop2,0.00,0.00,0.000,0.000,0.00
1777904945,loop20,0.00,0.00,0.000,0.000,0.00
1777904945,loop21,0.00,0.00,0.000,0.000,0.00
1777904945,loop22,0.00,0.00,0.000,0.000,0.00
1777904945,loop23,0.00,0.00,0.000,0.000,0.00
1777904945,loop24,0.00,0.00,0.000,0.000,0.00
1777904945,loop25,0.00,0.00,0.000,0.000,0.00
1777904945,loop26,0.00,0.00,0.000,0.000,0.00
1777904945,loop27,0.00,0.00,0.000,0.000,0.00
1777904945,loop28,0.00,0.00,0.000,0.000,0.00
1777904945,loop29,0.00,0.00,0.000,0.000,0.00
1777904945,loop3,0.00,0.00,0.000,0.000,0.00
1777904945,loop30,0.00,0.00,0.000,0.000,0.00
1777904945,loop31,0.00,0.00,0.000,0.000,0.00
1777904945,loop32,0.00,0.00,0.000,0.000,0.00
1777904945,loop33,0.00,0.00,0.000,0.000,0.00
1777904945,loop34,0.00,0.00,0.000,0.000,0.00
1777904945,loop35,0.00,0.00,0.000,0.000,0.00
1777904945,loop36,0.00,0.00,0.000,0.000,0.00
1777904945,loop37,0.00,0.00,0.000,0.000,0.00
1777904945,loop38,0.00,0.00,0.000,0.000,0.00
1777904945,loop39,0.00,0.00,0.000,0.000,0.00
1777904945,loop4,0.00,0.00,0.000,0.000,0.00
1777904945,loop40,0.00,0.00,0.000,0.000,0.00
1777904945,loop5,0.00,0.00,0.000,0.000,0.00
1777904945,loop6,0.00,0.00,0.000,0.000,0.00
1777904945,loop7,0.00,0.00,0.000,0.000,0.00
1777904945,loop8,0.00,0.00,0.000,0.000,0.00
1777904945,loop9,0.00,0.00,0.000,0.000,0.00
1777904945,nvme0n1,4.00,44.00,0.000,0.000,1.20
1777904946,loop0,0.00,0.00,0.000,0.000,0.00
1777904946,loop1,0.00,0.00,0.000,0.000,0.00
1777904946,loop10,0.00,0.00,0.000,0.000,0.00
1777904946,loop11,0.00,0.00,0.000,0.000,0.00
1777904946,loop12,0.00,0.00,0.000,0.000,0.00
1777904946,loop13,0.00,0.00,0.000,0.000,0.00
1777904946,loop14,0.00,0.00,0.000,0.000,0.00
1777904946,loop15,0.00,0.00,0.000,0.000,0.00
1777904946,loop16,0.00,0.00,0.000,0.000,0.00
1777904946,loop17,0.00,0.00,0.000,0.000,0.00
1777904946,loop18,0.00,0.00,0.000,0.000,0.00
1777904946,loop19,0.00,0.00,0.000,0.000,0.00
1777904946,loop2,0.00,0.00,0.000,0.000,0.00
1777904946,loop20,0.00,0.00,0.000,0.000,0.00
1777904946,loop21,0.00,0.00,0.000,0.000,0.00
1777904946,loop22,0.00,0.00,0.000,0.000,0.00
1777904946,loop23,0.00,0.00,0.000,0.000,0.00
1777904946,loop24,0.00,0.00,0.000,0.000,0.00
1777904946,loop25,0.00,0.00,0.000,0.000,0.00
1777904946,loop26,0.00,0.00,0.000,0.000,0.00
1777904946,loop27,0.00,0.00,0.000,0.000,0.00
1777904946,loop28,0.00,0.00,0.000,0.000,0.00
1777904946,loop29,0.00,0.00,0.000,0.000,0.00
1777904946,loop3,0.00,0.00,0.000,0.000,0.00
1777904946,loop30,0.00,0.00,0.000,0.000,0.00
1777904946,loop31,0.00,0.00,0.000,0.000,0.00
1777904946,loop32,0.00,0.00,0.000,0.000,0.00
1777904946,loop33,0.00,0.00,0.000,0.000,0.00
1777904946,loop34,0.00,0.00,0.000,0.000,0.00
1777904946,loop35,0.00,0.00,0.000,0.000,0.00
1777904946,loop36,0.00,0.00,0.000,0.000,0.00
1777904946,loop37,0.00,0.00,0.000,0.000,0.00
1777904946,loop38,0.00,0.00,0.000,0.000,0.00
1777904946,loop39,0.00,0.00,0.000,0.000,0.00
1777904946,loop4,0.00,0.00,0.000,0.000,0.00
1777904946,loop40,0.00,0.00,0.000,0.000,0.00
1777904946,loop5,0.00,0.00,0.000,0.000,0.00
1777904946,loop6,0.00,0.00,0.000,0.000,0.00
1777904946,loop7,0.00,0.00,0.000,0.000,0.00
1777904946,loop8,0.00,0.00,0.000,0.000,0.00
1777904946,loop9,0.00,0.00,0.000,0.000,0.00
1777904946,nvme0n1,0.00,0.00,0.000,0.000,0.70
1777904947,loop0,0.00,0.00,0.000,0.000,0.00
1777904947,loop1,0.00,0.00,0.000,0.000,0.00
1777904947,loop10,0.00,0.00,0.000,0.000,0.00
1777904947,loop11,0.00,0.00,0.000,0.000,0.00
1777904947,loop12,0.00,0.00,0.000,0.000,0.00
1777904947,loop13,0.00,0.00,0.000,0.000,0.00
1777904947,loop14,0.00,0.00,0.000,0.000,0.00
1777904947,loop15,0.00,0.00,0.000,0.000,0.00
1777904947,loop16,0.00,0.00,0.000,0.000,0.00
1777904947,loop17,0.00,0.00,0.000,0.000,0.00
1777904947,loop18,0.00,0.00,0.000,0.000,0.00
1777904947,loop19,0.00,0.00,0.000,0.000,0.00
1777904947,loop2,0.00,0.00,0.000,0.000,0.00
1777904947,loop20,0.00,0.00,0.000,0.000,0.00
1777904947,loop21,0.00,0.00,0.000,0.000,0.00
1777904947,loop22,0.00,0.00,0.000,0.000,0.00
1777904947,loop23,0.00,0.00,0.000,0.000,0.00
1777904947,loop24,0.00,0.00,0.000,0.000,0.00
1777904947,loop25,0.00,0.00,0.000,0.000,0.00
1777904947,loop26,0.00,0.00,0.000,0.000,0.00
1777904947,loop27,0.00,0.00,0.000,0.000,0.00
1777904947,loop28,0.00,0.00,0.000,0.000,0.00
1777904947,loop29,0.00,0.00,0.000,0.000,0.00
1777904947,loop3,0.00,0.00,0.000,0.000,0.00
1777904947,loop30,0.00,0.00,0.000,0.000,0.00
1777904947,loop31,0.00,0.00,0.000,0.000,0.00
1777904947,loop32,0.00,0.00,0.000,0.000,0.00
1777904947,loop33,0.00,0.00,0.000,0.000,0.00
1777904947,loop34,0.00,0.00,0.000,0.000,0.00
1777904947,loop35,0.00,0.00,0.000,0.000,0.00
1777904947,loop36,0.00,0.00,0.000,0.000,0.00
1777904947,loop37,0.00,0.00,0.000,0.000,0.00
1777904947,loop38,0.00,0.00,0.000,0.000,0.00
1777904947,loop39,0.00,0.00,0.000,0.000,0.00
1777904947,loop4,0.00,0.00,0.000,0.000,0.00
1777904947,loop40,0.00,0.00,0.000,0.000,0.00
1777904947,loop5,0.00,0.00,0.000,0.000,0.00
1777904947,loop6,0.00,0.00,0.000,0.000,0.00
1777904947,loop7,0.00,0.00,0.000,0.000,0.00
1777904947,loop8,0.00,0.00,0.000,0.000,0.00
1777904947,loop9,0.00,0.00,0.000,0.000,0.00
1777904947,nvme0n1,0.00,0.00,0.000,0.000,0.10
1777904948,loop0,0.00,0.00,0.000,0.000,0.00
1777904948,loop1,0.00,0.00,0.000,0.000,0.00
1777904948,loop10,0.00,0.00,0.000,0.000,0.00
1777904948,loop11,0.00,0.00,0.000,0.000,0.00
1777904948,loop12,0.00,0.00,0.000,0.000,0.00
1777904948,loop13,0.00,0.00,0.000,0.000,0.00
1777904948,loop14,0.00,0.00,0.000,0.000,0.00
1777904948,loop15,0.00,0.00,0.000,0.000,0.00
1777904948,loop16,0.00,0.00,0.000,0.000,0.00
1777904948,loop17,0.00,0.00,0.000,0.000,0.00
1777904948,loop18,0.00,0.00,0.000,0.000,0.00
1777904948,loop19,0.00,0.00,0.000,0.000,0.00
1777904948,loop2,0.00,0.00,0.000,0.000,0.00
1777904948,loop20,0.00,0.00,0.000,0.000,0.00
1777904948,loop21,0.00,0.00,0.000,0.000,0.00
1777904948,loop22,0.00,0.00,0.000,0.000,0.00
1777904948,loop23,0.00,0.00,0.000,0.000,0.00
1777904948,loop24,0.00,0.00,0.000,0.000,0.00
1777904948,loop25,0.00,0.00,0.000,0.000,0.00
1777904948,loop26,0.00,0.00,0.000,0.000,0.00
1777904948,loop27,0.00,0.00,0.000,0.000,0.00
1777904948,loop28,0.00,0.00,0.000,0.000,0.00
1777904948,loop29,0.00,0.00,0.000,0.000,0.00
1777904948,loop3,0.00,0.00,0.000,0.000,0.00
1777904948,loop30,0.00,0.00,0.000,0.000,0.00
1777904948,loop31,0.00,0.00,0.000,0.000,0.00
1777904948,loop32,0.00,0.00,0.000,0.000,0.00
1777904948,loop33,0.00,0.00,0.000,0.000,0.00
1777904948,loop34,0.00,0.00,0.000,0.000,0.00
1777904948,loop35,0.00,0.00,0.000,0.000,0.00
1777904948,loop36,0.00,0.00,0.000,0.000,0.00
1777904948,loop37,0.00,0.00,0.000,0.000,0.00
1777904948,loop38,0.00,0.00,0.000,0.000,0.00
1777904948,loop39,0.00,0.00,0.000,0.000,0.00
1777904948,loop4,0.00,0.00,0.000,0.000,0.00
1777904948,loop40,0.00,0.00,0.000,0.000,0.00
1777904948,loop5,0.00,0.00,0.000,0.000,0.00
1777904948,loop6,0.00,0.00,0.000,0.000,0.00
1777904948,loop7,0.00,0.00,0.000,0.000,0.00
1777904948,loop8,0.00,0.00,0.000,0.000,0.00
1777904948,loop9,0.00,0.00,0.000,0.000,0.00
1777904948,nvme0n1,4.00,100.00,0.000,0.000,0.80
1777904949,loop0,0.00,0.00,0.000,0.000,0.00
1777904949,loop1,0.00,0.00,0.000,0.000,0.00
1777904949,loop10,0.00,0.00,0.000,0.000,0.00
1777904949,loop11,0.00,0.00,0.000,0.000,0.00
1777904949,loop12,0.00,0.00,0.000,0.000,0.00
1777904949,loop13,0.00,0.00,0.000,0.000,0.00
1777904949,loop14,0.00,0.00,0.000,0.000,0.00
1777904949,loop15,0.00,0.00,0.000,0.000,0.00
1777904949,loop16,0.00,0.00,0.000,0.000,0.00
1777904949,loop17,0.00,0.00,0.000,0.000,0.00
1777904949,loop18,0.00,0.00,0.000,0.000,0.00
1777904949,loop19,0.00,0.00,0.000,0.000,0.00
1777904949,loop2,0.00,0.00,0.000,0.000,0.00
1777904949,loop20,0.00,0.00,0.000,0.000,0.00
1777904949,loop21,0.00,0.00,0.000,0.000,0.00
1777904949,loop22,0.00,0.00,0.000,0.000,0.00
1777904949,loop23,0.00,0.00,0.000,0.000,0.00
1777904949,loop24,0.00,0.00,0.000,0.000,0.00
1777904949,loop25,0.00,0.00,0.000,0.000,0.00
1777904949,loop26,0.00,0.00,0.000,0.000,0.00
1777904949,loop27,0.00,0.00,0.000,0.000,0.00
1777904949,loop28,0.00,0.00,0.000,0.000,0.00
1777904949,loop29,0.00,0.00,0.000,0.000,0.00
1777904949,loop3,0.00,0.00,0.000,0.000,0.00
1777904949,loop30,0.00,0.00,0.000,0.000,0.00
1777904949,loop31,0.00,0.00,0.000,0.000,0.00
1777904949,loop32,0.00,0.00,0.000,0.000,0.00
1777904949,loop33,0.00,0.00,0.000,0.000,0.00
1777904949,loop34,0.00,0.00,0.000,0.000,0.00
1777904949,loop35,0.00,0.00,0.000,0.000,0.00
1777904949,loop36,0.00,0.00,0.000,0.000,0.00
1777904949,loop37,0.00,0.00,0.000,0.000,0.00
1777904949,loop38,0.00,0.00,0.000,0.000,0.00
1777904949,loop39,0.00,0.00,0.000,0.000,0.00
1777904949,loop4,0.00,0.00,0.000,0.000,0.00
1777904949,loop40,0.00,0.00,0.000,0.000,0.00
1777904949,loop5,0.00,0.00,0.000,0.000,0.00
1777904949,loop6,0.00,0.00,0.000,0.000,0.00
1777904949,loop7,0.00,0.00,0.000,0.000,0.00
1777904949,loop8,0.00,0.00,0.000,0.000,0.00
1777904949,loop9,0.00,0.00,0.000,0.000,0.00
1777904949,nvme0n1,0.00,0.00,0.000,0.000,0.00
1777904950,loop0,0.00,0.00,0.000,0.000,0.00
1777904950,loop1,0.00,0.00,0.000,0.000,0.00
1777904950,loop10,0.00,0.00,0.000,0.000,0.00
1777904950,loop11,0.00,0.00,0.000,0.000,0.00
1777904950,loop12,0.00,0.00,0.000,0.000,0.00
1777904950,loop13,0.00,0.00,0.000,0.000,0.00
1777904950,loop14,0.00,0.00,0.000,0.000,0.00
1777904950,loop15,0.00,0.00,0.000,0.000,0.00
1777904950,loop16,0.00,0.00,0.000,0.000,0.00
1777904950,loop17,0.00,0.00,0.000,0.000,0.00
1777904950,loop18,0.00,0.00,0.000,0.000,0.00
1777904950,loop19,0.00,0.00,0.000,0.000,0.00
1777904950,loop2,0.00,0.00,0.000,0.000,0.00
1777904950,loop20,0.00,0.00,0.000,0.000,0.00
1777904950,loop21,0.00,0.00,0.000,0.000,0.00
1777904950,loop22,0.00,0.00,0.000,0.000,0.00
1777904950,loop23,0.00,0.00,0.000,0.000,0.00
1777904950,loop24,0.00,0.00,0.000,0.000,0.00
1777904950,loop25,0.00,0.00,0.000,0.000,0.00
1777904950,loop26,0.00,0.00,0.000,0.000,0.00
1777904950,loop27,0.00,0.00,0.000,0.000,0.00
1777904950,loop28,0.00,0.00,0.000,0.000,0.00
1777904950,loop29,0.00,0.00,0.000,0.000,0.00
1777904950,loop3,0.00,0.00,0.000,0.000,0.00
1777904950,loop30,0.00,0.00,0.000,0.000,0.00
1777904950,loop31,0.00,0.00,0.000,0.000,0.00
1777904950,loop32,0.00,0.00,0.000,0.000,0.00
1777904950,loop33,0.00,0.00,0.000,0.000,0.00
1777904950,loop34,0.00,0.00,0.000,0.000,0.00
1777904950,loop35,0.00,0.00,0.000,0.000,0.00
1777904950,loop36,0.00,0.00,0.000,0.000,0.00
1777904950,loop37,0.00,0.00,0.000,0.000,0.00
1777904950,loop38,0.00,0.00,0.000,0.000,0.00
1777904950,loop39,0.00,0.00,0.000,0.000,0.00
1777904950,loop4,0.00,0.00,0.000,0.000,0.00
1777904950,loop40,0.00,0.00,0.000,0.000,0.00
1777904950,loop5,0.00,0.00,0.000,0.000,0.00
1777904950,loop6,0.00,0.00,0.000,0.000,0.00
1777904950,loop7,0.00,0.00,0.000,0.000,0.00
1777904950,loop8,0.00,0.00,0.000,0.000,0.00
1777904950,loop9,0.00,0.00,0.000,0.000,0.00
1777904950,nvme0n1,0.00,0.00,0.000,0.000,1.00
1777904951,loop0,0.00,0.00,0.000,0.000,0.00
1777904951,loop1,0.00,0.00,0.000,0.000,0.00
1777904951,loop10,0.00,0.00,0.000,0.000,0.00
1777904951,loop11,0.00,0.00,0.000,0.000,0.00
1777904951,loop12,0.00,0.00,0.000,0.000,0.00
1777904951,loop13,0.00,0.00,0.000,0.000,0.00
1777904951,loop14,0.00,0.00,0.000,0.000,0.00
1777904951,loop15,0.00,0.00,0.000,0.000,0.00
1777904951,loop16,0.00,0.00,0.000,0.000,0.00
1777904951,loop17,0.00,0.00,0.000,0.000,0.00
1777904951,loop18,0.00,0.00,0.000,0.000,0.00
1777904951,loop19,0.00,0.00,0.000,0.000,0.00
1777904951,loop2,0.00,0.00,0.000,0.000,0.00
1777904951,loop20,0.00,0.00,0.000,0.000,0.00
1777904951,loop21,0.00,0.00,0.000,0.000,0.00
1777904951,loop22,0.00,0.00,0.000,0.000,0.00
1777904951,loop23,0.00,0.00,0.000,0.000,0.00
1777904951,loop24,0.00,0.00,0.000,0.000,0.00
1777904951,loop25,0.00,0.00,0.000,0.000,0.00
1777904951,loop26,0.00,0.00,0.000,0.000,0.00
1777904951,loop27,0.00,0.00,0.000,0.000,0.00
1777904951,loop28,0.00,0.00,0.000,0.000,0.00
1777904951,loop29,0.00,0.00,0.000,0.000,0.00
1777904951,loop3,0.00,0.00,0.000,0.000,0.00
1777904951,loop30,0.00,0.00,0.000,0.000,0.00
1777904951,loop31,0.00,0.00,0.000,0.000,0.00
1777904951,loop32,0.00,0.00,0.000,0.000,0.00
1777904951,loop33,0.00,0.00,0.000,0.000,0.00
1777904951,loop34,0.00,0.00,0.000,0.000,0.00
1777904951,loop35,0.00,0.00,0.000,0.000,0.00
1777904951,loop36,0.00,0.00,0.000,0.000,0.00
1777904951,loop37,0.00,0.00,0.000,0.000,0.00
1777904951,loop38,0.00,0.00,0.000,0.000,0.00
1777904951,loop39,0.00,0.00,0.000,0.000,0.00
1777904951,loop4,0.00,0.00,0.000,0.000,0.00
1777904951,loop40,0.00,0.00,0.000,0.000,0.00
1777904951,loop5,0.00,0.00,0.000,0.000,0.00
1777904951,loop6,0.00,0.00,0.000,0.000,0.00
1777904951,loop7,0.00,0.00,0.000,0.000,0.00
1777904951,loop8,0.00,0.00,0.000,0.000,0.00
1777904951,loop9,0.00,0.00,0.000,0.000,0.00
1777904951,nvme0n1,0.00,0.00,0.000,0.000,0.70
1777904952,loop0,0.00,0.00,0.000,0.000,0.00
1777904952,loop1,0.00,0.00,0.000,0.000,0.00
1777904952,loop10,0.00,0.00,0.000,0.000,0.00
1777904952,loop11,0.00,0.00,0.000,0.000,0.00
1777904952,loop12,0.00,0.00,0.000,0.000,0.00
1777904952,loop13,0.00,0.00,0.000,0.000,0.00
1777904952,loop14,0.00,0.00,0.000,0.000,0.00
1777904952,loop15,0.00,0.00,0.000,0.000,0.00
1777904952,loop16,0.00,0.00,0.000,0.000,0.00
1777904952,loop17,0.00,0.00,0.000,0.000,0.00
1777904952,loop18,0.00,0.00,0.000,0.000,0.00
1777904952,loop19,0.00,0.00,0.000,0.000,0.00
1777904952,loop2,0.00,0.00,0.000,0.000,0.00
1777904952,loop20,0.00,0.00,0.000,0.000,0.00
1777904952,loop21,0.00,0.00,0.000,0.000,0.00
1777904952,loop22,0.00,0.00,0.000,0.000,0.00
1777904952,loop23,0.00,0.00,0.000,0.000,0.00
1777904952,loop24,0.00,0.00,0.000,0.000,0.00
1777904952,loop25,0.00,0.00,0.000,0.000,0.00
1777904952,loop26,0.00,0.00,0.000,0.000,0.00
1777904952,loop27,0.00,0.00,0.000,0.000,0.00
1777904952,loop28,0.00,0.00,0.000,0.000,0.00
1777904952,loop29,0.00,0.00,0.000,0.000,0.00
1777904952,loop3,0.00,0.00,0.000,0.000,0.00
1777904952,loop30,0.00,0.00,0.000,0.000,0.00
1777904952,loop31,0.00,0.00,0.000,0.000,0.00
1777904952,loop32,0.00,0.00,0.000,0.000,0.00
1777904952,loop33,0.00,0.00,0.000,0.000,0.00
1777904952,loop34,0.00,0.00,0.000,0.000,0.00
1777904952,loop35,0.00,0.00,0.000,0.000,0.00
1777904952,loop36,0.00,0.00,0.000,0.000,0.00
1777904952,loop37,0.00,0.00,0.000,0.000,0.00
1777904952,loop38,0.00,0.00,0.000,0.000,0.00
1777904952,loop39,0.00,0.00,0.000,0.000,0.00
1777904952,loop4,0.00,0.00,0.000,0.000,0.00
1777904952,loop40,0.00,0.00,0.000,0.000,0.00
1777904952,loop5,0.00,0.00,0.000,0.000,0.00
1777904952,loop6,0.00,0.00,0.000,0.000,0.00
1777904952,loop7,0.00,0.00,0.000,0.000,0.00
1777904952,loop8,0.00,0.00,0.000,0.000,0.00
1777904952,loop9,0.00,0.00,0.000,0.000,0.00
1777904952,nvme0n1,0.00,0.00,0.000,0.000,0.10
1777904953,loop0,0.00,0.00,0.000,0.000,0.00
1777904953,loop1,0.00,0.00,0.000,0.000,0.00
1777904953,loop10,0.00,0.00,0.000,0.000,0.00
1777904953,loop11,0.00,0.00,0.000,0.000,0.00
1777904953,loop12,0.00,0.00,0.000,0.000,0.00
1777904953,loop13,0.00,0.00,0.000,0.000,0.00
1777904953,loop14,0.00,0.00,0.000,0.000,0.00
1777904953,loop15,0.00,0.00,0.000,0.000,0.00
1777904953,loop16,0.00,0.00,0.000,0.000,0.00
1777904953,loop17,0.00,0.00,0.000,0.000,0.00
1777904953,loop18,0.00,0.00,0.000,0.000,0.00
1777904953,loop19,0.00,0.00,0.000,0.000,0.00
1777904953,loop2,0.00,0.00,0.000,0.000,0.00
1777904953,loop20,0.00,0.00,0.000,0.000,0.00
1777904953,loop21,0.00,0.00,0.000,0.000,0.00
1777904953,loop22,0.00,0.00,0.000,0.000,0.00
1777904953,loop23,0.00,0.00,0.000,0.000,0.00
1777904953,loop24,0.00,0.00,0.000,0.000,0.00
1777904953,loop25,0.00,0.00,0.000,0.000,0.00
1777904953,loop26,0.00,0.00,0.000,0.000,0.00
1777904953,loop27,0.00,0.00,0.000,0.000,0.00
1777904953,loop28,0.00,0.00,0.000,0.000,0.00
1777904953,loop29,0.00,0.00,0.000,0.000,0.00
1777904953,loop3,0.00,0.00,0.000,0.000,0.00
1777904953,loop30,0.00,0.00,0.000,0.000,0.00
1777904953,loop31,0.00,0.00,0.000,0.000,0.00
1777904953,loop32,0.00,0.00,0.000,0.000,0.00
1777904953,loop33,0.00,0.00,0.000,0.000,0.00
1777904953,loop34,0.00,0.00,0.000,0.000,0.00
1777904953,loop35,0.00,0.00,0.000,0.000,0.00
1777904953,loop36,0.00,0.00,0.000,0.000,0.00
1777904953,loop37,0.00,0.00,0.000,0.000,0.00
1777904953,loop38,0.00,0.00,0.000,0.000,0.00
1777904953,loop39,0.00,0.00,0.000,0.000,0.00
1777904953,loop4,0.00,0.00,0.000,0.000,0.00
1777904953,loop40,0.00,0.00,0.000,0.000,0.00
1777904953,loop5,0.00,0.00,0.000,0.000,0.00
1777904953,loop6,0.00,0.00,0.000,0.000,0.00
1777904953,loop7,0.00,0.00,0.000,0.000,0.00
1777904953,loop8,0.00,0.00,0.000,0.000,0.00
1777904953,loop9,0.00,0.00,0.000,0.000,0.00
1777904953,nvme0n1,0.00,0.00,0.000,0.000,0.00
1777904954,loop0,0.00,0.00,0.000,0.000,0.00
1777904954,loop1,0.00,0.00,0.000,0.000,0.00
1777904954,loop10,0.00,0.00,0.000,0.000,0.00
1777904954,loop11,0.00,0.00,0.000,0.000,0.00
1777904954,loop12,0.00,0.00,0.000,0.000,0.00
1777904954,loop13,0.00,0.00,0.000,0.000,0.00
1777904954,loop14,0.00,0.00,0.000,0.000,0.00
1777904954,loop15,0.00,0.00,0.000,0.000,0.00
1777904954,loop16,0.00,0.00,0.000,0.000,0.00
1777904954,loop17,0.00,0.00,0.000,0.000,0.00
1777904954,loop18,0.00,0.00,0.000,0.000,0.00
1777904954,loop19,0.00,0.00,0.000,0.000,0.00
1777904954,loop2,0.00,0.00,0.000,0.000,0.00
1777904954,loop20,0.00,0.00,0.000,0.000,0.00
1777904954,loop21,0.00,0.00,0.000,0.000,0.00
1777904954,loop22,0.00,0.00,0.000,0.000,0.00
1777904954,loop23,0.00,0.00,0.000,0.000,0.00
1777904954,loop24,0.00,0.00,0.000,0.000,0.00
1777904954,loop25,0.00,0.00,0.000,0.000,0.00
1777904954,loop26,0.00,0.00,0.000,0.000,0.00
1777904954,loop27,0.00,0.00,0.000,0.000,0.00
1777904954,loop28,0.00,0.00,0.000,0.000,0.00
1777904954,loop29,0.00,0.00,0.000,0.000,0.00
1777904954,loop3,0.00,0.00,0.000,0.000,0.00
1777904954,loop30,0.00,0.00,0.000,0.000,0.00
1777904954,loop31,0.00,0.00,0.000,0.000,0.00
1777904954,loop32,0.00,0.00,0.000,0.000,0.00
1777904954,loop33,0.00,0.00,0.000,0.000,0.00
1777904954,loop34,0.00,0.00,0.000,0.000,0.00
1777904954,loop35,0.00,0.00,0.000,0.000,0.00
1777904954,loop36,0.00,0.00,0.000,0.000,0.00
1777904954,loop37,0.00,0.00,0.000,0.000,0.00
1777904954,loop38,0.00,0.00,0.000,0.000,0.00
1777904954,loop39,0.00,0.00,0.000,0.000,0.00
1777904954,loop4,0.00,0.00,0.000,0.000,0.00
1777904954,loop40,0.00,0.00,0.000,0.000,0.00
1777904954,loop5,0.00,0.00,0.000,0.000,0.00
1777904954,loop6,0.00,0.00,0.000,0.000,0.00
1777904954,loop7,0.00,0.00,0.000,0.000,0.00
1777904954,loop8,0.00,0.00,0.000,0.000,0.00
1777904954,loop9,0.00,0.00,0.000,0.000,0.00
1777904954,nvme0n1,0.00,0.00,0.000,0.000,0.10
1777904955,loop0,0.00,0.00,0.000,0.000,0.00
1777904955,loop1,0.00,0.00,0.000,0.000,0.00
1777904955,loop10,0.00,0.00,0.000,0.000,0.00
1777904955,loop11,0.00,0.00,0.000,0.000,0.00
1777904955,loop12,0.00,0.00,0.000,0.000,0.00
1777904955,loop13,0.00,0.00,0.000,0.000,0.00
1777904955,loop14,0.00,0.00,0.000,0.000,0.00
1777904955,loop15,0.00,0.00,0.000,0.000,0.00
1777904955,loop16,0.00,0.00,0.000,0.000,0.00
1777904955,loop17,0.00,0.00,0.000,0.000,0.00
1777904955,loop18,0.00,0.00,0.000,0.000,0.00
1777904955,loop19,0.00,0.00,0.000,0.000,0.00
1777904955,loop2,0.00,0.00,0.000,0.000,0.00
1777904955,loop20,0.00,0.00,0.000,0.000,0.00
1777904955,loop21,0.00,0.00,0.000,0.000,0.00
1777904955,loop22,0.00,0.00,0.000,0.000,0.00
1777904955,loop23,0.00,0.00,0.000,0.000,0.00
1777904955,loop24,0.00,0.00,0.000,0.000,0.00
1777904955,loop25,0.00,0.00,0.000,0.000,0.00
1777904955,loop26,0.00,0.00,0.000,0.000,0.00
1777904955,loop27,0.00,0.00,0.000,0.000,0.00
1777904955,loop28,0.00,0.00,0.000,0.000,0.00
1777904955,loop29,0.00,0.00,0.000,0.000,0.00
1777904955,loop3,0.00,0.00,0.000,0.000,0.00
1777904955,loop30,0.00,0.00,0.000,0.000,0.00
1777904955,loop31,0.00,0.00,0.000,0.000,0.00
1777904955,loop32,0.00,0.00,0.000,0.000,0.00
1777904955,loop33,0.00,0.00,0.000,0.000,0.00
1777904955,loop34,0.00,0.00,0.000,0.000,0.00
1777904955,loop35,0.00,0.00,0.000,0.000,0.00
1777904955,loop36,0.00,0.00,0.000,0.000,0.00
1777904955,loop37,0.00,0.00,0.000,0.000,0.00
1777904955,loop38,0.00,0.00,0.000,0.000,0.00
1777904955,loop39,0.00,0.00,0.000,0.000,0.00
1777904955,loop4,0.00,0.00,0.000,0.000,0.00
1777904955,loop40,0.00,0.00,0.000,0.000,0.00
1777904955,loop5,0.00,0.00,0.000,0.000,0.00
1777904955,loop6,0.00,0.00,0.000,0.000,0.00
1777904955,loop7,0.00,0.00,0.000,0.000,0.00
1777904955,loop8,0.00,0.00,0.000,0.000,0.00
1777904955,loop9,0.00,0.00,0.000,0.000,0.00
1777904955,nvme0n1,4.00,16.00,0.000,0.000,0.10
1777904956,loop0,0.00,0.00,0.000,0.000,0.00
1777904956,loop1,0.00,0.00,0.000,0.000,0.00
1777904956,loop10,0.00,0.00,0.000,0.000,0.00
1777904956,loop11,0.00,0.00,0.000,0.000,0.00
1777904956,loop12,0.00,0.00,0.000,0.000,0.00
1777904956,loop13,0.00,0.00,0.000,0.000,0.00
1777904956,loop14,0.00,0.00,0.000,0.000,0.00
1777904956,loop15,0.00,0.00,0.000,0.000,0.00
1777904956,loop16,0.00,0.00,0.000,0.000,0.00
1777904956,loop17,0.00,0.00,0.000,0.000,0.00
1777904956,loop18,0.00,0.00,0.000,0.000,0.00
1777904956,loop19,0.00,0.00,0.000,0.000,0.00
1777904956,loop2,0.00,0.00,0.000,0.000,0.00
1777904956,loop20,0.00,0.00,0.000,0.000,0.00
1777904956,loop21,0.00,0.00,0.000,0.000,0.00
1777904956,loop22,0.00,0.00,0.000,0.000,0.00
1777904956,loop23,0.00,0.00,0.000,0.000,0.00
1777904956,loop24,0.00,0.00,0.000,0.000,0.00
1777904956,loop25,0.00,0.00,0.000,0.000,0.00
1777904956,loop26,0.00,0.00,0.000,0.000,0.00
1777904956,loop27,0.00,0.00,0.000,0.000,0.00
1777904956,loop28,0.00,0.00,0.000,0.000,0.00
1777904956,loop29,0.00,0.00,0.000,0.000,0.00
1777904956,loop3,0.00,0.00,0.000,0.000,0.00
1777904956,loop30,0.00,0.00,0.000,0.000,0.00
1777904956,loop31,0.00,0.00,0.000,0.000,0.00
1777904956,loop32,0.00,0.00,0.000,0.000,0.00
1777904956,loop33,0.00,0.00,0.000,0.000,0.00
1777904956,loop34,0.00,0.00,0.000,0.000,0.00
1777904956,loop35,0.00,0.00,0.000,0.000,0.00
1777904956,loop36,0.00,0.00,0.000,0.000,0.00
1777904956,loop37,0.00,0.00,0.000,0.000,0.00
1777904956,loop38,0.00,0.00,0.000,0.000,0.00
1777904956,loop39,0.00,0.00,0.000,0.000,0.00
1777904956,loop4,0.00,0.00,0.000,0.000,0.00
1777904956,loop40,0.00,0.00,0.000,0.000,0.00
1777904956,loop5,0.00,0.00,0.000,0.000,0.00
1777904956,loop6,0.00,0.00,0.000,0.000,0.00
1777904956,loop7,0.00,0.00,0.000,0.000,0.00
1777904956,loop8,0.00,0.00,0.000,0.000,0.00
1777904956,loop9,0.00,0.00,0.000,0.000,0.00
1777904956,nvme0n1,0.00,0.00,0.000,0.000,0.70
1777904957,loop0,0.00,0.00,0.000,0.000,0.00
1777904957,loop1,0.00,0.00,0.000,0.000,0.00
1777904957,loop10,0.00,0.00,0.000,0.000,0.00
1777904957,loop11,0.00,0.00,0.000,0.000,0.00
1777904957,loop12,0.00,0.00,0.000,0.000,0.00
1777904957,loop13,0.00,0.00,0.000,0.000,0.00
1777904957,loop14,0.00,0.00,0.000,0.000,0.00
1777904957,loop15,0.00,0.00,0.000,0.000,0.00
1777904957,loop16,0.00,0.00,0.000,0.000,0.00
1777904957,loop17,0.00,0.00,0.000,0.000,0.00
1777904957,loop18,0.00,0.00,0.000,0.000,0.00
1777904957,loop19,0.00,0.00,0.000,0.000,0.00
1777904957,loop2,0.00,0.00,0.000,0.000,0.00
1777904957,loop20,0.00,0.00,0.000,0.000,0.00
1777904957,loop21,0.00,0.00,0.000,0.000,0.00
1777904957,loop22,0.00,0.00,0.000,0.000,0.00
1777904957,loop23,0.00,0.00,0.000,0.000,0.00
1777904957,loop24,0.00,0.00,0.000,0.000,0.00
1777904957,loop25,0.00,0.00,0.000,0.000,0.00
1777904957,loop26,0.00,0.00,0.000,0.000,0.00
1777904957,loop27,0.00,0.00,0.000,0.000,0.00
1777904957,loop28,0.00,0.00,0.000,0.000,0.00
1777904957,loop29,0.00,0.00,0.000,0.000,0.00
1777904957,loop3,0.00,0.00,0.000,0.000,0.00
1777904957,loop30,0.00,0.00,0.000,0.000,0.00
1777904957,loop31,0.00,0.00,0.000,0.000,0.00
1777904957,loop32,0.00,0.00,0.000,0.000,0.00
1777904957,loop33,0.00,0.00,0.000,0.000,0.00
1777904957,loop34,0.00,0.00,0.000,0.000,0.00
1777904957,loop35,0.00,0.00,0.000,0.000,0.00
1777904957,loop36,0.00,0.00,0.000,0.000,0.00
1777904957,loop37,0.00,0.00,0.000,0.000,0.00
1777904957,loop38,0.00,0.00,0.000,0.000,0.00
1777904957,loop39,0.00,0.00,0.000,0.000,0.00
1777904957,loop4,0.00,0.00,0.000,0.000,0.00
1777904957,loop40,0.00,0.00,0.000,0.000,0.00
1777904957,loop5,0.00,0.00,0.000,0.000,0.00
1777904957,loop6,0.00,0.00,0.000,0.000,0.00
1777904957,loop7,0.00,0.00,0.000,0.000,0.00
1777904957,loop8,0.00,0.00,0.000,0.000,0.00
1777904957,loop9,0.00,0.00,0.000,0.000,0.00
1777904957,nvme0n1,0.00,0.00,0.000,0.000,0.30
1777904958,loop0,0.00,0.00,0.000,0.000,0.00
1777904958,loop1,0.00,0.00,0.000,0.000,0.00
1777904958,loop10,0.00,0.00,0.000,0.000,0.00
1777904958,loop11,0.00,0.00,0.000,0.000,0.00
1777904958,loop12,0.00,0.00,0.000,0.000,0.00
1777904958,loop13,0.00,0.00,0.000,0.000,0.00
1777904958,loop14,0.00,0.00,0.000,0.000,0.00
1777904958,loop15,0.00,0.00,0.000,0.000,0.00
1777904958,loop16,0.00,0.00,0.000,0.000,0.00
1777904958,loop17,0.00,0.00,0.000,0.000,0.00
1777904958,loop18,0.00,0.00,0.000,0.000,0.00
1777904958,loop19,0.00,0.00,0.000,0.000,0.00
1777904958,loop2,0.00,0.00,0.000,0.000,0.00
1777904958,loop20,0.00,0.00,0.000,0.000,0.00
1777904958,loop21,0.00,0.00,0.000,0.000,0.00
1777904958,loop22,0.00,0.00,0.000,0.000,0.00
1777904958,loop23,0.00,0.00,0.000,0.000,0.00
1777904958,loop24,0.00,0.00,0.000,0.000,0.00
1777904958,loop25,0.00,0.00,0.000,0.000,0.00
1777904958,loop26,0.00,0.00,0.000,0.000,0.00
1777904958,loop27,0.00,0.00,0.000,0.000,0.00
1777904958,loop28,0.00,0.00,0.000,0.000,0.00
1777904958,loop29,0.00,0.00,0.000,0.000,0.00
1777904958,loop3,0.00,0.00,0.000,0.000,0.00
1777904958,loop30,0.00,0.00,0.000,0.000,0.00
1777904958,loop31,0.00,0.00,0.000,0.000,0.00
1777904958,loop32,0.00,0.00,0.000,0.000,0.00
1777904958,loop33,0.00,0.00,0.000,0.000,0.00
1777904958,loop34,0.00,0.00,0.000,0.000,0.00
1777904958,loop35,0.00,0.00,0.000,0.000,0.00
1777904958,loop36,0.00,0.00,0.000,0.000,0.00
1777904958,loop37,0.00,0.00,0.000,0.000,0.00
1777904958,loop38,0.00,0.00,0.000,0.000,0.00
1777904958,loop39,0.00,0.00,0.000,0.000,0.00
1777904958,loop4,0.00,0.00,0.000,0.000,0.00
1777904958,loop40,0.00,0.00,0.000,0.000,0.00
1777904958,loop5,0.00,0.00,0.000,0.000,0.00
1777904958,loop6,0.00,0.00,0.000,0.000,0.00
1777904958,loop7,0.00,0.00,0.000,0.000,0.00
1777904958,loop8,0.00,0.00,0.000,0.000,0.00
1777904958,loop9,0.00,0.00,0.000,0.000,0.00
1777904958,nvme0n1,0.00,0.00,0.000,0.000,0.30
1777904959,loop0,0.00,0.00,0.000,0.000,0.00
1777904959,loop1,0.00,0.00,0.000,0.000,0.00
1777904959,loop10,0.00,0.00,0.000,0.000,0.00
1777904959,loop11,0.00,0.00,0.000,0.000,0.00
1777904959,loop12,0.00,0.00,0.000,0.000,0.00
1777904959,loop13,0.00,0.00,0.000,0.000,0.00
1777904959,loop14,0.00,0.00,0.000,0.000,0.00
1777904959,loop15,0.00,0.00,0.000,0.000,0.00
1777904959,loop16,0.00,0.00,0.000,0.000,0.00
1777904959,loop17,0.00,0.00,0.000,0.000,0.00
1777904959,loop18,0.00,0.00,0.000,0.000,0.00
1777904959,loop19,0.00,0.00,0.000,0.000,0.00
1777904959,loop2,0.00,0.00,0.000,0.000,0.00
1777904959,loop20,0.00,0.00,0.000,0.000,0.00
1777904959,loop21,0.00,0.00,0.000,0.000,0.00
1777904959,loop22,0.00,0.00,0.000,0.000,0.00
1777904959,loop23,0.00,0.00,0.000,0.000,0.00
1777904959,loop24,0.00,0.00,0.000,0.000,0.00
1777904959,loop25,0.00,0.00,0.000,0.000,0.00
1777904959,loop26,0.00,0.00,0.000,0.000,0.00
1777904959,loop27,0.00,0.00,0.000,0.000,0.00
1777904959,loop28,0.00,0.00,0.000,0.000,0.00
1777904959,loop29,0.00,0.00,0.000,0.000,0.00
1777904959,loop3,0.00,0.00,0.000,0.000,0.00
1777904959,loop30,0.00,0.00,0.000,0.000,0.00
1777904959,loop31,0.00,0.00,0.000,0.000,0.00
1777904959,loop32,0.00,0.00,0.000,0.000,0.00
1777904959,loop33,0.00,0.00,0.000,0.000,0.00
1777904959,loop34,0.00,0.00,0.000,0.000,0.00
1777904959,loop35,0.00,0.00,0.000,0.000,0.00
1777904959,loop36,0.00,0.00,0.000,0.000,0.00
1777904959,loop37,0.00,0.00,0.000,0.000,0.00
1777904959,loop38,0.00,0.00,0.000,0.000,0.00
1777904959,loop39,0.00,0.00,0.000,0.000,0.00
1777904959,loop4,0.00,0.00,0.000,0.000,0.00
1777904959,loop40,0.00,0.00,0.000,0.000,0.00
1777904959,loop5,0.00,0.00,0.000,0.000,0.00
1777904959,loop6,0.00,0.00,0.000,0.000,0.00
1777904959,loop7,0.00,0.00,0.000,0.000,0.00
1777904959,loop8,0.00,0.00,0.000,0.000,0.00
1777904959,loop9,0.00,0.00,0.000,0.000,0.00
1777904959,nvme0n1,1.00,4.00,0.000,0.000,0.20
1777904960,loop0,0.00,0.00,0.000,0.000,0.00
1777904960,loop1,0.00,0.00,0.000,0.000,0.00
1777904960,loop10,0.00,0.00,0.000,0.000,0.00
1777904960,loop11,0.00,0.00,0.000,0.000,0.00
1777904960,loop12,0.00,0.00,0.000,0.000,0.00
1777904960,loop13,0.00,0.00,0.000,0.000,0.00
1777904960,loop14,0.00,0.00,0.000,0.000,0.00
1777904960,loop15,0.00,0.00,0.000,0.000,0.00
1777904960,loop16,0.00,0.00,0.000,0.000,0.00
1777904960,loop17,0.00,0.00,0.000,0.000,0.00
1777904960,loop18,0.00,0.00,0.000,0.000,0.00
1777904960,loop19,0.00,0.00,0.000,0.000,0.00
1777904960,loop2,0.00,0.00,0.000,0.000,0.00
1777904960,loop20,0.00,0.00,0.000,0.000,0.00
1777904960,loop21,0.00,0.00,0.000,0.000,0.00
1777904960,loop22,0.00,0.00,0.000,0.000,0.00
1777904960,loop23,0.00,0.00,0.000,0.000,0.00
1777904960,loop24,0.00,0.00,0.000,0.000,0.00
1777904960,loop25,0.00,0.00,0.000,0.000,0.00
1777904960,loop26,0.00,0.00,0.000,0.000,0.00
1777904960,loop27,0.00,0.00,0.000,0.000,0.00
1777904960,loop28,0.00,0.00,0.000,0.000,0.00
1777904960,loop29,0.00,0.00,0.000,0.000,0.00
1777904960,loop3,0.00,0.00,0.000,0.000,0.00
1777904960,loop30,0.00,0.00,0.000,0.000,0.00
1777904960,loop31,0.00,0.00,0.000,0.000,0.00
1777904960,loop32,0.00,0.00,0.000,0.000,0.00
1777904960,loop33,0.00,0.00,0.000,0.000,0.00
1777904960,loop34,0.00,0.00,0.000,0.000,0.00
1777904960,loop35,0.00,0.00,0.000,0.000,0.00
1777904960,loop36,0.00,0.00,0.000,0.000,0.00
1777904960,loop37,0.00,0.00,0.000,0.000,0.00
1777904960,loop38,0.00,0.00,0.000,0.000,0.00
1777904960,loop39,0.00,0.00,0.000,0.000,0.00
1777904960,loop4,0.00,0.00,0.000,0.000,0.00
1777904960,loop40,0.00,0.00,0.000,0.000,0.00
1777904960,loop5,0.00,0.00,0.000,0.000,0.00
1777904960,loop6,0.00,0.00,0.000,0.000,0.00
1777904960,loop7,0.00,0.00,0.000,0.000,0.00
1777904960,loop8,0.00,0.00,0.000,0.000,0.00
1777904960,loop9,0.00,0.00,0.000,0.000,0.00
1777904960,nvme0n1,0.00,0.00,0.000,0.000,0.00
1777904961,loop0,0.00,0.00,0.000,0.000,0.00
1777904961,loop1,0.00,0.00,0.000,0.000,0.00
1777904961,loop10,0.00,0.00,0.000,0.000,0.00
1777904961,loop11,0.00,0.00,0.000,0.000,0.00
1777904961,loop12,0.00,0.00,0.000,0.000,0.00
1777904961,loop13,0.00,0.00,0.000,0.000,0.00
1777904961,loop14,0.00,0.00,0.000,0.000,0.00
1777904961,loop15,0.00,0.00,0.000,0.000,0.00
1777904961,loop16,0.00,0.00,0.000,0.000,0.00
1777904961,loop17,0.00,0.00,0.000,0.000,0.00
1777904961,loop18,0.00,0.00,0.000,0.000,0.00
1777904961,loop19,0.00,0.00,0.000,0.000,0.00
1777904961,loop2,0.00,0.00,0.000,0.000,0.00
1777904961,loop20,0.00,0.00,0.000,0.000,0.00
1777904961,loop21,0.00,0.00,0.000,0.000,0.00
1777904961,loop22,0.00,0.00,0.000,0.000,0.00
1777904961,loop23,0.00,0.00,0.000,0.000,0.00
1777904961,loop24,0.00,0.00,0.000,0.000,0.00
1777904961,loop25,0.00,0.00,0.000,0.000,0.00
1777904961,loop26,0.00,0.00,0.000,0.000,0.00
1777904961,loop27,0.00,0.00,0.000,0.000,0.00
1777904961,loop28,0.00,0.00,0.000,0.000,0.00
1777904961,loop29,0.00,0.00,0.000,0.000,0.00
1777904961,loop3,0.00,0.00,0.000,0.000,0.00
1777904961,loop30,0.00,0.00,0.000,0.000,0.00
1777904961,loop31,0.00,0.00,0.000,0.000,0.00
1777904961,loop32,0.00,0.00,0.000,0.000,0.00
1777904961,loop33,0.00,0.00,0.000,0.000,0.00
1777904961,loop34,0.00,0.00,0.000,0.000,0.00
1777904961,loop35,0.00,0.00,0.000,0.000,0.00
1777904961,loop36,0.00,0.00,0.000,0.000,0.00
1777904961,loop37,0.00,0.00,0.000,0.000,0.00
1777904961,loop38,0.00,0.00,0.000,0.000,0.00
1777904961,loop39,0.00,0.00,0.000,0.000,0.00
1777904961,loop4,0.00,0.00,0.000,0.000,0.00
1777904961,loop40,0.00,0.00,0.000,0.000,0.00
1777904961,loop5,0.00,0.00,0.000,0.000,0.00
1777904961,loop6,0.00,0.00,0.000,0.000,0.00
1777904961,loop7,0.00,0.00,0.000,0.000,0.00
1777904961,loop8,0.00,0.00,0.000,0.000,0.00
1777904961,loop9,0.00,0.00,0.000,0.000,0.00
1777904961,nvme0n1,1.00,4.00,0.000,0.000,2.30
1777904962,loop0,0.00,0.00,0.000,0.000,0.00
1777904962,loop1,0.00,0.00,0.000,0.000,0.00
1777904962,loop10,0.00,0.00,0.000,0.000,0.00
1777904962,loop11,0.00,0.00,0.000,0.000,0.00
1777904962,loop12,0.00,0.00,0.000,0.000,0.00
1777904962,loop13,0.00,0.00,0.000,0.000,0.00
1777904962,loop14,0.00,0.00,0.000,0.000,0.00
1777904962,loop15,0.00,0.00,0.000,0.000,0.00
1777904962,loop16,0.00,0.00,0.000,0.000,0.00
1777904962,loop17,0.00,0.00,0.000,0.000,0.00
1777904962,loop18,0.00,0.00,0.000,0.000,0.00
1777904962,loop19,0.00,0.00,0.000,0.000,0.00
1777904962,loop2,0.00,0.00,0.000,0.000,0.00
1777904962,loop20,0.00,0.00,0.000,0.000,0.00
1777904962,loop21,0.00,0.00,0.000,0.000,0.00
1777904962,loop22,0.00,0.00,0.000,0.000,0.00
1777904962,loop23,0.00,0.00,0.000,0.000,0.00
1777904962,loop24,0.00,0.00,0.000,0.000,0.00
1777904962,loop25,0.00,0.00,0.000,0.000,0.00
1777904962,loop26,0.00,0.00,0.000,0.000,0.00
1777904962,loop27,0.00,0.00,0.000,0.000,0.00
1777904962,loop28,0.00,0.00,0.000,0.000,0.00
1777904962,loop29,0.00,0.00,0.000,0.000,0.00
1777904962,loop3,0.00,0.00,0.000,0.000,0.00
1777904962,loop30,0.00,0.00,0.000,0.000,0.00
1777904962,loop31,0.00,0.00,0.000,0.000,0.00
1777904962,loop32,0.00,0.00,0.000,0.000,0.00
1777904962,loop33,0.00,0.00,0.000,0.000,0.00
1777904962,loop34,0.00,0.00,0.000,0.000,0.00
1777904962,loop35,0.00,0.00,0.000,0.000,0.00
1777904962,loop36,0.00,0.00,0.000,0.000,0.00
1777904962,loop37,0.00,0.00,0.000,0.000,0.00
1777904962,loop38,0.00,0.00,0.000,0.000,0.00
1777904962,loop39,0.00,0.00,0.000,0.000,0.00
1777904962,loop4,0.00,0.00,0.000,0.000,0.00
1777904962,loop40,0.00,0.00,0.000,0.000,0.00
1777904962,loop5,0.00,0.00,0.000,0.000,0.00
1777904962,loop6,0.00,0.00,0.000,0.000,0.00
1777904962,loop7,0.00,0.00,0.000,0.000,0.00
1777904962,loop8,0.00,0.00,0.000,0.000,0.00
1777904962,loop9,0.00,0.00,0.000,0.000,0.00
1777904962,nvme0n1,0.00,0.00,0.000,0.000,1.50
1777904963,loop0,0.00,0.00,0.000,0.000,0.00
1777904963,loop1,0.00,0.00,0.000,0.000,0.00
1777904963,loop10,0.00,0.00,0.000,0.000,0.00
1777904963,loop11,0.00,0.00,0.000,0.000,0.00
1777904963,loop12,0.00,0.00,0.000,0.000,0.00
1777904963,loop13,0.00,0.00,0.000,0.000,0.00
1777904963,loop14,0.00,0.00,0.000,0.000,0.00
1777904963,loop15,0.00,0.00,0.000,0.000,0.00
1777904963,loop16,0.00,0.00,0.000,0.000,0.00
1777904963,loop17,0.00,0.00,0.000,0.000,0.00
1777904963,loop18,0.00,0.00,0.000,0.000,0.00
1777904963,loop19,0.00,0.00,0.000,0.000,0.00
1777904963,loop2,0.00,0.00,0.000,0.000,0.00
1777904963,loop20,0.00,0.00,0.000,0.000,0.00
1777904963,loop21,0.00,0.00,0.000,0.000,0.00
1777904963,loop22,0.00,0.00,0.000,0.000,0.00
1777904963,loop23,0.00,0.00,0.000,0.000,0.00
1777904963,loop24,0.00,0.00,0.000,0.000,0.00
1777904963,loop25,0.00,0.00,0.000,0.000,0.00
1777904963,loop26,0.00,0.00,0.000,0.000,0.00
1777904963,loop27,0.00,0.00,0.000,0.000,0.00
1777904963,loop28,0.00,0.00,0.000,0.000,0.00
1777904963,loop29,0.00,0.00,0.000,0.000,0.00
1777904963,loop3,0.00,0.00,0.000,0.000,0.00
1777904963,loop30,0.00,0.00,0.000,0.000,0.00
1777904963,loop31,0.00,0.00,0.000,0.000,0.00
1777904963,loop32,0.00,0.00,0.000,0.000,0.00
1777904963,loop33,0.00,0.00,0.000,0.000,0.00
1777904963,loop34,0.00,0.00,0.000,0.000,0.00
1777904963,loop35,0.00,0.00,0.000,0.000,0.00
1777904963,loop36,0.00,0.00,0.000,0.000,0.00
1777904963,loop37,0.00,0.00,0.000,0.000,0.00
1777904963,loop38,0.00,0.00,0.000,0.000,0.00
1777904963,loop39,0.00,0.00,0.000,0.000,0.00
1777904963,loop4,0.00,0.00,0.000,0.000,0.00
1777904963,loop40,0.00,0.00,0.000,0.000,0.00
1777904963,loop5,0.00,0.00,0.000,0.000,0.00
1777904963,loop6,0.00,0.00,0.000,0.000,0.00
1777904963,loop7,0.00,0.00,0.000,0.000,0.00
1777904963,loop8,0.00,0.00,0.000,0.000,0.00
1777904963,loop9,0.00,0.00,0.000,0.000,0.00
1777904963,nvme0n1,0.00,0.00,0.000,0.000,0.30
1777904964,loop0,0.00,0.00,0.000,0.000,0.00
1777904964,loop1,0.00,0.00,0.000,0.000,0.00
1777904964,loop10,0.00,0.00,0.000,0.000,0.00
1777904964,loop11,0.00,0.00,0.000,0.000,0.00
1777904964,loop12,0.00,0.00,0.000,0.000,0.00
1777904964,loop13,0.00,0.00,0.000,0.000,0.00
1777904964,loop14,0.00,0.00,0.000,0.000,0.00
1777904964,loop15,0.00,0.00,0.000,0.000,0.00
1777904964,loop16,0.00,0.00,0.000,0.000,0.00
1777904964,loop17,0.00,0.00,0.000,0.000,0.00
1777904964,loop18,0.00,0.00,0.000,0.000,0.00
1777904964,loop19,0.00,0.00,0.000,0.000,0.00
1777904964,loop2,0.00,0.00,0.000,0.000,0.00
1777904964,loop20,0.00,0.00,0.000,0.000,0.00
1777904964,loop21,0.00,0.00,0.000,0.000,0.00
1777904964,loop22,0.00,0.00,0.000,0.000,0.00
1777904964,loop23,0.00,0.00,0.000,0.000,0.00
1777904964,loop24,0.00,0.00,0.000,0.000,0.00
1777904964,loop25,0.00,0.00,0.000,0.000,0.00
1777904964,loop26,0.00,0.00,0.000,0.000,0.00
1777904964,loop27,0.00,0.00,0.000,0.000,0.00
1777904964,loop28,0.00,0.00,0.000,0.000,0.00
1777904964,loop29,0.00,0.00,0.000,0.000,0.00
1777904964,loop3,0.00,0.00,0.000,0.000,0.00
1777904964,loop30,0.00,0.00,0.000,0.000,0.00
1777904964,loop31,0.00,0.00,0.000,0.000,0.00
1777904964,loop32,0.00,0.00,0.000,0.000,0.00
1777904964,loop33,0.00,0.00,0.000,0.000,0.00
1777904964,loop34,0.00,0.00,0.000,0.000,0.00
1777904964,loop35,0.00,0.00,0.000,0.000,0.00
1777904964,loop36,0.00,0.00,0.000,0.000,0.00
1777904964,loop37,0.00,0.00,0.000,0.000,0.00
1777904964,loop38,0.00,0.00,0.000,0.000,0.00
1777904964,loop39,0.00,0.00,0.000,0.000,0.00
1777904964,loop4,0.00,0.00,0.000,0.000,0.00
1777904964,loop40,0.00,0.00,0.000,0.000,0.00
1777904964,loop5,0.00,0.00,0.000,0.000,0.00
1777904964,loop6,0.00,0.00,0.000,0.000,0.00
1777904964,loop7,0.00,0.00,0.000,0.000,0.00
1777904964,loop8,0.00,0.00,0.000,0.000,0.00
1777904964,loop9,0.00,0.00,0.000,0.000,0.00
1777904964,nvme0n1,0.00,0.00,0.000,0.000,0.00
1777904965,loop0,0.00,0.00,0.000,0.000,0.00
1777904965,loop1,0.00,0.00,0.000,0.000,0.00
1777904965,loop10,0.00,0.00,0.000,0.000,0.00
1777904965,loop11,0.00,0.00,0.000,0.000,0.00
1777904965,loop12,0.00,0.00,0.000,0.000,0.00
1777904965,loop13,0.00,0.00,0.000,0.000,0.00
1777904965,loop14,0.00,0.00,0.000,0.000,0.00
1777904965,loop15,0.00,0.00,0.000,0.000,0.00
1777904965,loop16,0.00,0.00,0.000,0.000,0.00
1777904965,loop17,0.00,0.00,0.000,0.000,0.00
1777904965,loop18,0.00,0.00,0.000,0.000,0.00
1777904965,loop19,0.00,0.00,0.000,0.000,0.00
1777904965,loop2,0.00,0.00,0.000,0.000,0.00
1777904965,loop20,0.00,0.00,0.000,0.000,0.00
1777904965,loop21,0.00,0.00,0.000,0.000,0.00
1777904965,loop22,0.00,0.00,0.000,0.000,0.00
1777904965,loop23,0.00,0.00,0.000,0.000,0.00
1777904965,loop24,0.00,0.00,0.000,0.000,0.00
1777904965,loop25,0.00,0.00,0.000,0.000,0.00
1777904965,loop26,0.00,0.00,0.000,0.000,0.00
1777904965,loop27,0.00,0.00,0.000,0.000,0.00
1777904965,loop28,0.00,0.00,0.000,0.000,0.00
1777904965,loop29,0.00,0.00,0.000,0.000,0.00
1777904965,loop3,0.00,0.00,0.000,0.000,0.00
1777904965,loop30,0.00,0.00,0.000,0.000,0.00
1777904965,loop31,0.00,0.00,0.000,0.000,0.00
1777904965,loop32,0.00,0.00,0.000,0.000,0.00
1777904965,loop33,0.00,0.00,0.000,0.000,0.00
1777904965,loop34,0.00,0.00,0.000,0.000,0.00
1777904965,loop35,0.00,0.00,0.000,0.000,0.00
1777904965,loop36,0.00,0.00,0.000,0.000,0.00
1777904965,loop37,0.00,0.00,0.000,0.000,0.00
1777904965,loop38,0.00,0.00,0.000,0.000,0.00
1777904965,loop39,0.00,0.00,0.000,0.000,0.00
1777904965,loop4,0.00,0.00,0.000,0.000,0.00
1777904965,loop40,0.00,0.00,0.000,0.000,0.00
1777904965,loop5,0.00,0.00,0.000,0.000,0.00
1777904965,loop6,0.00,0.00,0.000,0.000,0.00
1777904965,loop7,0.00,0.00,0.000,0.000,0.00
1777904965,loop8,0.00,0.00,0.000,0.000,0.00
1777904965,loop9,0.00,0.00,0.000,0.000,0.00
1777904965,nvme0n1,0.00,0.00,0.000,0.000,0.00
1777904966,loop0,0.00,0.00,0.000,0.000,0.00
1777904966,loop1,0.00,0.00,0.000,0.000,0.00
1777904966,loop10,0.00,0.00,0.000,0.000,0.00
1777904966,loop11,0.00,0.00,0.000,0.000,0.00
1777904966,loop12,0.00,0.00,0.000,0.000,0.00
1777904966,loop13,0.00,0.00,0.000,0.000,0.00
1777904966,loop14,0.00,0.00,0.000,0.000,0.00
1777904966,loop15,0.00,0.00,0.000,0.000,0.00
1777904966,loop16,0.00,0.00,0.000,0.000,0.00
1777904966,loop17,0.00,0.00,0.000,0.000,0.00
1777904966,loop18,0.00,0.00,0.000,0.000,0.00
1777904966,loop19,0.00,0.00,0.000,0.000,0.00
1777904966,loop2,0.00,0.00,0.000,0.000,0.00
1777904966,loop20,0.00,0.00,0.000,0.000,0.00
1777904966,loop21,0.00,0.00,0.000,0.000,0.00
1777904966,loop22,0.00,0.00,0.000,0.000,0.00
1777904966,loop23,0.00,0.00,0.000,0.000,0.00
1777904966,loop24,0.00,0.00,0.000,0.000,0.00
1777904966,loop25,0.00,0.00,0.000,0.000,0.00
1777904966,loop26,0.00,0.00,0.000,0.000,0.00
1777904966,loop27,0.00,0.00,0.000,0.000,0.00
1777904966,loop28,0.00,0.00,0.000,0.000,0.00
1777904966,loop29,0.00,0.00,0.000,0.000,0.00
1777904966,loop3,0.00,0.00,0.000,0.000,0.00
1777904966,loop30,0.00,0.00,0.000,0.000,0.00
1777904966,loop31,0.00,0.00,0.000,0.000,0.00
1777904966,loop32,0.00,0.00,0.000,0.000,0.00
1777904966,loop33,0.00,0.00,0.000,0.000,0.00
1777904966,loop34,0.00,0.00,0.000,0.000,0.00
1777904966,loop35,0.00,0.00,0.000,0.000,0.00
1777904966,loop36,0.00,0.00,0.000,0.000,0.00
1777904966,loop37,0.00,0.00,0.000,0.000,0.00
1777904966,loop38,0.00,0.00,0.000,0.000,0.00
1777904966,loop39,0.00,0.00,0.000,0.000,0.00
1777904966,loop4,0.00,0.00,0.000,0.000,0.00
1777904966,loop40,0.00,0.00,0.000,0.000,0.00
1777904966,loop5,0.00,0.00,0.000,0.000,0.00
1777904966,loop6,0.00,0.00,0.000,0.000,0.00
1777904966,loop7,0.00,0.00,0.000,0.000,0.00
1777904966,loop8,0.00,0.00,0.000,0.000,0.00
1777904966,loop9,0.00,0.00,0.000,0.000,0.00
1777904966,nvme0n1,0.00,0.00,0.000,0.000,0.00
1777904967,loop0,0.00,0.00,0.000,0.000,0.00
1777904967,loop1,0.00,0.00,0.000,0.000,0.00
1777904967,loop10,0.00,0.00,0.000,0.000,0.00
1777904967,loop11,0.00,0.00,0.000,0.000,0.00
1777904967,loop12,0.00,0.00,0.000,0.000,0.00
1777904967,loop13,0.00,0.00,0.000,0.000,0.00
1777904967,loop14,0.00,0.00,0.000,0.000,0.00
1777904967,loop15,0.00,0.00,0.000,0.000,0.00
1777904967,loop16,0.00,0.00,0.000,0.000,0.00
1777904967,loop17,0.00,0.00,0.000,0.000,0.00
1777904967,loop18,0.00,0.00,0.000,0.000,0.00
1777904967,loop19,0.00,0.00,0.000,0.000,0.00
1777904967,loop2,0.00,0.00,0.000,0.000,0.00
1777904967,loop20,0.00,0.00,0.000,0.000,0.00
1777904967,loop21,0.00,0.00,0.000,0.000,0.00
1777904967,loop22,0.00,0.00,0.000,0.000,0.00
1777904967,loop23,0.00,0.00,0.000,0.000,0.00
1777904967,loop24,0.00,0.00,0.000,0.000,0.00
1777904967,loop25,0.00,0.00,0.000,0.000,0.00
1777904967,loop26,0.00,0.00,0.000,0.000,0.00
1777904967,loop27,0.00,0.00,0.000,0.000,0.00
1777904967,loop28,0.00,0.00,0.000,0.000,0.00
1777904967,loop29,0.00,0.00,0.000,0.000,0.00
1777904967,loop3,0.00,0.00,0.000,0.000,0.00
1777904967,loop30,0.00,0.00,0.000,0.000,0.00
1777904967,loop31,0.00,0.00,0.000,0.000,0.00
1777904967,loop32,0.00,0.00,0.000,0.000,0.00
1777904967,loop33,0.00,0.00,0.000,0.000,0.00
1777904967,loop34,0.00,0.00,0.000,0.000,0.00
1777904967,loop35,0.00,0.00,0.000,0.000,0.00
1777904967,loop36,0.00,0.00,0.000,0.000,0.00
1777904967,loop37,0.00,0.00,0.000,0.000,0.00
1777904967,loop38,0.00,0.00,0.000,0.000,0.00
1777904967,loop39,0.00,0.00,0.000,0.000,0.00
1777904967,loop4,0.00,0.00,0.000,0.000,0.00
1777904967,loop40,0.00,0.00,0.000,0.000,0.00
1777904967,loop5,0.00,0.00,0.000,0.000,0.00
1777904967,loop6,0.00,0.00,0.000,0.000,0.00
1777904967,loop7,0.00,0.00,0.000,0.000,0.00
1777904967,loop8,0.00,0.00,0.000,0.000,0.00
1777904967,loop9,0.00,0.00,0.000,0.000,0.00
1777904967,nvme0n1,0.00,0.00,0.000,0.000,5.60
1777904968,loop0,0.00,0.00,0.000,0.000,0.00
1777904968,loop1,0.00,0.00,0.000,0.000,0.00
1777904968,loop10,0.00,0.00,0.000,0.000,0.00
1777904968,loop11,0.00,0.00,0.000,0.000,0.00
1777904968,loop12,0.00,0.00,0.000,0.000,0.00
1777904968,loop13,0.00,0.00,0.000,0.000,0.00
1777904968,loop14,0.00,0.00,0.000,0.000,0.00
1777904968,loop15,0.00,0.00,0.000,0.000,0.00
1777904968,loop16,0.00,0.00,0.000,0.000,0.00
1777904968,loop17,0.00,0.00,0.000,0.000,0.00
1777904968,loop18,0.00,0.00,0.000,0.000,0.00
1777904968,loop19,0.00,0.00,0.000,0.000,0.00
1777904968,loop2,0.00,0.00,0.000,0.000,0.00
1777904968,loop20,0.00,0.00,0.000,0.000,0.00
1777904968,loop21,0.00,0.00,0.000,0.000,0.00
1777904968,loop22,0.00,0.00,0.000,0.000,0.00
1777904968,loop23,0.00,0.00,0.000,0.000,0.00
1777904968,loop24,0.00,0.00,0.000,0.000,0.00
1777904968,loop25,0.00,0.00,0.000,0.000,0.00
1777904968,loop26,0.00,0.00,0.000,0.000,0.00
1777904968,loop27,0.00,0.00,0.000,0.000,0.00
1777904968,loop28,0.00,0.00,0.000,0.000,0.00
1777904968,loop29,0.00,0.00,0.000,0.000,0.00
1777904968,loop3,0.00,0.00,0.000,0.000,0.00
1777904968,loop30,0.00,0.00,0.000,0.000,0.00
1777904968,loop31,0.00,0.00,0.000,0.000,0.00
1777904968,loop32,0.00,0.00,0.000,0.000,0.00
1777904968,loop33,0.00,0.00,0.000,0.000,0.00
1777904968,loop34,0.00,0.00,0.000,0.000,0.00
1777904968,loop35,0.00,0.00,0.000,0.000,0.00
1777904968,loop36,0.00,0.00,0.000,0.000,0.00
1777904968,loop37,0.00,0.00,0.000,0.000,0.00
1777904968,loop38,0.00,0.00,0.000,0.000,0.00
1777904968,loop39,0.00,0.00,0.000,0.000,0.00
1777904968,loop4,0.00,0.00,0.000,0.000,0.00
1777904968,loop40,0.00,0.00,0.000,0.000,0.00
1777904968,loop5,0.00,0.00,0.000,0.000,0.00
1777904968,loop6,0.00,0.00,0.000,0.000,0.00
1777904968,loop7,0.00,0.00,0.000,0.000,0.00
1777904968,loop8,0.00,0.00,0.000,0.000,0.00
1777904968,loop9,0.00,0.00,0.000,0.000,0.00
1777904968,nvme0n1,0.00,0.00,0.000,0.000,0.00
1777904969,loop0,0.00,0.00,0.000,0.000,0.00
1777904969,loop1,0.00,0.00,0.000,0.000,0.00
1777904969,loop10,0.00,0.00,0.000,0.000,0.00
1777904969,loop11,0.00,0.00,0.000,0.000,0.00
1777904969,loop12,0.00,0.00,0.000,0.000,0.00
1777904969,loop13,0.00,0.00,0.000,0.000,0.00
1777904969,loop14,0.00,0.00,0.000,0.000,0.00
1777904969,loop15,0.00,0.00,0.000,0.000,0.00
1777904969,loop16,0.00,0.00,0.000,0.000,0.00
1777904969,loop17,0.00,0.00,0.000,0.000,0.00
1777904969,loop18,0.00,0.00,0.000,0.000,0.00
1777904969,loop19,0.00,0.00,0.000,0.000,0.00
1777904969,loop2,0.00,0.00,0.000,0.000,0.00
1777904969,loop20,0.00,0.00,0.000,0.000,0.00
1777904969,loop21,0.00,0.00,0.000,0.000,0.00
1777904969,loop22,0.00,0.00,0.000,0.000,0.00
1777904969,loop23,0.00,0.00,0.000,0.000,0.00
1777904969,loop24,0.00,0.00,0.000,0.000,0.00
1777904969,loop25,0.00,0.00,0.000,0.000,0.00
1777904969,loop26,0.00,0.00,0.000,0.000,0.00
1777904969,loop27,0.00,0.00,0.000,0.000,0.00
1777904969,loop28,0.00,0.00,0.000,0.000,0.00
1777904969,loop29,0.00,0.00,0.000,0.000,0.00
1777904969,loop3,0.00,0.00,0.000,0.000,0.00
1777904969,loop30,0.00,0.00,0.000,0.000,0.00
1777904969,loop31,0.00,0.00,0.000,0.000,0.00
1777904969,loop32,0.00,0.00,0.000,0.000,0.00
1777904969,loop33,0.00,0.00,0.000,0.000,0.00
1777904969,loop34,0.00,0.00,0.000,0.000,0.00
1777904969,loop35,0.00,0.00,0.000,0.000,0.00
1777904969,loop36,0.00,0.00,0.000,0.000,0.00
1777904969,loop37,0.00,0.00,0.000,0.000,0.00
1777904969,loop38,0.00,0.00,0.000,0.000,0.00
1777904969,loop39,0.00,0.00,0.000,0.000,0.00
1777904969,loop4,0.00,0.00,0.000,0.000,0.00
1777904969,loop40,0.00,0.00,0.000,0.000,0.00
1777904969,loop5,0.00,0.00,0.000,0.000,0.00
1777904969,loop6,0.00,0.00,0.000,0.000,0.00
1777904969,loop7,0.00,0.00,0.000,0.000,0.00
1777904969,loop8,0.00,0.00,0.000,0.000,0.00
1777904969,loop9,0.00,0.00,0.000,0.000,0.00
1777904969,nvme0n1,1.00,4.00,0.000,0.000,0.10
1777904970,loop0,0.00,0.00,0.000,0.000,0.00
1777904970,loop1,0.00,0.00,0.000,0.000,0.00
1777904970,loop10,0.00,0.00,0.000,0.000,0.00
1777904970,loop11,0.00,0.00,0.000,0.000,0.00
1777904970,loop12,0.00,0.00,0.000,0.000,0.00
1777904970,loop13,0.00,0.00,0.000,0.000,0.00
1777904970,loop14,0.00,0.00,0.000,0.000,0.00
1777904970,loop15,0.00,0.00,0.000,0.000,0.00
1777904970,loop16,0.00,0.00,0.000,0.000,0.00
1777904970,loop17,0.00,0.00,0.000,0.000,0.00
1777904970,loop18,0.00,0.00,0.000,0.000,0.00
1777904970,loop19,0.00,0.00,0.000,0.000,0.00
1777904970,loop2,0.00,0.00,0.000,0.000,0.00
1777904970,loop20,0.00,0.00,0.000,0.000,0.00
1777904970,loop21,0.00,0.00,0.000,0.000,0.00
1777904970,loop22,0.00,0.00,0.000,0.000,0.00
1777904970,loop23,0.00,0.00,0.000,0.000,0.00
1777904970,loop24,0.00,0.00,0.000,0.000,0.00
1777904970,loop25,0.00,0.00,0.000,0.000,0.00
1777904970,loop26,0.00,0.00,0.000,0.000,0.00
1777904970,loop27,0.00,0.00,0.000,0.000,0.00
1777904970,loop28,0.00,0.00,0.000,0.000,0.00
1777904970,loop29,0.00,0.00,0.000,0.000,0.00
1777904970,loop3,0.00,0.00,0.000,0.000,0.00
1777904970,loop30,0.00,0.00,0.000,0.000,0.00
1777904970,loop31,0.00,0.00,0.000,0.000,0.00
1777904970,loop32,0.00,0.00,0.000,0.000,0.00
1777904970,loop33,0.00,0.00,0.000,0.000,0.00
1777904970,loop34,0.00,0.00,0.000,0.000,0.00
1777904970,loop35,0.00,0.00,0.000,0.000,0.00
1777904970,loop36,0.00,0.00,0.000,0.000,0.00
1777904970,loop37,0.00,0.00,0.000,0.000,0.00
1777904970,loop38,0.00,0.00,0.000,0.000,0.00
1777904970,loop39,0.00,0.00,0.000,0.000,0.00
1777904970,loop4,0.00,0.00,0.000,0.000,0.00
1777904970,loop40,0.00,0.00,0.000,0.000,0.00
1777904970,loop5,0.00,0.00,0.000,0.000,0.00
1777904970,loop6,0.00,0.00,0.000,0.000,0.00
1777904970,loop7,0.00,0.00,0.000,0.000,0.00
1777904970,loop8,0.00,0.00,0.000,0.000,0.00
1777904970,loop9,0.00,0.00,0.000,0.000,0.00
1777904970,nvme0n1,0.00,0.00,0.000,0.000,0.00
1777904971,loop0,0.00,0.00,0.000,0.000,0.00
1777904971,loop1,0.00,0.00,0.000,0.000,0.00
1777904971,loop10,0.00,0.00,0.000,0.000,0.00
1777904971,loop11,0.00,0.00,0.000,0.000,0.00
1777904971,loop12,0.00,0.00,0.000,0.000,0.00
1777904971,loop13,0.00,0.00,0.000,0.000,0.00
1777904971,loop14,0.00,0.00,0.000,0.000,0.00
1777904971,loop15,0.00,0.00,0.000,0.000,0.00
1777904971,loop16,0.00,0.00,0.000,0.000,0.00
1777904971,loop17,0.00,0.00,0.000,0.000,0.00
1777904971,loop18,0.00,0.00,0.000,0.000,0.00
1777904971,loop19,0.00,0.00,0.000,0.000,0.00
1777904971,loop2,0.00,0.00,0.000,0.000,0.00
1777904971,loop20,0.00,0.00,0.000,0.000,0.00
1777904971,loop21,0.00,0.00,0.000,0.000,0.00
1777904971,loop22,0.00,0.00,0.000,0.000,0.00
1777904971,loop23,0.00,0.00,0.000,0.000,0.00
1777904971,loop24,0.00,0.00,0.000,0.000,0.00
1777904971,loop25,0.00,0.00,0.000,0.000,0.00
1777904971,loop26,0.00,0.00,0.000,0.000,0.00
1777904971,loop27,0.00,0.00,0.000,0.000,0.00
1777904971,loop28,0.00,0.00,0.000,0.000,0.00
1777904971,loop29,0.00,0.00,0.000,0.000,0.00
1777904971,loop3,0.00,0.00,0.000,0.000,0.00
1777904971,loop30,0.00,0.00,0.000,0.000,0.00
1777904971,loop31,0.00,0.00,0.000,0.000,0.00
1777904971,loop32,0.00,0.00,0.000,0.000,0.00
1777904971,loop33,0.00,0.00,0.000,0.000,0.00
1777904971,loop34,0.00,0.00,0.000,0.000,0.00
1777904971,loop35,0.00,0.00,0.000,0.000,0.00
1777904971,loop36,0.00,0.00,0.000,0.000,0.00
1777904971,loop37,0.00,0.00,0.000,0.000,0.00
1777904971,loop38,0.00,0.00,0.000,0.000,0.00
1777904971,loop39,0.00,0.00,0.000,0.000,0.00
1777904971,loop4,0.00,0.00,0.000,0.000,0.00
1777904971,loop40,0.00,0.00,0.000,0.000,0.00
1777904971,loop5,0.00,0.00,0.000,0.000,0.00
1777904971,loop6,0.00,0.00,0.000,0.000,0.00
1777904971,loop7,0.00,0.00,0.000,0.000,0.00
1777904971,loop8,0.00,0.00,0.000,0.000,0.00
1777904971,loop9,0.00,0.00,0.000,0.000,0.00
1777904971,nvme0n1,2.00,16.00,0.002,0.049,2.30
1777904972,loop0,0.00,0.00,0.000,0.000,0.00
1777904972,loop1,0.00,0.00,0.000,0.000,0.00
1777904972,loop10,0.00,0.00,0.000,0.000,0.00
1777904972,loop11,0.00,0.00,0.000,0.000,0.00
1777904972,loop12,0.00,0.00,0.000,0.000,0.00
1777904972,loop13,0.00,0.00,0.000,0.000,0.00
1777904972,loop14,0.00,0.00,0.000,0.000,0.00
1777904972,loop15,0.00,0.00,0.000,0.000,0.00
1777904972,loop16,0.00,0.00,0.000,0.000,0.00
1777904972,loop17,0.00,0.00,0.000,0.000,0.00
1777904972,loop18,0.00,0.00,0.000,0.000,0.00
1777904972,loop19,0.00,0.00,0.000,0.000,0.00
1777904972,loop2,0.00,0.00,0.000,0.000,0.00
1777904972,loop20,0.00,0.00,0.000,0.000,0.00
1777904972,loop21,0.00,0.00,0.000,0.000,0.00
1777904972,loop22,0.00,0.00,0.000,0.000,0.00
1777904972,loop23,0.00,0.00,0.000,0.000,0.00
1777904972,loop24,0.00,0.00,0.000,0.000,0.00
1777904972,loop25,0.00,0.00,0.000,0.000,0.00
1777904972,loop26,0.00,0.00,0.000,0.000,0.00
1777904972,loop27,0.00,0.00,0.000,0.000,0.00
1777904972,loop28,0.00,0.00,0.000,0.000,0.00
1777904972,loop29,0.00,0.00,0.000,0.000,0.00
1777904972,loop3,0.00,0.00,0.000,0.000,0.00
1777904972,loop30,0.00,0.00,0.000,0.000,0.00
1777904972,loop31,0.00,0.00,0.000,0.000,0.00
1777904972,loop32,0.00,0.00,0.000,0.000,0.00
1777904972,loop33,0.00,0.00,0.000,0.000,0.00
1777904972,loop34,0.00,0.00,0.000,0.000,0.00
1777904972,loop35,0.00,0.00,0.000,0.000,0.00
1777904972,loop36,0.00,0.00,0.000,0.000,0.00
1777904972,loop37,0.00,0.00,0.000,0.000,0.00
1777904972,loop38,0.00,0.00,0.000,0.000,0.00
1777904972,loop39,0.00,0.00,0.000,0.000,0.00
1777904972,loop4,0.00,0.00,0.000,0.000,0.00
1777904972,loop40,0.00,0.00,0.000,0.000,0.00
1777904972,loop5,0.00,0.00,0.000,0.000,0.00
1777904972,loop6,0.00,0.00,0.000,0.000,0.00
1777904972,loop7,0.00,0.00,0.000,0.000,0.00
1777904972,loop8,0.00,0.00,0.000,0.000,0.00
1777904972,loop9,0.00,0.00,0.000,0.000,0.00
1777904972,nvme0n1,21.00,88.00,0.001,0.004,0.50
1777904973,loop0,0.00,0.00,0.000,0.000,0.00
1777904973,loop1,0.00,0.00,0.000,0.000,0.00
1777904973,loop10,0.00,0.00,0.000,0.000,0.00
1777904973,loop11,0.00,0.00,0.000,0.000,0.00
1777904973,loop12,0.00,0.00,0.000,0.000,0.00
1777904973,loop13,0.00,0.00,0.000,0.000,0.00
1777904973,loop14,0.00,0.00,0.000,0.000,0.00
1777904973,loop15,0.00,0.00,0.000,0.000,0.00
1777904973,loop16,0.00,0.00,0.000,0.000,0.00
1777904973,loop17,0.00,0.00,0.000,0.000,0.00
1777904973,loop18,0.00,0.00,0.000,0.000,0.00
1777904973,loop19,0.00,0.00,0.000,0.000,0.00
1777904973,loop2,0.00,0.00,0.000,0.000,0.00
1777904973,loop20,0.00,0.00,0.000,0.000,0.00
1777904973,loop21,0.00,0.00,0.000,0.000,0.00
1777904973,loop22,0.00,0.00,0.000,0.000,0.00
1777904973,loop23,0.00,0.00,0.000,0.000,0.00
1777904973,loop24,0.00,0.00,0.000,0.000,0.00
1777904973,loop25,0.00,0.00,0.000,0.000,0.00
1777904973,loop26,0.00,0.00,0.000,0.000,0.00
1777904973,loop27,0.00,0.00,0.000,0.000,0.00
1777904973,loop28,0.00,0.00,0.000,0.000,0.00
1777904973,loop29,0.00,0.00,0.000,0.000,0.00
1777904973,loop3,0.00,0.00,0.000,0.000,0.00
1777904973,loop30,0.00,0.00,0.000,0.000,0.00
1777904973,loop31,0.00,0.00,0.000,0.000,0.00
1777904973,loop32,0.00,0.00,0.000,0.000,0.00
1777904973,loop33,0.00,0.00,0.000,0.000,0.00
1777904973,loop34,0.00,0.00,0.000,0.000,0.00
1777904973,loop35,0.00,0.00,0.000,0.000,0.00
1777904973,loop36,0.00,0.00,0.000,0.000,0.00
1777904973,loop37,0.00,0.00,0.000,0.000,0.00
1777904973,loop38,0.00,0.00,0.000,0.000,0.00
1777904973,loop39,0.00,0.00,0.000,0.000,0.00
1777904973,loop4,0.00,0.00,0.000,0.000,0.00
1777904973,loop40,0.00,0.00,0.000,0.000,0.00
1777904973,loop5,0.00,0.00,0.000,0.000,0.00
1777904973,loop6,0.00,0.00,0.000,0.000,0.00
1777904973,loop7,0.00,0.00,0.000,0.000,0.00
1777904973,loop8,0.00,0.00,0.000,0.000,0.00
1777904973,loop9,0.00,0.00,0.000,0.000,0.00
1777904973,nvme0n1,13.00,60.00,0.002,0.013,0.50
1777904974,loop0,0.00,0.00,0.000,0.000,0.00
1777904974,loop1,0.00,0.00,0.000,0.000,0.00
1777904974,loop10,0.00,0.00,0.000,0.000,0.00
1777904974,loop11,0.00,0.00,0.000,0.000,0.00
1777904974,loop12,0.00,0.00,0.000,0.000,0.00
1777904974,loop13,0.00,0.00,0.000,0.000,0.00
1777904974,loop14,0.00,0.00,0.000,0.000,0.00
1777904974,loop15,0.00,0.00,0.000,0.000,0.00
1777904974,loop16,0.00,0.00,0.000,0.000,0.00
1777904974,loop17,0.00,0.00,0.000,0.000,0.00
1777904974,loop18,0.00,0.00,0.000,0.000,0.00
1777904974,loop19,0.00,0.00,0.000,0.000,0.00
1777904974,loop2,0.00,0.00,0.000,0.000,0.00
1777904974,loop20,0.00,0.00,0.000,0.000,0.00
1777904974,loop21,0.00,0.00,0.000,0.000,0.00
1777904974,loop22,0.00,0.00,0.000,0.000,0.00
1777904974,loop23,0.00,0.00,0.000,0.000,0.00
1777904974,loop24,0.00,0.00,0.000,0.000,0.00
1777904974,loop25,0.00,0.00,0.000,0.000,0.00
1777904974,loop26,0.00,0.00,0.000,0.000,0.00
1777904974,loop27,0.00,0.00,0.000,0.000,0.00
1777904974,loop28,0.00,0.00,0.000,0.000,0.00
1777904974,loop29,0.00,0.00,0.000,0.000,0.00
1777904974,loop3,0.00,0.00,0.000,0.000,0.00
1777904974,loop30,0.00,0.00,0.000,0.000,0.00
1777904974,loop31,0.00,0.00,0.000,0.000,0.00
1777904974,loop32,0.00,0.00,0.000,0.000,0.00
1777904974,loop33,0.00,0.00,0.000,0.000,0.00
1777904974,loop34,0.00,0.00,0.000,0.000,0.00
1777904974,loop35,0.00,0.00,0.000,0.000,0.00
1777904974,loop36,0.00,0.00,0.000,0.000,0.00
1777904974,loop37,0.00,0.00,0.000,0.000,0.00
1777904974,loop38,0.00,0.00,0.000,0.000,0.00
1777904974,loop39,0.00,0.00,0.000,0.000,0.00
1777904974,loop4,0.00,0.00,0.000,0.000,0.00
1777904974,loop40,0.00,0.00,0.000,0.000,0.00
1777904974,loop5,0.00,0.00,0.000,0.000,0.00
1777904974,loop6,0.00,0.00,0.000,0.000,0.00
1777904974,loop7,0.00,0.00,0.000,0.000,0.00
1777904974,loop8,0.00,0.00,0.000,0.000,0.00
1777904974,loop9,0.00,0.00,0.000,0.000,0.00
1777904974,nvme0n1,0.00,0.00,0.000,0.000,0.00
1777904975,loop0,0.00,0.00,0.000,0.000,0.00
1777904975,loop1,0.00,0.00,0.000,0.000,0.00
1777904975,loop10,0.00,0.00,0.000,0.000,0.00
1777904975,loop11,0.00,0.00,0.000,0.000,0.00
1777904975,loop12,0.00,0.00,0.000,0.000,0.00
1777904975,loop13,0.00,0.00,0.000,0.000,0.00
1777904975,loop14,0.00,0.00,0.000,0.000,0.00
1777904975,loop15,0.00,0.00,0.000,0.000,0.00
1777904975,loop16,0.00,0.00,0.000,0.000,0.00
1777904975,loop17,0.00,0.00,0.000,0.000,0.00
1777904975,loop18,0.00,0.00,0.000,0.000,0.00
1777904975,loop19,0.00,0.00,0.000,0.000,0.00
1777904975,loop2,0.00,0.00,0.000,0.000,0.00
1777904975,loop20,0.00,0.00,0.000,0.000,0.00
1777904975,loop21,0.00,0.00,0.000,0.000,0.00
1777904975,loop22,0.00,0.00,0.000,0.000,0.00
1777904975,loop23,0.00,0.00,0.000,0.000,0.00
1777904975,loop24,0.00,0.00,0.000,0.000,0.00
1777904975,loop25,0.00,0.00,0.000,0.000,0.00
1777904975,loop26,0.00,0.00,0.000,0.000,0.00
1777904975,loop27,0.00,0.00,0.000,0.000,0.00
1777904975,loop28,0.00,0.00,0.000,0.000,0.00
1777904975,loop29,0.00,0.00,0.000,0.000,0.00
1777904975,loop3,0.00,0.00,0.000,0.000,0.00
1777904975,loop30,0.00,0.00,0.000,0.000,0.00
1777904975,loop31,0.00,0.00,0.000,0.000,0.00
1777904975,loop32,0.00,0.00,0.000,0.000,0.00
1777904975,loop33,0.00,0.00,0.000,0.000,0.00
1777904975,loop34,0.00,0.00,0.000,0.000,0.00
1777904975,loop35,0.00,0.00,0.000,0.000,0.00
1777904975,loop36,0.00,0.00,0.000,0.000,0.00
1777904975,loop37,0.00,0.00,0.000,0.000,0.00
1777904975,loop38,0.00,0.00,0.000,0.000,0.00
1777904975,loop39,0.00,0.00,0.000,0.000,0.00
1777904975,loop4,0.00,0.00,0.000,0.000,0.00
1777904975,loop40,0.00,0.00,0.000,0.000,0.00
1777904975,loop5,0.00,0.00,0.000,0.000,0.00
1777904975,loop6,0.00,0.00,0.000,0.000,0.00
1777904975,loop7,0.00,0.00,0.000,0.000,0.00
1777904975,loop8,0.00,0.00,0.000,0.000,0.00
1777904975,loop9,0.00,0.00,0.000,0.000,0.00
1777904975,nvme0n1,0.00,0.00,0.000,0.000,0.00
1777904976,loop0,0.00,0.00,0.000,0.000,0.00
1777904976,loop1,0.00,0.00,0.000,0.000,0.00
1777904976,loop10,0.00,0.00,0.000,0.000,0.00
1777904976,loop11,0.00,0.00,0.000,0.000,0.00
1777904976,loop12,0.00,0.00,0.000,0.000,0.00
1777904976,loop13,0.00,0.00,0.000,0.000,0.00
1777904976,loop14,0.00,0.00,0.000,0.000,0.00
1777904976,loop15,0.00,0.00,0.000,0.000,0.00
1777904976,loop16,0.00,0.00,0.000,0.000,0.00
1777904976,loop17,0.00,0.00,0.000,0.000,0.00
1777904976,loop18,0.00,0.00,0.000,0.000,0.00
1777904976,loop19,0.00,0.00,0.000,0.000,0.00
1777904976,loop2,0.00,0.00,0.000,0.000,0.00
1777904976,loop20,0.00,0.00,0.000,0.000,0.00
1777904976,loop21,0.00,0.00,0.000,0.000,0.00
1777904976,loop22,0.00,0.00,0.000,0.000,0.00
1777904976,loop23,0.00,0.00,0.000,0.000,0.00
1777904976,loop24,0.00,0.00,0.000,0.000,0.00
1777904976,loop25,0.00,0.00,0.000,0.000,0.00
1777904976,loop26,0.00,0.00,0.000,0.000,0.00
1777904976,loop27,0.00,0.00,0.000,0.000,0.00
1777904976,loop28,0.00,0.00,0.000,0.000,0.00
1777904976,loop29,0.00,0.00,0.000,0.000,0.00
1777904976,loop3,0.00,0.00,0.000,0.000,0.00
1777904976,loop30,0.00,0.00,0.000,0.000,0.00
1777904976,loop31,0.00,0.00,0.000,0.000,0.00
1777904976,loop32,0.00,0.00,0.000,0.000,0.00
1777904976,loop33,0.00,0.00,0.000,0.000,0.00
1777904976,loop34,0.00,0.00,0.000,0.000,0.00
1777904976,loop35,0.00,0.00,0.000,0.000,0.00
1777904976,loop36,0.00,0.00,0.000,0.000,0.00
1777904976,loop37,0.00,0.00,0.000,0.000,0.00
1777904976,loop38,0.00,0.00,0.000,0.000,0.00
1777904976,loop39,0.00,0.00,0.000,0.000,0.00
1777904976,loop4,0.00,0.00,0.000,0.000,0.00
1777904976,loop40,0.00,0.00,0.000,0.000,0.00
1777904976,loop5,0.00,0.00,0.000,0.000,0.00
1777904976,loop6,0.00,0.00,0.000,0.000,0.00
1777904976,loop7,0.00,0.00,0.000,0.000,0.00
1777904976,loop8,0.00,0.00,0.000,0.000,0.00
1777904976,loop9,0.00,0.00,0.000,0.000,0.00
1777904976,nvme0n1,0.00,0.00,0.000,0.000,5.60
1777904977,loop0,0.00,0.00,0.000,0.000,0.00
1777904977,loop1,0.00,0.00,0.000,0.000,0.00
1777904977,loop10,0.00,0.00,0.000,0.000,0.00
1777904977,loop11,0.00,0.00,0.000,0.000,0.00
1777904977,loop12,0.00,0.00,0.000,0.000,0.00
1777904977,loop13,0.00,0.00,0.000,0.000,0.00
1777904977,loop14,0.00,0.00,0.000,0.000,0.00
1777904977,loop15,0.00,0.00,0.000,0.000,0.00
1777904977,loop16,0.00,0.00,0.000,0.000,0.00
1777904977,loop17,0.00,0.00,0.000,0.000,0.00
1777904977,loop18,0.00,0.00,0.000,0.000,0.00
1777904977,loop19,0.00,0.00,0.000,0.000,0.00
1777904977,loop2,0.00,0.00,0.000,0.000,0.00
1777904977,loop20,0.00,0.00,0.000,0.000,0.00
1777904977,loop21,0.00,0.00,0.000,0.000,0.00
1777904977,loop22,0.00,0.00,0.000,0.000,0.00
1777904977,loop23,0.00,0.00,0.000,0.000,0.00
1777904977,loop24,0.00,0.00,0.000,0.000,0.00
1777904977,loop25,0.00,0.00,0.000,0.000,0.00
1777904977,loop26,0.00,0.00,0.000,0.000,0.00
1777904977,loop27,0.00,0.00,0.000,0.000,0.00
1777904977,loop28,0.00,0.00,0.000,0.000,0.00
1777904977,loop29,0.00,0.00,0.000,0.000,0.00
1777904977,loop3,0.00,0.00,0.000,0.000,0.00
1777904977,loop30,0.00,0.00,0.000,0.000,0.00
1777904977,loop31,0.00,0.00,0.000,0.000,0.00
1777904977,loop32,0.00,0.00,0.000,0.000,0.00
1777904977,loop33,0.00,0.00,0.000,0.000,0.00
1777904977,loop34,0.00,0.00,0.000,0.000,0.00
1777904977,loop35,0.00,0.00,0.000,0.000,0.00
1777904977,loop36,0.00,0.00,0.000,0.000,0.00
1777904977,loop37,0.00,0.00,0.000,0.000,0.00
1777904977,loop38,0.00,0.00,0.000,0.000,0.00
1777904977,loop39,0.00,0.00,0.000,0.000,0.00
1777904977,loop4,0.00,0.00,0.000,0.000,0.00
1777904977,loop40,0.00,0.00,0.000,0.000,0.00
1777904977,loop5,0.00,0.00,0.000,0.000,0.00
1777904977,loop6,0.00,0.00,0.000,0.000,0.00
1777904977,loop7,0.00,0.00,0.000,0.000,0.00
1777904977,loop8,0.00,0.00,0.000,0.000,0.00
1777904977,loop9,0.00,0.00,0.000,0.000,0.00
1777904977,nvme0n1,0.00,0.00,0.000,0.000,0.00
1777904978,loop0,0.00,0.00,0.000,0.000,0.00
1777904978,loop1,0.00,0.00,0.000,0.000,0.00
1777904978,loop10,0.00,0.00,0.000,0.000,0.00
1777904978,loop11,0.00,0.00,0.000,0.000,0.00
1777904978,loop12,0.00,0.00,0.000,0.000,0.00
1777904978,loop13,0.00,0.00,0.000,0.000,0.00
1777904978,loop14,0.00,0.00,0.000,0.000,0.00
1777904978,loop15,0.00,0.00,0.000,0.000,0.00
1777904978,loop16,0.00,0.00,0.000,0.000,0.00
1777904978,loop17,0.00,0.00,0.000,0.000,0.00
1777904978,loop18,0.00,0.00,0.000,0.000,0.00
1777904978,loop19,0.00,0.00,0.000,0.000,0.00
1777904978,loop2,0.00,0.00,0.000,0.000,0.00
1777904978,loop20,0.00,0.00,0.000,0.000,0.00
1777904978,loop21,0.00,0.00,0.000,0.000,0.00
1777904978,loop22,0.00,0.00,0.000,0.000,0.00
1777904978,loop23,0.00,0.00,0.000,0.000,0.00
1777904978,loop24,0.00,0.00,0.000,0.000,0.00
1777904978,loop25,0.00,0.00,0.000,0.000,0.00
1777904978,loop26,0.00,0.00,0.000,0.000,0.00
1777904978,loop27,0.00,0.00,0.000,0.000,0.00
1777904978,loop28,0.00,0.00,0.000,0.000,0.00
1777904978,loop29,0.00,0.00,0.000,0.000,0.00
1777904978,loop3,0.00,0.00,0.000,0.000,0.00
1777904978,loop30,0.00,0.00,0.000,0.000,0.00
1777904978,loop31,0.00,0.00,0.000,0.000,0.00
1777904978,loop32,0.00,0.00,0.000,0.000,0.00
1777904978,loop33,0.00,0.00,0.000,0.000,0.00
1777904978,loop34,0.00,0.00,0.000,0.000,0.00
1777904978,loop35,0.00,0.00,0.000,0.000,0.00
1777904978,loop36,0.00,0.00,0.000,0.000,0.00
1777904978,loop37,0.00,0.00,0.000,0.000,0.00
1777904978,loop38,0.00,0.00,0.000,0.000,0.00
1777904978,loop39,0.00,0.00,0.000,0.000,0.00
1777904978,loop4,0.00,0.00,0.000,0.000,0.00
1777904978,loop40,0.00,0.00,0.000,0.000,0.00
1777904978,loop5,0.00,0.00,0.000,0.000,0.00
1777904978,loop6,0.00,0.00,0.000,0.000,0.00
1777904978,loop7,0.00,0.00,0.000,0.000,0.00
1777904978,loop8,0.00,0.00,0.000,0.000,0.00
1777904978,loop9,0.00,0.00,0.000,0.000,0.00
1777904978,nvme0n1,0.00,0.00,0.000,0.000,0.10
1777904979,loop0,0.00,0.00,0.000,0.000,0.00
1777904979,loop1,0.00,0.00,0.000,0.000,0.00
1777904979,loop10,0.00,0.00,0.000,0.000,0.00
1777904979,loop11,0.00,0.00,0.000,0.000,0.00
1777904979,loop12,0.00,0.00,0.000,0.000,0.00
1777904979,loop13,0.00,0.00,0.000,0.000,0.00
1777904979,loop14,0.00,0.00,0.000,0.000,0.00
1777904979,loop15,0.00,0.00,0.000,0.000,0.00
1777904979,loop16,0.00,0.00,0.000,0.000,0.00
1777904979,loop17,0.00,0.00,0.000,0.000,0.00
1777904979,loop18,0.00,0.00,0.000,0.000,0.00
1777904979,loop19,0.00,0.00,0.000,0.000,0.00
1777904979,loop2,0.00,0.00,0.000,0.000,0.00
1777904979,loop20,0.00,0.00,0.000,0.000,0.00
1777904979,loop21,0.00,0.00,0.000,0.000,0.00
1777904979,loop22,0.00,0.00,0.000,0.000,0.00
1777904979,loop23,0.00,0.00,0.000,0.000,0.00
1777904979,loop24,0.00,0.00,0.000,0.000,0.00
1777904979,loop25,0.00,0.00,0.000,0.000,0.00
1777904979,loop26,0.00,0.00,0.000,0.000,0.00
1777904979,loop27,0.00,0.00,0.000,0.000,0.00
1777904979,loop28,0.00,0.00,0.000,0.000,0.00
1777904979,loop29,0.00,0.00,0.000,0.000,0.00
1777904979,loop3,0.00,0.00,0.000,0.000,0.00
1777904979,loop30,0.00,0.00,0.000,0.000,0.00
1777904979,loop31,0.00,0.00,0.000,0.000,0.00
1777904979,loop32,0.00,0.00,0.000,0.000,0.00
1777904979,loop33,0.00,0.00,0.000,0.000,0.00
1777904979,loop34,0.00,0.00,0.000,0.000,0.00
1777904979,loop35,0.00,0.00,0.000,0.000,0.00
1777904979,loop36,0.00,0.00,0.000,0.000,0.00
1777904979,loop37,0.00,0.00,0.000,0.000,0.00
1777904979,loop38,0.00,0.00,0.000,0.000,0.00
1777904979,loop39,0.00,0.00,0.000,0.000,0.00
1777904979,loop4,0.00,0.00,0.000,0.000,0.00
1777904979,loop40,0.00,0.00,0.000,0.000,0.00
1777904979,loop5,0.00,0.00,0.000,0.000,0.00
1777904979,loop6,0.00,0.00,0.000,0.000,0.00
1777904979,loop7,0.00,0.00,0.000,0.000,0.00
1777904979,loop8,0.00,0.00,0.000,0.000,0.00
1777904979,loop9,0.00,0.00,0.000,0.000,0.00
1777904979,nvme0n1,0.00,0.00,0.000,0.000,0.60
1777904980,loop0,0.00,0.00,0.000,0.000,0.00
1777904980,loop1,0.00,0.00,0.000,0.000,0.00
1777904980,loop10,0.00,0.00,0.000,0.000,0.00
1777904980,loop11,0.00,0.00,0.000,0.000,0.00
1777904980,loop12,0.00,0.00,0.000,0.000,0.00
1777904980,loop13,0.00,0.00,0.000,0.000,0.00
1777904980,loop14,0.00,0.00,0.000,0.000,0.00
1777904980,loop15,0.00,0.00,0.000,0.000,0.00
1777904980,loop16,0.00,0.00,0.000,0.000,0.00
1777904980,loop17,0.00,0.00,0.000,0.000,0.00
1777904980,loop18,0.00,0.00,0.000,0.000,0.00
1777904980,loop19,0.00,0.00,0.000,0.000,0.00
1777904980,loop2,0.00,0.00,0.000,0.000,0.00
1777904980,loop20,0.00,0.00,0.000,0.000,0.00
1777904980,loop21,0.00,0.00,0.000,0.000,0.00
1777904980,loop22,0.00,0.00,0.000,0.000,0.00
1777904980,loop23,0.00,0.00,0.000,0.000,0.00
1777904980,loop24,0.00,0.00,0.000,0.000,0.00
1777904980,loop25,0.00,0.00,0.000,0.000,0.00
1777904980,loop26,0.00,0.00,0.000,0.000,0.00
1777904980,loop27,0.00,0.00,0.000,0.000,0.00
1777904980,loop28,0.00,0.00,0.000,0.000,0.00
1777904980,loop29,0.00,0.00,0.000,0.000,0.00
1777904980,loop3,0.00,0.00,0.000,0.000,0.00
1777904980,loop30,0.00,0.00,0.000,0.000,0.00
1777904980,loop31,0.00,0.00,0.000,0.000,0.00
1777904980,loop32,0.00,0.00,0.000,0.000,0.00
1777904980,loop33,0.00,0.00,0.000,0.000,0.00
1777904980,loop34,0.00,0.00,0.000,0.000,0.00
1777904980,loop35,0.00,0.00,0.000,0.000,0.00
1777904980,loop36,0.00,0.00,0.000,0.000,0.00
1777904980,loop37,0.00,0.00,0.000,0.000,0.00
1777904980,loop38,0.00,0.00,0.000,0.000,0.00
1777904980,loop39,0.00,0.00,0.000,0.000,0.00
1777904980,loop4,0.00,0.00,0.000,0.000,0.00
1777904980,loop40,0.00,0.00,0.000,0.000,0.00
1777904980,loop5,0.00,0.00,0.000,0.000,0.00
1777904980,loop6,0.00,0.00,0.000,0.000,0.00
1777904980,loop7,0.00,0.00,0.000,0.000,0.00
1777904980,loop8,0.00,0.00,0.000,0.000,0.00
1777904980,loop9,0.00,0.00,0.000,0.000,0.00
1777904980,nvme0n1,0.00,0.00,0.000,0.000,0.00
1777904981,loop0,0.00,0.00,0.000,0.000,0.00
1777904981,loop1,0.00,0.00,0.000,0.000,0.00
1777904981,loop10,0.00,0.00,0.000,0.000,0.00
1777904981,loop11,0.00,0.00,0.000,0.000,0.00
1777904981,loop12,0.00,0.00,0.000,0.000,0.00
1777904981,loop13,0.00,0.00,0.000,0.000,0.00
1777904981,loop14,0.00,0.00,0.000,0.000,0.00
1777904981,loop15,0.00,0.00,0.000,0.000,0.00
1777904981,loop16,0.00,0.00,0.000,0.000,0.00
1777904981,loop17,0.00,0.00,0.000,0.000,0.00
1777904981,loop18,0.00,0.00,0.000,0.000,0.00
1777904981,loop19,0.00,0.00,0.000,0.000,0.00
1777904981,loop2,0.00,0.00,0.000,0.000,0.00
1777904981,loop20,0.00,0.00,0.000,0.000,0.00
1777904981,loop21,0.00,0.00,0.000,0.000,0.00
1777904981,loop22,0.00,0.00,0.000,0.000,0.00
1777904981,loop23,0.00,0.00,0.000,0.000,0.00
1777904981,loop24,0.00,0.00,0.000,0.000,0.00
1777904981,loop25,0.00,0.00,0.000,0.000,0.00
1777904981,loop26,0.00,0.00,0.000,0.000,0.00
1777904981,loop27,0.00,0.00,0.000,0.000,0.00
1777904981,loop28,0.00,0.00,0.000,0.000,0.00
1777904981,loop29,0.00,0.00,0.000,0.000,0.00
1777904981,loop3,0.00,0.00,0.000,0.000,0.00
1777904981,loop30,0.00,0.00,0.000,0.000,0.00
1777904981,loop31,0.00,0.00,0.000,0.000,0.00
1777904981,loop32,0.00,0.00,0.000,0.000,0.00
1777904981,loop33,0.00,0.00,0.000,0.000,0.00
1777904981,loop34,0.00,0.00,0.000,0.000,0.00
1777904981,loop35,0.00,0.00,0.000,0.000,0.00
1777904981,loop36,0.00,0.00,0.000,0.000,0.00
1777904981,loop37,0.00,0.00,0.000,0.000,0.00
1777904981,loop38,0.00,0.00,0.000,0.000,0.00
1777904981,loop39,0.00,0.00,0.000,0.000,0.00
1777904981,loop4,0.00,0.00,0.000,0.000,0.00
1777904981,loop40,0.00,0.00,0.000,0.000,0.00
1777904981,loop5,0.00,0.00,0.000,0.000,0.00
1777904981,loop6,0.00,0.00,0.000,0.000,0.00
1777904981,loop7,0.00,0.00,0.000,0.000,0.00
1777904981,loop8,0.00,0.00,0.000,0.000,0.00
1777904981,loop9,0.00,0.00,0.000,0.000,0.00
1777904981,nvme0n1,0.00,0.00,0.000,0.000,0.00
1777904982,loop0,0.00,0.00,0.000,0.000,0.00
1777904982,loop1,0.00,0.00,0.000,0.000,0.00
1777904982,loop10,0.00,0.00,0.000,0.000,0.00
1777904982,loop11,0.00,0.00,0.000,0.000,0.00
1777904982,loop12,0.00,0.00,0.000,0.000,0.00
1777904982,loop13,0.00,0.00,0.000,0.000,0.00
1777904982,loop14,0.00,0.00,0.000,0.000,0.00
1777904982,loop15,0.00,0.00,0.000,0.000,0.00
1777904982,loop16,0.00,0.00,0.000,0.000,0.00
1777904982,loop17,0.00,0.00,0.000,0.000,0.00
1777904982,loop18,0.00,0.00,0.000,0.000,0.00
1777904982,loop19,0.00,0.00,0.000,0.000,0.00
1777904982,loop2,0.00,0.00,0.000,0.000,0.00
1777904982,loop20,0.00,0.00,0.000,0.000,0.00
1777904982,loop21,0.00,0.00,0.000,0.000,0.00
1777904982,loop22,0.00,0.00,0.000,0.000,0.00
1777904982,loop23,0.00,0.00,0.000,0.000,0.00
1777904982,loop24,0.00,0.00,0.000,0.000,0.00
1777904982,loop25,0.00,0.00,0.000,0.000,0.00
1777904982,loop26,0.00,0.00,0.000,0.000,0.00
1777904982,loop27,0.00,0.00,0.000,0.000,0.00
1777904982,loop28,0.00,0.00,0.000,0.000,0.00
1777904982,loop29,0.00,0.00,0.000,0.000,0.00
1777904982,loop3,0.00,0.00,0.000,0.000,0.00
1777904982,loop30,0.00,0.00,0.000,0.000,0.00
1777904982,loop31,0.00,0.00,0.000,0.000,0.00
1777904982,loop32,0.00,0.00,0.000,0.000,0.00
1777904982,loop33,0.00,0.00,0.000,0.000,0.00
1777904982,loop34,0.00,0.00,0.000,0.000,0.00
1777904982,loop35,0.00,0.00,0.000,0.000,0.00
1777904982,loop36,0.00,0.00,0.000,0.000,0.00
1777904982,loop37,0.00,0.00,0.000,0.000,0.00
1777904982,loop38,0.00,0.00,0.000,0.000,0.00
1777904982,loop39,0.00,0.00,0.000,0.000,0.00
1777904982,loop4,0.00,0.00,0.000,0.000,0.00
1777904982,loop40,0.00,0.00,0.000,0.000,0.00
1777904982,loop5,0.00,0.00,0.000,0.000,0.00
1777904982,loop6,0.00,0.00,0.000,0.000,0.00
1777904982,loop7,0.00,0.00,0.000,0.000,0.00
1777904982,loop8,0.00,0.00,0.000,0.000,0.00
1777904982,loop9,0.00,0.00,0.000,0.000,0.00
1777904982,nvme0n1,0.00,0.00,0.000,0.000,2.20
1777904983,loop0,0.00,0.00,0.000,0.000,0.00
1777904983,loop1,0.00,0.00,0.000,0.000,0.00
1777904983,loop10,0.00,0.00,0.000,0.000,0.00
1777904983,loop11,0.00,0.00,0.000,0.000,0.00
1777904983,loop12,0.00,0.00,0.000,0.000,0.00
1777904983,loop13,0.00,0.00,0.000,0.000,0.00
1777904983,loop14,0.00,0.00,0.000,0.000,0.00
1777904983,loop15,0.00,0.00,0.000,0.000,0.00
1777904983,loop16,0.00,0.00,0.000,0.000,0.00
1777904983,loop17,0.00,0.00,0.000,0.000,0.00
1777904983,loop18,0.00,0.00,0.000,0.000,0.00
1777904983,loop19,0.00,0.00,0.000,0.000,0.00
1777904983,loop2,0.00,0.00,0.000,0.000,0.00
1777904983,loop20,0.00,0.00,0.000,0.000,0.00
1777904983,loop21,0.00,0.00,0.000,0.000,0.00
1777904983,loop22,0.00,0.00,0.000,0.000,0.00
1777904983,loop23,0.00,0.00,0.000,0.000,0.00
1777904983,loop24,0.00,0.00,0.000,0.000,0.00
1777904983,loop25,0.00,0.00,0.000,0.000,0.00
1777904983,loop26,0.00,0.00,0.000,0.000,0.00
1777904983,loop27,0.00,0.00,0.000,0.000,0.00
1777904983,loop28,0.00,0.00,0.000,0.000,0.00
1777904983,loop29,0.00,0.00,0.000,0.000,0.00
1777904983,loop3,0.00,0.00,0.000,0.000,0.00
1777904983,loop30,0.00,0.00,0.000,0.000,0.00
1777904983,loop31,0.00,0.00,0.000,0.000,0.00
1777904983,loop32,0.00,0.00,0.000,0.000,0.00
1777904983,loop33,0.00,0.00,0.000,0.000,0.00
1777904983,loop34,0.00,0.00,0.000,0.000,0.00
1777904983,loop35,0.00,0.00,0.000,0.000,0.00
1777904983,loop36,0.00,0.00,0.000,0.000,0.00
1777904983,loop37,0.00,0.00,0.000,0.000,0.00
1777904983,loop38,0.00,0.00,0.000,0.000,0.00
1777904983,loop39,0.00,0.00,0.000,0.000,0.00
1777904983,loop4,0.00,0.00,0.000,0.000,0.00
1777904983,loop40,0.00,0.00,0.000,0.000,0.00
1777904983,loop5,0.00,0.00,0.000,0.000,0.00
1777904983,loop6,0.00,0.00,0.000,0.000,0.00
1777904983,loop7,0.00,0.00,0.000,0.000,0.00
1777904983,loop8,0.00,0.00,0.000,0.000,0.00
1777904983,loop9,0.00,0.00,0.000,0.000,0.00
1777904983,nvme0n1,0.00,0.00,0.000,0.000,0.00
1777904984,loop0,0.00,0.00,0.000,0.000,0.00
1777904984,loop1,0.00,0.00,0.000,0.000,0.00
1777904984,loop10,0.00,0.00,0.000,0.000,0.00
1777904984,loop11,0.00,0.00,0.000,0.000,0.00
1777904984,loop12,0.00,0.00,0.000,0.000,0.00
1777904984,loop13,0.00,0.00,0.000,0.000,0.00
1777904984,loop14,0.00,0.00,0.000,0.000,0.00
1777904984,loop15,0.00,0.00,0.000,0.000,0.00
1777904984,loop16,0.00,0.00,0.000,0.000,0.00
1777904984,loop17,0.00,0.00,0.000,0.000,0.00
1777904984,loop18,0.00,0.00,0.000,0.000,0.00
1777904984,loop19,0.00,0.00,0.000,0.000,0.00
1777904984,loop2,0.00,0.00,0.000,0.000,0.00
1777904984,loop20,0.00,0.00,0.000,0.000,0.00
1777904984,loop21,0.00,0.00,0.000,0.000,0.00
1777904984,loop22,0.00,0.00,0.000,0.000,0.00
1777904984,loop23,0.00,0.00,0.000,0.000,0.00
1777904984,loop24,0.00,0.00,0.000,0.000,0.00
1777904984,loop25,0.00,0.00,0.000,0.000,0.00
1777904984,loop26,0.00,0.00,0.000,0.000,0.00
1777904984,loop27,0.00,0.00,0.000,0.000,0.00
1777904984,loop28,0.00,0.00,0.000,0.000,0.00
1777904984,loop29,0.00,0.00,0.000,0.000,0.00
1777904984,loop3,0.00,0.00,0.000,0.000,0.00
1777904984,loop30,0.00,0.00,0.000,0.000,0.00
1777904984,loop31,0.00,0.00,0.000,0.000,0.00
1777904984,loop32,0.00,0.00,0.000,0.000,0.00
1777904984,loop33,0.00,0.00,0.000,0.000,0.00
1777904984,loop34,0.00,0.00,0.000,0.000,0.00
1777904984,loop35,0.00,0.00,0.000,0.000,0.00
1777904984,loop36,0.00,0.00,0.000,0.000,0.00
1777904984,loop37,0.00,0.00,0.000,0.000,0.00
1777904984,loop38,0.00,0.00,0.000,0.000,0.00
1777904984,loop39,0.00,0.00,0.000,0.000,0.00
1777904984,loop4,0.00,0.00,0.000,0.000,0.00
1777904984,loop40,0.00,0.00,0.000,0.000,0.00
1777904984,loop5,0.00,0.00,0.000,0.000,0.00
1777904984,loop6,0.00,0.00,0.000,0.000,0.00
1777904984,loop7,0.00,0.00,0.000,0.000,0.00
1777904984,loop8,0.00,0.00,0.000,0.000,0.00
1777904984,loop9,0.00,0.00,0.000,0.000,0.00
1777904984,nvme0n1,0.00,0.00,0.000,0.000,0.00
1777904985,loop0,0.00,0.00,0.000,0.000,0.00
1777904985,loop1,0.00,0.00,0.000,0.000,0.00
1777904985,loop10,0.00,0.00,0.000,0.000,0.00
1777904985,loop11,0.00,0.00,0.000,0.000,0.00
1777904985,loop12,0.00,0.00,0.000,0.000,0.00
1777904985,loop13,0.00,0.00,0.000,0.000,0.00
1777904985,loop14,0.00,0.00,0.000,0.000,0.00
1777904985,loop15,0.00,0.00,0.000,0.000,0.00
1777904985,loop16,0.00,0.00,0.000,0.000,0.00
1777904985,loop17,0.00,0.00,0.000,0.000,0.00
1777904985,loop18,0.00,0.00,0.000,0.000,0.00
1777904985,loop19,0.00,0.00,0.000,0.000,0.00
1777904985,loop2,0.00,0.00,0.000,0.000,0.00
1777904985,loop20,0.00,0.00,0.000,0.000,0.00
1777904985,loop21,0.00,0.00,0.000,0.000,0.00
1777904985,loop22,0.00,0.00,0.000,0.000,0.00
1777904985,loop23,0.00,0.00,0.000,0.000,0.00
1777904985,loop24,0.00,0.00,0.000,0.000,0.00
1777904985,loop25,0.00,0.00,0.000,0.000,0.00
1777904985,loop26,0.00,0.00,0.000,0.000,0.00
1777904985,loop27,0.00,0.00,0.000,0.000,0.00
1777904985,loop28,0.00,0.00,0.000,0.000,0.00
1777904985,loop29,0.00,0.00,0.000,0.000,0.00
1777904985,loop3,0.00,0.00,0.000,0.000,0.00
1777904985,loop30,0.00,0.00,0.000,0.000,0.00
1777904985,loop31,0.00,0.00,0.000,0.000,0.00
1777904985,loop32,0.00,0.00,0.000,0.000,0.00
1777904985,loop33,0.00,0.00,0.000,0.000,0.00
1777904985,loop34,0.00,0.00,0.000,0.000,0.00
1777904985,loop35,0.00,0.00,0.000,0.000,0.00
1777904985,loop36,0.00,0.00,0.000,0.000,0.00
1777904985,loop37,0.00,0.00,0.000,0.000,0.00
1777904985,loop38,0.00,0.00,0.000,0.000,0.00
1777904985,loop39,0.00,0.00,0.000,0.000,0.00
1777904985,loop4,0.00,0.00,0.000,0.000,0.00
1777904985,loop40,0.00,0.00,0.000,0.000,0.00
1777904985,loop5,0.00,0.00,0.000,0.000,0.00
1777904985,loop6,0.00,0.00,0.000,0.000,0.00
1777904985,loop7,0.00,0.00,0.000,0.000,0.00
1777904985,loop8,0.00,0.00,0.000,0.000,0.00
1777904985,loop9,0.00,0.00,0.000,0.000,0.00
1777904985,nvme0n1,4.00,16.00,0.000,0.000,6.10
1777904986,loop0,0.00,0.00,0.000,0.000,0.00
1777904986,loop1,0.00,0.00,0.000,0.000,0.00
1777904986,loop10,0.00,0.00,0.000,0.000,0.00
1777904986,loop11,0.00,0.00,0.000,0.000,0.00
1777904986,loop12,0.00,0.00,0.000,0.000,0.00
1777904986,loop13,0.00,0.00,0.000,0.000,0.00
1777904986,loop14,0.00,0.00,0.000,0.000,0.00
1777904986,loop15,0.00,0.00,0.000,0.000,0.00
1777904986,loop16,0.00,0.00,0.000,0.000,0.00
1777904986,loop17,0.00,0.00,0.000,0.000,0.00
1777904986,loop18,0.00,0.00,0.000,0.000,0.00
1777904986,loop19,0.00,0.00,0.000,0.000,0.00
1777904986,loop2,0.00,0.00,0.000,0.000,0.00
1777904986,loop20,0.00,0.00,0.000,0.000,0.00
1777904986,loop21,0.00,0.00,0.000,0.000,0.00
1777904986,loop22,0.00,0.00,0.000,0.000,0.00
1777904986,loop23,0.00,0.00,0.000,0.000,0.00
1777904986,loop24,0.00,0.00,0.000,0.000,0.00
1777904986,loop25,0.00,0.00,0.000,0.000,0.00
1777904986,loop26,0.00,0.00,0.000,0.000,0.00
1777904986,loop27,0.00,0.00,0.000,0.000,0.00
1777904986,loop28,0.00,0.00,0.000,0.000,0.00
1777904986,loop29,0.00,0.00,0.000,0.000,0.00
1777904986,loop3,0.00,0.00,0.000,0.000,0.00
1777904986,loop30,0.00,0.00,0.000,0.000,0.00
1777904986,loop31,0.00,0.00,0.000,0.000,0.00
1777904986,loop32,0.00,0.00,0.000,0.000,0.00
1777904986,loop33,0.00,0.00,0.000,0.000,0.00
1777904986,loop34,0.00,0.00,0.000,0.000,0.00
1777904986,loop35,0.00,0.00,0.000,0.000,0.00
1777904986,loop36,0.00,0.00,0.000,0.000,0.00
1777904986,loop37,0.00,0.00,0.000,0.000,0.00
1777904986,loop38,0.00,0.00,0.000,0.000,0.00
1777904986,loop39,0.00,0.00,0.000,0.000,0.00
1777904986,loop4,0.00,0.00,0.000,0.000,0.00
1777904986,loop40,0.00,0.00,0.000,0.000,0.00
1777904986,loop5,0.00,0.00,0.000,0.000,0.00
1777904986,loop6,0.00,0.00,0.000,0.000,0.00
1777904986,loop7,0.00,0.00,0.000,0.000,0.00
1777904986,loop8,0.00,0.00,0.000,0.000,0.00
1777904986,loop9,0.00,0.00,0.000,0.000,0.00
1777904986,nvme0n1,0.00,0.00,0.000,0.000,0.00
1777904987,loop0,0.00,0.00,0.000,0.000,0.00
1777904987,loop1,0.00,0.00,0.000,0.000,0.00
1777904987,loop10,0.00,0.00,0.000,0.000,0.00
1777904987,loop11,0.00,0.00,0.000,0.000,0.00
1777904987,loop12,0.00,0.00,0.000,0.000,0.00
1777904987,loop13,0.00,0.00,0.000,0.000,0.00
1777904987,loop14,0.00,0.00,0.000,0.000,0.00
1777904987,loop15,0.00,0.00,0.000,0.000,0.00
1777904987,loop16,0.00,0.00,0.000,0.000,0.00
1777904987,loop17,0.00,0.00,0.000,0.000,0.00
1777904987,loop18,0.00,0.00,0.000,0.000,0.00
1777904987,loop19,0.00,0.00,0.000,0.000,0.00
1777904987,loop2,0.00,0.00,0.000,0.000,0.00
1777904987,loop20,0.00,0.00,0.000,0.000,0.00
1777904987,loop21,0.00,0.00,0.000,0.000,0.00
1777904987,loop22,0.00,0.00,0.000,0.000,0.00
1777904987,loop23,0.00,0.00,0.000,0.000,0.00
1777904987,loop24,0.00,0.00,0.000,0.000,0.00
1777904987,loop25,0.00,0.00,0.000,0.000,0.00
1777904987,loop26,0.00,0.00,0.000,0.000,0.00
1777904987,loop27,0.00,0.00,0.000,0.000,0.00
1777904987,loop28,0.00,0.00,0.000,0.000,0.00
1777904987,loop29,0.00,0.00,0.000,0.000,0.00
1777904987,loop3,0.00,0.00,0.000,0.000,0.00
1777904987,loop30,0.00,0.00,0.000,0.000,0.00
1777904987,loop31,0.00,0.00,0.000,0.000,0.00
1777904987,loop32,0.00,0.00,0.000,0.000,0.00
1777904987,loop33,0.00,0.00,0.000,0.000,0.00
1777904987,loop34,0.00,0.00,0.000,0.000,0.00
1777904987,loop35,0.00,0.00,0.000,0.000,0.00
1777904987,loop36,0.00,0.00,0.000,0.000,0.00
1777904987,loop37,0.00,0.00,0.000,0.000,0.00
1777904987,loop38,0.00,0.00,0.000,0.000,0.00
1777904987,loop39,0.00,0.00,0.000,0.000,0.00
1777904987,loop4,0.00,0.00,0.000,0.000,0.00
1777904987,loop40,0.00,0.00,0.000,0.000,0.00
1777904987,loop5,0.00,0.00,0.000,0.000,0.00
1777904987,loop6,0.00,0.00,0.000,0.000,0.00
1777904987,loop7,0.00,0.00,0.000,0.000,0.00
1777904987,loop8,0.00,0.00,0.000,0.000,0.00
1777904987,loop9,0.00,0.00,0.000,0.000,0.00
1777904987,nvme0n1,1.00,4.00,0.000,0.000,0.10
1777904988,loop0,0.00,0.00,0.000,0.000,0.00
1777904988,loop1,0.00,0.00,0.000,0.000,0.00
1777904988,loop10,0.00,0.00,0.000,0.000,0.00
1777904988,loop11,0.00,0.00,0.000,0.000,0.00
1777904988,loop12,0.00,0.00,0.000,0.000,0.00
1777904988,loop13,0.00,0.00,0.000,0.000,0.00
1777904988,loop14,0.00,0.00,0.000,0.000,0.00
1777904988,loop15,0.00,0.00,0.000,0.000,0.00
1777904988,loop16,0.00,0.00,0.000,0.000,0.00
1777904988,loop17,0.00,0.00,0.000,0.000,0.00
1777904988,loop18,0.00,0.00,0.000,0.000,0.00
1777904988,loop19,0.00,0.00,0.000,0.000,0.00
1777904988,loop2,0.00,0.00,0.000,0.000,0.00
1777904988,loop20,0.00,0.00,0.000,0.000,0.00
1777904988,loop21,0.00,0.00,0.000,0.000,0.00
1777904988,loop22,0.00,0.00,0.000,0.000,0.00
1777904988,loop23,0.00,0.00,0.000,0.000,0.00
1777904988,loop24,0.00,0.00,0.000,0.000,0.00
1777904988,loop25,0.00,0.00,0.000,0.000,0.00
1777904988,loop26,0.00,0.00,0.000,0.000,0.00
1777904988,loop27,0.00,0.00,0.000,0.000,0.00
1777904988,loop28,0.00,0.00,0.000,0.000,0.00
1777904988,loop29,0.00,0.00,0.000,0.000,0.00
1777904988,loop3,0.00,0.00,0.000,0.000,0.00
1777904988,loop30,0.00,0.00,0.000,0.000,0.00
1777904988,loop31,0.00,0.00,0.000,0.000,0.00
1777904988,loop32,0.00,0.00,0.000,0.000,0.00
1777904988,loop33,0.00,0.00,0.000,0.000,0.00
1777904988,loop34,0.00,0.00,0.000,0.000,0.00
1777904988,loop35,0.00,0.00,0.000,0.000,0.00
1777904988,loop36,0.00,0.00,0.000,0.000,0.00
1777904988,loop37,0.00,0.00,0.000,0.000,0.00
1777904988,loop38,0.00,0.00,0.000,0.000,0.00
1777904988,loop39,0.00,0.00,0.000,0.000,0.00
1777904988,loop4,0.00,0.00,0.000,0.000,0.00
1777904988,loop40,0.00,0.00,0.000,0.000,0.00
1777904988,loop5,0.00,0.00,0.000,0.000,0.00
1777904988,loop6,0.00,0.00,0.000,0.000,0.00
1777904988,loop7,0.00,0.00,0.000,0.000,0.00
1777904988,loop8,0.00,0.00,0.000,0.000,0.00
1777904988,loop9,0.00,0.00,0.000,0.000,0.00
1777904988,nvme0n1,0.00,0.00,0.000,0.000,0.00
1777904989,loop0,0.00,0.00,0.000,0.000,0.00
1777904989,loop1,0.00,0.00,0.000,0.000,0.00
1777904989,loop10,0.00,0.00,0.000,0.000,0.00
1777904989,loop11,0.00,0.00,0.000,0.000,0.00
1777904989,loop12,0.00,0.00,0.000,0.000,0.00
1777904989,loop13,0.00,0.00,0.000,0.000,0.00
1777904989,loop14,0.00,0.00,0.000,0.000,0.00
1777904989,loop15,0.00,0.00,0.000,0.000,0.00
1777904989,loop16,0.00,0.00,0.000,0.000,0.00
1777904989,loop17,0.00,0.00,0.000,0.000,0.00
1777904989,loop18,0.00,0.00,0.000,0.000,0.00
1777904989,loop19,0.00,0.00,0.000,0.000,0.00
1777904989,loop2,0.00,0.00,0.000,0.000,0.00
1777904989,loop20,0.00,0.00,0.000,0.000,0.00
1777904989,loop21,0.00,0.00,0.000,0.000,0.00
1777904989,loop22,0.00,0.00,0.000,0.000,0.00
1777904989,loop23,0.00,0.00,0.000,0.000,0.00
1777904989,loop24,0.00,0.00,0.000,0.000,0.00
1777904989,loop25,0.00,0.00,0.000,0.000,0.00
1777904989,loop26,0.00,0.00,0.000,0.000,0.00
1777904989,loop27,0.00,0.00,0.000,0.000,0.00
1777904989,loop28,0.00,0.00,0.000,0.000,0.00
1777904989,loop29,0.00,0.00,0.000,0.000,0.00
1777904989,loop3,0.00,0.00,0.000,0.000,0.00
1777904989,loop30,0.00,0.00,0.000,0.000,0.00
1777904989,loop31,0.00,0.00,0.000,0.000,0.00
1777904989,loop32,0.00,0.00,0.000,0.000,0.00
1777904989,loop33,0.00,0.00,0.000,0.000,0.00
1777904989,loop34,0.00,0.00,0.000,0.000,0.00
1777904989,loop35,0.00,0.00,0.000,0.000,0.00
1777904989,loop36,0.00,0.00,0.000,0.000,0.00
1777904989,loop37,0.00,0.00,0.000,0.000,0.00
1777904989,loop38,0.00,0.00,0.000,0.000,0.00
1777904989,loop39,0.00,0.00,0.000,0.000,0.00
1777904989,loop4,0.00,0.00,0.000,0.000,0.00
1777904989,loop40,0.00,0.00,0.000,0.000,0.00
1777904989,loop5,0.00,0.00,0.000,0.000,0.00
1777904989,loop6,0.00,0.00,0.000,0.000,0.00
1777904989,loop7,0.00,0.00,0.000,0.000,0.00
1777904989,loop8,0.00,0.00,0.000,0.000,0.00
1777904989,loop9,0.00,0.00,0.000,0.000,0.00
1777904989,nvme0n1,2.00,8.00,0.000,0.000,4.90
1777904990,loop0,0.00,0.00,0.000,0.000,0.00
1777904990,loop1,0.00,0.00,0.000,0.000,0.00
1777904990,loop10,0.00,0.00,0.000,0.000,0.00
1777904990,loop11,0.00,0.00,0.000,0.000,0.00
1777904990,loop12,0.00,0.00,0.000,0.000,0.00
1777904990,loop13,0.00,0.00,0.000,0.000,0.00
1777904990,loop14,0.00,0.00,0.000,0.000,0.00
1777904990,loop15,0.00,0.00,0.000,0.000,0.00
1777904990,loop16,0.00,0.00,0.000,0.000,0.00
1777904990,loop17,0.00,0.00,0.000,0.000,0.00
1777904990,loop18,0.00,0.00,0.000,0.000,0.00
1777904990,loop19,0.00,0.00,0.000,0.000,0.00
1777904990,loop2,0.00,0.00,0.000,0.000,0.00
1777904990,loop20,0.00,0.00,0.000,0.000,0.00
1777904990,loop21,0.00,0.00,0.000,0.000,0.00
1777904990,loop22,0.00,0.00,0.000,0.000,0.00
1777904990,loop23,0.00,0.00,0.000,0.000,0.00
1777904990,loop24,0.00,0.00,0.000,0.000,0.00
1777904990,loop25,0.00,0.00,0.000,0.000,0.00
1777904990,loop26,0.00,0.00,0.000,0.000,0.00
1777904990,loop27,0.00,0.00,0.000,0.000,0.00
1777904990,loop28,0.00,0.00,0.000,0.000,0.00
1777904990,loop29,0.00,0.00,0.000,0.000,0.00
1777904990,loop3,0.00,0.00,0.000,0.000,0.00
1777904990,loop30,0.00,0.00,0.000,0.000,0.00
1777904990,loop31,0.00,0.00,0.000,0.000,0.00
1777904990,loop32,0.00,0.00,0.000,0.000,0.00
1777904990,loop33,0.00,0.00,0.000,0.000,0.00
1777904990,loop34,0.00,0.00,0.000,0.000,0.00
1777904990,loop35,0.00,0.00,0.000,0.000,0.00
1777904990,loop36,0.00,0.00,0.000,0.000,0.00
1777904990,loop37,0.00,0.00,0.000,0.000,0.00
1777904990,loop38,0.00,0.00,0.000,0.000,0.00
1777904990,loop39,0.00,0.00,0.000,0.000,0.00
1777904990,loop4,0.00,0.00,0.000,0.000,0.00
1777904990,loop40,0.00,0.00,0.000,0.000,0.00
1777904990,loop5,0.00,0.00,0.000,0.000,0.00
1777904990,loop6,0.00,0.00,0.000,0.000,0.00
1777904990,loop7,0.00,0.00,0.000,0.000,0.00
1777904990,loop8,0.00,0.00,0.000,0.000,0.00
1777904990,loop9,0.00,0.00,0.000,0.000,0.00
1777904990,nvme0n1,0.00,0.00,0.000,0.000,0.30
1777904991,loop0,0.00,0.00,0.000,0.000,0.00
1777904991,loop1,0.00,0.00,0.000,0.000,0.00
1777904991,loop10,0.00,0.00,0.000,0.000,0.00
1777904991,loop11,0.00,0.00,0.000,0.000,0.00
1777904991,loop12,0.00,0.00,0.000,0.000,0.00
1777904991,loop13,0.00,0.00,0.000,0.000,0.00
1777904991,loop14,0.00,0.00,0.000,0.000,0.00
1777904991,loop15,0.00,0.00,0.000,0.000,0.00
1777904991,loop16,0.00,0.00,0.000,0.000,0.00
1777904991,loop17,0.00,0.00,0.000,0.000,0.00
1777904991,loop18,0.00,0.00,0.000,0.000,0.00
1777904991,loop19,0.00,0.00,0.000,0.000,0.00
1777904991,loop2,0.00,0.00,0.000,0.000,0.00
1777904991,loop20,0.00,0.00,0.000,0.000,0.00
1777904991,loop21,0.00,0.00,0.000,0.000,0.00
1777904991,loop22,0.00,0.00,0.000,0.000,0.00
1777904991,loop23,0.00,0.00,0.000,0.000,0.00
1777904991,loop24,0.00,0.00,0.000,0.000,0.00
1777904991,loop25,0.00,0.00,0.000,0.000,0.00
1777904991,loop26,0.00,0.00,0.000,0.000,0.00
1777904991,loop27,0.00,0.00,0.000,0.000,0.00
1777904991,loop28,0.00,0.00,0.000,0.000,0.00
1777904991,loop29,0.00,0.00,0.000,0.000,0.00
1777904991,loop3,0.00,0.00,0.000,0.000,0.00
1777904991,loop30,0.00,0.00,0.000,0.000,0.00
1777904991,loop31,0.00,0.00,0.000,0.000,0.00
1777904991,loop32,0.00,0.00,0.000,0.000,0.00
1777904991,loop33,0.00,0.00,0.000,0.000,0.00
1777904991,loop34,0.00,0.00,0.000,0.000,0.00
1777904991,loop35,0.00,0.00,0.000,0.000,0.00
1777904991,loop36,0.00,0.00,0.000,0.000,0.00
1777904991,loop37,0.00,0.00,0.000,0.000,0.00
1777904991,loop38,0.00,0.00,0.000,0.000,0.00
1777904991,loop39,0.00,0.00,0.000,0.000,0.00
1777904991,loop4,0.00,0.00,0.000,0.000,0.00
1777904991,loop40,0.00,0.00,0.000,0.000,0.00
1777904991,loop5,0.00,0.00,0.000,0.000,0.00
1777904991,loop6,0.00,0.00,0.000,0.000,0.00
1777904991,loop7,0.00,0.00,0.000,0.000,0.00
1777904991,loop8,0.00,0.00,0.000,0.000,0.00
1777904991,loop9,0.00,0.00,0.000,0.000,0.00
1777904991,nvme0n1,15.00,72.00,0.003,0.016,1.40
1777904992,loop0,0.00,0.00,0.000,0.000,0.00
1777904992,loop1,0.00,0.00,0.000,0.000,0.00
1777904992,loop10,0.00,0.00,0.000,0.000,0.00
1777904992,loop11,0.00,0.00,0.000,0.000,0.00
1777904992,loop12,0.00,0.00,0.000,0.000,0.00
1777904992,loop13,0.00,0.00,0.000,0.000,0.00
1777904992,loop14,0.00,0.00,0.000,0.000,0.00
1777904992,loop15,0.00,0.00,0.000,0.000,0.00
1777904992,loop16,0.00,0.00,0.000,0.000,0.00
1777904992,loop17,0.00,0.00,0.000,0.000,0.00
1777904992,loop18,0.00,0.00,0.000,0.000,0.00
1777904992,loop19,0.00,0.00,0.000,0.000,0.00
1777904992,loop2,0.00,0.00,0.000,0.000,0.00
1777904992,loop20,0.00,0.00,0.000,0.000,0.00
1777904992,loop21,0.00,0.00,0.000,0.000,0.00
1777904992,loop22,0.00,0.00,0.000,0.000,0.00
1777904992,loop23,0.00,0.00,0.000,0.000,0.00
1777904992,loop24,0.00,0.00,0.000,0.000,0.00
1777904992,loop25,0.00,0.00,0.000,0.000,0.00
1777904992,loop26,0.00,0.00,0.000,0.000,0.00
1777904992,loop27,0.00,0.00,0.000,0.000,0.00
1777904992,loop28,0.00,0.00,0.000,0.000,0.00
1777904992,loop29,0.00,0.00,0.000,0.000,0.00
1777904992,loop3,0.00,0.00,0.000,0.000,0.00
1777904992,loop30,0.00,0.00,0.000,0.000,0.00
1777904992,loop31,0.00,0.00,0.000,0.000,0.00
1777904992,loop32,0.00,0.00,0.000,0.000,0.00
1777904992,loop33,0.00,0.00,0.000,0.000,0.00
1777904992,loop34,0.00,0.00,0.000,0.000,0.00
1777904992,loop35,0.00,0.00,0.000,0.000,0.00
1777904992,loop36,0.00,0.00,0.000,0.000,0.00
1777904992,loop37,0.00,0.00,0.000,0.000,0.00
1777904992,loop38,0.00,0.00,0.000,0.000,0.00
1777904992,loop39,0.00,0.00,0.000,0.000,0.00
1777904992,loop4,0.00,0.00,0.000,0.000,0.00
1777904992,loop40,0.00,0.00,0.000,0.000,0.00
1777904992,loop5,0.00,0.00,0.000,0.000,0.00
1777904992,loop6,0.00,0.00,0.000,0.000,0.00
1777904992,loop7,0.00,0.00,0.000,0.000,0.00
1777904992,loop8,0.00,0.00,0.000,0.000,0.00
1777904992,loop9,0.00,0.00,0.000,0.000,0.00
1777904992,nvme0n1,1.00,4.00,0.000,0.000,0.00
1777904993,loop0,0.00,0.00,0.000,0.000,0.00
1777904993,loop1,0.00,0.00,0.000,0.000,0.00
1777904993,loop10,0.00,0.00,0.000,0.000,0.00
1777904993,loop11,0.00,0.00,0.000,0.000,0.00
1777904993,loop12,0.00,0.00,0.000,0.000,0.00
1777904993,loop13,0.00,0.00,0.000,0.000,0.00
1777904993,loop14,0.00,0.00,0.000,0.000,0.00
1777904993,loop15,0.00,0.00,0.000,0.000,0.00
1777904993,loop16,0.00,0.00,0.000,0.000,0.00
1777904993,loop17,0.00,0.00,0.000,0.000,0.00
1777904993,loop18,0.00,0.00,0.000,0.000,0.00
1777904993,loop19,0.00,0.00,0.000,0.000,0.00
1777904993,loop2,0.00,0.00,0.000,0.000,0.00
1777904993,loop20,0.00,0.00,0.000,0.000,0.00
1777904993,loop21,0.00,0.00,0.000,0.000,0.00
1777904993,loop22,0.00,0.00,0.000,0.000,0.00
1777904993,loop23,0.00,0.00,0.000,0.000,0.00
1777904993,loop24,0.00,0.00,0.000,0.000,0.00
1777904993,loop25,0.00,0.00,0.000,0.000,0.00
1777904993,loop26,0.00,0.00,0.000,0.000,0.00
1777904993,loop27,0.00,0.00,0.000,0.000,0.00
1777904993,loop28,0.00,0.00,0.000,0.000,0.00
1777904993,loop29,0.00,0.00,0.000,0.000,0.00
1777904993,loop3,0.00,0.00,0.000,0.000,0.00
1777904993,loop30,0.00,0.00,0.000,0.000,0.00
1777904993,loop31,0.00,0.00,0.000,0.000,0.00
1777904993,loop32,0.00,0.00,0.000,0.000,0.00
1777904993,loop33,0.00,0.00,0.000,0.000,0.00
1777904993,loop34,0.00,0.00,0.000,0.000,0.00
1777904993,loop35,0.00,0.00,0.000,0.000,0.00
1777904993,loop36,0.00,0.00,0.000,0.000,0.00
1777904993,loop37,0.00,0.00,0.000,0.000,0.00
1777904993,loop38,0.00,0.00,0.000,0.000,0.00
1777904993,loop39,0.00,0.00,0.000,0.000,0.00
1777904993,loop4,0.00,0.00,0.000,0.000,0.00
1777904993,loop40,0.00,0.00,0.000,0.000,0.00
1777904993,loop5,0.00,0.00,0.000,0.000,0.00
1777904993,loop6,0.00,0.00,0.000,0.000,0.00
1777904993,loop7,0.00,0.00,0.000,0.000,0.00
1777904993,loop8,0.00,0.00,0.000,0.000,0.00
1777904993,loop9,0.00,0.00,0.000,0.000,0.00
1777904993,nvme0n1,9.00,40.00,0.001,0.010,0.90
1777904994,loop0,0.00,0.00,0.000,0.000,0.00
1777904994,loop1,0.00,0.00,0.000,0.000,0.00
1777904994,loop10,0.00,0.00,0.000,0.000,0.00
1777904994,loop11,0.00,0.00,0.000,0.000,0.00
1777904994,loop12,0.00,0.00,0.000,0.000,0.00
1777904994,loop13,0.00,0.00,0.000,0.000,0.00
1777904994,loop14,0.00,0.00,0.000,0.000,0.00
1777904994,loop15,0.00,0.00,0.000,0.000,0.00
1777904994,loop16,0.00,0.00,0.000,0.000,0.00
1777904994,loop17,0.00,0.00,0.000,0.000,0.00
1777904994,loop18,0.00,0.00,0.000,0.000,0.00
1777904994,loop19,0.00,0.00,0.000,0.000,0.00
1777904994,loop2,0.00,0.00,0.000,0.000,0.00
1777904994,loop20,0.00,0.00,0.000,0.000,0.00
1777904994,loop21,0.00,0.00,0.000,0.000,0.00
1777904994,loop22,0.00,0.00,0.000,0.000,0.00
1777904994,loop23,0.00,0.00,0.000,0.000,0.00
1777904994,loop24,0.00,0.00,0.000,0.000,0.00
1777904994,loop25,0.00,0.00,0.000,0.000,0.00
1777904994,loop26,0.00,0.00,0.000,0.000,0.00
1777904994,loop27,0.00,0.00,0.000,0.000,0.00
1777904994,loop28,0.00,0.00,0.000,0.000,0.00
1777904994,loop29,0.00,0.00,0.000,0.000,0.00
1777904994,loop3,0.00,0.00,0.000,0.000,0.00
1777904994,loop30,0.00,0.00,0.000,0.000,0.00
1777904994,loop31,0.00,0.00,0.000,0.000,0.00
1777904994,loop32,0.00,0.00,0.000,0.000,0.00
1777904994,loop33,0.00,0.00,0.000,0.000,0.00
1777904994,loop34,0.00,0.00,0.000,0.000,0.00
1777904994,loop35,0.00,0.00,0.000,0.000,0.00
1777904994,loop36,0.00,0.00,0.000,0.000,0.00
1777904994,loop37,0.00,0.00,0.000,0.000,0.00
1777904994,loop38,0.00,0.00,0.000,0.000,0.00
1777904994,loop39,0.00,0.00,0.000,0.000,0.00
1777904994,loop4,0.00,0.00,0.000,0.000,0.00
1777904994,loop40,0.00,0.00,0.000,0.000,0.00
1777904994,loop5,0.00,0.00,0.000,0.000,0.00
1777904994,loop6,0.00,0.00,0.000,0.000,0.00
1777904994,loop7,0.00,0.00,0.000,0.000,0.00
1777904994,loop8,0.00,0.00,0.000,0.000,0.00
1777904994,loop9,0.00,0.00,0.000,0.000,0.00
1777904994,nvme0n1,326.00,1712.00,0.089,0.021,4.00
1777904995,loop0,0.00,0.00,0.000,0.000,0.00
1777904995,loop1,0.00,0.00,0.000,0.000,0.00
1777904995,loop10,0.00,0.00,0.000,0.000,0.00
1777904995,loop11,0.00,0.00,0.000,0.000,0.00
1777904995,loop12,0.00,0.00,0.000,0.000,0.00
1777904995,loop13,0.00,0.00,0.000,0.000,0.00
1777904995,loop14,0.00,0.00,0.000,0.000,0.00
1777904995,loop15,0.00,0.00,0.000,0.000,0.00
1777904995,loop16,0.00,0.00,0.000,0.000,0.00
1777904995,loop17,0.00,0.00,0.000,0.000,0.00
1777904995,loop18,0.00,0.00,0.000,0.000,0.00
1777904995,loop19,0.00,0.00,0.000,0.000,0.00
1777904995,loop2,0.00,0.00,0.000,0.000,0.00
1777904995,loop20,0.00,0.00,0.000,0.000,0.00
1777904995,loop21,0.00,0.00,0.000,0.000,0.00
1777904995,loop22,0.00,0.00,0.000,0.000,0.00
1777904995,loop23,0.00,0.00,0.000,0.000,0.00
1777904995,loop24,0.00,0.00,0.000,0.000,0.00
1777904995,loop25,0.00,0.00,0.000,0.000,0.00
1777904995,loop26,0.00,0.00,0.000,0.000,0.00
1777904995,loop27,0.00,0.00,0.000,0.000,0.00
1777904995,loop28,0.00,0.00,0.000,0.000,0.00
1777904995,loop29,0.00,0.00,0.000,0.000,0.00
1777904995,loop3,0.00,0.00,0.000,0.000,0.00
1777904995,loop30,0.00,0.00,0.000,0.000,0.00
1777904995,loop31,0.00,0.00,0.000,0.000,0.00
1777904995,loop32,0.00,0.00,0.000,0.000,0.00
1777904995,loop33,0.00,0.00,0.000,0.000,0.00
1777904995,loop34,0.00,0.00,0.000,0.000,0.00
1777904995,loop35,0.00,0.00,0.000,0.000,0.00
1777904995,loop36,0.00,0.00,0.000,0.000,0.00
1777904995,loop37,0.00,0.00,0.000,0.000,0.00
1777904995,loop38,0.00,0.00,0.000,0.000,0.00
1777904995,loop39,0.00,0.00,0.000,0.000,0.00
1777904995,loop4,0.00,0.00,0.000,0.000,0.00
1777904995,loop40,0.00,0.00,0.000,0.000,0.00
1777904995,loop5,0.00,0.00,0.000,0.000,0.00
1777904995,loop6,0.00,0.00,0.000,0.000,0.00
1777904995,loop7,0.00,0.00,0.000,0.000,0.00
1777904995,loop8,0.00,0.00,0.000,0.000,0.00
1777904995,loop9,0.00,0.00,0.000,0.000,0.00
1777904995,nvme0n1,21.00,96.00,0.003,0.012,0.40
1777904996,loop0,0.00,0.00,0.000,0.000,0.00
1777904996,loop1,0.00,0.00,0.000,0.000,0.00
1777904996,loop10,0.00,0.00,0.000,0.000,0.00
1777904996,loop11,0.00,0.00,0.000,0.000,0.00
1777904996,loop12,0.00,0.00,0.000,0.000,0.00
1777904996,loop13,0.00,0.00,0.000,0.000,0.00
1777904996,loop14,0.00,0.00,0.000,0.000,0.00
1777904996,loop15,0.00,0.00,0.000,0.000,0.00
1777904996,loop16,0.00,0.00,0.000,0.000,0.00
1777904996,loop17,0.00,0.00,0.000,0.000,0.00
1777904996,loop18,0.00,0.00,0.000,0.000,0.00
1777904996,loop19,0.00,0.00,0.000,0.000,0.00
1777904996,loop2,0.00,0.00,0.000,0.000,0.00
1777904996,loop20,0.00,0.00,0.000,0.000,0.00
1777904996,loop21,0.00,0.00,0.000,0.000,0.00
1777904996,loop22,0.00,0.00,0.000,0.000,0.00
1777904996,loop23,0.00,0.00,0.000,0.000,0.00
1777904996,loop24,0.00,0.00,0.000,0.000,0.00
1777904996,loop25,0.00,0.00,0.000,0.000,0.00
1777904996,loop26,0.00,0.00,0.000,0.000,0.00
1777904996,loop27,0.00,0.00,0.000,0.000,0.00
1777904996,loop28,0.00,0.00,0.000,0.000,0.00
1777904996,loop29,0.00,0.00,0.000,0.000,0.00
1777904996,loop3,0.00,0.00,0.000,0.000,0.00
1777904996,loop30,0.00,0.00,0.000,0.000,0.00
1777904996,loop31,0.00,0.00,0.000,0.000,0.00
1777904996,loop32,0.00,0.00,0.000,0.000,0.00
1777904996,loop33,0.00,0.00,0.000,0.000,0.00
1777904996,loop34,0.00,0.00,0.000,0.000,0.00
1777904996,loop35,0.00,0.00,0.000,0.000,0.00
1777904996,loop36,0.00,0.00,0.000,0.000,0.00
1777904996,loop37,0.00,0.00,0.000,0.000,0.00
1777904996,loop38,0.00,0.00,0.000,0.000,0.00
1777904996,loop39,0.00,0.00,0.000,0.000,0.00
1777904996,loop4,0.00,0.00,0.000,0.000,0.00
1777904996,loop40,0.00,0.00,0.000,0.000,0.00
1777904996,loop5,0.00,0.00,0.000,0.000,0.00
1777904996,loop6,0.00,0.00,0.000,0.000,0.00
1777904996,loop7,0.00,0.00,0.000,0.000,0.00
1777904996,loop8,0.00,0.00,0.000,0.000,0.00
1777904996,loop9,0.00,0.00,0.000,0.000,0.00
1777904996,nvme0n1,1.00,4.00,0.000,0.000,1.00
1777904997,loop0,0.00,0.00,0.000,0.000,0.00
1777904997,loop1,0.00,0.00,0.000,0.000,0.00
1777904997,loop10,0.00,0.00,0.000,0.000,0.00
1777904997,loop11,0.00,0.00,0.000,0.000,0.00
1777904997,loop12,0.00,0.00,0.000,0.000,0.00
1777904997,loop13,0.00,0.00,0.000,0.000,0.00
1777904997,loop14,0.00,0.00,0.000,0.000,0.00
1777904997,loop15,0.00,0.00,0.000,0.000,0.00
1777904997,loop16,0.00,0.00,0.000,0.000,0.00
1777904997,loop17,0.00,0.00,0.000,0.000,0.00
1777904997,loop18,0.00,0.00,0.000,0.000,0.00
1777904997,loop19,0.00,0.00,0.000,0.000,0.00
1777904997,loop2,0.00,0.00,0.000,0.000,0.00
1777904997,loop20,0.00,0.00,0.000,0.000,0.00
1777904997,loop21,0.00,0.00,0.000,0.000,0.00
1777904997,loop22,0.00,0.00,0.000,0.000,0.00
1777904997,loop23,0.00,0.00,0.000,0.000,0.00
1777904997,loop24,0.00,0.00,0.000,0.000,0.00
1777904997,loop25,0.00,0.00,0.000,0.000,0.00
1777904997,loop26,0.00,0.00,0.000,0.000,0.00
1777904997,loop27,0.00,0.00,0.000,0.000,0.00
1777904997,loop28,0.00,0.00,0.000,0.000,0.00
1777904997,loop29,0.00,0.00,0.000,0.000,0.00
1777904997,loop3,0.00,0.00,0.000,0.000,0.00
1777904997,loop30,0.00,0.00,0.000,0.000,0.00
1777904997,loop31,0.00,0.00,0.000,0.000,0.00
1777904997,loop32,0.00,0.00,0.000,0.000,0.00
1777904997,loop33,0.00,0.00,0.000,0.000,0.00
1777904997,loop34,0.00,0.00,0.000,0.000,0.00
1777904997,loop35,0.00,0.00,0.000,0.000,0.00
1777904997,loop36,0.00,0.00,0.000,0.000,0.00
1777904997,loop37,0.00,0.00,0.000,0.000,0.00
1777904997,loop38,0.00,0.00,0.000,0.000,0.00
1777904997,loop39,0.00,0.00,0.000,0.000,0.00
1777904997,loop4,0.00,0.00,0.000,0.000,0.00
1777904997,loop40,0.00,0.00,0.000,0.000,0.00
1777904997,loop5,0.00,0.00,0.000,0.000,0.00
1777904997,loop6,0.00,0.00,0.000,0.000,0.00
1777904997,loop7,0.00,0.00,0.000,0.000,0.00
1777904997,loop8,0.00,0.00,0.000,0.000,0.00
1777904997,loop9,0.00,0.00,0.000,0.000,0.00
1777904997,nvme0n1,1.00,8.00,0.001,0.049,0.10
1777904998,loop0,0.00,0.00,0.000,0.000,0.00
1777904998,loop1,0.00,0.00,0.000,0.000,0.00
1777904998,loop10,0.00,0.00,0.000,0.000,0.00
1777904998,loop11,0.00,0.00,0.000,0.000,0.00
1777904998,loop12,0.00,0.00,0.000,0.000,0.00
1777904998,loop13,0.00,0.00,0.000,0.000,0.00
1777904998,loop14,0.00,0.00,0.000,0.000,0.00
1777904998,loop15,0.00,0.00,0.000,0.000,0.00
1777904998,loop16,0.00,0.00,0.000,0.000,0.00
1777904998,loop17,0.00,0.00,0.000,0.000,0.00
1777904998,loop18,0.00,0.00,0.000,0.000,0.00
1777904998,loop19,0.00,0.00,0.000,0.000,0.00
1777904998,loop2,0.00,0.00,0.000,0.000,0.00
1777904998,loop20,0.00,0.00,0.000,0.000,0.00
1777904998,loop21,0.00,0.00,0.000,0.000,0.00
1777904998,loop22,0.00,0.00,0.000,0.000,0.00
1777904998,loop23,0.00,0.00,0.000,0.000,0.00
1777904998,loop24,0.00,0.00,0.000,0.000,0.00
1777904998,loop25,0.00,0.00,0.000,0.000,0.00
1777904998,loop26,0.00,0.00,0.000,0.000,0.00
1777904998,loop27,0.00,0.00,0.000,0.000,0.00
1777904998,loop28,0.00,0.00,0.000,0.000,0.00
1777904998,loop29,0.00,0.00,0.000,0.000,0.00
1777904998,loop3,0.00,0.00,0.000,0.000,0.00
1777904998,loop30,0.00,0.00,0.000,0.000,0.00
1777904998,loop31,0.00,0.00,0.000,0.000,0.00
1777904998,loop32,0.00,0.00,0.000,0.000,0.00
1777904998,loop33,0.00,0.00,0.000,0.000,0.00
1777904998,loop34,0.00,0.00,0.000,0.000,0.00
1777904998,loop35,0.00,0.00,0.000,0.000,0.00
1777904998,loop36,0.00,0.00,0.000,0.000,0.00
1777904998,loop37,0.00,0.00,0.000,0.000,0.00
1777904998,loop38,0.00,0.00,0.000,0.000,0.00
1777904998,loop39,0.00,0.00,0.000,0.000,0.00
1777904998,loop4,0.00,0.00,0.000,0.000,0.00
1777904998,loop40,0.00,0.00,0.000,0.000,0.00
1777904998,loop5,0.00,0.00,0.000,0.000,0.00
1777904998,loop6,0.00,0.00,0.000,0.000,0.00
1777904998,loop7,0.00,0.00,0.000,0.000,0.00
1777904998,loop8,0.00,0.00,0.000,0.000,0.00
1777904998,loop9,0.00,0.00,0.000,0.000,0.00
1777904998,nvme0n1,10.00,52.00,0.003,0.023,0.80
1777904999,loop0,0.00,0.00,0.000,0.000,0.00
1777904999,loop1,0.00,0.00,0.000,0.000,0.00
1777904999,loop10,0.00,0.00,0.000,0.000,0.00
1777904999,loop11,0.00,0.00,0.000,0.000,0.00
1777904999,loop12,0.00,0.00,0.000,0.000,0.00
1777904999,loop13,0.00,0.00,0.000,0.000,0.00
1777904999,loop14,0.00,0.00,0.000,0.000,0.00
1777904999,loop15,0.00,0.00,0.000,0.000,0.00
1777904999,loop16,0.00,0.00,0.000,0.000,0.00
1777904999,loop17,0.00,0.00,0.000,0.000,0.00
1777904999,loop18,0.00,0.00,0.000,0.000,0.00
1777904999,loop19,0.00,0.00,0.000,0.000,0.00
1777904999,loop2,0.00,0.00,0.000,0.000,0.00
1777904999,loop20,0.00,0.00,0.000,0.000,0.00
1777904999,loop21,0.00,0.00,0.000,0.000,0.00
1777904999,loop22,0.00,0.00,0.000,0.000,0.00
1777904999,loop23,0.00,0.00,0.000,0.000,0.00
1777904999,loop24,0.00,0.00,0.000,0.000,0.00
1777904999,loop25,0.00,0.00,0.000,0.000,0.00
1777904999,loop26,0.00,0.00,0.000,0.000,0.00
1777904999,loop27,0.00,0.00,0.000,0.000,0.00
1777904999,loop28,0.00,0.00,0.000,0.000,0.00
1777904999,loop29,0.00,0.00,0.000,0.000,0.00
1777904999,loop3,0.00,0.00,0.000,0.000,0.00
1777904999,loop30,0.00,0.00,0.000,0.000,0.00
1777904999,loop31,0.00,0.00,0.000,0.000,0.00
1777904999,loop32,0.00,0.00,0.000,0.000,0.00
1777904999,loop33,0.00,0.00,0.000,0.000,0.00
1777904999,loop34,0.00,0.00,0.000,0.000,0.00
1777904999,loop35,0.00,0.00,0.000,0.000,0.00
1777904999,loop36,0.00,0.00,0.000,0.000,0.00
1777904999,loop37,0.00,0.00,0.000,0.000,0.00
1777904999,loop38,0.00,0.00,0.000,0.000,0.00
1777904999,loop39,0.00,0.00,0.000,0.000,0.00
1777904999,loop4,0.00,0.00,0.000,0.000,0.00
1777904999,loop40,0.00,0.00,0.000,0.000,0.00
1777904999,loop5,0.00,0.00,0.000,0.000,0.00
1777904999,loop6,0.00,0.00,0.000,0.000,0.00
1777904999,loop7,0.00,0.00,0.000,0.000,0.00
1777904999,loop8,0.00,0.00,0.000,0.000,0.00
1777904999,loop9,0.00,0.00,0.000,0.000,0.00
1777904999,nvme0n1,0.00,0.00,0.000,0.000,0.90
1777905000,loop0,0.00,0.00,0.000,0.000,0.00
1777905000,loop1,0.00,0.00,0.000,0.000,0.00
1777905000,loop10,0.00,0.00,0.000,0.000,0.00
1777905000,loop11,0.00,0.00,0.000,0.000,0.00
1777905000,loop12,0.00,0.00,0.000,0.000,0.00
1777905000,loop13,0.00,0.00,0.000,0.000,0.00
1777905000,loop14,0.00,0.00,0.000,0.000,0.00
1777905000,loop15,0.00,0.00,0.000,0.000,0.00
1777905000,loop16,0.00,0.00,0.000,0.000,0.00
1777905000,loop17,0.00,0.00,0.000,0.000,0.00
1777905000,loop18,0.00,0.00,0.000,0.000,0.00
1777905000,loop19,0.00,0.00,0.000,0.000,0.00
1777905000,loop2,0.00,0.00,0.000,0.000,0.00
1777905000,loop20,0.00,0.00,0.000,0.000,0.00
1777905000,loop21,0.00,0.00,0.000,0.000,0.00
1777905000,loop22,0.00,0.00,0.000,0.000,0.00
1777905000,loop23,0.00,0.00,0.000,0.000,0.00
1777905000,loop24,0.00,0.00,0.000,0.000,0.00
1777905000,loop25,0.00,0.00,0.000,0.000,0.00
1777905000,loop26,0.00,0.00,0.000,0.000,0.00
1777905000,loop27,0.00,0.00,0.000,0.000,0.00
1777905000,loop28,0.00,0.00,0.000,0.000,0.00
1777905000,loop29,0.00,0.00,0.000,0.000,0.00
1777905000,loop3,0.00,0.00,0.000,0.000,0.00
1777905000,loop30,0.00,0.00,0.000,0.000,0.00
1777905000,loop31,0.00,0.00,0.000,0.000,0.00
1777905000,loop32,0.00,0.00,0.000,0.000,0.00
1777905000,loop33,0.00,0.00,0.000,0.000,0.00
1777905000,loop34,0.00,0.00,0.000,0.000,0.00
1777905000,loop35,0.00,0.00,0.000,0.000,0.00
1777905000,loop36,0.00,0.00,0.000,0.000,0.00
1777905000,loop37,0.00,0.00,0.000,0.000,0.00
1777905000,loop38,0.00,0.00,0.000,0.000,0.00
1777905000,loop39,0.00,0.00,0.000,0.000,0.00
1777905000,loop4,0.00,0.00,0.000,0.000,0.00
1777905000,loop40,0.00,0.00,0.000,0.000,0.00
1777905000,loop5,0.00,0.00,0.000,0.000,0.00
1777905000,loop6,0.00,0.00,0.000,0.000,0.00
1777905000,loop7,0.00,0.00,0.000,0.000,0.00
1777905000,loop8,0.00,0.00,0.000,0.000,0.00
1777905000,loop9,0.00,0.00,0.000,0.000,0.00
1777905000,nvme0n1,0.00,0.00,0.000,0.000,0.00
1777905001,loop0,0.00,0.00,0.000,0.000,0.00
1777905001,loop1,0.00,0.00,0.000,0.000,0.00
1777905001,loop10,0.00,0.00,0.000,0.000,0.00
1777905001,loop11,0.00,0.00,0.000,0.000,0.00
1777905001,loop12,0.00,0.00,0.000,0.000,0.00
1777905001,loop13,0.00,0.00,0.000,0.000,0.00
1777905001,loop14,0.00,0.00,0.000,0.000,0.00
1777905001,loop15,0.00,0.00,0.000,0.000,0.00
1777905001,loop16,0.00,0.00,0.000,0.000,0.00
1777905001,loop17,0.00,0.00,0.000,0.000,0.00
1777905001,loop18,0.00,0.00,0.000,0.000,0.00
1777905001,loop19,0.00,0.00,0.000,0.000,0.00
1777905001,loop2,0.00,0.00,0.000,0.000,0.00
1777905001,loop20,0.00,0.00,0.000,0.000,0.00
1777905001,loop21,0.00,0.00,0.000,0.000,0.00
1777905001,loop22,0.00,0.00,0.000,0.000,0.00
1777905001,loop23,0.00,0.00,0.000,0.000,0.00
1777905001,loop24,0.00,0.00,0.000,0.000,0.00
1777905001,loop25,0.00,0.00,0.000,0.000,0.00
1777905001,loop26,0.00,0.00,0.000,0.000,0.00
1777905001,loop27,0.00,0.00,0.000,0.000,0.00
1777905001,loop28,0.00,0.00,0.000,0.000,0.00
1777905001,loop29,0.00,0.00,0.000,0.000,0.00
1777905001,loop3,0.00,0.00,0.000,0.000,0.00
1777905001,loop30,0.00,0.00,0.000,0.000,0.00
1777905001,loop31,0.00,0.00,0.000,0.000,0.00
1777905001,loop32,0.00,0.00,0.000,0.000,0.00
1777905001,loop33,0.00,0.00,0.000,0.000,0.00
1777905001,loop34,0.00,0.00,0.000,0.000,0.00
1777905001,loop35,0.00,0.00,0.000,0.000,0.00
1777905001,loop36,0.00,0.00,0.000,0.000,0.00
1777905001,loop37,0.00,0.00,0.000,0.000,0.00
1777905001,loop38,0.00,0.00,0.000,0.000,0.00
1777905001,loop39,0.00,0.00,0.000,0.000,0.00
1777905001,loop4,0.00,0.00,0.000,0.000,0.00
1777905001,loop40,0.00,0.00,0.000,0.000,0.00
1777905001,loop5,0.00,0.00,0.000,0.000,0.00
1777905001,loop6,0.00,0.00,0.000,0.000,0.00
1777905001,loop7,0.00,0.00,0.000,0.000,0.00
1777905001,loop8,0.00,0.00,0.000,0.000,0.00
1777905001,loop9,0.00,0.00,0.000,0.000,0.00
1777905001,nvme0n1,4.00,148.00,0.002,0.033,0.20
1777905002,loop0,0.00,0.00,0.000,0.000,0.00
1777905002,loop1,0.00,0.00,0.000,0.000,0.00
1777905002,loop10,0.00,0.00,0.000,0.000,0.00
1777905002,loop11,0.00,0.00,0.000,0.000,0.00
1777905002,loop12,0.00,0.00,0.000,0.000,0.00
1777905002,loop13,0.00,0.00,0.000,0.000,0.00
1777905002,loop14,0.00,0.00,0.000,0.000,0.00
1777905002,loop15,0.00,0.00,0.000,0.000,0.00
1777905002,loop16,0.00,0.00,0.000,0.000,0.00
1777905002,loop17,0.00,0.00,0.000,0.000,0.00
1777905002,loop18,0.00,0.00,0.000,0.000,0.00
1777905002,loop19,0.00,0.00,0.000,0.000,0.00
1777905002,loop2,0.00,0.00,0.000,0.000,0.00
1777905002,loop20,0.00,0.00,0.000,0.000,0.00
1777905002,loop21,0.00,0.00,0.000,0.000,0.00
1777905002,loop22,0.00,0.00,0.000,0.000,0.00
1777905002,loop23,0.00,0.00,0.000,0.000,0.00
1777905002,loop24,0.00,0.00,0.000,0.000,0.00
1777905002,loop25,0.00,0.00,0.000,0.000,0.00
1777905002,loop26,0.00,0.00,0.000,0.000,0.00
1777905002,loop27,0.00,0.00,0.000,0.000,0.00
1777905002,loop28,0.00,0.00,0.000,0.000,0.00
1777905002,loop29,0.00,0.00,0.000,0.000,0.00
1777905002,loop3,0.00,0.00,0.000,0.000,0.00
1777905002,loop30,0.00,0.00,0.000,0.000,0.00
1777905002,loop31,0.00,0.00,0.000,0.000,0.00
1777905002,loop32,0.00,0.00,0.000,0.000,0.00
1777905002,loop33,0.00,0.00,0.000,0.000,0.00
1777905002,loop34,0.00,0.00,0.000,0.000,0.00
1777905002,loop35,0.00,0.00,0.000,0.000,0.00
1777905002,loop36,0.00,0.00,0.000,0.000,0.00
1777905002,loop37,0.00,0.00,0.000,0.000,0.00
1777905002,loop38,0.00,0.00,0.000,0.000,0.00
1777905002,loop39,0.00,0.00,0.000,0.000,0.00
1777905002,loop4,0.00,0.00,0.000,0.000,0.00
1777905002,loop40,0.00,0.00,0.000,0.000,0.00
1777905002,loop5,0.00,0.00,0.000,0.000,0.00
1777905002,loop6,0.00,0.00,0.000,0.000,0.00
1777905002,loop7,0.00,0.00,0.000,0.000,0.00
1777905002,loop8,0.00,0.00,0.000,0.000,0.00
1777905002,loop9,0.00,0.00,0.000,0.000,0.00
1777905002,nvme0n1,0.00,0.00,0.000,0.000,0.00
1777905003,loop0,0.00,0.00,0.000,0.000,0.00
1777905003,loop1,0.00,0.00,0.000,0.000,0.00
1777905003,loop10,0.00,0.00,0.000,0.000,0.00
1777905003,loop11,0.00,0.00,0.000,0.000,0.00
1777905003,loop12,0.00,0.00,0.000,0.000,0.00
1777905003,loop13,0.00,0.00,0.000,0.000,0.00
1777905003,loop14,0.00,0.00,0.000,0.000,0.00
1777905003,loop15,0.00,0.00,0.000,0.000,0.00
1777905003,loop16,0.00,0.00,0.000,0.000,0.00
1777905003,loop17,0.00,0.00,0.000,0.000,0.00
1777905003,loop18,0.00,0.00,0.000,0.000,0.00
1777905003,loop19,0.00,0.00,0.000,0.000,0.00
1777905003,loop2,0.00,0.00,0.000,0.000,0.00
1777905003,loop20,0.00,0.00,0.000,0.000,0.00
1777905003,loop21,0.00,0.00,0.000,0.000,0.00
1777905003,loop22,0.00,0.00,0.000,0.000,0.00
1777905003,loop23,0.00,0.00,0.000,0.000,0.00
1777905003,loop24,0.00,0.00,0.000,0.000,0.00
1777905003,loop25,0.00,0.00,0.000,0.000,0.00
1777905003,loop26,0.00,0.00,0.000,0.000,0.00
1777905003,loop27,0.00,0.00,0.000,0.000,0.00
1777905003,loop28,0.00,0.00,0.000,0.000,0.00
1777905003,loop29,0.00,0.00,0.000,0.000,0.00
1777905003,loop3,0.00,0.00,0.000,0.000,0.00
1777905003,loop30,0.00,0.00,0.000,0.000,0.00
1777905003,loop31,0.00,0.00,0.000,0.000,0.00
1777905003,loop32,0.00,0.00,0.000,0.000,0.00
1777905003,loop33,0.00,0.00,0.000,0.000,0.00
1777905003,loop34,0.00,0.00,0.000,0.000,0.00
1777905003,loop35,0.00,0.00,0.000,0.000,0.00
1777905003,loop36,0.00,0.00,0.000,0.000,0.00
1777905003,loop37,0.00,0.00,0.000,0.000,0.00
1777905003,loop38,0.00,0.00,0.000,0.000,0.00
1777905003,loop39,0.00,0.00,0.000,0.000,0.00
1777905003,loop4,0.00,0.00,0.000,0.000,0.00
1777905003,loop40,0.00,0.00,0.000,0.000,0.00
1777905003,loop5,0.00,0.00,0.000,0.000,0.00
1777905003,loop6,0.00,0.00,0.000,0.000,0.00
1777905003,loop7,0.00,0.00,0.000,0.000,0.00
1777905003,loop8,0.00,0.00,0.000,0.000,0.00
1777905003,loop9,0.00,0.00,0.000,0.000,0.00
1777905003,nvme0n1,1.00,4.00,0.000,0.000,0.10
1777905004,loop0,0.00,0.00,0.000,0.000,0.00
1777905004,loop1,0.00,0.00,0.000,0.000,0.00
1777905004,loop10,0.00,0.00,0.000,0.000,0.00
1777905004,loop11,0.00,0.00,0.000,0.000,0.00
1777905004,loop12,0.00,0.00,0.000,0.000,0.00
1777905004,loop13,0.00,0.00,0.000,0.000,0.00
1777905004,loop14,0.00,0.00,0.000,0.000,0.00
1777905004,loop15,0.00,0.00,0.000,0.000,0.00
1777905004,loop16,0.00,0.00,0.000,0.000,0.00
1777905004,loop17,0.00,0.00,0.000,0.000,0.00
1777905004,loop18,0.00,0.00,0.000,0.000,0.00
1777905004,loop19,0.00,0.00,0.000,0.000,0.00
1777905004,loop2,0.00,0.00,0.000,0.000,0.00
1777905004,loop20,0.00,0.00,0.000,0.000,0.00
1777905004,loop21,0.00,0.00,0.000,0.000,0.00
1777905004,loop22,0.00,0.00,0.000,0.000,0.00
1777905004,loop23,0.00,0.00,0.000,0.000,0.00
1777905004,loop24,0.00,0.00,0.000,0.000,0.00
1777905004,loop25,0.00,0.00,0.000,0.000,0.00
1777905004,loop26,0.00,0.00,0.000,0.000,0.00
1777905004,loop27,0.00,0.00,0.000,0.000,0.00
1777905004,loop28,0.00,0.00,0.000,0.000,0.00
1777905004,loop29,0.00,0.00,0.000,0.000,0.00
1777905004,loop3,0.00,0.00,0.000,0.000,0.00
1777905004,loop30,0.00,0.00,0.000,0.000,0.00
1777905004,loop31,0.00,0.00,0.000,0.000,0.00
1777905004,loop32,0.00,0.00,0.000,0.000,0.00
1777905004,loop33,0.00,0.00,0.000,0.000,0.00
1777905004,loop34,0.00,0.00,0.000,0.000,0.00
1777905004,loop35,0.00,0.00,0.000,0.000,0.00
1777905004,loop36,0.00,0.00,0.000,0.000,0.00
1777905004,loop37,0.00,0.00,0.000,0.000,0.00
1777905004,loop38,0.00,0.00,0.000,0.000,0.00
1777905004,loop39,0.00,0.00,0.000,0.000,0.00
1777905004,loop4,0.00,0.00,0.000,0.000,0.00
1777905004,loop40,0.00,0.00,0.000,0.000,0.00
1777905004,loop5,0.00,0.00,0.000,0.000,0.00
1777905004,loop6,0.00,0.00,0.000,0.000,0.00
1777905004,loop7,0.00,0.00,0.000,0.000,0.00
1777905004,loop8,0.00,0.00,0.000,0.000,0.00
1777905004,loop9,0.00,0.00,0.000,0.000,0.00
1777905004,nvme0n1,0.00,0.00,0.000,0.000,0.60
1777905005,loop0,0.00,0.00,0.000,0.000,0.00
1777905005,loop1,0.00,0.00,0.000,0.000,0.00
1777905005,loop10,0.00,0.00,0.000,0.000,0.00
1777905005,loop11,0.00,0.00,0.000,0.000,0.00
1777905005,loop12,0.00,0.00,0.000,0.000,0.00
1777905005,loop13,0.00,0.00,0.000,0.000,0.00
1777905005,loop14,0.00,0.00,0.000,0.000,0.00
1777905005,loop15,0.00,0.00,0.000,0.000,0.00
1777905005,loop16,0.00,0.00,0.000,0.000,0.00
1777905005,loop17,0.00,0.00,0.000,0.000,0.00
1777905005,loop18,0.00,0.00,0.000,0.000,0.00
1777905005,loop19,0.00,0.00,0.000,0.000,0.00
1777905005,loop2,0.00,0.00,0.000,0.000,0.00
1777905005,loop20,0.00,0.00,0.000,0.000,0.00
1777905005,loop21,0.00,0.00,0.000,0.000,0.00
1777905005,loop22,0.00,0.00,0.000,0.000,0.00
1777905005,loop23,0.00,0.00,0.000,0.000,0.00
1777905005,loop24,0.00,0.00,0.000,0.000,0.00
1777905005,loop25,0.00,0.00,0.000,0.000,0.00
1777905005,loop26,0.00,0.00,0.000,0.000,0.00
1777905005,loop27,0.00,0.00,0.000,0.000,0.00
1777905005,loop28,0.00,0.00,0.000,0.000,0.00
1777905005,loop29,0.00,0.00,0.000,0.000,0.00
1777905005,loop3,0.00,0.00,0.000,0.000,0.00
1777905005,loop30,0.00,0.00,0.000,0.000,0.00
1777905005,loop31,0.00,0.00,0.000,0.000,0.00
1777905005,loop32,0.00,0.00,0.000,0.000,0.00
1777905005,loop33,0.00,0.00,0.000,0.000,0.00
1777905005,loop34,0.00,0.00,0.000,0.000,0.00
1777905005,loop35,0.00,0.00,0.000,0.000,0.00
1777905005,loop36,0.00,0.00,0.000,0.000,0.00
1777905005,loop37,0.00,0.00,0.000,0.000,0.00
1777905005,loop38,0.00,0.00,0.000,0.000,0.00
1777905005,loop39,0.00,0.00,0.000,0.000,0.00
1777905005,loop4,0.00,0.00,0.000,0.000,0.00
1777905005,loop40,0.00,0.00,0.000,0.000,0.00
1777905005,loop5,0.00,0.00,0.000,0.000,0.00
1777905005,loop6,0.00,0.00,0.000,0.000,0.00
1777905005,loop7,0.00,0.00,0.000,0.000,0.00
1777905005,loop8,0.00,0.00,0.000,0.000,0.00
1777905005,loop9,0.00,0.00,0.000,0.000,0.00
1777905005,nvme0n1,0.00,0.00,0.000,0.000,0.00
1777905006,loop0,0.00,0.00,0.000,0.000,0.00
1777905006,loop1,0.00,0.00,0.000,0.000,0.00
1777905006,loop10,0.00,0.00,0.000,0.000,0.00
1777905006,loop11,0.00,0.00,0.000,0.000,0.00
1777905006,loop12,0.00,0.00,0.000,0.000,0.00
1777905006,loop13,0.00,0.00,0.000,0.000,0.00
1777905006,loop14,0.00,0.00,0.000,0.000,0.00
1777905006,loop15,0.00,0.00,0.000,0.000,0.00
1777905006,loop16,0.00,0.00,0.000,0.000,0.00
1777905006,loop17,0.00,0.00,0.000,0.000,0.00
1777905006,loop18,0.00,0.00,0.000,0.000,0.00
1777905006,loop19,0.00,0.00,0.000,0.000,0.00
1777905006,loop2,0.00,0.00,0.000,0.000,0.00
1777905006,loop20,0.00,0.00,0.000,0.000,0.00
1777905006,loop21,0.00,0.00,0.000,0.000,0.00
1777905006,loop22,0.00,0.00,0.000,0.000,0.00
1777905006,loop23,0.00,0.00,0.000,0.000,0.00
1777905006,loop24,0.00,0.00,0.000,0.000,0.00
1777905006,loop25,0.00,0.00,0.000,0.000,0.00
1777905006,loop26,0.00,0.00,0.000,0.000,0.00
1777905006,loop27,0.00,0.00,0.000,0.000,0.00
1777905006,loop28,0.00,0.00,0.000,0.000,0.00
1777905006,loop29,0.00,0.00,0.000,0.000,0.00
1777905006,loop3,0.00,0.00,0.000,0.000,0.00
1777905006,loop30,0.00,0.00,0.000,0.000,0.00
1777905006,loop31,0.00,0.00,0.000,0.000,0.00
1777905006,loop32,0.00,0.00,0.000,0.000,0.00
1777905006,loop33,0.00,0.00,0.000,0.000,0.00
1777905006,loop34,0.00,0.00,0.000,0.000,0.00
1777905006,loop35,0.00,0.00,0.000,0.000,0.00
1777905006,loop36,0.00,0.00,0.000,0.000,0.00
1777905006,loop37,0.00,0.00,0.000,0.000,0.00
1777905006,loop38,0.00,0.00,0.000,0.000,0.00
1777905006,loop39,0.00,0.00,0.000,0.000,0.00
1777905006,loop4,0.00,0.00,0.000,0.000,0.00
1777905006,loop40,0.00,0.00,0.000,0.000,0.00
1777905006,loop5,0.00,0.00,0.000,0.000,0.00
1777905006,loop6,0.00,0.00,0.000,0.000,0.00
1777905006,loop7,0.00,0.00,0.000,0.000,0.00
1777905006,loop8,0.00,0.00,0.000,0.000,0.00
1777905006,loop9,0.00,0.00,0.000,0.000,0.00
1777905006,nvme0n1,0.00,0.00,0.000,0.000,0.00
1777905007,loop0,0.00,0.00,0.000,0.000,0.00
1777905007,loop1,0.00,0.00,0.000,0.000,0.00
1777905007,loop10,0.00,0.00,0.000,0.000,0.00
1777905007,loop11,0.00,0.00,0.000,0.000,0.00
1777905007,loop12,0.00,0.00,0.000,0.000,0.00
1777905007,loop13,0.00,0.00,0.000,0.000,0.00
1777905007,loop14,0.00,0.00,0.000,0.000,0.00
1777905007,loop15,0.00,0.00,0.000,0.000,0.00
1777905007,loop16,0.00,0.00,0.000,0.000,0.00
1777905007,loop17,0.00,0.00,0.000,0.000,0.00
1777905007,loop18,0.00,0.00,0.000,0.000,0.00
1777905007,loop19,0.00,0.00,0.000,0.000,0.00
1777905007,loop2,0.00,0.00,0.000,0.000,0.00
1777905007,loop20,0.00,0.00,0.000,0.000,0.00
1777905007,loop21,0.00,0.00,0.000,0.000,0.00
1777905007,loop22,0.00,0.00,0.000,0.000,0.00
1777905007,loop23,0.00,0.00,0.000,0.000,0.00
1777905007,loop24,0.00,0.00,0.000,0.000,0.00
1777905007,loop25,0.00,0.00,0.000,0.000,0.00
1777905007,loop26,0.00,0.00,0.000,0.000,0.00
1777905007,loop27,0.00,0.00,0.000,0.000,0.00
1777905007,loop28,0.00,0.00,0.000,0.000,0.00
1777905007,loop29,0.00,0.00,0.000,0.000,0.00
1777905007,loop3,0.00,0.00,0.000,0.000,0.00
1777905007,loop30,0.00,0.00,0.000,0.000,0.00
1777905007,loop31,0.00,0.00,0.000,0.000,0.00
1777905007,loop32,0.00,0.00,0.000,0.000,0.00
1777905007,loop33,0.00,0.00,0.000,0.000,0.00
1777905007,loop34,0.00,0.00,0.000,0.000,0.00
1777905007,loop35,0.00,0.00,0.000,0.000,0.00
1777905007,loop36,0.00,0.00,0.000,0.000,0.00
1777905007,loop37,0.00,0.00,0.000,0.000,0.00
1777905007,loop38,0.00,0.00,0.000,0.000,0.00
1777905007,loop39,0.00,0.00,0.000,0.000,0.00
1777905007,loop4,0.00,0.00,0.000,0.000,0.00
1777905007,loop40,0.00,0.00,0.000,0.000,0.00
1777905007,loop5,0.00,0.00,0.000,0.000,0.00
1777905007,loop6,0.00,0.00,0.000,0.000,0.00
1777905007,loop7,0.00,0.00,0.000,0.000,0.00
1777905007,loop8,0.00,0.00,0.000,0.000,0.00
1777905007,loop9,0.00,0.00,0.000,0.000,0.00
1777905007,nvme0n1,0.00,0.00,0.000,0.000,0.00
1777905008,loop0,0.00,0.00,0.000,0.000,0.00
1777905008,loop1,0.00,0.00,0.000,0.000,0.00
1777905008,loop10,0.00,0.00,0.000,0.000,0.00
1777905008,loop11,0.00,0.00,0.000,0.000,0.00
1777905008,loop12,0.00,0.00,0.000,0.000,0.00
1777905008,loop13,0.00,0.00,0.000,0.000,0.00
1777905008,loop14,0.00,0.00,0.000,0.000,0.00
1777905008,loop15,0.00,0.00,0.000,0.000,0.00
1777905008,loop16,0.00,0.00,0.000,0.000,0.00
1777905008,loop17,0.00,0.00,0.000,0.000,0.00
1777905008,loop18,0.00,0.00,0.000,0.000,0.00
1777905008,loop19,0.00,0.00,0.000,0.000,0.00
1777905008,loop2,0.00,0.00,0.000,0.000,0.00
1777905008,loop20,0.00,0.00,0.000,0.000,0.00
1777905008,loop21,0.00,0.00,0.000,0.000,0.00
1777905008,loop22,0.00,0.00,0.000,0.000,0.00
1777905008,loop23,0.00,0.00,0.000,0.000,0.00
1777905008,loop24,0.00,0.00,0.000,0.000,0.00
1777905008,loop25,0.00,0.00,0.000,0.000,0.00
1777905008,loop26,0.00,0.00,0.000,0.000,0.00
1777905008,loop27,0.00,0.00,0.000,0.000,0.00
1777905008,loop28,0.00,0.00,0.000,0.000,0.00
1777905008,loop29,0.00,0.00,0.000,0.000,0.00
1777905008,loop3,0.00,0.00,0.000,0.000,0.00
1777905008,loop30,0.00,0.00,0.000,0.000,0.00
1777905008,loop31,0.00,0.00,0.000,0.000,0.00
1777905008,loop32,0.00,0.00,0.000,0.000,0.00
1777905008,loop33,0.00,0.00,0.000,0.000,0.00
1777905008,loop34,0.00,0.00,0.000,0.000,0.00
1777905008,loop35,0.00,0.00,0.000,0.000,0.00
1777905008,loop36,0.00,0.00,0.000,0.000,0.00
1777905008,loop37,0.00,0.00,0.000,0.000,0.00
1777905008,loop38,0.00,0.00,0.000,0.000,0.00
1777905008,loop39,0.00,0.00,0.000,0.000,0.00
1777905008,loop4,0.00,0.00,0.000,0.000,0.00
1777905008,loop40,0.00,0.00,0.000,0.000,0.00
1777905008,loop5,0.00,0.00,0.000,0.000,0.00
1777905008,loop6,0.00,0.00,0.000,0.000,0.00
1777905008,loop7,0.00,0.00,0.000,0.000,0.00
1777905008,loop8,0.00,0.00,0.000,0.000,0.00
1777905008,loop9,0.00,0.00,0.000,0.000,0.00
1777905008,nvme0n1,0.00,0.00,0.000,0.000,2.10
1777905009,loop0,0.00,0.00,0.000,0.000,0.00
1777905009,loop1,0.00,0.00,0.000,0.000,0.00
1777905009,loop10,0.00,0.00,0.000,0.000,0.00
1777905009,loop11,0.00,0.00,0.000,0.000,0.00
1777905009,loop12,0.00,0.00,0.000,0.000,0.00
1777905009,loop13,0.00,0.00,0.000,0.000,0.00
1777905009,loop14,0.00,0.00,0.000,0.000,0.00
1777905009,loop15,0.00,0.00,0.000,0.000,0.00
1777905009,loop16,0.00,0.00,0.000,0.000,0.00
1777905009,loop17,0.00,0.00,0.000,0.000,0.00
1777905009,loop18,0.00,0.00,0.000,0.000,0.00
1777905009,loop19,0.00,0.00,0.000,0.000,0.00
1777905009,loop2,0.00,0.00,0.000,0.000,0.00
1777905009,loop20,0.00,0.00,0.000,0.000,0.00
1777905009,loop21,0.00,0.00,0.000,0.000,0.00
1777905009,loop22,0.00,0.00,0.000,0.000,0.00
1777905009,loop23,0.00,0.00,0.000,0.000,0.00
1777905009,loop24,0.00,0.00,0.000,0.000,0.00
1777905009,loop25,0.00,0.00,0.000,0.000,0.00
1777905009,loop26,0.00,0.00,0.000,0.000,0.00
1777905009,loop27,0.00,0.00,0.000,0.000,0.00
1777905009,loop28,0.00,0.00,0.000,0.000,0.00
1777905009,loop29,0.00,0.00,0.000,0.000,0.00
1777905009,loop3,0.00,0.00,0.000,0.000,0.00
1777905009,loop30,0.00,0.00,0.000,0.000,0.00
1777905009,loop31,0.00,0.00,0.000,0.000,0.00
1777905009,loop32,0.00,0.00,0.000,0.000,0.00
1777905009,loop33,0.00,0.00,0.000,0.000,0.00
1777905009,loop34,0.00,0.00,0.000,0.000,0.00
1777905009,loop35,0.00,0.00,0.000,0.000,0.00
1777905009,loop36,0.00,0.00,0.000,0.000,0.00
1777905009,loop37,0.00,0.00,0.000,0.000,0.00
1777905009,loop38,0.00,0.00,0.000,0.000,0.00
1777905009,loop39,0.00,0.00,0.000,0.000,0.00
1777905009,loop4,0.00,0.00,0.000,0.000,0.00
1777905009,loop40,0.00,0.00,0.000,0.000,0.00
1777905009,loop5,0.00,0.00,0.000,0.000,0.00
1777905009,loop6,0.00,0.00,0.000,0.000,0.00
1777905009,loop7,0.00,0.00,0.000,0.000,0.00
1777905009,loop8,0.00,0.00,0.000,0.000,0.00
1777905009,loop9,0.00,0.00,0.000,0.000,0.00
1777905009,nvme0n1,1.00,4.00,0.000,0.000,0.70
1777905010,loop0,0.00,0.00,0.000,0.000,0.00
1777905010,loop1,0.00,0.00,0.000,0.000,0.00
1777905010,loop10,0.00,0.00,0.000,0.000,0.00
1777905010,loop11,0.00,0.00,0.000,0.000,0.00
1777905010,loop12,0.00,0.00,0.000,0.000,0.00
1777905010,loop13,0.00,0.00,0.000,0.000,0.00
1777905010,loop14,0.00,0.00,0.000,0.000,0.00
1777905010,loop15,0.00,0.00,0.000,0.000,0.00
1777905010,loop16,0.00,0.00,0.000,0.000,0.00
1777905010,loop17,0.00,0.00,0.000,0.000,0.00
1777905010,loop18,0.00,0.00,0.000,0.000,0.00
1777905010,loop19,0.00,0.00,0.000,0.000,0.00
1777905010,loop2,0.00,0.00,0.000,0.000,0.00
1777905010,loop20,0.00,0.00,0.000,0.000,0.00
1777905010,loop21,0.00,0.00,0.000,0.000,0.00
1777905010,loop22,0.00,0.00,0.000,0.000,0.00
1777905010,loop23,0.00,0.00,0.000,0.000,0.00
1777905010,loop24,0.00,0.00,0.000,0.000,0.00
1777905010,loop25,0.00,0.00,0.000,0.000,0.00
1777905010,loop26,0.00,0.00,0.000,0.000,0.00
1777905010,loop27,0.00,0.00,0.000,0.000,0.00
1777905010,loop28,0.00,0.00,0.000,0.000,0.00
1777905010,loop29,0.00,0.00,0.000,0.000,0.00
1777905010,loop3,0.00,0.00,0.000,0.000,0.00
1777905010,loop30,0.00,0.00,0.000,0.000,0.00
1777905010,loop31,0.00,0.00,0.000,0.000,0.00
1777905010,loop32,0.00,0.00,0.000,0.000,0.00
1777905010,loop33,0.00,0.00,0.000,0.000,0.00
1777905010,loop34,0.00,0.00,0.000,0.000,0.00
1777905010,loop35,0.00,0.00,0.000,0.000,0.00
1777905010,loop36,0.00,0.00,0.000,0.000,0.00
1777905010,loop37,0.00,0.00,0.000,0.000,0.00
1777905010,loop38,0.00,0.00,0.000,0.000,0.00
1777905010,loop39,0.00,0.00,0.000,0.000,0.00
1777905010,loop4,0.00,0.00,0.000,0.000,0.00
1777905010,loop40,0.00,0.00,0.000,0.000,0.00
1777905010,loop5,0.00,0.00,0.000,0.000,0.00
1777905010,loop6,0.00,0.00,0.000,0.000,0.00
1777905010,loop7,0.00,0.00,0.000,0.000,0.00
1777905010,loop8,0.00,0.00,0.000,0.000,0.00
1777905010,loop9,0.00,0.00,0.000,0.000,0.00
1777905010,nvme0n1,0.00,0.00,0.000,0.000,0.00
1777905011,loop0,0.00,0.00,0.000,0.000,0.00
1777905011,loop1,0.00,0.00,0.000,0.000,0.00
1777905011,loop10,0.00,0.00,0.000,0.000,0.00
1777905011,loop11,0.00,0.00,0.000,0.000,0.00
1777905011,loop12,0.00,0.00,0.000,0.000,0.00
1777905011,loop13,0.00,0.00,0.000,0.000,0.00
1777905011,loop14,0.00,0.00,0.000,0.000,0.00
1777905011,loop15,0.00,0.00,0.000,0.000,0.00
1777905011,loop16,0.00,0.00,0.000,0.000,0.00
1777905011,loop17,0.00,0.00,0.000,0.000,0.00
1777905011,loop18,0.00,0.00,0.000,0.000,0.00
1777905011,loop19,0.00,0.00,0.000,0.000,0.00
1777905011,loop2,0.00,0.00,0.000,0.000,0.00
1777905011,loop20,0.00,0.00,0.000,0.000,0.00
1777905011,loop21,0.00,0.00,0.000,0.000,0.00
1777905011,loop22,0.00,0.00,0.000,0.000,0.00
1777905011,loop23,0.00,0.00,0.000,0.000,0.00
1777905011,loop24,0.00,0.00,0.000,0.000,0.00
1777905011,loop25,0.00,0.00,0.000,0.000,0.00
1777905011,loop26,0.00,0.00,0.000,0.000,0.00
1777905011,loop27,0.00,0.00,0.000,0.000,0.00
1777905011,loop28,0.00,0.00,0.000,0.000,0.00
1777905011,loop29,0.00,0.00,0.000,0.000,0.00
1777905011,loop3,0.00,0.00,0.000,0.000,0.00
1777905011,loop30,0.00,0.00,0.000,0.000,0.00
1777905011,loop31,0.00,0.00,0.000,0.000,0.00
1777905011,loop32,0.00,0.00,0.000,0.000,0.00
1777905011,loop33,0.00,0.00,0.000,0.000,0.00
1777905011,loop34,0.00,0.00,0.000,0.000,0.00
1777905011,loop35,0.00,0.00,0.000,0.000,0.00
1777905011,loop36,0.00,0.00,0.000,0.000,0.00
1777905011,loop37,0.00,0.00,0.000,0.000,0.00
1777905011,loop38,0.00,0.00,0.000,0.000,0.00
1777905011,loop39,0.00,0.00,0.000,0.000,0.00
1777905011,loop4,0.00,0.00,0.000,0.000,0.00
1777905011,loop40,0.00,0.00,0.000,0.000,0.00
1777905011,loop5,0.00,0.00,0.000,0.000,0.00
1777905011,loop6,0.00,0.00,0.000,0.000,0.00
1777905011,loop7,0.00,0.00,0.000,0.000,0.00
1777905011,loop8,0.00,0.00,0.000,0.000,0.00
1777905011,loop9,0.00,0.00,0.000,0.000,0.00
1777905011,nvme0n1,0.00,0.00,0.000,0.000,2.10
1777905012,loop0,0.00,0.00,0.000,0.000,0.00
1777905012,loop1,0.00,0.00,0.000,0.000,0.00
1777905012,loop10,0.00,0.00,0.000,0.000,0.00
1777905012,loop11,0.00,0.00,0.000,0.000,0.00
1777905012,loop12,0.00,0.00,0.000,0.000,0.00
1777905012,loop13,0.00,0.00,0.000,0.000,0.00
1777905012,loop14,0.00,0.00,0.000,0.000,0.00
1777905012,loop15,0.00,0.00,0.000,0.000,0.00
1777905012,loop16,0.00,0.00,0.000,0.000,0.00
1777905012,loop17,0.00,0.00,0.000,0.000,0.00
1777905012,loop18,0.00,0.00,0.000,0.000,0.00
1777905012,loop19,0.00,0.00,0.000,0.000,0.00
1777905012,loop2,0.00,0.00,0.000,0.000,0.00
1777905012,loop20,0.00,0.00,0.000,0.000,0.00
1777905012,loop21,0.00,0.00,0.000,0.000,0.00
1777905012,loop22,0.00,0.00,0.000,0.000,0.00
1777905012,loop23,0.00,0.00,0.000,0.000,0.00
1777905012,loop24,0.00,0.00,0.000,0.000,0.00
1777905012,loop25,0.00,0.00,0.000,0.000,0.00
1777905012,loop26,0.00,0.00,0.000,0.000,0.00
1777905012,loop27,0.00,0.00,0.000,0.000,0.00
1777905012,loop28,0.00,0.00,0.000,0.000,0.00
1777905012,loop29,0.00,0.00,0.000,0.000,0.00
1777905012,loop3,0.00,0.00,0.000,0.000,0.00
1777905012,loop30,0.00,0.00,0.000,0.000,0.00
1777905012,loop31,0.00,0.00,0.000,0.000,0.00
1777905012,loop32,0.00,0.00,0.000,0.000,0.00
1777905012,loop33,0.00,0.00,0.000,0.000,0.00
1777905012,loop34,0.00,0.00,0.000,0.000,0.00
1777905012,loop35,0.00,0.00,0.000,0.000,0.00
1777905012,loop36,0.00,0.00,0.000,0.000,0.00
1777905012,loop37,0.00,0.00,0.000,0.000,0.00
1777905012,loop38,0.00,0.00,0.000,0.000,0.00
1777905012,loop39,0.00,0.00,0.000,0.000,0.00
1777905012,loop4,0.00,0.00,0.000,0.000,0.00
1777905012,loop40,0.00,0.00,0.000,0.000,0.00
1777905012,loop5,0.00,0.00,0.000,0.000,0.00
1777905012,loop6,0.00,0.00,0.000,0.000,0.00
1777905012,loop7,0.00,0.00,0.000,0.000,0.00
1777905012,loop8,0.00,0.00,0.000,0.000,0.00
1777905012,loop9,0.00,0.00,0.000,0.000,0.00
1777905012,nvme0n1,0.00,0.00,0.000,0.000,0.10
1777905013,loop0,0.00,0.00,0.000,0.000,0.00
1777905013,loop1,0.00,0.00,0.000,0.000,0.00
1777905013,loop10,0.00,0.00,0.000,0.000,0.00
1777905013,loop11,0.00,0.00,0.000,0.000,0.00
1777905013,loop12,0.00,0.00,0.000,0.000,0.00
1777905013,loop13,0.00,0.00,0.000,0.000,0.00
1777905013,loop14,0.00,0.00,0.000,0.000,0.00
1777905013,loop15,0.00,0.00,0.000,0.000,0.00
1777905013,loop16,0.00,0.00,0.000,0.000,0.00
1777905013,loop17,0.00,0.00,0.000,0.000,0.00
1777905013,loop18,0.00,0.00,0.000,0.000,0.00
1777905013,loop19,0.00,0.00,0.000,0.000,0.00
1777905013,loop2,0.00,0.00,0.000,0.000,0.00
1777905013,loop20,0.00,0.00,0.000,0.000,0.00
1777905013,loop21,0.00,0.00,0.000,0.000,0.00
1777905013,loop22,0.00,0.00,0.000,0.000,0.00
1777905013,loop23,0.00,0.00,0.000,0.000,0.00
1777905013,loop24,0.00,0.00,0.000,0.000,0.00
1777905013,loop25,0.00,0.00,0.000,0.000,0.00
1777905013,loop26,0.00,0.00,0.000,0.000,0.00
1777905013,loop27,0.00,0.00,0.000,0.000,0.00
1777905013,loop28,0.00,0.00,0.000,0.000,0.00
1777905013,loop29,0.00,0.00,0.000,0.000,0.00
1777905013,loop3,0.00,0.00,0.000,0.000,0.00
1777905013,loop30,0.00,0.00,0.000,0.000,0.00
1777905013,loop31,0.00,0.00,0.000,0.000,0.00
1777905013,loop32,0.00,0.00,0.000,0.000,0.00
1777905013,loop33,0.00,0.00,0.000,0.000,0.00
1777905013,loop34,0.00,0.00,0.000,0.000,0.00
1777905013,loop35,0.00,0.00,0.000,0.000,0.00
1777905013,loop36,0.00,0.00,0.000,0.000,0.00
1777905013,loop37,0.00,0.00,0.000,0.000,0.00
1777905013,loop38,0.00,0.00,0.000,0.000,0.00
1777905013,loop39,0.00,0.00,0.000,0.000,0.00
1777905013,loop4,0.00,0.00,0.000,0.000,0.00
1777905013,loop40,0.00,0.00,0.000,0.000,0.00
1777905013,loop5,0.00,0.00,0.000,0.000,0.00
1777905013,loop6,0.00,0.00,0.000,0.000,0.00
1777905013,loop7,0.00,0.00,0.000,0.000,0.00
1777905013,loop8,0.00,0.00,0.000,0.000,0.00
1777905013,loop9,0.00,0.00,0.000,0.000,0.00
1777905013,nvme0n1,0.00,0.00,0.000,0.000,0.00
