t_unix,device,r_iops,w_iops,r_mb_s,w_mb_s,util_pct
1777915788,loop0,0.00,0.00,0.000,0.000,0.00
1777915788,loop1,0.00,0.00,0.000,0.000,0.00
1777915788,loop10,0.00,0.00,0.000,0.000,0.00
1777915788,loop11,0.00,0.00,0.000,0.000,0.00
1777915788,loop12,0.00,0.00,0.000,0.000,0.00
1777915788,loop13,0.00,0.00,0.000,0.000,0.00
1777915788,loop14,0.00,0.00,0.000,0.000,0.00
1777915788,loop15,0.00,0.00,0.000,0.000,0.00
1777915788,loop16,0.00,0.00,0.000,0.000,0.00
1777915788,loop17,0.00,0.00,0.000,0.000,0.00
1777915788,loop18,0.00,0.00,0.000,0.000,0.00
1777915788,loop19,0.00,0.00,0.000,0.000,0.00
1777915788,loop2,0.00,0.00,0.000,0.000,0.00
1777915788,loop20,0.00,0.00,0.000,0.000,0.00
1777915788,loop21,0.00,0.00,0.000,0.000,0.00
1777915788,loop22,0.00,0.00,0.000,0.000,0.00
1777915788,loop23,0.00,0.00,0.000,0.000,0.00
1777915788,loop24,0.00,0.00,0.000,0.000,0.00
1777915788,loop25,0.00,0.00,0.000,0.000,0.00
1777915788,loop26,0.00,0.00,0.000,0.000,0.00
1777915788,loop27,0.00,0.00,0.000,0.000,0.00
1777915788,loop28,0.00,0.00,0.000,0.000,0.00
1777915788,loop29,0.00,0.00,0.000,0.000,0.00
1777915788,loop3,0.00,0.00,0.000,0.000,0.00
1777915788,loop30,0.00,0.00,0.000,0.000,0.00
1777915788,loop31,0.00,0.00,0.000,0.000,0.00
1777915788,loop32,0.00,0.00,0.000,0.000,0.00
1777915788,loop33,0.00,0.00,0.000,0.000,0.00
1777915788,loop34,0.00,0.00,0.000,0.000,0.00
1777915788,loop35,0.00,0.00,0.000,0.000,0.00
1777915788,loop36,0.00,0.00,0.000,0.000,0.00
1777915788,loop37,0.00,0.00,0.000,0.000,0.00
1777915788,loop38,0.00,0.00,0.000,0.000,0.00
1777915788,loop39,0.00,0.00,0.000,0.000,0.00
1777915788,loop4,0.00,0.00,0.000,0.000,0.00
1777915788,loop40,0.00,0.00,0.000,0.000,0.00
1777915788,loop5,0.00,0.00,0.000,0.000,0.00
1777915788,loop6,0.00,0.00,0.000,0.000,0.00
1777915788,loop7,0.00,0.00,0.000,0.000,0.00
1777915788,loop8,0.00,0.00,0.000,0.000,0.00
1777915788,loop9,0.00,0.00,0.000,0.000,0.00
1777915788,nvme0n1,0.00,0.00,0.000,0.000,2.10
1777915789,loop0,0.00,0.00,0.000,0.000,0.00
1777915789,loop1,0.00,0.00,0.000,0.000,0.00
1777915789,loop10,0.00,0.00,0.000,0.000,0.00
1777915789,loop11,0.00,0.00,0.000,0.000,0.00
1777915789,loop12,0.00,0.00,0.000,0.000,0.00
1777915789,loop13,0.00,0.00,0.000,0.000,0.00
1777915789,loop14,0.00,0.00,0.000,0.000,0.00
1777915789,loop15,0.00,0.00,0.000,0.000,0.00
1777915789,loop16,0.00,0.00,0.000,0.000,0.00
1777915789,loop17,0.00,0.00,0.000,0.000,0.00
1777915789,loop18,0.00,0.00,0.000,0.000,0.00
1777915789,loop19,0.00,0.00,0.000,0.000,0.00
1777915789,loop2,0.00,0.00,0.000,0.000,0.00
1777915789,loop20,0.00,0.00,0.000,0.000,0.00
1777915789,loop21,0.00,0.00,0.000,0.000,0.00
1777915789,loop22,0.00,0.00,0.000,0.000,0.00
1777915789,loop23,0.00,0.00,0.000,0.000,0.00
1777915789,loop24,0.00,0.00,0.000,0.000,0.00
1777915789,loop25,0.00,0.00,0.000,0.000,0.00
1777915789,loop26,0.00,0.00,0.000,0.000,0.00
1777915789,loop27,0.00,0.00,0.000,0.000,0.00
1777915789,loop28,0.00,0.00,0.000,0.000,0.00
1777915789,loop29,0.00,0.00,0.000,0.000,0.00
1777915789,loop3,0.00,0.00,0.000,0.000,0.00
1777915789,loop30,0.00,0.00,0.000,0.000,0.00
1777915789,loop31,0.00,0.00,0.000,0.000,0.00
1777915789,loop32,0.00,0.00,0.000,0.000,0.00
1777915789,loop33,0.00,0.00,0.000,0.000,0.00
1777915789,loop34,0.00,0.00,0.000,0.000,0.00
1777915789,loop35,0.00,0.00,0.000,0.000,0.00
1777915789,loop36,0.00,0.00,0.000,0.000,0.00
1777915789,loop37,0.00,0.00,0.000,0.000,0.00
1777915789,loop38,0.00,0.00,0.000,0.000,0.00
1777915789,loop39,0.00,0.00,0.000,0.000,0.00
1777915789,loop4,0.00,0.00,0.000,0.000,0.00
1777915789,loop40,0.00,0.00,0.000,0.000,0.00
1777915789,loop5,0.00,0.00,0.000,0.000,0.00
1777915789,loop6,0.00,0.00,0.000,0.000,0.00
1777915789,loop7,0.00,0.00,0.000,0.000,0.00
1777915789,loop8,0.00,0.00,0.000,0.000,0.00
1777915789,loop9,0.00,0.00,0.000,0.000,0.00
1777915789,nvme0n1,0.00,0.00,0.000,0.000,0.30
1777915790,loop0,0.00,0.00,0.000,0.000,0.00
1777915790,loop1,0.00,0.00,0.000,0.000,0.00
1777915790,loop10,0.00,0.00,0.000,0.000,0.00
1777915790,loop11,0.00,0.00,0.000,0.000,0.00
1777915790,loop12,0.00,0.00,0.000,0.000,0.00
1777915790,loop13,0.00,0.00,0.000,0.000,0.00
1777915790,loop14,0.00,0.00,0.000,0.000,0.00
1777915790,loop15,0.00,0.00,0.000,0.000,0.00
1777915790,loop16,0.00,0.00,0.000,0.000,0.00
1777915790,loop17,0.00,0.00,0.000,0.000,0.00
1777915790,loop18,0.00,0.00,0.000,0.000,0.00
1777915790,loop19,0.00,0.00,0.000,0.000,0.00
1777915790,loop2,0.00,0.00,0.000,0.000,0.00
1777915790,loop20,0.00,0.00,0.000,0.000,0.00
1777915790,loop21,0.00,0.00,0.000,0.000,0.00
1777915790,loop22,0.00,0.00,0.000,0.000,0.00
1777915790,loop23,0.00,0.00,0.000,0.000,0.00
1777915790,loop24,0.00,0.00,0.000,0.000,0.00
1777915790,loop25,0.00,0.00,0.000,0.000,0.00
1777915790,loop26,0.00,0.00,0.000,0.000,0.00
1777915790,loop27,0.00,0.00,0.000,0.000,0.00
1777915790,loop28,0.00,0.00,0.000,0.000,0.00
1777915790,loop29,0.00,0.00,0.000,0.000,0.00
1777915790,loop3,0.00,0.00,0.000,0.000,0.00
1777915790,loop30,0.00,0.00,0.000,0.000,0.00
1777915790,loop31,0.00,0.00,0.000,0.000,0.00
1777915790,loop32,0.00,0.00,0.000,0.000,0.00
1777915790,loop33,0.00,0.00,0.000,0.000,0.00
1777915790,loop34,0.00,0.00,0.000,0.000,0.00
1777915790,loop35,0.00,0.00,0.000,0.000,0.00
1777915790,loop36,0.00,0.00,0.000,0.000,0.00
1777915790,loop37,0.00,0.00,0.000,0.000,0.00
1777915790,loop38,0.00,0.00,0.000,0.000,0.00
1777915790,loop39,0.00,0.00,0.000,0.000,0.00
1777915790,loop4,0.00,0.00,0.000,0.000,0.00
1777915790,loop40,0.00,0.00,0.000,0.000,0.00
1777915790,loop5,0.00,0.00,0.000,0.000,0.00
1777915790,loop6,0.00,0.00,0.000,0.000,0.00
1777915790,loop7,0.00,0.00,0.000,0.000,0.00
1777915790,loop8,0.00,0.00,0.000,0.000,0.00
1777915790,loop9,0.00,0.00,0.000,0.000,0.00
1777915790,nvme0n1,0.00,0.00,0.000,0.000,0.00
1777915791,loop0,0.00,0.00,0.000,0.000,0.00
1777915791,loop1,0.00,0.00,0.000,0.000,0.00
1777915791,loop10,0.00,0.00,0.000,0.000,0.00
1777915791,loop11,0.00,0.00,0.000,0.000,0.00
1777915791,loop12,0.00,0.00,0.000,0.000,0.00
1777915791,loop13,0.00,0.00,0.000,0.000,0.00
1777915791,loop14,0.00,0.00,0.000,0.000,0.00
1777915791,loop15,0.00,0.00,0.000,0.000,0.00
1777915791,loop16,0.00,0.00,0.000,0.000,0.00
1777915791,loop17,0.00,0.00,0.000,0.000,0.00
1777915791,loop18,0.00,0.00,0.000,0.000,0.00
1777915791,loop19,0.00,0.00,0.000,0.000,0.00
1777915791,loop2,0.00,0.00,0.000,0.000,0.00
1777915791,loop20,0.00,0.00,0.000,0.000,0.00
1777915791,loop21,0.00,0.00,0.000,0.000,0.00
1777915791,loop22,0.00,0.00,0.000,0.000,0.00
1777915791,loop23,0.00,0.00,0.000,0.000,0.00
1777915791,loop24,0.00,0.00,0.000,0.000,0.00
1777915791,loop25,0.00,0.00,0.000,0.000,0.00
1777915791,loop26,0.00,0.00,0.000,0.000,0.00
1777915791,loop27,0.00,0.00,0.000,0.000,0.00
1777915791,loop28,0.00,0.00,0.000,0.000,0.00
1777915791,loop29,0.00,0.00,0.000,0.000,0.00
1777915791,loop3,0.00,0.00,0.000,0.000,0.00
1777915791,loop30,0.00,0.00,0.000,0.000,0.00
1777915791,loop31,0.00,0.00,0.000,0.000,0.00
1777915791,loop32,0.00,0.00,0.000,0.000,0.00
1777915791,loop33,0.00,0.00,0.000,0.000,0.00
1777915791,loop34,0.00,0.00,0.000,0.000,0.00
1777915791,loop35,0.00,0.00,0.000,0.000,0.00
1777915791,loop36,0.00,0.00,0.000,0.000,0.00
1777915791,loop37,0.00,0.00,0.000,0.000,0.00
1777915791,loop38,0.00,0.00,0.000,0.000,0.00
1777915791,loop39,0.00,0.00,0.000,0.000,0.00
1777915791,loop4,0.00,0.00,0.000,0.000,0.00
1777915791,loop40,0.00,0.00,0.000,0.000,0.00
1777915791,loop5,0.00,0.00,0.000,0.000,0.00
1777915791,loop6,0.00,0.00,0.000,0.000,0.00
1777915791,loop7,0.00,0.00,0.000,0.000,0.00
1777915791,loop8,0.00,0.00,0.000,0.000,0.00
1777915791,loop9,0.00,0.00,0.000,0.000,0.00
1777915791,nvme0n1,0.00,0.00,0.000,0.000,0.00
1777915792,loop0,0.00,0.00,0.000,0.000,0.00
1777915792,loop1,0.00,0.00,0.000,0.000,0.00
1777915792,loop10,0.00,0.00,0.000,0.000,0.00
1777915792,loop11,0.00,0.00,0.000,0.000,0.00
1777915792,loop12,0.00,0.00,0.000,0.000,0.00
1777915792,loop13,0.00,0.00,0.000,0.000,0.00
1777915792,loop14,0.00,0.00,0.000,0.000,0.00
1777915792,loop15,0.00,0.00,0.000,0.000,0.00
1777915792,loop16,0.00,0.00,0.000,0.000,0.00
1777915792,loop17,0.00,0.00,0.000,0.000,0.00
1777915792,loop18,0.00,0.00,0.000,0.000,0.00
1777915792,loop19,0.00,0.00,0.000,0.000,0.00
1777915792,loop2,0.00,0.00,0.000,0.000,0.00
1777915792,loop20,0.00,0.00,0.000,0.000,0.00
1777915792,loop21,0.00,0.00,0.000,0.000,0.00
1777915792,loop22,0.00,0.00,0.000,0.000,0.00
1777915792,loop23,0.00,0.00,0.000,0.000,0.00
1777915792,loop24,0.00,0.00,0.000,0.000,0.00
1777915792,loop25,0.00,0.00,0.000,0.000,0.00
1777915792,loop26,0.00,0.00,0.000,0.000,0.00
1777915792,loop27,0.00,0.00,0.000,0.000,0.00
1777915792,loop28,0.00,0.00,0.000,0.000,0.00
1777915792,loop29,0.00,0.00,0.000,0.000,0.00
1777915792,loop3,0.00,0.00,0.000,0.000,0.00
1777915792,loop30,0.00,0.00,0.000,0.000,0.00
1777915792,loop31,0.00,0.00,0.000,0.000,0.00
1777915792,loop32,0.00,0.00,0.000,0.000,0.00
1777915792,loop33,0.00,0.00,0.000,0.000,0.00
1777915792,loop34,0.00,0.00,0.000,0.000,0.00
1777915792,loop35,0.00,0.00,0.000,0.000,0.00
1777915792,loop36,0.00,0.00,0.000,0.000,0.00
1777915792,loop37,0.00,0.00,0.000,0.000,0.00
1777915792,loop38,0.00,0.00,0.000,0.000,0.00
1777915792,loop39,0.00,0.00,0.000,0.000,0.00
1777915792,loop4,0.00,0.00,0.000,0.000,0.00
1777915792,loop40,0.00,0.00,0.000,0.000,0.00
1777915792,loop5,0.00,0.00,0.000,0.000,0.00
1777915792,loop6,0.00,0.00,0.000,0.000,0.00
1777915792,loop7,0.00,0.00,0.000,0.000,0.00
1777915792,loop8,0.00,0.00,0.000,0.000,0.00
1777915792,loop9,0.00,0.00,0.000,0.000,0.00
1777915792,nvme0n1,0.00,0.00,0.000,0.000,0.00
1777915793,loop0,0.00,0.00,0.000,0.000,0.00
1777915793,loop1,0.00,0.00,0.000,0.000,0.00
1777915793,loop10,0.00,0.00,0.000,0.000,0.00
1777915793,loop11,0.00,0.00,0.000,0.000,0.00
1777915793,loop12,0.00,0.00,0.000,0.000,0.00
1777915793,loop13,0.00,0.00,0.000,0.000,0.00
1777915793,loop14,0.00,0.00,0.000,0.000,0.00
1777915793,loop15,0.00,0.00,0.000,0.000,0.00
1777915793,loop16,0.00,0.00,0.000,0.000,0.00
1777915793,loop17,0.00,0.00,0.000,0.000,0.00
1777915793,loop18,0.00,0.00,0.000,0.000,0.00
1777915793,loop19,0.00,0.00,0.000,0.000,0.00
1777915793,loop2,0.00,0.00,0.000,0.000,0.00
1777915793,loop20,0.00,0.00,0.000,0.000,0.00
1777915793,loop21,0.00,0.00,0.000,0.000,0.00
1777915793,loop22,0.00,0.00,0.000,0.000,0.00
1777915793,loop23,0.00,0.00,0.000,0.000,0.00
1777915793,loop24,0.00,0.00,0.000,0.000,0.00
1777915793,loop25,0.00,0.00,0.000,0.000,0.00
1777915793,loop26,0.00,0.00,0.000,0.000,0.00
1777915793,loop27,0.00,0.00,0.000,0.000,0.00
1777915793,loop28,0.00,0.00,0.000,0.000,0.00
1777915793,loop29,0.00,0.00,0.000,0.000,0.00
1777915793,loop3,0.00,0.00,0.000,0.000,0.00
1777915793,loop30,0.00,0.00,0.000,0.000,0.00
1777915793,loop31,0.00,0.00,0.000,0.000,0.00
1777915793,loop32,0.00,0.00,0.000,0.000,0.00
1777915793,loop33,0.00,0.00,0.000,0.000,0.00
1777915793,loop34,0.00,0.00,0.000,0.000,0.00
1777915793,loop35,0.00,0.00,0.000,0.000,0.00
1777915793,loop36,0.00,0.00,0.000,0.000,0.00
1777915793,loop37,0.00,0.00,0.000,0.000,0.00
1777915793,loop38,0.00,0.00,0.000,0.000,0.00
1777915793,loop39,0.00,0.00,0.000,0.000,0.00
1777915793,loop4,0.00,0.00,0.000,0.000,0.00
1777915793,loop40,0.00,0.00,0.000,0.000,0.00
1777915793,loop5,0.00,0.00,0.000,0.000,0.00
1777915793,loop6,0.00,0.00,0.000,0.000,0.00
1777915793,loop7,0.00,0.00,0.000,0.000,0.00
1777915793,loop8,0.00,0.00,0.000,0.000,0.00
1777915793,loop9,0.00,0.00,0.000,0.000,0.00
1777915793,nvme0n1,0.00,0.00,0.000,0.000,0.00
1777915794,loop0,0.00,0.00,0.000,0.000,0.00
1777915794,loop1,0.00,0.00,0.000,0.000,0.00
1777915794,loop10,0.00,0.00,0.000,0.000,0.00
1777915794,loop11,0.00,0.00,0.000,0.000,0.00
1777915794,loop12,0.00,0.00,0.000,0.000,0.00
1777915794,loop13,0.00,0.00,0.000,0.000,0.00
1777915794,loop14,0.00,0.00,0.000,0.000,0.00
1777915794,loop15,0.00,0.00,0.000,0.000,0.00
1777915794,loop16,0.00,0.00,0.000,0.000,0.00
1777915794,loop17,0.00,0.00,0.000,0.000,0.00
1777915794,loop18,0.00,0.00,0.000,0.000,0.00
1777915794,loop19,0.00,0.00,0.000,0.000,0.00
1777915794,loop2,0.00,0.00,0.000,0.000,0.00
1777915794,loop20,0.00,0.00,0.000,0.000,0.00
1777915794,loop21,0.00,0.00,0.000,0.000,0.00
1777915794,loop22,0.00,0.00,0.000,0.000,0.00
1777915794,loop23,0.00,0.00,0.000,0.000,0.00
1777915794,loop24,0.00,0.00,0.000,0.000,0.00
1777915794,loop25,0.00,0.00,0.000,0.000,0.00
1777915794,loop26,0.00,0.00,0.000,0.000,0.00
1777915794,loop27,0.00,0.00,0.000,0.000,0.00
1777915794,loop28,0.00,0.00,0.000,0.000,0.00
1777915794,loop29,0.00,0.00,0.000,0.000,0.00
1777915794,loop3,0.00,0.00,0.000,0.000,0.00
1777915794,loop30,0.00,0.00,0.000,0.000,0.00
1777915794,loop31,0.00,0.00,0.000,0.000,0.00
1777915794,loop32,0.00,0.00,0.000,0.000,0.00
1777915794,loop33,0.00,0.00,0.000,0.000,0.00
1777915794,loop34,0.00,0.00,0.000,0.000,0.00
1777915794,loop35,0.00,0.00,0.000,0.000,0.00
1777915794,loop36,0.00,0.00,0.000,0.000,0.00
1777915794,loop37,0.00,0.00,0.000,0.000,0.00
1777915794,loop38,0.00,0.00,0.000,0.000,0.00
1777915794,loop39,0.00,0.00,0.000,0.000,0.00
1777915794,loop4,0.00,0.00,0.000,0.000,0.00
1777915794,loop40,0.00,0.00,0.000,0.000,0.00
1777915794,loop5,0.00,0.00,0.000,0.000,0.00
1777915794,loop6,0.00,0.00,0.000,0.000,0.00
1777915794,loop7,0.00,0.00,0.000,0.000,0.00
1777915794,loop8,0.00,0.00,0.000,0.000,0.00
1777915794,loop9,0.00,0.00,0.000,0.000,0.00
1777915794,nvme0n1,0.00,0.00,0.000,0.000,0.00
1777915795,loop0,0.00,0.00,0.000,0.000,0.00
1777915795,loop1,0.00,0.00,0.000,0.000,0.00
1777915795,loop10,0.00,0.00,0.000,0.000,0.00
1777915795,loop11,0.00,0.00,0.000,0.000,0.00
1777915795,loop12,0.00,0.00,0.000,0.000,0.00
1777915795,loop13,0.00,0.00,0.000,0.000,0.00
1777915795,loop14,0.00,0.00,0.000,0.000,0.00
1777915795,loop15,0.00,0.00,0.000,0.000,0.00
1777915795,loop16,0.00,0.00,0.000,0.000,0.00
1777915795,loop17,0.00,0.00,0.000,0.000,0.00
1777915795,loop18,0.00,0.00,0.000,0.000,0.00
1777915795,loop19,0.00,0.00,0.000,0.000,0.00
1777915795,loop2,0.00,0.00,0.000,0.000,0.00
1777915795,loop20,0.00,0.00,0.000,0.000,0.00
1777915795,loop21,0.00,0.00,0.000,0.000,0.00
1777915795,loop22,0.00,0.00,0.000,0.000,0.00
1777915795,loop23,0.00,0.00,0.000,0.000,0.00
1777915795,loop24,0.00,0.00,0.000,0.000,0.00
1777915795,loop25,0.00,0.00,0.000,0.000,0.00
1777915795,loop26,0.00,0.00,0.000,0.000,0.00
1777915795,loop27,0.00,0.00,0.000,0.000,0.00
1777915795,loop28,0.00,0.00,0.000,0.000,0.00
1777915795,loop29,0.00,0.00,0.000,0.000,0.00
1777915795,loop3,0.00,0.00,0.000,0.000,0.00
1777915795,loop30,0.00,0.00,0.000,0.000,0.00
1777915795,loop31,0.00,0.00,0.000,0.000,0.00
1777915795,loop32,0.00,0.00,0.000,0.000,0.00
1777915795,loop33,0.00,0.00,0.000,0.000,0.00
1777915795,loop34,0.00,0.00,0.000,0.000,0.00
1777915795,loop35,0.00,0.00,0.000,0.000,0.00
1777915795,loop36,0.00,0.00,0.000,0.000,0.00
1777915795,loop37,0.00,0.00,0.000,0.000,0.00
1777915795,loop38,0.00,0.00,0.000,0.000,0.00
1777915795,loop39,0.00,0.00,0.000,0.000,0.00
1777915795,loop4,0.00,0.00,0.000,0.000,0.00
1777915795,loop40,0.00,0.00,0.000,0.000,0.00
1777915795,loop5,0.00,0.00,0.000,0.000,0.00
1777915795,loop6,0.00,0.00,0.000,0.000,0.00
1777915795,loop7,0.00,0.00,0.000,0.000,0.00
1777915795,loop8,0.00,0.00,0.000,0.000,0.00
1777915795,loop9,0.00,0.00,0.000,0.000,0.00
1777915795,nvme0n1,0.00,0.00,0.000,0.000,5.30
1777915796,loop0,0.00,0.00,0.000,0.000,0.00
1777915796,loop1,0.00,0.00,0.000,0.000,0.00
1777915796,loop10,0.00,0.00,0.000,0.000,0.00
1777915796,loop11,0.00,0.00,0.000,0.000,0.00
1777915796,loop12,0.00,0.00,0.000,0.000,0.00
1777915796,loop13,0.00,0.00,0.000,0.000,0.00
1777915796,loop14,0.00,0.00,0.000,0.000,0.00
1777915796,loop15,0.00,0.00,0.000,0.000,0.00
1777915796,loop16,0.00,0.00,0.000,0.000,0.00
1777915796,loop17,0.00,0.00,0.000,0.000,0.00
1777915796,loop18,0.00,0.00,0.000,0.000,0.00
1777915796,loop19,0.00,0.00,0.000,0.000,0.00
1777915796,loop2,0.00,0.00,0.000,0.000,0.00
1777915796,loop20,0.00,0.00,0.000,0.000,0.00
1777915796,loop21,0.00,0.00,0.000,0.000,0.00
1777915796,loop22,0.00,0.00,0.000,0.000,0.00
1777915796,loop23,0.00,0.00,0.000,0.000,0.00
1777915796,loop24,0.00,0.00,0.000,0.000,0.00
1777915796,loop25,0.00,0.00,0.000,0.000,0.00
1777915796,loop26,0.00,0.00,0.000,0.000,0.00
1777915796,loop27,0.00,0.00,0.000,0.000,0.00
1777915796,loop28,0.00,0.00,0.000,0.000,0.00
1777915796,loop29,0.00,0.00,0.000,0.000,0.00
1777915796,loop3,0.00,0.00,0.000,0.000,0.00
1777915796,loop30,0.00,0.00,0.000,0.000,0.00
1777915796,loop31,0.00,0.00,0.000,0.000,0.00
1777915796,loop32,0.00,0.00,0.000,0.000,0.00
1777915796,loop33,0.00,0.00,0.000,0.000,0.00
1777915796,loop34,0.00,0.00,0.000,0.000,0.00
1777915796,loop35,0.00,0.00,0.000,0.000,0.00
1777915796,loop36,0.00,0.00,0.000,0.000,0.00
1777915796,loop37,0.00,0.00,0.000,0.000,0.00
1777915796,loop38,0.00,0.00,0.000,0.000,0.00
1777915796,loop39,0.00,0.00,0.000,0.000,0.00
1777915796,loop4,0.00,0.00,0.000,0.000,0.00
1777915796,loop40,0.00,0.00,0.000,0.000,0.00
1777915796,loop5,0.00,0.00,0.000,0.000,0.00
1777915796,loop6,0.00,0.00,0.000,0.000,0.00
1777915796,loop7,0.00,0.00,0.000,0.000,0.00
1777915796,loop8,0.00,0.00,0.000,0.000,0.00
1777915796,loop9,0.00,0.00,0.000,0.000,0.00
1777915796,nvme0n1,0.00,0.00,0.000,0.000,0.00
1777915797,loop0,0.00,0.00,0.000,0.000,0.00
1777915797,loop1,0.00,0.00,0.000,0.000,0.00
1777915797,loop10,0.00,0.00,0.000,0.000,0.00
1777915797,loop11,0.00,0.00,0.000,0.000,0.00
1777915797,loop12,0.00,0.00,0.000,0.000,0.00
1777915797,loop13,0.00,0.00,0.000,0.000,0.00
1777915797,loop14,0.00,0.00,0.000,0.000,0.00
1777915797,loop15,0.00,0.00,0.000,0.000,0.00
1777915797,loop16,0.00,0.00,0.000,0.000,0.00
1777915797,loop17,0.00,0.00,0.000,0.000,0.00
1777915797,loop18,0.00,0.00,0.000,0.000,0.00
1777915797,loop19,0.00,0.00,0.000,0.000,0.00
1777915797,loop2,0.00,0.00,0.000,0.000,0.00
1777915797,loop20,0.00,0.00,0.000,0.000,0.00
1777915797,loop21,0.00,0.00,0.000,0.000,0.00
1777915797,loop22,0.00,0.00,0.000,0.000,0.00
1777915797,loop23,0.00,0.00,0.000,0.000,0.00
1777915797,loop24,0.00,0.00,0.000,0.000,0.00
1777915797,loop25,0.00,0.00,0.000,0.000,0.00
1777915797,loop26,0.00,0.00,0.000,0.000,0.00
1777915797,loop27,0.00,0.00,0.000,0.000,0.00
1777915797,loop28,0.00,0.00,0.000,0.000,0.00
1777915797,loop29,0.00,0.00,0.000,0.000,0.00
1777915797,loop3,0.00,0.00,0.000,0.000,0.00
1777915797,loop30,0.00,0.00,0.000,0.000,0.00
1777915797,loop31,0.00,0.00,0.000,0.000,0.00
1777915797,loop32,0.00,0.00,0.000,0.000,0.00
1777915797,loop33,0.00,0.00,0.000,0.000,0.00
1777915797,loop34,0.00,0.00,0.000,0.000,0.00
1777915797,loop35,0.00,0.00,0.000,0.000,0.00
1777915797,loop36,0.00,0.00,0.000,0.000,0.00
1777915797,loop37,0.00,0.00,0.000,0.000,0.00
1777915797,loop38,0.00,0.00,0.000,0.000,0.00
1777915797,loop39,0.00,0.00,0.000,0.000,0.00
1777915797,loop4,0.00,0.00,0.000,0.000,0.00
1777915797,loop40,0.00,0.00,0.000,0.000,0.00
1777915797,loop5,0.00,0.00,0.000,0.000,0.00
1777915797,loop6,0.00,0.00,0.000,0.000,0.00
1777915797,loop7,0.00,0.00,0.000,0.000,0.00
1777915797,loop8,0.00,0.00,0.000,0.000,0.00
1777915797,loop9,0.00,0.00,0.000,0.000,0.00
1777915797,nvme0n1,0.00,0.00,0.000,0.000,0.00
1777915798,loop0,0.00,0.00,0.000,0.000,0.00
1777915798,loop1,0.00,0.00,0.000,0.000,0.00
1777915798,loop10,0.00,0.00,0.000,0.000,0.00
1777915798,loop11,0.00,0.00,0.000,0.000,0.00
1777915798,loop12,0.00,0.00,0.000,0.000,0.00
1777915798,loop13,0.00,0.00,0.000,0.000,0.00
1777915798,loop14,0.00,0.00,0.000,0.000,0.00
1777915798,loop15,0.00,0.00,0.000,0.000,0.00
1777915798,loop16,0.00,0.00,0.000,0.000,0.00
1777915798,loop17,0.00,0.00,0.000,0.000,0.00
1777915798,loop18,0.00,0.00,0.000,0.000,0.00
1777915798,loop19,0.00,0.00,0.000,0.000,0.00
1777915798,loop2,0.00,0.00,0.000,0.000,0.00
1777915798,loop20,0.00,0.00,0.000,0.000,0.00
1777915798,loop21,0.00,0.00,0.000,0.000,0.00
1777915798,loop22,0.00,0.00,0.000,0.000,0.00
1777915798,loop23,0.00,0.00,0.000,0.000,0.00
1777915798,loop24,0.00,0.00,0.000,0.000,0.00
1777915798,loop25,0.00,0.00,0.000,0.000,0.00
1777915798,loop26,0.00,0.00,0.000,0.000,0.00
1777915798,loop27,0.00,0.00,0.000,0.000,0.00
1777915798,loop28,0.00,0.00,0.000,0.000,0.00
1777915798,loop29,0.00,0.00,0.000,0.000,0.00
1777915798,loop3,0.00,0.00,0.000,0.000,0.00
1777915798,loop30,0.00,0.00,0.000,0.000,0.00
1777915798,loop31,0.00,0.00,0.000,0.000,0.00
1777915798,loop32,0.00,0.00,0.000,0.000,0.00
1777915798,loop33,0.00,0.00,0.000,0.000,0.00
1777915798,loop34,0.00,0.00,0.000,0.000,0.00
1777915798,loop35,0.00,0.00,0.000,0.000,0.00
1777915798,loop36,0.00,0.00,0.000,0.000,0.00
1777915798,loop37,0.00,0.00,0.000,0.000,0.00
1777915798,loop38,0.00,0.00,0.000,0.000,0.00
1777915798,loop39,0.00,0.00,0.000,0.000,0.00
1777915798,loop4,0.00,0.00,0.000,0.000,0.00
1777915798,loop40,0.00,0.00,0.000,0.000,0.00
1777915798,loop5,0.00,0.00,0.000,0.000,0.00
1777915798,loop6,0.00,0.00,0.000,0.000,0.00
1777915798,loop7,0.00,0.00,0.000,0.000,0.00
1777915798,loop8,0.00,0.00,0.000,0.000,0.00
1777915798,loop9,0.00,0.00,0.000,0.000,0.00
1777915798,nvme0n1,0.00,0.00,0.000,0.000,0.00
1777915799,loop0,0.00,0.00,0.000,0.000,0.00
1777915799,loop1,0.00,0.00,0.000,0.000,0.00
1777915799,loop10,0.00,0.00,0.000,0.000,0.00
1777915799,loop11,0.00,0.00,0.000,0.000,0.00
1777915799,loop12,0.00,0.00,0.000,0.000,0.00
1777915799,loop13,0.00,0.00,0.000,0.000,0.00
1777915799,loop14,0.00,0.00,0.000,0.000,0.00
1777915799,loop15,0.00,0.00,0.000,0.000,0.00
1777915799,loop16,0.00,0.00,0.000,0.000,0.00
1777915799,loop17,0.00,0.00,0.000,0.000,0.00
1777915799,loop18,0.00,0.00,0.000,0.000,0.00
1777915799,loop19,0.00,0.00,0.000,0.000,0.00
1777915799,loop2,0.00,0.00,0.000,0.000,0.00
1777915799,loop20,0.00,0.00,0.000,0.000,0.00
1777915799,loop21,0.00,0.00,0.000,0.000,0.00
1777915799,loop22,0.00,0.00,0.000,0.000,0.00
1777915799,loop23,0.00,0.00,0.000,0.000,0.00
1777915799,loop24,0.00,0.00,0.000,0.000,0.00
1777915799,loop25,0.00,0.00,0.000,0.000,0.00
1777915799,loop26,0.00,0.00,0.000,0.000,0.00
1777915799,loop27,0.00,0.00,0.000,0.000,0.00
1777915799,loop28,0.00,0.00,0.000,0.000,0.00
1777915799,loop29,0.00,0.00,0.000,0.000,0.00
1777915799,loop3,0.00,0.00,0.000,0.000,0.00
1777915799,loop30,0.00,0.00,0.000,0.000,0.00
1777915799,loop31,0.00,0.00,0.000,0.000,0.00
1777915799,loop32,0.00,0.00,0.000,0.000,0.00
1777915799,loop33,0.00,0.00,0.000,0.000,0.00
1777915799,loop34,0.00,0.00,0.000,0.000,0.00
1777915799,loop35,0.00,0.00,0.000,0.000,0.00
1777915799,loop36,0.00,0.00,0.000,0.000,0.00
1777915799,loop37,0.00,0.00,0.000,0.000,0.00
1777915799,loop38,0.00,0.00,0.000,0.000,0.00
1777915799,loop39,0.00,0.00,0.000,0.000,0.00
1777915799,loop4,0.00,0.00,0.000,0.000,0.00
1777915799,loop40,0.00,0.00,0.000,0.000,0.00
1777915799,loop5,0.00,0.00,0.000,0.000,0.00
1777915799,loop6,0.00,0.00,0.000,0.000,0.00
1777915799,loop7,0.00,0.00,0.000,0.000,0.00
1777915799,loop8,0.00,0.00,0.000,0.000,0.00
1777915799,loop9,0.00,0.00,0.000,0.000,0.00
1777915799,nvme0n1,0.00,0.00,0.000,0.000,2.10
1777915800,loop0,0.00,0.00,0.000,0.000,0.00
1777915800,loop1,0.00,0.00,0.000,0.000,0.00
1777915800,loop10,0.00,0.00,0.000,0.000,0.00
1777915800,loop11,0.00,0.00,0.000,0.000,0.00
1777915800,loop12,0.00,0.00,0.000,0.000,0.00
1777915800,loop13,0.00,0.00,0.000,0.000,0.00
1777915800,loop14,0.00,0.00,0.000,0.000,0.00
1777915800,loop15,0.00,0.00,0.000,0.000,0.00
1777915800,loop16,0.00,0.00,0.000,0.000,0.00
1777915800,loop17,0.00,0.00,0.000,0.000,0.00
1777915800,loop18,0.00,0.00,0.000,0.000,0.00
1777915800,loop19,0.00,0.00,0.000,0.000,0.00
1777915800,loop2,0.00,0.00,0.000,0.000,0.00
1777915800,loop20,0.00,0.00,0.000,0.000,0.00
1777915800,loop21,0.00,0.00,0.000,0.000,0.00
1777915800,loop22,0.00,0.00,0.000,0.000,0.00
1777915800,loop23,0.00,0.00,0.000,0.000,0.00
1777915800,loop24,0.00,0.00,0.000,0.000,0.00
1777915800,loop25,0.00,0.00,0.000,0.000,0.00
1777915800,loop26,0.00,0.00,0.000,0.000,0.00
1777915800,loop27,0.00,0.00,0.000,0.000,0.00
1777915800,loop28,0.00,0.00,0.000,0.000,0.00
1777915800,loop29,0.00,0.00,0.000,0.000,0.00
1777915800,loop3,0.00,0.00,0.000,0.000,0.00
1777915800,loop30,0.00,0.00,0.000,0.000,0.00
1777915800,loop31,0.00,0.00,0.000,0.000,0.00
1777915800,loop32,0.00,0.00,0.000,0.000,0.00
1777915800,loop33,0.00,0.00,0.000,0.000,0.00
1777915800,loop34,0.00,0.00,0.000,0.000,0.00
1777915800,loop35,0.00,0.00,0.000,0.000,0.00
1777915800,loop36,0.00,0.00,0.000,0.000,0.00
1777915800,loop37,0.00,0.00,0.000,0.000,0.00
1777915800,loop38,0.00,0.00,0.000,0.000,0.00
1777915800,loop39,0.00,0.00,0.000,0.000,0.00
1777915800,loop4,0.00,0.00,0.000,0.000,0.00
1777915800,loop40,0.00,0.00,0.000,0.000,0.00
1777915800,loop5,0.00,0.00,0.000,0.000,0.00
1777915800,loop6,0.00,0.00,0.000,0.000,0.00
1777915800,loop7,0.00,0.00,0.000,0.000,0.00
1777915800,loop8,0.00,0.00,0.000,0.000,0.00
1777915800,loop9,0.00,0.00,0.000,0.000,0.00
1777915800,nvme0n1,0.00,0.00,0.000,0.000,0.40
1777915801,loop0,0.00,0.00,0.000,0.000,0.00
1777915801,loop1,0.00,0.00,0.000,0.000,0.00
1777915801,loop10,0.00,0.00,0.000,0.000,0.00
1777915801,loop11,0.00,0.00,0.000,0.000,0.00
1777915801,loop12,0.00,0.00,0.000,0.000,0.00
1777915801,loop13,0.00,0.00,0.000,0.000,0.00
1777915801,loop14,0.00,0.00,0.000,0.000,0.00
1777915801,loop15,0.00,0.00,0.000,0.000,0.00
1777915801,loop16,0.00,0.00,0.000,0.000,0.00
1777915801,loop17,0.00,0.00,0.000,0.000,0.00
1777915801,loop18,0.00,0.00,0.000,0.000,0.00
1777915801,loop19,0.00,0.00,0.000,0.000,0.00
1777915801,loop2,0.00,0.00,0.000,0.000,0.00
1777915801,loop20,0.00,0.00,0.000,0.000,0.00
1777915801,loop21,0.00,0.00,0.000,0.000,0.00
1777915801,loop22,0.00,0.00,0.000,0.000,0.00
1777915801,loop23,0.00,0.00,0.000,0.000,0.00
1777915801,loop24,0.00,0.00,0.000,0.000,0.00
1777915801,loop25,0.00,0.00,0.000,0.000,0.00
1777915801,loop26,0.00,0.00,0.000,0.000,0.00
1777915801,loop27,0.00,0.00,0.000,0.000,0.00
1777915801,loop28,0.00,0.00,0.000,0.000,0.00
1777915801,loop29,0.00,0.00,0.000,0.000,0.00
1777915801,loop3,0.00,0.00,0.000,0.000,0.00
1777915801,loop30,0.00,0.00,0.000,0.000,0.00
1777915801,loop31,0.00,0.00,0.000,0.000,0.00
1777915801,loop32,0.00,0.00,0.000,0.000,0.00
1777915801,loop33,0.00,0.00,0.000,0.000,0.00
1777915801,loop34,0.00,0.00,0.000,0.000,0.00
1777915801,loop35,0.00,0.00,0.000,0.000,0.00
1777915801,loop36,0.00,0.00,0.000,0.000,0.00
1777915801,loop37,0.00,0.00,0.000,0.000,0.00
1777915801,loop38,0.00,0.00,0.000,0.000,0.00
1777915801,loop39,0.00,0.00,0.000,0.000,0.00
1777915801,loop4,0.00,0.00,0.000,0.000,0.00
1777915801,loop40,0.00,0.00,0.000,0.000,0.00
1777915801,loop5,0.00,0.00,0.000,0.000,0.00
1777915801,loop6,0.00,0.00,0.000,0.000,0.00
1777915801,loop7,0.00,0.00,0.000,0.000,0.00
1777915801,loop8,0.00,0.00,0.000,0.000,0.00
1777915801,loop9,0.00,0.00,0.000,0.000,0.00
1777915801,nvme0n1,6.00,28.00,0.000,0.000,0.10
1777915802,loop0,0.00,0.00,0.000,0.000,0.00
1777915802,loop1,0.00,0.00,0.000,0.000,0.00
1777915802,loop10,0.00,0.00,0.000,0.000,0.00
1777915802,loop11,0.00,0.00,0.000,0.000,0.00
1777915802,loop12,0.00,0.00,0.000,0.000,0.00
1777915802,loop13,0.00,0.00,0.000,0.000,0.00
1777915802,loop14,0.00,0.00,0.000,0.000,0.00
1777915802,loop15,0.00,0.00,0.000,0.000,0.00
1777915802,loop16,0.00,0.00,0.000,0.000,0.00
1777915802,loop17,0.00,0.00,0.000,0.000,0.00
1777915802,loop18,0.00,0.00,0.000,0.000,0.00
1777915802,loop19,0.00,0.00,0.000,0.000,0.00
1777915802,loop2,0.00,0.00,0.000,0.000,0.00
1777915802,loop20,0.00,0.00,0.000,0.000,0.00
1777915802,loop21,0.00,0.00,0.000,0.000,0.00
1777915802,loop22,0.00,0.00,0.000,0.000,0.00
1777915802,loop23,0.00,0.00,0.000,0.000,0.00
1777915802,loop24,0.00,0.00,0.000,0.000,0.00
1777915802,loop25,0.00,0.00,0.000,0.000,0.00
1777915802,loop26,0.00,0.00,0.000,0.000,0.00
1777915802,loop27,0.00,0.00,0.000,0.000,0.00
1777915802,loop28,0.00,0.00,0.000,0.000,0.00
1777915802,loop29,0.00,0.00,0.000,0.000,0.00
1777915802,loop3,0.00,0.00,0.000,0.000,0.00
1777915802,loop30,0.00,0.00,0.000,0.000,0.00
1777915802,loop31,0.00,0.00,0.000,0.000,0.00
1777915802,loop32,0.00,0.00,0.000,0.000,0.00
1777915802,loop33,0.00,0.00,0.000,0.000,0.00
1777915802,loop34,0.00,0.00,0.000,0.000,0.00
1777915802,loop35,0.00,0.00,0.000,0.000,0.00
1777915802,loop36,0.00,0.00,0.000,0.000,0.00
1777915802,loop37,0.00,0.00,0.000,0.000,0.00
1777915802,loop38,0.00,0.00,0.000,0.000,0.00
1777915802,loop39,0.00,0.00,0.000,0.000,0.00
1777915802,loop4,0.00,0.00,0.000,0.000,0.00
1777915802,loop40,0.00,0.00,0.000,0.000,0.00
1777915802,loop5,0.00,0.00,0.000,0.000,0.00
1777915802,loop6,0.00,0.00,0.000,0.000,0.00
1777915802,loop7,0.00,0.00,0.000,0.000,0.00
1777915802,loop8,0.00,0.00,0.000,0.000,0.00
1777915802,loop9,0.00,0.00,0.000,0.000,0.00
1777915802,nvme0n1,0.00,0.00,0.000,0.000,0.00
1777915803,loop0,0.00,0.00,0.000,0.000,0.00
1777915803,loop1,0.00,0.00,0.000,0.000,0.00
1777915803,loop10,0.00,0.00,0.000,0.000,0.00
1777915803,loop11,0.00,0.00,0.000,0.000,0.00
1777915803,loop12,0.00,0.00,0.000,0.000,0.00
1777915803,loop13,0.00,0.00,0.000,0.000,0.00
1777915803,loop14,0.00,0.00,0.000,0.000,0.00
1777915803,loop15,0.00,0.00,0.000,0.000,0.00
1777915803,loop16,0.00,0.00,0.000,0.000,0.00
1777915803,loop17,0.00,0.00,0.000,0.000,0.00
1777915803,loop18,0.00,0.00,0.000,0.000,0.00
1777915803,loop19,0.00,0.00,0.000,0.000,0.00
1777915803,loop2,0.00,0.00,0.000,0.000,0.00
1777915803,loop20,0.00,0.00,0.000,0.000,0.00
1777915803,loop21,0.00,0.00,0.000,0.000,0.00
1777915803,loop22,0.00,0.00,0.000,0.000,0.00
1777915803,loop23,0.00,0.00,0.000,0.000,0.00
1777915803,loop24,0.00,0.00,0.000,0.000,0.00
1777915803,loop25,0.00,0.00,0.000,0.000,0.00
1777915803,loop26,0.00,0.00,0.000,0.000,0.00
1777915803,loop27,0.00,0.00,0.000,0.000,0.00
1777915803,loop28,0.00,0.00,0.000,0.000,0.00
1777915803,loop29,0.00,0.00,0.000,0.000,0.00
1777915803,loop3,0.00,0.00,0.000,0.000,0.00
1777915803,loop30,0.00,0.00,0.000,0.000,0.00
1777915803,loop31,0.00,0.00,0.000,0.000,0.00
1777915803,loop32,0.00,0.00,0.000,0.000,0.00
1777915803,loop33,0.00,0.00,0.000,0.000,0.00
1777915803,loop34,0.00,0.00,0.000,0.000,0.00
1777915803,loop35,0.00,0.00,0.000,0.000,0.00
1777915803,loop36,0.00,0.00,0.000,0.000,0.00
1777915803,loop37,0.00,0.00,0.000,0.000,0.00
1777915803,loop38,0.00,0.00,0.000,0.000,0.00
1777915803,loop39,0.00,0.00,0.000,0.000,0.00
1777915803,loop4,0.00,0.00,0.000,0.000,0.00
1777915803,loop40,0.00,0.00,0.000,0.000,0.00
1777915803,loop5,0.00,0.00,0.000,0.000,0.00
1777915803,loop6,0.00,0.00,0.000,0.000,0.00
1777915803,loop7,0.00,0.00,0.000,0.000,0.00
1777915803,loop8,0.00,0.00,0.000,0.000,0.00
1777915803,loop9,0.00,0.00,0.000,0.000,0.00
1777915803,nvme0n1,0.00,0.00,0.000,0.000,0.00
1777915804,loop0,0.00,0.00,0.000,0.000,0.00
1777915804,loop1,0.00,0.00,0.000,0.000,0.00
1777915804,loop10,0.00,0.00,0.000,0.000,0.00
1777915804,loop11,0.00,0.00,0.000,0.000,0.00
1777915804,loop12,0.00,0.00,0.000,0.000,0.00
1777915804,loop13,0.00,0.00,0.000,0.000,0.00
1777915804,loop14,0.00,0.00,0.000,0.000,0.00
1777915804,loop15,0.00,0.00,0.000,0.000,0.00
1777915804,loop16,0.00,0.00,0.000,0.000,0.00
1777915804,loop17,0.00,0.00,0.000,0.000,0.00
1777915804,loop18,0.00,0.00,0.000,0.000,0.00
1777915804,loop19,0.00,0.00,0.000,0.000,0.00
1777915804,loop2,0.00,0.00,0.000,0.000,0.00
1777915804,loop20,0.00,0.00,0.000,0.000,0.00
1777915804,loop21,0.00,0.00,0.000,0.000,0.00
1777915804,loop22,0.00,0.00,0.000,0.000,0.00
1777915804,loop23,0.00,0.00,0.000,0.000,0.00
1777915804,loop24,0.00,0.00,0.000,0.000,0.00
1777915804,loop25,0.00,0.00,0.000,0.000,0.00
1777915804,loop26,0.00,0.00,0.000,0.000,0.00
1777915804,loop27,0.00,0.00,0.000,0.000,0.00
1777915804,loop28,0.00,0.00,0.000,0.000,0.00
1777915804,loop29,0.00,0.00,0.000,0.000,0.00
1777915804,loop3,0.00,0.00,0.000,0.000,0.00
1777915804,loop30,0.00,0.00,0.000,0.000,0.00
1777915804,loop31,0.00,0.00,0.000,0.000,0.00
1777915804,loop32,0.00,0.00,0.000,0.000,0.00
1777915804,loop33,0.00,0.00,0.000,0.000,0.00
1777915804,loop34,0.00,0.00,0.000,0.000,0.00
1777915804,loop35,0.00,0.00,0.000,0.000,0.00
1777915804,loop36,0.00,0.00,0.000,0.000,0.00
1777915804,loop37,0.00,0.00,0.000,0.000,0.00
1777915804,loop38,0.00,0.00,0.000,0.000,0.00
1777915804,loop39,0.00,0.00,0.000,0.000,0.00
1777915804,loop4,0.00,0.00,0.000,0.000,0.00
1777915804,loop40,0.00,0.00,0.000,0.000,0.00
1777915804,loop5,0.00,0.00,0.000,0.000,0.00
1777915804,loop6,0.00,0.00,0.000,0.000,0.00
1777915804,loop7,0.00,0.00,0.000,0.000,0.00
1777915804,loop8,0.00,0.00,0.000,0.000,0.00
1777915804,loop9,0.00,0.00,0.000,0.000,0.00
1777915804,nvme0n1,0.00,0.00,0.000,0.000,0.00
1777915805,loop0,0.00,0.00,0.000,0.000,0.00
1777915805,loop1,0.00,0.00,0.000,0.000,0.00
1777915805,loop10,0.00,0.00,0.000,0.000,0.00
1777915805,loop11,0.00,0.00,0.000,0.000,0.00
1777915805,loop12,0.00,0.00,0.000,0.000,0.00
1777915805,loop13,0.00,0.00,0.000,0.000,0.00
1777915805,loop14,0.00,0.00,0.000,0.000,0.00
1777915805,loop15,0.00,0.00,0.000,0.000,0.00
1777915805,loop16,0.00,0.00,0.000,0.000,0.00
1777915805,loop17,0.00,0.00,0.000,0.000,0.00
1777915805,loop18,0.00,0.00,0.000,0.000,0.00
1777915805,loop19,0.00,0.00,0.000,0.000,0.00
1777915805,loop2,0.00,0.00,0.000,0.000,0.00
1777915805,loop20,0.00,0.00,0.000,0.000,0.00
1777915805,loop21,0.00,0.00,0.000,0.000,0.00
1777915805,loop22,0.00,0.00,0.000,0.000,0.00
1777915805,loop23,0.00,0.00,0.000,0.000,0.00
1777915805,loop24,0.00,0.00,0.000,0.000,0.00
1777915805,loop25,0.00,0.00,0.000,0.000,0.00
1777915805,loop26,0.00,0.00,0.000,0.000,0.00
1777915805,loop27,0.00,0.00,0.000,0.000,0.00
1777915805,loop28,0.00,0.00,0.000,0.000,0.00
1777915805,loop29,0.00,0.00,0.000,0.000,0.00
1777915805,loop3,0.00,0.00,0.000,0.000,0.00
1777915805,loop30,0.00,0.00,0.000,0.000,0.00
1777915805,loop31,0.00,0.00,0.000,0.000,0.00
1777915805,loop32,0.00,0.00,0.000,0.000,0.00
1777915805,loop33,0.00,0.00,0.000,0.000,0.00
1777915805,loop34,0.00,0.00,0.000,0.000,0.00
1777915805,loop35,0.00,0.00,0.000,0.000,0.00
1777915805,loop36,0.00,0.00,0.000,0.000,0.00
1777915805,loop37,0.00,0.00,0.000,0.000,0.00
1777915805,loop38,0.00,0.00,0.000,0.000,0.00
1777915805,loop39,0.00,0.00,0.000,0.000,0.00
1777915805,loop4,0.00,0.00,0.000,0.000,0.00
1777915805,loop40,0.00,0.00,0.000,0.000,0.00
1777915805,loop5,0.00,0.00,0.000,0.000,0.00
1777915805,loop6,0.00,0.00,0.000,0.000,0.00
1777915805,loop7,0.00,0.00,0.000,0.000,0.00
1777915805,loop8,0.00,0.00,0.000,0.000,0.00
1777915805,loop9,0.00,0.00,0.000,0.000,0.00
1777915805,nvme0n1,0.00,0.00,0.000,0.000,2.00
1777915806,loop0,0.00,0.00,0.000,0.000,0.00
1777915806,loop1,0.00,0.00,0.000,0.000,0.00
1777915806,loop10,0.00,0.00,0.000,0.000,0.00
1777915806,loop11,0.00,0.00,0.000,0.000,0.00
1777915806,loop12,0.00,0.00,0.000,0.000,0.00
1777915806,loop13,0.00,0.00,0.000,0.000,0.00
1777915806,loop14,0.00,0.00,0.000,0.000,0.00
1777915806,loop15,0.00,0.00,0.000,0.000,0.00
1777915806,loop16,0.00,0.00,0.000,0.000,0.00
1777915806,loop17,0.00,0.00,0.000,0.000,0.00
1777915806,loop18,0.00,0.00,0.000,0.000,0.00
1777915806,loop19,0.00,0.00,0.000,0.000,0.00
1777915806,loop2,0.00,0.00,0.000,0.000,0.00
1777915806,loop20,0.00,0.00,0.000,0.000,0.00
1777915806,loop21,0.00,0.00,0.000,0.000,0.00
1777915806,loop22,0.00,0.00,0.000,0.000,0.00
1777915806,loop23,0.00,0.00,0.000,0.000,0.00
1777915806,loop24,0.00,0.00,0.000,0.000,0.00
1777915806,loop25,0.00,0.00,0.000,0.000,0.00
1777915806,loop26,0.00,0.00,0.000,0.000,0.00
1777915806,loop27,0.00,0.00,0.000,0.000,0.00
1777915806,loop28,0.00,0.00,0.000,0.000,0.00
1777915806,loop29,0.00,0.00,0.000,0.000,0.00
1777915806,loop3,0.00,0.00,0.000,0.000,0.00
1777915806,loop30,0.00,0.00,0.000,0.000,0.00
1777915806,loop31,0.00,0.00,0.000,0.000,0.00
1777915806,loop32,0.00,0.00,0.000,0.000,0.00
1777915806,loop33,0.00,0.00,0.000,0.000,0.00
1777915806,loop34,0.00,0.00,0.000,0.000,0.00
1777915806,loop35,0.00,0.00,0.000,0.000,0.00
1777915806,loop36,0.00,0.00,0.000,0.000,0.00
1777915806,loop37,0.00,0.00,0.000,0.000,0.00
1777915806,loop38,0.00,0.00,0.000,0.000,0.00
1777915806,loop39,0.00,0.00,0.000,0.000,0.00
1777915806,loop4,0.00,0.00,0.000,0.000,0.00
1777915806,loop40,0.00,0.00,0.000,0.000,0.00
1777915806,loop5,0.00,0.00,0.000,0.000,0.00
1777915806,loop6,0.00,0.00,0.000,0.000,0.00
1777915806,loop7,0.00,0.00,0.000,0.000,0.00
1777915806,loop8,0.00,0.00,0.000,0.000,0.00
1777915806,loop9,0.00,0.00,0.000,0.000,0.00
1777915806,nvme0n1,5.00,136.00,0.000,0.000,0.70
1777915807,loop0,0.00,0.00,0.000,0.000,0.00
1777915807,loop1,0.00,0.00,0.000,0.000,0.00
1777915807,loop10,0.00,0.00,0.000,0.000,0.00
1777915807,loop11,0.00,0.00,0.000,0.000,0.00
1777915807,loop12,0.00,0.00,0.000,0.000,0.00
1777915807,loop13,0.00,0.00,0.000,0.000,0.00
1777915807,loop14,0.00,0.00,0.000,0.000,0.00
1777915807,loop15,0.00,0.00,0.000,0.000,0.00
1777915807,loop16,0.00,0.00,0.000,0.000,0.00
1777915807,loop17,0.00,0.00,0.000,0.000,0.00
1777915807,loop18,0.00,0.00,0.000,0.000,0.00
1777915807,loop19,0.00,0.00,0.000,0.000,0.00
1777915807,loop2,0.00,0.00,0.000,0.000,0.00
1777915807,loop20,0.00,0.00,0.000,0.000,0.00
1777915807,loop21,0.00,0.00,0.000,0.000,0.00
1777915807,loop22,0.00,0.00,0.000,0.000,0.00
1777915807,loop23,0.00,0.00,0.000,0.000,0.00
1777915807,loop24,0.00,0.00,0.000,0.000,0.00
1777915807,loop25,0.00,0.00,0.000,0.000,0.00
1777915807,loop26,0.00,0.00,0.000,0.000,0.00
1777915807,loop27,0.00,0.00,0.000,0.000,0.00
1777915807,loop28,0.00,0.00,0.000,0.000,0.00
1777915807,loop29,0.00,0.00,0.000,0.000,0.00
1777915807,loop3,0.00,0.00,0.000,0.000,0.00
1777915807,loop30,0.00,0.00,0.000,0.000,0.00
1777915807,loop31,0.00,0.00,0.000,0.000,0.00
1777915807,loop32,0.00,0.00,0.000,0.000,0.00
1777915807,loop33,0.00,0.00,0.000,0.000,0.00
1777915807,loop34,0.00,0.00,0.000,0.000,0.00
1777915807,loop35,0.00,0.00,0.000,0.000,0.00
1777915807,loop36,0.00,0.00,0.000,0.000,0.00
1777915807,loop37,0.00,0.00,0.000,0.000,0.00
1777915807,loop38,0.00,0.00,0.000,0.000,0.00
1777915807,loop39,0.00,0.00,0.000,0.000,0.00
1777915807,loop4,0.00,0.00,0.000,0.000,0.00
1777915807,loop40,0.00,0.00,0.000,0.000,0.00
1777915807,loop5,0.00,0.00,0.000,0.000,0.00
1777915807,loop6,0.00,0.00,0.000,0.000,0.00
1777915807,loop7,0.00,0.00,0.000,0.000,0.00
1777915807,loop8,0.00,0.00,0.000,0.000,0.00
1777915807,loop9,0.00,0.00,0.000,0.000,0.00
1777915807,nvme0n1,0.00,0.00,0.000,0.000,0.30
1777915808,loop0,0.00,0.00,0.000,0.000,0.00
1777915808,loop1,0.00,0.00,0.000,0.000,0.00
1777915808,loop10,0.00,0.00,0.000,0.000,0.00
1777915808,loop11,0.00,0.00,0.000,0.000,0.00
1777915808,loop12,0.00,0.00,0.000,0.000,0.00
1777915808,loop13,0.00,0.00,0.000,0.000,0.00
1777915808,loop14,0.00,0.00,0.000,0.000,0.00
1777915808,loop15,0.00,0.00,0.000,0.000,0.00
1777915808,loop16,0.00,0.00,0.000,0.000,0.00
1777915808,loop17,0.00,0.00,0.000,0.000,0.00
1777915808,loop18,0.00,0.00,0.000,0.000,0.00
1777915808,loop19,0.00,0.00,0.000,0.000,0.00
1777915808,loop2,0.00,0.00,0.000,0.000,0.00
1777915808,loop20,0.00,0.00,0.000,0.000,0.00
1777915808,loop21,0.00,0.00,0.000,0.000,0.00
1777915808,loop22,0.00,0.00,0.000,0.000,0.00
1777915808,loop23,0.00,0.00,0.000,0.000,0.00
1777915808,loop24,0.00,0.00,0.000,0.000,0.00
1777915808,loop25,0.00,0.00,0.000,0.000,0.00
1777915808,loop26,0.00,0.00,0.000,0.000,0.00
1777915808,loop27,0.00,0.00,0.000,0.000,0.00
1777915808,loop28,0.00,0.00,0.000,0.000,0.00
1777915808,loop29,0.00,0.00,0.000,0.000,0.00
1777915808,loop3,0.00,0.00,0.000,0.000,0.00
1777915808,loop30,0.00,0.00,0.000,0.000,0.00
1777915808,loop31,0.00,0.00,0.000,0.000,0.00
1777915808,loop32,0.00,0.00,0.000,0.000,0.00
1777915808,loop33,0.00,0.00,0.000,0.000,0.00
1777915808,loop34,0.00,0.00,0.000,0.000,0.00
1777915808,loop35,0.00,0.00,0.000,0.000,0.00
1777915808,loop36,0.00,0.00,0.000,0.000,0.00
1777915808,loop37,0.00,0.00,0.000,0.000,0.00
1777915808,loop38,0.00,0.00,0.000,0.000,0.00
1777915808,loop39,0.00,0.00,0.000,0.000,0.00
1777915808,loop4,0.00,0.00,0.000,0.000,0.00
1777915808,loop40,0.00,0.00,0.000,0.000,0.00
1777915808,loop5,0.00,0.00,0.000,0.000,0.00
1777915808,loop6,0.00,0.00,0.000,0.000,0.00
1777915808,loop7,0.00,0.00,0.000,0.000,0.00
1777915808,loop8,0.00,0.00,0.000,0.000,0.00
1777915808,loop9,0.00,0.00,0.000,0.000,0.00
1777915808,nvme0n1,0.00,0.00,0.000,0.000,1.00
1777915809,loop0,0.00,0.00,0.000,0.000,0.00
1777915809,loop1,0.00,0.00,0.000,0.000,0.00
1777915809,loop10,0.00,0.00,0.000,0.000,0.00
1777915809,loop11,0.00,0.00,0.000,0.000,0.00
1777915809,loop12,0.00,0.00,0.000,0.000,0.00
1777915809,loop13,0.00,0.00,0.000,0.000,0.00
1777915809,loop14,0.00,0.00,0.000,0.000,0.00
1777915809,loop15,0.00,0.00,0.000,0.000,0.00
1777915809,loop16,0.00,0.00,0.000,0.000,0.00
1777915809,loop17,0.00,0.00,0.000,0.000,0.00
1777915809,loop18,0.00,0.00,0.000,0.000,0.00
1777915809,loop19,0.00,0.00,0.000,0.000,0.00
1777915809,loop2,0.00,0.00,0.000,0.000,0.00
1777915809,loop20,0.00,0.00,0.000,0.000,0.00
1777915809,loop21,0.00,0.00,0.000,0.000,0.00
1777915809,loop22,0.00,0.00,0.000,0.000,0.00
1777915809,loop23,0.00,0.00,0.000,0.000,0.00
1777915809,loop24,0.00,0.00,0.000,0.000,0.00
1777915809,loop25,0.00,0.00,0.000,0.000,0.00
1777915809,loop26,0.00,0.00,0.000,0.000,0.00
1777915809,loop27,0.00,0.00,0.000,0.000,0.00
1777915809,loop28,0.00,0.00,0.000,0.000,0.00
1777915809,loop29,0.00,0.00,0.000,0.000,0.00
1777915809,loop3,0.00,0.00,0.000,0.000,0.00
1777915809,loop30,0.00,0.00,0.000,0.000,0.00
1777915809,loop31,0.00,0.00,0.000,0.000,0.00
1777915809,loop32,0.00,0.00,0.000,0.000,0.00
1777915809,loop33,0.00,0.00,0.000,0.000,0.00
1777915809,loop34,0.00,0.00,0.000,0.000,0.00
1777915809,loop35,0.00,0.00,0.000,0.000,0.00
1777915809,loop36,0.00,0.00,0.000,0.000,0.00
1777915809,loop37,0.00,0.00,0.000,0.000,0.00
1777915809,loop38,0.00,0.00,0.000,0.000,0.00
1777915809,loop39,0.00,0.00,0.000,0.000,0.00
1777915809,loop4,0.00,0.00,0.000,0.000,0.00
1777915809,loop40,0.00,0.00,0.000,0.000,0.00
1777915809,loop5,0.00,0.00,0.000,0.000,0.00
1777915809,loop6,0.00,0.00,0.000,0.000,0.00
1777915809,loop7,0.00,0.00,0.000,0.000,0.00
1777915809,loop8,0.00,0.00,0.000,0.000,0.00
1777915809,loop9,0.00,0.00,0.000,0.000,0.00
1777915809,nvme0n1,0.00,0.00,0.000,0.000,0.00
1777915810,loop0,0.00,0.00,0.000,0.000,0.00
1777915810,loop1,0.00,0.00,0.000,0.000,0.00
1777915810,loop10,0.00,0.00,0.000,0.000,0.00
1777915810,loop11,0.00,0.00,0.000,0.000,0.00
1777915810,loop12,0.00,0.00,0.000,0.000,0.00
1777915810,loop13,0.00,0.00,0.000,0.000,0.00
1777915810,loop14,0.00,0.00,0.000,0.000,0.00
1777915810,loop15,0.00,0.00,0.000,0.000,0.00
1777915810,loop16,0.00,0.00,0.000,0.000,0.00
1777915810,loop17,0.00,0.00,0.000,0.000,0.00
1777915810,loop18,0.00,0.00,0.000,0.000,0.00
1777915810,loop19,0.00,0.00,0.000,0.000,0.00
1777915810,loop2,0.00,0.00,0.000,0.000,0.00
1777915810,loop20,0.00,0.00,0.000,0.000,0.00
1777915810,loop21,0.00,0.00,0.000,0.000,0.00
1777915810,loop22,0.00,0.00,0.000,0.000,0.00
1777915810,loop23,0.00,0.00,0.000,0.000,0.00
1777915810,loop24,0.00,0.00,0.000,0.000,0.00
1777915810,loop25,0.00,0.00,0.000,0.000,0.00
1777915810,loop26,0.00,0.00,0.000,0.000,0.00
1777915810,loop27,0.00,0.00,0.000,0.000,0.00
1777915810,loop28,0.00,0.00,0.000,0.000,0.00
1777915810,loop29,0.00,0.00,0.000,0.000,0.00
1777915810,loop3,0.00,0.00,0.000,0.000,0.00
1777915810,loop30,0.00,0.00,0.000,0.000,0.00
1777915810,loop31,0.00,0.00,0.000,0.000,0.00
1777915810,loop32,0.00,0.00,0.000,0.000,0.00
1777915810,loop33,0.00,0.00,0.000,0.000,0.00
1777915810,loop34,0.00,0.00,0.000,0.000,0.00
1777915810,loop35,0.00,0.00,0.000,0.000,0.00
1777915810,loop36,0.00,0.00,0.000,0.000,0.00
1777915810,loop37,0.00,0.00,0.000,0.000,0.00
1777915810,loop38,0.00,0.00,0.000,0.000,0.00
1777915810,loop39,0.00,0.00,0.000,0.000,0.00
1777915810,loop4,0.00,0.00,0.000,0.000,0.00
1777915810,loop40,0.00,0.00,0.000,0.000,0.00
1777915810,loop5,0.00,0.00,0.000,0.000,0.00
1777915810,loop6,0.00,0.00,0.000,0.000,0.00
1777915810,loop7,0.00,0.00,0.000,0.000,0.00
1777915810,loop8,0.00,0.00,0.000,0.000,0.00
1777915810,loop9,0.00,0.00,0.000,0.000,0.00
1777915810,nvme0n1,0.00,0.00,0.000,0.000,2.00
1777915811,loop0,0.00,0.00,0.000,0.000,0.00
1777915811,loop1,0.00,0.00,0.000,0.000,0.00
1777915811,loop10,0.00,0.00,0.000,0.000,0.00
1777915811,loop11,0.00,0.00,0.000,0.000,0.00
1777915811,loop12,0.00,0.00,0.000,0.000,0.00
1777915811,loop13,0.00,0.00,0.000,0.000,0.00
1777915811,loop14,0.00,0.00,0.000,0.000,0.00
1777915811,loop15,0.00,0.00,0.000,0.000,0.00
1777915811,loop16,0.00,0.00,0.000,0.000,0.00
1777915811,loop17,0.00,0.00,0.000,0.000,0.00
1777915811,loop18,0.00,0.00,0.000,0.000,0.00
1777915811,loop19,0.00,0.00,0.000,0.000,0.00
1777915811,loop2,0.00,0.00,0.000,0.000,0.00
1777915811,loop20,0.00,0.00,0.000,0.000,0.00
1777915811,loop21,0.00,0.00,0.000,0.000,0.00
1777915811,loop22,0.00,0.00,0.000,0.000,0.00
1777915811,loop23,0.00,0.00,0.000,0.000,0.00
1777915811,loop24,0.00,0.00,0.000,0.000,0.00
1777915811,loop25,0.00,0.00,0.000,0.000,0.00
1777915811,loop26,0.00,0.00,0.000,0.000,0.00
1777915811,loop27,0.00,0.00,0.000,0.000,0.00
1777915811,loop28,0.00,0.00,0.000,0.000,0.00
1777915811,loop29,0.00,0.00,0.000,0.000,0.00
1777915811,loop3,0.00,0.00,0.000,0.000,0.00
1777915811,loop30,0.00,0.00,0.000,0.000,0.00
1777915811,loop31,0.00,0.00,0.000,0.000,0.00
1777915811,loop32,0.00,0.00,0.000,0.000,0.00
1777915811,loop33,0.00,0.00,0.000,0.000,0.00
1777915811,loop34,0.00,0.00,0.000,0.000,0.00
1777915811,loop35,0.00,0.00,0.000,0.000,0.00
1777915811,loop36,0.00,0.00,0.000,0.000,0.00
1777915811,loop37,0.00,0.00,0.000,0.000,0.00
1777915811,loop38,0.00,0.00,0.000,0.000,0.00
1777915811,loop39,0.00,0.00,0.000,0.000,0.00
1777915811,loop4,0.00,0.00,0.000,0.000,0.00
1777915811,loop40,0.00,0.00,0.000,0.000,0.00
1777915811,loop5,0.00,0.00,0.000,0.000,0.00
1777915811,loop6,0.00,0.00,0.000,0.000,0.00
1777915811,loop7,0.00,0.00,0.000,0.000,0.00
1777915811,loop8,0.00,0.00,0.000,0.000,0.00
1777915811,loop9,0.00,0.00,0.000,0.000,0.00
1777915811,nvme0n1,2.00,8.00,0.000,0.000,0.10
1777915812,loop0,0.00,0.00,0.000,0.000,0.00
1777915812,loop1,0.00,0.00,0.000,0.000,0.00
1777915812,loop10,0.00,0.00,0.000,0.000,0.00
1777915812,loop11,0.00,0.00,0.000,0.000,0.00
1777915812,loop12,0.00,0.00,0.000,0.000,0.00
1777915812,loop13,0.00,0.00,0.000,0.000,0.00
1777915812,loop14,0.00,0.00,0.000,0.000,0.00
1777915812,loop15,0.00,0.00,0.000,0.000,0.00
1777915812,loop16,0.00,0.00,0.000,0.000,0.00
1777915812,loop17,0.00,0.00,0.000,0.000,0.00
1777915812,loop18,0.00,0.00,0.000,0.000,0.00
1777915812,loop19,0.00,0.00,0.000,0.000,0.00
1777915812,loop2,0.00,0.00,0.000,0.000,0.00
1777915812,loop20,0.00,0.00,0.000,0.000,0.00
1777915812,loop21,0.00,0.00,0.000,0.000,0.00
1777915812,loop22,0.00,0.00,0.000,0.000,0.00
1777915812,loop23,0.00,0.00,0.000,0.000,0.00
1777915812,loop24,0.00,0.00,0.000,0.000,0.00
1777915812,loop25,0.00,0.00,0.000,0.000,0.00
1777915812,loop26,0.00,0.00,0.000,0.000,0.00
1777915812,loop27,0.00,0.00,0.000,0.000,0.00
1777915812,loop28,0.00,0.00,0.000,0.000,0.00
1777915812,loop29,0.00,0.00,0.000,0.000,0.00
1777915812,loop3,0.00,0.00,0.000,0.000,0.00
1777915812,loop30,0.00,0.00,0.000,0.000,0.00
1777915812,loop31,0.00,0.00,0.000,0.000,0.00
1777915812,loop32,0.00,0.00,0.000,0.000,0.00
1777915812,loop33,0.00,0.00,0.000,0.000,0.00
1777915812,loop34,0.00,0.00,0.000,0.000,0.00
1777915812,loop35,0.00,0.00,0.000,0.000,0.00
1777915812,loop36,0.00,0.00,0.000,0.000,0.00
1777915812,loop37,0.00,0.00,0.000,0.000,0.00
1777915812,loop38,0.00,0.00,0.000,0.000,0.00
1777915812,loop39,0.00,0.00,0.000,0.000,0.00
1777915812,loop4,0.00,0.00,0.000,0.000,0.00
1777915812,loop40,0.00,0.00,0.000,0.000,0.00
1777915812,loop5,0.00,0.00,0.000,0.000,0.00
1777915812,loop6,0.00,0.00,0.000,0.000,0.00
1777915812,loop7,0.00,0.00,0.000,0.000,0.00
1777915812,loop8,0.00,0.00,0.000,0.000,0.00
1777915812,loop9,0.00,0.00,0.000,0.000,0.00
1777915812,nvme0n1,0.00,0.00,0.000,0.000,0.00
1777915813,loop0,0.00,0.00,0.000,0.000,0.00
1777915813,loop1,0.00,0.00,0.000,0.000,0.00
1777915813,loop10,0.00,0.00,0.000,0.000,0.00
1777915813,loop11,0.00,0.00,0.000,0.000,0.00
1777915813,loop12,0.00,0.00,0.000,0.000,0.00
1777915813,loop13,0.00,0.00,0.000,0.000,0.00
1777915813,loop14,0.00,0.00,0.000,0.000,0.00
1777915813,loop15,0.00,0.00,0.000,0.000,0.00
1777915813,loop16,0.00,0.00,0.000,0.000,0.00
1777915813,loop17,0.00,0.00,0.000,0.000,0.00
1777915813,loop18,0.00,0.00,0.000,0.000,0.00
1777915813,loop19,0.00,0.00,0.000,0.000,0.00
1777915813,loop2,0.00,0.00,0.000,0.000,0.00
1777915813,loop20,0.00,0.00,0.000,0.000,0.00
1777915813,loop21,0.00,0.00,0.000,0.000,0.00
1777915813,loop22,0.00,0.00,0.000,0.000,0.00
1777915813,loop23,0.00,0.00,0.000,0.000,0.00
1777915813,loop24,0.00,0.00,0.000,0.000,0.00
1777915813,loop25,0.00,0.00,0.000,0.000,0.00
1777915813,loop26,0.00,0.00,0.000,0.000,0.00
1777915813,loop27,0.00,0.00,0.000,0.000,0.00
1777915813,loop28,0.00,0.00,0.000,0.000,0.00
1777915813,loop29,0.00,0.00,0.000,0.000,0.00
1777915813,loop3,0.00,0.00,0.000,0.000,0.00
1777915813,loop30,0.00,0.00,0.000,0.000,0.00
1777915813,loop31,0.00,0.00,0.000,0.000,0.00
1777915813,loop32,0.00,0.00,0.000,0.000,0.00
1777915813,loop33,0.00,0.00,0.000,0.000,0.00
1777915813,loop34,0.00,0.00,0.000,0.000,0.00
1777915813,loop35,0.00,0.00,0.000,0.000,0.00
1777915813,loop36,0.00,0.00,0.000,0.000,0.00
1777915813,loop37,0.00,0.00,0.000,0.000,0.00
1777915813,loop38,0.00,0.00,0.000,0.000,0.00
1777915813,loop39,0.00,0.00,0.000,0.000,0.00
1777915813,loop4,0.00,0.00,0.000,0.000,0.00
1777915813,loop40,0.00,0.00,0.000,0.000,0.00
1777915813,loop5,0.00,0.00,0.000,0.000,0.00
1777915813,loop6,0.00,0.00,0.000,0.000,0.00
1777915813,loop7,0.00,0.00,0.000,0.000,0.00
1777915813,loop8,0.00,0.00,0.000,0.000,0.00
1777915813,loop9,0.00,0.00,0.000,0.000,0.00
1777915813,nvme0n1,0.00,0.00,0.000,0.000,5.80
1777915814,loop0,0.00,0.00,0.000,0.000,0.00
1777915814,loop1,0.00,0.00,0.000,0.000,0.00
1777915814,loop10,0.00,0.00,0.000,0.000,0.00
1777915814,loop11,0.00,0.00,0.000,0.000,0.00
1777915814,loop12,0.00,0.00,0.000,0.000,0.00
1777915814,loop13,0.00,0.00,0.000,0.000,0.00
1777915814,loop14,0.00,0.00,0.000,0.000,0.00
1777915814,loop15,0.00,0.00,0.000,0.000,0.00
1777915814,loop16,0.00,0.00,0.000,0.000,0.00
1777915814,loop17,0.00,0.00,0.000,0.000,0.00
1777915814,loop18,0.00,0.00,0.000,0.000,0.00
1777915814,loop19,0.00,0.00,0.000,0.000,0.00
1777915814,loop2,0.00,0.00,0.000,0.000,0.00
1777915814,loop20,0.00,0.00,0.000,0.000,0.00
1777915814,loop21,0.00,0.00,0.000,0.000,0.00
1777915814,loop22,0.00,0.00,0.000,0.000,0.00
1777915814,loop23,0.00,0.00,0.000,0.000,0.00
1777915814,loop24,0.00,0.00,0.000,0.000,0.00
1777915814,loop25,0.00,0.00,0.000,0.000,0.00
1777915814,loop26,0.00,0.00,0.000,0.000,0.00
1777915814,loop27,0.00,0.00,0.000,0.000,0.00
1777915814,loop28,0.00,0.00,0.000,0.000,0.00
1777915814,loop29,0.00,0.00,0.000,0.000,0.00
1777915814,loop3,0.00,0.00,0.000,0.000,0.00
1777915814,loop30,0.00,0.00,0.000,0.000,0.00
1777915814,loop31,0.00,0.00,0.000,0.000,0.00
1777915814,loop32,0.00,0.00,0.000,0.000,0.00
1777915814,loop33,0.00,0.00,0.000,0.000,0.00
1777915814,loop34,0.00,0.00,0.000,0.000,0.00
1777915814,loop35,0.00,0.00,0.000,0.000,0.00
1777915814,loop36,0.00,0.00,0.000,0.000,0.00
1777915814,loop37,0.00,0.00,0.000,0.000,0.00
1777915814,loop38,0.00,0.00,0.000,0.000,0.00
1777915814,loop39,0.00,0.00,0.000,0.000,0.00
1777915814,loop4,0.00,0.00,0.000,0.000,0.00
1777915814,loop40,0.00,0.00,0.000,0.000,0.00
1777915814,loop5,0.00,0.00,0.000,0.000,0.00
1777915814,loop6,0.00,0.00,0.000,0.000,0.00
1777915814,loop7,0.00,0.00,0.000,0.000,0.00
1777915814,loop8,0.00,0.00,0.000,0.000,0.00
1777915814,loop9,0.00,0.00,0.000,0.000,0.00
1777915814,nvme0n1,0.00,0.00,0.000,0.000,0.30
1777915815,loop0,0.00,0.00,0.000,0.000,0.00
1777915815,loop1,0.00,0.00,0.000,0.000,0.00
1777915815,loop10,0.00,0.00,0.000,0.000,0.00
1777915815,loop11,0.00,0.00,0.000,0.000,0.00
1777915815,loop12,0.00,0.00,0.000,0.000,0.00
1777915815,loop13,0.00,0.00,0.000,0.000,0.00
1777915815,loop14,0.00,0.00,0.000,0.000,0.00
1777915815,loop15,0.00,0.00,0.000,0.000,0.00
1777915815,loop16,0.00,0.00,0.000,0.000,0.00
1777915815,loop17,0.00,0.00,0.000,0.000,0.00
1777915815,loop18,0.00,0.00,0.000,0.000,0.00
1777915815,loop19,0.00,0.00,0.000,0.000,0.00
1777915815,loop2,0.00,0.00,0.000,0.000,0.00
1777915815,loop20,0.00,0.00,0.000,0.000,0.00
1777915815,loop21,0.00,0.00,0.000,0.000,0.00
1777915815,loop22,0.00,0.00,0.000,0.000,0.00
1777915815,loop23,0.00,0.00,0.000,0.000,0.00
1777915815,loop24,0.00,0.00,0.000,0.000,0.00
1777915815,loop25,0.00,0.00,0.000,0.000,0.00
1777915815,loop26,0.00,0.00,0.000,0.000,0.00
1777915815,loop27,0.00,0.00,0.000,0.000,0.00
1777915815,loop28,0.00,0.00,0.000,0.000,0.00
1777915815,loop29,0.00,0.00,0.000,0.000,0.00
1777915815,loop3,0.00,0.00,0.000,0.000,0.00
1777915815,loop30,0.00,0.00,0.000,0.000,0.00
1777915815,loop31,0.00,0.00,0.000,0.000,0.00
1777915815,loop32,0.00,0.00,0.000,0.000,0.00
1777915815,loop33,0.00,0.00,0.000,0.000,0.00
1777915815,loop34,0.00,0.00,0.000,0.000,0.00
1777915815,loop35,0.00,0.00,0.000,0.000,0.00
1777915815,loop36,0.00,0.00,0.000,0.000,0.00
1777915815,loop37,0.00,0.00,0.000,0.000,0.00
1777915815,loop38,0.00,0.00,0.000,0.000,0.00
1777915815,loop39,0.00,0.00,0.000,0.000,0.00
1777915815,loop4,0.00,0.00,0.000,0.000,0.00
1777915815,loop40,0.00,0.00,0.000,0.000,0.00
1777915815,loop5,0.00,0.00,0.000,0.000,0.00
1777915815,loop6,0.00,0.00,0.000,0.000,0.00
1777915815,loop7,0.00,0.00,0.000,0.000,0.00
1777915815,loop8,0.00,0.00,0.000,0.000,0.00
1777915815,loop9,0.00,0.00,0.000,0.000,0.00
1777915815,nvme0n1,0.00,0.00,0.000,0.000,0.10
1777915816,loop0,0.00,0.00,0.000,0.000,0.00
1777915816,loop1,0.00,0.00,0.000,0.000,0.00
1777915816,loop10,0.00,0.00,0.000,0.000,0.00
1777915816,loop11,0.00,0.00,0.000,0.000,0.00
1777915816,loop12,0.00,0.00,0.000,0.000,0.00
1777915816,loop13,0.00,0.00,0.000,0.000,0.00
1777915816,loop14,0.00,0.00,0.000,0.000,0.00
1777915816,loop15,0.00,0.00,0.000,0.000,0.00
1777915816,loop16,0.00,0.00,0.000,0.000,0.00
1777915816,loop17,0.00,0.00,0.000,0.000,0.00
1777915816,loop18,0.00,0.00,0.000,0.000,0.00
1777915816,loop19,0.00,0.00,0.000,0.000,0.00
1777915816,loop2,0.00,0.00,0.000,0.000,0.00
1777915816,loop20,0.00,0.00,0.000,0.000,0.00
1777915816,loop21,0.00,0.00,0.000,0.000,0.00
1777915816,loop22,0.00,0.00,0.000,0.000,0.00
1777915816,loop23,0.00,0.00,0.000,0.000,0.00
1777915816,loop24,0.00,0.00,0.000,0.000,0.00
1777915816,loop25,0.00,0.00,0.000,0.000,0.00
1777915816,loop26,0.00,0.00,0.000,0.000,0.00
1777915816,loop27,0.00,0.00,0.000,0.000,0.00
1777915816,loop28,0.00,0.00,0.000,0.000,0.00
1777915816,loop29,0.00,0.00,0.000,0.000,0.00
1777915816,loop3,0.00,0.00,0.000,0.000,0.00
1777915816,loop30,0.00,0.00,0.000,0.000,0.00
1777915816,loop31,0.00,0.00,0.000,0.000,0.00
1777915816,loop32,0.00,0.00,0.000,0.000,0.00
1777915816,loop33,0.00,0.00,0.000,0.000,0.00
1777915816,loop34,0.00,0.00,0.000,0.000,0.00
1777915816,loop35,0.00,0.00,0.000,0.000,0.00
1777915816,loop36,0.00,0.00,0.000,0.000,0.00
1777915816,loop37,0.00,0.00,0.000,0.000,0.00
1777915816,loop38,0.00,0.00,0.000,0.000,0.00
1777915816,loop39,0.00,0.00,0.000,0.000,0.00
1777915816,loop4,0.00,0.00,0.000,0.000,0.00
1777915816,loop40,0.00,0.00,0.000,0.000,0.00
1777915816,loop5,0.00,0.00,0.000,0.000,0.00
1777915816,loop6,0.00,0.00,0.000,0.000,0.00
1777915816,loop7,0.00,0.00,0.000,0.000,0.00
1777915816,loop8,0.00,0.00,0.000,0.000,0.00
1777915816,loop9,0.00,0.00,0.000,0.000,0.00
1777915816,nvme0n1,0.00,0.00,0.000,0.000,0.00
1777915817,loop0,0.00,0.00,0.000,0.000,0.00
1777915817,loop1,0.00,0.00,0.000,0.000,0.00
1777915817,loop10,0.00,0.00,0.000,0.000,0.00
1777915817,loop11,0.00,0.00,0.000,0.000,0.00
1777915817,loop12,0.00,0.00,0.000,0.000,0.00
1777915817,loop13,0.00,0.00,0.000,0.000,0.00
1777915817,loop14,0.00,0.00,0.000,0.000,0.00
1777915817,loop15,0.00,0.00,0.000,0.000,0.00
1777915817,loop16,0.00,0.00,0.000,0.000,0.00
1777915817,loop17,0.00,0.00,0.000,0.000,0.00
1777915817,loop18,0.00,0.00,0.000,0.000,0.00
1777915817,loop19,0.00,0.00,0.000,0.000,0.00
1777915817,loop2,0.00,0.00,0.000,0.000,0.00
1777915817,loop20,0.00,0.00,0.000,0.000,0.00
1777915817,loop21,0.00,0.00,0.000,0.000,0.00
1777915817,loop22,0.00,0.00,0.000,0.000,0.00
1777915817,loop23,0.00,0.00,0.000,0.000,0.00
1777915817,loop24,0.00,0.00,0.000,0.000,0.00
1777915817,loop25,0.00,0.00,0.000,0.000,0.00
1777915817,loop26,0.00,0.00,0.000,0.000,0.00
1777915817,loop27,0.00,0.00,0.000,0.000,0.00
1777915817,loop28,0.00,0.00,0.000,0.000,0.00
1777915817,loop29,0.00,0.00,0.000,0.000,0.00
1777915817,loop3,0.00,0.00,0.000,0.000,0.00
1777915817,loop30,0.00,0.00,0.000,0.000,0.00
1777915817,loop31,0.00,0.00,0.000,0.000,0.00
1777915817,loop32,0.00,0.00,0.000,0.000,0.00
1777915817,loop33,0.00,0.00,0.000,0.000,0.00
1777915817,loop34,0.00,0.00,0.000,0.000,0.00
1777915817,loop35,0.00,0.00,0.000,0.000,0.00
1777915817,loop36,0.00,0.00,0.000,0.000,0.00
1777915817,loop37,0.00,0.00,0.000,0.000,0.00
1777915817,loop38,0.00,0.00,0.000,0.000,0.00
1777915817,loop39,0.00,0.00,0.000,0.000,0.00
1777915817,loop4,0.00,0.00,0.000,0.000,0.00
1777915817,loop40,0.00,0.00,0.000,0.000,0.00
1777915817,loop5,0.00,0.00,0.000,0.000,0.00
1777915817,loop6,0.00,0.00,0.000,0.000,0.00
1777915817,loop7,0.00,0.00,0.000,0.000,0.00
1777915817,loop8,0.00,0.00,0.000,0.000,0.00
1777915817,loop9,0.00,0.00,0.000,0.000,0.00
1777915817,nvme0n1,0.00,0.00,0.000,0.000,0.00
1777915818,loop0,0.00,0.00,0.000,0.000,0.00
1777915818,loop1,0.00,0.00,0.000,0.000,0.00
1777915818,loop10,0.00,0.00,0.000,0.000,0.00
1777915818,loop11,0.00,0.00,0.000,0.000,0.00
1777915818,loop12,0.00,0.00,0.000,0.000,0.00
1777915818,loop13,0.00,0.00,0.000,0.000,0.00
1777915818,loop14,0.00,0.00,0.000,0.000,0.00
1777915818,loop15,0.00,0.00,0.000,0.000,0.00
1777915818,loop16,0.00,0.00,0.000,0.000,0.00
1777915818,loop17,0.00,0.00,0.000,0.000,0.00
1777915818,loop18,0.00,0.00,0.000,0.000,0.00
1777915818,loop19,0.00,0.00,0.000,0.000,0.00
1777915818,loop2,0.00,0.00,0.000,0.000,0.00
1777915818,loop20,0.00,0.00,0.000,0.000,0.00
1777915818,loop21,0.00,0.00,0.000,0.000,0.00
1777915818,loop22,0.00,0.00,0.000,0.000,0.00
1777915818,loop23,0.00,0.00,0.000,0.000,0.00
1777915818,loop24,0.00,0.00,0.000,0.000,0.00
1777915818,loop25,0.00,0.00,0.000,0.000,0.00
1777915818,loop26,0.00,0.00,0.000,0.000,0.00
1777915818,loop27,0.00,0.00,0.000,0.000,0.00
1777915818,loop28,0.00,0.00,0.000,0.000,0.00
1777915818,loop29,0.00,0.00,0.000,0.000,0.00
1777915818,loop3,0.00,0.00,0.000,0.000,0.00
1777915818,loop30,0.00,0.00,0.000,0.000,0.00
1777915818,loop31,0.00,0.00,0.000,0.000,0.00
1777915818,loop32,0.00,0.00,0.000,0.000,0.00
1777915818,loop33,0.00,0.00,0.000,0.000,0.00
1777915818,loop34,0.00,0.00,0.000,0.000,0.00
1777915818,loop35,0.00,0.00,0.000,0.000,0.00
1777915818,loop36,0.00,0.00,0.000,0.000,0.00
1777915818,loop37,0.00,0.00,0.000,0.000,0.00
1777915818,loop38,0.00,0.00,0.000,0.000,0.00
1777915818,loop39,0.00,0.00,0.000,0.000,0.00
1777915818,loop4,0.00,0.00,0.000,0.000,0.00
1777915818,loop40,0.00,0.00,0.000,0.000,0.00
1777915818,loop5,0.00,0.00,0.000,0.000,0.00
1777915818,loop6,0.00,0.00,0.000,0.000,0.00
1777915818,loop7,0.00,0.00,0.000,0.000,0.00
1777915818,loop8,0.00,0.00,0.000,0.000,0.00
1777915818,loop9,0.00,0.00,0.000,0.000,0.00
1777915818,nvme0n1,0.00,0.00,0.000,0.000,5.30
1777915819,loop0,0.00,0.00,0.000,0.000,0.00
1777915819,loop1,0.00,0.00,0.000,0.000,0.00
1777915819,loop10,0.00,0.00,0.000,0.000,0.00
1777915819,loop11,0.00,0.00,0.000,0.000,0.00
1777915819,loop12,0.00,0.00,0.000,0.000,0.00
1777915819,loop13,0.00,0.00,0.000,0.000,0.00
1777915819,loop14,0.00,0.00,0.000,0.000,0.00
1777915819,loop15,0.00,0.00,0.000,0.000,0.00
1777915819,loop16,0.00,0.00,0.000,0.000,0.00
1777915819,loop17,0.00,0.00,0.000,0.000,0.00
1777915819,loop18,0.00,0.00,0.000,0.000,0.00
1777915819,loop19,0.00,0.00,0.000,0.000,0.00
1777915819,loop2,0.00,0.00,0.000,0.000,0.00
1777915819,loop20,0.00,0.00,0.000,0.000,0.00
1777915819,loop21,0.00,0.00,0.000,0.000,0.00
1777915819,loop22,0.00,0.00,0.000,0.000,0.00
1777915819,loop23,0.00,0.00,0.000,0.000,0.00
1777915819,loop24,0.00,0.00,0.000,0.000,0.00
1777915819,loop25,0.00,0.00,0.000,0.000,0.00
1777915819,loop26,0.00,0.00,0.000,0.000,0.00
1777915819,loop27,0.00,0.00,0.000,0.000,0.00
1777915819,loop28,0.00,0.00,0.000,0.000,0.00
1777915819,loop29,0.00,0.00,0.000,0.000,0.00
1777915819,loop3,0.00,0.00,0.000,0.000,0.00
1777915819,loop30,0.00,0.00,0.000,0.000,0.00
1777915819,loop31,0.00,0.00,0.000,0.000,0.00
1777915819,loop32,0.00,0.00,0.000,0.000,0.00
1777915819,loop33,0.00,0.00,0.000,0.000,0.00
1777915819,loop34,0.00,0.00,0.000,0.000,0.00
1777915819,loop35,0.00,0.00,0.000,0.000,0.00
1777915819,loop36,0.00,0.00,0.000,0.000,0.00
1777915819,loop37,0.00,0.00,0.000,0.000,0.00
1777915819,loop38,0.00,0.00,0.000,0.000,0.00
1777915819,loop39,0.00,0.00,0.000,0.000,0.00
1777915819,loop4,0.00,0.00,0.000,0.000,0.00
1777915819,loop40,0.00,0.00,0.000,0.000,0.00
1777915819,loop5,0.00,0.00,0.000,0.000,0.00
1777915819,loop6,0.00,0.00,0.000,0.000,0.00
1777915819,loop7,0.00,0.00,0.000,0.000,0.00
1777915819,loop8,0.00,0.00,0.000,0.000,0.00
1777915819,loop9,0.00,0.00,0.000,0.000,0.00
1777915819,nvme0n1,0.00,0.00,0.000,0.000,0.00
1777915820,loop0,0.00,0.00,0.000,0.000,0.00
1777915820,loop1,0.00,0.00,0.000,0.000,0.00
1777915820,loop10,0.00,0.00,0.000,0.000,0.00
1777915820,loop11,0.00,0.00,0.000,0.000,0.00
1777915820,loop12,0.00,0.00,0.000,0.000,0.00
1777915820,loop13,0.00,0.00,0.000,0.000,0.00
1777915820,loop14,0.00,0.00,0.000,0.000,0.00
1777915820,loop15,0.00,0.00,0.000,0.000,0.00
1777915820,loop16,0.00,0.00,0.000,0.000,0.00
1777915820,loop17,0.00,0.00,0.000,0.000,0.00
1777915820,loop18,0.00,0.00,0.000,0.000,0.00
1777915820,loop19,0.00,0.00,0.000,0.000,0.00
1777915820,loop2,0.00,0.00,0.000,0.000,0.00
1777915820,loop20,0.00,0.00,0.000,0.000,0.00
1777915820,loop21,0.00,0.00,0.000,0.000,0.00
1777915820,loop22,0.00,0.00,0.000,0.000,0.00
1777915820,loop23,0.00,0.00,0.000,0.000,0.00
1777915820,loop24,0.00,0.00,0.000,0.000,0.00
1777915820,loop25,0.00,0.00,0.000,0.000,0.00
1777915820,loop26,0.00,0.00,0.000,0.000,0.00
1777915820,loop27,0.00,0.00,0.000,0.000,0.00
1777915820,loop28,0.00,0.00,0.000,0.000,0.00
1777915820,loop29,0.00,0.00,0.000,0.000,0.00
1777915820,loop3,0.00,0.00,0.000,0.000,0.00
1777915820,loop30,0.00,0.00,0.000,0.000,0.00
1777915820,loop31,0.00,0.00,0.000,0.000,0.00
1777915820,loop32,0.00,0.00,0.000,0.000,0.00
1777915820,loop33,0.00,0.00,0.000,0.000,0.00
1777915820,loop34,0.00,0.00,0.000,0.000,0.00
1777915820,loop35,0.00,0.00,0.000,0.000,0.00
1777915820,loop36,0.00,0.00,0.000,0.000,0.00
1777915820,loop37,0.00,0.00,0.000,0.000,0.00
1777915820,loop38,0.00,0.00,0.000,0.000,0.00
1777915820,loop39,0.00,0.00,0.000,0.000,0.00
1777915820,loop4,0.00,0.00,0.000,0.000,0.00
1777915820,loop40,0.00,0.00,0.000,0.000,0.00
1777915820,loop5,0.00,0.00,0.000,0.000,0.00
1777915820,loop6,0.00,0.00,0.000,0.000,0.00
1777915820,loop7,0.00,0.00,0.000,0.000,0.00
1777915820,loop8,0.00,0.00,0.000,0.000,0.00
1777915820,loop9,0.00,0.00,0.000,0.000,0.00
1777915820,nvme0n1,0.00,0.00,0.000,0.000,0.10
1777915821,loop0,0.00,0.00,0.000,0.000,0.00
1777915821,loop1,0.00,0.00,0.000,0.000,0.00
1777915821,loop10,0.00,0.00,0.000,0.000,0.00
1777915821,loop11,0.00,0.00,0.000,0.000,0.00
1777915821,loop12,0.00,0.00,0.000,0.000,0.00
1777915821,loop13,0.00,0.00,0.000,0.000,0.00
1777915821,loop14,0.00,0.00,0.000,0.000,0.00
1777915821,loop15,0.00,0.00,0.000,0.000,0.00
1777915821,loop16,0.00,0.00,0.000,0.000,0.00
1777915821,loop17,0.00,0.00,0.000,0.000,0.00
1777915821,loop18,0.00,0.00,0.000,0.000,0.00
1777915821,loop19,0.00,0.00,0.000,0.000,0.00
1777915821,loop2,0.00,0.00,0.000,0.000,0.00
1777915821,loop20,0.00,0.00,0.000,0.000,0.00
1777915821,loop21,0.00,0.00,0.000,0.000,0.00
1777915821,loop22,0.00,0.00,0.000,0.000,0.00
1777915821,loop23,0.00,0.00,0.000,0.000,0.00
1777915821,loop24,0.00,0.00,0.000,0.000,0.00
1777915821,loop25,0.00,0.00,0.000,0.000,0.00
1777915821,loop26,0.00,0.00,0.000,0.000,0.00
1777915821,loop27,0.00,0.00,0.000,0.000,0.00
1777915821,loop28,0.00,0.00,0.000,0.000,0.00
1777915821,loop29,0.00,0.00,0.000,0.000,0.00
1777915821,loop3,0.00,0.00,0.000,0.000,0.00
1777915821,loop30,0.00,0.00,0.000,0.000,0.00
1777915821,loop31,0.00,0.00,0.000,0.000,0.00
1777915821,loop32,0.00,0.00,0.000,0.000,0.00
1777915821,loop33,0.00,0.00,0.000,0.000,0.00
1777915821,loop34,0.00,0.00,0.000,0.000,0.00
1777915821,loop35,0.00,0.00,0.000,0.000,0.00
1777915821,loop36,0.00,0.00,0.000,0.000,0.00
1777915821,loop37,0.00,0.00,0.000,0.000,0.00
1777915821,loop38,0.00,0.00,0.000,0.000,0.00
1777915821,loop39,0.00,0.00,0.000,0.000,0.00
1777915821,loop4,0.00,0.00,0.000,0.000,0.00
1777915821,loop40,0.00,0.00,0.000,0.000,0.00
1777915821,loop5,0.00,0.00,0.000,0.000,0.00
1777915821,loop6,0.00,0.00,0.000,0.000,0.00
1777915821,loop7,0.00,0.00,0.000,0.000,0.00
1777915821,loop8,0.00,0.00,0.000,0.000,0.00
1777915821,loop9,0.00,0.00,0.000,0.000,0.00
1777915821,nvme0n1,0.00,0.00,0.000,0.000,1.70
1777915822,loop0,0.00,0.00,0.000,0.000,0.00
1777915822,loop1,0.00,0.00,0.000,0.000,0.00
1777915822,loop10,0.00,0.00,0.000,0.000,0.00
1777915822,loop11,0.00,0.00,0.000,0.000,0.00
1777915822,loop12,0.00,0.00,0.000,0.000,0.00
1777915822,loop13,0.00,0.00,0.000,0.000,0.00
1777915822,loop14,0.00,0.00,0.000,0.000,0.00
1777915822,loop15,0.00,0.00,0.000,0.000,0.00
1777915822,loop16,0.00,0.00,0.000,0.000,0.00
1777915822,loop17,0.00,0.00,0.000,0.000,0.00
1777915822,loop18,0.00,0.00,0.000,0.000,0.00
1777915822,loop19,0.00,0.00,0.000,0.000,0.00
1777915822,loop2,0.00,0.00,0.000,0.000,0.00
1777915822,loop20,0.00,0.00,0.000,0.000,0.00
1777915822,loop21,0.00,0.00,0.000,0.000,0.00
1777915822,loop22,0.00,0.00,0.000,0.000,0.00
1777915822,loop23,0.00,0.00,0.000,0.000,0.00
1777915822,loop24,0.00,0.00,0.000,0.000,0.00
1777915822,loop25,0.00,0.00,0.000,0.000,0.00
1777915822,loop26,0.00,0.00,0.000,0.000,0.00
1777915822,loop27,0.00,0.00,0.000,0.000,0.00
1777915822,loop28,0.00,0.00,0.000,0.000,0.00
1777915822,loop29,0.00,0.00,0.000,0.000,0.00
1777915822,loop3,0.00,0.00,0.000,0.000,0.00
1777915822,loop30,0.00,0.00,0.000,0.000,0.00
1777915822,loop31,0.00,0.00,0.000,0.000,0.00
1777915822,loop32,0.00,0.00,0.000,0.000,0.00
1777915822,loop33,0.00,0.00,0.000,0.000,0.00
1777915822,loop34,0.00,0.00,0.000,0.000,0.00
1777915822,loop35,0.00,0.00,0.000,0.000,0.00
1777915822,loop36,0.00,0.00,0.000,0.000,0.00
1777915822,loop37,0.00,0.00,0.000,0.000,0.00
1777915822,loop38,0.00,0.00,0.000,0.000,0.00
1777915822,loop39,0.00,0.00,0.000,0.000,0.00
1777915822,loop4,0.00,0.00,0.000,0.000,0.00
1777915822,loop40,0.00,0.00,0.000,0.000,0.00
1777915822,loop5,0.00,0.00,0.000,0.000,0.00
1777915822,loop6,0.00,0.00,0.000,0.000,0.00
1777915822,loop7,0.00,0.00,0.000,0.000,0.00
1777915822,loop8,0.00,0.00,0.000,0.000,0.00
1777915822,loop9,0.00,0.00,0.000,0.000,0.00
1777915822,nvme0n1,0.00,0.00,0.000,0.000,0.10
1777915823,loop0,0.00,0.00,0.000,0.000,0.00
1777915823,loop1,0.00,0.00,0.000,0.000,0.00
1777915823,loop10,0.00,0.00,0.000,0.000,0.00
1777915823,loop11,0.00,0.00,0.000,0.000,0.00
1777915823,loop12,0.00,0.00,0.000,0.000,0.00
1777915823,loop13,0.00,0.00,0.000,0.000,0.00
1777915823,loop14,0.00,0.00,0.000,0.000,0.00
1777915823,loop15,0.00,0.00,0.000,0.000,0.00
1777915823,loop16,0.00,0.00,0.000,0.000,0.00
1777915823,loop17,0.00,0.00,0.000,0.000,0.00
1777915823,loop18,0.00,0.00,0.000,0.000,0.00
1777915823,loop19,0.00,0.00,0.000,0.000,0.00
1777915823,loop2,0.00,0.00,0.000,0.000,0.00
1777915823,loop20,0.00,0.00,0.000,0.000,0.00
1777915823,loop21,0.00,0.00,0.000,0.000,0.00
1777915823,loop22,0.00,0.00,0.000,0.000,0.00
1777915823,loop23,0.00,0.00,0.000,0.000,0.00
1777915823,loop24,0.00,0.00,0.000,0.000,0.00
1777915823,loop25,0.00,0.00,0.000,0.000,0.00
1777915823,loop26,0.00,0.00,0.000,0.000,0.00
1777915823,loop27,0.00,0.00,0.000,0.000,0.00
1777915823,loop28,0.00,0.00,0.000,0.000,0.00
1777915823,loop29,0.00,0.00,0.000,0.000,0.00
1777915823,loop3,0.00,0.00,0.000,0.000,0.00
1777915823,loop30,0.00,0.00,0.000,0.000,0.00
1777915823,loop31,0.00,0.00,0.000,0.000,0.00
1777915823,loop32,0.00,0.00,0.000,0.000,0.00
1777915823,loop33,0.00,0.00,0.000,0.000,0.00
1777915823,loop34,0.00,0.00,0.000,0.000,0.00
1777915823,loop35,0.00,0.00,0.000,0.000,0.00
1777915823,loop36,0.00,0.00,0.000,0.000,0.00
1777915823,loop37,0.00,0.00,0.000,0.000,0.00
1777915823,loop38,0.00,0.00,0.000,0.000,0.00
1777915823,loop39,0.00,0.00,0.000,0.000,0.00
1777915823,loop4,0.00,0.00,0.000,0.000,0.00
1777915823,loop40,0.00,0.00,0.000,0.000,0.00
1777915823,loop5,0.00,0.00,0.000,0.000,0.00
1777915823,loop6,0.00,0.00,0.000,0.000,0.00
1777915823,loop7,0.00,0.00,0.000,0.000,0.00
1777915823,loop8,0.00,0.00,0.000,0.000,0.00
1777915823,loop9,0.00,0.00,0.000,0.000,0.00
1777915823,nvme0n1,0.00,0.00,0.000,0.000,1.20
1777915824,loop0,0.00,0.00,0.000,0.000,0.00
1777915824,loop1,0.00,0.00,0.000,0.000,0.00
1777915824,loop10,0.00,0.00,0.000,0.000,0.00
1777915824,loop11,0.00,0.00,0.000,0.000,0.00
1777915824,loop12,0.00,0.00,0.000,0.000,0.00
1777915824,loop13,0.00,0.00,0.000,0.000,0.00
1777915824,loop14,0.00,0.00,0.000,0.000,0.00
1777915824,loop15,0.00,0.00,0.000,0.000,0.00
1777915824,loop16,0.00,0.00,0.000,0.000,0.00
1777915824,loop17,0.00,0.00,0.000,0.000,0.00
1777915824,loop18,0.00,0.00,0.000,0.000,0.00
1777915824,loop19,0.00,0.00,0.000,0.000,0.00
1777915824,loop2,0.00,0.00,0.000,0.000,0.00
1777915824,loop20,0.00,0.00,0.000,0.000,0.00
1777915824,loop21,0.00,0.00,0.000,0.000,0.00
1777915824,loop22,0.00,0.00,0.000,0.000,0.00
1777915824,loop23,0.00,0.00,0.000,0.000,0.00
1777915824,loop24,0.00,0.00,0.000,0.000,0.00
1777915824,loop25,0.00,0.00,0.000,0.000,0.00
1777915824,loop26,0.00,0.00,0.000,0.000,0.00
1777915824,loop27,0.00,0.00,0.000,0.000,0.00
1777915824,loop28,0.00,0.00,0.000,0.000,0.00
1777915824,loop29,0.00,0.00,0.000,0.000,0.00
1777915824,loop3,0.00,0.00,0.000,0.000,0.00
1777915824,loop30,0.00,0.00,0.000,0.000,0.00
1777915824,loop31,0.00,0.00,0.000,0.000,0.00
1777915824,loop32,0.00,0.00,0.000,0.000,0.00
1777915824,loop33,0.00,0.00,0.000,0.000,0.00
1777915824,loop34,0.00,0.00,0.000,0.000,0.00
1777915824,loop35,0.00,0.00,0.000,0.000,0.00
1777915824,loop36,0.00,0.00,0.000,0.000,0.00
1777915824,loop37,0.00,0.00,0.000,0.000,0.00
1777915824,loop38,0.00,0.00,0.000,0.000,0.00
1777915824,loop39,0.00,0.00,0.000,0.000,0.00
1777915824,loop4,0.00,0.00,0.000,0.000,0.00
1777915824,loop40,0.00,0.00,0.000,0.000,0.00
1777915824,loop5,0.00,0.00,0.000,0.000,0.00
1777915824,loop6,0.00,0.00,0.000,0.000,0.00
1777915824,loop7,0.00,0.00,0.000,0.000,0.00
1777915824,loop8,0.00,0.00,0.000,0.000,0.00
1777915824,loop9,0.00,0.00,0.000,0.000,0.00
1777915824,nvme0n1,0.00,0.00,0.000,0.000,1.10
1777915825,loop0,0.00,0.00,0.000,0.000,0.00
1777915825,loop1,0.00,0.00,0.000,0.000,0.00
1777915825,loop10,0.00,0.00,0.000,0.000,0.00
1777915825,loop11,0.00,0.00,0.000,0.000,0.00
1777915825,loop12,0.00,0.00,0.000,0.000,0.00
1777915825,loop13,0.00,0.00,0.000,0.000,0.00
1777915825,loop14,0.00,0.00,0.000,0.000,0.00
1777915825,loop15,0.00,0.00,0.000,0.000,0.00
1777915825,loop16,0.00,0.00,0.000,0.000,0.00
1777915825,loop17,0.00,0.00,0.000,0.000,0.00
1777915825,loop18,0.00,0.00,0.000,0.000,0.00
1777915825,loop19,0.00,0.00,0.000,0.000,0.00
1777915825,loop2,0.00,0.00,0.000,0.000,0.00
1777915825,loop20,0.00,0.00,0.000,0.000,0.00
1777915825,loop21,0.00,0.00,0.000,0.000,0.00
1777915825,loop22,0.00,0.00,0.000,0.000,0.00
1777915825,loop23,0.00,0.00,0.000,0.000,0.00
1777915825,loop24,0.00,0.00,0.000,0.000,0.00
1777915825,loop25,0.00,0.00,0.000,0.000,0.00
1777915825,loop26,0.00,0.00,0.000,0.000,0.00
1777915825,loop27,0.00,0.00,0.000,0.000,0.00
1777915825,loop28,0.00,0.00,0.000,0.000,0.00
1777915825,loop29,0.00,0.00,0.000,0.000,0.00
1777915825,loop3,0.00,0.00,0.000,0.000,0.00
1777915825,loop30,0.00,0.00,0.000,0.000,0.00
1777915825,loop31,0.00,0.00,0.000,0.000,0.00
1777915825,loop32,0.00,0.00,0.000,0.000,0.00
1777915825,loop33,0.00,0.00,0.000,0.000,0.00
1777915825,loop34,0.00,0.00,0.000,0.000,0.00
1777915825,loop35,0.00,0.00,0.000,0.000,0.00
1777915825,loop36,0.00,0.00,0.000,0.000,0.00
1777915825,loop37,0.00,0.00,0.000,0.000,0.00
1777915825,loop38,0.00,0.00,0.000,0.000,0.00
1777915825,loop39,0.00,0.00,0.000,0.000,0.00
1777915825,loop4,0.00,0.00,0.000,0.000,0.00
1777915825,loop40,0.00,0.00,0.000,0.000,0.00
1777915825,loop5,0.00,0.00,0.000,0.000,0.00
1777915825,loop6,0.00,0.00,0.000,0.000,0.00
1777915825,loop7,0.00,0.00,0.000,0.000,0.00
1777915825,loop8,0.00,0.00,0.000,0.000,0.00
1777915825,loop9,0.00,0.00,0.000,0.000,0.00
1777915825,nvme0n1,4.00,228.00,0.000,0.000,1.70
1777915826,loop0,0.00,0.00,0.000,0.000,0.00
1777915826,loop1,0.00,0.00,0.000,0.000,0.00
1777915826,loop10,0.00,0.00,0.000,0.000,0.00
1777915826,loop11,0.00,0.00,0.000,0.000,0.00
1777915826,loop12,0.00,0.00,0.000,0.000,0.00
1777915826,loop13,0.00,0.00,0.000,0.000,0.00
1777915826,loop14,0.00,0.00,0.000,0.000,0.00
1777915826,loop15,0.00,0.00,0.000,0.000,0.00
1777915826,loop16,0.00,0.00,0.000,0.000,0.00
1777915826,loop17,0.00,0.00,0.000,0.000,0.00
1777915826,loop18,0.00,0.00,0.000,0.000,0.00
1777915826,loop19,0.00,0.00,0.000,0.000,0.00
1777915826,loop2,0.00,0.00,0.000,0.000,0.00
1777915826,loop20,0.00,0.00,0.000,0.000,0.00
1777915826,loop21,0.00,0.00,0.000,0.000,0.00
1777915826,loop22,0.00,0.00,0.000,0.000,0.00
1777915826,loop23,0.00,0.00,0.000,0.000,0.00
1777915826,loop24,0.00,0.00,0.000,0.000,0.00
1777915826,loop25,0.00,0.00,0.000,0.000,0.00
1777915826,loop26,0.00,0.00,0.000,0.000,0.00
1777915826,loop27,0.00,0.00,0.000,0.000,0.00
1777915826,loop28,0.00,0.00,0.000,0.000,0.00
1777915826,loop29,0.00,0.00,0.000,0.000,0.00
1777915826,loop3,0.00,0.00,0.000,0.000,0.00
1777915826,loop30,0.00,0.00,0.000,0.000,0.00
1777915826,loop31,0.00,0.00,0.000,0.000,0.00
1777915826,loop32,0.00,0.00,0.000,0.000,0.00
1777915826,loop33,0.00,0.00,0.000,0.000,0.00
1777915826,loop34,0.00,0.00,0.000,0.000,0.00
1777915826,loop35,0.00,0.00,0.000,0.000,0.00
1777915826,loop36,0.00,0.00,0.000,0.000,0.00
1777915826,loop37,0.00,0.00,0.000,0.000,0.00
1777915826,loop38,0.00,0.00,0.000,0.000,0.00
1777915826,loop39,0.00,0.00,0.000,0.000,0.00
1777915826,loop4,0.00,0.00,0.000,0.000,0.00
1777915826,loop40,0.00,0.00,0.000,0.000,0.00
1777915826,loop5,0.00,0.00,0.000,0.000,0.00
1777915826,loop6,0.00,0.00,0.000,0.000,0.00
1777915826,loop7,0.00,0.00,0.000,0.000,0.00
1777915826,loop8,0.00,0.00,0.000,0.000,0.00
1777915826,loop9,0.00,0.00,0.000,0.000,0.00
1777915826,nvme0n1,0.00,0.00,0.000,0.000,0.30
1777915827,loop0,0.00,0.00,0.000,0.000,0.00
1777915827,loop1,0.00,0.00,0.000,0.000,0.00
1777915827,loop10,0.00,0.00,0.000,0.000,0.00
1777915827,loop11,0.00,0.00,0.000,0.000,0.00
1777915827,loop12,0.00,0.00,0.000,0.000,0.00
1777915827,loop13,0.00,0.00,0.000,0.000,0.00
1777915827,loop14,0.00,0.00,0.000,0.000,0.00
1777915827,loop15,0.00,0.00,0.000,0.000,0.00
1777915827,loop16,0.00,0.00,0.000,0.000,0.00
1777915827,loop17,0.00,0.00,0.000,0.000,0.00
1777915827,loop18,0.00,0.00,0.000,0.000,0.00
1777915827,loop19,0.00,0.00,0.000,0.000,0.00
1777915827,loop2,0.00,0.00,0.000,0.000,0.00
1777915827,loop20,0.00,0.00,0.000,0.000,0.00
1777915827,loop21,0.00,0.00,0.000,0.000,0.00
1777915827,loop22,0.00,0.00,0.000,0.000,0.00
1777915827,loop23,0.00,0.00,0.000,0.000,0.00
1777915827,loop24,0.00,0.00,0.000,0.000,0.00
1777915827,loop25,0.00,0.00,0.000,0.000,0.00
1777915827,loop26,0.00,0.00,0.000,0.000,0.00
1777915827,loop27,0.00,0.00,0.000,0.000,0.00
1777915827,loop28,0.00,0.00,0.000,0.000,0.00
1777915827,loop29,0.00,0.00,0.000,0.000,0.00
1777915827,loop3,0.00,0.00,0.000,0.000,0.00
1777915827,loop30,0.00,0.00,0.000,0.000,0.00
1777915827,loop31,0.00,0.00,0.000,0.000,0.00
1777915827,loop32,0.00,0.00,0.000,0.000,0.00
1777915827,loop33,0.00,0.00,0.000,0.000,0.00
1777915827,loop34,0.00,0.00,0.000,0.000,0.00
1777915827,loop35,0.00,0.00,0.000,0.000,0.00
1777915827,loop36,0.00,0.00,0.000,0.000,0.00
1777915827,loop37,0.00,0.00,0.000,0.000,0.00
1777915827,loop38,0.00,0.00,0.000,0.000,0.00
1777915827,loop39,0.00,0.00,0.000,0.000,0.00
1777915827,loop4,0.00,0.00,0.000,0.000,0.00
1777915827,loop40,0.00,0.00,0.000,0.000,0.00
1777915827,loop5,0.00,0.00,0.000,0.000,0.00
1777915827,loop6,0.00,0.00,0.000,0.000,0.00
1777915827,loop7,0.00,0.00,0.000,0.000,0.00
1777915827,loop8,0.00,0.00,0.000,0.000,0.00
1777915827,loop9,0.00,0.00,0.000,0.000,0.00
1777915827,nvme0n1,0.00,0.00,0.000,0.000,0.90
1777915828,loop0,0.00,0.00,0.000,0.000,0.00
1777915828,loop1,0.00,0.00,0.000,0.000,0.00
1777915828,loop10,0.00,0.00,0.000,0.000,0.00
1777915828,loop11,0.00,0.00,0.000,0.000,0.00
1777915828,loop12,0.00,0.00,0.000,0.000,0.00
1777915828,loop13,0.00,0.00,0.000,0.000,0.00
1777915828,loop14,0.00,0.00,0.000,0.000,0.00
1777915828,loop15,0.00,0.00,0.000,0.000,0.00
1777915828,loop16,0.00,0.00,0.000,0.000,0.00
1777915828,loop17,0.00,0.00,0.000,0.000,0.00
1777915828,loop18,0.00,0.00,0.000,0.000,0.00
1777915828,loop19,0.00,0.00,0.000,0.000,0.00
1777915828,loop2,0.00,0.00,0.000,0.000,0.00
1777915828,loop20,0.00,0.00,0.000,0.000,0.00
1777915828,loop21,0.00,0.00,0.000,0.000,0.00
1777915828,loop22,0.00,0.00,0.000,0.000,0.00
1777915828,loop23,0.00,0.00,0.000,0.000,0.00
1777915828,loop24,0.00,0.00,0.000,0.000,0.00
1777915828,loop25,0.00,0.00,0.000,0.000,0.00
1777915828,loop26,0.00,0.00,0.000,0.000,0.00
1777915828,loop27,0.00,0.00,0.000,0.000,0.00
1777915828,loop28,0.00,0.00,0.000,0.000,0.00
1777915828,loop29,0.00,0.00,0.000,0.000,0.00
1777915828,loop3,0.00,0.00,0.000,0.000,0.00
1777915828,loop30,0.00,0.00,0.000,0.000,0.00
1777915828,loop31,0.00,0.00,0.000,0.000,0.00
1777915828,loop32,0.00,0.00,0.000,0.000,0.00
1777915828,loop33,0.00,0.00,0.000,0.000,0.00
1777915828,loop34,0.00,0.00,0.000,0.000,0.00
1777915828,loop35,0.00,0.00,0.000,0.000,0.00
1777915828,loop36,0.00,0.00,0.000,0.000,0.00
1777915828,loop37,0.00,0.00,0.000,0.000,0.00
1777915828,loop38,0.00,0.00,0.000,0.000,0.00
1777915828,loop39,0.00,0.00,0.000,0.000,0.00
1777915828,loop4,0.00,0.00,0.000,0.000,0.00
1777915828,loop40,0.00,0.00,0.000,0.000,0.00
1777915828,loop5,0.00,0.00,0.000,0.000,0.00
1777915828,loop6,0.00,0.00,0.000,0.000,0.00
1777915828,loop7,0.00,0.00,0.000,0.000,0.00
1777915828,loop8,0.00,0.00,0.000,0.000,0.00
1777915828,loop9,0.00,0.00,0.000,0.000,0.00
1777915828,nvme0n1,0.00,0.00,0.000,0.000,0.00
1777915829,loop0,0.00,0.00,0.000,0.000,0.00
1777915829,loop1,0.00,0.00,0.000,0.000,0.00
1777915829,loop10,0.00,0.00,0.000,0.000,0.00
1777915829,loop11,0.00,0.00,0.000,0.000,0.00
1777915829,loop12,0.00,0.00,0.000,0.000,0.00
1777915829,loop13,0.00,0.00,0.000,0.000,0.00
1777915829,loop14,0.00,0.00,0.000,0.000,0.00
1777915829,loop15,0.00,0.00,0.000,0.000,0.00
1777915829,loop16,0.00,0.00,0.000,0.000,0.00
1777915829,loop17,0.00,0.00,0.000,0.000,0.00
1777915829,loop18,0.00,0.00,0.000,0.000,0.00
1777915829,loop19,0.00,0.00,0.000,0.000,0.00
1777915829,loop2,0.00,0.00,0.000,0.000,0.00
1777915829,loop20,0.00,0.00,0.000,0.000,0.00
1777915829,loop21,0.00,0.00,0.000,0.000,0.00
1777915829,loop22,0.00,0.00,0.000,0.000,0.00
1777915829,loop23,0.00,0.00,0.000,0.000,0.00
1777915829,loop24,0.00,0.00,0.000,0.000,0.00
1777915829,loop25,0.00,0.00,0.000,0.000,0.00
1777915829,loop26,0.00,0.00,0.000,0.000,0.00
1777915829,loop27,0.00,0.00,0.000,0.000,0.00
1777915829,loop28,0.00,0.00,0.000,0.000,0.00
1777915829,loop29,0.00,0.00,0.000,0.000,0.00
1777915829,loop3,0.00,0.00,0.000,0.000,0.00
1777915829,loop30,0.00,0.00,0.000,0.000,0.00
1777915829,loop31,0.00,0.00,0.000,0.000,0.00
1777915829,loop32,0.00,0.00,0.000,0.000,0.00
1777915829,loop33,0.00,0.00,0.000,0.000,0.00
1777915829,loop34,0.00,0.00,0.000,0.000,0.00
1777915829,loop35,0.00,0.00,0.000,0.000,0.00
1777915829,loop36,0.00,0.00,0.000,0.000,0.00
1777915829,loop37,0.00,0.00,0.000,0.000,0.00
1777915829,loop38,0.00,0.00,0.000,0.000,0.00
1777915829,loop39,0.00,0.00,0.000,0.000,0.00
1777915829,loop4,0.00,0.00,0.000,0.000,0.00
1777915829,loop40,0.00,0.00,0.000,0.000,0.00
1777915829,loop5,0.00,0.00,0.000,0.000,0.00
1777915829,loop6,0.00,0.00,0.000,0.000,0.00
1777915829,loop7,0.00,0.00,0.000,0.000,0.00
1777915829,loop8,0.00,0.00,0.000,0.000,0.00
1777915829,loop9,0.00,0.00,0.000,0.000,0.00
1777915829,nvme0n1,0.00,0.00,0.000,0.000,4.70
1777915830,loop0,0.00,0.00,0.000,0.000,0.00
1777915830,loop1,0.00,0.00,0.000,0.000,0.00
1777915830,loop10,0.00,0.00,0.000,0.000,0.00
1777915830,loop11,0.00,0.00,0.000,0.000,0.00
1777915830,loop12,0.00,0.00,0.000,0.000,0.00
1777915830,loop13,0.00,0.00,0.000,0.000,0.00
1777915830,loop14,0.00,0.00,0.000,0.000,0.00
1777915830,loop15,0.00,0.00,0.000,0.000,0.00
1777915830,loop16,0.00,0.00,0.000,0.000,0.00
1777915830,loop17,0.00,0.00,0.000,0.000,0.00
1777915830,loop18,0.00,0.00,0.000,0.000,0.00
1777915830,loop19,0.00,0.00,0.000,0.000,0.00
1777915830,loop2,0.00,0.00,0.000,0.000,0.00
1777915830,loop20,0.00,0.00,0.000,0.000,0.00
1777915830,loop21,0.00,0.00,0.000,0.000,0.00
1777915830,loop22,0.00,0.00,0.000,0.000,0.00
1777915830,loop23,0.00,0.00,0.000,0.000,0.00
1777915830,loop24,0.00,0.00,0.000,0.000,0.00
1777915830,loop25,0.00,0.00,0.000,0.000,0.00
1777915830,loop26,0.00,0.00,0.000,0.000,0.00
1777915830,loop27,0.00,0.00,0.000,0.000,0.00
1777915830,loop28,0.00,0.00,0.000,0.000,0.00
1777915830,loop29,0.00,0.00,0.000,0.000,0.00
1777915830,loop3,0.00,0.00,0.000,0.000,0.00
1777915830,loop30,0.00,0.00,0.000,0.000,0.00
1777915830,loop31,0.00,0.00,0.000,0.000,0.00
1777915830,loop32,0.00,0.00,0.000,0.000,0.00
1777915830,loop33,0.00,0.00,0.000,0.000,0.00
1777915830,loop34,0.00,0.00,0.000,0.000,0.00
1777915830,loop35,0.00,0.00,0.000,0.000,0.00
1777915830,loop36,0.00,0.00,0.000,0.000,0.00
1777915830,loop37,0.00,0.00,0.000,0.000,0.00
1777915830,loop38,0.00,0.00,0.000,0.000,0.00
1777915830,loop39,0.00,0.00,0.000,0.000,0.00
1777915830,loop4,0.00,0.00,0.000,0.000,0.00
1777915830,loop40,0.00,0.00,0.000,0.000,0.00
1777915830,loop5,0.00,0.00,0.000,0.000,0.00
1777915830,loop6,0.00,0.00,0.000,0.000,0.00
1777915830,loop7,0.00,0.00,0.000,0.000,0.00
1777915830,loop8,0.00,0.00,0.000,0.000,0.00
1777915830,loop9,0.00,0.00,0.000,0.000,0.00
1777915830,nvme0n1,0.00,0.00,0.000,0.000,1.20
1777915831,loop0,0.00,0.00,0.000,0.000,0.00
1777915831,loop1,0.00,0.00,0.000,0.000,0.00
1777915831,loop10,0.00,0.00,0.000,0.000,0.00
1777915831,loop11,0.00,0.00,0.000,0.000,0.00
1777915831,loop12,0.00,0.00,0.000,0.000,0.00
1777915831,loop13,0.00,0.00,0.000,0.000,0.00
1777915831,loop14,0.00,0.00,0.000,0.000,0.00
1777915831,loop15,0.00,0.00,0.000,0.000,0.00
1777915831,loop16,0.00,0.00,0.000,0.000,0.00
1777915831,loop17,0.00,0.00,0.000,0.000,0.00
1777915831,loop18,0.00,0.00,0.000,0.000,0.00
1777915831,loop19,0.00,0.00,0.000,0.000,0.00
1777915831,loop2,0.00,0.00,0.000,0.000,0.00
1777915831,loop20,0.00,0.00,0.000,0.000,0.00
1777915831,loop21,0.00,0.00,0.000,0.000,0.00
1777915831,loop22,0.00,0.00,0.000,0.000,0.00
1777915831,loop23,0.00,0.00,0.000,0.000,0.00
1777915831,loop24,0.00,0.00,0.000,0.000,0.00
1777915831,loop25,0.00,0.00,0.000,0.000,0.00
1777915831,loop26,0.00,0.00,0.000,0.000,0.00
1777915831,loop27,0.00,0.00,0.000,0.000,0.00
1777915831,loop28,0.00,0.00,0.000,0.000,0.00
1777915831,loop29,0.00,0.00,0.000,0.000,0.00
1777915831,loop3,0.00,0.00,0.000,0.000,0.00
1777915831,loop30,0.00,0.00,0.000,0.000,0.00
1777915831,loop31,0.00,0.00,0.000,0.000,0.00
1777915831,loop32,0.00,0.00,0.000,0.000,0.00
1777915831,loop33,0.00,0.00,0.000,0.000,0.00
1777915831,loop34,0.00,0.00,0.000,0.000,0.00
1777915831,loop35,0.00,0.00,0.000,0.000,0.00
1777915831,loop36,0.00,0.00,0.000,0.000,0.00
1777915831,loop37,0.00,0.00,0.000,0.000,0.00
1777915831,loop38,0.00,0.00,0.000,0.000,0.00
1777915831,loop39,0.00,0.00,0.000,0.000,0.00
1777915831,loop4,0.00,0.00,0.000,0.000,0.00
1777915831,loop40,0.00,0.00,0.000,0.000,0.00
1777915831,loop5,0.00,0.00,0.000,0.000,0.00
1777915831,loop6,0.00,0.00,0.000,0.000,0.00
1777915831,loop7,0.00,0.00,0.000,0.000,0.00
1777915831,loop8,0.00,0.00,0.000,0.000,0.00
1777915831,loop9,0.00,0.00,0.000,0.000,0.00
1777915831,nvme0n1,0.00,0.00,0.000,0.000,1.30
1777915832,loop0,0.00,0.00,0.000,0.000,0.00
1777915832,loop1,0.00,0.00,0.000,0.000,0.00
1777915832,loop10,0.00,0.00,0.000,0.000,0.00
1777915832,loop11,0.00,0.00,0.000,0.000,0.00
1777915832,loop12,0.00,0.00,0.000,0.000,0.00
1777915832,loop13,0.00,0.00,0.000,0.000,0.00
1777915832,loop14,0.00,0.00,0.000,0.000,0.00
1777915832,loop15,0.00,0.00,0.000,0.000,0.00
1777915832,loop16,0.00,0.00,0.000,0.000,0.00
1777915832,loop17,0.00,0.00,0.000,0.000,0.00
1777915832,loop18,0.00,0.00,0.000,0.000,0.00
1777915832,loop19,0.00,0.00,0.000,0.000,0.00
1777915832,loop2,0.00,0.00,0.000,0.000,0.00
1777915832,loop20,0.00,0.00,0.000,0.000,0.00
1777915832,loop21,0.00,0.00,0.000,0.000,0.00
1777915832,loop22,0.00,0.00,0.000,0.000,0.00
1777915832,loop23,0.00,0.00,0.000,0.000,0.00
1777915832,loop24,0.00,0.00,0.000,0.000,0.00
1777915832,loop25,0.00,0.00,0.000,0.000,0.00
1777915832,loop26,0.00,0.00,0.000,0.000,0.00
1777915832,loop27,0.00,0.00,0.000,0.000,0.00
1777915832,loop28,0.00,0.00,0.000,0.000,0.00
1777915832,loop29,0.00,0.00,0.000,0.000,0.00
1777915832,loop3,0.00,0.00,0.000,0.000,0.00
1777915832,loop30,0.00,0.00,0.000,0.000,0.00
1777915832,loop31,0.00,0.00,0.000,0.000,0.00
1777915832,loop32,0.00,0.00,0.000,0.000,0.00
1777915832,loop33,0.00,0.00,0.000,0.000,0.00
1777915832,loop34,0.00,0.00,0.000,0.000,0.00
1777915832,loop35,0.00,0.00,0.000,0.000,0.00
1777915832,loop36,0.00,0.00,0.000,0.000,0.00
1777915832,loop37,0.00,0.00,0.000,0.000,0.00
1777915832,loop38,0.00,0.00,0.000,0.000,0.00
1777915832,loop39,0.00,0.00,0.000,0.000,0.00
1777915832,loop4,0.00,0.00,0.000,0.000,0.00
1777915832,loop40,0.00,0.00,0.000,0.000,0.00
1777915832,loop5,0.00,0.00,0.000,0.000,0.00
1777915832,loop6,0.00,0.00,0.000,0.000,0.00
1777915832,loop7,0.00,0.00,0.000,0.000,0.00
1777915832,loop8,0.00,0.00,0.000,0.000,0.00
1777915832,loop9,0.00,0.00,0.000,0.000,0.00
1777915832,nvme0n1,0.00,0.00,0.000,0.000,0.00
1777915833,loop0,0.00,0.00,0.000,0.000,0.00
1777915833,loop1,0.00,0.00,0.000,0.000,0.00
1777915833,loop10,0.00,0.00,0.000,0.000,0.00
1777915833,loop11,0.00,0.00,0.000,0.000,0.00
1777915833,loop12,0.00,0.00,0.000,0.000,0.00
1777915833,loop13,0.00,0.00,0.000,0.000,0.00
1777915833,loop14,0.00,0.00,0.000,0.000,0.00
1777915833,loop15,0.00,0.00,0.000,0.000,0.00
1777915833,loop16,0.00,0.00,0.000,0.000,0.00
1777915833,loop17,0.00,0.00,0.000,0.000,0.00
1777915833,loop18,0.00,0.00,0.000,0.000,0.00
1777915833,loop19,0.00,0.00,0.000,0.000,0.00
1777915833,loop2,0.00,0.00,0.000,0.000,0.00
1777915833,loop20,0.00,0.00,0.000,0.000,0.00
1777915833,loop21,0.00,0.00,0.000,0.000,0.00
1777915833,loop22,0.00,0.00,0.000,0.000,0.00
1777915833,loop23,0.00,0.00,0.000,0.000,0.00
1777915833,loop24,0.00,0.00,0.000,0.000,0.00
1777915833,loop25,0.00,0.00,0.000,0.000,0.00
1777915833,loop26,0.00,0.00,0.000,0.000,0.00
1777915833,loop27,0.00,0.00,0.000,0.000,0.00
1777915833,loop28,0.00,0.00,0.000,0.000,0.00
1777915833,loop29,0.00,0.00,0.000,0.000,0.00
1777915833,loop3,0.00,0.00,0.000,0.000,0.00
1777915833,loop30,0.00,0.00,0.000,0.000,0.00
1777915833,loop31,0.00,0.00,0.000,0.000,0.00
1777915833,loop32,0.00,0.00,0.000,0.000,0.00
1777915833,loop33,0.00,0.00,0.000,0.000,0.00
1777915833,loop34,0.00,0.00,0.000,0.000,0.00
1777915833,loop35,0.00,0.00,0.000,0.000,0.00
1777915833,loop36,0.00,0.00,0.000,0.000,0.00
1777915833,loop37,0.00,0.00,0.000,0.000,0.00
1777915833,loop38,0.00,0.00,0.000,0.000,0.00
1777915833,loop39,0.00,0.00,0.000,0.000,0.00
1777915833,loop4,0.00,0.00,0.000,0.000,0.00
1777915833,loop40,0.00,0.00,0.000,0.000,0.00
1777915833,loop5,0.00,0.00,0.000,0.000,0.00
1777915833,loop6,0.00,0.00,0.000,0.000,0.00
1777915833,loop7,0.00,0.00,0.000,0.000,0.00
1777915833,loop8,0.00,0.00,0.000,0.000,0.00
1777915833,loop9,0.00,0.00,0.000,0.000,0.00
1777915833,nvme0n1,0.00,0.00,0.000,0.000,0.00
1777915834,loop0,0.00,0.00,0.000,0.000,0.00
1777915834,loop1,0.00,0.00,0.000,0.000,0.00
1777915834,loop10,0.00,0.00,0.000,0.000,0.00
1777915834,loop11,0.00,0.00,0.000,0.000,0.00
1777915834,loop12,0.00,0.00,0.000,0.000,0.00
1777915834,loop13,0.00,0.00,0.000,0.000,0.00
1777915834,loop14,0.00,0.00,0.000,0.000,0.00
1777915834,loop15,0.00,0.00,0.000,0.000,0.00
1777915834,loop16,0.00,0.00,0.000,0.000,0.00
1777915834,loop17,0.00,0.00,0.000,0.000,0.00
1777915834,loop18,0.00,0.00,0.000,0.000,0.00
1777915834,loop19,0.00,0.00,0.000,0.000,0.00
1777915834,loop2,0.00,0.00,0.000,0.000,0.00
1777915834,loop20,0.00,0.00,0.000,0.000,0.00
1777915834,loop21,0.00,0.00,0.000,0.000,0.00
1777915834,loop22,0.00,0.00,0.000,0.000,0.00
1777915834,loop23,0.00,0.00,0.000,0.000,0.00
1777915834,loop24,0.00,0.00,0.000,0.000,0.00
1777915834,loop25,0.00,0.00,0.000,0.000,0.00
1777915834,loop26,0.00,0.00,0.000,0.000,0.00
1777915834,loop27,0.00,0.00,0.000,0.000,0.00
1777915834,loop28,0.00,0.00,0.000,0.000,0.00
1777915834,loop29,0.00,0.00,0.000,0.000,0.00
1777915834,loop3,0.00,0.00,0.000,0.000,0.00
1777915834,loop30,0.00,0.00,0.000,0.000,0.00
1777915834,loop31,0.00,0.00,0.000,0.000,0.00
1777915834,loop32,0.00,0.00,0.000,0.000,0.00
1777915834,loop33,0.00,0.00,0.000,0.000,0.00
1777915834,loop34,0.00,0.00,0.000,0.000,0.00
1777915834,loop35,0.00,0.00,0.000,0.000,0.00
1777915834,loop36,0.00,0.00,0.000,0.000,0.00
1777915834,loop37,0.00,0.00,0.000,0.000,0.00
1777915834,loop38,0.00,0.00,0.000,0.000,0.00
1777915834,loop39,0.00,0.00,0.000,0.000,0.00
1777915834,loop4,0.00,0.00,0.000,0.000,0.00
1777915834,loop40,0.00,0.00,0.000,0.000,0.00
1777915834,loop5,0.00,0.00,0.000,0.000,0.00
1777915834,loop6,0.00,0.00,0.000,0.000,0.00
1777915834,loop7,0.00,0.00,0.000,0.000,0.00
1777915834,loop8,0.00,0.00,0.000,0.000,0.00
1777915834,loop9,0.00,0.00,0.000,0.000,0.00
1777915834,nvme0n1,0.00,0.00,0.000,0.000,2.00
1777915835,loop0,0.00,0.00,0.000,0.000,0.00
1777915835,loop1,0.00,0.00,0.000,0.000,0.00
1777915835,loop10,0.00,0.00,0.000,0.000,0.00
1777915835,loop11,0.00,0.00,0.000,0.000,0.00
1777915835,loop12,0.00,0.00,0.000,0.000,0.00
1777915835,loop13,0.00,0.00,0.000,0.000,0.00
1777915835,loop14,0.00,0.00,0.000,0.000,0.00
1777915835,loop15,0.00,0.00,0.000,0.000,0.00
1777915835,loop16,0.00,0.00,0.000,0.000,0.00
1777915835,loop17,0.00,0.00,0.000,0.000,0.00
1777915835,loop18,0.00,0.00,0.000,0.000,0.00
1777915835,loop19,0.00,0.00,0.000,0.000,0.00
1777915835,loop2,0.00,0.00,0.000,0.000,0.00
1777915835,loop20,0.00,0.00,0.000,0.000,0.00
1777915835,loop21,0.00,0.00,0.000,0.000,0.00
1777915835,loop22,0.00,0.00,0.000,0.000,0.00
1777915835,loop23,0.00,0.00,0.000,0.000,0.00
1777915835,loop24,0.00,0.00,0.000,0.000,0.00
1777915835,loop25,0.00,0.00,0.000,0.000,0.00
1777915835,loop26,0.00,0.00,0.000,0.000,0.00
1777915835,loop27,0.00,0.00,0.000,0.000,0.00
1777915835,loop28,0.00,0.00,0.000,0.000,0.00
1777915835,loop29,0.00,0.00,0.000,0.000,0.00
1777915835,loop3,0.00,0.00,0.000,0.000,0.00
1777915835,loop30,0.00,0.00,0.000,0.000,0.00
1777915835,loop31,0.00,0.00,0.000,0.000,0.00
1777915835,loop32,0.00,0.00,0.000,0.000,0.00
1777915835,loop33,0.00,0.00,0.000,0.000,0.00
1777915835,loop34,0.00,0.00,0.000,0.000,0.00
1777915835,loop35,0.00,0.00,0.000,0.000,0.00
1777915835,loop36,0.00,0.00,0.000,0.000,0.00
1777915835,loop37,0.00,0.00,0.000,0.000,0.00
1777915835,loop38,0.00,0.00,0.000,0.000,0.00
1777915835,loop39,0.00,0.00,0.000,0.000,0.00
1777915835,loop4,0.00,0.00,0.000,0.000,0.00
1777915835,loop40,0.00,0.00,0.000,0.000,0.00
1777915835,loop5,0.00,0.00,0.000,0.000,0.00
1777915835,loop6,0.00,0.00,0.000,0.000,0.00
1777915835,loop7,0.00,0.00,0.000,0.000,0.00
1777915835,loop8,0.00,0.00,0.000,0.000,0.00
1777915835,loop9,0.00,0.00,0.000,0.000,0.00
1777915835,nvme0n1,0.00,0.00,0.000,0.000,0.00
1777915836,loop0,0.00,0.00,0.000,0.000,0.00
1777915836,loop1,0.00,0.00,0.000,0.000,0.00
1777915836,loop10,0.00,0.00,0.000,0.000,0.00
1777915836,loop11,0.00,0.00,0.000,0.000,0.00
1777915836,loop12,0.00,0.00,0.000,0.000,0.00
1777915836,loop13,0.00,0.00,0.000,0.000,0.00
1777915836,loop14,0.00,0.00,0.000,0.000,0.00
1777915836,loop15,0.00,0.00,0.000,0.000,0.00
1777915836,loop16,0.00,0.00,0.000,0.000,0.00
1777915836,loop17,0.00,0.00,0.000,0.000,0.00
1777915836,loop18,0.00,0.00,0.000,0.000,0.00
1777915836,loop19,0.00,0.00,0.000,0.000,0.00
1777915836,loop2,0.00,0.00,0.000,0.000,0.00
1777915836,loop20,0.00,0.00,0.000,0.000,0.00
1777915836,loop21,0.00,0.00,0.000,0.000,0.00
1777915836,loop22,0.00,0.00,0.000,0.000,0.00
1777915836,loop23,0.00,0.00,0.000,0.000,0.00
1777915836,loop24,0.00,0.00,0.000,0.000,0.00
1777915836,loop25,0.00,0.00,0.000,0.000,0.00
1777915836,loop26,0.00,0.00,0.000,0.000,0.00
1777915836,loop27,0.00,0.00,0.000,0.000,0.00
1777915836,loop28,0.00,0.00,0.000,0.000,0.00
1777915836,loop29,0.00,0.00,0.000,0.000,0.00
1777915836,loop3,0.00,0.00,0.000,0.000,0.00
1777915836,loop30,0.00,0.00,0.000,0.000,0.00
1777915836,loop31,0.00,0.00,0.000,0.000,0.00
1777915836,loop32,0.00,0.00,0.000,0.000,0.00
1777915836,loop33,0.00,0.00,0.000,0.000,0.00
1777915836,loop34,0.00,0.00,0.000,0.000,0.00
1777915836,loop35,0.00,0.00,0.000,0.000,0.00
1777915836,loop36,0.00,0.00,0.000,0.000,0.00
1777915836,loop37,0.00,0.00,0.000,0.000,0.00
1777915836,loop38,0.00,0.00,0.000,0.000,0.00
1777915836,loop39,0.00,0.00,0.000,0.000,0.00
1777915836,loop4,0.00,0.00,0.000,0.000,0.00
1777915836,loop40,0.00,0.00,0.000,0.000,0.00
1777915836,loop5,0.00,0.00,0.000,0.000,0.00
1777915836,loop6,0.00,0.00,0.000,0.000,0.00
1777915836,loop7,0.00,0.00,0.000,0.000,0.00
1777915836,loop8,0.00,0.00,0.000,0.000,0.00
1777915836,loop9,0.00,0.00,0.000,0.000,0.00
1777915836,nvme0n1,0.00,0.00,0.000,0.000,2.50
1777915837,loop0,0.00,0.00,0.000,0.000,0.00
1777915837,loop1,0.00,0.00,0.000,0.000,0.00
1777915837,loop10,0.00,0.00,0.000,0.000,0.00
1777915837,loop11,0.00,0.00,0.000,0.000,0.00
1777915837,loop12,0.00,0.00,0.000,0.000,0.00
1777915837,loop13,0.00,0.00,0.000,0.000,0.00
1777915837,loop14,0.00,0.00,0.000,0.000,0.00
1777915837,loop15,0.00,0.00,0.000,0.000,0.00
1777915837,loop16,0.00,0.00,0.000,0.000,0.00
1777915837,loop17,0.00,0.00,0.000,0.000,0.00
1777915837,loop18,0.00,0.00,0.000,0.000,0.00
1777915837,loop19,0.00,0.00,0.000,0.000,0.00
1777915837,loop2,0.00,0.00,0.000,0.000,0.00
1777915837,loop20,0.00,0.00,0.000,0.000,0.00
1777915837,loop21,0.00,0.00,0.000,0.000,0.00
1777915837,loop22,0.00,0.00,0.000,0.000,0.00
1777915837,loop23,0.00,0.00,0.000,0.000,0.00
1777915837,loop24,0.00,0.00,0.000,0.000,0.00
1777915837,loop25,0.00,0.00,0.000,0.000,0.00
1777915837,loop26,0.00,0.00,0.000,0.000,0.00
1777915837,loop27,0.00,0.00,0.000,0.000,0.00
1777915837,loop28,0.00,0.00,0.000,0.000,0.00
1777915837,loop29,0.00,0.00,0.000,0.000,0.00
1777915837,loop3,0.00,0.00,0.000,0.000,0.00
1777915837,loop30,0.00,0.00,0.000,0.000,0.00
1777915837,loop31,0.00,0.00,0.000,0.000,0.00
1777915837,loop32,0.00,0.00,0.000,0.000,0.00
1777915837,loop33,0.00,0.00,0.000,0.000,0.00
1777915837,loop34,0.00,0.00,0.000,0.000,0.00
1777915837,loop35,0.00,0.00,0.000,0.000,0.00
1777915837,loop36,0.00,0.00,0.000,0.000,0.00
1777915837,loop37,0.00,0.00,0.000,0.000,0.00
1777915837,loop38,0.00,0.00,0.000,0.000,0.00
1777915837,loop39,0.00,0.00,0.000,0.000,0.00
1777915837,loop4,0.00,0.00,0.000,0.000,0.00
1777915837,loop40,0.00,0.00,0.000,0.000,0.00
1777915837,loop5,0.00,0.00,0.000,0.000,0.00
1777915837,loop6,0.00,0.00,0.000,0.000,0.00
1777915837,loop7,0.00,0.00,0.000,0.000,0.00
1777915837,loop8,0.00,0.00,0.000,0.000,0.00
1777915837,loop9,0.00,0.00,0.000,0.000,0.00
1777915837,nvme0n1,0.00,0.00,0.000,0.000,0.00
1777915838,loop0,0.00,0.00,0.000,0.000,0.00
1777915838,loop1,0.00,0.00,0.000,0.000,0.00
1777915838,loop10,0.00,0.00,0.000,0.000,0.00
1777915838,loop11,0.00,0.00,0.000,0.000,0.00
1777915838,loop12,0.00,0.00,0.000,0.000,0.00
1777915838,loop13,0.00,0.00,0.000,0.000,0.00
1777915838,loop14,0.00,0.00,0.000,0.000,0.00
1777915838,loop15,0.00,0.00,0.000,0.000,0.00
1777915838,loop16,0.00,0.00,0.000,0.000,0.00
1777915838,loop17,0.00,0.00,0.000,0.000,0.00
1777915838,loop18,0.00,0.00,0.000,0.000,0.00
1777915838,loop19,0.00,0.00,0.000,0.000,0.00
1777915838,loop2,0.00,0.00,0.000,0.000,0.00
1777915838,loop20,0.00,0.00,0.000,0.000,0.00
1777915838,loop21,0.00,0.00,0.000,0.000,0.00
1777915838,loop22,0.00,0.00,0.000,0.000,0.00
1777915838,loop23,0.00,0.00,0.000,0.000,0.00
1777915838,loop24,0.00,0.00,0.000,0.000,0.00
1777915838,loop25,0.00,0.00,0.000,0.000,0.00
1777915838,loop26,0.00,0.00,0.000,0.000,0.00
1777915838,loop27,0.00,0.00,0.000,0.000,0.00
1777915838,loop28,0.00,0.00,0.000,0.000,0.00
1777915838,loop29,0.00,0.00,0.000,0.000,0.00
1777915838,loop3,0.00,0.00,0.000,0.000,0.00
1777915838,loop30,0.00,0.00,0.000,0.000,0.00
1777915838,loop31,0.00,0.00,0.000,0.000,0.00
1777915838,loop32,0.00,0.00,0.000,0.000,0.00
1777915838,loop33,0.00,0.00,0.000,0.000,0.00
1777915838,loop34,0.00,0.00,0.000,0.000,0.00
1777915838,loop35,0.00,0.00,0.000,0.000,0.00
1777915838,loop36,0.00,0.00,0.000,0.000,0.00
1777915838,loop37,0.00,0.00,0.000,0.000,0.00
1777915838,loop38,0.00,0.00,0.000,0.000,0.00
1777915838,loop39,0.00,0.00,0.000,0.000,0.00
1777915838,loop4,0.00,0.00,0.000,0.000,0.00
1777915838,loop40,0.00,0.00,0.000,0.000,0.00
1777915838,loop5,0.00,0.00,0.000,0.000,0.00
1777915838,loop6,0.00,0.00,0.000,0.000,0.00
1777915838,loop7,0.00,0.00,0.000,0.000,0.00
1777915838,loop8,0.00,0.00,0.000,0.000,0.00
1777915838,loop9,0.00,0.00,0.000,0.000,0.00
1777915838,nvme0n1,0.00,0.00,0.000,0.000,0.00
1777915839,loop0,0.00,0.00,0.000,0.000,0.00
1777915839,loop1,0.00,0.00,0.000,0.000,0.00
1777915839,loop10,0.00,0.00,0.000,0.000,0.00
1777915839,loop11,0.00,0.00,0.000,0.000,0.00
1777915839,loop12,0.00,0.00,0.000,0.000,0.00
1777915839,loop13,0.00,0.00,0.000,0.000,0.00
1777915839,loop14,0.00,0.00,0.000,0.000,0.00
1777915839,loop15,0.00,0.00,0.000,0.000,0.00
1777915839,loop16,0.00,0.00,0.000,0.000,0.00
1777915839,loop17,0.00,0.00,0.000,0.000,0.00
1777915839,loop18,0.00,0.00,0.000,0.000,0.00
1777915839,loop19,0.00,0.00,0.000,0.000,0.00
1777915839,loop2,0.00,0.00,0.000,0.000,0.00
1777915839,loop20,0.00,0.00,0.000,0.000,0.00
1777915839,loop21,0.00,0.00,0.000,0.000,0.00
1777915839,loop22,0.00,0.00,0.000,0.000,0.00
1777915839,loop23,0.00,0.00,0.000,0.000,0.00
1777915839,loop24,0.00,0.00,0.000,0.000,0.00
1777915839,loop25,0.00,0.00,0.000,0.000,0.00
1777915839,loop26,0.00,0.00,0.000,0.000,0.00
1777915839,loop27,0.00,0.00,0.000,0.000,0.00
1777915839,loop28,0.00,0.00,0.000,0.000,0.00
1777915839,loop29,0.00,0.00,0.000,0.000,0.00
1777915839,loop3,0.00,0.00,0.000,0.000,0.00
1777915839,loop30,0.00,0.00,0.000,0.000,0.00
1777915839,loop31,0.00,0.00,0.000,0.000,0.00
1777915839,loop32,0.00,0.00,0.000,0.000,0.00
1777915839,loop33,0.00,0.00,0.000,0.000,0.00
1777915839,loop34,0.00,0.00,0.000,0.000,0.00
1777915839,loop35,0.00,0.00,0.000,0.000,0.00
1777915839,loop36,0.00,0.00,0.000,0.000,0.00
1777915839,loop37,0.00,0.00,0.000,0.000,0.00
1777915839,loop38,0.00,0.00,0.000,0.000,0.00
1777915839,loop39,0.00,0.00,0.000,0.000,0.00
1777915839,loop4,0.00,0.00,0.000,0.000,0.00
1777915839,loop40,0.00,0.00,0.000,0.000,0.00
1777915839,loop5,0.00,0.00,0.000,0.000,0.00
1777915839,loop6,0.00,0.00,0.000,0.000,0.00
1777915839,loop7,0.00,0.00,0.000,0.000,0.00
1777915839,loop8,0.00,0.00,0.000,0.000,0.00
1777915839,loop9,0.00,0.00,0.000,0.000,0.00
1777915839,nvme0n1,0.00,0.00,0.000,0.000,0.00
1777915840,loop0,0.00,0.00,0.000,0.000,0.00
1777915840,loop1,0.00,0.00,0.000,0.000,0.00
1777915840,loop10,0.00,0.00,0.000,0.000,0.00
1777915840,loop11,0.00,0.00,0.000,0.000,0.00
1777915840,loop12,0.00,0.00,0.000,0.000,0.00
1777915840,loop13,0.00,0.00,0.000,0.000,0.00
1777915840,loop14,0.00,0.00,0.000,0.000,0.00
1777915840,loop15,0.00,0.00,0.000,0.000,0.00
1777915840,loop16,0.00,0.00,0.000,0.000,0.00
1777915840,loop17,0.00,0.00,0.000,0.000,0.00
1777915840,loop18,0.00,0.00,0.000,0.000,0.00
1777915840,loop19,0.00,0.00,0.000,0.000,0.00
1777915840,loop2,0.00,0.00,0.000,0.000,0.00
1777915840,loop20,0.00,0.00,0.000,0.000,0.00
1777915840,loop21,0.00,0.00,0.000,0.000,0.00
1777915840,loop22,0.00,0.00,0.000,0.000,0.00
1777915840,loop23,0.00,0.00,0.000,0.000,0.00
1777915840,loop24,0.00,0.00,0.000,0.000,0.00
1777915840,loop25,0.00,0.00,0.000,0.000,0.00
1777915840,loop26,0.00,0.00,0.000,0.000,0.00
1777915840,loop27,0.00,0.00,0.000,0.000,0.00
1777915840,loop28,0.00,0.00,0.000,0.000,0.00
1777915840,loop29,0.00,0.00,0.000,0.000,0.00
1777915840,loop3,0.00,0.00,0.000,0.000,0.00
1777915840,loop30,0.00,0.00,0.000,0.000,0.00
1777915840,loop31,0.00,0.00,0.000,0.000,0.00
1777915840,loop32,0.00,0.00,0.000,0.000,0.00
1777915840,loop33,0.00,0.00,0.000,0.000,0.00
1777915840,loop34,0.00,0.00,0.000,0.000,0.00
1777915840,loop35,0.00,0.00,0.000,0.000,0.00
1777915840,loop36,0.00,0.00,0.000,0.000,0.00
1777915840,loop37,0.00,0.00,0.000,0.000,0.00
1777915840,loop38,0.00,0.00,0.000,0.000,0.00
1777915840,loop39,0.00,0.00,0.000,0.000,0.00
1777915840,loop4,0.00,0.00,0.000,0.000,0.00
1777915840,loop40,0.00,0.00,0.000,0.000,0.00
1777915840,loop5,0.00,0.00,0.000,0.000,0.00
1777915840,loop6,0.00,0.00,0.000,0.000,0.00
1777915840,loop7,0.00,0.00,0.000,0.000,0.00
1777915840,loop8,0.00,0.00,0.000,0.000,0.00
1777915840,loop9,0.00,0.00,0.000,0.000,0.00
1777915840,nvme0n1,0.00,0.00,0.000,0.000,0.00
1777915841,loop0,0.00,0.00,0.000,0.000,0.00
1777915841,loop1,0.00,0.00,0.000,0.000,0.00
1777915841,loop10,0.00,0.00,0.000,0.000,0.00
1777915841,loop11,0.00,0.00,0.000,0.000,0.00
1777915841,loop12,0.00,0.00,0.000,0.000,0.00
1777915841,loop13,0.00,0.00,0.000,0.000,0.00
1777915841,loop14,0.00,0.00,0.000,0.000,0.00
1777915841,loop15,0.00,0.00,0.000,0.000,0.00
1777915841,loop16,0.00,0.00,0.000,0.000,0.00
1777915841,loop17,0.00,0.00,0.000,0.000,0.00
1777915841,loop18,0.00,0.00,0.000,0.000,0.00
1777915841,loop19,0.00,0.00,0.000,0.000,0.00
1777915841,loop2,0.00,0.00,0.000,0.000,0.00
1777915841,loop20,0.00,0.00,0.000,0.000,0.00
1777915841,loop21,0.00,0.00,0.000,0.000,0.00
1777915841,loop22,0.00,0.00,0.000,0.000,0.00
1777915841,loop23,0.00,0.00,0.000,0.000,0.00
1777915841,loop24,0.00,0.00,0.000,0.000,0.00
1777915841,loop25,0.00,0.00,0.000,0.000,0.00
1777915841,loop26,0.00,0.00,0.000,0.000,0.00
1777915841,loop27,0.00,0.00,0.000,0.000,0.00
1777915841,loop28,0.00,0.00,0.000,0.000,0.00
1777915841,loop29,0.00,0.00,0.000,0.000,0.00
1777915841,loop3,0.00,0.00,0.000,0.000,0.00
1777915841,loop30,0.00,0.00,0.000,0.000,0.00
1777915841,loop31,0.00,0.00,0.000,0.000,0.00
1777915841,loop32,0.00,0.00,0.000,0.000,0.00
1777915841,loop33,0.00,0.00,0.000,0.000,0.00
1777915841,loop34,0.00,0.00,0.000,0.000,0.00
1777915841,loop35,0.00,0.00,0.000,0.000,0.00
1777915841,loop36,0.00,0.00,0.000,0.000,0.00
1777915841,loop37,0.00,0.00,0.000,0.000,0.00
1777915841,loop38,0.00,0.00,0.000,0.000,0.00
1777915841,loop39,0.00,0.00,0.000,0.000,0.00
1777915841,loop4,0.00,0.00,0.000,0.000,0.00
1777915841,loop40,0.00,0.00,0.000,0.000,0.00
1777915841,loop5,0.00,0.00,0.000,0.000,0.00
1777915841,loop6,0.00,0.00,0.000,0.000,0.00
1777915841,loop7,0.00,0.00,0.000,0.000,0.00
1777915841,loop8,0.00,0.00,0.000,0.000,0.00
1777915841,loop9,0.00,0.00,0.000,0.000,0.00
1777915841,nvme0n1,0.00,0.00,0.000,0.000,2.30
1777915842,loop0,0.00,0.00,0.000,0.000,0.00
1777915842,loop1,0.00,0.00,0.000,0.000,0.00
1777915842,loop10,0.00,0.00,0.000,0.000,0.00
1777915842,loop11,0.00,0.00,0.000,0.000,0.00
1777915842,loop12,0.00,0.00,0.000,0.000,0.00
1777915842,loop13,0.00,0.00,0.000,0.000,0.00
1777915842,loop14,0.00,0.00,0.000,0.000,0.00
1777915842,loop15,0.00,0.00,0.000,0.000,0.00
1777915842,loop16,0.00,0.00,0.000,0.000,0.00
1777915842,loop17,0.00,0.00,0.000,0.000,0.00
1777915842,loop18,0.00,0.00,0.000,0.000,0.00
1777915842,loop19,0.00,0.00,0.000,0.000,0.00
1777915842,loop2,0.00,0.00,0.000,0.000,0.00
1777915842,loop20,0.00,0.00,0.000,0.000,0.00
1777915842,loop21,0.00,0.00,0.000,0.000,0.00
1777915842,loop22,0.00,0.00,0.000,0.000,0.00
1777915842,loop23,0.00,0.00,0.000,0.000,0.00
1777915842,loop24,0.00,0.00,0.000,0.000,0.00
1777915842,loop25,0.00,0.00,0.000,0.000,0.00
1777915842,loop26,0.00,0.00,0.000,0.000,0.00
1777915842,loop27,0.00,0.00,0.000,0.000,0.00
1777915842,loop28,0.00,0.00,0.000,0.000,0.00
1777915842,loop29,0.00,0.00,0.000,0.000,0.00
1777915842,loop3,0.00,0.00,0.000,0.000,0.00
1777915842,loop30,0.00,0.00,0.000,0.000,0.00
1777915842,loop31,0.00,0.00,0.000,0.000,0.00
1777915842,loop32,0.00,0.00,0.000,0.000,0.00
1777915842,loop33,0.00,0.00,0.000,0.000,0.00
1777915842,loop34,0.00,0.00,0.000,0.000,0.00
1777915842,loop35,0.00,0.00,0.000,0.000,0.00
1777915842,loop36,0.00,0.00,0.000,0.000,0.00
1777915842,loop37,0.00,0.00,0.000,0.000,0.00
1777915842,loop38,0.00,0.00,0.000,0.000,0.00
1777915842,loop39,0.00,0.00,0.000,0.000,0.00
1777915842,loop4,0.00,0.00,0.000,0.000,0.00
1777915842,loop40,0.00,0.00,0.000,0.000,0.00
1777915842,loop5,0.00,0.00,0.000,0.000,0.00
1777915842,loop6,0.00,0.00,0.000,0.000,0.00
1777915842,loop7,0.00,0.00,0.000,0.000,0.00
1777915842,loop8,0.00,0.00,0.000,0.000,0.00
1777915842,loop9,0.00,0.00,0.000,0.000,0.00
1777915842,nvme0n1,0.00,0.00,0.000,0.000,0.00
1777915843,loop0,0.00,0.00,0.000,0.000,0.00
1777915843,loop1,0.00,0.00,0.000,0.000,0.00
1777915843,loop10,0.00,0.00,0.000,0.000,0.00
1777915843,loop11,0.00,0.00,0.000,0.000,0.00
1777915843,loop12,0.00,0.00,0.000,0.000,0.00
1777915843,loop13,0.00,0.00,0.000,0.000,0.00
1777915843,loop14,0.00,0.00,0.000,0.000,0.00
1777915843,loop15,0.00,0.00,0.000,0.000,0.00
1777915843,loop16,0.00,0.00,0.000,0.000,0.00
1777915843,loop17,0.00,0.00,0.000,0.000,0.00
1777915843,loop18,0.00,0.00,0.000,0.000,0.00
1777915843,loop19,0.00,0.00,0.000,0.000,0.00
1777915843,loop2,0.00,0.00,0.000,0.000,0.00
1777915843,loop20,0.00,0.00,0.000,0.000,0.00
1777915843,loop21,0.00,0.00,0.000,0.000,0.00
1777915843,loop22,0.00,0.00,0.000,0.000,0.00
1777915843,loop23,0.00,0.00,0.000,0.000,0.00
1777915843,loop24,0.00,0.00,0.000,0.000,0.00
1777915843,loop25,0.00,0.00,0.000,0.000,0.00
1777915843,loop26,0.00,0.00,0.000,0.000,0.00
1777915843,loop27,0.00,0.00,0.000,0.000,0.00
1777915843,loop28,0.00,0.00,0.000,0.000,0.00
1777915843,loop29,0.00,0.00,0.000,0.000,0.00
1777915843,loop3,0.00,0.00,0.000,0.000,0.00
1777915843,loop30,0.00,0.00,0.000,0.000,0.00
1777915843,loop31,0.00,0.00,0.000,0.000,0.00
1777915843,loop32,0.00,0.00,0.000,0.000,0.00
1777915843,loop33,0.00,0.00,0.000,0.000,0.00
1777915843,loop34,0.00,0.00,0.000,0.000,0.00
1777915843,loop35,0.00,0.00,0.000,0.000,0.00
1777915843,loop36,0.00,0.00,0.000,0.000,0.00
1777915843,loop37,0.00,0.00,0.000,0.000,0.00
1777915843,loop38,0.00,0.00,0.000,0.000,0.00
1777915843,loop39,0.00,0.00,0.000,0.000,0.00
1777915843,loop4,0.00,0.00,0.000,0.000,0.00
1777915843,loop40,0.00,0.00,0.000,0.000,0.00
1777915843,loop5,0.00,0.00,0.000,0.000,0.00
1777915843,loop6,0.00,0.00,0.000,0.000,0.00
1777915843,loop7,0.00,0.00,0.000,0.000,0.00
1777915843,loop8,0.00,0.00,0.000,0.000,0.00
1777915843,loop9,0.00,0.00,0.000,0.000,0.00
1777915843,nvme0n1,0.00,0.00,0.000,0.000,0.00
1777915844,loop0,0.00,0.00,0.000,0.000,0.00
1777915844,loop1,0.00,0.00,0.000,0.000,0.00
1777915844,loop10,0.00,0.00,0.000,0.000,0.00
1777915844,loop11,0.00,0.00,0.000,0.000,0.00
1777915844,loop12,0.00,0.00,0.000,0.000,0.00
1777915844,loop13,0.00,0.00,0.000,0.000,0.00
1777915844,loop14,0.00,0.00,0.000,0.000,0.00
1777915844,loop15,0.00,0.00,0.000,0.000,0.00
1777915844,loop16,0.00,0.00,0.000,0.000,0.00
1777915844,loop17,0.00,0.00,0.000,0.000,0.00
1777915844,loop18,0.00,0.00,0.000,0.000,0.00
1777915844,loop19,0.00,0.00,0.000,0.000,0.00
1777915844,loop2,0.00,0.00,0.000,0.000,0.00
1777915844,loop20,0.00,0.00,0.000,0.000,0.00
1777915844,loop21,0.00,0.00,0.000,0.000,0.00
1777915844,loop22,0.00,0.00,0.000,0.000,0.00
1777915844,loop23,0.00,0.00,0.000,0.000,0.00
1777915844,loop24,0.00,0.00,0.000,0.000,0.00
1777915844,loop25,0.00,0.00,0.000,0.000,0.00
1777915844,loop26,0.00,0.00,0.000,0.000,0.00
1777915844,loop27,0.00,0.00,0.000,0.000,0.00
1777915844,loop28,0.00,0.00,0.000,0.000,0.00
1777915844,loop29,0.00,0.00,0.000,0.000,0.00
1777915844,loop3,0.00,0.00,0.000,0.000,0.00
1777915844,loop30,0.00,0.00,0.000,0.000,0.00
1777915844,loop31,0.00,0.00,0.000,0.000,0.00
1777915844,loop32,0.00,0.00,0.000,0.000,0.00
1777915844,loop33,0.00,0.00,0.000,0.000,0.00
1777915844,loop34,0.00,0.00,0.000,0.000,0.00
1777915844,loop35,0.00,0.00,0.000,0.000,0.00
1777915844,loop36,0.00,0.00,0.000,0.000,0.00
1777915844,loop37,0.00,0.00,0.000,0.000,0.00
1777915844,loop38,0.00,0.00,0.000,0.000,0.00
1777915844,loop39,0.00,0.00,0.000,0.000,0.00
1777915844,loop4,0.00,0.00,0.000,0.000,0.00
1777915844,loop40,0.00,0.00,0.000,0.000,0.00
1777915844,loop5,0.00,0.00,0.000,0.000,0.00
1777915844,loop6,0.00,0.00,0.000,0.000,0.00
1777915844,loop7,0.00,0.00,0.000,0.000,0.00
1777915844,loop8,0.00,0.00,0.000,0.000,0.00
1777915844,loop9,0.00,0.00,0.000,0.000,0.00
1777915844,nvme0n1,7.00,800.00,0.000,0.000,5.50
1777915845,loop0,0.00,0.00,0.000,0.000,0.00
1777915845,loop1,0.00,0.00,0.000,0.000,0.00
1777915845,loop10,0.00,0.00,0.000,0.000,0.00
1777915845,loop11,0.00,0.00,0.000,0.000,0.00
1777915845,loop12,0.00,0.00,0.000,0.000,0.00
1777915845,loop13,0.00,0.00,0.000,0.000,0.00
1777915845,loop14,0.00,0.00,0.000,0.000,0.00
1777915845,loop15,0.00,0.00,0.000,0.000,0.00
1777915845,loop16,0.00,0.00,0.000,0.000,0.00
1777915845,loop17,0.00,0.00,0.000,0.000,0.00
1777915845,loop18,0.00,0.00,0.000,0.000,0.00
1777915845,loop19,0.00,0.00,0.000,0.000,0.00
1777915845,loop2,0.00,0.00,0.000,0.000,0.00
1777915845,loop20,0.00,0.00,0.000,0.000,0.00
1777915845,loop21,0.00,0.00,0.000,0.000,0.00
1777915845,loop22,0.00,0.00,0.000,0.000,0.00
1777915845,loop23,0.00,0.00,0.000,0.000,0.00
1777915845,loop24,0.00,0.00,0.000,0.000,0.00
1777915845,loop25,0.00,0.00,0.000,0.000,0.00
1777915845,loop26,0.00,0.00,0.000,0.000,0.00
1777915845,loop27,0.00,0.00,0.000,0.000,0.00
1777915845,loop28,0.00,0.00,0.000,0.000,0.00
1777915845,loop29,0.00,0.00,0.000,0.000,0.00
1777915845,loop3,0.00,0.00,0.000,0.000,0.00
1777915845,loop30,0.00,0.00,0.000,0.000,0.00
1777915845,loop31,0.00,0.00,0.000,0.000,0.00
1777915845,loop32,0.00,0.00,0.000,0.000,0.00
1777915845,loop33,0.00,0.00,0.000,0.000,0.00
1777915845,loop34,0.00,0.00,0.000,0.000,0.00
1777915845,loop35,0.00,0.00,0.000,0.000,0.00
1777915845,loop36,0.00,0.00,0.000,0.000,0.00
1777915845,loop37,0.00,0.00,0.000,0.000,0.00
1777915845,loop38,0.00,0.00,0.000,0.000,0.00
1777915845,loop39,0.00,0.00,0.000,0.000,0.00
1777915845,loop4,0.00,0.00,0.000,0.000,0.00
1777915845,loop40,0.00,0.00,0.000,0.000,0.00
1777915845,loop5,0.00,0.00,0.000,0.000,0.00
1777915845,loop6,0.00,0.00,0.000,0.000,0.00
1777915845,loop7,0.00,0.00,0.000,0.000,0.00
1777915845,loop8,0.00,0.00,0.000,0.000,0.00
1777915845,loop9,0.00,0.00,0.000,0.000,0.00
1777915845,nvme0n1,0.00,0.00,0.000,0.000,0.50
1777915846,loop0,0.00,0.00,0.000,0.000,0.00
1777915846,loop1,0.00,0.00,0.000,0.000,0.00
1777915846,loop10,0.00,0.00,0.000,0.000,0.00
1777915846,loop11,0.00,0.00,0.000,0.000,0.00
1777915846,loop12,0.00,0.00,0.000,0.000,0.00
1777915846,loop13,0.00,0.00,0.000,0.000,0.00
1777915846,loop14,0.00,0.00,0.000,0.000,0.00
1777915846,loop15,0.00,0.00,0.000,0.000,0.00
1777915846,loop16,0.00,0.00,0.000,0.000,0.00
1777915846,loop17,0.00,0.00,0.000,0.000,0.00
1777915846,loop18,0.00,0.00,0.000,0.000,0.00
1777915846,loop19,0.00,0.00,0.000,0.000,0.00
1777915846,loop2,0.00,0.00,0.000,0.000,0.00
1777915846,loop20,0.00,0.00,0.000,0.000,0.00
1777915846,loop21,0.00,0.00,0.000,0.000,0.00
1777915846,loop22,0.00,0.00,0.000,0.000,0.00
1777915846,loop23,0.00,0.00,0.000,0.000,0.00
1777915846,loop24,0.00,0.00,0.000,0.000,0.00
1777915846,loop25,0.00,0.00,0.000,0.000,0.00
1777915846,loop26,0.00,0.00,0.000,0.000,0.00
1777915846,loop27,0.00,0.00,0.000,0.000,0.00
1777915846,loop28,0.00,0.00,0.000,0.000,0.00
1777915846,loop29,0.00,0.00,0.000,0.000,0.00
1777915846,loop3,0.00,0.00,0.000,0.000,0.00
1777915846,loop30,0.00,0.00,0.000,0.000,0.00
1777915846,loop31,0.00,0.00,0.000,0.000,0.00
1777915846,loop32,0.00,0.00,0.000,0.000,0.00
1777915846,loop33,0.00,0.00,0.000,0.000,0.00
1777915846,loop34,0.00,0.00,0.000,0.000,0.00
1777915846,loop35,0.00,0.00,0.000,0.000,0.00
1777915846,loop36,0.00,0.00,0.000,0.000,0.00
1777915846,loop37,0.00,0.00,0.000,0.000,0.00
1777915846,loop38,0.00,0.00,0.000,0.000,0.00
1777915846,loop39,0.00,0.00,0.000,0.000,0.00
1777915846,loop4,0.00,0.00,0.000,0.000,0.00
1777915846,loop40,0.00,0.00,0.000,0.000,0.00
1777915846,loop5,0.00,0.00,0.000,0.000,0.00
1777915846,loop6,0.00,0.00,0.000,0.000,0.00
1777915846,loop7,0.00,0.00,0.000,0.000,0.00
1777915846,loop8,0.00,0.00,0.000,0.000,0.00
1777915846,loop9,0.00,0.00,0.000,0.000,0.00
1777915846,nvme0n1,0.00,0.00,0.000,0.000,0.50
1777915847,loop0,0.00,0.00,0.000,0.000,0.00
1777915847,loop1,0.00,0.00,0.000,0.000,0.00
1777915847,loop10,0.00,0.00,0.000,0.000,0.00
1777915847,loop11,0.00,0.00,0.000,0.000,0.00
1777915847,loop12,0.00,0.00,0.000,0.000,0.00
1777915847,loop13,0.00,0.00,0.000,0.000,0.00
1777915847,loop14,0.00,0.00,0.000,0.000,0.00
1777915847,loop15,0.00,0.00,0.000,0.000,0.00
1777915847,loop16,0.00,0.00,0.000,0.000,0.00
1777915847,loop17,0.00,0.00,0.000,0.000,0.00
1777915847,loop18,0.00,0.00,0.000,0.000,0.00
1777915847,loop19,0.00,0.00,0.000,0.000,0.00
1777915847,loop2,0.00,0.00,0.000,0.000,0.00
1777915847,loop20,0.00,0.00,0.000,0.000,0.00
1777915847,loop21,0.00,0.00,0.000,0.000,0.00
1777915847,loop22,0.00,0.00,0.000,0.000,0.00
1777915847,loop23,0.00,0.00,0.000,0.000,0.00
1777915847,loop24,0.00,0.00,0.000,0.000,0.00
1777915847,loop25,0.00,0.00,0.000,0.000,0.00
1777915847,loop26,0.00,0.00,0.000,0.000,0.00
1777915847,loop27,0.00,0.00,0.000,0.000,0.00
1777915847,loop28,0.00,0.00,0.000,0.000,0.00
1777915847,loop29,0.00,0.00,0.000,0.000,0.00
1777915847,loop3,0.00,0.00,0.000,0.000,0.00
1777915847,loop30,0.00,0.00,0.000,0.000,0.00
1777915847,loop31,0.00,0.00,0.000,0.000,0.00
1777915847,loop32,0.00,0.00,0.000,0.000,0.00
1777915847,loop33,0.00,0.00,0.000,0.000,0.00
1777915847,loop34,0.00,0.00,0.000,0.000,0.00
1777915847,loop35,0.00,0.00,0.000,0.000,0.00
1777915847,loop36,0.00,0.00,0.000,0.000,0.00
1777915847,loop37,0.00,0.00,0.000,0.000,0.00
1777915847,loop38,0.00,0.00,0.000,0.000,0.00
1777915847,loop39,0.00,0.00,0.000,0.000,0.00
1777915847,loop4,0.00,0.00,0.000,0.000,0.00
1777915847,loop40,0.00,0.00,0.000,0.000,0.00
1777915847,loop5,0.00,0.00,0.000,0.000,0.00
1777915847,loop6,0.00,0.00,0.000,0.000,0.00
1777915847,loop7,0.00,0.00,0.000,0.000,0.00
1777915847,loop8,0.00,0.00,0.000,0.000,0.00
1777915847,loop9,0.00,0.00,0.000,0.000,0.00
1777915847,nvme0n1,0.00,0.00,0.000,0.000,0.00
1777915848,loop0,0.00,0.00,0.000,0.000,0.00
1777915848,loop1,0.00,0.00,0.000,0.000,0.00
1777915848,loop10,0.00,0.00,0.000,0.000,0.00
1777915848,loop11,0.00,0.00,0.000,0.000,0.00
1777915848,loop12,0.00,0.00,0.000,0.000,0.00
1777915848,loop13,0.00,0.00,0.000,0.000,0.00
1777915848,loop14,0.00,0.00,0.000,0.000,0.00
1777915848,loop15,0.00,0.00,0.000,0.000,0.00
1777915848,loop16,0.00,0.00,0.000,0.000,0.00
1777915848,loop17,0.00,0.00,0.000,0.000,0.00
1777915848,loop18,0.00,0.00,0.000,0.000,0.00
1777915848,loop19,0.00,0.00,0.000,0.000,0.00
1777915848,loop2,0.00,0.00,0.000,0.000,0.00
1777915848,loop20,0.00,0.00,0.000,0.000,0.00
1777915848,loop21,0.00,0.00,0.000,0.000,0.00
1777915848,loop22,0.00,0.00,0.000,0.000,0.00
1777915848,loop23,0.00,0.00,0.000,0.000,0.00
1777915848,loop24,0.00,0.00,0.000,0.000,0.00
1777915848,loop25,0.00,0.00,0.000,0.000,0.00
1777915848,loop26,0.00,0.00,0.000,0.000,0.00
1777915848,loop27,0.00,0.00,0.000,0.000,0.00
1777915848,loop28,0.00,0.00,0.000,0.000,0.00
1777915848,loop29,0.00,0.00,0.000,0.000,0.00
1777915848,loop3,0.00,0.00,0.000,0.000,0.00
1777915848,loop30,0.00,0.00,0.000,0.000,0.00
1777915848,loop31,0.00,0.00,0.000,0.000,0.00
1777915848,loop32,0.00,0.00,0.000,0.000,0.00
1777915848,loop33,0.00,0.00,0.000,0.000,0.00
1777915848,loop34,0.00,0.00,0.000,0.000,0.00
1777915848,loop35,0.00,0.00,0.000,0.000,0.00
1777915848,loop36,0.00,0.00,0.000,0.000,0.00
1777915848,loop37,0.00,0.00,0.000,0.000,0.00
1777915848,loop38,0.00,0.00,0.000,0.000,0.00
1777915848,loop39,0.00,0.00,0.000,0.000,0.00
1777915848,loop4,0.00,0.00,0.000,0.000,0.00
1777915848,loop40,0.00,0.00,0.000,0.000,0.00
1777915848,loop5,0.00,0.00,0.000,0.000,0.00
1777915848,loop6,0.00,0.00,0.000,0.000,0.00
1777915848,loop7,0.00,0.00,0.000,0.000,0.00
1777915848,loop8,0.00,0.00,0.000,0.000,0.00
1777915848,loop9,0.00,0.00,0.000,0.000,0.00
1777915848,nvme0n1,0.00,0.00,0.000,0.000,0.00
1777915849,loop0,0.00,0.00,0.000,0.000,0.00
1777915849,loop1,0.00,0.00,0.000,0.000,0.00
1777915849,loop10,0.00,0.00,0.000,0.000,0.00
1777915849,loop11,0.00,0.00,0.000,0.000,0.00
1777915849,loop12,0.00,0.00,0.000,0.000,0.00
1777915849,loop13,0.00,0.00,0.000,0.000,0.00
1777915849,loop14,0.00,0.00,0.000,0.000,0.00
1777915849,loop15,0.00,0.00,0.000,0.000,0.00
1777915849,loop16,0.00,0.00,0.000,0.000,0.00
1777915849,loop17,0.00,0.00,0.000,0.000,0.00
1777915849,loop18,0.00,0.00,0.000,0.000,0.00
1777915849,loop19,0.00,0.00,0.000,0.000,0.00
1777915849,loop2,0.00,0.00,0.000,0.000,0.00
1777915849,loop20,0.00,0.00,0.000,0.000,0.00
1777915849,loop21,0.00,0.00,0.000,0.000,0.00
1777915849,loop22,0.00,0.00,0.000,0.000,0.00
1777915849,loop23,0.00,0.00,0.000,0.000,0.00
1777915849,loop24,0.00,0.00,0.000,0.000,0.00
1777915849,loop25,0.00,0.00,0.000,0.000,0.00
1777915849,loop26,0.00,0.00,0.000,0.000,0.00
1777915849,loop27,0.00,0.00,0.000,0.000,0.00
1777915849,loop28,0.00,0.00,0.000,0.000,0.00
1777915849,loop29,0.00,0.00,0.000,0.000,0.00
1777915849,loop3,0.00,0.00,0.000,0.000,0.00
1777915849,loop30,0.00,0.00,0.000,0.000,0.00
1777915849,loop31,0.00,0.00,0.000,0.000,0.00
1777915849,loop32,0.00,0.00,0.000,0.000,0.00
1777915849,loop33,0.00,0.00,0.000,0.000,0.00
1777915849,loop34,0.00,0.00,0.000,0.000,0.00
1777915849,loop35,0.00,0.00,0.000,0.000,0.00
1777915849,loop36,0.00,0.00,0.000,0.000,0.00
1777915849,loop37,0.00,0.00,0.000,0.000,0.00
1777915849,loop38,0.00,0.00,0.000,0.000,0.00
1777915849,loop39,0.00,0.00,0.000,0.000,0.00
1777915849,loop4,0.00,0.00,0.000,0.000,0.00
1777915849,loop40,0.00,0.00,0.000,0.000,0.00
1777915849,loop5,0.00,0.00,0.000,0.000,0.00
1777915849,loop6,0.00,0.00,0.000,0.000,0.00
1777915849,loop7,0.00,0.00,0.000,0.000,0.00
1777915849,loop8,0.00,0.00,0.000,0.000,0.00
1777915849,loop9,0.00,0.00,0.000,0.000,0.00
1777915849,nvme0n1,0.00,0.00,0.000,0.000,6.60
1777915850,loop0,0.00,0.00,0.000,0.000,0.00
1777915850,loop1,0.00,0.00,0.000,0.000,0.00
1777915850,loop10,0.00,0.00,0.000,0.000,0.00
1777915850,loop11,0.00,0.00,0.000,0.000,0.00
1777915850,loop12,0.00,0.00,0.000,0.000,0.00
1777915850,loop13,0.00,0.00,0.000,0.000,0.00
1777915850,loop14,0.00,0.00,0.000,0.000,0.00
1777915850,loop15,0.00,0.00,0.000,0.000,0.00
1777915850,loop16,0.00,0.00,0.000,0.000,0.00
1777915850,loop17,0.00,0.00,0.000,0.000,0.00
1777915850,loop18,0.00,0.00,0.000,0.000,0.00
1777915850,loop19,0.00,0.00,0.000,0.000,0.00
1777915850,loop2,0.00,0.00,0.000,0.000,0.00
1777915850,loop20,0.00,0.00,0.000,0.000,0.00
1777915850,loop21,0.00,0.00,0.000,0.000,0.00
1777915850,loop22,0.00,0.00,0.000,0.000,0.00
1777915850,loop23,0.00,0.00,0.000,0.000,0.00
1777915850,loop24,0.00,0.00,0.000,0.000,0.00
1777915850,loop25,0.00,0.00,0.000,0.000,0.00
1777915850,loop26,0.00,0.00,0.000,0.000,0.00
1777915850,loop27,0.00,0.00,0.000,0.000,0.00
1777915850,loop28,0.00,0.00,0.000,0.000,0.00
1777915850,loop29,0.00,0.00,0.000,0.000,0.00
1777915850,loop3,0.00,0.00,0.000,0.000,0.00
1777915850,loop30,0.00,0.00,0.000,0.000,0.00
1777915850,loop31,0.00,0.00,0.000,0.000,0.00
1777915850,loop32,0.00,0.00,0.000,0.000,0.00
1777915850,loop33,0.00,0.00,0.000,0.000,0.00
1777915850,loop34,0.00,0.00,0.000,0.000,0.00
1777915850,loop35,0.00,0.00,0.000,0.000,0.00
1777915850,loop36,0.00,0.00,0.000,0.000,0.00
1777915850,loop37,0.00,0.00,0.000,0.000,0.00
1777915850,loop38,0.00,0.00,0.000,0.000,0.00
1777915850,loop39,0.00,0.00,0.000,0.000,0.00
1777915850,loop4,0.00,0.00,0.000,0.000,0.00
1777915850,loop40,0.00,0.00,0.000,0.000,0.00
1777915850,loop5,0.00,0.00,0.000,0.000,0.00
1777915850,loop6,0.00,0.00,0.000,0.000,0.00
1777915850,loop7,0.00,0.00,0.000,0.000,0.00
1777915850,loop8,0.00,0.00,0.000,0.000,0.00
1777915850,loop9,0.00,0.00,0.000,0.000,0.00
1777915850,nvme0n1,0.00,0.00,0.000,0.000,0.00
1777915851,loop0,0.00,0.00,0.000,0.000,0.00
1777915851,loop1,0.00,0.00,0.000,0.000,0.00
1777915851,loop10,0.00,0.00,0.000,0.000,0.00
1777915851,loop11,0.00,0.00,0.000,0.000,0.00
1777915851,loop12,0.00,0.00,0.000,0.000,0.00
1777915851,loop13,0.00,0.00,0.000,0.000,0.00
1777915851,loop14,0.00,0.00,0.000,0.000,0.00
1777915851,loop15,0.00,0.00,0.000,0.000,0.00
1777915851,loop16,0.00,0.00,0.000,0.000,0.00
1777915851,loop17,0.00,0.00,0.000,0.000,0.00
1777915851,loop18,0.00,0.00,0.000,0.000,0.00
1777915851,loop19,0.00,0.00,0.000,0.000,0.00
1777915851,loop2,0.00,0.00,0.000,0.000,0.00
1777915851,loop20,0.00,0.00,0.000,0.000,0.00
1777915851,loop21,0.00,0.00,0.000,0.000,0.00
1777915851,loop22,0.00,0.00,0.000,0.000,0.00
1777915851,loop23,0.00,0.00,0.000,0.000,0.00
1777915851,loop24,0.00,0.00,0.000,0.000,0.00
1777915851,loop25,0.00,0.00,0.000,0.000,0.00
1777915851,loop26,0.00,0.00,0.000,0.000,0.00
1777915851,loop27,0.00,0.00,0.000,0.000,0.00
1777915851,loop28,0.00,0.00,0.000,0.000,0.00
1777915851,loop29,0.00,0.00,0.000,0.000,0.00
1777915851,loop3,0.00,0.00,0.000,0.000,0.00
1777915851,loop30,0.00,0.00,0.000,0.000,0.00
1777915851,loop31,0.00,0.00,0.000,0.000,0.00
1777915851,loop32,0.00,0.00,0.000,0.000,0.00
1777915851,loop33,0.00,0.00,0.000,0.000,0.00
1777915851,loop34,0.00,0.00,0.000,0.000,0.00
1777915851,loop35,0.00,0.00,0.000,0.000,0.00
1777915851,loop36,0.00,0.00,0.000,0.000,0.00
1777915851,loop37,0.00,0.00,0.000,0.000,0.00
1777915851,loop38,0.00,0.00,0.000,0.000,0.00
1777915851,loop39,0.00,0.00,0.000,0.000,0.00
1777915851,loop4,0.00,0.00,0.000,0.000,0.00
1777915851,loop40,0.00,0.00,0.000,0.000,0.00
1777915851,loop5,0.00,0.00,0.000,0.000,0.00
1777915851,loop6,0.00,0.00,0.000,0.000,0.00
1777915851,loop7,0.00,0.00,0.000,0.000,0.00
1777915851,loop8,0.00,0.00,0.000,0.000,0.00
1777915851,loop9,0.00,0.00,0.000,0.000,0.00
1777915851,nvme0n1,0.00,0.00,0.000,0.000,2.00
1777915852,loop0,0.00,0.00,0.000,0.000,0.00
1777915852,loop1,0.00,0.00,0.000,0.000,0.00
1777915852,loop10,0.00,0.00,0.000,0.000,0.00
1777915852,loop11,0.00,0.00,0.000,0.000,0.00
1777915852,loop12,0.00,0.00,0.000,0.000,0.00
1777915852,loop13,0.00,0.00,0.000,0.000,0.00
1777915852,loop14,0.00,0.00,0.000,0.000,0.00
1777915852,loop15,0.00,0.00,0.000,0.000,0.00
1777915852,loop16,0.00,0.00,0.000,0.000,0.00
1777915852,loop17,0.00,0.00,0.000,0.000,0.00
1777915852,loop18,0.00,0.00,0.000,0.000,0.00
1777915852,loop19,0.00,0.00,0.000,0.000,0.00
1777915852,loop2,0.00,0.00,0.000,0.000,0.00
1777915852,loop20,0.00,0.00,0.000,0.000,0.00
1777915852,loop21,0.00,0.00,0.000,0.000,0.00
1777915852,loop22,0.00,0.00,0.000,0.000,0.00
1777915852,loop23,0.00,0.00,0.000,0.000,0.00
1777915852,loop24,0.00,0.00,0.000,0.000,0.00
1777915852,loop25,0.00,0.00,0.000,0.000,0.00
1777915852,loop26,0.00,0.00,0.000,0.000,0.00
1777915852,loop27,0.00,0.00,0.000,0.000,0.00
1777915852,loop28,0.00,0.00,0.000,0.000,0.00
1777915852,loop29,0.00,0.00,0.000,0.000,0.00
1777915852,loop3,0.00,0.00,0.000,0.000,0.00
1777915852,loop30,0.00,0.00,0.000,0.000,0.00
1777915852,loop31,0.00,0.00,0.000,0.000,0.00
1777915852,loop32,0.00,0.00,0.000,0.000,0.00
1777915852,loop33,0.00,0.00,0.000,0.000,0.00
1777915852,loop34,0.00,0.00,0.000,0.000,0.00
1777915852,loop35,0.00,0.00,0.000,0.000,0.00
1777915852,loop36,0.00,0.00,0.000,0.000,0.00
1777915852,loop37,0.00,0.00,0.000,0.000,0.00
1777915852,loop38,0.00,0.00,0.000,0.000,0.00
1777915852,loop39,0.00,0.00,0.000,0.000,0.00
1777915852,loop4,0.00,0.00,0.000,0.000,0.00
1777915852,loop40,0.00,0.00,0.000,0.000,0.00
1777915852,loop5,0.00,0.00,0.000,0.000,0.00
1777915852,loop6,0.00,0.00,0.000,0.000,0.00
1777915852,loop7,0.00,0.00,0.000,0.000,0.00
1777915852,loop8,0.00,0.00,0.000,0.000,0.00
1777915852,loop9,0.00,0.00,0.000,0.000,0.00
1777915852,nvme0n1,0.00,0.00,0.000,0.000,0.10
1777915853,loop0,0.00,0.00,0.000,0.000,0.00
1777915853,loop1,0.00,0.00,0.000,0.000,0.00
1777915853,loop10,0.00,0.00,0.000,0.000,0.00
1777915853,loop11,0.00,0.00,0.000,0.000,0.00
1777915853,loop12,0.00,0.00,0.000,0.000,0.00
1777915853,loop13,0.00,0.00,0.000,0.000,0.00
1777915853,loop14,0.00,0.00,0.000,0.000,0.00
1777915853,loop15,0.00,0.00,0.000,0.000,0.00
1777915853,loop16,0.00,0.00,0.000,0.000,0.00
1777915853,loop17,0.00,0.00,0.000,0.000,0.00
1777915853,loop18,0.00,0.00,0.000,0.000,0.00
1777915853,loop19,0.00,0.00,0.000,0.000,0.00
1777915853,loop2,0.00,0.00,0.000,0.000,0.00
1777915853,loop20,0.00,0.00,0.000,0.000,0.00
1777915853,loop21,0.00,0.00,0.000,0.000,0.00
1777915853,loop22,0.00,0.00,0.000,0.000,0.00
1777915853,loop23,0.00,0.00,0.000,0.000,0.00
1777915853,loop24,0.00,0.00,0.000,0.000,0.00
1777915853,loop25,0.00,0.00,0.000,0.000,0.00
1777915853,loop26,0.00,0.00,0.000,0.000,0.00
1777915853,loop27,0.00,0.00,0.000,0.000,0.00
1777915853,loop28,0.00,0.00,0.000,0.000,0.00
1777915853,loop29,0.00,0.00,0.000,0.000,0.00
1777915853,loop3,0.00,0.00,0.000,0.000,0.00
1777915853,loop30,0.00,0.00,0.000,0.000,0.00
1777915853,loop31,0.00,0.00,0.000,0.000,0.00
1777915853,loop32,0.00,0.00,0.000,0.000,0.00
1777915853,loop33,0.00,0.00,0.000,0.000,0.00
1777915853,loop34,0.00,0.00,0.000,0.000,0.00
1777915853,loop35,0.00,0.00,0.000,0.000,0.00
1777915853,loop36,0.00,0.00,0.000,0.000,0.00
1777915853,loop37,0.00,0.00,0.000,0.000,0.00
1777915853,loop38,0.00,0.00,0.000,0.000,0.00
1777915853,loop39,0.00,0.00,0.000,0.000,0.00
1777915853,loop4,0.00,0.00,0.000,0.000,0.00
1777915853,loop40,0.00,0.00,0.000,0.000,0.00
1777915853,loop5,0.00,0.00,0.000,0.000,0.00
1777915853,loop6,0.00,0.00,0.000,0.000,0.00
1777915853,loop7,0.00,0.00,0.000,0.000,0.00
1777915853,loop8,0.00,0.00,0.000,0.000,0.00
1777915853,loop9,0.00,0.00,0.000,0.000,0.00
1777915853,nvme0n1,1.00,4.00,0.000,0.000,0.00
1777915854,loop0,0.00,0.00,0.000,0.000,0.00
1777915854,loop1,0.00,0.00,0.000,0.000,0.00
1777915854,loop10,0.00,0.00,0.000,0.000,0.00
1777915854,loop11,0.00,0.00,0.000,0.000,0.00
1777915854,loop12,0.00,0.00,0.000,0.000,0.00
1777915854,loop13,0.00,0.00,0.000,0.000,0.00
1777915854,loop14,0.00,0.00,0.000,0.000,0.00
1777915854,loop15,0.00,0.00,0.000,0.000,0.00
1777915854,loop16,0.00,0.00,0.000,0.000,0.00
1777915854,loop17,0.00,0.00,0.000,0.000,0.00
1777915854,loop18,0.00,0.00,0.000,0.000,0.00
1777915854,loop19,0.00,0.00,0.000,0.000,0.00
1777915854,loop2,0.00,0.00,0.000,0.000,0.00
1777915854,loop20,0.00,0.00,0.000,0.000,0.00
1777915854,loop21,0.00,0.00,0.000,0.000,0.00
1777915854,loop22,0.00,0.00,0.000,0.000,0.00
1777915854,loop23,0.00,0.00,0.000,0.000,0.00
1777915854,loop24,0.00,0.00,0.000,0.000,0.00
1777915854,loop25,0.00,0.00,0.000,0.000,0.00
1777915854,loop26,0.00,0.00,0.000,0.000,0.00
1777915854,loop27,0.00,0.00,0.000,0.000,0.00
1777915854,loop28,0.00,0.00,0.000,0.000,0.00
1777915854,loop29,0.00,0.00,0.000,0.000,0.00
1777915854,loop3,0.00,0.00,0.000,0.000,0.00
1777915854,loop30,0.00,0.00,0.000,0.000,0.00
1777915854,loop31,0.00,0.00,0.000,0.000,0.00
1777915854,loop32,0.00,0.00,0.000,0.000,0.00
1777915854,loop33,0.00,0.00,0.000,0.000,0.00
1777915854,loop34,0.00,0.00,0.000,0.000,0.00
1777915854,loop35,0.00,0.00,0.000,0.000,0.00
1777915854,loop36,0.00,0.00,0.000,0.000,0.00
1777915854,loop37,0.00,0.00,0.000,0.000,0.00
1777915854,loop38,0.00,0.00,0.000,0.000,0.00
1777915854,loop39,0.00,0.00,0.000,0.000,0.00
1777915854,loop4,0.00,0.00,0.000,0.000,0.00
1777915854,loop40,0.00,0.00,0.000,0.000,0.00
1777915854,loop5,0.00,0.00,0.000,0.000,0.00
1777915854,loop6,0.00,0.00,0.000,0.000,0.00
1777915854,loop7,0.00,0.00,0.000,0.000,0.00
1777915854,loop8,0.00,0.00,0.000,0.000,0.00
1777915854,loop9,0.00,0.00,0.000,0.000,0.00
1777915854,nvme0n1,0.00,0.00,0.000,0.000,0.00
1777915855,loop0,0.00,0.00,0.000,0.000,0.00
1777915855,loop1,0.00,0.00,0.000,0.000,0.00
1777915855,loop10,0.00,0.00,0.000,0.000,0.00
1777915855,loop11,0.00,0.00,0.000,0.000,0.00
1777915855,loop12,0.00,0.00,0.000,0.000,0.00
1777915855,loop13,0.00,0.00,0.000,0.000,0.00
1777915855,loop14,0.00,0.00,0.000,0.000,0.00
1777915855,loop15,0.00,0.00,0.000,0.000,0.00
1777915855,loop16,0.00,0.00,0.000,0.000,0.00
1777915855,loop17,0.00,0.00,0.000,0.000,0.00
1777915855,loop18,0.00,0.00,0.000,0.000,0.00
1777915855,loop19,0.00,0.00,0.000,0.000,0.00
1777915855,loop2,0.00,0.00,0.000,0.000,0.00
1777915855,loop20,0.00,0.00,0.000,0.000,0.00
1777915855,loop21,0.00,0.00,0.000,0.000,0.00
1777915855,loop22,0.00,0.00,0.000,0.000,0.00
1777915855,loop23,0.00,0.00,0.000,0.000,0.00
1777915855,loop24,0.00,0.00,0.000,0.000,0.00
1777915855,loop25,0.00,0.00,0.000,0.000,0.00
1777915855,loop26,0.00,0.00,0.000,0.000,0.00
1777915855,loop27,0.00,0.00,0.000,0.000,0.00
1777915855,loop28,0.00,0.00,0.000,0.000,0.00
1777915855,loop29,0.00,0.00,0.000,0.000,0.00
1777915855,loop3,0.00,0.00,0.000,0.000,0.00
1777915855,loop30,0.00,0.00,0.000,0.000,0.00
1777915855,loop31,0.00,0.00,0.000,0.000,0.00
1777915855,loop32,0.00,0.00,0.000,0.000,0.00
1777915855,loop33,0.00,0.00,0.000,0.000,0.00
1777915855,loop34,0.00,0.00,0.000,0.000,0.00
1777915855,loop35,0.00,0.00,0.000,0.000,0.00
1777915855,loop36,0.00,0.00,0.000,0.000,0.00
1777915855,loop37,0.00,0.00,0.000,0.000,0.00
1777915855,loop38,0.00,0.00,0.000,0.000,0.00
1777915855,loop39,0.00,0.00,0.000,0.000,0.00
1777915855,loop4,0.00,0.00,0.000,0.000,0.00
1777915855,loop40,0.00,0.00,0.000,0.000,0.00
1777915855,loop5,0.00,0.00,0.000,0.000,0.00
1777915855,loop6,0.00,0.00,0.000,0.000,0.00
1777915855,loop7,0.00,0.00,0.000,0.000,0.00
1777915855,loop8,0.00,0.00,0.000,0.000,0.00
1777915855,loop9,0.00,0.00,0.000,0.000,0.00
1777915855,nvme0n1,0.00,0.00,0.000,0.000,0.40
1777915856,loop0,0.00,0.00,0.000,0.000,0.00
1777915856,loop1,0.00,0.00,0.000,0.000,0.00
1777915856,loop10,0.00,0.00,0.000,0.000,0.00
1777915856,loop11,0.00,0.00,0.000,0.000,0.00
1777915856,loop12,0.00,0.00,0.000,0.000,0.00
1777915856,loop13,0.00,0.00,0.000,0.000,0.00
1777915856,loop14,0.00,0.00,0.000,0.000,0.00
1777915856,loop15,0.00,0.00,0.000,0.000,0.00
1777915856,loop16,0.00,0.00,0.000,0.000,0.00
1777915856,loop17,0.00,0.00,0.000,0.000,0.00
1777915856,loop18,0.00,0.00,0.000,0.000,0.00
1777915856,loop19,0.00,0.00,0.000,0.000,0.00
1777915856,loop2,0.00,0.00,0.000,0.000,0.00
1777915856,loop20,0.00,0.00,0.000,0.000,0.00
1777915856,loop21,0.00,0.00,0.000,0.000,0.00
1777915856,loop22,0.00,0.00,0.000,0.000,0.00
1777915856,loop23,0.00,0.00,0.000,0.000,0.00
1777915856,loop24,0.00,0.00,0.000,0.000,0.00
1777915856,loop25,0.00,0.00,0.000,0.000,0.00
1777915856,loop26,0.00,0.00,0.000,0.000,0.00
1777915856,loop27,0.00,0.00,0.000,0.000,0.00
1777915856,loop28,0.00,0.00,0.000,0.000,0.00
1777915856,loop29,0.00,0.00,0.000,0.000,0.00
1777915856,loop3,0.00,0.00,0.000,0.000,0.00
1777915856,loop30,0.00,0.00,0.000,0.000,0.00
1777915856,loop31,0.00,0.00,0.000,0.000,0.00
1777915856,loop32,0.00,0.00,0.000,0.000,0.00
1777915856,loop33,0.00,0.00,0.000,0.000,0.00
1777915856,loop34,0.00,0.00,0.000,0.000,0.00
1777915856,loop35,0.00,0.00,0.000,0.000,0.00
1777915856,loop36,0.00,0.00,0.000,0.000,0.00
1777915856,loop37,0.00,0.00,0.000,0.000,0.00
1777915856,loop38,0.00,0.00,0.000,0.000,0.00
1777915856,loop39,0.00,0.00,0.000,0.000,0.00
1777915856,loop4,0.00,0.00,0.000,0.000,0.00
1777915856,loop40,0.00,0.00,0.000,0.000,0.00
1777915856,loop5,0.00,0.00,0.000,0.000,0.00
1777915856,loop6,0.00,0.00,0.000,0.000,0.00
1777915856,loop7,0.00,0.00,0.000,0.000,0.00
1777915856,loop8,0.00,0.00,0.000,0.000,0.00
1777915856,loop9,0.00,0.00,0.000,0.000,0.00
1777915856,nvme0n1,0.00,0.00,0.000,0.000,0.00
1777915857,loop0,0.00,0.00,0.000,0.000,0.00
1777915857,loop1,0.00,0.00,0.000,0.000,0.00
1777915857,loop10,0.00,0.00,0.000,0.000,0.00
1777915857,loop11,0.00,0.00,0.000,0.000,0.00
1777915857,loop12,0.00,0.00,0.000,0.000,0.00
1777915857,loop13,0.00,0.00,0.000,0.000,0.00
1777915857,loop14,0.00,0.00,0.000,0.000,0.00
1777915857,loop15,0.00,0.00,0.000,0.000,0.00
1777915857,loop16,0.00,0.00,0.000,0.000,0.00
1777915857,loop17,0.00,0.00,0.000,0.000,0.00
1777915857,loop18,0.00,0.00,0.000,0.000,0.00
1777915857,loop19,0.00,0.00,0.000,0.000,0.00
1777915857,loop2,0.00,0.00,0.000,0.000,0.00
1777915857,loop20,0.00,0.00,0.000,0.000,0.00
1777915857,loop21,0.00,0.00,0.000,0.000,0.00
1777915857,loop22,0.00,0.00,0.000,0.000,0.00
1777915857,loop23,0.00,0.00,0.000,0.000,0.00
1777915857,loop24,0.00,0.00,0.000,0.000,0.00
1777915857,loop25,0.00,0.00,0.000,0.000,0.00
1777915857,loop26,0.00,0.00,0.000,0.000,0.00
1777915857,loop27,0.00,0.00,0.000,0.000,0.00
1777915857,loop28,0.00,0.00,0.000,0.000,0.00
1777915857,loop29,0.00,0.00,0.000,0.000,0.00
1777915857,loop3,0.00,0.00,0.000,0.000,0.00
1777915857,loop30,0.00,0.00,0.000,0.000,0.00
1777915857,loop31,0.00,0.00,0.000,0.000,0.00
1777915857,loop32,0.00,0.00,0.000,0.000,0.00
1777915857,loop33,0.00,0.00,0.000,0.000,0.00
1777915857,loop34,0.00,0.00,0.000,0.000,0.00
1777915857,loop35,0.00,0.00,0.000,0.000,0.00
1777915857,loop36,0.00,0.00,0.000,0.000,0.00
1777915857,loop37,0.00,0.00,0.000,0.000,0.00
1777915857,loop38,0.00,0.00,0.000,0.000,0.00
1777915857,loop39,0.00,0.00,0.000,0.000,0.00
1777915857,loop4,0.00,0.00,0.000,0.000,0.00
1777915857,loop40,0.00,0.00,0.000,0.000,0.00
1777915857,loop5,0.00,0.00,0.000,0.000,0.00
1777915857,loop6,0.00,0.00,0.000,0.000,0.00
1777915857,loop7,0.00,0.00,0.000,0.000,0.00
1777915857,loop8,0.00,0.00,0.000,0.000,0.00
1777915857,loop9,0.00,0.00,0.000,0.000,0.00
1777915857,nvme0n1,0.00,0.00,0.000,0.000,0.00
1777915858,loop0,0.00,0.00,0.000,0.000,0.00
1777915858,loop1,0.00,0.00,0.000,0.000,0.00
1777915858,loop10,0.00,0.00,0.000,0.000,0.00
1777915858,loop11,0.00,0.00,0.000,0.000,0.00
1777915858,loop12,0.00,0.00,0.000,0.000,0.00
1777915858,loop13,0.00,0.00,0.000,0.000,0.00
1777915858,loop14,0.00,0.00,0.000,0.000,0.00
1777915858,loop15,0.00,0.00,0.000,0.000,0.00
1777915858,loop16,0.00,0.00,0.000,0.000,0.00
1777915858,loop17,0.00,0.00,0.000,0.000,0.00
1777915858,loop18,0.00,0.00,0.000,0.000,0.00
1777915858,loop19,0.00,0.00,0.000,0.000,0.00
1777915858,loop2,0.00,0.00,0.000,0.000,0.00
1777915858,loop20,0.00,0.00,0.000,0.000,0.00
1777915858,loop21,0.00,0.00,0.000,0.000,0.00
1777915858,loop22,0.00,0.00,0.000,0.000,0.00
1777915858,loop23,0.00,0.00,0.000,0.000,0.00
1777915858,loop24,0.00,0.00,0.000,0.000,0.00
1777915858,loop25,0.00,0.00,0.000,0.000,0.00
1777915858,loop26,0.00,0.00,0.000,0.000,0.00
1777915858,loop27,0.00,0.00,0.000,0.000,0.00
1777915858,loop28,0.00,0.00,0.000,0.000,0.00
1777915858,loop29,0.00,0.00,0.000,0.000,0.00
1777915858,loop3,0.00,0.00,0.000,0.000,0.00
1777915858,loop30,0.00,0.00,0.000,0.000,0.00
1777915858,loop31,0.00,0.00,0.000,0.000,0.00
1777915858,loop32,0.00,0.00,0.000,0.000,0.00
1777915858,loop33,0.00,0.00,0.000,0.000,0.00
1777915858,loop34,0.00,0.00,0.000,0.000,0.00
1777915858,loop35,0.00,0.00,0.000,0.000,0.00
1777915858,loop36,0.00,0.00,0.000,0.000,0.00
1777915858,loop37,0.00,0.00,0.000,0.000,0.00
1777915858,loop38,0.00,0.00,0.000,0.000,0.00
1777915858,loop39,0.00,0.00,0.000,0.000,0.00
1777915858,loop4,0.00,0.00,0.000,0.000,0.00
1777915858,loop40,0.00,0.00,0.000,0.000,0.00
1777915858,loop5,0.00,0.00,0.000,0.000,0.00
1777915858,loop6,0.00,0.00,0.000,0.000,0.00
1777915858,loop7,0.00,0.00,0.000,0.000,0.00
1777915858,loop8,0.00,0.00,0.000,0.000,0.00
1777915858,loop9,0.00,0.00,0.000,0.000,0.00
1777915858,nvme0n1,0.00,0.00,0.000,0.000,0.00
1777915859,loop0,0.00,0.00,0.000,0.000,0.00
1777915859,loop1,0.00,0.00,0.000,0.000,0.00
1777915859,loop10,0.00,0.00,0.000,0.000,0.00
1777915859,loop11,0.00,0.00,0.000,0.000,0.00
1777915859,loop12,0.00,0.00,0.000,0.000,0.00
1777915859,loop13,0.00,0.00,0.000,0.000,0.00
1777915859,loop14,0.00,0.00,0.000,0.000,0.00
1777915859,loop15,0.00,0.00,0.000,0.000,0.00
1777915859,loop16,0.00,0.00,0.000,0.000,0.00
1777915859,loop17,0.00,0.00,0.000,0.000,0.00
1777915859,loop18,0.00,0.00,0.000,0.000,0.00
1777915859,loop19,0.00,0.00,0.000,0.000,0.00
1777915859,loop2,0.00,0.00,0.000,0.000,0.00
1777915859,loop20,0.00,0.00,0.000,0.000,0.00
1777915859,loop21,0.00,0.00,0.000,0.000,0.00
1777915859,loop22,0.00,0.00,0.000,0.000,0.00
1777915859,loop23,0.00,0.00,0.000,0.000,0.00
1777915859,loop24,0.00,0.00,0.000,0.000,0.00
1777915859,loop25,0.00,0.00,0.000,0.000,0.00
1777915859,loop26,0.00,0.00,0.000,0.000,0.00
1777915859,loop27,0.00,0.00,0.000,0.000,0.00
1777915859,loop28,0.00,0.00,0.000,0.000,0.00
1777915859,loop29,0.00,0.00,0.000,0.000,0.00
1777915859,loop3,0.00,0.00,0.000,0.000,0.00
1777915859,loop30,0.00,0.00,0.000,0.000,0.00
1777915859,loop31,0.00,0.00,0.000,0.000,0.00
1777915859,loop32,0.00,0.00,0.000,0.000,0.00
1777915859,loop33,0.00,0.00,0.000,0.000,0.00
1777915859,loop34,0.00,0.00,0.000,0.000,0.00
1777915859,loop35,0.00,0.00,0.000,0.000,0.00
1777915859,loop36,0.00,0.00,0.000,0.000,0.00
1777915859,loop37,0.00,0.00,0.000,0.000,0.00
1777915859,loop38,0.00,0.00,0.000,0.000,0.00
1777915859,loop39,0.00,0.00,0.000,0.000,0.00
1777915859,loop4,0.00,0.00,0.000,0.000,0.00
1777915859,loop40,0.00,0.00,0.000,0.000,0.00
1777915859,loop5,0.00,0.00,0.000,0.000,0.00
1777915859,loop6,0.00,0.00,0.000,0.000,0.00
1777915859,loop7,0.00,0.00,0.000,0.000,0.00
1777915859,loop8,0.00,0.00,0.000,0.000,0.00
1777915859,loop9,0.00,0.00,0.000,0.000,0.00
1777915859,nvme0n1,0.00,0.00,0.000,0.000,0.00
1777915860,loop0,0.00,0.00,0.000,0.000,0.00
1777915860,loop1,0.00,0.00,0.000,0.000,0.00
1777915860,loop10,0.00,0.00,0.000,0.000,0.00
1777915860,loop11,0.00,0.00,0.000,0.000,0.00
1777915860,loop12,0.00,0.00,0.000,0.000,0.00
1777915860,loop13,0.00,0.00,0.000,0.000,0.00
1777915860,loop14,0.00,0.00,0.000,0.000,0.00
1777915860,loop15,0.00,0.00,0.000,0.000,0.00
1777915860,loop16,0.00,0.00,0.000,0.000,0.00
1777915860,loop17,0.00,0.00,0.000,0.000,0.00
1777915860,loop18,0.00,0.00,0.000,0.000,0.00
1777915860,loop19,0.00,0.00,0.000,0.000,0.00
1777915860,loop2,0.00,0.00,0.000,0.000,0.00
1777915860,loop20,0.00,0.00,0.000,0.000,0.00
1777915860,loop21,0.00,0.00,0.000,0.000,0.00
1777915860,loop22,0.00,0.00,0.000,0.000,0.00
1777915860,loop23,0.00,0.00,0.000,0.000,0.00
1777915860,loop24,0.00,0.00,0.000,0.000,0.00
1777915860,loop25,0.00,0.00,0.000,0.000,0.00
1777915860,loop26,0.00,0.00,0.000,0.000,0.00
1777915860,loop27,0.00,0.00,0.000,0.000,0.00
1777915860,loop28,0.00,0.00,0.000,0.000,0.00
1777915860,loop29,0.00,0.00,0.000,0.000,0.00
1777915860,loop3,0.00,0.00,0.000,0.000,0.00
1777915860,loop30,0.00,0.00,0.000,0.000,0.00
1777915860,loop31,0.00,0.00,0.000,0.000,0.00
1777915860,loop32,0.00,0.00,0.000,0.000,0.00
1777915860,loop33,0.00,0.00,0.000,0.000,0.00
1777915860,loop34,0.00,0.00,0.000,0.000,0.00
1777915860,loop35,0.00,0.00,0.000,0.000,0.00
1777915860,loop36,0.00,0.00,0.000,0.000,0.00
1777915860,loop37,0.00,0.00,0.000,0.000,0.00
1777915860,loop38,0.00,0.00,0.000,0.000,0.00
1777915860,loop39,0.00,0.00,0.000,0.000,0.00
1777915860,loop4,0.00,0.00,0.000,0.000,0.00
1777915860,loop40,0.00,0.00,0.000,0.000,0.00
1777915860,loop5,0.00,0.00,0.000,0.000,0.00
1777915860,loop6,0.00,0.00,0.000,0.000,0.00
1777915860,loop7,0.00,0.00,0.000,0.000,0.00
1777915860,loop8,0.00,0.00,0.000,0.000,0.00
1777915860,loop9,0.00,0.00,0.000,0.000,0.00
1777915860,nvme0n1,0.00,0.00,0.000,0.000,0.00
1777915861,loop0,0.00,0.00,0.000,0.000,0.00
1777915861,loop1,0.00,0.00,0.000,0.000,0.00
1777915861,loop10,0.00,0.00,0.000,0.000,0.00
1777915861,loop11,0.00,0.00,0.000,0.000,0.00
1777915861,loop12,0.00,0.00,0.000,0.000,0.00
1777915861,loop13,0.00,0.00,0.000,0.000,0.00
1777915861,loop14,0.00,0.00,0.000,0.000,0.00
1777915861,loop15,0.00,0.00,0.000,0.000,0.00
1777915861,loop16,0.00,0.00,0.000,0.000,0.00
1777915861,loop17,0.00,0.00,0.000,0.000,0.00
1777915861,loop18,0.00,0.00,0.000,0.000,0.00
1777915861,loop19,0.00,0.00,0.000,0.000,0.00
1777915861,loop2,0.00,0.00,0.000,0.000,0.00
1777915861,loop20,0.00,0.00,0.000,0.000,0.00
1777915861,loop21,0.00,0.00,0.000,0.000,0.00
1777915861,loop22,0.00,0.00,0.000,0.000,0.00
1777915861,loop23,0.00,0.00,0.000,0.000,0.00
1777915861,loop24,0.00,0.00,0.000,0.000,0.00
1777915861,loop25,0.00,0.00,0.000,0.000,0.00
1777915861,loop26,0.00,0.00,0.000,0.000,0.00
1777915861,loop27,0.00,0.00,0.000,0.000,0.00
1777915861,loop28,0.00,0.00,0.000,0.000,0.00
1777915861,loop29,0.00,0.00,0.000,0.000,0.00
1777915861,loop3,0.00,0.00,0.000,0.000,0.00
1777915861,loop30,0.00,0.00,0.000,0.000,0.00
1777915861,loop31,0.00,0.00,0.000,0.000,0.00
1777915861,loop32,0.00,0.00,0.000,0.000,0.00
1777915861,loop33,0.00,0.00,0.000,0.000,0.00
1777915861,loop34,0.00,0.00,0.000,0.000,0.00
1777915861,loop35,0.00,0.00,0.000,0.000,0.00
1777915861,loop36,0.00,0.00,0.000,0.000,0.00
1777915861,loop37,0.00,0.00,0.000,0.000,0.00
1777915861,loop38,0.00,0.00,0.000,0.000,0.00
1777915861,loop39,0.00,0.00,0.000,0.000,0.00
1777915861,loop4,0.00,0.00,0.000,0.000,0.00
1777915861,loop40,0.00,0.00,0.000,0.000,0.00
1777915861,loop5,0.00,0.00,0.000,0.000,0.00
1777915861,loop6,0.00,0.00,0.000,0.000,0.00
1777915861,loop7,0.00,0.00,0.000,0.000,0.00
1777915861,loop8,0.00,0.00,0.000,0.000,0.00
1777915861,loop9,0.00,0.00,0.000,0.000,0.00
1777915861,nvme0n1,0.00,0.00,0.000,0.000,6.10
1777915862,loop0,0.00,0.00,0.000,0.000,0.00
1777915862,loop1,0.00,0.00,0.000,0.000,0.00
1777915862,loop10,0.00,0.00,0.000,0.000,0.00
1777915862,loop11,0.00,0.00,0.000,0.000,0.00
1777915862,loop12,0.00,0.00,0.000,0.000,0.00
1777915862,loop13,0.00,0.00,0.000,0.000,0.00
1777915862,loop14,0.00,0.00,0.000,0.000,0.00
1777915862,loop15,0.00,0.00,0.000,0.000,0.00
1777915862,loop16,0.00,0.00,0.000,0.000,0.00
1777915862,loop17,0.00,0.00,0.000,0.000,0.00
1777915862,loop18,0.00,0.00,0.000,0.000,0.00
1777915862,loop19,0.00,0.00,0.000,0.000,0.00
1777915862,loop2,0.00,0.00,0.000,0.000,0.00
1777915862,loop20,0.00,0.00,0.000,0.000,0.00
1777915862,loop21,0.00,0.00,0.000,0.000,0.00
1777915862,loop22,0.00,0.00,0.000,0.000,0.00
1777915862,loop23,0.00,0.00,0.000,0.000,0.00
1777915862,loop24,0.00,0.00,0.000,0.000,0.00
1777915862,loop25,0.00,0.00,0.000,0.000,0.00
1777915862,loop26,0.00,0.00,0.000,0.000,0.00
1777915862,loop27,0.00,0.00,0.000,0.000,0.00
1777915862,loop28,0.00,0.00,0.000,0.000,0.00
1777915862,loop29,0.00,0.00,0.000,0.000,0.00
1777915862,loop3,0.00,0.00,0.000,0.000,0.00
1777915862,loop30,0.00,0.00,0.000,0.000,0.00
1777915862,loop31,0.00,0.00,0.000,0.000,0.00
1777915862,loop32,0.00,0.00,0.000,0.000,0.00
1777915862,loop33,0.00,0.00,0.000,0.000,0.00
1777915862,loop34,0.00,0.00,0.000,0.000,0.00
1777915862,loop35,0.00,0.00,0.000,0.000,0.00
1777915862,loop36,0.00,0.00,0.000,0.000,0.00
1777915862,loop37,0.00,0.00,0.000,0.000,0.00
1777915862,loop38,0.00,0.00,0.000,0.000,0.00
1777915862,loop39,0.00,0.00,0.000,0.000,0.00
1777915862,loop4,0.00,0.00,0.000,0.000,0.00
1777915862,loop40,0.00,0.00,0.000,0.000,0.00
1777915862,loop5,0.00,0.00,0.000,0.000,0.00
1777915862,loop6,0.00,0.00,0.000,0.000,0.00
1777915862,loop7,0.00,0.00,0.000,0.000,0.00
1777915862,loop8,0.00,0.00,0.000,0.000,0.00
1777915862,loop9,0.00,0.00,0.000,0.000,0.00
1777915862,nvme0n1,0.00,0.00,0.000,0.000,0.00
1777915863,loop0,0.00,0.00,0.000,0.000,0.00
1777915863,loop1,0.00,0.00,0.000,0.000,0.00
1777915863,loop10,0.00,0.00,0.000,0.000,0.00
1777915863,loop11,0.00,0.00,0.000,0.000,0.00
1777915863,loop12,0.00,0.00,0.000,0.000,0.00
1777915863,loop13,0.00,0.00,0.000,0.000,0.00
1777915863,loop14,0.00,0.00,0.000,0.000,0.00
1777915863,loop15,0.00,0.00,0.000,0.000,0.00
1777915863,loop16,0.00,0.00,0.000,0.000,0.00
1777915863,loop17,0.00,0.00,0.000,0.000,0.00
1777915863,loop18,0.00,0.00,0.000,0.000,0.00
1777915863,loop19,0.00,0.00,0.000,0.000,0.00
1777915863,loop2,0.00,0.00,0.000,0.000,0.00
1777915863,loop20,0.00,0.00,0.000,0.000,0.00
1777915863,loop21,0.00,0.00,0.000,0.000,0.00
1777915863,loop22,0.00,0.00,0.000,0.000,0.00
1777915863,loop23,0.00,0.00,0.000,0.000,0.00
1777915863,loop24,0.00,0.00,0.000,0.000,0.00
1777915863,loop25,0.00,0.00,0.000,0.000,0.00
1777915863,loop26,0.00,0.00,0.000,0.000,0.00
1777915863,loop27,0.00,0.00,0.000,0.000,0.00
1777915863,loop28,0.00,0.00,0.000,0.000,0.00
1777915863,loop29,0.00,0.00,0.000,0.000,0.00
1777915863,loop3,0.00,0.00,0.000,0.000,0.00
1777915863,loop30,0.00,0.00,0.000,0.000,0.00
1777915863,loop31,0.00,0.00,0.000,0.000,0.00
1777915863,loop32,0.00,0.00,0.000,0.000,0.00
1777915863,loop33,0.00,0.00,0.000,0.000,0.00
1777915863,loop34,0.00,0.00,0.000,0.000,0.00
1777915863,loop35,0.00,0.00,0.000,0.000,0.00
1777915863,loop36,0.00,0.00,0.000,0.000,0.00
1777915863,loop37,0.00,0.00,0.000,0.000,0.00
1777915863,loop38,0.00,0.00,0.000,0.000,0.00
1777915863,loop39,0.00,0.00,0.000,0.000,0.00
1777915863,loop4,0.00,0.00,0.000,0.000,0.00
1777915863,loop40,0.00,0.00,0.000,0.000,0.00
1777915863,loop5,0.00,0.00,0.000,0.000,0.00
1777915863,loop6,0.00,0.00,0.000,0.000,0.00
1777915863,loop7,0.00,0.00,0.000,0.000,0.00
1777915863,loop8,0.00,0.00,0.000,0.000,0.00
1777915863,loop9,0.00,0.00,0.000,0.000,0.00
1777915863,nvme0n1,0.00,0.00,0.000,0.000,0.00
1777915864,loop0,0.00,0.00,0.000,0.000,0.00
1777915864,loop1,0.00,0.00,0.000,0.000,0.00
1777915864,loop10,0.00,0.00,0.000,0.000,0.00
1777915864,loop11,0.00,0.00,0.000,0.000,0.00
1777915864,loop12,0.00,0.00,0.000,0.000,0.00
1777915864,loop13,0.00,0.00,0.000,0.000,0.00
1777915864,loop14,0.00,0.00,0.000,0.000,0.00
1777915864,loop15,0.00,0.00,0.000,0.000,0.00
1777915864,loop16,0.00,0.00,0.000,0.000,0.00
1777915864,loop17,0.00,0.00,0.000,0.000,0.00
1777915864,loop18,0.00,0.00,0.000,0.000,0.00
1777915864,loop19,0.00,0.00,0.000,0.000,0.00
1777915864,loop2,0.00,0.00,0.000,0.000,0.00
1777915864,loop20,0.00,0.00,0.000,0.000,0.00
1777915864,loop21,0.00,0.00,0.000,0.000,0.00
1777915864,loop22,0.00,0.00,0.000,0.000,0.00
1777915864,loop23,0.00,0.00,0.000,0.000,0.00
1777915864,loop24,0.00,0.00,0.000,0.000,0.00
1777915864,loop25,0.00,0.00,0.000,0.000,0.00
1777915864,loop26,0.00,0.00,0.000,0.000,0.00
1777915864,loop27,0.00,0.00,0.000,0.000,0.00
1777915864,loop28,0.00,0.00,0.000,0.000,0.00
1777915864,loop29,0.00,0.00,0.000,0.000,0.00
1777915864,loop3,0.00,0.00,0.000,0.000,0.00
1777915864,loop30,0.00,0.00,0.000,0.000,0.00
1777915864,loop31,0.00,0.00,0.000,0.000,0.00
1777915864,loop32,0.00,0.00,0.000,0.000,0.00
1777915864,loop33,0.00,0.00,0.000,0.000,0.00
1777915864,loop34,0.00,0.00,0.000,0.000,0.00
1777915864,loop35,0.00,0.00,0.000,0.000,0.00
1777915864,loop36,0.00,0.00,0.000,0.000,0.00
1777915864,loop37,0.00,0.00,0.000,0.000,0.00
1777915864,loop38,0.00,0.00,0.000,0.000,0.00
1777915864,loop39,0.00,0.00,0.000,0.000,0.00
1777915864,loop4,0.00,0.00,0.000,0.000,0.00
1777915864,loop40,0.00,0.00,0.000,0.000,0.00
1777915864,loop5,0.00,0.00,0.000,0.000,0.00
1777915864,loop6,0.00,0.00,0.000,0.000,0.00
1777915864,loop7,0.00,0.00,0.000,0.000,0.00
1777915864,loop8,0.00,0.00,0.000,0.000,0.00
1777915864,loop9,0.00,0.00,0.000,0.000,0.00
1777915864,nvme0n1,0.00,0.00,0.000,0.000,0.00
1777915865,loop0,0.00,0.00,0.000,0.000,0.00
1777915865,loop1,0.00,0.00,0.000,0.000,0.00
1777915865,loop10,0.00,0.00,0.000,0.000,0.00
1777915865,loop11,0.00,0.00,0.000,0.000,0.00
1777915865,loop12,0.00,0.00,0.000,0.000,0.00
1777915865,loop13,0.00,0.00,0.000,0.000,0.00
1777915865,loop14,0.00,0.00,0.000,0.000,0.00
1777915865,loop15,0.00,0.00,0.000,0.000,0.00
1777915865,loop16,0.00,0.00,0.000,0.000,0.00
1777915865,loop17,0.00,0.00,0.000,0.000,0.00
1777915865,loop18,0.00,0.00,0.000,0.000,0.00
1777915865,loop19,0.00,0.00,0.000,0.000,0.00
1777915865,loop2,0.00,0.00,0.000,0.000,0.00
1777915865,loop20,0.00,0.00,0.000,0.000,0.00
1777915865,loop21,0.00,0.00,0.000,0.000,0.00
1777915865,loop22,0.00,0.00,0.000,0.000,0.00
1777915865,loop23,0.00,0.00,0.000,0.000,0.00
1777915865,loop24,0.00,0.00,0.000,0.000,0.00
1777915865,loop25,0.00,0.00,0.000,0.000,0.00
1777915865,loop26,0.00,0.00,0.000,0.000,0.00
1777915865,loop27,0.00,0.00,0.000,0.000,0.00
1777915865,loop28,0.00,0.00,0.000,0.000,0.00
1777915865,loop29,0.00,0.00,0.000,0.000,0.00
1777915865,loop3,0.00,0.00,0.000,0.000,0.00
1777915865,loop30,0.00,0.00,0.000,0.000,0.00
1777915865,loop31,0.00,0.00,0.000,0.000,0.00
1777915865,loop32,0.00,0.00,0.000,0.000,0.00
1777915865,loop33,0.00,0.00,0.000,0.000,0.00
1777915865,loop34,0.00,0.00,0.000,0.000,0.00
1777915865,loop35,0.00,0.00,0.000,0.000,0.00
1777915865,loop36,0.00,0.00,0.000,0.000,0.00
1777915865,loop37,0.00,0.00,0.000,0.000,0.00
1777915865,loop38,0.00,0.00,0.000,0.000,0.00
1777915865,loop39,0.00,0.00,0.000,0.000,0.00
1777915865,loop4,0.00,0.00,0.000,0.000,0.00
1777915865,loop40,0.00,0.00,0.000,0.000,0.00
1777915865,loop5,0.00,0.00,0.000,0.000,0.00
1777915865,loop6,0.00,0.00,0.000,0.000,0.00
1777915865,loop7,0.00,0.00,0.000,0.000,0.00
1777915865,loop8,0.00,0.00,0.000,0.000,0.00
1777915865,loop9,0.00,0.00,0.000,0.000,0.00
1777915865,nvme0n1,0.00,0.00,0.000,0.000,0.00
1777915866,loop0,0.00,0.00,0.000,0.000,0.00
1777915866,loop1,0.00,0.00,0.000,0.000,0.00
1777915866,loop10,0.00,0.00,0.000,0.000,0.00
1777915866,loop11,0.00,0.00,0.000,0.000,0.00
1777915866,loop12,0.00,0.00,0.000,0.000,0.00
1777915866,loop13,0.00,0.00,0.000,0.000,0.00
1777915866,loop14,0.00,0.00,0.000,0.000,0.00
1777915866,loop15,0.00,0.00,0.000,0.000,0.00
1777915866,loop16,0.00,0.00,0.000,0.000,0.00
1777915866,loop17,0.00,0.00,0.000,0.000,0.00
1777915866,loop18,0.00,0.00,0.000,0.000,0.00
1777915866,loop19,0.00,0.00,0.000,0.000,0.00
1777915866,loop2,0.00,0.00,0.000,0.000,0.00
1777915866,loop20,0.00,0.00,0.000,0.000,0.00
1777915866,loop21,0.00,0.00,0.000,0.000,0.00
1777915866,loop22,0.00,0.00,0.000,0.000,0.00
1777915866,loop23,0.00,0.00,0.000,0.000,0.00
1777915866,loop24,0.00,0.00,0.000,0.000,0.00
1777915866,loop25,0.00,0.00,0.000,0.000,0.00
1777915866,loop26,0.00,0.00,0.000,0.000,0.00
1777915866,loop27,0.00,0.00,0.000,0.000,0.00
1777915866,loop28,0.00,0.00,0.000,0.000,0.00
1777915866,loop29,0.00,0.00,0.000,0.000,0.00
1777915866,loop3,0.00,0.00,0.000,0.000,0.00
1777915866,loop30,0.00,0.00,0.000,0.000,0.00
1777915866,loop31,0.00,0.00,0.000,0.000,0.00
1777915866,loop32,0.00,0.00,0.000,0.000,0.00
1777915866,loop33,0.00,0.00,0.000,0.000,0.00
1777915866,loop34,0.00,0.00,0.000,0.000,0.00
1777915866,loop35,0.00,0.00,0.000,0.000,0.00
1777915866,loop36,0.00,0.00,0.000,0.000,0.00
1777915866,loop37,0.00,0.00,0.000,0.000,0.00
1777915866,loop38,0.00,0.00,0.000,0.000,0.00
1777915866,loop39,0.00,0.00,0.000,0.000,0.00
1777915866,loop4,0.00,0.00,0.000,0.000,0.00
1777915866,loop40,0.00,0.00,0.000,0.000,0.00
1777915866,loop5,0.00,0.00,0.000,0.000,0.00
1777915866,loop6,0.00,0.00,0.000,0.000,0.00
1777915866,loop7,0.00,0.00,0.000,0.000,0.00
1777915866,loop8,0.00,0.00,0.000,0.000,0.00
1777915866,loop9,0.00,0.00,0.000,0.000,0.00
1777915866,nvme0n1,0.00,0.00,0.000,0.000,5.20
