t_unix,device,r_iops,w_iops,r_mb_s,w_mb_s,util_pct
1777902255,loop0,0.00,0.00,0.000,0.000,0.00
1777902255,loop1,0.00,0.00,0.000,0.000,0.00
1777902255,loop10,0.00,0.00,0.000,0.000,0.00
1777902255,loop11,0.00,0.00,0.000,0.000,0.00
1777902255,loop12,0.00,0.00,0.000,0.000,0.00
1777902255,loop13,0.00,0.00,0.000,0.000,0.00
1777902255,loop14,0.00,0.00,0.000,0.000,0.00
1777902255,loop15,0.00,0.00,0.000,0.000,0.00
1777902255,loop16,0.00,0.00,0.000,0.000,0.00
1777902255,loop17,0.00,0.00,0.000,0.000,0.00
1777902255,loop18,0.00,0.00,0.000,0.000,0.00
1777902255,loop19,0.00,0.00,0.000,0.000,0.00
1777902255,loop2,0.00,0.00,0.000,0.000,0.00
1777902255,loop20,0.00,0.00,0.000,0.000,0.00
1777902255,loop21,0.00,0.00,0.000,0.000,0.00
1777902255,loop22,0.00,0.00,0.000,0.000,0.00
1777902255,loop23,0.00,0.00,0.000,0.000,0.00
1777902255,loop24,0.00,0.00,0.000,0.000,0.00
1777902255,loop25,0.00,0.00,0.000,0.000,0.00
1777902255,loop26,0.00,0.00,0.000,0.000,0.00
1777902255,loop27,0.00,0.00,0.000,0.000,0.00
1777902255,loop28,0.00,0.00,0.000,0.000,0.00
1777902255,loop29,0.00,0.00,0.000,0.000,0.00
1777902255,loop3,0.00,0.00,0.000,0.000,0.00
1777902255,loop30,0.00,0.00,0.000,0.000,0.00
1777902255,loop31,0.00,0.00,0.000,0.000,0.00
1777902255,loop32,0.00,0.00,0.000,0.000,0.00
1777902255,loop33,0.00,0.00,0.000,0.000,0.00
1777902255,loop34,0.00,0.00,0.000,0.000,0.00
1777902255,loop35,0.00,0.00,0.000,0.000,0.00
1777902255,loop36,0.00,0.00,0.000,0.000,0.00
1777902255,loop37,0.00,0.00,0.000,0.000,0.00
1777902255,loop38,0.00,0.00,0.000,0.000,0.00
1777902255,loop39,0.00,0.00,0.000,0.000,0.00
1777902255,loop4,0.00,0.00,0.000,0.000,0.00
1777902255,loop40,0.00,0.00,0.000,0.000,0.00
1777902255,loop5,0.00,0.00,0.000,0.000,0.00
1777902255,loop6,0.00,0.00,0.000,0.000,0.00
1777902255,loop7,0.00,0.00,0.000,0.000,0.00
1777902255,loop8,0.00,0.00,0.000,0.000,0.00
1777902255,loop9,0.00,0.00,0.000,0.000,0.00
1777902255,nvme0n1,0.00,0.00,0.000,0.000,0.00
1777902256,loop0,0.00,0.00,0.000,0.000,0.00
1777902256,loop1,0.00,0.00,0.000,0.000,0.00
1777902256,loop10,0.00,0.00,0.000,0.000,0.00
1777902256,loop11,0.00,0.00,0.000,0.000,0.00
1777902256,loop12,0.00,0.00,0.000,0.000,0.00
1777902256,loop13,0.00,0.00,0.000,0.000,0.00
1777902256,loop14,0.00,0.00,0.000,0.000,0.00
1777902256,loop15,0.00,0.00,0.000,0.000,0.00
1777902256,loop16,0.00,0.00,0.000,0.000,0.00
1777902256,loop17,0.00,0.00,0.000,0.000,0.00
1777902256,loop18,0.00,0.00,0.000,0.000,0.00
1777902256,loop19,0.00,0.00,0.000,0.000,0.00
1777902256,loop2,0.00,0.00,0.000,0.000,0.00
1777902256,loop20,0.00,0.00,0.000,0.000,0.00
1777902256,loop21,0.00,0.00,0.000,0.000,0.00
1777902256,loop22,0.00,0.00,0.000,0.000,0.00
1777902256,loop23,0.00,0.00,0.000,0.000,0.00
1777902256,loop24,0.00,0.00,0.000,0.000,0.00
1777902256,loop25,0.00,0.00,0.000,0.000,0.00
1777902256,loop26,0.00,0.00,0.000,0.000,0.00
1777902256,loop27,0.00,0.00,0.000,0.000,0.00
1777902256,loop28,0.00,0.00,0.000,0.000,0.00
1777902256,loop29,0.00,0.00,0.000,0.000,0.00
1777902256,loop3,0.00,0.00,0.000,0.000,0.00
1777902256,loop30,0.00,0.00,0.000,0.000,0.00
1777902256,loop31,0.00,0.00,0.000,0.000,0.00
1777902256,loop32,0.00,0.00,0.000,0.000,0.00
1777902256,loop33,0.00,0.00,0.000,0.000,0.00
1777902256,loop34,0.00,0.00,0.000,0.000,0.00
1777902256,loop35,0.00,0.00,0.000,0.000,0.00
1777902256,loop36,0.00,0.00,0.000,0.000,0.00
1777902256,loop37,0.00,0.00,0.000,0.000,0.00
1777902256,loop38,0.00,0.00,0.000,0.000,0.00
1777902256,loop39,0.00,0.00,0.000,0.000,0.00
1777902256,loop4,0.00,0.00,0.000,0.000,0.00
1777902256,loop40,0.00,0.00,0.000,0.000,0.00
1777902256,loop5,0.00,0.00,0.000,0.000,0.00
1777902256,loop6,0.00,0.00,0.000,0.000,0.00
1777902256,loop7,0.00,0.00,0.000,0.000,0.00
1777902256,loop8,0.00,0.00,0.000,0.000,0.00
1777902256,loop9,0.00,0.00,0.000,0.000,0.00
1777902256,nvme0n1,0.00,0.00,0.000,0.000,0.00
1777902257,loop0,0.00,0.00,0.000,0.000,0.00
1777902257,loop1,0.00,0.00,0.000,0.000,0.00
1777902257,loop10,0.00,0.00,0.000,0.000,0.00
1777902257,loop11,0.00,0.00,0.000,0.000,0.00
1777902257,loop12,0.00,0.00,0.000,0.000,0.00
1777902257,loop13,0.00,0.00,0.000,0.000,0.00
1777902257,loop14,0.00,0.00,0.000,0.000,0.00
1777902257,loop15,0.00,0.00,0.000,0.000,0.00
1777902257,loop16,0.00,0.00,0.000,0.000,0.00
1777902257,loop17,0.00,0.00,0.000,0.000,0.00
1777902257,loop18,0.00,0.00,0.000,0.000,0.00
1777902257,loop19,0.00,0.00,0.000,0.000,0.00
1777902257,loop2,0.00,0.00,0.000,0.000,0.00
1777902257,loop20,0.00,0.00,0.000,0.000,0.00
1777902257,loop21,0.00,0.00,0.000,0.000,0.00
1777902257,loop22,0.00,0.00,0.000,0.000,0.00
1777902257,loop23,0.00,0.00,0.000,0.000,0.00
1777902257,loop24,0.00,0.00,0.000,0.000,0.00
1777902257,loop25,0.00,0.00,0.000,0.000,0.00
1777902257,loop26,0.00,0.00,0.000,0.000,0.00
1777902257,loop27,0.00,0.00,0.000,0.000,0.00
1777902257,loop28,0.00,0.00,0.000,0.000,0.00
1777902257,loop29,0.00,0.00,0.000,0.000,0.00
1777902257,loop3,0.00,0.00,0.000,0.000,0.00
1777902257,loop30,0.00,0.00,0.000,0.000,0.00
1777902257,loop31,0.00,0.00,0.000,0.000,0.00
1777902257,loop32,0.00,0.00,0.000,0.000,0.00
1777902257,loop33,0.00,0.00,0.000,0.000,0.00
1777902257,loop34,0.00,0.00,0.000,0.000,0.00
1777902257,loop35,0.00,0.00,0.000,0.000,0.00
1777902257,loop36,0.00,0.00,0.000,0.000,0.00
1777902257,loop37,0.00,0.00,0.000,0.000,0.00
1777902257,loop38,0.00,0.00,0.000,0.000,0.00
1777902257,loop39,0.00,0.00,0.000,0.000,0.00
1777902257,loop4,0.00,0.00,0.000,0.000,0.00
1777902257,loop40,0.00,0.00,0.000,0.000,0.00
1777902257,loop5,0.00,0.00,0.000,0.000,0.00
1777902257,loop6,0.00,0.00,0.000,0.000,0.00
1777902257,loop7,0.00,0.00,0.000,0.000,0.00
1777902257,loop8,0.00,0.00,0.000,0.000,0.00
1777902257,loop9,0.00,0.00,0.000,0.000,0.00
1777902257,nvme0n1,0.00,0.00,0.000,0.000,0.30
1777902258,loop0,0.00,0.00,0.000,0.000,0.00
1777902258,loop1,0.00,0.00,0.000,0.000,0.00
1777902258,loop10,0.00,0.00,0.000,0.000,0.00
1777902258,loop11,0.00,0.00,0.000,0.000,0.00
1777902258,loop12,0.00,0.00,0.000,0.000,0.00
1777902258,loop13,0.00,0.00,0.000,0.000,0.00
1777902258,loop14,0.00,0.00,0.000,0.000,0.00
1777902258,loop15,0.00,0.00,0.000,0.000,0.00
1777902258,loop16,0.00,0.00,0.000,0.000,0.00
1777902258,loop17,0.00,0.00,0.000,0.000,0.00
1777902258,loop18,0.00,0.00,0.000,0.000,0.00
1777902258,loop19,0.00,0.00,0.000,0.000,0.00
1777902258,loop2,0.00,0.00,0.000,0.000,0.00
1777902258,loop20,0.00,0.00,0.000,0.000,0.00
1777902258,loop21,0.00,0.00,0.000,0.000,0.00
1777902258,loop22,0.00,0.00,0.000,0.000,0.00
1777902258,loop23,0.00,0.00,0.000,0.000,0.00
1777902258,loop24,0.00,0.00,0.000,0.000,0.00
1777902258,loop25,0.00,0.00,0.000,0.000,0.00
1777902258,loop26,0.00,0.00,0.000,0.000,0.00
1777902258,loop27,0.00,0.00,0.000,0.000,0.00
1777902258,loop28,0.00,0.00,0.000,0.000,0.00
1777902258,loop29,0.00,0.00,0.000,0.000,0.00
1777902258,loop3,0.00,0.00,0.000,0.000,0.00
1777902258,loop30,0.00,0.00,0.000,0.000,0.00
1777902258,loop31,0.00,0.00,0.000,0.000,0.00
1777902258,loop32,0.00,0.00,0.000,0.000,0.00
1777902258,loop33,0.00,0.00,0.000,0.000,0.00
1777902258,loop34,0.00,0.00,0.000,0.000,0.00
1777902258,loop35,0.00,0.00,0.000,0.000,0.00
1777902258,loop36,0.00,0.00,0.000,0.000,0.00
1777902258,loop37,0.00,0.00,0.000,0.000,0.00
1777902258,loop38,0.00,0.00,0.000,0.000,0.00
1777902258,loop39,0.00,0.00,0.000,0.000,0.00
1777902258,loop4,0.00,0.00,0.000,0.000,0.00
1777902258,loop40,0.00,0.00,0.000,0.000,0.00
1777902258,loop5,0.00,0.00,0.000,0.000,0.00
1777902258,loop6,0.00,0.00,0.000,0.000,0.00
1777902258,loop7,0.00,0.00,0.000,0.000,0.00
1777902258,loop8,0.00,0.00,0.000,0.000,0.00
1777902258,loop9,0.00,0.00,0.000,0.000,0.00
1777902258,nvme0n1,0.00,0.00,0.000,0.000,0.00
1777902259,loop0,0.00,0.00,0.000,0.000,0.00
1777902259,loop1,0.00,0.00,0.000,0.000,0.00
1777902259,loop10,0.00,0.00,0.000,0.000,0.00
1777902259,loop11,0.00,0.00,0.000,0.000,0.00
1777902259,loop12,0.00,0.00,0.000,0.000,0.00
1777902259,loop13,0.00,0.00,0.000,0.000,0.00
1777902259,loop14,0.00,0.00,0.000,0.000,0.00
1777902259,loop15,0.00,0.00,0.000,0.000,0.00
1777902259,loop16,0.00,0.00,0.000,0.000,0.00
1777902259,loop17,0.00,0.00,0.000,0.000,0.00
1777902259,loop18,0.00,0.00,0.000,0.000,0.00
1777902259,loop19,0.00,0.00,0.000,0.000,0.00
1777902259,loop2,0.00,0.00,0.000,0.000,0.00
1777902259,loop20,0.00,0.00,0.000,0.000,0.00
1777902259,loop21,0.00,0.00,0.000,0.000,0.00
1777902259,loop22,0.00,0.00,0.000,0.000,0.00
1777902259,loop23,0.00,0.00,0.000,0.000,0.00
1777902259,loop24,0.00,0.00,0.000,0.000,0.00
1777902259,loop25,0.00,0.00,0.000,0.000,0.00
1777902259,loop26,0.00,0.00,0.000,0.000,0.00
1777902259,loop27,0.00,0.00,0.000,0.000,0.00
1777902259,loop28,0.00,0.00,0.000,0.000,0.00
1777902259,loop29,0.00,0.00,0.000,0.000,0.00
1777902259,loop3,0.00,0.00,0.000,0.000,0.00
1777902259,loop30,0.00,0.00,0.000,0.000,0.00
1777902259,loop31,0.00,0.00,0.000,0.000,0.00
1777902259,loop32,0.00,0.00,0.000,0.000,0.00
1777902259,loop33,0.00,0.00,0.000,0.000,0.00
1777902259,loop34,0.00,0.00,0.000,0.000,0.00
1777902259,loop35,0.00,0.00,0.000,0.000,0.00
1777902259,loop36,0.00,0.00,0.000,0.000,0.00
1777902259,loop37,0.00,0.00,0.000,0.000,0.00
1777902259,loop38,0.00,0.00,0.000,0.000,0.00
1777902259,loop39,0.00,0.00,0.000,0.000,0.00
1777902259,loop4,0.00,0.00,0.000,0.000,0.00
1777902259,loop40,0.00,0.00,0.000,0.000,0.00
1777902259,loop5,0.00,0.00,0.000,0.000,0.00
1777902259,loop6,0.00,0.00,0.000,0.000,0.00
1777902259,loop7,0.00,0.00,0.000,0.000,0.00
1777902259,loop8,0.00,0.00,0.000,0.000,0.00
1777902259,loop9,0.00,0.00,0.000,0.000,0.00
1777902259,nvme0n1,6.00,24.00,0.000,0.000,4.90
1777902260,loop0,0.00,0.00,0.000,0.000,0.00
1777902260,loop1,0.00,0.00,0.000,0.000,0.00
1777902260,loop10,0.00,0.00,0.000,0.000,0.00
1777902260,loop11,0.00,0.00,0.000,0.000,0.00
1777902260,loop12,0.00,0.00,0.000,0.000,0.00
1777902260,loop13,0.00,0.00,0.000,0.000,0.00
1777902260,loop14,0.00,0.00,0.000,0.000,0.00
1777902260,loop15,0.00,0.00,0.000,0.000,0.00
1777902260,loop16,0.00,0.00,0.000,0.000,0.00
1777902260,loop17,0.00,0.00,0.000,0.000,0.00
1777902260,loop18,0.00,0.00,0.000,0.000,0.00
1777902260,loop19,0.00,0.00,0.000,0.000,0.00
1777902260,loop2,0.00,0.00,0.000,0.000,0.00
1777902260,loop20,0.00,0.00,0.000,0.000,0.00
1777902260,loop21,0.00,0.00,0.000,0.000,0.00
1777902260,loop22,0.00,0.00,0.000,0.000,0.00
1777902260,loop23,0.00,0.00,0.000,0.000,0.00
1777902260,loop24,0.00,0.00,0.000,0.000,0.00
1777902260,loop25,0.00,0.00,0.000,0.000,0.00
1777902260,loop26,0.00,0.00,0.000,0.000,0.00
1777902260,loop27,0.00,0.00,0.000,0.000,0.00
1777902260,loop28,0.00,0.00,0.000,0.000,0.00
1777902260,loop29,0.00,0.00,0.000,0.000,0.00
1777902260,loop3,0.00,0.00,0.000,0.000,0.00
1777902260,loop30,0.00,0.00,0.000,0.000,0.00
1777902260,loop31,0.00,0.00,0.000,0.000,0.00
1777902260,loop32,0.00,0.00,0.000,0.000,0.00
1777902260,loop33,0.00,0.00,0.000,0.000,0.00
1777902260,loop34,0.00,0.00,0.000,0.000,0.00
1777902260,loop35,0.00,0.00,0.000,0.000,0.00
1777902260,loop36,0.00,0.00,0.000,0.000,0.00
1777902260,loop37,0.00,0.00,0.000,0.000,0.00
1777902260,loop38,0.00,0.00,0.000,0.000,0.00
1777902260,loop39,0.00,0.00,0.000,0.000,0.00
1777902260,loop4,0.00,0.00,0.000,0.000,0.00
1777902260,loop40,0.00,0.00,0.000,0.000,0.00
1777902260,loop5,0.00,0.00,0.000,0.000,0.00
1777902260,loop6,0.00,0.00,0.000,0.000,0.00
1777902260,loop7,0.00,0.00,0.000,0.000,0.00
1777902260,loop8,0.00,0.00,0.000,0.000,0.00
1777902260,loop9,0.00,0.00,0.000,0.000,0.00
1777902260,nvme0n1,0.00,0.00,0.000,0.000,0.00
1777902261,loop0,0.00,0.00,0.000,0.000,0.00
1777902261,loop1,0.00,0.00,0.000,0.000,0.00
1777902261,loop10,0.00,0.00,0.000,0.000,0.00
1777902261,loop11,0.00,0.00,0.000,0.000,0.00
1777902261,loop12,0.00,0.00,0.000,0.000,0.00
1777902261,loop13,0.00,0.00,0.000,0.000,0.00
1777902261,loop14,0.00,0.00,0.000,0.000,0.00
1777902261,loop15,0.00,0.00,0.000,0.000,0.00
1777902261,loop16,0.00,0.00,0.000,0.000,0.00
1777902261,loop17,0.00,0.00,0.000,0.000,0.00
1777902261,loop18,0.00,0.00,0.000,0.000,0.00
1777902261,loop19,0.00,0.00,0.000,0.000,0.00
1777902261,loop2,0.00,0.00,0.000,0.000,0.00
1777902261,loop20,0.00,0.00,0.000,0.000,0.00
1777902261,loop21,0.00,0.00,0.000,0.000,0.00
1777902261,loop22,0.00,0.00,0.000,0.000,0.00
1777902261,loop23,0.00,0.00,0.000,0.000,0.00
1777902261,loop24,0.00,0.00,0.000,0.000,0.00
1777902261,loop25,0.00,0.00,0.000,0.000,0.00
1777902261,loop26,0.00,0.00,0.000,0.000,0.00
1777902261,loop27,0.00,0.00,0.000,0.000,0.00
1777902261,loop28,0.00,0.00,0.000,0.000,0.00
1777902261,loop29,0.00,0.00,0.000,0.000,0.00
1777902261,loop3,0.00,0.00,0.000,0.000,0.00
1777902261,loop30,0.00,0.00,0.000,0.000,0.00
1777902261,loop31,0.00,0.00,0.000,0.000,0.00
1777902261,loop32,0.00,0.00,0.000,0.000,0.00
1777902261,loop33,0.00,0.00,0.000,0.000,0.00
1777902261,loop34,0.00,0.00,0.000,0.000,0.00
1777902261,loop35,0.00,0.00,0.000,0.000,0.00
1777902261,loop36,0.00,0.00,0.000,0.000,0.00
1777902261,loop37,0.00,0.00,0.000,0.000,0.00
1777902261,loop38,0.00,0.00,0.000,0.000,0.00
1777902261,loop39,0.00,0.00,0.000,0.000,0.00
1777902261,loop4,0.00,0.00,0.000,0.000,0.00
1777902261,loop40,0.00,0.00,0.000,0.000,0.00
1777902261,loop5,0.00,0.00,0.000,0.000,0.00
1777902261,loop6,0.00,0.00,0.000,0.000,0.00
1777902261,loop7,0.00,0.00,0.000,0.000,0.00
1777902261,loop8,0.00,0.00,0.000,0.000,0.00
1777902261,loop9,0.00,0.00,0.000,0.000,0.00
1777902261,nvme0n1,0.00,0.00,0.000,0.000,0.00
1777902262,loop0,0.00,0.00,0.000,0.000,0.00
1777902262,loop1,0.00,0.00,0.000,0.000,0.00
1777902262,loop10,0.00,0.00,0.000,0.000,0.00
1777902262,loop11,0.00,0.00,0.000,0.000,0.00
1777902262,loop12,0.00,0.00,0.000,0.000,0.00
1777902262,loop13,0.00,0.00,0.000,0.000,0.00
1777902262,loop14,0.00,0.00,0.000,0.000,0.00
1777902262,loop15,0.00,0.00,0.000,0.000,0.00
1777902262,loop16,0.00,0.00,0.000,0.000,0.00
1777902262,loop17,0.00,0.00,0.000,0.000,0.00
1777902262,loop18,0.00,0.00,0.000,0.000,0.00
1777902262,loop19,0.00,0.00,0.000,0.000,0.00
1777902262,loop2,0.00,0.00,0.000,0.000,0.00
1777902262,loop20,0.00,0.00,0.000,0.000,0.00
1777902262,loop21,0.00,0.00,0.000,0.000,0.00
1777902262,loop22,0.00,0.00,0.000,0.000,0.00
1777902262,loop23,0.00,0.00,0.000,0.000,0.00
1777902262,loop24,0.00,0.00,0.000,0.000,0.00
1777902262,loop25,0.00,0.00,0.000,0.000,0.00
1777902262,loop26,0.00,0.00,0.000,0.000,0.00
1777902262,loop27,0.00,0.00,0.000,0.000,0.00
1777902262,loop28,0.00,0.00,0.000,0.000,0.00
1777902262,loop29,0.00,0.00,0.000,0.000,0.00
1777902262,loop3,0.00,0.00,0.000,0.000,0.00
1777902262,loop30,0.00,0.00,0.000,0.000,0.00
1777902262,loop31,0.00,0.00,0.000,0.000,0.00
1777902262,loop32,0.00,0.00,0.000,0.000,0.00
1777902262,loop33,0.00,0.00,0.000,0.000,0.00
1777902262,loop34,0.00,0.00,0.000,0.000,0.00
1777902262,loop35,0.00,0.00,0.000,0.000,0.00
1777902262,loop36,0.00,0.00,0.000,0.000,0.00
1777902262,loop37,0.00,0.00,0.000,0.000,0.00
1777902262,loop38,0.00,0.00,0.000,0.000,0.00
1777902262,loop39,0.00,0.00,0.000,0.000,0.00
1777902262,loop4,0.00,0.00,0.000,0.000,0.00
1777902262,loop40,0.00,0.00,0.000,0.000,0.00
1777902262,loop5,0.00,0.00,0.000,0.000,0.00
1777902262,loop6,0.00,0.00,0.000,0.000,0.00
1777902262,loop7,0.00,0.00,0.000,0.000,0.00
1777902262,loop8,0.00,0.00,0.000,0.000,0.00
1777902262,loop9,0.00,0.00,0.000,0.000,0.00
1777902262,nvme0n1,2.00,8.00,0.000,0.000,0.80
1777902263,loop0,0.00,0.00,0.000,0.000,0.00
1777902263,loop1,0.00,0.00,0.000,0.000,0.00
1777902263,loop10,0.00,0.00,0.000,0.000,0.00
1777902263,loop11,0.00,0.00,0.000,0.000,0.00
1777902263,loop12,0.00,0.00,0.000,0.000,0.00
1777902263,loop13,0.00,0.00,0.000,0.000,0.00
1777902263,loop14,0.00,0.00,0.000,0.000,0.00
1777902263,loop15,0.00,0.00,0.000,0.000,0.00
1777902263,loop16,0.00,0.00,0.000,0.000,0.00
1777902263,loop17,0.00,0.00,0.000,0.000,0.00
1777902263,loop18,0.00,0.00,0.000,0.000,0.00
1777902263,loop19,0.00,0.00,0.000,0.000,0.00
1777902263,loop2,0.00,0.00,0.000,0.000,0.00
1777902263,loop20,0.00,0.00,0.000,0.000,0.00
1777902263,loop21,0.00,0.00,0.000,0.000,0.00
1777902263,loop22,0.00,0.00,0.000,0.000,0.00
1777902263,loop23,0.00,0.00,0.000,0.000,0.00
1777902263,loop24,0.00,0.00,0.000,0.000,0.00
1777902263,loop25,0.00,0.00,0.000,0.000,0.00
1777902263,loop26,0.00,0.00,0.000,0.000,0.00
1777902263,loop27,0.00,0.00,0.000,0.000,0.00
1777902263,loop28,0.00,0.00,0.000,0.000,0.00
1777902263,loop29,0.00,0.00,0.000,0.000,0.00
1777902263,loop3,0.00,0.00,0.000,0.000,0.00
1777902263,loop30,0.00,0.00,0.000,0.000,0.00
1777902263,loop31,0.00,0.00,0.000,0.000,0.00
1777902263,loop32,0.00,0.00,0.000,0.000,0.00
1777902263,loop33,0.00,0.00,0.000,0.000,0.00
1777902263,loop34,0.00,0.00,0.000,0.000,0.00
1777902263,loop35,0.00,0.00,0.000,0.000,0.00
1777902263,loop36,0.00,0.00,0.000,0.000,0.00
1777902263,loop37,0.00,0.00,0.000,0.000,0.00
1777902263,loop38,0.00,0.00,0.000,0.000,0.00
1777902263,loop39,0.00,0.00,0.000,0.000,0.00
1777902263,loop4,0.00,0.00,0.000,0.000,0.00
1777902263,loop40,0.00,0.00,0.000,0.000,0.00
1777902263,loop5,0.00,0.00,0.000,0.000,0.00
1777902263,loop6,0.00,0.00,0.000,0.000,0.00
1777902263,loop7,0.00,0.00,0.000,0.000,0.00
1777902263,loop8,0.00,0.00,0.000,0.000,0.00
1777902263,loop9,0.00,0.00,0.000,0.000,0.00
1777902263,nvme0n1,0.00,0.00,0.000,0.000,0.00
1777902264,loop0,0.00,0.00,0.000,0.000,0.00
1777902264,loop1,0.00,0.00,0.000,0.000,0.00
1777902264,loop10,0.00,0.00,0.000,0.000,0.00
1777902264,loop11,0.00,0.00,0.000,0.000,0.00
1777902264,loop12,0.00,0.00,0.000,0.000,0.00
1777902264,loop13,0.00,0.00,0.000,0.000,0.00
1777902264,loop14,0.00,0.00,0.000,0.000,0.00
1777902264,loop15,0.00,0.00,0.000,0.000,0.00
1777902264,loop16,0.00,0.00,0.000,0.000,0.00
1777902264,loop17,0.00,0.00,0.000,0.000,0.00
1777902264,loop18,0.00,0.00,0.000,0.000,0.00
1777902264,loop19,0.00,0.00,0.000,0.000,0.00
1777902264,loop2,0.00,0.00,0.000,0.000,0.00
1777902264,loop20,0.00,0.00,0.000,0.000,0.00
1777902264,loop21,0.00,0.00,0.000,0.000,0.00
1777902264,loop22,0.00,0.00,0.000,0.000,0.00
1777902264,loop23,0.00,0.00,0.000,0.000,0.00
1777902264,loop24,0.00,0.00,0.000,0.000,0.00
1777902264,loop25,0.00,0.00,0.000,0.000,0.00
1777902264,loop26,0.00,0.00,0.000,0.000,0.00
1777902264,loop27,0.00,0.00,0.000,0.000,0.00
1777902264,loop28,0.00,0.00,0.000,0.000,0.00
1777902264,loop29,0.00,0.00,0.000,0.000,0.00
1777902264,loop3,0.00,0.00,0.000,0.000,0.00
1777902264,loop30,0.00,0.00,0.000,0.000,0.00
1777902264,loop31,0.00,0.00,0.000,0.000,0.00
1777902264,loop32,0.00,0.00,0.000,0.000,0.00
1777902264,loop33,0.00,0.00,0.000,0.000,0.00
1777902264,loop34,0.00,0.00,0.000,0.000,0.00
1777902264,loop35,0.00,0.00,0.000,0.000,0.00
1777902264,loop36,0.00,0.00,0.000,0.000,0.00
1777902264,loop37,0.00,0.00,0.000,0.000,0.00
1777902264,loop38,0.00,0.00,0.000,0.000,0.00
1777902264,loop39,0.00,0.00,0.000,0.000,0.00
1777902264,loop4,0.00,0.00,0.000,0.000,0.00
1777902264,loop40,0.00,0.00,0.000,0.000,0.00
1777902264,loop5,0.00,0.00,0.000,0.000,0.00
1777902264,loop6,0.00,0.00,0.000,0.000,0.00
1777902264,loop7,0.00,0.00,0.000,0.000,0.00
1777902264,loop8,0.00,0.00,0.000,0.000,0.00
1777902264,loop9,0.00,0.00,0.000,0.000,0.00
1777902264,nvme0n1,0.00,0.00,0.000,0.000,0.00
1777902265,loop0,0.00,0.00,0.000,0.000,0.00
1777902265,loop1,0.00,0.00,0.000,0.000,0.00
1777902265,loop10,0.00,0.00,0.000,0.000,0.00
1777902265,loop11,0.00,0.00,0.000,0.000,0.00
1777902265,loop12,0.00,0.00,0.000,0.000,0.00
1777902265,loop13,0.00,0.00,0.000,0.000,0.00
1777902265,loop14,0.00,0.00,0.000,0.000,0.00
1777902265,loop15,0.00,0.00,0.000,0.000,0.00
1777902265,loop16,0.00,0.00,0.000,0.000,0.00
1777902265,loop17,0.00,0.00,0.000,0.000,0.00
1777902265,loop18,0.00,0.00,0.000,0.000,0.00
1777902265,loop19,0.00,0.00,0.000,0.000,0.00
1777902265,loop2,0.00,0.00,0.000,0.000,0.00
1777902265,loop20,0.00,0.00,0.000,0.000,0.00
1777902265,loop21,0.00,0.00,0.000,0.000,0.00
1777902265,loop22,0.00,0.00,0.000,0.000,0.00
1777902265,loop23,0.00,0.00,0.000,0.000,0.00
1777902265,loop24,0.00,0.00,0.000,0.000,0.00
1777902265,loop25,0.00,0.00,0.000,0.000,0.00
1777902265,loop26,0.00,0.00,0.000,0.000,0.00
1777902265,loop27,0.00,0.00,0.000,0.000,0.00
1777902265,loop28,0.00,0.00,0.000,0.000,0.00
1777902265,loop29,0.00,0.00,0.000,0.000,0.00
1777902265,loop3,0.00,0.00,0.000,0.000,0.00
1777902265,loop30,0.00,0.00,0.000,0.000,0.00
1777902265,loop31,0.00,0.00,0.000,0.000,0.00
1777902265,loop32,0.00,0.00,0.000,0.000,0.00
1777902265,loop33,0.00,0.00,0.000,0.000,0.00
1777902265,loop34,0.00,0.00,0.000,0.000,0.00
1777902265,loop35,0.00,0.00,0.000,0.000,0.00
1777902265,loop36,0.00,0.00,0.000,0.000,0.00
1777902265,loop37,0.00,0.00,0.000,0.000,0.00
1777902265,loop38,0.00,0.00,0.000,0.000,0.00
1777902265,loop39,0.00,0.00,0.000,0.000,0.00
1777902265,loop4,0.00,0.00,0.000,0.000,0.00
1777902265,loop40,0.00,0.00,0.000,0.000,0.00
1777902265,loop5,0.00,0.00,0.000,0.000,0.00
1777902265,loop6,0.00,0.00,0.000,0.000,0.00
1777902265,loop7,0.00,0.00,0.000,0.000,0.00
1777902265,loop8,0.00,0.00,0.000,0.000,0.00
1777902265,loop9,0.00,0.00,0.000,0.000,0.00
1777902265,nvme0n1,0.00,0.00,0.000,0.000,0.00
1777902266,loop0,0.00,0.00,0.000,0.000,0.00
1777902266,loop1,0.00,0.00,0.000,0.000,0.00
1777902266,loop10,0.00,0.00,0.000,0.000,0.00
1777902266,loop11,0.00,0.00,0.000,0.000,0.00
1777902266,loop12,0.00,0.00,0.000,0.000,0.00
1777902266,loop13,0.00,0.00,0.000,0.000,0.00
1777902266,loop14,0.00,0.00,0.000,0.000,0.00
1777902266,loop15,0.00,0.00,0.000,0.000,0.00
1777902266,loop16,0.00,0.00,0.000,0.000,0.00
1777902266,loop17,0.00,0.00,0.000,0.000,0.00
1777902266,loop18,0.00,0.00,0.000,0.000,0.00
1777902266,loop19,0.00,0.00,0.000,0.000,0.00
1777902266,loop2,0.00,0.00,0.000,0.000,0.00
1777902266,loop20,0.00,0.00,0.000,0.000,0.00
1777902266,loop21,0.00,0.00,0.000,0.000,0.00
1777902266,loop22,0.00,0.00,0.000,0.000,0.00
1777902266,loop23,0.00,0.00,0.000,0.000,0.00
1777902266,loop24,0.00,0.00,0.000,0.000,0.00
1777902266,loop25,0.00,0.00,0.000,0.000,0.00
1777902266,loop26,0.00,0.00,0.000,0.000,0.00
1777902266,loop27,0.00,0.00,0.000,0.000,0.00
1777902266,loop28,0.00,0.00,0.000,0.000,0.00
1777902266,loop29,0.00,0.00,0.000,0.000,0.00
1777902266,loop3,0.00,0.00,0.000,0.000,0.00
1777902266,loop30,0.00,0.00,0.000,0.000,0.00
1777902266,loop31,0.00,0.00,0.000,0.000,0.00
1777902266,loop32,0.00,0.00,0.000,0.000,0.00
1777902266,loop33,0.00,0.00,0.000,0.000,0.00
1777902266,loop34,0.00,0.00,0.000,0.000,0.00
1777902266,loop35,0.00,0.00,0.000,0.000,0.00
1777902266,loop36,0.00,0.00,0.000,0.000,0.00
1777902266,loop37,0.00,0.00,0.000,0.000,0.00
1777902266,loop38,0.00,0.00,0.000,0.000,0.00
1777902266,loop39,0.00,0.00,0.000,0.000,0.00
1777902266,loop4,0.00,0.00,0.000,0.000,0.00
1777902266,loop40,0.00,0.00,0.000,0.000,0.00
1777902266,loop5,0.00,0.00,0.000,0.000,0.00
1777902266,loop6,0.00,0.00,0.000,0.000,0.00
1777902266,loop7,0.00,0.00,0.000,0.000,0.00
1777902266,loop8,0.00,0.00,0.000,0.000,0.00
1777902266,loop9,0.00,0.00,0.000,0.000,0.00
1777902266,nvme0n1,0.00,0.00,0.000,0.000,0.00
1777902267,loop0,0.00,0.00,0.000,0.000,0.00
1777902267,loop1,0.00,0.00,0.000,0.000,0.00
1777902267,loop10,0.00,0.00,0.000,0.000,0.00
1777902267,loop11,0.00,0.00,0.000,0.000,0.00
1777902267,loop12,0.00,0.00,0.000,0.000,0.00
1777902267,loop13,0.00,0.00,0.000,0.000,0.00
1777902267,loop14,0.00,0.00,0.000,0.000,0.00
1777902267,loop15,0.00,0.00,0.000,0.000,0.00
1777902267,loop16,0.00,0.00,0.000,0.000,0.00
1777902267,loop17,0.00,0.00,0.000,0.000,0.00
1777902267,loop18,0.00,0.00,0.000,0.000,0.00
1777902267,loop19,0.00,0.00,0.000,0.000,0.00
1777902267,loop2,0.00,0.00,0.000,0.000,0.00
1777902267,loop20,0.00,0.00,0.000,0.000,0.00
1777902267,loop21,0.00,0.00,0.000,0.000,0.00
1777902267,loop22,0.00,0.00,0.000,0.000,0.00
1777902267,loop23,0.00,0.00,0.000,0.000,0.00
1777902267,loop24,0.00,0.00,0.000,0.000,0.00
1777902267,loop25,0.00,0.00,0.000,0.000,0.00
1777902267,loop26,0.00,0.00,0.000,0.000,0.00
1777902267,loop27,0.00,0.00,0.000,0.000,0.00
1777902267,loop28,0.00,0.00,0.000,0.000,0.00
1777902267,loop29,0.00,0.00,0.000,0.000,0.00
1777902267,loop3,0.00,0.00,0.000,0.000,0.00
1777902267,loop30,0.00,0.00,0.000,0.000,0.00
1777902267,loop31,0.00,0.00,0.000,0.000,0.00
1777902267,loop32,0.00,0.00,0.000,0.000,0.00
1777902267,loop33,0.00,0.00,0.000,0.000,0.00
1777902267,loop34,0.00,0.00,0.000,0.000,0.00
1777902267,loop35,0.00,0.00,0.000,0.000,0.00
1777902267,loop36,0.00,0.00,0.000,0.000,0.00
1777902267,loop37,0.00,0.00,0.000,0.000,0.00
1777902267,loop38,0.00,0.00,0.000,0.000,0.00
1777902267,loop39,0.00,0.00,0.000,0.000,0.00
1777902267,loop4,0.00,0.00,0.000,0.000,0.00
1777902267,loop40,0.00,0.00,0.000,0.000,0.00
1777902267,loop5,0.00,0.00,0.000,0.000,0.00
1777902267,loop6,0.00,0.00,0.000,0.000,0.00
1777902267,loop7,0.00,0.00,0.000,0.000,0.00
1777902267,loop8,0.00,0.00,0.000,0.000,0.00
1777902267,loop9,0.00,0.00,0.000,0.000,0.00
1777902267,nvme0n1,1.00,4.00,0.000,0.000,2.50
1777902268,loop0,0.00,0.00,0.000,0.000,0.00
1777902268,loop1,0.00,0.00,0.000,0.000,0.00
1777902268,loop10,0.00,0.00,0.000,0.000,0.00
1777902268,loop11,0.00,0.00,0.000,0.000,0.00
1777902268,loop12,0.00,0.00,0.000,0.000,0.00
1777902268,loop13,0.00,0.00,0.000,0.000,0.00
1777902268,loop14,0.00,0.00,0.000,0.000,0.00
1777902268,loop15,0.00,0.00,0.000,0.000,0.00
1777902268,loop16,0.00,0.00,0.000,0.000,0.00
1777902268,loop17,0.00,0.00,0.000,0.000,0.00
1777902268,loop18,0.00,0.00,0.000,0.000,0.00
1777902268,loop19,0.00,0.00,0.000,0.000,0.00
1777902268,loop2,0.00,0.00,0.000,0.000,0.00
1777902268,loop20,0.00,0.00,0.000,0.000,0.00
1777902268,loop21,0.00,0.00,0.000,0.000,0.00
1777902268,loop22,0.00,0.00,0.000,0.000,0.00
1777902268,loop23,0.00,0.00,0.000,0.000,0.00
1777902268,loop24,0.00,0.00,0.000,0.000,0.00
1777902268,loop25,0.00,0.00,0.000,0.000,0.00
1777902268,loop26,0.00,0.00,0.000,0.000,0.00
1777902268,loop27,0.00,0.00,0.000,0.000,0.00
1777902268,loop28,0.00,0.00,0.000,0.000,0.00
1777902268,loop29,0.00,0.00,0.000,0.000,0.00
1777902268,loop3,0.00,0.00,0.000,0.000,0.00
1777902268,loop30,0.00,0.00,0.000,0.000,0.00
1777902268,loop31,0.00,0.00,0.000,0.000,0.00
1777902268,loop32,0.00,0.00,0.000,0.000,0.00
1777902268,loop33,0.00,0.00,0.000,0.000,0.00
1777902268,loop34,0.00,0.00,0.000,0.000,0.00
1777902268,loop35,0.00,0.00,0.000,0.000,0.00
1777902268,loop36,0.00,0.00,0.000,0.000,0.00
1777902268,loop37,0.00,0.00,0.000,0.000,0.00
1777902268,loop38,0.00,0.00,0.000,0.000,0.00
1777902268,loop39,0.00,0.00,0.000,0.000,0.00
1777902268,loop4,0.00,0.00,0.000,0.000,0.00
1777902268,loop40,0.00,0.00,0.000,0.000,0.00
1777902268,loop5,0.00,0.00,0.000,0.000,0.00
1777902268,loop6,0.00,0.00,0.000,0.000,0.00
1777902268,loop7,0.00,0.00,0.000,0.000,0.00
1777902268,loop8,0.00,0.00,0.000,0.000,0.00
1777902268,loop9,0.00,0.00,0.000,0.000,0.00
1777902268,nvme0n1,0.00,0.00,0.000,0.000,0.00
1777902269,loop0,0.00,0.00,0.000,0.000,0.00
1777902269,loop1,0.00,0.00,0.000,0.000,0.00
1777902269,loop10,0.00,0.00,0.000,0.000,0.00
1777902269,loop11,0.00,0.00,0.000,0.000,0.00
1777902269,loop12,0.00,0.00,0.000,0.000,0.00
1777902269,loop13,0.00,0.00,0.000,0.000,0.00
1777902269,loop14,0.00,0.00,0.000,0.000,0.00
1777902269,loop15,0.00,0.00,0.000,0.000,0.00
1777902269,loop16,0.00,0.00,0.000,0.000,0.00
1777902269,loop17,0.00,0.00,0.000,0.000,0.00
1777902269,loop18,0.00,0.00,0.000,0.000,0.00
1777902269,loop19,0.00,0.00,0.000,0.000,0.00
1777902269,loop2,0.00,0.00,0.000,0.000,0.00
1777902269,loop20,0.00,0.00,0.000,0.000,0.00
1777902269,loop21,0.00,0.00,0.000,0.000,0.00
1777902269,loop22,0.00,0.00,0.000,0.000,0.00
1777902269,loop23,0.00,0.00,0.000,0.000,0.00
1777902269,loop24,0.00,0.00,0.000,0.000,0.00
1777902269,loop25,0.00,0.00,0.000,0.000,0.00
1777902269,loop26,0.00,0.00,0.000,0.000,0.00
1777902269,loop27,0.00,0.00,0.000,0.000,0.00
1777902269,loop28,0.00,0.00,0.000,0.000,0.00
1777902269,loop29,0.00,0.00,0.000,0.000,0.00
1777902269,loop3,0.00,0.00,0.000,0.000,0.00
1777902269,loop30,0.00,0.00,0.000,0.000,0.00
1777902269,loop31,0.00,0.00,0.000,0.000,0.00
1777902269,loop32,0.00,0.00,0.000,0.000,0.00
1777902269,loop33,0.00,0.00,0.000,0.000,0.00
1777902269,loop34,0.00,0.00,0.000,0.000,0.00
1777902269,loop35,0.00,0.00,0.000,0.000,0.00
1777902269,loop36,0.00,0.00,0.000,0.000,0.00
1777902269,loop37,0.00,0.00,0.000,0.000,0.00
1777902269,loop38,0.00,0.00,0.000,0.000,0.00
1777902269,loop39,0.00,0.00,0.000,0.000,0.00
1777902269,loop4,0.00,0.00,0.000,0.000,0.00
1777902269,loop40,0.00,0.00,0.000,0.000,0.00
1777902269,loop5,0.00,0.00,0.000,0.000,0.00
1777902269,loop6,0.00,0.00,0.000,0.000,0.00
1777902269,loop7,0.00,0.00,0.000,0.000,0.00
1777902269,loop8,0.00,0.00,0.000,0.000,0.00
1777902269,loop9,0.00,0.00,0.000,0.000,0.00
1777902269,nvme0n1,0.00,0.00,0.000,0.000,0.00
1777902270,loop0,0.00,0.00,0.000,0.000,0.00
1777902270,loop1,0.00,0.00,0.000,0.000,0.00
1777902270,loop10,0.00,0.00,0.000,0.000,0.00
1777902270,loop11,0.00,0.00,0.000,0.000,0.00
1777902270,loop12,0.00,0.00,0.000,0.000,0.00
1777902270,loop13,0.00,0.00,0.000,0.000,0.00
1777902270,loop14,0.00,0.00,0.000,0.000,0.00
1777902270,loop15,0.00,0.00,0.000,0.000,0.00
1777902270,loop16,0.00,0.00,0.000,0.000,0.00
1777902270,loop17,0.00,0.00,0.000,0.000,0.00
1777902270,loop18,0.00,0.00,0.000,0.000,0.00
1777902270,loop19,0.00,0.00,0.000,0.000,0.00
1777902270,loop2,0.00,0.00,0.000,0.000,0.00
1777902270,loop20,0.00,0.00,0.000,0.000,0.00
1777902270,loop21,0.00,0.00,0.000,0.000,0.00
1777902270,loop22,0.00,0.00,0.000,0.000,0.00
1777902270,loop23,0.00,0.00,0.000,0.000,0.00
1777902270,loop24,0.00,0.00,0.000,0.000,0.00
1777902270,loop25,0.00,0.00,0.000,0.000,0.00
1777902270,loop26,0.00,0.00,0.000,0.000,0.00
1777902270,loop27,0.00,0.00,0.000,0.000,0.00
1777902270,loop28,0.00,0.00,0.000,0.000,0.00
1777902270,loop29,0.00,0.00,0.000,0.000,0.00
1777902270,loop3,0.00,0.00,0.000,0.000,0.00
1777902270,loop30,0.00,0.00,0.000,0.000,0.00
1777902270,loop31,0.00,0.00,0.000,0.000,0.00
1777902270,loop32,0.00,0.00,0.000,0.000,0.00
1777902270,loop33,0.00,0.00,0.000,0.000,0.00
1777902270,loop34,0.00,0.00,0.000,0.000,0.00
1777902270,loop35,0.00,0.00,0.000,0.000,0.00
1777902270,loop36,0.00,0.00,0.000,0.000,0.00
1777902270,loop37,0.00,0.00,0.000,0.000,0.00
1777902270,loop38,0.00,0.00,0.000,0.000,0.00
1777902270,loop39,0.00,0.00,0.000,0.000,0.00
1777902270,loop4,0.00,0.00,0.000,0.000,0.00
1777902270,loop40,0.00,0.00,0.000,0.000,0.00
1777902270,loop5,0.00,0.00,0.000,0.000,0.00
1777902270,loop6,0.00,0.00,0.000,0.000,0.00
1777902270,loop7,0.00,0.00,0.000,0.000,0.00
1777902270,loop8,0.00,0.00,0.000,0.000,0.00
1777902270,loop9,0.00,0.00,0.000,0.000,0.00
1777902270,nvme0n1,0.00,0.00,0.000,0.000,0.00
1777902271,loop0,0.00,0.00,0.000,0.000,0.00
1777902271,loop1,0.00,0.00,0.000,0.000,0.00
1777902271,loop10,0.00,0.00,0.000,0.000,0.00
1777902271,loop11,0.00,0.00,0.000,0.000,0.00
1777902271,loop12,0.00,0.00,0.000,0.000,0.00
1777902271,loop13,0.00,0.00,0.000,0.000,0.00
1777902271,loop14,0.00,0.00,0.000,0.000,0.00
1777902271,loop15,0.00,0.00,0.000,0.000,0.00
1777902271,loop16,0.00,0.00,0.000,0.000,0.00
1777902271,loop17,0.00,0.00,0.000,0.000,0.00
1777902271,loop18,0.00,0.00,0.000,0.000,0.00
1777902271,loop19,0.00,0.00,0.000,0.000,0.00
1777902271,loop2,0.00,0.00,0.000,0.000,0.00
1777902271,loop20,0.00,0.00,0.000,0.000,0.00
1777902271,loop21,0.00,0.00,0.000,0.000,0.00
1777902271,loop22,0.00,0.00,0.000,0.000,0.00
1777902271,loop23,0.00,0.00,0.000,0.000,0.00
1777902271,loop24,0.00,0.00,0.000,0.000,0.00
1777902271,loop25,0.00,0.00,0.000,0.000,0.00
1777902271,loop26,0.00,0.00,0.000,0.000,0.00
1777902271,loop27,0.00,0.00,0.000,0.000,0.00
1777902271,loop28,0.00,0.00,0.000,0.000,0.00
1777902271,loop29,0.00,0.00,0.000,0.000,0.00
1777902271,loop3,0.00,0.00,0.000,0.000,0.00
1777902271,loop30,0.00,0.00,0.000,0.000,0.00
1777902271,loop31,0.00,0.00,0.000,0.000,0.00
1777902271,loop32,0.00,0.00,0.000,0.000,0.00
1777902271,loop33,0.00,0.00,0.000,0.000,0.00
1777902271,loop34,0.00,0.00,0.000,0.000,0.00
1777902271,loop35,0.00,0.00,0.000,0.000,0.00
1777902271,loop36,0.00,0.00,0.000,0.000,0.00
1777902271,loop37,0.00,0.00,0.000,0.000,0.00
1777902271,loop38,0.00,0.00,0.000,0.000,0.00
1777902271,loop39,0.00,0.00,0.000,0.000,0.00
1777902271,loop4,0.00,0.00,0.000,0.000,0.00
1777902271,loop40,0.00,0.00,0.000,0.000,0.00
1777902271,loop5,0.00,0.00,0.000,0.000,0.00
1777902271,loop6,0.00,0.00,0.000,0.000,0.00
1777902271,loop7,0.00,0.00,0.000,0.000,0.00
1777902271,loop8,0.00,0.00,0.000,0.000,0.00
1777902271,loop9,0.00,0.00,0.000,0.000,0.00
1777902271,nvme0n1,0.00,0.00,0.000,0.000,2.00
1777902272,loop0,0.00,0.00,0.000,0.000,0.00
1777902272,loop1,0.00,0.00,0.000,0.000,0.00
1777902272,loop10,0.00,0.00,0.000,0.000,0.00
1777902272,loop11,0.00,0.00,0.000,0.000,0.00
1777902272,loop12,0.00,0.00,0.000,0.000,0.00
1777902272,loop13,0.00,0.00,0.000,0.000,0.00
1777902272,loop14,0.00,0.00,0.000,0.000,0.00
1777902272,loop15,0.00,0.00,0.000,0.000,0.00
1777902272,loop16,0.00,0.00,0.000,0.000,0.00
1777902272,loop17,0.00,0.00,0.000,0.000,0.00
1777902272,loop18,0.00,0.00,0.000,0.000,0.00
1777902272,loop19,0.00,0.00,0.000,0.000,0.00
1777902272,loop2,0.00,0.00,0.000,0.000,0.00
1777902272,loop20,0.00,0.00,0.000,0.000,0.00
1777902272,loop21,0.00,0.00,0.000,0.000,0.00
1777902272,loop22,0.00,0.00,0.000,0.000,0.00
1777902272,loop23,0.00,0.00,0.000,0.000,0.00
1777902272,loop24,0.00,0.00,0.000,0.000,0.00
1777902272,loop25,0.00,0.00,0.000,0.000,0.00
1777902272,loop26,0.00,0.00,0.000,0.000,0.00
1777902272,loop27,0.00,0.00,0.000,0.000,0.00
1777902272,loop28,0.00,0.00,0.000,0.000,0.00
1777902272,loop29,0.00,0.00,0.000,0.000,0.00
1777902272,loop3,0.00,0.00,0.000,0.000,0.00
1777902272,loop30,0.00,0.00,0.000,0.000,0.00
1777902272,loop31,0.00,0.00,0.000,0.000,0.00
1777902272,loop32,0.00,0.00,0.000,0.000,0.00
1777902272,loop33,0.00,0.00,0.000,0.000,0.00
1777902272,loop34,0.00,0.00,0.000,0.000,0.00
1777902272,loop35,0.00,0.00,0.000,0.000,0.00
1777902272,loop36,0.00,0.00,0.000,0.000,0.00
1777902272,loop37,0.00,0.00,0.000,0.000,0.00
1777902272,loop38,0.00,0.00,0.000,0.000,0.00
1777902272,loop39,0.00,0.00,0.000,0.000,0.00
1777902272,loop4,0.00,0.00,0.000,0.000,0.00
1777902272,loop40,0.00,0.00,0.000,0.000,0.00
1777902272,loop5,0.00,0.00,0.000,0.000,0.00
1777902272,loop6,0.00,0.00,0.000,0.000,0.00
1777902272,loop7,0.00,0.00,0.000,0.000,0.00
1777902272,loop8,0.00,0.00,0.000,0.000,0.00
1777902272,loop9,0.00,0.00,0.000,0.000,0.00
1777902272,nvme0n1,0.00,0.00,0.000,0.000,0.30
1777902273,loop0,0.00,0.00,0.000,0.000,0.00
1777902273,loop1,0.00,0.00,0.000,0.000,0.00
1777902273,loop10,0.00,0.00,0.000,0.000,0.00
1777902273,loop11,0.00,0.00,0.000,0.000,0.00
1777902273,loop12,0.00,0.00,0.000,0.000,0.00
1777902273,loop13,0.00,0.00,0.000,0.000,0.00
1777902273,loop14,0.00,0.00,0.000,0.000,0.00
1777902273,loop15,0.00,0.00,0.000,0.000,0.00
1777902273,loop16,0.00,0.00,0.000,0.000,0.00
1777902273,loop17,0.00,0.00,0.000,0.000,0.00
1777902273,loop18,0.00,0.00,0.000,0.000,0.00
1777902273,loop19,0.00,0.00,0.000,0.000,0.00
1777902273,loop2,0.00,0.00,0.000,0.000,0.00
1777902273,loop20,0.00,0.00,0.000,0.000,0.00
1777902273,loop21,0.00,0.00,0.000,0.000,0.00
1777902273,loop22,0.00,0.00,0.000,0.000,0.00
1777902273,loop23,0.00,0.00,0.000,0.000,0.00
1777902273,loop24,0.00,0.00,0.000,0.000,0.00
1777902273,loop25,0.00,0.00,0.000,0.000,0.00
1777902273,loop26,0.00,0.00,0.000,0.000,0.00
1777902273,loop27,0.00,0.00,0.000,0.000,0.00
1777902273,loop28,0.00,0.00,0.000,0.000,0.00
1777902273,loop29,0.00,0.00,0.000,0.000,0.00
1777902273,loop3,0.00,0.00,0.000,0.000,0.00
1777902273,loop30,0.00,0.00,0.000,0.000,0.00
1777902273,loop31,0.00,0.00,0.000,0.000,0.00
1777902273,loop32,0.00,0.00,0.000,0.000,0.00
1777902273,loop33,0.00,0.00,0.000,0.000,0.00
1777902273,loop34,0.00,0.00,0.000,0.000,0.00
1777902273,loop35,0.00,0.00,0.000,0.000,0.00
1777902273,loop36,0.00,0.00,0.000,0.000,0.00
1777902273,loop37,0.00,0.00,0.000,0.000,0.00
1777902273,loop38,0.00,0.00,0.000,0.000,0.00
1777902273,loop39,0.00,0.00,0.000,0.000,0.00
1777902273,loop4,0.00,0.00,0.000,0.000,0.00
1777902273,loop40,0.00,0.00,0.000,0.000,0.00
1777902273,loop5,0.00,0.00,0.000,0.000,0.00
1777902273,loop6,0.00,0.00,0.000,0.000,0.00
1777902273,loop7,0.00,0.00,0.000,0.000,0.00
1777902273,loop8,0.00,0.00,0.000,0.000,0.00
1777902273,loop9,0.00,0.00,0.000,0.000,0.00
1777902273,nvme0n1,0.00,0.00,0.000,0.000,0.00
1777902274,loop0,0.00,0.00,0.000,0.000,0.00
1777902274,loop1,0.00,0.00,0.000,0.000,0.00
1777902274,loop10,0.00,0.00,0.000,0.000,0.00
1777902274,loop11,0.00,0.00,0.000,0.000,0.00
1777902274,loop12,0.00,0.00,0.000,0.000,0.00
1777902274,loop13,0.00,0.00,0.000,0.000,0.00
1777902274,loop14,0.00,0.00,0.000,0.000,0.00
1777902274,loop15,0.00,0.00,0.000,0.000,0.00
1777902274,loop16,0.00,0.00,0.000,0.000,0.00
1777902274,loop17,0.00,0.00,0.000,0.000,0.00
1777902274,loop18,0.00,0.00,0.000,0.000,0.00
1777902274,loop19,0.00,0.00,0.000,0.000,0.00
1777902274,loop2,0.00,0.00,0.000,0.000,0.00
1777902274,loop20,0.00,0.00,0.000,0.000,0.00
1777902274,loop21,0.00,0.00,0.000,0.000,0.00
1777902274,loop22,0.00,0.00,0.000,0.000,0.00
1777902274,loop23,0.00,0.00,0.000,0.000,0.00
1777902274,loop24,0.00,0.00,0.000,0.000,0.00
1777902274,loop25,0.00,0.00,0.000,0.000,0.00
1777902274,loop26,0.00,0.00,0.000,0.000,0.00
1777902274,loop27,0.00,0.00,0.000,0.000,0.00
1777902274,loop28,0.00,0.00,0.000,0.000,0.00
1777902274,loop29,0.00,0.00,0.000,0.000,0.00
1777902274,loop3,0.00,0.00,0.000,0.000,0.00
1777902274,loop30,0.00,0.00,0.000,0.000,0.00
1777902274,loop31,0.00,0.00,0.000,0.000,0.00
1777902274,loop32,0.00,0.00,0.000,0.000,0.00
1777902274,loop33,0.00,0.00,0.000,0.000,0.00
1777902274,loop34,0.00,0.00,0.000,0.000,0.00
1777902274,loop35,0.00,0.00,0.000,0.000,0.00
1777902274,loop36,0.00,0.00,0.000,0.000,0.00
1777902274,loop37,0.00,0.00,0.000,0.000,0.00
1777902274,loop38,0.00,0.00,0.000,0.000,0.00
1777902274,loop39,0.00,0.00,0.000,0.000,0.00
1777902274,loop4,0.00,0.00,0.000,0.000,0.00
1777902274,loop40,0.00,0.00,0.000,0.000,0.00
1777902274,loop5,0.00,0.00,0.000,0.000,0.00
1777902274,loop6,0.00,0.00,0.000,0.000,0.00
1777902274,loop7,0.00,0.00,0.000,0.000,0.00
1777902274,loop8,0.00,0.00,0.000,0.000,0.00
1777902274,loop9,0.00,0.00,0.000,0.000,0.00
1777902274,nvme0n1,0.00,0.00,0.000,0.000,0.00
1777902275,loop0,0.00,0.00,0.000,0.000,0.00
1777902275,loop1,0.00,0.00,0.000,0.000,0.00
1777902275,loop10,0.00,0.00,0.000,0.000,0.00
1777902275,loop11,0.00,0.00,0.000,0.000,0.00
1777902275,loop12,0.00,0.00,0.000,0.000,0.00
1777902275,loop13,0.00,0.00,0.000,0.000,0.00
1777902275,loop14,0.00,0.00,0.000,0.000,0.00
1777902275,loop15,0.00,0.00,0.000,0.000,0.00
1777902275,loop16,0.00,0.00,0.000,0.000,0.00
1777902275,loop17,0.00,0.00,0.000,0.000,0.00
1777902275,loop18,0.00,0.00,0.000,0.000,0.00
1777902275,loop19,0.00,0.00,0.000,0.000,0.00
1777902275,loop2,0.00,0.00,0.000,0.000,0.00
1777902275,loop20,0.00,0.00,0.000,0.000,0.00
1777902275,loop21,0.00,0.00,0.000,0.000,0.00
1777902275,loop22,0.00,0.00,0.000,0.000,0.00
1777902275,loop23,0.00,0.00,0.000,0.000,0.00
1777902275,loop24,0.00,0.00,0.000,0.000,0.00
1777902275,loop25,0.00,0.00,0.000,0.000,0.00
1777902275,loop26,0.00,0.00,0.000,0.000,0.00
1777902275,loop27,0.00,0.00,0.000,0.000,0.00
1777902275,loop28,0.00,0.00,0.000,0.000,0.00
1777902275,loop29,0.00,0.00,0.000,0.000,0.00
1777902275,loop3,0.00,0.00,0.000,0.000,0.00
1777902275,loop30,0.00,0.00,0.000,0.000,0.00
1777902275,loop31,0.00,0.00,0.000,0.000,0.00
1777902275,loop32,0.00,0.00,0.000,0.000,0.00
1777902275,loop33,0.00,0.00,0.000,0.000,0.00
1777902275,loop34,0.00,0.00,0.000,0.000,0.00
1777902275,loop35,0.00,0.00,0.000,0.000,0.00
1777902275,loop36,0.00,0.00,0.000,0.000,0.00
1777902275,loop37,0.00,0.00,0.000,0.000,0.00
1777902275,loop38,0.00,0.00,0.000,0.000,0.00
1777902275,loop39,0.00,0.00,0.000,0.000,0.00
1777902275,loop4,0.00,0.00,0.000,0.000,0.00
1777902275,loop40,0.00,0.00,0.000,0.000,0.00
1777902275,loop5,0.00,0.00,0.000,0.000,0.00
1777902275,loop6,0.00,0.00,0.000,0.000,0.00
1777902275,loop7,0.00,0.00,0.000,0.000,0.00
1777902275,loop8,0.00,0.00,0.000,0.000,0.00
1777902275,loop9,0.00,0.00,0.000,0.000,0.00
1777902275,nvme0n1,0.00,0.00,0.000,0.000,0.00
1777902276,loop0,0.00,0.00,0.000,0.000,0.00
1777902276,loop1,0.00,0.00,0.000,0.000,0.00
1777902276,loop10,0.00,0.00,0.000,0.000,0.00
1777902276,loop11,0.00,0.00,0.000,0.000,0.00
1777902276,loop12,0.00,0.00,0.000,0.000,0.00
1777902276,loop13,0.00,0.00,0.000,0.000,0.00
1777902276,loop14,0.00,0.00,0.000,0.000,0.00
1777902276,loop15,0.00,0.00,0.000,0.000,0.00
1777902276,loop16,0.00,0.00,0.000,0.000,0.00
1777902276,loop17,0.00,0.00,0.000,0.000,0.00
1777902276,loop18,0.00,0.00,0.000,0.000,0.00
1777902276,loop19,0.00,0.00,0.000,0.000,0.00
1777902276,loop2,0.00,0.00,0.000,0.000,0.00
1777902276,loop20,0.00,0.00,0.000,0.000,0.00
1777902276,loop21,0.00,0.00,0.000,0.000,0.00
1777902276,loop22,0.00,0.00,0.000,0.000,0.00
1777902276,loop23,0.00,0.00,0.000,0.000,0.00
1777902276,loop24,0.00,0.00,0.000,0.000,0.00
1777902276,loop25,0.00,0.00,0.000,0.000,0.00
1777902276,loop26,0.00,0.00,0.000,0.000,0.00
1777902276,loop27,0.00,0.00,0.000,0.000,0.00
1777902276,loop28,0.00,0.00,0.000,0.000,0.00
1777902276,loop29,0.00,0.00,0.000,0.000,0.00
1777902276,loop3,0.00,0.00,0.000,0.000,0.00
1777902276,loop30,0.00,0.00,0.000,0.000,0.00
1777902276,loop31,0.00,0.00,0.000,0.000,0.00
1777902276,loop32,0.00,0.00,0.000,0.000,0.00
1777902276,loop33,0.00,0.00,0.000,0.000,0.00
1777902276,loop34,0.00,0.00,0.000,0.000,0.00
1777902276,loop35,0.00,0.00,0.000,0.000,0.00
1777902276,loop36,0.00,0.00,0.000,0.000,0.00
1777902276,loop37,0.00,0.00,0.000,0.000,0.00
1777902276,loop38,0.00,0.00,0.000,0.000,0.00
1777902276,loop39,0.00,0.00,0.000,0.000,0.00
1777902276,loop4,0.00,0.00,0.000,0.000,0.00
1777902276,loop40,0.00,0.00,0.000,0.000,0.00
1777902276,loop5,0.00,0.00,0.000,0.000,0.00
1777902276,loop6,0.00,0.00,0.000,0.000,0.00
1777902276,loop7,0.00,0.00,0.000,0.000,0.00
1777902276,loop8,0.00,0.00,0.000,0.000,0.00
1777902276,loop9,0.00,0.00,0.000,0.000,0.00
1777902276,nvme0n1,0.00,0.00,0.000,0.000,2.10
1777902277,loop0,0.00,0.00,0.000,0.000,0.00
1777902277,loop1,0.00,0.00,0.000,0.000,0.00
1777902277,loop10,0.00,0.00,0.000,0.000,0.00
1777902277,loop11,0.00,0.00,0.000,0.000,0.00
1777902277,loop12,0.00,0.00,0.000,0.000,0.00
1777902277,loop13,0.00,0.00,0.000,0.000,0.00
1777902277,loop14,0.00,0.00,0.000,0.000,0.00
1777902277,loop15,0.00,0.00,0.000,0.000,0.00
1777902277,loop16,0.00,0.00,0.000,0.000,0.00
1777902277,loop17,0.00,0.00,0.000,0.000,0.00
1777902277,loop18,0.00,0.00,0.000,0.000,0.00
1777902277,loop19,0.00,0.00,0.000,0.000,0.00
1777902277,loop2,0.00,0.00,0.000,0.000,0.00
1777902277,loop20,0.00,0.00,0.000,0.000,0.00
1777902277,loop21,0.00,0.00,0.000,0.000,0.00
1777902277,loop22,0.00,0.00,0.000,0.000,0.00
1777902277,loop23,0.00,0.00,0.000,0.000,0.00
1777902277,loop24,0.00,0.00,0.000,0.000,0.00
1777902277,loop25,0.00,0.00,0.000,0.000,0.00
1777902277,loop26,0.00,0.00,0.000,0.000,0.00
1777902277,loop27,0.00,0.00,0.000,0.000,0.00
1777902277,loop28,0.00,0.00,0.000,0.000,0.00
1777902277,loop29,0.00,0.00,0.000,0.000,0.00
1777902277,loop3,0.00,0.00,0.000,0.000,0.00
1777902277,loop30,0.00,0.00,0.000,0.000,0.00
1777902277,loop31,0.00,0.00,0.000,0.000,0.00
1777902277,loop32,0.00,0.00,0.000,0.000,0.00
1777902277,loop33,0.00,0.00,0.000,0.000,0.00
1777902277,loop34,0.00,0.00,0.000,0.000,0.00
1777902277,loop35,0.00,0.00,0.000,0.000,0.00
1777902277,loop36,0.00,0.00,0.000,0.000,0.00
1777902277,loop37,0.00,0.00,0.000,0.000,0.00
1777902277,loop38,0.00,0.00,0.000,0.000,0.00
1777902277,loop39,0.00,0.00,0.000,0.000,0.00
1777902277,loop4,0.00,0.00,0.000,0.000,0.00
1777902277,loop40,0.00,0.00,0.000,0.000,0.00
1777902277,loop5,0.00,0.00,0.000,0.000,0.00
1777902277,loop6,0.00,0.00,0.000,0.000,0.00
1777902277,loop7,0.00,0.00,0.000,0.000,0.00
1777902277,loop8,0.00,0.00,0.000,0.000,0.00
1777902277,loop9,0.00,0.00,0.000,0.000,0.00
1777902277,nvme0n1,0.00,0.00,0.000,0.000,0.00
1777902278,loop0,0.00,0.00,0.000,0.000,0.00
1777902278,loop1,0.00,0.00,0.000,0.000,0.00
1777902278,loop10,0.00,0.00,0.000,0.000,0.00
1777902278,loop11,0.00,0.00,0.000,0.000,0.00
1777902278,loop12,0.00,0.00,0.000,0.000,0.00
1777902278,loop13,0.00,0.00,0.000,0.000,0.00
1777902278,loop14,0.00,0.00,0.000,0.000,0.00
1777902278,loop15,0.00,0.00,0.000,0.000,0.00
1777902278,loop16,0.00,0.00,0.000,0.000,0.00
1777902278,loop17,0.00,0.00,0.000,0.000,0.00
1777902278,loop18,0.00,0.00,0.000,0.000,0.00
1777902278,loop19,0.00,0.00,0.000,0.000,0.00
1777902278,loop2,0.00,0.00,0.000,0.000,0.00
1777902278,loop20,0.00,0.00,0.000,0.000,0.00
1777902278,loop21,0.00,0.00,0.000,0.000,0.00
1777902278,loop22,0.00,0.00,0.000,0.000,0.00
1777902278,loop23,0.00,0.00,0.000,0.000,0.00
1777902278,loop24,0.00,0.00,0.000,0.000,0.00
1777902278,loop25,0.00,0.00,0.000,0.000,0.00
1777902278,loop26,0.00,0.00,0.000,0.000,0.00
1777902278,loop27,0.00,0.00,0.000,0.000,0.00
1777902278,loop28,0.00,0.00,0.000,0.000,0.00
1777902278,loop29,0.00,0.00,0.000,0.000,0.00
1777902278,loop3,0.00,0.00,0.000,0.000,0.00
1777902278,loop30,0.00,0.00,0.000,0.000,0.00
1777902278,loop31,0.00,0.00,0.000,0.000,0.00
1777902278,loop32,0.00,0.00,0.000,0.000,0.00
1777902278,loop33,0.00,0.00,0.000,0.000,0.00
1777902278,loop34,0.00,0.00,0.000,0.000,0.00
1777902278,loop35,0.00,0.00,0.000,0.000,0.00
1777902278,loop36,0.00,0.00,0.000,0.000,0.00
1777902278,loop37,0.00,0.00,0.000,0.000,0.00
1777902278,loop38,0.00,0.00,0.000,0.000,0.00
1777902278,loop39,0.00,0.00,0.000,0.000,0.00
1777902278,loop4,0.00,0.00,0.000,0.000,0.00
1777902278,loop40,0.00,0.00,0.000,0.000,0.00
1777902278,loop5,0.00,0.00,0.000,0.000,0.00
1777902278,loop6,0.00,0.00,0.000,0.000,0.00
1777902278,loop7,0.00,0.00,0.000,0.000,0.00
1777902278,loop8,0.00,0.00,0.000,0.000,0.00
1777902278,loop9,0.00,0.00,0.000,0.000,0.00
1777902278,nvme0n1,0.00,0.00,0.000,0.000,0.30
1777902279,loop0,0.00,0.00,0.000,0.000,0.00
1777902279,loop1,0.00,0.00,0.000,0.000,0.00
1777902279,loop10,0.00,0.00,0.000,0.000,0.00
1777902279,loop11,0.00,0.00,0.000,0.000,0.00
1777902279,loop12,0.00,0.00,0.000,0.000,0.00
1777902279,loop13,0.00,0.00,0.000,0.000,0.00
1777902279,loop14,0.00,0.00,0.000,0.000,0.00
1777902279,loop15,0.00,0.00,0.000,0.000,0.00
1777902279,loop16,0.00,0.00,0.000,0.000,0.00
1777902279,loop17,0.00,0.00,0.000,0.000,0.00
1777902279,loop18,0.00,0.00,0.000,0.000,0.00
1777902279,loop19,0.00,0.00,0.000,0.000,0.00
1777902279,loop2,0.00,0.00,0.000,0.000,0.00
1777902279,loop20,0.00,0.00,0.000,0.000,0.00
1777902279,loop21,0.00,0.00,0.000,0.000,0.00
1777902279,loop22,0.00,0.00,0.000,0.000,0.00
1777902279,loop23,0.00,0.00,0.000,0.000,0.00
1777902279,loop24,0.00,0.00,0.000,0.000,0.00
1777902279,loop25,0.00,0.00,0.000,0.000,0.00
1777902279,loop26,0.00,0.00,0.000,0.000,0.00
1777902279,loop27,0.00,0.00,0.000,0.000,0.00
1777902279,loop28,0.00,0.00,0.000,0.000,0.00
1777902279,loop29,0.00,0.00,0.000,0.000,0.00
1777902279,loop3,0.00,0.00,0.000,0.000,0.00
1777902279,loop30,0.00,0.00,0.000,0.000,0.00
1777902279,loop31,0.00,0.00,0.000,0.000,0.00
1777902279,loop32,0.00,0.00,0.000,0.000,0.00
1777902279,loop33,0.00,0.00,0.000,0.000,0.00
1777902279,loop34,0.00,0.00,0.000,0.000,0.00
1777902279,loop35,0.00,0.00,0.000,0.000,0.00
1777902279,loop36,0.00,0.00,0.000,0.000,0.00
1777902279,loop37,0.00,0.00,0.000,0.000,0.00
1777902279,loop38,0.00,0.00,0.000,0.000,0.00
1777902279,loop39,0.00,0.00,0.000,0.000,0.00
1777902279,loop4,0.00,0.00,0.000,0.000,0.00
1777902279,loop40,0.00,0.00,0.000,0.000,0.00
1777902279,loop5,0.00,0.00,0.000,0.000,0.00
1777902279,loop6,0.00,0.00,0.000,0.000,0.00
1777902279,loop7,0.00,0.00,0.000,0.000,0.00
1777902279,loop8,0.00,0.00,0.000,0.000,0.00
1777902279,loop9,0.00,0.00,0.000,0.000,0.00
1777902279,nvme0n1,0.00,0.00,0.000,0.000,0.00
1777902280,loop0,0.00,0.00,0.000,0.000,0.00
1777902280,loop1,0.00,0.00,0.000,0.000,0.00
1777902280,loop10,0.00,0.00,0.000,0.000,0.00
1777902280,loop11,0.00,0.00,0.000,0.000,0.00
1777902280,loop12,0.00,0.00,0.000,0.000,0.00
1777902280,loop13,0.00,0.00,0.000,0.000,0.00
1777902280,loop14,0.00,0.00,0.000,0.000,0.00
1777902280,loop15,0.00,0.00,0.000,0.000,0.00
1777902280,loop16,0.00,0.00,0.000,0.000,0.00
1777902280,loop17,0.00,0.00,0.000,0.000,0.00
1777902280,loop18,0.00,0.00,0.000,0.000,0.00
1777902280,loop19,0.00,0.00,0.000,0.000,0.00
1777902280,loop2,0.00,0.00,0.000,0.000,0.00
1777902280,loop20,0.00,0.00,0.000,0.000,0.00
1777902280,loop21,0.00,0.00,0.000,0.000,0.00
1777902280,loop22,0.00,0.00,0.000,0.000,0.00
1777902280,loop23,0.00,0.00,0.000,0.000,0.00
1777902280,loop24,0.00,0.00,0.000,0.000,0.00
1777902280,loop25,0.00,0.00,0.000,0.000,0.00
1777902280,loop26,0.00,0.00,0.000,0.000,0.00
1777902280,loop27,0.00,0.00,0.000,0.000,0.00
1777902280,loop28,0.00,0.00,0.000,0.000,0.00
1777902280,loop29,0.00,0.00,0.000,0.000,0.00
1777902280,loop3,0.00,0.00,0.000,0.000,0.00
1777902280,loop30,0.00,0.00,0.000,0.000,0.00
1777902280,loop31,0.00,0.00,0.000,0.000,0.00
1777902280,loop32,0.00,0.00,0.000,0.000,0.00
1777902280,loop33,0.00,0.00,0.000,0.000,0.00
1777902280,loop34,0.00,0.00,0.000,0.000,0.00
1777902280,loop35,0.00,0.00,0.000,0.000,0.00
1777902280,loop36,0.00,0.00,0.000,0.000,0.00
1777902280,loop37,0.00,0.00,0.000,0.000,0.00
1777902280,loop38,0.00,0.00,0.000,0.000,0.00
1777902280,loop39,0.00,0.00,0.000,0.000,0.00
1777902280,loop4,0.00,0.00,0.000,0.000,0.00
1777902280,loop40,0.00,0.00,0.000,0.000,0.00
1777902280,loop5,0.00,0.00,0.000,0.000,0.00
1777902280,loop6,0.00,0.00,0.000,0.000,0.00
1777902280,loop7,0.00,0.00,0.000,0.000,0.00
1777902280,loop8,0.00,0.00,0.000,0.000,0.00
1777902280,loop9,0.00,0.00,0.000,0.000,0.00
1777902280,nvme0n1,1.00,4.00,0.000,0.000,2.20
1777902281,loop0,0.00,0.00,0.000,0.000,0.00
1777902281,loop1,0.00,0.00,0.000,0.000,0.00
1777902281,loop10,0.00,0.00,0.000,0.000,0.00
1777902281,loop11,0.00,0.00,0.000,0.000,0.00
1777902281,loop12,0.00,0.00,0.000,0.000,0.00
1777902281,loop13,0.00,0.00,0.000,0.000,0.00
1777902281,loop14,0.00,0.00,0.000,0.000,0.00
1777902281,loop15,0.00,0.00,0.000,0.000,0.00
1777902281,loop16,0.00,0.00,0.000,0.000,0.00
1777902281,loop17,0.00,0.00,0.000,0.000,0.00
1777902281,loop18,0.00,0.00,0.000,0.000,0.00
1777902281,loop19,0.00,0.00,0.000,0.000,0.00
1777902281,loop2,0.00,0.00,0.000,0.000,0.00
1777902281,loop20,0.00,0.00,0.000,0.000,0.00
1777902281,loop21,0.00,0.00,0.000,0.000,0.00
1777902281,loop22,0.00,0.00,0.000,0.000,0.00
1777902281,loop23,0.00,0.00,0.000,0.000,0.00
1777902281,loop24,0.00,0.00,0.000,0.000,0.00
1777902281,loop25,0.00,0.00,0.000,0.000,0.00
1777902281,loop26,0.00,0.00,0.000,0.000,0.00
1777902281,loop27,0.00,0.00,0.000,0.000,0.00
1777902281,loop28,0.00,0.00,0.000,0.000,0.00
1777902281,loop29,0.00,0.00,0.000,0.000,0.00
1777902281,loop3,0.00,0.00,0.000,0.000,0.00
1777902281,loop30,0.00,0.00,0.000,0.000,0.00
1777902281,loop31,0.00,0.00,0.000,0.000,0.00
1777902281,loop32,0.00,0.00,0.000,0.000,0.00
1777902281,loop33,0.00,0.00,0.000,0.000,0.00
1777902281,loop34,0.00,0.00,0.000,0.000,0.00
1777902281,loop35,0.00,0.00,0.000,0.000,0.00
1777902281,loop36,0.00,0.00,0.000,0.000,0.00
1777902281,loop37,0.00,0.00,0.000,0.000,0.00
1777902281,loop38,0.00,0.00,0.000,0.000,0.00
1777902281,loop39,0.00,0.00,0.000,0.000,0.00
1777902281,loop4,0.00,0.00,0.000,0.000,0.00
1777902281,loop40,0.00,0.00,0.000,0.000,0.00
1777902281,loop5,0.00,0.00,0.000,0.000,0.00
1777902281,loop6,0.00,0.00,0.000,0.000,0.00
1777902281,loop7,0.00,0.00,0.000,0.000,0.00
1777902281,loop8,0.00,0.00,0.000,0.000,0.00
1777902281,loop9,0.00,0.00,0.000,0.000,0.00
1777902281,nvme0n1,0.00,0.00,0.000,0.000,0.00
1777902282,loop0,0.00,0.00,0.000,0.000,0.00
1777902282,loop1,0.00,0.00,0.000,0.000,0.00
1777902282,loop10,0.00,0.00,0.000,0.000,0.00
1777902282,loop11,0.00,0.00,0.000,0.000,0.00
1777902282,loop12,0.00,0.00,0.000,0.000,0.00
1777902282,loop13,0.00,0.00,0.000,0.000,0.00
1777902282,loop14,0.00,0.00,0.000,0.000,0.00
1777902282,loop15,0.00,0.00,0.000,0.000,0.00
1777902282,loop16,0.00,0.00,0.000,0.000,0.00
1777902282,loop17,0.00,0.00,0.000,0.000,0.00
1777902282,loop18,0.00,0.00,0.000,0.000,0.00
1777902282,loop19,0.00,0.00,0.000,0.000,0.00
1777902282,loop2,0.00,0.00,0.000,0.000,0.00
1777902282,loop20,0.00,0.00,0.000,0.000,0.00
1777902282,loop21,0.00,0.00,0.000,0.000,0.00
1777902282,loop22,0.00,0.00,0.000,0.000,0.00
1777902282,loop23,0.00,0.00,0.000,0.000,0.00
1777902282,loop24,0.00,0.00,0.000,0.000,0.00
1777902282,loop25,0.00,0.00,0.000,0.000,0.00
1777902282,loop26,0.00,0.00,0.000,0.000,0.00
1777902282,loop27,0.00,0.00,0.000,0.000,0.00
1777902282,loop28,0.00,0.00,0.000,0.000,0.00
1777902282,loop29,0.00,0.00,0.000,0.000,0.00
1777902282,loop3,0.00,0.00,0.000,0.000,0.00
1777902282,loop30,0.00,0.00,0.000,0.000,0.00
1777902282,loop31,0.00,0.00,0.000,0.000,0.00
1777902282,loop32,0.00,0.00,0.000,0.000,0.00
1777902282,loop33,0.00,0.00,0.000,0.000,0.00
1777902282,loop34,0.00,0.00,0.000,0.000,0.00
1777902282,loop35,0.00,0.00,0.000,0.000,0.00
1777902282,loop36,0.00,0.00,0.000,0.000,0.00
1777902282,loop37,0.00,0.00,0.000,0.000,0.00
1777902282,loop38,0.00,0.00,0.000,0.000,0.00
1777902282,loop39,0.00,0.00,0.000,0.000,0.00
1777902282,loop4,0.00,0.00,0.000,0.000,0.00
1777902282,loop40,0.00,0.00,0.000,0.000,0.00
1777902282,loop5,0.00,0.00,0.000,0.000,0.00
1777902282,loop6,0.00,0.00,0.000,0.000,0.00
1777902282,loop7,0.00,0.00,0.000,0.000,0.00
1777902282,loop8,0.00,0.00,0.000,0.000,0.00
1777902282,loop9,0.00,0.00,0.000,0.000,0.00
1777902282,nvme0n1,0.00,0.00,0.000,0.000,0.70
1777902283,loop0,0.00,0.00,0.000,0.000,0.00
1777902283,loop1,0.00,0.00,0.000,0.000,0.00
1777902283,loop10,0.00,0.00,0.000,0.000,0.00
1777902283,loop11,0.00,0.00,0.000,0.000,0.00
1777902283,loop12,0.00,0.00,0.000,0.000,0.00
1777902283,loop13,0.00,0.00,0.000,0.000,0.00
1777902283,loop14,0.00,0.00,0.000,0.000,0.00
1777902283,loop15,0.00,0.00,0.000,0.000,0.00
1777902283,loop16,0.00,0.00,0.000,0.000,0.00
1777902283,loop17,0.00,0.00,0.000,0.000,0.00
1777902283,loop18,0.00,0.00,0.000,0.000,0.00
1777902283,loop19,0.00,0.00,0.000,0.000,0.00
1777902283,loop2,0.00,0.00,0.000,0.000,0.00
1777902283,loop20,0.00,0.00,0.000,0.000,0.00
1777902283,loop21,0.00,0.00,0.000,0.000,0.00
1777902283,loop22,0.00,0.00,0.000,0.000,0.00
1777902283,loop23,0.00,0.00,0.000,0.000,0.00
1777902283,loop24,0.00,0.00,0.000,0.000,0.00
1777902283,loop25,0.00,0.00,0.000,0.000,0.00
1777902283,loop26,0.00,0.00,0.000,0.000,0.00
1777902283,loop27,0.00,0.00,0.000,0.000,0.00
1777902283,loop28,0.00,0.00,0.000,0.000,0.00
1777902283,loop29,0.00,0.00,0.000,0.000,0.00
1777902283,loop3,0.00,0.00,0.000,0.000,0.00
1777902283,loop30,0.00,0.00,0.000,0.000,0.00
1777902283,loop31,0.00,0.00,0.000,0.000,0.00
1777902283,loop32,0.00,0.00,0.000,0.000,0.00
1777902283,loop33,0.00,0.00,0.000,0.000,0.00
1777902283,loop34,0.00,0.00,0.000,0.000,0.00
1777902283,loop35,0.00,0.00,0.000,0.000,0.00
1777902283,loop36,0.00,0.00,0.000,0.000,0.00
1777902283,loop37,0.00,0.00,0.000,0.000,0.00
1777902283,loop38,0.00,0.00,0.000,0.000,0.00
1777902283,loop39,0.00,0.00,0.000,0.000,0.00
1777902283,loop4,0.00,0.00,0.000,0.000,0.00
1777902283,loop40,0.00,0.00,0.000,0.000,0.00
1777902283,loop5,0.00,0.00,0.000,0.000,0.00
1777902283,loop6,0.00,0.00,0.000,0.000,0.00
1777902283,loop7,0.00,0.00,0.000,0.000,0.00
1777902283,loop8,0.00,0.00,0.000,0.000,0.00
1777902283,loop9,0.00,0.00,0.000,0.000,0.00
1777902283,nvme0n1,0.00,0.00,0.000,0.000,0.00
1777902284,loop0,0.00,0.00,0.000,0.000,0.00
1777902284,loop1,0.00,0.00,0.000,0.000,0.00
1777902284,loop10,0.00,0.00,0.000,0.000,0.00
1777902284,loop11,0.00,0.00,0.000,0.000,0.00
1777902284,loop12,0.00,0.00,0.000,0.000,0.00
1777902284,loop13,0.00,0.00,0.000,0.000,0.00
1777902284,loop14,0.00,0.00,0.000,0.000,0.00
1777902284,loop15,0.00,0.00,0.000,0.000,0.00
1777902284,loop16,0.00,0.00,0.000,0.000,0.00
1777902284,loop17,0.00,0.00,0.000,0.000,0.00
1777902284,loop18,0.00,0.00,0.000,0.000,0.00
1777902284,loop19,0.00,0.00,0.000,0.000,0.00
1777902284,loop2,0.00,0.00,0.000,0.000,0.00
1777902284,loop20,0.00,0.00,0.000,0.000,0.00
1777902284,loop21,0.00,0.00,0.000,0.000,0.00
1777902284,loop22,0.00,0.00,0.000,0.000,0.00
1777902284,loop23,0.00,0.00,0.000,0.000,0.00
1777902284,loop24,0.00,0.00,0.000,0.000,0.00
1777902284,loop25,0.00,0.00,0.000,0.000,0.00
1777902284,loop26,0.00,0.00,0.000,0.000,0.00
1777902284,loop27,0.00,0.00,0.000,0.000,0.00
1777902284,loop28,0.00,0.00,0.000,0.000,0.00
1777902284,loop29,0.00,0.00,0.000,0.000,0.00
1777902284,loop3,0.00,0.00,0.000,0.000,0.00
1777902284,loop30,0.00,0.00,0.000,0.000,0.00
1777902284,loop31,0.00,0.00,0.000,0.000,0.00
1777902284,loop32,0.00,0.00,0.000,0.000,0.00
1777902284,loop33,0.00,0.00,0.000,0.000,0.00
1777902284,loop34,0.00,0.00,0.000,0.000,0.00
1777902284,loop35,0.00,0.00,0.000,0.000,0.00
1777902284,loop36,0.00,0.00,0.000,0.000,0.00
1777902284,loop37,0.00,0.00,0.000,0.000,0.00
1777902284,loop38,0.00,0.00,0.000,0.000,0.00
1777902284,loop39,0.00,0.00,0.000,0.000,0.00
1777902284,loop4,0.00,0.00,0.000,0.000,0.00
1777902284,loop40,0.00,0.00,0.000,0.000,0.00
1777902284,loop5,0.00,0.00,0.000,0.000,0.00
1777902284,loop6,0.00,0.00,0.000,0.000,0.00
1777902284,loop7,0.00,0.00,0.000,0.000,0.00
1777902284,loop8,0.00,0.00,0.000,0.000,0.00
1777902284,loop9,0.00,0.00,0.000,0.000,0.00
1777902284,nvme0n1,4.00,16.00,0.000,0.000,0.00
1777902285,loop0,0.00,0.00,0.000,0.000,0.00
1777902285,loop1,0.00,0.00,0.000,0.000,0.00
1777902285,loop10,0.00,0.00,0.000,0.000,0.00
1777902285,loop11,0.00,0.00,0.000,0.000,0.00
1777902285,loop12,0.00,0.00,0.000,0.000,0.00
1777902285,loop13,0.00,0.00,0.000,0.000,0.00
1777902285,loop14,0.00,0.00,0.000,0.000,0.00
1777902285,loop15,0.00,0.00,0.000,0.000,0.00
1777902285,loop16,0.00,0.00,0.000,0.000,0.00
1777902285,loop17,0.00,0.00,0.000,0.000,0.00
1777902285,loop18,0.00,0.00,0.000,0.000,0.00
1777902285,loop19,0.00,0.00,0.000,0.000,0.00
1777902285,loop2,0.00,0.00,0.000,0.000,0.00
1777902285,loop20,0.00,0.00,0.000,0.000,0.00
1777902285,loop21,0.00,0.00,0.000,0.000,0.00
1777902285,loop22,0.00,0.00,0.000,0.000,0.00
1777902285,loop23,0.00,0.00,0.000,0.000,0.00
1777902285,loop24,0.00,0.00,0.000,0.000,0.00
1777902285,loop25,0.00,0.00,0.000,0.000,0.00
1777902285,loop26,0.00,0.00,0.000,0.000,0.00
1777902285,loop27,0.00,0.00,0.000,0.000,0.00
1777902285,loop28,0.00,0.00,0.000,0.000,0.00
1777902285,loop29,0.00,0.00,0.000,0.000,0.00
1777902285,loop3,0.00,0.00,0.000,0.000,0.00
1777902285,loop30,0.00,0.00,0.000,0.000,0.00
1777902285,loop31,0.00,0.00,0.000,0.000,0.00
1777902285,loop32,0.00,0.00,0.000,0.000,0.00
1777902285,loop33,0.00,0.00,0.000,0.000,0.00
1777902285,loop34,0.00,0.00,0.000,0.000,0.00
1777902285,loop35,0.00,0.00,0.000,0.000,0.00
1777902285,loop36,0.00,0.00,0.000,0.000,0.00
1777902285,loop37,0.00,0.00,0.000,0.000,0.00
1777902285,loop38,0.00,0.00,0.000,0.000,0.00
1777902285,loop39,0.00,0.00,0.000,0.000,0.00
1777902285,loop4,0.00,0.00,0.000,0.000,0.00
1777902285,loop40,0.00,0.00,0.000,0.000,0.00
1777902285,loop5,0.00,0.00,0.000,0.000,0.00
1777902285,loop6,0.00,0.00,0.000,0.000,0.00
1777902285,loop7,0.00,0.00,0.000,0.000,0.00
1777902285,loop8,0.00,0.00,0.000,0.000,0.00
1777902285,loop9,0.00,0.00,0.000,0.000,0.00
1777902285,nvme0n1,0.00,0.00,0.000,0.000,0.00
1777902286,loop0,0.00,0.00,0.000,0.000,0.00
1777902286,loop1,0.00,0.00,0.000,0.000,0.00
1777902286,loop10,0.00,0.00,0.000,0.000,0.00
1777902286,loop11,0.00,0.00,0.000,0.000,0.00
1777902286,loop12,0.00,0.00,0.000,0.000,0.00
1777902286,loop13,0.00,0.00,0.000,0.000,0.00
1777902286,loop14,0.00,0.00,0.000,0.000,0.00
1777902286,loop15,0.00,0.00,0.000,0.000,0.00
1777902286,loop16,0.00,0.00,0.000,0.000,0.00
1777902286,loop17,0.00,0.00,0.000,0.000,0.00
1777902286,loop18,0.00,0.00,0.000,0.000,0.00
1777902286,loop19,0.00,0.00,0.000,0.000,0.00
1777902286,loop2,0.00,0.00,0.000,0.000,0.00
1777902286,loop20,0.00,0.00,0.000,0.000,0.00
1777902286,loop21,0.00,0.00,0.000,0.000,0.00
1777902286,loop22,0.00,0.00,0.000,0.000,0.00
1777902286,loop23,0.00,0.00,0.000,0.000,0.00
1777902286,loop24,0.00,0.00,0.000,0.000,0.00
1777902286,loop25,0.00,0.00,0.000,0.000,0.00
1777902286,loop26,0.00,0.00,0.000,0.000,0.00
1777902286,loop27,0.00,0.00,0.000,0.000,0.00
1777902286,loop28,0.00,0.00,0.000,0.000,0.00
1777902286,loop29,0.00,0.00,0.000,0.000,0.00
1777902286,loop3,0.00,0.00,0.000,0.000,0.00
1777902286,loop30,0.00,0.00,0.000,0.000,0.00
1777902286,loop31,0.00,0.00,0.000,0.000,0.00
1777902286,loop32,0.00,0.00,0.000,0.000,0.00
1777902286,loop33,0.00,0.00,0.000,0.000,0.00
1777902286,loop34,0.00,0.00,0.000,0.000,0.00
1777902286,loop35,0.00,0.00,0.000,0.000,0.00
1777902286,loop36,0.00,0.00,0.000,0.000,0.00
1777902286,loop37,0.00,0.00,0.000,0.000,0.00
1777902286,loop38,0.00,0.00,0.000,0.000,0.00
1777902286,loop39,0.00,0.00,0.000,0.000,0.00
1777902286,loop4,0.00,0.00,0.000,0.000,0.00
1777902286,loop40,0.00,0.00,0.000,0.000,0.00
1777902286,loop5,0.00,0.00,0.000,0.000,0.00
1777902286,loop6,0.00,0.00,0.000,0.000,0.00
1777902286,loop7,0.00,0.00,0.000,0.000,0.00
1777902286,loop8,0.00,0.00,0.000,0.000,0.00
1777902286,loop9,0.00,0.00,0.000,0.000,0.00
1777902286,nvme0n1,0.00,0.00,0.000,0.000,2.10
1777902287,loop0,0.00,0.00,0.000,0.000,0.00
1777902287,loop1,0.00,0.00,0.000,0.000,0.00
1777902287,loop10,0.00,0.00,0.000,0.000,0.00
1777902287,loop11,0.00,0.00,0.000,0.000,0.00
1777902287,loop12,0.00,0.00,0.000,0.000,0.00
1777902287,loop13,0.00,0.00,0.000,0.000,0.00
1777902287,loop14,0.00,0.00,0.000,0.000,0.00
1777902287,loop15,0.00,0.00,0.000,0.000,0.00
1777902287,loop16,0.00,0.00,0.000,0.000,0.00
1777902287,loop17,0.00,0.00,0.000,0.000,0.00
1777902287,loop18,0.00,0.00,0.000,0.000,0.00
1777902287,loop19,0.00,0.00,0.000,0.000,0.00
1777902287,loop2,0.00,0.00,0.000,0.000,0.00
1777902287,loop20,0.00,0.00,0.000,0.000,0.00
1777902287,loop21,0.00,0.00,0.000,0.000,0.00
1777902287,loop22,0.00,0.00,0.000,0.000,0.00
1777902287,loop23,0.00,0.00,0.000,0.000,0.00
1777902287,loop24,0.00,0.00,0.000,0.000,0.00
1777902287,loop25,0.00,0.00,0.000,0.000,0.00
1777902287,loop26,0.00,0.00,0.000,0.000,0.00
1777902287,loop27,0.00,0.00,0.000,0.000,0.00
1777902287,loop28,0.00,0.00,0.000,0.000,0.00
1777902287,loop29,0.00,0.00,0.000,0.000,0.00
1777902287,loop3,0.00,0.00,0.000,0.000,0.00
1777902287,loop30,0.00,0.00,0.000,0.000,0.00
1777902287,loop31,0.00,0.00,0.000,0.000,0.00
1777902287,loop32,0.00,0.00,0.000,0.000,0.00
1777902287,loop33,0.00,0.00,0.000,0.000,0.00
1777902287,loop34,0.00,0.00,0.000,0.000,0.00
1777902287,loop35,0.00,0.00,0.000,0.000,0.00
1777902287,loop36,0.00,0.00,0.000,0.000,0.00
1777902287,loop37,0.00,0.00,0.000,0.000,0.00
1777902287,loop38,0.00,0.00,0.000,0.000,0.00
1777902287,loop39,0.00,0.00,0.000,0.000,0.00
1777902287,loop4,0.00,0.00,0.000,0.000,0.00
1777902287,loop40,0.00,0.00,0.000,0.000,0.00
1777902287,loop5,0.00,0.00,0.000,0.000,0.00
1777902287,loop6,0.00,0.00,0.000,0.000,0.00
1777902287,loop7,0.00,0.00,0.000,0.000,0.00
1777902287,loop8,0.00,0.00,0.000,0.000,0.00
1777902287,loop9,0.00,0.00,0.000,0.000,0.00
1777902287,nvme0n1,0.00,0.00,0.000,0.000,0.20
1777902288,loop0,0.00,0.00,0.000,0.000,0.00
1777902288,loop1,0.00,0.00,0.000,0.000,0.00
1777902288,loop10,0.00,0.00,0.000,0.000,0.00
1777902288,loop11,0.00,0.00,0.000,0.000,0.00
1777902288,loop12,0.00,0.00,0.000,0.000,0.00
1777902288,loop13,0.00,0.00,0.000,0.000,0.00
1777902288,loop14,0.00,0.00,0.000,0.000,0.00
1777902288,loop15,0.00,0.00,0.000,0.000,0.00
1777902288,loop16,0.00,0.00,0.000,0.000,0.00
1777902288,loop17,0.00,0.00,0.000,0.000,0.00
1777902288,loop18,0.00,0.00,0.000,0.000,0.00
1777902288,loop19,0.00,0.00,0.000,0.000,0.00
1777902288,loop2,0.00,0.00,0.000,0.000,0.00
1777902288,loop20,0.00,0.00,0.000,0.000,0.00
1777902288,loop21,0.00,0.00,0.000,0.000,0.00
1777902288,loop22,0.00,0.00,0.000,0.000,0.00
1777902288,loop23,0.00,0.00,0.000,0.000,0.00
1777902288,loop24,0.00,0.00,0.000,0.000,0.00
1777902288,loop25,0.00,0.00,0.000,0.000,0.00
1777902288,loop26,0.00,0.00,0.000,0.000,0.00
1777902288,loop27,0.00,0.00,0.000,0.000,0.00
1777902288,loop28,0.00,0.00,0.000,0.000,0.00
1777902288,loop29,0.00,0.00,0.000,0.000,0.00
1777902288,loop3,0.00,0.00,0.000,0.000,0.00
1777902288,loop30,0.00,0.00,0.000,0.000,0.00
1777902288,loop31,0.00,0.00,0.000,0.000,0.00
1777902288,loop32,0.00,0.00,0.000,0.000,0.00
1777902288,loop33,0.00,0.00,0.000,0.000,0.00
1777902288,loop34,0.00,0.00,0.000,0.000,0.00
1777902288,loop35,0.00,0.00,0.000,0.000,0.00
1777902288,loop36,0.00,0.00,0.000,0.000,0.00
1777902288,loop37,0.00,0.00,0.000,0.000,0.00
1777902288,loop38,0.00,0.00,0.000,0.000,0.00
1777902288,loop39,0.00,0.00,0.000,0.000,0.00
1777902288,loop4,0.00,0.00,0.000,0.000,0.00
1777902288,loop40,0.00,0.00,0.000,0.000,0.00
1777902288,loop5,0.00,0.00,0.000,0.000,0.00
1777902288,loop6,0.00,0.00,0.000,0.000,0.00
1777902288,loop7,0.00,0.00,0.000,0.000,0.00
1777902288,loop8,0.00,0.00,0.000,0.000,0.00
1777902288,loop9,0.00,0.00,0.000,0.000,0.00
1777902288,nvme0n1,0.00,0.00,0.000,0.000,0.00
1777902289,loop0,0.00,0.00,0.000,0.000,0.00
1777902289,loop1,0.00,0.00,0.000,0.000,0.00
1777902289,loop10,0.00,0.00,0.000,0.000,0.00
1777902289,loop11,0.00,0.00,0.000,0.000,0.00
1777902289,loop12,0.00,0.00,0.000,0.000,0.00
1777902289,loop13,0.00,0.00,0.000,0.000,0.00
1777902289,loop14,0.00,0.00,0.000,0.000,0.00
1777902289,loop15,0.00,0.00,0.000,0.000,0.00
1777902289,loop16,0.00,0.00,0.000,0.000,0.00
1777902289,loop17,0.00,0.00,0.000,0.000,0.00
1777902289,loop18,0.00,0.00,0.000,0.000,0.00
1777902289,loop19,0.00,0.00,0.000,0.000,0.00
1777902289,loop2,0.00,0.00,0.000,0.000,0.00
1777902289,loop20,0.00,0.00,0.000,0.000,0.00
1777902289,loop21,0.00,0.00,0.000,0.000,0.00
1777902289,loop22,0.00,0.00,0.000,0.000,0.00
1777902289,loop23,0.00,0.00,0.000,0.000,0.00
1777902289,loop24,0.00,0.00,0.000,0.000,0.00
1777902289,loop25,0.00,0.00,0.000,0.000,0.00
1777902289,loop26,0.00,0.00,0.000,0.000,0.00
1777902289,loop27,0.00,0.00,0.000,0.000,0.00
1777902289,loop28,0.00,0.00,0.000,0.000,0.00
1777902289,loop29,0.00,0.00,0.000,0.000,0.00
1777902289,loop3,0.00,0.00,0.000,0.000,0.00
1777902289,loop30,0.00,0.00,0.000,0.000,0.00
1777902289,loop31,0.00,0.00,0.000,0.000,0.00
1777902289,loop32,0.00,0.00,0.000,0.000,0.00
1777902289,loop33,0.00,0.00,0.000,0.000,0.00
1777902289,loop34,0.00,0.00,0.000,0.000,0.00
1777902289,loop35,0.00,0.00,0.000,0.000,0.00
1777902289,loop36,0.00,0.00,0.000,0.000,0.00
1777902289,loop37,0.00,0.00,0.000,0.000,0.00
1777902289,loop38,0.00,0.00,0.000,0.000,0.00
1777902289,loop39,0.00,0.00,0.000,0.000,0.00
1777902289,loop4,0.00,0.00,0.000,0.000,0.00
1777902289,loop40,0.00,0.00,0.000,0.000,0.00
1777902289,loop5,0.00,0.00,0.000,0.000,0.00
1777902289,loop6,0.00,0.00,0.000,0.000,0.00
1777902289,loop7,0.00,0.00,0.000,0.000,0.00
1777902289,loop8,0.00,0.00,0.000,0.000,0.00
1777902289,loop9,0.00,0.00,0.000,0.000,0.00
1777902289,nvme0n1,2.00,8.00,0.000,0.000,4.80
1777902290,loop0,0.00,0.00,0.000,0.000,0.00
1777902290,loop1,0.00,0.00,0.000,0.000,0.00
1777902290,loop10,0.00,0.00,0.000,0.000,0.00
1777902290,loop11,0.00,0.00,0.000,0.000,0.00
1777902290,loop12,0.00,0.00,0.000,0.000,0.00
1777902290,loop13,0.00,0.00,0.000,0.000,0.00
1777902290,loop14,0.00,0.00,0.000,0.000,0.00
1777902290,loop15,0.00,0.00,0.000,0.000,0.00
1777902290,loop16,0.00,0.00,0.000,0.000,0.00
1777902290,loop17,0.00,0.00,0.000,0.000,0.00
1777902290,loop18,0.00,0.00,0.000,0.000,0.00
1777902290,loop19,0.00,0.00,0.000,0.000,0.00
1777902290,loop2,0.00,0.00,0.000,0.000,0.00
1777902290,loop20,0.00,0.00,0.000,0.000,0.00
1777902290,loop21,0.00,0.00,0.000,0.000,0.00
1777902290,loop22,0.00,0.00,0.000,0.000,0.00
1777902290,loop23,0.00,0.00,0.000,0.000,0.00
1777902290,loop24,0.00,0.00,0.000,0.000,0.00
1777902290,loop25,0.00,0.00,0.000,0.000,0.00
1777902290,loop26,0.00,0.00,0.000,0.000,0.00
1777902290,loop27,0.00,0.00,0.000,0.000,0.00
1777902290,loop28,0.00,0.00,0.000,0.000,0.00
1777902290,loop29,0.00,0.00,0.000,0.000,0.00
1777902290,loop3,0.00,0.00,0.000,0.000,0.00
1777902290,loop30,0.00,0.00,0.000,0.000,0.00
1777902290,loop31,0.00,0.00,0.000,0.000,0.00
1777902290,loop32,0.00,0.00,0.000,0.000,0.00
1777902290,loop33,0.00,0.00,0.000,0.000,0.00
1777902290,loop34,0.00,0.00,0.000,0.000,0.00
1777902290,loop35,0.00,0.00,0.000,0.000,0.00
1777902290,loop36,0.00,0.00,0.000,0.000,0.00
1777902290,loop37,0.00,0.00,0.000,0.000,0.00
1777902290,loop38,0.00,0.00,0.000,0.000,0.00
1777902290,loop39,0.00,0.00,0.000,0.000,0.00
1777902290,loop4,0.00,0.00,0.000,0.000,0.00
1777902290,loop40,0.00,0.00,0.000,0.000,0.00
1777902290,loop5,0.00,0.00,0.000,0.000,0.00
1777902290,loop6,0.00,0.00,0.000,0.000,0.00
1777902290,loop7,0.00,0.00,0.000,0.000,0.00
1777902290,loop8,0.00,0.00,0.000,0.000,0.00
1777902290,loop9,0.00,0.00,0.000,0.000,0.00
1777902290,nvme0n1,2.00,8.00,0.000,0.000,0.10
1777902291,loop0,0.00,0.00,0.000,0.000,0.00
1777902291,loop1,0.00,0.00,0.000,0.000,0.00
1777902291,loop10,0.00,0.00,0.000,0.000,0.00
1777902291,loop11,0.00,0.00,0.000,0.000,0.00
1777902291,loop12,0.00,0.00,0.000,0.000,0.00
1777902291,loop13,0.00,0.00,0.000,0.000,0.00
1777902291,loop14,0.00,0.00,0.000,0.000,0.00
1777902291,loop15,0.00,0.00,0.000,0.000,0.00
1777902291,loop16,0.00,0.00,0.000,0.000,0.00
1777902291,loop17,0.00,0.00,0.000,0.000,0.00
1777902291,loop18,0.00,0.00,0.000,0.000,0.00
1777902291,loop19,0.00,0.00,0.000,0.000,0.00
1777902291,loop2,0.00,0.00,0.000,0.000,0.00
1777902291,loop20,0.00,0.00,0.000,0.000,0.00
1777902291,loop21,0.00,0.00,0.000,0.000,0.00
1777902291,loop22,0.00,0.00,0.000,0.000,0.00
1777902291,loop23,0.00,0.00,0.000,0.000,0.00
1777902291,loop24,0.00,0.00,0.000,0.000,0.00
1777902291,loop25,0.00,0.00,0.000,0.000,0.00
1777902291,loop26,0.00,0.00,0.000,0.000,0.00
1777902291,loop27,0.00,0.00,0.000,0.000,0.00
1777902291,loop28,0.00,0.00,0.000,0.000,0.00
1777902291,loop29,0.00,0.00,0.000,0.000,0.00
1777902291,loop3,0.00,0.00,0.000,0.000,0.00
1777902291,loop30,0.00,0.00,0.000,0.000,0.00
1777902291,loop31,0.00,0.00,0.000,0.000,0.00
1777902291,loop32,0.00,0.00,0.000,0.000,0.00
1777902291,loop33,0.00,0.00,0.000,0.000,0.00
1777902291,loop34,0.00,0.00,0.000,0.000,0.00
1777902291,loop35,0.00,0.00,0.000,0.000,0.00
1777902291,loop36,0.00,0.00,0.000,0.000,0.00
1777902291,loop37,0.00,0.00,0.000,0.000,0.00
1777902291,loop38,0.00,0.00,0.000,0.000,0.00
1777902291,loop39,0.00,0.00,0.000,0.000,0.00
1777902291,loop4,0.00,0.00,0.000,0.000,0.00
1777902291,loop40,0.00,0.00,0.000,0.000,0.00
1777902291,loop5,0.00,0.00,0.000,0.000,0.00
1777902291,loop6,0.00,0.00,0.000,0.000,0.00
1777902291,loop7,0.00,0.00,0.000,0.000,0.00
1777902291,loop8,0.00,0.00,0.000,0.000,0.00
1777902291,loop9,0.00,0.00,0.000,0.000,0.00
1777902291,nvme0n1,0.00,0.00,0.000,0.000,0.00
1777902292,loop0,0.00,0.00,0.000,0.000,0.00
1777902292,loop1,0.00,0.00,0.000,0.000,0.00
1777902292,loop10,0.00,0.00,0.000,0.000,0.00
1777902292,loop11,0.00,0.00,0.000,0.000,0.00
1777902292,loop12,0.00,0.00,0.000,0.000,0.00
1777902292,loop13,0.00,0.00,0.000,0.000,0.00
1777902292,loop14,0.00,0.00,0.000,0.000,0.00
1777902292,loop15,0.00,0.00,0.000,0.000,0.00
1777902292,loop16,0.00,0.00,0.000,0.000,0.00
1777902292,loop17,0.00,0.00,0.000,0.000,0.00
1777902292,loop18,0.00,0.00,0.000,0.000,0.00
1777902292,loop19,0.00,0.00,0.000,0.000,0.00
1777902292,loop2,0.00,0.00,0.000,0.000,0.00
1777902292,loop20,0.00,0.00,0.000,0.000,0.00
1777902292,loop21,0.00,0.00,0.000,0.000,0.00
1777902292,loop22,0.00,0.00,0.000,0.000,0.00
1777902292,loop23,0.00,0.00,0.000,0.000,0.00
1777902292,loop24,0.00,0.00,0.000,0.000,0.00
1777902292,loop25,0.00,0.00,0.000,0.000,0.00
1777902292,loop26,0.00,0.00,0.000,0.000,0.00
1777902292,loop27,0.00,0.00,0.000,0.000,0.00
1777902292,loop28,0.00,0.00,0.000,0.000,0.00
1777902292,loop29,0.00,0.00,0.000,0.000,0.00
1777902292,loop3,0.00,0.00,0.000,0.000,0.00
1777902292,loop30,0.00,0.00,0.000,0.000,0.00
1777902292,loop31,0.00,0.00,0.000,0.000,0.00
1777902292,loop32,0.00,0.00,0.000,0.000,0.00
1777902292,loop33,0.00,0.00,0.000,0.000,0.00
1777902292,loop34,0.00,0.00,0.000,0.000,0.00
1777902292,loop35,0.00,0.00,0.000,0.000,0.00
1777902292,loop36,0.00,0.00,0.000,0.000,0.00
1777902292,loop37,0.00,0.00,0.000,0.000,0.00
1777902292,loop38,0.00,0.00,0.000,0.000,0.00
1777902292,loop39,0.00,0.00,0.000,0.000,0.00
1777902292,loop4,0.00,0.00,0.000,0.000,0.00
1777902292,loop40,0.00,0.00,0.000,0.000,0.00
1777902292,loop5,0.00,0.00,0.000,0.000,0.00
1777902292,loop6,0.00,0.00,0.000,0.000,0.00
1777902292,loop7,0.00,0.00,0.000,0.000,0.00
1777902292,loop8,0.00,0.00,0.000,0.000,0.00
1777902292,loop9,0.00,0.00,0.000,0.000,0.00
1777902292,nvme0n1,0.00,0.00,0.000,0.000,0.20
1777902293,loop0,0.00,0.00,0.000,0.000,0.00
1777902293,loop1,0.00,0.00,0.000,0.000,0.00
1777902293,loop10,0.00,0.00,0.000,0.000,0.00
1777902293,loop11,0.00,0.00,0.000,0.000,0.00
1777902293,loop12,0.00,0.00,0.000,0.000,0.00
1777902293,loop13,0.00,0.00,0.000,0.000,0.00
1777902293,loop14,0.00,0.00,0.000,0.000,0.00
1777902293,loop15,0.00,0.00,0.000,0.000,0.00
1777902293,loop16,0.00,0.00,0.000,0.000,0.00
1777902293,loop17,0.00,0.00,0.000,0.000,0.00
1777902293,loop18,0.00,0.00,0.000,0.000,0.00
1777902293,loop19,0.00,0.00,0.000,0.000,0.00
1777902293,loop2,0.00,0.00,0.000,0.000,0.00
1777902293,loop20,0.00,0.00,0.000,0.000,0.00
1777902293,loop21,0.00,0.00,0.000,0.000,0.00
1777902293,loop22,0.00,0.00,0.000,0.000,0.00
1777902293,loop23,0.00,0.00,0.000,0.000,0.00
1777902293,loop24,0.00,0.00,0.000,0.000,0.00
1777902293,loop25,0.00,0.00,0.000,0.000,0.00
1777902293,loop26,0.00,0.00,0.000,0.000,0.00
1777902293,loop27,0.00,0.00,0.000,0.000,0.00
1777902293,loop28,0.00,0.00,0.000,0.000,0.00
1777902293,loop29,0.00,0.00,0.000,0.000,0.00
1777902293,loop3,0.00,0.00,0.000,0.000,0.00
1777902293,loop30,0.00,0.00,0.000,0.000,0.00
1777902293,loop31,0.00,0.00,0.000,0.000,0.00
1777902293,loop32,0.00,0.00,0.000,0.000,0.00
1777902293,loop33,0.00,0.00,0.000,0.000,0.00
1777902293,loop34,0.00,0.00,0.000,0.000,0.00
1777902293,loop35,0.00,0.00,0.000,0.000,0.00
1777902293,loop36,0.00,0.00,0.000,0.000,0.00
1777902293,loop37,0.00,0.00,0.000,0.000,0.00
1777902293,loop38,0.00,0.00,0.000,0.000,0.00
1777902293,loop39,0.00,0.00,0.000,0.000,0.00
1777902293,loop4,0.00,0.00,0.000,0.000,0.00
1777902293,loop40,0.00,0.00,0.000,0.000,0.00
1777902293,loop5,0.00,0.00,0.000,0.000,0.00
1777902293,loop6,0.00,0.00,0.000,0.000,0.00
1777902293,loop7,0.00,0.00,0.000,0.000,0.00
1777902293,loop8,0.00,0.00,0.000,0.000,0.00
1777902293,loop9,0.00,0.00,0.000,0.000,0.00
1777902293,nvme0n1,3.00,12.00,0.000,0.000,0.00
1777902294,loop0,0.00,0.00,0.000,0.000,0.00
1777902294,loop1,0.00,0.00,0.000,0.000,0.00
1777902294,loop10,0.00,0.00,0.000,0.000,0.00
1777902294,loop11,0.00,0.00,0.000,0.000,0.00
1777902294,loop12,0.00,0.00,0.000,0.000,0.00
1777902294,loop13,0.00,0.00,0.000,0.000,0.00
1777902294,loop14,0.00,0.00,0.000,0.000,0.00
1777902294,loop15,0.00,0.00,0.000,0.000,0.00
1777902294,loop16,0.00,0.00,0.000,0.000,0.00
1777902294,loop17,0.00,0.00,0.000,0.000,0.00
1777902294,loop18,0.00,0.00,0.000,0.000,0.00
1777902294,loop19,0.00,0.00,0.000,0.000,0.00
1777902294,loop2,0.00,0.00,0.000,0.000,0.00
1777902294,loop20,0.00,0.00,0.000,0.000,0.00
1777902294,loop21,0.00,0.00,0.000,0.000,0.00
1777902294,loop22,0.00,0.00,0.000,0.000,0.00
1777902294,loop23,0.00,0.00,0.000,0.000,0.00
1777902294,loop24,0.00,0.00,0.000,0.000,0.00
1777902294,loop25,0.00,0.00,0.000,0.000,0.00
1777902294,loop26,0.00,0.00,0.000,0.000,0.00
1777902294,loop27,0.00,0.00,0.000,0.000,0.00
1777902294,loop28,0.00,0.00,0.000,0.000,0.00
1777902294,loop29,0.00,0.00,0.000,0.000,0.00
1777902294,loop3,0.00,0.00,0.000,0.000,0.00
1777902294,loop30,0.00,0.00,0.000,0.000,0.00
1777902294,loop31,0.00,0.00,0.000,0.000,0.00
1777902294,loop32,0.00,0.00,0.000,0.000,0.00
1777902294,loop33,0.00,0.00,0.000,0.000,0.00
1777902294,loop34,0.00,0.00,0.000,0.000,0.00
1777902294,loop35,0.00,0.00,0.000,0.000,0.00
1777902294,loop36,0.00,0.00,0.000,0.000,0.00
1777902294,loop37,0.00,0.00,0.000,0.000,0.00
1777902294,loop38,0.00,0.00,0.000,0.000,0.00
1777902294,loop39,0.00,0.00,0.000,0.000,0.00
1777902294,loop4,0.00,0.00,0.000,0.000,0.00
1777902294,loop40,0.00,0.00,0.000,0.000,0.00
1777902294,loop5,0.00,0.00,0.000,0.000,0.00
1777902294,loop6,0.00,0.00,0.000,0.000,0.00
1777902294,loop7,0.00,0.00,0.000,0.000,0.00
1777902294,loop8,0.00,0.00,0.000,0.000,0.00
1777902294,loop9,0.00,0.00,0.000,0.000,0.00
1777902294,nvme0n1,0.00,0.00,0.000,0.000,0.00
1777902295,loop0,0.00,0.00,0.000,0.000,0.00
1777902295,loop1,0.00,0.00,0.000,0.000,0.00
1777902295,loop10,0.00,0.00,0.000,0.000,0.00
1777902295,loop11,0.00,0.00,0.000,0.000,0.00
1777902295,loop12,0.00,0.00,0.000,0.000,0.00
1777902295,loop13,0.00,0.00,0.000,0.000,0.00
1777902295,loop14,0.00,0.00,0.000,0.000,0.00
1777902295,loop15,0.00,0.00,0.000,0.000,0.00
1777902295,loop16,0.00,0.00,0.000,0.000,0.00
1777902295,loop17,0.00,0.00,0.000,0.000,0.00
1777902295,loop18,0.00,0.00,0.000,0.000,0.00
1777902295,loop19,0.00,0.00,0.000,0.000,0.00
1777902295,loop2,0.00,0.00,0.000,0.000,0.00
1777902295,loop20,0.00,0.00,0.000,0.000,0.00
1777902295,loop21,0.00,0.00,0.000,0.000,0.00
1777902295,loop22,0.00,0.00,0.000,0.000,0.00
1777902295,loop23,0.00,0.00,0.000,0.000,0.00
1777902295,loop24,0.00,0.00,0.000,0.000,0.00
1777902295,loop25,0.00,0.00,0.000,0.000,0.00
1777902295,loop26,0.00,0.00,0.000,0.000,0.00
1777902295,loop27,0.00,0.00,0.000,0.000,0.00
1777902295,loop28,0.00,0.00,0.000,0.000,0.00
1777902295,loop29,0.00,0.00,0.000,0.000,0.00
1777902295,loop3,0.00,0.00,0.000,0.000,0.00
1777902295,loop30,0.00,0.00,0.000,0.000,0.00
1777902295,loop31,0.00,0.00,0.000,0.000,0.00
1777902295,loop32,0.00,0.00,0.000,0.000,0.00
1777902295,loop33,0.00,0.00,0.000,0.000,0.00
1777902295,loop34,0.00,0.00,0.000,0.000,0.00
1777902295,loop35,0.00,0.00,0.000,0.000,0.00
1777902295,loop36,0.00,0.00,0.000,0.000,0.00
1777902295,loop37,0.00,0.00,0.000,0.000,0.00
1777902295,loop38,0.00,0.00,0.000,0.000,0.00
1777902295,loop39,0.00,0.00,0.000,0.000,0.00
1777902295,loop4,0.00,0.00,0.000,0.000,0.00
1777902295,loop40,0.00,0.00,0.000,0.000,0.00
1777902295,loop5,0.00,0.00,0.000,0.000,0.00
1777902295,loop6,0.00,0.00,0.000,0.000,0.00
1777902295,loop7,0.00,0.00,0.000,0.000,0.00
1777902295,loop8,0.00,0.00,0.000,0.000,0.00
1777902295,loop9,0.00,0.00,0.000,0.000,0.00
1777902295,nvme0n1,0.00,0.00,0.000,0.000,0.00
1777902296,loop0,0.00,0.00,0.000,0.000,0.00
1777902296,loop1,0.00,0.00,0.000,0.000,0.00
1777902296,loop10,0.00,0.00,0.000,0.000,0.00
1777902296,loop11,0.00,0.00,0.000,0.000,0.00
1777902296,loop12,0.00,0.00,0.000,0.000,0.00
1777902296,loop13,0.00,0.00,0.000,0.000,0.00
1777902296,loop14,0.00,0.00,0.000,0.000,0.00
1777902296,loop15,0.00,0.00,0.000,0.000,0.00
1777902296,loop16,0.00,0.00,0.000,0.000,0.00
1777902296,loop17,0.00,0.00,0.000,0.000,0.00
1777902296,loop18,0.00,0.00,0.000,0.000,0.00
1777902296,loop19,0.00,0.00,0.000,0.000,0.00
1777902296,loop2,0.00,0.00,0.000,0.000,0.00
1777902296,loop20,0.00,0.00,0.000,0.000,0.00
1777902296,loop21,0.00,0.00,0.000,0.000,0.00
1777902296,loop22,0.00,0.00,0.000,0.000,0.00
1777902296,loop23,0.00,0.00,0.000,0.000,0.00
1777902296,loop24,0.00,0.00,0.000,0.000,0.00
1777902296,loop25,0.00,0.00,0.000,0.000,0.00
1777902296,loop26,0.00,0.00,0.000,0.000,0.00
1777902296,loop27,0.00,0.00,0.000,0.000,0.00
1777902296,loop28,0.00,0.00,0.000,0.000,0.00
1777902296,loop29,0.00,0.00,0.000,0.000,0.00
1777902296,loop3,0.00,0.00,0.000,0.000,0.00
1777902296,loop30,0.00,0.00,0.000,0.000,0.00
1777902296,loop31,0.00,0.00,0.000,0.000,0.00
1777902296,loop32,0.00,0.00,0.000,0.000,0.00
1777902296,loop33,0.00,0.00,0.000,0.000,0.00
1777902296,loop34,0.00,0.00,0.000,0.000,0.00
1777902296,loop35,0.00,0.00,0.000,0.000,0.00
1777902296,loop36,0.00,0.00,0.000,0.000,0.00
1777902296,loop37,0.00,0.00,0.000,0.000,0.00
1777902296,loop38,0.00,0.00,0.000,0.000,0.00
1777902296,loop39,0.00,0.00,0.000,0.000,0.00
1777902296,loop4,0.00,0.00,0.000,0.000,0.00
1777902296,loop40,0.00,0.00,0.000,0.000,0.00
1777902296,loop5,0.00,0.00,0.000,0.000,0.00
1777902296,loop6,0.00,0.00,0.000,0.000,0.00
1777902296,loop7,0.00,0.00,0.000,0.000,0.00
1777902296,loop8,0.00,0.00,0.000,0.000,0.00
1777902296,loop9,0.00,0.00,0.000,0.000,0.00
1777902296,nvme0n1,5.00,28.00,0.002,0.028,2.30
1777902297,loop0,0.00,0.00,0.000,0.000,0.00
1777902297,loop1,0.00,0.00,0.000,0.000,0.00
1777902297,loop10,0.00,0.00,0.000,0.000,0.00
1777902297,loop11,0.00,0.00,0.000,0.000,0.00
1777902297,loop12,0.00,0.00,0.000,0.000,0.00
1777902297,loop13,0.00,0.00,0.000,0.000,0.00
1777902297,loop14,0.00,0.00,0.000,0.000,0.00
1777902297,loop15,0.00,0.00,0.000,0.000,0.00
1777902297,loop16,0.00,0.00,0.000,0.000,0.00
1777902297,loop17,0.00,0.00,0.000,0.000,0.00
1777902297,loop18,0.00,0.00,0.000,0.000,0.00
1777902297,loop19,0.00,0.00,0.000,0.000,0.00
1777902297,loop2,0.00,0.00,0.000,0.000,0.00
1777902297,loop20,0.00,0.00,0.000,0.000,0.00
1777902297,loop21,0.00,0.00,0.000,0.000,0.00
1777902297,loop22,0.00,0.00,0.000,0.000,0.00
1777902297,loop23,0.00,0.00,0.000,0.000,0.00
1777902297,loop24,0.00,0.00,0.000,0.000,0.00
1777902297,loop25,0.00,0.00,0.000,0.000,0.00
1777902297,loop26,0.00,0.00,0.000,0.000,0.00
1777902297,loop27,0.00,0.00,0.000,0.000,0.00
1777902297,loop28,0.00,0.00,0.000,0.000,0.00
1777902297,loop29,0.00,0.00,0.000,0.000,0.00
1777902297,loop3,0.00,0.00,0.000,0.000,0.00
1777902297,loop30,0.00,0.00,0.000,0.000,0.00
1777902297,loop31,0.00,0.00,0.000,0.000,0.00
1777902297,loop32,0.00,0.00,0.000,0.000,0.00
1777902297,loop33,0.00,0.00,0.000,0.000,0.00
1777902297,loop34,0.00,0.00,0.000,0.000,0.00
1777902297,loop35,0.00,0.00,0.000,0.000,0.00
1777902297,loop36,0.00,0.00,0.000,0.000,0.00
1777902297,loop37,0.00,0.00,0.000,0.000,0.00
1777902297,loop38,0.00,0.00,0.000,0.000,0.00
1777902297,loop39,0.00,0.00,0.000,0.000,0.00
1777902297,loop4,0.00,0.00,0.000,0.000,0.00
1777902297,loop40,0.00,0.00,0.000,0.000,0.00
1777902297,loop5,0.00,0.00,0.000,0.000,0.00
1777902297,loop6,0.00,0.00,0.000,0.000,0.00
1777902297,loop7,0.00,0.00,0.000,0.000,0.00
1777902297,loop8,0.00,0.00,0.000,0.000,0.00
1777902297,loop9,0.00,0.00,0.000,0.000,0.00
1777902297,nvme0n1,117.00,560.00,0.022,0.016,0.50
1777902298,loop0,0.00,0.00,0.000,0.000,0.00
1777902298,loop1,0.00,0.00,0.000,0.000,0.00
1777902298,loop10,0.00,0.00,0.000,0.000,0.00
1777902298,loop11,0.00,0.00,0.000,0.000,0.00
1777902298,loop12,0.00,0.00,0.000,0.000,0.00
1777902298,loop13,0.00,0.00,0.000,0.000,0.00
1777902298,loop14,0.00,0.00,0.000,0.000,0.00
1777902298,loop15,0.00,0.00,0.000,0.000,0.00
1777902298,loop16,0.00,0.00,0.000,0.000,0.00
1777902298,loop17,0.00,0.00,0.000,0.000,0.00
1777902298,loop18,0.00,0.00,0.000,0.000,0.00
1777902298,loop19,0.00,0.00,0.000,0.000,0.00
1777902298,loop2,0.00,0.00,0.000,0.000,0.00
1777902298,loop20,0.00,0.00,0.000,0.000,0.00
1777902298,loop21,0.00,0.00,0.000,0.000,0.00
1777902298,loop22,0.00,0.00,0.000,0.000,0.00
1777902298,loop23,0.00,0.00,0.000,0.000,0.00
1777902298,loop24,0.00,0.00,0.000,0.000,0.00
1777902298,loop25,0.00,0.00,0.000,0.000,0.00
1777902298,loop26,0.00,0.00,0.000,0.000,0.00
1777902298,loop27,0.00,0.00,0.000,0.000,0.00
1777902298,loop28,0.00,0.00,0.000,0.000,0.00
1777902298,loop29,0.00,0.00,0.000,0.000,0.00
1777902298,loop3,0.00,0.00,0.000,0.000,0.00
1777902298,loop30,0.00,0.00,0.000,0.000,0.00
1777902298,loop31,0.00,0.00,0.000,0.000,0.00
1777902298,loop32,0.00,0.00,0.000,0.000,0.00
1777902298,loop33,0.00,0.00,0.000,0.000,0.00
1777902298,loop34,0.00,0.00,0.000,0.000,0.00
1777902298,loop35,0.00,0.00,0.000,0.000,0.00
1777902298,loop36,0.00,0.00,0.000,0.000,0.00
1777902298,loop37,0.00,0.00,0.000,0.000,0.00
1777902298,loop38,0.00,0.00,0.000,0.000,0.00
1777902298,loop39,0.00,0.00,0.000,0.000,0.00
1777902298,loop4,0.00,0.00,0.000,0.000,0.00
1777902298,loop40,0.00,0.00,0.000,0.000,0.00
1777902298,loop5,0.00,0.00,0.000,0.000,0.00
1777902298,loop6,0.00,0.00,0.000,0.000,0.00
1777902298,loop7,0.00,0.00,0.000,0.000,0.00
1777902298,loop8,0.00,0.00,0.000,0.000,0.00
1777902298,loop9,0.00,0.00,0.000,0.000,0.00
1777902298,nvme0n1,0.00,0.00,0.000,0.000,0.30
1777902299,loop0,0.00,0.00,0.000,0.000,0.00
1777902299,loop1,0.00,0.00,0.000,0.000,0.00
1777902299,loop10,0.00,0.00,0.000,0.000,0.00
1777902299,loop11,0.00,0.00,0.000,0.000,0.00
1777902299,loop12,0.00,0.00,0.000,0.000,0.00
1777902299,loop13,0.00,0.00,0.000,0.000,0.00
1777902299,loop14,0.00,0.00,0.000,0.000,0.00
1777902299,loop15,0.00,0.00,0.000,0.000,0.00
1777902299,loop16,0.00,0.00,0.000,0.000,0.00
1777902299,loop17,0.00,0.00,0.000,0.000,0.00
1777902299,loop18,0.00,0.00,0.000,0.000,0.00
1777902299,loop19,0.00,0.00,0.000,0.000,0.00
1777902299,loop2,0.00,0.00,0.000,0.000,0.00
1777902299,loop20,0.00,0.00,0.000,0.000,0.00
1777902299,loop21,0.00,0.00,0.000,0.000,0.00
1777902299,loop22,0.00,0.00,0.000,0.000,0.00
1777902299,loop23,0.00,0.00,0.000,0.000,0.00
1777902299,loop24,0.00,0.00,0.000,0.000,0.00
1777902299,loop25,0.00,0.00,0.000,0.000,0.00
1777902299,loop26,0.00,0.00,0.000,0.000,0.00
1777902299,loop27,0.00,0.00,0.000,0.000,0.00
1777902299,loop28,0.00,0.00,0.000,0.000,0.00
1777902299,loop29,0.00,0.00,0.000,0.000,0.00
1777902299,loop3,0.00,0.00,0.000,0.000,0.00
1777902299,loop30,0.00,0.00,0.000,0.000,0.00
1777902299,loop31,0.00,0.00,0.000,0.000,0.00
1777902299,loop32,0.00,0.00,0.000,0.000,0.00
1777902299,loop33,0.00,0.00,0.000,0.000,0.00
1777902299,loop34,0.00,0.00,0.000,0.000,0.00
1777902299,loop35,0.00,0.00,0.000,0.000,0.00
1777902299,loop36,0.00,0.00,0.000,0.000,0.00
1777902299,loop37,0.00,0.00,0.000,0.000,0.00
1777902299,loop38,0.00,0.00,0.000,0.000,0.00
1777902299,loop39,0.00,0.00,0.000,0.000,0.00
1777902299,loop4,0.00,0.00,0.000,0.000,0.00
1777902299,loop40,0.00,0.00,0.000,0.000,0.00
1777902299,loop5,0.00,0.00,0.000,0.000,0.00
1777902299,loop6,0.00,0.00,0.000,0.000,0.00
1777902299,loop7,0.00,0.00,0.000,0.000,0.00
1777902299,loop8,0.00,0.00,0.000,0.000,0.00
1777902299,loop9,0.00,0.00,0.000,0.000,0.00
1777902299,nvme0n1,0.00,0.00,0.000,0.000,0.00
1777902300,loop0,0.00,0.00,0.000,0.000,0.00
1777902300,loop1,0.00,0.00,0.000,0.000,0.00
1777902300,loop10,0.00,0.00,0.000,0.000,0.00
1777902300,loop11,0.00,0.00,0.000,0.000,0.00
1777902300,loop12,0.00,0.00,0.000,0.000,0.00
1777902300,loop13,0.00,0.00,0.000,0.000,0.00
1777902300,loop14,0.00,0.00,0.000,0.000,0.00
1777902300,loop15,0.00,0.00,0.000,0.000,0.00
1777902300,loop16,0.00,0.00,0.000,0.000,0.00
1777902300,loop17,0.00,0.00,0.000,0.000,0.00
1777902300,loop18,0.00,0.00,0.000,0.000,0.00
1777902300,loop19,0.00,0.00,0.000,0.000,0.00
1777902300,loop2,0.00,0.00,0.000,0.000,0.00
1777902300,loop20,0.00,0.00,0.000,0.000,0.00
1777902300,loop21,0.00,0.00,0.000,0.000,0.00
1777902300,loop22,0.00,0.00,0.000,0.000,0.00
1777902300,loop23,0.00,0.00,0.000,0.000,0.00
1777902300,loop24,0.00,0.00,0.000,0.000,0.00
1777902300,loop25,0.00,0.00,0.000,0.000,0.00
1777902300,loop26,0.00,0.00,0.000,0.000,0.00
1777902300,loop27,0.00,0.00,0.000,0.000,0.00
1777902300,loop28,0.00,0.00,0.000,0.000,0.00
1777902300,loop29,0.00,0.00,0.000,0.000,0.00
1777902300,loop3,0.00,0.00,0.000,0.000,0.00
1777902300,loop30,0.00,0.00,0.000,0.000,0.00
1777902300,loop31,0.00,0.00,0.000,0.000,0.00
1777902300,loop32,0.00,0.00,0.000,0.000,0.00
1777902300,loop33,0.00,0.00,0.000,0.000,0.00
1777902300,loop34,0.00,0.00,0.000,0.000,0.00
1777902300,loop35,0.00,0.00,0.000,0.000,0.00
1777902300,loop36,0.00,0.00,0.000,0.000,0.00
1777902300,loop37,0.00,0.00,0.000,0.000,0.00
1777902300,loop38,0.00,0.00,0.000,0.000,0.00
1777902300,loop39,0.00,0.00,0.000,0.000,0.00
1777902300,loop4,0.00,0.00,0.000,0.000,0.00
1777902300,loop40,0.00,0.00,0.000,0.000,0.00
1777902300,loop5,0.00,0.00,0.000,0.000,0.00
1777902300,loop6,0.00,0.00,0.000,0.000,0.00
1777902300,loop7,0.00,0.00,0.000,0.000,0.00
1777902300,loop8,0.00,0.00,0.000,0.000,0.00
1777902300,loop9,0.00,0.00,0.000,0.000,0.00
1777902300,nvme0n1,3.00,12.00,0.000,0.000,4.80
1777902301,loop0,0.00,0.00,0.000,0.000,0.00
1777902301,loop1,0.00,0.00,0.000,0.000,0.00
1777902301,loop10,0.00,0.00,0.000,0.000,0.00
1777902301,loop11,0.00,0.00,0.000,0.000,0.00
1777902301,loop12,0.00,0.00,0.000,0.000,0.00
1777902301,loop13,0.00,0.00,0.000,0.000,0.00
1777902301,loop14,0.00,0.00,0.000,0.000,0.00
1777902301,loop15,0.00,0.00,0.000,0.000,0.00
1777902301,loop16,0.00,0.00,0.000,0.000,0.00
1777902301,loop17,0.00,0.00,0.000,0.000,0.00
1777902301,loop18,0.00,0.00,0.000,0.000,0.00
1777902301,loop19,0.00,0.00,0.000,0.000,0.00
1777902301,loop2,0.00,0.00,0.000,0.000,0.00
1777902301,loop20,0.00,0.00,0.000,0.000,0.00
1777902301,loop21,0.00,0.00,0.000,0.000,0.00
1777902301,loop22,0.00,0.00,0.000,0.000,0.00
1777902301,loop23,0.00,0.00,0.000,0.000,0.00
1777902301,loop24,0.00,0.00,0.000,0.000,0.00
1777902301,loop25,0.00,0.00,0.000,0.000,0.00
1777902301,loop26,0.00,0.00,0.000,0.000,0.00
1777902301,loop27,0.00,0.00,0.000,0.000,0.00
1777902301,loop28,0.00,0.00,0.000,0.000,0.00
1777902301,loop29,0.00,0.00,0.000,0.000,0.00
1777902301,loop3,0.00,0.00,0.000,0.000,0.00
1777902301,loop30,0.00,0.00,0.000,0.000,0.00
1777902301,loop31,0.00,0.00,0.000,0.000,0.00
1777902301,loop32,0.00,0.00,0.000,0.000,0.00
1777902301,loop33,0.00,0.00,0.000,0.000,0.00
1777902301,loop34,0.00,0.00,0.000,0.000,0.00
1777902301,loop35,0.00,0.00,0.000,0.000,0.00
1777902301,loop36,0.00,0.00,0.000,0.000,0.00
1777902301,loop37,0.00,0.00,0.000,0.000,0.00
1777902301,loop38,0.00,0.00,0.000,0.000,0.00
1777902301,loop39,0.00,0.00,0.000,0.000,0.00
1777902301,loop4,0.00,0.00,0.000,0.000,0.00
1777902301,loop40,0.00,0.00,0.000,0.000,0.00
1777902301,loop5,0.00,0.00,0.000,0.000,0.00
1777902301,loop6,0.00,0.00,0.000,0.000,0.00
1777902301,loop7,0.00,0.00,0.000,0.000,0.00
1777902301,loop8,0.00,0.00,0.000,0.000,0.00
1777902301,loop9,0.00,0.00,0.000,0.000,0.00
1777902301,nvme0n1,0.00,0.00,0.000,0.000,0.00
1777902302,loop0,0.00,0.00,0.000,0.000,0.00
1777902302,loop1,0.00,0.00,0.000,0.000,0.00
1777902302,loop10,0.00,0.00,0.000,0.000,0.00
1777902302,loop11,0.00,0.00,0.000,0.000,0.00
1777902302,loop12,0.00,0.00,0.000,0.000,0.00
1777902302,loop13,0.00,0.00,0.000,0.000,0.00
1777902302,loop14,0.00,0.00,0.000,0.000,0.00
1777902302,loop15,0.00,0.00,0.000,0.000,0.00
1777902302,loop16,0.00,0.00,0.000,0.000,0.00
1777902302,loop17,0.00,0.00,0.000,0.000,0.00
1777902302,loop18,0.00,0.00,0.000,0.000,0.00
1777902302,loop19,0.00,0.00,0.000,0.000,0.00
1777902302,loop2,0.00,0.00,0.000,0.000,0.00
1777902302,loop20,0.00,0.00,0.000,0.000,0.00
1777902302,loop21,0.00,0.00,0.000,0.000,0.00
1777902302,loop22,0.00,0.00,0.000,0.000,0.00
1777902302,loop23,0.00,0.00,0.000,0.000,0.00
1777902302,loop24,0.00,0.00,0.000,0.000,0.00
1777902302,loop25,0.00,0.00,0.000,0.000,0.00
1777902302,loop26,0.00,0.00,0.000,0.000,0.00
1777902302,loop27,0.00,0.00,0.000,0.000,0.00
1777902302,loop28,0.00,0.00,0.000,0.000,0.00
1777902302,loop29,0.00,0.00,0.000,0.000,0.00
1777902302,loop3,0.00,0.00,0.000,0.000,0.00
1777902302,loop30,0.00,0.00,0.000,0.000,0.00
1777902302,loop31,0.00,0.00,0.000,0.000,0.00
1777902302,loop32,0.00,0.00,0.000,0.000,0.00
1777902302,loop33,0.00,0.00,0.000,0.000,0.00
1777902302,loop34,0.00,0.00,0.000,0.000,0.00
1777902302,loop35,0.00,0.00,0.000,0.000,0.00
1777902302,loop36,0.00,0.00,0.000,0.000,0.00
1777902302,loop37,0.00,0.00,0.000,0.000,0.00
1777902302,loop38,0.00,0.00,0.000,0.000,0.00
1777902302,loop39,0.00,0.00,0.000,0.000,0.00
1777902302,loop4,0.00,0.00,0.000,0.000,0.00
1777902302,loop40,0.00,0.00,0.000,0.000,0.00
1777902302,loop5,0.00,0.00,0.000,0.000,0.00
1777902302,loop6,0.00,0.00,0.000,0.000,0.00
1777902302,loop7,0.00,0.00,0.000,0.000,0.00
1777902302,loop8,0.00,0.00,0.000,0.000,0.00
1777902302,loop9,0.00,0.00,0.000,0.000,0.00
1777902302,nvme0n1,5.00,32.00,0.000,0.000,6.00
1777902303,loop0,0.00,0.00,0.000,0.000,0.00
1777902303,loop1,0.00,0.00,0.000,0.000,0.00
1777902303,loop10,0.00,0.00,0.000,0.000,0.00
1777902303,loop11,0.00,0.00,0.000,0.000,0.00
1777902303,loop12,0.00,0.00,0.000,0.000,0.00
1777902303,loop13,0.00,0.00,0.000,0.000,0.00
1777902303,loop14,0.00,0.00,0.000,0.000,0.00
1777902303,loop15,0.00,0.00,0.000,0.000,0.00
1777902303,loop16,0.00,0.00,0.000,0.000,0.00
1777902303,loop17,0.00,0.00,0.000,0.000,0.00
1777902303,loop18,0.00,0.00,0.000,0.000,0.00
1777902303,loop19,0.00,0.00,0.000,0.000,0.00
1777902303,loop2,0.00,0.00,0.000,0.000,0.00
1777902303,loop20,0.00,0.00,0.000,0.000,0.00
1777902303,loop21,0.00,0.00,0.000,0.000,0.00
1777902303,loop22,0.00,0.00,0.000,0.000,0.00
1777902303,loop23,0.00,0.00,0.000,0.000,0.00
1777902303,loop24,0.00,0.00,0.000,0.000,0.00
1777902303,loop25,0.00,0.00,0.000,0.000,0.00
1777902303,loop26,0.00,0.00,0.000,0.000,0.00
1777902303,loop27,0.00,0.00,0.000,0.000,0.00
1777902303,loop28,0.00,0.00,0.000,0.000,0.00
1777902303,loop29,0.00,0.00,0.000,0.000,0.00
1777902303,loop3,0.00,0.00,0.000,0.000,0.00
1777902303,loop30,0.00,0.00,0.000,0.000,0.00
1777902303,loop31,0.00,0.00,0.000,0.000,0.00
1777902303,loop32,0.00,0.00,0.000,0.000,0.00
1777902303,loop33,0.00,0.00,0.000,0.000,0.00
1777902303,loop34,0.00,0.00,0.000,0.000,0.00
1777902303,loop35,0.00,0.00,0.000,0.000,0.00
1777902303,loop36,0.00,0.00,0.000,0.000,0.00
1777902303,loop37,0.00,0.00,0.000,0.000,0.00
1777902303,loop38,0.00,0.00,0.000,0.000,0.00
1777902303,loop39,0.00,0.00,0.000,0.000,0.00
1777902303,loop4,0.00,0.00,0.000,0.000,0.00
1777902303,loop40,0.00,0.00,0.000,0.000,0.00
1777902303,loop5,0.00,0.00,0.000,0.000,0.00
1777902303,loop6,0.00,0.00,0.000,0.000,0.00
1777902303,loop7,0.00,0.00,0.000,0.000,0.00
1777902303,loop8,0.00,0.00,0.000,0.000,0.00
1777902303,loop9,0.00,0.00,0.000,0.000,0.00
1777902303,nvme0n1,3.00,20.00,0.002,0.039,0.30
1777902304,loop0,0.00,0.00,0.000,0.000,0.00
1777902304,loop1,0.00,0.00,0.000,0.000,0.00
1777902304,loop10,0.00,0.00,0.000,0.000,0.00
1777902304,loop11,0.00,0.00,0.000,0.000,0.00
1777902304,loop12,0.00,0.00,0.000,0.000,0.00
1777902304,loop13,0.00,0.00,0.000,0.000,0.00
1777902304,loop14,0.00,0.00,0.000,0.000,0.00
1777902304,loop15,0.00,0.00,0.000,0.000,0.00
1777902304,loop16,0.00,0.00,0.000,0.000,0.00
1777902304,loop17,0.00,0.00,0.000,0.000,0.00
1777902304,loop18,0.00,0.00,0.000,0.000,0.00
1777902304,loop19,0.00,0.00,0.000,0.000,0.00
1777902304,loop2,0.00,0.00,0.000,0.000,0.00
1777902304,loop20,0.00,0.00,0.000,0.000,0.00
1777902304,loop21,0.00,0.00,0.000,0.000,0.00
1777902304,loop22,0.00,0.00,0.000,0.000,0.00
1777902304,loop23,0.00,0.00,0.000,0.000,0.00
1777902304,loop24,0.00,0.00,0.000,0.000,0.00
1777902304,loop25,0.00,0.00,0.000,0.000,0.00
1777902304,loop26,0.00,0.00,0.000,0.000,0.00
1777902304,loop27,0.00,0.00,0.000,0.000,0.00
1777902304,loop28,0.00,0.00,0.000,0.000,0.00
1777902304,loop29,0.00,0.00,0.000,0.000,0.00
1777902304,loop3,0.00,0.00,0.000,0.000,0.00
1777902304,loop30,0.00,0.00,0.000,0.000,0.00
1777902304,loop31,0.00,0.00,0.000,0.000,0.00
1777902304,loop32,0.00,0.00,0.000,0.000,0.00
1777902304,loop33,0.00,0.00,0.000,0.000,0.00
1777902304,loop34,0.00,0.00,0.000,0.000,0.00
1777902304,loop35,0.00,0.00,0.000,0.000,0.00
1777902304,loop36,0.00,0.00,0.000,0.000,0.00
1777902304,loop37,0.00,0.00,0.000,0.000,0.00
1777902304,loop38,0.00,0.00,0.000,0.000,0.00
1777902304,loop39,0.00,0.00,0.000,0.000,0.00
1777902304,loop4,0.00,0.00,0.000,0.000,0.00
1777902304,loop40,0.00,0.00,0.000,0.000,0.00
1777902304,loop5,0.00,0.00,0.000,0.000,0.00
1777902304,loop6,0.00,0.00,0.000,0.000,0.00
1777902304,loop7,0.00,0.00,0.000,0.000,0.00
1777902304,loop8,0.00,0.00,0.000,0.000,0.00
1777902304,loop9,0.00,0.00,0.000,0.000,0.00
1777902304,nvme0n1,0.00,0.00,0.000,0.000,0.00
1777902305,loop0,0.00,0.00,0.000,0.000,0.00
1777902305,loop1,0.00,0.00,0.000,0.000,0.00
1777902305,loop10,0.00,0.00,0.000,0.000,0.00
1777902305,loop11,0.00,0.00,0.000,0.000,0.00
1777902305,loop12,0.00,0.00,0.000,0.000,0.00
1777902305,loop13,0.00,0.00,0.000,0.000,0.00
1777902305,loop14,0.00,0.00,0.000,0.000,0.00
1777902305,loop15,0.00,0.00,0.000,0.000,0.00
1777902305,loop16,0.00,0.00,0.000,0.000,0.00
1777902305,loop17,0.00,0.00,0.000,0.000,0.00
1777902305,loop18,0.00,0.00,0.000,0.000,0.00
1777902305,loop19,0.00,0.00,0.000,0.000,0.00
1777902305,loop2,0.00,0.00,0.000,0.000,0.00
1777902305,loop20,0.00,0.00,0.000,0.000,0.00
1777902305,loop21,0.00,0.00,0.000,0.000,0.00
1777902305,loop22,0.00,0.00,0.000,0.000,0.00
1777902305,loop23,0.00,0.00,0.000,0.000,0.00
1777902305,loop24,0.00,0.00,0.000,0.000,0.00
1777902305,loop25,0.00,0.00,0.000,0.000,0.00
1777902305,loop26,0.00,0.00,0.000,0.000,0.00
1777902305,loop27,0.00,0.00,0.000,0.000,0.00
1777902305,loop28,0.00,0.00,0.000,0.000,0.00
1777902305,loop29,0.00,0.00,0.000,0.000,0.00
1777902305,loop3,0.00,0.00,0.000,0.000,0.00
1777902305,loop30,0.00,0.00,0.000,0.000,0.00
1777902305,loop31,0.00,0.00,0.000,0.000,0.00
1777902305,loop32,0.00,0.00,0.000,0.000,0.00
1777902305,loop33,0.00,0.00,0.000,0.000,0.00
1777902305,loop34,0.00,0.00,0.000,0.000,0.00
1777902305,loop35,0.00,0.00,0.000,0.000,0.00
1777902305,loop36,0.00,0.00,0.000,0.000,0.00
1777902305,loop37,0.00,0.00,0.000,0.000,0.00
1777902305,loop38,0.00,0.00,0.000,0.000,0.00
1777902305,loop39,0.00,0.00,0.000,0.000,0.00
1777902305,loop4,0.00,0.00,0.000,0.000,0.00
1777902305,loop40,0.00,0.00,0.000,0.000,0.00
1777902305,loop5,0.00,0.00,0.000,0.000,0.00
1777902305,loop6,0.00,0.00,0.000,0.000,0.00
1777902305,loop7,0.00,0.00,0.000,0.000,0.00
1777902305,loop8,0.00,0.00,0.000,0.000,0.00
1777902305,loop9,0.00,0.00,0.000,0.000,0.00
1777902305,nvme0n1,0.00,0.00,0.000,0.000,0.00
1777902306,loop0,0.00,0.00,0.000,0.000,0.00
1777902306,loop1,0.00,0.00,0.000,0.000,0.00
1777902306,loop10,0.00,0.00,0.000,0.000,0.00
1777902306,loop11,0.00,0.00,0.000,0.000,0.00
1777902306,loop12,0.00,0.00,0.000,0.000,0.00
1777902306,loop13,0.00,0.00,0.000,0.000,0.00
1777902306,loop14,0.00,0.00,0.000,0.000,0.00
1777902306,loop15,0.00,0.00,0.000,0.000,0.00
1777902306,loop16,0.00,0.00,0.000,0.000,0.00
1777902306,loop17,0.00,0.00,0.000,0.000,0.00
1777902306,loop18,0.00,0.00,0.000,0.000,0.00
1777902306,loop19,0.00,0.00,0.000,0.000,0.00
1777902306,loop2,0.00,0.00,0.000,0.000,0.00
1777902306,loop20,0.00,0.00,0.000,0.000,0.00
1777902306,loop21,0.00,0.00,0.000,0.000,0.00
1777902306,loop22,0.00,0.00,0.000,0.000,0.00
1777902306,loop23,0.00,0.00,0.000,0.000,0.00
1777902306,loop24,0.00,0.00,0.000,0.000,0.00
1777902306,loop25,0.00,0.00,0.000,0.000,0.00
1777902306,loop26,0.00,0.00,0.000,0.000,0.00
1777902306,loop27,0.00,0.00,0.000,0.000,0.00
1777902306,loop28,0.00,0.00,0.000,0.000,0.00
1777902306,loop29,0.00,0.00,0.000,0.000,0.00
1777902306,loop3,0.00,0.00,0.000,0.000,0.00
1777902306,loop30,0.00,0.00,0.000,0.000,0.00
1777902306,loop31,0.00,0.00,0.000,0.000,0.00
1777902306,loop32,0.00,0.00,0.000,0.000,0.00
1777902306,loop33,0.00,0.00,0.000,0.000,0.00
1777902306,loop34,0.00,0.00,0.000,0.000,0.00
1777902306,loop35,0.00,0.00,0.000,0.000,0.00
1777902306,loop36,0.00,0.00,0.000,0.000,0.00
1777902306,loop37,0.00,0.00,0.000,0.000,0.00
1777902306,loop38,0.00,0.00,0.000,0.000,0.00
1777902306,loop39,0.00,0.00,0.000,0.000,0.00
1777902306,loop4,0.00,0.00,0.000,0.000,0.00
1777902306,loop40,0.00,0.00,0.000,0.000,0.00
1777902306,loop5,0.00,0.00,0.000,0.000,0.00
1777902306,loop6,0.00,0.00,0.000,0.000,0.00
1777902306,loop7,0.00,0.00,0.000,0.000,0.00
1777902306,loop8,0.00,0.00,0.000,0.000,0.00
1777902306,loop9,0.00,0.00,0.000,0.000,0.00
1777902306,nvme0n1,0.00,0.00,0.000,0.000,0.00
1777902307,loop0,0.00,0.00,0.000,0.000,0.00
1777902307,loop1,0.00,0.00,0.000,0.000,0.00
1777902307,loop10,0.00,0.00,0.000,0.000,0.00
1777902307,loop11,0.00,0.00,0.000,0.000,0.00
1777902307,loop12,0.00,0.00,0.000,0.000,0.00
1777902307,loop13,0.00,0.00,0.000,0.000,0.00
1777902307,loop14,0.00,0.00,0.000,0.000,0.00
1777902307,loop15,0.00,0.00,0.000,0.000,0.00
1777902307,loop16,0.00,0.00,0.000,0.000,0.00
1777902307,loop17,0.00,0.00,0.000,0.000,0.00
1777902307,loop18,0.00,0.00,0.000,0.000,0.00
1777902307,loop19,0.00,0.00,0.000,0.000,0.00
1777902307,loop2,0.00,0.00,0.000,0.000,0.00
1777902307,loop20,0.00,0.00,0.000,0.000,0.00
1777902307,loop21,0.00,0.00,0.000,0.000,0.00
1777902307,loop22,0.00,0.00,0.000,0.000,0.00
1777902307,loop23,0.00,0.00,0.000,0.000,0.00
1777902307,loop24,0.00,0.00,0.000,0.000,0.00
1777902307,loop25,0.00,0.00,0.000,0.000,0.00
1777902307,loop26,0.00,0.00,0.000,0.000,0.00
1777902307,loop27,0.00,0.00,0.000,0.000,0.00
1777902307,loop28,0.00,0.00,0.000,0.000,0.00
1777902307,loop29,0.00,0.00,0.000,0.000,0.00
1777902307,loop3,0.00,0.00,0.000,0.000,0.00
1777902307,loop30,0.00,0.00,0.000,0.000,0.00
1777902307,loop31,0.00,0.00,0.000,0.000,0.00
1777902307,loop32,0.00,0.00,0.000,0.000,0.00
1777902307,loop33,0.00,0.00,0.000,0.000,0.00
1777902307,loop34,0.00,0.00,0.000,0.000,0.00
1777902307,loop35,0.00,0.00,0.000,0.000,0.00
1777902307,loop36,0.00,0.00,0.000,0.000,0.00
1777902307,loop37,0.00,0.00,0.000,0.000,0.00
1777902307,loop38,0.00,0.00,0.000,0.000,0.00
1777902307,loop39,0.00,0.00,0.000,0.000,0.00
1777902307,loop4,0.00,0.00,0.000,0.000,0.00
1777902307,loop40,0.00,0.00,0.000,0.000,0.00
1777902307,loop5,0.00,0.00,0.000,0.000,0.00
1777902307,loop6,0.00,0.00,0.000,0.000,0.00
1777902307,loop7,0.00,0.00,0.000,0.000,0.00
1777902307,loop8,0.00,0.00,0.000,0.000,0.00
1777902307,loop9,0.00,0.00,0.000,0.000,0.00
1777902307,nvme0n1,1.00,4.00,0.000,0.000,5.60
1777902308,loop0,0.00,0.00,0.000,0.000,0.00
1777902308,loop1,0.00,0.00,0.000,0.000,0.00
1777902308,loop10,0.00,0.00,0.000,0.000,0.00
1777902308,loop11,0.00,0.00,0.000,0.000,0.00
1777902308,loop12,0.00,0.00,0.000,0.000,0.00
1777902308,loop13,0.00,0.00,0.000,0.000,0.00
1777902308,loop14,0.00,0.00,0.000,0.000,0.00
1777902308,loop15,0.00,0.00,0.000,0.000,0.00
1777902308,loop16,0.00,0.00,0.000,0.000,0.00
1777902308,loop17,0.00,0.00,0.000,0.000,0.00
1777902308,loop18,0.00,0.00,0.000,0.000,0.00
1777902308,loop19,0.00,0.00,0.000,0.000,0.00
1777902308,loop2,0.00,0.00,0.000,0.000,0.00
1777902308,loop20,0.00,0.00,0.000,0.000,0.00
1777902308,loop21,0.00,0.00,0.000,0.000,0.00
1777902308,loop22,0.00,0.00,0.000,0.000,0.00
1777902308,loop23,0.00,0.00,0.000,0.000,0.00
1777902308,loop24,0.00,0.00,0.000,0.000,0.00
1777902308,loop25,0.00,0.00,0.000,0.000,0.00
1777902308,loop26,0.00,0.00,0.000,0.000,0.00
1777902308,loop27,0.00,0.00,0.000,0.000,0.00
1777902308,loop28,0.00,0.00,0.000,0.000,0.00
1777902308,loop29,0.00,0.00,0.000,0.000,0.00
1777902308,loop3,0.00,0.00,0.000,0.000,0.00
1777902308,loop30,0.00,0.00,0.000,0.000,0.00
1777902308,loop31,0.00,0.00,0.000,0.000,0.00
1777902308,loop32,0.00,0.00,0.000,0.000,0.00
1777902308,loop33,0.00,0.00,0.000,0.000,0.00
1777902308,loop34,0.00,0.00,0.000,0.000,0.00
1777902308,loop35,0.00,0.00,0.000,0.000,0.00
1777902308,loop36,0.00,0.00,0.000,0.000,0.00
1777902308,loop37,0.00,0.00,0.000,0.000,0.00
1777902308,loop38,0.00,0.00,0.000,0.000,0.00
1777902308,loop39,0.00,0.00,0.000,0.000,0.00
1777902308,loop4,0.00,0.00,0.000,0.000,0.00
1777902308,loop40,0.00,0.00,0.000,0.000,0.00
1777902308,loop5,0.00,0.00,0.000,0.000,0.00
1777902308,loop6,0.00,0.00,0.000,0.000,0.00
1777902308,loop7,0.00,0.00,0.000,0.000,0.00
1777902308,loop8,0.00,0.00,0.000,0.000,0.00
1777902308,loop9,0.00,0.00,0.000,0.000,0.00
1777902308,nvme0n1,0.00,0.00,0.000,0.000,0.00
1777902309,loop0,0.00,0.00,0.000,0.000,0.00
1777902309,loop1,0.00,0.00,0.000,0.000,0.00
1777902309,loop10,0.00,0.00,0.000,0.000,0.00
1777902309,loop11,0.00,0.00,0.000,0.000,0.00
1777902309,loop12,0.00,0.00,0.000,0.000,0.00
1777902309,loop13,0.00,0.00,0.000,0.000,0.00
1777902309,loop14,0.00,0.00,0.000,0.000,0.00
1777902309,loop15,0.00,0.00,0.000,0.000,0.00
1777902309,loop16,0.00,0.00,0.000,0.000,0.00
1777902309,loop17,0.00,0.00,0.000,0.000,0.00
1777902309,loop18,0.00,0.00,0.000,0.000,0.00
1777902309,loop19,0.00,0.00,0.000,0.000,0.00
1777902309,loop2,0.00,0.00,0.000,0.000,0.00
1777902309,loop20,0.00,0.00,0.000,0.000,0.00
1777902309,loop21,0.00,0.00,0.000,0.000,0.00
1777902309,loop22,0.00,0.00,0.000,0.000,0.00
1777902309,loop23,0.00,0.00,0.000,0.000,0.00
1777902309,loop24,0.00,0.00,0.000,0.000,0.00
1777902309,loop25,0.00,0.00,0.000,0.000,0.00
1777902309,loop26,0.00,0.00,0.000,0.000,0.00
1777902309,loop27,0.00,0.00,0.000,0.000,0.00
1777902309,loop28,0.00,0.00,0.000,0.000,0.00
1777902309,loop29,0.00,0.00,0.000,0.000,0.00
1777902309,loop3,0.00,0.00,0.000,0.000,0.00
1777902309,loop30,0.00,0.00,0.000,0.000,0.00
1777902309,loop31,0.00,0.00,0.000,0.000,0.00
1777902309,loop32,0.00,0.00,0.000,0.000,0.00
1777902309,loop33,0.00,0.00,0.000,0.000,0.00
1777902309,loop34,0.00,0.00,0.000,0.000,0.00
1777902309,loop35,0.00,0.00,0.000,0.000,0.00
1777902309,loop36,0.00,0.00,0.000,0.000,0.00
1777902309,loop37,0.00,0.00,0.000,0.000,0.00
1777902309,loop38,0.00,0.00,0.000,0.000,0.00
1777902309,loop39,0.00,0.00,0.000,0.000,0.00
1777902309,loop4,0.00,0.00,0.000,0.000,0.00
1777902309,loop40,0.00,0.00,0.000,0.000,0.00
1777902309,loop5,0.00,0.00,0.000,0.000,0.00
1777902309,loop6,0.00,0.00,0.000,0.000,0.00
1777902309,loop7,0.00,0.00,0.000,0.000,0.00
1777902309,loop8,0.00,0.00,0.000,0.000,0.00
1777902309,loop9,0.00,0.00,0.000,0.000,0.00
1777902309,nvme0n1,0.00,0.00,0.000,0.000,0.00
1777902310,loop0,0.00,0.00,0.000,0.000,0.00
1777902310,loop1,0.00,0.00,0.000,0.000,0.00
1777902310,loop10,0.00,0.00,0.000,0.000,0.00
1777902310,loop11,0.00,0.00,0.000,0.000,0.00
1777902310,loop12,0.00,0.00,0.000,0.000,0.00
1777902310,loop13,0.00,0.00,0.000,0.000,0.00
1777902310,loop14,0.00,0.00,0.000,0.000,0.00
1777902310,loop15,0.00,0.00,0.000,0.000,0.00
1777902310,loop16,0.00,0.00,0.000,0.000,0.00
1777902310,loop17,0.00,0.00,0.000,0.000,0.00
1777902310,loop18,0.00,0.00,0.000,0.000,0.00
1777902310,loop19,0.00,0.00,0.000,0.000,0.00
1777902310,loop2,0.00,0.00,0.000,0.000,0.00
1777902310,loop20,0.00,0.00,0.000,0.000,0.00
1777902310,loop21,0.00,0.00,0.000,0.000,0.00
1777902310,loop22,0.00,0.00,0.000,0.000,0.00
1777902310,loop23,0.00,0.00,0.000,0.000,0.00
1777902310,loop24,0.00,0.00,0.000,0.000,0.00
1777902310,loop25,0.00,0.00,0.000,0.000,0.00
1777902310,loop26,0.00,0.00,0.000,0.000,0.00
1777902310,loop27,0.00,0.00,0.000,0.000,0.00
1777902310,loop28,0.00,0.00,0.000,0.000,0.00
1777902310,loop29,0.00,0.00,0.000,0.000,0.00
1777902310,loop3,0.00,0.00,0.000,0.000,0.00
1777902310,loop30,0.00,0.00,0.000,0.000,0.00
1777902310,loop31,0.00,0.00,0.000,0.000,0.00
1777902310,loop32,0.00,0.00,0.000,0.000,0.00
1777902310,loop33,0.00,0.00,0.000,0.000,0.00
1777902310,loop34,0.00,0.00,0.000,0.000,0.00
1777902310,loop35,0.00,0.00,0.000,0.000,0.00
1777902310,loop36,0.00,0.00,0.000,0.000,0.00
1777902310,loop37,0.00,0.00,0.000,0.000,0.00
1777902310,loop38,0.00,0.00,0.000,0.000,0.00
1777902310,loop39,0.00,0.00,0.000,0.000,0.00
1777902310,loop4,0.00,0.00,0.000,0.000,0.00
1777902310,loop40,0.00,0.00,0.000,0.000,0.00
1777902310,loop5,0.00,0.00,0.000,0.000,0.00
1777902310,loop6,0.00,0.00,0.000,0.000,0.00
1777902310,loop7,0.00,0.00,0.000,0.000,0.00
1777902310,loop8,0.00,0.00,0.000,0.000,0.00
1777902310,loop9,0.00,0.00,0.000,0.000,0.00
1777902310,nvme0n1,5.00,160.00,0.000,0.000,4.80
1777902311,loop0,0.00,0.00,0.000,0.000,0.00
1777902311,loop1,0.00,0.00,0.000,0.000,0.00
1777902311,loop10,0.00,0.00,0.000,0.000,0.00
1777902311,loop11,0.00,0.00,0.000,0.000,0.00
1777902311,loop12,0.00,0.00,0.000,0.000,0.00
1777902311,loop13,0.00,0.00,0.000,0.000,0.00
1777902311,loop14,0.00,0.00,0.000,0.000,0.00
1777902311,loop15,0.00,0.00,0.000,0.000,0.00
1777902311,loop16,0.00,0.00,0.000,0.000,0.00
1777902311,loop17,0.00,0.00,0.000,0.000,0.00
1777902311,loop18,0.00,0.00,0.000,0.000,0.00
1777902311,loop19,0.00,0.00,0.000,0.000,0.00
1777902311,loop2,0.00,0.00,0.000,0.000,0.00
1777902311,loop20,0.00,0.00,0.000,0.000,0.00
1777902311,loop21,0.00,0.00,0.000,0.000,0.00
1777902311,loop22,0.00,0.00,0.000,0.000,0.00
1777902311,loop23,0.00,0.00,0.000,0.000,0.00
1777902311,loop24,0.00,0.00,0.000,0.000,0.00
1777902311,loop25,0.00,0.00,0.000,0.000,0.00
1777902311,loop26,0.00,0.00,0.000,0.000,0.00
1777902311,loop27,0.00,0.00,0.000,0.000,0.00
1777902311,loop28,0.00,0.00,0.000,0.000,0.00
1777902311,loop29,0.00,0.00,0.000,0.000,0.00
1777902311,loop3,0.00,0.00,0.000,0.000,0.00
1777902311,loop30,0.00,0.00,0.000,0.000,0.00
1777902311,loop31,0.00,0.00,0.000,0.000,0.00
1777902311,loop32,0.00,0.00,0.000,0.000,0.00
1777902311,loop33,0.00,0.00,0.000,0.000,0.00
1777902311,loop34,0.00,0.00,0.000,0.000,0.00
1777902311,loop35,0.00,0.00,0.000,0.000,0.00
1777902311,loop36,0.00,0.00,0.000,0.000,0.00
1777902311,loop37,0.00,0.00,0.000,0.000,0.00
1777902311,loop38,0.00,0.00,0.000,0.000,0.00
1777902311,loop39,0.00,0.00,0.000,0.000,0.00
1777902311,loop4,0.00,0.00,0.000,0.000,0.00
1777902311,loop40,0.00,0.00,0.000,0.000,0.00
1777902311,loop5,0.00,0.00,0.000,0.000,0.00
1777902311,loop6,0.00,0.00,0.000,0.000,0.00
1777902311,loop7,0.00,0.00,0.000,0.000,0.00
1777902311,loop8,0.00,0.00,0.000,0.000,0.00
1777902311,loop9,0.00,0.00,0.000,0.000,0.00
1777902311,nvme0n1,0.00,0.00,0.000,0.000,0.20
1777902312,loop0,0.00,0.00,0.000,0.000,0.00
1777902312,loop1,0.00,0.00,0.000,0.000,0.00
1777902312,loop10,0.00,0.00,0.000,0.000,0.00
1777902312,loop11,0.00,0.00,0.000,0.000,0.00
1777902312,loop12,0.00,0.00,0.000,0.000,0.00
1777902312,loop13,0.00,0.00,0.000,0.000,0.00
1777902312,loop14,0.00,0.00,0.000,0.000,0.00
1777902312,loop15,0.00,0.00,0.000,0.000,0.00
1777902312,loop16,0.00,0.00,0.000,0.000,0.00
1777902312,loop17,0.00,0.00,0.000,0.000,0.00
1777902312,loop18,0.00,0.00,0.000,0.000,0.00
1777902312,loop19,0.00,0.00,0.000,0.000,0.00
1777902312,loop2,0.00,0.00,0.000,0.000,0.00
1777902312,loop20,0.00,0.00,0.000,0.000,0.00
1777902312,loop21,0.00,0.00,0.000,0.000,0.00
1777902312,loop22,0.00,0.00,0.000,0.000,0.00
1777902312,loop23,0.00,0.00,0.000,0.000,0.00
1777902312,loop24,0.00,0.00,0.000,0.000,0.00
1777902312,loop25,0.00,0.00,0.000,0.000,0.00
1777902312,loop26,0.00,0.00,0.000,0.000,0.00
1777902312,loop27,0.00,0.00,0.000,0.000,0.00
1777902312,loop28,0.00,0.00,0.000,0.000,0.00
1777902312,loop29,0.00,0.00,0.000,0.000,0.00
1777902312,loop3,0.00,0.00,0.000,0.000,0.00
1777902312,loop30,0.00,0.00,0.000,0.000,0.00
1777902312,loop31,0.00,0.00,0.000,0.000,0.00
1777902312,loop32,0.00,0.00,0.000,0.000,0.00
1777902312,loop33,0.00,0.00,0.000,0.000,0.00
1777902312,loop34,0.00,0.00,0.000,0.000,0.00
1777902312,loop35,0.00,0.00,0.000,0.000,0.00
1777902312,loop36,0.00,0.00,0.000,0.000,0.00
1777902312,loop37,0.00,0.00,0.000,0.000,0.00
1777902312,loop38,0.00,0.00,0.000,0.000,0.00
1777902312,loop39,0.00,0.00,0.000,0.000,0.00
1777902312,loop4,0.00,0.00,0.000,0.000,0.00
1777902312,loop40,0.00,0.00,0.000,0.000,0.00
1777902312,loop5,0.00,0.00,0.000,0.000,0.00
1777902312,loop6,0.00,0.00,0.000,0.000,0.00
1777902312,loop7,0.00,0.00,0.000,0.000,0.00
1777902312,loop8,0.00,0.00,0.000,0.000,0.00
1777902312,loop9,0.00,0.00,0.000,0.000,0.00
1777902312,nvme0n1,2.00,56.00,0.000,0.000,0.50
1777902313,loop0,0.00,0.00,0.000,0.000,0.00
1777902313,loop1,0.00,0.00,0.000,0.000,0.00
1777902313,loop10,0.00,0.00,0.000,0.000,0.00
1777902313,loop11,0.00,0.00,0.000,0.000,0.00
1777902313,loop12,0.00,0.00,0.000,0.000,0.00
1777902313,loop13,0.00,0.00,0.000,0.000,0.00
1777902313,loop14,0.00,0.00,0.000,0.000,0.00
1777902313,loop15,0.00,0.00,0.000,0.000,0.00
1777902313,loop16,0.00,0.00,0.000,0.000,0.00
1777902313,loop17,0.00,0.00,0.000,0.000,0.00
1777902313,loop18,0.00,0.00,0.000,0.000,0.00
1777902313,loop19,0.00,0.00,0.000,0.000,0.00
1777902313,loop2,0.00,0.00,0.000,0.000,0.00
1777902313,loop20,0.00,0.00,0.000,0.000,0.00
1777902313,loop21,0.00,0.00,0.000,0.000,0.00
1777902313,loop22,0.00,0.00,0.000,0.000,0.00
1777902313,loop23,0.00,0.00,0.000,0.000,0.00
1777902313,loop24,0.00,0.00,0.000,0.000,0.00
1777902313,loop25,0.00,0.00,0.000,0.000,0.00
1777902313,loop26,0.00,0.00,0.000,0.000,0.00
1777902313,loop27,0.00,0.00,0.000,0.000,0.00
1777902313,loop28,0.00,0.00,0.000,0.000,0.00
1777902313,loop29,0.00,0.00,0.000,0.000,0.00
1777902313,loop3,0.00,0.00,0.000,0.000,0.00
1777902313,loop30,0.00,0.00,0.000,0.000,0.00
1777902313,loop31,0.00,0.00,0.000,0.000,0.00
1777902313,loop32,0.00,0.00,0.000,0.000,0.00
1777902313,loop33,0.00,0.00,0.000,0.000,0.00
1777902313,loop34,0.00,0.00,0.000,0.000,0.00
1777902313,loop35,0.00,0.00,0.000,0.000,0.00
1777902313,loop36,0.00,0.00,0.000,0.000,0.00
1777902313,loop37,0.00,0.00,0.000,0.000,0.00
1777902313,loop38,3.00,222.00,0.000,0.000,0.10
1777902313,loop39,0.00,0.00,0.000,0.000,0.00
1777902313,loop4,0.00,0.00,0.000,0.000,0.00
1777902313,loop40,0.00,0.00,0.000,0.000,0.00
1777902313,loop5,0.00,0.00,0.000,0.000,0.00
1777902313,loop6,0.00,0.00,0.000,0.000,0.00
1777902313,loop7,0.00,0.00,0.000,0.000,0.00
1777902313,loop8,0.00,0.00,0.000,0.000,0.00
1777902313,loop9,0.00,0.00,0.000,0.000,0.00
1777902313,nvme0n1,13.00,472.00,0.000,0.000,0.50
1777902314,loop0,0.00,0.00,0.000,0.000,0.00
1777902314,loop1,0.00,0.00,0.000,0.000,0.00
1777902314,loop10,0.00,0.00,0.000,0.000,0.00
1777902314,loop11,0.00,0.00,0.000,0.000,0.00
1777902314,loop12,0.00,0.00,0.000,0.000,0.00
1777902314,loop13,0.00,0.00,0.000,0.000,0.00
1777902314,loop14,0.00,0.00,0.000,0.000,0.00
1777902314,loop15,0.00,0.00,0.000,0.000,0.00
1777902314,loop16,0.00,0.00,0.000,0.000,0.00
1777902314,loop17,0.00,0.00,0.000,0.000,0.00
1777902314,loop18,0.00,0.00,0.000,0.000,0.00
1777902314,loop19,0.00,0.00,0.000,0.000,0.00
1777902314,loop2,0.00,0.00,0.000,0.000,0.00
1777902314,loop20,0.00,0.00,0.000,0.000,0.00
1777902314,loop21,0.00,0.00,0.000,0.000,0.00
1777902314,loop22,0.00,0.00,0.000,0.000,0.00
1777902314,loop23,0.00,0.00,0.000,0.000,0.00
1777902314,loop24,0.00,0.00,0.000,0.000,0.00
1777902314,loop25,0.00,0.00,0.000,0.000,0.00
1777902314,loop26,0.00,0.00,0.000,0.000,0.00
1777902314,loop27,0.00,0.00,0.000,0.000,0.00
1777902314,loop28,0.00,0.00,0.000,0.000,0.00
1777902314,loop29,0.00,0.00,0.000,0.000,0.00
1777902314,loop3,0.00,0.00,0.000,0.000,0.00
1777902314,loop30,0.00,0.00,0.000,0.000,0.00
1777902314,loop31,0.00,0.00,0.000,0.000,0.00
1777902314,loop32,0.00,0.00,0.000,0.000,0.00
1777902314,loop33,0.00,0.00,0.000,0.000,0.00
1777902314,loop34,0.00,0.00,0.000,0.000,0.00
1777902314,loop35,0.00,0.00,0.000,0.000,0.00
1777902314,loop36,0.00,0.00,0.000,0.000,0.00
1777902314,loop37,0.00,0.00,0.000,0.000,0.00
1777902314,loop38,0.00,0.00,0.000,0.000,0.00
1777902314,loop39,0.00,0.00,0.000,0.000,0.00
1777902314,loop4,0.00,0.00,0.000,0.000,0.00
1777902314,loop40,0.00,0.00,0.000,0.000,0.00
1777902314,loop5,0.00,0.00,0.000,0.000,0.00
1777902314,loop6,0.00,0.00,0.000,0.000,0.00
1777902314,loop7,0.00,0.00,0.000,0.000,0.00
1777902314,loop8,0.00,0.00,0.000,0.000,0.00
1777902314,loop9,0.00,0.00,0.000,0.000,0.00
1777902314,nvme0n1,176.00,5292.00,0.000,0.000,1.90
1777902315,loop0,0.00,0.00,0.000,0.000,0.00
1777902315,loop1,0.00,0.00,0.000,0.000,0.00
1777902315,loop10,0.00,0.00,0.000,0.000,0.00
1777902315,loop11,0.00,0.00,0.000,0.000,0.00
1777902315,loop12,0.00,0.00,0.000,0.000,0.00
1777902315,loop13,0.00,0.00,0.000,0.000,0.00
1777902315,loop14,0.00,0.00,0.000,0.000,0.00
1777902315,loop15,0.00,0.00,0.000,0.000,0.00
1777902315,loop16,0.00,0.00,0.000,0.000,0.00
1777902315,loop17,0.00,0.00,0.000,0.000,0.00
1777902315,loop18,0.00,0.00,0.000,0.000,0.00
1777902315,loop19,0.00,0.00,0.000,0.000,0.00
1777902315,loop2,0.00,0.00,0.000,0.000,0.00
1777902315,loop20,0.00,0.00,0.000,0.000,0.00
1777902315,loop21,0.00,0.00,0.000,0.000,0.00
1777902315,loop22,0.00,0.00,0.000,0.000,0.00
1777902315,loop23,0.00,0.00,0.000,0.000,0.00
1777902315,loop24,0.00,0.00,0.000,0.000,0.00
1777902315,loop25,0.00,0.00,0.000,0.000,0.00
1777902315,loop26,0.00,0.00,0.000,0.000,0.00
1777902315,loop27,0.00,0.00,0.000,0.000,0.00
1777902315,loop28,0.00,0.00,0.000,0.000,0.00
1777902315,loop29,0.00,0.00,0.000,0.000,0.00
1777902315,loop3,0.00,0.00,0.000,0.000,0.00
1777902315,loop30,0.00,0.00,0.000,0.000,0.00
1777902315,loop31,0.00,0.00,0.000,0.000,0.00
1777902315,loop32,0.00,0.00,0.000,0.000,0.00
1777902315,loop33,0.00,0.00,0.000,0.000,0.00
1777902315,loop34,0.00,0.00,0.000,0.000,0.00
1777902315,loop35,0.00,0.00,0.000,0.000,0.00
1777902315,loop36,0.00,0.00,0.000,0.000,0.00
1777902315,loop37,0.00,0.00,0.000,0.000,0.00
1777902315,loop38,0.00,0.00,0.000,0.000,0.00
1777902315,loop39,0.00,0.00,0.000,0.000,0.00
1777902315,loop4,0.00,0.00,0.000,0.000,0.00
1777902315,loop40,0.00,0.00,0.000,0.000,0.00
1777902315,loop5,0.00,0.00,0.000,0.000,0.00
1777902315,loop6,0.00,0.00,0.000,0.000,0.00
1777902315,loop7,0.00,0.00,0.000,0.000,0.00
1777902315,loop8,0.00,0.00,0.000,0.000,0.00
1777902315,loop9,0.00,0.00,0.000,0.000,0.00
1777902315,nvme0n1,15.00,300.00,0.024,0.061,0.20
1777902316,loop0,0.00,0.00,0.000,0.000,0.00
1777902316,loop1,0.00,0.00,0.000,0.000,0.00
1777902316,loop10,0.00,0.00,0.000,0.000,0.00
1777902316,loop11,0.00,0.00,0.000,0.000,0.00
1777902316,loop12,0.00,0.00,0.000,0.000,0.00
1777902316,loop13,0.00,0.00,0.000,0.000,0.00
1777902316,loop14,0.00,0.00,0.000,0.000,0.00
1777902316,loop15,0.00,0.00,0.000,0.000,0.00
1777902316,loop16,0.00,0.00,0.000,0.000,0.00
1777902316,loop17,0.00,0.00,0.000,0.000,0.00
1777902316,loop18,0.00,0.00,0.000,0.000,0.00
1777902316,loop19,0.00,0.00,0.000,0.000,0.00
1777902316,loop2,0.00,0.00,0.000,0.000,0.00
1777902316,loop20,0.00,0.00,0.000,0.000,0.00
1777902316,loop21,0.00,0.00,0.000,0.000,0.00
1777902316,loop22,0.00,0.00,0.000,0.000,0.00
1777902316,loop23,0.00,0.00,0.000,0.000,0.00
1777902316,loop24,0.00,0.00,0.000,0.000,0.00
1777902316,loop25,0.00,0.00,0.000,0.000,0.00
1777902316,loop26,0.00,0.00,0.000,0.000,0.00
1777902316,loop27,0.00,0.00,0.000,0.000,0.00
1777902316,loop28,0.00,0.00,0.000,0.000,0.00
1777902316,loop29,0.00,0.00,0.000,0.000,0.00
1777902316,loop3,0.00,0.00,0.000,0.000,0.00
1777902316,loop30,0.00,0.00,0.000,0.000,0.00
1777902316,loop31,0.00,0.00,0.000,0.000,0.00
1777902316,loop32,0.00,0.00,0.000,0.000,0.00
1777902316,loop33,0.00,0.00,0.000,0.000,0.00
1777902316,loop34,0.00,0.00,0.000,0.000,0.00
1777902316,loop35,0.00,0.00,0.000,0.000,0.00
1777902316,loop36,0.00,0.00,0.000,0.000,0.00
1777902316,loop37,0.00,0.00,0.000,0.000,0.00
1777902316,loop38,0.00,0.00,0.000,0.000,0.00
1777902316,loop39,0.00,0.00,0.000,0.000,0.00
1777902316,loop4,0.00,0.00,0.000,0.000,0.00
1777902316,loop40,0.00,0.00,0.000,0.000,0.00
1777902316,loop5,0.00,0.00,0.000,0.000,0.00
1777902316,loop6,0.00,0.00,0.000,0.000,0.00
1777902316,loop7,0.00,0.00,0.000,0.000,0.00
1777902316,loop8,0.00,0.00,0.000,0.000,0.00
1777902316,loop9,0.00,0.00,0.000,0.000,0.00
1777902316,nvme0n1,32.00,252.00,0.028,0.046,0.20
1777902317,loop0,0.00,0.00,0.000,0.000,0.00
1777902317,loop1,0.00,0.00,0.000,0.000,0.00
1777902317,loop10,0.00,0.00,0.000,0.000,0.00
1777902317,loop11,0.00,0.00,0.000,0.000,0.00
1777902317,loop12,0.00,0.00,0.000,0.000,0.00
1777902317,loop13,0.00,0.00,0.000,0.000,0.00
1777902317,loop14,0.00,0.00,0.000,0.000,0.00
1777902317,loop15,0.00,0.00,0.000,0.000,0.00
1777902317,loop16,0.00,0.00,0.000,0.000,0.00
1777902317,loop17,0.00,0.00,0.000,0.000,0.00
1777902317,loop18,0.00,0.00,0.000,0.000,0.00
1777902317,loop19,0.00,0.00,0.000,0.000,0.00
1777902317,loop2,0.00,0.00,0.000,0.000,0.00
1777902317,loop20,0.00,0.00,0.000,0.000,0.00
1777902317,loop21,0.00,0.00,0.000,0.000,0.00
1777902317,loop22,0.00,0.00,0.000,0.000,0.00
1777902317,loop23,0.00,0.00,0.000,0.000,0.00
1777902317,loop24,0.00,0.00,0.000,0.000,0.00
1777902317,loop25,0.00,0.00,0.000,0.000,0.00
1777902317,loop26,0.00,0.00,0.000,0.000,0.00
1777902317,loop27,0.00,0.00,0.000,0.000,0.00
1777902317,loop28,0.00,0.00,0.000,0.000,0.00
1777902317,loop29,0.00,0.00,0.000,0.000,0.00
1777902317,loop3,0.00,0.00,0.000,0.000,0.00
1777902317,loop30,0.00,0.00,0.000,0.000,0.00
1777902317,loop31,0.00,0.00,0.000,0.000,0.00
1777902317,loop32,0.00,0.00,0.000,0.000,0.00
1777902317,loop33,0.00,0.00,0.000,0.000,0.00
1777902317,loop34,0.00,0.00,0.000,0.000,0.00
1777902317,loop35,0.00,0.00,0.000,0.000,0.00
1777902317,loop36,0.00,0.00,0.000,0.000,0.00
1777902317,loop37,0.00,0.00,0.000,0.000,0.00
1777902317,loop38,3.00,241.00,0.000,0.000,0.10
1777902317,loop39,0.00,0.00,0.000,0.000,0.00
1777902317,loop4,0.00,0.00,0.000,0.000,0.00
1777902317,loop40,0.00,0.00,0.000,0.000,0.00
1777902317,loop5,0.00,0.00,0.000,0.000,0.00
1777902317,loop6,0.00,0.00,0.000,0.000,0.00
1777902317,loop7,0.00,0.00,0.000,0.000,0.00
1777902317,loop8,0.00,0.00,0.000,0.000,0.00
1777902317,loop9,0.00,0.00,0.000,0.000,0.00
1777902317,nvme0n1,13.00,176.00,0.002,0.013,0.20
1777902318,loop0,0.00,0.00,0.000,0.000,0.00
1777902318,loop1,0.00,0.00,0.000,0.000,0.00
1777902318,loop10,0.00,0.00,0.000,0.000,0.00
1777902318,loop11,0.00,0.00,0.000,0.000,0.00
1777902318,loop12,0.00,0.00,0.000,0.000,0.00
1777902318,loop13,0.00,0.00,0.000,0.000,0.00
1777902318,loop14,0.00,0.00,0.000,0.000,0.00
1777902318,loop15,0.00,0.00,0.000,0.000,0.00
1777902318,loop16,0.00,0.00,0.000,0.000,0.00
1777902318,loop17,0.00,0.00,0.000,0.000,0.00
1777902318,loop18,0.00,0.00,0.000,0.000,0.00
1777902318,loop19,0.00,0.00,0.000,0.000,0.00
1777902318,loop2,0.00,0.00,0.000,0.000,0.00
1777902318,loop20,3.00,171.00,0.000,0.000,0.00
1777902318,loop21,0.00,0.00,0.000,0.000,0.00
1777902318,loop22,0.00,0.00,0.000,0.000,0.00
1777902318,loop23,0.00,0.00,0.000,0.000,0.00
1777902318,loop24,0.00,0.00,0.000,0.000,0.00
1777902318,loop25,0.00,0.00,0.000,0.000,0.00
1777902318,loop26,0.00,0.00,0.000,0.000,0.00
1777902318,loop27,0.00,0.00,0.000,0.000,0.00
1777902318,loop28,0.00,0.00,0.000,0.000,0.00
1777902318,loop29,0.00,0.00,0.000,0.000,0.00
1777902318,loop3,0.00,0.00,0.000,0.000,0.00
1777902318,loop30,0.00,0.00,0.000,0.000,0.00
1777902318,loop31,0.00,0.00,0.000,0.000,0.00
1777902318,loop32,0.00,0.00,0.000,0.000,0.00
1777902318,loop33,0.00,0.00,0.000,0.000,0.00
1777902318,loop34,0.00,0.00,0.000,0.000,0.00
1777902318,loop35,0.00,0.00,0.000,0.000,0.00
1777902318,loop36,0.00,0.00,0.000,0.000,0.00
1777902318,loop37,0.00,0.00,0.000,0.000,0.00
1777902318,loop38,0.00,0.00,0.000,0.000,0.00
1777902318,loop39,0.00,0.00,0.000,0.000,0.00
1777902318,loop4,0.00,0.00,0.000,0.000,0.00
1777902318,loop40,0.00,0.00,0.000,0.000,0.00
1777902318,loop5,0.00,0.00,0.000,0.000,0.00
1777902318,loop6,0.00,0.00,0.000,0.000,0.00
1777902318,loop7,0.00,0.00,0.000,0.000,0.00
1777902318,loop8,0.00,0.00,0.000,0.000,0.00
1777902318,loop9,0.00,0.00,0.000,0.000,0.00
1777902318,nvme0n1,42.00,740.00,0.004,0.008,1.10
1777902319,loop0,0.00,0.00,0.000,0.000,0.00
1777902319,loop1,0.00,0.00,0.000,0.000,0.00
1777902319,loop10,0.00,0.00,0.000,0.000,0.00
1777902319,loop11,0.00,0.00,0.000,0.000,0.00
1777902319,loop12,0.00,0.00,0.000,0.000,0.00
1777902319,loop13,0.00,0.00,0.000,0.000,0.00
1777902319,loop14,0.00,0.00,0.000,0.000,0.00
1777902319,loop15,0.00,0.00,0.000,0.000,0.00
1777902319,loop16,0.00,0.00,0.000,0.000,0.00
1777902319,loop17,0.00,0.00,0.000,0.000,0.00
1777902319,loop18,0.00,0.00,0.000,0.000,0.00
1777902319,loop19,0.00,0.00,0.000,0.000,0.00
1777902319,loop2,0.00,0.00,0.000,0.000,0.00
1777902319,loop20,0.00,0.00,0.000,0.000,0.00
1777902319,loop21,0.00,0.00,0.000,0.000,0.00
1777902319,loop22,0.00,0.00,0.000,0.000,0.00
1777902319,loop23,0.00,0.00,0.000,0.000,0.00
1777902319,loop24,0.00,0.00,0.000,0.000,0.00
1777902319,loop25,0.00,0.00,0.000,0.000,0.00
1777902319,loop26,0.00,0.00,0.000,0.000,0.00
1777902319,loop27,0.00,0.00,0.000,0.000,0.00
1777902319,loop28,0.00,0.00,0.000,0.000,0.00
1777902319,loop29,0.00,0.00,0.000,0.000,0.00
1777902319,loop3,0.00,0.00,0.000,0.000,0.00
1777902319,loop30,0.00,0.00,0.000,0.000,0.00
1777902319,loop31,0.00,0.00,0.000,0.000,0.00
1777902319,loop32,0.00,0.00,0.000,0.000,0.00
1777902319,loop33,0.00,0.00,0.000,0.000,0.00
1777902319,loop34,0.00,0.00,0.000,0.000,0.00
1777902319,loop35,0.00,0.00,0.000,0.000,0.00
1777902319,loop36,0.00,0.00,0.000,0.000,0.00
1777902319,loop37,0.00,0.00,0.000,0.000,0.00
1777902319,loop38,0.00,0.00,0.000,0.000,0.00
1777902319,loop39,0.00,0.00,0.000,0.000,0.00
1777902319,loop4,0.00,0.00,0.000,0.000,0.00
1777902319,loop40,0.00,0.00,0.000,0.000,0.00
1777902319,loop5,0.00,0.00,0.000,0.000,0.00
1777902319,loop6,0.00,0.00,0.000,0.000,0.00
1777902319,loop7,0.00,0.00,0.000,0.000,0.00
1777902319,loop8,0.00,0.00,0.000,0.000,0.00
1777902319,loop9,0.00,0.00,0.000,0.000,0.00
1777902319,nvme0n1,21.00,84.00,0.000,0.000,0.50
1777902320,loop0,0.00,0.00,0.000,0.000,0.00
1777902320,loop1,0.00,0.00,0.000,0.000,0.00
1777902320,loop10,0.00,0.00,0.000,0.000,0.00
1777902320,loop11,0.00,0.00,0.000,0.000,0.00
1777902320,loop12,0.00,0.00,0.000,0.000,0.00
1777902320,loop13,0.00,0.00,0.000,0.000,0.00
1777902320,loop14,0.00,0.00,0.000,0.000,0.00
1777902320,loop15,0.00,0.00,0.000,0.000,0.00
1777902320,loop16,0.00,0.00,0.000,0.000,0.00
1777902320,loop17,0.00,0.00,0.000,0.000,0.00
1777902320,loop18,0.00,0.00,0.000,0.000,0.00
1777902320,loop19,0.00,0.00,0.000,0.000,0.00
1777902320,loop2,0.00,0.00,0.000,0.000,0.00
1777902320,loop20,0.00,0.00,0.000,0.000,0.00
1777902320,loop21,0.00,0.00,0.000,0.000,0.00
1777902320,loop22,0.00,0.00,0.000,0.000,0.00
1777902320,loop23,0.00,0.00,0.000,0.000,0.00
1777902320,loop24,0.00,0.00,0.000,0.000,0.00
1777902320,loop25,0.00,0.00,0.000,0.000,0.00
1777902320,loop26,0.00,0.00,0.000,0.000,0.00
1777902320,loop27,0.00,0.00,0.000,0.000,0.00
1777902320,loop28,0.00,0.00,0.000,0.000,0.00
1777902320,loop29,0.00,0.00,0.000,0.000,0.00
1777902320,loop3,0.00,0.00,0.000,0.000,0.00
1777902320,loop30,0.00,0.00,0.000,0.000,0.00
1777902320,loop31,0.00,0.00,0.000,0.000,0.00
1777902320,loop32,0.00,0.00,0.000,0.000,0.00
1777902320,loop33,0.00,0.00,0.000,0.000,0.00
1777902320,loop34,0.00,0.00,0.000,0.000,0.00
1777902320,loop35,0.00,0.00,0.000,0.000,0.00
1777902320,loop36,0.00,0.00,0.000,0.000,0.00
1777902320,loop37,0.00,0.00,0.000,0.000,0.00
1777902320,loop38,0.00,0.00,0.000,0.000,0.00
1777902320,loop39,0.00,0.00,0.000,0.000,0.00
1777902320,loop4,0.00,0.00,0.000,0.000,0.00
1777902320,loop40,0.00,0.00,0.000,0.000,0.00
1777902320,loop5,0.00,0.00,0.000,0.000,0.00
1777902320,loop6,0.00,0.00,0.000,0.000,0.00
1777902320,loop7,0.00,0.00,0.000,0.000,0.00
1777902320,loop8,0.00,0.00,0.000,0.000,0.00
1777902320,loop9,0.00,0.00,0.000,0.000,0.00
1777902320,nvme0n1,17.00,128.00,0.011,0.038,0.80
1777902321,loop0,0.00,0.00,0.000,0.000,0.00
1777902321,loop1,0.00,0.00,0.000,0.000,0.00
1777902321,loop10,0.00,0.00,0.000,0.000,0.00
1777902321,loop11,0.00,0.00,0.000,0.000,0.00
1777902321,loop12,3.00,5.00,0.000,0.000,0.10
1777902321,loop13,0.00,0.00,0.000,0.000,0.00
1777902321,loop14,0.00,0.00,0.000,0.000,0.00
1777902321,loop15,0.00,0.00,0.000,0.000,0.00
1777902321,loop16,0.00,0.00,0.000,0.000,0.00
1777902321,loop17,0.00,0.00,0.000,0.000,0.00
1777902321,loop18,0.00,0.00,0.000,0.000,0.00
1777902321,loop19,0.00,0.00,0.000,0.000,0.00
1777902321,loop2,0.00,0.00,0.000,0.000,0.00
1777902321,loop20,120.00,184.00,0.000,0.000,0.20
1777902321,loop21,0.00,0.00,0.000,0.000,0.00
1777902321,loop22,0.00,0.00,0.000,0.000,0.00
1777902321,loop23,0.00,0.00,0.000,0.000,0.00
1777902321,loop24,0.00,0.00,0.000,0.000,0.00
1777902321,loop25,0.00,0.00,0.000,0.000,0.00
1777902321,loop26,0.00,0.00,0.000,0.000,0.00
1777902321,loop27,0.00,0.00,0.000,0.000,0.00
1777902321,loop28,0.00,0.00,0.000,0.000,0.00
1777902321,loop29,0.00,0.00,0.000,0.000,0.00
1777902321,loop3,0.00,0.00,0.000,0.000,0.00
1777902321,loop30,0.00,0.00,0.000,0.000,0.00
1777902321,loop31,0.00,0.00,0.000,0.000,0.00
1777902321,loop32,0.00,0.00,0.000,0.000,0.00
1777902321,loop33,0.00,0.00,0.000,0.000,0.00
1777902321,loop34,0.00,0.00,0.000,0.000,0.00
1777902321,loop35,0.00,0.00,0.000,0.000,0.00
1777902321,loop36,0.00,0.00,0.000,0.000,0.00
1777902321,loop37,0.00,0.00,0.000,0.000,0.00
1777902321,loop38,0.00,0.00,0.000,0.000,0.00
1777902321,loop39,0.00,0.00,0.000,0.000,0.00
1777902321,loop4,0.00,0.00,0.000,0.000,0.00
1777902321,loop40,0.00,0.00,0.000,0.000,0.00
1777902321,loop5,0.00,0.00,0.000,0.000,0.00
1777902321,loop6,0.00,0.00,0.000,0.000,0.00
1777902321,loop7,0.00,0.00,0.000,0.000,0.00
1777902321,loop8,0.00,0.00,0.000,0.000,0.00
1777902321,loop9,0.00,0.00,0.000,0.000,0.00
1777902321,nvme0n1,98.00,988.00,0.000,0.000,2.20
1777902322,loop0,0.00,0.00,0.000,0.000,0.00
1777902322,loop1,0.00,0.00,0.000,0.000,0.00
1777902322,loop10,0.00,0.00,0.000,0.000,0.00
1777902322,loop11,0.00,0.00,0.000,0.000,0.00
1777902322,loop12,0.00,0.00,0.000,0.000,0.00
1777902322,loop13,0.00,0.00,0.000,0.000,0.00
1777902322,loop14,0.00,0.00,0.000,0.000,0.00
1777902322,loop15,0.00,0.00,0.000,0.000,0.00
1777902322,loop16,0.00,0.00,0.000,0.000,0.00
1777902322,loop17,0.00,0.00,0.000,0.000,0.00
1777902322,loop18,0.00,0.00,0.000,0.000,0.00
1777902322,loop19,0.00,0.00,0.000,0.000,0.00
1777902322,loop2,0.00,0.00,0.000,0.000,0.00
1777902322,loop20,0.00,0.00,0.000,0.000,0.00
1777902322,loop21,0.00,0.00,0.000,0.000,0.00
1777902322,loop22,0.00,0.00,0.000,0.000,0.00
1777902322,loop23,0.00,0.00,0.000,0.000,0.00
1777902322,loop24,0.00,0.00,0.000,0.000,0.00
1777902322,loop25,0.00,0.00,0.000,0.000,0.00
1777902322,loop26,0.00,0.00,0.000,0.000,0.00
1777902322,loop27,0.00,0.00,0.000,0.000,0.00
1777902322,loop28,0.00,0.00,0.000,0.000,0.00
1777902322,loop29,0.00,0.00,0.000,0.000,0.00
1777902322,loop3,0.00,0.00,0.000,0.000,0.00
1777902322,loop30,0.00,0.00,0.000,0.000,0.00
1777902322,loop31,0.00,0.00,0.000,0.000,0.00
1777902322,loop32,0.00,0.00,0.000,0.000,0.00
1777902322,loop33,0.00,0.00,0.000,0.000,0.00
1777902322,loop34,0.00,0.00,0.000,0.000,0.00
1777902322,loop35,0.00,0.00,0.000,0.000,0.00
1777902322,loop36,0.00,0.00,0.000,0.000,0.00
1777902322,loop37,0.00,0.00,0.000,0.000,0.00
1777902322,loop38,0.00,0.00,0.000,0.000,0.00
1777902322,loop39,0.00,0.00,0.000,0.000,0.00
1777902322,loop4,0.00,0.00,0.000,0.000,0.00
1777902322,loop40,0.00,0.00,0.000,0.000,0.00
1777902322,loop5,0.00,0.00,0.000,0.000,0.00
1777902322,loop6,0.00,0.00,0.000,0.000,0.00
1777902322,loop7,0.00,0.00,0.000,0.000,0.00
1777902322,loop8,0.00,0.00,0.000,0.000,0.00
1777902322,loop9,0.00,0.00,0.000,0.000,0.00
1777902322,nvme0n1,632.00,29508.00,0.238,0.027,2.50
1777902323,loop0,0.00,0.00,0.000,0.000,0.00
1777902323,loop1,0.00,0.00,0.000,0.000,0.00
1777902323,loop10,0.00,0.00,0.000,0.000,0.00
1777902323,loop11,0.00,0.00,0.000,0.000,0.00
1777902323,loop12,0.00,0.00,0.000,0.000,0.00
1777902323,loop13,0.00,0.00,0.000,0.000,0.00
1777902323,loop14,0.00,0.00,0.000,0.000,0.00
1777902323,loop15,0.00,0.00,0.000,0.000,0.00
1777902323,loop16,0.00,0.00,0.000,0.000,0.00
1777902323,loop17,0.00,0.00,0.000,0.000,0.00
1777902323,loop18,0.00,0.00,0.000,0.000,0.00
1777902323,loop19,0.00,0.00,0.000,0.000,0.00
1777902323,loop2,0.00,0.00,0.000,0.000,0.00
1777902323,loop20,0.00,0.00,0.000,0.000,0.00
1777902323,loop21,0.00,0.00,0.000,0.000,0.00
1777902323,loop22,0.00,0.00,0.000,0.000,0.00
1777902323,loop23,0.00,0.00,0.000,0.000,0.00
1777902323,loop24,0.00,0.00,0.000,0.000,0.00
1777902323,loop25,0.00,0.00,0.000,0.000,0.00
1777902323,loop26,0.00,0.00,0.000,0.000,0.00
1777902323,loop27,0.00,0.00,0.000,0.000,0.00
1777902323,loop28,0.00,0.00,0.000,0.000,0.00
1777902323,loop29,0.00,0.00,0.000,0.000,0.00
1777902323,loop3,0.00,0.00,0.000,0.000,0.00
1777902323,loop30,0.00,0.00,0.000,0.000,0.00
1777902323,loop31,0.00,0.00,0.000,0.000,0.00
1777902323,loop32,0.00,0.00,0.000,0.000,0.00
1777902323,loop33,0.00,0.00,0.000,0.000,0.00
1777902323,loop34,0.00,0.00,0.000,0.000,0.00
1777902323,loop35,0.00,0.00,0.000,0.000,0.00
1777902323,loop36,0.00,0.00,0.000,0.000,0.00
1777902323,loop37,0.00,0.00,0.000,0.000,0.00
1777902323,loop38,0.00,0.00,0.000,0.000,0.00
1777902323,loop39,0.00,0.00,0.000,0.000,0.00
1777902323,loop4,0.00,0.00,0.000,0.000,0.00
1777902323,loop40,0.00,0.00,0.000,0.000,0.00
1777902323,loop5,0.00,0.00,0.000,0.000,0.00
1777902323,loop6,0.00,0.00,0.000,0.000,0.00
1777902323,loop7,0.00,0.00,0.000,0.000,0.00
1777902323,loop8,0.00,0.00,0.000,0.000,0.00
1777902323,loop9,0.00,0.00,0.000,0.000,0.00
1777902323,nvme0n1,701.00,30748.00,0.178,0.020,5.30
1777902324,loop0,0.00,0.00,0.000,0.000,0.00
1777902324,loop1,0.00,0.00,0.000,0.000,0.00
1777902324,loop10,0.00,0.00,0.000,0.000,0.00
1777902324,loop11,0.00,0.00,0.000,0.000,0.00
1777902324,loop12,0.00,0.00,0.000,0.000,0.00
1777902324,loop13,0.00,0.00,0.000,0.000,0.00
1777902324,loop14,0.00,0.00,0.000,0.000,0.00
1777902324,loop15,0.00,0.00,0.000,0.000,0.00
1777902324,loop16,0.00,0.00,0.000,0.000,0.00
1777902324,loop17,0.00,0.00,0.000,0.000,0.00
1777902324,loop18,0.00,0.00,0.000,0.000,0.00
1777902324,loop19,0.00,0.00,0.000,0.000,0.00
1777902324,loop2,0.00,0.00,0.000,0.000,0.00
1777902324,loop20,0.00,0.00,0.000,0.000,0.00
1777902324,loop21,0.00,0.00,0.000,0.000,0.00
1777902324,loop22,0.00,0.00,0.000,0.000,0.00
1777902324,loop23,0.00,0.00,0.000,0.000,0.00
1777902324,loop24,0.00,0.00,0.000,0.000,0.00
1777902324,loop25,0.00,0.00,0.000,0.000,0.00
1777902324,loop26,0.00,0.00,0.000,0.000,0.00
1777902324,loop27,0.00,0.00,0.000,0.000,0.00
1777902324,loop28,0.00,0.00,0.000,0.000,0.00
1777902324,loop29,0.00,0.00,0.000,0.000,0.00
1777902324,loop3,0.00,0.00,0.000,0.000,0.00
1777902324,loop30,0.00,0.00,0.000,0.000,0.00
1777902324,loop31,0.00,0.00,0.000,0.000,0.00
1777902324,loop32,0.00,0.00,0.000,0.000,0.00
1777902324,loop33,0.00,0.00,0.000,0.000,0.00
1777902324,loop34,0.00,0.00,0.000,0.000,0.00
1777902324,loop35,0.00,0.00,0.000,0.000,0.00
1777902324,loop36,0.00,0.00,0.000,0.000,0.00
1777902324,loop37,0.00,0.00,0.000,0.000,0.00
1777902324,loop38,0.00,0.00,0.000,0.000,0.00
1777902324,loop39,0.00,0.00,0.000,0.000,0.00
1777902324,loop4,0.00,0.00,0.000,0.000,0.00
1777902324,loop40,0.00,0.00,0.000,0.000,0.00
1777902324,loop5,0.00,0.00,0.000,0.000,0.00
1777902324,loop6,0.00,0.00,0.000,0.000,0.00
1777902324,loop7,0.00,0.00,0.000,0.000,0.00
1777902324,loop8,0.00,0.00,0.000,0.000,0.00
1777902324,loop9,0.00,0.00,0.000,0.000,0.00
1777902324,nvme0n1,21.00,324.00,0.000,0.000,0.90
1777902325,loop0,0.00,0.00,0.000,0.000,0.00
1777902325,loop1,0.00,0.00,0.000,0.000,0.00
1777902325,loop10,0.00,0.00,0.000,0.000,0.00
1777902325,loop11,0.00,0.00,0.000,0.000,0.00
1777902325,loop12,0.00,0.00,0.000,0.000,0.00
1777902325,loop13,0.00,0.00,0.000,0.000,0.00
1777902325,loop14,0.00,0.00,0.000,0.000,0.00
1777902325,loop15,0.00,0.00,0.000,0.000,0.00
1777902325,loop16,0.00,0.00,0.000,0.000,0.00
1777902325,loop17,0.00,0.00,0.000,0.000,0.00
1777902325,loop18,0.00,0.00,0.000,0.000,0.00
1777902325,loop19,0.00,0.00,0.000,0.000,0.00
1777902325,loop2,0.00,0.00,0.000,0.000,0.00
1777902325,loop20,0.00,0.00,0.000,0.000,0.00
1777902325,loop21,0.00,0.00,0.000,0.000,0.00
1777902325,loop22,0.00,0.00,0.000,0.000,0.00
1777902325,loop23,0.00,0.00,0.000,0.000,0.00
1777902325,loop24,0.00,0.00,0.000,0.000,0.00
1777902325,loop25,0.00,0.00,0.000,0.000,0.00
1777902325,loop26,0.00,0.00,0.000,0.000,0.00
1777902325,loop27,0.00,0.00,0.000,0.000,0.00
1777902325,loop28,0.00,0.00,0.000,0.000,0.00
1777902325,loop29,0.00,0.00,0.000,0.000,0.00
1777902325,loop3,0.00,0.00,0.000,0.000,0.00
1777902325,loop30,0.00,0.00,0.000,0.000,0.00
1777902325,loop31,0.00,0.00,0.000,0.000,0.00
1777902325,loop32,0.00,0.00,0.000,0.000,0.00
1777902325,loop33,0.00,0.00,0.000,0.000,0.00
1777902325,loop34,0.00,0.00,0.000,0.000,0.00
1777902325,loop35,0.00,0.00,0.000,0.000,0.00
1777902325,loop36,0.00,0.00,0.000,0.000,0.00
1777902325,loop37,0.00,0.00,0.000,0.000,0.00
1777902325,loop38,0.00,0.00,0.000,0.000,0.00
1777902325,loop39,0.00,0.00,0.000,0.000,0.00
1777902325,loop4,0.00,0.00,0.000,0.000,0.00
1777902325,loop40,0.00,0.00,0.000,0.000,0.00
1777902325,loop5,0.00,0.00,0.000,0.000,0.00
1777902325,loop6,0.00,0.00,0.000,0.000,0.00
1777902325,loop7,0.00,0.00,0.000,0.000,0.00
1777902325,loop8,0.00,0.00,0.000,0.000,0.00
1777902325,loop9,0.00,0.00,0.000,0.000,0.00
1777902325,nvme0n1,20.00,376.00,0.025,0.055,1.70
1777902326,loop0,0.00,0.00,0.000,0.000,0.00
1777902326,loop1,0.00,0.00,0.000,0.000,0.00
1777902326,loop10,0.00,0.00,0.000,0.000,0.00
1777902326,loop11,0.00,0.00,0.000,0.000,0.00
1777902326,loop12,0.00,0.00,0.000,0.000,0.00
1777902326,loop13,0.00,0.00,0.000,0.000,0.00
1777902326,loop14,0.00,0.00,0.000,0.000,0.00
1777902326,loop15,0.00,0.00,0.000,0.000,0.00
1777902326,loop16,0.00,0.00,0.000,0.000,0.00
1777902326,loop17,0.00,0.00,0.000,0.000,0.00
1777902326,loop18,0.00,0.00,0.000,0.000,0.00
1777902326,loop19,0.00,0.00,0.000,0.000,0.00
1777902326,loop2,0.00,0.00,0.000,0.000,0.00
1777902326,loop20,0.00,0.00,0.000,0.000,0.00
1777902326,loop21,0.00,0.00,0.000,0.000,0.00
1777902326,loop22,0.00,0.00,0.000,0.000,0.00
1777902326,loop23,0.00,0.00,0.000,0.000,0.00
1777902326,loop24,0.00,0.00,0.000,0.000,0.00
1777902326,loop25,0.00,0.00,0.000,0.000,0.00
1777902326,loop26,0.00,0.00,0.000,0.000,0.00
1777902326,loop27,0.00,0.00,0.000,0.000,0.00
1777902326,loop28,0.00,0.00,0.000,0.000,0.00
1777902326,loop29,0.00,0.00,0.000,0.000,0.00
1777902326,loop3,0.00,0.00,0.000,0.000,0.00
1777902326,loop30,0.00,0.00,0.000,0.000,0.00
1777902326,loop31,0.00,0.00,0.000,0.000,0.00
1777902326,loop32,0.00,0.00,0.000,0.000,0.00
1777902326,loop33,0.00,0.00,0.000,0.000,0.00
1777902326,loop34,0.00,0.00,0.000,0.000,0.00
1777902326,loop35,0.00,0.00,0.000,0.000,0.00
1777902326,loop36,0.00,0.00,0.000,0.000,0.00
1777902326,loop37,0.00,0.00,0.000,0.000,0.00
1777902326,loop38,0.00,0.00,0.000,0.000,0.00
1777902326,loop39,0.00,0.00,0.000,0.000,0.00
1777902326,loop4,0.00,0.00,0.000,0.000,0.00
1777902326,loop40,0.00,0.00,0.000,0.000,0.00
1777902326,loop5,0.00,0.00,0.000,0.000,0.00
1777902326,loop6,0.00,0.00,0.000,0.000,0.00
1777902326,loop7,0.00,0.00,0.000,0.000,0.00
1777902326,loop8,0.00,0.00,0.000,0.000,0.00
1777902326,loop9,0.00,0.00,0.000,0.000,0.00
1777902326,nvme0n1,1.00,32.00,0.007,0.085,1.00
1777902327,loop0,0.00,0.00,0.000,0.000,0.00
1777902327,loop1,0.00,0.00,0.000,0.000,0.00
1777902327,loop10,0.00,0.00,0.000,0.000,0.00
1777902327,loop11,0.00,0.00,0.000,0.000,0.00
1777902327,loop12,0.00,0.00,0.000,0.000,0.00
1777902327,loop13,0.00,0.00,0.000,0.000,0.00
1777902327,loop14,0.00,0.00,0.000,0.000,0.00
1777902327,loop15,0.00,0.00,0.000,0.000,0.00
1777902327,loop16,0.00,0.00,0.000,0.000,0.00
1777902327,loop17,0.00,0.00,0.000,0.000,0.00
1777902327,loop18,0.00,0.00,0.000,0.000,0.00
1777902327,loop19,0.00,0.00,0.000,0.000,0.00
1777902327,loop2,0.00,0.00,0.000,0.000,0.00
1777902327,loop20,0.00,0.00,0.000,0.000,0.00
1777902327,loop21,0.00,0.00,0.000,0.000,0.00
1777902327,loop22,0.00,0.00,0.000,0.000,0.00
1777902327,loop23,0.00,0.00,0.000,0.000,0.00
1777902327,loop24,0.00,0.00,0.000,0.000,0.00
1777902327,loop25,0.00,0.00,0.000,0.000,0.00
1777902327,loop26,0.00,0.00,0.000,0.000,0.00
1777902327,loop27,0.00,0.00,0.000,0.000,0.00
1777902327,loop28,0.00,0.00,0.000,0.000,0.00
1777902327,loop29,0.00,0.00,0.000,0.000,0.00
1777902327,loop3,0.00,0.00,0.000,0.000,0.00
1777902327,loop30,0.00,0.00,0.000,0.000,0.00
1777902327,loop31,0.00,0.00,0.000,0.000,0.00
1777902327,loop32,0.00,0.00,0.000,0.000,0.00
1777902327,loop33,0.00,0.00,0.000,0.000,0.00
1777902327,loop34,0.00,0.00,0.000,0.000,0.00
1777902327,loop35,0.00,0.00,0.000,0.000,0.00
1777902327,loop36,0.00,0.00,0.000,0.000,0.00
1777902327,loop37,0.00,0.00,0.000,0.000,0.00
1777902327,loop38,0.00,0.00,0.000,0.000,0.00
1777902327,loop39,0.00,0.00,0.000,0.000,0.00
1777902327,loop4,0.00,0.00,0.000,0.000,0.00
1777902327,loop40,0.00,0.00,0.000,0.000,0.00
1777902327,loop5,0.00,0.00,0.000,0.000,0.00
1777902327,loop6,0.00,0.00,0.000,0.000,0.00
1777902327,loop7,0.00,0.00,0.000,0.000,0.00
1777902327,loop8,0.00,0.00,0.000,0.000,0.00
1777902327,loop9,0.00,0.00,0.000,0.000,0.00
1777902327,nvme0n1,8.00,60.00,0.000,0.000,1.90
1777902328,loop0,0.00,0.00,0.000,0.000,0.00
1777902328,loop1,0.00,0.00,0.000,0.000,0.00
1777902328,loop10,0.00,0.00,0.000,0.000,0.00
1777902328,loop11,0.00,0.00,0.000,0.000,0.00
1777902328,loop12,0.00,0.00,0.000,0.000,0.00
1777902328,loop13,0.00,0.00,0.000,0.000,0.00
1777902328,loop14,0.00,0.00,0.000,0.000,0.00
1777902328,loop15,0.00,0.00,0.000,0.000,0.00
1777902328,loop16,0.00,0.00,0.000,0.000,0.00
1777902328,loop17,0.00,0.00,0.000,0.000,0.00
1777902328,loop18,0.00,0.00,0.000,0.000,0.00
1777902328,loop19,0.00,0.00,0.000,0.000,0.00
1777902328,loop2,0.00,0.00,0.000,0.000,0.00
1777902328,loop20,0.00,0.00,0.000,0.000,0.00
1777902328,loop21,0.00,0.00,0.000,0.000,0.00
1777902328,loop22,0.00,0.00,0.000,0.000,0.00
1777902328,loop23,0.00,0.00,0.000,0.000,0.00
1777902328,loop24,0.00,0.00,0.000,0.000,0.00
1777902328,loop25,0.00,0.00,0.000,0.000,0.00
1777902328,loop26,0.00,0.00,0.000,0.000,0.00
1777902328,loop27,0.00,0.00,0.000,0.000,0.00
1777902328,loop28,0.00,0.00,0.000,0.000,0.00
1777902328,loop29,0.00,0.00,0.000,0.000,0.00
1777902328,loop3,0.00,0.00,0.000,0.000,0.00
1777902328,loop30,0.00,0.00,0.000,0.000,0.00
1777902328,loop31,0.00,0.00,0.000,0.000,0.00
1777902328,loop32,0.00,0.00,0.000,0.000,0.00
1777902328,loop33,0.00,0.00,0.000,0.000,0.00
1777902328,loop34,0.00,0.00,0.000,0.000,0.00
1777902328,loop35,0.00,0.00,0.000,0.000,0.00
1777902328,loop36,0.00,0.00,0.000,0.000,0.00
1777902328,loop37,0.00,0.00,0.000,0.000,0.00
1777902328,loop38,0.00,0.00,0.000,0.000,0.00
1777902328,loop39,0.00,0.00,0.000,0.000,0.00
1777902328,loop4,0.00,0.00,0.000,0.000,0.00
1777902328,loop40,0.00,0.00,0.000,0.000,0.00
1777902328,loop5,0.00,0.00,0.000,0.000,0.00
1777902328,loop6,0.00,0.00,0.000,0.000,0.00
1777902328,loop7,0.00,0.00,0.000,0.000,0.00
1777902328,loop8,0.00,0.00,0.000,0.000,0.00
1777902328,loop9,0.00,0.00,0.000,0.000,0.00
1777902328,nvme0n1,13.00,52.00,0.000,0.000,0.60
1777902329,loop0,0.00,0.00,0.000,0.000,0.00
1777902329,loop1,0.00,0.00,0.000,0.000,0.00
1777902329,loop10,0.00,0.00,0.000,0.000,0.00
1777902329,loop11,0.00,0.00,0.000,0.000,0.00
1777902329,loop12,0.00,0.00,0.000,0.000,0.00
1777902329,loop13,0.00,0.00,0.000,0.000,0.00
1777902329,loop14,0.00,0.00,0.000,0.000,0.00
1777902329,loop15,0.00,0.00,0.000,0.000,0.00
1777902329,loop16,0.00,0.00,0.000,0.000,0.00
1777902329,loop17,0.00,0.00,0.000,0.000,0.00
1777902329,loop18,0.00,0.00,0.000,0.000,0.00
1777902329,loop19,0.00,0.00,0.000,0.000,0.00
1777902329,loop2,0.00,0.00,0.000,0.000,0.00
1777902329,loop20,0.00,0.00,0.000,0.000,0.00
1777902329,loop21,0.00,0.00,0.000,0.000,0.00
1777902329,loop22,0.00,0.00,0.000,0.000,0.00
1777902329,loop23,0.00,0.00,0.000,0.000,0.00
1777902329,loop24,0.00,0.00,0.000,0.000,0.00
1777902329,loop25,0.00,0.00,0.000,0.000,0.00
1777902329,loop26,0.00,0.00,0.000,0.000,0.00
1777902329,loop27,0.00,0.00,0.000,0.000,0.00
1777902329,loop28,0.00,0.00,0.000,0.000,0.00
1777902329,loop29,0.00,0.00,0.000,0.000,0.00
1777902329,loop3,0.00,0.00,0.000,0.000,0.00
1777902329,loop30,0.00,0.00,0.000,0.000,0.00
1777902329,loop31,0.00,0.00,0.000,0.000,0.00
1777902329,loop32,0.00,0.00,0.000,0.000,0.00
1777902329,loop33,0.00,0.00,0.000,0.000,0.00
1777902329,loop34,0.00,0.00,0.000,0.000,0.00
1777902329,loop35,0.00,0.00,0.000,0.000,0.00
1777902329,loop36,0.00,0.00,0.000,0.000,0.00
1777902329,loop37,0.00,0.00,0.000,0.000,0.00
1777902329,loop38,0.00,0.00,0.000,0.000,0.00
1777902329,loop39,0.00,0.00,0.000,0.000,0.00
1777902329,loop4,0.00,0.00,0.000,0.000,0.00
1777902329,loop40,0.00,0.00,0.000,0.000,0.00
1777902329,loop5,0.00,0.00,0.000,0.000,0.00
1777902329,loop6,0.00,0.00,0.000,0.000,0.00
1777902329,loop7,0.00,0.00,0.000,0.000,0.00
1777902329,loop8,0.00,0.00,0.000,0.000,0.00
1777902329,loop9,0.00,0.00,0.000,0.000,0.00
1777902329,nvme0n1,0.00,0.00,0.000,0.000,0.00
1777902330,loop0,0.00,0.00,0.000,0.000,0.00
1777902330,loop1,0.00,0.00,0.000,0.000,0.00
1777902330,loop10,0.00,0.00,0.000,0.000,0.00
1777902330,loop11,0.00,0.00,0.000,0.000,0.00
1777902330,loop12,0.00,0.00,0.000,0.000,0.00
1777902330,loop13,0.00,0.00,0.000,0.000,0.00
1777902330,loop14,0.00,0.00,0.000,0.000,0.00
1777902330,loop15,0.00,0.00,0.000,0.000,0.00
1777902330,loop16,0.00,0.00,0.000,0.000,0.00
1777902330,loop17,0.00,0.00,0.000,0.000,0.00
1777902330,loop18,0.00,0.00,0.000,0.000,0.00
1777902330,loop19,0.00,0.00,0.000,0.000,0.00
1777902330,loop2,0.00,0.00,0.000,0.000,0.00
1777902330,loop20,0.00,0.00,0.000,0.000,0.00
1777902330,loop21,0.00,0.00,0.000,0.000,0.00
1777902330,loop22,0.00,0.00,0.000,0.000,0.00
1777902330,loop23,0.00,0.00,0.000,0.000,0.00
1777902330,loop24,0.00,0.00,0.000,0.000,0.00
1777902330,loop25,0.00,0.00,0.000,0.000,0.00
1777902330,loop26,0.00,0.00,0.000,0.000,0.00
1777902330,loop27,0.00,0.00,0.000,0.000,0.00
1777902330,loop28,0.00,0.00,0.000,0.000,0.00
1777902330,loop29,0.00,0.00,0.000,0.000,0.00
1777902330,loop3,0.00,0.00,0.000,0.000,0.00
1777902330,loop30,0.00,0.00,0.000,0.000,0.00
1777902330,loop31,0.00,0.00,0.000,0.000,0.00
1777902330,loop32,0.00,0.00,0.000,0.000,0.00
1777902330,loop33,0.00,0.00,0.000,0.000,0.00
1777902330,loop34,0.00,0.00,0.000,0.000,0.00
1777902330,loop35,0.00,0.00,0.000,0.000,0.00
1777902330,loop36,0.00,0.00,0.000,0.000,0.00
1777902330,loop37,0.00,0.00,0.000,0.000,0.00
1777902330,loop38,0.00,0.00,0.000,0.000,0.00
1777902330,loop39,0.00,0.00,0.000,0.000,0.00
1777902330,loop4,0.00,0.00,0.000,0.000,0.00
1777902330,loop40,0.00,0.00,0.000,0.000,0.00
1777902330,loop5,0.00,0.00,0.000,0.000,0.00
1777902330,loop6,0.00,0.00,0.000,0.000,0.00
1777902330,loop7,0.00,0.00,0.000,0.000,0.00
1777902330,loop8,0.00,0.00,0.000,0.000,0.00
1777902330,loop9,0.00,0.00,0.000,0.000,0.00
1777902330,nvme0n1,1.00,4.00,0.000,0.000,2.30
1777902331,loop0,0.00,0.00,0.000,0.000,0.00
1777902331,loop1,0.00,0.00,0.000,0.000,0.00
1777902331,loop10,0.00,0.00,0.000,0.000,0.00
1777902331,loop11,0.00,0.00,0.000,0.000,0.00
1777902331,loop12,0.00,0.00,0.000,0.000,0.00
1777902331,loop13,0.00,0.00,0.000,0.000,0.00
1777902331,loop14,0.00,0.00,0.000,0.000,0.00
1777902331,loop15,0.00,0.00,0.000,0.000,0.00
1777902331,loop16,0.00,0.00,0.000,0.000,0.00
1777902331,loop17,0.00,0.00,0.000,0.000,0.00
1777902331,loop18,0.00,0.00,0.000,0.000,0.00
1777902331,loop19,0.00,0.00,0.000,0.000,0.00
1777902331,loop2,0.00,0.00,0.000,0.000,0.00
1777902331,loop20,0.00,0.00,0.000,0.000,0.00
1777902331,loop21,0.00,0.00,0.000,0.000,0.00
1777902331,loop22,0.00,0.00,0.000,0.000,0.00
1777902331,loop23,0.00,0.00,0.000,0.000,0.00
1777902331,loop24,0.00,0.00,0.000,0.000,0.00
1777902331,loop25,0.00,0.00,0.000,0.000,0.00
1777902331,loop26,0.00,0.00,0.000,0.000,0.00
1777902331,loop27,0.00,0.00,0.000,0.000,0.00
1777902331,loop28,0.00,0.00,0.000,0.000,0.00
1777902331,loop29,0.00,0.00,0.000,0.000,0.00
1777902331,loop3,0.00,0.00,0.000,0.000,0.00
1777902331,loop30,0.00,0.00,0.000,0.000,0.00
1777902331,loop31,0.00,0.00,0.000,0.000,0.00
1777902331,loop32,0.00,0.00,0.000,0.000,0.00
1777902331,loop33,0.00,0.00,0.000,0.000,0.00
1777902331,loop34,0.00,0.00,0.000,0.000,0.00
1777902331,loop35,0.00,0.00,0.000,0.000,0.00
1777902331,loop36,0.00,0.00,0.000,0.000,0.00
1777902331,loop37,0.00,0.00,0.000,0.000,0.00
1777902331,loop38,0.00,0.00,0.000,0.000,0.00
1777902331,loop39,0.00,0.00,0.000,0.000,0.00
1777902331,loop4,0.00,0.00,0.000,0.000,0.00
1777902331,loop40,0.00,0.00,0.000,0.000,0.00
1777902331,loop5,0.00,0.00,0.000,0.000,0.00
1777902331,loop6,0.00,0.00,0.000,0.000,0.00
1777902331,loop7,0.00,0.00,0.000,0.000,0.00
1777902331,loop8,0.00,0.00,0.000,0.000,0.00
1777902331,loop9,0.00,0.00,0.000,0.000,0.00
1777902331,nvme0n1,0.00,0.00,0.000,0.000,0.00
1777902332,loop0,0.00,0.00,0.000,0.000,0.00
1777902332,loop1,0.00,0.00,0.000,0.000,0.00
1777902332,loop10,0.00,0.00,0.000,0.000,0.00
1777902332,loop11,0.00,0.00,0.000,0.000,0.00
1777902332,loop12,0.00,0.00,0.000,0.000,0.00
1777902332,loop13,0.00,0.00,0.000,0.000,0.00
1777902332,loop14,0.00,0.00,0.000,0.000,0.00
1777902332,loop15,0.00,0.00,0.000,0.000,0.00
1777902332,loop16,0.00,0.00,0.000,0.000,0.00
1777902332,loop17,0.00,0.00,0.000,0.000,0.00
1777902332,loop18,0.00,0.00,0.000,0.000,0.00
1777902332,loop19,0.00,0.00,0.000,0.000,0.00
1777902332,loop2,0.00,0.00,0.000,0.000,0.00
1777902332,loop20,0.00,0.00,0.000,0.000,0.00
1777902332,loop21,0.00,0.00,0.000,0.000,0.00
1777902332,loop22,0.00,0.00,0.000,0.000,0.00
1777902332,loop23,0.00,0.00,0.000,0.000,0.00
1777902332,loop24,0.00,0.00,0.000,0.000,0.00
1777902332,loop25,0.00,0.00,0.000,0.000,0.00
1777902332,loop26,0.00,0.00,0.000,0.000,0.00
1777902332,loop27,0.00,0.00,0.000,0.000,0.00
1777902332,loop28,0.00,0.00,0.000,0.000,0.00
1777902332,loop29,0.00,0.00,0.000,0.000,0.00
1777902332,loop3,0.00,0.00,0.000,0.000,0.00
1777902332,loop30,0.00,0.00,0.000,0.000,0.00
1777902332,loop31,0.00,0.00,0.000,0.000,0.00
1777902332,loop32,0.00,0.00,0.000,0.000,0.00
1777902332,loop33,0.00,0.00,0.000,0.000,0.00
1777902332,loop34,0.00,0.00,0.000,0.000,0.00
1777902332,loop35,0.00,0.00,0.000,0.000,0.00
1777902332,loop36,0.00,0.00,0.000,0.000,0.00
1777902332,loop37,0.00,0.00,0.000,0.000,0.00
1777902332,loop38,0.00,0.00,0.000,0.000,0.00
1777902332,loop39,0.00,0.00,0.000,0.000,0.00
1777902332,loop4,0.00,0.00,0.000,0.000,0.00
1777902332,loop40,0.00,0.00,0.000,0.000,0.00
1777902332,loop5,0.00,0.00,0.000,0.000,0.00
1777902332,loop6,0.00,0.00,0.000,0.000,0.00
1777902332,loop7,0.00,0.00,0.000,0.000,0.00
1777902332,loop8,0.00,0.00,0.000,0.000,0.00
1777902332,loop9,0.00,0.00,0.000,0.000,0.00
1777902332,nvme0n1,0.00,0.00,0.000,0.000,5.90
1777902333,loop0,0.00,0.00,0.000,0.000,0.00
1777902333,loop1,0.00,0.00,0.000,0.000,0.00
1777902333,loop10,0.00,0.00,0.000,0.000,0.00
1777902333,loop11,0.00,0.00,0.000,0.000,0.00
1777902333,loop12,0.00,0.00,0.000,0.000,0.00
1777902333,loop13,0.00,0.00,0.000,0.000,0.00
1777902333,loop14,0.00,0.00,0.000,0.000,0.00
1777902333,loop15,0.00,0.00,0.000,0.000,0.00
1777902333,loop16,0.00,0.00,0.000,0.000,0.00
1777902333,loop17,0.00,0.00,0.000,0.000,0.00
1777902333,loop18,0.00,0.00,0.000,0.000,0.00
1777902333,loop19,0.00,0.00,0.000,0.000,0.00
1777902333,loop2,0.00,0.00,0.000,0.000,0.00
1777902333,loop20,0.00,0.00,0.000,0.000,0.00
1777902333,loop21,0.00,0.00,0.000,0.000,0.00
1777902333,loop22,0.00,0.00,0.000,0.000,0.00
1777902333,loop23,0.00,0.00,0.000,0.000,0.00
1777902333,loop24,0.00,0.00,0.000,0.000,0.00
1777902333,loop25,0.00,0.00,0.000,0.000,0.00
1777902333,loop26,0.00,0.00,0.000,0.000,0.00
1777902333,loop27,0.00,0.00,0.000,0.000,0.00
1777902333,loop28,0.00,0.00,0.000,0.000,0.00
1777902333,loop29,0.00,0.00,0.000,0.000,0.00
1777902333,loop3,0.00,0.00,0.000,0.000,0.00
1777902333,loop30,0.00,0.00,0.000,0.000,0.00
1777902333,loop31,0.00,0.00,0.000,0.000,0.00
1777902333,loop32,0.00,0.00,0.000,0.000,0.00
1777902333,loop33,0.00,0.00,0.000,0.000,0.00
1777902333,loop34,0.00,0.00,0.000,0.000,0.00
1777902333,loop35,0.00,0.00,0.000,0.000,0.00
1777902333,loop36,0.00,0.00,0.000,0.000,0.00
1777902333,loop37,0.00,0.00,0.000,0.000,0.00
1777902333,loop38,0.00,0.00,0.000,0.000,0.00
1777902333,loop39,0.00,0.00,0.000,0.000,0.00
1777902333,loop4,0.00,0.00,0.000,0.000,0.00
1777902333,loop40,0.00,0.00,0.000,0.000,0.00
1777902333,loop5,0.00,0.00,0.000,0.000,0.00
1777902333,loop6,0.00,0.00,0.000,0.000,0.00
1777902333,loop7,0.00,0.00,0.000,0.000,0.00
1777902333,loop8,0.00,0.00,0.000,0.000,0.00
1777902333,loop9,0.00,0.00,0.000,0.000,0.00
1777902333,nvme0n1,0.00,0.00,0.000,0.000,0.30
