t_unix,device,r_iops,w_iops,r_mb_s,w_mb_s,util_pct
1777903472,loop0,0.00,0.00,0.000,0.000,0.00
1777903472,loop1,0.00,0.00,0.000,0.000,0.00
1777903472,loop10,0.00,0.00,0.000,0.000,0.00
1777903472,loop11,0.00,0.00,0.000,0.000,0.00
1777903472,loop12,0.00,0.00,0.000,0.000,0.00
1777903472,loop13,0.00,0.00,0.000,0.000,0.00
1777903472,loop14,0.00,0.00,0.000,0.000,0.00
1777903472,loop15,0.00,0.00,0.000,0.000,0.00
1777903472,loop16,0.00,0.00,0.000,0.000,0.00
1777903472,loop17,0.00,0.00,0.000,0.000,0.00
1777903472,loop18,0.00,0.00,0.000,0.000,0.00
1777903472,loop19,0.00,0.00,0.000,0.000,0.00
1777903472,loop2,0.00,0.00,0.000,0.000,0.00
1777903472,loop20,0.00,0.00,0.000,0.000,0.00
1777903472,loop21,0.00,0.00,0.000,0.000,0.00
1777903472,loop22,0.00,0.00,0.000,0.000,0.00
1777903472,loop23,0.00,0.00,0.000,0.000,0.00
1777903472,loop24,0.00,0.00,0.000,0.000,0.00
1777903472,loop25,0.00,0.00,0.000,0.000,0.00
1777903472,loop26,0.00,0.00,0.000,0.000,0.00
1777903472,loop27,0.00,0.00,0.000,0.000,0.00
1777903472,loop28,0.00,0.00,0.000,0.000,0.00
1777903472,loop29,0.00,0.00,0.000,0.000,0.00
1777903472,loop3,0.00,0.00,0.000,0.000,0.00
1777903472,loop30,0.00,0.00,0.000,0.000,0.00
1777903472,loop31,0.00,0.00,0.000,0.000,0.00
1777903472,loop32,0.00,0.00,0.000,0.000,0.00
1777903472,loop33,0.00,0.00,0.000,0.000,0.00
1777903472,loop34,0.00,0.00,0.000,0.000,0.00
1777903472,loop35,0.00,0.00,0.000,0.000,0.00
1777903472,loop36,0.00,0.00,0.000,0.000,0.00
1777903472,loop37,0.00,0.00,0.000,0.000,0.00
1777903472,loop38,0.00,0.00,0.000,0.000,0.00
1777903472,loop39,0.00,0.00,0.000,0.000,0.00
1777903472,loop4,0.00,0.00,0.000,0.000,0.00
1777903472,loop40,0.00,0.00,0.000,0.000,0.00
1777903472,loop5,0.00,0.00,0.000,0.000,0.00
1777903472,loop6,0.00,0.00,0.000,0.000,0.00
1777903472,loop7,0.00,0.00,0.000,0.000,0.00
1777903472,loop8,0.00,0.00,0.000,0.000,0.00
1777903472,loop9,0.00,0.00,0.000,0.000,0.00
1777903472,nvme0n1,6054.00,33016.00,2.148,0.026,40.10
1777903473,loop0,0.00,0.00,0.000,0.000,0.00
1777903473,loop1,0.00,0.00,0.000,0.000,0.00
1777903473,loop10,0.00,0.00,0.000,0.000,0.00
1777903473,loop11,0.00,0.00,0.000,0.000,0.00
1777903473,loop12,0.00,0.00,0.000,0.000,0.00
1777903473,loop13,0.00,0.00,0.000,0.000,0.00
1777903473,loop14,0.00,0.00,0.000,0.000,0.00
1777903473,loop15,0.00,0.00,0.000,0.000,0.00
1777903473,loop16,0.00,0.00,0.000,0.000,0.00
1777903473,loop17,0.00,0.00,0.000,0.000,0.00
1777903473,loop18,0.00,0.00,0.000,0.000,0.00
1777903473,loop19,0.00,0.00,0.000,0.000,0.00
1777903473,loop2,0.00,0.00,0.000,0.000,0.00
1777903473,loop20,0.00,0.00,0.000,0.000,0.00
1777903473,loop21,0.00,0.00,0.000,0.000,0.00
1777903473,loop22,0.00,0.00,0.000,0.000,0.00
1777903473,loop23,0.00,0.00,0.000,0.000,0.00
1777903473,loop24,0.00,0.00,0.000,0.000,0.00
1777903473,loop25,0.00,0.00,0.000,0.000,0.00
1777903473,loop26,0.00,0.00,0.000,0.000,0.00
1777903473,loop27,0.00,0.00,0.000,0.000,0.00
1777903473,loop28,0.00,0.00,0.000,0.000,0.00
1777903473,loop29,0.00,0.00,0.000,0.000,0.00
1777903473,loop3,0.00,0.00,0.000,0.000,0.00
1777903473,loop30,0.00,0.00,0.000,0.000,0.00
1777903473,loop31,0.00,0.00,0.000,0.000,0.00
1777903473,loop32,0.00,0.00,0.000,0.000,0.00
1777903473,loop33,0.00,0.00,0.000,0.000,0.00
1777903473,loop34,0.00,0.00,0.000,0.000,0.00
1777903473,loop35,0.00,0.00,0.000,0.000,0.00
1777903473,loop36,0.00,0.00,0.000,0.000,0.00
1777903473,loop37,0.00,0.00,0.000,0.000,0.00
1777903473,loop38,0.00,0.00,0.000,0.000,0.00
1777903473,loop39,0.00,0.00,0.000,0.000,0.00
1777903473,loop4,0.00,0.00,0.000,0.000,0.00
1777903473,loop40,0.00,0.00,0.000,0.000,0.00
1777903473,loop5,0.00,0.00,0.000,0.000,0.00
1777903473,loop6,0.00,0.00,0.000,0.000,0.00
1777903473,loop7,0.00,0.00,0.000,0.000,0.00
1777903473,loop8,0.00,0.00,0.000,0.000,0.00
1777903473,loop9,0.00,0.00,0.000,0.000,0.00
1777903473,nvme0n1,7022.00,37968.00,2.412,0.025,48.20
1777903474,loop0,0.00,0.00,0.000,0.000,0.00
1777903474,loop1,0.00,0.00,0.000,0.000,0.00
1777903474,loop10,0.00,0.00,0.000,0.000,0.00
1777903474,loop11,0.00,0.00,0.000,0.000,0.00
1777903474,loop12,0.00,0.00,0.000,0.000,0.00
1777903474,loop13,0.00,0.00,0.000,0.000,0.00
1777903474,loop14,0.00,0.00,0.000,0.000,0.00
1777903474,loop15,0.00,0.00,0.000,0.000,0.00
1777903474,loop16,0.00,0.00,0.000,0.000,0.00
1777903474,loop17,0.00,0.00,0.000,0.000,0.00
1777903474,loop18,0.00,0.00,0.000,0.000,0.00
1777903474,loop19,0.00,0.00,0.000,0.000,0.00
1777903474,loop2,0.00,0.00,0.000,0.000,0.00
1777903474,loop20,0.00,0.00,0.000,0.000,0.00
1777903474,loop21,0.00,0.00,0.000,0.000,0.00
1777903474,loop22,0.00,0.00,0.000,0.000,0.00
1777903474,loop23,0.00,0.00,0.000,0.000,0.00
1777903474,loop24,0.00,0.00,0.000,0.000,0.00
1777903474,loop25,0.00,0.00,0.000,0.000,0.00
1777903474,loop26,0.00,0.00,0.000,0.000,0.00
1777903474,loop27,0.00,0.00,0.000,0.000,0.00
1777903474,loop28,0.00,0.00,0.000,0.000,0.00
1777903474,loop29,0.00,0.00,0.000,0.000,0.00
1777903474,loop3,0.00,0.00,0.000,0.000,0.00
1777903474,loop30,0.00,0.00,0.000,0.000,0.00
1777903474,loop31,0.00,0.00,0.000,0.000,0.00
1777903474,loop32,0.00,0.00,0.000,0.000,0.00
1777903474,loop33,0.00,0.00,0.000,0.000,0.00
1777903474,loop34,0.00,0.00,0.000,0.000,0.00
1777903474,loop35,0.00,0.00,0.000,0.000,0.00
1777903474,loop36,0.00,0.00,0.000,0.000,0.00
1777903474,loop37,0.00,0.00,0.000,0.000,0.00
1777903474,loop38,0.00,0.00,0.000,0.000,0.00
1777903474,loop39,0.00,0.00,0.000,0.000,0.00
1777903474,loop4,0.00,0.00,0.000,0.000,0.00
1777903474,loop40,0.00,0.00,0.000,0.000,0.00
1777903474,loop5,0.00,0.00,0.000,0.000,0.00
1777903474,loop6,0.00,0.00,0.000,0.000,0.00
1777903474,loop7,0.00,0.00,0.000,0.000,0.00
1777903474,loop8,0.00,0.00,0.000,0.000,0.00
1777903474,loop9,0.00,0.00,0.000,0.000,0.00
1777903474,nvme0n1,6779.00,37564.00,2.551,0.027,43.40
1777903475,loop0,0.00,0.00,0.000,0.000,0.00
1777903475,loop1,0.00,0.00,0.000,0.000,0.00
1777903475,loop10,0.00,0.00,0.000,0.000,0.00
1777903475,loop11,0.00,0.00,0.000,0.000,0.00
1777903475,loop12,0.00,0.00,0.000,0.000,0.00
1777903475,loop13,0.00,0.00,0.000,0.000,0.00
1777903475,loop14,0.00,0.00,0.000,0.000,0.00
1777903475,loop15,0.00,0.00,0.000,0.000,0.00
1777903475,loop16,0.00,0.00,0.000,0.000,0.00
1777903475,loop17,0.00,0.00,0.000,0.000,0.00
1777903475,loop18,0.00,0.00,0.000,0.000,0.00
1777903475,loop19,0.00,0.00,0.000,0.000,0.00
1777903475,loop2,0.00,0.00,0.000,0.000,0.00
1777903475,loop20,0.00,0.00,0.000,0.000,0.00
1777903475,loop21,0.00,0.00,0.000,0.000,0.00
1777903475,loop22,0.00,0.00,0.000,0.000,0.00
1777903475,loop23,0.00,0.00,0.000,0.000,0.00
1777903475,loop24,0.00,0.00,0.000,0.000,0.00
1777903475,loop25,0.00,0.00,0.000,0.000,0.00
1777903475,loop26,0.00,0.00,0.000,0.000,0.00
1777903475,loop27,0.00,0.00,0.000,0.000,0.00
1777903475,loop28,0.00,0.00,0.000,0.000,0.00
1777903475,loop29,0.00,0.00,0.000,0.000,0.00
1777903475,loop3,0.00,0.00,0.000,0.000,0.00
1777903475,loop30,0.00,0.00,0.000,0.000,0.00
1777903475,loop31,0.00,0.00,0.000,0.000,0.00
1777903475,loop32,0.00,0.00,0.000,0.000,0.00
1777903475,loop33,0.00,0.00,0.000,0.000,0.00
1777903475,loop34,0.00,0.00,0.000,0.000,0.00
1777903475,loop35,0.00,0.00,0.000,0.000,0.00
1777903475,loop36,0.00,0.00,0.000,0.000,0.00
1777903475,loop37,0.00,0.00,0.000,0.000,0.00
1777903475,loop38,0.00,0.00,0.000,0.000,0.00
1777903475,loop39,0.00,0.00,0.000,0.000,0.00
1777903475,loop4,0.00,0.00,0.000,0.000,0.00
1777903475,loop40,0.00,0.00,0.000,0.000,0.00
1777903475,loop5,0.00,0.00,0.000,0.000,0.00
1777903475,loop6,0.00,0.00,0.000,0.000,0.00
1777903475,loop7,0.00,0.00,0.000,0.000,0.00
1777903475,loop8,0.00,0.00,0.000,0.000,0.00
1777903475,loop9,0.00,0.00,0.000,0.000,0.00
1777903475,nvme0n1,7416.00,33168.00,0.855,0.010,49.00
1777903476,loop0,0.00,0.00,0.000,0.000,0.00
1777903476,loop1,0.00,0.00,0.000,0.000,0.00
1777903476,loop10,0.00,0.00,0.000,0.000,0.00
1777903476,loop11,0.00,0.00,0.000,0.000,0.00
1777903476,loop12,0.00,0.00,0.000,0.000,0.00
1777903476,loop13,0.00,0.00,0.000,0.000,0.00
1777903476,loop14,0.00,0.00,0.000,0.000,0.00
1777903476,loop15,0.00,0.00,0.000,0.000,0.00
1777903476,loop16,0.00,0.00,0.000,0.000,0.00
1777903476,loop17,0.00,0.00,0.000,0.000,0.00
1777903476,loop18,0.00,0.00,0.000,0.000,0.00
1777903476,loop19,0.00,0.00,0.000,0.000,0.00
1777903476,loop2,0.00,0.00,0.000,0.000,0.00
1777903476,loop20,0.00,0.00,0.000,0.000,0.00
1777903476,loop21,0.00,0.00,0.000,0.000,0.00
1777903476,loop22,0.00,0.00,0.000,0.000,0.00
1777903476,loop23,0.00,0.00,0.000,0.000,0.00
1777903476,loop24,0.00,0.00,0.000,0.000,0.00
1777903476,loop25,0.00,0.00,0.000,0.000,0.00
1777903476,loop26,0.00,0.00,0.000,0.000,0.00
1777903476,loop27,0.00,0.00,0.000,0.000,0.00
1777903476,loop28,0.00,0.00,0.000,0.000,0.00
1777903476,loop29,0.00,0.00,0.000,0.000,0.00
1777903476,loop3,0.00,0.00,0.000,0.000,0.00
1777903476,loop30,0.00,0.00,0.000,0.000,0.00
1777903476,loop31,0.00,0.00,0.000,0.000,0.00
1777903476,loop32,0.00,0.00,0.000,0.000,0.00
1777903476,loop33,0.00,0.00,0.000,0.000,0.00
1777903476,loop34,0.00,0.00,0.000,0.000,0.00
1777903476,loop35,0.00,0.00,0.000,0.000,0.00
1777903476,loop36,0.00,0.00,0.000,0.000,0.00
1777903476,loop37,0.00,0.00,0.000,0.000,0.00
1777903476,loop38,0.00,0.00,0.000,0.000,0.00
1777903476,loop39,0.00,0.00,0.000,0.000,0.00
1777903476,loop4,0.00,0.00,0.000,0.000,0.00
1777903476,loop40,0.00,0.00,0.000,0.000,0.00
1777903476,loop5,0.00,0.00,0.000,0.000,0.00
1777903476,loop6,0.00,0.00,0.000,0.000,0.00
1777903476,loop7,0.00,0.00,0.000,0.000,0.00
1777903476,loop8,0.00,0.00,0.000,0.000,0.00
1777903476,loop9,0.00,0.00,0.000,0.000,0.00
1777903476,nvme0n1,8028.00,38956.00,1.671,0.017,56.00
1777903477,loop0,0.00,0.00,0.000,0.000,0.00
1777903477,loop1,0.00,0.00,0.000,0.000,0.00
1777903477,loop10,0.00,0.00,0.000,0.000,0.00
1777903477,loop11,0.00,0.00,0.000,0.000,0.00
1777903477,loop12,0.00,0.00,0.000,0.000,0.00
1777903477,loop13,0.00,0.00,0.000,0.000,0.00
1777903477,loop14,0.00,0.00,0.000,0.000,0.00
1777903477,loop15,0.00,0.00,0.000,0.000,0.00
1777903477,loop16,0.00,0.00,0.000,0.000,0.00
1777903477,loop17,0.00,0.00,0.000,0.000,0.00
1777903477,loop18,0.00,0.00,0.000,0.000,0.00
1777903477,loop19,0.00,0.00,0.000,0.000,0.00
1777903477,loop2,0.00,0.00,0.000,0.000,0.00
1777903477,loop20,0.00,0.00,0.000,0.000,0.00
1777903477,loop21,0.00,0.00,0.000,0.000,0.00
1777903477,loop22,0.00,0.00,0.000,0.000,0.00
1777903477,loop23,0.00,0.00,0.000,0.000,0.00
1777903477,loop24,0.00,0.00,0.000,0.000,0.00
1777903477,loop25,0.00,0.00,0.000,0.000,0.00
1777903477,loop26,0.00,0.00,0.000,0.000,0.00
1777903477,loop27,0.00,0.00,0.000,0.000,0.00
1777903477,loop28,0.00,0.00,0.000,0.000,0.00
1777903477,loop29,0.00,0.00,0.000,0.000,0.00
1777903477,loop3,0.00,0.00,0.000,0.000,0.00
1777903477,loop30,0.00,0.00,0.000,0.000,0.00
1777903477,loop31,0.00,0.00,0.000,0.000,0.00
1777903477,loop32,0.00,0.00,0.000,0.000,0.00
1777903477,loop33,0.00,0.00,0.000,0.000,0.00
1777903477,loop34,0.00,0.00,0.000,0.000,0.00
1777903477,loop35,0.00,0.00,0.000,0.000,0.00
1777903477,loop36,0.00,0.00,0.000,0.000,0.00
1777903477,loop37,0.00,0.00,0.000,0.000,0.00
1777903477,loop38,0.00,0.00,0.000,0.000,0.00
1777903477,loop39,0.00,0.00,0.000,0.000,0.00
1777903477,loop4,0.00,0.00,0.000,0.000,0.00
1777903477,loop40,0.00,0.00,0.000,0.000,0.00
1777903477,loop5,0.00,0.00,0.000,0.000,0.00
1777903477,loop6,0.00,0.00,0.000,0.000,0.00
1777903477,loop7,0.00,0.00,0.000,0.000,0.00
1777903477,loop8,0.00,0.00,0.000,0.000,0.00
1777903477,loop9,0.00,0.00,0.000,0.000,0.00
1777903477,nvme0n1,6832.00,34576.00,1.770,0.020,46.80
1777903478,loop0,0.00,0.00,0.000,0.000,0.00
1777903478,loop1,0.00,0.00,0.000,0.000,0.00
1777903478,loop10,0.00,0.00,0.000,0.000,0.00
1777903478,loop11,0.00,0.00,0.000,0.000,0.00
1777903478,loop12,0.00,0.00,0.000,0.000,0.00
1777903478,loop13,0.00,0.00,0.000,0.000,0.00
1777903478,loop14,0.00,0.00,0.000,0.000,0.00
1777903478,loop15,0.00,0.00,0.000,0.000,0.00
1777903478,loop16,0.00,0.00,0.000,0.000,0.00
1777903478,loop17,0.00,0.00,0.000,0.000,0.00
1777903478,loop18,0.00,0.00,0.000,0.000,0.00
1777903478,loop19,0.00,0.00,0.000,0.000,0.00
1777903478,loop2,0.00,0.00,0.000,0.000,0.00
1777903478,loop20,0.00,0.00,0.000,0.000,0.00
1777903478,loop21,0.00,0.00,0.000,0.000,0.00
1777903478,loop22,0.00,0.00,0.000,0.000,0.00
1777903478,loop23,0.00,0.00,0.000,0.000,0.00
1777903478,loop24,0.00,0.00,0.000,0.000,0.00
1777903478,loop25,0.00,0.00,0.000,0.000,0.00
1777903478,loop26,0.00,0.00,0.000,0.000,0.00
1777903478,loop27,0.00,0.00,0.000,0.000,0.00
1777903478,loop28,0.00,0.00,0.000,0.000,0.00
1777903478,loop29,0.00,0.00,0.000,0.000,0.00
1777903478,loop3,0.00,0.00,0.000,0.000,0.00
1777903478,loop30,0.00,0.00,0.000,0.000,0.00
1777903478,loop31,0.00,0.00,0.000,0.000,0.00
1777903478,loop32,0.00,0.00,0.000,0.000,0.00
1777903478,loop33,0.00,0.00,0.000,0.000,0.00
1777903478,loop34,0.00,0.00,0.000,0.000,0.00
1777903478,loop35,0.00,0.00,0.000,0.000,0.00
1777903478,loop36,0.00,0.00,0.000,0.000,0.00
1777903478,loop37,0.00,0.00,0.000,0.000,0.00
1777903478,loop38,0.00,0.00,0.000,0.000,0.00
1777903478,loop39,0.00,0.00,0.000,0.000,0.00
1777903478,loop4,0.00,0.00,0.000,0.000,0.00
1777903478,loop40,0.00,0.00,0.000,0.000,0.00
1777903478,loop5,0.00,0.00,0.000,0.000,0.00
1777903478,loop6,0.00,0.00,0.000,0.000,0.00
1777903478,loop7,0.00,0.00,0.000,0.000,0.00
1777903478,loop8,0.00,0.00,0.000,0.000,0.00
1777903478,loop9,0.00,0.00,0.000,0.000,0.00
1777903478,nvme0n1,5094.00,25844.00,1.335,0.021,34.30
1777903479,loop0,0.00,0.00,0.000,0.000,0.00
1777903479,loop1,0.00,0.00,0.000,0.000,0.00
1777903479,loop10,0.00,0.00,0.000,0.000,0.00
1777903479,loop11,0.00,0.00,0.000,0.000,0.00
1777903479,loop12,0.00,0.00,0.000,0.000,0.00
1777903479,loop13,0.00,0.00,0.000,0.000,0.00
1777903479,loop14,0.00,0.00,0.000,0.000,0.00
1777903479,loop15,0.00,0.00,0.000,0.000,0.00
1777903479,loop16,0.00,0.00,0.000,0.000,0.00
1777903479,loop17,0.00,0.00,0.000,0.000,0.00
1777903479,loop18,0.00,0.00,0.000,0.000,0.00
1777903479,loop19,0.00,0.00,0.000,0.000,0.00
1777903479,loop2,0.00,0.00,0.000,0.000,0.00
1777903479,loop20,0.00,0.00,0.000,0.000,0.00
1777903479,loop21,0.00,0.00,0.000,0.000,0.00
1777903479,loop22,0.00,0.00,0.000,0.000,0.00
1777903479,loop23,0.00,0.00,0.000,0.000,0.00
1777903479,loop24,0.00,0.00,0.000,0.000,0.00
1777903479,loop25,0.00,0.00,0.000,0.000,0.00
1777903479,loop26,0.00,0.00,0.000,0.000,0.00
1777903479,loop27,0.00,0.00,0.000,0.000,0.00
1777903479,loop28,0.00,0.00,0.000,0.000,0.00
1777903479,loop29,0.00,0.00,0.000,0.000,0.00
1777903479,loop3,0.00,0.00,0.000,0.000,0.00
1777903479,loop30,0.00,0.00,0.000,0.000,0.00
1777903479,loop31,0.00,0.00,0.000,0.000,0.00
1777903479,loop32,0.00,0.00,0.000,0.000,0.00
1777903479,loop33,0.00,0.00,0.000,0.000,0.00
1777903479,loop34,0.00,0.00,0.000,0.000,0.00
1777903479,loop35,0.00,0.00,0.000,0.000,0.00
1777903479,loop36,0.00,0.00,0.000,0.000,0.00
1777903479,loop37,0.00,0.00,0.000,0.000,0.00
1777903479,loop38,0.00,0.00,0.000,0.000,0.00
1777903479,loop39,0.00,0.00,0.000,0.000,0.00
1777903479,loop4,0.00,0.00,0.000,0.000,0.00
1777903479,loop40,0.00,0.00,0.000,0.000,0.00
1777903479,loop5,0.00,0.00,0.000,0.000,0.00
1777903479,loop6,0.00,0.00,0.000,0.000,0.00
1777903479,loop7,0.00,0.00,0.000,0.000,0.00
1777903479,loop8,0.00,0.00,0.000,0.000,0.00
1777903479,loop9,0.00,0.00,0.000,0.000,0.00
1777903479,nvme0n1,6755.00,41740.00,3.594,0.034,42.40
1777903480,loop0,0.00,0.00,0.000,0.000,0.00
1777903480,loop1,0.00,0.00,0.000,0.000,0.00
1777903480,loop10,0.00,0.00,0.000,0.000,0.00
1777903480,loop11,0.00,0.00,0.000,0.000,0.00
1777903480,loop12,0.00,0.00,0.000,0.000,0.00
1777903480,loop13,0.00,0.00,0.000,0.000,0.00
1777903480,loop14,0.00,0.00,0.000,0.000,0.00
1777903480,loop15,0.00,0.00,0.000,0.000,0.00
1777903480,loop16,0.00,0.00,0.000,0.000,0.00
1777903480,loop17,0.00,0.00,0.000,0.000,0.00
1777903480,loop18,0.00,0.00,0.000,0.000,0.00
1777903480,loop19,0.00,0.00,0.000,0.000,0.00
1777903480,loop2,0.00,0.00,0.000,0.000,0.00
1777903480,loop20,0.00,0.00,0.000,0.000,0.00
1777903480,loop21,0.00,0.00,0.000,0.000,0.00
1777903480,loop22,0.00,0.00,0.000,0.000,0.00
1777903480,loop23,0.00,0.00,0.000,0.000,0.00
1777903480,loop24,0.00,0.00,0.000,0.000,0.00
1777903480,loop25,0.00,0.00,0.000,0.000,0.00
1777903480,loop26,0.00,0.00,0.000,0.000,0.00
1777903480,loop27,0.00,0.00,0.000,0.000,0.00
1777903480,loop28,0.00,0.00,0.000,0.000,0.00
1777903480,loop29,0.00,0.00,0.000,0.000,0.00
1777903480,loop3,0.00,0.00,0.000,0.000,0.00
1777903480,loop30,0.00,0.00,0.000,0.000,0.00
1777903480,loop31,0.00,0.00,0.000,0.000,0.00
1777903480,loop32,0.00,0.00,0.000,0.000,0.00
1777903480,loop33,0.00,0.00,0.000,0.000,0.00
1777903480,loop34,0.00,0.00,0.000,0.000,0.00
1777903480,loop35,0.00,0.00,0.000,0.000,0.00
1777903480,loop36,0.00,0.00,0.000,0.000,0.00
1777903480,loop37,0.00,0.00,0.000,0.000,0.00
1777903480,loop38,0.00,0.00,0.000,0.000,0.00
1777903480,loop39,0.00,0.00,0.000,0.000,0.00
1777903480,loop4,0.00,0.00,0.000,0.000,0.00
1777903480,loop40,0.00,0.00,0.000,0.000,0.00
1777903480,loop5,0.00,0.00,0.000,0.000,0.00
1777903480,loop6,0.00,0.00,0.000,0.000,0.00
1777903480,loop7,0.00,0.00,0.000,0.000,0.00
1777903480,loop8,0.00,0.00,0.000,0.000,0.00
1777903480,loop9,0.00,0.00,0.000,0.000,0.00
1777903480,nvme0n1,6896.00,31284.00,0.903,0.012,45.80
1777903481,loop0,0.00,0.00,0.000,0.000,0.00
1777903481,loop1,0.00,0.00,0.000,0.000,0.00
1777903481,loop10,0.00,0.00,0.000,0.000,0.00
1777903481,loop11,0.00,0.00,0.000,0.000,0.00
1777903481,loop12,0.00,0.00,0.000,0.000,0.00
1777903481,loop13,0.00,0.00,0.000,0.000,0.00
1777903481,loop14,0.00,0.00,0.000,0.000,0.00
1777903481,loop15,0.00,0.00,0.000,0.000,0.00
1777903481,loop16,0.00,0.00,0.000,0.000,0.00
1777903481,loop17,0.00,0.00,0.000,0.000,0.00
1777903481,loop18,0.00,0.00,0.000,0.000,0.00
1777903481,loop19,0.00,0.00,0.000,0.000,0.00
1777903481,loop2,0.00,0.00,0.000,0.000,0.00
1777903481,loop20,0.00,0.00,0.000,0.000,0.00
1777903481,loop21,0.00,0.00,0.000,0.000,0.00
1777903481,loop22,0.00,0.00,0.000,0.000,0.00
1777903481,loop23,0.00,0.00,0.000,0.000,0.00
1777903481,loop24,0.00,0.00,0.000,0.000,0.00
1777903481,loop25,0.00,0.00,0.000,0.000,0.00
1777903481,loop26,0.00,0.00,0.000,0.000,0.00
1777903481,loop27,0.00,0.00,0.000,0.000,0.00
1777903481,loop28,0.00,0.00,0.000,0.000,0.00
1777903481,loop29,0.00,0.00,0.000,0.000,0.00
1777903481,loop3,0.00,0.00,0.000,0.000,0.00
1777903481,loop30,0.00,0.00,0.000,0.000,0.00
1777903481,loop31,0.00,0.00,0.000,0.000,0.00
1777903481,loop32,0.00,0.00,0.000,0.000,0.00
1777903481,loop33,0.00,0.00,0.000,0.000,0.00
1777903481,loop34,0.00,0.00,0.000,0.000,0.00
1777903481,loop35,0.00,0.00,0.000,0.000,0.00
1777903481,loop36,0.00,0.00,0.000,0.000,0.00
1777903481,loop37,0.00,0.00,0.000,0.000,0.00
1777903481,loop38,0.00,0.00,0.000,0.000,0.00
1777903481,loop39,0.00,0.00,0.000,0.000,0.00
1777903481,loop4,0.00,0.00,0.000,0.000,0.00
1777903481,loop40,0.00,0.00,0.000,0.000,0.00
1777903481,loop5,0.00,0.00,0.000,0.000,0.00
1777903481,loop6,0.00,0.00,0.000,0.000,0.00
1777903481,loop7,0.00,0.00,0.000,0.000,0.00
1777903481,loop8,0.00,0.00,0.000,0.000,0.00
1777903481,loop9,0.00,0.00,0.000,0.000,0.00
1777903481,nvme0n1,6734.00,30796.00,0.942,0.012,45.30
1777903482,loop0,0.00,0.00,0.000,0.000,0.00
1777903482,loop1,0.00,0.00,0.000,0.000,0.00
1777903482,loop10,0.00,0.00,0.000,0.000,0.00
1777903482,loop11,0.00,0.00,0.000,0.000,0.00
1777903482,loop12,0.00,0.00,0.000,0.000,0.00
1777903482,loop13,0.00,0.00,0.000,0.000,0.00
1777903482,loop14,0.00,0.00,0.000,0.000,0.00
1777903482,loop15,0.00,0.00,0.000,0.000,0.00
1777903482,loop16,0.00,0.00,0.000,0.000,0.00
1777903482,loop17,0.00,0.00,0.000,0.000,0.00
1777903482,loop18,0.00,0.00,0.000,0.000,0.00
1777903482,loop19,0.00,0.00,0.000,0.000,0.00
1777903482,loop2,0.00,0.00,0.000,0.000,0.00
1777903482,loop20,0.00,0.00,0.000,0.000,0.00
1777903482,loop21,0.00,0.00,0.000,0.000,0.00
1777903482,loop22,0.00,0.00,0.000,0.000,0.00
1777903482,loop23,0.00,0.00,0.000,0.000,0.00
1777903482,loop24,0.00,0.00,0.000,0.000,0.00
1777903482,loop25,0.00,0.00,0.000,0.000,0.00
1777903482,loop26,0.00,0.00,0.000,0.000,0.00
1777903482,loop27,0.00,0.00,0.000,0.000,0.00
1777903482,loop28,0.00,0.00,0.000,0.000,0.00
1777903482,loop29,0.00,0.00,0.000,0.000,0.00
1777903482,loop3,0.00,0.00,0.000,0.000,0.00
1777903482,loop30,0.00,0.00,0.000,0.000,0.00
1777903482,loop31,0.00,0.00,0.000,0.000,0.00
1777903482,loop32,0.00,0.00,0.000,0.000,0.00
1777903482,loop33,0.00,0.00,0.000,0.000,0.00
1777903482,loop34,0.00,0.00,0.000,0.000,0.00
1777903482,loop35,0.00,0.00,0.000,0.000,0.00
1777903482,loop36,0.00,0.00,0.000,0.000,0.00
1777903482,loop37,0.00,0.00,0.000,0.000,0.00
1777903482,loop38,0.00,0.00,0.000,0.000,0.00
1777903482,loop39,0.00,0.00,0.000,0.000,0.00
1777903482,loop4,0.00,0.00,0.000,0.000,0.00
1777903482,loop40,0.00,0.00,0.000,0.000,0.00
1777903482,loop5,0.00,0.00,0.000,0.000,0.00
1777903482,loop6,0.00,0.00,0.000,0.000,0.00
1777903482,loop7,0.00,0.00,0.000,0.000,0.00
1777903482,loop8,0.00,0.00,0.000,0.000,0.00
1777903482,loop9,0.00,0.00,0.000,0.000,0.00
1777903482,nvme0n1,5541.00,27000.00,1.181,0.017,36.30
1777903483,loop0,0.00,0.00,0.000,0.000,0.00
1777903483,loop1,0.00,0.00,0.000,0.000,0.00
1777903483,loop10,0.00,0.00,0.000,0.000,0.00
1777903483,loop11,0.00,0.00,0.000,0.000,0.00
1777903483,loop12,0.00,0.00,0.000,0.000,0.00
1777903483,loop13,0.00,0.00,0.000,0.000,0.00
1777903483,loop14,0.00,0.00,0.000,0.000,0.00
1777903483,loop15,0.00,0.00,0.000,0.000,0.00
1777903483,loop16,0.00,0.00,0.000,0.000,0.00
1777903483,loop17,0.00,0.00,0.000,0.000,0.00
1777903483,loop18,0.00,0.00,0.000,0.000,0.00
1777903483,loop19,0.00,0.00,0.000,0.000,0.00
1777903483,loop2,0.00,0.00,0.000,0.000,0.00
1777903483,loop20,0.00,0.00,0.000,0.000,0.00
1777903483,loop21,0.00,0.00,0.000,0.000,0.00
1777903483,loop22,0.00,0.00,0.000,0.000,0.00
1777903483,loop23,0.00,0.00,0.000,0.000,0.00
1777903483,loop24,0.00,0.00,0.000,0.000,0.00
1777903483,loop25,0.00,0.00,0.000,0.000,0.00
1777903483,loop26,0.00,0.00,0.000,0.000,0.00
1777903483,loop27,0.00,0.00,0.000,0.000,0.00
1777903483,loop28,0.00,0.00,0.000,0.000,0.00
1777903483,loop29,0.00,0.00,0.000,0.000,0.00
1777903483,loop3,0.00,0.00,0.000,0.000,0.00
1777903483,loop30,0.00,0.00,0.000,0.000,0.00
1777903483,loop31,0.00,0.00,0.000,0.000,0.00
1777903483,loop32,0.00,0.00,0.000,0.000,0.00
1777903483,loop33,0.00,0.00,0.000,0.000,0.00
1777903483,loop34,0.00,0.00,0.000,0.000,0.00
1777903483,loop35,0.00,0.00,0.000,0.000,0.00
1777903483,loop36,0.00,0.00,0.000,0.000,0.00
1777903483,loop37,0.00,0.00,0.000,0.000,0.00
1777903483,loop38,0.00,0.00,0.000,0.000,0.00
1777903483,loop39,0.00,0.00,0.000,0.000,0.00
1777903483,loop4,0.00,0.00,0.000,0.000,0.00
1777903483,loop40,0.00,0.00,0.000,0.000,0.00
1777903483,loop5,0.00,0.00,0.000,0.000,0.00
1777903483,loop6,0.00,0.00,0.000,0.000,0.00
1777903483,loop7,0.00,0.00,0.000,0.000,0.00
1777903483,loop8,0.00,0.00,0.000,0.000,0.00
1777903483,loop9,0.00,0.00,0.000,0.000,0.00
1777903483,nvme0n1,7255.00,29860.00,0.205,0.003,49.10
1777903484,loop0,0.00,0.00,0.000,0.000,0.00
1777903484,loop1,0.00,0.00,0.000,0.000,0.00
1777903484,loop10,0.00,0.00,0.000,0.000,0.00
1777903484,loop11,0.00,0.00,0.000,0.000,0.00
1777903484,loop12,0.00,0.00,0.000,0.000,0.00
1777903484,loop13,0.00,0.00,0.000,0.000,0.00
1777903484,loop14,0.00,0.00,0.000,0.000,0.00
1777903484,loop15,0.00,0.00,0.000,0.000,0.00
1777903484,loop16,0.00,0.00,0.000,0.000,0.00
1777903484,loop17,0.00,0.00,0.000,0.000,0.00
1777903484,loop18,0.00,0.00,0.000,0.000,0.00
1777903484,loop19,0.00,0.00,0.000,0.000,0.00
1777903484,loop2,0.00,0.00,0.000,0.000,0.00
1777903484,loop20,0.00,0.00,0.000,0.000,0.00
1777903484,loop21,0.00,0.00,0.000,0.000,0.00
1777903484,loop22,0.00,0.00,0.000,0.000,0.00
1777903484,loop23,0.00,0.00,0.000,0.000,0.00
1777903484,loop24,0.00,0.00,0.000,0.000,0.00
1777903484,loop25,0.00,0.00,0.000,0.000,0.00
1777903484,loop26,0.00,0.00,0.000,0.000,0.00
1777903484,loop27,0.00,0.00,0.000,0.000,0.00
1777903484,loop28,0.00,0.00,0.000,0.000,0.00
1777903484,loop29,0.00,0.00,0.000,0.000,0.00
1777903484,loop3,0.00,0.00,0.000,0.000,0.00
1777903484,loop30,0.00,0.00,0.000,0.000,0.00
1777903484,loop31,0.00,0.00,0.000,0.000,0.00
1777903484,loop32,0.00,0.00,0.000,0.000,0.00
1777903484,loop33,0.00,0.00,0.000,0.000,0.00
1777903484,loop34,0.00,0.00,0.000,0.000,0.00
1777903484,loop35,0.00,0.00,0.000,0.000,0.00
1777903484,loop36,0.00,0.00,0.000,0.000,0.00
1777903484,loop37,0.00,0.00,0.000,0.000,0.00
1777903484,loop38,0.00,0.00,0.000,0.000,0.00
1777903484,loop39,0.00,0.00,0.000,0.000,0.00
1777903484,loop4,0.00,0.00,0.000,0.000,0.00
1777903484,loop40,0.00,0.00,0.000,0.000,0.00
1777903484,loop5,0.00,0.00,0.000,0.000,0.00
1777903484,loop6,0.00,0.00,0.000,0.000,0.00
1777903484,loop7,0.00,0.00,0.000,0.000,0.00
1777903484,loop8,0.00,0.00,0.000,0.000,0.00
1777903484,loop9,0.00,0.00,0.000,0.000,0.00
1777903484,nvme0n1,7120.00,32228.00,0.915,0.011,46.30
1777903485,loop0,0.00,0.00,0.000,0.000,0.00
1777903485,loop1,0.00,0.00,0.000,0.000,0.00
1777903485,loop10,0.00,0.00,0.000,0.000,0.00
1777903485,loop11,0.00,0.00,0.000,0.000,0.00
1777903485,loop12,0.00,0.00,0.000,0.000,0.00
1777903485,loop13,0.00,0.00,0.000,0.000,0.00
1777903485,loop14,0.00,0.00,0.000,0.000,0.00
1777903485,loop15,0.00,0.00,0.000,0.000,0.00
1777903485,loop16,0.00,0.00,0.000,0.000,0.00
1777903485,loop17,0.00,0.00,0.000,0.000,0.00
1777903485,loop18,0.00,0.00,0.000,0.000,0.00
1777903485,loop19,0.00,0.00,0.000,0.000,0.00
1777903485,loop2,0.00,0.00,0.000,0.000,0.00
1777903485,loop20,0.00,0.00,0.000,0.000,0.00
1777903485,loop21,0.00,0.00,0.000,0.000,0.00
1777903485,loop22,0.00,0.00,0.000,0.000,0.00
1777903485,loop23,0.00,0.00,0.000,0.000,0.00
1777903485,loop24,0.00,0.00,0.000,0.000,0.00
1777903485,loop25,0.00,0.00,0.000,0.000,0.00
1777903485,loop26,0.00,0.00,0.000,0.000,0.00
1777903485,loop27,0.00,0.00,0.000,0.000,0.00
1777903485,loop28,0.00,0.00,0.000,0.000,0.00
1777903485,loop29,0.00,0.00,0.000,0.000,0.00
1777903485,loop3,0.00,0.00,0.000,0.000,0.00
1777903485,loop30,0.00,0.00,0.000,0.000,0.00
1777903485,loop31,0.00,0.00,0.000,0.000,0.00
1777903485,loop32,0.00,0.00,0.000,0.000,0.00
1777903485,loop33,0.00,0.00,0.000,0.000,0.00
1777903485,loop34,0.00,0.00,0.000,0.000,0.00
1777903485,loop35,0.00,0.00,0.000,0.000,0.00
1777903485,loop36,0.00,0.00,0.000,0.000,0.00
1777903485,loop37,0.00,0.00,0.000,0.000,0.00
1777903485,loop38,0.00,0.00,0.000,0.000,0.00
1777903485,loop39,0.00,0.00,0.000,0.000,0.00
1777903485,loop4,0.00,0.00,0.000,0.000,0.00
1777903485,loop40,0.00,0.00,0.000,0.000,0.00
1777903485,loop5,0.00,0.00,0.000,0.000,0.00
1777903485,loop6,0.00,0.00,0.000,0.000,0.00
1777903485,loop7,0.00,0.00,0.000,0.000,0.00
1777903485,loop8,0.00,0.00,0.000,0.000,0.00
1777903485,loop9,0.00,0.00,0.000,0.000,0.00
1777903485,nvme0n1,9013.00,37440.00,0.339,0.004,60.40
1777903486,loop0,0.00,0.00,0.000,0.000,0.00
1777903486,loop1,0.00,0.00,0.000,0.000,0.00
1777903486,loop10,0.00,0.00,0.000,0.000,0.00
1777903486,loop11,0.00,0.00,0.000,0.000,0.00
1777903486,loop12,0.00,0.00,0.000,0.000,0.00
1777903486,loop13,0.00,0.00,0.000,0.000,0.00
1777903486,loop14,0.00,0.00,0.000,0.000,0.00
1777903486,loop15,0.00,0.00,0.000,0.000,0.00
1777903486,loop16,0.00,0.00,0.000,0.000,0.00
1777903486,loop17,0.00,0.00,0.000,0.000,0.00
1777903486,loop18,0.00,0.00,0.000,0.000,0.00
1777903486,loop19,0.00,0.00,0.000,0.000,0.00
1777903486,loop2,0.00,0.00,0.000,0.000,0.00
1777903486,loop20,0.00,0.00,0.000,0.000,0.00
1777903486,loop21,0.00,0.00,0.000,0.000,0.00
1777903486,loop22,0.00,0.00,0.000,0.000,0.00
1777903486,loop23,0.00,0.00,0.000,0.000,0.00
1777903486,loop24,0.00,0.00,0.000,0.000,0.00
1777903486,loop25,0.00,0.00,0.000,0.000,0.00
1777903486,loop26,0.00,0.00,0.000,0.000,0.00
1777903486,loop27,0.00,0.00,0.000,0.000,0.00
1777903486,loop28,0.00,0.00,0.000,0.000,0.00
1777903486,loop29,0.00,0.00,0.000,0.000,0.00
1777903486,loop3,0.00,0.00,0.000,0.000,0.00
1777903486,loop30,0.00,0.00,0.000,0.000,0.00
1777903486,loop31,0.00,0.00,0.000,0.000,0.00
1777903486,loop32,0.00,0.00,0.000,0.000,0.00
1777903486,loop33,0.00,0.00,0.000,0.000,0.00
1777903486,loop34,0.00,0.00,0.000,0.000,0.00
1777903486,loop35,0.00,0.00,0.000,0.000,0.00
1777903486,loop36,0.00,0.00,0.000,0.000,0.00
1777903486,loop37,0.00,0.00,0.000,0.000,0.00
1777903486,loop38,0.00,0.00,0.000,0.000,0.00
1777903486,loop39,0.00,0.00,0.000,0.000,0.00
1777903486,loop4,0.00,0.00,0.000,0.000,0.00
1777903486,loop40,0.00,0.00,0.000,0.000,0.00
1777903486,loop5,0.00,0.00,0.000,0.000,0.00
1777903486,loop6,0.00,0.00,0.000,0.000,0.00
1777903486,loop7,0.00,0.00,0.000,0.000,0.00
1777903486,loop8,0.00,0.00,0.000,0.000,0.00
1777903486,loop9,0.00,0.00,0.000,0.000,0.00
1777903486,nvme0n1,6251.00,38132.00,3.205,0.034,42.10
1777903487,loop0,0.00,0.00,0.000,0.000,0.00
1777903487,loop1,0.00,0.00,0.000,0.000,0.00
1777903487,loop10,0.00,0.00,0.000,0.000,0.00
1777903487,loop11,0.00,0.00,0.000,0.000,0.00
1777903487,loop12,0.00,0.00,0.000,0.000,0.00
1777903487,loop13,0.00,0.00,0.000,0.000,0.00
1777903487,loop14,0.00,0.00,0.000,0.000,0.00
1777903487,loop15,0.00,0.00,0.000,0.000,0.00
1777903487,loop16,0.00,0.00,0.000,0.000,0.00
1777903487,loop17,0.00,0.00,0.000,0.000,0.00
1777903487,loop18,0.00,0.00,0.000,0.000,0.00
1777903487,loop19,0.00,0.00,0.000,0.000,0.00
1777903487,loop2,0.00,0.00,0.000,0.000,0.00
1777903487,loop20,0.00,0.00,0.000,0.000,0.00
1777903487,loop21,0.00,0.00,0.000,0.000,0.00
1777903487,loop22,0.00,0.00,0.000,0.000,0.00
1777903487,loop23,0.00,0.00,0.000,0.000,0.00
1777903487,loop24,0.00,0.00,0.000,0.000,0.00
1777903487,loop25,0.00,0.00,0.000,0.000,0.00
1777903487,loop26,0.00,0.00,0.000,0.000,0.00
1777903487,loop27,0.00,0.00,0.000,0.000,0.00
1777903487,loop28,0.00,0.00,0.000,0.000,0.00
1777903487,loop29,0.00,0.00,0.000,0.000,0.00
1777903487,loop3,0.00,0.00,0.000,0.000,0.00
1777903487,loop30,0.00,0.00,0.000,0.000,0.00
1777903487,loop31,0.00,0.00,0.000,0.000,0.00
1777903487,loop32,0.00,0.00,0.000,0.000,0.00
1777903487,loop33,0.00,0.00,0.000,0.000,0.00
1777903487,loop34,0.00,0.00,0.000,0.000,0.00
1777903487,loop35,0.00,0.00,0.000,0.000,0.00
1777903487,loop36,0.00,0.00,0.000,0.000,0.00
1777903487,loop37,0.00,0.00,0.000,0.000,0.00
1777903487,loop38,0.00,0.00,0.000,0.000,0.00
1777903487,loop39,0.00,0.00,0.000,0.000,0.00
1777903487,loop4,0.00,0.00,0.000,0.000,0.00
1777903487,loop40,0.00,0.00,0.000,0.000,0.00
1777903487,loop5,0.00,0.00,0.000,0.000,0.00
1777903487,loop6,0.00,0.00,0.000,0.000,0.00
1777903487,loop7,0.00,0.00,0.000,0.000,0.00
1777903487,loop8,0.00,0.00,0.000,0.000,0.00
1777903487,loop9,0.00,0.00,0.000,0.000,0.00
1777903487,nvme0n1,164.00,1000.00,0.084,0.034,1.50
1777903488,loop0,0.00,0.00,0.000,0.000,0.00
1777903488,loop1,0.00,0.00,0.000,0.000,0.00
1777903488,loop10,0.00,0.00,0.000,0.000,0.00
1777903488,loop11,0.00,0.00,0.000,0.000,0.00
1777903488,loop12,0.00,0.00,0.000,0.000,0.00
1777903488,loop13,0.00,0.00,0.000,0.000,0.00
1777903488,loop14,0.00,0.00,0.000,0.000,0.00
1777903488,loop15,0.00,0.00,0.000,0.000,0.00
1777903488,loop16,0.00,0.00,0.000,0.000,0.00
1777903488,loop17,0.00,0.00,0.000,0.000,0.00
1777903488,loop18,0.00,0.00,0.000,0.000,0.00
1777903488,loop19,0.00,0.00,0.000,0.000,0.00
1777903488,loop2,0.00,0.00,0.000,0.000,0.00
1777903488,loop20,0.00,0.00,0.000,0.000,0.00
1777903488,loop21,0.00,0.00,0.000,0.000,0.00
1777903488,loop22,0.00,0.00,0.000,0.000,0.00
1777903488,loop23,0.00,0.00,0.000,0.000,0.00
1777903488,loop24,0.00,0.00,0.000,0.000,0.00
1777903488,loop25,0.00,0.00,0.000,0.000,0.00
1777903488,loop26,0.00,0.00,0.000,0.000,0.00
1777903488,loop27,0.00,0.00,0.000,0.000,0.00
1777903488,loop28,0.00,0.00,0.000,0.000,0.00
1777903488,loop29,0.00,0.00,0.000,0.000,0.00
1777903488,loop3,0.00,0.00,0.000,0.000,0.00
1777903488,loop30,0.00,0.00,0.000,0.000,0.00
1777903488,loop31,0.00,0.00,0.000,0.000,0.00
1777903488,loop32,0.00,0.00,0.000,0.000,0.00
1777903488,loop33,0.00,0.00,0.000,0.000,0.00
1777903488,loop34,0.00,0.00,0.000,0.000,0.00
1777903488,loop35,0.00,0.00,0.000,0.000,0.00
1777903488,loop36,0.00,0.00,0.000,0.000,0.00
1777903488,loop37,0.00,0.00,0.000,0.000,0.00
1777903488,loop38,0.00,0.00,0.000,0.000,0.00
1777903488,loop39,0.00,0.00,0.000,0.000,0.00
1777903488,loop4,0.00,0.00,0.000,0.000,0.00
1777903488,loop40,0.00,0.00,0.000,0.000,0.00
1777903488,loop5,0.00,0.00,0.000,0.000,0.00
1777903488,loop6,0.00,0.00,0.000,0.000,0.00
1777903488,loop7,0.00,0.00,0.000,0.000,0.00
1777903488,loop8,0.00,0.00,0.000,0.000,0.00
1777903488,loop9,0.00,0.00,0.000,0.000,0.00
1777903488,nvme0n1,0.00,0.00,0.000,0.000,0.70
1777903489,loop0,0.00,0.00,0.000,0.000,0.00
1777903489,loop1,0.00,0.00,0.000,0.000,0.00
1777903489,loop10,0.00,0.00,0.000,0.000,0.00
1777903489,loop11,0.00,0.00,0.000,0.000,0.00
1777903489,loop12,0.00,0.00,0.000,0.000,0.00
1777903489,loop13,0.00,0.00,0.000,0.000,0.00
1777903489,loop14,0.00,0.00,0.000,0.000,0.00
1777903489,loop15,0.00,0.00,0.000,0.000,0.00
1777903489,loop16,0.00,0.00,0.000,0.000,0.00
1777903489,loop17,0.00,0.00,0.000,0.000,0.00
1777903489,loop18,0.00,0.00,0.000,0.000,0.00
1777903489,loop19,0.00,0.00,0.000,0.000,0.00
1777903489,loop2,0.00,0.00,0.000,0.000,0.00
1777903489,loop20,0.00,0.00,0.000,0.000,0.00
1777903489,loop21,0.00,0.00,0.000,0.000,0.00
1777903489,loop22,0.00,0.00,0.000,0.000,0.00
1777903489,loop23,0.00,0.00,0.000,0.000,0.00
1777903489,loop24,0.00,0.00,0.000,0.000,0.00
1777903489,loop25,0.00,0.00,0.000,0.000,0.00
1777903489,loop26,0.00,0.00,0.000,0.000,0.00
1777903489,loop27,0.00,0.00,0.000,0.000,0.00
1777903489,loop28,0.00,0.00,0.000,0.000,0.00
1777903489,loop29,0.00,0.00,0.000,0.000,0.00
1777903489,loop3,0.00,0.00,0.000,0.000,0.00
1777903489,loop30,0.00,0.00,0.000,0.000,0.00
1777903489,loop31,0.00,0.00,0.000,0.000,0.00
1777903489,loop32,0.00,0.00,0.000,0.000,0.00
1777903489,loop33,0.00,0.00,0.000,0.000,0.00
1777903489,loop34,0.00,0.00,0.000,0.000,0.00
1777903489,loop35,0.00,0.00,0.000,0.000,0.00
1777903489,loop36,0.00,0.00,0.000,0.000,0.00
1777903489,loop37,0.00,0.00,0.000,0.000,0.00
1777903489,loop38,0.00,0.00,0.000,0.000,0.00
1777903489,loop39,0.00,0.00,0.000,0.000,0.00
1777903489,loop4,0.00,0.00,0.000,0.000,0.00
1777903489,loop40,0.00,0.00,0.000,0.000,0.00
1777903489,loop5,0.00,0.00,0.000,0.000,0.00
1777903489,loop6,0.00,0.00,0.000,0.000,0.00
1777903489,loop7,0.00,0.00,0.000,0.000,0.00
1777903489,loop8,0.00,0.00,0.000,0.000,0.00
1777903489,loop9,0.00,0.00,0.000,0.000,0.00
1777903489,nvme0n1,3.00,12.00,0.000,0.000,0.20
1777903490,loop0,0.00,0.00,0.000,0.000,0.00
1777903490,loop1,0.00,0.00,0.000,0.000,0.00
1777903490,loop10,0.00,0.00,0.000,0.000,0.00
1777903490,loop11,0.00,0.00,0.000,0.000,0.00
1777903490,loop12,0.00,0.00,0.000,0.000,0.00
1777903490,loop13,0.00,0.00,0.000,0.000,0.00
1777903490,loop14,0.00,0.00,0.000,0.000,0.00
1777903490,loop15,0.00,0.00,0.000,0.000,0.00
1777903490,loop16,0.00,0.00,0.000,0.000,0.00
1777903490,loop17,0.00,0.00,0.000,0.000,0.00
1777903490,loop18,0.00,0.00,0.000,0.000,0.00
1777903490,loop19,0.00,0.00,0.000,0.000,0.00
1777903490,loop2,0.00,0.00,0.000,0.000,0.00
1777903490,loop20,0.00,0.00,0.000,0.000,0.00
1777903490,loop21,0.00,0.00,0.000,0.000,0.00
1777903490,loop22,0.00,0.00,0.000,0.000,0.00
1777903490,loop23,0.00,0.00,0.000,0.000,0.00
1777903490,loop24,0.00,0.00,0.000,0.000,0.00
1777903490,loop25,0.00,0.00,0.000,0.000,0.00
1777903490,loop26,0.00,0.00,0.000,0.000,0.00
1777903490,loop27,0.00,0.00,0.000,0.000,0.00
1777903490,loop28,0.00,0.00,0.000,0.000,0.00
1777903490,loop29,0.00,0.00,0.000,0.000,0.00
1777903490,loop3,0.00,0.00,0.000,0.000,0.00
1777903490,loop30,0.00,0.00,0.000,0.000,0.00
1777903490,loop31,0.00,0.00,0.000,0.000,0.00
1777903490,loop32,0.00,0.00,0.000,0.000,0.00
1777903490,loop33,0.00,0.00,0.000,0.000,0.00
1777903490,loop34,0.00,0.00,0.000,0.000,0.00
1777903490,loop35,0.00,0.00,0.000,0.000,0.00
1777903490,loop36,0.00,0.00,0.000,0.000,0.00
1777903490,loop37,0.00,0.00,0.000,0.000,0.00
1777903490,loop38,0.00,0.00,0.000,0.000,0.00
1777903490,loop39,0.00,0.00,0.000,0.000,0.00
1777903490,loop4,0.00,0.00,0.000,0.000,0.00
1777903490,loop40,0.00,0.00,0.000,0.000,0.00
1777903490,loop5,0.00,0.00,0.000,0.000,0.00
1777903490,loop6,0.00,0.00,0.000,0.000,0.00
1777903490,loop7,0.00,0.00,0.000,0.000,0.00
1777903490,loop8,0.00,0.00,0.000,0.000,0.00
1777903490,loop9,0.00,0.00,0.000,0.000,0.00
1777903490,nvme0n1,3.00,12.00,0.000,0.000,0.20
1777903491,loop0,0.00,0.00,0.000,0.000,0.00
1777903491,loop1,0.00,0.00,0.000,0.000,0.00
1777903491,loop10,0.00,0.00,0.000,0.000,0.00
1777903491,loop11,0.00,0.00,0.000,0.000,0.00
1777903491,loop12,0.00,0.00,0.000,0.000,0.00
1777903491,loop13,0.00,0.00,0.000,0.000,0.00
1777903491,loop14,0.00,0.00,0.000,0.000,0.00
1777903491,loop15,0.00,0.00,0.000,0.000,0.00
1777903491,loop16,0.00,0.00,0.000,0.000,0.00
1777903491,loop17,0.00,0.00,0.000,0.000,0.00
1777903491,loop18,0.00,0.00,0.000,0.000,0.00
1777903491,loop19,0.00,0.00,0.000,0.000,0.00
1777903491,loop2,0.00,0.00,0.000,0.000,0.00
1777903491,loop20,0.00,0.00,0.000,0.000,0.00
1777903491,loop21,0.00,0.00,0.000,0.000,0.00
1777903491,loop22,0.00,0.00,0.000,0.000,0.00
1777903491,loop23,0.00,0.00,0.000,0.000,0.00
1777903491,loop24,0.00,0.00,0.000,0.000,0.00
1777903491,loop25,0.00,0.00,0.000,0.000,0.00
1777903491,loop26,0.00,0.00,0.000,0.000,0.00
1777903491,loop27,0.00,0.00,0.000,0.000,0.00
1777903491,loop28,0.00,0.00,0.000,0.000,0.00
1777903491,loop29,0.00,0.00,0.000,0.000,0.00
1777903491,loop3,0.00,0.00,0.000,0.000,0.00
1777903491,loop30,0.00,0.00,0.000,0.000,0.00
1777903491,loop31,0.00,0.00,0.000,0.000,0.00
1777903491,loop32,0.00,0.00,0.000,0.000,0.00
1777903491,loop33,0.00,0.00,0.000,0.000,0.00
1777903491,loop34,0.00,0.00,0.000,0.000,0.00
1777903491,loop35,0.00,0.00,0.000,0.000,0.00
1777903491,loop36,0.00,0.00,0.000,0.000,0.00
1777903491,loop37,0.00,0.00,0.000,0.000,0.00
1777903491,loop38,0.00,0.00,0.000,0.000,0.00
1777903491,loop39,0.00,0.00,0.000,0.000,0.00
1777903491,loop4,0.00,0.00,0.000,0.000,0.00
1777903491,loop40,0.00,0.00,0.000,0.000,0.00
1777903491,loop5,0.00,0.00,0.000,0.000,0.00
1777903491,loop6,0.00,0.00,0.000,0.000,0.00
1777903491,loop7,0.00,0.00,0.000,0.000,0.00
1777903491,loop8,0.00,0.00,0.000,0.000,0.00
1777903491,loop9,0.00,0.00,0.000,0.000,0.00
1777903491,nvme0n1,55.00,312.00,0.010,0.015,1.00
1777903492,loop0,0.00,0.00,0.000,0.000,0.00
1777903492,loop1,0.00,0.00,0.000,0.000,0.00
1777903492,loop10,0.00,0.00,0.000,0.000,0.00
1777903492,loop11,0.00,0.00,0.000,0.000,0.00
1777903492,loop12,0.00,0.00,0.000,0.000,0.00
1777903492,loop13,0.00,0.00,0.000,0.000,0.00
1777903492,loop14,0.00,0.00,0.000,0.000,0.00
1777903492,loop15,0.00,0.00,0.000,0.000,0.00
1777903492,loop16,0.00,0.00,0.000,0.000,0.00
1777903492,loop17,0.00,0.00,0.000,0.000,0.00
1777903492,loop18,0.00,0.00,0.000,0.000,0.00
1777903492,loop19,0.00,0.00,0.000,0.000,0.00
1777903492,loop2,0.00,0.00,0.000,0.000,0.00
1777903492,loop20,0.00,0.00,0.000,0.000,0.00
1777903492,loop21,0.00,0.00,0.000,0.000,0.00
1777903492,loop22,0.00,0.00,0.000,0.000,0.00
1777903492,loop23,0.00,0.00,0.000,0.000,0.00
1777903492,loop24,0.00,0.00,0.000,0.000,0.00
1777903492,loop25,0.00,0.00,0.000,0.000,0.00
1777903492,loop26,0.00,0.00,0.000,0.000,0.00
1777903492,loop27,0.00,0.00,0.000,0.000,0.00
1777903492,loop28,0.00,0.00,0.000,0.000,0.00
1777903492,loop29,0.00,0.00,0.000,0.000,0.00
1777903492,loop3,0.00,0.00,0.000,0.000,0.00
1777903492,loop30,0.00,0.00,0.000,0.000,0.00
1777903492,loop31,0.00,0.00,0.000,0.000,0.00
1777903492,loop32,0.00,0.00,0.000,0.000,0.00
1777903492,loop33,0.00,0.00,0.000,0.000,0.00
1777903492,loop34,0.00,0.00,0.000,0.000,0.00
1777903492,loop35,0.00,0.00,0.000,0.000,0.00
1777903492,loop36,0.00,0.00,0.000,0.000,0.00
1777903492,loop37,0.00,0.00,0.000,0.000,0.00
1777903492,loop38,0.00,0.00,0.000,0.000,0.00
1777903492,loop39,0.00,0.00,0.000,0.000,0.00
1777903492,loop4,0.00,0.00,0.000,0.000,0.00
1777903492,loop40,0.00,0.00,0.000,0.000,0.00
1777903492,loop5,0.00,0.00,0.000,0.000,0.00
1777903492,loop6,0.00,0.00,0.000,0.000,0.00
1777903492,loop7,0.00,0.00,0.000,0.000,0.00
1777903492,loop8,0.00,0.00,0.000,0.000,0.00
1777903492,loop9,0.00,0.00,0.000,0.000,0.00
1777903492,nvme0n1,24.00,96.00,0.000,0.000,4.40
1777903493,loop0,0.00,0.00,0.000,0.000,0.00
1777903493,loop1,0.00,0.00,0.000,0.000,0.00
1777903493,loop10,0.00,0.00,0.000,0.000,0.00
1777903493,loop11,0.00,0.00,0.000,0.000,0.00
1777903493,loop12,0.00,0.00,0.000,0.000,0.00
1777903493,loop13,0.00,0.00,0.000,0.000,0.00
1777903493,loop14,0.00,0.00,0.000,0.000,0.00
1777903493,loop15,0.00,0.00,0.000,0.000,0.00
1777903493,loop16,0.00,0.00,0.000,0.000,0.00
1777903493,loop17,0.00,0.00,0.000,0.000,0.00
1777903493,loop18,0.00,0.00,0.000,0.000,0.00
1777903493,loop19,0.00,0.00,0.000,0.000,0.00
1777903493,loop2,0.00,0.00,0.000,0.000,0.00
1777903493,loop20,0.00,0.00,0.000,0.000,0.00
1777903493,loop21,0.00,0.00,0.000,0.000,0.00
1777903493,loop22,0.00,0.00,0.000,0.000,0.00
1777903493,loop23,0.00,0.00,0.000,0.000,0.00
1777903493,loop24,0.00,0.00,0.000,0.000,0.00
1777903493,loop25,0.00,0.00,0.000,0.000,0.00
1777903493,loop26,0.00,0.00,0.000,0.000,0.00
1777903493,loop27,0.00,0.00,0.000,0.000,0.00
1777903493,loop28,0.00,0.00,0.000,0.000,0.00
1777903493,loop29,0.00,0.00,0.000,0.000,0.00
1777903493,loop3,0.00,0.00,0.000,0.000,0.00
1777903493,loop30,0.00,0.00,0.000,0.000,0.00
1777903493,loop31,0.00,0.00,0.000,0.000,0.00
1777903493,loop32,0.00,0.00,0.000,0.000,0.00
1777903493,loop33,0.00,0.00,0.000,0.000,0.00
1777903493,loop34,0.00,0.00,0.000,0.000,0.00
1777903493,loop35,0.00,0.00,0.000,0.000,0.00
1777903493,loop36,0.00,0.00,0.000,0.000,0.00
1777903493,loop37,0.00,0.00,0.000,0.000,0.00
1777903493,loop38,0.00,0.00,0.000,0.000,0.00
1777903493,loop39,0.00,0.00,0.000,0.000,0.00
1777903493,loop4,0.00,0.00,0.000,0.000,0.00
1777903493,loop40,0.00,0.00,0.000,0.000,0.00
1777903493,loop5,0.00,0.00,0.000,0.000,0.00
1777903493,loop6,0.00,0.00,0.000,0.000,0.00
1777903493,loop7,0.00,0.00,0.000,0.000,0.00
1777903493,loop8,0.00,0.00,0.000,0.000,0.00
1777903493,loop9,0.00,0.00,0.000,0.000,0.00
1777903493,nvme0n1,13.00,60.00,0.002,0.013,0.60
1777903494,loop0,0.00,0.00,0.000,0.000,0.00
1777903494,loop1,0.00,0.00,0.000,0.000,0.00
1777903494,loop10,0.00,0.00,0.000,0.000,0.00
1777903494,loop11,0.00,0.00,0.000,0.000,0.00
1777903494,loop12,0.00,0.00,0.000,0.000,0.00
1777903494,loop13,0.00,0.00,0.000,0.000,0.00
1777903494,loop14,0.00,0.00,0.000,0.000,0.00
1777903494,loop15,0.00,0.00,0.000,0.000,0.00
1777903494,loop16,0.00,0.00,0.000,0.000,0.00
1777903494,loop17,0.00,0.00,0.000,0.000,0.00
1777903494,loop18,0.00,0.00,0.000,0.000,0.00
1777903494,loop19,0.00,0.00,0.000,0.000,0.00
1777903494,loop2,0.00,0.00,0.000,0.000,0.00
1777903494,loop20,0.00,0.00,0.000,0.000,0.00
1777903494,loop21,0.00,0.00,0.000,0.000,0.00
1777903494,loop22,0.00,0.00,0.000,0.000,0.00
1777903494,loop23,0.00,0.00,0.000,0.000,0.00
1777903494,loop24,0.00,0.00,0.000,0.000,0.00
1777903494,loop25,0.00,0.00,0.000,0.000,0.00
1777903494,loop26,0.00,0.00,0.000,0.000,0.00
1777903494,loop27,0.00,0.00,0.000,0.000,0.00
1777903494,loop28,0.00,0.00,0.000,0.000,0.00
1777903494,loop29,0.00,0.00,0.000,0.000,0.00
1777903494,loop3,0.00,0.00,0.000,0.000,0.00
1777903494,loop30,0.00,0.00,0.000,0.000,0.00
1777903494,loop31,0.00,0.00,0.000,0.000,0.00
1777903494,loop32,0.00,0.00,0.000,0.000,0.00
1777903494,loop33,0.00,0.00,0.000,0.000,0.00
1777903494,loop34,0.00,0.00,0.000,0.000,0.00
1777903494,loop35,0.00,0.00,0.000,0.000,0.00
1777903494,loop36,0.00,0.00,0.000,0.000,0.00
1777903494,loop37,0.00,0.00,0.000,0.000,0.00
1777903494,loop38,0.00,0.00,0.000,0.000,0.00
1777903494,loop39,0.00,0.00,0.000,0.000,0.00
1777903494,loop4,0.00,0.00,0.000,0.000,0.00
1777903494,loop40,0.00,0.00,0.000,0.000,0.00
1777903494,loop5,0.00,0.00,0.000,0.000,0.00
1777903494,loop6,0.00,0.00,0.000,0.000,0.00
1777903494,loop7,0.00,0.00,0.000,0.000,0.00
1777903494,loop8,0.00,0.00,0.000,0.000,0.00
1777903494,loop9,0.00,0.00,0.000,0.000,0.00
1777903494,nvme0n1,0.00,0.00,0.000,0.000,0.00
1777903495,loop0,0.00,0.00,0.000,0.000,0.00
1777903495,loop1,0.00,0.00,0.000,0.000,0.00
1777903495,loop10,0.00,0.00,0.000,0.000,0.00
1777903495,loop11,0.00,0.00,0.000,0.000,0.00
1777903495,loop12,0.00,0.00,0.000,0.000,0.00
1777903495,loop13,0.00,0.00,0.000,0.000,0.00
1777903495,loop14,0.00,0.00,0.000,0.000,0.00
1777903495,loop15,0.00,0.00,0.000,0.000,0.00
1777903495,loop16,0.00,0.00,0.000,0.000,0.00
1777903495,loop17,0.00,0.00,0.000,0.000,0.00
1777903495,loop18,0.00,0.00,0.000,0.000,0.00
1777903495,loop19,0.00,0.00,0.000,0.000,0.00
1777903495,loop2,0.00,0.00,0.000,0.000,0.00
1777903495,loop20,0.00,0.00,0.000,0.000,0.00
1777903495,loop21,0.00,0.00,0.000,0.000,0.00
1777903495,loop22,0.00,0.00,0.000,0.000,0.00
1777903495,loop23,0.00,0.00,0.000,0.000,0.00
1777903495,loop24,0.00,0.00,0.000,0.000,0.00
1777903495,loop25,0.00,0.00,0.000,0.000,0.00
1777903495,loop26,0.00,0.00,0.000,0.000,0.00
1777903495,loop27,0.00,0.00,0.000,0.000,0.00
1777903495,loop28,0.00,0.00,0.000,0.000,0.00
1777903495,loop29,0.00,0.00,0.000,0.000,0.00
1777903495,loop3,0.00,0.00,0.000,0.000,0.00
1777903495,loop30,0.00,0.00,0.000,0.000,0.00
1777903495,loop31,0.00,0.00,0.000,0.000,0.00
1777903495,loop32,0.00,0.00,0.000,0.000,0.00
1777903495,loop33,0.00,0.00,0.000,0.000,0.00
1777903495,loop34,0.00,0.00,0.000,0.000,0.00
1777903495,loop35,0.00,0.00,0.000,0.000,0.00
1777903495,loop36,0.00,0.00,0.000,0.000,0.00
1777903495,loop37,0.00,0.00,0.000,0.000,0.00
1777903495,loop38,0.00,0.00,0.000,0.000,0.00
1777903495,loop39,0.00,0.00,0.000,0.000,0.00
1777903495,loop4,0.00,0.00,0.000,0.000,0.00
1777903495,loop40,0.00,0.00,0.000,0.000,0.00
1777903495,loop5,0.00,0.00,0.000,0.000,0.00
1777903495,loop6,0.00,0.00,0.000,0.000,0.00
1777903495,loop7,0.00,0.00,0.000,0.000,0.00
1777903495,loop8,0.00,0.00,0.000,0.000,0.00
1777903495,loop9,0.00,0.00,0.000,0.000,0.00
1777903495,nvme0n1,268.00,1372.00,0.073,0.021,1.90
1777903496,loop0,0.00,0.00,0.000,0.000,0.00
1777903496,loop1,0.00,0.00,0.000,0.000,0.00
1777903496,loop10,0.00,0.00,0.000,0.000,0.00
1777903496,loop11,0.00,0.00,0.000,0.000,0.00
1777903496,loop12,0.00,0.00,0.000,0.000,0.00
1777903496,loop13,0.00,0.00,0.000,0.000,0.00
1777903496,loop14,0.00,0.00,0.000,0.000,0.00
1777903496,loop15,0.00,0.00,0.000,0.000,0.00
1777903496,loop16,0.00,0.00,0.000,0.000,0.00
1777903496,loop17,0.00,0.00,0.000,0.000,0.00
1777903496,loop18,0.00,0.00,0.000,0.000,0.00
1777903496,loop19,0.00,0.00,0.000,0.000,0.00
1777903496,loop2,0.00,0.00,0.000,0.000,0.00
1777903496,loop20,0.00,0.00,0.000,0.000,0.00
1777903496,loop21,0.00,0.00,0.000,0.000,0.00
1777903496,loop22,0.00,0.00,0.000,0.000,0.00
1777903496,loop23,0.00,0.00,0.000,0.000,0.00
1777903496,loop24,0.00,0.00,0.000,0.000,0.00
1777903496,loop25,0.00,0.00,0.000,0.000,0.00
1777903496,loop26,0.00,0.00,0.000,0.000,0.00
1777903496,loop27,0.00,0.00,0.000,0.000,0.00
1777903496,loop28,0.00,0.00,0.000,0.000,0.00
1777903496,loop29,0.00,0.00,0.000,0.000,0.00
1777903496,loop3,0.00,0.00,0.000,0.000,0.00
1777903496,loop30,0.00,0.00,0.000,0.000,0.00
1777903496,loop31,0.00,0.00,0.000,0.000,0.00
1777903496,loop32,0.00,0.00,0.000,0.000,0.00
1777903496,loop33,0.00,0.00,0.000,0.000,0.00
1777903496,loop34,0.00,0.00,0.000,0.000,0.00
1777903496,loop35,0.00,0.00,0.000,0.000,0.00
1777903496,loop36,0.00,0.00,0.000,0.000,0.00
1777903496,loop37,0.00,0.00,0.000,0.000,0.00
1777903496,loop38,0.00,0.00,0.000,0.000,0.00
1777903496,loop39,0.00,0.00,0.000,0.000,0.00
1777903496,loop4,0.00,0.00,0.000,0.000,0.00
1777903496,loop40,0.00,0.00,0.000,0.000,0.00
1777903496,loop5,0.00,0.00,0.000,0.000,0.00
1777903496,loop6,0.00,0.00,0.000,0.000,0.00
1777903496,loop7,0.00,0.00,0.000,0.000,0.00
1777903496,loop8,0.00,0.00,0.000,0.000,0.00
1777903496,loop9,0.00,0.00,0.000,0.000,0.00
1777903496,nvme0n1,2.00,8.00,0.000,0.000,0.10
1777903497,loop0,0.00,0.00,0.000,0.000,0.00
1777903497,loop1,0.00,0.00,0.000,0.000,0.00
1777903497,loop10,0.00,0.00,0.000,0.000,0.00
1777903497,loop11,0.00,0.00,0.000,0.000,0.00
1777903497,loop12,0.00,0.00,0.000,0.000,0.00
1777903497,loop13,0.00,0.00,0.000,0.000,0.00
1777903497,loop14,0.00,0.00,0.000,0.000,0.00
1777903497,loop15,0.00,0.00,0.000,0.000,0.00
1777903497,loop16,0.00,0.00,0.000,0.000,0.00
1777903497,loop17,0.00,0.00,0.000,0.000,0.00
1777903497,loop18,0.00,0.00,0.000,0.000,0.00
1777903497,loop19,0.00,0.00,0.000,0.000,0.00
1777903497,loop2,0.00,0.00,0.000,0.000,0.00
1777903497,loop20,0.00,0.00,0.000,0.000,0.00
1777903497,loop21,0.00,0.00,0.000,0.000,0.00
1777903497,loop22,0.00,0.00,0.000,0.000,0.00
1777903497,loop23,0.00,0.00,0.000,0.000,0.00
1777903497,loop24,0.00,0.00,0.000,0.000,0.00
1777903497,loop25,0.00,0.00,0.000,0.000,0.00
1777903497,loop26,0.00,0.00,0.000,0.000,0.00
1777903497,loop27,0.00,0.00,0.000,0.000,0.00
1777903497,loop28,0.00,0.00,0.000,0.000,0.00
1777903497,loop29,0.00,0.00,0.000,0.000,0.00
1777903497,loop3,0.00,0.00,0.000,0.000,0.00
1777903497,loop30,0.00,0.00,0.000,0.000,0.00
1777903497,loop31,0.00,0.00,0.000,0.000,0.00
1777903497,loop32,0.00,0.00,0.000,0.000,0.00
1777903497,loop33,0.00,0.00,0.000,0.000,0.00
1777903497,loop34,0.00,0.00,0.000,0.000,0.00
1777903497,loop35,0.00,0.00,0.000,0.000,0.00
1777903497,loop36,0.00,0.00,0.000,0.000,0.00
1777903497,loop37,0.00,0.00,0.000,0.000,0.00
1777903497,loop38,0.00,0.00,0.000,0.000,0.00
1777903497,loop39,0.00,0.00,0.000,0.000,0.00
1777903497,loop4,0.00,0.00,0.000,0.000,0.00
1777903497,loop40,0.00,0.00,0.000,0.000,0.00
1777903497,loop5,0.00,0.00,0.000,0.000,0.00
1777903497,loop6,0.00,0.00,0.000,0.000,0.00
1777903497,loop7,0.00,0.00,0.000,0.000,0.00
1777903497,loop8,0.00,0.00,0.000,0.000,0.00
1777903497,loop9,0.00,0.00,0.000,0.000,0.00
1777903497,nvme0n1,0.00,0.00,0.000,0.000,0.00
1777903498,loop0,0.00,0.00,0.000,0.000,0.00
1777903498,loop1,0.00,0.00,0.000,0.000,0.00
1777903498,loop10,0.00,0.00,0.000,0.000,0.00
1777903498,loop11,0.00,0.00,0.000,0.000,0.00
1777903498,loop12,0.00,0.00,0.000,0.000,0.00
1777903498,loop13,0.00,0.00,0.000,0.000,0.00
1777903498,loop14,0.00,0.00,0.000,0.000,0.00
1777903498,loop15,0.00,0.00,0.000,0.000,0.00
1777903498,loop16,0.00,0.00,0.000,0.000,0.00
1777903498,loop17,0.00,0.00,0.000,0.000,0.00
1777903498,loop18,0.00,0.00,0.000,0.000,0.00
1777903498,loop19,0.00,0.00,0.000,0.000,0.00
1777903498,loop2,0.00,0.00,0.000,0.000,0.00
1777903498,loop20,0.00,0.00,0.000,0.000,0.00
1777903498,loop21,0.00,0.00,0.000,0.000,0.00
1777903498,loop22,0.00,0.00,0.000,0.000,0.00
1777903498,loop23,0.00,0.00,0.000,0.000,0.00
1777903498,loop24,0.00,0.00,0.000,0.000,0.00
1777903498,loop25,0.00,0.00,0.000,0.000,0.00
1777903498,loop26,0.00,0.00,0.000,0.000,0.00
1777903498,loop27,0.00,0.00,0.000,0.000,0.00
1777903498,loop28,0.00,0.00,0.000,0.000,0.00
1777903498,loop29,0.00,0.00,0.000,0.000,0.00
1777903498,loop3,0.00,0.00,0.000,0.000,0.00
1777903498,loop30,0.00,0.00,0.000,0.000,0.00
1777903498,loop31,0.00,0.00,0.000,0.000,0.00
1777903498,loop32,0.00,0.00,0.000,0.000,0.00
1777903498,loop33,0.00,0.00,0.000,0.000,0.00
1777903498,loop34,0.00,0.00,0.000,0.000,0.00
1777903498,loop35,0.00,0.00,0.000,0.000,0.00
1777903498,loop36,0.00,0.00,0.000,0.000,0.00
1777903498,loop37,0.00,0.00,0.000,0.000,0.00
1777903498,loop38,0.00,0.00,0.000,0.000,0.00
1777903498,loop39,0.00,0.00,0.000,0.000,0.00
1777903498,loop4,0.00,0.00,0.000,0.000,0.00
1777903498,loop40,0.00,0.00,0.000,0.000,0.00
1777903498,loop5,0.00,0.00,0.000,0.000,0.00
1777903498,loop6,0.00,0.00,0.000,0.000,0.00
1777903498,loop7,0.00,0.00,0.000,0.000,0.00
1777903498,loop8,0.00,0.00,0.000,0.000,0.00
1777903498,loop9,0.00,0.00,0.000,0.000,0.00
1777903498,nvme0n1,75.00,308.00,0.002,0.003,1.40
1777903499,loop0,0.00,0.00,0.000,0.000,0.00
1777903499,loop1,0.00,0.00,0.000,0.000,0.00
1777903499,loop10,0.00,0.00,0.000,0.000,0.00
1777903499,loop11,0.00,0.00,0.000,0.000,0.00
1777903499,loop12,0.00,0.00,0.000,0.000,0.00
1777903499,loop13,0.00,0.00,0.000,0.000,0.00
1777903499,loop14,0.00,0.00,0.000,0.000,0.00
1777903499,loop15,0.00,0.00,0.000,0.000,0.00
1777903499,loop16,0.00,0.00,0.000,0.000,0.00
1777903499,loop17,0.00,0.00,0.000,0.000,0.00
1777903499,loop18,0.00,0.00,0.000,0.000,0.00
1777903499,loop19,0.00,0.00,0.000,0.000,0.00
1777903499,loop2,0.00,0.00,0.000,0.000,0.00
1777903499,loop20,0.00,0.00,0.000,0.000,0.00
1777903499,loop21,0.00,0.00,0.000,0.000,0.00
1777903499,loop22,0.00,0.00,0.000,0.000,0.00
1777903499,loop23,0.00,0.00,0.000,0.000,0.00
1777903499,loop24,0.00,0.00,0.000,0.000,0.00
1777903499,loop25,0.00,0.00,0.000,0.000,0.00
1777903499,loop26,0.00,0.00,0.000,0.000,0.00
1777903499,loop27,0.00,0.00,0.000,0.000,0.00
1777903499,loop28,0.00,0.00,0.000,0.000,0.00
1777903499,loop29,0.00,0.00,0.000,0.000,0.00
1777903499,loop3,0.00,0.00,0.000,0.000,0.00
1777903499,loop30,0.00,0.00,0.000,0.000,0.00
1777903499,loop31,0.00,0.00,0.000,0.000,0.00
1777903499,loop32,0.00,0.00,0.000,0.000,0.00
1777903499,loop33,0.00,0.00,0.000,0.000,0.00
1777903499,loop34,0.00,0.00,0.000,0.000,0.00
1777903499,loop35,0.00,0.00,0.000,0.000,0.00
1777903499,loop36,0.00,0.00,0.000,0.000,0.00
1777903499,loop37,0.00,0.00,0.000,0.000,0.00
1777903499,loop38,0.00,0.00,0.000,0.000,0.00
1777903499,loop39,0.00,0.00,0.000,0.000,0.00
1777903499,loop4,0.00,0.00,0.000,0.000,0.00
1777903499,loop40,0.00,0.00,0.000,0.000,0.00
1777903499,loop5,0.00,0.00,0.000,0.000,0.00
1777903499,loop6,0.00,0.00,0.000,0.000,0.00
1777903499,loop7,0.00,0.00,0.000,0.000,0.00
1777903499,loop8,0.00,0.00,0.000,0.000,0.00
1777903499,loop9,0.00,0.00,0.000,0.000,0.00
1777903499,nvme0n1,99.00,444.00,0.000,0.000,0.80
1777903500,loop0,0.00,0.00,0.000,0.000,0.00
1777903500,loop1,0.00,0.00,0.000,0.000,0.00
1777903500,loop10,0.00,0.00,0.000,0.000,0.00
1777903500,loop11,0.00,0.00,0.000,0.000,0.00
1777903500,loop12,0.00,0.00,0.000,0.000,0.00
1777903500,loop13,0.00,0.00,0.000,0.000,0.00
1777903500,loop14,0.00,0.00,0.000,0.000,0.00
1777903500,loop15,0.00,0.00,0.000,0.000,0.00
1777903500,loop16,0.00,0.00,0.000,0.000,0.00
1777903500,loop17,0.00,0.00,0.000,0.000,0.00
1777903500,loop18,0.00,0.00,0.000,0.000,0.00
1777903500,loop19,0.00,0.00,0.000,0.000,0.00
1777903500,loop2,0.00,0.00,0.000,0.000,0.00
1777903500,loop20,0.00,0.00,0.000,0.000,0.00
1777903500,loop21,0.00,0.00,0.000,0.000,0.00
1777903500,loop22,0.00,0.00,0.000,0.000,0.00
1777903500,loop23,0.00,0.00,0.000,0.000,0.00
1777903500,loop24,0.00,0.00,0.000,0.000,0.00
1777903500,loop25,0.00,0.00,0.000,0.000,0.00
1777903500,loop26,0.00,0.00,0.000,0.000,0.00
1777903500,loop27,0.00,0.00,0.000,0.000,0.00
1777903500,loop28,0.00,0.00,0.000,0.000,0.00
1777903500,loop29,0.00,0.00,0.000,0.000,0.00
1777903500,loop3,0.00,0.00,0.000,0.000,0.00
1777903500,loop30,0.00,0.00,0.000,0.000,0.00
1777903500,loop31,0.00,0.00,0.000,0.000,0.00
1777903500,loop32,0.00,0.00,0.000,0.000,0.00
1777903500,loop33,0.00,0.00,0.000,0.000,0.00
1777903500,loop34,0.00,0.00,0.000,0.000,0.00
1777903500,loop35,0.00,0.00,0.000,0.000,0.00
1777903500,loop36,0.00,0.00,0.000,0.000,0.00
1777903500,loop37,0.00,0.00,0.000,0.000,0.00
1777903500,loop38,0.00,0.00,0.000,0.000,0.00
1777903500,loop39,0.00,0.00,0.000,0.000,0.00
1777903500,loop4,0.00,0.00,0.000,0.000,0.00
1777903500,loop40,0.00,0.00,0.000,0.000,0.00
1777903500,loop5,0.00,0.00,0.000,0.000,0.00
1777903500,loop6,0.00,0.00,0.000,0.000,0.00
1777903500,loop7,0.00,0.00,0.000,0.000,0.00
1777903500,loop8,0.00,0.00,0.000,0.000,0.00
1777903500,loop9,0.00,0.00,0.000,0.000,0.00
1777903500,nvme0n1,115.00,2436.00,0.004,0.003,0.90
1777903501,loop0,0.00,0.00,0.000,0.000,0.00
1777903501,loop1,0.00,0.00,0.000,0.000,0.00
1777903501,loop10,0.00,0.00,0.000,0.000,0.00
1777903501,loop11,0.00,0.00,0.000,0.000,0.00
1777903501,loop12,0.00,0.00,0.000,0.000,0.00
1777903501,loop13,0.00,0.00,0.000,0.000,0.00
1777903501,loop14,0.00,0.00,0.000,0.000,0.00
1777903501,loop15,0.00,0.00,0.000,0.000,0.00
1777903501,loop16,0.00,0.00,0.000,0.000,0.00
1777903501,loop17,0.00,0.00,0.000,0.000,0.00
1777903501,loop18,0.00,0.00,0.000,0.000,0.00
1777903501,loop19,0.00,0.00,0.000,0.000,0.00
1777903501,loop2,0.00,0.00,0.000,0.000,0.00
1777903501,loop20,0.00,0.00,0.000,0.000,0.00
1777903501,loop21,0.00,0.00,0.000,0.000,0.00
1777903501,loop22,0.00,0.00,0.000,0.000,0.00
1777903501,loop23,0.00,0.00,0.000,0.000,0.00
1777903501,loop24,0.00,0.00,0.000,0.000,0.00
1777903501,loop25,0.00,0.00,0.000,0.000,0.00
1777903501,loop26,0.00,0.00,0.000,0.000,0.00
1777903501,loop27,0.00,0.00,0.000,0.000,0.00
1777903501,loop28,0.00,0.00,0.000,0.000,0.00
1777903501,loop29,0.00,0.00,0.000,0.000,0.00
1777903501,loop3,0.00,0.00,0.000,0.000,0.00
1777903501,loop30,0.00,0.00,0.000,0.000,0.00
1777903501,loop31,0.00,0.00,0.000,0.000,0.00
1777903501,loop32,0.00,0.00,0.000,0.000,0.00
1777903501,loop33,0.00,0.00,0.000,0.000,0.00
1777903501,loop34,0.00,0.00,0.000,0.000,0.00
1777903501,loop35,0.00,0.00,0.000,0.000,0.00
1777903501,loop36,0.00,0.00,0.000,0.000,0.00
1777903501,loop37,0.00,0.00,0.000,0.000,0.00
1777903501,loop38,0.00,0.00,0.000,0.000,0.00
1777903501,loop39,0.00,0.00,0.000,0.000,0.00
1777903501,loop4,0.00,0.00,0.000,0.000,0.00
1777903501,loop40,0.00,0.00,0.000,0.000,0.00
1777903501,loop5,0.00,0.00,0.000,0.000,0.00
1777903501,loop6,0.00,0.00,0.000,0.000,0.00
1777903501,loop7,0.00,0.00,0.000,0.000,0.00
1777903501,loop8,0.00,0.00,0.000,0.000,0.00
1777903501,loop9,0.00,0.00,0.000,0.000,0.00
1777903501,nvme0n1,9.00,92.00,0.001,0.010,0.30
1777903502,loop0,0.00,0.00,0.000,0.000,0.00
1777903502,loop1,0.00,0.00,0.000,0.000,0.00
1777903502,loop10,0.00,0.00,0.000,0.000,0.00
1777903502,loop11,0.00,0.00,0.000,0.000,0.00
1777903502,loop12,0.00,0.00,0.000,0.000,0.00
1777903502,loop13,0.00,0.00,0.000,0.000,0.00
1777903502,loop14,0.00,0.00,0.000,0.000,0.00
1777903502,loop15,0.00,0.00,0.000,0.000,0.00
1777903502,loop16,0.00,0.00,0.000,0.000,0.00
1777903502,loop17,0.00,0.00,0.000,0.000,0.00
1777903502,loop18,0.00,0.00,0.000,0.000,0.00
1777903502,loop19,0.00,0.00,0.000,0.000,0.00
1777903502,loop2,0.00,0.00,0.000,0.000,0.00
1777903502,loop20,0.00,0.00,0.000,0.000,0.00
1777903502,loop21,0.00,0.00,0.000,0.000,0.00
1777903502,loop22,0.00,0.00,0.000,0.000,0.00
1777903502,loop23,0.00,0.00,0.000,0.000,0.00
1777903502,loop24,0.00,0.00,0.000,0.000,0.00
1777903502,loop25,0.00,0.00,0.000,0.000,0.00
1777903502,loop26,0.00,0.00,0.000,0.000,0.00
1777903502,loop27,0.00,0.00,0.000,0.000,0.00
1777903502,loop28,0.00,0.00,0.000,0.000,0.00
1777903502,loop29,0.00,0.00,0.000,0.000,0.00
1777903502,loop3,0.00,0.00,0.000,0.000,0.00
1777903502,loop30,0.00,0.00,0.000,0.000,0.00
1777903502,loop31,0.00,0.00,0.000,0.000,0.00
1777903502,loop32,0.00,0.00,0.000,0.000,0.00
1777903502,loop33,0.00,0.00,0.000,0.000,0.00
1777903502,loop34,0.00,0.00,0.000,0.000,0.00
1777903502,loop35,0.00,0.00,0.000,0.000,0.00
1777903502,loop36,0.00,0.00,0.000,0.000,0.00
1777903502,loop37,0.00,0.00,0.000,0.000,0.00
1777903502,loop38,0.00,0.00,0.000,0.000,0.00
1777903502,loop39,0.00,0.00,0.000,0.000,0.00
1777903502,loop4,0.00,0.00,0.000,0.000,0.00
1777903502,loop40,0.00,0.00,0.000,0.000,0.00
1777903502,loop5,0.00,0.00,0.000,0.000,0.00
1777903502,loop6,0.00,0.00,0.000,0.000,0.00
1777903502,loop7,0.00,0.00,0.000,0.000,0.00
1777903502,loop8,0.00,0.00,0.000,0.000,0.00
1777903502,loop9,0.00,0.00,0.000,0.000,0.00
1777903502,nvme0n1,0.00,0.00,0.000,0.000,0.00
1777903503,loop0,0.00,0.00,0.000,0.000,0.00
1777903503,loop1,0.00,0.00,0.000,0.000,0.00
1777903503,loop10,0.00,0.00,0.000,0.000,0.00
1777903503,loop11,0.00,0.00,0.000,0.000,0.00
1777903503,loop12,0.00,0.00,0.000,0.000,0.00
1777903503,loop13,0.00,0.00,0.000,0.000,0.00
1777903503,loop14,0.00,0.00,0.000,0.000,0.00
1777903503,loop15,0.00,0.00,0.000,0.000,0.00
1777903503,loop16,0.00,0.00,0.000,0.000,0.00
1777903503,loop17,0.00,0.00,0.000,0.000,0.00
1777903503,loop18,0.00,0.00,0.000,0.000,0.00
1777903503,loop19,0.00,0.00,0.000,0.000,0.00
1777903503,loop2,0.00,0.00,0.000,0.000,0.00
1777903503,loop20,0.00,0.00,0.000,0.000,0.00
1777903503,loop21,0.00,0.00,0.000,0.000,0.00
1777903503,loop22,0.00,0.00,0.000,0.000,0.00
1777903503,loop23,0.00,0.00,0.000,0.000,0.00
1777903503,loop24,0.00,0.00,0.000,0.000,0.00
1777903503,loop25,0.00,0.00,0.000,0.000,0.00
1777903503,loop26,0.00,0.00,0.000,0.000,0.00
1777903503,loop27,0.00,0.00,0.000,0.000,0.00
1777903503,loop28,0.00,0.00,0.000,0.000,0.00
1777903503,loop29,0.00,0.00,0.000,0.000,0.00
1777903503,loop3,0.00,0.00,0.000,0.000,0.00
1777903503,loop30,0.00,0.00,0.000,0.000,0.00
1777903503,loop31,0.00,0.00,0.000,0.000,0.00
1777903503,loop32,0.00,0.00,0.000,0.000,0.00
1777903503,loop33,0.00,0.00,0.000,0.000,0.00
1777903503,loop34,0.00,0.00,0.000,0.000,0.00
1777903503,loop35,0.00,0.00,0.000,0.000,0.00
1777903503,loop36,0.00,0.00,0.000,0.000,0.00
1777903503,loop37,0.00,0.00,0.000,0.000,0.00
1777903503,loop38,0.00,0.00,0.000,0.000,0.00
1777903503,loop39,0.00,0.00,0.000,0.000,0.00
1777903503,loop4,0.00,0.00,0.000,0.000,0.00
1777903503,loop40,0.00,0.00,0.000,0.000,0.00
1777903503,loop5,0.00,0.00,0.000,0.000,0.00
1777903503,loop6,0.00,0.00,0.000,0.000,0.00
1777903503,loop7,0.00,0.00,0.000,0.000,0.00
1777903503,loop8,0.00,0.00,0.000,0.000,0.00
1777903503,loop9,0.00,0.00,0.000,0.000,0.00
1777903503,nvme0n1,0.00,0.00,0.000,0.000,0.00
1777903504,loop0,0.00,0.00,0.000,0.000,0.00
1777903504,loop1,0.00,0.00,0.000,0.000,0.00
1777903504,loop10,0.00,0.00,0.000,0.000,0.00
1777903504,loop11,0.00,0.00,0.000,0.000,0.00
1777903504,loop12,0.00,0.00,0.000,0.000,0.00
1777903504,loop13,0.00,0.00,0.000,0.000,0.00
1777903504,loop14,0.00,0.00,0.000,0.000,0.00
1777903504,loop15,0.00,0.00,0.000,0.000,0.00
1777903504,loop16,0.00,0.00,0.000,0.000,0.00
1777903504,loop17,0.00,0.00,0.000,0.000,0.00
1777903504,loop18,0.00,0.00,0.000,0.000,0.00
1777903504,loop19,0.00,0.00,0.000,0.000,0.00
1777903504,loop2,0.00,0.00,0.000,0.000,0.00
1777903504,loop20,0.00,0.00,0.000,0.000,0.00
1777903504,loop21,0.00,0.00,0.000,0.000,0.00
1777903504,loop22,0.00,0.00,0.000,0.000,0.00
1777903504,loop23,0.00,0.00,0.000,0.000,0.00
1777903504,loop24,0.00,0.00,0.000,0.000,0.00
1777903504,loop25,0.00,0.00,0.000,0.000,0.00
1777903504,loop26,0.00,0.00,0.000,0.000,0.00
1777903504,loop27,0.00,0.00,0.000,0.000,0.00
1777903504,loop28,0.00,0.00,0.000,0.000,0.00
1777903504,loop29,0.00,0.00,0.000,0.000,0.00
1777903504,loop3,0.00,0.00,0.000,0.000,0.00
1777903504,loop30,0.00,0.00,0.000,0.000,0.00
1777903504,loop31,0.00,0.00,0.000,0.000,0.00
1777903504,loop32,0.00,0.00,0.000,0.000,0.00
1777903504,loop33,0.00,0.00,0.000,0.000,0.00
1777903504,loop34,0.00,0.00,0.000,0.000,0.00
1777903504,loop35,0.00,0.00,0.000,0.000,0.00
1777903504,loop36,0.00,0.00,0.000,0.000,0.00
1777903504,loop37,0.00,0.00,0.000,0.000,0.00
1777903504,loop38,0.00,0.00,0.000,0.000,0.00
1777903504,loop39,0.00,0.00,0.000,0.000,0.00
1777903504,loop4,0.00,0.00,0.000,0.000,0.00
1777903504,loop40,0.00,0.00,0.000,0.000,0.00
1777903504,loop5,0.00,0.00,0.000,0.000,0.00
1777903504,loop6,0.00,0.00,0.000,0.000,0.00
1777903504,loop7,0.00,0.00,0.000,0.000,0.00
1777903504,loop8,0.00,0.00,0.000,0.000,0.00
1777903504,loop9,0.00,0.00,0.000,0.000,0.00
1777903504,nvme0n1,1.00,4.00,0.000,0.000,7.20
1777903505,loop0,0.00,0.00,0.000,0.000,0.00
1777903505,loop1,0.00,0.00,0.000,0.000,0.00
1777903505,loop10,0.00,0.00,0.000,0.000,0.00
1777903505,loop11,0.00,0.00,0.000,0.000,0.00
1777903505,loop12,0.00,0.00,0.000,0.000,0.00
1777903505,loop13,0.00,0.00,0.000,0.000,0.00
1777903505,loop14,0.00,0.00,0.000,0.000,0.00
1777903505,loop15,0.00,0.00,0.000,0.000,0.00
1777903505,loop16,0.00,0.00,0.000,0.000,0.00
1777903505,loop17,0.00,0.00,0.000,0.000,0.00
1777903505,loop18,0.00,0.00,0.000,0.000,0.00
1777903505,loop19,0.00,0.00,0.000,0.000,0.00
1777903505,loop2,0.00,0.00,0.000,0.000,0.00
1777903505,loop20,0.00,0.00,0.000,0.000,0.00
1777903505,loop21,0.00,0.00,0.000,0.000,0.00
1777903505,loop22,0.00,0.00,0.000,0.000,0.00
1777903505,loop23,0.00,0.00,0.000,0.000,0.00
1777903505,loop24,0.00,0.00,0.000,0.000,0.00
1777903505,loop25,0.00,0.00,0.000,0.000,0.00
1777903505,loop26,0.00,0.00,0.000,0.000,0.00
1777903505,loop27,0.00,0.00,0.000,0.000,0.00
1777903505,loop28,0.00,0.00,0.000,0.000,0.00
1777903505,loop29,0.00,0.00,0.000,0.000,0.00
1777903505,loop3,0.00,0.00,0.000,0.000,0.00
1777903505,loop30,0.00,0.00,0.000,0.000,0.00
1777903505,loop31,0.00,0.00,0.000,0.000,0.00
1777903505,loop32,0.00,0.00,0.000,0.000,0.00
1777903505,loop33,0.00,0.00,0.000,0.000,0.00
1777903505,loop34,0.00,0.00,0.000,0.000,0.00
1777903505,loop35,0.00,0.00,0.000,0.000,0.00
1777903505,loop36,0.00,0.00,0.000,0.000,0.00
1777903505,loop37,0.00,0.00,0.000,0.000,0.00
1777903505,loop38,0.00,0.00,0.000,0.000,0.00
1777903505,loop39,0.00,0.00,0.000,0.000,0.00
1777903505,loop4,0.00,0.00,0.000,0.000,0.00
1777903505,loop40,0.00,0.00,0.000,0.000,0.00
1777903505,loop5,0.00,0.00,0.000,0.000,0.00
1777903505,loop6,0.00,0.00,0.000,0.000,0.00
1777903505,loop7,0.00,0.00,0.000,0.000,0.00
1777903505,loop8,0.00,0.00,0.000,0.000,0.00
1777903505,loop9,0.00,0.00,0.000,0.000,0.00
1777903505,nvme0n1,6.00,24.00,0.000,0.000,0.20
1777903506,loop0,0.00,0.00,0.000,0.000,0.00
1777903506,loop1,0.00,0.00,0.000,0.000,0.00
1777903506,loop10,0.00,0.00,0.000,0.000,0.00
1777903506,loop11,0.00,0.00,0.000,0.000,0.00
1777903506,loop12,0.00,0.00,0.000,0.000,0.00
1777903506,loop13,0.00,0.00,0.000,0.000,0.00
1777903506,loop14,0.00,0.00,0.000,0.000,0.00
1777903506,loop15,0.00,0.00,0.000,0.000,0.00
1777903506,loop16,0.00,0.00,0.000,0.000,0.00
1777903506,loop17,0.00,0.00,0.000,0.000,0.00
1777903506,loop18,0.00,0.00,0.000,0.000,0.00
1777903506,loop19,0.00,0.00,0.000,0.000,0.00
1777903506,loop2,0.00,0.00,0.000,0.000,0.00
1777903506,loop20,0.00,0.00,0.000,0.000,0.00
1777903506,loop21,0.00,0.00,0.000,0.000,0.00
1777903506,loop22,0.00,0.00,0.000,0.000,0.00
1777903506,loop23,0.00,0.00,0.000,0.000,0.00
1777903506,loop24,0.00,0.00,0.000,0.000,0.00
1777903506,loop25,0.00,0.00,0.000,0.000,0.00
1777903506,loop26,0.00,0.00,0.000,0.000,0.00
1777903506,loop27,0.00,0.00,0.000,0.000,0.00
1777903506,loop28,0.00,0.00,0.000,0.000,0.00
1777903506,loop29,0.00,0.00,0.000,0.000,0.00
1777903506,loop3,0.00,0.00,0.000,0.000,0.00
1777903506,loop30,0.00,0.00,0.000,0.000,0.00
1777903506,loop31,0.00,0.00,0.000,0.000,0.00
1777903506,loop32,0.00,0.00,0.000,0.000,0.00
1777903506,loop33,0.00,0.00,0.000,0.000,0.00
1777903506,loop34,0.00,0.00,0.000,0.000,0.00
1777903506,loop35,0.00,0.00,0.000,0.000,0.00
1777903506,loop36,0.00,0.00,0.000,0.000,0.00
1777903506,loop37,0.00,0.00,0.000,0.000,0.00
1777903506,loop38,0.00,0.00,0.000,0.000,0.00
1777903506,loop39,0.00,0.00,0.000,0.000,0.00
1777903506,loop4,0.00,0.00,0.000,0.000,0.00
1777903506,loop40,0.00,0.00,0.000,0.000,0.00
1777903506,loop5,0.00,0.00,0.000,0.000,0.00
1777903506,loop6,0.00,0.00,0.000,0.000,0.00
1777903506,loop7,0.00,0.00,0.000,0.000,0.00
1777903506,loop8,0.00,0.00,0.000,0.000,0.00
1777903506,loop9,0.00,0.00,0.000,0.000,0.00
1777903506,nvme0n1,0.00,0.00,0.000,0.000,0.00
1777903507,loop0,0.00,0.00,0.000,0.000,0.00
1777903507,loop1,0.00,0.00,0.000,0.000,0.00
1777903507,loop10,0.00,0.00,0.000,0.000,0.00
1777903507,loop11,0.00,0.00,0.000,0.000,0.00
1777903507,loop12,0.00,0.00,0.000,0.000,0.00
1777903507,loop13,0.00,0.00,0.000,0.000,0.00
1777903507,loop14,0.00,0.00,0.000,0.000,0.00
1777903507,loop15,0.00,0.00,0.000,0.000,0.00
1777903507,loop16,0.00,0.00,0.000,0.000,0.00
1777903507,loop17,0.00,0.00,0.000,0.000,0.00
1777903507,loop18,0.00,0.00,0.000,0.000,0.00
1777903507,loop19,0.00,0.00,0.000,0.000,0.00
1777903507,loop2,0.00,0.00,0.000,0.000,0.00
1777903507,loop20,0.00,0.00,0.000,0.000,0.00
1777903507,loop21,0.00,0.00,0.000,0.000,0.00
1777903507,loop22,0.00,0.00,0.000,0.000,0.00
1777903507,loop23,0.00,0.00,0.000,0.000,0.00
1777903507,loop24,0.00,0.00,0.000,0.000,0.00
1777903507,loop25,0.00,0.00,0.000,0.000,0.00
1777903507,loop26,0.00,0.00,0.000,0.000,0.00
1777903507,loop27,0.00,0.00,0.000,0.000,0.00
1777903507,loop28,0.00,0.00,0.000,0.000,0.00
1777903507,loop29,0.00,0.00,0.000,0.000,0.00
1777903507,loop3,0.00,0.00,0.000,0.000,0.00
1777903507,loop30,0.00,0.00,0.000,0.000,0.00
1777903507,loop31,0.00,0.00,0.000,0.000,0.00
1777903507,loop32,0.00,0.00,0.000,0.000,0.00
1777903507,loop33,0.00,0.00,0.000,0.000,0.00
1777903507,loop34,0.00,0.00,0.000,0.000,0.00
1777903507,loop35,0.00,0.00,0.000,0.000,0.00
1777903507,loop36,0.00,0.00,0.000,0.000,0.00
1777903507,loop37,0.00,0.00,0.000,0.000,0.00
1777903507,loop38,0.00,0.00,0.000,0.000,0.00
1777903507,loop39,0.00,0.00,0.000,0.000,0.00
1777903507,loop4,0.00,0.00,0.000,0.000,0.00
1777903507,loop40,0.00,0.00,0.000,0.000,0.00
1777903507,loop5,0.00,0.00,0.000,0.000,0.00
1777903507,loop6,0.00,0.00,0.000,0.000,0.00
1777903507,loop7,0.00,0.00,0.000,0.000,0.00
1777903507,loop8,0.00,0.00,0.000,0.000,0.00
1777903507,loop9,0.00,0.00,0.000,0.000,0.00
1777903507,nvme0n1,0.00,0.00,0.000,0.000,2.90
1777903508,loop0,0.00,0.00,0.000,0.000,0.00
1777903508,loop1,0.00,0.00,0.000,0.000,0.00
1777903508,loop10,0.00,0.00,0.000,0.000,0.00
1777903508,loop11,0.00,0.00,0.000,0.000,0.00
1777903508,loop12,0.00,0.00,0.000,0.000,0.00
1777903508,loop13,0.00,0.00,0.000,0.000,0.00
1777903508,loop14,0.00,0.00,0.000,0.000,0.00
1777903508,loop15,0.00,0.00,0.000,0.000,0.00
1777903508,loop16,0.00,0.00,0.000,0.000,0.00
1777903508,loop17,0.00,0.00,0.000,0.000,0.00
1777903508,loop18,0.00,0.00,0.000,0.000,0.00
1777903508,loop19,0.00,0.00,0.000,0.000,0.00
1777903508,loop2,0.00,0.00,0.000,0.000,0.00
1777903508,loop20,0.00,0.00,0.000,0.000,0.00
1777903508,loop21,0.00,0.00,0.000,0.000,0.00
1777903508,loop22,0.00,0.00,0.000,0.000,0.00
1777903508,loop23,0.00,0.00,0.000,0.000,0.00
1777903508,loop24,0.00,0.00,0.000,0.000,0.00
1777903508,loop25,0.00,0.00,0.000,0.000,0.00
1777903508,loop26,0.00,0.00,0.000,0.000,0.00
1777903508,loop27,0.00,0.00,0.000,0.000,0.00
1777903508,loop28,0.00,0.00,0.000,0.000,0.00
1777903508,loop29,0.00,0.00,0.000,0.000,0.00
1777903508,loop3,0.00,0.00,0.000,0.000,0.00
1777903508,loop30,0.00,0.00,0.000,0.000,0.00
1777903508,loop31,0.00,0.00,0.000,0.000,0.00
1777903508,loop32,0.00,0.00,0.000,0.000,0.00
1777903508,loop33,0.00,0.00,0.000,0.000,0.00
1777903508,loop34,0.00,0.00,0.000,0.000,0.00
1777903508,loop35,0.00,0.00,0.000,0.000,0.00
1777903508,loop36,0.00,0.00,0.000,0.000,0.00
1777903508,loop37,0.00,0.00,0.000,0.000,0.00
1777903508,loop38,0.00,0.00,0.000,0.000,0.00
1777903508,loop39,0.00,0.00,0.000,0.000,0.00
1777903508,loop4,0.00,0.00,0.000,0.000,0.00
1777903508,loop40,0.00,0.00,0.000,0.000,0.00
1777903508,loop5,0.00,0.00,0.000,0.000,0.00
1777903508,loop6,0.00,0.00,0.000,0.000,0.00
1777903508,loop7,0.00,0.00,0.000,0.000,0.00
1777903508,loop8,0.00,0.00,0.000,0.000,0.00
1777903508,loop9,0.00,0.00,0.000,0.000,0.00
1777903508,nvme0n1,0.00,0.00,0.000,0.000,0.00
1777903509,loop0,0.00,0.00,0.000,0.000,0.00
1777903509,loop1,0.00,0.00,0.000,0.000,0.00
1777903509,loop10,0.00,0.00,0.000,0.000,0.00
1777903509,loop11,0.00,0.00,0.000,0.000,0.00
1777903509,loop12,0.00,0.00,0.000,0.000,0.00
1777903509,loop13,0.00,0.00,0.000,0.000,0.00
1777903509,loop14,0.00,0.00,0.000,0.000,0.00
1777903509,loop15,0.00,0.00,0.000,0.000,0.00
1777903509,loop16,0.00,0.00,0.000,0.000,0.00
1777903509,loop17,0.00,0.00,0.000,0.000,0.00
1777903509,loop18,0.00,0.00,0.000,0.000,0.00
1777903509,loop19,0.00,0.00,0.000,0.000,0.00
1777903509,loop2,0.00,0.00,0.000,0.000,0.00
1777903509,loop20,0.00,0.00,0.000,0.000,0.00
1777903509,loop21,0.00,0.00,0.000,0.000,0.00
1777903509,loop22,0.00,0.00,0.000,0.000,0.00
1777903509,loop23,0.00,0.00,0.000,0.000,0.00
1777903509,loop24,0.00,0.00,0.000,0.000,0.00
1777903509,loop25,0.00,0.00,0.000,0.000,0.00
1777903509,loop26,0.00,0.00,0.000,0.000,0.00
1777903509,loop27,0.00,0.00,0.000,0.000,0.00
1777903509,loop28,0.00,0.00,0.000,0.000,0.00
1777903509,loop29,0.00,0.00,0.000,0.000,0.00
1777903509,loop3,0.00,0.00,0.000,0.000,0.00
1777903509,loop30,0.00,0.00,0.000,0.000,0.00
1777903509,loop31,0.00,0.00,0.000,0.000,0.00
1777903509,loop32,0.00,0.00,0.000,0.000,0.00
1777903509,loop33,0.00,0.00,0.000,0.000,0.00
1777903509,loop34,0.00,0.00,0.000,0.000,0.00
1777903509,loop35,0.00,0.00,0.000,0.000,0.00
1777903509,loop36,0.00,0.00,0.000,0.000,0.00
1777903509,loop37,0.00,0.00,0.000,0.000,0.00
1777903509,loop38,0.00,0.00,0.000,0.000,0.00
1777903509,loop39,0.00,0.00,0.000,0.000,0.00
1777903509,loop4,0.00,0.00,0.000,0.000,0.00
1777903509,loop40,0.00,0.00,0.000,0.000,0.00
1777903509,loop5,0.00,0.00,0.000,0.000,0.00
1777903509,loop6,0.00,0.00,0.000,0.000,0.00
1777903509,loop7,0.00,0.00,0.000,0.000,0.00
1777903509,loop8,0.00,0.00,0.000,0.000,0.00
1777903509,loop9,0.00,0.00,0.000,0.000,0.00
1777903509,nvme0n1,0.00,0.00,0.000,0.000,5.30
1777903510,loop0,0.00,0.00,0.000,0.000,0.00
1777903510,loop1,0.00,0.00,0.000,0.000,0.00
1777903510,loop10,0.00,0.00,0.000,0.000,0.00
1777903510,loop11,0.00,0.00,0.000,0.000,0.00
1777903510,loop12,0.00,0.00,0.000,0.000,0.00
1777903510,loop13,0.00,0.00,0.000,0.000,0.00
1777903510,loop14,0.00,0.00,0.000,0.000,0.00
1777903510,loop15,0.00,0.00,0.000,0.000,0.00
1777903510,loop16,0.00,0.00,0.000,0.000,0.00
1777903510,loop17,0.00,0.00,0.000,0.000,0.00
1777903510,loop18,0.00,0.00,0.000,0.000,0.00
1777903510,loop19,0.00,0.00,0.000,0.000,0.00
1777903510,loop2,0.00,0.00,0.000,0.000,0.00
1777903510,loop20,0.00,0.00,0.000,0.000,0.00
1777903510,loop21,0.00,0.00,0.000,0.000,0.00
1777903510,loop22,0.00,0.00,0.000,0.000,0.00
1777903510,loop23,0.00,0.00,0.000,0.000,0.00
1777903510,loop24,0.00,0.00,0.000,0.000,0.00
1777903510,loop25,0.00,0.00,0.000,0.000,0.00
1777903510,loop26,0.00,0.00,0.000,0.000,0.00
1777903510,loop27,0.00,0.00,0.000,0.000,0.00
1777903510,loop28,0.00,0.00,0.000,0.000,0.00
1777903510,loop29,0.00,0.00,0.000,0.000,0.00
1777903510,loop3,0.00,0.00,0.000,0.000,0.00
1777903510,loop30,0.00,0.00,0.000,0.000,0.00
1777903510,loop31,0.00,0.00,0.000,0.000,0.00
1777903510,loop32,0.00,0.00,0.000,0.000,0.00
1777903510,loop33,0.00,0.00,0.000,0.000,0.00
1777903510,loop34,0.00,0.00,0.000,0.000,0.00
1777903510,loop35,0.00,0.00,0.000,0.000,0.00
1777903510,loop36,0.00,0.00,0.000,0.000,0.00
1777903510,loop37,0.00,0.00,0.000,0.000,0.00
1777903510,loop38,0.00,0.00,0.000,0.000,0.00
1777903510,loop39,0.00,0.00,0.000,0.000,0.00
1777903510,loop4,0.00,0.00,0.000,0.000,0.00
1777903510,loop40,0.00,0.00,0.000,0.000,0.00
1777903510,loop5,0.00,0.00,0.000,0.000,0.00
1777903510,loop6,0.00,0.00,0.000,0.000,0.00
1777903510,loop7,0.00,0.00,0.000,0.000,0.00
1777903510,loop8,0.00,0.00,0.000,0.000,0.00
1777903510,loop9,0.00,0.00,0.000,0.000,0.00
1777903510,nvme0n1,14.00,56.00,0.000,0.000,0.70
1777903511,loop0,0.00,0.00,0.000,0.000,0.00
1777903511,loop1,0.00,0.00,0.000,0.000,0.00
1777903511,loop10,0.00,0.00,0.000,0.000,0.00
1777903511,loop11,0.00,0.00,0.000,0.000,0.00
1777903511,loop12,0.00,0.00,0.000,0.000,0.00
1777903511,loop13,0.00,0.00,0.000,0.000,0.00
1777903511,loop14,0.00,0.00,0.000,0.000,0.00
1777903511,loop15,0.00,0.00,0.000,0.000,0.00
1777903511,loop16,0.00,0.00,0.000,0.000,0.00
1777903511,loop17,0.00,0.00,0.000,0.000,0.00
1777903511,loop18,0.00,0.00,0.000,0.000,0.00
1777903511,loop19,0.00,0.00,0.000,0.000,0.00
1777903511,loop2,0.00,0.00,0.000,0.000,0.00
1777903511,loop20,0.00,0.00,0.000,0.000,0.00
1777903511,loop21,0.00,0.00,0.000,0.000,0.00
1777903511,loop22,0.00,0.00,0.000,0.000,0.00
1777903511,loop23,0.00,0.00,0.000,0.000,0.00
1777903511,loop24,0.00,0.00,0.000,0.000,0.00
1777903511,loop25,0.00,0.00,0.000,0.000,0.00
1777903511,loop26,0.00,0.00,0.000,0.000,0.00
1777903511,loop27,0.00,0.00,0.000,0.000,0.00
1777903511,loop28,0.00,0.00,0.000,0.000,0.00
1777903511,loop29,0.00,0.00,0.000,0.000,0.00
1777903511,loop3,0.00,0.00,0.000,0.000,0.00
1777903511,loop30,0.00,0.00,0.000,0.000,0.00
1777903511,loop31,0.00,0.00,0.000,0.000,0.00
1777903511,loop32,0.00,0.00,0.000,0.000,0.00
1777903511,loop33,0.00,0.00,0.000,0.000,0.00
1777903511,loop34,0.00,0.00,0.000,0.000,0.00
1777903511,loop35,0.00,0.00,0.000,0.000,0.00
1777903511,loop36,0.00,0.00,0.000,0.000,0.00
1777903511,loop37,0.00,0.00,0.000,0.000,0.00
1777903511,loop38,0.00,0.00,0.000,0.000,0.00
1777903511,loop39,0.00,0.00,0.000,0.000,0.00
1777903511,loop4,0.00,0.00,0.000,0.000,0.00
1777903511,loop40,0.00,0.00,0.000,0.000,0.00
1777903511,loop5,0.00,0.00,0.000,0.000,0.00
1777903511,loop6,0.00,0.00,0.000,0.000,0.00
1777903511,loop7,0.00,0.00,0.000,0.000,0.00
1777903511,loop8,0.00,0.00,0.000,0.000,0.00
1777903511,loop9,0.00,0.00,0.000,0.000,0.00
1777903511,nvme0n1,227.00,1828.00,0.178,0.043,1.40
1777903512,loop0,0.00,0.00,0.000,0.000,0.00
1777903512,loop1,0.00,0.00,0.000,0.000,0.00
1777903512,loop10,0.00,0.00,0.000,0.000,0.00
1777903512,loop11,0.00,0.00,0.000,0.000,0.00
1777903512,loop12,0.00,0.00,0.000,0.000,0.00
1777903512,loop13,0.00,0.00,0.000,0.000,0.00
1777903512,loop14,0.00,0.00,0.000,0.000,0.00
1777903512,loop15,0.00,0.00,0.000,0.000,0.00
1777903512,loop16,0.00,0.00,0.000,0.000,0.00
1777903512,loop17,0.00,0.00,0.000,0.000,0.00
1777903512,loop18,0.00,0.00,0.000,0.000,0.00
1777903512,loop19,0.00,0.00,0.000,0.000,0.00
1777903512,loop2,0.00,0.00,0.000,0.000,0.00
1777903512,loop20,0.00,0.00,0.000,0.000,0.00
1777903512,loop21,0.00,0.00,0.000,0.000,0.00
1777903512,loop22,0.00,0.00,0.000,0.000,0.00
1777903512,loop23,0.00,0.00,0.000,0.000,0.00
1777903512,loop24,0.00,0.00,0.000,0.000,0.00
1777903512,loop25,0.00,0.00,0.000,0.000,0.00
1777903512,loop26,0.00,0.00,0.000,0.000,0.00
1777903512,loop27,0.00,0.00,0.000,0.000,0.00
1777903512,loop28,0.00,0.00,0.000,0.000,0.00
1777903512,loop29,0.00,0.00,0.000,0.000,0.00
1777903512,loop3,0.00,0.00,0.000,0.000,0.00
1777903512,loop30,0.00,0.00,0.000,0.000,0.00
1777903512,loop31,0.00,0.00,0.000,0.000,0.00
1777903512,loop32,0.00,0.00,0.000,0.000,0.00
1777903512,loop33,0.00,0.00,0.000,0.000,0.00
1777903512,loop34,0.00,0.00,0.000,0.000,0.00
1777903512,loop35,0.00,0.00,0.000,0.000,0.00
1777903512,loop36,0.00,0.00,0.000,0.000,0.00
1777903512,loop37,0.00,0.00,0.000,0.000,0.00
1777903512,loop38,0.00,0.00,0.000,0.000,0.00
1777903512,loop39,0.00,0.00,0.000,0.000,0.00
1777903512,loop4,0.00,0.00,0.000,0.000,0.00
1777903512,loop40,0.00,0.00,0.000,0.000,0.00
1777903512,loop5,0.00,0.00,0.000,0.000,0.00
1777903512,loop6,0.00,0.00,0.000,0.000,0.00
1777903512,loop7,0.00,0.00,0.000,0.000,0.00
1777903512,loop8,0.00,0.00,0.000,0.000,0.00
1777903512,loop9,0.00,0.00,0.000,0.000,0.00
1777903512,nvme0n1,64.00,296.00,0.005,0.007,0.40
1777903513,loop0,0.00,0.00,0.000,0.000,0.00
1777903513,loop1,0.00,0.00,0.000,0.000,0.00
1777903513,loop10,0.00,0.00,0.000,0.000,0.00
1777903513,loop11,0.00,0.00,0.000,0.000,0.00
1777903513,loop12,43.00,1393.00,0.000,0.000,0.60
1777903513,loop13,0.00,0.00,0.000,0.000,0.00
1777903513,loop14,0.00,0.00,0.000,0.000,0.00
1777903513,loop15,0.00,0.00,0.000,0.000,0.00
1777903513,loop16,0.00,0.00,0.000,0.000,0.00
1777903513,loop17,0.00,0.00,0.000,0.000,0.00
1777903513,loop18,0.00,0.00,0.000,0.000,0.00
1777903513,loop19,0.00,0.00,0.000,0.000,0.00
1777903513,loop2,0.00,0.00,0.000,0.000,0.00
1777903513,loop20,3.00,13.00,0.000,0.000,0.00
1777903513,loop21,0.00,0.00,0.000,0.000,0.00
1777903513,loop22,6.00,81.00,0.000,0.000,0.10
1777903513,loop23,231.00,10525.00,0.000,0.000,2.40
1777903513,loop24,0.00,0.00,0.000,0.000,0.00
1777903513,loop25,0.00,0.00,0.000,0.000,0.00
1777903513,loop26,0.00,0.00,0.000,0.000,0.00
1777903513,loop27,0.00,0.00,0.000,0.000,0.00
1777903513,loop28,0.00,0.00,0.000,0.000,0.00
1777903513,loop29,0.00,0.00,0.000,0.000,0.00
1777903513,loop3,0.00,0.00,0.000,0.000,0.00
1777903513,loop30,0.00,0.00,0.000,0.000,0.00
1777903513,loop31,0.00,0.00,0.000,0.000,0.00
1777903513,loop32,0.00,0.00,0.000,0.000,0.00
1777903513,loop33,0.00,0.00,0.000,0.000,0.00
1777903513,loop34,0.00,0.00,0.000,0.000,0.00
1777903513,loop35,0.00,0.00,0.000,0.000,0.00
1777903513,loop36,0.00,0.00,0.000,0.000,0.00
1777903513,loop37,0.00,0.00,0.000,0.000,0.00
1777903513,loop38,8.00,16.00,0.000,0.000,0.10
1777903513,loop39,0.00,0.00,0.000,0.000,0.00
1777903513,loop4,0.00,0.00,0.000,0.000,0.00
1777903513,loop40,0.00,0.00,0.000,0.000,0.00
1777903513,loop5,0.00,0.00,0.000,0.000,0.00
1777903513,loop6,0.00,0.00,0.000,0.000,0.00
1777903513,loop7,0.00,0.00,0.000,0.000,0.00
1777903513,loop8,0.00,0.00,0.000,0.000,0.00
1777903513,loop9,0.00,0.00,0.000,0.000,0.00
1777903513,nvme0n1,431.00,12032.00,0.007,0.002,4.00
1777903514,loop0,0.00,0.00,0.000,0.000,0.00
1777903514,loop1,0.00,0.00,0.000,0.000,0.00
1777903514,loop10,0.00,0.00,0.000,0.000,0.00
1777903514,loop11,0.00,0.00,0.000,0.000,0.00
1777903514,loop12,36.00,987.00,0.000,0.000,0.50
1777903514,loop13,0.00,0.00,0.000,0.000,0.00
1777903514,loop14,0.00,0.00,0.000,0.000,0.00
1777903514,loop15,0.00,0.00,0.000,0.000,0.00
1777903514,loop16,0.00,0.00,0.000,0.000,0.00
1777903514,loop17,0.00,0.00,0.000,0.000,0.00
1777903514,loop18,0.00,0.00,0.000,0.000,0.00
1777903514,loop19,0.00,0.00,0.000,0.000,0.00
1777903514,loop2,0.00,0.00,0.000,0.000,0.00
1777903514,loop20,357.00,12260.00,0.000,0.000,2.80
1777903514,loop21,1.00,1.00,0.000,0.000,0.00
1777903514,loop22,31.00,729.00,0.000,0.000,0.30
1777903514,loop23,13.00,674.00,0.000,0.000,0.20
1777903514,loop24,0.00,0.00,0.000,0.000,0.00
1777903514,loop25,0.00,0.00,0.000,0.000,0.00
1777903514,loop26,0.00,0.00,0.000,0.000,0.00
1777903514,loop27,0.00,0.00,0.000,0.000,0.00
1777903514,loop28,0.00,0.00,0.000,0.000,0.00
1777903514,loop29,0.00,0.00,0.000,0.000,0.00
1777903514,loop3,0.00,0.00,0.000,0.000,0.00
1777903514,loop30,0.00,0.00,0.000,0.000,0.00
1777903514,loop31,0.00,0.00,0.000,0.000,0.00
1777903514,loop32,0.00,0.00,0.000,0.000,0.00
1777903514,loop33,0.00,0.00,0.000,0.000,0.00
1777903514,loop34,0.00,0.00,0.000,0.000,0.00
1777903514,loop35,0.00,0.00,0.000,0.000,0.00
1777903514,loop36,0.00,0.00,0.000,0.000,0.00
1777903514,loop37,0.00,0.00,0.000,0.000,0.00
1777903514,loop38,154.00,6171.00,0.000,0.000,1.00
1777903514,loop39,0.00,0.00,0.000,0.000,0.00
1777903514,loop4,0.00,0.00,0.000,0.000,0.00
1777903514,loop40,0.00,0.00,0.000,0.000,0.00
1777903514,loop5,0.00,0.00,0.000,0.000,0.00
1777903514,loop6,0.00,0.00,0.000,0.000,0.00
1777903514,loop7,0.00,0.00,0.000,0.000,0.00
1777903514,loop8,0.00,0.00,0.000,0.000,0.00
1777903514,loop9,0.00,0.00,0.000,0.000,0.00
1777903514,nvme0n1,663.00,20072.00,0.097,0.013,6.20
1777903515,loop0,0.00,0.00,0.000,0.000,0.00
1777903515,loop1,0.00,0.00,0.000,0.000,0.00
1777903515,loop10,0.00,0.00,0.000,0.000,0.00
1777903515,loop11,0.00,0.00,0.000,0.000,0.00
1777903515,loop12,0.00,0.00,0.000,0.000,0.00
1777903515,loop13,0.00,0.00,0.000,0.000,0.00
1777903515,loop14,0.00,0.00,0.000,0.000,0.00
1777903515,loop15,0.00,0.00,0.000,0.000,0.00
1777903515,loop16,0.00,0.00,0.000,0.000,0.00
1777903515,loop17,0.00,0.00,0.000,0.000,0.00
1777903515,loop18,0.00,0.00,0.000,0.000,0.00
1777903515,loop19,0.00,0.00,0.000,0.000,0.00
1777903515,loop2,0.00,0.00,0.000,0.000,0.00
1777903515,loop20,4.00,289.00,0.000,0.000,0.10
1777903515,loop21,0.00,0.00,0.000,0.000,0.00
1777903515,loop22,0.00,0.00,0.000,0.000,0.00
1777903515,loop23,0.00,0.00,0.000,0.000,0.00
1777903515,loop24,0.00,0.00,0.000,0.000,0.00
1777903515,loop25,0.00,0.00,0.000,0.000,0.00
1777903515,loop26,0.00,0.00,0.000,0.000,0.00
1777903515,loop27,0.00,0.00,0.000,0.000,0.00
1777903515,loop28,0.00,0.00,0.000,0.000,0.00
1777903515,loop29,0.00,0.00,0.000,0.000,0.00
1777903515,loop3,0.00,0.00,0.000,0.000,0.00
1777903515,loop30,0.00,0.00,0.000,0.000,0.00
1777903515,loop31,0.00,0.00,0.000,0.000,0.00
1777903515,loop32,0.00,0.00,0.000,0.000,0.00
1777903515,loop33,0.00,0.00,0.000,0.000,0.00
1777903515,loop34,0.00,0.00,0.000,0.000,0.00
1777903515,loop35,0.00,0.00,0.000,0.000,0.00
1777903515,loop36,0.00,0.00,0.000,0.000,0.00
1777903515,loop37,0.00,0.00,0.000,0.000,0.00
1777903515,loop38,0.00,0.00,0.000,0.000,0.00
1777903515,loop39,0.00,0.00,0.000,0.000,0.00
1777903515,loop4,0.00,0.00,0.000,0.000,0.00
1777903515,loop40,0.00,0.00,0.000,0.000,0.00
1777903515,loop5,0.00,0.00,0.000,0.000,0.00
1777903515,loop6,0.00,0.00,0.000,0.000,0.00
1777903515,loop7,0.00,0.00,0.000,0.000,0.00
1777903515,loop8,0.00,0.00,0.000,0.000,0.00
1777903515,loop9,0.00,0.00,0.000,0.000,0.00
1777903515,nvme0n1,97.00,504.00,0.013,0.012,0.90
1777903516,loop0,0.00,0.00,0.000,0.000,0.00
1777903516,loop1,0.00,0.00,0.000,0.000,0.00
1777903516,loop10,0.00,0.00,0.000,0.000,0.00
1777903516,loop11,0.00,0.00,0.000,0.000,0.00
1777903516,loop12,0.00,0.00,0.000,0.000,0.00
1777903516,loop13,0.00,0.00,0.000,0.000,0.00
1777903516,loop14,0.00,0.00,0.000,0.000,0.00
1777903516,loop15,0.00,0.00,0.000,0.000,0.00
1777903516,loop16,0.00,0.00,0.000,0.000,0.00
1777903516,loop17,0.00,0.00,0.000,0.000,0.00
1777903516,loop18,0.00,0.00,0.000,0.000,0.00
1777903516,loop19,0.00,0.00,0.000,0.000,0.00
1777903516,loop2,0.00,0.00,0.000,0.000,0.00
1777903516,loop20,4.00,220.00,0.000,0.000,0.20
1777903516,loop21,0.00,0.00,0.000,0.000,0.00
1777903516,loop22,0.00,0.00,0.000,0.000,0.00
1777903516,loop23,0.00,0.00,0.000,0.000,0.00
1777903516,loop24,0.00,0.00,0.000,0.000,0.00
1777903516,loop25,0.00,0.00,0.000,0.000,0.00
1777903516,loop26,0.00,0.00,0.000,0.000,0.00
1777903516,loop27,0.00,0.00,0.000,0.000,0.00
1777903516,loop28,0.00,0.00,0.000,0.000,0.00
1777903516,loop29,0.00,0.00,0.000,0.000,0.00
1777903516,loop3,0.00,0.00,0.000,0.000,0.00
1777903516,loop30,0.00,0.00,0.000,0.000,0.00
1777903516,loop31,0.00,0.00,0.000,0.000,0.00
1777903516,loop32,0.00,0.00,0.000,0.000,0.00
1777903516,loop33,0.00,0.00,0.000,0.000,0.00
1777903516,loop34,0.00,0.00,0.000,0.000,0.00
1777903516,loop35,0.00,0.00,0.000,0.000,0.00
1777903516,loop36,0.00,0.00,0.000,0.000,0.00
1777903516,loop37,0.00,0.00,0.000,0.000,0.00
1777903516,loop38,0.00,0.00,0.000,0.000,0.00
1777903516,loop39,0.00,0.00,0.000,0.000,0.00
1777903516,loop4,0.00,0.00,0.000,0.000,0.00
1777903516,loop40,0.00,0.00,0.000,0.000,0.00
1777903516,loop5,0.00,0.00,0.000,0.000,0.00
1777903516,loop6,0.00,0.00,0.000,0.000,0.00
1777903516,loop7,0.00,0.00,0.000,0.000,0.00
1777903516,loop8,0.00,0.00,0.000,0.000,0.00
1777903516,loop9,0.00,0.00,0.000,0.000,0.00
1777903516,nvme0n1,36.00,240.00,0.011,0.023,1.30
1777903517,loop0,0.00,0.00,0.000,0.000,0.00
1777903517,loop1,0.00,0.00,0.000,0.000,0.00
1777903517,loop10,0.00,0.00,0.000,0.000,0.00
1777903517,loop11,0.00,0.00,0.000,0.000,0.00
1777903517,loop12,0.00,0.00,0.000,0.000,0.00
1777903517,loop13,0.00,0.00,0.000,0.000,0.00
1777903517,loop14,0.00,0.00,0.000,0.000,0.00
1777903517,loop15,0.00,0.00,0.000,0.000,0.00
1777903517,loop16,0.00,0.00,0.000,0.000,0.00
1777903517,loop17,0.00,0.00,0.000,0.000,0.00
1777903517,loop18,0.00,0.00,0.000,0.000,0.00
1777903517,loop19,0.00,0.00,0.000,0.000,0.00
1777903517,loop2,0.00,0.00,0.000,0.000,0.00
1777903517,loop20,0.00,0.00,0.000,0.000,0.00
1777903517,loop21,0.00,0.00,0.000,0.000,0.00
1777903517,loop22,0.00,0.00,0.000,0.000,0.00
1777903517,loop23,0.00,0.00,0.000,0.000,0.00
1777903517,loop24,0.00,0.00,0.000,0.000,0.00
1777903517,loop25,0.00,0.00,0.000,0.000,0.00
1777903517,loop26,0.00,0.00,0.000,0.000,0.00
1777903517,loop27,0.00,0.00,0.000,0.000,0.00
1777903517,loop28,0.00,0.00,0.000,0.000,0.00
1777903517,loop29,0.00,0.00,0.000,0.000,0.00
1777903517,loop3,0.00,0.00,0.000,0.000,0.00
1777903517,loop30,0.00,0.00,0.000,0.000,0.00
1777903517,loop31,0.00,0.00,0.000,0.000,0.00
1777903517,loop32,0.00,0.00,0.000,0.000,0.00
1777903517,loop33,0.00,0.00,0.000,0.000,0.00
1777903517,loop34,0.00,0.00,0.000,0.000,0.00
1777903517,loop35,0.00,0.00,0.000,0.000,0.00
1777903517,loop36,0.00,0.00,0.000,0.000,0.00
1777903517,loop37,0.00,0.00,0.000,0.000,0.00
1777903517,loop38,0.00,0.00,0.000,0.000,0.00
1777903517,loop39,0.00,0.00,0.000,0.000,0.00
1777903517,loop4,0.00,0.00,0.000,0.000,0.00
1777903517,loop40,0.00,0.00,0.000,0.000,0.00
1777903517,loop5,0.00,0.00,0.000,0.000,0.00
1777903517,loop6,0.00,0.00,0.000,0.000,0.00
1777903517,loop7,0.00,0.00,0.000,0.000,0.00
1777903517,loop8,0.00,0.00,0.000,0.000,0.00
1777903517,loop9,0.00,0.00,0.000,0.000,0.00
1777903517,nvme0n1,0.00,0.00,0.000,0.000,0.60
1777903518,loop0,0.00,0.00,0.000,0.000,0.00
1777903518,loop1,0.00,0.00,0.000,0.000,0.00
1777903518,loop10,0.00,0.00,0.000,0.000,0.00
1777903518,loop11,0.00,0.00,0.000,0.000,0.00
1777903518,loop12,0.00,0.00,0.000,0.000,0.00
1777903518,loop13,0.00,0.00,0.000,0.000,0.00
1777903518,loop14,0.00,0.00,0.000,0.000,0.00
1777903518,loop15,0.00,0.00,0.000,0.000,0.00
1777903518,loop16,0.00,0.00,0.000,0.000,0.00
1777903518,loop17,0.00,0.00,0.000,0.000,0.00
1777903518,loop18,0.00,0.00,0.000,0.000,0.00
1777903518,loop19,0.00,0.00,0.000,0.000,0.00
1777903518,loop2,0.00,0.00,0.000,0.000,0.00
1777903518,loop20,0.00,0.00,0.000,0.000,0.00
1777903518,loop21,0.00,0.00,0.000,0.000,0.00
1777903518,loop22,0.00,0.00,0.000,0.000,0.00
1777903518,loop23,0.00,0.00,0.000,0.000,0.00
1777903518,loop24,0.00,0.00,0.000,0.000,0.00
1777903518,loop25,0.00,0.00,0.000,0.000,0.00
1777903518,loop26,0.00,0.00,0.000,0.000,0.00
1777903518,loop27,0.00,0.00,0.000,0.000,0.00
1777903518,loop28,0.00,0.00,0.000,0.000,0.00
1777903518,loop29,0.00,0.00,0.000,0.000,0.00
1777903518,loop3,0.00,0.00,0.000,0.000,0.00
1777903518,loop30,0.00,0.00,0.000,0.000,0.00
1777903518,loop31,0.00,0.00,0.000,0.000,0.00
1777903518,loop32,0.00,0.00,0.000,0.000,0.00
1777903518,loop33,0.00,0.00,0.000,0.000,0.00
1777903518,loop34,0.00,0.00,0.000,0.000,0.00
1777903518,loop35,0.00,0.00,0.000,0.000,0.00
1777903518,loop36,0.00,0.00,0.000,0.000,0.00
1777903518,loop37,0.00,0.00,0.000,0.000,0.00
1777903518,loop38,0.00,0.00,0.000,0.000,0.00
1777903518,loop39,0.00,0.00,0.000,0.000,0.00
1777903518,loop4,0.00,0.00,0.000,0.000,0.00
1777903518,loop40,0.00,0.00,0.000,0.000,0.00
1777903518,loop5,0.00,0.00,0.000,0.000,0.00
1777903518,loop6,0.00,0.00,0.000,0.000,0.00
1777903518,loop7,0.00,0.00,0.000,0.000,0.00
1777903518,loop8,0.00,0.00,0.000,0.000,0.00
1777903518,loop9,0.00,0.00,0.000,0.000,0.00
1777903518,nvme0n1,124.00,664.00,0.041,0.025,1.00
1777903519,loop0,0.00,0.00,0.000,0.000,0.00
1777903519,loop1,0.00,0.00,0.000,0.000,0.00
1777903519,loop10,0.00,0.00,0.000,0.000,0.00
1777903519,loop11,0.00,0.00,0.000,0.000,0.00
1777903519,loop12,0.00,0.00,0.000,0.000,0.00
1777903519,loop13,0.00,0.00,0.000,0.000,0.00
1777903519,loop14,0.00,0.00,0.000,0.000,0.00
1777903519,loop15,0.00,0.00,0.000,0.000,0.00
1777903519,loop16,0.00,0.00,0.000,0.000,0.00
1777903519,loop17,0.00,0.00,0.000,0.000,0.00
1777903519,loop18,0.00,0.00,0.000,0.000,0.00
1777903519,loop19,0.00,0.00,0.000,0.000,0.00
1777903519,loop2,0.00,0.00,0.000,0.000,0.00
1777903519,loop20,0.00,0.00,0.000,0.000,0.00
1777903519,loop21,0.00,0.00,0.000,0.000,0.00
1777903519,loop22,0.00,0.00,0.000,0.000,0.00
1777903519,loop23,0.00,0.00,0.000,0.000,0.00
1777903519,loop24,0.00,0.00,0.000,0.000,0.00
1777903519,loop25,0.00,0.00,0.000,0.000,0.00
1777903519,loop26,0.00,0.00,0.000,0.000,0.00
1777903519,loop27,0.00,0.00,0.000,0.000,0.00
1777903519,loop28,0.00,0.00,0.000,0.000,0.00
1777903519,loop29,0.00,0.00,0.000,0.000,0.00
1777903519,loop3,0.00,0.00,0.000,0.000,0.00
1777903519,loop30,0.00,0.00,0.000,0.000,0.00
1777903519,loop31,0.00,0.00,0.000,0.000,0.00
1777903519,loop32,0.00,0.00,0.000,0.000,0.00
1777903519,loop33,0.00,0.00,0.000,0.000,0.00
1777903519,loop34,0.00,0.00,0.000,0.000,0.00
1777903519,loop35,0.00,0.00,0.000,0.000,0.00
1777903519,loop36,0.00,0.00,0.000,0.000,0.00
1777903519,loop37,0.00,0.00,0.000,0.000,0.00
1777903519,loop38,0.00,0.00,0.000,0.000,0.00
1777903519,loop39,0.00,0.00,0.000,0.000,0.00
1777903519,loop4,0.00,0.00,0.000,0.000,0.00
1777903519,loop40,0.00,0.00,0.000,0.000,0.00
1777903519,loop5,0.00,0.00,0.000,0.000,0.00
1777903519,loop6,0.00,0.00,0.000,0.000,0.00
1777903519,loop7,0.00,0.00,0.000,0.000,0.00
1777903519,loop8,0.00,0.00,0.000,0.000,0.00
1777903519,loop9,0.00,0.00,0.000,0.000,0.00
1777903519,nvme0n1,3.00,12.00,0.000,0.000,1.00
1777903520,loop0,0.00,0.00,0.000,0.000,0.00
1777903520,loop1,0.00,0.00,0.000,0.000,0.00
1777903520,loop10,0.00,0.00,0.000,0.000,0.00
1777903520,loop11,0.00,0.00,0.000,0.000,0.00
1777903520,loop12,0.00,0.00,0.000,0.000,0.00
1777903520,loop13,0.00,0.00,0.000,0.000,0.00
1777903520,loop14,0.00,0.00,0.000,0.000,0.00
1777903520,loop15,0.00,0.00,0.000,0.000,0.00
1777903520,loop16,0.00,0.00,0.000,0.000,0.00
1777903520,loop17,0.00,0.00,0.000,0.000,0.00
1777903520,loop18,0.00,0.00,0.000,0.000,0.00
1777903520,loop19,0.00,0.00,0.000,0.000,0.00
1777903520,loop2,0.00,0.00,0.000,0.000,0.00
1777903520,loop20,0.00,0.00,0.000,0.000,0.00
1777903520,loop21,0.00,0.00,0.000,0.000,0.00
1777903520,loop22,0.00,0.00,0.000,0.000,0.00
1777903520,loop23,0.00,0.00,0.000,0.000,0.00
1777903520,loop24,0.00,0.00,0.000,0.000,0.00
1777903520,loop25,0.00,0.00,0.000,0.000,0.00
1777903520,loop26,0.00,0.00,0.000,0.000,0.00
1777903520,loop27,0.00,0.00,0.000,0.000,0.00
1777903520,loop28,0.00,0.00,0.000,0.000,0.00
1777903520,loop29,0.00,0.00,0.000,0.000,0.00
1777903520,loop3,0.00,0.00,0.000,0.000,0.00
1777903520,loop30,0.00,0.00,0.000,0.000,0.00
1777903520,loop31,0.00,0.00,0.000,0.000,0.00
1777903520,loop32,0.00,0.00,0.000,0.000,0.00
1777903520,loop33,0.00,0.00,0.000,0.000,0.00
1777903520,loop34,0.00,0.00,0.000,0.000,0.00
1777903520,loop35,0.00,0.00,0.000,0.000,0.00
1777903520,loop36,0.00,0.00,0.000,0.000,0.00
1777903520,loop37,0.00,0.00,0.000,0.000,0.00
1777903520,loop38,0.00,0.00,0.000,0.000,0.00
1777903520,loop39,0.00,0.00,0.000,0.000,0.00
1777903520,loop4,0.00,0.00,0.000,0.000,0.00
1777903520,loop40,0.00,0.00,0.000,0.000,0.00
1777903520,loop5,0.00,0.00,0.000,0.000,0.00
1777903520,loop6,0.00,0.00,0.000,0.000,0.00
1777903520,loop7,0.00,0.00,0.000,0.000,0.00
1777903520,loop8,0.00,0.00,0.000,0.000,0.00
1777903520,loop9,0.00,0.00,0.000,0.000,0.00
1777903520,nvme0n1,0.00,0.00,0.000,0.000,1.20
1777903521,loop0,0.00,0.00,0.000,0.000,0.00
1777903521,loop1,0.00,0.00,0.000,0.000,0.00
1777903521,loop10,0.00,0.00,0.000,0.000,0.00
1777903521,loop11,0.00,0.00,0.000,0.000,0.00
1777903521,loop12,0.00,0.00,0.000,0.000,0.00
1777903521,loop13,0.00,0.00,0.000,0.000,0.00
1777903521,loop14,0.00,0.00,0.000,0.000,0.00
1777903521,loop15,0.00,0.00,0.000,0.000,0.00
1777903521,loop16,0.00,0.00,0.000,0.000,0.00
1777903521,loop17,0.00,0.00,0.000,0.000,0.00
1777903521,loop18,0.00,0.00,0.000,0.000,0.00
1777903521,loop19,0.00,0.00,0.000,0.000,0.00
1777903521,loop2,0.00,0.00,0.000,0.000,0.00
1777903521,loop20,0.00,0.00,0.000,0.000,0.00
1777903521,loop21,0.00,0.00,0.000,0.000,0.00
1777903521,loop22,0.00,0.00,0.000,0.000,0.00
1777903521,loop23,0.00,0.00,0.000,0.000,0.00
1777903521,loop24,0.00,0.00,0.000,0.000,0.00
1777903521,loop25,0.00,0.00,0.000,0.000,0.00
1777903521,loop26,0.00,0.00,0.000,0.000,0.00
1777903521,loop27,0.00,0.00,0.000,0.000,0.00
1777903521,loop28,0.00,0.00,0.000,0.000,0.00
1777903521,loop29,0.00,0.00,0.000,0.000,0.00
1777903521,loop3,0.00,0.00,0.000,0.000,0.00
1777903521,loop30,0.00,0.00,0.000,0.000,0.00
1777903521,loop31,0.00,0.00,0.000,0.000,0.00
1777903521,loop32,0.00,0.00,0.000,0.000,0.00
1777903521,loop33,0.00,0.00,0.000,0.000,0.00
1777903521,loop34,0.00,0.00,0.000,0.000,0.00
1777903521,loop35,0.00,0.00,0.000,0.000,0.00
1777903521,loop36,0.00,0.00,0.000,0.000,0.00
1777903521,loop37,0.00,0.00,0.000,0.000,0.00
1777903521,loop38,0.00,0.00,0.000,0.000,0.00
1777903521,loop39,0.00,0.00,0.000,0.000,0.00
1777903521,loop4,0.00,0.00,0.000,0.000,0.00
1777903521,loop40,0.00,0.00,0.000,0.000,0.00
1777903521,loop5,0.00,0.00,0.000,0.000,0.00
1777903521,loop6,0.00,0.00,0.000,0.000,0.00
1777903521,loop7,0.00,0.00,0.000,0.000,0.00
1777903521,loop8,0.00,0.00,0.000,0.000,0.00
1777903521,loop9,0.00,0.00,0.000,0.000,0.00
1777903521,nvme0n1,1.00,4.00,0.000,0.000,0.10
1777903522,loop0,0.00,0.00,0.000,0.000,0.00
1777903522,loop1,0.00,0.00,0.000,0.000,0.00
1777903522,loop10,0.00,0.00,0.000,0.000,0.00
1777903522,loop11,0.00,0.00,0.000,0.000,0.00
1777903522,loop12,0.00,0.00,0.000,0.000,0.00
1777903522,loop13,0.00,0.00,0.000,0.000,0.00
1777903522,loop14,0.00,0.00,0.000,0.000,0.00
1777903522,loop15,0.00,0.00,0.000,0.000,0.00
1777903522,loop16,0.00,0.00,0.000,0.000,0.00
1777903522,loop17,0.00,0.00,0.000,0.000,0.00
1777903522,loop18,0.00,0.00,0.000,0.000,0.00
1777903522,loop19,0.00,0.00,0.000,0.000,0.00
1777903522,loop2,0.00,0.00,0.000,0.000,0.00
1777903522,loop20,0.00,0.00,0.000,0.000,0.00
1777903522,loop21,0.00,0.00,0.000,0.000,0.00
1777903522,loop22,0.00,0.00,0.000,0.000,0.00
1777903522,loop23,0.00,0.00,0.000,0.000,0.00
1777903522,loop24,0.00,0.00,0.000,0.000,0.00
1777903522,loop25,0.00,0.00,0.000,0.000,0.00
1777903522,loop26,0.00,0.00,0.000,0.000,0.00
1777903522,loop27,0.00,0.00,0.000,0.000,0.00
1777903522,loop28,0.00,0.00,0.000,0.000,0.00
1777903522,loop29,0.00,0.00,0.000,0.000,0.00
1777903522,loop3,0.00,0.00,0.000,0.000,0.00
1777903522,loop30,0.00,0.00,0.000,0.000,0.00
1777903522,loop31,0.00,0.00,0.000,0.000,0.00
1777903522,loop32,0.00,0.00,0.000,0.000,0.00
1777903522,loop33,0.00,0.00,0.000,0.000,0.00
1777903522,loop34,0.00,0.00,0.000,0.000,0.00
1777903522,loop35,0.00,0.00,0.000,0.000,0.00
1777903522,loop36,0.00,0.00,0.000,0.000,0.00
1777903522,loop37,0.00,0.00,0.000,0.000,0.00
1777903522,loop38,0.00,0.00,0.000,0.000,0.00
1777903522,loop39,0.00,0.00,0.000,0.000,0.00
1777903522,loop4,0.00,0.00,0.000,0.000,0.00
1777903522,loop40,0.00,0.00,0.000,0.000,0.00
1777903522,loop5,0.00,0.00,0.000,0.000,0.00
1777903522,loop6,0.00,0.00,0.000,0.000,0.00
1777903522,loop7,0.00,0.00,0.000,0.000,0.00
1777903522,loop8,0.00,0.00,0.000,0.000,0.00
1777903522,loop9,0.00,0.00,0.000,0.000,0.00
1777903522,nvme0n1,208.00,868.00,0.009,0.004,2.10
1777903523,loop0,0.00,0.00,0.000,0.000,0.00
1777903523,loop1,0.00,0.00,0.000,0.000,0.00
1777903523,loop10,0.00,0.00,0.000,0.000,0.00
1777903523,loop11,0.00,0.00,0.000,0.000,0.00
1777903523,loop12,0.00,0.00,0.000,0.000,0.00
1777903523,loop13,0.00,0.00,0.000,0.000,0.00
1777903523,loop14,0.00,0.00,0.000,0.000,0.00
1777903523,loop15,0.00,0.00,0.000,0.000,0.00
1777903523,loop16,0.00,0.00,0.000,0.000,0.00
1777903523,loop17,0.00,0.00,0.000,0.000,0.00
1777903523,loop18,0.00,0.00,0.000,0.000,0.00
1777903523,loop19,0.00,0.00,0.000,0.000,0.00
1777903523,loop2,0.00,0.00,0.000,0.000,0.00
1777903523,loop20,0.00,0.00,0.000,0.000,0.00
1777903523,loop21,0.00,0.00,0.000,0.000,0.00
1777903523,loop22,0.00,0.00,0.000,0.000,0.00
1777903523,loop23,0.00,0.00,0.000,0.000,0.00
1777903523,loop24,0.00,0.00,0.000,0.000,0.00
1777903523,loop25,0.00,0.00,0.000,0.000,0.00
1777903523,loop26,0.00,0.00,0.000,0.000,0.00
1777903523,loop27,0.00,0.00,0.000,0.000,0.00
1777903523,loop28,0.00,0.00,0.000,0.000,0.00
1777903523,loop29,0.00,0.00,0.000,0.000,0.00
1777903523,loop3,0.00,0.00,0.000,0.000,0.00
1777903523,loop30,0.00,0.00,0.000,0.000,0.00
1777903523,loop31,0.00,0.00,0.000,0.000,0.00
1777903523,loop32,0.00,0.00,0.000,0.000,0.00
1777903523,loop33,0.00,0.00,0.000,0.000,0.00
1777903523,loop34,0.00,0.00,0.000,0.000,0.00
1777903523,loop35,0.00,0.00,0.000,0.000,0.00
1777903523,loop36,0.00,0.00,0.000,0.000,0.00
1777903523,loop37,0.00,0.00,0.000,0.000,0.00
1777903523,loop38,0.00,0.00,0.000,0.000,0.00
1777903523,loop39,0.00,0.00,0.000,0.000,0.00
1777903523,loop4,0.00,0.00,0.000,0.000,0.00
1777903523,loop40,0.00,0.00,0.000,0.000,0.00
1777903523,loop5,0.00,0.00,0.000,0.000,0.00
1777903523,loop6,0.00,0.00,0.000,0.000,0.00
1777903523,loop7,0.00,0.00,0.000,0.000,0.00
1777903523,loop8,0.00,0.00,0.000,0.000,0.00
1777903523,loop9,0.00,0.00,0.000,0.000,0.00
1777903523,nvme0n1,30.00,200.00,0.008,0.021,0.50
1777903524,loop0,0.00,0.00,0.000,0.000,0.00
1777903524,loop1,0.00,0.00,0.000,0.000,0.00
1777903524,loop10,0.00,0.00,0.000,0.000,0.00
1777903524,loop11,0.00,0.00,0.000,0.000,0.00
1777903524,loop12,0.00,0.00,0.000,0.000,0.00
1777903524,loop13,0.00,0.00,0.000,0.000,0.00
1777903524,loop14,0.00,0.00,0.000,0.000,0.00
1777903524,loop15,0.00,0.00,0.000,0.000,0.00
1777903524,loop16,0.00,0.00,0.000,0.000,0.00
1777903524,loop17,0.00,0.00,0.000,0.000,0.00
1777903524,loop18,0.00,0.00,0.000,0.000,0.00
1777903524,loop19,0.00,0.00,0.000,0.000,0.00
1777903524,loop2,0.00,0.00,0.000,0.000,0.00
1777903524,loop20,0.00,0.00,0.000,0.000,0.00
1777903524,loop21,0.00,0.00,0.000,0.000,0.00
1777903524,loop22,0.00,0.00,0.000,0.000,0.00
1777903524,loop23,0.00,0.00,0.000,0.000,0.00
1777903524,loop24,0.00,0.00,0.000,0.000,0.00
1777903524,loop25,0.00,0.00,0.000,0.000,0.00
1777903524,loop26,0.00,0.00,0.000,0.000,0.00
1777903524,loop27,0.00,0.00,0.000,0.000,0.00
1777903524,loop28,0.00,0.00,0.000,0.000,0.00
1777903524,loop29,0.00,0.00,0.000,0.000,0.00
1777903524,loop3,0.00,0.00,0.000,0.000,0.00
1777903524,loop30,0.00,0.00,0.000,0.000,0.00
1777903524,loop31,0.00,0.00,0.000,0.000,0.00
1777903524,loop32,0.00,0.00,0.000,0.000,0.00
1777903524,loop33,0.00,0.00,0.000,0.000,0.00
1777903524,loop34,0.00,0.00,0.000,0.000,0.00
1777903524,loop35,0.00,0.00,0.000,0.000,0.00
1777903524,loop36,0.00,0.00,0.000,0.000,0.00
1777903524,loop37,0.00,0.00,0.000,0.000,0.00
1777903524,loop38,0.00,0.00,0.000,0.000,0.00
1777903524,loop39,0.00,0.00,0.000,0.000,0.00
1777903524,loop4,0.00,0.00,0.000,0.000,0.00
1777903524,loop40,0.00,0.00,0.000,0.000,0.00
1777903524,loop5,0.00,0.00,0.000,0.000,0.00
1777903524,loop6,0.00,0.00,0.000,0.000,0.00
1777903524,loop7,0.00,0.00,0.000,0.000,0.00
1777903524,loop8,0.00,0.00,0.000,0.000,0.00
1777903524,loop9,0.00,0.00,0.000,0.000,0.00
1777903524,nvme0n1,31.00,744.00,0.001,0.003,1.10
1777903525,loop0,0.00,0.00,0.000,0.000,0.00
1777903525,loop1,0.00,0.00,0.000,0.000,0.00
1777903525,loop10,0.00,0.00,0.000,0.000,0.00
1777903525,loop11,0.00,0.00,0.000,0.000,0.00
1777903525,loop12,0.00,0.00,0.000,0.000,0.00
1777903525,loop13,0.00,0.00,0.000,0.000,0.00
1777903525,loop14,0.00,0.00,0.000,0.000,0.00
1777903525,loop15,0.00,0.00,0.000,0.000,0.00
1777903525,loop16,0.00,0.00,0.000,0.000,0.00
1777903525,loop17,0.00,0.00,0.000,0.000,0.00
1777903525,loop18,0.00,0.00,0.000,0.000,0.00
1777903525,loop19,0.00,0.00,0.000,0.000,0.00
1777903525,loop2,0.00,0.00,0.000,0.000,0.00
1777903525,loop20,0.00,0.00,0.000,0.000,0.00
1777903525,loop21,0.00,0.00,0.000,0.000,0.00
1777903525,loop22,0.00,0.00,0.000,0.000,0.00
1777903525,loop23,0.00,0.00,0.000,0.000,0.00
1777903525,loop24,0.00,0.00,0.000,0.000,0.00
1777903525,loop25,0.00,0.00,0.000,0.000,0.00
1777903525,loop26,0.00,0.00,0.000,0.000,0.00
1777903525,loop27,0.00,0.00,0.000,0.000,0.00
1777903525,loop28,0.00,0.00,0.000,0.000,0.00
1777903525,loop29,0.00,0.00,0.000,0.000,0.00
1777903525,loop3,0.00,0.00,0.000,0.000,0.00
1777903525,loop30,0.00,0.00,0.000,0.000,0.00
1777903525,loop31,0.00,0.00,0.000,0.000,0.00
1777903525,loop32,0.00,0.00,0.000,0.000,0.00
1777903525,loop33,0.00,0.00,0.000,0.000,0.00
1777903525,loop34,0.00,0.00,0.000,0.000,0.00
1777903525,loop35,0.00,0.00,0.000,0.000,0.00
1777903525,loop36,0.00,0.00,0.000,0.000,0.00
1777903525,loop37,0.00,0.00,0.000,0.000,0.00
1777903525,loop38,0.00,0.00,0.000,0.000,0.00
1777903525,loop39,0.00,0.00,0.000,0.000,0.00
1777903525,loop4,0.00,0.00,0.000,0.000,0.00
1777903525,loop40,0.00,0.00,0.000,0.000,0.00
1777903525,loop5,0.00,0.00,0.000,0.000,0.00
1777903525,loop6,0.00,0.00,0.000,0.000,0.00
1777903525,loop7,0.00,0.00,0.000,0.000,0.00
1777903525,loop8,0.00,0.00,0.000,0.000,0.00
1777903525,loop9,0.00,0.00,0.000,0.000,0.00
1777903525,nvme0n1,6.00,24.00,0.000,0.000,0.30
1777903526,loop0,0.00,0.00,0.000,0.000,0.00
1777903526,loop1,0.00,0.00,0.000,0.000,0.00
1777903526,loop10,0.00,0.00,0.000,0.000,0.00
1777903526,loop11,0.00,0.00,0.000,0.000,0.00
1777903526,loop12,0.00,0.00,0.000,0.000,0.00
1777903526,loop13,0.00,0.00,0.000,0.000,0.00
1777903526,loop14,0.00,0.00,0.000,0.000,0.00
1777903526,loop15,0.00,0.00,0.000,0.000,0.00
1777903526,loop16,0.00,0.00,0.000,0.000,0.00
1777903526,loop17,0.00,0.00,0.000,0.000,0.00
1777903526,loop18,0.00,0.00,0.000,0.000,0.00
1777903526,loop19,0.00,0.00,0.000,0.000,0.00
1777903526,loop2,0.00,0.00,0.000,0.000,0.00
1777903526,loop20,0.00,0.00,0.000,0.000,0.00
1777903526,loop21,0.00,0.00,0.000,0.000,0.00
1777903526,loop22,0.00,0.00,0.000,0.000,0.00
1777903526,loop23,0.00,0.00,0.000,0.000,0.00
1777903526,loop24,0.00,0.00,0.000,0.000,0.00
1777903526,loop25,0.00,0.00,0.000,0.000,0.00
1777903526,loop26,0.00,0.00,0.000,0.000,0.00
1777903526,loop27,0.00,0.00,0.000,0.000,0.00
1777903526,loop28,0.00,0.00,0.000,0.000,0.00
1777903526,loop29,0.00,0.00,0.000,0.000,0.00
1777903526,loop3,0.00,0.00,0.000,0.000,0.00
1777903526,loop30,0.00,0.00,0.000,0.000,0.00
1777903526,loop31,0.00,0.00,0.000,0.000,0.00
1777903526,loop32,0.00,0.00,0.000,0.000,0.00
1777903526,loop33,0.00,0.00,0.000,0.000,0.00
1777903526,loop34,0.00,0.00,0.000,0.000,0.00
1777903526,loop35,0.00,0.00,0.000,0.000,0.00
1777903526,loop36,0.00,0.00,0.000,0.000,0.00
1777903526,loop37,0.00,0.00,0.000,0.000,0.00
1777903526,loop38,0.00,0.00,0.000,0.000,0.00
1777903526,loop39,0.00,0.00,0.000,0.000,0.00
1777903526,loop4,0.00,0.00,0.000,0.000,0.00
1777903526,loop40,0.00,0.00,0.000,0.000,0.00
1777903526,loop5,0.00,0.00,0.000,0.000,0.00
1777903526,loop6,0.00,0.00,0.000,0.000,0.00
1777903526,loop7,0.00,0.00,0.000,0.000,0.00
1777903526,loop8,0.00,0.00,0.000,0.000,0.00
1777903526,loop9,0.00,0.00,0.000,0.000,0.00
1777903526,nvme0n1,31.00,180.00,0.014,0.030,0.20
1777903527,loop0,0.00,0.00,0.000,0.000,0.00
1777903527,loop1,0.00,0.00,0.000,0.000,0.00
1777903527,loop10,0.00,0.00,0.000,0.000,0.00
1777903527,loop11,0.00,0.00,0.000,0.000,0.00
1777903527,loop12,0.00,0.00,0.000,0.000,0.00
1777903527,loop13,0.00,0.00,0.000,0.000,0.00
1777903527,loop14,0.00,0.00,0.000,0.000,0.00
1777903527,loop15,0.00,0.00,0.000,0.000,0.00
1777903527,loop16,0.00,0.00,0.000,0.000,0.00
1777903527,loop17,0.00,0.00,0.000,0.000,0.00
1777903527,loop18,0.00,0.00,0.000,0.000,0.00
1777903527,loop19,0.00,0.00,0.000,0.000,0.00
1777903527,loop2,0.00,0.00,0.000,0.000,0.00
1777903527,loop20,0.00,0.00,0.000,0.000,0.00
1777903527,loop21,0.00,0.00,0.000,0.000,0.00
1777903527,loop22,0.00,0.00,0.000,0.000,0.00
1777903527,loop23,0.00,0.00,0.000,0.000,0.00
1777903527,loop24,0.00,0.00,0.000,0.000,0.00
1777903527,loop25,0.00,0.00,0.000,0.000,0.00
1777903527,loop26,0.00,0.00,0.000,0.000,0.00
1777903527,loop27,0.00,0.00,0.000,0.000,0.00
1777903527,loop28,0.00,0.00,0.000,0.000,0.00
1777903527,loop29,0.00,0.00,0.000,0.000,0.00
1777903527,loop3,0.00,0.00,0.000,0.000,0.00
1777903527,loop30,0.00,0.00,0.000,0.000,0.00
1777903527,loop31,0.00,0.00,0.000,0.000,0.00
1777903527,loop32,0.00,0.00,0.000,0.000,0.00
1777903527,loop33,0.00,0.00,0.000,0.000,0.00
1777903527,loop34,0.00,0.00,0.000,0.000,0.00
1777903527,loop35,0.00,0.00,0.000,0.000,0.00
1777903527,loop36,0.00,0.00,0.000,0.000,0.00
1777903527,loop37,0.00,0.00,0.000,0.000,0.00
1777903527,loop38,0.00,0.00,0.000,0.000,0.00
1777903527,loop39,0.00,0.00,0.000,0.000,0.00
1777903527,loop4,0.00,0.00,0.000,0.000,0.00
1777903527,loop40,0.00,0.00,0.000,0.000,0.00
1777903527,loop5,0.00,0.00,0.000,0.000,0.00
1777903527,loop6,0.00,0.00,0.000,0.000,0.00
1777903527,loop7,0.00,0.00,0.000,0.000,0.00
1777903527,loop8,0.00,0.00,0.000,0.000,0.00
1777903527,loop9,0.00,0.00,0.000,0.000,0.00
1777903527,nvme0n1,2.00,36.00,0.000,0.000,1.50
1777903528,loop0,0.00,0.00,0.000,0.000,0.00
1777903528,loop1,0.00,0.00,0.000,0.000,0.00
1777903528,loop10,0.00,0.00,0.000,0.000,0.00
1777903528,loop11,0.00,0.00,0.000,0.000,0.00
1777903528,loop12,0.00,0.00,0.000,0.000,0.00
1777903528,loop13,0.00,0.00,0.000,0.000,0.00
1777903528,loop14,0.00,0.00,0.000,0.000,0.00
1777903528,loop15,0.00,0.00,0.000,0.000,0.00
1777903528,loop16,0.00,0.00,0.000,0.000,0.00
1777903528,loop17,0.00,0.00,0.000,0.000,0.00
1777903528,loop18,0.00,0.00,0.000,0.000,0.00
1777903528,loop19,0.00,0.00,0.000,0.000,0.00
1777903528,loop2,0.00,0.00,0.000,0.000,0.00
1777903528,loop20,0.00,0.00,0.000,0.000,0.00
1777903528,loop21,0.00,0.00,0.000,0.000,0.00
1777903528,loop22,0.00,0.00,0.000,0.000,0.00
1777903528,loop23,0.00,0.00,0.000,0.000,0.00
1777903528,loop24,0.00,0.00,0.000,0.000,0.00
1777903528,loop25,0.00,0.00,0.000,0.000,0.00
1777903528,loop26,0.00,0.00,0.000,0.000,0.00
1777903528,loop27,0.00,0.00,0.000,0.000,0.00
1777903528,loop28,0.00,0.00,0.000,0.000,0.00
1777903528,loop29,0.00,0.00,0.000,0.000,0.00
1777903528,loop3,0.00,0.00,0.000,0.000,0.00
1777903528,loop30,0.00,0.00,0.000,0.000,0.00
1777903528,loop31,0.00,0.00,0.000,0.000,0.00
1777903528,loop32,0.00,0.00,0.000,0.000,0.00
1777903528,loop33,0.00,0.00,0.000,0.000,0.00
1777903528,loop34,0.00,0.00,0.000,0.000,0.00
1777903528,loop35,0.00,0.00,0.000,0.000,0.00
1777903528,loop36,0.00,0.00,0.000,0.000,0.00
1777903528,loop37,0.00,0.00,0.000,0.000,0.00
1777903528,loop38,0.00,0.00,0.000,0.000,0.00
1777903528,loop39,0.00,0.00,0.000,0.000,0.00
1777903528,loop4,0.00,0.00,0.000,0.000,0.00
1777903528,loop40,0.00,0.00,0.000,0.000,0.00
1777903528,loop5,0.00,0.00,0.000,0.000,0.00
1777903528,loop6,0.00,0.00,0.000,0.000,0.00
1777903528,loop7,0.00,0.00,0.000,0.000,0.00
1777903528,loop8,0.00,0.00,0.000,0.000,0.00
1777903528,loop9,0.00,0.00,0.000,0.000,0.00
1777903528,nvme0n1,92.00,640.00,0.016,0.014,1.50
1777903529,loop0,0.00,0.00,0.000,0.000,0.00
1777903529,loop1,0.00,0.00,0.000,0.000,0.00
1777903529,loop10,0.00,0.00,0.000,0.000,0.00
1777903529,loop11,0.00,0.00,0.000,0.000,0.00
1777903529,loop12,0.00,0.00,0.000,0.000,0.00
1777903529,loop13,0.00,0.00,0.000,0.000,0.00
1777903529,loop14,0.00,0.00,0.000,0.000,0.00
1777903529,loop15,0.00,0.00,0.000,0.000,0.00
1777903529,loop16,0.00,0.00,0.000,0.000,0.00
1777903529,loop17,0.00,0.00,0.000,0.000,0.00
1777903529,loop18,0.00,0.00,0.000,0.000,0.00
1777903529,loop19,0.00,0.00,0.000,0.000,0.00
1777903529,loop2,0.00,0.00,0.000,0.000,0.00
1777903529,loop20,0.00,0.00,0.000,0.000,0.00
1777903529,loop21,0.00,0.00,0.000,0.000,0.00
1777903529,loop22,0.00,0.00,0.000,0.000,0.00
1777903529,loop23,0.00,0.00,0.000,0.000,0.00
1777903529,loop24,0.00,0.00,0.000,0.000,0.00
1777903529,loop25,0.00,0.00,0.000,0.000,0.00
1777903529,loop26,0.00,0.00,0.000,0.000,0.00
1777903529,loop27,0.00,0.00,0.000,0.000,0.00
1777903529,loop28,0.00,0.00,0.000,0.000,0.00
1777903529,loop29,0.00,0.00,0.000,0.000,0.00
1777903529,loop3,0.00,0.00,0.000,0.000,0.00
1777903529,loop30,0.00,0.00,0.000,0.000,0.00
1777903529,loop31,0.00,0.00,0.000,0.000,0.00
1777903529,loop32,0.00,0.00,0.000,0.000,0.00
1777903529,loop33,0.00,0.00,0.000,0.000,0.00
1777903529,loop34,0.00,0.00,0.000,0.000,0.00
1777903529,loop35,0.00,0.00,0.000,0.000,0.00
1777903529,loop36,0.00,0.00,0.000,0.000,0.00
1777903529,loop37,0.00,0.00,0.000,0.000,0.00
1777903529,loop38,0.00,0.00,0.000,0.000,0.00
1777903529,loop39,0.00,0.00,0.000,0.000,0.00
1777903529,loop4,0.00,0.00,0.000,0.000,0.00
1777903529,loop40,0.00,0.00,0.000,0.000,0.00
1777903529,loop5,0.00,0.00,0.000,0.000,0.00
1777903529,loop6,0.00,0.00,0.000,0.000,0.00
1777903529,loop7,0.00,0.00,0.000,0.000,0.00
1777903529,loop8,0.00,0.00,0.000,0.000,0.00
1777903529,loop9,0.00,0.00,0.000,0.000,0.00
1777903529,nvme0n1,108.00,552.00,0.016,0.013,1.70
1777903530,loop0,0.00,0.00,0.000,0.000,0.00
1777903530,loop1,0.00,0.00,0.000,0.000,0.00
1777903530,loop10,0.00,0.00,0.000,0.000,0.00
1777903530,loop11,0.00,0.00,0.000,0.000,0.00
1777903530,loop12,0.00,0.00,0.000,0.000,0.00
1777903530,loop13,0.00,0.00,0.000,0.000,0.00
1777903530,loop14,0.00,0.00,0.000,0.000,0.00
1777903530,loop15,0.00,0.00,0.000,0.000,0.00
1777903530,loop16,0.00,0.00,0.000,0.000,0.00
1777903530,loop17,0.00,0.00,0.000,0.000,0.00
1777903530,loop18,0.00,0.00,0.000,0.000,0.00
1777903530,loop19,0.00,0.00,0.000,0.000,0.00
1777903530,loop2,0.00,0.00,0.000,0.000,0.00
1777903530,loop20,3.00,90.00,0.000,0.000,0.00
1777903530,loop21,0.00,0.00,0.000,0.000,0.00
1777903530,loop22,0.00,0.00,0.000,0.000,0.00
1777903530,loop23,0.00,0.00,0.000,0.000,0.00
1777903530,loop24,0.00,0.00,0.000,0.000,0.00
1777903530,loop25,0.00,0.00,0.000,0.000,0.00
1777903530,loop26,0.00,0.00,0.000,0.000,0.00
1777903530,loop27,0.00,0.00,0.000,0.000,0.00
1777903530,loop28,0.00,0.00,0.000,0.000,0.00
1777903530,loop29,0.00,0.00,0.000,0.000,0.00
1777903530,loop3,0.00,0.00,0.000,0.000,0.00
1777903530,loop30,0.00,0.00,0.000,0.000,0.00
1777903530,loop31,0.00,0.00,0.000,0.000,0.00
1777903530,loop32,0.00,0.00,0.000,0.000,0.00
1777903530,loop33,0.00,0.00,0.000,0.000,0.00
1777903530,loop34,0.00,0.00,0.000,0.000,0.00
1777903530,loop35,0.00,0.00,0.000,0.000,0.00
1777903530,loop36,0.00,0.00,0.000,0.000,0.00
1777903530,loop37,0.00,0.00,0.000,0.000,0.00
1777903530,loop38,2.00,121.00,0.000,0.000,0.00
1777903530,loop39,0.00,0.00,0.000,0.000,0.00
1777903530,loop4,0.00,0.00,0.000,0.000,0.00
1777903530,loop40,0.00,0.00,0.000,0.000,0.00
1777903530,loop5,0.00,0.00,0.000,0.000,0.00
1777903530,loop6,0.00,0.00,0.000,0.000,0.00
1777903530,loop7,0.00,0.00,0.000,0.000,0.00
1777903530,loop8,0.00,0.00,0.000,0.000,0.00
1777903530,loop9,0.00,0.00,0.000,0.000,0.00
1777903530,nvme0n1,156.00,1660.00,0.020,0.011,1.50
1777903531,loop0,0.00,0.00,0.000,0.000,0.00
1777903531,loop1,0.00,0.00,0.000,0.000,0.00
1777903531,loop10,0.00,0.00,0.000,0.000,0.00
1777903531,loop11,0.00,0.00,0.000,0.000,0.00
1777903531,loop12,0.00,0.00,0.000,0.000,0.00
1777903531,loop13,0.00,0.00,0.000,0.000,0.00
1777903531,loop14,0.00,0.00,0.000,0.000,0.00
1777903531,loop15,0.00,0.00,0.000,0.000,0.00
1777903531,loop16,0.00,0.00,0.000,0.000,0.00
1777903531,loop17,0.00,0.00,0.000,0.000,0.00
1777903531,loop18,0.00,0.00,0.000,0.000,0.00
1777903531,loop19,0.00,0.00,0.000,0.000,0.00
1777903531,loop2,0.00,0.00,0.000,0.000,0.00
1777903531,loop20,0.00,0.00,0.000,0.000,0.00
1777903531,loop21,0.00,0.00,0.000,0.000,0.00
1777903531,loop22,0.00,0.00,0.000,0.000,0.00
1777903531,loop23,0.00,0.00,0.000,0.000,0.00
1777903531,loop24,0.00,0.00,0.000,0.000,0.00
1777903531,loop25,0.00,0.00,0.000,0.000,0.00
1777903531,loop26,0.00,0.00,0.000,0.000,0.00
1777903531,loop27,0.00,0.00,0.000,0.000,0.00
1777903531,loop28,0.00,0.00,0.000,0.000,0.00
1777903531,loop29,0.00,0.00,0.000,0.000,0.00
1777903531,loop3,0.00,0.00,0.000,0.000,0.00
1777903531,loop30,0.00,0.00,0.000,0.000,0.00
1777903531,loop31,0.00,0.00,0.000,0.000,0.00
1777903531,loop32,0.00,0.00,0.000,0.000,0.00
1777903531,loop33,0.00,0.00,0.000,0.000,0.00
1777903531,loop34,0.00,0.00,0.000,0.000,0.00
1777903531,loop35,0.00,0.00,0.000,0.000,0.00
1777903531,loop36,0.00,0.00,0.000,0.000,0.00
1777903531,loop37,0.00,0.00,0.000,0.000,0.00
1777903531,loop38,0.00,0.00,0.000,0.000,0.00
1777903531,loop39,0.00,0.00,0.000,0.000,0.00
1777903531,loop4,0.00,0.00,0.000,0.000,0.00
1777903531,loop40,0.00,0.00,0.000,0.000,0.00
1777903531,loop5,0.00,0.00,0.000,0.000,0.00
1777903531,loop6,0.00,0.00,0.000,0.000,0.00
1777903531,loop7,0.00,0.00,0.000,0.000,0.00
1777903531,loop8,0.00,0.00,0.000,0.000,0.00
1777903531,loop9,0.00,0.00,0.000,0.000,0.00
1777903531,nvme0n1,287.00,7004.00,0.024,0.008,1.70
1777903532,loop0,0.00,0.00,0.000,0.000,0.00
1777903532,loop1,0.00,0.00,0.000,0.000,0.00
1777903532,loop10,0.00,0.00,0.000,0.000,0.00
1777903532,loop11,0.00,0.00,0.000,0.000,0.00
1777903532,loop12,0.00,0.00,0.000,0.000,0.00
1777903532,loop13,0.00,0.00,0.000,0.000,0.00
1777903532,loop14,0.00,0.00,0.000,0.000,0.00
1777903532,loop15,0.00,0.00,0.000,0.000,0.00
1777903532,loop16,0.00,0.00,0.000,0.000,0.00
1777903532,loop17,0.00,0.00,0.000,0.000,0.00
1777903532,loop18,0.00,0.00,0.000,0.000,0.00
1777903532,loop19,0.00,0.00,0.000,0.000,0.00
1777903532,loop2,0.00,0.00,0.000,0.000,0.00
1777903532,loop20,0.00,0.00,0.000,0.000,0.00
1777903532,loop21,0.00,0.00,0.000,0.000,0.00
1777903532,loop22,0.00,0.00,0.000,0.000,0.00
1777903532,loop23,0.00,0.00,0.000,0.000,0.00
1777903532,loop24,0.00,0.00,0.000,0.000,0.00
1777903532,loop25,0.00,0.00,0.000,0.000,0.00
1777903532,loop26,0.00,0.00,0.000,0.000,0.00
1777903532,loop27,0.00,0.00,0.000,0.000,0.00
1777903532,loop28,0.00,0.00,0.000,0.000,0.00
1777903532,loop29,0.00,0.00,0.000,0.000,0.00
1777903532,loop3,0.00,0.00,0.000,0.000,0.00
1777903532,loop30,0.00,0.00,0.000,0.000,0.00
1777903532,loop31,0.00,0.00,0.000,0.000,0.00
1777903532,loop32,0.00,0.00,0.000,0.000,0.00
1777903532,loop33,0.00,0.00,0.000,0.000,0.00
1777903532,loop34,0.00,0.00,0.000,0.000,0.00
1777903532,loop35,0.00,0.00,0.000,0.000,0.00
1777903532,loop36,0.00,0.00,0.000,0.000,0.00
1777903532,loop37,0.00,0.00,0.000,0.000,0.00
1777903532,loop38,1.00,42.00,0.000,0.000,0.00
1777903532,loop39,0.00,0.00,0.000,0.000,0.00
1777903532,loop4,0.00,0.00,0.000,0.000,0.00
1777903532,loop40,0.00,0.00,0.000,0.000,0.00
1777903532,loop5,0.00,0.00,0.000,0.000,0.00
1777903532,loop6,0.00,0.00,0.000,0.000,0.00
1777903532,loop7,0.00,0.00,0.000,0.000,0.00
1777903532,loop8,0.00,0.00,0.000,0.000,0.00
1777903532,loop9,0.00,0.00,0.000,0.000,0.00
1777903532,nvme0n1,156.00,1904.00,0.020,0.011,1.30
1777903533,loop0,0.00,0.00,0.000,0.000,0.00
1777903533,loop1,0.00,0.00,0.000,0.000,0.00
1777903533,loop10,0.00,0.00,0.000,0.000,0.00
1777903533,loop11,0.00,0.00,0.000,0.000,0.00
1777903533,loop12,0.00,0.00,0.000,0.000,0.00
1777903533,loop13,0.00,0.00,0.000,0.000,0.00
1777903533,loop14,0.00,0.00,0.000,0.000,0.00
1777903533,loop15,0.00,0.00,0.000,0.000,0.00
1777903533,loop16,0.00,0.00,0.000,0.000,0.00
1777903533,loop17,0.00,0.00,0.000,0.000,0.00
1777903533,loop18,0.00,0.00,0.000,0.000,0.00
1777903533,loop19,0.00,0.00,0.000,0.000,0.00
1777903533,loop2,0.00,0.00,0.000,0.000,0.00
1777903533,loop20,0.00,0.00,0.000,0.000,0.00
1777903533,loop21,0.00,0.00,0.000,0.000,0.00
1777903533,loop22,0.00,0.00,0.000,0.000,0.00
1777903533,loop23,0.00,0.00,0.000,0.000,0.00
1777903533,loop24,0.00,0.00,0.000,0.000,0.00
1777903533,loop25,0.00,0.00,0.000,0.000,0.00
1777903533,loop26,0.00,0.00,0.000,0.000,0.00
1777903533,loop27,0.00,0.00,0.000,0.000,0.00
1777903533,loop28,0.00,0.00,0.000,0.000,0.00
1777903533,loop29,0.00,0.00,0.000,0.000,0.00
1777903533,loop3,0.00,0.00,0.000,0.000,0.00
1777903533,loop30,0.00,0.00,0.000,0.000,0.00
1777903533,loop31,0.00,0.00,0.000,0.000,0.00
1777903533,loop32,0.00,0.00,0.000,0.000,0.00
1777903533,loop33,0.00,0.00,0.000,0.000,0.00
1777903533,loop34,0.00,0.00,0.000,0.000,0.00
1777903533,loop35,0.00,0.00,0.000,0.000,0.00
1777903533,loop36,0.00,0.00,0.000,0.000,0.00
1777903533,loop37,0.00,0.00,0.000,0.000,0.00
1777903533,loop38,0.00,0.00,0.000,0.000,0.00
1777903533,loop39,0.00,0.00,0.000,0.000,0.00
1777903533,loop4,0.00,0.00,0.000,0.000,0.00
1777903533,loop40,0.00,0.00,0.000,0.000,0.00
1777903533,loop5,0.00,0.00,0.000,0.000,0.00
1777903533,loop6,0.00,0.00,0.000,0.000,0.00
1777903533,loop7,0.00,0.00,0.000,0.000,0.00
1777903533,loop8,0.00,0.00,0.000,0.000,0.00
1777903533,loop9,0.00,0.00,0.000,0.000,0.00
1777903533,nvme0n1,449.00,7956.00,0.347,0.043,4.10
1777903534,loop0,0.00,0.00,0.000,0.000,0.00
1777903534,loop1,0.00,0.00,0.000,0.000,0.00
1777903534,loop10,0.00,0.00,0.000,0.000,0.00
1777903534,loop11,0.00,0.00,0.000,0.000,0.00
1777903534,loop12,0.00,0.00,0.000,0.000,0.00
1777903534,loop13,0.00,0.00,0.000,0.000,0.00
1777903534,loop14,0.00,0.00,0.000,0.000,0.00
1777903534,loop15,0.00,0.00,0.000,0.000,0.00
1777903534,loop16,0.00,0.00,0.000,0.000,0.00
1777903534,loop17,0.00,0.00,0.000,0.000,0.00
1777903534,loop18,0.00,0.00,0.000,0.000,0.00
1777903534,loop19,0.00,0.00,0.000,0.000,0.00
1777903534,loop2,0.00,0.00,0.000,0.000,0.00
1777903534,loop20,0.00,0.00,0.000,0.000,0.00
1777903534,loop21,0.00,0.00,0.000,0.000,0.00
1777903534,loop22,0.00,0.00,0.000,0.000,0.00
1777903534,loop23,0.00,0.00,0.000,0.000,0.00
1777903534,loop24,0.00,0.00,0.000,0.000,0.00
1777903534,loop25,0.00,0.00,0.000,0.000,0.00
1777903534,loop26,0.00,0.00,0.000,0.000,0.00
1777903534,loop27,0.00,0.00,0.000,0.000,0.00
1777903534,loop28,0.00,0.00,0.000,0.000,0.00
1777903534,loop29,0.00,0.00,0.000,0.000,0.00
1777903534,loop3,0.00,0.00,0.000,0.000,0.00
1777903534,loop30,0.00,0.00,0.000,0.000,0.00
1777903534,loop31,0.00,0.00,0.000,0.000,0.00
1777903534,loop32,0.00,0.00,0.000,0.000,0.00
1777903534,loop33,0.00,0.00,0.000,0.000,0.00
1777903534,loop34,0.00,0.00,0.000,0.000,0.00
1777903534,loop35,0.00,0.00,0.000,0.000,0.00
1777903534,loop36,0.00,0.00,0.000,0.000,0.00
1777903534,loop37,0.00,0.00,0.000,0.000,0.00
1777903534,loop38,0.00,0.00,0.000,0.000,0.00
1777903534,loop39,0.00,0.00,0.000,0.000,0.00
1777903534,loop4,0.00,0.00,0.000,0.000,0.00
1777903534,loop40,0.00,0.00,0.000,0.000,0.00
1777903534,loop5,0.00,0.00,0.000,0.000,0.00
1777903534,loop6,0.00,0.00,0.000,0.000,0.00
1777903534,loop7,0.00,0.00,0.000,0.000,0.00
1777903534,loop8,0.00,0.00,0.000,0.000,0.00
1777903534,loop9,0.00,0.00,0.000,0.000,0.00
1777903534,nvme0n1,2.00,8.00,0.000,0.000,0.00
1777903535,loop0,0.00,0.00,0.000,0.000,0.00
1777903535,loop1,0.00,0.00,0.000,0.000,0.00
1777903535,loop10,0.00,0.00,0.000,0.000,0.00
1777903535,loop11,0.00,0.00,0.000,0.000,0.00
1777903535,loop12,0.00,0.00,0.000,0.000,0.00
1777903535,loop13,0.00,0.00,0.000,0.000,0.00
1777903535,loop14,0.00,0.00,0.000,0.000,0.00
1777903535,loop15,0.00,0.00,0.000,0.000,0.00
1777903535,loop16,0.00,0.00,0.000,0.000,0.00
1777903535,loop17,0.00,0.00,0.000,0.000,0.00
1777903535,loop18,0.00,0.00,0.000,0.000,0.00
1777903535,loop19,0.00,0.00,0.000,0.000,0.00
1777903535,loop2,0.00,0.00,0.000,0.000,0.00
1777903535,loop20,0.00,0.00,0.000,0.000,0.00
1777903535,loop21,0.00,0.00,0.000,0.000,0.00
1777903535,loop22,0.00,0.00,0.000,0.000,0.00
1777903535,loop23,0.00,0.00,0.000,0.000,0.00
1777903535,loop24,0.00,0.00,0.000,0.000,0.00
1777903535,loop25,0.00,0.00,0.000,0.000,0.00
1777903535,loop26,0.00,0.00,0.000,0.000,0.00
1777903535,loop27,0.00,0.00,0.000,0.000,0.00
1777903535,loop28,0.00,0.00,0.000,0.000,0.00
1777903535,loop29,0.00,0.00,0.000,0.000,0.00
1777903535,loop3,0.00,0.00,0.000,0.000,0.00
1777903535,loop30,0.00,0.00,0.000,0.000,0.00
1777903535,loop31,0.00,0.00,0.000,0.000,0.00
1777903535,loop32,0.00,0.00,0.000,0.000,0.00
1777903535,loop33,0.00,0.00,0.000,0.000,0.00
1777903535,loop34,0.00,0.00,0.000,0.000,0.00
1777903535,loop35,0.00,0.00,0.000,0.000,0.00
1777903535,loop36,0.00,0.00,0.000,0.000,0.00
1777903535,loop37,0.00,0.00,0.000,0.000,0.00
1777903535,loop38,0.00,0.00,0.000,0.000,0.00
1777903535,loop39,0.00,0.00,0.000,0.000,0.00
1777903535,loop4,0.00,0.00,0.000,0.000,0.00
1777903535,loop40,0.00,0.00,0.000,0.000,0.00
1777903535,loop5,0.00,0.00,0.000,0.000,0.00
1777903535,loop6,0.00,0.00,0.000,0.000,0.00
1777903535,loop7,0.00,0.00,0.000,0.000,0.00
1777903535,loop8,0.00,0.00,0.000,0.000,0.00
1777903535,loop9,0.00,0.00,0.000,0.000,0.00
1777903535,nvme0n1,4.00,32.00,0.000,0.000,1.30
1777903536,loop0,0.00,0.00,0.000,0.000,0.00
1777903536,loop1,0.00,0.00,0.000,0.000,0.00
1777903536,loop10,0.00,0.00,0.000,0.000,0.00
1777903536,loop11,0.00,0.00,0.000,0.000,0.00
1777903536,loop12,0.00,0.00,0.000,0.000,0.00
1777903536,loop13,0.00,0.00,0.000,0.000,0.00
1777903536,loop14,0.00,0.00,0.000,0.000,0.00
1777903536,loop15,0.00,0.00,0.000,0.000,0.00
1777903536,loop16,0.00,0.00,0.000,0.000,0.00
1777903536,loop17,0.00,0.00,0.000,0.000,0.00
1777903536,loop18,0.00,0.00,0.000,0.000,0.00
1777903536,loop19,0.00,0.00,0.000,0.000,0.00
1777903536,loop2,0.00,0.00,0.000,0.000,0.00
1777903536,loop20,0.00,0.00,0.000,0.000,0.00
1777903536,loop21,0.00,0.00,0.000,0.000,0.00
1777903536,loop22,0.00,0.00,0.000,0.000,0.00
1777903536,loop23,0.00,0.00,0.000,0.000,0.00
1777903536,loop24,0.00,0.00,0.000,0.000,0.00
1777903536,loop25,0.00,0.00,0.000,0.000,0.00
1777903536,loop26,0.00,0.00,0.000,0.000,0.00
1777903536,loop27,0.00,0.00,0.000,0.000,0.00
1777903536,loop28,0.00,0.00,0.000,0.000,0.00
1777903536,loop29,0.00,0.00,0.000,0.000,0.00
1777903536,loop3,0.00,0.00,0.000,0.000,0.00
1777903536,loop30,0.00,0.00,0.000,0.000,0.00
1777903536,loop31,0.00,0.00,0.000,0.000,0.00
1777903536,loop32,0.00,0.00,0.000,0.000,0.00
1777903536,loop33,0.00,0.00,0.000,0.000,0.00
1777903536,loop34,0.00,0.00,0.000,0.000,0.00
1777903536,loop35,0.00,0.00,0.000,0.000,0.00
1777903536,loop36,0.00,0.00,0.000,0.000,0.00
1777903536,loop37,0.00,0.00,0.000,0.000,0.00
1777903536,loop38,0.00,0.00,0.000,0.000,0.00
1777903536,loop39,0.00,0.00,0.000,0.000,0.00
1777903536,loop4,0.00,0.00,0.000,0.000,0.00
1777903536,loop40,0.00,0.00,0.000,0.000,0.00
1777903536,loop5,0.00,0.00,0.000,0.000,0.00
1777903536,loop6,0.00,0.00,0.000,0.000,0.00
1777903536,loop7,0.00,0.00,0.000,0.000,0.00
1777903536,loop8,0.00,0.00,0.000,0.000,0.00
1777903536,loop9,0.00,0.00,0.000,0.000,0.00
1777903536,nvme0n1,7.00,28.00,0.000,0.000,0.10
1777903537,loop0,0.00,0.00,0.000,0.000,0.00
1777903537,loop1,0.00,0.00,0.000,0.000,0.00
1777903537,loop10,0.00,0.00,0.000,0.000,0.00
1777903537,loop11,0.00,0.00,0.000,0.000,0.00
1777903537,loop12,0.00,0.00,0.000,0.000,0.00
1777903537,loop13,0.00,0.00,0.000,0.000,0.00
1777903537,loop14,0.00,0.00,0.000,0.000,0.00
1777903537,loop15,0.00,0.00,0.000,0.000,0.00
1777903537,loop16,0.00,0.00,0.000,0.000,0.00
1777903537,loop17,0.00,0.00,0.000,0.000,0.00
1777903537,loop18,0.00,0.00,0.000,0.000,0.00
1777903537,loop19,0.00,0.00,0.000,0.000,0.00
1777903537,loop2,0.00,0.00,0.000,0.000,0.00
1777903537,loop20,0.00,0.00,0.000,0.000,0.00
1777903537,loop21,0.00,0.00,0.000,0.000,0.00
1777903537,loop22,0.00,0.00,0.000,0.000,0.00
1777903537,loop23,0.00,0.00,0.000,0.000,0.00
1777903537,loop24,0.00,0.00,0.000,0.000,0.00
1777903537,loop25,0.00,0.00,0.000,0.000,0.00
1777903537,loop26,0.00,0.00,0.000,0.000,0.00
1777903537,loop27,0.00,0.00,0.000,0.000,0.00
1777903537,loop28,0.00,0.00,0.000,0.000,0.00
1777903537,loop29,0.00,0.00,0.000,0.000,0.00
1777903537,loop3,0.00,0.00,0.000,0.000,0.00
1777903537,loop30,0.00,0.00,0.000,0.000,0.00
1777903537,loop31,0.00,0.00,0.000,0.000,0.00
1777903537,loop32,0.00,0.00,0.000,0.000,0.00
1777903537,loop33,0.00,0.00,0.000,0.000,0.00
1777903537,loop34,0.00,0.00,0.000,0.000,0.00
1777903537,loop35,0.00,0.00,0.000,0.000,0.00
1777903537,loop36,0.00,0.00,0.000,0.000,0.00
1777903537,loop37,0.00,0.00,0.000,0.000,0.00
1777903537,loop38,0.00,0.00,0.000,0.000,0.00
1777903537,loop39,0.00,0.00,0.000,0.000,0.00
1777903537,loop4,0.00,0.00,0.000,0.000,0.00
1777903537,loop40,0.00,0.00,0.000,0.000,0.00
1777903537,loop5,0.00,0.00,0.000,0.000,0.00
1777903537,loop6,0.00,0.00,0.000,0.000,0.00
1777903537,loop7,0.00,0.00,0.000,0.000,0.00
1777903537,loop8,0.00,0.00,0.000,0.000,0.00
1777903537,loop9,0.00,0.00,0.000,0.000,0.00
1777903537,nvme0n1,0.00,0.00,0.000,0.000,0.00
1777903538,loop0,0.00,0.00,0.000,0.000,0.00
1777903538,loop1,0.00,0.00,0.000,0.000,0.00
1777903538,loop10,0.00,0.00,0.000,0.000,0.00
1777903538,loop11,0.00,0.00,0.000,0.000,0.00
1777903538,loop12,0.00,0.00,0.000,0.000,0.00
1777903538,loop13,0.00,0.00,0.000,0.000,0.00
1777903538,loop14,0.00,0.00,0.000,0.000,0.00
1777903538,loop15,0.00,0.00,0.000,0.000,0.00
1777903538,loop16,0.00,0.00,0.000,0.000,0.00
1777903538,loop17,0.00,0.00,0.000,0.000,0.00
1777903538,loop18,0.00,0.00,0.000,0.000,0.00
1777903538,loop19,0.00,0.00,0.000,0.000,0.00
1777903538,loop2,0.00,0.00,0.000,0.000,0.00
1777903538,loop20,0.00,0.00,0.000,0.000,0.00
1777903538,loop21,0.00,0.00,0.000,0.000,0.00
1777903538,loop22,0.00,0.00,0.000,0.000,0.00
1777903538,loop23,0.00,0.00,0.000,0.000,0.00
1777903538,loop24,0.00,0.00,0.000,0.000,0.00
1777903538,loop25,0.00,0.00,0.000,0.000,0.00
1777903538,loop26,0.00,0.00,0.000,0.000,0.00
1777903538,loop27,0.00,0.00,0.000,0.000,0.00
1777903538,loop28,0.00,0.00,0.000,0.000,0.00
1777903538,loop29,0.00,0.00,0.000,0.000,0.00
1777903538,loop3,0.00,0.00,0.000,0.000,0.00
1777903538,loop30,0.00,0.00,0.000,0.000,0.00
1777903538,loop31,0.00,0.00,0.000,0.000,0.00
1777903538,loop32,0.00,0.00,0.000,0.000,0.00
1777903538,loop33,0.00,0.00,0.000,0.000,0.00
1777903538,loop34,0.00,0.00,0.000,0.000,0.00
1777903538,loop35,0.00,0.00,0.000,0.000,0.00
1777903538,loop36,0.00,0.00,0.000,0.000,0.00
1777903538,loop37,0.00,0.00,0.000,0.000,0.00
1777903538,loop38,0.00,0.00,0.000,0.000,0.00
1777903538,loop39,0.00,0.00,0.000,0.000,0.00
1777903538,loop4,0.00,0.00,0.000,0.000,0.00
1777903538,loop40,0.00,0.00,0.000,0.000,0.00
1777903538,loop5,0.00,0.00,0.000,0.000,0.00
1777903538,loop6,0.00,0.00,0.000,0.000,0.00
1777903538,loop7,0.00,0.00,0.000,0.000,0.00
1777903538,loop8,0.00,0.00,0.000,0.000,0.00
1777903538,loop9,0.00,0.00,0.000,0.000,0.00
1777903538,nvme0n1,0.00,0.00,0.000,0.000,0.50
1777903539,loop0,0.00,0.00,0.000,0.000,0.00
1777903539,loop1,0.00,0.00,0.000,0.000,0.00
1777903539,loop10,0.00,0.00,0.000,0.000,0.00
1777903539,loop11,0.00,0.00,0.000,0.000,0.00
1777903539,loop12,0.00,0.00,0.000,0.000,0.00
1777903539,loop13,0.00,0.00,0.000,0.000,0.00
1777903539,loop14,0.00,0.00,0.000,0.000,0.00
1777903539,loop15,0.00,0.00,0.000,0.000,0.00
1777903539,loop16,0.00,0.00,0.000,0.000,0.00
1777903539,loop17,0.00,0.00,0.000,0.000,0.00
1777903539,loop18,0.00,0.00,0.000,0.000,0.00
1777903539,loop19,0.00,0.00,0.000,0.000,0.00
1777903539,loop2,0.00,0.00,0.000,0.000,0.00
1777903539,loop20,0.00,0.00,0.000,0.000,0.00
1777903539,loop21,0.00,0.00,0.000,0.000,0.00
1777903539,loop22,0.00,0.00,0.000,0.000,0.00
1777903539,loop23,0.00,0.00,0.000,0.000,0.00
1777903539,loop24,0.00,0.00,0.000,0.000,0.00
1777903539,loop25,0.00,0.00,0.000,0.000,0.00
1777903539,loop26,0.00,0.00,0.000,0.000,0.00
1777903539,loop27,0.00,0.00,0.000,0.000,0.00
1777903539,loop28,0.00,0.00,0.000,0.000,0.00
1777903539,loop29,0.00,0.00,0.000,0.000,0.00
1777903539,loop3,0.00,0.00,0.000,0.000,0.00
1777903539,loop30,0.00,0.00,0.000,0.000,0.00
1777903539,loop31,0.00,0.00,0.000,0.000,0.00
1777903539,loop32,0.00,0.00,0.000,0.000,0.00
1777903539,loop33,0.00,0.00,0.000,0.000,0.00
1777903539,loop34,0.00,0.00,0.000,0.000,0.00
1777903539,loop35,0.00,0.00,0.000,0.000,0.00
1777903539,loop36,0.00,0.00,0.000,0.000,0.00
1777903539,loop37,0.00,0.00,0.000,0.000,0.00
1777903539,loop38,0.00,0.00,0.000,0.000,0.00
1777903539,loop39,0.00,0.00,0.000,0.000,0.00
1777903539,loop4,0.00,0.00,0.000,0.000,0.00
1777903539,loop40,0.00,0.00,0.000,0.000,0.00
1777903539,loop5,0.00,0.00,0.000,0.000,0.00
1777903539,loop6,0.00,0.00,0.000,0.000,0.00
1777903539,loop7,0.00,0.00,0.000,0.000,0.00
1777903539,loop8,0.00,0.00,0.000,0.000,0.00
1777903539,loop9,0.00,0.00,0.000,0.000,0.00
1777903539,nvme0n1,0.00,0.00,0.000,0.000,0.00
1777903540,loop0,0.00,0.00,0.000,0.000,0.00
1777903540,loop1,0.00,0.00,0.000,0.000,0.00
1777903540,loop10,0.00,0.00,0.000,0.000,0.00
1777903540,loop11,0.00,0.00,0.000,0.000,0.00
1777903540,loop12,0.00,0.00,0.000,0.000,0.00
1777903540,loop13,0.00,0.00,0.000,0.000,0.00
1777903540,loop14,0.00,0.00,0.000,0.000,0.00
1777903540,loop15,0.00,0.00,0.000,0.000,0.00
1777903540,loop16,0.00,0.00,0.000,0.000,0.00
1777903540,loop17,0.00,0.00,0.000,0.000,0.00
1777903540,loop18,0.00,0.00,0.000,0.000,0.00
1777903540,loop19,0.00,0.00,0.000,0.000,0.00
1777903540,loop2,0.00,0.00,0.000,0.000,0.00
1777903540,loop20,0.00,0.00,0.000,0.000,0.00
1777903540,loop21,0.00,0.00,0.000,0.000,0.00
1777903540,loop22,0.00,0.00,0.000,0.000,0.00
1777903540,loop23,0.00,0.00,0.000,0.000,0.00
1777903540,loop24,0.00,0.00,0.000,0.000,0.00
1777903540,loop25,0.00,0.00,0.000,0.000,0.00
1777903540,loop26,0.00,0.00,0.000,0.000,0.00
1777903540,loop27,0.00,0.00,0.000,0.000,0.00
1777903540,loop28,0.00,0.00,0.000,0.000,0.00
1777903540,loop29,0.00,0.00,0.000,0.000,0.00
1777903540,loop3,0.00,0.00,0.000,0.000,0.00
1777903540,loop30,0.00,0.00,0.000,0.000,0.00
1777903540,loop31,0.00,0.00,0.000,0.000,0.00
1777903540,loop32,0.00,0.00,0.000,0.000,0.00
1777903540,loop33,0.00,0.00,0.000,0.000,0.00
1777903540,loop34,0.00,0.00,0.000,0.000,0.00
1777903540,loop35,0.00,0.00,0.000,0.000,0.00
1777903540,loop36,0.00,0.00,0.000,0.000,0.00
1777903540,loop37,0.00,0.00,0.000,0.000,0.00
1777903540,loop38,0.00,0.00,0.000,0.000,0.00
1777903540,loop39,0.00,0.00,0.000,0.000,0.00
1777903540,loop4,0.00,0.00,0.000,0.000,0.00
1777903540,loop40,0.00,0.00,0.000,0.000,0.00
1777903540,loop5,0.00,0.00,0.000,0.000,0.00
1777903540,loop6,0.00,0.00,0.000,0.000,0.00
1777903540,loop7,0.00,0.00,0.000,0.000,0.00
1777903540,loop8,0.00,0.00,0.000,0.000,0.00
1777903540,loop9,0.00,0.00,0.000,0.000,0.00
1777903540,nvme0n1,1.00,4.00,0.000,0.000,6.80
1777903541,loop0,0.00,0.00,0.000,0.000,0.00
1777903541,loop1,0.00,0.00,0.000,0.000,0.00
1777903541,loop10,0.00,0.00,0.000,0.000,0.00
1777903541,loop11,0.00,0.00,0.000,0.000,0.00
1777903541,loop12,0.00,0.00,0.000,0.000,0.00
1777903541,loop13,0.00,0.00,0.000,0.000,0.00
1777903541,loop14,0.00,0.00,0.000,0.000,0.00
1777903541,loop15,0.00,0.00,0.000,0.000,0.00
1777903541,loop16,0.00,0.00,0.000,0.000,0.00
1777903541,loop17,0.00,0.00,0.000,0.000,0.00
1777903541,loop18,0.00,0.00,0.000,0.000,0.00
1777903541,loop19,0.00,0.00,0.000,0.000,0.00
1777903541,loop2,0.00,0.00,0.000,0.000,0.00
1777903541,loop20,0.00,0.00,0.000,0.000,0.00
1777903541,loop21,0.00,0.00,0.000,0.000,0.00
1777903541,loop22,0.00,0.00,0.000,0.000,0.00
1777903541,loop23,0.00,0.00,0.000,0.000,0.00
1777903541,loop24,0.00,0.00,0.000,0.000,0.00
1777903541,loop25,0.00,0.00,0.000,0.000,0.00
1777903541,loop26,0.00,0.00,0.000,0.000,0.00
1777903541,loop27,0.00,0.00,0.000,0.000,0.00
1777903541,loop28,0.00,0.00,0.000,0.000,0.00
1777903541,loop29,0.00,0.00,0.000,0.000,0.00
1777903541,loop3,0.00,0.00,0.000,0.000,0.00
1777903541,loop30,0.00,0.00,0.000,0.000,0.00
1777903541,loop31,0.00,0.00,0.000,0.000,0.00
1777903541,loop32,0.00,0.00,0.000,0.000,0.00
1777903541,loop33,0.00,0.00,0.000,0.000,0.00
1777903541,loop34,0.00,0.00,0.000,0.000,0.00
1777903541,loop35,0.00,0.00,0.000,0.000,0.00
1777903541,loop36,0.00,0.00,0.000,0.000,0.00
1777903541,loop37,0.00,0.00,0.000,0.000,0.00
1777903541,loop38,0.00,0.00,0.000,0.000,0.00
1777903541,loop39,0.00,0.00,0.000,0.000,0.00
1777903541,loop4,0.00,0.00,0.000,0.000,0.00
1777903541,loop40,0.00,0.00,0.000,0.000,0.00
1777903541,loop5,0.00,0.00,0.000,0.000,0.00
1777903541,loop6,0.00,0.00,0.000,0.000,0.00
1777903541,loop7,0.00,0.00,0.000,0.000,0.00
1777903541,loop8,0.00,0.00,0.000,0.000,0.00
1777903541,loop9,0.00,0.00,0.000,0.000,0.00
1777903541,nvme0n1,0.00,0.00,0.000,0.000,0.00
1777903542,loop0,0.00,0.00,0.000,0.000,0.00
1777903542,loop1,0.00,0.00,0.000,0.000,0.00
1777903542,loop10,0.00,0.00,0.000,0.000,0.00
1777903542,loop11,0.00,0.00,0.000,0.000,0.00
1777903542,loop12,0.00,0.00,0.000,0.000,0.00
1777903542,loop13,0.00,0.00,0.000,0.000,0.00
1777903542,loop14,0.00,0.00,0.000,0.000,0.00
1777903542,loop15,0.00,0.00,0.000,0.000,0.00
1777903542,loop16,0.00,0.00,0.000,0.000,0.00
1777903542,loop17,0.00,0.00,0.000,0.000,0.00
1777903542,loop18,0.00,0.00,0.000,0.000,0.00
1777903542,loop19,0.00,0.00,0.000,0.000,0.00
1777903542,loop2,0.00,0.00,0.000,0.000,0.00
1777903542,loop20,0.00,0.00,0.000,0.000,0.00
1777903542,loop21,0.00,0.00,0.000,0.000,0.00
1777903542,loop22,0.00,0.00,0.000,0.000,0.00
1777903542,loop23,0.00,0.00,0.000,0.000,0.00
1777903542,loop24,0.00,0.00,0.000,0.000,0.00
1777903542,loop25,0.00,0.00,0.000,0.000,0.00
1777903542,loop26,0.00,0.00,0.000,0.000,0.00
1777903542,loop27,0.00,0.00,0.000,0.000,0.00
1777903542,loop28,0.00,0.00,0.000,0.000,0.00
1777903542,loop29,0.00,0.00,0.000,0.000,0.00
1777903542,loop3,0.00,0.00,0.000,0.000,0.00
1777903542,loop30,0.00,0.00,0.000,0.000,0.00
1777903542,loop31,0.00,0.00,0.000,0.000,0.00
1777903542,loop32,0.00,0.00,0.000,0.000,0.00
1777903542,loop33,0.00,0.00,0.000,0.000,0.00
1777903542,loop34,0.00,0.00,0.000,0.000,0.00
1777903542,loop35,0.00,0.00,0.000,0.000,0.00
1777903542,loop36,0.00,0.00,0.000,0.000,0.00
1777903542,loop37,0.00,0.00,0.000,0.000,0.00
1777903542,loop38,0.00,0.00,0.000,0.000,0.00
1777903542,loop39,0.00,0.00,0.000,0.000,0.00
1777903542,loop4,0.00,0.00,0.000,0.000,0.00
1777903542,loop40,0.00,0.00,0.000,0.000,0.00
1777903542,loop5,0.00,0.00,0.000,0.000,0.00
1777903542,loop6,0.00,0.00,0.000,0.000,0.00
1777903542,loop7,0.00,0.00,0.000,0.000,0.00
1777903542,loop8,0.00,0.00,0.000,0.000,0.00
1777903542,loop9,0.00,0.00,0.000,0.000,0.00
1777903542,nvme0n1,0.00,0.00,0.000,0.000,0.00
1777903543,loop0,0.00,0.00,0.000,0.000,0.00
1777903543,loop1,0.00,0.00,0.000,0.000,0.00
1777903543,loop10,0.00,0.00,0.000,0.000,0.00
1777903543,loop11,0.00,0.00,0.000,0.000,0.00
1777903543,loop12,0.00,0.00,0.000,0.000,0.00
1777903543,loop13,0.00,0.00,0.000,0.000,0.00
1777903543,loop14,0.00,0.00,0.000,0.000,0.00
1777903543,loop15,0.00,0.00,0.000,0.000,0.00
1777903543,loop16,0.00,0.00,0.000,0.000,0.00
1777903543,loop17,0.00,0.00,0.000,0.000,0.00
1777903543,loop18,0.00,0.00,0.000,0.000,0.00
1777903543,loop19,0.00,0.00,0.000,0.000,0.00
1777903543,loop2,0.00,0.00,0.000,0.000,0.00
1777903543,loop20,0.00,0.00,0.000,0.000,0.00
1777903543,loop21,0.00,0.00,0.000,0.000,0.00
1777903543,loop22,0.00,0.00,0.000,0.000,0.00
1777903543,loop23,0.00,0.00,0.000,0.000,0.00
1777903543,loop24,0.00,0.00,0.000,0.000,0.00
1777903543,loop25,0.00,0.00,0.000,0.000,0.00
1777903543,loop26,0.00,0.00,0.000,0.000,0.00
1777903543,loop27,0.00,0.00,0.000,0.000,0.00
1777903543,loop28,0.00,0.00,0.000,0.000,0.00
1777903543,loop29,0.00,0.00,0.000,0.000,0.00
1777903543,loop3,0.00,0.00,0.000,0.000,0.00
1777903543,loop30,0.00,0.00,0.000,0.000,0.00
1777903543,loop31,0.00,0.00,0.000,0.000,0.00
1777903543,loop32,0.00,0.00,0.000,0.000,0.00
1777903543,loop33,0.00,0.00,0.000,0.000,0.00
1777903543,loop34,0.00,0.00,0.000,0.000,0.00
1777903543,loop35,0.00,0.00,0.000,0.000,0.00
1777903543,loop36,0.00,0.00,0.000,0.000,0.00
1777903543,loop37,0.00,0.00,0.000,0.000,0.00
1777903543,loop38,0.00,0.00,0.000,0.000,0.00
1777903543,loop39,0.00,0.00,0.000,0.000,0.00
1777903543,loop4,0.00,0.00,0.000,0.000,0.00
1777903543,loop40,0.00,0.00,0.000,0.000,0.00
1777903543,loop5,0.00,0.00,0.000,0.000,0.00
1777903543,loop6,0.00,0.00,0.000,0.000,0.00
1777903543,loop7,0.00,0.00,0.000,0.000,0.00
1777903543,loop8,0.00,0.00,0.000,0.000,0.00
1777903543,loop9,0.00,0.00,0.000,0.000,0.00
1777903543,nvme0n1,0.00,0.00,0.000,0.000,2.00
1777903544,loop0,0.00,0.00,0.000,0.000,0.00
1777903544,loop1,0.00,0.00,0.000,0.000,0.00
1777903544,loop10,0.00,0.00,0.000,0.000,0.00
1777903544,loop11,0.00,0.00,0.000,0.000,0.00
1777903544,loop12,0.00,0.00,0.000,0.000,0.00
1777903544,loop13,0.00,0.00,0.000,0.000,0.00
1777903544,loop14,0.00,0.00,0.000,0.000,0.00
1777903544,loop15,0.00,0.00,0.000,0.000,0.00
1777903544,loop16,0.00,0.00,0.000,0.000,0.00
1777903544,loop17,0.00,0.00,0.000,0.000,0.00
1777903544,loop18,0.00,0.00,0.000,0.000,0.00
1777903544,loop19,0.00,0.00,0.000,0.000,0.00
1777903544,loop2,0.00,0.00,0.000,0.000,0.00
1777903544,loop20,0.00,0.00,0.000,0.000,0.00
1777903544,loop21,0.00,0.00,0.000,0.000,0.00
1777903544,loop22,0.00,0.00,0.000,0.000,0.00
1777903544,loop23,0.00,0.00,0.000,0.000,0.00
1777903544,loop24,0.00,0.00,0.000,0.000,0.00
1777903544,loop25,0.00,0.00,0.000,0.000,0.00
1777903544,loop26,0.00,0.00,0.000,0.000,0.00
1777903544,loop27,0.00,0.00,0.000,0.000,0.00
1777903544,loop28,0.00,0.00,0.000,0.000,0.00
1777903544,loop29,0.00,0.00,0.000,0.000,0.00
1777903544,loop3,0.00,0.00,0.000,0.000,0.00
1777903544,loop30,0.00,0.00,0.000,0.000,0.00
1777903544,loop31,0.00,0.00,0.000,0.000,0.00
1777903544,loop32,0.00,0.00,0.000,0.000,0.00
1777903544,loop33,0.00,0.00,0.000,0.000,0.00
1777903544,loop34,0.00,0.00,0.000,0.000,0.00
1777903544,loop35,0.00,0.00,0.000,0.000,0.00
1777903544,loop36,0.00,0.00,0.000,0.000,0.00
1777903544,loop37,0.00,0.00,0.000,0.000,0.00
1777903544,loop38,0.00,0.00,0.000,0.000,0.00
1777903544,loop39,0.00,0.00,0.000,0.000,0.00
1777903544,loop4,0.00,0.00,0.000,0.000,0.00
1777903544,loop40,0.00,0.00,0.000,0.000,0.00
1777903544,loop5,0.00,0.00,0.000,0.000,0.00
1777903544,loop6,0.00,0.00,0.000,0.000,0.00
1777903544,loop7,0.00,0.00,0.000,0.000,0.00
1777903544,loop8,0.00,0.00,0.000,0.000,0.00
1777903544,loop9,0.00,0.00,0.000,0.000,0.00
1777903544,nvme0n1,1.00,4.00,0.000,0.000,1.00
1777903545,loop0,0.00,0.00,0.000,0.000,0.00
1777903545,loop1,0.00,0.00,0.000,0.000,0.00
1777903545,loop10,0.00,0.00,0.000,0.000,0.00
1777903545,loop11,0.00,0.00,0.000,0.000,0.00
1777903545,loop12,0.00,0.00,0.000,0.000,0.00
1777903545,loop13,0.00,0.00,0.000,0.000,0.00
1777903545,loop14,0.00,0.00,0.000,0.000,0.00
1777903545,loop15,0.00,0.00,0.000,0.000,0.00
1777903545,loop16,0.00,0.00,0.000,0.000,0.00
1777903545,loop17,0.00,0.00,0.000,0.000,0.00
1777903545,loop18,0.00,0.00,0.000,0.000,0.00
1777903545,loop19,0.00,0.00,0.000,0.000,0.00
1777903545,loop2,0.00,0.00,0.000,0.000,0.00
1777903545,loop20,0.00,0.00,0.000,0.000,0.00
1777903545,loop21,0.00,0.00,0.000,0.000,0.00
1777903545,loop22,0.00,0.00,0.000,0.000,0.00
1777903545,loop23,0.00,0.00,0.000,0.000,0.00
1777903545,loop24,0.00,0.00,0.000,0.000,0.00
1777903545,loop25,0.00,0.00,0.000,0.000,0.00
1777903545,loop26,0.00,0.00,0.000,0.000,0.00
1777903545,loop27,0.00,0.00,0.000,0.000,0.00
1777903545,loop28,0.00,0.00,0.000,0.000,0.00
1777903545,loop29,0.00,0.00,0.000,0.000,0.00
1777903545,loop3,0.00,0.00,0.000,0.000,0.00
1777903545,loop30,0.00,0.00,0.000,0.000,0.00
1777903545,loop31,0.00,0.00,0.000,0.000,0.00
1777903545,loop32,0.00,0.00,0.000,0.000,0.00
1777903545,loop33,0.00,0.00,0.000,0.000,0.00
1777903545,loop34,0.00,0.00,0.000,0.000,0.00
1777903545,loop35,0.00,0.00,0.000,0.000,0.00
1777903545,loop36,0.00,0.00,0.000,0.000,0.00
1777903545,loop37,0.00,0.00,0.000,0.000,0.00
1777903545,loop38,0.00,0.00,0.000,0.000,0.00
1777903545,loop39,0.00,0.00,0.000,0.000,0.00
1777903545,loop4,0.00,0.00,0.000,0.000,0.00
1777903545,loop40,0.00,0.00,0.000,0.000,0.00
1777903545,loop5,0.00,0.00,0.000,0.000,0.00
1777903545,loop6,0.00,0.00,0.000,0.000,0.00
1777903545,loop7,0.00,0.00,0.000,0.000,0.00
1777903545,loop8,0.00,0.00,0.000,0.000,0.00
1777903545,loop9,0.00,0.00,0.000,0.000,0.00
1777903545,nvme0n1,3.00,16.00,0.001,0.024,0.70
1777903546,loop0,0.00,0.00,0.000,0.000,0.00
1777903546,loop1,0.00,0.00,0.000,0.000,0.00
1777903546,loop10,0.00,0.00,0.000,0.000,0.00
1777903546,loop11,0.00,0.00,0.000,0.000,0.00
1777903546,loop12,0.00,0.00,0.000,0.000,0.00
1777903546,loop13,0.00,0.00,0.000,0.000,0.00
1777903546,loop14,0.00,0.00,0.000,0.000,0.00
1777903546,loop15,0.00,0.00,0.000,0.000,0.00
1777903546,loop16,0.00,0.00,0.000,0.000,0.00
1777903546,loop17,0.00,0.00,0.000,0.000,0.00
1777903546,loop18,0.00,0.00,0.000,0.000,0.00
1777903546,loop19,0.00,0.00,0.000,0.000,0.00
1777903546,loop2,0.00,0.00,0.000,0.000,0.00
1777903546,loop20,0.00,0.00,0.000,0.000,0.00
1777903546,loop21,0.00,0.00,0.000,0.000,0.00
1777903546,loop22,0.00,0.00,0.000,0.000,0.00
1777903546,loop23,0.00,0.00,0.000,0.000,0.00
1777903546,loop24,0.00,0.00,0.000,0.000,0.00
1777903546,loop25,0.00,0.00,0.000,0.000,0.00
1777903546,loop26,0.00,0.00,0.000,0.000,0.00
1777903546,loop27,0.00,0.00,0.000,0.000,0.00
1777903546,loop28,0.00,0.00,0.000,0.000,0.00
1777903546,loop29,0.00,0.00,0.000,0.000,0.00
1777903546,loop3,0.00,0.00,0.000,0.000,0.00
1777903546,loop30,0.00,0.00,0.000,0.000,0.00
1777903546,loop31,0.00,0.00,0.000,0.000,0.00
1777903546,loop32,0.00,0.00,0.000,0.000,0.00
1777903546,loop33,0.00,0.00,0.000,0.000,0.00
1777903546,loop34,0.00,0.00,0.000,0.000,0.00
1777903546,loop35,0.00,0.00,0.000,0.000,0.00
1777903546,loop36,0.00,0.00,0.000,0.000,0.00
1777903546,loop37,0.00,0.00,0.000,0.000,0.00
1777903546,loop38,0.00,0.00,0.000,0.000,0.00
1777903546,loop39,0.00,0.00,0.000,0.000,0.00
1777903546,loop4,0.00,0.00,0.000,0.000,0.00
1777903546,loop40,0.00,0.00,0.000,0.000,0.00
1777903546,loop5,0.00,0.00,0.000,0.000,0.00
1777903546,loop6,0.00,0.00,0.000,0.000,0.00
1777903546,loop7,0.00,0.00,0.000,0.000,0.00
1777903546,loop8,0.00,0.00,0.000,0.000,0.00
1777903546,loop9,0.00,0.00,0.000,0.000,0.00
1777903546,nvme0n1,0.00,0.00,0.000,0.000,0.00
1777903547,loop0,0.00,0.00,0.000,0.000,0.00
1777903547,loop1,0.00,0.00,0.000,0.000,0.00
1777903547,loop10,0.00,0.00,0.000,0.000,0.00
1777903547,loop11,0.00,0.00,0.000,0.000,0.00
1777903547,loop12,0.00,0.00,0.000,0.000,0.00
1777903547,loop13,0.00,0.00,0.000,0.000,0.00
1777903547,loop14,0.00,0.00,0.000,0.000,0.00
1777903547,loop15,0.00,0.00,0.000,0.000,0.00
1777903547,loop16,0.00,0.00,0.000,0.000,0.00
1777903547,loop17,0.00,0.00,0.000,0.000,0.00
1777903547,loop18,0.00,0.00,0.000,0.000,0.00
1777903547,loop19,0.00,0.00,0.000,0.000,0.00
1777903547,loop2,0.00,0.00,0.000,0.000,0.00
1777903547,loop20,0.00,0.00,0.000,0.000,0.00
1777903547,loop21,0.00,0.00,0.000,0.000,0.00
1777903547,loop22,0.00,0.00,0.000,0.000,0.00
1777903547,loop23,0.00,0.00,0.000,0.000,0.00
1777903547,loop24,0.00,0.00,0.000,0.000,0.00
1777903547,loop25,0.00,0.00,0.000,0.000,0.00
1777903547,loop26,0.00,0.00,0.000,0.000,0.00
1777903547,loop27,0.00,0.00,0.000,0.000,0.00
1777903547,loop28,0.00,0.00,0.000,0.000,0.00
1777903547,loop29,0.00,0.00,0.000,0.000,0.00
1777903547,loop3,0.00,0.00,0.000,0.000,0.00
1777903547,loop30,0.00,0.00,0.000,0.000,0.00
1777903547,loop31,0.00,0.00,0.000,0.000,0.00
1777903547,loop32,0.00,0.00,0.000,0.000,0.00
1777903547,loop33,0.00,0.00,0.000,0.000,0.00
1777903547,loop34,0.00,0.00,0.000,0.000,0.00
1777903547,loop35,0.00,0.00,0.000,0.000,0.00
1777903547,loop36,0.00,0.00,0.000,0.000,0.00
1777903547,loop37,0.00,0.00,0.000,0.000,0.00
1777903547,loop38,0.00,0.00,0.000,0.000,0.00
1777903547,loop39,0.00,0.00,0.000,0.000,0.00
1777903547,loop4,0.00,0.00,0.000,0.000,0.00
1777903547,loop40,0.00,0.00,0.000,0.000,0.00
1777903547,loop5,0.00,0.00,0.000,0.000,0.00
1777903547,loop6,0.00,0.00,0.000,0.000,0.00
1777903547,loop7,0.00,0.00,0.000,0.000,0.00
1777903547,loop8,0.00,0.00,0.000,0.000,0.00
1777903547,loop9,0.00,0.00,0.000,0.000,0.00
1777903547,nvme0n1,7.00,76.00,0.000,0.000,4.50
1777903548,loop0,0.00,0.00,0.000,0.000,0.00
1777903548,loop1,0.00,0.00,0.000,0.000,0.00
1777903548,loop10,0.00,0.00,0.000,0.000,0.00
1777903548,loop11,0.00,0.00,0.000,0.000,0.00
1777903548,loop12,0.00,0.00,0.000,0.000,0.00
1777903548,loop13,0.00,0.00,0.000,0.000,0.00
1777903548,loop14,0.00,0.00,0.000,0.000,0.00
1777903548,loop15,0.00,0.00,0.000,0.000,0.00
1777903548,loop16,0.00,0.00,0.000,0.000,0.00
1777903548,loop17,0.00,0.00,0.000,0.000,0.00
1777903548,loop18,0.00,0.00,0.000,0.000,0.00
1777903548,loop19,0.00,0.00,0.000,0.000,0.00
1777903548,loop2,0.00,0.00,0.000,0.000,0.00
1777903548,loop20,0.00,0.00,0.000,0.000,0.00
1777903548,loop21,0.00,0.00,0.000,0.000,0.00
1777903548,loop22,0.00,0.00,0.000,0.000,0.00
1777903548,loop23,0.00,0.00,0.000,0.000,0.00
1777903548,loop24,0.00,0.00,0.000,0.000,0.00
1777903548,loop25,0.00,0.00,0.000,0.000,0.00
1777903548,loop26,0.00,0.00,0.000,0.000,0.00
1777903548,loop27,0.00,0.00,0.000,0.000,0.00
1777903548,loop28,0.00,0.00,0.000,0.000,0.00
1777903548,loop29,0.00,0.00,0.000,0.000,0.00
1777903548,loop3,0.00,0.00,0.000,0.000,0.00
1777903548,loop30,0.00,0.00,0.000,0.000,0.00
1777903548,loop31,0.00,0.00,0.000,0.000,0.00
1777903548,loop32,0.00,0.00,0.000,0.000,0.00
1777903548,loop33,0.00,0.00,0.000,0.000,0.00
1777903548,loop34,0.00,0.00,0.000,0.000,0.00
1777903548,loop35,0.00,0.00,0.000,0.000,0.00
1777903548,loop36,0.00,0.00,0.000,0.000,0.00
1777903548,loop37,0.00,0.00,0.000,0.000,0.00
1777903548,loop38,0.00,0.00,0.000,0.000,0.00
1777903548,loop39,0.00,0.00,0.000,0.000,0.00
1777903548,loop4,0.00,0.00,0.000,0.000,0.00
1777903548,loop40,0.00,0.00,0.000,0.000,0.00
1777903548,loop5,0.00,0.00,0.000,0.000,0.00
1777903548,loop6,0.00,0.00,0.000,0.000,0.00
1777903548,loop7,0.00,0.00,0.000,0.000,0.00
1777903548,loop8,0.00,0.00,0.000,0.000,0.00
1777903548,loop9,0.00,0.00,0.000,0.000,0.00
1777903548,nvme0n1,4.00,16.00,0.000,0.000,0.20
1777903549,loop0,0.00,0.00,0.000,0.000,0.00
1777903549,loop1,0.00,0.00,0.000,0.000,0.00
1777903549,loop10,0.00,0.00,0.000,0.000,0.00
1777903549,loop11,0.00,0.00,0.000,0.000,0.00
1777903549,loop12,0.00,0.00,0.000,0.000,0.00
1777903549,loop13,0.00,0.00,0.000,0.000,0.00
1777903549,loop14,0.00,0.00,0.000,0.000,0.00
1777903549,loop15,0.00,0.00,0.000,0.000,0.00
1777903549,loop16,0.00,0.00,0.000,0.000,0.00
1777903549,loop17,0.00,0.00,0.000,0.000,0.00
1777903549,loop18,0.00,0.00,0.000,0.000,0.00
1777903549,loop19,0.00,0.00,0.000,0.000,0.00
1777903549,loop2,0.00,0.00,0.000,0.000,0.00
1777903549,loop20,0.00,0.00,0.000,0.000,0.00
1777903549,loop21,0.00,0.00,0.000,0.000,0.00
1777903549,loop22,0.00,0.00,0.000,0.000,0.00
1777903549,loop23,0.00,0.00,0.000,0.000,0.00
1777903549,loop24,0.00,0.00,0.000,0.000,0.00
1777903549,loop25,0.00,0.00,0.000,0.000,0.00
1777903549,loop26,0.00,0.00,0.000,0.000,0.00
1777903549,loop27,0.00,0.00,0.000,0.000,0.00
1777903549,loop28,0.00,0.00,0.000,0.000,0.00
1777903549,loop29,0.00,0.00,0.000,0.000,0.00
1777903549,loop3,0.00,0.00,0.000,0.000,0.00
1777903549,loop30,0.00,0.00,0.000,0.000,0.00
1777903549,loop31,0.00,0.00,0.000,0.000,0.00
1777903549,loop32,0.00,0.00,0.000,0.000,0.00
1777903549,loop33,0.00,0.00,0.000,0.000,0.00
1777903549,loop34,0.00,0.00,0.000,0.000,0.00
1777903549,loop35,0.00,0.00,0.000,0.000,0.00
1777903549,loop36,0.00,0.00,0.000,0.000,0.00
1777903549,loop37,0.00,0.00,0.000,0.000,0.00
1777903549,loop38,0.00,0.00,0.000,0.000,0.00
1777903549,loop39,0.00,0.00,0.000,0.000,0.00
1777903549,loop4,0.00,0.00,0.000,0.000,0.00
1777903549,loop40,0.00,0.00,0.000,0.000,0.00
1777903549,loop5,0.00,0.00,0.000,0.000,0.00
1777903549,loop6,0.00,0.00,0.000,0.000,0.00
1777903549,loop7,0.00,0.00,0.000,0.000,0.00
1777903549,loop8,0.00,0.00,0.000,0.000,0.00
1777903549,loop9,0.00,0.00,0.000,0.000,0.00
1777903549,nvme0n1,4.00,16.00,0.000,0.000,0.10
1777903550,loop0,0.00,0.00,0.000,0.000,0.00
1777903550,loop1,0.00,0.00,0.000,0.000,0.00
1777903550,loop10,0.00,0.00,0.000,0.000,0.00
1777903550,loop11,0.00,0.00,0.000,0.000,0.00
1777903550,loop12,0.00,0.00,0.000,0.000,0.00
1777903550,loop13,0.00,0.00,0.000,0.000,0.00
1777903550,loop14,0.00,0.00,0.000,0.000,0.00
1777903550,loop15,0.00,0.00,0.000,0.000,0.00
1777903550,loop16,0.00,0.00,0.000,0.000,0.00
1777903550,loop17,0.00,0.00,0.000,0.000,0.00
1777903550,loop18,0.00,0.00,0.000,0.000,0.00
1777903550,loop19,0.00,0.00,0.000,0.000,0.00
1777903550,loop2,0.00,0.00,0.000,0.000,0.00
1777903550,loop20,0.00,0.00,0.000,0.000,0.00
1777903550,loop21,0.00,0.00,0.000,0.000,0.00
1777903550,loop22,0.00,0.00,0.000,0.000,0.00
1777903550,loop23,0.00,0.00,0.000,0.000,0.00
1777903550,loop24,0.00,0.00,0.000,0.000,0.00
1777903550,loop25,0.00,0.00,0.000,0.000,0.00
1777903550,loop26,0.00,0.00,0.000,0.000,0.00
1777903550,loop27,0.00,0.00,0.000,0.000,0.00
1777903550,loop28,0.00,0.00,0.000,0.000,0.00
1777903550,loop29,0.00,0.00,0.000,0.000,0.00
1777903550,loop3,0.00,0.00,0.000,0.000,0.00
1777903550,loop30,0.00,0.00,0.000,0.000,0.00
1777903550,loop31,0.00,0.00,0.000,0.000,0.00
1777903550,loop32,0.00,0.00,0.000,0.000,0.00
1777903550,loop33,0.00,0.00,0.000,0.000,0.00
1777903550,loop34,0.00,0.00,0.000,0.000,0.00
1777903550,loop35,0.00,0.00,0.000,0.000,0.00
1777903550,loop36,0.00,0.00,0.000,0.000,0.00
1777903550,loop37,0.00,0.00,0.000,0.000,0.00
1777903550,loop38,0.00,0.00,0.000,0.000,0.00
1777903550,loop39,0.00,0.00,0.000,0.000,0.00
1777903550,loop4,0.00,0.00,0.000,0.000,0.00
1777903550,loop40,0.00,0.00,0.000,0.000,0.00
1777903550,loop5,0.00,0.00,0.000,0.000,0.00
1777903550,loop6,0.00,0.00,0.000,0.000,0.00
1777903550,loop7,0.00,0.00,0.000,0.000,0.00
1777903550,loop8,0.00,0.00,0.000,0.000,0.00
1777903550,loop9,0.00,0.00,0.000,0.000,0.00
1777903550,nvme0n1,0.00,0.00,0.000,0.000,0.00
