t_unix,device,r_iops,w_iops,r_mb_s,w_mb_s,util_pct
1777907506,loop0,0.00,0.00,0.000,0.000,0.00
1777907506,loop1,0.00,0.00,0.000,0.000,0.00
1777907506,loop10,0.00,0.00,0.000,0.000,0.00
1777907506,loop11,0.00,0.00,0.000,0.000,0.00
1777907506,loop12,0.00,0.00,0.000,0.000,0.00
1777907506,loop13,0.00,0.00,0.000,0.000,0.00
1777907506,loop14,0.00,0.00,0.000,0.000,0.00
1777907506,loop15,0.00,0.00,0.000,0.000,0.00
1777907506,loop16,0.00,0.00,0.000,0.000,0.00
1777907506,loop17,0.00,0.00,0.000,0.000,0.00
1777907506,loop18,0.00,0.00,0.000,0.000,0.00
1777907506,loop19,0.00,0.00,0.000,0.000,0.00
1777907506,loop2,0.00,0.00,0.000,0.000,0.00
1777907506,loop20,0.00,0.00,0.000,0.000,0.00
1777907506,loop21,0.00,0.00,0.000,0.000,0.00
1777907506,loop22,0.00,0.00,0.000,0.000,0.00
1777907506,loop23,0.00,0.00,0.000,0.000,0.00
1777907506,loop24,0.00,0.00,0.000,0.000,0.00
1777907506,loop25,0.00,0.00,0.000,0.000,0.00
1777907506,loop26,0.00,0.00,0.000,0.000,0.00
1777907506,loop27,0.00,0.00,0.000,0.000,0.00
1777907506,loop28,0.00,0.00,0.000,0.000,0.00
1777907506,loop29,0.00,0.00,0.000,0.000,0.00
1777907506,loop3,0.00,0.00,0.000,0.000,0.00
1777907506,loop30,0.00,0.00,0.000,0.000,0.00
1777907506,loop31,0.00,0.00,0.000,0.000,0.00
1777907506,loop32,0.00,0.00,0.000,0.000,0.00
1777907506,loop33,0.00,0.00,0.000,0.000,0.00
1777907506,loop34,0.00,0.00,0.000,0.000,0.00
1777907506,loop35,0.00,0.00,0.000,0.000,0.00
1777907506,loop36,0.00,0.00,0.000,0.000,0.00
1777907506,loop37,0.00,0.00,0.000,0.000,0.00
1777907506,loop38,0.00,0.00,0.000,0.000,0.00
1777907506,loop39,0.00,0.00,0.000,0.000,0.00
1777907506,loop4,0.00,0.00,0.000,0.000,0.00
1777907506,loop40,0.00,0.00,0.000,0.000,0.00
1777907506,loop5,0.00,0.00,0.000,0.000,0.00
1777907506,loop6,0.00,0.00,0.000,0.000,0.00
1777907506,loop7,0.00,0.00,0.000,0.000,0.00
1777907506,loop8,0.00,0.00,0.000,0.000,0.00
1777907506,loop9,0.00,0.00,0.000,0.000,0.00
1777907506,nvme0n1,0.99,3.96,0.000,0.000,0.40
1777907507,loop0,0.00,0.00,0.000,0.000,0.00
1777907507,loop1,0.00,0.00,0.000,0.000,0.00
1777907507,loop10,0.00,0.00,0.000,0.000,0.00
1777907507,loop11,0.00,0.00,0.000,0.000,0.00
1777907507,loop12,0.00,0.00,0.000,0.000,0.00
1777907507,loop13,0.00,0.00,0.000,0.000,0.00
1777907507,loop14,0.00,0.00,0.000,0.000,0.00
1777907507,loop15,0.00,0.00,0.000,0.000,0.00
1777907507,loop16,0.00,0.00,0.000,0.000,0.00
1777907507,loop17,0.00,0.00,0.000,0.000,0.00
1777907507,loop18,0.00,0.00,0.000,0.000,0.00
1777907507,loop19,0.00,0.00,0.000,0.000,0.00
1777907507,loop2,0.00,0.00,0.000,0.000,0.00
1777907507,loop20,0.00,0.00,0.000,0.000,0.00
1777907507,loop21,0.00,0.00,0.000,0.000,0.00
1777907507,loop22,0.00,0.00,0.000,0.000,0.00
1777907507,loop23,0.00,0.00,0.000,0.000,0.00
1777907507,loop24,0.00,0.00,0.000,0.000,0.00
1777907507,loop25,0.00,0.00,0.000,0.000,0.00
1777907507,loop26,0.00,0.00,0.000,0.000,0.00
1777907507,loop27,0.00,0.00,0.000,0.000,0.00
1777907507,loop28,0.00,0.00,0.000,0.000,0.00
1777907507,loop29,0.00,0.00,0.000,0.000,0.00
1777907507,loop3,0.00,0.00,0.000,0.000,0.00
1777907507,loop30,0.00,0.00,0.000,0.000,0.00
1777907507,loop31,0.00,0.00,0.000,0.000,0.00
1777907507,loop32,0.00,0.00,0.000,0.000,0.00
1777907507,loop33,0.00,0.00,0.000,0.000,0.00
1777907507,loop34,0.00,0.00,0.000,0.000,0.00
1777907507,loop35,0.00,0.00,0.000,0.000,0.00
1777907507,loop36,0.00,0.00,0.000,0.000,0.00
1777907507,loop37,0.00,0.00,0.000,0.000,0.00
1777907507,loop38,0.00,0.00,0.000,0.000,0.00
1777907507,loop39,0.00,0.00,0.000,0.000,0.00
1777907507,loop4,0.00,0.00,0.000,0.000,0.00
1777907507,loop40,0.00,0.00,0.000,0.000,0.00
1777907507,loop5,0.00,0.00,0.000,0.000,0.00
1777907507,loop6,0.00,0.00,0.000,0.000,0.00
1777907507,loop7,0.00,0.00,0.000,0.000,0.00
1777907507,loop8,0.00,0.00,0.000,0.000,0.00
1777907507,loop9,0.00,0.00,0.000,0.000,0.00
1777907507,nvme0n1,0.00,0.00,0.000,0.000,0.70
1777907508,loop0,0.00,0.00,0.000,0.000,0.00
1777907508,loop1,0.00,0.00,0.000,0.000,0.00
1777907508,loop10,0.00,0.00,0.000,0.000,0.00
1777907508,loop11,0.00,0.00,0.000,0.000,0.00
1777907508,loop12,0.00,0.00,0.000,0.000,0.00
1777907508,loop13,0.00,0.00,0.000,0.000,0.00
1777907508,loop14,0.00,0.00,0.000,0.000,0.00
1777907508,loop15,0.00,0.00,0.000,0.000,0.00
1777907508,loop16,0.00,0.00,0.000,0.000,0.00
1777907508,loop17,0.00,0.00,0.000,0.000,0.00
1777907508,loop18,0.00,0.00,0.000,0.000,0.00
1777907508,loop19,0.00,0.00,0.000,0.000,0.00
1777907508,loop2,0.00,0.00,0.000,0.000,0.00
1777907508,loop20,0.00,0.00,0.000,0.000,0.00
1777907508,loop21,0.00,0.00,0.000,0.000,0.00
1777907508,loop22,0.00,0.00,0.000,0.000,0.00
1777907508,loop23,0.00,0.00,0.000,0.000,0.00
1777907508,loop24,0.00,0.00,0.000,0.000,0.00
1777907508,loop25,0.00,0.00,0.000,0.000,0.00
1777907508,loop26,0.00,0.00,0.000,0.000,0.00
1777907508,loop27,0.00,0.00,0.000,0.000,0.00
1777907508,loop28,0.00,0.00,0.000,0.000,0.00
1777907508,loop29,0.00,0.00,0.000,0.000,0.00
1777907508,loop3,0.00,0.00,0.000,0.000,0.00
1777907508,loop30,0.00,0.00,0.000,0.000,0.00
1777907508,loop31,0.00,0.00,0.000,0.000,0.00
1777907508,loop32,0.00,0.00,0.000,0.000,0.00
1777907508,loop33,0.00,0.00,0.000,0.000,0.00
1777907508,loop34,0.00,0.00,0.000,0.000,0.00
1777907508,loop35,0.00,0.00,0.000,0.000,0.00
1777907508,loop36,0.00,0.00,0.000,0.000,0.00
1777907508,loop37,0.00,0.00,0.000,0.000,0.00
1777907508,loop38,0.00,0.00,0.000,0.000,0.00
1777907508,loop39,0.00,0.00,0.000,0.000,0.00
1777907508,loop4,0.00,0.00,0.000,0.000,0.00
1777907508,loop40,0.00,0.00,0.000,0.000,0.00
1777907508,loop5,0.00,0.00,0.000,0.000,0.00
1777907508,loop6,0.00,0.00,0.000,0.000,0.00
1777907508,loop7,0.00,0.00,0.000,0.000,0.00
1777907508,loop8,0.00,0.00,0.000,0.000,0.00
1777907508,loop9,0.00,0.00,0.000,0.000,0.00
1777907508,nvme0n1,0.00,0.00,0.000,0.000,0.00
1777907509,loop0,0.00,0.00,0.000,0.000,0.00
1777907509,loop1,0.00,0.00,0.000,0.000,0.00
1777907509,loop10,0.00,0.00,0.000,0.000,0.00
1777907509,loop11,0.00,0.00,0.000,0.000,0.00
1777907509,loop12,0.00,0.00,0.000,0.000,0.00
1777907509,loop13,0.00,0.00,0.000,0.000,0.00
1777907509,loop14,0.00,0.00,0.000,0.000,0.00
1777907509,loop15,0.00,0.00,0.000,0.000,0.00
1777907509,loop16,0.00,0.00,0.000,0.000,0.00
1777907509,loop17,0.00,0.00,0.000,0.000,0.00
1777907509,loop18,0.00,0.00,0.000,0.000,0.00
1777907509,loop19,0.00,0.00,0.000,0.000,0.00
1777907509,loop2,0.00,0.00,0.000,0.000,0.00
1777907509,loop20,0.00,0.00,0.000,0.000,0.00
1777907509,loop21,0.00,0.00,0.000,0.000,0.00
1777907509,loop22,0.00,0.00,0.000,0.000,0.00
1777907509,loop23,0.00,0.00,0.000,0.000,0.00
1777907509,loop24,0.00,0.00,0.000,0.000,0.00
1777907509,loop25,0.00,0.00,0.000,0.000,0.00
1777907509,loop26,0.00,0.00,0.000,0.000,0.00
1777907509,loop27,0.00,0.00,0.000,0.000,0.00
1777907509,loop28,0.00,0.00,0.000,0.000,0.00
1777907509,loop29,0.00,0.00,0.000,0.000,0.00
1777907509,loop3,0.00,0.00,0.000,0.000,0.00
1777907509,loop30,0.00,0.00,0.000,0.000,0.00
1777907509,loop31,0.00,0.00,0.000,0.000,0.00
1777907509,loop32,0.00,0.00,0.000,0.000,0.00
1777907509,loop33,0.00,0.00,0.000,0.000,0.00
1777907509,loop34,0.00,0.00,0.000,0.000,0.00
1777907509,loop35,0.00,0.00,0.000,0.000,0.00
1777907509,loop36,0.00,0.00,0.000,0.000,0.00
1777907509,loop37,0.00,0.00,0.000,0.000,0.00
1777907509,loop38,0.00,0.00,0.000,0.000,0.00
1777907509,loop39,0.00,0.00,0.000,0.000,0.00
1777907509,loop4,0.00,0.00,0.000,0.000,0.00
1777907509,loop40,0.00,0.00,0.000,0.000,0.00
1777907509,loop5,0.00,0.00,0.000,0.000,0.00
1777907509,loop6,0.00,0.00,0.000,0.000,0.00
1777907509,loop7,0.00,0.00,0.000,0.000,0.00
1777907509,loop8,0.00,0.00,0.000,0.000,0.00
1777907509,loop9,0.00,0.00,0.000,0.000,0.00
1777907509,nvme0n1,0.00,0.00,0.000,0.000,0.00
1777907510,loop0,0.00,0.00,0.000,0.000,0.00
1777907510,loop1,0.00,0.00,0.000,0.000,0.00
1777907510,loop10,0.00,0.00,0.000,0.000,0.00
1777907510,loop11,0.00,0.00,0.000,0.000,0.00
1777907510,loop12,0.00,0.00,0.000,0.000,0.00
1777907510,loop13,0.00,0.00,0.000,0.000,0.00
1777907510,loop14,0.00,0.00,0.000,0.000,0.00
1777907510,loop15,0.00,0.00,0.000,0.000,0.00
1777907510,loop16,0.00,0.00,0.000,0.000,0.00
1777907510,loop17,0.00,0.00,0.000,0.000,0.00
1777907510,loop18,0.00,0.00,0.000,0.000,0.00
1777907510,loop19,0.00,0.00,0.000,0.000,0.00
1777907510,loop2,0.00,0.00,0.000,0.000,0.00
1777907510,loop20,0.00,0.00,0.000,0.000,0.00
1777907510,loop21,0.00,0.00,0.000,0.000,0.00
1777907510,loop22,0.00,0.00,0.000,0.000,0.00
1777907510,loop23,0.00,0.00,0.000,0.000,0.00
1777907510,loop24,0.00,0.00,0.000,0.000,0.00
1777907510,loop25,0.00,0.00,0.000,0.000,0.00
1777907510,loop26,0.00,0.00,0.000,0.000,0.00
1777907510,loop27,0.00,0.00,0.000,0.000,0.00
1777907510,loop28,0.00,0.00,0.000,0.000,0.00
1777907510,loop29,0.00,0.00,0.000,0.000,0.00
1777907510,loop3,0.00,0.00,0.000,0.000,0.00
1777907510,loop30,0.00,0.00,0.000,0.000,0.00
1777907510,loop31,0.00,0.00,0.000,0.000,0.00
1777907510,loop32,0.00,0.00,0.000,0.000,0.00
1777907510,loop33,0.00,0.00,0.000,0.000,0.00
1777907510,loop34,0.00,0.00,0.000,0.000,0.00
1777907510,loop35,0.00,0.00,0.000,0.000,0.00
1777907510,loop36,0.00,0.00,0.000,0.000,0.00
1777907510,loop37,0.00,0.00,0.000,0.000,0.00
1777907510,loop38,0.00,0.00,0.000,0.000,0.00
1777907510,loop39,0.00,0.00,0.000,0.000,0.00
1777907510,loop4,0.00,0.00,0.000,0.000,0.00
1777907510,loop40,0.00,0.00,0.000,0.000,0.00
1777907510,loop5,0.00,0.00,0.000,0.000,0.00
1777907510,loop6,0.00,0.00,0.000,0.000,0.00
1777907510,loop7,0.00,0.00,0.000,0.000,0.00
1777907510,loop8,0.00,0.00,0.000,0.000,0.00
1777907510,loop9,0.00,0.00,0.000,0.000,0.00
1777907510,nvme0n1,0.00,0.00,0.000,0.000,0.00
1777907511,loop0,0.00,0.00,0.000,0.000,0.00
1777907511,loop1,0.00,0.00,0.000,0.000,0.00
1777907511,loop10,0.00,0.00,0.000,0.000,0.00
1777907511,loop11,0.00,0.00,0.000,0.000,0.00
1777907511,loop12,0.00,0.00,0.000,0.000,0.00
1777907511,loop13,0.00,0.00,0.000,0.000,0.00
1777907511,loop14,0.00,0.00,0.000,0.000,0.00
1777907511,loop15,0.00,0.00,0.000,0.000,0.00
1777907511,loop16,0.00,0.00,0.000,0.000,0.00
1777907511,loop17,0.00,0.00,0.000,0.000,0.00
1777907511,loop18,0.00,0.00,0.000,0.000,0.00
1777907511,loop19,0.00,0.00,0.000,0.000,0.00
1777907511,loop2,0.00,0.00,0.000,0.000,0.00
1777907511,loop20,0.00,0.00,0.000,0.000,0.00
1777907511,loop21,0.00,0.00,0.000,0.000,0.00
1777907511,loop22,0.00,0.00,0.000,0.000,0.00
1777907511,loop23,0.00,0.00,0.000,0.000,0.00
1777907511,loop24,0.00,0.00,0.000,0.000,0.00
1777907511,loop25,0.00,0.00,0.000,0.000,0.00
1777907511,loop26,0.00,0.00,0.000,0.000,0.00
1777907511,loop27,0.00,0.00,0.000,0.000,0.00
1777907511,loop28,0.00,0.00,0.000,0.000,0.00
1777907511,loop29,0.00,0.00,0.000,0.000,0.00
1777907511,loop3,0.00,0.00,0.000,0.000,0.00
1777907511,loop30,0.00,0.00,0.000,0.000,0.00
1777907511,loop31,0.00,0.00,0.000,0.000,0.00
1777907511,loop32,0.00,0.00,0.000,0.000,0.00
1777907511,loop33,0.00,0.00,0.000,0.000,0.00
1777907511,loop34,0.00,0.00,0.000,0.000,0.00
1777907511,loop35,0.00,0.00,0.000,0.000,0.00
1777907511,loop36,0.00,0.00,0.000,0.000,0.00
1777907511,loop37,0.00,0.00,0.000,0.000,0.00
1777907511,loop38,0.00,0.00,0.000,0.000,0.00
1777907511,loop39,0.00,0.00,0.000,0.000,0.00
1777907511,loop4,0.00,0.00,0.000,0.000,0.00
1777907511,loop40,0.00,0.00,0.000,0.000,0.00
1777907511,loop5,0.00,0.00,0.000,0.000,0.00
1777907511,loop6,0.00,0.00,0.000,0.000,0.00
1777907511,loop7,0.00,0.00,0.000,0.000,0.00
1777907511,loop8,0.00,0.00,0.000,0.000,0.00
1777907511,loop9,0.00,0.00,0.000,0.000,0.00
1777907511,nvme0n1,0.00,0.00,0.000,0.000,0.00
1777907512,loop0,0.00,0.00,0.000,0.000,0.00
1777907512,loop1,0.00,0.00,0.000,0.000,0.00
1777907512,loop10,0.00,0.00,0.000,0.000,0.00
1777907512,loop11,0.00,0.00,0.000,0.000,0.00
1777907512,loop12,0.00,0.00,0.000,0.000,0.00
1777907512,loop13,0.00,0.00,0.000,0.000,0.00
1777907512,loop14,0.00,0.00,0.000,0.000,0.00
1777907512,loop15,0.00,0.00,0.000,0.000,0.00
1777907512,loop16,0.00,0.00,0.000,0.000,0.00
1777907512,loop17,0.00,0.00,0.000,0.000,0.00
1777907512,loop18,0.00,0.00,0.000,0.000,0.00
1777907512,loop19,0.00,0.00,0.000,0.000,0.00
1777907512,loop2,0.00,0.00,0.000,0.000,0.00
1777907512,loop20,0.00,0.00,0.000,0.000,0.00
1777907512,loop21,0.00,0.00,0.000,0.000,0.00
1777907512,loop22,0.00,0.00,0.000,0.000,0.00
1777907512,loop23,0.00,0.00,0.000,0.000,0.00
1777907512,loop24,0.00,0.00,0.000,0.000,0.00
1777907512,loop25,0.00,0.00,0.000,0.000,0.00
1777907512,loop26,0.00,0.00,0.000,0.000,0.00
1777907512,loop27,0.00,0.00,0.000,0.000,0.00
1777907512,loop28,0.00,0.00,0.000,0.000,0.00
1777907512,loop29,0.00,0.00,0.000,0.000,0.00
1777907512,loop3,0.00,0.00,0.000,0.000,0.00
1777907512,loop30,0.00,0.00,0.000,0.000,0.00
1777907512,loop31,0.00,0.00,0.000,0.000,0.00
1777907512,loop32,0.00,0.00,0.000,0.000,0.00
1777907512,loop33,0.00,0.00,0.000,0.000,0.00
1777907512,loop34,0.00,0.00,0.000,0.000,0.00
1777907512,loop35,0.00,0.00,0.000,0.000,0.00
1777907512,loop36,0.00,0.00,0.000,0.000,0.00
1777907512,loop37,0.00,0.00,0.000,0.000,0.00
1777907512,loop38,0.00,0.00,0.000,0.000,0.00
1777907512,loop39,0.00,0.00,0.000,0.000,0.00
1777907512,loop4,0.00,0.00,0.000,0.000,0.00
1777907512,loop40,0.00,0.00,0.000,0.000,0.00
1777907512,loop5,0.00,0.00,0.000,0.000,0.00
1777907512,loop6,0.00,0.00,0.000,0.000,0.00
1777907512,loop7,0.00,0.00,0.000,0.000,0.00
1777907512,loop8,0.00,0.00,0.000,0.000,0.00
1777907512,loop9,0.00,0.00,0.000,0.000,0.00
1777907512,nvme0n1,0.00,0.00,0.000,0.000,5.40
1777907513,loop0,0.00,0.00,0.000,0.000,0.00
1777907513,loop1,0.00,0.00,0.000,0.000,0.00
1777907513,loop10,0.00,0.00,0.000,0.000,0.00
1777907513,loop11,0.00,0.00,0.000,0.000,0.00
1777907513,loop12,0.00,0.00,0.000,0.000,0.00
1777907513,loop13,0.00,0.00,0.000,0.000,0.00
1777907513,loop14,0.00,0.00,0.000,0.000,0.00
1777907513,loop15,0.00,0.00,0.000,0.000,0.00
1777907513,loop16,0.00,0.00,0.000,0.000,0.00
1777907513,loop17,0.00,0.00,0.000,0.000,0.00
1777907513,loop18,0.00,0.00,0.000,0.000,0.00
1777907513,loop19,0.00,0.00,0.000,0.000,0.00
1777907513,loop2,0.00,0.00,0.000,0.000,0.00
1777907513,loop20,0.00,0.00,0.000,0.000,0.00
1777907513,loop21,0.00,0.00,0.000,0.000,0.00
1777907513,loop22,0.00,0.00,0.000,0.000,0.00
1777907513,loop23,0.00,0.00,0.000,0.000,0.00
1777907513,loop24,0.00,0.00,0.000,0.000,0.00
1777907513,loop25,0.00,0.00,0.000,0.000,0.00
1777907513,loop26,0.00,0.00,0.000,0.000,0.00
1777907513,loop27,0.00,0.00,0.000,0.000,0.00
1777907513,loop28,0.00,0.00,0.000,0.000,0.00
1777907513,loop29,0.00,0.00,0.000,0.000,0.00
1777907513,loop3,0.00,0.00,0.000,0.000,0.00
1777907513,loop30,0.00,0.00,0.000,0.000,0.00
1777907513,loop31,0.00,0.00,0.000,0.000,0.00
1777907513,loop32,0.00,0.00,0.000,0.000,0.00
1777907513,loop33,0.00,0.00,0.000,0.000,0.00
1777907513,loop34,0.00,0.00,0.000,0.000,0.00
1777907513,loop35,0.00,0.00,0.000,0.000,0.00
1777907513,loop36,0.00,0.00,0.000,0.000,0.00
1777907513,loop37,0.00,0.00,0.000,0.000,0.00
1777907513,loop38,0.00,0.00,0.000,0.000,0.00
1777907513,loop39,0.00,0.00,0.000,0.000,0.00
1777907513,loop4,0.00,0.00,0.000,0.000,0.00
1777907513,loop40,0.00,0.00,0.000,0.000,0.00
1777907513,loop5,0.00,0.00,0.000,0.000,0.00
1777907513,loop6,0.00,0.00,0.000,0.000,0.00
1777907513,loop7,0.00,0.00,0.000,0.000,0.00
1777907513,loop8,0.00,0.00,0.000,0.000,0.00
1777907513,loop9,0.00,0.00,0.000,0.000,0.00
1777907513,nvme0n1,0.00,0.00,0.000,0.000,0.60
1777907514,loop0,0.00,0.00,0.000,0.000,0.00
1777907514,loop1,0.00,0.00,0.000,0.000,0.00
1777907514,loop10,0.00,0.00,0.000,0.000,0.00
1777907514,loop11,0.00,0.00,0.000,0.000,0.00
1777907514,loop12,0.00,0.00,0.000,0.000,0.00
1777907514,loop13,0.00,0.00,0.000,0.000,0.00
1777907514,loop14,0.00,0.00,0.000,0.000,0.00
1777907514,loop15,0.00,0.00,0.000,0.000,0.00
1777907514,loop16,0.00,0.00,0.000,0.000,0.00
1777907514,loop17,0.00,0.00,0.000,0.000,0.00
1777907514,loop18,0.00,0.00,0.000,0.000,0.00
1777907514,loop19,0.00,0.00,0.000,0.000,0.00
1777907514,loop2,0.00,0.00,0.000,0.000,0.00
1777907514,loop20,0.00,0.00,0.000,0.000,0.00
1777907514,loop21,0.00,0.00,0.000,0.000,0.00
1777907514,loop22,0.00,0.00,0.000,0.000,0.00
1777907514,loop23,0.00,0.00,0.000,0.000,0.00
1777907514,loop24,0.00,0.00,0.000,0.000,0.00
1777907514,loop25,0.00,0.00,0.000,0.000,0.00
1777907514,loop26,0.00,0.00,0.000,0.000,0.00
1777907514,loop27,0.00,0.00,0.000,0.000,0.00
1777907514,loop28,0.00,0.00,0.000,0.000,0.00
1777907514,loop29,0.00,0.00,0.000,0.000,0.00
1777907514,loop3,0.00,0.00,0.000,0.000,0.00
1777907514,loop30,0.00,0.00,0.000,0.000,0.00
1777907514,loop31,0.00,0.00,0.000,0.000,0.00
1777907514,loop32,0.00,0.00,0.000,0.000,0.00
1777907514,loop33,0.00,0.00,0.000,0.000,0.00
1777907514,loop34,0.00,0.00,0.000,0.000,0.00
1777907514,loop35,0.00,0.00,0.000,0.000,0.00
1777907514,loop36,0.00,0.00,0.000,0.000,0.00
1777907514,loop37,0.00,0.00,0.000,0.000,0.00
1777907514,loop38,0.00,0.00,0.000,0.000,0.00
1777907514,loop39,0.00,0.00,0.000,0.000,0.00
1777907514,loop4,0.00,0.00,0.000,0.000,0.00
1777907514,loop40,0.00,0.00,0.000,0.000,0.00
1777907514,loop5,0.00,0.00,0.000,0.000,0.00
1777907514,loop6,0.00,0.00,0.000,0.000,0.00
1777907514,loop7,0.00,0.00,0.000,0.000,0.00
1777907514,loop8,0.00,0.00,0.000,0.000,0.00
1777907514,loop9,0.00,0.00,0.000,0.000,0.00
1777907514,nvme0n1,0.00,0.00,0.000,0.000,0.00
1777907515,loop0,0.00,0.00,0.000,0.000,0.00
1777907515,loop1,0.00,0.00,0.000,0.000,0.00
1777907515,loop10,0.00,0.00,0.000,0.000,0.00
1777907515,loop11,0.00,0.00,0.000,0.000,0.00
1777907515,loop12,0.00,0.00,0.000,0.000,0.00
1777907515,loop13,0.00,0.00,0.000,0.000,0.00
1777907515,loop14,0.00,0.00,0.000,0.000,0.00
1777907515,loop15,0.00,0.00,0.000,0.000,0.00
1777907515,loop16,0.00,0.00,0.000,0.000,0.00
1777907515,loop17,0.00,0.00,0.000,0.000,0.00
1777907515,loop18,0.00,0.00,0.000,0.000,0.00
1777907515,loop19,0.00,0.00,0.000,0.000,0.00
1777907515,loop2,0.00,0.00,0.000,0.000,0.00
1777907515,loop20,0.00,0.00,0.000,0.000,0.00
1777907515,loop21,0.00,0.00,0.000,0.000,0.00
1777907515,loop22,0.00,0.00,0.000,0.000,0.00
1777907515,loop23,0.00,0.00,0.000,0.000,0.00
1777907515,loop24,0.00,0.00,0.000,0.000,0.00
1777907515,loop25,0.00,0.00,0.000,0.000,0.00
1777907515,loop26,0.00,0.00,0.000,0.000,0.00
1777907515,loop27,0.00,0.00,0.000,0.000,0.00
1777907515,loop28,0.00,0.00,0.000,0.000,0.00
1777907515,loop29,0.00,0.00,0.000,0.000,0.00
1777907515,loop3,0.00,0.00,0.000,0.000,0.00
1777907515,loop30,0.00,0.00,0.000,0.000,0.00
1777907515,loop31,0.00,0.00,0.000,0.000,0.00
1777907515,loop32,0.00,0.00,0.000,0.000,0.00
1777907515,loop33,0.00,0.00,0.000,0.000,0.00
1777907515,loop34,0.00,0.00,0.000,0.000,0.00
1777907515,loop35,0.00,0.00,0.000,0.000,0.00
1777907515,loop36,0.00,0.00,0.000,0.000,0.00
1777907515,loop37,0.00,0.00,0.000,0.000,0.00
1777907515,loop38,0.00,0.00,0.000,0.000,0.00
1777907515,loop39,0.00,0.00,0.000,0.000,0.00
1777907515,loop4,0.00,0.00,0.000,0.000,0.00
1777907515,loop40,0.00,0.00,0.000,0.000,0.00
1777907515,loop5,0.00,0.00,0.000,0.000,0.00
1777907515,loop6,0.00,0.00,0.000,0.000,0.00
1777907515,loop7,0.00,0.00,0.000,0.000,0.00
1777907515,loop8,0.00,0.00,0.000,0.000,0.00
1777907515,loop9,0.00,0.00,0.000,0.000,0.00
1777907515,nvme0n1,0.00,0.00,0.000,0.000,0.00
1777907516,loop0,0.00,0.00,0.000,0.000,0.00
1777907516,loop1,0.00,0.00,0.000,0.000,0.00
1777907516,loop10,0.00,0.00,0.000,0.000,0.00
1777907516,loop11,0.00,0.00,0.000,0.000,0.00
1777907516,loop12,0.00,0.00,0.000,0.000,0.00
1777907516,loop13,0.00,0.00,0.000,0.000,0.00
1777907516,loop14,0.00,0.00,0.000,0.000,0.00
1777907516,loop15,0.00,0.00,0.000,0.000,0.00
1777907516,loop16,0.00,0.00,0.000,0.000,0.00
1777907516,loop17,0.00,0.00,0.000,0.000,0.00
1777907516,loop18,0.00,0.00,0.000,0.000,0.00
1777907516,loop19,0.00,0.00,0.000,0.000,0.00
1777907516,loop2,0.00,0.00,0.000,0.000,0.00
1777907516,loop20,0.00,0.00,0.000,0.000,0.00
1777907516,loop21,0.00,0.00,0.000,0.000,0.00
1777907516,loop22,0.00,0.00,0.000,0.000,0.00
1777907516,loop23,0.00,0.00,0.000,0.000,0.00
1777907516,loop24,0.00,0.00,0.000,0.000,0.00
1777907516,loop25,0.00,0.00,0.000,0.000,0.00
1777907516,loop26,0.00,0.00,0.000,0.000,0.00
1777907516,loop27,0.00,0.00,0.000,0.000,0.00
1777907516,loop28,0.00,0.00,0.000,0.000,0.00
1777907516,loop29,0.00,0.00,0.000,0.000,0.00
1777907516,loop3,0.00,0.00,0.000,0.000,0.00
1777907516,loop30,0.00,0.00,0.000,0.000,0.00
1777907516,loop31,0.00,0.00,0.000,0.000,0.00
1777907516,loop32,0.00,0.00,0.000,0.000,0.00
1777907516,loop33,0.00,0.00,0.000,0.000,0.00
1777907516,loop34,0.00,0.00,0.000,0.000,0.00
1777907516,loop35,0.00,0.00,0.000,0.000,0.00
1777907516,loop36,0.00,0.00,0.000,0.000,0.00
1777907516,loop37,0.00,0.00,0.000,0.000,0.00
1777907516,loop38,0.00,0.00,0.000,0.000,0.00
1777907516,loop39,0.00,0.00,0.000,0.000,0.00
1777907516,loop4,0.00,0.00,0.000,0.000,0.00
1777907516,loop40,0.00,0.00,0.000,0.000,0.00
1777907516,loop5,0.00,0.00,0.000,0.000,0.00
1777907516,loop6,0.00,0.00,0.000,0.000,0.00
1777907516,loop7,0.00,0.00,0.000,0.000,0.00
1777907516,loop8,0.00,0.00,0.000,0.000,0.00
1777907516,loop9,0.00,0.00,0.000,0.000,0.00
1777907516,nvme0n1,0.00,0.00,0.000,0.000,0.00
1777907517,loop0,0.00,0.00,0.000,0.000,0.00
1777907517,loop1,0.00,0.00,0.000,0.000,0.00
1777907517,loop10,0.00,0.00,0.000,0.000,0.00
1777907517,loop11,0.00,0.00,0.000,0.000,0.00
1777907517,loop12,0.00,0.00,0.000,0.000,0.00
1777907517,loop13,0.00,0.00,0.000,0.000,0.00
1777907517,loop14,0.00,0.00,0.000,0.000,0.00
1777907517,loop15,0.00,0.00,0.000,0.000,0.00
1777907517,loop16,0.00,0.00,0.000,0.000,0.00
1777907517,loop17,0.00,0.00,0.000,0.000,0.00
1777907517,loop18,0.00,0.00,0.000,0.000,0.00
1777907517,loop19,0.00,0.00,0.000,0.000,0.00
1777907517,loop2,0.00,0.00,0.000,0.000,0.00
1777907517,loop20,0.00,0.00,0.000,0.000,0.00
1777907517,loop21,0.00,0.00,0.000,0.000,0.00
1777907517,loop22,0.00,0.00,0.000,0.000,0.00
1777907517,loop23,0.00,0.00,0.000,0.000,0.00
1777907517,loop24,0.00,0.00,0.000,0.000,0.00
1777907517,loop25,0.00,0.00,0.000,0.000,0.00
1777907517,loop26,0.00,0.00,0.000,0.000,0.00
1777907517,loop27,0.00,0.00,0.000,0.000,0.00
1777907517,loop28,0.00,0.00,0.000,0.000,0.00
1777907517,loop29,0.00,0.00,0.000,0.000,0.00
1777907517,loop3,0.00,0.00,0.000,0.000,0.00
1777907517,loop30,0.00,0.00,0.000,0.000,0.00
1777907517,loop31,0.00,0.00,0.000,0.000,0.00
1777907517,loop32,0.00,0.00,0.000,0.000,0.00
1777907517,loop33,0.00,0.00,0.000,0.000,0.00
1777907517,loop34,0.00,0.00,0.000,0.000,0.00
1777907517,loop35,0.00,0.00,0.000,0.000,0.00
1777907517,loop36,0.00,0.00,0.000,0.000,0.00
1777907517,loop37,0.00,0.00,0.000,0.000,0.00
1777907517,loop38,0.00,0.00,0.000,0.000,0.00
1777907517,loop39,0.00,0.00,0.000,0.000,0.00
1777907517,loop4,0.00,0.00,0.000,0.000,0.00
1777907517,loop40,0.00,0.00,0.000,0.000,0.00
1777907517,loop5,0.00,0.00,0.000,0.000,0.00
1777907517,loop6,0.00,0.00,0.000,0.000,0.00
1777907517,loop7,0.00,0.00,0.000,0.000,0.00
1777907517,loop8,0.00,0.00,0.000,0.000,0.00
1777907517,loop9,0.00,0.00,0.000,0.000,0.00
1777907517,nvme0n1,0.00,0.00,0.000,0.000,2.00
1777907518,loop0,0.00,0.00,0.000,0.000,0.00
1777907518,loop1,0.00,0.00,0.000,0.000,0.00
1777907518,loop10,0.00,0.00,0.000,0.000,0.00
1777907518,loop11,0.00,0.00,0.000,0.000,0.00
1777907518,loop12,0.00,0.00,0.000,0.000,0.00
1777907518,loop13,0.00,0.00,0.000,0.000,0.00
1777907518,loop14,0.00,0.00,0.000,0.000,0.00
1777907518,loop15,0.00,0.00,0.000,0.000,0.00
1777907518,loop16,0.00,0.00,0.000,0.000,0.00
1777907518,loop17,0.00,0.00,0.000,0.000,0.00
1777907518,loop18,0.00,0.00,0.000,0.000,0.00
1777907518,loop19,0.00,0.00,0.000,0.000,0.00
1777907518,loop2,0.00,0.00,0.000,0.000,0.00
1777907518,loop20,0.00,0.00,0.000,0.000,0.00
1777907518,loop21,0.00,0.00,0.000,0.000,0.00
1777907518,loop22,0.00,0.00,0.000,0.000,0.00
1777907518,loop23,0.00,0.00,0.000,0.000,0.00
1777907518,loop24,0.00,0.00,0.000,0.000,0.00
1777907518,loop25,0.00,0.00,0.000,0.000,0.00
1777907518,loop26,0.00,0.00,0.000,0.000,0.00
1777907518,loop27,0.00,0.00,0.000,0.000,0.00
1777907518,loop28,0.00,0.00,0.000,0.000,0.00
1777907518,loop29,0.00,0.00,0.000,0.000,0.00
1777907518,loop3,0.00,0.00,0.000,0.000,0.00
1777907518,loop30,0.00,0.00,0.000,0.000,0.00
1777907518,loop31,0.00,0.00,0.000,0.000,0.00
1777907518,loop32,0.00,0.00,0.000,0.000,0.00
1777907518,loop33,0.00,0.00,0.000,0.000,0.00
1777907518,loop34,0.00,0.00,0.000,0.000,0.00
1777907518,loop35,0.00,0.00,0.000,0.000,0.00
1777907518,loop36,0.00,0.00,0.000,0.000,0.00
1777907518,loop37,0.00,0.00,0.000,0.000,0.00
1777907518,loop38,0.00,0.00,0.000,0.000,0.00
1777907518,loop39,0.00,0.00,0.000,0.000,0.00
1777907518,loop4,0.00,0.00,0.000,0.000,0.00
1777907518,loop40,0.00,0.00,0.000,0.000,0.00
1777907518,loop5,0.00,0.00,0.000,0.000,0.00
1777907518,loop6,0.00,0.00,0.000,0.000,0.00
1777907518,loop7,0.00,0.00,0.000,0.000,0.00
1777907518,loop8,0.00,0.00,0.000,0.000,0.00
1777907518,loop9,0.00,0.00,0.000,0.000,0.00
1777907518,nvme0n1,0.00,0.00,0.000,0.000,0.70
1777907519,loop0,0.00,0.00,0.000,0.000,0.00
1777907519,loop1,0.00,0.00,0.000,0.000,0.00
1777907519,loop10,0.00,0.00,0.000,0.000,0.00
1777907519,loop11,0.00,0.00,0.000,0.000,0.00
1777907519,loop12,0.00,0.00,0.000,0.000,0.00
1777907519,loop13,0.00,0.00,0.000,0.000,0.00
1777907519,loop14,0.00,0.00,0.000,0.000,0.00
1777907519,loop15,0.00,0.00,0.000,0.000,0.00
1777907519,loop16,0.00,0.00,0.000,0.000,0.00
1777907519,loop17,0.00,0.00,0.000,0.000,0.00
1777907519,loop18,0.00,0.00,0.000,0.000,0.00
1777907519,loop19,0.00,0.00,0.000,0.000,0.00
1777907519,loop2,0.00,0.00,0.000,0.000,0.00
1777907519,loop20,0.00,0.00,0.000,0.000,0.00
1777907519,loop21,0.00,0.00,0.000,0.000,0.00
1777907519,loop22,0.00,0.00,0.000,0.000,0.00
1777907519,loop23,0.00,0.00,0.000,0.000,0.00
1777907519,loop24,0.00,0.00,0.000,0.000,0.00
1777907519,loop25,0.00,0.00,0.000,0.000,0.00
1777907519,loop26,0.00,0.00,0.000,0.000,0.00
1777907519,loop27,0.00,0.00,0.000,0.000,0.00
1777907519,loop28,0.00,0.00,0.000,0.000,0.00
1777907519,loop29,0.00,0.00,0.000,0.000,0.00
1777907519,loop3,0.00,0.00,0.000,0.000,0.00
1777907519,loop30,0.00,0.00,0.000,0.000,0.00
1777907519,loop31,0.00,0.00,0.000,0.000,0.00
1777907519,loop32,0.00,0.00,0.000,0.000,0.00
1777907519,loop33,0.00,0.00,0.000,0.000,0.00
1777907519,loop34,0.00,0.00,0.000,0.000,0.00
1777907519,loop35,0.00,0.00,0.000,0.000,0.00
1777907519,loop36,0.00,0.00,0.000,0.000,0.00
1777907519,loop37,0.00,0.00,0.000,0.000,0.00
1777907519,loop38,0.00,0.00,0.000,0.000,0.00
1777907519,loop39,0.00,0.00,0.000,0.000,0.00
1777907519,loop4,0.00,0.00,0.000,0.000,0.00
1777907519,loop40,0.00,0.00,0.000,0.000,0.00
1777907519,loop5,0.00,0.00,0.000,0.000,0.00
1777907519,loop6,0.00,0.00,0.000,0.000,0.00
1777907519,loop7,0.00,0.00,0.000,0.000,0.00
1777907519,loop8,0.00,0.00,0.000,0.000,0.00
1777907519,loop9,0.00,0.00,0.000,0.000,0.00
1777907519,nvme0n1,0.00,0.00,0.000,0.000,0.00
1777907520,loop0,0.00,0.00,0.000,0.000,0.00
1777907520,loop1,0.00,0.00,0.000,0.000,0.00
1777907520,loop10,0.00,0.00,0.000,0.000,0.00
1777907520,loop11,0.00,0.00,0.000,0.000,0.00
1777907520,loop12,0.00,0.00,0.000,0.000,0.00
1777907520,loop13,0.00,0.00,0.000,0.000,0.00
1777907520,loop14,0.00,0.00,0.000,0.000,0.00
1777907520,loop15,0.00,0.00,0.000,0.000,0.00
1777907520,loop16,0.00,0.00,0.000,0.000,0.00
1777907520,loop17,0.00,0.00,0.000,0.000,0.00
1777907520,loop18,0.00,0.00,0.000,0.000,0.00
1777907520,loop19,0.00,0.00,0.000,0.000,0.00
1777907520,loop2,0.00,0.00,0.000,0.000,0.00
1777907520,loop20,0.00,0.00,0.000,0.000,0.00
1777907520,loop21,0.00,0.00,0.000,0.000,0.00
1777907520,loop22,0.00,0.00,0.000,0.000,0.00
1777907520,loop23,0.00,0.00,0.000,0.000,0.00
1777907520,loop24,0.00,0.00,0.000,0.000,0.00
1777907520,loop25,0.00,0.00,0.000,0.000,0.00
1777907520,loop26,0.00,0.00,0.000,0.000,0.00
1777907520,loop27,0.00,0.00,0.000,0.000,0.00
1777907520,loop28,0.00,0.00,0.000,0.000,0.00
1777907520,loop29,0.00,0.00,0.000,0.000,0.00
1777907520,loop3,0.00,0.00,0.000,0.000,0.00
1777907520,loop30,0.00,0.00,0.000,0.000,0.00
1777907520,loop31,0.00,0.00,0.000,0.000,0.00
1777907520,loop32,0.00,0.00,0.000,0.000,0.00
1777907520,loop33,0.00,0.00,0.000,0.000,0.00
1777907520,loop34,0.00,0.00,0.000,0.000,0.00
1777907520,loop35,0.00,0.00,0.000,0.000,0.00
1777907520,loop36,0.00,0.00,0.000,0.000,0.00
1777907520,loop37,0.00,0.00,0.000,0.000,0.00
1777907520,loop38,0.00,0.00,0.000,0.000,0.00
1777907520,loop39,0.00,0.00,0.000,0.000,0.00
1777907520,loop4,0.00,0.00,0.000,0.000,0.00
1777907520,loop40,0.00,0.00,0.000,0.000,0.00
1777907520,loop5,0.00,0.00,0.000,0.000,0.00
1777907520,loop6,0.00,0.00,0.000,0.000,0.00
1777907520,loop7,0.00,0.00,0.000,0.000,0.00
1777907520,loop8,0.00,0.00,0.000,0.000,0.00
1777907520,loop9,0.00,0.00,0.000,0.000,0.00
1777907520,nvme0n1,1.00,4.00,0.000,0.000,0.10
1777907521,loop0,0.00,0.00,0.000,0.000,0.00
1777907521,loop1,0.00,0.00,0.000,0.000,0.00
1777907521,loop10,0.00,0.00,0.000,0.000,0.00
1777907521,loop11,0.00,0.00,0.000,0.000,0.00
1777907521,loop12,0.00,0.00,0.000,0.000,0.00
1777907521,loop13,0.00,0.00,0.000,0.000,0.00
1777907521,loop14,0.00,0.00,0.000,0.000,0.00
1777907521,loop15,0.00,0.00,0.000,0.000,0.00
1777907521,loop16,0.00,0.00,0.000,0.000,0.00
1777907521,loop17,0.00,0.00,0.000,0.000,0.00
1777907521,loop18,0.00,0.00,0.000,0.000,0.00
1777907521,loop19,0.00,0.00,0.000,0.000,0.00
1777907521,loop2,0.00,0.00,0.000,0.000,0.00
1777907521,loop20,0.00,0.00,0.000,0.000,0.00
1777907521,loop21,0.00,0.00,0.000,0.000,0.00
1777907521,loop22,0.00,0.00,0.000,0.000,0.00
1777907521,loop23,0.00,0.00,0.000,0.000,0.00
1777907521,loop24,0.00,0.00,0.000,0.000,0.00
1777907521,loop25,0.00,0.00,0.000,0.000,0.00
1777907521,loop26,0.00,0.00,0.000,0.000,0.00
1777907521,loop27,0.00,0.00,0.000,0.000,0.00
1777907521,loop28,0.00,0.00,0.000,0.000,0.00
1777907521,loop29,0.00,0.00,0.000,0.000,0.00
1777907521,loop3,0.00,0.00,0.000,0.000,0.00
1777907521,loop30,0.00,0.00,0.000,0.000,0.00
1777907521,loop31,0.00,0.00,0.000,0.000,0.00
1777907521,loop32,0.00,0.00,0.000,0.000,0.00
1777907521,loop33,0.00,0.00,0.000,0.000,0.00
1777907521,loop34,0.00,0.00,0.000,0.000,0.00
1777907521,loop35,0.00,0.00,0.000,0.000,0.00
1777907521,loop36,0.00,0.00,0.000,0.000,0.00
1777907521,loop37,0.00,0.00,0.000,0.000,0.00
1777907521,loop38,0.00,0.00,0.000,0.000,0.00
1777907521,loop39,0.00,0.00,0.000,0.000,0.00
1777907521,loop4,0.00,0.00,0.000,0.000,0.00
1777907521,loop40,0.00,0.00,0.000,0.000,0.00
1777907521,loop5,0.00,0.00,0.000,0.000,0.00
1777907521,loop6,0.00,0.00,0.000,0.000,0.00
1777907521,loop7,0.00,0.00,0.000,0.000,0.00
1777907521,loop8,0.00,0.00,0.000,0.000,0.00
1777907521,loop9,0.00,0.00,0.000,0.000,0.00
1777907521,nvme0n1,0.00,0.00,0.000,0.000,0.00
1777907522,loop0,0.00,0.00,0.000,0.000,0.00
1777907522,loop1,0.00,0.00,0.000,0.000,0.00
1777907522,loop10,0.00,0.00,0.000,0.000,0.00
1777907522,loop11,0.00,0.00,0.000,0.000,0.00
1777907522,loop12,0.00,0.00,0.000,0.000,0.00
1777907522,loop13,0.00,0.00,0.000,0.000,0.00
1777907522,loop14,0.00,0.00,0.000,0.000,0.00
1777907522,loop15,0.00,0.00,0.000,0.000,0.00
1777907522,loop16,0.00,0.00,0.000,0.000,0.00
1777907522,loop17,0.00,0.00,0.000,0.000,0.00
1777907522,loop18,0.00,0.00,0.000,0.000,0.00
1777907522,loop19,0.00,0.00,0.000,0.000,0.00
1777907522,loop2,0.00,0.00,0.000,0.000,0.00
1777907522,loop20,0.00,0.00,0.000,0.000,0.00
1777907522,loop21,0.00,0.00,0.000,0.000,0.00
1777907522,loop22,0.00,0.00,0.000,0.000,0.00
1777907522,loop23,0.00,0.00,0.000,0.000,0.00
1777907522,loop24,0.00,0.00,0.000,0.000,0.00
1777907522,loop25,0.00,0.00,0.000,0.000,0.00
1777907522,loop26,0.00,0.00,0.000,0.000,0.00
1777907522,loop27,0.00,0.00,0.000,0.000,0.00
1777907522,loop28,0.00,0.00,0.000,0.000,0.00
1777907522,loop29,0.00,0.00,0.000,0.000,0.00
1777907522,loop3,0.00,0.00,0.000,0.000,0.00
1777907522,loop30,0.00,0.00,0.000,0.000,0.00
1777907522,loop31,0.00,0.00,0.000,0.000,0.00
1777907522,loop32,0.00,0.00,0.000,0.000,0.00
1777907522,loop33,0.00,0.00,0.000,0.000,0.00
1777907522,loop34,0.00,0.00,0.000,0.000,0.00
1777907522,loop35,0.00,0.00,0.000,0.000,0.00
1777907522,loop36,0.00,0.00,0.000,0.000,0.00
1777907522,loop37,0.00,0.00,0.000,0.000,0.00
1777907522,loop38,0.00,0.00,0.000,0.000,0.00
1777907522,loop39,0.00,0.00,0.000,0.000,0.00
1777907522,loop4,0.00,0.00,0.000,0.000,0.00
1777907522,loop40,0.00,0.00,0.000,0.000,0.00
1777907522,loop5,0.00,0.00,0.000,0.000,0.00
1777907522,loop6,0.00,0.00,0.000,0.000,0.00
1777907522,loop7,0.00,0.00,0.000,0.000,0.00
1777907522,loop8,0.00,0.00,0.000,0.000,0.00
1777907522,loop9,0.00,0.00,0.000,0.000,0.00
1777907522,nvme0n1,0.00,0.00,0.000,0.000,0.00
1777907523,loop0,0.00,0.00,0.000,0.000,0.00
1777907523,loop1,0.00,0.00,0.000,0.000,0.00
1777907523,loop10,0.00,0.00,0.000,0.000,0.00
1777907523,loop11,0.00,0.00,0.000,0.000,0.00
1777907523,loop12,0.00,0.00,0.000,0.000,0.00
1777907523,loop13,0.00,0.00,0.000,0.000,0.00
1777907523,loop14,0.00,0.00,0.000,0.000,0.00
1777907523,loop15,0.00,0.00,0.000,0.000,0.00
1777907523,loop16,0.00,0.00,0.000,0.000,0.00
1777907523,loop17,0.00,0.00,0.000,0.000,0.00
1777907523,loop18,0.00,0.00,0.000,0.000,0.00
1777907523,loop19,0.00,0.00,0.000,0.000,0.00
1777907523,loop2,0.00,0.00,0.000,0.000,0.00
1777907523,loop20,0.00,0.00,0.000,0.000,0.00
1777907523,loop21,0.00,0.00,0.000,0.000,0.00
1777907523,loop22,0.00,0.00,0.000,0.000,0.00
1777907523,loop23,0.00,0.00,0.000,0.000,0.00
1777907523,loop24,0.00,0.00,0.000,0.000,0.00
1777907523,loop25,0.00,0.00,0.000,0.000,0.00
1777907523,loop26,0.00,0.00,0.000,0.000,0.00
1777907523,loop27,0.00,0.00,0.000,0.000,0.00
1777907523,loop28,0.00,0.00,0.000,0.000,0.00
1777907523,loop29,0.00,0.00,0.000,0.000,0.00
1777907523,loop3,0.00,0.00,0.000,0.000,0.00
1777907523,loop30,0.00,0.00,0.000,0.000,0.00
1777907523,loop31,0.00,0.00,0.000,0.000,0.00
1777907523,loop32,0.00,0.00,0.000,0.000,0.00
1777907523,loop33,0.00,0.00,0.000,0.000,0.00
1777907523,loop34,0.00,0.00,0.000,0.000,0.00
1777907523,loop35,0.00,0.00,0.000,0.000,0.00
1777907523,loop36,0.00,0.00,0.000,0.000,0.00
1777907523,loop37,0.00,0.00,0.000,0.000,0.00
1777907523,loop38,0.00,0.00,0.000,0.000,0.00
1777907523,loop39,0.00,0.00,0.000,0.000,0.00
1777907523,loop4,0.00,0.00,0.000,0.000,0.00
1777907523,loop40,0.00,0.00,0.000,0.000,0.00
1777907523,loop5,0.00,0.00,0.000,0.000,0.00
1777907523,loop6,0.00,0.00,0.000,0.000,0.00
1777907523,loop7,0.00,0.00,0.000,0.000,0.00
1777907523,loop8,0.00,0.00,0.000,0.000,0.00
1777907523,loop9,0.00,0.00,0.000,0.000,0.00
1777907523,nvme0n1,0.00,0.00,0.000,0.000,0.50
1777907524,loop0,0.00,0.00,0.000,0.000,0.00
1777907524,loop1,0.00,0.00,0.000,0.000,0.00
1777907524,loop10,0.00,0.00,0.000,0.000,0.00
1777907524,loop11,0.00,0.00,0.000,0.000,0.00
1777907524,loop12,0.00,0.00,0.000,0.000,0.00
1777907524,loop13,0.00,0.00,0.000,0.000,0.00
1777907524,loop14,0.00,0.00,0.000,0.000,0.00
1777907524,loop15,0.00,0.00,0.000,0.000,0.00
1777907524,loop16,0.00,0.00,0.000,0.000,0.00
1777907524,loop17,0.00,0.00,0.000,0.000,0.00
1777907524,loop18,0.00,0.00,0.000,0.000,0.00
1777907524,loop19,0.00,0.00,0.000,0.000,0.00
1777907524,loop2,0.00,0.00,0.000,0.000,0.00
1777907524,loop20,0.00,0.00,0.000,0.000,0.00
1777907524,loop21,0.00,0.00,0.000,0.000,0.00
1777907524,loop22,0.00,0.00,0.000,0.000,0.00
1777907524,loop23,0.00,0.00,0.000,0.000,0.00
1777907524,loop24,0.00,0.00,0.000,0.000,0.00
1777907524,loop25,0.00,0.00,0.000,0.000,0.00
1777907524,loop26,0.00,0.00,0.000,0.000,0.00
1777907524,loop27,0.00,0.00,0.000,0.000,0.00
1777907524,loop28,0.00,0.00,0.000,0.000,0.00
1777907524,loop29,0.00,0.00,0.000,0.000,0.00
1777907524,loop3,0.00,0.00,0.000,0.000,0.00
1777907524,loop30,0.00,0.00,0.000,0.000,0.00
1777907524,loop31,0.00,0.00,0.000,0.000,0.00
1777907524,loop32,0.00,0.00,0.000,0.000,0.00
1777907524,loop33,0.00,0.00,0.000,0.000,0.00
1777907524,loop34,0.00,0.00,0.000,0.000,0.00
1777907524,loop35,0.00,0.00,0.000,0.000,0.00
1777907524,loop36,0.00,0.00,0.000,0.000,0.00
1777907524,loop37,0.00,0.00,0.000,0.000,0.00
1777907524,loop38,0.00,0.00,0.000,0.000,0.00
1777907524,loop39,0.00,0.00,0.000,0.000,0.00
1777907524,loop4,0.00,0.00,0.000,0.000,0.00
1777907524,loop40,0.00,0.00,0.000,0.000,0.00
1777907524,loop5,0.00,0.00,0.000,0.000,0.00
1777907524,loop6,0.00,0.00,0.000,0.000,0.00
1777907524,loop7,0.00,0.00,0.000,0.000,0.00
1777907524,loop8,0.00,0.00,0.000,0.000,0.00
1777907524,loop9,0.00,0.00,0.000,0.000,0.00
1777907524,nvme0n1,0.00,0.00,0.000,0.000,0.00
1777907525,loop0,0.00,0.00,0.000,0.000,0.00
1777907525,loop1,0.00,0.00,0.000,0.000,0.00
1777907525,loop10,0.00,0.00,0.000,0.000,0.00
1777907525,loop11,0.00,0.00,0.000,0.000,0.00
1777907525,loop12,0.00,0.00,0.000,0.000,0.00
1777907525,loop13,0.00,0.00,0.000,0.000,0.00
1777907525,loop14,0.00,0.00,0.000,0.000,0.00
1777907525,loop15,0.00,0.00,0.000,0.000,0.00
1777907525,loop16,0.00,0.00,0.000,0.000,0.00
1777907525,loop17,0.00,0.00,0.000,0.000,0.00
1777907525,loop18,0.00,0.00,0.000,0.000,0.00
1777907525,loop19,0.00,0.00,0.000,0.000,0.00
1777907525,loop2,0.00,0.00,0.000,0.000,0.00
1777907525,loop20,0.00,0.00,0.000,0.000,0.00
1777907525,loop21,0.00,0.00,0.000,0.000,0.00
1777907525,loop22,0.00,0.00,0.000,0.000,0.00
1777907525,loop23,0.00,0.00,0.000,0.000,0.00
1777907525,loop24,0.00,0.00,0.000,0.000,0.00
1777907525,loop25,0.00,0.00,0.000,0.000,0.00
1777907525,loop26,0.00,0.00,0.000,0.000,0.00
1777907525,loop27,0.00,0.00,0.000,0.000,0.00
1777907525,loop28,0.00,0.00,0.000,0.000,0.00
1777907525,loop29,0.00,0.00,0.000,0.000,0.00
1777907525,loop3,0.00,0.00,0.000,0.000,0.00
1777907525,loop30,0.00,0.00,0.000,0.000,0.00
1777907525,loop31,0.00,0.00,0.000,0.000,0.00
1777907525,loop32,0.00,0.00,0.000,0.000,0.00
1777907525,loop33,0.00,0.00,0.000,0.000,0.00
1777907525,loop34,0.00,0.00,0.000,0.000,0.00
1777907525,loop35,0.00,0.00,0.000,0.000,0.00
1777907525,loop36,0.00,0.00,0.000,0.000,0.00
1777907525,loop37,0.00,0.00,0.000,0.000,0.00
1777907525,loop38,0.00,0.00,0.000,0.000,0.00
1777907525,loop39,0.00,0.00,0.000,0.000,0.00
1777907525,loop4,0.00,0.00,0.000,0.000,0.00
1777907525,loop40,0.00,0.00,0.000,0.000,0.00
1777907525,loop5,0.00,0.00,0.000,0.000,0.00
1777907525,loop6,0.00,0.00,0.000,0.000,0.00
1777907525,loop7,0.00,0.00,0.000,0.000,0.00
1777907525,loop8,0.00,0.00,0.000,0.000,0.00
1777907525,loop9,0.00,0.00,0.000,0.000,0.00
1777907525,nvme0n1,0.00,0.00,0.000,0.000,0.00
1777907526,loop0,0.00,0.00,0.000,0.000,0.00
1777907526,loop1,0.00,0.00,0.000,0.000,0.00
1777907526,loop10,0.00,0.00,0.000,0.000,0.00
1777907526,loop11,0.00,0.00,0.000,0.000,0.00
1777907526,loop12,0.00,0.00,0.000,0.000,0.00
1777907526,loop13,0.00,0.00,0.000,0.000,0.00
1777907526,loop14,0.00,0.00,0.000,0.000,0.00
1777907526,loop15,0.00,0.00,0.000,0.000,0.00
1777907526,loop16,0.00,0.00,0.000,0.000,0.00
1777907526,loop17,0.00,0.00,0.000,0.000,0.00
1777907526,loop18,0.00,0.00,0.000,0.000,0.00
1777907526,loop19,0.00,0.00,0.000,0.000,0.00
1777907526,loop2,0.00,0.00,0.000,0.000,0.00
1777907526,loop20,0.00,0.00,0.000,0.000,0.00
1777907526,loop21,0.00,0.00,0.000,0.000,0.00
1777907526,loop22,0.00,0.00,0.000,0.000,0.00
1777907526,loop23,0.00,0.00,0.000,0.000,0.00
1777907526,loop24,0.00,0.00,0.000,0.000,0.00
1777907526,loop25,0.00,0.00,0.000,0.000,0.00
1777907526,loop26,0.00,0.00,0.000,0.000,0.00
1777907526,loop27,0.00,0.00,0.000,0.000,0.00
1777907526,loop28,0.00,0.00,0.000,0.000,0.00
1777907526,loop29,0.00,0.00,0.000,0.000,0.00
1777907526,loop3,0.00,0.00,0.000,0.000,0.00
1777907526,loop30,0.00,0.00,0.000,0.000,0.00
1777907526,loop31,0.00,0.00,0.000,0.000,0.00
1777907526,loop32,0.00,0.00,0.000,0.000,0.00
1777907526,loop33,0.00,0.00,0.000,0.000,0.00
1777907526,loop34,0.00,0.00,0.000,0.000,0.00
1777907526,loop35,0.00,0.00,0.000,0.000,0.00
1777907526,loop36,0.00,0.00,0.000,0.000,0.00
1777907526,loop37,0.00,0.00,0.000,0.000,0.00
1777907526,loop38,0.00,0.00,0.000,0.000,0.00
1777907526,loop39,0.00,0.00,0.000,0.000,0.00
1777907526,loop4,0.00,0.00,0.000,0.000,0.00
1777907526,loop40,0.00,0.00,0.000,0.000,0.00
1777907526,loop5,0.00,0.00,0.000,0.000,0.00
1777907526,loop6,0.00,0.00,0.000,0.000,0.00
1777907526,loop7,0.00,0.00,0.000,0.000,0.00
1777907526,loop8,0.00,0.00,0.000,0.000,0.00
1777907526,loop9,0.00,0.00,0.000,0.000,0.00
1777907526,nvme0n1,0.00,0.00,0.000,0.000,0.00
1777907527,loop0,0.00,0.00,0.000,0.000,0.00
1777907527,loop1,0.00,0.00,0.000,0.000,0.00
1777907527,loop10,0.00,0.00,0.000,0.000,0.00
1777907527,loop11,0.00,0.00,0.000,0.000,0.00
1777907527,loop12,0.00,0.00,0.000,0.000,0.00
1777907527,loop13,0.00,0.00,0.000,0.000,0.00
1777907527,loop14,0.00,0.00,0.000,0.000,0.00
1777907527,loop15,0.00,0.00,0.000,0.000,0.00
1777907527,loop16,0.00,0.00,0.000,0.000,0.00
1777907527,loop17,0.00,0.00,0.000,0.000,0.00
1777907527,loop18,0.00,0.00,0.000,0.000,0.00
1777907527,loop19,0.00,0.00,0.000,0.000,0.00
1777907527,loop2,0.00,0.00,0.000,0.000,0.00
1777907527,loop20,0.00,0.00,0.000,0.000,0.00
1777907527,loop21,0.00,0.00,0.000,0.000,0.00
1777907527,loop22,0.00,0.00,0.000,0.000,0.00
1777907527,loop23,0.00,0.00,0.000,0.000,0.00
1777907527,loop24,0.00,0.00,0.000,0.000,0.00
1777907527,loop25,0.00,0.00,0.000,0.000,0.00
1777907527,loop26,0.00,0.00,0.000,0.000,0.00
1777907527,loop27,0.00,0.00,0.000,0.000,0.00
1777907527,loop28,0.00,0.00,0.000,0.000,0.00
1777907527,loop29,0.00,0.00,0.000,0.000,0.00
1777907527,loop3,0.00,0.00,0.000,0.000,0.00
1777907527,loop30,0.00,0.00,0.000,0.000,0.00
1777907527,loop31,0.00,0.00,0.000,0.000,0.00
1777907527,loop32,0.00,0.00,0.000,0.000,0.00
1777907527,loop33,0.00,0.00,0.000,0.000,0.00
1777907527,loop34,0.00,0.00,0.000,0.000,0.00
1777907527,loop35,0.00,0.00,0.000,0.000,0.00
1777907527,loop36,0.00,0.00,0.000,0.000,0.00
1777907527,loop37,0.00,0.00,0.000,0.000,0.00
1777907527,loop38,0.00,0.00,0.000,0.000,0.00
1777907527,loop39,0.00,0.00,0.000,0.000,0.00
1777907527,loop4,0.00,0.00,0.000,0.000,0.00
1777907527,loop40,0.00,0.00,0.000,0.000,0.00
1777907527,loop5,0.00,0.00,0.000,0.000,0.00
1777907527,loop6,0.00,0.00,0.000,0.000,0.00
1777907527,loop7,0.00,0.00,0.000,0.000,0.00
1777907527,loop8,0.00,0.00,0.000,0.000,0.00
1777907527,loop9,0.00,0.00,0.000,0.000,0.00
1777907527,nvme0n1,0.00,0.00,0.000,0.000,0.00
1777907528,loop0,0.00,0.00,0.000,0.000,0.00
1777907528,loop1,0.00,0.00,0.000,0.000,0.00
1777907528,loop10,0.00,0.00,0.000,0.000,0.00
1777907528,loop11,0.00,0.00,0.000,0.000,0.00
1777907528,loop12,0.00,0.00,0.000,0.000,0.00
1777907528,loop13,0.00,0.00,0.000,0.000,0.00
1777907528,loop14,0.00,0.00,0.000,0.000,0.00
1777907528,loop15,0.00,0.00,0.000,0.000,0.00
1777907528,loop16,0.00,0.00,0.000,0.000,0.00
1777907528,loop17,0.00,0.00,0.000,0.000,0.00
1777907528,loop18,0.00,0.00,0.000,0.000,0.00
1777907528,loop19,0.00,0.00,0.000,0.000,0.00
1777907528,loop2,0.00,0.00,0.000,0.000,0.00
1777907528,loop20,0.00,0.00,0.000,0.000,0.00
1777907528,loop21,0.00,0.00,0.000,0.000,0.00
1777907528,loop22,0.00,0.00,0.000,0.000,0.00
1777907528,loop23,0.00,0.00,0.000,0.000,0.00
1777907528,loop24,0.00,0.00,0.000,0.000,0.00
1777907528,loop25,0.00,0.00,0.000,0.000,0.00
1777907528,loop26,0.00,0.00,0.000,0.000,0.00
1777907528,loop27,0.00,0.00,0.000,0.000,0.00
1777907528,loop28,0.00,0.00,0.000,0.000,0.00
1777907528,loop29,0.00,0.00,0.000,0.000,0.00
1777907528,loop3,0.00,0.00,0.000,0.000,0.00
1777907528,loop30,0.00,0.00,0.000,0.000,0.00
1777907528,loop31,0.00,0.00,0.000,0.000,0.00
1777907528,loop32,0.00,0.00,0.000,0.000,0.00
1777907528,loop33,0.00,0.00,0.000,0.000,0.00
1777907528,loop34,0.00,0.00,0.000,0.000,0.00
1777907528,loop35,0.00,0.00,0.000,0.000,0.00
1777907528,loop36,0.00,0.00,0.000,0.000,0.00
1777907528,loop37,0.00,0.00,0.000,0.000,0.00
1777907528,loop38,0.00,0.00,0.000,0.000,0.00
1777907528,loop39,0.00,0.00,0.000,0.000,0.00
1777907528,loop4,0.00,0.00,0.000,0.000,0.00
1777907528,loop40,0.00,0.00,0.000,0.000,0.00
1777907528,loop5,0.00,0.00,0.000,0.000,0.00
1777907528,loop6,0.00,0.00,0.000,0.000,0.00
1777907528,loop7,0.00,0.00,0.000,0.000,0.00
1777907528,loop8,0.00,0.00,0.000,0.000,0.00
1777907528,loop9,0.00,0.00,0.000,0.000,0.00
1777907528,nvme0n1,0.00,0.00,0.000,0.000,5.80
1777907529,loop0,0.00,0.00,0.000,0.000,0.00
1777907529,loop1,0.00,0.00,0.000,0.000,0.00
1777907529,loop10,0.00,0.00,0.000,0.000,0.00
1777907529,loop11,0.00,0.00,0.000,0.000,0.00
1777907529,loop12,0.00,0.00,0.000,0.000,0.00
1777907529,loop13,0.00,0.00,0.000,0.000,0.00
1777907529,loop14,0.00,0.00,0.000,0.000,0.00
1777907529,loop15,0.00,0.00,0.000,0.000,0.00
1777907529,loop16,0.00,0.00,0.000,0.000,0.00
1777907529,loop17,0.00,0.00,0.000,0.000,0.00
1777907529,loop18,0.00,0.00,0.000,0.000,0.00
1777907529,loop19,0.00,0.00,0.000,0.000,0.00
1777907529,loop2,0.00,0.00,0.000,0.000,0.00
1777907529,loop20,0.00,0.00,0.000,0.000,0.00
1777907529,loop21,0.00,0.00,0.000,0.000,0.00
1777907529,loop22,0.00,0.00,0.000,0.000,0.00
1777907529,loop23,0.00,0.00,0.000,0.000,0.00
1777907529,loop24,0.00,0.00,0.000,0.000,0.00
1777907529,loop25,0.00,0.00,0.000,0.000,0.00
1777907529,loop26,0.00,0.00,0.000,0.000,0.00
1777907529,loop27,0.00,0.00,0.000,0.000,0.00
1777907529,loop28,0.00,0.00,0.000,0.000,0.00
1777907529,loop29,0.00,0.00,0.000,0.000,0.00
1777907529,loop3,0.00,0.00,0.000,0.000,0.00
1777907529,loop30,0.00,0.00,0.000,0.000,0.00
1777907529,loop31,0.00,0.00,0.000,0.000,0.00
1777907529,loop32,0.00,0.00,0.000,0.000,0.00
1777907529,loop33,0.00,0.00,0.000,0.000,0.00
1777907529,loop34,0.00,0.00,0.000,0.000,0.00
1777907529,loop35,0.00,0.00,0.000,0.000,0.00
1777907529,loop36,0.00,0.00,0.000,0.000,0.00
1777907529,loop37,0.00,0.00,0.000,0.000,0.00
1777907529,loop38,0.00,0.00,0.000,0.000,0.00
1777907529,loop39,0.00,0.00,0.000,0.000,0.00
1777907529,loop4,0.00,0.00,0.000,0.000,0.00
1777907529,loop40,0.00,0.00,0.000,0.000,0.00
1777907529,loop5,0.00,0.00,0.000,0.000,0.00
1777907529,loop6,0.00,0.00,0.000,0.000,0.00
1777907529,loop7,0.00,0.00,0.000,0.000,0.00
1777907529,loop8,0.00,0.00,0.000,0.000,0.00
1777907529,loop9,0.00,0.00,0.000,0.000,0.00
1777907529,nvme0n1,12.00,48.00,0.000,0.000,0.30
1777907530,loop0,0.00,0.00,0.000,0.000,0.00
1777907530,loop1,0.00,0.00,0.000,0.000,0.00
1777907530,loop10,0.00,0.00,0.000,0.000,0.00
1777907530,loop11,0.00,0.00,0.000,0.000,0.00
1777907530,loop12,0.00,0.00,0.000,0.000,0.00
1777907530,loop13,0.00,0.00,0.000,0.000,0.00
1777907530,loop14,0.00,0.00,0.000,0.000,0.00
1777907530,loop15,0.00,0.00,0.000,0.000,0.00
1777907530,loop16,0.00,0.00,0.000,0.000,0.00
1777907530,loop17,0.00,0.00,0.000,0.000,0.00
1777907530,loop18,0.00,0.00,0.000,0.000,0.00
1777907530,loop19,0.00,0.00,0.000,0.000,0.00
1777907530,loop2,0.00,0.00,0.000,0.000,0.00
1777907530,loop20,0.00,0.00,0.000,0.000,0.00
1777907530,loop21,0.00,0.00,0.000,0.000,0.00
1777907530,loop22,0.00,0.00,0.000,0.000,0.00
1777907530,loop23,0.00,0.00,0.000,0.000,0.00
1777907530,loop24,0.00,0.00,0.000,0.000,0.00
1777907530,loop25,0.00,0.00,0.000,0.000,0.00
1777907530,loop26,0.00,0.00,0.000,0.000,0.00
1777907530,loop27,0.00,0.00,0.000,0.000,0.00
1777907530,loop28,0.00,0.00,0.000,0.000,0.00
1777907530,loop29,0.00,0.00,0.000,0.000,0.00
1777907530,loop3,0.00,0.00,0.000,0.000,0.00
1777907530,loop30,0.00,0.00,0.000,0.000,0.00
1777907530,loop31,0.00,0.00,0.000,0.000,0.00
1777907530,loop32,0.00,0.00,0.000,0.000,0.00
1777907530,loop33,0.00,0.00,0.000,0.000,0.00
1777907530,loop34,0.00,0.00,0.000,0.000,0.00
1777907530,loop35,0.00,0.00,0.000,0.000,0.00
1777907530,loop36,0.00,0.00,0.000,0.000,0.00
1777907530,loop37,0.00,0.00,0.000,0.000,0.00
1777907530,loop38,0.00,0.00,0.000,0.000,0.00
1777907530,loop39,0.00,0.00,0.000,0.000,0.00
1777907530,loop4,0.00,0.00,0.000,0.000,0.00
1777907530,loop40,0.00,0.00,0.000,0.000,0.00
1777907530,loop5,0.00,0.00,0.000,0.000,0.00
1777907530,loop6,0.00,0.00,0.000,0.000,0.00
1777907530,loop7,0.00,0.00,0.000,0.000,0.00
1777907530,loop8,0.00,0.00,0.000,0.000,0.00
1777907530,loop9,0.00,0.00,0.000,0.000,0.00
1777907530,nvme0n1,0.00,0.00,0.000,0.000,0.00
1777907531,loop0,0.00,0.00,0.000,0.000,0.00
1777907531,loop1,0.00,0.00,0.000,0.000,0.00
1777907531,loop10,0.00,0.00,0.000,0.000,0.00
1777907531,loop11,0.00,0.00,0.000,0.000,0.00
1777907531,loop12,0.00,0.00,0.000,0.000,0.00
1777907531,loop13,0.00,0.00,0.000,0.000,0.00
1777907531,loop14,0.00,0.00,0.000,0.000,0.00
1777907531,loop15,0.00,0.00,0.000,0.000,0.00
1777907531,loop16,0.00,0.00,0.000,0.000,0.00
1777907531,loop17,0.00,0.00,0.000,0.000,0.00
1777907531,loop18,0.00,0.00,0.000,0.000,0.00
1777907531,loop19,0.00,0.00,0.000,0.000,0.00
1777907531,loop2,0.00,0.00,0.000,0.000,0.00
1777907531,loop20,0.00,0.00,0.000,0.000,0.00
1777907531,loop21,0.00,0.00,0.000,0.000,0.00
1777907531,loop22,0.00,0.00,0.000,0.000,0.00
1777907531,loop23,0.00,0.00,0.000,0.000,0.00
1777907531,loop24,0.00,0.00,0.000,0.000,0.00
1777907531,loop25,0.00,0.00,0.000,0.000,0.00
1777907531,loop26,0.00,0.00,0.000,0.000,0.00
1777907531,loop27,0.00,0.00,0.000,0.000,0.00
1777907531,loop28,0.00,0.00,0.000,0.000,0.00
1777907531,loop29,0.00,0.00,0.000,0.000,0.00
1777907531,loop3,0.00,0.00,0.000,0.000,0.00
1777907531,loop30,0.00,0.00,0.000,0.000,0.00
1777907531,loop31,0.00,0.00,0.000,0.000,0.00
1777907531,loop32,0.00,0.00,0.000,0.000,0.00
1777907531,loop33,0.00,0.00,0.000,0.000,0.00
1777907531,loop34,0.00,0.00,0.000,0.000,0.00
1777907531,loop35,0.00,0.00,0.000,0.000,0.00
1777907531,loop36,0.00,0.00,0.000,0.000,0.00
1777907531,loop37,0.00,0.00,0.000,0.000,0.00
1777907531,loop38,0.00,0.00,0.000,0.000,0.00
1777907531,loop39,0.00,0.00,0.000,0.000,0.00
1777907531,loop4,0.00,0.00,0.000,0.000,0.00
1777907531,loop40,0.00,0.00,0.000,0.000,0.00
1777907531,loop5,0.00,0.00,0.000,0.000,0.00
1777907531,loop6,0.00,0.00,0.000,0.000,0.00
1777907531,loop7,0.00,0.00,0.000,0.000,0.00
1777907531,loop8,0.00,0.00,0.000,0.000,0.00
1777907531,loop9,0.00,0.00,0.000,0.000,0.00
1777907531,nvme0n1,0.00,0.00,0.000,0.000,5.70
1777907532,loop0,0.00,0.00,0.000,0.000,0.00
1777907532,loop1,0.00,0.00,0.000,0.000,0.00
1777907532,loop10,0.00,0.00,0.000,0.000,0.00
1777907532,loop11,0.00,0.00,0.000,0.000,0.00
1777907532,loop12,0.00,0.00,0.000,0.000,0.00
1777907532,loop13,0.00,0.00,0.000,0.000,0.00
1777907532,loop14,0.00,0.00,0.000,0.000,0.00
1777907532,loop15,0.00,0.00,0.000,0.000,0.00
1777907532,loop16,0.00,0.00,0.000,0.000,0.00
1777907532,loop17,0.00,0.00,0.000,0.000,0.00
1777907532,loop18,0.00,0.00,0.000,0.000,0.00
1777907532,loop19,0.00,0.00,0.000,0.000,0.00
1777907532,loop2,0.00,0.00,0.000,0.000,0.00
1777907532,loop20,0.00,0.00,0.000,0.000,0.00
1777907532,loop21,0.00,0.00,0.000,0.000,0.00
1777907532,loop22,0.00,0.00,0.000,0.000,0.00
1777907532,loop23,0.00,0.00,0.000,0.000,0.00
1777907532,loop24,0.00,0.00,0.000,0.000,0.00
1777907532,loop25,0.00,0.00,0.000,0.000,0.00
1777907532,loop26,0.00,0.00,0.000,0.000,0.00
1777907532,loop27,0.00,0.00,0.000,0.000,0.00
1777907532,loop28,0.00,0.00,0.000,0.000,0.00
1777907532,loop29,0.00,0.00,0.000,0.000,0.00
1777907532,loop3,0.00,0.00,0.000,0.000,0.00
1777907532,loop30,0.00,0.00,0.000,0.000,0.00
1777907532,loop31,0.00,0.00,0.000,0.000,0.00
1777907532,loop32,0.00,0.00,0.000,0.000,0.00
1777907532,loop33,0.00,0.00,0.000,0.000,0.00
1777907532,loop34,0.00,0.00,0.000,0.000,0.00
1777907532,loop35,0.00,0.00,0.000,0.000,0.00
1777907532,loop36,0.00,0.00,0.000,0.000,0.00
1777907532,loop37,0.00,0.00,0.000,0.000,0.00
1777907532,loop38,0.00,0.00,0.000,0.000,0.00
1777907532,loop39,0.00,0.00,0.000,0.000,0.00
1777907532,loop4,0.00,0.00,0.000,0.000,0.00
1777907532,loop40,0.00,0.00,0.000,0.000,0.00
1777907532,loop5,0.00,0.00,0.000,0.000,0.00
1777907532,loop6,0.00,0.00,0.000,0.000,0.00
1777907532,loop7,0.00,0.00,0.000,0.000,0.00
1777907532,loop8,0.00,0.00,0.000,0.000,0.00
1777907532,loop9,0.00,0.00,0.000,0.000,0.00
1777907532,nvme0n1,20.00,80.00,0.000,0.000,0.40
1777907533,loop0,0.00,0.00,0.000,0.000,0.00
1777907533,loop1,0.00,0.00,0.000,0.000,0.00
1777907533,loop10,0.00,0.00,0.000,0.000,0.00
1777907533,loop11,0.00,0.00,0.000,0.000,0.00
1777907533,loop12,0.00,0.00,0.000,0.000,0.00
1777907533,loop13,0.00,0.00,0.000,0.000,0.00
1777907533,loop14,0.00,0.00,0.000,0.000,0.00
1777907533,loop15,0.00,0.00,0.000,0.000,0.00
1777907533,loop16,0.00,0.00,0.000,0.000,0.00
1777907533,loop17,0.00,0.00,0.000,0.000,0.00
1777907533,loop18,0.00,0.00,0.000,0.000,0.00
1777907533,loop19,0.00,0.00,0.000,0.000,0.00
1777907533,loop2,0.00,0.00,0.000,0.000,0.00
1777907533,loop20,0.00,0.00,0.000,0.000,0.00
1777907533,loop21,0.00,0.00,0.000,0.000,0.00
1777907533,loop22,0.00,0.00,0.000,0.000,0.00
1777907533,loop23,0.00,0.00,0.000,0.000,0.00
1777907533,loop24,0.00,0.00,0.000,0.000,0.00
1777907533,loop25,0.00,0.00,0.000,0.000,0.00
1777907533,loop26,0.00,0.00,0.000,0.000,0.00
1777907533,loop27,0.00,0.00,0.000,0.000,0.00
1777907533,loop28,0.00,0.00,0.000,0.000,0.00
1777907533,loop29,0.00,0.00,0.000,0.000,0.00
1777907533,loop3,0.00,0.00,0.000,0.000,0.00
1777907533,loop30,0.00,0.00,0.000,0.000,0.00
1777907533,loop31,0.00,0.00,0.000,0.000,0.00
1777907533,loop32,0.00,0.00,0.000,0.000,0.00
1777907533,loop33,0.00,0.00,0.000,0.000,0.00
1777907533,loop34,0.00,0.00,0.000,0.000,0.00
1777907533,loop35,0.00,0.00,0.000,0.000,0.00
1777907533,loop36,0.00,0.00,0.000,0.000,0.00
1777907533,loop37,0.00,0.00,0.000,0.000,0.00
1777907533,loop38,0.00,0.00,0.000,0.000,0.00
1777907533,loop39,0.00,0.00,0.000,0.000,0.00
1777907533,loop4,0.00,0.00,0.000,0.000,0.00
1777907533,loop40,0.00,0.00,0.000,0.000,0.00
1777907533,loop5,0.00,0.00,0.000,0.000,0.00
1777907533,loop6,0.00,0.00,0.000,0.000,0.00
1777907533,loop7,0.00,0.00,0.000,0.000,0.00
1777907533,loop8,0.00,0.00,0.000,0.000,0.00
1777907533,loop9,0.00,0.00,0.000,0.000,0.00
1777907533,nvme0n1,0.00,0.00,0.000,0.000,0.00
1777907534,loop0,0.00,0.00,0.000,0.000,0.00
1777907534,loop1,0.00,0.00,0.000,0.000,0.00
1777907534,loop10,0.00,0.00,0.000,0.000,0.00
1777907534,loop11,0.00,0.00,0.000,0.000,0.00
1777907534,loop12,0.00,0.00,0.000,0.000,0.00
1777907534,loop13,0.00,0.00,0.000,0.000,0.00
1777907534,loop14,0.00,0.00,0.000,0.000,0.00
1777907534,loop15,0.00,0.00,0.000,0.000,0.00
1777907534,loop16,0.00,0.00,0.000,0.000,0.00
1777907534,loop17,0.00,0.00,0.000,0.000,0.00
1777907534,loop18,0.00,0.00,0.000,0.000,0.00
1777907534,loop19,0.00,0.00,0.000,0.000,0.00
1777907534,loop2,0.00,0.00,0.000,0.000,0.00
1777907534,loop20,0.00,0.00,0.000,0.000,0.00
1777907534,loop21,0.00,0.00,0.000,0.000,0.00
1777907534,loop22,0.00,0.00,0.000,0.000,0.00
1777907534,loop23,0.00,0.00,0.000,0.000,0.00
1777907534,loop24,0.00,0.00,0.000,0.000,0.00
1777907534,loop25,0.00,0.00,0.000,0.000,0.00
1777907534,loop26,0.00,0.00,0.000,0.000,0.00
1777907534,loop27,0.00,0.00,0.000,0.000,0.00
1777907534,loop28,0.00,0.00,0.000,0.000,0.00
1777907534,loop29,0.00,0.00,0.000,0.000,0.00
1777907534,loop3,0.00,0.00,0.000,0.000,0.00
1777907534,loop30,0.00,0.00,0.000,0.000,0.00
1777907534,loop31,0.00,0.00,0.000,0.000,0.00
1777907534,loop32,0.00,0.00,0.000,0.000,0.00
1777907534,loop33,0.00,0.00,0.000,0.000,0.00
1777907534,loop34,0.00,0.00,0.000,0.000,0.00
1777907534,loop35,0.00,0.00,0.000,0.000,0.00
1777907534,loop36,0.00,0.00,0.000,0.000,0.00
1777907534,loop37,0.00,0.00,0.000,0.000,0.00
1777907534,loop38,0.00,0.00,0.000,0.000,0.00
1777907534,loop39,0.00,0.00,0.000,0.000,0.00
1777907534,loop4,0.00,0.00,0.000,0.000,0.00
1777907534,loop40,0.00,0.00,0.000,0.000,0.00
1777907534,loop5,0.00,0.00,0.000,0.000,0.00
1777907534,loop6,0.00,0.00,0.000,0.000,0.00
1777907534,loop7,0.00,0.00,0.000,0.000,0.00
1777907534,loop8,0.00,0.00,0.000,0.000,0.00
1777907534,loop9,0.00,0.00,0.000,0.000,0.00
1777907534,nvme0n1,0.00,0.00,0.000,0.000,5.80
1777907535,loop0,0.00,0.00,0.000,0.000,0.00
1777907535,loop1,0.00,0.00,0.000,0.000,0.00
1777907535,loop10,0.00,0.00,0.000,0.000,0.00
1777907535,loop11,0.00,0.00,0.000,0.000,0.00
1777907535,loop12,0.00,0.00,0.000,0.000,0.00
1777907535,loop13,0.00,0.00,0.000,0.000,0.00
1777907535,loop14,0.00,0.00,0.000,0.000,0.00
1777907535,loop15,0.00,0.00,0.000,0.000,0.00
1777907535,loop16,0.00,0.00,0.000,0.000,0.00
1777907535,loop17,0.00,0.00,0.000,0.000,0.00
1777907535,loop18,0.00,0.00,0.000,0.000,0.00
1777907535,loop19,0.00,0.00,0.000,0.000,0.00
1777907535,loop2,0.00,0.00,0.000,0.000,0.00
1777907535,loop20,0.00,0.00,0.000,0.000,0.00
1777907535,loop21,0.00,0.00,0.000,0.000,0.00
1777907535,loop22,0.00,0.00,0.000,0.000,0.00
1777907535,loop23,0.00,0.00,0.000,0.000,0.00
1777907535,loop24,0.00,0.00,0.000,0.000,0.00
1777907535,loop25,0.00,0.00,0.000,0.000,0.00
1777907535,loop26,0.00,0.00,0.000,0.000,0.00
1777907535,loop27,0.00,0.00,0.000,0.000,0.00
1777907535,loop28,0.00,0.00,0.000,0.000,0.00
1777907535,loop29,0.00,0.00,0.000,0.000,0.00
1777907535,loop3,0.00,0.00,0.000,0.000,0.00
1777907535,loop30,0.00,0.00,0.000,0.000,0.00
1777907535,loop31,0.00,0.00,0.000,0.000,0.00
1777907535,loop32,0.00,0.00,0.000,0.000,0.00
1777907535,loop33,0.00,0.00,0.000,0.000,0.00
1777907535,loop34,0.00,0.00,0.000,0.000,0.00
1777907535,loop35,0.00,0.00,0.000,0.000,0.00
1777907535,loop36,0.00,0.00,0.000,0.000,0.00
1777907535,loop37,0.00,0.00,0.000,0.000,0.00
1777907535,loop38,0.00,0.00,0.000,0.000,0.00
1777907535,loop39,0.00,0.00,0.000,0.000,0.00
1777907535,loop4,0.00,0.00,0.000,0.000,0.00
1777907535,loop40,0.00,0.00,0.000,0.000,0.00
1777907535,loop5,0.00,0.00,0.000,0.000,0.00
1777907535,loop6,0.00,0.00,0.000,0.000,0.00
1777907535,loop7,0.00,0.00,0.000,0.000,0.00
1777907535,loop8,0.00,0.00,0.000,0.000,0.00
1777907535,loop9,0.00,0.00,0.000,0.000,0.00
1777907535,nvme0n1,0.00,0.00,0.000,0.000,0.00
1777907536,loop0,0.00,0.00,0.000,0.000,0.00
1777907536,loop1,0.00,0.00,0.000,0.000,0.00
1777907536,loop10,0.00,0.00,0.000,0.000,0.00
1777907536,loop11,0.00,0.00,0.000,0.000,0.00
1777907536,loop12,0.00,0.00,0.000,0.000,0.00
1777907536,loop13,0.00,0.00,0.000,0.000,0.00
1777907536,loop14,0.00,0.00,0.000,0.000,0.00
1777907536,loop15,0.00,0.00,0.000,0.000,0.00
1777907536,loop16,0.00,0.00,0.000,0.000,0.00
1777907536,loop17,0.00,0.00,0.000,0.000,0.00
1777907536,loop18,0.00,0.00,0.000,0.000,0.00
1777907536,loop19,0.00,0.00,0.000,0.000,0.00
1777907536,loop2,0.00,0.00,0.000,0.000,0.00
1777907536,loop20,0.00,0.00,0.000,0.000,0.00
1777907536,loop21,0.00,0.00,0.000,0.000,0.00
1777907536,loop22,0.00,0.00,0.000,0.000,0.00
1777907536,loop23,0.00,0.00,0.000,0.000,0.00
1777907536,loop24,0.00,0.00,0.000,0.000,0.00
1777907536,loop25,0.00,0.00,0.000,0.000,0.00
1777907536,loop26,0.00,0.00,0.000,0.000,0.00
1777907536,loop27,0.00,0.00,0.000,0.000,0.00
1777907536,loop28,0.00,0.00,0.000,0.000,0.00
1777907536,loop29,0.00,0.00,0.000,0.000,0.00
1777907536,loop3,0.00,0.00,0.000,0.000,0.00
1777907536,loop30,0.00,0.00,0.000,0.000,0.00
1777907536,loop31,0.00,0.00,0.000,0.000,0.00
1777907536,loop32,0.00,0.00,0.000,0.000,0.00
1777907536,loop33,0.00,0.00,0.000,0.000,0.00
1777907536,loop34,0.00,0.00,0.000,0.000,0.00
1777907536,loop35,0.00,0.00,0.000,0.000,0.00
1777907536,loop36,0.00,0.00,0.000,0.000,0.00
1777907536,loop37,0.00,0.00,0.000,0.000,0.00
1777907536,loop38,0.00,0.00,0.000,0.000,0.00
1777907536,loop39,0.00,0.00,0.000,0.000,0.00
1777907536,loop4,0.00,0.00,0.000,0.000,0.00
1777907536,loop40,0.00,0.00,0.000,0.000,0.00
1777907536,loop5,0.00,0.00,0.000,0.000,0.00
1777907536,loop6,0.00,0.00,0.000,0.000,0.00
1777907536,loop7,0.00,0.00,0.000,0.000,0.00
1777907536,loop8,0.00,0.00,0.000,0.000,0.00
1777907536,loop9,0.00,0.00,0.000,0.000,0.00
1777907536,nvme0n1,0.00,0.00,0.000,0.000,0.00
1777907537,loop0,0.00,0.00,0.000,0.000,0.00
1777907537,loop1,0.00,0.00,0.000,0.000,0.00
1777907537,loop10,0.00,0.00,0.000,0.000,0.00
1777907537,loop11,0.00,0.00,0.000,0.000,0.00
1777907537,loop12,0.00,0.00,0.000,0.000,0.00
1777907537,loop13,0.00,0.00,0.000,0.000,0.00
1777907537,loop14,0.00,0.00,0.000,0.000,0.00
1777907537,loop15,0.00,0.00,0.000,0.000,0.00
1777907537,loop16,0.00,0.00,0.000,0.000,0.00
1777907537,loop17,0.00,0.00,0.000,0.000,0.00
1777907537,loop18,0.00,0.00,0.000,0.000,0.00
1777907537,loop19,0.00,0.00,0.000,0.000,0.00
1777907537,loop2,0.00,0.00,0.000,0.000,0.00
1777907537,loop20,0.00,0.00,0.000,0.000,0.00
1777907537,loop21,0.00,0.00,0.000,0.000,0.00
1777907537,loop22,0.00,0.00,0.000,0.000,0.00
1777907537,loop23,0.00,0.00,0.000,0.000,0.00
1777907537,loop24,0.00,0.00,0.000,0.000,0.00
1777907537,loop25,0.00,0.00,0.000,0.000,0.00
1777907537,loop26,0.00,0.00,0.000,0.000,0.00
1777907537,loop27,0.00,0.00,0.000,0.000,0.00
1777907537,loop28,0.00,0.00,0.000,0.000,0.00
1777907537,loop29,0.00,0.00,0.000,0.000,0.00
1777907537,loop3,0.00,0.00,0.000,0.000,0.00
1777907537,loop30,0.00,0.00,0.000,0.000,0.00
1777907537,loop31,0.00,0.00,0.000,0.000,0.00
1777907537,loop32,0.00,0.00,0.000,0.000,0.00
1777907537,loop33,0.00,0.00,0.000,0.000,0.00
1777907537,loop34,0.00,0.00,0.000,0.000,0.00
1777907537,loop35,0.00,0.00,0.000,0.000,0.00
1777907537,loop36,0.00,0.00,0.000,0.000,0.00
1777907537,loop37,0.00,0.00,0.000,0.000,0.00
1777907537,loop38,0.00,0.00,0.000,0.000,0.00
1777907537,loop39,0.00,0.00,0.000,0.000,0.00
1777907537,loop4,0.00,0.00,0.000,0.000,0.00
1777907537,loop40,0.00,0.00,0.000,0.000,0.00
1777907537,loop5,0.00,0.00,0.000,0.000,0.00
1777907537,loop6,0.00,0.00,0.000,0.000,0.00
1777907537,loop7,0.00,0.00,0.000,0.000,0.00
1777907537,loop8,0.00,0.00,0.000,0.000,0.00
1777907537,loop9,0.00,0.00,0.000,0.000,0.00
1777907537,nvme0n1,0.00,0.00,0.000,0.000,2.10
1777907538,loop0,0.00,0.00,0.000,0.000,0.00
1777907538,loop1,0.00,0.00,0.000,0.000,0.00
1777907538,loop10,0.00,0.00,0.000,0.000,0.00
1777907538,loop11,0.00,0.00,0.000,0.000,0.00
1777907538,loop12,0.00,0.00,0.000,0.000,0.00
1777907538,loop13,0.00,0.00,0.000,0.000,0.00
1777907538,loop14,0.00,0.00,0.000,0.000,0.00
1777907538,loop15,0.00,0.00,0.000,0.000,0.00
1777907538,loop16,0.00,0.00,0.000,0.000,0.00
1777907538,loop17,0.00,0.00,0.000,0.000,0.00
1777907538,loop18,0.00,0.00,0.000,0.000,0.00
1777907538,loop19,0.00,0.00,0.000,0.000,0.00
1777907538,loop2,0.00,0.00,0.000,0.000,0.00
1777907538,loop20,0.00,0.00,0.000,0.000,0.00
1777907538,loop21,0.00,0.00,0.000,0.000,0.00
1777907538,loop22,0.00,0.00,0.000,0.000,0.00
1777907538,loop23,0.00,0.00,0.000,0.000,0.00
1777907538,loop24,0.00,0.00,0.000,0.000,0.00
1777907538,loop25,0.00,0.00,0.000,0.000,0.00
1777907538,loop26,0.00,0.00,0.000,0.000,0.00
1777907538,loop27,0.00,0.00,0.000,0.000,0.00
1777907538,loop28,0.00,0.00,0.000,0.000,0.00
1777907538,loop29,0.00,0.00,0.000,0.000,0.00
1777907538,loop3,0.00,0.00,0.000,0.000,0.00
1777907538,loop30,0.00,0.00,0.000,0.000,0.00
1777907538,loop31,0.00,0.00,0.000,0.000,0.00
1777907538,loop32,0.00,0.00,0.000,0.000,0.00
1777907538,loop33,0.00,0.00,0.000,0.000,0.00
1777907538,loop34,0.00,0.00,0.000,0.000,0.00
1777907538,loop35,0.00,0.00,0.000,0.000,0.00
1777907538,loop36,0.00,0.00,0.000,0.000,0.00
1777907538,loop37,0.00,0.00,0.000,0.000,0.00
1777907538,loop38,0.00,0.00,0.000,0.000,0.00
1777907538,loop39,0.00,0.00,0.000,0.000,0.00
1777907538,loop4,0.00,0.00,0.000,0.000,0.00
1777907538,loop40,0.00,0.00,0.000,0.000,0.00
1777907538,loop5,0.00,0.00,0.000,0.000,0.00
1777907538,loop6,0.00,0.00,0.000,0.000,0.00
1777907538,loop7,0.00,0.00,0.000,0.000,0.00
1777907538,loop8,0.00,0.00,0.000,0.000,0.00
1777907538,loop9,0.00,0.00,0.000,0.000,0.00
1777907538,nvme0n1,0.00,0.00,0.000,0.000,0.00
1777907539,loop0,0.00,0.00,0.000,0.000,0.00
1777907539,loop1,0.00,0.00,0.000,0.000,0.00
1777907539,loop10,0.00,0.00,0.000,0.000,0.00
1777907539,loop11,0.00,0.00,0.000,0.000,0.00
1777907539,loop12,0.00,0.00,0.000,0.000,0.00
1777907539,loop13,0.00,0.00,0.000,0.000,0.00
1777907539,loop14,0.00,0.00,0.000,0.000,0.00
1777907539,loop15,0.00,0.00,0.000,0.000,0.00
1777907539,loop16,0.00,0.00,0.000,0.000,0.00
1777907539,loop17,0.00,0.00,0.000,0.000,0.00
1777907539,loop18,0.00,0.00,0.000,0.000,0.00
1777907539,loop19,0.00,0.00,0.000,0.000,0.00
1777907539,loop2,0.00,0.00,0.000,0.000,0.00
1777907539,loop20,0.00,0.00,0.000,0.000,0.00
1777907539,loop21,0.00,0.00,0.000,0.000,0.00
1777907539,loop22,0.00,0.00,0.000,0.000,0.00
1777907539,loop23,0.00,0.00,0.000,0.000,0.00
1777907539,loop24,0.00,0.00,0.000,0.000,0.00
1777907539,loop25,0.00,0.00,0.000,0.000,0.00
1777907539,loop26,0.00,0.00,0.000,0.000,0.00
1777907539,loop27,0.00,0.00,0.000,0.000,0.00
1777907539,loop28,0.00,0.00,0.000,0.000,0.00
1777907539,loop29,0.00,0.00,0.000,0.000,0.00
1777907539,loop3,0.00,0.00,0.000,0.000,0.00
1777907539,loop30,0.00,0.00,0.000,0.000,0.00
1777907539,loop31,0.00,0.00,0.000,0.000,0.00
1777907539,loop32,0.00,0.00,0.000,0.000,0.00
1777907539,loop33,0.00,0.00,0.000,0.000,0.00
1777907539,loop34,0.00,0.00,0.000,0.000,0.00
1777907539,loop35,0.00,0.00,0.000,0.000,0.00
1777907539,loop36,0.00,0.00,0.000,0.000,0.00
1777907539,loop37,0.00,0.00,0.000,0.000,0.00
1777907539,loop38,0.00,0.00,0.000,0.000,0.00
1777907539,loop39,0.00,0.00,0.000,0.000,0.00
1777907539,loop4,0.00,0.00,0.000,0.000,0.00
1777907539,loop40,0.00,0.00,0.000,0.000,0.00
1777907539,loop5,0.00,0.00,0.000,0.000,0.00
1777907539,loop6,0.00,0.00,0.000,0.000,0.00
1777907539,loop7,0.00,0.00,0.000,0.000,0.00
1777907539,loop8,0.00,0.00,0.000,0.000,0.00
1777907539,loop9,0.00,0.00,0.000,0.000,0.00
1777907539,nvme0n1,0.00,0.00,0.000,0.000,5.70
1777907540,loop0,0.00,0.00,0.000,0.000,0.00
1777907540,loop1,0.00,0.00,0.000,0.000,0.00
1777907540,loop10,0.00,0.00,0.000,0.000,0.00
1777907540,loop11,0.00,0.00,0.000,0.000,0.00
1777907540,loop12,0.00,0.00,0.000,0.000,0.00
1777907540,loop13,0.00,0.00,0.000,0.000,0.00
1777907540,loop14,0.00,0.00,0.000,0.000,0.00
1777907540,loop15,0.00,0.00,0.000,0.000,0.00
1777907540,loop16,0.00,0.00,0.000,0.000,0.00
1777907540,loop17,0.00,0.00,0.000,0.000,0.00
1777907540,loop18,0.00,0.00,0.000,0.000,0.00
1777907540,loop19,0.00,0.00,0.000,0.000,0.00
1777907540,loop2,0.00,0.00,0.000,0.000,0.00
1777907540,loop20,0.00,0.00,0.000,0.000,0.00
1777907540,loop21,0.00,0.00,0.000,0.000,0.00
1777907540,loop22,0.00,0.00,0.000,0.000,0.00
1777907540,loop23,0.00,0.00,0.000,0.000,0.00
1777907540,loop24,0.00,0.00,0.000,0.000,0.00
1777907540,loop25,0.00,0.00,0.000,0.000,0.00
1777907540,loop26,0.00,0.00,0.000,0.000,0.00
1777907540,loop27,0.00,0.00,0.000,0.000,0.00
1777907540,loop28,0.00,0.00,0.000,0.000,0.00
1777907540,loop29,0.00,0.00,0.000,0.000,0.00
1777907540,loop3,0.00,0.00,0.000,0.000,0.00
1777907540,loop30,0.00,0.00,0.000,0.000,0.00
1777907540,loop31,0.00,0.00,0.000,0.000,0.00
1777907540,loop32,0.00,0.00,0.000,0.000,0.00
1777907540,loop33,0.00,0.00,0.000,0.000,0.00
1777907540,loop34,0.00,0.00,0.000,0.000,0.00
1777907540,loop35,0.00,0.00,0.000,0.000,0.00
1777907540,loop36,0.00,0.00,0.000,0.000,0.00
1777907540,loop37,0.00,0.00,0.000,0.000,0.00
1777907540,loop38,0.00,0.00,0.000,0.000,0.00
1777907540,loop39,0.00,0.00,0.000,0.000,0.00
1777907540,loop4,0.00,0.00,0.000,0.000,0.00
1777907540,loop40,0.00,0.00,0.000,0.000,0.00
1777907540,loop5,0.00,0.00,0.000,0.000,0.00
1777907540,loop6,0.00,0.00,0.000,0.000,0.00
1777907540,loop7,0.00,0.00,0.000,0.000,0.00
1777907540,loop8,0.00,0.00,0.000,0.000,0.00
1777907540,loop9,0.00,0.00,0.000,0.000,0.00
1777907540,nvme0n1,0.00,0.00,0.000,0.000,0.00
1777907541,loop0,0.00,0.00,0.000,0.000,0.00
1777907541,loop1,0.00,0.00,0.000,0.000,0.00
1777907541,loop10,0.00,0.00,0.000,0.000,0.00
1777907541,loop11,0.00,0.00,0.000,0.000,0.00
1777907541,loop12,0.00,0.00,0.000,0.000,0.00
1777907541,loop13,0.00,0.00,0.000,0.000,0.00
1777907541,loop14,0.00,0.00,0.000,0.000,0.00
1777907541,loop15,0.00,0.00,0.000,0.000,0.00
1777907541,loop16,0.00,0.00,0.000,0.000,0.00
1777907541,loop17,0.00,0.00,0.000,0.000,0.00
1777907541,loop18,0.00,0.00,0.000,0.000,0.00
1777907541,loop19,0.00,0.00,0.000,0.000,0.00
1777907541,loop2,0.00,0.00,0.000,0.000,0.00
1777907541,loop20,0.00,0.00,0.000,0.000,0.00
1777907541,loop21,0.00,0.00,0.000,0.000,0.00
1777907541,loop22,0.00,0.00,0.000,0.000,0.00
1777907541,loop23,0.00,0.00,0.000,0.000,0.00
1777907541,loop24,0.00,0.00,0.000,0.000,0.00
1777907541,loop25,0.00,0.00,0.000,0.000,0.00
1777907541,loop26,0.00,0.00,0.000,0.000,0.00
1777907541,loop27,0.00,0.00,0.000,0.000,0.00
1777907541,loop28,0.00,0.00,0.000,0.000,0.00
1777907541,loop29,0.00,0.00,0.000,0.000,0.00
1777907541,loop3,0.00,0.00,0.000,0.000,0.00
1777907541,loop30,0.00,0.00,0.000,0.000,0.00
1777907541,loop31,0.00,0.00,0.000,0.000,0.00
1777907541,loop32,0.00,0.00,0.000,0.000,0.00
1777907541,loop33,0.00,0.00,0.000,0.000,0.00
1777907541,loop34,0.00,0.00,0.000,0.000,0.00
1777907541,loop35,0.00,0.00,0.000,0.000,0.00
1777907541,loop36,0.00,0.00,0.000,0.000,0.00
1777907541,loop37,0.00,0.00,0.000,0.000,0.00
1777907541,loop38,0.00,0.00,0.000,0.000,0.00
1777907541,loop39,0.00,0.00,0.000,0.000,0.00
1777907541,loop4,0.00,0.00,0.000,0.000,0.00
1777907541,loop40,0.00,0.00,0.000,0.000,0.00
1777907541,loop5,0.00,0.00,0.000,0.000,0.00
1777907541,loop6,0.00,0.00,0.000,0.000,0.00
1777907541,loop7,0.00,0.00,0.000,0.000,0.00
1777907541,loop8,0.00,0.00,0.000,0.000,0.00
1777907541,loop9,0.00,0.00,0.000,0.000,0.00
1777907541,nvme0n1,0.00,0.00,0.000,0.000,0.00
1777907542,loop0,0.00,0.00,0.000,0.000,0.00
1777907542,loop1,0.00,0.00,0.000,0.000,0.00
1777907542,loop10,0.00,0.00,0.000,0.000,0.00
1777907542,loop11,0.00,0.00,0.000,0.000,0.00
1777907542,loop12,0.00,0.00,0.000,0.000,0.00
1777907542,loop13,0.00,0.00,0.000,0.000,0.00
1777907542,loop14,0.00,0.00,0.000,0.000,0.00
1777907542,loop15,0.00,0.00,0.000,0.000,0.00
1777907542,loop16,0.00,0.00,0.000,0.000,0.00
1777907542,loop17,0.00,0.00,0.000,0.000,0.00
1777907542,loop18,0.00,0.00,0.000,0.000,0.00
1777907542,loop19,0.00,0.00,0.000,0.000,0.00
1777907542,loop2,0.00,0.00,0.000,0.000,0.00
1777907542,loop20,0.00,0.00,0.000,0.000,0.00
1777907542,loop21,0.00,0.00,0.000,0.000,0.00
1777907542,loop22,0.00,0.00,0.000,0.000,0.00
1777907542,loop23,0.00,0.00,0.000,0.000,0.00
1777907542,loop24,0.00,0.00,0.000,0.000,0.00
1777907542,loop25,0.00,0.00,0.000,0.000,0.00
1777907542,loop26,0.00,0.00,0.000,0.000,0.00
1777907542,loop27,0.00,0.00,0.000,0.000,0.00
1777907542,loop28,0.00,0.00,0.000,0.000,0.00
1777907542,loop29,0.00,0.00,0.000,0.000,0.00
1777907542,loop3,0.00,0.00,0.000,0.000,0.00
1777907542,loop30,0.00,0.00,0.000,0.000,0.00
1777907542,loop31,0.00,0.00,0.000,0.000,0.00
1777907542,loop32,0.00,0.00,0.000,0.000,0.00
1777907542,loop33,0.00,0.00,0.000,0.000,0.00
1777907542,loop34,0.00,0.00,0.000,0.000,0.00
1777907542,loop35,0.00,0.00,0.000,0.000,0.00
1777907542,loop36,0.00,0.00,0.000,0.000,0.00
1777907542,loop37,0.00,0.00,0.000,0.000,0.00
1777907542,loop38,0.00,0.00,0.000,0.000,0.00
1777907542,loop39,0.00,0.00,0.000,0.000,0.00
1777907542,loop4,0.00,0.00,0.000,0.000,0.00
1777907542,loop40,0.00,0.00,0.000,0.000,0.00
1777907542,loop5,0.00,0.00,0.000,0.000,0.00
1777907542,loop6,0.00,0.00,0.000,0.000,0.00
1777907542,loop7,0.00,0.00,0.000,0.000,0.00
1777907542,loop8,0.00,0.00,0.000,0.000,0.00
1777907542,loop9,0.00,0.00,0.000,0.000,0.00
1777907542,nvme0n1,0.00,0.00,0.000,0.000,2.10
1777907543,loop0,0.00,0.00,0.000,0.000,0.00
1777907543,loop1,0.00,0.00,0.000,0.000,0.00
1777907543,loop10,0.00,0.00,0.000,0.000,0.00
1777907543,loop11,0.00,0.00,0.000,0.000,0.00
1777907543,loop12,0.00,0.00,0.000,0.000,0.00
1777907543,loop13,0.00,0.00,0.000,0.000,0.00
1777907543,loop14,0.00,0.00,0.000,0.000,0.00
1777907543,loop15,0.00,0.00,0.000,0.000,0.00
1777907543,loop16,0.00,0.00,0.000,0.000,0.00
1777907543,loop17,0.00,0.00,0.000,0.000,0.00
1777907543,loop18,0.00,0.00,0.000,0.000,0.00
1777907543,loop19,0.00,0.00,0.000,0.000,0.00
1777907543,loop2,0.00,0.00,0.000,0.000,0.00
1777907543,loop20,0.00,0.00,0.000,0.000,0.00
1777907543,loop21,0.00,0.00,0.000,0.000,0.00
1777907543,loop22,0.00,0.00,0.000,0.000,0.00
1777907543,loop23,0.00,0.00,0.000,0.000,0.00
1777907543,loop24,0.00,0.00,0.000,0.000,0.00
1777907543,loop25,0.00,0.00,0.000,0.000,0.00
1777907543,loop26,0.00,0.00,0.000,0.000,0.00
1777907543,loop27,0.00,0.00,0.000,0.000,0.00
1777907543,loop28,0.00,0.00,0.000,0.000,0.00
1777907543,loop29,0.00,0.00,0.000,0.000,0.00
1777907543,loop3,0.00,0.00,0.000,0.000,0.00
1777907543,loop30,0.00,0.00,0.000,0.000,0.00
1777907543,loop31,0.00,0.00,0.000,0.000,0.00
1777907543,loop32,0.00,0.00,0.000,0.000,0.00
1777907543,loop33,0.00,0.00,0.000,0.000,0.00
1777907543,loop34,0.00,0.00,0.000,0.000,0.00
1777907543,loop35,0.00,0.00,0.000,0.000,0.00
1777907543,loop36,0.00,0.00,0.000,0.000,0.00
1777907543,loop37,0.00,0.00,0.000,0.000,0.00
1777907543,loop38,0.00,0.00,0.000,0.000,0.00
1777907543,loop39,0.00,0.00,0.000,0.000,0.00
1777907543,loop4,0.00,0.00,0.000,0.000,0.00
1777907543,loop40,0.00,0.00,0.000,0.000,0.00
1777907543,loop5,0.00,0.00,0.000,0.000,0.00
1777907543,loop6,0.00,0.00,0.000,0.000,0.00
1777907543,loop7,0.00,0.00,0.000,0.000,0.00
1777907543,loop8,0.00,0.00,0.000,0.000,0.00
1777907543,loop9,0.00,0.00,0.000,0.000,0.00
1777907543,nvme0n1,0.00,0.00,0.000,0.000,0.00
1777907544,loop0,0.00,0.00,0.000,0.000,0.00
1777907544,loop1,0.00,0.00,0.000,0.000,0.00
1777907544,loop10,0.00,0.00,0.000,0.000,0.00
1777907544,loop11,0.00,0.00,0.000,0.000,0.00
1777907544,loop12,0.00,0.00,0.000,0.000,0.00
1777907544,loop13,0.00,0.00,0.000,0.000,0.00
1777907544,loop14,0.00,0.00,0.000,0.000,0.00
1777907544,loop15,0.00,0.00,0.000,0.000,0.00
1777907544,loop16,0.00,0.00,0.000,0.000,0.00
1777907544,loop17,0.00,0.00,0.000,0.000,0.00
1777907544,loop18,0.00,0.00,0.000,0.000,0.00
1777907544,loop19,0.00,0.00,0.000,0.000,0.00
1777907544,loop2,0.00,0.00,0.000,0.000,0.00
1777907544,loop20,0.00,0.00,0.000,0.000,0.00
1777907544,loop21,0.00,0.00,0.000,0.000,0.00
1777907544,loop22,0.00,0.00,0.000,0.000,0.00
1777907544,loop23,0.00,0.00,0.000,0.000,0.00
1777907544,loop24,0.00,0.00,0.000,0.000,0.00
1777907544,loop25,0.00,0.00,0.000,0.000,0.00
1777907544,loop26,0.00,0.00,0.000,0.000,0.00
1777907544,loop27,0.00,0.00,0.000,0.000,0.00
1777907544,loop28,0.00,0.00,0.000,0.000,0.00
1777907544,loop29,0.00,0.00,0.000,0.000,0.00
1777907544,loop3,0.00,0.00,0.000,0.000,0.00
1777907544,loop30,0.00,0.00,0.000,0.000,0.00
1777907544,loop31,0.00,0.00,0.000,0.000,0.00
1777907544,loop32,0.00,0.00,0.000,0.000,0.00
1777907544,loop33,0.00,0.00,0.000,0.000,0.00
1777907544,loop34,0.00,0.00,0.000,0.000,0.00
1777907544,loop35,0.00,0.00,0.000,0.000,0.00
1777907544,loop36,0.00,0.00,0.000,0.000,0.00
1777907544,loop37,0.00,0.00,0.000,0.000,0.00
1777907544,loop38,0.00,0.00,0.000,0.000,0.00
1777907544,loop39,0.00,0.00,0.000,0.000,0.00
1777907544,loop4,0.00,0.00,0.000,0.000,0.00
1777907544,loop40,0.00,0.00,0.000,0.000,0.00
1777907544,loop5,0.00,0.00,0.000,0.000,0.00
1777907544,loop6,0.00,0.00,0.000,0.000,0.00
1777907544,loop7,0.00,0.00,0.000,0.000,0.00
1777907544,loop8,0.00,0.00,0.000,0.000,0.00
1777907544,loop9,0.00,0.00,0.000,0.000,0.00
1777907544,nvme0n1,0.00,0.00,0.000,0.000,5.90
1777907545,loop0,0.00,0.00,0.000,0.000,0.00
1777907545,loop1,0.00,0.00,0.000,0.000,0.00
1777907545,loop10,0.00,0.00,0.000,0.000,0.00
1777907545,loop11,0.00,0.00,0.000,0.000,0.00
1777907545,loop12,0.00,0.00,0.000,0.000,0.00
1777907545,loop13,0.00,0.00,0.000,0.000,0.00
1777907545,loop14,0.00,0.00,0.000,0.000,0.00
1777907545,loop15,0.00,0.00,0.000,0.000,0.00
1777907545,loop16,0.00,0.00,0.000,0.000,0.00
1777907545,loop17,0.00,0.00,0.000,0.000,0.00
1777907545,loop18,0.00,0.00,0.000,0.000,0.00
1777907545,loop19,0.00,0.00,0.000,0.000,0.00
1777907545,loop2,0.00,0.00,0.000,0.000,0.00
1777907545,loop20,0.00,0.00,0.000,0.000,0.00
1777907545,loop21,0.00,0.00,0.000,0.000,0.00
1777907545,loop22,0.00,0.00,0.000,0.000,0.00
1777907545,loop23,0.00,0.00,0.000,0.000,0.00
1777907545,loop24,0.00,0.00,0.000,0.000,0.00
1777907545,loop25,0.00,0.00,0.000,0.000,0.00
1777907545,loop26,0.00,0.00,0.000,0.000,0.00
1777907545,loop27,0.00,0.00,0.000,0.000,0.00
1777907545,loop28,0.00,0.00,0.000,0.000,0.00
1777907545,loop29,0.00,0.00,0.000,0.000,0.00
1777907545,loop3,0.00,0.00,0.000,0.000,0.00
1777907545,loop30,0.00,0.00,0.000,0.000,0.00
1777907545,loop31,0.00,0.00,0.000,0.000,0.00
1777907545,loop32,0.00,0.00,0.000,0.000,0.00
1777907545,loop33,0.00,0.00,0.000,0.000,0.00
1777907545,loop34,0.00,0.00,0.000,0.000,0.00
1777907545,loop35,0.00,0.00,0.000,0.000,0.00
1777907545,loop36,0.00,0.00,0.000,0.000,0.00
1777907545,loop37,0.00,0.00,0.000,0.000,0.00
1777907545,loop38,0.00,0.00,0.000,0.000,0.00
1777907545,loop39,0.00,0.00,0.000,0.000,0.00
1777907545,loop4,0.00,0.00,0.000,0.000,0.00
1777907545,loop40,0.00,0.00,0.000,0.000,0.00
1777907545,loop5,0.00,0.00,0.000,0.000,0.00
1777907545,loop6,0.00,0.00,0.000,0.000,0.00
1777907545,loop7,0.00,0.00,0.000,0.000,0.00
1777907545,loop8,0.00,0.00,0.000,0.000,0.00
1777907545,loop9,0.00,0.00,0.000,0.000,0.00
1777907545,nvme0n1,0.00,0.00,0.000,0.000,0.00
1777907546,loop0,0.00,0.00,0.000,0.000,0.00
1777907546,loop1,0.00,0.00,0.000,0.000,0.00
1777907546,loop10,0.00,0.00,0.000,0.000,0.00
1777907546,loop11,0.00,0.00,0.000,0.000,0.00
1777907546,loop12,0.00,0.00,0.000,0.000,0.00
1777907546,loop13,0.00,0.00,0.000,0.000,0.00
1777907546,loop14,0.00,0.00,0.000,0.000,0.00
1777907546,loop15,0.00,0.00,0.000,0.000,0.00
1777907546,loop16,0.00,0.00,0.000,0.000,0.00
1777907546,loop17,0.00,0.00,0.000,0.000,0.00
1777907546,loop18,0.00,0.00,0.000,0.000,0.00
1777907546,loop19,0.00,0.00,0.000,0.000,0.00
1777907546,loop2,0.00,0.00,0.000,0.000,0.00
1777907546,loop20,0.00,0.00,0.000,0.000,0.00
1777907546,loop21,0.00,0.00,0.000,0.000,0.00
1777907546,loop22,0.00,0.00,0.000,0.000,0.00
1777907546,loop23,0.00,0.00,0.000,0.000,0.00
1777907546,loop24,0.00,0.00,0.000,0.000,0.00
1777907546,loop25,0.00,0.00,0.000,0.000,0.00
1777907546,loop26,0.00,0.00,0.000,0.000,0.00
1777907546,loop27,0.00,0.00,0.000,0.000,0.00
1777907546,loop28,0.00,0.00,0.000,0.000,0.00
1777907546,loop29,0.00,0.00,0.000,0.000,0.00
1777907546,loop3,0.00,0.00,0.000,0.000,0.00
1777907546,loop30,0.00,0.00,0.000,0.000,0.00
1777907546,loop31,0.00,0.00,0.000,0.000,0.00
1777907546,loop32,0.00,0.00,0.000,0.000,0.00
1777907546,loop33,0.00,0.00,0.000,0.000,0.00
1777907546,loop34,0.00,0.00,0.000,0.000,0.00
1777907546,loop35,0.00,0.00,0.000,0.000,0.00
1777907546,loop36,0.00,0.00,0.000,0.000,0.00
1777907546,loop37,0.00,0.00,0.000,0.000,0.00
1777907546,loop38,0.00,0.00,0.000,0.000,0.00
1777907546,loop39,0.00,0.00,0.000,0.000,0.00
1777907546,loop4,0.00,0.00,0.000,0.000,0.00
1777907546,loop40,0.00,0.00,0.000,0.000,0.00
1777907546,loop5,0.00,0.00,0.000,0.000,0.00
1777907546,loop6,0.00,0.00,0.000,0.000,0.00
1777907546,loop7,0.00,0.00,0.000,0.000,0.00
1777907546,loop8,0.00,0.00,0.000,0.000,0.00
1777907546,loop9,0.00,0.00,0.000,0.000,0.00
1777907546,nvme0n1,0.00,0.00,0.000,0.000,0.00
1777907547,loop0,0.00,0.00,0.000,0.000,0.00
1777907547,loop1,0.00,0.00,0.000,0.000,0.00
1777907547,loop10,0.00,0.00,0.000,0.000,0.00
1777907547,loop11,0.00,0.00,0.000,0.000,0.00
1777907547,loop12,0.00,0.00,0.000,0.000,0.00
1777907547,loop13,0.00,0.00,0.000,0.000,0.00
1777907547,loop14,0.00,0.00,0.000,0.000,0.00
1777907547,loop15,0.00,0.00,0.000,0.000,0.00
1777907547,loop16,0.00,0.00,0.000,0.000,0.00
1777907547,loop17,0.00,0.00,0.000,0.000,0.00
1777907547,loop18,0.00,0.00,0.000,0.000,0.00
1777907547,loop19,0.00,0.00,0.000,0.000,0.00
1777907547,loop2,0.00,0.00,0.000,0.000,0.00
1777907547,loop20,0.00,0.00,0.000,0.000,0.00
1777907547,loop21,0.00,0.00,0.000,0.000,0.00
1777907547,loop22,0.00,0.00,0.000,0.000,0.00
1777907547,loop23,0.00,0.00,0.000,0.000,0.00
1777907547,loop24,0.00,0.00,0.000,0.000,0.00
1777907547,loop25,0.00,0.00,0.000,0.000,0.00
1777907547,loop26,0.00,0.00,0.000,0.000,0.00
1777907547,loop27,0.00,0.00,0.000,0.000,0.00
1777907547,loop28,0.00,0.00,0.000,0.000,0.00
1777907547,loop29,0.00,0.00,0.000,0.000,0.00
1777907547,loop3,0.00,0.00,0.000,0.000,0.00
1777907547,loop30,0.00,0.00,0.000,0.000,0.00
1777907547,loop31,0.00,0.00,0.000,0.000,0.00
1777907547,loop32,0.00,0.00,0.000,0.000,0.00
1777907547,loop33,0.00,0.00,0.000,0.000,0.00
1777907547,loop34,0.00,0.00,0.000,0.000,0.00
1777907547,loop35,0.00,0.00,0.000,0.000,0.00
1777907547,loop36,0.00,0.00,0.000,0.000,0.00
1777907547,loop37,0.00,0.00,0.000,0.000,0.00
1777907547,loop38,0.00,0.00,0.000,0.000,0.00
1777907547,loop39,0.00,0.00,0.000,0.000,0.00
1777907547,loop4,0.00,0.00,0.000,0.000,0.00
1777907547,loop40,0.00,0.00,0.000,0.000,0.00
1777907547,loop5,0.00,0.00,0.000,0.000,0.00
1777907547,loop6,0.00,0.00,0.000,0.000,0.00
1777907547,loop7,0.00,0.00,0.000,0.000,0.00
1777907547,loop8,0.00,0.00,0.000,0.000,0.00
1777907547,loop9,0.00,0.00,0.000,0.000,0.00
1777907547,nvme0n1,0.00,0.00,0.000,0.000,2.00
1777907548,loop0,0.00,0.00,0.000,0.000,0.00
1777907548,loop1,0.00,0.00,0.000,0.000,0.00
1777907548,loop10,0.00,0.00,0.000,0.000,0.00
1777907548,loop11,0.00,0.00,0.000,0.000,0.00
1777907548,loop12,0.00,0.00,0.000,0.000,0.00
1777907548,loop13,0.00,0.00,0.000,0.000,0.00
1777907548,loop14,0.00,0.00,0.000,0.000,0.00
1777907548,loop15,0.00,0.00,0.000,0.000,0.00
1777907548,loop16,0.00,0.00,0.000,0.000,0.00
1777907548,loop17,0.00,0.00,0.000,0.000,0.00
1777907548,loop18,0.00,0.00,0.000,0.000,0.00
1777907548,loop19,0.00,0.00,0.000,0.000,0.00
1777907548,loop2,0.00,0.00,0.000,0.000,0.00
1777907548,loop20,0.00,0.00,0.000,0.000,0.00
1777907548,loop21,0.00,0.00,0.000,0.000,0.00
1777907548,loop22,0.00,0.00,0.000,0.000,0.00
1777907548,loop23,0.00,0.00,0.000,0.000,0.00
1777907548,loop24,0.00,0.00,0.000,0.000,0.00
1777907548,loop25,0.00,0.00,0.000,0.000,0.00
1777907548,loop26,0.00,0.00,0.000,0.000,0.00
1777907548,loop27,0.00,0.00,0.000,0.000,0.00
1777907548,loop28,0.00,0.00,0.000,0.000,0.00
1777907548,loop29,0.00,0.00,0.000,0.000,0.00
1777907548,loop3,0.00,0.00,0.000,0.000,0.00
1777907548,loop30,0.00,0.00,0.000,0.000,0.00
1777907548,loop31,0.00,0.00,0.000,0.000,0.00
1777907548,loop32,0.00,0.00,0.000,0.000,0.00
1777907548,loop33,0.00,0.00,0.000,0.000,0.00
1777907548,loop34,0.00,0.00,0.000,0.000,0.00
1777907548,loop35,0.00,0.00,0.000,0.000,0.00
1777907548,loop36,0.00,0.00,0.000,0.000,0.00
1777907548,loop37,0.00,0.00,0.000,0.000,0.00
1777907548,loop38,0.00,0.00,0.000,0.000,0.00
1777907548,loop39,0.00,0.00,0.000,0.000,0.00
1777907548,loop4,0.00,0.00,0.000,0.000,0.00
1777907548,loop40,0.00,0.00,0.000,0.000,0.00
1777907548,loop5,0.00,0.00,0.000,0.000,0.00
1777907548,loop6,0.00,0.00,0.000,0.000,0.00
1777907548,loop7,0.00,0.00,0.000,0.000,0.00
1777907548,loop8,0.00,0.00,0.000,0.000,0.00
1777907548,loop9,0.00,0.00,0.000,0.000,0.00
1777907548,nvme0n1,0.00,0.00,0.000,0.000,0.00
1777907549,loop0,0.00,0.00,0.000,0.000,0.00
1777907549,loop1,0.00,0.00,0.000,0.000,0.00
1777907549,loop10,0.00,0.00,0.000,0.000,0.00
1777907549,loop11,0.00,0.00,0.000,0.000,0.00
1777907549,loop12,0.00,0.00,0.000,0.000,0.00
1777907549,loop13,0.00,0.00,0.000,0.000,0.00
1777907549,loop14,0.00,0.00,0.000,0.000,0.00
1777907549,loop15,0.00,0.00,0.000,0.000,0.00
1777907549,loop16,0.00,0.00,0.000,0.000,0.00
1777907549,loop17,0.00,0.00,0.000,0.000,0.00
1777907549,loop18,0.00,0.00,0.000,0.000,0.00
1777907549,loop19,0.00,0.00,0.000,0.000,0.00
1777907549,loop2,0.00,0.00,0.000,0.000,0.00
1777907549,loop20,0.00,0.00,0.000,0.000,0.00
1777907549,loop21,0.00,0.00,0.000,0.000,0.00
1777907549,loop22,0.00,0.00,0.000,0.000,0.00
1777907549,loop23,0.00,0.00,0.000,0.000,0.00
1777907549,loop24,0.00,0.00,0.000,0.000,0.00
1777907549,loop25,0.00,0.00,0.000,0.000,0.00
1777907549,loop26,0.00,0.00,0.000,0.000,0.00
1777907549,loop27,0.00,0.00,0.000,0.000,0.00
1777907549,loop28,0.00,0.00,0.000,0.000,0.00
1777907549,loop29,0.00,0.00,0.000,0.000,0.00
1777907549,loop3,0.00,0.00,0.000,0.000,0.00
1777907549,loop30,0.00,0.00,0.000,0.000,0.00
1777907549,loop31,0.00,0.00,0.000,0.000,0.00
1777907549,loop32,0.00,0.00,0.000,0.000,0.00
1777907549,loop33,0.00,0.00,0.000,0.000,0.00
1777907549,loop34,0.00,0.00,0.000,0.000,0.00
1777907549,loop35,0.00,0.00,0.000,0.000,0.00
1777907549,loop36,0.00,0.00,0.000,0.000,0.00
1777907549,loop37,0.00,0.00,0.000,0.000,0.00
1777907549,loop38,0.00,0.00,0.000,0.000,0.00
1777907549,loop39,0.00,0.00,0.000,0.000,0.00
1777907549,loop4,0.00,0.00,0.000,0.000,0.00
1777907549,loop40,0.00,0.00,0.000,0.000,0.00
1777907549,loop5,0.00,0.00,0.000,0.000,0.00
1777907549,loop6,0.00,0.00,0.000,0.000,0.00
1777907549,loop7,0.00,0.00,0.000,0.000,0.00
1777907549,loop8,0.00,0.00,0.000,0.000,0.00
1777907549,loop9,0.00,0.00,0.000,0.000,0.00
1777907549,nvme0n1,0.00,0.00,0.000,0.000,5.40
1777907550,loop0,0.00,0.00,0.000,0.000,0.00
1777907550,loop1,0.00,0.00,0.000,0.000,0.00
1777907550,loop10,0.00,0.00,0.000,0.000,0.00
1777907550,loop11,0.00,0.00,0.000,0.000,0.00
1777907550,loop12,0.00,0.00,0.000,0.000,0.00
1777907550,loop13,0.00,0.00,0.000,0.000,0.00
1777907550,loop14,0.00,0.00,0.000,0.000,0.00
1777907550,loop15,0.00,0.00,0.000,0.000,0.00
1777907550,loop16,0.00,0.00,0.000,0.000,0.00
1777907550,loop17,0.00,0.00,0.000,0.000,0.00
1777907550,loop18,0.00,0.00,0.000,0.000,0.00
1777907550,loop19,0.00,0.00,0.000,0.000,0.00
1777907550,loop2,0.00,0.00,0.000,0.000,0.00
1777907550,loop20,0.00,0.00,0.000,0.000,0.00
1777907550,loop21,0.00,0.00,0.000,0.000,0.00
1777907550,loop22,0.00,0.00,0.000,0.000,0.00
1777907550,loop23,0.00,0.00,0.000,0.000,0.00
1777907550,loop24,0.00,0.00,0.000,0.000,0.00
1777907550,loop25,0.00,0.00,0.000,0.000,0.00
1777907550,loop26,0.00,0.00,0.000,0.000,0.00
1777907550,loop27,0.00,0.00,0.000,0.000,0.00
1777907550,loop28,0.00,0.00,0.000,0.000,0.00
1777907550,loop29,0.00,0.00,0.000,0.000,0.00
1777907550,loop3,0.00,0.00,0.000,0.000,0.00
1777907550,loop30,0.00,0.00,0.000,0.000,0.00
1777907550,loop31,0.00,0.00,0.000,0.000,0.00
1777907550,loop32,0.00,0.00,0.000,0.000,0.00
1777907550,loop33,0.00,0.00,0.000,0.000,0.00
1777907550,loop34,0.00,0.00,0.000,0.000,0.00
1777907550,loop35,0.00,0.00,0.000,0.000,0.00
1777907550,loop36,0.00,0.00,0.000,0.000,0.00
1777907550,loop37,0.00,0.00,0.000,0.000,0.00
1777907550,loop38,0.00,0.00,0.000,0.000,0.00
1777907550,loop39,0.00,0.00,0.000,0.000,0.00
1777907550,loop4,0.00,0.00,0.000,0.000,0.00
1777907550,loop40,0.00,0.00,0.000,0.000,0.00
1777907550,loop5,0.00,0.00,0.000,0.000,0.00
1777907550,loop6,0.00,0.00,0.000,0.000,0.00
1777907550,loop7,0.00,0.00,0.000,0.000,0.00
1777907550,loop8,0.00,0.00,0.000,0.000,0.00
1777907550,loop9,0.00,0.00,0.000,0.000,0.00
1777907550,nvme0n1,3.00,12.00,0.000,0.000,0.80
1777907551,loop0,0.00,0.00,0.000,0.000,0.00
1777907551,loop1,0.00,0.00,0.000,0.000,0.00
1777907551,loop10,0.00,0.00,0.000,0.000,0.00
1777907551,loop11,0.00,0.00,0.000,0.000,0.00
1777907551,loop12,0.00,0.00,0.000,0.000,0.00
1777907551,loop13,0.00,0.00,0.000,0.000,0.00
1777907551,loop14,0.00,0.00,0.000,0.000,0.00
1777907551,loop15,0.00,0.00,0.000,0.000,0.00
1777907551,loop16,0.00,0.00,0.000,0.000,0.00
1777907551,loop17,0.00,0.00,0.000,0.000,0.00
1777907551,loop18,0.00,0.00,0.000,0.000,0.00
1777907551,loop19,0.00,0.00,0.000,0.000,0.00
1777907551,loop2,0.00,0.00,0.000,0.000,0.00
1777907551,loop20,0.00,0.00,0.000,0.000,0.00
1777907551,loop21,0.00,0.00,0.000,0.000,0.00
1777907551,loop22,0.00,0.00,0.000,0.000,0.00
1777907551,loop23,0.00,0.00,0.000,0.000,0.00
1777907551,loop24,0.00,0.00,0.000,0.000,0.00
1777907551,loop25,0.00,0.00,0.000,0.000,0.00
1777907551,loop26,0.00,0.00,0.000,0.000,0.00
1777907551,loop27,0.00,0.00,0.000,0.000,0.00
1777907551,loop28,0.00,0.00,0.000,0.000,0.00
1777907551,loop29,0.00,0.00,0.000,0.000,0.00
1777907551,loop3,0.00,0.00,0.000,0.000,0.00
1777907551,loop30,0.00,0.00,0.000,0.000,0.00
1777907551,loop31,0.00,0.00,0.000,0.000,0.00
1777907551,loop32,0.00,0.00,0.000,0.000,0.00
1777907551,loop33,0.00,0.00,0.000,0.000,0.00
1777907551,loop34,0.00,0.00,0.000,0.000,0.00
1777907551,loop35,0.00,0.00,0.000,0.000,0.00
1777907551,loop36,0.00,0.00,0.000,0.000,0.00
1777907551,loop37,0.00,0.00,0.000,0.000,0.00
1777907551,loop38,0.00,0.00,0.000,0.000,0.00
1777907551,loop39,0.00,0.00,0.000,0.000,0.00
1777907551,loop4,0.00,0.00,0.000,0.000,0.00
1777907551,loop40,0.00,0.00,0.000,0.000,0.00
1777907551,loop5,0.00,0.00,0.000,0.000,0.00
1777907551,loop6,0.00,0.00,0.000,0.000,0.00
1777907551,loop7,0.00,0.00,0.000,0.000,0.00
1777907551,loop8,0.00,0.00,0.000,0.000,0.00
1777907551,loop9,0.00,0.00,0.000,0.000,0.00
1777907551,nvme0n1,0.00,0.00,0.000,0.000,0.00
1777907552,loop0,0.00,0.00,0.000,0.000,0.00
1777907552,loop1,0.00,0.00,0.000,0.000,0.00
1777907552,loop10,0.00,0.00,0.000,0.000,0.00
1777907552,loop11,0.00,0.00,0.000,0.000,0.00
1777907552,loop12,0.00,0.00,0.000,0.000,0.00
1777907552,loop13,0.00,0.00,0.000,0.000,0.00
1777907552,loop14,0.00,0.00,0.000,0.000,0.00
1777907552,loop15,0.00,0.00,0.000,0.000,0.00
1777907552,loop16,0.00,0.00,0.000,0.000,0.00
1777907552,loop17,0.00,0.00,0.000,0.000,0.00
1777907552,loop18,0.00,0.00,0.000,0.000,0.00
1777907552,loop19,0.00,0.00,0.000,0.000,0.00
1777907552,loop2,0.00,0.00,0.000,0.000,0.00
1777907552,loop20,0.00,0.00,0.000,0.000,0.00
1777907552,loop21,0.00,0.00,0.000,0.000,0.00
1777907552,loop22,0.00,0.00,0.000,0.000,0.00
1777907552,loop23,0.00,0.00,0.000,0.000,0.00
1777907552,loop24,0.00,0.00,0.000,0.000,0.00
1777907552,loop25,0.00,0.00,0.000,0.000,0.00
1777907552,loop26,0.00,0.00,0.000,0.000,0.00
1777907552,loop27,0.00,0.00,0.000,0.000,0.00
1777907552,loop28,0.00,0.00,0.000,0.000,0.00
1777907552,loop29,0.00,0.00,0.000,0.000,0.00
1777907552,loop3,0.00,0.00,0.000,0.000,0.00
1777907552,loop30,0.00,0.00,0.000,0.000,0.00
1777907552,loop31,0.00,0.00,0.000,0.000,0.00
1777907552,loop32,0.00,0.00,0.000,0.000,0.00
1777907552,loop33,0.00,0.00,0.000,0.000,0.00
1777907552,loop34,0.00,0.00,0.000,0.000,0.00
1777907552,loop35,0.00,0.00,0.000,0.000,0.00
1777907552,loop36,0.00,0.00,0.000,0.000,0.00
1777907552,loop37,0.00,0.00,0.000,0.000,0.00
1777907552,loop38,0.00,0.00,0.000,0.000,0.00
1777907552,loop39,0.00,0.00,0.000,0.000,0.00
1777907552,loop4,0.00,0.00,0.000,0.000,0.00
1777907552,loop40,0.00,0.00,0.000,0.000,0.00
1777907552,loop5,0.00,0.00,0.000,0.000,0.00
1777907552,loop6,0.00,0.00,0.000,0.000,0.00
1777907552,loop7,0.00,0.00,0.000,0.000,0.00
1777907552,loop8,0.00,0.00,0.000,0.000,0.00
1777907552,loop9,0.00,0.00,0.000,0.000,0.00
1777907552,nvme0n1,4.00,24.00,0.002,0.033,0.10
1777907553,loop0,0.00,0.00,0.000,0.000,0.00
1777907553,loop1,0.00,0.00,0.000,0.000,0.00
1777907553,loop10,0.00,0.00,0.000,0.000,0.00
1777907553,loop11,0.00,0.00,0.000,0.000,0.00
1777907553,loop12,0.00,0.00,0.000,0.000,0.00
1777907553,loop13,0.00,0.00,0.000,0.000,0.00
1777907553,loop14,0.00,0.00,0.000,0.000,0.00
1777907553,loop15,0.00,0.00,0.000,0.000,0.00
1777907553,loop16,0.00,0.00,0.000,0.000,0.00
1777907553,loop17,0.00,0.00,0.000,0.000,0.00
1777907553,loop18,0.00,0.00,0.000,0.000,0.00
1777907553,loop19,0.00,0.00,0.000,0.000,0.00
1777907553,loop2,0.00,0.00,0.000,0.000,0.00
1777907553,loop20,0.00,0.00,0.000,0.000,0.00
1777907553,loop21,0.00,0.00,0.000,0.000,0.00
1777907553,loop22,0.00,0.00,0.000,0.000,0.00
1777907553,loop23,0.00,0.00,0.000,0.000,0.00
1777907553,loop24,0.00,0.00,0.000,0.000,0.00
1777907553,loop25,0.00,0.00,0.000,0.000,0.00
1777907553,loop26,0.00,0.00,0.000,0.000,0.00
1777907553,loop27,0.00,0.00,0.000,0.000,0.00
1777907553,loop28,0.00,0.00,0.000,0.000,0.00
1777907553,loop29,0.00,0.00,0.000,0.000,0.00
1777907553,loop3,0.00,0.00,0.000,0.000,0.00
1777907553,loop30,0.00,0.00,0.000,0.000,0.00
1777907553,loop31,0.00,0.00,0.000,0.000,0.00
1777907553,loop32,0.00,0.00,0.000,0.000,0.00
1777907553,loop33,0.00,0.00,0.000,0.000,0.00
1777907553,loop34,0.00,0.00,0.000,0.000,0.00
1777907553,loop35,0.00,0.00,0.000,0.000,0.00
1777907553,loop36,0.00,0.00,0.000,0.000,0.00
1777907553,loop37,0.00,0.00,0.000,0.000,0.00
1777907553,loop38,0.00,0.00,0.000,0.000,0.00
1777907553,loop39,0.00,0.00,0.000,0.000,0.00
1777907553,loop4,0.00,0.00,0.000,0.000,0.00
1777907553,loop40,0.00,0.00,0.000,0.000,0.00
1777907553,loop5,0.00,0.00,0.000,0.000,0.00
1777907553,loop6,0.00,0.00,0.000,0.000,0.00
1777907553,loop7,0.00,0.00,0.000,0.000,0.00
1777907553,loop8,0.00,0.00,0.000,0.000,0.00
1777907553,loop9,0.00,0.00,0.000,0.000,0.00
1777907553,nvme0n1,0.00,0.00,0.000,0.000,0.00
1777907554,loop0,0.00,0.00,0.000,0.000,0.00
1777907554,loop1,0.00,0.00,0.000,0.000,0.00
1777907554,loop10,0.00,0.00,0.000,0.000,0.00
1777907554,loop11,0.00,0.00,0.000,0.000,0.00
1777907554,loop12,0.00,0.00,0.000,0.000,0.00
1777907554,loop13,0.00,0.00,0.000,0.000,0.00
1777907554,loop14,0.00,0.00,0.000,0.000,0.00
1777907554,loop15,0.00,0.00,0.000,0.000,0.00
1777907554,loop16,0.00,0.00,0.000,0.000,0.00
1777907554,loop17,0.00,0.00,0.000,0.000,0.00
1777907554,loop18,0.00,0.00,0.000,0.000,0.00
1777907554,loop19,0.00,0.00,0.000,0.000,0.00
1777907554,loop2,0.00,0.00,0.000,0.000,0.00
1777907554,loop20,0.00,0.00,0.000,0.000,0.00
1777907554,loop21,0.00,0.00,0.000,0.000,0.00
1777907554,loop22,0.00,0.00,0.000,0.000,0.00
1777907554,loop23,0.00,0.00,0.000,0.000,0.00
1777907554,loop24,0.00,0.00,0.000,0.000,0.00
1777907554,loop25,0.00,0.00,0.000,0.000,0.00
1777907554,loop26,0.00,0.00,0.000,0.000,0.00
1777907554,loop27,0.00,0.00,0.000,0.000,0.00
1777907554,loop28,0.00,0.00,0.000,0.000,0.00
1777907554,loop29,0.00,0.00,0.000,0.000,0.00
1777907554,loop3,0.00,0.00,0.000,0.000,0.00
1777907554,loop30,0.00,0.00,0.000,0.000,0.00
1777907554,loop31,0.00,0.00,0.000,0.000,0.00
1777907554,loop32,0.00,0.00,0.000,0.000,0.00
1777907554,loop33,0.00,0.00,0.000,0.000,0.00
1777907554,loop34,0.00,0.00,0.000,0.000,0.00
1777907554,loop35,0.00,0.00,0.000,0.000,0.00
1777907554,loop36,0.00,0.00,0.000,0.000,0.00
1777907554,loop37,0.00,0.00,0.000,0.000,0.00
1777907554,loop38,0.00,0.00,0.000,0.000,0.00
1777907554,loop39,0.00,0.00,0.000,0.000,0.00
1777907554,loop4,0.00,0.00,0.000,0.000,0.00
1777907554,loop40,0.00,0.00,0.000,0.000,0.00
1777907554,loop5,0.00,0.00,0.000,0.000,0.00
1777907554,loop6,0.00,0.00,0.000,0.000,0.00
1777907554,loop7,0.00,0.00,0.000,0.000,0.00
1777907554,loop8,0.00,0.00,0.000,0.000,0.00
1777907554,loop9,0.00,0.00,0.000,0.000,0.00
1777907554,nvme0n1,0.00,0.00,0.000,0.000,0.00
1777907555,loop0,0.00,0.00,0.000,0.000,0.00
1777907555,loop1,0.00,0.00,0.000,0.000,0.00
1777907555,loop10,0.00,0.00,0.000,0.000,0.00
1777907555,loop11,0.00,0.00,0.000,0.000,0.00
1777907555,loop12,0.00,0.00,0.000,0.000,0.00
1777907555,loop13,0.00,0.00,0.000,0.000,0.00
1777907555,loop14,0.00,0.00,0.000,0.000,0.00
1777907555,loop15,0.00,0.00,0.000,0.000,0.00
1777907555,loop16,0.00,0.00,0.000,0.000,0.00
1777907555,loop17,0.00,0.00,0.000,0.000,0.00
1777907555,loop18,0.00,0.00,0.000,0.000,0.00
1777907555,loop19,0.00,0.00,0.000,0.000,0.00
1777907555,loop2,0.00,0.00,0.000,0.000,0.00
1777907555,loop20,0.00,0.00,0.000,0.000,0.00
1777907555,loop21,0.00,0.00,0.000,0.000,0.00
1777907555,loop22,0.00,0.00,0.000,0.000,0.00
1777907555,loop23,0.00,0.00,0.000,0.000,0.00
1777907555,loop24,0.00,0.00,0.000,0.000,0.00
1777907555,loop25,0.00,0.00,0.000,0.000,0.00
1777907555,loop26,0.00,0.00,0.000,0.000,0.00
1777907555,loop27,0.00,0.00,0.000,0.000,0.00
1777907555,loop28,0.00,0.00,0.000,0.000,0.00
1777907555,loop29,0.00,0.00,0.000,0.000,0.00
1777907555,loop3,0.00,0.00,0.000,0.000,0.00
1777907555,loop30,0.00,0.00,0.000,0.000,0.00
1777907555,loop31,0.00,0.00,0.000,0.000,0.00
1777907555,loop32,0.00,0.00,0.000,0.000,0.00
1777907555,loop33,0.00,0.00,0.000,0.000,0.00
1777907555,loop34,0.00,0.00,0.000,0.000,0.00
1777907555,loop35,0.00,0.00,0.000,0.000,0.00
1777907555,loop36,0.00,0.00,0.000,0.000,0.00
1777907555,loop37,0.00,0.00,0.000,0.000,0.00
1777907555,loop38,0.00,0.00,0.000,0.000,0.00
1777907555,loop39,0.00,0.00,0.000,0.000,0.00
1777907555,loop4,0.00,0.00,0.000,0.000,0.00
1777907555,loop40,0.00,0.00,0.000,0.000,0.00
1777907555,loop5,0.00,0.00,0.000,0.000,0.00
1777907555,loop6,0.00,0.00,0.000,0.000,0.00
1777907555,loop7,0.00,0.00,0.000,0.000,0.00
1777907555,loop8,0.00,0.00,0.000,0.000,0.00
1777907555,loop9,0.00,0.00,0.000,0.000,0.00
1777907555,nvme0n1,0.00,0.00,0.000,0.000,5.30
1777907556,loop0,0.00,0.00,0.000,0.000,0.00
1777907556,loop1,0.00,0.00,0.000,0.000,0.00
1777907556,loop10,0.00,0.00,0.000,0.000,0.00
1777907556,loop11,0.00,0.00,0.000,0.000,0.00
1777907556,loop12,0.00,0.00,0.000,0.000,0.00
1777907556,loop13,0.00,0.00,0.000,0.000,0.00
1777907556,loop14,0.00,0.00,0.000,0.000,0.00
1777907556,loop15,0.00,0.00,0.000,0.000,0.00
1777907556,loop16,0.00,0.00,0.000,0.000,0.00
1777907556,loop17,0.00,0.00,0.000,0.000,0.00
1777907556,loop18,0.00,0.00,0.000,0.000,0.00
1777907556,loop19,0.00,0.00,0.000,0.000,0.00
1777907556,loop2,0.00,0.00,0.000,0.000,0.00
1777907556,loop20,0.00,0.00,0.000,0.000,0.00
1777907556,loop21,0.00,0.00,0.000,0.000,0.00
1777907556,loop22,0.00,0.00,0.000,0.000,0.00
1777907556,loop23,0.00,0.00,0.000,0.000,0.00
1777907556,loop24,0.00,0.00,0.000,0.000,0.00
1777907556,loop25,0.00,0.00,0.000,0.000,0.00
1777907556,loop26,0.00,0.00,0.000,0.000,0.00
1777907556,loop27,0.00,0.00,0.000,0.000,0.00
1777907556,loop28,0.00,0.00,0.000,0.000,0.00
1777907556,loop29,0.00,0.00,0.000,0.000,0.00
1777907556,loop3,0.00,0.00,0.000,0.000,0.00
1777907556,loop30,0.00,0.00,0.000,0.000,0.00
1777907556,loop31,0.00,0.00,0.000,0.000,0.00
1777907556,loop32,0.00,0.00,0.000,0.000,0.00
1777907556,loop33,0.00,0.00,0.000,0.000,0.00
1777907556,loop34,0.00,0.00,0.000,0.000,0.00
1777907556,loop35,0.00,0.00,0.000,0.000,0.00
1777907556,loop36,0.00,0.00,0.000,0.000,0.00
1777907556,loop37,0.00,0.00,0.000,0.000,0.00
1777907556,loop38,0.00,0.00,0.000,0.000,0.00
1777907556,loop39,0.00,0.00,0.000,0.000,0.00
1777907556,loop4,0.00,0.00,0.000,0.000,0.00
1777907556,loop40,0.00,0.00,0.000,0.000,0.00
1777907556,loop5,0.00,0.00,0.000,0.000,0.00
1777907556,loop6,0.00,0.00,0.000,0.000,0.00
1777907556,loop7,0.00,0.00,0.000,0.000,0.00
1777907556,loop8,0.00,0.00,0.000,0.000,0.00
1777907556,loop9,0.00,0.00,0.000,0.000,0.00
1777907556,nvme0n1,0.00,0.00,0.000,0.000,0.00
1777907557,loop0,0.00,0.00,0.000,0.000,0.00
1777907557,loop1,0.00,0.00,0.000,0.000,0.00
1777907557,loop10,0.00,0.00,0.000,0.000,0.00
1777907557,loop11,0.00,0.00,0.000,0.000,0.00
1777907557,loop12,0.00,0.00,0.000,0.000,0.00
1777907557,loop13,0.00,0.00,0.000,0.000,0.00
1777907557,loop14,0.00,0.00,0.000,0.000,0.00
1777907557,loop15,0.00,0.00,0.000,0.000,0.00
1777907557,loop16,0.00,0.00,0.000,0.000,0.00
1777907557,loop17,0.00,0.00,0.000,0.000,0.00
1777907557,loop18,0.00,0.00,0.000,0.000,0.00
1777907557,loop19,0.00,0.00,0.000,0.000,0.00
1777907557,loop2,0.00,0.00,0.000,0.000,0.00
1777907557,loop20,0.00,0.00,0.000,0.000,0.00
1777907557,loop21,0.00,0.00,0.000,0.000,0.00
1777907557,loop22,0.00,0.00,0.000,0.000,0.00
1777907557,loop23,0.00,0.00,0.000,0.000,0.00
1777907557,loop24,0.00,0.00,0.000,0.000,0.00
1777907557,loop25,0.00,0.00,0.000,0.000,0.00
1777907557,loop26,0.00,0.00,0.000,0.000,0.00
1777907557,loop27,0.00,0.00,0.000,0.000,0.00
1777907557,loop28,0.00,0.00,0.000,0.000,0.00
1777907557,loop29,0.00,0.00,0.000,0.000,0.00
1777907557,loop3,0.00,0.00,0.000,0.000,0.00
1777907557,loop30,0.00,0.00,0.000,0.000,0.00
1777907557,loop31,0.00,0.00,0.000,0.000,0.00
1777907557,loop32,0.00,0.00,0.000,0.000,0.00
1777907557,loop33,0.00,0.00,0.000,0.000,0.00
1777907557,loop34,0.00,0.00,0.000,0.000,0.00
1777907557,loop35,0.00,0.00,0.000,0.000,0.00
1777907557,loop36,0.00,0.00,0.000,0.000,0.00
1777907557,loop37,0.00,0.00,0.000,0.000,0.00
1777907557,loop38,0.00,0.00,0.000,0.000,0.00
1777907557,loop39,0.00,0.00,0.000,0.000,0.00
1777907557,loop4,0.00,0.00,0.000,0.000,0.00
1777907557,loop40,0.00,0.00,0.000,0.000,0.00
1777907557,loop5,0.00,0.00,0.000,0.000,0.00
1777907557,loop6,0.00,0.00,0.000,0.000,0.00
1777907557,loop7,0.00,0.00,0.000,0.000,0.00
1777907557,loop8,0.00,0.00,0.000,0.000,0.00
1777907557,loop9,0.00,0.00,0.000,0.000,0.00
1777907557,nvme0n1,0.00,0.00,0.000,0.000,0.70
1777907558,loop0,0.00,0.00,0.000,0.000,0.00
1777907558,loop1,0.00,0.00,0.000,0.000,0.00
1777907558,loop10,0.00,0.00,0.000,0.000,0.00
1777907558,loop11,0.00,0.00,0.000,0.000,0.00
1777907558,loop12,0.00,0.00,0.000,0.000,0.00
1777907558,loop13,0.00,0.00,0.000,0.000,0.00
1777907558,loop14,0.00,0.00,0.000,0.000,0.00
1777907558,loop15,0.00,0.00,0.000,0.000,0.00
1777907558,loop16,0.00,0.00,0.000,0.000,0.00
1777907558,loop17,0.00,0.00,0.000,0.000,0.00
1777907558,loop18,0.00,0.00,0.000,0.000,0.00
1777907558,loop19,0.00,0.00,0.000,0.000,0.00
1777907558,loop2,0.00,0.00,0.000,0.000,0.00
1777907558,loop20,0.00,0.00,0.000,0.000,0.00
1777907558,loop21,0.00,0.00,0.000,0.000,0.00
1777907558,loop22,0.00,0.00,0.000,0.000,0.00
1777907558,loop23,0.00,0.00,0.000,0.000,0.00
1777907558,loop24,0.00,0.00,0.000,0.000,0.00
1777907558,loop25,0.00,0.00,0.000,0.000,0.00
1777907558,loop26,0.00,0.00,0.000,0.000,0.00
1777907558,loop27,0.00,0.00,0.000,0.000,0.00
1777907558,loop28,0.00,0.00,0.000,0.000,0.00
1777907558,loop29,0.00,0.00,0.000,0.000,0.00
1777907558,loop3,0.00,0.00,0.000,0.000,0.00
1777907558,loop30,0.00,0.00,0.000,0.000,0.00
1777907558,loop31,0.00,0.00,0.000,0.000,0.00
1777907558,loop32,0.00,0.00,0.000,0.000,0.00
1777907558,loop33,0.00,0.00,0.000,0.000,0.00
1777907558,loop34,0.00,0.00,0.000,0.000,0.00
1777907558,loop35,0.00,0.00,0.000,0.000,0.00
1777907558,loop36,0.00,0.00,0.000,0.000,0.00
1777907558,loop37,0.00,0.00,0.000,0.000,0.00
1777907558,loop38,0.00,0.00,0.000,0.000,0.00
1777907558,loop39,0.00,0.00,0.000,0.000,0.00
1777907558,loop4,0.00,0.00,0.000,0.000,0.00
1777907558,loop40,0.00,0.00,0.000,0.000,0.00
1777907558,loop5,0.00,0.00,0.000,0.000,0.00
1777907558,loop6,0.00,0.00,0.000,0.000,0.00
1777907558,loop7,0.00,0.00,0.000,0.000,0.00
1777907558,loop8,0.00,0.00,0.000,0.000,0.00
1777907558,loop9,0.00,0.00,0.000,0.000,0.00
1777907558,nvme0n1,1.00,4.00,0.000,0.000,0.10
1777907559,loop0,0.00,0.00,0.000,0.000,0.00
1777907559,loop1,0.00,0.00,0.000,0.000,0.00
1777907559,loop10,0.00,0.00,0.000,0.000,0.00
1777907559,loop11,0.00,0.00,0.000,0.000,0.00
1777907559,loop12,0.00,0.00,0.000,0.000,0.00
1777907559,loop13,0.00,0.00,0.000,0.000,0.00
1777907559,loop14,0.00,0.00,0.000,0.000,0.00
1777907559,loop15,0.00,0.00,0.000,0.000,0.00
1777907559,loop16,0.00,0.00,0.000,0.000,0.00
1777907559,loop17,0.00,0.00,0.000,0.000,0.00
1777907559,loop18,0.00,0.00,0.000,0.000,0.00
1777907559,loop19,0.00,0.00,0.000,0.000,0.00
1777907559,loop2,0.00,0.00,0.000,0.000,0.00
1777907559,loop20,0.00,0.00,0.000,0.000,0.00
1777907559,loop21,0.00,0.00,0.000,0.000,0.00
1777907559,loop22,0.00,0.00,0.000,0.000,0.00
1777907559,loop23,0.00,0.00,0.000,0.000,0.00
1777907559,loop24,0.00,0.00,0.000,0.000,0.00
1777907559,loop25,0.00,0.00,0.000,0.000,0.00
1777907559,loop26,0.00,0.00,0.000,0.000,0.00
1777907559,loop27,0.00,0.00,0.000,0.000,0.00
1777907559,loop28,0.00,0.00,0.000,0.000,0.00
1777907559,loop29,0.00,0.00,0.000,0.000,0.00
1777907559,loop3,0.00,0.00,0.000,0.000,0.00
1777907559,loop30,0.00,0.00,0.000,0.000,0.00
1777907559,loop31,0.00,0.00,0.000,0.000,0.00
1777907559,loop32,0.00,0.00,0.000,0.000,0.00
1777907559,loop33,0.00,0.00,0.000,0.000,0.00
1777907559,loop34,0.00,0.00,0.000,0.000,0.00
1777907559,loop35,0.00,0.00,0.000,0.000,0.00
1777907559,loop36,0.00,0.00,0.000,0.000,0.00
1777907559,loop37,0.00,0.00,0.000,0.000,0.00
1777907559,loop38,0.00,0.00,0.000,0.000,0.00
1777907559,loop39,0.00,0.00,0.000,0.000,0.00
1777907559,loop4,0.00,0.00,0.000,0.000,0.00
1777907559,loop40,0.00,0.00,0.000,0.000,0.00
1777907559,loop5,0.00,0.00,0.000,0.000,0.00
1777907559,loop6,0.00,0.00,0.000,0.000,0.00
1777907559,loop7,0.00,0.00,0.000,0.000,0.00
1777907559,loop8,0.00,0.00,0.000,0.000,0.00
1777907559,loop9,0.00,0.00,0.000,0.000,0.00
1777907559,nvme0n1,0.00,0.00,0.000,0.000,0.00
1777907560,loop0,0.00,0.00,0.000,0.000,0.00
1777907560,loop1,0.00,0.00,0.000,0.000,0.00
1777907560,loop10,0.00,0.00,0.000,0.000,0.00
1777907560,loop11,0.00,0.00,0.000,0.000,0.00
1777907560,loop12,0.00,0.00,0.000,0.000,0.00
1777907560,loop13,0.00,0.00,0.000,0.000,0.00
1777907560,loop14,0.00,0.00,0.000,0.000,0.00
1777907560,loop15,0.00,0.00,0.000,0.000,0.00
1777907560,loop16,0.00,0.00,0.000,0.000,0.00
1777907560,loop17,0.00,0.00,0.000,0.000,0.00
1777907560,loop18,0.00,0.00,0.000,0.000,0.00
1777907560,loop19,0.00,0.00,0.000,0.000,0.00
1777907560,loop2,0.00,0.00,0.000,0.000,0.00
1777907560,loop20,0.00,0.00,0.000,0.000,0.00
1777907560,loop21,0.00,0.00,0.000,0.000,0.00
1777907560,loop22,0.00,0.00,0.000,0.000,0.00
1777907560,loop23,0.00,0.00,0.000,0.000,0.00
1777907560,loop24,0.00,0.00,0.000,0.000,0.00
1777907560,loop25,0.00,0.00,0.000,0.000,0.00
1777907560,loop26,0.00,0.00,0.000,0.000,0.00
1777907560,loop27,0.00,0.00,0.000,0.000,0.00
1777907560,loop28,0.00,0.00,0.000,0.000,0.00
1777907560,loop29,0.00,0.00,0.000,0.000,0.00
1777907560,loop3,0.00,0.00,0.000,0.000,0.00
1777907560,loop30,0.00,0.00,0.000,0.000,0.00
1777907560,loop31,0.00,0.00,0.000,0.000,0.00
1777907560,loop32,0.00,0.00,0.000,0.000,0.00
1777907560,loop33,0.00,0.00,0.000,0.000,0.00
1777907560,loop34,0.00,0.00,0.000,0.000,0.00
1777907560,loop35,0.00,0.00,0.000,0.000,0.00
1777907560,loop36,0.00,0.00,0.000,0.000,0.00
1777907560,loop37,0.00,0.00,0.000,0.000,0.00
1777907560,loop38,0.00,0.00,0.000,0.000,0.00
1777907560,loop39,0.00,0.00,0.000,0.000,0.00
1777907560,loop4,0.00,0.00,0.000,0.000,0.00
1777907560,loop40,0.00,0.00,0.000,0.000,0.00
1777907560,loop5,0.00,0.00,0.000,0.000,0.00
1777907560,loop6,0.00,0.00,0.000,0.000,0.00
1777907560,loop7,0.00,0.00,0.000,0.000,0.00
1777907560,loop8,0.00,0.00,0.000,0.000,0.00
1777907560,loop9,0.00,0.00,0.000,0.000,0.00
1777907560,nvme0n1,0.00,0.00,0.000,0.000,0.00
1777907561,loop0,0.00,0.00,0.000,0.000,0.00
1777907561,loop1,0.00,0.00,0.000,0.000,0.00
1777907561,loop10,0.00,0.00,0.000,0.000,0.00
1777907561,loop11,0.00,0.00,0.000,0.000,0.00
1777907561,loop12,0.00,0.00,0.000,0.000,0.00
1777907561,loop13,0.00,0.00,0.000,0.000,0.00
1777907561,loop14,0.00,0.00,0.000,0.000,0.00
1777907561,loop15,0.00,0.00,0.000,0.000,0.00
1777907561,loop16,0.00,0.00,0.000,0.000,0.00
1777907561,loop17,0.00,0.00,0.000,0.000,0.00
1777907561,loop18,0.00,0.00,0.000,0.000,0.00
1777907561,loop19,0.00,0.00,0.000,0.000,0.00
1777907561,loop2,0.00,0.00,0.000,0.000,0.00
1777907561,loop20,0.00,0.00,0.000,0.000,0.00
1777907561,loop21,0.00,0.00,0.000,0.000,0.00
1777907561,loop22,0.00,0.00,0.000,0.000,0.00
1777907561,loop23,0.00,0.00,0.000,0.000,0.00
1777907561,loop24,0.00,0.00,0.000,0.000,0.00
1777907561,loop25,0.00,0.00,0.000,0.000,0.00
1777907561,loop26,0.00,0.00,0.000,0.000,0.00
1777907561,loop27,0.00,0.00,0.000,0.000,0.00
1777907561,loop28,0.00,0.00,0.000,0.000,0.00
1777907561,loop29,0.00,0.00,0.000,0.000,0.00
1777907561,loop3,0.00,0.00,0.000,0.000,0.00
1777907561,loop30,0.00,0.00,0.000,0.000,0.00
1777907561,loop31,0.00,0.00,0.000,0.000,0.00
1777907561,loop32,0.00,0.00,0.000,0.000,0.00
1777907561,loop33,0.00,0.00,0.000,0.000,0.00
1777907561,loop34,0.00,0.00,0.000,0.000,0.00
1777907561,loop35,0.00,0.00,0.000,0.000,0.00
1777907561,loop36,0.00,0.00,0.000,0.000,0.00
1777907561,loop37,0.00,0.00,0.000,0.000,0.00
1777907561,loop38,0.00,0.00,0.000,0.000,0.00
1777907561,loop39,0.00,0.00,0.000,0.000,0.00
1777907561,loop4,0.00,0.00,0.000,0.000,0.00
1777907561,loop40,0.00,0.00,0.000,0.000,0.00
1777907561,loop5,0.00,0.00,0.000,0.000,0.00
1777907561,loop6,0.00,0.00,0.000,0.000,0.00
1777907561,loop7,0.00,0.00,0.000,0.000,0.00
1777907561,loop8,0.00,0.00,0.000,0.000,0.00
1777907561,loop9,0.00,0.00,0.000,0.000,0.00
1777907561,nvme0n1,0.00,0.00,0.000,0.000,0.00
1777907562,loop0,0.00,0.00,0.000,0.000,0.00
1777907562,loop1,0.00,0.00,0.000,0.000,0.00
1777907562,loop10,0.00,0.00,0.000,0.000,0.00
1777907562,loop11,0.00,0.00,0.000,0.000,0.00
1777907562,loop12,0.00,0.00,0.000,0.000,0.00
1777907562,loop13,0.00,0.00,0.000,0.000,0.00
1777907562,loop14,0.00,0.00,0.000,0.000,0.00
1777907562,loop15,0.00,0.00,0.000,0.000,0.00
1777907562,loop16,0.00,0.00,0.000,0.000,0.00
1777907562,loop17,0.00,0.00,0.000,0.000,0.00
1777907562,loop18,0.00,0.00,0.000,0.000,0.00
1777907562,loop19,0.00,0.00,0.000,0.000,0.00
1777907562,loop2,0.00,0.00,0.000,0.000,0.00
1777907562,loop20,0.00,0.00,0.000,0.000,0.00
1777907562,loop21,0.00,0.00,0.000,0.000,0.00
1777907562,loop22,0.00,0.00,0.000,0.000,0.00
1777907562,loop23,0.00,0.00,0.000,0.000,0.00
1777907562,loop24,0.00,0.00,0.000,0.000,0.00
1777907562,loop25,0.00,0.00,0.000,0.000,0.00
1777907562,loop26,0.00,0.00,0.000,0.000,0.00
1777907562,loop27,0.00,0.00,0.000,0.000,0.00
1777907562,loop28,0.00,0.00,0.000,0.000,0.00
1777907562,loop29,0.00,0.00,0.000,0.000,0.00
1777907562,loop3,0.00,0.00,0.000,0.000,0.00
1777907562,loop30,0.00,0.00,0.000,0.000,0.00
1777907562,loop31,0.00,0.00,0.000,0.000,0.00
1777907562,loop32,0.00,0.00,0.000,0.000,0.00
1777907562,loop33,0.00,0.00,0.000,0.000,0.00
1777907562,loop34,0.00,0.00,0.000,0.000,0.00
1777907562,loop35,0.00,0.00,0.000,0.000,0.00
1777907562,loop36,0.00,0.00,0.000,0.000,0.00
1777907562,loop37,0.00,0.00,0.000,0.000,0.00
1777907562,loop38,0.00,0.00,0.000,0.000,0.00
1777907562,loop39,0.00,0.00,0.000,0.000,0.00
1777907562,loop4,0.00,0.00,0.000,0.000,0.00
1777907562,loop40,0.00,0.00,0.000,0.000,0.00
1777907562,loop5,0.00,0.00,0.000,0.000,0.00
1777907562,loop6,0.00,0.00,0.000,0.000,0.00
1777907562,loop7,0.00,0.00,0.000,0.000,0.00
1777907562,loop8,0.00,0.00,0.000,0.000,0.00
1777907562,loop9,0.00,0.00,0.000,0.000,0.00
1777907562,nvme0n1,0.00,0.00,0.000,0.000,5.90
1777907563,loop0,0.00,0.00,0.000,0.000,0.00
1777907563,loop1,0.00,0.00,0.000,0.000,0.00
1777907563,loop10,0.00,0.00,0.000,0.000,0.00
1777907563,loop11,0.00,0.00,0.000,0.000,0.00
1777907563,loop12,0.00,0.00,0.000,0.000,0.00
1777907563,loop13,0.00,0.00,0.000,0.000,0.00
1777907563,loop14,0.00,0.00,0.000,0.000,0.00
1777907563,loop15,0.00,0.00,0.000,0.000,0.00
1777907563,loop16,0.00,0.00,0.000,0.000,0.00
1777907563,loop17,0.00,0.00,0.000,0.000,0.00
1777907563,loop18,0.00,0.00,0.000,0.000,0.00
1777907563,loop19,0.00,0.00,0.000,0.000,0.00
1777907563,loop2,0.00,0.00,0.000,0.000,0.00
1777907563,loop20,0.00,0.00,0.000,0.000,0.00
1777907563,loop21,0.00,0.00,0.000,0.000,0.00
1777907563,loop22,0.00,0.00,0.000,0.000,0.00
1777907563,loop23,0.00,0.00,0.000,0.000,0.00
1777907563,loop24,0.00,0.00,0.000,0.000,0.00
1777907563,loop25,0.00,0.00,0.000,0.000,0.00
1777907563,loop26,0.00,0.00,0.000,0.000,0.00
1777907563,loop27,0.00,0.00,0.000,0.000,0.00
1777907563,loop28,0.00,0.00,0.000,0.000,0.00
1777907563,loop29,0.00,0.00,0.000,0.000,0.00
1777907563,loop3,0.00,0.00,0.000,0.000,0.00
1777907563,loop30,0.00,0.00,0.000,0.000,0.00
1777907563,loop31,0.00,0.00,0.000,0.000,0.00
1777907563,loop32,0.00,0.00,0.000,0.000,0.00
1777907563,loop33,0.00,0.00,0.000,0.000,0.00
1777907563,loop34,0.00,0.00,0.000,0.000,0.00
1777907563,loop35,0.00,0.00,0.000,0.000,0.00
1777907563,loop36,0.00,0.00,0.000,0.000,0.00
1777907563,loop37,0.00,0.00,0.000,0.000,0.00
1777907563,loop38,0.00,0.00,0.000,0.000,0.00
1777907563,loop39,0.00,0.00,0.000,0.000,0.00
1777907563,loop4,0.00,0.00,0.000,0.000,0.00
1777907563,loop40,0.00,0.00,0.000,0.000,0.00
1777907563,loop5,0.00,0.00,0.000,0.000,0.00
1777907563,loop6,0.00,0.00,0.000,0.000,0.00
1777907563,loop7,0.00,0.00,0.000,0.000,0.00
1777907563,loop8,0.00,0.00,0.000,0.000,0.00
1777907563,loop9,0.00,0.00,0.000,0.000,0.00
1777907563,nvme0n1,0.00,0.00,0.000,0.000,0.00
1777907564,loop0,0.00,0.00,0.000,0.000,0.00
1777907564,loop1,0.00,0.00,0.000,0.000,0.00
1777907564,loop10,0.00,0.00,0.000,0.000,0.00
1777907564,loop11,0.00,0.00,0.000,0.000,0.00
1777907564,loop12,0.00,0.00,0.000,0.000,0.00
1777907564,loop13,0.00,0.00,0.000,0.000,0.00
1777907564,loop14,0.00,0.00,0.000,0.000,0.00
1777907564,loop15,0.00,0.00,0.000,0.000,0.00
1777907564,loop16,0.00,0.00,0.000,0.000,0.00
1777907564,loop17,0.00,0.00,0.000,0.000,0.00
1777907564,loop18,0.00,0.00,0.000,0.000,0.00
1777907564,loop19,0.00,0.00,0.000,0.000,0.00
1777907564,loop2,0.00,0.00,0.000,0.000,0.00
1777907564,loop20,0.00,0.00,0.000,0.000,0.00
1777907564,loop21,0.00,0.00,0.000,0.000,0.00
1777907564,loop22,0.00,0.00,0.000,0.000,0.00
1777907564,loop23,0.00,0.00,0.000,0.000,0.00
1777907564,loop24,0.00,0.00,0.000,0.000,0.00
1777907564,loop25,0.00,0.00,0.000,0.000,0.00
1777907564,loop26,0.00,0.00,0.000,0.000,0.00
1777907564,loop27,0.00,0.00,0.000,0.000,0.00
1777907564,loop28,0.00,0.00,0.000,0.000,0.00
1777907564,loop29,0.00,0.00,0.000,0.000,0.00
1777907564,loop3,0.00,0.00,0.000,0.000,0.00
1777907564,loop30,0.00,0.00,0.000,0.000,0.00
1777907564,loop31,0.00,0.00,0.000,0.000,0.00
1777907564,loop32,0.00,0.00,0.000,0.000,0.00
1777907564,loop33,0.00,0.00,0.000,0.000,0.00
1777907564,loop34,0.00,0.00,0.000,0.000,0.00
1777907564,loop35,0.00,0.00,0.000,0.000,0.00
1777907564,loop36,0.00,0.00,0.000,0.000,0.00
1777907564,loop37,0.00,0.00,0.000,0.000,0.00
1777907564,loop38,0.00,0.00,0.000,0.000,0.00
1777907564,loop39,0.00,0.00,0.000,0.000,0.00
1777907564,loop4,0.00,0.00,0.000,0.000,0.00
1777907564,loop40,0.00,0.00,0.000,0.000,0.00
1777907564,loop5,0.00,0.00,0.000,0.000,0.00
1777907564,loop6,0.00,0.00,0.000,0.000,0.00
1777907564,loop7,0.00,0.00,0.000,0.000,0.00
1777907564,loop8,0.00,0.00,0.000,0.000,0.00
1777907564,loop9,0.00,0.00,0.000,0.000,0.00
1777907564,nvme0n1,0.00,0.00,0.000,0.000,0.00
1777907565,loop0,0.00,0.00,0.000,0.000,0.00
1777907565,loop1,0.00,0.00,0.000,0.000,0.00
1777907565,loop10,0.00,0.00,0.000,0.000,0.00
1777907565,loop11,0.00,0.00,0.000,0.000,0.00
1777907565,loop12,0.00,0.00,0.000,0.000,0.00
1777907565,loop13,0.00,0.00,0.000,0.000,0.00
1777907565,loop14,0.00,0.00,0.000,0.000,0.00
1777907565,loop15,0.00,0.00,0.000,0.000,0.00
1777907565,loop16,0.00,0.00,0.000,0.000,0.00
1777907565,loop17,0.00,0.00,0.000,0.000,0.00
1777907565,loop18,0.00,0.00,0.000,0.000,0.00
1777907565,loop19,0.00,0.00,0.000,0.000,0.00
1777907565,loop2,0.00,0.00,0.000,0.000,0.00
1777907565,loop20,0.00,0.00,0.000,0.000,0.00
1777907565,loop21,0.00,0.00,0.000,0.000,0.00
1777907565,loop22,0.00,0.00,0.000,0.000,0.00
1777907565,loop23,0.00,0.00,0.000,0.000,0.00
1777907565,loop24,0.00,0.00,0.000,0.000,0.00
1777907565,loop25,0.00,0.00,0.000,0.000,0.00
1777907565,loop26,0.00,0.00,0.000,0.000,0.00
1777907565,loop27,0.00,0.00,0.000,0.000,0.00
1777907565,loop28,0.00,0.00,0.000,0.000,0.00
1777907565,loop29,0.00,0.00,0.000,0.000,0.00
1777907565,loop3,0.00,0.00,0.000,0.000,0.00
1777907565,loop30,0.00,0.00,0.000,0.000,0.00
1777907565,loop31,0.00,0.00,0.000,0.000,0.00
1777907565,loop32,0.00,0.00,0.000,0.000,0.00
1777907565,loop33,0.00,0.00,0.000,0.000,0.00
1777907565,loop34,0.00,0.00,0.000,0.000,0.00
1777907565,loop35,0.00,0.00,0.000,0.000,0.00
1777907565,loop36,0.00,0.00,0.000,0.000,0.00
1777907565,loop37,0.00,0.00,0.000,0.000,0.00
1777907565,loop38,0.00,0.00,0.000,0.000,0.00
1777907565,loop39,0.00,0.00,0.000,0.000,0.00
1777907565,loop4,0.00,0.00,0.000,0.000,0.00
1777907565,loop40,0.00,0.00,0.000,0.000,0.00
1777907565,loop5,0.00,0.00,0.000,0.000,0.00
1777907565,loop6,0.00,0.00,0.000,0.000,0.00
1777907565,loop7,0.00,0.00,0.000,0.000,0.00
1777907565,loop8,0.00,0.00,0.000,0.000,0.00
1777907565,loop9,0.00,0.00,0.000,0.000,0.00
1777907565,nvme0n1,0.00,0.00,0.000,0.000,0.00
1777907566,loop0,0.00,0.00,0.000,0.000,0.00
1777907566,loop1,0.00,0.00,0.000,0.000,0.00
1777907566,loop10,0.00,0.00,0.000,0.000,0.00
1777907566,loop11,0.00,0.00,0.000,0.000,0.00
1777907566,loop12,0.00,0.00,0.000,0.000,0.00
1777907566,loop13,0.00,0.00,0.000,0.000,0.00
1777907566,loop14,0.00,0.00,0.000,0.000,0.00
1777907566,loop15,0.00,0.00,0.000,0.000,0.00
1777907566,loop16,0.00,0.00,0.000,0.000,0.00
1777907566,loop17,0.00,0.00,0.000,0.000,0.00
1777907566,loop18,0.00,0.00,0.000,0.000,0.00
1777907566,loop19,0.00,0.00,0.000,0.000,0.00
1777907566,loop2,0.00,0.00,0.000,0.000,0.00
1777907566,loop20,0.00,0.00,0.000,0.000,0.00
1777907566,loop21,0.00,0.00,0.000,0.000,0.00
1777907566,loop22,0.00,0.00,0.000,0.000,0.00
1777907566,loop23,0.00,0.00,0.000,0.000,0.00
1777907566,loop24,0.00,0.00,0.000,0.000,0.00
1777907566,loop25,0.00,0.00,0.000,0.000,0.00
1777907566,loop26,0.00,0.00,0.000,0.000,0.00
1777907566,loop27,0.00,0.00,0.000,0.000,0.00
1777907566,loop28,0.00,0.00,0.000,0.000,0.00
1777907566,loop29,0.00,0.00,0.000,0.000,0.00
1777907566,loop3,0.00,0.00,0.000,0.000,0.00
1777907566,loop30,0.00,0.00,0.000,0.000,0.00
1777907566,loop31,0.00,0.00,0.000,0.000,0.00
1777907566,loop32,0.00,0.00,0.000,0.000,0.00
1777907566,loop33,0.00,0.00,0.000,0.000,0.00
1777907566,loop34,0.00,0.00,0.000,0.000,0.00
1777907566,loop35,0.00,0.00,0.000,0.000,0.00
1777907566,loop36,0.00,0.00,0.000,0.000,0.00
1777907566,loop37,0.00,0.00,0.000,0.000,0.00
1777907566,loop38,0.00,0.00,0.000,0.000,0.00
1777907566,loop39,0.00,0.00,0.000,0.000,0.00
1777907566,loop4,0.00,0.00,0.000,0.000,0.00
1777907566,loop40,0.00,0.00,0.000,0.000,0.00
1777907566,loop5,0.00,0.00,0.000,0.000,0.00
1777907566,loop6,0.00,0.00,0.000,0.000,0.00
1777907566,loop7,0.00,0.00,0.000,0.000,0.00
1777907566,loop8,0.00,0.00,0.000,0.000,0.00
1777907566,loop9,0.00,0.00,0.000,0.000,0.00
1777907566,nvme0n1,2.00,16.00,0.000,0.000,2.20
1777907567,loop0,0.00,0.00,0.000,0.000,0.00
1777907567,loop1,0.00,0.00,0.000,0.000,0.00
1777907567,loop10,0.00,0.00,0.000,0.000,0.00
1777907567,loop11,0.00,0.00,0.000,0.000,0.00
1777907567,loop12,0.00,0.00,0.000,0.000,0.00
1777907567,loop13,0.00,0.00,0.000,0.000,0.00
1777907567,loop14,0.00,0.00,0.000,0.000,0.00
1777907567,loop15,0.00,0.00,0.000,0.000,0.00
1777907567,loop16,0.00,0.00,0.000,0.000,0.00
1777907567,loop17,0.00,0.00,0.000,0.000,0.00
1777907567,loop18,0.00,0.00,0.000,0.000,0.00
1777907567,loop19,0.00,0.00,0.000,0.000,0.00
1777907567,loop2,0.00,0.00,0.000,0.000,0.00
1777907567,loop20,0.00,0.00,0.000,0.000,0.00
1777907567,loop21,0.00,0.00,0.000,0.000,0.00
1777907567,loop22,0.00,0.00,0.000,0.000,0.00
1777907567,loop23,0.00,0.00,0.000,0.000,0.00
1777907567,loop24,0.00,0.00,0.000,0.000,0.00
1777907567,loop25,0.00,0.00,0.000,0.000,0.00
1777907567,loop26,0.00,0.00,0.000,0.000,0.00
1777907567,loop27,0.00,0.00,0.000,0.000,0.00
1777907567,loop28,0.00,0.00,0.000,0.000,0.00
1777907567,loop29,0.00,0.00,0.000,0.000,0.00
1777907567,loop3,0.00,0.00,0.000,0.000,0.00
1777907567,loop30,0.00,0.00,0.000,0.000,0.00
1777907567,loop31,0.00,0.00,0.000,0.000,0.00
1777907567,loop32,0.00,0.00,0.000,0.000,0.00
1777907567,loop33,0.00,0.00,0.000,0.000,0.00
1777907567,loop34,0.00,0.00,0.000,0.000,0.00
1777907567,loop35,0.00,0.00,0.000,0.000,0.00
1777907567,loop36,0.00,0.00,0.000,0.000,0.00
1777907567,loop37,0.00,0.00,0.000,0.000,0.00
1777907567,loop38,0.00,0.00,0.000,0.000,0.00
1777907567,loop39,0.00,0.00,0.000,0.000,0.00
1777907567,loop4,0.00,0.00,0.000,0.000,0.00
1777907567,loop40,0.00,0.00,0.000,0.000,0.00
1777907567,loop5,0.00,0.00,0.000,0.000,0.00
1777907567,loop6,0.00,0.00,0.000,0.000,0.00
1777907567,loop7,0.00,0.00,0.000,0.000,0.00
1777907567,loop8,0.00,0.00,0.000,0.000,0.00
1777907567,loop9,0.00,0.00,0.000,0.000,0.00
1777907567,nvme0n1,0.00,0.00,0.000,0.000,0.10
1777907568,loop0,0.00,0.00,0.000,0.000,0.00
1777907568,loop1,0.00,0.00,0.000,0.000,0.00
1777907568,loop10,0.00,0.00,0.000,0.000,0.00
1777907568,loop11,0.00,0.00,0.000,0.000,0.00
1777907568,loop12,0.00,0.00,0.000,0.000,0.00
1777907568,loop13,0.00,0.00,0.000,0.000,0.00
1777907568,loop14,0.00,0.00,0.000,0.000,0.00
1777907568,loop15,0.00,0.00,0.000,0.000,0.00
1777907568,loop16,0.00,0.00,0.000,0.000,0.00
1777907568,loop17,0.00,0.00,0.000,0.000,0.00
1777907568,loop18,0.00,0.00,0.000,0.000,0.00
1777907568,loop19,0.00,0.00,0.000,0.000,0.00
1777907568,loop2,0.00,0.00,0.000,0.000,0.00
1777907568,loop20,0.00,0.00,0.000,0.000,0.00
1777907568,loop21,0.00,0.00,0.000,0.000,0.00
1777907568,loop22,0.00,0.00,0.000,0.000,0.00
1777907568,loop23,0.00,0.00,0.000,0.000,0.00
1777907568,loop24,0.00,0.00,0.000,0.000,0.00
1777907568,loop25,0.00,0.00,0.000,0.000,0.00
1777907568,loop26,0.00,0.00,0.000,0.000,0.00
1777907568,loop27,0.00,0.00,0.000,0.000,0.00
1777907568,loop28,0.00,0.00,0.000,0.000,0.00
1777907568,loop29,0.00,0.00,0.000,0.000,0.00
1777907568,loop3,0.00,0.00,0.000,0.000,0.00
1777907568,loop30,0.00,0.00,0.000,0.000,0.00
1777907568,loop31,0.00,0.00,0.000,0.000,0.00
1777907568,loop32,0.00,0.00,0.000,0.000,0.00
1777907568,loop33,0.00,0.00,0.000,0.000,0.00
1777907568,loop34,0.00,0.00,0.000,0.000,0.00
1777907568,loop35,0.00,0.00,0.000,0.000,0.00
1777907568,loop36,0.00,0.00,0.000,0.000,0.00
1777907568,loop37,0.00,0.00,0.000,0.000,0.00
1777907568,loop38,0.00,0.00,0.000,0.000,0.00
1777907568,loop39,0.00,0.00,0.000,0.000,0.00
1777907568,loop4,0.00,0.00,0.000,0.000,0.00
1777907568,loop40,0.00,0.00,0.000,0.000,0.00
1777907568,loop5,0.00,0.00,0.000,0.000,0.00
1777907568,loop6,0.00,0.00,0.000,0.000,0.00
1777907568,loop7,0.00,0.00,0.000,0.000,0.00
1777907568,loop8,0.00,0.00,0.000,0.000,0.00
1777907568,loop9,0.00,0.00,0.000,0.000,0.00
1777907568,nvme0n1,0.00,0.00,0.000,0.000,0.90
1777907569,loop0,0.00,0.00,0.000,0.000,0.00
1777907569,loop1,0.00,0.00,0.000,0.000,0.00
1777907569,loop10,0.00,0.00,0.000,0.000,0.00
1777907569,loop11,0.00,0.00,0.000,0.000,0.00
1777907569,loop12,0.00,0.00,0.000,0.000,0.00
1777907569,loop13,0.00,0.00,0.000,0.000,0.00
1777907569,loop14,0.00,0.00,0.000,0.000,0.00
1777907569,loop15,0.00,0.00,0.000,0.000,0.00
1777907569,loop16,0.00,0.00,0.000,0.000,0.00
1777907569,loop17,0.00,0.00,0.000,0.000,0.00
1777907569,loop18,0.00,0.00,0.000,0.000,0.00
1777907569,loop19,0.00,0.00,0.000,0.000,0.00
1777907569,loop2,0.00,0.00,0.000,0.000,0.00
1777907569,loop20,0.00,0.00,0.000,0.000,0.00
1777907569,loop21,0.00,0.00,0.000,0.000,0.00
1777907569,loop22,0.00,0.00,0.000,0.000,0.00
1777907569,loop23,0.00,0.00,0.000,0.000,0.00
1777907569,loop24,0.00,0.00,0.000,0.000,0.00
1777907569,loop25,0.00,0.00,0.000,0.000,0.00
1777907569,loop26,0.00,0.00,0.000,0.000,0.00
1777907569,loop27,0.00,0.00,0.000,0.000,0.00
1777907569,loop28,0.00,0.00,0.000,0.000,0.00
1777907569,loop29,0.00,0.00,0.000,0.000,0.00
1777907569,loop3,0.00,0.00,0.000,0.000,0.00
1777907569,loop30,0.00,0.00,0.000,0.000,0.00
1777907569,loop31,0.00,0.00,0.000,0.000,0.00
1777907569,loop32,0.00,0.00,0.000,0.000,0.00
1777907569,loop33,0.00,0.00,0.000,0.000,0.00
1777907569,loop34,0.00,0.00,0.000,0.000,0.00
1777907569,loop35,0.00,0.00,0.000,0.000,0.00
1777907569,loop36,0.00,0.00,0.000,0.000,0.00
1777907569,loop37,0.00,0.00,0.000,0.000,0.00
1777907569,loop38,0.00,0.00,0.000,0.000,0.00
1777907569,loop39,0.00,0.00,0.000,0.000,0.00
1777907569,loop4,0.00,0.00,0.000,0.000,0.00
1777907569,loop40,0.00,0.00,0.000,0.000,0.00
1777907569,loop5,0.00,0.00,0.000,0.000,0.00
1777907569,loop6,0.00,0.00,0.000,0.000,0.00
1777907569,loop7,0.00,0.00,0.000,0.000,0.00
1777907569,loop8,0.00,0.00,0.000,0.000,0.00
1777907569,loop9,0.00,0.00,0.000,0.000,0.00
1777907569,nvme0n1,0.00,0.00,0.000,0.000,0.00
1777907570,loop0,0.00,0.00,0.000,0.000,0.00
1777907570,loop1,0.00,0.00,0.000,0.000,0.00
1777907570,loop10,0.00,0.00,0.000,0.000,0.00
1777907570,loop11,0.00,0.00,0.000,0.000,0.00
1777907570,loop12,0.00,0.00,0.000,0.000,0.00
1777907570,loop13,0.00,0.00,0.000,0.000,0.00
1777907570,loop14,0.00,0.00,0.000,0.000,0.00
1777907570,loop15,0.00,0.00,0.000,0.000,0.00
1777907570,loop16,0.00,0.00,0.000,0.000,0.00
1777907570,loop17,0.00,0.00,0.000,0.000,0.00
1777907570,loop18,0.00,0.00,0.000,0.000,0.00
1777907570,loop19,0.00,0.00,0.000,0.000,0.00
1777907570,loop2,0.00,0.00,0.000,0.000,0.00
1777907570,loop20,0.00,0.00,0.000,0.000,0.00
1777907570,loop21,0.00,0.00,0.000,0.000,0.00
1777907570,loop22,0.00,0.00,0.000,0.000,0.00
1777907570,loop23,0.00,0.00,0.000,0.000,0.00
1777907570,loop24,0.00,0.00,0.000,0.000,0.00
1777907570,loop25,0.00,0.00,0.000,0.000,0.00
1777907570,loop26,0.00,0.00,0.000,0.000,0.00
1777907570,loop27,0.00,0.00,0.000,0.000,0.00
1777907570,loop28,0.00,0.00,0.000,0.000,0.00
1777907570,loop29,0.00,0.00,0.000,0.000,0.00
1777907570,loop3,0.00,0.00,0.000,0.000,0.00
1777907570,loop30,0.00,0.00,0.000,0.000,0.00
1777907570,loop31,0.00,0.00,0.000,0.000,0.00
1777907570,loop32,0.00,0.00,0.000,0.000,0.00
1777907570,loop33,0.00,0.00,0.000,0.000,0.00
1777907570,loop34,0.00,0.00,0.000,0.000,0.00
1777907570,loop35,0.00,0.00,0.000,0.000,0.00
1777907570,loop36,0.00,0.00,0.000,0.000,0.00
1777907570,loop37,0.00,0.00,0.000,0.000,0.00
1777907570,loop38,0.00,0.00,0.000,0.000,0.00
1777907570,loop39,0.00,0.00,0.000,0.000,0.00
1777907570,loop4,0.00,0.00,0.000,0.000,0.00
1777907570,loop40,0.00,0.00,0.000,0.000,0.00
1777907570,loop5,0.00,0.00,0.000,0.000,0.00
1777907570,loop6,0.00,0.00,0.000,0.000,0.00
1777907570,loop7,0.00,0.00,0.000,0.000,0.00
1777907570,loop8,0.00,0.00,0.000,0.000,0.00
1777907570,loop9,0.00,0.00,0.000,0.000,0.00
1777907570,nvme0n1,0.00,0.00,0.000,0.000,0.00
1777907571,loop0,0.00,0.00,0.000,0.000,0.00
1777907571,loop1,0.00,0.00,0.000,0.000,0.00
1777907571,loop10,0.00,0.00,0.000,0.000,0.00
1777907571,loop11,0.00,0.00,0.000,0.000,0.00
1777907571,loop12,0.00,0.00,0.000,0.000,0.00
1777907571,loop13,0.00,0.00,0.000,0.000,0.00
1777907571,loop14,0.00,0.00,0.000,0.000,0.00
1777907571,loop15,0.00,0.00,0.000,0.000,0.00
1777907571,loop16,0.00,0.00,0.000,0.000,0.00
1777907571,loop17,0.00,0.00,0.000,0.000,0.00
1777907571,loop18,0.00,0.00,0.000,0.000,0.00
1777907571,loop19,0.00,0.00,0.000,0.000,0.00
1777907571,loop2,0.00,0.00,0.000,0.000,0.00
1777907571,loop20,0.00,0.00,0.000,0.000,0.00
1777907571,loop21,0.00,0.00,0.000,0.000,0.00
1777907571,loop22,0.00,0.00,0.000,0.000,0.00
1777907571,loop23,0.00,0.00,0.000,0.000,0.00
1777907571,loop24,0.00,0.00,0.000,0.000,0.00
1777907571,loop25,0.00,0.00,0.000,0.000,0.00
1777907571,loop26,0.00,0.00,0.000,0.000,0.00
1777907571,loop27,0.00,0.00,0.000,0.000,0.00
1777907571,loop28,0.00,0.00,0.000,0.000,0.00
1777907571,loop29,0.00,0.00,0.000,0.000,0.00
1777907571,loop3,0.00,0.00,0.000,0.000,0.00
1777907571,loop30,0.00,0.00,0.000,0.000,0.00
1777907571,loop31,0.00,0.00,0.000,0.000,0.00
1777907571,loop32,0.00,0.00,0.000,0.000,0.00
1777907571,loop33,0.00,0.00,0.000,0.000,0.00
1777907571,loop34,0.00,0.00,0.000,0.000,0.00
1777907571,loop35,0.00,0.00,0.000,0.000,0.00
1777907571,loop36,0.00,0.00,0.000,0.000,0.00
1777907571,loop37,0.00,0.00,0.000,0.000,0.00
1777907571,loop38,0.00,0.00,0.000,0.000,0.00
1777907571,loop39,0.00,0.00,0.000,0.000,0.00
1777907571,loop4,0.00,0.00,0.000,0.000,0.00
1777907571,loop40,0.00,0.00,0.000,0.000,0.00
1777907571,loop5,0.00,0.00,0.000,0.000,0.00
1777907571,loop6,0.00,0.00,0.000,0.000,0.00
1777907571,loop7,0.00,0.00,0.000,0.000,0.00
1777907571,loop8,0.00,0.00,0.000,0.000,0.00
1777907571,loop9,0.00,0.00,0.000,0.000,0.00
1777907571,nvme0n1,0.00,0.00,0.000,0.000,2.80
1777907572,loop0,0.00,0.00,0.000,0.000,0.00
1777907572,loop1,0.00,0.00,0.000,0.000,0.00
1777907572,loop10,0.00,0.00,0.000,0.000,0.00
1777907572,loop11,0.00,0.00,0.000,0.000,0.00
1777907572,loop12,0.00,0.00,0.000,0.000,0.00
1777907572,loop13,0.00,0.00,0.000,0.000,0.00
1777907572,loop14,0.00,0.00,0.000,0.000,0.00
1777907572,loop15,0.00,0.00,0.000,0.000,0.00
1777907572,loop16,0.00,0.00,0.000,0.000,0.00
1777907572,loop17,0.00,0.00,0.000,0.000,0.00
1777907572,loop18,0.00,0.00,0.000,0.000,0.00
1777907572,loop19,0.00,0.00,0.000,0.000,0.00
1777907572,loop2,0.00,0.00,0.000,0.000,0.00
1777907572,loop20,0.00,0.00,0.000,0.000,0.00
1777907572,loop21,0.00,0.00,0.000,0.000,0.00
1777907572,loop22,0.00,0.00,0.000,0.000,0.00
1777907572,loop23,0.00,0.00,0.000,0.000,0.00
1777907572,loop24,0.00,0.00,0.000,0.000,0.00
1777907572,loop25,0.00,0.00,0.000,0.000,0.00
1777907572,loop26,0.00,0.00,0.000,0.000,0.00
1777907572,loop27,0.00,0.00,0.000,0.000,0.00
1777907572,loop28,0.00,0.00,0.000,0.000,0.00
1777907572,loop29,0.00,0.00,0.000,0.000,0.00
1777907572,loop3,0.00,0.00,0.000,0.000,0.00
1777907572,loop30,0.00,0.00,0.000,0.000,0.00
1777907572,loop31,0.00,0.00,0.000,0.000,0.00
1777907572,loop32,0.00,0.00,0.000,0.000,0.00
1777907572,loop33,0.00,0.00,0.000,0.000,0.00
1777907572,loop34,0.00,0.00,0.000,0.000,0.00
1777907572,loop35,0.00,0.00,0.000,0.000,0.00
1777907572,loop36,0.00,0.00,0.000,0.000,0.00
1777907572,loop37,0.00,0.00,0.000,0.000,0.00
1777907572,loop38,0.00,0.00,0.000,0.000,0.00
1777907572,loop39,0.00,0.00,0.000,0.000,0.00
1777907572,loop4,0.00,0.00,0.000,0.000,0.00
1777907572,loop40,0.00,0.00,0.000,0.000,0.00
1777907572,loop5,0.00,0.00,0.000,0.000,0.00
1777907572,loop6,0.00,0.00,0.000,0.000,0.00
1777907572,loop7,0.00,0.00,0.000,0.000,0.00
1777907572,loop8,0.00,0.00,0.000,0.000,0.00
1777907572,loop9,0.00,0.00,0.000,0.000,0.00
1777907572,nvme0n1,0.00,0.00,0.000,0.000,0.00
1777907573,loop0,0.00,0.00,0.000,0.000,0.00
1777907573,loop1,0.00,0.00,0.000,0.000,0.00
1777907573,loop10,0.00,0.00,0.000,0.000,0.00
1777907573,loop11,0.00,0.00,0.000,0.000,0.00
1777907573,loop12,0.00,0.00,0.000,0.000,0.00
1777907573,loop13,0.00,0.00,0.000,0.000,0.00
1777907573,loop14,0.00,0.00,0.000,0.000,0.00
1777907573,loop15,0.00,0.00,0.000,0.000,0.00
1777907573,loop16,0.00,0.00,0.000,0.000,0.00
1777907573,loop17,0.00,0.00,0.000,0.000,0.00
1777907573,loop18,0.00,0.00,0.000,0.000,0.00
1777907573,loop19,0.00,0.00,0.000,0.000,0.00
1777907573,loop2,0.00,0.00,0.000,0.000,0.00
1777907573,loop20,0.00,0.00,0.000,0.000,0.00
1777907573,loop21,0.00,0.00,0.000,0.000,0.00
1777907573,loop22,0.00,0.00,0.000,0.000,0.00
1777907573,loop23,0.00,0.00,0.000,0.000,0.00
1777907573,loop24,0.00,0.00,0.000,0.000,0.00
1777907573,loop25,0.00,0.00,0.000,0.000,0.00
1777907573,loop26,0.00,0.00,0.000,0.000,0.00
1777907573,loop27,0.00,0.00,0.000,0.000,0.00
1777907573,loop28,0.00,0.00,0.000,0.000,0.00
1777907573,loop29,0.00,0.00,0.000,0.000,0.00
1777907573,loop3,0.00,0.00,0.000,0.000,0.00
1777907573,loop30,0.00,0.00,0.000,0.000,0.00
1777907573,loop31,0.00,0.00,0.000,0.000,0.00
1777907573,loop32,0.00,0.00,0.000,0.000,0.00
1777907573,loop33,0.00,0.00,0.000,0.000,0.00
1777907573,loop34,0.00,0.00,0.000,0.000,0.00
1777907573,loop35,0.00,0.00,0.000,0.000,0.00
1777907573,loop36,0.00,0.00,0.000,0.000,0.00
1777907573,loop37,0.00,0.00,0.000,0.000,0.00
1777907573,loop38,0.00,0.00,0.000,0.000,0.00
1777907573,loop39,0.00,0.00,0.000,0.000,0.00
1777907573,loop4,0.00,0.00,0.000,0.000,0.00
1777907573,loop40,0.00,0.00,0.000,0.000,0.00
1777907573,loop5,0.00,0.00,0.000,0.000,0.00
1777907573,loop6,0.00,0.00,0.000,0.000,0.00
1777907573,loop7,0.00,0.00,0.000,0.000,0.00
1777907573,loop8,0.00,0.00,0.000,0.000,0.00
1777907573,loop9,0.00,0.00,0.000,0.000,0.00
1777907573,nvme0n1,0.00,0.00,0.000,0.000,1.10
1777907574,loop0,0.00,0.00,0.000,0.000,0.00
1777907574,loop1,0.00,0.00,0.000,0.000,0.00
1777907574,loop10,0.00,0.00,0.000,0.000,0.00
1777907574,loop11,0.00,0.00,0.000,0.000,0.00
1777907574,loop12,0.00,0.00,0.000,0.000,0.00
1777907574,loop13,0.00,0.00,0.000,0.000,0.00
1777907574,loop14,0.00,0.00,0.000,0.000,0.00
1777907574,loop15,0.00,0.00,0.000,0.000,0.00
1777907574,loop16,0.00,0.00,0.000,0.000,0.00
1777907574,loop17,0.00,0.00,0.000,0.000,0.00
1777907574,loop18,0.00,0.00,0.000,0.000,0.00
1777907574,loop19,0.00,0.00,0.000,0.000,0.00
1777907574,loop2,0.00,0.00,0.000,0.000,0.00
1777907574,loop20,0.00,0.00,0.000,0.000,0.00
1777907574,loop21,0.00,0.00,0.000,0.000,0.00
1777907574,loop22,0.00,0.00,0.000,0.000,0.00
1777907574,loop23,0.00,0.00,0.000,0.000,0.00
1777907574,loop24,0.00,0.00,0.000,0.000,0.00
1777907574,loop25,0.00,0.00,0.000,0.000,0.00
1777907574,loop26,0.00,0.00,0.000,0.000,0.00
1777907574,loop27,0.00,0.00,0.000,0.000,0.00
1777907574,loop28,0.00,0.00,0.000,0.000,0.00
1777907574,loop29,0.00,0.00,0.000,0.000,0.00
1777907574,loop3,0.00,0.00,0.000,0.000,0.00
1777907574,loop30,0.00,0.00,0.000,0.000,0.00
1777907574,loop31,0.00,0.00,0.000,0.000,0.00
1777907574,loop32,0.00,0.00,0.000,0.000,0.00
1777907574,loop33,0.00,0.00,0.000,0.000,0.00
1777907574,loop34,0.00,0.00,0.000,0.000,0.00
1777907574,loop35,0.00,0.00,0.000,0.000,0.00
1777907574,loop36,0.00,0.00,0.000,0.000,0.00
1777907574,loop37,0.00,0.00,0.000,0.000,0.00
1777907574,loop38,0.00,0.00,0.000,0.000,0.00
1777907574,loop39,0.00,0.00,0.000,0.000,0.00
1777907574,loop4,0.00,0.00,0.000,0.000,0.00
1777907574,loop40,0.00,0.00,0.000,0.000,0.00
1777907574,loop5,0.00,0.00,0.000,0.000,0.00
1777907574,loop6,0.00,0.00,0.000,0.000,0.00
1777907574,loop7,0.00,0.00,0.000,0.000,0.00
1777907574,loop8,0.00,0.00,0.000,0.000,0.00
1777907574,loop9,0.00,0.00,0.000,0.000,0.00
1777907574,nvme0n1,0.00,0.00,0.000,0.000,0.00
1777907575,loop0,0.00,0.00,0.000,0.000,0.00
1777907575,loop1,0.00,0.00,0.000,0.000,0.00
1777907575,loop10,0.00,0.00,0.000,0.000,0.00
1777907575,loop11,0.00,0.00,0.000,0.000,0.00
1777907575,loop12,0.00,0.00,0.000,0.000,0.00
1777907575,loop13,0.00,0.00,0.000,0.000,0.00
1777907575,loop14,0.00,0.00,0.000,0.000,0.00
1777907575,loop15,0.00,0.00,0.000,0.000,0.00
1777907575,loop16,0.00,0.00,0.000,0.000,0.00
1777907575,loop17,0.00,0.00,0.000,0.000,0.00
1777907575,loop18,0.00,0.00,0.000,0.000,0.00
1777907575,loop19,0.00,0.00,0.000,0.000,0.00
1777907575,loop2,0.00,0.00,0.000,0.000,0.00
1777907575,loop20,0.00,0.00,0.000,0.000,0.00
1777907575,loop21,0.00,0.00,0.000,0.000,0.00
1777907575,loop22,0.00,0.00,0.000,0.000,0.00
1777907575,loop23,0.00,0.00,0.000,0.000,0.00
1777907575,loop24,0.00,0.00,0.000,0.000,0.00
1777907575,loop25,0.00,0.00,0.000,0.000,0.00
1777907575,loop26,0.00,0.00,0.000,0.000,0.00
1777907575,loop27,0.00,0.00,0.000,0.000,0.00
1777907575,loop28,0.00,0.00,0.000,0.000,0.00
1777907575,loop29,0.00,0.00,0.000,0.000,0.00
1777907575,loop3,0.00,0.00,0.000,0.000,0.00
1777907575,loop30,0.00,0.00,0.000,0.000,0.00
1777907575,loop31,0.00,0.00,0.000,0.000,0.00
1777907575,loop32,0.00,0.00,0.000,0.000,0.00
1777907575,loop33,0.00,0.00,0.000,0.000,0.00
1777907575,loop34,0.00,0.00,0.000,0.000,0.00
1777907575,loop35,0.00,0.00,0.000,0.000,0.00
1777907575,loop36,0.00,0.00,0.000,0.000,0.00
1777907575,loop37,0.00,0.00,0.000,0.000,0.00
1777907575,loop38,0.00,0.00,0.000,0.000,0.00
1777907575,loop39,0.00,0.00,0.000,0.000,0.00
1777907575,loop4,0.00,0.00,0.000,0.000,0.00
1777907575,loop40,0.00,0.00,0.000,0.000,0.00
1777907575,loop5,0.00,0.00,0.000,0.000,0.00
1777907575,loop6,0.00,0.00,0.000,0.000,0.00
1777907575,loop7,0.00,0.00,0.000,0.000,0.00
1777907575,loop8,0.00,0.00,0.000,0.000,0.00
1777907575,loop9,0.00,0.00,0.000,0.000,0.00
1777907575,nvme0n1,0.00,0.00,0.000,0.000,0.00
1777907576,loop0,0.00,0.00,0.000,0.000,0.00
1777907576,loop1,0.00,0.00,0.000,0.000,0.00
1777907576,loop10,0.00,0.00,0.000,0.000,0.00
1777907576,loop11,0.00,0.00,0.000,0.000,0.00
1777907576,loop12,0.00,0.00,0.000,0.000,0.00
1777907576,loop13,0.00,0.00,0.000,0.000,0.00
1777907576,loop14,0.00,0.00,0.000,0.000,0.00
1777907576,loop15,0.00,0.00,0.000,0.000,0.00
1777907576,loop16,0.00,0.00,0.000,0.000,0.00
1777907576,loop17,0.00,0.00,0.000,0.000,0.00
1777907576,loop18,0.00,0.00,0.000,0.000,0.00
1777907576,loop19,0.00,0.00,0.000,0.000,0.00
1777907576,loop2,0.00,0.00,0.000,0.000,0.00
1777907576,loop20,0.00,0.00,0.000,0.000,0.00
1777907576,loop21,0.00,0.00,0.000,0.000,0.00
1777907576,loop22,0.00,0.00,0.000,0.000,0.00
1777907576,loop23,0.00,0.00,0.000,0.000,0.00
1777907576,loop24,0.00,0.00,0.000,0.000,0.00
1777907576,loop25,0.00,0.00,0.000,0.000,0.00
1777907576,loop26,0.00,0.00,0.000,0.000,0.00
1777907576,loop27,0.00,0.00,0.000,0.000,0.00
1777907576,loop28,0.00,0.00,0.000,0.000,0.00
1777907576,loop29,0.00,0.00,0.000,0.000,0.00
1777907576,loop3,0.00,0.00,0.000,0.000,0.00
1777907576,loop30,0.00,0.00,0.000,0.000,0.00
1777907576,loop31,0.00,0.00,0.000,0.000,0.00
1777907576,loop32,0.00,0.00,0.000,0.000,0.00
1777907576,loop33,0.00,0.00,0.000,0.000,0.00
1777907576,loop34,0.00,0.00,0.000,0.000,0.00
1777907576,loop35,0.00,0.00,0.000,0.000,0.00
1777907576,loop36,0.00,0.00,0.000,0.000,0.00
1777907576,loop37,0.00,0.00,0.000,0.000,0.00
1777907576,loop38,0.00,0.00,0.000,0.000,0.00
1777907576,loop39,0.00,0.00,0.000,0.000,0.00
1777907576,loop4,0.00,0.00,0.000,0.000,0.00
1777907576,loop40,0.00,0.00,0.000,0.000,0.00
1777907576,loop5,0.00,0.00,0.000,0.000,0.00
1777907576,loop6,0.00,0.00,0.000,0.000,0.00
1777907576,loop7,0.00,0.00,0.000,0.000,0.00
1777907576,loop8,0.00,0.00,0.000,0.000,0.00
1777907576,loop9,0.00,0.00,0.000,0.000,0.00
1777907576,nvme0n1,0.00,0.00,0.000,0.000,0.00
1777907577,loop0,0.00,0.00,0.000,0.000,0.00
1777907577,loop1,0.00,0.00,0.000,0.000,0.00
1777907577,loop10,0.00,0.00,0.000,0.000,0.00
1777907577,loop11,0.00,0.00,0.000,0.000,0.00
1777907577,loop12,0.00,0.00,0.000,0.000,0.00
1777907577,loop13,0.00,0.00,0.000,0.000,0.00
1777907577,loop14,0.00,0.00,0.000,0.000,0.00
1777907577,loop15,0.00,0.00,0.000,0.000,0.00
1777907577,loop16,0.00,0.00,0.000,0.000,0.00
1777907577,loop17,0.00,0.00,0.000,0.000,0.00
1777907577,loop18,0.00,0.00,0.000,0.000,0.00
1777907577,loop19,0.00,0.00,0.000,0.000,0.00
1777907577,loop2,0.00,0.00,0.000,0.000,0.00
1777907577,loop20,0.00,0.00,0.000,0.000,0.00
1777907577,loop21,0.00,0.00,0.000,0.000,0.00
1777907577,loop22,0.00,0.00,0.000,0.000,0.00
1777907577,loop23,0.00,0.00,0.000,0.000,0.00
1777907577,loop24,0.00,0.00,0.000,0.000,0.00
1777907577,loop25,0.00,0.00,0.000,0.000,0.00
1777907577,loop26,0.00,0.00,0.000,0.000,0.00
1777907577,loop27,0.00,0.00,0.000,0.000,0.00
1777907577,loop28,0.00,0.00,0.000,0.000,0.00
1777907577,loop29,0.00,0.00,0.000,0.000,0.00
1777907577,loop3,0.00,0.00,0.000,0.000,0.00
1777907577,loop30,0.00,0.00,0.000,0.000,0.00
1777907577,loop31,0.00,0.00,0.000,0.000,0.00
1777907577,loop32,0.00,0.00,0.000,0.000,0.00
1777907577,loop33,0.00,0.00,0.000,0.000,0.00
1777907577,loop34,0.00,0.00,0.000,0.000,0.00
1777907577,loop35,0.00,0.00,0.000,0.000,0.00
1777907577,loop36,0.00,0.00,0.000,0.000,0.00
1777907577,loop37,0.00,0.00,0.000,0.000,0.00
1777907577,loop38,0.00,0.00,0.000,0.000,0.00
1777907577,loop39,0.00,0.00,0.000,0.000,0.00
1777907577,loop4,0.00,0.00,0.000,0.000,0.00
1777907577,loop40,0.00,0.00,0.000,0.000,0.00
1777907577,loop5,0.00,0.00,0.000,0.000,0.00
1777907577,loop6,0.00,0.00,0.000,0.000,0.00
1777907577,loop7,0.00,0.00,0.000,0.000,0.00
1777907577,loop8,0.00,0.00,0.000,0.000,0.00
1777907577,loop9,0.00,0.00,0.000,0.000,0.00
1777907577,nvme0n1,0.00,0.00,0.000,0.000,6.50
1777907578,loop0,0.00,0.00,0.000,0.000,0.00
1777907578,loop1,0.00,0.00,0.000,0.000,0.00
1777907578,loop10,0.00,0.00,0.000,0.000,0.00
1777907578,loop11,0.00,0.00,0.000,0.000,0.00
1777907578,loop12,0.00,0.00,0.000,0.000,0.00
1777907578,loop13,0.00,0.00,0.000,0.000,0.00
1777907578,loop14,0.00,0.00,0.000,0.000,0.00
1777907578,loop15,0.00,0.00,0.000,0.000,0.00
1777907578,loop16,0.00,0.00,0.000,0.000,0.00
1777907578,loop17,0.00,0.00,0.000,0.000,0.00
1777907578,loop18,0.00,0.00,0.000,0.000,0.00
1777907578,loop19,0.00,0.00,0.000,0.000,0.00
1777907578,loop2,0.00,0.00,0.000,0.000,0.00
1777907578,loop20,0.00,0.00,0.000,0.000,0.00
1777907578,loop21,0.00,0.00,0.000,0.000,0.00
1777907578,loop22,0.00,0.00,0.000,0.000,0.00
1777907578,loop23,0.00,0.00,0.000,0.000,0.00
1777907578,loop24,0.00,0.00,0.000,0.000,0.00
1777907578,loop25,0.00,0.00,0.000,0.000,0.00
1777907578,loop26,0.00,0.00,0.000,0.000,0.00
1777907578,loop27,0.00,0.00,0.000,0.000,0.00
1777907578,loop28,0.00,0.00,0.000,0.000,0.00
1777907578,loop29,0.00,0.00,0.000,0.000,0.00
1777907578,loop3,0.00,0.00,0.000,0.000,0.00
1777907578,loop30,0.00,0.00,0.000,0.000,0.00
1777907578,loop31,0.00,0.00,0.000,0.000,0.00
1777907578,loop32,0.00,0.00,0.000,0.000,0.00
1777907578,loop33,0.00,0.00,0.000,0.000,0.00
1777907578,loop34,0.00,0.00,0.000,0.000,0.00
1777907578,loop35,0.00,0.00,0.000,0.000,0.00
1777907578,loop36,0.00,0.00,0.000,0.000,0.00
1777907578,loop37,0.00,0.00,0.000,0.000,0.00
1777907578,loop38,0.00,0.00,0.000,0.000,0.00
1777907578,loop39,0.00,0.00,0.000,0.000,0.00
1777907578,loop4,0.00,0.00,0.000,0.000,0.00
1777907578,loop40,0.00,0.00,0.000,0.000,0.00
1777907578,loop5,0.00,0.00,0.000,0.000,0.00
1777907578,loop6,0.00,0.00,0.000,0.000,0.00
1777907578,loop7,0.00,0.00,0.000,0.000,0.00
1777907578,loop8,0.00,0.00,0.000,0.000,0.00
1777907578,loop9,0.00,0.00,0.000,0.000,0.00
1777907578,nvme0n1,2.00,8.00,0.000,0.000,0.10
1777907579,loop0,0.00,0.00,0.000,0.000,0.00
1777907579,loop1,0.00,0.00,0.000,0.000,0.00
1777907579,loop10,0.00,0.00,0.000,0.000,0.00
1777907579,loop11,0.00,0.00,0.000,0.000,0.00
1777907579,loop12,0.00,0.00,0.000,0.000,0.00
1777907579,loop13,0.00,0.00,0.000,0.000,0.00
1777907579,loop14,0.00,0.00,0.000,0.000,0.00
1777907579,loop15,0.00,0.00,0.000,0.000,0.00
1777907579,loop16,0.00,0.00,0.000,0.000,0.00
1777907579,loop17,0.00,0.00,0.000,0.000,0.00
1777907579,loop18,0.00,0.00,0.000,0.000,0.00
1777907579,loop19,0.00,0.00,0.000,0.000,0.00
1777907579,loop2,0.00,0.00,0.000,0.000,0.00
1777907579,loop20,0.00,0.00,0.000,0.000,0.00
1777907579,loop21,0.00,0.00,0.000,0.000,0.00
1777907579,loop22,0.00,0.00,0.000,0.000,0.00
1777907579,loop23,0.00,0.00,0.000,0.000,0.00
1777907579,loop24,0.00,0.00,0.000,0.000,0.00
1777907579,loop25,0.00,0.00,0.000,0.000,0.00
1777907579,loop26,0.00,0.00,0.000,0.000,0.00
1777907579,loop27,0.00,0.00,0.000,0.000,0.00
1777907579,loop28,0.00,0.00,0.000,0.000,0.00
1777907579,loop29,0.00,0.00,0.000,0.000,0.00
1777907579,loop3,0.00,0.00,0.000,0.000,0.00
1777907579,loop30,0.00,0.00,0.000,0.000,0.00
1777907579,loop31,0.00,0.00,0.000,0.000,0.00
1777907579,loop32,0.00,0.00,0.000,0.000,0.00
1777907579,loop33,0.00,0.00,0.000,0.000,0.00
1777907579,loop34,0.00,0.00,0.000,0.000,0.00
1777907579,loop35,0.00,0.00,0.000,0.000,0.00
1777907579,loop36,0.00,0.00,0.000,0.000,0.00
1777907579,loop37,0.00,0.00,0.000,0.000,0.00
1777907579,loop38,0.00,0.00,0.000,0.000,0.00
1777907579,loop39,0.00,0.00,0.000,0.000,0.00
1777907579,loop4,0.00,0.00,0.000,0.000,0.00
1777907579,loop40,0.00,0.00,0.000,0.000,0.00
1777907579,loop5,0.00,0.00,0.000,0.000,0.00
1777907579,loop6,0.00,0.00,0.000,0.000,0.00
1777907579,loop7,0.00,0.00,0.000,0.000,0.00
1777907579,loop8,0.00,0.00,0.000,0.000,0.00
1777907579,loop9,0.00,0.00,0.000,0.000,0.00
1777907579,nvme0n1,1.00,4.00,0.000,0.000,0.80
1777907580,loop0,0.00,0.00,0.000,0.000,0.00
1777907580,loop1,0.00,0.00,0.000,0.000,0.00
1777907580,loop10,0.00,0.00,0.000,0.000,0.00
1777907580,loop11,0.00,0.00,0.000,0.000,0.00
1777907580,loop12,0.00,0.00,0.000,0.000,0.00
1777907580,loop13,0.00,0.00,0.000,0.000,0.00
1777907580,loop14,0.00,0.00,0.000,0.000,0.00
1777907580,loop15,0.00,0.00,0.000,0.000,0.00
1777907580,loop16,0.00,0.00,0.000,0.000,0.00
1777907580,loop17,0.00,0.00,0.000,0.000,0.00
1777907580,loop18,0.00,0.00,0.000,0.000,0.00
1777907580,loop19,0.00,0.00,0.000,0.000,0.00
1777907580,loop2,0.00,0.00,0.000,0.000,0.00
1777907580,loop20,0.00,0.00,0.000,0.000,0.00
1777907580,loop21,0.00,0.00,0.000,0.000,0.00
1777907580,loop22,0.00,0.00,0.000,0.000,0.00
1777907580,loop23,0.00,0.00,0.000,0.000,0.00
1777907580,loop24,0.00,0.00,0.000,0.000,0.00
1777907580,loop25,0.00,0.00,0.000,0.000,0.00
1777907580,loop26,0.00,0.00,0.000,0.000,0.00
1777907580,loop27,0.00,0.00,0.000,0.000,0.00
1777907580,loop28,0.00,0.00,0.000,0.000,0.00
1777907580,loop29,0.00,0.00,0.000,0.000,0.00
1777907580,loop3,0.00,0.00,0.000,0.000,0.00
1777907580,loop30,0.00,0.00,0.000,0.000,0.00
1777907580,loop31,0.00,0.00,0.000,0.000,0.00
1777907580,loop32,0.00,0.00,0.000,0.000,0.00
1777907580,loop33,0.00,0.00,0.000,0.000,0.00
1777907580,loop34,0.00,0.00,0.000,0.000,0.00
1777907580,loop35,0.00,0.00,0.000,0.000,0.00
1777907580,loop36,0.00,0.00,0.000,0.000,0.00
1777907580,loop37,0.00,0.00,0.000,0.000,0.00
1777907580,loop38,0.00,0.00,0.000,0.000,0.00
1777907580,loop39,0.00,0.00,0.000,0.000,0.00
1777907580,loop4,0.00,0.00,0.000,0.000,0.00
1777907580,loop40,0.00,0.00,0.000,0.000,0.00
1777907580,loop5,0.00,0.00,0.000,0.000,0.00
1777907580,loop6,0.00,0.00,0.000,0.000,0.00
1777907580,loop7,0.00,0.00,0.000,0.000,0.00
1777907580,loop8,0.00,0.00,0.000,0.000,0.00
1777907580,loop9,0.00,0.00,0.000,0.000,0.00
1777907580,nvme0n1,7.00,28.00,0.000,0.000,0.10
1777907581,loop0,0.00,0.00,0.000,0.000,0.00
1777907581,loop1,0.00,0.00,0.000,0.000,0.00
1777907581,loop10,0.00,0.00,0.000,0.000,0.00
1777907581,loop11,0.00,0.00,0.000,0.000,0.00
1777907581,loop12,0.00,0.00,0.000,0.000,0.00
1777907581,loop13,0.00,0.00,0.000,0.000,0.00
1777907581,loop14,0.00,0.00,0.000,0.000,0.00
1777907581,loop15,0.00,0.00,0.000,0.000,0.00
1777907581,loop16,0.00,0.00,0.000,0.000,0.00
1777907581,loop17,0.00,0.00,0.000,0.000,0.00
1777907581,loop18,0.00,0.00,0.000,0.000,0.00
1777907581,loop19,0.00,0.00,0.000,0.000,0.00
1777907581,loop2,0.00,0.00,0.000,0.000,0.00
1777907581,loop20,0.00,0.00,0.000,0.000,0.00
1777907581,loop21,0.00,0.00,0.000,0.000,0.00
1777907581,loop22,0.00,0.00,0.000,0.000,0.00
1777907581,loop23,0.00,0.00,0.000,0.000,0.00
1777907581,loop24,0.00,0.00,0.000,0.000,0.00
1777907581,loop25,0.00,0.00,0.000,0.000,0.00
1777907581,loop26,0.00,0.00,0.000,0.000,0.00
1777907581,loop27,0.00,0.00,0.000,0.000,0.00
1777907581,loop28,0.00,0.00,0.000,0.000,0.00
1777907581,loop29,0.00,0.00,0.000,0.000,0.00
1777907581,loop3,0.00,0.00,0.000,0.000,0.00
1777907581,loop30,0.00,0.00,0.000,0.000,0.00
1777907581,loop31,0.00,0.00,0.000,0.000,0.00
1777907581,loop32,0.00,0.00,0.000,0.000,0.00
1777907581,loop33,0.00,0.00,0.000,0.000,0.00
1777907581,loop34,0.00,0.00,0.000,0.000,0.00
1777907581,loop35,0.00,0.00,0.000,0.000,0.00
1777907581,loop36,0.00,0.00,0.000,0.000,0.00
1777907581,loop37,0.00,0.00,0.000,0.000,0.00
1777907581,loop38,0.00,0.00,0.000,0.000,0.00
1777907581,loop39,0.00,0.00,0.000,0.000,0.00
1777907581,loop4,0.00,0.00,0.000,0.000,0.00
1777907581,loop40,0.00,0.00,0.000,0.000,0.00
1777907581,loop5,0.00,0.00,0.000,0.000,0.00
1777907581,loop6,0.00,0.00,0.000,0.000,0.00
1777907581,loop7,0.00,0.00,0.000,0.000,0.00
1777907581,loop8,0.00,0.00,0.000,0.000,0.00
1777907581,loop9,0.00,0.00,0.000,0.000,0.00
1777907581,nvme0n1,0.00,0.00,0.000,0.000,0.00
1777907582,loop0,0.00,0.00,0.000,0.000,0.00
1777907582,loop1,0.00,0.00,0.000,0.000,0.00
1777907582,loop10,0.00,0.00,0.000,0.000,0.00
1777907582,loop11,0.00,0.00,0.000,0.000,0.00
1777907582,loop12,0.00,0.00,0.000,0.000,0.00
1777907582,loop13,0.00,0.00,0.000,0.000,0.00
1777907582,loop14,0.00,0.00,0.000,0.000,0.00
1777907582,loop15,0.00,0.00,0.000,0.000,0.00
1777907582,loop16,0.00,0.00,0.000,0.000,0.00
1777907582,loop17,0.00,0.00,0.000,0.000,0.00
1777907582,loop18,0.00,0.00,0.000,0.000,0.00
1777907582,loop19,0.00,0.00,0.000,0.000,0.00
1777907582,loop2,0.00,0.00,0.000,0.000,0.00
1777907582,loop20,0.00,0.00,0.000,0.000,0.00
1777907582,loop21,0.00,0.00,0.000,0.000,0.00
1777907582,loop22,0.00,0.00,0.000,0.000,0.00
1777907582,loop23,0.00,0.00,0.000,0.000,0.00
1777907582,loop24,0.00,0.00,0.000,0.000,0.00
1777907582,loop25,0.00,0.00,0.000,0.000,0.00
1777907582,loop26,0.00,0.00,0.000,0.000,0.00
1777907582,loop27,0.00,0.00,0.000,0.000,0.00
1777907582,loop28,0.00,0.00,0.000,0.000,0.00
1777907582,loop29,0.00,0.00,0.000,0.000,0.00
1777907582,loop3,0.00,0.00,0.000,0.000,0.00
1777907582,loop30,0.00,0.00,0.000,0.000,0.00
1777907582,loop31,0.00,0.00,0.000,0.000,0.00
1777907582,loop32,0.00,0.00,0.000,0.000,0.00
1777907582,loop33,0.00,0.00,0.000,0.000,0.00
1777907582,loop34,0.00,0.00,0.000,0.000,0.00
1777907582,loop35,0.00,0.00,0.000,0.000,0.00
1777907582,loop36,0.00,0.00,0.000,0.000,0.00
1777907582,loop37,0.00,0.00,0.000,0.000,0.00
1777907582,loop38,0.00,0.00,0.000,0.000,0.00
1777907582,loop39,0.00,0.00,0.000,0.000,0.00
1777907582,loop4,0.00,0.00,0.000,0.000,0.00
1777907582,loop40,0.00,0.00,0.000,0.000,0.00
1777907582,loop5,0.00,0.00,0.000,0.000,0.00
1777907582,loop6,0.00,0.00,0.000,0.000,0.00
1777907582,loop7,0.00,0.00,0.000,0.000,0.00
1777907582,loop8,0.00,0.00,0.000,0.000,0.00
1777907582,loop9,0.00,0.00,0.000,0.000,0.00
1777907582,nvme0n1,0.00,0.00,0.000,0.000,0.00
1777907583,loop0,0.00,0.00,0.000,0.000,0.00
1777907583,loop1,0.00,0.00,0.000,0.000,0.00
1777907583,loop10,0.00,0.00,0.000,0.000,0.00
1777907583,loop11,0.00,0.00,0.000,0.000,0.00
1777907583,loop12,0.00,0.00,0.000,0.000,0.00
1777907583,loop13,0.00,0.00,0.000,0.000,0.00
1777907583,loop14,0.00,0.00,0.000,0.000,0.00
1777907583,loop15,0.00,0.00,0.000,0.000,0.00
1777907583,loop16,0.00,0.00,0.000,0.000,0.00
1777907583,loop17,0.00,0.00,0.000,0.000,0.00
1777907583,loop18,0.00,0.00,0.000,0.000,0.00
1777907583,loop19,0.00,0.00,0.000,0.000,0.00
1777907583,loop2,0.00,0.00,0.000,0.000,0.00
1777907583,loop20,0.00,0.00,0.000,0.000,0.00
1777907583,loop21,0.00,0.00,0.000,0.000,0.00
1777907583,loop22,0.00,0.00,0.000,0.000,0.00
1777907583,loop23,0.00,0.00,0.000,0.000,0.00
1777907583,loop24,0.00,0.00,0.000,0.000,0.00
1777907583,loop25,0.00,0.00,0.000,0.000,0.00
1777907583,loop26,0.00,0.00,0.000,0.000,0.00
1777907583,loop27,0.00,0.00,0.000,0.000,0.00
1777907583,loop28,0.00,0.00,0.000,0.000,0.00
1777907583,loop29,0.00,0.00,0.000,0.000,0.00
1777907583,loop3,0.00,0.00,0.000,0.000,0.00
1777907583,loop30,0.00,0.00,0.000,0.000,0.00
1777907583,loop31,0.00,0.00,0.000,0.000,0.00
1777907583,loop32,0.00,0.00,0.000,0.000,0.00
1777907583,loop33,0.00,0.00,0.000,0.000,0.00
1777907583,loop34,0.00,0.00,0.000,0.000,0.00
1777907583,loop35,0.00,0.00,0.000,0.000,0.00
1777907583,loop36,0.00,0.00,0.000,0.000,0.00
1777907583,loop37,0.00,0.00,0.000,0.000,0.00
1777907583,loop38,0.00,0.00,0.000,0.000,0.00
1777907583,loop39,0.00,0.00,0.000,0.000,0.00
1777907583,loop4,0.00,0.00,0.000,0.000,0.00
1777907583,loop40,0.00,0.00,0.000,0.000,0.00
1777907583,loop5,0.00,0.00,0.000,0.000,0.00
1777907583,loop6,0.00,0.00,0.000,0.000,0.00
1777907583,loop7,0.00,0.00,0.000,0.000,0.00
1777907583,loop8,0.00,0.00,0.000,0.000,0.00
1777907583,loop9,0.00,0.00,0.000,0.000,0.00
1777907583,nvme0n1,0.00,0.00,0.000,0.000,0.00
1777907584,loop0,0.00,0.00,0.000,0.000,0.00
1777907584,loop1,0.00,0.00,0.000,0.000,0.00
1777907584,loop10,0.00,0.00,0.000,0.000,0.00
1777907584,loop11,0.00,0.00,0.000,0.000,0.00
1777907584,loop12,0.00,0.00,0.000,0.000,0.00
1777907584,loop13,0.00,0.00,0.000,0.000,0.00
1777907584,loop14,0.00,0.00,0.000,0.000,0.00
1777907584,loop15,0.00,0.00,0.000,0.000,0.00
1777907584,loop16,0.00,0.00,0.000,0.000,0.00
1777907584,loop17,0.00,0.00,0.000,0.000,0.00
1777907584,loop18,0.00,0.00,0.000,0.000,0.00
1777907584,loop19,0.00,0.00,0.000,0.000,0.00
1777907584,loop2,0.00,0.00,0.000,0.000,0.00
1777907584,loop20,0.00,0.00,0.000,0.000,0.00
1777907584,loop21,0.00,0.00,0.000,0.000,0.00
1777907584,loop22,0.00,0.00,0.000,0.000,0.00
1777907584,loop23,0.00,0.00,0.000,0.000,0.00
1777907584,loop24,0.00,0.00,0.000,0.000,0.00
1777907584,loop25,0.00,0.00,0.000,0.000,0.00
1777907584,loop26,0.00,0.00,0.000,0.000,0.00
1777907584,loop27,0.00,0.00,0.000,0.000,0.00
1777907584,loop28,0.00,0.00,0.000,0.000,0.00
1777907584,loop29,0.00,0.00,0.000,0.000,0.00
1777907584,loop3,0.00,0.00,0.000,0.000,0.00
1777907584,loop30,0.00,0.00,0.000,0.000,0.00
1777907584,loop31,0.00,0.00,0.000,0.000,0.00
1777907584,loop32,0.00,0.00,0.000,0.000,0.00
1777907584,loop33,0.00,0.00,0.000,0.000,0.00
1777907584,loop34,0.00,0.00,0.000,0.000,0.00
1777907585,loop35,0.00,0.00,0.000,0.000,0.00
1777907585,loop36,0.00,0.00,0.000,0.000,0.00
1777907585,loop37,0.00,0.00,0.000,0.000,0.00
1777907585,loop38,0.00,0.00,0.000,0.000,0.00
1777907585,loop39,0.00,0.00,0.000,0.000,0.00
1777907585,loop4,0.00,0.00,0.000,0.000,0.00
1777907585,loop40,0.00,0.00,0.000,0.000,0.00
1777907585,loop5,0.00,0.00,0.000,0.000,0.00
1777907585,loop6,0.00,0.00,0.000,0.000,0.00
1777907585,loop7,0.00,0.00,0.000,0.000,0.00
1777907585,loop8,0.00,0.00,0.000,0.000,0.00
1777907585,loop9,0.00,0.00,0.000,0.000,0.00
1777907585,nvme0n1,0.00,0.00,0.000,0.000,0.00
