t_unix,device,r_iops,w_iops,r_mb_s,w_mb_s,util_pct
1777903291,loop0,0.00,0.00,0.000,0.000,0.00
1777903291,loop1,0.00,0.00,0.000,0.000,0.00
1777903291,loop10,0.00,0.00,0.000,0.000,0.00
1777903291,loop11,0.00,0.00,0.000,0.000,0.00
1777903291,loop12,0.00,0.00,0.000,0.000,0.00
1777903291,loop13,0.00,0.00,0.000,0.000,0.00
1777903291,loop14,0.00,0.00,0.000,0.000,0.00
1777903291,loop15,0.00,0.00,0.000,0.000,0.00
1777903291,loop16,0.00,0.00,0.000,0.000,0.00
1777903291,loop17,0.00,0.00,0.000,0.000,0.00
1777903291,loop18,0.00,0.00,0.000,0.000,0.00
1777903291,loop19,0.00,0.00,0.000,0.000,0.00
1777903291,loop2,0.00,0.00,0.000,0.000,0.00
1777903291,loop20,0.00,0.00,0.000,0.000,0.00
1777903291,loop21,0.00,0.00,0.000,0.000,0.00
1777903291,loop22,0.00,0.00,0.000,0.000,0.00
1777903291,loop23,0.00,0.00,0.000,0.000,0.00
1777903291,loop24,0.00,0.00,0.000,0.000,0.00
1777903291,loop25,0.00,0.00,0.000,0.000,0.00
1777903291,loop26,0.00,0.00,0.000,0.000,0.00
1777903291,loop27,0.00,0.00,0.000,0.000,0.00
1777903291,loop28,0.00,0.00,0.000,0.000,0.00
1777903291,loop29,0.00,0.00,0.000,0.000,0.00
1777903291,loop3,0.00,0.00,0.000,0.000,0.00
1777903291,loop30,0.00,0.00,0.000,0.000,0.00
1777903291,loop31,0.00,0.00,0.000,0.000,0.00
1777903291,loop32,0.00,0.00,0.000,0.000,0.00
1777903291,loop33,0.00,0.00,0.000,0.000,0.00
1777903291,loop34,0.00,0.00,0.000,0.000,0.00
1777903291,loop35,0.00,0.00,0.000,0.000,0.00
1777903291,loop36,0.00,0.00,0.000,0.000,0.00
1777903291,loop37,0.00,0.00,0.000,0.000,0.00
1777903291,loop38,0.00,0.00,0.000,0.000,0.00
1777903291,loop39,0.00,0.00,0.000,0.000,0.00
1777903291,loop4,0.00,0.00,0.000,0.000,0.00
1777903291,loop40,0.00,0.00,0.000,0.000,0.00
1777903291,loop5,0.00,0.00,0.000,0.000,0.00
1777903291,loop6,0.00,0.00,0.000,0.000,0.00
1777903291,loop7,0.00,0.00,0.000,0.000,0.00
1777903291,loop8,0.00,0.00,0.000,0.000,0.00
1777903291,loop9,0.00,0.00,0.000,0.000,0.00
1777903291,nvme0n1,0.00,0.00,0.000,0.000,0.00
1777903292,loop0,0.00,0.00,0.000,0.000,0.00
1777903292,loop1,0.00,0.00,0.000,0.000,0.00
1777903292,loop10,0.00,0.00,0.000,0.000,0.00
1777903292,loop11,0.00,0.00,0.000,0.000,0.00
1777903292,loop12,0.00,0.00,0.000,0.000,0.00
1777903292,loop13,0.00,0.00,0.000,0.000,0.00
1777903292,loop14,0.00,0.00,0.000,0.000,0.00
1777903292,loop15,0.00,0.00,0.000,0.000,0.00
1777903292,loop16,0.00,0.00,0.000,0.000,0.00
1777903292,loop17,0.00,0.00,0.000,0.000,0.00
1777903292,loop18,0.00,0.00,0.000,0.000,0.00
1777903292,loop19,0.00,0.00,0.000,0.000,0.00
1777903292,loop2,0.00,0.00,0.000,0.000,0.00
1777903292,loop20,0.00,0.00,0.000,0.000,0.00
1777903292,loop21,0.00,0.00,0.000,0.000,0.00
1777903292,loop22,0.00,0.00,0.000,0.000,0.00
1777903292,loop23,0.00,0.00,0.000,0.000,0.00
1777903292,loop24,0.00,0.00,0.000,0.000,0.00
1777903292,loop25,0.00,0.00,0.000,0.000,0.00
1777903292,loop26,0.00,0.00,0.000,0.000,0.00
1777903292,loop27,0.00,0.00,0.000,0.000,0.00
1777903292,loop28,0.00,0.00,0.000,0.000,0.00
1777903292,loop29,0.00,0.00,0.000,0.000,0.00
1777903292,loop3,0.00,0.00,0.000,0.000,0.00
1777903292,loop30,0.00,0.00,0.000,0.000,0.00
1777903292,loop31,0.00,0.00,0.000,0.000,0.00
1777903292,loop32,0.00,0.00,0.000,0.000,0.00
1777903292,loop33,0.00,0.00,0.000,0.000,0.00
1777903292,loop34,0.00,0.00,0.000,0.000,0.00
1777903292,loop35,0.00,0.00,0.000,0.000,0.00
1777903292,loop36,0.00,0.00,0.000,0.000,0.00
1777903292,loop37,0.00,0.00,0.000,0.000,0.00
1777903292,loop38,0.00,0.00,0.000,0.000,0.00
1777903292,loop39,0.00,0.00,0.000,0.000,0.00
1777903292,loop4,0.00,0.00,0.000,0.000,0.00
1777903292,loop40,0.00,0.00,0.000,0.000,0.00
1777903292,loop5,0.00,0.00,0.000,0.000,0.00
1777903292,loop6,0.00,0.00,0.000,0.000,0.00
1777903292,loop7,0.00,0.00,0.000,0.000,0.00
1777903292,loop8,0.00,0.00,0.000,0.000,0.00
1777903292,loop9,0.00,0.00,0.000,0.000,0.00
1777903292,nvme0n1,0.00,0.00,0.000,0.000,0.00
1777903293,loop0,0.00,0.00,0.000,0.000,0.00
1777903293,loop1,0.00,0.00,0.000,0.000,0.00
1777903293,loop10,0.00,0.00,0.000,0.000,0.00
1777903293,loop11,0.00,0.00,0.000,0.000,0.00
1777903293,loop12,0.00,0.00,0.000,0.000,0.00
1777903293,loop13,0.00,0.00,0.000,0.000,0.00
1777903293,loop14,0.00,0.00,0.000,0.000,0.00
1777903293,loop15,0.00,0.00,0.000,0.000,0.00
1777903293,loop16,0.00,0.00,0.000,0.000,0.00
1777903293,loop17,0.00,0.00,0.000,0.000,0.00
1777903293,loop18,0.00,0.00,0.000,0.000,0.00
1777903293,loop19,0.00,0.00,0.000,0.000,0.00
1777903293,loop2,0.00,0.00,0.000,0.000,0.00
1777903293,loop20,0.00,0.00,0.000,0.000,0.00
1777903293,loop21,0.00,0.00,0.000,0.000,0.00
1777903293,loop22,0.00,0.00,0.000,0.000,0.00
1777903293,loop23,0.00,0.00,0.000,0.000,0.00
1777903293,loop24,0.00,0.00,0.000,0.000,0.00
1777903293,loop25,0.00,0.00,0.000,0.000,0.00
1777903293,loop26,0.00,0.00,0.000,0.000,0.00
1777903293,loop27,0.00,0.00,0.000,0.000,0.00
1777903293,loop28,0.00,0.00,0.000,0.000,0.00
1777903293,loop29,0.00,0.00,0.000,0.000,0.00
1777903293,loop3,0.00,0.00,0.000,0.000,0.00
1777903293,loop30,0.00,0.00,0.000,0.000,0.00
1777903293,loop31,0.00,0.00,0.000,0.000,0.00
1777903293,loop32,0.00,0.00,0.000,0.000,0.00
1777903293,loop33,0.00,0.00,0.000,0.000,0.00
1777903293,loop34,0.00,0.00,0.000,0.000,0.00
1777903293,loop35,0.00,0.00,0.000,0.000,0.00
1777903293,loop36,0.00,0.00,0.000,0.000,0.00
1777903293,loop37,0.00,0.00,0.000,0.000,0.00
1777903293,loop38,0.00,0.00,0.000,0.000,0.00
1777903293,loop39,0.00,0.00,0.000,0.000,0.00
1777903293,loop4,0.00,0.00,0.000,0.000,0.00
1777903293,loop40,0.00,0.00,0.000,0.000,0.00
1777903293,loop5,0.00,0.00,0.000,0.000,0.00
1777903293,loop6,0.00,0.00,0.000,0.000,0.00
1777903293,loop7,0.00,0.00,0.000,0.000,0.00
1777903293,loop8,0.00,0.00,0.000,0.000,0.00
1777903293,loop9,0.00,0.00,0.000,0.000,0.00
1777903293,nvme0n1,0.00,0.00,0.000,0.000,5.90
1777903294,loop0,0.00,0.00,0.000,0.000,0.00
1777903294,loop1,0.00,0.00,0.000,0.000,0.00
1777903294,loop10,0.00,0.00,0.000,0.000,0.00
1777903294,loop11,0.00,0.00,0.000,0.000,0.00
1777903294,loop12,0.00,0.00,0.000,0.000,0.00
1777903294,loop13,0.00,0.00,0.000,0.000,0.00
1777903294,loop14,0.00,0.00,0.000,0.000,0.00
1777903294,loop15,0.00,0.00,0.000,0.000,0.00
1777903294,loop16,0.00,0.00,0.000,0.000,0.00
1777903294,loop17,0.00,0.00,0.000,0.000,0.00
1777903294,loop18,0.00,0.00,0.000,0.000,0.00
1777903294,loop19,0.00,0.00,0.000,0.000,0.00
1777903294,loop2,0.00,0.00,0.000,0.000,0.00
1777903294,loop20,0.00,0.00,0.000,0.000,0.00
1777903294,loop21,0.00,0.00,0.000,0.000,0.00
1777903294,loop22,0.00,0.00,0.000,0.000,0.00
1777903294,loop23,0.00,0.00,0.000,0.000,0.00
1777903294,loop24,0.00,0.00,0.000,0.000,0.00
1777903294,loop25,0.00,0.00,0.000,0.000,0.00
1777903294,loop26,0.00,0.00,0.000,0.000,0.00
1777903294,loop27,0.00,0.00,0.000,0.000,0.00
1777903294,loop28,0.00,0.00,0.000,0.000,0.00
1777903294,loop29,0.00,0.00,0.000,0.000,0.00
1777903294,loop3,0.00,0.00,0.000,0.000,0.00
1777903294,loop30,0.00,0.00,0.000,0.000,0.00
1777903294,loop31,0.00,0.00,0.000,0.000,0.00
1777903294,loop32,0.00,0.00,0.000,0.000,0.00
1777903294,loop33,0.00,0.00,0.000,0.000,0.00
1777903294,loop34,0.00,0.00,0.000,0.000,0.00
1777903294,loop35,0.00,0.00,0.000,0.000,0.00
1777903294,loop36,0.00,0.00,0.000,0.000,0.00
1777903294,loop37,0.00,0.00,0.000,0.000,0.00
1777903294,loop38,0.00,0.00,0.000,0.000,0.00
1777903294,loop39,0.00,0.00,0.000,0.000,0.00
1777903294,loop4,0.00,0.00,0.000,0.000,0.00
1777903294,loop40,0.00,0.00,0.000,0.000,0.00
1777903294,loop5,0.00,0.00,0.000,0.000,0.00
1777903294,loop6,0.00,0.00,0.000,0.000,0.00
1777903294,loop7,0.00,0.00,0.000,0.000,0.00
1777903294,loop8,0.00,0.00,0.000,0.000,0.00
1777903294,loop9,0.00,0.00,0.000,0.000,0.00
1777903294,nvme0n1,0.00,0.00,0.000,0.000,0.00
1777903295,loop0,0.00,0.00,0.000,0.000,0.00
1777903295,loop1,0.00,0.00,0.000,0.000,0.00
1777903295,loop10,0.00,0.00,0.000,0.000,0.00
1777903295,loop11,0.00,0.00,0.000,0.000,0.00
1777903295,loop12,0.00,0.00,0.000,0.000,0.00
1777903295,loop13,0.00,0.00,0.000,0.000,0.00
1777903295,loop14,0.00,0.00,0.000,0.000,0.00
1777903295,loop15,0.00,0.00,0.000,0.000,0.00
1777903295,loop16,0.00,0.00,0.000,0.000,0.00
1777903295,loop17,0.00,0.00,0.000,0.000,0.00
1777903295,loop18,0.00,0.00,0.000,0.000,0.00
1777903295,loop19,0.00,0.00,0.000,0.000,0.00
1777903295,loop2,0.00,0.00,0.000,0.000,0.00
1777903295,loop20,0.00,0.00,0.000,0.000,0.00
1777903295,loop21,0.00,0.00,0.000,0.000,0.00
1777903295,loop22,0.00,0.00,0.000,0.000,0.00
1777903295,loop23,0.00,0.00,0.000,0.000,0.00
1777903295,loop24,0.00,0.00,0.000,0.000,0.00
1777903295,loop25,0.00,0.00,0.000,0.000,0.00
1777903295,loop26,0.00,0.00,0.000,0.000,0.00
1777903295,loop27,0.00,0.00,0.000,0.000,0.00
1777903295,loop28,0.00,0.00,0.000,0.000,0.00
1777903295,loop29,0.00,0.00,0.000,0.000,0.00
1777903295,loop3,0.00,0.00,0.000,0.000,0.00
1777903295,loop30,0.00,0.00,0.000,0.000,0.00
1777903295,loop31,0.00,0.00,0.000,0.000,0.00
1777903295,loop32,0.00,0.00,0.000,0.000,0.00
1777903295,loop33,0.00,0.00,0.000,0.000,0.00
1777903295,loop34,0.00,0.00,0.000,0.000,0.00
1777903295,loop35,0.00,0.00,0.000,0.000,0.00
1777903295,loop36,0.00,0.00,0.000,0.000,0.00
1777903295,loop37,0.00,0.00,0.000,0.000,0.00
1777903295,loop38,0.00,0.00,0.000,0.000,0.00
1777903295,loop39,0.00,0.00,0.000,0.000,0.00
1777903295,loop4,0.00,0.00,0.000,0.000,0.00
1777903295,loop40,0.00,0.00,0.000,0.000,0.00
1777903295,loop5,0.00,0.00,0.000,0.000,0.00
1777903295,loop6,0.00,0.00,0.000,0.000,0.00
1777903295,loop7,0.00,0.00,0.000,0.000,0.00
1777903295,loop8,0.00,0.00,0.000,0.000,0.00
1777903295,loop9,0.00,0.00,0.000,0.000,0.00
1777903295,nvme0n1,1.00,4.00,0.000,0.000,0.10
1777903296,loop0,0.00,0.00,0.000,0.000,0.00
1777903296,loop1,0.00,0.00,0.000,0.000,0.00
1777903296,loop10,0.00,0.00,0.000,0.000,0.00
1777903296,loop11,0.00,0.00,0.000,0.000,0.00
1777903296,loop12,0.00,0.00,0.000,0.000,0.00
1777903296,loop13,0.00,0.00,0.000,0.000,0.00
1777903296,loop14,0.00,0.00,0.000,0.000,0.00
1777903296,loop15,0.00,0.00,0.000,0.000,0.00
1777903296,loop16,0.00,0.00,0.000,0.000,0.00
1777903296,loop17,0.00,0.00,0.000,0.000,0.00
1777903296,loop18,0.00,0.00,0.000,0.000,0.00
1777903296,loop19,0.00,0.00,0.000,0.000,0.00
1777903296,loop2,0.00,0.00,0.000,0.000,0.00
1777903296,loop20,0.00,0.00,0.000,0.000,0.00
1777903296,loop21,0.00,0.00,0.000,0.000,0.00
1777903296,loop22,0.00,0.00,0.000,0.000,0.00
1777903296,loop23,0.00,0.00,0.000,0.000,0.00
1777903296,loop24,0.00,0.00,0.000,0.000,0.00
1777903296,loop25,0.00,0.00,0.000,0.000,0.00
1777903296,loop26,0.00,0.00,0.000,0.000,0.00
1777903296,loop27,0.00,0.00,0.000,0.000,0.00
1777903296,loop28,0.00,0.00,0.000,0.000,0.00
1777903296,loop29,0.00,0.00,0.000,0.000,0.00
1777903296,loop3,0.00,0.00,0.000,0.000,0.00
1777903296,loop30,0.00,0.00,0.000,0.000,0.00
1777903296,loop31,0.00,0.00,0.000,0.000,0.00
1777903296,loop32,0.00,0.00,0.000,0.000,0.00
1777903296,loop33,0.00,0.00,0.000,0.000,0.00
1777903296,loop34,0.00,0.00,0.000,0.000,0.00
1777903296,loop35,0.00,0.00,0.000,0.000,0.00
1777903296,loop36,0.00,0.00,0.000,0.000,0.00
1777903296,loop37,0.00,0.00,0.000,0.000,0.00
1777903296,loop38,0.00,0.00,0.000,0.000,0.00
1777903296,loop39,0.00,0.00,0.000,0.000,0.00
1777903296,loop4,0.00,0.00,0.000,0.000,0.00
1777903296,loop40,0.00,0.00,0.000,0.000,0.00
1777903296,loop5,0.00,0.00,0.000,0.000,0.00
1777903296,loop6,0.00,0.00,0.000,0.000,0.00
1777903296,loop7,0.00,0.00,0.000,0.000,0.00
1777903296,loop8,0.00,0.00,0.000,0.000,0.00
1777903296,loop9,0.00,0.00,0.000,0.000,0.00
1777903296,nvme0n1,7.00,36.00,0.002,0.022,0.10
1777903297,loop0,0.00,0.00,0.000,0.000,0.00
1777903297,loop1,0.00,0.00,0.000,0.000,0.00
1777903297,loop10,0.00,0.00,0.000,0.000,0.00
1777903297,loop11,0.00,0.00,0.000,0.000,0.00
1777903297,loop12,0.00,0.00,0.000,0.000,0.00
1777903297,loop13,0.00,0.00,0.000,0.000,0.00
1777903297,loop14,0.00,0.00,0.000,0.000,0.00
1777903297,loop15,0.00,0.00,0.000,0.000,0.00
1777903297,loop16,0.00,0.00,0.000,0.000,0.00
1777903297,loop17,0.00,0.00,0.000,0.000,0.00
1777903297,loop18,0.00,0.00,0.000,0.000,0.00
1777903297,loop19,0.00,0.00,0.000,0.000,0.00
1777903297,loop2,0.00,0.00,0.000,0.000,0.00
1777903297,loop20,0.00,0.00,0.000,0.000,0.00
1777903297,loop21,0.00,0.00,0.000,0.000,0.00
1777903297,loop22,0.00,0.00,0.000,0.000,0.00
1777903297,loop23,0.00,0.00,0.000,0.000,0.00
1777903297,loop24,0.00,0.00,0.000,0.000,0.00
1777903297,loop25,0.00,0.00,0.000,0.000,0.00
1777903297,loop26,0.00,0.00,0.000,0.000,0.00
1777903297,loop27,0.00,0.00,0.000,0.000,0.00
1777903297,loop28,0.00,0.00,0.000,0.000,0.00
1777903297,loop29,0.00,0.00,0.000,0.000,0.00
1777903297,loop3,0.00,0.00,0.000,0.000,0.00
1777903297,loop30,0.00,0.00,0.000,0.000,0.00
1777903297,loop31,0.00,0.00,0.000,0.000,0.00
1777903297,loop32,0.00,0.00,0.000,0.000,0.00
1777903297,loop33,0.00,0.00,0.000,0.000,0.00
1777903297,loop34,0.00,0.00,0.000,0.000,0.00
1777903297,loop35,0.00,0.00,0.000,0.000,0.00
1777903297,loop36,0.00,0.00,0.000,0.000,0.00
1777903297,loop37,0.00,0.00,0.000,0.000,0.00
1777903297,loop38,0.00,0.00,0.000,0.000,0.00
1777903297,loop39,0.00,0.00,0.000,0.000,0.00
1777903297,loop4,0.00,0.00,0.000,0.000,0.00
1777903297,loop40,0.00,0.00,0.000,0.000,0.00
1777903297,loop5,0.00,0.00,0.000,0.000,0.00
1777903297,loop6,0.00,0.00,0.000,0.000,0.00
1777903297,loop7,0.00,0.00,0.000,0.000,0.00
1777903297,loop8,0.00,0.00,0.000,0.000,0.00
1777903297,loop9,0.00,0.00,0.000,0.000,0.00
1777903297,nvme0n1,0.00,0.00,0.000,0.000,0.60
1777903298,loop0,0.00,0.00,0.000,0.000,0.00
1777903298,loop1,0.00,0.00,0.000,0.000,0.00
1777903298,loop10,0.00,0.00,0.000,0.000,0.00
1777903298,loop11,0.00,0.00,0.000,0.000,0.00
1777903298,loop12,0.00,0.00,0.000,0.000,0.00
1777903298,loop13,0.00,0.00,0.000,0.000,0.00
1777903298,loop14,0.00,0.00,0.000,0.000,0.00
1777903298,loop15,0.00,0.00,0.000,0.000,0.00
1777903298,loop16,0.00,0.00,0.000,0.000,0.00
1777903298,loop17,0.00,0.00,0.000,0.000,0.00
1777903298,loop18,0.00,0.00,0.000,0.000,0.00
1777903298,loop19,0.00,0.00,0.000,0.000,0.00
1777903298,loop2,0.00,0.00,0.000,0.000,0.00
1777903298,loop20,0.00,0.00,0.000,0.000,0.00
1777903298,loop21,0.00,0.00,0.000,0.000,0.00
1777903298,loop22,0.00,0.00,0.000,0.000,0.00
1777903298,loop23,0.00,0.00,0.000,0.000,0.00
1777903298,loop24,0.00,0.00,0.000,0.000,0.00
1777903298,loop25,0.00,0.00,0.000,0.000,0.00
1777903298,loop26,0.00,0.00,0.000,0.000,0.00
1777903298,loop27,0.00,0.00,0.000,0.000,0.00
1777903298,loop28,0.00,0.00,0.000,0.000,0.00
1777903298,loop29,0.00,0.00,0.000,0.000,0.00
1777903298,loop3,0.00,0.00,0.000,0.000,0.00
1777903298,loop30,0.00,0.00,0.000,0.000,0.00
1777903298,loop31,0.00,0.00,0.000,0.000,0.00
1777903298,loop32,0.00,0.00,0.000,0.000,0.00
1777903298,loop33,0.00,0.00,0.000,0.000,0.00
1777903298,loop34,0.00,0.00,0.000,0.000,0.00
1777903298,loop35,0.00,0.00,0.000,0.000,0.00
1777903298,loop36,0.00,0.00,0.000,0.000,0.00
1777903298,loop37,0.00,0.00,0.000,0.000,0.00
1777903298,loop38,0.00,0.00,0.000,0.000,0.00
1777903298,loop39,0.00,0.00,0.000,0.000,0.00
1777903298,loop4,0.00,0.00,0.000,0.000,0.00
1777903298,loop40,0.00,0.00,0.000,0.000,0.00
1777903298,loop5,0.00,0.00,0.000,0.000,0.00
1777903298,loop6,0.00,0.00,0.000,0.000,0.00
1777903298,loop7,0.00,0.00,0.000,0.000,0.00
1777903298,loop8,0.00,0.00,0.000,0.000,0.00
1777903298,loop9,0.00,0.00,0.000,0.000,0.00
1777903298,nvme0n1,0.00,0.00,0.000,0.000,0.80
1777903299,loop0,0.00,0.00,0.000,0.000,0.00
1777903299,loop1,0.00,0.00,0.000,0.000,0.00
1777903299,loop10,0.00,0.00,0.000,0.000,0.00
1777903299,loop11,0.00,0.00,0.000,0.000,0.00
1777903299,loop12,0.00,0.00,0.000,0.000,0.00
1777903299,loop13,0.00,0.00,0.000,0.000,0.00
1777903299,loop14,0.00,0.00,0.000,0.000,0.00
1777903299,loop15,0.00,0.00,0.000,0.000,0.00
1777903299,loop16,0.00,0.00,0.000,0.000,0.00
1777903299,loop17,0.00,0.00,0.000,0.000,0.00
1777903299,loop18,0.00,0.00,0.000,0.000,0.00
1777903299,loop19,0.00,0.00,0.000,0.000,0.00
1777903299,loop2,0.00,0.00,0.000,0.000,0.00
1777903299,loop20,0.00,0.00,0.000,0.000,0.00
1777903299,loop21,0.00,0.00,0.000,0.000,0.00
1777903299,loop22,0.00,0.00,0.000,0.000,0.00
1777903299,loop23,0.00,0.00,0.000,0.000,0.00
1777903299,loop24,0.00,0.00,0.000,0.000,0.00
1777903299,loop25,0.00,0.00,0.000,0.000,0.00
1777903299,loop26,0.00,0.00,0.000,0.000,0.00
1777903299,loop27,0.00,0.00,0.000,0.000,0.00
1777903299,loop28,0.00,0.00,0.000,0.000,0.00
1777903299,loop29,0.00,0.00,0.000,0.000,0.00
1777903299,loop3,0.00,0.00,0.000,0.000,0.00
1777903299,loop30,0.00,0.00,0.000,0.000,0.00
1777903299,loop31,0.00,0.00,0.000,0.000,0.00
1777903299,loop32,0.00,0.00,0.000,0.000,0.00
1777903299,loop33,0.00,0.00,0.000,0.000,0.00
1777903299,loop34,0.00,0.00,0.000,0.000,0.00
1777903299,loop35,0.00,0.00,0.000,0.000,0.00
1777903299,loop36,0.00,0.00,0.000,0.000,0.00
1777903299,loop37,0.00,0.00,0.000,0.000,0.00
1777903299,loop38,0.00,0.00,0.000,0.000,0.00
1777903299,loop39,0.00,0.00,0.000,0.000,0.00
1777903299,loop4,0.00,0.00,0.000,0.000,0.00
1777903299,loop40,0.00,0.00,0.000,0.000,0.00
1777903299,loop5,0.00,0.00,0.000,0.000,0.00
1777903299,loop6,0.00,0.00,0.000,0.000,0.00
1777903299,loop7,0.00,0.00,0.000,0.000,0.00
1777903299,loop8,0.00,0.00,0.000,0.000,0.00
1777903299,loop9,0.00,0.00,0.000,0.000,0.00
1777903299,nvme0n1,1.00,16.00,0.003,0.073,0.10
1777903300,loop0,0.00,0.00,0.000,0.000,0.00
1777903300,loop1,0.00,0.00,0.000,0.000,0.00
1777903300,loop10,0.00,0.00,0.000,0.000,0.00
1777903300,loop11,0.00,0.00,0.000,0.000,0.00
1777903300,loop12,0.00,0.00,0.000,0.000,0.00
1777903300,loop13,0.00,0.00,0.000,0.000,0.00
1777903300,loop14,0.00,0.00,0.000,0.000,0.00
1777903300,loop15,0.00,0.00,0.000,0.000,0.00
1777903300,loop16,0.00,0.00,0.000,0.000,0.00
1777903300,loop17,0.00,0.00,0.000,0.000,0.00
1777903300,loop18,0.00,0.00,0.000,0.000,0.00
1777903300,loop19,0.00,0.00,0.000,0.000,0.00
1777903300,loop2,0.00,0.00,0.000,0.000,0.00
1777903300,loop20,0.00,0.00,0.000,0.000,0.00
1777903300,loop21,0.00,0.00,0.000,0.000,0.00
1777903300,loop22,0.00,0.00,0.000,0.000,0.00
1777903300,loop23,0.00,0.00,0.000,0.000,0.00
1777903300,loop24,0.00,0.00,0.000,0.000,0.00
1777903300,loop25,0.00,0.00,0.000,0.000,0.00
1777903300,loop26,0.00,0.00,0.000,0.000,0.00
1777903300,loop27,0.00,0.00,0.000,0.000,0.00
1777903300,loop28,0.00,0.00,0.000,0.000,0.00
1777903300,loop29,0.00,0.00,0.000,0.000,0.00
1777903300,loop3,0.00,0.00,0.000,0.000,0.00
1777903300,loop30,0.00,0.00,0.000,0.000,0.00
1777903300,loop31,0.00,0.00,0.000,0.000,0.00
1777903300,loop32,0.00,0.00,0.000,0.000,0.00
1777903300,loop33,0.00,0.00,0.000,0.000,0.00
1777903300,loop34,0.00,0.00,0.000,0.000,0.00
1777903300,loop35,0.00,0.00,0.000,0.000,0.00
1777903300,loop36,0.00,0.00,0.000,0.000,0.00
1777903300,loop37,0.00,0.00,0.000,0.000,0.00
1777903300,loop38,0.00,0.00,0.000,0.000,0.00
1777903300,loop39,0.00,0.00,0.000,0.000,0.00
1777903300,loop4,0.00,0.00,0.000,0.000,0.00
1777903300,loop40,0.00,0.00,0.000,0.000,0.00
1777903300,loop5,0.00,0.00,0.000,0.000,0.00
1777903300,loop6,0.00,0.00,0.000,0.000,0.00
1777903300,loop7,0.00,0.00,0.000,0.000,0.00
1777903300,loop8,0.00,0.00,0.000,0.000,0.00
1777903300,loop9,0.00,0.00,0.000,0.000,0.00
1777903300,nvme0n1,4.00,16.00,0.000,0.000,0.10
1777903301,loop0,0.00,0.00,0.000,0.000,0.00
1777903301,loop1,0.00,0.00,0.000,0.000,0.00
1777903301,loop10,0.00,0.00,0.000,0.000,0.00
1777903301,loop11,0.00,0.00,0.000,0.000,0.00
1777903301,loop12,0.00,0.00,0.000,0.000,0.00
1777903301,loop13,0.00,0.00,0.000,0.000,0.00
1777903301,loop14,0.00,0.00,0.000,0.000,0.00
1777903301,loop15,0.00,0.00,0.000,0.000,0.00
1777903301,loop16,0.00,0.00,0.000,0.000,0.00
1777903301,loop17,0.00,0.00,0.000,0.000,0.00
1777903301,loop18,0.00,0.00,0.000,0.000,0.00
1777903301,loop19,0.00,0.00,0.000,0.000,0.00
1777903301,loop2,0.00,0.00,0.000,0.000,0.00
1777903301,loop20,0.00,0.00,0.000,0.000,0.00
1777903301,loop21,0.00,0.00,0.000,0.000,0.00
1777903301,loop22,0.00,0.00,0.000,0.000,0.00
1777903301,loop23,0.00,0.00,0.000,0.000,0.00
1777903301,loop24,0.00,0.00,0.000,0.000,0.00
1777903301,loop25,0.00,0.00,0.000,0.000,0.00
1777903301,loop26,0.00,0.00,0.000,0.000,0.00
1777903301,loop27,0.00,0.00,0.000,0.000,0.00
1777903301,loop28,0.00,0.00,0.000,0.000,0.00
1777903301,loop29,0.00,0.00,0.000,0.000,0.00
1777903301,loop3,0.00,0.00,0.000,0.000,0.00
1777903301,loop30,0.00,0.00,0.000,0.000,0.00
1777903301,loop31,0.00,0.00,0.000,0.000,0.00
1777903301,loop32,0.00,0.00,0.000,0.000,0.00
1777903301,loop33,0.00,0.00,0.000,0.000,0.00
1777903301,loop34,0.00,0.00,0.000,0.000,0.00
1777903301,loop35,0.00,0.00,0.000,0.000,0.00
1777903301,loop36,0.00,0.00,0.000,0.000,0.00
1777903301,loop37,0.00,0.00,0.000,0.000,0.00
1777903301,loop38,0.00,0.00,0.000,0.000,0.00
1777903301,loop39,0.00,0.00,0.000,0.000,0.00
1777903301,loop4,0.00,0.00,0.000,0.000,0.00
1777903301,loop40,0.00,0.00,0.000,0.000,0.00
1777903301,loop5,0.00,0.00,0.000,0.000,0.00
1777903301,loop6,0.00,0.00,0.000,0.000,0.00
1777903301,loop7,0.00,0.00,0.000,0.000,0.00
1777903301,loop8,0.00,0.00,0.000,0.000,0.00
1777903301,loop9,0.00,0.00,0.000,0.000,0.00
1777903301,nvme0n1,0.00,0.00,0.000,0.000,0.00
1777903302,loop0,0.00,0.00,0.000,0.000,0.00
1777903302,loop1,0.00,0.00,0.000,0.000,0.00
1777903302,loop10,0.00,0.00,0.000,0.000,0.00
1777903302,loop11,0.00,0.00,0.000,0.000,0.00
1777903302,loop12,0.00,0.00,0.000,0.000,0.00
1777903302,loop13,0.00,0.00,0.000,0.000,0.00
1777903302,loop14,0.00,0.00,0.000,0.000,0.00
1777903302,loop15,0.00,0.00,0.000,0.000,0.00
1777903302,loop16,0.00,0.00,0.000,0.000,0.00
1777903302,loop17,0.00,0.00,0.000,0.000,0.00
1777903302,loop18,0.00,0.00,0.000,0.000,0.00
1777903302,loop19,0.00,0.00,0.000,0.000,0.00
1777903302,loop2,0.00,0.00,0.000,0.000,0.00
1777903302,loop20,0.00,0.00,0.000,0.000,0.00
1777903302,loop21,0.00,0.00,0.000,0.000,0.00
1777903302,loop22,0.00,0.00,0.000,0.000,0.00
1777903302,loop23,0.00,0.00,0.000,0.000,0.00
1777903302,loop24,0.00,0.00,0.000,0.000,0.00
1777903302,loop25,0.00,0.00,0.000,0.000,0.00
1777903302,loop26,0.00,0.00,0.000,0.000,0.00
1777903302,loop27,0.00,0.00,0.000,0.000,0.00
1777903302,loop28,0.00,0.00,0.000,0.000,0.00
1777903302,loop29,0.00,0.00,0.000,0.000,0.00
1777903302,loop3,0.00,0.00,0.000,0.000,0.00
1777903302,loop30,0.00,0.00,0.000,0.000,0.00
1777903302,loop31,0.00,0.00,0.000,0.000,0.00
1777903302,loop32,0.00,0.00,0.000,0.000,0.00
1777903302,loop33,0.00,0.00,0.000,0.000,0.00
1777903302,loop34,0.00,0.00,0.000,0.000,0.00
1777903302,loop35,0.00,0.00,0.000,0.000,0.00
1777903302,loop36,0.00,0.00,0.000,0.000,0.00
1777903302,loop37,0.00,0.00,0.000,0.000,0.00
1777903302,loop38,0.00,0.00,0.000,0.000,0.00
1777903302,loop39,0.00,0.00,0.000,0.000,0.00
1777903302,loop4,0.00,0.00,0.000,0.000,0.00
1777903302,loop40,0.00,0.00,0.000,0.000,0.00
1777903302,loop5,0.00,0.00,0.000,0.000,0.00
1777903302,loop6,0.00,0.00,0.000,0.000,0.00
1777903302,loop7,0.00,0.00,0.000,0.000,0.00
1777903302,loop8,0.00,0.00,0.000,0.000,0.00
1777903302,loop9,0.00,0.00,0.000,0.000,0.00
1777903302,nvme0n1,0.00,0.00,0.000,0.000,0.00
1777903303,loop0,0.00,0.00,0.000,0.000,0.00
1777903303,loop1,0.00,0.00,0.000,0.000,0.00
1777903303,loop10,0.00,0.00,0.000,0.000,0.00
1777903303,loop11,0.00,0.00,0.000,0.000,0.00
1777903303,loop12,0.00,0.00,0.000,0.000,0.00
1777903303,loop13,0.00,0.00,0.000,0.000,0.00
1777903303,loop14,0.00,0.00,0.000,0.000,0.00
1777903303,loop15,0.00,0.00,0.000,0.000,0.00
1777903303,loop16,0.00,0.00,0.000,0.000,0.00
1777903303,loop17,0.00,0.00,0.000,0.000,0.00
1777903303,loop18,0.00,0.00,0.000,0.000,0.00
1777903303,loop19,0.00,0.00,0.000,0.000,0.00
1777903303,loop2,0.00,0.00,0.000,0.000,0.00
1777903303,loop20,0.00,0.00,0.000,0.000,0.00
1777903303,loop21,0.00,0.00,0.000,0.000,0.00
1777903303,loop22,0.00,0.00,0.000,0.000,0.00
1777903303,loop23,0.00,0.00,0.000,0.000,0.00
1777903303,loop24,0.00,0.00,0.000,0.000,0.00
1777903303,loop25,0.00,0.00,0.000,0.000,0.00
1777903303,loop26,0.00,0.00,0.000,0.000,0.00
1777903303,loop27,0.00,0.00,0.000,0.000,0.00
1777903303,loop28,0.00,0.00,0.000,0.000,0.00
1777903303,loop29,0.00,0.00,0.000,0.000,0.00
1777903303,loop3,0.00,0.00,0.000,0.000,0.00
1777903303,loop30,0.00,0.00,0.000,0.000,0.00
1777903303,loop31,0.00,0.00,0.000,0.000,0.00
1777903303,loop32,0.00,0.00,0.000,0.000,0.00
1777903303,loop33,0.00,0.00,0.000,0.000,0.00
1777903303,loop34,0.00,0.00,0.000,0.000,0.00
1777903303,loop35,0.00,0.00,0.000,0.000,0.00
1777903303,loop36,0.00,0.00,0.000,0.000,0.00
1777903303,loop37,0.00,0.00,0.000,0.000,0.00
1777903303,loop38,0.00,0.00,0.000,0.000,0.00
1777903303,loop39,0.00,0.00,0.000,0.000,0.00
1777903303,loop4,0.00,0.00,0.000,0.000,0.00
1777903303,loop40,0.00,0.00,0.000,0.000,0.00
1777903303,loop5,0.00,0.00,0.000,0.000,0.00
1777903303,loop6,0.00,0.00,0.000,0.000,0.00
1777903303,loop7,0.00,0.00,0.000,0.000,0.00
1777903303,loop8,0.00,0.00,0.000,0.000,0.00
1777903303,loop9,0.00,0.00,0.000,0.000,0.00
1777903303,nvme0n1,1.00,4.00,0.000,0.000,5.50
1777903304,loop0,0.00,0.00,0.000,0.000,0.00
1777903304,loop1,0.00,0.00,0.000,0.000,0.00
1777903304,loop10,0.00,0.00,0.000,0.000,0.00
1777903304,loop11,0.00,0.00,0.000,0.000,0.00
1777903304,loop12,0.00,0.00,0.000,0.000,0.00
1777903304,loop13,0.00,0.00,0.000,0.000,0.00
1777903304,loop14,0.00,0.00,0.000,0.000,0.00
1777903304,loop15,0.00,0.00,0.000,0.000,0.00
1777903304,loop16,0.00,0.00,0.000,0.000,0.00
1777903304,loop17,0.00,0.00,0.000,0.000,0.00
1777903304,loop18,0.00,0.00,0.000,0.000,0.00
1777903304,loop19,0.00,0.00,0.000,0.000,0.00
1777903304,loop2,0.00,0.00,0.000,0.000,0.00
1777903304,loop20,0.00,0.00,0.000,0.000,0.00
1777903304,loop21,0.00,0.00,0.000,0.000,0.00
1777903304,loop22,0.00,0.00,0.000,0.000,0.00
1777903304,loop23,0.00,0.00,0.000,0.000,0.00
1777903304,loop24,0.00,0.00,0.000,0.000,0.00
1777903304,loop25,0.00,0.00,0.000,0.000,0.00
1777903304,loop26,0.00,0.00,0.000,0.000,0.00
1777903304,loop27,0.00,0.00,0.000,0.000,0.00
1777903304,loop28,0.00,0.00,0.000,0.000,0.00
1777903304,loop29,0.00,0.00,0.000,0.000,0.00
1777903304,loop3,0.00,0.00,0.000,0.000,0.00
1777903304,loop30,0.00,0.00,0.000,0.000,0.00
1777903304,loop31,0.00,0.00,0.000,0.000,0.00
1777903304,loop32,0.00,0.00,0.000,0.000,0.00
1777903304,loop33,0.00,0.00,0.000,0.000,0.00
1777903304,loop34,0.00,0.00,0.000,0.000,0.00
1777903304,loop35,0.00,0.00,0.000,0.000,0.00
1777903304,loop36,0.00,0.00,0.000,0.000,0.00
1777903304,loop37,0.00,0.00,0.000,0.000,0.00
1777903304,loop38,0.00,0.00,0.000,0.000,0.00
1777903304,loop39,0.00,0.00,0.000,0.000,0.00
1777903304,loop4,0.00,0.00,0.000,0.000,0.00
1777903304,loop40,0.00,0.00,0.000,0.000,0.00
1777903304,loop5,0.00,0.00,0.000,0.000,0.00
1777903304,loop6,0.00,0.00,0.000,0.000,0.00
1777903304,loop7,0.00,0.00,0.000,0.000,0.00
1777903304,loop8,0.00,0.00,0.000,0.000,0.00
1777903304,loop9,0.00,0.00,0.000,0.000,0.00
1777903304,nvme0n1,31.00,140.00,0.004,0.011,0.80
1777903305,loop0,0.00,0.00,0.000,0.000,0.00
1777903305,loop1,0.00,0.00,0.000,0.000,0.00
1777903305,loop10,0.00,0.00,0.000,0.000,0.00
1777903305,loop11,0.00,0.00,0.000,0.000,0.00
1777903305,loop12,0.00,0.00,0.000,0.000,0.00
1777903305,loop13,0.00,0.00,0.000,0.000,0.00
1777903305,loop14,0.00,0.00,0.000,0.000,0.00
1777903305,loop15,0.00,0.00,0.000,0.000,0.00
1777903305,loop16,0.00,0.00,0.000,0.000,0.00
1777903305,loop17,0.00,0.00,0.000,0.000,0.00
1777903305,loop18,0.00,0.00,0.000,0.000,0.00
1777903305,loop19,0.00,0.00,0.000,0.000,0.00
1777903305,loop2,0.00,0.00,0.000,0.000,0.00
1777903305,loop20,0.00,0.00,0.000,0.000,0.00
1777903305,loop21,0.00,0.00,0.000,0.000,0.00
1777903305,loop22,0.00,0.00,0.000,0.000,0.00
1777903305,loop23,0.00,0.00,0.000,0.000,0.00
1777903305,loop24,0.00,0.00,0.000,0.000,0.00
1777903305,loop25,0.00,0.00,0.000,0.000,0.00
1777903305,loop26,0.00,0.00,0.000,0.000,0.00
1777903305,loop27,0.00,0.00,0.000,0.000,0.00
1777903305,loop28,0.00,0.00,0.000,0.000,0.00
1777903305,loop29,0.00,0.00,0.000,0.000,0.00
1777903305,loop3,0.00,0.00,0.000,0.000,0.00
1777903305,loop30,0.00,0.00,0.000,0.000,0.00
1777903305,loop31,0.00,0.00,0.000,0.000,0.00
1777903305,loop32,0.00,0.00,0.000,0.000,0.00
1777903305,loop33,0.00,0.00,0.000,0.000,0.00
1777903305,loop34,0.00,0.00,0.000,0.000,0.00
1777903305,loop35,0.00,0.00,0.000,0.000,0.00
1777903305,loop36,0.00,0.00,0.000,0.000,0.00
1777903305,loop37,0.00,0.00,0.000,0.000,0.00
1777903305,loop38,0.00,0.00,0.000,0.000,0.00
1777903305,loop39,0.00,0.00,0.000,0.000,0.00
1777903305,loop4,0.00,0.00,0.000,0.000,0.00
1777903305,loop40,0.00,0.00,0.000,0.000,0.00
1777903305,loop5,0.00,0.00,0.000,0.000,0.00
1777903305,loop6,0.00,0.00,0.000,0.000,0.00
1777903305,loop7,0.00,0.00,0.000,0.000,0.00
1777903305,loop8,0.00,0.00,0.000,0.000,0.00
1777903305,loop9,0.00,0.00,0.000,0.000,0.00
1777903305,nvme0n1,0.00,0.00,0.000,0.000,0.50
1777903306,loop0,0.00,0.00,0.000,0.000,0.00
1777903306,loop1,0.00,0.00,0.000,0.000,0.00
1777903306,loop10,0.00,0.00,0.000,0.000,0.00
1777903306,loop11,0.00,0.00,0.000,0.000,0.00
1777903306,loop12,0.00,0.00,0.000,0.000,0.00
1777903306,loop13,0.00,0.00,0.000,0.000,0.00
1777903306,loop14,0.00,0.00,0.000,0.000,0.00
1777903306,loop15,0.00,0.00,0.000,0.000,0.00
1777903306,loop16,0.00,0.00,0.000,0.000,0.00
1777903306,loop17,0.00,0.00,0.000,0.000,0.00
1777903306,loop18,0.00,0.00,0.000,0.000,0.00
1777903306,loop19,0.00,0.00,0.000,0.000,0.00
1777903306,loop2,0.00,0.00,0.000,0.000,0.00
1777903306,loop20,0.00,0.00,0.000,0.000,0.00
1777903306,loop21,0.00,0.00,0.000,0.000,0.00
1777903306,loop22,0.00,0.00,0.000,0.000,0.00
1777903306,loop23,0.00,0.00,0.000,0.000,0.00
1777903306,loop24,0.00,0.00,0.000,0.000,0.00
1777903306,loop25,0.00,0.00,0.000,0.000,0.00
1777903306,loop26,0.00,0.00,0.000,0.000,0.00
1777903306,loop27,0.00,0.00,0.000,0.000,0.00
1777903306,loop28,0.00,0.00,0.000,0.000,0.00
1777903306,loop29,0.00,0.00,0.000,0.000,0.00
1777903306,loop3,0.00,0.00,0.000,0.000,0.00
1777903306,loop30,0.00,0.00,0.000,0.000,0.00
1777903306,loop31,0.00,0.00,0.000,0.000,0.00
1777903306,loop32,0.00,0.00,0.000,0.000,0.00
1777903306,loop33,0.00,0.00,0.000,0.000,0.00
1777903306,loop34,0.00,0.00,0.000,0.000,0.00
1777903306,loop35,0.00,0.00,0.000,0.000,0.00
1777903306,loop36,0.00,0.00,0.000,0.000,0.00
1777903306,loop37,0.00,0.00,0.000,0.000,0.00
1777903306,loop38,0.00,0.00,0.000,0.000,0.00
1777903306,loop39,0.00,0.00,0.000,0.000,0.00
1777903306,loop4,0.00,0.00,0.000,0.000,0.00
1777903306,loop40,0.00,0.00,0.000,0.000,0.00
1777903306,loop5,0.00,0.00,0.000,0.000,0.00
1777903306,loop6,0.00,0.00,0.000,0.000,0.00
1777903306,loop7,0.00,0.00,0.000,0.000,0.00
1777903306,loop8,0.00,0.00,0.000,0.000,0.00
1777903306,loop9,0.00,0.00,0.000,0.000,0.00
1777903306,nvme0n1,0.00,0.00,0.000,0.000,0.00
1777903307,loop0,0.00,0.00,0.000,0.000,0.00
1777903307,loop1,0.00,0.00,0.000,0.000,0.00
1777903307,loop10,0.00,0.00,0.000,0.000,0.00
1777903307,loop11,0.00,0.00,0.000,0.000,0.00
1777903307,loop12,0.00,0.00,0.000,0.000,0.00
1777903307,loop13,0.00,0.00,0.000,0.000,0.00
1777903307,loop14,0.00,0.00,0.000,0.000,0.00
1777903307,loop15,0.00,0.00,0.000,0.000,0.00
1777903307,loop16,0.00,0.00,0.000,0.000,0.00
1777903307,loop17,0.00,0.00,0.000,0.000,0.00
1777903307,loop18,0.00,0.00,0.000,0.000,0.00
1777903307,loop19,0.00,0.00,0.000,0.000,0.00
1777903307,loop2,0.00,0.00,0.000,0.000,0.00
1777903307,loop20,0.00,0.00,0.000,0.000,0.00
1777903307,loop21,0.00,0.00,0.000,0.000,0.00
1777903307,loop22,0.00,0.00,0.000,0.000,0.00
1777903307,loop23,0.00,0.00,0.000,0.000,0.00
1777903307,loop24,0.00,0.00,0.000,0.000,0.00
1777903307,loop25,0.00,0.00,0.000,0.000,0.00
1777903307,loop26,0.00,0.00,0.000,0.000,0.00
1777903307,loop27,0.00,0.00,0.000,0.000,0.00
1777903307,loop28,0.00,0.00,0.000,0.000,0.00
1777903307,loop29,0.00,0.00,0.000,0.000,0.00
1777903307,loop3,0.00,0.00,0.000,0.000,0.00
1777903307,loop30,0.00,0.00,0.000,0.000,0.00
1777903307,loop31,0.00,0.00,0.000,0.000,0.00
1777903307,loop32,0.00,0.00,0.000,0.000,0.00
1777903307,loop33,0.00,0.00,0.000,0.000,0.00
1777903307,loop34,0.00,0.00,0.000,0.000,0.00
1777903307,loop35,0.00,0.00,0.000,0.000,0.00
1777903307,loop36,0.00,0.00,0.000,0.000,0.00
1777903307,loop37,0.00,0.00,0.000,0.000,0.00
1777903307,loop38,0.00,0.00,0.000,0.000,0.00
1777903307,loop39,0.00,0.00,0.000,0.000,0.00
1777903307,loop4,0.00,0.00,0.000,0.000,0.00
1777903307,loop40,0.00,0.00,0.000,0.000,0.00
1777903307,loop5,0.00,0.00,0.000,0.000,0.00
1777903307,loop6,0.00,0.00,0.000,0.000,0.00
1777903307,loop7,0.00,0.00,0.000,0.000,0.00
1777903307,loop8,0.00,0.00,0.000,0.000,0.00
1777903307,loop9,0.00,0.00,0.000,0.000,0.00
1777903307,nvme0n1,2.00,16.00,0.002,0.049,2.10
1777903308,loop0,0.00,0.00,0.000,0.000,0.00
1777903308,loop1,0.00,0.00,0.000,0.000,0.00
1777903308,loop10,0.00,0.00,0.000,0.000,0.00
1777903308,loop11,0.00,0.00,0.000,0.000,0.00
1777903308,loop12,0.00,0.00,0.000,0.000,0.00
1777903308,loop13,0.00,0.00,0.000,0.000,0.00
1777903308,loop14,0.00,0.00,0.000,0.000,0.00
1777903308,loop15,0.00,0.00,0.000,0.000,0.00
1777903308,loop16,0.00,0.00,0.000,0.000,0.00
1777903308,loop17,0.00,0.00,0.000,0.000,0.00
1777903308,loop18,0.00,0.00,0.000,0.000,0.00
1777903308,loop19,0.00,0.00,0.000,0.000,0.00
1777903308,loop2,0.00,0.00,0.000,0.000,0.00
1777903308,loop20,0.00,0.00,0.000,0.000,0.00
1777903308,loop21,0.00,0.00,0.000,0.000,0.00
1777903308,loop22,0.00,0.00,0.000,0.000,0.00
1777903308,loop23,0.00,0.00,0.000,0.000,0.00
1777903308,loop24,0.00,0.00,0.000,0.000,0.00
1777903308,loop25,0.00,0.00,0.000,0.000,0.00
1777903308,loop26,0.00,0.00,0.000,0.000,0.00
1777903308,loop27,0.00,0.00,0.000,0.000,0.00
1777903308,loop28,0.00,0.00,0.000,0.000,0.00
1777903308,loop29,0.00,0.00,0.000,0.000,0.00
1777903308,loop3,0.00,0.00,0.000,0.000,0.00
1777903308,loop30,0.00,0.00,0.000,0.000,0.00
1777903308,loop31,0.00,0.00,0.000,0.000,0.00
1777903308,loop32,0.00,0.00,0.000,0.000,0.00
1777903308,loop33,0.00,0.00,0.000,0.000,0.00
1777903308,loop34,0.00,0.00,0.000,0.000,0.00
1777903308,loop35,0.00,0.00,0.000,0.000,0.00
1777903308,loop36,0.00,0.00,0.000,0.000,0.00
1777903308,loop37,0.00,0.00,0.000,0.000,0.00
1777903308,loop38,0.00,0.00,0.000,0.000,0.00
1777903308,loop39,0.00,0.00,0.000,0.000,0.00
1777903308,loop4,0.00,0.00,0.000,0.000,0.00
1777903308,loop40,0.00,0.00,0.000,0.000,0.00
1777903308,loop5,0.00,0.00,0.000,0.000,0.00
1777903308,loop6,0.00,0.00,0.000,0.000,0.00
1777903308,loop7,0.00,0.00,0.000,0.000,0.00
1777903308,loop8,0.00,0.00,0.000,0.000,0.00
1777903308,loop9,0.00,0.00,0.000,0.000,0.00
1777903308,nvme0n1,0.00,0.00,0.000,0.000,0.00
1777903309,loop0,0.00,0.00,0.000,0.000,0.00
1777903309,loop1,0.00,0.00,0.000,0.000,0.00
1777903309,loop10,0.00,0.00,0.000,0.000,0.00
1777903309,loop11,0.00,0.00,0.000,0.000,0.00
1777903309,loop12,0.00,0.00,0.000,0.000,0.00
1777903309,loop13,0.00,0.00,0.000,0.000,0.00
1777903309,loop14,0.00,0.00,0.000,0.000,0.00
1777903309,loop15,0.00,0.00,0.000,0.000,0.00
1777903309,loop16,0.00,0.00,0.000,0.000,0.00
1777903309,loop17,0.00,0.00,0.000,0.000,0.00
1777903309,loop18,0.00,0.00,0.000,0.000,0.00
1777903309,loop19,0.00,0.00,0.000,0.000,0.00
1777903309,loop2,0.00,0.00,0.000,0.000,0.00
1777903309,loop20,0.00,0.00,0.000,0.000,0.00
1777903309,loop21,0.00,0.00,0.000,0.000,0.00
1777903309,loop22,0.00,0.00,0.000,0.000,0.00
1777903309,loop23,0.00,0.00,0.000,0.000,0.00
1777903309,loop24,0.00,0.00,0.000,0.000,0.00
1777903309,loop25,0.00,0.00,0.000,0.000,0.00
1777903309,loop26,0.00,0.00,0.000,0.000,0.00
1777903309,loop27,0.00,0.00,0.000,0.000,0.00
1777903309,loop28,0.00,0.00,0.000,0.000,0.00
1777903309,loop29,0.00,0.00,0.000,0.000,0.00
1777903309,loop3,0.00,0.00,0.000,0.000,0.00
1777903309,loop30,0.00,0.00,0.000,0.000,0.00
1777903309,loop31,0.00,0.00,0.000,0.000,0.00
1777903309,loop32,0.00,0.00,0.000,0.000,0.00
1777903309,loop33,0.00,0.00,0.000,0.000,0.00
1777903309,loop34,0.00,0.00,0.000,0.000,0.00
1777903309,loop35,0.00,0.00,0.000,0.000,0.00
1777903309,loop36,0.00,0.00,0.000,0.000,0.00
1777903309,loop37,0.00,0.00,0.000,0.000,0.00
1777903309,loop38,0.00,0.00,0.000,0.000,0.00
1777903309,loop39,0.00,0.00,0.000,0.000,0.00
1777903309,loop4,0.00,0.00,0.000,0.000,0.00
1777903309,loop40,0.00,0.00,0.000,0.000,0.00
1777903309,loop5,0.00,0.00,0.000,0.000,0.00
1777903309,loop6,0.00,0.00,0.000,0.000,0.00
1777903309,loop7,0.00,0.00,0.000,0.000,0.00
1777903309,loop8,0.00,0.00,0.000,0.000,0.00
1777903309,loop9,0.00,0.00,0.000,0.000,0.00
1777903309,nvme0n1,2.00,8.00,0.000,0.000,0.10
1777903310,loop0,0.00,0.00,0.000,0.000,0.00
1777903310,loop1,0.00,0.00,0.000,0.000,0.00
1777903310,loop10,0.00,0.00,0.000,0.000,0.00
1777903310,loop11,0.00,0.00,0.000,0.000,0.00
1777903310,loop12,0.00,0.00,0.000,0.000,0.00
1777903310,loop13,0.00,0.00,0.000,0.000,0.00
1777903310,loop14,0.00,0.00,0.000,0.000,0.00
1777903310,loop15,0.00,0.00,0.000,0.000,0.00
1777903310,loop16,0.00,0.00,0.000,0.000,0.00
1777903310,loop17,0.00,0.00,0.000,0.000,0.00
1777903310,loop18,0.00,0.00,0.000,0.000,0.00
1777903310,loop19,0.00,0.00,0.000,0.000,0.00
1777903310,loop2,0.00,0.00,0.000,0.000,0.00
1777903310,loop20,0.00,0.00,0.000,0.000,0.00
1777903310,loop21,0.00,0.00,0.000,0.000,0.00
1777903310,loop22,0.00,0.00,0.000,0.000,0.00
1777903310,loop23,0.00,0.00,0.000,0.000,0.00
1777903310,loop24,0.00,0.00,0.000,0.000,0.00
1777903310,loop25,0.00,0.00,0.000,0.000,0.00
1777903310,loop26,0.00,0.00,0.000,0.000,0.00
1777903310,loop27,0.00,0.00,0.000,0.000,0.00
1777903310,loop28,0.00,0.00,0.000,0.000,0.00
1777903310,loop29,0.00,0.00,0.000,0.000,0.00
1777903310,loop3,0.00,0.00,0.000,0.000,0.00
1777903310,loop30,0.00,0.00,0.000,0.000,0.00
1777903310,loop31,0.00,0.00,0.000,0.000,0.00
1777903310,loop32,0.00,0.00,0.000,0.000,0.00
1777903310,loop33,0.00,0.00,0.000,0.000,0.00
1777903310,loop34,0.00,0.00,0.000,0.000,0.00
1777903310,loop35,0.00,0.00,0.000,0.000,0.00
1777903310,loop36,0.00,0.00,0.000,0.000,0.00
1777903310,loop37,0.00,0.00,0.000,0.000,0.00
1777903310,loop38,0.00,0.00,0.000,0.000,0.00
1777903310,loop39,0.00,0.00,0.000,0.000,0.00
1777903310,loop4,0.00,0.00,0.000,0.000,0.00
1777903310,loop40,0.00,0.00,0.000,0.000,0.00
1777903310,loop5,0.00,0.00,0.000,0.000,0.00
1777903310,loop6,0.00,0.00,0.000,0.000,0.00
1777903310,loop7,0.00,0.00,0.000,0.000,0.00
1777903310,loop8,0.00,0.00,0.000,0.000,0.00
1777903310,loop9,0.00,0.00,0.000,0.000,0.00
1777903310,nvme0n1,0.00,0.00,0.000,0.000,0.30
1777903311,loop0,0.00,0.00,0.000,0.000,0.00
1777903311,loop1,0.00,0.00,0.000,0.000,0.00
1777903311,loop10,0.00,0.00,0.000,0.000,0.00
1777903311,loop11,0.00,0.00,0.000,0.000,0.00
1777903311,loop12,0.00,0.00,0.000,0.000,0.00
1777903311,loop13,0.00,0.00,0.000,0.000,0.00
1777903311,loop14,0.00,0.00,0.000,0.000,0.00
1777903311,loop15,0.00,0.00,0.000,0.000,0.00
1777903311,loop16,0.00,0.00,0.000,0.000,0.00
1777903311,loop17,0.00,0.00,0.000,0.000,0.00
1777903311,loop18,0.00,0.00,0.000,0.000,0.00
1777903311,loop19,0.00,0.00,0.000,0.000,0.00
1777903311,loop2,0.00,0.00,0.000,0.000,0.00
1777903311,loop20,0.00,0.00,0.000,0.000,0.00
1777903311,loop21,0.00,0.00,0.000,0.000,0.00
1777903311,loop22,0.00,0.00,0.000,0.000,0.00
1777903311,loop23,0.00,0.00,0.000,0.000,0.00
1777903311,loop24,0.00,0.00,0.000,0.000,0.00
1777903311,loop25,0.00,0.00,0.000,0.000,0.00
1777903311,loop26,0.00,0.00,0.000,0.000,0.00
1777903311,loop27,0.00,0.00,0.000,0.000,0.00
1777903311,loop28,0.00,0.00,0.000,0.000,0.00
1777903311,loop29,0.00,0.00,0.000,0.000,0.00
1777903311,loop3,0.00,0.00,0.000,0.000,0.00
1777903311,loop30,0.00,0.00,0.000,0.000,0.00
1777903311,loop31,0.00,0.00,0.000,0.000,0.00
1777903311,loop32,0.00,0.00,0.000,0.000,0.00
1777903311,loop33,0.00,0.00,0.000,0.000,0.00
1777903311,loop34,0.00,0.00,0.000,0.000,0.00
1777903311,loop35,0.00,0.00,0.000,0.000,0.00
1777903311,loop36,0.00,0.00,0.000,0.000,0.00
1777903311,loop37,0.00,0.00,0.000,0.000,0.00
1777903311,loop38,0.00,0.00,0.000,0.000,0.00
1777903311,loop39,0.00,0.00,0.000,0.000,0.00
1777903311,loop4,0.00,0.00,0.000,0.000,0.00
1777903311,loop40,0.00,0.00,0.000,0.000,0.00
1777903311,loop5,0.00,0.00,0.000,0.000,0.00
1777903311,loop6,0.00,0.00,0.000,0.000,0.00
1777903311,loop7,0.00,0.00,0.000,0.000,0.00
1777903311,loop8,0.00,0.00,0.000,0.000,0.00
1777903311,loop9,0.00,0.00,0.000,0.000,0.00
1777903311,nvme0n1,0.00,0.00,0.000,0.000,0.60
1777903312,loop0,0.00,0.00,0.000,0.000,0.00
1777903312,loop1,0.00,0.00,0.000,0.000,0.00
1777903312,loop10,0.00,0.00,0.000,0.000,0.00
1777903312,loop11,0.00,0.00,0.000,0.000,0.00
1777903312,loop12,0.00,0.00,0.000,0.000,0.00
1777903312,loop13,0.00,0.00,0.000,0.000,0.00
1777903312,loop14,0.00,0.00,0.000,0.000,0.00
1777903312,loop15,0.00,0.00,0.000,0.000,0.00
1777903312,loop16,0.00,0.00,0.000,0.000,0.00
1777903312,loop17,0.00,0.00,0.000,0.000,0.00
1777903312,loop18,0.00,0.00,0.000,0.000,0.00
1777903312,loop19,0.00,0.00,0.000,0.000,0.00
1777903312,loop2,0.00,0.00,0.000,0.000,0.00
1777903312,loop20,0.00,0.00,0.000,0.000,0.00
1777903312,loop21,0.00,0.00,0.000,0.000,0.00
1777903312,loop22,0.00,0.00,0.000,0.000,0.00
1777903312,loop23,0.00,0.00,0.000,0.000,0.00
1777903312,loop24,0.00,0.00,0.000,0.000,0.00
1777903312,loop25,0.00,0.00,0.000,0.000,0.00
1777903312,loop26,0.00,0.00,0.000,0.000,0.00
1777903312,loop27,0.00,0.00,0.000,0.000,0.00
1777903312,loop28,0.00,0.00,0.000,0.000,0.00
1777903312,loop29,0.00,0.00,0.000,0.000,0.00
1777903312,loop3,0.00,0.00,0.000,0.000,0.00
1777903312,loop30,0.00,0.00,0.000,0.000,0.00
1777903312,loop31,0.00,0.00,0.000,0.000,0.00
1777903312,loop32,0.00,0.00,0.000,0.000,0.00
1777903312,loop33,0.00,0.00,0.000,0.000,0.00
1777903312,loop34,0.00,0.00,0.000,0.000,0.00
1777903312,loop35,0.00,0.00,0.000,0.000,0.00
1777903312,loop36,0.00,0.00,0.000,0.000,0.00
1777903312,loop37,0.00,0.00,0.000,0.000,0.00
1777903312,loop38,0.00,0.00,0.000,0.000,0.00
1777903312,loop39,0.00,0.00,0.000,0.000,0.00
1777903312,loop4,0.00,0.00,0.000,0.000,0.00
1777903312,loop40,0.00,0.00,0.000,0.000,0.00
1777903312,loop5,0.00,0.00,0.000,0.000,0.00
1777903312,loop6,0.00,0.00,0.000,0.000,0.00
1777903312,loop7,0.00,0.00,0.000,0.000,0.00
1777903312,loop8,0.00,0.00,0.000,0.000,0.00
1777903312,loop9,0.00,0.00,0.000,0.000,0.00
1777903312,nvme0n1,0.00,0.00,0.000,0.000,0.10
1777903313,loop0,0.00,0.00,0.000,0.000,0.00
1777903313,loop1,0.00,0.00,0.000,0.000,0.00
1777903313,loop10,0.00,0.00,0.000,0.000,0.00
1777903313,loop11,0.00,0.00,0.000,0.000,0.00
1777903313,loop12,0.00,0.00,0.000,0.000,0.00
1777903313,loop13,0.00,0.00,0.000,0.000,0.00
1777903313,loop14,0.00,0.00,0.000,0.000,0.00
1777903313,loop15,0.00,0.00,0.000,0.000,0.00
1777903313,loop16,0.00,0.00,0.000,0.000,0.00
1777903313,loop17,0.00,0.00,0.000,0.000,0.00
1777903313,loop18,0.00,0.00,0.000,0.000,0.00
1777903313,loop19,0.00,0.00,0.000,0.000,0.00
1777903313,loop2,0.00,0.00,0.000,0.000,0.00
1777903313,loop20,0.00,0.00,0.000,0.000,0.00
1777903313,loop21,0.00,0.00,0.000,0.000,0.00
1777903313,loop22,0.00,0.00,0.000,0.000,0.00
1777903313,loop23,0.00,0.00,0.000,0.000,0.00
1777903313,loop24,0.00,0.00,0.000,0.000,0.00
1777903313,loop25,0.00,0.00,0.000,0.000,0.00
1777903313,loop26,0.00,0.00,0.000,0.000,0.00
1777903313,loop27,0.00,0.00,0.000,0.000,0.00
1777903313,loop28,0.00,0.00,0.000,0.000,0.00
1777903313,loop29,0.00,0.00,0.000,0.000,0.00
1777903313,loop3,0.00,0.00,0.000,0.000,0.00
1777903313,loop30,0.00,0.00,0.000,0.000,0.00
1777903313,loop31,0.00,0.00,0.000,0.000,0.00
1777903313,loop32,0.00,0.00,0.000,0.000,0.00
1777903313,loop33,0.00,0.00,0.000,0.000,0.00
1777903313,loop34,0.00,0.00,0.000,0.000,0.00
1777903313,loop35,0.00,0.00,0.000,0.000,0.00
1777903313,loop36,0.00,0.00,0.000,0.000,0.00
1777903313,loop37,0.00,0.00,0.000,0.000,0.00
1777903313,loop38,0.00,0.00,0.000,0.000,0.00
1777903313,loop39,0.00,0.00,0.000,0.000,0.00
1777903313,loop4,0.00,0.00,0.000,0.000,0.00
1777903313,loop40,0.00,0.00,0.000,0.000,0.00
1777903313,loop5,0.00,0.00,0.000,0.000,0.00
1777903313,loop6,0.00,0.00,0.000,0.000,0.00
1777903313,loop7,0.00,0.00,0.000,0.000,0.00
1777903313,loop8,0.00,0.00,0.000,0.000,0.00
1777903313,loop9,0.00,0.00,0.000,0.000,0.00
1777903313,nvme0n1,0.00,0.00,0.000,0.000,0.00
1777903314,loop0,0.00,0.00,0.000,0.000,0.00
1777903314,loop1,0.00,0.00,0.000,0.000,0.00
1777903314,loop10,0.00,0.00,0.000,0.000,0.00
1777903314,loop11,0.00,0.00,0.000,0.000,0.00
1777903314,loop12,0.00,0.00,0.000,0.000,0.00
1777903314,loop13,0.00,0.00,0.000,0.000,0.00
1777903314,loop14,0.00,0.00,0.000,0.000,0.00
1777903314,loop15,0.00,0.00,0.000,0.000,0.00
1777903314,loop16,0.00,0.00,0.000,0.000,0.00
1777903314,loop17,0.00,0.00,0.000,0.000,0.00
1777903314,loop18,0.00,0.00,0.000,0.000,0.00
1777903314,loop19,0.00,0.00,0.000,0.000,0.00
1777903314,loop2,0.00,0.00,0.000,0.000,0.00
1777903314,loop20,0.00,0.00,0.000,0.000,0.00
1777903314,loop21,0.00,0.00,0.000,0.000,0.00
1777903314,loop22,0.00,0.00,0.000,0.000,0.00
1777903314,loop23,0.00,0.00,0.000,0.000,0.00
1777903314,loop24,0.00,0.00,0.000,0.000,0.00
1777903314,loop25,0.00,0.00,0.000,0.000,0.00
1777903314,loop26,0.00,0.00,0.000,0.000,0.00
1777903314,loop27,0.00,0.00,0.000,0.000,0.00
1777903314,loop28,0.00,0.00,0.000,0.000,0.00
1777903314,loop29,0.00,0.00,0.000,0.000,0.00
1777903314,loop3,0.00,0.00,0.000,0.000,0.00
1777903314,loop30,0.00,0.00,0.000,0.000,0.00
1777903314,loop31,0.00,0.00,0.000,0.000,0.00
1777903314,loop32,0.00,0.00,0.000,0.000,0.00
1777903314,loop33,0.00,0.00,0.000,0.000,0.00
1777903314,loop34,0.00,0.00,0.000,0.000,0.00
1777903314,loop35,0.00,0.00,0.000,0.000,0.00
1777903314,loop36,0.00,0.00,0.000,0.000,0.00
1777903314,loop37,0.00,0.00,0.000,0.000,0.00
1777903314,loop38,0.00,0.00,0.000,0.000,0.00
1777903314,loop39,0.00,0.00,0.000,0.000,0.00
1777903314,loop4,0.00,0.00,0.000,0.000,0.00
1777903314,loop40,0.00,0.00,0.000,0.000,0.00
1777903314,loop5,0.00,0.00,0.000,0.000,0.00
1777903314,loop6,0.00,0.00,0.000,0.000,0.00
1777903314,loop7,0.00,0.00,0.000,0.000,0.00
1777903314,loop8,0.00,0.00,0.000,0.000,0.00
1777903314,loop9,0.00,0.00,0.000,0.000,0.00
1777903314,nvme0n1,0.00,0.00,0.000,0.000,0.00
1777903315,loop0,0.00,0.00,0.000,0.000,0.00
1777903315,loop1,0.00,0.00,0.000,0.000,0.00
1777903315,loop10,0.00,0.00,0.000,0.000,0.00
1777903315,loop11,0.00,0.00,0.000,0.000,0.00
1777903315,loop12,0.00,0.00,0.000,0.000,0.00
1777903315,loop13,0.00,0.00,0.000,0.000,0.00
1777903315,loop14,0.00,0.00,0.000,0.000,0.00
1777903315,loop15,0.00,0.00,0.000,0.000,0.00
1777903315,loop16,0.00,0.00,0.000,0.000,0.00
1777903315,loop17,0.00,0.00,0.000,0.000,0.00
1777903315,loop18,0.00,0.00,0.000,0.000,0.00
1777903315,loop19,0.00,0.00,0.000,0.000,0.00
1777903315,loop2,0.00,0.00,0.000,0.000,0.00
1777903315,loop20,0.00,0.00,0.000,0.000,0.00
1777903315,loop21,0.00,0.00,0.000,0.000,0.00
1777903315,loop22,0.00,0.00,0.000,0.000,0.00
1777903315,loop23,0.00,0.00,0.000,0.000,0.00
1777903315,loop24,0.00,0.00,0.000,0.000,0.00
1777903315,loop25,0.00,0.00,0.000,0.000,0.00
1777903315,loop26,0.00,0.00,0.000,0.000,0.00
1777903315,loop27,0.00,0.00,0.000,0.000,0.00
1777903315,loop28,0.00,0.00,0.000,0.000,0.00
1777903315,loop29,0.00,0.00,0.000,0.000,0.00
1777903315,loop3,0.00,0.00,0.000,0.000,0.00
1777903315,loop30,0.00,0.00,0.000,0.000,0.00
1777903315,loop31,0.00,0.00,0.000,0.000,0.00
1777903315,loop32,0.00,0.00,0.000,0.000,0.00
1777903315,loop33,0.00,0.00,0.000,0.000,0.00
1777903315,loop34,0.00,0.00,0.000,0.000,0.00
1777903315,loop35,0.00,0.00,0.000,0.000,0.00
1777903315,loop36,0.00,0.00,0.000,0.000,0.00
1777903315,loop37,0.00,0.00,0.000,0.000,0.00
1777903315,loop38,0.00,0.00,0.000,0.000,0.00
1777903315,loop39,0.00,0.00,0.000,0.000,0.00
1777903315,loop4,0.00,0.00,0.000,0.000,0.00
1777903315,loop40,0.00,0.00,0.000,0.000,0.00
1777903315,loop5,0.00,0.00,0.000,0.000,0.00
1777903315,loop6,0.00,0.00,0.000,0.000,0.00
1777903315,loop7,0.00,0.00,0.000,0.000,0.00
1777903315,loop8,0.00,0.00,0.000,0.000,0.00
1777903315,loop9,0.00,0.00,0.000,0.000,0.00
1777903315,nvme0n1,0.00,0.00,0.000,0.000,0.00
1777903316,loop0,0.00,0.00,0.000,0.000,0.00
1777903316,loop1,0.00,0.00,0.000,0.000,0.00
1777903316,loop10,0.00,0.00,0.000,0.000,0.00
1777903316,loop11,0.00,0.00,0.000,0.000,0.00
1777903316,loop12,0.00,0.00,0.000,0.000,0.00
1777903316,loop13,0.00,0.00,0.000,0.000,0.00
1777903316,loop14,0.00,0.00,0.000,0.000,0.00
1777903316,loop15,0.00,0.00,0.000,0.000,0.00
1777903316,loop16,0.00,0.00,0.000,0.000,0.00
1777903316,loop17,0.00,0.00,0.000,0.000,0.00
1777903316,loop18,0.00,0.00,0.000,0.000,0.00
1777903316,loop19,0.00,0.00,0.000,0.000,0.00
1777903316,loop2,0.00,0.00,0.000,0.000,0.00
1777903316,loop20,0.00,0.00,0.000,0.000,0.00
1777903316,loop21,0.00,0.00,0.000,0.000,0.00
1777903316,loop22,0.00,0.00,0.000,0.000,0.00
1777903316,loop23,0.00,0.00,0.000,0.000,0.00
1777903316,loop24,0.00,0.00,0.000,0.000,0.00
1777903316,loop25,0.00,0.00,0.000,0.000,0.00
1777903316,loop26,0.00,0.00,0.000,0.000,0.00
1777903316,loop27,0.00,0.00,0.000,0.000,0.00
1777903316,loop28,0.00,0.00,0.000,0.000,0.00
1777903316,loop29,0.00,0.00,0.000,0.000,0.00
1777903316,loop3,0.00,0.00,0.000,0.000,0.00
1777903316,loop30,0.00,0.00,0.000,0.000,0.00
1777903316,loop31,0.00,0.00,0.000,0.000,0.00
1777903316,loop32,0.00,0.00,0.000,0.000,0.00
1777903316,loop33,0.00,0.00,0.000,0.000,0.00
1777903316,loop34,0.00,0.00,0.000,0.000,0.00
1777903316,loop35,0.00,0.00,0.000,0.000,0.00
1777903316,loop36,0.00,0.00,0.000,0.000,0.00
1777903316,loop37,0.00,0.00,0.000,0.000,0.00
1777903316,loop38,0.00,0.00,0.000,0.000,0.00
1777903316,loop39,0.00,0.00,0.000,0.000,0.00
1777903316,loop4,0.00,0.00,0.000,0.000,0.00
1777903316,loop40,0.00,0.00,0.000,0.000,0.00
1777903316,loop5,0.00,0.00,0.000,0.000,0.00
1777903316,loop6,0.00,0.00,0.000,0.000,0.00
1777903316,loop7,0.00,0.00,0.000,0.000,0.00
1777903316,loop8,0.00,0.00,0.000,0.000,0.00
1777903316,loop9,0.00,0.00,0.000,0.000,0.00
1777903316,nvme0n1,0.00,0.00,0.000,0.000,5.70
1777903317,loop0,0.00,0.00,0.000,0.000,0.00
1777903317,loop1,0.00,0.00,0.000,0.000,0.00
1777903317,loop10,0.00,0.00,0.000,0.000,0.00
1777903317,loop11,0.00,0.00,0.000,0.000,0.00
1777903317,loop12,0.00,0.00,0.000,0.000,0.00
1777903317,loop13,0.00,0.00,0.000,0.000,0.00
1777903317,loop14,0.00,0.00,0.000,0.000,0.00
1777903317,loop15,0.00,0.00,0.000,0.000,0.00
1777903317,loop16,0.00,0.00,0.000,0.000,0.00
1777903317,loop17,0.00,0.00,0.000,0.000,0.00
1777903317,loop18,0.00,0.00,0.000,0.000,0.00
1777903317,loop19,0.00,0.00,0.000,0.000,0.00
1777903317,loop2,0.00,0.00,0.000,0.000,0.00
1777903317,loop20,0.00,0.00,0.000,0.000,0.00
1777903317,loop21,0.00,0.00,0.000,0.000,0.00
1777903317,loop22,0.00,0.00,0.000,0.000,0.00
1777903317,loop23,0.00,0.00,0.000,0.000,0.00
1777903317,loop24,0.00,0.00,0.000,0.000,0.00
1777903317,loop25,0.00,0.00,0.000,0.000,0.00
1777903317,loop26,0.00,0.00,0.000,0.000,0.00
1777903317,loop27,0.00,0.00,0.000,0.000,0.00
1777903317,loop28,0.00,0.00,0.000,0.000,0.00
1777903317,loop29,0.00,0.00,0.000,0.000,0.00
1777903317,loop3,0.00,0.00,0.000,0.000,0.00
1777903317,loop30,0.00,0.00,0.000,0.000,0.00
1777903317,loop31,0.00,0.00,0.000,0.000,0.00
1777903317,loop32,0.00,0.00,0.000,0.000,0.00
1777903317,loop33,0.00,0.00,0.000,0.000,0.00
1777903317,loop34,0.00,0.00,0.000,0.000,0.00
1777903317,loop35,0.00,0.00,0.000,0.000,0.00
1777903317,loop36,0.00,0.00,0.000,0.000,0.00
1777903317,loop37,0.00,0.00,0.000,0.000,0.00
1777903317,loop38,0.00,0.00,0.000,0.000,0.00
1777903317,loop39,0.00,0.00,0.000,0.000,0.00
1777903317,loop4,0.00,0.00,0.000,0.000,0.00
1777903317,loop40,0.00,0.00,0.000,0.000,0.00
1777903317,loop5,0.00,0.00,0.000,0.000,0.00
1777903317,loop6,0.00,0.00,0.000,0.000,0.00
1777903317,loop7,0.00,0.00,0.000,0.000,0.00
1777903317,loop8,0.00,0.00,0.000,0.000,0.00
1777903317,loop9,0.00,0.00,0.000,0.000,0.00
1777903317,nvme0n1,0.00,0.00,0.000,0.000,0.00
1777903318,loop0,0.00,0.00,0.000,0.000,0.00
1777903318,loop1,0.00,0.00,0.000,0.000,0.00
1777903318,loop10,0.00,0.00,0.000,0.000,0.00
1777903318,loop11,0.00,0.00,0.000,0.000,0.00
1777903318,loop12,0.00,0.00,0.000,0.000,0.00
1777903318,loop13,0.00,0.00,0.000,0.000,0.00
1777903318,loop14,0.00,0.00,0.000,0.000,0.00
1777903318,loop15,0.00,0.00,0.000,0.000,0.00
1777903318,loop16,0.00,0.00,0.000,0.000,0.00
1777903318,loop17,0.00,0.00,0.000,0.000,0.00
1777903318,loop18,0.00,0.00,0.000,0.000,0.00
1777903318,loop19,0.00,0.00,0.000,0.000,0.00
1777903318,loop2,0.00,0.00,0.000,0.000,0.00
1777903318,loop20,0.00,0.00,0.000,0.000,0.00
1777903318,loop21,0.00,0.00,0.000,0.000,0.00
1777903318,loop22,0.00,0.00,0.000,0.000,0.00
1777903318,loop23,0.00,0.00,0.000,0.000,0.00
1777903318,loop24,0.00,0.00,0.000,0.000,0.00
1777903318,loop25,0.00,0.00,0.000,0.000,0.00
1777903318,loop26,0.00,0.00,0.000,0.000,0.00
1777903318,loop27,0.00,0.00,0.000,0.000,0.00
1777903318,loop28,0.00,0.00,0.000,0.000,0.00
1777903318,loop29,0.00,0.00,0.000,0.000,0.00
1777903318,loop3,0.00,0.00,0.000,0.000,0.00
1777903318,loop30,0.00,0.00,0.000,0.000,0.00
1777903318,loop31,0.00,0.00,0.000,0.000,0.00
1777903318,loop32,0.00,0.00,0.000,0.000,0.00
1777903318,loop33,0.00,0.00,0.000,0.000,0.00
1777903318,loop34,0.00,0.00,0.000,0.000,0.00
1777903318,loop35,0.00,0.00,0.000,0.000,0.00
1777903318,loop36,0.00,0.00,0.000,0.000,0.00
1777903318,loop37,0.00,0.00,0.000,0.000,0.00
1777903318,loop38,0.00,0.00,0.000,0.000,0.00
1777903318,loop39,0.00,0.00,0.000,0.000,0.00
1777903318,loop4,0.00,0.00,0.000,0.000,0.00
1777903318,loop40,0.00,0.00,0.000,0.000,0.00
1777903318,loop5,0.00,0.00,0.000,0.000,0.00
1777903318,loop6,0.00,0.00,0.000,0.000,0.00
1777903318,loop7,0.00,0.00,0.000,0.000,0.00
1777903318,loop8,0.00,0.00,0.000,0.000,0.00
1777903318,loop9,0.00,0.00,0.000,0.000,0.00
1777903318,nvme0n1,0.00,0.00,0.000,0.000,5.30
1777903319,loop0,0.00,0.00,0.000,0.000,0.00
1777903319,loop1,0.00,0.00,0.000,0.000,0.00
1777903319,loop10,0.00,0.00,0.000,0.000,0.00
1777903319,loop11,0.00,0.00,0.000,0.000,0.00
1777903319,loop12,0.00,0.00,0.000,0.000,0.00
1777903319,loop13,0.00,0.00,0.000,0.000,0.00
1777903319,loop14,0.00,0.00,0.000,0.000,0.00
1777903319,loop15,0.00,0.00,0.000,0.000,0.00
1777903319,loop16,0.00,0.00,0.000,0.000,0.00
1777903319,loop17,0.00,0.00,0.000,0.000,0.00
1777903319,loop18,0.00,0.00,0.000,0.000,0.00
1777903319,loop19,0.00,0.00,0.000,0.000,0.00
1777903319,loop2,0.00,0.00,0.000,0.000,0.00
1777903319,loop20,0.00,0.00,0.000,0.000,0.00
1777903319,loop21,0.00,0.00,0.000,0.000,0.00
1777903319,loop22,0.00,0.00,0.000,0.000,0.00
1777903319,loop23,0.00,0.00,0.000,0.000,0.00
1777903319,loop24,0.00,0.00,0.000,0.000,0.00
1777903319,loop25,0.00,0.00,0.000,0.000,0.00
1777903319,loop26,0.00,0.00,0.000,0.000,0.00
1777903319,loop27,0.00,0.00,0.000,0.000,0.00
1777903319,loop28,0.00,0.00,0.000,0.000,0.00
1777903319,loop29,0.00,0.00,0.000,0.000,0.00
1777903319,loop3,0.00,0.00,0.000,0.000,0.00
1777903319,loop30,0.00,0.00,0.000,0.000,0.00
1777903319,loop31,0.00,0.00,0.000,0.000,0.00
1777903319,loop32,0.00,0.00,0.000,0.000,0.00
1777903319,loop33,0.00,0.00,0.000,0.000,0.00
1777903319,loop34,0.00,0.00,0.000,0.000,0.00
1777903319,loop35,0.00,0.00,0.000,0.000,0.00
1777903319,loop36,0.00,0.00,0.000,0.000,0.00
1777903319,loop37,0.00,0.00,0.000,0.000,0.00
1777903319,loop38,0.00,0.00,0.000,0.000,0.00
1777903319,loop39,0.00,0.00,0.000,0.000,0.00
1777903319,loop4,0.00,0.00,0.000,0.000,0.00
1777903319,loop40,0.00,0.00,0.000,0.000,0.00
1777903319,loop5,0.00,0.00,0.000,0.000,0.00
1777903319,loop6,0.00,0.00,0.000,0.000,0.00
1777903319,loop7,0.00,0.00,0.000,0.000,0.00
1777903319,loop8,0.00,0.00,0.000,0.000,0.00
1777903319,loop9,0.00,0.00,0.000,0.000,0.00
1777903319,nvme0n1,0.00,0.00,0.000,0.000,0.10
1777903320,loop0,0.00,0.00,0.000,0.000,0.00
1777903320,loop1,0.00,0.00,0.000,0.000,0.00
1777903320,loop10,0.00,0.00,0.000,0.000,0.00
1777903320,loop11,0.00,0.00,0.000,0.000,0.00
1777903320,loop12,0.00,0.00,0.000,0.000,0.00
1777903320,loop13,0.00,0.00,0.000,0.000,0.00
1777903320,loop14,0.00,0.00,0.000,0.000,0.00
1777903320,loop15,0.00,0.00,0.000,0.000,0.00
1777903320,loop16,0.00,0.00,0.000,0.000,0.00
1777903320,loop17,0.00,0.00,0.000,0.000,0.00
1777903320,loop18,0.00,0.00,0.000,0.000,0.00
1777903320,loop19,0.00,0.00,0.000,0.000,0.00
1777903320,loop2,0.00,0.00,0.000,0.000,0.00
1777903320,loop20,0.00,0.00,0.000,0.000,0.00
1777903320,loop21,0.00,0.00,0.000,0.000,0.00
1777903320,loop22,0.00,0.00,0.000,0.000,0.00
1777903320,loop23,0.00,0.00,0.000,0.000,0.00
1777903320,loop24,0.00,0.00,0.000,0.000,0.00
1777903320,loop25,0.00,0.00,0.000,0.000,0.00
1777903320,loop26,0.00,0.00,0.000,0.000,0.00
1777903320,loop27,0.00,0.00,0.000,0.000,0.00
1777903320,loop28,0.00,0.00,0.000,0.000,0.00
1777903320,loop29,0.00,0.00,0.000,0.000,0.00
1777903320,loop3,0.00,0.00,0.000,0.000,0.00
1777903320,loop30,0.00,0.00,0.000,0.000,0.00
1777903320,loop31,0.00,0.00,0.000,0.000,0.00
1777903320,loop32,0.00,0.00,0.000,0.000,0.00
1777903320,loop33,0.00,0.00,0.000,0.000,0.00
1777903320,loop34,0.00,0.00,0.000,0.000,0.00
1777903320,loop35,0.00,0.00,0.000,0.000,0.00
1777903320,loop36,0.00,0.00,0.000,0.000,0.00
1777903320,loop37,0.00,0.00,0.000,0.000,0.00
1777903320,loop38,0.00,0.00,0.000,0.000,0.00
1777903320,loop39,0.00,0.00,0.000,0.000,0.00
1777903320,loop4,0.00,0.00,0.000,0.000,0.00
1777903320,loop40,0.00,0.00,0.000,0.000,0.00
1777903320,loop5,0.00,0.00,0.000,0.000,0.00
1777903320,loop6,0.00,0.00,0.000,0.000,0.00
1777903320,loop7,0.00,0.00,0.000,0.000,0.00
1777903320,loop8,0.00,0.00,0.000,0.000,0.00
1777903320,loop9,0.00,0.00,0.000,0.000,0.00
1777903320,nvme0n1,2.00,8.00,0.000,0.000,0.10
1777903321,loop0,0.00,0.00,0.000,0.000,0.00
1777903321,loop1,0.00,0.00,0.000,0.000,0.00
1777903321,loop10,0.00,0.00,0.000,0.000,0.00
1777903321,loop11,0.00,0.00,0.000,0.000,0.00
1777903321,loop12,0.00,0.00,0.000,0.000,0.00
1777903321,loop13,0.00,0.00,0.000,0.000,0.00
1777903321,loop14,0.00,0.00,0.000,0.000,0.00
1777903321,loop15,0.00,0.00,0.000,0.000,0.00
1777903321,loop16,0.00,0.00,0.000,0.000,0.00
1777903321,loop17,0.00,0.00,0.000,0.000,0.00
1777903321,loop18,0.00,0.00,0.000,0.000,0.00
1777903321,loop19,0.00,0.00,0.000,0.000,0.00
1777903321,loop2,0.00,0.00,0.000,0.000,0.00
1777903321,loop20,0.00,0.00,0.000,0.000,0.00
1777903321,loop21,0.00,0.00,0.000,0.000,0.00
1777903321,loop22,0.00,0.00,0.000,0.000,0.00
1777903321,loop23,0.00,0.00,0.000,0.000,0.00
1777903321,loop24,0.00,0.00,0.000,0.000,0.00
1777903321,loop25,0.00,0.00,0.000,0.000,0.00
1777903321,loop26,0.00,0.00,0.000,0.000,0.00
1777903321,loop27,0.00,0.00,0.000,0.000,0.00
1777903321,loop28,0.00,0.00,0.000,0.000,0.00
1777903321,loop29,0.00,0.00,0.000,0.000,0.00
1777903321,loop3,0.00,0.00,0.000,0.000,0.00
1777903321,loop30,0.00,0.00,0.000,0.000,0.00
1777903321,loop31,0.00,0.00,0.000,0.000,0.00
1777903321,loop32,0.00,0.00,0.000,0.000,0.00
1777903321,loop33,0.00,0.00,0.000,0.000,0.00
1777903321,loop34,0.00,0.00,0.000,0.000,0.00
1777903321,loop35,0.00,0.00,0.000,0.000,0.00
1777903321,loop36,0.00,0.00,0.000,0.000,0.00
1777903321,loop37,0.00,0.00,0.000,0.000,0.00
1777903321,loop38,0.00,0.00,0.000,0.000,0.00
1777903321,loop39,0.00,0.00,0.000,0.000,0.00
1777903321,loop4,0.00,0.00,0.000,0.000,0.00
1777903321,loop40,0.00,0.00,0.000,0.000,0.00
1777903321,loop5,0.00,0.00,0.000,0.000,0.00
1777903321,loop6,0.00,0.00,0.000,0.000,0.00
1777903321,loop7,0.00,0.00,0.000,0.000,0.00
1777903321,loop8,0.00,0.00,0.000,0.000,0.00
1777903321,loop9,0.00,0.00,0.000,0.000,0.00
1777903321,nvme0n1,0.00,0.00,0.000,0.000,0.70
1777903322,loop0,0.00,0.00,0.000,0.000,0.00
1777903322,loop1,0.00,0.00,0.000,0.000,0.00
1777903322,loop10,0.00,0.00,0.000,0.000,0.00
1777903322,loop11,0.00,0.00,0.000,0.000,0.00
1777903322,loop12,0.00,0.00,0.000,0.000,0.00
1777903322,loop13,0.00,0.00,0.000,0.000,0.00
1777903322,loop14,0.00,0.00,0.000,0.000,0.00
1777903322,loop15,0.00,0.00,0.000,0.000,0.00
1777903322,loop16,0.00,0.00,0.000,0.000,0.00
1777903322,loop17,0.00,0.00,0.000,0.000,0.00
1777903322,loop18,0.00,0.00,0.000,0.000,0.00
1777903322,loop19,0.00,0.00,0.000,0.000,0.00
1777903322,loop2,0.00,0.00,0.000,0.000,0.00
1777903322,loop20,0.00,0.00,0.000,0.000,0.00
1777903322,loop21,0.00,0.00,0.000,0.000,0.00
1777903322,loop22,0.00,0.00,0.000,0.000,0.00
1777903322,loop23,0.00,0.00,0.000,0.000,0.00
1777903322,loop24,0.00,0.00,0.000,0.000,0.00
1777903322,loop25,0.00,0.00,0.000,0.000,0.00
1777903322,loop26,0.00,0.00,0.000,0.000,0.00
1777903322,loop27,0.00,0.00,0.000,0.000,0.00
1777903322,loop28,0.00,0.00,0.000,0.000,0.00
1777903322,loop29,0.00,0.00,0.000,0.000,0.00
1777903322,loop3,0.00,0.00,0.000,0.000,0.00
1777903322,loop30,0.00,0.00,0.000,0.000,0.00
1777903322,loop31,0.00,0.00,0.000,0.000,0.00
1777903322,loop32,0.00,0.00,0.000,0.000,0.00
1777903322,loop33,0.00,0.00,0.000,0.000,0.00
1777903322,loop34,0.00,0.00,0.000,0.000,0.00
1777903322,loop35,0.00,0.00,0.000,0.000,0.00
1777903322,loop36,0.00,0.00,0.000,0.000,0.00
1777903322,loop37,0.00,0.00,0.000,0.000,0.00
1777903322,loop38,0.00,0.00,0.000,0.000,0.00
1777903322,loop39,0.00,0.00,0.000,0.000,0.00
1777903322,loop4,0.00,0.00,0.000,0.000,0.00
1777903322,loop40,0.00,0.00,0.000,0.000,0.00
1777903322,loop5,0.00,0.00,0.000,0.000,0.00
1777903322,loop6,0.00,0.00,0.000,0.000,0.00
1777903322,loop7,0.00,0.00,0.000,0.000,0.00
1777903322,loop8,0.00,0.00,0.000,0.000,0.00
1777903322,loop9,0.00,0.00,0.000,0.000,0.00
1777903322,nvme0n1,0.00,0.00,0.000,0.000,0.00
1777903323,loop0,0.00,0.00,0.000,0.000,0.00
1777903323,loop1,0.00,0.00,0.000,0.000,0.00
1777903323,loop10,0.00,0.00,0.000,0.000,0.00
1777903323,loop11,0.00,0.00,0.000,0.000,0.00
1777903323,loop12,0.00,0.00,0.000,0.000,0.00
1777903323,loop13,0.00,0.00,0.000,0.000,0.00
1777903323,loop14,0.00,0.00,0.000,0.000,0.00
1777903323,loop15,0.00,0.00,0.000,0.000,0.00
1777903323,loop16,0.00,0.00,0.000,0.000,0.00
1777903323,loop17,0.00,0.00,0.000,0.000,0.00
1777903323,loop18,0.00,0.00,0.000,0.000,0.00
1777903323,loop19,0.00,0.00,0.000,0.000,0.00
1777903323,loop2,0.00,0.00,0.000,0.000,0.00
1777903323,loop20,0.00,0.00,0.000,0.000,0.00
1777903323,loop21,0.00,0.00,0.000,0.000,0.00
1777903323,loop22,0.00,0.00,0.000,0.000,0.00
1777903323,loop23,0.00,0.00,0.000,0.000,0.00
1777903323,loop24,0.00,0.00,0.000,0.000,0.00
1777903323,loop25,0.00,0.00,0.000,0.000,0.00
1777903323,loop26,0.00,0.00,0.000,0.000,0.00
1777903323,loop27,0.00,0.00,0.000,0.000,0.00
1777903323,loop28,0.00,0.00,0.000,0.000,0.00
1777903323,loop29,0.00,0.00,0.000,0.000,0.00
1777903323,loop3,0.00,0.00,0.000,0.000,0.00
1777903323,loop30,0.00,0.00,0.000,0.000,0.00
1777903323,loop31,0.00,0.00,0.000,0.000,0.00
1777903323,loop32,0.00,0.00,0.000,0.000,0.00
1777903323,loop33,0.00,0.00,0.000,0.000,0.00
1777903323,loop34,0.00,0.00,0.000,0.000,0.00
1777903323,loop35,0.00,0.00,0.000,0.000,0.00
1777903323,loop36,0.00,0.00,0.000,0.000,0.00
1777903323,loop37,0.00,0.00,0.000,0.000,0.00
1777903323,loop38,0.00,0.00,0.000,0.000,0.00
1777903323,loop39,0.00,0.00,0.000,0.000,0.00
1777903323,loop4,0.00,0.00,0.000,0.000,0.00
1777903323,loop40,0.00,0.00,0.000,0.000,0.00
1777903323,loop5,0.00,0.00,0.000,0.000,0.00
1777903323,loop6,0.00,0.00,0.000,0.000,0.00
1777903323,loop7,0.00,0.00,0.000,0.000,0.00
1777903323,loop8,0.00,0.00,0.000,0.000,0.00
1777903323,loop9,0.00,0.00,0.000,0.000,0.00
1777903323,nvme0n1,0.00,0.00,0.000,0.000,0.00
1777903324,loop0,0.00,0.00,0.000,0.000,0.00
1777903324,loop1,0.00,0.00,0.000,0.000,0.00
1777903324,loop10,0.00,0.00,0.000,0.000,0.00
1777903324,loop11,0.00,0.00,0.000,0.000,0.00
1777903324,loop12,0.00,0.00,0.000,0.000,0.00
1777903324,loop13,0.00,0.00,0.000,0.000,0.00
1777903324,loop14,0.00,0.00,0.000,0.000,0.00
1777903324,loop15,0.00,0.00,0.000,0.000,0.00
1777903324,loop16,0.00,0.00,0.000,0.000,0.00
1777903324,loop17,0.00,0.00,0.000,0.000,0.00
1777903324,loop18,0.00,0.00,0.000,0.000,0.00
1777903324,loop19,0.00,0.00,0.000,0.000,0.00
1777903324,loop2,0.00,0.00,0.000,0.000,0.00
1777903324,loop20,0.00,0.00,0.000,0.000,0.00
1777903324,loop21,0.00,0.00,0.000,0.000,0.00
1777903324,loop22,0.00,0.00,0.000,0.000,0.00
1777903324,loop23,0.00,0.00,0.000,0.000,0.00
1777903324,loop24,0.00,0.00,0.000,0.000,0.00
1777903324,loop25,0.00,0.00,0.000,0.000,0.00
1777903324,loop26,0.00,0.00,0.000,0.000,0.00
1777903324,loop27,0.00,0.00,0.000,0.000,0.00
1777903324,loop28,0.00,0.00,0.000,0.000,0.00
1777903324,loop29,0.00,0.00,0.000,0.000,0.00
1777903324,loop3,0.00,0.00,0.000,0.000,0.00
1777903324,loop30,0.00,0.00,0.000,0.000,0.00
1777903324,loop31,0.00,0.00,0.000,0.000,0.00
1777903324,loop32,0.00,0.00,0.000,0.000,0.00
1777903324,loop33,0.00,0.00,0.000,0.000,0.00
1777903324,loop34,0.00,0.00,0.000,0.000,0.00
1777903324,loop35,0.00,0.00,0.000,0.000,0.00
1777903324,loop36,0.00,0.00,0.000,0.000,0.00
1777903324,loop37,0.00,0.00,0.000,0.000,0.00
1777903324,loop38,0.00,0.00,0.000,0.000,0.00
1777903324,loop39,0.00,0.00,0.000,0.000,0.00
1777903324,loop4,0.00,0.00,0.000,0.000,0.00
1777903324,loop40,0.00,0.00,0.000,0.000,0.00
1777903324,loop5,0.00,0.00,0.000,0.000,0.00
1777903324,loop6,0.00,0.00,0.000,0.000,0.00
1777903324,loop7,0.00,0.00,0.000,0.000,0.00
1777903324,loop8,0.00,0.00,0.000,0.000,0.00
1777903324,loop9,0.00,0.00,0.000,0.000,0.00
1777903324,nvme0n1,0.99,7.92,0.001,0.049,0.10
1777903325,loop0,0.00,0.00,0.000,0.000,0.00
1777903325,loop1,0.00,0.00,0.000,0.000,0.00
1777903325,loop10,0.00,0.00,0.000,0.000,0.00
1777903325,loop11,0.00,0.00,0.000,0.000,0.00
1777903325,loop12,0.00,0.00,0.000,0.000,0.00
1777903325,loop13,0.00,0.00,0.000,0.000,0.00
1777903325,loop14,0.00,0.00,0.000,0.000,0.00
1777903325,loop15,0.00,0.00,0.000,0.000,0.00
1777903325,loop16,0.00,0.00,0.000,0.000,0.00
1777903325,loop17,0.00,0.00,0.000,0.000,0.00
1777903325,loop18,0.00,0.00,0.000,0.000,0.00
1777903325,loop19,0.00,0.00,0.000,0.000,0.00
1777903325,loop2,0.00,0.00,0.000,0.000,0.00
1777903325,loop20,0.00,0.00,0.000,0.000,0.00
1777903325,loop21,0.00,0.00,0.000,0.000,0.00
1777903325,loop22,0.00,0.00,0.000,0.000,0.00
1777903325,loop23,0.00,0.00,0.000,0.000,0.00
1777903325,loop24,0.00,0.00,0.000,0.000,0.00
1777903325,loop25,0.00,0.00,0.000,0.000,0.00
1777903325,loop26,0.00,0.00,0.000,0.000,0.00
1777903325,loop27,0.00,0.00,0.000,0.000,0.00
1777903325,loop28,0.00,0.00,0.000,0.000,0.00
1777903325,loop29,0.00,0.00,0.000,0.000,0.00
1777903325,loop3,0.00,0.00,0.000,0.000,0.00
1777903325,loop30,0.00,0.00,0.000,0.000,0.00
1777903325,loop31,0.00,0.00,0.000,0.000,0.00
1777903325,loop32,0.00,0.00,0.000,0.000,0.00
1777903325,loop33,0.00,0.00,0.000,0.000,0.00
1777903325,loop34,0.00,0.00,0.000,0.000,0.00
1777903325,loop35,0.00,0.00,0.000,0.000,0.00
1777903325,loop36,0.00,0.00,0.000,0.000,0.00
1777903325,loop37,0.00,0.00,0.000,0.000,0.00
1777903325,loop38,0.00,0.00,0.000,0.000,0.00
1777903325,loop39,0.00,0.00,0.000,0.000,0.00
1777903325,loop4,0.00,0.00,0.000,0.000,0.00
1777903325,loop40,0.00,0.00,0.000,0.000,0.00
1777903325,loop5,0.00,0.00,0.000,0.000,0.00
1777903325,loop6,0.00,0.00,0.000,0.000,0.00
1777903325,loop7,0.00,0.00,0.000,0.000,0.00
1777903325,loop8,0.00,0.00,0.000,0.000,0.00
1777903325,loop9,0.00,0.00,0.000,0.000,0.00
1777903325,nvme0n1,0.00,0.00,0.000,0.000,0.00
1777903326,loop0,0.00,0.00,0.000,0.000,0.00
1777903326,loop1,0.00,0.00,0.000,0.000,0.00
1777903326,loop10,0.00,0.00,0.000,0.000,0.00
1777903326,loop11,0.00,0.00,0.000,0.000,0.00
1777903326,loop12,0.00,0.00,0.000,0.000,0.00
1777903326,loop13,0.00,0.00,0.000,0.000,0.00
1777903326,loop14,0.00,0.00,0.000,0.000,0.00
1777903326,loop15,0.00,0.00,0.000,0.000,0.00
1777903326,loop16,0.00,0.00,0.000,0.000,0.00
1777903326,loop17,0.00,0.00,0.000,0.000,0.00
1777903326,loop18,0.00,0.00,0.000,0.000,0.00
1777903326,loop19,0.00,0.00,0.000,0.000,0.00
1777903326,loop2,0.00,0.00,0.000,0.000,0.00
1777903326,loop20,0.00,0.00,0.000,0.000,0.00
1777903326,loop21,0.00,0.00,0.000,0.000,0.00
1777903326,loop22,0.00,0.00,0.000,0.000,0.00
1777903326,loop23,0.00,0.00,0.000,0.000,0.00
1777903326,loop24,0.00,0.00,0.000,0.000,0.00
1777903326,loop25,0.00,0.00,0.000,0.000,0.00
1777903326,loop26,0.00,0.00,0.000,0.000,0.00
1777903326,loop27,0.00,0.00,0.000,0.000,0.00
1777903326,loop28,0.00,0.00,0.000,0.000,0.00
1777903326,loop29,0.00,0.00,0.000,0.000,0.00
1777903326,loop3,0.00,0.00,0.000,0.000,0.00
1777903326,loop30,0.00,0.00,0.000,0.000,0.00
1777903326,loop31,0.00,0.00,0.000,0.000,0.00
1777903326,loop32,0.00,0.00,0.000,0.000,0.00
1777903326,loop33,0.00,0.00,0.000,0.000,0.00
1777903326,loop34,0.00,0.00,0.000,0.000,0.00
1777903326,loop35,0.00,0.00,0.000,0.000,0.00
1777903326,loop36,0.00,0.00,0.000,0.000,0.00
1777903326,loop37,0.00,0.00,0.000,0.000,0.00
1777903326,loop38,0.00,0.00,0.000,0.000,0.00
1777903326,loop39,0.00,0.00,0.000,0.000,0.00
1777903326,loop4,0.00,0.00,0.000,0.000,0.00
1777903326,loop40,0.00,0.00,0.000,0.000,0.00
1777903326,loop5,0.00,0.00,0.000,0.000,0.00
1777903326,loop6,0.00,0.00,0.000,0.000,0.00
1777903326,loop7,0.00,0.00,0.000,0.000,0.00
1777903326,loop8,0.00,0.00,0.000,0.000,0.00
1777903326,loop9,0.00,0.00,0.000,0.000,0.00
1777903326,nvme0n1,0.00,0.00,0.000,0.000,0.90
1777903327,loop0,0.00,0.00,0.000,0.000,0.00
1777903327,loop1,0.00,0.00,0.000,0.000,0.00
1777903327,loop10,0.00,0.00,0.000,0.000,0.00
1777903327,loop11,0.00,0.00,0.000,0.000,0.00
1777903327,loop12,0.00,0.00,0.000,0.000,0.00
1777903327,loop13,0.00,0.00,0.000,0.000,0.00
1777903327,loop14,0.00,0.00,0.000,0.000,0.00
1777903327,loop15,0.00,0.00,0.000,0.000,0.00
1777903327,loop16,0.00,0.00,0.000,0.000,0.00
1777903327,loop17,0.00,0.00,0.000,0.000,0.00
1777903327,loop18,0.00,0.00,0.000,0.000,0.00
1777903327,loop19,0.00,0.00,0.000,0.000,0.00
1777903327,loop2,0.00,0.00,0.000,0.000,0.00
1777903327,loop20,0.00,0.00,0.000,0.000,0.00
1777903327,loop21,0.00,0.00,0.000,0.000,0.00
1777903327,loop22,0.00,0.00,0.000,0.000,0.00
1777903327,loop23,0.00,0.00,0.000,0.000,0.00
1777903327,loop24,0.00,0.00,0.000,0.000,0.00
1777903327,loop25,0.00,0.00,0.000,0.000,0.00
1777903327,loop26,0.00,0.00,0.000,0.000,0.00
1777903327,loop27,0.00,0.00,0.000,0.000,0.00
1777903327,loop28,0.00,0.00,0.000,0.000,0.00
1777903327,loop29,0.00,0.00,0.000,0.000,0.00
1777903327,loop3,0.00,0.00,0.000,0.000,0.00
1777903327,loop30,0.00,0.00,0.000,0.000,0.00
1777903327,loop31,0.00,0.00,0.000,0.000,0.00
1777903327,loop32,0.00,0.00,0.000,0.000,0.00
1777903327,loop33,0.00,0.00,0.000,0.000,0.00
1777903327,loop34,0.00,0.00,0.000,0.000,0.00
1777903327,loop35,0.00,0.00,0.000,0.000,0.00
1777903327,loop36,0.00,0.00,0.000,0.000,0.00
1777903327,loop37,0.00,0.00,0.000,0.000,0.00
1777903327,loop38,0.00,0.00,0.000,0.000,0.00
1777903327,loop39,0.00,0.00,0.000,0.000,0.00
1777903327,loop4,0.00,0.00,0.000,0.000,0.00
1777903327,loop40,0.00,0.00,0.000,0.000,0.00
1777903327,loop5,0.00,0.00,0.000,0.000,0.00
1777903327,loop6,0.00,0.00,0.000,0.000,0.00
1777903327,loop7,0.00,0.00,0.000,0.000,0.00
1777903327,loop8,0.00,0.00,0.000,0.000,0.00
1777903327,loop9,0.00,0.00,0.000,0.000,0.00
1777903327,nvme0n1,1.00,4.00,0.000,0.000,0.10
1777903328,loop0,0.00,0.00,0.000,0.000,0.00
1777903328,loop1,0.00,0.00,0.000,0.000,0.00
1777903328,loop10,0.00,0.00,0.000,0.000,0.00
1777903328,loop11,0.00,0.00,0.000,0.000,0.00
1777903328,loop12,0.00,0.00,0.000,0.000,0.00
1777903328,loop13,0.00,0.00,0.000,0.000,0.00
1777903328,loop14,0.00,0.00,0.000,0.000,0.00
1777903328,loop15,0.00,0.00,0.000,0.000,0.00
1777903328,loop16,0.00,0.00,0.000,0.000,0.00
1777903328,loop17,0.00,0.00,0.000,0.000,0.00
1777903328,loop18,0.00,0.00,0.000,0.000,0.00
1777903328,loop19,0.00,0.00,0.000,0.000,0.00
1777903328,loop2,0.00,0.00,0.000,0.000,0.00
1777903328,loop20,0.00,0.00,0.000,0.000,0.00
1777903328,loop21,0.00,0.00,0.000,0.000,0.00
1777903328,loop22,0.00,0.00,0.000,0.000,0.00
1777903328,loop23,0.00,0.00,0.000,0.000,0.00
1777903328,loop24,0.00,0.00,0.000,0.000,0.00
1777903328,loop25,0.00,0.00,0.000,0.000,0.00
1777903328,loop26,0.00,0.00,0.000,0.000,0.00
1777903328,loop27,0.00,0.00,0.000,0.000,0.00
1777903328,loop28,0.00,0.00,0.000,0.000,0.00
1777903328,loop29,0.00,0.00,0.000,0.000,0.00
1777903328,loop3,0.00,0.00,0.000,0.000,0.00
1777903328,loop30,0.00,0.00,0.000,0.000,0.00
1777903328,loop31,0.00,0.00,0.000,0.000,0.00
1777903328,loop32,0.00,0.00,0.000,0.000,0.00
1777903328,loop33,0.00,0.00,0.000,0.000,0.00
1777903328,loop34,0.00,0.00,0.000,0.000,0.00
1777903328,loop35,0.00,0.00,0.000,0.000,0.00
1777903328,loop36,0.00,0.00,0.000,0.000,0.00
1777903328,loop37,0.00,0.00,0.000,0.000,0.00
1777903328,loop38,0.00,0.00,0.000,0.000,0.00
1777903328,loop39,0.00,0.00,0.000,0.000,0.00
1777903328,loop4,0.00,0.00,0.000,0.000,0.00
1777903328,loop40,0.00,0.00,0.000,0.000,0.00
1777903328,loop5,0.00,0.00,0.000,0.000,0.00
1777903328,loop6,0.00,0.00,0.000,0.000,0.00
1777903328,loop7,0.00,0.00,0.000,0.000,0.00
1777903328,loop8,0.00,0.00,0.000,0.000,0.00
1777903328,loop9,0.00,0.00,0.000,0.000,0.00
1777903328,nvme0n1,0.00,0.00,0.000,0.000,0.00
1777903329,loop0,0.00,0.00,0.000,0.000,0.00
1777903329,loop1,0.00,0.00,0.000,0.000,0.00
1777903329,loop10,0.00,0.00,0.000,0.000,0.00
1777903329,loop11,0.00,0.00,0.000,0.000,0.00
1777903329,loop12,0.00,0.00,0.000,0.000,0.00
1777903329,loop13,0.00,0.00,0.000,0.000,0.00
1777903329,loop14,0.00,0.00,0.000,0.000,0.00
1777903329,loop15,0.00,0.00,0.000,0.000,0.00
1777903329,loop16,0.00,0.00,0.000,0.000,0.00
1777903329,loop17,0.00,0.00,0.000,0.000,0.00
1777903329,loop18,0.00,0.00,0.000,0.000,0.00
1777903329,loop19,0.00,0.00,0.000,0.000,0.00
1777903329,loop2,0.00,0.00,0.000,0.000,0.00
1777903329,loop20,0.00,0.00,0.000,0.000,0.00
1777903329,loop21,0.00,0.00,0.000,0.000,0.00
1777903329,loop22,0.00,0.00,0.000,0.000,0.00
1777903329,loop23,0.00,0.00,0.000,0.000,0.00
1777903329,loop24,0.00,0.00,0.000,0.000,0.00
1777903329,loop25,0.00,0.00,0.000,0.000,0.00
1777903329,loop26,0.00,0.00,0.000,0.000,0.00
1777903329,loop27,0.00,0.00,0.000,0.000,0.00
1777903329,loop28,0.00,0.00,0.000,0.000,0.00
1777903329,loop29,0.00,0.00,0.000,0.000,0.00
1777903329,loop3,0.00,0.00,0.000,0.000,0.00
1777903329,loop30,0.00,0.00,0.000,0.000,0.00
1777903329,loop31,0.00,0.00,0.000,0.000,0.00
1777903329,loop32,0.00,0.00,0.000,0.000,0.00
1777903329,loop33,0.00,0.00,0.000,0.000,0.00
1777903329,loop34,0.00,0.00,0.000,0.000,0.00
1777903329,loop35,0.00,0.00,0.000,0.000,0.00
1777903329,loop36,0.00,0.00,0.000,0.000,0.00
1777903329,loop37,0.00,0.00,0.000,0.000,0.00
1777903329,loop38,0.00,0.00,0.000,0.000,0.00
1777903329,loop39,0.00,0.00,0.000,0.000,0.00
1777903329,loop4,0.00,0.00,0.000,0.000,0.00
1777903329,loop40,0.00,0.00,0.000,0.000,0.00
1777903329,loop5,0.00,0.00,0.000,0.000,0.00
1777903329,loop6,0.00,0.00,0.000,0.000,0.00
1777903329,loop7,0.00,0.00,0.000,0.000,0.00
1777903329,loop8,0.00,0.00,0.000,0.000,0.00
1777903329,loop9,0.00,0.00,0.000,0.000,0.00
1777903329,nvme0n1,0.00,0.00,0.000,0.000,0.10
1777903330,loop0,0.00,0.00,0.000,0.000,0.00
1777903330,loop1,0.00,0.00,0.000,0.000,0.00
1777903330,loop10,0.00,0.00,0.000,0.000,0.00
1777903330,loop11,0.00,0.00,0.000,0.000,0.00
1777903330,loop12,0.00,0.00,0.000,0.000,0.00
1777903330,loop13,0.00,0.00,0.000,0.000,0.00
1777903330,loop14,0.00,0.00,0.000,0.000,0.00
1777903330,loop15,0.00,0.00,0.000,0.000,0.00
1777903330,loop16,0.00,0.00,0.000,0.000,0.00
1777903330,loop17,0.00,0.00,0.000,0.000,0.00
1777903330,loop18,0.00,0.00,0.000,0.000,0.00
1777903330,loop19,0.00,0.00,0.000,0.000,0.00
1777903330,loop2,0.00,0.00,0.000,0.000,0.00
1777903330,loop20,0.00,0.00,0.000,0.000,0.00
1777903330,loop21,0.00,0.00,0.000,0.000,0.00
1777903330,loop22,0.00,0.00,0.000,0.000,0.00
1777903330,loop23,0.00,0.00,0.000,0.000,0.00
1777903330,loop24,0.00,0.00,0.000,0.000,0.00
1777903330,loop25,0.00,0.00,0.000,0.000,0.00
1777903330,loop26,0.00,0.00,0.000,0.000,0.00
1777903330,loop27,0.00,0.00,0.000,0.000,0.00
1777903330,loop28,0.00,0.00,0.000,0.000,0.00
1777903330,loop29,0.00,0.00,0.000,0.000,0.00
1777903330,loop3,0.00,0.00,0.000,0.000,0.00
1777903330,loop30,0.00,0.00,0.000,0.000,0.00
1777903330,loop31,0.00,0.00,0.000,0.000,0.00
1777903330,loop32,0.00,0.00,0.000,0.000,0.00
1777903330,loop33,0.00,0.00,0.000,0.000,0.00
1777903330,loop34,0.00,0.00,0.000,0.000,0.00
1777903330,loop35,0.00,0.00,0.000,0.000,0.00
1777903330,loop36,0.00,0.00,0.000,0.000,0.00
1777903330,loop37,0.00,0.00,0.000,0.000,0.00
1777903330,loop38,0.00,0.00,0.000,0.000,0.00
1777903330,loop39,0.00,0.00,0.000,0.000,0.00
1777903330,loop4,0.00,0.00,0.000,0.000,0.00
1777903330,loop40,0.00,0.00,0.000,0.000,0.00
1777903330,loop5,0.00,0.00,0.000,0.000,0.00
1777903330,loop6,0.00,0.00,0.000,0.000,0.00
1777903330,loop7,0.00,0.00,0.000,0.000,0.00
1777903330,loop8,0.00,0.00,0.000,0.000,0.00
1777903330,loop9,0.00,0.00,0.000,0.000,0.00
1777903330,nvme0n1,1.00,4.00,0.000,0.000,0.10
1777903331,loop0,0.00,0.00,0.000,0.000,0.00
1777903331,loop1,0.00,0.00,0.000,0.000,0.00
1777903331,loop10,0.00,0.00,0.000,0.000,0.00
1777903331,loop11,0.00,0.00,0.000,0.000,0.00
1777903331,loop12,0.00,0.00,0.000,0.000,0.00
1777903331,loop13,0.00,0.00,0.000,0.000,0.00
1777903331,loop14,0.00,0.00,0.000,0.000,0.00
1777903331,loop15,0.00,0.00,0.000,0.000,0.00
1777903331,loop16,0.00,0.00,0.000,0.000,0.00
1777903331,loop17,0.00,0.00,0.000,0.000,0.00
1777903331,loop18,0.00,0.00,0.000,0.000,0.00
1777903331,loop19,0.00,0.00,0.000,0.000,0.00
1777903331,loop2,0.00,0.00,0.000,0.000,0.00
1777903331,loop20,0.00,0.00,0.000,0.000,0.00
1777903331,loop21,0.00,0.00,0.000,0.000,0.00
1777903331,loop22,0.00,0.00,0.000,0.000,0.00
1777903331,loop23,0.00,0.00,0.000,0.000,0.00
1777903331,loop24,0.00,0.00,0.000,0.000,0.00
1777903331,loop25,0.00,0.00,0.000,0.000,0.00
1777903331,loop26,0.00,0.00,0.000,0.000,0.00
1777903331,loop27,0.00,0.00,0.000,0.000,0.00
1777903331,loop28,0.00,0.00,0.000,0.000,0.00
1777903331,loop29,0.00,0.00,0.000,0.000,0.00
1777903331,loop3,0.00,0.00,0.000,0.000,0.00
1777903331,loop30,0.00,0.00,0.000,0.000,0.00
1777903331,loop31,0.00,0.00,0.000,0.000,0.00
1777903331,loop32,0.00,0.00,0.000,0.000,0.00
1777903331,loop33,0.00,0.00,0.000,0.000,0.00
1777903331,loop34,0.00,0.00,0.000,0.000,0.00
1777903331,loop35,0.00,0.00,0.000,0.000,0.00
1777903331,loop36,0.00,0.00,0.000,0.000,0.00
1777903331,loop37,0.00,0.00,0.000,0.000,0.00
1777903331,loop38,0.00,0.00,0.000,0.000,0.00
1777903331,loop39,0.00,0.00,0.000,0.000,0.00
1777903331,loop4,0.00,0.00,0.000,0.000,0.00
1777903331,loop40,0.00,0.00,0.000,0.000,0.00
1777903331,loop5,0.00,0.00,0.000,0.000,0.00
1777903331,loop6,0.00,0.00,0.000,0.000,0.00
1777903331,loop7,0.00,0.00,0.000,0.000,0.00
1777903331,loop8,0.00,0.00,0.000,0.000,0.00
1777903331,loop9,0.00,0.00,0.000,0.000,0.00
1777903331,nvme0n1,0.00,0.00,0.000,0.000,0.70
1777903332,loop0,0.00,0.00,0.000,0.000,0.00
1777903332,loop1,0.00,0.00,0.000,0.000,0.00
1777903332,loop10,0.00,0.00,0.000,0.000,0.00
1777903332,loop11,0.00,0.00,0.000,0.000,0.00
1777903332,loop12,0.00,0.00,0.000,0.000,0.00
1777903332,loop13,0.00,0.00,0.000,0.000,0.00
1777903332,loop14,0.00,0.00,0.000,0.000,0.00
1777903332,loop15,0.00,0.00,0.000,0.000,0.00
1777903332,loop16,0.00,0.00,0.000,0.000,0.00
1777903332,loop17,0.00,0.00,0.000,0.000,0.00
1777903332,loop18,0.00,0.00,0.000,0.000,0.00
1777903332,loop19,0.00,0.00,0.000,0.000,0.00
1777903332,loop2,0.00,0.00,0.000,0.000,0.00
1777903332,loop20,0.00,0.00,0.000,0.000,0.00
1777903332,loop21,0.00,0.00,0.000,0.000,0.00
1777903332,loop22,0.00,0.00,0.000,0.000,0.00
1777903332,loop23,0.00,0.00,0.000,0.000,0.00
1777903332,loop24,0.00,0.00,0.000,0.000,0.00
1777903332,loop25,0.00,0.00,0.000,0.000,0.00
1777903332,loop26,0.00,0.00,0.000,0.000,0.00
1777903332,loop27,0.00,0.00,0.000,0.000,0.00
1777903332,loop28,0.00,0.00,0.000,0.000,0.00
1777903332,loop29,0.00,0.00,0.000,0.000,0.00
1777903332,loop3,0.00,0.00,0.000,0.000,0.00
1777903332,loop30,0.00,0.00,0.000,0.000,0.00
1777903332,loop31,0.00,0.00,0.000,0.000,0.00
1777903332,loop32,0.00,0.00,0.000,0.000,0.00
1777903332,loop33,0.00,0.00,0.000,0.000,0.00
1777903332,loop34,0.00,0.00,0.000,0.000,0.00
1777903332,loop35,0.00,0.00,0.000,0.000,0.00
1777903332,loop36,0.00,0.00,0.000,0.000,0.00
1777903332,loop37,0.00,0.00,0.000,0.000,0.00
1777903332,loop38,0.00,0.00,0.000,0.000,0.00
1777903332,loop39,0.00,0.00,0.000,0.000,0.00
1777903332,loop4,0.00,0.00,0.000,0.000,0.00
1777903332,loop40,0.00,0.00,0.000,0.000,0.00
1777903332,loop5,0.00,0.00,0.000,0.000,0.00
1777903332,loop6,0.00,0.00,0.000,0.000,0.00
1777903332,loop7,0.00,0.00,0.000,0.000,0.00
1777903332,loop8,0.00,0.00,0.000,0.000,0.00
1777903332,loop9,0.00,0.00,0.000,0.000,0.00
1777903332,nvme0n1,0.00,0.00,0.000,0.000,0.00
1777903333,loop0,0.00,0.00,0.000,0.000,0.00
1777903333,loop1,0.00,0.00,0.000,0.000,0.00
1777903333,loop10,0.00,0.00,0.000,0.000,0.00
1777903333,loop11,0.00,0.00,0.000,0.000,0.00
1777903333,loop12,0.00,0.00,0.000,0.000,0.00
1777903333,loop13,0.00,0.00,0.000,0.000,0.00
1777903333,loop14,0.00,0.00,0.000,0.000,0.00
1777903333,loop15,0.00,0.00,0.000,0.000,0.00
1777903333,loop16,0.00,0.00,0.000,0.000,0.00
1777903333,loop17,0.00,0.00,0.000,0.000,0.00
1777903333,loop18,0.00,0.00,0.000,0.000,0.00
1777903333,loop19,0.00,0.00,0.000,0.000,0.00
1777903333,loop2,0.00,0.00,0.000,0.000,0.00
1777903333,loop20,0.00,0.00,0.000,0.000,0.00
1777903333,loop21,0.00,0.00,0.000,0.000,0.00
1777903333,loop22,0.00,0.00,0.000,0.000,0.00
1777903333,loop23,0.00,0.00,0.000,0.000,0.00
1777903333,loop24,0.00,0.00,0.000,0.000,0.00
1777903333,loop25,0.00,0.00,0.000,0.000,0.00
1777903333,loop26,0.00,0.00,0.000,0.000,0.00
1777903333,loop27,0.00,0.00,0.000,0.000,0.00
1777903333,loop28,0.00,0.00,0.000,0.000,0.00
1777903333,loop29,0.00,0.00,0.000,0.000,0.00
1777903333,loop3,0.00,0.00,0.000,0.000,0.00
1777903333,loop30,0.00,0.00,0.000,0.000,0.00
1777903333,loop31,0.00,0.00,0.000,0.000,0.00
1777903333,loop32,0.00,0.00,0.000,0.000,0.00
1777903333,loop33,0.00,0.00,0.000,0.000,0.00
1777903333,loop34,0.00,0.00,0.000,0.000,0.00
1777903333,loop35,0.00,0.00,0.000,0.000,0.00
1777903333,loop36,0.00,0.00,0.000,0.000,0.00
1777903333,loop37,0.00,0.00,0.000,0.000,0.00
1777903333,loop38,0.00,0.00,0.000,0.000,0.00
1777903333,loop39,0.00,0.00,0.000,0.000,0.00
1777903333,loop4,0.00,0.00,0.000,0.000,0.00
1777903333,loop40,0.00,0.00,0.000,0.000,0.00
1777903333,loop5,0.00,0.00,0.000,0.000,0.00
1777903333,loop6,0.00,0.00,0.000,0.000,0.00
1777903333,loop7,0.00,0.00,0.000,0.000,0.00
1777903333,loop8,0.00,0.00,0.000,0.000,0.00
1777903333,loop9,0.00,0.00,0.000,0.000,0.00
1777903333,nvme0n1,0.00,0.00,0.000,0.000,0.00
1777903334,loop0,0.00,0.00,0.000,0.000,0.00
1777903334,loop1,0.00,0.00,0.000,0.000,0.00
1777903334,loop10,0.00,0.00,0.000,0.000,0.00
1777903334,loop11,0.00,0.00,0.000,0.000,0.00
1777903334,loop12,0.00,0.00,0.000,0.000,0.00
1777903334,loop13,0.00,0.00,0.000,0.000,0.00
1777903334,loop14,0.00,0.00,0.000,0.000,0.00
1777903334,loop15,0.00,0.00,0.000,0.000,0.00
1777903334,loop16,0.00,0.00,0.000,0.000,0.00
1777903334,loop17,0.00,0.00,0.000,0.000,0.00
1777903334,loop18,0.00,0.00,0.000,0.000,0.00
1777903334,loop19,0.00,0.00,0.000,0.000,0.00
1777903334,loop2,0.00,0.00,0.000,0.000,0.00
1777903334,loop20,0.00,0.00,0.000,0.000,0.00
1777903334,loop21,0.00,0.00,0.000,0.000,0.00
1777903334,loop22,0.00,0.00,0.000,0.000,0.00
1777903334,loop23,0.00,0.00,0.000,0.000,0.00
1777903334,loop24,0.00,0.00,0.000,0.000,0.00
1777903334,loop25,0.00,0.00,0.000,0.000,0.00
1777903334,loop26,0.00,0.00,0.000,0.000,0.00
1777903334,loop27,0.00,0.00,0.000,0.000,0.00
1777903334,loop28,0.00,0.00,0.000,0.000,0.00
1777903334,loop29,0.00,0.00,0.000,0.000,0.00
1777903334,loop3,0.00,0.00,0.000,0.000,0.00
1777903334,loop30,0.00,0.00,0.000,0.000,0.00
1777903334,loop31,0.00,0.00,0.000,0.000,0.00
1777903334,loop32,0.00,0.00,0.000,0.000,0.00
1777903334,loop33,0.00,0.00,0.000,0.000,0.00
1777903334,loop34,0.00,0.00,0.000,0.000,0.00
1777903334,loop35,0.00,0.00,0.000,0.000,0.00
1777903334,loop36,0.00,0.00,0.000,0.000,0.00
1777903334,loop37,0.00,0.00,0.000,0.000,0.00
1777903334,loop38,0.00,0.00,0.000,0.000,0.00
1777903334,loop39,0.00,0.00,0.000,0.000,0.00
1777903334,loop4,0.00,0.00,0.000,0.000,0.00
1777903334,loop40,0.00,0.00,0.000,0.000,0.00
1777903334,loop5,0.00,0.00,0.000,0.000,0.00
1777903334,loop6,0.00,0.00,0.000,0.000,0.00
1777903334,loop7,0.00,0.00,0.000,0.000,0.00
1777903334,loop8,0.00,0.00,0.000,0.000,0.00
1777903334,loop9,0.00,0.00,0.000,0.000,0.00
1777903334,nvme0n1,2.00,8.00,0.000,0.000,5.20
1777903335,loop0,0.00,0.00,0.000,0.000,0.00
1777903335,loop1,0.00,0.00,0.000,0.000,0.00
1777903335,loop10,0.00,0.00,0.000,0.000,0.00
1777903335,loop11,0.00,0.00,0.000,0.000,0.00
1777903335,loop12,0.00,0.00,0.000,0.000,0.00
1777903335,loop13,0.00,0.00,0.000,0.000,0.00
1777903335,loop14,0.00,0.00,0.000,0.000,0.00
1777903335,loop15,0.00,0.00,0.000,0.000,0.00
1777903335,loop16,0.00,0.00,0.000,0.000,0.00
1777903335,loop17,0.00,0.00,0.000,0.000,0.00
1777903335,loop18,0.00,0.00,0.000,0.000,0.00
1777903335,loop19,0.00,0.00,0.000,0.000,0.00
1777903335,loop2,0.00,0.00,0.000,0.000,0.00
1777903335,loop20,0.00,0.00,0.000,0.000,0.00
1777903335,loop21,0.00,0.00,0.000,0.000,0.00
1777903335,loop22,0.00,0.00,0.000,0.000,0.00
1777903335,loop23,0.00,0.00,0.000,0.000,0.00
1777903335,loop24,0.00,0.00,0.000,0.000,0.00
1777903335,loop25,0.00,0.00,0.000,0.000,0.00
1777903335,loop26,0.00,0.00,0.000,0.000,0.00
1777903335,loop27,0.00,0.00,0.000,0.000,0.00
1777903335,loop28,0.00,0.00,0.000,0.000,0.00
1777903335,loop29,0.00,0.00,0.000,0.000,0.00
1777903335,loop3,0.00,0.00,0.000,0.000,0.00
1777903335,loop30,0.00,0.00,0.000,0.000,0.00
1777903335,loop31,0.00,0.00,0.000,0.000,0.00
1777903335,loop32,0.00,0.00,0.000,0.000,0.00
1777903335,loop33,0.00,0.00,0.000,0.000,0.00
1777903335,loop34,0.00,0.00,0.000,0.000,0.00
1777903335,loop35,0.00,0.00,0.000,0.000,0.00
1777903335,loop36,0.00,0.00,0.000,0.000,0.00
1777903335,loop37,0.00,0.00,0.000,0.000,0.00
1777903335,loop38,0.00,0.00,0.000,0.000,0.00
1777903335,loop39,0.00,0.00,0.000,0.000,0.00
1777903335,loop4,0.00,0.00,0.000,0.000,0.00
1777903335,loop40,0.00,0.00,0.000,0.000,0.00
1777903335,loop5,0.00,0.00,0.000,0.000,0.00
1777903335,loop6,0.00,0.00,0.000,0.000,0.00
1777903335,loop7,0.00,0.00,0.000,0.000,0.00
1777903335,loop8,0.00,0.00,0.000,0.000,0.00
1777903335,loop9,0.00,0.00,0.000,0.000,0.00
1777903335,nvme0n1,0.00,0.00,0.000,0.000,0.10
1777903336,loop0,0.00,0.00,0.000,0.000,0.00
1777903336,loop1,0.00,0.00,0.000,0.000,0.00
1777903336,loop10,0.00,0.00,0.000,0.000,0.00
1777903336,loop11,0.00,0.00,0.000,0.000,0.00
1777903336,loop12,0.00,0.00,0.000,0.000,0.00
1777903336,loop13,0.00,0.00,0.000,0.000,0.00
1777903336,loop14,0.00,0.00,0.000,0.000,0.00
1777903336,loop15,0.00,0.00,0.000,0.000,0.00
1777903336,loop16,0.00,0.00,0.000,0.000,0.00
1777903336,loop17,0.00,0.00,0.000,0.000,0.00
1777903336,loop18,0.00,0.00,0.000,0.000,0.00
1777903336,loop19,0.00,0.00,0.000,0.000,0.00
1777903336,loop2,0.00,0.00,0.000,0.000,0.00
1777903336,loop20,0.00,0.00,0.000,0.000,0.00
1777903336,loop21,0.00,0.00,0.000,0.000,0.00
1777903336,loop22,0.00,0.00,0.000,0.000,0.00
1777903336,loop23,0.00,0.00,0.000,0.000,0.00
1777903336,loop24,0.00,0.00,0.000,0.000,0.00
1777903336,loop25,0.00,0.00,0.000,0.000,0.00
1777903336,loop26,0.00,0.00,0.000,0.000,0.00
1777903336,loop27,0.00,0.00,0.000,0.000,0.00
1777903336,loop28,0.00,0.00,0.000,0.000,0.00
1777903336,loop29,0.00,0.00,0.000,0.000,0.00
1777903336,loop3,0.00,0.00,0.000,0.000,0.00
1777903336,loop30,0.00,0.00,0.000,0.000,0.00
1777903336,loop31,0.00,0.00,0.000,0.000,0.00
1777903336,loop32,0.00,0.00,0.000,0.000,0.00
1777903336,loop33,0.00,0.00,0.000,0.000,0.00
1777903336,loop34,0.00,0.00,0.000,0.000,0.00
1777903336,loop35,0.00,0.00,0.000,0.000,0.00
1777903336,loop36,0.00,0.00,0.000,0.000,0.00
1777903336,loop37,0.00,0.00,0.000,0.000,0.00
1777903336,loop38,0.00,0.00,0.000,0.000,0.00
1777903336,loop39,0.00,0.00,0.000,0.000,0.00
1777903336,loop4,0.00,0.00,0.000,0.000,0.00
1777903336,loop40,0.00,0.00,0.000,0.000,0.00
1777903336,loop5,0.00,0.00,0.000,0.000,0.00
1777903336,loop6,0.00,0.00,0.000,0.000,0.00
1777903336,loop7,0.00,0.00,0.000,0.000,0.00
1777903336,loop8,0.00,0.00,0.000,0.000,0.00
1777903336,loop9,0.00,0.00,0.000,0.000,0.00
1777903336,nvme0n1,0.00,0.00,0.000,0.000,0.80
1777903337,loop0,0.00,0.00,0.000,0.000,0.00
1777903337,loop1,0.00,0.00,0.000,0.000,0.00
1777903337,loop10,0.00,0.00,0.000,0.000,0.00
1777903337,loop11,0.00,0.00,0.000,0.000,0.00
1777903337,loop12,0.00,0.00,0.000,0.000,0.00
1777903337,loop13,0.00,0.00,0.000,0.000,0.00
1777903337,loop14,0.00,0.00,0.000,0.000,0.00
1777903337,loop15,0.00,0.00,0.000,0.000,0.00
1777903337,loop16,0.00,0.00,0.000,0.000,0.00
1777903337,loop17,0.00,0.00,0.000,0.000,0.00
1777903337,loop18,0.00,0.00,0.000,0.000,0.00
1777903337,loop19,0.00,0.00,0.000,0.000,0.00
1777903337,loop2,0.00,0.00,0.000,0.000,0.00
1777903337,loop20,0.00,0.00,0.000,0.000,0.00
1777903337,loop21,0.00,0.00,0.000,0.000,0.00
1777903337,loop22,0.00,0.00,0.000,0.000,0.00
1777903337,loop23,0.00,0.00,0.000,0.000,0.00
1777903337,loop24,0.00,0.00,0.000,0.000,0.00
1777903337,loop25,0.00,0.00,0.000,0.000,0.00
1777903337,loop26,0.00,0.00,0.000,0.000,0.00
1777903337,loop27,0.00,0.00,0.000,0.000,0.00
1777903337,loop28,0.00,0.00,0.000,0.000,0.00
1777903337,loop29,0.00,0.00,0.000,0.000,0.00
1777903337,loop3,0.00,0.00,0.000,0.000,0.00
1777903337,loop30,0.00,0.00,0.000,0.000,0.00
1777903337,loop31,0.00,0.00,0.000,0.000,0.00
1777903337,loop32,0.00,0.00,0.000,0.000,0.00
1777903337,loop33,0.00,0.00,0.000,0.000,0.00
1777903337,loop34,0.00,0.00,0.000,0.000,0.00
1777903337,loop35,0.00,0.00,0.000,0.000,0.00
1777903337,loop36,0.00,0.00,0.000,0.000,0.00
1777903337,loop37,0.00,0.00,0.000,0.000,0.00
1777903337,loop38,0.00,0.00,0.000,0.000,0.00
1777903337,loop39,0.00,0.00,0.000,0.000,0.00
1777903337,loop4,0.00,0.00,0.000,0.000,0.00
1777903337,loop40,0.00,0.00,0.000,0.000,0.00
1777903337,loop5,0.00,0.00,0.000,0.000,0.00
1777903337,loop6,0.00,0.00,0.000,0.000,0.00
1777903337,loop7,0.00,0.00,0.000,0.000,0.00
1777903337,loop8,0.00,0.00,0.000,0.000,0.00
1777903337,loop9,0.00,0.00,0.000,0.000,0.00
1777903337,nvme0n1,1.00,4.00,0.000,0.000,0.00
1777903338,loop0,0.00,0.00,0.000,0.000,0.00
1777903338,loop1,0.00,0.00,0.000,0.000,0.00
1777903338,loop10,0.00,0.00,0.000,0.000,0.00
1777903338,loop11,0.00,0.00,0.000,0.000,0.00
1777903338,loop12,0.00,0.00,0.000,0.000,0.00
1777903338,loop13,0.00,0.00,0.000,0.000,0.00
1777903338,loop14,0.00,0.00,0.000,0.000,0.00
1777903338,loop15,0.00,0.00,0.000,0.000,0.00
1777903338,loop16,0.00,0.00,0.000,0.000,0.00
1777903338,loop17,0.00,0.00,0.000,0.000,0.00
1777903338,loop18,0.00,0.00,0.000,0.000,0.00
1777903338,loop19,0.00,0.00,0.000,0.000,0.00
1777903338,loop2,0.00,0.00,0.000,0.000,0.00
1777903338,loop20,0.00,0.00,0.000,0.000,0.00
1777903338,loop21,0.00,0.00,0.000,0.000,0.00
1777903338,loop22,0.00,0.00,0.000,0.000,0.00
1777903338,loop23,0.00,0.00,0.000,0.000,0.00
1777903338,loop24,0.00,0.00,0.000,0.000,0.00
1777903338,loop25,0.00,0.00,0.000,0.000,0.00
1777903338,loop26,0.00,0.00,0.000,0.000,0.00
1777903338,loop27,0.00,0.00,0.000,0.000,0.00
1777903338,loop28,0.00,0.00,0.000,0.000,0.00
1777903338,loop29,0.00,0.00,0.000,0.000,0.00
1777903338,loop3,0.00,0.00,0.000,0.000,0.00
1777903338,loop30,0.00,0.00,0.000,0.000,0.00
1777903338,loop31,0.00,0.00,0.000,0.000,0.00
1777903338,loop32,0.00,0.00,0.000,0.000,0.00
1777903338,loop33,0.00,0.00,0.000,0.000,0.00
1777903338,loop34,0.00,0.00,0.000,0.000,0.00
1777903338,loop35,0.00,0.00,0.000,0.000,0.00
1777903338,loop36,0.00,0.00,0.000,0.000,0.00
1777903338,loop37,0.00,0.00,0.000,0.000,0.00
1777903338,loop38,0.00,0.00,0.000,0.000,0.00
1777903338,loop39,0.00,0.00,0.000,0.000,0.00
1777903338,loop4,0.00,0.00,0.000,0.000,0.00
1777903338,loop40,0.00,0.00,0.000,0.000,0.00
1777903338,loop5,0.00,0.00,0.000,0.000,0.00
1777903338,loop6,0.00,0.00,0.000,0.000,0.00
1777903338,loop7,0.00,0.00,0.000,0.000,0.00
1777903338,loop8,0.00,0.00,0.000,0.000,0.00
1777903338,loop9,0.00,0.00,0.000,0.000,0.00
1777903338,nvme0n1,0.00,0.00,0.000,0.000,0.00
1777903339,loop0,0.00,0.00,0.000,0.000,0.00
1777903339,loop1,0.00,0.00,0.000,0.000,0.00
1777903339,loop10,0.00,0.00,0.000,0.000,0.00
1777903339,loop11,0.00,0.00,0.000,0.000,0.00
1777903339,loop12,0.00,0.00,0.000,0.000,0.00
1777903339,loop13,0.00,0.00,0.000,0.000,0.00
1777903339,loop14,0.00,0.00,0.000,0.000,0.00
1777903339,loop15,0.00,0.00,0.000,0.000,0.00
1777903339,loop16,0.00,0.00,0.000,0.000,0.00
1777903339,loop17,0.00,0.00,0.000,0.000,0.00
1777903339,loop18,0.00,0.00,0.000,0.000,0.00
1777903339,loop19,0.00,0.00,0.000,0.000,0.00
1777903339,loop2,0.00,0.00,0.000,0.000,0.00
1777903339,loop20,0.00,0.00,0.000,0.000,0.00
1777903339,loop21,0.00,0.00,0.000,0.000,0.00
1777903339,loop22,0.00,0.00,0.000,0.000,0.00
1777903339,loop23,0.00,0.00,0.000,0.000,0.00
1777903339,loop24,0.00,0.00,0.000,0.000,0.00
1777903339,loop25,0.00,0.00,0.000,0.000,0.00
1777903339,loop26,0.00,0.00,0.000,0.000,0.00
1777903339,loop27,0.00,0.00,0.000,0.000,0.00
1777903339,loop28,0.00,0.00,0.000,0.000,0.00
1777903339,loop29,0.00,0.00,0.000,0.000,0.00
1777903339,loop3,0.00,0.00,0.000,0.000,0.00
1777903339,loop30,0.00,0.00,0.000,0.000,0.00
1777903339,loop31,0.00,0.00,0.000,0.000,0.00
1777903339,loop32,0.00,0.00,0.000,0.000,0.00
1777903339,loop33,0.00,0.00,0.000,0.000,0.00
1777903339,loop34,0.00,0.00,0.000,0.000,0.00
1777903339,loop35,0.00,0.00,0.000,0.000,0.00
1777903339,loop36,0.00,0.00,0.000,0.000,0.00
1777903339,loop37,0.00,0.00,0.000,0.000,0.00
1777903339,loop38,0.00,0.00,0.000,0.000,0.00
1777903339,loop39,0.00,0.00,0.000,0.000,0.00
1777903339,loop4,0.00,0.00,0.000,0.000,0.00
1777903339,loop40,0.00,0.00,0.000,0.000,0.00
1777903339,loop5,0.00,0.00,0.000,0.000,0.00
1777903339,loop6,0.00,0.00,0.000,0.000,0.00
1777903339,loop7,0.00,0.00,0.000,0.000,0.00
1777903339,loop8,0.00,0.00,0.000,0.000,0.00
1777903339,loop9,0.00,0.00,0.000,0.000,0.00
1777903339,nvme0n1,19.00,76.00,0.000,0.000,0.30
1777903340,loop0,0.00,0.00,0.000,0.000,0.00
1777903340,loop1,0.00,0.00,0.000,0.000,0.00
1777903340,loop10,0.00,0.00,0.000,0.000,0.00
1777903340,loop11,0.00,0.00,0.000,0.000,0.00
1777903340,loop12,0.00,0.00,0.000,0.000,0.00
1777903340,loop13,0.00,0.00,0.000,0.000,0.00
1777903340,loop14,0.00,0.00,0.000,0.000,0.00
1777903340,loop15,0.00,0.00,0.000,0.000,0.00
1777903340,loop16,0.00,0.00,0.000,0.000,0.00
1777903340,loop17,0.00,0.00,0.000,0.000,0.00
1777903340,loop18,0.00,0.00,0.000,0.000,0.00
1777903340,loop19,0.00,0.00,0.000,0.000,0.00
1777903340,loop2,0.00,0.00,0.000,0.000,0.00
1777903340,loop20,0.00,0.00,0.000,0.000,0.00
1777903340,loop21,0.00,0.00,0.000,0.000,0.00
1777903340,loop22,0.00,0.00,0.000,0.000,0.00
1777903340,loop23,0.00,0.00,0.000,0.000,0.00
1777903340,loop24,0.00,0.00,0.000,0.000,0.00
1777903340,loop25,0.00,0.00,0.000,0.000,0.00
1777903340,loop26,0.00,0.00,0.000,0.000,0.00
1777903340,loop27,0.00,0.00,0.000,0.000,0.00
1777903340,loop28,0.00,0.00,0.000,0.000,0.00
1777903340,loop29,0.00,0.00,0.000,0.000,0.00
1777903340,loop3,0.00,0.00,0.000,0.000,0.00
1777903340,loop30,0.00,0.00,0.000,0.000,0.00
1777903340,loop31,0.00,0.00,0.000,0.000,0.00
1777903340,loop32,0.00,0.00,0.000,0.000,0.00
1777903340,loop33,0.00,0.00,0.000,0.000,0.00
1777903340,loop34,0.00,0.00,0.000,0.000,0.00
1777903340,loop35,0.00,0.00,0.000,0.000,0.00
1777903340,loop36,0.00,0.00,0.000,0.000,0.00
1777903340,loop37,0.00,0.00,0.000,0.000,0.00
1777903340,loop38,0.00,0.00,0.000,0.000,0.00
1777903340,loop39,0.00,0.00,0.000,0.000,0.00
1777903340,loop4,0.00,0.00,0.000,0.000,0.00
1777903340,loop40,0.00,0.00,0.000,0.000,0.00
1777903340,loop5,0.00,0.00,0.000,0.000,0.00
1777903340,loop6,0.00,0.00,0.000,0.000,0.00
1777903340,loop7,0.00,0.00,0.000,0.000,0.00
1777903340,loop8,0.00,0.00,0.000,0.000,0.00
1777903340,loop9,0.00,0.00,0.000,0.000,0.00
1777903340,nvme0n1,0.00,0.00,0.000,0.000,0.00
1777903341,loop0,0.00,0.00,0.000,0.000,0.00
1777903341,loop1,0.00,0.00,0.000,0.000,0.00
1777903341,loop10,0.00,0.00,0.000,0.000,0.00
1777903341,loop11,0.00,0.00,0.000,0.000,0.00
1777903341,loop12,0.00,0.00,0.000,0.000,0.00
1777903341,loop13,0.00,0.00,0.000,0.000,0.00
1777903341,loop14,0.00,0.00,0.000,0.000,0.00
1777903341,loop15,0.00,0.00,0.000,0.000,0.00
1777903341,loop16,0.00,0.00,0.000,0.000,0.00
1777903341,loop17,0.00,0.00,0.000,0.000,0.00
1777903341,loop18,0.00,0.00,0.000,0.000,0.00
1777903341,loop19,0.00,0.00,0.000,0.000,0.00
1777903341,loop2,0.00,0.00,0.000,0.000,0.00
1777903341,loop20,0.00,0.00,0.000,0.000,0.00
1777903341,loop21,0.00,0.00,0.000,0.000,0.00
1777903341,loop22,0.00,0.00,0.000,0.000,0.00
1777903341,loop23,0.00,0.00,0.000,0.000,0.00
1777903341,loop24,0.00,0.00,0.000,0.000,0.00
1777903341,loop25,0.00,0.00,0.000,0.000,0.00
1777903341,loop26,0.00,0.00,0.000,0.000,0.00
1777903341,loop27,0.00,0.00,0.000,0.000,0.00
1777903341,loop28,0.00,0.00,0.000,0.000,0.00
1777903341,loop29,0.00,0.00,0.000,0.000,0.00
1777903341,loop3,0.00,0.00,0.000,0.000,0.00
1777903341,loop30,0.00,0.00,0.000,0.000,0.00
1777903341,loop31,0.00,0.00,0.000,0.000,0.00
1777903341,loop32,0.00,0.00,0.000,0.000,0.00
1777903341,loop33,0.00,0.00,0.000,0.000,0.00
1777903341,loop34,0.00,0.00,0.000,0.000,0.00
1777903341,loop35,0.00,0.00,0.000,0.000,0.00
1777903341,loop36,0.00,0.00,0.000,0.000,0.00
1777903341,loop37,0.00,0.00,0.000,0.000,0.00
1777903341,loop38,0.00,0.00,0.000,0.000,0.00
1777903341,loop39,0.00,0.00,0.000,0.000,0.00
1777903341,loop4,0.00,0.00,0.000,0.000,0.00
1777903341,loop40,0.00,0.00,0.000,0.000,0.00
1777903341,loop5,0.00,0.00,0.000,0.000,0.00
1777903341,loop6,0.00,0.00,0.000,0.000,0.00
1777903341,loop7,0.00,0.00,0.000,0.000,0.00
1777903341,loop8,0.00,0.00,0.000,0.000,0.00
1777903341,loop9,0.00,0.00,0.000,0.000,0.00
1777903341,nvme0n1,0.00,0.00,0.000,0.000,0.60
1777903342,loop0,0.00,0.00,0.000,0.000,0.00
1777903342,loop1,0.00,0.00,0.000,0.000,0.00
1777903342,loop10,0.00,0.00,0.000,0.000,0.00
1777903342,loop11,0.00,0.00,0.000,0.000,0.00
1777903342,loop12,0.00,0.00,0.000,0.000,0.00
1777903342,loop13,0.00,0.00,0.000,0.000,0.00
1777903342,loop14,0.00,0.00,0.000,0.000,0.00
1777903342,loop15,0.00,0.00,0.000,0.000,0.00
1777903342,loop16,0.00,0.00,0.000,0.000,0.00
1777903342,loop17,0.00,0.00,0.000,0.000,0.00
1777903342,loop18,0.00,0.00,0.000,0.000,0.00
1777903342,loop19,0.00,0.00,0.000,0.000,0.00
1777903342,loop2,0.00,0.00,0.000,0.000,0.00
1777903342,loop20,0.00,0.00,0.000,0.000,0.00
1777903342,loop21,0.00,0.00,0.000,0.000,0.00
1777903342,loop22,0.00,0.00,0.000,0.000,0.00
1777903342,loop23,0.00,0.00,0.000,0.000,0.00
1777903342,loop24,0.00,0.00,0.000,0.000,0.00
1777903342,loop25,0.00,0.00,0.000,0.000,0.00
1777903342,loop26,0.00,0.00,0.000,0.000,0.00
1777903342,loop27,0.00,0.00,0.000,0.000,0.00
1777903342,loop28,0.00,0.00,0.000,0.000,0.00
1777903342,loop29,0.00,0.00,0.000,0.000,0.00
1777903342,loop3,0.00,0.00,0.000,0.000,0.00
1777903342,loop30,0.00,0.00,0.000,0.000,0.00
1777903342,loop31,0.00,0.00,0.000,0.000,0.00
1777903342,loop32,0.00,0.00,0.000,0.000,0.00
1777903342,loop33,0.00,0.00,0.000,0.000,0.00
1777903342,loop34,0.00,0.00,0.000,0.000,0.00
1777903342,loop35,0.00,0.00,0.000,0.000,0.00
1777903342,loop36,0.00,0.00,0.000,0.000,0.00
1777903342,loop37,0.00,0.00,0.000,0.000,0.00
1777903342,loop38,0.00,0.00,0.000,0.000,0.00
1777903342,loop39,0.00,0.00,0.000,0.000,0.00
1777903342,loop4,0.00,0.00,0.000,0.000,0.00
1777903342,loop40,0.00,0.00,0.000,0.000,0.00
1777903342,loop5,0.00,0.00,0.000,0.000,0.00
1777903342,loop6,0.00,0.00,0.000,0.000,0.00
1777903342,loop7,0.00,0.00,0.000,0.000,0.00
1777903342,loop8,0.00,0.00,0.000,0.000,0.00
1777903342,loop9,0.00,0.00,0.000,0.000,0.00
1777903342,nvme0n1,0.00,0.00,0.000,0.000,0.50
1777903343,loop0,0.00,0.00,0.000,0.000,0.00
1777903343,loop1,0.00,0.00,0.000,0.000,0.00
1777903343,loop10,0.00,0.00,0.000,0.000,0.00
1777903343,loop11,0.00,0.00,0.000,0.000,0.00
1777903343,loop12,0.00,0.00,0.000,0.000,0.00
1777903343,loop13,0.00,0.00,0.000,0.000,0.00
1777903343,loop14,0.00,0.00,0.000,0.000,0.00
1777903343,loop15,0.00,0.00,0.000,0.000,0.00
1777903343,loop16,0.00,0.00,0.000,0.000,0.00
1777903343,loop17,0.00,0.00,0.000,0.000,0.00
1777903343,loop18,0.00,0.00,0.000,0.000,0.00
1777903343,loop19,0.00,0.00,0.000,0.000,0.00
1777903343,loop2,0.00,0.00,0.000,0.000,0.00
1777903343,loop20,0.00,0.00,0.000,0.000,0.00
1777903343,loop21,0.00,0.00,0.000,0.000,0.00
1777903343,loop22,0.00,0.00,0.000,0.000,0.00
1777903343,loop23,0.00,0.00,0.000,0.000,0.00
1777903343,loop24,0.00,0.00,0.000,0.000,0.00
1777903343,loop25,0.00,0.00,0.000,0.000,0.00
1777903343,loop26,0.00,0.00,0.000,0.000,0.00
1777903343,loop27,0.00,0.00,0.000,0.000,0.00
1777903343,loop28,0.00,0.00,0.000,0.000,0.00
1777903343,loop29,0.00,0.00,0.000,0.000,0.00
1777903343,loop3,0.00,0.00,0.000,0.000,0.00
1777903343,loop30,0.00,0.00,0.000,0.000,0.00
1777903343,loop31,0.00,0.00,0.000,0.000,0.00
1777903343,loop32,0.00,0.00,0.000,0.000,0.00
1777903343,loop33,0.00,0.00,0.000,0.000,0.00
1777903343,loop34,0.00,0.00,0.000,0.000,0.00
1777903343,loop35,0.00,0.00,0.000,0.000,0.00
1777903343,loop36,0.00,0.00,0.000,0.000,0.00
1777903343,loop37,0.00,0.00,0.000,0.000,0.00
1777903343,loop38,0.00,0.00,0.000,0.000,0.00
1777903343,loop39,0.00,0.00,0.000,0.000,0.00
1777903343,loop4,0.00,0.00,0.000,0.000,0.00
1777903343,loop40,0.00,0.00,0.000,0.000,0.00
1777903343,loop5,0.00,0.00,0.000,0.000,0.00
1777903343,loop6,0.00,0.00,0.000,0.000,0.00
1777903343,loop7,0.00,0.00,0.000,0.000,0.00
1777903343,loop8,0.00,0.00,0.000,0.000,0.00
1777903343,loop9,0.00,0.00,0.000,0.000,0.00
1777903343,nvme0n1,0.00,0.00,0.000,0.000,0.00
1777903344,loop0,0.00,0.00,0.000,0.000,0.00
1777903344,loop1,0.00,0.00,0.000,0.000,0.00
1777903344,loop10,0.00,0.00,0.000,0.000,0.00
1777903344,loop11,0.00,0.00,0.000,0.000,0.00
1777903344,loop12,0.00,0.00,0.000,0.000,0.00
1777903344,loop13,0.00,0.00,0.000,0.000,0.00
1777903344,loop14,0.00,0.00,0.000,0.000,0.00
1777903344,loop15,0.00,0.00,0.000,0.000,0.00
1777903344,loop16,0.00,0.00,0.000,0.000,0.00
1777903344,loop17,0.00,0.00,0.000,0.000,0.00
1777903344,loop18,0.00,0.00,0.000,0.000,0.00
1777903344,loop19,0.00,0.00,0.000,0.000,0.00
1777903344,loop2,0.00,0.00,0.000,0.000,0.00
1777903344,loop20,0.00,0.00,0.000,0.000,0.00
1777903344,loop21,0.00,0.00,0.000,0.000,0.00
1777903344,loop22,0.00,0.00,0.000,0.000,0.00
1777903344,loop23,0.00,0.00,0.000,0.000,0.00
1777903344,loop24,0.00,0.00,0.000,0.000,0.00
1777903344,loop25,0.00,0.00,0.000,0.000,0.00
1777903344,loop26,0.00,0.00,0.000,0.000,0.00
1777903344,loop27,0.00,0.00,0.000,0.000,0.00
1777903344,loop28,0.00,0.00,0.000,0.000,0.00
1777903344,loop29,0.00,0.00,0.000,0.000,0.00
1777903344,loop3,0.00,0.00,0.000,0.000,0.00
1777903344,loop30,0.00,0.00,0.000,0.000,0.00
1777903344,loop31,0.00,0.00,0.000,0.000,0.00
1777903344,loop32,0.00,0.00,0.000,0.000,0.00
1777903344,loop33,0.00,0.00,0.000,0.000,0.00
1777903344,loop34,0.00,0.00,0.000,0.000,0.00
1777903344,loop35,0.00,0.00,0.000,0.000,0.00
1777903344,loop36,0.00,0.00,0.000,0.000,0.00
1777903344,loop37,0.00,0.00,0.000,0.000,0.00
1777903344,loop38,0.00,0.00,0.000,0.000,0.00
1777903344,loop39,0.00,0.00,0.000,0.000,0.00
1777903344,loop4,0.00,0.00,0.000,0.000,0.00
1777903344,loop40,0.00,0.00,0.000,0.000,0.00
1777903344,loop5,0.00,0.00,0.000,0.000,0.00
1777903344,loop6,0.00,0.00,0.000,0.000,0.00
1777903344,loop7,0.00,0.00,0.000,0.000,0.00
1777903344,loop8,0.00,0.00,0.000,0.000,0.00
1777903344,loop9,0.00,0.00,0.000,0.000,0.00
1777903344,nvme0n1,0.00,0.00,0.000,0.000,0.00
1777903345,loop0,0.00,0.00,0.000,0.000,0.00
1777903345,loop1,0.00,0.00,0.000,0.000,0.00
1777903345,loop10,0.00,0.00,0.000,0.000,0.00
1777903345,loop11,0.00,0.00,0.000,0.000,0.00
1777903345,loop12,0.00,0.00,0.000,0.000,0.00
1777903345,loop13,0.00,0.00,0.000,0.000,0.00
1777903345,loop14,0.00,0.00,0.000,0.000,0.00
1777903345,loop15,0.00,0.00,0.000,0.000,0.00
1777903345,loop16,0.00,0.00,0.000,0.000,0.00
1777903345,loop17,0.00,0.00,0.000,0.000,0.00
1777903345,loop18,0.00,0.00,0.000,0.000,0.00
1777903345,loop19,0.00,0.00,0.000,0.000,0.00
1777903345,loop2,0.00,0.00,0.000,0.000,0.00
1777903345,loop20,0.00,0.00,0.000,0.000,0.00
1777903345,loop21,0.00,0.00,0.000,0.000,0.00
1777903345,loop22,0.00,0.00,0.000,0.000,0.00
1777903345,loop23,0.00,0.00,0.000,0.000,0.00
1777903345,loop24,0.00,0.00,0.000,0.000,0.00
1777903345,loop25,0.00,0.00,0.000,0.000,0.00
1777903345,loop26,0.00,0.00,0.000,0.000,0.00
1777903345,loop27,0.00,0.00,0.000,0.000,0.00
1777903345,loop28,0.00,0.00,0.000,0.000,0.00
1777903345,loop29,0.00,0.00,0.000,0.000,0.00
1777903345,loop3,0.00,0.00,0.000,0.000,0.00
1777903345,loop30,0.00,0.00,0.000,0.000,0.00
1777903345,loop31,0.00,0.00,0.000,0.000,0.00
1777903345,loop32,0.00,0.00,0.000,0.000,0.00
1777903345,loop33,0.00,0.00,0.000,0.000,0.00
1777903345,loop34,0.00,0.00,0.000,0.000,0.00
1777903345,loop35,0.00,0.00,0.000,0.000,0.00
1777903345,loop36,0.00,0.00,0.000,0.000,0.00
1777903345,loop37,0.00,0.00,0.000,0.000,0.00
1777903345,loop38,0.00,0.00,0.000,0.000,0.00
1777903345,loop39,0.00,0.00,0.000,0.000,0.00
1777903345,loop4,0.00,0.00,0.000,0.000,0.00
1777903345,loop40,0.00,0.00,0.000,0.000,0.00
1777903345,loop5,0.00,0.00,0.000,0.000,0.00
1777903345,loop6,0.00,0.00,0.000,0.000,0.00
1777903345,loop7,0.00,0.00,0.000,0.000,0.00
1777903345,loop8,0.00,0.00,0.000,0.000,0.00
1777903345,loop9,0.00,0.00,0.000,0.000,0.00
1777903345,nvme0n1,0.00,0.00,0.000,0.000,0.00
1777903346,loop0,0.00,0.00,0.000,0.000,0.00
1777903346,loop1,0.00,0.00,0.000,0.000,0.00
1777903346,loop10,0.00,0.00,0.000,0.000,0.00
1777903346,loop11,0.00,0.00,0.000,0.000,0.00
1777903346,loop12,0.00,0.00,0.000,0.000,0.00
1777903346,loop13,0.00,0.00,0.000,0.000,0.00
1777903346,loop14,0.00,0.00,0.000,0.000,0.00
1777903346,loop15,0.00,0.00,0.000,0.000,0.00
1777903346,loop16,0.00,0.00,0.000,0.000,0.00
1777903346,loop17,0.00,0.00,0.000,0.000,0.00
1777903346,loop18,0.00,0.00,0.000,0.000,0.00
1777903346,loop19,0.00,0.00,0.000,0.000,0.00
1777903346,loop2,0.00,0.00,0.000,0.000,0.00
1777903346,loop20,0.00,0.00,0.000,0.000,0.00
1777903346,loop21,0.00,0.00,0.000,0.000,0.00
1777903346,loop22,0.00,0.00,0.000,0.000,0.00
1777903346,loop23,0.00,0.00,0.000,0.000,0.00
1777903346,loop24,0.00,0.00,0.000,0.000,0.00
1777903346,loop25,0.00,0.00,0.000,0.000,0.00
1777903346,loop26,0.00,0.00,0.000,0.000,0.00
1777903346,loop27,0.00,0.00,0.000,0.000,0.00
1777903346,loop28,0.00,0.00,0.000,0.000,0.00
1777903346,loop29,0.00,0.00,0.000,0.000,0.00
1777903346,loop3,0.00,0.00,0.000,0.000,0.00
1777903346,loop30,0.00,0.00,0.000,0.000,0.00
1777903346,loop31,0.00,0.00,0.000,0.000,0.00
1777903346,loop32,0.00,0.00,0.000,0.000,0.00
1777903346,loop33,0.00,0.00,0.000,0.000,0.00
1777903346,loop34,0.00,0.00,0.000,0.000,0.00
1777903346,loop35,0.00,0.00,0.000,0.000,0.00
1777903346,loop36,0.00,0.00,0.000,0.000,0.00
1777903346,loop37,0.00,0.00,0.000,0.000,0.00
1777903346,loop38,0.00,0.00,0.000,0.000,0.00
1777903346,loop39,0.00,0.00,0.000,0.000,0.00
1777903346,loop4,0.00,0.00,0.000,0.000,0.00
1777903346,loop40,0.00,0.00,0.000,0.000,0.00
1777903346,loop5,0.00,0.00,0.000,0.000,0.00
1777903346,loop6,0.00,0.00,0.000,0.000,0.00
1777903346,loop7,0.00,0.00,0.000,0.000,0.00
1777903346,loop8,0.00,0.00,0.000,0.000,0.00
1777903346,loop9,0.00,0.00,0.000,0.000,0.00
1777903346,nvme0n1,0.00,0.00,0.000,0.000,0.00
1777903347,loop0,0.00,0.00,0.000,0.000,0.00
1777903347,loop1,0.00,0.00,0.000,0.000,0.00
1777903347,loop10,0.00,0.00,0.000,0.000,0.00
1777903347,loop11,0.00,0.00,0.000,0.000,0.00
1777903347,loop12,0.00,0.00,0.000,0.000,0.00
1777903347,loop13,0.00,0.00,0.000,0.000,0.00
1777903347,loop14,0.00,0.00,0.000,0.000,0.00
1777903347,loop15,0.00,0.00,0.000,0.000,0.00
1777903347,loop16,0.00,0.00,0.000,0.000,0.00
1777903347,loop17,0.00,0.00,0.000,0.000,0.00
1777903347,loop18,0.00,0.00,0.000,0.000,0.00
1777903347,loop19,0.00,0.00,0.000,0.000,0.00
1777903347,loop2,0.00,0.00,0.000,0.000,0.00
1777903347,loop20,0.00,0.00,0.000,0.000,0.00
1777903347,loop21,0.00,0.00,0.000,0.000,0.00
1777903347,loop22,0.00,0.00,0.000,0.000,0.00
1777903347,loop23,0.00,0.00,0.000,0.000,0.00
1777903347,loop24,0.00,0.00,0.000,0.000,0.00
1777903347,loop25,0.00,0.00,0.000,0.000,0.00
1777903347,loop26,0.00,0.00,0.000,0.000,0.00
1777903347,loop27,0.00,0.00,0.000,0.000,0.00
1777903347,loop28,0.00,0.00,0.000,0.000,0.00
1777903347,loop29,0.00,0.00,0.000,0.000,0.00
1777903347,loop3,0.00,0.00,0.000,0.000,0.00
1777903347,loop30,0.00,0.00,0.000,0.000,0.00
1777903347,loop31,0.00,0.00,0.000,0.000,0.00
1777903347,loop32,0.00,0.00,0.000,0.000,0.00
1777903347,loop33,0.00,0.00,0.000,0.000,0.00
1777903347,loop34,0.00,0.00,0.000,0.000,0.00
1777903347,loop35,0.00,0.00,0.000,0.000,0.00
1777903347,loop36,0.00,0.00,0.000,0.000,0.00
1777903347,loop37,0.00,0.00,0.000,0.000,0.00
1777903347,loop38,0.00,0.00,0.000,0.000,0.00
1777903347,loop39,0.00,0.00,0.000,0.000,0.00
1777903347,loop4,0.00,0.00,0.000,0.000,0.00
1777903347,loop40,0.00,0.00,0.000,0.000,0.00
1777903347,loop5,0.00,0.00,0.000,0.000,0.00
1777903347,loop6,0.00,0.00,0.000,0.000,0.00
1777903347,loop7,0.00,0.00,0.000,0.000,0.00
1777903347,loop8,0.00,0.00,0.000,0.000,0.00
1777903347,loop9,0.00,0.00,0.000,0.000,0.00
1777903347,nvme0n1,0.00,0.00,0.000,0.000,5.90
1777903348,loop0,0.00,0.00,0.000,0.000,0.00
1777903348,loop1,0.00,0.00,0.000,0.000,0.00
1777903348,loop10,0.00,0.00,0.000,0.000,0.00
1777903348,loop11,0.00,0.00,0.000,0.000,0.00
1777903348,loop12,0.00,0.00,0.000,0.000,0.00
1777903348,loop13,0.00,0.00,0.000,0.000,0.00
1777903348,loop14,0.00,0.00,0.000,0.000,0.00
1777903348,loop15,0.00,0.00,0.000,0.000,0.00
1777903348,loop16,0.00,0.00,0.000,0.000,0.00
1777903348,loop17,0.00,0.00,0.000,0.000,0.00
1777903348,loop18,0.00,0.00,0.000,0.000,0.00
1777903348,loop19,0.00,0.00,0.000,0.000,0.00
1777903348,loop2,0.00,0.00,0.000,0.000,0.00
1777903348,loop20,0.00,0.00,0.000,0.000,0.00
1777903348,loop21,0.00,0.00,0.000,0.000,0.00
1777903348,loop22,0.00,0.00,0.000,0.000,0.00
1777903348,loop23,0.00,0.00,0.000,0.000,0.00
1777903348,loop24,0.00,0.00,0.000,0.000,0.00
1777903348,loop25,0.00,0.00,0.000,0.000,0.00
1777903348,loop26,0.00,0.00,0.000,0.000,0.00
1777903348,loop27,0.00,0.00,0.000,0.000,0.00
1777903348,loop28,0.00,0.00,0.000,0.000,0.00
1777903348,loop29,0.00,0.00,0.000,0.000,0.00
1777903348,loop3,0.00,0.00,0.000,0.000,0.00
1777903348,loop30,0.00,0.00,0.000,0.000,0.00
1777903348,loop31,0.00,0.00,0.000,0.000,0.00
1777903348,loop32,0.00,0.00,0.000,0.000,0.00
1777903348,loop33,0.00,0.00,0.000,0.000,0.00
1777903348,loop34,0.00,0.00,0.000,0.000,0.00
1777903348,loop35,0.00,0.00,0.000,0.000,0.00
1777903348,loop36,0.00,0.00,0.000,0.000,0.00
1777903348,loop37,0.00,0.00,0.000,0.000,0.00
1777903348,loop38,0.00,0.00,0.000,0.000,0.00
1777903348,loop39,0.00,0.00,0.000,0.000,0.00
1777903348,loop4,0.00,0.00,0.000,0.000,0.00
1777903348,loop40,0.00,0.00,0.000,0.000,0.00
1777903348,loop5,0.00,0.00,0.000,0.000,0.00
1777903348,loop6,0.00,0.00,0.000,0.000,0.00
1777903348,loop7,0.00,0.00,0.000,0.000,0.00
1777903348,loop8,0.00,0.00,0.000,0.000,0.00
1777903348,loop9,0.00,0.00,0.000,0.000,0.00
1777903348,nvme0n1,0.00,0.00,0.000,0.000,0.00
1777903349,loop0,0.00,0.00,0.000,0.000,0.00
1777903349,loop1,0.00,0.00,0.000,0.000,0.00
1777903349,loop10,0.00,0.00,0.000,0.000,0.00
1777903349,loop11,0.00,0.00,0.000,0.000,0.00
1777903349,loop12,0.00,0.00,0.000,0.000,0.00
1777903349,loop13,0.00,0.00,0.000,0.000,0.00
1777903349,loop14,0.00,0.00,0.000,0.000,0.00
1777903349,loop15,0.00,0.00,0.000,0.000,0.00
1777903349,loop16,0.00,0.00,0.000,0.000,0.00
1777903349,loop17,0.00,0.00,0.000,0.000,0.00
1777903349,loop18,0.00,0.00,0.000,0.000,0.00
1777903349,loop19,0.00,0.00,0.000,0.000,0.00
1777903349,loop2,0.00,0.00,0.000,0.000,0.00
1777903349,loop20,0.00,0.00,0.000,0.000,0.00
1777903349,loop21,0.00,0.00,0.000,0.000,0.00
1777903349,loop22,0.00,0.00,0.000,0.000,0.00
1777903349,loop23,0.00,0.00,0.000,0.000,0.00
1777903349,loop24,0.00,0.00,0.000,0.000,0.00
1777903349,loop25,0.00,0.00,0.000,0.000,0.00
1777903349,loop26,0.00,0.00,0.000,0.000,0.00
1777903349,loop27,0.00,0.00,0.000,0.000,0.00
1777903349,loop28,0.00,0.00,0.000,0.000,0.00
1777903349,loop29,0.00,0.00,0.000,0.000,0.00
1777903349,loop3,0.00,0.00,0.000,0.000,0.00
1777903349,loop30,0.00,0.00,0.000,0.000,0.00
1777903349,loop31,0.00,0.00,0.000,0.000,0.00
1777903349,loop32,0.00,0.00,0.000,0.000,0.00
1777903349,loop33,0.00,0.00,0.000,0.000,0.00
1777903349,loop34,0.00,0.00,0.000,0.000,0.00
1777903349,loop35,0.00,0.00,0.000,0.000,0.00
1777903349,loop36,0.00,0.00,0.000,0.000,0.00
1777903349,loop37,0.00,0.00,0.000,0.000,0.00
1777903349,loop38,0.00,0.00,0.000,0.000,0.00
1777903349,loop39,0.00,0.00,0.000,0.000,0.00
1777903349,loop4,0.00,0.00,0.000,0.000,0.00
1777903349,loop40,0.00,0.00,0.000,0.000,0.00
1777903349,loop5,0.00,0.00,0.000,0.000,0.00
1777903349,loop6,0.00,0.00,0.000,0.000,0.00
1777903349,loop7,0.00,0.00,0.000,0.000,0.00
1777903349,loop8,0.00,0.00,0.000,0.000,0.00
1777903349,loop9,0.00,0.00,0.000,0.000,0.00
1777903349,nvme0n1,0.00,0.00,0.000,0.000,0.00
1777903350,loop0,0.00,0.00,0.000,0.000,0.00
1777903350,loop1,0.00,0.00,0.000,0.000,0.00
1777903350,loop10,0.00,0.00,0.000,0.000,0.00
1777903350,loop11,0.00,0.00,0.000,0.000,0.00
1777903350,loop12,0.00,0.00,0.000,0.000,0.00
1777903350,loop13,0.00,0.00,0.000,0.000,0.00
1777903350,loop14,0.00,0.00,0.000,0.000,0.00
1777903350,loop15,0.00,0.00,0.000,0.000,0.00
1777903350,loop16,0.00,0.00,0.000,0.000,0.00
1777903350,loop17,0.00,0.00,0.000,0.000,0.00
1777903350,loop18,0.00,0.00,0.000,0.000,0.00
1777903350,loop19,0.00,0.00,0.000,0.000,0.00
1777903350,loop2,0.00,0.00,0.000,0.000,0.00
1777903350,loop20,0.00,0.00,0.000,0.000,0.00
1777903350,loop21,0.00,0.00,0.000,0.000,0.00
1777903350,loop22,0.00,0.00,0.000,0.000,0.00
1777903350,loop23,0.00,0.00,0.000,0.000,0.00
1777903350,loop24,0.00,0.00,0.000,0.000,0.00
1777903350,loop25,0.00,0.00,0.000,0.000,0.00
1777903350,loop26,0.00,0.00,0.000,0.000,0.00
1777903350,loop27,0.00,0.00,0.000,0.000,0.00
1777903350,loop28,0.00,0.00,0.000,0.000,0.00
1777903350,loop29,0.00,0.00,0.000,0.000,0.00
1777903350,loop3,0.00,0.00,0.000,0.000,0.00
1777903350,loop30,0.00,0.00,0.000,0.000,0.00
1777903350,loop31,0.00,0.00,0.000,0.000,0.00
1777903350,loop32,0.00,0.00,0.000,0.000,0.00
1777903350,loop33,0.00,0.00,0.000,0.000,0.00
1777903350,loop34,0.00,0.00,0.000,0.000,0.00
1777903350,loop35,0.00,0.00,0.000,0.000,0.00
1777903350,loop36,0.00,0.00,0.000,0.000,0.00
1777903350,loop37,0.00,0.00,0.000,0.000,0.00
1777903350,loop38,0.00,0.00,0.000,0.000,0.00
1777903350,loop39,0.00,0.00,0.000,0.000,0.00
1777903350,loop4,0.00,0.00,0.000,0.000,0.00
1777903350,loop40,0.00,0.00,0.000,0.000,0.00
1777903350,loop5,0.00,0.00,0.000,0.000,0.00
1777903350,loop6,0.00,0.00,0.000,0.000,0.00
1777903350,loop7,0.00,0.00,0.000,0.000,0.00
1777903350,loop8,0.00,0.00,0.000,0.000,0.00
1777903350,loop9,0.00,0.00,0.000,0.000,0.00
1777903350,nvme0n1,23.00,320.00,0.003,0.011,3.20
1777903351,loop0,0.00,0.00,0.000,0.000,0.00
1777903351,loop1,0.00,0.00,0.000,0.000,0.00
1777903351,loop10,0.00,0.00,0.000,0.000,0.00
1777903351,loop11,0.00,0.00,0.000,0.000,0.00
1777903351,loop12,0.00,0.00,0.000,0.000,0.00
1777903351,loop13,0.00,0.00,0.000,0.000,0.00
1777903351,loop14,0.00,0.00,0.000,0.000,0.00
1777903351,loop15,0.00,0.00,0.000,0.000,0.00
1777903351,loop16,0.00,0.00,0.000,0.000,0.00
1777903351,loop17,0.00,0.00,0.000,0.000,0.00
1777903351,loop18,0.00,0.00,0.000,0.000,0.00
1777903351,loop19,0.00,0.00,0.000,0.000,0.00
1777903351,loop2,0.00,0.00,0.000,0.000,0.00
1777903351,loop20,0.00,0.00,0.000,0.000,0.00
1777903351,loop21,0.00,0.00,0.000,0.000,0.00
1777903351,loop22,0.00,0.00,0.000,0.000,0.00
1777903351,loop23,0.00,0.00,0.000,0.000,0.00
1777903351,loop24,0.00,0.00,0.000,0.000,0.00
1777903351,loop25,0.00,0.00,0.000,0.000,0.00
1777903351,loop26,0.00,0.00,0.000,0.000,0.00
1777903351,loop27,0.00,0.00,0.000,0.000,0.00
1777903351,loop28,0.00,0.00,0.000,0.000,0.00
1777903351,loop29,0.00,0.00,0.000,0.000,0.00
1777903351,loop3,0.00,0.00,0.000,0.000,0.00
1777903351,loop30,0.00,0.00,0.000,0.000,0.00
1777903351,loop31,0.00,0.00,0.000,0.000,0.00
1777903351,loop32,0.00,0.00,0.000,0.000,0.00
1777903351,loop33,0.00,0.00,0.000,0.000,0.00
1777903351,loop34,0.00,0.00,0.000,0.000,0.00
1777903351,loop35,0.00,0.00,0.000,0.000,0.00
1777903351,loop36,0.00,0.00,0.000,0.000,0.00
1777903351,loop37,0.00,0.00,0.000,0.000,0.00
1777903351,loop38,0.00,0.00,0.000,0.000,0.00
1777903351,loop39,0.00,0.00,0.000,0.000,0.00
1777903351,loop4,0.00,0.00,0.000,0.000,0.00
1777903351,loop40,0.00,0.00,0.000,0.000,0.00
1777903351,loop5,0.00,0.00,0.000,0.000,0.00
1777903351,loop6,0.00,0.00,0.000,0.000,0.00
1777903351,loop7,0.00,0.00,0.000,0.000,0.00
1777903351,loop8,0.00,0.00,0.000,0.000,0.00
1777903351,loop9,0.00,0.00,0.000,0.000,0.00
1777903351,nvme0n1,0.00,0.00,0.000,0.000,0.30
1777903352,loop0,0.00,0.00,0.000,0.000,0.00
1777903352,loop1,0.00,0.00,0.000,0.000,0.00
1777903352,loop10,0.00,0.00,0.000,0.000,0.00
1777903352,loop11,0.00,0.00,0.000,0.000,0.00
1777903352,loop12,0.00,0.00,0.000,0.000,0.00
1777903352,loop13,0.00,0.00,0.000,0.000,0.00
1777903352,loop14,0.00,0.00,0.000,0.000,0.00
1777903352,loop15,0.00,0.00,0.000,0.000,0.00
1777903352,loop16,0.00,0.00,0.000,0.000,0.00
1777903352,loop17,0.00,0.00,0.000,0.000,0.00
1777903352,loop18,0.00,0.00,0.000,0.000,0.00
1777903352,loop19,0.00,0.00,0.000,0.000,0.00
1777903352,loop2,0.00,0.00,0.000,0.000,0.00
1777903352,loop20,0.00,0.00,0.000,0.000,0.00
1777903352,loop21,0.00,0.00,0.000,0.000,0.00
1777903352,loop22,0.00,0.00,0.000,0.000,0.00
1777903352,loop23,0.00,0.00,0.000,0.000,0.00
1777903352,loop24,0.00,0.00,0.000,0.000,0.00
1777903352,loop25,0.00,0.00,0.000,0.000,0.00
1777903352,loop26,0.00,0.00,0.000,0.000,0.00
1777903352,loop27,0.00,0.00,0.000,0.000,0.00
1777903352,loop28,0.00,0.00,0.000,0.000,0.00
1777903352,loop29,0.00,0.00,0.000,0.000,0.00
1777903352,loop3,0.00,0.00,0.000,0.000,0.00
1777903352,loop30,0.00,0.00,0.000,0.000,0.00
1777903352,loop31,0.00,0.00,0.000,0.000,0.00
1777903352,loop32,0.00,0.00,0.000,0.000,0.00
1777903352,loop33,0.00,0.00,0.000,0.000,0.00
1777903352,loop34,0.00,0.00,0.000,0.000,0.00
1777903352,loop35,0.00,0.00,0.000,0.000,0.00
1777903352,loop36,0.00,0.00,0.000,0.000,0.00
1777903352,loop37,0.00,0.00,0.000,0.000,0.00
1777903352,loop38,0.00,0.00,0.000,0.000,0.00
1777903352,loop39,0.00,0.00,0.000,0.000,0.00
1777903352,loop4,0.00,0.00,0.000,0.000,0.00
1777903352,loop40,0.00,0.00,0.000,0.000,0.00
1777903352,loop5,0.00,0.00,0.000,0.000,0.00
1777903352,loop6,0.00,0.00,0.000,0.000,0.00
1777903352,loop7,0.00,0.00,0.000,0.000,0.00
1777903352,loop8,0.00,0.00,0.000,0.000,0.00
1777903352,loop9,0.00,0.00,0.000,0.000,0.00
1777903352,nvme0n1,0.00,0.00,0.000,0.000,0.00
1777903353,loop0,0.00,0.00,0.000,0.000,0.00
1777903353,loop1,0.00,0.00,0.000,0.000,0.00
1777903353,loop10,0.00,0.00,0.000,0.000,0.00
1777903353,loop11,0.00,0.00,0.000,0.000,0.00
1777903353,loop12,0.00,0.00,0.000,0.000,0.00
1777903353,loop13,0.00,0.00,0.000,0.000,0.00
1777903353,loop14,0.00,0.00,0.000,0.000,0.00
1777903353,loop15,0.00,0.00,0.000,0.000,0.00
1777903353,loop16,0.00,0.00,0.000,0.000,0.00
1777903353,loop17,0.00,0.00,0.000,0.000,0.00
1777903353,loop18,0.00,0.00,0.000,0.000,0.00
1777903353,loop19,0.00,0.00,0.000,0.000,0.00
1777903353,loop2,0.00,0.00,0.000,0.000,0.00
1777903353,loop20,0.00,0.00,0.000,0.000,0.00
1777903353,loop21,0.00,0.00,0.000,0.000,0.00
1777903353,loop22,0.00,0.00,0.000,0.000,0.00
1777903353,loop23,0.00,0.00,0.000,0.000,0.00
1777903353,loop24,0.00,0.00,0.000,0.000,0.00
1777903353,loop25,0.00,0.00,0.000,0.000,0.00
1777903353,loop26,0.00,0.00,0.000,0.000,0.00
1777903353,loop27,0.00,0.00,0.000,0.000,0.00
1777903353,loop28,0.00,0.00,0.000,0.000,0.00
1777903353,loop29,0.00,0.00,0.000,0.000,0.00
1777903353,loop3,0.00,0.00,0.000,0.000,0.00
1777903353,loop30,0.00,0.00,0.000,0.000,0.00
1777903353,loop31,0.00,0.00,0.000,0.000,0.00
1777903353,loop32,0.00,0.00,0.000,0.000,0.00
1777903353,loop33,0.00,0.00,0.000,0.000,0.00
1777903353,loop34,0.00,0.00,0.000,0.000,0.00
1777903353,loop35,0.00,0.00,0.000,0.000,0.00
1777903353,loop36,0.00,0.00,0.000,0.000,0.00
1777903353,loop37,0.00,0.00,0.000,0.000,0.00
1777903353,loop38,0.00,0.00,0.000,0.000,0.00
1777903353,loop39,0.00,0.00,0.000,0.000,0.00
1777903353,loop4,0.00,0.00,0.000,0.000,0.00
1777903353,loop40,0.00,0.00,0.000,0.000,0.00
1777903353,loop5,0.00,0.00,0.000,0.000,0.00
1777903353,loop6,0.00,0.00,0.000,0.000,0.00
1777903353,loop7,0.00,0.00,0.000,0.000,0.00
1777903353,loop8,0.00,0.00,0.000,0.000,0.00
1777903353,loop9,0.00,0.00,0.000,0.000,0.00
1777903353,nvme0n1,0.00,0.00,0.000,0.000,0.60
1777903354,loop0,0.00,0.00,0.000,0.000,0.00
1777903354,loop1,0.00,0.00,0.000,0.000,0.00
1777903354,loop10,0.00,0.00,0.000,0.000,0.00
1777903354,loop11,0.00,0.00,0.000,0.000,0.00
1777903354,loop12,0.00,0.00,0.000,0.000,0.00
1777903354,loop13,0.00,0.00,0.000,0.000,0.00
1777903354,loop14,0.00,0.00,0.000,0.000,0.00
1777903354,loop15,0.00,0.00,0.000,0.000,0.00
1777903354,loop16,0.00,0.00,0.000,0.000,0.00
1777903354,loop17,0.00,0.00,0.000,0.000,0.00
1777903354,loop18,0.00,0.00,0.000,0.000,0.00
1777903354,loop19,0.00,0.00,0.000,0.000,0.00
1777903354,loop2,0.00,0.00,0.000,0.000,0.00
1777903354,loop20,0.00,0.00,0.000,0.000,0.00
1777903354,loop21,0.00,0.00,0.000,0.000,0.00
1777903354,loop22,0.00,0.00,0.000,0.000,0.00
1777903354,loop23,0.00,0.00,0.000,0.000,0.00
1777903354,loop24,0.00,0.00,0.000,0.000,0.00
1777903354,loop25,0.00,0.00,0.000,0.000,0.00
1777903354,loop26,0.00,0.00,0.000,0.000,0.00
1777903354,loop27,0.00,0.00,0.000,0.000,0.00
1777903354,loop28,0.00,0.00,0.000,0.000,0.00
1777903354,loop29,0.00,0.00,0.000,0.000,0.00
1777903354,loop3,0.00,0.00,0.000,0.000,0.00
1777903354,loop30,0.00,0.00,0.000,0.000,0.00
1777903354,loop31,0.00,0.00,0.000,0.000,0.00
1777903354,loop32,0.00,0.00,0.000,0.000,0.00
1777903354,loop33,0.00,0.00,0.000,0.000,0.00
1777903354,loop34,0.00,0.00,0.000,0.000,0.00
1777903354,loop35,0.00,0.00,0.000,0.000,0.00
1777903354,loop36,0.00,0.00,0.000,0.000,0.00
1777903354,loop37,0.00,0.00,0.000,0.000,0.00
1777903354,loop38,0.00,0.00,0.000,0.000,0.00
1777903354,loop39,0.00,0.00,0.000,0.000,0.00
1777903354,loop4,0.00,0.00,0.000,0.000,0.00
1777903354,loop40,0.00,0.00,0.000,0.000,0.00
1777903354,loop5,0.00,0.00,0.000,0.000,0.00
1777903354,loop6,0.00,0.00,0.000,0.000,0.00
1777903354,loop7,0.00,0.00,0.000,0.000,0.00
1777903354,loop8,0.00,0.00,0.000,0.000,0.00
1777903354,loop9,0.00,0.00,0.000,0.000,0.00
1777903354,nvme0n1,0.00,0.00,0.000,0.000,0.00
1777903355,loop0,0.00,0.00,0.000,0.000,0.00
1777903355,loop1,0.00,0.00,0.000,0.000,0.00
1777903355,loop10,0.00,0.00,0.000,0.000,0.00
1777903355,loop11,0.00,0.00,0.000,0.000,0.00
1777903355,loop12,0.00,0.00,0.000,0.000,0.00
1777903355,loop13,0.00,0.00,0.000,0.000,0.00
1777903355,loop14,0.00,0.00,0.000,0.000,0.00
1777903355,loop15,0.00,0.00,0.000,0.000,0.00
1777903355,loop16,0.00,0.00,0.000,0.000,0.00
1777903355,loop17,0.00,0.00,0.000,0.000,0.00
1777903355,loop18,0.00,0.00,0.000,0.000,0.00
1777903355,loop19,0.00,0.00,0.000,0.000,0.00
1777903355,loop2,0.00,0.00,0.000,0.000,0.00
1777903355,loop20,0.00,0.00,0.000,0.000,0.00
1777903355,loop21,0.00,0.00,0.000,0.000,0.00
1777903355,loop22,0.00,0.00,0.000,0.000,0.00
1777903355,loop23,0.00,0.00,0.000,0.000,0.00
1777903355,loop24,0.00,0.00,0.000,0.000,0.00
1777903355,loop25,0.00,0.00,0.000,0.000,0.00
1777903355,loop26,0.00,0.00,0.000,0.000,0.00
1777903355,loop27,0.00,0.00,0.000,0.000,0.00
1777903355,loop28,0.00,0.00,0.000,0.000,0.00
1777903355,loop29,0.00,0.00,0.000,0.000,0.00
1777903355,loop3,0.00,0.00,0.000,0.000,0.00
1777903355,loop30,0.00,0.00,0.000,0.000,0.00
1777903355,loop31,0.00,0.00,0.000,0.000,0.00
1777903355,loop32,0.00,0.00,0.000,0.000,0.00
1777903355,loop33,0.00,0.00,0.000,0.000,0.00
1777903355,loop34,0.00,0.00,0.000,0.000,0.00
1777903355,loop35,0.00,0.00,0.000,0.000,0.00
1777903355,loop36,0.00,0.00,0.000,0.000,0.00
1777903355,loop37,0.00,0.00,0.000,0.000,0.00
1777903355,loop38,0.00,0.00,0.000,0.000,0.00
1777903355,loop39,0.00,0.00,0.000,0.000,0.00
1777903355,loop4,0.00,0.00,0.000,0.000,0.00
1777903355,loop40,0.00,0.00,0.000,0.000,0.00
1777903355,loop5,0.00,0.00,0.000,0.000,0.00
1777903355,loop6,0.00,0.00,0.000,0.000,0.00
1777903355,loop7,0.00,0.00,0.000,0.000,0.00
1777903355,loop8,0.00,0.00,0.000,0.000,0.00
1777903355,loop9,0.00,0.00,0.000,0.000,0.00
1777903355,nvme0n1,0.00,0.00,0.000,0.000,1.10
1777903356,loop0,0.00,0.00,0.000,0.000,0.00
1777903356,loop1,0.00,0.00,0.000,0.000,0.00
1777903356,loop10,0.00,0.00,0.000,0.000,0.00
1777903356,loop11,0.00,0.00,0.000,0.000,0.00
1777903356,loop12,0.00,0.00,0.000,0.000,0.00
1777903356,loop13,0.00,0.00,0.000,0.000,0.00
1777903356,loop14,0.00,0.00,0.000,0.000,0.00
1777903356,loop15,0.00,0.00,0.000,0.000,0.00
1777903356,loop16,0.00,0.00,0.000,0.000,0.00
1777903356,loop17,0.00,0.00,0.000,0.000,0.00
1777903356,loop18,0.00,0.00,0.000,0.000,0.00
1777903356,loop19,0.00,0.00,0.000,0.000,0.00
1777903356,loop2,0.00,0.00,0.000,0.000,0.00
1777903356,loop20,0.00,0.00,0.000,0.000,0.00
1777903356,loop21,0.00,0.00,0.000,0.000,0.00
1777903356,loop22,0.00,0.00,0.000,0.000,0.00
1777903356,loop23,0.00,0.00,0.000,0.000,0.00
1777903356,loop24,0.00,0.00,0.000,0.000,0.00
1777903356,loop25,0.00,0.00,0.000,0.000,0.00
1777903356,loop26,0.00,0.00,0.000,0.000,0.00
1777903356,loop27,0.00,0.00,0.000,0.000,0.00
1777903356,loop28,0.00,0.00,0.000,0.000,0.00
1777903356,loop29,0.00,0.00,0.000,0.000,0.00
1777903356,loop3,0.00,0.00,0.000,0.000,0.00
1777903356,loop30,0.00,0.00,0.000,0.000,0.00
1777903356,loop31,0.00,0.00,0.000,0.000,0.00
1777903356,loop32,0.00,0.00,0.000,0.000,0.00
1777903356,loop33,0.00,0.00,0.000,0.000,0.00
1777903356,loop34,0.00,0.00,0.000,0.000,0.00
1777903356,loop35,0.00,0.00,0.000,0.000,0.00
1777903356,loop36,0.00,0.00,0.000,0.000,0.00
1777903356,loop37,0.00,0.00,0.000,0.000,0.00
1777903356,loop38,0.00,0.00,0.000,0.000,0.00
1777903356,loop39,0.00,0.00,0.000,0.000,0.00
1777903356,loop4,0.00,0.00,0.000,0.000,0.00
1777903356,loop40,0.00,0.00,0.000,0.000,0.00
1777903356,loop5,0.00,0.00,0.000,0.000,0.00
1777903356,loop6,0.00,0.00,0.000,0.000,0.00
1777903356,loop7,0.00,0.00,0.000,0.000,0.00
1777903356,loop8,0.00,0.00,0.000,0.000,0.00
1777903356,loop9,0.00,0.00,0.000,0.000,0.00
1777903356,nvme0n1,0.00,0.00,0.000,0.000,0.00
1777903357,loop0,0.00,0.00,0.000,0.000,0.00
1777903357,loop1,0.00,0.00,0.000,0.000,0.00
1777903357,loop10,0.00,0.00,0.000,0.000,0.00
1777903357,loop11,0.00,0.00,0.000,0.000,0.00
1777903357,loop12,0.00,0.00,0.000,0.000,0.00
1777903357,loop13,0.00,0.00,0.000,0.000,0.00
1777903357,loop14,0.00,0.00,0.000,0.000,0.00
1777903357,loop15,0.00,0.00,0.000,0.000,0.00
1777903357,loop16,0.00,0.00,0.000,0.000,0.00
1777903357,loop17,0.00,0.00,0.000,0.000,0.00
1777903357,loop18,0.00,0.00,0.000,0.000,0.00
1777903357,loop19,0.00,0.00,0.000,0.000,0.00
1777903357,loop2,0.00,0.00,0.000,0.000,0.00
1777903357,loop20,0.00,0.00,0.000,0.000,0.00
1777903357,loop21,0.00,0.00,0.000,0.000,0.00
1777903357,loop22,0.00,0.00,0.000,0.000,0.00
1777903357,loop23,0.00,0.00,0.000,0.000,0.00
1777903357,loop24,0.00,0.00,0.000,0.000,0.00
1777903357,loop25,0.00,0.00,0.000,0.000,0.00
1777903357,loop26,0.00,0.00,0.000,0.000,0.00
1777903357,loop27,0.00,0.00,0.000,0.000,0.00
1777903357,loop28,0.00,0.00,0.000,0.000,0.00
1777903357,loop29,0.00,0.00,0.000,0.000,0.00
1777903357,loop3,0.00,0.00,0.000,0.000,0.00
1777903357,loop30,0.00,0.00,0.000,0.000,0.00
1777903357,loop31,0.00,0.00,0.000,0.000,0.00
1777903357,loop32,0.00,0.00,0.000,0.000,0.00
1777903357,loop33,0.00,0.00,0.000,0.000,0.00
1777903357,loop34,0.00,0.00,0.000,0.000,0.00
1777903357,loop35,0.00,0.00,0.000,0.000,0.00
1777903357,loop36,0.00,0.00,0.000,0.000,0.00
1777903357,loop37,0.00,0.00,0.000,0.000,0.00
1777903357,loop38,0.00,0.00,0.000,0.000,0.00
1777903357,loop39,0.00,0.00,0.000,0.000,0.00
1777903357,loop4,0.00,0.00,0.000,0.000,0.00
1777903357,loop40,0.00,0.00,0.000,0.000,0.00
1777903357,loop5,0.00,0.00,0.000,0.000,0.00
1777903357,loop6,0.00,0.00,0.000,0.000,0.00
1777903357,loop7,0.00,0.00,0.000,0.000,0.00
1777903357,loop8,0.00,0.00,0.000,0.000,0.00
1777903357,loop9,0.00,0.00,0.000,0.000,0.00
1777903357,nvme0n1,0.00,0.00,0.000,0.000,0.00
1777903358,loop0,0.00,0.00,0.000,0.000,0.00
1777903358,loop1,0.00,0.00,0.000,0.000,0.00
1777903358,loop10,0.00,0.00,0.000,0.000,0.00
1777903358,loop11,0.00,0.00,0.000,0.000,0.00
1777903358,loop12,0.00,0.00,0.000,0.000,0.00
1777903358,loop13,0.00,0.00,0.000,0.000,0.00
1777903358,loop14,0.00,0.00,0.000,0.000,0.00
1777903358,loop15,0.00,0.00,0.000,0.000,0.00
1777903358,loop16,0.00,0.00,0.000,0.000,0.00
1777903358,loop17,0.00,0.00,0.000,0.000,0.00
1777903358,loop18,0.00,0.00,0.000,0.000,0.00
1777903358,loop19,0.00,0.00,0.000,0.000,0.00
1777903358,loop2,0.00,0.00,0.000,0.000,0.00
1777903358,loop20,0.00,0.00,0.000,0.000,0.00
1777903358,loop21,0.00,0.00,0.000,0.000,0.00
1777903358,loop22,0.00,0.00,0.000,0.000,0.00
1777903358,loop23,0.00,0.00,0.000,0.000,0.00
1777903358,loop24,0.00,0.00,0.000,0.000,0.00
1777903358,loop25,0.00,0.00,0.000,0.000,0.00
1777903358,loop26,0.00,0.00,0.000,0.000,0.00
1777903358,loop27,0.00,0.00,0.000,0.000,0.00
1777903358,loop28,0.00,0.00,0.000,0.000,0.00
1777903358,loop29,0.00,0.00,0.000,0.000,0.00
1777903358,loop3,0.00,0.00,0.000,0.000,0.00
1777903358,loop30,0.00,0.00,0.000,0.000,0.00
1777903358,loop31,0.00,0.00,0.000,0.000,0.00
1777903358,loop32,0.00,0.00,0.000,0.000,0.00
1777903358,loop33,0.00,0.00,0.000,0.000,0.00
1777903358,loop34,0.00,0.00,0.000,0.000,0.00
1777903358,loop35,0.00,0.00,0.000,0.000,0.00
1777903358,loop36,0.00,0.00,0.000,0.000,0.00
1777903358,loop37,0.00,0.00,0.000,0.000,0.00
1777903358,loop38,0.00,0.00,0.000,0.000,0.00
1777903358,loop39,0.00,0.00,0.000,0.000,0.00
1777903358,loop4,0.00,0.00,0.000,0.000,0.00
1777903358,loop40,0.00,0.00,0.000,0.000,0.00
1777903358,loop5,0.00,0.00,0.000,0.000,0.00
1777903358,loop6,0.00,0.00,0.000,0.000,0.00
1777903358,loop7,0.00,0.00,0.000,0.000,0.00
1777903358,loop8,0.00,0.00,0.000,0.000,0.00
1777903358,loop9,0.00,0.00,0.000,0.000,0.00
1777903358,nvme0n1,0.00,0.00,0.000,0.000,0.00
1777903359,loop0,0.00,0.00,0.000,0.000,0.00
1777903359,loop1,0.00,0.00,0.000,0.000,0.00
1777903359,loop10,0.00,0.00,0.000,0.000,0.00
1777903359,loop11,0.00,0.00,0.000,0.000,0.00
1777903359,loop12,0.00,0.00,0.000,0.000,0.00
1777903359,loop13,0.00,0.00,0.000,0.000,0.00
1777903359,loop14,0.00,0.00,0.000,0.000,0.00
1777903359,loop15,0.00,0.00,0.000,0.000,0.00
1777903359,loop16,0.00,0.00,0.000,0.000,0.00
1777903359,loop17,0.00,0.00,0.000,0.000,0.00
1777903359,loop18,0.00,0.00,0.000,0.000,0.00
1777903359,loop19,0.00,0.00,0.000,0.000,0.00
1777903359,loop2,0.00,0.00,0.000,0.000,0.00
1777903359,loop20,0.00,0.00,0.000,0.000,0.00
1777903359,loop21,0.00,0.00,0.000,0.000,0.00
1777903359,loop22,0.00,0.00,0.000,0.000,0.00
1777903359,loop23,0.00,0.00,0.000,0.000,0.00
1777903359,loop24,0.00,0.00,0.000,0.000,0.00
1777903359,loop25,0.00,0.00,0.000,0.000,0.00
1777903359,loop26,0.00,0.00,0.000,0.000,0.00
1777903359,loop27,0.00,0.00,0.000,0.000,0.00
1777903359,loop28,0.00,0.00,0.000,0.000,0.00
1777903359,loop29,0.00,0.00,0.000,0.000,0.00
1777903359,loop3,0.00,0.00,0.000,0.000,0.00
1777903359,loop30,0.00,0.00,0.000,0.000,0.00
1777903359,loop31,0.00,0.00,0.000,0.000,0.00
1777903359,loop32,0.00,0.00,0.000,0.000,0.00
1777903359,loop33,0.00,0.00,0.000,0.000,0.00
1777903359,loop34,0.00,0.00,0.000,0.000,0.00
1777903359,loop35,0.00,0.00,0.000,0.000,0.00
1777903359,loop36,0.00,0.00,0.000,0.000,0.00
1777903359,loop37,0.00,0.00,0.000,0.000,0.00
1777903359,loop38,0.00,0.00,0.000,0.000,0.00
1777903359,loop39,0.00,0.00,0.000,0.000,0.00
1777903359,loop4,0.00,0.00,0.000,0.000,0.00
1777903359,loop40,0.00,0.00,0.000,0.000,0.00
1777903359,loop5,0.00,0.00,0.000,0.000,0.00
1777903359,loop6,0.00,0.00,0.000,0.000,0.00
1777903359,loop7,0.00,0.00,0.000,0.000,0.00
1777903359,loop8,0.00,0.00,0.000,0.000,0.00
1777903359,loop9,0.00,0.00,0.000,0.000,0.00
1777903359,nvme0n1,0.00,0.00,0.000,0.000,5.60
1777903360,loop0,0.00,0.00,0.000,0.000,0.00
1777903360,loop1,0.00,0.00,0.000,0.000,0.00
1777903360,loop10,0.00,0.00,0.000,0.000,0.00
1777903360,loop11,0.00,0.00,0.000,0.000,0.00
1777903360,loop12,0.00,0.00,0.000,0.000,0.00
1777903360,loop13,0.00,0.00,0.000,0.000,0.00
1777903360,loop14,0.00,0.00,0.000,0.000,0.00
1777903360,loop15,0.00,0.00,0.000,0.000,0.00
1777903360,loop16,0.00,0.00,0.000,0.000,0.00
1777903360,loop17,0.00,0.00,0.000,0.000,0.00
1777903360,loop18,0.00,0.00,0.000,0.000,0.00
1777903360,loop19,0.00,0.00,0.000,0.000,0.00
1777903360,loop2,0.00,0.00,0.000,0.000,0.00
1777903360,loop20,0.00,0.00,0.000,0.000,0.00
1777903360,loop21,0.00,0.00,0.000,0.000,0.00
1777903360,loop22,0.00,0.00,0.000,0.000,0.00
1777903360,loop23,0.00,0.00,0.000,0.000,0.00
1777903360,loop24,0.00,0.00,0.000,0.000,0.00
1777903360,loop25,0.00,0.00,0.000,0.000,0.00
1777903360,loop26,0.00,0.00,0.000,0.000,0.00
1777903360,loop27,0.00,0.00,0.000,0.000,0.00
1777903360,loop28,0.00,0.00,0.000,0.000,0.00
1777903360,loop29,0.00,0.00,0.000,0.000,0.00
1777903360,loop3,0.00,0.00,0.000,0.000,0.00
1777903360,loop30,0.00,0.00,0.000,0.000,0.00
1777903360,loop31,0.00,0.00,0.000,0.000,0.00
1777903360,loop32,0.00,0.00,0.000,0.000,0.00
1777903360,loop33,0.00,0.00,0.000,0.000,0.00
1777903360,loop34,0.00,0.00,0.000,0.000,0.00
1777903360,loop35,0.00,0.00,0.000,0.000,0.00
1777903360,loop36,0.00,0.00,0.000,0.000,0.00
1777903360,loop37,0.00,0.00,0.000,0.000,0.00
1777903360,loop38,0.00,0.00,0.000,0.000,0.00
1777903360,loop39,0.00,0.00,0.000,0.000,0.00
1777903360,loop4,0.00,0.00,0.000,0.000,0.00
1777903360,loop40,0.00,0.00,0.000,0.000,0.00
1777903360,loop5,0.00,0.00,0.000,0.000,0.00
1777903360,loop6,0.00,0.00,0.000,0.000,0.00
1777903360,loop7,0.00,0.00,0.000,0.000,0.00
1777903360,loop8,0.00,0.00,0.000,0.000,0.00
1777903360,loop9,0.00,0.00,0.000,0.000,0.00
1777903360,nvme0n1,0.00,0.00,0.000,0.000,0.10
1777903361,loop0,0.00,0.00,0.000,0.000,0.00
1777903361,loop1,0.00,0.00,0.000,0.000,0.00
1777903361,loop10,0.00,0.00,0.000,0.000,0.00
1777903361,loop11,0.00,0.00,0.000,0.000,0.00
1777903361,loop12,0.00,0.00,0.000,0.000,0.00
1777903361,loop13,0.00,0.00,0.000,0.000,0.00
1777903361,loop14,0.00,0.00,0.000,0.000,0.00
1777903361,loop15,0.00,0.00,0.000,0.000,0.00
1777903361,loop16,0.00,0.00,0.000,0.000,0.00
1777903361,loop17,0.00,0.00,0.000,0.000,0.00
1777903361,loop18,0.00,0.00,0.000,0.000,0.00
1777903361,loop19,0.00,0.00,0.000,0.000,0.00
1777903361,loop2,0.00,0.00,0.000,0.000,0.00
1777903361,loop20,0.00,0.00,0.000,0.000,0.00
1777903361,loop21,0.00,0.00,0.000,0.000,0.00
1777903361,loop22,0.00,0.00,0.000,0.000,0.00
1777903361,loop23,0.00,0.00,0.000,0.000,0.00
1777903361,loop24,0.00,0.00,0.000,0.000,0.00
1777903361,loop25,0.00,0.00,0.000,0.000,0.00
1777903361,loop26,0.00,0.00,0.000,0.000,0.00
1777903361,loop27,0.00,0.00,0.000,0.000,0.00
1777903361,loop28,0.00,0.00,0.000,0.000,0.00
1777903361,loop29,0.00,0.00,0.000,0.000,0.00
1777903361,loop3,0.00,0.00,0.000,0.000,0.00
1777903361,loop30,0.00,0.00,0.000,0.000,0.00
1777903361,loop31,0.00,0.00,0.000,0.000,0.00
1777903361,loop32,0.00,0.00,0.000,0.000,0.00
1777903361,loop33,0.00,0.00,0.000,0.000,0.00
1777903361,loop34,0.00,0.00,0.000,0.000,0.00
1777903361,loop35,0.00,0.00,0.000,0.000,0.00
1777903361,loop36,0.00,0.00,0.000,0.000,0.00
1777903361,loop37,0.00,0.00,0.000,0.000,0.00
1777903361,loop38,0.00,0.00,0.000,0.000,0.00
1777903361,loop39,0.00,0.00,0.000,0.000,0.00
1777903361,loop4,0.00,0.00,0.000,0.000,0.00
1777903361,loop40,0.00,0.00,0.000,0.000,0.00
1777903361,loop5,0.00,0.00,0.000,0.000,0.00
1777903361,loop6,0.00,0.00,0.000,0.000,0.00
1777903361,loop7,0.00,0.00,0.000,0.000,0.00
1777903361,loop8,0.00,0.00,0.000,0.000,0.00
1777903361,loop9,0.00,0.00,0.000,0.000,0.00
1777903361,nvme0n1,0.00,0.00,0.000,0.000,0.00
1777903362,loop0,0.00,0.00,0.000,0.000,0.00
1777903362,loop1,0.00,0.00,0.000,0.000,0.00
1777903362,loop10,0.00,0.00,0.000,0.000,0.00
1777903362,loop11,0.00,0.00,0.000,0.000,0.00
1777903362,loop12,0.00,0.00,0.000,0.000,0.00
1777903362,loop13,0.00,0.00,0.000,0.000,0.00
1777903362,loop14,0.00,0.00,0.000,0.000,0.00
1777903362,loop15,0.00,0.00,0.000,0.000,0.00
1777903362,loop16,0.00,0.00,0.000,0.000,0.00
1777903362,loop17,0.00,0.00,0.000,0.000,0.00
1777903362,loop18,0.00,0.00,0.000,0.000,0.00
1777903362,loop19,0.00,0.00,0.000,0.000,0.00
1777903362,loop2,0.00,0.00,0.000,0.000,0.00
1777903362,loop20,0.00,0.00,0.000,0.000,0.00
1777903362,loop21,0.00,0.00,0.000,0.000,0.00
1777903362,loop22,0.00,0.00,0.000,0.000,0.00
1777903362,loop23,0.00,0.00,0.000,0.000,0.00
1777903362,loop24,0.00,0.00,0.000,0.000,0.00
1777903362,loop25,0.00,0.00,0.000,0.000,0.00
1777903362,loop26,0.00,0.00,0.000,0.000,0.00
1777903362,loop27,0.00,0.00,0.000,0.000,0.00
1777903362,loop28,0.00,0.00,0.000,0.000,0.00
1777903362,loop29,0.00,0.00,0.000,0.000,0.00
1777903362,loop3,0.00,0.00,0.000,0.000,0.00
1777903362,loop30,0.00,0.00,0.000,0.000,0.00
1777903362,loop31,0.00,0.00,0.000,0.000,0.00
1777903362,loop32,0.00,0.00,0.000,0.000,0.00
1777903362,loop33,0.00,0.00,0.000,0.000,0.00
1777903362,loop34,0.00,0.00,0.000,0.000,0.00
1777903362,loop35,0.00,0.00,0.000,0.000,0.00
1777903362,loop36,0.00,0.00,0.000,0.000,0.00
1777903362,loop37,0.00,0.00,0.000,0.000,0.00
1777903362,loop38,0.00,0.00,0.000,0.000,0.00
1777903362,loop39,0.00,0.00,0.000,0.000,0.00
1777903362,loop4,0.00,0.00,0.000,0.000,0.00
1777903362,loop40,0.00,0.00,0.000,0.000,0.00
1777903362,loop5,0.00,0.00,0.000,0.000,0.00
1777903362,loop6,0.00,0.00,0.000,0.000,0.00
1777903362,loop7,0.00,0.00,0.000,0.000,0.00
1777903362,loop8,0.00,0.00,0.000,0.000,0.00
1777903362,loop9,0.00,0.00,0.000,0.000,0.00
1777903362,nvme0n1,0.00,0.00,0.000,0.000,0.00
1777903363,loop0,0.00,0.00,0.000,0.000,0.00
1777903363,loop1,0.00,0.00,0.000,0.000,0.00
1777903363,loop10,0.00,0.00,0.000,0.000,0.00
1777903363,loop11,0.00,0.00,0.000,0.000,0.00
1777903363,loop12,0.00,0.00,0.000,0.000,0.00
1777903363,loop13,0.00,0.00,0.000,0.000,0.00
1777903363,loop14,0.00,0.00,0.000,0.000,0.00
1777903363,loop15,0.00,0.00,0.000,0.000,0.00
1777903363,loop16,0.00,0.00,0.000,0.000,0.00
1777903363,loop17,0.00,0.00,0.000,0.000,0.00
1777903363,loop18,0.00,0.00,0.000,0.000,0.00
1777903363,loop19,0.00,0.00,0.000,0.000,0.00
1777903363,loop2,0.00,0.00,0.000,0.000,0.00
1777903363,loop20,0.00,0.00,0.000,0.000,0.00
1777903363,loop21,0.00,0.00,0.000,0.000,0.00
1777903363,loop22,0.00,0.00,0.000,0.000,0.00
1777903363,loop23,0.00,0.00,0.000,0.000,0.00
1777903363,loop24,0.00,0.00,0.000,0.000,0.00
1777903363,loop25,0.00,0.00,0.000,0.000,0.00
1777903363,loop26,0.00,0.00,0.000,0.000,0.00
1777903363,loop27,0.00,0.00,0.000,0.000,0.00
1777903363,loop28,0.00,0.00,0.000,0.000,0.00
1777903363,loop29,0.00,0.00,0.000,0.000,0.00
1777903363,loop3,0.00,0.00,0.000,0.000,0.00
1777903363,loop30,0.00,0.00,0.000,0.000,0.00
1777903363,loop31,0.00,0.00,0.000,0.000,0.00
1777903363,loop32,0.00,0.00,0.000,0.000,0.00
1777903363,loop33,0.00,0.00,0.000,0.000,0.00
1777903363,loop34,0.00,0.00,0.000,0.000,0.00
1777903363,loop35,0.00,0.00,0.000,0.000,0.00
1777903363,loop36,0.00,0.00,0.000,0.000,0.00
1777903363,loop37,0.00,0.00,0.000,0.000,0.00
1777903363,loop38,0.00,0.00,0.000,0.000,0.00
1777903363,loop39,0.00,0.00,0.000,0.000,0.00
1777903363,loop4,0.00,0.00,0.000,0.000,0.00
1777903363,loop40,0.00,0.00,0.000,0.000,0.00
1777903363,loop5,0.00,0.00,0.000,0.000,0.00
1777903363,loop6,0.00,0.00,0.000,0.000,0.00
1777903363,loop7,0.00,0.00,0.000,0.000,0.00
1777903363,loop8,0.00,0.00,0.000,0.000,0.00
1777903363,loop9,0.00,0.00,0.000,0.000,0.00
1777903363,nvme0n1,0.00,0.00,0.000,0.000,0.00
1777903364,loop0,0.00,0.00,0.000,0.000,0.00
1777903364,loop1,0.00,0.00,0.000,0.000,0.00
1777903364,loop10,0.00,0.00,0.000,0.000,0.00
1777903364,loop11,0.00,0.00,0.000,0.000,0.00
1777903364,loop12,0.00,0.00,0.000,0.000,0.00
1777903364,loop13,0.00,0.00,0.000,0.000,0.00
1777903364,loop14,0.00,0.00,0.000,0.000,0.00
1777903364,loop15,0.00,0.00,0.000,0.000,0.00
1777903364,loop16,0.00,0.00,0.000,0.000,0.00
1777903364,loop17,0.00,0.00,0.000,0.000,0.00
1777903364,loop18,0.00,0.00,0.000,0.000,0.00
1777903364,loop19,0.00,0.00,0.000,0.000,0.00
1777903364,loop2,0.00,0.00,0.000,0.000,0.00
1777903364,loop20,0.00,0.00,0.000,0.000,0.00
1777903364,loop21,0.00,0.00,0.000,0.000,0.00
1777903364,loop22,0.00,0.00,0.000,0.000,0.00
1777903364,loop23,0.00,0.00,0.000,0.000,0.00
1777903364,loop24,0.00,0.00,0.000,0.000,0.00
1777903364,loop25,0.00,0.00,0.000,0.000,0.00
1777903364,loop26,0.00,0.00,0.000,0.000,0.00
1777903364,loop27,0.00,0.00,0.000,0.000,0.00
1777903364,loop28,0.00,0.00,0.000,0.000,0.00
1777903364,loop29,0.00,0.00,0.000,0.000,0.00
1777903364,loop3,0.00,0.00,0.000,0.000,0.00
1777903364,loop30,0.00,0.00,0.000,0.000,0.00
1777903364,loop31,0.00,0.00,0.000,0.000,0.00
1777903364,loop32,0.00,0.00,0.000,0.000,0.00
1777903364,loop33,0.00,0.00,0.000,0.000,0.00
1777903364,loop34,0.00,0.00,0.000,0.000,0.00
1777903364,loop35,0.00,0.00,0.000,0.000,0.00
1777903364,loop36,0.00,0.00,0.000,0.000,0.00
1777903364,loop37,0.00,0.00,0.000,0.000,0.00
1777903364,loop38,0.00,0.00,0.000,0.000,0.00
1777903364,loop39,0.00,0.00,0.000,0.000,0.00
1777903364,loop4,0.00,0.00,0.000,0.000,0.00
1777903364,loop40,0.00,0.00,0.000,0.000,0.00
1777903364,loop5,0.00,0.00,0.000,0.000,0.00
1777903364,loop6,0.00,0.00,0.000,0.000,0.00
1777903364,loop7,0.00,0.00,0.000,0.000,0.00
1777903364,loop8,0.00,0.00,0.000,0.000,0.00
1777903364,loop9,0.00,0.00,0.000,0.000,0.00
1777903364,nvme0n1,3.00,12.00,0.000,0.000,5.10
1777903365,loop0,0.00,0.00,0.000,0.000,0.00
1777903365,loop1,0.00,0.00,0.000,0.000,0.00
1777903365,loop10,0.00,0.00,0.000,0.000,0.00
1777903365,loop11,0.00,0.00,0.000,0.000,0.00
1777903365,loop12,0.00,0.00,0.000,0.000,0.00
1777903365,loop13,0.00,0.00,0.000,0.000,0.00
1777903365,loop14,0.00,0.00,0.000,0.000,0.00
1777903365,loop15,0.00,0.00,0.000,0.000,0.00
1777903365,loop16,0.00,0.00,0.000,0.000,0.00
1777903365,loop17,0.00,0.00,0.000,0.000,0.00
1777903365,loop18,0.00,0.00,0.000,0.000,0.00
1777903365,loop19,0.00,0.00,0.000,0.000,0.00
1777903365,loop2,0.00,0.00,0.000,0.000,0.00
1777903365,loop20,0.00,0.00,0.000,0.000,0.00
1777903365,loop21,0.00,0.00,0.000,0.000,0.00
1777903365,loop22,0.00,0.00,0.000,0.000,0.00
1777903365,loop23,0.00,0.00,0.000,0.000,0.00
1777903365,loop24,0.00,0.00,0.000,0.000,0.00
1777903365,loop25,0.00,0.00,0.000,0.000,0.00
1777903365,loop26,0.00,0.00,0.000,0.000,0.00
1777903365,loop27,0.00,0.00,0.000,0.000,0.00
1777903365,loop28,0.00,0.00,0.000,0.000,0.00
1777903365,loop29,0.00,0.00,0.000,0.000,0.00
1777903365,loop3,0.00,0.00,0.000,0.000,0.00
1777903365,loop30,0.00,0.00,0.000,0.000,0.00
1777903365,loop31,0.00,0.00,0.000,0.000,0.00
1777903365,loop32,0.00,0.00,0.000,0.000,0.00
1777903365,loop33,0.00,0.00,0.000,0.000,0.00
1777903365,loop34,0.00,0.00,0.000,0.000,0.00
1777903365,loop35,0.00,0.00,0.000,0.000,0.00
1777903365,loop36,0.00,0.00,0.000,0.000,0.00
1777903365,loop37,0.00,0.00,0.000,0.000,0.00
1777903365,loop38,0.00,0.00,0.000,0.000,0.00
1777903365,loop39,0.00,0.00,0.000,0.000,0.00
1777903365,loop4,0.00,0.00,0.000,0.000,0.00
1777903365,loop40,0.00,0.00,0.000,0.000,0.00
1777903365,loop5,0.00,0.00,0.000,0.000,0.00
1777903365,loop6,0.00,0.00,0.000,0.000,0.00
1777903365,loop7,0.00,0.00,0.000,0.000,0.00
1777903365,loop8,0.00,0.00,0.000,0.000,0.00
1777903365,loop9,0.00,0.00,0.000,0.000,0.00
1777903365,nvme0n1,0.00,0.00,0.000,0.000,0.60
1777903366,loop0,0.00,0.00,0.000,0.000,0.00
1777903366,loop1,0.00,0.00,0.000,0.000,0.00
1777903366,loop10,0.00,0.00,0.000,0.000,0.00
1777903366,loop11,0.00,0.00,0.000,0.000,0.00
1777903366,loop12,0.00,0.00,0.000,0.000,0.00
1777903366,loop13,0.00,0.00,0.000,0.000,0.00
1777903366,loop14,0.00,0.00,0.000,0.000,0.00
1777903366,loop15,0.00,0.00,0.000,0.000,0.00
1777903366,loop16,0.00,0.00,0.000,0.000,0.00
1777903366,loop17,0.00,0.00,0.000,0.000,0.00
1777903366,loop18,0.00,0.00,0.000,0.000,0.00
1777903366,loop19,0.00,0.00,0.000,0.000,0.00
1777903366,loop2,0.00,0.00,0.000,0.000,0.00
1777903366,loop20,0.00,0.00,0.000,0.000,0.00
1777903366,loop21,0.00,0.00,0.000,0.000,0.00
1777903366,loop22,0.00,0.00,0.000,0.000,0.00
1777903366,loop23,0.00,0.00,0.000,0.000,0.00
1777903366,loop24,0.00,0.00,0.000,0.000,0.00
1777903366,loop25,0.00,0.00,0.000,0.000,0.00
1777903366,loop26,0.00,0.00,0.000,0.000,0.00
1777903366,loop27,0.00,0.00,0.000,0.000,0.00
1777903366,loop28,0.00,0.00,0.000,0.000,0.00
1777903366,loop29,0.00,0.00,0.000,0.000,0.00
1777903366,loop3,0.00,0.00,0.000,0.000,0.00
1777903366,loop30,0.00,0.00,0.000,0.000,0.00
1777903366,loop31,0.00,0.00,0.000,0.000,0.00
1777903366,loop32,0.00,0.00,0.000,0.000,0.00
1777903366,loop33,0.00,0.00,0.000,0.000,0.00
1777903366,loop34,0.00,0.00,0.000,0.000,0.00
1777903366,loop35,0.00,0.00,0.000,0.000,0.00
1777903366,loop36,0.00,0.00,0.000,0.000,0.00
1777903366,loop37,0.00,0.00,0.000,0.000,0.00
1777903366,loop38,0.00,0.00,0.000,0.000,0.00
1777903366,loop39,0.00,0.00,0.000,0.000,0.00
1777903366,loop4,0.00,0.00,0.000,0.000,0.00
1777903366,loop40,0.00,0.00,0.000,0.000,0.00
1777903366,loop5,0.00,0.00,0.000,0.000,0.00
1777903366,loop6,0.00,0.00,0.000,0.000,0.00
1777903366,loop7,0.00,0.00,0.000,0.000,0.00
1777903366,loop8,0.00,0.00,0.000,0.000,0.00
1777903366,loop9,0.00,0.00,0.000,0.000,0.00
1777903366,nvme0n1,0.00,0.00,0.000,0.000,0.00
1777903367,loop0,0.00,0.00,0.000,0.000,0.00
1777903367,loop1,0.00,0.00,0.000,0.000,0.00
1777903367,loop10,0.00,0.00,0.000,0.000,0.00
1777903367,loop11,0.00,0.00,0.000,0.000,0.00
1777903367,loop12,0.00,0.00,0.000,0.000,0.00
1777903367,loop13,0.00,0.00,0.000,0.000,0.00
1777903367,loop14,0.00,0.00,0.000,0.000,0.00
1777903367,loop15,0.00,0.00,0.000,0.000,0.00
1777903367,loop16,0.00,0.00,0.000,0.000,0.00
1777903367,loop17,0.00,0.00,0.000,0.000,0.00
1777903367,loop18,0.00,0.00,0.000,0.000,0.00
1777903367,loop19,0.00,0.00,0.000,0.000,0.00
1777903367,loop2,0.00,0.00,0.000,0.000,0.00
1777903367,loop20,0.00,0.00,0.000,0.000,0.00
1777903367,loop21,0.00,0.00,0.000,0.000,0.00
1777903367,loop22,0.00,0.00,0.000,0.000,0.00
1777903367,loop23,0.00,0.00,0.000,0.000,0.00
1777903367,loop24,0.00,0.00,0.000,0.000,0.00
1777903367,loop25,0.00,0.00,0.000,0.000,0.00
1777903367,loop26,0.00,0.00,0.000,0.000,0.00
1777903367,loop27,0.00,0.00,0.000,0.000,0.00
1777903367,loop28,0.00,0.00,0.000,0.000,0.00
1777903367,loop29,0.00,0.00,0.000,0.000,0.00
1777903367,loop3,0.00,0.00,0.000,0.000,0.00
1777903367,loop30,0.00,0.00,0.000,0.000,0.00
1777903367,loop31,0.00,0.00,0.000,0.000,0.00
1777903367,loop32,0.00,0.00,0.000,0.000,0.00
1777903367,loop33,0.00,0.00,0.000,0.000,0.00
1777903367,loop34,0.00,0.00,0.000,0.000,0.00
1777903367,loop35,0.00,0.00,0.000,0.000,0.00
1777903367,loop36,0.00,0.00,0.000,0.000,0.00
1777903367,loop37,0.00,0.00,0.000,0.000,0.00
1777903367,loop38,0.00,0.00,0.000,0.000,0.00
1777903367,loop39,0.00,0.00,0.000,0.000,0.00
1777903367,loop4,0.00,0.00,0.000,0.000,0.00
1777903367,loop40,0.00,0.00,0.000,0.000,0.00
1777903367,loop5,0.00,0.00,0.000,0.000,0.00
1777903367,loop6,0.00,0.00,0.000,0.000,0.00
1777903367,loop7,0.00,0.00,0.000,0.000,0.00
1777903367,loop8,0.00,0.00,0.000,0.000,0.00
1777903367,loop9,0.00,0.00,0.000,0.000,0.00
1777903367,nvme0n1,0.00,0.00,0.000,0.000,0.00
1777903368,loop0,0.00,0.00,0.000,0.000,0.00
1777903368,loop1,0.00,0.00,0.000,0.000,0.00
1777903368,loop10,0.00,0.00,0.000,0.000,0.00
1777903368,loop11,0.00,0.00,0.000,0.000,0.00
1777903368,loop12,0.00,0.00,0.000,0.000,0.00
1777903368,loop13,0.00,0.00,0.000,0.000,0.00
1777903368,loop14,0.00,0.00,0.000,0.000,0.00
1777903368,loop15,0.00,0.00,0.000,0.000,0.00
1777903368,loop16,0.00,0.00,0.000,0.000,0.00
1777903368,loop17,0.00,0.00,0.000,0.000,0.00
1777903368,loop18,0.00,0.00,0.000,0.000,0.00
1777903368,loop19,0.00,0.00,0.000,0.000,0.00
1777903368,loop2,0.00,0.00,0.000,0.000,0.00
1777903368,loop20,0.00,0.00,0.000,0.000,0.00
1777903368,loop21,0.00,0.00,0.000,0.000,0.00
1777903368,loop22,0.00,0.00,0.000,0.000,0.00
1777903368,loop23,0.00,0.00,0.000,0.000,0.00
1777903368,loop24,0.00,0.00,0.000,0.000,0.00
1777903368,loop25,0.00,0.00,0.000,0.000,0.00
1777903368,loop26,0.00,0.00,0.000,0.000,0.00
1777903368,loop27,0.00,0.00,0.000,0.000,0.00
1777903368,loop28,0.00,0.00,0.000,0.000,0.00
1777903368,loop29,0.00,0.00,0.000,0.000,0.00
1777903368,loop3,0.00,0.00,0.000,0.000,0.00
1777903368,loop30,0.00,0.00,0.000,0.000,0.00
1777903368,loop31,0.00,0.00,0.000,0.000,0.00
1777903368,loop32,0.00,0.00,0.000,0.000,0.00
1777903368,loop33,0.00,0.00,0.000,0.000,0.00
1777903368,loop34,0.00,0.00,0.000,0.000,0.00
1777903368,loop35,0.00,0.00,0.000,0.000,0.00
1777903368,loop36,0.00,0.00,0.000,0.000,0.00
1777903368,loop37,0.00,0.00,0.000,0.000,0.00
1777903368,loop38,0.00,0.00,0.000,0.000,0.00
1777903368,loop39,0.00,0.00,0.000,0.000,0.00
1777903368,loop4,0.00,0.00,0.000,0.000,0.00
1777903368,loop40,0.00,0.00,0.000,0.000,0.00
1777903368,loop5,0.00,0.00,0.000,0.000,0.00
1777903368,loop6,0.00,0.00,0.000,0.000,0.00
1777903368,loop7,0.00,0.00,0.000,0.000,0.00
1777903368,loop8,0.00,0.00,0.000,0.000,0.00
1777903368,loop9,0.00,0.00,0.000,0.000,0.00
1777903368,nvme0n1,0.00,0.00,0.000,0.000,0.00
1777903369,loop0,0.00,0.00,0.000,0.000,0.00
1777903369,loop1,0.00,0.00,0.000,0.000,0.00
1777903369,loop10,0.00,0.00,0.000,0.000,0.00
1777903369,loop11,0.00,0.00,0.000,0.000,0.00
1777903369,loop12,0.00,0.00,0.000,0.000,0.00
1777903369,loop13,0.00,0.00,0.000,0.000,0.00
1777903369,loop14,0.00,0.00,0.000,0.000,0.00
1777903369,loop15,0.00,0.00,0.000,0.000,0.00
1777903369,loop16,0.00,0.00,0.000,0.000,0.00
1777903369,loop17,0.00,0.00,0.000,0.000,0.00
1777903369,loop18,0.00,0.00,0.000,0.000,0.00
1777903369,loop19,0.00,0.00,0.000,0.000,0.00
1777903369,loop2,0.00,0.00,0.000,0.000,0.00
1777903369,loop20,0.00,0.00,0.000,0.000,0.00
1777903369,loop21,0.00,0.00,0.000,0.000,0.00
1777903369,loop22,0.00,0.00,0.000,0.000,0.00
1777903369,loop23,0.00,0.00,0.000,0.000,0.00
1777903369,loop24,0.00,0.00,0.000,0.000,0.00
1777903369,loop25,0.00,0.00,0.000,0.000,0.00
1777903369,loop26,0.00,0.00,0.000,0.000,0.00
1777903369,loop27,0.00,0.00,0.000,0.000,0.00
1777903369,loop28,0.00,0.00,0.000,0.000,0.00
1777903369,loop29,0.00,0.00,0.000,0.000,0.00
1777903369,loop3,0.00,0.00,0.000,0.000,0.00
1777903369,loop30,0.00,0.00,0.000,0.000,0.00
1777903369,loop31,0.00,0.00,0.000,0.000,0.00
1777903369,loop32,0.00,0.00,0.000,0.000,0.00
1777903369,loop33,0.00,0.00,0.000,0.000,0.00
1777903369,loop34,0.00,0.00,0.000,0.000,0.00
1777903369,loop35,0.00,0.00,0.000,0.000,0.00
1777903369,loop36,0.00,0.00,0.000,0.000,0.00
1777903369,loop37,0.00,0.00,0.000,0.000,0.00
1777903369,loop38,0.00,0.00,0.000,0.000,0.00
1777903369,loop39,0.00,0.00,0.000,0.000,0.00
1777903369,loop4,0.00,0.00,0.000,0.000,0.00
1777903369,loop40,0.00,0.00,0.000,0.000,0.00
1777903369,loop5,0.00,0.00,0.000,0.000,0.00
1777903369,loop6,0.00,0.00,0.000,0.000,0.00
1777903369,loop7,0.00,0.00,0.000,0.000,0.00
1777903369,loop8,0.00,0.00,0.000,0.000,0.00
1777903369,loop9,0.00,0.00,0.000,0.000,0.00
1777903369,nvme0n1,1.00,4.00,0.000,0.000,2.20
