t_unix,device,r_iops,w_iops,r_mb_s,w_mb_s,util_pct
1777908241,loop0,0.00,0.00,0.000,0.000,0.00
1777908241,loop1,0.00,0.00,0.000,0.000,0.00
1777908241,loop10,0.00,0.00,0.000,0.000,0.00
1777908241,loop11,0.00,0.00,0.000,0.000,0.00
1777908241,loop12,0.00,0.00,0.000,0.000,0.00
1777908241,loop13,0.00,0.00,0.000,0.000,0.00
1777908241,loop14,0.00,0.00,0.000,0.000,0.00
1777908241,loop15,0.00,0.00,0.000,0.000,0.00
1777908241,loop16,0.00,0.00,0.000,0.000,0.00
1777908241,loop17,0.00,0.00,0.000,0.000,0.00
1777908241,loop18,0.00,0.00,0.000,0.000,0.00
1777908241,loop19,0.00,0.00,0.000,0.000,0.00
1777908241,loop2,0.00,0.00,0.000,0.000,0.00
1777908241,loop20,0.00,0.00,0.000,0.000,0.00
1777908241,loop21,0.00,0.00,0.000,0.000,0.00
1777908241,loop22,0.00,0.00,0.000,0.000,0.00
1777908241,loop23,0.00,0.00,0.000,0.000,0.00
1777908241,loop24,0.00,0.00,0.000,0.000,0.00
1777908241,loop25,0.00,0.00,0.000,0.000,0.00
1777908241,loop26,0.00,0.00,0.000,0.000,0.00
1777908241,loop27,0.00,0.00,0.000,0.000,0.00
1777908241,loop28,0.00,0.00,0.000,0.000,0.00
1777908241,loop29,0.00,0.00,0.000,0.000,0.00
1777908241,loop3,0.00,0.00,0.000,0.000,0.00
1777908241,loop30,0.00,0.00,0.000,0.000,0.00
1777908241,loop31,0.00,0.00,0.000,0.000,0.00
1777908241,loop32,0.00,0.00,0.000,0.000,0.00
1777908241,loop33,0.00,0.00,0.000,0.000,0.00
1777908241,loop34,0.00,0.00,0.000,0.000,0.00
1777908241,loop35,0.00,0.00,0.000,0.000,0.00
1777908241,loop36,0.00,0.00,0.000,0.000,0.00
1777908241,loop37,0.00,0.00,0.000,0.000,0.00
1777908241,loop38,0.00,0.00,0.000,0.000,0.00
1777908241,loop39,0.00,0.00,0.000,0.000,0.00
1777908241,loop4,0.00,0.00,0.000,0.000,0.00
1777908241,loop40,0.00,0.00,0.000,0.000,0.00
1777908241,loop5,0.00,0.00,0.000,0.000,0.00
1777908241,loop6,0.00,0.00,0.000,0.000,0.00
1777908241,loop7,0.00,0.00,0.000,0.000,0.00
1777908241,loop8,0.00,0.00,0.000,0.000,0.00
1777908241,loop9,0.00,0.00,0.000,0.000,0.00
1777908241,nvme0n1,1.00,4.00,0.000,0.000,2.30
1777908242,loop0,0.00,0.00,0.000,0.000,0.00
1777908242,loop1,0.00,0.00,0.000,0.000,0.00
1777908242,loop10,0.00,0.00,0.000,0.000,0.00
1777908242,loop11,0.00,0.00,0.000,0.000,0.00
1777908242,loop12,0.00,0.00,0.000,0.000,0.00
1777908242,loop13,0.00,0.00,0.000,0.000,0.00
1777908242,loop14,0.00,0.00,0.000,0.000,0.00
1777908242,loop15,0.00,0.00,0.000,0.000,0.00
1777908242,loop16,0.00,0.00,0.000,0.000,0.00
1777908242,loop17,0.00,0.00,0.000,0.000,0.00
1777908242,loop18,0.00,0.00,0.000,0.000,0.00
1777908242,loop19,0.00,0.00,0.000,0.000,0.00
1777908242,loop2,0.00,0.00,0.000,0.000,0.00
1777908242,loop20,0.00,0.00,0.000,0.000,0.00
1777908242,loop21,0.00,0.00,0.000,0.000,0.00
1777908242,loop22,0.00,0.00,0.000,0.000,0.00
1777908242,loop23,0.00,0.00,0.000,0.000,0.00
1777908242,loop24,0.00,0.00,0.000,0.000,0.00
1777908242,loop25,0.00,0.00,0.000,0.000,0.00
1777908242,loop26,0.00,0.00,0.000,0.000,0.00
1777908242,loop27,0.00,0.00,0.000,0.000,0.00
1777908242,loop28,0.00,0.00,0.000,0.000,0.00
1777908242,loop29,0.00,0.00,0.000,0.000,0.00
1777908242,loop3,0.00,0.00,0.000,0.000,0.00
1777908242,loop30,0.00,0.00,0.000,0.000,0.00
1777908242,loop31,0.00,0.00,0.000,0.000,0.00
1777908242,loop32,0.00,0.00,0.000,0.000,0.00
1777908242,loop33,0.00,0.00,0.000,0.000,0.00
1777908242,loop34,0.00,0.00,0.000,0.000,0.00
1777908242,loop35,0.00,0.00,0.000,0.000,0.00
1777908242,loop36,0.00,0.00,0.000,0.000,0.00
1777908242,loop37,0.00,0.00,0.000,0.000,0.00
1777908242,loop38,0.00,0.00,0.000,0.000,0.00
1777908242,loop39,0.00,0.00,0.000,0.000,0.00
1777908242,loop4,0.00,0.00,0.000,0.000,0.00
1777908242,loop40,0.00,0.00,0.000,0.000,0.00
1777908242,loop5,0.00,0.00,0.000,0.000,0.00
1777908242,loop6,0.00,0.00,0.000,0.000,0.00
1777908242,loop7,0.00,0.00,0.000,0.000,0.00
1777908242,loop8,0.00,0.00,0.000,0.000,0.00
1777908242,loop9,0.00,0.00,0.000,0.000,0.00
1777908242,nvme0n1,0.00,0.00,0.000,0.000,0.30
1777908243,loop0,0.00,0.00,0.000,0.000,0.00
1777908243,loop1,0.00,0.00,0.000,0.000,0.00
1777908243,loop10,0.00,0.00,0.000,0.000,0.00
1777908243,loop11,0.00,0.00,0.000,0.000,0.00
1777908243,loop12,0.00,0.00,0.000,0.000,0.00
1777908243,loop13,0.00,0.00,0.000,0.000,0.00
1777908243,loop14,0.00,0.00,0.000,0.000,0.00
1777908243,loop15,0.00,0.00,0.000,0.000,0.00
1777908243,loop16,0.00,0.00,0.000,0.000,0.00
1777908243,loop17,0.00,0.00,0.000,0.000,0.00
1777908243,loop18,0.00,0.00,0.000,0.000,0.00
1777908243,loop19,0.00,0.00,0.000,0.000,0.00
1777908243,loop2,0.00,0.00,0.000,0.000,0.00
1777908243,loop20,0.00,0.00,0.000,0.000,0.00
1777908243,loop21,0.00,0.00,0.000,0.000,0.00
1777908243,loop22,0.00,0.00,0.000,0.000,0.00
1777908243,loop23,0.00,0.00,0.000,0.000,0.00
1777908243,loop24,0.00,0.00,0.000,0.000,0.00
1777908243,loop25,0.00,0.00,0.000,0.000,0.00
1777908243,loop26,0.00,0.00,0.000,0.000,0.00
1777908243,loop27,0.00,0.00,0.000,0.000,0.00
1777908243,loop28,0.00,0.00,0.000,0.000,0.00
1777908243,loop29,0.00,0.00,0.000,0.000,0.00
1777908243,loop3,0.00,0.00,0.000,0.000,0.00
1777908243,loop30,0.00,0.00,0.000,0.000,0.00
1777908243,loop31,0.00,0.00,0.000,0.000,0.00
1777908243,loop32,0.00,0.00,0.000,0.000,0.00
1777908243,loop33,0.00,0.00,0.000,0.000,0.00
1777908243,loop34,0.00,0.00,0.000,0.000,0.00
1777908243,loop35,0.00,0.00,0.000,0.000,0.00
1777908243,loop36,0.00,0.00,0.000,0.000,0.00
1777908243,loop37,0.00,0.00,0.000,0.000,0.00
1777908243,loop38,0.00,0.00,0.000,0.000,0.00
1777908243,loop39,0.00,0.00,0.000,0.000,0.00
1777908243,loop4,0.00,0.00,0.000,0.000,0.00
1777908243,loop40,0.00,0.00,0.000,0.000,0.00
1777908243,loop5,0.00,0.00,0.000,0.000,0.00
1777908243,loop6,0.00,0.00,0.000,0.000,0.00
1777908243,loop7,0.00,0.00,0.000,0.000,0.00
1777908243,loop8,0.00,0.00,0.000,0.000,0.00
1777908243,loop9,0.00,0.00,0.000,0.000,0.00
1777908243,nvme0n1,0.00,0.00,0.000,0.000,0.70
1777908244,loop0,0.00,0.00,0.000,0.000,0.00
1777908244,loop1,0.00,0.00,0.000,0.000,0.00
1777908244,loop10,0.00,0.00,0.000,0.000,0.00
1777908244,loop11,0.00,0.00,0.000,0.000,0.00
1777908244,loop12,0.00,0.00,0.000,0.000,0.00
1777908244,loop13,0.00,0.00,0.000,0.000,0.00
1777908244,loop14,0.00,0.00,0.000,0.000,0.00
1777908244,loop15,0.00,0.00,0.000,0.000,0.00
1777908244,loop16,0.00,0.00,0.000,0.000,0.00
1777908244,loop17,0.00,0.00,0.000,0.000,0.00
1777908244,loop18,0.00,0.00,0.000,0.000,0.00
1777908244,loop19,0.00,0.00,0.000,0.000,0.00
1777908244,loop2,0.00,0.00,0.000,0.000,0.00
1777908244,loop20,0.00,0.00,0.000,0.000,0.00
1777908244,loop21,0.00,0.00,0.000,0.000,0.00
1777908244,loop22,0.00,0.00,0.000,0.000,0.00
1777908244,loop23,0.00,0.00,0.000,0.000,0.00
1777908244,loop24,0.00,0.00,0.000,0.000,0.00
1777908244,loop25,0.00,0.00,0.000,0.000,0.00
1777908244,loop26,0.00,0.00,0.000,0.000,0.00
1777908244,loop27,0.00,0.00,0.000,0.000,0.00
1777908244,loop28,0.00,0.00,0.000,0.000,0.00
1777908244,loop29,0.00,0.00,0.000,0.000,0.00
1777908244,loop3,0.00,0.00,0.000,0.000,0.00
1777908244,loop30,0.00,0.00,0.000,0.000,0.00
1777908244,loop31,0.00,0.00,0.000,0.000,0.00
1777908244,loop32,0.00,0.00,0.000,0.000,0.00
1777908244,loop33,0.00,0.00,0.000,0.000,0.00
1777908244,loop34,0.00,0.00,0.000,0.000,0.00
1777908244,loop35,0.00,0.00,0.000,0.000,0.00
1777908244,loop36,0.00,0.00,0.000,0.000,0.00
1777908244,loop37,0.00,0.00,0.000,0.000,0.00
1777908244,loop38,0.00,0.00,0.000,0.000,0.00
1777908244,loop39,0.00,0.00,0.000,0.000,0.00
1777908244,loop4,0.00,0.00,0.000,0.000,0.00
1777908244,loop40,0.00,0.00,0.000,0.000,0.00
1777908244,loop5,0.00,0.00,0.000,0.000,0.00
1777908244,loop6,0.00,0.00,0.000,0.000,0.00
1777908244,loop7,0.00,0.00,0.000,0.000,0.00
1777908244,loop8,0.00,0.00,0.000,0.000,0.00
1777908244,loop9,0.00,0.00,0.000,0.000,0.00
1777908244,nvme0n1,0.00,0.00,0.000,0.000,0.00
1777908245,loop0,0.00,0.00,0.000,0.000,0.00
1777908245,loop1,0.00,0.00,0.000,0.000,0.00
1777908245,loop10,0.00,0.00,0.000,0.000,0.00
1777908245,loop11,0.00,0.00,0.000,0.000,0.00
1777908245,loop12,0.00,0.00,0.000,0.000,0.00
1777908245,loop13,0.00,0.00,0.000,0.000,0.00
1777908245,loop14,0.00,0.00,0.000,0.000,0.00
1777908245,loop15,0.00,0.00,0.000,0.000,0.00
1777908245,loop16,0.00,0.00,0.000,0.000,0.00
1777908245,loop17,0.00,0.00,0.000,0.000,0.00
1777908245,loop18,0.00,0.00,0.000,0.000,0.00
1777908245,loop19,0.00,0.00,0.000,0.000,0.00
1777908245,loop2,0.00,0.00,0.000,0.000,0.00
1777908245,loop20,0.00,0.00,0.000,0.000,0.00
1777908245,loop21,0.00,0.00,0.000,0.000,0.00
1777908245,loop22,0.00,0.00,0.000,0.000,0.00
1777908245,loop23,0.00,0.00,0.000,0.000,0.00
1777908245,loop24,0.00,0.00,0.000,0.000,0.00
1777908245,loop25,0.00,0.00,0.000,0.000,0.00
1777908245,loop26,0.00,0.00,0.000,0.000,0.00
1777908245,loop27,0.00,0.00,0.000,0.000,0.00
1777908245,loop28,0.00,0.00,0.000,0.000,0.00
1777908245,loop29,0.00,0.00,0.000,0.000,0.00
1777908245,loop3,0.00,0.00,0.000,0.000,0.00
1777908245,loop30,0.00,0.00,0.000,0.000,0.00
1777908245,loop31,0.00,0.00,0.000,0.000,0.00
1777908245,loop32,0.00,0.00,0.000,0.000,0.00
1777908245,loop33,0.00,0.00,0.000,0.000,0.00
1777908245,loop34,0.00,0.00,0.000,0.000,0.00
1777908245,loop35,0.00,0.00,0.000,0.000,0.00
1777908245,loop36,0.00,0.00,0.000,0.000,0.00
1777908245,loop37,0.00,0.00,0.000,0.000,0.00
1777908245,loop38,0.00,0.00,0.000,0.000,0.00
1777908245,loop39,0.00,0.00,0.000,0.000,0.00
1777908245,loop4,0.00,0.00,0.000,0.000,0.00
1777908245,loop40,0.00,0.00,0.000,0.000,0.00
1777908245,loop5,0.00,0.00,0.000,0.000,0.00
1777908245,loop6,0.00,0.00,0.000,0.000,0.00
1777908245,loop7,0.00,0.00,0.000,0.000,0.00
1777908245,loop8,0.00,0.00,0.000,0.000,0.00
1777908245,loop9,0.00,0.00,0.000,0.000,0.00
1777908245,nvme0n1,0.00,0.00,0.000,0.000,0.00
1777908246,loop0,0.00,0.00,0.000,0.000,0.00
1777908246,loop1,0.00,0.00,0.000,0.000,0.00
1777908246,loop10,0.00,0.00,0.000,0.000,0.00
1777908246,loop11,0.00,0.00,0.000,0.000,0.00
1777908246,loop12,0.00,0.00,0.000,0.000,0.00
1777908246,loop13,0.00,0.00,0.000,0.000,0.00
1777908246,loop14,0.00,0.00,0.000,0.000,0.00
1777908246,loop15,0.00,0.00,0.000,0.000,0.00
1777908246,loop16,0.00,0.00,0.000,0.000,0.00
1777908246,loop17,0.00,0.00,0.000,0.000,0.00
1777908246,loop18,0.00,0.00,0.000,0.000,0.00
1777908246,loop19,0.00,0.00,0.000,0.000,0.00
1777908246,loop2,0.00,0.00,0.000,0.000,0.00
1777908246,loop20,0.00,0.00,0.000,0.000,0.00
1777908246,loop21,0.00,0.00,0.000,0.000,0.00
1777908246,loop22,0.00,0.00,0.000,0.000,0.00
1777908246,loop23,0.00,0.00,0.000,0.000,0.00
1777908246,loop24,0.00,0.00,0.000,0.000,0.00
1777908246,loop25,0.00,0.00,0.000,0.000,0.00
1777908246,loop26,0.00,0.00,0.000,0.000,0.00
1777908246,loop27,0.00,0.00,0.000,0.000,0.00
1777908246,loop28,0.00,0.00,0.000,0.000,0.00
1777908246,loop29,0.00,0.00,0.000,0.000,0.00
1777908246,loop3,0.00,0.00,0.000,0.000,0.00
1777908246,loop30,0.00,0.00,0.000,0.000,0.00
1777908246,loop31,0.00,0.00,0.000,0.000,0.00
1777908246,loop32,0.00,0.00,0.000,0.000,0.00
1777908246,loop33,0.00,0.00,0.000,0.000,0.00
1777908246,loop34,0.00,0.00,0.000,0.000,0.00
1777908246,loop35,0.00,0.00,0.000,0.000,0.00
1777908246,loop36,0.00,0.00,0.000,0.000,0.00
1777908246,loop37,0.00,0.00,0.000,0.000,0.00
1777908246,loop38,0.00,0.00,0.000,0.000,0.00
1777908246,loop39,0.00,0.00,0.000,0.000,0.00
1777908246,loop4,0.00,0.00,0.000,0.000,0.00
1777908246,loop40,0.00,0.00,0.000,0.000,0.00
1777908246,loop5,0.00,0.00,0.000,0.000,0.00
1777908246,loop6,0.00,0.00,0.000,0.000,0.00
1777908246,loop7,0.00,0.00,0.000,0.000,0.00
1777908246,loop8,0.00,0.00,0.000,0.000,0.00
1777908246,loop9,0.00,0.00,0.000,0.000,0.00
1777908246,nvme0n1,0.00,0.00,0.000,0.000,0.00
1777908247,loop0,0.00,0.00,0.000,0.000,0.00
1777908247,loop1,0.00,0.00,0.000,0.000,0.00
1777908247,loop10,0.00,0.00,0.000,0.000,0.00
1777908247,loop11,0.00,0.00,0.000,0.000,0.00
1777908247,loop12,0.00,0.00,0.000,0.000,0.00
1777908247,loop13,0.00,0.00,0.000,0.000,0.00
1777908247,loop14,0.00,0.00,0.000,0.000,0.00
1777908247,loop15,0.00,0.00,0.000,0.000,0.00
1777908247,loop16,0.00,0.00,0.000,0.000,0.00
1777908247,loop17,0.00,0.00,0.000,0.000,0.00
1777908247,loop18,0.00,0.00,0.000,0.000,0.00
1777908247,loop19,0.00,0.00,0.000,0.000,0.00
1777908247,loop2,0.00,0.00,0.000,0.000,0.00
1777908247,loop20,0.00,0.00,0.000,0.000,0.00
1777908247,loop21,0.00,0.00,0.000,0.000,0.00
1777908247,loop22,0.00,0.00,0.000,0.000,0.00
1777908247,loop23,0.00,0.00,0.000,0.000,0.00
1777908247,loop24,0.00,0.00,0.000,0.000,0.00
1777908247,loop25,0.00,0.00,0.000,0.000,0.00
1777908247,loop26,0.00,0.00,0.000,0.000,0.00
1777908247,loop27,0.00,0.00,0.000,0.000,0.00
1777908247,loop28,0.00,0.00,0.000,0.000,0.00
1777908247,loop29,0.00,0.00,0.000,0.000,0.00
1777908247,loop3,0.00,0.00,0.000,0.000,0.00
1777908247,loop30,0.00,0.00,0.000,0.000,0.00
1777908247,loop31,0.00,0.00,0.000,0.000,0.00
1777908247,loop32,0.00,0.00,0.000,0.000,0.00
1777908247,loop33,0.00,0.00,0.000,0.000,0.00
1777908247,loop34,0.00,0.00,0.000,0.000,0.00
1777908247,loop35,0.00,0.00,0.000,0.000,0.00
1777908247,loop36,0.00,0.00,0.000,0.000,0.00
1777908247,loop37,0.00,0.00,0.000,0.000,0.00
1777908247,loop38,0.00,0.00,0.000,0.000,0.00
1777908247,loop39,0.00,0.00,0.000,0.000,0.00
1777908247,loop4,0.00,0.00,0.000,0.000,0.00
1777908247,loop40,0.00,0.00,0.000,0.000,0.00
1777908247,loop5,0.00,0.00,0.000,0.000,0.00
1777908247,loop6,0.00,0.00,0.000,0.000,0.00
1777908247,loop7,0.00,0.00,0.000,0.000,0.00
1777908247,loop8,0.00,0.00,0.000,0.000,0.00
1777908247,loop9,0.00,0.00,0.000,0.000,0.00
1777908247,nvme0n1,0.00,0.00,0.000,0.000,0.00
1777908248,loop0,0.00,0.00,0.000,0.000,0.00
1777908248,loop1,0.00,0.00,0.000,0.000,0.00
1777908248,loop10,0.00,0.00,0.000,0.000,0.00
1777908248,loop11,0.00,0.00,0.000,0.000,0.00
1777908248,loop12,0.00,0.00,0.000,0.000,0.00
1777908248,loop13,0.00,0.00,0.000,0.000,0.00
1777908248,loop14,0.00,0.00,0.000,0.000,0.00
1777908248,loop15,0.00,0.00,0.000,0.000,0.00
1777908248,loop16,0.00,0.00,0.000,0.000,0.00
1777908248,loop17,0.00,0.00,0.000,0.000,0.00
1777908248,loop18,0.00,0.00,0.000,0.000,0.00
1777908248,loop19,0.00,0.00,0.000,0.000,0.00
1777908248,loop2,0.00,0.00,0.000,0.000,0.00
1777908248,loop20,0.00,0.00,0.000,0.000,0.00
1777908248,loop21,0.00,0.00,0.000,0.000,0.00
1777908248,loop22,0.00,0.00,0.000,0.000,0.00
1777908248,loop23,0.00,0.00,0.000,0.000,0.00
1777908248,loop24,0.00,0.00,0.000,0.000,0.00
1777908248,loop25,0.00,0.00,0.000,0.000,0.00
1777908248,loop26,0.00,0.00,0.000,0.000,0.00
1777908248,loop27,0.00,0.00,0.000,0.000,0.00
1777908248,loop28,0.00,0.00,0.000,0.000,0.00
1777908248,loop29,0.00,0.00,0.000,0.000,0.00
1777908248,loop3,0.00,0.00,0.000,0.000,0.00
1777908248,loop30,0.00,0.00,0.000,0.000,0.00
1777908248,loop31,0.00,0.00,0.000,0.000,0.00
1777908248,loop32,0.00,0.00,0.000,0.000,0.00
1777908248,loop33,0.00,0.00,0.000,0.000,0.00
1777908248,loop34,0.00,0.00,0.000,0.000,0.00
1777908248,loop35,0.00,0.00,0.000,0.000,0.00
1777908248,loop36,0.00,0.00,0.000,0.000,0.00
1777908248,loop37,0.00,0.00,0.000,0.000,0.00
1777908248,loop38,0.00,0.00,0.000,0.000,0.00
1777908248,loop39,0.00,0.00,0.000,0.000,0.00
1777908248,loop4,0.00,0.00,0.000,0.000,0.00
1777908248,loop40,0.00,0.00,0.000,0.000,0.00
1777908248,loop5,0.00,0.00,0.000,0.000,0.00
1777908248,loop6,0.00,0.00,0.000,0.000,0.00
1777908248,loop7,0.00,0.00,0.000,0.000,0.00
1777908248,loop8,0.00,0.00,0.000,0.000,0.00
1777908248,loop9,0.00,0.00,0.000,0.000,0.00
1777908248,nvme0n1,0.00,0.00,0.000,0.000,5.50
1777908249,loop0,0.00,0.00,0.000,0.000,0.00
1777908249,loop1,0.00,0.00,0.000,0.000,0.00
1777908249,loop10,0.00,0.00,0.000,0.000,0.00
1777908249,loop11,0.00,0.00,0.000,0.000,0.00
1777908249,loop12,0.00,0.00,0.000,0.000,0.00
1777908249,loop13,0.00,0.00,0.000,0.000,0.00
1777908249,loop14,0.00,0.00,0.000,0.000,0.00
1777908249,loop15,0.00,0.00,0.000,0.000,0.00
1777908249,loop16,0.00,0.00,0.000,0.000,0.00
1777908249,loop17,0.00,0.00,0.000,0.000,0.00
1777908249,loop18,0.00,0.00,0.000,0.000,0.00
1777908249,loop19,0.00,0.00,0.000,0.000,0.00
1777908249,loop2,0.00,0.00,0.000,0.000,0.00
1777908249,loop20,0.00,0.00,0.000,0.000,0.00
1777908249,loop21,0.00,0.00,0.000,0.000,0.00
1777908249,loop22,0.00,0.00,0.000,0.000,0.00
1777908249,loop23,0.00,0.00,0.000,0.000,0.00
1777908249,loop24,0.00,0.00,0.000,0.000,0.00
1777908249,loop25,0.00,0.00,0.000,0.000,0.00
1777908249,loop26,0.00,0.00,0.000,0.000,0.00
1777908249,loop27,0.00,0.00,0.000,0.000,0.00
1777908249,loop28,0.00,0.00,0.000,0.000,0.00
1777908249,loop29,0.00,0.00,0.000,0.000,0.00
1777908249,loop3,0.00,0.00,0.000,0.000,0.00
1777908249,loop30,0.00,0.00,0.000,0.000,0.00
1777908249,loop31,0.00,0.00,0.000,0.000,0.00
1777908249,loop32,0.00,0.00,0.000,0.000,0.00
1777908249,loop33,0.00,0.00,0.000,0.000,0.00
1777908249,loop34,0.00,0.00,0.000,0.000,0.00
1777908249,loop35,0.00,0.00,0.000,0.000,0.00
1777908249,loop36,0.00,0.00,0.000,0.000,0.00
1777908249,loop37,0.00,0.00,0.000,0.000,0.00
1777908249,loop38,0.00,0.00,0.000,0.000,0.00
1777908249,loop39,0.00,0.00,0.000,0.000,0.00
1777908249,loop4,0.00,0.00,0.000,0.000,0.00
1777908249,loop40,0.00,0.00,0.000,0.000,0.00
1777908249,loop5,0.00,0.00,0.000,0.000,0.00
1777908249,loop6,0.00,0.00,0.000,0.000,0.00
1777908249,loop7,0.00,0.00,0.000,0.000,0.00
1777908249,loop8,0.00,0.00,0.000,0.000,0.00
1777908249,loop9,0.00,0.00,0.000,0.000,0.00
1777908249,nvme0n1,0.00,0.00,0.000,0.000,0.60
1777908250,loop0,0.00,0.00,0.000,0.000,0.00
1777908250,loop1,0.00,0.00,0.000,0.000,0.00
1777908250,loop10,0.00,0.00,0.000,0.000,0.00
1777908250,loop11,0.00,0.00,0.000,0.000,0.00
1777908250,loop12,0.00,0.00,0.000,0.000,0.00
1777908250,loop13,0.00,0.00,0.000,0.000,0.00
1777908250,loop14,0.00,0.00,0.000,0.000,0.00
1777908250,loop15,0.00,0.00,0.000,0.000,0.00
1777908250,loop16,0.00,0.00,0.000,0.000,0.00
1777908250,loop17,0.00,0.00,0.000,0.000,0.00
1777908250,loop18,0.00,0.00,0.000,0.000,0.00
1777908250,loop19,0.00,0.00,0.000,0.000,0.00
1777908250,loop2,0.00,0.00,0.000,0.000,0.00
1777908250,loop20,0.00,0.00,0.000,0.000,0.00
1777908250,loop21,0.00,0.00,0.000,0.000,0.00
1777908250,loop22,0.00,0.00,0.000,0.000,0.00
1777908250,loop23,0.00,0.00,0.000,0.000,0.00
1777908250,loop24,0.00,0.00,0.000,0.000,0.00
1777908250,loop25,0.00,0.00,0.000,0.000,0.00
1777908250,loop26,0.00,0.00,0.000,0.000,0.00
1777908250,loop27,0.00,0.00,0.000,0.000,0.00
1777908250,loop28,0.00,0.00,0.000,0.000,0.00
1777908250,loop29,0.00,0.00,0.000,0.000,0.00
1777908250,loop3,0.00,0.00,0.000,0.000,0.00
1777908250,loop30,0.00,0.00,0.000,0.000,0.00
1777908250,loop31,0.00,0.00,0.000,0.000,0.00
1777908250,loop32,0.00,0.00,0.000,0.000,0.00
1777908250,loop33,0.00,0.00,0.000,0.000,0.00
1777908250,loop34,0.00,0.00,0.000,0.000,0.00
1777908250,loop35,0.00,0.00,0.000,0.000,0.00
1777908250,loop36,0.00,0.00,0.000,0.000,0.00
1777908250,loop37,0.00,0.00,0.000,0.000,0.00
1777908250,loop38,0.00,0.00,0.000,0.000,0.00
1777908250,loop39,0.00,0.00,0.000,0.000,0.00
1777908250,loop4,0.00,0.00,0.000,0.000,0.00
1777908250,loop40,0.00,0.00,0.000,0.000,0.00
1777908250,loop5,0.00,0.00,0.000,0.000,0.00
1777908250,loop6,0.00,0.00,0.000,0.000,0.00
1777908250,loop7,0.00,0.00,0.000,0.000,0.00
1777908250,loop8,0.00,0.00,0.000,0.000,0.00
1777908250,loop9,0.00,0.00,0.000,0.000,0.00
1777908250,nvme0n1,0.00,0.00,0.000,0.000,0.00
1777908251,loop0,0.00,0.00,0.000,0.000,0.00
1777908251,loop1,0.00,0.00,0.000,0.000,0.00
1777908251,loop10,0.00,0.00,0.000,0.000,0.00
1777908251,loop11,0.00,0.00,0.000,0.000,0.00
1777908251,loop12,0.00,0.00,0.000,0.000,0.00
1777908251,loop13,0.00,0.00,0.000,0.000,0.00
1777908251,loop14,0.00,0.00,0.000,0.000,0.00
1777908251,loop15,0.00,0.00,0.000,0.000,0.00
1777908251,loop16,0.00,0.00,0.000,0.000,0.00
1777908251,loop17,0.00,0.00,0.000,0.000,0.00
1777908251,loop18,0.00,0.00,0.000,0.000,0.00
1777908251,loop19,0.00,0.00,0.000,0.000,0.00
1777908251,loop2,0.00,0.00,0.000,0.000,0.00
1777908251,loop20,0.00,0.00,0.000,0.000,0.00
1777908251,loop21,0.00,0.00,0.000,0.000,0.00
1777908251,loop22,0.00,0.00,0.000,0.000,0.00
1777908251,loop23,0.00,0.00,0.000,0.000,0.00
1777908251,loop24,0.00,0.00,0.000,0.000,0.00
1777908251,loop25,0.00,0.00,0.000,0.000,0.00
1777908251,loop26,0.00,0.00,0.000,0.000,0.00
1777908251,loop27,0.00,0.00,0.000,0.000,0.00
1777908251,loop28,0.00,0.00,0.000,0.000,0.00
1777908251,loop29,0.00,0.00,0.000,0.000,0.00
1777908251,loop3,0.00,0.00,0.000,0.000,0.00
1777908251,loop30,0.00,0.00,0.000,0.000,0.00
1777908251,loop31,0.00,0.00,0.000,0.000,0.00
1777908251,loop32,0.00,0.00,0.000,0.000,0.00
1777908251,loop33,0.00,0.00,0.000,0.000,0.00
1777908251,loop34,0.00,0.00,0.000,0.000,0.00
1777908251,loop35,0.00,0.00,0.000,0.000,0.00
1777908251,loop36,0.00,0.00,0.000,0.000,0.00
1777908251,loop37,0.00,0.00,0.000,0.000,0.00
1777908251,loop38,0.00,0.00,0.000,0.000,0.00
1777908251,loop39,0.00,0.00,0.000,0.000,0.00
1777908251,loop4,0.00,0.00,0.000,0.000,0.00
1777908251,loop40,0.00,0.00,0.000,0.000,0.00
1777908251,loop5,0.00,0.00,0.000,0.000,0.00
1777908251,loop6,0.00,0.00,0.000,0.000,0.00
1777908251,loop7,0.00,0.00,0.000,0.000,0.00
1777908251,loop8,0.00,0.00,0.000,0.000,0.00
1777908251,loop9,0.00,0.00,0.000,0.000,0.00
1777908251,nvme0n1,0.00,0.00,0.000,0.000,0.00
1777908252,loop0,0.00,0.00,0.000,0.000,0.00
1777908252,loop1,0.00,0.00,0.000,0.000,0.00
1777908252,loop10,0.00,0.00,0.000,0.000,0.00
1777908252,loop11,0.00,0.00,0.000,0.000,0.00
1777908252,loop12,0.00,0.00,0.000,0.000,0.00
1777908252,loop13,0.00,0.00,0.000,0.000,0.00
1777908252,loop14,0.00,0.00,0.000,0.000,0.00
1777908252,loop15,0.00,0.00,0.000,0.000,0.00
1777908252,loop16,0.00,0.00,0.000,0.000,0.00
1777908252,loop17,0.00,0.00,0.000,0.000,0.00
1777908252,loop18,0.00,0.00,0.000,0.000,0.00
1777908252,loop19,0.00,0.00,0.000,0.000,0.00
1777908252,loop2,0.00,0.00,0.000,0.000,0.00
1777908252,loop20,0.00,0.00,0.000,0.000,0.00
1777908252,loop21,0.00,0.00,0.000,0.000,0.00
1777908252,loop22,0.00,0.00,0.000,0.000,0.00
1777908252,loop23,0.00,0.00,0.000,0.000,0.00
1777908252,loop24,0.00,0.00,0.000,0.000,0.00
1777908252,loop25,0.00,0.00,0.000,0.000,0.00
1777908252,loop26,0.00,0.00,0.000,0.000,0.00
1777908252,loop27,0.00,0.00,0.000,0.000,0.00
1777908252,loop28,0.00,0.00,0.000,0.000,0.00
1777908252,loop29,0.00,0.00,0.000,0.000,0.00
1777908252,loop3,0.00,0.00,0.000,0.000,0.00
1777908252,loop30,0.00,0.00,0.000,0.000,0.00
1777908252,loop31,0.00,0.00,0.000,0.000,0.00
1777908252,loop32,0.00,0.00,0.000,0.000,0.00
1777908252,loop33,0.00,0.00,0.000,0.000,0.00
1777908252,loop34,0.00,0.00,0.000,0.000,0.00
1777908252,loop35,0.00,0.00,0.000,0.000,0.00
1777908252,loop36,0.00,0.00,0.000,0.000,0.00
1777908252,loop37,0.00,0.00,0.000,0.000,0.00
1777908252,loop38,0.00,0.00,0.000,0.000,0.00
1777908252,loop39,0.00,0.00,0.000,0.000,0.00
1777908252,loop4,0.00,0.00,0.000,0.000,0.00
1777908252,loop40,0.00,0.00,0.000,0.000,0.00
1777908252,loop5,0.00,0.00,0.000,0.000,0.00
1777908252,loop6,0.00,0.00,0.000,0.000,0.00
1777908252,loop7,0.00,0.00,0.000,0.000,0.00
1777908252,loop8,0.00,0.00,0.000,0.000,0.00
1777908252,loop9,0.00,0.00,0.000,0.000,0.00
1777908252,nvme0n1,0.00,0.00,0.000,0.000,2.10
1777908253,loop0,0.00,0.00,0.000,0.000,0.00
1777908253,loop1,0.00,0.00,0.000,0.000,0.00
1777908253,loop10,0.00,0.00,0.000,0.000,0.00
1777908253,loop11,0.00,0.00,0.000,0.000,0.00
1777908253,loop12,0.00,0.00,0.000,0.000,0.00
1777908253,loop13,0.00,0.00,0.000,0.000,0.00
1777908253,loop14,0.00,0.00,0.000,0.000,0.00
1777908253,loop15,0.00,0.00,0.000,0.000,0.00
1777908253,loop16,0.00,0.00,0.000,0.000,0.00
1777908253,loop17,0.00,0.00,0.000,0.000,0.00
1777908253,loop18,0.00,0.00,0.000,0.000,0.00
1777908253,loop19,0.00,0.00,0.000,0.000,0.00
1777908253,loop2,0.00,0.00,0.000,0.000,0.00
1777908253,loop20,0.00,0.00,0.000,0.000,0.00
1777908253,loop21,0.00,0.00,0.000,0.000,0.00
1777908253,loop22,0.00,0.00,0.000,0.000,0.00
1777908253,loop23,0.00,0.00,0.000,0.000,0.00
1777908253,loop24,0.00,0.00,0.000,0.000,0.00
1777908253,loop25,0.00,0.00,0.000,0.000,0.00
1777908253,loop26,0.00,0.00,0.000,0.000,0.00
1777908253,loop27,0.00,0.00,0.000,0.000,0.00
1777908253,loop28,0.00,0.00,0.000,0.000,0.00
1777908253,loop29,0.00,0.00,0.000,0.000,0.00
1777908253,loop3,0.00,0.00,0.000,0.000,0.00
1777908253,loop30,0.00,0.00,0.000,0.000,0.00
1777908253,loop31,0.00,0.00,0.000,0.000,0.00
1777908253,loop32,0.00,0.00,0.000,0.000,0.00
1777908253,loop33,0.00,0.00,0.000,0.000,0.00
1777908253,loop34,0.00,0.00,0.000,0.000,0.00
1777908253,loop35,0.00,0.00,0.000,0.000,0.00
1777908253,loop36,0.00,0.00,0.000,0.000,0.00
1777908253,loop37,0.00,0.00,0.000,0.000,0.00
1777908253,loop38,0.00,0.00,0.000,0.000,0.00
1777908253,loop39,0.00,0.00,0.000,0.000,0.00
1777908253,loop4,0.00,0.00,0.000,0.000,0.00
1777908253,loop40,0.00,0.00,0.000,0.000,0.00
1777908253,loop5,0.00,0.00,0.000,0.000,0.00
1777908253,loop6,0.00,0.00,0.000,0.000,0.00
1777908253,loop7,0.00,0.00,0.000,0.000,0.00
1777908253,loop8,0.00,0.00,0.000,0.000,0.00
1777908253,loop9,0.00,0.00,0.000,0.000,0.00
1777908253,nvme0n1,0.00,0.00,0.000,0.000,0.00
1777908254,loop0,0.00,0.00,0.000,0.000,0.00
1777908254,loop1,0.00,0.00,0.000,0.000,0.00
1777908254,loop10,0.00,0.00,0.000,0.000,0.00
1777908254,loop11,0.00,0.00,0.000,0.000,0.00
1777908254,loop12,0.00,0.00,0.000,0.000,0.00
1777908254,loop13,0.00,0.00,0.000,0.000,0.00
1777908254,loop14,0.00,0.00,0.000,0.000,0.00
1777908254,loop15,0.00,0.00,0.000,0.000,0.00
1777908254,loop16,0.00,0.00,0.000,0.000,0.00
1777908254,loop17,0.00,0.00,0.000,0.000,0.00
1777908254,loop18,0.00,0.00,0.000,0.000,0.00
1777908254,loop19,0.00,0.00,0.000,0.000,0.00
1777908254,loop2,0.00,0.00,0.000,0.000,0.00
1777908254,loop20,0.00,0.00,0.000,0.000,0.00
1777908254,loop21,0.00,0.00,0.000,0.000,0.00
1777908254,loop22,0.00,0.00,0.000,0.000,0.00
1777908254,loop23,0.00,0.00,0.000,0.000,0.00
1777908254,loop24,0.00,0.00,0.000,0.000,0.00
1777908254,loop25,0.00,0.00,0.000,0.000,0.00
1777908254,loop26,0.00,0.00,0.000,0.000,0.00
1777908254,loop27,0.00,0.00,0.000,0.000,0.00
1777908254,loop28,0.00,0.00,0.000,0.000,0.00
1777908254,loop29,0.00,0.00,0.000,0.000,0.00
1777908254,loop3,0.00,0.00,0.000,0.000,0.00
1777908254,loop30,0.00,0.00,0.000,0.000,0.00
1777908254,loop31,0.00,0.00,0.000,0.000,0.00
1777908254,loop32,0.00,0.00,0.000,0.000,0.00
1777908254,loop33,0.00,0.00,0.000,0.000,0.00
1777908254,loop34,0.00,0.00,0.000,0.000,0.00
1777908254,loop35,0.00,0.00,0.000,0.000,0.00
1777908254,loop36,0.00,0.00,0.000,0.000,0.00
1777908254,loop37,0.00,0.00,0.000,0.000,0.00
1777908254,loop38,0.00,0.00,0.000,0.000,0.00
1777908254,loop39,0.00,0.00,0.000,0.000,0.00
1777908254,loop4,0.00,0.00,0.000,0.000,0.00
1777908254,loop40,0.00,0.00,0.000,0.000,0.00
1777908254,loop5,0.00,0.00,0.000,0.000,0.00
1777908254,loop6,0.00,0.00,0.000,0.000,0.00
1777908254,loop7,0.00,0.00,0.000,0.000,0.00
1777908254,loop8,0.00,0.00,0.000,0.000,0.00
1777908254,loop9,0.00,0.00,0.000,0.000,0.00
1777908254,nvme0n1,0.00,0.00,0.000,0.000,0.20
1777908255,loop0,0.00,0.00,0.000,0.000,0.00
1777908255,loop1,0.00,0.00,0.000,0.000,0.00
1777908255,loop10,0.00,0.00,0.000,0.000,0.00
1777908255,loop11,0.00,0.00,0.000,0.000,0.00
1777908255,loop12,0.00,0.00,0.000,0.000,0.00
1777908255,loop13,0.00,0.00,0.000,0.000,0.00
1777908255,loop14,0.00,0.00,0.000,0.000,0.00
1777908255,loop15,0.00,0.00,0.000,0.000,0.00
1777908255,loop16,0.00,0.00,0.000,0.000,0.00
1777908255,loop17,0.00,0.00,0.000,0.000,0.00
1777908255,loop18,0.00,0.00,0.000,0.000,0.00
1777908255,loop19,0.00,0.00,0.000,0.000,0.00
1777908255,loop2,0.00,0.00,0.000,0.000,0.00
1777908255,loop20,0.00,0.00,0.000,0.000,0.00
1777908255,loop21,0.00,0.00,0.000,0.000,0.00
1777908255,loop22,0.00,0.00,0.000,0.000,0.00
1777908255,loop23,0.00,0.00,0.000,0.000,0.00
1777908255,loop24,0.00,0.00,0.000,0.000,0.00
1777908255,loop25,0.00,0.00,0.000,0.000,0.00
1777908255,loop26,0.00,0.00,0.000,0.000,0.00
1777908255,loop27,0.00,0.00,0.000,0.000,0.00
1777908255,loop28,0.00,0.00,0.000,0.000,0.00
1777908255,loop29,0.00,0.00,0.000,0.000,0.00
1777908255,loop3,0.00,0.00,0.000,0.000,0.00
1777908255,loop30,0.00,0.00,0.000,0.000,0.00
1777908255,loop31,0.00,0.00,0.000,0.000,0.00
1777908255,loop32,0.00,0.00,0.000,0.000,0.00
1777908255,loop33,0.00,0.00,0.000,0.000,0.00
1777908255,loop34,0.00,0.00,0.000,0.000,0.00
1777908255,loop35,0.00,0.00,0.000,0.000,0.00
1777908255,loop36,0.00,0.00,0.000,0.000,0.00
1777908255,loop37,0.00,0.00,0.000,0.000,0.00
1777908255,loop38,0.00,0.00,0.000,0.000,0.00
1777908255,loop39,0.00,0.00,0.000,0.000,0.00
1777908255,loop4,0.00,0.00,0.000,0.000,0.00
1777908255,loop40,0.00,0.00,0.000,0.000,0.00
1777908255,loop5,0.00,0.00,0.000,0.000,0.00
1777908255,loop6,0.00,0.00,0.000,0.000,0.00
1777908255,loop7,0.00,0.00,0.000,0.000,0.00
1777908255,loop8,0.00,0.00,0.000,0.000,0.00
1777908255,loop9,0.00,0.00,0.000,0.000,0.00
1777908255,nvme0n1,0.00,0.00,0.000,0.000,0.60
1777908256,loop0,0.00,0.00,0.000,0.000,0.00
1777908256,loop1,0.00,0.00,0.000,0.000,0.00
1777908256,loop10,0.00,0.00,0.000,0.000,0.00
1777908256,loop11,0.00,0.00,0.000,0.000,0.00
1777908256,loop12,0.00,0.00,0.000,0.000,0.00
1777908256,loop13,0.00,0.00,0.000,0.000,0.00
1777908256,loop14,0.00,0.00,0.000,0.000,0.00
1777908256,loop15,0.00,0.00,0.000,0.000,0.00
1777908256,loop16,0.00,0.00,0.000,0.000,0.00
1777908256,loop17,0.00,0.00,0.000,0.000,0.00
1777908256,loop18,0.00,0.00,0.000,0.000,0.00
1777908256,loop19,0.00,0.00,0.000,0.000,0.00
1777908256,loop2,0.00,0.00,0.000,0.000,0.00
1777908256,loop20,0.00,0.00,0.000,0.000,0.00
1777908256,loop21,0.00,0.00,0.000,0.000,0.00
1777908256,loop22,0.00,0.00,0.000,0.000,0.00
1777908256,loop23,0.00,0.00,0.000,0.000,0.00
1777908256,loop24,0.00,0.00,0.000,0.000,0.00
1777908256,loop25,0.00,0.00,0.000,0.000,0.00
1777908256,loop26,0.00,0.00,0.000,0.000,0.00
1777908256,loop27,0.00,0.00,0.000,0.000,0.00
1777908256,loop28,0.00,0.00,0.000,0.000,0.00
1777908256,loop29,0.00,0.00,0.000,0.000,0.00
1777908256,loop3,0.00,0.00,0.000,0.000,0.00
1777908256,loop30,0.00,0.00,0.000,0.000,0.00
1777908256,loop31,0.00,0.00,0.000,0.000,0.00
1777908256,loop32,0.00,0.00,0.000,0.000,0.00
1777908256,loop33,0.00,0.00,0.000,0.000,0.00
1777908256,loop34,0.00,0.00,0.000,0.000,0.00
1777908256,loop35,0.00,0.00,0.000,0.000,0.00
1777908256,loop36,0.00,0.00,0.000,0.000,0.00
1777908256,loop37,0.00,0.00,0.000,0.000,0.00
1777908256,loop38,0.00,0.00,0.000,0.000,0.00
1777908256,loop39,0.00,0.00,0.000,0.000,0.00
1777908256,loop4,0.00,0.00,0.000,0.000,0.00
1777908256,loop40,0.00,0.00,0.000,0.000,0.00
1777908256,loop5,0.00,0.00,0.000,0.000,0.00
1777908256,loop6,0.00,0.00,0.000,0.000,0.00
1777908256,loop7,0.00,0.00,0.000,0.000,0.00
1777908256,loop8,0.00,0.00,0.000,0.000,0.00
1777908256,loop9,0.00,0.00,0.000,0.000,0.00
1777908256,nvme0n1,0.00,0.00,0.000,0.000,0.00
1777908257,loop0,0.00,0.00,0.000,0.000,0.00
1777908257,loop1,0.00,0.00,0.000,0.000,0.00
1777908257,loop10,0.00,0.00,0.000,0.000,0.00
1777908257,loop11,0.00,0.00,0.000,0.000,0.00
1777908257,loop12,0.00,0.00,0.000,0.000,0.00
1777908257,loop13,0.00,0.00,0.000,0.000,0.00
1777908257,loop14,0.00,0.00,0.000,0.000,0.00
1777908257,loop15,0.00,0.00,0.000,0.000,0.00
1777908257,loop16,0.00,0.00,0.000,0.000,0.00
1777908257,loop17,0.00,0.00,0.000,0.000,0.00
1777908257,loop18,0.00,0.00,0.000,0.000,0.00
1777908257,loop19,0.00,0.00,0.000,0.000,0.00
1777908257,loop2,0.00,0.00,0.000,0.000,0.00
1777908257,loop20,0.00,0.00,0.000,0.000,0.00
1777908257,loop21,0.00,0.00,0.000,0.000,0.00
1777908257,loop22,0.00,0.00,0.000,0.000,0.00
1777908257,loop23,0.00,0.00,0.000,0.000,0.00
1777908257,loop24,0.00,0.00,0.000,0.000,0.00
1777908257,loop25,0.00,0.00,0.000,0.000,0.00
1777908257,loop26,0.00,0.00,0.000,0.000,0.00
1777908257,loop27,0.00,0.00,0.000,0.000,0.00
1777908257,loop28,0.00,0.00,0.000,0.000,0.00
1777908257,loop29,0.00,0.00,0.000,0.000,0.00
1777908257,loop3,0.00,0.00,0.000,0.000,0.00
1777908257,loop30,0.00,0.00,0.000,0.000,0.00
1777908257,loop31,0.00,0.00,0.000,0.000,0.00
1777908257,loop32,0.00,0.00,0.000,0.000,0.00
1777908257,loop33,0.00,0.00,0.000,0.000,0.00
1777908257,loop34,0.00,0.00,0.000,0.000,0.00
1777908257,loop35,0.00,0.00,0.000,0.000,0.00
1777908257,loop36,0.00,0.00,0.000,0.000,0.00
1777908257,loop37,0.00,0.00,0.000,0.000,0.00
1777908257,loop38,0.00,0.00,0.000,0.000,0.00
1777908257,loop39,0.00,0.00,0.000,0.000,0.00
1777908257,loop4,0.00,0.00,0.000,0.000,0.00
1777908257,loop40,0.00,0.00,0.000,0.000,0.00
1777908257,loop5,0.00,0.00,0.000,0.000,0.00
1777908257,loop6,0.00,0.00,0.000,0.000,0.00
1777908257,loop7,0.00,0.00,0.000,0.000,0.00
1777908257,loop8,0.00,0.00,0.000,0.000,0.00
1777908257,loop9,0.00,0.00,0.000,0.000,0.00
1777908257,nvme0n1,0.00,0.00,0.000,0.000,2.10
1777908258,loop0,0.00,0.00,0.000,0.000,0.00
1777908258,loop1,0.00,0.00,0.000,0.000,0.00
1777908258,loop10,0.00,0.00,0.000,0.000,0.00
1777908258,loop11,0.00,0.00,0.000,0.000,0.00
1777908258,loop12,0.00,0.00,0.000,0.000,0.00
1777908258,loop13,0.00,0.00,0.000,0.000,0.00
1777908258,loop14,0.00,0.00,0.000,0.000,0.00
1777908258,loop15,0.00,0.00,0.000,0.000,0.00
1777908258,loop16,0.00,0.00,0.000,0.000,0.00
1777908258,loop17,0.00,0.00,0.000,0.000,0.00
1777908258,loop18,0.00,0.00,0.000,0.000,0.00
1777908258,loop19,0.00,0.00,0.000,0.000,0.00
1777908258,loop2,0.00,0.00,0.000,0.000,0.00
1777908258,loop20,0.00,0.00,0.000,0.000,0.00
1777908258,loop21,0.00,0.00,0.000,0.000,0.00
1777908258,loop22,0.00,0.00,0.000,0.000,0.00
1777908258,loop23,0.00,0.00,0.000,0.000,0.00
1777908258,loop24,0.00,0.00,0.000,0.000,0.00
1777908258,loop25,0.00,0.00,0.000,0.000,0.00
1777908258,loop26,0.00,0.00,0.000,0.000,0.00
1777908258,loop27,0.00,0.00,0.000,0.000,0.00
1777908258,loop28,0.00,0.00,0.000,0.000,0.00
1777908258,loop29,0.00,0.00,0.000,0.000,0.00
1777908258,loop3,0.00,0.00,0.000,0.000,0.00
1777908258,loop30,0.00,0.00,0.000,0.000,0.00
1777908258,loop31,0.00,0.00,0.000,0.000,0.00
1777908258,loop32,0.00,0.00,0.000,0.000,0.00
1777908258,loop33,0.00,0.00,0.000,0.000,0.00
1777908258,loop34,0.00,0.00,0.000,0.000,0.00
1777908258,loop35,0.00,0.00,0.000,0.000,0.00
1777908258,loop36,0.00,0.00,0.000,0.000,0.00
1777908258,loop37,0.00,0.00,0.000,0.000,0.00
1777908258,loop38,0.00,0.00,0.000,0.000,0.00
1777908258,loop39,0.00,0.00,0.000,0.000,0.00
1777908258,loop4,0.00,0.00,0.000,0.000,0.00
1777908258,loop40,0.00,0.00,0.000,0.000,0.00
1777908258,loop5,0.00,0.00,0.000,0.000,0.00
1777908258,loop6,0.00,0.00,0.000,0.000,0.00
1777908258,loop7,0.00,0.00,0.000,0.000,0.00
1777908258,loop8,0.00,0.00,0.000,0.000,0.00
1777908258,loop9,0.00,0.00,0.000,0.000,0.00
1777908258,nvme0n1,0.00,0.00,0.000,0.000,0.00
1777908259,loop0,0.00,0.00,0.000,0.000,0.00
1777908259,loop1,0.00,0.00,0.000,0.000,0.00
1777908259,loop10,0.00,0.00,0.000,0.000,0.00
1777908259,loop11,0.00,0.00,0.000,0.000,0.00
1777908259,loop12,0.00,0.00,0.000,0.000,0.00
1777908259,loop13,0.00,0.00,0.000,0.000,0.00
1777908259,loop14,0.00,0.00,0.000,0.000,0.00
1777908259,loop15,0.00,0.00,0.000,0.000,0.00
1777908259,loop16,0.00,0.00,0.000,0.000,0.00
1777908259,loop17,0.00,0.00,0.000,0.000,0.00
1777908259,loop18,0.00,0.00,0.000,0.000,0.00
1777908259,loop19,0.00,0.00,0.000,0.000,0.00
1777908259,loop2,0.00,0.00,0.000,0.000,0.00
1777908259,loop20,0.00,0.00,0.000,0.000,0.00
1777908259,loop21,0.00,0.00,0.000,0.000,0.00
1777908259,loop22,0.00,0.00,0.000,0.000,0.00
1777908259,loop23,0.00,0.00,0.000,0.000,0.00
1777908259,loop24,0.00,0.00,0.000,0.000,0.00
1777908259,loop25,0.00,0.00,0.000,0.000,0.00
1777908259,loop26,0.00,0.00,0.000,0.000,0.00
1777908259,loop27,0.00,0.00,0.000,0.000,0.00
1777908259,loop28,0.00,0.00,0.000,0.000,0.00
1777908259,loop29,0.00,0.00,0.000,0.000,0.00
1777908259,loop3,0.00,0.00,0.000,0.000,0.00
1777908259,loop30,0.00,0.00,0.000,0.000,0.00
1777908259,loop31,0.00,0.00,0.000,0.000,0.00
1777908259,loop32,0.00,0.00,0.000,0.000,0.00
1777908259,loop33,0.00,0.00,0.000,0.000,0.00
1777908259,loop34,0.00,0.00,0.000,0.000,0.00
1777908259,loop35,0.00,0.00,0.000,0.000,0.00
1777908259,loop36,0.00,0.00,0.000,0.000,0.00
1777908259,loop37,0.00,0.00,0.000,0.000,0.00
1777908259,loop38,0.00,0.00,0.000,0.000,0.00
1777908259,loop39,0.00,0.00,0.000,0.000,0.00
1777908259,loop4,0.00,0.00,0.000,0.000,0.00
1777908259,loop40,0.00,0.00,0.000,0.000,0.00
1777908259,loop5,0.00,0.00,0.000,0.000,0.00
1777908259,loop6,0.00,0.00,0.000,0.000,0.00
1777908259,loop7,0.00,0.00,0.000,0.000,0.00
1777908259,loop8,0.00,0.00,0.000,0.000,0.00
1777908259,loop9,0.00,0.00,0.000,0.000,0.00
1777908259,nvme0n1,0.00,0.00,0.000,0.000,2.00
1777908260,loop0,0.00,0.00,0.000,0.000,0.00
1777908260,loop1,0.00,0.00,0.000,0.000,0.00
1777908260,loop10,0.00,0.00,0.000,0.000,0.00
1777908260,loop11,0.00,0.00,0.000,0.000,0.00
1777908260,loop12,0.00,0.00,0.000,0.000,0.00
1777908260,loop13,0.00,0.00,0.000,0.000,0.00
1777908260,loop14,0.00,0.00,0.000,0.000,0.00
1777908260,loop15,0.00,0.00,0.000,0.000,0.00
1777908260,loop16,0.00,0.00,0.000,0.000,0.00
1777908260,loop17,0.00,0.00,0.000,0.000,0.00
1777908260,loop18,0.00,0.00,0.000,0.000,0.00
1777908260,loop19,0.00,0.00,0.000,0.000,0.00
1777908260,loop2,0.00,0.00,0.000,0.000,0.00
1777908260,loop20,0.00,0.00,0.000,0.000,0.00
1777908260,loop21,0.00,0.00,0.000,0.000,0.00
1777908260,loop22,0.00,0.00,0.000,0.000,0.00
1777908260,loop23,0.00,0.00,0.000,0.000,0.00
1777908260,loop24,0.00,0.00,0.000,0.000,0.00
1777908260,loop25,0.00,0.00,0.000,0.000,0.00
1777908260,loop26,0.00,0.00,0.000,0.000,0.00
1777908260,loop27,0.00,0.00,0.000,0.000,0.00
1777908260,loop28,0.00,0.00,0.000,0.000,0.00
1777908260,loop29,0.00,0.00,0.000,0.000,0.00
1777908260,loop3,0.00,0.00,0.000,0.000,0.00
1777908260,loop30,0.00,0.00,0.000,0.000,0.00
1777908260,loop31,0.00,0.00,0.000,0.000,0.00
1777908260,loop32,0.00,0.00,0.000,0.000,0.00
1777908260,loop33,0.00,0.00,0.000,0.000,0.00
1777908260,loop34,0.00,0.00,0.000,0.000,0.00
1777908260,loop35,0.00,0.00,0.000,0.000,0.00
1777908260,loop36,0.00,0.00,0.000,0.000,0.00
1777908260,loop37,0.00,0.00,0.000,0.000,0.00
1777908260,loop38,0.00,0.00,0.000,0.000,0.00
1777908260,loop39,0.00,0.00,0.000,0.000,0.00
1777908260,loop4,0.00,0.00,0.000,0.000,0.00
1777908260,loop40,0.00,0.00,0.000,0.000,0.00
1777908260,loop5,0.00,0.00,0.000,0.000,0.00
1777908260,loop6,0.00,0.00,0.000,0.000,0.00
1777908260,loop7,0.00,0.00,0.000,0.000,0.00
1777908260,loop8,0.00,0.00,0.000,0.000,0.00
1777908260,loop9,0.00,0.00,0.000,0.000,0.00
1777908260,nvme0n1,0.00,0.00,0.000,0.000,0.30
1777908261,loop0,0.00,0.00,0.000,0.000,0.00
1777908261,loop1,0.00,0.00,0.000,0.000,0.00
1777908261,loop10,0.00,0.00,0.000,0.000,0.00
1777908261,loop11,0.00,0.00,0.000,0.000,0.00
1777908261,loop12,0.00,0.00,0.000,0.000,0.00
1777908261,loop13,0.00,0.00,0.000,0.000,0.00
1777908261,loop14,0.00,0.00,0.000,0.000,0.00
1777908261,loop15,0.00,0.00,0.000,0.000,0.00
1777908261,loop16,0.00,0.00,0.000,0.000,0.00
1777908261,loop17,0.00,0.00,0.000,0.000,0.00
1777908261,loop18,0.00,0.00,0.000,0.000,0.00
1777908261,loop19,0.00,0.00,0.000,0.000,0.00
1777908261,loop2,0.00,0.00,0.000,0.000,0.00
1777908261,loop20,0.00,0.00,0.000,0.000,0.00
1777908261,loop21,0.00,0.00,0.000,0.000,0.00
1777908261,loop22,0.00,0.00,0.000,0.000,0.00
1777908261,loop23,0.00,0.00,0.000,0.000,0.00
1777908261,loop24,0.00,0.00,0.000,0.000,0.00
1777908261,loop25,0.00,0.00,0.000,0.000,0.00
1777908261,loop26,0.00,0.00,0.000,0.000,0.00
1777908261,loop27,0.00,0.00,0.000,0.000,0.00
1777908261,loop28,0.00,0.00,0.000,0.000,0.00
1777908261,loop29,0.00,0.00,0.000,0.000,0.00
1777908261,loop3,0.00,0.00,0.000,0.000,0.00
1777908261,loop30,0.00,0.00,0.000,0.000,0.00
1777908261,loop31,0.00,0.00,0.000,0.000,0.00
1777908261,loop32,0.00,0.00,0.000,0.000,0.00
1777908261,loop33,0.00,0.00,0.000,0.000,0.00
1777908261,loop34,0.00,0.00,0.000,0.000,0.00
1777908261,loop35,0.00,0.00,0.000,0.000,0.00
1777908261,loop36,0.00,0.00,0.000,0.000,0.00
1777908261,loop37,0.00,0.00,0.000,0.000,0.00
1777908261,loop38,0.00,0.00,0.000,0.000,0.00
1777908261,loop39,0.00,0.00,0.000,0.000,0.00
1777908261,loop4,0.00,0.00,0.000,0.000,0.00
1777908261,loop40,0.00,0.00,0.000,0.000,0.00
1777908261,loop5,0.00,0.00,0.000,0.000,0.00
1777908261,loop6,0.00,0.00,0.000,0.000,0.00
1777908261,loop7,0.00,0.00,0.000,0.000,0.00
1777908261,loop8,0.00,0.00,0.000,0.000,0.00
1777908261,loop9,0.00,0.00,0.000,0.000,0.00
1777908261,nvme0n1,0.00,0.00,0.000,0.000,0.60
1777908262,loop0,0.00,0.00,0.000,0.000,0.00
1777908262,loop1,0.00,0.00,0.000,0.000,0.00
1777908262,loop10,0.00,0.00,0.000,0.000,0.00
1777908262,loop11,0.00,0.00,0.000,0.000,0.00
1777908262,loop12,0.00,0.00,0.000,0.000,0.00
1777908262,loop13,0.00,0.00,0.000,0.000,0.00
1777908262,loop14,0.00,0.00,0.000,0.000,0.00
1777908262,loop15,0.00,0.00,0.000,0.000,0.00
1777908262,loop16,0.00,0.00,0.000,0.000,0.00
1777908262,loop17,0.00,0.00,0.000,0.000,0.00
1777908262,loop18,0.00,0.00,0.000,0.000,0.00
1777908262,loop19,0.00,0.00,0.000,0.000,0.00
1777908262,loop2,0.00,0.00,0.000,0.000,0.00
1777908262,loop20,0.00,0.00,0.000,0.000,0.00
1777908262,loop21,0.00,0.00,0.000,0.000,0.00
1777908262,loop22,0.00,0.00,0.000,0.000,0.00
1777908262,loop23,0.00,0.00,0.000,0.000,0.00
1777908262,loop24,0.00,0.00,0.000,0.000,0.00
1777908262,loop25,0.00,0.00,0.000,0.000,0.00
1777908262,loop26,0.00,0.00,0.000,0.000,0.00
1777908262,loop27,0.00,0.00,0.000,0.000,0.00
1777908262,loop28,0.00,0.00,0.000,0.000,0.00
1777908262,loop29,0.00,0.00,0.000,0.000,0.00
1777908262,loop3,0.00,0.00,0.000,0.000,0.00
1777908262,loop30,0.00,0.00,0.000,0.000,0.00
1777908262,loop31,0.00,0.00,0.000,0.000,0.00
1777908262,loop32,0.00,0.00,0.000,0.000,0.00
1777908262,loop33,0.00,0.00,0.000,0.000,0.00
1777908262,loop34,0.00,0.00,0.000,0.000,0.00
1777908262,loop35,0.00,0.00,0.000,0.000,0.00
1777908262,loop36,0.00,0.00,0.000,0.000,0.00
1777908262,loop37,0.00,0.00,0.000,0.000,0.00
1777908262,loop38,0.00,0.00,0.000,0.000,0.00
1777908262,loop39,0.00,0.00,0.000,0.000,0.00
1777908262,loop4,0.00,0.00,0.000,0.000,0.00
1777908262,loop40,0.00,0.00,0.000,0.000,0.00
1777908262,loop5,0.00,0.00,0.000,0.000,0.00
1777908262,loop6,0.00,0.00,0.000,0.000,0.00
1777908262,loop7,0.00,0.00,0.000,0.000,0.00
1777908262,loop8,0.00,0.00,0.000,0.000,0.00
1777908262,loop9,0.00,0.00,0.000,0.000,0.00
1777908262,nvme0n1,0.00,0.00,0.000,0.000,0.00
1777908263,loop0,0.00,0.00,0.000,0.000,0.00
1777908263,loop1,0.00,0.00,0.000,0.000,0.00
1777908263,loop10,0.00,0.00,0.000,0.000,0.00
1777908263,loop11,0.00,0.00,0.000,0.000,0.00
1777908263,loop12,0.00,0.00,0.000,0.000,0.00
1777908263,loop13,0.00,0.00,0.000,0.000,0.00
1777908263,loop14,0.00,0.00,0.000,0.000,0.00
1777908263,loop15,0.00,0.00,0.000,0.000,0.00
1777908263,loop16,0.00,0.00,0.000,0.000,0.00
1777908263,loop17,0.00,0.00,0.000,0.000,0.00
1777908263,loop18,0.00,0.00,0.000,0.000,0.00
1777908263,loop19,0.00,0.00,0.000,0.000,0.00
1777908263,loop2,0.00,0.00,0.000,0.000,0.00
1777908263,loop20,0.00,0.00,0.000,0.000,0.00
1777908263,loop21,0.00,0.00,0.000,0.000,0.00
1777908263,loop22,0.00,0.00,0.000,0.000,0.00
1777908263,loop23,0.00,0.00,0.000,0.000,0.00
1777908263,loop24,0.00,0.00,0.000,0.000,0.00
1777908263,loop25,0.00,0.00,0.000,0.000,0.00
1777908263,loop26,0.00,0.00,0.000,0.000,0.00
1777908263,loop27,0.00,0.00,0.000,0.000,0.00
1777908263,loop28,0.00,0.00,0.000,0.000,0.00
1777908263,loop29,0.00,0.00,0.000,0.000,0.00
1777908263,loop3,0.00,0.00,0.000,0.000,0.00
1777908263,loop30,0.00,0.00,0.000,0.000,0.00
1777908263,loop31,0.00,0.00,0.000,0.000,0.00
1777908263,loop32,0.00,0.00,0.000,0.000,0.00
1777908263,loop33,0.00,0.00,0.000,0.000,0.00
1777908263,loop34,0.00,0.00,0.000,0.000,0.00
1777908263,loop35,0.00,0.00,0.000,0.000,0.00
1777908263,loop36,0.00,0.00,0.000,0.000,0.00
1777908263,loop37,0.00,0.00,0.000,0.000,0.00
1777908263,loop38,0.00,0.00,0.000,0.000,0.00
1777908263,loop39,0.00,0.00,0.000,0.000,0.00
1777908263,loop4,0.00,0.00,0.000,0.000,0.00
1777908263,loop40,0.00,0.00,0.000,0.000,0.00
1777908263,loop5,0.00,0.00,0.000,0.000,0.00
1777908263,loop6,0.00,0.00,0.000,0.000,0.00
1777908263,loop7,0.00,0.00,0.000,0.000,0.00
1777908263,loop8,0.00,0.00,0.000,0.000,0.00
1777908263,loop9,0.00,0.00,0.000,0.000,0.00
1777908263,nvme0n1,0.00,0.00,0.000,0.000,0.00
1777908264,loop0,0.00,0.00,0.000,0.000,0.00
1777908264,loop1,0.00,0.00,0.000,0.000,0.00
1777908264,loop10,0.00,0.00,0.000,0.000,0.00
1777908264,loop11,0.00,0.00,0.000,0.000,0.00
1777908264,loop12,0.00,0.00,0.000,0.000,0.00
1777908264,loop13,0.00,0.00,0.000,0.000,0.00
1777908264,loop14,0.00,0.00,0.000,0.000,0.00
1777908264,loop15,0.00,0.00,0.000,0.000,0.00
1777908264,loop16,0.00,0.00,0.000,0.000,0.00
1777908264,loop17,0.00,0.00,0.000,0.000,0.00
1777908264,loop18,0.00,0.00,0.000,0.000,0.00
1777908264,loop19,0.00,0.00,0.000,0.000,0.00
1777908264,loop2,0.00,0.00,0.000,0.000,0.00
1777908264,loop20,0.00,0.00,0.000,0.000,0.00
1777908264,loop21,0.00,0.00,0.000,0.000,0.00
1777908264,loop22,0.00,0.00,0.000,0.000,0.00
1777908264,loop23,0.00,0.00,0.000,0.000,0.00
1777908264,loop24,0.00,0.00,0.000,0.000,0.00
1777908264,loop25,0.00,0.00,0.000,0.000,0.00
1777908264,loop26,0.00,0.00,0.000,0.000,0.00
1777908264,loop27,0.00,0.00,0.000,0.000,0.00
1777908264,loop28,0.00,0.00,0.000,0.000,0.00
1777908264,loop29,0.00,0.00,0.000,0.000,0.00
1777908264,loop3,0.00,0.00,0.000,0.000,0.00
1777908264,loop30,0.00,0.00,0.000,0.000,0.00
1777908264,loop31,0.00,0.00,0.000,0.000,0.00
1777908264,loop32,0.00,0.00,0.000,0.000,0.00
1777908264,loop33,0.00,0.00,0.000,0.000,0.00
1777908264,loop34,0.00,0.00,0.000,0.000,0.00
1777908264,loop35,0.00,0.00,0.000,0.000,0.00
1777908264,loop36,0.00,0.00,0.000,0.000,0.00
1777908264,loop37,0.00,0.00,0.000,0.000,0.00
1777908264,loop38,0.00,0.00,0.000,0.000,0.00
1777908264,loop39,0.00,0.00,0.000,0.000,0.00
1777908264,loop4,0.00,0.00,0.000,0.000,0.00
1777908264,loop40,0.00,0.00,0.000,0.000,0.00
1777908264,loop5,0.00,0.00,0.000,0.000,0.00
1777908264,loop6,0.00,0.00,0.000,0.000,0.00
1777908264,loop7,0.00,0.00,0.000,0.000,0.00
1777908264,loop8,0.00,0.00,0.000,0.000,0.00
1777908264,loop9,0.00,0.00,0.000,0.000,0.00
1777908264,nvme0n1,0.00,0.00,0.000,0.000,0.00
1777908265,loop0,0.00,0.00,0.000,0.000,0.00
1777908265,loop1,0.00,0.00,0.000,0.000,0.00
1777908265,loop10,0.00,0.00,0.000,0.000,0.00
1777908265,loop11,0.00,0.00,0.000,0.000,0.00
1777908265,loop12,0.00,0.00,0.000,0.000,0.00
1777908265,loop13,0.00,0.00,0.000,0.000,0.00
1777908265,loop14,0.00,0.00,0.000,0.000,0.00
1777908265,loop15,0.00,0.00,0.000,0.000,0.00
1777908265,loop16,0.00,0.00,0.000,0.000,0.00
1777908265,loop17,0.00,0.00,0.000,0.000,0.00
1777908265,loop18,0.00,0.00,0.000,0.000,0.00
1777908265,loop19,0.00,0.00,0.000,0.000,0.00
1777908265,loop2,0.00,0.00,0.000,0.000,0.00
1777908265,loop20,0.00,0.00,0.000,0.000,0.00
1777908265,loop21,0.00,0.00,0.000,0.000,0.00
1777908265,loop22,0.00,0.00,0.000,0.000,0.00
1777908265,loop23,0.00,0.00,0.000,0.000,0.00
1777908265,loop24,0.00,0.00,0.000,0.000,0.00
1777908265,loop25,0.00,0.00,0.000,0.000,0.00
1777908265,loop26,0.00,0.00,0.000,0.000,0.00
1777908265,loop27,0.00,0.00,0.000,0.000,0.00
1777908265,loop28,0.00,0.00,0.000,0.000,0.00
1777908265,loop29,0.00,0.00,0.000,0.000,0.00
1777908265,loop3,0.00,0.00,0.000,0.000,0.00
1777908265,loop30,0.00,0.00,0.000,0.000,0.00
1777908265,loop31,0.00,0.00,0.000,0.000,0.00
1777908265,loop32,0.00,0.00,0.000,0.000,0.00
1777908265,loop33,0.00,0.00,0.000,0.000,0.00
1777908265,loop34,0.00,0.00,0.000,0.000,0.00
1777908265,loop35,0.00,0.00,0.000,0.000,0.00
1777908265,loop36,0.00,0.00,0.000,0.000,0.00
1777908265,loop37,0.00,0.00,0.000,0.000,0.00
1777908265,loop38,0.00,0.00,0.000,0.000,0.00
1777908265,loop39,0.00,0.00,0.000,0.000,0.00
1777908265,loop4,0.00,0.00,0.000,0.000,0.00
1777908265,loop40,0.00,0.00,0.000,0.000,0.00
1777908265,loop5,0.00,0.00,0.000,0.000,0.00
1777908265,loop6,0.00,0.00,0.000,0.000,0.00
1777908265,loop7,0.00,0.00,0.000,0.000,0.00
1777908265,loop8,0.00,0.00,0.000,0.000,0.00
1777908265,loop9,0.00,0.00,0.000,0.000,0.00
1777908265,nvme0n1,0.00,0.00,0.000,0.000,0.00
1777908266,loop0,0.00,0.00,0.000,0.000,0.00
1777908266,loop1,0.00,0.00,0.000,0.000,0.00
1777908266,loop10,0.00,0.00,0.000,0.000,0.00
1777908266,loop11,0.00,0.00,0.000,0.000,0.00
1777908266,loop12,0.00,0.00,0.000,0.000,0.00
1777908266,loop13,0.00,0.00,0.000,0.000,0.00
1777908266,loop14,0.00,0.00,0.000,0.000,0.00
1777908266,loop15,0.00,0.00,0.000,0.000,0.00
1777908266,loop16,0.00,0.00,0.000,0.000,0.00
1777908266,loop17,0.00,0.00,0.000,0.000,0.00
1777908266,loop18,0.00,0.00,0.000,0.000,0.00
1777908266,loop19,0.00,0.00,0.000,0.000,0.00
1777908266,loop2,0.00,0.00,0.000,0.000,0.00
1777908266,loop20,0.00,0.00,0.000,0.000,0.00
1777908266,loop21,0.00,0.00,0.000,0.000,0.00
1777908266,loop22,0.00,0.00,0.000,0.000,0.00
1777908266,loop23,0.00,0.00,0.000,0.000,0.00
1777908266,loop24,0.00,0.00,0.000,0.000,0.00
1777908266,loop25,0.00,0.00,0.000,0.000,0.00
1777908266,loop26,0.00,0.00,0.000,0.000,0.00
1777908266,loop27,0.00,0.00,0.000,0.000,0.00
1777908266,loop28,0.00,0.00,0.000,0.000,0.00
1777908266,loop29,0.00,0.00,0.000,0.000,0.00
1777908266,loop3,0.00,0.00,0.000,0.000,0.00
1777908266,loop30,0.00,0.00,0.000,0.000,0.00
1777908266,loop31,0.00,0.00,0.000,0.000,0.00
1777908266,loop32,0.00,0.00,0.000,0.000,0.00
1777908266,loop33,0.00,0.00,0.000,0.000,0.00
1777908266,loop34,0.00,0.00,0.000,0.000,0.00
1777908266,loop35,0.00,0.00,0.000,0.000,0.00
1777908266,loop36,0.00,0.00,0.000,0.000,0.00
1777908266,loop37,0.00,0.00,0.000,0.000,0.00
1777908266,loop38,0.00,0.00,0.000,0.000,0.00
1777908266,loop39,0.00,0.00,0.000,0.000,0.00
1777908266,loop4,0.00,0.00,0.000,0.000,0.00
1777908266,loop40,0.00,0.00,0.000,0.000,0.00
1777908266,loop5,0.00,0.00,0.000,0.000,0.00
1777908266,loop6,0.00,0.00,0.000,0.000,0.00
1777908266,loop7,0.00,0.00,0.000,0.000,0.00
1777908266,loop8,0.00,0.00,0.000,0.000,0.00
1777908266,loop9,0.00,0.00,0.000,0.000,0.00
1777908266,nvme0n1,0.00,0.00,0.000,0.000,5.30
1777908267,loop0,0.00,0.00,0.000,0.000,0.00
1777908267,loop1,0.00,0.00,0.000,0.000,0.00
1777908267,loop10,0.00,0.00,0.000,0.000,0.00
1777908267,loop11,0.00,0.00,0.000,0.000,0.00
1777908267,loop12,0.00,0.00,0.000,0.000,0.00
1777908267,loop13,0.00,0.00,0.000,0.000,0.00
1777908267,loop14,0.00,0.00,0.000,0.000,0.00
1777908267,loop15,0.00,0.00,0.000,0.000,0.00
1777908267,loop16,0.00,0.00,0.000,0.000,0.00
1777908267,loop17,0.00,0.00,0.000,0.000,0.00
1777908267,loop18,0.00,0.00,0.000,0.000,0.00
1777908267,loop19,0.00,0.00,0.000,0.000,0.00
1777908267,loop2,0.00,0.00,0.000,0.000,0.00
1777908267,loop20,0.00,0.00,0.000,0.000,0.00
1777908267,loop21,0.00,0.00,0.000,0.000,0.00
1777908267,loop22,0.00,0.00,0.000,0.000,0.00
1777908267,loop23,0.00,0.00,0.000,0.000,0.00
1777908267,loop24,0.00,0.00,0.000,0.000,0.00
1777908267,loop25,0.00,0.00,0.000,0.000,0.00
1777908267,loop26,0.00,0.00,0.000,0.000,0.00
1777908267,loop27,0.00,0.00,0.000,0.000,0.00
1777908267,loop28,0.00,0.00,0.000,0.000,0.00
1777908267,loop29,0.00,0.00,0.000,0.000,0.00
1777908267,loop3,0.00,0.00,0.000,0.000,0.00
1777908267,loop30,0.00,0.00,0.000,0.000,0.00
1777908267,loop31,0.00,0.00,0.000,0.000,0.00
1777908267,loop32,0.00,0.00,0.000,0.000,0.00
1777908267,loop33,0.00,0.00,0.000,0.000,0.00
1777908267,loop34,0.00,0.00,0.000,0.000,0.00
1777908267,loop35,0.00,0.00,0.000,0.000,0.00
1777908267,loop36,0.00,0.00,0.000,0.000,0.00
1777908267,loop37,0.00,0.00,0.000,0.000,0.00
1777908267,loop38,0.00,0.00,0.000,0.000,0.00
1777908267,loop39,0.00,0.00,0.000,0.000,0.00
1777908267,loop4,0.00,0.00,0.000,0.000,0.00
1777908267,loop40,0.00,0.00,0.000,0.000,0.00
1777908267,loop5,0.00,0.00,0.000,0.000,0.00
1777908267,loop6,0.00,0.00,0.000,0.000,0.00
1777908267,loop7,0.00,0.00,0.000,0.000,0.00
1777908267,loop8,0.00,0.00,0.000,0.000,0.00
1777908267,loop9,0.00,0.00,0.000,0.000,0.00
1777908267,nvme0n1,0.00,0.00,0.000,0.000,0.60
1777908268,loop0,0.00,0.00,0.000,0.000,0.00
1777908268,loop1,0.00,0.00,0.000,0.000,0.00
1777908268,loop10,0.00,0.00,0.000,0.000,0.00
1777908268,loop11,0.00,0.00,0.000,0.000,0.00
1777908268,loop12,0.00,0.00,0.000,0.000,0.00
1777908268,loop13,0.00,0.00,0.000,0.000,0.00
1777908268,loop14,0.00,0.00,0.000,0.000,0.00
1777908268,loop15,0.00,0.00,0.000,0.000,0.00
1777908268,loop16,0.00,0.00,0.000,0.000,0.00
1777908268,loop17,0.00,0.00,0.000,0.000,0.00
1777908268,loop18,0.00,0.00,0.000,0.000,0.00
1777908268,loop19,0.00,0.00,0.000,0.000,0.00
1777908268,loop2,0.00,0.00,0.000,0.000,0.00
1777908268,loop20,0.00,0.00,0.000,0.000,0.00
1777908268,loop21,0.00,0.00,0.000,0.000,0.00
1777908268,loop22,0.00,0.00,0.000,0.000,0.00
1777908268,loop23,0.00,0.00,0.000,0.000,0.00
1777908268,loop24,0.00,0.00,0.000,0.000,0.00
1777908268,loop25,0.00,0.00,0.000,0.000,0.00
1777908268,loop26,0.00,0.00,0.000,0.000,0.00
1777908268,loop27,0.00,0.00,0.000,0.000,0.00
1777908268,loop28,0.00,0.00,0.000,0.000,0.00
1777908268,loop29,0.00,0.00,0.000,0.000,0.00
1777908268,loop3,0.00,0.00,0.000,0.000,0.00
1777908268,loop30,0.00,0.00,0.000,0.000,0.00
1777908268,loop31,0.00,0.00,0.000,0.000,0.00
1777908268,loop32,0.00,0.00,0.000,0.000,0.00
1777908268,loop33,0.00,0.00,0.000,0.000,0.00
1777908268,loop34,0.00,0.00,0.000,0.000,0.00
1777908268,loop35,0.00,0.00,0.000,0.000,0.00
1777908268,loop36,0.00,0.00,0.000,0.000,0.00
1777908268,loop37,0.00,0.00,0.000,0.000,0.00
1777908268,loop38,0.00,0.00,0.000,0.000,0.00
1777908268,loop39,0.00,0.00,0.000,0.000,0.00
1777908268,loop4,0.00,0.00,0.000,0.000,0.00
1777908268,loop40,0.00,0.00,0.000,0.000,0.00
1777908268,loop5,0.00,0.00,0.000,0.000,0.00
1777908268,loop6,0.00,0.00,0.000,0.000,0.00
1777908268,loop7,0.00,0.00,0.000,0.000,0.00
1777908268,loop8,0.00,0.00,0.000,0.000,0.00
1777908268,loop9,0.00,0.00,0.000,0.000,0.00
1777908268,nvme0n1,0.00,0.00,0.000,0.000,0.00
1777908269,loop0,0.00,0.00,0.000,0.000,0.00
1777908269,loop1,0.00,0.00,0.000,0.000,0.00
1777908269,loop10,0.00,0.00,0.000,0.000,0.00
1777908269,loop11,0.00,0.00,0.000,0.000,0.00
1777908269,loop12,0.00,0.00,0.000,0.000,0.00
1777908269,loop13,0.00,0.00,0.000,0.000,0.00
1777908269,loop14,0.00,0.00,0.000,0.000,0.00
1777908269,loop15,0.00,0.00,0.000,0.000,0.00
1777908269,loop16,0.00,0.00,0.000,0.000,0.00
1777908269,loop17,0.00,0.00,0.000,0.000,0.00
1777908269,loop18,0.00,0.00,0.000,0.000,0.00
1777908269,loop19,0.00,0.00,0.000,0.000,0.00
1777908269,loop2,0.00,0.00,0.000,0.000,0.00
1777908269,loop20,0.00,0.00,0.000,0.000,0.00
1777908269,loop21,0.00,0.00,0.000,0.000,0.00
1777908269,loop22,0.00,0.00,0.000,0.000,0.00
1777908269,loop23,0.00,0.00,0.000,0.000,0.00
1777908269,loop24,0.00,0.00,0.000,0.000,0.00
1777908269,loop25,0.00,0.00,0.000,0.000,0.00
1777908269,loop26,0.00,0.00,0.000,0.000,0.00
1777908269,loop27,0.00,0.00,0.000,0.000,0.00
1777908269,loop28,0.00,0.00,0.000,0.000,0.00
1777908269,loop29,0.00,0.00,0.000,0.000,0.00
1777908269,loop3,0.00,0.00,0.000,0.000,0.00
1777908269,loop30,0.00,0.00,0.000,0.000,0.00
1777908269,loop31,0.00,0.00,0.000,0.000,0.00
1777908269,loop32,0.00,0.00,0.000,0.000,0.00
1777908269,loop33,0.00,0.00,0.000,0.000,0.00
1777908269,loop34,0.00,0.00,0.000,0.000,0.00
1777908269,loop35,0.00,0.00,0.000,0.000,0.00
1777908269,loop36,0.00,0.00,0.000,0.000,0.00
1777908269,loop37,0.00,0.00,0.000,0.000,0.00
1777908269,loop38,0.00,0.00,0.000,0.000,0.00
1777908269,loop39,0.00,0.00,0.000,0.000,0.00
1777908269,loop4,0.00,0.00,0.000,0.000,0.00
1777908269,loop40,0.00,0.00,0.000,0.000,0.00
1777908269,loop5,0.00,0.00,0.000,0.000,0.00
1777908269,loop6,0.00,0.00,0.000,0.000,0.00
1777908269,loop7,0.00,0.00,0.000,0.000,0.00
1777908269,loop8,0.00,0.00,0.000,0.000,0.00
1777908269,loop9,0.00,0.00,0.000,0.000,0.00
1777908269,nvme0n1,3.00,16.00,0.001,0.024,3.10
1777908270,loop0,0.00,0.00,0.000,0.000,0.00
1777908270,loop1,0.00,0.00,0.000,0.000,0.00
1777908270,loop10,0.00,0.00,0.000,0.000,0.00
1777908270,loop11,0.00,0.00,0.000,0.000,0.00
1777908270,loop12,0.00,0.00,0.000,0.000,0.00
1777908270,loop13,0.00,0.00,0.000,0.000,0.00
1777908270,loop14,0.00,0.00,0.000,0.000,0.00
1777908270,loop15,0.00,0.00,0.000,0.000,0.00
1777908270,loop16,0.00,0.00,0.000,0.000,0.00
1777908270,loop17,0.00,0.00,0.000,0.000,0.00
1777908270,loop18,0.00,0.00,0.000,0.000,0.00
1777908270,loop19,0.00,0.00,0.000,0.000,0.00
1777908270,loop2,0.00,0.00,0.000,0.000,0.00
1777908270,loop20,0.00,0.00,0.000,0.000,0.00
1777908270,loop21,0.00,0.00,0.000,0.000,0.00
1777908270,loop22,0.00,0.00,0.000,0.000,0.00
1777908270,loop23,0.00,0.00,0.000,0.000,0.00
1777908270,loop24,0.00,0.00,0.000,0.000,0.00
1777908270,loop25,0.00,0.00,0.000,0.000,0.00
1777908270,loop26,0.00,0.00,0.000,0.000,0.00
1777908270,loop27,0.00,0.00,0.000,0.000,0.00
1777908270,loop28,0.00,0.00,0.000,0.000,0.00
1777908270,loop29,0.00,0.00,0.000,0.000,0.00
1777908270,loop3,0.00,0.00,0.000,0.000,0.00
1777908270,loop30,0.00,0.00,0.000,0.000,0.00
1777908270,loop31,0.00,0.00,0.000,0.000,0.00
1777908270,loop32,0.00,0.00,0.000,0.000,0.00
1777908270,loop33,0.00,0.00,0.000,0.000,0.00
1777908270,loop34,0.00,0.00,0.000,0.000,0.00
1777908270,loop35,0.00,0.00,0.000,0.000,0.00
1777908270,loop36,0.00,0.00,0.000,0.000,0.00
1777908270,loop37,0.00,0.00,0.000,0.000,0.00
1777908270,loop38,0.00,0.00,0.000,0.000,0.00
1777908270,loop39,0.00,0.00,0.000,0.000,0.00
1777908270,loop4,0.00,0.00,0.000,0.000,0.00
1777908270,loop40,0.00,0.00,0.000,0.000,0.00
1777908270,loop5,0.00,0.00,0.000,0.000,0.00
1777908270,loop6,0.00,0.00,0.000,0.000,0.00
1777908270,loop7,0.00,0.00,0.000,0.000,0.00
1777908270,loop8,0.00,0.00,0.000,0.000,0.00
1777908270,loop9,0.00,0.00,0.000,0.000,0.00
1777908270,nvme0n1,0.00,0.00,0.000,0.000,0.00
1777908271,loop0,0.00,0.00,0.000,0.000,0.00
1777908271,loop1,0.00,0.00,0.000,0.000,0.00
1777908271,loop10,0.00,0.00,0.000,0.000,0.00
1777908271,loop11,0.00,0.00,0.000,0.000,0.00
1777908271,loop12,0.00,0.00,0.000,0.000,0.00
1777908271,loop13,0.00,0.00,0.000,0.000,0.00
1777908271,loop14,0.00,0.00,0.000,0.000,0.00
1777908271,loop15,0.00,0.00,0.000,0.000,0.00
1777908271,loop16,0.00,0.00,0.000,0.000,0.00
1777908271,loop17,0.00,0.00,0.000,0.000,0.00
1777908271,loop18,0.00,0.00,0.000,0.000,0.00
1777908271,loop19,0.00,0.00,0.000,0.000,0.00
1777908271,loop2,0.00,0.00,0.000,0.000,0.00
1777908271,loop20,0.00,0.00,0.000,0.000,0.00
1777908271,loop21,0.00,0.00,0.000,0.000,0.00
1777908271,loop22,0.00,0.00,0.000,0.000,0.00
1777908271,loop23,0.00,0.00,0.000,0.000,0.00
1777908271,loop24,0.00,0.00,0.000,0.000,0.00
1777908271,loop25,0.00,0.00,0.000,0.000,0.00
1777908271,loop26,0.00,0.00,0.000,0.000,0.00
1777908271,loop27,0.00,0.00,0.000,0.000,0.00
1777908271,loop28,0.00,0.00,0.000,0.000,0.00
1777908271,loop29,0.00,0.00,0.000,0.000,0.00
1777908271,loop3,0.00,0.00,0.000,0.000,0.00
1777908271,loop30,0.00,0.00,0.000,0.000,0.00
1777908271,loop31,0.00,0.00,0.000,0.000,0.00
1777908271,loop32,0.00,0.00,0.000,0.000,0.00
1777908271,loop33,0.00,0.00,0.000,0.000,0.00
1777908271,loop34,0.00,0.00,0.000,0.000,0.00
1777908271,loop35,0.00,0.00,0.000,0.000,0.00
1777908271,loop36,0.00,0.00,0.000,0.000,0.00
1777908271,loop37,0.00,0.00,0.000,0.000,0.00
1777908271,loop38,0.00,0.00,0.000,0.000,0.00
1777908271,loop39,0.00,0.00,0.000,0.000,0.00
1777908271,loop4,0.00,0.00,0.000,0.000,0.00
1777908271,loop40,0.00,0.00,0.000,0.000,0.00
1777908271,loop5,0.00,0.00,0.000,0.000,0.00
1777908271,loop6,0.00,0.00,0.000,0.000,0.00
1777908271,loop7,0.00,0.00,0.000,0.000,0.00
1777908271,loop8,0.00,0.00,0.000,0.000,0.00
1777908271,loop9,0.00,0.00,0.000,0.000,0.00
1777908271,nvme0n1,0.00,0.00,0.000,0.000,0.00
1777908272,loop0,0.00,0.00,0.000,0.000,0.00
1777908272,loop1,0.00,0.00,0.000,0.000,0.00
1777908272,loop10,0.00,0.00,0.000,0.000,0.00
1777908272,loop11,0.00,0.00,0.000,0.000,0.00
1777908272,loop12,0.00,0.00,0.000,0.000,0.00
1777908272,loop13,0.00,0.00,0.000,0.000,0.00
1777908272,loop14,0.00,0.00,0.000,0.000,0.00
1777908272,loop15,0.00,0.00,0.000,0.000,0.00
1777908272,loop16,0.00,0.00,0.000,0.000,0.00
1777908272,loop17,0.00,0.00,0.000,0.000,0.00
1777908272,loop18,0.00,0.00,0.000,0.000,0.00
1777908272,loop19,0.00,0.00,0.000,0.000,0.00
1777908272,loop2,0.00,0.00,0.000,0.000,0.00
1777908272,loop20,0.00,0.00,0.000,0.000,0.00
1777908272,loop21,0.00,0.00,0.000,0.000,0.00
1777908272,loop22,0.00,0.00,0.000,0.000,0.00
1777908272,loop23,0.00,0.00,0.000,0.000,0.00
1777908272,loop24,0.00,0.00,0.000,0.000,0.00
1777908272,loop25,0.00,0.00,0.000,0.000,0.00
1777908272,loop26,0.00,0.00,0.000,0.000,0.00
1777908272,loop27,0.00,0.00,0.000,0.000,0.00
1777908272,loop28,0.00,0.00,0.000,0.000,0.00
1777908272,loop29,0.00,0.00,0.000,0.000,0.00
1777908272,loop3,0.00,0.00,0.000,0.000,0.00
1777908272,loop30,0.00,0.00,0.000,0.000,0.00
1777908272,loop31,0.00,0.00,0.000,0.000,0.00
1777908272,loop32,0.00,0.00,0.000,0.000,0.00
1777908272,loop33,0.00,0.00,0.000,0.000,0.00
1777908272,loop34,0.00,0.00,0.000,0.000,0.00
1777908272,loop35,0.00,0.00,0.000,0.000,0.00
1777908272,loop36,0.00,0.00,0.000,0.000,0.00
1777908272,loop37,0.00,0.00,0.000,0.000,0.00
1777908272,loop38,0.00,0.00,0.000,0.000,0.00
1777908272,loop39,0.00,0.00,0.000,0.000,0.00
1777908272,loop4,0.00,0.00,0.000,0.000,0.00
1777908272,loop40,0.00,0.00,0.000,0.000,0.00
1777908272,loop5,0.00,0.00,0.000,0.000,0.00
1777908272,loop6,0.00,0.00,0.000,0.000,0.00
1777908272,loop7,0.00,0.00,0.000,0.000,0.00
1777908272,loop8,0.00,0.00,0.000,0.000,0.00
1777908272,loop9,0.00,0.00,0.000,0.000,0.00
1777908272,nvme0n1,0.00,0.00,0.000,0.000,5.90
1777908273,loop0,0.00,0.00,0.000,0.000,0.00
1777908273,loop1,0.00,0.00,0.000,0.000,0.00
1777908273,loop10,0.00,0.00,0.000,0.000,0.00
1777908273,loop11,0.00,0.00,0.000,0.000,0.00
1777908273,loop12,0.00,0.00,0.000,0.000,0.00
1777908273,loop13,0.00,0.00,0.000,0.000,0.00
1777908273,loop14,0.00,0.00,0.000,0.000,0.00
1777908273,loop15,0.00,0.00,0.000,0.000,0.00
1777908273,loop16,0.00,0.00,0.000,0.000,0.00
1777908273,loop17,0.00,0.00,0.000,0.000,0.00
1777908273,loop18,0.00,0.00,0.000,0.000,0.00
1777908273,loop19,0.00,0.00,0.000,0.000,0.00
1777908273,loop2,0.00,0.00,0.000,0.000,0.00
1777908273,loop20,0.00,0.00,0.000,0.000,0.00
1777908273,loop21,0.00,0.00,0.000,0.000,0.00
1777908273,loop22,0.00,0.00,0.000,0.000,0.00
1777908273,loop23,0.00,0.00,0.000,0.000,0.00
1777908273,loop24,0.00,0.00,0.000,0.000,0.00
1777908273,loop25,0.00,0.00,0.000,0.000,0.00
1777908273,loop26,0.00,0.00,0.000,0.000,0.00
1777908273,loop27,0.00,0.00,0.000,0.000,0.00
1777908273,loop28,0.00,0.00,0.000,0.000,0.00
1777908273,loop29,0.00,0.00,0.000,0.000,0.00
1777908273,loop3,0.00,0.00,0.000,0.000,0.00
1777908273,loop30,0.00,0.00,0.000,0.000,0.00
1777908273,loop31,0.00,0.00,0.000,0.000,0.00
1777908273,loop32,0.00,0.00,0.000,0.000,0.00
1777908273,loop33,0.00,0.00,0.000,0.000,0.00
1777908273,loop34,0.00,0.00,0.000,0.000,0.00
1777908273,loop35,0.00,0.00,0.000,0.000,0.00
1777908273,loop36,0.00,0.00,0.000,0.000,0.00
1777908273,loop37,0.00,0.00,0.000,0.000,0.00
1777908273,loop38,0.00,0.00,0.000,0.000,0.00
1777908273,loop39,0.00,0.00,0.000,0.000,0.00
1777908273,loop4,0.00,0.00,0.000,0.000,0.00
1777908273,loop40,0.00,0.00,0.000,0.000,0.00
1777908273,loop5,0.00,0.00,0.000,0.000,0.00
1777908273,loop6,0.00,0.00,0.000,0.000,0.00
1777908273,loop7,0.00,0.00,0.000,0.000,0.00
1777908273,loop8,0.00,0.00,0.000,0.000,0.00
1777908273,loop9,0.00,0.00,0.000,0.000,0.00
1777908273,nvme0n1,0.00,0.00,0.000,0.000,0.00
1777908274,loop0,0.00,0.00,0.000,0.000,0.00
1777908274,loop1,0.00,0.00,0.000,0.000,0.00
1777908274,loop10,0.00,0.00,0.000,0.000,0.00
1777908274,loop11,0.00,0.00,0.000,0.000,0.00
1777908274,loop12,0.00,0.00,0.000,0.000,0.00
1777908274,loop13,0.00,0.00,0.000,0.000,0.00
1777908274,loop14,0.00,0.00,0.000,0.000,0.00
1777908274,loop15,0.00,0.00,0.000,0.000,0.00
1777908274,loop16,0.00,0.00,0.000,0.000,0.00
1777908274,loop17,0.00,0.00,0.000,0.000,0.00
1777908274,loop18,0.00,0.00,0.000,0.000,0.00
1777908274,loop19,0.00,0.00,0.000,0.000,0.00
1777908274,loop2,0.00,0.00,0.000,0.000,0.00
1777908274,loop20,0.00,0.00,0.000,0.000,0.00
1777908274,loop21,0.00,0.00,0.000,0.000,0.00
1777908274,loop22,0.00,0.00,0.000,0.000,0.00
1777908274,loop23,0.00,0.00,0.000,0.000,0.00
1777908274,loop24,0.00,0.00,0.000,0.000,0.00
1777908274,loop25,0.00,0.00,0.000,0.000,0.00
1777908274,loop26,0.00,0.00,0.000,0.000,0.00
1777908274,loop27,0.00,0.00,0.000,0.000,0.00
1777908274,loop28,0.00,0.00,0.000,0.000,0.00
1777908274,loop29,0.00,0.00,0.000,0.000,0.00
1777908274,loop3,0.00,0.00,0.000,0.000,0.00
1777908274,loop30,0.00,0.00,0.000,0.000,0.00
1777908274,loop31,0.00,0.00,0.000,0.000,0.00
1777908274,loop32,0.00,0.00,0.000,0.000,0.00
1777908274,loop33,0.00,0.00,0.000,0.000,0.00
1777908274,loop34,0.00,0.00,0.000,0.000,0.00
1777908274,loop35,0.00,0.00,0.000,0.000,0.00
1777908274,loop36,0.00,0.00,0.000,0.000,0.00
1777908274,loop37,0.00,0.00,0.000,0.000,0.00
1777908274,loop38,0.00,0.00,0.000,0.000,0.00
1777908274,loop39,0.00,0.00,0.000,0.000,0.00
1777908274,loop4,0.00,0.00,0.000,0.000,0.00
1777908274,loop40,0.00,0.00,0.000,0.000,0.00
1777908274,loop5,0.00,0.00,0.000,0.000,0.00
1777908274,loop6,0.00,0.00,0.000,0.000,0.00
1777908274,loop7,0.00,0.00,0.000,0.000,0.00
1777908274,loop8,0.00,0.00,0.000,0.000,0.00
1777908274,loop9,0.00,0.00,0.000,0.000,0.00
1777908274,nvme0n1,0.00,0.00,0.000,0.000,0.00
1777908275,loop0,0.00,0.00,0.000,0.000,0.00
1777908275,loop1,0.00,0.00,0.000,0.000,0.00
1777908275,loop10,0.00,0.00,0.000,0.000,0.00
1777908275,loop11,0.00,0.00,0.000,0.000,0.00
1777908275,loop12,0.00,0.00,0.000,0.000,0.00
1777908275,loop13,0.00,0.00,0.000,0.000,0.00
1777908275,loop14,0.00,0.00,0.000,0.000,0.00
1777908275,loop15,0.00,0.00,0.000,0.000,0.00
1777908275,loop16,0.00,0.00,0.000,0.000,0.00
1777908275,loop17,0.00,0.00,0.000,0.000,0.00
1777908275,loop18,0.00,0.00,0.000,0.000,0.00
1777908275,loop19,0.00,0.00,0.000,0.000,0.00
1777908275,loop2,0.00,0.00,0.000,0.000,0.00
1777908275,loop20,0.00,0.00,0.000,0.000,0.00
1777908275,loop21,0.00,0.00,0.000,0.000,0.00
1777908275,loop22,0.00,0.00,0.000,0.000,0.00
1777908275,loop23,0.00,0.00,0.000,0.000,0.00
1777908275,loop24,0.00,0.00,0.000,0.000,0.00
1777908275,loop25,0.00,0.00,0.000,0.000,0.00
1777908275,loop26,0.00,0.00,0.000,0.000,0.00
1777908275,loop27,0.00,0.00,0.000,0.000,0.00
1777908275,loop28,0.00,0.00,0.000,0.000,0.00
1777908275,loop29,0.00,0.00,0.000,0.000,0.00
1777908275,loop3,0.00,0.00,0.000,0.000,0.00
1777908275,loop30,0.00,0.00,0.000,0.000,0.00
1777908275,loop31,0.00,0.00,0.000,0.000,0.00
1777908275,loop32,0.00,0.00,0.000,0.000,0.00
1777908275,loop33,0.00,0.00,0.000,0.000,0.00
1777908275,loop34,0.00,0.00,0.000,0.000,0.00
1777908275,loop35,0.00,0.00,0.000,0.000,0.00
1777908275,loop36,0.00,0.00,0.000,0.000,0.00
1777908275,loop37,0.00,0.00,0.000,0.000,0.00
1777908275,loop38,0.00,0.00,0.000,0.000,0.00
1777908275,loop39,0.00,0.00,0.000,0.000,0.00
1777908275,loop4,0.00,0.00,0.000,0.000,0.00
1777908275,loop40,0.00,0.00,0.000,0.000,0.00
1777908275,loop5,0.00,0.00,0.000,0.000,0.00
1777908275,loop6,0.00,0.00,0.000,0.000,0.00
1777908275,loop7,0.00,0.00,0.000,0.000,0.00
1777908275,loop8,0.00,0.00,0.000,0.000,0.00
1777908275,loop9,0.00,0.00,0.000,0.000,0.00
1777908275,nvme0n1,0.00,0.00,0.000,0.000,0.00
1777908276,loop0,0.00,0.00,0.000,0.000,0.00
1777908276,loop1,0.00,0.00,0.000,0.000,0.00
1777908276,loop10,0.00,0.00,0.000,0.000,0.00
1777908276,loop11,0.00,0.00,0.000,0.000,0.00
1777908276,loop12,0.00,0.00,0.000,0.000,0.00
1777908276,loop13,0.00,0.00,0.000,0.000,0.00
1777908276,loop14,0.00,0.00,0.000,0.000,0.00
1777908276,loop15,0.00,0.00,0.000,0.000,0.00
1777908276,loop16,0.00,0.00,0.000,0.000,0.00
1777908276,loop17,0.00,0.00,0.000,0.000,0.00
1777908276,loop18,0.00,0.00,0.000,0.000,0.00
1777908276,loop19,0.00,0.00,0.000,0.000,0.00
1777908276,loop2,0.00,0.00,0.000,0.000,0.00
1777908276,loop20,0.00,0.00,0.000,0.000,0.00
1777908276,loop21,0.00,0.00,0.000,0.000,0.00
1777908276,loop22,0.00,0.00,0.000,0.000,0.00
1777908276,loop23,0.00,0.00,0.000,0.000,0.00
1777908276,loop24,0.00,0.00,0.000,0.000,0.00
1777908276,loop25,0.00,0.00,0.000,0.000,0.00
1777908276,loop26,0.00,0.00,0.000,0.000,0.00
1777908276,loop27,0.00,0.00,0.000,0.000,0.00
1777908276,loop28,0.00,0.00,0.000,0.000,0.00
1777908276,loop29,0.00,0.00,0.000,0.000,0.00
1777908276,loop3,0.00,0.00,0.000,0.000,0.00
1777908276,loop30,0.00,0.00,0.000,0.000,0.00
1777908276,loop31,0.00,0.00,0.000,0.000,0.00
1777908276,loop32,0.00,0.00,0.000,0.000,0.00
1777908276,loop33,0.00,0.00,0.000,0.000,0.00
1777908276,loop34,0.00,0.00,0.000,0.000,0.00
1777908276,loop35,0.00,0.00,0.000,0.000,0.00
1777908276,loop36,0.00,0.00,0.000,0.000,0.00
1777908276,loop37,0.00,0.00,0.000,0.000,0.00
1777908276,loop38,0.00,0.00,0.000,0.000,0.00
1777908276,loop39,0.00,0.00,0.000,0.000,0.00
1777908276,loop4,0.00,0.00,0.000,0.000,0.00
1777908276,loop40,0.00,0.00,0.000,0.000,0.00
1777908276,loop5,0.00,0.00,0.000,0.000,0.00
1777908276,loop6,0.00,0.00,0.000,0.000,0.00
1777908276,loop7,0.00,0.00,0.000,0.000,0.00
1777908276,loop8,0.00,0.00,0.000,0.000,0.00
1777908276,loop9,0.00,0.00,0.000,0.000,0.00
1777908276,nvme0n1,0.00,0.00,0.000,0.000,0.00
1777908277,loop0,0.00,0.00,0.000,0.000,0.00
1777908277,loop1,0.00,0.00,0.000,0.000,0.00
1777908277,loop10,0.00,0.00,0.000,0.000,0.00
1777908277,loop11,0.00,0.00,0.000,0.000,0.00
1777908277,loop12,0.00,0.00,0.000,0.000,0.00
1777908277,loop13,0.00,0.00,0.000,0.000,0.00
1777908277,loop14,0.00,0.00,0.000,0.000,0.00
1777908277,loop15,0.00,0.00,0.000,0.000,0.00
1777908277,loop16,0.00,0.00,0.000,0.000,0.00
1777908277,loop17,0.00,0.00,0.000,0.000,0.00
1777908277,loop18,0.00,0.00,0.000,0.000,0.00
1777908277,loop19,0.00,0.00,0.000,0.000,0.00
1777908277,loop2,0.00,0.00,0.000,0.000,0.00
1777908277,loop20,0.00,0.00,0.000,0.000,0.00
1777908277,loop21,0.00,0.00,0.000,0.000,0.00
1777908277,loop22,0.00,0.00,0.000,0.000,0.00
1777908277,loop23,0.00,0.00,0.000,0.000,0.00
1777908277,loop24,0.00,0.00,0.000,0.000,0.00
1777908277,loop25,0.00,0.00,0.000,0.000,0.00
1777908277,loop26,0.00,0.00,0.000,0.000,0.00
1777908277,loop27,0.00,0.00,0.000,0.000,0.00
1777908277,loop28,0.00,0.00,0.000,0.000,0.00
1777908277,loop29,0.00,0.00,0.000,0.000,0.00
1777908277,loop3,0.00,0.00,0.000,0.000,0.00
1777908277,loop30,0.00,0.00,0.000,0.000,0.00
1777908277,loop31,0.00,0.00,0.000,0.000,0.00
1777908277,loop32,0.00,0.00,0.000,0.000,0.00
1777908277,loop33,0.00,0.00,0.000,0.000,0.00
1777908277,loop34,0.00,0.00,0.000,0.000,0.00
1777908277,loop35,0.00,0.00,0.000,0.000,0.00
1777908277,loop36,0.00,0.00,0.000,0.000,0.00
1777908277,loop37,0.00,0.00,0.000,0.000,0.00
1777908277,loop38,0.00,0.00,0.000,0.000,0.00
1777908277,loop39,0.00,0.00,0.000,0.000,0.00
1777908277,loop4,0.00,0.00,0.000,0.000,0.00
1777908277,loop40,0.00,0.00,0.000,0.000,0.00
1777908277,loop5,0.00,0.00,0.000,0.000,0.00
1777908277,loop6,0.00,0.00,0.000,0.000,0.00
1777908277,loop7,0.00,0.00,0.000,0.000,0.00
1777908277,loop8,0.00,0.00,0.000,0.000,0.00
1777908277,loop9,0.00,0.00,0.000,0.000,0.00
1777908277,nvme0n1,0.00,0.00,0.000,0.000,5.30
1777908278,loop0,0.00,0.00,0.000,0.000,0.00
1777908278,loop1,0.00,0.00,0.000,0.000,0.00
1777908278,loop10,0.00,0.00,0.000,0.000,0.00
1777908278,loop11,0.00,0.00,0.000,0.000,0.00
1777908278,loop12,0.00,0.00,0.000,0.000,0.00
1777908278,loop13,0.00,0.00,0.000,0.000,0.00
1777908278,loop14,0.00,0.00,0.000,0.000,0.00
1777908278,loop15,0.00,0.00,0.000,0.000,0.00
1777908278,loop16,0.00,0.00,0.000,0.000,0.00
1777908278,loop17,0.00,0.00,0.000,0.000,0.00
1777908278,loop18,0.00,0.00,0.000,0.000,0.00
1777908278,loop19,0.00,0.00,0.000,0.000,0.00
1777908278,loop2,0.00,0.00,0.000,0.000,0.00
1777908278,loop20,0.00,0.00,0.000,0.000,0.00
1777908278,loop21,0.00,0.00,0.000,0.000,0.00
1777908278,loop22,0.00,0.00,0.000,0.000,0.00
1777908278,loop23,0.00,0.00,0.000,0.000,0.00
1777908278,loop24,0.00,0.00,0.000,0.000,0.00
1777908278,loop25,0.00,0.00,0.000,0.000,0.00
1777908278,loop26,0.00,0.00,0.000,0.000,0.00
1777908278,loop27,0.00,0.00,0.000,0.000,0.00
1777908278,loop28,0.00,0.00,0.000,0.000,0.00
1777908278,loop29,0.00,0.00,0.000,0.000,0.00
1777908278,loop3,0.00,0.00,0.000,0.000,0.00
1777908278,loop30,0.00,0.00,0.000,0.000,0.00
1777908278,loop31,0.00,0.00,0.000,0.000,0.00
1777908278,loop32,0.00,0.00,0.000,0.000,0.00
1777908278,loop33,0.00,0.00,0.000,0.000,0.00
1777908278,loop34,0.00,0.00,0.000,0.000,0.00
1777908278,loop35,0.00,0.00,0.000,0.000,0.00
1777908278,loop36,0.00,0.00,0.000,0.000,0.00
1777908278,loop37,0.00,0.00,0.000,0.000,0.00
1777908278,loop38,0.00,0.00,0.000,0.000,0.00
1777908278,loop39,0.00,0.00,0.000,0.000,0.00
1777908278,loop4,0.00,0.00,0.000,0.000,0.00
1777908278,loop40,0.00,0.00,0.000,0.000,0.00
1777908278,loop5,0.00,0.00,0.000,0.000,0.00
1777908278,loop6,0.00,0.00,0.000,0.000,0.00
1777908278,loop7,0.00,0.00,0.000,0.000,0.00
1777908278,loop8,0.00,0.00,0.000,0.000,0.00
1777908278,loop9,0.00,0.00,0.000,0.000,0.00
1777908278,nvme0n1,0.00,0.00,0.000,0.000,0.00
1777908279,loop0,0.00,0.00,0.000,0.000,0.00
1777908279,loop1,0.00,0.00,0.000,0.000,0.00
1777908279,loop10,0.00,0.00,0.000,0.000,0.00
1777908279,loop11,0.00,0.00,0.000,0.000,0.00
1777908279,loop12,0.00,0.00,0.000,0.000,0.00
1777908279,loop13,0.00,0.00,0.000,0.000,0.00
1777908279,loop14,0.00,0.00,0.000,0.000,0.00
1777908279,loop15,0.00,0.00,0.000,0.000,0.00
1777908279,loop16,0.00,0.00,0.000,0.000,0.00
1777908279,loop17,0.00,0.00,0.000,0.000,0.00
1777908279,loop18,0.00,0.00,0.000,0.000,0.00
1777908279,loop19,0.00,0.00,0.000,0.000,0.00
1777908279,loop2,0.00,0.00,0.000,0.000,0.00
1777908279,loop20,0.00,0.00,0.000,0.000,0.00
1777908279,loop21,0.00,0.00,0.000,0.000,0.00
1777908279,loop22,0.00,0.00,0.000,0.000,0.00
1777908279,loop23,0.00,0.00,0.000,0.000,0.00
1777908279,loop24,0.00,0.00,0.000,0.000,0.00
1777908279,loop25,0.00,0.00,0.000,0.000,0.00
1777908279,loop26,0.00,0.00,0.000,0.000,0.00
1777908279,loop27,0.00,0.00,0.000,0.000,0.00
1777908279,loop28,0.00,0.00,0.000,0.000,0.00
1777908279,loop29,0.00,0.00,0.000,0.000,0.00
1777908279,loop3,0.00,0.00,0.000,0.000,0.00
1777908279,loop30,0.00,0.00,0.000,0.000,0.00
1777908279,loop31,0.00,0.00,0.000,0.000,0.00
1777908279,loop32,0.00,0.00,0.000,0.000,0.00
1777908279,loop33,0.00,0.00,0.000,0.000,0.00
1777908279,loop34,0.00,0.00,0.000,0.000,0.00
1777908279,loop35,0.00,0.00,0.000,0.000,0.00
1777908279,loop36,0.00,0.00,0.000,0.000,0.00
1777908279,loop37,0.00,0.00,0.000,0.000,0.00
1777908279,loop38,0.00,0.00,0.000,0.000,0.00
1777908279,loop39,0.00,0.00,0.000,0.000,0.00
1777908279,loop4,0.00,0.00,0.000,0.000,0.00
1777908279,loop40,0.00,0.00,0.000,0.000,0.00
1777908279,loop5,0.00,0.00,0.000,0.000,0.00
1777908279,loop6,0.00,0.00,0.000,0.000,0.00
1777908279,loop7,0.00,0.00,0.000,0.000,0.00
1777908279,loop8,0.00,0.00,0.000,0.000,0.00
1777908279,loop9,0.00,0.00,0.000,0.000,0.00
1777908279,nvme0n1,0.00,0.00,0.000,0.000,0.80
1777908280,loop0,0.00,0.00,0.000,0.000,0.00
1777908280,loop1,0.00,0.00,0.000,0.000,0.00
1777908280,loop10,0.00,0.00,0.000,0.000,0.00
1777908280,loop11,0.00,0.00,0.000,0.000,0.00
1777908280,loop12,0.00,0.00,0.000,0.000,0.00
1777908280,loop13,0.00,0.00,0.000,0.000,0.00
1777908280,loop14,0.00,0.00,0.000,0.000,0.00
1777908280,loop15,0.00,0.00,0.000,0.000,0.00
1777908280,loop16,0.00,0.00,0.000,0.000,0.00
1777908280,loop17,0.00,0.00,0.000,0.000,0.00
1777908280,loop18,0.00,0.00,0.000,0.000,0.00
1777908280,loop19,0.00,0.00,0.000,0.000,0.00
1777908280,loop2,0.00,0.00,0.000,0.000,0.00
1777908280,loop20,0.00,0.00,0.000,0.000,0.00
1777908280,loop21,0.00,0.00,0.000,0.000,0.00
1777908280,loop22,0.00,0.00,0.000,0.000,0.00
1777908280,loop23,0.00,0.00,0.000,0.000,0.00
1777908280,loop24,0.00,0.00,0.000,0.000,0.00
1777908280,loop25,0.00,0.00,0.000,0.000,0.00
1777908280,loop26,0.00,0.00,0.000,0.000,0.00
1777908280,loop27,0.00,0.00,0.000,0.000,0.00
1777908280,loop28,0.00,0.00,0.000,0.000,0.00
1777908280,loop29,0.00,0.00,0.000,0.000,0.00
1777908280,loop3,0.00,0.00,0.000,0.000,0.00
1777908280,loop30,0.00,0.00,0.000,0.000,0.00
1777908280,loop31,0.00,0.00,0.000,0.000,0.00
1777908280,loop32,0.00,0.00,0.000,0.000,0.00
1777908280,loop33,0.00,0.00,0.000,0.000,0.00
1777908280,loop34,0.00,0.00,0.000,0.000,0.00
1777908280,loop35,0.00,0.00,0.000,0.000,0.00
1777908280,loop36,0.00,0.00,0.000,0.000,0.00
1777908280,loop37,0.00,0.00,0.000,0.000,0.00
1777908280,loop38,0.00,0.00,0.000,0.000,0.00
1777908280,loop39,0.00,0.00,0.000,0.000,0.00
1777908280,loop4,0.00,0.00,0.000,0.000,0.00
1777908280,loop40,0.00,0.00,0.000,0.000,0.00
1777908280,loop5,0.00,0.00,0.000,0.000,0.00
1777908280,loop6,0.00,0.00,0.000,0.000,0.00
1777908280,loop7,0.00,0.00,0.000,0.000,0.00
1777908280,loop8,0.00,0.00,0.000,0.000,0.00
1777908280,loop9,0.00,0.00,0.000,0.000,0.00
1777908280,nvme0n1,0.00,0.00,0.000,0.000,0.00
1777908281,loop0,0.00,0.00,0.000,0.000,0.00
1777908281,loop1,0.00,0.00,0.000,0.000,0.00
1777908281,loop10,0.00,0.00,0.000,0.000,0.00
1777908281,loop11,0.00,0.00,0.000,0.000,0.00
1777908281,loop12,0.00,0.00,0.000,0.000,0.00
1777908281,loop13,0.00,0.00,0.000,0.000,0.00
1777908281,loop14,0.00,0.00,0.000,0.000,0.00
1777908281,loop15,0.00,0.00,0.000,0.000,0.00
1777908281,loop16,0.00,0.00,0.000,0.000,0.00
1777908281,loop17,0.00,0.00,0.000,0.000,0.00
1777908281,loop18,0.00,0.00,0.000,0.000,0.00
1777908281,loop19,0.00,0.00,0.000,0.000,0.00
1777908281,loop2,0.00,0.00,0.000,0.000,0.00
1777908281,loop20,0.00,0.00,0.000,0.000,0.00
1777908281,loop21,0.00,0.00,0.000,0.000,0.00
1777908281,loop22,0.00,0.00,0.000,0.000,0.00
1777908281,loop23,0.00,0.00,0.000,0.000,0.00
1777908281,loop24,0.00,0.00,0.000,0.000,0.00
1777908281,loop25,0.00,0.00,0.000,0.000,0.00
1777908281,loop26,0.00,0.00,0.000,0.000,0.00
1777908281,loop27,0.00,0.00,0.000,0.000,0.00
1777908281,loop28,0.00,0.00,0.000,0.000,0.00
1777908281,loop29,0.00,0.00,0.000,0.000,0.00
1777908281,loop3,0.00,0.00,0.000,0.000,0.00
1777908281,loop30,0.00,0.00,0.000,0.000,0.00
1777908281,loop31,0.00,0.00,0.000,0.000,0.00
1777908281,loop32,0.00,0.00,0.000,0.000,0.00
1777908281,loop33,0.00,0.00,0.000,0.000,0.00
1777908281,loop34,0.00,0.00,0.000,0.000,0.00
1777908281,loop35,0.00,0.00,0.000,0.000,0.00
1777908281,loop36,0.00,0.00,0.000,0.000,0.00
1777908281,loop37,0.00,0.00,0.000,0.000,0.00
1777908281,loop38,0.00,0.00,0.000,0.000,0.00
1777908281,loop39,0.00,0.00,0.000,0.000,0.00
1777908281,loop4,0.00,0.00,0.000,0.000,0.00
1777908281,loop40,0.00,0.00,0.000,0.000,0.00
1777908281,loop5,0.00,0.00,0.000,0.000,0.00
1777908281,loop6,0.00,0.00,0.000,0.000,0.00
1777908281,loop7,0.00,0.00,0.000,0.000,0.00
1777908281,loop8,0.00,0.00,0.000,0.000,0.00
1777908281,loop9,0.00,0.00,0.000,0.000,0.00
1777908281,nvme0n1,0.00,0.00,0.000,0.000,0.00
1777908282,loop0,0.00,0.00,0.000,0.000,0.00
1777908282,loop1,0.00,0.00,0.000,0.000,0.00
1777908282,loop10,0.00,0.00,0.000,0.000,0.00
1777908282,loop11,0.00,0.00,0.000,0.000,0.00
1777908282,loop12,0.00,0.00,0.000,0.000,0.00
1777908282,loop13,0.00,0.00,0.000,0.000,0.00
1777908282,loop14,0.00,0.00,0.000,0.000,0.00
1777908282,loop15,0.00,0.00,0.000,0.000,0.00
1777908282,loop16,0.00,0.00,0.000,0.000,0.00
1777908282,loop17,0.00,0.00,0.000,0.000,0.00
1777908282,loop18,0.00,0.00,0.000,0.000,0.00
1777908282,loop19,0.00,0.00,0.000,0.000,0.00
1777908282,loop2,0.00,0.00,0.000,0.000,0.00
1777908282,loop20,0.00,0.00,0.000,0.000,0.00
1777908282,loop21,0.00,0.00,0.000,0.000,0.00
1777908282,loop22,0.00,0.00,0.000,0.000,0.00
1777908282,loop23,0.00,0.00,0.000,0.000,0.00
1777908282,loop24,0.00,0.00,0.000,0.000,0.00
1777908282,loop25,0.00,0.00,0.000,0.000,0.00
1777908282,loop26,0.00,0.00,0.000,0.000,0.00
1777908282,loop27,0.00,0.00,0.000,0.000,0.00
1777908282,loop28,0.00,0.00,0.000,0.000,0.00
1777908282,loop29,0.00,0.00,0.000,0.000,0.00
1777908282,loop3,0.00,0.00,0.000,0.000,0.00
1777908282,loop30,0.00,0.00,0.000,0.000,0.00
1777908282,loop31,0.00,0.00,0.000,0.000,0.00
1777908282,loop32,0.00,0.00,0.000,0.000,0.00
1777908282,loop33,0.00,0.00,0.000,0.000,0.00
1777908282,loop34,0.00,0.00,0.000,0.000,0.00
1777908282,loop35,0.00,0.00,0.000,0.000,0.00
1777908282,loop36,0.00,0.00,0.000,0.000,0.00
1777908282,loop37,0.00,0.00,0.000,0.000,0.00
1777908282,loop38,0.00,0.00,0.000,0.000,0.00
1777908282,loop39,0.00,0.00,0.000,0.000,0.00
1777908282,loop4,0.00,0.00,0.000,0.000,0.00
1777908282,loop40,0.00,0.00,0.000,0.000,0.00
1777908282,loop5,0.00,0.00,0.000,0.000,0.00
1777908282,loop6,0.00,0.00,0.000,0.000,0.00
1777908282,loop7,0.00,0.00,0.000,0.000,0.00
1777908282,loop8,0.00,0.00,0.000,0.000,0.00
1777908282,loop9,0.00,0.00,0.000,0.000,0.00
1777908282,nvme0n1,0.00,0.00,0.000,0.000,5.70
1777908283,loop0,0.00,0.00,0.000,0.000,0.00
1777908283,loop1,0.00,0.00,0.000,0.000,0.00
1777908283,loop10,0.00,0.00,0.000,0.000,0.00
1777908283,loop11,0.00,0.00,0.000,0.000,0.00
1777908283,loop12,0.00,0.00,0.000,0.000,0.00
1777908283,loop13,0.00,0.00,0.000,0.000,0.00
1777908283,loop14,0.00,0.00,0.000,0.000,0.00
1777908283,loop15,0.00,0.00,0.000,0.000,0.00
1777908283,loop16,0.00,0.00,0.000,0.000,0.00
1777908283,loop17,0.00,0.00,0.000,0.000,0.00
1777908283,loop18,0.00,0.00,0.000,0.000,0.00
1777908283,loop19,0.00,0.00,0.000,0.000,0.00
1777908283,loop2,0.00,0.00,0.000,0.000,0.00
1777908283,loop20,0.00,0.00,0.000,0.000,0.00
1777908283,loop21,0.00,0.00,0.000,0.000,0.00
1777908283,loop22,0.00,0.00,0.000,0.000,0.00
1777908283,loop23,0.00,0.00,0.000,0.000,0.00
1777908283,loop24,0.00,0.00,0.000,0.000,0.00
1777908283,loop25,0.00,0.00,0.000,0.000,0.00
1777908283,loop26,0.00,0.00,0.000,0.000,0.00
1777908283,loop27,0.00,0.00,0.000,0.000,0.00
1777908283,loop28,0.00,0.00,0.000,0.000,0.00
1777908283,loop29,0.00,0.00,0.000,0.000,0.00
1777908283,loop3,0.00,0.00,0.000,0.000,0.00
1777908283,loop30,0.00,0.00,0.000,0.000,0.00
1777908283,loop31,0.00,0.00,0.000,0.000,0.00
1777908283,loop32,0.00,0.00,0.000,0.000,0.00
1777908283,loop33,0.00,0.00,0.000,0.000,0.00
1777908283,loop34,0.00,0.00,0.000,0.000,0.00
1777908283,loop35,0.00,0.00,0.000,0.000,0.00
1777908283,loop36,0.00,0.00,0.000,0.000,0.00
1777908283,loop37,0.00,0.00,0.000,0.000,0.00
1777908283,loop38,0.00,0.00,0.000,0.000,0.00
1777908283,loop39,0.00,0.00,0.000,0.000,0.00
1777908283,loop4,0.00,0.00,0.000,0.000,0.00
1777908283,loop40,0.00,0.00,0.000,0.000,0.00
1777908283,loop5,0.00,0.00,0.000,0.000,0.00
1777908283,loop6,0.00,0.00,0.000,0.000,0.00
1777908283,loop7,0.00,0.00,0.000,0.000,0.00
1777908283,loop8,0.00,0.00,0.000,0.000,0.00
1777908283,loop9,0.00,0.00,0.000,0.000,0.00
1777908283,nvme0n1,0.00,0.00,0.000,0.000,0.00
1777908284,loop0,0.00,0.00,0.000,0.000,0.00
1777908284,loop1,0.00,0.00,0.000,0.000,0.00
1777908284,loop10,0.00,0.00,0.000,0.000,0.00
1777908284,loop11,0.00,0.00,0.000,0.000,0.00
1777908284,loop12,0.00,0.00,0.000,0.000,0.00
1777908284,loop13,0.00,0.00,0.000,0.000,0.00
1777908284,loop14,0.00,0.00,0.000,0.000,0.00
1777908284,loop15,0.00,0.00,0.000,0.000,0.00
1777908284,loop16,0.00,0.00,0.000,0.000,0.00
1777908284,loop17,0.00,0.00,0.000,0.000,0.00
1777908284,loop18,0.00,0.00,0.000,0.000,0.00
1777908284,loop19,0.00,0.00,0.000,0.000,0.00
1777908284,loop2,0.00,0.00,0.000,0.000,0.00
1777908284,loop20,0.00,0.00,0.000,0.000,0.00
1777908284,loop21,0.00,0.00,0.000,0.000,0.00
1777908284,loop22,0.00,0.00,0.000,0.000,0.00
1777908284,loop23,0.00,0.00,0.000,0.000,0.00
1777908284,loop24,0.00,0.00,0.000,0.000,0.00
1777908284,loop25,0.00,0.00,0.000,0.000,0.00
1777908284,loop26,0.00,0.00,0.000,0.000,0.00
1777908284,loop27,0.00,0.00,0.000,0.000,0.00
1777908284,loop28,0.00,0.00,0.000,0.000,0.00
1777908284,loop29,0.00,0.00,0.000,0.000,0.00
1777908284,loop3,0.00,0.00,0.000,0.000,0.00
1777908284,loop30,0.00,0.00,0.000,0.000,0.00
1777908284,loop31,0.00,0.00,0.000,0.000,0.00
1777908284,loop32,0.00,0.00,0.000,0.000,0.00
1777908284,loop33,0.00,0.00,0.000,0.000,0.00
1777908284,loop34,0.00,0.00,0.000,0.000,0.00
1777908284,loop35,0.00,0.00,0.000,0.000,0.00
1777908284,loop36,0.00,0.00,0.000,0.000,0.00
1777908284,loop37,0.00,0.00,0.000,0.000,0.00
1777908284,loop38,0.00,0.00,0.000,0.000,0.00
1777908284,loop39,0.00,0.00,0.000,0.000,0.00
1777908284,loop4,0.00,0.00,0.000,0.000,0.00
1777908284,loop40,0.00,0.00,0.000,0.000,0.00
1777908284,loop5,0.00,0.00,0.000,0.000,0.00
1777908284,loop6,0.00,0.00,0.000,0.000,0.00
1777908284,loop7,0.00,0.00,0.000,0.000,0.00
1777908284,loop8,0.00,0.00,0.000,0.000,0.00
1777908284,loop9,0.00,0.00,0.000,0.000,0.00
1777908284,nvme0n1,0.00,0.00,0.000,0.000,0.00
1777908285,loop0,0.00,0.00,0.000,0.000,0.00
1777908285,loop1,0.00,0.00,0.000,0.000,0.00
1777908285,loop10,0.00,0.00,0.000,0.000,0.00
1777908285,loop11,0.00,0.00,0.000,0.000,0.00
1777908285,loop12,0.00,0.00,0.000,0.000,0.00
1777908285,loop13,0.00,0.00,0.000,0.000,0.00
1777908285,loop14,0.00,0.00,0.000,0.000,0.00
1777908285,loop15,0.00,0.00,0.000,0.000,0.00
1777908285,loop16,0.00,0.00,0.000,0.000,0.00
1777908285,loop17,0.00,0.00,0.000,0.000,0.00
1777908285,loop18,0.00,0.00,0.000,0.000,0.00
1777908285,loop19,0.00,0.00,0.000,0.000,0.00
1777908285,loop2,0.00,0.00,0.000,0.000,0.00
1777908285,loop20,0.00,0.00,0.000,0.000,0.00
1777908285,loop21,0.00,0.00,0.000,0.000,0.00
1777908285,loop22,0.00,0.00,0.000,0.000,0.00
1777908285,loop23,0.00,0.00,0.000,0.000,0.00
1777908285,loop24,0.00,0.00,0.000,0.000,0.00
1777908285,loop25,0.00,0.00,0.000,0.000,0.00
1777908285,loop26,0.00,0.00,0.000,0.000,0.00
1777908285,loop27,0.00,0.00,0.000,0.000,0.00
1777908285,loop28,0.00,0.00,0.000,0.000,0.00
1777908285,loop29,0.00,0.00,0.000,0.000,0.00
1777908285,loop3,0.00,0.00,0.000,0.000,0.00
1777908285,loop30,0.00,0.00,0.000,0.000,0.00
1777908285,loop31,0.00,0.00,0.000,0.000,0.00
1777908285,loop32,0.00,0.00,0.000,0.000,0.00
1777908285,loop33,0.00,0.00,0.000,0.000,0.00
1777908285,loop34,0.00,0.00,0.000,0.000,0.00
1777908285,loop35,0.00,0.00,0.000,0.000,0.00
1777908285,loop36,0.00,0.00,0.000,0.000,0.00
1777908285,loop37,0.00,0.00,0.000,0.000,0.00
1777908285,loop38,0.00,0.00,0.000,0.000,0.00
1777908285,loop39,0.00,0.00,0.000,0.000,0.00
1777908285,loop4,0.00,0.00,0.000,0.000,0.00
1777908285,loop40,0.00,0.00,0.000,0.000,0.00
1777908285,loop5,0.00,0.00,0.000,0.000,0.00
1777908285,loop6,0.00,0.00,0.000,0.000,0.00
1777908285,loop7,0.00,0.00,0.000,0.000,0.00
1777908285,loop8,0.00,0.00,0.000,0.000,0.00
1777908285,loop9,0.00,0.00,0.000,0.000,0.00
1777908285,nvme0n1,0.00,0.00,0.000,0.000,2.70
1777908286,loop0,0.00,0.00,0.000,0.000,0.00
1777908286,loop1,0.00,0.00,0.000,0.000,0.00
1777908286,loop10,0.00,0.00,0.000,0.000,0.00
1777908286,loop11,0.00,0.00,0.000,0.000,0.00
1777908286,loop12,0.00,0.00,0.000,0.000,0.00
1777908286,loop13,0.00,0.00,0.000,0.000,0.00
1777908286,loop14,0.00,0.00,0.000,0.000,0.00
1777908286,loop15,0.00,0.00,0.000,0.000,0.00
1777908286,loop16,0.00,0.00,0.000,0.000,0.00
1777908286,loop17,0.00,0.00,0.000,0.000,0.00
1777908286,loop18,0.00,0.00,0.000,0.000,0.00
1777908286,loop19,0.00,0.00,0.000,0.000,0.00
1777908286,loop2,0.00,0.00,0.000,0.000,0.00
1777908286,loop20,0.00,0.00,0.000,0.000,0.00
1777908286,loop21,0.00,0.00,0.000,0.000,0.00
1777908286,loop22,0.00,0.00,0.000,0.000,0.00
1777908286,loop23,0.00,0.00,0.000,0.000,0.00
1777908286,loop24,0.00,0.00,0.000,0.000,0.00
1777908286,loop25,0.00,0.00,0.000,0.000,0.00
1777908286,loop26,0.00,0.00,0.000,0.000,0.00
1777908286,loop27,0.00,0.00,0.000,0.000,0.00
1777908286,loop28,0.00,0.00,0.000,0.000,0.00
1777908286,loop29,0.00,0.00,0.000,0.000,0.00
1777908286,loop3,0.00,0.00,0.000,0.000,0.00
1777908286,loop30,0.00,0.00,0.000,0.000,0.00
1777908286,loop31,0.00,0.00,0.000,0.000,0.00
1777908286,loop32,0.00,0.00,0.000,0.000,0.00
1777908286,loop33,0.00,0.00,0.000,0.000,0.00
1777908286,loop34,0.00,0.00,0.000,0.000,0.00
1777908286,loop35,0.00,0.00,0.000,0.000,0.00
1777908286,loop36,0.00,0.00,0.000,0.000,0.00
1777908286,loop37,0.00,0.00,0.000,0.000,0.00
1777908286,loop38,0.00,0.00,0.000,0.000,0.00
1777908286,loop39,0.00,0.00,0.000,0.000,0.00
1777908286,loop4,0.00,0.00,0.000,0.000,0.00
1777908286,loop40,0.00,0.00,0.000,0.000,0.00
1777908286,loop5,0.00,0.00,0.000,0.000,0.00
1777908286,loop6,0.00,0.00,0.000,0.000,0.00
1777908286,loop7,0.00,0.00,0.000,0.000,0.00
1777908286,loop8,0.00,0.00,0.000,0.000,0.00
1777908286,loop9,0.00,0.00,0.000,0.000,0.00
1777908286,nvme0n1,0.00,0.00,0.000,0.000,0.00
1777908287,loop0,0.00,0.00,0.000,0.000,0.00
1777908287,loop1,0.00,0.00,0.000,0.000,0.00
1777908287,loop10,0.00,0.00,0.000,0.000,0.00
1777908287,loop11,0.00,0.00,0.000,0.000,0.00
1777908287,loop12,0.00,0.00,0.000,0.000,0.00
1777908287,loop13,0.00,0.00,0.000,0.000,0.00
1777908287,loop14,0.00,0.00,0.000,0.000,0.00
1777908287,loop15,0.00,0.00,0.000,0.000,0.00
1777908287,loop16,0.00,0.00,0.000,0.000,0.00
1777908287,loop17,0.00,0.00,0.000,0.000,0.00
1777908287,loop18,0.00,0.00,0.000,0.000,0.00
1777908287,loop19,0.00,0.00,0.000,0.000,0.00
1777908287,loop2,0.00,0.00,0.000,0.000,0.00
1777908287,loop20,0.00,0.00,0.000,0.000,0.00
1777908287,loop21,0.00,0.00,0.000,0.000,0.00
1777908287,loop22,0.00,0.00,0.000,0.000,0.00
1777908287,loop23,0.00,0.00,0.000,0.000,0.00
1777908287,loop24,0.00,0.00,0.000,0.000,0.00
1777908287,loop25,0.00,0.00,0.000,0.000,0.00
1777908287,loop26,0.00,0.00,0.000,0.000,0.00
1777908287,loop27,0.00,0.00,0.000,0.000,0.00
1777908287,loop28,0.00,0.00,0.000,0.000,0.00
1777908287,loop29,0.00,0.00,0.000,0.000,0.00
1777908287,loop3,0.00,0.00,0.000,0.000,0.00
1777908287,loop30,0.00,0.00,0.000,0.000,0.00
1777908287,loop31,0.00,0.00,0.000,0.000,0.00
1777908287,loop32,0.00,0.00,0.000,0.000,0.00
1777908287,loop33,0.00,0.00,0.000,0.000,0.00
1777908287,loop34,0.00,0.00,0.000,0.000,0.00
1777908287,loop35,0.00,0.00,0.000,0.000,0.00
1777908287,loop36,0.00,0.00,0.000,0.000,0.00
1777908287,loop37,0.00,0.00,0.000,0.000,0.00
1777908287,loop38,0.00,0.00,0.000,0.000,0.00
1777908287,loop39,0.00,0.00,0.000,0.000,0.00
1777908287,loop4,0.00,0.00,0.000,0.000,0.00
1777908287,loop40,0.00,0.00,0.000,0.000,0.00
1777908287,loop5,0.00,0.00,0.000,0.000,0.00
1777908287,loop6,0.00,0.00,0.000,0.000,0.00
1777908287,loop7,0.00,0.00,0.000,0.000,0.00
1777908287,loop8,0.00,0.00,0.000,0.000,0.00
1777908287,loop9,0.00,0.00,0.000,0.000,0.00
1777908287,nvme0n1,0.00,0.00,0.000,0.000,0.00
1777908288,loop0,0.00,0.00,0.000,0.000,0.00
1777908288,loop1,0.00,0.00,0.000,0.000,0.00
1777908288,loop10,0.00,0.00,0.000,0.000,0.00
1777908288,loop11,0.00,0.00,0.000,0.000,0.00
1777908288,loop12,0.00,0.00,0.000,0.000,0.00
1777908288,loop13,0.00,0.00,0.000,0.000,0.00
1777908288,loop14,0.00,0.00,0.000,0.000,0.00
1777908288,loop15,0.00,0.00,0.000,0.000,0.00
1777908288,loop16,0.00,0.00,0.000,0.000,0.00
1777908288,loop17,0.00,0.00,0.000,0.000,0.00
1777908288,loop18,0.00,0.00,0.000,0.000,0.00
1777908288,loop19,0.00,0.00,0.000,0.000,0.00
1777908288,loop2,0.00,0.00,0.000,0.000,0.00
1777908288,loop20,0.00,0.00,0.000,0.000,0.00
1777908288,loop21,0.00,0.00,0.000,0.000,0.00
1777908288,loop22,0.00,0.00,0.000,0.000,0.00
1777908288,loop23,0.00,0.00,0.000,0.000,0.00
1777908288,loop24,0.00,0.00,0.000,0.000,0.00
1777908288,loop25,0.00,0.00,0.000,0.000,0.00
1777908288,loop26,0.00,0.00,0.000,0.000,0.00
1777908288,loop27,0.00,0.00,0.000,0.000,0.00
1777908288,loop28,0.00,0.00,0.000,0.000,0.00
1777908288,loop29,0.00,0.00,0.000,0.000,0.00
1777908288,loop3,0.00,0.00,0.000,0.000,0.00
1777908288,loop30,0.00,0.00,0.000,0.000,0.00
1777908288,loop31,0.00,0.00,0.000,0.000,0.00
1777908288,loop32,0.00,0.00,0.000,0.000,0.00
1777908288,loop33,0.00,0.00,0.000,0.000,0.00
1777908288,loop34,0.00,0.00,0.000,0.000,0.00
1777908288,loop35,0.00,0.00,0.000,0.000,0.00
1777908288,loop36,0.00,0.00,0.000,0.000,0.00
1777908288,loop37,0.00,0.00,0.000,0.000,0.00
1777908288,loop38,0.00,0.00,0.000,0.000,0.00
1777908288,loop39,0.00,0.00,0.000,0.000,0.00
1777908288,loop4,0.00,0.00,0.000,0.000,0.00
1777908288,loop40,0.00,0.00,0.000,0.000,0.00
1777908288,loop5,0.00,0.00,0.000,0.000,0.00
1777908288,loop6,0.00,0.00,0.000,0.000,0.00
1777908288,loop7,0.00,0.00,0.000,0.000,0.00
1777908288,loop8,0.00,0.00,0.000,0.000,0.00
1777908288,loop9,0.00,0.00,0.000,0.000,0.00
1777908288,nvme0n1,0.00,0.00,0.000,0.000,0.00
1777908289,loop0,0.00,0.00,0.000,0.000,0.00
1777908289,loop1,0.00,0.00,0.000,0.000,0.00
1777908289,loop10,0.00,0.00,0.000,0.000,0.00
1777908289,loop11,0.00,0.00,0.000,0.000,0.00
1777908289,loop12,0.00,0.00,0.000,0.000,0.00
1777908289,loop13,0.00,0.00,0.000,0.000,0.00
1777908289,loop14,0.00,0.00,0.000,0.000,0.00
1777908289,loop15,0.00,0.00,0.000,0.000,0.00
1777908289,loop16,0.00,0.00,0.000,0.000,0.00
1777908289,loop17,0.00,0.00,0.000,0.000,0.00
1777908289,loop18,0.00,0.00,0.000,0.000,0.00
1777908289,loop19,0.00,0.00,0.000,0.000,0.00
1777908289,loop2,0.00,0.00,0.000,0.000,0.00
1777908289,loop20,0.00,0.00,0.000,0.000,0.00
1777908289,loop21,0.00,0.00,0.000,0.000,0.00
1777908289,loop22,0.00,0.00,0.000,0.000,0.00
1777908289,loop23,0.00,0.00,0.000,0.000,0.00
1777908289,loop24,0.00,0.00,0.000,0.000,0.00
1777908289,loop25,0.00,0.00,0.000,0.000,0.00
1777908289,loop26,0.00,0.00,0.000,0.000,0.00
1777908289,loop27,0.00,0.00,0.000,0.000,0.00
1777908289,loop28,0.00,0.00,0.000,0.000,0.00
1777908289,loop29,0.00,0.00,0.000,0.000,0.00
1777908289,loop3,0.00,0.00,0.000,0.000,0.00
1777908289,loop30,0.00,0.00,0.000,0.000,0.00
1777908289,loop31,0.00,0.00,0.000,0.000,0.00
1777908289,loop32,0.00,0.00,0.000,0.000,0.00
1777908289,loop33,0.00,0.00,0.000,0.000,0.00
1777908289,loop34,0.00,0.00,0.000,0.000,0.00
1777908289,loop35,0.00,0.00,0.000,0.000,0.00
1777908289,loop36,0.00,0.00,0.000,0.000,0.00
1777908289,loop37,0.00,0.00,0.000,0.000,0.00
1777908289,loop38,0.00,0.00,0.000,0.000,0.00
1777908289,loop39,0.00,0.00,0.000,0.000,0.00
1777908289,loop4,0.00,0.00,0.000,0.000,0.00
1777908289,loop40,0.00,0.00,0.000,0.000,0.00
1777908289,loop5,0.00,0.00,0.000,0.000,0.00
1777908289,loop6,0.00,0.00,0.000,0.000,0.00
1777908289,loop7,0.00,0.00,0.000,0.000,0.00
1777908289,loop8,0.00,0.00,0.000,0.000,0.00
1777908289,loop9,0.00,0.00,0.000,0.000,0.00
1777908289,nvme0n1,0.00,0.00,0.000,0.000,0.00
1777908290,loop0,0.00,0.00,0.000,0.000,0.00
1777908290,loop1,0.00,0.00,0.000,0.000,0.00
1777908290,loop10,0.00,0.00,0.000,0.000,0.00
1777908290,loop11,0.00,0.00,0.000,0.000,0.00
1777908290,loop12,0.00,0.00,0.000,0.000,0.00
1777908290,loop13,0.00,0.00,0.000,0.000,0.00
1777908290,loop14,0.00,0.00,0.000,0.000,0.00
1777908290,loop15,0.00,0.00,0.000,0.000,0.00
1777908290,loop16,0.00,0.00,0.000,0.000,0.00
1777908290,loop17,0.00,0.00,0.000,0.000,0.00
1777908290,loop18,0.00,0.00,0.000,0.000,0.00
1777908290,loop19,0.00,0.00,0.000,0.000,0.00
1777908290,loop2,0.00,0.00,0.000,0.000,0.00
1777908290,loop20,0.00,0.00,0.000,0.000,0.00
1777908290,loop21,0.00,0.00,0.000,0.000,0.00
1777908290,loop22,0.00,0.00,0.000,0.000,0.00
1777908290,loop23,0.00,0.00,0.000,0.000,0.00
1777908290,loop24,0.00,0.00,0.000,0.000,0.00
1777908290,loop25,0.00,0.00,0.000,0.000,0.00
1777908290,loop26,0.00,0.00,0.000,0.000,0.00
1777908290,loop27,0.00,0.00,0.000,0.000,0.00
1777908290,loop28,0.00,0.00,0.000,0.000,0.00
1777908290,loop29,0.00,0.00,0.000,0.000,0.00
1777908290,loop3,0.00,0.00,0.000,0.000,0.00
1777908290,loop30,0.00,0.00,0.000,0.000,0.00
1777908290,loop31,0.00,0.00,0.000,0.000,0.00
1777908290,loop32,0.00,0.00,0.000,0.000,0.00
1777908290,loop33,0.00,0.00,0.000,0.000,0.00
1777908290,loop34,0.00,0.00,0.000,0.000,0.00
1777908290,loop35,0.00,0.00,0.000,0.000,0.00
1777908290,loop36,0.00,0.00,0.000,0.000,0.00
1777908290,loop37,0.00,0.00,0.000,0.000,0.00
1777908290,loop38,0.00,0.00,0.000,0.000,0.00
1777908290,loop39,0.00,0.00,0.000,0.000,0.00
1777908290,loop4,0.00,0.00,0.000,0.000,0.00
1777908290,loop40,0.00,0.00,0.000,0.000,0.00
1777908290,loop5,0.00,0.00,0.000,0.000,0.00
1777908290,loop6,0.00,0.00,0.000,0.000,0.00
1777908290,loop7,0.00,0.00,0.000,0.000,0.00
1777908290,loop8,0.00,0.00,0.000,0.000,0.00
1777908290,loop9,0.00,0.00,0.000,0.000,0.00
1777908290,nvme0n1,0.00,0.00,0.000,0.000,3.90
1777908291,loop0,0.00,0.00,0.000,0.000,0.00
1777908291,loop1,0.00,0.00,0.000,0.000,0.00
1777908291,loop10,0.00,0.00,0.000,0.000,0.00
1777908291,loop11,0.00,0.00,0.000,0.000,0.00
1777908291,loop12,0.00,0.00,0.000,0.000,0.00
1777908291,loop13,0.00,0.00,0.000,0.000,0.00
1777908291,loop14,0.00,0.00,0.000,0.000,0.00
1777908291,loop15,0.00,0.00,0.000,0.000,0.00
1777908291,loop16,0.00,0.00,0.000,0.000,0.00
1777908291,loop17,0.00,0.00,0.000,0.000,0.00
1777908291,loop18,0.00,0.00,0.000,0.000,0.00
1777908291,loop19,0.00,0.00,0.000,0.000,0.00
1777908291,loop2,0.00,0.00,0.000,0.000,0.00
1777908291,loop20,0.00,0.00,0.000,0.000,0.00
1777908291,loop21,0.00,0.00,0.000,0.000,0.00
1777908291,loop22,0.00,0.00,0.000,0.000,0.00
1777908291,loop23,0.00,0.00,0.000,0.000,0.00
1777908291,loop24,0.00,0.00,0.000,0.000,0.00
1777908291,loop25,0.00,0.00,0.000,0.000,0.00
1777908291,loop26,0.00,0.00,0.000,0.000,0.00
1777908291,loop27,0.00,0.00,0.000,0.000,0.00
1777908291,loop28,0.00,0.00,0.000,0.000,0.00
1777908291,loop29,0.00,0.00,0.000,0.000,0.00
1777908291,loop3,0.00,0.00,0.000,0.000,0.00
1777908291,loop30,0.00,0.00,0.000,0.000,0.00
1777908291,loop31,0.00,0.00,0.000,0.000,0.00
1777908291,loop32,0.00,0.00,0.000,0.000,0.00
1777908291,loop33,0.00,0.00,0.000,0.000,0.00
1777908291,loop34,0.00,0.00,0.000,0.000,0.00
1777908291,loop35,0.00,0.00,0.000,0.000,0.00
1777908291,loop36,0.00,0.00,0.000,0.000,0.00
1777908291,loop37,0.00,0.00,0.000,0.000,0.00
1777908291,loop38,0.00,0.00,0.000,0.000,0.00
1777908291,loop39,0.00,0.00,0.000,0.000,0.00
1777908291,loop4,0.00,0.00,0.000,0.000,0.00
1777908291,loop40,0.00,0.00,0.000,0.000,0.00
1777908291,loop5,0.00,0.00,0.000,0.000,0.00
1777908291,loop6,0.00,0.00,0.000,0.000,0.00
1777908291,loop7,0.00,0.00,0.000,0.000,0.00
1777908291,loop8,0.00,0.00,0.000,0.000,0.00
1777908291,loop9,0.00,0.00,0.000,0.000,0.00
1777908291,nvme0n1,0.00,0.00,0.000,0.000,0.00
1777908292,loop0,0.00,0.00,0.000,0.000,0.00
1777908292,loop1,0.00,0.00,0.000,0.000,0.00
1777908292,loop10,0.00,0.00,0.000,0.000,0.00
1777908292,loop11,0.00,0.00,0.000,0.000,0.00
1777908292,loop12,0.00,0.00,0.000,0.000,0.00
1777908292,loop13,0.00,0.00,0.000,0.000,0.00
1777908292,loop14,0.00,0.00,0.000,0.000,0.00
1777908292,loop15,0.00,0.00,0.000,0.000,0.00
1777908292,loop16,0.00,0.00,0.000,0.000,0.00
1777908292,loop17,0.00,0.00,0.000,0.000,0.00
1777908292,loop18,0.00,0.00,0.000,0.000,0.00
1777908292,loop19,0.00,0.00,0.000,0.000,0.00
1777908292,loop2,0.00,0.00,0.000,0.000,0.00
1777908292,loop20,0.00,0.00,0.000,0.000,0.00
1777908292,loop21,0.00,0.00,0.000,0.000,0.00
1777908292,loop22,0.00,0.00,0.000,0.000,0.00
1777908292,loop23,0.00,0.00,0.000,0.000,0.00
1777908292,loop24,0.00,0.00,0.000,0.000,0.00
1777908292,loop25,0.00,0.00,0.000,0.000,0.00
1777908292,loop26,0.00,0.00,0.000,0.000,0.00
1777908292,loop27,0.00,0.00,0.000,0.000,0.00
1777908292,loop28,0.00,0.00,0.000,0.000,0.00
1777908292,loop29,0.00,0.00,0.000,0.000,0.00
1777908292,loop3,0.00,0.00,0.000,0.000,0.00
1777908292,loop30,0.00,0.00,0.000,0.000,0.00
1777908292,loop31,0.00,0.00,0.000,0.000,0.00
1777908292,loop32,0.00,0.00,0.000,0.000,0.00
1777908292,loop33,0.00,0.00,0.000,0.000,0.00
1777908292,loop34,0.00,0.00,0.000,0.000,0.00
1777908292,loop35,0.00,0.00,0.000,0.000,0.00
1777908292,loop36,0.00,0.00,0.000,0.000,0.00
1777908292,loop37,0.00,0.00,0.000,0.000,0.00
1777908292,loop38,0.00,0.00,0.000,0.000,0.00
1777908292,loop39,0.00,0.00,0.000,0.000,0.00
1777908292,loop4,0.00,0.00,0.000,0.000,0.00
1777908292,loop40,0.00,0.00,0.000,0.000,0.00
1777908292,loop5,0.00,0.00,0.000,0.000,0.00
1777908292,loop6,0.00,0.00,0.000,0.000,0.00
1777908292,loop7,0.00,0.00,0.000,0.000,0.00
1777908292,loop8,0.00,0.00,0.000,0.000,0.00
1777908292,loop9,0.00,0.00,0.000,0.000,0.00
1777908292,nvme0n1,0.00,0.00,0.000,0.000,0.00
1777908293,loop0,0.00,0.00,0.000,0.000,0.00
1777908293,loop1,0.00,0.00,0.000,0.000,0.00
1777908293,loop10,0.00,0.00,0.000,0.000,0.00
1777908293,loop11,0.00,0.00,0.000,0.000,0.00
1777908293,loop12,0.00,0.00,0.000,0.000,0.00
1777908293,loop13,0.00,0.00,0.000,0.000,0.00
1777908293,loop14,0.00,0.00,0.000,0.000,0.00
1777908293,loop15,0.00,0.00,0.000,0.000,0.00
1777908293,loop16,0.00,0.00,0.000,0.000,0.00
1777908293,loop17,0.00,0.00,0.000,0.000,0.00
1777908293,loop18,0.00,0.00,0.000,0.000,0.00
1777908293,loop19,0.00,0.00,0.000,0.000,0.00
1777908293,loop2,0.00,0.00,0.000,0.000,0.00
1777908293,loop20,0.00,0.00,0.000,0.000,0.00
1777908293,loop21,0.00,0.00,0.000,0.000,0.00
1777908293,loop22,0.00,0.00,0.000,0.000,0.00
1777908293,loop23,0.00,0.00,0.000,0.000,0.00
1777908293,loop24,0.00,0.00,0.000,0.000,0.00
1777908293,loop25,0.00,0.00,0.000,0.000,0.00
1777908293,loop26,0.00,0.00,0.000,0.000,0.00
1777908293,loop27,0.00,0.00,0.000,0.000,0.00
1777908293,loop28,0.00,0.00,0.000,0.000,0.00
1777908293,loop29,0.00,0.00,0.000,0.000,0.00
1777908293,loop3,0.00,0.00,0.000,0.000,0.00
1777908293,loop30,0.00,0.00,0.000,0.000,0.00
1777908293,loop31,0.00,0.00,0.000,0.000,0.00
1777908293,loop32,0.00,0.00,0.000,0.000,0.00
1777908293,loop33,0.00,0.00,0.000,0.000,0.00
1777908293,loop34,0.00,0.00,0.000,0.000,0.00
1777908293,loop35,0.00,0.00,0.000,0.000,0.00
1777908293,loop36,0.00,0.00,0.000,0.000,0.00
1777908293,loop37,0.00,0.00,0.000,0.000,0.00
1777908293,loop38,0.00,0.00,0.000,0.000,0.00
1777908293,loop39,0.00,0.00,0.000,0.000,0.00
1777908293,loop4,0.00,0.00,0.000,0.000,0.00
1777908293,loop40,0.00,0.00,0.000,0.000,0.00
1777908293,loop5,0.00,0.00,0.000,0.000,0.00
1777908293,loop6,0.00,0.00,0.000,0.000,0.00
1777908293,loop7,0.00,0.00,0.000,0.000,0.00
1777908293,loop8,0.00,0.00,0.000,0.000,0.00
1777908293,loop9,0.00,0.00,0.000,0.000,0.00
1777908293,nvme0n1,0.00,0.00,0.000,0.000,0.00
1777908294,loop0,0.00,0.00,0.000,0.000,0.00
1777908294,loop1,0.00,0.00,0.000,0.000,0.00
1777908294,loop10,0.00,0.00,0.000,0.000,0.00
1777908294,loop11,0.00,0.00,0.000,0.000,0.00
1777908294,loop12,0.00,0.00,0.000,0.000,0.00
1777908294,loop13,0.00,0.00,0.000,0.000,0.00
1777908294,loop14,0.00,0.00,0.000,0.000,0.00
1777908294,loop15,0.00,0.00,0.000,0.000,0.00
1777908294,loop16,0.00,0.00,0.000,0.000,0.00
1777908294,loop17,0.00,0.00,0.000,0.000,0.00
1777908294,loop18,0.00,0.00,0.000,0.000,0.00
1777908294,loop19,0.00,0.00,0.000,0.000,0.00
1777908294,loop2,0.00,0.00,0.000,0.000,0.00
1777908294,loop20,0.00,0.00,0.000,0.000,0.00
1777908294,loop21,0.00,0.00,0.000,0.000,0.00
1777908294,loop22,0.00,0.00,0.000,0.000,0.00
1777908294,loop23,0.00,0.00,0.000,0.000,0.00
1777908294,loop24,0.00,0.00,0.000,0.000,0.00
1777908294,loop25,0.00,0.00,0.000,0.000,0.00
1777908294,loop26,0.00,0.00,0.000,0.000,0.00
1777908294,loop27,0.00,0.00,0.000,0.000,0.00
1777908294,loop28,0.00,0.00,0.000,0.000,0.00
1777908294,loop29,0.00,0.00,0.000,0.000,0.00
1777908294,loop3,0.00,0.00,0.000,0.000,0.00
1777908294,loop30,0.00,0.00,0.000,0.000,0.00
1777908294,loop31,0.00,0.00,0.000,0.000,0.00
1777908294,loop32,0.00,0.00,0.000,0.000,0.00
1777908294,loop33,0.00,0.00,0.000,0.000,0.00
1777908294,loop34,0.00,0.00,0.000,0.000,0.00
1777908294,loop35,0.00,0.00,0.000,0.000,0.00
1777908294,loop36,0.00,0.00,0.000,0.000,0.00
1777908294,loop37,0.00,0.00,0.000,0.000,0.00
1777908294,loop38,0.00,0.00,0.000,0.000,0.00
1777908294,loop39,0.00,0.00,0.000,0.000,0.00
1777908294,loop4,0.00,0.00,0.000,0.000,0.00
1777908294,loop40,0.00,0.00,0.000,0.000,0.00
1777908294,loop5,0.00,0.00,0.000,0.000,0.00
1777908294,loop6,0.00,0.00,0.000,0.000,0.00
1777908294,loop7,0.00,0.00,0.000,0.000,0.00
1777908294,loop8,0.00,0.00,0.000,0.000,0.00
1777908294,loop9,0.00,0.00,0.000,0.000,0.00
1777908294,nvme0n1,0.00,0.00,0.000,0.000,0.00
1777908295,loop0,0.00,0.00,0.000,0.000,0.00
1777908295,loop1,0.00,0.00,0.000,0.000,0.00
1777908295,loop10,0.00,0.00,0.000,0.000,0.00
1777908295,loop11,0.00,0.00,0.000,0.000,0.00
1777908295,loop12,0.00,0.00,0.000,0.000,0.00
1777908295,loop13,0.00,0.00,0.000,0.000,0.00
1777908295,loop14,0.00,0.00,0.000,0.000,0.00
1777908295,loop15,0.00,0.00,0.000,0.000,0.00
1777908295,loop16,0.00,0.00,0.000,0.000,0.00
1777908295,loop17,0.00,0.00,0.000,0.000,0.00
1777908295,loop18,0.00,0.00,0.000,0.000,0.00
1777908295,loop19,0.00,0.00,0.000,0.000,0.00
1777908295,loop2,0.00,0.00,0.000,0.000,0.00
1777908295,loop20,0.00,0.00,0.000,0.000,0.00
1777908295,loop21,0.00,0.00,0.000,0.000,0.00
1777908295,loop22,0.00,0.00,0.000,0.000,0.00
1777908295,loop23,0.00,0.00,0.000,0.000,0.00
1777908295,loop24,0.00,0.00,0.000,0.000,0.00
1777908295,loop25,0.00,0.00,0.000,0.000,0.00
1777908295,loop26,0.00,0.00,0.000,0.000,0.00
1777908295,loop27,0.00,0.00,0.000,0.000,0.00
1777908295,loop28,0.00,0.00,0.000,0.000,0.00
1777908295,loop29,0.00,0.00,0.000,0.000,0.00
1777908295,loop3,0.00,0.00,0.000,0.000,0.00
1777908295,loop30,0.00,0.00,0.000,0.000,0.00
1777908295,loop31,0.00,0.00,0.000,0.000,0.00
1777908295,loop32,0.00,0.00,0.000,0.000,0.00
1777908295,loop33,0.00,0.00,0.000,0.000,0.00
1777908295,loop34,0.00,0.00,0.000,0.000,0.00
1777908295,loop35,0.00,0.00,0.000,0.000,0.00
1777908295,loop36,0.00,0.00,0.000,0.000,0.00
1777908295,loop37,0.00,0.00,0.000,0.000,0.00
1777908295,loop38,0.00,0.00,0.000,0.000,0.00
1777908295,loop39,0.00,0.00,0.000,0.000,0.00
1777908295,loop4,0.00,0.00,0.000,0.000,0.00
1777908295,loop40,0.00,0.00,0.000,0.000,0.00
1777908295,loop5,0.00,0.00,0.000,0.000,0.00
1777908295,loop6,0.00,0.00,0.000,0.000,0.00
1777908295,loop7,0.00,0.00,0.000,0.000,0.00
1777908295,loop8,0.00,0.00,0.000,0.000,0.00
1777908295,loop9,0.00,0.00,0.000,0.000,0.00
1777908295,nvme0n1,0.00,0.00,0.000,0.000,5.60
1777908296,loop0,0.00,0.00,0.000,0.000,0.00
1777908296,loop1,0.00,0.00,0.000,0.000,0.00
1777908296,loop10,0.00,0.00,0.000,0.000,0.00
1777908296,loop11,0.00,0.00,0.000,0.000,0.00
1777908296,loop12,0.00,0.00,0.000,0.000,0.00
1777908296,loop13,0.00,0.00,0.000,0.000,0.00
1777908296,loop14,0.00,0.00,0.000,0.000,0.00
1777908296,loop15,0.00,0.00,0.000,0.000,0.00
1777908296,loop16,0.00,0.00,0.000,0.000,0.00
1777908296,loop17,0.00,0.00,0.000,0.000,0.00
1777908296,loop18,0.00,0.00,0.000,0.000,0.00
1777908296,loop19,0.00,0.00,0.000,0.000,0.00
1777908296,loop2,0.00,0.00,0.000,0.000,0.00
1777908296,loop20,0.00,0.00,0.000,0.000,0.00
1777908296,loop21,0.00,0.00,0.000,0.000,0.00
1777908296,loop22,0.00,0.00,0.000,0.000,0.00
1777908296,loop23,0.00,0.00,0.000,0.000,0.00
1777908296,loop24,0.00,0.00,0.000,0.000,0.00
1777908296,loop25,0.00,0.00,0.000,0.000,0.00
1777908296,loop26,0.00,0.00,0.000,0.000,0.00
1777908296,loop27,0.00,0.00,0.000,0.000,0.00
1777908296,loop28,0.00,0.00,0.000,0.000,0.00
1777908296,loop29,0.00,0.00,0.000,0.000,0.00
1777908296,loop3,0.00,0.00,0.000,0.000,0.00
1777908296,loop30,0.00,0.00,0.000,0.000,0.00
1777908296,loop31,0.00,0.00,0.000,0.000,0.00
1777908296,loop32,0.00,0.00,0.000,0.000,0.00
1777908296,loop33,0.00,0.00,0.000,0.000,0.00
1777908296,loop34,0.00,0.00,0.000,0.000,0.00
1777908296,loop35,0.00,0.00,0.000,0.000,0.00
1777908296,loop36,0.00,0.00,0.000,0.000,0.00
1777908296,loop37,0.00,0.00,0.000,0.000,0.00
1777908296,loop38,0.00,0.00,0.000,0.000,0.00
1777908296,loop39,0.00,0.00,0.000,0.000,0.00
1777908296,loop4,0.00,0.00,0.000,0.000,0.00
1777908296,loop40,0.00,0.00,0.000,0.000,0.00
1777908296,loop5,0.00,0.00,0.000,0.000,0.00
1777908296,loop6,0.00,0.00,0.000,0.000,0.00
1777908296,loop7,0.00,0.00,0.000,0.000,0.00
1777908296,loop8,0.00,0.00,0.000,0.000,0.00
1777908296,loop9,0.00,0.00,0.000,0.000,0.00
1777908296,nvme0n1,0.00,0.00,0.000,0.000,0.00
1777908297,loop0,0.00,0.00,0.000,0.000,0.00
1777908297,loop1,0.00,0.00,0.000,0.000,0.00
1777908297,loop10,0.00,0.00,0.000,0.000,0.00
1777908297,loop11,0.00,0.00,0.000,0.000,0.00
1777908297,loop12,0.00,0.00,0.000,0.000,0.00
1777908297,loop13,0.00,0.00,0.000,0.000,0.00
1777908297,loop14,0.00,0.00,0.000,0.000,0.00
1777908297,loop15,0.00,0.00,0.000,0.000,0.00
1777908297,loop16,0.00,0.00,0.000,0.000,0.00
1777908297,loop17,0.00,0.00,0.000,0.000,0.00
1777908297,loop18,0.00,0.00,0.000,0.000,0.00
1777908297,loop19,0.00,0.00,0.000,0.000,0.00
1777908297,loop2,0.00,0.00,0.000,0.000,0.00
1777908297,loop20,0.00,0.00,0.000,0.000,0.00
1777908297,loop21,0.00,0.00,0.000,0.000,0.00
1777908297,loop22,0.00,0.00,0.000,0.000,0.00
1777908297,loop23,0.00,0.00,0.000,0.000,0.00
1777908297,loop24,0.00,0.00,0.000,0.000,0.00
1777908297,loop25,0.00,0.00,0.000,0.000,0.00
1777908297,loop26,0.00,0.00,0.000,0.000,0.00
1777908297,loop27,0.00,0.00,0.000,0.000,0.00
1777908297,loop28,0.00,0.00,0.000,0.000,0.00
1777908297,loop29,0.00,0.00,0.000,0.000,0.00
1777908297,loop3,0.00,0.00,0.000,0.000,0.00
1777908297,loop30,0.00,0.00,0.000,0.000,0.00
1777908297,loop31,0.00,0.00,0.000,0.000,0.00
1777908297,loop32,0.00,0.00,0.000,0.000,0.00
1777908297,loop33,0.00,0.00,0.000,0.000,0.00
1777908297,loop34,0.00,0.00,0.000,0.000,0.00
1777908297,loop35,0.00,0.00,0.000,0.000,0.00
1777908297,loop36,0.00,0.00,0.000,0.000,0.00
1777908297,loop37,0.00,0.00,0.000,0.000,0.00
1777908297,loop38,0.00,0.00,0.000,0.000,0.00
1777908297,loop39,0.00,0.00,0.000,0.000,0.00
1777908297,loop4,0.00,0.00,0.000,0.000,0.00
1777908297,loop40,0.00,0.00,0.000,0.000,0.00
1777908297,loop5,0.00,0.00,0.000,0.000,0.00
1777908297,loop6,0.00,0.00,0.000,0.000,0.00
1777908297,loop7,0.00,0.00,0.000,0.000,0.00
1777908297,loop8,0.00,0.00,0.000,0.000,0.00
1777908297,loop9,0.00,0.00,0.000,0.000,0.00
1777908297,nvme0n1,0.00,0.00,0.000,0.000,0.00
1777908298,loop0,0.00,0.00,0.000,0.000,0.00
1777908298,loop1,0.00,0.00,0.000,0.000,0.00
1777908298,loop10,0.00,0.00,0.000,0.000,0.00
1777908298,loop11,0.00,0.00,0.000,0.000,0.00
1777908298,loop12,0.00,0.00,0.000,0.000,0.00
1777908298,loop13,0.00,0.00,0.000,0.000,0.00
1777908298,loop14,0.00,0.00,0.000,0.000,0.00
1777908298,loop15,0.00,0.00,0.000,0.000,0.00
1777908298,loop16,0.00,0.00,0.000,0.000,0.00
1777908298,loop17,0.00,0.00,0.000,0.000,0.00
1777908298,loop18,0.00,0.00,0.000,0.000,0.00
1777908298,loop19,0.00,0.00,0.000,0.000,0.00
1777908298,loop2,0.00,0.00,0.000,0.000,0.00
1777908298,loop20,0.00,0.00,0.000,0.000,0.00
1777908298,loop21,0.00,0.00,0.000,0.000,0.00
1777908298,loop22,0.00,0.00,0.000,0.000,0.00
1777908298,loop23,0.00,0.00,0.000,0.000,0.00
1777908298,loop24,0.00,0.00,0.000,0.000,0.00
1777908298,loop25,0.00,0.00,0.000,0.000,0.00
1777908298,loop26,0.00,0.00,0.000,0.000,0.00
1777908298,loop27,0.00,0.00,0.000,0.000,0.00
1777908298,loop28,0.00,0.00,0.000,0.000,0.00
1777908298,loop29,0.00,0.00,0.000,0.000,0.00
1777908298,loop3,0.00,0.00,0.000,0.000,0.00
1777908298,loop30,0.00,0.00,0.000,0.000,0.00
1777908298,loop31,0.00,0.00,0.000,0.000,0.00
1777908298,loop32,0.00,0.00,0.000,0.000,0.00
1777908298,loop33,0.00,0.00,0.000,0.000,0.00
1777908298,loop34,0.00,0.00,0.000,0.000,0.00
1777908298,loop35,0.00,0.00,0.000,0.000,0.00
1777908298,loop36,0.00,0.00,0.000,0.000,0.00
1777908298,loop37,0.00,0.00,0.000,0.000,0.00
1777908298,loop38,0.00,0.00,0.000,0.000,0.00
1777908298,loop39,0.00,0.00,0.000,0.000,0.00
1777908298,loop4,0.00,0.00,0.000,0.000,0.00
1777908298,loop40,0.00,0.00,0.000,0.000,0.00
1777908298,loop5,0.00,0.00,0.000,0.000,0.00
1777908298,loop6,0.00,0.00,0.000,0.000,0.00
1777908298,loop7,0.00,0.00,0.000,0.000,0.00
1777908298,loop8,0.00,0.00,0.000,0.000,0.00
1777908298,loop9,0.00,0.00,0.000,0.000,0.00
1777908298,nvme0n1,0.00,0.00,0.000,0.000,0.00
1777908299,loop0,0.00,0.00,0.000,0.000,0.00
1777908299,loop1,0.00,0.00,0.000,0.000,0.00
1777908299,loop10,0.00,0.00,0.000,0.000,0.00
1777908299,loop11,0.00,0.00,0.000,0.000,0.00
1777908299,loop12,0.00,0.00,0.000,0.000,0.00
1777908299,loop13,0.00,0.00,0.000,0.000,0.00
1777908299,loop14,0.00,0.00,0.000,0.000,0.00
1777908299,loop15,0.00,0.00,0.000,0.000,0.00
1777908299,loop16,0.00,0.00,0.000,0.000,0.00
1777908299,loop17,0.00,0.00,0.000,0.000,0.00
1777908299,loop18,0.00,0.00,0.000,0.000,0.00
1777908299,loop19,0.00,0.00,0.000,0.000,0.00
1777908299,loop2,0.00,0.00,0.000,0.000,0.00
1777908299,loop20,0.00,0.00,0.000,0.000,0.00
1777908299,loop21,0.00,0.00,0.000,0.000,0.00
1777908299,loop22,0.00,0.00,0.000,0.000,0.00
1777908299,loop23,0.00,0.00,0.000,0.000,0.00
1777908299,loop24,0.00,0.00,0.000,0.000,0.00
1777908299,loop25,0.00,0.00,0.000,0.000,0.00
1777908299,loop26,0.00,0.00,0.000,0.000,0.00
1777908299,loop27,0.00,0.00,0.000,0.000,0.00
1777908299,loop28,0.00,0.00,0.000,0.000,0.00
1777908299,loop29,0.00,0.00,0.000,0.000,0.00
1777908299,loop3,0.00,0.00,0.000,0.000,0.00
1777908299,loop30,0.00,0.00,0.000,0.000,0.00
1777908299,loop31,0.00,0.00,0.000,0.000,0.00
1777908299,loop32,0.00,0.00,0.000,0.000,0.00
1777908299,loop33,0.00,0.00,0.000,0.000,0.00
1777908299,loop34,0.00,0.00,0.000,0.000,0.00
1777908299,loop35,0.00,0.00,0.000,0.000,0.00
1777908299,loop36,0.00,0.00,0.000,0.000,0.00
1777908299,loop37,0.00,0.00,0.000,0.000,0.00
1777908299,loop38,0.00,0.00,0.000,0.000,0.00
1777908299,loop39,0.00,0.00,0.000,0.000,0.00
1777908299,loop4,0.00,0.00,0.000,0.000,0.00
1777908299,loop40,0.00,0.00,0.000,0.000,0.00
1777908299,loop5,0.00,0.00,0.000,0.000,0.00
1777908299,loop6,0.00,0.00,0.000,0.000,0.00
1777908299,loop7,0.00,0.00,0.000,0.000,0.00
1777908299,loop8,0.00,0.00,0.000,0.000,0.00
1777908299,loop9,0.00,0.00,0.000,0.000,0.00
1777908299,nvme0n1,0.00,0.00,0.000,0.000,0.00
1777908300,loop0,0.00,0.00,0.000,0.000,0.00
1777908300,loop1,0.00,0.00,0.000,0.000,0.00
1777908300,loop10,0.00,0.00,0.000,0.000,0.00
1777908300,loop11,0.00,0.00,0.000,0.000,0.00
1777908300,loop12,0.00,0.00,0.000,0.000,0.00
1777908300,loop13,0.00,0.00,0.000,0.000,0.00
1777908300,loop14,0.00,0.00,0.000,0.000,0.00
1777908300,loop15,0.00,0.00,0.000,0.000,0.00
1777908300,loop16,0.00,0.00,0.000,0.000,0.00
1777908300,loop17,0.00,0.00,0.000,0.000,0.00
1777908300,loop18,0.00,0.00,0.000,0.000,0.00
1777908300,loop19,0.00,0.00,0.000,0.000,0.00
1777908300,loop2,0.00,0.00,0.000,0.000,0.00
1777908300,loop20,0.00,0.00,0.000,0.000,0.00
1777908300,loop21,0.00,0.00,0.000,0.000,0.00
1777908300,loop22,0.00,0.00,0.000,0.000,0.00
1777908300,loop23,0.00,0.00,0.000,0.000,0.00
1777908300,loop24,0.00,0.00,0.000,0.000,0.00
1777908300,loop25,0.00,0.00,0.000,0.000,0.00
1777908300,loop26,0.00,0.00,0.000,0.000,0.00
1777908300,loop27,0.00,0.00,0.000,0.000,0.00
1777908300,loop28,0.00,0.00,0.000,0.000,0.00
1777908300,loop29,0.00,0.00,0.000,0.000,0.00
1777908300,loop3,0.00,0.00,0.000,0.000,0.00
1777908300,loop30,0.00,0.00,0.000,0.000,0.00
1777908300,loop31,0.00,0.00,0.000,0.000,0.00
1777908300,loop32,0.00,0.00,0.000,0.000,0.00
1777908300,loop33,0.00,0.00,0.000,0.000,0.00
1777908300,loop34,0.00,0.00,0.000,0.000,0.00
1777908300,loop35,0.00,0.00,0.000,0.000,0.00
1777908300,loop36,0.00,0.00,0.000,0.000,0.00
1777908300,loop37,0.00,0.00,0.000,0.000,0.00
1777908300,loop38,0.00,0.00,0.000,0.000,0.00
1777908300,loop39,0.00,0.00,0.000,0.000,0.00
1777908300,loop4,0.00,0.00,0.000,0.000,0.00
1777908300,loop40,0.00,0.00,0.000,0.000,0.00
1777908300,loop5,0.00,0.00,0.000,0.000,0.00
1777908300,loop6,0.00,0.00,0.000,0.000,0.00
1777908300,loop7,0.00,0.00,0.000,0.000,0.00
1777908300,loop8,0.00,0.00,0.000,0.000,0.00
1777908300,loop9,0.00,0.00,0.000,0.000,0.00
1777908300,nvme0n1,0.00,0.00,0.000,0.000,5.70
1777908301,loop0,0.00,0.00,0.000,0.000,0.00
1777908301,loop1,0.00,0.00,0.000,0.000,0.00
1777908301,loop10,0.00,0.00,0.000,0.000,0.00
1777908301,loop11,0.00,0.00,0.000,0.000,0.00
1777908301,loop12,0.00,0.00,0.000,0.000,0.00
1777908301,loop13,0.00,0.00,0.000,0.000,0.00
1777908301,loop14,0.00,0.00,0.000,0.000,0.00
1777908301,loop15,0.00,0.00,0.000,0.000,0.00
1777908301,loop16,0.00,0.00,0.000,0.000,0.00
1777908301,loop17,0.00,0.00,0.000,0.000,0.00
1777908301,loop18,0.00,0.00,0.000,0.000,0.00
1777908301,loop19,0.00,0.00,0.000,0.000,0.00
1777908301,loop2,0.00,0.00,0.000,0.000,0.00
1777908301,loop20,0.00,0.00,0.000,0.000,0.00
1777908301,loop21,0.00,0.00,0.000,0.000,0.00
1777908301,loop22,0.00,0.00,0.000,0.000,0.00
1777908301,loop23,0.00,0.00,0.000,0.000,0.00
1777908301,loop24,0.00,0.00,0.000,0.000,0.00
1777908301,loop25,0.00,0.00,0.000,0.000,0.00
1777908301,loop26,0.00,0.00,0.000,0.000,0.00
1777908301,loop27,0.00,0.00,0.000,0.000,0.00
1777908301,loop28,0.00,0.00,0.000,0.000,0.00
1777908301,loop29,0.00,0.00,0.000,0.000,0.00
1777908301,loop3,0.00,0.00,0.000,0.000,0.00
1777908301,loop30,0.00,0.00,0.000,0.000,0.00
1777908301,loop31,0.00,0.00,0.000,0.000,0.00
1777908301,loop32,0.00,0.00,0.000,0.000,0.00
1777908301,loop33,0.00,0.00,0.000,0.000,0.00
1777908301,loop34,0.00,0.00,0.000,0.000,0.00
1777908301,loop35,0.00,0.00,0.000,0.000,0.00
1777908301,loop36,0.00,0.00,0.000,0.000,0.00
1777908301,loop37,0.00,0.00,0.000,0.000,0.00
1777908301,loop38,0.00,0.00,0.000,0.000,0.00
1777908301,loop39,0.00,0.00,0.000,0.000,0.00
1777908301,loop4,0.00,0.00,0.000,0.000,0.00
1777908301,loop40,0.00,0.00,0.000,0.000,0.00
1777908301,loop5,0.00,0.00,0.000,0.000,0.00
1777908301,loop6,0.00,0.00,0.000,0.000,0.00
1777908301,loop7,0.00,0.00,0.000,0.000,0.00
1777908301,loop8,0.00,0.00,0.000,0.000,0.00
1777908301,loop9,0.00,0.00,0.000,0.000,0.00
1777908301,nvme0n1,8.00,160.00,0.000,0.000,0.30
1777908302,loop0,0.00,0.00,0.000,0.000,0.00
1777908302,loop1,0.00,0.00,0.000,0.000,0.00
1777908302,loop10,0.00,0.00,0.000,0.000,0.00
1777908302,loop11,0.00,0.00,0.000,0.000,0.00
1777908302,loop12,0.00,0.00,0.000,0.000,0.00
1777908302,loop13,0.00,0.00,0.000,0.000,0.00
1777908302,loop14,0.00,0.00,0.000,0.000,0.00
1777908302,loop15,0.00,0.00,0.000,0.000,0.00
1777908302,loop16,0.00,0.00,0.000,0.000,0.00
1777908302,loop17,0.00,0.00,0.000,0.000,0.00
1777908302,loop18,0.00,0.00,0.000,0.000,0.00
1777908302,loop19,0.00,0.00,0.000,0.000,0.00
1777908302,loop2,0.00,0.00,0.000,0.000,0.00
1777908302,loop20,0.00,0.00,0.000,0.000,0.00
1777908302,loop21,0.00,0.00,0.000,0.000,0.00
1777908302,loop22,0.00,0.00,0.000,0.000,0.00
1777908302,loop23,0.00,0.00,0.000,0.000,0.00
1777908302,loop24,0.00,0.00,0.000,0.000,0.00
1777908302,loop25,0.00,0.00,0.000,0.000,0.00
1777908302,loop26,0.00,0.00,0.000,0.000,0.00
1777908302,loop27,0.00,0.00,0.000,0.000,0.00
1777908302,loop28,0.00,0.00,0.000,0.000,0.00
1777908302,loop29,0.00,0.00,0.000,0.000,0.00
1777908302,loop3,0.00,0.00,0.000,0.000,0.00
1777908302,loop30,0.00,0.00,0.000,0.000,0.00
1777908302,loop31,0.00,0.00,0.000,0.000,0.00
1777908302,loop32,0.00,0.00,0.000,0.000,0.00
1777908302,loop33,0.00,0.00,0.000,0.000,0.00
1777908302,loop34,0.00,0.00,0.000,0.000,0.00
1777908302,loop35,0.00,0.00,0.000,0.000,0.00
1777908302,loop36,0.00,0.00,0.000,0.000,0.00
1777908302,loop37,0.00,0.00,0.000,0.000,0.00
1777908302,loop38,0.00,0.00,0.000,0.000,0.00
1777908302,loop39,0.00,0.00,0.000,0.000,0.00
1777908302,loop4,0.00,0.00,0.000,0.000,0.00
1777908302,loop40,0.00,0.00,0.000,0.000,0.00
1777908302,loop5,0.00,0.00,0.000,0.000,0.00
1777908302,loop6,0.00,0.00,0.000,0.000,0.00
1777908302,loop7,0.00,0.00,0.000,0.000,0.00
1777908302,loop8,0.00,0.00,0.000,0.000,0.00
1777908302,loop9,0.00,0.00,0.000,0.000,0.00
1777908302,nvme0n1,0.00,0.00,0.000,0.000,0.00
1777908303,loop0,0.00,0.00,0.000,0.000,0.00
1777908303,loop1,0.00,0.00,0.000,0.000,0.00
1777908303,loop10,0.00,0.00,0.000,0.000,0.00
1777908303,loop11,0.00,0.00,0.000,0.000,0.00
1777908303,loop12,0.00,0.00,0.000,0.000,0.00
1777908303,loop13,0.00,0.00,0.000,0.000,0.00
1777908303,loop14,0.00,0.00,0.000,0.000,0.00
1777908303,loop15,0.00,0.00,0.000,0.000,0.00
1777908303,loop16,0.00,0.00,0.000,0.000,0.00
1777908303,loop17,0.00,0.00,0.000,0.000,0.00
1777908303,loop18,0.00,0.00,0.000,0.000,0.00
1777908303,loop19,0.00,0.00,0.000,0.000,0.00
1777908303,loop2,0.00,0.00,0.000,0.000,0.00
1777908303,loop20,0.00,0.00,0.000,0.000,0.00
1777908303,loop21,0.00,0.00,0.000,0.000,0.00
1777908303,loop22,0.00,0.00,0.000,0.000,0.00
1777908303,loop23,0.00,0.00,0.000,0.000,0.00
1777908303,loop24,0.00,0.00,0.000,0.000,0.00
1777908303,loop25,0.00,0.00,0.000,0.000,0.00
1777908303,loop26,0.00,0.00,0.000,0.000,0.00
1777908303,loop27,0.00,0.00,0.000,0.000,0.00
1777908303,loop28,0.00,0.00,0.000,0.000,0.00
1777908303,loop29,0.00,0.00,0.000,0.000,0.00
1777908303,loop3,0.00,0.00,0.000,0.000,0.00
1777908303,loop30,0.00,0.00,0.000,0.000,0.00
1777908303,loop31,0.00,0.00,0.000,0.000,0.00
1777908303,loop32,0.00,0.00,0.000,0.000,0.00
1777908303,loop33,0.00,0.00,0.000,0.000,0.00
1777908303,loop34,0.00,0.00,0.000,0.000,0.00
1777908303,loop35,0.00,0.00,0.000,0.000,0.00
1777908303,loop36,0.00,0.00,0.000,0.000,0.00
1777908303,loop37,0.00,0.00,0.000,0.000,0.00
1777908303,loop38,0.00,0.00,0.000,0.000,0.00
1777908303,loop39,0.00,0.00,0.000,0.000,0.00
1777908303,loop4,0.00,0.00,0.000,0.000,0.00
1777908303,loop40,0.00,0.00,0.000,0.000,0.00
1777908303,loop5,0.00,0.00,0.000,0.000,0.00
1777908303,loop6,0.00,0.00,0.000,0.000,0.00
1777908303,loop7,0.00,0.00,0.000,0.000,0.00
1777908303,loop8,0.00,0.00,0.000,0.000,0.00
1777908303,loop9,0.00,0.00,0.000,0.000,0.00
1777908303,nvme0n1,0.00,0.00,0.000,0.000,0.00
1777908304,loop0,0.00,0.00,0.000,0.000,0.00
1777908304,loop1,0.00,0.00,0.000,0.000,0.00
1777908304,loop10,0.00,0.00,0.000,0.000,0.00
1777908304,loop11,0.00,0.00,0.000,0.000,0.00
1777908304,loop12,0.00,0.00,0.000,0.000,0.00
1777908304,loop13,0.00,0.00,0.000,0.000,0.00
1777908304,loop14,0.00,0.00,0.000,0.000,0.00
1777908304,loop15,0.00,0.00,0.000,0.000,0.00
1777908304,loop16,0.00,0.00,0.000,0.000,0.00
1777908304,loop17,0.00,0.00,0.000,0.000,0.00
1777908304,loop18,0.00,0.00,0.000,0.000,0.00
1777908304,loop19,0.00,0.00,0.000,0.000,0.00
1777908304,loop2,0.00,0.00,0.000,0.000,0.00
1777908304,loop20,0.00,0.00,0.000,0.000,0.00
1777908304,loop21,0.00,0.00,0.000,0.000,0.00
1777908304,loop22,0.00,0.00,0.000,0.000,0.00
1777908304,loop23,0.00,0.00,0.000,0.000,0.00
1777908304,loop24,0.00,0.00,0.000,0.000,0.00
1777908304,loop25,0.00,0.00,0.000,0.000,0.00
1777908304,loop26,0.00,0.00,0.000,0.000,0.00
1777908304,loop27,0.00,0.00,0.000,0.000,0.00
1777908304,loop28,0.00,0.00,0.000,0.000,0.00
1777908304,loop29,0.00,0.00,0.000,0.000,0.00
1777908304,loop3,0.00,0.00,0.000,0.000,0.00
1777908304,loop30,0.00,0.00,0.000,0.000,0.00
1777908304,loop31,0.00,0.00,0.000,0.000,0.00
1777908304,loop32,0.00,0.00,0.000,0.000,0.00
1777908304,loop33,0.00,0.00,0.000,0.000,0.00
1777908304,loop34,0.00,0.00,0.000,0.000,0.00
1777908304,loop35,0.00,0.00,0.000,0.000,0.00
1777908304,loop36,0.00,0.00,0.000,0.000,0.00
1777908304,loop37,0.00,0.00,0.000,0.000,0.00
1777908304,loop38,0.00,0.00,0.000,0.000,0.00
1777908304,loop39,0.00,0.00,0.000,0.000,0.00
1777908304,loop4,0.00,0.00,0.000,0.000,0.00
1777908304,loop40,0.00,0.00,0.000,0.000,0.00
1777908304,loop5,0.00,0.00,0.000,0.000,0.00
1777908304,loop6,0.00,0.00,0.000,0.000,0.00
1777908304,loop7,0.00,0.00,0.000,0.000,0.00
1777908304,loop8,0.00,0.00,0.000,0.000,0.00
1777908304,loop9,0.00,0.00,0.000,0.000,0.00
1777908304,nvme0n1,0.00,0.00,0.000,0.000,2.00
1777908305,loop0,0.00,0.00,0.000,0.000,0.00
1777908305,loop1,0.00,0.00,0.000,0.000,0.00
1777908305,loop10,0.00,0.00,0.000,0.000,0.00
1777908305,loop11,0.00,0.00,0.000,0.000,0.00
1777908305,loop12,0.00,0.00,0.000,0.000,0.00
1777908305,loop13,0.00,0.00,0.000,0.000,0.00
1777908305,loop14,0.00,0.00,0.000,0.000,0.00
1777908305,loop15,0.00,0.00,0.000,0.000,0.00
1777908305,loop16,0.00,0.00,0.000,0.000,0.00
1777908305,loop17,0.00,0.00,0.000,0.000,0.00
1777908305,loop18,0.00,0.00,0.000,0.000,0.00
1777908305,loop19,0.00,0.00,0.000,0.000,0.00
1777908305,loop2,0.00,0.00,0.000,0.000,0.00
1777908305,loop20,0.00,0.00,0.000,0.000,0.00
1777908305,loop21,0.00,0.00,0.000,0.000,0.00
1777908305,loop22,0.00,0.00,0.000,0.000,0.00
1777908305,loop23,0.00,0.00,0.000,0.000,0.00
1777908305,loop24,0.00,0.00,0.000,0.000,0.00
1777908305,loop25,0.00,0.00,0.000,0.000,0.00
1777908305,loop26,0.00,0.00,0.000,0.000,0.00
1777908305,loop27,0.00,0.00,0.000,0.000,0.00
1777908305,loop28,0.00,0.00,0.000,0.000,0.00
1777908305,loop29,0.00,0.00,0.000,0.000,0.00
1777908305,loop3,0.00,0.00,0.000,0.000,0.00
1777908305,loop30,0.00,0.00,0.000,0.000,0.00
1777908305,loop31,0.00,0.00,0.000,0.000,0.00
1777908305,loop32,0.00,0.00,0.000,0.000,0.00
1777908305,loop33,0.00,0.00,0.000,0.000,0.00
1777908305,loop34,0.00,0.00,0.000,0.000,0.00
1777908305,loop35,0.00,0.00,0.000,0.000,0.00
1777908305,loop36,0.00,0.00,0.000,0.000,0.00
1777908305,loop37,0.00,0.00,0.000,0.000,0.00
1777908305,loop38,0.00,0.00,0.000,0.000,0.00
1777908305,loop39,0.00,0.00,0.000,0.000,0.00
1777908305,loop4,0.00,0.00,0.000,0.000,0.00
1777908305,loop40,0.00,0.00,0.000,0.000,0.00
1777908305,loop5,0.00,0.00,0.000,0.000,0.00
1777908305,loop6,0.00,0.00,0.000,0.000,0.00
1777908305,loop7,0.00,0.00,0.000,0.000,0.00
1777908305,loop8,0.00,0.00,0.000,0.000,0.00
1777908305,loop9,0.00,0.00,0.000,0.000,0.00
1777908305,nvme0n1,0.00,0.00,0.000,0.000,0.70
1777908306,loop0,0.00,0.00,0.000,0.000,0.00
1777908306,loop1,0.00,0.00,0.000,0.000,0.00
1777908306,loop10,0.00,0.00,0.000,0.000,0.00
1777908306,loop11,0.00,0.00,0.000,0.000,0.00
1777908306,loop12,0.00,0.00,0.000,0.000,0.00
1777908306,loop13,0.00,0.00,0.000,0.000,0.00
1777908306,loop14,0.00,0.00,0.000,0.000,0.00
1777908306,loop15,0.00,0.00,0.000,0.000,0.00
1777908306,loop16,0.00,0.00,0.000,0.000,0.00
1777908306,loop17,0.00,0.00,0.000,0.000,0.00
1777908306,loop18,0.00,0.00,0.000,0.000,0.00
1777908306,loop19,0.00,0.00,0.000,0.000,0.00
1777908306,loop2,0.00,0.00,0.000,0.000,0.00
1777908306,loop20,0.00,0.00,0.000,0.000,0.00
1777908306,loop21,0.00,0.00,0.000,0.000,0.00
1777908306,loop22,0.00,0.00,0.000,0.000,0.00
1777908306,loop23,0.00,0.00,0.000,0.000,0.00
1777908306,loop24,0.00,0.00,0.000,0.000,0.00
1777908306,loop25,0.00,0.00,0.000,0.000,0.00
1777908306,loop26,0.00,0.00,0.000,0.000,0.00
1777908306,loop27,0.00,0.00,0.000,0.000,0.00
1777908306,loop28,0.00,0.00,0.000,0.000,0.00
1777908306,loop29,0.00,0.00,0.000,0.000,0.00
1777908306,loop3,0.00,0.00,0.000,0.000,0.00
1777908306,loop30,0.00,0.00,0.000,0.000,0.00
1777908306,loop31,0.00,0.00,0.000,0.000,0.00
1777908306,loop32,0.00,0.00,0.000,0.000,0.00
1777908306,loop33,0.00,0.00,0.000,0.000,0.00
1777908306,loop34,0.00,0.00,0.000,0.000,0.00
1777908306,loop35,0.00,0.00,0.000,0.000,0.00
1777908306,loop36,0.00,0.00,0.000,0.000,0.00
1777908306,loop37,0.00,0.00,0.000,0.000,0.00
1777908306,loop38,0.00,0.00,0.000,0.000,0.00
1777908306,loop39,0.00,0.00,0.000,0.000,0.00
1777908306,loop4,0.00,0.00,0.000,0.000,0.00
1777908306,loop40,0.00,0.00,0.000,0.000,0.00
1777908306,loop5,0.00,0.00,0.000,0.000,0.00
1777908306,loop6,0.00,0.00,0.000,0.000,0.00
1777908306,loop7,0.00,0.00,0.000,0.000,0.00
1777908306,loop8,0.00,0.00,0.000,0.000,0.00
1777908306,loop9,0.00,0.00,0.000,0.000,0.00
1777908306,nvme0n1,0.00,0.00,0.000,0.000,0.00
1777908307,loop0,0.00,0.00,0.000,0.000,0.00
1777908307,loop1,0.00,0.00,0.000,0.000,0.00
1777908307,loop10,0.00,0.00,0.000,0.000,0.00
1777908307,loop11,0.00,0.00,0.000,0.000,0.00
1777908307,loop12,0.00,0.00,0.000,0.000,0.00
1777908307,loop13,0.00,0.00,0.000,0.000,0.00
1777908307,loop14,0.00,0.00,0.000,0.000,0.00
1777908307,loop15,0.00,0.00,0.000,0.000,0.00
1777908307,loop16,0.00,0.00,0.000,0.000,0.00
1777908307,loop17,0.00,0.00,0.000,0.000,0.00
1777908307,loop18,0.00,0.00,0.000,0.000,0.00
1777908307,loop19,0.00,0.00,0.000,0.000,0.00
1777908307,loop2,0.00,0.00,0.000,0.000,0.00
1777908307,loop20,0.00,0.00,0.000,0.000,0.00
1777908307,loop21,0.00,0.00,0.000,0.000,0.00
1777908307,loop22,0.00,0.00,0.000,0.000,0.00
1777908307,loop23,0.00,0.00,0.000,0.000,0.00
1777908307,loop24,0.00,0.00,0.000,0.000,0.00
1777908307,loop25,0.00,0.00,0.000,0.000,0.00
1777908307,loop26,0.00,0.00,0.000,0.000,0.00
1777908307,loop27,0.00,0.00,0.000,0.000,0.00
1777908307,loop28,0.00,0.00,0.000,0.000,0.00
1777908307,loop29,0.00,0.00,0.000,0.000,0.00
1777908307,loop3,0.00,0.00,0.000,0.000,0.00
1777908307,loop30,0.00,0.00,0.000,0.000,0.00
1777908307,loop31,0.00,0.00,0.000,0.000,0.00
1777908307,loop32,0.00,0.00,0.000,0.000,0.00
1777908307,loop33,0.00,0.00,0.000,0.000,0.00
1777908307,loop34,0.00,0.00,0.000,0.000,0.00
1777908307,loop35,0.00,0.00,0.000,0.000,0.00
1777908307,loop36,0.00,0.00,0.000,0.000,0.00
1777908307,loop37,0.00,0.00,0.000,0.000,0.00
1777908307,loop38,0.00,0.00,0.000,0.000,0.00
1777908307,loop39,0.00,0.00,0.000,0.000,0.00
1777908307,loop4,0.00,0.00,0.000,0.000,0.00
1777908307,loop40,0.00,0.00,0.000,0.000,0.00
1777908307,loop5,0.00,0.00,0.000,0.000,0.00
1777908307,loop6,0.00,0.00,0.000,0.000,0.00
1777908307,loop7,0.00,0.00,0.000,0.000,0.00
1777908307,loop8,0.00,0.00,0.000,0.000,0.00
1777908307,loop9,0.00,0.00,0.000,0.000,0.00
1777908307,nvme0n1,0.00,0.00,0.000,0.000,0.00
1777908308,loop0,0.00,0.00,0.000,0.000,0.00
1777908308,loop1,0.00,0.00,0.000,0.000,0.00
1777908308,loop10,0.00,0.00,0.000,0.000,0.00
1777908308,loop11,0.00,0.00,0.000,0.000,0.00
1777908308,loop12,0.00,0.00,0.000,0.000,0.00
1777908308,loop13,0.00,0.00,0.000,0.000,0.00
1777908308,loop14,0.00,0.00,0.000,0.000,0.00
1777908308,loop15,0.00,0.00,0.000,0.000,0.00
1777908308,loop16,0.00,0.00,0.000,0.000,0.00
1777908308,loop17,0.00,0.00,0.000,0.000,0.00
1777908308,loop18,0.00,0.00,0.000,0.000,0.00
1777908308,loop19,0.00,0.00,0.000,0.000,0.00
1777908308,loop2,0.00,0.00,0.000,0.000,0.00
1777908308,loop20,0.00,0.00,0.000,0.000,0.00
1777908308,loop21,0.00,0.00,0.000,0.000,0.00
1777908308,loop22,0.00,0.00,0.000,0.000,0.00
1777908308,loop23,0.00,0.00,0.000,0.000,0.00
1777908308,loop24,0.00,0.00,0.000,0.000,0.00
1777908308,loop25,0.00,0.00,0.000,0.000,0.00
1777908308,loop26,0.00,0.00,0.000,0.000,0.00
1777908308,loop27,0.00,0.00,0.000,0.000,0.00
1777908308,loop28,0.00,0.00,0.000,0.000,0.00
1777908308,loop29,0.00,0.00,0.000,0.000,0.00
1777908308,loop3,0.00,0.00,0.000,0.000,0.00
1777908308,loop30,0.00,0.00,0.000,0.000,0.00
1777908308,loop31,0.00,0.00,0.000,0.000,0.00
1777908308,loop32,0.00,0.00,0.000,0.000,0.00
1777908308,loop33,0.00,0.00,0.000,0.000,0.00
1777908308,loop34,0.00,0.00,0.000,0.000,0.00
1777908308,loop35,0.00,0.00,0.000,0.000,0.00
1777908308,loop36,0.00,0.00,0.000,0.000,0.00
1777908308,loop37,0.00,0.00,0.000,0.000,0.00
1777908308,loop38,0.00,0.00,0.000,0.000,0.00
1777908308,loop39,0.00,0.00,0.000,0.000,0.00
1777908308,loop4,0.00,0.00,0.000,0.000,0.00
1777908308,loop40,0.00,0.00,0.000,0.000,0.00
1777908308,loop5,0.00,0.00,0.000,0.000,0.00
1777908308,loop6,0.00,0.00,0.000,0.000,0.00
1777908308,loop7,0.00,0.00,0.000,0.000,0.00
1777908308,loop8,0.00,0.00,0.000,0.000,0.00
1777908308,loop9,0.00,0.00,0.000,0.000,0.00
1777908308,nvme0n1,0.00,0.00,0.000,0.000,0.00
1777908309,loop0,0.00,0.00,0.000,0.000,0.00
1777908309,loop1,0.00,0.00,0.000,0.000,0.00
1777908309,loop10,0.00,0.00,0.000,0.000,0.00
1777908309,loop11,0.00,0.00,0.000,0.000,0.00
1777908309,loop12,0.00,0.00,0.000,0.000,0.00
1777908309,loop13,0.00,0.00,0.000,0.000,0.00
1777908309,loop14,0.00,0.00,0.000,0.000,0.00
1777908309,loop15,0.00,0.00,0.000,0.000,0.00
1777908309,loop16,0.00,0.00,0.000,0.000,0.00
1777908309,loop17,0.00,0.00,0.000,0.000,0.00
1777908309,loop18,0.00,0.00,0.000,0.000,0.00
1777908309,loop19,0.00,0.00,0.000,0.000,0.00
1777908309,loop2,0.00,0.00,0.000,0.000,0.00
1777908309,loop20,0.00,0.00,0.000,0.000,0.00
1777908309,loop21,0.00,0.00,0.000,0.000,0.00
1777908309,loop22,0.00,0.00,0.000,0.000,0.00
1777908309,loop23,0.00,0.00,0.000,0.000,0.00
1777908309,loop24,0.00,0.00,0.000,0.000,0.00
1777908309,loop25,0.00,0.00,0.000,0.000,0.00
1777908309,loop26,0.00,0.00,0.000,0.000,0.00
1777908309,loop27,0.00,0.00,0.000,0.000,0.00
1777908309,loop28,0.00,0.00,0.000,0.000,0.00
1777908309,loop29,0.00,0.00,0.000,0.000,0.00
1777908309,loop3,0.00,0.00,0.000,0.000,0.00
1777908309,loop30,0.00,0.00,0.000,0.000,0.00
1777908309,loop31,0.00,0.00,0.000,0.000,0.00
1777908309,loop32,0.00,0.00,0.000,0.000,0.00
1777908309,loop33,0.00,0.00,0.000,0.000,0.00
1777908309,loop34,0.00,0.00,0.000,0.000,0.00
1777908309,loop35,0.00,0.00,0.000,0.000,0.00
1777908309,loop36,0.00,0.00,0.000,0.000,0.00
1777908309,loop37,0.00,0.00,0.000,0.000,0.00
1777908309,loop38,0.00,0.00,0.000,0.000,0.00
1777908309,loop39,0.00,0.00,0.000,0.000,0.00
1777908309,loop4,0.00,0.00,0.000,0.000,0.00
1777908309,loop40,0.00,0.00,0.000,0.000,0.00
1777908309,loop5,0.00,0.00,0.000,0.000,0.00
1777908309,loop6,0.00,0.00,0.000,0.000,0.00
1777908309,loop7,0.00,0.00,0.000,0.000,0.00
1777908309,loop8,0.00,0.00,0.000,0.000,0.00
1777908309,loop9,0.00,0.00,0.000,0.000,0.00
1777908309,nvme0n1,1.00,4.00,0.000,0.000,2.30
1777908310,loop0,0.00,0.00,0.000,0.000,0.00
1777908310,loop1,0.00,0.00,0.000,0.000,0.00
1777908310,loop10,0.00,0.00,0.000,0.000,0.00
1777908310,loop11,0.00,0.00,0.000,0.000,0.00
1777908310,loop12,0.00,0.00,0.000,0.000,0.00
1777908310,loop13,0.00,0.00,0.000,0.000,0.00
1777908310,loop14,0.00,0.00,0.000,0.000,0.00
1777908310,loop15,0.00,0.00,0.000,0.000,0.00
1777908310,loop16,0.00,0.00,0.000,0.000,0.00
1777908310,loop17,0.00,0.00,0.000,0.000,0.00
1777908310,loop18,0.00,0.00,0.000,0.000,0.00
1777908310,loop19,0.00,0.00,0.000,0.000,0.00
1777908310,loop2,0.00,0.00,0.000,0.000,0.00
1777908310,loop20,0.00,0.00,0.000,0.000,0.00
1777908310,loop21,0.00,0.00,0.000,0.000,0.00
1777908310,loop22,0.00,0.00,0.000,0.000,0.00
1777908310,loop23,0.00,0.00,0.000,0.000,0.00
1777908310,loop24,0.00,0.00,0.000,0.000,0.00
1777908310,loop25,0.00,0.00,0.000,0.000,0.00
1777908310,loop26,0.00,0.00,0.000,0.000,0.00
1777908310,loop27,0.00,0.00,0.000,0.000,0.00
1777908310,loop28,0.00,0.00,0.000,0.000,0.00
1777908310,loop29,0.00,0.00,0.000,0.000,0.00
1777908310,loop3,0.00,0.00,0.000,0.000,0.00
1777908310,loop30,0.00,0.00,0.000,0.000,0.00
1777908310,loop31,0.00,0.00,0.000,0.000,0.00
1777908310,loop32,0.00,0.00,0.000,0.000,0.00
1777908310,loop33,0.00,0.00,0.000,0.000,0.00
1777908310,loop34,0.00,0.00,0.000,0.000,0.00
1777908310,loop35,0.00,0.00,0.000,0.000,0.00
1777908310,loop36,0.00,0.00,0.000,0.000,0.00
1777908310,loop37,0.00,0.00,0.000,0.000,0.00
1777908310,loop38,0.00,0.00,0.000,0.000,0.00
1777908310,loop39,0.00,0.00,0.000,0.000,0.00
1777908310,loop4,0.00,0.00,0.000,0.000,0.00
1777908310,loop40,0.00,0.00,0.000,0.000,0.00
1777908310,loop5,0.00,0.00,0.000,0.000,0.00
1777908310,loop6,0.00,0.00,0.000,0.000,0.00
1777908310,loop7,0.00,0.00,0.000,0.000,0.00
1777908310,loop8,0.00,0.00,0.000,0.000,0.00
1777908310,loop9,0.00,0.00,0.000,0.000,0.00
1777908310,nvme0n1,0.00,0.00,0.000,0.000,0.30
1777908311,loop0,0.00,0.00,0.000,0.000,0.00
1777908311,loop1,0.00,0.00,0.000,0.000,0.00
1777908311,loop10,0.00,0.00,0.000,0.000,0.00
1777908311,loop11,0.00,0.00,0.000,0.000,0.00
1777908311,loop12,0.00,0.00,0.000,0.000,0.00
1777908311,loop13,0.00,0.00,0.000,0.000,0.00
1777908311,loop14,0.00,0.00,0.000,0.000,0.00
1777908311,loop15,0.00,0.00,0.000,0.000,0.00
1777908311,loop16,0.00,0.00,0.000,0.000,0.00
1777908311,loop17,0.00,0.00,0.000,0.000,0.00
1777908311,loop18,0.00,0.00,0.000,0.000,0.00
1777908311,loop19,0.00,0.00,0.000,0.000,0.00
1777908311,loop2,0.00,0.00,0.000,0.000,0.00
1777908311,loop20,0.00,0.00,0.000,0.000,0.00
1777908311,loop21,0.00,0.00,0.000,0.000,0.00
1777908311,loop22,0.00,0.00,0.000,0.000,0.00
1777908311,loop23,0.00,0.00,0.000,0.000,0.00
1777908311,loop24,0.00,0.00,0.000,0.000,0.00
1777908311,loop25,0.00,0.00,0.000,0.000,0.00
1777908311,loop26,0.00,0.00,0.000,0.000,0.00
1777908311,loop27,0.00,0.00,0.000,0.000,0.00
1777908311,loop28,0.00,0.00,0.000,0.000,0.00
1777908311,loop29,0.00,0.00,0.000,0.000,0.00
1777908311,loop3,0.00,0.00,0.000,0.000,0.00
1777908311,loop30,0.00,0.00,0.000,0.000,0.00
1777908311,loop31,0.00,0.00,0.000,0.000,0.00
1777908311,loop32,0.00,0.00,0.000,0.000,0.00
1777908311,loop33,0.00,0.00,0.000,0.000,0.00
1777908311,loop34,0.00,0.00,0.000,0.000,0.00
1777908311,loop35,0.00,0.00,0.000,0.000,0.00
1777908311,loop36,0.00,0.00,0.000,0.000,0.00
1777908311,loop37,0.00,0.00,0.000,0.000,0.00
1777908311,loop38,0.00,0.00,0.000,0.000,0.00
1777908311,loop39,0.00,0.00,0.000,0.000,0.00
1777908311,loop4,0.00,0.00,0.000,0.000,0.00
1777908311,loop40,0.00,0.00,0.000,0.000,0.00
1777908311,loop5,0.00,0.00,0.000,0.000,0.00
1777908311,loop6,0.00,0.00,0.000,0.000,0.00
1777908311,loop7,0.00,0.00,0.000,0.000,0.00
1777908311,loop8,0.00,0.00,0.000,0.000,0.00
1777908311,loop9,0.00,0.00,0.000,0.000,0.00
1777908311,nvme0n1,0.00,0.00,0.000,0.000,0.60
1777908312,loop0,0.00,0.00,0.000,0.000,0.00
1777908312,loop1,0.00,0.00,0.000,0.000,0.00
1777908312,loop10,0.00,0.00,0.000,0.000,0.00
1777908312,loop11,0.00,0.00,0.000,0.000,0.00
1777908312,loop12,0.00,0.00,0.000,0.000,0.00
1777908312,loop13,0.00,0.00,0.000,0.000,0.00
1777908312,loop14,0.00,0.00,0.000,0.000,0.00
1777908312,loop15,0.00,0.00,0.000,0.000,0.00
1777908312,loop16,0.00,0.00,0.000,0.000,0.00
1777908312,loop17,0.00,0.00,0.000,0.000,0.00
1777908312,loop18,0.00,0.00,0.000,0.000,0.00
1777908312,loop19,0.00,0.00,0.000,0.000,0.00
1777908312,loop2,0.00,0.00,0.000,0.000,0.00
1777908312,loop20,0.00,0.00,0.000,0.000,0.00
1777908312,loop21,0.00,0.00,0.000,0.000,0.00
1777908312,loop22,0.00,0.00,0.000,0.000,0.00
1777908312,loop23,0.00,0.00,0.000,0.000,0.00
1777908312,loop24,0.00,0.00,0.000,0.000,0.00
1777908312,loop25,0.00,0.00,0.000,0.000,0.00
1777908312,loop26,0.00,0.00,0.000,0.000,0.00
1777908312,loop27,0.00,0.00,0.000,0.000,0.00
1777908312,loop28,0.00,0.00,0.000,0.000,0.00
1777908312,loop29,0.00,0.00,0.000,0.000,0.00
1777908312,loop3,0.00,0.00,0.000,0.000,0.00
1777908312,loop30,0.00,0.00,0.000,0.000,0.00
1777908312,loop31,0.00,0.00,0.000,0.000,0.00
1777908312,loop32,0.00,0.00,0.000,0.000,0.00
1777908312,loop33,0.00,0.00,0.000,0.000,0.00
1777908312,loop34,0.00,0.00,0.000,0.000,0.00
1777908312,loop35,0.00,0.00,0.000,0.000,0.00
1777908312,loop36,0.00,0.00,0.000,0.000,0.00
1777908312,loop37,0.00,0.00,0.000,0.000,0.00
1777908312,loop38,0.00,0.00,0.000,0.000,0.00
1777908312,loop39,0.00,0.00,0.000,0.000,0.00
1777908312,loop4,0.00,0.00,0.000,0.000,0.00
1777908312,loop40,0.00,0.00,0.000,0.000,0.00
1777908312,loop5,0.00,0.00,0.000,0.000,0.00
1777908312,loop6,0.00,0.00,0.000,0.000,0.00
1777908312,loop7,0.00,0.00,0.000,0.000,0.00
1777908312,loop8,0.00,0.00,0.000,0.000,0.00
1777908312,loop9,0.00,0.00,0.000,0.000,0.00
1777908312,nvme0n1,0.00,0.00,0.000,0.000,0.00
1777908313,loop0,0.00,0.00,0.000,0.000,0.00
1777908313,loop1,0.00,0.00,0.000,0.000,0.00
1777908313,loop10,0.00,0.00,0.000,0.000,0.00
1777908313,loop11,0.00,0.00,0.000,0.000,0.00
1777908313,loop12,0.00,0.00,0.000,0.000,0.00
1777908313,loop13,0.00,0.00,0.000,0.000,0.00
1777908313,loop14,0.00,0.00,0.000,0.000,0.00
1777908313,loop15,0.00,0.00,0.000,0.000,0.00
1777908313,loop16,0.00,0.00,0.000,0.000,0.00
1777908313,loop17,0.00,0.00,0.000,0.000,0.00
1777908313,loop18,0.00,0.00,0.000,0.000,0.00
1777908313,loop19,0.00,0.00,0.000,0.000,0.00
1777908313,loop2,0.00,0.00,0.000,0.000,0.00
1777908313,loop20,0.00,0.00,0.000,0.000,0.00
1777908313,loop21,0.00,0.00,0.000,0.000,0.00
1777908313,loop22,0.00,0.00,0.000,0.000,0.00
1777908313,loop23,0.00,0.00,0.000,0.000,0.00
1777908313,loop24,0.00,0.00,0.000,0.000,0.00
1777908313,loop25,0.00,0.00,0.000,0.000,0.00
1777908313,loop26,0.00,0.00,0.000,0.000,0.00
1777908313,loop27,0.00,0.00,0.000,0.000,0.00
1777908313,loop28,0.00,0.00,0.000,0.000,0.00
1777908313,loop29,0.00,0.00,0.000,0.000,0.00
1777908313,loop3,0.00,0.00,0.000,0.000,0.00
1777908313,loop30,0.00,0.00,0.000,0.000,0.00
1777908313,loop31,0.00,0.00,0.000,0.000,0.00
1777908313,loop32,0.00,0.00,0.000,0.000,0.00
1777908313,loop33,0.00,0.00,0.000,0.000,0.00
1777908313,loop34,0.00,0.00,0.000,0.000,0.00
1777908313,loop35,0.00,0.00,0.000,0.000,0.00
1777908313,loop36,0.00,0.00,0.000,0.000,0.00
1777908313,loop37,0.00,0.00,0.000,0.000,0.00
1777908313,loop38,0.00,0.00,0.000,0.000,0.00
1777908313,loop39,0.00,0.00,0.000,0.000,0.00
1777908313,loop4,0.00,0.00,0.000,0.000,0.00
1777908313,loop40,0.00,0.00,0.000,0.000,0.00
1777908313,loop5,0.00,0.00,0.000,0.000,0.00
1777908313,loop6,0.00,0.00,0.000,0.000,0.00
1777908313,loop7,0.00,0.00,0.000,0.000,0.00
1777908313,loop8,0.00,0.00,0.000,0.000,0.00
1777908313,loop9,0.00,0.00,0.000,0.000,0.00
1777908313,nvme0n1,0.00,0.00,0.000,0.000,0.00
1777908314,loop0,0.00,0.00,0.000,0.000,0.00
1777908314,loop1,0.00,0.00,0.000,0.000,0.00
1777908314,loop10,0.00,0.00,0.000,0.000,0.00
1777908314,loop11,0.00,0.00,0.000,0.000,0.00
1777908314,loop12,0.00,0.00,0.000,0.000,0.00
1777908314,loop13,0.00,0.00,0.000,0.000,0.00
1777908314,loop14,0.00,0.00,0.000,0.000,0.00
1777908314,loop15,0.00,0.00,0.000,0.000,0.00
1777908314,loop16,0.00,0.00,0.000,0.000,0.00
1777908314,loop17,0.00,0.00,0.000,0.000,0.00
1777908314,loop18,0.00,0.00,0.000,0.000,0.00
1777908314,loop19,0.00,0.00,0.000,0.000,0.00
1777908314,loop2,0.00,0.00,0.000,0.000,0.00
1777908314,loop20,0.00,0.00,0.000,0.000,0.00
1777908314,loop21,0.00,0.00,0.000,0.000,0.00
1777908314,loop22,0.00,0.00,0.000,0.000,0.00
1777908314,loop23,0.00,0.00,0.000,0.000,0.00
1777908314,loop24,0.00,0.00,0.000,0.000,0.00
1777908314,loop25,0.00,0.00,0.000,0.000,0.00
1777908314,loop26,0.00,0.00,0.000,0.000,0.00
1777908314,loop27,0.00,0.00,0.000,0.000,0.00
1777908314,loop28,0.00,0.00,0.000,0.000,0.00
1777908314,loop29,0.00,0.00,0.000,0.000,0.00
1777908314,loop3,0.00,0.00,0.000,0.000,0.00
1777908314,loop30,0.00,0.00,0.000,0.000,0.00
1777908314,loop31,0.00,0.00,0.000,0.000,0.00
1777908314,loop32,0.00,0.00,0.000,0.000,0.00
1777908314,loop33,0.00,0.00,0.000,0.000,0.00
1777908314,loop34,0.00,0.00,0.000,0.000,0.00
1777908314,loop35,0.00,0.00,0.000,0.000,0.00
1777908314,loop36,0.00,0.00,0.000,0.000,0.00
1777908314,loop37,0.00,0.00,0.000,0.000,0.00
1777908314,loop38,0.00,0.00,0.000,0.000,0.00
1777908314,loop39,0.00,0.00,0.000,0.000,0.00
1777908314,loop4,0.00,0.00,0.000,0.000,0.00
1777908314,loop40,0.00,0.00,0.000,0.000,0.00
1777908314,loop5,0.00,0.00,0.000,0.000,0.00
1777908314,loop6,0.00,0.00,0.000,0.000,0.00
1777908314,loop7,0.00,0.00,0.000,0.000,0.00
1777908314,loop8,0.00,0.00,0.000,0.000,0.00
1777908314,loop9,0.00,0.00,0.000,0.000,0.00
1777908314,nvme0n1,0.00,0.00,0.000,0.000,0.00
1777908315,loop0,0.00,0.00,0.000,0.000,0.00
1777908315,loop1,0.00,0.00,0.000,0.000,0.00
1777908315,loop10,0.00,0.00,0.000,0.000,0.00
1777908315,loop11,0.00,0.00,0.000,0.000,0.00
1777908315,loop12,0.00,0.00,0.000,0.000,0.00
1777908315,loop13,0.00,0.00,0.000,0.000,0.00
1777908315,loop14,0.00,0.00,0.000,0.000,0.00
1777908315,loop15,0.00,0.00,0.000,0.000,0.00
1777908315,loop16,0.00,0.00,0.000,0.000,0.00
1777908315,loop17,0.00,0.00,0.000,0.000,0.00
1777908315,loop18,0.00,0.00,0.000,0.000,0.00
1777908315,loop19,0.00,0.00,0.000,0.000,0.00
1777908315,loop2,0.00,0.00,0.000,0.000,0.00
1777908315,loop20,0.00,0.00,0.000,0.000,0.00
1777908315,loop21,0.00,0.00,0.000,0.000,0.00
1777908315,loop22,0.00,0.00,0.000,0.000,0.00
1777908315,loop23,0.00,0.00,0.000,0.000,0.00
1777908315,loop24,0.00,0.00,0.000,0.000,0.00
1777908315,loop25,0.00,0.00,0.000,0.000,0.00
1777908315,loop26,0.00,0.00,0.000,0.000,0.00
1777908315,loop27,0.00,0.00,0.000,0.000,0.00
1777908315,loop28,0.00,0.00,0.000,0.000,0.00
1777908315,loop29,0.00,0.00,0.000,0.000,0.00
1777908315,loop3,0.00,0.00,0.000,0.000,0.00
1777908315,loop30,0.00,0.00,0.000,0.000,0.00
1777908315,loop31,0.00,0.00,0.000,0.000,0.00
1777908315,loop32,0.00,0.00,0.000,0.000,0.00
1777908315,loop33,0.00,0.00,0.000,0.000,0.00
1777908315,loop34,0.00,0.00,0.000,0.000,0.00
1777908315,loop35,0.00,0.00,0.000,0.000,0.00
1777908315,loop36,0.00,0.00,0.000,0.000,0.00
1777908315,loop37,0.00,0.00,0.000,0.000,0.00
1777908315,loop38,5.00,351.00,0.000,0.000,0.00
1777908315,loop39,0.00,0.00,0.000,0.000,0.00
1777908315,loop4,0.00,0.00,0.000,0.000,0.00
1777908315,loop40,0.00,0.00,0.000,0.000,0.00
1777908315,loop5,0.00,0.00,0.000,0.000,0.00
1777908315,loop6,0.00,0.00,0.000,0.000,0.00
1777908315,loop7,0.00,0.00,0.000,0.000,0.00
1777908315,loop8,0.00,0.00,0.000,0.000,0.00
1777908315,loop9,0.00,0.00,0.000,0.000,0.00
1777908315,nvme0n1,49.00,492.00,0.008,0.014,5.10
1777908316,loop0,0.00,0.00,0.000,0.000,0.00
1777908316,loop1,0.00,0.00,0.000,0.000,0.00
1777908316,loop10,0.00,0.00,0.000,0.000,0.00
1777908316,loop11,0.00,0.00,0.000,0.000,0.00
1777908316,loop12,0.00,0.00,0.000,0.000,0.00
1777908316,loop13,0.00,0.00,0.000,0.000,0.00
1777908316,loop14,0.00,0.00,0.000,0.000,0.00
1777908316,loop15,0.00,0.00,0.000,0.000,0.00
1777908316,loop16,0.00,0.00,0.000,0.000,0.00
1777908316,loop17,0.00,0.00,0.000,0.000,0.00
1777908316,loop18,0.00,0.00,0.000,0.000,0.00
1777908316,loop19,0.00,0.00,0.000,0.000,0.00
1777908316,loop2,0.00,0.00,0.000,0.000,0.00
1777908316,loop20,0.00,0.00,0.000,0.000,0.00
1777908316,loop21,0.00,0.00,0.000,0.000,0.00
1777908316,loop22,0.00,0.00,0.000,0.000,0.00
1777908316,loop23,0.00,0.00,0.000,0.000,0.00
1777908316,loop24,0.00,0.00,0.000,0.000,0.00
1777908316,loop25,0.00,0.00,0.000,0.000,0.00
1777908316,loop26,0.00,0.00,0.000,0.000,0.00
1777908316,loop27,0.00,0.00,0.000,0.000,0.00
1777908316,loop28,0.00,0.00,0.000,0.000,0.00
1777908316,loop29,0.00,0.00,0.000,0.000,0.00
1777908316,loop3,0.00,0.00,0.000,0.000,0.00
1777908316,loop30,0.00,0.00,0.000,0.000,0.00
1777908316,loop31,0.00,0.00,0.000,0.000,0.00
1777908316,loop32,0.00,0.00,0.000,0.000,0.00
1777908316,loop33,0.00,0.00,0.000,0.000,0.00
1777908316,loop34,0.00,0.00,0.000,0.000,0.00
1777908316,loop35,0.00,0.00,0.000,0.000,0.00
1777908316,loop36,0.00,0.00,0.000,0.000,0.00
1777908316,loop37,0.00,0.00,0.000,0.000,0.00
1777908316,loop38,0.00,0.00,0.000,0.000,0.00
1777908316,loop39,0.00,0.00,0.000,0.000,0.00
1777908316,loop4,0.00,0.00,0.000,0.000,0.00
1777908316,loop40,0.00,0.00,0.000,0.000,0.00
1777908316,loop5,0.00,0.00,0.000,0.000,0.00
1777908316,loop6,0.00,0.00,0.000,0.000,0.00
1777908316,loop7,0.00,0.00,0.000,0.000,0.00
1777908316,loop8,0.00,0.00,0.000,0.000,0.00
1777908316,loop9,0.00,0.00,0.000,0.000,0.00
1777908316,nvme0n1,2.00,8.00,0.000,0.000,0.70
1777908317,loop0,0.00,0.00,0.000,0.000,0.00
1777908317,loop1,0.00,0.00,0.000,0.000,0.00
1777908317,loop10,0.00,0.00,0.000,0.000,0.00
1777908317,loop11,0.00,0.00,0.000,0.000,0.00
1777908317,loop12,0.00,0.00,0.000,0.000,0.00
1777908317,loop13,0.00,0.00,0.000,0.000,0.00
1777908317,loop14,0.00,0.00,0.000,0.000,0.00
1777908317,loop15,0.00,0.00,0.000,0.000,0.00
1777908317,loop16,0.00,0.00,0.000,0.000,0.00
1777908317,loop17,0.00,0.00,0.000,0.000,0.00
1777908317,loop18,0.00,0.00,0.000,0.000,0.00
1777908317,loop19,0.00,0.00,0.000,0.000,0.00
1777908317,loop2,0.00,0.00,0.000,0.000,0.00
1777908317,loop20,0.00,0.00,0.000,0.000,0.00
1777908317,loop21,0.00,0.00,0.000,0.000,0.00
1777908317,loop22,0.00,0.00,0.000,0.000,0.00
1777908317,loop23,0.00,0.00,0.000,0.000,0.00
1777908317,loop24,0.00,0.00,0.000,0.000,0.00
1777908317,loop25,0.00,0.00,0.000,0.000,0.00
1777908317,loop26,0.00,0.00,0.000,0.000,0.00
1777908317,loop27,0.00,0.00,0.000,0.000,0.00
1777908317,loop28,0.00,0.00,0.000,0.000,0.00
1777908317,loop29,0.00,0.00,0.000,0.000,0.00
1777908317,loop3,0.00,0.00,0.000,0.000,0.00
1777908317,loop30,0.00,0.00,0.000,0.000,0.00
1777908317,loop31,0.00,0.00,0.000,0.000,0.00
1777908317,loop32,0.00,0.00,0.000,0.000,0.00
1777908317,loop33,0.00,0.00,0.000,0.000,0.00
1777908317,loop34,0.00,0.00,0.000,0.000,0.00
1777908317,loop35,0.00,0.00,0.000,0.000,0.00
1777908317,loop36,0.00,0.00,0.000,0.000,0.00
1777908317,loop37,0.00,0.00,0.000,0.000,0.00
1777908317,loop38,0.00,0.00,0.000,0.000,0.00
1777908317,loop39,0.00,0.00,0.000,0.000,0.00
1777908317,loop4,0.00,0.00,0.000,0.000,0.00
1777908317,loop40,0.00,0.00,0.000,0.000,0.00
1777908317,loop5,0.00,0.00,0.000,0.000,0.00
1777908317,loop6,0.00,0.00,0.000,0.000,0.00
1777908317,loop7,0.00,0.00,0.000,0.000,0.00
1777908317,loop8,0.00,0.00,0.000,0.000,0.00
1777908317,loop9,0.00,0.00,0.000,0.000,0.00
1777908317,nvme0n1,0.00,0.00,0.000,0.000,0.50
1777908318,loop0,0.00,0.00,0.000,0.000,0.00
1777908318,loop1,0.00,0.00,0.000,0.000,0.00
1777908318,loop10,0.00,0.00,0.000,0.000,0.00
1777908318,loop11,0.00,0.00,0.000,0.000,0.00
1777908318,loop12,0.00,0.00,0.000,0.000,0.00
1777908318,loop13,0.00,0.00,0.000,0.000,0.00
1777908318,loop14,0.00,0.00,0.000,0.000,0.00
1777908318,loop15,0.00,0.00,0.000,0.000,0.00
1777908318,loop16,0.00,0.00,0.000,0.000,0.00
1777908318,loop17,0.00,0.00,0.000,0.000,0.00
1777908318,loop18,0.00,0.00,0.000,0.000,0.00
1777908318,loop19,0.00,0.00,0.000,0.000,0.00
1777908318,loop2,0.00,0.00,0.000,0.000,0.00
1777908318,loop20,0.00,0.00,0.000,0.000,0.00
1777908318,loop21,0.00,0.00,0.000,0.000,0.00
1777908318,loop22,0.00,0.00,0.000,0.000,0.00
1777908318,loop23,0.00,0.00,0.000,0.000,0.00
1777908318,loop24,0.00,0.00,0.000,0.000,0.00
1777908318,loop25,0.00,0.00,0.000,0.000,0.00
1777908318,loop26,0.00,0.00,0.000,0.000,0.00
1777908318,loop27,0.00,0.00,0.000,0.000,0.00
1777908318,loop28,0.00,0.00,0.000,0.000,0.00
1777908318,loop29,0.00,0.00,0.000,0.000,0.00
1777908318,loop3,0.00,0.00,0.000,0.000,0.00
1777908318,loop30,0.00,0.00,0.000,0.000,0.00
1777908318,loop31,0.00,0.00,0.000,0.000,0.00
1777908318,loop32,0.00,0.00,0.000,0.000,0.00
1777908318,loop33,0.00,0.00,0.000,0.000,0.00
1777908318,loop34,0.00,0.00,0.000,0.000,0.00
1777908318,loop35,0.00,0.00,0.000,0.000,0.00
1777908318,loop36,0.00,0.00,0.000,0.000,0.00
1777908318,loop37,0.00,0.00,0.000,0.000,0.00
1777908318,loop38,0.00,0.00,0.000,0.000,0.00
1777908318,loop39,0.00,0.00,0.000,0.000,0.00
1777908318,loop4,0.00,0.00,0.000,0.000,0.00
1777908318,loop40,0.00,0.00,0.000,0.000,0.00
1777908318,loop5,0.00,0.00,0.000,0.000,0.00
1777908318,loop6,0.00,0.00,0.000,0.000,0.00
1777908318,loop7,0.00,0.00,0.000,0.000,0.00
1777908318,loop8,0.00,0.00,0.000,0.000,0.00
1777908318,loop9,0.00,0.00,0.000,0.000,0.00
1777908318,nvme0n1,0.00,0.00,0.000,0.000,0.60
1777908319,loop0,0.00,0.00,0.000,0.000,0.00
1777908319,loop1,0.00,0.00,0.000,0.000,0.00
1777908319,loop10,0.00,0.00,0.000,0.000,0.00
1777908319,loop11,0.00,0.00,0.000,0.000,0.00
1777908319,loop12,0.00,0.00,0.000,0.000,0.00
1777908319,loop13,0.00,0.00,0.000,0.000,0.00
1777908319,loop14,0.00,0.00,0.000,0.000,0.00
1777908319,loop15,0.00,0.00,0.000,0.000,0.00
1777908319,loop16,0.00,0.00,0.000,0.000,0.00
1777908319,loop17,0.00,0.00,0.000,0.000,0.00
1777908319,loop18,0.00,0.00,0.000,0.000,0.00
1777908319,loop19,0.00,0.00,0.000,0.000,0.00
1777908319,loop2,0.00,0.00,0.000,0.000,0.00
1777908319,loop20,0.00,0.00,0.000,0.000,0.00
1777908319,loop21,0.00,0.00,0.000,0.000,0.00
1777908319,loop22,0.00,0.00,0.000,0.000,0.00
1777908319,loop23,0.00,0.00,0.000,0.000,0.00
1777908319,loop24,0.00,0.00,0.000,0.000,0.00
1777908319,loop25,0.00,0.00,0.000,0.000,0.00
1777908319,loop26,0.00,0.00,0.000,0.000,0.00
1777908319,loop27,0.00,0.00,0.000,0.000,0.00
1777908319,loop28,0.00,0.00,0.000,0.000,0.00
1777908319,loop29,0.00,0.00,0.000,0.000,0.00
1777908319,loop3,0.00,0.00,0.000,0.000,0.00
1777908319,loop30,0.00,0.00,0.000,0.000,0.00
1777908319,loop31,0.00,0.00,0.000,0.000,0.00
1777908319,loop32,0.00,0.00,0.000,0.000,0.00
1777908319,loop33,0.00,0.00,0.000,0.000,0.00
1777908319,loop34,0.00,0.00,0.000,0.000,0.00
1777908319,loop35,0.00,0.00,0.000,0.000,0.00
1777908319,loop36,0.00,0.00,0.000,0.000,0.00
1777908319,loop37,0.00,0.00,0.000,0.000,0.00
1777908319,loop38,0.00,0.00,0.000,0.000,0.00
1777908319,loop39,0.00,0.00,0.000,0.000,0.00
1777908319,loop4,0.00,0.00,0.000,0.000,0.00
1777908319,loop40,0.00,0.00,0.000,0.000,0.00
1777908319,loop5,0.00,0.00,0.000,0.000,0.00
1777908319,loop6,0.00,0.00,0.000,0.000,0.00
1777908319,loop7,0.00,0.00,0.000,0.000,0.00
1777908319,loop8,0.00,0.00,0.000,0.000,0.00
1777908319,loop9,0.00,0.00,0.000,0.000,0.00
1777908319,nvme0n1,0.00,0.00,0.000,0.000,0.00
