t_unix,device,r_iops,w_iops,r_mb_s,w_mb_s,util_pct
1777908609,loop0,0.00,0.00,0.000,0.000,0.00
1777908609,loop1,0.00,0.00,0.000,0.000,0.00
1777908609,loop10,0.00,0.00,0.000,0.000,0.00
1777908609,loop11,0.00,0.00,0.000,0.000,0.00
1777908609,loop12,0.00,0.00,0.000,0.000,0.00
1777908609,loop13,0.00,0.00,0.000,0.000,0.00
1777908609,loop14,0.00,0.00,0.000,0.000,0.00
1777908609,loop15,0.00,0.00,0.000,0.000,0.00
1777908609,loop16,0.00,0.00,0.000,0.000,0.00
1777908609,loop17,0.00,0.00,0.000,0.000,0.00
1777908609,loop18,0.00,0.00,0.000,0.000,0.00
1777908609,loop19,0.00,0.00,0.000,0.000,0.00
1777908609,loop2,0.00,0.00,0.000,0.000,0.00
1777908609,loop20,0.00,0.00,0.000,0.000,0.00
1777908609,loop21,0.00,0.00,0.000,0.000,0.00
1777908609,loop22,0.00,0.00,0.000,0.000,0.00
1777908609,loop23,0.00,0.00,0.000,0.000,0.00
1777908609,loop24,0.00,0.00,0.000,0.000,0.00
1777908609,loop25,0.00,0.00,0.000,0.000,0.00
1777908609,loop26,0.00,0.00,0.000,0.000,0.00
1777908609,loop27,0.00,0.00,0.000,0.000,0.00
1777908609,loop28,0.00,0.00,0.000,0.000,0.00
1777908609,loop29,0.00,0.00,0.000,0.000,0.00
1777908609,loop3,0.00,0.00,0.000,0.000,0.00
1777908609,loop30,0.00,0.00,0.000,0.000,0.00
1777908609,loop31,0.00,0.00,0.000,0.000,0.00
1777908609,loop32,0.00,0.00,0.000,0.000,0.00
1777908609,loop33,0.00,0.00,0.000,0.000,0.00
1777908609,loop34,0.00,0.00,0.000,0.000,0.00
1777908609,loop35,0.00,0.00,0.000,0.000,0.00
1777908609,loop36,0.00,0.00,0.000,0.000,0.00
1777908609,loop37,0.00,0.00,0.000,0.000,0.00
1777908609,loop38,0.00,0.00,0.000,0.000,0.00
1777908609,loop39,0.00,0.00,0.000,0.000,0.00
1777908609,loop4,0.00,0.00,0.000,0.000,0.00
1777908609,loop40,0.00,0.00,0.000,0.000,0.00
1777908609,loop5,0.00,0.00,0.000,0.000,0.00
1777908609,loop6,0.00,0.00,0.000,0.000,0.00
1777908609,loop7,0.00,0.00,0.000,0.000,0.00
1777908609,loop8,0.00,0.00,0.000,0.000,0.00
1777908609,loop9,0.00,0.00,0.000,0.000,0.00
1777908609,nvme0n1,0.00,0.00,0.000,0.000,0.00
1777908610,loop0,0.00,0.00,0.000,0.000,0.00
1777908610,loop1,0.00,0.00,0.000,0.000,0.00
1777908610,loop10,0.00,0.00,0.000,0.000,0.00
1777908610,loop11,0.00,0.00,0.000,0.000,0.00
1777908610,loop12,0.00,0.00,0.000,0.000,0.00
1777908610,loop13,0.00,0.00,0.000,0.000,0.00
1777908610,loop14,0.00,0.00,0.000,0.000,0.00
1777908610,loop15,0.00,0.00,0.000,0.000,0.00
1777908610,loop16,0.00,0.00,0.000,0.000,0.00
1777908610,loop17,0.00,0.00,0.000,0.000,0.00
1777908610,loop18,0.00,0.00,0.000,0.000,0.00
1777908610,loop19,0.00,0.00,0.000,0.000,0.00
1777908610,loop2,0.00,0.00,0.000,0.000,0.00
1777908610,loop20,0.00,0.00,0.000,0.000,0.00
1777908610,loop21,0.00,0.00,0.000,0.000,0.00
1777908610,loop22,0.00,0.00,0.000,0.000,0.00
1777908610,loop23,0.00,0.00,0.000,0.000,0.00
1777908610,loop24,0.00,0.00,0.000,0.000,0.00
1777908610,loop25,0.00,0.00,0.000,0.000,0.00
1777908610,loop26,0.00,0.00,0.000,0.000,0.00
1777908610,loop27,0.00,0.00,0.000,0.000,0.00
1777908610,loop28,0.00,0.00,0.000,0.000,0.00
1777908610,loop29,0.00,0.00,0.000,0.000,0.00
1777908610,loop3,0.00,0.00,0.000,0.000,0.00
1777908610,loop30,0.00,0.00,0.000,0.000,0.00
1777908610,loop31,0.00,0.00,0.000,0.000,0.00
1777908610,loop32,0.00,0.00,0.000,0.000,0.00
1777908610,loop33,0.00,0.00,0.000,0.000,0.00
1777908610,loop34,0.00,0.00,0.000,0.000,0.00
1777908610,loop35,0.00,0.00,0.000,0.000,0.00
1777908610,loop36,0.00,0.00,0.000,0.000,0.00
1777908610,loop37,0.00,0.00,0.000,0.000,0.00
1777908610,loop38,0.00,0.00,0.000,0.000,0.00
1777908610,loop39,0.00,0.00,0.000,0.000,0.00
1777908610,loop4,0.00,0.00,0.000,0.000,0.00
1777908610,loop40,0.00,0.00,0.000,0.000,0.00
1777908610,loop5,0.00,0.00,0.000,0.000,0.00
1777908610,loop6,0.00,0.00,0.000,0.000,0.00
1777908610,loop7,0.00,0.00,0.000,0.000,0.00
1777908610,loop8,0.00,0.00,0.000,0.000,0.00
1777908610,loop9,0.00,0.00,0.000,0.000,0.00
1777908610,nvme0n1,0.00,0.00,0.000,0.000,0.00
1777908611,loop0,0.00,0.00,0.000,0.000,0.00
1777908611,loop1,0.00,0.00,0.000,0.000,0.00
1777908611,loop10,0.00,0.00,0.000,0.000,0.00
1777908611,loop11,0.00,0.00,0.000,0.000,0.00
1777908611,loop12,0.00,0.00,0.000,0.000,0.00
1777908611,loop13,0.00,0.00,0.000,0.000,0.00
1777908611,loop14,0.00,0.00,0.000,0.000,0.00
1777908611,loop15,0.00,0.00,0.000,0.000,0.00
1777908611,loop16,0.00,0.00,0.000,0.000,0.00
1777908611,loop17,0.00,0.00,0.000,0.000,0.00
1777908611,loop18,0.00,0.00,0.000,0.000,0.00
1777908611,loop19,0.00,0.00,0.000,0.000,0.00
1777908611,loop2,0.00,0.00,0.000,0.000,0.00
1777908611,loop20,0.00,0.00,0.000,0.000,0.00
1777908611,loop21,0.00,0.00,0.000,0.000,0.00
1777908611,loop22,0.00,0.00,0.000,0.000,0.00
1777908611,loop23,0.00,0.00,0.000,0.000,0.00
1777908611,loop24,0.00,0.00,0.000,0.000,0.00
1777908611,loop25,0.00,0.00,0.000,0.000,0.00
1777908611,loop26,0.00,0.00,0.000,0.000,0.00
1777908611,loop27,0.00,0.00,0.000,0.000,0.00
1777908611,loop28,0.00,0.00,0.000,0.000,0.00
1777908611,loop29,0.00,0.00,0.000,0.000,0.00
1777908611,loop3,0.00,0.00,0.000,0.000,0.00
1777908611,loop30,0.00,0.00,0.000,0.000,0.00
1777908611,loop31,0.00,0.00,0.000,0.000,0.00
1777908611,loop32,0.00,0.00,0.000,0.000,0.00
1777908611,loop33,0.00,0.00,0.000,0.000,0.00
1777908611,loop34,0.00,0.00,0.000,0.000,0.00
1777908611,loop35,0.00,0.00,0.000,0.000,0.00
1777908611,loop36,0.00,0.00,0.000,0.000,0.00
1777908611,loop37,0.00,0.00,0.000,0.000,0.00
1777908611,loop38,0.00,0.00,0.000,0.000,0.00
1777908611,loop39,0.00,0.00,0.000,0.000,0.00
1777908611,loop4,0.00,0.00,0.000,0.000,0.00
1777908611,loop40,0.00,0.00,0.000,0.000,0.00
1777908611,loop5,0.00,0.00,0.000,0.000,0.00
1777908611,loop6,0.00,0.00,0.000,0.000,0.00
1777908611,loop7,0.00,0.00,0.000,0.000,0.00
1777908611,loop8,0.00,0.00,0.000,0.000,0.00
1777908611,loop9,0.00,0.00,0.000,0.000,0.00
1777908611,nvme0n1,0.00,0.00,0.000,0.000,0.00
1777908612,loop0,0.00,0.00,0.000,0.000,0.00
1777908612,loop1,0.00,0.00,0.000,0.000,0.00
1777908612,loop10,0.00,0.00,0.000,0.000,0.00
1777908612,loop11,0.00,0.00,0.000,0.000,0.00
1777908612,loop12,0.00,0.00,0.000,0.000,0.00
1777908612,loop13,0.00,0.00,0.000,0.000,0.00
1777908612,loop14,0.00,0.00,0.000,0.000,0.00
1777908612,loop15,0.00,0.00,0.000,0.000,0.00
1777908612,loop16,0.00,0.00,0.000,0.000,0.00
1777908612,loop17,0.00,0.00,0.000,0.000,0.00
1777908612,loop18,0.00,0.00,0.000,0.000,0.00
1777908612,loop19,0.00,0.00,0.000,0.000,0.00
1777908612,loop2,0.00,0.00,0.000,0.000,0.00
1777908612,loop20,0.00,0.00,0.000,0.000,0.00
1777908612,loop21,0.00,0.00,0.000,0.000,0.00
1777908612,loop22,0.00,0.00,0.000,0.000,0.00
1777908612,loop23,0.00,0.00,0.000,0.000,0.00
1777908612,loop24,0.00,0.00,0.000,0.000,0.00
1777908612,loop25,0.00,0.00,0.000,0.000,0.00
1777908612,loop26,0.00,0.00,0.000,0.000,0.00
1777908612,loop27,0.00,0.00,0.000,0.000,0.00
1777908612,loop28,0.00,0.00,0.000,0.000,0.00
1777908612,loop29,0.00,0.00,0.000,0.000,0.00
1777908612,loop3,0.00,0.00,0.000,0.000,0.00
1777908612,loop30,0.00,0.00,0.000,0.000,0.00
1777908612,loop31,0.00,0.00,0.000,0.000,0.00
1777908612,loop32,0.00,0.00,0.000,0.000,0.00
1777908612,loop33,0.00,0.00,0.000,0.000,0.00
1777908612,loop34,0.00,0.00,0.000,0.000,0.00
1777908612,loop35,0.00,0.00,0.000,0.000,0.00
1777908612,loop36,0.00,0.00,0.000,0.000,0.00
1777908612,loop37,0.00,0.00,0.000,0.000,0.00
1777908612,loop38,0.00,0.00,0.000,0.000,0.00
1777908612,loop39,0.00,0.00,0.000,0.000,0.00
1777908612,loop4,0.00,0.00,0.000,0.000,0.00
1777908612,loop40,0.00,0.00,0.000,0.000,0.00
1777908612,loop5,0.00,0.00,0.000,0.000,0.00
1777908612,loop6,0.00,0.00,0.000,0.000,0.00
1777908612,loop7,0.00,0.00,0.000,0.000,0.00
1777908612,loop8,0.00,0.00,0.000,0.000,0.00
1777908612,loop9,0.00,0.00,0.000,0.000,0.00
1777908612,nvme0n1,0.00,0.00,0.000,0.000,5.30
1777908613,loop0,0.00,0.00,0.000,0.000,0.00
1777908613,loop1,0.00,0.00,0.000,0.000,0.00
1777908613,loop10,0.00,0.00,0.000,0.000,0.00
1777908613,loop11,0.00,0.00,0.000,0.000,0.00
1777908613,loop12,0.00,0.00,0.000,0.000,0.00
1777908613,loop13,0.00,0.00,0.000,0.000,0.00
1777908613,loop14,0.00,0.00,0.000,0.000,0.00
1777908613,loop15,0.00,0.00,0.000,0.000,0.00
1777908613,loop16,0.00,0.00,0.000,0.000,0.00
1777908613,loop17,0.00,0.00,0.000,0.000,0.00
1777908613,loop18,0.00,0.00,0.000,0.000,0.00
1777908613,loop19,0.00,0.00,0.000,0.000,0.00
1777908613,loop2,0.00,0.00,0.000,0.000,0.00
1777908613,loop20,0.00,0.00,0.000,0.000,0.00
1777908613,loop21,0.00,0.00,0.000,0.000,0.00
1777908613,loop22,0.00,0.00,0.000,0.000,0.00
1777908613,loop23,0.00,0.00,0.000,0.000,0.00
1777908613,loop24,0.00,0.00,0.000,0.000,0.00
1777908613,loop25,0.00,0.00,0.000,0.000,0.00
1777908613,loop26,0.00,0.00,0.000,0.000,0.00
1777908613,loop27,0.00,0.00,0.000,0.000,0.00
1777908613,loop28,0.00,0.00,0.000,0.000,0.00
1777908613,loop29,0.00,0.00,0.000,0.000,0.00
1777908613,loop3,0.00,0.00,0.000,0.000,0.00
1777908613,loop30,0.00,0.00,0.000,0.000,0.00
1777908613,loop31,0.00,0.00,0.000,0.000,0.00
1777908613,loop32,0.00,0.00,0.000,0.000,0.00
1777908613,loop33,0.00,0.00,0.000,0.000,0.00
1777908613,loop34,0.00,0.00,0.000,0.000,0.00
1777908613,loop35,0.00,0.00,0.000,0.000,0.00
1777908613,loop36,0.00,0.00,0.000,0.000,0.00
1777908613,loop37,0.00,0.00,0.000,0.000,0.00
1777908613,loop38,0.00,0.00,0.000,0.000,0.00
1777908613,loop39,0.00,0.00,0.000,0.000,0.00
1777908613,loop4,0.00,0.00,0.000,0.000,0.00
1777908613,loop40,0.00,0.00,0.000,0.000,0.00
1777908613,loop5,0.00,0.00,0.000,0.000,0.00
1777908613,loop6,0.00,0.00,0.000,0.000,0.00
1777908613,loop7,0.00,0.00,0.000,0.000,0.00
1777908613,loop8,0.00,0.00,0.000,0.000,0.00
1777908613,loop9,0.00,0.00,0.000,0.000,0.00
1777908613,nvme0n1,0.00,0.00,0.000,0.000,0.60
1777908614,loop0,0.00,0.00,0.000,0.000,0.00
1777908614,loop1,0.00,0.00,0.000,0.000,0.00
1777908614,loop10,0.00,0.00,0.000,0.000,0.00
1777908614,loop11,0.00,0.00,0.000,0.000,0.00
1777908614,loop12,0.00,0.00,0.000,0.000,0.00
1777908614,loop13,0.00,0.00,0.000,0.000,0.00
1777908614,loop14,0.00,0.00,0.000,0.000,0.00
1777908614,loop15,0.00,0.00,0.000,0.000,0.00
1777908614,loop16,0.00,0.00,0.000,0.000,0.00
1777908614,loop17,0.00,0.00,0.000,0.000,0.00
1777908614,loop18,0.00,0.00,0.000,0.000,0.00
1777908614,loop19,0.00,0.00,0.000,0.000,0.00
1777908614,loop2,0.00,0.00,0.000,0.000,0.00
1777908614,loop20,0.00,0.00,0.000,0.000,0.00
1777908614,loop21,0.00,0.00,0.000,0.000,0.00
1777908614,loop22,0.00,0.00,0.000,0.000,0.00
1777908614,loop23,0.00,0.00,0.000,0.000,0.00
1777908614,loop24,0.00,0.00,0.000,0.000,0.00
1777908614,loop25,0.00,0.00,0.000,0.000,0.00
1777908614,loop26,0.00,0.00,0.000,0.000,0.00
1777908614,loop27,0.00,0.00,0.000,0.000,0.00
1777908614,loop28,0.00,0.00,0.000,0.000,0.00
1777908614,loop29,0.00,0.00,0.000,0.000,0.00
1777908614,loop3,0.00,0.00,0.000,0.000,0.00
1777908614,loop30,0.00,0.00,0.000,0.000,0.00
1777908614,loop31,0.00,0.00,0.000,0.000,0.00
1777908614,loop32,0.00,0.00,0.000,0.000,0.00
1777908614,loop33,0.00,0.00,0.000,0.000,0.00
1777908614,loop34,0.00,0.00,0.000,0.000,0.00
1777908614,loop35,0.00,0.00,0.000,0.000,0.00
1777908614,loop36,0.00,0.00,0.000,0.000,0.00
1777908614,loop37,0.00,0.00,0.000,0.000,0.00
1777908614,loop38,0.00,0.00,0.000,0.000,0.00
1777908614,loop39,0.00,0.00,0.000,0.000,0.00
1777908614,loop4,0.00,0.00,0.000,0.000,0.00
1777908614,loop40,0.00,0.00,0.000,0.000,0.00
1777908614,loop5,0.00,0.00,0.000,0.000,0.00
1777908614,loop6,0.00,0.00,0.000,0.000,0.00
1777908614,loop7,0.00,0.00,0.000,0.000,0.00
1777908614,loop8,0.00,0.00,0.000,0.000,0.00
1777908614,loop9,0.00,0.00,0.000,0.000,0.00
1777908614,nvme0n1,0.00,0.00,0.000,0.000,0.00
1777908615,loop0,0.00,0.00,0.000,0.000,0.00
1777908615,loop1,0.00,0.00,0.000,0.000,0.00
1777908615,loop10,0.00,0.00,0.000,0.000,0.00
1777908615,loop11,0.00,0.00,0.000,0.000,0.00
1777908615,loop12,0.00,0.00,0.000,0.000,0.00
1777908615,loop13,0.00,0.00,0.000,0.000,0.00
1777908615,loop14,0.00,0.00,0.000,0.000,0.00
1777908615,loop15,0.00,0.00,0.000,0.000,0.00
1777908615,loop16,0.00,0.00,0.000,0.000,0.00
1777908615,loop17,0.00,0.00,0.000,0.000,0.00
1777908615,loop18,0.00,0.00,0.000,0.000,0.00
1777908615,loop19,0.00,0.00,0.000,0.000,0.00
1777908615,loop2,0.00,0.00,0.000,0.000,0.00
1777908615,loop20,0.00,0.00,0.000,0.000,0.00
1777908615,loop21,0.00,0.00,0.000,0.000,0.00
1777908615,loop22,0.00,0.00,0.000,0.000,0.00
1777908615,loop23,0.00,0.00,0.000,0.000,0.00
1777908615,loop24,0.00,0.00,0.000,0.000,0.00
1777908615,loop25,0.00,0.00,0.000,0.000,0.00
1777908615,loop26,0.00,0.00,0.000,0.000,0.00
1777908615,loop27,0.00,0.00,0.000,0.000,0.00
1777908615,loop28,0.00,0.00,0.000,0.000,0.00
1777908615,loop29,0.00,0.00,0.000,0.000,0.00
1777908615,loop3,0.00,0.00,0.000,0.000,0.00
1777908615,loop30,0.00,0.00,0.000,0.000,0.00
1777908615,loop31,0.00,0.00,0.000,0.000,0.00
1777908615,loop32,0.00,0.00,0.000,0.000,0.00
1777908615,loop33,0.00,0.00,0.000,0.000,0.00
1777908615,loop34,0.00,0.00,0.000,0.000,0.00
1777908615,loop35,0.00,0.00,0.000,0.000,0.00
1777908615,loop36,0.00,0.00,0.000,0.000,0.00
1777908615,loop37,0.00,0.00,0.000,0.000,0.00
1777908615,loop38,0.00,0.00,0.000,0.000,0.00
1777908615,loop39,0.00,0.00,0.000,0.000,0.00
1777908615,loop4,0.00,0.00,0.000,0.000,0.00
1777908615,loop40,0.00,0.00,0.000,0.000,0.00
1777908615,loop5,0.00,0.00,0.000,0.000,0.00
1777908615,loop6,0.00,0.00,0.000,0.000,0.00
1777908615,loop7,0.00,0.00,0.000,0.000,0.00
1777908615,loop8,0.00,0.00,0.000,0.000,0.00
1777908615,loop9,0.00,0.00,0.000,0.000,0.00
1777908615,nvme0n1,0.00,0.00,0.000,0.000,0.00
1777908616,loop0,0.00,0.00,0.000,0.000,0.00
1777908616,loop1,0.00,0.00,0.000,0.000,0.00
1777908616,loop10,0.00,0.00,0.000,0.000,0.00
1777908616,loop11,0.00,0.00,0.000,0.000,0.00
1777908616,loop12,0.00,0.00,0.000,0.000,0.00
1777908616,loop13,0.00,0.00,0.000,0.000,0.00
1777908616,loop14,0.00,0.00,0.000,0.000,0.00
1777908616,loop15,0.00,0.00,0.000,0.000,0.00
1777908616,loop16,0.00,0.00,0.000,0.000,0.00
1777908616,loop17,0.00,0.00,0.000,0.000,0.00
1777908616,loop18,0.00,0.00,0.000,0.000,0.00
1777908616,loop19,0.00,0.00,0.000,0.000,0.00
1777908616,loop2,0.00,0.00,0.000,0.000,0.00
1777908616,loop20,0.00,0.00,0.000,0.000,0.00
1777908616,loop21,0.00,0.00,0.000,0.000,0.00
1777908616,loop22,0.00,0.00,0.000,0.000,0.00
1777908616,loop23,0.00,0.00,0.000,0.000,0.00
1777908616,loop24,0.00,0.00,0.000,0.000,0.00
1777908616,loop25,0.00,0.00,0.000,0.000,0.00
1777908616,loop26,0.00,0.00,0.000,0.000,0.00
1777908616,loop27,0.00,0.00,0.000,0.000,0.00
1777908616,loop28,0.00,0.00,0.000,0.000,0.00
1777908616,loop29,0.00,0.00,0.000,0.000,0.00
1777908616,loop3,0.00,0.00,0.000,0.000,0.00
1777908616,loop30,0.00,0.00,0.000,0.000,0.00
1777908616,loop31,0.00,0.00,0.000,0.000,0.00
1777908616,loop32,0.00,0.00,0.000,0.000,0.00
1777908616,loop33,0.00,0.00,0.000,0.000,0.00
1777908616,loop34,0.00,0.00,0.000,0.000,0.00
1777908616,loop35,0.00,0.00,0.000,0.000,0.00
1777908616,loop36,0.00,0.00,0.000,0.000,0.00
1777908616,loop37,0.00,0.00,0.000,0.000,0.00
1777908616,loop38,0.00,0.00,0.000,0.000,0.00
1777908616,loop39,0.00,0.00,0.000,0.000,0.00
1777908616,loop4,0.00,0.00,0.000,0.000,0.00
1777908616,loop40,0.00,0.00,0.000,0.000,0.00
1777908616,loop5,0.00,0.00,0.000,0.000,0.00
1777908616,loop6,0.00,0.00,0.000,0.000,0.00
1777908616,loop7,0.00,0.00,0.000,0.000,0.00
1777908616,loop8,0.00,0.00,0.000,0.000,0.00
1777908616,loop9,0.00,0.00,0.000,0.000,0.00
1777908616,nvme0n1,0.00,0.00,0.000,0.000,0.00
1777908617,loop0,0.00,0.00,0.000,0.000,0.00
1777908617,loop1,0.00,0.00,0.000,0.000,0.00
1777908617,loop10,0.00,0.00,0.000,0.000,0.00
1777908617,loop11,0.00,0.00,0.000,0.000,0.00
1777908617,loop12,0.00,0.00,0.000,0.000,0.00
1777908617,loop13,0.00,0.00,0.000,0.000,0.00
1777908617,loop14,0.00,0.00,0.000,0.000,0.00
1777908617,loop15,0.00,0.00,0.000,0.000,0.00
1777908617,loop16,0.00,0.00,0.000,0.000,0.00
1777908617,loop17,0.00,0.00,0.000,0.000,0.00
1777908617,loop18,0.00,0.00,0.000,0.000,0.00
1777908617,loop19,0.00,0.00,0.000,0.000,0.00
1777908617,loop2,0.00,0.00,0.000,0.000,0.00
1777908617,loop20,0.00,0.00,0.000,0.000,0.00
1777908617,loop21,0.00,0.00,0.000,0.000,0.00
1777908617,loop22,0.00,0.00,0.000,0.000,0.00
1777908617,loop23,0.00,0.00,0.000,0.000,0.00
1777908617,loop24,0.00,0.00,0.000,0.000,0.00
1777908617,loop25,0.00,0.00,0.000,0.000,0.00
1777908617,loop26,0.00,0.00,0.000,0.000,0.00
1777908617,loop27,0.00,0.00,0.000,0.000,0.00
1777908617,loop28,0.00,0.00,0.000,0.000,0.00
1777908617,loop29,0.00,0.00,0.000,0.000,0.00
1777908617,loop3,0.00,0.00,0.000,0.000,0.00
1777908617,loop30,0.00,0.00,0.000,0.000,0.00
1777908617,loop31,0.00,0.00,0.000,0.000,0.00
1777908617,loop32,0.00,0.00,0.000,0.000,0.00
1777908617,loop33,0.00,0.00,0.000,0.000,0.00
1777908617,loop34,0.00,0.00,0.000,0.000,0.00
1777908617,loop35,0.00,0.00,0.000,0.000,0.00
1777908617,loop36,0.00,0.00,0.000,0.000,0.00
1777908617,loop37,0.00,0.00,0.000,0.000,0.00
1777908617,loop38,0.00,0.00,0.000,0.000,0.00
1777908617,loop39,0.00,0.00,0.000,0.000,0.00
1777908617,loop4,0.00,0.00,0.000,0.000,0.00
1777908617,loop40,0.00,0.00,0.000,0.000,0.00
1777908617,loop5,0.00,0.00,0.000,0.000,0.00
1777908617,loop6,0.00,0.00,0.000,0.000,0.00
1777908617,loop7,0.00,0.00,0.000,0.000,0.00
1777908617,loop8,0.00,0.00,0.000,0.000,0.00
1777908617,loop9,0.00,0.00,0.000,0.000,0.00
1777908617,nvme0n1,0.00,0.00,0.000,0.000,0.00
1777908618,loop0,0.00,0.00,0.000,0.000,0.00
1777908618,loop1,0.00,0.00,0.000,0.000,0.00
1777908618,loop10,0.00,0.00,0.000,0.000,0.00
1777908618,loop11,0.00,0.00,0.000,0.000,0.00
1777908618,loop12,0.00,0.00,0.000,0.000,0.00
1777908618,loop13,0.00,0.00,0.000,0.000,0.00
1777908618,loop14,0.00,0.00,0.000,0.000,0.00
1777908618,loop15,0.00,0.00,0.000,0.000,0.00
1777908618,loop16,0.00,0.00,0.000,0.000,0.00
1777908618,loop17,0.00,0.00,0.000,0.000,0.00
1777908618,loop18,0.00,0.00,0.000,0.000,0.00
1777908618,loop19,0.00,0.00,0.000,0.000,0.00
1777908618,loop2,0.00,0.00,0.000,0.000,0.00
1777908618,loop20,0.00,0.00,0.000,0.000,0.00
1777908618,loop21,0.00,0.00,0.000,0.000,0.00
1777908618,loop22,0.00,0.00,0.000,0.000,0.00
1777908618,loop23,0.00,0.00,0.000,0.000,0.00
1777908618,loop24,0.00,0.00,0.000,0.000,0.00
1777908618,loop25,0.00,0.00,0.000,0.000,0.00
1777908618,loop26,0.00,0.00,0.000,0.000,0.00
1777908618,loop27,0.00,0.00,0.000,0.000,0.00
1777908618,loop28,0.00,0.00,0.000,0.000,0.00
1777908618,loop29,0.00,0.00,0.000,0.000,0.00
1777908618,loop3,0.00,0.00,0.000,0.000,0.00
1777908618,loop30,0.00,0.00,0.000,0.000,0.00
1777908618,loop31,0.00,0.00,0.000,0.000,0.00
1777908618,loop32,0.00,0.00,0.000,0.000,0.00
1777908618,loop33,0.00,0.00,0.000,0.000,0.00
1777908618,loop34,0.00,0.00,0.000,0.000,0.00
1777908618,loop35,0.00,0.00,0.000,0.000,0.00
1777908618,loop36,0.00,0.00,0.000,0.000,0.00
1777908618,loop37,0.00,0.00,0.000,0.000,0.00
1777908618,loop38,0.00,0.00,0.000,0.000,0.00
1777908618,loop39,0.00,0.00,0.000,0.000,0.00
1777908618,loop4,0.00,0.00,0.000,0.000,0.00
1777908618,loop40,0.00,0.00,0.000,0.000,0.00
1777908618,loop5,0.00,0.00,0.000,0.000,0.00
1777908618,loop6,0.00,0.00,0.000,0.000,0.00
1777908618,loop7,0.00,0.00,0.000,0.000,0.00
1777908618,loop8,0.00,0.00,0.000,0.000,0.00
1777908618,loop9,0.00,0.00,0.000,0.000,0.00
1777908618,nvme0n1,0.00,0.00,0.000,0.000,5.30
1777908619,loop0,0.00,0.00,0.000,0.000,0.00
1777908619,loop1,0.00,0.00,0.000,0.000,0.00
1777908619,loop10,0.00,0.00,0.000,0.000,0.00
1777908619,loop11,0.00,0.00,0.000,0.000,0.00
1777908619,loop12,0.00,0.00,0.000,0.000,0.00
1777908619,loop13,0.00,0.00,0.000,0.000,0.00
1777908619,loop14,0.00,0.00,0.000,0.000,0.00
1777908619,loop15,0.00,0.00,0.000,0.000,0.00
1777908619,loop16,0.00,0.00,0.000,0.000,0.00
1777908619,loop17,0.00,0.00,0.000,0.000,0.00
1777908619,loop18,0.00,0.00,0.000,0.000,0.00
1777908619,loop19,0.00,0.00,0.000,0.000,0.00
1777908619,loop2,0.00,0.00,0.000,0.000,0.00
1777908619,loop20,0.00,0.00,0.000,0.000,0.00
1777908619,loop21,0.00,0.00,0.000,0.000,0.00
1777908619,loop22,0.00,0.00,0.000,0.000,0.00
1777908619,loop23,0.00,0.00,0.000,0.000,0.00
1777908619,loop24,0.00,0.00,0.000,0.000,0.00
1777908619,loop25,0.00,0.00,0.000,0.000,0.00
1777908619,loop26,0.00,0.00,0.000,0.000,0.00
1777908619,loop27,0.00,0.00,0.000,0.000,0.00
1777908619,loop28,0.00,0.00,0.000,0.000,0.00
1777908619,loop29,0.00,0.00,0.000,0.000,0.00
1777908619,loop3,0.00,0.00,0.000,0.000,0.00
1777908619,loop30,0.00,0.00,0.000,0.000,0.00
1777908619,loop31,0.00,0.00,0.000,0.000,0.00
1777908619,loop32,0.00,0.00,0.000,0.000,0.00
1777908619,loop33,0.00,0.00,0.000,0.000,0.00
1777908619,loop34,0.00,0.00,0.000,0.000,0.00
1777908619,loop35,0.00,0.00,0.000,0.000,0.00
1777908619,loop36,0.00,0.00,0.000,0.000,0.00
1777908619,loop37,0.00,0.00,0.000,0.000,0.00
1777908619,loop38,0.00,0.00,0.000,0.000,0.00
1777908619,loop39,0.00,0.00,0.000,0.000,0.00
1777908619,loop4,0.00,0.00,0.000,0.000,0.00
1777908619,loop40,0.00,0.00,0.000,0.000,0.00
1777908619,loop5,0.00,0.00,0.000,0.000,0.00
1777908619,loop6,0.00,0.00,0.000,0.000,0.00
1777908619,loop7,0.00,0.00,0.000,0.000,0.00
1777908619,loop8,0.00,0.00,0.000,0.000,0.00
1777908619,loop9,0.00,0.00,0.000,0.000,0.00
1777908619,nvme0n1,0.00,0.00,0.000,0.000,0.00
1777908620,loop0,0.00,0.00,0.000,0.000,0.00
1777908620,loop1,0.00,0.00,0.000,0.000,0.00
1777908620,loop10,0.00,0.00,0.000,0.000,0.00
1777908620,loop11,0.00,0.00,0.000,0.000,0.00
1777908620,loop12,0.00,0.00,0.000,0.000,0.00
1777908620,loop13,0.00,0.00,0.000,0.000,0.00
1777908620,loop14,0.00,0.00,0.000,0.000,0.00
1777908620,loop15,0.00,0.00,0.000,0.000,0.00
1777908620,loop16,0.00,0.00,0.000,0.000,0.00
1777908620,loop17,0.00,0.00,0.000,0.000,0.00
1777908620,loop18,0.00,0.00,0.000,0.000,0.00
1777908620,loop19,0.00,0.00,0.000,0.000,0.00
1777908620,loop2,0.00,0.00,0.000,0.000,0.00
1777908620,loop20,0.00,0.00,0.000,0.000,0.00
1777908620,loop21,0.00,0.00,0.000,0.000,0.00
1777908620,loop22,0.00,0.00,0.000,0.000,0.00
1777908620,loop23,0.00,0.00,0.000,0.000,0.00
1777908620,loop24,0.00,0.00,0.000,0.000,0.00
1777908620,loop25,0.00,0.00,0.000,0.000,0.00
1777908620,loop26,0.00,0.00,0.000,0.000,0.00
1777908620,loop27,0.00,0.00,0.000,0.000,0.00
1777908620,loop28,0.00,0.00,0.000,0.000,0.00
1777908620,loop29,0.00,0.00,0.000,0.000,0.00
1777908620,loop3,0.00,0.00,0.000,0.000,0.00
1777908620,loop30,0.00,0.00,0.000,0.000,0.00
1777908620,loop31,0.00,0.00,0.000,0.000,0.00
1777908620,loop32,0.00,0.00,0.000,0.000,0.00
1777908620,loop33,0.00,0.00,0.000,0.000,0.00
1777908620,loop34,0.00,0.00,0.000,0.000,0.00
1777908620,loop35,0.00,0.00,0.000,0.000,0.00
1777908620,loop36,0.00,0.00,0.000,0.000,0.00
1777908620,loop37,0.00,0.00,0.000,0.000,0.00
1777908620,loop38,0.00,0.00,0.000,0.000,0.00
1777908620,loop39,0.00,0.00,0.000,0.000,0.00
1777908620,loop4,0.00,0.00,0.000,0.000,0.00
1777908620,loop40,0.00,0.00,0.000,0.000,0.00
1777908620,loop5,0.00,0.00,0.000,0.000,0.00
1777908620,loop6,0.00,0.00,0.000,0.000,0.00
1777908620,loop7,0.00,0.00,0.000,0.000,0.00
1777908620,loop8,0.00,0.00,0.000,0.000,0.00
1777908620,loop9,0.00,0.00,0.000,0.000,0.00
1777908620,nvme0n1,0.00,0.00,0.000,0.000,0.60
1777908621,loop0,0.00,0.00,0.000,0.000,0.00
1777908621,loop1,0.00,0.00,0.000,0.000,0.00
1777908621,loop10,0.00,0.00,0.000,0.000,0.00
1777908621,loop11,0.00,0.00,0.000,0.000,0.00
1777908621,loop12,0.00,0.00,0.000,0.000,0.00
1777908621,loop13,0.00,0.00,0.000,0.000,0.00
1777908621,loop14,0.00,0.00,0.000,0.000,0.00
1777908621,loop15,0.00,0.00,0.000,0.000,0.00
1777908621,loop16,0.00,0.00,0.000,0.000,0.00
1777908621,loop17,0.00,0.00,0.000,0.000,0.00
1777908621,loop18,0.00,0.00,0.000,0.000,0.00
1777908621,loop19,0.00,0.00,0.000,0.000,0.00
1777908621,loop2,0.00,0.00,0.000,0.000,0.00
1777908621,loop20,0.00,0.00,0.000,0.000,0.00
1777908621,loop21,0.00,0.00,0.000,0.000,0.00
1777908621,loop22,0.00,0.00,0.000,0.000,0.00
1777908621,loop23,0.00,0.00,0.000,0.000,0.00
1777908621,loop24,0.00,0.00,0.000,0.000,0.00
1777908621,loop25,0.00,0.00,0.000,0.000,0.00
1777908621,loop26,0.00,0.00,0.000,0.000,0.00
1777908621,loop27,0.00,0.00,0.000,0.000,0.00
1777908621,loop28,0.00,0.00,0.000,0.000,0.00
1777908621,loop29,0.00,0.00,0.000,0.000,0.00
1777908621,loop3,0.00,0.00,0.000,0.000,0.00
1777908621,loop30,0.00,0.00,0.000,0.000,0.00
1777908621,loop31,0.00,0.00,0.000,0.000,0.00
1777908621,loop32,0.00,0.00,0.000,0.000,0.00
1777908621,loop33,0.00,0.00,0.000,0.000,0.00
1777908621,loop34,0.00,0.00,0.000,0.000,0.00
1777908621,loop35,0.00,0.00,0.000,0.000,0.00
1777908621,loop36,0.00,0.00,0.000,0.000,0.00
1777908621,loop37,0.00,0.00,0.000,0.000,0.00
1777908621,loop38,0.00,0.00,0.000,0.000,0.00
1777908621,loop39,0.00,0.00,0.000,0.000,0.00
1777908621,loop4,0.00,0.00,0.000,0.000,0.00
1777908621,loop40,0.00,0.00,0.000,0.000,0.00
1777908621,loop5,0.00,0.00,0.000,0.000,0.00
1777908621,loop6,0.00,0.00,0.000,0.000,0.00
1777908621,loop7,0.00,0.00,0.000,0.000,0.00
1777908621,loop8,0.00,0.00,0.000,0.000,0.00
1777908621,loop9,0.00,0.00,0.000,0.000,0.00
1777908621,nvme0n1,0.00,0.00,0.000,0.000,0.00
1777908622,loop0,0.00,0.00,0.000,0.000,0.00
1777908622,loop1,0.00,0.00,0.000,0.000,0.00
1777908622,loop10,0.00,0.00,0.000,0.000,0.00
1777908622,loop11,0.00,0.00,0.000,0.000,0.00
1777908622,loop12,0.00,0.00,0.000,0.000,0.00
1777908622,loop13,0.00,0.00,0.000,0.000,0.00
1777908622,loop14,0.00,0.00,0.000,0.000,0.00
1777908622,loop15,0.00,0.00,0.000,0.000,0.00
1777908622,loop16,0.00,0.00,0.000,0.000,0.00
1777908622,loop17,0.00,0.00,0.000,0.000,0.00
1777908622,loop18,0.00,0.00,0.000,0.000,0.00
1777908622,loop19,0.00,0.00,0.000,0.000,0.00
1777908622,loop2,0.00,0.00,0.000,0.000,0.00
1777908622,loop20,0.00,0.00,0.000,0.000,0.00
1777908622,loop21,0.00,0.00,0.000,0.000,0.00
1777908622,loop22,0.00,0.00,0.000,0.000,0.00
1777908622,loop23,0.00,0.00,0.000,0.000,0.00
1777908622,loop24,0.00,0.00,0.000,0.000,0.00
1777908622,loop25,0.00,0.00,0.000,0.000,0.00
1777908622,loop26,0.00,0.00,0.000,0.000,0.00
1777908622,loop27,0.00,0.00,0.000,0.000,0.00
1777908622,loop28,0.00,0.00,0.000,0.000,0.00
1777908622,loop29,0.00,0.00,0.000,0.000,0.00
1777908622,loop3,0.00,0.00,0.000,0.000,0.00
1777908622,loop30,0.00,0.00,0.000,0.000,0.00
1777908622,loop31,0.00,0.00,0.000,0.000,0.00
1777908622,loop32,0.00,0.00,0.000,0.000,0.00
1777908622,loop33,0.00,0.00,0.000,0.000,0.00
1777908622,loop34,0.00,0.00,0.000,0.000,0.00
1777908622,loop35,0.00,0.00,0.000,0.000,0.00
1777908622,loop36,0.00,0.00,0.000,0.000,0.00
1777908622,loop37,0.00,0.00,0.000,0.000,0.00
1777908622,loop38,0.00,0.00,0.000,0.000,0.00
1777908622,loop39,0.00,0.00,0.000,0.000,0.00
1777908622,loop4,0.00,0.00,0.000,0.000,0.00
1777908622,loop40,0.00,0.00,0.000,0.000,0.00
1777908622,loop5,0.00,0.00,0.000,0.000,0.00
1777908622,loop6,0.00,0.00,0.000,0.000,0.00
1777908622,loop7,0.00,0.00,0.000,0.000,0.00
1777908622,loop8,0.00,0.00,0.000,0.000,0.00
1777908622,loop9,0.00,0.00,0.000,0.000,0.00
1777908622,nvme0n1,0.00,0.00,0.000,0.000,0.00
1777908623,loop0,0.00,0.00,0.000,0.000,0.00
1777908623,loop1,0.00,0.00,0.000,0.000,0.00
1777908623,loop10,0.00,0.00,0.000,0.000,0.00
1777908623,loop11,0.00,0.00,0.000,0.000,0.00
1777908623,loop12,0.00,0.00,0.000,0.000,0.00
1777908623,loop13,0.00,0.00,0.000,0.000,0.00
1777908623,loop14,0.00,0.00,0.000,0.000,0.00
1777908623,loop15,0.00,0.00,0.000,0.000,0.00
1777908623,loop16,0.00,0.00,0.000,0.000,0.00
1777908623,loop17,0.00,0.00,0.000,0.000,0.00
1777908623,loop18,0.00,0.00,0.000,0.000,0.00
1777908623,loop19,0.00,0.00,0.000,0.000,0.00
1777908623,loop2,0.00,0.00,0.000,0.000,0.00
1777908623,loop20,0.00,0.00,0.000,0.000,0.00
1777908623,loop21,0.00,0.00,0.000,0.000,0.00
1777908623,loop22,0.00,0.00,0.000,0.000,0.00
1777908623,loop23,0.00,0.00,0.000,0.000,0.00
1777908623,loop24,0.00,0.00,0.000,0.000,0.00
1777908623,loop25,0.00,0.00,0.000,0.000,0.00
1777908623,loop26,0.00,0.00,0.000,0.000,0.00
1777908623,loop27,0.00,0.00,0.000,0.000,0.00
1777908623,loop28,0.00,0.00,0.000,0.000,0.00
1777908623,loop29,0.00,0.00,0.000,0.000,0.00
1777908623,loop3,0.00,0.00,0.000,0.000,0.00
1777908623,loop30,0.00,0.00,0.000,0.000,0.00
1777908623,loop31,0.00,0.00,0.000,0.000,0.00
1777908623,loop32,0.00,0.00,0.000,0.000,0.00
1777908623,loop33,0.00,0.00,0.000,0.000,0.00
1777908623,loop34,0.00,0.00,0.000,0.000,0.00
1777908623,loop35,0.00,0.00,0.000,0.000,0.00
1777908623,loop36,0.00,0.00,0.000,0.000,0.00
1777908623,loop37,0.00,0.00,0.000,0.000,0.00
1777908623,loop38,0.00,0.00,0.000,0.000,0.00
1777908623,loop39,0.00,0.00,0.000,0.000,0.00
1777908623,loop4,0.00,0.00,0.000,0.000,0.00
1777908623,loop40,0.00,0.00,0.000,0.000,0.00
1777908623,loop5,0.00,0.00,0.000,0.000,0.00
1777908623,loop6,0.00,0.00,0.000,0.000,0.00
1777908623,loop7,0.00,0.00,0.000,0.000,0.00
1777908623,loop8,0.00,0.00,0.000,0.000,0.00
1777908623,loop9,0.00,0.00,0.000,0.000,0.00
1777908623,nvme0n1,0.00,0.00,0.000,0.000,2.10
1777908624,loop0,0.00,0.00,0.000,0.000,0.00
1777908624,loop1,0.00,0.00,0.000,0.000,0.00
1777908624,loop10,0.00,0.00,0.000,0.000,0.00
1777908624,loop11,0.00,0.00,0.000,0.000,0.00
1777908624,loop12,0.00,0.00,0.000,0.000,0.00
1777908624,loop13,0.00,0.00,0.000,0.000,0.00
1777908624,loop14,0.00,0.00,0.000,0.000,0.00
1777908624,loop15,0.00,0.00,0.000,0.000,0.00
1777908624,loop16,0.00,0.00,0.000,0.000,0.00
1777908624,loop17,0.00,0.00,0.000,0.000,0.00
1777908624,loop18,0.00,0.00,0.000,0.000,0.00
1777908624,loop19,0.00,0.00,0.000,0.000,0.00
1777908624,loop2,0.00,0.00,0.000,0.000,0.00
1777908624,loop20,0.00,0.00,0.000,0.000,0.00
1777908624,loop21,0.00,0.00,0.000,0.000,0.00
1777908624,loop22,0.00,0.00,0.000,0.000,0.00
1777908624,loop23,0.00,0.00,0.000,0.000,0.00
1777908624,loop24,0.00,0.00,0.000,0.000,0.00
1777908624,loop25,0.00,0.00,0.000,0.000,0.00
1777908624,loop26,0.00,0.00,0.000,0.000,0.00
1777908624,loop27,0.00,0.00,0.000,0.000,0.00
1777908624,loop28,0.00,0.00,0.000,0.000,0.00
1777908624,loop29,0.00,0.00,0.000,0.000,0.00
1777908624,loop3,0.00,0.00,0.000,0.000,0.00
1777908624,loop30,0.00,0.00,0.000,0.000,0.00
1777908624,loop31,0.00,0.00,0.000,0.000,0.00
1777908624,loop32,0.00,0.00,0.000,0.000,0.00
1777908624,loop33,0.00,0.00,0.000,0.000,0.00
1777908624,loop34,0.00,0.00,0.000,0.000,0.00
1777908624,loop35,0.00,0.00,0.000,0.000,0.00
1777908624,loop36,0.00,0.00,0.000,0.000,0.00
1777908624,loop37,0.00,0.00,0.000,0.000,0.00
1777908624,loop38,0.00,0.00,0.000,0.000,0.00
1777908624,loop39,0.00,0.00,0.000,0.000,0.00
1777908624,loop4,0.00,0.00,0.000,0.000,0.00
1777908624,loop40,0.00,0.00,0.000,0.000,0.00
1777908624,loop5,0.00,0.00,0.000,0.000,0.00
1777908624,loop6,0.00,0.00,0.000,0.000,0.00
1777908624,loop7,0.00,0.00,0.000,0.000,0.00
1777908624,loop8,0.00,0.00,0.000,0.000,0.00
1777908624,loop9,0.00,0.00,0.000,0.000,0.00
1777908624,nvme0n1,0.00,0.00,0.000,0.000,0.00
1777908625,loop0,0.00,0.00,0.000,0.000,0.00
1777908625,loop1,0.00,0.00,0.000,0.000,0.00
1777908625,loop10,0.00,0.00,0.000,0.000,0.00
1777908625,loop11,0.00,0.00,0.000,0.000,0.00
1777908625,loop12,0.00,0.00,0.000,0.000,0.00
1777908625,loop13,0.00,0.00,0.000,0.000,0.00
1777908625,loop14,0.00,0.00,0.000,0.000,0.00
1777908625,loop15,0.00,0.00,0.000,0.000,0.00
1777908625,loop16,0.00,0.00,0.000,0.000,0.00
1777908625,loop17,0.00,0.00,0.000,0.000,0.00
1777908625,loop18,0.00,0.00,0.000,0.000,0.00
1777908625,loop19,0.00,0.00,0.000,0.000,0.00
1777908625,loop2,0.00,0.00,0.000,0.000,0.00
1777908625,loop20,0.00,0.00,0.000,0.000,0.00
1777908625,loop21,0.00,0.00,0.000,0.000,0.00
1777908625,loop22,0.00,0.00,0.000,0.000,0.00
1777908625,loop23,0.00,0.00,0.000,0.000,0.00
1777908625,loop24,0.00,0.00,0.000,0.000,0.00
1777908625,loop25,0.00,0.00,0.000,0.000,0.00
1777908625,loop26,0.00,0.00,0.000,0.000,0.00
1777908625,loop27,0.00,0.00,0.000,0.000,0.00
1777908625,loop28,0.00,0.00,0.000,0.000,0.00
1777908625,loop29,0.00,0.00,0.000,0.000,0.00
1777908625,loop3,0.00,0.00,0.000,0.000,0.00
1777908625,loop30,0.00,0.00,0.000,0.000,0.00
1777908625,loop31,0.00,0.00,0.000,0.000,0.00
1777908625,loop32,0.00,0.00,0.000,0.000,0.00
1777908625,loop33,0.00,0.00,0.000,0.000,0.00
1777908625,loop34,0.00,0.00,0.000,0.000,0.00
1777908625,loop35,0.00,0.00,0.000,0.000,0.00
1777908625,loop36,0.00,0.00,0.000,0.000,0.00
1777908625,loop37,0.00,0.00,0.000,0.000,0.00
1777908625,loop38,0.00,0.00,0.000,0.000,0.00
1777908625,loop39,0.00,0.00,0.000,0.000,0.00
1777908625,loop4,0.00,0.00,0.000,0.000,0.00
1777908625,loop40,0.00,0.00,0.000,0.000,0.00
1777908625,loop5,0.00,0.00,0.000,0.000,0.00
1777908625,loop6,0.00,0.00,0.000,0.000,0.00
1777908625,loop7,0.00,0.00,0.000,0.000,0.00
1777908625,loop8,0.00,0.00,0.000,0.000,0.00
1777908625,loop9,0.00,0.00,0.000,0.000,0.00
1777908625,nvme0n1,0.00,0.00,0.000,0.000,0.20
1777908626,loop0,0.00,0.00,0.000,0.000,0.00
1777908626,loop1,0.00,0.00,0.000,0.000,0.00
1777908626,loop10,0.00,0.00,0.000,0.000,0.00
1777908626,loop11,0.00,0.00,0.000,0.000,0.00
1777908626,loop12,0.00,0.00,0.000,0.000,0.00
1777908626,loop13,0.00,0.00,0.000,0.000,0.00
1777908626,loop14,0.00,0.00,0.000,0.000,0.00
1777908626,loop15,0.00,0.00,0.000,0.000,0.00
1777908626,loop16,0.00,0.00,0.000,0.000,0.00
1777908626,loop17,0.00,0.00,0.000,0.000,0.00
1777908626,loop18,0.00,0.00,0.000,0.000,0.00
1777908626,loop19,0.00,0.00,0.000,0.000,0.00
1777908626,loop2,0.00,0.00,0.000,0.000,0.00
1777908626,loop20,0.00,0.00,0.000,0.000,0.00
1777908626,loop21,0.00,0.00,0.000,0.000,0.00
1777908626,loop22,0.00,0.00,0.000,0.000,0.00
1777908626,loop23,0.00,0.00,0.000,0.000,0.00
1777908626,loop24,0.00,0.00,0.000,0.000,0.00
1777908626,loop25,0.00,0.00,0.000,0.000,0.00
1777908626,loop26,0.00,0.00,0.000,0.000,0.00
1777908626,loop27,0.00,0.00,0.000,0.000,0.00
1777908626,loop28,0.00,0.00,0.000,0.000,0.00
1777908626,loop29,0.00,0.00,0.000,0.000,0.00
1777908626,loop3,0.00,0.00,0.000,0.000,0.00
1777908626,loop30,0.00,0.00,0.000,0.000,0.00
1777908626,loop31,0.00,0.00,0.000,0.000,0.00
1777908626,loop32,0.00,0.00,0.000,0.000,0.00
1777908626,loop33,0.00,0.00,0.000,0.000,0.00
1777908626,loop34,0.00,0.00,0.000,0.000,0.00
1777908626,loop35,0.00,0.00,0.000,0.000,0.00
1777908626,loop36,0.00,0.00,0.000,0.000,0.00
1777908626,loop37,0.00,0.00,0.000,0.000,0.00
1777908626,loop38,0.00,0.00,0.000,0.000,0.00
1777908626,loop39,0.00,0.00,0.000,0.000,0.00
1777908626,loop4,0.00,0.00,0.000,0.000,0.00
1777908626,loop40,0.00,0.00,0.000,0.000,0.00
1777908626,loop5,0.00,0.00,0.000,0.000,0.00
1777908626,loop6,0.00,0.00,0.000,0.000,0.00
1777908626,loop7,0.00,0.00,0.000,0.000,0.00
1777908626,loop8,0.00,0.00,0.000,0.000,0.00
1777908626,loop9,0.00,0.00,0.000,0.000,0.00
1777908626,nvme0n1,0.00,0.00,0.000,0.000,0.70
1777908627,loop0,0.00,0.00,0.000,0.000,0.00
1777908627,loop1,0.00,0.00,0.000,0.000,0.00
1777908627,loop10,0.00,0.00,0.000,0.000,0.00
1777908627,loop11,0.00,0.00,0.000,0.000,0.00
1777908627,loop12,0.00,0.00,0.000,0.000,0.00
1777908627,loop13,0.00,0.00,0.000,0.000,0.00
1777908627,loop14,0.00,0.00,0.000,0.000,0.00
1777908627,loop15,0.00,0.00,0.000,0.000,0.00
1777908627,loop16,0.00,0.00,0.000,0.000,0.00
1777908627,loop17,0.00,0.00,0.000,0.000,0.00
1777908627,loop18,0.00,0.00,0.000,0.000,0.00
1777908627,loop19,0.00,0.00,0.000,0.000,0.00
1777908627,loop2,0.00,0.00,0.000,0.000,0.00
1777908627,loop20,0.00,0.00,0.000,0.000,0.00
1777908627,loop21,0.00,0.00,0.000,0.000,0.00
1777908627,loop22,0.00,0.00,0.000,0.000,0.00
1777908627,loop23,0.00,0.00,0.000,0.000,0.00
1777908627,loop24,0.00,0.00,0.000,0.000,0.00
1777908627,loop25,0.00,0.00,0.000,0.000,0.00
1777908627,loop26,0.00,0.00,0.000,0.000,0.00
1777908627,loop27,0.00,0.00,0.000,0.000,0.00
1777908627,loop28,0.00,0.00,0.000,0.000,0.00
1777908627,loop29,0.00,0.00,0.000,0.000,0.00
1777908627,loop3,0.00,0.00,0.000,0.000,0.00
1777908627,loop30,0.00,0.00,0.000,0.000,0.00
1777908627,loop31,0.00,0.00,0.000,0.000,0.00
1777908627,loop32,0.00,0.00,0.000,0.000,0.00
1777908627,loop33,0.00,0.00,0.000,0.000,0.00
1777908627,loop34,0.00,0.00,0.000,0.000,0.00
1777908627,loop35,0.00,0.00,0.000,0.000,0.00
1777908627,loop36,0.00,0.00,0.000,0.000,0.00
1777908627,loop37,0.00,0.00,0.000,0.000,0.00
1777908627,loop38,0.00,0.00,0.000,0.000,0.00
1777908627,loop39,0.00,0.00,0.000,0.000,0.00
1777908627,loop4,0.00,0.00,0.000,0.000,0.00
1777908627,loop40,0.00,0.00,0.000,0.000,0.00
1777908627,loop5,0.00,0.00,0.000,0.000,0.00
1777908627,loop6,0.00,0.00,0.000,0.000,0.00
1777908627,loop7,0.00,0.00,0.000,0.000,0.00
1777908627,loop8,0.00,0.00,0.000,0.000,0.00
1777908627,loop9,0.00,0.00,0.000,0.000,0.00
1777908627,nvme0n1,0.00,0.00,0.000,0.000,0.00
1777908628,loop0,0.00,0.00,0.000,0.000,0.00
1777908628,loop1,0.00,0.00,0.000,0.000,0.00
1777908628,loop10,0.00,0.00,0.000,0.000,0.00
1777908628,loop11,0.00,0.00,0.000,0.000,0.00
1777908628,loop12,0.00,0.00,0.000,0.000,0.00
1777908628,loop13,0.00,0.00,0.000,0.000,0.00
1777908628,loop14,0.00,0.00,0.000,0.000,0.00
1777908628,loop15,0.00,0.00,0.000,0.000,0.00
1777908628,loop16,0.00,0.00,0.000,0.000,0.00
1777908628,loop17,0.00,0.00,0.000,0.000,0.00
1777908628,loop18,0.00,0.00,0.000,0.000,0.00
1777908628,loop19,0.00,0.00,0.000,0.000,0.00
1777908628,loop2,0.00,0.00,0.000,0.000,0.00
1777908628,loop20,0.00,0.00,0.000,0.000,0.00
1777908628,loop21,0.00,0.00,0.000,0.000,0.00
1777908628,loop22,0.00,0.00,0.000,0.000,0.00
1777908628,loop23,0.00,0.00,0.000,0.000,0.00
1777908628,loop24,0.00,0.00,0.000,0.000,0.00
1777908628,loop25,0.00,0.00,0.000,0.000,0.00
1777908628,loop26,0.00,0.00,0.000,0.000,0.00
1777908628,loop27,0.00,0.00,0.000,0.000,0.00
1777908628,loop28,0.00,0.00,0.000,0.000,0.00
1777908628,loop29,0.00,0.00,0.000,0.000,0.00
1777908628,loop3,0.00,0.00,0.000,0.000,0.00
1777908628,loop30,0.00,0.00,0.000,0.000,0.00
1777908628,loop31,0.00,0.00,0.000,0.000,0.00
1777908628,loop32,0.00,0.00,0.000,0.000,0.00
1777908628,loop33,0.00,0.00,0.000,0.000,0.00
1777908628,loop34,0.00,0.00,0.000,0.000,0.00
1777908628,loop35,0.00,0.00,0.000,0.000,0.00
1777908628,loop36,0.00,0.00,0.000,0.000,0.00
1777908628,loop37,0.00,0.00,0.000,0.000,0.00
1777908628,loop38,0.00,0.00,0.000,0.000,0.00
1777908628,loop39,0.00,0.00,0.000,0.000,0.00
1777908628,loop4,0.00,0.00,0.000,0.000,0.00
1777908628,loop40,0.00,0.00,0.000,0.000,0.00
1777908628,loop5,0.00,0.00,0.000,0.000,0.00
1777908628,loop6,0.00,0.00,0.000,0.000,0.00
1777908628,loop7,0.00,0.00,0.000,0.000,0.00
1777908628,loop8,0.00,0.00,0.000,0.000,0.00
1777908628,loop9,0.00,0.00,0.000,0.000,0.00
1777908628,nvme0n1,0.00,0.00,0.000,0.000,2.10
1777908629,loop0,0.00,0.00,0.000,0.000,0.00
1777908629,loop1,0.00,0.00,0.000,0.000,0.00
1777908629,loop10,0.00,0.00,0.000,0.000,0.00
1777908629,loop11,0.00,0.00,0.000,0.000,0.00
1777908629,loop12,0.00,0.00,0.000,0.000,0.00
1777908629,loop13,0.00,0.00,0.000,0.000,0.00
1777908629,loop14,0.00,0.00,0.000,0.000,0.00
1777908629,loop15,0.00,0.00,0.000,0.000,0.00
1777908629,loop16,0.00,0.00,0.000,0.000,0.00
1777908629,loop17,0.00,0.00,0.000,0.000,0.00
1777908629,loop18,0.00,0.00,0.000,0.000,0.00
1777908629,loop19,0.00,0.00,0.000,0.000,0.00
1777908629,loop2,0.00,0.00,0.000,0.000,0.00
1777908629,loop20,0.00,0.00,0.000,0.000,0.00
1777908629,loop21,0.00,0.00,0.000,0.000,0.00
1777908629,loop22,0.00,0.00,0.000,0.000,0.00
1777908629,loop23,0.00,0.00,0.000,0.000,0.00
1777908629,loop24,0.00,0.00,0.000,0.000,0.00
1777908629,loop25,0.00,0.00,0.000,0.000,0.00
1777908629,loop26,0.00,0.00,0.000,0.000,0.00
1777908629,loop27,0.00,0.00,0.000,0.000,0.00
1777908629,loop28,0.00,0.00,0.000,0.000,0.00
1777908629,loop29,0.00,0.00,0.000,0.000,0.00
1777908629,loop3,0.00,0.00,0.000,0.000,0.00
1777908629,loop30,0.00,0.00,0.000,0.000,0.00
1777908629,loop31,0.00,0.00,0.000,0.000,0.00
1777908629,loop32,0.00,0.00,0.000,0.000,0.00
1777908629,loop33,0.00,0.00,0.000,0.000,0.00
1777908629,loop34,0.00,0.00,0.000,0.000,0.00
1777908629,loop35,0.00,0.00,0.000,0.000,0.00
1777908629,loop36,0.00,0.00,0.000,0.000,0.00
1777908629,loop37,0.00,0.00,0.000,0.000,0.00
1777908629,loop38,0.00,0.00,0.000,0.000,0.00
1777908629,loop39,0.00,0.00,0.000,0.000,0.00
1777908629,loop4,0.00,0.00,0.000,0.000,0.00
1777908629,loop40,0.00,0.00,0.000,0.000,0.00
1777908629,loop5,0.00,0.00,0.000,0.000,0.00
1777908629,loop6,0.00,0.00,0.000,0.000,0.00
1777908629,loop7,0.00,0.00,0.000,0.000,0.00
1777908629,loop8,0.00,0.00,0.000,0.000,0.00
1777908629,loop9,0.00,0.00,0.000,0.000,0.00
1777908629,nvme0n1,0.00,0.00,0.000,0.000,0.00
1777908630,loop0,0.00,0.00,0.000,0.000,0.00
1777908630,loop1,0.00,0.00,0.000,0.000,0.00
1777908630,loop10,0.00,0.00,0.000,0.000,0.00
1777908630,loop11,0.00,0.00,0.000,0.000,0.00
1777908630,loop12,0.00,0.00,0.000,0.000,0.00
1777908630,loop13,0.00,0.00,0.000,0.000,0.00
1777908630,loop14,0.00,0.00,0.000,0.000,0.00
1777908630,loop15,0.00,0.00,0.000,0.000,0.00
1777908630,loop16,0.00,0.00,0.000,0.000,0.00
1777908630,loop17,0.00,0.00,0.000,0.000,0.00
1777908630,loop18,0.00,0.00,0.000,0.000,0.00
1777908630,loop19,0.00,0.00,0.000,0.000,0.00
1777908630,loop2,0.00,0.00,0.000,0.000,0.00
1777908630,loop20,0.00,0.00,0.000,0.000,0.00
1777908630,loop21,0.00,0.00,0.000,0.000,0.00
1777908630,loop22,0.00,0.00,0.000,0.000,0.00
1777908630,loop23,0.00,0.00,0.000,0.000,0.00
1777908630,loop24,0.00,0.00,0.000,0.000,0.00
1777908630,loop25,0.00,0.00,0.000,0.000,0.00
1777908630,loop26,0.00,0.00,0.000,0.000,0.00
1777908630,loop27,0.00,0.00,0.000,0.000,0.00
1777908630,loop28,0.00,0.00,0.000,0.000,0.00
1777908630,loop29,0.00,0.00,0.000,0.000,0.00
1777908630,loop3,0.00,0.00,0.000,0.000,0.00
1777908630,loop30,0.00,0.00,0.000,0.000,0.00
1777908630,loop31,0.00,0.00,0.000,0.000,0.00
1777908630,loop32,0.00,0.00,0.000,0.000,0.00
1777908630,loop33,0.00,0.00,0.000,0.000,0.00
1777908630,loop34,0.00,0.00,0.000,0.000,0.00
1777908630,loop35,0.00,0.00,0.000,0.000,0.00
1777908630,loop36,0.00,0.00,0.000,0.000,0.00
1777908630,loop37,0.00,0.00,0.000,0.000,0.00
1777908630,loop38,0.00,0.00,0.000,0.000,0.00
1777908630,loop39,0.00,0.00,0.000,0.000,0.00
1777908630,loop4,0.00,0.00,0.000,0.000,0.00
1777908630,loop40,0.00,0.00,0.000,0.000,0.00
1777908630,loop5,0.00,0.00,0.000,0.000,0.00
1777908630,loop6,0.00,0.00,0.000,0.000,0.00
1777908630,loop7,0.00,0.00,0.000,0.000,0.00
1777908630,loop8,0.00,0.00,0.000,0.000,0.00
1777908630,loop9,0.00,0.00,0.000,0.000,0.00
1777908630,nvme0n1,0.00,0.00,0.000,0.000,0.00
1777908631,loop0,0.00,0.00,0.000,0.000,0.00
1777908631,loop1,0.00,0.00,0.000,0.000,0.00
1777908631,loop10,0.00,0.00,0.000,0.000,0.00
1777908631,loop11,0.00,0.00,0.000,0.000,0.00
1777908631,loop12,0.00,0.00,0.000,0.000,0.00
1777908631,loop13,0.00,0.00,0.000,0.000,0.00
1777908631,loop14,0.00,0.00,0.000,0.000,0.00
1777908631,loop15,0.00,0.00,0.000,0.000,0.00
1777908631,loop16,0.00,0.00,0.000,0.000,0.00
1777908631,loop17,0.00,0.00,0.000,0.000,0.00
1777908631,loop18,0.00,0.00,0.000,0.000,0.00
1777908631,loop19,0.00,0.00,0.000,0.000,0.00
1777908631,loop2,0.00,0.00,0.000,0.000,0.00
1777908631,loop20,0.00,0.00,0.000,0.000,0.00
1777908631,loop21,0.00,0.00,0.000,0.000,0.00
1777908631,loop22,0.00,0.00,0.000,0.000,0.00
1777908631,loop23,0.00,0.00,0.000,0.000,0.00
1777908631,loop24,0.00,0.00,0.000,0.000,0.00
1777908631,loop25,0.00,0.00,0.000,0.000,0.00
1777908631,loop26,0.00,0.00,0.000,0.000,0.00
1777908631,loop27,0.00,0.00,0.000,0.000,0.00
1777908631,loop28,0.00,0.00,0.000,0.000,0.00
1777908631,loop29,0.00,0.00,0.000,0.000,0.00
1777908631,loop3,0.00,0.00,0.000,0.000,0.00
1777908631,loop30,0.00,0.00,0.000,0.000,0.00
1777908631,loop31,0.00,0.00,0.000,0.000,0.00
1777908631,loop32,0.00,0.00,0.000,0.000,0.00
1777908631,loop33,0.00,0.00,0.000,0.000,0.00
1777908631,loop34,0.00,0.00,0.000,0.000,0.00
1777908631,loop35,0.00,0.00,0.000,0.000,0.00
1777908631,loop36,0.00,0.00,0.000,0.000,0.00
1777908631,loop37,0.00,0.00,0.000,0.000,0.00
1777908631,loop38,0.00,0.00,0.000,0.000,0.00
1777908631,loop39,0.00,0.00,0.000,0.000,0.00
1777908631,loop4,0.00,0.00,0.000,0.000,0.00
1777908631,loop40,0.00,0.00,0.000,0.000,0.00
1777908631,loop5,0.00,0.00,0.000,0.000,0.00
1777908631,loop6,0.00,0.00,0.000,0.000,0.00
1777908631,loop7,0.00,0.00,0.000,0.000,0.00
1777908631,loop8,0.00,0.00,0.000,0.000,0.00
1777908631,loop9,0.00,0.00,0.000,0.000,0.00
1777908631,nvme0n1,0.00,0.00,0.000,0.000,0.00
1777908632,loop0,0.00,0.00,0.000,0.000,0.00
1777908632,loop1,0.00,0.00,0.000,0.000,0.00
1777908632,loop10,0.00,0.00,0.000,0.000,0.00
1777908632,loop11,0.00,0.00,0.000,0.000,0.00
1777908632,loop12,0.00,0.00,0.000,0.000,0.00
1777908632,loop13,0.00,0.00,0.000,0.000,0.00
1777908632,loop14,0.00,0.00,0.000,0.000,0.00
1777908632,loop15,0.00,0.00,0.000,0.000,0.00
1777908632,loop16,0.00,0.00,0.000,0.000,0.00
1777908632,loop17,0.00,0.00,0.000,0.000,0.00
1777908632,loop18,0.00,0.00,0.000,0.000,0.00
1777908632,loop19,0.00,0.00,0.000,0.000,0.00
1777908632,loop2,0.00,0.00,0.000,0.000,0.00
1777908632,loop20,0.00,0.00,0.000,0.000,0.00
1777908632,loop21,0.00,0.00,0.000,0.000,0.00
1777908632,loop22,0.00,0.00,0.000,0.000,0.00
1777908632,loop23,0.00,0.00,0.000,0.000,0.00
1777908632,loop24,0.00,0.00,0.000,0.000,0.00
1777908632,loop25,0.00,0.00,0.000,0.000,0.00
1777908632,loop26,0.00,0.00,0.000,0.000,0.00
1777908632,loop27,0.00,0.00,0.000,0.000,0.00
1777908632,loop28,0.00,0.00,0.000,0.000,0.00
1777908632,loop29,0.00,0.00,0.000,0.000,0.00
1777908632,loop3,0.00,0.00,0.000,0.000,0.00
1777908632,loop30,0.00,0.00,0.000,0.000,0.00
1777908632,loop31,0.00,0.00,0.000,0.000,0.00
1777908632,loop32,0.00,0.00,0.000,0.000,0.00
1777908632,loop33,0.00,0.00,0.000,0.000,0.00
1777908632,loop34,0.00,0.00,0.000,0.000,0.00
1777908632,loop35,0.00,0.00,0.000,0.000,0.00
1777908632,loop36,0.00,0.00,0.000,0.000,0.00
1777908632,loop37,0.00,0.00,0.000,0.000,0.00
1777908632,loop38,0.00,0.00,0.000,0.000,0.00
1777908632,loop39,0.00,0.00,0.000,0.000,0.00
1777908632,loop4,0.00,0.00,0.000,0.000,0.00
1777908632,loop40,0.00,0.00,0.000,0.000,0.00
1777908632,loop5,0.00,0.00,0.000,0.000,0.00
1777908632,loop6,0.00,0.00,0.000,0.000,0.00
1777908632,loop7,0.00,0.00,0.000,0.000,0.00
1777908632,loop8,0.00,0.00,0.000,0.000,0.00
1777908632,loop9,0.00,0.00,0.000,0.000,0.00
1777908632,nvme0n1,0.00,0.00,0.000,0.000,6.00
1777908633,loop0,0.00,0.00,0.000,0.000,0.00
1777908633,loop1,0.00,0.00,0.000,0.000,0.00
1777908633,loop10,0.00,0.00,0.000,0.000,0.00
1777908633,loop11,0.00,0.00,0.000,0.000,0.00
1777908633,loop12,0.00,0.00,0.000,0.000,0.00
1777908633,loop13,0.00,0.00,0.000,0.000,0.00
1777908633,loop14,0.00,0.00,0.000,0.000,0.00
1777908633,loop15,0.00,0.00,0.000,0.000,0.00
1777908633,loop16,0.00,0.00,0.000,0.000,0.00
1777908633,loop17,0.00,0.00,0.000,0.000,0.00
1777908633,loop18,0.00,0.00,0.000,0.000,0.00
1777908633,loop19,0.00,0.00,0.000,0.000,0.00
1777908633,loop2,0.00,0.00,0.000,0.000,0.00
1777908633,loop20,0.00,0.00,0.000,0.000,0.00
1777908633,loop21,0.00,0.00,0.000,0.000,0.00
1777908633,loop22,0.00,0.00,0.000,0.000,0.00
1777908633,loop23,0.00,0.00,0.000,0.000,0.00
1777908633,loop24,0.00,0.00,0.000,0.000,0.00
1777908633,loop25,0.00,0.00,0.000,0.000,0.00
1777908633,loop26,0.00,0.00,0.000,0.000,0.00
1777908633,loop27,0.00,0.00,0.000,0.000,0.00
1777908633,loop28,0.00,0.00,0.000,0.000,0.00
1777908633,loop29,0.00,0.00,0.000,0.000,0.00
1777908633,loop3,0.00,0.00,0.000,0.000,0.00
1777908633,loop30,0.00,0.00,0.000,0.000,0.00
1777908633,loop31,0.00,0.00,0.000,0.000,0.00
1777908633,loop32,0.00,0.00,0.000,0.000,0.00
1777908633,loop33,0.00,0.00,0.000,0.000,0.00
1777908633,loop34,0.00,0.00,0.000,0.000,0.00
1777908633,loop35,0.00,0.00,0.000,0.000,0.00
1777908633,loop36,0.00,0.00,0.000,0.000,0.00
1777908633,loop37,0.00,0.00,0.000,0.000,0.00
1777908633,loop38,0.00,0.00,0.000,0.000,0.00
1777908633,loop39,0.00,0.00,0.000,0.000,0.00
1777908633,loop4,0.00,0.00,0.000,0.000,0.00
1777908633,loop40,0.00,0.00,0.000,0.000,0.00
1777908633,loop5,0.00,0.00,0.000,0.000,0.00
1777908633,loop6,0.00,0.00,0.000,0.000,0.00
1777908633,loop7,0.00,0.00,0.000,0.000,0.00
1777908633,loop8,0.00,0.00,0.000,0.000,0.00
1777908633,loop9,0.00,0.00,0.000,0.000,0.00
1777908633,nvme0n1,0.00,0.00,0.000,0.000,0.10
1777908634,loop0,0.00,0.00,0.000,0.000,0.00
1777908634,loop1,0.00,0.00,0.000,0.000,0.00
1777908634,loop10,0.00,0.00,0.000,0.000,0.00
1777908634,loop11,0.00,0.00,0.000,0.000,0.00
1777908634,loop12,0.00,0.00,0.000,0.000,0.00
1777908634,loop13,0.00,0.00,0.000,0.000,0.00
1777908634,loop14,0.00,0.00,0.000,0.000,0.00
1777908634,loop15,0.00,0.00,0.000,0.000,0.00
1777908634,loop16,0.00,0.00,0.000,0.000,0.00
1777908634,loop17,0.00,0.00,0.000,0.000,0.00
1777908634,loop18,0.00,0.00,0.000,0.000,0.00
1777908634,loop19,0.00,0.00,0.000,0.000,0.00
1777908634,loop2,0.00,0.00,0.000,0.000,0.00
1777908634,loop20,0.00,0.00,0.000,0.000,0.00
1777908634,loop21,0.00,0.00,0.000,0.000,0.00
1777908634,loop22,0.00,0.00,0.000,0.000,0.00
1777908634,loop23,0.00,0.00,0.000,0.000,0.00
1777908634,loop24,0.00,0.00,0.000,0.000,0.00
1777908634,loop25,0.00,0.00,0.000,0.000,0.00
1777908634,loop26,0.00,0.00,0.000,0.000,0.00
1777908634,loop27,0.00,0.00,0.000,0.000,0.00
1777908634,loop28,0.00,0.00,0.000,0.000,0.00
1777908634,loop29,0.00,0.00,0.000,0.000,0.00
1777908634,loop3,0.00,0.00,0.000,0.000,0.00
1777908634,loop30,0.00,0.00,0.000,0.000,0.00
1777908634,loop31,0.00,0.00,0.000,0.000,0.00
1777908634,loop32,0.00,0.00,0.000,0.000,0.00
1777908634,loop33,0.00,0.00,0.000,0.000,0.00
1777908634,loop34,0.00,0.00,0.000,0.000,0.00
1777908634,loop35,0.00,0.00,0.000,0.000,0.00
1777908634,loop36,0.00,0.00,0.000,0.000,0.00
1777908634,loop37,0.00,0.00,0.000,0.000,0.00
1777908634,loop38,0.00,0.00,0.000,0.000,0.00
1777908634,loop39,0.00,0.00,0.000,0.000,0.00
1777908634,loop4,0.00,0.00,0.000,0.000,0.00
1777908634,loop40,0.00,0.00,0.000,0.000,0.00
1777908634,loop5,0.00,0.00,0.000,0.000,0.00
1777908634,loop6,0.00,0.00,0.000,0.000,0.00
1777908634,loop7,0.00,0.00,0.000,0.000,0.00
1777908634,loop8,0.00,0.00,0.000,0.000,0.00
1777908634,loop9,0.00,0.00,0.000,0.000,0.00
1777908634,nvme0n1,0.00,0.00,0.000,0.000,0.00
1777908635,loop0,0.00,0.00,0.000,0.000,0.00
1777908635,loop1,0.00,0.00,0.000,0.000,0.00
1777908635,loop10,0.00,0.00,0.000,0.000,0.00
1777908635,loop11,0.00,0.00,0.000,0.000,0.00
1777908635,loop12,0.00,0.00,0.000,0.000,0.00
1777908635,loop13,0.00,0.00,0.000,0.000,0.00
1777908635,loop14,0.00,0.00,0.000,0.000,0.00
1777908635,loop15,0.00,0.00,0.000,0.000,0.00
1777908635,loop16,0.00,0.00,0.000,0.000,0.00
1777908635,loop17,0.00,0.00,0.000,0.000,0.00
1777908635,loop18,0.00,0.00,0.000,0.000,0.00
1777908635,loop19,0.00,0.00,0.000,0.000,0.00
1777908635,loop2,0.00,0.00,0.000,0.000,0.00
1777908635,loop20,0.00,0.00,0.000,0.000,0.00
1777908635,loop21,0.00,0.00,0.000,0.000,0.00
1777908635,loop22,0.00,0.00,0.000,0.000,0.00
1777908635,loop23,0.00,0.00,0.000,0.000,0.00
1777908635,loop24,0.00,0.00,0.000,0.000,0.00
1777908635,loop25,0.00,0.00,0.000,0.000,0.00
1777908635,loop26,0.00,0.00,0.000,0.000,0.00
1777908635,loop27,0.00,0.00,0.000,0.000,0.00
1777908635,loop28,0.00,0.00,0.000,0.000,0.00
1777908635,loop29,0.00,0.00,0.000,0.000,0.00
1777908635,loop3,0.00,0.00,0.000,0.000,0.00
1777908635,loop30,0.00,0.00,0.000,0.000,0.00
1777908635,loop31,0.00,0.00,0.000,0.000,0.00
1777908635,loop32,0.00,0.00,0.000,0.000,0.00
1777908635,loop33,0.00,0.00,0.000,0.000,0.00
1777908635,loop34,0.00,0.00,0.000,0.000,0.00
1777908635,loop35,0.00,0.00,0.000,0.000,0.00
1777908635,loop36,0.00,0.00,0.000,0.000,0.00
1777908635,loop37,0.00,0.00,0.000,0.000,0.00
1777908635,loop38,0.00,0.00,0.000,0.000,0.00
1777908635,loop39,0.00,0.00,0.000,0.000,0.00
1777908635,loop4,0.00,0.00,0.000,0.000,0.00
1777908635,loop40,0.00,0.00,0.000,0.000,0.00
1777908635,loop5,0.00,0.00,0.000,0.000,0.00
1777908635,loop6,0.00,0.00,0.000,0.000,0.00
1777908635,loop7,0.00,0.00,0.000,0.000,0.00
1777908635,loop8,0.00,0.00,0.000,0.000,0.00
1777908635,loop9,0.00,0.00,0.000,0.000,0.00
1777908635,nvme0n1,0.00,0.00,0.000,0.000,0.00
1777908636,loop0,0.00,0.00,0.000,0.000,0.00
1777908636,loop1,0.00,0.00,0.000,0.000,0.00
1777908636,loop10,0.00,0.00,0.000,0.000,0.00
1777908636,loop11,0.00,0.00,0.000,0.000,0.00
1777908636,loop12,0.00,0.00,0.000,0.000,0.00
1777908636,loop13,0.00,0.00,0.000,0.000,0.00
1777908636,loop14,0.00,0.00,0.000,0.000,0.00
1777908636,loop15,0.00,0.00,0.000,0.000,0.00
1777908636,loop16,0.00,0.00,0.000,0.000,0.00
1777908636,loop17,0.00,0.00,0.000,0.000,0.00
1777908636,loop18,0.00,0.00,0.000,0.000,0.00
1777908636,loop19,0.00,0.00,0.000,0.000,0.00
1777908636,loop2,0.00,0.00,0.000,0.000,0.00
1777908636,loop20,0.00,0.00,0.000,0.000,0.00
1777908636,loop21,0.00,0.00,0.000,0.000,0.00
1777908636,loop22,0.00,0.00,0.000,0.000,0.00
1777908636,loop23,0.00,0.00,0.000,0.000,0.00
1777908636,loop24,0.00,0.00,0.000,0.000,0.00
1777908636,loop25,0.00,0.00,0.000,0.000,0.00
1777908636,loop26,0.00,0.00,0.000,0.000,0.00
1777908636,loop27,0.00,0.00,0.000,0.000,0.00
1777908636,loop28,0.00,0.00,0.000,0.000,0.00
1777908636,loop29,0.00,0.00,0.000,0.000,0.00
1777908636,loop3,0.00,0.00,0.000,0.000,0.00
1777908636,loop30,0.00,0.00,0.000,0.000,0.00
1777908636,loop31,0.00,0.00,0.000,0.000,0.00
1777908636,loop32,0.00,0.00,0.000,0.000,0.00
1777908636,loop33,0.00,0.00,0.000,0.000,0.00
1777908636,loop34,0.00,0.00,0.000,0.000,0.00
1777908636,loop35,0.00,0.00,0.000,0.000,0.00
1777908636,loop36,0.00,0.00,0.000,0.000,0.00
1777908636,loop37,0.00,0.00,0.000,0.000,0.00
1777908636,loop38,0.00,0.00,0.000,0.000,0.00
1777908636,loop39,0.00,0.00,0.000,0.000,0.00
1777908636,loop4,0.00,0.00,0.000,0.000,0.00
1777908636,loop40,0.00,0.00,0.000,0.000,0.00
1777908636,loop5,0.00,0.00,0.000,0.000,0.00
1777908636,loop6,0.00,0.00,0.000,0.000,0.00
1777908636,loop7,0.00,0.00,0.000,0.000,0.00
1777908636,loop8,0.00,0.00,0.000,0.000,0.00
1777908636,loop9,0.00,0.00,0.000,0.000,0.00
1777908636,nvme0n1,0.00,0.00,0.000,0.000,0.00
1777908637,loop0,0.00,0.00,0.000,0.000,0.00
1777908637,loop1,0.00,0.00,0.000,0.000,0.00
1777908637,loop10,0.00,0.00,0.000,0.000,0.00
1777908637,loop11,0.00,0.00,0.000,0.000,0.00
1777908637,loop12,0.00,0.00,0.000,0.000,0.00
1777908637,loop13,0.00,0.00,0.000,0.000,0.00
1777908637,loop14,0.00,0.00,0.000,0.000,0.00
1777908637,loop15,0.00,0.00,0.000,0.000,0.00
1777908637,loop16,0.00,0.00,0.000,0.000,0.00
1777908637,loop17,0.00,0.00,0.000,0.000,0.00
1777908637,loop18,0.00,0.00,0.000,0.000,0.00
1777908637,loop19,0.00,0.00,0.000,0.000,0.00
1777908637,loop2,0.00,0.00,0.000,0.000,0.00
1777908637,loop20,0.00,0.00,0.000,0.000,0.00
1777908637,loop21,0.00,0.00,0.000,0.000,0.00
1777908637,loop22,0.00,0.00,0.000,0.000,0.00
1777908637,loop23,0.00,0.00,0.000,0.000,0.00
1777908637,loop24,0.00,0.00,0.000,0.000,0.00
1777908637,loop25,0.00,0.00,0.000,0.000,0.00
1777908637,loop26,0.00,0.00,0.000,0.000,0.00
1777908637,loop27,0.00,0.00,0.000,0.000,0.00
1777908637,loop28,0.00,0.00,0.000,0.000,0.00
1777908637,loop29,0.00,0.00,0.000,0.000,0.00
1777908637,loop3,0.00,0.00,0.000,0.000,0.00
1777908637,loop30,0.00,0.00,0.000,0.000,0.00
1777908637,loop31,0.00,0.00,0.000,0.000,0.00
1777908637,loop32,0.00,0.00,0.000,0.000,0.00
1777908637,loop33,0.00,0.00,0.000,0.000,0.00
1777908637,loop34,0.00,0.00,0.000,0.000,0.00
1777908637,loop35,0.00,0.00,0.000,0.000,0.00
1777908637,loop36,0.00,0.00,0.000,0.000,0.00
1777908637,loop37,0.00,0.00,0.000,0.000,0.00
1777908637,loop38,0.00,0.00,0.000,0.000,0.00
1777908637,loop39,0.00,0.00,0.000,0.000,0.00
1777908637,loop4,0.00,0.00,0.000,0.000,0.00
1777908637,loop40,0.00,0.00,0.000,0.000,0.00
1777908637,loop5,0.00,0.00,0.000,0.000,0.00
1777908637,loop6,0.00,0.00,0.000,0.000,0.00
1777908637,loop7,0.00,0.00,0.000,0.000,0.00
1777908637,loop8,0.00,0.00,0.000,0.000,0.00
1777908637,loop9,0.00,0.00,0.000,0.000,0.00
1777908637,nvme0n1,1.00,4.00,0.000,0.000,5.80
1777908638,loop0,0.00,0.00,0.000,0.000,0.00
1777908638,loop1,0.00,0.00,0.000,0.000,0.00
1777908638,loop10,0.00,0.00,0.000,0.000,0.00
1777908638,loop11,0.00,0.00,0.000,0.000,0.00
1777908638,loop12,0.00,0.00,0.000,0.000,0.00
1777908638,loop13,0.00,0.00,0.000,0.000,0.00
1777908638,loop14,0.00,0.00,0.000,0.000,0.00
1777908638,loop15,0.00,0.00,0.000,0.000,0.00
1777908638,loop16,0.00,0.00,0.000,0.000,0.00
1777908638,loop17,0.00,0.00,0.000,0.000,0.00
1777908638,loop18,0.00,0.00,0.000,0.000,0.00
1777908638,loop19,0.00,0.00,0.000,0.000,0.00
1777908638,loop2,0.00,0.00,0.000,0.000,0.00
1777908638,loop20,0.00,0.00,0.000,0.000,0.00
1777908638,loop21,0.00,0.00,0.000,0.000,0.00
1777908638,loop22,0.00,0.00,0.000,0.000,0.00
1777908638,loop23,0.00,0.00,0.000,0.000,0.00
1777908638,loop24,0.00,0.00,0.000,0.000,0.00
1777908638,loop25,0.00,0.00,0.000,0.000,0.00
1777908638,loop26,0.00,0.00,0.000,0.000,0.00
1777908638,loop27,0.00,0.00,0.000,0.000,0.00
1777908638,loop28,0.00,0.00,0.000,0.000,0.00
1777908638,loop29,0.00,0.00,0.000,0.000,0.00
1777908638,loop3,0.00,0.00,0.000,0.000,0.00
1777908638,loop30,0.00,0.00,0.000,0.000,0.00
1777908638,loop31,0.00,0.00,0.000,0.000,0.00
1777908638,loop32,0.00,0.00,0.000,0.000,0.00
1777908638,loop33,0.00,0.00,0.000,0.000,0.00
1777908638,loop34,0.00,0.00,0.000,0.000,0.00
1777908638,loop35,0.00,0.00,0.000,0.000,0.00
1777908638,loop36,0.00,0.00,0.000,0.000,0.00
1777908638,loop37,0.00,0.00,0.000,0.000,0.00
1777908638,loop38,0.00,0.00,0.000,0.000,0.00
1777908638,loop39,0.00,0.00,0.000,0.000,0.00
1777908638,loop4,0.00,0.00,0.000,0.000,0.00
1777908638,loop40,0.00,0.00,0.000,0.000,0.00
1777908638,loop5,0.00,0.00,0.000,0.000,0.00
1777908638,loop6,0.00,0.00,0.000,0.000,0.00
1777908638,loop7,0.00,0.00,0.000,0.000,0.00
1777908638,loop8,0.00,0.00,0.000,0.000,0.00
1777908638,loop9,0.00,0.00,0.000,0.000,0.00
1777908638,nvme0n1,5.00,28.00,0.002,0.028,0.70
1777908639,loop0,0.00,0.00,0.000,0.000,0.00
1777908639,loop1,0.00,0.00,0.000,0.000,0.00
1777908639,loop10,0.00,0.00,0.000,0.000,0.00
1777908639,loop11,0.00,0.00,0.000,0.000,0.00
1777908639,loop12,0.00,0.00,0.000,0.000,0.00
1777908639,loop13,0.00,0.00,0.000,0.000,0.00
1777908639,loop14,0.00,0.00,0.000,0.000,0.00
1777908639,loop15,0.00,0.00,0.000,0.000,0.00
1777908639,loop16,0.00,0.00,0.000,0.000,0.00
1777908639,loop17,0.00,0.00,0.000,0.000,0.00
1777908639,loop18,0.00,0.00,0.000,0.000,0.00
1777908639,loop19,0.00,0.00,0.000,0.000,0.00
1777908639,loop2,0.00,0.00,0.000,0.000,0.00
1777908639,loop20,0.00,0.00,0.000,0.000,0.00
1777908639,loop21,0.00,0.00,0.000,0.000,0.00
1777908639,loop22,0.00,0.00,0.000,0.000,0.00
1777908639,loop23,0.00,0.00,0.000,0.000,0.00
1777908639,loop24,0.00,0.00,0.000,0.000,0.00
1777908639,loop25,0.00,0.00,0.000,0.000,0.00
1777908639,loop26,0.00,0.00,0.000,0.000,0.00
1777908639,loop27,0.00,0.00,0.000,0.000,0.00
1777908639,loop28,0.00,0.00,0.000,0.000,0.00
1777908639,loop29,0.00,0.00,0.000,0.000,0.00
1777908639,loop3,0.00,0.00,0.000,0.000,0.00
1777908639,loop30,0.00,0.00,0.000,0.000,0.00
1777908639,loop31,0.00,0.00,0.000,0.000,0.00
1777908639,loop32,0.00,0.00,0.000,0.000,0.00
1777908639,loop33,0.00,0.00,0.000,0.000,0.00
1777908639,loop34,0.00,0.00,0.000,0.000,0.00
1777908639,loop35,0.00,0.00,0.000,0.000,0.00
1777908639,loop36,0.00,0.00,0.000,0.000,0.00
1777908639,loop37,0.00,0.00,0.000,0.000,0.00
1777908639,loop38,0.00,0.00,0.000,0.000,0.00
1777908639,loop39,0.00,0.00,0.000,0.000,0.00
1777908639,loop4,0.00,0.00,0.000,0.000,0.00
1777908639,loop40,0.00,0.00,0.000,0.000,0.00
1777908639,loop5,0.00,0.00,0.000,0.000,0.00
1777908639,loop6,0.00,0.00,0.000,0.000,0.00
1777908639,loop7,0.00,0.00,0.000,0.000,0.00
1777908639,loop8,0.00,0.00,0.000,0.000,0.00
1777908639,loop9,0.00,0.00,0.000,0.000,0.00
1777908639,nvme0n1,0.00,0.00,0.000,0.000,0.40
1777908640,loop0,0.00,0.00,0.000,0.000,0.00
1777908640,loop1,0.00,0.00,0.000,0.000,0.00
1777908640,loop10,0.00,0.00,0.000,0.000,0.00
1777908640,loop11,0.00,0.00,0.000,0.000,0.00
1777908640,loop12,0.00,0.00,0.000,0.000,0.00
1777908640,loop13,0.00,0.00,0.000,0.000,0.00
1777908640,loop14,0.00,0.00,0.000,0.000,0.00
1777908640,loop15,0.00,0.00,0.000,0.000,0.00
1777908640,loop16,0.00,0.00,0.000,0.000,0.00
1777908640,loop17,0.00,0.00,0.000,0.000,0.00
1777908640,loop18,0.00,0.00,0.000,0.000,0.00
1777908640,loop19,0.00,0.00,0.000,0.000,0.00
1777908640,loop2,0.00,0.00,0.000,0.000,0.00
1777908640,loop20,0.00,0.00,0.000,0.000,0.00
1777908640,loop21,0.00,0.00,0.000,0.000,0.00
1777908640,loop22,0.00,0.00,0.000,0.000,0.00
1777908640,loop23,0.00,0.00,0.000,0.000,0.00
1777908640,loop24,0.00,0.00,0.000,0.000,0.00
1777908640,loop25,0.00,0.00,0.000,0.000,0.00
1777908640,loop26,0.00,0.00,0.000,0.000,0.00
1777908640,loop27,0.00,0.00,0.000,0.000,0.00
1777908640,loop28,0.00,0.00,0.000,0.000,0.00
1777908640,loop29,0.00,0.00,0.000,0.000,0.00
1777908640,loop3,0.00,0.00,0.000,0.000,0.00
1777908640,loop30,0.00,0.00,0.000,0.000,0.00
1777908640,loop31,0.00,0.00,0.000,0.000,0.00
1777908640,loop32,0.00,0.00,0.000,0.000,0.00
1777908640,loop33,0.00,0.00,0.000,0.000,0.00
1777908640,loop34,0.00,0.00,0.000,0.000,0.00
1777908640,loop35,0.00,0.00,0.000,0.000,0.00
1777908640,loop36,0.00,0.00,0.000,0.000,0.00
1777908640,loop37,0.00,0.00,0.000,0.000,0.00
1777908640,loop38,0.00,0.00,0.000,0.000,0.00
1777908640,loop39,0.00,0.00,0.000,0.000,0.00
1777908640,loop4,0.00,0.00,0.000,0.000,0.00
1777908640,loop40,0.00,0.00,0.000,0.000,0.00
1777908640,loop5,0.00,0.00,0.000,0.000,0.00
1777908640,loop6,0.00,0.00,0.000,0.000,0.00
1777908640,loop7,0.00,0.00,0.000,0.000,0.00
1777908640,loop8,0.00,0.00,0.000,0.000,0.00
1777908640,loop9,0.00,0.00,0.000,0.000,0.00
1777908640,nvme0n1,1.00,12.00,0.002,0.065,0.60
1777908641,loop0,0.00,0.00,0.000,0.000,0.00
1777908641,loop1,0.00,0.00,0.000,0.000,0.00
1777908641,loop10,0.00,0.00,0.000,0.000,0.00
1777908641,loop11,0.00,0.00,0.000,0.000,0.00
1777908641,loop12,0.00,0.00,0.000,0.000,0.00
1777908641,loop13,0.00,0.00,0.000,0.000,0.00
1777908641,loop14,0.00,0.00,0.000,0.000,0.00
1777908641,loop15,0.00,0.00,0.000,0.000,0.00
1777908641,loop16,0.00,0.00,0.000,0.000,0.00
1777908641,loop17,0.00,0.00,0.000,0.000,0.00
1777908641,loop18,0.00,0.00,0.000,0.000,0.00
1777908641,loop19,0.00,0.00,0.000,0.000,0.00
1777908641,loop2,0.00,0.00,0.000,0.000,0.00
1777908641,loop20,0.00,0.00,0.000,0.000,0.00
1777908641,loop21,0.00,0.00,0.000,0.000,0.00
1777908641,loop22,0.00,0.00,0.000,0.000,0.00
1777908641,loop23,0.00,0.00,0.000,0.000,0.00
1777908641,loop24,0.00,0.00,0.000,0.000,0.00
1777908641,loop25,0.00,0.00,0.000,0.000,0.00
1777908641,loop26,0.00,0.00,0.000,0.000,0.00
1777908641,loop27,0.00,0.00,0.000,0.000,0.00
1777908641,loop28,0.00,0.00,0.000,0.000,0.00
1777908641,loop29,0.00,0.00,0.000,0.000,0.00
1777908641,loop3,0.00,0.00,0.000,0.000,0.00
1777908641,loop30,0.00,0.00,0.000,0.000,0.00
1777908641,loop31,0.00,0.00,0.000,0.000,0.00
1777908641,loop32,0.00,0.00,0.000,0.000,0.00
1777908641,loop33,0.00,0.00,0.000,0.000,0.00
1777908641,loop34,0.00,0.00,0.000,0.000,0.00
1777908641,loop35,0.00,0.00,0.000,0.000,0.00
1777908641,loop36,0.00,0.00,0.000,0.000,0.00
1777908641,loop37,0.00,0.00,0.000,0.000,0.00
1777908641,loop38,0.00,0.00,0.000,0.000,0.00
1777908641,loop39,0.00,0.00,0.000,0.000,0.00
1777908641,loop4,0.00,0.00,0.000,0.000,0.00
1777908641,loop40,0.00,0.00,0.000,0.000,0.00
1777908641,loop5,0.00,0.00,0.000,0.000,0.00
1777908641,loop6,0.00,0.00,0.000,0.000,0.00
1777908641,loop7,0.00,0.00,0.000,0.000,0.00
1777908641,loop8,0.00,0.00,0.000,0.000,0.00
1777908641,loop9,0.00,0.00,0.000,0.000,0.00
1777908641,nvme0n1,7.00,28.00,0.000,0.000,0.10
1777908642,loop0,0.00,0.00,0.000,0.000,0.00
1777908642,loop1,0.00,0.00,0.000,0.000,0.00
1777908642,loop10,0.00,0.00,0.000,0.000,0.00
1777908642,loop11,0.00,0.00,0.000,0.000,0.00
1777908642,loop12,0.00,0.00,0.000,0.000,0.00
1777908642,loop13,0.00,0.00,0.000,0.000,0.00
1777908642,loop14,0.00,0.00,0.000,0.000,0.00
1777908642,loop15,0.00,0.00,0.000,0.000,0.00
1777908642,loop16,0.00,0.00,0.000,0.000,0.00
1777908642,loop17,0.00,0.00,0.000,0.000,0.00
1777908642,loop18,0.00,0.00,0.000,0.000,0.00
1777908642,loop19,0.00,0.00,0.000,0.000,0.00
1777908642,loop2,0.00,0.00,0.000,0.000,0.00
1777908642,loop20,0.00,0.00,0.000,0.000,0.00
1777908642,loop21,0.00,0.00,0.000,0.000,0.00
1777908642,loop22,0.00,0.00,0.000,0.000,0.00
1777908642,loop23,0.00,0.00,0.000,0.000,0.00
1777908642,loop24,0.00,0.00,0.000,0.000,0.00
1777908642,loop25,0.00,0.00,0.000,0.000,0.00
1777908642,loop26,0.00,0.00,0.000,0.000,0.00
1777908642,loop27,0.00,0.00,0.000,0.000,0.00
1777908642,loop28,0.00,0.00,0.000,0.000,0.00
1777908642,loop29,0.00,0.00,0.000,0.000,0.00
1777908642,loop3,0.00,0.00,0.000,0.000,0.00
1777908642,loop30,0.00,0.00,0.000,0.000,0.00
1777908642,loop31,0.00,0.00,0.000,0.000,0.00
1777908642,loop32,0.00,0.00,0.000,0.000,0.00
1777908642,loop33,0.00,0.00,0.000,0.000,0.00
1777908642,loop34,0.00,0.00,0.000,0.000,0.00
1777908642,loop35,0.00,0.00,0.000,0.000,0.00
1777908642,loop36,0.00,0.00,0.000,0.000,0.00
1777908642,loop37,0.00,0.00,0.000,0.000,0.00
1777908642,loop38,0.00,0.00,0.000,0.000,0.00
1777908642,loop39,0.00,0.00,0.000,0.000,0.00
1777908642,loop4,0.00,0.00,0.000,0.000,0.00
1777908642,loop40,0.00,0.00,0.000,0.000,0.00
1777908642,loop5,0.00,0.00,0.000,0.000,0.00
1777908642,loop6,0.00,0.00,0.000,0.000,0.00
1777908642,loop7,0.00,0.00,0.000,0.000,0.00
1777908642,loop8,0.00,0.00,0.000,0.000,0.00
1777908642,loop9,0.00,0.00,0.000,0.000,0.00
1777908642,nvme0n1,0.00,0.00,0.000,0.000,0.40
1777908643,loop0,0.00,0.00,0.000,0.000,0.00
1777908643,loop1,0.00,0.00,0.000,0.000,0.00
1777908643,loop10,0.00,0.00,0.000,0.000,0.00
1777908643,loop11,0.00,0.00,0.000,0.000,0.00
1777908643,loop12,0.00,0.00,0.000,0.000,0.00
1777908643,loop13,0.00,0.00,0.000,0.000,0.00
1777908643,loop14,0.00,0.00,0.000,0.000,0.00
1777908643,loop15,0.00,0.00,0.000,0.000,0.00
1777908643,loop16,0.00,0.00,0.000,0.000,0.00
1777908643,loop17,0.00,0.00,0.000,0.000,0.00
1777908643,loop18,0.00,0.00,0.000,0.000,0.00
1777908643,loop19,0.00,0.00,0.000,0.000,0.00
1777908643,loop2,0.00,0.00,0.000,0.000,0.00
1777908643,loop20,0.00,0.00,0.000,0.000,0.00
1777908643,loop21,0.00,0.00,0.000,0.000,0.00
1777908643,loop22,0.00,0.00,0.000,0.000,0.00
1777908643,loop23,0.00,0.00,0.000,0.000,0.00
1777908643,loop24,0.00,0.00,0.000,0.000,0.00
1777908643,loop25,0.00,0.00,0.000,0.000,0.00
1777908643,loop26,0.00,0.00,0.000,0.000,0.00
1777908643,loop27,0.00,0.00,0.000,0.000,0.00
1777908643,loop28,0.00,0.00,0.000,0.000,0.00
1777908643,loop29,0.00,0.00,0.000,0.000,0.00
1777908643,loop3,0.00,0.00,0.000,0.000,0.00
1777908643,loop30,0.00,0.00,0.000,0.000,0.00
1777908643,loop31,0.00,0.00,0.000,0.000,0.00
1777908643,loop32,0.00,0.00,0.000,0.000,0.00
1777908643,loop33,0.00,0.00,0.000,0.000,0.00
1777908643,loop34,0.00,0.00,0.000,0.000,0.00
1777908643,loop35,0.00,0.00,0.000,0.000,0.00
1777908643,loop36,0.00,0.00,0.000,0.000,0.00
1777908643,loop37,0.00,0.00,0.000,0.000,0.00
1777908643,loop38,0.00,0.00,0.000,0.000,0.00
1777908643,loop39,0.00,0.00,0.000,0.000,0.00
1777908643,loop4,0.00,0.00,0.000,0.000,0.00
1777908643,loop40,0.00,0.00,0.000,0.000,0.00
1777908643,loop5,0.00,0.00,0.000,0.000,0.00
1777908643,loop6,0.00,0.00,0.000,0.000,0.00
1777908643,loop7,0.00,0.00,0.000,0.000,0.00
1777908643,loop8,0.00,0.00,0.000,0.000,0.00
1777908643,loop9,0.00,0.00,0.000,0.000,0.00
1777908643,nvme0n1,0.00,0.00,0.000,0.000,0.00
1777908644,loop0,0.00,0.00,0.000,0.000,0.00
1777908644,loop1,0.00,0.00,0.000,0.000,0.00
1777908644,loop10,0.00,0.00,0.000,0.000,0.00
1777908644,loop11,0.00,0.00,0.000,0.000,0.00
1777908644,loop12,0.00,0.00,0.000,0.000,0.00
1777908644,loop13,0.00,0.00,0.000,0.000,0.00
1777908644,loop14,0.00,0.00,0.000,0.000,0.00
1777908644,loop15,0.00,0.00,0.000,0.000,0.00
1777908644,loop16,0.00,0.00,0.000,0.000,0.00
1777908644,loop17,0.00,0.00,0.000,0.000,0.00
1777908644,loop18,0.00,0.00,0.000,0.000,0.00
1777908644,loop19,0.00,0.00,0.000,0.000,0.00
1777908644,loop2,0.00,0.00,0.000,0.000,0.00
1777908644,loop20,0.00,0.00,0.000,0.000,0.00
1777908644,loop21,0.00,0.00,0.000,0.000,0.00
1777908644,loop22,0.00,0.00,0.000,0.000,0.00
1777908644,loop23,0.00,0.00,0.000,0.000,0.00
1777908644,loop24,0.00,0.00,0.000,0.000,0.00
1777908644,loop25,0.00,0.00,0.000,0.000,0.00
1777908644,loop26,0.00,0.00,0.000,0.000,0.00
1777908644,loop27,0.00,0.00,0.000,0.000,0.00
1777908644,loop28,0.00,0.00,0.000,0.000,0.00
1777908644,loop29,0.00,0.00,0.000,0.000,0.00
1777908644,loop3,0.00,0.00,0.000,0.000,0.00
1777908644,loop30,0.00,0.00,0.000,0.000,0.00
1777908644,loop31,0.00,0.00,0.000,0.000,0.00
1777908644,loop32,0.00,0.00,0.000,0.000,0.00
1777908644,loop33,0.00,0.00,0.000,0.000,0.00
1777908644,loop34,0.00,0.00,0.000,0.000,0.00
1777908644,loop35,0.00,0.00,0.000,0.000,0.00
1777908644,loop36,0.00,0.00,0.000,0.000,0.00
1777908644,loop37,0.00,0.00,0.000,0.000,0.00
1777908644,loop38,0.00,0.00,0.000,0.000,0.00
1777908644,loop39,0.00,0.00,0.000,0.000,0.00
1777908644,loop4,0.00,0.00,0.000,0.000,0.00
1777908644,loop40,0.00,0.00,0.000,0.000,0.00
1777908644,loop5,0.00,0.00,0.000,0.000,0.00
1777908644,loop6,0.00,0.00,0.000,0.000,0.00
1777908644,loop7,0.00,0.00,0.000,0.000,0.00
1777908644,loop8,0.00,0.00,0.000,0.000,0.00
1777908644,loop9,0.00,0.00,0.000,0.000,0.00
1777908644,nvme0n1,0.00,0.00,0.000,0.000,7.40
1777908645,loop0,0.00,0.00,0.000,0.000,0.00
1777908645,loop1,0.00,0.00,0.000,0.000,0.00
1777908645,loop10,0.00,0.00,0.000,0.000,0.00
1777908645,loop11,0.00,0.00,0.000,0.000,0.00
1777908645,loop12,0.00,0.00,0.000,0.000,0.00
1777908645,loop13,0.00,0.00,0.000,0.000,0.00
1777908645,loop14,0.00,0.00,0.000,0.000,0.00
1777908645,loop15,0.00,0.00,0.000,0.000,0.00
1777908645,loop16,0.00,0.00,0.000,0.000,0.00
1777908645,loop17,0.00,0.00,0.000,0.000,0.00
1777908645,loop18,0.00,0.00,0.000,0.000,0.00
1777908645,loop19,0.00,0.00,0.000,0.000,0.00
1777908645,loop2,0.00,0.00,0.000,0.000,0.00
1777908645,loop20,0.00,0.00,0.000,0.000,0.00
1777908645,loop21,0.00,0.00,0.000,0.000,0.00
1777908645,loop22,0.00,0.00,0.000,0.000,0.00
1777908645,loop23,0.00,0.00,0.000,0.000,0.00
1777908645,loop24,0.00,0.00,0.000,0.000,0.00
1777908645,loop25,0.00,0.00,0.000,0.000,0.00
1777908645,loop26,0.00,0.00,0.000,0.000,0.00
1777908645,loop27,0.00,0.00,0.000,0.000,0.00
1777908645,loop28,0.00,0.00,0.000,0.000,0.00
1777908645,loop29,0.00,0.00,0.000,0.000,0.00
1777908645,loop3,0.00,0.00,0.000,0.000,0.00
1777908645,loop30,0.00,0.00,0.000,0.000,0.00
1777908645,loop31,0.00,0.00,0.000,0.000,0.00
1777908645,loop32,0.00,0.00,0.000,0.000,0.00
1777908645,loop33,0.00,0.00,0.000,0.000,0.00
1777908645,loop34,0.00,0.00,0.000,0.000,0.00
1777908645,loop35,0.00,0.00,0.000,0.000,0.00
1777908645,loop36,0.00,0.00,0.000,0.000,0.00
1777908645,loop37,0.00,0.00,0.000,0.000,0.00
1777908645,loop38,0.00,0.00,0.000,0.000,0.00
1777908645,loop39,0.00,0.00,0.000,0.000,0.00
1777908645,loop4,0.00,0.00,0.000,0.000,0.00
1777908645,loop40,0.00,0.00,0.000,0.000,0.00
1777908645,loop5,0.00,0.00,0.000,0.000,0.00
1777908645,loop6,0.00,0.00,0.000,0.000,0.00
1777908645,loop7,0.00,0.00,0.000,0.000,0.00
1777908645,loop8,0.00,0.00,0.000,0.000,0.00
1777908645,loop9,0.00,0.00,0.000,0.000,0.00
1777908645,nvme0n1,0.00,0.00,0.000,0.000,0.00
1777908646,loop0,0.00,0.00,0.000,0.000,0.00
1777908646,loop1,0.00,0.00,0.000,0.000,0.00
1777908646,loop10,0.00,0.00,0.000,0.000,0.00
1777908646,loop11,0.00,0.00,0.000,0.000,0.00
1777908646,loop12,0.00,0.00,0.000,0.000,0.00
1777908646,loop13,0.00,0.00,0.000,0.000,0.00
1777908646,loop14,0.00,0.00,0.000,0.000,0.00
1777908646,loop15,0.00,0.00,0.000,0.000,0.00
1777908646,loop16,0.00,0.00,0.000,0.000,0.00
1777908646,loop17,0.00,0.00,0.000,0.000,0.00
1777908646,loop18,0.00,0.00,0.000,0.000,0.00
1777908646,loop19,0.00,0.00,0.000,0.000,0.00
1777908646,loop2,0.00,0.00,0.000,0.000,0.00
1777908646,loop20,0.00,0.00,0.000,0.000,0.00
1777908646,loop21,0.00,0.00,0.000,0.000,0.00
1777908646,loop22,0.00,0.00,0.000,0.000,0.00
1777908646,loop23,0.00,0.00,0.000,0.000,0.00
1777908646,loop24,0.00,0.00,0.000,0.000,0.00
1777908646,loop25,0.00,0.00,0.000,0.000,0.00
1777908646,loop26,0.00,0.00,0.000,0.000,0.00
1777908646,loop27,0.00,0.00,0.000,0.000,0.00
1777908646,loop28,0.00,0.00,0.000,0.000,0.00
1777908646,loop29,0.00,0.00,0.000,0.000,0.00
1777908646,loop3,0.00,0.00,0.000,0.000,0.00
1777908646,loop30,0.00,0.00,0.000,0.000,0.00
1777908646,loop31,0.00,0.00,0.000,0.000,0.00
1777908646,loop32,0.00,0.00,0.000,0.000,0.00
1777908646,loop33,0.00,0.00,0.000,0.000,0.00
1777908646,loop34,0.00,0.00,0.000,0.000,0.00
1777908646,loop35,0.00,0.00,0.000,0.000,0.00
1777908646,loop36,0.00,0.00,0.000,0.000,0.00
1777908646,loop37,0.00,0.00,0.000,0.000,0.00
1777908646,loop38,0.00,0.00,0.000,0.000,0.00
1777908646,loop39,0.00,0.00,0.000,0.000,0.00
1777908646,loop4,0.00,0.00,0.000,0.000,0.00
1777908646,loop40,0.00,0.00,0.000,0.000,0.00
1777908646,loop5,0.00,0.00,0.000,0.000,0.00
1777908646,loop6,0.00,0.00,0.000,0.000,0.00
1777908646,loop7,0.00,0.00,0.000,0.000,0.00
1777908646,loop8,0.00,0.00,0.000,0.000,0.00
1777908646,loop9,0.00,0.00,0.000,0.000,0.00
1777908646,nvme0n1,0.00,0.00,0.000,0.000,0.60
1777908647,loop0,0.00,0.00,0.000,0.000,0.00
1777908647,loop1,0.00,0.00,0.000,0.000,0.00
1777908647,loop10,0.00,0.00,0.000,0.000,0.00
1777908647,loop11,0.00,0.00,0.000,0.000,0.00
1777908647,loop12,0.00,0.00,0.000,0.000,0.00
1777908647,loop13,0.00,0.00,0.000,0.000,0.00
1777908647,loop14,0.00,0.00,0.000,0.000,0.00
1777908647,loop15,0.00,0.00,0.000,0.000,0.00
1777908647,loop16,0.00,0.00,0.000,0.000,0.00
1777908647,loop17,0.00,0.00,0.000,0.000,0.00
1777908647,loop18,0.00,0.00,0.000,0.000,0.00
1777908647,loop19,0.00,0.00,0.000,0.000,0.00
1777908647,loop2,0.00,0.00,0.000,0.000,0.00
1777908647,loop20,0.00,0.00,0.000,0.000,0.00
1777908647,loop21,0.00,0.00,0.000,0.000,0.00
1777908647,loop22,0.00,0.00,0.000,0.000,0.00
1777908647,loop23,0.00,0.00,0.000,0.000,0.00
1777908647,loop24,0.00,0.00,0.000,0.000,0.00
1777908647,loop25,0.00,0.00,0.000,0.000,0.00
1777908647,loop26,0.00,0.00,0.000,0.000,0.00
1777908647,loop27,0.00,0.00,0.000,0.000,0.00
1777908647,loop28,0.00,0.00,0.000,0.000,0.00
1777908647,loop29,0.00,0.00,0.000,0.000,0.00
1777908647,loop3,0.00,0.00,0.000,0.000,0.00
1777908647,loop30,0.00,0.00,0.000,0.000,0.00
1777908647,loop31,0.00,0.00,0.000,0.000,0.00
1777908647,loop32,0.00,0.00,0.000,0.000,0.00
1777908647,loop33,0.00,0.00,0.000,0.000,0.00
1777908647,loop34,0.00,0.00,0.000,0.000,0.00
1777908647,loop35,0.00,0.00,0.000,0.000,0.00
1777908647,loop36,0.00,0.00,0.000,0.000,0.00
1777908647,loop37,0.00,0.00,0.000,0.000,0.00
1777908647,loop38,0.00,0.00,0.000,0.000,0.00
1777908647,loop39,0.00,0.00,0.000,0.000,0.00
1777908647,loop4,0.00,0.00,0.000,0.000,0.00
1777908647,loop40,0.00,0.00,0.000,0.000,0.00
1777908647,loop5,0.00,0.00,0.000,0.000,0.00
1777908647,loop6,0.00,0.00,0.000,0.000,0.00
1777908647,loop7,0.00,0.00,0.000,0.000,0.00
1777908647,loop8,0.00,0.00,0.000,0.000,0.00
1777908647,loop9,0.00,0.00,0.000,0.000,0.00
1777908647,nvme0n1,0.00,0.00,0.000,0.000,0.00
1777908648,loop0,0.00,0.00,0.000,0.000,0.00
1777908648,loop1,0.00,0.00,0.000,0.000,0.00
1777908648,loop10,0.00,0.00,0.000,0.000,0.00
1777908648,loop11,0.00,0.00,0.000,0.000,0.00
1777908648,loop12,0.00,0.00,0.000,0.000,0.00
1777908648,loop13,0.00,0.00,0.000,0.000,0.00
1777908648,loop14,0.00,0.00,0.000,0.000,0.00
1777908648,loop15,0.00,0.00,0.000,0.000,0.00
1777908648,loop16,0.00,0.00,0.000,0.000,0.00
1777908648,loop17,0.00,0.00,0.000,0.000,0.00
1777908648,loop18,0.00,0.00,0.000,0.000,0.00
1777908648,loop19,0.00,0.00,0.000,0.000,0.00
1777908648,loop2,0.00,0.00,0.000,0.000,0.00
1777908648,loop20,0.00,0.00,0.000,0.000,0.00
1777908648,loop21,0.00,0.00,0.000,0.000,0.00
1777908648,loop22,0.00,0.00,0.000,0.000,0.00
1777908648,loop23,0.00,0.00,0.000,0.000,0.00
1777908648,loop24,0.00,0.00,0.000,0.000,0.00
1777908648,loop25,0.00,0.00,0.000,0.000,0.00
1777908648,loop26,0.00,0.00,0.000,0.000,0.00
1777908648,loop27,0.00,0.00,0.000,0.000,0.00
1777908648,loop28,0.00,0.00,0.000,0.000,0.00
1777908648,loop29,0.00,0.00,0.000,0.000,0.00
1777908648,loop3,0.00,0.00,0.000,0.000,0.00
1777908648,loop30,0.00,0.00,0.000,0.000,0.00
1777908648,loop31,0.00,0.00,0.000,0.000,0.00
1777908648,loop32,0.00,0.00,0.000,0.000,0.00
1777908648,loop33,0.00,0.00,0.000,0.000,0.00
1777908648,loop34,0.00,0.00,0.000,0.000,0.00
1777908648,loop35,0.00,0.00,0.000,0.000,0.00
1777908648,loop36,0.00,0.00,0.000,0.000,0.00
1777908648,loop37,0.00,0.00,0.000,0.000,0.00
1777908648,loop38,0.00,0.00,0.000,0.000,0.00
1777908648,loop39,0.00,0.00,0.000,0.000,0.00
1777908648,loop4,0.00,0.00,0.000,0.000,0.00
1777908648,loop40,0.00,0.00,0.000,0.000,0.00
1777908648,loop5,0.00,0.00,0.000,0.000,0.00
1777908648,loop6,0.00,0.00,0.000,0.000,0.00
1777908648,loop7,0.00,0.00,0.000,0.000,0.00
1777908648,loop8,0.00,0.00,0.000,0.000,0.00
1777908648,loop9,0.00,0.00,0.000,0.000,0.00
1777908648,nvme0n1,0.00,0.00,0.000,0.000,0.00
1777908649,loop0,0.00,0.00,0.000,0.000,0.00
1777908649,loop1,0.00,0.00,0.000,0.000,0.00
1777908649,loop10,0.00,0.00,0.000,0.000,0.00
1777908649,loop11,0.00,0.00,0.000,0.000,0.00
1777908649,loop12,0.00,0.00,0.000,0.000,0.00
1777908649,loop13,0.00,0.00,0.000,0.000,0.00
1777908649,loop14,0.00,0.00,0.000,0.000,0.00
1777908649,loop15,0.00,0.00,0.000,0.000,0.00
1777908649,loop16,0.00,0.00,0.000,0.000,0.00
1777908649,loop17,0.00,0.00,0.000,0.000,0.00
1777908649,loop18,0.00,0.00,0.000,0.000,0.00
1777908649,loop19,0.00,0.00,0.000,0.000,0.00
1777908649,loop2,0.00,0.00,0.000,0.000,0.00
1777908649,loop20,0.00,0.00,0.000,0.000,0.00
1777908649,loop21,0.00,0.00,0.000,0.000,0.00
1777908649,loop22,0.00,0.00,0.000,0.000,0.00
1777908649,loop23,0.00,0.00,0.000,0.000,0.00
1777908649,loop24,0.00,0.00,0.000,0.000,0.00
1777908649,loop25,0.00,0.00,0.000,0.000,0.00
1777908649,loop26,0.00,0.00,0.000,0.000,0.00
1777908649,loop27,0.00,0.00,0.000,0.000,0.00
1777908649,loop28,0.00,0.00,0.000,0.000,0.00
1777908649,loop29,0.00,0.00,0.000,0.000,0.00
1777908649,loop3,0.00,0.00,0.000,0.000,0.00
1777908649,loop30,0.00,0.00,0.000,0.000,0.00
1777908649,loop31,0.00,0.00,0.000,0.000,0.00
1777908649,loop32,0.00,0.00,0.000,0.000,0.00
1777908649,loop33,0.00,0.00,0.000,0.000,0.00
1777908649,loop34,0.00,0.00,0.000,0.000,0.00
1777908649,loop35,0.00,0.00,0.000,0.000,0.00
1777908649,loop36,0.00,0.00,0.000,0.000,0.00
1777908649,loop37,0.00,0.00,0.000,0.000,0.00
1777908649,loop38,0.00,0.00,0.000,0.000,0.00
1777908649,loop39,0.00,0.00,0.000,0.000,0.00
1777908649,loop4,0.00,0.00,0.000,0.000,0.00
1777908649,loop40,0.00,0.00,0.000,0.000,0.00
1777908649,loop5,0.00,0.00,0.000,0.000,0.00
1777908649,loop6,0.00,0.00,0.000,0.000,0.00
1777908649,loop7,0.00,0.00,0.000,0.000,0.00
1777908649,loop8,0.00,0.00,0.000,0.000,0.00
1777908649,loop9,0.00,0.00,0.000,0.000,0.00
1777908649,nvme0n1,0.00,0.00,0.000,0.000,0.00
1777908650,loop0,0.00,0.00,0.000,0.000,0.00
1777908650,loop1,0.00,0.00,0.000,0.000,0.00
1777908650,loop10,0.00,0.00,0.000,0.000,0.00
1777908650,loop11,0.00,0.00,0.000,0.000,0.00
1777908650,loop12,0.00,0.00,0.000,0.000,0.00
1777908650,loop13,0.00,0.00,0.000,0.000,0.00
1777908650,loop14,0.00,0.00,0.000,0.000,0.00
1777908650,loop15,0.00,0.00,0.000,0.000,0.00
1777908650,loop16,0.00,0.00,0.000,0.000,0.00
1777908650,loop17,0.00,0.00,0.000,0.000,0.00
1777908650,loop18,0.00,0.00,0.000,0.000,0.00
1777908650,loop19,0.00,0.00,0.000,0.000,0.00
1777908650,loop2,0.00,0.00,0.000,0.000,0.00
1777908650,loop20,0.00,0.00,0.000,0.000,0.00
1777908650,loop21,0.00,0.00,0.000,0.000,0.00
1777908650,loop22,0.00,0.00,0.000,0.000,0.00
1777908650,loop23,0.00,0.00,0.000,0.000,0.00
1777908650,loop24,0.00,0.00,0.000,0.000,0.00
1777908650,loop25,0.00,0.00,0.000,0.000,0.00
1777908650,loop26,0.00,0.00,0.000,0.000,0.00
1777908650,loop27,0.00,0.00,0.000,0.000,0.00
1777908650,loop28,0.00,0.00,0.000,0.000,0.00
1777908650,loop29,0.00,0.00,0.000,0.000,0.00
1777908650,loop3,0.00,0.00,0.000,0.000,0.00
1777908650,loop30,0.00,0.00,0.000,0.000,0.00
1777908650,loop31,0.00,0.00,0.000,0.000,0.00
1777908650,loop32,0.00,0.00,0.000,0.000,0.00
1777908650,loop33,0.00,0.00,0.000,0.000,0.00
1777908650,loop34,0.00,0.00,0.000,0.000,0.00
1777908650,loop35,0.00,0.00,0.000,0.000,0.00
1777908650,loop36,0.00,0.00,0.000,0.000,0.00
1777908650,loop37,0.00,0.00,0.000,0.000,0.00
1777908650,loop38,0.00,0.00,0.000,0.000,0.00
1777908650,loop39,0.00,0.00,0.000,0.000,0.00
1777908650,loop4,0.00,0.00,0.000,0.000,0.00
1777908650,loop40,0.00,0.00,0.000,0.000,0.00
1777908650,loop5,0.00,0.00,0.000,0.000,0.00
1777908650,loop6,0.00,0.00,0.000,0.000,0.00
1777908650,loop7,0.00,0.00,0.000,0.000,0.00
1777908650,loop8,0.00,0.00,0.000,0.000,0.00
1777908650,loop9,0.00,0.00,0.000,0.000,0.00
1777908650,nvme0n1,0.00,0.00,0.000,0.000,5.70
1777908651,loop0,0.00,0.00,0.000,0.000,0.00
1777908651,loop1,0.00,0.00,0.000,0.000,0.00
1777908651,loop10,0.00,0.00,0.000,0.000,0.00
1777908651,loop11,0.00,0.00,0.000,0.000,0.00
1777908651,loop12,0.00,0.00,0.000,0.000,0.00
1777908651,loop13,0.00,0.00,0.000,0.000,0.00
1777908651,loop14,0.00,0.00,0.000,0.000,0.00
1777908651,loop15,0.00,0.00,0.000,0.000,0.00
1777908651,loop16,0.00,0.00,0.000,0.000,0.00
1777908651,loop17,0.00,0.00,0.000,0.000,0.00
1777908651,loop18,0.00,0.00,0.000,0.000,0.00
1777908651,loop19,0.00,0.00,0.000,0.000,0.00
1777908651,loop2,0.00,0.00,0.000,0.000,0.00
1777908651,loop20,0.00,0.00,0.000,0.000,0.00
1777908651,loop21,0.00,0.00,0.000,0.000,0.00
1777908651,loop22,0.00,0.00,0.000,0.000,0.00
1777908651,loop23,0.00,0.00,0.000,0.000,0.00
1777908651,loop24,0.00,0.00,0.000,0.000,0.00
1777908651,loop25,0.00,0.00,0.000,0.000,0.00
1777908651,loop26,0.00,0.00,0.000,0.000,0.00
1777908651,loop27,0.00,0.00,0.000,0.000,0.00
1777908651,loop28,0.00,0.00,0.000,0.000,0.00
1777908651,loop29,0.00,0.00,0.000,0.000,0.00
1777908651,loop3,0.00,0.00,0.000,0.000,0.00
1777908651,loop30,0.00,0.00,0.000,0.000,0.00
1777908651,loop31,0.00,0.00,0.000,0.000,0.00
1777908651,loop32,0.00,0.00,0.000,0.000,0.00
1777908651,loop33,0.00,0.00,0.000,0.000,0.00
1777908651,loop34,0.00,0.00,0.000,0.000,0.00
1777908651,loop35,0.00,0.00,0.000,0.000,0.00
1777908651,loop36,0.00,0.00,0.000,0.000,0.00
1777908651,loop37,0.00,0.00,0.000,0.000,0.00
1777908651,loop38,0.00,0.00,0.000,0.000,0.00
1777908651,loop39,0.00,0.00,0.000,0.000,0.00
1777908651,loop4,0.00,0.00,0.000,0.000,0.00
1777908651,loop40,0.00,0.00,0.000,0.000,0.00
1777908651,loop5,0.00,0.00,0.000,0.000,0.00
1777908651,loop6,0.00,0.00,0.000,0.000,0.00
1777908651,loop7,0.00,0.00,0.000,0.000,0.00
1777908651,loop8,0.00,0.00,0.000,0.000,0.00
1777908651,loop9,0.00,0.00,0.000,0.000,0.00
1777908651,nvme0n1,0.00,0.00,0.000,0.000,0.00
1777908652,loop0,0.00,0.00,0.000,0.000,0.00
1777908652,loop1,0.00,0.00,0.000,0.000,0.00
1777908652,loop10,0.00,0.00,0.000,0.000,0.00
1777908652,loop11,0.00,0.00,0.000,0.000,0.00
1777908652,loop12,0.00,0.00,0.000,0.000,0.00
1777908652,loop13,0.00,0.00,0.000,0.000,0.00
1777908652,loop14,0.00,0.00,0.000,0.000,0.00
1777908652,loop15,0.00,0.00,0.000,0.000,0.00
1777908652,loop16,0.00,0.00,0.000,0.000,0.00
1777908652,loop17,0.00,0.00,0.000,0.000,0.00
1777908652,loop18,0.00,0.00,0.000,0.000,0.00
1777908652,loop19,0.00,0.00,0.000,0.000,0.00
1777908652,loop2,0.00,0.00,0.000,0.000,0.00
1777908652,loop20,0.00,0.00,0.000,0.000,0.00
1777908652,loop21,0.00,0.00,0.000,0.000,0.00
1777908652,loop22,0.00,0.00,0.000,0.000,0.00
1777908652,loop23,0.00,0.00,0.000,0.000,0.00
1777908652,loop24,0.00,0.00,0.000,0.000,0.00
1777908652,loop25,0.00,0.00,0.000,0.000,0.00
1777908652,loop26,0.00,0.00,0.000,0.000,0.00
1777908652,loop27,0.00,0.00,0.000,0.000,0.00
1777908652,loop28,0.00,0.00,0.000,0.000,0.00
1777908652,loop29,0.00,0.00,0.000,0.000,0.00
1777908652,loop3,0.00,0.00,0.000,0.000,0.00
1777908652,loop30,0.00,0.00,0.000,0.000,0.00
1777908652,loop31,0.00,0.00,0.000,0.000,0.00
1777908652,loop32,0.00,0.00,0.000,0.000,0.00
1777908652,loop33,0.00,0.00,0.000,0.000,0.00
1777908652,loop34,0.00,0.00,0.000,0.000,0.00
1777908652,loop35,0.00,0.00,0.000,0.000,0.00
1777908652,loop36,0.00,0.00,0.000,0.000,0.00
1777908652,loop37,0.00,0.00,0.000,0.000,0.00
1777908652,loop38,0.00,0.00,0.000,0.000,0.00
1777908652,loop39,0.00,0.00,0.000,0.000,0.00
1777908652,loop4,0.00,0.00,0.000,0.000,0.00
1777908652,loop40,0.00,0.00,0.000,0.000,0.00
1777908652,loop5,0.00,0.00,0.000,0.000,0.00
1777908652,loop6,0.00,0.00,0.000,0.000,0.00
1777908652,loop7,0.00,0.00,0.000,0.000,0.00
1777908652,loop8,0.00,0.00,0.000,0.000,0.00
1777908652,loop9,0.00,0.00,0.000,0.000,0.00
1777908652,nvme0n1,0.00,0.00,0.000,0.000,0.00
1777908653,loop0,0.00,0.00,0.000,0.000,0.00
1777908653,loop1,0.00,0.00,0.000,0.000,0.00
1777908653,loop10,0.00,0.00,0.000,0.000,0.00
1777908653,loop11,0.00,0.00,0.000,0.000,0.00
1777908653,loop12,0.00,0.00,0.000,0.000,0.00
1777908653,loop13,0.00,0.00,0.000,0.000,0.00
1777908653,loop14,0.00,0.00,0.000,0.000,0.00
1777908653,loop15,0.00,0.00,0.000,0.000,0.00
1777908653,loop16,0.00,0.00,0.000,0.000,0.00
1777908653,loop17,0.00,0.00,0.000,0.000,0.00
1777908653,loop18,0.00,0.00,0.000,0.000,0.00
1777908653,loop19,0.00,0.00,0.000,0.000,0.00
1777908653,loop2,0.00,0.00,0.000,0.000,0.00
1777908653,loop20,0.00,0.00,0.000,0.000,0.00
1777908653,loop21,0.00,0.00,0.000,0.000,0.00
1777908653,loop22,0.00,0.00,0.000,0.000,0.00
1777908653,loop23,0.00,0.00,0.000,0.000,0.00
1777908653,loop24,0.00,0.00,0.000,0.000,0.00
1777908653,loop25,0.00,0.00,0.000,0.000,0.00
1777908653,loop26,0.00,0.00,0.000,0.000,0.00
1777908653,loop27,0.00,0.00,0.000,0.000,0.00
1777908653,loop28,0.00,0.00,0.000,0.000,0.00
1777908653,loop29,0.00,0.00,0.000,0.000,0.00
1777908653,loop3,0.00,0.00,0.000,0.000,0.00
1777908653,loop30,0.00,0.00,0.000,0.000,0.00
1777908653,loop31,0.00,0.00,0.000,0.000,0.00
1777908653,loop32,0.00,0.00,0.000,0.000,0.00
1777908653,loop33,0.00,0.00,0.000,0.000,0.00
1777908653,loop34,0.00,0.00,0.000,0.000,0.00
1777908653,loop35,0.00,0.00,0.000,0.000,0.00
1777908653,loop36,0.00,0.00,0.000,0.000,0.00
1777908653,loop37,0.00,0.00,0.000,0.000,0.00
1777908653,loop38,0.00,0.00,0.000,0.000,0.00
1777908653,loop39,0.00,0.00,0.000,0.000,0.00
1777908653,loop4,0.00,0.00,0.000,0.000,0.00
1777908653,loop40,0.00,0.00,0.000,0.000,0.00
1777908653,loop5,0.00,0.00,0.000,0.000,0.00
1777908653,loop6,0.00,0.00,0.000,0.000,0.00
1777908653,loop7,0.00,0.00,0.000,0.000,0.00
1777908653,loop8,0.00,0.00,0.000,0.000,0.00
1777908653,loop9,0.00,0.00,0.000,0.000,0.00
1777908653,nvme0n1,0.00,0.00,0.000,0.000,0.00
1777908654,loop0,0.00,0.00,0.000,0.000,0.00
1777908654,loop1,0.00,0.00,0.000,0.000,0.00
1777908654,loop10,0.00,0.00,0.000,0.000,0.00
1777908654,loop11,0.00,0.00,0.000,0.000,0.00
1777908654,loop12,0.00,0.00,0.000,0.000,0.00
1777908654,loop13,0.00,0.00,0.000,0.000,0.00
1777908654,loop14,0.00,0.00,0.000,0.000,0.00
1777908654,loop15,0.00,0.00,0.000,0.000,0.00
1777908654,loop16,0.00,0.00,0.000,0.000,0.00
1777908654,loop17,0.00,0.00,0.000,0.000,0.00
1777908654,loop18,0.00,0.00,0.000,0.000,0.00
1777908654,loop19,0.00,0.00,0.000,0.000,0.00
1777908654,loop2,0.00,0.00,0.000,0.000,0.00
1777908654,loop20,0.00,0.00,0.000,0.000,0.00
1777908654,loop21,0.00,0.00,0.000,0.000,0.00
1777908654,loop22,0.00,0.00,0.000,0.000,0.00
1777908654,loop23,0.00,0.00,0.000,0.000,0.00
1777908654,loop24,0.00,0.00,0.000,0.000,0.00
1777908654,loop25,0.00,0.00,0.000,0.000,0.00
1777908654,loop26,0.00,0.00,0.000,0.000,0.00
1777908654,loop27,0.00,0.00,0.000,0.000,0.00
1777908654,loop28,0.00,0.00,0.000,0.000,0.00
1777908654,loop29,0.00,0.00,0.000,0.000,0.00
1777908654,loop3,0.00,0.00,0.000,0.000,0.00
1777908654,loop30,0.00,0.00,0.000,0.000,0.00
1777908654,loop31,0.00,0.00,0.000,0.000,0.00
1777908654,loop32,0.00,0.00,0.000,0.000,0.00
1777908654,loop33,0.00,0.00,0.000,0.000,0.00
1777908654,loop34,0.00,0.00,0.000,0.000,0.00
1777908654,loop35,0.00,0.00,0.000,0.000,0.00
1777908654,loop36,0.00,0.00,0.000,0.000,0.00
1777908654,loop37,0.00,0.00,0.000,0.000,0.00
1777908654,loop38,0.00,0.00,0.000,0.000,0.00
1777908654,loop39,0.00,0.00,0.000,0.000,0.00
1777908654,loop4,0.00,0.00,0.000,0.000,0.00
1777908654,loop40,0.00,0.00,0.000,0.000,0.00
1777908654,loop5,0.00,0.00,0.000,0.000,0.00
1777908654,loop6,0.00,0.00,0.000,0.000,0.00
1777908654,loop7,0.00,0.00,0.000,0.000,0.00
1777908654,loop8,0.00,0.00,0.000,0.000,0.00
1777908654,loop9,0.00,0.00,0.000,0.000,0.00
1777908654,nvme0n1,6.00,248.00,0.000,0.000,4.80
1777908655,loop0,0.00,0.00,0.000,0.000,0.00
1777908655,loop1,0.00,0.00,0.000,0.000,0.00
1777908655,loop10,0.00,0.00,0.000,0.000,0.00
1777908655,loop11,0.00,0.00,0.000,0.000,0.00
1777908655,loop12,0.00,0.00,0.000,0.000,0.00
1777908655,loop13,0.00,0.00,0.000,0.000,0.00
1777908655,loop14,0.00,0.00,0.000,0.000,0.00
1777908655,loop15,0.00,0.00,0.000,0.000,0.00
1777908655,loop16,0.00,0.00,0.000,0.000,0.00
1777908655,loop17,0.00,0.00,0.000,0.000,0.00
1777908655,loop18,0.00,0.00,0.000,0.000,0.00
1777908655,loop19,0.00,0.00,0.000,0.000,0.00
1777908655,loop2,0.00,0.00,0.000,0.000,0.00
1777908655,loop20,0.00,0.00,0.000,0.000,0.00
1777908655,loop21,0.00,0.00,0.000,0.000,0.00
1777908655,loop22,0.00,0.00,0.000,0.000,0.00
1777908655,loop23,0.00,0.00,0.000,0.000,0.00
1777908655,loop24,0.00,0.00,0.000,0.000,0.00
1777908655,loop25,0.00,0.00,0.000,0.000,0.00
1777908655,loop26,0.00,0.00,0.000,0.000,0.00
1777908655,loop27,0.00,0.00,0.000,0.000,0.00
1777908655,loop28,0.00,0.00,0.000,0.000,0.00
1777908655,loop29,0.00,0.00,0.000,0.000,0.00
1777908655,loop3,0.00,0.00,0.000,0.000,0.00
1777908655,loop30,0.00,0.00,0.000,0.000,0.00
1777908655,loop31,0.00,0.00,0.000,0.000,0.00
1777908655,loop32,0.00,0.00,0.000,0.000,0.00
1777908655,loop33,0.00,0.00,0.000,0.000,0.00
1777908655,loop34,0.00,0.00,0.000,0.000,0.00
1777908655,loop35,0.00,0.00,0.000,0.000,0.00
1777908655,loop36,0.00,0.00,0.000,0.000,0.00
1777908655,loop37,0.00,0.00,0.000,0.000,0.00
1777908655,loop38,0.00,0.00,0.000,0.000,0.00
1777908655,loop39,0.00,0.00,0.000,0.000,0.00
1777908655,loop4,0.00,0.00,0.000,0.000,0.00
1777908655,loop40,0.00,0.00,0.000,0.000,0.00
1777908655,loop5,0.00,0.00,0.000,0.000,0.00
1777908655,loop6,0.00,0.00,0.000,0.000,0.00
1777908655,loop7,0.00,0.00,0.000,0.000,0.00
1777908655,loop8,0.00,0.00,0.000,0.000,0.00
1777908655,loop9,0.00,0.00,0.000,0.000,0.00
1777908655,nvme0n1,0.00,0.00,0.000,0.000,0.60
1777908656,loop0,0.00,0.00,0.000,0.000,0.00
1777908656,loop1,0.00,0.00,0.000,0.000,0.00
1777908656,loop10,0.00,0.00,0.000,0.000,0.00
1777908656,loop11,0.00,0.00,0.000,0.000,0.00
1777908656,loop12,0.00,0.00,0.000,0.000,0.00
1777908656,loop13,0.00,0.00,0.000,0.000,0.00
1777908656,loop14,0.00,0.00,0.000,0.000,0.00
1777908656,loop15,0.00,0.00,0.000,0.000,0.00
1777908656,loop16,0.00,0.00,0.000,0.000,0.00
1777908656,loop17,0.00,0.00,0.000,0.000,0.00
1777908656,loop18,0.00,0.00,0.000,0.000,0.00
1777908656,loop19,0.00,0.00,0.000,0.000,0.00
1777908656,loop2,0.00,0.00,0.000,0.000,0.00
1777908656,loop20,0.00,0.00,0.000,0.000,0.00
1777908656,loop21,0.00,0.00,0.000,0.000,0.00
1777908656,loop22,0.00,0.00,0.000,0.000,0.00
1777908656,loop23,0.00,0.00,0.000,0.000,0.00
1777908656,loop24,0.00,0.00,0.000,0.000,0.00
1777908656,loop25,0.00,0.00,0.000,0.000,0.00
1777908656,loop26,0.00,0.00,0.000,0.000,0.00
1777908656,loop27,0.00,0.00,0.000,0.000,0.00
1777908656,loop28,0.00,0.00,0.000,0.000,0.00
1777908656,loop29,0.00,0.00,0.000,0.000,0.00
1777908656,loop3,0.00,0.00,0.000,0.000,0.00
1777908656,loop30,0.00,0.00,0.000,0.000,0.00
1777908656,loop31,0.00,0.00,0.000,0.000,0.00
1777908656,loop32,0.00,0.00,0.000,0.000,0.00
1777908656,loop33,0.00,0.00,0.000,0.000,0.00
1777908656,loop34,0.00,0.00,0.000,0.000,0.00
1777908656,loop35,0.00,0.00,0.000,0.000,0.00
1777908656,loop36,0.00,0.00,0.000,0.000,0.00
1777908656,loop37,0.00,0.00,0.000,0.000,0.00
1777908656,loop38,0.00,0.00,0.000,0.000,0.00
1777908656,loop39,0.00,0.00,0.000,0.000,0.00
1777908656,loop4,0.00,0.00,0.000,0.000,0.00
1777908656,loop40,0.00,0.00,0.000,0.000,0.00
1777908656,loop5,0.00,0.00,0.000,0.000,0.00
1777908656,loop6,0.00,0.00,0.000,0.000,0.00
1777908656,loop7,0.00,0.00,0.000,0.000,0.00
1777908656,loop8,0.00,0.00,0.000,0.000,0.00
1777908656,loop9,0.00,0.00,0.000,0.000,0.00
1777908656,nvme0n1,0.00,0.00,0.000,0.000,0.00
1777908657,loop0,0.00,0.00,0.000,0.000,0.00
1777908657,loop1,0.00,0.00,0.000,0.000,0.00
1777908657,loop10,0.00,0.00,0.000,0.000,0.00
1777908657,loop11,0.00,0.00,0.000,0.000,0.00
1777908657,loop12,0.00,0.00,0.000,0.000,0.00
1777908657,loop13,0.00,0.00,0.000,0.000,0.00
1777908657,loop14,0.00,0.00,0.000,0.000,0.00
1777908657,loop15,0.00,0.00,0.000,0.000,0.00
1777908657,loop16,0.00,0.00,0.000,0.000,0.00
1777908657,loop17,0.00,0.00,0.000,0.000,0.00
1777908657,loop18,0.00,0.00,0.000,0.000,0.00
1777908657,loop19,0.00,0.00,0.000,0.000,0.00
1777908657,loop2,0.00,0.00,0.000,0.000,0.00
1777908657,loop20,0.00,0.00,0.000,0.000,0.00
1777908657,loop21,0.00,0.00,0.000,0.000,0.00
1777908657,loop22,0.00,0.00,0.000,0.000,0.00
1777908657,loop23,0.00,0.00,0.000,0.000,0.00
1777908657,loop24,0.00,0.00,0.000,0.000,0.00
1777908657,loop25,0.00,0.00,0.000,0.000,0.00
1777908657,loop26,0.00,0.00,0.000,0.000,0.00
1777908657,loop27,0.00,0.00,0.000,0.000,0.00
1777908657,loop28,0.00,0.00,0.000,0.000,0.00
1777908657,loop29,0.00,0.00,0.000,0.000,0.00
1777908657,loop3,0.00,0.00,0.000,0.000,0.00
1777908657,loop30,0.00,0.00,0.000,0.000,0.00
1777908657,loop31,0.00,0.00,0.000,0.000,0.00
1777908657,loop32,0.00,0.00,0.000,0.000,0.00
1777908657,loop33,0.00,0.00,0.000,0.000,0.00
1777908657,loop34,0.00,0.00,0.000,0.000,0.00
1777908657,loop35,0.00,0.00,0.000,0.000,0.00
1777908657,loop36,0.00,0.00,0.000,0.000,0.00
1777908657,loop37,0.00,0.00,0.000,0.000,0.00
1777908657,loop38,0.00,0.00,0.000,0.000,0.00
1777908657,loop39,0.00,0.00,0.000,0.000,0.00
1777908657,loop4,0.00,0.00,0.000,0.000,0.00
1777908657,loop40,0.00,0.00,0.000,0.000,0.00
1777908657,loop5,0.00,0.00,0.000,0.000,0.00
1777908657,loop6,0.00,0.00,0.000,0.000,0.00
1777908657,loop7,0.00,0.00,0.000,0.000,0.00
1777908657,loop8,0.00,0.00,0.000,0.000,0.00
1777908657,loop9,0.00,0.00,0.000,0.000,0.00
1777908657,nvme0n1,0.00,0.00,0.000,0.000,0.00
1777908658,loop0,0.00,0.00,0.000,0.000,0.00
1777908658,loop1,0.00,0.00,0.000,0.000,0.00
1777908658,loop10,0.00,0.00,0.000,0.000,0.00
1777908658,loop11,0.00,0.00,0.000,0.000,0.00
1777908658,loop12,0.00,0.00,0.000,0.000,0.00
1777908658,loop13,0.00,0.00,0.000,0.000,0.00
1777908658,loop14,0.00,0.00,0.000,0.000,0.00
1777908658,loop15,0.00,0.00,0.000,0.000,0.00
1777908658,loop16,0.00,0.00,0.000,0.000,0.00
1777908658,loop17,0.00,0.00,0.000,0.000,0.00
1777908658,loop18,0.00,0.00,0.000,0.000,0.00
1777908658,loop19,0.00,0.00,0.000,0.000,0.00
1777908658,loop2,0.00,0.00,0.000,0.000,0.00
1777908658,loop20,0.00,0.00,0.000,0.000,0.00
1777908658,loop21,0.00,0.00,0.000,0.000,0.00
1777908658,loop22,0.00,0.00,0.000,0.000,0.00
1777908658,loop23,0.00,0.00,0.000,0.000,0.00
1777908658,loop24,0.00,0.00,0.000,0.000,0.00
1777908658,loop25,0.00,0.00,0.000,0.000,0.00
1777908658,loop26,0.00,0.00,0.000,0.000,0.00
1777908658,loop27,0.00,0.00,0.000,0.000,0.00
1777908658,loop28,0.00,0.00,0.000,0.000,0.00
1777908658,loop29,0.00,0.00,0.000,0.000,0.00
1777908658,loop3,0.00,0.00,0.000,0.000,0.00
1777908658,loop30,0.00,0.00,0.000,0.000,0.00
1777908658,loop31,0.00,0.00,0.000,0.000,0.00
1777908658,loop32,0.00,0.00,0.000,0.000,0.00
1777908658,loop33,0.00,0.00,0.000,0.000,0.00
1777908658,loop34,0.00,0.00,0.000,0.000,0.00
1777908658,loop35,0.00,0.00,0.000,0.000,0.00
1777908658,loop36,0.00,0.00,0.000,0.000,0.00
1777908658,loop37,0.00,0.00,0.000,0.000,0.00
1777908658,loop38,0.00,0.00,0.000,0.000,0.00
1777908658,loop39,0.00,0.00,0.000,0.000,0.00
1777908658,loop4,0.00,0.00,0.000,0.000,0.00
1777908658,loop40,0.00,0.00,0.000,0.000,0.00
1777908658,loop5,0.00,0.00,0.000,0.000,0.00
1777908658,loop6,0.00,0.00,0.000,0.000,0.00
1777908658,loop7,0.00,0.00,0.000,0.000,0.00
1777908658,loop8,0.00,0.00,0.000,0.000,0.00
1777908658,loop9,0.00,0.00,0.000,0.000,0.00
1777908658,nvme0n1,0.00,0.00,0.000,0.000,0.00
1777908659,loop0,0.00,0.00,0.000,0.000,0.00
1777908659,loop1,0.00,0.00,0.000,0.000,0.00
1777908659,loop10,0.00,0.00,0.000,0.000,0.00
1777908659,loop11,0.00,0.00,0.000,0.000,0.00
1777908659,loop12,0.00,0.00,0.000,0.000,0.00
1777908659,loop13,0.00,0.00,0.000,0.000,0.00
1777908659,loop14,0.00,0.00,0.000,0.000,0.00
1777908659,loop15,0.00,0.00,0.000,0.000,0.00
1777908659,loop16,0.00,0.00,0.000,0.000,0.00
1777908659,loop17,0.00,0.00,0.000,0.000,0.00
1777908659,loop18,0.00,0.00,0.000,0.000,0.00
1777908659,loop19,0.00,0.00,0.000,0.000,0.00
1777908659,loop2,0.00,0.00,0.000,0.000,0.00
1777908659,loop20,0.00,0.00,0.000,0.000,0.00
1777908659,loop21,0.00,0.00,0.000,0.000,0.00
1777908659,loop22,0.00,0.00,0.000,0.000,0.00
1777908659,loop23,0.00,0.00,0.000,0.000,0.00
1777908659,loop24,0.00,0.00,0.000,0.000,0.00
1777908659,loop25,0.00,0.00,0.000,0.000,0.00
1777908659,loop26,0.00,0.00,0.000,0.000,0.00
1777908659,loop27,0.00,0.00,0.000,0.000,0.00
1777908659,loop28,0.00,0.00,0.000,0.000,0.00
1777908659,loop29,0.00,0.00,0.000,0.000,0.00
1777908659,loop3,0.00,0.00,0.000,0.000,0.00
1777908659,loop30,0.00,0.00,0.000,0.000,0.00
1777908659,loop31,0.00,0.00,0.000,0.000,0.00
1777908659,loop32,0.00,0.00,0.000,0.000,0.00
1777908659,loop33,0.00,0.00,0.000,0.000,0.00
1777908659,loop34,0.00,0.00,0.000,0.000,0.00
1777908659,loop35,0.00,0.00,0.000,0.000,0.00
1777908659,loop36,0.00,0.00,0.000,0.000,0.00
1777908659,loop37,0.00,0.00,0.000,0.000,0.00
1777908659,loop38,0.00,0.00,0.000,0.000,0.00
1777908659,loop39,0.00,0.00,0.000,0.000,0.00
1777908659,loop4,0.00,0.00,0.000,0.000,0.00
1777908659,loop40,0.00,0.00,0.000,0.000,0.00
1777908659,loop5,0.00,0.00,0.000,0.000,0.00
1777908659,loop6,0.00,0.00,0.000,0.000,0.00
1777908659,loop7,0.00,0.00,0.000,0.000,0.00
1777908659,loop8,0.00,0.00,0.000,0.000,0.00
1777908659,loop9,0.00,0.00,0.000,0.000,0.00
1777908659,nvme0n1,3.00,16.00,0.001,0.024,2.30
1777908660,loop0,0.00,0.00,0.000,0.000,0.00
1777908660,loop1,0.00,0.00,0.000,0.000,0.00
1777908660,loop10,0.00,0.00,0.000,0.000,0.00
1777908660,loop11,0.00,0.00,0.000,0.000,0.00
1777908660,loop12,0.00,0.00,0.000,0.000,0.00
1777908660,loop13,0.00,0.00,0.000,0.000,0.00
1777908660,loop14,0.00,0.00,0.000,0.000,0.00
1777908660,loop15,0.00,0.00,0.000,0.000,0.00
1777908660,loop16,0.00,0.00,0.000,0.000,0.00
1777908660,loop17,0.00,0.00,0.000,0.000,0.00
1777908660,loop18,0.00,0.00,0.000,0.000,0.00
1777908660,loop19,0.00,0.00,0.000,0.000,0.00
1777908660,loop2,0.00,0.00,0.000,0.000,0.00
1777908660,loop20,0.00,0.00,0.000,0.000,0.00
1777908660,loop21,0.00,0.00,0.000,0.000,0.00
1777908660,loop22,0.00,0.00,0.000,0.000,0.00
1777908660,loop23,0.00,0.00,0.000,0.000,0.00
1777908660,loop24,0.00,0.00,0.000,0.000,0.00
1777908660,loop25,0.00,0.00,0.000,0.000,0.00
1777908660,loop26,0.00,0.00,0.000,0.000,0.00
1777908660,loop27,0.00,0.00,0.000,0.000,0.00
1777908660,loop28,0.00,0.00,0.000,0.000,0.00
1777908660,loop29,0.00,0.00,0.000,0.000,0.00
1777908660,loop3,0.00,0.00,0.000,0.000,0.00
1777908660,loop30,0.00,0.00,0.000,0.000,0.00
1777908660,loop31,0.00,0.00,0.000,0.000,0.00
1777908660,loop32,0.00,0.00,0.000,0.000,0.00
1777908660,loop33,0.00,0.00,0.000,0.000,0.00
1777908660,loop34,0.00,0.00,0.000,0.000,0.00
1777908660,loop35,0.00,0.00,0.000,0.000,0.00
1777908660,loop36,0.00,0.00,0.000,0.000,0.00
1777908660,loop37,0.00,0.00,0.000,0.000,0.00
1777908660,loop38,0.00,0.00,0.000,0.000,0.00
1777908660,loop39,0.00,0.00,0.000,0.000,0.00
1777908660,loop4,0.00,0.00,0.000,0.000,0.00
1777908660,loop40,0.00,0.00,0.000,0.000,0.00
1777908660,loop5,0.00,0.00,0.000,0.000,0.00
1777908660,loop6,0.00,0.00,0.000,0.000,0.00
1777908660,loop7,0.00,0.00,0.000,0.000,0.00
1777908660,loop8,0.00,0.00,0.000,0.000,0.00
1777908660,loop9,0.00,0.00,0.000,0.000,0.00
1777908660,nvme0n1,0.00,0.00,0.000,0.000,1.00
1777908661,loop0,0.00,0.00,0.000,0.000,0.00
1777908661,loop1,0.00,0.00,0.000,0.000,0.00
1777908661,loop10,0.00,0.00,0.000,0.000,0.00
1777908661,loop11,0.00,0.00,0.000,0.000,0.00
1777908661,loop12,0.00,0.00,0.000,0.000,0.00
1777908661,loop13,0.00,0.00,0.000,0.000,0.00
1777908661,loop14,0.00,0.00,0.000,0.000,0.00
1777908661,loop15,0.00,0.00,0.000,0.000,0.00
1777908661,loop16,0.00,0.00,0.000,0.000,0.00
1777908661,loop17,0.00,0.00,0.000,0.000,0.00
1777908661,loop18,0.00,0.00,0.000,0.000,0.00
1777908661,loop19,0.00,0.00,0.000,0.000,0.00
1777908661,loop2,0.00,0.00,0.000,0.000,0.00
1777908661,loop20,0.00,0.00,0.000,0.000,0.00
1777908661,loop21,0.00,0.00,0.000,0.000,0.00
1777908661,loop22,0.00,0.00,0.000,0.000,0.00
1777908661,loop23,0.00,0.00,0.000,0.000,0.00
1777908661,loop24,0.00,0.00,0.000,0.000,0.00
1777908661,loop25,0.00,0.00,0.000,0.000,0.00
1777908661,loop26,0.00,0.00,0.000,0.000,0.00
1777908661,loop27,0.00,0.00,0.000,0.000,0.00
1777908661,loop28,0.00,0.00,0.000,0.000,0.00
1777908661,loop29,0.00,0.00,0.000,0.000,0.00
1777908661,loop3,0.00,0.00,0.000,0.000,0.00
1777908661,loop30,0.00,0.00,0.000,0.000,0.00
1777908661,loop31,0.00,0.00,0.000,0.000,0.00
1777908661,loop32,0.00,0.00,0.000,0.000,0.00
1777908661,loop33,0.00,0.00,0.000,0.000,0.00
1777908661,loop34,0.00,0.00,0.000,0.000,0.00
1777908661,loop35,0.00,0.00,0.000,0.000,0.00
1777908661,loop36,0.00,0.00,0.000,0.000,0.00
1777908661,loop37,0.00,0.00,0.000,0.000,0.00
1777908661,loop38,0.00,0.00,0.000,0.000,0.00
1777908661,loop39,0.00,0.00,0.000,0.000,0.00
1777908661,loop4,0.00,0.00,0.000,0.000,0.00
1777908661,loop40,0.00,0.00,0.000,0.000,0.00
1777908661,loop5,0.00,0.00,0.000,0.000,0.00
1777908661,loop6,0.00,0.00,0.000,0.000,0.00
1777908661,loop7,0.00,0.00,0.000,0.000,0.00
1777908661,loop8,0.00,0.00,0.000,0.000,0.00
1777908661,loop9,0.00,0.00,0.000,0.000,0.00
1777908661,nvme0n1,0.00,0.00,0.000,0.000,0.70
1777908662,loop0,0.00,0.00,0.000,0.000,0.00
1777908662,loop1,0.00,0.00,0.000,0.000,0.00
1777908662,loop10,0.00,0.00,0.000,0.000,0.00
1777908662,loop11,0.00,0.00,0.000,0.000,0.00
1777908662,loop12,0.00,0.00,0.000,0.000,0.00
1777908662,loop13,0.00,0.00,0.000,0.000,0.00
1777908662,loop14,0.00,0.00,0.000,0.000,0.00
1777908662,loop15,0.00,0.00,0.000,0.000,0.00
1777908662,loop16,0.00,0.00,0.000,0.000,0.00
1777908662,loop17,0.00,0.00,0.000,0.000,0.00
1777908662,loop18,0.00,0.00,0.000,0.000,0.00
1777908662,loop19,0.00,0.00,0.000,0.000,0.00
1777908662,loop2,0.00,0.00,0.000,0.000,0.00
1777908662,loop20,0.00,0.00,0.000,0.000,0.00
1777908662,loop21,0.00,0.00,0.000,0.000,0.00
1777908662,loop22,0.00,0.00,0.000,0.000,0.00
1777908662,loop23,0.00,0.00,0.000,0.000,0.00
1777908662,loop24,0.00,0.00,0.000,0.000,0.00
1777908662,loop25,0.00,0.00,0.000,0.000,0.00
1777908662,loop26,0.00,0.00,0.000,0.000,0.00
1777908662,loop27,0.00,0.00,0.000,0.000,0.00
1777908662,loop28,0.00,0.00,0.000,0.000,0.00
1777908662,loop29,0.00,0.00,0.000,0.000,0.00
1777908662,loop3,0.00,0.00,0.000,0.000,0.00
1777908662,loop30,0.00,0.00,0.000,0.000,0.00
1777908662,loop31,0.00,0.00,0.000,0.000,0.00
1777908662,loop32,0.00,0.00,0.000,0.000,0.00
1777908662,loop33,0.00,0.00,0.000,0.000,0.00
1777908662,loop34,0.00,0.00,0.000,0.000,0.00
1777908662,loop35,0.00,0.00,0.000,0.000,0.00
1777908662,loop36,0.00,0.00,0.000,0.000,0.00
1777908662,loop37,0.00,0.00,0.000,0.000,0.00
1777908662,loop38,0.00,0.00,0.000,0.000,0.00
1777908662,loop39,0.00,0.00,0.000,0.000,0.00
1777908662,loop4,0.00,0.00,0.000,0.000,0.00
1777908662,loop40,0.00,0.00,0.000,0.000,0.00
1777908662,loop5,0.00,0.00,0.000,0.000,0.00
1777908662,loop6,0.00,0.00,0.000,0.000,0.00
1777908662,loop7,0.00,0.00,0.000,0.000,0.00
1777908662,loop8,0.00,0.00,0.000,0.000,0.00
1777908662,loop9,0.00,0.00,0.000,0.000,0.00
1777908662,nvme0n1,5.00,20.00,0.000,0.000,0.10
1777908663,loop0,0.00,0.00,0.000,0.000,0.00
1777908663,loop1,0.00,0.00,0.000,0.000,0.00
1777908663,loop10,0.00,0.00,0.000,0.000,0.00
1777908663,loop11,0.00,0.00,0.000,0.000,0.00
1777908663,loop12,0.00,0.00,0.000,0.000,0.00
1777908663,loop13,0.00,0.00,0.000,0.000,0.00
1777908663,loop14,0.00,0.00,0.000,0.000,0.00
1777908663,loop15,0.00,0.00,0.000,0.000,0.00
1777908663,loop16,0.00,0.00,0.000,0.000,0.00
1777908663,loop17,0.00,0.00,0.000,0.000,0.00
1777908663,loop18,0.00,0.00,0.000,0.000,0.00
1777908663,loop19,0.00,0.00,0.000,0.000,0.00
1777908663,loop2,0.00,0.00,0.000,0.000,0.00
1777908663,loop20,0.00,0.00,0.000,0.000,0.00
1777908663,loop21,0.00,0.00,0.000,0.000,0.00
1777908663,loop22,0.00,0.00,0.000,0.000,0.00
1777908663,loop23,0.00,0.00,0.000,0.000,0.00
1777908663,loop24,0.00,0.00,0.000,0.000,0.00
1777908663,loop25,0.00,0.00,0.000,0.000,0.00
1777908663,loop26,0.00,0.00,0.000,0.000,0.00
1777908663,loop27,0.00,0.00,0.000,0.000,0.00
1777908663,loop28,0.00,0.00,0.000,0.000,0.00
1777908663,loop29,0.00,0.00,0.000,0.000,0.00
1777908663,loop3,0.00,0.00,0.000,0.000,0.00
1777908663,loop30,0.00,0.00,0.000,0.000,0.00
1777908663,loop31,0.00,0.00,0.000,0.000,0.00
1777908663,loop32,0.00,0.00,0.000,0.000,0.00
1777908663,loop33,0.00,0.00,0.000,0.000,0.00
1777908663,loop34,0.00,0.00,0.000,0.000,0.00
1777908663,loop35,0.00,0.00,0.000,0.000,0.00
1777908663,loop36,0.00,0.00,0.000,0.000,0.00
1777908663,loop37,0.00,0.00,0.000,0.000,0.00
1777908663,loop38,0.00,0.00,0.000,0.000,0.00
1777908663,loop39,0.00,0.00,0.000,0.000,0.00
1777908663,loop4,0.00,0.00,0.000,0.000,0.00
1777908663,loop40,0.00,0.00,0.000,0.000,0.00
1777908663,loop5,0.00,0.00,0.000,0.000,0.00
1777908663,loop6,0.00,0.00,0.000,0.000,0.00
1777908663,loop7,0.00,0.00,0.000,0.000,0.00
1777908663,loop8,0.00,0.00,0.000,0.000,0.00
1777908663,loop9,0.00,0.00,0.000,0.000,0.00
1777908663,nvme0n1,0.00,0.00,0.000,0.000,0.00
1777908664,loop0,0.00,0.00,0.000,0.000,0.00
1777908664,loop1,0.00,0.00,0.000,0.000,0.00
1777908664,loop10,0.00,0.00,0.000,0.000,0.00
1777908664,loop11,0.00,0.00,0.000,0.000,0.00
1777908664,loop12,0.00,0.00,0.000,0.000,0.00
1777908664,loop13,0.00,0.00,0.000,0.000,0.00
1777908664,loop14,0.00,0.00,0.000,0.000,0.00
1777908664,loop15,0.00,0.00,0.000,0.000,0.00
1777908664,loop16,0.00,0.00,0.000,0.000,0.00
1777908664,loop17,0.00,0.00,0.000,0.000,0.00
1777908664,loop18,0.00,0.00,0.000,0.000,0.00
1777908664,loop19,0.00,0.00,0.000,0.000,0.00
1777908664,loop2,0.00,0.00,0.000,0.000,0.00
1777908664,loop20,0.00,0.00,0.000,0.000,0.00
1777908664,loop21,0.00,0.00,0.000,0.000,0.00
1777908664,loop22,0.00,0.00,0.000,0.000,0.00
1777908664,loop23,0.00,0.00,0.000,0.000,0.00
1777908664,loop24,0.00,0.00,0.000,0.000,0.00
1777908664,loop25,0.00,0.00,0.000,0.000,0.00
1777908664,loop26,0.00,0.00,0.000,0.000,0.00
1777908664,loop27,0.00,0.00,0.000,0.000,0.00
1777908664,loop28,0.00,0.00,0.000,0.000,0.00
1777908664,loop29,0.00,0.00,0.000,0.000,0.00
1777908664,loop3,0.00,0.00,0.000,0.000,0.00
1777908664,loop30,0.00,0.00,0.000,0.000,0.00
1777908664,loop31,0.00,0.00,0.000,0.000,0.00
1777908664,loop32,0.00,0.00,0.000,0.000,0.00
1777908664,loop33,0.00,0.00,0.000,0.000,0.00
1777908664,loop34,0.00,0.00,0.000,0.000,0.00
1777908664,loop35,0.00,0.00,0.000,0.000,0.00
1777908664,loop36,0.00,0.00,0.000,0.000,0.00
1777908664,loop37,0.00,0.00,0.000,0.000,0.00
1777908664,loop38,0.00,0.00,0.000,0.000,0.00
1777908664,loop39,0.00,0.00,0.000,0.000,0.00
1777908664,loop4,0.00,0.00,0.000,0.000,0.00
1777908664,loop40,0.00,0.00,0.000,0.000,0.00
1777908664,loop5,0.00,0.00,0.000,0.000,0.00
1777908664,loop6,0.00,0.00,0.000,0.000,0.00
1777908664,loop7,0.00,0.00,0.000,0.000,0.00
1777908664,loop8,0.00,0.00,0.000,0.000,0.00
1777908664,loop9,0.00,0.00,0.000,0.000,0.00
1777908664,nvme0n1,0.00,0.00,0.000,0.000,2.10
1777908665,loop0,0.00,0.00,0.000,0.000,0.00
1777908665,loop1,0.00,0.00,0.000,0.000,0.00
1777908665,loop10,0.00,0.00,0.000,0.000,0.00
1777908665,loop11,0.00,0.00,0.000,0.000,0.00
1777908665,loop12,0.00,0.00,0.000,0.000,0.00
1777908665,loop13,0.00,0.00,0.000,0.000,0.00
1777908665,loop14,0.00,0.00,0.000,0.000,0.00
1777908665,loop15,0.00,0.00,0.000,0.000,0.00
1777908665,loop16,0.00,0.00,0.000,0.000,0.00
1777908665,loop17,0.00,0.00,0.000,0.000,0.00
1777908665,loop18,0.00,0.00,0.000,0.000,0.00
1777908665,loop19,0.00,0.00,0.000,0.000,0.00
1777908665,loop2,0.00,0.00,0.000,0.000,0.00
1777908665,loop20,0.00,0.00,0.000,0.000,0.00
1777908665,loop21,0.00,0.00,0.000,0.000,0.00
1777908665,loop22,0.00,0.00,0.000,0.000,0.00
1777908665,loop23,0.00,0.00,0.000,0.000,0.00
1777908665,loop24,0.00,0.00,0.000,0.000,0.00
1777908665,loop25,0.00,0.00,0.000,0.000,0.00
1777908665,loop26,0.00,0.00,0.000,0.000,0.00
1777908665,loop27,0.00,0.00,0.000,0.000,0.00
1777908665,loop28,0.00,0.00,0.000,0.000,0.00
1777908665,loop29,0.00,0.00,0.000,0.000,0.00
1777908665,loop3,0.00,0.00,0.000,0.000,0.00
1777908665,loop30,0.00,0.00,0.000,0.000,0.00
1777908665,loop31,0.00,0.00,0.000,0.000,0.00
1777908665,loop32,0.00,0.00,0.000,0.000,0.00
1777908665,loop33,0.00,0.00,0.000,0.000,0.00
1777908665,loop34,0.00,0.00,0.000,0.000,0.00
1777908665,loop35,0.00,0.00,0.000,0.000,0.00
1777908665,loop36,0.00,0.00,0.000,0.000,0.00
1777908665,loop37,0.00,0.00,0.000,0.000,0.00
1777908665,loop38,0.00,0.00,0.000,0.000,0.00
1777908665,loop39,0.00,0.00,0.000,0.000,0.00
1777908665,loop4,0.00,0.00,0.000,0.000,0.00
1777908665,loop40,0.00,0.00,0.000,0.000,0.00
1777908665,loop5,0.00,0.00,0.000,0.000,0.00
1777908665,loop6,0.00,0.00,0.000,0.000,0.00
1777908665,loop7,0.00,0.00,0.000,0.000,0.00
1777908665,loop8,0.00,0.00,0.000,0.000,0.00
1777908665,loop9,0.00,0.00,0.000,0.000,0.00
1777908665,nvme0n1,0.00,0.00,0.000,0.000,0.00
1777908666,loop0,0.00,0.00,0.000,0.000,0.00
1777908666,loop1,0.00,0.00,0.000,0.000,0.00
1777908666,loop10,0.00,0.00,0.000,0.000,0.00
1777908666,loop11,0.00,0.00,0.000,0.000,0.00
1777908666,loop12,0.00,0.00,0.000,0.000,0.00
1777908666,loop13,0.00,0.00,0.000,0.000,0.00
1777908666,loop14,0.00,0.00,0.000,0.000,0.00
1777908666,loop15,0.00,0.00,0.000,0.000,0.00
1777908666,loop16,0.00,0.00,0.000,0.000,0.00
1777908666,loop17,0.00,0.00,0.000,0.000,0.00
1777908666,loop18,0.00,0.00,0.000,0.000,0.00
1777908666,loop19,0.00,0.00,0.000,0.000,0.00
1777908666,loop2,0.00,0.00,0.000,0.000,0.00
1777908666,loop20,0.00,0.00,0.000,0.000,0.00
1777908666,loop21,0.00,0.00,0.000,0.000,0.00
1777908666,loop22,0.00,0.00,0.000,0.000,0.00
1777908666,loop23,0.00,0.00,0.000,0.000,0.00
1777908666,loop24,0.00,0.00,0.000,0.000,0.00
1777908666,loop25,0.00,0.00,0.000,0.000,0.00
1777908666,loop26,0.00,0.00,0.000,0.000,0.00
1777908666,loop27,0.00,0.00,0.000,0.000,0.00
1777908666,loop28,0.00,0.00,0.000,0.000,0.00
1777908666,loop29,0.00,0.00,0.000,0.000,0.00
1777908666,loop3,0.00,0.00,0.000,0.000,0.00
1777908666,loop30,0.00,0.00,0.000,0.000,0.00
1777908666,loop31,0.00,0.00,0.000,0.000,0.00
1777908666,loop32,0.00,0.00,0.000,0.000,0.00
1777908666,loop33,0.00,0.00,0.000,0.000,0.00
1777908666,loop34,0.00,0.00,0.000,0.000,0.00
1777908666,loop35,0.00,0.00,0.000,0.000,0.00
1777908666,loop36,0.00,0.00,0.000,0.000,0.00
1777908666,loop37,0.00,0.00,0.000,0.000,0.00
1777908666,loop38,0.00,0.00,0.000,0.000,0.00
1777908666,loop39,0.00,0.00,0.000,0.000,0.00
1777908666,loop4,0.00,0.00,0.000,0.000,0.00
1777908666,loop40,0.00,0.00,0.000,0.000,0.00
1777908666,loop5,0.00,0.00,0.000,0.000,0.00
1777908666,loop6,0.00,0.00,0.000,0.000,0.00
1777908666,loop7,0.00,0.00,0.000,0.000,0.00
1777908666,loop8,0.00,0.00,0.000,0.000,0.00
1777908666,loop9,0.00,0.00,0.000,0.000,0.00
1777908666,nvme0n1,0.00,0.00,0.000,0.000,0.00
1777908667,loop0,0.00,0.00,0.000,0.000,0.00
1777908667,loop1,0.00,0.00,0.000,0.000,0.00
1777908667,loop10,0.00,0.00,0.000,0.000,0.00
1777908667,loop11,0.00,0.00,0.000,0.000,0.00
1777908667,loop12,0.00,0.00,0.000,0.000,0.00
1777908667,loop13,0.00,0.00,0.000,0.000,0.00
1777908667,loop14,0.00,0.00,0.000,0.000,0.00
1777908667,loop15,0.00,0.00,0.000,0.000,0.00
1777908667,loop16,0.00,0.00,0.000,0.000,0.00
1777908667,loop17,0.00,0.00,0.000,0.000,0.00
1777908667,loop18,0.00,0.00,0.000,0.000,0.00
1777908667,loop19,0.00,0.00,0.000,0.000,0.00
1777908667,loop2,0.00,0.00,0.000,0.000,0.00
1777908667,loop20,0.00,0.00,0.000,0.000,0.00
1777908667,loop21,0.00,0.00,0.000,0.000,0.00
1777908667,loop22,0.00,0.00,0.000,0.000,0.00
1777908667,loop23,0.00,0.00,0.000,0.000,0.00
1777908667,loop24,0.00,0.00,0.000,0.000,0.00
1777908667,loop25,0.00,0.00,0.000,0.000,0.00
1777908667,loop26,0.00,0.00,0.000,0.000,0.00
1777908667,loop27,0.00,0.00,0.000,0.000,0.00
1777908667,loop28,0.00,0.00,0.000,0.000,0.00
1777908667,loop29,0.00,0.00,0.000,0.000,0.00
1777908667,loop3,0.00,0.00,0.000,0.000,0.00
1777908667,loop30,0.00,0.00,0.000,0.000,0.00
1777908667,loop31,0.00,0.00,0.000,0.000,0.00
1777908667,loop32,0.00,0.00,0.000,0.000,0.00
1777908667,loop33,0.00,0.00,0.000,0.000,0.00
1777908667,loop34,0.00,0.00,0.000,0.000,0.00
1777908667,loop35,0.00,0.00,0.000,0.000,0.00
1777908667,loop36,0.00,0.00,0.000,0.000,0.00
1777908667,loop37,0.00,0.00,0.000,0.000,0.00
1777908667,loop38,0.00,0.00,0.000,0.000,0.00
1777908667,loop39,0.00,0.00,0.000,0.000,0.00
1777908667,loop4,0.00,0.00,0.000,0.000,0.00
1777908667,loop40,0.00,0.00,0.000,0.000,0.00
1777908667,loop5,0.00,0.00,0.000,0.000,0.00
1777908667,loop6,0.00,0.00,0.000,0.000,0.00
1777908667,loop7,0.00,0.00,0.000,0.000,0.00
1777908667,loop8,0.00,0.00,0.000,0.000,0.00
1777908667,loop9,0.00,0.00,0.000,0.000,0.00
1777908667,nvme0n1,0.00,0.00,0.000,0.000,5.40
1777908668,loop0,0.00,0.00,0.000,0.000,0.00
1777908668,loop1,0.00,0.00,0.000,0.000,0.00
1777908668,loop10,0.00,0.00,0.000,0.000,0.00
1777908668,loop11,0.00,0.00,0.000,0.000,0.00
1777908668,loop12,0.00,0.00,0.000,0.000,0.00
1777908668,loop13,0.00,0.00,0.000,0.000,0.00
1777908668,loop14,0.00,0.00,0.000,0.000,0.00
1777908668,loop15,0.00,0.00,0.000,0.000,0.00
1777908668,loop16,0.00,0.00,0.000,0.000,0.00
1777908668,loop17,0.00,0.00,0.000,0.000,0.00
1777908668,loop18,0.00,0.00,0.000,0.000,0.00
1777908668,loop19,0.00,0.00,0.000,0.000,0.00
1777908668,loop2,0.00,0.00,0.000,0.000,0.00
1777908668,loop20,0.00,0.00,0.000,0.000,0.00
1777908668,loop21,0.00,0.00,0.000,0.000,0.00
1777908668,loop22,0.00,0.00,0.000,0.000,0.00
1777908668,loop23,0.00,0.00,0.000,0.000,0.00
1777908668,loop24,0.00,0.00,0.000,0.000,0.00
1777908668,loop25,0.00,0.00,0.000,0.000,0.00
1777908668,loop26,0.00,0.00,0.000,0.000,0.00
1777908668,loop27,0.00,0.00,0.000,0.000,0.00
1777908668,loop28,0.00,0.00,0.000,0.000,0.00
1777908668,loop29,0.00,0.00,0.000,0.000,0.00
1777908668,loop3,0.00,0.00,0.000,0.000,0.00
1777908668,loop30,0.00,0.00,0.000,0.000,0.00
1777908668,loop31,0.00,0.00,0.000,0.000,0.00
1777908668,loop32,0.00,0.00,0.000,0.000,0.00
1777908668,loop33,0.00,0.00,0.000,0.000,0.00
1777908668,loop34,0.00,0.00,0.000,0.000,0.00
1777908668,loop35,0.00,0.00,0.000,0.000,0.00
1777908668,loop36,0.00,0.00,0.000,0.000,0.00
1777908668,loop37,0.00,0.00,0.000,0.000,0.00
1777908668,loop38,0.00,0.00,0.000,0.000,0.00
1777908668,loop39,0.00,0.00,0.000,0.000,0.00
1777908668,loop4,0.00,0.00,0.000,0.000,0.00
1777908668,loop40,0.00,0.00,0.000,0.000,0.00
1777908668,loop5,0.00,0.00,0.000,0.000,0.00
1777908668,loop6,0.00,0.00,0.000,0.000,0.00
1777908668,loop7,0.00,0.00,0.000,0.000,0.00
1777908668,loop8,0.00,0.00,0.000,0.000,0.00
1777908668,loop9,0.00,0.00,0.000,0.000,0.00
1777908668,nvme0n1,0.00,0.00,0.000,0.000,0.50
1777908669,loop0,0.00,0.00,0.000,0.000,0.00
1777908669,loop1,0.00,0.00,0.000,0.000,0.00
1777908669,loop10,0.00,0.00,0.000,0.000,0.00
1777908669,loop11,0.00,0.00,0.000,0.000,0.00
1777908669,loop12,0.00,0.00,0.000,0.000,0.00
1777908669,loop13,0.00,0.00,0.000,0.000,0.00
1777908669,loop14,0.00,0.00,0.000,0.000,0.00
1777908669,loop15,0.00,0.00,0.000,0.000,0.00
1777908669,loop16,0.00,0.00,0.000,0.000,0.00
1777908669,loop17,0.00,0.00,0.000,0.000,0.00
1777908669,loop18,0.00,0.00,0.000,0.000,0.00
1777908669,loop19,0.00,0.00,0.000,0.000,0.00
1777908669,loop2,0.00,0.00,0.000,0.000,0.00
1777908669,loop20,0.00,0.00,0.000,0.000,0.00
1777908669,loop21,0.00,0.00,0.000,0.000,0.00
1777908669,loop22,0.00,0.00,0.000,0.000,0.00
1777908669,loop23,0.00,0.00,0.000,0.000,0.00
1777908669,loop24,0.00,0.00,0.000,0.000,0.00
1777908669,loop25,0.00,0.00,0.000,0.000,0.00
1777908669,loop26,0.00,0.00,0.000,0.000,0.00
1777908669,loop27,0.00,0.00,0.000,0.000,0.00
1777908669,loop28,0.00,0.00,0.000,0.000,0.00
1777908669,loop29,0.00,0.00,0.000,0.000,0.00
1777908669,loop3,0.00,0.00,0.000,0.000,0.00
1777908669,loop30,0.00,0.00,0.000,0.000,0.00
1777908669,loop31,0.00,0.00,0.000,0.000,0.00
1777908669,loop32,0.00,0.00,0.000,0.000,0.00
1777908669,loop33,0.00,0.00,0.000,0.000,0.00
1777908669,loop34,0.00,0.00,0.000,0.000,0.00
1777908669,loop35,0.00,0.00,0.000,0.000,0.00
1777908669,loop36,0.00,0.00,0.000,0.000,0.00
1777908669,loop37,0.00,0.00,0.000,0.000,0.00
1777908669,loop38,0.00,0.00,0.000,0.000,0.00
1777908669,loop39,0.00,0.00,0.000,0.000,0.00
1777908669,loop4,0.00,0.00,0.000,0.000,0.00
1777908669,loop40,0.00,0.00,0.000,0.000,0.00
1777908669,loop5,0.00,0.00,0.000,0.000,0.00
1777908669,loop6,0.00,0.00,0.000,0.000,0.00
1777908669,loop7,0.00,0.00,0.000,0.000,0.00
1777908669,loop8,0.00,0.00,0.000,0.000,0.00
1777908669,loop9,0.00,0.00,0.000,0.000,0.00
1777908669,nvme0n1,0.00,0.00,0.000,0.000,0.00
1777908670,loop0,0.00,0.00,0.000,0.000,0.00
1777908670,loop1,0.00,0.00,0.000,0.000,0.00
1777908670,loop10,0.00,0.00,0.000,0.000,0.00
1777908670,loop11,0.00,0.00,0.000,0.000,0.00
1777908670,loop12,0.00,0.00,0.000,0.000,0.00
1777908670,loop13,0.00,0.00,0.000,0.000,0.00
1777908670,loop14,0.00,0.00,0.000,0.000,0.00
1777908670,loop15,0.00,0.00,0.000,0.000,0.00
1777908670,loop16,0.00,0.00,0.000,0.000,0.00
1777908670,loop17,0.00,0.00,0.000,0.000,0.00
1777908670,loop18,0.00,0.00,0.000,0.000,0.00
1777908670,loop19,0.00,0.00,0.000,0.000,0.00
1777908670,loop2,0.00,0.00,0.000,0.000,0.00
1777908670,loop20,0.00,0.00,0.000,0.000,0.00
1777908670,loop21,0.00,0.00,0.000,0.000,0.00
1777908670,loop22,0.00,0.00,0.000,0.000,0.00
1777908670,loop23,0.00,0.00,0.000,0.000,0.00
1777908670,loop24,0.00,0.00,0.000,0.000,0.00
1777908670,loop25,0.00,0.00,0.000,0.000,0.00
1777908670,loop26,0.00,0.00,0.000,0.000,0.00
1777908670,loop27,0.00,0.00,0.000,0.000,0.00
1777908670,loop28,0.00,0.00,0.000,0.000,0.00
1777908670,loop29,0.00,0.00,0.000,0.000,0.00
1777908670,loop3,0.00,0.00,0.000,0.000,0.00
1777908670,loop30,0.00,0.00,0.000,0.000,0.00
1777908670,loop31,0.00,0.00,0.000,0.000,0.00
1777908670,loop32,0.00,0.00,0.000,0.000,0.00
1777908670,loop33,0.00,0.00,0.000,0.000,0.00
1777908670,loop34,0.00,0.00,0.000,0.000,0.00
1777908670,loop35,0.00,0.00,0.000,0.000,0.00
1777908670,loop36,0.00,0.00,0.000,0.000,0.00
1777908670,loop37,0.00,0.00,0.000,0.000,0.00
1777908670,loop38,0.00,0.00,0.000,0.000,0.00
1777908670,loop39,0.00,0.00,0.000,0.000,0.00
1777908670,loop4,0.00,0.00,0.000,0.000,0.00
1777908670,loop40,0.00,0.00,0.000,0.000,0.00
1777908670,loop5,0.00,0.00,0.000,0.000,0.00
1777908670,loop6,0.00,0.00,0.000,0.000,0.00
1777908670,loop7,0.00,0.00,0.000,0.000,0.00
1777908670,loop8,0.00,0.00,0.000,0.000,0.00
1777908670,loop9,0.00,0.00,0.000,0.000,0.00
1777908670,nvme0n1,0.00,0.00,0.000,0.000,0.00
1777908671,loop0,0.00,0.00,0.000,0.000,0.00
1777908671,loop1,0.00,0.00,0.000,0.000,0.00
1777908671,loop10,0.00,0.00,0.000,0.000,0.00
1777908671,loop11,0.00,0.00,0.000,0.000,0.00
1777908671,loop12,0.00,0.00,0.000,0.000,0.00
1777908671,loop13,0.00,0.00,0.000,0.000,0.00
1777908671,loop14,0.00,0.00,0.000,0.000,0.00
1777908671,loop15,0.00,0.00,0.000,0.000,0.00
1777908671,loop16,0.00,0.00,0.000,0.000,0.00
1777908671,loop17,0.00,0.00,0.000,0.000,0.00
1777908671,loop18,0.00,0.00,0.000,0.000,0.00
1777908671,loop19,0.00,0.00,0.000,0.000,0.00
1777908671,loop2,0.00,0.00,0.000,0.000,0.00
1777908671,loop20,0.00,0.00,0.000,0.000,0.00
1777908671,loop21,0.00,0.00,0.000,0.000,0.00
1777908671,loop22,0.00,0.00,0.000,0.000,0.00
1777908671,loop23,0.00,0.00,0.000,0.000,0.00
1777908671,loop24,0.00,0.00,0.000,0.000,0.00
1777908671,loop25,0.00,0.00,0.000,0.000,0.00
1777908671,loop26,0.00,0.00,0.000,0.000,0.00
1777908671,loop27,0.00,0.00,0.000,0.000,0.00
1777908671,loop28,0.00,0.00,0.000,0.000,0.00
1777908671,loop29,0.00,0.00,0.000,0.000,0.00
1777908671,loop3,0.00,0.00,0.000,0.000,0.00
1777908671,loop30,0.00,0.00,0.000,0.000,0.00
1777908671,loop31,0.00,0.00,0.000,0.000,0.00
1777908671,loop32,0.00,0.00,0.000,0.000,0.00
1777908671,loop33,0.00,0.00,0.000,0.000,0.00
1777908671,loop34,0.00,0.00,0.000,0.000,0.00
1777908671,loop35,0.00,0.00,0.000,0.000,0.00
1777908671,loop36,0.00,0.00,0.000,0.000,0.00
1777908671,loop37,0.00,0.00,0.000,0.000,0.00
1777908671,loop38,0.00,0.00,0.000,0.000,0.00
1777908671,loop39,0.00,0.00,0.000,0.000,0.00
1777908671,loop4,0.00,0.00,0.000,0.000,0.00
1777908671,loop40,0.00,0.00,0.000,0.000,0.00
1777908671,loop5,0.00,0.00,0.000,0.000,0.00
1777908671,loop6,0.00,0.00,0.000,0.000,0.00
1777908671,loop7,0.00,0.00,0.000,0.000,0.00
1777908671,loop8,0.00,0.00,0.000,0.000,0.00
1777908671,loop9,0.00,0.00,0.000,0.000,0.00
1777908671,nvme0n1,0.00,0.00,0.000,0.000,0.00
1777908672,loop0,0.00,0.00,0.000,0.000,0.00
1777908672,loop1,0.00,0.00,0.000,0.000,0.00
1777908672,loop10,0.00,0.00,0.000,0.000,0.00
1777908672,loop11,0.00,0.00,0.000,0.000,0.00
1777908672,loop12,0.00,0.00,0.000,0.000,0.00
1777908672,loop13,0.00,0.00,0.000,0.000,0.00
1777908672,loop14,0.00,0.00,0.000,0.000,0.00
1777908672,loop15,0.00,0.00,0.000,0.000,0.00
1777908672,loop16,0.00,0.00,0.000,0.000,0.00
1777908672,loop17,0.00,0.00,0.000,0.000,0.00
1777908672,loop18,0.00,0.00,0.000,0.000,0.00
1777908672,loop19,0.00,0.00,0.000,0.000,0.00
1777908672,loop2,0.00,0.00,0.000,0.000,0.00
1777908672,loop20,0.00,0.00,0.000,0.000,0.00
1777908672,loop21,0.00,0.00,0.000,0.000,0.00
1777908672,loop22,0.00,0.00,0.000,0.000,0.00
1777908672,loop23,0.00,0.00,0.000,0.000,0.00
1777908672,loop24,0.00,0.00,0.000,0.000,0.00
1777908672,loop25,0.00,0.00,0.000,0.000,0.00
1777908672,loop26,0.00,0.00,0.000,0.000,0.00
1777908672,loop27,0.00,0.00,0.000,0.000,0.00
1777908672,loop28,0.00,0.00,0.000,0.000,0.00
1777908672,loop29,0.00,0.00,0.000,0.000,0.00
1777908672,loop3,0.00,0.00,0.000,0.000,0.00
1777908672,loop30,0.00,0.00,0.000,0.000,0.00
1777908672,loop31,0.00,0.00,0.000,0.000,0.00
1777908672,loop32,0.00,0.00,0.000,0.000,0.00
1777908672,loop33,0.00,0.00,0.000,0.000,0.00
1777908672,loop34,0.00,0.00,0.000,0.000,0.00
1777908672,loop35,0.00,0.00,0.000,0.000,0.00
1777908672,loop36,0.00,0.00,0.000,0.000,0.00
1777908672,loop37,0.00,0.00,0.000,0.000,0.00
1777908672,loop38,0.00,0.00,0.000,0.000,0.00
1777908672,loop39,0.00,0.00,0.000,0.000,0.00
1777908672,loop4,0.00,0.00,0.000,0.000,0.00
1777908672,loop40,0.00,0.00,0.000,0.000,0.00
1777908672,loop5,0.00,0.00,0.000,0.000,0.00
1777908672,loop6,0.00,0.00,0.000,0.000,0.00
1777908672,loop7,0.00,0.00,0.000,0.000,0.00
1777908672,loop8,0.00,0.00,0.000,0.000,0.00
1777908672,loop9,0.00,0.00,0.000,0.000,0.00
1777908672,nvme0n1,0.00,0.00,0.000,0.000,0.00
1777908673,loop0,0.00,0.00,0.000,0.000,0.00
1777908673,loop1,0.00,0.00,0.000,0.000,0.00
1777908673,loop10,0.00,0.00,0.000,0.000,0.00
1777908673,loop11,0.00,0.00,0.000,0.000,0.00
1777908673,loop12,0.00,0.00,0.000,0.000,0.00
1777908673,loop13,0.00,0.00,0.000,0.000,0.00
1777908673,loop14,0.00,0.00,0.000,0.000,0.00
1777908673,loop15,0.00,0.00,0.000,0.000,0.00
1777908673,loop16,0.00,0.00,0.000,0.000,0.00
1777908673,loop17,0.00,0.00,0.000,0.000,0.00
1777908673,loop18,0.00,0.00,0.000,0.000,0.00
1777908673,loop19,0.00,0.00,0.000,0.000,0.00
1777908673,loop2,0.00,0.00,0.000,0.000,0.00
1777908673,loop20,0.00,0.00,0.000,0.000,0.00
1777908673,loop21,0.00,0.00,0.000,0.000,0.00
1777908673,loop22,0.00,0.00,0.000,0.000,0.00
1777908673,loop23,0.00,0.00,0.000,0.000,0.00
1777908673,loop24,0.00,0.00,0.000,0.000,0.00
1777908673,loop25,0.00,0.00,0.000,0.000,0.00
1777908673,loop26,0.00,0.00,0.000,0.000,0.00
1777908673,loop27,0.00,0.00,0.000,0.000,0.00
1777908673,loop28,0.00,0.00,0.000,0.000,0.00
1777908673,loop29,0.00,0.00,0.000,0.000,0.00
1777908673,loop3,0.00,0.00,0.000,0.000,0.00
1777908673,loop30,0.00,0.00,0.000,0.000,0.00
1777908673,loop31,0.00,0.00,0.000,0.000,0.00
1777908673,loop32,0.00,0.00,0.000,0.000,0.00
1777908673,loop33,0.00,0.00,0.000,0.000,0.00
1777908673,loop34,0.00,0.00,0.000,0.000,0.00
1777908673,loop35,0.00,0.00,0.000,0.000,0.00
1777908673,loop36,0.00,0.00,0.000,0.000,0.00
1777908673,loop37,0.00,0.00,0.000,0.000,0.00
1777908673,loop38,0.00,0.00,0.000,0.000,0.00
1777908673,loop39,0.00,0.00,0.000,0.000,0.00
1777908673,loop4,0.00,0.00,0.000,0.000,0.00
1777908673,loop40,0.00,0.00,0.000,0.000,0.00
1777908673,loop5,0.00,0.00,0.000,0.000,0.00
1777908673,loop6,0.00,0.00,0.000,0.000,0.00
1777908673,loop7,0.00,0.00,0.000,0.000,0.00
1777908673,loop8,0.00,0.00,0.000,0.000,0.00
1777908673,loop9,0.00,0.00,0.000,0.000,0.00
1777908673,nvme0n1,0.00,0.00,0.000,0.000,0.00
1777908674,loop0,0.00,0.00,0.000,0.000,0.00
1777908674,loop1,0.00,0.00,0.000,0.000,0.00
1777908674,loop10,0.00,0.00,0.000,0.000,0.00
1777908674,loop11,0.00,0.00,0.000,0.000,0.00
1777908674,loop12,0.00,0.00,0.000,0.000,0.00
1777908674,loop13,0.00,0.00,0.000,0.000,0.00
1777908674,loop14,0.00,0.00,0.000,0.000,0.00
1777908674,loop15,0.00,0.00,0.000,0.000,0.00
1777908674,loop16,0.00,0.00,0.000,0.000,0.00
1777908674,loop17,0.00,0.00,0.000,0.000,0.00
1777908674,loop18,0.00,0.00,0.000,0.000,0.00
1777908674,loop19,0.00,0.00,0.000,0.000,0.00
1777908674,loop2,0.00,0.00,0.000,0.000,0.00
1777908674,loop20,0.00,0.00,0.000,0.000,0.00
1777908674,loop21,0.00,0.00,0.000,0.000,0.00
1777908674,loop22,0.00,0.00,0.000,0.000,0.00
1777908674,loop23,0.00,0.00,0.000,0.000,0.00
1777908674,loop24,0.00,0.00,0.000,0.000,0.00
1777908674,loop25,0.00,0.00,0.000,0.000,0.00
1777908674,loop26,0.00,0.00,0.000,0.000,0.00
1777908674,loop27,0.00,0.00,0.000,0.000,0.00
1777908674,loop28,0.00,0.00,0.000,0.000,0.00
1777908674,loop29,0.00,0.00,0.000,0.000,0.00
1777908674,loop3,0.00,0.00,0.000,0.000,0.00
1777908674,loop30,0.00,0.00,0.000,0.000,0.00
1777908674,loop31,0.00,0.00,0.000,0.000,0.00
1777908674,loop32,0.00,0.00,0.000,0.000,0.00
1777908674,loop33,0.00,0.00,0.000,0.000,0.00
1777908674,loop34,0.00,0.00,0.000,0.000,0.00
1777908674,loop35,0.00,0.00,0.000,0.000,0.00
1777908674,loop36,0.00,0.00,0.000,0.000,0.00
1777908674,loop37,0.00,0.00,0.000,0.000,0.00
1777908674,loop38,0.00,0.00,0.000,0.000,0.00
1777908674,loop39,0.00,0.00,0.000,0.000,0.00
1777908674,loop4,0.00,0.00,0.000,0.000,0.00
1777908674,loop40,0.00,0.00,0.000,0.000,0.00
1777908674,loop5,0.00,0.00,0.000,0.000,0.00
1777908674,loop6,0.00,0.00,0.000,0.000,0.00
1777908674,loop7,0.00,0.00,0.000,0.000,0.00
1777908674,loop8,0.00,0.00,0.000,0.000,0.00
1777908674,loop9,0.00,0.00,0.000,0.000,0.00
1777908674,nvme0n1,0.00,0.00,0.000,0.000,5.80
1777908675,loop0,0.00,0.00,0.000,0.000,0.00
1777908675,loop1,0.00,0.00,0.000,0.000,0.00
1777908675,loop10,0.00,0.00,0.000,0.000,0.00
1777908675,loop11,0.00,0.00,0.000,0.000,0.00
1777908675,loop12,0.00,0.00,0.000,0.000,0.00
1777908675,loop13,0.00,0.00,0.000,0.000,0.00
1777908675,loop14,0.00,0.00,0.000,0.000,0.00
1777908675,loop15,0.00,0.00,0.000,0.000,0.00
1777908675,loop16,0.00,0.00,0.000,0.000,0.00
1777908675,loop17,0.00,0.00,0.000,0.000,0.00
1777908675,loop18,0.00,0.00,0.000,0.000,0.00
1777908675,loop19,0.00,0.00,0.000,0.000,0.00
1777908675,loop2,0.00,0.00,0.000,0.000,0.00
1777908675,loop20,0.00,0.00,0.000,0.000,0.00
1777908675,loop21,0.00,0.00,0.000,0.000,0.00
1777908675,loop22,0.00,0.00,0.000,0.000,0.00
1777908675,loop23,0.00,0.00,0.000,0.000,0.00
1777908675,loop24,0.00,0.00,0.000,0.000,0.00
1777908675,loop25,0.00,0.00,0.000,0.000,0.00
1777908675,loop26,0.00,0.00,0.000,0.000,0.00
1777908675,loop27,0.00,0.00,0.000,0.000,0.00
1777908675,loop28,0.00,0.00,0.000,0.000,0.00
1777908675,loop29,0.00,0.00,0.000,0.000,0.00
1777908675,loop3,0.00,0.00,0.000,0.000,0.00
1777908675,loop30,0.00,0.00,0.000,0.000,0.00
1777908675,loop31,0.00,0.00,0.000,0.000,0.00
1777908675,loop32,0.00,0.00,0.000,0.000,0.00
1777908675,loop33,0.00,0.00,0.000,0.000,0.00
1777908675,loop34,0.00,0.00,0.000,0.000,0.00
1777908675,loop35,0.00,0.00,0.000,0.000,0.00
1777908675,loop36,0.00,0.00,0.000,0.000,0.00
1777908675,loop37,0.00,0.00,0.000,0.000,0.00
1777908675,loop38,0.00,0.00,0.000,0.000,0.00
1777908675,loop39,0.00,0.00,0.000,0.000,0.00
1777908675,loop4,0.00,0.00,0.000,0.000,0.00
1777908675,loop40,0.00,0.00,0.000,0.000,0.00
1777908675,loop5,0.00,0.00,0.000,0.000,0.00
1777908675,loop6,0.00,0.00,0.000,0.000,0.00
1777908675,loop7,0.00,0.00,0.000,0.000,0.00
1777908675,loop8,0.00,0.00,0.000,0.000,0.00
1777908675,loop9,0.00,0.00,0.000,0.000,0.00
1777908675,nvme0n1,0.00,0.00,0.000,0.000,0.00
1777908676,loop0,0.00,0.00,0.000,0.000,0.00
1777908676,loop1,0.00,0.00,0.000,0.000,0.00
1777908676,loop10,0.00,0.00,0.000,0.000,0.00
1777908676,loop11,0.00,0.00,0.000,0.000,0.00
1777908676,loop12,0.00,0.00,0.000,0.000,0.00
1777908676,loop13,0.00,0.00,0.000,0.000,0.00
1777908676,loop14,0.00,0.00,0.000,0.000,0.00
1777908676,loop15,0.00,0.00,0.000,0.000,0.00
1777908676,loop16,0.00,0.00,0.000,0.000,0.00
1777908676,loop17,0.00,0.00,0.000,0.000,0.00
1777908676,loop18,0.00,0.00,0.000,0.000,0.00
1777908676,loop19,0.00,0.00,0.000,0.000,0.00
1777908676,loop2,0.00,0.00,0.000,0.000,0.00
1777908676,loop20,0.00,0.00,0.000,0.000,0.00
1777908676,loop21,0.00,0.00,0.000,0.000,0.00
1777908676,loop22,0.00,0.00,0.000,0.000,0.00
1777908676,loop23,0.00,0.00,0.000,0.000,0.00
1777908676,loop24,0.00,0.00,0.000,0.000,0.00
1777908676,loop25,0.00,0.00,0.000,0.000,0.00
1777908676,loop26,0.00,0.00,0.000,0.000,0.00
1777908676,loop27,0.00,0.00,0.000,0.000,0.00
1777908676,loop28,0.00,0.00,0.000,0.000,0.00
1777908676,loop29,0.00,0.00,0.000,0.000,0.00
1777908676,loop3,0.00,0.00,0.000,0.000,0.00
1777908676,loop30,0.00,0.00,0.000,0.000,0.00
1777908676,loop31,0.00,0.00,0.000,0.000,0.00
1777908676,loop32,0.00,0.00,0.000,0.000,0.00
1777908676,loop33,0.00,0.00,0.000,0.000,0.00
1777908676,loop34,0.00,0.00,0.000,0.000,0.00
1777908676,loop35,0.00,0.00,0.000,0.000,0.00
1777908676,loop36,0.00,0.00,0.000,0.000,0.00
1777908676,loop37,0.00,0.00,0.000,0.000,0.00
1777908676,loop38,0.00,0.00,0.000,0.000,0.00
1777908676,loop39,0.00,0.00,0.000,0.000,0.00
1777908676,loop4,0.00,0.00,0.000,0.000,0.00
1777908676,loop40,0.00,0.00,0.000,0.000,0.00
1777908676,loop5,0.00,0.00,0.000,0.000,0.00
1777908676,loop6,0.00,0.00,0.000,0.000,0.00
1777908676,loop7,0.00,0.00,0.000,0.000,0.00
1777908676,loop8,0.00,0.00,0.000,0.000,0.00
1777908676,loop9,0.00,0.00,0.000,0.000,0.00
1777908676,nvme0n1,0.00,0.00,0.000,0.000,0.00
1777908677,loop0,0.00,0.00,0.000,0.000,0.00
1777908677,loop1,0.00,0.00,0.000,0.000,0.00
1777908677,loop10,0.00,0.00,0.000,0.000,0.00
1777908677,loop11,0.00,0.00,0.000,0.000,0.00
1777908677,loop12,0.00,0.00,0.000,0.000,0.00
1777908677,loop13,0.00,0.00,0.000,0.000,0.00
1777908677,loop14,0.00,0.00,0.000,0.000,0.00
1777908677,loop15,0.00,0.00,0.000,0.000,0.00
1777908677,loop16,0.00,0.00,0.000,0.000,0.00
1777908677,loop17,0.00,0.00,0.000,0.000,0.00
1777908677,loop18,0.00,0.00,0.000,0.000,0.00
1777908677,loop19,0.00,0.00,0.000,0.000,0.00
1777908677,loop2,0.00,0.00,0.000,0.000,0.00
1777908677,loop20,0.00,0.00,0.000,0.000,0.00
1777908677,loop21,0.00,0.00,0.000,0.000,0.00
1777908677,loop22,0.00,0.00,0.000,0.000,0.00
1777908677,loop23,0.00,0.00,0.000,0.000,0.00
1777908677,loop24,0.00,0.00,0.000,0.000,0.00
1777908677,loop25,0.00,0.00,0.000,0.000,0.00
1777908677,loop26,0.00,0.00,0.000,0.000,0.00
1777908677,loop27,0.00,0.00,0.000,0.000,0.00
1777908677,loop28,0.00,0.00,0.000,0.000,0.00
1777908677,loop29,0.00,0.00,0.000,0.000,0.00
1777908677,loop3,0.00,0.00,0.000,0.000,0.00
1777908677,loop30,0.00,0.00,0.000,0.000,0.00
1777908677,loop31,0.00,0.00,0.000,0.000,0.00
1777908677,loop32,0.00,0.00,0.000,0.000,0.00
1777908677,loop33,0.00,0.00,0.000,0.000,0.00
1777908677,loop34,0.00,0.00,0.000,0.000,0.00
1777908677,loop35,0.00,0.00,0.000,0.000,0.00
1777908677,loop36,0.00,0.00,0.000,0.000,0.00
1777908677,loop37,0.00,0.00,0.000,0.000,0.00
1777908677,loop38,0.00,0.00,0.000,0.000,0.00
1777908677,loop39,0.00,0.00,0.000,0.000,0.00
1777908677,loop4,0.00,0.00,0.000,0.000,0.00
1777908677,loop40,0.00,0.00,0.000,0.000,0.00
1777908677,loop5,0.00,0.00,0.000,0.000,0.00
1777908677,loop6,0.00,0.00,0.000,0.000,0.00
1777908677,loop7,0.00,0.00,0.000,0.000,0.00
1777908677,loop8,0.00,0.00,0.000,0.000,0.00
1777908677,loop9,0.00,0.00,0.000,0.000,0.00
1777908677,nvme0n1,0.00,0.00,0.000,0.000,0.00
1777908678,loop0,0.00,0.00,0.000,0.000,0.00
1777908678,loop1,0.00,0.00,0.000,0.000,0.00
1777908678,loop10,0.00,0.00,0.000,0.000,0.00
1777908678,loop11,0.00,0.00,0.000,0.000,0.00
1777908678,loop12,0.00,0.00,0.000,0.000,0.00
1777908678,loop13,0.00,0.00,0.000,0.000,0.00
1777908678,loop14,0.00,0.00,0.000,0.000,0.00
1777908678,loop15,0.00,0.00,0.000,0.000,0.00
1777908678,loop16,0.00,0.00,0.000,0.000,0.00
1777908678,loop17,0.00,0.00,0.000,0.000,0.00
1777908678,loop18,0.00,0.00,0.000,0.000,0.00
1777908678,loop19,0.00,0.00,0.000,0.000,0.00
1777908678,loop2,0.00,0.00,0.000,0.000,0.00
1777908678,loop20,0.00,0.00,0.000,0.000,0.00
1777908678,loop21,0.00,0.00,0.000,0.000,0.00
1777908678,loop22,0.00,0.00,0.000,0.000,0.00
1777908678,loop23,0.00,0.00,0.000,0.000,0.00
1777908678,loop24,0.00,0.00,0.000,0.000,0.00
1777908678,loop25,0.00,0.00,0.000,0.000,0.00
1777908678,loop26,0.00,0.00,0.000,0.000,0.00
1777908678,loop27,0.00,0.00,0.000,0.000,0.00
1777908678,loop28,0.00,0.00,0.000,0.000,0.00
1777908678,loop29,0.00,0.00,0.000,0.000,0.00
1777908678,loop3,0.00,0.00,0.000,0.000,0.00
1777908678,loop30,0.00,0.00,0.000,0.000,0.00
1777908678,loop31,0.00,0.00,0.000,0.000,0.00
1777908678,loop32,0.00,0.00,0.000,0.000,0.00
1777908678,loop33,0.00,0.00,0.000,0.000,0.00
1777908678,loop34,0.00,0.00,0.000,0.000,0.00
1777908678,loop35,0.00,0.00,0.000,0.000,0.00
1777908678,loop36,0.00,0.00,0.000,0.000,0.00
1777908678,loop37,0.00,0.00,0.000,0.000,0.00
1777908678,loop38,0.00,0.00,0.000,0.000,0.00
1777908678,loop39,0.00,0.00,0.000,0.000,0.00
1777908678,loop4,0.00,0.00,0.000,0.000,0.00
1777908678,loop40,0.00,0.00,0.000,0.000,0.00
1777908678,loop5,0.00,0.00,0.000,0.000,0.00
1777908678,loop6,0.00,0.00,0.000,0.000,0.00
1777908678,loop7,0.00,0.00,0.000,0.000,0.00
1777908678,loop8,0.00,0.00,0.000,0.000,0.00
1777908678,loop9,0.00,0.00,0.000,0.000,0.00
1777908678,nvme0n1,0.00,0.00,0.000,0.000,0.00
1777908679,loop0,0.00,0.00,0.000,0.000,0.00
1777908679,loop1,0.00,0.00,0.000,0.000,0.00
1777908679,loop10,0.00,0.00,0.000,0.000,0.00
1777908679,loop11,0.00,0.00,0.000,0.000,0.00
1777908679,loop12,0.00,0.00,0.000,0.000,0.00
1777908679,loop13,0.00,0.00,0.000,0.000,0.00
1777908679,loop14,0.00,0.00,0.000,0.000,0.00
1777908679,loop15,0.00,0.00,0.000,0.000,0.00
1777908679,loop16,0.00,0.00,0.000,0.000,0.00
1777908679,loop17,0.00,0.00,0.000,0.000,0.00
1777908679,loop18,0.00,0.00,0.000,0.000,0.00
1777908679,loop19,0.00,0.00,0.000,0.000,0.00
1777908679,loop2,0.00,0.00,0.000,0.000,0.00
1777908679,loop20,0.00,0.00,0.000,0.000,0.00
1777908679,loop21,0.00,0.00,0.000,0.000,0.00
1777908679,loop22,0.00,0.00,0.000,0.000,0.00
1777908679,loop23,0.00,0.00,0.000,0.000,0.00
1777908679,loop24,0.00,0.00,0.000,0.000,0.00
1777908679,loop25,0.00,0.00,0.000,0.000,0.00
1777908679,loop26,0.00,0.00,0.000,0.000,0.00
1777908679,loop27,0.00,0.00,0.000,0.000,0.00
1777908679,loop28,0.00,0.00,0.000,0.000,0.00
1777908679,loop29,0.00,0.00,0.000,0.000,0.00
1777908679,loop3,0.00,0.00,0.000,0.000,0.00
1777908679,loop30,0.00,0.00,0.000,0.000,0.00
1777908679,loop31,0.00,0.00,0.000,0.000,0.00
1777908679,loop32,0.00,0.00,0.000,0.000,0.00
1777908679,loop33,0.00,0.00,0.000,0.000,0.00
1777908679,loop34,0.00,0.00,0.000,0.000,0.00
1777908679,loop35,0.00,0.00,0.000,0.000,0.00
1777908679,loop36,0.00,0.00,0.000,0.000,0.00
1777908679,loop37,0.00,0.00,0.000,0.000,0.00
1777908679,loop38,0.00,0.00,0.000,0.000,0.00
1777908679,loop39,0.00,0.00,0.000,0.000,0.00
1777908679,loop4,0.00,0.00,0.000,0.000,0.00
1777908679,loop40,0.00,0.00,0.000,0.000,0.00
1777908679,loop5,0.00,0.00,0.000,0.000,0.00
1777908679,loop6,0.00,0.00,0.000,0.000,0.00
1777908679,loop7,0.00,0.00,0.000,0.000,0.00
1777908679,loop8,0.00,0.00,0.000,0.000,0.00
1777908679,loop9,0.00,0.00,0.000,0.000,0.00
1777908679,nvme0n1,0.00,0.00,0.000,0.000,0.00
1777908680,loop0,0.00,0.00,0.000,0.000,0.00
1777908680,loop1,0.00,0.00,0.000,0.000,0.00
1777908680,loop10,0.00,0.00,0.000,0.000,0.00
1777908680,loop11,0.00,0.00,0.000,0.000,0.00
1777908680,loop12,0.00,0.00,0.000,0.000,0.00
1777908680,loop13,0.00,0.00,0.000,0.000,0.00
1777908680,loop14,0.00,0.00,0.000,0.000,0.00
1777908680,loop15,0.00,0.00,0.000,0.000,0.00
1777908680,loop16,0.00,0.00,0.000,0.000,0.00
1777908680,loop17,0.00,0.00,0.000,0.000,0.00
1777908680,loop18,0.00,0.00,0.000,0.000,0.00
1777908680,loop19,0.00,0.00,0.000,0.000,0.00
1777908680,loop2,0.00,0.00,0.000,0.000,0.00
1777908680,loop20,0.00,0.00,0.000,0.000,0.00
1777908680,loop21,0.00,0.00,0.000,0.000,0.00
1777908680,loop22,0.00,0.00,0.000,0.000,0.00
1777908680,loop23,0.00,0.00,0.000,0.000,0.00
1777908680,loop24,0.00,0.00,0.000,0.000,0.00
1777908680,loop25,0.00,0.00,0.000,0.000,0.00
1777908680,loop26,0.00,0.00,0.000,0.000,0.00
1777908680,loop27,0.00,0.00,0.000,0.000,0.00
1777908680,loop28,0.00,0.00,0.000,0.000,0.00
1777908680,loop29,0.00,0.00,0.000,0.000,0.00
1777908680,loop3,0.00,0.00,0.000,0.000,0.00
1777908680,loop30,0.00,0.00,0.000,0.000,0.00
1777908680,loop31,0.00,0.00,0.000,0.000,0.00
1777908680,loop32,0.00,0.00,0.000,0.000,0.00
1777908680,loop33,0.00,0.00,0.000,0.000,0.00
1777908680,loop34,0.00,0.00,0.000,0.000,0.00
1777908680,loop35,0.00,0.00,0.000,0.000,0.00
1777908680,loop36,0.00,0.00,0.000,0.000,0.00
1777908680,loop37,0.00,0.00,0.000,0.000,0.00
1777908680,loop38,0.00,0.00,0.000,0.000,0.00
1777908680,loop39,0.00,0.00,0.000,0.000,0.00
1777908680,loop4,0.00,0.00,0.000,0.000,0.00
1777908680,loop40,0.00,0.00,0.000,0.000,0.00
1777908680,loop5,0.00,0.00,0.000,0.000,0.00
1777908680,loop6,0.00,0.00,0.000,0.000,0.00
1777908680,loop7,0.00,0.00,0.000,0.000,0.00
1777908680,loop8,0.00,0.00,0.000,0.000,0.00
1777908680,loop9,0.00,0.00,0.000,0.000,0.00
1777908680,nvme0n1,0.00,0.00,0.000,0.000,5.90
1777908681,loop0,0.00,0.00,0.000,0.000,0.00
1777908681,loop1,0.00,0.00,0.000,0.000,0.00
1777908681,loop10,0.00,0.00,0.000,0.000,0.00
1777908681,loop11,0.00,0.00,0.000,0.000,0.00
1777908681,loop12,0.00,0.00,0.000,0.000,0.00
1777908681,loop13,0.00,0.00,0.000,0.000,0.00
1777908681,loop14,0.00,0.00,0.000,0.000,0.00
1777908681,loop15,0.00,0.00,0.000,0.000,0.00
1777908681,loop16,0.00,0.00,0.000,0.000,0.00
1777908681,loop17,0.00,0.00,0.000,0.000,0.00
1777908681,loop18,0.00,0.00,0.000,0.000,0.00
1777908681,loop19,0.00,0.00,0.000,0.000,0.00
1777908681,loop2,0.00,0.00,0.000,0.000,0.00
1777908681,loop20,0.00,0.00,0.000,0.000,0.00
1777908681,loop21,0.00,0.00,0.000,0.000,0.00
1777908681,loop22,0.00,0.00,0.000,0.000,0.00
1777908681,loop23,0.00,0.00,0.000,0.000,0.00
1777908681,loop24,0.00,0.00,0.000,0.000,0.00
1777908681,loop25,0.00,0.00,0.000,0.000,0.00
1777908681,loop26,0.00,0.00,0.000,0.000,0.00
1777908681,loop27,0.00,0.00,0.000,0.000,0.00
1777908681,loop28,0.00,0.00,0.000,0.000,0.00
1777908681,loop29,0.00,0.00,0.000,0.000,0.00
1777908681,loop3,0.00,0.00,0.000,0.000,0.00
1777908681,loop30,0.00,0.00,0.000,0.000,0.00
1777908681,loop31,0.00,0.00,0.000,0.000,0.00
1777908681,loop32,0.00,0.00,0.000,0.000,0.00
1777908681,loop33,0.00,0.00,0.000,0.000,0.00
1777908681,loop34,0.00,0.00,0.000,0.000,0.00
1777908681,loop35,0.00,0.00,0.000,0.000,0.00
1777908681,loop36,0.00,0.00,0.000,0.000,0.00
1777908681,loop37,0.00,0.00,0.000,0.000,0.00
1777908681,loop38,0.00,0.00,0.000,0.000,0.00
1777908681,loop39,0.00,0.00,0.000,0.000,0.00
1777908681,loop4,0.00,0.00,0.000,0.000,0.00
1777908681,loop40,0.00,0.00,0.000,0.000,0.00
1777908681,loop5,0.00,0.00,0.000,0.000,0.00
1777908681,loop6,0.00,0.00,0.000,0.000,0.00
1777908681,loop7,0.00,0.00,0.000,0.000,0.00
1777908681,loop8,0.00,0.00,0.000,0.000,0.00
1777908681,loop9,0.00,0.00,0.000,0.000,0.00
1777908681,nvme0n1,0.00,0.00,0.000,0.000,0.00
1777908682,loop0,0.00,0.00,0.000,0.000,0.00
1777908682,loop1,0.00,0.00,0.000,0.000,0.00
1777908682,loop10,0.00,0.00,0.000,0.000,0.00
1777908682,loop11,0.00,0.00,0.000,0.000,0.00
1777908682,loop12,0.00,0.00,0.000,0.000,0.00
1777908682,loop13,0.00,0.00,0.000,0.000,0.00
1777908682,loop14,0.00,0.00,0.000,0.000,0.00
1777908682,loop15,0.00,0.00,0.000,0.000,0.00
1777908682,loop16,0.00,0.00,0.000,0.000,0.00
1777908682,loop17,0.00,0.00,0.000,0.000,0.00
1777908682,loop18,0.00,0.00,0.000,0.000,0.00
1777908682,loop19,0.00,0.00,0.000,0.000,0.00
1777908682,loop2,0.00,0.00,0.000,0.000,0.00
1777908682,loop20,0.00,0.00,0.000,0.000,0.00
1777908682,loop21,0.00,0.00,0.000,0.000,0.00
1777908682,loop22,0.00,0.00,0.000,0.000,0.00
1777908682,loop23,0.00,0.00,0.000,0.000,0.00
1777908682,loop24,0.00,0.00,0.000,0.000,0.00
1777908682,loop25,0.00,0.00,0.000,0.000,0.00
1777908682,loop26,0.00,0.00,0.000,0.000,0.00
1777908682,loop27,0.00,0.00,0.000,0.000,0.00
1777908682,loop28,0.00,0.00,0.000,0.000,0.00
1777908682,loop29,0.00,0.00,0.000,0.000,0.00
1777908682,loop3,0.00,0.00,0.000,0.000,0.00
1777908682,loop30,0.00,0.00,0.000,0.000,0.00
1777908682,loop31,0.00,0.00,0.000,0.000,0.00
1777908682,loop32,0.00,0.00,0.000,0.000,0.00
1777908682,loop33,0.00,0.00,0.000,0.000,0.00
1777908682,loop34,0.00,0.00,0.000,0.000,0.00
1777908682,loop35,0.00,0.00,0.000,0.000,0.00
1777908682,loop36,0.00,0.00,0.000,0.000,0.00
1777908682,loop37,0.00,0.00,0.000,0.000,0.00
1777908682,loop38,0.00,0.00,0.000,0.000,0.00
1777908682,loop39,0.00,0.00,0.000,0.000,0.00
1777908682,loop4,0.00,0.00,0.000,0.000,0.00
1777908682,loop40,0.00,0.00,0.000,0.000,0.00
1777908682,loop5,0.00,0.00,0.000,0.000,0.00
1777908682,loop6,0.00,0.00,0.000,0.000,0.00
1777908682,loop7,0.00,0.00,0.000,0.000,0.00
1777908682,loop8,0.00,0.00,0.000,0.000,0.00
1777908682,loop9,0.00,0.00,0.000,0.000,0.00
1777908682,nvme0n1,0.00,0.00,0.000,0.000,0.00
1777908683,loop0,0.00,0.00,0.000,0.000,0.00
1777908683,loop1,0.00,0.00,0.000,0.000,0.00
1777908683,loop10,0.00,0.00,0.000,0.000,0.00
1777908683,loop11,0.00,0.00,0.000,0.000,0.00
1777908683,loop12,0.00,0.00,0.000,0.000,0.00
1777908683,loop13,0.00,0.00,0.000,0.000,0.00
1777908683,loop14,0.00,0.00,0.000,0.000,0.00
1777908683,loop15,0.00,0.00,0.000,0.000,0.00
1777908683,loop16,0.00,0.00,0.000,0.000,0.00
1777908683,loop17,0.00,0.00,0.000,0.000,0.00
1777908683,loop18,0.00,0.00,0.000,0.000,0.00
1777908683,loop19,0.00,0.00,0.000,0.000,0.00
1777908683,loop2,0.00,0.00,0.000,0.000,0.00
1777908683,loop20,0.00,0.00,0.000,0.000,0.00
1777908683,loop21,0.00,0.00,0.000,0.000,0.00
1777908683,loop22,0.00,0.00,0.000,0.000,0.00
1777908683,loop23,0.00,0.00,0.000,0.000,0.00
1777908683,loop24,0.00,0.00,0.000,0.000,0.00
1777908683,loop25,0.00,0.00,0.000,0.000,0.00
1777908683,loop26,0.00,0.00,0.000,0.000,0.00
1777908683,loop27,0.00,0.00,0.000,0.000,0.00
1777908683,loop28,0.00,0.00,0.000,0.000,0.00
1777908683,loop29,0.00,0.00,0.000,0.000,0.00
1777908683,loop3,0.00,0.00,0.000,0.000,0.00
1777908683,loop30,0.00,0.00,0.000,0.000,0.00
1777908683,loop31,0.00,0.00,0.000,0.000,0.00
1777908683,loop32,0.00,0.00,0.000,0.000,0.00
1777908683,loop33,0.00,0.00,0.000,0.000,0.00
1777908683,loop34,0.00,0.00,0.000,0.000,0.00
1777908683,loop35,0.00,0.00,0.000,0.000,0.00
1777908683,loop36,0.00,0.00,0.000,0.000,0.00
1777908683,loop37,0.00,0.00,0.000,0.000,0.00
1777908683,loop38,0.00,0.00,0.000,0.000,0.00
1777908683,loop39,0.00,0.00,0.000,0.000,0.00
1777908683,loop4,0.00,0.00,0.000,0.000,0.00
1777908683,loop40,0.00,0.00,0.000,0.000,0.00
1777908683,loop5,0.00,0.00,0.000,0.000,0.00
1777908683,loop6,0.00,0.00,0.000,0.000,0.00
1777908683,loop7,0.00,0.00,0.000,0.000,0.00
1777908683,loop8,0.00,0.00,0.000,0.000,0.00
1777908683,loop9,0.00,0.00,0.000,0.000,0.00
1777908683,nvme0n1,0.00,0.00,0.000,0.000,0.00
1777908684,loop0,0.00,0.00,0.000,0.000,0.00
1777908684,loop1,0.00,0.00,0.000,0.000,0.00
1777908684,loop10,0.00,0.00,0.000,0.000,0.00
1777908684,loop11,0.00,0.00,0.000,0.000,0.00
1777908684,loop12,0.00,0.00,0.000,0.000,0.00
1777908684,loop13,0.00,0.00,0.000,0.000,0.00
1777908684,loop14,0.00,0.00,0.000,0.000,0.00
1777908684,loop15,0.00,0.00,0.000,0.000,0.00
1777908684,loop16,0.00,0.00,0.000,0.000,0.00
1777908684,loop17,0.00,0.00,0.000,0.000,0.00
1777908684,loop18,0.00,0.00,0.000,0.000,0.00
1777908684,loop19,0.00,0.00,0.000,0.000,0.00
1777908684,loop2,0.00,0.00,0.000,0.000,0.00
1777908684,loop20,0.00,0.00,0.000,0.000,0.00
1777908684,loop21,0.00,0.00,0.000,0.000,0.00
1777908684,loop22,0.00,0.00,0.000,0.000,0.00
1777908684,loop23,0.00,0.00,0.000,0.000,0.00
1777908684,loop24,0.00,0.00,0.000,0.000,0.00
1777908684,loop25,0.00,0.00,0.000,0.000,0.00
1777908684,loop26,0.00,0.00,0.000,0.000,0.00
1777908684,loop27,0.00,0.00,0.000,0.000,0.00
1777908684,loop28,0.00,0.00,0.000,0.000,0.00
1777908684,loop29,0.00,0.00,0.000,0.000,0.00
1777908684,loop3,0.00,0.00,0.000,0.000,0.00
1777908684,loop30,0.00,0.00,0.000,0.000,0.00
1777908684,loop31,0.00,0.00,0.000,0.000,0.00
1777908684,loop32,0.00,0.00,0.000,0.000,0.00
1777908684,loop33,0.00,0.00,0.000,0.000,0.00
1777908684,loop34,0.00,0.00,0.000,0.000,0.00
1777908684,loop35,0.00,0.00,0.000,0.000,0.00
1777908684,loop36,0.00,0.00,0.000,0.000,0.00
1777908684,loop37,0.00,0.00,0.000,0.000,0.00
1777908684,loop38,0.00,0.00,0.000,0.000,0.00
1777908684,loop39,0.00,0.00,0.000,0.000,0.00
1777908684,loop4,0.00,0.00,0.000,0.000,0.00
1777908684,loop40,0.00,0.00,0.000,0.000,0.00
1777908684,loop5,0.00,0.00,0.000,0.000,0.00
1777908684,loop6,0.00,0.00,0.000,0.000,0.00
1777908684,loop7,0.00,0.00,0.000,0.000,0.00
1777908684,loop8,0.00,0.00,0.000,0.000,0.00
1777908684,loop9,0.00,0.00,0.000,0.000,0.00
1777908684,nvme0n1,0.00,0.00,0.000,0.000,0.00
1777908685,loop0,0.00,0.00,0.000,0.000,0.00
1777908685,loop1,0.00,0.00,0.000,0.000,0.00
1777908685,loop10,0.00,0.00,0.000,0.000,0.00
1777908685,loop11,0.00,0.00,0.000,0.000,0.00
1777908685,loop12,0.00,0.00,0.000,0.000,0.00
1777908685,loop13,0.00,0.00,0.000,0.000,0.00
1777908685,loop14,0.00,0.00,0.000,0.000,0.00
1777908685,loop15,0.00,0.00,0.000,0.000,0.00
1777908685,loop16,0.00,0.00,0.000,0.000,0.00
1777908685,loop17,0.00,0.00,0.000,0.000,0.00
1777908685,loop18,0.00,0.00,0.000,0.000,0.00
1777908685,loop19,0.00,0.00,0.000,0.000,0.00
1777908685,loop2,0.00,0.00,0.000,0.000,0.00
1777908685,loop20,0.00,0.00,0.000,0.000,0.00
1777908685,loop21,0.00,0.00,0.000,0.000,0.00
1777908685,loop22,0.00,0.00,0.000,0.000,0.00
1777908685,loop23,0.00,0.00,0.000,0.000,0.00
1777908685,loop24,0.00,0.00,0.000,0.000,0.00
1777908685,loop25,0.00,0.00,0.000,0.000,0.00
1777908685,loop26,0.00,0.00,0.000,0.000,0.00
1777908685,loop27,0.00,0.00,0.000,0.000,0.00
1777908685,loop28,0.00,0.00,0.000,0.000,0.00
1777908685,loop29,0.00,0.00,0.000,0.000,0.00
1777908685,loop3,0.00,0.00,0.000,0.000,0.00
1777908685,loop30,0.00,0.00,0.000,0.000,0.00
1777908685,loop31,0.00,0.00,0.000,0.000,0.00
1777908685,loop32,0.00,0.00,0.000,0.000,0.00
1777908685,loop33,0.00,0.00,0.000,0.000,0.00
1777908685,loop34,0.00,0.00,0.000,0.000,0.00
1777908685,loop35,0.00,0.00,0.000,0.000,0.00
1777908685,loop36,0.00,0.00,0.000,0.000,0.00
1777908685,loop37,0.00,0.00,0.000,0.000,0.00
1777908685,loop38,0.00,0.00,0.000,0.000,0.00
1777908685,loop39,0.00,0.00,0.000,0.000,0.00
1777908685,loop4,0.00,0.00,0.000,0.000,0.00
1777908685,loop40,0.00,0.00,0.000,0.000,0.00
1777908685,loop5,0.00,0.00,0.000,0.000,0.00
1777908685,loop6,0.00,0.00,0.000,0.000,0.00
1777908685,loop7,0.00,0.00,0.000,0.000,0.00
1777908685,loop8,0.00,0.00,0.000,0.000,0.00
1777908685,loop9,0.00,0.00,0.000,0.000,0.00
1777908685,nvme0n1,0.00,0.00,0.000,0.000,1.90
1777908686,loop0,0.00,0.00,0.000,0.000,0.00
1777908686,loop1,0.00,0.00,0.000,0.000,0.00
1777908686,loop10,0.00,0.00,0.000,0.000,0.00
1777908686,loop11,0.00,0.00,0.000,0.000,0.00
1777908686,loop12,0.00,0.00,0.000,0.000,0.00
1777908686,loop13,0.00,0.00,0.000,0.000,0.00
1777908686,loop14,0.00,0.00,0.000,0.000,0.00
1777908686,loop15,0.00,0.00,0.000,0.000,0.00
1777908686,loop16,0.00,0.00,0.000,0.000,0.00
1777908686,loop17,0.00,0.00,0.000,0.000,0.00
1777908686,loop18,0.00,0.00,0.000,0.000,0.00
1777908686,loop19,0.00,0.00,0.000,0.000,0.00
1777908686,loop2,0.00,0.00,0.000,0.000,0.00
1777908686,loop20,0.00,0.00,0.000,0.000,0.00
1777908686,loop21,0.00,0.00,0.000,0.000,0.00
1777908686,loop22,0.00,0.00,0.000,0.000,0.00
1777908686,loop23,0.00,0.00,0.000,0.000,0.00
1777908686,loop24,0.00,0.00,0.000,0.000,0.00
1777908686,loop25,0.00,0.00,0.000,0.000,0.00
1777908686,loop26,0.00,0.00,0.000,0.000,0.00
1777908686,loop27,0.00,0.00,0.000,0.000,0.00
1777908686,loop28,0.00,0.00,0.000,0.000,0.00
1777908686,loop29,0.00,0.00,0.000,0.000,0.00
1777908686,loop3,0.00,0.00,0.000,0.000,0.00
1777908686,loop30,0.00,0.00,0.000,0.000,0.00
1777908686,loop31,0.00,0.00,0.000,0.000,0.00
1777908686,loop32,0.00,0.00,0.000,0.000,0.00
1777908686,loop33,0.00,0.00,0.000,0.000,0.00
1777908686,loop34,0.00,0.00,0.000,0.000,0.00
1777908686,loop35,0.00,0.00,0.000,0.000,0.00
1777908686,loop36,0.00,0.00,0.000,0.000,0.00
1777908686,loop37,0.00,0.00,0.000,0.000,0.00
1777908686,loop38,0.00,0.00,0.000,0.000,0.00
1777908686,loop39,0.00,0.00,0.000,0.000,0.00
1777908686,loop4,0.00,0.00,0.000,0.000,0.00
1777908686,loop40,0.00,0.00,0.000,0.000,0.00
1777908686,loop5,0.00,0.00,0.000,0.000,0.00
1777908686,loop6,0.00,0.00,0.000,0.000,0.00
1777908686,loop7,0.00,0.00,0.000,0.000,0.00
1777908686,loop8,0.00,0.00,0.000,0.000,0.00
1777908686,loop9,0.00,0.00,0.000,0.000,0.00
1777908686,nvme0n1,1.00,4.00,0.000,0.000,0.30
1777908687,loop0,0.00,0.00,0.000,0.000,0.00
1777908687,loop1,0.00,0.00,0.000,0.000,0.00
1777908687,loop10,0.00,0.00,0.000,0.000,0.00
1777908687,loop11,0.00,0.00,0.000,0.000,0.00
1777908687,loop12,0.00,0.00,0.000,0.000,0.00
1777908687,loop13,0.00,0.00,0.000,0.000,0.00
1777908687,loop14,0.00,0.00,0.000,0.000,0.00
1777908687,loop15,0.00,0.00,0.000,0.000,0.00
1777908687,loop16,0.00,0.00,0.000,0.000,0.00
1777908687,loop17,0.00,0.00,0.000,0.000,0.00
1777908687,loop18,0.00,0.00,0.000,0.000,0.00
1777908687,loop19,0.00,0.00,0.000,0.000,0.00
1777908687,loop2,0.00,0.00,0.000,0.000,0.00
1777908687,loop20,0.00,0.00,0.000,0.000,0.00
1777908687,loop21,0.00,0.00,0.000,0.000,0.00
1777908687,loop22,0.00,0.00,0.000,0.000,0.00
1777908687,loop23,0.00,0.00,0.000,0.000,0.00
1777908687,loop24,0.00,0.00,0.000,0.000,0.00
1777908687,loop25,0.00,0.00,0.000,0.000,0.00
1777908687,loop26,0.00,0.00,0.000,0.000,0.00
1777908687,loop27,0.00,0.00,0.000,0.000,0.00
1777908687,loop28,0.00,0.00,0.000,0.000,0.00
1777908687,loop29,0.00,0.00,0.000,0.000,0.00
1777908687,loop3,0.00,0.00,0.000,0.000,0.00
1777908687,loop30,0.00,0.00,0.000,0.000,0.00
1777908687,loop31,0.00,0.00,0.000,0.000,0.00
1777908687,loop32,0.00,0.00,0.000,0.000,0.00
1777908687,loop33,0.00,0.00,0.000,0.000,0.00
1777908687,loop34,0.00,0.00,0.000,0.000,0.00
1777908687,loop35,0.00,0.00,0.000,0.000,0.00
1777908687,loop36,0.00,0.00,0.000,0.000,0.00
1777908687,loop37,0.00,0.00,0.000,0.000,0.00
1777908687,loop38,0.00,0.00,0.000,0.000,0.00
1777908687,loop39,0.00,0.00,0.000,0.000,0.00
1777908687,loop4,0.00,0.00,0.000,0.000,0.00
1777908687,loop40,0.00,0.00,0.000,0.000,0.00
1777908687,loop5,0.00,0.00,0.000,0.000,0.00
1777908687,loop6,0.00,0.00,0.000,0.000,0.00
1777908687,loop7,0.00,0.00,0.000,0.000,0.00
1777908687,loop8,0.00,0.00,0.000,0.000,0.00
1777908687,loop9,0.00,0.00,0.000,0.000,0.00
1777908687,nvme0n1,0.00,0.00,0.000,0.000,0.70
