t_unix,device,r_iops,w_iops,r_mb_s,w_mb_s,util_pct
1777904200,loop0,0.00,0.00,0.000,0.000,0.00
1777904200,loop1,0.00,0.00,0.000,0.000,0.00
1777904200,loop10,0.00,0.00,0.000,0.000,0.00
1777904200,loop11,0.00,0.00,0.000,0.000,0.00
1777904200,loop12,0.00,0.00,0.000,0.000,0.00
1777904200,loop13,0.00,0.00,0.000,0.000,0.00
1777904200,loop14,0.00,0.00,0.000,0.000,0.00
1777904200,loop15,0.00,0.00,0.000,0.000,0.00
1777904200,loop16,0.00,0.00,0.000,0.000,0.00
1777904200,loop17,0.00,0.00,0.000,0.000,0.00
1777904200,loop18,0.00,0.00,0.000,0.000,0.00
1777904200,loop19,0.00,0.00,0.000,0.000,0.00
1777904200,loop2,0.00,0.00,0.000,0.000,0.00
1777904200,loop20,0.00,0.00,0.000,0.000,0.00
1777904200,loop21,0.00,0.00,0.000,0.000,0.00
1777904200,loop22,0.00,0.00,0.000,0.000,0.00
1777904200,loop23,0.00,0.00,0.000,0.000,0.00
1777904200,loop24,0.00,0.00,0.000,0.000,0.00
1777904200,loop25,0.00,0.00,0.000,0.000,0.00
1777904200,loop26,0.00,0.00,0.000,0.000,0.00
1777904200,loop27,0.00,0.00,0.000,0.000,0.00
1777904200,loop28,0.00,0.00,0.000,0.000,0.00
1777904200,loop29,0.00,0.00,0.000,0.000,0.00
1777904200,loop3,0.00,0.00,0.000,0.000,0.00
1777904200,loop30,0.00,0.00,0.000,0.000,0.00
1777904200,loop31,0.00,0.00,0.000,0.000,0.00
1777904200,loop32,0.00,0.00,0.000,0.000,0.00
1777904200,loop33,0.00,0.00,0.000,0.000,0.00
1777904200,loop34,0.00,0.00,0.000,0.000,0.00
1777904200,loop35,0.00,0.00,0.000,0.000,0.00
1777904200,loop36,0.00,0.00,0.000,0.000,0.00
1777904200,loop37,0.00,0.00,0.000,0.000,0.00
1777904200,loop38,0.00,0.00,0.000,0.000,0.00
1777904200,loop39,0.00,0.00,0.000,0.000,0.00
1777904200,loop4,0.00,0.00,0.000,0.000,0.00
1777904200,loop40,0.00,0.00,0.000,0.000,0.00
1777904200,loop5,0.00,0.00,0.000,0.000,0.00
1777904200,loop6,0.00,0.00,0.000,0.000,0.00
1777904200,loop7,0.00,0.00,0.000,0.000,0.00
1777904200,loop8,0.00,0.00,0.000,0.000,0.00
1777904200,loop9,0.00,0.00,0.000,0.000,0.00
1777904200,nvme0n1,20.00,80.00,0.000,0.000,0.10
1777904201,loop0,0.00,0.00,0.000,0.000,0.00
1777904201,loop1,0.00,0.00,0.000,0.000,0.00
1777904201,loop10,0.00,0.00,0.000,0.000,0.00
1777904201,loop11,0.00,0.00,0.000,0.000,0.00
1777904201,loop12,0.00,0.00,0.000,0.000,0.00
1777904201,loop13,0.00,0.00,0.000,0.000,0.00
1777904201,loop14,0.00,0.00,0.000,0.000,0.00
1777904201,loop15,0.00,0.00,0.000,0.000,0.00
1777904201,loop16,0.00,0.00,0.000,0.000,0.00
1777904201,loop17,0.00,0.00,0.000,0.000,0.00
1777904201,loop18,0.00,0.00,0.000,0.000,0.00
1777904201,loop19,0.00,0.00,0.000,0.000,0.00
1777904201,loop2,0.00,0.00,0.000,0.000,0.00
1777904201,loop20,0.00,0.00,0.000,0.000,0.00
1777904201,loop21,0.00,0.00,0.000,0.000,0.00
1777904201,loop22,0.00,0.00,0.000,0.000,0.00
1777904201,loop23,0.00,0.00,0.000,0.000,0.00
1777904201,loop24,0.00,0.00,0.000,0.000,0.00
1777904201,loop25,0.00,0.00,0.000,0.000,0.00
1777904201,loop26,0.00,0.00,0.000,0.000,0.00
1777904201,loop27,0.00,0.00,0.000,0.000,0.00
1777904201,loop28,0.00,0.00,0.000,0.000,0.00
1777904201,loop29,0.00,0.00,0.000,0.000,0.00
1777904201,loop3,0.00,0.00,0.000,0.000,0.00
1777904201,loop30,0.00,0.00,0.000,0.000,0.00
1777904201,loop31,0.00,0.00,0.000,0.000,0.00
1777904201,loop32,0.00,0.00,0.000,0.000,0.00
1777904201,loop33,0.00,0.00,0.000,0.000,0.00
1777904201,loop34,0.00,0.00,0.000,0.000,0.00
1777904201,loop35,0.00,0.00,0.000,0.000,0.00
1777904201,loop36,0.00,0.00,0.000,0.000,0.00
1777904201,loop37,0.00,0.00,0.000,0.000,0.00
1777904201,loop38,0.00,0.00,0.000,0.000,0.00
1777904201,loop39,0.00,0.00,0.000,0.000,0.00
1777904201,loop4,0.00,0.00,0.000,0.000,0.00
1777904201,loop40,0.00,0.00,0.000,0.000,0.00
1777904201,loop5,0.00,0.00,0.000,0.000,0.00
1777904201,loop6,0.00,0.00,0.000,0.000,0.00
1777904201,loop7,0.00,0.00,0.000,0.000,0.00
1777904201,loop8,0.00,0.00,0.000,0.000,0.00
1777904201,loop9,0.00,0.00,0.000,0.000,0.00
1777904201,nvme0n1,0.00,0.00,0.000,0.000,0.00
1777904202,loop0,0.00,0.00,0.000,0.000,0.00
1777904202,loop1,0.00,0.00,0.000,0.000,0.00
1777904202,loop10,0.00,0.00,0.000,0.000,0.00
1777904202,loop11,0.00,0.00,0.000,0.000,0.00
1777904202,loop12,0.00,0.00,0.000,0.000,0.00
1777904202,loop13,0.00,0.00,0.000,0.000,0.00
1777904202,loop14,0.00,0.00,0.000,0.000,0.00
1777904202,loop15,0.00,0.00,0.000,0.000,0.00
1777904202,loop16,0.00,0.00,0.000,0.000,0.00
1777904202,loop17,0.00,0.00,0.000,0.000,0.00
1777904202,loop18,0.00,0.00,0.000,0.000,0.00
1777904202,loop19,0.00,0.00,0.000,0.000,0.00
1777904202,loop2,0.00,0.00,0.000,0.000,0.00
1777904202,loop20,0.00,0.00,0.000,0.000,0.00
1777904202,loop21,0.00,0.00,0.000,0.000,0.00
1777904202,loop22,0.00,0.00,0.000,0.000,0.00
1777904202,loop23,0.00,0.00,0.000,0.000,0.00
1777904202,loop24,0.00,0.00,0.000,0.000,0.00
1777904202,loop25,0.00,0.00,0.000,0.000,0.00
1777904202,loop26,0.00,0.00,0.000,0.000,0.00
1777904202,loop27,0.00,0.00,0.000,0.000,0.00
1777904202,loop28,0.00,0.00,0.000,0.000,0.00
1777904202,loop29,0.00,0.00,0.000,0.000,0.00
1777904202,loop3,0.00,0.00,0.000,0.000,0.00
1777904202,loop30,0.00,0.00,0.000,0.000,0.00
1777904202,loop31,0.00,0.00,0.000,0.000,0.00
1777904202,loop32,0.00,0.00,0.000,0.000,0.00
1777904202,loop33,0.00,0.00,0.000,0.000,0.00
1777904202,loop34,0.00,0.00,0.000,0.000,0.00
1777904202,loop35,0.00,0.00,0.000,0.000,0.00
1777904202,loop36,0.00,0.00,0.000,0.000,0.00
1777904202,loop37,0.00,0.00,0.000,0.000,0.00
1777904202,loop38,0.00,0.00,0.000,0.000,0.00
1777904202,loop39,0.00,0.00,0.000,0.000,0.00
1777904202,loop4,0.00,0.00,0.000,0.000,0.00
1777904202,loop40,0.00,0.00,0.000,0.000,0.00
1777904202,loop5,0.00,0.00,0.000,0.000,0.00
1777904202,loop6,0.00,0.00,0.000,0.000,0.00
1777904202,loop7,0.00,0.00,0.000,0.000,0.00
1777904202,loop8,0.00,0.00,0.000,0.000,0.00
1777904202,loop9,0.00,0.00,0.000,0.000,0.00
1777904202,nvme0n1,1.00,4.00,0.000,0.000,0.10
1777904203,loop0,0.00,0.00,0.000,0.000,0.00
1777904203,loop1,0.00,0.00,0.000,0.000,0.00
1777904203,loop10,0.00,0.00,0.000,0.000,0.00
1777904203,loop11,0.00,0.00,0.000,0.000,0.00
1777904203,loop12,0.00,0.00,0.000,0.000,0.00
1777904203,loop13,0.00,0.00,0.000,0.000,0.00
1777904203,loop14,0.00,0.00,0.000,0.000,0.00
1777904203,loop15,0.00,0.00,0.000,0.000,0.00
1777904203,loop16,0.00,0.00,0.000,0.000,0.00
1777904203,loop17,0.00,0.00,0.000,0.000,0.00
1777904203,loop18,0.00,0.00,0.000,0.000,0.00
1777904203,loop19,0.00,0.00,0.000,0.000,0.00
1777904203,loop2,0.00,0.00,0.000,0.000,0.00
1777904203,loop20,0.00,0.00,0.000,0.000,0.00
1777904203,loop21,0.00,0.00,0.000,0.000,0.00
1777904203,loop22,0.00,0.00,0.000,0.000,0.00
1777904203,loop23,0.00,0.00,0.000,0.000,0.00
1777904203,loop24,0.00,0.00,0.000,0.000,0.00
1777904203,loop25,0.00,0.00,0.000,0.000,0.00
1777904203,loop26,0.00,0.00,0.000,0.000,0.00
1777904203,loop27,0.00,0.00,0.000,0.000,0.00
1777904203,loop28,0.00,0.00,0.000,0.000,0.00
1777904203,loop29,0.00,0.00,0.000,0.000,0.00
1777904203,loop3,0.00,0.00,0.000,0.000,0.00
1777904203,loop30,0.00,0.00,0.000,0.000,0.00
1777904203,loop31,0.00,0.00,0.000,0.000,0.00
1777904203,loop32,0.00,0.00,0.000,0.000,0.00
1777904203,loop33,0.00,0.00,0.000,0.000,0.00
1777904203,loop34,0.00,0.00,0.000,0.000,0.00
1777904203,loop35,0.00,0.00,0.000,0.000,0.00
1777904203,loop36,0.00,0.00,0.000,0.000,0.00
1777904203,loop37,0.00,0.00,0.000,0.000,0.00
1777904203,loop38,0.00,0.00,0.000,0.000,0.00
1777904203,loop39,0.00,0.00,0.000,0.000,0.00
1777904203,loop4,0.00,0.00,0.000,0.000,0.00
1777904203,loop40,0.00,0.00,0.000,0.000,0.00
1777904203,loop5,0.00,0.00,0.000,0.000,0.00
1777904203,loop6,0.00,0.00,0.000,0.000,0.00
1777904203,loop7,0.00,0.00,0.000,0.000,0.00
1777904203,loop8,0.00,0.00,0.000,0.000,0.00
1777904203,loop9,0.00,0.00,0.000,0.000,0.00
1777904203,nvme0n1,0.00,0.00,0.000,0.000,0.00
1777904204,loop0,0.00,0.00,0.000,0.000,0.00
1777904204,loop1,0.00,0.00,0.000,0.000,0.00
1777904204,loop10,0.00,0.00,0.000,0.000,0.00
1777904204,loop11,0.00,0.00,0.000,0.000,0.00
1777904204,loop12,0.00,0.00,0.000,0.000,0.00
1777904204,loop13,0.00,0.00,0.000,0.000,0.00
1777904204,loop14,0.00,0.00,0.000,0.000,0.00
1777904204,loop15,0.00,0.00,0.000,0.000,0.00
1777904204,loop16,0.00,0.00,0.000,0.000,0.00
1777904204,loop17,0.00,0.00,0.000,0.000,0.00
1777904204,loop18,0.00,0.00,0.000,0.000,0.00
1777904204,loop19,0.00,0.00,0.000,0.000,0.00
1777904204,loop2,0.00,0.00,0.000,0.000,0.00
1777904204,loop20,0.00,0.00,0.000,0.000,0.00
1777904204,loop21,0.00,0.00,0.000,0.000,0.00
1777904204,loop22,0.00,0.00,0.000,0.000,0.00
1777904204,loop23,0.00,0.00,0.000,0.000,0.00
1777904204,loop24,0.00,0.00,0.000,0.000,0.00
1777904204,loop25,0.00,0.00,0.000,0.000,0.00
1777904204,loop26,0.00,0.00,0.000,0.000,0.00
1777904204,loop27,0.00,0.00,0.000,0.000,0.00
1777904204,loop28,0.00,0.00,0.000,0.000,0.00
1777904204,loop29,0.00,0.00,0.000,0.000,0.00
1777904204,loop3,0.00,0.00,0.000,0.000,0.00
1777904204,loop30,0.00,0.00,0.000,0.000,0.00
1777904204,loop31,0.00,0.00,0.000,0.000,0.00
1777904204,loop32,0.00,0.00,0.000,0.000,0.00
1777904204,loop33,0.00,0.00,0.000,0.000,0.00
1777904204,loop34,0.00,0.00,0.000,0.000,0.00
1777904204,loop35,0.00,0.00,0.000,0.000,0.00
1777904204,loop36,0.00,0.00,0.000,0.000,0.00
1777904204,loop37,0.00,0.00,0.000,0.000,0.00
1777904204,loop38,0.00,0.00,0.000,0.000,0.00
1777904204,loop39,0.00,0.00,0.000,0.000,0.00
1777904204,loop4,0.00,0.00,0.000,0.000,0.00
1777904204,loop40,0.00,0.00,0.000,0.000,0.00
1777904204,loop5,0.00,0.00,0.000,0.000,0.00
1777904204,loop6,0.00,0.00,0.000,0.000,0.00
1777904204,loop7,0.00,0.00,0.000,0.000,0.00
1777904204,loop8,0.00,0.00,0.000,0.000,0.00
1777904204,loop9,0.00,0.00,0.000,0.000,0.00
1777904204,nvme0n1,0.00,0.00,0.000,0.000,6.20
1777904205,loop0,0.00,0.00,0.000,0.000,0.00
1777904205,loop1,0.00,0.00,0.000,0.000,0.00
1777904205,loop10,0.00,0.00,0.000,0.000,0.00
1777904205,loop11,0.00,0.00,0.000,0.000,0.00
1777904205,loop12,0.00,0.00,0.000,0.000,0.00
1777904205,loop13,0.00,0.00,0.000,0.000,0.00
1777904205,loop14,0.00,0.00,0.000,0.000,0.00
1777904205,loop15,0.00,0.00,0.000,0.000,0.00
1777904205,loop16,0.00,0.00,0.000,0.000,0.00
1777904205,loop17,0.00,0.00,0.000,0.000,0.00
1777904205,loop18,0.00,0.00,0.000,0.000,0.00
1777904205,loop19,0.00,0.00,0.000,0.000,0.00
1777904205,loop2,0.00,0.00,0.000,0.000,0.00
1777904205,loop20,0.00,0.00,0.000,0.000,0.00
1777904205,loop21,0.00,0.00,0.000,0.000,0.00
1777904205,loop22,0.00,0.00,0.000,0.000,0.00
1777904205,loop23,0.00,0.00,0.000,0.000,0.00
1777904205,loop24,0.00,0.00,0.000,0.000,0.00
1777904205,loop25,0.00,0.00,0.000,0.000,0.00
1777904205,loop26,0.00,0.00,0.000,0.000,0.00
1777904205,loop27,0.00,0.00,0.000,0.000,0.00
1777904205,loop28,0.00,0.00,0.000,0.000,0.00
1777904205,loop29,0.00,0.00,0.000,0.000,0.00
1777904205,loop3,0.00,0.00,0.000,0.000,0.00
1777904205,loop30,0.00,0.00,0.000,0.000,0.00
1777904205,loop31,0.00,0.00,0.000,0.000,0.00
1777904205,loop32,0.00,0.00,0.000,0.000,0.00
1777904205,loop33,0.00,0.00,0.000,0.000,0.00
1777904205,loop34,0.00,0.00,0.000,0.000,0.00
1777904205,loop35,0.00,0.00,0.000,0.000,0.00
1777904205,loop36,0.00,0.00,0.000,0.000,0.00
1777904205,loop37,0.00,0.00,0.000,0.000,0.00
1777904205,loop38,0.00,0.00,0.000,0.000,0.00
1777904205,loop39,0.00,0.00,0.000,0.000,0.00
1777904205,loop4,0.00,0.00,0.000,0.000,0.00
1777904205,loop40,0.00,0.00,0.000,0.000,0.00
1777904205,loop5,0.00,0.00,0.000,0.000,0.00
1777904205,loop6,0.00,0.00,0.000,0.000,0.00
1777904205,loop7,0.00,0.00,0.000,0.000,0.00
1777904205,loop8,0.00,0.00,0.000,0.000,0.00
1777904205,loop9,0.00,0.00,0.000,0.000,0.00
1777904205,nvme0n1,0.00,0.00,0.000,0.000,0.00
1777904206,loop0,0.00,0.00,0.000,0.000,0.00
1777904206,loop1,0.00,0.00,0.000,0.000,0.00
1777904206,loop10,0.00,0.00,0.000,0.000,0.00
1777904206,loop11,0.00,0.00,0.000,0.000,0.00
1777904206,loop12,0.00,0.00,0.000,0.000,0.00
1777904206,loop13,0.00,0.00,0.000,0.000,0.00
1777904206,loop14,0.00,0.00,0.000,0.000,0.00
1777904206,loop15,0.00,0.00,0.000,0.000,0.00
1777904206,loop16,0.00,0.00,0.000,0.000,0.00
1777904206,loop17,0.00,0.00,0.000,0.000,0.00
1777904206,loop18,0.00,0.00,0.000,0.000,0.00
1777904206,loop19,0.00,0.00,0.000,0.000,0.00
1777904206,loop2,0.00,0.00,0.000,0.000,0.00
1777904206,loop20,0.00,0.00,0.000,0.000,0.00
1777904206,loop21,0.00,0.00,0.000,0.000,0.00
1777904206,loop22,0.00,0.00,0.000,0.000,0.00
1777904206,loop23,0.00,0.00,0.000,0.000,0.00
1777904206,loop24,0.00,0.00,0.000,0.000,0.00
1777904206,loop25,0.00,0.00,0.000,0.000,0.00
1777904206,loop26,0.00,0.00,0.000,0.000,0.00
1777904206,loop27,0.00,0.00,0.000,0.000,0.00
1777904206,loop28,0.00,0.00,0.000,0.000,0.00
1777904206,loop29,0.00,0.00,0.000,0.000,0.00
1777904206,loop3,0.00,0.00,0.000,0.000,0.00
1777904206,loop30,0.00,0.00,0.000,0.000,0.00
1777904206,loop31,0.00,0.00,0.000,0.000,0.00
1777904206,loop32,0.00,0.00,0.000,0.000,0.00
1777904206,loop33,0.00,0.00,0.000,0.000,0.00
1777904206,loop34,0.00,0.00,0.000,0.000,0.00
1777904206,loop35,0.00,0.00,0.000,0.000,0.00
1777904206,loop36,0.00,0.00,0.000,0.000,0.00
1777904206,loop37,0.00,0.00,0.000,0.000,0.00
1777904206,loop38,0.00,0.00,0.000,0.000,0.00
1777904206,loop39,0.00,0.00,0.000,0.000,0.00
1777904206,loop4,0.00,0.00,0.000,0.000,0.00
1777904206,loop40,0.00,0.00,0.000,0.000,0.00
1777904206,loop5,0.00,0.00,0.000,0.000,0.00
1777904206,loop6,0.00,0.00,0.000,0.000,0.00
1777904206,loop7,0.00,0.00,0.000,0.000,0.00
1777904206,loop8,0.00,0.00,0.000,0.000,0.00
1777904206,loop9,0.00,0.00,0.000,0.000,0.00
1777904206,nvme0n1,0.00,0.00,0.000,0.000,0.00
1777904207,loop0,0.00,0.00,0.000,0.000,0.00
1777904207,loop1,0.00,0.00,0.000,0.000,0.00
1777904207,loop10,0.00,0.00,0.000,0.000,0.00
1777904207,loop11,0.00,0.00,0.000,0.000,0.00
1777904207,loop12,0.00,0.00,0.000,0.000,0.00
1777904207,loop13,0.00,0.00,0.000,0.000,0.00
1777904207,loop14,0.00,0.00,0.000,0.000,0.00
1777904207,loop15,0.00,0.00,0.000,0.000,0.00
1777904207,loop16,0.00,0.00,0.000,0.000,0.00
1777904207,loop17,0.00,0.00,0.000,0.000,0.00
1777904207,loop18,0.00,0.00,0.000,0.000,0.00
1777904207,loop19,0.00,0.00,0.000,0.000,0.00
1777904207,loop2,0.00,0.00,0.000,0.000,0.00
1777904207,loop20,0.00,0.00,0.000,0.000,0.00
1777904207,loop21,0.00,0.00,0.000,0.000,0.00
1777904207,loop22,0.00,0.00,0.000,0.000,0.00
1777904207,loop23,0.00,0.00,0.000,0.000,0.00
1777904207,loop24,0.00,0.00,0.000,0.000,0.00
1777904207,loop25,0.00,0.00,0.000,0.000,0.00
1777904207,loop26,0.00,0.00,0.000,0.000,0.00
1777904207,loop27,0.00,0.00,0.000,0.000,0.00
1777904207,loop28,0.00,0.00,0.000,0.000,0.00
1777904207,loop29,0.00,0.00,0.000,0.000,0.00
1777904207,loop3,0.00,0.00,0.000,0.000,0.00
1777904207,loop30,0.00,0.00,0.000,0.000,0.00
1777904207,loop31,0.00,0.00,0.000,0.000,0.00
1777904207,loop32,0.00,0.00,0.000,0.000,0.00
1777904207,loop33,0.00,0.00,0.000,0.000,0.00
1777904207,loop34,0.00,0.00,0.000,0.000,0.00
1777904207,loop35,0.00,0.00,0.000,0.000,0.00
1777904207,loop36,0.00,0.00,0.000,0.000,0.00
1777904207,loop37,0.00,0.00,0.000,0.000,0.00
1777904207,loop38,0.00,0.00,0.000,0.000,0.00
1777904207,loop39,0.00,0.00,0.000,0.000,0.00
1777904207,loop4,0.00,0.00,0.000,0.000,0.00
1777904207,loop40,0.00,0.00,0.000,0.000,0.00
1777904207,loop5,0.00,0.00,0.000,0.000,0.00
1777904207,loop6,0.00,0.00,0.000,0.000,0.00
1777904207,loop7,0.00,0.00,0.000,0.000,0.00
1777904207,loop8,0.00,0.00,0.000,0.000,0.00
1777904207,loop9,0.00,0.00,0.000,0.000,0.00
1777904207,nvme0n1,0.00,0.00,0.000,0.000,0.00
1777904208,loop0,0.00,0.00,0.000,0.000,0.00
1777904208,loop1,0.00,0.00,0.000,0.000,0.00
1777904208,loop10,0.00,0.00,0.000,0.000,0.00
1777904208,loop11,0.00,0.00,0.000,0.000,0.00
1777904208,loop12,0.00,0.00,0.000,0.000,0.00
1777904208,loop13,0.00,0.00,0.000,0.000,0.00
1777904208,loop14,0.00,0.00,0.000,0.000,0.00
1777904208,loop15,0.00,0.00,0.000,0.000,0.00
1777904208,loop16,0.00,0.00,0.000,0.000,0.00
1777904208,loop17,0.00,0.00,0.000,0.000,0.00
1777904208,loop18,0.00,0.00,0.000,0.000,0.00
1777904208,loop19,0.00,0.00,0.000,0.000,0.00
1777904208,loop2,0.00,0.00,0.000,0.000,0.00
1777904208,loop20,0.00,0.00,0.000,0.000,0.00
1777904208,loop21,0.00,0.00,0.000,0.000,0.00
1777904208,loop22,0.00,0.00,0.000,0.000,0.00
1777904208,loop23,0.00,0.00,0.000,0.000,0.00
1777904208,loop24,0.00,0.00,0.000,0.000,0.00
1777904208,loop25,0.00,0.00,0.000,0.000,0.00
1777904208,loop26,0.00,0.00,0.000,0.000,0.00
1777904208,loop27,0.00,0.00,0.000,0.000,0.00
1777904208,loop28,0.00,0.00,0.000,0.000,0.00
1777904208,loop29,0.00,0.00,0.000,0.000,0.00
1777904208,loop3,0.00,0.00,0.000,0.000,0.00
1777904208,loop30,0.00,0.00,0.000,0.000,0.00
1777904208,loop31,0.00,0.00,0.000,0.000,0.00
1777904208,loop32,0.00,0.00,0.000,0.000,0.00
1777904208,loop33,0.00,0.00,0.000,0.000,0.00
1777904208,loop34,0.00,0.00,0.000,0.000,0.00
1777904208,loop35,0.00,0.00,0.000,0.000,0.00
1777904208,loop36,0.00,0.00,0.000,0.000,0.00
1777904208,loop37,0.00,0.00,0.000,0.000,0.00
1777904208,loop38,0.00,0.00,0.000,0.000,0.00
1777904208,loop39,0.00,0.00,0.000,0.000,0.00
1777904208,loop4,0.00,0.00,0.000,0.000,0.00
1777904208,loop40,0.00,0.00,0.000,0.000,0.00
1777904208,loop5,0.00,0.00,0.000,0.000,0.00
1777904208,loop6,0.00,0.00,0.000,0.000,0.00
1777904208,loop7,0.00,0.00,0.000,0.000,0.00
1777904208,loop8,0.00,0.00,0.000,0.000,0.00
1777904208,loop9,0.00,0.00,0.000,0.000,0.00
1777904208,nvme0n1,0.00,0.00,0.000,0.000,2.10
1777904209,loop0,0.00,0.00,0.000,0.000,0.00
1777904209,loop1,0.00,0.00,0.000,0.000,0.00
1777904209,loop10,0.00,0.00,0.000,0.000,0.00
1777904209,loop11,0.00,0.00,0.000,0.000,0.00
1777904209,loop12,0.00,0.00,0.000,0.000,0.00
1777904209,loop13,0.00,0.00,0.000,0.000,0.00
1777904209,loop14,0.00,0.00,0.000,0.000,0.00
1777904209,loop15,0.00,0.00,0.000,0.000,0.00
1777904209,loop16,0.00,0.00,0.000,0.000,0.00
1777904209,loop17,0.00,0.00,0.000,0.000,0.00
1777904209,loop18,0.00,0.00,0.000,0.000,0.00
1777904209,loop19,0.00,0.00,0.000,0.000,0.00
1777904209,loop2,0.00,0.00,0.000,0.000,0.00
1777904209,loop20,0.00,0.00,0.000,0.000,0.00
1777904209,loop21,0.00,0.00,0.000,0.000,0.00
1777904209,loop22,0.00,0.00,0.000,0.000,0.00
1777904209,loop23,0.00,0.00,0.000,0.000,0.00
1777904209,loop24,0.00,0.00,0.000,0.000,0.00
1777904209,loop25,0.00,0.00,0.000,0.000,0.00
1777904209,loop26,0.00,0.00,0.000,0.000,0.00
1777904209,loop27,0.00,0.00,0.000,0.000,0.00
1777904209,loop28,0.00,0.00,0.000,0.000,0.00
1777904209,loop29,0.00,0.00,0.000,0.000,0.00
1777904209,loop3,0.00,0.00,0.000,0.000,0.00
1777904209,loop30,0.00,0.00,0.000,0.000,0.00
1777904209,loop31,0.00,0.00,0.000,0.000,0.00
1777904209,loop32,0.00,0.00,0.000,0.000,0.00
1777904209,loop33,0.00,0.00,0.000,0.000,0.00
1777904209,loop34,0.00,0.00,0.000,0.000,0.00
1777904209,loop35,0.00,0.00,0.000,0.000,0.00
1777904209,loop36,0.00,0.00,0.000,0.000,0.00
1777904209,loop37,0.00,0.00,0.000,0.000,0.00
1777904209,loop38,0.00,0.00,0.000,0.000,0.00
1777904209,loop39,0.00,0.00,0.000,0.000,0.00
1777904209,loop4,0.00,0.00,0.000,0.000,0.00
1777904209,loop40,0.00,0.00,0.000,0.000,0.00
1777904209,loop5,0.00,0.00,0.000,0.000,0.00
1777904209,loop6,0.00,0.00,0.000,0.000,0.00
1777904209,loop7,0.00,0.00,0.000,0.000,0.00
1777904209,loop8,0.00,0.00,0.000,0.000,0.00
1777904209,loop9,0.00,0.00,0.000,0.000,0.00
1777904209,nvme0n1,2.00,8.00,0.000,0.000,0.10
1777904210,loop0,0.00,0.00,0.000,0.000,0.00
1777904210,loop1,0.00,0.00,0.000,0.000,0.00
1777904210,loop10,0.00,0.00,0.000,0.000,0.00
1777904210,loop11,0.00,0.00,0.000,0.000,0.00
1777904210,loop12,0.00,0.00,0.000,0.000,0.00
1777904210,loop13,0.00,0.00,0.000,0.000,0.00
1777904210,loop14,0.00,0.00,0.000,0.000,0.00
1777904210,loop15,0.00,0.00,0.000,0.000,0.00
1777904210,loop16,0.00,0.00,0.000,0.000,0.00
1777904210,loop17,0.00,0.00,0.000,0.000,0.00
1777904210,loop18,0.00,0.00,0.000,0.000,0.00
1777904210,loop19,0.00,0.00,0.000,0.000,0.00
1777904210,loop2,0.00,0.00,0.000,0.000,0.00
1777904210,loop20,0.00,0.00,0.000,0.000,0.00
1777904210,loop21,0.00,0.00,0.000,0.000,0.00
1777904210,loop22,0.00,0.00,0.000,0.000,0.00
1777904210,loop23,0.00,0.00,0.000,0.000,0.00
1777904210,loop24,0.00,0.00,0.000,0.000,0.00
1777904210,loop25,0.00,0.00,0.000,0.000,0.00
1777904210,loop26,0.00,0.00,0.000,0.000,0.00
1777904210,loop27,0.00,0.00,0.000,0.000,0.00
1777904210,loop28,0.00,0.00,0.000,0.000,0.00
1777904210,loop29,0.00,0.00,0.000,0.000,0.00
1777904210,loop3,0.00,0.00,0.000,0.000,0.00
1777904210,loop30,0.00,0.00,0.000,0.000,0.00
1777904210,loop31,0.00,0.00,0.000,0.000,0.00
1777904210,loop32,0.00,0.00,0.000,0.000,0.00
1777904210,loop33,0.00,0.00,0.000,0.000,0.00
1777904210,loop34,0.00,0.00,0.000,0.000,0.00
1777904210,loop35,0.00,0.00,0.000,0.000,0.00
1777904210,loop36,0.00,0.00,0.000,0.000,0.00
1777904210,loop37,0.00,0.00,0.000,0.000,0.00
1777904210,loop38,0.00,0.00,0.000,0.000,0.00
1777904210,loop39,0.00,0.00,0.000,0.000,0.00
1777904210,loop4,0.00,0.00,0.000,0.000,0.00
1777904210,loop40,0.00,0.00,0.000,0.000,0.00
1777904210,loop5,0.00,0.00,0.000,0.000,0.00
1777904210,loop6,0.00,0.00,0.000,0.000,0.00
1777904210,loop7,0.00,0.00,0.000,0.000,0.00
1777904210,loop8,0.00,0.00,0.000,0.000,0.00
1777904210,loop9,0.00,0.00,0.000,0.000,0.00
1777904210,nvme0n1,0.00,0.00,0.000,0.000,0.40
1777904211,loop0,0.00,0.00,0.000,0.000,0.00
1777904211,loop1,0.00,0.00,0.000,0.000,0.00
1777904211,loop10,0.00,0.00,0.000,0.000,0.00
1777904211,loop11,0.00,0.00,0.000,0.000,0.00
1777904211,loop12,0.00,0.00,0.000,0.000,0.00
1777904211,loop13,0.00,0.00,0.000,0.000,0.00
1777904211,loop14,0.00,0.00,0.000,0.000,0.00
1777904211,loop15,0.00,0.00,0.000,0.000,0.00
1777904211,loop16,0.00,0.00,0.000,0.000,0.00
1777904211,loop17,0.00,0.00,0.000,0.000,0.00
1777904211,loop18,0.00,0.00,0.000,0.000,0.00
1777904211,loop19,0.00,0.00,0.000,0.000,0.00
1777904211,loop2,0.00,0.00,0.000,0.000,0.00
1777904211,loop20,0.00,0.00,0.000,0.000,0.00
1777904211,loop21,0.00,0.00,0.000,0.000,0.00
1777904211,loop22,0.00,0.00,0.000,0.000,0.00
1777904211,loop23,0.00,0.00,0.000,0.000,0.00
1777904211,loop24,0.00,0.00,0.000,0.000,0.00
1777904211,loop25,0.00,0.00,0.000,0.000,0.00
1777904211,loop26,0.00,0.00,0.000,0.000,0.00
1777904211,loop27,0.00,0.00,0.000,0.000,0.00
1777904211,loop28,0.00,0.00,0.000,0.000,0.00
1777904211,loop29,0.00,0.00,0.000,0.000,0.00
1777904211,loop3,0.00,0.00,0.000,0.000,0.00
1777904211,loop30,0.00,0.00,0.000,0.000,0.00
1777904211,loop31,0.00,0.00,0.000,0.000,0.00
1777904211,loop32,0.00,0.00,0.000,0.000,0.00
1777904211,loop33,0.00,0.00,0.000,0.000,0.00
1777904211,loop34,0.00,0.00,0.000,0.000,0.00
1777904211,loop35,0.00,0.00,0.000,0.000,0.00
1777904211,loop36,0.00,0.00,0.000,0.000,0.00
1777904211,loop37,0.00,0.00,0.000,0.000,0.00
1777904211,loop38,0.00,0.00,0.000,0.000,0.00
1777904211,loop39,0.00,0.00,0.000,0.000,0.00
1777904211,loop4,0.00,0.00,0.000,0.000,0.00
1777904211,loop40,0.00,0.00,0.000,0.000,0.00
1777904211,loop5,0.00,0.00,0.000,0.000,0.00
1777904211,loop6,0.00,0.00,0.000,0.000,0.00
1777904211,loop7,0.00,0.00,0.000,0.000,0.00
1777904211,loop8,0.00,0.00,0.000,0.000,0.00
1777904211,loop9,0.00,0.00,0.000,0.000,0.00
1777904211,nvme0n1,0.00,0.00,0.000,0.000,0.60
1777904212,loop0,0.00,0.00,0.000,0.000,0.00
1777904212,loop1,0.00,0.00,0.000,0.000,0.00
1777904212,loop10,0.00,0.00,0.000,0.000,0.00
1777904212,loop11,0.00,0.00,0.000,0.000,0.00
1777904212,loop12,0.00,0.00,0.000,0.000,0.00
1777904212,loop13,0.00,0.00,0.000,0.000,0.00
1777904212,loop14,0.00,0.00,0.000,0.000,0.00
1777904212,loop15,0.00,0.00,0.000,0.000,0.00
1777904212,loop16,0.00,0.00,0.000,0.000,0.00
1777904212,loop17,0.00,0.00,0.000,0.000,0.00
1777904212,loop18,0.00,0.00,0.000,0.000,0.00
1777904212,loop19,0.00,0.00,0.000,0.000,0.00
1777904212,loop2,0.00,0.00,0.000,0.000,0.00
1777904212,loop20,0.00,0.00,0.000,0.000,0.00
1777904212,loop21,0.00,0.00,0.000,0.000,0.00
1777904212,loop22,0.00,0.00,0.000,0.000,0.00
1777904212,loop23,0.00,0.00,0.000,0.000,0.00
1777904212,loop24,0.00,0.00,0.000,0.000,0.00
1777904212,loop25,0.00,0.00,0.000,0.000,0.00
1777904212,loop26,0.00,0.00,0.000,0.000,0.00
1777904212,loop27,0.00,0.00,0.000,0.000,0.00
1777904212,loop28,0.00,0.00,0.000,0.000,0.00
1777904212,loop29,0.00,0.00,0.000,0.000,0.00
1777904212,loop3,0.00,0.00,0.000,0.000,0.00
1777904212,loop30,0.00,0.00,0.000,0.000,0.00
1777904212,loop31,0.00,0.00,0.000,0.000,0.00
1777904212,loop32,0.00,0.00,0.000,0.000,0.00
1777904212,loop33,0.00,0.00,0.000,0.000,0.00
1777904212,loop34,0.00,0.00,0.000,0.000,0.00
1777904212,loop35,0.00,0.00,0.000,0.000,0.00
1777904212,loop36,0.00,0.00,0.000,0.000,0.00
1777904212,loop37,0.00,0.00,0.000,0.000,0.00
1777904212,loop38,0.00,0.00,0.000,0.000,0.00
1777904212,loop39,0.00,0.00,0.000,0.000,0.00
1777904212,loop4,0.00,0.00,0.000,0.000,0.00
1777904212,loop40,0.00,0.00,0.000,0.000,0.00
1777904212,loop5,0.00,0.00,0.000,0.000,0.00
1777904212,loop6,0.00,0.00,0.000,0.000,0.00
1777904212,loop7,0.00,0.00,0.000,0.000,0.00
1777904212,loop8,0.00,0.00,0.000,0.000,0.00
1777904212,loop9,0.00,0.00,0.000,0.000,0.00
1777904212,nvme0n1,0.00,0.00,0.000,0.000,0.00
1777904213,loop0,0.00,0.00,0.000,0.000,0.00
1777904213,loop1,0.00,0.00,0.000,0.000,0.00
1777904213,loop10,0.00,0.00,0.000,0.000,0.00
1777904213,loop11,0.00,0.00,0.000,0.000,0.00
1777904213,loop12,0.00,0.00,0.000,0.000,0.00
1777904213,loop13,0.00,0.00,0.000,0.000,0.00
1777904213,loop14,0.00,0.00,0.000,0.000,0.00
1777904213,loop15,0.00,0.00,0.000,0.000,0.00
1777904213,loop16,0.00,0.00,0.000,0.000,0.00
1777904213,loop17,0.00,0.00,0.000,0.000,0.00
1777904213,loop18,0.00,0.00,0.000,0.000,0.00
1777904213,loop19,0.00,0.00,0.000,0.000,0.00
1777904213,loop2,0.00,0.00,0.000,0.000,0.00
1777904213,loop20,0.00,0.00,0.000,0.000,0.00
1777904213,loop21,0.00,0.00,0.000,0.000,0.00
1777904213,loop22,0.00,0.00,0.000,0.000,0.00
1777904213,loop23,0.00,0.00,0.000,0.000,0.00
1777904213,loop24,0.00,0.00,0.000,0.000,0.00
1777904213,loop25,0.00,0.00,0.000,0.000,0.00
1777904213,loop26,0.00,0.00,0.000,0.000,0.00
1777904213,loop27,0.00,0.00,0.000,0.000,0.00
1777904213,loop28,0.00,0.00,0.000,0.000,0.00
1777904213,loop29,0.00,0.00,0.000,0.000,0.00
1777904213,loop3,0.00,0.00,0.000,0.000,0.00
1777904213,loop30,0.00,0.00,0.000,0.000,0.00
1777904213,loop31,0.00,0.00,0.000,0.000,0.00
1777904213,loop32,0.00,0.00,0.000,0.000,0.00
1777904213,loop33,0.00,0.00,0.000,0.000,0.00
1777904213,loop34,0.00,0.00,0.000,0.000,0.00
1777904213,loop35,0.00,0.00,0.000,0.000,0.00
1777904213,loop36,0.00,0.00,0.000,0.000,0.00
1777904213,loop37,0.00,0.00,0.000,0.000,0.00
1777904213,loop38,0.00,0.00,0.000,0.000,0.00
1777904213,loop39,0.00,0.00,0.000,0.000,0.00
1777904213,loop4,0.00,0.00,0.000,0.000,0.00
1777904213,loop40,0.00,0.00,0.000,0.000,0.00
1777904213,loop5,0.00,0.00,0.000,0.000,0.00
1777904213,loop6,0.00,0.00,0.000,0.000,0.00
1777904213,loop7,0.00,0.00,0.000,0.000,0.00
1777904213,loop8,0.00,0.00,0.000,0.000,0.00
1777904213,loop9,0.00,0.00,0.000,0.000,0.00
1777904213,nvme0n1,0.00,0.00,0.000,0.000,0.00
1777904214,loop0,0.00,0.00,0.000,0.000,0.00
1777904214,loop1,0.00,0.00,0.000,0.000,0.00
1777904214,loop10,0.00,0.00,0.000,0.000,0.00
1777904214,loop11,0.00,0.00,0.000,0.000,0.00
1777904214,loop12,0.00,0.00,0.000,0.000,0.00
1777904214,loop13,0.00,0.00,0.000,0.000,0.00
1777904214,loop14,0.00,0.00,0.000,0.000,0.00
1777904214,loop15,0.00,0.00,0.000,0.000,0.00
1777904214,loop16,0.00,0.00,0.000,0.000,0.00
1777904214,loop17,0.00,0.00,0.000,0.000,0.00
1777904214,loop18,0.00,0.00,0.000,0.000,0.00
1777904214,loop19,0.00,0.00,0.000,0.000,0.00
1777904214,loop2,0.00,0.00,0.000,0.000,0.00
1777904214,loop20,0.00,0.00,0.000,0.000,0.00
1777904214,loop21,0.00,0.00,0.000,0.000,0.00
1777904214,loop22,0.00,0.00,0.000,0.000,0.00
1777904214,loop23,0.00,0.00,0.000,0.000,0.00
1777904214,loop24,0.00,0.00,0.000,0.000,0.00
1777904214,loop25,0.00,0.00,0.000,0.000,0.00
1777904214,loop26,0.00,0.00,0.000,0.000,0.00
1777904214,loop27,0.00,0.00,0.000,0.000,0.00
1777904214,loop28,0.00,0.00,0.000,0.000,0.00
1777904214,loop29,0.00,0.00,0.000,0.000,0.00
1777904214,loop3,0.00,0.00,0.000,0.000,0.00
1777904214,loop30,0.00,0.00,0.000,0.000,0.00
1777904214,loop31,0.00,0.00,0.000,0.000,0.00
1777904214,loop32,0.00,0.00,0.000,0.000,0.00
1777904214,loop33,0.00,0.00,0.000,0.000,0.00
1777904214,loop34,0.00,0.00,0.000,0.000,0.00
1777904214,loop35,0.00,0.00,0.000,0.000,0.00
1777904214,loop36,0.00,0.00,0.000,0.000,0.00
1777904214,loop37,0.00,0.00,0.000,0.000,0.00
1777904214,loop38,0.00,0.00,0.000,0.000,0.00
1777904214,loop39,0.00,0.00,0.000,0.000,0.00
1777904214,loop4,0.00,0.00,0.000,0.000,0.00
1777904214,loop40,0.00,0.00,0.000,0.000,0.00
1777904214,loop5,0.00,0.00,0.000,0.000,0.00
1777904214,loop6,0.00,0.00,0.000,0.000,0.00
1777904214,loop7,0.00,0.00,0.000,0.000,0.00
1777904214,loop8,0.00,0.00,0.000,0.000,0.00
1777904214,loop9,0.00,0.00,0.000,0.000,0.00
1777904214,nvme0n1,0.00,0.00,0.000,0.000,0.00
1777904215,loop0,0.00,0.00,0.000,0.000,0.00
1777904215,loop1,0.00,0.00,0.000,0.000,0.00
1777904215,loop10,0.00,0.00,0.000,0.000,0.00
1777904215,loop11,0.00,0.00,0.000,0.000,0.00
1777904215,loop12,0.00,0.00,0.000,0.000,0.00
1777904215,loop13,0.00,0.00,0.000,0.000,0.00
1777904215,loop14,0.00,0.00,0.000,0.000,0.00
1777904215,loop15,0.00,0.00,0.000,0.000,0.00
1777904215,loop16,0.00,0.00,0.000,0.000,0.00
1777904215,loop17,0.00,0.00,0.000,0.000,0.00
1777904215,loop18,0.00,0.00,0.000,0.000,0.00
1777904215,loop19,0.00,0.00,0.000,0.000,0.00
1777904215,loop2,0.00,0.00,0.000,0.000,0.00
1777904215,loop20,0.00,0.00,0.000,0.000,0.00
1777904215,loop21,0.00,0.00,0.000,0.000,0.00
1777904215,loop22,0.00,0.00,0.000,0.000,0.00
1777904215,loop23,0.00,0.00,0.000,0.000,0.00
1777904215,loop24,0.00,0.00,0.000,0.000,0.00
1777904215,loop25,0.00,0.00,0.000,0.000,0.00
1777904215,loop26,0.00,0.00,0.000,0.000,0.00
1777904215,loop27,0.00,0.00,0.000,0.000,0.00
1777904215,loop28,0.00,0.00,0.000,0.000,0.00
1777904215,loop29,0.00,0.00,0.000,0.000,0.00
1777904215,loop3,0.00,0.00,0.000,0.000,0.00
1777904215,loop30,0.00,0.00,0.000,0.000,0.00
1777904215,loop31,0.00,0.00,0.000,0.000,0.00
1777904215,loop32,0.00,0.00,0.000,0.000,0.00
1777904215,loop33,0.00,0.00,0.000,0.000,0.00
1777904215,loop34,0.00,0.00,0.000,0.000,0.00
1777904215,loop35,0.00,0.00,0.000,0.000,0.00
1777904215,loop36,0.00,0.00,0.000,0.000,0.00
1777904215,loop37,0.00,0.00,0.000,0.000,0.00
1777904215,loop38,0.00,0.00,0.000,0.000,0.00
1777904215,loop39,0.00,0.00,0.000,0.000,0.00
1777904215,loop4,0.00,0.00,0.000,0.000,0.00
1777904215,loop40,0.00,0.00,0.000,0.000,0.00
1777904215,loop5,0.00,0.00,0.000,0.000,0.00
1777904215,loop6,0.00,0.00,0.000,0.000,0.00
1777904215,loop7,0.00,0.00,0.000,0.000,0.00
1777904215,loop8,0.00,0.00,0.000,0.000,0.00
1777904215,loop9,0.00,0.00,0.000,0.000,0.00
1777904215,nvme0n1,1.00,4.00,0.000,0.000,0.10
1777904216,loop0,0.00,0.00,0.000,0.000,0.00
1777904216,loop1,0.00,0.00,0.000,0.000,0.00
1777904216,loop10,0.00,0.00,0.000,0.000,0.00
1777904216,loop11,0.00,0.00,0.000,0.000,0.00
1777904216,loop12,0.00,0.00,0.000,0.000,0.00
1777904216,loop13,0.00,0.00,0.000,0.000,0.00
1777904216,loop14,0.00,0.00,0.000,0.000,0.00
1777904216,loop15,0.00,0.00,0.000,0.000,0.00
1777904216,loop16,0.00,0.00,0.000,0.000,0.00
1777904216,loop17,0.00,0.00,0.000,0.000,0.00
1777904216,loop18,0.00,0.00,0.000,0.000,0.00
1777904216,loop19,0.00,0.00,0.000,0.000,0.00
1777904216,loop2,0.00,0.00,0.000,0.000,0.00
1777904216,loop20,0.00,0.00,0.000,0.000,0.00
1777904216,loop21,0.00,0.00,0.000,0.000,0.00
1777904216,loop22,0.00,0.00,0.000,0.000,0.00
1777904216,loop23,0.00,0.00,0.000,0.000,0.00
1777904216,loop24,0.00,0.00,0.000,0.000,0.00
1777904216,loop25,0.00,0.00,0.000,0.000,0.00
1777904216,loop26,0.00,0.00,0.000,0.000,0.00
1777904216,loop27,0.00,0.00,0.000,0.000,0.00
1777904216,loop28,0.00,0.00,0.000,0.000,0.00
1777904216,loop29,0.00,0.00,0.000,0.000,0.00
1777904216,loop3,0.00,0.00,0.000,0.000,0.00
1777904216,loop30,0.00,0.00,0.000,0.000,0.00
1777904216,loop31,0.00,0.00,0.000,0.000,0.00
1777904216,loop32,0.00,0.00,0.000,0.000,0.00
1777904216,loop33,0.00,0.00,0.000,0.000,0.00
1777904216,loop34,0.00,0.00,0.000,0.000,0.00
1777904216,loop35,0.00,0.00,0.000,0.000,0.00
1777904216,loop36,0.00,0.00,0.000,0.000,0.00
1777904216,loop37,0.00,0.00,0.000,0.000,0.00
1777904216,loop38,0.00,0.00,0.000,0.000,0.00
1777904216,loop39,0.00,0.00,0.000,0.000,0.00
1777904216,loop4,0.00,0.00,0.000,0.000,0.00
1777904216,loop40,0.00,0.00,0.000,0.000,0.00
1777904216,loop5,0.00,0.00,0.000,0.000,0.00
1777904216,loop6,0.00,0.00,0.000,0.000,0.00
1777904216,loop7,0.00,0.00,0.000,0.000,0.00
1777904216,loop8,0.00,0.00,0.000,0.000,0.00
1777904216,loop9,0.00,0.00,0.000,0.000,0.00
1777904216,nvme0n1,6.00,28.00,0.001,0.014,0.00
1777904217,loop0,0.00,0.00,0.000,0.000,0.00
1777904217,loop1,0.00,0.00,0.000,0.000,0.00
1777904217,loop10,0.00,0.00,0.000,0.000,0.00
1777904217,loop11,0.00,0.00,0.000,0.000,0.00
1777904217,loop12,0.00,0.00,0.000,0.000,0.00
1777904217,loop13,0.00,0.00,0.000,0.000,0.00
1777904217,loop14,0.00,0.00,0.000,0.000,0.00
1777904217,loop15,0.00,0.00,0.000,0.000,0.00
1777904217,loop16,0.00,0.00,0.000,0.000,0.00
1777904217,loop17,0.00,0.00,0.000,0.000,0.00
1777904217,loop18,0.00,0.00,0.000,0.000,0.00
1777904217,loop19,0.00,0.00,0.000,0.000,0.00
1777904217,loop2,0.00,0.00,0.000,0.000,0.00
1777904217,loop20,0.00,0.00,0.000,0.000,0.00
1777904217,loop21,0.00,0.00,0.000,0.000,0.00
1777904217,loop22,0.00,0.00,0.000,0.000,0.00
1777904217,loop23,0.00,0.00,0.000,0.000,0.00
1777904217,loop24,0.00,0.00,0.000,0.000,0.00
1777904217,loop25,0.00,0.00,0.000,0.000,0.00
1777904217,loop26,0.00,0.00,0.000,0.000,0.00
1777904217,loop27,0.00,0.00,0.000,0.000,0.00
1777904217,loop28,0.00,0.00,0.000,0.000,0.00
1777904217,loop29,0.00,0.00,0.000,0.000,0.00
1777904217,loop3,0.00,0.00,0.000,0.000,0.00
1777904217,loop30,0.00,0.00,0.000,0.000,0.00
1777904217,loop31,0.00,0.00,0.000,0.000,0.00
1777904217,loop32,0.00,0.00,0.000,0.000,0.00
1777904217,loop33,0.00,0.00,0.000,0.000,0.00
1777904217,loop34,0.00,0.00,0.000,0.000,0.00
1777904217,loop35,0.00,0.00,0.000,0.000,0.00
1777904217,loop36,0.00,0.00,0.000,0.000,0.00
1777904217,loop37,0.00,0.00,0.000,0.000,0.00
1777904217,loop38,0.00,0.00,0.000,0.000,0.00
1777904217,loop39,0.00,0.00,0.000,0.000,0.00
1777904217,loop4,0.00,0.00,0.000,0.000,0.00
1777904217,loop40,0.00,0.00,0.000,0.000,0.00
1777904217,loop5,0.00,0.00,0.000,0.000,0.00
1777904217,loop6,0.00,0.00,0.000,0.000,0.00
1777904217,loop7,0.00,0.00,0.000,0.000,0.00
1777904217,loop8,0.00,0.00,0.000,0.000,0.00
1777904217,loop9,0.00,0.00,0.000,0.000,0.00
1777904217,nvme0n1,0.00,0.00,0.000,0.000,0.30
1777904218,loop0,0.00,0.00,0.000,0.000,0.00
1777904218,loop1,0.00,0.00,0.000,0.000,0.00
1777904218,loop10,0.00,0.00,0.000,0.000,0.00
1777904218,loop11,0.00,0.00,0.000,0.000,0.00
1777904218,loop12,0.00,0.00,0.000,0.000,0.00
1777904218,loop13,0.00,0.00,0.000,0.000,0.00
1777904218,loop14,0.00,0.00,0.000,0.000,0.00
1777904218,loop15,0.00,0.00,0.000,0.000,0.00
1777904218,loop16,0.00,0.00,0.000,0.000,0.00
1777904218,loop17,0.00,0.00,0.000,0.000,0.00
1777904218,loop18,0.00,0.00,0.000,0.000,0.00
1777904218,loop19,0.00,0.00,0.000,0.000,0.00
1777904218,loop2,0.00,0.00,0.000,0.000,0.00
1777904218,loop20,0.00,0.00,0.000,0.000,0.00
1777904218,loop21,0.00,0.00,0.000,0.000,0.00
1777904218,loop22,0.00,0.00,0.000,0.000,0.00
1777904218,loop23,0.00,0.00,0.000,0.000,0.00
1777904218,loop24,0.00,0.00,0.000,0.000,0.00
1777904218,loop25,0.00,0.00,0.000,0.000,0.00
1777904218,loop26,0.00,0.00,0.000,0.000,0.00
1777904218,loop27,0.00,0.00,0.000,0.000,0.00
1777904218,loop28,0.00,0.00,0.000,0.000,0.00
1777904218,loop29,0.00,0.00,0.000,0.000,0.00
1777904218,loop3,0.00,0.00,0.000,0.000,0.00
1777904218,loop30,0.00,0.00,0.000,0.000,0.00
1777904218,loop31,0.00,0.00,0.000,0.000,0.00
1777904218,loop32,0.00,0.00,0.000,0.000,0.00
1777904218,loop33,0.00,0.00,0.000,0.000,0.00
1777904218,loop34,0.00,0.00,0.000,0.000,0.00
1777904218,loop35,0.00,0.00,0.000,0.000,0.00
1777904218,loop36,0.00,0.00,0.000,0.000,0.00
1777904218,loop37,0.00,0.00,0.000,0.000,0.00
1777904218,loop38,0.00,0.00,0.000,0.000,0.00
1777904218,loop39,0.00,0.00,0.000,0.000,0.00
1777904218,loop4,0.00,0.00,0.000,0.000,0.00
1777904218,loop40,0.00,0.00,0.000,0.000,0.00
1777904218,loop5,0.00,0.00,0.000,0.000,0.00
1777904218,loop6,0.00,0.00,0.000,0.000,0.00
1777904218,loop7,0.00,0.00,0.000,0.000,0.00
1777904218,loop8,0.00,0.00,0.000,0.000,0.00
1777904218,loop9,0.00,0.00,0.000,0.000,0.00
1777904218,nvme0n1,0.00,0.00,0.000,0.000,0.60
1777904219,loop0,0.00,0.00,0.000,0.000,0.00
1777904219,loop1,0.00,0.00,0.000,0.000,0.00
1777904219,loop10,0.00,0.00,0.000,0.000,0.00
1777904219,loop11,0.00,0.00,0.000,0.000,0.00
1777904219,loop12,0.00,0.00,0.000,0.000,0.00
1777904219,loop13,0.00,0.00,0.000,0.000,0.00
1777904219,loop14,0.00,0.00,0.000,0.000,0.00
1777904219,loop15,0.00,0.00,0.000,0.000,0.00
1777904219,loop16,0.00,0.00,0.000,0.000,0.00
1777904219,loop17,0.00,0.00,0.000,0.000,0.00
1777904219,loop18,0.00,0.00,0.000,0.000,0.00
1777904219,loop19,0.00,0.00,0.000,0.000,0.00
1777904219,loop2,0.00,0.00,0.000,0.000,0.00
1777904219,loop20,0.00,0.00,0.000,0.000,0.00
1777904219,loop21,0.00,0.00,0.000,0.000,0.00
1777904219,loop22,0.00,0.00,0.000,0.000,0.00
1777904219,loop23,0.00,0.00,0.000,0.000,0.00
1777904219,loop24,0.00,0.00,0.000,0.000,0.00
1777904219,loop25,0.00,0.00,0.000,0.000,0.00
1777904219,loop26,0.00,0.00,0.000,0.000,0.00
1777904219,loop27,0.00,0.00,0.000,0.000,0.00
1777904219,loop28,0.00,0.00,0.000,0.000,0.00
1777904219,loop29,0.00,0.00,0.000,0.000,0.00
1777904219,loop3,0.00,0.00,0.000,0.000,0.00
1777904219,loop30,0.00,0.00,0.000,0.000,0.00
1777904219,loop31,0.00,0.00,0.000,0.000,0.00
1777904219,loop32,0.00,0.00,0.000,0.000,0.00
1777904219,loop33,0.00,0.00,0.000,0.000,0.00
1777904219,loop34,0.00,0.00,0.000,0.000,0.00
1777904219,loop35,0.00,0.00,0.000,0.000,0.00
1777904219,loop36,0.00,0.00,0.000,0.000,0.00
1777904219,loop37,0.00,0.00,0.000,0.000,0.00
1777904219,loop38,0.00,0.00,0.000,0.000,0.00
1777904219,loop39,0.00,0.00,0.000,0.000,0.00
1777904219,loop4,0.00,0.00,0.000,0.000,0.00
1777904219,loop40,0.00,0.00,0.000,0.000,0.00
1777904219,loop5,0.00,0.00,0.000,0.000,0.00
1777904219,loop6,0.00,0.00,0.000,0.000,0.00
1777904219,loop7,0.00,0.00,0.000,0.000,0.00
1777904219,loop8,0.00,0.00,0.000,0.000,0.00
1777904219,loop9,0.00,0.00,0.000,0.000,0.00
1777904219,nvme0n1,4.00,16.00,0.000,0.000,0.20
1777904220,loop0,0.00,0.00,0.000,0.000,0.00
1777904220,loop1,0.00,0.00,0.000,0.000,0.00
1777904220,loop10,0.00,0.00,0.000,0.000,0.00
1777904220,loop11,0.00,0.00,0.000,0.000,0.00
1777904220,loop12,0.00,0.00,0.000,0.000,0.00
1777904220,loop13,0.00,0.00,0.000,0.000,0.00
1777904220,loop14,0.00,0.00,0.000,0.000,0.00
1777904220,loop15,0.00,0.00,0.000,0.000,0.00
1777904220,loop16,0.00,0.00,0.000,0.000,0.00
1777904220,loop17,0.00,0.00,0.000,0.000,0.00
1777904220,loop18,0.00,0.00,0.000,0.000,0.00
1777904220,loop19,0.00,0.00,0.000,0.000,0.00
1777904220,loop2,0.00,0.00,0.000,0.000,0.00
1777904220,loop20,0.00,0.00,0.000,0.000,0.00
1777904220,loop21,0.00,0.00,0.000,0.000,0.00
1777904220,loop22,0.00,0.00,0.000,0.000,0.00
1777904220,loop23,0.00,0.00,0.000,0.000,0.00
1777904220,loop24,0.00,0.00,0.000,0.000,0.00
1777904220,loop25,0.00,0.00,0.000,0.000,0.00
1777904220,loop26,0.00,0.00,0.000,0.000,0.00
1777904220,loop27,0.00,0.00,0.000,0.000,0.00
1777904220,loop28,0.00,0.00,0.000,0.000,0.00
1777904220,loop29,0.00,0.00,0.000,0.000,0.00
1777904220,loop3,0.00,0.00,0.000,0.000,0.00
1777904220,loop30,0.00,0.00,0.000,0.000,0.00
1777904220,loop31,0.00,0.00,0.000,0.000,0.00
1777904220,loop32,0.00,0.00,0.000,0.000,0.00
1777904220,loop33,0.00,0.00,0.000,0.000,0.00
1777904220,loop34,0.00,0.00,0.000,0.000,0.00
1777904220,loop35,0.00,0.00,0.000,0.000,0.00
1777904220,loop36,0.00,0.00,0.000,0.000,0.00
1777904220,loop37,0.00,0.00,0.000,0.000,0.00
1777904220,loop38,0.00,0.00,0.000,0.000,0.00
1777904220,loop39,0.00,0.00,0.000,0.000,0.00
1777904220,loop4,0.00,0.00,0.000,0.000,0.00
1777904220,loop40,0.00,0.00,0.000,0.000,0.00
1777904220,loop5,0.00,0.00,0.000,0.000,0.00
1777904220,loop6,0.00,0.00,0.000,0.000,0.00
1777904220,loop7,0.00,0.00,0.000,0.000,0.00
1777904220,loop8,0.00,0.00,0.000,0.000,0.00
1777904220,loop9,0.00,0.00,0.000,0.000,0.00
1777904220,nvme0n1,1.00,4.00,0.000,0.000,0.00
1777904221,loop0,0.00,0.00,0.000,0.000,0.00
1777904221,loop1,0.00,0.00,0.000,0.000,0.00
1777904221,loop10,0.00,0.00,0.000,0.000,0.00
1777904221,loop11,0.00,0.00,0.000,0.000,0.00
1777904221,loop12,0.00,0.00,0.000,0.000,0.00
1777904221,loop13,0.00,0.00,0.000,0.000,0.00
1777904221,loop14,0.00,0.00,0.000,0.000,0.00
1777904221,loop15,0.00,0.00,0.000,0.000,0.00
1777904221,loop16,0.00,0.00,0.000,0.000,0.00
1777904221,loop17,0.00,0.00,0.000,0.000,0.00
1777904221,loop18,0.00,0.00,0.000,0.000,0.00
1777904221,loop19,0.00,0.00,0.000,0.000,0.00
1777904221,loop2,0.00,0.00,0.000,0.000,0.00
1777904221,loop20,0.00,0.00,0.000,0.000,0.00
1777904221,loop21,0.00,0.00,0.000,0.000,0.00
1777904221,loop22,0.00,0.00,0.000,0.000,0.00
1777904221,loop23,0.00,0.00,0.000,0.000,0.00
1777904221,loop24,0.00,0.00,0.000,0.000,0.00
1777904221,loop25,0.00,0.00,0.000,0.000,0.00
1777904221,loop26,0.00,0.00,0.000,0.000,0.00
1777904221,loop27,0.00,0.00,0.000,0.000,0.00
1777904221,loop28,0.00,0.00,0.000,0.000,0.00
1777904221,loop29,0.00,0.00,0.000,0.000,0.00
1777904221,loop3,0.00,0.00,0.000,0.000,0.00
1777904221,loop30,0.00,0.00,0.000,0.000,0.00
1777904221,loop31,0.00,0.00,0.000,0.000,0.00
1777904221,loop32,0.00,0.00,0.000,0.000,0.00
1777904221,loop33,0.00,0.00,0.000,0.000,0.00
1777904221,loop34,0.00,0.00,0.000,0.000,0.00
1777904221,loop35,0.00,0.00,0.000,0.000,0.00
1777904221,loop36,0.00,0.00,0.000,0.000,0.00
1777904221,loop37,0.00,0.00,0.000,0.000,0.00
1777904221,loop38,0.00,0.00,0.000,0.000,0.00
1777904221,loop39,0.00,0.00,0.000,0.000,0.00
1777904221,loop4,0.00,0.00,0.000,0.000,0.00
1777904221,loop40,0.00,0.00,0.000,0.000,0.00
1777904221,loop5,0.00,0.00,0.000,0.000,0.00
1777904221,loop6,0.00,0.00,0.000,0.000,0.00
1777904221,loop7,0.00,0.00,0.000,0.000,0.00
1777904221,loop8,0.00,0.00,0.000,0.000,0.00
1777904221,loop9,0.00,0.00,0.000,0.000,0.00
1777904221,nvme0n1,1.00,16.00,0.000,0.000,0.10
1777904222,loop0,0.00,0.00,0.000,0.000,0.00
1777904222,loop1,0.00,0.00,0.000,0.000,0.00
1777904222,loop10,0.00,0.00,0.000,0.000,0.00
1777904222,loop11,0.00,0.00,0.000,0.000,0.00
1777904222,loop12,0.00,0.00,0.000,0.000,0.00
1777904222,loop13,0.00,0.00,0.000,0.000,0.00
1777904222,loop14,0.00,0.00,0.000,0.000,0.00
1777904222,loop15,0.00,0.00,0.000,0.000,0.00
1777904222,loop16,0.00,0.00,0.000,0.000,0.00
1777904222,loop17,0.00,0.00,0.000,0.000,0.00
1777904222,loop18,0.00,0.00,0.000,0.000,0.00
1777904222,loop19,0.00,0.00,0.000,0.000,0.00
1777904222,loop2,0.00,0.00,0.000,0.000,0.00
1777904222,loop20,0.00,0.00,0.000,0.000,0.00
1777904222,loop21,0.00,0.00,0.000,0.000,0.00
1777904222,loop22,0.00,0.00,0.000,0.000,0.00
1777904222,loop23,0.00,0.00,0.000,0.000,0.00
1777904222,loop24,0.00,0.00,0.000,0.000,0.00
1777904222,loop25,0.00,0.00,0.000,0.000,0.00
1777904222,loop26,0.00,0.00,0.000,0.000,0.00
1777904222,loop27,0.00,0.00,0.000,0.000,0.00
1777904222,loop28,0.00,0.00,0.000,0.000,0.00
1777904222,loop29,0.00,0.00,0.000,0.000,0.00
1777904222,loop3,0.00,0.00,0.000,0.000,0.00
1777904222,loop30,0.00,0.00,0.000,0.000,0.00
1777904222,loop31,0.00,0.00,0.000,0.000,0.00
1777904222,loop32,0.00,0.00,0.000,0.000,0.00
1777904222,loop33,0.00,0.00,0.000,0.000,0.00
1777904222,loop34,0.00,0.00,0.000,0.000,0.00
1777904222,loop35,0.00,0.00,0.000,0.000,0.00
1777904222,loop36,0.00,0.00,0.000,0.000,0.00
1777904222,loop37,0.00,0.00,0.000,0.000,0.00
1777904222,loop38,0.00,0.00,0.000,0.000,0.00
1777904222,loop39,0.00,0.00,0.000,0.000,0.00
1777904222,loop4,0.00,0.00,0.000,0.000,0.00
1777904222,loop40,0.00,0.00,0.000,0.000,0.00
1777904222,loop5,0.00,0.00,0.000,0.000,0.00
1777904222,loop6,0.00,0.00,0.000,0.000,0.00
1777904222,loop7,0.00,0.00,0.000,0.000,0.00
1777904222,loop8,0.00,0.00,0.000,0.000,0.00
1777904222,loop9,0.00,0.00,0.000,0.000,0.00
1777904222,nvme0n1,267.00,1076.00,0.000,0.000,2.30
1777904223,loop0,0.00,0.00,0.000,0.000,0.00
1777904223,loop1,0.00,0.00,0.000,0.000,0.00
1777904223,loop10,0.00,0.00,0.000,0.000,0.00
1777904223,loop11,0.00,0.00,0.000,0.000,0.00
1777904223,loop12,0.00,0.00,0.000,0.000,0.00
1777904223,loop13,0.00,0.00,0.000,0.000,0.00
1777904223,loop14,0.00,0.00,0.000,0.000,0.00
1777904223,loop15,0.00,0.00,0.000,0.000,0.00
1777904223,loop16,0.00,0.00,0.000,0.000,0.00
1777904223,loop17,0.00,0.00,0.000,0.000,0.00
1777904223,loop18,0.00,0.00,0.000,0.000,0.00
1777904223,loop19,0.00,0.00,0.000,0.000,0.00
1777904223,loop2,0.00,0.00,0.000,0.000,0.00
1777904223,loop20,0.00,0.00,0.000,0.000,0.00
1777904223,loop21,0.00,0.00,0.000,0.000,0.00
1777904223,loop22,0.00,0.00,0.000,0.000,0.00
1777904223,loop23,0.00,0.00,0.000,0.000,0.00
1777904223,loop24,0.00,0.00,0.000,0.000,0.00
1777904223,loop25,0.00,0.00,0.000,0.000,0.00
1777904223,loop26,0.00,0.00,0.000,0.000,0.00
1777904223,loop27,0.00,0.00,0.000,0.000,0.00
1777904223,loop28,0.00,0.00,0.000,0.000,0.00
1777904223,loop29,0.00,0.00,0.000,0.000,0.00
1777904223,loop3,0.00,0.00,0.000,0.000,0.00
1777904223,loop30,0.00,0.00,0.000,0.000,0.00
1777904223,loop31,0.00,0.00,0.000,0.000,0.00
1777904223,loop32,0.00,0.00,0.000,0.000,0.00
1777904223,loop33,0.00,0.00,0.000,0.000,0.00
1777904223,loop34,0.00,0.00,0.000,0.000,0.00
1777904223,loop35,0.00,0.00,0.000,0.000,0.00
1777904223,loop36,0.00,0.00,0.000,0.000,0.00
1777904223,loop37,0.00,0.00,0.000,0.000,0.00
1777904223,loop38,0.00,0.00,0.000,0.000,0.00
1777904223,loop39,0.00,0.00,0.000,0.000,0.00
1777904223,loop4,0.00,0.00,0.000,0.000,0.00
1777904223,loop40,0.00,0.00,0.000,0.000,0.00
1777904223,loop5,0.00,0.00,0.000,0.000,0.00
1777904223,loop6,0.00,0.00,0.000,0.000,0.00
1777904223,loop7,0.00,0.00,0.000,0.000,0.00
1777904223,loop8,0.00,0.00,0.000,0.000,0.00
1777904223,loop9,0.00,0.00,0.000,0.000,0.00
1777904223,nvme0n1,74.00,296.00,0.000,0.000,0.60
1777904224,loop0,0.00,0.00,0.000,0.000,0.00
1777904224,loop1,0.00,0.00,0.000,0.000,0.00
1777904224,loop10,0.00,0.00,0.000,0.000,0.00
1777904224,loop11,0.00,0.00,0.000,0.000,0.00
1777904224,loop12,0.00,0.00,0.000,0.000,0.00
1777904224,loop13,0.00,0.00,0.000,0.000,0.00
1777904224,loop14,0.00,0.00,0.000,0.000,0.00
1777904224,loop15,0.00,0.00,0.000,0.000,0.00
1777904224,loop16,0.00,0.00,0.000,0.000,0.00
1777904224,loop17,0.00,0.00,0.000,0.000,0.00
1777904224,loop18,0.00,0.00,0.000,0.000,0.00
1777904224,loop19,0.00,0.00,0.000,0.000,0.00
1777904224,loop2,0.00,0.00,0.000,0.000,0.00
1777904224,loop20,0.00,0.00,0.000,0.000,0.00
1777904224,loop21,0.00,0.00,0.000,0.000,0.00
1777904224,loop22,0.00,0.00,0.000,0.000,0.00
1777904224,loop23,0.00,0.00,0.000,0.000,0.00
1777904224,loop24,0.00,0.00,0.000,0.000,0.00
1777904224,loop25,0.00,0.00,0.000,0.000,0.00
1777904224,loop26,0.00,0.00,0.000,0.000,0.00
1777904224,loop27,0.00,0.00,0.000,0.000,0.00
1777904224,loop28,0.00,0.00,0.000,0.000,0.00
1777904224,loop29,0.00,0.00,0.000,0.000,0.00
1777904224,loop3,0.00,0.00,0.000,0.000,0.00
1777904224,loop30,0.00,0.00,0.000,0.000,0.00
1777904224,loop31,0.00,0.00,0.000,0.000,0.00
1777904224,loop32,0.00,0.00,0.000,0.000,0.00
1777904224,loop33,0.00,0.00,0.000,0.000,0.00
1777904224,loop34,0.00,0.00,0.000,0.000,0.00
1777904224,loop35,0.00,0.00,0.000,0.000,0.00
1777904224,loop36,0.00,0.00,0.000,0.000,0.00
1777904224,loop37,0.00,0.00,0.000,0.000,0.00
1777904224,loop38,0.00,0.00,0.000,0.000,0.00
1777904224,loop39,0.00,0.00,0.000,0.000,0.00
1777904224,loop4,0.00,0.00,0.000,0.000,0.00
1777904224,loop40,0.00,0.00,0.000,0.000,0.00
1777904224,loop5,0.00,0.00,0.000,0.000,0.00
1777904224,loop6,0.00,0.00,0.000,0.000,0.00
1777904224,loop7,0.00,0.00,0.000,0.000,0.00
1777904224,loop8,0.00,0.00,0.000,0.000,0.00
1777904224,loop9,0.00,0.00,0.000,0.000,0.00
1777904224,nvme0n1,0.00,0.00,0.000,0.000,0.30
1777904225,loop0,0.00,0.00,0.000,0.000,0.00
1777904225,loop1,0.00,0.00,0.000,0.000,0.00
1777904225,loop10,0.00,0.00,0.000,0.000,0.00
1777904225,loop11,0.00,0.00,0.000,0.000,0.00
1777904225,loop12,0.00,0.00,0.000,0.000,0.00
1777904225,loop13,0.00,0.00,0.000,0.000,0.00
1777904225,loop14,0.00,0.00,0.000,0.000,0.00
1777904225,loop15,0.00,0.00,0.000,0.000,0.00
1777904225,loop16,0.00,0.00,0.000,0.000,0.00
1777904225,loop17,0.00,0.00,0.000,0.000,0.00
1777904225,loop18,0.00,0.00,0.000,0.000,0.00
1777904225,loop19,0.00,0.00,0.000,0.000,0.00
1777904225,loop2,0.00,0.00,0.000,0.000,0.00
1777904225,loop20,0.00,0.00,0.000,0.000,0.00
1777904225,loop21,0.00,0.00,0.000,0.000,0.00
1777904225,loop22,0.00,0.00,0.000,0.000,0.00
1777904225,loop23,0.00,0.00,0.000,0.000,0.00
1777904225,loop24,0.00,0.00,0.000,0.000,0.00
1777904225,loop25,0.00,0.00,0.000,0.000,0.00
1777904225,loop26,0.00,0.00,0.000,0.000,0.00
1777904225,loop27,0.00,0.00,0.000,0.000,0.00
1777904225,loop28,0.00,0.00,0.000,0.000,0.00
1777904225,loop29,0.00,0.00,0.000,0.000,0.00
1777904225,loop3,0.00,0.00,0.000,0.000,0.00
1777904225,loop30,0.00,0.00,0.000,0.000,0.00
1777904225,loop31,0.00,0.00,0.000,0.000,0.00
1777904225,loop32,0.00,0.00,0.000,0.000,0.00
1777904225,loop33,0.00,0.00,0.000,0.000,0.00
1777904225,loop34,0.00,0.00,0.000,0.000,0.00
1777904225,loop35,0.00,0.00,0.000,0.000,0.00
1777904225,loop36,0.00,0.00,0.000,0.000,0.00
1777904225,loop37,0.00,0.00,0.000,0.000,0.00
1777904225,loop38,0.00,0.00,0.000,0.000,0.00
1777904225,loop39,0.00,0.00,0.000,0.000,0.00
1777904225,loop4,0.00,0.00,0.000,0.000,0.00
1777904225,loop40,0.00,0.00,0.000,0.000,0.00
1777904225,loop5,0.00,0.00,0.000,0.000,0.00
1777904225,loop6,0.00,0.00,0.000,0.000,0.00
1777904225,loop7,0.00,0.00,0.000,0.000,0.00
1777904225,loop8,0.00,0.00,0.000,0.000,0.00
1777904225,loop9,0.00,0.00,0.000,0.000,0.00
1777904225,nvme0n1,0.00,0.00,0.000,0.000,0.00
1777904226,loop0,0.00,0.00,0.000,0.000,0.00
1777904226,loop1,0.00,0.00,0.000,0.000,0.00
1777904226,loop10,0.00,0.00,0.000,0.000,0.00
1777904226,loop11,0.00,0.00,0.000,0.000,0.00
1777904226,loop12,0.00,0.00,0.000,0.000,0.00
1777904226,loop13,0.00,0.00,0.000,0.000,0.00
1777904226,loop14,0.00,0.00,0.000,0.000,0.00
1777904226,loop15,0.00,0.00,0.000,0.000,0.00
1777904226,loop16,0.00,0.00,0.000,0.000,0.00
1777904226,loop17,0.00,0.00,0.000,0.000,0.00
1777904226,loop18,0.00,0.00,0.000,0.000,0.00
1777904226,loop19,0.00,0.00,0.000,0.000,0.00
1777904226,loop2,0.00,0.00,0.000,0.000,0.00
1777904226,loop20,0.00,0.00,0.000,0.000,0.00
1777904226,loop21,0.00,0.00,0.000,0.000,0.00
1777904226,loop22,0.00,0.00,0.000,0.000,0.00
1777904226,loop23,0.00,0.00,0.000,0.000,0.00
1777904226,loop24,0.00,0.00,0.000,0.000,0.00
1777904226,loop25,0.00,0.00,0.000,0.000,0.00
1777904226,loop26,0.00,0.00,0.000,0.000,0.00
1777904226,loop27,0.00,0.00,0.000,0.000,0.00
1777904226,loop28,0.00,0.00,0.000,0.000,0.00
1777904226,loop29,0.00,0.00,0.000,0.000,0.00
1777904226,loop3,0.00,0.00,0.000,0.000,0.00
1777904226,loop30,0.00,0.00,0.000,0.000,0.00
1777904226,loop31,0.00,0.00,0.000,0.000,0.00
1777904226,loop32,0.00,0.00,0.000,0.000,0.00
1777904226,loop33,0.00,0.00,0.000,0.000,0.00
1777904226,loop34,0.00,0.00,0.000,0.000,0.00
1777904226,loop35,0.00,0.00,0.000,0.000,0.00
1777904226,loop36,0.00,0.00,0.000,0.000,0.00
1777904226,loop37,0.00,0.00,0.000,0.000,0.00
1777904226,loop38,0.00,0.00,0.000,0.000,0.00
1777904226,loop39,0.00,0.00,0.000,0.000,0.00
1777904226,loop4,0.00,0.00,0.000,0.000,0.00
1777904226,loop40,0.00,0.00,0.000,0.000,0.00
1777904226,loop5,0.00,0.00,0.000,0.000,0.00
1777904226,loop6,0.00,0.00,0.000,0.000,0.00
1777904226,loop7,0.00,0.00,0.000,0.000,0.00
1777904226,loop8,0.00,0.00,0.000,0.000,0.00
1777904226,loop9,0.00,0.00,0.000,0.000,0.00
1777904226,nvme0n1,0.00,0.00,0.000,0.000,0.50
1777904227,loop0,0.00,0.00,0.000,0.000,0.00
1777904227,loop1,0.00,0.00,0.000,0.000,0.00
1777904227,loop10,0.00,0.00,0.000,0.000,0.00
1777904227,loop11,0.00,0.00,0.000,0.000,0.00
1777904227,loop12,0.00,0.00,0.000,0.000,0.00
1777904227,loop13,0.00,0.00,0.000,0.000,0.00
1777904227,loop14,0.00,0.00,0.000,0.000,0.00
1777904227,loop15,0.00,0.00,0.000,0.000,0.00
1777904227,loop16,0.00,0.00,0.000,0.000,0.00
1777904227,loop17,0.00,0.00,0.000,0.000,0.00
1777904227,loop18,0.00,0.00,0.000,0.000,0.00
1777904227,loop19,0.00,0.00,0.000,0.000,0.00
1777904227,loop2,0.00,0.00,0.000,0.000,0.00
1777904227,loop20,0.00,0.00,0.000,0.000,0.00
1777904227,loop21,0.00,0.00,0.000,0.000,0.00
1777904227,loop22,0.00,0.00,0.000,0.000,0.00
1777904227,loop23,0.00,0.00,0.000,0.000,0.00
1777904227,loop24,0.00,0.00,0.000,0.000,0.00
1777904227,loop25,0.00,0.00,0.000,0.000,0.00
1777904227,loop26,0.00,0.00,0.000,0.000,0.00
1777904227,loop27,0.00,0.00,0.000,0.000,0.00
1777904227,loop28,0.00,0.00,0.000,0.000,0.00
1777904227,loop29,0.00,0.00,0.000,0.000,0.00
1777904227,loop3,0.00,0.00,0.000,0.000,0.00
1777904227,loop30,0.00,0.00,0.000,0.000,0.00
1777904227,loop31,0.00,0.00,0.000,0.000,0.00
1777904227,loop32,0.00,0.00,0.000,0.000,0.00
1777904227,loop33,0.00,0.00,0.000,0.000,0.00
1777904227,loop34,0.00,0.00,0.000,0.000,0.00
1777904227,loop35,0.00,0.00,0.000,0.000,0.00
1777904227,loop36,0.00,0.00,0.000,0.000,0.00
1777904227,loop37,0.00,0.00,0.000,0.000,0.00
1777904227,loop38,0.00,0.00,0.000,0.000,0.00
1777904227,loop39,0.00,0.00,0.000,0.000,0.00
1777904227,loop4,0.00,0.00,0.000,0.000,0.00
1777904227,loop40,0.00,0.00,0.000,0.000,0.00
1777904227,loop5,0.00,0.00,0.000,0.000,0.00
1777904227,loop6,0.00,0.00,0.000,0.000,0.00
1777904227,loop7,0.00,0.00,0.000,0.000,0.00
1777904227,loop8,0.00,0.00,0.000,0.000,0.00
1777904227,loop9,0.00,0.00,0.000,0.000,0.00
1777904227,nvme0n1,178.00,724.00,0.000,0.000,1.60
1777904228,loop0,0.00,0.00,0.000,0.000,0.00
1777904228,loop1,0.00,0.00,0.000,0.000,0.00
1777904228,loop10,0.00,0.00,0.000,0.000,0.00
1777904228,loop11,0.00,0.00,0.000,0.000,0.00
1777904228,loop12,0.00,0.00,0.000,0.000,0.00
1777904228,loop13,0.00,0.00,0.000,0.000,0.00
1777904228,loop14,0.00,0.00,0.000,0.000,0.00
1777904228,loop15,0.00,0.00,0.000,0.000,0.00
1777904228,loop16,0.00,0.00,0.000,0.000,0.00
1777904228,loop17,0.00,0.00,0.000,0.000,0.00
1777904228,loop18,0.00,0.00,0.000,0.000,0.00
1777904228,loop19,0.00,0.00,0.000,0.000,0.00
1777904228,loop2,0.00,0.00,0.000,0.000,0.00
1777904228,loop20,0.00,0.00,0.000,0.000,0.00
1777904228,loop21,0.00,0.00,0.000,0.000,0.00
1777904228,loop22,0.00,0.00,0.000,0.000,0.00
1777904228,loop23,0.00,0.00,0.000,0.000,0.00
1777904228,loop24,0.00,0.00,0.000,0.000,0.00
1777904228,loop25,0.00,0.00,0.000,0.000,0.00
1777904228,loop26,0.00,0.00,0.000,0.000,0.00
1777904228,loop27,0.00,0.00,0.000,0.000,0.00
1777904228,loop28,0.00,0.00,0.000,0.000,0.00
1777904228,loop29,0.00,0.00,0.000,0.000,0.00
1777904228,loop3,0.00,0.00,0.000,0.000,0.00
1777904228,loop30,0.00,0.00,0.000,0.000,0.00
1777904228,loop31,0.00,0.00,0.000,0.000,0.00
1777904228,loop32,0.00,0.00,0.000,0.000,0.00
1777904228,loop33,0.00,0.00,0.000,0.000,0.00
1777904228,loop34,0.00,0.00,0.000,0.000,0.00
1777904228,loop35,0.00,0.00,0.000,0.000,0.00
1777904228,loop36,0.00,0.00,0.000,0.000,0.00
1777904228,loop37,0.00,0.00,0.000,0.000,0.00
1777904228,loop38,0.00,0.00,0.000,0.000,0.00
1777904228,loop39,0.00,0.00,0.000,0.000,0.00
1777904228,loop4,0.00,0.00,0.000,0.000,0.00
1777904228,loop40,0.00,0.00,0.000,0.000,0.00
1777904228,loop5,0.00,0.00,0.000,0.000,0.00
1777904228,loop6,0.00,0.00,0.000,0.000,0.00
1777904228,loop7,0.00,0.00,0.000,0.000,0.00
1777904228,loop8,0.00,0.00,0.000,0.000,0.00
1777904228,loop9,0.00,0.00,0.000,0.000,0.00
1777904228,nvme0n1,0.00,0.00,0.000,0.000,0.00
1777904229,loop0,0.00,0.00,0.000,0.000,0.00
1777904229,loop1,0.00,0.00,0.000,0.000,0.00
1777904229,loop10,0.00,0.00,0.000,0.000,0.00
1777904229,loop11,0.00,0.00,0.000,0.000,0.00
1777904229,loop12,0.00,0.00,0.000,0.000,0.00
1777904229,loop13,0.00,0.00,0.000,0.000,0.00
1777904229,loop14,0.00,0.00,0.000,0.000,0.00
1777904229,loop15,0.00,0.00,0.000,0.000,0.00
1777904229,loop16,0.00,0.00,0.000,0.000,0.00
1777904229,loop17,0.00,0.00,0.000,0.000,0.00
1777904229,loop18,0.00,0.00,0.000,0.000,0.00
1777904229,loop19,0.00,0.00,0.000,0.000,0.00
1777904229,loop2,0.00,0.00,0.000,0.000,0.00
1777904229,loop20,0.00,0.00,0.000,0.000,0.00
1777904229,loop21,0.00,0.00,0.000,0.000,0.00
1777904229,loop22,0.00,0.00,0.000,0.000,0.00
1777904229,loop23,0.00,0.00,0.000,0.000,0.00
1777904229,loop24,0.00,0.00,0.000,0.000,0.00
1777904229,loop25,0.00,0.00,0.000,0.000,0.00
1777904229,loop26,0.00,0.00,0.000,0.000,0.00
1777904229,loop27,0.00,0.00,0.000,0.000,0.00
1777904229,loop28,0.00,0.00,0.000,0.000,0.00
1777904229,loop29,0.00,0.00,0.000,0.000,0.00
1777904229,loop3,0.00,0.00,0.000,0.000,0.00
1777904229,loop30,0.00,0.00,0.000,0.000,0.00
1777904229,loop31,0.00,0.00,0.000,0.000,0.00
1777904229,loop32,0.00,0.00,0.000,0.000,0.00
1777904229,loop33,0.00,0.00,0.000,0.000,0.00
1777904229,loop34,0.00,0.00,0.000,0.000,0.00
1777904229,loop35,0.00,0.00,0.000,0.000,0.00
1777904229,loop36,0.00,0.00,0.000,0.000,0.00
1777904229,loop37,0.00,0.00,0.000,0.000,0.00
1777904229,loop38,0.00,0.00,0.000,0.000,0.00
1777904229,loop39,0.00,0.00,0.000,0.000,0.00
1777904229,loop4,0.00,0.00,0.000,0.000,0.00
1777904229,loop40,0.00,0.00,0.000,0.000,0.00
1777904229,loop5,0.00,0.00,0.000,0.000,0.00
1777904229,loop6,0.00,0.00,0.000,0.000,0.00
1777904229,loop7,0.00,0.00,0.000,0.000,0.00
1777904229,loop8,0.00,0.00,0.000,0.000,0.00
1777904229,loop9,0.00,0.00,0.000,0.000,0.00
1777904229,nvme0n1,0.00,0.00,0.000,0.000,5.60
1777904230,loop0,0.00,0.00,0.000,0.000,0.00
1777904230,loop1,0.00,0.00,0.000,0.000,0.00
1777904230,loop10,0.00,0.00,0.000,0.000,0.00
1777904230,loop11,0.00,0.00,0.000,0.000,0.00
1777904230,loop12,0.00,0.00,0.000,0.000,0.00
1777904230,loop13,0.00,0.00,0.000,0.000,0.00
1777904230,loop14,0.00,0.00,0.000,0.000,0.00
1777904230,loop15,0.00,0.00,0.000,0.000,0.00
1777904230,loop16,0.00,0.00,0.000,0.000,0.00
1777904230,loop17,0.00,0.00,0.000,0.000,0.00
1777904230,loop18,0.00,0.00,0.000,0.000,0.00
1777904230,loop19,0.00,0.00,0.000,0.000,0.00
1777904230,loop2,0.00,0.00,0.000,0.000,0.00
1777904230,loop20,0.00,0.00,0.000,0.000,0.00
1777904230,loop21,0.00,0.00,0.000,0.000,0.00
1777904230,loop22,0.00,0.00,0.000,0.000,0.00
1777904230,loop23,0.00,0.00,0.000,0.000,0.00
1777904230,loop24,0.00,0.00,0.000,0.000,0.00
1777904230,loop25,0.00,0.00,0.000,0.000,0.00
1777904230,loop26,0.00,0.00,0.000,0.000,0.00
1777904230,loop27,0.00,0.00,0.000,0.000,0.00
1777904230,loop28,0.00,0.00,0.000,0.000,0.00
1777904230,loop29,0.00,0.00,0.000,0.000,0.00
1777904230,loop3,0.00,0.00,0.000,0.000,0.00
1777904230,loop30,0.00,0.00,0.000,0.000,0.00
1777904230,loop31,0.00,0.00,0.000,0.000,0.00
1777904230,loop32,0.00,0.00,0.000,0.000,0.00
1777904230,loop33,0.00,0.00,0.000,0.000,0.00
1777904230,loop34,0.00,0.00,0.000,0.000,0.00
1777904230,loop35,0.00,0.00,0.000,0.000,0.00
1777904230,loop36,0.00,0.00,0.000,0.000,0.00
1777904230,loop37,0.00,0.00,0.000,0.000,0.00
1777904230,loop38,0.00,0.00,0.000,0.000,0.00
1777904230,loop39,0.00,0.00,0.000,0.000,0.00
1777904230,loop4,0.00,0.00,0.000,0.000,0.00
1777904230,loop40,0.00,0.00,0.000,0.000,0.00
1777904230,loop5,0.00,0.00,0.000,0.000,0.00
1777904230,loop6,0.00,0.00,0.000,0.000,0.00
1777904230,loop7,0.00,0.00,0.000,0.000,0.00
1777904230,loop8,0.00,0.00,0.000,0.000,0.00
1777904230,loop9,0.00,0.00,0.000,0.000,0.00
1777904230,nvme0n1,32.00,164.00,0.000,0.000,0.60
1777904231,loop0,0.00,0.00,0.000,0.000,0.00
1777904231,loop1,0.00,0.00,0.000,0.000,0.00
1777904231,loop10,0.00,0.00,0.000,0.000,0.00
1777904231,loop11,0.00,0.00,0.000,0.000,0.00
1777904231,loop12,0.00,0.00,0.000,0.000,0.00
1777904231,loop13,0.00,0.00,0.000,0.000,0.00
1777904231,loop14,0.00,0.00,0.000,0.000,0.00
1777904231,loop15,0.00,0.00,0.000,0.000,0.00
1777904231,loop16,0.00,0.00,0.000,0.000,0.00
1777904231,loop17,0.00,0.00,0.000,0.000,0.00
1777904231,loop18,0.00,0.00,0.000,0.000,0.00
1777904231,loop19,0.00,0.00,0.000,0.000,0.00
1777904231,loop2,0.00,0.00,0.000,0.000,0.00
1777904231,loop20,0.00,0.00,0.000,0.000,0.00
1777904231,loop21,0.00,0.00,0.000,0.000,0.00
1777904231,loop22,0.00,0.00,0.000,0.000,0.00
1777904231,loop23,0.00,0.00,0.000,0.000,0.00
1777904231,loop24,0.00,0.00,0.000,0.000,0.00
1777904231,loop25,0.00,0.00,0.000,0.000,0.00
1777904231,loop26,0.00,0.00,0.000,0.000,0.00
1777904231,loop27,0.00,0.00,0.000,0.000,0.00
1777904231,loop28,0.00,0.00,0.000,0.000,0.00
1777904231,loop29,0.00,0.00,0.000,0.000,0.00
1777904231,loop3,0.00,0.00,0.000,0.000,0.00
1777904231,loop30,0.00,0.00,0.000,0.000,0.00
1777904231,loop31,0.00,0.00,0.000,0.000,0.00
1777904231,loop32,0.00,0.00,0.000,0.000,0.00
1777904231,loop33,0.00,0.00,0.000,0.000,0.00
1777904231,loop34,0.00,0.00,0.000,0.000,0.00
1777904231,loop35,0.00,0.00,0.000,0.000,0.00
1777904231,loop36,0.00,0.00,0.000,0.000,0.00
1777904231,loop37,0.00,0.00,0.000,0.000,0.00
1777904231,loop38,0.00,0.00,0.000,0.000,0.00
1777904231,loop39,0.00,0.00,0.000,0.000,0.00
1777904231,loop4,0.00,0.00,0.000,0.000,0.00
1777904231,loop40,0.00,0.00,0.000,0.000,0.00
1777904231,loop5,0.00,0.00,0.000,0.000,0.00
1777904231,loop6,0.00,0.00,0.000,0.000,0.00
1777904231,loop7,0.00,0.00,0.000,0.000,0.00
1777904231,loop8,0.00,0.00,0.000,0.000,0.00
1777904231,loop9,0.00,0.00,0.000,0.000,0.00
1777904231,nvme0n1,0.00,0.00,0.000,0.000,0.20
1777904232,loop0,0.00,0.00,0.000,0.000,0.00
1777904232,loop1,0.00,0.00,0.000,0.000,0.00
1777904232,loop10,0.00,0.00,0.000,0.000,0.00
1777904232,loop11,0.00,0.00,0.000,0.000,0.00
1777904232,loop12,0.00,0.00,0.000,0.000,0.00
1777904232,loop13,0.00,0.00,0.000,0.000,0.00
1777904232,loop14,0.00,0.00,0.000,0.000,0.00
1777904232,loop15,0.00,0.00,0.000,0.000,0.00
1777904232,loop16,0.00,0.00,0.000,0.000,0.00
1777904232,loop17,0.00,0.00,0.000,0.000,0.00
1777904232,loop18,0.00,0.00,0.000,0.000,0.00
1777904232,loop19,0.00,0.00,0.000,0.000,0.00
1777904232,loop2,0.00,0.00,0.000,0.000,0.00
1777904232,loop20,0.00,0.00,0.000,0.000,0.00
1777904232,loop21,0.00,0.00,0.000,0.000,0.00
1777904232,loop22,0.00,0.00,0.000,0.000,0.00
1777904232,loop23,0.00,0.00,0.000,0.000,0.00
1777904232,loop24,0.00,0.00,0.000,0.000,0.00
1777904232,loop25,0.00,0.00,0.000,0.000,0.00
1777904232,loop26,0.00,0.00,0.000,0.000,0.00
1777904232,loop27,0.00,0.00,0.000,0.000,0.00
1777904232,loop28,0.00,0.00,0.000,0.000,0.00
1777904232,loop29,0.00,0.00,0.000,0.000,0.00
1777904232,loop3,0.00,0.00,0.000,0.000,0.00
1777904232,loop30,0.00,0.00,0.000,0.000,0.00
1777904232,loop31,0.00,0.00,0.000,0.000,0.00
1777904232,loop32,0.00,0.00,0.000,0.000,0.00
1777904232,loop33,0.00,0.00,0.000,0.000,0.00
1777904232,loop34,0.00,0.00,0.000,0.000,0.00
1777904232,loop35,0.00,0.00,0.000,0.000,0.00
1777904232,loop36,0.00,0.00,0.000,0.000,0.00
1777904232,loop37,0.00,0.00,0.000,0.000,0.00
1777904232,loop38,0.00,0.00,0.000,0.000,0.00
1777904232,loop39,0.00,0.00,0.000,0.000,0.00
1777904232,loop4,0.00,0.00,0.000,0.000,0.00
1777904232,loop40,0.00,0.00,0.000,0.000,0.00
1777904232,loop5,0.00,0.00,0.000,0.000,0.00
1777904232,loop6,0.00,0.00,0.000,0.000,0.00
1777904232,loop7,0.00,0.00,0.000,0.000,0.00
1777904232,loop8,0.00,0.00,0.000,0.000,0.00
1777904232,loop9,0.00,0.00,0.000,0.000,0.00
1777904232,nvme0n1,0.00,0.00,0.000,0.000,0.70
1777904233,loop0,0.00,0.00,0.000,0.000,0.00
1777904233,loop1,0.00,0.00,0.000,0.000,0.00
1777904233,loop10,0.00,0.00,0.000,0.000,0.00
1777904233,loop11,0.00,0.00,0.000,0.000,0.00
1777904233,loop12,0.00,0.00,0.000,0.000,0.00
1777904233,loop13,0.00,0.00,0.000,0.000,0.00
1777904233,loop14,0.00,0.00,0.000,0.000,0.00
1777904233,loop15,0.00,0.00,0.000,0.000,0.00
1777904233,loop16,0.00,0.00,0.000,0.000,0.00
1777904233,loop17,0.00,0.00,0.000,0.000,0.00
1777904233,loop18,0.00,0.00,0.000,0.000,0.00
1777904233,loop19,0.00,0.00,0.000,0.000,0.00
1777904233,loop2,0.00,0.00,0.000,0.000,0.00
1777904233,loop20,0.00,0.00,0.000,0.000,0.00
1777904233,loop21,0.00,0.00,0.000,0.000,0.00
1777904233,loop22,0.00,0.00,0.000,0.000,0.00
1777904233,loop23,0.00,0.00,0.000,0.000,0.00
1777904233,loop24,0.00,0.00,0.000,0.000,0.00
1777904233,loop25,0.00,0.00,0.000,0.000,0.00
1777904233,loop26,0.00,0.00,0.000,0.000,0.00
1777904233,loop27,0.00,0.00,0.000,0.000,0.00
1777904233,loop28,0.00,0.00,0.000,0.000,0.00
1777904233,loop29,0.00,0.00,0.000,0.000,0.00
1777904233,loop3,0.00,0.00,0.000,0.000,0.00
1777904233,loop30,0.00,0.00,0.000,0.000,0.00
1777904233,loop31,0.00,0.00,0.000,0.000,0.00
1777904233,loop32,0.00,0.00,0.000,0.000,0.00
1777904233,loop33,0.00,0.00,0.000,0.000,0.00
1777904233,loop34,0.00,0.00,0.000,0.000,0.00
1777904233,loop35,0.00,0.00,0.000,0.000,0.00
1777904233,loop36,0.00,0.00,0.000,0.000,0.00
1777904233,loop37,0.00,0.00,0.000,0.000,0.00
1777904233,loop38,0.00,0.00,0.000,0.000,0.00
1777904233,loop39,0.00,0.00,0.000,0.000,0.00
1777904233,loop4,0.00,0.00,0.000,0.000,0.00
1777904233,loop40,0.00,0.00,0.000,0.000,0.00
1777904233,loop5,0.00,0.00,0.000,0.000,0.00
1777904233,loop6,0.00,0.00,0.000,0.000,0.00
1777904233,loop7,0.00,0.00,0.000,0.000,0.00
1777904233,loop8,0.00,0.00,0.000,0.000,0.00
1777904233,loop9,0.00,0.00,0.000,0.000,0.00
1777904233,nvme0n1,1.00,4.00,0.000,0.000,0.20
1777904234,loop0,0.00,0.00,0.000,0.000,0.00
1777904234,loop1,0.00,0.00,0.000,0.000,0.00
1777904234,loop10,0.00,0.00,0.000,0.000,0.00
1777904234,loop11,0.00,0.00,0.000,0.000,0.00
1777904234,loop12,0.00,0.00,0.000,0.000,0.00
1777904234,loop13,0.00,0.00,0.000,0.000,0.00
1777904234,loop14,0.00,0.00,0.000,0.000,0.00
1777904234,loop15,0.00,0.00,0.000,0.000,0.00
1777904234,loop16,0.00,0.00,0.000,0.000,0.00
1777904234,loop17,0.00,0.00,0.000,0.000,0.00
1777904234,loop18,0.00,0.00,0.000,0.000,0.00
1777904234,loop19,0.00,0.00,0.000,0.000,0.00
1777904234,loop2,0.00,0.00,0.000,0.000,0.00
1777904234,loop20,0.00,0.00,0.000,0.000,0.00
1777904234,loop21,0.00,0.00,0.000,0.000,0.00
1777904234,loop22,0.00,0.00,0.000,0.000,0.00
1777904234,loop23,0.00,0.00,0.000,0.000,0.00
1777904234,loop24,0.00,0.00,0.000,0.000,0.00
1777904234,loop25,0.00,0.00,0.000,0.000,0.00
1777904234,loop26,0.00,0.00,0.000,0.000,0.00
1777904234,loop27,0.00,0.00,0.000,0.000,0.00
1777904234,loop28,0.00,0.00,0.000,0.000,0.00
1777904234,loop29,0.00,0.00,0.000,0.000,0.00
1777904234,loop3,0.00,0.00,0.000,0.000,0.00
1777904234,loop30,0.00,0.00,0.000,0.000,0.00
1777904234,loop31,0.00,0.00,0.000,0.000,0.00
1777904234,loop32,0.00,0.00,0.000,0.000,0.00
1777904234,loop33,0.00,0.00,0.000,0.000,0.00
1777904234,loop34,0.00,0.00,0.000,0.000,0.00
1777904234,loop35,0.00,0.00,0.000,0.000,0.00
1777904234,loop36,0.00,0.00,0.000,0.000,0.00
1777904234,loop37,0.00,0.00,0.000,0.000,0.00
1777904234,loop38,0.00,0.00,0.000,0.000,0.00
1777904234,loop39,0.00,0.00,0.000,0.000,0.00
1777904234,loop4,0.00,0.00,0.000,0.000,0.00
1777904234,loop40,0.00,0.00,0.000,0.000,0.00
1777904234,loop5,0.00,0.00,0.000,0.000,0.00
1777904234,loop6,0.00,0.00,0.000,0.000,0.00
1777904234,loop7,0.00,0.00,0.000,0.000,0.00
1777904234,loop8,0.00,0.00,0.000,0.000,0.00
1777904234,loop9,0.00,0.00,0.000,0.000,0.00
1777904234,nvme0n1,4.00,16.00,0.000,0.000,0.10
1777904235,loop0,0.00,0.00,0.000,0.000,0.00
1777904235,loop1,0.00,0.00,0.000,0.000,0.00
1777904235,loop10,0.00,0.00,0.000,0.000,0.00
1777904235,loop11,0.00,0.00,0.000,0.000,0.00
1777904235,loop12,0.00,0.00,0.000,0.000,0.00
1777904235,loop13,0.00,0.00,0.000,0.000,0.00
1777904235,loop14,0.00,0.00,0.000,0.000,0.00
1777904235,loop15,0.00,0.00,0.000,0.000,0.00
1777904235,loop16,0.00,0.00,0.000,0.000,0.00
1777904235,loop17,0.00,0.00,0.000,0.000,0.00
1777904235,loop18,0.00,0.00,0.000,0.000,0.00
1777904235,loop19,0.00,0.00,0.000,0.000,0.00
1777904235,loop2,0.00,0.00,0.000,0.000,0.00
1777904235,loop20,0.00,0.00,0.000,0.000,0.00
1777904235,loop21,0.00,0.00,0.000,0.000,0.00
1777904235,loop22,0.00,0.00,0.000,0.000,0.00
1777904235,loop23,0.00,0.00,0.000,0.000,0.00
1777904235,loop24,0.00,0.00,0.000,0.000,0.00
1777904235,loop25,0.00,0.00,0.000,0.000,0.00
1777904235,loop26,0.00,0.00,0.000,0.000,0.00
1777904235,loop27,0.00,0.00,0.000,0.000,0.00
1777904235,loop28,0.00,0.00,0.000,0.000,0.00
1777904235,loop29,0.00,0.00,0.000,0.000,0.00
1777904235,loop3,0.00,0.00,0.000,0.000,0.00
1777904235,loop30,0.00,0.00,0.000,0.000,0.00
1777904235,loop31,0.00,0.00,0.000,0.000,0.00
1777904235,loop32,0.00,0.00,0.000,0.000,0.00
1777904235,loop33,0.00,0.00,0.000,0.000,0.00
1777904235,loop34,0.00,0.00,0.000,0.000,0.00
1777904235,loop35,0.00,0.00,0.000,0.000,0.00
1777904235,loop36,0.00,0.00,0.000,0.000,0.00
1777904235,loop37,0.00,0.00,0.000,0.000,0.00
1777904235,loop38,0.00,0.00,0.000,0.000,0.00
1777904235,loop39,0.00,0.00,0.000,0.000,0.00
1777904235,loop4,0.00,0.00,0.000,0.000,0.00
1777904235,loop40,0.00,0.00,0.000,0.000,0.00
1777904235,loop5,0.00,0.00,0.000,0.000,0.00
1777904235,loop6,0.00,0.00,0.000,0.000,0.00
1777904235,loop7,0.00,0.00,0.000,0.000,0.00
1777904235,loop8,0.00,0.00,0.000,0.000,0.00
1777904235,loop9,0.00,0.00,0.000,0.000,0.00
1777904235,nvme0n1,0.00,0.00,0.000,0.000,0.00
1777904236,loop0,0.00,0.00,0.000,0.000,0.00
1777904236,loop1,0.00,0.00,0.000,0.000,0.00
1777904236,loop10,0.00,0.00,0.000,0.000,0.00
1777904236,loop11,0.00,0.00,0.000,0.000,0.00
1777904236,loop12,0.00,0.00,0.000,0.000,0.00
1777904236,loop13,0.00,0.00,0.000,0.000,0.00
1777904236,loop14,0.00,0.00,0.000,0.000,0.00
1777904236,loop15,0.00,0.00,0.000,0.000,0.00
1777904236,loop16,0.00,0.00,0.000,0.000,0.00
1777904236,loop17,0.00,0.00,0.000,0.000,0.00
1777904236,loop18,0.00,0.00,0.000,0.000,0.00
1777904236,loop19,0.00,0.00,0.000,0.000,0.00
1777904236,loop2,0.00,0.00,0.000,0.000,0.00
1777904236,loop20,0.00,0.00,0.000,0.000,0.00
1777904236,loop21,0.00,0.00,0.000,0.000,0.00
1777904236,loop22,0.00,0.00,0.000,0.000,0.00
1777904236,loop23,0.00,0.00,0.000,0.000,0.00
1777904236,loop24,0.00,0.00,0.000,0.000,0.00
1777904236,loop25,0.00,0.00,0.000,0.000,0.00
1777904236,loop26,0.00,0.00,0.000,0.000,0.00
1777904236,loop27,0.00,0.00,0.000,0.000,0.00
1777904236,loop28,0.00,0.00,0.000,0.000,0.00
1777904236,loop29,0.00,0.00,0.000,0.000,0.00
1777904236,loop3,0.00,0.00,0.000,0.000,0.00
1777904236,loop30,0.00,0.00,0.000,0.000,0.00
1777904236,loop31,0.00,0.00,0.000,0.000,0.00
1777904236,loop32,0.00,0.00,0.000,0.000,0.00
1777904236,loop33,0.00,0.00,0.000,0.000,0.00
1777904236,loop34,0.00,0.00,0.000,0.000,0.00
1777904236,loop35,0.00,0.00,0.000,0.000,0.00
1777904236,loop36,0.00,0.00,0.000,0.000,0.00
1777904236,loop37,0.00,0.00,0.000,0.000,0.00
1777904236,loop38,0.00,0.00,0.000,0.000,0.00
1777904236,loop39,0.00,0.00,0.000,0.000,0.00
1777904236,loop4,0.00,0.00,0.000,0.000,0.00
1777904236,loop40,0.00,0.00,0.000,0.000,0.00
1777904236,loop5,0.00,0.00,0.000,0.000,0.00
1777904236,loop6,0.00,0.00,0.000,0.000,0.00
1777904236,loop7,0.00,0.00,0.000,0.000,0.00
1777904236,loop8,0.00,0.00,0.000,0.000,0.00
1777904236,loop9,0.00,0.00,0.000,0.000,0.00
1777904236,nvme0n1,1.00,4.00,0.000,0.000,0.10
1777904237,loop0,0.00,0.00,0.000,0.000,0.00
1777904237,loop1,0.00,0.00,0.000,0.000,0.00
1777904237,loop10,0.00,0.00,0.000,0.000,0.00
1777904237,loop11,0.00,0.00,0.000,0.000,0.00
1777904237,loop12,0.00,0.00,0.000,0.000,0.00
1777904237,loop13,0.00,0.00,0.000,0.000,0.00
1777904237,loop14,0.00,0.00,0.000,0.000,0.00
1777904237,loop15,0.00,0.00,0.000,0.000,0.00
1777904237,loop16,0.00,0.00,0.000,0.000,0.00
1777904237,loop17,0.00,0.00,0.000,0.000,0.00
1777904237,loop18,0.00,0.00,0.000,0.000,0.00
1777904237,loop19,0.00,0.00,0.000,0.000,0.00
1777904237,loop2,0.00,0.00,0.000,0.000,0.00
1777904237,loop20,0.00,0.00,0.000,0.000,0.00
1777904237,loop21,0.00,0.00,0.000,0.000,0.00
1777904237,loop22,0.00,0.00,0.000,0.000,0.00
1777904237,loop23,0.00,0.00,0.000,0.000,0.00
1777904237,loop24,0.00,0.00,0.000,0.000,0.00
1777904237,loop25,0.00,0.00,0.000,0.000,0.00
1777904237,loop26,0.00,0.00,0.000,0.000,0.00
1777904237,loop27,0.00,0.00,0.000,0.000,0.00
1777904237,loop28,0.00,0.00,0.000,0.000,0.00
1777904237,loop29,0.00,0.00,0.000,0.000,0.00
1777904237,loop3,0.00,0.00,0.000,0.000,0.00
1777904237,loop30,0.00,0.00,0.000,0.000,0.00
1777904237,loop31,0.00,0.00,0.000,0.000,0.00
1777904237,loop32,0.00,0.00,0.000,0.000,0.00
1777904237,loop33,0.00,0.00,0.000,0.000,0.00
1777904237,loop34,0.00,0.00,0.000,0.000,0.00
1777904237,loop35,0.00,0.00,0.000,0.000,0.00
1777904237,loop36,0.00,0.00,0.000,0.000,0.00
1777904237,loop37,0.00,0.00,0.000,0.000,0.00
1777904237,loop38,0.00,0.00,0.000,0.000,0.00
1777904237,loop39,0.00,0.00,0.000,0.000,0.00
1777904237,loop4,0.00,0.00,0.000,0.000,0.00
1777904237,loop40,0.00,0.00,0.000,0.000,0.00
1777904237,loop5,0.00,0.00,0.000,0.000,0.00
1777904237,loop6,0.00,0.00,0.000,0.000,0.00
1777904237,loop7,0.00,0.00,0.000,0.000,0.00
1777904237,loop8,0.00,0.00,0.000,0.000,0.00
1777904237,loop9,0.00,0.00,0.000,0.000,0.00
1777904237,nvme0n1,2.00,12.00,0.001,0.033,0.20
1777904238,loop0,0.00,0.00,0.000,0.000,0.00
1777904238,loop1,0.00,0.00,0.000,0.000,0.00
1777904238,loop10,0.00,0.00,0.000,0.000,0.00
1777904238,loop11,0.00,0.00,0.000,0.000,0.00
1777904238,loop12,0.00,0.00,0.000,0.000,0.00
1777904238,loop13,0.00,0.00,0.000,0.000,0.00
1777904238,loop14,0.00,0.00,0.000,0.000,0.00
1777904238,loop15,0.00,0.00,0.000,0.000,0.00
1777904238,loop16,0.00,0.00,0.000,0.000,0.00
1777904238,loop17,0.00,0.00,0.000,0.000,0.00
1777904238,loop18,0.00,0.00,0.000,0.000,0.00
1777904238,loop19,0.00,0.00,0.000,0.000,0.00
1777904238,loop2,0.00,0.00,0.000,0.000,0.00
1777904238,loop20,0.00,0.00,0.000,0.000,0.00
1777904238,loop21,0.00,0.00,0.000,0.000,0.00
1777904238,loop22,0.00,0.00,0.000,0.000,0.00
1777904238,loop23,0.00,0.00,0.000,0.000,0.00
1777904238,loop24,0.00,0.00,0.000,0.000,0.00
1777904238,loop25,0.00,0.00,0.000,0.000,0.00
1777904238,loop26,0.00,0.00,0.000,0.000,0.00
1777904238,loop27,0.00,0.00,0.000,0.000,0.00
1777904238,loop28,0.00,0.00,0.000,0.000,0.00
1777904238,loop29,0.00,0.00,0.000,0.000,0.00
1777904238,loop3,0.00,0.00,0.000,0.000,0.00
1777904238,loop30,0.00,0.00,0.000,0.000,0.00
1777904238,loop31,0.00,0.00,0.000,0.000,0.00
1777904238,loop32,0.00,0.00,0.000,0.000,0.00
1777904238,loop33,0.00,0.00,0.000,0.000,0.00
1777904238,loop34,0.00,0.00,0.000,0.000,0.00
1777904238,loop35,0.00,0.00,0.000,0.000,0.00
1777904238,loop36,0.00,0.00,0.000,0.000,0.00
1777904238,loop37,0.00,0.00,0.000,0.000,0.00
1777904238,loop38,0.00,0.00,0.000,0.000,0.00
1777904238,loop39,0.00,0.00,0.000,0.000,0.00
1777904238,loop4,0.00,0.00,0.000,0.000,0.00
1777904238,loop40,0.00,0.00,0.000,0.000,0.00
1777904238,loop5,0.00,0.00,0.000,0.000,0.00
1777904238,loop6,0.00,0.00,0.000,0.000,0.00
1777904238,loop7,0.00,0.00,0.000,0.000,0.00
1777904238,loop8,0.00,0.00,0.000,0.000,0.00
1777904238,loop9,0.00,0.00,0.000,0.000,0.00
1777904238,nvme0n1,0.00,0.00,0.000,0.000,0.60
1777904239,loop0,0.00,0.00,0.000,0.000,0.00
1777904239,loop1,0.00,0.00,0.000,0.000,0.00
1777904239,loop10,0.00,0.00,0.000,0.000,0.00
1777904239,loop11,0.00,0.00,0.000,0.000,0.00
1777904239,loop12,0.00,0.00,0.000,0.000,0.00
1777904239,loop13,0.00,0.00,0.000,0.000,0.00
1777904239,loop14,0.00,0.00,0.000,0.000,0.00
1777904239,loop15,0.00,0.00,0.000,0.000,0.00
1777904239,loop16,0.00,0.00,0.000,0.000,0.00
1777904239,loop17,0.00,0.00,0.000,0.000,0.00
1777904239,loop18,0.00,0.00,0.000,0.000,0.00
1777904239,loop19,0.00,0.00,0.000,0.000,0.00
1777904239,loop2,0.00,0.00,0.000,0.000,0.00
1777904239,loop20,0.00,0.00,0.000,0.000,0.00
1777904239,loop21,0.00,0.00,0.000,0.000,0.00
1777904239,loop22,0.00,0.00,0.000,0.000,0.00
1777904239,loop23,0.00,0.00,0.000,0.000,0.00
1777904239,loop24,0.00,0.00,0.000,0.000,0.00
1777904239,loop25,0.00,0.00,0.000,0.000,0.00
1777904239,loop26,0.00,0.00,0.000,0.000,0.00
1777904239,loop27,0.00,0.00,0.000,0.000,0.00
1777904239,loop28,0.00,0.00,0.000,0.000,0.00
1777904239,loop29,0.00,0.00,0.000,0.000,0.00
1777904239,loop3,0.00,0.00,0.000,0.000,0.00
1777904239,loop30,0.00,0.00,0.000,0.000,0.00
1777904239,loop31,0.00,0.00,0.000,0.000,0.00
1777904239,loop32,0.00,0.00,0.000,0.000,0.00
1777904239,loop33,0.00,0.00,0.000,0.000,0.00
1777904239,loop34,0.00,0.00,0.000,0.000,0.00
1777904239,loop35,0.00,0.00,0.000,0.000,0.00
1777904239,loop36,0.00,0.00,0.000,0.000,0.00
1777904239,loop37,0.00,0.00,0.000,0.000,0.00
1777904239,loop38,0.00,0.00,0.000,0.000,0.00
1777904239,loop39,0.00,0.00,0.000,0.000,0.00
1777904239,loop4,0.00,0.00,0.000,0.000,0.00
1777904239,loop40,0.00,0.00,0.000,0.000,0.00
1777904239,loop5,0.00,0.00,0.000,0.000,0.00
1777904239,loop6,0.00,0.00,0.000,0.000,0.00
1777904239,loop7,0.00,0.00,0.000,0.000,0.00
1777904239,loop8,0.00,0.00,0.000,0.000,0.00
1777904239,loop9,0.00,0.00,0.000,0.000,0.00
1777904239,nvme0n1,0.00,0.00,0.000,0.000,0.00
1777904240,loop0,0.00,0.00,0.000,0.000,0.00
1777904240,loop1,0.00,0.00,0.000,0.000,0.00
1777904240,loop10,0.00,0.00,0.000,0.000,0.00
1777904240,loop11,0.00,0.00,0.000,0.000,0.00
1777904240,loop12,0.00,0.00,0.000,0.000,0.00
1777904240,loop13,0.00,0.00,0.000,0.000,0.00
1777904240,loop14,0.00,0.00,0.000,0.000,0.00
1777904240,loop15,0.00,0.00,0.000,0.000,0.00
1777904240,loop16,0.00,0.00,0.000,0.000,0.00
1777904240,loop17,0.00,0.00,0.000,0.000,0.00
1777904240,loop18,0.00,0.00,0.000,0.000,0.00
1777904240,loop19,0.00,0.00,0.000,0.000,0.00
1777904240,loop2,0.00,0.00,0.000,0.000,0.00
1777904240,loop20,0.00,0.00,0.000,0.000,0.00
1777904240,loop21,0.00,0.00,0.000,0.000,0.00
1777904240,loop22,0.00,0.00,0.000,0.000,0.00
1777904240,loop23,0.00,0.00,0.000,0.000,0.00
1777904240,loop24,0.00,0.00,0.000,0.000,0.00
1777904240,loop25,0.00,0.00,0.000,0.000,0.00
1777904240,loop26,0.00,0.00,0.000,0.000,0.00
1777904240,loop27,0.00,0.00,0.000,0.000,0.00
1777904240,loop28,0.00,0.00,0.000,0.000,0.00
1777904240,loop29,0.00,0.00,0.000,0.000,0.00
1777904240,loop3,0.00,0.00,0.000,0.000,0.00
1777904240,loop30,0.00,0.00,0.000,0.000,0.00
1777904240,loop31,0.00,0.00,0.000,0.000,0.00
1777904240,loop32,0.00,0.00,0.000,0.000,0.00
1777904240,loop33,0.00,0.00,0.000,0.000,0.00
1777904240,loop34,0.00,0.00,0.000,0.000,0.00
1777904240,loop35,0.00,0.00,0.000,0.000,0.00
1777904240,loop36,0.00,0.00,0.000,0.000,0.00
1777904240,loop37,0.00,0.00,0.000,0.000,0.00
1777904240,loop38,0.00,0.00,0.000,0.000,0.00
1777904240,loop39,0.00,0.00,0.000,0.000,0.00
1777904240,loop4,0.00,0.00,0.000,0.000,0.00
1777904240,loop40,0.00,0.00,0.000,0.000,0.00
1777904240,loop5,0.00,0.00,0.000,0.000,0.00
1777904240,loop6,0.00,0.00,0.000,0.000,0.00
1777904240,loop7,0.00,0.00,0.000,0.000,0.00
1777904240,loop8,0.00,0.00,0.000,0.000,0.00
1777904240,loop9,0.00,0.00,0.000,0.000,0.00
1777904240,nvme0n1,0.00,0.00,0.000,0.000,0.10
1777904241,loop0,0.00,0.00,0.000,0.000,0.00
1777904241,loop1,0.00,0.00,0.000,0.000,0.00
1777904241,loop10,0.00,0.00,0.000,0.000,0.00
1777904241,loop11,0.00,0.00,0.000,0.000,0.00
1777904241,loop12,0.00,0.00,0.000,0.000,0.00
1777904241,loop13,0.00,0.00,0.000,0.000,0.00
1777904241,loop14,0.00,0.00,0.000,0.000,0.00
1777904241,loop15,0.00,0.00,0.000,0.000,0.00
1777904241,loop16,0.00,0.00,0.000,0.000,0.00
1777904241,loop17,0.00,0.00,0.000,0.000,0.00
1777904241,loop18,0.00,0.00,0.000,0.000,0.00
1777904241,loop19,0.00,0.00,0.000,0.000,0.00
1777904241,loop2,0.00,0.00,0.000,0.000,0.00
1777904241,loop20,0.00,0.00,0.000,0.000,0.00
1777904241,loop21,0.00,0.00,0.000,0.000,0.00
1777904241,loop22,0.00,0.00,0.000,0.000,0.00
1777904241,loop23,0.00,0.00,0.000,0.000,0.00
1777904241,loop24,0.00,0.00,0.000,0.000,0.00
1777904241,loop25,0.00,0.00,0.000,0.000,0.00
1777904241,loop26,0.00,0.00,0.000,0.000,0.00
1777904241,loop27,0.00,0.00,0.000,0.000,0.00
1777904241,loop28,0.00,0.00,0.000,0.000,0.00
1777904241,loop29,0.00,0.00,0.000,0.000,0.00
1777904241,loop3,0.00,0.00,0.000,0.000,0.00
1777904241,loop30,0.00,0.00,0.000,0.000,0.00
1777904241,loop31,0.00,0.00,0.000,0.000,0.00
1777904241,loop32,0.00,0.00,0.000,0.000,0.00
1777904241,loop33,0.00,0.00,0.000,0.000,0.00
1777904241,loop34,0.00,0.00,0.000,0.000,0.00
1777904241,loop35,0.00,0.00,0.000,0.000,0.00
1777904241,loop36,0.00,0.00,0.000,0.000,0.00
1777904241,loop37,0.00,0.00,0.000,0.000,0.00
1777904241,loop38,0.00,0.00,0.000,0.000,0.00
1777904241,loop39,0.00,0.00,0.000,0.000,0.00
1777904241,loop4,0.00,0.00,0.000,0.000,0.00
1777904241,loop40,0.00,0.00,0.000,0.000,0.00
1777904241,loop5,0.00,0.00,0.000,0.000,0.00
1777904241,loop6,0.00,0.00,0.000,0.000,0.00
1777904241,loop7,0.00,0.00,0.000,0.000,0.00
1777904241,loop8,0.00,0.00,0.000,0.000,0.00
1777904241,loop9,0.00,0.00,0.000,0.000,0.00
1777904241,nvme0n1,0.00,0.00,0.000,0.000,0.00
1777904242,loop0,0.00,0.00,0.000,0.000,0.00
1777904242,loop1,0.00,0.00,0.000,0.000,0.00
1777904242,loop10,0.00,0.00,0.000,0.000,0.00
1777904242,loop11,0.00,0.00,0.000,0.000,0.00
1777904242,loop12,0.00,0.00,0.000,0.000,0.00
1777904242,loop13,0.00,0.00,0.000,0.000,0.00
1777904242,loop14,0.00,0.00,0.000,0.000,0.00
1777904242,loop15,0.00,0.00,0.000,0.000,0.00
1777904242,loop16,0.00,0.00,0.000,0.000,0.00
1777904242,loop17,0.00,0.00,0.000,0.000,0.00
1777904242,loop18,0.00,0.00,0.000,0.000,0.00
1777904242,loop19,0.00,0.00,0.000,0.000,0.00
1777904242,loop2,0.00,0.00,0.000,0.000,0.00
1777904242,loop20,0.00,0.00,0.000,0.000,0.00
1777904242,loop21,0.00,0.00,0.000,0.000,0.00
1777904242,loop22,0.00,0.00,0.000,0.000,0.00
1777904242,loop23,0.00,0.00,0.000,0.000,0.00
1777904242,loop24,0.00,0.00,0.000,0.000,0.00
1777904242,loop25,0.00,0.00,0.000,0.000,0.00
1777904242,loop26,0.00,0.00,0.000,0.000,0.00
1777904242,loop27,0.00,0.00,0.000,0.000,0.00
1777904242,loop28,0.00,0.00,0.000,0.000,0.00
1777904242,loop29,0.00,0.00,0.000,0.000,0.00
1777904242,loop3,0.00,0.00,0.000,0.000,0.00
1777904242,loop30,0.00,0.00,0.000,0.000,0.00
1777904242,loop31,0.00,0.00,0.000,0.000,0.00
1777904242,loop32,0.00,0.00,0.000,0.000,0.00
1777904242,loop33,0.00,0.00,0.000,0.000,0.00
1777904242,loop34,0.00,0.00,0.000,0.000,0.00
1777904242,loop35,0.00,0.00,0.000,0.000,0.00
1777904242,loop36,0.00,0.00,0.000,0.000,0.00
1777904242,loop37,0.00,0.00,0.000,0.000,0.00
1777904242,loop38,0.00,0.00,0.000,0.000,0.00
1777904242,loop39,0.00,0.00,0.000,0.000,0.00
1777904242,loop4,0.00,0.00,0.000,0.000,0.00
1777904242,loop40,0.00,0.00,0.000,0.000,0.00
1777904242,loop5,0.00,0.00,0.000,0.000,0.00
1777904242,loop6,0.00,0.00,0.000,0.000,0.00
1777904242,loop7,0.00,0.00,0.000,0.000,0.00
1777904242,loop8,0.00,0.00,0.000,0.000,0.00
1777904242,loop9,0.00,0.00,0.000,0.000,0.00
1777904242,nvme0n1,0.00,0.00,0.000,0.000,0.00
1777904243,loop0,0.00,0.00,0.000,0.000,0.00
1777904243,loop1,0.00,0.00,0.000,0.000,0.00
1777904243,loop10,0.00,0.00,0.000,0.000,0.00
1777904243,loop11,0.00,0.00,0.000,0.000,0.00
1777904243,loop12,0.00,0.00,0.000,0.000,0.00
1777904243,loop13,0.00,0.00,0.000,0.000,0.00
1777904243,loop14,0.00,0.00,0.000,0.000,0.00
1777904243,loop15,0.00,0.00,0.000,0.000,0.00
1777904243,loop16,0.00,0.00,0.000,0.000,0.00
1777904243,loop17,0.00,0.00,0.000,0.000,0.00
1777904243,loop18,0.00,0.00,0.000,0.000,0.00
1777904243,loop19,0.00,0.00,0.000,0.000,0.00
1777904243,loop2,0.00,0.00,0.000,0.000,0.00
1777904243,loop20,0.00,0.00,0.000,0.000,0.00
1777904243,loop21,0.00,0.00,0.000,0.000,0.00
1777904243,loop22,0.00,0.00,0.000,0.000,0.00
1777904243,loop23,0.00,0.00,0.000,0.000,0.00
1777904243,loop24,0.00,0.00,0.000,0.000,0.00
1777904243,loop25,0.00,0.00,0.000,0.000,0.00
1777904243,loop26,0.00,0.00,0.000,0.000,0.00
1777904243,loop27,0.00,0.00,0.000,0.000,0.00
1777904243,loop28,0.00,0.00,0.000,0.000,0.00
1777904243,loop29,0.00,0.00,0.000,0.000,0.00
1777904243,loop3,0.00,0.00,0.000,0.000,0.00
1777904243,loop30,0.00,0.00,0.000,0.000,0.00
1777904243,loop31,0.00,0.00,0.000,0.000,0.00
1777904243,loop32,0.00,0.00,0.000,0.000,0.00
1777904243,loop33,0.00,0.00,0.000,0.000,0.00
1777904243,loop34,0.00,0.00,0.000,0.000,0.00
1777904243,loop35,0.00,0.00,0.000,0.000,0.00
1777904243,loop36,0.00,0.00,0.000,0.000,0.00
1777904243,loop37,0.00,0.00,0.000,0.000,0.00
1777904243,loop38,0.00,0.00,0.000,0.000,0.00
1777904243,loop39,0.00,0.00,0.000,0.000,0.00
1777904243,loop4,0.00,0.00,0.000,0.000,0.00
1777904243,loop40,0.00,0.00,0.000,0.000,0.00
1777904243,loop5,0.00,0.00,0.000,0.000,0.00
1777904243,loop6,0.00,0.00,0.000,0.000,0.00
1777904243,loop7,0.00,0.00,0.000,0.000,0.00
1777904243,loop8,0.00,0.00,0.000,0.000,0.00
1777904243,loop9,0.00,0.00,0.000,0.000,0.00
1777904243,nvme0n1,3.00,84.00,0.000,0.000,2.50
1777904244,loop0,0.00,0.00,0.000,0.000,0.00
1777904244,loop1,0.00,0.00,0.000,0.000,0.00
1777904244,loop10,0.00,0.00,0.000,0.000,0.00
1777904244,loop11,0.00,0.00,0.000,0.000,0.00
1777904244,loop12,0.00,0.00,0.000,0.000,0.00
1777904244,loop13,0.00,0.00,0.000,0.000,0.00
1777904244,loop14,0.00,0.00,0.000,0.000,0.00
1777904244,loop15,0.00,0.00,0.000,0.000,0.00
1777904244,loop16,0.00,0.00,0.000,0.000,0.00
1777904244,loop17,0.00,0.00,0.000,0.000,0.00
1777904244,loop18,0.00,0.00,0.000,0.000,0.00
1777904244,loop19,0.00,0.00,0.000,0.000,0.00
1777904244,loop2,0.00,0.00,0.000,0.000,0.00
1777904244,loop20,0.00,0.00,0.000,0.000,0.00
1777904244,loop21,0.00,0.00,0.000,0.000,0.00
1777904244,loop22,0.00,0.00,0.000,0.000,0.00
1777904244,loop23,0.00,0.00,0.000,0.000,0.00
1777904244,loop24,0.00,0.00,0.000,0.000,0.00
1777904244,loop25,0.00,0.00,0.000,0.000,0.00
1777904244,loop26,0.00,0.00,0.000,0.000,0.00
1777904244,loop27,0.00,0.00,0.000,0.000,0.00
1777904244,loop28,0.00,0.00,0.000,0.000,0.00
1777904244,loop29,0.00,0.00,0.000,0.000,0.00
1777904244,loop3,0.00,0.00,0.000,0.000,0.00
1777904244,loop30,0.00,0.00,0.000,0.000,0.00
1777904244,loop31,0.00,0.00,0.000,0.000,0.00
1777904244,loop32,0.00,0.00,0.000,0.000,0.00
1777904244,loop33,0.00,0.00,0.000,0.000,0.00
1777904244,loop34,0.00,0.00,0.000,0.000,0.00
1777904244,loop35,0.00,0.00,0.000,0.000,0.00
1777904244,loop36,0.00,0.00,0.000,0.000,0.00
1777904244,loop37,0.00,0.00,0.000,0.000,0.00
1777904244,loop38,0.00,0.00,0.000,0.000,0.00
1777904244,loop39,0.00,0.00,0.000,0.000,0.00
1777904244,loop4,0.00,0.00,0.000,0.000,0.00
1777904244,loop40,0.00,0.00,0.000,0.000,0.00
1777904244,loop5,0.00,0.00,0.000,0.000,0.00
1777904244,loop6,0.00,0.00,0.000,0.000,0.00
1777904244,loop7,0.00,0.00,0.000,0.000,0.00
1777904244,loop8,0.00,0.00,0.000,0.000,0.00
1777904244,loop9,0.00,0.00,0.000,0.000,0.00
1777904244,nvme0n1,0.00,0.00,0.000,0.000,0.70
1777904245,loop0,0.00,0.00,0.000,0.000,0.00
1777904245,loop1,0.00,0.00,0.000,0.000,0.00
1777904245,loop10,0.00,0.00,0.000,0.000,0.00
1777904245,loop11,0.00,0.00,0.000,0.000,0.00
1777904245,loop12,0.00,0.00,0.000,0.000,0.00
1777904245,loop13,0.00,0.00,0.000,0.000,0.00
1777904245,loop14,0.00,0.00,0.000,0.000,0.00
1777904245,loop15,0.00,0.00,0.000,0.000,0.00
1777904245,loop16,0.00,0.00,0.000,0.000,0.00
1777904245,loop17,0.00,0.00,0.000,0.000,0.00
1777904245,loop18,0.00,0.00,0.000,0.000,0.00
1777904245,loop19,0.00,0.00,0.000,0.000,0.00
1777904245,loop2,0.00,0.00,0.000,0.000,0.00
1777904245,loop20,0.00,0.00,0.000,0.000,0.00
1777904245,loop21,0.00,0.00,0.000,0.000,0.00
1777904245,loop22,0.00,0.00,0.000,0.000,0.00
1777904245,loop23,0.00,0.00,0.000,0.000,0.00
1777904245,loop24,0.00,0.00,0.000,0.000,0.00
1777904245,loop25,0.00,0.00,0.000,0.000,0.00
1777904245,loop26,0.00,0.00,0.000,0.000,0.00
1777904245,loop27,0.00,0.00,0.000,0.000,0.00
1777904245,loop28,0.00,0.00,0.000,0.000,0.00
1777904245,loop29,0.00,0.00,0.000,0.000,0.00
1777904245,loop3,0.00,0.00,0.000,0.000,0.00
1777904245,loop30,0.00,0.00,0.000,0.000,0.00
1777904245,loop31,0.00,0.00,0.000,0.000,0.00
1777904245,loop32,0.00,0.00,0.000,0.000,0.00
1777904245,loop33,0.00,0.00,0.000,0.000,0.00
1777904245,loop34,0.00,0.00,0.000,0.000,0.00
1777904245,loop35,0.00,0.00,0.000,0.000,0.00
1777904245,loop36,0.00,0.00,0.000,0.000,0.00
1777904245,loop37,0.00,0.00,0.000,0.000,0.00
1777904245,loop38,0.00,0.00,0.000,0.000,0.00
1777904245,loop39,0.00,0.00,0.000,0.000,0.00
1777904245,loop4,0.00,0.00,0.000,0.000,0.00
1777904245,loop40,0.00,0.00,0.000,0.000,0.00
1777904245,loop5,0.00,0.00,0.000,0.000,0.00
1777904245,loop6,0.00,0.00,0.000,0.000,0.00
1777904245,loop7,0.00,0.00,0.000,0.000,0.00
1777904245,loop8,0.00,0.00,0.000,0.000,0.00
1777904245,loop9,0.00,0.00,0.000,0.000,0.00
1777904245,nvme0n1,0.00,0.00,0.000,0.000,0.00
1777904246,loop0,0.00,0.00,0.000,0.000,0.00
1777904246,loop1,0.00,0.00,0.000,0.000,0.00
1777904246,loop10,0.00,0.00,0.000,0.000,0.00
1777904246,loop11,0.00,0.00,0.000,0.000,0.00
1777904246,loop12,0.00,0.00,0.000,0.000,0.00
1777904246,loop13,0.00,0.00,0.000,0.000,0.00
1777904246,loop14,0.00,0.00,0.000,0.000,0.00
1777904246,loop15,0.00,0.00,0.000,0.000,0.00
1777904246,loop16,0.00,0.00,0.000,0.000,0.00
1777904246,loop17,0.00,0.00,0.000,0.000,0.00
1777904246,loop18,0.00,0.00,0.000,0.000,0.00
1777904246,loop19,0.00,0.00,0.000,0.000,0.00
1777904246,loop2,0.00,0.00,0.000,0.000,0.00
1777904246,loop20,0.00,0.00,0.000,0.000,0.00
1777904246,loop21,0.00,0.00,0.000,0.000,0.00
1777904246,loop22,0.00,0.00,0.000,0.000,0.00
1777904246,loop23,0.00,0.00,0.000,0.000,0.00
1777904246,loop24,0.00,0.00,0.000,0.000,0.00
1777904246,loop25,0.00,0.00,0.000,0.000,0.00
1777904246,loop26,0.00,0.00,0.000,0.000,0.00
1777904246,loop27,0.00,0.00,0.000,0.000,0.00
1777904246,loop28,0.00,0.00,0.000,0.000,0.00
1777904246,loop29,0.00,0.00,0.000,0.000,0.00
1777904246,loop3,0.00,0.00,0.000,0.000,0.00
1777904246,loop30,0.00,0.00,0.000,0.000,0.00
1777904246,loop31,0.00,0.00,0.000,0.000,0.00
1777904246,loop32,0.00,0.00,0.000,0.000,0.00
1777904246,loop33,0.00,0.00,0.000,0.000,0.00
1777904246,loop34,0.00,0.00,0.000,0.000,0.00
1777904246,loop35,0.00,0.00,0.000,0.000,0.00
1777904246,loop36,0.00,0.00,0.000,0.000,0.00
1777904246,loop37,0.00,0.00,0.000,0.000,0.00
1777904246,loop38,0.00,0.00,0.000,0.000,0.00
1777904246,loop39,0.00,0.00,0.000,0.000,0.00
1777904246,loop4,0.00,0.00,0.000,0.000,0.00
1777904246,loop40,0.00,0.00,0.000,0.000,0.00
1777904246,loop5,0.00,0.00,0.000,0.000,0.00
1777904246,loop6,0.00,0.00,0.000,0.000,0.00
1777904246,loop7,0.00,0.00,0.000,0.000,0.00
1777904246,loop8,0.00,0.00,0.000,0.000,0.00
1777904246,loop9,0.00,0.00,0.000,0.000,0.00
1777904246,nvme0n1,0.00,0.00,0.000,0.000,0.00
1777904247,loop0,0.00,0.00,0.000,0.000,0.00
1777904247,loop1,0.00,0.00,0.000,0.000,0.00
1777904247,loop10,0.00,0.00,0.000,0.000,0.00
1777904247,loop11,0.00,0.00,0.000,0.000,0.00
1777904247,loop12,0.00,0.00,0.000,0.000,0.00
1777904247,loop13,0.00,0.00,0.000,0.000,0.00
1777904247,loop14,0.00,0.00,0.000,0.000,0.00
1777904247,loop15,0.00,0.00,0.000,0.000,0.00
1777904247,loop16,0.00,0.00,0.000,0.000,0.00
1777904247,loop17,0.00,0.00,0.000,0.000,0.00
1777904247,loop18,0.00,0.00,0.000,0.000,0.00
1777904247,loop19,0.00,0.00,0.000,0.000,0.00
1777904247,loop2,0.00,0.00,0.000,0.000,0.00
1777904247,loop20,0.00,0.00,0.000,0.000,0.00
1777904247,loop21,0.00,0.00,0.000,0.000,0.00
1777904247,loop22,0.00,0.00,0.000,0.000,0.00
1777904247,loop23,0.00,0.00,0.000,0.000,0.00
1777904247,loop24,0.00,0.00,0.000,0.000,0.00
1777904247,loop25,0.00,0.00,0.000,0.000,0.00
1777904247,loop26,0.00,0.00,0.000,0.000,0.00
1777904247,loop27,0.00,0.00,0.000,0.000,0.00
1777904247,loop28,0.00,0.00,0.000,0.000,0.00
1777904247,loop29,0.00,0.00,0.000,0.000,0.00
1777904247,loop3,0.00,0.00,0.000,0.000,0.00
1777904247,loop30,0.00,0.00,0.000,0.000,0.00
1777904247,loop31,0.00,0.00,0.000,0.000,0.00
1777904247,loop32,0.00,0.00,0.000,0.000,0.00
1777904247,loop33,0.00,0.00,0.000,0.000,0.00
1777904247,loop34,0.00,0.00,0.000,0.000,0.00
1777904247,loop35,0.00,0.00,0.000,0.000,0.00
1777904247,loop36,0.00,0.00,0.000,0.000,0.00
1777904247,loop37,0.00,0.00,0.000,0.000,0.00
1777904247,loop38,0.00,0.00,0.000,0.000,0.00
1777904247,loop39,0.00,0.00,0.000,0.000,0.00
1777904247,loop4,0.00,0.00,0.000,0.000,0.00
1777904247,loop40,0.00,0.00,0.000,0.000,0.00
1777904247,loop5,0.00,0.00,0.000,0.000,0.00
1777904247,loop6,0.00,0.00,0.000,0.000,0.00
1777904247,loop7,0.00,0.00,0.000,0.000,0.00
1777904247,loop8,0.00,0.00,0.000,0.000,0.00
1777904247,loop9,0.00,0.00,0.000,0.000,0.00
1777904247,nvme0n1,0.00,0.00,0.000,0.000,0.00
1777904248,loop0,0.00,0.00,0.000,0.000,0.00
1777904248,loop1,0.00,0.00,0.000,0.000,0.00
1777904248,loop10,0.00,0.00,0.000,0.000,0.00
1777904248,loop11,0.00,0.00,0.000,0.000,0.00
1777904248,loop12,0.00,0.00,0.000,0.000,0.00
1777904248,loop13,0.00,0.00,0.000,0.000,0.00
1777904248,loop14,0.00,0.00,0.000,0.000,0.00
1777904248,loop15,0.00,0.00,0.000,0.000,0.00
1777904248,loop16,0.00,0.00,0.000,0.000,0.00
1777904248,loop17,0.00,0.00,0.000,0.000,0.00
1777904248,loop18,0.00,0.00,0.000,0.000,0.00
1777904248,loop19,0.00,0.00,0.000,0.000,0.00
1777904248,loop2,0.00,0.00,0.000,0.000,0.00
1777904248,loop20,0.00,0.00,0.000,0.000,0.00
1777904248,loop21,0.00,0.00,0.000,0.000,0.00
1777904248,loop22,0.00,0.00,0.000,0.000,0.00
1777904248,loop23,0.00,0.00,0.000,0.000,0.00
1777904248,loop24,0.00,0.00,0.000,0.000,0.00
1777904248,loop25,0.00,0.00,0.000,0.000,0.00
1777904248,loop26,0.00,0.00,0.000,0.000,0.00
1777904248,loop27,0.00,0.00,0.000,0.000,0.00
1777904248,loop28,0.00,0.00,0.000,0.000,0.00
1777904248,loop29,0.00,0.00,0.000,0.000,0.00
1777904248,loop3,0.00,0.00,0.000,0.000,0.00
1777904248,loop30,0.00,0.00,0.000,0.000,0.00
1777904248,loop31,0.00,0.00,0.000,0.000,0.00
1777904248,loop32,0.00,0.00,0.000,0.000,0.00
1777904248,loop33,0.00,0.00,0.000,0.000,0.00
1777904248,loop34,0.00,0.00,0.000,0.000,0.00
1777904248,loop35,0.00,0.00,0.000,0.000,0.00
1777904248,loop36,0.00,0.00,0.000,0.000,0.00
1777904248,loop37,0.00,0.00,0.000,0.000,0.00
1777904248,loop38,0.00,0.00,0.000,0.000,0.00
1777904248,loop39,0.00,0.00,0.000,0.000,0.00
1777904248,loop4,0.00,0.00,0.000,0.000,0.00
1777904248,loop40,0.00,0.00,0.000,0.000,0.00
1777904248,loop5,0.00,0.00,0.000,0.000,0.00
1777904248,loop6,0.00,0.00,0.000,0.000,0.00
1777904248,loop7,0.00,0.00,0.000,0.000,0.00
1777904248,loop8,0.00,0.00,0.000,0.000,0.00
1777904248,loop9,0.00,0.00,0.000,0.000,0.00
1777904248,nvme0n1,0.00,0.00,0.000,0.000,0.00
1777904249,loop0,0.00,0.00,0.000,0.000,0.00
1777904249,loop1,0.00,0.00,0.000,0.000,0.00
1777904249,loop10,0.00,0.00,0.000,0.000,0.00
1777904249,loop11,0.00,0.00,0.000,0.000,0.00
1777904249,loop12,0.00,0.00,0.000,0.000,0.00
1777904249,loop13,0.00,0.00,0.000,0.000,0.00
1777904249,loop14,0.00,0.00,0.000,0.000,0.00
1777904249,loop15,0.00,0.00,0.000,0.000,0.00
1777904249,loop16,0.00,0.00,0.000,0.000,0.00
1777904249,loop17,0.00,0.00,0.000,0.000,0.00
1777904249,loop18,0.00,0.00,0.000,0.000,0.00
1777904249,loop19,0.00,0.00,0.000,0.000,0.00
1777904249,loop2,0.00,0.00,0.000,0.000,0.00
1777904249,loop20,0.00,0.00,0.000,0.000,0.00
1777904249,loop21,0.00,0.00,0.000,0.000,0.00
1777904249,loop22,0.00,0.00,0.000,0.000,0.00
1777904249,loop23,0.00,0.00,0.000,0.000,0.00
1777904249,loop24,0.00,0.00,0.000,0.000,0.00
1777904249,loop25,0.00,0.00,0.000,0.000,0.00
1777904249,loop26,0.00,0.00,0.000,0.000,0.00
1777904249,loop27,0.00,0.00,0.000,0.000,0.00
1777904249,loop28,0.00,0.00,0.000,0.000,0.00
1777904249,loop29,0.00,0.00,0.000,0.000,0.00
1777904249,loop3,0.00,0.00,0.000,0.000,0.00
1777904249,loop30,0.00,0.00,0.000,0.000,0.00
1777904249,loop31,0.00,0.00,0.000,0.000,0.00
1777904249,loop32,0.00,0.00,0.000,0.000,0.00
1777904249,loop33,0.00,0.00,0.000,0.000,0.00
1777904249,loop34,0.00,0.00,0.000,0.000,0.00
1777904249,loop35,0.00,0.00,0.000,0.000,0.00
1777904249,loop36,0.00,0.00,0.000,0.000,0.00
1777904249,loop37,0.00,0.00,0.000,0.000,0.00
1777904249,loop38,0.00,0.00,0.000,0.000,0.00
1777904249,loop39,0.00,0.00,0.000,0.000,0.00
1777904249,loop4,0.00,0.00,0.000,0.000,0.00
1777904249,loop40,0.00,0.00,0.000,0.000,0.00
1777904249,loop5,0.00,0.00,0.000,0.000,0.00
1777904249,loop6,0.00,0.00,0.000,0.000,0.00
1777904249,loop7,0.00,0.00,0.000,0.000,0.00
1777904249,loop8,0.00,0.00,0.000,0.000,0.00
1777904249,loop9,0.00,0.00,0.000,0.000,0.00
1777904249,nvme0n1,0.00,0.00,0.000,0.000,4.40
1777904250,loop0,0.00,0.00,0.000,0.000,0.00
1777904250,loop1,0.00,0.00,0.000,0.000,0.00
1777904250,loop10,0.00,0.00,0.000,0.000,0.00
1777904250,loop11,0.00,0.00,0.000,0.000,0.00
1777904250,loop12,0.00,0.00,0.000,0.000,0.00
1777904250,loop13,0.00,0.00,0.000,0.000,0.00
1777904250,loop14,0.00,0.00,0.000,0.000,0.00
1777904250,loop15,0.00,0.00,0.000,0.000,0.00
1777904250,loop16,0.00,0.00,0.000,0.000,0.00
1777904250,loop17,0.00,0.00,0.000,0.000,0.00
1777904250,loop18,0.00,0.00,0.000,0.000,0.00
1777904250,loop19,0.00,0.00,0.000,0.000,0.00
1777904250,loop2,0.00,0.00,0.000,0.000,0.00
1777904250,loop20,0.00,0.00,0.000,0.000,0.00
1777904250,loop21,0.00,0.00,0.000,0.000,0.00
1777904250,loop22,0.00,0.00,0.000,0.000,0.00
1777904250,loop23,0.00,0.00,0.000,0.000,0.00
1777904250,loop24,0.00,0.00,0.000,0.000,0.00
1777904250,loop25,0.00,0.00,0.000,0.000,0.00
1777904250,loop26,0.00,0.00,0.000,0.000,0.00
1777904250,loop27,0.00,0.00,0.000,0.000,0.00
1777904250,loop28,0.00,0.00,0.000,0.000,0.00
1777904250,loop29,0.00,0.00,0.000,0.000,0.00
1777904250,loop3,0.00,0.00,0.000,0.000,0.00
1777904250,loop30,0.00,0.00,0.000,0.000,0.00
1777904250,loop31,0.00,0.00,0.000,0.000,0.00
1777904250,loop32,0.00,0.00,0.000,0.000,0.00
1777904250,loop33,0.00,0.00,0.000,0.000,0.00
1777904250,loop34,0.00,0.00,0.000,0.000,0.00
1777904250,loop35,0.00,0.00,0.000,0.000,0.00
1777904250,loop36,0.00,0.00,0.000,0.000,0.00
1777904250,loop37,0.00,0.00,0.000,0.000,0.00
1777904250,loop38,0.00,0.00,0.000,0.000,0.00
1777904250,loop39,0.00,0.00,0.000,0.000,0.00
1777904250,loop4,0.00,0.00,0.000,0.000,0.00
1777904250,loop40,0.00,0.00,0.000,0.000,0.00
1777904250,loop5,0.00,0.00,0.000,0.000,0.00
1777904250,loop6,0.00,0.00,0.000,0.000,0.00
1777904250,loop7,0.00,0.00,0.000,0.000,0.00
1777904250,loop8,0.00,0.00,0.000,0.000,0.00
1777904250,loop9,0.00,0.00,0.000,0.000,0.00
1777904250,nvme0n1,0.00,0.00,0.000,0.000,0.60
1777904251,loop0,0.00,0.00,0.000,0.000,0.00
1777904251,loop1,0.00,0.00,0.000,0.000,0.00
1777904251,loop10,0.00,0.00,0.000,0.000,0.00
1777904251,loop11,0.00,0.00,0.000,0.000,0.00
1777904251,loop12,0.00,0.00,0.000,0.000,0.00
1777904251,loop13,0.00,0.00,0.000,0.000,0.00
1777904251,loop14,0.00,0.00,0.000,0.000,0.00
1777904251,loop15,0.00,0.00,0.000,0.000,0.00
1777904251,loop16,0.00,0.00,0.000,0.000,0.00
1777904251,loop17,0.00,0.00,0.000,0.000,0.00
1777904251,loop18,0.00,0.00,0.000,0.000,0.00
1777904251,loop19,0.00,0.00,0.000,0.000,0.00
1777904251,loop2,0.00,0.00,0.000,0.000,0.00
1777904251,loop20,0.00,0.00,0.000,0.000,0.00
1777904251,loop21,0.00,0.00,0.000,0.000,0.00
1777904251,loop22,0.00,0.00,0.000,0.000,0.00
1777904251,loop23,0.00,0.00,0.000,0.000,0.00
1777904251,loop24,0.00,0.00,0.000,0.000,0.00
1777904251,loop25,0.00,0.00,0.000,0.000,0.00
1777904251,loop26,0.00,0.00,0.000,0.000,0.00
1777904251,loop27,0.00,0.00,0.000,0.000,0.00
1777904251,loop28,0.00,0.00,0.000,0.000,0.00
1777904251,loop29,0.00,0.00,0.000,0.000,0.00
1777904251,loop3,0.00,0.00,0.000,0.000,0.00
1777904251,loop30,0.00,0.00,0.000,0.000,0.00
1777904251,loop31,0.00,0.00,0.000,0.000,0.00
1777904251,loop32,0.00,0.00,0.000,0.000,0.00
1777904251,loop33,0.00,0.00,0.000,0.000,0.00
1777904251,loop34,0.00,0.00,0.000,0.000,0.00
1777904251,loop35,0.00,0.00,0.000,0.000,0.00
1777904251,loop36,0.00,0.00,0.000,0.000,0.00
1777904251,loop37,0.00,0.00,0.000,0.000,0.00
1777904251,loop38,0.00,0.00,0.000,0.000,0.00
1777904251,loop39,0.00,0.00,0.000,0.000,0.00
1777904251,loop4,0.00,0.00,0.000,0.000,0.00
1777904251,loop40,0.00,0.00,0.000,0.000,0.00
1777904251,loop5,0.00,0.00,0.000,0.000,0.00
1777904251,loop6,0.00,0.00,0.000,0.000,0.00
1777904251,loop7,0.00,0.00,0.000,0.000,0.00
1777904251,loop8,0.00,0.00,0.000,0.000,0.00
1777904251,loop9,0.00,0.00,0.000,0.000,0.00
1777904251,nvme0n1,6.00,24.00,0.000,0.000,0.10
1777904252,loop0,0.00,0.00,0.000,0.000,0.00
1777904252,loop1,0.00,0.00,0.000,0.000,0.00
1777904252,loop10,0.00,0.00,0.000,0.000,0.00
1777904252,loop11,0.00,0.00,0.000,0.000,0.00
1777904252,loop12,0.00,0.00,0.000,0.000,0.00
1777904252,loop13,0.00,0.00,0.000,0.000,0.00
1777904252,loop14,0.00,0.00,0.000,0.000,0.00
1777904252,loop15,0.00,0.00,0.000,0.000,0.00
1777904252,loop16,0.00,0.00,0.000,0.000,0.00
1777904252,loop17,0.00,0.00,0.000,0.000,0.00
1777904252,loop18,0.00,0.00,0.000,0.000,0.00
1777904252,loop19,0.00,0.00,0.000,0.000,0.00
1777904252,loop2,0.00,0.00,0.000,0.000,0.00
1777904252,loop20,0.00,0.00,0.000,0.000,0.00
1777904252,loop21,0.00,0.00,0.000,0.000,0.00
1777904252,loop22,0.00,0.00,0.000,0.000,0.00
1777904252,loop23,0.00,0.00,0.000,0.000,0.00
1777904252,loop24,0.00,0.00,0.000,0.000,0.00
1777904252,loop25,0.00,0.00,0.000,0.000,0.00
1777904252,loop26,0.00,0.00,0.000,0.000,0.00
1777904252,loop27,0.00,0.00,0.000,0.000,0.00
1777904252,loop28,0.00,0.00,0.000,0.000,0.00
1777904252,loop29,0.00,0.00,0.000,0.000,0.00
1777904252,loop3,0.00,0.00,0.000,0.000,0.00
1777904252,loop30,0.00,0.00,0.000,0.000,0.00
1777904252,loop31,0.00,0.00,0.000,0.000,0.00
1777904252,loop32,0.00,0.00,0.000,0.000,0.00
1777904252,loop33,0.00,0.00,0.000,0.000,0.00
1777904252,loop34,0.00,0.00,0.000,0.000,0.00
1777904252,loop35,0.00,0.00,0.000,0.000,0.00
1777904252,loop36,0.00,0.00,0.000,0.000,0.00
1777904252,loop37,0.00,0.00,0.000,0.000,0.00
1777904252,loop38,0.00,0.00,0.000,0.000,0.00
1777904252,loop39,0.00,0.00,0.000,0.000,0.00
1777904252,loop4,0.00,0.00,0.000,0.000,0.00
1777904252,loop40,0.00,0.00,0.000,0.000,0.00
1777904252,loop5,0.00,0.00,0.000,0.000,0.00
1777904252,loop6,0.00,0.00,0.000,0.000,0.00
1777904252,loop7,0.00,0.00,0.000,0.000,0.00
1777904252,loop8,0.00,0.00,0.000,0.000,0.00
1777904252,loop9,0.00,0.00,0.000,0.000,0.00
1777904252,nvme0n1,0.00,0.00,0.000,0.000,0.10
1777904253,loop0,0.00,0.00,0.000,0.000,0.00
1777904253,loop1,0.00,0.00,0.000,0.000,0.00
1777904253,loop10,0.00,0.00,0.000,0.000,0.00
1777904253,loop11,0.00,0.00,0.000,0.000,0.00
1777904253,loop12,0.00,0.00,0.000,0.000,0.00
1777904253,loop13,0.00,0.00,0.000,0.000,0.00
1777904253,loop14,0.00,0.00,0.000,0.000,0.00
1777904253,loop15,0.00,0.00,0.000,0.000,0.00
1777904253,loop16,0.00,0.00,0.000,0.000,0.00
1777904253,loop17,0.00,0.00,0.000,0.000,0.00
1777904253,loop18,0.00,0.00,0.000,0.000,0.00
1777904253,loop19,0.00,0.00,0.000,0.000,0.00
1777904253,loop2,0.00,0.00,0.000,0.000,0.00
1777904253,loop20,0.00,0.00,0.000,0.000,0.00
1777904253,loop21,0.00,0.00,0.000,0.000,0.00
1777904253,loop22,0.00,0.00,0.000,0.000,0.00
1777904253,loop23,0.00,0.00,0.000,0.000,0.00
1777904253,loop24,0.00,0.00,0.000,0.000,0.00
1777904253,loop25,0.00,0.00,0.000,0.000,0.00
1777904253,loop26,0.00,0.00,0.000,0.000,0.00
1777904253,loop27,0.00,0.00,0.000,0.000,0.00
1777904253,loop28,0.00,0.00,0.000,0.000,0.00
1777904253,loop29,0.00,0.00,0.000,0.000,0.00
1777904253,loop3,0.00,0.00,0.000,0.000,0.00
1777904253,loop30,0.00,0.00,0.000,0.000,0.00
1777904253,loop31,0.00,0.00,0.000,0.000,0.00
1777904253,loop32,0.00,0.00,0.000,0.000,0.00
1777904253,loop33,0.00,0.00,0.000,0.000,0.00
1777904253,loop34,0.00,0.00,0.000,0.000,0.00
1777904253,loop35,0.00,0.00,0.000,0.000,0.00
1777904253,loop36,0.00,0.00,0.000,0.000,0.00
1777904253,loop37,0.00,0.00,0.000,0.000,0.00
1777904253,loop38,0.00,0.00,0.000,0.000,0.00
1777904253,loop39,0.00,0.00,0.000,0.000,0.00
1777904253,loop4,0.00,0.00,0.000,0.000,0.00
1777904253,loop40,0.00,0.00,0.000,0.000,0.00
1777904253,loop5,0.00,0.00,0.000,0.000,0.00
1777904253,loop6,0.00,0.00,0.000,0.000,0.00
1777904253,loop7,0.00,0.00,0.000,0.000,0.00
1777904253,loop8,0.00,0.00,0.000,0.000,0.00
1777904253,loop9,0.00,0.00,0.000,0.000,0.00
1777904253,nvme0n1,0.00,0.00,0.000,0.000,0.00
1777904254,loop0,0.00,0.00,0.000,0.000,0.00
1777904254,loop1,0.00,0.00,0.000,0.000,0.00
1777904254,loop10,0.00,0.00,0.000,0.000,0.00
1777904254,loop11,0.00,0.00,0.000,0.000,0.00
1777904254,loop12,0.00,0.00,0.000,0.000,0.00
1777904254,loop13,0.00,0.00,0.000,0.000,0.00
1777904254,loop14,0.00,0.00,0.000,0.000,0.00
1777904254,loop15,0.00,0.00,0.000,0.000,0.00
1777904254,loop16,0.00,0.00,0.000,0.000,0.00
1777904254,loop17,0.00,0.00,0.000,0.000,0.00
1777904254,loop18,0.00,0.00,0.000,0.000,0.00
1777904254,loop19,0.00,0.00,0.000,0.000,0.00
1777904254,loop2,0.00,0.00,0.000,0.000,0.00
1777904254,loop20,0.00,0.00,0.000,0.000,0.00
1777904254,loop21,0.00,0.00,0.000,0.000,0.00
1777904254,loop22,0.00,0.00,0.000,0.000,0.00
1777904254,loop23,0.00,0.00,0.000,0.000,0.00
1777904254,loop24,0.00,0.00,0.000,0.000,0.00
1777904254,loop25,0.00,0.00,0.000,0.000,0.00
1777904254,loop26,0.00,0.00,0.000,0.000,0.00
1777904254,loop27,0.00,0.00,0.000,0.000,0.00
1777904254,loop28,0.00,0.00,0.000,0.000,0.00
1777904254,loop29,0.00,0.00,0.000,0.000,0.00
1777904254,loop3,0.00,0.00,0.000,0.000,0.00
1777904254,loop30,0.00,0.00,0.000,0.000,0.00
1777904254,loop31,0.00,0.00,0.000,0.000,0.00
1777904254,loop32,0.00,0.00,0.000,0.000,0.00
1777904254,loop33,0.00,0.00,0.000,0.000,0.00
1777904254,loop34,0.00,0.00,0.000,0.000,0.00
1777904254,loop35,0.00,0.00,0.000,0.000,0.00
1777904254,loop36,0.00,0.00,0.000,0.000,0.00
1777904254,loop37,0.00,0.00,0.000,0.000,0.00
1777904254,loop38,0.00,0.00,0.000,0.000,0.00
1777904254,loop39,0.00,0.00,0.000,0.000,0.00
1777904254,loop4,0.00,0.00,0.000,0.000,0.00
1777904254,loop40,0.00,0.00,0.000,0.000,0.00
1777904254,loop5,0.00,0.00,0.000,0.000,0.00
1777904254,loop6,0.00,0.00,0.000,0.000,0.00
1777904254,loop7,0.00,0.00,0.000,0.000,0.00
1777904254,loop8,0.00,0.00,0.000,0.000,0.00
1777904254,loop9,0.00,0.00,0.000,0.000,0.00
1777904254,nvme0n1,0.00,0.00,0.000,0.000,0.00
1777904255,loop0,0.00,0.00,0.000,0.000,0.00
1777904255,loop1,0.00,0.00,0.000,0.000,0.00
1777904255,loop10,0.00,0.00,0.000,0.000,0.00
1777904255,loop11,0.00,0.00,0.000,0.000,0.00
1777904255,loop12,0.00,0.00,0.000,0.000,0.00
1777904255,loop13,0.00,0.00,0.000,0.000,0.00
1777904255,loop14,0.00,0.00,0.000,0.000,0.00
1777904255,loop15,0.00,0.00,0.000,0.000,0.00
1777904255,loop16,0.00,0.00,0.000,0.000,0.00
1777904255,loop17,0.00,0.00,0.000,0.000,0.00
1777904255,loop18,0.00,0.00,0.000,0.000,0.00
1777904255,loop19,0.00,0.00,0.000,0.000,0.00
1777904255,loop2,0.00,0.00,0.000,0.000,0.00
1777904255,loop20,0.00,0.00,0.000,0.000,0.00
1777904255,loop21,0.00,0.00,0.000,0.000,0.00
1777904255,loop22,0.00,0.00,0.000,0.000,0.00
1777904255,loop23,0.00,0.00,0.000,0.000,0.00
1777904255,loop24,0.00,0.00,0.000,0.000,0.00
1777904255,loop25,0.00,0.00,0.000,0.000,0.00
1777904255,loop26,0.00,0.00,0.000,0.000,0.00
1777904255,loop27,0.00,0.00,0.000,0.000,0.00
1777904255,loop28,0.00,0.00,0.000,0.000,0.00
1777904255,loop29,0.00,0.00,0.000,0.000,0.00
1777904255,loop3,0.00,0.00,0.000,0.000,0.00
1777904255,loop30,0.00,0.00,0.000,0.000,0.00
1777904255,loop31,0.00,0.00,0.000,0.000,0.00
1777904255,loop32,0.00,0.00,0.000,0.000,0.00
1777904255,loop33,0.00,0.00,0.000,0.000,0.00
1777904255,loop34,0.00,0.00,0.000,0.000,0.00
1777904255,loop35,0.00,0.00,0.000,0.000,0.00
1777904255,loop36,0.00,0.00,0.000,0.000,0.00
1777904255,loop37,0.00,0.00,0.000,0.000,0.00
1777904255,loop38,0.00,0.00,0.000,0.000,0.00
1777904255,loop39,0.00,0.00,0.000,0.000,0.00
1777904255,loop4,0.00,0.00,0.000,0.000,0.00
1777904255,loop40,0.00,0.00,0.000,0.000,0.00
1777904255,loop5,0.00,0.00,0.000,0.000,0.00
1777904255,loop6,0.00,0.00,0.000,0.000,0.00
1777904255,loop7,0.00,0.00,0.000,0.000,0.00
1777904255,loop8,0.00,0.00,0.000,0.000,0.00
1777904255,loop9,0.00,0.00,0.000,0.000,0.00
1777904255,nvme0n1,0.00,0.00,0.000,0.000,5.80
1777904256,loop0,0.00,0.00,0.000,0.000,0.00
1777904256,loop1,0.00,0.00,0.000,0.000,0.00
1777904256,loop10,0.00,0.00,0.000,0.000,0.00
1777904256,loop11,0.00,0.00,0.000,0.000,0.00
1777904256,loop12,0.00,0.00,0.000,0.000,0.00
1777904256,loop13,0.00,0.00,0.000,0.000,0.00
1777904256,loop14,0.00,0.00,0.000,0.000,0.00
1777904256,loop15,0.00,0.00,0.000,0.000,0.00
1777904256,loop16,0.00,0.00,0.000,0.000,0.00
1777904256,loop17,0.00,0.00,0.000,0.000,0.00
1777904256,loop18,0.00,0.00,0.000,0.000,0.00
1777904256,loop19,0.00,0.00,0.000,0.000,0.00
1777904256,loop2,0.00,0.00,0.000,0.000,0.00
1777904256,loop20,0.00,0.00,0.000,0.000,0.00
1777904256,loop21,0.00,0.00,0.000,0.000,0.00
1777904256,loop22,0.00,0.00,0.000,0.000,0.00
1777904256,loop23,0.00,0.00,0.000,0.000,0.00
1777904256,loop24,0.00,0.00,0.000,0.000,0.00
1777904256,loop25,0.00,0.00,0.000,0.000,0.00
1777904256,loop26,0.00,0.00,0.000,0.000,0.00
1777904256,loop27,0.00,0.00,0.000,0.000,0.00
1777904256,loop28,0.00,0.00,0.000,0.000,0.00
1777904256,loop29,0.00,0.00,0.000,0.000,0.00
1777904256,loop3,0.00,0.00,0.000,0.000,0.00
1777904256,loop30,0.00,0.00,0.000,0.000,0.00
1777904256,loop31,0.00,0.00,0.000,0.000,0.00
1777904256,loop32,0.00,0.00,0.000,0.000,0.00
1777904256,loop33,0.00,0.00,0.000,0.000,0.00
1777904256,loop34,0.00,0.00,0.000,0.000,0.00
1777904256,loop35,0.00,0.00,0.000,0.000,0.00
1777904256,loop36,0.00,0.00,0.000,0.000,0.00
1777904256,loop37,0.00,0.00,0.000,0.000,0.00
1777904256,loop38,0.00,0.00,0.000,0.000,0.00
1777904256,loop39,0.00,0.00,0.000,0.000,0.00
1777904256,loop4,0.00,0.00,0.000,0.000,0.00
1777904256,loop40,0.00,0.00,0.000,0.000,0.00
1777904256,loop5,0.00,0.00,0.000,0.000,0.00
1777904256,loop6,0.00,0.00,0.000,0.000,0.00
1777904256,loop7,0.00,0.00,0.000,0.000,0.00
1777904256,loop8,0.00,0.00,0.000,0.000,0.00
1777904256,loop9,0.00,0.00,0.000,0.000,0.00
1777904256,nvme0n1,0.00,0.00,0.000,0.000,0.00
1777904257,loop0,0.00,0.00,0.000,0.000,0.00
1777904257,loop1,0.00,0.00,0.000,0.000,0.00
1777904257,loop10,0.00,0.00,0.000,0.000,0.00
1777904257,loop11,0.00,0.00,0.000,0.000,0.00
1777904257,loop12,0.00,0.00,0.000,0.000,0.00
1777904257,loop13,0.00,0.00,0.000,0.000,0.00
1777904257,loop14,0.00,0.00,0.000,0.000,0.00
1777904257,loop15,0.00,0.00,0.000,0.000,0.00
1777904257,loop16,0.00,0.00,0.000,0.000,0.00
1777904257,loop17,0.00,0.00,0.000,0.000,0.00
1777904257,loop18,0.00,0.00,0.000,0.000,0.00
1777904257,loop19,0.00,0.00,0.000,0.000,0.00
1777904257,loop2,0.00,0.00,0.000,0.000,0.00
1777904257,loop20,0.00,0.00,0.000,0.000,0.00
1777904257,loop21,0.00,0.00,0.000,0.000,0.00
1777904257,loop22,0.00,0.00,0.000,0.000,0.00
1777904257,loop23,0.00,0.00,0.000,0.000,0.00
1777904257,loop24,0.00,0.00,0.000,0.000,0.00
1777904257,loop25,0.00,0.00,0.000,0.000,0.00
1777904257,loop26,0.00,0.00,0.000,0.000,0.00
1777904257,loop27,0.00,0.00,0.000,0.000,0.00
1777904257,loop28,0.00,0.00,0.000,0.000,0.00
1777904257,loop29,0.00,0.00,0.000,0.000,0.00
1777904257,loop3,0.00,0.00,0.000,0.000,0.00
1777904257,loop30,0.00,0.00,0.000,0.000,0.00
1777904257,loop31,0.00,0.00,0.000,0.000,0.00
1777904257,loop32,0.00,0.00,0.000,0.000,0.00
1777904257,loop33,0.00,0.00,0.000,0.000,0.00
1777904257,loop34,0.00,0.00,0.000,0.000,0.00
1777904257,loop35,0.00,0.00,0.000,0.000,0.00
1777904257,loop36,0.00,0.00,0.000,0.000,0.00
1777904257,loop37,0.00,0.00,0.000,0.000,0.00
1777904257,loop38,0.00,0.00,0.000,0.000,0.00
1777904257,loop39,0.00,0.00,0.000,0.000,0.00
1777904257,loop4,0.00,0.00,0.000,0.000,0.00
1777904257,loop40,0.00,0.00,0.000,0.000,0.00
1777904257,loop5,0.00,0.00,0.000,0.000,0.00
1777904257,loop6,0.00,0.00,0.000,0.000,0.00
1777904257,loop7,0.00,0.00,0.000,0.000,0.00
1777904257,loop8,0.00,0.00,0.000,0.000,0.00
1777904257,loop9,0.00,0.00,0.000,0.000,0.00
1777904257,nvme0n1,0.00,0.00,0.000,0.000,0.00
1777904258,loop0,0.00,0.00,0.000,0.000,0.00
1777904258,loop1,0.00,0.00,0.000,0.000,0.00
1777904258,loop10,0.00,0.00,0.000,0.000,0.00
1777904258,loop11,0.00,0.00,0.000,0.000,0.00
1777904258,loop12,0.00,0.00,0.000,0.000,0.00
1777904258,loop13,0.00,0.00,0.000,0.000,0.00
1777904258,loop14,0.00,0.00,0.000,0.000,0.00
1777904258,loop15,0.00,0.00,0.000,0.000,0.00
1777904258,loop16,0.00,0.00,0.000,0.000,0.00
1777904258,loop17,0.00,0.00,0.000,0.000,0.00
1777904258,loop18,0.00,0.00,0.000,0.000,0.00
1777904258,loop19,0.00,0.00,0.000,0.000,0.00
1777904258,loop2,0.00,0.00,0.000,0.000,0.00
1777904258,loop20,0.00,0.00,0.000,0.000,0.00
1777904258,loop21,0.00,0.00,0.000,0.000,0.00
1777904258,loop22,0.00,0.00,0.000,0.000,0.00
1777904258,loop23,0.00,0.00,0.000,0.000,0.00
1777904258,loop24,0.00,0.00,0.000,0.000,0.00
1777904258,loop25,0.00,0.00,0.000,0.000,0.00
1777904258,loop26,0.00,0.00,0.000,0.000,0.00
1777904258,loop27,0.00,0.00,0.000,0.000,0.00
1777904258,loop28,0.00,0.00,0.000,0.000,0.00
1777904258,loop29,0.00,0.00,0.000,0.000,0.00
1777904258,loop3,0.00,0.00,0.000,0.000,0.00
1777904258,loop30,0.00,0.00,0.000,0.000,0.00
1777904258,loop31,0.00,0.00,0.000,0.000,0.00
1777904258,loop32,0.00,0.00,0.000,0.000,0.00
1777904258,loop33,0.00,0.00,0.000,0.000,0.00
1777904258,loop34,0.00,0.00,0.000,0.000,0.00
1777904258,loop35,0.00,0.00,0.000,0.000,0.00
1777904258,loop36,0.00,0.00,0.000,0.000,0.00
1777904258,loop37,0.00,0.00,0.000,0.000,0.00
1777904258,loop38,0.00,0.00,0.000,0.000,0.00
1777904258,loop39,0.00,0.00,0.000,0.000,0.00
1777904258,loop4,0.00,0.00,0.000,0.000,0.00
1777904258,loop40,0.00,0.00,0.000,0.000,0.00
1777904258,loop5,0.00,0.00,0.000,0.000,0.00
1777904258,loop6,0.00,0.00,0.000,0.000,0.00
1777904258,loop7,0.00,0.00,0.000,0.000,0.00
1777904258,loop8,0.00,0.00,0.000,0.000,0.00
1777904258,loop9,0.00,0.00,0.000,0.000,0.00
1777904258,nvme0n1,0.00,0.00,0.000,0.000,0.00
1777904259,loop0,0.00,0.00,0.000,0.000,0.00
1777904259,loop1,0.00,0.00,0.000,0.000,0.00
1777904259,loop10,0.00,0.00,0.000,0.000,0.00
1777904259,loop11,0.00,0.00,0.000,0.000,0.00
1777904259,loop12,0.00,0.00,0.000,0.000,0.00
1777904259,loop13,0.00,0.00,0.000,0.000,0.00
1777904259,loop14,0.00,0.00,0.000,0.000,0.00
1777904259,loop15,0.00,0.00,0.000,0.000,0.00
1777904259,loop16,0.00,0.00,0.000,0.000,0.00
1777904259,loop17,0.00,0.00,0.000,0.000,0.00
1777904259,loop18,0.00,0.00,0.000,0.000,0.00
1777904259,loop19,0.00,0.00,0.000,0.000,0.00
1777904259,loop2,0.00,0.00,0.000,0.000,0.00
1777904259,loop20,0.00,0.00,0.000,0.000,0.00
1777904259,loop21,0.00,0.00,0.000,0.000,0.00
1777904259,loop22,0.00,0.00,0.000,0.000,0.00
1777904259,loop23,0.00,0.00,0.000,0.000,0.00
1777904259,loop24,0.00,0.00,0.000,0.000,0.00
1777904259,loop25,0.00,0.00,0.000,0.000,0.00
1777904259,loop26,0.00,0.00,0.000,0.000,0.00
1777904259,loop27,0.00,0.00,0.000,0.000,0.00
1777904259,loop28,0.00,0.00,0.000,0.000,0.00
1777904259,loop29,0.00,0.00,0.000,0.000,0.00
1777904259,loop3,0.00,0.00,0.000,0.000,0.00
1777904259,loop30,0.00,0.00,0.000,0.000,0.00
1777904259,loop31,0.00,0.00,0.000,0.000,0.00
1777904259,loop32,0.00,0.00,0.000,0.000,0.00
1777904259,loop33,0.00,0.00,0.000,0.000,0.00
1777904259,loop34,0.00,0.00,0.000,0.000,0.00
1777904259,loop35,0.00,0.00,0.000,0.000,0.00
1777904259,loop36,0.00,0.00,0.000,0.000,0.00
1777904259,loop37,0.00,0.00,0.000,0.000,0.00
1777904259,loop38,0.00,0.00,0.000,0.000,0.00
1777904259,loop39,0.00,0.00,0.000,0.000,0.00
1777904259,loop4,0.00,0.00,0.000,0.000,0.00
1777904259,loop40,0.00,0.00,0.000,0.000,0.00
1777904259,loop5,0.00,0.00,0.000,0.000,0.00
1777904259,loop6,0.00,0.00,0.000,0.000,0.00
1777904259,loop7,0.00,0.00,0.000,0.000,0.00
1777904259,loop8,0.00,0.00,0.000,0.000,0.00
1777904259,loop9,0.00,0.00,0.000,0.000,0.00
1777904259,nvme0n1,0.00,0.00,0.000,0.000,0.00
1777904260,loop0,0.00,0.00,0.000,0.000,0.00
1777904260,loop1,0.00,0.00,0.000,0.000,0.00
1777904260,loop10,0.00,0.00,0.000,0.000,0.00
1777904260,loop11,0.00,0.00,0.000,0.000,0.00
1777904260,loop12,0.00,0.00,0.000,0.000,0.00
1777904260,loop13,0.00,0.00,0.000,0.000,0.00
1777904260,loop14,0.00,0.00,0.000,0.000,0.00
1777904260,loop15,0.00,0.00,0.000,0.000,0.00
1777904260,loop16,0.00,0.00,0.000,0.000,0.00
1777904260,loop17,0.00,0.00,0.000,0.000,0.00
1777904260,loop18,0.00,0.00,0.000,0.000,0.00
1777904260,loop19,0.00,0.00,0.000,0.000,0.00
1777904260,loop2,0.00,0.00,0.000,0.000,0.00
1777904260,loop20,0.00,0.00,0.000,0.000,0.00
1777904260,loop21,0.00,0.00,0.000,0.000,0.00
1777904260,loop22,0.00,0.00,0.000,0.000,0.00
1777904260,loop23,0.00,0.00,0.000,0.000,0.00
1777904260,loop24,0.00,0.00,0.000,0.000,0.00
1777904260,loop25,0.00,0.00,0.000,0.000,0.00
1777904260,loop26,0.00,0.00,0.000,0.000,0.00
1777904260,loop27,0.00,0.00,0.000,0.000,0.00
1777904260,loop28,0.00,0.00,0.000,0.000,0.00
1777904260,loop29,0.00,0.00,0.000,0.000,0.00
1777904260,loop3,0.00,0.00,0.000,0.000,0.00
1777904260,loop30,0.00,0.00,0.000,0.000,0.00
1777904260,loop31,0.00,0.00,0.000,0.000,0.00
1777904260,loop32,0.00,0.00,0.000,0.000,0.00
1777904260,loop33,0.00,0.00,0.000,0.000,0.00
1777904260,loop34,0.00,0.00,0.000,0.000,0.00
1777904260,loop35,0.00,0.00,0.000,0.000,0.00
1777904260,loop36,0.00,0.00,0.000,0.000,0.00
1777904260,loop37,0.00,0.00,0.000,0.000,0.00
1777904260,loop38,0.00,0.00,0.000,0.000,0.00
1777904260,loop39,0.00,0.00,0.000,0.000,0.00
1777904260,loop4,0.00,0.00,0.000,0.000,0.00
1777904260,loop40,0.00,0.00,0.000,0.000,0.00
1777904260,loop5,0.00,0.00,0.000,0.000,0.00
1777904260,loop6,0.00,0.00,0.000,0.000,0.00
1777904260,loop7,0.00,0.00,0.000,0.000,0.00
1777904260,loop8,0.00,0.00,0.000,0.000,0.00
1777904260,loop9,0.00,0.00,0.000,0.000,0.00
1777904260,nvme0n1,0.00,0.00,0.000,0.000,2.40
1777904261,loop0,0.00,0.00,0.000,0.000,0.00
1777904261,loop1,0.00,0.00,0.000,0.000,0.00
1777904261,loop10,0.00,0.00,0.000,0.000,0.00
1777904261,loop11,0.00,0.00,0.000,0.000,0.00
1777904261,loop12,0.00,0.00,0.000,0.000,0.00
1777904261,loop13,0.00,0.00,0.000,0.000,0.00
1777904261,loop14,0.00,0.00,0.000,0.000,0.00
1777904261,loop15,0.00,0.00,0.000,0.000,0.00
1777904261,loop16,0.00,0.00,0.000,0.000,0.00
1777904261,loop17,0.00,0.00,0.000,0.000,0.00
1777904261,loop18,0.00,0.00,0.000,0.000,0.00
1777904261,loop19,0.00,0.00,0.000,0.000,0.00
1777904261,loop2,0.00,0.00,0.000,0.000,0.00
1777904261,loop20,0.00,0.00,0.000,0.000,0.00
1777904261,loop21,0.00,0.00,0.000,0.000,0.00
1777904261,loop22,0.00,0.00,0.000,0.000,0.00
1777904261,loop23,0.00,0.00,0.000,0.000,0.00
1777904261,loop24,0.00,0.00,0.000,0.000,0.00
1777904261,loop25,0.00,0.00,0.000,0.000,0.00
1777904261,loop26,0.00,0.00,0.000,0.000,0.00
1777904261,loop27,0.00,0.00,0.000,0.000,0.00
1777904261,loop28,0.00,0.00,0.000,0.000,0.00
1777904261,loop29,0.00,0.00,0.000,0.000,0.00
1777904261,loop3,0.00,0.00,0.000,0.000,0.00
1777904261,loop30,0.00,0.00,0.000,0.000,0.00
1777904261,loop31,0.00,0.00,0.000,0.000,0.00
1777904261,loop32,0.00,0.00,0.000,0.000,0.00
1777904261,loop33,0.00,0.00,0.000,0.000,0.00
1777904261,loop34,0.00,0.00,0.000,0.000,0.00
1777904261,loop35,0.00,0.00,0.000,0.000,0.00
1777904261,loop36,0.00,0.00,0.000,0.000,0.00
1777904261,loop37,0.00,0.00,0.000,0.000,0.00
1777904261,loop38,0.00,0.00,0.000,0.000,0.00
1777904261,loop39,0.00,0.00,0.000,0.000,0.00
1777904261,loop4,0.00,0.00,0.000,0.000,0.00
1777904261,loop40,0.00,0.00,0.000,0.000,0.00
1777904261,loop5,0.00,0.00,0.000,0.000,0.00
1777904261,loop6,0.00,0.00,0.000,0.000,0.00
1777904261,loop7,0.00,0.00,0.000,0.000,0.00
1777904261,loop8,0.00,0.00,0.000,0.000,0.00
1777904261,loop9,0.00,0.00,0.000,0.000,0.00
1777904261,nvme0n1,0.00,0.00,0.000,0.000,0.50
1777904262,loop0,0.00,0.00,0.000,0.000,0.00
1777904262,loop1,0.00,0.00,0.000,0.000,0.00
1777904262,loop10,0.00,0.00,0.000,0.000,0.00
1777904262,loop11,0.00,0.00,0.000,0.000,0.00
1777904262,loop12,0.00,0.00,0.000,0.000,0.00
1777904262,loop13,0.00,0.00,0.000,0.000,0.00
1777904262,loop14,0.00,0.00,0.000,0.000,0.00
1777904262,loop15,0.00,0.00,0.000,0.000,0.00
1777904262,loop16,0.00,0.00,0.000,0.000,0.00
1777904262,loop17,0.00,0.00,0.000,0.000,0.00
1777904262,loop18,0.00,0.00,0.000,0.000,0.00
1777904262,loop19,0.00,0.00,0.000,0.000,0.00
1777904262,loop2,0.00,0.00,0.000,0.000,0.00
1777904262,loop20,0.00,0.00,0.000,0.000,0.00
1777904262,loop21,0.00,0.00,0.000,0.000,0.00
1777904262,loop22,0.00,0.00,0.000,0.000,0.00
1777904262,loop23,0.00,0.00,0.000,0.000,0.00
1777904262,loop24,0.00,0.00,0.000,0.000,0.00
1777904262,loop25,0.00,0.00,0.000,0.000,0.00
1777904262,loop26,0.00,0.00,0.000,0.000,0.00
1777904262,loop27,0.00,0.00,0.000,0.000,0.00
1777904262,loop28,0.00,0.00,0.000,0.000,0.00
1777904262,loop29,0.00,0.00,0.000,0.000,0.00
1777904262,loop3,0.00,0.00,0.000,0.000,0.00
1777904262,loop30,0.00,0.00,0.000,0.000,0.00
1777904262,loop31,0.00,0.00,0.000,0.000,0.00
1777904262,loop32,0.00,0.00,0.000,0.000,0.00
1777904262,loop33,0.00,0.00,0.000,0.000,0.00
1777904262,loop34,0.00,0.00,0.000,0.000,0.00
1777904262,loop35,0.00,0.00,0.000,0.000,0.00
1777904262,loop36,0.00,0.00,0.000,0.000,0.00
1777904262,loop37,0.00,0.00,0.000,0.000,0.00
1777904262,loop38,0.00,0.00,0.000,0.000,0.00
1777904262,loop39,0.00,0.00,0.000,0.000,0.00
1777904262,loop4,0.00,0.00,0.000,0.000,0.00
1777904262,loop40,0.00,0.00,0.000,0.000,0.00
1777904262,loop5,0.00,0.00,0.000,0.000,0.00
1777904262,loop6,0.00,0.00,0.000,0.000,0.00
1777904262,loop7,0.00,0.00,0.000,0.000,0.00
1777904262,loop8,0.00,0.00,0.000,0.000,0.00
1777904262,loop9,0.00,0.00,0.000,0.000,0.00
1777904262,nvme0n1,0.00,0.00,0.000,0.000,0.00
1777904263,loop0,0.00,0.00,0.000,0.000,0.00
1777904263,loop1,0.00,0.00,0.000,0.000,0.00
1777904263,loop10,0.00,0.00,0.000,0.000,0.00
1777904263,loop11,0.00,0.00,0.000,0.000,0.00
1777904263,loop12,0.00,0.00,0.000,0.000,0.00
1777904263,loop13,0.00,0.00,0.000,0.000,0.00
1777904263,loop14,0.00,0.00,0.000,0.000,0.00
1777904263,loop15,0.00,0.00,0.000,0.000,0.00
1777904263,loop16,0.00,0.00,0.000,0.000,0.00
1777904263,loop17,0.00,0.00,0.000,0.000,0.00
1777904263,loop18,0.00,0.00,0.000,0.000,0.00
1777904263,loop19,0.00,0.00,0.000,0.000,0.00
1777904263,loop2,0.00,0.00,0.000,0.000,0.00
1777904263,loop20,0.00,0.00,0.000,0.000,0.00
1777904263,loop21,0.00,0.00,0.000,0.000,0.00
1777904263,loop22,0.00,0.00,0.000,0.000,0.00
1777904263,loop23,0.00,0.00,0.000,0.000,0.00
1777904263,loop24,0.00,0.00,0.000,0.000,0.00
1777904263,loop25,0.00,0.00,0.000,0.000,0.00
1777904263,loop26,0.00,0.00,0.000,0.000,0.00
1777904263,loop27,0.00,0.00,0.000,0.000,0.00
1777904263,loop28,0.00,0.00,0.000,0.000,0.00
1777904263,loop29,0.00,0.00,0.000,0.000,0.00
1777904263,loop3,0.00,0.00,0.000,0.000,0.00
1777904263,loop30,0.00,0.00,0.000,0.000,0.00
1777904263,loop31,0.00,0.00,0.000,0.000,0.00
1777904263,loop32,0.00,0.00,0.000,0.000,0.00
1777904263,loop33,0.00,0.00,0.000,0.000,0.00
1777904263,loop34,0.00,0.00,0.000,0.000,0.00
1777904263,loop35,0.00,0.00,0.000,0.000,0.00
1777904263,loop36,0.00,0.00,0.000,0.000,0.00
1777904263,loop37,0.00,0.00,0.000,0.000,0.00
1777904263,loop38,0.00,0.00,0.000,0.000,0.00
1777904263,loop39,0.00,0.00,0.000,0.000,0.00
1777904263,loop4,0.00,0.00,0.000,0.000,0.00
1777904263,loop40,0.00,0.00,0.000,0.000,0.00
1777904263,loop5,0.00,0.00,0.000,0.000,0.00
1777904263,loop6,0.00,0.00,0.000,0.000,0.00
1777904263,loop7,0.00,0.00,0.000,0.000,0.00
1777904263,loop8,0.00,0.00,0.000,0.000,0.00
1777904263,loop9,0.00,0.00,0.000,0.000,0.00
1777904263,nvme0n1,0.00,0.00,0.000,0.000,0.00
1777904264,loop0,0.00,0.00,0.000,0.000,0.00
1777904264,loop1,0.00,0.00,0.000,0.000,0.00
1777904264,loop10,0.00,0.00,0.000,0.000,0.00
1777904264,loop11,0.00,0.00,0.000,0.000,0.00
1777904264,loop12,0.00,0.00,0.000,0.000,0.00
1777904264,loop13,0.00,0.00,0.000,0.000,0.00
1777904264,loop14,0.00,0.00,0.000,0.000,0.00
1777904264,loop15,0.00,0.00,0.000,0.000,0.00
1777904264,loop16,0.00,0.00,0.000,0.000,0.00
1777904264,loop17,0.00,0.00,0.000,0.000,0.00
1777904264,loop18,0.00,0.00,0.000,0.000,0.00
1777904264,loop19,0.00,0.00,0.000,0.000,0.00
1777904264,loop2,0.00,0.00,0.000,0.000,0.00
1777904264,loop20,0.00,0.00,0.000,0.000,0.00
1777904264,loop21,0.00,0.00,0.000,0.000,0.00
1777904264,loop22,0.00,0.00,0.000,0.000,0.00
1777904264,loop23,0.00,0.00,0.000,0.000,0.00
1777904264,loop24,0.00,0.00,0.000,0.000,0.00
1777904264,loop25,0.00,0.00,0.000,0.000,0.00
1777904264,loop26,0.00,0.00,0.000,0.000,0.00
1777904264,loop27,0.00,0.00,0.000,0.000,0.00
1777904264,loop28,0.00,0.00,0.000,0.000,0.00
1777904264,loop29,0.00,0.00,0.000,0.000,0.00
1777904264,loop3,0.00,0.00,0.000,0.000,0.00
1777904264,loop30,0.00,0.00,0.000,0.000,0.00
1777904264,loop31,0.00,0.00,0.000,0.000,0.00
1777904264,loop32,0.00,0.00,0.000,0.000,0.00
1777904264,loop33,0.00,0.00,0.000,0.000,0.00
1777904264,loop34,0.00,0.00,0.000,0.000,0.00
1777904264,loop35,0.00,0.00,0.000,0.000,0.00
1777904264,loop36,0.00,0.00,0.000,0.000,0.00
1777904264,loop37,0.00,0.00,0.000,0.000,0.00
1777904264,loop38,0.00,0.00,0.000,0.000,0.00
1777904264,loop39,0.00,0.00,0.000,0.000,0.00
1777904264,loop4,0.00,0.00,0.000,0.000,0.00
1777904264,loop40,0.00,0.00,0.000,0.000,0.00
1777904264,loop5,0.00,0.00,0.000,0.000,0.00
1777904264,loop6,0.00,0.00,0.000,0.000,0.00
1777904264,loop7,0.00,0.00,0.000,0.000,0.00
1777904264,loop8,0.00,0.00,0.000,0.000,0.00
1777904264,loop9,0.00,0.00,0.000,0.000,0.00
1777904264,nvme0n1,4.00,16.00,0.000,0.000,0.10
1777904265,loop0,0.00,0.00,0.000,0.000,0.00
1777904265,loop1,0.00,0.00,0.000,0.000,0.00
1777904265,loop10,0.00,0.00,0.000,0.000,0.00
1777904265,loop11,0.00,0.00,0.000,0.000,0.00
1777904265,loop12,0.00,0.00,0.000,0.000,0.00
1777904265,loop13,0.00,0.00,0.000,0.000,0.00
1777904265,loop14,0.00,0.00,0.000,0.000,0.00
1777904265,loop15,0.00,0.00,0.000,0.000,0.00
1777904265,loop16,0.00,0.00,0.000,0.000,0.00
1777904265,loop17,0.00,0.00,0.000,0.000,0.00
1777904265,loop18,0.00,0.00,0.000,0.000,0.00
1777904265,loop19,0.00,0.00,0.000,0.000,0.00
1777904265,loop2,0.00,0.00,0.000,0.000,0.00
1777904265,loop20,0.00,0.00,0.000,0.000,0.00
1777904265,loop21,0.00,0.00,0.000,0.000,0.00
1777904265,loop22,0.00,0.00,0.000,0.000,0.00
1777904265,loop23,0.00,0.00,0.000,0.000,0.00
1777904265,loop24,0.00,0.00,0.000,0.000,0.00
1777904265,loop25,0.00,0.00,0.000,0.000,0.00
1777904265,loop26,0.00,0.00,0.000,0.000,0.00
1777904265,loop27,0.00,0.00,0.000,0.000,0.00
1777904265,loop28,0.00,0.00,0.000,0.000,0.00
1777904265,loop29,0.00,0.00,0.000,0.000,0.00
1777904265,loop3,0.00,0.00,0.000,0.000,0.00
1777904265,loop30,0.00,0.00,0.000,0.000,0.00
1777904265,loop31,0.00,0.00,0.000,0.000,0.00
1777904265,loop32,0.00,0.00,0.000,0.000,0.00
1777904265,loop33,0.00,0.00,0.000,0.000,0.00
1777904265,loop34,0.00,0.00,0.000,0.000,0.00
1777904265,loop35,0.00,0.00,0.000,0.000,0.00
1777904265,loop36,0.00,0.00,0.000,0.000,0.00
1777904265,loop37,0.00,0.00,0.000,0.000,0.00
1777904265,loop38,0.00,0.00,0.000,0.000,0.00
1777904265,loop39,0.00,0.00,0.000,0.000,0.00
1777904265,loop4,0.00,0.00,0.000,0.000,0.00
1777904265,loop40,0.00,0.00,0.000,0.000,0.00
1777904265,loop5,0.00,0.00,0.000,0.000,0.00
1777904265,loop6,0.00,0.00,0.000,0.000,0.00
1777904265,loop7,0.00,0.00,0.000,0.000,0.00
1777904265,loop8,0.00,0.00,0.000,0.000,0.00
1777904265,loop9,0.00,0.00,0.000,0.000,0.00
1777904265,nvme0n1,0.00,0.00,0.000,0.000,0.10
1777904266,loop0,0.00,0.00,0.000,0.000,0.00
1777904266,loop1,0.00,0.00,0.000,0.000,0.00
1777904266,loop10,0.00,0.00,0.000,0.000,0.00
1777904266,loop11,0.00,0.00,0.000,0.000,0.00
1777904266,loop12,0.00,0.00,0.000,0.000,0.00
1777904266,loop13,0.00,0.00,0.000,0.000,0.00
1777904266,loop14,0.00,0.00,0.000,0.000,0.00
1777904266,loop15,0.00,0.00,0.000,0.000,0.00
1777904266,loop16,0.00,0.00,0.000,0.000,0.00
1777904266,loop17,0.00,0.00,0.000,0.000,0.00
1777904266,loop18,0.00,0.00,0.000,0.000,0.00
1777904266,loop19,0.00,0.00,0.000,0.000,0.00
1777904266,loop2,0.00,0.00,0.000,0.000,0.00
1777904266,loop20,0.00,0.00,0.000,0.000,0.00
1777904266,loop21,0.00,0.00,0.000,0.000,0.00
1777904266,loop22,0.00,0.00,0.000,0.000,0.00
1777904266,loop23,0.00,0.00,0.000,0.000,0.00
1777904266,loop24,0.00,0.00,0.000,0.000,0.00
1777904266,loop25,0.00,0.00,0.000,0.000,0.00
1777904266,loop26,0.00,0.00,0.000,0.000,0.00
1777904266,loop27,0.00,0.00,0.000,0.000,0.00
1777904266,loop28,0.00,0.00,0.000,0.000,0.00
1777904266,loop29,0.00,0.00,0.000,0.000,0.00
1777904266,loop3,0.00,0.00,0.000,0.000,0.00
1777904266,loop30,0.00,0.00,0.000,0.000,0.00
1777904266,loop31,0.00,0.00,0.000,0.000,0.00
1777904266,loop32,0.00,0.00,0.000,0.000,0.00
1777904266,loop33,0.00,0.00,0.000,0.000,0.00
1777904266,loop34,0.00,0.00,0.000,0.000,0.00
1777904266,loop35,0.00,0.00,0.000,0.000,0.00
1777904266,loop36,0.00,0.00,0.000,0.000,0.00
1777904266,loop37,0.00,0.00,0.000,0.000,0.00
1777904266,loop38,0.00,0.00,0.000,0.000,0.00
1777904266,loop39,0.00,0.00,0.000,0.000,0.00
1777904266,loop4,0.00,0.00,0.000,0.000,0.00
1777904266,loop40,0.00,0.00,0.000,0.000,0.00
1777904266,loop5,0.00,0.00,0.000,0.000,0.00
1777904266,loop6,0.00,0.00,0.000,0.000,0.00
1777904266,loop7,0.00,0.00,0.000,0.000,0.00
1777904266,loop8,0.00,0.00,0.000,0.000,0.00
1777904266,loop9,0.00,0.00,0.000,0.000,0.00
1777904266,nvme0n1,0.00,0.00,0.000,0.000,0.30
1777904267,loop0,0.00,0.00,0.000,0.000,0.00
1777904267,loop1,0.00,0.00,0.000,0.000,0.00
1777904267,loop10,0.00,0.00,0.000,0.000,0.00
1777904267,loop11,0.00,0.00,0.000,0.000,0.00
1777904267,loop12,0.00,0.00,0.000,0.000,0.00
1777904267,loop13,0.00,0.00,0.000,0.000,0.00
1777904267,loop14,0.00,0.00,0.000,0.000,0.00
1777904267,loop15,0.00,0.00,0.000,0.000,0.00
1777904267,loop16,0.00,0.00,0.000,0.000,0.00
1777904267,loop17,0.00,0.00,0.000,0.000,0.00
1777904267,loop18,0.00,0.00,0.000,0.000,0.00
1777904267,loop19,0.00,0.00,0.000,0.000,0.00
1777904267,loop2,0.00,0.00,0.000,0.000,0.00
1777904267,loop20,0.00,0.00,0.000,0.000,0.00
1777904267,loop21,0.00,0.00,0.000,0.000,0.00
1777904267,loop22,0.00,0.00,0.000,0.000,0.00
1777904267,loop23,0.00,0.00,0.000,0.000,0.00
1777904267,loop24,0.00,0.00,0.000,0.000,0.00
1777904267,loop25,0.00,0.00,0.000,0.000,0.00
1777904267,loop26,0.00,0.00,0.000,0.000,0.00
1777904267,loop27,0.00,0.00,0.000,0.000,0.00
1777904267,loop28,0.00,0.00,0.000,0.000,0.00
1777904267,loop29,0.00,0.00,0.000,0.000,0.00
1777904267,loop3,0.00,0.00,0.000,0.000,0.00
1777904267,loop30,0.00,0.00,0.000,0.000,0.00
1777904267,loop31,0.00,0.00,0.000,0.000,0.00
1777904267,loop32,0.00,0.00,0.000,0.000,0.00
1777904267,loop33,0.00,0.00,0.000,0.000,0.00
1777904267,loop34,0.00,0.00,0.000,0.000,0.00
1777904267,loop35,0.00,0.00,0.000,0.000,0.00
1777904267,loop36,0.00,0.00,0.000,0.000,0.00
1777904267,loop37,0.00,0.00,0.000,0.000,0.00
1777904267,loop38,0.00,0.00,0.000,0.000,0.00
1777904267,loop39,0.00,0.00,0.000,0.000,0.00
1777904267,loop4,0.00,0.00,0.000,0.000,0.00
1777904267,loop40,0.00,0.00,0.000,0.000,0.00
1777904267,loop5,0.00,0.00,0.000,0.000,0.00
1777904267,loop6,0.00,0.00,0.000,0.000,0.00
1777904267,loop7,0.00,0.00,0.000,0.000,0.00
1777904267,loop8,0.00,0.00,0.000,0.000,0.00
1777904267,loop9,0.00,0.00,0.000,0.000,0.00
1777904267,nvme0n1,0.00,0.00,0.000,0.000,0.00
1777904268,loop0,0.00,0.00,0.000,0.000,0.00
1777904268,loop1,0.00,0.00,0.000,0.000,0.00
1777904268,loop10,0.00,0.00,0.000,0.000,0.00
1777904268,loop11,0.00,0.00,0.000,0.000,0.00
1777904268,loop12,0.00,0.00,0.000,0.000,0.00
1777904268,loop13,0.00,0.00,0.000,0.000,0.00
1777904268,loop14,0.00,0.00,0.000,0.000,0.00
1777904268,loop15,0.00,0.00,0.000,0.000,0.00
1777904268,loop16,0.00,0.00,0.000,0.000,0.00
1777904268,loop17,0.00,0.00,0.000,0.000,0.00
1777904268,loop18,0.00,0.00,0.000,0.000,0.00
1777904268,loop19,0.00,0.00,0.000,0.000,0.00
1777904268,loop2,0.00,0.00,0.000,0.000,0.00
1777904268,loop20,0.00,0.00,0.000,0.000,0.00
1777904268,loop21,0.00,0.00,0.000,0.000,0.00
1777904268,loop22,0.00,0.00,0.000,0.000,0.00
1777904268,loop23,0.00,0.00,0.000,0.000,0.00
1777904268,loop24,0.00,0.00,0.000,0.000,0.00
1777904268,loop25,0.00,0.00,0.000,0.000,0.00
1777904268,loop26,0.00,0.00,0.000,0.000,0.00
1777904268,loop27,0.00,0.00,0.000,0.000,0.00
1777904268,loop28,0.00,0.00,0.000,0.000,0.00
1777904268,loop29,0.00,0.00,0.000,0.000,0.00
1777904268,loop3,0.00,0.00,0.000,0.000,0.00
1777904268,loop30,0.00,0.00,0.000,0.000,0.00
1777904268,loop31,0.00,0.00,0.000,0.000,0.00
1777904268,loop32,0.00,0.00,0.000,0.000,0.00
1777904268,loop33,0.00,0.00,0.000,0.000,0.00
1777904268,loop34,0.00,0.00,0.000,0.000,0.00
1777904268,loop35,0.00,0.00,0.000,0.000,0.00
1777904268,loop36,0.00,0.00,0.000,0.000,0.00
1777904268,loop37,0.00,0.00,0.000,0.000,0.00
1777904268,loop38,0.00,0.00,0.000,0.000,0.00
1777904268,loop39,0.00,0.00,0.000,0.000,0.00
1777904268,loop4,0.00,0.00,0.000,0.000,0.00
1777904268,loop40,0.00,0.00,0.000,0.000,0.00
1777904268,loop5,0.00,0.00,0.000,0.000,0.00
1777904268,loop6,0.00,0.00,0.000,0.000,0.00
1777904268,loop7,0.00,0.00,0.000,0.000,0.00
1777904268,loop8,0.00,0.00,0.000,0.000,0.00
1777904268,loop9,0.00,0.00,0.000,0.000,0.00
1777904268,nvme0n1,3.00,16.00,0.001,0.024,0.80
1777904269,loop0,0.00,0.00,0.000,0.000,0.00
1777904269,loop1,0.00,0.00,0.000,0.000,0.00
1777904269,loop10,0.00,0.00,0.000,0.000,0.00
1777904269,loop11,0.00,0.00,0.000,0.000,0.00
1777904269,loop12,0.00,0.00,0.000,0.000,0.00
1777904269,loop13,0.00,0.00,0.000,0.000,0.00
1777904269,loop14,0.00,0.00,0.000,0.000,0.00
1777904269,loop15,0.00,0.00,0.000,0.000,0.00
1777904269,loop16,0.00,0.00,0.000,0.000,0.00
1777904269,loop17,0.00,0.00,0.000,0.000,0.00
1777904269,loop18,0.00,0.00,0.000,0.000,0.00
1777904269,loop19,0.00,0.00,0.000,0.000,0.00
1777904269,loop2,0.00,0.00,0.000,0.000,0.00
1777904269,loop20,0.00,0.00,0.000,0.000,0.00
1777904269,loop21,0.00,0.00,0.000,0.000,0.00
1777904269,loop22,0.00,0.00,0.000,0.000,0.00
1777904269,loop23,0.00,0.00,0.000,0.000,0.00
1777904269,loop24,0.00,0.00,0.000,0.000,0.00
1777904269,loop25,0.00,0.00,0.000,0.000,0.00
1777904269,loop26,0.00,0.00,0.000,0.000,0.00
1777904269,loop27,0.00,0.00,0.000,0.000,0.00
1777904269,loop28,0.00,0.00,0.000,0.000,0.00
1777904269,loop29,0.00,0.00,0.000,0.000,0.00
1777904269,loop3,0.00,0.00,0.000,0.000,0.00
1777904269,loop30,0.00,0.00,0.000,0.000,0.00
1777904269,loop31,0.00,0.00,0.000,0.000,0.00
1777904269,loop32,0.00,0.00,0.000,0.000,0.00
1777904269,loop33,0.00,0.00,0.000,0.000,0.00
1777904269,loop34,0.00,0.00,0.000,0.000,0.00
1777904269,loop35,0.00,0.00,0.000,0.000,0.00
1777904269,loop36,0.00,0.00,0.000,0.000,0.00
1777904269,loop37,0.00,0.00,0.000,0.000,0.00
1777904269,loop38,0.00,0.00,0.000,0.000,0.00
1777904269,loop39,0.00,0.00,0.000,0.000,0.00
1777904269,loop4,0.00,0.00,0.000,0.000,0.00
1777904269,loop40,0.00,0.00,0.000,0.000,0.00
1777904269,loop5,0.00,0.00,0.000,0.000,0.00
1777904269,loop6,0.00,0.00,0.000,0.000,0.00
1777904269,loop7,0.00,0.00,0.000,0.000,0.00
1777904269,loop8,0.00,0.00,0.000,0.000,0.00
1777904269,loop9,0.00,0.00,0.000,0.000,0.00
1777904269,nvme0n1,3.00,12.00,0.000,0.000,0.10
1777904270,loop0,0.00,0.00,0.000,0.000,0.00
1777904270,loop1,0.00,0.00,0.000,0.000,0.00
1777904270,loop10,0.00,0.00,0.000,0.000,0.00
1777904270,loop11,0.00,0.00,0.000,0.000,0.00
1777904270,loop12,0.00,0.00,0.000,0.000,0.00
1777904270,loop13,0.00,0.00,0.000,0.000,0.00
1777904270,loop14,0.00,0.00,0.000,0.000,0.00
1777904270,loop15,0.00,0.00,0.000,0.000,0.00
1777904270,loop16,0.00,0.00,0.000,0.000,0.00
1777904270,loop17,0.00,0.00,0.000,0.000,0.00
1777904270,loop18,0.00,0.00,0.000,0.000,0.00
1777904270,loop19,0.00,0.00,0.000,0.000,0.00
1777904270,loop2,0.00,0.00,0.000,0.000,0.00
1777904270,loop20,0.00,0.00,0.000,0.000,0.00
1777904270,loop21,0.00,0.00,0.000,0.000,0.00
1777904270,loop22,0.00,0.00,0.000,0.000,0.00
1777904270,loop23,0.00,0.00,0.000,0.000,0.00
1777904270,loop24,0.00,0.00,0.000,0.000,0.00
1777904270,loop25,0.00,0.00,0.000,0.000,0.00
1777904270,loop26,0.00,0.00,0.000,0.000,0.00
1777904270,loop27,0.00,0.00,0.000,0.000,0.00
1777904270,loop28,0.00,0.00,0.000,0.000,0.00
1777904270,loop29,0.00,0.00,0.000,0.000,0.00
1777904270,loop3,0.00,0.00,0.000,0.000,0.00
1777904270,loop30,0.00,0.00,0.000,0.000,0.00
1777904270,loop31,0.00,0.00,0.000,0.000,0.00
1777904270,loop32,0.00,0.00,0.000,0.000,0.00
1777904270,loop33,0.00,0.00,0.000,0.000,0.00
1777904270,loop34,0.00,0.00,0.000,0.000,0.00
1777904270,loop35,0.00,0.00,0.000,0.000,0.00
1777904270,loop36,0.00,0.00,0.000,0.000,0.00
1777904270,loop37,0.00,0.00,0.000,0.000,0.00
1777904270,loop38,0.00,0.00,0.000,0.000,0.00
1777904270,loop39,0.00,0.00,0.000,0.000,0.00
1777904270,loop4,0.00,0.00,0.000,0.000,0.00
1777904270,loop40,0.00,0.00,0.000,0.000,0.00
1777904270,loop5,0.00,0.00,0.000,0.000,0.00
1777904270,loop6,0.00,0.00,0.000,0.000,0.00
1777904270,loop7,0.00,0.00,0.000,0.000,0.00
1777904270,loop8,0.00,0.00,0.000,0.000,0.00
1777904270,loop9,0.00,0.00,0.000,0.000,0.00
1777904270,nvme0n1,0.00,0.00,0.000,0.000,0.00
1777904271,loop0,0.00,0.00,0.000,0.000,0.00
1777904271,loop1,0.00,0.00,0.000,0.000,0.00
1777904271,loop10,0.00,0.00,0.000,0.000,0.00
1777904271,loop11,0.00,0.00,0.000,0.000,0.00
1777904271,loop12,0.00,0.00,0.000,0.000,0.00
1777904271,loop13,0.00,0.00,0.000,0.000,0.00
1777904271,loop14,0.00,0.00,0.000,0.000,0.00
1777904271,loop15,0.00,0.00,0.000,0.000,0.00
1777904271,loop16,0.00,0.00,0.000,0.000,0.00
1777904271,loop17,0.00,0.00,0.000,0.000,0.00
1777904271,loop18,0.00,0.00,0.000,0.000,0.00
1777904271,loop19,0.00,0.00,0.000,0.000,0.00
1777904271,loop2,0.00,0.00,0.000,0.000,0.00
1777904271,loop20,0.00,0.00,0.000,0.000,0.00
1777904271,loop21,0.00,0.00,0.000,0.000,0.00
1777904271,loop22,0.00,0.00,0.000,0.000,0.00
1777904271,loop23,0.00,0.00,0.000,0.000,0.00
1777904271,loop24,0.00,0.00,0.000,0.000,0.00
1777904271,loop25,0.00,0.00,0.000,0.000,0.00
1777904271,loop26,0.00,0.00,0.000,0.000,0.00
1777904271,loop27,0.00,0.00,0.000,0.000,0.00
1777904271,loop28,0.00,0.00,0.000,0.000,0.00
1777904271,loop29,0.00,0.00,0.000,0.000,0.00
1777904271,loop3,0.00,0.00,0.000,0.000,0.00
1777904271,loop30,0.00,0.00,0.000,0.000,0.00
1777904271,loop31,0.00,0.00,0.000,0.000,0.00
1777904271,loop32,0.00,0.00,0.000,0.000,0.00
1777904271,loop33,0.00,0.00,0.000,0.000,0.00
1777904271,loop34,0.00,0.00,0.000,0.000,0.00
1777904271,loop35,0.00,0.00,0.000,0.000,0.00
1777904271,loop36,0.00,0.00,0.000,0.000,0.00
1777904271,loop37,0.00,0.00,0.000,0.000,0.00
1777904271,loop38,0.00,0.00,0.000,0.000,0.00
1777904271,loop39,0.00,0.00,0.000,0.000,0.00
1777904271,loop4,0.00,0.00,0.000,0.000,0.00
1777904271,loop40,0.00,0.00,0.000,0.000,0.00
1777904271,loop5,0.00,0.00,0.000,0.000,0.00
1777904271,loop6,0.00,0.00,0.000,0.000,0.00
1777904271,loop7,0.00,0.00,0.000,0.000,0.00
1777904271,loop8,0.00,0.00,0.000,0.000,0.00
1777904271,loop9,0.00,0.00,0.000,0.000,0.00
1777904271,nvme0n1,0.00,0.00,0.000,0.000,0.00
1777904272,loop0,0.00,0.00,0.000,0.000,0.00
1777904272,loop1,0.00,0.00,0.000,0.000,0.00
1777904272,loop10,0.00,0.00,0.000,0.000,0.00
1777904272,loop11,0.00,0.00,0.000,0.000,0.00
1777904272,loop12,0.00,0.00,0.000,0.000,0.00
1777904272,loop13,0.00,0.00,0.000,0.000,0.00
1777904272,loop14,0.00,0.00,0.000,0.000,0.00
1777904272,loop15,0.00,0.00,0.000,0.000,0.00
1777904272,loop16,0.00,0.00,0.000,0.000,0.00
1777904272,loop17,0.00,0.00,0.000,0.000,0.00
1777904272,loop18,0.00,0.00,0.000,0.000,0.00
1777904272,loop19,0.00,0.00,0.000,0.000,0.00
1777904272,loop2,0.00,0.00,0.000,0.000,0.00
1777904272,loop20,0.00,0.00,0.000,0.000,0.00
1777904272,loop21,0.00,0.00,0.000,0.000,0.00
1777904272,loop22,0.00,0.00,0.000,0.000,0.00
1777904272,loop23,0.00,0.00,0.000,0.000,0.00
1777904272,loop24,0.00,0.00,0.000,0.000,0.00
1777904272,loop25,0.00,0.00,0.000,0.000,0.00
1777904272,loop26,0.00,0.00,0.000,0.000,0.00
1777904272,loop27,0.00,0.00,0.000,0.000,0.00
1777904272,loop28,0.00,0.00,0.000,0.000,0.00
1777904272,loop29,0.00,0.00,0.000,0.000,0.00
1777904272,loop3,0.00,0.00,0.000,0.000,0.00
1777904272,loop30,0.00,0.00,0.000,0.000,0.00
1777904272,loop31,0.00,0.00,0.000,0.000,0.00
1777904272,loop32,0.00,0.00,0.000,0.000,0.00
1777904272,loop33,0.00,0.00,0.000,0.000,0.00
1777904272,loop34,0.00,0.00,0.000,0.000,0.00
1777904272,loop35,0.00,0.00,0.000,0.000,0.00
1777904272,loop36,0.00,0.00,0.000,0.000,0.00
1777904272,loop37,0.00,0.00,0.000,0.000,0.00
1777904272,loop38,0.00,0.00,0.000,0.000,0.00
1777904272,loop39,0.00,0.00,0.000,0.000,0.00
1777904272,loop4,0.00,0.00,0.000,0.000,0.00
1777904272,loop40,0.00,0.00,0.000,0.000,0.00
1777904272,loop5,0.00,0.00,0.000,0.000,0.00
1777904272,loop6,0.00,0.00,0.000,0.000,0.00
1777904272,loop7,0.00,0.00,0.000,0.000,0.00
1777904272,loop8,0.00,0.00,0.000,0.000,0.00
1777904272,loop9,0.00,0.00,0.000,0.000,0.00
1777904272,nvme0n1,0.00,0.00,0.000,0.000,0.00
1777904273,loop0,0.00,0.00,0.000,0.000,0.00
1777904273,loop1,0.00,0.00,0.000,0.000,0.00
1777904273,loop10,0.00,0.00,0.000,0.000,0.00
1777904273,loop11,0.00,0.00,0.000,0.000,0.00
1777904273,loop12,0.00,0.00,0.000,0.000,0.00
1777904273,loop13,0.00,0.00,0.000,0.000,0.00
1777904273,loop14,0.00,0.00,0.000,0.000,0.00
1777904273,loop15,0.00,0.00,0.000,0.000,0.00
1777904273,loop16,0.00,0.00,0.000,0.000,0.00
1777904273,loop17,0.00,0.00,0.000,0.000,0.00
1777904273,loop18,0.00,0.00,0.000,0.000,0.00
1777904273,loop19,0.00,0.00,0.000,0.000,0.00
1777904273,loop2,0.00,0.00,0.000,0.000,0.00
1777904273,loop20,0.00,0.00,0.000,0.000,0.00
1777904273,loop21,0.00,0.00,0.000,0.000,0.00
1777904273,loop22,0.00,0.00,0.000,0.000,0.00
1777904273,loop23,0.00,0.00,0.000,0.000,0.00
1777904273,loop24,0.00,0.00,0.000,0.000,0.00
1777904273,loop25,0.00,0.00,0.000,0.000,0.00
1777904273,loop26,0.00,0.00,0.000,0.000,0.00
1777904273,loop27,0.00,0.00,0.000,0.000,0.00
1777904273,loop28,0.00,0.00,0.000,0.000,0.00
1777904273,loop29,0.00,0.00,0.000,0.000,0.00
1777904273,loop3,0.00,0.00,0.000,0.000,0.00
1777904273,loop30,0.00,0.00,0.000,0.000,0.00
1777904273,loop31,0.00,0.00,0.000,0.000,0.00
1777904273,loop32,0.00,0.00,0.000,0.000,0.00
1777904273,loop33,0.00,0.00,0.000,0.000,0.00
1777904273,loop34,0.00,0.00,0.000,0.000,0.00
1777904273,loop35,0.00,0.00,0.000,0.000,0.00
1777904273,loop36,0.00,0.00,0.000,0.000,0.00
1777904273,loop37,0.00,0.00,0.000,0.000,0.00
1777904273,loop38,0.00,0.00,0.000,0.000,0.00
1777904273,loop39,0.00,0.00,0.000,0.000,0.00
1777904273,loop4,0.00,0.00,0.000,0.000,0.00
1777904273,loop40,0.00,0.00,0.000,0.000,0.00
1777904273,loop5,0.00,0.00,0.000,0.000,0.00
1777904273,loop6,0.00,0.00,0.000,0.000,0.00
1777904273,loop7,0.00,0.00,0.000,0.000,0.00
1777904273,loop8,0.00,0.00,0.000,0.000,0.00
1777904273,loop9,0.00,0.00,0.000,0.000,0.00
1777904273,nvme0n1,0.00,0.00,0.000,0.000,5.80
1777904274,loop0,0.00,0.00,0.000,0.000,0.00
1777904274,loop1,0.00,0.00,0.000,0.000,0.00
1777904274,loop10,0.00,0.00,0.000,0.000,0.00
1777904274,loop11,0.00,0.00,0.000,0.000,0.00
1777904274,loop12,0.00,0.00,0.000,0.000,0.00
1777904274,loop13,0.00,0.00,0.000,0.000,0.00
1777904274,loop14,0.00,0.00,0.000,0.000,0.00
1777904274,loop15,0.00,0.00,0.000,0.000,0.00
1777904274,loop16,0.00,0.00,0.000,0.000,0.00
1777904274,loop17,0.00,0.00,0.000,0.000,0.00
1777904274,loop18,0.00,0.00,0.000,0.000,0.00
1777904274,loop19,0.00,0.00,0.000,0.000,0.00
1777904274,loop2,0.00,0.00,0.000,0.000,0.00
1777904274,loop20,0.00,0.00,0.000,0.000,0.00
1777904274,loop21,0.00,0.00,0.000,0.000,0.00
1777904274,loop22,0.00,0.00,0.000,0.000,0.00
1777904274,loop23,0.00,0.00,0.000,0.000,0.00
1777904274,loop24,0.00,0.00,0.000,0.000,0.00
1777904274,loop25,0.00,0.00,0.000,0.000,0.00
1777904274,loop26,0.00,0.00,0.000,0.000,0.00
1777904274,loop27,0.00,0.00,0.000,0.000,0.00
1777904274,loop28,0.00,0.00,0.000,0.000,0.00
1777904274,loop29,0.00,0.00,0.000,0.000,0.00
1777904274,loop3,0.00,0.00,0.000,0.000,0.00
1777904274,loop30,0.00,0.00,0.000,0.000,0.00
1777904274,loop31,0.00,0.00,0.000,0.000,0.00
1777904274,loop32,0.00,0.00,0.000,0.000,0.00
1777904274,loop33,0.00,0.00,0.000,0.000,0.00
1777904274,loop34,0.00,0.00,0.000,0.000,0.00
1777904274,loop35,0.00,0.00,0.000,0.000,0.00
1777904274,loop36,0.00,0.00,0.000,0.000,0.00
1777904274,loop37,0.00,0.00,0.000,0.000,0.00
1777904274,loop38,0.00,0.00,0.000,0.000,0.00
1777904274,loop39,0.00,0.00,0.000,0.000,0.00
1777904274,loop4,0.00,0.00,0.000,0.000,0.00
1777904274,loop40,0.00,0.00,0.000,0.000,0.00
1777904274,loop5,0.00,0.00,0.000,0.000,0.00
1777904274,loop6,0.00,0.00,0.000,0.000,0.00
1777904274,loop7,0.00,0.00,0.000,0.000,0.00
1777904274,loop8,0.00,0.00,0.000,0.000,0.00
1777904274,loop9,0.00,0.00,0.000,0.000,0.00
1777904274,nvme0n1,0.00,0.00,0.000,0.000,0.00
1777904275,loop0,0.00,0.00,0.000,0.000,0.00
1777904275,loop1,0.00,0.00,0.000,0.000,0.00
1777904275,loop10,0.00,0.00,0.000,0.000,0.00
1777904275,loop11,0.00,0.00,0.000,0.000,0.00
1777904275,loop12,0.00,0.00,0.000,0.000,0.00
1777904275,loop13,0.00,0.00,0.000,0.000,0.00
1777904275,loop14,0.00,0.00,0.000,0.000,0.00
1777904275,loop15,0.00,0.00,0.000,0.000,0.00
1777904275,loop16,0.00,0.00,0.000,0.000,0.00
1777904275,loop17,0.00,0.00,0.000,0.000,0.00
1777904275,loop18,0.00,0.00,0.000,0.000,0.00
1777904275,loop19,0.00,0.00,0.000,0.000,0.00
1777904275,loop2,0.00,0.00,0.000,0.000,0.00
1777904275,loop20,0.00,0.00,0.000,0.000,0.00
1777904275,loop21,0.00,0.00,0.000,0.000,0.00
1777904275,loop22,0.00,0.00,0.000,0.000,0.00
1777904275,loop23,0.00,0.00,0.000,0.000,0.00
1777904275,loop24,0.00,0.00,0.000,0.000,0.00
1777904275,loop25,0.00,0.00,0.000,0.000,0.00
1777904275,loop26,0.00,0.00,0.000,0.000,0.00
1777904275,loop27,0.00,0.00,0.000,0.000,0.00
1777904275,loop28,0.00,0.00,0.000,0.000,0.00
1777904275,loop29,0.00,0.00,0.000,0.000,0.00
1777904275,loop3,0.00,0.00,0.000,0.000,0.00
1777904275,loop30,0.00,0.00,0.000,0.000,0.00
1777904275,loop31,0.00,0.00,0.000,0.000,0.00
1777904275,loop32,0.00,0.00,0.000,0.000,0.00
1777904275,loop33,0.00,0.00,0.000,0.000,0.00
1777904275,loop34,0.00,0.00,0.000,0.000,0.00
1777904275,loop35,0.00,0.00,0.000,0.000,0.00
1777904275,loop36,0.00,0.00,0.000,0.000,0.00
1777904275,loop37,0.00,0.00,0.000,0.000,0.00
1777904275,loop38,0.00,0.00,0.000,0.000,0.00
1777904275,loop39,0.00,0.00,0.000,0.000,0.00
1777904275,loop4,0.00,0.00,0.000,0.000,0.00
1777904275,loop40,0.00,0.00,0.000,0.000,0.00
1777904275,loop5,0.00,0.00,0.000,0.000,0.00
1777904275,loop6,0.00,0.00,0.000,0.000,0.00
1777904275,loop7,0.00,0.00,0.000,0.000,0.00
1777904275,loop8,0.00,0.00,0.000,0.000,0.00
1777904275,loop9,0.00,0.00,0.000,0.000,0.00
1777904275,nvme0n1,0.00,0.00,0.000,0.000,5.00
1777904276,loop0,0.00,0.00,0.000,0.000,0.00
1777904276,loop1,0.00,0.00,0.000,0.000,0.00
1777904276,loop10,0.00,0.00,0.000,0.000,0.00
1777904276,loop11,0.00,0.00,0.000,0.000,0.00
1777904276,loop12,0.00,0.00,0.000,0.000,0.00
1777904276,loop13,0.00,0.00,0.000,0.000,0.00
1777904276,loop14,0.00,0.00,0.000,0.000,0.00
1777904276,loop15,0.00,0.00,0.000,0.000,0.00
1777904276,loop16,0.00,0.00,0.000,0.000,0.00
1777904276,loop17,0.00,0.00,0.000,0.000,0.00
1777904276,loop18,0.00,0.00,0.000,0.000,0.00
1777904276,loop19,0.00,0.00,0.000,0.000,0.00
1777904276,loop2,0.00,0.00,0.000,0.000,0.00
1777904276,loop20,0.00,0.00,0.000,0.000,0.00
1777904276,loop21,0.00,0.00,0.000,0.000,0.00
1777904276,loop22,0.00,0.00,0.000,0.000,0.00
1777904276,loop23,0.00,0.00,0.000,0.000,0.00
1777904276,loop24,0.00,0.00,0.000,0.000,0.00
1777904276,loop25,0.00,0.00,0.000,0.000,0.00
1777904276,loop26,0.00,0.00,0.000,0.000,0.00
1777904276,loop27,0.00,0.00,0.000,0.000,0.00
1777904276,loop28,0.00,0.00,0.000,0.000,0.00
1777904276,loop29,0.00,0.00,0.000,0.000,0.00
1777904276,loop3,0.00,0.00,0.000,0.000,0.00
1777904276,loop30,0.00,0.00,0.000,0.000,0.00
1777904276,loop31,0.00,0.00,0.000,0.000,0.00
1777904276,loop32,0.00,0.00,0.000,0.000,0.00
1777904276,loop33,0.00,0.00,0.000,0.000,0.00
1777904276,loop34,0.00,0.00,0.000,0.000,0.00
1777904276,loop35,0.00,0.00,0.000,0.000,0.00
1777904276,loop36,0.00,0.00,0.000,0.000,0.00
1777904276,loop37,0.00,0.00,0.000,0.000,0.00
1777904276,loop38,0.00,0.00,0.000,0.000,0.00
1777904276,loop39,0.00,0.00,0.000,0.000,0.00
1777904276,loop4,0.00,0.00,0.000,0.000,0.00
1777904276,loop40,0.00,0.00,0.000,0.000,0.00
1777904276,loop5,0.00,0.00,0.000,0.000,0.00
1777904276,loop6,0.00,0.00,0.000,0.000,0.00
1777904276,loop7,0.00,0.00,0.000,0.000,0.00
1777904276,loop8,0.00,0.00,0.000,0.000,0.00
1777904276,loop9,0.00,0.00,0.000,0.000,0.00
1777904276,nvme0n1,0.00,0.00,0.000,0.000,0.00
1777904277,loop0,0.00,0.00,0.000,0.000,0.00
1777904277,loop1,0.00,0.00,0.000,0.000,0.00
1777904277,loop10,0.00,0.00,0.000,0.000,0.00
1777904277,loop11,0.00,0.00,0.000,0.000,0.00
1777904277,loop12,0.00,0.00,0.000,0.000,0.00
1777904277,loop13,0.00,0.00,0.000,0.000,0.00
1777904277,loop14,0.00,0.00,0.000,0.000,0.00
1777904277,loop15,0.00,0.00,0.000,0.000,0.00
1777904277,loop16,0.00,0.00,0.000,0.000,0.00
1777904277,loop17,0.00,0.00,0.000,0.000,0.00
1777904277,loop18,0.00,0.00,0.000,0.000,0.00
1777904277,loop19,0.00,0.00,0.000,0.000,0.00
1777904277,loop2,0.00,0.00,0.000,0.000,0.00
1777904277,loop20,0.00,0.00,0.000,0.000,0.00
1777904277,loop21,0.00,0.00,0.000,0.000,0.00
1777904277,loop22,0.00,0.00,0.000,0.000,0.00
1777904277,loop23,0.00,0.00,0.000,0.000,0.00
1777904277,loop24,0.00,0.00,0.000,0.000,0.00
1777904277,loop25,0.00,0.00,0.000,0.000,0.00
1777904277,loop26,0.00,0.00,0.000,0.000,0.00
1777904277,loop27,0.00,0.00,0.000,0.000,0.00
1777904277,loop28,0.00,0.00,0.000,0.000,0.00
1777904277,loop29,0.00,0.00,0.000,0.000,0.00
1777904277,loop3,0.00,0.00,0.000,0.000,0.00
1777904277,loop30,0.00,0.00,0.000,0.000,0.00
1777904277,loop31,0.00,0.00,0.000,0.000,0.00
1777904277,loop32,0.00,0.00,0.000,0.000,0.00
1777904277,loop33,0.00,0.00,0.000,0.000,0.00
1777904277,loop34,0.00,0.00,0.000,0.000,0.00
1777904277,loop35,0.00,0.00,0.000,0.000,0.00
1777904277,loop36,0.00,0.00,0.000,0.000,0.00
1777904277,loop37,0.00,0.00,0.000,0.000,0.00
1777904277,loop38,0.00,0.00,0.000,0.000,0.00
1777904277,loop39,0.00,0.00,0.000,0.000,0.00
1777904277,loop4,0.00,0.00,0.000,0.000,0.00
1777904277,loop40,0.00,0.00,0.000,0.000,0.00
1777904277,loop5,0.00,0.00,0.000,0.000,0.00
1777904277,loop6,0.00,0.00,0.000,0.000,0.00
1777904277,loop7,0.00,0.00,0.000,0.000,0.00
1777904277,loop8,0.00,0.00,0.000,0.000,0.00
1777904277,loop9,0.00,0.00,0.000,0.000,0.00
1777904277,nvme0n1,0.00,0.00,0.000,0.000,0.00
1777904278,loop0,0.00,0.00,0.000,0.000,0.00
1777904278,loop1,0.00,0.00,0.000,0.000,0.00
1777904278,loop10,0.00,0.00,0.000,0.000,0.00
1777904278,loop11,0.00,0.00,0.000,0.000,0.00
1777904278,loop12,0.00,0.00,0.000,0.000,0.00
1777904278,loop13,0.00,0.00,0.000,0.000,0.00
1777904278,loop14,0.00,0.00,0.000,0.000,0.00
1777904278,loop15,0.00,0.00,0.000,0.000,0.00
1777904278,loop16,0.00,0.00,0.000,0.000,0.00
1777904278,loop17,0.00,0.00,0.000,0.000,0.00
1777904278,loop18,0.00,0.00,0.000,0.000,0.00
1777904278,loop19,0.00,0.00,0.000,0.000,0.00
1777904278,loop2,0.00,0.00,0.000,0.000,0.00
1777904278,loop20,0.00,0.00,0.000,0.000,0.00
1777904278,loop21,0.00,0.00,0.000,0.000,0.00
1777904278,loop22,0.00,0.00,0.000,0.000,0.00
1777904278,loop23,0.00,0.00,0.000,0.000,0.00
1777904278,loop24,0.00,0.00,0.000,0.000,0.00
1777904278,loop25,0.00,0.00,0.000,0.000,0.00
1777904278,loop26,0.00,0.00,0.000,0.000,0.00
1777904278,loop27,0.00,0.00,0.000,0.000,0.00
1777904278,loop28,0.00,0.00,0.000,0.000,0.00
1777904278,loop29,0.00,0.00,0.000,0.000,0.00
1777904278,loop3,0.00,0.00,0.000,0.000,0.00
1777904278,loop30,0.00,0.00,0.000,0.000,0.00
1777904278,loop31,0.00,0.00,0.000,0.000,0.00
1777904278,loop32,0.00,0.00,0.000,0.000,0.00
1777904278,loop33,0.00,0.00,0.000,0.000,0.00
1777904278,loop34,0.00,0.00,0.000,0.000,0.00
1777904278,loop35,0.00,0.00,0.000,0.000,0.00
1777904278,loop36,0.00,0.00,0.000,0.000,0.00
1777904278,loop37,0.00,0.00,0.000,0.000,0.00
1777904278,loop38,0.00,0.00,0.000,0.000,0.00
1777904278,loop39,0.00,0.00,0.000,0.000,0.00
1777904278,loop4,0.00,0.00,0.000,0.000,0.00
1777904278,loop40,0.00,0.00,0.000,0.000,0.00
1777904278,loop5,0.00,0.00,0.000,0.000,0.00
1777904278,loop6,0.00,0.00,0.000,0.000,0.00
1777904278,loop7,0.00,0.00,0.000,0.000,0.00
1777904278,loop8,0.00,0.00,0.000,0.000,0.00
1777904278,loop9,0.00,0.00,0.000,0.000,0.00
1777904278,nvme0n1,0.00,0.00,0.000,0.000,5.80
