t_unix,device,r_iops,w_iops,r_mb_s,w_mb_s,util_pct
1777916706,loop0,0.00,0.00,0.000,0.000,0.00
1777916706,loop1,0.00,0.00,0.000,0.000,0.00
1777916706,loop10,0.00,0.00,0.000,0.000,0.00
1777916706,loop11,0.00,0.00,0.000,0.000,0.00
1777916706,loop12,0.00,0.00,0.000,0.000,0.00
1777916706,loop13,0.00,0.00,0.000,0.000,0.00
1777916706,loop14,0.00,0.00,0.000,0.000,0.00
1777916706,loop15,0.00,0.00,0.000,0.000,0.00
1777916706,loop16,0.00,0.00,0.000,0.000,0.00
1777916706,loop17,0.00,0.00,0.000,0.000,0.00
1777916706,loop18,0.00,0.00,0.000,0.000,0.00
1777916706,loop19,0.00,0.00,0.000,0.000,0.00
1777916706,loop2,0.00,0.00,0.000,0.000,0.00
1777916706,loop20,0.00,0.00,0.000,0.000,0.00
1777916706,loop21,0.00,0.00,0.000,0.000,0.00
1777916706,loop22,0.00,0.00,0.000,0.000,0.00
1777916706,loop23,0.00,0.00,0.000,0.000,0.00
1777916706,loop24,0.00,0.00,0.000,0.000,0.00
1777916706,loop25,0.00,0.00,0.000,0.000,0.00
1777916706,loop26,0.00,0.00,0.000,0.000,0.00
1777916706,loop27,0.00,0.00,0.000,0.000,0.00
1777916706,loop28,0.00,0.00,0.000,0.000,0.00
1777916706,loop29,0.00,0.00,0.000,0.000,0.00
1777916706,loop3,0.00,0.00,0.000,0.000,0.00
1777916706,loop30,0.00,0.00,0.000,0.000,0.00
1777916706,loop31,0.00,0.00,0.000,0.000,0.00
1777916706,loop32,0.00,0.00,0.000,0.000,0.00
1777916706,loop33,0.00,0.00,0.000,0.000,0.00
1777916706,loop34,0.00,0.00,0.000,0.000,0.00
1777916706,loop35,0.00,0.00,0.000,0.000,0.00
1777916706,loop36,0.00,0.00,0.000,0.000,0.00
1777916706,loop37,0.00,0.00,0.000,0.000,0.00
1777916706,loop38,0.00,0.00,0.000,0.000,0.00
1777916706,loop39,0.00,0.00,0.000,0.000,0.00
1777916706,loop4,0.00,0.00,0.000,0.000,0.00
1777916706,loop40,0.00,0.00,0.000,0.000,0.00
1777916706,loop5,0.00,0.00,0.000,0.000,0.00
1777916706,loop6,0.00,0.00,0.000,0.000,0.00
1777916706,loop7,0.00,0.00,0.000,0.000,0.00
1777916706,loop8,0.00,0.00,0.000,0.000,0.00
1777916706,loop9,0.00,0.00,0.000,0.000,0.00
1777916706,nvme0n1,0.00,0.00,0.000,0.000,0.00
1777916707,loop0,0.00,0.00,0.000,0.000,0.00
1777916707,loop1,0.00,0.00,0.000,0.000,0.00
1777916707,loop10,0.00,0.00,0.000,0.000,0.00
1777916707,loop11,0.00,0.00,0.000,0.000,0.00
1777916707,loop12,0.00,0.00,0.000,0.000,0.00
1777916707,loop13,0.00,0.00,0.000,0.000,0.00
1777916707,loop14,0.00,0.00,0.000,0.000,0.00
1777916707,loop15,0.00,0.00,0.000,0.000,0.00
1777916707,loop16,0.00,0.00,0.000,0.000,0.00
1777916707,loop17,0.00,0.00,0.000,0.000,0.00
1777916707,loop18,0.00,0.00,0.000,0.000,0.00
1777916707,loop19,0.00,0.00,0.000,0.000,0.00
1777916707,loop2,0.00,0.00,0.000,0.000,0.00
1777916707,loop20,0.00,0.00,0.000,0.000,0.00
1777916707,loop21,0.00,0.00,0.000,0.000,0.00
1777916707,loop22,0.00,0.00,0.000,0.000,0.00
1777916707,loop23,0.00,0.00,0.000,0.000,0.00
1777916707,loop24,0.00,0.00,0.000,0.000,0.00
1777916707,loop25,0.00,0.00,0.000,0.000,0.00
1777916707,loop26,0.00,0.00,0.000,0.000,0.00
1777916707,loop27,0.00,0.00,0.000,0.000,0.00
1777916707,loop28,0.00,0.00,0.000,0.000,0.00
1777916707,loop29,0.00,0.00,0.000,0.000,0.00
1777916707,loop3,0.00,0.00,0.000,0.000,0.00
1777916707,loop30,0.00,0.00,0.000,0.000,0.00
1777916707,loop31,0.00,0.00,0.000,0.000,0.00
1777916707,loop32,0.00,0.00,0.000,0.000,0.00
1777916707,loop33,0.00,0.00,0.000,0.000,0.00
1777916707,loop34,0.00,0.00,0.000,0.000,0.00
1777916707,loop35,0.00,0.00,0.000,0.000,0.00
1777916707,loop36,0.00,0.00,0.000,0.000,0.00
1777916707,loop37,0.00,0.00,0.000,0.000,0.00
1777916707,loop38,0.00,0.00,0.000,0.000,0.00
1777916707,loop39,0.00,0.00,0.000,0.000,0.00
1777916707,loop4,0.00,0.00,0.000,0.000,0.00
1777916707,loop40,0.00,0.00,0.000,0.000,0.00
1777916707,loop5,0.00,0.00,0.000,0.000,0.00
1777916707,loop6,0.00,0.00,0.000,0.000,0.00
1777916707,loop7,0.00,0.00,0.000,0.000,0.00
1777916707,loop8,0.00,0.00,0.000,0.000,0.00
1777916707,loop9,0.00,0.00,0.000,0.000,0.00
1777916707,nvme0n1,0.00,0.00,0.000,0.000,0.00
1777916708,loop0,0.00,0.00,0.000,0.000,0.00
1777916708,loop1,0.00,0.00,0.000,0.000,0.00
1777916708,loop10,0.00,0.00,0.000,0.000,0.00
1777916708,loop11,0.00,0.00,0.000,0.000,0.00
1777916708,loop12,0.00,0.00,0.000,0.000,0.00
1777916708,loop13,0.00,0.00,0.000,0.000,0.00
1777916708,loop14,0.00,0.00,0.000,0.000,0.00
1777916708,loop15,0.00,0.00,0.000,0.000,0.00
1777916708,loop16,0.00,0.00,0.000,0.000,0.00
1777916708,loop17,0.00,0.00,0.000,0.000,0.00
1777916708,loop18,0.00,0.00,0.000,0.000,0.00
1777916708,loop19,0.00,0.00,0.000,0.000,0.00
1777916708,loop2,0.00,0.00,0.000,0.000,0.00
1777916708,loop20,0.00,0.00,0.000,0.000,0.00
1777916708,loop21,0.00,0.00,0.000,0.000,0.00
1777916708,loop22,0.00,0.00,0.000,0.000,0.00
1777916708,loop23,0.00,0.00,0.000,0.000,0.00
1777916708,loop24,0.00,0.00,0.000,0.000,0.00
1777916708,loop25,0.00,0.00,0.000,0.000,0.00
1777916708,loop26,0.00,0.00,0.000,0.000,0.00
1777916708,loop27,0.00,0.00,0.000,0.000,0.00
1777916708,loop28,0.00,0.00,0.000,0.000,0.00
1777916708,loop29,0.00,0.00,0.000,0.000,0.00
1777916708,loop3,0.00,0.00,0.000,0.000,0.00
1777916708,loop30,0.00,0.00,0.000,0.000,0.00
1777916708,loop31,0.00,0.00,0.000,0.000,0.00
1777916708,loop32,0.00,0.00,0.000,0.000,0.00
1777916708,loop33,0.00,0.00,0.000,0.000,0.00
1777916708,loop34,0.00,0.00,0.000,0.000,0.00
1777916708,loop35,0.00,0.00,0.000,0.000,0.00
1777916708,loop36,0.00,0.00,0.000,0.000,0.00
1777916708,loop37,0.00,0.00,0.000,0.000,0.00
1777916708,loop38,0.00,0.00,0.000,0.000,0.00
1777916708,loop39,0.00,0.00,0.000,0.000,0.00
1777916708,loop4,0.00,0.00,0.000,0.000,0.00
1777916708,loop40,0.00,0.00,0.000,0.000,0.00
1777916708,loop5,0.00,0.00,0.000,0.000,0.00
1777916708,loop6,0.00,0.00,0.000,0.000,0.00
1777916708,loop7,0.00,0.00,0.000,0.000,0.00
1777916708,loop8,0.00,0.00,0.000,0.000,0.00
1777916708,loop9,0.00,0.00,0.000,0.000,0.00
1777916708,nvme0n1,0.00,0.00,0.000,0.000,0.00
1777916709,loop0,0.00,0.00,0.000,0.000,0.00
1777916709,loop1,0.00,0.00,0.000,0.000,0.00
1777916709,loop10,0.00,0.00,0.000,0.000,0.00
1777916709,loop11,0.00,0.00,0.000,0.000,0.00
1777916709,loop12,0.00,0.00,0.000,0.000,0.00
1777916709,loop13,0.00,0.00,0.000,0.000,0.00
1777916709,loop14,0.00,0.00,0.000,0.000,0.00
1777916709,loop15,0.00,0.00,0.000,0.000,0.00
1777916709,loop16,0.00,0.00,0.000,0.000,0.00
1777916709,loop17,0.00,0.00,0.000,0.000,0.00
1777916709,loop18,0.00,0.00,0.000,0.000,0.00
1777916709,loop19,0.00,0.00,0.000,0.000,0.00
1777916709,loop2,0.00,0.00,0.000,0.000,0.00
1777916709,loop20,0.00,0.00,0.000,0.000,0.00
1777916709,loop21,0.00,0.00,0.000,0.000,0.00
1777916709,loop22,0.00,0.00,0.000,0.000,0.00
1777916709,loop23,0.00,0.00,0.000,0.000,0.00
1777916709,loop24,0.00,0.00,0.000,0.000,0.00
1777916709,loop25,0.00,0.00,0.000,0.000,0.00
1777916709,loop26,0.00,0.00,0.000,0.000,0.00
1777916709,loop27,0.00,0.00,0.000,0.000,0.00
1777916709,loop28,0.00,0.00,0.000,0.000,0.00
1777916709,loop29,0.00,0.00,0.000,0.000,0.00
1777916709,loop3,0.00,0.00,0.000,0.000,0.00
1777916709,loop30,0.00,0.00,0.000,0.000,0.00
1777916709,loop31,0.00,0.00,0.000,0.000,0.00
1777916709,loop32,0.00,0.00,0.000,0.000,0.00
1777916709,loop33,0.00,0.00,0.000,0.000,0.00
1777916709,loop34,0.00,0.00,0.000,0.000,0.00
1777916709,loop35,0.00,0.00,0.000,0.000,0.00
1777916709,loop36,0.00,0.00,0.000,0.000,0.00
1777916709,loop37,0.00,0.00,0.000,0.000,0.00
1777916709,loop38,0.00,0.00,0.000,0.000,0.00
1777916709,loop39,0.00,0.00,0.000,0.000,0.00
1777916709,loop4,0.00,0.00,0.000,0.000,0.00
1777916709,loop40,0.00,0.00,0.000,0.000,0.00
1777916709,loop5,0.00,0.00,0.000,0.000,0.00
1777916709,loop6,0.00,0.00,0.000,0.000,0.00
1777916709,loop7,0.00,0.00,0.000,0.000,0.00
1777916709,loop8,0.00,0.00,0.000,0.000,0.00
1777916709,loop9,0.00,0.00,0.000,0.000,0.00
1777916709,nvme0n1,0.00,0.00,0.000,0.000,5.80
1777916710,loop0,0.00,0.00,0.000,0.000,0.00
1777916710,loop1,0.00,0.00,0.000,0.000,0.00
1777916710,loop10,0.00,0.00,0.000,0.000,0.00
1777916710,loop11,0.00,0.00,0.000,0.000,0.00
1777916710,loop12,0.00,0.00,0.000,0.000,0.00
1777916710,loop13,0.00,0.00,0.000,0.000,0.00
1777916710,loop14,0.00,0.00,0.000,0.000,0.00
1777916710,loop15,0.00,0.00,0.000,0.000,0.00
1777916710,loop16,0.00,0.00,0.000,0.000,0.00
1777916710,loop17,0.00,0.00,0.000,0.000,0.00
1777916710,loop18,0.00,0.00,0.000,0.000,0.00
1777916710,loop19,0.00,0.00,0.000,0.000,0.00
1777916710,loop2,0.00,0.00,0.000,0.000,0.00
1777916710,loop20,0.00,0.00,0.000,0.000,0.00
1777916710,loop21,0.00,0.00,0.000,0.000,0.00
1777916710,loop22,0.00,0.00,0.000,0.000,0.00
1777916710,loop23,0.00,0.00,0.000,0.000,0.00
1777916710,loop24,0.00,0.00,0.000,0.000,0.00
1777916710,loop25,0.00,0.00,0.000,0.000,0.00
1777916710,loop26,0.00,0.00,0.000,0.000,0.00
1777916710,loop27,0.00,0.00,0.000,0.000,0.00
1777916710,loop28,0.00,0.00,0.000,0.000,0.00
1777916710,loop29,0.00,0.00,0.000,0.000,0.00
1777916710,loop3,0.00,0.00,0.000,0.000,0.00
1777916710,loop30,0.00,0.00,0.000,0.000,0.00
1777916710,loop31,0.00,0.00,0.000,0.000,0.00
1777916710,loop32,0.00,0.00,0.000,0.000,0.00
1777916710,loop33,0.00,0.00,0.000,0.000,0.00
1777916710,loop34,0.00,0.00,0.000,0.000,0.00
1777916710,loop35,0.00,0.00,0.000,0.000,0.00
1777916710,loop36,0.00,0.00,0.000,0.000,0.00
1777916710,loop37,0.00,0.00,0.000,0.000,0.00
1777916710,loop38,0.00,0.00,0.000,0.000,0.00
1777916710,loop39,0.00,0.00,0.000,0.000,0.00
1777916710,loop4,0.00,0.00,0.000,0.000,0.00
1777916710,loop40,0.00,0.00,0.000,0.000,0.00
1777916710,loop5,0.00,0.00,0.000,0.000,0.00
1777916710,loop6,0.00,0.00,0.000,0.000,0.00
1777916710,loop7,0.00,0.00,0.000,0.000,0.00
1777916710,loop8,0.00,0.00,0.000,0.000,0.00
1777916710,loop9,0.00,0.00,0.000,0.000,0.00
1777916710,nvme0n1,0.00,0.00,0.000,0.000,0.00
1777916711,loop0,0.00,0.00,0.000,0.000,0.00
1777916711,loop1,0.00,0.00,0.000,0.000,0.00
1777916711,loop10,0.00,0.00,0.000,0.000,0.00
1777916711,loop11,0.00,0.00,0.000,0.000,0.00
1777916711,loop12,0.00,0.00,0.000,0.000,0.00
1777916711,loop13,0.00,0.00,0.000,0.000,0.00
1777916711,loop14,0.00,0.00,0.000,0.000,0.00
1777916711,loop15,0.00,0.00,0.000,0.000,0.00
1777916711,loop16,0.00,0.00,0.000,0.000,0.00
1777916711,loop17,0.00,0.00,0.000,0.000,0.00
1777916711,loop18,0.00,0.00,0.000,0.000,0.00
1777916711,loop19,0.00,0.00,0.000,0.000,0.00
1777916711,loop2,0.00,0.00,0.000,0.000,0.00
1777916711,loop20,0.00,0.00,0.000,0.000,0.00
1777916711,loop21,0.00,0.00,0.000,0.000,0.00
1777916711,loop22,0.00,0.00,0.000,0.000,0.00
1777916711,loop23,0.00,0.00,0.000,0.000,0.00
1777916711,loop24,0.00,0.00,0.000,0.000,0.00
1777916711,loop25,0.00,0.00,0.000,0.000,0.00
1777916711,loop26,0.00,0.00,0.000,0.000,0.00
1777916711,loop27,0.00,0.00,0.000,0.000,0.00
1777916711,loop28,0.00,0.00,0.000,0.000,0.00
1777916711,loop29,0.00,0.00,0.000,0.000,0.00
1777916711,loop3,0.00,0.00,0.000,0.000,0.00
1777916711,loop30,0.00,0.00,0.000,0.000,0.00
1777916711,loop31,0.00,0.00,0.000,0.000,0.00
1777916711,loop32,0.00,0.00,0.000,0.000,0.00
1777916711,loop33,0.00,0.00,0.000,0.000,0.00
1777916711,loop34,0.00,0.00,0.000,0.000,0.00
1777916711,loop35,0.00,0.00,0.000,0.000,0.00
1777916711,loop36,0.00,0.00,0.000,0.000,0.00
1777916711,loop37,0.00,0.00,0.000,0.000,0.00
1777916711,loop38,0.00,0.00,0.000,0.000,0.00
1777916711,loop39,0.00,0.00,0.000,0.000,0.00
1777916711,loop4,0.00,0.00,0.000,0.000,0.00
1777916711,loop40,0.00,0.00,0.000,0.000,0.00
1777916711,loop5,0.00,0.00,0.000,0.000,0.00
1777916711,loop6,0.00,0.00,0.000,0.000,0.00
1777916711,loop7,0.00,0.00,0.000,0.000,0.00
1777916711,loop8,0.00,0.00,0.000,0.000,0.00
1777916711,loop9,0.00,0.00,0.000,0.000,0.00
1777916711,nvme0n1,0.00,0.00,0.000,0.000,0.00
1777916712,loop0,0.00,0.00,0.000,0.000,0.00
1777916712,loop1,0.00,0.00,0.000,0.000,0.00
1777916712,loop10,0.00,0.00,0.000,0.000,0.00
1777916712,loop11,0.00,0.00,0.000,0.000,0.00
1777916712,loop12,0.00,0.00,0.000,0.000,0.00
1777916712,loop13,0.00,0.00,0.000,0.000,0.00
1777916712,loop14,0.00,0.00,0.000,0.000,0.00
1777916712,loop15,0.00,0.00,0.000,0.000,0.00
1777916712,loop16,0.00,0.00,0.000,0.000,0.00
1777916712,loop17,0.00,0.00,0.000,0.000,0.00
1777916712,loop18,0.00,0.00,0.000,0.000,0.00
1777916712,loop19,0.00,0.00,0.000,0.000,0.00
1777916712,loop2,0.00,0.00,0.000,0.000,0.00
1777916712,loop20,0.00,0.00,0.000,0.000,0.00
1777916712,loop21,0.00,0.00,0.000,0.000,0.00
1777916712,loop22,0.00,0.00,0.000,0.000,0.00
1777916712,loop23,0.00,0.00,0.000,0.000,0.00
1777916712,loop24,0.00,0.00,0.000,0.000,0.00
1777916712,loop25,0.00,0.00,0.000,0.000,0.00
1777916712,loop26,0.00,0.00,0.000,0.000,0.00
1777916712,loop27,0.00,0.00,0.000,0.000,0.00
1777916712,loop28,0.00,0.00,0.000,0.000,0.00
1777916712,loop29,0.00,0.00,0.000,0.000,0.00
1777916712,loop3,0.00,0.00,0.000,0.000,0.00
1777916712,loop30,0.00,0.00,0.000,0.000,0.00
1777916712,loop31,0.00,0.00,0.000,0.000,0.00
1777916712,loop32,0.00,0.00,0.000,0.000,0.00
1777916712,loop33,0.00,0.00,0.000,0.000,0.00
1777916712,loop34,0.00,0.00,0.000,0.000,0.00
1777916712,loop35,0.00,0.00,0.000,0.000,0.00
1777916712,loop36,0.00,0.00,0.000,0.000,0.00
1777916712,loop37,0.00,0.00,0.000,0.000,0.00
1777916712,loop38,0.00,0.00,0.000,0.000,0.00
1777916712,loop39,0.00,0.00,0.000,0.000,0.00
1777916712,loop4,0.00,0.00,0.000,0.000,0.00
1777916712,loop40,0.00,0.00,0.000,0.000,0.00
1777916712,loop5,0.00,0.00,0.000,0.000,0.00
1777916712,loop6,0.00,0.00,0.000,0.000,0.00
1777916712,loop7,0.00,0.00,0.000,0.000,0.00
1777916712,loop8,0.00,0.00,0.000,0.000,0.00
1777916712,loop9,0.00,0.00,0.000,0.000,0.00
1777916712,nvme0n1,0.00,0.00,0.000,0.000,5.00
1777916713,loop0,0.00,0.00,0.000,0.000,0.00
1777916713,loop1,0.00,0.00,0.000,0.000,0.00
1777916713,loop10,0.00,0.00,0.000,0.000,0.00
1777916713,loop11,0.00,0.00,0.000,0.000,0.00
1777916713,loop12,0.00,0.00,0.000,0.000,0.00
1777916713,loop13,0.00,0.00,0.000,0.000,0.00
1777916713,loop14,0.00,0.00,0.000,0.000,0.00
1777916713,loop15,0.00,0.00,0.000,0.000,0.00
1777916713,loop16,0.00,0.00,0.000,0.000,0.00
1777916713,loop17,0.00,0.00,0.000,0.000,0.00
1777916713,loop18,0.00,0.00,0.000,0.000,0.00
1777916713,loop19,0.00,0.00,0.000,0.000,0.00
1777916713,loop2,0.00,0.00,0.000,0.000,0.00
1777916713,loop20,0.00,0.00,0.000,0.000,0.00
1777916713,loop21,0.00,0.00,0.000,0.000,0.00
1777916713,loop22,0.00,0.00,0.000,0.000,0.00
1777916713,loop23,0.00,0.00,0.000,0.000,0.00
1777916713,loop24,0.00,0.00,0.000,0.000,0.00
1777916713,loop25,0.00,0.00,0.000,0.000,0.00
1777916713,loop26,0.00,0.00,0.000,0.000,0.00
1777916713,loop27,0.00,0.00,0.000,0.000,0.00
1777916713,loop28,0.00,0.00,0.000,0.000,0.00
1777916713,loop29,0.00,0.00,0.000,0.000,0.00
1777916713,loop3,0.00,0.00,0.000,0.000,0.00
1777916713,loop30,0.00,0.00,0.000,0.000,0.00
1777916713,loop31,0.00,0.00,0.000,0.000,0.00
1777916713,loop32,0.00,0.00,0.000,0.000,0.00
1777916713,loop33,0.00,0.00,0.000,0.000,0.00
1777916713,loop34,0.00,0.00,0.000,0.000,0.00
1777916713,loop35,0.00,0.00,0.000,0.000,0.00
1777916713,loop36,0.00,0.00,0.000,0.000,0.00
1777916713,loop37,0.00,0.00,0.000,0.000,0.00
1777916713,loop38,0.00,0.00,0.000,0.000,0.00
1777916713,loop39,0.00,0.00,0.000,0.000,0.00
1777916713,loop4,0.00,0.00,0.000,0.000,0.00
1777916713,loop40,0.00,0.00,0.000,0.000,0.00
1777916713,loop5,0.00,0.00,0.000,0.000,0.00
1777916713,loop6,0.00,0.00,0.000,0.000,0.00
1777916713,loop7,0.00,0.00,0.000,0.000,0.00
1777916713,loop8,0.00,0.00,0.000,0.000,0.00
1777916713,loop9,0.00,0.00,0.000,0.000,0.00
1777916713,nvme0n1,0.00,0.00,0.000,0.000,0.00
1777916714,loop0,0.00,0.00,0.000,0.000,0.00
1777916714,loop1,0.00,0.00,0.000,0.000,0.00
1777916714,loop10,0.00,0.00,0.000,0.000,0.00
1777916714,loop11,0.00,0.00,0.000,0.000,0.00
1777916714,loop12,0.00,0.00,0.000,0.000,0.00
1777916714,loop13,0.00,0.00,0.000,0.000,0.00
1777916714,loop14,0.00,0.00,0.000,0.000,0.00
1777916714,loop15,0.00,0.00,0.000,0.000,0.00
1777916714,loop16,0.00,0.00,0.000,0.000,0.00
1777916714,loop17,0.00,0.00,0.000,0.000,0.00
1777916714,loop18,0.00,0.00,0.000,0.000,0.00
1777916714,loop19,0.00,0.00,0.000,0.000,0.00
1777916714,loop2,0.00,0.00,0.000,0.000,0.00
1777916714,loop20,0.00,0.00,0.000,0.000,0.00
1777916714,loop21,0.00,0.00,0.000,0.000,0.00
1777916714,loop22,0.00,0.00,0.000,0.000,0.00
1777916714,loop23,0.00,0.00,0.000,0.000,0.00
1777916714,loop24,0.00,0.00,0.000,0.000,0.00
1777916714,loop25,0.00,0.00,0.000,0.000,0.00
1777916714,loop26,0.00,0.00,0.000,0.000,0.00
1777916714,loop27,0.00,0.00,0.000,0.000,0.00
1777916714,loop28,0.00,0.00,0.000,0.000,0.00
1777916714,loop29,0.00,0.00,0.000,0.000,0.00
1777916714,loop3,0.00,0.00,0.000,0.000,0.00
1777916714,loop30,0.00,0.00,0.000,0.000,0.00
1777916714,loop31,0.00,0.00,0.000,0.000,0.00
1777916714,loop32,0.00,0.00,0.000,0.000,0.00
1777916714,loop33,0.00,0.00,0.000,0.000,0.00
1777916714,loop34,0.00,0.00,0.000,0.000,0.00
1777916714,loop35,0.00,0.00,0.000,0.000,0.00
1777916714,loop36,0.00,0.00,0.000,0.000,0.00
1777916714,loop37,0.00,0.00,0.000,0.000,0.00
1777916714,loop38,0.00,0.00,0.000,0.000,0.00
1777916714,loop39,0.00,0.00,0.000,0.000,0.00
1777916714,loop4,0.00,0.00,0.000,0.000,0.00
1777916714,loop40,0.00,0.00,0.000,0.000,0.00
1777916714,loop5,0.00,0.00,0.000,0.000,0.00
1777916714,loop6,0.00,0.00,0.000,0.000,0.00
1777916714,loop7,0.00,0.00,0.000,0.000,0.00
1777916714,loop8,0.00,0.00,0.000,0.000,0.00
1777916714,loop9,0.00,0.00,0.000,0.000,0.00
1777916714,nvme0n1,0.00,0.00,0.000,0.000,0.00
1777916715,loop0,0.00,0.00,0.000,0.000,0.00
1777916715,loop1,0.00,0.00,0.000,0.000,0.00
1777916715,loop10,0.00,0.00,0.000,0.000,0.00
1777916715,loop11,0.00,0.00,0.000,0.000,0.00
1777916715,loop12,0.00,0.00,0.000,0.000,0.00
1777916715,loop13,0.00,0.00,0.000,0.000,0.00
1777916715,loop14,0.00,0.00,0.000,0.000,0.00
1777916715,loop15,0.00,0.00,0.000,0.000,0.00
1777916715,loop16,0.00,0.00,0.000,0.000,0.00
1777916715,loop17,0.00,0.00,0.000,0.000,0.00
1777916715,loop18,0.00,0.00,0.000,0.000,0.00
1777916715,loop19,0.00,0.00,0.000,0.000,0.00
1777916715,loop2,0.00,0.00,0.000,0.000,0.00
1777916715,loop20,0.00,0.00,0.000,0.000,0.00
1777916715,loop21,0.00,0.00,0.000,0.000,0.00
1777916715,loop22,0.00,0.00,0.000,0.000,0.00
1777916715,loop23,0.00,0.00,0.000,0.000,0.00
1777916715,loop24,0.00,0.00,0.000,0.000,0.00
1777916715,loop25,0.00,0.00,0.000,0.000,0.00
1777916715,loop26,0.00,0.00,0.000,0.000,0.00
1777916715,loop27,0.00,0.00,0.000,0.000,0.00
1777916715,loop28,0.00,0.00,0.000,0.000,0.00
1777916715,loop29,0.00,0.00,0.000,0.000,0.00
1777916715,loop3,0.00,0.00,0.000,0.000,0.00
1777916715,loop30,0.00,0.00,0.000,0.000,0.00
1777916715,loop31,0.00,0.00,0.000,0.000,0.00
1777916715,loop32,0.00,0.00,0.000,0.000,0.00
1777916715,loop33,0.00,0.00,0.000,0.000,0.00
1777916715,loop34,0.00,0.00,0.000,0.000,0.00
1777916715,loop35,0.00,0.00,0.000,0.000,0.00
1777916715,loop36,0.00,0.00,0.000,0.000,0.00
1777916715,loop37,0.00,0.00,0.000,0.000,0.00
1777916715,loop38,0.00,0.00,0.000,0.000,0.00
1777916715,loop39,0.00,0.00,0.000,0.000,0.00
1777916715,loop4,0.00,0.00,0.000,0.000,0.00
1777916715,loop40,0.00,0.00,0.000,0.000,0.00
1777916715,loop5,0.00,0.00,0.000,0.000,0.00
1777916715,loop6,0.00,0.00,0.000,0.000,0.00
1777916715,loop7,0.00,0.00,0.000,0.000,0.00
1777916715,loop8,0.00,0.00,0.000,0.000,0.00
1777916715,loop9,0.00,0.00,0.000,0.000,0.00
1777916715,nvme0n1,0.00,0.00,0.000,0.000,5.80
1777916716,loop0,0.00,0.00,0.000,0.000,0.00
1777916716,loop1,0.00,0.00,0.000,0.000,0.00
1777916716,loop10,0.00,0.00,0.000,0.000,0.00
1777916716,loop11,0.00,0.00,0.000,0.000,0.00
1777916716,loop12,0.00,0.00,0.000,0.000,0.00
1777916716,loop13,0.00,0.00,0.000,0.000,0.00
1777916716,loop14,0.00,0.00,0.000,0.000,0.00
1777916716,loop15,0.00,0.00,0.000,0.000,0.00
1777916716,loop16,0.00,0.00,0.000,0.000,0.00
1777916716,loop17,0.00,0.00,0.000,0.000,0.00
1777916716,loop18,0.00,0.00,0.000,0.000,0.00
1777916716,loop19,0.00,0.00,0.000,0.000,0.00
1777916716,loop2,0.00,0.00,0.000,0.000,0.00
1777916716,loop20,0.00,0.00,0.000,0.000,0.00
1777916716,loop21,0.00,0.00,0.000,0.000,0.00
1777916716,loop22,0.00,0.00,0.000,0.000,0.00
1777916716,loop23,0.00,0.00,0.000,0.000,0.00
1777916716,loop24,0.00,0.00,0.000,0.000,0.00
1777916716,loop25,0.00,0.00,0.000,0.000,0.00
1777916716,loop26,0.00,0.00,0.000,0.000,0.00
1777916716,loop27,0.00,0.00,0.000,0.000,0.00
1777916716,loop28,0.00,0.00,0.000,0.000,0.00
1777916716,loop29,0.00,0.00,0.000,0.000,0.00
1777916716,loop3,0.00,0.00,0.000,0.000,0.00
1777916716,loop30,0.00,0.00,0.000,0.000,0.00
1777916716,loop31,0.00,0.00,0.000,0.000,0.00
1777916716,loop32,0.00,0.00,0.000,0.000,0.00
1777916716,loop33,0.00,0.00,0.000,0.000,0.00
1777916716,loop34,0.00,0.00,0.000,0.000,0.00
1777916716,loop35,0.00,0.00,0.000,0.000,0.00
1777916716,loop36,0.00,0.00,0.000,0.000,0.00
1777916716,loop37,0.00,0.00,0.000,0.000,0.00
1777916716,loop38,0.00,0.00,0.000,0.000,0.00
1777916716,loop39,0.00,0.00,0.000,0.000,0.00
1777916716,loop4,0.00,0.00,0.000,0.000,0.00
1777916716,loop40,0.00,0.00,0.000,0.000,0.00
1777916716,loop5,0.00,0.00,0.000,0.000,0.00
1777916716,loop6,0.00,0.00,0.000,0.000,0.00
1777916716,loop7,0.00,0.00,0.000,0.000,0.00
1777916716,loop8,0.00,0.00,0.000,0.000,0.00
1777916716,loop9,0.00,0.00,0.000,0.000,0.00
1777916716,nvme0n1,0.00,0.00,0.000,0.000,0.00
1777916717,loop0,0.00,0.00,0.000,0.000,0.00
1777916717,loop1,0.00,0.00,0.000,0.000,0.00
1777916717,loop10,0.00,0.00,0.000,0.000,0.00
1777916717,loop11,0.00,0.00,0.000,0.000,0.00
1777916717,loop12,0.00,0.00,0.000,0.000,0.00
1777916717,loop13,0.00,0.00,0.000,0.000,0.00
1777916717,loop14,0.00,0.00,0.000,0.000,0.00
1777916717,loop15,0.00,0.00,0.000,0.000,0.00
1777916717,loop16,0.00,0.00,0.000,0.000,0.00
1777916717,loop17,0.00,0.00,0.000,0.000,0.00
1777916717,loop18,0.00,0.00,0.000,0.000,0.00
1777916717,loop19,0.00,0.00,0.000,0.000,0.00
1777916717,loop2,0.00,0.00,0.000,0.000,0.00
1777916717,loop20,0.00,0.00,0.000,0.000,0.00
1777916717,loop21,0.00,0.00,0.000,0.000,0.00
1777916717,loop22,0.00,0.00,0.000,0.000,0.00
1777916717,loop23,0.00,0.00,0.000,0.000,0.00
1777916717,loop24,0.00,0.00,0.000,0.000,0.00
1777916717,loop25,0.00,0.00,0.000,0.000,0.00
1777916717,loop26,0.00,0.00,0.000,0.000,0.00
1777916717,loop27,0.00,0.00,0.000,0.000,0.00
1777916717,loop28,0.00,0.00,0.000,0.000,0.00
1777916717,loop29,0.00,0.00,0.000,0.000,0.00
1777916717,loop3,0.00,0.00,0.000,0.000,0.00
1777916717,loop30,0.00,0.00,0.000,0.000,0.00
1777916717,loop31,0.00,0.00,0.000,0.000,0.00
1777916717,loop32,0.00,0.00,0.000,0.000,0.00
1777916717,loop33,0.00,0.00,0.000,0.000,0.00
1777916717,loop34,0.00,0.00,0.000,0.000,0.00
1777916717,loop35,0.00,0.00,0.000,0.000,0.00
1777916717,loop36,0.00,0.00,0.000,0.000,0.00
1777916717,loop37,0.00,0.00,0.000,0.000,0.00
1777916717,loop38,0.00,0.00,0.000,0.000,0.00
1777916717,loop39,0.00,0.00,0.000,0.000,0.00
1777916717,loop4,0.00,0.00,0.000,0.000,0.00
1777916717,loop40,0.00,0.00,0.000,0.000,0.00
1777916717,loop5,0.00,0.00,0.000,0.000,0.00
1777916717,loop6,0.00,0.00,0.000,0.000,0.00
1777916717,loop7,0.00,0.00,0.000,0.000,0.00
1777916717,loop8,0.00,0.00,0.000,0.000,0.00
1777916717,loop9,0.00,0.00,0.000,0.000,0.00
1777916717,nvme0n1,0.00,0.00,0.000,0.000,2.00
1777916718,loop0,0.00,0.00,0.000,0.000,0.00
1777916718,loop1,0.00,0.00,0.000,0.000,0.00
1777916718,loop10,0.00,0.00,0.000,0.000,0.00
1777916718,loop11,0.00,0.00,0.000,0.000,0.00
1777916718,loop12,0.00,0.00,0.000,0.000,0.00
1777916718,loop13,0.00,0.00,0.000,0.000,0.00
1777916718,loop14,0.00,0.00,0.000,0.000,0.00
1777916718,loop15,0.00,0.00,0.000,0.000,0.00
1777916718,loop16,0.00,0.00,0.000,0.000,0.00
1777916718,loop17,0.00,0.00,0.000,0.000,0.00
1777916718,loop18,0.00,0.00,0.000,0.000,0.00
1777916718,loop19,0.00,0.00,0.000,0.000,0.00
1777916718,loop2,0.00,0.00,0.000,0.000,0.00
1777916718,loop20,0.00,0.00,0.000,0.000,0.00
1777916718,loop21,0.00,0.00,0.000,0.000,0.00
1777916718,loop22,0.00,0.00,0.000,0.000,0.00
1777916718,loop23,0.00,0.00,0.000,0.000,0.00
1777916718,loop24,0.00,0.00,0.000,0.000,0.00
1777916718,loop25,0.00,0.00,0.000,0.000,0.00
1777916718,loop26,0.00,0.00,0.000,0.000,0.00
1777916718,loop27,0.00,0.00,0.000,0.000,0.00
1777916718,loop28,0.00,0.00,0.000,0.000,0.00
1777916718,loop29,0.00,0.00,0.000,0.000,0.00
1777916718,loop3,0.00,0.00,0.000,0.000,0.00
1777916718,loop30,0.00,0.00,0.000,0.000,0.00
1777916718,loop31,0.00,0.00,0.000,0.000,0.00
1777916718,loop32,0.00,0.00,0.000,0.000,0.00
1777916718,loop33,0.00,0.00,0.000,0.000,0.00
1777916718,loop34,0.00,0.00,0.000,0.000,0.00
1777916718,loop35,0.00,0.00,0.000,0.000,0.00
1777916718,loop36,0.00,0.00,0.000,0.000,0.00
1777916718,loop37,0.00,0.00,0.000,0.000,0.00
1777916718,loop38,0.00,0.00,0.000,0.000,0.00
1777916718,loop39,0.00,0.00,0.000,0.000,0.00
1777916718,loop4,0.00,0.00,0.000,0.000,0.00
1777916718,loop40,0.00,0.00,0.000,0.000,0.00
1777916718,loop5,0.00,0.00,0.000,0.000,0.00
1777916718,loop6,0.00,0.00,0.000,0.000,0.00
1777916718,loop7,0.00,0.00,0.000,0.000,0.00
1777916718,loop8,0.00,0.00,0.000,0.000,0.00
1777916718,loop9,0.00,0.00,0.000,0.000,0.00
1777916718,nvme0n1,0.00,0.00,0.000,0.000,0.00
1777916719,loop0,0.00,0.00,0.000,0.000,0.00
1777916719,loop1,0.00,0.00,0.000,0.000,0.00
1777916719,loop10,0.00,0.00,0.000,0.000,0.00
1777916719,loop11,0.00,0.00,0.000,0.000,0.00
1777916719,loop12,0.00,0.00,0.000,0.000,0.00
1777916719,loop13,0.00,0.00,0.000,0.000,0.00
1777916719,loop14,0.00,0.00,0.000,0.000,0.00
1777916719,loop15,0.00,0.00,0.000,0.000,0.00
1777916719,loop16,0.00,0.00,0.000,0.000,0.00
1777916719,loop17,0.00,0.00,0.000,0.000,0.00
1777916719,loop18,0.00,0.00,0.000,0.000,0.00
1777916719,loop19,0.00,0.00,0.000,0.000,0.00
1777916719,loop2,0.00,0.00,0.000,0.000,0.00
1777916719,loop20,0.00,0.00,0.000,0.000,0.00
1777916719,loop21,0.00,0.00,0.000,0.000,0.00
1777916719,loop22,0.00,0.00,0.000,0.000,0.00
1777916719,loop23,0.00,0.00,0.000,0.000,0.00
1777916719,loop24,0.00,0.00,0.000,0.000,0.00
1777916719,loop25,0.00,0.00,0.000,0.000,0.00
1777916719,loop26,0.00,0.00,0.000,0.000,0.00
1777916719,loop27,0.00,0.00,0.000,0.000,0.00
1777916719,loop28,0.00,0.00,0.000,0.000,0.00
1777916719,loop29,0.00,0.00,0.000,0.000,0.00
1777916719,loop3,0.00,0.00,0.000,0.000,0.00
1777916719,loop30,0.00,0.00,0.000,0.000,0.00
1777916719,loop31,0.00,0.00,0.000,0.000,0.00
1777916719,loop32,0.00,0.00,0.000,0.000,0.00
1777916719,loop33,0.00,0.00,0.000,0.000,0.00
1777916719,loop34,0.00,0.00,0.000,0.000,0.00
1777916719,loop35,0.00,0.00,0.000,0.000,0.00
1777916719,loop36,0.00,0.00,0.000,0.000,0.00
1777916719,loop37,0.00,0.00,0.000,0.000,0.00
1777916719,loop38,0.00,0.00,0.000,0.000,0.00
1777916719,loop39,0.00,0.00,0.000,0.000,0.00
1777916719,loop4,0.00,0.00,0.000,0.000,0.00
1777916719,loop40,0.00,0.00,0.000,0.000,0.00
1777916719,loop5,0.00,0.00,0.000,0.000,0.00
1777916719,loop6,0.00,0.00,0.000,0.000,0.00
1777916719,loop7,0.00,0.00,0.000,0.000,0.00
1777916719,loop8,0.00,0.00,0.000,0.000,0.00
1777916719,loop9,0.00,0.00,0.000,0.000,0.00
1777916719,nvme0n1,0.00,0.00,0.000,0.000,2.00
1777916720,loop0,0.00,0.00,0.000,0.000,0.00
1777916720,loop1,0.00,0.00,0.000,0.000,0.00
1777916720,loop10,0.00,0.00,0.000,0.000,0.00
1777916720,loop11,0.00,0.00,0.000,0.000,0.00
1777916720,loop12,0.00,0.00,0.000,0.000,0.00
1777916720,loop13,0.00,0.00,0.000,0.000,0.00
1777916720,loop14,0.00,0.00,0.000,0.000,0.00
1777916720,loop15,0.00,0.00,0.000,0.000,0.00
1777916720,loop16,0.00,0.00,0.000,0.000,0.00
1777916720,loop17,0.00,0.00,0.000,0.000,0.00
1777916720,loop18,0.00,0.00,0.000,0.000,0.00
1777916720,loop19,0.00,0.00,0.000,0.000,0.00
1777916720,loop2,0.00,0.00,0.000,0.000,0.00
1777916720,loop20,0.00,0.00,0.000,0.000,0.00
1777916720,loop21,0.00,0.00,0.000,0.000,0.00
1777916720,loop22,0.00,0.00,0.000,0.000,0.00
1777916720,loop23,0.00,0.00,0.000,0.000,0.00
1777916720,loop24,0.00,0.00,0.000,0.000,0.00
1777916720,loop25,0.00,0.00,0.000,0.000,0.00
1777916720,loop26,0.00,0.00,0.000,0.000,0.00
1777916720,loop27,0.00,0.00,0.000,0.000,0.00
1777916720,loop28,0.00,0.00,0.000,0.000,0.00
1777916720,loop29,0.00,0.00,0.000,0.000,0.00
1777916720,loop3,0.00,0.00,0.000,0.000,0.00
1777916720,loop30,0.00,0.00,0.000,0.000,0.00
1777916720,loop31,0.00,0.00,0.000,0.000,0.00
1777916720,loop32,0.00,0.00,0.000,0.000,0.00
1777916720,loop33,0.00,0.00,0.000,0.000,0.00
1777916720,loop34,0.00,0.00,0.000,0.000,0.00
1777916720,loop35,0.00,0.00,0.000,0.000,0.00
1777916720,loop36,0.00,0.00,0.000,0.000,0.00
1777916720,loop37,0.00,0.00,0.000,0.000,0.00
1777916720,loop38,0.00,0.00,0.000,0.000,0.00
1777916720,loop39,0.00,0.00,0.000,0.000,0.00
1777916720,loop4,0.00,0.00,0.000,0.000,0.00
1777916720,loop40,0.00,0.00,0.000,0.000,0.00
1777916720,loop5,0.00,0.00,0.000,0.000,0.00
1777916720,loop6,0.00,0.00,0.000,0.000,0.00
1777916720,loop7,0.00,0.00,0.000,0.000,0.00
1777916720,loop8,0.00,0.00,0.000,0.000,0.00
1777916720,loop9,0.00,0.00,0.000,0.000,0.00
1777916720,nvme0n1,0.00,0.00,0.000,0.000,0.30
1777916721,loop0,0.00,0.00,0.000,0.000,0.00
1777916721,loop1,0.00,0.00,0.000,0.000,0.00
1777916721,loop10,0.00,0.00,0.000,0.000,0.00
1777916721,loop11,0.00,0.00,0.000,0.000,0.00
1777916721,loop12,0.00,0.00,0.000,0.000,0.00
1777916721,loop13,0.00,0.00,0.000,0.000,0.00
1777916721,loop14,0.00,0.00,0.000,0.000,0.00
1777916721,loop15,0.00,0.00,0.000,0.000,0.00
1777916721,loop16,0.00,0.00,0.000,0.000,0.00
1777916721,loop17,0.00,0.00,0.000,0.000,0.00
1777916721,loop18,0.00,0.00,0.000,0.000,0.00
1777916721,loop19,0.00,0.00,0.000,0.000,0.00
1777916721,loop2,0.00,0.00,0.000,0.000,0.00
1777916721,loop20,0.00,0.00,0.000,0.000,0.00
1777916721,loop21,0.00,0.00,0.000,0.000,0.00
1777916721,loop22,0.00,0.00,0.000,0.000,0.00
1777916721,loop23,0.00,0.00,0.000,0.000,0.00
1777916721,loop24,0.00,0.00,0.000,0.000,0.00
1777916721,loop25,0.00,0.00,0.000,0.000,0.00
1777916721,loop26,0.00,0.00,0.000,0.000,0.00
1777916721,loop27,0.00,0.00,0.000,0.000,0.00
1777916721,loop28,0.00,0.00,0.000,0.000,0.00
1777916721,loop29,0.00,0.00,0.000,0.000,0.00
1777916721,loop3,0.00,0.00,0.000,0.000,0.00
1777916721,loop30,0.00,0.00,0.000,0.000,0.00
1777916721,loop31,0.00,0.00,0.000,0.000,0.00
1777916721,loop32,0.00,0.00,0.000,0.000,0.00
1777916721,loop33,0.00,0.00,0.000,0.000,0.00
1777916721,loop34,0.00,0.00,0.000,0.000,0.00
1777916721,loop35,0.00,0.00,0.000,0.000,0.00
1777916721,loop36,0.00,0.00,0.000,0.000,0.00
1777916721,loop37,0.00,0.00,0.000,0.000,0.00
1777916721,loop38,0.00,0.00,0.000,0.000,0.00
1777916721,loop39,0.00,0.00,0.000,0.000,0.00
1777916721,loop4,0.00,0.00,0.000,0.000,0.00
1777916721,loop40,0.00,0.00,0.000,0.000,0.00
1777916721,loop5,0.00,0.00,0.000,0.000,0.00
1777916721,loop6,0.00,0.00,0.000,0.000,0.00
1777916721,loop7,0.00,0.00,0.000,0.000,0.00
1777916721,loop8,0.00,0.00,0.000,0.000,0.00
1777916721,loop9,0.00,0.00,0.000,0.000,0.00
1777916721,nvme0n1,0.00,0.00,0.000,0.000,0.00
1777916722,loop0,0.00,0.00,0.000,0.000,0.00
1777916722,loop1,0.00,0.00,0.000,0.000,0.00
1777916722,loop10,0.00,0.00,0.000,0.000,0.00
1777916722,loop11,0.00,0.00,0.000,0.000,0.00
1777916722,loop12,0.00,0.00,0.000,0.000,0.00
1777916722,loop13,0.00,0.00,0.000,0.000,0.00
1777916722,loop14,0.00,0.00,0.000,0.000,0.00
1777916722,loop15,0.00,0.00,0.000,0.000,0.00
1777916722,loop16,0.00,0.00,0.000,0.000,0.00
1777916722,loop17,0.00,0.00,0.000,0.000,0.00
1777916722,loop18,0.00,0.00,0.000,0.000,0.00
1777916722,loop19,0.00,0.00,0.000,0.000,0.00
1777916722,loop2,0.00,0.00,0.000,0.000,0.00
1777916722,loop20,0.00,0.00,0.000,0.000,0.00
1777916722,loop21,0.00,0.00,0.000,0.000,0.00
1777916722,loop22,0.00,0.00,0.000,0.000,0.00
1777916722,loop23,0.00,0.00,0.000,0.000,0.00
1777916722,loop24,0.00,0.00,0.000,0.000,0.00
1777916722,loop25,0.00,0.00,0.000,0.000,0.00
1777916722,loop26,0.00,0.00,0.000,0.000,0.00
1777916722,loop27,0.00,0.00,0.000,0.000,0.00
1777916722,loop28,0.00,0.00,0.000,0.000,0.00
1777916722,loop29,0.00,0.00,0.000,0.000,0.00
1777916722,loop3,0.00,0.00,0.000,0.000,0.00
1777916722,loop30,0.00,0.00,0.000,0.000,0.00
1777916722,loop31,0.00,0.00,0.000,0.000,0.00
1777916722,loop32,0.00,0.00,0.000,0.000,0.00
1777916722,loop33,0.00,0.00,0.000,0.000,0.00
1777916722,loop34,0.00,0.00,0.000,0.000,0.00
1777916722,loop35,0.00,0.00,0.000,0.000,0.00
1777916722,loop36,0.00,0.00,0.000,0.000,0.00
1777916722,loop37,0.00,0.00,0.000,0.000,0.00
1777916722,loop38,0.00,0.00,0.000,0.000,0.00
1777916722,loop39,0.00,0.00,0.000,0.000,0.00
1777916722,loop4,0.00,0.00,0.000,0.000,0.00
1777916722,loop40,0.00,0.00,0.000,0.000,0.00
1777916722,loop5,0.00,0.00,0.000,0.000,0.00
1777916722,loop6,0.00,0.00,0.000,0.000,0.00
1777916722,loop7,0.00,0.00,0.000,0.000,0.00
1777916722,loop8,0.00,0.00,0.000,0.000,0.00
1777916722,loop9,0.00,0.00,0.000,0.000,0.00
1777916722,nvme0n1,0.00,0.00,0.000,0.000,2.10
1777916723,loop0,0.00,0.00,0.000,0.000,0.00
1777916723,loop1,0.00,0.00,0.000,0.000,0.00
1777916723,loop10,0.00,0.00,0.000,0.000,0.00
1777916723,loop11,0.00,0.00,0.000,0.000,0.00
1777916723,loop12,0.00,0.00,0.000,0.000,0.00
1777916723,loop13,0.00,0.00,0.000,0.000,0.00
1777916723,loop14,0.00,0.00,0.000,0.000,0.00
1777916723,loop15,0.00,0.00,0.000,0.000,0.00
1777916723,loop16,0.00,0.00,0.000,0.000,0.00
1777916723,loop17,0.00,0.00,0.000,0.000,0.00
1777916723,loop18,0.00,0.00,0.000,0.000,0.00
1777916723,loop19,0.00,0.00,0.000,0.000,0.00
1777916723,loop2,0.00,0.00,0.000,0.000,0.00
1777916723,loop20,0.00,0.00,0.000,0.000,0.00
1777916723,loop21,0.00,0.00,0.000,0.000,0.00
1777916723,loop22,0.00,0.00,0.000,0.000,0.00
1777916723,loop23,0.00,0.00,0.000,0.000,0.00
1777916723,loop24,0.00,0.00,0.000,0.000,0.00
1777916723,loop25,0.00,0.00,0.000,0.000,0.00
1777916723,loop26,0.00,0.00,0.000,0.000,0.00
1777916723,loop27,0.00,0.00,0.000,0.000,0.00
1777916723,loop28,0.00,0.00,0.000,0.000,0.00
1777916723,loop29,0.00,0.00,0.000,0.000,0.00
1777916723,loop3,0.00,0.00,0.000,0.000,0.00
1777916723,loop30,0.00,0.00,0.000,0.000,0.00
1777916723,loop31,0.00,0.00,0.000,0.000,0.00
1777916723,loop32,0.00,0.00,0.000,0.000,0.00
1777916723,loop33,0.00,0.00,0.000,0.000,0.00
1777916723,loop34,0.00,0.00,0.000,0.000,0.00
1777916723,loop35,0.00,0.00,0.000,0.000,0.00
1777916723,loop36,0.00,0.00,0.000,0.000,0.00
1777916723,loop37,0.00,0.00,0.000,0.000,0.00
1777916723,loop38,0.00,0.00,0.000,0.000,0.00
1777916723,loop39,0.00,0.00,0.000,0.000,0.00
1777916723,loop4,0.00,0.00,0.000,0.000,0.00
1777916723,loop40,0.00,0.00,0.000,0.000,0.00
1777916723,loop5,0.00,0.00,0.000,0.000,0.00
1777916723,loop6,0.00,0.00,0.000,0.000,0.00
1777916723,loop7,0.00,0.00,0.000,0.000,0.00
1777916723,loop8,0.00,0.00,0.000,0.000,0.00
1777916723,loop9,0.00,0.00,0.000,0.000,0.00
1777916723,nvme0n1,0.00,0.00,0.000,0.000,0.00
1777916724,loop0,0.00,0.00,0.000,0.000,0.00
1777916724,loop1,0.00,0.00,0.000,0.000,0.00
1777916724,loop10,0.00,0.00,0.000,0.000,0.00
1777916724,loop11,0.00,0.00,0.000,0.000,0.00
1777916724,loop12,0.00,0.00,0.000,0.000,0.00
1777916724,loop13,0.00,0.00,0.000,0.000,0.00
1777916724,loop14,0.00,0.00,0.000,0.000,0.00
1777916724,loop15,0.00,0.00,0.000,0.000,0.00
1777916724,loop16,0.00,0.00,0.000,0.000,0.00
1777916724,loop17,0.00,0.00,0.000,0.000,0.00
1777916724,loop18,0.00,0.00,0.000,0.000,0.00
1777916724,loop19,0.00,0.00,0.000,0.000,0.00
1777916724,loop2,0.00,0.00,0.000,0.000,0.00
1777916724,loop20,0.00,0.00,0.000,0.000,0.00
1777916724,loop21,0.00,0.00,0.000,0.000,0.00
1777916724,loop22,0.00,0.00,0.000,0.000,0.00
1777916724,loop23,0.00,0.00,0.000,0.000,0.00
1777916724,loop24,0.00,0.00,0.000,0.000,0.00
1777916724,loop25,0.00,0.00,0.000,0.000,0.00
1777916724,loop26,0.00,0.00,0.000,0.000,0.00
1777916724,loop27,0.00,0.00,0.000,0.000,0.00
1777916724,loop28,0.00,0.00,0.000,0.000,0.00
1777916724,loop29,0.00,0.00,0.000,0.000,0.00
1777916724,loop3,0.00,0.00,0.000,0.000,0.00
1777916724,loop30,0.00,0.00,0.000,0.000,0.00
1777916724,loop31,0.00,0.00,0.000,0.000,0.00
1777916724,loop32,0.00,0.00,0.000,0.000,0.00
1777916724,loop33,0.00,0.00,0.000,0.000,0.00
1777916724,loop34,0.00,0.00,0.000,0.000,0.00
1777916724,loop35,0.00,0.00,0.000,0.000,0.00
1777916724,loop36,0.00,0.00,0.000,0.000,0.00
1777916724,loop37,0.00,0.00,0.000,0.000,0.00
1777916724,loop38,0.00,0.00,0.000,0.000,0.00
1777916724,loop39,0.00,0.00,0.000,0.000,0.00
1777916724,loop4,0.00,0.00,0.000,0.000,0.00
1777916724,loop40,0.00,0.00,0.000,0.000,0.00
1777916724,loop5,0.00,0.00,0.000,0.000,0.00
1777916724,loop6,0.00,0.00,0.000,0.000,0.00
1777916724,loop7,0.00,0.00,0.000,0.000,0.00
1777916724,loop8,0.00,0.00,0.000,0.000,0.00
1777916724,loop9,0.00,0.00,0.000,0.000,0.00
1777916724,nvme0n1,0.00,0.00,0.000,0.000,2.00
1777916725,loop0,0.00,0.00,0.000,0.000,0.00
1777916725,loop1,0.00,0.00,0.000,0.000,0.00
1777916725,loop10,0.00,0.00,0.000,0.000,0.00
1777916725,loop11,0.00,0.00,0.000,0.000,0.00
1777916725,loop12,0.00,0.00,0.000,0.000,0.00
1777916725,loop13,0.00,0.00,0.000,0.000,0.00
1777916725,loop14,0.00,0.00,0.000,0.000,0.00
1777916725,loop15,0.00,0.00,0.000,0.000,0.00
1777916725,loop16,0.00,0.00,0.000,0.000,0.00
1777916725,loop17,0.00,0.00,0.000,0.000,0.00
1777916725,loop18,0.00,0.00,0.000,0.000,0.00
1777916725,loop19,0.00,0.00,0.000,0.000,0.00
1777916725,loop2,0.00,0.00,0.000,0.000,0.00
1777916725,loop20,0.00,0.00,0.000,0.000,0.00
1777916725,loop21,0.00,0.00,0.000,0.000,0.00
1777916725,loop22,0.00,0.00,0.000,0.000,0.00
1777916725,loop23,0.00,0.00,0.000,0.000,0.00
1777916725,loop24,0.00,0.00,0.000,0.000,0.00
1777916725,loop25,0.00,0.00,0.000,0.000,0.00
1777916725,loop26,0.00,0.00,0.000,0.000,0.00
1777916725,loop27,0.00,0.00,0.000,0.000,0.00
1777916725,loop28,0.00,0.00,0.000,0.000,0.00
1777916725,loop29,0.00,0.00,0.000,0.000,0.00
1777916725,loop3,0.00,0.00,0.000,0.000,0.00
1777916725,loop30,0.00,0.00,0.000,0.000,0.00
1777916725,loop31,0.00,0.00,0.000,0.000,0.00
1777916725,loop32,0.00,0.00,0.000,0.000,0.00
1777916725,loop33,0.00,0.00,0.000,0.000,0.00
1777916725,loop34,0.00,0.00,0.000,0.000,0.00
1777916725,loop35,0.00,0.00,0.000,0.000,0.00
1777916725,loop36,0.00,0.00,0.000,0.000,0.00
1777916725,loop37,0.00,0.00,0.000,0.000,0.00
1777916725,loop38,0.00,0.00,0.000,0.000,0.00
1777916725,loop39,0.00,0.00,0.000,0.000,0.00
1777916725,loop4,0.00,0.00,0.000,0.000,0.00
1777916725,loop40,0.00,0.00,0.000,0.000,0.00
1777916725,loop5,0.00,0.00,0.000,0.000,0.00
1777916725,loop6,0.00,0.00,0.000,0.000,0.00
1777916725,loop7,0.00,0.00,0.000,0.000,0.00
1777916725,loop8,0.00,0.00,0.000,0.000,0.00
1777916725,loop9,0.00,0.00,0.000,0.000,0.00
1777916725,nvme0n1,0.00,0.00,0.000,0.000,0.00
1777916726,loop0,0.00,0.00,0.000,0.000,0.00
1777916726,loop1,0.00,0.00,0.000,0.000,0.00
1777916726,loop10,0.00,0.00,0.000,0.000,0.00
1777916726,loop11,0.00,0.00,0.000,0.000,0.00
1777916726,loop12,0.00,0.00,0.000,0.000,0.00
1777916726,loop13,0.00,0.00,0.000,0.000,0.00
1777916726,loop14,0.00,0.00,0.000,0.000,0.00
1777916726,loop15,0.00,0.00,0.000,0.000,0.00
1777916726,loop16,0.00,0.00,0.000,0.000,0.00
1777916726,loop17,0.00,0.00,0.000,0.000,0.00
1777916726,loop18,0.00,0.00,0.000,0.000,0.00
1777916726,loop19,0.00,0.00,0.000,0.000,0.00
1777916726,loop2,0.00,0.00,0.000,0.000,0.00
1777916726,loop20,0.00,0.00,0.000,0.000,0.00
1777916726,loop21,0.00,0.00,0.000,0.000,0.00
1777916726,loop22,0.00,0.00,0.000,0.000,0.00
1777916726,loop23,0.00,0.00,0.000,0.000,0.00
1777916726,loop24,0.00,0.00,0.000,0.000,0.00
1777916726,loop25,0.00,0.00,0.000,0.000,0.00
1777916726,loop26,0.00,0.00,0.000,0.000,0.00
1777916726,loop27,0.00,0.00,0.000,0.000,0.00
1777916726,loop28,0.00,0.00,0.000,0.000,0.00
1777916726,loop29,0.00,0.00,0.000,0.000,0.00
1777916726,loop3,0.00,0.00,0.000,0.000,0.00
1777916726,loop30,0.00,0.00,0.000,0.000,0.00
1777916726,loop31,0.00,0.00,0.000,0.000,0.00
1777916726,loop32,0.00,0.00,0.000,0.000,0.00
1777916726,loop33,0.00,0.00,0.000,0.000,0.00
1777916726,loop34,0.00,0.00,0.000,0.000,0.00
1777916726,loop35,0.00,0.00,0.000,0.000,0.00
1777916726,loop36,0.00,0.00,0.000,0.000,0.00
1777916726,loop37,0.00,0.00,0.000,0.000,0.00
1777916726,loop38,0.00,0.00,0.000,0.000,0.00
1777916726,loop39,0.00,0.00,0.000,0.000,0.00
1777916726,loop4,0.00,0.00,0.000,0.000,0.00
1777916726,loop40,0.00,0.00,0.000,0.000,0.00
1777916726,loop5,0.00,0.00,0.000,0.000,0.00
1777916726,loop6,0.00,0.00,0.000,0.000,0.00
1777916726,loop7,0.00,0.00,0.000,0.000,0.00
1777916726,loop8,0.00,0.00,0.000,0.000,0.00
1777916726,loop9,0.00,0.00,0.000,0.000,0.00
1777916726,nvme0n1,0.00,0.00,0.000,0.000,0.70
1777916727,loop0,0.00,0.00,0.000,0.000,0.00
1777916727,loop1,0.00,0.00,0.000,0.000,0.00
1777916727,loop10,0.00,0.00,0.000,0.000,0.00
1777916727,loop11,0.00,0.00,0.000,0.000,0.00
1777916727,loop12,0.00,0.00,0.000,0.000,0.00
1777916727,loop13,0.00,0.00,0.000,0.000,0.00
1777916727,loop14,0.00,0.00,0.000,0.000,0.00
1777916727,loop15,0.00,0.00,0.000,0.000,0.00
1777916727,loop16,0.00,0.00,0.000,0.000,0.00
1777916727,loop17,0.00,0.00,0.000,0.000,0.00
1777916727,loop18,0.00,0.00,0.000,0.000,0.00
1777916727,loop19,0.00,0.00,0.000,0.000,0.00
1777916727,loop2,0.00,0.00,0.000,0.000,0.00
1777916727,loop20,0.00,0.00,0.000,0.000,0.00
1777916727,loop21,0.00,0.00,0.000,0.000,0.00
1777916727,loop22,0.00,0.00,0.000,0.000,0.00
1777916727,loop23,0.00,0.00,0.000,0.000,0.00
1777916727,loop24,0.00,0.00,0.000,0.000,0.00
1777916727,loop25,0.00,0.00,0.000,0.000,0.00
1777916727,loop26,0.00,0.00,0.000,0.000,0.00
1777916727,loop27,0.00,0.00,0.000,0.000,0.00
1777916727,loop28,0.00,0.00,0.000,0.000,0.00
1777916727,loop29,0.00,0.00,0.000,0.000,0.00
1777916727,loop3,0.00,0.00,0.000,0.000,0.00
1777916727,loop30,0.00,0.00,0.000,0.000,0.00
1777916727,loop31,0.00,0.00,0.000,0.000,0.00
1777916727,loop32,0.00,0.00,0.000,0.000,0.00
1777916727,loop33,0.00,0.00,0.000,0.000,0.00
1777916727,loop34,0.00,0.00,0.000,0.000,0.00
1777916727,loop35,0.00,0.00,0.000,0.000,0.00
1777916727,loop36,0.00,0.00,0.000,0.000,0.00
1777916727,loop37,0.00,0.00,0.000,0.000,0.00
1777916727,loop38,0.00,0.00,0.000,0.000,0.00
1777916727,loop39,0.00,0.00,0.000,0.000,0.00
1777916727,loop4,0.00,0.00,0.000,0.000,0.00
1777916727,loop40,0.00,0.00,0.000,0.000,0.00
1777916727,loop5,0.00,0.00,0.000,0.000,0.00
1777916727,loop6,0.00,0.00,0.000,0.000,0.00
1777916727,loop7,0.00,0.00,0.000,0.000,0.00
1777916727,loop8,0.00,0.00,0.000,0.000,0.00
1777916727,loop9,0.00,0.00,0.000,0.000,0.00
1777916727,nvme0n1,0.00,0.00,0.000,0.000,0.00
1777916728,loop0,0.00,0.00,0.000,0.000,0.00
1777916728,loop1,0.00,0.00,0.000,0.000,0.00
1777916728,loop10,0.00,0.00,0.000,0.000,0.00
1777916728,loop11,0.00,0.00,0.000,0.000,0.00
1777916728,loop12,0.00,0.00,0.000,0.000,0.00
1777916728,loop13,0.00,0.00,0.000,0.000,0.00
1777916728,loop14,0.00,0.00,0.000,0.000,0.00
1777916728,loop15,0.00,0.00,0.000,0.000,0.00
1777916728,loop16,0.00,0.00,0.000,0.000,0.00
1777916728,loop17,0.00,0.00,0.000,0.000,0.00
1777916728,loop18,0.00,0.00,0.000,0.000,0.00
1777916728,loop19,0.00,0.00,0.000,0.000,0.00
1777916728,loop2,0.00,0.00,0.000,0.000,0.00
1777916728,loop20,0.00,0.00,0.000,0.000,0.00
1777916728,loop21,0.00,0.00,0.000,0.000,0.00
1777916728,loop22,0.00,0.00,0.000,0.000,0.00
1777916728,loop23,0.00,0.00,0.000,0.000,0.00
1777916728,loop24,0.00,0.00,0.000,0.000,0.00
1777916728,loop25,0.00,0.00,0.000,0.000,0.00
1777916728,loop26,0.00,0.00,0.000,0.000,0.00
1777916728,loop27,0.00,0.00,0.000,0.000,0.00
1777916728,loop28,0.00,0.00,0.000,0.000,0.00
1777916728,loop29,0.00,0.00,0.000,0.000,0.00
1777916728,loop3,0.00,0.00,0.000,0.000,0.00
1777916728,loop30,0.00,0.00,0.000,0.000,0.00
1777916728,loop31,0.00,0.00,0.000,0.000,0.00
1777916728,loop32,0.00,0.00,0.000,0.000,0.00
1777916728,loop33,0.00,0.00,0.000,0.000,0.00
1777916728,loop34,0.00,0.00,0.000,0.000,0.00
1777916728,loop35,0.00,0.00,0.000,0.000,0.00
1777916728,loop36,0.00,0.00,0.000,0.000,0.00
1777916728,loop37,0.00,0.00,0.000,0.000,0.00
1777916728,loop38,0.00,0.00,0.000,0.000,0.00
1777916728,loop39,0.00,0.00,0.000,0.000,0.00
1777916728,loop4,0.00,0.00,0.000,0.000,0.00
1777916728,loop40,0.00,0.00,0.000,0.000,0.00
1777916728,loop5,0.00,0.00,0.000,0.000,0.00
1777916728,loop6,0.00,0.00,0.000,0.000,0.00
1777916728,loop7,0.00,0.00,0.000,0.000,0.00
1777916728,loop8,0.00,0.00,0.000,0.000,0.00
1777916728,loop9,0.00,0.00,0.000,0.000,0.00
1777916728,nvme0n1,0.00,0.00,0.000,0.000,0.00
1777916729,loop0,0.00,0.00,0.000,0.000,0.00
1777916729,loop1,0.00,0.00,0.000,0.000,0.00
1777916729,loop10,0.00,0.00,0.000,0.000,0.00
1777916729,loop11,0.00,0.00,0.000,0.000,0.00
1777916729,loop12,0.00,0.00,0.000,0.000,0.00
1777916729,loop13,0.00,0.00,0.000,0.000,0.00
1777916729,loop14,0.00,0.00,0.000,0.000,0.00
1777916729,loop15,0.00,0.00,0.000,0.000,0.00
1777916729,loop16,0.00,0.00,0.000,0.000,0.00
1777916729,loop17,0.00,0.00,0.000,0.000,0.00
1777916729,loop18,0.00,0.00,0.000,0.000,0.00
1777916729,loop19,0.00,0.00,0.000,0.000,0.00
1777916729,loop2,0.00,0.00,0.000,0.000,0.00
1777916729,loop20,0.00,0.00,0.000,0.000,0.00
1777916729,loop21,0.00,0.00,0.000,0.000,0.00
1777916729,loop22,0.00,0.00,0.000,0.000,0.00
1777916729,loop23,0.00,0.00,0.000,0.000,0.00
1777916729,loop24,0.00,0.00,0.000,0.000,0.00
1777916729,loop25,0.00,0.00,0.000,0.000,0.00
1777916729,loop26,0.00,0.00,0.000,0.000,0.00
1777916729,loop27,0.00,0.00,0.000,0.000,0.00
1777916729,loop28,0.00,0.00,0.000,0.000,0.00
1777916729,loop29,0.00,0.00,0.000,0.000,0.00
1777916729,loop3,0.00,0.00,0.000,0.000,0.00
1777916729,loop30,0.00,0.00,0.000,0.000,0.00
1777916729,loop31,0.00,0.00,0.000,0.000,0.00
1777916729,loop32,0.00,0.00,0.000,0.000,0.00
1777916729,loop33,0.00,0.00,0.000,0.000,0.00
1777916729,loop34,0.00,0.00,0.000,0.000,0.00
1777916729,loop35,0.00,0.00,0.000,0.000,0.00
1777916729,loop36,0.00,0.00,0.000,0.000,0.00
1777916729,loop37,0.00,0.00,0.000,0.000,0.00
1777916729,loop38,0.00,0.00,0.000,0.000,0.00
1777916729,loop39,0.00,0.00,0.000,0.000,0.00
1777916729,loop4,0.00,0.00,0.000,0.000,0.00
1777916729,loop40,0.00,0.00,0.000,0.000,0.00
1777916729,loop5,0.00,0.00,0.000,0.000,0.00
1777916729,loop6,0.00,0.00,0.000,0.000,0.00
1777916729,loop7,0.00,0.00,0.000,0.000,0.00
1777916729,loop8,0.00,0.00,0.000,0.000,0.00
1777916729,loop9,0.00,0.00,0.000,0.000,0.00
1777916729,nvme0n1,0.00,0.00,0.000,0.000,0.00
1777916730,loop0,0.00,0.00,0.000,0.000,0.00
1777916730,loop1,0.00,0.00,0.000,0.000,0.00
1777916730,loop10,0.00,0.00,0.000,0.000,0.00
1777916730,loop11,0.00,0.00,0.000,0.000,0.00
1777916730,loop12,0.00,0.00,0.000,0.000,0.00
1777916730,loop13,0.00,0.00,0.000,0.000,0.00
1777916730,loop14,0.00,0.00,0.000,0.000,0.00
1777916730,loop15,0.00,0.00,0.000,0.000,0.00
1777916730,loop16,0.00,0.00,0.000,0.000,0.00
1777916730,loop17,0.00,0.00,0.000,0.000,0.00
1777916730,loop18,0.00,0.00,0.000,0.000,0.00
1777916730,loop19,0.00,0.00,0.000,0.000,0.00
1777916730,loop2,0.00,0.00,0.000,0.000,0.00
1777916730,loop20,0.00,0.00,0.000,0.000,0.00
1777916730,loop21,0.00,0.00,0.000,0.000,0.00
1777916730,loop22,0.00,0.00,0.000,0.000,0.00
1777916730,loop23,0.00,0.00,0.000,0.000,0.00
1777916730,loop24,0.00,0.00,0.000,0.000,0.00
1777916730,loop25,0.00,0.00,0.000,0.000,0.00
1777916730,loop26,0.00,0.00,0.000,0.000,0.00
1777916730,loop27,0.00,0.00,0.000,0.000,0.00
1777916730,loop28,0.00,0.00,0.000,0.000,0.00
1777916730,loop29,0.00,0.00,0.000,0.000,0.00
1777916730,loop3,0.00,0.00,0.000,0.000,0.00
1777916730,loop30,0.00,0.00,0.000,0.000,0.00
1777916730,loop31,0.00,0.00,0.000,0.000,0.00
1777916730,loop32,0.00,0.00,0.000,0.000,0.00
1777916730,loop33,0.00,0.00,0.000,0.000,0.00
1777916730,loop34,0.00,0.00,0.000,0.000,0.00
1777916730,loop35,0.00,0.00,0.000,0.000,0.00
1777916730,loop36,0.00,0.00,0.000,0.000,0.00
1777916730,loop37,0.00,0.00,0.000,0.000,0.00
1777916730,loop38,0.00,0.00,0.000,0.000,0.00
1777916730,loop39,0.00,0.00,0.000,0.000,0.00
1777916730,loop4,0.00,0.00,0.000,0.000,0.00
1777916730,loop40,0.00,0.00,0.000,0.000,0.00
1777916730,loop5,0.00,0.00,0.000,0.000,0.00
1777916730,loop6,0.00,0.00,0.000,0.000,0.00
1777916730,loop7,0.00,0.00,0.000,0.000,0.00
1777916730,loop8,0.00,0.00,0.000,0.000,0.00
1777916730,loop9,0.00,0.00,0.000,0.000,0.00
1777916730,nvme0n1,0.00,0.00,0.000,0.000,0.00
1777916731,loop0,0.00,0.00,0.000,0.000,0.00
1777916731,loop1,0.00,0.00,0.000,0.000,0.00
1777916731,loop10,0.00,0.00,0.000,0.000,0.00
1777916731,loop11,0.00,0.00,0.000,0.000,0.00
1777916731,loop12,0.00,0.00,0.000,0.000,0.00
1777916731,loop13,0.00,0.00,0.000,0.000,0.00
1777916731,loop14,0.00,0.00,0.000,0.000,0.00
1777916731,loop15,0.00,0.00,0.000,0.000,0.00
1777916731,loop16,0.00,0.00,0.000,0.000,0.00
1777916731,loop17,0.00,0.00,0.000,0.000,0.00
1777916731,loop18,0.00,0.00,0.000,0.000,0.00
1777916731,loop19,0.00,0.00,0.000,0.000,0.00
1777916731,loop2,0.00,0.00,0.000,0.000,0.00
1777916731,loop20,0.00,0.00,0.000,0.000,0.00
1777916731,loop21,0.00,0.00,0.000,0.000,0.00
1777916731,loop22,0.00,0.00,0.000,0.000,0.00
1777916731,loop23,0.00,0.00,0.000,0.000,0.00
1777916731,loop24,0.00,0.00,0.000,0.000,0.00
1777916731,loop25,0.00,0.00,0.000,0.000,0.00
1777916731,loop26,0.00,0.00,0.000,0.000,0.00
1777916731,loop27,0.00,0.00,0.000,0.000,0.00
1777916731,loop28,0.00,0.00,0.000,0.000,0.00
1777916731,loop29,0.00,0.00,0.000,0.000,0.00
1777916731,loop3,0.00,0.00,0.000,0.000,0.00
1777916731,loop30,0.00,0.00,0.000,0.000,0.00
1777916731,loop31,0.00,0.00,0.000,0.000,0.00
1777916731,loop32,0.00,0.00,0.000,0.000,0.00
1777916731,loop33,0.00,0.00,0.000,0.000,0.00
1777916731,loop34,0.00,0.00,0.000,0.000,0.00
1777916731,loop35,0.00,0.00,0.000,0.000,0.00
1777916731,loop36,0.00,0.00,0.000,0.000,0.00
1777916731,loop37,0.00,0.00,0.000,0.000,0.00
1777916731,loop38,0.00,0.00,0.000,0.000,0.00
1777916731,loop39,0.00,0.00,0.000,0.000,0.00
1777916731,loop4,0.00,0.00,0.000,0.000,0.00
1777916731,loop40,0.00,0.00,0.000,0.000,0.00
1777916731,loop5,0.00,0.00,0.000,0.000,0.00
1777916731,loop6,0.00,0.00,0.000,0.000,0.00
1777916731,loop7,0.00,0.00,0.000,0.000,0.00
1777916731,loop8,0.00,0.00,0.000,0.000,0.00
1777916731,loop9,0.00,0.00,0.000,0.000,0.00
1777916731,nvme0n1,0.00,0.00,0.000,0.000,5.30
1777916732,loop0,0.00,0.00,0.000,0.000,0.00
1777916732,loop1,0.00,0.00,0.000,0.000,0.00
1777916732,loop10,0.00,0.00,0.000,0.000,0.00
1777916732,loop11,0.00,0.00,0.000,0.000,0.00
1777916732,loop12,0.00,0.00,0.000,0.000,0.00
1777916732,loop13,0.00,0.00,0.000,0.000,0.00
1777916732,loop14,0.00,0.00,0.000,0.000,0.00
1777916732,loop15,0.00,0.00,0.000,0.000,0.00
1777916732,loop16,0.00,0.00,0.000,0.000,0.00
1777916732,loop17,0.00,0.00,0.000,0.000,0.00
1777916732,loop18,0.00,0.00,0.000,0.000,0.00
1777916732,loop19,0.00,0.00,0.000,0.000,0.00
1777916732,loop2,0.00,0.00,0.000,0.000,0.00
1777916732,loop20,0.00,0.00,0.000,0.000,0.00
1777916732,loop21,0.00,0.00,0.000,0.000,0.00
1777916732,loop22,0.00,0.00,0.000,0.000,0.00
1777916732,loop23,0.00,0.00,0.000,0.000,0.00
1777916732,loop24,0.00,0.00,0.000,0.000,0.00
1777916732,loop25,0.00,0.00,0.000,0.000,0.00
1777916732,loop26,0.00,0.00,0.000,0.000,0.00
1777916732,loop27,0.00,0.00,0.000,0.000,0.00
1777916732,loop28,0.00,0.00,0.000,0.000,0.00
1777916732,loop29,0.00,0.00,0.000,0.000,0.00
1777916732,loop3,0.00,0.00,0.000,0.000,0.00
1777916732,loop30,0.00,0.00,0.000,0.000,0.00
1777916732,loop31,0.00,0.00,0.000,0.000,0.00
1777916732,loop32,0.00,0.00,0.000,0.000,0.00
1777916732,loop33,0.00,0.00,0.000,0.000,0.00
1777916732,loop34,0.00,0.00,0.000,0.000,0.00
1777916732,loop35,0.00,0.00,0.000,0.000,0.00
1777916732,loop36,0.00,0.00,0.000,0.000,0.00
1777916732,loop37,0.00,0.00,0.000,0.000,0.00
1777916732,loop38,0.00,0.00,0.000,0.000,0.00
1777916732,loop39,0.00,0.00,0.000,0.000,0.00
1777916732,loop4,0.00,0.00,0.000,0.000,0.00
1777916732,loop40,0.00,0.00,0.000,0.000,0.00
1777916732,loop5,0.00,0.00,0.000,0.000,0.00
1777916732,loop6,0.00,0.00,0.000,0.000,0.00
1777916732,loop7,0.00,0.00,0.000,0.000,0.00
1777916732,loop8,0.00,0.00,0.000,0.000,0.00
1777916732,loop9,0.00,0.00,0.000,0.000,0.00
1777916732,nvme0n1,0.00,0.00,0.000,0.000,0.10
1777916733,loop0,0.00,0.00,0.000,0.000,0.00
1777916733,loop1,0.00,0.00,0.000,0.000,0.00
1777916733,loop10,0.00,0.00,0.000,0.000,0.00
1777916733,loop11,0.00,0.00,0.000,0.000,0.00
1777916733,loop12,0.00,0.00,0.000,0.000,0.00
1777916733,loop13,0.00,0.00,0.000,0.000,0.00
1777916733,loop14,0.00,0.00,0.000,0.000,0.00
1777916733,loop15,0.00,0.00,0.000,0.000,0.00
1777916733,loop16,0.00,0.00,0.000,0.000,0.00
1777916733,loop17,0.00,0.00,0.000,0.000,0.00
1777916733,loop18,0.00,0.00,0.000,0.000,0.00
1777916733,loop19,0.00,0.00,0.000,0.000,0.00
1777916733,loop2,0.00,0.00,0.000,0.000,0.00
1777916733,loop20,0.00,0.00,0.000,0.000,0.00
1777916733,loop21,0.00,0.00,0.000,0.000,0.00
1777916733,loop22,0.00,0.00,0.000,0.000,0.00
1777916733,loop23,0.00,0.00,0.000,0.000,0.00
1777916733,loop24,0.00,0.00,0.000,0.000,0.00
1777916733,loop25,0.00,0.00,0.000,0.000,0.00
1777916733,loop26,0.00,0.00,0.000,0.000,0.00
1777916733,loop27,0.00,0.00,0.000,0.000,0.00
1777916733,loop28,0.00,0.00,0.000,0.000,0.00
1777916733,loop29,0.00,0.00,0.000,0.000,0.00
1777916733,loop3,0.00,0.00,0.000,0.000,0.00
1777916733,loop30,0.00,0.00,0.000,0.000,0.00
1777916733,loop31,0.00,0.00,0.000,0.000,0.00
1777916733,loop32,0.00,0.00,0.000,0.000,0.00
1777916733,loop33,0.00,0.00,0.000,0.000,0.00
1777916733,loop34,0.00,0.00,0.000,0.000,0.00
1777916733,loop35,0.00,0.00,0.000,0.000,0.00
1777916733,loop36,0.00,0.00,0.000,0.000,0.00
1777916733,loop37,0.00,0.00,0.000,0.000,0.00
1777916733,loop38,0.00,0.00,0.000,0.000,0.00
1777916733,loop39,0.00,0.00,0.000,0.000,0.00
1777916733,loop4,0.00,0.00,0.000,0.000,0.00
1777916733,loop40,0.00,0.00,0.000,0.000,0.00
1777916733,loop5,0.00,0.00,0.000,0.000,0.00
1777916733,loop6,0.00,0.00,0.000,0.000,0.00
1777916733,loop7,0.00,0.00,0.000,0.000,0.00
1777916733,loop8,0.00,0.00,0.000,0.000,0.00
1777916733,loop9,0.00,0.00,0.000,0.000,0.00
1777916733,nvme0n1,0.00,0.00,0.000,0.000,0.00
1777916734,loop0,0.00,0.00,0.000,0.000,0.00
1777916734,loop1,0.00,0.00,0.000,0.000,0.00
1777916734,loop10,0.00,0.00,0.000,0.000,0.00
1777916734,loop11,0.00,0.00,0.000,0.000,0.00
1777916734,loop12,0.00,0.00,0.000,0.000,0.00
1777916734,loop13,0.00,0.00,0.000,0.000,0.00
1777916734,loop14,0.00,0.00,0.000,0.000,0.00
1777916734,loop15,0.00,0.00,0.000,0.000,0.00
1777916734,loop16,0.00,0.00,0.000,0.000,0.00
1777916734,loop17,0.00,0.00,0.000,0.000,0.00
1777916734,loop18,0.00,0.00,0.000,0.000,0.00
1777916734,loop19,0.00,0.00,0.000,0.000,0.00
1777916734,loop2,0.00,0.00,0.000,0.000,0.00
1777916734,loop20,0.00,0.00,0.000,0.000,0.00
1777916734,loop21,0.00,0.00,0.000,0.000,0.00
1777916734,loop22,0.00,0.00,0.000,0.000,0.00
1777916734,loop23,0.00,0.00,0.000,0.000,0.00
1777916734,loop24,0.00,0.00,0.000,0.000,0.00
1777916734,loop25,0.00,0.00,0.000,0.000,0.00
1777916734,loop26,0.00,0.00,0.000,0.000,0.00
1777916734,loop27,0.00,0.00,0.000,0.000,0.00
1777916734,loop28,0.00,0.00,0.000,0.000,0.00
1777916734,loop29,0.00,0.00,0.000,0.000,0.00
1777916734,loop3,0.00,0.00,0.000,0.000,0.00
1777916734,loop30,0.00,0.00,0.000,0.000,0.00
1777916734,loop31,0.00,0.00,0.000,0.000,0.00
1777916734,loop32,0.00,0.00,0.000,0.000,0.00
1777916734,loop33,0.00,0.00,0.000,0.000,0.00
1777916734,loop34,0.00,0.00,0.000,0.000,0.00
1777916734,loop35,0.00,0.00,0.000,0.000,0.00
1777916734,loop36,0.00,0.00,0.000,0.000,0.00
1777916734,loop37,0.00,0.00,0.000,0.000,0.00
1777916734,loop38,0.00,0.00,0.000,0.000,0.00
1777916734,loop39,0.00,0.00,0.000,0.000,0.00
1777916734,loop4,0.00,0.00,0.000,0.000,0.00
1777916734,loop40,0.00,0.00,0.000,0.000,0.00
1777916734,loop5,0.00,0.00,0.000,0.000,0.00
1777916734,loop6,0.00,0.00,0.000,0.000,0.00
1777916734,loop7,0.00,0.00,0.000,0.000,0.00
1777916734,loop8,0.00,0.00,0.000,0.000,0.00
1777916734,loop9,0.00,0.00,0.000,0.000,0.00
1777916734,nvme0n1,0.00,0.00,0.000,0.000,0.00
1777916735,loop0,0.00,0.00,0.000,0.000,0.00
1777916735,loop1,0.00,0.00,0.000,0.000,0.00
1777916735,loop10,0.00,0.00,0.000,0.000,0.00
1777916735,loop11,0.00,0.00,0.000,0.000,0.00
1777916735,loop12,0.00,0.00,0.000,0.000,0.00
1777916735,loop13,0.00,0.00,0.000,0.000,0.00
1777916735,loop14,0.00,0.00,0.000,0.000,0.00
1777916735,loop15,0.00,0.00,0.000,0.000,0.00
1777916735,loop16,0.00,0.00,0.000,0.000,0.00
1777916735,loop17,0.00,0.00,0.000,0.000,0.00
1777916735,loop18,0.00,0.00,0.000,0.000,0.00
1777916735,loop19,0.00,0.00,0.000,0.000,0.00
1777916735,loop2,0.00,0.00,0.000,0.000,0.00
1777916735,loop20,0.00,0.00,0.000,0.000,0.00
1777916735,loop21,0.00,0.00,0.000,0.000,0.00
1777916735,loop22,0.00,0.00,0.000,0.000,0.00
1777916735,loop23,0.00,0.00,0.000,0.000,0.00
1777916735,loop24,0.00,0.00,0.000,0.000,0.00
1777916735,loop25,0.00,0.00,0.000,0.000,0.00
1777916735,loop26,0.00,0.00,0.000,0.000,0.00
1777916735,loop27,0.00,0.00,0.000,0.000,0.00
1777916735,loop28,0.00,0.00,0.000,0.000,0.00
1777916735,loop29,0.00,0.00,0.000,0.000,0.00
1777916735,loop3,0.00,0.00,0.000,0.000,0.00
1777916735,loop30,0.00,0.00,0.000,0.000,0.00
1777916735,loop31,0.00,0.00,0.000,0.000,0.00
1777916735,loop32,0.00,0.00,0.000,0.000,0.00
1777916735,loop33,0.00,0.00,0.000,0.000,0.00
1777916735,loop34,0.00,0.00,0.000,0.000,0.00
1777916735,loop35,0.00,0.00,0.000,0.000,0.00
1777916735,loop36,0.00,0.00,0.000,0.000,0.00
1777916735,loop37,0.00,0.00,0.000,0.000,0.00
1777916735,loop38,0.00,0.00,0.000,0.000,0.00
1777916735,loop39,0.00,0.00,0.000,0.000,0.00
1777916735,loop4,0.00,0.00,0.000,0.000,0.00
1777916735,loop40,0.00,0.00,0.000,0.000,0.00
1777916735,loop5,0.00,0.00,0.000,0.000,0.00
1777916735,loop6,0.00,0.00,0.000,0.000,0.00
1777916735,loop7,0.00,0.00,0.000,0.000,0.00
1777916735,loop8,0.00,0.00,0.000,0.000,0.00
1777916735,loop9,0.00,0.00,0.000,0.000,0.00
1777916735,nvme0n1,0.00,0.00,0.000,0.000,0.00
1777916736,loop0,0.00,0.00,0.000,0.000,0.00
1777916736,loop1,0.00,0.00,0.000,0.000,0.00
1777916736,loop10,0.00,0.00,0.000,0.000,0.00
1777916736,loop11,0.00,0.00,0.000,0.000,0.00
1777916736,loop12,0.00,0.00,0.000,0.000,0.00
1777916736,loop13,0.00,0.00,0.000,0.000,0.00
1777916736,loop14,0.00,0.00,0.000,0.000,0.00
1777916736,loop15,0.00,0.00,0.000,0.000,0.00
1777916736,loop16,0.00,0.00,0.000,0.000,0.00
1777916736,loop17,0.00,0.00,0.000,0.000,0.00
1777916736,loop18,0.00,0.00,0.000,0.000,0.00
1777916736,loop19,0.00,0.00,0.000,0.000,0.00
1777916736,loop2,0.00,0.00,0.000,0.000,0.00
1777916736,loop20,0.00,0.00,0.000,0.000,0.00
1777916736,loop21,0.00,0.00,0.000,0.000,0.00
1777916736,loop22,0.00,0.00,0.000,0.000,0.00
1777916736,loop23,0.00,0.00,0.000,0.000,0.00
1777916736,loop24,0.00,0.00,0.000,0.000,0.00
1777916736,loop25,0.00,0.00,0.000,0.000,0.00
1777916736,loop26,0.00,0.00,0.000,0.000,0.00
1777916736,loop27,0.00,0.00,0.000,0.000,0.00
1777916736,loop28,0.00,0.00,0.000,0.000,0.00
1777916736,loop29,0.00,0.00,0.000,0.000,0.00
1777916736,loop3,0.00,0.00,0.000,0.000,0.00
1777916736,loop30,0.00,0.00,0.000,0.000,0.00
1777916736,loop31,0.00,0.00,0.000,0.000,0.00
1777916736,loop32,0.00,0.00,0.000,0.000,0.00
1777916736,loop33,0.00,0.00,0.000,0.000,0.00
1777916736,loop34,0.00,0.00,0.000,0.000,0.00
1777916736,loop35,0.00,0.00,0.000,0.000,0.00
1777916736,loop36,0.00,0.00,0.000,0.000,0.00
1777916736,loop37,0.00,0.00,0.000,0.000,0.00
1777916736,loop38,0.00,0.00,0.000,0.000,0.00
1777916736,loop39,0.00,0.00,0.000,0.000,0.00
1777916736,loop4,0.00,0.00,0.000,0.000,0.00
1777916736,loop40,0.00,0.00,0.000,0.000,0.00
1777916736,loop5,0.00,0.00,0.000,0.000,0.00
1777916736,loop6,0.00,0.00,0.000,0.000,0.00
1777916736,loop7,0.00,0.00,0.000,0.000,0.00
1777916736,loop8,0.00,0.00,0.000,0.000,0.00
1777916736,loop9,0.00,0.00,0.000,0.000,0.00
1777916736,nvme0n1,0.00,0.00,0.000,0.000,5.30
1777916737,loop0,0.00,0.00,0.000,0.000,0.00
1777916737,loop1,0.00,0.00,0.000,0.000,0.00
1777916737,loop10,0.00,0.00,0.000,0.000,0.00
1777916737,loop11,0.00,0.00,0.000,0.000,0.00
1777916737,loop12,0.00,0.00,0.000,0.000,0.00
1777916737,loop13,0.00,0.00,0.000,0.000,0.00
1777916737,loop14,0.00,0.00,0.000,0.000,0.00
1777916737,loop15,0.00,0.00,0.000,0.000,0.00
1777916737,loop16,0.00,0.00,0.000,0.000,0.00
1777916737,loop17,0.00,0.00,0.000,0.000,0.00
1777916737,loop18,0.00,0.00,0.000,0.000,0.00
1777916737,loop19,0.00,0.00,0.000,0.000,0.00
1777916737,loop2,0.00,0.00,0.000,0.000,0.00
1777916737,loop20,0.00,0.00,0.000,0.000,0.00
1777916737,loop21,0.00,0.00,0.000,0.000,0.00
1777916737,loop22,0.00,0.00,0.000,0.000,0.00
1777916737,loop23,0.00,0.00,0.000,0.000,0.00
1777916737,loop24,0.00,0.00,0.000,0.000,0.00
1777916737,loop25,0.00,0.00,0.000,0.000,0.00
1777916737,loop26,0.00,0.00,0.000,0.000,0.00
1777916737,loop27,0.00,0.00,0.000,0.000,0.00
1777916737,loop28,0.00,0.00,0.000,0.000,0.00
1777916737,loop29,0.00,0.00,0.000,0.000,0.00
1777916737,loop3,0.00,0.00,0.000,0.000,0.00
1777916737,loop30,0.00,0.00,0.000,0.000,0.00
1777916737,loop31,0.00,0.00,0.000,0.000,0.00
1777916737,loop32,0.00,0.00,0.000,0.000,0.00
1777916737,loop33,0.00,0.00,0.000,0.000,0.00
1777916737,loop34,0.00,0.00,0.000,0.000,0.00
1777916737,loop35,0.00,0.00,0.000,0.000,0.00
1777916737,loop36,0.00,0.00,0.000,0.000,0.00
1777916737,loop37,0.00,0.00,0.000,0.000,0.00
1777916737,loop38,0.00,0.00,0.000,0.000,0.00
1777916737,loop39,0.00,0.00,0.000,0.000,0.00
1777916737,loop4,0.00,0.00,0.000,0.000,0.00
1777916737,loop40,0.00,0.00,0.000,0.000,0.00
1777916737,loop5,0.00,0.00,0.000,0.000,0.00
1777916737,loop6,0.00,0.00,0.000,0.000,0.00
1777916737,loop7,0.00,0.00,0.000,0.000,0.00
1777916737,loop8,0.00,0.00,0.000,0.000,0.00
1777916737,loop9,0.00,0.00,0.000,0.000,0.00
1777916737,nvme0n1,0.00,0.00,0.000,0.000,0.00
1777916738,loop0,0.00,0.00,0.000,0.000,0.00
1777916738,loop1,0.00,0.00,0.000,0.000,0.00
1777916738,loop10,0.00,0.00,0.000,0.000,0.00
1777916738,loop11,0.00,0.00,0.000,0.000,0.00
1777916738,loop12,0.00,0.00,0.000,0.000,0.00
1777916738,loop13,0.00,0.00,0.000,0.000,0.00
1777916738,loop14,0.00,0.00,0.000,0.000,0.00
1777916738,loop15,0.00,0.00,0.000,0.000,0.00
1777916738,loop16,0.00,0.00,0.000,0.000,0.00
1777916738,loop17,0.00,0.00,0.000,0.000,0.00
1777916738,loop18,0.00,0.00,0.000,0.000,0.00
1777916738,loop19,0.00,0.00,0.000,0.000,0.00
1777916738,loop2,0.00,0.00,0.000,0.000,0.00
1777916738,loop20,0.00,0.00,0.000,0.000,0.00
1777916738,loop21,0.00,0.00,0.000,0.000,0.00
1777916738,loop22,0.00,0.00,0.000,0.000,0.00
1777916738,loop23,0.00,0.00,0.000,0.000,0.00
1777916738,loop24,0.00,0.00,0.000,0.000,0.00
1777916738,loop25,0.00,0.00,0.000,0.000,0.00
1777916738,loop26,0.00,0.00,0.000,0.000,0.00
1777916738,loop27,0.00,0.00,0.000,0.000,0.00
1777916738,loop28,0.00,0.00,0.000,0.000,0.00
1777916738,loop29,0.00,0.00,0.000,0.000,0.00
1777916738,loop3,0.00,0.00,0.000,0.000,0.00
1777916738,loop30,0.00,0.00,0.000,0.000,0.00
1777916738,loop31,0.00,0.00,0.000,0.000,0.00
1777916738,loop32,0.00,0.00,0.000,0.000,0.00
1777916738,loop33,0.00,0.00,0.000,0.000,0.00
1777916738,loop34,0.00,0.00,0.000,0.000,0.00
1777916738,loop35,0.00,0.00,0.000,0.000,0.00
1777916738,loop36,0.00,0.00,0.000,0.000,0.00
1777916738,loop37,0.00,0.00,0.000,0.000,0.00
1777916738,loop38,0.00,0.00,0.000,0.000,0.00
1777916738,loop39,0.00,0.00,0.000,0.000,0.00
1777916738,loop4,0.00,0.00,0.000,0.000,0.00
1777916738,loop40,0.00,0.00,0.000,0.000,0.00
1777916738,loop5,0.00,0.00,0.000,0.000,0.00
1777916738,loop6,0.00,0.00,0.000,0.000,0.00
1777916738,loop7,0.00,0.00,0.000,0.000,0.00
1777916738,loop8,0.00,0.00,0.000,0.000,0.00
1777916738,loop9,0.00,0.00,0.000,0.000,0.00
1777916738,nvme0n1,0.00,0.00,0.000,0.000,0.00
1777916739,loop0,0.00,0.00,0.000,0.000,0.00
1777916739,loop1,0.00,0.00,0.000,0.000,0.00
1777916739,loop10,0.00,0.00,0.000,0.000,0.00
1777916739,loop11,0.00,0.00,0.000,0.000,0.00
1777916739,loop12,0.00,0.00,0.000,0.000,0.00
1777916739,loop13,0.00,0.00,0.000,0.000,0.00
1777916739,loop14,0.00,0.00,0.000,0.000,0.00
1777916739,loop15,0.00,0.00,0.000,0.000,0.00
1777916739,loop16,0.00,0.00,0.000,0.000,0.00
1777916739,loop17,0.00,0.00,0.000,0.000,0.00
1777916739,loop18,0.00,0.00,0.000,0.000,0.00
1777916739,loop19,0.00,0.00,0.000,0.000,0.00
1777916739,loop2,0.00,0.00,0.000,0.000,0.00
1777916739,loop20,0.00,0.00,0.000,0.000,0.00
1777916739,loop21,0.00,0.00,0.000,0.000,0.00
1777916739,loop22,0.00,0.00,0.000,0.000,0.00
1777916739,loop23,0.00,0.00,0.000,0.000,0.00
1777916739,loop24,0.00,0.00,0.000,0.000,0.00
1777916739,loop25,0.00,0.00,0.000,0.000,0.00
1777916739,loop26,0.00,0.00,0.000,0.000,0.00
1777916739,loop27,0.00,0.00,0.000,0.000,0.00
1777916739,loop28,0.00,0.00,0.000,0.000,0.00
1777916739,loop29,0.00,0.00,0.000,0.000,0.00
1777916739,loop3,0.00,0.00,0.000,0.000,0.00
1777916739,loop30,0.00,0.00,0.000,0.000,0.00
1777916739,loop31,0.00,0.00,0.000,0.000,0.00
1777916739,loop32,0.00,0.00,0.000,0.000,0.00
1777916739,loop33,0.00,0.00,0.000,0.000,0.00
1777916739,loop34,0.00,0.00,0.000,0.000,0.00
1777916739,loop35,0.00,0.00,0.000,0.000,0.00
1777916739,loop36,0.00,0.00,0.000,0.000,0.00
1777916739,loop37,0.00,0.00,0.000,0.000,0.00
1777916739,loop38,0.00,0.00,0.000,0.000,0.00
1777916739,loop39,0.00,0.00,0.000,0.000,0.00
1777916739,loop4,0.00,0.00,0.000,0.000,0.00
1777916739,loop40,0.00,0.00,0.000,0.000,0.00
1777916739,loop5,0.00,0.00,0.000,0.000,0.00
1777916739,loop6,0.00,0.00,0.000,0.000,0.00
1777916739,loop7,0.00,0.00,0.000,0.000,0.00
1777916739,loop8,0.00,0.00,0.000,0.000,0.00
1777916739,loop9,0.00,0.00,0.000,0.000,0.00
1777916739,nvme0n1,0.00,0.00,0.000,0.000,0.00
1777916740,loop0,0.00,0.00,0.000,0.000,0.00
1777916740,loop1,0.00,0.00,0.000,0.000,0.00
1777916740,loop10,0.00,0.00,0.000,0.000,0.00
1777916740,loop11,0.00,0.00,0.000,0.000,0.00
1777916740,loop12,0.00,0.00,0.000,0.000,0.00
1777916740,loop13,0.00,0.00,0.000,0.000,0.00
1777916740,loop14,0.00,0.00,0.000,0.000,0.00
1777916740,loop15,0.00,0.00,0.000,0.000,0.00
1777916740,loop16,0.00,0.00,0.000,0.000,0.00
1777916740,loop17,0.00,0.00,0.000,0.000,0.00
1777916740,loop18,0.00,0.00,0.000,0.000,0.00
1777916740,loop19,0.00,0.00,0.000,0.000,0.00
1777916740,loop2,0.00,0.00,0.000,0.000,0.00
1777916740,loop20,0.00,0.00,0.000,0.000,0.00
1777916740,loop21,0.00,0.00,0.000,0.000,0.00
1777916740,loop22,0.00,0.00,0.000,0.000,0.00
1777916740,loop23,0.00,0.00,0.000,0.000,0.00
1777916740,loop24,0.00,0.00,0.000,0.000,0.00
1777916740,loop25,0.00,0.00,0.000,0.000,0.00
1777916740,loop26,0.00,0.00,0.000,0.000,0.00
1777916740,loop27,0.00,0.00,0.000,0.000,0.00
1777916740,loop28,0.00,0.00,0.000,0.000,0.00
1777916740,loop29,0.00,0.00,0.000,0.000,0.00
1777916740,loop3,0.00,0.00,0.000,0.000,0.00
1777916740,loop30,0.00,0.00,0.000,0.000,0.00
1777916740,loop31,0.00,0.00,0.000,0.000,0.00
1777916740,loop32,0.00,0.00,0.000,0.000,0.00
1777916740,loop33,0.00,0.00,0.000,0.000,0.00
1777916740,loop34,0.00,0.00,0.000,0.000,0.00
1777916740,loop35,0.00,0.00,0.000,0.000,0.00
1777916740,loop36,0.00,0.00,0.000,0.000,0.00
1777916740,loop37,0.00,0.00,0.000,0.000,0.00
1777916740,loop38,0.00,0.00,0.000,0.000,0.00
1777916740,loop39,0.00,0.00,0.000,0.000,0.00
1777916740,loop4,0.00,0.00,0.000,0.000,0.00
1777916740,loop40,0.00,0.00,0.000,0.000,0.00
1777916740,loop5,0.00,0.00,0.000,0.000,0.00
1777916740,loop6,0.00,0.00,0.000,0.000,0.00
1777916740,loop7,0.00,0.00,0.000,0.000,0.00
1777916740,loop8,0.00,0.00,0.000,0.000,0.00
1777916740,loop9,0.00,0.00,0.000,0.000,0.00
1777916740,nvme0n1,0.00,0.00,0.000,0.000,2.00
1777916741,loop0,0.00,0.00,0.000,0.000,0.00
1777916741,loop1,0.00,0.00,0.000,0.000,0.00
1777916741,loop10,0.00,0.00,0.000,0.000,0.00
1777916741,loop11,0.00,0.00,0.000,0.000,0.00
1777916741,loop12,0.00,0.00,0.000,0.000,0.00
1777916741,loop13,0.00,0.00,0.000,0.000,0.00
1777916741,loop14,0.00,0.00,0.000,0.000,0.00
1777916741,loop15,0.00,0.00,0.000,0.000,0.00
1777916741,loop16,0.00,0.00,0.000,0.000,0.00
1777916741,loop17,0.00,0.00,0.000,0.000,0.00
1777916741,loop18,0.00,0.00,0.000,0.000,0.00
1777916741,loop19,0.00,0.00,0.000,0.000,0.00
1777916741,loop2,0.00,0.00,0.000,0.000,0.00
1777916741,loop20,0.00,0.00,0.000,0.000,0.00
1777916741,loop21,0.00,0.00,0.000,0.000,0.00
1777916741,loop22,0.00,0.00,0.000,0.000,0.00
1777916741,loop23,0.00,0.00,0.000,0.000,0.00
1777916741,loop24,0.00,0.00,0.000,0.000,0.00
1777916741,loop25,0.00,0.00,0.000,0.000,0.00
1777916741,loop26,0.00,0.00,0.000,0.000,0.00
1777916741,loop27,0.00,0.00,0.000,0.000,0.00
1777916741,loop28,0.00,0.00,0.000,0.000,0.00
1777916741,loop29,0.00,0.00,0.000,0.000,0.00
1777916741,loop3,0.00,0.00,0.000,0.000,0.00
1777916741,loop30,0.00,0.00,0.000,0.000,0.00
1777916741,loop31,0.00,0.00,0.000,0.000,0.00
1777916741,loop32,0.00,0.00,0.000,0.000,0.00
1777916741,loop33,0.00,0.00,0.000,0.000,0.00
1777916741,loop34,0.00,0.00,0.000,0.000,0.00
1777916741,loop35,0.00,0.00,0.000,0.000,0.00
1777916741,loop36,0.00,0.00,0.000,0.000,0.00
1777916741,loop37,0.00,0.00,0.000,0.000,0.00
1777916741,loop38,0.00,0.00,0.000,0.000,0.00
1777916741,loop39,0.00,0.00,0.000,0.000,0.00
1777916741,loop4,0.00,0.00,0.000,0.000,0.00
1777916741,loop40,0.00,0.00,0.000,0.000,0.00
1777916741,loop5,0.00,0.00,0.000,0.000,0.00
1777916741,loop6,0.00,0.00,0.000,0.000,0.00
1777916741,loop7,0.00,0.00,0.000,0.000,0.00
1777916741,loop8,0.00,0.00,0.000,0.000,0.00
1777916741,loop9,0.00,0.00,0.000,0.000,0.00
1777916741,nvme0n1,0.00,0.00,0.000,0.000,0.00
1777916742,loop0,0.00,0.00,0.000,0.000,0.00
1777916742,loop1,0.00,0.00,0.000,0.000,0.00
1777916742,loop10,0.00,0.00,0.000,0.000,0.00
1777916742,loop11,0.00,0.00,0.000,0.000,0.00
1777916742,loop12,0.00,0.00,0.000,0.000,0.00
1777916742,loop13,0.00,0.00,0.000,0.000,0.00
1777916742,loop14,0.00,0.00,0.000,0.000,0.00
1777916742,loop15,0.00,0.00,0.000,0.000,0.00
1777916742,loop16,0.00,0.00,0.000,0.000,0.00
1777916742,loop17,0.00,0.00,0.000,0.000,0.00
1777916742,loop18,0.00,0.00,0.000,0.000,0.00
1777916742,loop19,0.00,0.00,0.000,0.000,0.00
1777916742,loop2,0.00,0.00,0.000,0.000,0.00
1777916742,loop20,0.00,0.00,0.000,0.000,0.00
1777916742,loop21,0.00,0.00,0.000,0.000,0.00
1777916742,loop22,0.00,0.00,0.000,0.000,0.00
1777916742,loop23,0.00,0.00,0.000,0.000,0.00
1777916742,loop24,0.00,0.00,0.000,0.000,0.00
1777916742,loop25,0.00,0.00,0.000,0.000,0.00
1777916742,loop26,0.00,0.00,0.000,0.000,0.00
1777916742,loop27,0.00,0.00,0.000,0.000,0.00
1777916742,loop28,0.00,0.00,0.000,0.000,0.00
1777916742,loop29,0.00,0.00,0.000,0.000,0.00
1777916742,loop3,0.00,0.00,0.000,0.000,0.00
1777916742,loop30,0.00,0.00,0.000,0.000,0.00
1777916742,loop31,0.00,0.00,0.000,0.000,0.00
1777916742,loop32,0.00,0.00,0.000,0.000,0.00
1777916742,loop33,0.00,0.00,0.000,0.000,0.00
1777916742,loop34,0.00,0.00,0.000,0.000,0.00
1777916742,loop35,0.00,0.00,0.000,0.000,0.00
1777916742,loop36,0.00,0.00,0.000,0.000,0.00
1777916742,loop37,0.00,0.00,0.000,0.000,0.00
1777916742,loop38,0.00,0.00,0.000,0.000,0.00
1777916742,loop39,0.00,0.00,0.000,0.000,0.00
1777916742,loop4,0.00,0.00,0.000,0.000,0.00
1777916742,loop40,0.00,0.00,0.000,0.000,0.00
1777916742,loop5,0.00,0.00,0.000,0.000,0.00
1777916742,loop6,0.00,0.00,0.000,0.000,0.00
1777916742,loop7,0.00,0.00,0.000,0.000,0.00
1777916742,loop8,0.00,0.00,0.000,0.000,0.00
1777916742,loop9,0.00,0.00,0.000,0.000,0.00
1777916742,nvme0n1,0.00,0.00,0.000,0.000,0.50
1777916743,loop0,0.00,0.00,0.000,0.000,0.00
1777916743,loop1,0.00,0.00,0.000,0.000,0.00
1777916743,loop10,0.00,0.00,0.000,0.000,0.00
1777916743,loop11,0.00,0.00,0.000,0.000,0.00
1777916743,loop12,0.00,0.00,0.000,0.000,0.00
1777916743,loop13,0.00,0.00,0.000,0.000,0.00
1777916743,loop14,0.00,0.00,0.000,0.000,0.00
1777916743,loop15,0.00,0.00,0.000,0.000,0.00
1777916743,loop16,0.00,0.00,0.000,0.000,0.00
1777916743,loop17,0.00,0.00,0.000,0.000,0.00
1777916743,loop18,0.00,0.00,0.000,0.000,0.00
1777916743,loop19,0.00,0.00,0.000,0.000,0.00
1777916743,loop2,0.00,0.00,0.000,0.000,0.00
1777916743,loop20,0.00,0.00,0.000,0.000,0.00
1777916743,loop21,0.00,0.00,0.000,0.000,0.00
1777916743,loop22,0.00,0.00,0.000,0.000,0.00
1777916743,loop23,0.00,0.00,0.000,0.000,0.00
1777916743,loop24,0.00,0.00,0.000,0.000,0.00
1777916743,loop25,0.00,0.00,0.000,0.000,0.00
1777916743,loop26,0.00,0.00,0.000,0.000,0.00
1777916743,loop27,0.00,0.00,0.000,0.000,0.00
1777916743,loop28,0.00,0.00,0.000,0.000,0.00
1777916743,loop29,0.00,0.00,0.000,0.000,0.00
1777916743,loop3,0.00,0.00,0.000,0.000,0.00
1777916743,loop30,0.00,0.00,0.000,0.000,0.00
1777916743,loop31,0.00,0.00,0.000,0.000,0.00
1777916743,loop32,0.00,0.00,0.000,0.000,0.00
1777916743,loop33,0.00,0.00,0.000,0.000,0.00
1777916743,loop34,0.00,0.00,0.000,0.000,0.00
1777916743,loop35,0.00,0.00,0.000,0.000,0.00
1777916743,loop36,0.00,0.00,0.000,0.000,0.00
1777916743,loop37,0.00,0.00,0.000,0.000,0.00
1777916743,loop38,0.00,0.00,0.000,0.000,0.00
1777916743,loop39,0.00,0.00,0.000,0.000,0.00
1777916743,loop4,0.00,0.00,0.000,0.000,0.00
1777916743,loop40,0.00,0.00,0.000,0.000,0.00
1777916743,loop5,0.00,0.00,0.000,0.000,0.00
1777916743,loop6,0.00,0.00,0.000,0.000,0.00
1777916743,loop7,0.00,0.00,0.000,0.000,0.00
1777916743,loop8,0.00,0.00,0.000,0.000,0.00
1777916743,loop9,0.00,0.00,0.000,0.000,0.00
1777916743,nvme0n1,0.00,0.00,0.000,0.000,0.00
1777916744,loop0,0.00,0.00,0.000,0.000,0.00
1777916744,loop1,0.00,0.00,0.000,0.000,0.00
1777916744,loop10,0.00,0.00,0.000,0.000,0.00
1777916744,loop11,0.00,0.00,0.000,0.000,0.00
1777916744,loop12,0.00,0.00,0.000,0.000,0.00
1777916744,loop13,0.00,0.00,0.000,0.000,0.00
1777916744,loop14,0.00,0.00,0.000,0.000,0.00
1777916744,loop15,0.00,0.00,0.000,0.000,0.00
1777916744,loop16,0.00,0.00,0.000,0.000,0.00
1777916744,loop17,0.00,0.00,0.000,0.000,0.00
1777916744,loop18,0.00,0.00,0.000,0.000,0.00
1777916744,loop19,0.00,0.00,0.000,0.000,0.00
1777916744,loop2,0.00,0.00,0.000,0.000,0.00
1777916744,loop20,0.00,0.00,0.000,0.000,0.00
1777916744,loop21,0.00,0.00,0.000,0.000,0.00
1777916744,loop22,0.00,0.00,0.000,0.000,0.00
1777916744,loop23,0.00,0.00,0.000,0.000,0.00
1777916744,loop24,0.00,0.00,0.000,0.000,0.00
1777916744,loop25,0.00,0.00,0.000,0.000,0.00
1777916744,loop26,0.00,0.00,0.000,0.000,0.00
1777916744,loop27,0.00,0.00,0.000,0.000,0.00
1777916744,loop28,0.00,0.00,0.000,0.000,0.00
1777916744,loop29,0.00,0.00,0.000,0.000,0.00
1777916744,loop3,0.00,0.00,0.000,0.000,0.00
1777916744,loop30,0.00,0.00,0.000,0.000,0.00
1777916744,loop31,0.00,0.00,0.000,0.000,0.00
1777916744,loop32,0.00,0.00,0.000,0.000,0.00
1777916744,loop33,0.00,0.00,0.000,0.000,0.00
1777916744,loop34,0.00,0.00,0.000,0.000,0.00
1777916744,loop35,0.00,0.00,0.000,0.000,0.00
1777916744,loop36,0.00,0.00,0.000,0.000,0.00
1777916744,loop37,0.00,0.00,0.000,0.000,0.00
1777916744,loop38,0.00,0.00,0.000,0.000,0.00
1777916744,loop39,0.00,0.00,0.000,0.000,0.00
1777916744,loop4,0.00,0.00,0.000,0.000,0.00
1777916744,loop40,0.00,0.00,0.000,0.000,0.00
1777916744,loop5,0.00,0.00,0.000,0.000,0.00
1777916744,loop6,0.00,0.00,0.000,0.000,0.00
1777916744,loop7,0.00,0.00,0.000,0.000,0.00
1777916744,loop8,0.00,0.00,0.000,0.000,0.00
1777916744,loop9,0.00,0.00,0.000,0.000,0.00
1777916744,nvme0n1,0.00,0.00,0.000,0.000,0.00
1777916745,loop0,0.00,0.00,0.000,0.000,0.00
1777916745,loop1,0.00,0.00,0.000,0.000,0.00
1777916745,loop10,0.00,0.00,0.000,0.000,0.00
1777916745,loop11,0.00,0.00,0.000,0.000,0.00
1777916745,loop12,0.00,0.00,0.000,0.000,0.00
1777916745,loop13,0.00,0.00,0.000,0.000,0.00
1777916745,loop14,0.00,0.00,0.000,0.000,0.00
1777916745,loop15,0.00,0.00,0.000,0.000,0.00
1777916745,loop16,0.00,0.00,0.000,0.000,0.00
1777916745,loop17,0.00,0.00,0.000,0.000,0.00
1777916745,loop18,0.00,0.00,0.000,0.000,0.00
1777916745,loop19,0.00,0.00,0.000,0.000,0.00
1777916745,loop2,0.00,0.00,0.000,0.000,0.00
1777916745,loop20,0.00,0.00,0.000,0.000,0.00
1777916745,loop21,0.00,0.00,0.000,0.000,0.00
1777916745,loop22,0.00,0.00,0.000,0.000,0.00
1777916745,loop23,0.00,0.00,0.000,0.000,0.00
1777916745,loop24,0.00,0.00,0.000,0.000,0.00
1777916745,loop25,0.00,0.00,0.000,0.000,0.00
1777916745,loop26,0.00,0.00,0.000,0.000,0.00
1777916745,loop27,0.00,0.00,0.000,0.000,0.00
1777916745,loop28,0.00,0.00,0.000,0.000,0.00
1777916745,loop29,0.00,0.00,0.000,0.000,0.00
1777916745,loop3,0.00,0.00,0.000,0.000,0.00
1777916745,loop30,0.00,0.00,0.000,0.000,0.00
1777916745,loop31,0.00,0.00,0.000,0.000,0.00
1777916745,loop32,0.00,0.00,0.000,0.000,0.00
1777916745,loop33,0.00,0.00,0.000,0.000,0.00
1777916745,loop34,0.00,0.00,0.000,0.000,0.00
1777916745,loop35,0.00,0.00,0.000,0.000,0.00
1777916745,loop36,0.00,0.00,0.000,0.000,0.00
1777916745,loop37,0.00,0.00,0.000,0.000,0.00
1777916745,loop38,0.00,0.00,0.000,0.000,0.00
1777916745,loop39,0.00,0.00,0.000,0.000,0.00
1777916745,loop4,0.00,0.00,0.000,0.000,0.00
1777916745,loop40,0.00,0.00,0.000,0.000,0.00
1777916745,loop5,0.00,0.00,0.000,0.000,0.00
1777916745,loop6,0.00,0.00,0.000,0.000,0.00
1777916745,loop7,0.00,0.00,0.000,0.000,0.00
1777916745,loop8,0.00,0.00,0.000,0.000,0.00
1777916745,loop9,0.00,0.00,0.000,0.000,0.00
1777916745,nvme0n1,0.00,0.00,0.000,0.000,0.00
1777916746,loop0,0.00,0.00,0.000,0.000,0.00
1777916746,loop1,0.00,0.00,0.000,0.000,0.00
1777916746,loop10,0.00,0.00,0.000,0.000,0.00
1777916746,loop11,0.00,0.00,0.000,0.000,0.00
1777916746,loop12,0.00,0.00,0.000,0.000,0.00
1777916746,loop13,0.00,0.00,0.000,0.000,0.00
1777916746,loop14,0.00,0.00,0.000,0.000,0.00
1777916746,loop15,0.00,0.00,0.000,0.000,0.00
1777916746,loop16,0.00,0.00,0.000,0.000,0.00
1777916746,loop17,0.00,0.00,0.000,0.000,0.00
1777916746,loop18,0.00,0.00,0.000,0.000,0.00
1777916746,loop19,0.00,0.00,0.000,0.000,0.00
1777916746,loop2,0.00,0.00,0.000,0.000,0.00
1777916746,loop20,0.00,0.00,0.000,0.000,0.00
1777916746,loop21,0.00,0.00,0.000,0.000,0.00
1777916746,loop22,0.00,0.00,0.000,0.000,0.00
1777916746,loop23,0.00,0.00,0.000,0.000,0.00
1777916746,loop24,0.00,0.00,0.000,0.000,0.00
1777916746,loop25,0.00,0.00,0.000,0.000,0.00
1777916746,loop26,0.00,0.00,0.000,0.000,0.00
1777916746,loop27,0.00,0.00,0.000,0.000,0.00
1777916746,loop28,0.00,0.00,0.000,0.000,0.00
1777916746,loop29,0.00,0.00,0.000,0.000,0.00
1777916746,loop3,0.00,0.00,0.000,0.000,0.00
1777916746,loop30,0.00,0.00,0.000,0.000,0.00
1777916746,loop31,0.00,0.00,0.000,0.000,0.00
1777916746,loop32,0.00,0.00,0.000,0.000,0.00
1777916746,loop33,0.00,0.00,0.000,0.000,0.00
1777916746,loop34,0.00,0.00,0.000,0.000,0.00
1777916746,loop35,0.00,0.00,0.000,0.000,0.00
1777916746,loop36,0.00,0.00,0.000,0.000,0.00
1777916746,loop37,0.00,0.00,0.000,0.000,0.00
1777916746,loop38,0.00,0.00,0.000,0.000,0.00
1777916746,loop39,0.00,0.00,0.000,0.000,0.00
1777916746,loop4,0.00,0.00,0.000,0.000,0.00
1777916746,loop40,0.00,0.00,0.000,0.000,0.00
1777916746,loop5,0.00,0.00,0.000,0.000,0.00
1777916746,loop6,0.00,0.00,0.000,0.000,0.00
1777916746,loop7,0.00,0.00,0.000,0.000,0.00
1777916746,loop8,0.00,0.00,0.000,0.000,0.00
1777916746,loop9,0.00,0.00,0.000,0.000,0.00
1777916746,nvme0n1,0.00,0.00,0.000,0.000,0.00
1777916747,loop0,0.00,0.00,0.000,0.000,0.00
1777916747,loop1,0.00,0.00,0.000,0.000,0.00
1777916747,loop10,0.00,0.00,0.000,0.000,0.00
1777916747,loop11,0.00,0.00,0.000,0.000,0.00
1777916747,loop12,0.00,0.00,0.000,0.000,0.00
1777916747,loop13,0.00,0.00,0.000,0.000,0.00
1777916747,loop14,0.00,0.00,0.000,0.000,0.00
1777916747,loop15,0.00,0.00,0.000,0.000,0.00
1777916747,loop16,0.00,0.00,0.000,0.000,0.00
1777916747,loop17,0.00,0.00,0.000,0.000,0.00
1777916747,loop18,0.00,0.00,0.000,0.000,0.00
1777916747,loop19,0.00,0.00,0.000,0.000,0.00
1777916747,loop2,0.00,0.00,0.000,0.000,0.00
1777916747,loop20,0.00,0.00,0.000,0.000,0.00
1777916747,loop21,0.00,0.00,0.000,0.000,0.00
1777916747,loop22,0.00,0.00,0.000,0.000,0.00
1777916747,loop23,0.00,0.00,0.000,0.000,0.00
1777916747,loop24,0.00,0.00,0.000,0.000,0.00
1777916747,loop25,0.00,0.00,0.000,0.000,0.00
1777916747,loop26,0.00,0.00,0.000,0.000,0.00
1777916747,loop27,0.00,0.00,0.000,0.000,0.00
1777916747,loop28,0.00,0.00,0.000,0.000,0.00
1777916747,loop29,0.00,0.00,0.000,0.000,0.00
1777916747,loop3,0.00,0.00,0.000,0.000,0.00
1777916747,loop30,0.00,0.00,0.000,0.000,0.00
1777916747,loop31,0.00,0.00,0.000,0.000,0.00
1777916747,loop32,0.00,0.00,0.000,0.000,0.00
1777916747,loop33,0.00,0.00,0.000,0.000,0.00
1777916747,loop34,0.00,0.00,0.000,0.000,0.00
1777916747,loop35,0.00,0.00,0.000,0.000,0.00
1777916747,loop36,0.00,0.00,0.000,0.000,0.00
1777916747,loop37,0.00,0.00,0.000,0.000,0.00
1777916747,loop38,0.00,0.00,0.000,0.000,0.00
1777916747,loop39,0.00,0.00,0.000,0.000,0.00
1777916747,loop4,0.00,0.00,0.000,0.000,0.00
1777916747,loop40,0.00,0.00,0.000,0.000,0.00
1777916747,loop5,0.00,0.00,0.000,0.000,0.00
1777916747,loop6,0.00,0.00,0.000,0.000,0.00
1777916747,loop7,0.00,0.00,0.000,0.000,0.00
1777916747,loop8,0.00,0.00,0.000,0.000,0.00
1777916747,loop9,0.00,0.00,0.000,0.000,0.00
1777916747,nvme0n1,0.00,0.00,0.000,0.000,5.30
1777916748,loop0,0.00,0.00,0.000,0.000,0.00
1777916748,loop1,0.00,0.00,0.000,0.000,0.00
1777916748,loop10,0.00,0.00,0.000,0.000,0.00
1777916748,loop11,0.00,0.00,0.000,0.000,0.00
1777916748,loop12,0.00,0.00,0.000,0.000,0.00
1777916748,loop13,0.00,0.00,0.000,0.000,0.00
1777916748,loop14,0.00,0.00,0.000,0.000,0.00
1777916748,loop15,0.00,0.00,0.000,0.000,0.00
1777916748,loop16,0.00,0.00,0.000,0.000,0.00
1777916748,loop17,0.00,0.00,0.000,0.000,0.00
1777916748,loop18,0.00,0.00,0.000,0.000,0.00
1777916748,loop19,0.00,0.00,0.000,0.000,0.00
1777916748,loop2,0.00,0.00,0.000,0.000,0.00
1777916748,loop20,0.00,0.00,0.000,0.000,0.00
1777916748,loop21,0.00,0.00,0.000,0.000,0.00
1777916748,loop22,0.00,0.00,0.000,0.000,0.00
1777916748,loop23,0.00,0.00,0.000,0.000,0.00
1777916748,loop24,0.00,0.00,0.000,0.000,0.00
1777916748,loop25,0.00,0.00,0.000,0.000,0.00
1777916748,loop26,0.00,0.00,0.000,0.000,0.00
1777916748,loop27,0.00,0.00,0.000,0.000,0.00
1777916748,loop28,0.00,0.00,0.000,0.000,0.00
1777916748,loop29,0.00,0.00,0.000,0.000,0.00
1777916748,loop3,0.00,0.00,0.000,0.000,0.00
1777916748,loop30,0.00,0.00,0.000,0.000,0.00
1777916748,loop31,0.00,0.00,0.000,0.000,0.00
1777916748,loop32,0.00,0.00,0.000,0.000,0.00
1777916748,loop33,0.00,0.00,0.000,0.000,0.00
1777916748,loop34,0.00,0.00,0.000,0.000,0.00
1777916748,loop35,0.00,0.00,0.000,0.000,0.00
1777916748,loop36,0.00,0.00,0.000,0.000,0.00
1777916748,loop37,0.00,0.00,0.000,0.000,0.00
1777916748,loop38,0.00,0.00,0.000,0.000,0.00
1777916748,loop39,0.00,0.00,0.000,0.000,0.00
1777916748,loop4,0.00,0.00,0.000,0.000,0.00
1777916748,loop40,0.00,0.00,0.000,0.000,0.00
1777916748,loop5,0.00,0.00,0.000,0.000,0.00
1777916748,loop6,0.00,0.00,0.000,0.000,0.00
1777916748,loop7,0.00,0.00,0.000,0.000,0.00
1777916748,loop8,0.00,0.00,0.000,0.000,0.00
1777916748,loop9,0.00,0.00,0.000,0.000,0.00
1777916748,nvme0n1,0.00,0.00,0.000,0.000,0.00
1777916749,loop0,0.00,0.00,0.000,0.000,0.00
1777916749,loop1,0.00,0.00,0.000,0.000,0.00
1777916749,loop10,0.00,0.00,0.000,0.000,0.00
1777916749,loop11,0.00,0.00,0.000,0.000,0.00
1777916749,loop12,0.00,0.00,0.000,0.000,0.00
1777916749,loop13,0.00,0.00,0.000,0.000,0.00
1777916749,loop14,0.00,0.00,0.000,0.000,0.00
1777916749,loop15,0.00,0.00,0.000,0.000,0.00
1777916749,loop16,0.00,0.00,0.000,0.000,0.00
1777916749,loop17,0.00,0.00,0.000,0.000,0.00
1777916749,loop18,0.00,0.00,0.000,0.000,0.00
1777916749,loop19,0.00,0.00,0.000,0.000,0.00
1777916749,loop2,0.00,0.00,0.000,0.000,0.00
1777916749,loop20,0.00,0.00,0.000,0.000,0.00
1777916749,loop21,0.00,0.00,0.000,0.000,0.00
1777916749,loop22,0.00,0.00,0.000,0.000,0.00
1777916749,loop23,0.00,0.00,0.000,0.000,0.00
1777916749,loop24,0.00,0.00,0.000,0.000,0.00
1777916749,loop25,0.00,0.00,0.000,0.000,0.00
1777916749,loop26,0.00,0.00,0.000,0.000,0.00
1777916749,loop27,0.00,0.00,0.000,0.000,0.00
1777916749,loop28,0.00,0.00,0.000,0.000,0.00
1777916749,loop29,0.00,0.00,0.000,0.000,0.00
1777916749,loop3,0.00,0.00,0.000,0.000,0.00
1777916749,loop30,0.00,0.00,0.000,0.000,0.00
1777916749,loop31,0.00,0.00,0.000,0.000,0.00
1777916749,loop32,0.00,0.00,0.000,0.000,0.00
1777916749,loop33,0.00,0.00,0.000,0.000,0.00
1777916749,loop34,0.00,0.00,0.000,0.000,0.00
1777916749,loop35,0.00,0.00,0.000,0.000,0.00
1777916749,loop36,0.00,0.00,0.000,0.000,0.00
1777916749,loop37,0.00,0.00,0.000,0.000,0.00
1777916749,loop38,0.00,0.00,0.000,0.000,0.00
1777916749,loop39,0.00,0.00,0.000,0.000,0.00
1777916749,loop4,0.00,0.00,0.000,0.000,0.00
1777916749,loop40,0.00,0.00,0.000,0.000,0.00
1777916749,loop5,0.00,0.00,0.000,0.000,0.00
1777916749,loop6,0.00,0.00,0.000,0.000,0.00
1777916749,loop7,0.00,0.00,0.000,0.000,0.00
1777916749,loop8,0.00,0.00,0.000,0.000,0.00
1777916749,loop9,0.00,0.00,0.000,0.000,0.00
1777916749,nvme0n1,0.00,0.00,0.000,0.000,0.00
1777916750,loop0,0.00,0.00,0.000,0.000,0.00
1777916750,loop1,0.00,0.00,0.000,0.000,0.00
1777916750,loop10,0.00,0.00,0.000,0.000,0.00
1777916750,loop11,0.00,0.00,0.000,0.000,0.00
1777916750,loop12,0.00,0.00,0.000,0.000,0.00
1777916750,loop13,0.00,0.00,0.000,0.000,0.00
1777916750,loop14,0.00,0.00,0.000,0.000,0.00
1777916750,loop15,0.00,0.00,0.000,0.000,0.00
1777916750,loop16,0.00,0.00,0.000,0.000,0.00
1777916750,loop17,0.00,0.00,0.000,0.000,0.00
1777916750,loop18,0.00,0.00,0.000,0.000,0.00
1777916750,loop19,0.00,0.00,0.000,0.000,0.00
1777916750,loop2,0.00,0.00,0.000,0.000,0.00
1777916750,loop20,0.00,0.00,0.000,0.000,0.00
1777916750,loop21,0.00,0.00,0.000,0.000,0.00
1777916750,loop22,0.00,0.00,0.000,0.000,0.00
1777916750,loop23,0.00,0.00,0.000,0.000,0.00
1777916750,loop24,0.00,0.00,0.000,0.000,0.00
1777916750,loop25,0.00,0.00,0.000,0.000,0.00
1777916750,loop26,0.00,0.00,0.000,0.000,0.00
1777916750,loop27,0.00,0.00,0.000,0.000,0.00
1777916750,loop28,0.00,0.00,0.000,0.000,0.00
1777916750,loop29,0.00,0.00,0.000,0.000,0.00
1777916750,loop3,0.00,0.00,0.000,0.000,0.00
1777916750,loop30,0.00,0.00,0.000,0.000,0.00
1777916750,loop31,0.00,0.00,0.000,0.000,0.00
1777916750,loop32,0.00,0.00,0.000,0.000,0.00
1777916750,loop33,0.00,0.00,0.000,0.000,0.00
1777916750,loop34,0.00,0.00,0.000,0.000,0.00
1777916750,loop35,0.00,0.00,0.000,0.000,0.00
1777916750,loop36,0.00,0.00,0.000,0.000,0.00
1777916750,loop37,0.00,0.00,0.000,0.000,0.00
1777916750,loop38,0.00,0.00,0.000,0.000,0.00
1777916750,loop39,0.00,0.00,0.000,0.000,0.00
1777916750,loop4,0.00,0.00,0.000,0.000,0.00
1777916750,loop40,0.00,0.00,0.000,0.000,0.00
1777916750,loop5,0.00,0.00,0.000,0.000,0.00
1777916750,loop6,0.00,0.00,0.000,0.000,0.00
1777916750,loop7,0.00,0.00,0.000,0.000,0.00
1777916750,loop8,0.00,0.00,0.000,0.000,0.00
1777916750,loop9,0.00,0.00,0.000,0.000,0.00
1777916750,nvme0n1,0.00,0.00,0.000,0.000,0.00
1777916751,loop0,0.00,0.00,0.000,0.000,0.00
1777916751,loop1,0.00,0.00,0.000,0.000,0.00
1777916751,loop10,0.00,0.00,0.000,0.000,0.00
1777916751,loop11,0.00,0.00,0.000,0.000,0.00
1777916751,loop12,0.00,0.00,0.000,0.000,0.00
1777916751,loop13,0.00,0.00,0.000,0.000,0.00
1777916751,loop14,0.00,0.00,0.000,0.000,0.00
1777916751,loop15,0.00,0.00,0.000,0.000,0.00
1777916751,loop16,0.00,0.00,0.000,0.000,0.00
1777916751,loop17,0.00,0.00,0.000,0.000,0.00
1777916751,loop18,0.00,0.00,0.000,0.000,0.00
1777916751,loop19,0.00,0.00,0.000,0.000,0.00
1777916751,loop2,0.00,0.00,0.000,0.000,0.00
1777916751,loop20,0.00,0.00,0.000,0.000,0.00
1777916751,loop21,0.00,0.00,0.000,0.000,0.00
1777916751,loop22,0.00,0.00,0.000,0.000,0.00
1777916751,loop23,0.00,0.00,0.000,0.000,0.00
1777916751,loop24,0.00,0.00,0.000,0.000,0.00
1777916751,loop25,0.00,0.00,0.000,0.000,0.00
1777916751,loop26,0.00,0.00,0.000,0.000,0.00
1777916751,loop27,0.00,0.00,0.000,0.000,0.00
1777916751,loop28,0.00,0.00,0.000,0.000,0.00
1777916751,loop29,0.00,0.00,0.000,0.000,0.00
1777916751,loop3,0.00,0.00,0.000,0.000,0.00
1777916751,loop30,0.00,0.00,0.000,0.000,0.00
1777916751,loop31,0.00,0.00,0.000,0.000,0.00
1777916751,loop32,0.00,0.00,0.000,0.000,0.00
1777916751,loop33,0.00,0.00,0.000,0.000,0.00
1777916751,loop34,0.00,0.00,0.000,0.000,0.00
1777916751,loop35,0.00,0.00,0.000,0.000,0.00
1777916751,loop36,0.00,0.00,0.000,0.000,0.00
1777916751,loop37,0.00,0.00,0.000,0.000,0.00
1777916751,loop38,0.00,0.00,0.000,0.000,0.00
1777916751,loop39,0.00,0.00,0.000,0.000,0.00
1777916751,loop4,0.00,0.00,0.000,0.000,0.00
1777916751,loop40,0.00,0.00,0.000,0.000,0.00
1777916751,loop5,0.00,0.00,0.000,0.000,0.00
1777916751,loop6,0.00,0.00,0.000,0.000,0.00
1777916751,loop7,0.00,0.00,0.000,0.000,0.00
1777916751,loop8,0.00,0.00,0.000,0.000,0.00
1777916751,loop9,0.00,0.00,0.000,0.000,0.00
1777916751,nvme0n1,0.00,0.00,0.000,0.000,2.10
1777916752,loop0,0.00,0.00,0.000,0.000,0.00
1777916752,loop1,0.00,0.00,0.000,0.000,0.00
1777916752,loop10,0.00,0.00,0.000,0.000,0.00
1777916752,loop11,0.00,0.00,0.000,0.000,0.00
1777916752,loop12,0.00,0.00,0.000,0.000,0.00
1777916752,loop13,0.00,0.00,0.000,0.000,0.00
1777916752,loop14,0.00,0.00,0.000,0.000,0.00
1777916752,loop15,0.00,0.00,0.000,0.000,0.00
1777916752,loop16,0.00,0.00,0.000,0.000,0.00
1777916752,loop17,0.00,0.00,0.000,0.000,0.00
1777916752,loop18,0.00,0.00,0.000,0.000,0.00
1777916752,loop19,0.00,0.00,0.000,0.000,0.00
1777916752,loop2,0.00,0.00,0.000,0.000,0.00
1777916752,loop20,0.00,0.00,0.000,0.000,0.00
1777916752,loop21,0.00,0.00,0.000,0.000,0.00
1777916752,loop22,0.00,0.00,0.000,0.000,0.00
1777916752,loop23,0.00,0.00,0.000,0.000,0.00
1777916752,loop24,0.00,0.00,0.000,0.000,0.00
1777916752,loop25,0.00,0.00,0.000,0.000,0.00
1777916752,loop26,0.00,0.00,0.000,0.000,0.00
1777916752,loop27,0.00,0.00,0.000,0.000,0.00
1777916752,loop28,0.00,0.00,0.000,0.000,0.00
1777916752,loop29,0.00,0.00,0.000,0.000,0.00
1777916752,loop3,0.00,0.00,0.000,0.000,0.00
1777916752,loop30,0.00,0.00,0.000,0.000,0.00
1777916752,loop31,0.00,0.00,0.000,0.000,0.00
1777916752,loop32,0.00,0.00,0.000,0.000,0.00
1777916752,loop33,0.00,0.00,0.000,0.000,0.00
1777916752,loop34,0.00,0.00,0.000,0.000,0.00
1777916752,loop35,0.00,0.00,0.000,0.000,0.00
1777916752,loop36,0.00,0.00,0.000,0.000,0.00
1777916752,loop37,0.00,0.00,0.000,0.000,0.00
1777916752,loop38,0.00,0.00,0.000,0.000,0.00
1777916752,loop39,0.00,0.00,0.000,0.000,0.00
1777916752,loop4,0.00,0.00,0.000,0.000,0.00
1777916752,loop40,0.00,0.00,0.000,0.000,0.00
1777916752,loop5,0.00,0.00,0.000,0.000,0.00
1777916752,loop6,0.00,0.00,0.000,0.000,0.00
1777916752,loop7,0.00,0.00,0.000,0.000,0.00
1777916752,loop8,0.00,0.00,0.000,0.000,0.00
1777916752,loop9,0.00,0.00,0.000,0.000,0.00
1777916752,nvme0n1,0.00,0.00,0.000,0.000,0.00
1777916753,loop0,0.00,0.00,0.000,0.000,0.00
1777916753,loop1,0.00,0.00,0.000,0.000,0.00
1777916753,loop10,0.00,0.00,0.000,0.000,0.00
1777916753,loop11,0.00,0.00,0.000,0.000,0.00
1777916753,loop12,0.00,0.00,0.000,0.000,0.00
1777916753,loop13,0.00,0.00,0.000,0.000,0.00
1777916753,loop14,0.00,0.00,0.000,0.000,0.00
1777916753,loop15,0.00,0.00,0.000,0.000,0.00
1777916753,loop16,0.00,0.00,0.000,0.000,0.00
1777916753,loop17,0.00,0.00,0.000,0.000,0.00
1777916753,loop18,0.00,0.00,0.000,0.000,0.00
1777916753,loop19,0.00,0.00,0.000,0.000,0.00
1777916753,loop2,0.00,0.00,0.000,0.000,0.00
1777916753,loop20,0.00,0.00,0.000,0.000,0.00
1777916753,loop21,0.00,0.00,0.000,0.000,0.00
1777916753,loop22,0.00,0.00,0.000,0.000,0.00
1777916753,loop23,0.00,0.00,0.000,0.000,0.00
1777916753,loop24,0.00,0.00,0.000,0.000,0.00
1777916753,loop25,0.00,0.00,0.000,0.000,0.00
1777916753,loop26,0.00,0.00,0.000,0.000,0.00
1777916753,loop27,0.00,0.00,0.000,0.000,0.00
1777916753,loop28,0.00,0.00,0.000,0.000,0.00
1777916753,loop29,0.00,0.00,0.000,0.000,0.00
1777916753,loop3,0.00,0.00,0.000,0.000,0.00
1777916753,loop30,0.00,0.00,0.000,0.000,0.00
1777916753,loop31,0.00,0.00,0.000,0.000,0.00
1777916753,loop32,0.00,0.00,0.000,0.000,0.00
1777916753,loop33,0.00,0.00,0.000,0.000,0.00
1777916753,loop34,0.00,0.00,0.000,0.000,0.00
1777916753,loop35,0.00,0.00,0.000,0.000,0.00
1777916753,loop36,0.00,0.00,0.000,0.000,0.00
1777916753,loop37,0.00,0.00,0.000,0.000,0.00
1777916753,loop38,0.00,0.00,0.000,0.000,0.00
1777916753,loop39,0.00,0.00,0.000,0.000,0.00
1777916753,loop4,0.00,0.00,0.000,0.000,0.00
1777916753,loop40,0.00,0.00,0.000,0.000,0.00
1777916753,loop5,0.00,0.00,0.000,0.000,0.00
1777916753,loop6,0.00,0.00,0.000,0.000,0.00
1777916753,loop7,0.00,0.00,0.000,0.000,0.00
1777916753,loop8,0.00,0.00,0.000,0.000,0.00
1777916753,loop9,0.00,0.00,0.000,0.000,0.00
1777916753,nvme0n1,0.00,0.00,0.000,0.000,0.50
1777916754,loop0,0.00,0.00,0.000,0.000,0.00
1777916754,loop1,0.00,0.00,0.000,0.000,0.00
1777916754,loop10,0.00,0.00,0.000,0.000,0.00
1777916754,loop11,0.00,0.00,0.000,0.000,0.00
1777916754,loop12,0.00,0.00,0.000,0.000,0.00
1777916754,loop13,0.00,0.00,0.000,0.000,0.00
1777916754,loop14,0.00,0.00,0.000,0.000,0.00
1777916754,loop15,0.00,0.00,0.000,0.000,0.00
1777916754,loop16,0.00,0.00,0.000,0.000,0.00
1777916754,loop17,0.00,0.00,0.000,0.000,0.00
1777916754,loop18,0.00,0.00,0.000,0.000,0.00
1777916754,loop19,0.00,0.00,0.000,0.000,0.00
1777916754,loop2,0.00,0.00,0.000,0.000,0.00
1777916754,loop20,0.00,0.00,0.000,0.000,0.00
1777916754,loop21,0.00,0.00,0.000,0.000,0.00
1777916754,loop22,0.00,0.00,0.000,0.000,0.00
1777916754,loop23,0.00,0.00,0.000,0.000,0.00
1777916754,loop24,0.00,0.00,0.000,0.000,0.00
1777916754,loop25,0.00,0.00,0.000,0.000,0.00
1777916754,loop26,0.00,0.00,0.000,0.000,0.00
1777916754,loop27,0.00,0.00,0.000,0.000,0.00
1777916754,loop28,0.00,0.00,0.000,0.000,0.00
1777916754,loop29,0.00,0.00,0.000,0.000,0.00
1777916754,loop3,0.00,0.00,0.000,0.000,0.00
1777916754,loop30,0.00,0.00,0.000,0.000,0.00
1777916754,loop31,0.00,0.00,0.000,0.000,0.00
1777916754,loop32,0.00,0.00,0.000,0.000,0.00
1777916754,loop33,0.00,0.00,0.000,0.000,0.00
1777916754,loop34,0.00,0.00,0.000,0.000,0.00
1777916754,loop35,0.00,0.00,0.000,0.000,0.00
1777916754,loop36,0.00,0.00,0.000,0.000,0.00
1777916754,loop37,0.00,0.00,0.000,0.000,0.00
1777916754,loop38,0.00,0.00,0.000,0.000,0.00
1777916754,loop39,0.00,0.00,0.000,0.000,0.00
1777916754,loop4,0.00,0.00,0.000,0.000,0.00
1777916754,loop40,0.00,0.00,0.000,0.000,0.00
1777916754,loop5,0.00,0.00,0.000,0.000,0.00
1777916754,loop6,0.00,0.00,0.000,0.000,0.00
1777916754,loop7,0.00,0.00,0.000,0.000,0.00
1777916754,loop8,0.00,0.00,0.000,0.000,0.00
1777916754,loop9,0.00,0.00,0.000,0.000,0.00
1777916754,nvme0n1,0.00,0.00,0.000,0.000,0.00
1777916755,loop0,0.00,0.00,0.000,0.000,0.00
1777916755,loop1,0.00,0.00,0.000,0.000,0.00
1777916755,loop10,0.00,0.00,0.000,0.000,0.00
1777916755,loop11,0.00,0.00,0.000,0.000,0.00
1777916755,loop12,0.00,0.00,0.000,0.000,0.00
1777916755,loop13,0.00,0.00,0.000,0.000,0.00
1777916755,loop14,0.00,0.00,0.000,0.000,0.00
1777916755,loop15,0.00,0.00,0.000,0.000,0.00
1777916755,loop16,0.00,0.00,0.000,0.000,0.00
1777916755,loop17,0.00,0.00,0.000,0.000,0.00
1777916755,loop18,0.00,0.00,0.000,0.000,0.00
1777916755,loop19,0.00,0.00,0.000,0.000,0.00
1777916755,loop2,0.00,0.00,0.000,0.000,0.00
1777916755,loop20,0.00,0.00,0.000,0.000,0.00
1777916755,loop21,0.00,0.00,0.000,0.000,0.00
1777916755,loop22,0.00,0.00,0.000,0.000,0.00
1777916755,loop23,0.00,0.00,0.000,0.000,0.00
1777916755,loop24,0.00,0.00,0.000,0.000,0.00
1777916755,loop25,0.00,0.00,0.000,0.000,0.00
1777916755,loop26,0.00,0.00,0.000,0.000,0.00
1777916755,loop27,0.00,0.00,0.000,0.000,0.00
1777916755,loop28,0.00,0.00,0.000,0.000,0.00
1777916755,loop29,0.00,0.00,0.000,0.000,0.00
1777916755,loop3,0.00,0.00,0.000,0.000,0.00
1777916755,loop30,0.00,0.00,0.000,0.000,0.00
1777916755,loop31,0.00,0.00,0.000,0.000,0.00
1777916755,loop32,0.00,0.00,0.000,0.000,0.00
1777916755,loop33,0.00,0.00,0.000,0.000,0.00
1777916755,loop34,0.00,0.00,0.000,0.000,0.00
1777916755,loop35,0.00,0.00,0.000,0.000,0.00
1777916755,loop36,0.00,0.00,0.000,0.000,0.00
1777916755,loop37,0.00,0.00,0.000,0.000,0.00
1777916755,loop38,0.00,0.00,0.000,0.000,0.00
1777916755,loop39,0.00,0.00,0.000,0.000,0.00
1777916755,loop4,0.00,0.00,0.000,0.000,0.00
1777916755,loop40,0.00,0.00,0.000,0.000,0.00
1777916755,loop5,0.00,0.00,0.000,0.000,0.00
1777916755,loop6,0.00,0.00,0.000,0.000,0.00
1777916755,loop7,0.00,0.00,0.000,0.000,0.00
1777916755,loop8,0.00,0.00,0.000,0.000,0.00
1777916755,loop9,0.00,0.00,0.000,0.000,0.00
1777916755,nvme0n1,0.00,0.00,0.000,0.000,0.00
1777916756,loop0,0.00,0.00,0.000,0.000,0.00
1777916756,loop1,0.00,0.00,0.000,0.000,0.00
1777916756,loop10,0.00,0.00,0.000,0.000,0.00
1777916756,loop11,0.00,0.00,0.000,0.000,0.00
1777916756,loop12,0.00,0.00,0.000,0.000,0.00
1777916756,loop13,0.00,0.00,0.000,0.000,0.00
1777916756,loop14,0.00,0.00,0.000,0.000,0.00
1777916756,loop15,0.00,0.00,0.000,0.000,0.00
1777916756,loop16,0.00,0.00,0.000,0.000,0.00
1777916756,loop17,0.00,0.00,0.000,0.000,0.00
1777916756,loop18,0.00,0.00,0.000,0.000,0.00
1777916756,loop19,0.00,0.00,0.000,0.000,0.00
1777916756,loop2,0.00,0.00,0.000,0.000,0.00
1777916756,loop20,0.00,0.00,0.000,0.000,0.00
1777916756,loop21,0.00,0.00,0.000,0.000,0.00
1777916756,loop22,0.00,0.00,0.000,0.000,0.00
1777916756,loop23,0.00,0.00,0.000,0.000,0.00
1777916756,loop24,0.00,0.00,0.000,0.000,0.00
1777916756,loop25,0.00,0.00,0.000,0.000,0.00
1777916756,loop26,0.00,0.00,0.000,0.000,0.00
1777916756,loop27,0.00,0.00,0.000,0.000,0.00
1777916756,loop28,0.00,0.00,0.000,0.000,0.00
1777916756,loop29,0.00,0.00,0.000,0.000,0.00
1777916756,loop3,0.00,0.00,0.000,0.000,0.00
1777916756,loop30,0.00,0.00,0.000,0.000,0.00
1777916756,loop31,0.00,0.00,0.000,0.000,0.00
1777916756,loop32,0.00,0.00,0.000,0.000,0.00
1777916756,loop33,0.00,0.00,0.000,0.000,0.00
1777916756,loop34,0.00,0.00,0.000,0.000,0.00
1777916756,loop35,0.00,0.00,0.000,0.000,0.00
1777916756,loop36,0.00,0.00,0.000,0.000,0.00
1777916756,loop37,0.00,0.00,0.000,0.000,0.00
1777916756,loop38,0.00,0.00,0.000,0.000,0.00
1777916756,loop39,0.00,0.00,0.000,0.000,0.00
1777916756,loop4,0.00,0.00,0.000,0.000,0.00
1777916756,loop40,0.00,0.00,0.000,0.000,0.00
1777916756,loop5,0.00,0.00,0.000,0.000,0.00
1777916756,loop6,0.00,0.00,0.000,0.000,0.00
1777916756,loop7,0.00,0.00,0.000,0.000,0.00
1777916756,loop8,0.00,0.00,0.000,0.000,0.00
1777916756,loop9,0.00,0.00,0.000,0.000,0.00
1777916756,nvme0n1,0.00,0.00,0.000,0.000,0.00
1777916757,loop0,0.00,0.00,0.000,0.000,0.00
1777916757,loop1,0.00,0.00,0.000,0.000,0.00
1777916757,loop10,0.00,0.00,0.000,0.000,0.00
1777916757,loop11,0.00,0.00,0.000,0.000,0.00
1777916757,loop12,0.00,0.00,0.000,0.000,0.00
1777916757,loop13,0.00,0.00,0.000,0.000,0.00
1777916757,loop14,0.00,0.00,0.000,0.000,0.00
1777916757,loop15,0.00,0.00,0.000,0.000,0.00
1777916757,loop16,0.00,0.00,0.000,0.000,0.00
1777916757,loop17,0.00,0.00,0.000,0.000,0.00
1777916757,loop18,0.00,0.00,0.000,0.000,0.00
1777916757,loop19,0.00,0.00,0.000,0.000,0.00
1777916757,loop2,0.00,0.00,0.000,0.000,0.00
1777916757,loop20,0.00,0.00,0.000,0.000,0.00
1777916757,loop21,0.00,0.00,0.000,0.000,0.00
1777916757,loop22,0.00,0.00,0.000,0.000,0.00
1777916757,loop23,0.00,0.00,0.000,0.000,0.00
1777916757,loop24,0.00,0.00,0.000,0.000,0.00
1777916757,loop25,0.00,0.00,0.000,0.000,0.00
1777916757,loop26,0.00,0.00,0.000,0.000,0.00
1777916757,loop27,0.00,0.00,0.000,0.000,0.00
1777916757,loop28,0.00,0.00,0.000,0.000,0.00
1777916757,loop29,0.00,0.00,0.000,0.000,0.00
1777916757,loop3,0.00,0.00,0.000,0.000,0.00
1777916757,loop30,0.00,0.00,0.000,0.000,0.00
1777916757,loop31,0.00,0.00,0.000,0.000,0.00
1777916757,loop32,0.00,0.00,0.000,0.000,0.00
1777916757,loop33,0.00,0.00,0.000,0.000,0.00
1777916757,loop34,0.00,0.00,0.000,0.000,0.00
1777916757,loop35,0.00,0.00,0.000,0.000,0.00
1777916757,loop36,0.00,0.00,0.000,0.000,0.00
1777916757,loop37,0.00,0.00,0.000,0.000,0.00
1777916757,loop38,0.00,0.00,0.000,0.000,0.00
1777916757,loop39,0.00,0.00,0.000,0.000,0.00
1777916757,loop4,0.00,0.00,0.000,0.000,0.00
1777916757,loop40,0.00,0.00,0.000,0.000,0.00
1777916757,loop5,0.00,0.00,0.000,0.000,0.00
1777916757,loop6,0.00,0.00,0.000,0.000,0.00
1777916757,loop7,0.00,0.00,0.000,0.000,0.00
1777916757,loop8,0.00,0.00,0.000,0.000,0.00
1777916757,loop9,0.00,0.00,0.000,0.000,0.00
1777916757,nvme0n1,0.00,0.00,0.000,0.000,0.00
1777916758,loop0,0.00,0.00,0.000,0.000,0.00
1777916758,loop1,0.00,0.00,0.000,0.000,0.00
1777916758,loop10,0.00,0.00,0.000,0.000,0.00
1777916758,loop11,0.00,0.00,0.000,0.000,0.00
1777916758,loop12,0.00,0.00,0.000,0.000,0.00
1777916758,loop13,0.00,0.00,0.000,0.000,0.00
1777916758,loop14,0.00,0.00,0.000,0.000,0.00
1777916758,loop15,0.00,0.00,0.000,0.000,0.00
1777916758,loop16,0.00,0.00,0.000,0.000,0.00
1777916758,loop17,0.00,0.00,0.000,0.000,0.00
1777916758,loop18,0.00,0.00,0.000,0.000,0.00
1777916758,loop19,0.00,0.00,0.000,0.000,0.00
1777916758,loop2,0.00,0.00,0.000,0.000,0.00
1777916758,loop20,0.00,0.00,0.000,0.000,0.00
1777916758,loop21,0.00,0.00,0.000,0.000,0.00
1777916758,loop22,0.00,0.00,0.000,0.000,0.00
1777916758,loop23,0.00,0.00,0.000,0.000,0.00
1777916758,loop24,0.00,0.00,0.000,0.000,0.00
1777916758,loop25,0.00,0.00,0.000,0.000,0.00
1777916758,loop26,0.00,0.00,0.000,0.000,0.00
1777916758,loop27,0.00,0.00,0.000,0.000,0.00
1777916758,loop28,0.00,0.00,0.000,0.000,0.00
1777916758,loop29,0.00,0.00,0.000,0.000,0.00
1777916758,loop3,0.00,0.00,0.000,0.000,0.00
1777916758,loop30,0.00,0.00,0.000,0.000,0.00
1777916758,loop31,0.00,0.00,0.000,0.000,0.00
1777916758,loop32,0.00,0.00,0.000,0.000,0.00
1777916758,loop33,0.00,0.00,0.000,0.000,0.00
1777916758,loop34,0.00,0.00,0.000,0.000,0.00
1777916758,loop35,0.00,0.00,0.000,0.000,0.00
1777916758,loop36,0.00,0.00,0.000,0.000,0.00
1777916758,loop37,0.00,0.00,0.000,0.000,0.00
1777916758,loop38,0.00,0.00,0.000,0.000,0.00
1777916758,loop39,0.00,0.00,0.000,0.000,0.00
1777916758,loop4,0.00,0.00,0.000,0.000,0.00
1777916758,loop40,0.00,0.00,0.000,0.000,0.00
1777916758,loop5,0.00,0.00,0.000,0.000,0.00
1777916758,loop6,0.00,0.00,0.000,0.000,0.00
1777916758,loop7,0.00,0.00,0.000,0.000,0.00
1777916758,loop8,0.00,0.00,0.000,0.000,0.00
1777916758,loop9,0.00,0.00,0.000,0.000,0.00
1777916758,nvme0n1,0.00,0.00,0.000,0.000,6.80
1777916759,loop0,0.00,0.00,0.000,0.000,0.00
1777916759,loop1,0.00,0.00,0.000,0.000,0.00
1777916759,loop10,0.00,0.00,0.000,0.000,0.00
1777916759,loop11,0.00,0.00,0.000,0.000,0.00
1777916759,loop12,0.00,0.00,0.000,0.000,0.00
1777916759,loop13,0.00,0.00,0.000,0.000,0.00
1777916759,loop14,0.00,0.00,0.000,0.000,0.00
1777916759,loop15,0.00,0.00,0.000,0.000,0.00
1777916759,loop16,0.00,0.00,0.000,0.000,0.00
1777916759,loop17,0.00,0.00,0.000,0.000,0.00
1777916759,loop18,0.00,0.00,0.000,0.000,0.00
1777916759,loop19,0.00,0.00,0.000,0.000,0.00
1777916759,loop2,0.00,0.00,0.000,0.000,0.00
1777916759,loop20,0.00,0.00,0.000,0.000,0.00
1777916759,loop21,0.00,0.00,0.000,0.000,0.00
1777916759,loop22,0.00,0.00,0.000,0.000,0.00
1777916759,loop23,0.00,0.00,0.000,0.000,0.00
1777916759,loop24,0.00,0.00,0.000,0.000,0.00
1777916759,loop25,0.00,0.00,0.000,0.000,0.00
1777916759,loop26,0.00,0.00,0.000,0.000,0.00
1777916759,loop27,0.00,0.00,0.000,0.000,0.00
1777916759,loop28,0.00,0.00,0.000,0.000,0.00
1777916759,loop29,0.00,0.00,0.000,0.000,0.00
1777916759,loop3,0.00,0.00,0.000,0.000,0.00
1777916759,loop30,0.00,0.00,0.000,0.000,0.00
1777916759,loop31,0.00,0.00,0.000,0.000,0.00
1777916759,loop32,0.00,0.00,0.000,0.000,0.00
1777916759,loop33,0.00,0.00,0.000,0.000,0.00
1777916759,loop34,0.00,0.00,0.000,0.000,0.00
1777916759,loop35,0.00,0.00,0.000,0.000,0.00
1777916759,loop36,0.00,0.00,0.000,0.000,0.00
1777916759,loop37,0.00,0.00,0.000,0.000,0.00
1777916759,loop38,0.00,0.00,0.000,0.000,0.00
1777916759,loop39,0.00,0.00,0.000,0.000,0.00
1777916759,loop4,0.00,0.00,0.000,0.000,0.00
1777916759,loop40,0.00,0.00,0.000,0.000,0.00
1777916759,loop5,0.00,0.00,0.000,0.000,0.00
1777916759,loop6,0.00,0.00,0.000,0.000,0.00
1777916759,loop7,0.00,0.00,0.000,0.000,0.00
1777916759,loop8,0.00,0.00,0.000,0.000,0.00
1777916759,loop9,0.00,0.00,0.000,0.000,0.00
1777916759,nvme0n1,0.00,0.00,0.000,0.000,0.00
1777916760,loop0,0.00,0.00,0.000,0.000,0.00
1777916760,loop1,0.00,0.00,0.000,0.000,0.00
1777916760,loop10,0.00,0.00,0.000,0.000,0.00
1777916760,loop11,0.00,0.00,0.000,0.000,0.00
1777916760,loop12,0.00,0.00,0.000,0.000,0.00
1777916760,loop13,0.00,0.00,0.000,0.000,0.00
1777916760,loop14,0.00,0.00,0.000,0.000,0.00
1777916760,loop15,0.00,0.00,0.000,0.000,0.00
1777916760,loop16,0.00,0.00,0.000,0.000,0.00
1777916760,loop17,0.00,0.00,0.000,0.000,0.00
1777916760,loop18,0.00,0.00,0.000,0.000,0.00
1777916760,loop19,0.00,0.00,0.000,0.000,0.00
1777916760,loop2,0.00,0.00,0.000,0.000,0.00
1777916760,loop20,0.00,0.00,0.000,0.000,0.00
1777916760,loop21,0.00,0.00,0.000,0.000,0.00
1777916760,loop22,0.00,0.00,0.000,0.000,0.00
1777916760,loop23,0.00,0.00,0.000,0.000,0.00
1777916760,loop24,0.00,0.00,0.000,0.000,0.00
1777916760,loop25,0.00,0.00,0.000,0.000,0.00
1777916760,loop26,0.00,0.00,0.000,0.000,0.00
1777916760,loop27,0.00,0.00,0.000,0.000,0.00
1777916760,loop28,0.00,0.00,0.000,0.000,0.00
1777916760,loop29,0.00,0.00,0.000,0.000,0.00
1777916760,loop3,0.00,0.00,0.000,0.000,0.00
1777916760,loop30,0.00,0.00,0.000,0.000,0.00
1777916760,loop31,0.00,0.00,0.000,0.000,0.00
1777916760,loop32,0.00,0.00,0.000,0.000,0.00
1777916760,loop33,0.00,0.00,0.000,0.000,0.00
1777916760,loop34,0.00,0.00,0.000,0.000,0.00
1777916760,loop35,0.00,0.00,0.000,0.000,0.00
1777916760,loop36,0.00,0.00,0.000,0.000,0.00
1777916760,loop37,0.00,0.00,0.000,0.000,0.00
1777916760,loop38,0.00,0.00,0.000,0.000,0.00
1777916760,loop39,0.00,0.00,0.000,0.000,0.00
1777916760,loop4,0.00,0.00,0.000,0.000,0.00
1777916760,loop40,0.00,0.00,0.000,0.000,0.00
1777916760,loop5,0.00,0.00,0.000,0.000,0.00
1777916760,loop6,0.00,0.00,0.000,0.000,0.00
1777916760,loop7,0.00,0.00,0.000,0.000,0.00
1777916760,loop8,0.00,0.00,0.000,0.000,0.00
1777916760,loop9,0.00,0.00,0.000,0.000,0.00
1777916760,nvme0n1,0.00,0.00,0.000,0.000,0.00
1777916761,loop0,0.00,0.00,0.000,0.000,0.00
1777916761,loop1,0.00,0.00,0.000,0.000,0.00
1777916761,loop10,0.00,0.00,0.000,0.000,0.00
1777916761,loop11,0.00,0.00,0.000,0.000,0.00
1777916761,loop12,0.00,0.00,0.000,0.000,0.00
1777916761,loop13,0.00,0.00,0.000,0.000,0.00
1777916761,loop14,0.00,0.00,0.000,0.000,0.00
1777916761,loop15,0.00,0.00,0.000,0.000,0.00
1777916761,loop16,0.00,0.00,0.000,0.000,0.00
1777916761,loop17,0.00,0.00,0.000,0.000,0.00
1777916761,loop18,0.00,0.00,0.000,0.000,0.00
1777916761,loop19,0.00,0.00,0.000,0.000,0.00
1777916761,loop2,0.00,0.00,0.000,0.000,0.00
1777916761,loop20,0.00,0.00,0.000,0.000,0.00
1777916761,loop21,0.00,0.00,0.000,0.000,0.00
1777916761,loop22,0.00,0.00,0.000,0.000,0.00
1777916761,loop23,0.00,0.00,0.000,0.000,0.00
1777916761,loop24,0.00,0.00,0.000,0.000,0.00
1777916761,loop25,0.00,0.00,0.000,0.000,0.00
1777916761,loop26,0.00,0.00,0.000,0.000,0.00
1777916761,loop27,0.00,0.00,0.000,0.000,0.00
1777916761,loop28,0.00,0.00,0.000,0.000,0.00
1777916761,loop29,0.00,0.00,0.000,0.000,0.00
1777916761,loop3,0.00,0.00,0.000,0.000,0.00
1777916761,loop30,0.00,0.00,0.000,0.000,0.00
1777916761,loop31,0.00,0.00,0.000,0.000,0.00
1777916761,loop32,0.00,0.00,0.000,0.000,0.00
1777916761,loop33,0.00,0.00,0.000,0.000,0.00
1777916761,loop34,0.00,0.00,0.000,0.000,0.00
1777916761,loop35,0.00,0.00,0.000,0.000,0.00
1777916761,loop36,0.00,0.00,0.000,0.000,0.00
1777916761,loop37,0.00,0.00,0.000,0.000,0.00
1777916761,loop38,0.00,0.00,0.000,0.000,0.00
1777916761,loop39,0.00,0.00,0.000,0.000,0.00
1777916761,loop4,0.00,0.00,0.000,0.000,0.00
1777916761,loop40,0.00,0.00,0.000,0.000,0.00
1777916761,loop5,0.00,0.00,0.000,0.000,0.00
1777916761,loop6,0.00,0.00,0.000,0.000,0.00
1777916761,loop7,0.00,0.00,0.000,0.000,0.00
1777916761,loop8,0.00,0.00,0.000,0.000,0.00
1777916761,loop9,0.00,0.00,0.000,0.000,0.00
1777916761,nvme0n1,0.00,0.00,0.000,0.000,0.00
1777916762,loop0,0.00,0.00,0.000,0.000,0.00
1777916762,loop1,0.00,0.00,0.000,0.000,0.00
1777916762,loop10,0.00,0.00,0.000,0.000,0.00
1777916762,loop11,0.00,0.00,0.000,0.000,0.00
1777916762,loop12,0.00,0.00,0.000,0.000,0.00
1777916762,loop13,0.00,0.00,0.000,0.000,0.00
1777916762,loop14,0.00,0.00,0.000,0.000,0.00
1777916762,loop15,0.00,0.00,0.000,0.000,0.00
1777916762,loop16,0.00,0.00,0.000,0.000,0.00
1777916762,loop17,0.00,0.00,0.000,0.000,0.00
1777916762,loop18,0.00,0.00,0.000,0.000,0.00
1777916762,loop19,0.00,0.00,0.000,0.000,0.00
1777916762,loop2,0.00,0.00,0.000,0.000,0.00
1777916762,loop20,0.00,0.00,0.000,0.000,0.00
1777916762,loop21,0.00,0.00,0.000,0.000,0.00
1777916762,loop22,0.00,0.00,0.000,0.000,0.00
1777916762,loop23,0.00,0.00,0.000,0.000,0.00
1777916762,loop24,0.00,0.00,0.000,0.000,0.00
1777916762,loop25,0.00,0.00,0.000,0.000,0.00
1777916762,loop26,0.00,0.00,0.000,0.000,0.00
1777916762,loop27,0.00,0.00,0.000,0.000,0.00
1777916762,loop28,0.00,0.00,0.000,0.000,0.00
1777916762,loop29,0.00,0.00,0.000,0.000,0.00
1777916762,loop3,0.00,0.00,0.000,0.000,0.00
1777916762,loop30,0.00,0.00,0.000,0.000,0.00
1777916762,loop31,0.00,0.00,0.000,0.000,0.00
1777916762,loop32,0.00,0.00,0.000,0.000,0.00
1777916762,loop33,0.00,0.00,0.000,0.000,0.00
1777916762,loop34,0.00,0.00,0.000,0.000,0.00
1777916762,loop35,0.00,0.00,0.000,0.000,0.00
1777916762,loop36,0.00,0.00,0.000,0.000,0.00
1777916762,loop37,0.00,0.00,0.000,0.000,0.00
1777916762,loop38,0.00,0.00,0.000,0.000,0.00
1777916762,loop39,0.00,0.00,0.000,0.000,0.00
1777916762,loop4,0.00,0.00,0.000,0.000,0.00
1777916762,loop40,0.00,0.00,0.000,0.000,0.00
1777916762,loop5,0.00,0.00,0.000,0.000,0.00
1777916762,loop6,0.00,0.00,0.000,0.000,0.00
1777916762,loop7,0.00,0.00,0.000,0.000,0.00
1777916762,loop8,0.00,0.00,0.000,0.000,0.00
1777916762,loop9,0.00,0.00,0.000,0.000,0.00
1777916762,nvme0n1,0.00,0.00,0.000,0.000,0.00
1777916763,loop0,0.00,0.00,0.000,0.000,0.00
1777916763,loop1,0.00,0.00,0.000,0.000,0.00
1777916763,loop10,0.00,0.00,0.000,0.000,0.00
1777916763,loop11,0.00,0.00,0.000,0.000,0.00
1777916763,loop12,0.00,0.00,0.000,0.000,0.00
1777916763,loop13,0.00,0.00,0.000,0.000,0.00
1777916763,loop14,0.00,0.00,0.000,0.000,0.00
1777916763,loop15,0.00,0.00,0.000,0.000,0.00
1777916763,loop16,0.00,0.00,0.000,0.000,0.00
1777916763,loop17,0.00,0.00,0.000,0.000,0.00
1777916763,loop18,0.00,0.00,0.000,0.000,0.00
1777916763,loop19,0.00,0.00,0.000,0.000,0.00
1777916763,loop2,0.00,0.00,0.000,0.000,0.00
1777916763,loop20,0.00,0.00,0.000,0.000,0.00
1777916763,loop21,0.00,0.00,0.000,0.000,0.00
1777916763,loop22,0.00,0.00,0.000,0.000,0.00
1777916763,loop23,0.00,0.00,0.000,0.000,0.00
1777916763,loop24,0.00,0.00,0.000,0.000,0.00
1777916763,loop25,0.00,0.00,0.000,0.000,0.00
1777916763,loop26,0.00,0.00,0.000,0.000,0.00
1777916763,loop27,0.00,0.00,0.000,0.000,0.00
1777916763,loop28,0.00,0.00,0.000,0.000,0.00
1777916763,loop29,0.00,0.00,0.000,0.000,0.00
1777916763,loop3,0.00,0.00,0.000,0.000,0.00
1777916763,loop30,0.00,0.00,0.000,0.000,0.00
1777916763,loop31,0.00,0.00,0.000,0.000,0.00
1777916763,loop32,0.00,0.00,0.000,0.000,0.00
1777916763,loop33,0.00,0.00,0.000,0.000,0.00
1777916763,loop34,0.00,0.00,0.000,0.000,0.00
1777916763,loop35,0.00,0.00,0.000,0.000,0.00
1777916763,loop36,0.00,0.00,0.000,0.000,0.00
1777916763,loop37,0.00,0.00,0.000,0.000,0.00
1777916763,loop38,0.00,0.00,0.000,0.000,0.00
1777916763,loop39,0.00,0.00,0.000,0.000,0.00
1777916763,loop4,0.00,0.00,0.000,0.000,0.00
1777916763,loop40,0.00,0.00,0.000,0.000,0.00
1777916763,loop5,0.00,0.00,0.000,0.000,0.00
1777916763,loop6,0.00,0.00,0.000,0.000,0.00
1777916763,loop7,0.00,0.00,0.000,0.000,0.00
1777916763,loop8,0.00,0.00,0.000,0.000,0.00
1777916763,loop9,0.00,0.00,0.000,0.000,0.00
1777916763,nvme0n1,0.00,0.00,0.000,0.000,5.90
1777916764,loop0,0.00,0.00,0.000,0.000,0.00
1777916764,loop1,0.00,0.00,0.000,0.000,0.00
1777916764,loop10,0.00,0.00,0.000,0.000,0.00
1777916764,loop11,0.00,0.00,0.000,0.000,0.00
1777916764,loop12,0.00,0.00,0.000,0.000,0.00
1777916764,loop13,0.00,0.00,0.000,0.000,0.00
1777916764,loop14,0.00,0.00,0.000,0.000,0.00
1777916764,loop15,0.00,0.00,0.000,0.000,0.00
1777916764,loop16,0.00,0.00,0.000,0.000,0.00
1777916764,loop17,0.00,0.00,0.000,0.000,0.00
1777916764,loop18,0.00,0.00,0.000,0.000,0.00
1777916764,loop19,0.00,0.00,0.000,0.000,0.00
1777916764,loop2,0.00,0.00,0.000,0.000,0.00
1777916764,loop20,0.00,0.00,0.000,0.000,0.00
1777916764,loop21,0.00,0.00,0.000,0.000,0.00
1777916764,loop22,0.00,0.00,0.000,0.000,0.00
1777916764,loop23,0.00,0.00,0.000,0.000,0.00
1777916764,loop24,0.00,0.00,0.000,0.000,0.00
1777916764,loop25,0.00,0.00,0.000,0.000,0.00
1777916764,loop26,0.00,0.00,0.000,0.000,0.00
1777916764,loop27,0.00,0.00,0.000,0.000,0.00
1777916764,loop28,0.00,0.00,0.000,0.000,0.00
1777916764,loop29,0.00,0.00,0.000,0.000,0.00
1777916764,loop3,0.00,0.00,0.000,0.000,0.00
1777916764,loop30,0.00,0.00,0.000,0.000,0.00
1777916764,loop31,0.00,0.00,0.000,0.000,0.00
1777916764,loop32,0.00,0.00,0.000,0.000,0.00
1777916764,loop33,0.00,0.00,0.000,0.000,0.00
1777916764,loop34,0.00,0.00,0.000,0.000,0.00
1777916764,loop35,0.00,0.00,0.000,0.000,0.00
1777916764,loop36,0.00,0.00,0.000,0.000,0.00
1777916764,loop37,0.00,0.00,0.000,0.000,0.00
1777916764,loop38,0.00,0.00,0.000,0.000,0.00
1777916764,loop39,0.00,0.00,0.000,0.000,0.00
1777916764,loop4,0.00,0.00,0.000,0.000,0.00
1777916764,loop40,0.00,0.00,0.000,0.000,0.00
1777916764,loop5,0.00,0.00,0.000,0.000,0.00
1777916764,loop6,0.00,0.00,0.000,0.000,0.00
1777916764,loop7,0.00,0.00,0.000,0.000,0.00
1777916764,loop8,0.00,0.00,0.000,0.000,0.00
1777916764,loop9,0.00,0.00,0.000,0.000,0.00
1777916764,nvme0n1,0.00,0.00,0.000,0.000,0.00
1777916765,loop0,0.00,0.00,0.000,0.000,0.00
1777916765,loop1,0.00,0.00,0.000,0.000,0.00
1777916765,loop10,0.00,0.00,0.000,0.000,0.00
1777916765,loop11,0.00,0.00,0.000,0.000,0.00
1777916765,loop12,0.00,0.00,0.000,0.000,0.00
1777916765,loop13,0.00,0.00,0.000,0.000,0.00
1777916765,loop14,0.00,0.00,0.000,0.000,0.00
1777916765,loop15,0.00,0.00,0.000,0.000,0.00
1777916765,loop16,0.00,0.00,0.000,0.000,0.00
1777916765,loop17,0.00,0.00,0.000,0.000,0.00
1777916765,loop18,0.00,0.00,0.000,0.000,0.00
1777916765,loop19,0.00,0.00,0.000,0.000,0.00
1777916765,loop2,0.00,0.00,0.000,0.000,0.00
1777916765,loop20,0.00,0.00,0.000,0.000,0.00
1777916765,loop21,0.00,0.00,0.000,0.000,0.00
1777916765,loop22,0.00,0.00,0.000,0.000,0.00
1777916765,loop23,0.00,0.00,0.000,0.000,0.00
1777916765,loop24,0.00,0.00,0.000,0.000,0.00
1777916765,loop25,0.00,0.00,0.000,0.000,0.00
1777916765,loop26,0.00,0.00,0.000,0.000,0.00
1777916765,loop27,0.00,0.00,0.000,0.000,0.00
1777916765,loop28,0.00,0.00,0.000,0.000,0.00
1777916765,loop29,0.00,0.00,0.000,0.000,0.00
1777916765,loop3,0.00,0.00,0.000,0.000,0.00
1777916765,loop30,0.00,0.00,0.000,0.000,0.00
1777916765,loop31,0.00,0.00,0.000,0.000,0.00
1777916765,loop32,0.00,0.00,0.000,0.000,0.00
1777916765,loop33,0.00,0.00,0.000,0.000,0.00
1777916765,loop34,0.00,0.00,0.000,0.000,0.00
1777916765,loop35,0.00,0.00,0.000,0.000,0.00
1777916765,loop36,0.00,0.00,0.000,0.000,0.00
1777916765,loop37,0.00,0.00,0.000,0.000,0.00
1777916765,loop38,0.00,0.00,0.000,0.000,0.00
1777916765,loop39,0.00,0.00,0.000,0.000,0.00
1777916765,loop4,0.00,0.00,0.000,0.000,0.00
1777916765,loop40,0.00,0.00,0.000,0.000,0.00
1777916765,loop5,0.00,0.00,0.000,0.000,0.00
1777916765,loop6,0.00,0.00,0.000,0.000,0.00
1777916765,loop7,0.00,0.00,0.000,0.000,0.00
1777916765,loop8,0.00,0.00,0.000,0.000,0.00
1777916765,loop9,0.00,0.00,0.000,0.000,0.00
1777916765,nvme0n1,0.00,0.00,0.000,0.000,0.00
1777916766,loop0,0.00,0.00,0.000,0.000,0.00
1777916766,loop1,0.00,0.00,0.000,0.000,0.00
1777916766,loop10,0.00,0.00,0.000,0.000,0.00
1777916766,loop11,0.00,0.00,0.000,0.000,0.00
1777916766,loop12,0.00,0.00,0.000,0.000,0.00
1777916766,loop13,0.00,0.00,0.000,0.000,0.00
1777916766,loop14,0.00,0.00,0.000,0.000,0.00
1777916766,loop15,0.00,0.00,0.000,0.000,0.00
1777916766,loop16,0.00,0.00,0.000,0.000,0.00
1777916766,loop17,0.00,0.00,0.000,0.000,0.00
1777916766,loop18,0.00,0.00,0.000,0.000,0.00
1777916766,loop19,0.00,0.00,0.000,0.000,0.00
1777916766,loop2,0.00,0.00,0.000,0.000,0.00
1777916766,loop20,0.00,0.00,0.000,0.000,0.00
1777916766,loop21,0.00,0.00,0.000,0.000,0.00
1777916766,loop22,0.00,0.00,0.000,0.000,0.00
1777916766,loop23,0.00,0.00,0.000,0.000,0.00
1777916766,loop24,0.00,0.00,0.000,0.000,0.00
1777916766,loop25,0.00,0.00,0.000,0.000,0.00
1777916766,loop26,0.00,0.00,0.000,0.000,0.00
1777916766,loop27,0.00,0.00,0.000,0.000,0.00
1777916766,loop28,0.00,0.00,0.000,0.000,0.00
1777916766,loop29,0.00,0.00,0.000,0.000,0.00
1777916766,loop3,0.00,0.00,0.000,0.000,0.00
1777916766,loop30,0.00,0.00,0.000,0.000,0.00
1777916766,loop31,0.00,0.00,0.000,0.000,0.00
1777916766,loop32,0.00,0.00,0.000,0.000,0.00
1777916766,loop33,0.00,0.00,0.000,0.000,0.00
1777916766,loop34,0.00,0.00,0.000,0.000,0.00
1777916766,loop35,0.00,0.00,0.000,0.000,0.00
1777916766,loop36,0.00,0.00,0.000,0.000,0.00
1777916766,loop37,0.00,0.00,0.000,0.000,0.00
1777916766,loop38,0.00,0.00,0.000,0.000,0.00
1777916766,loop39,0.00,0.00,0.000,0.000,0.00
1777916766,loop4,0.00,0.00,0.000,0.000,0.00
1777916766,loop40,0.00,0.00,0.000,0.000,0.00
1777916766,loop5,0.00,0.00,0.000,0.000,0.00
1777916766,loop6,0.00,0.00,0.000,0.000,0.00
1777916766,loop7,0.00,0.00,0.000,0.000,0.00
1777916766,loop8,0.00,0.00,0.000,0.000,0.00
1777916766,loop9,0.00,0.00,0.000,0.000,0.00
1777916766,nvme0n1,0.00,0.00,0.000,0.000,0.00
1777916767,loop0,0.00,0.00,0.000,0.000,0.00
1777916767,loop1,0.00,0.00,0.000,0.000,0.00
1777916767,loop10,0.00,0.00,0.000,0.000,0.00
1777916767,loop11,0.00,0.00,0.000,0.000,0.00
1777916767,loop12,0.00,0.00,0.000,0.000,0.00
1777916767,loop13,0.00,0.00,0.000,0.000,0.00
1777916767,loop14,0.00,0.00,0.000,0.000,0.00
1777916767,loop15,0.00,0.00,0.000,0.000,0.00
1777916767,loop16,0.00,0.00,0.000,0.000,0.00
1777916767,loop17,0.00,0.00,0.000,0.000,0.00
1777916767,loop18,0.00,0.00,0.000,0.000,0.00
1777916767,loop19,0.00,0.00,0.000,0.000,0.00
1777916767,loop2,0.00,0.00,0.000,0.000,0.00
1777916767,loop20,0.00,0.00,0.000,0.000,0.00
1777916767,loop21,0.00,0.00,0.000,0.000,0.00
1777916767,loop22,0.00,0.00,0.000,0.000,0.00
1777916767,loop23,0.00,0.00,0.000,0.000,0.00
1777916767,loop24,0.00,0.00,0.000,0.000,0.00
1777916767,loop25,0.00,0.00,0.000,0.000,0.00
1777916767,loop26,0.00,0.00,0.000,0.000,0.00
1777916767,loop27,0.00,0.00,0.000,0.000,0.00
1777916767,loop28,0.00,0.00,0.000,0.000,0.00
1777916767,loop29,0.00,0.00,0.000,0.000,0.00
1777916767,loop3,0.00,0.00,0.000,0.000,0.00
1777916767,loop30,0.00,0.00,0.000,0.000,0.00
1777916767,loop31,0.00,0.00,0.000,0.000,0.00
1777916767,loop32,0.00,0.00,0.000,0.000,0.00
1777916767,loop33,0.00,0.00,0.000,0.000,0.00
1777916767,loop34,0.00,0.00,0.000,0.000,0.00
1777916767,loop35,0.00,0.00,0.000,0.000,0.00
1777916767,loop36,0.00,0.00,0.000,0.000,0.00
1777916767,loop37,0.00,0.00,0.000,0.000,0.00
1777916767,loop38,0.00,0.00,0.000,0.000,0.00
1777916767,loop39,0.00,0.00,0.000,0.000,0.00
1777916767,loop4,0.00,0.00,0.000,0.000,0.00
1777916767,loop40,0.00,0.00,0.000,0.000,0.00
1777916767,loop5,0.00,0.00,0.000,0.000,0.00
1777916767,loop6,0.00,0.00,0.000,0.000,0.00
1777916767,loop7,0.00,0.00,0.000,0.000,0.00
1777916767,loop8,0.00,0.00,0.000,0.000,0.00
1777916767,loop9,0.00,0.00,0.000,0.000,0.00
1777916767,nvme0n1,0.00,0.00,0.000,0.000,0.00
1777916768,loop0,0.00,0.00,0.000,0.000,0.00
1777916768,loop1,0.00,0.00,0.000,0.000,0.00
1777916768,loop10,0.00,0.00,0.000,0.000,0.00
1777916768,loop11,0.00,0.00,0.000,0.000,0.00
1777916768,loop12,0.00,0.00,0.000,0.000,0.00
1777916768,loop13,0.00,0.00,0.000,0.000,0.00
1777916768,loop14,0.00,0.00,0.000,0.000,0.00
1777916768,loop15,0.00,0.00,0.000,0.000,0.00
1777916768,loop16,0.00,0.00,0.000,0.000,0.00
1777916768,loop17,0.00,0.00,0.000,0.000,0.00
1777916768,loop18,0.00,0.00,0.000,0.000,0.00
1777916768,loop19,0.00,0.00,0.000,0.000,0.00
1777916768,loop2,0.00,0.00,0.000,0.000,0.00
1777916768,loop20,0.00,0.00,0.000,0.000,0.00
1777916768,loop21,0.00,0.00,0.000,0.000,0.00
1777916768,loop22,0.00,0.00,0.000,0.000,0.00
1777916768,loop23,0.00,0.00,0.000,0.000,0.00
1777916768,loop24,0.00,0.00,0.000,0.000,0.00
1777916768,loop25,0.00,0.00,0.000,0.000,0.00
1777916768,loop26,0.00,0.00,0.000,0.000,0.00
1777916768,loop27,0.00,0.00,0.000,0.000,0.00
1777916768,loop28,0.00,0.00,0.000,0.000,0.00
1777916768,loop29,0.00,0.00,0.000,0.000,0.00
1777916768,loop3,0.00,0.00,0.000,0.000,0.00
1777916768,loop30,0.00,0.00,0.000,0.000,0.00
1777916768,loop31,0.00,0.00,0.000,0.000,0.00
1777916768,loop32,0.00,0.00,0.000,0.000,0.00
1777916768,loop33,0.00,0.00,0.000,0.000,0.00
1777916768,loop34,0.00,0.00,0.000,0.000,0.00
1777916768,loop35,0.00,0.00,0.000,0.000,0.00
1777916768,loop36,0.00,0.00,0.000,0.000,0.00
1777916768,loop37,0.00,0.00,0.000,0.000,0.00
1777916768,loop38,0.00,0.00,0.000,0.000,0.00
1777916768,loop39,0.00,0.00,0.000,0.000,0.00
1777916768,loop4,0.00,0.00,0.000,0.000,0.00
1777916768,loop40,0.00,0.00,0.000,0.000,0.00
1777916768,loop5,0.00,0.00,0.000,0.000,0.00
1777916768,loop6,0.00,0.00,0.000,0.000,0.00
1777916768,loop7,0.00,0.00,0.000,0.000,0.00
1777916768,loop8,0.00,0.00,0.000,0.000,0.00
1777916768,loop9,0.00,0.00,0.000,0.000,0.00
1777916768,nvme0n1,0.00,0.00,0.000,0.000,2.10
1777916769,loop0,0.00,0.00,0.000,0.000,0.00
1777916769,loop1,0.00,0.00,0.000,0.000,0.00
1777916769,loop10,0.00,0.00,0.000,0.000,0.00
1777916769,loop11,0.00,0.00,0.000,0.000,0.00
1777916769,loop12,0.00,0.00,0.000,0.000,0.00
1777916769,loop13,0.00,0.00,0.000,0.000,0.00
1777916769,loop14,0.00,0.00,0.000,0.000,0.00
1777916769,loop15,0.00,0.00,0.000,0.000,0.00
1777916769,loop16,0.00,0.00,0.000,0.000,0.00
1777916769,loop17,0.00,0.00,0.000,0.000,0.00
1777916769,loop18,0.00,0.00,0.000,0.000,0.00
1777916769,loop19,0.00,0.00,0.000,0.000,0.00
1777916769,loop2,0.00,0.00,0.000,0.000,0.00
1777916769,loop20,0.00,0.00,0.000,0.000,0.00
1777916769,loop21,0.00,0.00,0.000,0.000,0.00
1777916769,loop22,0.00,0.00,0.000,0.000,0.00
1777916769,loop23,0.00,0.00,0.000,0.000,0.00
1777916769,loop24,0.00,0.00,0.000,0.000,0.00
1777916769,loop25,0.00,0.00,0.000,0.000,0.00
1777916769,loop26,0.00,0.00,0.000,0.000,0.00
1777916769,loop27,0.00,0.00,0.000,0.000,0.00
1777916769,loop28,0.00,0.00,0.000,0.000,0.00
1777916769,loop29,0.00,0.00,0.000,0.000,0.00
1777916769,loop3,0.00,0.00,0.000,0.000,0.00
1777916769,loop30,0.00,0.00,0.000,0.000,0.00
1777916769,loop31,0.00,0.00,0.000,0.000,0.00
1777916769,loop32,0.00,0.00,0.000,0.000,0.00
1777916769,loop33,0.00,0.00,0.000,0.000,0.00
1777916769,loop34,0.00,0.00,0.000,0.000,0.00
1777916769,loop35,0.00,0.00,0.000,0.000,0.00
1777916769,loop36,0.00,0.00,0.000,0.000,0.00
1777916769,loop37,0.00,0.00,0.000,0.000,0.00
1777916769,loop38,0.00,0.00,0.000,0.000,0.00
1777916769,loop39,0.00,0.00,0.000,0.000,0.00
1777916769,loop4,0.00,0.00,0.000,0.000,0.00
1777916769,loop40,0.00,0.00,0.000,0.000,0.00
1777916769,loop5,0.00,0.00,0.000,0.000,0.00
1777916769,loop6,0.00,0.00,0.000,0.000,0.00
1777916769,loop7,0.00,0.00,0.000,0.000,0.00
1777916769,loop8,0.00,0.00,0.000,0.000,0.00
1777916769,loop9,0.00,0.00,0.000,0.000,0.00
1777916769,nvme0n1,0.00,0.00,0.000,0.000,0.40
1777916770,loop0,0.00,0.00,0.000,0.000,0.00
1777916770,loop1,0.00,0.00,0.000,0.000,0.00
1777916770,loop10,0.00,0.00,0.000,0.000,0.00
1777916770,loop11,0.00,0.00,0.000,0.000,0.00
1777916770,loop12,0.00,0.00,0.000,0.000,0.00
1777916770,loop13,0.00,0.00,0.000,0.000,0.00
1777916770,loop14,0.00,0.00,0.000,0.000,0.00
1777916770,loop15,0.00,0.00,0.000,0.000,0.00
1777916770,loop16,0.00,0.00,0.000,0.000,0.00
1777916770,loop17,0.00,0.00,0.000,0.000,0.00
1777916770,loop18,0.00,0.00,0.000,0.000,0.00
1777916770,loop19,0.00,0.00,0.000,0.000,0.00
1777916770,loop2,0.00,0.00,0.000,0.000,0.00
1777916770,loop20,0.00,0.00,0.000,0.000,0.00
1777916770,loop21,0.00,0.00,0.000,0.000,0.00
1777916770,loop22,0.00,0.00,0.000,0.000,0.00
1777916770,loop23,0.00,0.00,0.000,0.000,0.00
1777916770,loop24,0.00,0.00,0.000,0.000,0.00
1777916770,loop25,0.00,0.00,0.000,0.000,0.00
1777916770,loop26,0.00,0.00,0.000,0.000,0.00
1777916770,loop27,0.00,0.00,0.000,0.000,0.00
1777916770,loop28,0.00,0.00,0.000,0.000,0.00
1777916770,loop29,0.00,0.00,0.000,0.000,0.00
1777916770,loop3,0.00,0.00,0.000,0.000,0.00
1777916770,loop30,0.00,0.00,0.000,0.000,0.00
1777916770,loop31,0.00,0.00,0.000,0.000,0.00
1777916770,loop32,0.00,0.00,0.000,0.000,0.00
1777916770,loop33,0.00,0.00,0.000,0.000,0.00
1777916770,loop34,0.00,0.00,0.000,0.000,0.00
1777916770,loop35,0.00,0.00,0.000,0.000,0.00
1777916770,loop36,0.00,0.00,0.000,0.000,0.00
1777916770,loop37,0.00,0.00,0.000,0.000,0.00
1777916770,loop38,0.00,0.00,0.000,0.000,0.00
1777916770,loop39,0.00,0.00,0.000,0.000,0.00
1777916770,loop4,0.00,0.00,0.000,0.000,0.00
1777916770,loop40,0.00,0.00,0.000,0.000,0.00
1777916770,loop5,0.00,0.00,0.000,0.000,0.00
1777916770,loop6,0.00,0.00,0.000,0.000,0.00
1777916770,loop7,0.00,0.00,0.000,0.000,0.00
1777916770,loop8,0.00,0.00,0.000,0.000,0.00
1777916770,loop9,0.00,0.00,0.000,0.000,0.00
1777916770,nvme0n1,0.00,0.00,0.000,0.000,0.00
1777916771,loop0,0.00,0.00,0.000,0.000,0.00
1777916771,loop1,0.00,0.00,0.000,0.000,0.00
1777916771,loop10,0.00,0.00,0.000,0.000,0.00
1777916771,loop11,0.00,0.00,0.000,0.000,0.00
1777916771,loop12,0.00,0.00,0.000,0.000,0.00
1777916771,loop13,0.00,0.00,0.000,0.000,0.00
1777916771,loop14,0.00,0.00,0.000,0.000,0.00
1777916771,loop15,0.00,0.00,0.000,0.000,0.00
1777916771,loop16,0.00,0.00,0.000,0.000,0.00
1777916771,loop17,0.00,0.00,0.000,0.000,0.00
1777916771,loop18,0.00,0.00,0.000,0.000,0.00
1777916771,loop19,0.00,0.00,0.000,0.000,0.00
1777916771,loop2,0.00,0.00,0.000,0.000,0.00
1777916771,loop20,0.00,0.00,0.000,0.000,0.00
1777916771,loop21,0.00,0.00,0.000,0.000,0.00
1777916771,loop22,0.00,0.00,0.000,0.000,0.00
1777916771,loop23,0.00,0.00,0.000,0.000,0.00
1777916771,loop24,0.00,0.00,0.000,0.000,0.00
1777916771,loop25,0.00,0.00,0.000,0.000,0.00
1777916771,loop26,0.00,0.00,0.000,0.000,0.00
1777916771,loop27,0.00,0.00,0.000,0.000,0.00
1777916771,loop28,0.00,0.00,0.000,0.000,0.00
1777916771,loop29,0.00,0.00,0.000,0.000,0.00
1777916771,loop3,0.00,0.00,0.000,0.000,0.00
1777916771,loop30,0.00,0.00,0.000,0.000,0.00
1777916771,loop31,0.00,0.00,0.000,0.000,0.00
1777916771,loop32,0.00,0.00,0.000,0.000,0.00
1777916771,loop33,0.00,0.00,0.000,0.000,0.00
1777916771,loop34,0.00,0.00,0.000,0.000,0.00
1777916771,loop35,0.00,0.00,0.000,0.000,0.00
1777916771,loop36,0.00,0.00,0.000,0.000,0.00
1777916771,loop37,0.00,0.00,0.000,0.000,0.00
1777916771,loop38,0.00,0.00,0.000,0.000,0.00
1777916771,loop39,0.00,0.00,0.000,0.000,0.00
1777916771,loop4,0.00,0.00,0.000,0.000,0.00
1777916771,loop40,0.00,0.00,0.000,0.000,0.00
1777916771,loop5,0.00,0.00,0.000,0.000,0.00
1777916771,loop6,0.00,0.00,0.000,0.000,0.00
1777916771,loop7,0.00,0.00,0.000,0.000,0.00
1777916771,loop8,0.00,0.00,0.000,0.000,0.00
1777916771,loop9,0.00,0.00,0.000,0.000,0.00
1777916771,nvme0n1,0.00,0.00,0.000,0.000,0.00
1777916772,loop0,0.00,0.00,0.000,0.000,0.00
1777916772,loop1,0.00,0.00,0.000,0.000,0.00
1777916772,loop10,0.00,0.00,0.000,0.000,0.00
1777916772,loop11,0.00,0.00,0.000,0.000,0.00
1777916772,loop12,0.00,0.00,0.000,0.000,0.00
1777916772,loop13,0.00,0.00,0.000,0.000,0.00
1777916772,loop14,0.00,0.00,0.000,0.000,0.00
1777916772,loop15,0.00,0.00,0.000,0.000,0.00
1777916772,loop16,0.00,0.00,0.000,0.000,0.00
1777916772,loop17,0.00,0.00,0.000,0.000,0.00
1777916772,loop18,0.00,0.00,0.000,0.000,0.00
1777916772,loop19,0.00,0.00,0.000,0.000,0.00
1777916772,loop2,0.00,0.00,0.000,0.000,0.00
1777916772,loop20,0.00,0.00,0.000,0.000,0.00
1777916772,loop21,0.00,0.00,0.000,0.000,0.00
1777916772,loop22,0.00,0.00,0.000,0.000,0.00
1777916772,loop23,0.00,0.00,0.000,0.000,0.00
1777916772,loop24,0.00,0.00,0.000,0.000,0.00
1777916772,loop25,0.00,0.00,0.000,0.000,0.00
1777916772,loop26,0.00,0.00,0.000,0.000,0.00
1777916772,loop27,0.00,0.00,0.000,0.000,0.00
1777916772,loop28,0.00,0.00,0.000,0.000,0.00
1777916772,loop29,0.00,0.00,0.000,0.000,0.00
1777916772,loop3,0.00,0.00,0.000,0.000,0.00
1777916772,loop30,0.00,0.00,0.000,0.000,0.00
1777916772,loop31,0.00,0.00,0.000,0.000,0.00
1777916772,loop32,0.00,0.00,0.000,0.000,0.00
1777916772,loop33,0.00,0.00,0.000,0.000,0.00
1777916772,loop34,0.00,0.00,0.000,0.000,0.00
1777916772,loop35,0.00,0.00,0.000,0.000,0.00
1777916772,loop36,0.00,0.00,0.000,0.000,0.00
1777916772,loop37,0.00,0.00,0.000,0.000,0.00
1777916772,loop38,0.00,0.00,0.000,0.000,0.00
1777916772,loop39,0.00,0.00,0.000,0.000,0.00
1777916772,loop4,0.00,0.00,0.000,0.000,0.00
1777916772,loop40,0.00,0.00,0.000,0.000,0.00
1777916772,loop5,0.00,0.00,0.000,0.000,0.00
1777916772,loop6,0.00,0.00,0.000,0.000,0.00
1777916772,loop7,0.00,0.00,0.000,0.000,0.00
1777916772,loop8,0.00,0.00,0.000,0.000,0.00
1777916772,loop9,0.00,0.00,0.000,0.000,0.00
1777916772,nvme0n1,0.00,0.00,0.000,0.000,2.00
1777916773,loop0,0.00,0.00,0.000,0.000,0.00
1777916773,loop1,0.00,0.00,0.000,0.000,0.00
1777916773,loop10,0.00,0.00,0.000,0.000,0.00
1777916773,loop11,0.00,0.00,0.000,0.000,0.00
1777916773,loop12,0.00,0.00,0.000,0.000,0.00
1777916773,loop13,0.00,0.00,0.000,0.000,0.00
1777916773,loop14,0.00,0.00,0.000,0.000,0.00
1777916773,loop15,0.00,0.00,0.000,0.000,0.00
1777916773,loop16,0.00,0.00,0.000,0.000,0.00
1777916773,loop17,0.00,0.00,0.000,0.000,0.00
1777916773,loop18,0.00,0.00,0.000,0.000,0.00
1777916773,loop19,0.00,0.00,0.000,0.000,0.00
1777916773,loop2,0.00,0.00,0.000,0.000,0.00
1777916773,loop20,0.00,0.00,0.000,0.000,0.00
1777916773,loop21,0.00,0.00,0.000,0.000,0.00
1777916773,loop22,0.00,0.00,0.000,0.000,0.00
1777916773,loop23,0.00,0.00,0.000,0.000,0.00
1777916773,loop24,0.00,0.00,0.000,0.000,0.00
1777916773,loop25,0.00,0.00,0.000,0.000,0.00
1777916773,loop26,0.00,0.00,0.000,0.000,0.00
1777916773,loop27,0.00,0.00,0.000,0.000,0.00
1777916773,loop28,0.00,0.00,0.000,0.000,0.00
1777916773,loop29,0.00,0.00,0.000,0.000,0.00
1777916773,loop3,0.00,0.00,0.000,0.000,0.00
1777916773,loop30,0.00,0.00,0.000,0.000,0.00
1777916773,loop31,0.00,0.00,0.000,0.000,0.00
1777916773,loop32,0.00,0.00,0.000,0.000,0.00
1777916773,loop33,0.00,0.00,0.000,0.000,0.00
1777916773,loop34,0.00,0.00,0.000,0.000,0.00
1777916773,loop35,0.00,0.00,0.000,0.000,0.00
1777916773,loop36,0.00,0.00,0.000,0.000,0.00
1777916773,loop37,0.00,0.00,0.000,0.000,0.00
1777916773,loop38,0.00,0.00,0.000,0.000,0.00
1777916773,loop39,0.00,0.00,0.000,0.000,0.00
1777916773,loop4,0.00,0.00,0.000,0.000,0.00
1777916773,loop40,0.00,0.00,0.000,0.000,0.00
1777916773,loop5,0.00,0.00,0.000,0.000,0.00
1777916773,loop6,0.00,0.00,0.000,0.000,0.00
1777916773,loop7,0.00,0.00,0.000,0.000,0.00
1777916773,loop8,0.00,0.00,0.000,0.000,0.00
1777916773,loop9,0.00,0.00,0.000,0.000,0.00
1777916773,nvme0n1,0.00,0.00,0.000,0.000,0.00
1777916774,loop0,0.00,0.00,0.000,0.000,0.00
1777916774,loop1,0.00,0.00,0.000,0.000,0.00
1777916774,loop10,0.00,0.00,0.000,0.000,0.00
1777916774,loop11,0.00,0.00,0.000,0.000,0.00
1777916774,loop12,0.00,0.00,0.000,0.000,0.00
1777916774,loop13,0.00,0.00,0.000,0.000,0.00
1777916774,loop14,0.00,0.00,0.000,0.000,0.00
1777916774,loop15,0.00,0.00,0.000,0.000,0.00
1777916774,loop16,0.00,0.00,0.000,0.000,0.00
1777916774,loop17,0.00,0.00,0.000,0.000,0.00
1777916774,loop18,0.00,0.00,0.000,0.000,0.00
1777916774,loop19,0.00,0.00,0.000,0.000,0.00
1777916774,loop2,0.00,0.00,0.000,0.000,0.00
1777916774,loop20,0.00,0.00,0.000,0.000,0.00
1777916774,loop21,0.00,0.00,0.000,0.000,0.00
1777916774,loop22,0.00,0.00,0.000,0.000,0.00
1777916774,loop23,0.00,0.00,0.000,0.000,0.00
1777916774,loop24,0.00,0.00,0.000,0.000,0.00
1777916774,loop25,0.00,0.00,0.000,0.000,0.00
1777916774,loop26,0.00,0.00,0.000,0.000,0.00
1777916774,loop27,0.00,0.00,0.000,0.000,0.00
1777916774,loop28,0.00,0.00,0.000,0.000,0.00
1777916774,loop29,0.00,0.00,0.000,0.000,0.00
1777916774,loop3,0.00,0.00,0.000,0.000,0.00
1777916774,loop30,0.00,0.00,0.000,0.000,0.00
1777916774,loop31,0.00,0.00,0.000,0.000,0.00
1777916774,loop32,0.00,0.00,0.000,0.000,0.00
1777916774,loop33,0.00,0.00,0.000,0.000,0.00
1777916774,loop34,0.00,0.00,0.000,0.000,0.00
1777916774,loop35,0.00,0.00,0.000,0.000,0.00
1777916774,loop36,0.00,0.00,0.000,0.000,0.00
1777916774,loop37,0.00,0.00,0.000,0.000,0.00
1777916774,loop38,0.00,0.00,0.000,0.000,0.00
1777916774,loop39,0.00,0.00,0.000,0.000,0.00
1777916774,loop4,0.00,0.00,0.000,0.000,0.00
1777916774,loop40,0.00,0.00,0.000,0.000,0.00
1777916774,loop5,0.00,0.00,0.000,0.000,0.00
1777916774,loop6,0.00,0.00,0.000,0.000,0.00
1777916774,loop7,0.00,0.00,0.000,0.000,0.00
1777916774,loop8,0.00,0.00,0.000,0.000,0.00
1777916774,loop9,0.00,0.00,0.000,0.000,0.00
1777916774,nvme0n1,0.00,0.00,0.000,0.000,0.20
1777916775,loop0,0.00,0.00,0.000,0.000,0.00
1777916775,loop1,0.00,0.00,0.000,0.000,0.00
1777916775,loop10,0.00,0.00,0.000,0.000,0.00
1777916775,loop11,0.00,0.00,0.000,0.000,0.00
1777916775,loop12,0.00,0.00,0.000,0.000,0.00
1777916775,loop13,0.00,0.00,0.000,0.000,0.00
1777916775,loop14,0.00,0.00,0.000,0.000,0.00
1777916775,loop15,0.00,0.00,0.000,0.000,0.00
1777916775,loop16,0.00,0.00,0.000,0.000,0.00
1777916775,loop17,0.00,0.00,0.000,0.000,0.00
1777916775,loop18,0.00,0.00,0.000,0.000,0.00
1777916775,loop19,0.00,0.00,0.000,0.000,0.00
1777916775,loop2,0.00,0.00,0.000,0.000,0.00
1777916775,loop20,0.00,0.00,0.000,0.000,0.00
1777916775,loop21,0.00,0.00,0.000,0.000,0.00
1777916775,loop22,0.00,0.00,0.000,0.000,0.00
1777916775,loop23,0.00,0.00,0.000,0.000,0.00
1777916775,loop24,0.00,0.00,0.000,0.000,0.00
1777916775,loop25,0.00,0.00,0.000,0.000,0.00
1777916775,loop26,0.00,0.00,0.000,0.000,0.00
1777916775,loop27,0.00,0.00,0.000,0.000,0.00
1777916775,loop28,0.00,0.00,0.000,0.000,0.00
1777916775,loop29,0.00,0.00,0.000,0.000,0.00
1777916775,loop3,0.00,0.00,0.000,0.000,0.00
1777916775,loop30,0.00,0.00,0.000,0.000,0.00
1777916775,loop31,0.00,0.00,0.000,0.000,0.00
1777916775,loop32,0.00,0.00,0.000,0.000,0.00
1777916775,loop33,0.00,0.00,0.000,0.000,0.00
1777916775,loop34,0.00,0.00,0.000,0.000,0.00
1777916775,loop35,0.00,0.00,0.000,0.000,0.00
1777916775,loop36,0.00,0.00,0.000,0.000,0.00
1777916775,loop37,0.00,0.00,0.000,0.000,0.00
1777916775,loop38,0.00,0.00,0.000,0.000,0.00
1777916775,loop39,0.00,0.00,0.000,0.000,0.00
1777916775,loop4,0.00,0.00,0.000,0.000,0.00
1777916775,loop40,0.00,0.00,0.000,0.000,0.00
1777916775,loop5,0.00,0.00,0.000,0.000,0.00
1777916775,loop6,0.00,0.00,0.000,0.000,0.00
1777916775,loop7,0.00,0.00,0.000,0.000,0.00
1777916775,loop8,0.00,0.00,0.000,0.000,0.00
1777916775,loop9,0.00,0.00,0.000,0.000,0.00
1777916775,nvme0n1,0.00,0.00,0.000,0.000,0.00
1777916776,loop0,0.00,0.00,0.000,0.000,0.00
1777916776,loop1,0.00,0.00,0.000,0.000,0.00
1777916776,loop10,0.00,0.00,0.000,0.000,0.00
1777916776,loop11,0.00,0.00,0.000,0.000,0.00
1777916776,loop12,0.00,0.00,0.000,0.000,0.00
1777916776,loop13,0.00,0.00,0.000,0.000,0.00
1777916776,loop14,0.00,0.00,0.000,0.000,0.00
1777916776,loop15,0.00,0.00,0.000,0.000,0.00
1777916776,loop16,0.00,0.00,0.000,0.000,0.00
1777916776,loop17,0.00,0.00,0.000,0.000,0.00
1777916776,loop18,0.00,0.00,0.000,0.000,0.00
1777916776,loop19,0.00,0.00,0.000,0.000,0.00
1777916776,loop2,0.00,0.00,0.000,0.000,0.00
1777916776,loop20,0.00,0.00,0.000,0.000,0.00
1777916776,loop21,0.00,0.00,0.000,0.000,0.00
1777916776,loop22,0.00,0.00,0.000,0.000,0.00
1777916776,loop23,0.00,0.00,0.000,0.000,0.00
1777916776,loop24,0.00,0.00,0.000,0.000,0.00
1777916776,loop25,0.00,0.00,0.000,0.000,0.00
1777916776,loop26,0.00,0.00,0.000,0.000,0.00
1777916776,loop27,0.00,0.00,0.000,0.000,0.00
1777916776,loop28,0.00,0.00,0.000,0.000,0.00
1777916776,loop29,0.00,0.00,0.000,0.000,0.00
1777916776,loop3,0.00,0.00,0.000,0.000,0.00
1777916776,loop30,0.00,0.00,0.000,0.000,0.00
1777916776,loop31,0.00,0.00,0.000,0.000,0.00
1777916776,loop32,0.00,0.00,0.000,0.000,0.00
1777916776,loop33,0.00,0.00,0.000,0.000,0.00
1777916776,loop34,0.00,0.00,0.000,0.000,0.00
1777916776,loop35,0.00,0.00,0.000,0.000,0.00
1777916776,loop36,0.00,0.00,0.000,0.000,0.00
1777916776,loop37,0.00,0.00,0.000,0.000,0.00
1777916776,loop38,0.00,0.00,0.000,0.000,0.00
1777916776,loop39,0.00,0.00,0.000,0.000,0.00
1777916776,loop4,0.00,0.00,0.000,0.000,0.00
1777916776,loop40,0.00,0.00,0.000,0.000,0.00
1777916776,loop5,0.00,0.00,0.000,0.000,0.00
1777916776,loop6,0.00,0.00,0.000,0.000,0.00
1777916776,loop7,0.00,0.00,0.000,0.000,0.00
1777916776,loop8,0.00,0.00,0.000,0.000,0.00
1777916776,loop9,0.00,0.00,0.000,0.000,0.00
1777916776,nvme0n1,0.00,0.00,0.000,0.000,0.00
1777916777,loop0,0.00,0.00,0.000,0.000,0.00
1777916777,loop1,0.00,0.00,0.000,0.000,0.00
1777916777,loop10,0.00,0.00,0.000,0.000,0.00
1777916777,loop11,0.00,0.00,0.000,0.000,0.00
1777916777,loop12,0.00,0.00,0.000,0.000,0.00
1777916777,loop13,0.00,0.00,0.000,0.000,0.00
1777916777,loop14,0.00,0.00,0.000,0.000,0.00
1777916777,loop15,0.00,0.00,0.000,0.000,0.00
1777916777,loop16,0.00,0.00,0.000,0.000,0.00
1777916777,loop17,0.00,0.00,0.000,0.000,0.00
1777916777,loop18,0.00,0.00,0.000,0.000,0.00
1777916777,loop19,0.00,0.00,0.000,0.000,0.00
1777916777,loop2,0.00,0.00,0.000,0.000,0.00
1777916777,loop20,0.00,0.00,0.000,0.000,0.00
1777916777,loop21,0.00,0.00,0.000,0.000,0.00
1777916777,loop22,0.00,0.00,0.000,0.000,0.00
1777916777,loop23,0.00,0.00,0.000,0.000,0.00
1777916777,loop24,0.00,0.00,0.000,0.000,0.00
1777916777,loop25,0.00,0.00,0.000,0.000,0.00
1777916777,loop26,0.00,0.00,0.000,0.000,0.00
1777916777,loop27,0.00,0.00,0.000,0.000,0.00
1777916777,loop28,0.00,0.00,0.000,0.000,0.00
1777916777,loop29,0.00,0.00,0.000,0.000,0.00
1777916777,loop3,0.00,0.00,0.000,0.000,0.00
1777916777,loop30,0.00,0.00,0.000,0.000,0.00
1777916777,loop31,0.00,0.00,0.000,0.000,0.00
1777916777,loop32,0.00,0.00,0.000,0.000,0.00
1777916777,loop33,0.00,0.00,0.000,0.000,0.00
1777916777,loop34,0.00,0.00,0.000,0.000,0.00
1777916777,loop35,0.00,0.00,0.000,0.000,0.00
1777916777,loop36,0.00,0.00,0.000,0.000,0.00
1777916777,loop37,0.00,0.00,0.000,0.000,0.00
1777916777,loop38,0.00,0.00,0.000,0.000,0.00
1777916777,loop39,0.00,0.00,0.000,0.000,0.00
1777916777,loop4,0.00,0.00,0.000,0.000,0.00
1777916777,loop40,0.00,0.00,0.000,0.000,0.00
1777916777,loop5,0.00,0.00,0.000,0.000,0.00
1777916777,loop6,0.00,0.00,0.000,0.000,0.00
1777916777,loop7,0.00,0.00,0.000,0.000,0.00
1777916777,loop8,0.00,0.00,0.000,0.000,0.00
1777916777,loop9,0.00,0.00,0.000,0.000,0.00
1777916777,nvme0n1,0.00,0.00,0.000,0.000,0.00
1777916778,loop0,0.00,0.00,0.000,0.000,0.00
1777916778,loop1,0.00,0.00,0.000,0.000,0.00
1777916778,loop10,0.00,0.00,0.000,0.000,0.00
1777916778,loop11,0.00,0.00,0.000,0.000,0.00
1777916778,loop12,0.00,0.00,0.000,0.000,0.00
1777916778,loop13,0.00,0.00,0.000,0.000,0.00
1777916778,loop14,0.00,0.00,0.000,0.000,0.00
1777916778,loop15,0.00,0.00,0.000,0.000,0.00
1777916778,loop16,0.00,0.00,0.000,0.000,0.00
1777916778,loop17,0.00,0.00,0.000,0.000,0.00
1777916778,loop18,0.00,0.00,0.000,0.000,0.00
1777916778,loop19,0.00,0.00,0.000,0.000,0.00
1777916778,loop2,0.00,0.00,0.000,0.000,0.00
1777916778,loop20,0.00,0.00,0.000,0.000,0.00
1777916778,loop21,0.00,0.00,0.000,0.000,0.00
1777916778,loop22,0.00,0.00,0.000,0.000,0.00
1777916778,loop23,0.00,0.00,0.000,0.000,0.00
1777916778,loop24,0.00,0.00,0.000,0.000,0.00
1777916778,loop25,0.00,0.00,0.000,0.000,0.00
1777916778,loop26,0.00,0.00,0.000,0.000,0.00
1777916778,loop27,0.00,0.00,0.000,0.000,0.00
1777916778,loop28,0.00,0.00,0.000,0.000,0.00
1777916778,loop29,0.00,0.00,0.000,0.000,0.00
1777916778,loop3,0.00,0.00,0.000,0.000,0.00
1777916778,loop30,0.00,0.00,0.000,0.000,0.00
1777916778,loop31,0.00,0.00,0.000,0.000,0.00
1777916778,loop32,0.00,0.00,0.000,0.000,0.00
1777916778,loop33,0.00,0.00,0.000,0.000,0.00
1777916778,loop34,0.00,0.00,0.000,0.000,0.00
1777916778,loop35,0.00,0.00,0.000,0.000,0.00
1777916778,loop36,0.00,0.00,0.000,0.000,0.00
1777916778,loop37,0.00,0.00,0.000,0.000,0.00
1777916778,loop38,0.00,0.00,0.000,0.000,0.00
1777916778,loop39,0.00,0.00,0.000,0.000,0.00
1777916778,loop4,0.00,0.00,0.000,0.000,0.00
1777916778,loop40,0.00,0.00,0.000,0.000,0.00
1777916778,loop5,0.00,0.00,0.000,0.000,0.00
1777916778,loop6,0.00,0.00,0.000,0.000,0.00
1777916778,loop7,0.00,0.00,0.000,0.000,0.00
1777916778,loop8,0.00,0.00,0.000,0.000,0.00
1777916778,loop9,0.00,0.00,0.000,0.000,0.00
1777916778,nvme0n1,0.00,0.00,0.000,0.000,0.00
1777916779,loop0,0.00,0.00,0.000,0.000,0.00
1777916779,loop1,0.00,0.00,0.000,0.000,0.00
1777916779,loop10,0.00,0.00,0.000,0.000,0.00
1777916779,loop11,0.00,0.00,0.000,0.000,0.00
1777916779,loop12,0.00,0.00,0.000,0.000,0.00
1777916779,loop13,0.00,0.00,0.000,0.000,0.00
1777916779,loop14,0.00,0.00,0.000,0.000,0.00
1777916779,loop15,0.00,0.00,0.000,0.000,0.00
1777916779,loop16,0.00,0.00,0.000,0.000,0.00
1777916779,loop17,0.00,0.00,0.000,0.000,0.00
1777916779,loop18,0.00,0.00,0.000,0.000,0.00
1777916779,loop19,0.00,0.00,0.000,0.000,0.00
1777916779,loop2,0.00,0.00,0.000,0.000,0.00
1777916779,loop20,0.00,0.00,0.000,0.000,0.00
1777916779,loop21,0.00,0.00,0.000,0.000,0.00
1777916779,loop22,0.00,0.00,0.000,0.000,0.00
1777916779,loop23,0.00,0.00,0.000,0.000,0.00
1777916779,loop24,0.00,0.00,0.000,0.000,0.00
1777916779,loop25,0.00,0.00,0.000,0.000,0.00
1777916779,loop26,0.00,0.00,0.000,0.000,0.00
1777916779,loop27,0.00,0.00,0.000,0.000,0.00
1777916779,loop28,0.00,0.00,0.000,0.000,0.00
1777916779,loop29,0.00,0.00,0.000,0.000,0.00
1777916779,loop3,0.00,0.00,0.000,0.000,0.00
1777916779,loop30,0.00,0.00,0.000,0.000,0.00
1777916779,loop31,0.00,0.00,0.000,0.000,0.00
1777916779,loop32,0.00,0.00,0.000,0.000,0.00
1777916779,loop33,0.00,0.00,0.000,0.000,0.00
1777916779,loop34,0.00,0.00,0.000,0.000,0.00
1777916779,loop35,0.00,0.00,0.000,0.000,0.00
1777916779,loop36,0.00,0.00,0.000,0.000,0.00
1777916779,loop37,0.00,0.00,0.000,0.000,0.00
1777916779,loop38,0.00,0.00,0.000,0.000,0.00
1777916779,loop39,0.00,0.00,0.000,0.000,0.00
1777916779,loop4,0.00,0.00,0.000,0.000,0.00
1777916779,loop40,0.00,0.00,0.000,0.000,0.00
1777916779,loop5,0.00,0.00,0.000,0.000,0.00
1777916779,loop6,0.00,0.00,0.000,0.000,0.00
1777916779,loop7,0.00,0.00,0.000,0.000,0.00
1777916779,loop8,0.00,0.00,0.000,0.000,0.00
1777916779,loop9,0.00,0.00,0.000,0.000,0.00
1777916779,nvme0n1,0.00,0.00,0.000,0.000,5.80
1777916780,loop0,0.00,0.00,0.000,0.000,0.00
1777916780,loop1,0.00,0.00,0.000,0.000,0.00
1777916780,loop10,0.00,0.00,0.000,0.000,0.00
1777916780,loop11,0.00,0.00,0.000,0.000,0.00
1777916780,loop12,0.00,0.00,0.000,0.000,0.00
1777916780,loop13,0.00,0.00,0.000,0.000,0.00
1777916780,loop14,0.00,0.00,0.000,0.000,0.00
1777916780,loop15,0.00,0.00,0.000,0.000,0.00
1777916780,loop16,0.00,0.00,0.000,0.000,0.00
1777916780,loop17,0.00,0.00,0.000,0.000,0.00
1777916780,loop18,0.00,0.00,0.000,0.000,0.00
1777916780,loop19,0.00,0.00,0.000,0.000,0.00
1777916780,loop2,0.00,0.00,0.000,0.000,0.00
1777916780,loop20,0.00,0.00,0.000,0.000,0.00
1777916780,loop21,0.00,0.00,0.000,0.000,0.00
1777916780,loop22,0.00,0.00,0.000,0.000,0.00
1777916780,loop23,0.00,0.00,0.000,0.000,0.00
1777916780,loop24,0.00,0.00,0.000,0.000,0.00
1777916780,loop25,0.00,0.00,0.000,0.000,0.00
1777916780,loop26,0.00,0.00,0.000,0.000,0.00
1777916780,loop27,0.00,0.00,0.000,0.000,0.00
1777916780,loop28,0.00,0.00,0.000,0.000,0.00
1777916780,loop29,0.00,0.00,0.000,0.000,0.00
1777916780,loop3,0.00,0.00,0.000,0.000,0.00
1777916780,loop30,0.00,0.00,0.000,0.000,0.00
1777916780,loop31,0.00,0.00,0.000,0.000,0.00
1777916780,loop32,0.00,0.00,0.000,0.000,0.00
1777916780,loop33,0.00,0.00,0.000,0.000,0.00
1777916780,loop34,0.00,0.00,0.000,0.000,0.00
1777916780,loop35,0.00,0.00,0.000,0.000,0.00
1777916780,loop36,0.00,0.00,0.000,0.000,0.00
1777916780,loop37,0.00,0.00,0.000,0.000,0.00
1777916780,loop38,0.00,0.00,0.000,0.000,0.00
1777916780,loop39,0.00,0.00,0.000,0.000,0.00
1777916780,loop4,0.00,0.00,0.000,0.000,0.00
1777916780,loop40,0.00,0.00,0.000,0.000,0.00
1777916780,loop5,0.00,0.00,0.000,0.000,0.00
1777916780,loop6,0.00,0.00,0.000,0.000,0.00
1777916780,loop7,0.00,0.00,0.000,0.000,0.00
1777916780,loop8,0.00,0.00,0.000,0.000,0.00
1777916780,loop9,0.00,0.00,0.000,0.000,0.00
1777916780,nvme0n1,0.00,0.00,0.000,0.000,0.00
1777916781,loop0,0.00,0.00,0.000,0.000,0.00
1777916781,loop1,0.00,0.00,0.000,0.000,0.00
1777916781,loop10,0.00,0.00,0.000,0.000,0.00
1777916781,loop11,0.00,0.00,0.000,0.000,0.00
1777916781,loop12,0.00,0.00,0.000,0.000,0.00
1777916781,loop13,0.00,0.00,0.000,0.000,0.00
1777916781,loop14,0.00,0.00,0.000,0.000,0.00
1777916781,loop15,0.00,0.00,0.000,0.000,0.00
1777916781,loop16,0.00,0.00,0.000,0.000,0.00
1777916781,loop17,0.00,0.00,0.000,0.000,0.00
1777916781,loop18,0.00,0.00,0.000,0.000,0.00
1777916781,loop19,0.00,0.00,0.000,0.000,0.00
1777916781,loop2,0.00,0.00,0.000,0.000,0.00
1777916781,loop20,0.00,0.00,0.000,0.000,0.00
1777916781,loop21,0.00,0.00,0.000,0.000,0.00
1777916781,loop22,0.00,0.00,0.000,0.000,0.00
1777916781,loop23,0.00,0.00,0.000,0.000,0.00
1777916781,loop24,0.00,0.00,0.000,0.000,0.00
1777916781,loop25,0.00,0.00,0.000,0.000,0.00
1777916781,loop26,0.00,0.00,0.000,0.000,0.00
1777916781,loop27,0.00,0.00,0.000,0.000,0.00
1777916781,loop28,0.00,0.00,0.000,0.000,0.00
1777916781,loop29,0.00,0.00,0.000,0.000,0.00
1777916781,loop3,0.00,0.00,0.000,0.000,0.00
1777916781,loop30,0.00,0.00,0.000,0.000,0.00
1777916781,loop31,0.00,0.00,0.000,0.000,0.00
1777916781,loop32,0.00,0.00,0.000,0.000,0.00
1777916781,loop33,0.00,0.00,0.000,0.000,0.00
1777916781,loop34,0.00,0.00,0.000,0.000,0.00
1777916781,loop35,0.00,0.00,0.000,0.000,0.00
1777916781,loop36,0.00,0.00,0.000,0.000,0.00
1777916781,loop37,0.00,0.00,0.000,0.000,0.00
1777916781,loop38,0.00,0.00,0.000,0.000,0.00
1777916781,loop39,0.00,0.00,0.000,0.000,0.00
1777916781,loop4,0.00,0.00,0.000,0.000,0.00
1777916781,loop40,0.00,0.00,0.000,0.000,0.00
1777916781,loop5,0.00,0.00,0.000,0.000,0.00
1777916781,loop6,0.00,0.00,0.000,0.000,0.00
1777916781,loop7,0.00,0.00,0.000,0.000,0.00
1777916781,loop8,0.00,0.00,0.000,0.000,0.00
1777916781,loop9,0.00,0.00,0.000,0.000,0.00
1777916781,nvme0n1,0.00,0.00,0.000,0.000,0.00
1777916782,loop0,0.00,0.00,0.000,0.000,0.00
1777916782,loop1,0.00,0.00,0.000,0.000,0.00
1777916782,loop10,0.00,0.00,0.000,0.000,0.00
1777916782,loop11,0.00,0.00,0.000,0.000,0.00
1777916782,loop12,0.00,0.00,0.000,0.000,0.00
1777916782,loop13,0.00,0.00,0.000,0.000,0.00
1777916782,loop14,0.00,0.00,0.000,0.000,0.00
1777916782,loop15,0.00,0.00,0.000,0.000,0.00
1777916782,loop16,0.00,0.00,0.000,0.000,0.00
1777916782,loop17,0.00,0.00,0.000,0.000,0.00
1777916782,loop18,0.00,0.00,0.000,0.000,0.00
1777916782,loop19,0.00,0.00,0.000,0.000,0.00
1777916782,loop2,0.00,0.00,0.000,0.000,0.00
1777916782,loop20,0.00,0.00,0.000,0.000,0.00
1777916782,loop21,0.00,0.00,0.000,0.000,0.00
1777916782,loop22,0.00,0.00,0.000,0.000,0.00
1777916782,loop23,0.00,0.00,0.000,0.000,0.00
1777916782,loop24,0.00,0.00,0.000,0.000,0.00
1777916782,loop25,0.00,0.00,0.000,0.000,0.00
1777916782,loop26,0.00,0.00,0.000,0.000,0.00
1777916782,loop27,0.00,0.00,0.000,0.000,0.00
1777916782,loop28,0.00,0.00,0.000,0.000,0.00
1777916782,loop29,0.00,0.00,0.000,0.000,0.00
1777916782,loop3,0.00,0.00,0.000,0.000,0.00
1777916782,loop30,0.00,0.00,0.000,0.000,0.00
1777916782,loop31,0.00,0.00,0.000,0.000,0.00
1777916782,loop32,0.00,0.00,0.000,0.000,0.00
1777916782,loop33,0.00,0.00,0.000,0.000,0.00
1777916782,loop34,0.00,0.00,0.000,0.000,0.00
1777916782,loop35,0.00,0.00,0.000,0.000,0.00
1777916782,loop36,0.00,0.00,0.000,0.000,0.00
1777916782,loop37,0.00,0.00,0.000,0.000,0.00
1777916782,loop38,0.00,0.00,0.000,0.000,0.00
1777916782,loop39,0.00,0.00,0.000,0.000,0.00
1777916782,loop4,0.00,0.00,0.000,0.000,0.00
1777916782,loop40,0.00,0.00,0.000,0.000,0.00
1777916782,loop5,0.00,0.00,0.000,0.000,0.00
1777916782,loop6,0.00,0.00,0.000,0.000,0.00
1777916782,loop7,0.00,0.00,0.000,0.000,0.00
1777916782,loop8,0.00,0.00,0.000,0.000,0.00
1777916782,loop9,0.00,0.00,0.000,0.000,0.00
1777916782,nvme0n1,0.00,0.00,0.000,0.000,0.00
1777916783,loop0,0.00,0.00,0.000,0.000,0.00
1777916783,loop1,0.00,0.00,0.000,0.000,0.00
1777916783,loop10,0.00,0.00,0.000,0.000,0.00
1777916783,loop11,0.00,0.00,0.000,0.000,0.00
1777916783,loop12,0.00,0.00,0.000,0.000,0.00
1777916783,loop13,0.00,0.00,0.000,0.000,0.00
1777916783,loop14,0.00,0.00,0.000,0.000,0.00
1777916783,loop15,0.00,0.00,0.000,0.000,0.00
1777916783,loop16,0.00,0.00,0.000,0.000,0.00
1777916783,loop17,0.00,0.00,0.000,0.000,0.00
1777916783,loop18,0.00,0.00,0.000,0.000,0.00
1777916783,loop19,0.00,0.00,0.000,0.000,0.00
1777916783,loop2,0.00,0.00,0.000,0.000,0.00
1777916783,loop20,0.00,0.00,0.000,0.000,0.00
1777916783,loop21,0.00,0.00,0.000,0.000,0.00
1777916783,loop22,0.00,0.00,0.000,0.000,0.00
1777916783,loop23,0.00,0.00,0.000,0.000,0.00
1777916783,loop24,0.00,0.00,0.000,0.000,0.00
1777916783,loop25,0.00,0.00,0.000,0.000,0.00
1777916783,loop26,0.00,0.00,0.000,0.000,0.00
1777916783,loop27,0.00,0.00,0.000,0.000,0.00
1777916783,loop28,0.00,0.00,0.000,0.000,0.00
1777916783,loop29,0.00,0.00,0.000,0.000,0.00
1777916783,loop3,0.00,0.00,0.000,0.000,0.00
1777916783,loop30,0.00,0.00,0.000,0.000,0.00
1777916783,loop31,0.00,0.00,0.000,0.000,0.00
1777916783,loop32,0.00,0.00,0.000,0.000,0.00
1777916783,loop33,0.00,0.00,0.000,0.000,0.00
1777916783,loop34,0.00,0.00,0.000,0.000,0.00
1777916783,loop35,0.00,0.00,0.000,0.000,0.00
1777916783,loop36,0.00,0.00,0.000,0.000,0.00
1777916783,loop37,0.00,0.00,0.000,0.000,0.00
1777916783,loop38,0.00,0.00,0.000,0.000,0.00
1777916783,loop39,0.00,0.00,0.000,0.000,0.00
1777916783,loop4,0.00,0.00,0.000,0.000,0.00
1777916783,loop40,0.00,0.00,0.000,0.000,0.00
1777916783,loop5,0.00,0.00,0.000,0.000,0.00
1777916783,loop6,0.00,0.00,0.000,0.000,0.00
1777916783,loop7,0.00,0.00,0.000,0.000,0.00
1777916783,loop8,0.00,0.00,0.000,0.000,0.00
1777916783,loop9,0.00,0.00,0.000,0.000,0.00
1777916783,nvme0n1,0.00,0.00,0.000,0.000,2.00
1777916784,loop0,0.00,0.00,0.000,0.000,0.00
1777916784,loop1,0.00,0.00,0.000,0.000,0.00
1777916784,loop10,0.00,0.00,0.000,0.000,0.00
1777916784,loop11,0.00,0.00,0.000,0.000,0.00
1777916784,loop12,0.00,0.00,0.000,0.000,0.00
1777916784,loop13,0.00,0.00,0.000,0.000,0.00
1777916784,loop14,0.00,0.00,0.000,0.000,0.00
1777916784,loop15,0.00,0.00,0.000,0.000,0.00
1777916784,loop16,0.00,0.00,0.000,0.000,0.00
1777916784,loop17,0.00,0.00,0.000,0.000,0.00
1777916784,loop18,0.00,0.00,0.000,0.000,0.00
1777916784,loop19,0.00,0.00,0.000,0.000,0.00
1777916784,loop2,0.00,0.00,0.000,0.000,0.00
1777916784,loop20,0.00,0.00,0.000,0.000,0.00
1777916784,loop21,0.00,0.00,0.000,0.000,0.00
1777916784,loop22,0.00,0.00,0.000,0.000,0.00
1777916784,loop23,0.00,0.00,0.000,0.000,0.00
1777916784,loop24,0.00,0.00,0.000,0.000,0.00
1777916784,loop25,0.00,0.00,0.000,0.000,0.00
1777916784,loop26,0.00,0.00,0.000,0.000,0.00
1777916784,loop27,0.00,0.00,0.000,0.000,0.00
1777916784,loop28,0.00,0.00,0.000,0.000,0.00
1777916784,loop29,0.00,0.00,0.000,0.000,0.00
1777916784,loop3,0.00,0.00,0.000,0.000,0.00
1777916784,loop30,0.00,0.00,0.000,0.000,0.00
1777916784,loop31,0.00,0.00,0.000,0.000,0.00
1777916784,loop32,0.00,0.00,0.000,0.000,0.00
1777916784,loop33,0.00,0.00,0.000,0.000,0.00
1777916784,loop34,0.00,0.00,0.000,0.000,0.00
1777916784,loop35,0.00,0.00,0.000,0.000,0.00
1777916784,loop36,0.00,0.00,0.000,0.000,0.00
1777916784,loop37,0.00,0.00,0.000,0.000,0.00
1777916784,loop38,0.00,0.00,0.000,0.000,0.00
1777916784,loop39,0.00,0.00,0.000,0.000,0.00
1777916784,loop4,0.00,0.00,0.000,0.000,0.00
1777916784,loop40,0.00,0.00,0.000,0.000,0.00
1777916784,loop5,0.00,0.00,0.000,0.000,0.00
1777916784,loop6,0.00,0.00,0.000,0.000,0.00
1777916784,loop7,0.00,0.00,0.000,0.000,0.00
1777916784,loop8,0.00,0.00,0.000,0.000,0.00
1777916784,loop9,0.00,0.00,0.000,0.000,0.00
1777916784,nvme0n1,0.00,0.00,0.000,0.000,0.00
