t_unix,device,r_iops,w_iops,r_mb_s,w_mb_s,util_pct
1777908058,loop0,0.00,0.00,0.000,0.000,0.00
1777908058,loop1,0.00,0.00,0.000,0.000,0.00
1777908058,loop10,0.00,0.00,0.000,0.000,0.00
1777908058,loop11,0.00,0.00,0.000,0.000,0.00
1777908058,loop12,0.00,0.00,0.000,0.000,0.00
1777908058,loop13,0.00,0.00,0.000,0.000,0.00
1777908058,loop14,0.00,0.00,0.000,0.000,0.00
1777908058,loop15,0.00,0.00,0.000,0.000,0.00
1777908058,loop16,0.00,0.00,0.000,0.000,0.00
1777908058,loop17,0.00,0.00,0.000,0.000,0.00
1777908058,loop18,0.00,0.00,0.000,0.000,0.00
1777908058,loop19,0.00,0.00,0.000,0.000,0.00
1777908058,loop2,0.00,0.00,0.000,0.000,0.00
1777908058,loop20,0.00,0.00,0.000,0.000,0.00
1777908058,loop21,0.00,0.00,0.000,0.000,0.00
1777908058,loop22,0.00,0.00,0.000,0.000,0.00
1777908058,loop23,0.00,0.00,0.000,0.000,0.00
1777908058,loop24,0.00,0.00,0.000,0.000,0.00
1777908058,loop25,0.00,0.00,0.000,0.000,0.00
1777908058,loop26,0.00,0.00,0.000,0.000,0.00
1777908058,loop27,0.00,0.00,0.000,0.000,0.00
1777908058,loop28,0.00,0.00,0.000,0.000,0.00
1777908058,loop29,0.00,0.00,0.000,0.000,0.00
1777908058,loop3,0.00,0.00,0.000,0.000,0.00
1777908058,loop30,0.00,0.00,0.000,0.000,0.00
1777908058,loop31,0.00,0.00,0.000,0.000,0.00
1777908058,loop32,0.00,0.00,0.000,0.000,0.00
1777908058,loop33,0.00,0.00,0.000,0.000,0.00
1777908058,loop34,0.00,0.00,0.000,0.000,0.00
1777908058,loop35,0.00,0.00,0.000,0.000,0.00
1777908058,loop36,0.00,0.00,0.000,0.000,0.00
1777908058,loop37,0.00,0.00,0.000,0.000,0.00
1777908058,loop38,0.00,0.00,0.000,0.000,0.00
1777908058,loop39,0.00,0.00,0.000,0.000,0.00
1777908058,loop4,0.00,0.00,0.000,0.000,0.00
1777908058,loop40,0.00,0.00,0.000,0.000,0.00
1777908058,loop5,0.00,0.00,0.000,0.000,0.00
1777908058,loop6,0.00,0.00,0.000,0.000,0.00
1777908058,loop7,0.00,0.00,0.000,0.000,0.00
1777908058,loop8,0.00,0.00,0.000,0.000,0.00
1777908058,loop9,0.00,0.00,0.000,0.000,0.00
1777908058,nvme0n1,0.00,0.00,0.000,0.000,0.00
1777908059,loop0,0.00,0.00,0.000,0.000,0.00
1777908059,loop1,0.00,0.00,0.000,0.000,0.00
1777908059,loop10,0.00,0.00,0.000,0.000,0.00
1777908059,loop11,0.00,0.00,0.000,0.000,0.00
1777908059,loop12,0.00,0.00,0.000,0.000,0.00
1777908059,loop13,0.00,0.00,0.000,0.000,0.00
1777908059,loop14,0.00,0.00,0.000,0.000,0.00
1777908059,loop15,0.00,0.00,0.000,0.000,0.00
1777908059,loop16,0.00,0.00,0.000,0.000,0.00
1777908059,loop17,0.00,0.00,0.000,0.000,0.00
1777908059,loop18,0.00,0.00,0.000,0.000,0.00
1777908059,loop19,0.00,0.00,0.000,0.000,0.00
1777908059,loop2,0.00,0.00,0.000,0.000,0.00
1777908059,loop20,0.00,0.00,0.000,0.000,0.00
1777908059,loop21,0.00,0.00,0.000,0.000,0.00
1777908059,loop22,0.00,0.00,0.000,0.000,0.00
1777908059,loop23,0.00,0.00,0.000,0.000,0.00
1777908059,loop24,0.00,0.00,0.000,0.000,0.00
1777908059,loop25,0.00,0.00,0.000,0.000,0.00
1777908059,loop26,0.00,0.00,0.000,0.000,0.00
1777908059,loop27,0.00,0.00,0.000,0.000,0.00
1777908059,loop28,0.00,0.00,0.000,0.000,0.00
1777908059,loop29,0.00,0.00,0.000,0.000,0.00
1777908059,loop3,0.00,0.00,0.000,0.000,0.00
1777908059,loop30,0.00,0.00,0.000,0.000,0.00
1777908059,loop31,0.00,0.00,0.000,0.000,0.00
1777908059,loop32,0.00,0.00,0.000,0.000,0.00
1777908059,loop33,0.00,0.00,0.000,0.000,0.00
1777908059,loop34,0.00,0.00,0.000,0.000,0.00
1777908059,loop35,0.00,0.00,0.000,0.000,0.00
1777908059,loop36,0.00,0.00,0.000,0.000,0.00
1777908059,loop37,0.00,0.00,0.000,0.000,0.00
1777908059,loop38,0.00,0.00,0.000,0.000,0.00
1777908059,loop39,0.00,0.00,0.000,0.000,0.00
1777908059,loop4,0.00,0.00,0.000,0.000,0.00
1777908059,loop40,0.00,0.00,0.000,0.000,0.00
1777908059,loop5,0.00,0.00,0.000,0.000,0.00
1777908059,loop6,0.00,0.00,0.000,0.000,0.00
1777908059,loop7,0.00,0.00,0.000,0.000,0.00
1777908059,loop8,0.00,0.00,0.000,0.000,0.00
1777908059,loop9,0.00,0.00,0.000,0.000,0.00
1777908059,nvme0n1,0.00,0.00,0.000,0.000,0.00
1777908060,loop0,0.00,0.00,0.000,0.000,0.00
1777908060,loop1,0.00,0.00,0.000,0.000,0.00
1777908060,loop10,0.00,0.00,0.000,0.000,0.00
1777908060,loop11,0.00,0.00,0.000,0.000,0.00
1777908060,loop12,0.00,0.00,0.000,0.000,0.00
1777908060,loop13,0.00,0.00,0.000,0.000,0.00
1777908060,loop14,0.00,0.00,0.000,0.000,0.00
1777908060,loop15,0.00,0.00,0.000,0.000,0.00
1777908060,loop16,0.00,0.00,0.000,0.000,0.00
1777908060,loop17,0.00,0.00,0.000,0.000,0.00
1777908060,loop18,0.00,0.00,0.000,0.000,0.00
1777908060,loop19,0.00,0.00,0.000,0.000,0.00
1777908060,loop2,0.00,0.00,0.000,0.000,0.00
1777908060,loop20,0.00,0.00,0.000,0.000,0.00
1777908060,loop21,0.00,0.00,0.000,0.000,0.00
1777908060,loop22,0.00,0.00,0.000,0.000,0.00
1777908060,loop23,0.00,0.00,0.000,0.000,0.00
1777908060,loop24,0.00,0.00,0.000,0.000,0.00
1777908060,loop25,0.00,0.00,0.000,0.000,0.00
1777908060,loop26,0.00,0.00,0.000,0.000,0.00
1777908060,loop27,0.00,0.00,0.000,0.000,0.00
1777908060,loop28,0.00,0.00,0.000,0.000,0.00
1777908060,loop29,0.00,0.00,0.000,0.000,0.00
1777908060,loop3,0.00,0.00,0.000,0.000,0.00
1777908060,loop30,0.00,0.00,0.000,0.000,0.00
1777908060,loop31,0.00,0.00,0.000,0.000,0.00
1777908060,loop32,0.00,0.00,0.000,0.000,0.00
1777908060,loop33,0.00,0.00,0.000,0.000,0.00
1777908060,loop34,0.00,0.00,0.000,0.000,0.00
1777908060,loop35,0.00,0.00,0.000,0.000,0.00
1777908060,loop36,0.00,0.00,0.000,0.000,0.00
1777908060,loop37,0.00,0.00,0.000,0.000,0.00
1777908060,loop38,0.00,0.00,0.000,0.000,0.00
1777908060,loop39,0.00,0.00,0.000,0.000,0.00
1777908060,loop4,0.00,0.00,0.000,0.000,0.00
1777908060,loop40,0.00,0.00,0.000,0.000,0.00
1777908060,loop5,0.00,0.00,0.000,0.000,0.00
1777908060,loop6,0.00,0.00,0.000,0.000,0.00
1777908060,loop7,0.00,0.00,0.000,0.000,0.00
1777908060,loop8,0.00,0.00,0.000,0.000,0.00
1777908060,loop9,0.00,0.00,0.000,0.000,0.00
1777908060,nvme0n1,0.00,0.00,0.000,0.000,6.40
1777908061,loop0,0.00,0.00,0.000,0.000,0.00
1777908061,loop1,0.00,0.00,0.000,0.000,0.00
1777908061,loop10,0.00,0.00,0.000,0.000,0.00
1777908061,loop11,0.00,0.00,0.000,0.000,0.00
1777908061,loop12,0.00,0.00,0.000,0.000,0.00
1777908061,loop13,0.00,0.00,0.000,0.000,0.00
1777908061,loop14,0.00,0.00,0.000,0.000,0.00
1777908061,loop15,0.00,0.00,0.000,0.000,0.00
1777908061,loop16,0.00,0.00,0.000,0.000,0.00
1777908061,loop17,0.00,0.00,0.000,0.000,0.00
1777908061,loop18,0.00,0.00,0.000,0.000,0.00
1777908061,loop19,0.00,0.00,0.000,0.000,0.00
1777908061,loop2,0.00,0.00,0.000,0.000,0.00
1777908061,loop20,0.00,0.00,0.000,0.000,0.00
1777908061,loop21,0.00,0.00,0.000,0.000,0.00
1777908061,loop22,0.00,0.00,0.000,0.000,0.00
1777908061,loop23,0.00,0.00,0.000,0.000,0.00
1777908061,loop24,0.00,0.00,0.000,0.000,0.00
1777908061,loop25,0.00,0.00,0.000,0.000,0.00
1777908061,loop26,0.00,0.00,0.000,0.000,0.00
1777908061,loop27,0.00,0.00,0.000,0.000,0.00
1777908061,loop28,0.00,0.00,0.000,0.000,0.00
1777908061,loop29,0.00,0.00,0.000,0.000,0.00
1777908061,loop3,0.00,0.00,0.000,0.000,0.00
1777908061,loop30,0.00,0.00,0.000,0.000,0.00
1777908061,loop31,0.00,0.00,0.000,0.000,0.00
1777908061,loop32,0.00,0.00,0.000,0.000,0.00
1777908061,loop33,0.00,0.00,0.000,0.000,0.00
1777908061,loop34,0.00,0.00,0.000,0.000,0.00
1777908061,loop35,0.00,0.00,0.000,0.000,0.00
1777908061,loop36,0.00,0.00,0.000,0.000,0.00
1777908061,loop37,0.00,0.00,0.000,0.000,0.00
1777908061,loop38,0.00,0.00,0.000,0.000,0.00
1777908061,loop39,0.00,0.00,0.000,0.000,0.00
1777908061,loop4,0.00,0.00,0.000,0.000,0.00
1777908061,loop40,0.00,0.00,0.000,0.000,0.00
1777908061,loop5,0.00,0.00,0.000,0.000,0.00
1777908061,loop6,0.00,0.00,0.000,0.000,0.00
1777908061,loop7,0.00,0.00,0.000,0.000,0.00
1777908061,loop8,0.00,0.00,0.000,0.000,0.00
1777908061,loop9,0.00,0.00,0.000,0.000,0.00
1777908061,nvme0n1,0.00,0.00,0.000,0.000,0.00
1777908062,loop0,0.00,0.00,0.000,0.000,0.00
1777908062,loop1,0.00,0.00,0.000,0.000,0.00
1777908062,loop10,0.00,0.00,0.000,0.000,0.00
1777908062,loop11,0.00,0.00,0.000,0.000,0.00
1777908062,loop12,0.00,0.00,0.000,0.000,0.00
1777908062,loop13,0.00,0.00,0.000,0.000,0.00
1777908062,loop14,0.00,0.00,0.000,0.000,0.00
1777908062,loop15,0.00,0.00,0.000,0.000,0.00
1777908062,loop16,0.00,0.00,0.000,0.000,0.00
1777908062,loop17,0.00,0.00,0.000,0.000,0.00
1777908062,loop18,0.00,0.00,0.000,0.000,0.00
1777908062,loop19,0.00,0.00,0.000,0.000,0.00
1777908062,loop2,0.00,0.00,0.000,0.000,0.00
1777908062,loop20,0.00,0.00,0.000,0.000,0.00
1777908062,loop21,0.00,0.00,0.000,0.000,0.00
1777908062,loop22,0.00,0.00,0.000,0.000,0.00
1777908062,loop23,0.00,0.00,0.000,0.000,0.00
1777908062,loop24,0.00,0.00,0.000,0.000,0.00
1777908062,loop25,0.00,0.00,0.000,0.000,0.00
1777908062,loop26,0.00,0.00,0.000,0.000,0.00
1777908062,loop27,0.00,0.00,0.000,0.000,0.00
1777908062,loop28,0.00,0.00,0.000,0.000,0.00
1777908062,loop29,0.00,0.00,0.000,0.000,0.00
1777908062,loop3,0.00,0.00,0.000,0.000,0.00
1777908062,loop30,0.00,0.00,0.000,0.000,0.00
1777908062,loop31,0.00,0.00,0.000,0.000,0.00
1777908062,loop32,0.00,0.00,0.000,0.000,0.00
1777908062,loop33,0.00,0.00,0.000,0.000,0.00
1777908062,loop34,0.00,0.00,0.000,0.000,0.00
1777908062,loop35,0.00,0.00,0.000,0.000,0.00
1777908062,loop36,0.00,0.00,0.000,0.000,0.00
1777908062,loop37,0.00,0.00,0.000,0.000,0.00
1777908062,loop38,0.00,0.00,0.000,0.000,0.00
1777908062,loop39,0.00,0.00,0.000,0.000,0.00
1777908062,loop4,0.00,0.00,0.000,0.000,0.00
1777908062,loop40,0.00,0.00,0.000,0.000,0.00
1777908062,loop5,0.00,0.00,0.000,0.000,0.00
1777908062,loop6,0.00,0.00,0.000,0.000,0.00
1777908062,loop7,0.00,0.00,0.000,0.000,0.00
1777908062,loop8,0.00,0.00,0.000,0.000,0.00
1777908062,loop9,0.00,0.00,0.000,0.000,0.00
1777908062,nvme0n1,3.00,12.00,0.000,0.000,0.10
1777908063,loop0,0.00,0.00,0.000,0.000,0.00
1777908063,loop1,0.00,0.00,0.000,0.000,0.00
1777908063,loop10,0.00,0.00,0.000,0.000,0.00
1777908063,loop11,0.00,0.00,0.000,0.000,0.00
1777908063,loop12,0.00,0.00,0.000,0.000,0.00
1777908063,loop13,0.00,0.00,0.000,0.000,0.00
1777908063,loop14,0.00,0.00,0.000,0.000,0.00
1777908063,loop15,0.00,0.00,0.000,0.000,0.00
1777908063,loop16,0.00,0.00,0.000,0.000,0.00
1777908063,loop17,0.00,0.00,0.000,0.000,0.00
1777908063,loop18,0.00,0.00,0.000,0.000,0.00
1777908063,loop19,0.00,0.00,0.000,0.000,0.00
1777908063,loop2,0.00,0.00,0.000,0.000,0.00
1777908063,loop20,0.00,0.00,0.000,0.000,0.00
1777908063,loop21,0.00,0.00,0.000,0.000,0.00
1777908063,loop22,0.00,0.00,0.000,0.000,0.00
1777908063,loop23,0.00,0.00,0.000,0.000,0.00
1777908063,loop24,0.00,0.00,0.000,0.000,0.00
1777908063,loop25,0.00,0.00,0.000,0.000,0.00
1777908063,loop26,0.00,0.00,0.000,0.000,0.00
1777908063,loop27,0.00,0.00,0.000,0.000,0.00
1777908063,loop28,0.00,0.00,0.000,0.000,0.00
1777908063,loop29,0.00,0.00,0.000,0.000,0.00
1777908063,loop3,0.00,0.00,0.000,0.000,0.00
1777908063,loop30,0.00,0.00,0.000,0.000,0.00
1777908063,loop31,0.00,0.00,0.000,0.000,0.00
1777908063,loop32,0.00,0.00,0.000,0.000,0.00
1777908063,loop33,0.00,0.00,0.000,0.000,0.00
1777908063,loop34,0.00,0.00,0.000,0.000,0.00
1777908063,loop35,0.00,0.00,0.000,0.000,0.00
1777908063,loop36,0.00,0.00,0.000,0.000,0.00
1777908063,loop37,0.00,0.00,0.000,0.000,0.00
1777908063,loop38,0.00,0.00,0.000,0.000,0.00
1777908063,loop39,0.00,0.00,0.000,0.000,0.00
1777908063,loop4,0.00,0.00,0.000,0.000,0.00
1777908063,loop40,0.00,0.00,0.000,0.000,0.00
1777908063,loop5,0.00,0.00,0.000,0.000,0.00
1777908063,loop6,0.00,0.00,0.000,0.000,0.00
1777908063,loop7,0.00,0.00,0.000,0.000,0.00
1777908063,loop8,0.00,0.00,0.000,0.000,0.00
1777908063,loop9,0.00,0.00,0.000,0.000,0.00
1777908063,nvme0n1,0.00,0.00,0.000,0.000,0.00
1777908064,loop0,0.00,0.00,0.000,0.000,0.00
1777908064,loop1,0.00,0.00,0.000,0.000,0.00
1777908064,loop10,0.00,0.00,0.000,0.000,0.00
1777908064,loop11,0.00,0.00,0.000,0.000,0.00
1777908064,loop12,0.00,0.00,0.000,0.000,0.00
1777908064,loop13,0.00,0.00,0.000,0.000,0.00
1777908064,loop14,0.00,0.00,0.000,0.000,0.00
1777908064,loop15,0.00,0.00,0.000,0.000,0.00
1777908064,loop16,0.00,0.00,0.000,0.000,0.00
1777908064,loop17,0.00,0.00,0.000,0.000,0.00
1777908064,loop18,0.00,0.00,0.000,0.000,0.00
1777908064,loop19,0.00,0.00,0.000,0.000,0.00
1777908064,loop2,0.00,0.00,0.000,0.000,0.00
1777908064,loop20,0.00,0.00,0.000,0.000,0.00
1777908064,loop21,0.00,0.00,0.000,0.000,0.00
1777908064,loop22,0.00,0.00,0.000,0.000,0.00
1777908064,loop23,0.00,0.00,0.000,0.000,0.00
1777908064,loop24,0.00,0.00,0.000,0.000,0.00
1777908064,loop25,0.00,0.00,0.000,0.000,0.00
1777908064,loop26,0.00,0.00,0.000,0.000,0.00
1777908064,loop27,0.00,0.00,0.000,0.000,0.00
1777908064,loop28,0.00,0.00,0.000,0.000,0.00
1777908064,loop29,0.00,0.00,0.000,0.000,0.00
1777908064,loop3,0.00,0.00,0.000,0.000,0.00
1777908064,loop30,0.00,0.00,0.000,0.000,0.00
1777908064,loop31,0.00,0.00,0.000,0.000,0.00
1777908064,loop32,0.00,0.00,0.000,0.000,0.00
1777908064,loop33,0.00,0.00,0.000,0.000,0.00
1777908064,loop34,0.00,0.00,0.000,0.000,0.00
1777908064,loop35,0.00,0.00,0.000,0.000,0.00
1777908064,loop36,0.00,0.00,0.000,0.000,0.00
1777908064,loop37,0.00,0.00,0.000,0.000,0.00
1777908064,loop38,1.00,65.00,0.000,0.000,2.80
1777908064,loop39,0.00,0.00,0.000,0.000,0.00
1777908064,loop4,0.00,0.00,0.000,0.000,0.00
1777908064,loop40,0.00,0.00,0.000,0.000,0.00
1777908064,loop5,0.00,0.00,0.000,0.000,0.00
1777908064,loop6,0.00,0.00,0.000,0.000,0.00
1777908064,loop7,0.00,0.00,0.000,0.000,0.00
1777908064,loop8,0.00,0.00,0.000,0.000,0.00
1777908064,loop9,0.00,0.00,0.000,0.000,0.00
1777908064,nvme0n1,2.00,72.00,0.000,0.000,5.00
1777908065,loop0,0.00,0.00,0.000,0.000,0.00
1777908065,loop1,0.00,0.00,0.000,0.000,0.00
1777908065,loop10,0.00,0.00,0.000,0.000,0.00
1777908065,loop11,0.00,0.00,0.000,0.000,0.00
1777908065,loop12,0.00,0.00,0.000,0.000,0.00
1777908065,loop13,0.00,0.00,0.000,0.000,0.00
1777908065,loop14,0.00,0.00,0.000,0.000,0.00
1777908065,loop15,0.00,0.00,0.000,0.000,0.00
1777908065,loop16,0.00,0.00,0.000,0.000,0.00
1777908065,loop17,0.00,0.00,0.000,0.000,0.00
1777908065,loop18,0.00,0.00,0.000,0.000,0.00
1777908065,loop19,0.00,0.00,0.000,0.000,0.00
1777908065,loop2,0.00,0.00,0.000,0.000,0.00
1777908065,loop20,0.00,0.00,0.000,0.000,0.00
1777908065,loop21,0.00,0.00,0.000,0.000,0.00
1777908065,loop22,0.00,0.00,0.000,0.000,0.00
1777908065,loop23,0.00,0.00,0.000,0.000,0.00
1777908065,loop24,0.00,0.00,0.000,0.000,0.00
1777908065,loop25,0.00,0.00,0.000,0.000,0.00
1777908065,loop26,0.00,0.00,0.000,0.000,0.00
1777908065,loop27,0.00,0.00,0.000,0.000,0.00
1777908065,loop28,0.00,0.00,0.000,0.000,0.00
1777908065,loop29,0.00,0.00,0.000,0.000,0.00
1777908065,loop3,0.00,0.00,0.000,0.000,0.00
1777908065,loop30,0.00,0.00,0.000,0.000,0.00
1777908065,loop31,0.00,0.00,0.000,0.000,0.00
1777908065,loop32,0.00,0.00,0.000,0.000,0.00
1777908065,loop33,0.00,0.00,0.000,0.000,0.00
1777908065,loop34,0.00,0.00,0.000,0.000,0.00
1777908065,loop35,0.00,0.00,0.000,0.000,0.00
1777908065,loop36,0.00,0.00,0.000,0.000,0.00
1777908065,loop37,0.00,0.00,0.000,0.000,0.00
1777908065,loop38,0.00,0.00,0.000,0.000,0.00
1777908065,loop39,0.00,0.00,0.000,0.000,0.00
1777908065,loop4,0.00,0.00,0.000,0.000,0.00
1777908065,loop40,0.00,0.00,0.000,0.000,0.00
1777908065,loop5,0.00,0.00,0.000,0.000,0.00
1777908065,loop6,0.00,0.00,0.000,0.000,0.00
1777908065,loop7,0.00,0.00,0.000,0.000,0.00
1777908065,loop8,0.00,0.00,0.000,0.000,0.00
1777908065,loop9,0.00,0.00,0.000,0.000,0.00
1777908065,nvme0n1,0.00,0.00,0.000,0.000,0.60
1777908066,loop0,0.00,0.00,0.000,0.000,0.00
1777908066,loop1,0.00,0.00,0.000,0.000,0.00
1777908066,loop10,0.00,0.00,0.000,0.000,0.00
1777908066,loop11,0.00,0.00,0.000,0.000,0.00
1777908066,loop12,0.00,0.00,0.000,0.000,0.00
1777908066,loop13,0.00,0.00,0.000,0.000,0.00
1777908066,loop14,0.00,0.00,0.000,0.000,0.00
1777908066,loop15,0.00,0.00,0.000,0.000,0.00
1777908066,loop16,0.00,0.00,0.000,0.000,0.00
1777908066,loop17,0.00,0.00,0.000,0.000,0.00
1777908066,loop18,0.00,0.00,0.000,0.000,0.00
1777908066,loop19,0.00,0.00,0.000,0.000,0.00
1777908066,loop2,0.00,0.00,0.000,0.000,0.00
1777908066,loop20,0.00,0.00,0.000,0.000,0.00
1777908066,loop21,0.00,0.00,0.000,0.000,0.00
1777908066,loop22,0.00,0.00,0.000,0.000,0.00
1777908066,loop23,0.00,0.00,0.000,0.000,0.00
1777908066,loop24,0.00,0.00,0.000,0.000,0.00
1777908066,loop25,0.00,0.00,0.000,0.000,0.00
1777908066,loop26,0.00,0.00,0.000,0.000,0.00
1777908066,loop27,0.00,0.00,0.000,0.000,0.00
1777908066,loop28,0.00,0.00,0.000,0.000,0.00
1777908066,loop29,0.00,0.00,0.000,0.000,0.00
1777908066,loop3,0.00,0.00,0.000,0.000,0.00
1777908066,loop30,0.00,0.00,0.000,0.000,0.00
1777908066,loop31,0.00,0.00,0.000,0.000,0.00
1777908066,loop32,0.00,0.00,0.000,0.000,0.00
1777908066,loop33,0.00,0.00,0.000,0.000,0.00
1777908066,loop34,0.00,0.00,0.000,0.000,0.00
1777908066,loop35,0.00,0.00,0.000,0.000,0.00
1777908066,loop36,0.00,0.00,0.000,0.000,0.00
1777908066,loop37,0.00,0.00,0.000,0.000,0.00
1777908066,loop38,0.00,0.00,0.000,0.000,0.00
1777908066,loop39,0.00,0.00,0.000,0.000,0.00
1777908066,loop4,0.00,0.00,0.000,0.000,0.00
1777908066,loop40,0.00,0.00,0.000,0.000,0.00
1777908066,loop5,0.00,0.00,0.000,0.000,0.00
1777908066,loop6,0.00,0.00,0.000,0.000,0.00
1777908066,loop7,0.00,0.00,0.000,0.000,0.00
1777908066,loop8,0.00,0.00,0.000,0.000,0.00
1777908066,loop9,0.00,0.00,0.000,0.000,0.00
1777908066,nvme0n1,0.00,0.00,0.000,0.000,0.00
1777908067,loop0,0.00,0.00,0.000,0.000,0.00
1777908067,loop1,0.00,0.00,0.000,0.000,0.00
1777908067,loop10,0.00,0.00,0.000,0.000,0.00
1777908067,loop11,0.00,0.00,0.000,0.000,0.00
1777908067,loop12,0.00,0.00,0.000,0.000,0.00
1777908067,loop13,0.00,0.00,0.000,0.000,0.00
1777908067,loop14,0.00,0.00,0.000,0.000,0.00
1777908067,loop15,0.00,0.00,0.000,0.000,0.00
1777908067,loop16,0.00,0.00,0.000,0.000,0.00
1777908067,loop17,0.00,0.00,0.000,0.000,0.00
1777908067,loop18,0.00,0.00,0.000,0.000,0.00
1777908067,loop19,0.00,0.00,0.000,0.000,0.00
1777908067,loop2,0.00,0.00,0.000,0.000,0.00
1777908067,loop20,0.00,0.00,0.000,0.000,0.00
1777908067,loop21,0.00,0.00,0.000,0.000,0.00
1777908067,loop22,0.00,0.00,0.000,0.000,0.00
1777908067,loop23,0.00,0.00,0.000,0.000,0.00
1777908067,loop24,0.00,0.00,0.000,0.000,0.00
1777908067,loop25,0.00,0.00,0.000,0.000,0.00
1777908067,loop26,0.00,0.00,0.000,0.000,0.00
1777908067,loop27,0.00,0.00,0.000,0.000,0.00
1777908067,loop28,0.00,0.00,0.000,0.000,0.00
1777908067,loop29,0.00,0.00,0.000,0.000,0.00
1777908067,loop3,0.00,0.00,0.000,0.000,0.00
1777908067,loop30,0.00,0.00,0.000,0.000,0.00
1777908067,loop31,0.00,0.00,0.000,0.000,0.00
1777908067,loop32,0.00,0.00,0.000,0.000,0.00
1777908067,loop33,0.00,0.00,0.000,0.000,0.00
1777908067,loop34,0.00,0.00,0.000,0.000,0.00
1777908067,loop35,0.00,0.00,0.000,0.000,0.00
1777908067,loop36,0.00,0.00,0.000,0.000,0.00
1777908067,loop37,0.00,0.00,0.000,0.000,0.00
1777908067,loop38,0.00,0.00,0.000,0.000,0.00
1777908067,loop39,0.00,0.00,0.000,0.000,0.00
1777908067,loop4,0.00,0.00,0.000,0.000,0.00
1777908067,loop40,0.00,0.00,0.000,0.000,0.00
1777908067,loop5,0.00,0.00,0.000,0.000,0.00
1777908067,loop6,0.00,0.00,0.000,0.000,0.00
1777908067,loop7,0.00,0.00,0.000,0.000,0.00
1777908067,loop8,0.00,0.00,0.000,0.000,0.00
1777908067,loop9,0.00,0.00,0.000,0.000,0.00
1777908067,nvme0n1,0.00,0.00,0.000,0.000,0.00
1777908068,loop0,0.00,0.00,0.000,0.000,0.00
1777908068,loop1,0.00,0.00,0.000,0.000,0.00
1777908068,loop10,0.00,0.00,0.000,0.000,0.00
1777908068,loop11,0.00,0.00,0.000,0.000,0.00
1777908068,loop12,0.00,0.00,0.000,0.000,0.00
1777908068,loop13,0.00,0.00,0.000,0.000,0.00
1777908068,loop14,0.00,0.00,0.000,0.000,0.00
1777908068,loop15,0.00,0.00,0.000,0.000,0.00
1777908068,loop16,0.00,0.00,0.000,0.000,0.00
1777908068,loop17,0.00,0.00,0.000,0.000,0.00
1777908068,loop18,0.00,0.00,0.000,0.000,0.00
1777908068,loop19,0.00,0.00,0.000,0.000,0.00
1777908068,loop2,0.00,0.00,0.000,0.000,0.00
1777908068,loop20,0.00,0.00,0.000,0.000,0.00
1777908068,loop21,0.00,0.00,0.000,0.000,0.00
1777908068,loop22,0.00,0.00,0.000,0.000,0.00
1777908068,loop23,0.00,0.00,0.000,0.000,0.00
1777908068,loop24,0.00,0.00,0.000,0.000,0.00
1777908068,loop25,0.00,0.00,0.000,0.000,0.00
1777908068,loop26,0.00,0.00,0.000,0.000,0.00
1777908068,loop27,0.00,0.00,0.000,0.000,0.00
1777908068,loop28,0.00,0.00,0.000,0.000,0.00
1777908068,loop29,0.00,0.00,0.000,0.000,0.00
1777908068,loop3,0.00,0.00,0.000,0.000,0.00
1777908068,loop30,0.00,0.00,0.000,0.000,0.00
1777908068,loop31,0.00,0.00,0.000,0.000,0.00
1777908068,loop32,0.00,0.00,0.000,0.000,0.00
1777908068,loop33,0.00,0.00,0.000,0.000,0.00
1777908068,loop34,0.00,0.00,0.000,0.000,0.00
1777908068,loop35,0.00,0.00,0.000,0.000,0.00
1777908068,loop36,0.00,0.00,0.000,0.000,0.00
1777908068,loop37,0.00,0.00,0.000,0.000,0.00
1777908068,loop38,0.00,0.00,0.000,0.000,0.00
1777908068,loop39,0.00,0.00,0.000,0.000,0.00
1777908068,loop4,0.00,0.00,0.000,0.000,0.00
1777908068,loop40,0.00,0.00,0.000,0.000,0.00
1777908068,loop5,0.00,0.00,0.000,0.000,0.00
1777908068,loop6,0.00,0.00,0.000,0.000,0.00
1777908068,loop7,0.00,0.00,0.000,0.000,0.00
1777908068,loop8,0.00,0.00,0.000,0.000,0.00
1777908068,loop9,0.00,0.00,0.000,0.000,0.00
1777908068,nvme0n1,0.00,0.00,0.000,0.000,0.00
1777908069,loop0,0.00,0.00,0.000,0.000,0.00
1777908069,loop1,0.00,0.00,0.000,0.000,0.00
1777908069,loop10,0.00,0.00,0.000,0.000,0.00
1777908069,loop11,0.00,0.00,0.000,0.000,0.00
1777908069,loop12,0.00,0.00,0.000,0.000,0.00
1777908069,loop13,0.00,0.00,0.000,0.000,0.00
1777908069,loop14,0.00,0.00,0.000,0.000,0.00
1777908069,loop15,0.00,0.00,0.000,0.000,0.00
1777908069,loop16,0.00,0.00,0.000,0.000,0.00
1777908069,loop17,0.00,0.00,0.000,0.000,0.00
1777908069,loop18,0.00,0.00,0.000,0.000,0.00
1777908069,loop19,0.00,0.00,0.000,0.000,0.00
1777908069,loop2,0.00,0.00,0.000,0.000,0.00
1777908069,loop20,0.00,0.00,0.000,0.000,0.00
1777908069,loop21,0.00,0.00,0.000,0.000,0.00
1777908069,loop22,0.00,0.00,0.000,0.000,0.00
1777908069,loop23,0.00,0.00,0.000,0.000,0.00
1777908069,loop24,0.00,0.00,0.000,0.000,0.00
1777908069,loop25,0.00,0.00,0.000,0.000,0.00
1777908069,loop26,0.00,0.00,0.000,0.000,0.00
1777908069,loop27,0.00,0.00,0.000,0.000,0.00
1777908069,loop28,0.00,0.00,0.000,0.000,0.00
1777908069,loop29,0.00,0.00,0.000,0.000,0.00
1777908069,loop3,0.00,0.00,0.000,0.000,0.00
1777908069,loop30,0.00,0.00,0.000,0.000,0.00
1777908069,loop31,0.00,0.00,0.000,0.000,0.00
1777908069,loop32,0.00,0.00,0.000,0.000,0.00
1777908069,loop33,0.00,0.00,0.000,0.000,0.00
1777908069,loop34,0.00,0.00,0.000,0.000,0.00
1777908069,loop35,0.00,0.00,0.000,0.000,0.00
1777908069,loop36,0.00,0.00,0.000,0.000,0.00
1777908069,loop37,0.00,0.00,0.000,0.000,0.00
1777908069,loop38,0.00,0.00,0.000,0.000,0.00
1777908069,loop39,0.00,0.00,0.000,0.000,0.00
1777908069,loop4,0.00,0.00,0.000,0.000,0.00
1777908069,loop40,0.00,0.00,0.000,0.000,0.00
1777908069,loop5,0.00,0.00,0.000,0.000,0.00
1777908069,loop6,0.00,0.00,0.000,0.000,0.00
1777908069,loop7,0.00,0.00,0.000,0.000,0.00
1777908069,loop8,0.00,0.00,0.000,0.000,0.00
1777908069,loop9,0.00,0.00,0.000,0.000,0.00
1777908069,nvme0n1,0.00,0.00,0.000,0.000,0.00
1777908070,loop0,0.00,0.00,0.000,0.000,0.00
1777908070,loop1,0.00,0.00,0.000,0.000,0.00
1777908070,loop10,0.00,0.00,0.000,0.000,0.00
1777908070,loop11,0.00,0.00,0.000,0.000,0.00
1777908070,loop12,0.00,0.00,0.000,0.000,0.00
1777908070,loop13,0.00,0.00,0.000,0.000,0.00
1777908070,loop14,0.00,0.00,0.000,0.000,0.00
1777908070,loop15,0.00,0.00,0.000,0.000,0.00
1777908070,loop16,0.00,0.00,0.000,0.000,0.00
1777908070,loop17,0.00,0.00,0.000,0.000,0.00
1777908070,loop18,0.00,0.00,0.000,0.000,0.00
1777908070,loop19,0.00,0.00,0.000,0.000,0.00
1777908070,loop2,0.00,0.00,0.000,0.000,0.00
1777908070,loop20,0.00,0.00,0.000,0.000,0.00
1777908070,loop21,0.00,0.00,0.000,0.000,0.00
1777908070,loop22,0.00,0.00,0.000,0.000,0.00
1777908070,loop23,0.00,0.00,0.000,0.000,0.00
1777908070,loop24,0.00,0.00,0.000,0.000,0.00
1777908070,loop25,0.00,0.00,0.000,0.000,0.00
1777908070,loop26,0.00,0.00,0.000,0.000,0.00
1777908070,loop27,0.00,0.00,0.000,0.000,0.00
1777908070,loop28,0.00,0.00,0.000,0.000,0.00
1777908070,loop29,0.00,0.00,0.000,0.000,0.00
1777908070,loop3,0.00,0.00,0.000,0.000,0.00
1777908070,loop30,0.00,0.00,0.000,0.000,0.00
1777908070,loop31,0.00,0.00,0.000,0.000,0.00
1777908070,loop32,0.00,0.00,0.000,0.000,0.00
1777908070,loop33,0.00,0.00,0.000,0.000,0.00
1777908070,loop34,0.00,0.00,0.000,0.000,0.00
1777908070,loop35,0.00,0.00,0.000,0.000,0.00
1777908070,loop36,0.00,0.00,0.000,0.000,0.00
1777908070,loop37,0.00,0.00,0.000,0.000,0.00
1777908070,loop38,0.00,0.00,0.000,0.000,0.00
1777908070,loop39,0.00,0.00,0.000,0.000,0.00
1777908070,loop4,0.00,0.00,0.000,0.000,0.00
1777908070,loop40,0.00,0.00,0.000,0.000,0.00
1777908070,loop5,0.00,0.00,0.000,0.000,0.00
1777908070,loop6,0.00,0.00,0.000,0.000,0.00
1777908070,loop7,0.00,0.00,0.000,0.000,0.00
1777908070,loop8,0.00,0.00,0.000,0.000,0.00
1777908070,loop9,0.00,0.00,0.000,0.000,0.00
1777908070,nvme0n1,1.00,12.00,0.002,0.065,3.10
1777908071,loop0,0.00,0.00,0.000,0.000,0.00
1777908071,loop1,0.00,0.00,0.000,0.000,0.00
1777908071,loop10,0.00,0.00,0.000,0.000,0.00
1777908071,loop11,0.00,0.00,0.000,0.000,0.00
1777908071,loop12,0.00,0.00,0.000,0.000,0.00
1777908071,loop13,0.00,0.00,0.000,0.000,0.00
1777908071,loop14,0.00,0.00,0.000,0.000,0.00
1777908071,loop15,0.00,0.00,0.000,0.000,0.00
1777908071,loop16,0.00,0.00,0.000,0.000,0.00
1777908071,loop17,0.00,0.00,0.000,0.000,0.00
1777908071,loop18,0.00,0.00,0.000,0.000,0.00
1777908071,loop19,0.00,0.00,0.000,0.000,0.00
1777908071,loop2,0.00,0.00,0.000,0.000,0.00
1777908071,loop20,0.00,0.00,0.000,0.000,0.00
1777908071,loop21,0.00,0.00,0.000,0.000,0.00
1777908071,loop22,0.00,0.00,0.000,0.000,0.00
1777908071,loop23,0.00,0.00,0.000,0.000,0.00
1777908071,loop24,0.00,0.00,0.000,0.000,0.00
1777908071,loop25,0.00,0.00,0.000,0.000,0.00
1777908071,loop26,0.00,0.00,0.000,0.000,0.00
1777908071,loop27,0.00,0.00,0.000,0.000,0.00
1777908071,loop28,0.00,0.00,0.000,0.000,0.00
1777908071,loop29,0.00,0.00,0.000,0.000,0.00
1777908071,loop3,0.00,0.00,0.000,0.000,0.00
1777908071,loop30,0.00,0.00,0.000,0.000,0.00
1777908071,loop31,0.00,0.00,0.000,0.000,0.00
1777908071,loop32,0.00,0.00,0.000,0.000,0.00
1777908071,loop33,0.00,0.00,0.000,0.000,0.00
1777908071,loop34,0.00,0.00,0.000,0.000,0.00
1777908071,loop35,0.00,0.00,0.000,0.000,0.00
1777908071,loop36,0.00,0.00,0.000,0.000,0.00
1777908071,loop37,0.00,0.00,0.000,0.000,0.00
1777908071,loop38,0.00,0.00,0.000,0.000,0.00
1777908071,loop39,0.00,0.00,0.000,0.000,0.00
1777908071,loop4,0.00,0.00,0.000,0.000,0.00
1777908071,loop40,0.00,0.00,0.000,0.000,0.00
1777908071,loop5,0.00,0.00,0.000,0.000,0.00
1777908071,loop6,0.00,0.00,0.000,0.000,0.00
1777908071,loop7,0.00,0.00,0.000,0.000,0.00
1777908071,loop8,0.00,0.00,0.000,0.000,0.00
1777908071,loop9,0.00,0.00,0.000,0.000,0.00
1777908071,nvme0n1,0.00,0.00,0.000,0.000,0.00
1777908072,loop0,0.00,0.00,0.000,0.000,0.00
1777908072,loop1,0.00,0.00,0.000,0.000,0.00
1777908072,loop10,0.00,0.00,0.000,0.000,0.00
1777908072,loop11,0.00,0.00,0.000,0.000,0.00
1777908072,loop12,0.00,0.00,0.000,0.000,0.00
1777908072,loop13,0.00,0.00,0.000,0.000,0.00
1777908072,loop14,0.00,0.00,0.000,0.000,0.00
1777908072,loop15,0.00,0.00,0.000,0.000,0.00
1777908072,loop16,0.00,0.00,0.000,0.000,0.00
1777908072,loop17,0.00,0.00,0.000,0.000,0.00
1777908072,loop18,0.00,0.00,0.000,0.000,0.00
1777908072,loop19,0.00,0.00,0.000,0.000,0.00
1777908072,loop2,0.00,0.00,0.000,0.000,0.00
1777908072,loop20,0.00,0.00,0.000,0.000,0.00
1777908072,loop21,0.00,0.00,0.000,0.000,0.00
1777908072,loop22,0.00,0.00,0.000,0.000,0.00
1777908072,loop23,0.00,0.00,0.000,0.000,0.00
1777908072,loop24,0.00,0.00,0.000,0.000,0.00
1777908072,loop25,0.00,0.00,0.000,0.000,0.00
1777908072,loop26,0.00,0.00,0.000,0.000,0.00
1777908072,loop27,0.00,0.00,0.000,0.000,0.00
1777908072,loop28,0.00,0.00,0.000,0.000,0.00
1777908072,loop29,0.00,0.00,0.000,0.000,0.00
1777908072,loop3,0.00,0.00,0.000,0.000,0.00
1777908072,loop30,0.00,0.00,0.000,0.000,0.00
1777908072,loop31,0.00,0.00,0.000,0.000,0.00
1777908072,loop32,0.00,0.00,0.000,0.000,0.00
1777908072,loop33,0.00,0.00,0.000,0.000,0.00
1777908072,loop34,0.00,0.00,0.000,0.000,0.00
1777908072,loop35,0.00,0.00,0.000,0.000,0.00
1777908072,loop36,0.00,0.00,0.000,0.000,0.00
1777908072,loop37,0.00,0.00,0.000,0.000,0.00
1777908072,loop38,0.00,0.00,0.000,0.000,0.00
1777908072,loop39,0.00,0.00,0.000,0.000,0.00
1777908072,loop4,0.00,0.00,0.000,0.000,0.00
1777908072,loop40,0.00,0.00,0.000,0.000,0.00
1777908072,loop5,0.00,0.00,0.000,0.000,0.00
1777908072,loop6,0.00,0.00,0.000,0.000,0.00
1777908072,loop7,0.00,0.00,0.000,0.000,0.00
1777908072,loop8,0.00,0.00,0.000,0.000,0.00
1777908072,loop9,0.00,0.00,0.000,0.000,0.00
1777908072,nvme0n1,0.00,0.00,0.000,0.000,0.30
1777908073,loop0,0.00,0.00,0.000,0.000,0.00
1777908073,loop1,0.00,0.00,0.000,0.000,0.00
1777908073,loop10,0.00,0.00,0.000,0.000,0.00
1777908073,loop11,0.00,0.00,0.000,0.000,0.00
1777908073,loop12,0.00,0.00,0.000,0.000,0.00
1777908073,loop13,0.00,0.00,0.000,0.000,0.00
1777908073,loop14,0.00,0.00,0.000,0.000,0.00
1777908073,loop15,0.00,0.00,0.000,0.000,0.00
1777908073,loop16,0.00,0.00,0.000,0.000,0.00
1777908073,loop17,0.00,0.00,0.000,0.000,0.00
1777908073,loop18,0.00,0.00,0.000,0.000,0.00
1777908073,loop19,0.00,0.00,0.000,0.000,0.00
1777908073,loop2,0.00,0.00,0.000,0.000,0.00
1777908073,loop20,0.00,0.00,0.000,0.000,0.00
1777908073,loop21,0.00,0.00,0.000,0.000,0.00
1777908073,loop22,0.00,0.00,0.000,0.000,0.00
1777908073,loop23,0.00,0.00,0.000,0.000,0.00
1777908073,loop24,0.00,0.00,0.000,0.000,0.00
1777908073,loop25,0.00,0.00,0.000,0.000,0.00
1777908073,loop26,0.00,0.00,0.000,0.000,0.00
1777908073,loop27,0.00,0.00,0.000,0.000,0.00
1777908073,loop28,0.00,0.00,0.000,0.000,0.00
1777908073,loop29,0.00,0.00,0.000,0.000,0.00
1777908073,loop3,0.00,0.00,0.000,0.000,0.00
1777908073,loop30,0.00,0.00,0.000,0.000,0.00
1777908073,loop31,0.00,0.00,0.000,0.000,0.00
1777908073,loop32,0.00,0.00,0.000,0.000,0.00
1777908073,loop33,0.00,0.00,0.000,0.000,0.00
1777908073,loop34,0.00,0.00,0.000,0.000,0.00
1777908073,loop35,0.00,0.00,0.000,0.000,0.00
1777908073,loop36,0.00,0.00,0.000,0.000,0.00
1777908073,loop37,0.00,0.00,0.000,0.000,0.00
1777908073,loop38,0.00,0.00,0.000,0.000,0.00
1777908073,loop39,0.00,0.00,0.000,0.000,0.00
1777908073,loop4,0.00,0.00,0.000,0.000,0.00
1777908073,loop40,0.00,0.00,0.000,0.000,0.00
1777908073,loop5,0.00,0.00,0.000,0.000,0.00
1777908073,loop6,0.00,0.00,0.000,0.000,0.00
1777908073,loop7,0.00,0.00,0.000,0.000,0.00
1777908073,loop8,0.00,0.00,0.000,0.000,0.00
1777908073,loop9,0.00,0.00,0.000,0.000,0.00
1777908073,nvme0n1,0.00,0.00,0.000,0.000,0.00
1777908074,loop0,0.00,0.00,0.000,0.000,0.00
1777908074,loop1,0.00,0.00,0.000,0.000,0.00
1777908074,loop10,0.00,0.00,0.000,0.000,0.00
1777908074,loop11,0.00,0.00,0.000,0.000,0.00
1777908074,loop12,0.00,0.00,0.000,0.000,0.00
1777908074,loop13,0.00,0.00,0.000,0.000,0.00
1777908074,loop14,0.00,0.00,0.000,0.000,0.00
1777908074,loop15,0.00,0.00,0.000,0.000,0.00
1777908074,loop16,0.00,0.00,0.000,0.000,0.00
1777908074,loop17,0.00,0.00,0.000,0.000,0.00
1777908074,loop18,0.00,0.00,0.000,0.000,0.00
1777908074,loop19,0.00,0.00,0.000,0.000,0.00
1777908074,loop2,0.00,0.00,0.000,0.000,0.00
1777908074,loop20,0.00,0.00,0.000,0.000,0.00
1777908074,loop21,0.00,0.00,0.000,0.000,0.00
1777908074,loop22,0.00,0.00,0.000,0.000,0.00
1777908074,loop23,0.00,0.00,0.000,0.000,0.00
1777908074,loop24,0.00,0.00,0.000,0.000,0.00
1777908074,loop25,0.00,0.00,0.000,0.000,0.00
1777908074,loop26,0.00,0.00,0.000,0.000,0.00
1777908074,loop27,0.00,0.00,0.000,0.000,0.00
1777908074,loop28,0.00,0.00,0.000,0.000,0.00
1777908074,loop29,0.00,0.00,0.000,0.000,0.00
1777908074,loop3,0.00,0.00,0.000,0.000,0.00
1777908074,loop30,0.00,0.00,0.000,0.000,0.00
1777908074,loop31,0.00,0.00,0.000,0.000,0.00
1777908074,loop32,0.00,0.00,0.000,0.000,0.00
1777908074,loop33,0.00,0.00,0.000,0.000,0.00
1777908074,loop34,0.00,0.00,0.000,0.000,0.00
1777908074,loop35,0.00,0.00,0.000,0.000,0.00
1777908074,loop36,0.00,0.00,0.000,0.000,0.00
1777908074,loop37,0.00,0.00,0.000,0.000,0.00
1777908074,loop38,0.00,0.00,0.000,0.000,0.00
1777908074,loop39,0.00,0.00,0.000,0.000,0.00
1777908074,loop4,0.00,0.00,0.000,0.000,0.00
1777908074,loop40,0.00,0.00,0.000,0.000,0.00
1777908074,loop5,0.00,0.00,0.000,0.000,0.00
1777908074,loop6,0.00,0.00,0.000,0.000,0.00
1777908074,loop7,0.00,0.00,0.000,0.000,0.00
1777908074,loop8,0.00,0.00,0.000,0.000,0.00
1777908074,loop9,0.00,0.00,0.000,0.000,0.00
1777908074,nvme0n1,28.00,124.00,0.002,0.007,1.00
1777908075,loop0,0.00,0.00,0.000,0.000,0.00
1777908075,loop1,0.00,0.00,0.000,0.000,0.00
1777908075,loop10,0.00,0.00,0.000,0.000,0.00
1777908075,loop11,0.00,0.00,0.000,0.000,0.00
1777908075,loop12,0.00,0.00,0.000,0.000,0.00
1777908075,loop13,0.00,0.00,0.000,0.000,0.00
1777908075,loop14,0.00,0.00,0.000,0.000,0.00
1777908075,loop15,0.00,0.00,0.000,0.000,0.00
1777908075,loop16,0.00,0.00,0.000,0.000,0.00
1777908075,loop17,0.00,0.00,0.000,0.000,0.00
1777908075,loop18,0.00,0.00,0.000,0.000,0.00
1777908075,loop19,0.00,0.00,0.000,0.000,0.00
1777908075,loop2,0.00,0.00,0.000,0.000,0.00
1777908075,loop20,0.00,0.00,0.000,0.000,0.00
1777908075,loop21,0.00,0.00,0.000,0.000,0.00
1777908075,loop22,0.00,0.00,0.000,0.000,0.00
1777908075,loop23,0.00,0.00,0.000,0.000,0.00
1777908075,loop24,0.00,0.00,0.000,0.000,0.00
1777908075,loop25,0.00,0.00,0.000,0.000,0.00
1777908075,loop26,0.00,0.00,0.000,0.000,0.00
1777908075,loop27,0.00,0.00,0.000,0.000,0.00
1777908075,loop28,0.00,0.00,0.000,0.000,0.00
1777908075,loop29,0.00,0.00,0.000,0.000,0.00
1777908075,loop3,0.00,0.00,0.000,0.000,0.00
1777908075,loop30,0.00,0.00,0.000,0.000,0.00
1777908075,loop31,0.00,0.00,0.000,0.000,0.00
1777908075,loop32,0.00,0.00,0.000,0.000,0.00
1777908075,loop33,0.00,0.00,0.000,0.000,0.00
1777908075,loop34,0.00,0.00,0.000,0.000,0.00
1777908075,loop35,0.00,0.00,0.000,0.000,0.00
1777908075,loop36,0.00,0.00,0.000,0.000,0.00
1777908075,loop37,0.00,0.00,0.000,0.000,0.00
1777908075,loop38,0.00,0.00,0.000,0.000,0.00
1777908075,loop39,0.00,0.00,0.000,0.000,0.00
1777908075,loop4,0.00,0.00,0.000,0.000,0.00
1777908075,loop40,0.00,0.00,0.000,0.000,0.00
1777908075,loop5,0.00,0.00,0.000,0.000,0.00
1777908075,loop6,0.00,0.00,0.000,0.000,0.00
1777908075,loop7,0.00,0.00,0.000,0.000,0.00
1777908075,loop8,0.00,0.00,0.000,0.000,0.00
1777908075,loop9,0.00,0.00,0.000,0.000,0.00
1777908075,nvme0n1,0.00,0.00,0.000,0.000,1.40
1777908076,loop0,0.00,0.00,0.000,0.000,0.00
1777908076,loop1,0.00,0.00,0.000,0.000,0.00
1777908076,loop10,0.00,0.00,0.000,0.000,0.00
1777908076,loop11,0.00,0.00,0.000,0.000,0.00
1777908076,loop12,0.00,0.00,0.000,0.000,0.00
1777908076,loop13,0.00,0.00,0.000,0.000,0.00
1777908076,loop14,0.00,0.00,0.000,0.000,0.00
1777908076,loop15,0.00,0.00,0.000,0.000,0.00
1777908076,loop16,0.00,0.00,0.000,0.000,0.00
1777908076,loop17,0.00,0.00,0.000,0.000,0.00
1777908076,loop18,0.00,0.00,0.000,0.000,0.00
1777908076,loop19,0.00,0.00,0.000,0.000,0.00
1777908076,loop2,0.00,0.00,0.000,0.000,0.00
1777908076,loop20,0.00,0.00,0.000,0.000,0.00
1777908076,loop21,0.00,0.00,0.000,0.000,0.00
1777908076,loop22,0.00,0.00,0.000,0.000,0.00
1777908076,loop23,0.00,0.00,0.000,0.000,0.00
1777908076,loop24,0.00,0.00,0.000,0.000,0.00
1777908076,loop25,0.00,0.00,0.000,0.000,0.00
1777908076,loop26,0.00,0.00,0.000,0.000,0.00
1777908076,loop27,0.00,0.00,0.000,0.000,0.00
1777908076,loop28,0.00,0.00,0.000,0.000,0.00
1777908076,loop29,0.00,0.00,0.000,0.000,0.00
1777908076,loop3,0.00,0.00,0.000,0.000,0.00
1777908076,loop30,0.00,0.00,0.000,0.000,0.00
1777908076,loop31,0.00,0.00,0.000,0.000,0.00
1777908076,loop32,0.00,0.00,0.000,0.000,0.00
1777908076,loop33,0.00,0.00,0.000,0.000,0.00
1777908076,loop34,0.00,0.00,0.000,0.000,0.00
1777908076,loop35,0.00,0.00,0.000,0.000,0.00
1777908076,loop36,0.00,0.00,0.000,0.000,0.00
1777908076,loop37,0.00,0.00,0.000,0.000,0.00
1777908076,loop38,0.00,0.00,0.000,0.000,0.00
1777908076,loop39,0.00,0.00,0.000,0.000,0.00
1777908076,loop4,0.00,0.00,0.000,0.000,0.00
1777908076,loop40,0.00,0.00,0.000,0.000,0.00
1777908076,loop5,0.00,0.00,0.000,0.000,0.00
1777908076,loop6,0.00,0.00,0.000,0.000,0.00
1777908076,loop7,0.00,0.00,0.000,0.000,0.00
1777908076,loop8,0.00,0.00,0.000,0.000,0.00
1777908076,loop9,0.00,0.00,0.000,0.000,0.00
1777908076,nvme0n1,0.00,0.00,0.000,0.000,0.00
1777908077,loop0,0.00,0.00,0.000,0.000,0.00
1777908077,loop1,0.00,0.00,0.000,0.000,0.00
1777908077,loop10,0.00,0.00,0.000,0.000,0.00
1777908077,loop11,0.00,0.00,0.000,0.000,0.00
1777908077,loop12,0.00,0.00,0.000,0.000,0.00
1777908077,loop13,0.00,0.00,0.000,0.000,0.00
1777908077,loop14,0.00,0.00,0.000,0.000,0.00
1777908077,loop15,0.00,0.00,0.000,0.000,0.00
1777908077,loop16,0.00,0.00,0.000,0.000,0.00
1777908077,loop17,0.00,0.00,0.000,0.000,0.00
1777908077,loop18,0.00,0.00,0.000,0.000,0.00
1777908077,loop19,0.00,0.00,0.000,0.000,0.00
1777908077,loop2,0.00,0.00,0.000,0.000,0.00
1777908077,loop20,0.00,0.00,0.000,0.000,0.00
1777908077,loop21,0.00,0.00,0.000,0.000,0.00
1777908077,loop22,0.00,0.00,0.000,0.000,0.00
1777908077,loop23,0.00,0.00,0.000,0.000,0.00
1777908077,loop24,0.00,0.00,0.000,0.000,0.00
1777908077,loop25,0.00,0.00,0.000,0.000,0.00
1777908077,loop26,0.00,0.00,0.000,0.000,0.00
1777908077,loop27,0.00,0.00,0.000,0.000,0.00
1777908077,loop28,0.00,0.00,0.000,0.000,0.00
1777908077,loop29,0.00,0.00,0.000,0.000,0.00
1777908077,loop3,0.00,0.00,0.000,0.000,0.00
1777908077,loop30,0.00,0.00,0.000,0.000,0.00
1777908077,loop31,0.00,0.00,0.000,0.000,0.00
1777908077,loop32,0.00,0.00,0.000,0.000,0.00
1777908077,loop33,0.00,0.00,0.000,0.000,0.00
1777908077,loop34,0.00,0.00,0.000,0.000,0.00
1777908077,loop35,0.00,0.00,0.000,0.000,0.00
1777908077,loop36,0.00,0.00,0.000,0.000,0.00
1777908077,loop37,0.00,0.00,0.000,0.000,0.00
1777908077,loop38,0.00,0.00,0.000,0.000,0.00
1777908077,loop39,0.00,0.00,0.000,0.000,0.00
1777908077,loop4,0.00,0.00,0.000,0.000,0.00
1777908077,loop40,0.00,0.00,0.000,0.000,0.00
1777908077,loop5,0.00,0.00,0.000,0.000,0.00
1777908077,loop6,0.00,0.00,0.000,0.000,0.00
1777908077,loop7,0.00,0.00,0.000,0.000,0.00
1777908077,loop8,0.00,0.00,0.000,0.000,0.00
1777908077,loop9,0.00,0.00,0.000,0.000,0.00
1777908077,nvme0n1,0.00,0.00,0.000,0.000,0.00
1777908078,loop0,0.00,0.00,0.000,0.000,0.00
1777908078,loop1,0.00,0.00,0.000,0.000,0.00
1777908078,loop10,0.00,0.00,0.000,0.000,0.00
1777908078,loop11,0.00,0.00,0.000,0.000,0.00
1777908078,loop12,0.00,0.00,0.000,0.000,0.00
1777908078,loop13,0.00,0.00,0.000,0.000,0.00
1777908078,loop14,0.00,0.00,0.000,0.000,0.00
1777908078,loop15,0.00,0.00,0.000,0.000,0.00
1777908078,loop16,0.00,0.00,0.000,0.000,0.00
1777908078,loop17,0.00,0.00,0.000,0.000,0.00
1777908078,loop18,0.00,0.00,0.000,0.000,0.00
1777908078,loop19,0.00,0.00,0.000,0.000,0.00
1777908078,loop2,0.00,0.00,0.000,0.000,0.00
1777908078,loop20,0.00,0.00,0.000,0.000,0.00
1777908078,loop21,0.00,0.00,0.000,0.000,0.00
1777908078,loop22,0.00,0.00,0.000,0.000,0.00
1777908078,loop23,0.00,0.00,0.000,0.000,0.00
1777908078,loop24,0.00,0.00,0.000,0.000,0.00
1777908078,loop25,0.00,0.00,0.000,0.000,0.00
1777908078,loop26,0.00,0.00,0.000,0.000,0.00
1777908078,loop27,0.00,0.00,0.000,0.000,0.00
1777908078,loop28,0.00,0.00,0.000,0.000,0.00
1777908078,loop29,0.00,0.00,0.000,0.000,0.00
1777908078,loop3,0.00,0.00,0.000,0.000,0.00
1777908078,loop30,0.00,0.00,0.000,0.000,0.00
1777908078,loop31,0.00,0.00,0.000,0.000,0.00
1777908078,loop32,0.00,0.00,0.000,0.000,0.00
1777908078,loop33,0.00,0.00,0.000,0.000,0.00
1777908078,loop34,0.00,0.00,0.000,0.000,0.00
1777908078,loop35,0.00,0.00,0.000,0.000,0.00
1777908078,loop36,0.00,0.00,0.000,0.000,0.00
1777908078,loop37,0.00,0.00,0.000,0.000,0.00
1777908078,loop38,0.00,0.00,0.000,0.000,0.00
1777908078,loop39,0.00,0.00,0.000,0.000,0.00
1777908078,loop4,0.00,0.00,0.000,0.000,0.00
1777908078,loop40,0.00,0.00,0.000,0.000,0.00
1777908078,loop5,0.00,0.00,0.000,0.000,0.00
1777908078,loop6,0.00,0.00,0.000,0.000,0.00
1777908078,loop7,0.00,0.00,0.000,0.000,0.00
1777908078,loop8,0.00,0.00,0.000,0.000,0.00
1777908078,loop9,0.00,0.00,0.000,0.000,0.00
1777908078,nvme0n1,0.00,0.00,0.000,0.000,0.00
1777908079,loop0,0.00,0.00,0.000,0.000,0.00
1777908079,loop1,0.00,0.00,0.000,0.000,0.00
1777908079,loop10,0.00,0.00,0.000,0.000,0.00
1777908079,loop11,0.00,0.00,0.000,0.000,0.00
1777908079,loop12,0.00,0.00,0.000,0.000,0.00
1777908079,loop13,0.00,0.00,0.000,0.000,0.00
1777908079,loop14,0.00,0.00,0.000,0.000,0.00
1777908079,loop15,0.00,0.00,0.000,0.000,0.00
1777908079,loop16,0.00,0.00,0.000,0.000,0.00
1777908079,loop17,0.00,0.00,0.000,0.000,0.00
1777908079,loop18,0.00,0.00,0.000,0.000,0.00
1777908079,loop19,0.00,0.00,0.000,0.000,0.00
1777908079,loop2,0.00,0.00,0.000,0.000,0.00
1777908079,loop20,0.00,0.00,0.000,0.000,0.00
1777908079,loop21,0.00,0.00,0.000,0.000,0.00
1777908079,loop22,0.00,0.00,0.000,0.000,0.00
1777908079,loop23,0.00,0.00,0.000,0.000,0.00
1777908079,loop24,0.00,0.00,0.000,0.000,0.00
1777908079,loop25,0.00,0.00,0.000,0.000,0.00
1777908079,loop26,0.00,0.00,0.000,0.000,0.00
1777908079,loop27,0.00,0.00,0.000,0.000,0.00
1777908079,loop28,0.00,0.00,0.000,0.000,0.00
1777908079,loop29,0.00,0.00,0.000,0.000,0.00
1777908079,loop3,0.00,0.00,0.000,0.000,0.00
1777908079,loop30,0.00,0.00,0.000,0.000,0.00
1777908079,loop31,0.00,0.00,0.000,0.000,0.00
1777908079,loop32,0.00,0.00,0.000,0.000,0.00
1777908079,loop33,0.00,0.00,0.000,0.000,0.00
1777908079,loop34,0.00,0.00,0.000,0.000,0.00
1777908079,loop35,0.00,0.00,0.000,0.000,0.00
1777908079,loop36,0.00,0.00,0.000,0.000,0.00
1777908079,loop37,0.00,0.00,0.000,0.000,0.00
1777908079,loop38,0.00,0.00,0.000,0.000,0.00
1777908079,loop39,0.00,0.00,0.000,0.000,0.00
1777908079,loop4,0.00,0.00,0.000,0.000,0.00
1777908079,loop40,0.00,0.00,0.000,0.000,0.00
1777908079,loop5,0.00,0.00,0.000,0.000,0.00
1777908079,loop6,0.00,0.00,0.000,0.000,0.00
1777908079,loop7,0.00,0.00,0.000,0.000,0.00
1777908079,loop8,0.00,0.00,0.000,0.000,0.00
1777908079,loop9,0.00,0.00,0.000,0.000,0.00
1777908079,nvme0n1,0.00,0.00,0.000,0.000,5.70
1777908080,loop0,0.00,0.00,0.000,0.000,0.00
1777908080,loop1,0.00,0.00,0.000,0.000,0.00
1777908080,loop10,0.00,0.00,0.000,0.000,0.00
1777908080,loop11,0.00,0.00,0.000,0.000,0.00
1777908080,loop12,0.00,0.00,0.000,0.000,0.00
1777908080,loop13,0.00,0.00,0.000,0.000,0.00
1777908080,loop14,0.00,0.00,0.000,0.000,0.00
1777908080,loop15,0.00,0.00,0.000,0.000,0.00
1777908080,loop16,0.00,0.00,0.000,0.000,0.00
1777908080,loop17,0.00,0.00,0.000,0.000,0.00
1777908080,loop18,0.00,0.00,0.000,0.000,0.00
1777908080,loop19,0.00,0.00,0.000,0.000,0.00
1777908080,loop2,0.00,0.00,0.000,0.000,0.00
1777908080,loop20,0.00,0.00,0.000,0.000,0.00
1777908080,loop21,0.00,0.00,0.000,0.000,0.00
1777908080,loop22,0.00,0.00,0.000,0.000,0.00
1777908080,loop23,0.00,0.00,0.000,0.000,0.00
1777908080,loop24,0.00,0.00,0.000,0.000,0.00
1777908080,loop25,0.00,0.00,0.000,0.000,0.00
1777908080,loop26,0.00,0.00,0.000,0.000,0.00
1777908080,loop27,0.00,0.00,0.000,0.000,0.00
1777908080,loop28,0.00,0.00,0.000,0.000,0.00
1777908080,loop29,0.00,0.00,0.000,0.000,0.00
1777908080,loop3,0.00,0.00,0.000,0.000,0.00
1777908080,loop30,0.00,0.00,0.000,0.000,0.00
1777908080,loop31,0.00,0.00,0.000,0.000,0.00
1777908080,loop32,0.00,0.00,0.000,0.000,0.00
1777908080,loop33,0.00,0.00,0.000,0.000,0.00
1777908080,loop34,0.00,0.00,0.000,0.000,0.00
1777908080,loop35,0.00,0.00,0.000,0.000,0.00
1777908080,loop36,0.00,0.00,0.000,0.000,0.00
1777908080,loop37,0.00,0.00,0.000,0.000,0.00
1777908080,loop38,0.00,0.00,0.000,0.000,0.00
1777908080,loop39,0.00,0.00,0.000,0.000,0.00
1777908080,loop4,0.00,0.00,0.000,0.000,0.00
1777908080,loop40,0.00,0.00,0.000,0.000,0.00
1777908080,loop5,0.00,0.00,0.000,0.000,0.00
1777908080,loop6,0.00,0.00,0.000,0.000,0.00
1777908080,loop7,0.00,0.00,0.000,0.000,0.00
1777908080,loop8,0.00,0.00,0.000,0.000,0.00
1777908080,loop9,0.00,0.00,0.000,0.000,0.00
1777908080,nvme0n1,0.00,0.00,0.000,0.000,0.00
1777908081,loop0,0.00,0.00,0.000,0.000,0.00
1777908081,loop1,0.00,0.00,0.000,0.000,0.00
1777908081,loop10,0.00,0.00,0.000,0.000,0.00
1777908081,loop11,0.00,0.00,0.000,0.000,0.00
1777908081,loop12,0.00,0.00,0.000,0.000,0.00
1777908081,loop13,0.00,0.00,0.000,0.000,0.00
1777908081,loop14,0.00,0.00,0.000,0.000,0.00
1777908081,loop15,0.00,0.00,0.000,0.000,0.00
1777908081,loop16,0.00,0.00,0.000,0.000,0.00
1777908081,loop17,0.00,0.00,0.000,0.000,0.00
1777908081,loop18,0.00,0.00,0.000,0.000,0.00
1777908081,loop19,0.00,0.00,0.000,0.000,0.00
1777908081,loop2,0.00,0.00,0.000,0.000,0.00
1777908081,loop20,0.00,0.00,0.000,0.000,0.00
1777908081,loop21,0.00,0.00,0.000,0.000,0.00
1777908081,loop22,0.00,0.00,0.000,0.000,0.00
1777908081,loop23,0.00,0.00,0.000,0.000,0.00
1777908081,loop24,0.00,0.00,0.000,0.000,0.00
1777908081,loop25,0.00,0.00,0.000,0.000,0.00
1777908081,loop26,0.00,0.00,0.000,0.000,0.00
1777908081,loop27,0.00,0.00,0.000,0.000,0.00
1777908081,loop28,0.00,0.00,0.000,0.000,0.00
1777908081,loop29,0.00,0.00,0.000,0.000,0.00
1777908081,loop3,0.00,0.00,0.000,0.000,0.00
1777908081,loop30,0.00,0.00,0.000,0.000,0.00
1777908081,loop31,0.00,0.00,0.000,0.000,0.00
1777908081,loop32,0.00,0.00,0.000,0.000,0.00
1777908081,loop33,0.00,0.00,0.000,0.000,0.00
1777908081,loop34,0.00,0.00,0.000,0.000,0.00
1777908081,loop35,0.00,0.00,0.000,0.000,0.00
1777908081,loop36,0.00,0.00,0.000,0.000,0.00
1777908081,loop37,0.00,0.00,0.000,0.000,0.00
1777908081,loop38,0.00,0.00,0.000,0.000,0.00
1777908081,loop39,0.00,0.00,0.000,0.000,0.00
1777908081,loop4,0.00,0.00,0.000,0.000,0.00
1777908081,loop40,0.00,0.00,0.000,0.000,0.00
1777908081,loop5,0.00,0.00,0.000,0.000,0.00
1777908081,loop6,0.00,0.00,0.000,0.000,0.00
1777908081,loop7,0.00,0.00,0.000,0.000,0.00
1777908081,loop8,0.00,0.00,0.000,0.000,0.00
1777908081,loop9,0.00,0.00,0.000,0.000,0.00
1777908081,nvme0n1,1.00,4.00,0.000,0.000,2.30
1777908082,loop0,0.00,0.00,0.000,0.000,0.00
1777908082,loop1,0.00,0.00,0.000,0.000,0.00
1777908082,loop10,0.00,0.00,0.000,0.000,0.00
1777908082,loop11,0.00,0.00,0.000,0.000,0.00
1777908082,loop12,0.00,0.00,0.000,0.000,0.00
1777908082,loop13,0.00,0.00,0.000,0.000,0.00
1777908082,loop14,0.00,0.00,0.000,0.000,0.00
1777908082,loop15,0.00,0.00,0.000,0.000,0.00
1777908082,loop16,0.00,0.00,0.000,0.000,0.00
1777908082,loop17,0.00,0.00,0.000,0.000,0.00
1777908082,loop18,0.00,0.00,0.000,0.000,0.00
1777908082,loop19,0.00,0.00,0.000,0.000,0.00
1777908082,loop2,0.00,0.00,0.000,0.000,0.00
1777908082,loop20,0.00,0.00,0.000,0.000,0.00
1777908082,loop21,0.00,0.00,0.000,0.000,0.00
1777908082,loop22,0.00,0.00,0.000,0.000,0.00
1777908082,loop23,0.00,0.00,0.000,0.000,0.00
1777908082,loop24,0.00,0.00,0.000,0.000,0.00
1777908082,loop25,0.00,0.00,0.000,0.000,0.00
1777908082,loop26,0.00,0.00,0.000,0.000,0.00
1777908082,loop27,0.00,0.00,0.000,0.000,0.00
1777908082,loop28,0.00,0.00,0.000,0.000,0.00
1777908082,loop29,0.00,0.00,0.000,0.000,0.00
1777908082,loop3,0.00,0.00,0.000,0.000,0.00
1777908082,loop30,0.00,0.00,0.000,0.000,0.00
1777908082,loop31,0.00,0.00,0.000,0.000,0.00
1777908082,loop32,0.00,0.00,0.000,0.000,0.00
1777908082,loop33,0.00,0.00,0.000,0.000,0.00
1777908082,loop34,0.00,0.00,0.000,0.000,0.00
1777908082,loop35,0.00,0.00,0.000,0.000,0.00
1777908082,loop36,0.00,0.00,0.000,0.000,0.00
1777908082,loop37,0.00,0.00,0.000,0.000,0.00
1777908082,loop38,0.00,0.00,0.000,0.000,0.00
1777908082,loop39,0.00,0.00,0.000,0.000,0.00
1777908082,loop4,0.00,0.00,0.000,0.000,0.00
1777908082,loop40,0.00,0.00,0.000,0.000,0.00
1777908082,loop5,0.00,0.00,0.000,0.000,0.00
1777908082,loop6,0.00,0.00,0.000,0.000,0.00
1777908082,loop7,0.00,0.00,0.000,0.000,0.00
1777908082,loop8,0.00,0.00,0.000,0.000,0.00
1777908082,loop9,0.00,0.00,0.000,0.000,0.00
1777908082,nvme0n1,0.00,0.00,0.000,0.000,0.60
1777908083,loop0,0.00,0.00,0.000,0.000,0.00
1777908083,loop1,0.00,0.00,0.000,0.000,0.00
1777908083,loop10,0.00,0.00,0.000,0.000,0.00
1777908083,loop11,0.00,0.00,0.000,0.000,0.00
1777908083,loop12,0.00,0.00,0.000,0.000,0.00
1777908083,loop13,0.00,0.00,0.000,0.000,0.00
1777908083,loop14,0.00,0.00,0.000,0.000,0.00
1777908083,loop15,0.00,0.00,0.000,0.000,0.00
1777908083,loop16,0.00,0.00,0.000,0.000,0.00
1777908083,loop17,0.00,0.00,0.000,0.000,0.00
1777908083,loop18,0.00,0.00,0.000,0.000,0.00
1777908083,loop19,0.00,0.00,0.000,0.000,0.00
1777908083,loop2,0.00,0.00,0.000,0.000,0.00
1777908083,loop20,0.00,0.00,0.000,0.000,0.00
1777908083,loop21,0.00,0.00,0.000,0.000,0.00
1777908083,loop22,0.00,0.00,0.000,0.000,0.00
1777908083,loop23,0.00,0.00,0.000,0.000,0.00
1777908083,loop24,0.00,0.00,0.000,0.000,0.00
1777908083,loop25,0.00,0.00,0.000,0.000,0.00
1777908083,loop26,0.00,0.00,0.000,0.000,0.00
1777908083,loop27,0.00,0.00,0.000,0.000,0.00
1777908083,loop28,0.00,0.00,0.000,0.000,0.00
1777908083,loop29,0.00,0.00,0.000,0.000,0.00
1777908083,loop3,0.00,0.00,0.000,0.000,0.00
1777908083,loop30,0.00,0.00,0.000,0.000,0.00
1777908083,loop31,0.00,0.00,0.000,0.000,0.00
1777908083,loop32,0.00,0.00,0.000,0.000,0.00
1777908083,loop33,0.00,0.00,0.000,0.000,0.00
1777908083,loop34,0.00,0.00,0.000,0.000,0.00
1777908083,loop35,0.00,0.00,0.000,0.000,0.00
1777908083,loop36,0.00,0.00,0.000,0.000,0.00
1777908083,loop37,0.00,0.00,0.000,0.000,0.00
1777908083,loop38,0.00,0.00,0.000,0.000,0.00
1777908083,loop39,0.00,0.00,0.000,0.000,0.00
1777908083,loop4,0.00,0.00,0.000,0.000,0.00
1777908083,loop40,0.00,0.00,0.000,0.000,0.00
1777908083,loop5,0.00,0.00,0.000,0.000,0.00
1777908083,loop6,0.00,0.00,0.000,0.000,0.00
1777908083,loop7,0.00,0.00,0.000,0.000,0.00
1777908083,loop8,0.00,0.00,0.000,0.000,0.00
1777908083,loop9,0.00,0.00,0.000,0.000,0.00
1777908083,nvme0n1,0.00,0.00,0.000,0.000,0.00
1777908084,loop0,0.00,0.00,0.000,0.000,0.00
1777908084,loop1,0.00,0.00,0.000,0.000,0.00
1777908084,loop10,0.00,0.00,0.000,0.000,0.00
1777908084,loop11,0.00,0.00,0.000,0.000,0.00
1777908084,loop12,0.00,0.00,0.000,0.000,0.00
1777908084,loop13,0.00,0.00,0.000,0.000,0.00
1777908084,loop14,0.00,0.00,0.000,0.000,0.00
1777908084,loop15,0.00,0.00,0.000,0.000,0.00
1777908084,loop16,0.00,0.00,0.000,0.000,0.00
1777908084,loop17,0.00,0.00,0.000,0.000,0.00
1777908084,loop18,0.00,0.00,0.000,0.000,0.00
1777908084,loop19,0.00,0.00,0.000,0.000,0.00
1777908084,loop2,0.00,0.00,0.000,0.000,0.00
1777908084,loop20,0.00,0.00,0.000,0.000,0.00
1777908084,loop21,0.00,0.00,0.000,0.000,0.00
1777908084,loop22,0.00,0.00,0.000,0.000,0.00
1777908084,loop23,0.00,0.00,0.000,0.000,0.00
1777908084,loop24,0.00,0.00,0.000,0.000,0.00
1777908084,loop25,0.00,0.00,0.000,0.000,0.00
1777908084,loop26,0.00,0.00,0.000,0.000,0.00
1777908084,loop27,0.00,0.00,0.000,0.000,0.00
1777908084,loop28,0.00,0.00,0.000,0.000,0.00
1777908084,loop29,0.00,0.00,0.000,0.000,0.00
1777908084,loop3,0.00,0.00,0.000,0.000,0.00
1777908084,loop30,0.00,0.00,0.000,0.000,0.00
1777908084,loop31,0.00,0.00,0.000,0.000,0.00
1777908084,loop32,0.00,0.00,0.000,0.000,0.00
1777908084,loop33,0.00,0.00,0.000,0.000,0.00
1777908084,loop34,0.00,0.00,0.000,0.000,0.00
1777908084,loop35,0.00,0.00,0.000,0.000,0.00
1777908084,loop36,0.00,0.00,0.000,0.000,0.00
1777908084,loop37,0.00,0.00,0.000,0.000,0.00
1777908084,loop38,0.00,0.00,0.000,0.000,0.00
1777908084,loop39,0.00,0.00,0.000,0.000,0.00
1777908084,loop4,0.00,0.00,0.000,0.000,0.00
1777908084,loop40,0.00,0.00,0.000,0.000,0.00
1777908084,loop5,0.00,0.00,0.000,0.000,0.00
1777908084,loop6,0.00,0.00,0.000,0.000,0.00
1777908084,loop7,0.00,0.00,0.000,0.000,0.00
1777908084,loop8,0.00,0.00,0.000,0.000,0.00
1777908084,loop9,0.00,0.00,0.000,0.000,0.00
1777908084,nvme0n1,0.00,0.00,0.000,0.000,0.00
1777908085,loop0,0.00,0.00,0.000,0.000,0.00
1777908085,loop1,0.00,0.00,0.000,0.000,0.00
1777908085,loop10,0.00,0.00,0.000,0.000,0.00
1777908085,loop11,0.00,0.00,0.000,0.000,0.00
1777908085,loop12,0.00,0.00,0.000,0.000,0.00
1777908085,loop13,0.00,0.00,0.000,0.000,0.00
1777908085,loop14,0.00,0.00,0.000,0.000,0.00
1777908085,loop15,0.00,0.00,0.000,0.000,0.00
1777908085,loop16,0.00,0.00,0.000,0.000,0.00
1777908085,loop17,0.00,0.00,0.000,0.000,0.00
1777908085,loop18,0.00,0.00,0.000,0.000,0.00
1777908085,loop19,0.00,0.00,0.000,0.000,0.00
1777908085,loop2,0.00,0.00,0.000,0.000,0.00
1777908085,loop20,0.00,0.00,0.000,0.000,0.00
1777908085,loop21,0.00,0.00,0.000,0.000,0.00
1777908085,loop22,0.00,0.00,0.000,0.000,0.00
1777908085,loop23,0.00,0.00,0.000,0.000,0.00
1777908085,loop24,0.00,0.00,0.000,0.000,0.00
1777908085,loop25,0.00,0.00,0.000,0.000,0.00
1777908085,loop26,0.00,0.00,0.000,0.000,0.00
1777908085,loop27,0.00,0.00,0.000,0.000,0.00
1777908085,loop28,0.00,0.00,0.000,0.000,0.00
1777908085,loop29,0.00,0.00,0.000,0.000,0.00
1777908085,loop3,0.00,0.00,0.000,0.000,0.00
1777908085,loop30,0.00,0.00,0.000,0.000,0.00
1777908085,loop31,0.00,0.00,0.000,0.000,0.00
1777908085,loop32,0.00,0.00,0.000,0.000,0.00
1777908085,loop33,0.00,0.00,0.000,0.000,0.00
1777908085,loop34,0.00,0.00,0.000,0.000,0.00
1777908085,loop35,0.00,0.00,0.000,0.000,0.00
1777908085,loop36,0.00,0.00,0.000,0.000,0.00
1777908085,loop37,0.00,0.00,0.000,0.000,0.00
1777908085,loop38,0.00,0.00,0.000,0.000,0.00
1777908085,loop39,0.00,0.00,0.000,0.000,0.00
1777908085,loop4,0.00,0.00,0.000,0.000,0.00
1777908085,loop40,0.00,0.00,0.000,0.000,0.00
1777908085,loop5,0.00,0.00,0.000,0.000,0.00
1777908085,loop6,0.00,0.00,0.000,0.000,0.00
1777908085,loop7,0.00,0.00,0.000,0.000,0.00
1777908085,loop8,0.00,0.00,0.000,0.000,0.00
1777908085,loop9,0.00,0.00,0.000,0.000,0.00
1777908085,nvme0n1,0.00,0.00,0.000,0.000,0.00
1777908086,loop0,0.00,0.00,0.000,0.000,0.00
1777908086,loop1,0.00,0.00,0.000,0.000,0.00
1777908086,loop10,0.00,0.00,0.000,0.000,0.00
1777908086,loop11,0.00,0.00,0.000,0.000,0.00
1777908086,loop12,0.00,0.00,0.000,0.000,0.00
1777908086,loop13,0.00,0.00,0.000,0.000,0.00
1777908086,loop14,0.00,0.00,0.000,0.000,0.00
1777908086,loop15,0.00,0.00,0.000,0.000,0.00
1777908086,loop16,0.00,0.00,0.000,0.000,0.00
1777908086,loop17,0.00,0.00,0.000,0.000,0.00
1777908086,loop18,0.00,0.00,0.000,0.000,0.00
1777908086,loop19,0.00,0.00,0.000,0.000,0.00
1777908086,loop2,0.00,0.00,0.000,0.000,0.00
1777908086,loop20,0.00,0.00,0.000,0.000,0.00
1777908086,loop21,0.00,0.00,0.000,0.000,0.00
1777908086,loop22,0.00,0.00,0.000,0.000,0.00
1777908086,loop23,0.00,0.00,0.000,0.000,0.00
1777908086,loop24,0.00,0.00,0.000,0.000,0.00
1777908086,loop25,0.00,0.00,0.000,0.000,0.00
1777908086,loop26,0.00,0.00,0.000,0.000,0.00
1777908086,loop27,0.00,0.00,0.000,0.000,0.00
1777908086,loop28,0.00,0.00,0.000,0.000,0.00
1777908086,loop29,0.00,0.00,0.000,0.000,0.00
1777908086,loop3,0.00,0.00,0.000,0.000,0.00
1777908086,loop30,0.00,0.00,0.000,0.000,0.00
1777908086,loop31,0.00,0.00,0.000,0.000,0.00
1777908086,loop32,0.00,0.00,0.000,0.000,0.00
1777908086,loop33,0.00,0.00,0.000,0.000,0.00
1777908086,loop34,0.00,0.00,0.000,0.000,0.00
1777908086,loop35,0.00,0.00,0.000,0.000,0.00
1777908086,loop36,0.00,0.00,0.000,0.000,0.00
1777908086,loop37,0.00,0.00,0.000,0.000,0.00
1777908086,loop38,0.00,0.00,0.000,0.000,0.00
1777908086,loop39,0.00,0.00,0.000,0.000,0.00
1777908086,loop4,0.00,0.00,0.000,0.000,0.00
1777908086,loop40,0.00,0.00,0.000,0.000,0.00
1777908086,loop5,0.00,0.00,0.000,0.000,0.00
1777908086,loop6,0.00,0.00,0.000,0.000,0.00
1777908086,loop7,0.00,0.00,0.000,0.000,0.00
1777908086,loop8,0.00,0.00,0.000,0.000,0.00
1777908086,loop9,0.00,0.00,0.000,0.000,0.00
1777908086,nvme0n1,0.00,0.00,0.000,0.000,2.10
1777908087,loop0,0.00,0.00,0.000,0.000,0.00
1777908087,loop1,0.00,0.00,0.000,0.000,0.00
1777908087,loop10,0.00,0.00,0.000,0.000,0.00
1777908087,loop11,0.00,0.00,0.000,0.000,0.00
1777908087,loop12,0.00,0.00,0.000,0.000,0.00
1777908087,loop13,0.00,0.00,0.000,0.000,0.00
1777908087,loop14,0.00,0.00,0.000,0.000,0.00
1777908087,loop15,0.00,0.00,0.000,0.000,0.00
1777908087,loop16,0.00,0.00,0.000,0.000,0.00
1777908087,loop17,0.00,0.00,0.000,0.000,0.00
1777908087,loop18,0.00,0.00,0.000,0.000,0.00
1777908087,loop19,0.00,0.00,0.000,0.000,0.00
1777908087,loop2,0.00,0.00,0.000,0.000,0.00
1777908087,loop20,0.00,0.00,0.000,0.000,0.00
1777908087,loop21,0.00,0.00,0.000,0.000,0.00
1777908087,loop22,0.00,0.00,0.000,0.000,0.00
1777908087,loop23,0.00,0.00,0.000,0.000,0.00
1777908087,loop24,0.00,0.00,0.000,0.000,0.00
1777908087,loop25,0.00,0.00,0.000,0.000,0.00
1777908087,loop26,0.00,0.00,0.000,0.000,0.00
1777908087,loop27,0.00,0.00,0.000,0.000,0.00
1777908087,loop28,0.00,0.00,0.000,0.000,0.00
1777908087,loop29,0.00,0.00,0.000,0.000,0.00
1777908087,loop3,0.00,0.00,0.000,0.000,0.00
1777908087,loop30,0.00,0.00,0.000,0.000,0.00
1777908087,loop31,0.00,0.00,0.000,0.000,0.00
1777908087,loop32,0.00,0.00,0.000,0.000,0.00
1777908087,loop33,0.00,0.00,0.000,0.000,0.00
1777908087,loop34,0.00,0.00,0.000,0.000,0.00
1777908087,loop35,0.00,0.00,0.000,0.000,0.00
1777908087,loop36,0.00,0.00,0.000,0.000,0.00
1777908087,loop37,0.00,0.00,0.000,0.000,0.00
1777908087,loop38,0.00,0.00,0.000,0.000,0.00
1777908087,loop39,0.00,0.00,0.000,0.000,0.00
1777908087,loop4,0.00,0.00,0.000,0.000,0.00
1777908087,loop40,0.00,0.00,0.000,0.000,0.00
1777908087,loop5,0.00,0.00,0.000,0.000,0.00
1777908087,loop6,0.00,0.00,0.000,0.000,0.00
1777908087,loop7,0.00,0.00,0.000,0.000,0.00
1777908087,loop8,0.00,0.00,0.000,0.000,0.00
1777908087,loop9,0.00,0.00,0.000,0.000,0.00
1777908087,nvme0n1,0.00,0.00,0.000,0.000,0.80
1777908088,loop0,0.00,0.00,0.000,0.000,0.00
1777908088,loop1,0.00,0.00,0.000,0.000,0.00
1777908088,loop10,0.00,0.00,0.000,0.000,0.00
1777908088,loop11,0.00,0.00,0.000,0.000,0.00
1777908088,loop12,0.00,0.00,0.000,0.000,0.00
1777908088,loop13,0.00,0.00,0.000,0.000,0.00
1777908088,loop14,0.00,0.00,0.000,0.000,0.00
1777908088,loop15,0.00,0.00,0.000,0.000,0.00
1777908088,loop16,0.00,0.00,0.000,0.000,0.00
1777908088,loop17,0.00,0.00,0.000,0.000,0.00
1777908088,loop18,0.00,0.00,0.000,0.000,0.00
1777908088,loop19,0.00,0.00,0.000,0.000,0.00
1777908088,loop2,0.00,0.00,0.000,0.000,0.00
1777908088,loop20,0.00,0.00,0.000,0.000,0.00
1777908088,loop21,0.00,0.00,0.000,0.000,0.00
1777908088,loop22,0.00,0.00,0.000,0.000,0.00
1777908088,loop23,0.00,0.00,0.000,0.000,0.00
1777908088,loop24,0.00,0.00,0.000,0.000,0.00
1777908088,loop25,0.00,0.00,0.000,0.000,0.00
1777908088,loop26,0.00,0.00,0.000,0.000,0.00
1777908088,loop27,0.00,0.00,0.000,0.000,0.00
1777908088,loop28,0.00,0.00,0.000,0.000,0.00
1777908088,loop29,0.00,0.00,0.000,0.000,0.00
1777908088,loop3,0.00,0.00,0.000,0.000,0.00
1777908088,loop30,0.00,0.00,0.000,0.000,0.00
1777908088,loop31,0.00,0.00,0.000,0.000,0.00
1777908088,loop32,0.00,0.00,0.000,0.000,0.00
1777908088,loop33,0.00,0.00,0.000,0.000,0.00
1777908088,loop34,0.00,0.00,0.000,0.000,0.00
1777908088,loop35,0.00,0.00,0.000,0.000,0.00
1777908088,loop36,0.00,0.00,0.000,0.000,0.00
1777908088,loop37,0.00,0.00,0.000,0.000,0.00
1777908088,loop38,0.00,0.00,0.000,0.000,0.00
1777908088,loop39,0.00,0.00,0.000,0.000,0.00
1777908088,loop4,0.00,0.00,0.000,0.000,0.00
1777908088,loop40,0.00,0.00,0.000,0.000,0.00
1777908088,loop5,0.00,0.00,0.000,0.000,0.00
1777908088,loop6,0.00,0.00,0.000,0.000,0.00
1777908088,loop7,0.00,0.00,0.000,0.000,0.00
1777908088,loop8,0.00,0.00,0.000,0.000,0.00
1777908088,loop9,0.00,0.00,0.000,0.000,0.00
1777908088,nvme0n1,0.00,0.00,0.000,0.000,0.00
1777908089,loop0,0.00,0.00,0.000,0.000,0.00
1777908089,loop1,0.00,0.00,0.000,0.000,0.00
1777908089,loop10,0.00,0.00,0.000,0.000,0.00
1777908089,loop11,0.00,0.00,0.000,0.000,0.00
1777908089,loop12,0.00,0.00,0.000,0.000,0.00
1777908089,loop13,0.00,0.00,0.000,0.000,0.00
1777908089,loop14,0.00,0.00,0.000,0.000,0.00
1777908089,loop15,0.00,0.00,0.000,0.000,0.00
1777908089,loop16,0.00,0.00,0.000,0.000,0.00
1777908089,loop17,0.00,0.00,0.000,0.000,0.00
1777908089,loop18,0.00,0.00,0.000,0.000,0.00
1777908089,loop19,0.00,0.00,0.000,0.000,0.00
1777908089,loop2,0.00,0.00,0.000,0.000,0.00
1777908089,loop20,0.00,0.00,0.000,0.000,0.00
1777908089,loop21,0.00,0.00,0.000,0.000,0.00
1777908089,loop22,0.00,0.00,0.000,0.000,0.00
1777908089,loop23,0.00,0.00,0.000,0.000,0.00
1777908089,loop24,0.00,0.00,0.000,0.000,0.00
1777908089,loop25,0.00,0.00,0.000,0.000,0.00
1777908089,loop26,0.00,0.00,0.000,0.000,0.00
1777908089,loop27,0.00,0.00,0.000,0.000,0.00
1777908089,loop28,0.00,0.00,0.000,0.000,0.00
1777908089,loop29,0.00,0.00,0.000,0.000,0.00
1777908089,loop3,0.00,0.00,0.000,0.000,0.00
1777908089,loop30,0.00,0.00,0.000,0.000,0.00
1777908089,loop31,0.00,0.00,0.000,0.000,0.00
1777908089,loop32,0.00,0.00,0.000,0.000,0.00
1777908089,loop33,0.00,0.00,0.000,0.000,0.00
1777908089,loop34,0.00,0.00,0.000,0.000,0.00
1777908089,loop35,0.00,0.00,0.000,0.000,0.00
1777908089,loop36,0.00,0.00,0.000,0.000,0.00
1777908089,loop37,0.00,0.00,0.000,0.000,0.00
1777908089,loop38,0.00,0.00,0.000,0.000,0.00
1777908089,loop39,0.00,0.00,0.000,0.000,0.00
1777908089,loop4,0.00,0.00,0.000,0.000,0.00
1777908089,loop40,0.00,0.00,0.000,0.000,0.00
1777908089,loop5,0.00,0.00,0.000,0.000,0.00
1777908089,loop6,0.00,0.00,0.000,0.000,0.00
1777908089,loop7,0.00,0.00,0.000,0.000,0.00
1777908089,loop8,0.00,0.00,0.000,0.000,0.00
1777908089,loop9,0.00,0.00,0.000,0.000,0.00
1777908089,nvme0n1,1.00,4.00,0.000,0.000,2.20
1777908090,loop0,0.00,0.00,0.000,0.000,0.00
1777908090,loop1,0.00,0.00,0.000,0.000,0.00
1777908090,loop10,0.00,0.00,0.000,0.000,0.00
1777908090,loop11,0.00,0.00,0.000,0.000,0.00
1777908090,loop12,0.00,0.00,0.000,0.000,0.00
1777908090,loop13,0.00,0.00,0.000,0.000,0.00
1777908090,loop14,0.00,0.00,0.000,0.000,0.00
1777908090,loop15,0.00,0.00,0.000,0.000,0.00
1777908090,loop16,0.00,0.00,0.000,0.000,0.00
1777908090,loop17,0.00,0.00,0.000,0.000,0.00
1777908090,loop18,0.00,0.00,0.000,0.000,0.00
1777908090,loop19,0.00,0.00,0.000,0.000,0.00
1777908090,loop2,0.00,0.00,0.000,0.000,0.00
1777908090,loop20,0.00,0.00,0.000,0.000,0.00
1777908090,loop21,0.00,0.00,0.000,0.000,0.00
1777908090,loop22,0.00,0.00,0.000,0.000,0.00
1777908090,loop23,0.00,0.00,0.000,0.000,0.00
1777908090,loop24,0.00,0.00,0.000,0.000,0.00
1777908090,loop25,0.00,0.00,0.000,0.000,0.00
1777908090,loop26,0.00,0.00,0.000,0.000,0.00
1777908090,loop27,0.00,0.00,0.000,0.000,0.00
1777908090,loop28,0.00,0.00,0.000,0.000,0.00
1777908090,loop29,0.00,0.00,0.000,0.000,0.00
1777908090,loop3,0.00,0.00,0.000,0.000,0.00
1777908090,loop30,0.00,0.00,0.000,0.000,0.00
1777908090,loop31,0.00,0.00,0.000,0.000,0.00
1777908090,loop32,0.00,0.00,0.000,0.000,0.00
1777908090,loop33,0.00,0.00,0.000,0.000,0.00
1777908090,loop34,0.00,0.00,0.000,0.000,0.00
1777908090,loop35,0.00,0.00,0.000,0.000,0.00
1777908090,loop36,0.00,0.00,0.000,0.000,0.00
1777908090,loop37,0.00,0.00,0.000,0.000,0.00
1777908090,loop38,0.00,0.00,0.000,0.000,0.00
1777908090,loop39,0.00,0.00,0.000,0.000,0.00
1777908090,loop4,0.00,0.00,0.000,0.000,0.00
1777908090,loop40,0.00,0.00,0.000,0.000,0.00
1777908090,loop5,0.00,0.00,0.000,0.000,0.00
1777908090,loop6,0.00,0.00,0.000,0.000,0.00
1777908090,loop7,0.00,0.00,0.000,0.000,0.00
1777908090,loop8,0.00,0.00,0.000,0.000,0.00
1777908090,loop9,0.00,0.00,0.000,0.000,0.00
1777908090,nvme0n1,2.00,8.00,0.000,0.000,0.40
1777908091,loop0,0.00,0.00,0.000,0.000,0.00
1777908091,loop1,0.00,0.00,0.000,0.000,0.00
1777908091,loop10,0.00,0.00,0.000,0.000,0.00
1777908091,loop11,0.00,0.00,0.000,0.000,0.00
1777908091,loop12,0.00,0.00,0.000,0.000,0.00
1777908091,loop13,0.00,0.00,0.000,0.000,0.00
1777908091,loop14,0.00,0.00,0.000,0.000,0.00
1777908091,loop15,0.00,0.00,0.000,0.000,0.00
1777908091,loop16,0.00,0.00,0.000,0.000,0.00
1777908091,loop17,0.00,0.00,0.000,0.000,0.00
1777908091,loop18,0.00,0.00,0.000,0.000,0.00
1777908091,loop19,0.00,0.00,0.000,0.000,0.00
1777908091,loop2,0.00,0.00,0.000,0.000,0.00
1777908091,loop20,0.00,0.00,0.000,0.000,0.00
1777908091,loop21,0.00,0.00,0.000,0.000,0.00
1777908091,loop22,0.00,0.00,0.000,0.000,0.00
1777908091,loop23,0.00,0.00,0.000,0.000,0.00
1777908091,loop24,0.00,0.00,0.000,0.000,0.00
1777908091,loop25,0.00,0.00,0.000,0.000,0.00
1777908091,loop26,0.00,0.00,0.000,0.000,0.00
1777908091,loop27,0.00,0.00,0.000,0.000,0.00
1777908091,loop28,0.00,0.00,0.000,0.000,0.00
1777908091,loop29,0.00,0.00,0.000,0.000,0.00
1777908091,loop3,0.00,0.00,0.000,0.000,0.00
1777908091,loop30,0.00,0.00,0.000,0.000,0.00
1777908091,loop31,0.00,0.00,0.000,0.000,0.00
1777908091,loop32,0.00,0.00,0.000,0.000,0.00
1777908091,loop33,0.00,0.00,0.000,0.000,0.00
1777908091,loop34,0.00,0.00,0.000,0.000,0.00
1777908091,loop35,0.00,0.00,0.000,0.000,0.00
1777908091,loop36,0.00,0.00,0.000,0.000,0.00
1777908091,loop37,0.00,0.00,0.000,0.000,0.00
1777908091,loop38,0.00,0.00,0.000,0.000,0.00
1777908091,loop39,0.00,0.00,0.000,0.000,0.00
1777908091,loop4,0.00,0.00,0.000,0.000,0.00
1777908091,loop40,0.00,0.00,0.000,0.000,0.00
1777908091,loop5,0.00,0.00,0.000,0.000,0.00
1777908091,loop6,0.00,0.00,0.000,0.000,0.00
1777908091,loop7,0.00,0.00,0.000,0.000,0.00
1777908091,loop8,0.00,0.00,0.000,0.000,0.00
1777908091,loop9,0.00,0.00,0.000,0.000,0.00
1777908091,nvme0n1,0.00,0.00,0.000,0.000,0.00
1777908092,loop0,0.00,0.00,0.000,0.000,0.00
1777908092,loop1,0.00,0.00,0.000,0.000,0.00
1777908092,loop10,0.00,0.00,0.000,0.000,0.00
1777908092,loop11,0.00,0.00,0.000,0.000,0.00
1777908092,loop12,0.00,0.00,0.000,0.000,0.00
1777908092,loop13,0.00,0.00,0.000,0.000,0.00
1777908092,loop14,0.00,0.00,0.000,0.000,0.00
1777908092,loop15,0.00,0.00,0.000,0.000,0.00
1777908092,loop16,0.00,0.00,0.000,0.000,0.00
1777908092,loop17,0.00,0.00,0.000,0.000,0.00
1777908092,loop18,0.00,0.00,0.000,0.000,0.00
1777908092,loop19,0.00,0.00,0.000,0.000,0.00
1777908092,loop2,0.00,0.00,0.000,0.000,0.00
1777908092,loop20,0.00,0.00,0.000,0.000,0.00
1777908092,loop21,0.00,0.00,0.000,0.000,0.00
1777908092,loop22,0.00,0.00,0.000,0.000,0.00
1777908092,loop23,0.00,0.00,0.000,0.000,0.00
1777908092,loop24,0.00,0.00,0.000,0.000,0.00
1777908092,loop25,0.00,0.00,0.000,0.000,0.00
1777908092,loop26,0.00,0.00,0.000,0.000,0.00
1777908092,loop27,0.00,0.00,0.000,0.000,0.00
1777908092,loop28,0.00,0.00,0.000,0.000,0.00
1777908092,loop29,0.00,0.00,0.000,0.000,0.00
1777908092,loop3,0.00,0.00,0.000,0.000,0.00
1777908092,loop30,0.00,0.00,0.000,0.000,0.00
1777908092,loop31,0.00,0.00,0.000,0.000,0.00
1777908092,loop32,0.00,0.00,0.000,0.000,0.00
1777908092,loop33,0.00,0.00,0.000,0.000,0.00
1777908092,loop34,0.00,0.00,0.000,0.000,0.00
1777908092,loop35,0.00,0.00,0.000,0.000,0.00
1777908092,loop36,0.00,0.00,0.000,0.000,0.00
1777908092,loop37,0.00,0.00,0.000,0.000,0.00
1777908092,loop38,0.00,0.00,0.000,0.000,0.00
1777908092,loop39,0.00,0.00,0.000,0.000,0.00
1777908092,loop4,0.00,0.00,0.000,0.000,0.00
1777908092,loop40,0.00,0.00,0.000,0.000,0.00
1777908092,loop5,0.00,0.00,0.000,0.000,0.00
1777908092,loop6,0.00,0.00,0.000,0.000,0.00
1777908092,loop7,0.00,0.00,0.000,0.000,0.00
1777908092,loop8,0.00,0.00,0.000,0.000,0.00
1777908092,loop9,0.00,0.00,0.000,0.000,0.00
1777908092,nvme0n1,2.00,8.00,0.000,0.000,0.10
1777908093,loop0,0.00,0.00,0.000,0.000,0.00
1777908093,loop1,0.00,0.00,0.000,0.000,0.00
1777908093,loop10,0.00,0.00,0.000,0.000,0.00
1777908093,loop11,0.00,0.00,0.000,0.000,0.00
1777908093,loop12,0.00,0.00,0.000,0.000,0.00
1777908093,loop13,0.00,0.00,0.000,0.000,0.00
1777908093,loop14,0.00,0.00,0.000,0.000,0.00
1777908093,loop15,0.00,0.00,0.000,0.000,0.00
1777908093,loop16,0.00,0.00,0.000,0.000,0.00
1777908093,loop17,0.00,0.00,0.000,0.000,0.00
1777908093,loop18,0.00,0.00,0.000,0.000,0.00
1777908093,loop19,0.00,0.00,0.000,0.000,0.00
1777908093,loop2,0.00,0.00,0.000,0.000,0.00
1777908093,loop20,0.00,0.00,0.000,0.000,0.00
1777908093,loop21,0.00,0.00,0.000,0.000,0.00
1777908093,loop22,0.00,0.00,0.000,0.000,0.00
1777908093,loop23,0.00,0.00,0.000,0.000,0.00
1777908093,loop24,0.00,0.00,0.000,0.000,0.00
1777908093,loop25,0.00,0.00,0.000,0.000,0.00
1777908093,loop26,0.00,0.00,0.000,0.000,0.00
1777908093,loop27,0.00,0.00,0.000,0.000,0.00
1777908093,loop28,0.00,0.00,0.000,0.000,0.00
1777908093,loop29,0.00,0.00,0.000,0.000,0.00
1777908093,loop3,0.00,0.00,0.000,0.000,0.00
1777908093,loop30,0.00,0.00,0.000,0.000,0.00
1777908093,loop31,0.00,0.00,0.000,0.000,0.00
1777908093,loop32,0.00,0.00,0.000,0.000,0.00
1777908093,loop33,0.00,0.00,0.000,0.000,0.00
1777908093,loop34,0.00,0.00,0.000,0.000,0.00
1777908093,loop35,0.00,0.00,0.000,0.000,0.00
1777908093,loop36,0.00,0.00,0.000,0.000,0.00
1777908093,loop37,0.00,0.00,0.000,0.000,0.00
1777908093,loop38,0.00,0.00,0.000,0.000,0.00
1777908093,loop39,0.00,0.00,0.000,0.000,0.00
1777908093,loop4,0.00,0.00,0.000,0.000,0.00
1777908093,loop40,0.00,0.00,0.000,0.000,0.00
1777908093,loop5,0.00,0.00,0.000,0.000,0.00
1777908093,loop6,0.00,0.00,0.000,0.000,0.00
1777908093,loop7,0.00,0.00,0.000,0.000,0.00
1777908093,loop8,0.00,0.00,0.000,0.000,0.00
1777908093,loop9,0.00,0.00,0.000,0.000,0.00
1777908093,nvme0n1,0.00,0.00,0.000,0.000,0.50
1777908094,loop0,0.00,0.00,0.000,0.000,0.00
1777908094,loop1,0.00,0.00,0.000,0.000,0.00
1777908094,loop10,0.00,0.00,0.000,0.000,0.00
1777908094,loop11,0.00,0.00,0.000,0.000,0.00
1777908094,loop12,0.00,0.00,0.000,0.000,0.00
1777908094,loop13,0.00,0.00,0.000,0.000,0.00
1777908094,loop14,0.00,0.00,0.000,0.000,0.00
1777908094,loop15,0.00,0.00,0.000,0.000,0.00
1777908094,loop16,0.00,0.00,0.000,0.000,0.00
1777908094,loop17,0.00,0.00,0.000,0.000,0.00
1777908094,loop18,0.00,0.00,0.000,0.000,0.00
1777908094,loop19,0.00,0.00,0.000,0.000,0.00
1777908094,loop2,0.00,0.00,0.000,0.000,0.00
1777908094,loop20,0.00,0.00,0.000,0.000,0.00
1777908094,loop21,0.00,0.00,0.000,0.000,0.00
1777908094,loop22,0.00,0.00,0.000,0.000,0.00
1777908094,loop23,0.00,0.00,0.000,0.000,0.00
1777908094,loop24,0.00,0.00,0.000,0.000,0.00
1777908094,loop25,0.00,0.00,0.000,0.000,0.00
1777908094,loop26,0.00,0.00,0.000,0.000,0.00
1777908094,loop27,0.00,0.00,0.000,0.000,0.00
1777908094,loop28,0.00,0.00,0.000,0.000,0.00
1777908094,loop29,0.00,0.00,0.000,0.000,0.00
1777908094,loop3,0.00,0.00,0.000,0.000,0.00
1777908094,loop30,0.00,0.00,0.000,0.000,0.00
1777908094,loop31,0.00,0.00,0.000,0.000,0.00
1777908094,loop32,0.00,0.00,0.000,0.000,0.00
1777908094,loop33,0.00,0.00,0.000,0.000,0.00
1777908094,loop34,0.00,0.00,0.000,0.000,0.00
1777908094,loop35,0.00,0.00,0.000,0.000,0.00
1777908094,loop36,0.00,0.00,0.000,0.000,0.00
1777908094,loop37,0.00,0.00,0.000,0.000,0.00
1777908094,loop38,0.00,0.00,0.000,0.000,0.00
1777908094,loop39,0.00,0.00,0.000,0.000,0.00
1777908094,loop4,0.00,0.00,0.000,0.000,0.00
1777908094,loop40,0.00,0.00,0.000,0.000,0.00
1777908094,loop5,0.00,0.00,0.000,0.000,0.00
1777908094,loop6,0.00,0.00,0.000,0.000,0.00
1777908094,loop7,0.00,0.00,0.000,0.000,0.00
1777908094,loop8,0.00,0.00,0.000,0.000,0.00
1777908094,loop9,0.00,0.00,0.000,0.000,0.00
1777908094,nvme0n1,0.00,0.00,0.000,0.000,0.00
1777908095,loop0,0.00,0.00,0.000,0.000,0.00
1777908095,loop1,0.00,0.00,0.000,0.000,0.00
1777908095,loop10,0.00,0.00,0.000,0.000,0.00
1777908095,loop11,0.00,0.00,0.000,0.000,0.00
1777908095,loop12,0.00,0.00,0.000,0.000,0.00
1777908095,loop13,0.00,0.00,0.000,0.000,0.00
1777908095,loop14,0.00,0.00,0.000,0.000,0.00
1777908095,loop15,0.00,0.00,0.000,0.000,0.00
1777908095,loop16,0.00,0.00,0.000,0.000,0.00
1777908095,loop17,0.00,0.00,0.000,0.000,0.00
1777908095,loop18,0.00,0.00,0.000,0.000,0.00
1777908095,loop19,0.00,0.00,0.000,0.000,0.00
1777908095,loop2,0.00,0.00,0.000,0.000,0.00
1777908095,loop20,0.00,0.00,0.000,0.000,0.00
1777908095,loop21,0.00,0.00,0.000,0.000,0.00
1777908095,loop22,0.00,0.00,0.000,0.000,0.00
1777908095,loop23,0.00,0.00,0.000,0.000,0.00
1777908095,loop24,0.00,0.00,0.000,0.000,0.00
1777908095,loop25,0.00,0.00,0.000,0.000,0.00
1777908095,loop26,0.00,0.00,0.000,0.000,0.00
1777908095,loop27,0.00,0.00,0.000,0.000,0.00
1777908095,loop28,0.00,0.00,0.000,0.000,0.00
1777908095,loop29,0.00,0.00,0.000,0.000,0.00
1777908095,loop3,0.00,0.00,0.000,0.000,0.00
1777908095,loop30,0.00,0.00,0.000,0.000,0.00
1777908095,loop31,0.00,0.00,0.000,0.000,0.00
1777908095,loop32,0.00,0.00,0.000,0.000,0.00
1777908095,loop33,0.00,0.00,0.000,0.000,0.00
1777908095,loop34,0.00,0.00,0.000,0.000,0.00
1777908095,loop35,0.00,0.00,0.000,0.000,0.00
1777908095,loop36,0.00,0.00,0.000,0.000,0.00
1777908095,loop37,0.00,0.00,0.000,0.000,0.00
1777908095,loop38,0.00,0.00,0.000,0.000,0.00
1777908095,loop39,0.00,0.00,0.000,0.000,0.00
1777908095,loop4,0.00,0.00,0.000,0.000,0.00
1777908095,loop40,0.00,0.00,0.000,0.000,0.00
1777908095,loop5,0.00,0.00,0.000,0.000,0.00
1777908095,loop6,0.00,0.00,0.000,0.000,0.00
1777908095,loop7,0.00,0.00,0.000,0.000,0.00
1777908095,loop8,0.00,0.00,0.000,0.000,0.00
1777908095,loop9,0.00,0.00,0.000,0.000,0.00
1777908095,nvme0n1,0.00,0.00,0.000,0.000,0.00
1777908096,loop0,0.00,0.00,0.000,0.000,0.00
1777908096,loop1,0.00,0.00,0.000,0.000,0.00
1777908096,loop10,0.00,0.00,0.000,0.000,0.00
1777908096,loop11,0.00,0.00,0.000,0.000,0.00
1777908096,loop12,0.00,0.00,0.000,0.000,0.00
1777908096,loop13,0.00,0.00,0.000,0.000,0.00
1777908096,loop14,0.00,0.00,0.000,0.000,0.00
1777908096,loop15,0.00,0.00,0.000,0.000,0.00
1777908096,loop16,0.00,0.00,0.000,0.000,0.00
1777908096,loop17,0.00,0.00,0.000,0.000,0.00
1777908096,loop18,0.00,0.00,0.000,0.000,0.00
1777908096,loop19,0.00,0.00,0.000,0.000,0.00
1777908096,loop2,0.00,0.00,0.000,0.000,0.00
1777908096,loop20,0.00,0.00,0.000,0.000,0.00
1777908096,loop21,0.00,0.00,0.000,0.000,0.00
1777908096,loop22,0.00,0.00,0.000,0.000,0.00
1777908096,loop23,0.00,0.00,0.000,0.000,0.00
1777908096,loop24,0.00,0.00,0.000,0.000,0.00
1777908096,loop25,0.00,0.00,0.000,0.000,0.00
1777908096,loop26,0.00,0.00,0.000,0.000,0.00
1777908096,loop27,0.00,0.00,0.000,0.000,0.00
1777908096,loop28,0.00,0.00,0.000,0.000,0.00
1777908096,loop29,0.00,0.00,0.000,0.000,0.00
1777908096,loop3,0.00,0.00,0.000,0.000,0.00
1777908096,loop30,0.00,0.00,0.000,0.000,0.00
1777908096,loop31,0.00,0.00,0.000,0.000,0.00
1777908096,loop32,0.00,0.00,0.000,0.000,0.00
1777908096,loop33,0.00,0.00,0.000,0.000,0.00
1777908096,loop34,0.00,0.00,0.000,0.000,0.00
1777908096,loop35,0.00,0.00,0.000,0.000,0.00
1777908096,loop36,0.00,0.00,0.000,0.000,0.00
1777908096,loop37,0.00,0.00,0.000,0.000,0.00
1777908096,loop38,0.00,0.00,0.000,0.000,0.00
1777908096,loop39,0.00,0.00,0.000,0.000,0.00
1777908096,loop4,0.00,0.00,0.000,0.000,0.00
1777908096,loop40,0.00,0.00,0.000,0.000,0.00
1777908096,loop5,0.00,0.00,0.000,0.000,0.00
1777908096,loop6,0.00,0.00,0.000,0.000,0.00
1777908096,loop7,0.00,0.00,0.000,0.000,0.00
1777908096,loop8,0.00,0.00,0.000,0.000,0.00
1777908096,loop9,0.00,0.00,0.000,0.000,0.00
1777908096,nvme0n1,0.00,0.00,0.000,0.000,2.10
1777908097,loop0,0.00,0.00,0.000,0.000,0.00
1777908097,loop1,0.00,0.00,0.000,0.000,0.00
1777908097,loop10,0.00,0.00,0.000,0.000,0.00
1777908097,loop11,0.00,0.00,0.000,0.000,0.00
1777908097,loop12,0.00,0.00,0.000,0.000,0.00
1777908097,loop13,0.00,0.00,0.000,0.000,0.00
1777908097,loop14,0.00,0.00,0.000,0.000,0.00
1777908097,loop15,0.00,0.00,0.000,0.000,0.00
1777908097,loop16,0.00,0.00,0.000,0.000,0.00
1777908097,loop17,0.00,0.00,0.000,0.000,0.00
1777908097,loop18,0.00,0.00,0.000,0.000,0.00
1777908097,loop19,0.00,0.00,0.000,0.000,0.00
1777908097,loop2,0.00,0.00,0.000,0.000,0.00
1777908097,loop20,0.00,0.00,0.000,0.000,0.00
1777908097,loop21,0.00,0.00,0.000,0.000,0.00
1777908097,loop22,0.00,0.00,0.000,0.000,0.00
1777908097,loop23,0.00,0.00,0.000,0.000,0.00
1777908097,loop24,0.00,0.00,0.000,0.000,0.00
1777908097,loop25,0.00,0.00,0.000,0.000,0.00
1777908097,loop26,0.00,0.00,0.000,0.000,0.00
1777908097,loop27,0.00,0.00,0.000,0.000,0.00
1777908097,loop28,0.00,0.00,0.000,0.000,0.00
1777908097,loop29,0.00,0.00,0.000,0.000,0.00
1777908097,loop3,0.00,0.00,0.000,0.000,0.00
1777908097,loop30,0.00,0.00,0.000,0.000,0.00
1777908097,loop31,0.00,0.00,0.000,0.000,0.00
1777908097,loop32,0.00,0.00,0.000,0.000,0.00
1777908097,loop33,0.00,0.00,0.000,0.000,0.00
1777908097,loop34,0.00,0.00,0.000,0.000,0.00
1777908097,loop35,0.00,0.00,0.000,0.000,0.00
1777908097,loop36,0.00,0.00,0.000,0.000,0.00
1777908097,loop37,0.00,0.00,0.000,0.000,0.00
1777908097,loop38,0.00,0.00,0.000,0.000,0.00
1777908097,loop39,0.00,0.00,0.000,0.000,0.00
1777908097,loop4,0.00,0.00,0.000,0.000,0.00
1777908097,loop40,0.00,0.00,0.000,0.000,0.00
1777908097,loop5,0.00,0.00,0.000,0.000,0.00
1777908097,loop6,0.00,0.00,0.000,0.000,0.00
1777908097,loop7,0.00,0.00,0.000,0.000,0.00
1777908097,loop8,0.00,0.00,0.000,0.000,0.00
1777908097,loop9,0.00,0.00,0.000,0.000,0.00
1777908097,nvme0n1,0.00,0.00,0.000,0.000,0.00
1777908098,loop0,0.00,0.00,0.000,0.000,0.00
1777908098,loop1,0.00,0.00,0.000,0.000,0.00
1777908098,loop10,0.00,0.00,0.000,0.000,0.00
1777908098,loop11,0.00,0.00,0.000,0.000,0.00
1777908098,loop12,0.00,0.00,0.000,0.000,0.00
1777908098,loop13,0.00,0.00,0.000,0.000,0.00
1777908098,loop14,0.00,0.00,0.000,0.000,0.00
1777908098,loop15,0.00,0.00,0.000,0.000,0.00
1777908098,loop16,0.00,0.00,0.000,0.000,0.00
1777908098,loop17,0.00,0.00,0.000,0.000,0.00
1777908098,loop18,0.00,0.00,0.000,0.000,0.00
1777908098,loop19,0.00,0.00,0.000,0.000,0.00
1777908098,loop2,0.00,0.00,0.000,0.000,0.00
1777908098,loop20,0.00,0.00,0.000,0.000,0.00
1777908098,loop21,0.00,0.00,0.000,0.000,0.00
1777908098,loop22,0.00,0.00,0.000,0.000,0.00
1777908098,loop23,0.00,0.00,0.000,0.000,0.00
1777908098,loop24,0.00,0.00,0.000,0.000,0.00
1777908098,loop25,0.00,0.00,0.000,0.000,0.00
1777908098,loop26,0.00,0.00,0.000,0.000,0.00
1777908098,loop27,0.00,0.00,0.000,0.000,0.00
1777908098,loop28,0.00,0.00,0.000,0.000,0.00
1777908098,loop29,0.00,0.00,0.000,0.000,0.00
1777908098,loop3,0.00,0.00,0.000,0.000,0.00
1777908098,loop30,0.00,0.00,0.000,0.000,0.00
1777908098,loop31,0.00,0.00,0.000,0.000,0.00
1777908098,loop32,0.00,0.00,0.000,0.000,0.00
1777908098,loop33,0.00,0.00,0.000,0.000,0.00
1777908098,loop34,0.00,0.00,0.000,0.000,0.00
1777908098,loop35,0.00,0.00,0.000,0.000,0.00
1777908098,loop36,0.00,0.00,0.000,0.000,0.00
1777908098,loop37,0.00,0.00,0.000,0.000,0.00
1777908098,loop38,0.00,0.00,0.000,0.000,0.00
1777908098,loop39,0.00,0.00,0.000,0.000,0.00
1777908098,loop4,0.00,0.00,0.000,0.000,0.00
1777908098,loop40,0.00,0.00,0.000,0.000,0.00
1777908098,loop5,0.00,0.00,0.000,0.000,0.00
1777908098,loop6,0.00,0.00,0.000,0.000,0.00
1777908098,loop7,0.00,0.00,0.000,0.000,0.00
1777908098,loop8,0.00,0.00,0.000,0.000,0.00
1777908098,loop9,0.00,0.00,0.000,0.000,0.00
1777908098,nvme0n1,0.00,0.00,0.000,0.000,5.40
1777908099,loop0,0.00,0.00,0.000,0.000,0.00
1777908099,loop1,0.00,0.00,0.000,0.000,0.00
1777908099,loop10,0.00,0.00,0.000,0.000,0.00
1777908099,loop11,0.00,0.00,0.000,0.000,0.00
1777908099,loop12,0.00,0.00,0.000,0.000,0.00
1777908099,loop13,0.00,0.00,0.000,0.000,0.00
1777908099,loop14,0.00,0.00,0.000,0.000,0.00
1777908099,loop15,0.00,0.00,0.000,0.000,0.00
1777908099,loop16,0.00,0.00,0.000,0.000,0.00
1777908099,loop17,0.00,0.00,0.000,0.000,0.00
1777908099,loop18,0.00,0.00,0.000,0.000,0.00
1777908099,loop19,0.00,0.00,0.000,0.000,0.00
1777908099,loop2,0.00,0.00,0.000,0.000,0.00
1777908099,loop20,0.00,0.00,0.000,0.000,0.00
1777908099,loop21,0.00,0.00,0.000,0.000,0.00
1777908099,loop22,0.00,0.00,0.000,0.000,0.00
1777908099,loop23,0.00,0.00,0.000,0.000,0.00
1777908099,loop24,0.00,0.00,0.000,0.000,0.00
1777908099,loop25,0.00,0.00,0.000,0.000,0.00
1777908099,loop26,0.00,0.00,0.000,0.000,0.00
1777908099,loop27,0.00,0.00,0.000,0.000,0.00
1777908099,loop28,0.00,0.00,0.000,0.000,0.00
1777908099,loop29,0.00,0.00,0.000,0.000,0.00
1777908099,loop3,0.00,0.00,0.000,0.000,0.00
1777908099,loop30,0.00,0.00,0.000,0.000,0.00
1777908099,loop31,0.00,0.00,0.000,0.000,0.00
1777908099,loop32,0.00,0.00,0.000,0.000,0.00
1777908099,loop33,0.00,0.00,0.000,0.000,0.00
1777908099,loop34,0.00,0.00,0.000,0.000,0.00
1777908099,loop35,0.00,0.00,0.000,0.000,0.00
1777908099,loop36,0.00,0.00,0.000,0.000,0.00
1777908099,loop37,0.00,0.00,0.000,0.000,0.00
1777908099,loop38,0.00,0.00,0.000,0.000,0.00
1777908099,loop39,0.00,0.00,0.000,0.000,0.00
1777908099,loop4,0.00,0.00,0.000,0.000,0.00
1777908099,loop40,0.00,0.00,0.000,0.000,0.00
1777908099,loop5,0.00,0.00,0.000,0.000,0.00
1777908099,loop6,0.00,0.00,0.000,0.000,0.00
1777908099,loop7,0.00,0.00,0.000,0.000,0.00
1777908099,loop8,0.00,0.00,0.000,0.000,0.00
1777908099,loop9,0.00,0.00,0.000,0.000,0.00
1777908099,nvme0n1,0.00,0.00,0.000,0.000,0.60
1777908100,loop0,0.00,0.00,0.000,0.000,0.00
1777908100,loop1,0.00,0.00,0.000,0.000,0.00
1777908100,loop10,0.00,0.00,0.000,0.000,0.00
1777908100,loop11,0.00,0.00,0.000,0.000,0.00
1777908100,loop12,0.00,0.00,0.000,0.000,0.00
1777908100,loop13,0.00,0.00,0.000,0.000,0.00
1777908100,loop14,0.00,0.00,0.000,0.000,0.00
1777908100,loop15,0.00,0.00,0.000,0.000,0.00
1777908100,loop16,0.00,0.00,0.000,0.000,0.00
1777908100,loop17,0.00,0.00,0.000,0.000,0.00
1777908100,loop18,0.00,0.00,0.000,0.000,0.00
1777908100,loop19,0.00,0.00,0.000,0.000,0.00
1777908100,loop2,0.00,0.00,0.000,0.000,0.00
1777908100,loop20,0.00,0.00,0.000,0.000,0.00
1777908100,loop21,0.00,0.00,0.000,0.000,0.00
1777908100,loop22,0.00,0.00,0.000,0.000,0.00
1777908100,loop23,0.00,0.00,0.000,0.000,0.00
1777908100,loop24,0.00,0.00,0.000,0.000,0.00
1777908100,loop25,0.00,0.00,0.000,0.000,0.00
1777908100,loop26,0.00,0.00,0.000,0.000,0.00
1777908100,loop27,0.00,0.00,0.000,0.000,0.00
1777908100,loop28,0.00,0.00,0.000,0.000,0.00
1777908100,loop29,0.00,0.00,0.000,0.000,0.00
1777908100,loop3,0.00,0.00,0.000,0.000,0.00
1777908100,loop30,0.00,0.00,0.000,0.000,0.00
1777908100,loop31,0.00,0.00,0.000,0.000,0.00
1777908100,loop32,0.00,0.00,0.000,0.000,0.00
1777908100,loop33,0.00,0.00,0.000,0.000,0.00
1777908100,loop34,0.00,0.00,0.000,0.000,0.00
1777908100,loop35,0.00,0.00,0.000,0.000,0.00
1777908100,loop36,0.00,0.00,0.000,0.000,0.00
1777908100,loop37,0.00,0.00,0.000,0.000,0.00
1777908100,loop38,0.00,0.00,0.000,0.000,0.00
1777908100,loop39,0.00,0.00,0.000,0.000,0.00
1777908100,loop4,0.00,0.00,0.000,0.000,0.00
1777908100,loop40,0.00,0.00,0.000,0.000,0.00
1777908100,loop5,0.00,0.00,0.000,0.000,0.00
1777908100,loop6,0.00,0.00,0.000,0.000,0.00
1777908100,loop7,0.00,0.00,0.000,0.000,0.00
1777908100,loop8,0.00,0.00,0.000,0.000,0.00
1777908100,loop9,0.00,0.00,0.000,0.000,0.00
1777908100,nvme0n1,0.00,0.00,0.000,0.000,0.00
1777908101,loop0,0.00,0.00,0.000,0.000,0.00
1777908101,loop1,0.00,0.00,0.000,0.000,0.00
1777908101,loop10,0.00,0.00,0.000,0.000,0.00
1777908101,loop11,0.00,0.00,0.000,0.000,0.00
1777908101,loop12,0.00,0.00,0.000,0.000,0.00
1777908101,loop13,0.00,0.00,0.000,0.000,0.00
1777908101,loop14,0.00,0.00,0.000,0.000,0.00
1777908101,loop15,0.00,0.00,0.000,0.000,0.00
1777908101,loop16,0.00,0.00,0.000,0.000,0.00
1777908101,loop17,0.00,0.00,0.000,0.000,0.00
1777908101,loop18,0.00,0.00,0.000,0.000,0.00
1777908101,loop19,0.00,0.00,0.000,0.000,0.00
1777908101,loop2,0.00,0.00,0.000,0.000,0.00
1777908101,loop20,0.00,0.00,0.000,0.000,0.00
1777908101,loop21,0.00,0.00,0.000,0.000,0.00
1777908101,loop22,0.00,0.00,0.000,0.000,0.00
1777908101,loop23,0.00,0.00,0.000,0.000,0.00
1777908101,loop24,0.00,0.00,0.000,0.000,0.00
1777908101,loop25,0.00,0.00,0.000,0.000,0.00
1777908101,loop26,0.00,0.00,0.000,0.000,0.00
1777908101,loop27,0.00,0.00,0.000,0.000,0.00
1777908101,loop28,0.00,0.00,0.000,0.000,0.00
1777908101,loop29,0.00,0.00,0.000,0.000,0.00
1777908101,loop3,0.00,0.00,0.000,0.000,0.00
1777908101,loop30,0.00,0.00,0.000,0.000,0.00
1777908101,loop31,0.00,0.00,0.000,0.000,0.00
1777908101,loop32,0.00,0.00,0.000,0.000,0.00
1777908101,loop33,0.00,0.00,0.000,0.000,0.00
1777908101,loop34,0.00,0.00,0.000,0.000,0.00
1777908101,loop35,0.00,0.00,0.000,0.000,0.00
1777908101,loop36,0.00,0.00,0.000,0.000,0.00
1777908101,loop37,0.00,0.00,0.000,0.000,0.00
1777908101,loop38,0.00,0.00,0.000,0.000,0.00
1777908101,loop39,0.00,0.00,0.000,0.000,0.00
1777908101,loop4,0.00,0.00,0.000,0.000,0.00
1777908101,loop40,0.00,0.00,0.000,0.000,0.00
1777908101,loop5,0.00,0.00,0.000,0.000,0.00
1777908101,loop6,0.00,0.00,0.000,0.000,0.00
1777908101,loop7,0.00,0.00,0.000,0.000,0.00
1777908101,loop8,0.00,0.00,0.000,0.000,0.00
1777908101,loop9,0.00,0.00,0.000,0.000,0.00
1777908101,nvme0n1,0.00,0.00,0.000,0.000,0.60
1777908102,loop0,0.00,0.00,0.000,0.000,0.00
1777908102,loop1,0.00,0.00,0.000,0.000,0.00
1777908102,loop10,0.00,0.00,0.000,0.000,0.00
1777908102,loop11,0.00,0.00,0.000,0.000,0.00
1777908102,loop12,0.00,0.00,0.000,0.000,0.00
1777908102,loop13,0.00,0.00,0.000,0.000,0.00
1777908102,loop14,0.00,0.00,0.000,0.000,0.00
1777908102,loop15,0.00,0.00,0.000,0.000,0.00
1777908102,loop16,0.00,0.00,0.000,0.000,0.00
1777908102,loop17,0.00,0.00,0.000,0.000,0.00
1777908102,loop18,0.00,0.00,0.000,0.000,0.00
1777908102,loop19,0.00,0.00,0.000,0.000,0.00
1777908102,loop2,0.00,0.00,0.000,0.000,0.00
1777908102,loop20,0.00,0.00,0.000,0.000,0.00
1777908102,loop21,0.00,0.00,0.000,0.000,0.00
1777908102,loop22,0.00,0.00,0.000,0.000,0.00
1777908102,loop23,0.00,0.00,0.000,0.000,0.00
1777908102,loop24,0.00,0.00,0.000,0.000,0.00
1777908102,loop25,0.00,0.00,0.000,0.000,0.00
1777908102,loop26,0.00,0.00,0.000,0.000,0.00
1777908102,loop27,0.00,0.00,0.000,0.000,0.00
1777908102,loop28,0.00,0.00,0.000,0.000,0.00
1777908102,loop29,0.00,0.00,0.000,0.000,0.00
1777908102,loop3,0.00,0.00,0.000,0.000,0.00
1777908102,loop30,0.00,0.00,0.000,0.000,0.00
1777908102,loop31,0.00,0.00,0.000,0.000,0.00
1777908102,loop32,0.00,0.00,0.000,0.000,0.00
1777908102,loop33,0.00,0.00,0.000,0.000,0.00
1777908102,loop34,0.00,0.00,0.000,0.000,0.00
1777908102,loop35,0.00,0.00,0.000,0.000,0.00
1777908102,loop36,0.00,0.00,0.000,0.000,0.00
1777908102,loop37,0.00,0.00,0.000,0.000,0.00
1777908102,loop38,0.00,0.00,0.000,0.000,0.00
1777908102,loop39,0.00,0.00,0.000,0.000,0.00
1777908102,loop4,0.00,0.00,0.000,0.000,0.00
1777908102,loop40,0.00,0.00,0.000,0.000,0.00
1777908102,loop5,0.00,0.00,0.000,0.000,0.00
1777908102,loop6,0.00,0.00,0.000,0.000,0.00
1777908102,loop7,0.00,0.00,0.000,0.000,0.00
1777908102,loop8,0.00,0.00,0.000,0.000,0.00
1777908102,loop9,0.00,0.00,0.000,0.000,0.00
1777908102,nvme0n1,0.00,0.00,0.000,0.000,0.00
1777908103,loop0,0.00,0.00,0.000,0.000,0.00
1777908103,loop1,0.00,0.00,0.000,0.000,0.00
1777908103,loop10,0.00,0.00,0.000,0.000,0.00
1777908103,loop11,0.00,0.00,0.000,0.000,0.00
1777908103,loop12,0.00,0.00,0.000,0.000,0.00
1777908103,loop13,0.00,0.00,0.000,0.000,0.00
1777908103,loop14,0.00,0.00,0.000,0.000,0.00
1777908103,loop15,0.00,0.00,0.000,0.000,0.00
1777908103,loop16,0.00,0.00,0.000,0.000,0.00
1777908103,loop17,0.00,0.00,0.000,0.000,0.00
1777908103,loop18,0.00,0.00,0.000,0.000,0.00
1777908103,loop19,0.00,0.00,0.000,0.000,0.00
1777908103,loop2,0.00,0.00,0.000,0.000,0.00
1777908103,loop20,0.00,0.00,0.000,0.000,0.00
1777908103,loop21,0.00,0.00,0.000,0.000,0.00
1777908103,loop22,0.00,0.00,0.000,0.000,0.00
1777908103,loop23,0.00,0.00,0.000,0.000,0.00
1777908103,loop24,0.00,0.00,0.000,0.000,0.00
1777908103,loop25,0.00,0.00,0.000,0.000,0.00
1777908103,loop26,0.00,0.00,0.000,0.000,0.00
1777908103,loop27,0.00,0.00,0.000,0.000,0.00
1777908103,loop28,0.00,0.00,0.000,0.000,0.00
1777908103,loop29,0.00,0.00,0.000,0.000,0.00
1777908103,loop3,0.00,0.00,0.000,0.000,0.00
1777908103,loop30,0.00,0.00,0.000,0.000,0.00
1777908103,loop31,0.00,0.00,0.000,0.000,0.00
1777908103,loop32,0.00,0.00,0.000,0.000,0.00
1777908103,loop33,0.00,0.00,0.000,0.000,0.00
1777908103,loop34,0.00,0.00,0.000,0.000,0.00
1777908103,loop35,0.00,0.00,0.000,0.000,0.00
1777908103,loop36,0.00,0.00,0.000,0.000,0.00
1777908103,loop37,0.00,0.00,0.000,0.000,0.00
1777908103,loop38,0.00,0.00,0.000,0.000,0.00
1777908103,loop39,0.00,0.00,0.000,0.000,0.00
1777908103,loop4,0.00,0.00,0.000,0.000,0.00
1777908103,loop40,0.00,0.00,0.000,0.000,0.00
1777908103,loop5,0.00,0.00,0.000,0.000,0.00
1777908103,loop6,0.00,0.00,0.000,0.000,0.00
1777908103,loop7,0.00,0.00,0.000,0.000,0.00
1777908103,loop8,0.00,0.00,0.000,0.000,0.00
1777908103,loop9,0.00,0.00,0.000,0.000,0.00
1777908103,nvme0n1,0.00,0.00,0.000,0.000,0.00
1777908104,loop0,0.00,0.00,0.000,0.000,0.00
1777908104,loop1,0.00,0.00,0.000,0.000,0.00
1777908104,loop10,0.00,0.00,0.000,0.000,0.00
1777908104,loop11,0.00,0.00,0.000,0.000,0.00
1777908104,loop12,0.00,0.00,0.000,0.000,0.00
1777908104,loop13,0.00,0.00,0.000,0.000,0.00
1777908104,loop14,0.00,0.00,0.000,0.000,0.00
1777908104,loop15,0.00,0.00,0.000,0.000,0.00
1777908104,loop16,0.00,0.00,0.000,0.000,0.00
1777908104,loop17,0.00,0.00,0.000,0.000,0.00
1777908104,loop18,0.00,0.00,0.000,0.000,0.00
1777908104,loop19,0.00,0.00,0.000,0.000,0.00
1777908104,loop2,0.00,0.00,0.000,0.000,0.00
1777908104,loop20,0.00,0.00,0.000,0.000,0.00
1777908104,loop21,0.00,0.00,0.000,0.000,0.00
1777908104,loop22,0.00,0.00,0.000,0.000,0.00
1777908104,loop23,0.00,0.00,0.000,0.000,0.00
1777908104,loop24,0.00,0.00,0.000,0.000,0.00
1777908104,loop25,0.00,0.00,0.000,0.000,0.00
1777908104,loop26,0.00,0.00,0.000,0.000,0.00
1777908104,loop27,0.00,0.00,0.000,0.000,0.00
1777908104,loop28,0.00,0.00,0.000,0.000,0.00
1777908104,loop29,0.00,0.00,0.000,0.000,0.00
1777908104,loop3,0.00,0.00,0.000,0.000,0.00
1777908104,loop30,0.00,0.00,0.000,0.000,0.00
1777908104,loop31,0.00,0.00,0.000,0.000,0.00
1777908104,loop32,0.00,0.00,0.000,0.000,0.00
1777908104,loop33,0.00,0.00,0.000,0.000,0.00
1777908104,loop34,0.00,0.00,0.000,0.000,0.00
1777908104,loop35,0.00,0.00,0.000,0.000,0.00
1777908104,loop36,0.00,0.00,0.000,0.000,0.00
1777908104,loop37,0.00,0.00,0.000,0.000,0.00
1777908104,loop38,0.00,0.00,0.000,0.000,0.00
1777908104,loop39,0.00,0.00,0.000,0.000,0.00
1777908104,loop4,0.00,0.00,0.000,0.000,0.00
1777908104,loop40,0.00,0.00,0.000,0.000,0.00
1777908104,loop5,0.00,0.00,0.000,0.000,0.00
1777908104,loop6,0.00,0.00,0.000,0.000,0.00
1777908104,loop7,0.00,0.00,0.000,0.000,0.00
1777908104,loop8,0.00,0.00,0.000,0.000,0.00
1777908104,loop9,0.00,0.00,0.000,0.000,0.00
1777908104,nvme0n1,0.00,0.00,0.000,0.000,0.00
1777908105,loop0,0.00,0.00,0.000,0.000,0.00
1777908105,loop1,0.00,0.00,0.000,0.000,0.00
1777908105,loop10,0.00,0.00,0.000,0.000,0.00
1777908105,loop11,0.00,0.00,0.000,0.000,0.00
1777908105,loop12,0.00,0.00,0.000,0.000,0.00
1777908105,loop13,0.00,0.00,0.000,0.000,0.00
1777908105,loop14,0.00,0.00,0.000,0.000,0.00
1777908105,loop15,0.00,0.00,0.000,0.000,0.00
1777908105,loop16,0.00,0.00,0.000,0.000,0.00
1777908105,loop17,0.00,0.00,0.000,0.000,0.00
1777908105,loop18,0.00,0.00,0.000,0.000,0.00
1777908105,loop19,0.00,0.00,0.000,0.000,0.00
1777908105,loop2,0.00,0.00,0.000,0.000,0.00
1777908105,loop20,0.00,0.00,0.000,0.000,0.00
1777908105,loop21,0.00,0.00,0.000,0.000,0.00
1777908105,loop22,0.00,0.00,0.000,0.000,0.00
1777908105,loop23,0.00,0.00,0.000,0.000,0.00
1777908105,loop24,0.00,0.00,0.000,0.000,0.00
1777908105,loop25,0.00,0.00,0.000,0.000,0.00
1777908105,loop26,0.00,0.00,0.000,0.000,0.00
1777908105,loop27,0.00,0.00,0.000,0.000,0.00
1777908105,loop28,0.00,0.00,0.000,0.000,0.00
1777908105,loop29,0.00,0.00,0.000,0.000,0.00
1777908105,loop3,0.00,0.00,0.000,0.000,0.00
1777908105,loop30,0.00,0.00,0.000,0.000,0.00
1777908105,loop31,0.00,0.00,0.000,0.000,0.00
1777908105,loop32,0.00,0.00,0.000,0.000,0.00
1777908105,loop33,0.00,0.00,0.000,0.000,0.00
1777908105,loop34,0.00,0.00,0.000,0.000,0.00
1777908105,loop35,0.00,0.00,0.000,0.000,0.00
1777908105,loop36,0.00,0.00,0.000,0.000,0.00
1777908105,loop37,0.00,0.00,0.000,0.000,0.00
1777908105,loop38,0.00,0.00,0.000,0.000,0.00
1777908105,loop39,0.00,0.00,0.000,0.000,0.00
1777908105,loop4,0.00,0.00,0.000,0.000,0.00
1777908105,loop40,0.00,0.00,0.000,0.000,0.00
1777908105,loop5,0.00,0.00,0.000,0.000,0.00
1777908105,loop6,0.00,0.00,0.000,0.000,0.00
1777908105,loop7,0.00,0.00,0.000,0.000,0.00
1777908105,loop8,0.00,0.00,0.000,0.000,0.00
1777908105,loop9,0.00,0.00,0.000,0.000,0.00
1777908105,nvme0n1,0.00,0.00,0.000,0.000,5.70
1777908106,loop0,0.00,0.00,0.000,0.000,0.00
1777908106,loop1,0.00,0.00,0.000,0.000,0.00
1777908106,loop10,0.00,0.00,0.000,0.000,0.00
1777908106,loop11,0.00,0.00,0.000,0.000,0.00
1777908106,loop12,0.00,0.00,0.000,0.000,0.00
1777908106,loop13,0.00,0.00,0.000,0.000,0.00
1777908106,loop14,0.00,0.00,0.000,0.000,0.00
1777908106,loop15,0.00,0.00,0.000,0.000,0.00
1777908106,loop16,0.00,0.00,0.000,0.000,0.00
1777908106,loop17,0.00,0.00,0.000,0.000,0.00
1777908106,loop18,0.00,0.00,0.000,0.000,0.00
1777908106,loop19,0.00,0.00,0.000,0.000,0.00
1777908106,loop2,0.00,0.00,0.000,0.000,0.00
1777908106,loop20,0.00,0.00,0.000,0.000,0.00
1777908106,loop21,0.00,0.00,0.000,0.000,0.00
1777908106,loop22,0.00,0.00,0.000,0.000,0.00
1777908106,loop23,0.00,0.00,0.000,0.000,0.00
1777908106,loop24,0.00,0.00,0.000,0.000,0.00
1777908106,loop25,0.00,0.00,0.000,0.000,0.00
1777908106,loop26,0.00,0.00,0.000,0.000,0.00
1777908106,loop27,0.00,0.00,0.000,0.000,0.00
1777908106,loop28,0.00,0.00,0.000,0.000,0.00
1777908106,loop29,0.00,0.00,0.000,0.000,0.00
1777908106,loop3,0.00,0.00,0.000,0.000,0.00
1777908106,loop30,0.00,0.00,0.000,0.000,0.00
1777908106,loop31,0.00,0.00,0.000,0.000,0.00
1777908106,loop32,0.00,0.00,0.000,0.000,0.00
1777908106,loop33,0.00,0.00,0.000,0.000,0.00
1777908106,loop34,0.00,0.00,0.000,0.000,0.00
1777908106,loop35,0.00,0.00,0.000,0.000,0.00
1777908106,loop36,0.00,0.00,0.000,0.000,0.00
1777908106,loop37,0.00,0.00,0.000,0.000,0.00
1777908106,loop38,0.00,0.00,0.000,0.000,0.00
1777908106,loop39,0.00,0.00,0.000,0.000,0.00
1777908106,loop4,0.00,0.00,0.000,0.000,0.00
1777908106,loop40,0.00,0.00,0.000,0.000,0.00
1777908106,loop5,0.00,0.00,0.000,0.000,0.00
1777908106,loop6,0.00,0.00,0.000,0.000,0.00
1777908106,loop7,0.00,0.00,0.000,0.000,0.00
1777908106,loop8,0.00,0.00,0.000,0.000,0.00
1777908106,loop9,0.00,0.00,0.000,0.000,0.00
1777908106,nvme0n1,0.00,0.00,0.000,0.000,0.10
1777908107,loop0,0.00,0.00,0.000,0.000,0.00
1777908107,loop1,0.00,0.00,0.000,0.000,0.00
1777908107,loop10,0.00,0.00,0.000,0.000,0.00
1777908107,loop11,0.00,0.00,0.000,0.000,0.00
1777908107,loop12,0.00,0.00,0.000,0.000,0.00
1777908107,loop13,0.00,0.00,0.000,0.000,0.00
1777908107,loop14,0.00,0.00,0.000,0.000,0.00
1777908107,loop15,0.00,0.00,0.000,0.000,0.00
1777908107,loop16,0.00,0.00,0.000,0.000,0.00
1777908107,loop17,0.00,0.00,0.000,0.000,0.00
1777908107,loop18,0.00,0.00,0.000,0.000,0.00
1777908107,loop19,0.00,0.00,0.000,0.000,0.00
1777908107,loop2,0.00,0.00,0.000,0.000,0.00
1777908107,loop20,0.00,0.00,0.000,0.000,0.00
1777908107,loop21,0.00,0.00,0.000,0.000,0.00
1777908107,loop22,0.00,0.00,0.000,0.000,0.00
1777908107,loop23,0.00,0.00,0.000,0.000,0.00
1777908107,loop24,0.00,0.00,0.000,0.000,0.00
1777908107,loop25,0.00,0.00,0.000,0.000,0.00
1777908107,loop26,0.00,0.00,0.000,0.000,0.00
1777908107,loop27,0.00,0.00,0.000,0.000,0.00
1777908107,loop28,0.00,0.00,0.000,0.000,0.00
1777908107,loop29,0.00,0.00,0.000,0.000,0.00
1777908107,loop3,0.00,0.00,0.000,0.000,0.00
1777908107,loop30,0.00,0.00,0.000,0.000,0.00
1777908107,loop31,0.00,0.00,0.000,0.000,0.00
1777908107,loop32,0.00,0.00,0.000,0.000,0.00
1777908107,loop33,0.00,0.00,0.000,0.000,0.00
1777908107,loop34,0.00,0.00,0.000,0.000,0.00
1777908107,loop35,0.00,0.00,0.000,0.000,0.00
1777908107,loop36,0.00,0.00,0.000,0.000,0.00
1777908107,loop37,0.00,0.00,0.000,0.000,0.00
1777908107,loop38,0.00,0.00,0.000,0.000,0.00
1777908107,loop39,0.00,0.00,0.000,0.000,0.00
1777908107,loop4,0.00,0.00,0.000,0.000,0.00
1777908107,loop40,0.00,0.00,0.000,0.000,0.00
1777908107,loop5,0.00,0.00,0.000,0.000,0.00
1777908107,loop6,0.00,0.00,0.000,0.000,0.00
1777908107,loop7,0.00,0.00,0.000,0.000,0.00
1777908107,loop8,0.00,0.00,0.000,0.000,0.00
1777908107,loop9,0.00,0.00,0.000,0.000,0.00
1777908107,nvme0n1,0.00,0.00,0.000,0.000,0.00
1777908108,loop0,0.00,0.00,0.000,0.000,0.00
1777908108,loop1,0.00,0.00,0.000,0.000,0.00
1777908108,loop10,0.00,0.00,0.000,0.000,0.00
1777908108,loop11,0.00,0.00,0.000,0.000,0.00
1777908108,loop12,0.00,0.00,0.000,0.000,0.00
1777908108,loop13,0.00,0.00,0.000,0.000,0.00
1777908108,loop14,0.00,0.00,0.000,0.000,0.00
1777908108,loop15,0.00,0.00,0.000,0.000,0.00
1777908108,loop16,0.00,0.00,0.000,0.000,0.00
1777908108,loop17,0.00,0.00,0.000,0.000,0.00
1777908108,loop18,0.00,0.00,0.000,0.000,0.00
1777908108,loop19,0.00,0.00,0.000,0.000,0.00
1777908108,loop2,0.00,0.00,0.000,0.000,0.00
1777908108,loop20,0.00,0.00,0.000,0.000,0.00
1777908108,loop21,0.00,0.00,0.000,0.000,0.00
1777908108,loop22,0.00,0.00,0.000,0.000,0.00
1777908108,loop23,0.00,0.00,0.000,0.000,0.00
1777908108,loop24,0.00,0.00,0.000,0.000,0.00
1777908108,loop25,0.00,0.00,0.000,0.000,0.00
1777908108,loop26,0.00,0.00,0.000,0.000,0.00
1777908108,loop27,0.00,0.00,0.000,0.000,0.00
1777908108,loop28,0.00,0.00,0.000,0.000,0.00
1777908108,loop29,0.00,0.00,0.000,0.000,0.00
1777908108,loop3,0.00,0.00,0.000,0.000,0.00
1777908108,loop30,0.00,0.00,0.000,0.000,0.00
1777908108,loop31,0.00,0.00,0.000,0.000,0.00
1777908108,loop32,0.00,0.00,0.000,0.000,0.00
1777908108,loop33,0.00,0.00,0.000,0.000,0.00
1777908108,loop34,0.00,0.00,0.000,0.000,0.00
1777908108,loop35,0.00,0.00,0.000,0.000,0.00
1777908108,loop36,0.00,0.00,0.000,0.000,0.00
1777908108,loop37,0.00,0.00,0.000,0.000,0.00
1777908108,loop38,0.00,0.00,0.000,0.000,0.00
1777908108,loop39,0.00,0.00,0.000,0.000,0.00
1777908108,loop4,0.00,0.00,0.000,0.000,0.00
1777908108,loop40,0.00,0.00,0.000,0.000,0.00
1777908108,loop5,0.00,0.00,0.000,0.000,0.00
1777908108,loop6,0.00,0.00,0.000,0.000,0.00
1777908108,loop7,0.00,0.00,0.000,0.000,0.00
1777908108,loop8,0.00,0.00,0.000,0.000,0.00
1777908108,loop9,0.00,0.00,0.000,0.000,0.00
1777908108,nvme0n1,0.00,0.00,0.000,0.000,0.00
1777908109,loop0,0.00,0.00,0.000,0.000,0.00
1777908109,loop1,0.00,0.00,0.000,0.000,0.00
1777908109,loop10,0.00,0.00,0.000,0.000,0.00
1777908109,loop11,0.00,0.00,0.000,0.000,0.00
1777908109,loop12,0.00,0.00,0.000,0.000,0.00
1777908109,loop13,0.00,0.00,0.000,0.000,0.00
1777908109,loop14,0.00,0.00,0.000,0.000,0.00
1777908109,loop15,0.00,0.00,0.000,0.000,0.00
1777908109,loop16,0.00,0.00,0.000,0.000,0.00
1777908109,loop17,0.00,0.00,0.000,0.000,0.00
1777908109,loop18,0.00,0.00,0.000,0.000,0.00
1777908109,loop19,0.00,0.00,0.000,0.000,0.00
1777908109,loop2,0.00,0.00,0.000,0.000,0.00
1777908109,loop20,0.00,0.00,0.000,0.000,0.00
1777908109,loop21,0.00,0.00,0.000,0.000,0.00
1777908109,loop22,0.00,0.00,0.000,0.000,0.00
1777908109,loop23,0.00,0.00,0.000,0.000,0.00
1777908109,loop24,0.00,0.00,0.000,0.000,0.00
1777908109,loop25,0.00,0.00,0.000,0.000,0.00
1777908109,loop26,0.00,0.00,0.000,0.000,0.00
1777908109,loop27,0.00,0.00,0.000,0.000,0.00
1777908109,loop28,0.00,0.00,0.000,0.000,0.00
1777908109,loop29,0.00,0.00,0.000,0.000,0.00
1777908109,loop3,0.00,0.00,0.000,0.000,0.00
1777908109,loop30,0.00,0.00,0.000,0.000,0.00
1777908109,loop31,0.00,0.00,0.000,0.000,0.00
1777908109,loop32,0.00,0.00,0.000,0.000,0.00
1777908109,loop33,0.00,0.00,0.000,0.000,0.00
1777908109,loop34,0.00,0.00,0.000,0.000,0.00
1777908109,loop35,0.00,0.00,0.000,0.000,0.00
1777908109,loop36,0.00,0.00,0.000,0.000,0.00
1777908109,loop37,0.00,0.00,0.000,0.000,0.00
1777908109,loop38,0.00,0.00,0.000,0.000,0.00
1777908109,loop39,0.00,0.00,0.000,0.000,0.00
1777908109,loop4,0.00,0.00,0.000,0.000,0.00
1777908109,loop40,0.00,0.00,0.000,0.000,0.00
1777908109,loop5,0.00,0.00,0.000,0.000,0.00
1777908109,loop6,0.00,0.00,0.000,0.000,0.00
1777908109,loop7,0.00,0.00,0.000,0.000,0.00
1777908109,loop8,0.00,0.00,0.000,0.000,0.00
1777908109,loop9,0.00,0.00,0.000,0.000,0.00
1777908109,nvme0n1,0.00,0.00,0.000,0.000,0.00
1777908110,loop0,0.00,0.00,0.000,0.000,0.00
1777908110,loop1,0.00,0.00,0.000,0.000,0.00
1777908110,loop10,0.00,0.00,0.000,0.000,0.00
1777908110,loop11,0.00,0.00,0.000,0.000,0.00
1777908110,loop12,0.00,0.00,0.000,0.000,0.00
1777908110,loop13,0.00,0.00,0.000,0.000,0.00
1777908110,loop14,0.00,0.00,0.000,0.000,0.00
1777908110,loop15,0.00,0.00,0.000,0.000,0.00
1777908110,loop16,0.00,0.00,0.000,0.000,0.00
1777908110,loop17,0.00,0.00,0.000,0.000,0.00
1777908110,loop18,0.00,0.00,0.000,0.000,0.00
1777908110,loop19,0.00,0.00,0.000,0.000,0.00
1777908110,loop2,0.00,0.00,0.000,0.000,0.00
1777908110,loop20,0.00,0.00,0.000,0.000,0.00
1777908110,loop21,0.00,0.00,0.000,0.000,0.00
1777908110,loop22,0.00,0.00,0.000,0.000,0.00
1777908110,loop23,0.00,0.00,0.000,0.000,0.00
1777908110,loop24,0.00,0.00,0.000,0.000,0.00
1777908110,loop25,0.00,0.00,0.000,0.000,0.00
1777908110,loop26,0.00,0.00,0.000,0.000,0.00
1777908110,loop27,0.00,0.00,0.000,0.000,0.00
1777908110,loop28,0.00,0.00,0.000,0.000,0.00
1777908110,loop29,0.00,0.00,0.000,0.000,0.00
1777908110,loop3,0.00,0.00,0.000,0.000,0.00
1777908110,loop30,0.00,0.00,0.000,0.000,0.00
1777908110,loop31,0.00,0.00,0.000,0.000,0.00
1777908110,loop32,0.00,0.00,0.000,0.000,0.00
1777908110,loop33,0.00,0.00,0.000,0.000,0.00
1777908110,loop34,0.00,0.00,0.000,0.000,0.00
1777908110,loop35,0.00,0.00,0.000,0.000,0.00
1777908110,loop36,0.00,0.00,0.000,0.000,0.00
1777908110,loop37,0.00,0.00,0.000,0.000,0.00
1777908110,loop38,0.00,0.00,0.000,0.000,0.00
1777908110,loop39,0.00,0.00,0.000,0.000,0.00
1777908110,loop4,0.00,0.00,0.000,0.000,0.00
1777908110,loop40,0.00,0.00,0.000,0.000,0.00
1777908110,loop5,0.00,0.00,0.000,0.000,0.00
1777908110,loop6,0.00,0.00,0.000,0.000,0.00
1777908110,loop7,0.00,0.00,0.000,0.000,0.00
1777908110,loop8,0.00,0.00,0.000,0.000,0.00
1777908110,loop9,0.00,0.00,0.000,0.000,0.00
1777908110,nvme0n1,0.00,0.00,0.000,0.000,5.50
1777908111,loop0,0.00,0.00,0.000,0.000,0.00
1777908111,loop1,0.00,0.00,0.000,0.000,0.00
1777908111,loop10,0.00,0.00,0.000,0.000,0.00
1777908111,loop11,0.00,0.00,0.000,0.000,0.00
1777908111,loop12,0.00,0.00,0.000,0.000,0.00
1777908111,loop13,0.00,0.00,0.000,0.000,0.00
1777908111,loop14,0.00,0.00,0.000,0.000,0.00
1777908111,loop15,0.00,0.00,0.000,0.000,0.00
1777908111,loop16,0.00,0.00,0.000,0.000,0.00
1777908111,loop17,0.00,0.00,0.000,0.000,0.00
1777908111,loop18,0.00,0.00,0.000,0.000,0.00
1777908111,loop19,0.00,0.00,0.000,0.000,0.00
1777908111,loop2,0.00,0.00,0.000,0.000,0.00
1777908111,loop20,0.00,0.00,0.000,0.000,0.00
1777908111,loop21,0.00,0.00,0.000,0.000,0.00
1777908111,loop22,0.00,0.00,0.000,0.000,0.00
1777908111,loop23,0.00,0.00,0.000,0.000,0.00
1777908111,loop24,0.00,0.00,0.000,0.000,0.00
1777908111,loop25,0.00,0.00,0.000,0.000,0.00
1777908111,loop26,0.00,0.00,0.000,0.000,0.00
1777908111,loop27,0.00,0.00,0.000,0.000,0.00
1777908111,loop28,0.00,0.00,0.000,0.000,0.00
1777908111,loop29,0.00,0.00,0.000,0.000,0.00
1777908111,loop3,0.00,0.00,0.000,0.000,0.00
1777908111,loop30,0.00,0.00,0.000,0.000,0.00
1777908111,loop31,0.00,0.00,0.000,0.000,0.00
1777908111,loop32,0.00,0.00,0.000,0.000,0.00
1777908111,loop33,0.00,0.00,0.000,0.000,0.00
1777908111,loop34,0.00,0.00,0.000,0.000,0.00
1777908111,loop35,0.00,0.00,0.000,0.000,0.00
1777908111,loop36,0.00,0.00,0.000,0.000,0.00
1777908111,loop37,0.00,0.00,0.000,0.000,0.00
1777908111,loop38,0.00,0.00,0.000,0.000,0.00
1777908111,loop39,0.00,0.00,0.000,0.000,0.00
1777908111,loop4,0.00,0.00,0.000,0.000,0.00
1777908111,loop40,0.00,0.00,0.000,0.000,0.00
1777908111,loop5,0.00,0.00,0.000,0.000,0.00
1777908111,loop6,0.00,0.00,0.000,0.000,0.00
1777908111,loop7,0.00,0.00,0.000,0.000,0.00
1777908111,loop8,0.00,0.00,0.000,0.000,0.00
1777908111,loop9,0.00,0.00,0.000,0.000,0.00
1777908111,nvme0n1,0.00,0.00,0.000,0.000,0.70
1777908112,loop0,0.00,0.00,0.000,0.000,0.00
1777908112,loop1,0.00,0.00,0.000,0.000,0.00
1777908112,loop10,0.00,0.00,0.000,0.000,0.00
1777908112,loop11,0.00,0.00,0.000,0.000,0.00
1777908112,loop12,0.00,0.00,0.000,0.000,0.00
1777908112,loop13,0.00,0.00,0.000,0.000,0.00
1777908112,loop14,0.00,0.00,0.000,0.000,0.00
1777908112,loop15,0.00,0.00,0.000,0.000,0.00
1777908112,loop16,0.00,0.00,0.000,0.000,0.00
1777908112,loop17,0.00,0.00,0.000,0.000,0.00
1777908112,loop18,0.00,0.00,0.000,0.000,0.00
1777908112,loop19,0.00,0.00,0.000,0.000,0.00
1777908112,loop2,0.00,0.00,0.000,0.000,0.00
1777908112,loop20,0.00,0.00,0.000,0.000,0.00
1777908112,loop21,0.00,0.00,0.000,0.000,0.00
1777908112,loop22,0.00,0.00,0.000,0.000,0.00
1777908112,loop23,0.00,0.00,0.000,0.000,0.00
1777908112,loop24,0.00,0.00,0.000,0.000,0.00
1777908112,loop25,0.00,0.00,0.000,0.000,0.00
1777908112,loop26,0.00,0.00,0.000,0.000,0.00
1777908112,loop27,0.00,0.00,0.000,0.000,0.00
1777908112,loop28,0.00,0.00,0.000,0.000,0.00
1777908112,loop29,0.00,0.00,0.000,0.000,0.00
1777908112,loop3,0.00,0.00,0.000,0.000,0.00
1777908112,loop30,0.00,0.00,0.000,0.000,0.00
1777908112,loop31,0.00,0.00,0.000,0.000,0.00
1777908112,loop32,0.00,0.00,0.000,0.000,0.00
1777908112,loop33,0.00,0.00,0.000,0.000,0.00
1777908112,loop34,0.00,0.00,0.000,0.000,0.00
1777908112,loop35,0.00,0.00,0.000,0.000,0.00
1777908112,loop36,0.00,0.00,0.000,0.000,0.00
1777908112,loop37,0.00,0.00,0.000,0.000,0.00
1777908112,loop38,0.00,0.00,0.000,0.000,0.00
1777908112,loop39,0.00,0.00,0.000,0.000,0.00
1777908112,loop4,0.00,0.00,0.000,0.000,0.00
1777908112,loop40,0.00,0.00,0.000,0.000,0.00
1777908112,loop5,0.00,0.00,0.000,0.000,0.00
1777908112,loop6,0.00,0.00,0.000,0.000,0.00
1777908112,loop7,0.00,0.00,0.000,0.000,0.00
1777908112,loop8,0.00,0.00,0.000,0.000,0.00
1777908112,loop9,0.00,0.00,0.000,0.000,0.00
1777908112,nvme0n1,0.00,0.00,0.000,0.000,0.00
1777908113,loop0,0.00,0.00,0.000,0.000,0.00
1777908113,loop1,0.00,0.00,0.000,0.000,0.00
1777908113,loop10,0.00,0.00,0.000,0.000,0.00
1777908113,loop11,0.00,0.00,0.000,0.000,0.00
1777908113,loop12,0.00,0.00,0.000,0.000,0.00
1777908113,loop13,0.00,0.00,0.000,0.000,0.00
1777908113,loop14,0.00,0.00,0.000,0.000,0.00
1777908113,loop15,0.00,0.00,0.000,0.000,0.00
1777908113,loop16,0.00,0.00,0.000,0.000,0.00
1777908113,loop17,0.00,0.00,0.000,0.000,0.00
1777908113,loop18,0.00,0.00,0.000,0.000,0.00
1777908113,loop19,0.00,0.00,0.000,0.000,0.00
1777908113,loop2,0.00,0.00,0.000,0.000,0.00
1777908113,loop20,0.00,0.00,0.000,0.000,0.00
1777908113,loop21,0.00,0.00,0.000,0.000,0.00
1777908113,loop22,0.00,0.00,0.000,0.000,0.00
1777908113,loop23,0.00,0.00,0.000,0.000,0.00
1777908113,loop24,0.00,0.00,0.000,0.000,0.00
1777908113,loop25,0.00,0.00,0.000,0.000,0.00
1777908113,loop26,0.00,0.00,0.000,0.000,0.00
1777908113,loop27,0.00,0.00,0.000,0.000,0.00
1777908113,loop28,0.00,0.00,0.000,0.000,0.00
1777908113,loop29,0.00,0.00,0.000,0.000,0.00
1777908113,loop3,0.00,0.00,0.000,0.000,0.00
1777908113,loop30,0.00,0.00,0.000,0.000,0.00
1777908113,loop31,0.00,0.00,0.000,0.000,0.00
1777908113,loop32,0.00,0.00,0.000,0.000,0.00
1777908113,loop33,0.00,0.00,0.000,0.000,0.00
1777908113,loop34,0.00,0.00,0.000,0.000,0.00
1777908113,loop35,0.00,0.00,0.000,0.000,0.00
1777908113,loop36,0.00,0.00,0.000,0.000,0.00
1777908113,loop37,0.00,0.00,0.000,0.000,0.00
1777908113,loop38,0.00,0.00,0.000,0.000,0.00
1777908113,loop39,0.00,0.00,0.000,0.000,0.00
1777908113,loop4,0.00,0.00,0.000,0.000,0.00
1777908113,loop40,0.00,0.00,0.000,0.000,0.00
1777908113,loop5,0.00,0.00,0.000,0.000,0.00
1777908113,loop6,0.00,0.00,0.000,0.000,0.00
1777908113,loop7,0.00,0.00,0.000,0.000,0.00
1777908113,loop8,0.00,0.00,0.000,0.000,0.00
1777908113,loop9,0.00,0.00,0.000,0.000,0.00
1777908113,nvme0n1,0.00,0.00,0.000,0.000,0.00
1777908114,loop0,0.00,0.00,0.000,0.000,0.00
1777908114,loop1,0.00,0.00,0.000,0.000,0.00
1777908114,loop10,0.00,0.00,0.000,0.000,0.00
1777908114,loop11,0.00,0.00,0.000,0.000,0.00
1777908114,loop12,0.00,0.00,0.000,0.000,0.00
1777908114,loop13,0.00,0.00,0.000,0.000,0.00
1777908114,loop14,0.00,0.00,0.000,0.000,0.00
1777908114,loop15,0.00,0.00,0.000,0.000,0.00
1777908114,loop16,0.00,0.00,0.000,0.000,0.00
1777908114,loop17,0.00,0.00,0.000,0.000,0.00
1777908114,loop18,0.00,0.00,0.000,0.000,0.00
1777908114,loop19,0.00,0.00,0.000,0.000,0.00
1777908114,loop2,0.00,0.00,0.000,0.000,0.00
1777908114,loop20,0.00,0.00,0.000,0.000,0.00
1777908114,loop21,0.00,0.00,0.000,0.000,0.00
1777908114,loop22,0.00,0.00,0.000,0.000,0.00
1777908114,loop23,0.00,0.00,0.000,0.000,0.00
1777908114,loop24,0.00,0.00,0.000,0.000,0.00
1777908114,loop25,0.00,0.00,0.000,0.000,0.00
1777908114,loop26,0.00,0.00,0.000,0.000,0.00
1777908114,loop27,0.00,0.00,0.000,0.000,0.00
1777908114,loop28,0.00,0.00,0.000,0.000,0.00
1777908114,loop29,0.00,0.00,0.000,0.000,0.00
1777908114,loop3,0.00,0.00,0.000,0.000,0.00
1777908114,loop30,0.00,0.00,0.000,0.000,0.00
1777908114,loop31,0.00,0.00,0.000,0.000,0.00
1777908114,loop32,0.00,0.00,0.000,0.000,0.00
1777908114,loop33,0.00,0.00,0.000,0.000,0.00
1777908114,loop34,0.00,0.00,0.000,0.000,0.00
1777908114,loop35,0.00,0.00,0.000,0.000,0.00
1777908114,loop36,0.00,0.00,0.000,0.000,0.00
1777908114,loop37,0.00,0.00,0.000,0.000,0.00
1777908114,loop38,0.00,0.00,0.000,0.000,0.00
1777908114,loop39,0.00,0.00,0.000,0.000,0.00
1777908114,loop4,0.00,0.00,0.000,0.000,0.00
1777908114,loop40,0.00,0.00,0.000,0.000,0.00
1777908114,loop5,0.00,0.00,0.000,0.000,0.00
1777908114,loop6,0.00,0.00,0.000,0.000,0.00
1777908114,loop7,0.00,0.00,0.000,0.000,0.00
1777908114,loop8,0.00,0.00,0.000,0.000,0.00
1777908114,loop9,0.00,0.00,0.000,0.000,0.00
1777908114,nvme0n1,0.00,0.00,0.000,0.000,0.00
1777908115,loop0,0.00,0.00,0.000,0.000,0.00
1777908115,loop1,0.00,0.00,0.000,0.000,0.00
1777908115,loop10,0.00,0.00,0.000,0.000,0.00
1777908115,loop11,0.00,0.00,0.000,0.000,0.00
1777908115,loop12,0.00,0.00,0.000,0.000,0.00
1777908115,loop13,0.00,0.00,0.000,0.000,0.00
1777908115,loop14,0.00,0.00,0.000,0.000,0.00
1777908115,loop15,0.00,0.00,0.000,0.000,0.00
1777908115,loop16,0.00,0.00,0.000,0.000,0.00
1777908115,loop17,0.00,0.00,0.000,0.000,0.00
1777908115,loop18,0.00,0.00,0.000,0.000,0.00
1777908115,loop19,0.00,0.00,0.000,0.000,0.00
1777908115,loop2,0.00,0.00,0.000,0.000,0.00
1777908115,loop20,0.00,0.00,0.000,0.000,0.00
1777908115,loop21,0.00,0.00,0.000,0.000,0.00
1777908115,loop22,0.00,0.00,0.000,0.000,0.00
1777908115,loop23,0.00,0.00,0.000,0.000,0.00
1777908115,loop24,0.00,0.00,0.000,0.000,0.00
1777908115,loop25,0.00,0.00,0.000,0.000,0.00
1777908115,loop26,0.00,0.00,0.000,0.000,0.00
1777908115,loop27,0.00,0.00,0.000,0.000,0.00
1777908115,loop28,0.00,0.00,0.000,0.000,0.00
1777908115,loop29,0.00,0.00,0.000,0.000,0.00
1777908115,loop3,0.00,0.00,0.000,0.000,0.00
1777908115,loop30,0.00,0.00,0.000,0.000,0.00
1777908115,loop31,0.00,0.00,0.000,0.000,0.00
1777908115,loop32,0.00,0.00,0.000,0.000,0.00
1777908115,loop33,0.00,0.00,0.000,0.000,0.00
1777908115,loop34,0.00,0.00,0.000,0.000,0.00
1777908115,loop35,0.00,0.00,0.000,0.000,0.00
1777908115,loop36,0.00,0.00,0.000,0.000,0.00
1777908115,loop37,0.00,0.00,0.000,0.000,0.00
1777908115,loop38,0.00,0.00,0.000,0.000,0.00
1777908115,loop39,0.00,0.00,0.000,0.000,0.00
1777908115,loop4,0.00,0.00,0.000,0.000,0.00
1777908115,loop40,0.00,0.00,0.000,0.000,0.00
1777908115,loop5,0.00,0.00,0.000,0.000,0.00
1777908115,loop6,0.00,0.00,0.000,0.000,0.00
1777908115,loop7,0.00,0.00,0.000,0.000,0.00
1777908115,loop8,0.00,0.00,0.000,0.000,0.00
1777908115,loop9,0.00,0.00,0.000,0.000,0.00
1777908115,nvme0n1,0.00,0.00,0.000,0.000,0.00
1777908116,loop0,0.00,0.00,0.000,0.000,0.00
1777908116,loop1,0.00,0.00,0.000,0.000,0.00
1777908116,loop10,0.00,0.00,0.000,0.000,0.00
1777908116,loop11,0.00,0.00,0.000,0.000,0.00
1777908116,loop12,0.00,0.00,0.000,0.000,0.00
1777908116,loop13,0.00,0.00,0.000,0.000,0.00
1777908116,loop14,0.00,0.00,0.000,0.000,0.00
1777908116,loop15,0.00,0.00,0.000,0.000,0.00
1777908116,loop16,0.00,0.00,0.000,0.000,0.00
1777908116,loop17,0.00,0.00,0.000,0.000,0.00
1777908116,loop18,0.00,0.00,0.000,0.000,0.00
1777908116,loop19,0.00,0.00,0.000,0.000,0.00
1777908116,loop2,0.00,0.00,0.000,0.000,0.00
1777908116,loop20,0.00,0.00,0.000,0.000,0.00
1777908116,loop21,0.00,0.00,0.000,0.000,0.00
1777908116,loop22,0.00,0.00,0.000,0.000,0.00
1777908116,loop23,0.00,0.00,0.000,0.000,0.00
1777908116,loop24,0.00,0.00,0.000,0.000,0.00
1777908116,loop25,0.00,0.00,0.000,0.000,0.00
1777908116,loop26,0.00,0.00,0.000,0.000,0.00
1777908116,loop27,0.00,0.00,0.000,0.000,0.00
1777908116,loop28,0.00,0.00,0.000,0.000,0.00
1777908116,loop29,0.00,0.00,0.000,0.000,0.00
1777908116,loop3,0.00,0.00,0.000,0.000,0.00
1777908116,loop30,0.00,0.00,0.000,0.000,0.00
1777908116,loop31,0.00,0.00,0.000,0.000,0.00
1777908116,loop32,0.00,0.00,0.000,0.000,0.00
1777908116,loop33,0.00,0.00,0.000,0.000,0.00
1777908116,loop34,0.00,0.00,0.000,0.000,0.00
1777908116,loop35,0.00,0.00,0.000,0.000,0.00
1777908116,loop36,0.00,0.00,0.000,0.000,0.00
1777908116,loop37,0.00,0.00,0.000,0.000,0.00
1777908116,loop38,0.00,0.00,0.000,0.000,0.00
1777908116,loop39,0.00,0.00,0.000,0.000,0.00
1777908116,loop4,0.00,0.00,0.000,0.000,0.00
1777908116,loop40,0.00,0.00,0.000,0.000,0.00
1777908116,loop5,0.00,0.00,0.000,0.000,0.00
1777908116,loop6,0.00,0.00,0.000,0.000,0.00
1777908116,loop7,0.00,0.00,0.000,0.000,0.00
1777908116,loop8,0.00,0.00,0.000,0.000,0.00
1777908116,loop9,0.00,0.00,0.000,0.000,0.00
1777908116,nvme0n1,0.00,0.00,0.000,0.000,5.30
1777908117,loop0,0.00,0.00,0.000,0.000,0.00
1777908117,loop1,0.00,0.00,0.000,0.000,0.00
1777908117,loop10,0.00,0.00,0.000,0.000,0.00
1777908117,loop11,0.00,0.00,0.000,0.000,0.00
1777908117,loop12,0.00,0.00,0.000,0.000,0.00
1777908117,loop13,0.00,0.00,0.000,0.000,0.00
1777908117,loop14,0.00,0.00,0.000,0.000,0.00
1777908117,loop15,0.00,0.00,0.000,0.000,0.00
1777908117,loop16,0.00,0.00,0.000,0.000,0.00
1777908117,loop17,0.00,0.00,0.000,0.000,0.00
1777908117,loop18,0.00,0.00,0.000,0.000,0.00
1777908117,loop19,0.00,0.00,0.000,0.000,0.00
1777908117,loop2,0.00,0.00,0.000,0.000,0.00
1777908117,loop20,0.00,0.00,0.000,0.000,0.00
1777908117,loop21,0.00,0.00,0.000,0.000,0.00
1777908117,loop22,0.00,0.00,0.000,0.000,0.00
1777908117,loop23,0.00,0.00,0.000,0.000,0.00
1777908117,loop24,0.00,0.00,0.000,0.000,0.00
1777908117,loop25,0.00,0.00,0.000,0.000,0.00
1777908117,loop26,0.00,0.00,0.000,0.000,0.00
1777908117,loop27,0.00,0.00,0.000,0.000,0.00
1777908117,loop28,0.00,0.00,0.000,0.000,0.00
1777908117,loop29,0.00,0.00,0.000,0.000,0.00
1777908117,loop3,0.00,0.00,0.000,0.000,0.00
1777908117,loop30,0.00,0.00,0.000,0.000,0.00
1777908117,loop31,0.00,0.00,0.000,0.000,0.00
1777908117,loop32,0.00,0.00,0.000,0.000,0.00
1777908117,loop33,0.00,0.00,0.000,0.000,0.00
1777908117,loop34,0.00,0.00,0.000,0.000,0.00
1777908117,loop35,0.00,0.00,0.000,0.000,0.00
1777908117,loop36,0.00,0.00,0.000,0.000,0.00
1777908117,loop37,0.00,0.00,0.000,0.000,0.00
1777908117,loop38,0.00,0.00,0.000,0.000,0.00
1777908117,loop39,0.00,0.00,0.000,0.000,0.00
1777908117,loop4,0.00,0.00,0.000,0.000,0.00
1777908117,loop40,0.00,0.00,0.000,0.000,0.00
1777908117,loop5,0.00,0.00,0.000,0.000,0.00
1777908117,loop6,0.00,0.00,0.000,0.000,0.00
1777908117,loop7,0.00,0.00,0.000,0.000,0.00
1777908117,loop8,0.00,0.00,0.000,0.000,0.00
1777908117,loop9,0.00,0.00,0.000,0.000,0.00
1777908117,nvme0n1,0.00,0.00,0.000,0.000,0.60
1777908118,loop0,0.00,0.00,0.000,0.000,0.00
1777908118,loop1,0.00,0.00,0.000,0.000,0.00
1777908118,loop10,0.00,0.00,0.000,0.000,0.00
1777908118,loop11,0.00,0.00,0.000,0.000,0.00
1777908118,loop12,0.00,0.00,0.000,0.000,0.00
1777908118,loop13,0.00,0.00,0.000,0.000,0.00
1777908118,loop14,0.00,0.00,0.000,0.000,0.00
1777908118,loop15,0.00,0.00,0.000,0.000,0.00
1777908118,loop16,0.00,0.00,0.000,0.000,0.00
1777908118,loop17,0.00,0.00,0.000,0.000,0.00
1777908118,loop18,0.00,0.00,0.000,0.000,0.00
1777908118,loop19,0.00,0.00,0.000,0.000,0.00
1777908118,loop2,0.00,0.00,0.000,0.000,0.00
1777908118,loop20,0.00,0.00,0.000,0.000,0.00
1777908118,loop21,0.00,0.00,0.000,0.000,0.00
1777908118,loop22,0.00,0.00,0.000,0.000,0.00
1777908118,loop23,0.00,0.00,0.000,0.000,0.00
1777908118,loop24,0.00,0.00,0.000,0.000,0.00
1777908118,loop25,0.00,0.00,0.000,0.000,0.00
1777908118,loop26,0.00,0.00,0.000,0.000,0.00
1777908118,loop27,0.00,0.00,0.000,0.000,0.00
1777908118,loop28,0.00,0.00,0.000,0.000,0.00
1777908118,loop29,0.00,0.00,0.000,0.000,0.00
1777908118,loop3,0.00,0.00,0.000,0.000,0.00
1777908118,loop30,0.00,0.00,0.000,0.000,0.00
1777908118,loop31,0.00,0.00,0.000,0.000,0.00
1777908118,loop32,0.00,0.00,0.000,0.000,0.00
1777908118,loop33,0.00,0.00,0.000,0.000,0.00
1777908118,loop34,0.00,0.00,0.000,0.000,0.00
1777908118,loop35,0.00,0.00,0.000,0.000,0.00
1777908118,loop36,0.00,0.00,0.000,0.000,0.00
1777908118,loop37,0.00,0.00,0.000,0.000,0.00
1777908118,loop38,0.00,0.00,0.000,0.000,0.00
1777908118,loop39,0.00,0.00,0.000,0.000,0.00
1777908118,loop4,0.00,0.00,0.000,0.000,0.00
1777908118,loop40,0.00,0.00,0.000,0.000,0.00
1777908118,loop5,0.00,0.00,0.000,0.000,0.00
1777908118,loop6,0.00,0.00,0.000,0.000,0.00
1777908118,loop7,0.00,0.00,0.000,0.000,0.00
1777908118,loop8,0.00,0.00,0.000,0.000,0.00
1777908118,loop9,0.00,0.00,0.000,0.000,0.00
1777908118,nvme0n1,0.00,0.00,0.000,0.000,0.00
1777908119,loop0,0.00,0.00,0.000,0.000,0.00
1777908119,loop1,0.00,0.00,0.000,0.000,0.00
1777908119,loop10,0.00,0.00,0.000,0.000,0.00
1777908119,loop11,0.00,0.00,0.000,0.000,0.00
1777908119,loop12,0.00,0.00,0.000,0.000,0.00
1777908119,loop13,0.00,0.00,0.000,0.000,0.00
1777908119,loop14,0.00,0.00,0.000,0.000,0.00
1777908119,loop15,0.00,0.00,0.000,0.000,0.00
1777908119,loop16,0.00,0.00,0.000,0.000,0.00
1777908119,loop17,0.00,0.00,0.000,0.000,0.00
1777908119,loop18,0.00,0.00,0.000,0.000,0.00
1777908119,loop19,0.00,0.00,0.000,0.000,0.00
1777908119,loop2,0.00,0.00,0.000,0.000,0.00
1777908119,loop20,0.00,0.00,0.000,0.000,0.00
1777908119,loop21,0.00,0.00,0.000,0.000,0.00
1777908119,loop22,0.00,0.00,0.000,0.000,0.00
1777908119,loop23,0.00,0.00,0.000,0.000,0.00
1777908119,loop24,0.00,0.00,0.000,0.000,0.00
1777908119,loop25,0.00,0.00,0.000,0.000,0.00
1777908119,loop26,0.00,0.00,0.000,0.000,0.00
1777908119,loop27,0.00,0.00,0.000,0.000,0.00
1777908119,loop28,0.00,0.00,0.000,0.000,0.00
1777908119,loop29,0.00,0.00,0.000,0.000,0.00
1777908119,loop3,0.00,0.00,0.000,0.000,0.00
1777908119,loop30,0.00,0.00,0.000,0.000,0.00
1777908119,loop31,0.00,0.00,0.000,0.000,0.00
1777908119,loop32,0.00,0.00,0.000,0.000,0.00
1777908119,loop33,0.00,0.00,0.000,0.000,0.00
1777908119,loop34,0.00,0.00,0.000,0.000,0.00
1777908119,loop35,0.00,0.00,0.000,0.000,0.00
1777908119,loop36,0.00,0.00,0.000,0.000,0.00
1777908119,loop37,0.00,0.00,0.000,0.000,0.00
1777908119,loop38,0.00,0.00,0.000,0.000,0.00
1777908119,loop39,0.00,0.00,0.000,0.000,0.00
1777908119,loop4,0.00,0.00,0.000,0.000,0.00
1777908119,loop40,0.00,0.00,0.000,0.000,0.00
1777908119,loop5,0.00,0.00,0.000,0.000,0.00
1777908119,loop6,0.00,0.00,0.000,0.000,0.00
1777908119,loop7,0.00,0.00,0.000,0.000,0.00
1777908119,loop8,0.00,0.00,0.000,0.000,0.00
1777908119,loop9,0.00,0.00,0.000,0.000,0.00
1777908119,nvme0n1,0.00,0.00,0.000,0.000,0.00
1777908120,loop0,0.00,0.00,0.000,0.000,0.00
1777908120,loop1,0.00,0.00,0.000,0.000,0.00
1777908120,loop10,0.00,0.00,0.000,0.000,0.00
1777908120,loop11,0.00,0.00,0.000,0.000,0.00
1777908120,loop12,0.00,0.00,0.000,0.000,0.00
1777908120,loop13,0.00,0.00,0.000,0.000,0.00
1777908120,loop14,0.00,0.00,0.000,0.000,0.00
1777908120,loop15,0.00,0.00,0.000,0.000,0.00
1777908120,loop16,0.00,0.00,0.000,0.000,0.00
1777908120,loop17,0.00,0.00,0.000,0.000,0.00
1777908120,loop18,0.00,0.00,0.000,0.000,0.00
1777908120,loop19,0.00,0.00,0.000,0.000,0.00
1777908120,loop2,0.00,0.00,0.000,0.000,0.00
1777908120,loop20,0.00,0.00,0.000,0.000,0.00
1777908120,loop21,0.00,0.00,0.000,0.000,0.00
1777908120,loop22,0.00,0.00,0.000,0.000,0.00
1777908120,loop23,0.00,0.00,0.000,0.000,0.00
1777908120,loop24,0.00,0.00,0.000,0.000,0.00
1777908120,loop25,0.00,0.00,0.000,0.000,0.00
1777908120,loop26,0.00,0.00,0.000,0.000,0.00
1777908120,loop27,0.00,0.00,0.000,0.000,0.00
1777908120,loop28,0.00,0.00,0.000,0.000,0.00
1777908120,loop29,0.00,0.00,0.000,0.000,0.00
1777908120,loop3,0.00,0.00,0.000,0.000,0.00
1777908120,loop30,0.00,0.00,0.000,0.000,0.00
1777908120,loop31,0.00,0.00,0.000,0.000,0.00
1777908120,loop32,0.00,0.00,0.000,0.000,0.00
1777908120,loop33,0.00,0.00,0.000,0.000,0.00
1777908120,loop34,0.00,0.00,0.000,0.000,0.00
1777908120,loop35,0.00,0.00,0.000,0.000,0.00
1777908120,loop36,0.00,0.00,0.000,0.000,0.00
1777908120,loop37,0.00,0.00,0.000,0.000,0.00
1777908120,loop38,0.00,0.00,0.000,0.000,0.00
1777908120,loop39,0.00,0.00,0.000,0.000,0.00
1777908120,loop4,0.00,0.00,0.000,0.000,0.00
1777908120,loop40,0.00,0.00,0.000,0.000,0.00
1777908120,loop5,0.00,0.00,0.000,0.000,0.00
1777908120,loop6,0.00,0.00,0.000,0.000,0.00
1777908120,loop7,0.00,0.00,0.000,0.000,0.00
1777908120,loop8,0.00,0.00,0.000,0.000,0.00
1777908120,loop9,0.00,0.00,0.000,0.000,0.00
1777908120,nvme0n1,0.00,0.00,0.000,0.000,0.00
1777908121,loop0,0.00,0.00,0.000,0.000,0.00
1777908121,loop1,0.00,0.00,0.000,0.000,0.00
1777908121,loop10,0.00,0.00,0.000,0.000,0.00
1777908121,loop11,0.00,0.00,0.000,0.000,0.00
1777908121,loop12,0.00,0.00,0.000,0.000,0.00
1777908121,loop13,0.00,0.00,0.000,0.000,0.00
1777908121,loop14,0.00,0.00,0.000,0.000,0.00
1777908121,loop15,0.00,0.00,0.000,0.000,0.00
1777908121,loop16,0.00,0.00,0.000,0.000,0.00
1777908121,loop17,0.00,0.00,0.000,0.000,0.00
1777908121,loop18,0.00,0.00,0.000,0.000,0.00
1777908121,loop19,0.00,0.00,0.000,0.000,0.00
1777908121,loop2,0.00,0.00,0.000,0.000,0.00
1777908121,loop20,0.00,0.00,0.000,0.000,0.00
1777908121,loop21,0.00,0.00,0.000,0.000,0.00
1777908121,loop22,0.00,0.00,0.000,0.000,0.00
1777908121,loop23,0.00,0.00,0.000,0.000,0.00
1777908121,loop24,0.00,0.00,0.000,0.000,0.00
1777908121,loop25,0.00,0.00,0.000,0.000,0.00
1777908121,loop26,0.00,0.00,0.000,0.000,0.00
1777908121,loop27,0.00,0.00,0.000,0.000,0.00
1777908121,loop28,0.00,0.00,0.000,0.000,0.00
1777908121,loop29,0.00,0.00,0.000,0.000,0.00
1777908121,loop3,0.00,0.00,0.000,0.000,0.00
1777908121,loop30,0.00,0.00,0.000,0.000,0.00
1777908121,loop31,0.00,0.00,0.000,0.000,0.00
1777908121,loop32,0.00,0.00,0.000,0.000,0.00
1777908121,loop33,0.00,0.00,0.000,0.000,0.00
1777908121,loop34,0.00,0.00,0.000,0.000,0.00
1777908121,loop35,0.00,0.00,0.000,0.000,0.00
1777908121,loop36,0.00,0.00,0.000,0.000,0.00
1777908121,loop37,0.00,0.00,0.000,0.000,0.00
1777908121,loop38,0.00,0.00,0.000,0.000,0.00
1777908121,loop39,0.00,0.00,0.000,0.000,0.00
1777908121,loop4,0.00,0.00,0.000,0.000,0.00
1777908121,loop40,0.00,0.00,0.000,0.000,0.00
1777908121,loop5,0.00,0.00,0.000,0.000,0.00
1777908121,loop6,0.00,0.00,0.000,0.000,0.00
1777908121,loop7,0.00,0.00,0.000,0.000,0.00
1777908121,loop8,0.00,0.00,0.000,0.000,0.00
1777908121,loop9,0.00,0.00,0.000,0.000,0.00
1777908121,nvme0n1,0.00,0.00,0.000,0.000,0.00
1777908122,loop0,0.00,0.00,0.000,0.000,0.00
1777908122,loop1,0.00,0.00,0.000,0.000,0.00
1777908122,loop10,0.00,0.00,0.000,0.000,0.00
1777908122,loop11,0.00,0.00,0.000,0.000,0.00
1777908122,loop12,0.00,0.00,0.000,0.000,0.00
1777908122,loop13,0.00,0.00,0.000,0.000,0.00
1777908122,loop14,0.00,0.00,0.000,0.000,0.00
1777908122,loop15,0.00,0.00,0.000,0.000,0.00
1777908122,loop16,0.00,0.00,0.000,0.000,0.00
1777908122,loop17,0.00,0.00,0.000,0.000,0.00
1777908122,loop18,0.00,0.00,0.000,0.000,0.00
1777908122,loop19,0.00,0.00,0.000,0.000,0.00
1777908122,loop2,0.00,0.00,0.000,0.000,0.00
1777908122,loop20,0.00,0.00,0.000,0.000,0.00
1777908122,loop21,0.00,0.00,0.000,0.000,0.00
1777908122,loop22,0.00,0.00,0.000,0.000,0.00
1777908122,loop23,0.00,0.00,0.000,0.000,0.00
1777908122,loop24,0.00,0.00,0.000,0.000,0.00
1777908122,loop25,0.00,0.00,0.000,0.000,0.00
1777908122,loop26,0.00,0.00,0.000,0.000,0.00
1777908122,loop27,0.00,0.00,0.000,0.000,0.00
1777908122,loop28,0.00,0.00,0.000,0.000,0.00
1777908122,loop29,0.00,0.00,0.000,0.000,0.00
1777908122,loop3,0.00,0.00,0.000,0.000,0.00
1777908122,loop30,0.00,0.00,0.000,0.000,0.00
1777908122,loop31,0.00,0.00,0.000,0.000,0.00
1777908122,loop32,0.00,0.00,0.000,0.000,0.00
1777908122,loop33,0.00,0.00,0.000,0.000,0.00
1777908122,loop34,0.00,0.00,0.000,0.000,0.00
1777908122,loop35,0.00,0.00,0.000,0.000,0.00
1777908122,loop36,0.00,0.00,0.000,0.000,0.00
1777908122,loop37,0.00,0.00,0.000,0.000,0.00
1777908122,loop38,0.00,0.00,0.000,0.000,0.00
1777908122,loop39,0.00,0.00,0.000,0.000,0.00
1777908122,loop4,0.00,0.00,0.000,0.000,0.00
1777908122,loop40,0.00,0.00,0.000,0.000,0.00
1777908122,loop5,0.00,0.00,0.000,0.000,0.00
1777908122,loop6,0.00,0.00,0.000,0.000,0.00
1777908122,loop7,0.00,0.00,0.000,0.000,0.00
1777908122,loop8,0.00,0.00,0.000,0.000,0.00
1777908122,loop9,0.00,0.00,0.000,0.000,0.00
1777908122,nvme0n1,1.00,4.00,0.000,0.000,3.10
1777908123,loop0,0.00,0.00,0.000,0.000,0.00
1777908123,loop1,0.00,0.00,0.000,0.000,0.00
1777908123,loop10,0.00,0.00,0.000,0.000,0.00
1777908123,loop11,0.00,0.00,0.000,0.000,0.00
1777908123,loop12,0.00,0.00,0.000,0.000,0.00
1777908123,loop13,0.00,0.00,0.000,0.000,0.00
1777908123,loop14,0.00,0.00,0.000,0.000,0.00
1777908123,loop15,0.00,0.00,0.000,0.000,0.00
1777908123,loop16,0.00,0.00,0.000,0.000,0.00
1777908123,loop17,0.00,0.00,0.000,0.000,0.00
1777908123,loop18,0.00,0.00,0.000,0.000,0.00
1777908123,loop19,0.00,0.00,0.000,0.000,0.00
1777908123,loop2,0.00,0.00,0.000,0.000,0.00
1777908123,loop20,0.00,0.00,0.000,0.000,0.00
1777908123,loop21,0.00,0.00,0.000,0.000,0.00
1777908123,loop22,0.00,0.00,0.000,0.000,0.00
1777908123,loop23,0.00,0.00,0.000,0.000,0.00
1777908123,loop24,0.00,0.00,0.000,0.000,0.00
1777908123,loop25,0.00,0.00,0.000,0.000,0.00
1777908123,loop26,0.00,0.00,0.000,0.000,0.00
1777908123,loop27,0.00,0.00,0.000,0.000,0.00
1777908123,loop28,0.00,0.00,0.000,0.000,0.00
1777908123,loop29,0.00,0.00,0.000,0.000,0.00
1777908123,loop3,0.00,0.00,0.000,0.000,0.00
1777908123,loop30,0.00,0.00,0.000,0.000,0.00
1777908123,loop31,0.00,0.00,0.000,0.000,0.00
1777908123,loop32,0.00,0.00,0.000,0.000,0.00
1777908123,loop33,0.00,0.00,0.000,0.000,0.00
1777908123,loop34,0.00,0.00,0.000,0.000,0.00
1777908123,loop35,0.00,0.00,0.000,0.000,0.00
1777908123,loop36,0.00,0.00,0.000,0.000,0.00
1777908123,loop37,0.00,0.00,0.000,0.000,0.00
1777908123,loop38,0.00,0.00,0.000,0.000,0.00
1777908123,loop39,0.00,0.00,0.000,0.000,0.00
1777908123,loop4,0.00,0.00,0.000,0.000,0.00
1777908123,loop40,0.00,0.00,0.000,0.000,0.00
1777908123,loop5,0.00,0.00,0.000,0.000,0.00
1777908123,loop6,0.00,0.00,0.000,0.000,0.00
1777908123,loop7,0.00,0.00,0.000,0.000,0.00
1777908123,loop8,0.00,0.00,0.000,0.000,0.00
1777908123,loop9,0.00,0.00,0.000,0.000,0.00
1777908123,nvme0n1,0.00,0.00,0.000,0.000,0.00
1777908124,loop0,0.00,0.00,0.000,0.000,0.00
1777908124,loop1,0.00,0.00,0.000,0.000,0.00
1777908124,loop10,0.00,0.00,0.000,0.000,0.00
1777908124,loop11,0.00,0.00,0.000,0.000,0.00
1777908124,loop12,0.00,0.00,0.000,0.000,0.00
1777908124,loop13,0.00,0.00,0.000,0.000,0.00
1777908124,loop14,0.00,0.00,0.000,0.000,0.00
1777908124,loop15,0.00,0.00,0.000,0.000,0.00
1777908124,loop16,0.00,0.00,0.000,0.000,0.00
1777908124,loop17,0.00,0.00,0.000,0.000,0.00
1777908124,loop18,0.00,0.00,0.000,0.000,0.00
1777908124,loop19,0.00,0.00,0.000,0.000,0.00
1777908124,loop2,0.00,0.00,0.000,0.000,0.00
1777908124,loop20,0.00,0.00,0.000,0.000,0.00
1777908124,loop21,0.00,0.00,0.000,0.000,0.00
1777908124,loop22,0.00,0.00,0.000,0.000,0.00
1777908124,loop23,0.00,0.00,0.000,0.000,0.00
1777908124,loop24,0.00,0.00,0.000,0.000,0.00
1777908124,loop25,0.00,0.00,0.000,0.000,0.00
1777908124,loop26,0.00,0.00,0.000,0.000,0.00
1777908124,loop27,0.00,0.00,0.000,0.000,0.00
1777908124,loop28,0.00,0.00,0.000,0.000,0.00
1777908124,loop29,0.00,0.00,0.000,0.000,0.00
1777908124,loop3,0.00,0.00,0.000,0.000,0.00
1777908124,loop30,0.00,0.00,0.000,0.000,0.00
1777908124,loop31,0.00,0.00,0.000,0.000,0.00
1777908124,loop32,0.00,0.00,0.000,0.000,0.00
1777908124,loop33,0.00,0.00,0.000,0.000,0.00
1777908124,loop34,0.00,0.00,0.000,0.000,0.00
1777908124,loop35,0.00,0.00,0.000,0.000,0.00
1777908124,loop36,0.00,0.00,0.000,0.000,0.00
1777908124,loop37,0.00,0.00,0.000,0.000,0.00
1777908124,loop38,0.00,0.00,0.000,0.000,0.00
1777908124,loop39,0.00,0.00,0.000,0.000,0.00
1777908124,loop4,0.00,0.00,0.000,0.000,0.00
1777908124,loop40,0.00,0.00,0.000,0.000,0.00
1777908124,loop5,0.00,0.00,0.000,0.000,0.00
1777908124,loop6,0.00,0.00,0.000,0.000,0.00
1777908124,loop7,0.00,0.00,0.000,0.000,0.00
1777908124,loop8,0.00,0.00,0.000,0.000,0.00
1777908124,loop9,0.00,0.00,0.000,0.000,0.00
1777908124,nvme0n1,0.00,0.00,0.000,0.000,0.00
1777908125,loop0,0.00,0.00,0.000,0.000,0.00
1777908125,loop1,0.00,0.00,0.000,0.000,0.00
1777908125,loop10,0.00,0.00,0.000,0.000,0.00
1777908125,loop11,0.00,0.00,0.000,0.000,0.00
1777908125,loop12,0.00,0.00,0.000,0.000,0.00
1777908125,loop13,0.00,0.00,0.000,0.000,0.00
1777908125,loop14,0.00,0.00,0.000,0.000,0.00
1777908125,loop15,0.00,0.00,0.000,0.000,0.00
1777908125,loop16,0.00,0.00,0.000,0.000,0.00
1777908125,loop17,0.00,0.00,0.000,0.000,0.00
1777908125,loop18,0.00,0.00,0.000,0.000,0.00
1777908125,loop19,0.00,0.00,0.000,0.000,0.00
1777908125,loop2,0.00,0.00,0.000,0.000,0.00
1777908125,loop20,0.00,0.00,0.000,0.000,0.00
1777908125,loop21,0.00,0.00,0.000,0.000,0.00
1777908125,loop22,0.00,0.00,0.000,0.000,0.00
1777908125,loop23,0.00,0.00,0.000,0.000,0.00
1777908125,loop24,0.00,0.00,0.000,0.000,0.00
1777908125,loop25,0.00,0.00,0.000,0.000,0.00
1777908125,loop26,0.00,0.00,0.000,0.000,0.00
1777908125,loop27,0.00,0.00,0.000,0.000,0.00
1777908125,loop28,0.00,0.00,0.000,0.000,0.00
1777908125,loop29,0.00,0.00,0.000,0.000,0.00
1777908125,loop3,0.00,0.00,0.000,0.000,0.00
1777908125,loop30,0.00,0.00,0.000,0.000,0.00
1777908125,loop31,0.00,0.00,0.000,0.000,0.00
1777908125,loop32,0.00,0.00,0.000,0.000,0.00
1777908125,loop33,0.00,0.00,0.000,0.000,0.00
1777908125,loop34,0.00,0.00,0.000,0.000,0.00
1777908125,loop35,0.00,0.00,0.000,0.000,0.00
1777908125,loop36,0.00,0.00,0.000,0.000,0.00
1777908125,loop37,0.00,0.00,0.000,0.000,0.00
1777908125,loop38,0.00,0.00,0.000,0.000,0.00
1777908125,loop39,0.00,0.00,0.000,0.000,0.00
1777908125,loop4,0.00,0.00,0.000,0.000,0.00
1777908125,loop40,0.00,0.00,0.000,0.000,0.00
1777908125,loop5,0.00,0.00,0.000,0.000,0.00
1777908125,loop6,0.00,0.00,0.000,0.000,0.00
1777908125,loop7,0.00,0.00,0.000,0.000,0.00
1777908125,loop8,0.00,0.00,0.000,0.000,0.00
1777908125,loop9,0.00,0.00,0.000,0.000,0.00
1777908125,nvme0n1,0.00,0.00,0.000,0.000,0.00
1777908126,loop0,0.00,0.00,0.000,0.000,0.00
1777908126,loop1,0.00,0.00,0.000,0.000,0.00
1777908126,loop10,0.00,0.00,0.000,0.000,0.00
1777908126,loop11,0.00,0.00,0.000,0.000,0.00
1777908126,loop12,0.00,0.00,0.000,0.000,0.00
1777908126,loop13,0.00,0.00,0.000,0.000,0.00
1777908126,loop14,0.00,0.00,0.000,0.000,0.00
1777908126,loop15,0.00,0.00,0.000,0.000,0.00
1777908126,loop16,0.00,0.00,0.000,0.000,0.00
1777908126,loop17,0.00,0.00,0.000,0.000,0.00
1777908126,loop18,0.00,0.00,0.000,0.000,0.00
1777908126,loop19,0.00,0.00,0.000,0.000,0.00
1777908126,loop2,0.00,0.00,0.000,0.000,0.00
1777908126,loop20,0.00,0.00,0.000,0.000,0.00
1777908126,loop21,0.00,0.00,0.000,0.000,0.00
1777908126,loop22,0.00,0.00,0.000,0.000,0.00
1777908126,loop23,0.00,0.00,0.000,0.000,0.00
1777908126,loop24,0.00,0.00,0.000,0.000,0.00
1777908126,loop25,0.00,0.00,0.000,0.000,0.00
1777908126,loop26,0.00,0.00,0.000,0.000,0.00
1777908126,loop27,0.00,0.00,0.000,0.000,0.00
1777908126,loop28,0.00,0.00,0.000,0.000,0.00
1777908126,loop29,0.00,0.00,0.000,0.000,0.00
1777908126,loop3,0.00,0.00,0.000,0.000,0.00
1777908126,loop30,0.00,0.00,0.000,0.000,0.00
1777908126,loop31,0.00,0.00,0.000,0.000,0.00
1777908126,loop32,0.00,0.00,0.000,0.000,0.00
1777908126,loop33,0.00,0.00,0.000,0.000,0.00
1777908126,loop34,0.00,0.00,0.000,0.000,0.00
1777908126,loop35,0.00,0.00,0.000,0.000,0.00
1777908126,loop36,0.00,0.00,0.000,0.000,0.00
1777908126,loop37,0.00,0.00,0.000,0.000,0.00
1777908126,loop38,0.00,0.00,0.000,0.000,0.00
1777908126,loop39,0.00,0.00,0.000,0.000,0.00
1777908126,loop4,0.00,0.00,0.000,0.000,0.00
1777908126,loop40,0.00,0.00,0.000,0.000,0.00
1777908126,loop5,0.00,0.00,0.000,0.000,0.00
1777908126,loop6,0.00,0.00,0.000,0.000,0.00
1777908126,loop7,0.00,0.00,0.000,0.000,0.00
1777908126,loop8,0.00,0.00,0.000,0.000,0.00
1777908126,loop9,0.00,0.00,0.000,0.000,0.00
1777908126,nvme0n1,0.00,0.00,0.000,0.000,0.00
1777908127,loop0,0.00,0.00,0.000,0.000,0.00
1777908127,loop1,0.00,0.00,0.000,0.000,0.00
1777908127,loop10,0.00,0.00,0.000,0.000,0.00
1777908127,loop11,0.00,0.00,0.000,0.000,0.00
1777908127,loop12,0.00,0.00,0.000,0.000,0.00
1777908127,loop13,0.00,0.00,0.000,0.000,0.00
1777908127,loop14,0.00,0.00,0.000,0.000,0.00
1777908127,loop15,0.00,0.00,0.000,0.000,0.00
1777908127,loop16,0.00,0.00,0.000,0.000,0.00
1777908127,loop17,0.00,0.00,0.000,0.000,0.00
1777908127,loop18,0.00,0.00,0.000,0.000,0.00
1777908127,loop19,0.00,0.00,0.000,0.000,0.00
1777908127,loop2,0.00,0.00,0.000,0.000,0.00
1777908127,loop20,0.00,0.00,0.000,0.000,0.00
1777908127,loop21,0.00,0.00,0.000,0.000,0.00
1777908127,loop22,0.00,0.00,0.000,0.000,0.00
1777908127,loop23,0.00,0.00,0.000,0.000,0.00
1777908127,loop24,0.00,0.00,0.000,0.000,0.00
1777908127,loop25,0.00,0.00,0.000,0.000,0.00
1777908127,loop26,0.00,0.00,0.000,0.000,0.00
1777908127,loop27,0.00,0.00,0.000,0.000,0.00
1777908127,loop28,0.00,0.00,0.000,0.000,0.00
1777908127,loop29,0.00,0.00,0.000,0.000,0.00
1777908127,loop3,0.00,0.00,0.000,0.000,0.00
1777908127,loop30,0.00,0.00,0.000,0.000,0.00
1777908127,loop31,0.00,0.00,0.000,0.000,0.00
1777908127,loop32,0.00,0.00,0.000,0.000,0.00
1777908127,loop33,0.00,0.00,0.000,0.000,0.00
1777908127,loop34,0.00,0.00,0.000,0.000,0.00
1777908127,loop35,0.00,0.00,0.000,0.000,0.00
1777908127,loop36,0.00,0.00,0.000,0.000,0.00
1777908127,loop37,0.00,0.00,0.000,0.000,0.00
1777908127,loop38,0.00,0.00,0.000,0.000,0.00
1777908127,loop39,0.00,0.00,0.000,0.000,0.00
1777908127,loop4,0.00,0.00,0.000,0.000,0.00
1777908127,loop40,0.00,0.00,0.000,0.000,0.00
1777908127,loop5,0.00,0.00,0.000,0.000,0.00
1777908127,loop6,0.00,0.00,0.000,0.000,0.00
1777908127,loop7,0.00,0.00,0.000,0.000,0.00
1777908127,loop8,0.00,0.00,0.000,0.000,0.00
1777908127,loop9,0.00,0.00,0.000,0.000,0.00
1777908127,nvme0n1,0.00,0.00,0.000,0.000,2.70
1777908128,loop0,0.00,0.00,0.000,0.000,0.00
1777908128,loop1,0.00,0.00,0.000,0.000,0.00
1777908128,loop10,0.00,0.00,0.000,0.000,0.00
1777908128,loop11,0.00,0.00,0.000,0.000,0.00
1777908128,loop12,0.00,0.00,0.000,0.000,0.00
1777908128,loop13,0.00,0.00,0.000,0.000,0.00
1777908128,loop14,0.00,0.00,0.000,0.000,0.00
1777908128,loop15,0.00,0.00,0.000,0.000,0.00
1777908128,loop16,0.00,0.00,0.000,0.000,0.00
1777908128,loop17,0.00,0.00,0.000,0.000,0.00
1777908128,loop18,0.00,0.00,0.000,0.000,0.00
1777908128,loop19,0.00,0.00,0.000,0.000,0.00
1777908128,loop2,0.00,0.00,0.000,0.000,0.00
1777908128,loop20,0.00,0.00,0.000,0.000,0.00
1777908128,loop21,0.00,0.00,0.000,0.000,0.00
1777908128,loop22,0.00,0.00,0.000,0.000,0.00
1777908128,loop23,0.00,0.00,0.000,0.000,0.00
1777908128,loop24,0.00,0.00,0.000,0.000,0.00
1777908128,loop25,0.00,0.00,0.000,0.000,0.00
1777908128,loop26,0.00,0.00,0.000,0.000,0.00
1777908128,loop27,0.00,0.00,0.000,0.000,0.00
1777908128,loop28,0.00,0.00,0.000,0.000,0.00
1777908128,loop29,0.00,0.00,0.000,0.000,0.00
1777908128,loop3,0.00,0.00,0.000,0.000,0.00
1777908128,loop30,0.00,0.00,0.000,0.000,0.00
1777908128,loop31,0.00,0.00,0.000,0.000,0.00
1777908128,loop32,0.00,0.00,0.000,0.000,0.00
1777908128,loop33,0.00,0.00,0.000,0.000,0.00
1777908128,loop34,0.00,0.00,0.000,0.000,0.00
1777908128,loop35,0.00,0.00,0.000,0.000,0.00
1777908128,loop36,0.00,0.00,0.000,0.000,0.00
1777908128,loop37,0.00,0.00,0.000,0.000,0.00
1777908128,loop38,0.00,0.00,0.000,0.000,0.00
1777908128,loop39,0.00,0.00,0.000,0.000,0.00
1777908128,loop4,0.00,0.00,0.000,0.000,0.00
1777908128,loop40,0.00,0.00,0.000,0.000,0.00
1777908128,loop5,0.00,0.00,0.000,0.000,0.00
1777908128,loop6,0.00,0.00,0.000,0.000,0.00
1777908128,loop7,0.00,0.00,0.000,0.000,0.00
1777908128,loop8,0.00,0.00,0.000,0.000,0.00
1777908128,loop9,0.00,0.00,0.000,0.000,0.00
1777908128,nvme0n1,0.00,0.00,0.000,0.000,0.00
1777908129,loop0,0.00,0.00,0.000,0.000,0.00
1777908129,loop1,0.00,0.00,0.000,0.000,0.00
1777908129,loop10,0.00,0.00,0.000,0.000,0.00
1777908129,loop11,0.00,0.00,0.000,0.000,0.00
1777908129,loop12,0.00,0.00,0.000,0.000,0.00
1777908129,loop13,0.00,0.00,0.000,0.000,0.00
1777908129,loop14,0.00,0.00,0.000,0.000,0.00
1777908129,loop15,0.00,0.00,0.000,0.000,0.00
1777908129,loop16,0.00,0.00,0.000,0.000,0.00
1777908129,loop17,0.00,0.00,0.000,0.000,0.00
1777908129,loop18,0.00,0.00,0.000,0.000,0.00
1777908129,loop19,0.00,0.00,0.000,0.000,0.00
1777908129,loop2,0.00,0.00,0.000,0.000,0.00
1777908129,loop20,0.00,0.00,0.000,0.000,0.00
1777908129,loop21,0.00,0.00,0.000,0.000,0.00
1777908129,loop22,0.00,0.00,0.000,0.000,0.00
1777908129,loop23,0.00,0.00,0.000,0.000,0.00
1777908129,loop24,0.00,0.00,0.000,0.000,0.00
1777908129,loop25,0.00,0.00,0.000,0.000,0.00
1777908129,loop26,0.00,0.00,0.000,0.000,0.00
1777908129,loop27,0.00,0.00,0.000,0.000,0.00
1777908129,loop28,0.00,0.00,0.000,0.000,0.00
1777908129,loop29,0.00,0.00,0.000,0.000,0.00
1777908129,loop3,0.00,0.00,0.000,0.000,0.00
1777908129,loop30,0.00,0.00,0.000,0.000,0.00
1777908129,loop31,0.00,0.00,0.000,0.000,0.00
1777908129,loop32,0.00,0.00,0.000,0.000,0.00
1777908129,loop33,0.00,0.00,0.000,0.000,0.00
1777908129,loop34,0.00,0.00,0.000,0.000,0.00
1777908129,loop35,0.00,0.00,0.000,0.000,0.00
1777908129,loop36,0.00,0.00,0.000,0.000,0.00
1777908129,loop37,0.00,0.00,0.000,0.000,0.00
1777908129,loop38,0.00,0.00,0.000,0.000,0.00
1777908129,loop39,0.00,0.00,0.000,0.000,0.00
1777908129,loop4,0.00,0.00,0.000,0.000,0.00
1777908129,loop40,0.00,0.00,0.000,0.000,0.00
1777908129,loop5,0.00,0.00,0.000,0.000,0.00
1777908129,loop6,0.00,0.00,0.000,0.000,0.00
1777908129,loop7,0.00,0.00,0.000,0.000,0.00
1777908129,loop8,0.00,0.00,0.000,0.000,0.00
1777908129,loop9,0.00,0.00,0.000,0.000,0.00
1777908129,nvme0n1,0.00,0.00,0.000,0.000,0.00
1777908130,loop0,0.00,0.00,0.000,0.000,0.00
1777908130,loop1,0.00,0.00,0.000,0.000,0.00
1777908130,loop10,0.00,0.00,0.000,0.000,0.00
1777908130,loop11,0.00,0.00,0.000,0.000,0.00
1777908130,loop12,0.00,0.00,0.000,0.000,0.00
1777908130,loop13,0.00,0.00,0.000,0.000,0.00
1777908130,loop14,0.00,0.00,0.000,0.000,0.00
1777908130,loop15,0.00,0.00,0.000,0.000,0.00
1777908130,loop16,0.00,0.00,0.000,0.000,0.00
1777908130,loop17,0.00,0.00,0.000,0.000,0.00
1777908130,loop18,0.00,0.00,0.000,0.000,0.00
1777908130,loop19,0.00,0.00,0.000,0.000,0.00
1777908130,loop2,0.00,0.00,0.000,0.000,0.00
1777908130,loop20,0.00,0.00,0.000,0.000,0.00
1777908130,loop21,0.00,0.00,0.000,0.000,0.00
1777908130,loop22,0.00,0.00,0.000,0.000,0.00
1777908130,loop23,0.00,0.00,0.000,0.000,0.00
1777908130,loop24,0.00,0.00,0.000,0.000,0.00
1777908130,loop25,0.00,0.00,0.000,0.000,0.00
1777908130,loop26,0.00,0.00,0.000,0.000,0.00
1777908130,loop27,0.00,0.00,0.000,0.000,0.00
1777908130,loop28,0.00,0.00,0.000,0.000,0.00
1777908130,loop29,0.00,0.00,0.000,0.000,0.00
1777908130,loop3,0.00,0.00,0.000,0.000,0.00
1777908130,loop30,0.00,0.00,0.000,0.000,0.00
1777908130,loop31,0.00,0.00,0.000,0.000,0.00
1777908130,loop32,0.00,0.00,0.000,0.000,0.00
1777908130,loop33,0.00,0.00,0.000,0.000,0.00
1777908130,loop34,0.00,0.00,0.000,0.000,0.00
1777908130,loop35,0.00,0.00,0.000,0.000,0.00
1777908130,loop36,0.00,0.00,0.000,0.000,0.00
1777908130,loop37,0.00,0.00,0.000,0.000,0.00
1777908130,loop38,0.00,0.00,0.000,0.000,0.00
1777908130,loop39,0.00,0.00,0.000,0.000,0.00
1777908130,loop4,0.00,0.00,0.000,0.000,0.00
1777908130,loop40,0.00,0.00,0.000,0.000,0.00
1777908130,loop5,0.00,0.00,0.000,0.000,0.00
1777908130,loop6,0.00,0.00,0.000,0.000,0.00
1777908130,loop7,0.00,0.00,0.000,0.000,0.00
1777908130,loop8,0.00,0.00,0.000,0.000,0.00
1777908130,loop9,0.00,0.00,0.000,0.000,0.00
1777908130,nvme0n1,0.00,0.00,0.000,0.000,0.00
1777908131,loop0,0.00,0.00,0.000,0.000,0.00
1777908131,loop1,0.00,0.00,0.000,0.000,0.00
1777908131,loop10,0.00,0.00,0.000,0.000,0.00
1777908131,loop11,0.00,0.00,0.000,0.000,0.00
1777908131,loop12,0.00,0.00,0.000,0.000,0.00
1777908131,loop13,0.00,0.00,0.000,0.000,0.00
1777908131,loop14,0.00,0.00,0.000,0.000,0.00
1777908131,loop15,0.00,0.00,0.000,0.000,0.00
1777908131,loop16,0.00,0.00,0.000,0.000,0.00
1777908131,loop17,0.00,0.00,0.000,0.000,0.00
1777908131,loop18,0.00,0.00,0.000,0.000,0.00
1777908131,loop19,0.00,0.00,0.000,0.000,0.00
1777908131,loop2,0.00,0.00,0.000,0.000,0.00
1777908131,loop20,0.00,0.00,0.000,0.000,0.00
1777908131,loop21,0.00,0.00,0.000,0.000,0.00
1777908131,loop22,0.00,0.00,0.000,0.000,0.00
1777908131,loop23,0.00,0.00,0.000,0.000,0.00
1777908131,loop24,0.00,0.00,0.000,0.000,0.00
1777908131,loop25,0.00,0.00,0.000,0.000,0.00
1777908131,loop26,0.00,0.00,0.000,0.000,0.00
1777908131,loop27,0.00,0.00,0.000,0.000,0.00
1777908131,loop28,0.00,0.00,0.000,0.000,0.00
1777908131,loop29,0.00,0.00,0.000,0.000,0.00
1777908131,loop3,0.00,0.00,0.000,0.000,0.00
1777908131,loop30,0.00,0.00,0.000,0.000,0.00
1777908131,loop31,0.00,0.00,0.000,0.000,0.00
1777908131,loop32,0.00,0.00,0.000,0.000,0.00
1777908131,loop33,0.00,0.00,0.000,0.000,0.00
1777908131,loop34,0.00,0.00,0.000,0.000,0.00
1777908131,loop35,0.00,0.00,0.000,0.000,0.00
1777908131,loop36,0.00,0.00,0.000,0.000,0.00
1777908131,loop37,0.00,0.00,0.000,0.000,0.00
1777908131,loop38,0.00,0.00,0.000,0.000,0.00
1777908131,loop39,0.00,0.00,0.000,0.000,0.00
1777908131,loop4,0.00,0.00,0.000,0.000,0.00
1777908131,loop40,0.00,0.00,0.000,0.000,0.00
1777908131,loop5,0.00,0.00,0.000,0.000,0.00
1777908131,loop6,0.00,0.00,0.000,0.000,0.00
1777908131,loop7,0.00,0.00,0.000,0.000,0.00
1777908131,loop8,0.00,0.00,0.000,0.000,0.00
1777908131,loop9,0.00,0.00,0.000,0.000,0.00
1777908131,nvme0n1,0.00,0.00,0.000,0.000,0.00
1777908132,loop0,0.00,0.00,0.000,0.000,0.00
1777908132,loop1,0.00,0.00,0.000,0.000,0.00
1777908132,loop10,0.00,0.00,0.000,0.000,0.00
1777908132,loop11,0.00,0.00,0.000,0.000,0.00
1777908132,loop12,0.00,0.00,0.000,0.000,0.00
1777908132,loop13,0.00,0.00,0.000,0.000,0.00
1777908132,loop14,0.00,0.00,0.000,0.000,0.00
1777908132,loop15,0.00,0.00,0.000,0.000,0.00
1777908132,loop16,0.00,0.00,0.000,0.000,0.00
1777908132,loop17,0.00,0.00,0.000,0.000,0.00
1777908132,loop18,0.00,0.00,0.000,0.000,0.00
1777908132,loop19,0.00,0.00,0.000,0.000,0.00
1777908132,loop2,0.00,0.00,0.000,0.000,0.00
1777908132,loop20,0.00,0.00,0.000,0.000,0.00
1777908132,loop21,0.00,0.00,0.000,0.000,0.00
1777908132,loop22,0.00,0.00,0.000,0.000,0.00
1777908132,loop23,0.00,0.00,0.000,0.000,0.00
1777908132,loop24,0.00,0.00,0.000,0.000,0.00
1777908132,loop25,0.00,0.00,0.000,0.000,0.00
1777908132,loop26,0.00,0.00,0.000,0.000,0.00
1777908132,loop27,0.00,0.00,0.000,0.000,0.00
1777908132,loop28,0.00,0.00,0.000,0.000,0.00
1777908132,loop29,0.00,0.00,0.000,0.000,0.00
1777908132,loop3,0.00,0.00,0.000,0.000,0.00
1777908132,loop30,0.00,0.00,0.000,0.000,0.00
1777908132,loop31,0.00,0.00,0.000,0.000,0.00
1777908132,loop32,0.00,0.00,0.000,0.000,0.00
1777908132,loop33,0.00,0.00,0.000,0.000,0.00
1777908132,loop34,0.00,0.00,0.000,0.000,0.00
1777908132,loop35,0.00,0.00,0.000,0.000,0.00
1777908132,loop36,0.00,0.00,0.000,0.000,0.00
1777908132,loop37,0.00,0.00,0.000,0.000,0.00
1777908132,loop38,0.00,0.00,0.000,0.000,0.00
1777908132,loop39,0.00,0.00,0.000,0.000,0.00
1777908132,loop4,0.00,0.00,0.000,0.000,0.00
1777908132,loop40,0.00,0.00,0.000,0.000,0.00
1777908132,loop5,0.00,0.00,0.000,0.000,0.00
1777908132,loop6,0.00,0.00,0.000,0.000,0.00
1777908132,loop7,0.00,0.00,0.000,0.000,0.00
1777908132,loop8,0.00,0.00,0.000,0.000,0.00
1777908132,loop9,0.00,0.00,0.000,0.000,0.00
1777908132,nvme0n1,0.00,0.00,0.000,0.000,2.10
1777908133,loop0,0.00,0.00,0.000,0.000,0.00
1777908133,loop1,0.00,0.00,0.000,0.000,0.00
1777908133,loop10,0.00,0.00,0.000,0.000,0.00
1777908133,loop11,0.00,0.00,0.000,0.000,0.00
1777908133,loop12,0.00,0.00,0.000,0.000,0.00
1777908133,loop13,0.00,0.00,0.000,0.000,0.00
1777908133,loop14,0.00,0.00,0.000,0.000,0.00
1777908133,loop15,0.00,0.00,0.000,0.000,0.00
1777908133,loop16,0.00,0.00,0.000,0.000,0.00
1777908133,loop17,0.00,0.00,0.000,0.000,0.00
1777908133,loop18,0.00,0.00,0.000,0.000,0.00
1777908133,loop19,0.00,0.00,0.000,0.000,0.00
1777908133,loop2,0.00,0.00,0.000,0.000,0.00
1777908133,loop20,0.00,0.00,0.000,0.000,0.00
1777908133,loop21,0.00,0.00,0.000,0.000,0.00
1777908133,loop22,0.00,0.00,0.000,0.000,0.00
1777908133,loop23,0.00,0.00,0.000,0.000,0.00
1777908133,loop24,0.00,0.00,0.000,0.000,0.00
1777908133,loop25,0.00,0.00,0.000,0.000,0.00
1777908133,loop26,0.00,0.00,0.000,0.000,0.00
1777908133,loop27,0.00,0.00,0.000,0.000,0.00
1777908133,loop28,0.00,0.00,0.000,0.000,0.00
1777908133,loop29,0.00,0.00,0.000,0.000,0.00
1777908133,loop3,0.00,0.00,0.000,0.000,0.00
1777908133,loop30,0.00,0.00,0.000,0.000,0.00
1777908133,loop31,0.00,0.00,0.000,0.000,0.00
1777908133,loop32,0.00,0.00,0.000,0.000,0.00
1777908133,loop33,0.00,0.00,0.000,0.000,0.00
1777908133,loop34,0.00,0.00,0.000,0.000,0.00
1777908133,loop35,0.00,0.00,0.000,0.000,0.00
1777908133,loop36,0.00,0.00,0.000,0.000,0.00
1777908133,loop37,0.00,0.00,0.000,0.000,0.00
1777908133,loop38,0.00,0.00,0.000,0.000,0.00
1777908133,loop39,0.00,0.00,0.000,0.000,0.00
1777908133,loop4,0.00,0.00,0.000,0.000,0.00
1777908133,loop40,0.00,0.00,0.000,0.000,0.00
1777908133,loop5,0.00,0.00,0.000,0.000,0.00
1777908133,loop6,0.00,0.00,0.000,0.000,0.00
1777908133,loop7,0.00,0.00,0.000,0.000,0.00
1777908133,loop8,0.00,0.00,0.000,0.000,0.00
1777908133,loop9,0.00,0.00,0.000,0.000,0.00
1777908133,nvme0n1,0.00,0.00,0.000,0.000,0.90
1777908134,loop0,0.00,0.00,0.000,0.000,0.00
1777908134,loop1,0.00,0.00,0.000,0.000,0.00
1777908134,loop10,0.00,0.00,0.000,0.000,0.00
1777908134,loop11,0.00,0.00,0.000,0.000,0.00
1777908134,loop12,0.00,0.00,0.000,0.000,0.00
1777908134,loop13,0.00,0.00,0.000,0.000,0.00
1777908134,loop14,0.00,0.00,0.000,0.000,0.00
1777908134,loop15,0.00,0.00,0.000,0.000,0.00
1777908134,loop16,0.00,0.00,0.000,0.000,0.00
1777908134,loop17,0.00,0.00,0.000,0.000,0.00
1777908134,loop18,0.00,0.00,0.000,0.000,0.00
1777908134,loop19,0.00,0.00,0.000,0.000,0.00
1777908134,loop2,0.00,0.00,0.000,0.000,0.00
1777908134,loop20,0.00,0.00,0.000,0.000,0.00
1777908134,loop21,0.00,0.00,0.000,0.000,0.00
1777908134,loop22,0.00,0.00,0.000,0.000,0.00
1777908134,loop23,0.00,0.00,0.000,0.000,0.00
1777908134,loop24,0.00,0.00,0.000,0.000,0.00
1777908134,loop25,0.00,0.00,0.000,0.000,0.00
1777908134,loop26,0.00,0.00,0.000,0.000,0.00
1777908134,loop27,0.00,0.00,0.000,0.000,0.00
1777908134,loop28,0.00,0.00,0.000,0.000,0.00
1777908134,loop29,0.00,0.00,0.000,0.000,0.00
1777908134,loop3,0.00,0.00,0.000,0.000,0.00
1777908134,loop30,0.00,0.00,0.000,0.000,0.00
1777908134,loop31,0.00,0.00,0.000,0.000,0.00
1777908134,loop32,0.00,0.00,0.000,0.000,0.00
1777908134,loop33,0.00,0.00,0.000,0.000,0.00
1777908134,loop34,0.00,0.00,0.000,0.000,0.00
1777908134,loop35,0.00,0.00,0.000,0.000,0.00
1777908134,loop36,0.00,0.00,0.000,0.000,0.00
1777908134,loop37,0.00,0.00,0.000,0.000,0.00
1777908134,loop38,0.00,0.00,0.000,0.000,0.00
1777908134,loop39,0.00,0.00,0.000,0.000,0.00
1777908134,loop4,0.00,0.00,0.000,0.000,0.00
1777908134,loop40,0.00,0.00,0.000,0.000,0.00
1777908134,loop5,0.00,0.00,0.000,0.000,0.00
1777908134,loop6,0.00,0.00,0.000,0.000,0.00
1777908134,loop7,0.00,0.00,0.000,0.000,0.00
1777908134,loop8,0.00,0.00,0.000,0.000,0.00
1777908134,loop9,0.00,0.00,0.000,0.000,0.00
1777908134,nvme0n1,0.00,0.00,0.000,0.000,0.00
1777908135,loop0,0.00,0.00,0.000,0.000,0.00
1777908135,loop1,0.00,0.00,0.000,0.000,0.00
1777908135,loop10,0.00,0.00,0.000,0.000,0.00
1777908135,loop11,0.00,0.00,0.000,0.000,0.00
1777908135,loop12,0.00,0.00,0.000,0.000,0.00
1777908135,loop13,0.00,0.00,0.000,0.000,0.00
1777908135,loop14,0.00,0.00,0.000,0.000,0.00
1777908135,loop15,0.00,0.00,0.000,0.000,0.00
1777908135,loop16,0.00,0.00,0.000,0.000,0.00
1777908135,loop17,0.00,0.00,0.000,0.000,0.00
1777908135,loop18,0.00,0.00,0.000,0.000,0.00
1777908135,loop19,0.00,0.00,0.000,0.000,0.00
1777908135,loop2,0.00,0.00,0.000,0.000,0.00
1777908135,loop20,0.00,0.00,0.000,0.000,0.00
1777908135,loop21,0.00,0.00,0.000,0.000,0.00
1777908135,loop22,0.00,0.00,0.000,0.000,0.00
1777908135,loop23,0.00,0.00,0.000,0.000,0.00
1777908135,loop24,0.00,0.00,0.000,0.000,0.00
1777908135,loop25,0.00,0.00,0.000,0.000,0.00
1777908135,loop26,0.00,0.00,0.000,0.000,0.00
1777908135,loop27,0.00,0.00,0.000,0.000,0.00
1777908135,loop28,0.00,0.00,0.000,0.000,0.00
1777908135,loop29,0.00,0.00,0.000,0.000,0.00
1777908135,loop3,0.00,0.00,0.000,0.000,0.00
1777908135,loop30,0.00,0.00,0.000,0.000,0.00
1777908135,loop31,0.00,0.00,0.000,0.000,0.00
1777908135,loop32,0.00,0.00,0.000,0.000,0.00
1777908135,loop33,0.00,0.00,0.000,0.000,0.00
1777908135,loop34,0.00,0.00,0.000,0.000,0.00
1777908135,loop35,0.00,0.00,0.000,0.000,0.00
1777908135,loop36,0.00,0.00,0.000,0.000,0.00
1777908135,loop37,0.00,0.00,0.000,0.000,0.00
1777908135,loop38,0.00,0.00,0.000,0.000,0.00
1777908135,loop39,0.00,0.00,0.000,0.000,0.00
1777908135,loop4,0.00,0.00,0.000,0.000,0.00
1777908135,loop40,0.00,0.00,0.000,0.000,0.00
1777908135,loop5,0.00,0.00,0.000,0.000,0.00
1777908135,loop6,0.00,0.00,0.000,0.000,0.00
1777908135,loop7,0.00,0.00,0.000,0.000,0.00
1777908135,loop8,0.00,0.00,0.000,0.000,0.00
1777908135,loop9,0.00,0.00,0.000,0.000,0.00
1777908135,nvme0n1,0.00,0.00,0.000,0.000,0.00
1777908136,loop0,0.00,0.00,0.000,0.000,0.00
1777908136,loop1,0.00,0.00,0.000,0.000,0.00
1777908136,loop10,0.00,0.00,0.000,0.000,0.00
1777908136,loop11,0.00,0.00,0.000,0.000,0.00
1777908136,loop12,0.00,0.00,0.000,0.000,0.00
1777908136,loop13,0.00,0.00,0.000,0.000,0.00
1777908136,loop14,0.00,0.00,0.000,0.000,0.00
1777908136,loop15,0.00,0.00,0.000,0.000,0.00
1777908136,loop16,0.00,0.00,0.000,0.000,0.00
1777908136,loop17,0.00,0.00,0.000,0.000,0.00
1777908136,loop18,0.00,0.00,0.000,0.000,0.00
1777908136,loop19,0.00,0.00,0.000,0.000,0.00
1777908136,loop2,0.00,0.00,0.000,0.000,0.00
1777908136,loop20,0.00,0.00,0.000,0.000,0.00
1777908136,loop21,0.00,0.00,0.000,0.000,0.00
1777908136,loop22,0.00,0.00,0.000,0.000,0.00
1777908136,loop23,0.00,0.00,0.000,0.000,0.00
1777908136,loop24,0.00,0.00,0.000,0.000,0.00
1777908136,loop25,0.00,0.00,0.000,0.000,0.00
1777908136,loop26,0.00,0.00,0.000,0.000,0.00
1777908136,loop27,0.00,0.00,0.000,0.000,0.00
1777908136,loop28,0.00,0.00,0.000,0.000,0.00
1777908136,loop29,0.00,0.00,0.000,0.000,0.00
1777908136,loop3,0.00,0.00,0.000,0.000,0.00
1777908136,loop30,0.00,0.00,0.000,0.000,0.00
1777908136,loop31,0.00,0.00,0.000,0.000,0.00
1777908136,loop32,0.00,0.00,0.000,0.000,0.00
1777908136,loop33,0.00,0.00,0.000,0.000,0.00
1777908136,loop34,0.00,0.00,0.000,0.000,0.00
1777908136,loop35,0.00,0.00,0.000,0.000,0.00
1777908136,loop36,0.00,0.00,0.000,0.000,0.00
1777908136,loop37,0.00,0.00,0.000,0.000,0.00
1777908136,loop38,0.00,0.00,0.000,0.000,0.00
1777908136,loop39,0.00,0.00,0.000,0.000,0.00
1777908136,loop4,0.00,0.00,0.000,0.000,0.00
1777908136,loop40,0.00,0.00,0.000,0.000,0.00
1777908136,loop5,0.00,0.00,0.000,0.000,0.00
1777908136,loop6,0.00,0.00,0.000,0.000,0.00
1777908136,loop7,0.00,0.00,0.000,0.000,0.00
1777908136,loop8,0.00,0.00,0.000,0.000,0.00
1777908136,loop9,0.00,0.00,0.000,0.000,0.00
1777908136,nvme0n1,0.00,0.00,0.000,0.000,0.00
