t_unix,device,r_iops,w_iops,r_mb_s,w_mb_s,util_pct
1777902071,loop0,0.00,0.00,0.000,0.000,0.00
1777902071,loop1,0.00,0.00,0.000,0.000,0.00
1777902071,loop10,0.00,0.00,0.000,0.000,0.00
1777902071,loop11,0.00,0.00,0.000,0.000,0.00
1777902071,loop12,0.00,0.00,0.000,0.000,0.00
1777902071,loop13,0.00,0.00,0.000,0.000,0.00
1777902071,loop14,0.00,0.00,0.000,0.000,0.00
1777902071,loop15,0.00,0.00,0.000,0.000,0.00
1777902071,loop16,0.00,0.00,0.000,0.000,0.00
1777902071,loop17,0.00,0.00,0.000,0.000,0.00
1777902071,loop18,0.00,0.00,0.000,0.000,0.00
1777902071,loop19,0.00,0.00,0.000,0.000,0.00
1777902071,loop2,0.00,0.00,0.000,0.000,0.00
1777902071,loop20,0.00,0.00,0.000,0.000,0.00
1777902071,loop21,0.00,0.00,0.000,0.000,0.00
1777902071,loop22,0.00,0.00,0.000,0.000,0.00
1777902071,loop23,0.00,0.00,0.000,0.000,0.00
1777902071,loop24,0.00,0.00,0.000,0.000,0.00
1777902071,loop25,0.00,0.00,0.000,0.000,0.00
1777902071,loop26,0.00,0.00,0.000,0.000,0.00
1777902071,loop27,0.00,0.00,0.000,0.000,0.00
1777902071,loop28,0.00,0.00,0.000,0.000,0.00
1777902071,loop29,0.00,0.00,0.000,0.000,0.00
1777902071,loop3,0.00,0.00,0.000,0.000,0.00
1777902071,loop30,0.00,0.00,0.000,0.000,0.00
1777902071,loop31,0.00,0.00,0.000,0.000,0.00
1777902071,loop32,0.00,0.00,0.000,0.000,0.00
1777902071,loop33,0.00,0.00,0.000,0.000,0.00
1777902071,loop34,0.00,0.00,0.000,0.000,0.00
1777902071,loop35,0.00,0.00,0.000,0.000,0.00
1777902071,loop36,0.00,0.00,0.000,0.000,0.00
1777902071,loop37,0.00,0.00,0.000,0.000,0.00
1777902071,loop38,0.00,0.00,0.000,0.000,0.00
1777902071,loop39,0.00,0.00,0.000,0.000,0.00
1777902071,loop4,0.00,0.00,0.000,0.000,0.00
1777902071,loop40,0.00,0.00,0.000,0.000,0.00
1777902071,loop5,0.00,0.00,0.000,0.000,0.00
1777902071,loop6,0.00,0.00,0.000,0.000,0.00
1777902071,loop7,0.00,0.00,0.000,0.000,0.00
1777902071,loop8,0.00,0.00,0.000,0.000,0.00
1777902071,loop9,0.00,0.00,0.000,0.000,0.00
1777902071,nvme0n1,0.00,0.00,0.000,0.000,6.40
1777902072,loop0,0.00,0.00,0.000,0.000,0.00
1777902072,loop1,0.00,0.00,0.000,0.000,0.00
1777902072,loop10,0.00,0.00,0.000,0.000,0.00
1777902072,loop11,0.00,0.00,0.000,0.000,0.00
1777902072,loop12,0.00,0.00,0.000,0.000,0.00
1777902072,loop13,0.00,0.00,0.000,0.000,0.00
1777902072,loop14,0.00,0.00,0.000,0.000,0.00
1777902072,loop15,0.00,0.00,0.000,0.000,0.00
1777902072,loop16,0.00,0.00,0.000,0.000,0.00
1777902072,loop17,0.00,0.00,0.000,0.000,0.00
1777902072,loop18,0.00,0.00,0.000,0.000,0.00
1777902072,loop19,0.00,0.00,0.000,0.000,0.00
1777902072,loop2,0.00,0.00,0.000,0.000,0.00
1777902072,loop20,0.00,0.00,0.000,0.000,0.00
1777902072,loop21,0.00,0.00,0.000,0.000,0.00
1777902072,loop22,0.00,0.00,0.000,0.000,0.00
1777902072,loop23,0.00,0.00,0.000,0.000,0.00
1777902072,loop24,0.00,0.00,0.000,0.000,0.00
1777902072,loop25,0.00,0.00,0.000,0.000,0.00
1777902072,loop26,0.00,0.00,0.000,0.000,0.00
1777902072,loop27,0.00,0.00,0.000,0.000,0.00
1777902072,loop28,0.00,0.00,0.000,0.000,0.00
1777902072,loop29,0.00,0.00,0.000,0.000,0.00
1777902072,loop3,0.00,0.00,0.000,0.000,0.00
1777902072,loop30,0.00,0.00,0.000,0.000,0.00
1777902072,loop31,0.00,0.00,0.000,0.000,0.00
1777902072,loop32,0.00,0.00,0.000,0.000,0.00
1777902072,loop33,0.00,0.00,0.000,0.000,0.00
1777902072,loop34,0.00,0.00,0.000,0.000,0.00
1777902072,loop35,0.00,0.00,0.000,0.000,0.00
1777902072,loop36,0.00,0.00,0.000,0.000,0.00
1777902072,loop37,0.00,0.00,0.000,0.000,0.00
1777902072,loop38,0.00,0.00,0.000,0.000,0.00
1777902072,loop39,0.00,0.00,0.000,0.000,0.00
1777902072,loop4,0.00,0.00,0.000,0.000,0.00
1777902072,loop40,0.00,0.00,0.000,0.000,0.00
1777902072,loop5,0.00,0.00,0.000,0.000,0.00
1777902072,loop6,0.00,0.00,0.000,0.000,0.00
1777902072,loop7,0.00,0.00,0.000,0.000,0.00
1777902072,loop8,0.00,0.00,0.000,0.000,0.00
1777902072,loop9,0.00,0.00,0.000,0.000,0.00
1777902072,nvme0n1,0.00,0.00,0.000,0.000,0.10
1777902073,loop0,0.00,0.00,0.000,0.000,0.00
1777902073,loop1,0.00,0.00,0.000,0.000,0.00
1777902073,loop10,0.00,0.00,0.000,0.000,0.00
1777902073,loop11,0.00,0.00,0.000,0.000,0.00
1777902073,loop12,0.00,0.00,0.000,0.000,0.00
1777902073,loop13,0.00,0.00,0.000,0.000,0.00
1777902073,loop14,0.00,0.00,0.000,0.000,0.00
1777902073,loop15,0.00,0.00,0.000,0.000,0.00
1777902073,loop16,0.00,0.00,0.000,0.000,0.00
1777902073,loop17,0.00,0.00,0.000,0.000,0.00
1777902073,loop18,0.00,0.00,0.000,0.000,0.00
1777902073,loop19,0.00,0.00,0.000,0.000,0.00
1777902073,loop2,0.00,0.00,0.000,0.000,0.00
1777902073,loop20,0.00,0.00,0.000,0.000,0.00
1777902073,loop21,0.00,0.00,0.000,0.000,0.00
1777902073,loop22,0.00,0.00,0.000,0.000,0.00
1777902073,loop23,0.00,0.00,0.000,0.000,0.00
1777902073,loop24,0.00,0.00,0.000,0.000,0.00
1777902073,loop25,0.00,0.00,0.000,0.000,0.00
1777902073,loop26,0.00,0.00,0.000,0.000,0.00
1777902073,loop27,0.00,0.00,0.000,0.000,0.00
1777902073,loop28,0.00,0.00,0.000,0.000,0.00
1777902073,loop29,0.00,0.00,0.000,0.000,0.00
1777902073,loop3,0.00,0.00,0.000,0.000,0.00
1777902073,loop30,0.00,0.00,0.000,0.000,0.00
1777902073,loop31,0.00,0.00,0.000,0.000,0.00
1777902073,loop32,0.00,0.00,0.000,0.000,0.00
1777902073,loop33,0.00,0.00,0.000,0.000,0.00
1777902073,loop34,0.00,0.00,0.000,0.000,0.00
1777902073,loop35,0.00,0.00,0.000,0.000,0.00
1777902073,loop36,0.00,0.00,0.000,0.000,0.00
1777902073,loop37,0.00,0.00,0.000,0.000,0.00
1777902073,loop38,0.00,0.00,0.000,0.000,0.00
1777902073,loop39,0.00,0.00,0.000,0.000,0.00
1777902073,loop4,0.00,0.00,0.000,0.000,0.00
1777902073,loop40,0.00,0.00,0.000,0.000,0.00
1777902073,loop5,0.00,0.00,0.000,0.000,0.00
1777902073,loop6,0.00,0.00,0.000,0.000,0.00
1777902073,loop7,0.00,0.00,0.000,0.000,0.00
1777902073,loop8,0.00,0.00,0.000,0.000,0.00
1777902073,loop9,0.00,0.00,0.000,0.000,0.00
1777902073,nvme0n1,5.00,20.00,0.000,0.000,0.20
1777902074,loop0,0.00,0.00,0.000,0.000,0.00
1777902074,loop1,0.00,0.00,0.000,0.000,0.00
1777902074,loop10,0.00,0.00,0.000,0.000,0.00
1777902074,loop11,0.00,0.00,0.000,0.000,0.00
1777902074,loop12,0.00,0.00,0.000,0.000,0.00
1777902074,loop13,0.00,0.00,0.000,0.000,0.00
1777902074,loop14,0.00,0.00,0.000,0.000,0.00
1777902074,loop15,0.00,0.00,0.000,0.000,0.00
1777902074,loop16,0.00,0.00,0.000,0.000,0.00
1777902074,loop17,0.00,0.00,0.000,0.000,0.00
1777902074,loop18,0.00,0.00,0.000,0.000,0.00
1777902074,loop19,0.00,0.00,0.000,0.000,0.00
1777902074,loop2,0.00,0.00,0.000,0.000,0.00
1777902074,loop20,0.00,0.00,0.000,0.000,0.00
1777902074,loop21,0.00,0.00,0.000,0.000,0.00
1777902074,loop22,0.00,0.00,0.000,0.000,0.00
1777902074,loop23,0.00,0.00,0.000,0.000,0.00
1777902074,loop24,0.00,0.00,0.000,0.000,0.00
1777902074,loop25,0.00,0.00,0.000,0.000,0.00
1777902074,loop26,0.00,0.00,0.000,0.000,0.00
1777902074,loop27,0.00,0.00,0.000,0.000,0.00
1777902074,loop28,0.00,0.00,0.000,0.000,0.00
1777902074,loop29,0.00,0.00,0.000,0.000,0.00
1777902074,loop3,0.00,0.00,0.000,0.000,0.00
1777902074,loop30,0.00,0.00,0.000,0.000,0.00
1777902074,loop31,0.00,0.00,0.000,0.000,0.00
1777902074,loop32,0.00,0.00,0.000,0.000,0.00
1777902074,loop33,0.00,0.00,0.000,0.000,0.00
1777902074,loop34,0.00,0.00,0.000,0.000,0.00
1777902074,loop35,0.00,0.00,0.000,0.000,0.00
1777902074,loop36,0.00,0.00,0.000,0.000,0.00
1777902074,loop37,0.00,0.00,0.000,0.000,0.00
1777902074,loop38,0.00,0.00,0.000,0.000,0.00
1777902074,loop39,0.00,0.00,0.000,0.000,0.00
1777902074,loop4,0.00,0.00,0.000,0.000,0.00
1777902074,loop40,0.00,0.00,0.000,0.000,0.00
1777902074,loop5,0.00,0.00,0.000,0.000,0.00
1777902074,loop6,0.00,0.00,0.000,0.000,0.00
1777902074,loop7,0.00,0.00,0.000,0.000,0.00
1777902074,loop8,0.00,0.00,0.000,0.000,0.00
1777902074,loop9,0.00,0.00,0.000,0.000,0.00
1777902074,nvme0n1,0.00,0.00,0.000,0.000,0.00
1777902075,loop0,0.00,0.00,0.000,0.000,0.00
1777902075,loop1,0.00,0.00,0.000,0.000,0.00
1777902075,loop10,0.00,0.00,0.000,0.000,0.00
1777902075,loop11,0.00,0.00,0.000,0.000,0.00
1777902075,loop12,0.00,0.00,0.000,0.000,0.00
1777902075,loop13,0.00,0.00,0.000,0.000,0.00
1777902075,loop14,0.00,0.00,0.000,0.000,0.00
1777902075,loop15,0.00,0.00,0.000,0.000,0.00
1777902075,loop16,0.00,0.00,0.000,0.000,0.00
1777902075,loop17,0.00,0.00,0.000,0.000,0.00
1777902075,loop18,0.00,0.00,0.000,0.000,0.00
1777902075,loop19,0.00,0.00,0.000,0.000,0.00
1777902075,loop2,0.00,0.00,0.000,0.000,0.00
1777902075,loop20,0.00,0.00,0.000,0.000,0.00
1777902075,loop21,0.00,0.00,0.000,0.000,0.00
1777902075,loop22,0.00,0.00,0.000,0.000,0.00
1777902075,loop23,0.00,0.00,0.000,0.000,0.00
1777902075,loop24,0.00,0.00,0.000,0.000,0.00
1777902075,loop25,0.00,0.00,0.000,0.000,0.00
1777902075,loop26,0.00,0.00,0.000,0.000,0.00
1777902075,loop27,0.00,0.00,0.000,0.000,0.00
1777902075,loop28,0.00,0.00,0.000,0.000,0.00
1777902075,loop29,0.00,0.00,0.000,0.000,0.00
1777902075,loop3,0.00,0.00,0.000,0.000,0.00
1777902075,loop30,0.00,0.00,0.000,0.000,0.00
1777902075,loop31,0.00,0.00,0.000,0.000,0.00
1777902075,loop32,0.00,0.00,0.000,0.000,0.00
1777902075,loop33,0.00,0.00,0.000,0.000,0.00
1777902075,loop34,0.00,0.00,0.000,0.000,0.00
1777902075,loop35,0.00,0.00,0.000,0.000,0.00
1777902075,loop36,0.00,0.00,0.000,0.000,0.00
1777902075,loop37,0.00,0.00,0.000,0.000,0.00
1777902075,loop38,0.00,0.00,0.000,0.000,0.00
1777902075,loop39,0.00,0.00,0.000,0.000,0.00
1777902075,loop4,0.00,0.00,0.000,0.000,0.00
1777902075,loop40,0.00,0.00,0.000,0.000,0.00
1777902075,loop5,0.00,0.00,0.000,0.000,0.00
1777902075,loop6,0.00,0.00,0.000,0.000,0.00
1777902075,loop7,0.00,0.00,0.000,0.000,0.00
1777902075,loop8,0.00,0.00,0.000,0.000,0.00
1777902075,loop9,0.00,0.00,0.000,0.000,0.00
1777902075,nvme0n1,0.00,0.00,0.000,0.000,0.70
1777902076,loop0,0.00,0.00,0.000,0.000,0.00
1777902076,loop1,0.00,0.00,0.000,0.000,0.00
1777902076,loop10,0.00,0.00,0.000,0.000,0.00
1777902076,loop11,0.00,0.00,0.000,0.000,0.00
1777902076,loop12,0.00,0.00,0.000,0.000,0.00
1777902076,loop13,0.00,0.00,0.000,0.000,0.00
1777902076,loop14,0.00,0.00,0.000,0.000,0.00
1777902076,loop15,0.00,0.00,0.000,0.000,0.00
1777902076,loop16,0.00,0.00,0.000,0.000,0.00
1777902076,loop17,0.00,0.00,0.000,0.000,0.00
1777902076,loop18,0.00,0.00,0.000,0.000,0.00
1777902076,loop19,0.00,0.00,0.000,0.000,0.00
1777902076,loop2,0.00,0.00,0.000,0.000,0.00
1777902076,loop20,0.00,0.00,0.000,0.000,0.00
1777902076,loop21,0.00,0.00,0.000,0.000,0.00
1777902076,loop22,0.00,0.00,0.000,0.000,0.00
1777902076,loop23,0.00,0.00,0.000,0.000,0.00
1777902076,loop24,0.00,0.00,0.000,0.000,0.00
1777902076,loop25,0.00,0.00,0.000,0.000,0.00
1777902076,loop26,0.00,0.00,0.000,0.000,0.00
1777902076,loop27,0.00,0.00,0.000,0.000,0.00
1777902076,loop28,0.00,0.00,0.000,0.000,0.00
1777902076,loop29,0.00,0.00,0.000,0.000,0.00
1777902076,loop3,0.00,0.00,0.000,0.000,0.00
1777902076,loop30,0.00,0.00,0.000,0.000,0.00
1777902076,loop31,0.00,0.00,0.000,0.000,0.00
1777902076,loop32,0.00,0.00,0.000,0.000,0.00
1777902076,loop33,0.00,0.00,0.000,0.000,0.00
1777902076,loop34,0.00,0.00,0.000,0.000,0.00
1777902076,loop35,0.00,0.00,0.000,0.000,0.00
1777902076,loop36,0.00,0.00,0.000,0.000,0.00
1777902076,loop37,0.00,0.00,0.000,0.000,0.00
1777902076,loop38,0.00,0.00,0.000,0.000,0.00
1777902076,loop39,0.00,0.00,0.000,0.000,0.00
1777902076,loop4,0.00,0.00,0.000,0.000,0.00
1777902076,loop40,0.00,0.00,0.000,0.000,0.00
1777902076,loop5,0.00,0.00,0.000,0.000,0.00
1777902076,loop6,0.00,0.00,0.000,0.000,0.00
1777902076,loop7,0.00,0.00,0.000,0.000,0.00
1777902076,loop8,0.00,0.00,0.000,0.000,0.00
1777902076,loop9,0.00,0.00,0.000,0.000,0.00
1777902076,nvme0n1,0.00,0.00,0.000,0.000,0.10
1777902077,loop0,0.00,0.00,0.000,0.000,0.00
1777902077,loop1,0.00,0.00,0.000,0.000,0.00
1777902077,loop10,0.00,0.00,0.000,0.000,0.00
1777902077,loop11,0.00,0.00,0.000,0.000,0.00
1777902077,loop12,0.00,0.00,0.000,0.000,0.00
1777902077,loop13,0.00,0.00,0.000,0.000,0.00
1777902077,loop14,0.00,0.00,0.000,0.000,0.00
1777902077,loop15,0.00,0.00,0.000,0.000,0.00
1777902077,loop16,0.00,0.00,0.000,0.000,0.00
1777902077,loop17,0.00,0.00,0.000,0.000,0.00
1777902077,loop18,0.00,0.00,0.000,0.000,0.00
1777902077,loop19,0.00,0.00,0.000,0.000,0.00
1777902077,loop2,0.00,0.00,0.000,0.000,0.00
1777902077,loop20,0.00,0.00,0.000,0.000,0.00
1777902077,loop21,0.00,0.00,0.000,0.000,0.00
1777902077,loop22,0.00,0.00,0.000,0.000,0.00
1777902077,loop23,0.00,0.00,0.000,0.000,0.00
1777902077,loop24,0.00,0.00,0.000,0.000,0.00
1777902077,loop25,0.00,0.00,0.000,0.000,0.00
1777902077,loop26,0.00,0.00,0.000,0.000,0.00
1777902077,loop27,0.00,0.00,0.000,0.000,0.00
1777902077,loop28,0.00,0.00,0.000,0.000,0.00
1777902077,loop29,0.00,0.00,0.000,0.000,0.00
1777902077,loop3,0.00,0.00,0.000,0.000,0.00
1777902077,loop30,0.00,0.00,0.000,0.000,0.00
1777902077,loop31,0.00,0.00,0.000,0.000,0.00
1777902077,loop32,0.00,0.00,0.000,0.000,0.00
1777902077,loop33,0.00,0.00,0.000,0.000,0.00
1777902077,loop34,0.00,0.00,0.000,0.000,0.00
1777902077,loop35,0.00,0.00,0.000,0.000,0.00
1777902077,loop36,0.00,0.00,0.000,0.000,0.00
1777902077,loop37,0.00,0.00,0.000,0.000,0.00
1777902077,loop38,0.00,0.00,0.000,0.000,0.00
1777902077,loop39,0.00,0.00,0.000,0.000,0.00
1777902077,loop4,0.00,0.00,0.000,0.000,0.00
1777902077,loop40,0.00,0.00,0.000,0.000,0.00
1777902077,loop5,0.00,0.00,0.000,0.000,0.00
1777902077,loop6,0.00,0.00,0.000,0.000,0.00
1777902077,loop7,0.00,0.00,0.000,0.000,0.00
1777902077,loop8,0.00,0.00,0.000,0.000,0.00
1777902077,loop9,0.00,0.00,0.000,0.000,0.00
1777902077,nvme0n1,0.00,0.00,0.000,0.000,0.00
1777902078,loop0,0.00,0.00,0.000,0.000,0.00
1777902078,loop1,0.00,0.00,0.000,0.000,0.00
1777902078,loop10,0.00,0.00,0.000,0.000,0.00
1777902078,loop11,0.00,0.00,0.000,0.000,0.00
1777902078,loop12,0.00,0.00,0.000,0.000,0.00
1777902078,loop13,0.00,0.00,0.000,0.000,0.00
1777902078,loop14,0.00,0.00,0.000,0.000,0.00
1777902078,loop15,0.00,0.00,0.000,0.000,0.00
1777902078,loop16,0.00,0.00,0.000,0.000,0.00
1777902078,loop17,0.00,0.00,0.000,0.000,0.00
1777902078,loop18,0.00,0.00,0.000,0.000,0.00
1777902078,loop19,0.00,0.00,0.000,0.000,0.00
1777902078,loop2,0.00,0.00,0.000,0.000,0.00
1777902078,loop20,0.00,0.00,0.000,0.000,0.00
1777902078,loop21,0.00,0.00,0.000,0.000,0.00
1777902078,loop22,0.00,0.00,0.000,0.000,0.00
1777902078,loop23,0.00,0.00,0.000,0.000,0.00
1777902078,loop24,0.00,0.00,0.000,0.000,0.00
1777902078,loop25,0.00,0.00,0.000,0.000,0.00
1777902078,loop26,0.00,0.00,0.000,0.000,0.00
1777902078,loop27,0.00,0.00,0.000,0.000,0.00
1777902078,loop28,0.00,0.00,0.000,0.000,0.00
1777902078,loop29,0.00,0.00,0.000,0.000,0.00
1777902078,loop3,0.00,0.00,0.000,0.000,0.00
1777902078,loop30,0.00,0.00,0.000,0.000,0.00
1777902078,loop31,0.00,0.00,0.000,0.000,0.00
1777902078,loop32,0.00,0.00,0.000,0.000,0.00
1777902078,loop33,0.00,0.00,0.000,0.000,0.00
1777902078,loop34,0.00,0.00,0.000,0.000,0.00
1777902078,loop35,0.00,0.00,0.000,0.000,0.00
1777902078,loop36,0.00,0.00,0.000,0.000,0.00
1777902078,loop37,0.00,0.00,0.000,0.000,0.00
1777902078,loop38,0.00,0.00,0.000,0.000,0.00
1777902078,loop39,0.00,0.00,0.000,0.000,0.00
1777902078,loop4,0.00,0.00,0.000,0.000,0.00
1777902078,loop40,0.00,0.00,0.000,0.000,0.00
1777902078,loop5,0.00,0.00,0.000,0.000,0.00
1777902078,loop6,0.00,0.00,0.000,0.000,0.00
1777902078,loop7,0.00,0.00,0.000,0.000,0.00
1777902078,loop8,0.00,0.00,0.000,0.000,0.00
1777902078,loop9,0.00,0.00,0.000,0.000,0.00
1777902078,nvme0n1,2.00,16.00,0.000,0.000,0.10
1777902079,loop0,0.00,0.00,0.000,0.000,0.00
1777902079,loop1,0.00,0.00,0.000,0.000,0.00
1777902079,loop10,0.00,0.00,0.000,0.000,0.00
1777902079,loop11,0.00,0.00,0.000,0.000,0.00
1777902079,loop12,0.00,0.00,0.000,0.000,0.00
1777902079,loop13,0.00,0.00,0.000,0.000,0.00
1777902079,loop14,0.00,0.00,0.000,0.000,0.00
1777902079,loop15,0.00,0.00,0.000,0.000,0.00
1777902079,loop16,0.00,0.00,0.000,0.000,0.00
1777902079,loop17,0.00,0.00,0.000,0.000,0.00
1777902079,loop18,0.00,0.00,0.000,0.000,0.00
1777902079,loop19,0.00,0.00,0.000,0.000,0.00
1777902079,loop2,0.00,0.00,0.000,0.000,0.00
1777902079,loop20,0.00,0.00,0.000,0.000,0.00
1777902079,loop21,0.00,0.00,0.000,0.000,0.00
1777902079,loop22,0.00,0.00,0.000,0.000,0.00
1777902079,loop23,0.00,0.00,0.000,0.000,0.00
1777902079,loop24,0.00,0.00,0.000,0.000,0.00
1777902079,loop25,0.00,0.00,0.000,0.000,0.00
1777902079,loop26,0.00,0.00,0.000,0.000,0.00
1777902079,loop27,0.00,0.00,0.000,0.000,0.00
1777902079,loop28,0.00,0.00,0.000,0.000,0.00
1777902079,loop29,0.00,0.00,0.000,0.000,0.00
1777902079,loop3,0.00,0.00,0.000,0.000,0.00
1777902079,loop30,0.00,0.00,0.000,0.000,0.00
1777902079,loop31,0.00,0.00,0.000,0.000,0.00
1777902079,loop32,0.00,0.00,0.000,0.000,0.00
1777902079,loop33,0.00,0.00,0.000,0.000,0.00
1777902079,loop34,0.00,0.00,0.000,0.000,0.00
1777902079,loop35,0.00,0.00,0.000,0.000,0.00
1777902079,loop36,0.00,0.00,0.000,0.000,0.00
1777902079,loop37,0.00,0.00,0.000,0.000,0.00
1777902079,loop38,0.00,0.00,0.000,0.000,0.00
1777902079,loop39,0.00,0.00,0.000,0.000,0.00
1777902079,loop4,0.00,0.00,0.000,0.000,0.00
1777902079,loop40,0.00,0.00,0.000,0.000,0.00
1777902079,loop5,0.00,0.00,0.000,0.000,0.00
1777902079,loop6,0.00,0.00,0.000,0.000,0.00
1777902079,loop7,0.00,0.00,0.000,0.000,0.00
1777902079,loop8,0.00,0.00,0.000,0.000,0.00
1777902079,loop9,0.00,0.00,0.000,0.000,0.00
1777902079,nvme0n1,4.00,16.00,0.000,0.000,0.20
1777902080,loop0,0.00,0.00,0.000,0.000,0.00
1777902080,loop1,0.00,0.00,0.000,0.000,0.00
1777902080,loop10,0.00,0.00,0.000,0.000,0.00
1777902080,loop11,0.00,0.00,0.000,0.000,0.00
1777902080,loop12,0.00,0.00,0.000,0.000,0.00
1777902080,loop13,0.00,0.00,0.000,0.000,0.00
1777902080,loop14,0.00,0.00,0.000,0.000,0.00
1777902080,loop15,0.00,0.00,0.000,0.000,0.00
1777902080,loop16,0.00,0.00,0.000,0.000,0.00
1777902080,loop17,0.00,0.00,0.000,0.000,0.00
1777902080,loop18,0.00,0.00,0.000,0.000,0.00
1777902080,loop19,0.00,0.00,0.000,0.000,0.00
1777902080,loop2,0.00,0.00,0.000,0.000,0.00
1777902080,loop20,0.00,0.00,0.000,0.000,0.00
1777902080,loop21,0.00,0.00,0.000,0.000,0.00
1777902080,loop22,0.00,0.00,0.000,0.000,0.00
1777902080,loop23,0.00,0.00,0.000,0.000,0.00
1777902080,loop24,0.00,0.00,0.000,0.000,0.00
1777902080,loop25,0.00,0.00,0.000,0.000,0.00
1777902080,loop26,0.00,0.00,0.000,0.000,0.00
1777902080,loop27,0.00,0.00,0.000,0.000,0.00
1777902080,loop28,0.00,0.00,0.000,0.000,0.00
1777902080,loop29,0.00,0.00,0.000,0.000,0.00
1777902080,loop3,0.00,0.00,0.000,0.000,0.00
1777902080,loop30,0.00,0.00,0.000,0.000,0.00
1777902080,loop31,0.00,0.00,0.000,0.000,0.00
1777902080,loop32,0.00,0.00,0.000,0.000,0.00
1777902080,loop33,0.00,0.00,0.000,0.000,0.00
1777902080,loop34,0.00,0.00,0.000,0.000,0.00
1777902080,loop35,0.00,0.00,0.000,0.000,0.00
1777902080,loop36,0.00,0.00,0.000,0.000,0.00
1777902080,loop37,0.00,0.00,0.000,0.000,0.00
1777902080,loop38,0.00,0.00,0.000,0.000,0.00
1777902080,loop39,0.00,0.00,0.000,0.000,0.00
1777902080,loop4,0.00,0.00,0.000,0.000,0.00
1777902080,loop40,0.00,0.00,0.000,0.000,0.00
1777902080,loop5,0.00,0.00,0.000,0.000,0.00
1777902080,loop6,0.00,0.00,0.000,0.000,0.00
1777902080,loop7,0.00,0.00,0.000,0.000,0.00
1777902080,loop8,0.00,0.00,0.000,0.000,0.00
1777902080,loop9,0.00,0.00,0.000,0.000,0.00
1777902080,nvme0n1,0.00,0.00,0.000,0.000,0.20
1777902081,loop0,0.00,0.00,0.000,0.000,0.00
1777902081,loop1,0.00,0.00,0.000,0.000,0.00
1777902081,loop10,0.00,0.00,0.000,0.000,0.00
1777902081,loop11,0.00,0.00,0.000,0.000,0.00
1777902081,loop12,0.00,0.00,0.000,0.000,0.00
1777902081,loop13,0.00,0.00,0.000,0.000,0.00
1777902081,loop14,0.00,0.00,0.000,0.000,0.00
1777902081,loop15,0.00,0.00,0.000,0.000,0.00
1777902081,loop16,0.00,0.00,0.000,0.000,0.00
1777902081,loop17,0.00,0.00,0.000,0.000,0.00
1777902081,loop18,0.00,0.00,0.000,0.000,0.00
1777902081,loop19,0.00,0.00,0.000,0.000,0.00
1777902081,loop2,0.00,0.00,0.000,0.000,0.00
1777902081,loop20,0.00,0.00,0.000,0.000,0.00
1777902081,loop21,0.00,0.00,0.000,0.000,0.00
1777902081,loop22,0.00,0.00,0.000,0.000,0.00
1777902081,loop23,0.00,0.00,0.000,0.000,0.00
1777902081,loop24,0.00,0.00,0.000,0.000,0.00
1777902081,loop25,0.00,0.00,0.000,0.000,0.00
1777902081,loop26,0.00,0.00,0.000,0.000,0.00
1777902081,loop27,0.00,0.00,0.000,0.000,0.00
1777902081,loop28,0.00,0.00,0.000,0.000,0.00
1777902081,loop29,0.00,0.00,0.000,0.000,0.00
1777902081,loop3,0.00,0.00,0.000,0.000,0.00
1777902081,loop30,0.00,0.00,0.000,0.000,0.00
1777902081,loop31,0.00,0.00,0.000,0.000,0.00
1777902081,loop32,0.00,0.00,0.000,0.000,0.00
1777902081,loop33,0.00,0.00,0.000,0.000,0.00
1777902081,loop34,0.00,0.00,0.000,0.000,0.00
1777902081,loop35,0.00,0.00,0.000,0.000,0.00
1777902081,loop36,0.00,0.00,0.000,0.000,0.00
1777902081,loop37,0.00,0.00,0.000,0.000,0.00
1777902081,loop38,0.00,0.00,0.000,0.000,0.00
1777902081,loop39,0.00,0.00,0.000,0.000,0.00
1777902081,loop4,0.00,0.00,0.000,0.000,0.00
1777902081,loop40,0.00,0.00,0.000,0.000,0.00
1777902081,loop5,0.00,0.00,0.000,0.000,0.00
1777902081,loop6,0.00,0.00,0.000,0.000,0.00
1777902081,loop7,0.00,0.00,0.000,0.000,0.00
1777902081,loop8,0.00,0.00,0.000,0.000,0.00
1777902081,loop9,0.00,0.00,0.000,0.000,0.00
1777902081,nvme0n1,0.00,0.00,0.000,0.000,0.30
1777902082,loop0,0.00,0.00,0.000,0.000,0.00
1777902082,loop1,0.00,0.00,0.000,0.000,0.00
1777902082,loop10,0.00,0.00,0.000,0.000,0.00
1777902082,loop11,0.00,0.00,0.000,0.000,0.00
1777902082,loop12,0.00,0.00,0.000,0.000,0.00
1777902082,loop13,0.00,0.00,0.000,0.000,0.00
1777902082,loop14,0.00,0.00,0.000,0.000,0.00
1777902082,loop15,0.00,0.00,0.000,0.000,0.00
1777902082,loop16,0.00,0.00,0.000,0.000,0.00
1777902082,loop17,0.00,0.00,0.000,0.000,0.00
1777902082,loop18,0.00,0.00,0.000,0.000,0.00
1777902082,loop19,0.00,0.00,0.000,0.000,0.00
1777902082,loop2,0.00,0.00,0.000,0.000,0.00
1777902082,loop20,0.00,0.00,0.000,0.000,0.00
1777902082,loop21,0.00,0.00,0.000,0.000,0.00
1777902082,loop22,0.00,0.00,0.000,0.000,0.00
1777902082,loop23,0.00,0.00,0.000,0.000,0.00
1777902082,loop24,0.00,0.00,0.000,0.000,0.00
1777902082,loop25,0.00,0.00,0.000,0.000,0.00
1777902082,loop26,0.00,0.00,0.000,0.000,0.00
1777902082,loop27,0.00,0.00,0.000,0.000,0.00
1777902082,loop28,0.00,0.00,0.000,0.000,0.00
1777902082,loop29,0.00,0.00,0.000,0.000,0.00
1777902082,loop3,0.00,0.00,0.000,0.000,0.00
1777902082,loop30,0.00,0.00,0.000,0.000,0.00
1777902082,loop31,0.00,0.00,0.000,0.000,0.00
1777902082,loop32,0.00,0.00,0.000,0.000,0.00
1777902082,loop33,0.00,0.00,0.000,0.000,0.00
1777902082,loop34,0.00,0.00,0.000,0.000,0.00
1777902082,loop35,0.00,0.00,0.000,0.000,0.00
1777902082,loop36,0.00,0.00,0.000,0.000,0.00
1777902082,loop37,0.00,0.00,0.000,0.000,0.00
1777902082,loop38,0.00,0.00,0.000,0.000,0.00
1777902082,loop39,0.00,0.00,0.000,0.000,0.00
1777902082,loop4,0.00,0.00,0.000,0.000,0.00
1777902082,loop40,0.00,0.00,0.000,0.000,0.00
1777902082,loop5,0.00,0.00,0.000,0.000,0.00
1777902082,loop6,0.00,0.00,0.000,0.000,0.00
1777902082,loop7,0.00,0.00,0.000,0.000,0.00
1777902082,loop8,0.00,0.00,0.000,0.000,0.00
1777902082,loop9,0.00,0.00,0.000,0.000,0.00
1777902082,nvme0n1,0.00,0.00,0.000,0.000,0.00
1777902083,loop0,0.00,0.00,0.000,0.000,0.00
1777902083,loop1,0.00,0.00,0.000,0.000,0.00
1777902083,loop10,0.00,0.00,0.000,0.000,0.00
1777902083,loop11,0.00,0.00,0.000,0.000,0.00
1777902083,loop12,0.00,0.00,0.000,0.000,0.00
1777902083,loop13,0.00,0.00,0.000,0.000,0.00
1777902083,loop14,0.00,0.00,0.000,0.000,0.00
1777902083,loop15,0.00,0.00,0.000,0.000,0.00
1777902083,loop16,0.00,0.00,0.000,0.000,0.00
1777902083,loop17,0.00,0.00,0.000,0.000,0.00
1777902083,loop18,0.00,0.00,0.000,0.000,0.00
1777902083,loop19,0.00,0.00,0.000,0.000,0.00
1777902083,loop2,0.00,0.00,0.000,0.000,0.00
1777902083,loop20,0.00,0.00,0.000,0.000,0.00
1777902083,loop21,0.00,0.00,0.000,0.000,0.00
1777902083,loop22,0.00,0.00,0.000,0.000,0.00
1777902083,loop23,0.00,0.00,0.000,0.000,0.00
1777902083,loop24,0.00,0.00,0.000,0.000,0.00
1777902083,loop25,0.00,0.00,0.000,0.000,0.00
1777902083,loop26,0.00,0.00,0.000,0.000,0.00
1777902083,loop27,0.00,0.00,0.000,0.000,0.00
1777902083,loop28,0.00,0.00,0.000,0.000,0.00
1777902083,loop29,0.00,0.00,0.000,0.000,0.00
1777902083,loop3,0.00,0.00,0.000,0.000,0.00
1777902083,loop30,0.00,0.00,0.000,0.000,0.00
1777902083,loop31,0.00,0.00,0.000,0.000,0.00
1777902083,loop32,0.00,0.00,0.000,0.000,0.00
1777902083,loop33,0.00,0.00,0.000,0.000,0.00
1777902083,loop34,0.00,0.00,0.000,0.000,0.00
1777902083,loop35,0.00,0.00,0.000,0.000,0.00
1777902083,loop36,0.00,0.00,0.000,0.000,0.00
1777902083,loop37,0.00,0.00,0.000,0.000,0.00
1777902083,loop38,0.00,0.00,0.000,0.000,0.00
1777902083,loop39,0.00,0.00,0.000,0.000,0.00
1777902083,loop4,0.00,0.00,0.000,0.000,0.00
1777902083,loop40,0.00,0.00,0.000,0.000,0.00
1777902083,loop5,0.00,0.00,0.000,0.000,0.00
1777902083,loop6,0.00,0.00,0.000,0.000,0.00
1777902083,loop7,0.00,0.00,0.000,0.000,0.00
1777902083,loop8,0.00,0.00,0.000,0.000,0.00
1777902083,loop9,0.00,0.00,0.000,0.000,0.00
1777902083,nvme0n1,0.00,0.00,0.000,0.000,0.40
1777902084,loop0,0.00,0.00,0.000,0.000,0.00
1777902084,loop1,0.00,0.00,0.000,0.000,0.00
1777902084,loop10,0.00,0.00,0.000,0.000,0.00
1777902084,loop11,0.00,0.00,0.000,0.000,0.00
1777902084,loop12,0.00,0.00,0.000,0.000,0.00
1777902084,loop13,0.00,0.00,0.000,0.000,0.00
1777902084,loop14,0.00,0.00,0.000,0.000,0.00
1777902084,loop15,0.00,0.00,0.000,0.000,0.00
1777902084,loop16,0.00,0.00,0.000,0.000,0.00
1777902084,loop17,0.00,0.00,0.000,0.000,0.00
1777902084,loop18,0.00,0.00,0.000,0.000,0.00
1777902084,loop19,0.00,0.00,0.000,0.000,0.00
1777902084,loop2,0.00,0.00,0.000,0.000,0.00
1777902084,loop20,0.00,0.00,0.000,0.000,0.00
1777902084,loop21,0.00,0.00,0.000,0.000,0.00
1777902084,loop22,0.00,0.00,0.000,0.000,0.00
1777902084,loop23,0.00,0.00,0.000,0.000,0.00
1777902084,loop24,0.00,0.00,0.000,0.000,0.00
1777902084,loop25,0.00,0.00,0.000,0.000,0.00
1777902084,loop26,0.00,0.00,0.000,0.000,0.00
1777902084,loop27,0.00,0.00,0.000,0.000,0.00
1777902084,loop28,0.00,0.00,0.000,0.000,0.00
1777902084,loop29,0.00,0.00,0.000,0.000,0.00
1777902084,loop3,0.00,0.00,0.000,0.000,0.00
1777902084,loop30,0.00,0.00,0.000,0.000,0.00
1777902084,loop31,0.00,0.00,0.000,0.000,0.00
1777902084,loop32,0.00,0.00,0.000,0.000,0.00
1777902084,loop33,0.00,0.00,0.000,0.000,0.00
1777902084,loop34,0.00,0.00,0.000,0.000,0.00
1777902084,loop35,0.00,0.00,0.000,0.000,0.00
1777902084,loop36,0.00,0.00,0.000,0.000,0.00
1777902084,loop37,0.00,0.00,0.000,0.000,0.00
1777902084,loop38,0.00,0.00,0.000,0.000,0.00
1777902084,loop39,0.00,0.00,0.000,0.000,0.00
1777902084,loop4,0.00,0.00,0.000,0.000,0.00
1777902084,loop40,0.00,0.00,0.000,0.000,0.00
1777902084,loop5,0.00,0.00,0.000,0.000,0.00
1777902084,loop6,0.00,0.00,0.000,0.000,0.00
1777902084,loop7,0.00,0.00,0.000,0.000,0.00
1777902084,loop8,0.00,0.00,0.000,0.000,0.00
1777902084,loop9,0.00,0.00,0.000,0.000,0.00
1777902084,nvme0n1,5.00,84.00,0.000,0.000,0.70
1777902085,loop0,0.00,0.00,0.000,0.000,0.00
1777902085,loop1,0.00,0.00,0.000,0.000,0.00
1777902085,loop10,0.00,0.00,0.000,0.000,0.00
1777902085,loop11,0.00,0.00,0.000,0.000,0.00
1777902085,loop12,0.00,0.00,0.000,0.000,0.00
1777902085,loop13,0.00,0.00,0.000,0.000,0.00
1777902085,loop14,0.00,0.00,0.000,0.000,0.00
1777902085,loop15,0.00,0.00,0.000,0.000,0.00
1777902085,loop16,0.00,0.00,0.000,0.000,0.00
1777902085,loop17,0.00,0.00,0.000,0.000,0.00
1777902085,loop18,0.00,0.00,0.000,0.000,0.00
1777902085,loop19,0.00,0.00,0.000,0.000,0.00
1777902085,loop2,0.00,0.00,0.000,0.000,0.00
1777902085,loop20,0.00,0.00,0.000,0.000,0.00
1777902085,loop21,0.00,0.00,0.000,0.000,0.00
1777902085,loop22,0.00,0.00,0.000,0.000,0.00
1777902085,loop23,0.00,0.00,0.000,0.000,0.00
1777902085,loop24,0.00,0.00,0.000,0.000,0.00
1777902085,loop25,0.00,0.00,0.000,0.000,0.00
1777902085,loop26,0.00,0.00,0.000,0.000,0.00
1777902085,loop27,0.00,0.00,0.000,0.000,0.00
1777902085,loop28,0.00,0.00,0.000,0.000,0.00
1777902085,loop29,0.00,0.00,0.000,0.000,0.00
1777902085,loop3,0.00,0.00,0.000,0.000,0.00
1777902085,loop30,0.00,0.00,0.000,0.000,0.00
1777902085,loop31,0.00,0.00,0.000,0.000,0.00
1777902085,loop32,0.00,0.00,0.000,0.000,0.00
1777902085,loop33,0.00,0.00,0.000,0.000,0.00
1777902085,loop34,0.00,0.00,0.000,0.000,0.00
1777902085,loop35,0.00,0.00,0.000,0.000,0.00
1777902085,loop36,0.00,0.00,0.000,0.000,0.00
1777902085,loop37,0.00,0.00,0.000,0.000,0.00
1777902085,loop38,0.00,0.00,0.000,0.000,0.00
1777902085,loop39,0.00,0.00,0.000,0.000,0.00
1777902085,loop4,0.00,0.00,0.000,0.000,0.00
1777902085,loop40,0.00,0.00,0.000,0.000,0.00
1777902085,loop5,0.00,0.00,0.000,0.000,0.00
1777902085,loop6,0.00,0.00,0.000,0.000,0.00
1777902085,loop7,0.00,0.00,0.000,0.000,0.00
1777902085,loop8,0.00,0.00,0.000,0.000,0.00
1777902085,loop9,0.00,0.00,0.000,0.000,0.00
1777902085,nvme0n1,14.00,296.00,0.000,0.000,0.30
1777902086,loop0,0.00,0.00,0.000,0.000,0.00
1777902086,loop1,0.00,0.00,0.000,0.000,0.00
1777902086,loop10,0.00,0.00,0.000,0.000,0.00
1777902086,loop11,0.00,0.00,0.000,0.000,0.00
1777902086,loop12,0.00,0.00,0.000,0.000,0.00
1777902086,loop13,0.00,0.00,0.000,0.000,0.00
1777902086,loop14,0.00,0.00,0.000,0.000,0.00
1777902086,loop15,0.00,0.00,0.000,0.000,0.00
1777902086,loop16,0.00,0.00,0.000,0.000,0.00
1777902086,loop17,0.00,0.00,0.000,0.000,0.00
1777902086,loop18,0.00,0.00,0.000,0.000,0.00
1777902086,loop19,0.00,0.00,0.000,0.000,0.00
1777902086,loop2,0.00,0.00,0.000,0.000,0.00
1777902086,loop20,0.00,0.00,0.000,0.000,0.00
1777902086,loop21,0.00,0.00,0.000,0.000,0.00
1777902086,loop22,0.00,0.00,0.000,0.000,0.00
1777902086,loop23,0.00,0.00,0.000,0.000,0.00
1777902086,loop24,0.00,0.00,0.000,0.000,0.00
1777902086,loop25,0.00,0.00,0.000,0.000,0.00
1777902086,loop26,0.00,0.00,0.000,0.000,0.00
1777902086,loop27,0.00,0.00,0.000,0.000,0.00
1777902086,loop28,0.00,0.00,0.000,0.000,0.00
1777902086,loop29,0.00,0.00,0.000,0.000,0.00
1777902086,loop3,0.00,0.00,0.000,0.000,0.00
1777902086,loop30,0.00,0.00,0.000,0.000,0.00
1777902086,loop31,0.00,0.00,0.000,0.000,0.00
1777902086,loop32,0.00,0.00,0.000,0.000,0.00
1777902086,loop33,0.00,0.00,0.000,0.000,0.00
1777902086,loop34,0.00,0.00,0.000,0.000,0.00
1777902086,loop35,0.00,0.00,0.000,0.000,0.00
1777902086,loop36,0.00,0.00,0.000,0.000,0.00
1777902086,loop37,0.00,0.00,0.000,0.000,0.00
1777902086,loop38,0.00,0.00,0.000,0.000,0.00
1777902086,loop39,0.00,0.00,0.000,0.000,0.00
1777902086,loop4,0.00,0.00,0.000,0.000,0.00
1777902086,loop40,0.00,0.00,0.000,0.000,0.00
1777902086,loop5,0.00,0.00,0.000,0.000,0.00
1777902086,loop6,0.00,0.00,0.000,0.000,0.00
1777902086,loop7,0.00,0.00,0.000,0.000,0.00
1777902086,loop8,0.00,0.00,0.000,0.000,0.00
1777902086,loop9,0.00,0.00,0.000,0.000,0.00
1777902086,nvme0n1,3.00,80.00,0.000,0.000,0.60
1777902087,loop0,0.00,0.00,0.000,0.000,0.00
1777902087,loop1,0.00,0.00,0.000,0.000,0.00
1777902087,loop10,0.00,0.00,0.000,0.000,0.00
1777902087,loop11,0.00,0.00,0.000,0.000,0.00
1777902087,loop12,0.00,0.00,0.000,0.000,0.00
1777902087,loop13,0.00,0.00,0.000,0.000,0.00
1777902087,loop14,0.00,0.00,0.000,0.000,0.00
1777902087,loop15,0.00,0.00,0.000,0.000,0.00
1777902087,loop16,0.00,0.00,0.000,0.000,0.00
1777902087,loop17,0.00,0.00,0.000,0.000,0.00
1777902087,loop18,0.00,0.00,0.000,0.000,0.00
1777902087,loop19,0.00,0.00,0.000,0.000,0.00
1777902087,loop2,0.00,0.00,0.000,0.000,0.00
1777902087,loop20,0.00,0.00,0.000,0.000,0.00
1777902087,loop21,0.00,0.00,0.000,0.000,0.00
1777902087,loop22,0.00,0.00,0.000,0.000,0.00
1777902087,loop23,0.00,0.00,0.000,0.000,0.00
1777902087,loop24,0.00,0.00,0.000,0.000,0.00
1777902087,loop25,0.00,0.00,0.000,0.000,0.00
1777902087,loop26,0.00,0.00,0.000,0.000,0.00
1777902087,loop27,0.00,0.00,0.000,0.000,0.00
1777902087,loop28,0.00,0.00,0.000,0.000,0.00
1777902087,loop29,0.00,0.00,0.000,0.000,0.00
1777902087,loop3,0.00,0.00,0.000,0.000,0.00
1777902087,loop30,0.00,0.00,0.000,0.000,0.00
1777902087,loop31,0.00,0.00,0.000,0.000,0.00
1777902087,loop32,0.00,0.00,0.000,0.000,0.00
1777902087,loop33,0.00,0.00,0.000,0.000,0.00
1777902087,loop34,0.00,0.00,0.000,0.000,0.00
1777902087,loop35,0.00,0.00,0.000,0.000,0.00
1777902087,loop36,0.00,0.00,0.000,0.000,0.00
1777902087,loop37,0.00,0.00,0.000,0.000,0.00
1777902087,loop38,0.00,0.00,0.000,0.000,0.00
1777902087,loop39,0.00,0.00,0.000,0.000,0.00
1777902087,loop4,0.00,0.00,0.000,0.000,0.00
1777902087,loop40,0.00,0.00,0.000,0.000,0.00
1777902087,loop5,0.00,0.00,0.000,0.000,0.00
1777902087,loop6,0.00,0.00,0.000,0.000,0.00
1777902087,loop7,0.00,0.00,0.000,0.000,0.00
1777902087,loop8,0.00,0.00,0.000,0.000,0.00
1777902087,loop9,0.00,0.00,0.000,0.000,0.00
1777902087,nvme0n1,0.00,0.00,0.000,0.000,0.10
1777902088,loop0,0.00,0.00,0.000,0.000,0.00
1777902088,loop1,0.00,0.00,0.000,0.000,0.00
1777902088,loop10,0.00,0.00,0.000,0.000,0.00
1777902088,loop11,0.00,0.00,0.000,0.000,0.00
1777902088,loop12,0.00,0.00,0.000,0.000,0.00
1777902088,loop13,0.00,0.00,0.000,0.000,0.00
1777902088,loop14,0.00,0.00,0.000,0.000,0.00
1777902088,loop15,0.00,0.00,0.000,0.000,0.00
1777902088,loop16,0.00,0.00,0.000,0.000,0.00
1777902088,loop17,0.00,0.00,0.000,0.000,0.00
1777902088,loop18,0.00,0.00,0.000,0.000,0.00
1777902088,loop19,0.00,0.00,0.000,0.000,0.00
1777902088,loop2,0.00,0.00,0.000,0.000,0.00
1777902088,loop20,0.00,0.00,0.000,0.000,0.00
1777902088,loop21,0.00,0.00,0.000,0.000,0.00
1777902088,loop22,0.00,0.00,0.000,0.000,0.00
1777902088,loop23,0.00,0.00,0.000,0.000,0.00
1777902088,loop24,0.00,0.00,0.000,0.000,0.00
1777902088,loop25,0.00,0.00,0.000,0.000,0.00
1777902088,loop26,0.00,0.00,0.000,0.000,0.00
1777902088,loop27,0.00,0.00,0.000,0.000,0.00
1777902088,loop28,0.00,0.00,0.000,0.000,0.00
1777902088,loop29,0.00,0.00,0.000,0.000,0.00
1777902088,loop3,0.00,0.00,0.000,0.000,0.00
1777902088,loop30,0.00,0.00,0.000,0.000,0.00
1777902088,loop31,0.00,0.00,0.000,0.000,0.00
1777902088,loop32,0.00,0.00,0.000,0.000,0.00
1777902088,loop33,0.00,0.00,0.000,0.000,0.00
1777902088,loop34,0.00,0.00,0.000,0.000,0.00
1777902088,loop35,0.00,0.00,0.000,0.000,0.00
1777902088,loop36,0.00,0.00,0.000,0.000,0.00
1777902088,loop37,0.00,0.00,0.000,0.000,0.00
1777902088,loop38,0.00,0.00,0.000,0.000,0.00
1777902088,loop39,0.00,0.00,0.000,0.000,0.00
1777902088,loop4,0.00,0.00,0.000,0.000,0.00
1777902088,loop40,0.00,0.00,0.000,0.000,0.00
1777902088,loop5,0.00,0.00,0.000,0.000,0.00
1777902088,loop6,0.00,0.00,0.000,0.000,0.00
1777902088,loop7,0.00,0.00,0.000,0.000,0.00
1777902088,loop8,0.00,0.00,0.000,0.000,0.00
1777902088,loop9,0.00,0.00,0.000,0.000,0.00
1777902088,nvme0n1,0.00,0.00,0.000,0.000,0.00
1777902089,loop0,0.00,0.00,0.000,0.000,0.00
1777902089,loop1,0.00,0.00,0.000,0.000,0.00
1777902089,loop10,0.00,0.00,0.000,0.000,0.00
1777902089,loop11,0.00,0.00,0.000,0.000,0.00
1777902089,loop12,0.00,0.00,0.000,0.000,0.00
1777902089,loop13,0.00,0.00,0.000,0.000,0.00
1777902089,loop14,0.00,0.00,0.000,0.000,0.00
1777902089,loop15,0.00,0.00,0.000,0.000,0.00
1777902089,loop16,0.00,0.00,0.000,0.000,0.00
1777902089,loop17,0.00,0.00,0.000,0.000,0.00
1777902089,loop18,0.00,0.00,0.000,0.000,0.00
1777902089,loop19,0.00,0.00,0.000,0.000,0.00
1777902089,loop2,0.00,0.00,0.000,0.000,0.00
1777902089,loop20,0.00,0.00,0.000,0.000,0.00
1777902089,loop21,0.00,0.00,0.000,0.000,0.00
1777902089,loop22,0.00,0.00,0.000,0.000,0.00
1777902089,loop23,0.00,0.00,0.000,0.000,0.00
1777902089,loop24,0.00,0.00,0.000,0.000,0.00
1777902089,loop25,0.00,0.00,0.000,0.000,0.00
1777902089,loop26,0.00,0.00,0.000,0.000,0.00
1777902089,loop27,0.00,0.00,0.000,0.000,0.00
1777902089,loop28,0.00,0.00,0.000,0.000,0.00
1777902089,loop29,0.00,0.00,0.000,0.000,0.00
1777902089,loop3,0.00,0.00,0.000,0.000,0.00
1777902089,loop30,0.00,0.00,0.000,0.000,0.00
1777902089,loop31,0.00,0.00,0.000,0.000,0.00
1777902089,loop32,0.00,0.00,0.000,0.000,0.00
1777902089,loop33,0.00,0.00,0.000,0.000,0.00
1777902089,loop34,0.00,0.00,0.000,0.000,0.00
1777902089,loop35,0.00,0.00,0.000,0.000,0.00
1777902089,loop36,0.00,0.00,0.000,0.000,0.00
1777902089,loop37,0.00,0.00,0.000,0.000,0.00
1777902089,loop38,0.00,0.00,0.000,0.000,0.00
1777902089,loop39,0.00,0.00,0.000,0.000,0.00
1777902089,loop4,0.00,0.00,0.000,0.000,0.00
1777902089,loop40,0.00,0.00,0.000,0.000,0.00
1777902089,loop5,0.00,0.00,0.000,0.000,0.00
1777902089,loop6,0.00,0.00,0.000,0.000,0.00
1777902089,loop7,0.00,0.00,0.000,0.000,0.00
1777902089,loop8,0.00,0.00,0.000,0.000,0.00
1777902089,loop9,0.00,0.00,0.000,0.000,0.00
1777902089,nvme0n1,0.00,0.00,0.000,0.000,1.50
1777902090,loop0,0.00,0.00,0.000,0.000,0.00
1777902090,loop1,0.00,0.00,0.000,0.000,0.00
1777902090,loop10,0.00,0.00,0.000,0.000,0.00
1777902090,loop11,0.00,0.00,0.000,0.000,0.00
1777902090,loop12,0.00,0.00,0.000,0.000,0.00
1777902090,loop13,0.00,0.00,0.000,0.000,0.00
1777902090,loop14,0.00,0.00,0.000,0.000,0.00
1777902090,loop15,0.00,0.00,0.000,0.000,0.00
1777902090,loop16,0.00,0.00,0.000,0.000,0.00
1777902090,loop17,0.00,0.00,0.000,0.000,0.00
1777902090,loop18,0.00,0.00,0.000,0.000,0.00
1777902090,loop19,0.00,0.00,0.000,0.000,0.00
1777902090,loop2,0.00,0.00,0.000,0.000,0.00
1777902090,loop20,0.00,0.00,0.000,0.000,0.00
1777902090,loop21,0.00,0.00,0.000,0.000,0.00
1777902090,loop22,0.00,0.00,0.000,0.000,0.00
1777902090,loop23,0.00,0.00,0.000,0.000,0.00
1777902090,loop24,0.00,0.00,0.000,0.000,0.00
1777902090,loop25,0.00,0.00,0.000,0.000,0.00
1777902090,loop26,0.00,0.00,0.000,0.000,0.00
1777902090,loop27,0.00,0.00,0.000,0.000,0.00
1777902090,loop28,0.00,0.00,0.000,0.000,0.00
1777902090,loop29,0.00,0.00,0.000,0.000,0.00
1777902090,loop3,0.00,0.00,0.000,0.000,0.00
1777902090,loop30,0.00,0.00,0.000,0.000,0.00
1777902090,loop31,0.00,0.00,0.000,0.000,0.00
1777902090,loop32,0.00,0.00,0.000,0.000,0.00
1777902090,loop33,0.00,0.00,0.000,0.000,0.00
1777902090,loop34,0.00,0.00,0.000,0.000,0.00
1777902090,loop35,0.00,0.00,0.000,0.000,0.00
1777902090,loop36,0.00,0.00,0.000,0.000,0.00
1777902090,loop37,0.00,0.00,0.000,0.000,0.00
1777902090,loop38,0.00,0.00,0.000,0.000,0.00
1777902090,loop39,0.00,0.00,0.000,0.000,0.00
1777902090,loop4,0.00,0.00,0.000,0.000,0.00
1777902090,loop40,0.00,0.00,0.000,0.000,0.00
1777902090,loop5,0.00,0.00,0.000,0.000,0.00
1777902090,loop6,0.00,0.00,0.000,0.000,0.00
1777902090,loop7,0.00,0.00,0.000,0.000,0.00
1777902090,loop8,0.00,0.00,0.000,0.000,0.00
1777902090,loop9,0.00,0.00,0.000,0.000,0.00
1777902090,nvme0n1,2.00,8.00,0.000,0.000,0.10
1777902091,loop0,0.00,0.00,0.000,0.000,0.00
1777902091,loop1,0.00,0.00,0.000,0.000,0.00
1777902091,loop10,0.00,0.00,0.000,0.000,0.00
1777902091,loop11,0.00,0.00,0.000,0.000,0.00
1777902091,loop12,0.00,0.00,0.000,0.000,0.00
1777902091,loop13,0.00,0.00,0.000,0.000,0.00
1777902091,loop14,0.00,0.00,0.000,0.000,0.00
1777902091,loop15,0.00,0.00,0.000,0.000,0.00
1777902091,loop16,0.00,0.00,0.000,0.000,0.00
1777902091,loop17,0.00,0.00,0.000,0.000,0.00
1777902091,loop18,0.00,0.00,0.000,0.000,0.00
1777902091,loop19,0.00,0.00,0.000,0.000,0.00
1777902091,loop2,0.00,0.00,0.000,0.000,0.00
1777902091,loop20,0.00,0.00,0.000,0.000,0.00
1777902091,loop21,0.00,0.00,0.000,0.000,0.00
1777902091,loop22,0.00,0.00,0.000,0.000,0.00
1777902091,loop23,0.00,0.00,0.000,0.000,0.00
1777902091,loop24,0.00,0.00,0.000,0.000,0.00
1777902091,loop25,0.00,0.00,0.000,0.000,0.00
1777902091,loop26,0.00,0.00,0.000,0.000,0.00
1777902091,loop27,0.00,0.00,0.000,0.000,0.00
1777902091,loop28,0.00,0.00,0.000,0.000,0.00
1777902091,loop29,0.00,0.00,0.000,0.000,0.00
1777902091,loop3,0.00,0.00,0.000,0.000,0.00
1777902091,loop30,0.00,0.00,0.000,0.000,0.00
1777902091,loop31,0.00,0.00,0.000,0.000,0.00
1777902091,loop32,0.00,0.00,0.000,0.000,0.00
1777902091,loop33,0.00,0.00,0.000,0.000,0.00
1777902091,loop34,0.00,0.00,0.000,0.000,0.00
1777902091,loop35,0.00,0.00,0.000,0.000,0.00
1777902091,loop36,0.00,0.00,0.000,0.000,0.00
1777902091,loop37,0.00,0.00,0.000,0.000,0.00
1777902091,loop38,0.00,0.00,0.000,0.000,0.00
1777902091,loop39,0.00,0.00,0.000,0.000,0.00
1777902091,loop4,0.00,0.00,0.000,0.000,0.00
1777902091,loop40,0.00,0.00,0.000,0.000,0.00
1777902091,loop5,0.00,0.00,0.000,0.000,0.00
1777902091,loop6,0.00,0.00,0.000,0.000,0.00
1777902091,loop7,0.00,0.00,0.000,0.000,0.00
1777902091,loop8,0.00,0.00,0.000,0.000,0.00
1777902091,loop9,0.00,0.00,0.000,0.000,0.00
1777902091,nvme0n1,0.00,0.00,0.000,0.000,0.00
1777902092,loop0,0.00,0.00,0.000,0.000,0.00
1777902092,loop1,0.00,0.00,0.000,0.000,0.00
1777902092,loop10,0.00,0.00,0.000,0.000,0.00
1777902092,loop11,0.00,0.00,0.000,0.000,0.00
1777902092,loop12,0.00,0.00,0.000,0.000,0.00
1777902092,loop13,0.00,0.00,0.000,0.000,0.00
1777902092,loop14,0.00,0.00,0.000,0.000,0.00
1777902092,loop15,0.00,0.00,0.000,0.000,0.00
1777902092,loop16,0.00,0.00,0.000,0.000,0.00
1777902092,loop17,0.00,0.00,0.000,0.000,0.00
1777902092,loop18,0.00,0.00,0.000,0.000,0.00
1777902092,loop19,0.00,0.00,0.000,0.000,0.00
1777902092,loop2,0.00,0.00,0.000,0.000,0.00
1777902092,loop20,0.00,0.00,0.000,0.000,0.00
1777902092,loop21,0.00,0.00,0.000,0.000,0.00
1777902092,loop22,0.00,0.00,0.000,0.000,0.00
1777902092,loop23,0.00,0.00,0.000,0.000,0.00
1777902092,loop24,0.00,0.00,0.000,0.000,0.00
1777902092,loop25,0.00,0.00,0.000,0.000,0.00
1777902092,loop26,0.00,0.00,0.000,0.000,0.00
1777902092,loop27,0.00,0.00,0.000,0.000,0.00
1777902092,loop28,0.00,0.00,0.000,0.000,0.00
1777902092,loop29,0.00,0.00,0.000,0.000,0.00
1777902092,loop3,0.00,0.00,0.000,0.000,0.00
1777902092,loop30,0.00,0.00,0.000,0.000,0.00
1777902092,loop31,0.00,0.00,0.000,0.000,0.00
1777902092,loop32,0.00,0.00,0.000,0.000,0.00
1777902092,loop33,0.00,0.00,0.000,0.000,0.00
1777902092,loop34,0.00,0.00,0.000,0.000,0.00
1777902092,loop35,0.00,0.00,0.000,0.000,0.00
1777902092,loop36,0.00,0.00,0.000,0.000,0.00
1777902092,loop37,0.00,0.00,0.000,0.000,0.00
1777902092,loop38,0.00,0.00,0.000,0.000,0.00
1777902092,loop39,0.00,0.00,0.000,0.000,0.00
1777902092,loop4,0.00,0.00,0.000,0.000,0.00
1777902092,loop40,0.00,0.00,0.000,0.000,0.00
1777902092,loop5,0.00,0.00,0.000,0.000,0.00
1777902092,loop6,0.00,0.00,0.000,0.000,0.00
1777902092,loop7,0.00,0.00,0.000,0.000,0.00
1777902092,loop8,0.00,0.00,0.000,0.000,0.00
1777902092,loop9,0.00,0.00,0.000,0.000,0.00
1777902092,nvme0n1,0.00,0.00,0.000,0.000,0.00
1777902093,loop0,0.00,0.00,0.000,0.000,0.00
1777902093,loop1,0.00,0.00,0.000,0.000,0.00
1777902093,loop10,0.00,0.00,0.000,0.000,0.00
1777902093,loop11,0.00,0.00,0.000,0.000,0.00
1777902093,loop12,0.00,0.00,0.000,0.000,0.00
1777902093,loop13,0.00,0.00,0.000,0.000,0.00
1777902093,loop14,0.00,0.00,0.000,0.000,0.00
1777902093,loop15,0.00,0.00,0.000,0.000,0.00
1777902093,loop16,0.00,0.00,0.000,0.000,0.00
1777902093,loop17,0.00,0.00,0.000,0.000,0.00
1777902093,loop18,0.00,0.00,0.000,0.000,0.00
1777902093,loop19,0.00,0.00,0.000,0.000,0.00
1777902093,loop2,0.00,0.00,0.000,0.000,0.00
1777902093,loop20,0.00,0.00,0.000,0.000,0.00
1777902093,loop21,0.00,0.00,0.000,0.000,0.00
1777902093,loop22,0.00,0.00,0.000,0.000,0.00
1777902093,loop23,0.00,0.00,0.000,0.000,0.00
1777902093,loop24,0.00,0.00,0.000,0.000,0.00
1777902093,loop25,0.00,0.00,0.000,0.000,0.00
1777902093,loop26,0.00,0.00,0.000,0.000,0.00
1777902093,loop27,0.00,0.00,0.000,0.000,0.00
1777902093,loop28,0.00,0.00,0.000,0.000,0.00
1777902093,loop29,0.00,0.00,0.000,0.000,0.00
1777902093,loop3,0.00,0.00,0.000,0.000,0.00
1777902093,loop30,0.00,0.00,0.000,0.000,0.00
1777902093,loop31,0.00,0.00,0.000,0.000,0.00
1777902093,loop32,0.00,0.00,0.000,0.000,0.00
1777902093,loop33,0.00,0.00,0.000,0.000,0.00
1777902093,loop34,0.00,0.00,0.000,0.000,0.00
1777902093,loop35,0.00,0.00,0.000,0.000,0.00
1777902093,loop36,0.00,0.00,0.000,0.000,0.00
1777902093,loop37,0.00,0.00,0.000,0.000,0.00
1777902093,loop38,0.00,0.00,0.000,0.000,0.00
1777902093,loop39,0.00,0.00,0.000,0.000,0.00
1777902093,loop4,0.00,0.00,0.000,0.000,0.00
1777902093,loop40,0.00,0.00,0.000,0.000,0.00
1777902093,loop5,0.00,0.00,0.000,0.000,0.00
1777902093,loop6,0.00,0.00,0.000,0.000,0.00
1777902093,loop7,0.00,0.00,0.000,0.000,0.00
1777902093,loop8,0.00,0.00,0.000,0.000,0.00
1777902093,loop9,0.00,0.00,0.000,0.000,0.00
1777902093,nvme0n1,0.00,0.00,0.000,0.000,0.00
1777902094,loop0,0.00,0.00,0.000,0.000,0.00
1777902094,loop1,0.00,0.00,0.000,0.000,0.00
1777902094,loop10,0.00,0.00,0.000,0.000,0.00
1777902094,loop11,0.00,0.00,0.000,0.000,0.00
1777902094,loop12,0.00,0.00,0.000,0.000,0.00
1777902094,loop13,0.00,0.00,0.000,0.000,0.00
1777902094,loop14,0.00,0.00,0.000,0.000,0.00
1777902094,loop15,0.00,0.00,0.000,0.000,0.00
1777902094,loop16,0.00,0.00,0.000,0.000,0.00
1777902094,loop17,0.00,0.00,0.000,0.000,0.00
1777902094,loop18,0.00,0.00,0.000,0.000,0.00
1777902094,loop19,0.00,0.00,0.000,0.000,0.00
1777902094,loop2,0.00,0.00,0.000,0.000,0.00
1777902094,loop20,0.00,0.00,0.000,0.000,0.00
1777902094,loop21,0.00,0.00,0.000,0.000,0.00
1777902094,loop22,0.00,0.00,0.000,0.000,0.00
1777902094,loop23,0.00,0.00,0.000,0.000,0.00
1777902094,loop24,0.00,0.00,0.000,0.000,0.00
1777902094,loop25,0.00,0.00,0.000,0.000,0.00
1777902094,loop26,0.00,0.00,0.000,0.000,0.00
1777902094,loop27,0.00,0.00,0.000,0.000,0.00
1777902094,loop28,0.00,0.00,0.000,0.000,0.00
1777902094,loop29,0.00,0.00,0.000,0.000,0.00
1777902094,loop3,0.00,0.00,0.000,0.000,0.00
1777902094,loop30,0.00,0.00,0.000,0.000,0.00
1777902094,loop31,0.00,0.00,0.000,0.000,0.00
1777902094,loop32,0.00,0.00,0.000,0.000,0.00
1777902094,loop33,0.00,0.00,0.000,0.000,0.00
1777902094,loop34,0.00,0.00,0.000,0.000,0.00
1777902094,loop35,0.00,0.00,0.000,0.000,0.00
1777902094,loop36,0.00,0.00,0.000,0.000,0.00
1777902094,loop37,0.00,0.00,0.000,0.000,0.00
1777902094,loop38,0.00,0.00,0.000,0.000,0.00
1777902094,loop39,0.00,0.00,0.000,0.000,0.00
1777902094,loop4,0.00,0.00,0.000,0.000,0.00
1777902094,loop40,0.00,0.00,0.000,0.000,0.00
1777902094,loop5,0.00,0.00,0.000,0.000,0.00
1777902094,loop6,0.00,0.00,0.000,0.000,0.00
1777902094,loop7,0.00,0.00,0.000,0.000,0.00
1777902094,loop8,0.00,0.00,0.000,0.000,0.00
1777902094,loop9,0.00,0.00,0.000,0.000,0.00
1777902094,nvme0n1,0.00,0.00,0.000,0.000,0.30
1777902095,loop0,0.00,0.00,0.000,0.000,0.00
1777902095,loop1,0.00,0.00,0.000,0.000,0.00
1777902095,loop10,0.00,0.00,0.000,0.000,0.00
1777902095,loop11,0.00,0.00,0.000,0.000,0.00
1777902095,loop12,0.00,0.00,0.000,0.000,0.00
1777902095,loop13,0.00,0.00,0.000,0.000,0.00
1777902095,loop14,0.00,0.00,0.000,0.000,0.00
1777902095,loop15,0.00,0.00,0.000,0.000,0.00
1777902095,loop16,0.00,0.00,0.000,0.000,0.00
1777902095,loop17,0.00,0.00,0.000,0.000,0.00
1777902095,loop18,0.00,0.00,0.000,0.000,0.00
1777902095,loop19,0.00,0.00,0.000,0.000,0.00
1777902095,loop2,0.00,0.00,0.000,0.000,0.00
1777902095,loop20,0.00,0.00,0.000,0.000,0.00
1777902095,loop21,0.00,0.00,0.000,0.000,0.00
1777902095,loop22,0.00,0.00,0.000,0.000,0.00
1777902095,loop23,0.00,0.00,0.000,0.000,0.00
1777902095,loop24,0.00,0.00,0.000,0.000,0.00
1777902095,loop25,0.00,0.00,0.000,0.000,0.00
1777902095,loop26,0.00,0.00,0.000,0.000,0.00
1777902095,loop27,0.00,0.00,0.000,0.000,0.00
1777902095,loop28,0.00,0.00,0.000,0.000,0.00
1777902095,loop29,0.00,0.00,0.000,0.000,0.00
1777902095,loop3,0.00,0.00,0.000,0.000,0.00
1777902095,loop30,0.00,0.00,0.000,0.000,0.00
1777902095,loop31,0.00,0.00,0.000,0.000,0.00
1777902095,loop32,0.00,0.00,0.000,0.000,0.00
1777902095,loop33,0.00,0.00,0.000,0.000,0.00
1777902095,loop34,0.00,0.00,0.000,0.000,0.00
1777902095,loop35,0.00,0.00,0.000,0.000,0.00
1777902095,loop36,0.00,0.00,0.000,0.000,0.00
1777902095,loop37,0.00,0.00,0.000,0.000,0.00
1777902095,loop38,0.00,0.00,0.000,0.000,0.00
1777902095,loop39,0.00,0.00,0.000,0.000,0.00
1777902095,loop4,0.00,0.00,0.000,0.000,0.00
1777902095,loop40,0.00,0.00,0.000,0.000,0.00
1777902095,loop5,0.00,0.00,0.000,0.000,0.00
1777902095,loop6,0.00,0.00,0.000,0.000,0.00
1777902095,loop7,0.00,0.00,0.000,0.000,0.00
1777902095,loop8,0.00,0.00,0.000,0.000,0.00
1777902095,loop9,0.00,0.00,0.000,0.000,0.00
1777902095,nvme0n1,9.00,36.00,0.000,0.000,0.10
1777902096,loop0,0.00,0.00,0.000,0.000,0.00
1777902096,loop1,0.00,0.00,0.000,0.000,0.00
1777902096,loop10,0.00,0.00,0.000,0.000,0.00
1777902096,loop11,0.00,0.00,0.000,0.000,0.00
1777902096,loop12,0.00,0.00,0.000,0.000,0.00
1777902096,loop13,0.00,0.00,0.000,0.000,0.00
1777902096,loop14,0.00,0.00,0.000,0.000,0.00
1777902096,loop15,0.00,0.00,0.000,0.000,0.00
1777902096,loop16,0.00,0.00,0.000,0.000,0.00
1777902096,loop17,0.00,0.00,0.000,0.000,0.00
1777902096,loop18,0.00,0.00,0.000,0.000,0.00
1777902096,loop19,0.00,0.00,0.000,0.000,0.00
1777902096,loop2,0.00,0.00,0.000,0.000,0.00
1777902096,loop20,0.00,0.00,0.000,0.000,0.00
1777902096,loop21,0.00,0.00,0.000,0.000,0.00
1777902096,loop22,0.00,0.00,0.000,0.000,0.00
1777902096,loop23,0.00,0.00,0.000,0.000,0.00
1777902096,loop24,0.00,0.00,0.000,0.000,0.00
1777902096,loop25,0.00,0.00,0.000,0.000,0.00
1777902096,loop26,0.00,0.00,0.000,0.000,0.00
1777902096,loop27,0.00,0.00,0.000,0.000,0.00
1777902096,loop28,0.00,0.00,0.000,0.000,0.00
1777902096,loop29,0.00,0.00,0.000,0.000,0.00
1777902096,loop3,0.00,0.00,0.000,0.000,0.00
1777902096,loop30,0.00,0.00,0.000,0.000,0.00
1777902096,loop31,0.00,0.00,0.000,0.000,0.00
1777902096,loop32,0.00,0.00,0.000,0.000,0.00
1777902096,loop33,0.00,0.00,0.000,0.000,0.00
1777902096,loop34,0.00,0.00,0.000,0.000,0.00
1777902096,loop35,0.00,0.00,0.000,0.000,0.00
1777902096,loop36,0.00,0.00,0.000,0.000,0.00
1777902096,loop37,0.00,0.00,0.000,0.000,0.00
1777902096,loop38,0.00,0.00,0.000,0.000,0.00
1777902096,loop39,0.00,0.00,0.000,0.000,0.00
1777902096,loop4,0.00,0.00,0.000,0.000,0.00
1777902096,loop40,0.00,0.00,0.000,0.000,0.00
1777902096,loop5,0.00,0.00,0.000,0.000,0.00
1777902096,loop6,0.00,0.00,0.000,0.000,0.00
1777902096,loop7,0.00,0.00,0.000,0.000,0.00
1777902096,loop8,0.00,0.00,0.000,0.000,0.00
1777902096,loop9,0.00,0.00,0.000,0.000,0.00
1777902096,nvme0n1,0.00,0.00,0.000,0.000,0.00
1777902097,loop0,0.00,0.00,0.000,0.000,0.00
1777902097,loop1,0.00,0.00,0.000,0.000,0.00
1777902097,loop10,0.00,0.00,0.000,0.000,0.00
1777902097,loop11,0.00,0.00,0.000,0.000,0.00
1777902097,loop12,0.00,0.00,0.000,0.000,0.00
1777902097,loop13,0.00,0.00,0.000,0.000,0.00
1777902097,loop14,0.00,0.00,0.000,0.000,0.00
1777902097,loop15,0.00,0.00,0.000,0.000,0.00
1777902097,loop16,0.00,0.00,0.000,0.000,0.00
1777902097,loop17,0.00,0.00,0.000,0.000,0.00
1777902097,loop18,0.00,0.00,0.000,0.000,0.00
1777902097,loop19,0.00,0.00,0.000,0.000,0.00
1777902097,loop2,0.00,0.00,0.000,0.000,0.00
1777902097,loop20,0.00,0.00,0.000,0.000,0.00
1777902097,loop21,0.00,0.00,0.000,0.000,0.00
1777902097,loop22,0.00,0.00,0.000,0.000,0.00
1777902097,loop23,0.00,0.00,0.000,0.000,0.00
1777902097,loop24,0.00,0.00,0.000,0.000,0.00
1777902097,loop25,0.00,0.00,0.000,0.000,0.00
1777902097,loop26,0.00,0.00,0.000,0.000,0.00
1777902097,loop27,0.00,0.00,0.000,0.000,0.00
1777902097,loop28,0.00,0.00,0.000,0.000,0.00
1777902097,loop29,0.00,0.00,0.000,0.000,0.00
1777902097,loop3,0.00,0.00,0.000,0.000,0.00
1777902097,loop30,0.00,0.00,0.000,0.000,0.00
1777902097,loop31,0.00,0.00,0.000,0.000,0.00
1777902097,loop32,0.00,0.00,0.000,0.000,0.00
1777902097,loop33,0.00,0.00,0.000,0.000,0.00
1777902097,loop34,0.00,0.00,0.000,0.000,0.00
1777902097,loop35,0.00,0.00,0.000,0.000,0.00
1777902097,loop36,0.00,0.00,0.000,0.000,0.00
1777902097,loop37,0.00,0.00,0.000,0.000,0.00
1777902097,loop38,0.00,0.00,0.000,0.000,0.00
1777902097,loop39,0.00,0.00,0.000,0.000,0.00
1777902097,loop4,0.00,0.00,0.000,0.000,0.00
1777902097,loop40,0.00,0.00,0.000,0.000,0.00
1777902097,loop5,0.00,0.00,0.000,0.000,0.00
1777902097,loop6,0.00,0.00,0.000,0.000,0.00
1777902097,loop7,0.00,0.00,0.000,0.000,0.00
1777902097,loop8,0.00,0.00,0.000,0.000,0.00
1777902097,loop9,0.00,0.00,0.000,0.000,0.00
1777902097,nvme0n1,0.00,0.00,0.000,0.000,0.00
1777902098,loop0,0.00,0.00,0.000,0.000,0.00
1777902098,loop1,0.00,0.00,0.000,0.000,0.00
1777902098,loop10,0.00,0.00,0.000,0.000,0.00
1777902098,loop11,0.00,0.00,0.000,0.000,0.00
1777902098,loop12,0.00,0.00,0.000,0.000,0.00
1777902098,loop13,0.00,0.00,0.000,0.000,0.00
1777902098,loop14,0.00,0.00,0.000,0.000,0.00
1777902098,loop15,0.00,0.00,0.000,0.000,0.00
1777902098,loop16,0.00,0.00,0.000,0.000,0.00
1777902098,loop17,0.00,0.00,0.000,0.000,0.00
1777902098,loop18,0.00,0.00,0.000,0.000,0.00
1777902098,loop19,0.00,0.00,0.000,0.000,0.00
1777902098,loop2,0.00,0.00,0.000,0.000,0.00
1777902098,loop20,0.00,0.00,0.000,0.000,0.00
1777902098,loop21,0.00,0.00,0.000,0.000,0.00
1777902098,loop22,0.00,0.00,0.000,0.000,0.00
1777902098,loop23,0.00,0.00,0.000,0.000,0.00
1777902098,loop24,0.00,0.00,0.000,0.000,0.00
1777902098,loop25,0.00,0.00,0.000,0.000,0.00
1777902098,loop26,0.00,0.00,0.000,0.000,0.00
1777902098,loop27,0.00,0.00,0.000,0.000,0.00
1777902098,loop28,0.00,0.00,0.000,0.000,0.00
1777902098,loop29,0.00,0.00,0.000,0.000,0.00
1777902098,loop3,0.00,0.00,0.000,0.000,0.00
1777902098,loop30,0.00,0.00,0.000,0.000,0.00
1777902098,loop31,0.00,0.00,0.000,0.000,0.00
1777902098,loop32,0.00,0.00,0.000,0.000,0.00
1777902098,loop33,0.00,0.00,0.000,0.000,0.00
1777902098,loop34,0.00,0.00,0.000,0.000,0.00
1777902098,loop35,0.00,0.00,0.000,0.000,0.00
1777902098,loop36,0.00,0.00,0.000,0.000,0.00
1777902098,loop37,0.00,0.00,0.000,0.000,0.00
1777902098,loop38,0.00,0.00,0.000,0.000,0.00
1777902098,loop39,0.00,0.00,0.000,0.000,0.00
1777902098,loop4,0.00,0.00,0.000,0.000,0.00
1777902098,loop40,0.00,0.00,0.000,0.000,0.00
1777902098,loop5,0.00,0.00,0.000,0.000,0.00
1777902098,loop6,0.00,0.00,0.000,0.000,0.00
1777902098,loop7,0.00,0.00,0.000,0.000,0.00
1777902098,loop8,0.00,0.00,0.000,0.000,0.00
1777902098,loop9,0.00,0.00,0.000,0.000,0.00
1777902098,nvme0n1,0.00,0.00,0.000,0.000,2.20
1777902099,loop0,0.00,0.00,0.000,0.000,0.00
1777902099,loop1,0.00,0.00,0.000,0.000,0.00
1777902099,loop10,0.00,0.00,0.000,0.000,0.00
1777902099,loop11,0.00,0.00,0.000,0.000,0.00
1777902099,loop12,0.00,0.00,0.000,0.000,0.00
1777902099,loop13,0.00,0.00,0.000,0.000,0.00
1777902099,loop14,0.00,0.00,0.000,0.000,0.00
1777902099,loop15,0.00,0.00,0.000,0.000,0.00
1777902099,loop16,0.00,0.00,0.000,0.000,0.00
1777902099,loop17,0.00,0.00,0.000,0.000,0.00
1777902099,loop18,0.00,0.00,0.000,0.000,0.00
1777902099,loop19,0.00,0.00,0.000,0.000,0.00
1777902099,loop2,0.00,0.00,0.000,0.000,0.00
1777902099,loop20,0.00,0.00,0.000,0.000,0.00
1777902099,loop21,0.00,0.00,0.000,0.000,0.00
1777902099,loop22,0.00,0.00,0.000,0.000,0.00
1777902099,loop23,0.00,0.00,0.000,0.000,0.00
1777902099,loop24,0.00,0.00,0.000,0.000,0.00
1777902099,loop25,0.00,0.00,0.000,0.000,0.00
1777902099,loop26,0.00,0.00,0.000,0.000,0.00
1777902099,loop27,0.00,0.00,0.000,0.000,0.00
1777902099,loop28,0.00,0.00,0.000,0.000,0.00
1777902099,loop29,0.00,0.00,0.000,0.000,0.00
1777902099,loop3,0.00,0.00,0.000,0.000,0.00
1777902099,loop30,0.00,0.00,0.000,0.000,0.00
1777902099,loop31,0.00,0.00,0.000,0.000,0.00
1777902099,loop32,0.00,0.00,0.000,0.000,0.00
1777902099,loop33,0.00,0.00,0.000,0.000,0.00
1777902099,loop34,0.00,0.00,0.000,0.000,0.00
1777902099,loop35,0.00,0.00,0.000,0.000,0.00
1777902099,loop36,0.00,0.00,0.000,0.000,0.00
1777902099,loop37,0.00,0.00,0.000,0.000,0.00
1777902099,loop38,0.00,0.00,0.000,0.000,0.00
1777902099,loop39,0.00,0.00,0.000,0.000,0.00
1777902099,loop4,0.00,0.00,0.000,0.000,0.00
1777902099,loop40,0.00,0.00,0.000,0.000,0.00
1777902099,loop5,0.00,0.00,0.000,0.000,0.00
1777902099,loop6,0.00,0.00,0.000,0.000,0.00
1777902099,loop7,0.00,0.00,0.000,0.000,0.00
1777902099,loop8,0.00,0.00,0.000,0.000,0.00
1777902099,loop9,0.00,0.00,0.000,0.000,0.00
1777902099,nvme0n1,0.00,0.00,0.000,0.000,0.30
1777902100,loop0,0.00,0.00,0.000,0.000,0.00
1777902100,loop1,0.00,0.00,0.000,0.000,0.00
1777902100,loop10,0.00,0.00,0.000,0.000,0.00
1777902100,loop11,0.00,0.00,0.000,0.000,0.00
1777902100,loop12,0.00,0.00,0.000,0.000,0.00
1777902100,loop13,0.00,0.00,0.000,0.000,0.00
1777902100,loop14,0.00,0.00,0.000,0.000,0.00
1777902100,loop15,0.00,0.00,0.000,0.000,0.00
1777902100,loop16,0.00,0.00,0.000,0.000,0.00
1777902100,loop17,0.00,0.00,0.000,0.000,0.00
1777902100,loop18,0.00,0.00,0.000,0.000,0.00
1777902100,loop19,0.00,0.00,0.000,0.000,0.00
1777902100,loop2,0.00,0.00,0.000,0.000,0.00
1777902100,loop20,0.00,0.00,0.000,0.000,0.00
1777902100,loop21,0.00,0.00,0.000,0.000,0.00
1777902100,loop22,0.00,0.00,0.000,0.000,0.00
1777902100,loop23,0.00,0.00,0.000,0.000,0.00
1777902100,loop24,0.00,0.00,0.000,0.000,0.00
1777902100,loop25,0.00,0.00,0.000,0.000,0.00
1777902100,loop26,0.00,0.00,0.000,0.000,0.00
1777902100,loop27,0.00,0.00,0.000,0.000,0.00
1777902100,loop28,0.00,0.00,0.000,0.000,0.00
1777902100,loop29,0.00,0.00,0.000,0.000,0.00
1777902100,loop3,0.00,0.00,0.000,0.000,0.00
1777902100,loop30,0.00,0.00,0.000,0.000,0.00
1777902100,loop31,0.00,0.00,0.000,0.000,0.00
1777902100,loop32,0.00,0.00,0.000,0.000,0.00
1777902100,loop33,0.00,0.00,0.000,0.000,0.00
1777902100,loop34,0.00,0.00,0.000,0.000,0.00
1777902100,loop35,0.00,0.00,0.000,0.000,0.00
1777902100,loop36,0.00,0.00,0.000,0.000,0.00
1777902100,loop37,0.00,0.00,0.000,0.000,0.00
1777902100,loop38,0.00,0.00,0.000,0.000,0.00
1777902100,loop39,0.00,0.00,0.000,0.000,0.00
1777902100,loop4,0.00,0.00,0.000,0.000,0.00
1777902100,loop40,0.00,0.00,0.000,0.000,0.00
1777902100,loop5,0.00,0.00,0.000,0.000,0.00
1777902100,loop6,0.00,0.00,0.000,0.000,0.00
1777902100,loop7,0.00,0.00,0.000,0.000,0.00
1777902100,loop8,0.00,0.00,0.000,0.000,0.00
1777902100,loop9,0.00,0.00,0.000,0.000,0.00
1777902100,nvme0n1,0.00,0.00,0.000,0.000,0.50
1777902101,loop0,0.00,0.00,0.000,0.000,0.00
1777902101,loop1,0.00,0.00,0.000,0.000,0.00
1777902101,loop10,0.00,0.00,0.000,0.000,0.00
1777902101,loop11,0.00,0.00,0.000,0.000,0.00
1777902101,loop12,0.00,0.00,0.000,0.000,0.00
1777902101,loop13,0.00,0.00,0.000,0.000,0.00
1777902101,loop14,0.00,0.00,0.000,0.000,0.00
1777902101,loop15,0.00,0.00,0.000,0.000,0.00
1777902101,loop16,0.00,0.00,0.000,0.000,0.00
1777902101,loop17,0.00,0.00,0.000,0.000,0.00
1777902101,loop18,0.00,0.00,0.000,0.000,0.00
1777902101,loop19,0.00,0.00,0.000,0.000,0.00
1777902101,loop2,0.00,0.00,0.000,0.000,0.00
1777902101,loop20,0.00,0.00,0.000,0.000,0.00
1777902101,loop21,0.00,0.00,0.000,0.000,0.00
1777902101,loop22,0.00,0.00,0.000,0.000,0.00
1777902101,loop23,0.00,0.00,0.000,0.000,0.00
1777902101,loop24,0.00,0.00,0.000,0.000,0.00
1777902101,loop25,0.00,0.00,0.000,0.000,0.00
1777902101,loop26,0.00,0.00,0.000,0.000,0.00
1777902101,loop27,0.00,0.00,0.000,0.000,0.00
1777902101,loop28,0.00,0.00,0.000,0.000,0.00
1777902101,loop29,0.00,0.00,0.000,0.000,0.00
1777902101,loop3,0.00,0.00,0.000,0.000,0.00
1777902101,loop30,0.00,0.00,0.000,0.000,0.00
1777902101,loop31,0.00,0.00,0.000,0.000,0.00
1777902101,loop32,0.00,0.00,0.000,0.000,0.00
1777902101,loop33,0.00,0.00,0.000,0.000,0.00
1777902101,loop34,0.00,0.00,0.000,0.000,0.00
1777902101,loop35,0.00,0.00,0.000,0.000,0.00
1777902101,loop36,0.00,0.00,0.000,0.000,0.00
1777902101,loop37,0.00,0.00,0.000,0.000,0.00
1777902101,loop38,0.00,0.00,0.000,0.000,0.00
1777902101,loop39,0.00,0.00,0.000,0.000,0.00
1777902101,loop4,0.00,0.00,0.000,0.000,0.00
1777902101,loop40,0.00,0.00,0.000,0.000,0.00
1777902101,loop5,0.00,0.00,0.000,0.000,0.00
1777902101,loop6,0.00,0.00,0.000,0.000,0.00
1777902101,loop7,0.00,0.00,0.000,0.000,0.00
1777902101,loop8,0.00,0.00,0.000,0.000,0.00
1777902101,loop9,0.00,0.00,0.000,0.000,0.00
1777902101,nvme0n1,0.00,0.00,0.000,0.000,0.00
1777902102,loop0,0.00,0.00,0.000,0.000,0.00
1777902102,loop1,0.00,0.00,0.000,0.000,0.00
1777902102,loop10,0.00,0.00,0.000,0.000,0.00
1777902102,loop11,0.00,0.00,0.000,0.000,0.00
1777902102,loop12,0.00,0.00,0.000,0.000,0.00
1777902102,loop13,0.00,0.00,0.000,0.000,0.00
1777902102,loop14,0.00,0.00,0.000,0.000,0.00
1777902102,loop15,0.00,0.00,0.000,0.000,0.00
1777902102,loop16,0.00,0.00,0.000,0.000,0.00
1777902102,loop17,0.00,0.00,0.000,0.000,0.00
1777902102,loop18,0.00,0.00,0.000,0.000,0.00
1777902102,loop19,0.00,0.00,0.000,0.000,0.00
1777902102,loop2,0.00,0.00,0.000,0.000,0.00
1777902102,loop20,0.00,0.00,0.000,0.000,0.00
1777902102,loop21,0.00,0.00,0.000,0.000,0.00
1777902102,loop22,0.00,0.00,0.000,0.000,0.00
1777902102,loop23,0.00,0.00,0.000,0.000,0.00
1777902102,loop24,0.00,0.00,0.000,0.000,0.00
1777902102,loop25,0.00,0.00,0.000,0.000,0.00
1777902102,loop26,0.00,0.00,0.000,0.000,0.00
1777902102,loop27,0.00,0.00,0.000,0.000,0.00
1777902102,loop28,0.00,0.00,0.000,0.000,0.00
1777902102,loop29,0.00,0.00,0.000,0.000,0.00
1777902102,loop3,0.00,0.00,0.000,0.000,0.00
1777902102,loop30,0.00,0.00,0.000,0.000,0.00
1777902102,loop31,0.00,0.00,0.000,0.000,0.00
1777902102,loop32,0.00,0.00,0.000,0.000,0.00
1777902102,loop33,0.00,0.00,0.000,0.000,0.00
1777902102,loop34,0.00,0.00,0.000,0.000,0.00
1777902102,loop35,0.00,0.00,0.000,0.000,0.00
1777902102,loop36,0.00,0.00,0.000,0.000,0.00
1777902102,loop37,0.00,0.00,0.000,0.000,0.00
1777902102,loop38,0.00,0.00,0.000,0.000,0.00
1777902102,loop39,0.00,0.00,0.000,0.000,0.00
1777902102,loop4,0.00,0.00,0.000,0.000,0.00
1777902102,loop40,0.00,0.00,0.000,0.000,0.00
1777902102,loop5,0.00,0.00,0.000,0.000,0.00
1777902102,loop6,0.00,0.00,0.000,0.000,0.00
1777902102,loop7,0.00,0.00,0.000,0.000,0.00
1777902102,loop8,0.00,0.00,0.000,0.000,0.00
1777902102,loop9,0.00,0.00,0.000,0.000,0.00
1777902102,nvme0n1,2.00,8.00,0.000,0.000,3.30
1777902103,loop0,0.00,0.00,0.000,0.000,0.00
1777902103,loop1,0.00,0.00,0.000,0.000,0.00
1777902103,loop10,0.00,0.00,0.000,0.000,0.00
1777902103,loop11,0.00,0.00,0.000,0.000,0.00
1777902103,loop12,0.00,0.00,0.000,0.000,0.00
1777902103,loop13,0.00,0.00,0.000,0.000,0.00
1777902103,loop14,0.00,0.00,0.000,0.000,0.00
1777902103,loop15,0.00,0.00,0.000,0.000,0.00
1777902103,loop16,0.00,0.00,0.000,0.000,0.00
1777902103,loop17,0.00,0.00,0.000,0.000,0.00
1777902103,loop18,0.00,0.00,0.000,0.000,0.00
1777902103,loop19,0.00,0.00,0.000,0.000,0.00
1777902103,loop2,0.00,0.00,0.000,0.000,0.00
1777902103,loop20,0.00,0.00,0.000,0.000,0.00
1777902103,loop21,0.00,0.00,0.000,0.000,0.00
1777902103,loop22,0.00,0.00,0.000,0.000,0.00
1777902103,loop23,0.00,0.00,0.000,0.000,0.00
1777902103,loop24,0.00,0.00,0.000,0.000,0.00
1777902103,loop25,0.00,0.00,0.000,0.000,0.00
1777902103,loop26,0.00,0.00,0.000,0.000,0.00
1777902103,loop27,0.00,0.00,0.000,0.000,0.00
1777902103,loop28,0.00,0.00,0.000,0.000,0.00
1777902103,loop29,0.00,0.00,0.000,0.000,0.00
1777902103,loop3,0.00,0.00,0.000,0.000,0.00
1777902103,loop30,0.00,0.00,0.000,0.000,0.00
1777902103,loop31,0.00,0.00,0.000,0.000,0.00
1777902103,loop32,0.00,0.00,0.000,0.000,0.00
1777902103,loop33,0.00,0.00,0.000,0.000,0.00
1777902103,loop34,0.00,0.00,0.000,0.000,0.00
1777902103,loop35,0.00,0.00,0.000,0.000,0.00
1777902103,loop36,0.00,0.00,0.000,0.000,0.00
1777902103,loop37,0.00,0.00,0.000,0.000,0.00
1777902103,loop38,0.00,0.00,0.000,0.000,0.00
1777902103,loop39,0.00,0.00,0.000,0.000,0.00
1777902103,loop4,0.00,0.00,0.000,0.000,0.00
1777902103,loop40,0.00,0.00,0.000,0.000,0.00
1777902103,loop5,0.00,0.00,0.000,0.000,0.00
1777902103,loop6,0.00,0.00,0.000,0.000,0.00
1777902103,loop7,0.00,0.00,0.000,0.000,0.00
1777902103,loop8,0.00,0.00,0.000,0.000,0.00
1777902103,loop9,0.00,0.00,0.000,0.000,0.00
1777902103,nvme0n1,3.00,12.00,0.000,0.000,0.10
1777902104,loop0,0.00,0.00,0.000,0.000,0.00
1777902104,loop1,0.00,0.00,0.000,0.000,0.00
1777902104,loop10,0.00,0.00,0.000,0.000,0.00
1777902104,loop11,0.00,0.00,0.000,0.000,0.00
1777902104,loop12,0.00,0.00,0.000,0.000,0.00
1777902104,loop13,0.00,0.00,0.000,0.000,0.00
1777902104,loop14,0.00,0.00,0.000,0.000,0.00
1777902104,loop15,0.00,0.00,0.000,0.000,0.00
1777902104,loop16,0.00,0.00,0.000,0.000,0.00
1777902104,loop17,0.00,0.00,0.000,0.000,0.00
1777902104,loop18,0.00,0.00,0.000,0.000,0.00
1777902104,loop19,0.00,0.00,0.000,0.000,0.00
1777902104,loop2,0.00,0.00,0.000,0.000,0.00
1777902104,loop20,0.00,0.00,0.000,0.000,0.00
1777902104,loop21,0.00,0.00,0.000,0.000,0.00
1777902104,loop22,0.00,0.00,0.000,0.000,0.00
1777902104,loop23,0.00,0.00,0.000,0.000,0.00
1777902104,loop24,0.00,0.00,0.000,0.000,0.00
1777902104,loop25,0.00,0.00,0.000,0.000,0.00
1777902104,loop26,0.00,0.00,0.000,0.000,0.00
1777902104,loop27,0.00,0.00,0.000,0.000,0.00
1777902104,loop28,0.00,0.00,0.000,0.000,0.00
1777902104,loop29,0.00,0.00,0.000,0.000,0.00
1777902104,loop3,0.00,0.00,0.000,0.000,0.00
1777902104,loop30,0.00,0.00,0.000,0.000,0.00
1777902104,loop31,0.00,0.00,0.000,0.000,0.00
1777902104,loop32,0.00,0.00,0.000,0.000,0.00
1777902104,loop33,0.00,0.00,0.000,0.000,0.00
1777902104,loop34,0.00,0.00,0.000,0.000,0.00
1777902104,loop35,0.00,0.00,0.000,0.000,0.00
1777902104,loop36,0.00,0.00,0.000,0.000,0.00
1777902104,loop37,0.00,0.00,0.000,0.000,0.00
1777902104,loop38,0.00,0.00,0.000,0.000,0.00
1777902104,loop39,0.00,0.00,0.000,0.000,0.00
1777902104,loop4,0.00,0.00,0.000,0.000,0.00
1777902104,loop40,0.00,0.00,0.000,0.000,0.00
1777902104,loop5,0.00,0.00,0.000,0.000,0.00
1777902104,loop6,0.00,0.00,0.000,0.000,0.00
1777902104,loop7,0.00,0.00,0.000,0.000,0.00
1777902104,loop8,0.00,0.00,0.000,0.000,0.00
1777902104,loop9,0.00,0.00,0.000,0.000,0.00
1777902104,nvme0n1,0.00,0.00,0.000,0.000,0.50
1777902105,loop0,0.00,0.00,0.000,0.000,0.00
1777902105,loop1,0.00,0.00,0.000,0.000,0.00
1777902105,loop10,0.00,0.00,0.000,0.000,0.00
1777902105,loop11,0.00,0.00,0.000,0.000,0.00
1777902105,loop12,0.00,0.00,0.000,0.000,0.00
1777902105,loop13,0.00,0.00,0.000,0.000,0.00
1777902105,loop14,0.00,0.00,0.000,0.000,0.00
1777902105,loop15,0.00,0.00,0.000,0.000,0.00
1777902105,loop16,0.00,0.00,0.000,0.000,0.00
1777902105,loop17,0.00,0.00,0.000,0.000,0.00
1777902105,loop18,0.00,0.00,0.000,0.000,0.00
1777902105,loop19,0.00,0.00,0.000,0.000,0.00
1777902105,loop2,0.00,0.00,0.000,0.000,0.00
1777902105,loop20,0.00,0.00,0.000,0.000,0.00
1777902105,loop21,0.00,0.00,0.000,0.000,0.00
1777902105,loop22,0.00,0.00,0.000,0.000,0.00
1777902105,loop23,0.00,0.00,0.000,0.000,0.00
1777902105,loop24,0.00,0.00,0.000,0.000,0.00
1777902105,loop25,0.00,0.00,0.000,0.000,0.00
1777902105,loop26,0.00,0.00,0.000,0.000,0.00
1777902105,loop27,0.00,0.00,0.000,0.000,0.00
1777902105,loop28,0.00,0.00,0.000,0.000,0.00
1777902105,loop29,0.00,0.00,0.000,0.000,0.00
1777902105,loop3,0.00,0.00,0.000,0.000,0.00
1777902105,loop30,0.00,0.00,0.000,0.000,0.00
1777902105,loop31,0.00,0.00,0.000,0.000,0.00
1777902105,loop32,0.00,0.00,0.000,0.000,0.00
1777902105,loop33,0.00,0.00,0.000,0.000,0.00
1777902105,loop34,0.00,0.00,0.000,0.000,0.00
1777902105,loop35,0.00,0.00,0.000,0.000,0.00
1777902105,loop36,0.00,0.00,0.000,0.000,0.00
1777902105,loop37,0.00,0.00,0.000,0.000,0.00
1777902105,loop38,0.00,0.00,0.000,0.000,0.00
1777902105,loop39,0.00,0.00,0.000,0.000,0.00
1777902105,loop4,0.00,0.00,0.000,0.000,0.00
1777902105,loop40,0.00,0.00,0.000,0.000,0.00
1777902105,loop5,0.00,0.00,0.000,0.000,0.00
1777902105,loop6,0.00,0.00,0.000,0.000,0.00
1777902105,loop7,0.00,0.00,0.000,0.000,0.00
1777902105,loop8,0.00,0.00,0.000,0.000,0.00
1777902105,loop9,0.00,0.00,0.000,0.000,0.00
1777902105,nvme0n1,0.00,0.00,0.000,0.000,0.60
1777902106,loop0,0.00,0.00,0.000,0.000,0.00
1777902106,loop1,0.00,0.00,0.000,0.000,0.00
1777902106,loop10,0.00,0.00,0.000,0.000,0.00
1777902106,loop11,0.00,0.00,0.000,0.000,0.00
1777902106,loop12,0.00,0.00,0.000,0.000,0.00
1777902106,loop13,0.00,0.00,0.000,0.000,0.00
1777902106,loop14,0.00,0.00,0.000,0.000,0.00
1777902106,loop15,0.00,0.00,0.000,0.000,0.00
1777902106,loop16,0.00,0.00,0.000,0.000,0.00
1777902106,loop17,0.00,0.00,0.000,0.000,0.00
1777902106,loop18,0.00,0.00,0.000,0.000,0.00
1777902106,loop19,0.00,0.00,0.000,0.000,0.00
1777902106,loop2,0.00,0.00,0.000,0.000,0.00
1777902106,loop20,0.00,0.00,0.000,0.000,0.00
1777902106,loop21,0.00,0.00,0.000,0.000,0.00
1777902106,loop22,0.00,0.00,0.000,0.000,0.00
1777902106,loop23,0.00,0.00,0.000,0.000,0.00
1777902106,loop24,0.00,0.00,0.000,0.000,0.00
1777902106,loop25,0.00,0.00,0.000,0.000,0.00
1777902106,loop26,0.00,0.00,0.000,0.000,0.00
1777902106,loop27,0.00,0.00,0.000,0.000,0.00
1777902106,loop28,0.00,0.00,0.000,0.000,0.00
1777902106,loop29,0.00,0.00,0.000,0.000,0.00
1777902106,loop3,0.00,0.00,0.000,0.000,0.00
1777902106,loop30,0.00,0.00,0.000,0.000,0.00
1777902106,loop31,0.00,0.00,0.000,0.000,0.00
1777902106,loop32,0.00,0.00,0.000,0.000,0.00
1777902106,loop33,0.00,0.00,0.000,0.000,0.00
1777902106,loop34,0.00,0.00,0.000,0.000,0.00
1777902106,loop35,0.00,0.00,0.000,0.000,0.00
1777902106,loop36,0.00,0.00,0.000,0.000,0.00
1777902106,loop37,0.00,0.00,0.000,0.000,0.00
1777902106,loop38,0.00,0.00,0.000,0.000,0.00
1777902106,loop39,0.00,0.00,0.000,0.000,0.00
1777902106,loop4,0.00,0.00,0.000,0.000,0.00
1777902106,loop40,0.00,0.00,0.000,0.000,0.00
1777902106,loop5,0.00,0.00,0.000,0.000,0.00
1777902106,loop6,0.00,0.00,0.000,0.000,0.00
1777902106,loop7,0.00,0.00,0.000,0.000,0.00
1777902106,loop8,0.00,0.00,0.000,0.000,0.00
1777902106,loop9,0.00,0.00,0.000,0.000,0.00
1777902106,nvme0n1,0.00,0.00,0.000,0.000,0.10
1777902107,loop0,0.00,0.00,0.000,0.000,0.00
1777902107,loop1,0.00,0.00,0.000,0.000,0.00
1777902107,loop10,0.00,0.00,0.000,0.000,0.00
1777902107,loop11,0.00,0.00,0.000,0.000,0.00
1777902107,loop12,0.00,0.00,0.000,0.000,0.00
1777902107,loop13,0.00,0.00,0.000,0.000,0.00
1777902107,loop14,0.00,0.00,0.000,0.000,0.00
1777902107,loop15,0.00,0.00,0.000,0.000,0.00
1777902107,loop16,0.00,0.00,0.000,0.000,0.00
1777902107,loop17,0.00,0.00,0.000,0.000,0.00
1777902107,loop18,0.00,0.00,0.000,0.000,0.00
1777902107,loop19,0.00,0.00,0.000,0.000,0.00
1777902107,loop2,0.00,0.00,0.000,0.000,0.00
1777902107,loop20,0.00,0.00,0.000,0.000,0.00
1777902107,loop21,0.00,0.00,0.000,0.000,0.00
1777902107,loop22,0.00,0.00,0.000,0.000,0.00
1777902107,loop23,0.00,0.00,0.000,0.000,0.00
1777902107,loop24,0.00,0.00,0.000,0.000,0.00
1777902107,loop25,0.00,0.00,0.000,0.000,0.00
1777902107,loop26,0.00,0.00,0.000,0.000,0.00
1777902107,loop27,0.00,0.00,0.000,0.000,0.00
1777902107,loop28,0.00,0.00,0.000,0.000,0.00
1777902107,loop29,0.00,0.00,0.000,0.000,0.00
1777902107,loop3,0.00,0.00,0.000,0.000,0.00
1777902107,loop30,0.00,0.00,0.000,0.000,0.00
1777902107,loop31,0.00,0.00,0.000,0.000,0.00
1777902107,loop32,0.00,0.00,0.000,0.000,0.00
1777902107,loop33,0.00,0.00,0.000,0.000,0.00
1777902107,loop34,0.00,0.00,0.000,0.000,0.00
1777902107,loop35,0.00,0.00,0.000,0.000,0.00
1777902107,loop36,0.00,0.00,0.000,0.000,0.00
1777902107,loop37,0.00,0.00,0.000,0.000,0.00
1777902107,loop38,0.00,0.00,0.000,0.000,0.00
1777902107,loop39,0.00,0.00,0.000,0.000,0.00
1777902107,loop4,0.00,0.00,0.000,0.000,0.00
1777902107,loop40,0.00,0.00,0.000,0.000,0.00
1777902107,loop5,0.00,0.00,0.000,0.000,0.00
1777902107,loop6,0.00,0.00,0.000,0.000,0.00
1777902107,loop7,0.00,0.00,0.000,0.000,0.00
1777902107,loop8,0.00,0.00,0.000,0.000,0.00
1777902107,loop9,0.00,0.00,0.000,0.000,0.00
1777902107,nvme0n1,2.00,64.00,0.000,0.000,0.80
1777902108,loop0,0.00,0.00,0.000,0.000,0.00
1777902108,loop1,0.00,0.00,0.000,0.000,0.00
1777902108,loop10,0.00,0.00,0.000,0.000,0.00
1777902108,loop11,0.00,0.00,0.000,0.000,0.00
1777902108,loop12,0.00,0.00,0.000,0.000,0.00
1777902108,loop13,0.00,0.00,0.000,0.000,0.00
1777902108,loop14,0.00,0.00,0.000,0.000,0.00
1777902108,loop15,0.00,0.00,0.000,0.000,0.00
1777902108,loop16,0.00,0.00,0.000,0.000,0.00
1777902108,loop17,0.00,0.00,0.000,0.000,0.00
1777902108,loop18,0.00,0.00,0.000,0.000,0.00
1777902108,loop19,0.00,0.00,0.000,0.000,0.00
1777902108,loop2,0.00,0.00,0.000,0.000,0.00
1777902108,loop20,0.00,0.00,0.000,0.000,0.00
1777902108,loop21,0.00,0.00,0.000,0.000,0.00
1777902108,loop22,0.00,0.00,0.000,0.000,0.00
1777902108,loop23,0.00,0.00,0.000,0.000,0.00
1777902108,loop24,0.00,0.00,0.000,0.000,0.00
1777902108,loop25,0.00,0.00,0.000,0.000,0.00
1777902108,loop26,0.00,0.00,0.000,0.000,0.00
1777902108,loop27,0.00,0.00,0.000,0.000,0.00
1777902108,loop28,0.00,0.00,0.000,0.000,0.00
1777902108,loop29,0.00,0.00,0.000,0.000,0.00
1777902108,loop3,0.00,0.00,0.000,0.000,0.00
1777902108,loop30,0.00,0.00,0.000,0.000,0.00
1777902108,loop31,0.00,0.00,0.000,0.000,0.00
1777902108,loop32,0.00,0.00,0.000,0.000,0.00
1777902108,loop33,0.00,0.00,0.000,0.000,0.00
1777902108,loop34,0.00,0.00,0.000,0.000,0.00
1777902108,loop35,0.00,0.00,0.000,0.000,0.00
1777902108,loop36,0.00,0.00,0.000,0.000,0.00
1777902108,loop37,0.00,0.00,0.000,0.000,0.00
1777902108,loop38,0.00,0.00,0.000,0.000,0.00
1777902108,loop39,0.00,0.00,0.000,0.000,0.00
1777902108,loop4,0.00,0.00,0.000,0.000,0.00
1777902108,loop40,0.00,0.00,0.000,0.000,0.00
1777902108,loop5,0.00,0.00,0.000,0.000,0.00
1777902108,loop6,0.00,0.00,0.000,0.000,0.00
1777902108,loop7,0.00,0.00,0.000,0.000,0.00
1777902108,loop8,0.00,0.00,0.000,0.000,0.00
1777902108,loop9,0.00,0.00,0.000,0.000,0.00
1777902108,nvme0n1,1.00,4.00,0.000,0.000,0.50
1777902109,loop0,0.00,0.00,0.000,0.000,0.00
1777902109,loop1,0.00,0.00,0.000,0.000,0.00
1777902109,loop10,0.00,0.00,0.000,0.000,0.00
1777902109,loop11,0.00,0.00,0.000,0.000,0.00
1777902109,loop12,0.00,0.00,0.000,0.000,0.00
1777902109,loop13,0.00,0.00,0.000,0.000,0.00
1777902109,loop14,0.00,0.00,0.000,0.000,0.00
1777902109,loop15,0.00,0.00,0.000,0.000,0.00
1777902109,loop16,0.00,0.00,0.000,0.000,0.00
1777902109,loop17,0.00,0.00,0.000,0.000,0.00
1777902109,loop18,0.00,0.00,0.000,0.000,0.00
1777902109,loop19,0.00,0.00,0.000,0.000,0.00
1777902109,loop2,0.00,0.00,0.000,0.000,0.00
1777902109,loop20,0.00,0.00,0.000,0.000,0.00
1777902109,loop21,0.00,0.00,0.000,0.000,0.00
1777902109,loop22,0.00,0.00,0.000,0.000,0.00
1777902109,loop23,0.00,0.00,0.000,0.000,0.00
1777902109,loop24,0.00,0.00,0.000,0.000,0.00
1777902109,loop25,0.00,0.00,0.000,0.000,0.00
1777902109,loop26,0.00,0.00,0.000,0.000,0.00
1777902109,loop27,0.00,0.00,0.000,0.000,0.00
1777902109,loop28,0.00,0.00,0.000,0.000,0.00
1777902109,loop29,0.00,0.00,0.000,0.000,0.00
1777902109,loop3,0.00,0.00,0.000,0.000,0.00
1777902109,loop30,0.00,0.00,0.000,0.000,0.00
1777902109,loop31,0.00,0.00,0.000,0.000,0.00
1777902109,loop32,0.00,0.00,0.000,0.000,0.00
1777902109,loop33,0.00,0.00,0.000,0.000,0.00
1777902109,loop34,0.00,0.00,0.000,0.000,0.00
1777902109,loop35,0.00,0.00,0.000,0.000,0.00
1777902109,loop36,0.00,0.00,0.000,0.000,0.00
1777902109,loop37,0.00,0.00,0.000,0.000,0.00
1777902109,loop38,0.00,0.00,0.000,0.000,0.00
1777902109,loop39,0.00,0.00,0.000,0.000,0.00
1777902109,loop4,0.00,0.00,0.000,0.000,0.00
1777902109,loop40,0.00,0.00,0.000,0.000,0.00
1777902109,loop5,0.00,0.00,0.000,0.000,0.00
1777902109,loop6,0.00,0.00,0.000,0.000,0.00
1777902109,loop7,0.00,0.00,0.000,0.000,0.00
1777902109,loop8,0.00,0.00,0.000,0.000,0.00
1777902109,loop9,0.00,0.00,0.000,0.000,0.00
1777902109,nvme0n1,4.00,44.00,0.000,0.000,1.40
1777902110,loop0,0.00,0.00,0.000,0.000,0.00
1777902110,loop1,0.00,0.00,0.000,0.000,0.00
1777902110,loop10,0.00,0.00,0.000,0.000,0.00
1777902110,loop11,0.00,0.00,0.000,0.000,0.00
1777902110,loop12,0.00,0.00,0.000,0.000,0.00
1777902110,loop13,0.00,0.00,0.000,0.000,0.00
1777902110,loop14,0.00,0.00,0.000,0.000,0.00
1777902110,loop15,0.00,0.00,0.000,0.000,0.00
1777902110,loop16,0.00,0.00,0.000,0.000,0.00
1777902110,loop17,0.00,0.00,0.000,0.000,0.00
1777902110,loop18,0.00,0.00,0.000,0.000,0.00
1777902110,loop19,0.00,0.00,0.000,0.000,0.00
1777902110,loop2,0.00,0.00,0.000,0.000,0.00
1777902110,loop20,0.00,0.00,0.000,0.000,0.00
1777902110,loop21,0.00,0.00,0.000,0.000,0.00
1777902110,loop22,0.00,0.00,0.000,0.000,0.00
1777902110,loop23,0.00,0.00,0.000,0.000,0.00
1777902110,loop24,0.00,0.00,0.000,0.000,0.00
1777902110,loop25,0.00,0.00,0.000,0.000,0.00
1777902110,loop26,0.00,0.00,0.000,0.000,0.00
1777902110,loop27,0.00,0.00,0.000,0.000,0.00
1777902110,loop28,0.00,0.00,0.000,0.000,0.00
1777902110,loop29,0.00,0.00,0.000,0.000,0.00
1777902110,loop3,0.00,0.00,0.000,0.000,0.00
1777902110,loop30,0.00,0.00,0.000,0.000,0.00
1777902110,loop31,0.00,0.00,0.000,0.000,0.00
1777902110,loop32,0.00,0.00,0.000,0.000,0.00
1777902110,loop33,0.00,0.00,0.000,0.000,0.00
1777902110,loop34,0.00,0.00,0.000,0.000,0.00
1777902110,loop35,0.00,0.00,0.000,0.000,0.00
1777902110,loop36,0.00,0.00,0.000,0.000,0.00
1777902110,loop37,0.00,0.00,0.000,0.000,0.00
1777902110,loop38,0.00,0.00,0.000,0.000,0.00
1777902110,loop39,0.00,0.00,0.000,0.000,0.00
1777902110,loop4,0.00,0.00,0.000,0.000,0.00
1777902110,loop40,0.00,0.00,0.000,0.000,0.00
1777902110,loop5,0.00,0.00,0.000,0.000,0.00
1777902110,loop6,0.00,0.00,0.000,0.000,0.00
1777902110,loop7,0.00,0.00,0.000,0.000,0.00
1777902110,loop8,0.00,0.00,0.000,0.000,0.00
1777902110,loop9,0.00,0.00,0.000,0.000,0.00
1777902110,nvme0n1,0.00,0.00,0.000,0.000,0.30
1777902111,loop0,0.00,0.00,0.000,0.000,0.00
1777902111,loop1,0.00,0.00,0.000,0.000,0.00
1777902111,loop10,0.00,0.00,0.000,0.000,0.00
1777902111,loop11,0.00,0.00,0.000,0.000,0.00
1777902111,loop12,0.00,0.00,0.000,0.000,0.00
1777902111,loop13,0.00,0.00,0.000,0.000,0.00
1777902111,loop14,0.00,0.00,0.000,0.000,0.00
1777902111,loop15,0.00,0.00,0.000,0.000,0.00
1777902111,loop16,0.00,0.00,0.000,0.000,0.00
1777902111,loop17,0.00,0.00,0.000,0.000,0.00
1777902111,loop18,0.00,0.00,0.000,0.000,0.00
1777902111,loop19,0.00,0.00,0.000,0.000,0.00
1777902111,loop2,0.00,0.00,0.000,0.000,0.00
1777902111,loop20,0.00,0.00,0.000,0.000,0.00
1777902111,loop21,0.00,0.00,0.000,0.000,0.00
1777902111,loop22,0.00,0.00,0.000,0.000,0.00
1777902111,loop23,0.00,0.00,0.000,0.000,0.00
1777902111,loop24,0.00,0.00,0.000,0.000,0.00
1777902111,loop25,0.00,0.00,0.000,0.000,0.00
1777902111,loop26,0.00,0.00,0.000,0.000,0.00
1777902111,loop27,0.00,0.00,0.000,0.000,0.00
1777902111,loop28,0.00,0.00,0.000,0.000,0.00
1777902111,loop29,0.00,0.00,0.000,0.000,0.00
1777902111,loop3,0.00,0.00,0.000,0.000,0.00
1777902111,loop30,0.00,0.00,0.000,0.000,0.00
1777902111,loop31,0.00,0.00,0.000,0.000,0.00
1777902111,loop32,0.00,0.00,0.000,0.000,0.00
1777902111,loop33,0.00,0.00,0.000,0.000,0.00
1777902111,loop34,0.00,0.00,0.000,0.000,0.00
1777902111,loop35,0.00,0.00,0.000,0.000,0.00
1777902111,loop36,0.00,0.00,0.000,0.000,0.00
1777902111,loop37,0.00,0.00,0.000,0.000,0.00
1777902111,loop38,0.00,0.00,0.000,0.000,0.00
1777902111,loop39,0.00,0.00,0.000,0.000,0.00
1777902111,loop4,0.00,0.00,0.000,0.000,0.00
1777902111,loop40,0.00,0.00,0.000,0.000,0.00
1777902111,loop5,0.00,0.00,0.000,0.000,0.00
1777902111,loop6,0.00,0.00,0.000,0.000,0.00
1777902111,loop7,0.00,0.00,0.000,0.000,0.00
1777902111,loop8,0.00,0.00,0.000,0.000,0.00
1777902111,loop9,0.00,0.00,0.000,0.000,0.00
1777902111,nvme0n1,0.00,0.00,0.000,0.000,0.00
1777902112,loop0,0.00,0.00,0.000,0.000,0.00
1777902112,loop1,0.00,0.00,0.000,0.000,0.00
1777902112,loop10,0.00,0.00,0.000,0.000,0.00
1777902112,loop11,0.00,0.00,0.000,0.000,0.00
1777902112,loop12,0.00,0.00,0.000,0.000,0.00
1777902112,loop13,0.00,0.00,0.000,0.000,0.00
1777902112,loop14,0.00,0.00,0.000,0.000,0.00
1777902112,loop15,0.00,0.00,0.000,0.000,0.00
1777902112,loop16,0.00,0.00,0.000,0.000,0.00
1777902112,loop17,0.00,0.00,0.000,0.000,0.00
1777902112,loop18,0.00,0.00,0.000,0.000,0.00
1777902112,loop19,0.00,0.00,0.000,0.000,0.00
1777902112,loop2,0.00,0.00,0.000,0.000,0.00
1777902112,loop20,0.00,0.00,0.000,0.000,0.00
1777902112,loop21,0.00,0.00,0.000,0.000,0.00
1777902112,loop22,0.00,0.00,0.000,0.000,0.00
1777902112,loop23,0.00,0.00,0.000,0.000,0.00
1777902112,loop24,0.00,0.00,0.000,0.000,0.00
1777902112,loop25,0.00,0.00,0.000,0.000,0.00
1777902112,loop26,0.00,0.00,0.000,0.000,0.00
1777902112,loop27,0.00,0.00,0.000,0.000,0.00
1777902112,loop28,0.00,0.00,0.000,0.000,0.00
1777902112,loop29,0.00,0.00,0.000,0.000,0.00
1777902112,loop3,0.00,0.00,0.000,0.000,0.00
1777902112,loop30,0.00,0.00,0.000,0.000,0.00
1777902112,loop31,0.00,0.00,0.000,0.000,0.00
1777902112,loop32,0.00,0.00,0.000,0.000,0.00
1777902112,loop33,0.00,0.00,0.000,0.000,0.00
1777902112,loop34,0.00,0.00,0.000,0.000,0.00
1777902112,loop35,0.00,0.00,0.000,0.000,0.00
1777902112,loop36,0.00,0.00,0.000,0.000,0.00
1777902112,loop37,0.00,0.00,0.000,0.000,0.00
1777902112,loop38,0.00,0.00,0.000,0.000,0.00
1777902112,loop39,0.00,0.00,0.000,0.000,0.00
1777902112,loop4,0.00,0.00,0.000,0.000,0.00
1777902112,loop40,0.00,0.00,0.000,0.000,0.00
1777902112,loop5,0.00,0.00,0.000,0.000,0.00
1777902112,loop6,0.00,0.00,0.000,0.000,0.00
1777902112,loop7,0.00,0.00,0.000,0.000,0.00
1777902112,loop8,0.00,0.00,0.000,0.000,0.00
1777902112,loop9,0.00,0.00,0.000,0.000,0.00
1777902112,nvme0n1,0.00,0.00,0.000,0.000,0.00
1777902113,loop0,0.00,0.00,0.000,0.000,0.00
1777902113,loop1,0.00,0.00,0.000,0.000,0.00
1777902113,loop10,0.00,0.00,0.000,0.000,0.00
1777902113,loop11,0.00,0.00,0.000,0.000,0.00
1777902113,loop12,0.00,0.00,0.000,0.000,0.00
1777902113,loop13,0.00,0.00,0.000,0.000,0.00
1777902113,loop14,0.00,0.00,0.000,0.000,0.00
1777902113,loop15,0.00,0.00,0.000,0.000,0.00
1777902113,loop16,0.00,0.00,0.000,0.000,0.00
1777902113,loop17,0.00,0.00,0.000,0.000,0.00
1777902113,loop18,0.00,0.00,0.000,0.000,0.00
1777902113,loop19,0.00,0.00,0.000,0.000,0.00
1777902113,loop2,0.00,0.00,0.000,0.000,0.00
1777902113,loop20,0.00,0.00,0.000,0.000,0.00
1777902113,loop21,0.00,0.00,0.000,0.000,0.00
1777902113,loop22,0.00,0.00,0.000,0.000,0.00
1777902113,loop23,0.00,0.00,0.000,0.000,0.00
1777902113,loop24,0.00,0.00,0.000,0.000,0.00
1777902113,loop25,0.00,0.00,0.000,0.000,0.00
1777902113,loop26,0.00,0.00,0.000,0.000,0.00
1777902113,loop27,0.00,0.00,0.000,0.000,0.00
1777902113,loop28,0.00,0.00,0.000,0.000,0.00
1777902113,loop29,0.00,0.00,0.000,0.000,0.00
1777902113,loop3,0.00,0.00,0.000,0.000,0.00
1777902113,loop30,0.00,0.00,0.000,0.000,0.00
1777902113,loop31,0.00,0.00,0.000,0.000,0.00
1777902113,loop32,0.00,0.00,0.000,0.000,0.00
1777902113,loop33,0.00,0.00,0.000,0.000,0.00
1777902113,loop34,0.00,0.00,0.000,0.000,0.00
1777902113,loop35,0.00,0.00,0.000,0.000,0.00
1777902113,loop36,0.00,0.00,0.000,0.000,0.00
1777902113,loop37,0.00,0.00,0.000,0.000,0.00
1777902113,loop38,0.00,0.00,0.000,0.000,0.00
1777902113,loop39,0.00,0.00,0.000,0.000,0.00
1777902113,loop4,0.00,0.00,0.000,0.000,0.00
1777902113,loop40,0.00,0.00,0.000,0.000,0.00
1777902113,loop5,0.00,0.00,0.000,0.000,0.00
1777902113,loop6,0.00,0.00,0.000,0.000,0.00
1777902113,loop7,0.00,0.00,0.000,0.000,0.00
1777902113,loop8,0.00,0.00,0.000,0.000,0.00
1777902113,loop9,0.00,0.00,0.000,0.000,0.00
1777902113,nvme0n1,5.00,280.00,0.000,0.000,5.40
1777902114,loop0,0.00,0.00,0.000,0.000,0.00
1777902114,loop1,0.00,0.00,0.000,0.000,0.00
1777902114,loop10,0.00,0.00,0.000,0.000,0.00
1777902114,loop11,0.00,0.00,0.000,0.000,0.00
1777902114,loop12,0.00,0.00,0.000,0.000,0.00
1777902114,loop13,0.00,0.00,0.000,0.000,0.00
1777902114,loop14,0.00,0.00,0.000,0.000,0.00
1777902114,loop15,0.00,0.00,0.000,0.000,0.00
1777902114,loop16,0.00,0.00,0.000,0.000,0.00
1777902114,loop17,0.00,0.00,0.000,0.000,0.00
1777902114,loop18,0.00,0.00,0.000,0.000,0.00
1777902114,loop19,0.00,0.00,0.000,0.000,0.00
1777902114,loop2,0.00,0.00,0.000,0.000,0.00
1777902114,loop20,0.00,0.00,0.000,0.000,0.00
1777902114,loop21,0.00,0.00,0.000,0.000,0.00
1777902114,loop22,0.00,0.00,0.000,0.000,0.00
1777902114,loop23,0.00,0.00,0.000,0.000,0.00
1777902114,loop24,0.00,0.00,0.000,0.000,0.00
1777902114,loop25,0.00,0.00,0.000,0.000,0.00
1777902114,loop26,0.00,0.00,0.000,0.000,0.00
1777902114,loop27,0.00,0.00,0.000,0.000,0.00
1777902114,loop28,0.00,0.00,0.000,0.000,0.00
1777902114,loop29,0.00,0.00,0.000,0.000,0.00
1777902114,loop3,0.00,0.00,0.000,0.000,0.00
1777902114,loop30,0.00,0.00,0.000,0.000,0.00
1777902114,loop31,0.00,0.00,0.000,0.000,0.00
1777902114,loop32,0.00,0.00,0.000,0.000,0.00
1777902114,loop33,0.00,0.00,0.000,0.000,0.00
1777902114,loop34,0.00,0.00,0.000,0.000,0.00
1777902114,loop35,0.00,0.00,0.000,0.000,0.00
1777902114,loop36,0.00,0.00,0.000,0.000,0.00
1777902114,loop37,0.00,0.00,0.000,0.000,0.00
1777902114,loop38,0.00,0.00,0.000,0.000,0.00
1777902114,loop39,0.00,0.00,0.000,0.000,0.00
1777902114,loop4,0.00,0.00,0.000,0.000,0.00
1777902114,loop40,0.00,0.00,0.000,0.000,0.00
1777902114,loop5,0.00,0.00,0.000,0.000,0.00
1777902114,loop6,0.00,0.00,0.000,0.000,0.00
1777902114,loop7,0.00,0.00,0.000,0.000,0.00
1777902114,loop8,0.00,0.00,0.000,0.000,0.00
1777902114,loop9,0.00,0.00,0.000,0.000,0.00
1777902114,nvme0n1,31.00,264.00,0.000,0.000,4.90
1777902115,loop0,0.00,0.00,0.000,0.000,0.00
1777902115,loop1,0.00,0.00,0.000,0.000,0.00
1777902115,loop10,0.00,0.00,0.000,0.000,0.00
1777902115,loop11,0.00,0.00,0.000,0.000,0.00
1777902115,loop12,0.00,0.00,0.000,0.000,0.00
1777902115,loop13,0.00,0.00,0.000,0.000,0.00
1777902115,loop14,0.00,0.00,0.000,0.000,0.00
1777902115,loop15,0.00,0.00,0.000,0.000,0.00
1777902115,loop16,0.00,0.00,0.000,0.000,0.00
1777902115,loop17,0.00,0.00,0.000,0.000,0.00
1777902115,loop18,0.00,0.00,0.000,0.000,0.00
1777902115,loop19,0.00,0.00,0.000,0.000,0.00
1777902115,loop2,0.00,0.00,0.000,0.000,0.00
1777902115,loop20,0.00,0.00,0.000,0.000,0.00
1777902115,loop21,0.00,0.00,0.000,0.000,0.00
1777902115,loop22,0.00,0.00,0.000,0.000,0.00
1777902115,loop23,0.00,0.00,0.000,0.000,0.00
1777902115,loop24,0.00,0.00,0.000,0.000,0.00
1777902115,loop25,0.00,0.00,0.000,0.000,0.00
1777902115,loop26,0.00,0.00,0.000,0.000,0.00
1777902115,loop27,0.00,0.00,0.000,0.000,0.00
1777902115,loop28,0.00,0.00,0.000,0.000,0.00
1777902115,loop29,0.00,0.00,0.000,0.000,0.00
1777902115,loop3,0.00,0.00,0.000,0.000,0.00
1777902115,loop30,0.00,0.00,0.000,0.000,0.00
1777902115,loop31,0.00,0.00,0.000,0.000,0.00
1777902115,loop32,0.00,0.00,0.000,0.000,0.00
1777902115,loop33,0.00,0.00,0.000,0.000,0.00
1777902115,loop34,0.00,0.00,0.000,0.000,0.00
1777902115,loop35,0.00,0.00,0.000,0.000,0.00
1777902115,loop36,0.00,0.00,0.000,0.000,0.00
1777902115,loop37,0.00,0.00,0.000,0.000,0.00
1777902115,loop38,0.00,0.00,0.000,0.000,0.00
1777902115,loop39,0.00,0.00,0.000,0.000,0.00
1777902115,loop4,0.00,0.00,0.000,0.000,0.00
1777902115,loop40,0.00,0.00,0.000,0.000,0.00
1777902115,loop5,0.00,0.00,0.000,0.000,0.00
1777902115,loop6,0.00,0.00,0.000,0.000,0.00
1777902115,loop7,0.00,0.00,0.000,0.000,0.00
1777902115,loop8,0.00,0.00,0.000,0.000,0.00
1777902115,loop9,0.00,0.00,0.000,0.000,0.00
1777902115,nvme0n1,140.00,580.00,0.005,0.003,1.80
1777902116,loop0,0.00,0.00,0.000,0.000,0.00
1777902116,loop1,0.00,0.00,0.000,0.000,0.00
1777902116,loop10,0.00,0.00,0.000,0.000,0.00
1777902116,loop11,0.00,0.00,0.000,0.000,0.00
1777902116,loop12,0.00,0.00,0.000,0.000,0.00
1777902116,loop13,0.00,0.00,0.000,0.000,0.00
1777902116,loop14,0.00,0.00,0.000,0.000,0.00
1777902116,loop15,0.00,0.00,0.000,0.000,0.00
1777902116,loop16,0.00,0.00,0.000,0.000,0.00
1777902116,loop17,0.00,0.00,0.000,0.000,0.00
1777902116,loop18,0.00,0.00,0.000,0.000,0.00
1777902116,loop19,0.00,0.00,0.000,0.000,0.00
1777902116,loop2,0.00,0.00,0.000,0.000,0.00
1777902116,loop20,0.00,0.00,0.000,0.000,0.00
1777902116,loop21,0.00,0.00,0.000,0.000,0.00
1777902116,loop22,0.00,0.00,0.000,0.000,0.00
1777902116,loop23,0.00,0.00,0.000,0.000,0.00
1777902116,loop24,0.00,0.00,0.000,0.000,0.00
1777902116,loop25,0.00,0.00,0.000,0.000,0.00
1777902116,loop26,0.00,0.00,0.000,0.000,0.00
1777902116,loop27,0.00,0.00,0.000,0.000,0.00
1777902116,loop28,0.00,0.00,0.000,0.000,0.00
1777902116,loop29,0.00,0.00,0.000,0.000,0.00
1777902116,loop3,0.00,0.00,0.000,0.000,0.00
1777902116,loop30,0.00,0.00,0.000,0.000,0.00
1777902116,loop31,0.00,0.00,0.000,0.000,0.00
1777902116,loop32,0.00,0.00,0.000,0.000,0.00
1777902116,loop33,0.00,0.00,0.000,0.000,0.00
1777902116,loop34,0.00,0.00,0.000,0.000,0.00
1777902116,loop35,0.00,0.00,0.000,0.000,0.00
1777902116,loop36,0.00,0.00,0.000,0.000,0.00
1777902116,loop37,0.00,0.00,0.000,0.000,0.00
1777902116,loop38,0.00,0.00,0.000,0.000,0.00
1777902116,loop39,0.00,0.00,0.000,0.000,0.00
1777902116,loop4,0.00,0.00,0.000,0.000,0.00
1777902116,loop40,0.00,0.00,0.000,0.000,0.00
1777902116,loop5,0.00,0.00,0.000,0.000,0.00
1777902116,loop6,0.00,0.00,0.000,0.000,0.00
1777902116,loop7,0.00,0.00,0.000,0.000,0.00
1777902116,loop8,0.00,0.00,0.000,0.000,0.00
1777902116,loop9,0.00,0.00,0.000,0.000,0.00
1777902116,nvme0n1,0.00,0.00,0.000,0.000,0.00
1777902117,loop0,0.00,0.00,0.000,0.000,0.00
1777902117,loop1,0.00,0.00,0.000,0.000,0.00
1777902117,loop10,0.00,0.00,0.000,0.000,0.00
1777902117,loop11,0.00,0.00,0.000,0.000,0.00
1777902117,loop12,0.00,0.00,0.000,0.000,0.00
1777902117,loop13,0.00,0.00,0.000,0.000,0.00
1777902117,loop14,0.00,0.00,0.000,0.000,0.00
1777902117,loop15,0.00,0.00,0.000,0.000,0.00
1777902117,loop16,0.00,0.00,0.000,0.000,0.00
1777902117,loop17,0.00,0.00,0.000,0.000,0.00
1777902117,loop18,0.00,0.00,0.000,0.000,0.00
1777902117,loop19,0.00,0.00,0.000,0.000,0.00
1777902117,loop2,0.00,0.00,0.000,0.000,0.00
1777902117,loop20,0.00,0.00,0.000,0.000,0.00
1777902117,loop21,0.00,0.00,0.000,0.000,0.00
1777902117,loop22,0.00,0.00,0.000,0.000,0.00
1777902117,loop23,0.00,0.00,0.000,0.000,0.00
1777902117,loop24,0.00,0.00,0.000,0.000,0.00
1777902117,loop25,0.00,0.00,0.000,0.000,0.00
1777902117,loop26,0.00,0.00,0.000,0.000,0.00
1777902117,loop27,0.00,0.00,0.000,0.000,0.00
1777902117,loop28,0.00,0.00,0.000,0.000,0.00
1777902117,loop29,0.00,0.00,0.000,0.000,0.00
1777902117,loop3,0.00,0.00,0.000,0.000,0.00
1777902117,loop30,0.00,0.00,0.000,0.000,0.00
1777902117,loop31,0.00,0.00,0.000,0.000,0.00
1777902117,loop32,0.00,0.00,0.000,0.000,0.00
1777902117,loop33,0.00,0.00,0.000,0.000,0.00
1777902117,loop34,0.00,0.00,0.000,0.000,0.00
1777902117,loop35,0.00,0.00,0.000,0.000,0.00
1777902117,loop36,0.00,0.00,0.000,0.000,0.00
1777902117,loop37,0.00,0.00,0.000,0.000,0.00
1777902117,loop38,0.00,0.00,0.000,0.000,0.00
1777902117,loop39,0.00,0.00,0.000,0.000,0.00
1777902117,loop4,0.00,0.00,0.000,0.000,0.00
1777902117,loop40,0.00,0.00,0.000,0.000,0.00
1777902117,loop5,0.00,0.00,0.000,0.000,0.00
1777902117,loop6,0.00,0.00,0.000,0.000,0.00
1777902117,loop7,0.00,0.00,0.000,0.000,0.00
1777902117,loop8,0.00,0.00,0.000,0.000,0.00
1777902117,loop9,0.00,0.00,0.000,0.000,0.00
1777902117,nvme0n1,0.00,0.00,0.000,0.000,0.00
1777902118,loop0,0.00,0.00,0.000,0.000,0.00
1777902118,loop1,0.00,0.00,0.000,0.000,0.00
1777902118,loop10,0.00,0.00,0.000,0.000,0.00
1777902118,loop11,0.00,0.00,0.000,0.000,0.00
1777902118,loop12,0.00,0.00,0.000,0.000,0.00
1777902118,loop13,0.00,0.00,0.000,0.000,0.00
1777902118,loop14,0.00,0.00,0.000,0.000,0.00
1777902118,loop15,0.00,0.00,0.000,0.000,0.00
1777902118,loop16,0.00,0.00,0.000,0.000,0.00
1777902118,loop17,0.00,0.00,0.000,0.000,0.00
1777902118,loop18,0.00,0.00,0.000,0.000,0.00
1777902118,loop19,0.00,0.00,0.000,0.000,0.00
1777902118,loop2,0.00,0.00,0.000,0.000,0.00
1777902118,loop20,0.00,0.00,0.000,0.000,0.00
1777902118,loop21,0.00,0.00,0.000,0.000,0.00
1777902118,loop22,0.00,0.00,0.000,0.000,0.00
1777902118,loop23,0.00,0.00,0.000,0.000,0.00
1777902118,loop24,0.00,0.00,0.000,0.000,0.00
1777902118,loop25,0.00,0.00,0.000,0.000,0.00
1777902118,loop26,0.00,0.00,0.000,0.000,0.00
1777902118,loop27,0.00,0.00,0.000,0.000,0.00
1777902118,loop28,0.00,0.00,0.000,0.000,0.00
1777902118,loop29,0.00,0.00,0.000,0.000,0.00
1777902118,loop3,0.00,0.00,0.000,0.000,0.00
1777902118,loop30,0.00,0.00,0.000,0.000,0.00
1777902118,loop31,0.00,0.00,0.000,0.000,0.00
1777902118,loop32,0.00,0.00,0.000,0.000,0.00
1777902118,loop33,0.00,0.00,0.000,0.000,0.00
1777902118,loop34,0.00,0.00,0.000,0.000,0.00
1777902118,loop35,0.00,0.00,0.000,0.000,0.00
1777902118,loop36,0.00,0.00,0.000,0.000,0.00
1777902118,loop37,0.00,0.00,0.000,0.000,0.00
1777902118,loop38,0.00,0.00,0.000,0.000,0.00
1777902118,loop39,0.00,0.00,0.000,0.000,0.00
1777902118,loop4,0.00,0.00,0.000,0.000,0.00
1777902118,loop40,0.00,0.00,0.000,0.000,0.00
1777902118,loop5,0.00,0.00,0.000,0.000,0.00
1777902118,loop6,0.00,0.00,0.000,0.000,0.00
1777902118,loop7,0.00,0.00,0.000,0.000,0.00
1777902118,loop8,0.00,0.00,0.000,0.000,0.00
1777902118,loop9,0.00,0.00,0.000,0.000,0.00
1777902118,nvme0n1,1.00,4.00,0.000,0.000,2.00
1777902119,loop0,0.00,0.00,0.000,0.000,0.00
1777902119,loop1,0.00,0.00,0.000,0.000,0.00
1777902119,loop10,0.00,0.00,0.000,0.000,0.00
1777902119,loop11,0.00,0.00,0.000,0.000,0.00
1777902119,loop12,0.00,0.00,0.000,0.000,0.00
1777902119,loop13,0.00,0.00,0.000,0.000,0.00
1777902119,loop14,0.00,0.00,0.000,0.000,0.00
1777902119,loop15,0.00,0.00,0.000,0.000,0.00
1777902119,loop16,0.00,0.00,0.000,0.000,0.00
1777902119,loop17,0.00,0.00,0.000,0.000,0.00
1777902119,loop18,0.00,0.00,0.000,0.000,0.00
1777902119,loop19,0.00,0.00,0.000,0.000,0.00
1777902119,loop2,0.00,0.00,0.000,0.000,0.00
1777902119,loop20,0.00,0.00,0.000,0.000,0.00
1777902119,loop21,0.00,0.00,0.000,0.000,0.00
1777902119,loop22,0.00,0.00,0.000,0.000,0.00
1777902119,loop23,0.00,0.00,0.000,0.000,0.00
1777902119,loop24,0.00,0.00,0.000,0.000,0.00
1777902119,loop25,0.00,0.00,0.000,0.000,0.00
1777902119,loop26,0.00,0.00,0.000,0.000,0.00
1777902119,loop27,0.00,0.00,0.000,0.000,0.00
1777902119,loop28,0.00,0.00,0.000,0.000,0.00
1777902119,loop29,0.00,0.00,0.000,0.000,0.00
1777902119,loop3,0.00,0.00,0.000,0.000,0.00
1777902119,loop30,0.00,0.00,0.000,0.000,0.00
1777902119,loop31,0.00,0.00,0.000,0.000,0.00
1777902119,loop32,0.00,0.00,0.000,0.000,0.00
1777902119,loop33,0.00,0.00,0.000,0.000,0.00
1777902119,loop34,0.00,0.00,0.000,0.000,0.00
1777902119,loop35,0.00,0.00,0.000,0.000,0.00
1777902119,loop36,0.00,0.00,0.000,0.000,0.00
1777902119,loop37,0.00,0.00,0.000,0.000,0.00
1777902119,loop38,0.00,0.00,0.000,0.000,0.00
1777902119,loop39,0.00,0.00,0.000,0.000,0.00
1777902119,loop4,0.00,0.00,0.000,0.000,0.00
1777902119,loop40,0.00,0.00,0.000,0.000,0.00
1777902119,loop5,0.00,0.00,0.000,0.000,0.00
1777902119,loop6,0.00,0.00,0.000,0.000,0.00
1777902119,loop7,0.00,0.00,0.000,0.000,0.00
1777902119,loop8,0.00,0.00,0.000,0.000,0.00
1777902119,loop9,0.00,0.00,0.000,0.000,0.00
1777902119,nvme0n1,0.00,0.00,0.000,0.000,1.10
1777902120,loop0,0.00,0.00,0.000,0.000,0.00
1777902120,loop1,0.00,0.00,0.000,0.000,0.00
1777902120,loop10,0.00,0.00,0.000,0.000,0.00
1777902120,loop11,0.00,0.00,0.000,0.000,0.00
1777902120,loop12,0.00,0.00,0.000,0.000,0.00
1777902120,loop13,0.00,0.00,0.000,0.000,0.00
1777902120,loop14,0.00,0.00,0.000,0.000,0.00
1777902120,loop15,0.00,0.00,0.000,0.000,0.00
1777902120,loop16,0.00,0.00,0.000,0.000,0.00
1777902120,loop17,0.00,0.00,0.000,0.000,0.00
1777902120,loop18,0.00,0.00,0.000,0.000,0.00
1777902120,loop19,0.00,0.00,0.000,0.000,0.00
1777902120,loop2,0.00,0.00,0.000,0.000,0.00
1777902120,loop20,0.00,0.00,0.000,0.000,0.00
1777902120,loop21,0.00,0.00,0.000,0.000,0.00
1777902120,loop22,0.00,0.00,0.000,0.000,0.00
1777902120,loop23,0.00,0.00,0.000,0.000,0.00
1777902120,loop24,0.00,0.00,0.000,0.000,0.00
1777902120,loop25,0.00,0.00,0.000,0.000,0.00
1777902120,loop26,0.00,0.00,0.000,0.000,0.00
1777902120,loop27,0.00,0.00,0.000,0.000,0.00
1777902120,loop28,0.00,0.00,0.000,0.000,0.00
1777902120,loop29,0.00,0.00,0.000,0.000,0.00
1777902120,loop3,0.00,0.00,0.000,0.000,0.00
1777902120,loop30,0.00,0.00,0.000,0.000,0.00
1777902120,loop31,0.00,0.00,0.000,0.000,0.00
1777902120,loop32,0.00,0.00,0.000,0.000,0.00
1777902120,loop33,0.00,0.00,0.000,0.000,0.00
1777902120,loop34,0.00,0.00,0.000,0.000,0.00
1777902120,loop35,0.00,0.00,0.000,0.000,0.00
1777902120,loop36,0.00,0.00,0.000,0.000,0.00
1777902120,loop37,0.00,0.00,0.000,0.000,0.00
1777902120,loop38,0.00,0.00,0.000,0.000,0.00
1777902120,loop39,0.00,0.00,0.000,0.000,0.00
1777902120,loop4,0.00,0.00,0.000,0.000,0.00
1777902120,loop40,0.00,0.00,0.000,0.000,0.00
1777902120,loop5,0.00,0.00,0.000,0.000,0.00
1777902120,loop6,0.00,0.00,0.000,0.000,0.00
1777902120,loop7,0.00,0.00,0.000,0.000,0.00
1777902120,loop8,0.00,0.00,0.000,0.000,0.00
1777902120,loop9,0.00,0.00,0.000,0.000,0.00
1777902120,nvme0n1,0.00,0.00,0.000,0.000,0.00
1777902121,loop0,0.00,0.00,0.000,0.000,0.00
1777902121,loop1,0.00,0.00,0.000,0.000,0.00
1777902121,loop10,0.00,0.00,0.000,0.000,0.00
1777902121,loop11,0.00,0.00,0.000,0.000,0.00
1777902121,loop12,0.00,0.00,0.000,0.000,0.00
1777902121,loop13,0.00,0.00,0.000,0.000,0.00
1777902121,loop14,0.00,0.00,0.000,0.000,0.00
1777902121,loop15,0.00,0.00,0.000,0.000,0.00
1777902121,loop16,0.00,0.00,0.000,0.000,0.00
1777902121,loop17,0.00,0.00,0.000,0.000,0.00
1777902121,loop18,0.00,0.00,0.000,0.000,0.00
1777902121,loop19,0.00,0.00,0.000,0.000,0.00
1777902121,loop2,0.00,0.00,0.000,0.000,0.00
1777902121,loop20,0.00,0.00,0.000,0.000,0.00
1777902121,loop21,0.00,0.00,0.000,0.000,0.00
1777902121,loop22,0.00,0.00,0.000,0.000,0.00
1777902121,loop23,0.00,0.00,0.000,0.000,0.00
1777902121,loop24,0.00,0.00,0.000,0.000,0.00
1777902121,loop25,0.00,0.00,0.000,0.000,0.00
1777902121,loop26,0.00,0.00,0.000,0.000,0.00
1777902121,loop27,0.00,0.00,0.000,0.000,0.00
1777902121,loop28,0.00,0.00,0.000,0.000,0.00
1777902121,loop29,0.00,0.00,0.000,0.000,0.00
1777902121,loop3,0.00,0.00,0.000,0.000,0.00
1777902121,loop30,0.00,0.00,0.000,0.000,0.00
1777902121,loop31,0.00,0.00,0.000,0.000,0.00
1777902121,loop32,0.00,0.00,0.000,0.000,0.00
1777902121,loop33,0.00,0.00,0.000,0.000,0.00
1777902121,loop34,0.00,0.00,0.000,0.000,0.00
1777902121,loop35,0.00,0.00,0.000,0.000,0.00
1777902121,loop36,0.00,0.00,0.000,0.000,0.00
1777902121,loop37,0.00,0.00,0.000,0.000,0.00
1777902121,loop38,0.00,0.00,0.000,0.000,0.00
1777902121,loop39,0.00,0.00,0.000,0.000,0.00
1777902121,loop4,0.00,0.00,0.000,0.000,0.00
1777902121,loop40,0.00,0.00,0.000,0.000,0.00
1777902121,loop5,0.00,0.00,0.000,0.000,0.00
1777902121,loop6,0.00,0.00,0.000,0.000,0.00
1777902121,loop7,0.00,0.00,0.000,0.000,0.00
1777902121,loop8,0.00,0.00,0.000,0.000,0.00
1777902121,loop9,0.00,0.00,0.000,0.000,0.00
1777902121,nvme0n1,0.00,0.00,0.000,0.000,0.00
1777902122,loop0,0.00,0.00,0.000,0.000,0.00
1777902122,loop1,0.00,0.00,0.000,0.000,0.00
1777902122,loop10,0.00,0.00,0.000,0.000,0.00
1777902122,loop11,0.00,0.00,0.000,0.000,0.00
1777902122,loop12,0.00,0.00,0.000,0.000,0.00
1777902122,loop13,0.00,0.00,0.000,0.000,0.00
1777902122,loop14,0.00,0.00,0.000,0.000,0.00
1777902122,loop15,0.00,0.00,0.000,0.000,0.00
1777902122,loop16,0.00,0.00,0.000,0.000,0.00
1777902122,loop17,0.00,0.00,0.000,0.000,0.00
1777902122,loop18,0.00,0.00,0.000,0.000,0.00
1777902122,loop19,0.00,0.00,0.000,0.000,0.00
1777902122,loop2,0.00,0.00,0.000,0.000,0.00
1777902122,loop20,0.00,0.00,0.000,0.000,0.00
1777902122,loop21,0.00,0.00,0.000,0.000,0.00
1777902122,loop22,0.00,0.00,0.000,0.000,0.00
1777902122,loop23,0.00,0.00,0.000,0.000,0.00
1777902122,loop24,0.00,0.00,0.000,0.000,0.00
1777902122,loop25,0.00,0.00,0.000,0.000,0.00
1777902122,loop26,0.00,0.00,0.000,0.000,0.00
1777902122,loop27,0.00,0.00,0.000,0.000,0.00
1777902122,loop28,0.00,0.00,0.000,0.000,0.00
1777902122,loop29,0.00,0.00,0.000,0.000,0.00
1777902122,loop3,0.00,0.00,0.000,0.000,0.00
1777902122,loop30,0.00,0.00,0.000,0.000,0.00
1777902122,loop31,0.00,0.00,0.000,0.000,0.00
1777902122,loop32,0.00,0.00,0.000,0.000,0.00
1777902122,loop33,0.00,0.00,0.000,0.000,0.00
1777902122,loop34,0.00,0.00,0.000,0.000,0.00
1777902122,loop35,0.00,0.00,0.000,0.000,0.00
1777902122,loop36,0.00,0.00,0.000,0.000,0.00
1777902122,loop37,0.00,0.00,0.000,0.000,0.00
1777902122,loop38,0.00,0.00,0.000,0.000,0.00
1777902122,loop39,0.00,0.00,0.000,0.000,0.00
1777902122,loop4,0.00,0.00,0.000,0.000,0.00
1777902122,loop40,0.00,0.00,0.000,0.000,0.00
1777902122,loop5,0.00,0.00,0.000,0.000,0.00
1777902122,loop6,0.00,0.00,0.000,0.000,0.00
1777902122,loop7,0.00,0.00,0.000,0.000,0.00
1777902122,loop8,0.00,0.00,0.000,0.000,0.00
1777902122,loop9,0.00,0.00,0.000,0.000,0.00
1777902122,nvme0n1,0.00,0.00,0.000,0.000,0.00
1777902123,loop0,0.00,0.00,0.000,0.000,0.00
1777902123,loop1,0.00,0.00,0.000,0.000,0.00
1777902123,loop10,0.00,0.00,0.000,0.000,0.00
1777902123,loop11,0.00,0.00,0.000,0.000,0.00
1777902123,loop12,0.00,0.00,0.000,0.000,0.00
1777902123,loop13,0.00,0.00,0.000,0.000,0.00
1777902123,loop14,0.00,0.00,0.000,0.000,0.00
1777902123,loop15,0.00,0.00,0.000,0.000,0.00
1777902123,loop16,0.00,0.00,0.000,0.000,0.00
1777902123,loop17,0.00,0.00,0.000,0.000,0.00
1777902123,loop18,0.00,0.00,0.000,0.000,0.00
1777902123,loop19,0.00,0.00,0.000,0.000,0.00
1777902123,loop2,0.00,0.00,0.000,0.000,0.00
1777902123,loop20,0.00,0.00,0.000,0.000,0.00
1777902123,loop21,0.00,0.00,0.000,0.000,0.00
1777902123,loop22,0.00,0.00,0.000,0.000,0.00
1777902123,loop23,0.00,0.00,0.000,0.000,0.00
1777902123,loop24,0.00,0.00,0.000,0.000,0.00
1777902123,loop25,0.00,0.00,0.000,0.000,0.00
1777902123,loop26,0.00,0.00,0.000,0.000,0.00
1777902123,loop27,0.00,0.00,0.000,0.000,0.00
1777902123,loop28,0.00,0.00,0.000,0.000,0.00
1777902123,loop29,0.00,0.00,0.000,0.000,0.00
1777902123,loop3,0.00,0.00,0.000,0.000,0.00
1777902123,loop30,0.00,0.00,0.000,0.000,0.00
1777902123,loop31,0.00,0.00,0.000,0.000,0.00
1777902123,loop32,0.00,0.00,0.000,0.000,0.00
1777902123,loop33,0.00,0.00,0.000,0.000,0.00
1777902123,loop34,0.00,0.00,0.000,0.000,0.00
1777902123,loop35,0.00,0.00,0.000,0.000,0.00
1777902123,loop36,0.00,0.00,0.000,0.000,0.00
1777902123,loop37,0.00,0.00,0.000,0.000,0.00
1777902123,loop38,0.00,0.00,0.000,0.000,0.00
1777902123,loop39,0.00,0.00,0.000,0.000,0.00
1777902123,loop4,0.00,0.00,0.000,0.000,0.00
1777902123,loop40,0.00,0.00,0.000,0.000,0.00
1777902123,loop5,0.00,0.00,0.000,0.000,0.00
1777902123,loop6,0.00,0.00,0.000,0.000,0.00
1777902123,loop7,0.00,0.00,0.000,0.000,0.00
1777902123,loop8,0.00,0.00,0.000,0.000,0.00
1777902123,loop9,0.00,0.00,0.000,0.000,0.00
1777902123,nvme0n1,0.00,0.00,0.000,0.000,2.10
1777902124,loop0,0.00,0.00,0.000,0.000,0.00
1777902124,loop1,0.00,0.00,0.000,0.000,0.00
1777902124,loop10,0.00,0.00,0.000,0.000,0.00
1777902124,loop11,0.00,0.00,0.000,0.000,0.00
1777902124,loop12,0.00,0.00,0.000,0.000,0.00
1777902124,loop13,0.00,0.00,0.000,0.000,0.00
1777902124,loop14,0.00,0.00,0.000,0.000,0.00
1777902124,loop15,0.00,0.00,0.000,0.000,0.00
1777902124,loop16,0.00,0.00,0.000,0.000,0.00
1777902124,loop17,0.00,0.00,0.000,0.000,0.00
1777902124,loop18,0.00,0.00,0.000,0.000,0.00
1777902124,loop19,0.00,0.00,0.000,0.000,0.00
1777902124,loop2,0.00,0.00,0.000,0.000,0.00
1777902124,loop20,0.00,0.00,0.000,0.000,0.00
1777902124,loop21,0.00,0.00,0.000,0.000,0.00
1777902124,loop22,0.00,0.00,0.000,0.000,0.00
1777902124,loop23,0.00,0.00,0.000,0.000,0.00
1777902124,loop24,0.00,0.00,0.000,0.000,0.00
1777902124,loop25,0.00,0.00,0.000,0.000,0.00
1777902124,loop26,0.00,0.00,0.000,0.000,0.00
1777902124,loop27,0.00,0.00,0.000,0.000,0.00
1777902124,loop28,0.00,0.00,0.000,0.000,0.00
1777902124,loop29,0.00,0.00,0.000,0.000,0.00
1777902124,loop3,0.00,0.00,0.000,0.000,0.00
1777902124,loop30,0.00,0.00,0.000,0.000,0.00
1777902124,loop31,0.00,0.00,0.000,0.000,0.00
1777902124,loop32,0.00,0.00,0.000,0.000,0.00
1777902124,loop33,0.00,0.00,0.000,0.000,0.00
1777902124,loop34,0.00,0.00,0.000,0.000,0.00
1777902124,loop35,0.00,0.00,0.000,0.000,0.00
1777902124,loop36,0.00,0.00,0.000,0.000,0.00
1777902124,loop37,0.00,0.00,0.000,0.000,0.00
1777902124,loop38,0.00,0.00,0.000,0.000,0.00
1777902124,loop39,0.00,0.00,0.000,0.000,0.00
1777902124,loop4,0.00,0.00,0.000,0.000,0.00
1777902124,loop40,0.00,0.00,0.000,0.000,0.00
1777902124,loop5,0.00,0.00,0.000,0.000,0.00
1777902124,loop6,0.00,0.00,0.000,0.000,0.00
1777902124,loop7,0.00,0.00,0.000,0.000,0.00
1777902124,loop8,0.00,0.00,0.000,0.000,0.00
1777902124,loop9,0.00,0.00,0.000,0.000,0.00
1777902124,nvme0n1,0.00,0.00,0.000,0.000,0.00
1777902125,loop0,0.00,0.00,0.000,0.000,0.00
1777902125,loop1,0.00,0.00,0.000,0.000,0.00
1777902125,loop10,0.00,0.00,0.000,0.000,0.00
1777902125,loop11,0.00,0.00,0.000,0.000,0.00
1777902125,loop12,0.00,0.00,0.000,0.000,0.00
1777902125,loop13,0.00,0.00,0.000,0.000,0.00
1777902125,loop14,0.00,0.00,0.000,0.000,0.00
1777902125,loop15,0.00,0.00,0.000,0.000,0.00
1777902125,loop16,0.00,0.00,0.000,0.000,0.00
1777902125,loop17,0.00,0.00,0.000,0.000,0.00
1777902125,loop18,0.00,0.00,0.000,0.000,0.00
1777902125,loop19,0.00,0.00,0.000,0.000,0.00
1777902125,loop2,0.00,0.00,0.000,0.000,0.00
1777902125,loop20,0.00,0.00,0.000,0.000,0.00
1777902125,loop21,0.00,0.00,0.000,0.000,0.00
1777902125,loop22,0.00,0.00,0.000,0.000,0.00
1777902125,loop23,0.00,0.00,0.000,0.000,0.00
1777902125,loop24,0.00,0.00,0.000,0.000,0.00
1777902125,loop25,0.00,0.00,0.000,0.000,0.00
1777902125,loop26,0.00,0.00,0.000,0.000,0.00
1777902125,loop27,0.00,0.00,0.000,0.000,0.00
1777902125,loop28,0.00,0.00,0.000,0.000,0.00
1777902125,loop29,0.00,0.00,0.000,0.000,0.00
1777902125,loop3,0.00,0.00,0.000,0.000,0.00
1777902125,loop30,0.00,0.00,0.000,0.000,0.00
1777902125,loop31,0.00,0.00,0.000,0.000,0.00
1777902125,loop32,0.00,0.00,0.000,0.000,0.00
1777902125,loop33,0.00,0.00,0.000,0.000,0.00
1777902125,loop34,0.00,0.00,0.000,0.000,0.00
1777902125,loop35,0.00,0.00,0.000,0.000,0.00
1777902125,loop36,0.00,0.00,0.000,0.000,0.00
1777902125,loop37,0.00,0.00,0.000,0.000,0.00
1777902125,loop38,0.00,0.00,0.000,0.000,0.00
1777902125,loop39,0.00,0.00,0.000,0.000,0.00
1777902125,loop4,0.00,0.00,0.000,0.000,0.00
1777902125,loop40,0.00,0.00,0.000,0.000,0.00
1777902125,loop5,0.00,0.00,0.000,0.000,0.00
1777902125,loop6,0.00,0.00,0.000,0.000,0.00
1777902125,loop7,0.00,0.00,0.000,0.000,0.00
1777902125,loop8,0.00,0.00,0.000,0.000,0.00
1777902125,loop9,0.00,0.00,0.000,0.000,0.00
1777902125,nvme0n1,0.00,0.00,0.000,0.000,0.30
1777902126,loop0,0.00,0.00,0.000,0.000,0.00
1777902126,loop1,0.00,0.00,0.000,0.000,0.00
1777902126,loop10,0.00,0.00,0.000,0.000,0.00
1777902126,loop11,0.00,0.00,0.000,0.000,0.00
1777902126,loop12,0.00,0.00,0.000,0.000,0.00
1777902126,loop13,0.00,0.00,0.000,0.000,0.00
1777902126,loop14,0.00,0.00,0.000,0.000,0.00
1777902126,loop15,0.00,0.00,0.000,0.000,0.00
1777902126,loop16,0.00,0.00,0.000,0.000,0.00
1777902126,loop17,0.00,0.00,0.000,0.000,0.00
1777902126,loop18,0.00,0.00,0.000,0.000,0.00
1777902126,loop19,0.00,0.00,0.000,0.000,0.00
1777902126,loop2,0.00,0.00,0.000,0.000,0.00
1777902126,loop20,0.00,0.00,0.000,0.000,0.00
1777902126,loop21,0.00,0.00,0.000,0.000,0.00
1777902126,loop22,0.00,0.00,0.000,0.000,0.00
1777902126,loop23,0.00,0.00,0.000,0.000,0.00
1777902126,loop24,0.00,0.00,0.000,0.000,0.00
1777902126,loop25,0.00,0.00,0.000,0.000,0.00
1777902126,loop26,0.00,0.00,0.000,0.000,0.00
1777902126,loop27,0.00,0.00,0.000,0.000,0.00
1777902126,loop28,0.00,0.00,0.000,0.000,0.00
1777902126,loop29,0.00,0.00,0.000,0.000,0.00
1777902126,loop3,0.00,0.00,0.000,0.000,0.00
1777902126,loop30,0.00,0.00,0.000,0.000,0.00
1777902126,loop31,0.00,0.00,0.000,0.000,0.00
1777902126,loop32,0.00,0.00,0.000,0.000,0.00
1777902126,loop33,0.00,0.00,0.000,0.000,0.00
1777902126,loop34,0.00,0.00,0.000,0.000,0.00
1777902126,loop35,0.00,0.00,0.000,0.000,0.00
1777902126,loop36,0.00,0.00,0.000,0.000,0.00
1777902126,loop37,0.00,0.00,0.000,0.000,0.00
1777902126,loop38,0.00,0.00,0.000,0.000,0.00
1777902126,loop39,0.00,0.00,0.000,0.000,0.00
1777902126,loop4,0.00,0.00,0.000,0.000,0.00
1777902126,loop40,0.00,0.00,0.000,0.000,0.00
1777902126,loop5,0.00,0.00,0.000,0.000,0.00
1777902126,loop6,0.00,0.00,0.000,0.000,0.00
1777902126,loop7,0.00,0.00,0.000,0.000,0.00
1777902126,loop8,0.00,0.00,0.000,0.000,0.00
1777902126,loop9,0.00,0.00,0.000,0.000,0.00
1777902126,nvme0n1,3.00,12.00,0.000,0.000,0.10
1777902127,loop0,0.00,0.00,0.000,0.000,0.00
1777902127,loop1,0.00,0.00,0.000,0.000,0.00
1777902127,loop10,0.00,0.00,0.000,0.000,0.00
1777902127,loop11,0.00,0.00,0.000,0.000,0.00
1777902127,loop12,0.00,0.00,0.000,0.000,0.00
1777902127,loop13,0.00,0.00,0.000,0.000,0.00
1777902127,loop14,0.00,0.00,0.000,0.000,0.00
1777902127,loop15,0.00,0.00,0.000,0.000,0.00
1777902127,loop16,0.00,0.00,0.000,0.000,0.00
1777902127,loop17,0.00,0.00,0.000,0.000,0.00
1777902127,loop18,0.00,0.00,0.000,0.000,0.00
1777902127,loop19,0.00,0.00,0.000,0.000,0.00
1777902127,loop2,0.00,0.00,0.000,0.000,0.00
1777902127,loop20,0.00,0.00,0.000,0.000,0.00
1777902127,loop21,0.00,0.00,0.000,0.000,0.00
1777902127,loop22,0.00,0.00,0.000,0.000,0.00
1777902127,loop23,0.00,0.00,0.000,0.000,0.00
1777902127,loop24,0.00,0.00,0.000,0.000,0.00
1777902127,loop25,0.00,0.00,0.000,0.000,0.00
1777902127,loop26,0.00,0.00,0.000,0.000,0.00
1777902127,loop27,0.00,0.00,0.000,0.000,0.00
1777902127,loop28,0.00,0.00,0.000,0.000,0.00
1777902127,loop29,0.00,0.00,0.000,0.000,0.00
1777902127,loop3,0.00,0.00,0.000,0.000,0.00
1777902127,loop30,0.00,0.00,0.000,0.000,0.00
1777902127,loop31,0.00,0.00,0.000,0.000,0.00
1777902127,loop32,0.00,0.00,0.000,0.000,0.00
1777902127,loop33,0.00,0.00,0.000,0.000,0.00
1777902127,loop34,0.00,0.00,0.000,0.000,0.00
1777902127,loop35,0.00,0.00,0.000,0.000,0.00
1777902127,loop36,0.00,0.00,0.000,0.000,0.00
1777902127,loop37,0.00,0.00,0.000,0.000,0.00
1777902127,loop38,0.00,0.00,0.000,0.000,0.00
1777902127,loop39,0.00,0.00,0.000,0.000,0.00
1777902127,loop4,0.00,0.00,0.000,0.000,0.00
1777902127,loop40,0.00,0.00,0.000,0.000,0.00
1777902127,loop5,0.00,0.00,0.000,0.000,0.00
1777902127,loop6,0.00,0.00,0.000,0.000,0.00
1777902127,loop7,0.00,0.00,0.000,0.000,0.00
1777902127,loop8,0.00,0.00,0.000,0.000,0.00
1777902127,loop9,0.00,0.00,0.000,0.000,0.00
1777902127,nvme0n1,0.00,0.00,0.000,0.000,0.00
1777902128,loop0,0.00,0.00,0.000,0.000,0.00
1777902128,loop1,0.00,0.00,0.000,0.000,0.00
1777902128,loop10,0.00,0.00,0.000,0.000,0.00
1777902128,loop11,0.00,0.00,0.000,0.000,0.00
1777902128,loop12,0.00,0.00,0.000,0.000,0.00
1777902128,loop13,0.00,0.00,0.000,0.000,0.00
1777902128,loop14,0.00,0.00,0.000,0.000,0.00
1777902128,loop15,0.00,0.00,0.000,0.000,0.00
1777902128,loop16,0.00,0.00,0.000,0.000,0.00
1777902128,loop17,0.00,0.00,0.000,0.000,0.00
1777902128,loop18,0.00,0.00,0.000,0.000,0.00
1777902128,loop19,0.00,0.00,0.000,0.000,0.00
1777902128,loop2,0.00,0.00,0.000,0.000,0.00
1777902128,loop20,0.00,0.00,0.000,0.000,0.00
1777902128,loop21,0.00,0.00,0.000,0.000,0.00
1777902128,loop22,0.00,0.00,0.000,0.000,0.00
1777902128,loop23,0.00,0.00,0.000,0.000,0.00
1777902128,loop24,0.00,0.00,0.000,0.000,0.00
1777902128,loop25,0.00,0.00,0.000,0.000,0.00
1777902128,loop26,0.00,0.00,0.000,0.000,0.00
1777902128,loop27,0.00,0.00,0.000,0.000,0.00
1777902128,loop28,0.00,0.00,0.000,0.000,0.00
1777902128,loop29,0.00,0.00,0.000,0.000,0.00
1777902128,loop3,0.00,0.00,0.000,0.000,0.00
1777902128,loop30,0.00,0.00,0.000,0.000,0.00
1777902128,loop31,0.00,0.00,0.000,0.000,0.00
1777902128,loop32,0.00,0.00,0.000,0.000,0.00
1777902128,loop33,0.00,0.00,0.000,0.000,0.00
1777902128,loop34,0.00,0.00,0.000,0.000,0.00
1777902128,loop35,0.00,0.00,0.000,0.000,0.00
1777902128,loop36,0.00,0.00,0.000,0.000,0.00
1777902128,loop37,0.00,0.00,0.000,0.000,0.00
1777902128,loop38,0.00,0.00,0.000,0.000,0.00
1777902128,loop39,0.00,0.00,0.000,0.000,0.00
1777902128,loop4,0.00,0.00,0.000,0.000,0.00
1777902128,loop40,0.00,0.00,0.000,0.000,0.00
1777902128,loop5,0.00,0.00,0.000,0.000,0.00
1777902128,loop6,0.00,0.00,0.000,0.000,0.00
1777902128,loop7,0.00,0.00,0.000,0.000,0.00
1777902128,loop8,0.00,0.00,0.000,0.000,0.00
1777902128,loop9,0.00,0.00,0.000,0.000,0.00
1777902128,nvme0n1,0.00,0.00,0.000,0.000,0.00
1777902129,loop0,0.00,0.00,0.000,0.000,0.00
1777902129,loop1,0.00,0.00,0.000,0.000,0.00
1777902129,loop10,0.00,0.00,0.000,0.000,0.00
1777902129,loop11,0.00,0.00,0.000,0.000,0.00
1777902129,loop12,0.00,0.00,0.000,0.000,0.00
1777902129,loop13,0.00,0.00,0.000,0.000,0.00
1777902129,loop14,0.00,0.00,0.000,0.000,0.00
1777902129,loop15,0.00,0.00,0.000,0.000,0.00
1777902129,loop16,0.00,0.00,0.000,0.000,0.00
1777902129,loop17,0.00,0.00,0.000,0.000,0.00
1777902129,loop18,0.00,0.00,0.000,0.000,0.00
1777902129,loop19,0.00,0.00,0.000,0.000,0.00
1777902129,loop2,0.00,0.00,0.000,0.000,0.00
1777902129,loop20,0.00,0.00,0.000,0.000,0.00
1777902129,loop21,0.00,0.00,0.000,0.000,0.00
1777902129,loop22,0.00,0.00,0.000,0.000,0.00
1777902129,loop23,0.00,0.00,0.000,0.000,0.00
1777902129,loop24,0.00,0.00,0.000,0.000,0.00
1777902129,loop25,0.00,0.00,0.000,0.000,0.00
1777902129,loop26,0.00,0.00,0.000,0.000,0.00
1777902129,loop27,0.00,0.00,0.000,0.000,0.00
1777902129,loop28,0.00,0.00,0.000,0.000,0.00
1777902129,loop29,0.00,0.00,0.000,0.000,0.00
1777902129,loop3,0.00,0.00,0.000,0.000,0.00
1777902129,loop30,0.00,0.00,0.000,0.000,0.00
1777902129,loop31,0.00,0.00,0.000,0.000,0.00
1777902129,loop32,0.00,0.00,0.000,0.000,0.00
1777902129,loop33,0.00,0.00,0.000,0.000,0.00
1777902129,loop34,0.00,0.00,0.000,0.000,0.00
1777902129,loop35,0.00,0.00,0.000,0.000,0.00
1777902129,loop36,0.00,0.00,0.000,0.000,0.00
1777902129,loop37,0.00,0.00,0.000,0.000,0.00
1777902129,loop38,0.00,0.00,0.000,0.000,0.00
1777902129,loop39,0.00,0.00,0.000,0.000,0.00
1777902129,loop4,0.00,0.00,0.000,0.000,0.00
1777902129,loop40,0.00,0.00,0.000,0.000,0.00
1777902129,loop5,0.00,0.00,0.000,0.000,0.00
1777902129,loop6,0.00,0.00,0.000,0.000,0.00
1777902129,loop7,0.00,0.00,0.000,0.000,0.00
1777902129,loop8,0.00,0.00,0.000,0.000,0.00
1777902129,loop9,0.00,0.00,0.000,0.000,0.00
1777902129,nvme0n1,2.00,8.00,0.000,0.000,2.10
1777902130,loop0,0.00,0.00,0.000,0.000,0.00
1777902130,loop1,0.00,0.00,0.000,0.000,0.00
1777902130,loop10,0.00,0.00,0.000,0.000,0.00
1777902130,loop11,0.00,0.00,0.000,0.000,0.00
1777902130,loop12,0.00,0.00,0.000,0.000,0.00
1777902130,loop13,0.00,0.00,0.000,0.000,0.00
1777902130,loop14,0.00,0.00,0.000,0.000,0.00
1777902130,loop15,0.00,0.00,0.000,0.000,0.00
1777902130,loop16,0.00,0.00,0.000,0.000,0.00
1777902130,loop17,0.00,0.00,0.000,0.000,0.00
1777902130,loop18,0.00,0.00,0.000,0.000,0.00
1777902130,loop19,0.00,0.00,0.000,0.000,0.00
1777902130,loop2,0.00,0.00,0.000,0.000,0.00
1777902130,loop20,0.00,0.00,0.000,0.000,0.00
1777902130,loop21,0.00,0.00,0.000,0.000,0.00
1777902130,loop22,0.00,0.00,0.000,0.000,0.00
1777902130,loop23,0.00,0.00,0.000,0.000,0.00
1777902130,loop24,0.00,0.00,0.000,0.000,0.00
1777902130,loop25,0.00,0.00,0.000,0.000,0.00
1777902130,loop26,0.00,0.00,0.000,0.000,0.00
1777902130,loop27,0.00,0.00,0.000,0.000,0.00
1777902130,loop28,0.00,0.00,0.000,0.000,0.00
1777902130,loop29,0.00,0.00,0.000,0.000,0.00
1777902130,loop3,0.00,0.00,0.000,0.000,0.00
1777902130,loop30,0.00,0.00,0.000,0.000,0.00
1777902130,loop31,0.00,0.00,0.000,0.000,0.00
1777902130,loop32,0.00,0.00,0.000,0.000,0.00
1777902130,loop33,0.00,0.00,0.000,0.000,0.00
1777902130,loop34,0.00,0.00,0.000,0.000,0.00
1777902130,loop35,0.00,0.00,0.000,0.000,0.00
1777902130,loop36,0.00,0.00,0.000,0.000,0.00
1777902130,loop37,0.00,0.00,0.000,0.000,0.00
1777902130,loop38,0.00,0.00,0.000,0.000,0.00
1777902130,loop39,0.00,0.00,0.000,0.000,0.00
1777902130,loop4,0.00,0.00,0.000,0.000,0.00
1777902130,loop40,0.00,0.00,0.000,0.000,0.00
1777902130,loop5,0.00,0.00,0.000,0.000,0.00
1777902130,loop6,0.00,0.00,0.000,0.000,0.00
1777902130,loop7,0.00,0.00,0.000,0.000,0.00
1777902130,loop8,0.00,0.00,0.000,0.000,0.00
1777902130,loop9,0.00,0.00,0.000,0.000,0.00
1777902130,nvme0n1,0.00,0.00,0.000,0.000,0.20
1777902131,loop0,0.00,0.00,0.000,0.000,0.00
1777902131,loop1,0.00,0.00,0.000,0.000,0.00
1777902131,loop10,0.00,0.00,0.000,0.000,0.00
1777902131,loop11,0.00,0.00,0.000,0.000,0.00
1777902131,loop12,0.00,0.00,0.000,0.000,0.00
1777902131,loop13,0.00,0.00,0.000,0.000,0.00
1777902131,loop14,0.00,0.00,0.000,0.000,0.00
1777902131,loop15,0.00,0.00,0.000,0.000,0.00
1777902131,loop16,0.00,0.00,0.000,0.000,0.00
1777902131,loop17,0.00,0.00,0.000,0.000,0.00
1777902131,loop18,0.00,0.00,0.000,0.000,0.00
1777902131,loop19,0.00,0.00,0.000,0.000,0.00
1777902131,loop2,0.00,0.00,0.000,0.000,0.00
1777902131,loop20,0.00,0.00,0.000,0.000,0.00
1777902131,loop21,0.00,0.00,0.000,0.000,0.00
1777902131,loop22,0.00,0.00,0.000,0.000,0.00
1777902131,loop23,0.00,0.00,0.000,0.000,0.00
1777902131,loop24,0.00,0.00,0.000,0.000,0.00
1777902131,loop25,0.00,0.00,0.000,0.000,0.00
1777902131,loop26,0.00,0.00,0.000,0.000,0.00
1777902131,loop27,0.00,0.00,0.000,0.000,0.00
1777902131,loop28,0.00,0.00,0.000,0.000,0.00
1777902131,loop29,0.00,0.00,0.000,0.000,0.00
1777902131,loop3,0.00,0.00,0.000,0.000,0.00
1777902131,loop30,0.00,0.00,0.000,0.000,0.00
1777902131,loop31,0.00,0.00,0.000,0.000,0.00
1777902131,loop32,0.00,0.00,0.000,0.000,0.00
1777902131,loop33,0.00,0.00,0.000,0.000,0.00
1777902131,loop34,0.00,0.00,0.000,0.000,0.00
1777902131,loop35,0.00,0.00,0.000,0.000,0.00
1777902131,loop36,0.00,0.00,0.000,0.000,0.00
1777902131,loop37,0.00,0.00,0.000,0.000,0.00
1777902131,loop38,0.00,0.00,0.000,0.000,0.00
1777902131,loop39,0.00,0.00,0.000,0.000,0.00
1777902131,loop4,0.00,0.00,0.000,0.000,0.00
1777902131,loop40,0.00,0.00,0.000,0.000,0.00
1777902131,loop5,0.00,0.00,0.000,0.000,0.00
1777902131,loop6,0.00,0.00,0.000,0.000,0.00
1777902131,loop7,0.00,0.00,0.000,0.000,0.00
1777902131,loop8,0.00,0.00,0.000,0.000,0.00
1777902131,loop9,0.00,0.00,0.000,0.000,0.00
1777902131,nvme0n1,0.00,0.00,0.000,0.000,0.00
1777902132,loop0,0.00,0.00,0.000,0.000,0.00
1777902132,loop1,0.00,0.00,0.000,0.000,0.00
1777902132,loop10,0.00,0.00,0.000,0.000,0.00
1777902132,loop11,0.00,0.00,0.000,0.000,0.00
1777902132,loop12,0.00,0.00,0.000,0.000,0.00
1777902132,loop13,0.00,0.00,0.000,0.000,0.00
1777902132,loop14,0.00,0.00,0.000,0.000,0.00
1777902132,loop15,0.00,0.00,0.000,0.000,0.00
1777902132,loop16,0.00,0.00,0.000,0.000,0.00
1777902132,loop17,0.00,0.00,0.000,0.000,0.00
1777902132,loop18,0.00,0.00,0.000,0.000,0.00
1777902132,loop19,0.00,0.00,0.000,0.000,0.00
1777902132,loop2,0.00,0.00,0.000,0.000,0.00
1777902132,loop20,0.00,0.00,0.000,0.000,0.00
1777902132,loop21,0.00,0.00,0.000,0.000,0.00
1777902132,loop22,0.00,0.00,0.000,0.000,0.00
1777902132,loop23,0.00,0.00,0.000,0.000,0.00
1777902132,loop24,0.00,0.00,0.000,0.000,0.00
1777902132,loop25,0.00,0.00,0.000,0.000,0.00
1777902132,loop26,0.00,0.00,0.000,0.000,0.00
1777902132,loop27,0.00,0.00,0.000,0.000,0.00
1777902132,loop28,0.00,0.00,0.000,0.000,0.00
1777902132,loop29,0.00,0.00,0.000,0.000,0.00
1777902132,loop3,0.00,0.00,0.000,0.000,0.00
1777902132,loop30,0.00,0.00,0.000,0.000,0.00
1777902132,loop31,0.00,0.00,0.000,0.000,0.00
1777902132,loop32,0.00,0.00,0.000,0.000,0.00
1777902132,loop33,0.00,0.00,0.000,0.000,0.00
1777902132,loop34,0.00,0.00,0.000,0.000,0.00
1777902132,loop35,0.00,0.00,0.000,0.000,0.00
1777902132,loop36,0.00,0.00,0.000,0.000,0.00
1777902132,loop37,0.00,0.00,0.000,0.000,0.00
1777902132,loop38,0.00,0.00,0.000,0.000,0.00
1777902132,loop39,0.00,0.00,0.000,0.000,0.00
1777902132,loop4,0.00,0.00,0.000,0.000,0.00
1777902132,loop40,0.00,0.00,0.000,0.000,0.00
1777902132,loop5,0.00,0.00,0.000,0.000,0.00
1777902132,loop6,0.00,0.00,0.000,0.000,0.00
1777902132,loop7,0.00,0.00,0.000,0.000,0.00
1777902132,loop8,0.00,0.00,0.000,0.000,0.00
1777902132,loop9,0.00,0.00,0.000,0.000,0.00
1777902132,nvme0n1,0.00,0.00,0.000,0.000,5.70
1777902133,loop0,0.00,0.00,0.000,0.000,0.00
1777902133,loop1,0.00,0.00,0.000,0.000,0.00
1777902133,loop10,0.00,0.00,0.000,0.000,0.00
1777902133,loop11,0.00,0.00,0.000,0.000,0.00
1777902133,loop12,0.00,0.00,0.000,0.000,0.00
1777902133,loop13,0.00,0.00,0.000,0.000,0.00
1777902133,loop14,0.00,0.00,0.000,0.000,0.00
1777902133,loop15,0.00,0.00,0.000,0.000,0.00
1777902133,loop16,0.00,0.00,0.000,0.000,0.00
1777902133,loop17,0.00,0.00,0.000,0.000,0.00
1777902133,loop18,0.00,0.00,0.000,0.000,0.00
1777902133,loop19,0.00,0.00,0.000,0.000,0.00
1777902133,loop2,0.00,0.00,0.000,0.000,0.00
1777902133,loop20,0.00,0.00,0.000,0.000,0.00
1777902133,loop21,0.00,0.00,0.000,0.000,0.00
1777902133,loop22,0.00,0.00,0.000,0.000,0.00
1777902133,loop23,0.00,0.00,0.000,0.000,0.00
1777902133,loop24,0.00,0.00,0.000,0.000,0.00
1777902133,loop25,0.00,0.00,0.000,0.000,0.00
1777902133,loop26,0.00,0.00,0.000,0.000,0.00
1777902133,loop27,0.00,0.00,0.000,0.000,0.00
1777902133,loop28,0.00,0.00,0.000,0.000,0.00
1777902133,loop29,0.00,0.00,0.000,0.000,0.00
1777902133,loop3,0.00,0.00,0.000,0.000,0.00
1777902133,loop30,0.00,0.00,0.000,0.000,0.00
1777902133,loop31,0.00,0.00,0.000,0.000,0.00
1777902133,loop32,0.00,0.00,0.000,0.000,0.00
1777902133,loop33,0.00,0.00,0.000,0.000,0.00
1777902133,loop34,0.00,0.00,0.000,0.000,0.00
1777902133,loop35,0.00,0.00,0.000,0.000,0.00
1777902133,loop36,0.00,0.00,0.000,0.000,0.00
1777902133,loop37,0.00,0.00,0.000,0.000,0.00
1777902133,loop38,0.00,0.00,0.000,0.000,0.00
1777902133,loop39,0.00,0.00,0.000,0.000,0.00
1777902133,loop4,0.00,0.00,0.000,0.000,0.00
1777902133,loop40,0.00,0.00,0.000,0.000,0.00
1777902133,loop5,0.00,0.00,0.000,0.000,0.00
1777902133,loop6,0.00,0.00,0.000,0.000,0.00
1777902133,loop7,0.00,0.00,0.000,0.000,0.00
1777902133,loop8,0.00,0.00,0.000,0.000,0.00
1777902133,loop9,0.00,0.00,0.000,0.000,0.00
1777902133,nvme0n1,2.00,8.00,0.000,0.000,0.10
1777902134,loop0,0.00,0.00,0.000,0.000,0.00
1777902134,loop1,0.00,0.00,0.000,0.000,0.00
1777902134,loop10,0.00,0.00,0.000,0.000,0.00
1777902134,loop11,0.00,0.00,0.000,0.000,0.00
1777902134,loop12,0.00,0.00,0.000,0.000,0.00
1777902134,loop13,0.00,0.00,0.000,0.000,0.00
1777902134,loop14,0.00,0.00,0.000,0.000,0.00
1777902134,loop15,0.00,0.00,0.000,0.000,0.00
1777902134,loop16,0.00,0.00,0.000,0.000,0.00
1777902134,loop17,0.00,0.00,0.000,0.000,0.00
1777902134,loop18,0.00,0.00,0.000,0.000,0.00
1777902134,loop19,0.00,0.00,0.000,0.000,0.00
1777902134,loop2,0.00,0.00,0.000,0.000,0.00
1777902134,loop20,0.00,0.00,0.000,0.000,0.00
1777902134,loop21,0.00,0.00,0.000,0.000,0.00
1777902134,loop22,0.00,0.00,0.000,0.000,0.00
1777902134,loop23,0.00,0.00,0.000,0.000,0.00
1777902134,loop24,0.00,0.00,0.000,0.000,0.00
1777902134,loop25,0.00,0.00,0.000,0.000,0.00
1777902134,loop26,0.00,0.00,0.000,0.000,0.00
1777902134,loop27,0.00,0.00,0.000,0.000,0.00
1777902134,loop28,0.00,0.00,0.000,0.000,0.00
1777902134,loop29,0.00,0.00,0.000,0.000,0.00
1777902134,loop3,0.00,0.00,0.000,0.000,0.00
1777902134,loop30,0.00,0.00,0.000,0.000,0.00
1777902134,loop31,0.00,0.00,0.000,0.000,0.00
1777902134,loop32,0.00,0.00,0.000,0.000,0.00
1777902134,loop33,0.00,0.00,0.000,0.000,0.00
1777902134,loop34,0.00,0.00,0.000,0.000,0.00
1777902134,loop35,0.00,0.00,0.000,0.000,0.00
1777902134,loop36,0.00,0.00,0.000,0.000,0.00
1777902134,loop37,0.00,0.00,0.000,0.000,0.00
1777902134,loop38,0.00,0.00,0.000,0.000,0.00
1777902134,loop39,0.00,0.00,0.000,0.000,0.00
1777902134,loop4,0.00,0.00,0.000,0.000,0.00
1777902134,loop40,0.00,0.00,0.000,0.000,0.00
1777902134,loop5,0.00,0.00,0.000,0.000,0.00
1777902134,loop6,0.00,0.00,0.000,0.000,0.00
1777902134,loop7,0.00,0.00,0.000,0.000,0.00
1777902134,loop8,0.00,0.00,0.000,0.000,0.00
1777902134,loop9,0.00,0.00,0.000,0.000,0.00
1777902134,nvme0n1,0.00,0.00,0.000,0.000,0.10
1777902135,loop0,0.00,0.00,0.000,0.000,0.00
1777902135,loop1,0.00,0.00,0.000,0.000,0.00
1777902135,loop10,0.00,0.00,0.000,0.000,0.00
1777902135,loop11,0.00,0.00,0.000,0.000,0.00
1777902135,loop12,0.00,0.00,0.000,0.000,0.00
1777902135,loop13,0.00,0.00,0.000,0.000,0.00
1777902135,loop14,0.00,0.00,0.000,0.000,0.00
1777902135,loop15,0.00,0.00,0.000,0.000,0.00
1777902135,loop16,0.00,0.00,0.000,0.000,0.00
1777902135,loop17,0.00,0.00,0.000,0.000,0.00
1777902135,loop18,0.00,0.00,0.000,0.000,0.00
1777902135,loop19,0.00,0.00,0.000,0.000,0.00
1777902135,loop2,0.00,0.00,0.000,0.000,0.00
1777902135,loop20,0.00,0.00,0.000,0.000,0.00
1777902135,loop21,0.00,0.00,0.000,0.000,0.00
1777902135,loop22,0.00,0.00,0.000,0.000,0.00
1777902135,loop23,0.00,0.00,0.000,0.000,0.00
1777902135,loop24,0.00,0.00,0.000,0.000,0.00
1777902135,loop25,0.00,0.00,0.000,0.000,0.00
1777902135,loop26,0.00,0.00,0.000,0.000,0.00
1777902135,loop27,0.00,0.00,0.000,0.000,0.00
1777902135,loop28,0.00,0.00,0.000,0.000,0.00
1777902135,loop29,0.00,0.00,0.000,0.000,0.00
1777902135,loop3,0.00,0.00,0.000,0.000,0.00
1777902135,loop30,0.00,0.00,0.000,0.000,0.00
1777902135,loop31,0.00,0.00,0.000,0.000,0.00
1777902135,loop32,0.00,0.00,0.000,0.000,0.00
1777902135,loop33,0.00,0.00,0.000,0.000,0.00
1777902135,loop34,0.00,0.00,0.000,0.000,0.00
1777902135,loop35,0.00,0.00,0.000,0.000,0.00
1777902135,loop36,0.00,0.00,0.000,0.000,0.00
1777902135,loop37,0.00,0.00,0.000,0.000,0.00
1777902135,loop38,0.00,0.00,0.000,0.000,0.00
1777902135,loop39,0.00,0.00,0.000,0.000,0.00
1777902135,loop4,0.00,0.00,0.000,0.000,0.00
1777902135,loop40,0.00,0.00,0.000,0.000,0.00
1777902135,loop5,0.00,0.00,0.000,0.000,0.00
1777902135,loop6,0.00,0.00,0.000,0.000,0.00
1777902135,loop7,0.00,0.00,0.000,0.000,0.00
1777902135,loop8,0.00,0.00,0.000,0.000,0.00
1777902135,loop9,0.00,0.00,0.000,0.000,0.00
1777902135,nvme0n1,55.00,636.00,0.000,0.000,0.30
1777902136,loop0,0.00,0.00,0.000,0.000,0.00
1777902136,loop1,0.00,0.00,0.000,0.000,0.00
1777902136,loop10,0.00,0.00,0.000,0.000,0.00
1777902136,loop11,0.00,0.00,0.000,0.000,0.00
1777902136,loop12,0.00,0.00,0.000,0.000,0.00
1777902136,loop13,0.00,0.00,0.000,0.000,0.00
1777902136,loop14,0.00,0.00,0.000,0.000,0.00
1777902136,loop15,0.00,0.00,0.000,0.000,0.00
1777902136,loop16,0.00,0.00,0.000,0.000,0.00
1777902136,loop17,0.00,0.00,0.000,0.000,0.00
1777902136,loop18,0.00,0.00,0.000,0.000,0.00
1777902136,loop19,0.00,0.00,0.000,0.000,0.00
1777902136,loop2,0.00,0.00,0.000,0.000,0.00
1777902136,loop20,0.00,0.00,0.000,0.000,0.00
1777902136,loop21,0.00,0.00,0.000,0.000,0.00
1777902136,loop22,0.00,0.00,0.000,0.000,0.00
1777902136,loop23,0.00,0.00,0.000,0.000,0.00
1777902136,loop24,0.00,0.00,0.000,0.000,0.00
1777902136,loop25,0.00,0.00,0.000,0.000,0.00
1777902136,loop26,0.00,0.00,0.000,0.000,0.00
1777902136,loop27,0.00,0.00,0.000,0.000,0.00
1777902136,loop28,0.00,0.00,0.000,0.000,0.00
1777902136,loop29,0.00,0.00,0.000,0.000,0.00
1777902136,loop3,0.00,0.00,0.000,0.000,0.00
1777902136,loop30,0.00,0.00,0.000,0.000,0.00
1777902136,loop31,0.00,0.00,0.000,0.000,0.00
1777902136,loop32,0.00,0.00,0.000,0.000,0.00
1777902136,loop33,0.00,0.00,0.000,0.000,0.00
1777902136,loop34,0.00,0.00,0.000,0.000,0.00
1777902136,loop35,0.00,0.00,0.000,0.000,0.00
1777902136,loop36,0.00,0.00,0.000,0.000,0.00
1777902136,loop37,0.00,0.00,0.000,0.000,0.00
1777902136,loop38,0.00,0.00,0.000,0.000,0.00
1777902136,loop39,0.00,0.00,0.000,0.000,0.00
1777902136,loop4,0.00,0.00,0.000,0.000,0.00
1777902136,loop40,0.00,0.00,0.000,0.000,0.00
1777902136,loop5,0.00,0.00,0.000,0.000,0.00
1777902136,loop6,0.00,0.00,0.000,0.000,0.00
1777902136,loop7,0.00,0.00,0.000,0.000,0.00
1777902136,loop8,0.00,0.00,0.000,0.000,0.00
1777902136,loop9,0.00,0.00,0.000,0.000,0.00
1777902136,nvme0n1,0.00,0.00,0.000,0.000,0.00
1777902137,loop0,0.00,0.00,0.000,0.000,0.00
1777902137,loop1,0.00,0.00,0.000,0.000,0.00
1777902137,loop10,0.00,0.00,0.000,0.000,0.00
1777902137,loop11,0.00,0.00,0.000,0.000,0.00
1777902137,loop12,0.00,0.00,0.000,0.000,0.00
1777902137,loop13,0.00,0.00,0.000,0.000,0.00
1777902137,loop14,0.00,0.00,0.000,0.000,0.00
1777902137,loop15,0.00,0.00,0.000,0.000,0.00
1777902137,loop16,0.00,0.00,0.000,0.000,0.00
1777902137,loop17,0.00,0.00,0.000,0.000,0.00
1777902137,loop18,0.00,0.00,0.000,0.000,0.00
1777902137,loop19,0.00,0.00,0.000,0.000,0.00
1777902137,loop2,0.00,0.00,0.000,0.000,0.00
1777902137,loop20,0.00,0.00,0.000,0.000,0.00
1777902137,loop21,0.00,0.00,0.000,0.000,0.00
1777902137,loop22,0.00,0.00,0.000,0.000,0.00
1777902137,loop23,0.00,0.00,0.000,0.000,0.00
1777902137,loop24,0.00,0.00,0.000,0.000,0.00
1777902137,loop25,0.00,0.00,0.000,0.000,0.00
1777902137,loop26,0.00,0.00,0.000,0.000,0.00
1777902137,loop27,0.00,0.00,0.000,0.000,0.00
1777902137,loop28,0.00,0.00,0.000,0.000,0.00
1777902137,loop29,0.00,0.00,0.000,0.000,0.00
1777902137,loop3,0.00,0.00,0.000,0.000,0.00
1777902137,loop30,0.00,0.00,0.000,0.000,0.00
1777902137,loop31,0.00,0.00,0.000,0.000,0.00
1777902137,loop32,0.00,0.00,0.000,0.000,0.00
1777902137,loop33,0.00,0.00,0.000,0.000,0.00
1777902137,loop34,0.00,0.00,0.000,0.000,0.00
1777902137,loop35,0.00,0.00,0.000,0.000,0.00
1777902137,loop36,0.00,0.00,0.000,0.000,0.00
1777902137,loop37,0.00,0.00,0.000,0.000,0.00
1777902137,loop38,0.00,0.00,0.000,0.000,0.00
1777902137,loop39,0.00,0.00,0.000,0.000,0.00
1777902137,loop4,0.00,0.00,0.000,0.000,0.00
1777902137,loop40,0.00,0.00,0.000,0.000,0.00
1777902137,loop5,0.00,0.00,0.000,0.000,0.00
1777902137,loop6,0.00,0.00,0.000,0.000,0.00
1777902137,loop7,0.00,0.00,0.000,0.000,0.00
1777902137,loop8,0.00,0.00,0.000,0.000,0.00
1777902137,loop9,0.00,0.00,0.000,0.000,0.00
1777902137,nvme0n1,0.00,0.00,0.000,0.000,0.20
1777902138,loop0,0.00,0.00,0.000,0.000,0.00
1777902138,loop1,0.00,0.00,0.000,0.000,0.00
1777902138,loop10,0.00,0.00,0.000,0.000,0.00
1777902138,loop11,0.00,0.00,0.000,0.000,0.00
1777902138,loop12,0.00,0.00,0.000,0.000,0.00
1777902138,loop13,0.00,0.00,0.000,0.000,0.00
1777902138,loop14,0.00,0.00,0.000,0.000,0.00
1777902138,loop15,0.00,0.00,0.000,0.000,0.00
1777902138,loop16,0.00,0.00,0.000,0.000,0.00
1777902138,loop17,0.00,0.00,0.000,0.000,0.00
1777902138,loop18,0.00,0.00,0.000,0.000,0.00
1777902138,loop19,0.00,0.00,0.000,0.000,0.00
1777902138,loop2,0.00,0.00,0.000,0.000,0.00
1777902138,loop20,0.00,0.00,0.000,0.000,0.00
1777902138,loop21,0.00,0.00,0.000,0.000,0.00
1777902138,loop22,0.00,0.00,0.000,0.000,0.00
1777902138,loop23,0.00,0.00,0.000,0.000,0.00
1777902138,loop24,0.00,0.00,0.000,0.000,0.00
1777902138,loop25,0.00,0.00,0.000,0.000,0.00
1777902138,loop26,0.00,0.00,0.000,0.000,0.00
1777902138,loop27,0.00,0.00,0.000,0.000,0.00
1777902138,loop28,0.00,0.00,0.000,0.000,0.00
1777902138,loop29,0.00,0.00,0.000,0.000,0.00
1777902138,loop3,0.00,0.00,0.000,0.000,0.00
1777902138,loop30,0.00,0.00,0.000,0.000,0.00
1777902138,loop31,0.00,0.00,0.000,0.000,0.00
1777902138,loop32,0.00,0.00,0.000,0.000,0.00
1777902138,loop33,0.00,0.00,0.000,0.000,0.00
1777902138,loop34,0.00,0.00,0.000,0.000,0.00
1777902138,loop35,0.00,0.00,0.000,0.000,0.00
1777902138,loop36,0.00,0.00,0.000,0.000,0.00
1777902138,loop37,0.00,0.00,0.000,0.000,0.00
1777902138,loop38,0.00,0.00,0.000,0.000,0.00
1777902138,loop39,0.00,0.00,0.000,0.000,0.00
1777902138,loop4,0.00,0.00,0.000,0.000,0.00
1777902138,loop40,0.00,0.00,0.000,0.000,0.00
1777902138,loop5,0.00,0.00,0.000,0.000,0.00
1777902138,loop6,0.00,0.00,0.000,0.000,0.00
1777902138,loop7,0.00,0.00,0.000,0.000,0.00
1777902138,loop8,0.00,0.00,0.000,0.000,0.00
1777902138,loop9,0.00,0.00,0.000,0.000,0.00
1777902138,nvme0n1,0.00,0.00,0.000,0.000,0.00
1777902139,loop0,0.00,0.00,0.000,0.000,0.00
1777902139,loop1,0.00,0.00,0.000,0.000,0.00
1777902139,loop10,0.00,0.00,0.000,0.000,0.00
1777902139,loop11,0.00,0.00,0.000,0.000,0.00
1777902139,loop12,0.00,0.00,0.000,0.000,0.00
1777902139,loop13,0.00,0.00,0.000,0.000,0.00
1777902139,loop14,0.00,0.00,0.000,0.000,0.00
1777902139,loop15,0.00,0.00,0.000,0.000,0.00
1777902139,loop16,0.00,0.00,0.000,0.000,0.00
1777902139,loop17,0.00,0.00,0.000,0.000,0.00
1777902139,loop18,0.00,0.00,0.000,0.000,0.00
1777902139,loop19,0.00,0.00,0.000,0.000,0.00
1777902139,loop2,0.00,0.00,0.000,0.000,0.00
1777902139,loop20,0.00,0.00,0.000,0.000,0.00
1777902139,loop21,0.00,0.00,0.000,0.000,0.00
1777902139,loop22,0.00,0.00,0.000,0.000,0.00
1777902139,loop23,0.00,0.00,0.000,0.000,0.00
1777902139,loop24,0.00,0.00,0.000,0.000,0.00
1777902139,loop25,0.00,0.00,0.000,0.000,0.00
1777902139,loop26,0.00,0.00,0.000,0.000,0.00
1777902139,loop27,0.00,0.00,0.000,0.000,0.00
1777902139,loop28,0.00,0.00,0.000,0.000,0.00
1777902139,loop29,0.00,0.00,0.000,0.000,0.00
1777902139,loop3,0.00,0.00,0.000,0.000,0.00
1777902139,loop30,0.00,0.00,0.000,0.000,0.00
1777902139,loop31,0.00,0.00,0.000,0.000,0.00
1777902139,loop32,0.00,0.00,0.000,0.000,0.00
1777902139,loop33,0.00,0.00,0.000,0.000,0.00
1777902139,loop34,0.00,0.00,0.000,0.000,0.00
1777902139,loop35,0.00,0.00,0.000,0.000,0.00
1777902139,loop36,0.00,0.00,0.000,0.000,0.00
1777902139,loop37,0.00,0.00,0.000,0.000,0.00
1777902139,loop38,3.00,113.00,0.000,0.000,0.00
1777902139,loop39,0.00,0.00,0.000,0.000,0.00
1777902139,loop4,0.00,0.00,0.000,0.000,0.00
1777902139,loop40,0.00,0.00,0.000,0.000,0.00
1777902139,loop5,0.00,0.00,0.000,0.000,0.00
1777902139,loop6,0.00,0.00,0.000,0.000,0.00
1777902139,loop7,0.00,0.00,0.000,0.000,0.00
1777902139,loop8,0.00,0.00,0.000,0.000,0.00
1777902139,loop9,0.00,0.00,0.000,0.000,0.00
1777902139,nvme0n1,5.00,20.00,0.000,0.000,0.10
1777902140,loop0,0.00,0.00,0.000,0.000,0.00
1777902140,loop1,0.00,0.00,0.000,0.000,0.00
1777902140,loop10,0.00,0.00,0.000,0.000,0.00
1777902140,loop11,0.00,0.00,0.000,0.000,0.00
1777902140,loop12,0.00,0.00,0.000,0.000,0.00
1777902140,loop13,0.00,0.00,0.000,0.000,0.00
1777902140,loop14,0.00,0.00,0.000,0.000,0.00
1777902140,loop15,0.00,0.00,0.000,0.000,0.00
1777902140,loop16,0.00,0.00,0.000,0.000,0.00
1777902140,loop17,0.00,0.00,0.000,0.000,0.00
1777902140,loop18,0.00,0.00,0.000,0.000,0.00
1777902140,loop19,0.00,0.00,0.000,0.000,0.00
1777902140,loop2,0.00,0.00,0.000,0.000,0.00
1777902140,loop20,0.00,0.00,0.000,0.000,0.00
1777902140,loop21,0.00,0.00,0.000,0.000,0.00
1777902140,loop22,0.00,0.00,0.000,0.000,0.00
1777902140,loop23,0.00,0.00,0.000,0.000,0.00
1777902140,loop24,0.00,0.00,0.000,0.000,0.00
1777902140,loop25,0.00,0.00,0.000,0.000,0.00
1777902140,loop26,0.00,0.00,0.000,0.000,0.00
1777902140,loop27,0.00,0.00,0.000,0.000,0.00
1777902140,loop28,0.00,0.00,0.000,0.000,0.00
1777902140,loop29,0.00,0.00,0.000,0.000,0.00
1777902140,loop3,0.00,0.00,0.000,0.000,0.00
1777902140,loop30,0.00,0.00,0.000,0.000,0.00
1777902140,loop31,0.00,0.00,0.000,0.000,0.00
1777902140,loop32,0.00,0.00,0.000,0.000,0.00
1777902140,loop33,0.00,0.00,0.000,0.000,0.00
1777902140,loop34,0.00,0.00,0.000,0.000,0.00
1777902140,loop35,0.00,0.00,0.000,0.000,0.00
1777902140,loop36,0.00,0.00,0.000,0.000,0.00
1777902140,loop37,0.00,0.00,0.000,0.000,0.00
1777902140,loop38,0.00,0.00,0.000,0.000,0.00
1777902140,loop39,0.00,0.00,0.000,0.000,0.00
1777902140,loop4,0.00,0.00,0.000,0.000,0.00
1777902140,loop40,0.00,0.00,0.000,0.000,0.00
1777902140,loop5,0.00,0.00,0.000,0.000,0.00
1777902140,loop6,0.00,0.00,0.000,0.000,0.00
1777902140,loop7,0.00,0.00,0.000,0.000,0.00
1777902140,loop8,0.00,0.00,0.000,0.000,0.00
1777902140,loop9,0.00,0.00,0.000,0.000,0.00
1777902140,nvme0n1,0.00,0.00,0.000,0.000,0.00
1777902141,loop0,0.00,0.00,0.000,0.000,0.00
1777902141,loop1,0.00,0.00,0.000,0.000,0.00
1777902141,loop10,0.00,0.00,0.000,0.000,0.00
1777902141,loop11,0.00,0.00,0.000,0.000,0.00
1777902141,loop12,0.00,0.00,0.000,0.000,0.00
1777902141,loop13,0.00,0.00,0.000,0.000,0.00
1777902141,loop14,0.00,0.00,0.000,0.000,0.00
1777902141,loop15,0.00,0.00,0.000,0.000,0.00
1777902141,loop16,0.00,0.00,0.000,0.000,0.00
1777902141,loop17,0.00,0.00,0.000,0.000,0.00
1777902141,loop18,0.00,0.00,0.000,0.000,0.00
1777902141,loop19,0.00,0.00,0.000,0.000,0.00
1777902141,loop2,0.00,0.00,0.000,0.000,0.00
1777902141,loop20,0.00,0.00,0.000,0.000,0.00
1777902141,loop21,0.00,0.00,0.000,0.000,0.00
1777902141,loop22,0.00,0.00,0.000,0.000,0.00
1777902141,loop23,0.00,0.00,0.000,0.000,0.00
1777902141,loop24,0.00,0.00,0.000,0.000,0.00
1777902141,loop25,0.00,0.00,0.000,0.000,0.00
1777902141,loop26,0.00,0.00,0.000,0.000,0.00
1777902141,loop27,0.00,0.00,0.000,0.000,0.00
1777902141,loop28,0.00,0.00,0.000,0.000,0.00
1777902141,loop29,0.00,0.00,0.000,0.000,0.00
1777902141,loop3,0.00,0.00,0.000,0.000,0.00
1777902141,loop30,0.00,0.00,0.000,0.000,0.00
1777902141,loop31,0.00,0.00,0.000,0.000,0.00
1777902141,loop32,0.00,0.00,0.000,0.000,0.00
1777902141,loop33,0.00,0.00,0.000,0.000,0.00
1777902141,loop34,0.00,0.00,0.000,0.000,0.00
1777902141,loop35,0.00,0.00,0.000,0.000,0.00
1777902141,loop36,0.00,0.00,0.000,0.000,0.00
1777902141,loop37,0.00,0.00,0.000,0.000,0.00
1777902141,loop38,0.00,0.00,0.000,0.000,0.00
1777902141,loop39,0.00,0.00,0.000,0.000,0.00
1777902141,loop4,0.00,0.00,0.000,0.000,0.00
1777902141,loop40,0.00,0.00,0.000,0.000,0.00
1777902141,loop5,0.00,0.00,0.000,0.000,0.00
1777902141,loop6,0.00,0.00,0.000,0.000,0.00
1777902141,loop7,0.00,0.00,0.000,0.000,0.00
1777902141,loop8,0.00,0.00,0.000,0.000,0.00
1777902141,loop9,0.00,0.00,0.000,0.000,0.00
1777902141,nvme0n1,0.00,0.00,0.000,0.000,0.00
1777902142,loop0,0.00,0.00,0.000,0.000,0.00
1777902142,loop1,0.00,0.00,0.000,0.000,0.00
1777902142,loop10,0.00,0.00,0.000,0.000,0.00
1777902142,loop11,0.00,0.00,0.000,0.000,0.00
1777902142,loop12,0.00,0.00,0.000,0.000,0.00
1777902142,loop13,0.00,0.00,0.000,0.000,0.00
1777902142,loop14,0.00,0.00,0.000,0.000,0.00
1777902142,loop15,0.00,0.00,0.000,0.000,0.00
1777902142,loop16,0.00,0.00,0.000,0.000,0.00
1777902142,loop17,0.00,0.00,0.000,0.000,0.00
1777902142,loop18,0.00,0.00,0.000,0.000,0.00
1777902142,loop19,0.00,0.00,0.000,0.000,0.00
1777902142,loop2,0.00,0.00,0.000,0.000,0.00
1777902142,loop20,0.00,0.00,0.000,0.000,0.00
1777902142,loop21,0.00,0.00,0.000,0.000,0.00
1777902142,loop22,0.00,0.00,0.000,0.000,0.00
1777902142,loop23,0.00,0.00,0.000,0.000,0.00
1777902142,loop24,0.00,0.00,0.000,0.000,0.00
1777902142,loop25,0.00,0.00,0.000,0.000,0.00
1777902142,loop26,0.00,0.00,0.000,0.000,0.00
1777902142,loop27,0.00,0.00,0.000,0.000,0.00
1777902142,loop28,0.00,0.00,0.000,0.000,0.00
1777902142,loop29,0.00,0.00,0.000,0.000,0.00
1777902142,loop3,0.00,0.00,0.000,0.000,0.00
1777902142,loop30,0.00,0.00,0.000,0.000,0.00
1777902142,loop31,0.00,0.00,0.000,0.000,0.00
1777902142,loop32,0.00,0.00,0.000,0.000,0.00
1777902142,loop33,0.00,0.00,0.000,0.000,0.00
1777902142,loop34,0.00,0.00,0.000,0.000,0.00
1777902142,loop35,0.00,0.00,0.000,0.000,0.00
1777902142,loop36,0.00,0.00,0.000,0.000,0.00
1777902142,loop37,0.00,0.00,0.000,0.000,0.00
1777902142,loop38,0.00,0.00,0.000,0.000,0.00
1777902142,loop39,0.00,0.00,0.000,0.000,0.00
1777902142,loop4,0.00,0.00,0.000,0.000,0.00
1777902142,loop40,0.00,0.00,0.000,0.000,0.00
1777902142,loop5,0.00,0.00,0.000,0.000,0.00
1777902142,loop6,0.00,0.00,0.000,0.000,0.00
1777902142,loop7,0.00,0.00,0.000,0.000,0.00
1777902142,loop8,0.00,0.00,0.000,0.000,0.00
1777902142,loop9,0.00,0.00,0.000,0.000,0.00
1777902142,nvme0n1,0.00,0.00,0.000,0.000,6.30
1777902143,loop0,0.00,0.00,0.000,0.000,0.00
1777902143,loop1,0.00,0.00,0.000,0.000,0.00
1777902143,loop10,0.00,0.00,0.000,0.000,0.00
1777902143,loop11,0.00,0.00,0.000,0.000,0.00
1777902143,loop12,0.00,0.00,0.000,0.000,0.00
1777902143,loop13,0.00,0.00,0.000,0.000,0.00
1777902143,loop14,0.00,0.00,0.000,0.000,0.00
1777902143,loop15,0.00,0.00,0.000,0.000,0.00
1777902143,loop16,0.00,0.00,0.000,0.000,0.00
1777902143,loop17,0.00,0.00,0.000,0.000,0.00
1777902143,loop18,0.00,0.00,0.000,0.000,0.00
1777902143,loop19,0.00,0.00,0.000,0.000,0.00
1777902143,loop2,0.00,0.00,0.000,0.000,0.00
1777902143,loop20,0.00,0.00,0.000,0.000,0.00
1777902143,loop21,0.00,0.00,0.000,0.000,0.00
1777902143,loop22,0.00,0.00,0.000,0.000,0.00
1777902143,loop23,0.00,0.00,0.000,0.000,0.00
1777902143,loop24,0.00,0.00,0.000,0.000,0.00
1777902143,loop25,0.00,0.00,0.000,0.000,0.00
1777902143,loop26,0.00,0.00,0.000,0.000,0.00
1777902143,loop27,0.00,0.00,0.000,0.000,0.00
1777902143,loop28,0.00,0.00,0.000,0.000,0.00
1777902143,loop29,0.00,0.00,0.000,0.000,0.00
1777902143,loop3,0.00,0.00,0.000,0.000,0.00
1777902143,loop30,0.00,0.00,0.000,0.000,0.00
1777902143,loop31,0.00,0.00,0.000,0.000,0.00
1777902143,loop32,0.00,0.00,0.000,0.000,0.00
1777902143,loop33,0.00,0.00,0.000,0.000,0.00
1777902143,loop34,0.00,0.00,0.000,0.000,0.00
1777902143,loop35,0.00,0.00,0.000,0.000,0.00
1777902143,loop36,0.00,0.00,0.000,0.000,0.00
1777902143,loop37,0.00,0.00,0.000,0.000,0.00
1777902143,loop38,0.00,0.00,0.000,0.000,0.00
1777902143,loop39,0.00,0.00,0.000,0.000,0.00
1777902143,loop4,0.00,0.00,0.000,0.000,0.00
1777902143,loop40,0.00,0.00,0.000,0.000,0.00
1777902143,loop5,0.00,0.00,0.000,0.000,0.00
1777902143,loop6,0.00,0.00,0.000,0.000,0.00
1777902143,loop7,0.00,0.00,0.000,0.000,0.00
1777902143,loop8,0.00,0.00,0.000,0.000,0.00
1777902143,loop9,0.00,0.00,0.000,0.000,0.00
1777902143,nvme0n1,174.00,820.00,0.000,0.000,1.40
1777902144,loop0,0.00,0.00,0.000,0.000,0.00
1777902144,loop1,0.00,0.00,0.000,0.000,0.00
1777902144,loop10,0.00,0.00,0.000,0.000,0.00
1777902144,loop11,0.00,0.00,0.000,0.000,0.00
1777902144,loop12,0.00,0.00,0.000,0.000,0.00
1777902144,loop13,0.00,0.00,0.000,0.000,0.00
1777902144,loop14,0.00,0.00,0.000,0.000,0.00
1777902144,loop15,0.00,0.00,0.000,0.000,0.00
1777902144,loop16,0.00,0.00,0.000,0.000,0.00
1777902144,loop17,0.00,0.00,0.000,0.000,0.00
1777902144,loop18,0.00,0.00,0.000,0.000,0.00
1777902144,loop19,0.00,0.00,0.000,0.000,0.00
1777902144,loop2,0.00,0.00,0.000,0.000,0.00
1777902144,loop20,0.00,0.00,0.000,0.000,0.00
1777902144,loop21,0.00,0.00,0.000,0.000,0.00
1777902144,loop22,0.00,0.00,0.000,0.000,0.00
1777902144,loop23,0.00,0.00,0.000,0.000,0.00
1777902144,loop24,0.00,0.00,0.000,0.000,0.00
1777902144,loop25,0.00,0.00,0.000,0.000,0.00
1777902144,loop26,0.00,0.00,0.000,0.000,0.00
1777902144,loop27,0.00,0.00,0.000,0.000,0.00
1777902144,loop28,0.00,0.00,0.000,0.000,0.00
1777902144,loop29,0.00,0.00,0.000,0.000,0.00
1777902144,loop3,0.00,0.00,0.000,0.000,0.00
1777902144,loop30,0.00,0.00,0.000,0.000,0.00
1777902144,loop31,0.00,0.00,0.000,0.000,0.00
1777902144,loop32,0.00,0.00,0.000,0.000,0.00
1777902144,loop33,0.00,0.00,0.000,0.000,0.00
1777902144,loop34,0.00,0.00,0.000,0.000,0.00
1777902144,loop35,0.00,0.00,0.000,0.000,0.00
1777902144,loop36,0.00,0.00,0.000,0.000,0.00
1777902144,loop37,0.00,0.00,0.000,0.000,0.00
1777902144,loop38,0.00,0.00,0.000,0.000,0.00
1777902144,loop39,0.00,0.00,0.000,0.000,0.00
1777902144,loop4,0.00,0.00,0.000,0.000,0.00
1777902144,loop40,0.00,0.00,0.000,0.000,0.00
1777902144,loop5,0.00,0.00,0.000,0.000,0.00
1777902144,loop6,0.00,0.00,0.000,0.000,0.00
1777902144,loop7,0.00,0.00,0.000,0.000,0.00
1777902144,loop8,0.00,0.00,0.000,0.000,0.00
1777902144,loop9,0.00,0.00,0.000,0.000,0.00
1777902144,nvme0n1,2.00,24.00,0.000,0.000,0.30
1777902145,loop0,0.00,0.00,0.000,0.000,0.00
1777902145,loop1,0.00,0.00,0.000,0.000,0.00
1777902145,loop10,0.00,0.00,0.000,0.000,0.00
1777902145,loop11,0.00,0.00,0.000,0.000,0.00
1777902145,loop12,0.00,0.00,0.000,0.000,0.00
1777902145,loop13,0.00,0.00,0.000,0.000,0.00
1777902145,loop14,0.00,0.00,0.000,0.000,0.00
1777902145,loop15,0.00,0.00,0.000,0.000,0.00
1777902145,loop16,0.00,0.00,0.000,0.000,0.00
1777902145,loop17,0.00,0.00,0.000,0.000,0.00
1777902145,loop18,0.00,0.00,0.000,0.000,0.00
1777902145,loop19,0.00,0.00,0.000,0.000,0.00
1777902145,loop2,0.00,0.00,0.000,0.000,0.00
1777902145,loop20,0.00,0.00,0.000,0.000,0.00
1777902145,loop21,0.00,0.00,0.000,0.000,0.00
1777902145,loop22,0.00,0.00,0.000,0.000,0.00
1777902145,loop23,0.00,0.00,0.000,0.000,0.00
1777902145,loop24,0.00,0.00,0.000,0.000,0.00
1777902145,loop25,0.00,0.00,0.000,0.000,0.00
1777902145,loop26,0.00,0.00,0.000,0.000,0.00
1777902145,loop27,0.00,0.00,0.000,0.000,0.00
1777902145,loop28,0.00,0.00,0.000,0.000,0.00
1777902145,loop29,0.00,0.00,0.000,0.000,0.00
1777902145,loop3,0.00,0.00,0.000,0.000,0.00
1777902145,loop30,0.00,0.00,0.000,0.000,0.00
1777902145,loop31,0.00,0.00,0.000,0.000,0.00
1777902145,loop32,0.00,0.00,0.000,0.000,0.00
1777902145,loop33,0.00,0.00,0.000,0.000,0.00
1777902145,loop34,0.00,0.00,0.000,0.000,0.00
1777902145,loop35,0.00,0.00,0.000,0.000,0.00
1777902145,loop36,0.00,0.00,0.000,0.000,0.00
1777902145,loop37,0.00,0.00,0.000,0.000,0.00
1777902145,loop38,0.00,0.00,0.000,0.000,0.00
1777902145,loop39,0.00,0.00,0.000,0.000,0.00
1777902145,loop4,0.00,0.00,0.000,0.000,0.00
1777902145,loop40,0.00,0.00,0.000,0.000,0.00
1777902145,loop5,0.00,0.00,0.000,0.000,0.00
1777902145,loop6,0.00,0.00,0.000,0.000,0.00
1777902145,loop7,0.00,0.00,0.000,0.000,0.00
1777902145,loop8,0.00,0.00,0.000,0.000,0.00
1777902145,loop9,0.00,0.00,0.000,0.000,0.00
1777902145,nvme0n1,112.00,448.00,0.000,0.000,1.70
1777902146,loop0,0.00,0.00,0.000,0.000,0.00
1777902146,loop1,0.00,0.00,0.000,0.000,0.00
1777902146,loop10,0.00,0.00,0.000,0.000,0.00
1777902146,loop11,0.00,0.00,0.000,0.000,0.00
1777902146,loop12,0.00,0.00,0.000,0.000,0.00
1777902146,loop13,0.00,0.00,0.000,0.000,0.00
1777902146,loop14,0.00,0.00,0.000,0.000,0.00
1777902146,loop15,0.00,0.00,0.000,0.000,0.00
1777902146,loop16,0.00,0.00,0.000,0.000,0.00
1777902146,loop17,0.00,0.00,0.000,0.000,0.00
1777902146,loop18,0.00,0.00,0.000,0.000,0.00
1777902146,loop19,0.00,0.00,0.000,0.000,0.00
1777902146,loop2,0.00,0.00,0.000,0.000,0.00
1777902146,loop20,0.00,0.00,0.000,0.000,0.00
1777902146,loop21,0.00,0.00,0.000,0.000,0.00
1777902146,loop22,0.00,0.00,0.000,0.000,0.00
1777902146,loop23,0.00,0.00,0.000,0.000,0.00
1777902146,loop24,0.00,0.00,0.000,0.000,0.00
1777902146,loop25,0.00,0.00,0.000,0.000,0.00
1777902146,loop26,0.00,0.00,0.000,0.000,0.00
1777902146,loop27,0.00,0.00,0.000,0.000,0.00
1777902146,loop28,0.00,0.00,0.000,0.000,0.00
1777902146,loop29,0.00,0.00,0.000,0.000,0.00
1777902146,loop3,0.00,0.00,0.000,0.000,0.00
1777902146,loop30,0.00,0.00,0.000,0.000,0.00
1777902146,loop31,0.00,0.00,0.000,0.000,0.00
1777902146,loop32,0.00,0.00,0.000,0.000,0.00
1777902146,loop33,0.00,0.00,0.000,0.000,0.00
1777902146,loop34,0.00,0.00,0.000,0.000,0.00
1777902146,loop35,0.00,0.00,0.000,0.000,0.00
1777902146,loop36,0.00,0.00,0.000,0.000,0.00
1777902146,loop37,0.00,0.00,0.000,0.000,0.00
1777902146,loop38,2.00,89.00,0.000,0.000,0.00
1777902146,loop39,0.00,0.00,0.000,0.000,0.00
1777902146,loop4,0.00,0.00,0.000,0.000,0.00
1777902146,loop40,0.00,0.00,0.000,0.000,0.00
1777902146,loop5,0.00,0.00,0.000,0.000,0.00
1777902146,loop6,0.00,0.00,0.000,0.000,0.00
1777902146,loop7,0.00,0.00,0.000,0.000,0.00
1777902146,loop8,0.00,0.00,0.000,0.000,0.00
1777902146,loop9,0.00,0.00,0.000,0.000,0.00
1777902146,nvme0n1,16.00,132.00,0.000,0.000,1.30
1777902147,loop0,0.00,0.00,0.000,0.000,0.00
1777902147,loop1,0.00,0.00,0.000,0.000,0.00
1777902147,loop10,0.00,0.00,0.000,0.000,0.00
1777902147,loop11,0.00,0.00,0.000,0.000,0.00
1777902147,loop12,0.00,0.00,0.000,0.000,0.00
1777902147,loop13,0.00,0.00,0.000,0.000,0.00
1777902147,loop14,0.00,0.00,0.000,0.000,0.00
1777902147,loop15,0.00,0.00,0.000,0.000,0.00
1777902147,loop16,0.00,0.00,0.000,0.000,0.00
1777902147,loop17,0.00,0.00,0.000,0.000,0.00
1777902147,loop18,0.00,0.00,0.000,0.000,0.00
1777902147,loop19,0.00,0.00,0.000,0.000,0.00
1777902147,loop2,0.00,0.00,0.000,0.000,0.00
1777902147,loop20,0.00,0.00,0.000,0.000,0.00
1777902147,loop21,0.00,0.00,0.000,0.000,0.00
1777902147,loop22,0.00,0.00,0.000,0.000,0.00
1777902147,loop23,0.00,0.00,0.000,0.000,0.00
1777902147,loop24,0.00,0.00,0.000,0.000,0.00
1777902147,loop25,0.00,0.00,0.000,0.000,0.00
1777902147,loop26,0.00,0.00,0.000,0.000,0.00
1777902147,loop27,0.00,0.00,0.000,0.000,0.00
1777902147,loop28,0.00,0.00,0.000,0.000,0.00
1777902147,loop29,0.00,0.00,0.000,0.000,0.00
1777902147,loop3,0.00,0.00,0.000,0.000,0.00
1777902147,loop30,0.00,0.00,0.000,0.000,0.00
1777902147,loop31,0.00,0.00,0.000,0.000,0.00
1777902147,loop32,0.00,0.00,0.000,0.000,0.00
1777902147,loop33,0.00,0.00,0.000,0.000,0.00
1777902147,loop34,0.00,0.00,0.000,0.000,0.00
1777902147,loop35,0.00,0.00,0.000,0.000,0.00
1777902147,loop36,0.00,0.00,0.000,0.000,0.00
1777902147,loop37,0.00,0.00,0.000,0.000,0.00
1777902147,loop38,0.00,0.00,0.000,0.000,0.00
1777902147,loop39,0.00,0.00,0.000,0.000,0.00
1777902147,loop4,0.00,0.00,0.000,0.000,0.00
1777902147,loop40,0.00,0.00,0.000,0.000,0.00
1777902147,loop5,0.00,0.00,0.000,0.000,0.00
1777902147,loop6,0.00,0.00,0.000,0.000,0.00
1777902147,loop7,0.00,0.00,0.000,0.000,0.00
1777902147,loop8,0.00,0.00,0.000,0.000,0.00
1777902147,loop9,0.00,0.00,0.000,0.000,0.00
1777902147,nvme0n1,421.00,12344.00,0.001,0.000,1.50
1777902148,loop0,0.00,0.00,0.000,0.000,0.00
1777902148,loop1,0.00,0.00,0.000,0.000,0.00
1777902148,loop10,0.00,0.00,0.000,0.000,0.00
1777902148,loop11,0.00,0.00,0.000,0.000,0.00
1777902148,loop12,0.00,0.00,0.000,0.000,0.00
1777902148,loop13,0.00,0.00,0.000,0.000,0.00
1777902148,loop14,0.00,0.00,0.000,0.000,0.00
1777902148,loop15,0.00,0.00,0.000,0.000,0.00
1777902148,loop16,0.00,0.00,0.000,0.000,0.00
1777902148,loop17,0.00,0.00,0.000,0.000,0.00
1777902148,loop18,0.00,0.00,0.000,0.000,0.00
1777902148,loop19,0.00,0.00,0.000,0.000,0.00
1777902148,loop2,0.00,0.00,0.000,0.000,0.00
1777902148,loop20,0.00,0.00,0.000,0.000,0.00
1777902148,loop21,0.00,0.00,0.000,0.000,0.00
1777902148,loop22,0.00,0.00,0.000,0.000,0.00
1777902148,loop23,0.00,0.00,0.000,0.000,0.00
1777902148,loop24,0.00,0.00,0.000,0.000,0.00
1777902148,loop25,0.00,0.00,0.000,0.000,0.00
1777902148,loop26,0.00,0.00,0.000,0.000,0.00
1777902148,loop27,0.00,0.00,0.000,0.000,0.00
1777902148,loop28,0.00,0.00,0.000,0.000,0.00
1777902148,loop29,0.00,0.00,0.000,0.000,0.00
1777902148,loop3,0.00,0.00,0.000,0.000,0.00
1777902148,loop30,0.00,0.00,0.000,0.000,0.00
1777902148,loop31,0.00,0.00,0.000,0.000,0.00
1777902148,loop32,0.00,0.00,0.000,0.000,0.00
1777902148,loop33,0.00,0.00,0.000,0.000,0.00
1777902148,loop34,0.00,0.00,0.000,0.000,0.00
1777902148,loop35,0.00,0.00,0.000,0.000,0.00
1777902148,loop36,0.00,0.00,0.000,0.000,0.00
1777902148,loop37,0.00,0.00,0.000,0.000,0.00
1777902148,loop38,0.00,0.00,0.000,0.000,0.00
1777902148,loop39,0.00,0.00,0.000,0.000,0.00
1777902148,loop4,0.00,0.00,0.000,0.000,0.00
1777902148,loop40,0.00,0.00,0.000,0.000,0.00
1777902148,loop5,0.00,0.00,0.000,0.000,0.00
1777902148,loop6,0.00,0.00,0.000,0.000,0.00
1777902148,loop7,0.00,0.00,0.000,0.000,0.00
1777902148,loop8,0.00,0.00,0.000,0.000,0.00
1777902148,loop9,0.00,0.00,0.000,0.000,0.00
1777902148,nvme0n1,392.00,17064.00,0.008,0.002,8.00
1777902149,loop0,0.00,0.00,0.000,0.000,0.00
1777902149,loop1,0.00,0.00,0.000,0.000,0.00
1777902149,loop10,0.00,0.00,0.000,0.000,0.00
1777902149,loop11,0.00,0.00,0.000,0.000,0.00
1777902149,loop12,0.00,0.00,0.000,0.000,0.00
1777902149,loop13,0.00,0.00,0.000,0.000,0.00
1777902149,loop14,0.00,0.00,0.000,0.000,0.00
1777902149,loop15,0.00,0.00,0.000,0.000,0.00
1777902149,loop16,0.00,0.00,0.000,0.000,0.00
1777902149,loop17,0.00,0.00,0.000,0.000,0.00
1777902149,loop18,0.00,0.00,0.000,0.000,0.00
1777902149,loop19,0.00,0.00,0.000,0.000,0.00
1777902149,loop2,0.00,0.00,0.000,0.000,0.00
1777902149,loop20,0.00,0.00,0.000,0.000,0.00
1777902149,loop21,0.00,0.00,0.000,0.000,0.00
1777902149,loop22,0.00,0.00,0.000,0.000,0.00
1777902149,loop23,0.00,0.00,0.000,0.000,0.00
1777902149,loop24,0.00,0.00,0.000,0.000,0.00
1777902149,loop25,0.00,0.00,0.000,0.000,0.00
1777902149,loop26,0.00,0.00,0.000,0.000,0.00
1777902149,loop27,0.00,0.00,0.000,0.000,0.00
1777902149,loop28,0.00,0.00,0.000,0.000,0.00
1777902149,loop29,0.00,0.00,0.000,0.000,0.00
1777902149,loop3,0.00,0.00,0.000,0.000,0.00
1777902149,loop30,0.00,0.00,0.000,0.000,0.00
1777902149,loop31,0.00,0.00,0.000,0.000,0.00
1777902149,loop32,0.00,0.00,0.000,0.000,0.00
1777902149,loop33,0.00,0.00,0.000,0.000,0.00
1777902149,loop34,0.00,0.00,0.000,0.000,0.00
1777902149,loop35,0.00,0.00,0.000,0.000,0.00
1777902149,loop36,0.00,0.00,0.000,0.000,0.00
1777902149,loop37,0.00,0.00,0.000,0.000,0.00
1777902149,loop38,0.00,0.00,0.000,0.000,0.00
1777902149,loop39,0.00,0.00,0.000,0.000,0.00
1777902149,loop4,0.00,0.00,0.000,0.000,0.00
1777902149,loop40,0.00,0.00,0.000,0.000,0.00
1777902149,loop5,0.00,0.00,0.000,0.000,0.00
1777902149,loop6,0.00,0.00,0.000,0.000,0.00
1777902149,loop7,0.00,0.00,0.000,0.000,0.00
1777902149,loop8,0.00,0.00,0.000,0.000,0.00
1777902149,loop9,0.00,0.00,0.000,0.000,0.00
1777902149,nvme0n1,16.00,260.00,0.000,0.000,0.40
