t_unix,device,r_iops,w_iops,r_mb_s,w_mb_s,util_pct
1777903836,loop0,0.00,0.00,0.000,0.000,0.00
1777903836,loop1,0.00,0.00,0.000,0.000,0.00
1777903836,loop10,0.00,0.00,0.000,0.000,0.00
1777903836,loop11,0.00,0.00,0.000,0.000,0.00
1777903836,loop12,0.00,0.00,0.000,0.000,0.00
1777903836,loop13,0.00,0.00,0.000,0.000,0.00
1777903836,loop14,0.00,0.00,0.000,0.000,0.00
1777903836,loop15,0.00,0.00,0.000,0.000,0.00
1777903836,loop16,0.00,0.00,0.000,0.000,0.00
1777903836,loop17,0.00,0.00,0.000,0.000,0.00
1777903836,loop18,0.00,0.00,0.000,0.000,0.00
1777903836,loop19,0.00,0.00,0.000,0.000,0.00
1777903836,loop2,0.00,0.00,0.000,0.000,0.00
1777903836,loop20,0.00,0.00,0.000,0.000,0.00
1777903836,loop21,0.00,0.00,0.000,0.000,0.00
1777903836,loop22,0.00,0.00,0.000,0.000,0.00
1777903836,loop23,0.00,0.00,0.000,0.000,0.00
1777903836,loop24,0.00,0.00,0.000,0.000,0.00
1777903836,loop25,0.00,0.00,0.000,0.000,0.00
1777903836,loop26,0.00,0.00,0.000,0.000,0.00
1777903836,loop27,0.00,0.00,0.000,0.000,0.00
1777903836,loop28,0.00,0.00,0.000,0.000,0.00
1777903836,loop29,0.00,0.00,0.000,0.000,0.00
1777903836,loop3,0.00,0.00,0.000,0.000,0.00
1777903836,loop30,0.00,0.00,0.000,0.000,0.00
1777903836,loop31,0.00,0.00,0.000,0.000,0.00
1777903836,loop32,0.00,0.00,0.000,0.000,0.00
1777903836,loop33,0.00,0.00,0.000,0.000,0.00
1777903836,loop34,0.00,0.00,0.000,0.000,0.00
1777903836,loop35,0.00,0.00,0.000,0.000,0.00
1777903836,loop36,0.00,0.00,0.000,0.000,0.00
1777903836,loop37,0.00,0.00,0.000,0.000,0.00
1777903836,loop38,0.00,0.00,0.000,0.000,0.00
1777903836,loop39,0.00,0.00,0.000,0.000,0.00
1777903836,loop4,0.00,0.00,0.000,0.000,0.00
1777903836,loop40,0.00,0.00,0.000,0.000,0.00
1777903836,loop5,0.00,0.00,0.000,0.000,0.00
1777903836,loop6,0.00,0.00,0.000,0.000,0.00
1777903836,loop7,0.00,0.00,0.000,0.000,0.00
1777903836,loop8,0.00,0.00,0.000,0.000,0.00
1777903836,loop9,0.00,0.00,0.000,0.000,0.00
1777903836,nvme0n1,0.00,0.00,0.000,0.000,0.50
1777903837,loop0,0.00,0.00,0.000,0.000,0.00
1777903837,loop1,0.00,0.00,0.000,0.000,0.00
1777903837,loop10,0.00,0.00,0.000,0.000,0.00
1777903837,loop11,0.00,0.00,0.000,0.000,0.00
1777903837,loop12,0.00,0.00,0.000,0.000,0.00
1777903837,loop13,0.00,0.00,0.000,0.000,0.00
1777903837,loop14,0.00,0.00,0.000,0.000,0.00
1777903837,loop15,0.00,0.00,0.000,0.000,0.00
1777903837,loop16,0.00,0.00,0.000,0.000,0.00
1777903837,loop17,0.00,0.00,0.000,0.000,0.00
1777903837,loop18,0.00,0.00,0.000,0.000,0.00
1777903837,loop19,0.00,0.00,0.000,0.000,0.00
1777903837,loop2,0.00,0.00,0.000,0.000,0.00
1777903837,loop20,0.00,0.00,0.000,0.000,0.00
1777903837,loop21,0.00,0.00,0.000,0.000,0.00
1777903837,loop22,0.00,0.00,0.000,0.000,0.00
1777903837,loop23,0.00,0.00,0.000,0.000,0.00
1777903837,loop24,0.00,0.00,0.000,0.000,0.00
1777903837,loop25,0.00,0.00,0.000,0.000,0.00
1777903837,loop26,0.00,0.00,0.000,0.000,0.00
1777903837,loop27,0.00,0.00,0.000,0.000,0.00
1777903837,loop28,0.00,0.00,0.000,0.000,0.00
1777903837,loop29,0.00,0.00,0.000,0.000,0.00
1777903837,loop3,0.00,0.00,0.000,0.000,0.00
1777903837,loop30,0.00,0.00,0.000,0.000,0.00
1777903837,loop31,0.00,0.00,0.000,0.000,0.00
1777903837,loop32,0.00,0.00,0.000,0.000,0.00
1777903837,loop33,0.00,0.00,0.000,0.000,0.00
1777903837,loop34,0.00,0.00,0.000,0.000,0.00
1777903837,loop35,0.00,0.00,0.000,0.000,0.00
1777903837,loop36,0.00,0.00,0.000,0.000,0.00
1777903837,loop37,0.00,0.00,0.000,0.000,0.00
1777903837,loop38,0.00,0.00,0.000,0.000,0.00
1777903837,loop39,0.00,0.00,0.000,0.000,0.00
1777903837,loop4,0.00,0.00,0.000,0.000,0.00
1777903837,loop40,0.00,0.00,0.000,0.000,0.00
1777903837,loop5,0.00,0.00,0.000,0.000,0.00
1777903837,loop6,0.00,0.00,0.000,0.000,0.00
1777903837,loop7,0.00,0.00,0.000,0.000,0.00
1777903837,loop8,0.00,0.00,0.000,0.000,0.00
1777903837,loop9,0.00,0.00,0.000,0.000,0.00
1777903837,nvme0n1,6.00,48.00,0.006,0.049,0.30
1777903838,loop0,0.00,0.00,0.000,0.000,0.00
1777903838,loop1,0.00,0.00,0.000,0.000,0.00
1777903838,loop10,0.00,0.00,0.000,0.000,0.00
1777903838,loop11,0.00,0.00,0.000,0.000,0.00
1777903838,loop12,0.00,0.00,0.000,0.000,0.00
1777903838,loop13,0.00,0.00,0.000,0.000,0.00
1777903838,loop14,0.00,0.00,0.000,0.000,0.00
1777903838,loop15,0.00,0.00,0.000,0.000,0.00
1777903838,loop16,0.00,0.00,0.000,0.000,0.00
1777903838,loop17,0.00,0.00,0.000,0.000,0.00
1777903838,loop18,0.00,0.00,0.000,0.000,0.00
1777903838,loop19,0.00,0.00,0.000,0.000,0.00
1777903838,loop2,0.00,0.00,0.000,0.000,0.00
1777903838,loop20,0.00,0.00,0.000,0.000,0.00
1777903838,loop21,0.00,0.00,0.000,0.000,0.00
1777903838,loop22,0.00,0.00,0.000,0.000,0.00
1777903838,loop23,0.00,0.00,0.000,0.000,0.00
1777903838,loop24,0.00,0.00,0.000,0.000,0.00
1777903838,loop25,0.00,0.00,0.000,0.000,0.00
1777903838,loop26,0.00,0.00,0.000,0.000,0.00
1777903838,loop27,0.00,0.00,0.000,0.000,0.00
1777903838,loop28,0.00,0.00,0.000,0.000,0.00
1777903838,loop29,0.00,0.00,0.000,0.000,0.00
1777903838,loop3,0.00,0.00,0.000,0.000,0.00
1777903838,loop30,0.00,0.00,0.000,0.000,0.00
1777903838,loop31,0.00,0.00,0.000,0.000,0.00
1777903838,loop32,0.00,0.00,0.000,0.000,0.00
1777903838,loop33,0.00,0.00,0.000,0.000,0.00
1777903838,loop34,0.00,0.00,0.000,0.000,0.00
1777903838,loop35,0.00,0.00,0.000,0.000,0.00
1777903838,loop36,0.00,0.00,0.000,0.000,0.00
1777903838,loop37,0.00,0.00,0.000,0.000,0.00
1777903838,loop38,0.00,0.00,0.000,0.000,0.00
1777903838,loop39,0.00,0.00,0.000,0.000,0.00
1777903838,loop4,0.00,0.00,0.000,0.000,0.00
1777903838,loop40,0.00,0.00,0.000,0.000,0.00
1777903838,loop5,0.00,0.00,0.000,0.000,0.00
1777903838,loop6,0.00,0.00,0.000,0.000,0.00
1777903838,loop7,0.00,0.00,0.000,0.000,0.00
1777903838,loop8,0.00,0.00,0.000,0.000,0.00
1777903838,loop9,0.00,0.00,0.000,0.000,0.00
1777903838,nvme0n1,10.00,48.00,0.002,0.016,1.20
1777903839,loop0,0.00,0.00,0.000,0.000,0.00
1777903839,loop1,0.00,0.00,0.000,0.000,0.00
1777903839,loop10,0.00,0.00,0.000,0.000,0.00
1777903839,loop11,0.00,0.00,0.000,0.000,0.00
1777903839,loop12,0.00,0.00,0.000,0.000,0.00
1777903839,loop13,0.00,0.00,0.000,0.000,0.00
1777903839,loop14,0.00,0.00,0.000,0.000,0.00
1777903839,loop15,0.00,0.00,0.000,0.000,0.00
1777903839,loop16,0.00,0.00,0.000,0.000,0.00
1777903839,loop17,0.00,0.00,0.000,0.000,0.00
1777903839,loop18,0.00,0.00,0.000,0.000,0.00
1777903839,loop19,0.00,0.00,0.000,0.000,0.00
1777903839,loop2,0.00,0.00,0.000,0.000,0.00
1777903839,loop20,0.00,0.00,0.000,0.000,0.00
1777903839,loop21,0.00,0.00,0.000,0.000,0.00
1777903839,loop22,0.00,0.00,0.000,0.000,0.00
1777903839,loop23,0.00,0.00,0.000,0.000,0.00
1777903839,loop24,0.00,0.00,0.000,0.000,0.00
1777903839,loop25,0.00,0.00,0.000,0.000,0.00
1777903839,loop26,0.00,0.00,0.000,0.000,0.00
1777903839,loop27,0.00,0.00,0.000,0.000,0.00
1777903839,loop28,0.00,0.00,0.000,0.000,0.00
1777903839,loop29,0.00,0.00,0.000,0.000,0.00
1777903839,loop3,0.00,0.00,0.000,0.000,0.00
1777903839,loop30,0.00,0.00,0.000,0.000,0.00
1777903839,loop31,0.00,0.00,0.000,0.000,0.00
1777903839,loop32,0.00,0.00,0.000,0.000,0.00
1777903839,loop33,0.00,0.00,0.000,0.000,0.00
1777903839,loop34,0.00,0.00,0.000,0.000,0.00
1777903839,loop35,0.00,0.00,0.000,0.000,0.00
1777903839,loop36,0.00,0.00,0.000,0.000,0.00
1777903839,loop37,0.00,0.00,0.000,0.000,0.00
1777903839,loop38,0.00,0.00,0.000,0.000,0.00
1777903839,loop39,0.00,0.00,0.000,0.000,0.00
1777903839,loop4,0.00,0.00,0.000,0.000,0.00
1777903839,loop40,0.00,0.00,0.000,0.000,0.00
1777903839,loop5,0.00,0.00,0.000,0.000,0.00
1777903839,loop6,0.00,0.00,0.000,0.000,0.00
1777903839,loop7,0.00,0.00,0.000,0.000,0.00
1777903839,loop8,0.00,0.00,0.000,0.000,0.00
1777903839,loop9,0.00,0.00,0.000,0.000,0.00
1777903839,nvme0n1,0.00,0.00,0.000,0.000,0.60
1777903840,loop0,0.00,0.00,0.000,0.000,0.00
1777903840,loop1,0.00,0.00,0.000,0.000,0.00
1777903840,loop10,0.00,0.00,0.000,0.000,0.00
1777903840,loop11,0.00,0.00,0.000,0.000,0.00
1777903840,loop12,0.00,0.00,0.000,0.000,0.00
1777903840,loop13,0.00,0.00,0.000,0.000,0.00
1777903840,loop14,0.00,0.00,0.000,0.000,0.00
1777903840,loop15,0.00,0.00,0.000,0.000,0.00
1777903840,loop16,0.00,0.00,0.000,0.000,0.00
1777903840,loop17,0.00,0.00,0.000,0.000,0.00
1777903840,loop18,0.00,0.00,0.000,0.000,0.00
1777903840,loop19,0.00,0.00,0.000,0.000,0.00
1777903840,loop2,0.00,0.00,0.000,0.000,0.00
1777903840,loop20,0.00,0.00,0.000,0.000,0.00
1777903840,loop21,0.00,0.00,0.000,0.000,0.00
1777903840,loop22,0.00,0.00,0.000,0.000,0.00
1777903840,loop23,0.00,0.00,0.000,0.000,0.00
1777903840,loop24,0.00,0.00,0.000,0.000,0.00
1777903840,loop25,0.00,0.00,0.000,0.000,0.00
1777903840,loop26,0.00,0.00,0.000,0.000,0.00
1777903840,loop27,0.00,0.00,0.000,0.000,0.00
1777903840,loop28,0.00,0.00,0.000,0.000,0.00
1777903840,loop29,0.00,0.00,0.000,0.000,0.00
1777903840,loop3,0.00,0.00,0.000,0.000,0.00
1777903840,loop30,0.00,0.00,0.000,0.000,0.00
1777903840,loop31,0.00,0.00,0.000,0.000,0.00
1777903840,loop32,0.00,0.00,0.000,0.000,0.00
1777903840,loop33,0.00,0.00,0.000,0.000,0.00
1777903840,loop34,0.00,0.00,0.000,0.000,0.00
1777903840,loop35,0.00,0.00,0.000,0.000,0.00
1777903840,loop36,0.00,0.00,0.000,0.000,0.00
1777903840,loop37,0.00,0.00,0.000,0.000,0.00
1777903840,loop38,0.00,0.00,0.000,0.000,0.00
1777903840,loop39,0.00,0.00,0.000,0.000,0.00
1777903840,loop4,0.00,0.00,0.000,0.000,0.00
1777903840,loop40,0.00,0.00,0.000,0.000,0.00
1777903840,loop5,0.00,0.00,0.000,0.000,0.00
1777903840,loop6,0.00,0.00,0.000,0.000,0.00
1777903840,loop7,0.00,0.00,0.000,0.000,0.00
1777903840,loop8,0.00,0.00,0.000,0.000,0.00
1777903840,loop9,0.00,0.00,0.000,0.000,0.00
1777903840,nvme0n1,1.00,4.00,0.000,0.000,1.10
1777903841,loop0,0.00,0.00,0.000,0.000,0.00
1777903841,loop1,0.00,0.00,0.000,0.000,0.00
1777903841,loop10,0.00,0.00,0.000,0.000,0.00
1777903841,loop11,0.00,0.00,0.000,0.000,0.00
1777903841,loop12,0.00,0.00,0.000,0.000,0.00
1777903841,loop13,0.00,0.00,0.000,0.000,0.00
1777903841,loop14,0.00,0.00,0.000,0.000,0.00
1777903841,loop15,0.00,0.00,0.000,0.000,0.00
1777903841,loop16,0.00,0.00,0.000,0.000,0.00
1777903841,loop17,0.00,0.00,0.000,0.000,0.00
1777903841,loop18,0.00,0.00,0.000,0.000,0.00
1777903841,loop19,0.00,0.00,0.000,0.000,0.00
1777903841,loop2,0.00,0.00,0.000,0.000,0.00
1777903841,loop20,0.00,0.00,0.000,0.000,0.00
1777903841,loop21,0.00,0.00,0.000,0.000,0.00
1777903841,loop22,0.00,0.00,0.000,0.000,0.00
1777903841,loop23,0.00,0.00,0.000,0.000,0.00
1777903841,loop24,0.00,0.00,0.000,0.000,0.00
1777903841,loop25,0.00,0.00,0.000,0.000,0.00
1777903841,loop26,0.00,0.00,0.000,0.000,0.00
1777903841,loop27,0.00,0.00,0.000,0.000,0.00
1777903841,loop28,0.00,0.00,0.000,0.000,0.00
1777903841,loop29,0.00,0.00,0.000,0.000,0.00
1777903841,loop3,0.00,0.00,0.000,0.000,0.00
1777903841,loop30,0.00,0.00,0.000,0.000,0.00
1777903841,loop31,0.00,0.00,0.000,0.000,0.00
1777903841,loop32,0.00,0.00,0.000,0.000,0.00
1777903841,loop33,0.00,0.00,0.000,0.000,0.00
1777903841,loop34,0.00,0.00,0.000,0.000,0.00
1777903841,loop35,0.00,0.00,0.000,0.000,0.00
1777903841,loop36,0.00,0.00,0.000,0.000,0.00
1777903841,loop37,0.00,0.00,0.000,0.000,0.00
1777903841,loop38,0.00,0.00,0.000,0.000,0.00
1777903841,loop39,0.00,0.00,0.000,0.000,0.00
1777903841,loop4,0.00,0.00,0.000,0.000,0.00
1777903841,loop40,0.00,0.00,0.000,0.000,0.00
1777903841,loop5,0.00,0.00,0.000,0.000,0.00
1777903841,loop6,0.00,0.00,0.000,0.000,0.00
1777903841,loop7,0.00,0.00,0.000,0.000,0.00
1777903841,loop8,0.00,0.00,0.000,0.000,0.00
1777903841,loop9,0.00,0.00,0.000,0.000,0.00
1777903841,nvme0n1,4.00,24.00,0.002,0.033,1.60
1777903842,loop0,0.00,0.00,0.000,0.000,0.00
1777903842,loop1,0.00,0.00,0.000,0.000,0.00
1777903842,loop10,0.00,0.00,0.000,0.000,0.00
1777903842,loop11,0.00,0.00,0.000,0.000,0.00
1777903842,loop12,0.00,0.00,0.000,0.000,0.00
1777903842,loop13,0.00,0.00,0.000,0.000,0.00
1777903842,loop14,0.00,0.00,0.000,0.000,0.00
1777903842,loop15,0.00,0.00,0.000,0.000,0.00
1777903842,loop16,0.00,0.00,0.000,0.000,0.00
1777903842,loop17,0.00,0.00,0.000,0.000,0.00
1777903842,loop18,0.00,0.00,0.000,0.000,0.00
1777903842,loop19,0.00,0.00,0.000,0.000,0.00
1777903842,loop2,0.00,0.00,0.000,0.000,0.00
1777903842,loop20,0.00,0.00,0.000,0.000,0.00
1777903842,loop21,0.00,0.00,0.000,0.000,0.00
1777903842,loop22,0.00,0.00,0.000,0.000,0.00
1777903842,loop23,0.00,0.00,0.000,0.000,0.00
1777903842,loop24,0.00,0.00,0.000,0.000,0.00
1777903842,loop25,0.00,0.00,0.000,0.000,0.00
1777903842,loop26,0.00,0.00,0.000,0.000,0.00
1777903842,loop27,0.00,0.00,0.000,0.000,0.00
1777903842,loop28,0.00,0.00,0.000,0.000,0.00
1777903842,loop29,0.00,0.00,0.000,0.000,0.00
1777903842,loop3,0.00,0.00,0.000,0.000,0.00
1777903842,loop30,0.00,0.00,0.000,0.000,0.00
1777903842,loop31,0.00,0.00,0.000,0.000,0.00
1777903842,loop32,0.00,0.00,0.000,0.000,0.00
1777903842,loop33,0.00,0.00,0.000,0.000,0.00
1777903842,loop34,0.00,0.00,0.000,0.000,0.00
1777903842,loop35,0.00,0.00,0.000,0.000,0.00
1777903842,loop36,0.00,0.00,0.000,0.000,0.00
1777903842,loop37,0.00,0.00,0.000,0.000,0.00
1777903842,loop38,0.00,0.00,0.000,0.000,0.00
1777903842,loop39,0.00,0.00,0.000,0.000,0.00
1777903842,loop4,0.00,0.00,0.000,0.000,0.00
1777903842,loop40,0.00,0.00,0.000,0.000,0.00
1777903842,loop5,0.00,0.00,0.000,0.000,0.00
1777903842,loop6,0.00,0.00,0.000,0.000,0.00
1777903842,loop7,0.00,0.00,0.000,0.000,0.00
1777903842,loop8,0.00,0.00,0.000,0.000,0.00
1777903842,loop9,0.00,0.00,0.000,0.000,0.00
1777903842,nvme0n1,16.00,272.00,0.002,0.011,0.70
1777903843,loop0,0.00,0.00,0.000,0.000,0.00
1777903843,loop1,0.00,0.00,0.000,0.000,0.00
1777903843,loop10,0.00,0.00,0.000,0.000,0.00
1777903843,loop11,0.00,0.00,0.000,0.000,0.00
1777903843,loop12,0.00,0.00,0.000,0.000,0.00
1777903843,loop13,0.00,0.00,0.000,0.000,0.00
1777903843,loop14,0.00,0.00,0.000,0.000,0.00
1777903843,loop15,0.00,0.00,0.000,0.000,0.00
1777903843,loop16,0.00,0.00,0.000,0.000,0.00
1777903843,loop17,0.00,0.00,0.000,0.000,0.00
1777903843,loop18,0.00,0.00,0.000,0.000,0.00
1777903843,loop19,0.00,0.00,0.000,0.000,0.00
1777903843,loop2,0.00,0.00,0.000,0.000,0.00
1777903843,loop20,0.00,0.00,0.000,0.000,0.00
1777903843,loop21,0.00,0.00,0.000,0.000,0.00
1777903843,loop22,0.00,0.00,0.000,0.000,0.00
1777903843,loop23,0.00,0.00,0.000,0.000,0.00
1777903843,loop24,0.00,0.00,0.000,0.000,0.00
1777903843,loop25,0.00,0.00,0.000,0.000,0.00
1777903843,loop26,0.00,0.00,0.000,0.000,0.00
1777903843,loop27,0.00,0.00,0.000,0.000,0.00
1777903843,loop28,0.00,0.00,0.000,0.000,0.00
1777903843,loop29,0.00,0.00,0.000,0.000,0.00
1777903843,loop3,0.00,0.00,0.000,0.000,0.00
1777903843,loop30,0.00,0.00,0.000,0.000,0.00
1777903843,loop31,0.00,0.00,0.000,0.000,0.00
1777903843,loop32,0.00,0.00,0.000,0.000,0.00
1777903843,loop33,0.00,0.00,0.000,0.000,0.00
1777903843,loop34,0.00,0.00,0.000,0.000,0.00
1777903843,loop35,0.00,0.00,0.000,0.000,0.00
1777903843,loop36,0.00,0.00,0.000,0.000,0.00
1777903843,loop37,0.00,0.00,0.000,0.000,0.00
1777903843,loop38,0.00,0.00,0.000,0.000,0.00
1777903843,loop39,0.00,0.00,0.000,0.000,0.00
1777903843,loop4,0.00,0.00,0.000,0.000,0.00
1777903843,loop40,0.00,0.00,0.000,0.000,0.00
1777903843,loop5,0.00,0.00,0.000,0.000,0.00
1777903843,loop6,0.00,0.00,0.000,0.000,0.00
1777903843,loop7,0.00,0.00,0.000,0.000,0.00
1777903843,loop8,0.00,0.00,0.000,0.000,0.00
1777903843,loop9,0.00,0.00,0.000,0.000,0.00
1777903843,nvme0n1,0.00,0.00,0.000,0.000,2.60
1777903844,loop0,0.00,0.00,0.000,0.000,0.00
1777903844,loop1,0.00,0.00,0.000,0.000,0.00
1777903844,loop10,0.00,0.00,0.000,0.000,0.00
1777903844,loop11,0.00,0.00,0.000,0.000,0.00
1777903844,loop12,0.00,0.00,0.000,0.000,0.00
1777903844,loop13,0.00,0.00,0.000,0.000,0.00
1777903844,loop14,0.00,0.00,0.000,0.000,0.00
1777903844,loop15,0.00,0.00,0.000,0.000,0.00
1777903844,loop16,0.00,0.00,0.000,0.000,0.00
1777903844,loop17,0.00,0.00,0.000,0.000,0.00
1777903844,loop18,0.00,0.00,0.000,0.000,0.00
1777903844,loop19,0.00,0.00,0.000,0.000,0.00
1777903844,loop2,0.00,0.00,0.000,0.000,0.00
1777903844,loop20,0.00,0.00,0.000,0.000,0.00
1777903844,loop21,0.00,0.00,0.000,0.000,0.00
1777903844,loop22,0.00,0.00,0.000,0.000,0.00
1777903844,loop23,0.00,0.00,0.000,0.000,0.00
1777903844,loop24,0.00,0.00,0.000,0.000,0.00
1777903844,loop25,0.00,0.00,0.000,0.000,0.00
1777903844,loop26,0.00,0.00,0.000,0.000,0.00
1777903844,loop27,0.00,0.00,0.000,0.000,0.00
1777903844,loop28,0.00,0.00,0.000,0.000,0.00
1777903844,loop29,0.00,0.00,0.000,0.000,0.00
1777903844,loop3,0.00,0.00,0.000,0.000,0.00
1777903844,loop30,0.00,0.00,0.000,0.000,0.00
1777903844,loop31,0.00,0.00,0.000,0.000,0.00
1777903844,loop32,0.00,0.00,0.000,0.000,0.00
1777903844,loop33,0.00,0.00,0.000,0.000,0.00
1777903844,loop34,0.00,0.00,0.000,0.000,0.00
1777903844,loop35,0.00,0.00,0.000,0.000,0.00
1777903844,loop36,0.00,0.00,0.000,0.000,0.00
1777903844,loop37,0.00,0.00,0.000,0.000,0.00
1777903844,loop38,0.00,0.00,0.000,0.000,0.00
1777903844,loop39,0.00,0.00,0.000,0.000,0.00
1777903844,loop4,0.00,0.00,0.000,0.000,0.00
1777903844,loop40,0.00,0.00,0.000,0.000,0.00
1777903844,loop5,0.00,0.00,0.000,0.000,0.00
1777903844,loop6,0.00,0.00,0.000,0.000,0.00
1777903844,loop7,0.00,0.00,0.000,0.000,0.00
1777903844,loop8,0.00,0.00,0.000,0.000,0.00
1777903844,loop9,0.00,0.00,0.000,0.000,0.00
1777903844,nvme0n1,9.00,44.00,0.002,0.018,0.90
1777903845,loop0,0.00,0.00,0.000,0.000,0.00
1777903845,loop1,0.00,0.00,0.000,0.000,0.00
1777903845,loop10,0.00,0.00,0.000,0.000,0.00
1777903845,loop11,0.00,0.00,0.000,0.000,0.00
1777903845,loop12,0.00,0.00,0.000,0.000,0.00
1777903845,loop13,0.00,0.00,0.000,0.000,0.00
1777903845,loop14,0.00,0.00,0.000,0.000,0.00
1777903845,loop15,0.00,0.00,0.000,0.000,0.00
1777903845,loop16,0.00,0.00,0.000,0.000,0.00
1777903845,loop17,0.00,0.00,0.000,0.000,0.00
1777903845,loop18,0.00,0.00,0.000,0.000,0.00
1777903845,loop19,0.00,0.00,0.000,0.000,0.00
1777903845,loop2,0.00,0.00,0.000,0.000,0.00
1777903845,loop20,0.00,0.00,0.000,0.000,0.00
1777903845,loop21,0.00,0.00,0.000,0.000,0.00
1777903845,loop22,0.00,0.00,0.000,0.000,0.00
1777903845,loop23,0.00,0.00,0.000,0.000,0.00
1777903845,loop24,0.00,0.00,0.000,0.000,0.00
1777903845,loop25,0.00,0.00,0.000,0.000,0.00
1777903845,loop26,0.00,0.00,0.000,0.000,0.00
1777903845,loop27,0.00,0.00,0.000,0.000,0.00
1777903845,loop28,0.00,0.00,0.000,0.000,0.00
1777903845,loop29,0.00,0.00,0.000,0.000,0.00
1777903845,loop3,0.00,0.00,0.000,0.000,0.00
1777903845,loop30,0.00,0.00,0.000,0.000,0.00
1777903845,loop31,0.00,0.00,0.000,0.000,0.00
1777903845,loop32,0.00,0.00,0.000,0.000,0.00
1777903845,loop33,0.00,0.00,0.000,0.000,0.00
1777903845,loop34,0.00,0.00,0.000,0.000,0.00
1777903845,loop35,0.00,0.00,0.000,0.000,0.00
1777903845,loop36,0.00,0.00,0.000,0.000,0.00
1777903845,loop37,0.00,0.00,0.000,0.000,0.00
1777903845,loop38,0.00,0.00,0.000,0.000,0.00
1777903845,loop39,0.00,0.00,0.000,0.000,0.00
1777903845,loop4,0.00,0.00,0.000,0.000,0.00
1777903845,loop40,0.00,0.00,0.000,0.000,0.00
1777903845,loop5,0.00,0.00,0.000,0.000,0.00
1777903845,loop6,0.00,0.00,0.000,0.000,0.00
1777903845,loop7,0.00,0.00,0.000,0.000,0.00
1777903845,loop8,0.00,0.00,0.000,0.000,0.00
1777903845,loop9,0.00,0.00,0.000,0.000,0.00
1777903845,nvme0n1,0.00,0.00,0.000,0.000,0.00
1777903846,loop0,0.00,0.00,0.000,0.000,0.00
1777903846,loop1,0.00,0.00,0.000,0.000,0.00
1777903846,loop10,0.00,0.00,0.000,0.000,0.00
1777903846,loop11,0.00,0.00,0.000,0.000,0.00
1777903846,loop12,0.00,0.00,0.000,0.000,0.00
1777903846,loop13,0.00,0.00,0.000,0.000,0.00
1777903846,loop14,0.00,0.00,0.000,0.000,0.00
1777903846,loop15,0.00,0.00,0.000,0.000,0.00
1777903846,loop16,0.00,0.00,0.000,0.000,0.00
1777903846,loop17,0.00,0.00,0.000,0.000,0.00
1777903846,loop18,0.00,0.00,0.000,0.000,0.00
1777903846,loop19,0.00,0.00,0.000,0.000,0.00
1777903846,loop2,0.00,0.00,0.000,0.000,0.00
1777903846,loop20,0.00,0.00,0.000,0.000,0.00
1777903846,loop21,0.00,0.00,0.000,0.000,0.00
1777903846,loop22,0.00,0.00,0.000,0.000,0.00
1777903846,loop23,0.00,0.00,0.000,0.000,0.00
1777903846,loop24,0.00,0.00,0.000,0.000,0.00
1777903846,loop25,0.00,0.00,0.000,0.000,0.00
1777903846,loop26,0.00,0.00,0.000,0.000,0.00
1777903846,loop27,0.00,0.00,0.000,0.000,0.00
1777903846,loop28,0.00,0.00,0.000,0.000,0.00
1777903846,loop29,0.00,0.00,0.000,0.000,0.00
1777903846,loop3,0.00,0.00,0.000,0.000,0.00
1777903846,loop30,0.00,0.00,0.000,0.000,0.00
1777903846,loop31,0.00,0.00,0.000,0.000,0.00
1777903846,loop32,0.00,0.00,0.000,0.000,0.00
1777903846,loop33,0.00,0.00,0.000,0.000,0.00
1777903846,loop34,0.00,0.00,0.000,0.000,0.00
1777903846,loop35,0.00,0.00,0.000,0.000,0.00
1777903846,loop36,0.00,0.00,0.000,0.000,0.00
1777903846,loop37,0.00,0.00,0.000,0.000,0.00
1777903846,loop38,0.00,0.00,0.000,0.000,0.00
1777903846,loop39,0.00,0.00,0.000,0.000,0.00
1777903846,loop4,0.00,0.00,0.000,0.000,0.00
1777903846,loop40,0.00,0.00,0.000,0.000,0.00
1777903846,loop5,0.00,0.00,0.000,0.000,0.00
1777903846,loop6,0.00,0.00,0.000,0.000,0.00
1777903846,loop7,0.00,0.00,0.000,0.000,0.00
1777903846,loop8,0.00,0.00,0.000,0.000,0.00
1777903846,loop9,0.00,0.00,0.000,0.000,0.00
1777903846,nvme0n1,0.00,0.00,0.000,0.000,0.00
1777903847,loop0,0.00,0.00,0.000,0.000,0.00
1777903847,loop1,0.00,0.00,0.000,0.000,0.00
1777903847,loop10,0.00,0.00,0.000,0.000,0.00
1777903847,loop11,0.00,0.00,0.000,0.000,0.00
1777903847,loop12,0.00,0.00,0.000,0.000,0.00
1777903847,loop13,0.00,0.00,0.000,0.000,0.00
1777903847,loop14,0.00,0.00,0.000,0.000,0.00
1777903847,loop15,0.00,0.00,0.000,0.000,0.00
1777903847,loop16,0.00,0.00,0.000,0.000,0.00
1777903847,loop17,0.00,0.00,0.000,0.000,0.00
1777903847,loop18,0.00,0.00,0.000,0.000,0.00
1777903847,loop19,0.00,0.00,0.000,0.000,0.00
1777903847,loop2,0.00,0.00,0.000,0.000,0.00
1777903847,loop20,0.00,0.00,0.000,0.000,0.00
1777903847,loop21,0.00,0.00,0.000,0.000,0.00
1777903847,loop22,0.00,0.00,0.000,0.000,0.00
1777903847,loop23,0.00,0.00,0.000,0.000,0.00
1777903847,loop24,0.00,0.00,0.000,0.000,0.00
1777903847,loop25,0.00,0.00,0.000,0.000,0.00
1777903847,loop26,0.00,0.00,0.000,0.000,0.00
1777903847,loop27,0.00,0.00,0.000,0.000,0.00
1777903847,loop28,0.00,0.00,0.000,0.000,0.00
1777903847,loop29,0.00,0.00,0.000,0.000,0.00
1777903847,loop3,0.00,0.00,0.000,0.000,0.00
1777903847,loop30,0.00,0.00,0.000,0.000,0.00
1777903847,loop31,0.00,0.00,0.000,0.000,0.00
1777903847,loop32,0.00,0.00,0.000,0.000,0.00
1777903847,loop33,0.00,0.00,0.000,0.000,0.00
1777903847,loop34,0.00,0.00,0.000,0.000,0.00
1777903847,loop35,0.00,0.00,0.000,0.000,0.00
1777903847,loop36,0.00,0.00,0.000,0.000,0.00
1777903847,loop37,0.00,0.00,0.000,0.000,0.00
1777903847,loop38,0.00,0.00,0.000,0.000,0.00
1777903847,loop39,0.00,0.00,0.000,0.000,0.00
1777903847,loop4,0.00,0.00,0.000,0.000,0.00
1777903847,loop40,0.00,0.00,0.000,0.000,0.00
1777903847,loop5,0.00,0.00,0.000,0.000,0.00
1777903847,loop6,0.00,0.00,0.000,0.000,0.00
1777903847,loop7,0.00,0.00,0.000,0.000,0.00
1777903847,loop8,0.00,0.00,0.000,0.000,0.00
1777903847,loop9,0.00,0.00,0.000,0.000,0.00
1777903847,nvme0n1,0.00,0.00,0.000,0.000,0.40
1777903848,loop0,0.00,0.00,0.000,0.000,0.00
1777903848,loop1,0.00,0.00,0.000,0.000,0.00
1777903848,loop10,0.00,0.00,0.000,0.000,0.00
1777903848,loop11,0.00,0.00,0.000,0.000,0.00
1777903848,loop12,0.00,0.00,0.000,0.000,0.00
1777903848,loop13,0.00,0.00,0.000,0.000,0.00
1777903848,loop14,0.00,0.00,0.000,0.000,0.00
1777903848,loop15,0.00,0.00,0.000,0.000,0.00
1777903848,loop16,0.00,0.00,0.000,0.000,0.00
1777903848,loop17,0.00,0.00,0.000,0.000,0.00
1777903848,loop18,0.00,0.00,0.000,0.000,0.00
1777903848,loop19,0.00,0.00,0.000,0.000,0.00
1777903848,loop2,0.00,0.00,0.000,0.000,0.00
1777903848,loop20,0.00,0.00,0.000,0.000,0.00
1777903848,loop21,0.00,0.00,0.000,0.000,0.00
1777903848,loop22,0.00,0.00,0.000,0.000,0.00
1777903848,loop23,0.00,0.00,0.000,0.000,0.00
1777903848,loop24,0.00,0.00,0.000,0.000,0.00
1777903848,loop25,0.00,0.00,0.000,0.000,0.00
1777903848,loop26,0.00,0.00,0.000,0.000,0.00
1777903848,loop27,0.00,0.00,0.000,0.000,0.00
1777903848,loop28,0.00,0.00,0.000,0.000,0.00
1777903848,loop29,0.00,0.00,0.000,0.000,0.00
1777903848,loop3,0.00,0.00,0.000,0.000,0.00
1777903848,loop30,0.00,0.00,0.000,0.000,0.00
1777903848,loop31,0.00,0.00,0.000,0.000,0.00
1777903848,loop32,0.00,0.00,0.000,0.000,0.00
1777903848,loop33,0.00,0.00,0.000,0.000,0.00
1777903848,loop34,0.00,0.00,0.000,0.000,0.00
1777903848,loop35,0.00,0.00,0.000,0.000,0.00
1777903848,loop36,0.00,0.00,0.000,0.000,0.00
1777903848,loop37,0.00,0.00,0.000,0.000,0.00
1777903848,loop38,0.00,0.00,0.000,0.000,0.00
1777903848,loop39,0.00,0.00,0.000,0.000,0.00
1777903848,loop4,0.00,0.00,0.000,0.000,0.00
1777903848,loop40,0.00,0.00,0.000,0.000,0.00
1777903848,loop5,0.00,0.00,0.000,0.000,0.00
1777903848,loop6,0.00,0.00,0.000,0.000,0.00
1777903848,loop7,0.00,0.00,0.000,0.000,0.00
1777903848,loop8,0.00,0.00,0.000,0.000,0.00
1777903848,loop9,0.00,0.00,0.000,0.000,0.00
1777903848,nvme0n1,7.00,36.00,0.002,0.022,0.20
1777903849,loop0,0.00,0.00,0.000,0.000,0.00
1777903849,loop1,0.00,0.00,0.000,0.000,0.00
1777903849,loop10,0.00,0.00,0.000,0.000,0.00
1777903849,loop11,0.00,0.00,0.000,0.000,0.00
1777903849,loop12,0.00,0.00,0.000,0.000,0.00
1777903849,loop13,0.00,0.00,0.000,0.000,0.00
1777903849,loop14,0.00,0.00,0.000,0.000,0.00
1777903849,loop15,0.00,0.00,0.000,0.000,0.00
1777903849,loop16,0.00,0.00,0.000,0.000,0.00
1777903849,loop17,0.00,0.00,0.000,0.000,0.00
1777903849,loop18,0.00,0.00,0.000,0.000,0.00
1777903849,loop19,0.00,0.00,0.000,0.000,0.00
1777903849,loop2,0.00,0.00,0.000,0.000,0.00
1777903849,loop20,0.00,0.00,0.000,0.000,0.00
1777903849,loop21,0.00,0.00,0.000,0.000,0.00
1777903849,loop22,0.00,0.00,0.000,0.000,0.00
1777903849,loop23,0.00,0.00,0.000,0.000,0.00
1777903849,loop24,0.00,0.00,0.000,0.000,0.00
1777903849,loop25,0.00,0.00,0.000,0.000,0.00
1777903849,loop26,0.00,0.00,0.000,0.000,0.00
1777903849,loop27,0.00,0.00,0.000,0.000,0.00
1777903849,loop28,0.00,0.00,0.000,0.000,0.00
1777903849,loop29,0.00,0.00,0.000,0.000,0.00
1777903849,loop3,0.00,0.00,0.000,0.000,0.00
1777903849,loop30,0.00,0.00,0.000,0.000,0.00
1777903849,loop31,0.00,0.00,0.000,0.000,0.00
1777903849,loop32,0.00,0.00,0.000,0.000,0.00
1777903849,loop33,0.00,0.00,0.000,0.000,0.00
1777903849,loop34,0.00,0.00,0.000,0.000,0.00
1777903849,loop35,0.00,0.00,0.000,0.000,0.00
1777903849,loop36,0.00,0.00,0.000,0.000,0.00
1777903849,loop37,0.00,0.00,0.000,0.000,0.00
1777903849,loop38,0.00,0.00,0.000,0.000,0.00
1777903849,loop39,0.00,0.00,0.000,0.000,0.00
1777903849,loop4,0.00,0.00,0.000,0.000,0.00
1777903849,loop40,0.00,0.00,0.000,0.000,0.00
1777903849,loop5,0.00,0.00,0.000,0.000,0.00
1777903849,loop6,0.00,0.00,0.000,0.000,0.00
1777903849,loop7,0.00,0.00,0.000,0.000,0.00
1777903849,loop8,0.00,0.00,0.000,0.000,0.00
1777903849,loop9,0.00,0.00,0.000,0.000,0.00
1777903849,nvme0n1,8.00,32.00,0.000,0.000,0.90
1777903850,loop0,0.00,0.00,0.000,0.000,0.00
1777903850,loop1,0.00,0.00,0.000,0.000,0.00
1777903850,loop10,0.00,0.00,0.000,0.000,0.00
1777903850,loop11,0.00,0.00,0.000,0.000,0.00
1777903850,loop12,0.00,0.00,0.000,0.000,0.00
1777903850,loop13,0.00,0.00,0.000,0.000,0.00
1777903850,loop14,0.00,0.00,0.000,0.000,0.00
1777903850,loop15,0.00,0.00,0.000,0.000,0.00
1777903850,loop16,0.00,0.00,0.000,0.000,0.00
1777903850,loop17,0.00,0.00,0.000,0.000,0.00
1777903850,loop18,0.00,0.00,0.000,0.000,0.00
1777903850,loop19,0.00,0.00,0.000,0.000,0.00
1777903850,loop2,0.00,0.00,0.000,0.000,0.00
1777903850,loop20,0.00,0.00,0.000,0.000,0.00
1777903850,loop21,0.00,0.00,0.000,0.000,0.00
1777903850,loop22,0.00,0.00,0.000,0.000,0.00
1777903850,loop23,0.00,0.00,0.000,0.000,0.00
1777903850,loop24,0.00,0.00,0.000,0.000,0.00
1777903850,loop25,0.00,0.00,0.000,0.000,0.00
1777903850,loop26,0.00,0.00,0.000,0.000,0.00
1777903850,loop27,0.00,0.00,0.000,0.000,0.00
1777903850,loop28,0.00,0.00,0.000,0.000,0.00
1777903850,loop29,0.00,0.00,0.000,0.000,0.00
1777903850,loop3,0.00,0.00,0.000,0.000,0.00
1777903850,loop30,0.00,0.00,0.000,0.000,0.00
1777903850,loop31,0.00,0.00,0.000,0.000,0.00
1777903850,loop32,0.00,0.00,0.000,0.000,0.00
1777903850,loop33,0.00,0.00,0.000,0.000,0.00
1777903850,loop34,0.00,0.00,0.000,0.000,0.00
1777903850,loop35,0.00,0.00,0.000,0.000,0.00
1777903850,loop36,0.00,0.00,0.000,0.000,0.00
1777903850,loop37,0.00,0.00,0.000,0.000,0.00
1777903850,loop38,0.00,0.00,0.000,0.000,0.00
1777903850,loop39,0.00,0.00,0.000,0.000,0.00
1777903850,loop4,0.00,0.00,0.000,0.000,0.00
1777903850,loop40,0.00,0.00,0.000,0.000,0.00
1777903850,loop5,0.00,0.00,0.000,0.000,0.00
1777903850,loop6,0.00,0.00,0.000,0.000,0.00
1777903850,loop7,0.00,0.00,0.000,0.000,0.00
1777903850,loop8,0.00,0.00,0.000,0.000,0.00
1777903850,loop9,0.00,0.00,0.000,0.000,0.00
1777903850,nvme0n1,0.00,0.00,0.000,0.000,0.00
1777903851,loop0,0.00,0.00,0.000,0.000,0.00
1777903851,loop1,0.00,0.00,0.000,0.000,0.00
1777903851,loop10,0.00,0.00,0.000,0.000,0.00
1777903851,loop11,0.00,0.00,0.000,0.000,0.00
1777903851,loop12,0.00,0.00,0.000,0.000,0.00
1777903851,loop13,0.00,0.00,0.000,0.000,0.00
1777903851,loop14,0.00,0.00,0.000,0.000,0.00
1777903851,loop15,0.00,0.00,0.000,0.000,0.00
1777903851,loop16,0.00,0.00,0.000,0.000,0.00
1777903851,loop17,0.00,0.00,0.000,0.000,0.00
1777903851,loop18,0.00,0.00,0.000,0.000,0.00
1777903851,loop19,0.00,0.00,0.000,0.000,0.00
1777903851,loop2,0.00,0.00,0.000,0.000,0.00
1777903851,loop20,0.00,0.00,0.000,0.000,0.00
1777903851,loop21,0.00,0.00,0.000,0.000,0.00
1777903851,loop22,0.00,0.00,0.000,0.000,0.00
1777903851,loop23,0.00,0.00,0.000,0.000,0.00
1777903851,loop24,0.00,0.00,0.000,0.000,0.00
1777903851,loop25,0.00,0.00,0.000,0.000,0.00
1777903851,loop26,0.00,0.00,0.000,0.000,0.00
1777903851,loop27,0.00,0.00,0.000,0.000,0.00
1777903851,loop28,0.00,0.00,0.000,0.000,0.00
1777903851,loop29,0.00,0.00,0.000,0.000,0.00
1777903851,loop3,0.00,0.00,0.000,0.000,0.00
1777903851,loop30,0.00,0.00,0.000,0.000,0.00
1777903851,loop31,0.00,0.00,0.000,0.000,0.00
1777903851,loop32,0.00,0.00,0.000,0.000,0.00
1777903851,loop33,0.00,0.00,0.000,0.000,0.00
1777903851,loop34,0.00,0.00,0.000,0.000,0.00
1777903851,loop35,0.00,0.00,0.000,0.000,0.00
1777903851,loop36,0.00,0.00,0.000,0.000,0.00
1777903851,loop37,0.00,0.00,0.000,0.000,0.00
1777903851,loop38,0.00,0.00,0.000,0.000,0.00
1777903851,loop39,0.00,0.00,0.000,0.000,0.00
1777903851,loop4,0.00,0.00,0.000,0.000,0.00
1777903851,loop40,0.00,0.00,0.000,0.000,0.00
1777903851,loop5,0.00,0.00,0.000,0.000,0.00
1777903851,loop6,0.00,0.00,0.000,0.000,0.00
1777903851,loop7,0.00,0.00,0.000,0.000,0.00
1777903851,loop8,0.00,0.00,0.000,0.000,0.00
1777903851,loop9,0.00,0.00,0.000,0.000,0.00
1777903851,nvme0n1,0.00,0.00,0.000,0.000,0.00
1777903852,loop0,0.00,0.00,0.000,0.000,0.00
1777903852,loop1,0.00,0.00,0.000,0.000,0.00
1777903852,loop10,0.00,0.00,0.000,0.000,0.00
1777903852,loop11,0.00,0.00,0.000,0.000,0.00
1777903852,loop12,0.00,0.00,0.000,0.000,0.00
1777903852,loop13,0.00,0.00,0.000,0.000,0.00
1777903852,loop14,0.00,0.00,0.000,0.000,0.00
1777903852,loop15,0.00,0.00,0.000,0.000,0.00
1777903852,loop16,0.00,0.00,0.000,0.000,0.00
1777903852,loop17,0.00,0.00,0.000,0.000,0.00
1777903852,loop18,0.00,0.00,0.000,0.000,0.00
1777903852,loop19,0.00,0.00,0.000,0.000,0.00
1777903852,loop2,0.00,0.00,0.000,0.000,0.00
1777903852,loop20,0.00,0.00,0.000,0.000,0.00
1777903852,loop21,0.00,0.00,0.000,0.000,0.00
1777903852,loop22,0.00,0.00,0.000,0.000,0.00
1777903852,loop23,0.00,0.00,0.000,0.000,0.00
1777903852,loop24,0.00,0.00,0.000,0.000,0.00
1777903852,loop25,0.00,0.00,0.000,0.000,0.00
1777903852,loop26,0.00,0.00,0.000,0.000,0.00
1777903852,loop27,0.00,0.00,0.000,0.000,0.00
1777903852,loop28,0.00,0.00,0.000,0.000,0.00
1777903852,loop29,0.00,0.00,0.000,0.000,0.00
1777903852,loop3,0.00,0.00,0.000,0.000,0.00
1777903852,loop30,0.00,0.00,0.000,0.000,0.00
1777903852,loop31,0.00,0.00,0.000,0.000,0.00
1777903852,loop32,0.00,0.00,0.000,0.000,0.00
1777903852,loop33,0.00,0.00,0.000,0.000,0.00
1777903852,loop34,0.00,0.00,0.000,0.000,0.00
1777903852,loop35,0.00,0.00,0.000,0.000,0.00
1777903852,loop36,0.00,0.00,0.000,0.000,0.00
1777903852,loop37,0.00,0.00,0.000,0.000,0.00
1777903852,loop38,0.00,0.00,0.000,0.000,0.00
1777903852,loop39,0.00,0.00,0.000,0.000,0.00
1777903852,loop4,0.00,0.00,0.000,0.000,0.00
1777903852,loop40,0.00,0.00,0.000,0.000,0.00
1777903852,loop5,0.00,0.00,0.000,0.000,0.00
1777903852,loop6,0.00,0.00,0.000,0.000,0.00
1777903852,loop7,0.00,0.00,0.000,0.000,0.00
1777903852,loop8,0.00,0.00,0.000,0.000,0.00
1777903852,loop9,0.00,0.00,0.000,0.000,0.00
1777903852,nvme0n1,0.00,0.00,0.000,0.000,0.00
1777903853,loop0,0.00,0.00,0.000,0.000,0.00
1777903853,loop1,0.00,0.00,0.000,0.000,0.00
1777903853,loop10,0.00,0.00,0.000,0.000,0.00
1777903853,loop11,0.00,0.00,0.000,0.000,0.00
1777903853,loop12,0.00,0.00,0.000,0.000,0.00
1777903853,loop13,0.00,0.00,0.000,0.000,0.00
1777903853,loop14,0.00,0.00,0.000,0.000,0.00
1777903853,loop15,0.00,0.00,0.000,0.000,0.00
1777903853,loop16,0.00,0.00,0.000,0.000,0.00
1777903853,loop17,0.00,0.00,0.000,0.000,0.00
1777903853,loop18,0.00,0.00,0.000,0.000,0.00
1777903853,loop19,0.00,0.00,0.000,0.000,0.00
1777903853,loop2,0.00,0.00,0.000,0.000,0.00
1777903853,loop20,0.00,0.00,0.000,0.000,0.00
1777903853,loop21,0.00,0.00,0.000,0.000,0.00
1777903853,loop22,0.00,0.00,0.000,0.000,0.00
1777903853,loop23,0.00,0.00,0.000,0.000,0.00
1777903853,loop24,0.00,0.00,0.000,0.000,0.00
1777903853,loop25,0.00,0.00,0.000,0.000,0.00
1777903853,loop26,0.00,0.00,0.000,0.000,0.00
1777903853,loop27,0.00,0.00,0.000,0.000,0.00
1777903853,loop28,0.00,0.00,0.000,0.000,0.00
1777903853,loop29,0.00,0.00,0.000,0.000,0.00
1777903853,loop3,0.00,0.00,0.000,0.000,0.00
1777903853,loop30,0.00,0.00,0.000,0.000,0.00
1777903853,loop31,0.00,0.00,0.000,0.000,0.00
1777903853,loop32,0.00,0.00,0.000,0.000,0.00
1777903853,loop33,0.00,0.00,0.000,0.000,0.00
1777903853,loop34,0.00,0.00,0.000,0.000,0.00
1777903853,loop35,0.00,0.00,0.000,0.000,0.00
1777903853,loop36,0.00,0.00,0.000,0.000,0.00
1777903853,loop37,0.00,0.00,0.000,0.000,0.00
1777903853,loop38,0.00,0.00,0.000,0.000,0.00
1777903853,loop39,0.00,0.00,0.000,0.000,0.00
1777903853,loop4,0.00,0.00,0.000,0.000,0.00
1777903853,loop40,0.00,0.00,0.000,0.000,0.00
1777903853,loop5,0.00,0.00,0.000,0.000,0.00
1777903853,loop6,0.00,0.00,0.000,0.000,0.00
1777903853,loop7,0.00,0.00,0.000,0.000,0.00
1777903853,loop8,0.00,0.00,0.000,0.000,0.00
1777903853,loop9,0.00,0.00,0.000,0.000,0.00
1777903853,nvme0n1,0.00,0.00,0.000,0.000,0.00
1777903854,loop0,0.00,0.00,0.000,0.000,0.00
1777903854,loop1,0.00,0.00,0.000,0.000,0.00
1777903854,loop10,0.00,0.00,0.000,0.000,0.00
1777903854,loop11,0.00,0.00,0.000,0.000,0.00
1777903854,loop12,0.00,0.00,0.000,0.000,0.00
1777903854,loop13,0.00,0.00,0.000,0.000,0.00
1777903854,loop14,0.00,0.00,0.000,0.000,0.00
1777903854,loop15,0.00,0.00,0.000,0.000,0.00
1777903854,loop16,0.00,0.00,0.000,0.000,0.00
1777903854,loop17,0.00,0.00,0.000,0.000,0.00
1777903854,loop18,0.00,0.00,0.000,0.000,0.00
1777903854,loop19,0.00,0.00,0.000,0.000,0.00
1777903854,loop2,0.00,0.00,0.000,0.000,0.00
1777903854,loop20,0.00,0.00,0.000,0.000,0.00
1777903854,loop21,0.00,0.00,0.000,0.000,0.00
1777903854,loop22,0.00,0.00,0.000,0.000,0.00
1777903854,loop23,0.00,0.00,0.000,0.000,0.00
1777903854,loop24,0.00,0.00,0.000,0.000,0.00
1777903854,loop25,0.00,0.00,0.000,0.000,0.00
1777903854,loop26,0.00,0.00,0.000,0.000,0.00
1777903854,loop27,0.00,0.00,0.000,0.000,0.00
1777903854,loop28,0.00,0.00,0.000,0.000,0.00
1777903854,loop29,0.00,0.00,0.000,0.000,0.00
1777903854,loop3,0.00,0.00,0.000,0.000,0.00
1777903854,loop30,0.00,0.00,0.000,0.000,0.00
1777903854,loop31,0.00,0.00,0.000,0.000,0.00
1777903854,loop32,0.00,0.00,0.000,0.000,0.00
1777903854,loop33,0.00,0.00,0.000,0.000,0.00
1777903854,loop34,0.00,0.00,0.000,0.000,0.00
1777903854,loop35,0.00,0.00,0.000,0.000,0.00
1777903854,loop36,0.00,0.00,0.000,0.000,0.00
1777903854,loop37,0.00,0.00,0.000,0.000,0.00
1777903854,loop38,0.00,0.00,0.000,0.000,0.00
1777903854,loop39,0.00,0.00,0.000,0.000,0.00
1777903854,loop4,0.00,0.00,0.000,0.000,0.00
1777903854,loop40,0.00,0.00,0.000,0.000,0.00
1777903854,loop5,0.00,0.00,0.000,0.000,0.00
1777903854,loop6,0.00,0.00,0.000,0.000,0.00
1777903854,loop7,0.00,0.00,0.000,0.000,0.00
1777903854,loop8,0.00,0.00,0.000,0.000,0.00
1777903854,loop9,0.00,0.00,0.000,0.000,0.00
1777903854,nvme0n1,0.00,0.00,0.000,0.000,7.80
1777903855,loop0,0.00,0.00,0.000,0.000,0.00
1777903855,loop1,0.00,0.00,0.000,0.000,0.00
1777903855,loop10,0.00,0.00,0.000,0.000,0.00
1777903855,loop11,0.00,0.00,0.000,0.000,0.00
1777903855,loop12,0.00,0.00,0.000,0.000,0.00
1777903855,loop13,0.00,0.00,0.000,0.000,0.00
1777903855,loop14,0.00,0.00,0.000,0.000,0.00
1777903855,loop15,0.00,0.00,0.000,0.000,0.00
1777903855,loop16,0.00,0.00,0.000,0.000,0.00
1777903855,loop17,0.00,0.00,0.000,0.000,0.00
1777903855,loop18,0.00,0.00,0.000,0.000,0.00
1777903855,loop19,0.00,0.00,0.000,0.000,0.00
1777903855,loop2,0.00,0.00,0.000,0.000,0.00
1777903855,loop20,0.00,0.00,0.000,0.000,0.00
1777903855,loop21,0.00,0.00,0.000,0.000,0.00
1777903855,loop22,0.00,0.00,0.000,0.000,0.00
1777903855,loop23,0.00,0.00,0.000,0.000,0.00
1777903855,loop24,0.00,0.00,0.000,0.000,0.00
1777903855,loop25,0.00,0.00,0.000,0.000,0.00
1777903855,loop26,0.00,0.00,0.000,0.000,0.00
1777903855,loop27,0.00,0.00,0.000,0.000,0.00
1777903855,loop28,0.00,0.00,0.000,0.000,0.00
1777903855,loop29,0.00,0.00,0.000,0.000,0.00
1777903855,loop3,0.00,0.00,0.000,0.000,0.00
1777903855,loop30,0.00,0.00,0.000,0.000,0.00
1777903855,loop31,0.00,0.00,0.000,0.000,0.00
1777903855,loop32,0.00,0.00,0.000,0.000,0.00
1777903855,loop33,0.00,0.00,0.000,0.000,0.00
1777903855,loop34,0.00,0.00,0.000,0.000,0.00
1777903855,loop35,0.00,0.00,0.000,0.000,0.00
1777903855,loop36,0.00,0.00,0.000,0.000,0.00
1777903855,loop37,0.00,0.00,0.000,0.000,0.00
1777903855,loop38,0.00,0.00,0.000,0.000,0.00
1777903855,loop39,0.00,0.00,0.000,0.000,0.00
1777903855,loop4,0.00,0.00,0.000,0.000,0.00
1777903855,loop40,0.00,0.00,0.000,0.000,0.00
1777903855,loop5,0.00,0.00,0.000,0.000,0.00
1777903855,loop6,0.00,0.00,0.000,0.000,0.00
1777903855,loop7,0.00,0.00,0.000,0.000,0.00
1777903855,loop8,0.00,0.00,0.000,0.000,0.00
1777903855,loop9,0.00,0.00,0.000,0.000,0.00
1777903855,nvme0n1,0.00,0.00,0.000,0.000,0.60
1777903856,loop0,0.00,0.00,0.000,0.000,0.00
1777903856,loop1,0.00,0.00,0.000,0.000,0.00
1777903856,loop10,0.00,0.00,0.000,0.000,0.00
1777903856,loop11,0.00,0.00,0.000,0.000,0.00
1777903856,loop12,0.00,0.00,0.000,0.000,0.00
1777903856,loop13,0.00,0.00,0.000,0.000,0.00
1777903856,loop14,0.00,0.00,0.000,0.000,0.00
1777903856,loop15,0.00,0.00,0.000,0.000,0.00
1777903856,loop16,0.00,0.00,0.000,0.000,0.00
1777903856,loop17,0.00,0.00,0.000,0.000,0.00
1777903856,loop18,0.00,0.00,0.000,0.000,0.00
1777903856,loop19,0.00,0.00,0.000,0.000,0.00
1777903856,loop2,0.00,0.00,0.000,0.000,0.00
1777903856,loop20,0.00,0.00,0.000,0.000,0.00
1777903856,loop21,0.00,0.00,0.000,0.000,0.00
1777903856,loop22,0.00,0.00,0.000,0.000,0.00
1777903856,loop23,0.00,0.00,0.000,0.000,0.00
1777903856,loop24,0.00,0.00,0.000,0.000,0.00
1777903856,loop25,0.00,0.00,0.000,0.000,0.00
1777903856,loop26,0.00,0.00,0.000,0.000,0.00
1777903856,loop27,0.00,0.00,0.000,0.000,0.00
1777903856,loop28,0.00,0.00,0.000,0.000,0.00
1777903856,loop29,0.00,0.00,0.000,0.000,0.00
1777903856,loop3,0.00,0.00,0.000,0.000,0.00
1777903856,loop30,0.00,0.00,0.000,0.000,0.00
1777903856,loop31,0.00,0.00,0.000,0.000,0.00
1777903856,loop32,0.00,0.00,0.000,0.000,0.00
1777903856,loop33,0.00,0.00,0.000,0.000,0.00
1777903856,loop34,0.00,0.00,0.000,0.000,0.00
1777903856,loop35,0.00,0.00,0.000,0.000,0.00
1777903856,loop36,0.00,0.00,0.000,0.000,0.00
1777903856,loop37,0.00,0.00,0.000,0.000,0.00
1777903856,loop38,0.00,0.00,0.000,0.000,0.00
1777903856,loop39,0.00,0.00,0.000,0.000,0.00
1777903856,loop4,0.00,0.00,0.000,0.000,0.00
1777903856,loop40,0.00,0.00,0.000,0.000,0.00
1777903856,loop5,0.00,0.00,0.000,0.000,0.00
1777903856,loop6,0.00,0.00,0.000,0.000,0.00
1777903856,loop7,0.00,0.00,0.000,0.000,0.00
1777903856,loop8,0.00,0.00,0.000,0.000,0.00
1777903856,loop9,0.00,0.00,0.000,0.000,0.00
1777903856,nvme0n1,0.00,0.00,0.000,0.000,0.50
1777903857,loop0,0.00,0.00,0.000,0.000,0.00
1777903857,loop1,0.00,0.00,0.000,0.000,0.00
1777903857,loop10,0.00,0.00,0.000,0.000,0.00
1777903857,loop11,0.00,0.00,0.000,0.000,0.00
1777903857,loop12,0.00,0.00,0.000,0.000,0.00
1777903857,loop13,0.00,0.00,0.000,0.000,0.00
1777903857,loop14,0.00,0.00,0.000,0.000,0.00
1777903857,loop15,0.00,0.00,0.000,0.000,0.00
1777903857,loop16,0.00,0.00,0.000,0.000,0.00
1777903857,loop17,0.00,0.00,0.000,0.000,0.00
1777903857,loop18,0.00,0.00,0.000,0.000,0.00
1777903857,loop19,0.00,0.00,0.000,0.000,0.00
1777903857,loop2,0.00,0.00,0.000,0.000,0.00
1777903857,loop20,0.00,0.00,0.000,0.000,0.00
1777903857,loop21,0.00,0.00,0.000,0.000,0.00
1777903857,loop22,0.00,0.00,0.000,0.000,0.00
1777903857,loop23,0.00,0.00,0.000,0.000,0.00
1777903857,loop24,0.00,0.00,0.000,0.000,0.00
1777903857,loop25,0.00,0.00,0.000,0.000,0.00
1777903857,loop26,0.00,0.00,0.000,0.000,0.00
1777903857,loop27,0.00,0.00,0.000,0.000,0.00
1777903857,loop28,0.00,0.00,0.000,0.000,0.00
1777903857,loop29,0.00,0.00,0.000,0.000,0.00
1777903857,loop3,0.00,0.00,0.000,0.000,0.00
1777903857,loop30,0.00,0.00,0.000,0.000,0.00
1777903857,loop31,0.00,0.00,0.000,0.000,0.00
1777903857,loop32,0.00,0.00,0.000,0.000,0.00
1777903857,loop33,0.00,0.00,0.000,0.000,0.00
1777903857,loop34,0.00,0.00,0.000,0.000,0.00
1777903857,loop35,0.00,0.00,0.000,0.000,0.00
1777903857,loop36,0.00,0.00,0.000,0.000,0.00
1777903857,loop37,0.00,0.00,0.000,0.000,0.00
1777903857,loop38,0.00,0.00,0.000,0.000,0.00
1777903857,loop39,0.00,0.00,0.000,0.000,0.00
1777903857,loop4,0.00,0.00,0.000,0.000,0.00
1777903857,loop40,0.00,0.00,0.000,0.000,0.00
1777903857,loop5,0.00,0.00,0.000,0.000,0.00
1777903857,loop6,0.00,0.00,0.000,0.000,0.00
1777903857,loop7,0.00,0.00,0.000,0.000,0.00
1777903857,loop8,0.00,0.00,0.000,0.000,0.00
1777903857,loop9,0.00,0.00,0.000,0.000,0.00
1777903857,nvme0n1,0.00,0.00,0.000,0.000,0.00
1777903858,loop0,0.00,0.00,0.000,0.000,0.00
1777903858,loop1,0.00,0.00,0.000,0.000,0.00
1777903858,loop10,0.00,0.00,0.000,0.000,0.00
1777903858,loop11,0.00,0.00,0.000,0.000,0.00
1777903858,loop12,0.00,0.00,0.000,0.000,0.00
1777903858,loop13,0.00,0.00,0.000,0.000,0.00
1777903858,loop14,0.00,0.00,0.000,0.000,0.00
1777903858,loop15,0.00,0.00,0.000,0.000,0.00
1777903858,loop16,0.00,0.00,0.000,0.000,0.00
1777903858,loop17,0.00,0.00,0.000,0.000,0.00
1777903858,loop18,0.00,0.00,0.000,0.000,0.00
1777903858,loop19,0.00,0.00,0.000,0.000,0.00
1777903858,loop2,0.00,0.00,0.000,0.000,0.00
1777903858,loop20,0.00,0.00,0.000,0.000,0.00
1777903858,loop21,0.00,0.00,0.000,0.000,0.00
1777903858,loop22,0.00,0.00,0.000,0.000,0.00
1777903858,loop23,0.00,0.00,0.000,0.000,0.00
1777903858,loop24,0.00,0.00,0.000,0.000,0.00
1777903858,loop25,0.00,0.00,0.000,0.000,0.00
1777903858,loop26,0.00,0.00,0.000,0.000,0.00
1777903858,loop27,0.00,0.00,0.000,0.000,0.00
1777903858,loop28,0.00,0.00,0.000,0.000,0.00
1777903858,loop29,0.00,0.00,0.000,0.000,0.00
1777903858,loop3,0.00,0.00,0.000,0.000,0.00
1777903858,loop30,0.00,0.00,0.000,0.000,0.00
1777903858,loop31,0.00,0.00,0.000,0.000,0.00
1777903858,loop32,0.00,0.00,0.000,0.000,0.00
1777903858,loop33,0.00,0.00,0.000,0.000,0.00
1777903858,loop34,0.00,0.00,0.000,0.000,0.00
1777903858,loop35,0.00,0.00,0.000,0.000,0.00
1777903858,loop36,0.00,0.00,0.000,0.000,0.00
1777903858,loop37,0.00,0.00,0.000,0.000,0.00
1777903858,loop38,0.00,0.00,0.000,0.000,0.00
1777903858,loop39,0.00,0.00,0.000,0.000,0.00
1777903858,loop4,0.00,0.00,0.000,0.000,0.00
1777903858,loop40,0.00,0.00,0.000,0.000,0.00
1777903858,loop5,0.00,0.00,0.000,0.000,0.00
1777903858,loop6,0.00,0.00,0.000,0.000,0.00
1777903858,loop7,0.00,0.00,0.000,0.000,0.00
1777903858,loop8,0.00,0.00,0.000,0.000,0.00
1777903858,loop9,0.00,0.00,0.000,0.000,0.00
1777903858,nvme0n1,2.00,16.00,0.002,0.049,5.80
1777903859,loop0,0.00,0.00,0.000,0.000,0.00
1777903859,loop1,0.00,0.00,0.000,0.000,0.00
1777903859,loop10,0.00,0.00,0.000,0.000,0.00
1777903859,loop11,0.00,0.00,0.000,0.000,0.00
1777903859,loop12,0.00,0.00,0.000,0.000,0.00
1777903859,loop13,0.00,0.00,0.000,0.000,0.00
1777903859,loop14,0.00,0.00,0.000,0.000,0.00
1777903859,loop15,0.00,0.00,0.000,0.000,0.00
1777903859,loop16,0.00,0.00,0.000,0.000,0.00
1777903859,loop17,0.00,0.00,0.000,0.000,0.00
1777903859,loop18,0.00,0.00,0.000,0.000,0.00
1777903859,loop19,0.00,0.00,0.000,0.000,0.00
1777903859,loop2,0.00,0.00,0.000,0.000,0.00
1777903859,loop20,0.00,0.00,0.000,0.000,0.00
1777903859,loop21,0.00,0.00,0.000,0.000,0.00
1777903859,loop22,0.00,0.00,0.000,0.000,0.00
1777903859,loop23,0.00,0.00,0.000,0.000,0.00
1777903859,loop24,0.00,0.00,0.000,0.000,0.00
1777903859,loop25,0.00,0.00,0.000,0.000,0.00
1777903859,loop26,0.00,0.00,0.000,0.000,0.00
1777903859,loop27,0.00,0.00,0.000,0.000,0.00
1777903859,loop28,0.00,0.00,0.000,0.000,0.00
1777903859,loop29,0.00,0.00,0.000,0.000,0.00
1777903859,loop3,0.00,0.00,0.000,0.000,0.00
1777903859,loop30,0.00,0.00,0.000,0.000,0.00
1777903859,loop31,0.00,0.00,0.000,0.000,0.00
1777903859,loop32,0.00,0.00,0.000,0.000,0.00
1777903859,loop33,0.00,0.00,0.000,0.000,0.00
1777903859,loop34,0.00,0.00,0.000,0.000,0.00
1777903859,loop35,0.00,0.00,0.000,0.000,0.00
1777903859,loop36,0.00,0.00,0.000,0.000,0.00
1777903859,loop37,0.00,0.00,0.000,0.000,0.00
1777903859,loop38,0.00,0.00,0.000,0.000,0.00
1777903859,loop39,0.00,0.00,0.000,0.000,0.00
1777903859,loop4,0.00,0.00,0.000,0.000,0.00
1777903859,loop40,0.00,0.00,0.000,0.000,0.00
1777903859,loop5,0.00,0.00,0.000,0.000,0.00
1777903859,loop6,0.00,0.00,0.000,0.000,0.00
1777903859,loop7,0.00,0.00,0.000,0.000,0.00
1777903859,loop8,0.00,0.00,0.000,0.000,0.00
1777903859,loop9,0.00,0.00,0.000,0.000,0.00
1777903859,nvme0n1,0.00,0.00,0.000,0.000,0.10
1777903860,loop0,0.00,0.00,0.000,0.000,0.00
1777903860,loop1,0.00,0.00,0.000,0.000,0.00
1777903860,loop10,0.00,0.00,0.000,0.000,0.00
1777903860,loop11,0.00,0.00,0.000,0.000,0.00
1777903860,loop12,0.00,0.00,0.000,0.000,0.00
1777903860,loop13,0.00,0.00,0.000,0.000,0.00
1777903860,loop14,0.00,0.00,0.000,0.000,0.00
1777903860,loop15,0.00,0.00,0.000,0.000,0.00
1777903860,loop16,0.00,0.00,0.000,0.000,0.00
1777903860,loop17,0.00,0.00,0.000,0.000,0.00
1777903860,loop18,0.00,0.00,0.000,0.000,0.00
1777903860,loop19,0.00,0.00,0.000,0.000,0.00
1777903860,loop2,0.00,0.00,0.000,0.000,0.00
1777903860,loop20,0.00,0.00,0.000,0.000,0.00
1777903860,loop21,0.00,0.00,0.000,0.000,0.00
1777903860,loop22,0.00,0.00,0.000,0.000,0.00
1777903860,loop23,0.00,0.00,0.000,0.000,0.00
1777903860,loop24,0.00,0.00,0.000,0.000,0.00
1777903860,loop25,0.00,0.00,0.000,0.000,0.00
1777903860,loop26,0.00,0.00,0.000,0.000,0.00
1777903860,loop27,0.00,0.00,0.000,0.000,0.00
1777903860,loop28,0.00,0.00,0.000,0.000,0.00
1777903860,loop29,0.00,0.00,0.000,0.000,0.00
1777903860,loop3,0.00,0.00,0.000,0.000,0.00
1777903860,loop30,0.00,0.00,0.000,0.000,0.00
1777903860,loop31,0.00,0.00,0.000,0.000,0.00
1777903860,loop32,0.00,0.00,0.000,0.000,0.00
1777903860,loop33,0.00,0.00,0.000,0.000,0.00
1777903860,loop34,0.00,0.00,0.000,0.000,0.00
1777903860,loop35,0.00,0.00,0.000,0.000,0.00
1777903860,loop36,0.00,0.00,0.000,0.000,0.00
1777903860,loop37,0.00,0.00,0.000,0.000,0.00
1777903860,loop38,0.00,0.00,0.000,0.000,0.00
1777903860,loop39,0.00,0.00,0.000,0.000,0.00
1777903860,loop4,0.00,0.00,0.000,0.000,0.00
1777903860,loop40,0.00,0.00,0.000,0.000,0.00
1777903860,loop5,0.00,0.00,0.000,0.000,0.00
1777903860,loop6,0.00,0.00,0.000,0.000,0.00
1777903860,loop7,0.00,0.00,0.000,0.000,0.00
1777903860,loop8,0.00,0.00,0.000,0.000,0.00
1777903860,loop9,0.00,0.00,0.000,0.000,0.00
1777903860,nvme0n1,0.00,0.00,0.000,0.000,0.70
1777903861,loop0,0.00,0.00,0.000,0.000,0.00
1777903861,loop1,0.00,0.00,0.000,0.000,0.00
1777903861,loop10,0.00,0.00,0.000,0.000,0.00
1777903861,loop11,0.00,0.00,0.000,0.000,0.00
1777903861,loop12,0.00,0.00,0.000,0.000,0.00
1777903861,loop13,0.00,0.00,0.000,0.000,0.00
1777903861,loop14,0.00,0.00,0.000,0.000,0.00
1777903861,loop15,0.00,0.00,0.000,0.000,0.00
1777903861,loop16,0.00,0.00,0.000,0.000,0.00
1777903861,loop17,0.00,0.00,0.000,0.000,0.00
1777903861,loop18,0.00,0.00,0.000,0.000,0.00
1777903861,loop19,0.00,0.00,0.000,0.000,0.00
1777903861,loop2,0.00,0.00,0.000,0.000,0.00
1777903861,loop20,0.00,0.00,0.000,0.000,0.00
1777903861,loop21,0.00,0.00,0.000,0.000,0.00
1777903861,loop22,0.00,0.00,0.000,0.000,0.00
1777903861,loop23,0.00,0.00,0.000,0.000,0.00
1777903861,loop24,0.00,0.00,0.000,0.000,0.00
1777903861,loop25,0.00,0.00,0.000,0.000,0.00
1777903861,loop26,0.00,0.00,0.000,0.000,0.00
1777903861,loop27,0.00,0.00,0.000,0.000,0.00
1777903861,loop28,0.00,0.00,0.000,0.000,0.00
1777903861,loop29,0.00,0.00,0.000,0.000,0.00
1777903861,loop3,0.00,0.00,0.000,0.000,0.00
1777903861,loop30,0.00,0.00,0.000,0.000,0.00
1777903861,loop31,0.00,0.00,0.000,0.000,0.00
1777903861,loop32,0.00,0.00,0.000,0.000,0.00
1777903861,loop33,0.00,0.00,0.000,0.000,0.00
1777903861,loop34,0.00,0.00,0.000,0.000,0.00
1777903861,loop35,0.00,0.00,0.000,0.000,0.00
1777903861,loop36,0.00,0.00,0.000,0.000,0.00
1777903861,loop37,0.00,0.00,0.000,0.000,0.00
1777903861,loop38,0.00,0.00,0.000,0.000,0.00
1777903861,loop39,0.00,0.00,0.000,0.000,0.00
1777903861,loop4,0.00,0.00,0.000,0.000,0.00
1777903861,loop40,0.00,0.00,0.000,0.000,0.00
1777903861,loop5,0.00,0.00,0.000,0.000,0.00
1777903861,loop6,0.00,0.00,0.000,0.000,0.00
1777903861,loop7,0.00,0.00,0.000,0.000,0.00
1777903861,loop8,0.00,0.00,0.000,0.000,0.00
1777903861,loop9,0.00,0.00,0.000,0.000,0.00
1777903861,nvme0n1,0.00,0.00,0.000,0.000,0.00
1777903862,loop0,0.00,0.00,0.000,0.000,0.00
1777903862,loop1,0.00,0.00,0.000,0.000,0.00
1777903862,loop10,0.00,0.00,0.000,0.000,0.00
1777903862,loop11,0.00,0.00,0.000,0.000,0.00
1777903862,loop12,0.00,0.00,0.000,0.000,0.00
1777903862,loop13,0.00,0.00,0.000,0.000,0.00
1777903862,loop14,0.00,0.00,0.000,0.000,0.00
1777903862,loop15,0.00,0.00,0.000,0.000,0.00
1777903862,loop16,0.00,0.00,0.000,0.000,0.00
1777903862,loop17,0.00,0.00,0.000,0.000,0.00
1777903862,loop18,0.00,0.00,0.000,0.000,0.00
1777903862,loop19,0.00,0.00,0.000,0.000,0.00
1777903862,loop2,0.00,0.00,0.000,0.000,0.00
1777903862,loop20,0.00,0.00,0.000,0.000,0.00
1777903862,loop21,0.00,0.00,0.000,0.000,0.00
1777903862,loop22,0.00,0.00,0.000,0.000,0.00
1777903862,loop23,0.00,0.00,0.000,0.000,0.00
1777903862,loop24,0.00,0.00,0.000,0.000,0.00
1777903862,loop25,0.00,0.00,0.000,0.000,0.00
1777903862,loop26,0.00,0.00,0.000,0.000,0.00
1777903862,loop27,0.00,0.00,0.000,0.000,0.00
1777903862,loop28,0.00,0.00,0.000,0.000,0.00
1777903862,loop29,0.00,0.00,0.000,0.000,0.00
1777903862,loop3,0.00,0.00,0.000,0.000,0.00
1777903862,loop30,0.00,0.00,0.000,0.000,0.00
1777903862,loop31,0.00,0.00,0.000,0.000,0.00
1777903862,loop32,0.00,0.00,0.000,0.000,0.00
1777903862,loop33,0.00,0.00,0.000,0.000,0.00
1777903862,loop34,0.00,0.00,0.000,0.000,0.00
1777903862,loop35,0.00,0.00,0.000,0.000,0.00
1777903862,loop36,0.00,0.00,0.000,0.000,0.00
1777903862,loop37,0.00,0.00,0.000,0.000,0.00
1777903862,loop38,0.00,0.00,0.000,0.000,0.00
1777903862,loop39,0.00,0.00,0.000,0.000,0.00
1777903862,loop4,0.00,0.00,0.000,0.000,0.00
1777903862,loop40,0.00,0.00,0.000,0.000,0.00
1777903862,loop5,0.00,0.00,0.000,0.000,0.00
1777903862,loop6,0.00,0.00,0.000,0.000,0.00
1777903862,loop7,0.00,0.00,0.000,0.000,0.00
1777903862,loop8,0.00,0.00,0.000,0.000,0.00
1777903862,loop9,0.00,0.00,0.000,0.000,0.00
1777903862,nvme0n1,0.00,0.00,0.000,0.000,0.00
1777903863,loop0,0.00,0.00,0.000,0.000,0.00
1777903863,loop1,0.00,0.00,0.000,0.000,0.00
1777903863,loop10,0.00,0.00,0.000,0.000,0.00
1777903863,loop11,0.00,0.00,0.000,0.000,0.00
1777903863,loop12,0.00,0.00,0.000,0.000,0.00
1777903863,loop13,0.00,0.00,0.000,0.000,0.00
1777903863,loop14,0.00,0.00,0.000,0.000,0.00
1777903863,loop15,0.00,0.00,0.000,0.000,0.00
1777903863,loop16,0.00,0.00,0.000,0.000,0.00
1777903863,loop17,0.00,0.00,0.000,0.000,0.00
1777903863,loop18,0.00,0.00,0.000,0.000,0.00
1777903863,loop19,0.00,0.00,0.000,0.000,0.00
1777903863,loop2,0.00,0.00,0.000,0.000,0.00
1777903863,loop20,0.00,0.00,0.000,0.000,0.00
1777903863,loop21,0.00,0.00,0.000,0.000,0.00
1777903863,loop22,0.00,0.00,0.000,0.000,0.00
1777903863,loop23,0.00,0.00,0.000,0.000,0.00
1777903863,loop24,0.00,0.00,0.000,0.000,0.00
1777903863,loop25,0.00,0.00,0.000,0.000,0.00
1777903863,loop26,0.00,0.00,0.000,0.000,0.00
1777903863,loop27,0.00,0.00,0.000,0.000,0.00
1777903863,loop28,0.00,0.00,0.000,0.000,0.00
1777903863,loop29,0.00,0.00,0.000,0.000,0.00
1777903863,loop3,0.00,0.00,0.000,0.000,0.00
1777903863,loop30,0.00,0.00,0.000,0.000,0.00
1777903863,loop31,0.00,0.00,0.000,0.000,0.00
1777903863,loop32,0.00,0.00,0.000,0.000,0.00
1777903863,loop33,0.00,0.00,0.000,0.000,0.00
1777903863,loop34,0.00,0.00,0.000,0.000,0.00
1777903863,loop35,0.00,0.00,0.000,0.000,0.00
1777903863,loop36,0.00,0.00,0.000,0.000,0.00
1777903863,loop37,0.00,0.00,0.000,0.000,0.00
1777903863,loop38,0.00,0.00,0.000,0.000,0.00
1777903863,loop39,0.00,0.00,0.000,0.000,0.00
1777903863,loop4,0.00,0.00,0.000,0.000,0.00
1777903863,loop40,0.00,0.00,0.000,0.000,0.00
1777903863,loop5,0.00,0.00,0.000,0.000,0.00
1777903863,loop6,0.00,0.00,0.000,0.000,0.00
1777903863,loop7,0.00,0.00,0.000,0.000,0.00
1777903863,loop8,0.00,0.00,0.000,0.000,0.00
1777903863,loop9,0.00,0.00,0.000,0.000,0.00
1777903863,nvme0n1,4.00,36.00,0.005,0.054,4.90
1777903864,loop0,0.00,0.00,0.000,0.000,0.00
1777903864,loop1,0.00,0.00,0.000,0.000,0.00
1777903864,loop10,0.00,0.00,0.000,0.000,0.00
1777903864,loop11,0.00,0.00,0.000,0.000,0.00
1777903864,loop12,0.00,0.00,0.000,0.000,0.00
1777903864,loop13,0.00,0.00,0.000,0.000,0.00
1777903864,loop14,0.00,0.00,0.000,0.000,0.00
1777903864,loop15,0.00,0.00,0.000,0.000,0.00
1777903864,loop16,0.00,0.00,0.000,0.000,0.00
1777903864,loop17,0.00,0.00,0.000,0.000,0.00
1777903864,loop18,0.00,0.00,0.000,0.000,0.00
1777903864,loop19,0.00,0.00,0.000,0.000,0.00
1777903864,loop2,0.00,0.00,0.000,0.000,0.00
1777903864,loop20,0.00,0.00,0.000,0.000,0.00
1777903864,loop21,0.00,0.00,0.000,0.000,0.00
1777903864,loop22,0.00,0.00,0.000,0.000,0.00
1777903864,loop23,0.00,0.00,0.000,0.000,0.00
1777903864,loop24,0.00,0.00,0.000,0.000,0.00
1777903864,loop25,0.00,0.00,0.000,0.000,0.00
1777903864,loop26,0.00,0.00,0.000,0.000,0.00
1777903864,loop27,0.00,0.00,0.000,0.000,0.00
1777903864,loop28,0.00,0.00,0.000,0.000,0.00
1777903864,loop29,0.00,0.00,0.000,0.000,0.00
1777903864,loop3,0.00,0.00,0.000,0.000,0.00
1777903864,loop30,0.00,0.00,0.000,0.000,0.00
1777903864,loop31,0.00,0.00,0.000,0.000,0.00
1777903864,loop32,0.00,0.00,0.000,0.000,0.00
1777903864,loop33,0.00,0.00,0.000,0.000,0.00
1777903864,loop34,0.00,0.00,0.000,0.000,0.00
1777903864,loop35,0.00,0.00,0.000,0.000,0.00
1777903864,loop36,0.00,0.00,0.000,0.000,0.00
1777903864,loop37,0.00,0.00,0.000,0.000,0.00
1777903864,loop38,0.00,0.00,0.000,0.000,0.00
1777903864,loop39,0.00,0.00,0.000,0.000,0.00
1777903864,loop4,0.00,0.00,0.000,0.000,0.00
1777903864,loop40,0.00,0.00,0.000,0.000,0.00
1777903864,loop5,0.00,0.00,0.000,0.000,0.00
1777903864,loop6,0.00,0.00,0.000,0.000,0.00
1777903864,loop7,0.00,0.00,0.000,0.000,0.00
1777903864,loop8,0.00,0.00,0.000,0.000,0.00
1777903864,loop9,0.00,0.00,0.000,0.000,0.00
1777903864,nvme0n1,4.00,24.00,0.002,0.033,0.10
1777903865,loop0,0.00,0.00,0.000,0.000,0.00
1777903865,loop1,0.00,0.00,0.000,0.000,0.00
1777903865,loop10,0.00,0.00,0.000,0.000,0.00
1777903865,loop11,0.00,0.00,0.000,0.000,0.00
1777903865,loop12,0.00,0.00,0.000,0.000,0.00
1777903865,loop13,0.00,0.00,0.000,0.000,0.00
1777903865,loop14,0.00,0.00,0.000,0.000,0.00
1777903865,loop15,0.00,0.00,0.000,0.000,0.00
1777903865,loop16,0.00,0.00,0.000,0.000,0.00
1777903865,loop17,0.00,0.00,0.000,0.000,0.00
1777903865,loop18,0.00,0.00,0.000,0.000,0.00
1777903865,loop19,0.00,0.00,0.000,0.000,0.00
1777903865,loop2,0.00,0.00,0.000,0.000,0.00
1777903865,loop20,0.00,0.00,0.000,0.000,0.00
1777903865,loop21,0.00,0.00,0.000,0.000,0.00
1777903865,loop22,0.00,0.00,0.000,0.000,0.00
1777903865,loop23,0.00,0.00,0.000,0.000,0.00
1777903865,loop24,0.00,0.00,0.000,0.000,0.00
1777903865,loop25,0.00,0.00,0.000,0.000,0.00
1777903865,loop26,0.00,0.00,0.000,0.000,0.00
1777903865,loop27,0.00,0.00,0.000,0.000,0.00
1777903865,loop28,0.00,0.00,0.000,0.000,0.00
1777903865,loop29,0.00,0.00,0.000,0.000,0.00
1777903865,loop3,0.00,0.00,0.000,0.000,0.00
1777903865,loop30,0.00,0.00,0.000,0.000,0.00
1777903865,loop31,0.00,0.00,0.000,0.000,0.00
1777903865,loop32,0.00,0.00,0.000,0.000,0.00
1777903865,loop33,0.00,0.00,0.000,0.000,0.00
1777903865,loop34,0.00,0.00,0.000,0.000,0.00
1777903865,loop35,0.00,0.00,0.000,0.000,0.00
1777903865,loop36,0.00,0.00,0.000,0.000,0.00
1777903865,loop37,0.00,0.00,0.000,0.000,0.00
1777903865,loop38,0.00,0.00,0.000,0.000,0.00
1777903865,loop39,0.00,0.00,0.000,0.000,0.00
1777903865,loop4,0.00,0.00,0.000,0.000,0.00
1777903865,loop40,0.00,0.00,0.000,0.000,0.00
1777903865,loop5,0.00,0.00,0.000,0.000,0.00
1777903865,loop6,0.00,0.00,0.000,0.000,0.00
1777903865,loop7,0.00,0.00,0.000,0.000,0.00
1777903865,loop8,0.00,0.00,0.000,0.000,0.00
1777903865,loop9,0.00,0.00,0.000,0.000,0.00
1777903865,nvme0n1,8.00,64.00,0.008,0.049,1.70
1777903866,loop0,0.00,0.00,0.000,0.000,0.00
1777903866,loop1,0.00,0.00,0.000,0.000,0.00
1777903866,loop10,0.00,0.00,0.000,0.000,0.00
1777903866,loop11,0.00,0.00,0.000,0.000,0.00
1777903866,loop12,0.00,0.00,0.000,0.000,0.00
1777903866,loop13,0.00,0.00,0.000,0.000,0.00
1777903866,loop14,0.00,0.00,0.000,0.000,0.00
1777903866,loop15,0.00,0.00,0.000,0.000,0.00
1777903866,loop16,0.00,0.00,0.000,0.000,0.00
1777903866,loop17,0.00,0.00,0.000,0.000,0.00
1777903866,loop18,0.00,0.00,0.000,0.000,0.00
1777903866,loop19,0.00,0.00,0.000,0.000,0.00
1777903866,loop2,0.00,0.00,0.000,0.000,0.00
1777903866,loop20,0.00,0.00,0.000,0.000,0.00
1777903866,loop21,0.00,0.00,0.000,0.000,0.00
1777903866,loop22,0.00,0.00,0.000,0.000,0.00
1777903866,loop23,0.00,0.00,0.000,0.000,0.00
1777903866,loop24,0.00,0.00,0.000,0.000,0.00
1777903866,loop25,0.00,0.00,0.000,0.000,0.00
1777903866,loop26,0.00,0.00,0.000,0.000,0.00
1777903866,loop27,0.00,0.00,0.000,0.000,0.00
1777903866,loop28,0.00,0.00,0.000,0.000,0.00
1777903866,loop29,0.00,0.00,0.000,0.000,0.00
1777903866,loop3,0.00,0.00,0.000,0.000,0.00
1777903866,loop30,0.00,0.00,0.000,0.000,0.00
1777903866,loop31,0.00,0.00,0.000,0.000,0.00
1777903866,loop32,0.00,0.00,0.000,0.000,0.00
1777903866,loop33,0.00,0.00,0.000,0.000,0.00
1777903866,loop34,0.00,0.00,0.000,0.000,0.00
1777903866,loop35,0.00,0.00,0.000,0.000,0.00
1777903866,loop36,0.00,0.00,0.000,0.000,0.00
1777903866,loop37,0.00,0.00,0.000,0.000,0.00
1777903866,loop38,0.00,0.00,0.000,0.000,0.00
1777903866,loop39,0.00,0.00,0.000,0.000,0.00
1777903866,loop4,0.00,0.00,0.000,0.000,0.00
1777903866,loop40,0.00,0.00,0.000,0.000,0.00
1777903866,loop5,0.00,0.00,0.000,0.000,0.00
1777903866,loop6,0.00,0.00,0.000,0.000,0.00
1777903866,loop7,0.00,0.00,0.000,0.000,0.00
1777903866,loop8,0.00,0.00,0.000,0.000,0.00
1777903866,loop9,0.00,0.00,0.000,0.000,0.00
1777903866,nvme0n1,3.00,16.00,0.001,0.024,0.30
1777903867,loop0,0.00,0.00,0.000,0.000,0.00
1777903867,loop1,0.00,0.00,0.000,0.000,0.00
1777903867,loop10,0.00,0.00,0.000,0.000,0.00
1777903867,loop11,0.00,0.00,0.000,0.000,0.00
1777903867,loop12,0.00,0.00,0.000,0.000,0.00
1777903867,loop13,0.00,0.00,0.000,0.000,0.00
1777903867,loop14,0.00,0.00,0.000,0.000,0.00
1777903867,loop15,0.00,0.00,0.000,0.000,0.00
1777903867,loop16,0.00,0.00,0.000,0.000,0.00
1777903867,loop17,0.00,0.00,0.000,0.000,0.00
1777903867,loop18,0.00,0.00,0.000,0.000,0.00
1777903867,loop19,0.00,0.00,0.000,0.000,0.00
1777903867,loop2,0.00,0.00,0.000,0.000,0.00
1777903867,loop20,0.00,0.00,0.000,0.000,0.00
1777903867,loop21,0.00,0.00,0.000,0.000,0.00
1777903867,loop22,0.00,0.00,0.000,0.000,0.00
1777903867,loop23,0.00,0.00,0.000,0.000,0.00
1777903867,loop24,0.00,0.00,0.000,0.000,0.00
1777903867,loop25,0.00,0.00,0.000,0.000,0.00
1777903867,loop26,0.00,0.00,0.000,0.000,0.00
1777903867,loop27,0.00,0.00,0.000,0.000,0.00
1777903867,loop28,0.00,0.00,0.000,0.000,0.00
1777903867,loop29,0.00,0.00,0.000,0.000,0.00
1777903867,loop3,0.00,0.00,0.000,0.000,0.00
1777903867,loop30,0.00,0.00,0.000,0.000,0.00
1777903867,loop31,0.00,0.00,0.000,0.000,0.00
1777903867,loop32,0.00,0.00,0.000,0.000,0.00
1777903867,loop33,0.00,0.00,0.000,0.000,0.00
1777903867,loop34,0.00,0.00,0.000,0.000,0.00
1777903867,loop35,0.00,0.00,0.000,0.000,0.00
1777903867,loop36,0.00,0.00,0.000,0.000,0.00
1777903867,loop37,0.00,0.00,0.000,0.000,0.00
1777903867,loop38,0.00,0.00,0.000,0.000,0.00
1777903867,loop39,0.00,0.00,0.000,0.000,0.00
1777903867,loop4,0.00,0.00,0.000,0.000,0.00
1777903867,loop40,0.00,0.00,0.000,0.000,0.00
1777903867,loop5,0.00,0.00,0.000,0.000,0.00
1777903867,loop6,0.00,0.00,0.000,0.000,0.00
1777903867,loop7,0.00,0.00,0.000,0.000,0.00
1777903867,loop8,0.00,0.00,0.000,0.000,0.00
1777903867,loop9,0.00,0.00,0.000,0.000,0.00
1777903867,nvme0n1,1.00,8.00,0.001,0.049,0.00
1777903868,loop0,0.00,0.00,0.000,0.000,0.00
1777903868,loop1,0.00,0.00,0.000,0.000,0.00
1777903868,loop10,0.00,0.00,0.000,0.000,0.00
1777903868,loop11,0.00,0.00,0.000,0.000,0.00
1777903868,loop12,0.00,0.00,0.000,0.000,0.00
1777903868,loop13,0.00,0.00,0.000,0.000,0.00
1777903868,loop14,0.00,0.00,0.000,0.000,0.00
1777903868,loop15,0.00,0.00,0.000,0.000,0.00
1777903868,loop16,0.00,0.00,0.000,0.000,0.00
1777903868,loop17,0.00,0.00,0.000,0.000,0.00
1777903868,loop18,0.00,0.00,0.000,0.000,0.00
1777903868,loop19,0.00,0.00,0.000,0.000,0.00
1777903868,loop2,0.00,0.00,0.000,0.000,0.00
1777903868,loop20,0.00,0.00,0.000,0.000,0.00
1777903868,loop21,0.00,0.00,0.000,0.000,0.00
1777903868,loop22,0.00,0.00,0.000,0.000,0.00
1777903868,loop23,0.00,0.00,0.000,0.000,0.00
1777903868,loop24,0.00,0.00,0.000,0.000,0.00
1777903868,loop25,0.00,0.00,0.000,0.000,0.00
1777903868,loop26,0.00,0.00,0.000,0.000,0.00
1777903868,loop27,0.00,0.00,0.000,0.000,0.00
1777903868,loop28,0.00,0.00,0.000,0.000,0.00
1777903868,loop29,0.00,0.00,0.000,0.000,0.00
1777903868,loop3,0.00,0.00,0.000,0.000,0.00
1777903868,loop30,0.00,0.00,0.000,0.000,0.00
1777903868,loop31,0.00,0.00,0.000,0.000,0.00
1777903868,loop32,0.00,0.00,0.000,0.000,0.00
1777903868,loop33,0.00,0.00,0.000,0.000,0.00
1777903868,loop34,0.00,0.00,0.000,0.000,0.00
1777903868,loop35,0.00,0.00,0.000,0.000,0.00
1777903868,loop36,0.00,0.00,0.000,0.000,0.00
1777903868,loop37,0.00,0.00,0.000,0.000,0.00
1777903868,loop38,0.00,0.00,0.000,0.000,0.00
1777903868,loop39,0.00,0.00,0.000,0.000,0.00
1777903868,loop4,0.00,0.00,0.000,0.000,0.00
1777903868,loop40,0.00,0.00,0.000,0.000,0.00
1777903868,loop5,0.00,0.00,0.000,0.000,0.00
1777903868,loop6,0.00,0.00,0.000,0.000,0.00
1777903868,loop7,0.00,0.00,0.000,0.000,0.00
1777903868,loop8,0.00,0.00,0.000,0.000,0.00
1777903868,loop9,0.00,0.00,0.000,0.000,0.00
1777903868,nvme0n1,2.00,16.00,0.002,0.049,0.10
1777903869,loop0,0.00,0.00,0.000,0.000,0.00
1777903869,loop1,0.00,0.00,0.000,0.000,0.00
1777903869,loop10,0.00,0.00,0.000,0.000,0.00
1777903869,loop11,0.00,0.00,0.000,0.000,0.00
1777903869,loop12,0.00,0.00,0.000,0.000,0.00
1777903869,loop13,0.00,0.00,0.000,0.000,0.00
1777903869,loop14,0.00,0.00,0.000,0.000,0.00
1777903869,loop15,0.00,0.00,0.000,0.000,0.00
1777903869,loop16,0.00,0.00,0.000,0.000,0.00
1777903869,loop17,0.00,0.00,0.000,0.000,0.00
1777903869,loop18,0.00,0.00,0.000,0.000,0.00
1777903869,loop19,0.00,0.00,0.000,0.000,0.00
1777903869,loop2,0.00,0.00,0.000,0.000,0.00
1777903869,loop20,0.00,0.00,0.000,0.000,0.00
1777903869,loop21,0.00,0.00,0.000,0.000,0.00
1777903869,loop22,0.00,0.00,0.000,0.000,0.00
1777903869,loop23,0.00,0.00,0.000,0.000,0.00
1777903869,loop24,0.00,0.00,0.000,0.000,0.00
1777903869,loop25,0.00,0.00,0.000,0.000,0.00
1777903869,loop26,0.00,0.00,0.000,0.000,0.00
1777903869,loop27,0.00,0.00,0.000,0.000,0.00
1777903869,loop28,0.00,0.00,0.000,0.000,0.00
1777903869,loop29,0.00,0.00,0.000,0.000,0.00
1777903869,loop3,0.00,0.00,0.000,0.000,0.00
1777903869,loop30,0.00,0.00,0.000,0.000,0.00
1777903869,loop31,0.00,0.00,0.000,0.000,0.00
1777903869,loop32,0.00,0.00,0.000,0.000,0.00
1777903869,loop33,0.00,0.00,0.000,0.000,0.00
1777903869,loop34,0.00,0.00,0.000,0.000,0.00
1777903869,loop35,0.00,0.00,0.000,0.000,0.00
1777903869,loop36,0.00,0.00,0.000,0.000,0.00
1777903869,loop37,0.00,0.00,0.000,0.000,0.00
1777903869,loop38,0.00,0.00,0.000,0.000,0.00
1777903869,loop39,0.00,0.00,0.000,0.000,0.00
1777903869,loop4,0.00,0.00,0.000,0.000,0.00
1777903869,loop40,0.00,0.00,0.000,0.000,0.00
1777903869,loop5,0.00,0.00,0.000,0.000,0.00
1777903869,loop6,0.00,0.00,0.000,0.000,0.00
1777903869,loop7,0.00,0.00,0.000,0.000,0.00
1777903869,loop8,0.00,0.00,0.000,0.000,0.00
1777903869,loop9,0.00,0.00,0.000,0.000,0.00
1777903869,nvme0n1,0.00,0.00,0.000,0.000,0.00
1777903870,loop0,0.00,0.00,0.000,0.000,0.00
1777903870,loop1,0.00,0.00,0.000,0.000,0.00
1777903870,loop10,0.00,0.00,0.000,0.000,0.00
1777903870,loop11,0.00,0.00,0.000,0.000,0.00
1777903870,loop12,0.00,0.00,0.000,0.000,0.00
1777903870,loop13,0.00,0.00,0.000,0.000,0.00
1777903870,loop14,0.00,0.00,0.000,0.000,0.00
1777903870,loop15,0.00,0.00,0.000,0.000,0.00
1777903870,loop16,0.00,0.00,0.000,0.000,0.00
1777903870,loop17,0.00,0.00,0.000,0.000,0.00
1777903870,loop18,0.00,0.00,0.000,0.000,0.00
1777903870,loop19,0.00,0.00,0.000,0.000,0.00
1777903870,loop2,0.00,0.00,0.000,0.000,0.00
1777903870,loop20,0.00,0.00,0.000,0.000,0.00
1777903870,loop21,0.00,0.00,0.000,0.000,0.00
1777903870,loop22,0.00,0.00,0.000,0.000,0.00
1777903870,loop23,0.00,0.00,0.000,0.000,0.00
1777903870,loop24,0.00,0.00,0.000,0.000,0.00
1777903870,loop25,0.00,0.00,0.000,0.000,0.00
1777903870,loop26,0.00,0.00,0.000,0.000,0.00
1777903870,loop27,0.00,0.00,0.000,0.000,0.00
1777903870,loop28,0.00,0.00,0.000,0.000,0.00
1777903870,loop29,0.00,0.00,0.000,0.000,0.00
1777903870,loop3,0.00,0.00,0.000,0.000,0.00
1777903870,loop30,0.00,0.00,0.000,0.000,0.00
1777903870,loop31,0.00,0.00,0.000,0.000,0.00
1777903870,loop32,0.00,0.00,0.000,0.000,0.00
1777903870,loop33,0.00,0.00,0.000,0.000,0.00
1777903870,loop34,0.00,0.00,0.000,0.000,0.00
1777903870,loop35,0.00,0.00,0.000,0.000,0.00
1777903870,loop36,0.00,0.00,0.000,0.000,0.00
1777903870,loop37,0.00,0.00,0.000,0.000,0.00
1777903870,loop38,0.00,0.00,0.000,0.000,0.00
1777903870,loop39,0.00,0.00,0.000,0.000,0.00
1777903870,loop4,0.00,0.00,0.000,0.000,0.00
1777903870,loop40,0.00,0.00,0.000,0.000,0.00
1777903870,loop5,0.00,0.00,0.000,0.000,0.00
1777903870,loop6,0.00,0.00,0.000,0.000,0.00
1777903870,loop7,0.00,0.00,0.000,0.000,0.00
1777903870,loop8,0.00,0.00,0.000,0.000,0.00
1777903870,loop9,0.00,0.00,0.000,0.000,0.00
1777903870,nvme0n1,0.00,0.00,0.000,0.000,0.30
1777903871,loop0,0.00,0.00,0.000,0.000,0.00
1777903871,loop1,0.00,0.00,0.000,0.000,0.00
1777903871,loop10,0.00,0.00,0.000,0.000,0.00
1777903871,loop11,0.00,0.00,0.000,0.000,0.00
1777903871,loop12,0.00,0.00,0.000,0.000,0.00
1777903871,loop13,0.00,0.00,0.000,0.000,0.00
1777903871,loop14,0.00,0.00,0.000,0.000,0.00
1777903871,loop15,0.00,0.00,0.000,0.000,0.00
1777903871,loop16,0.00,0.00,0.000,0.000,0.00
1777903871,loop17,0.00,0.00,0.000,0.000,0.00
1777903871,loop18,0.00,0.00,0.000,0.000,0.00
1777903871,loop19,0.00,0.00,0.000,0.000,0.00
1777903871,loop2,0.00,0.00,0.000,0.000,0.00
1777903871,loop20,0.00,0.00,0.000,0.000,0.00
1777903871,loop21,0.00,0.00,0.000,0.000,0.00
1777903871,loop22,0.00,0.00,0.000,0.000,0.00
1777903871,loop23,0.00,0.00,0.000,0.000,0.00
1777903871,loop24,0.00,0.00,0.000,0.000,0.00
1777903871,loop25,0.00,0.00,0.000,0.000,0.00
1777903871,loop26,0.00,0.00,0.000,0.000,0.00
1777903871,loop27,0.00,0.00,0.000,0.000,0.00
1777903871,loop28,0.00,0.00,0.000,0.000,0.00
1777903871,loop29,0.00,0.00,0.000,0.000,0.00
1777903871,loop3,0.00,0.00,0.000,0.000,0.00
1777903871,loop30,0.00,0.00,0.000,0.000,0.00
1777903871,loop31,0.00,0.00,0.000,0.000,0.00
1777903871,loop32,0.00,0.00,0.000,0.000,0.00
1777903871,loop33,0.00,0.00,0.000,0.000,0.00
1777903871,loop34,0.00,0.00,0.000,0.000,0.00
1777903871,loop35,0.00,0.00,0.000,0.000,0.00
1777903871,loop36,0.00,0.00,0.000,0.000,0.00
1777903871,loop37,0.00,0.00,0.000,0.000,0.00
1777903871,loop38,0.00,0.00,0.000,0.000,0.00
1777903871,loop39,0.00,0.00,0.000,0.000,0.00
1777903871,loop4,0.00,0.00,0.000,0.000,0.00
1777903871,loop40,0.00,0.00,0.000,0.000,0.00
1777903871,loop5,0.00,0.00,0.000,0.000,0.00
1777903871,loop6,0.00,0.00,0.000,0.000,0.00
1777903871,loop7,0.00,0.00,0.000,0.000,0.00
1777903871,loop8,0.00,0.00,0.000,0.000,0.00
1777903871,loop9,0.00,0.00,0.000,0.000,0.00
1777903871,nvme0n1,4.00,20.00,0.001,0.020,0.90
1777903872,loop0,0.00,0.00,0.000,0.000,0.00
1777903872,loop1,0.00,0.00,0.000,0.000,0.00
1777903872,loop10,0.00,0.00,0.000,0.000,0.00
1777903872,loop11,0.00,0.00,0.000,0.000,0.00
1777903872,loop12,0.00,0.00,0.000,0.000,0.00
1777903872,loop13,0.00,0.00,0.000,0.000,0.00
1777903872,loop14,0.00,0.00,0.000,0.000,0.00
1777903872,loop15,0.00,0.00,0.000,0.000,0.00
1777903872,loop16,0.00,0.00,0.000,0.000,0.00
1777903872,loop17,0.00,0.00,0.000,0.000,0.00
1777903872,loop18,0.00,0.00,0.000,0.000,0.00
1777903872,loop19,0.00,0.00,0.000,0.000,0.00
1777903872,loop2,0.00,0.00,0.000,0.000,0.00
1777903872,loop20,0.00,0.00,0.000,0.000,0.00
1777903872,loop21,0.00,0.00,0.000,0.000,0.00
1777903872,loop22,0.00,0.00,0.000,0.000,0.00
1777903872,loop23,0.00,0.00,0.000,0.000,0.00
1777903872,loop24,0.00,0.00,0.000,0.000,0.00
1777903872,loop25,0.00,0.00,0.000,0.000,0.00
1777903872,loop26,0.00,0.00,0.000,0.000,0.00
1777903872,loop27,0.00,0.00,0.000,0.000,0.00
1777903872,loop28,0.00,0.00,0.000,0.000,0.00
1777903872,loop29,0.00,0.00,0.000,0.000,0.00
1777903872,loop3,0.00,0.00,0.000,0.000,0.00
1777903872,loop30,0.00,0.00,0.000,0.000,0.00
1777903872,loop31,0.00,0.00,0.000,0.000,0.00
1777903872,loop32,0.00,0.00,0.000,0.000,0.00
1777903872,loop33,0.00,0.00,0.000,0.000,0.00
1777903872,loop34,0.00,0.00,0.000,0.000,0.00
1777903872,loop35,0.00,0.00,0.000,0.000,0.00
1777903872,loop36,0.00,0.00,0.000,0.000,0.00
1777903872,loop37,0.00,0.00,0.000,0.000,0.00
1777903872,loop38,0.00,0.00,0.000,0.000,0.00
1777903872,loop39,0.00,0.00,0.000,0.000,0.00
1777903872,loop4,0.00,0.00,0.000,0.000,0.00
1777903872,loop40,0.00,0.00,0.000,0.000,0.00
1777903872,loop5,0.00,0.00,0.000,0.000,0.00
1777903872,loop6,0.00,0.00,0.000,0.000,0.00
1777903872,loop7,0.00,0.00,0.000,0.000,0.00
1777903872,loop8,0.00,0.00,0.000,0.000,0.00
1777903872,loop9,0.00,0.00,0.000,0.000,0.00
1777903872,nvme0n1,0.00,0.00,0.000,0.000,0.00
1777903873,loop0,0.00,0.00,0.000,0.000,0.00
1777903873,loop1,0.00,0.00,0.000,0.000,0.00
1777903873,loop10,0.00,0.00,0.000,0.000,0.00
1777903873,loop11,0.00,0.00,0.000,0.000,0.00
1777903873,loop12,0.00,0.00,0.000,0.000,0.00
1777903873,loop13,0.00,0.00,0.000,0.000,0.00
1777903873,loop14,0.00,0.00,0.000,0.000,0.00
1777903873,loop15,0.00,0.00,0.000,0.000,0.00
1777903873,loop16,0.00,0.00,0.000,0.000,0.00
1777903873,loop17,0.00,0.00,0.000,0.000,0.00
1777903873,loop18,0.00,0.00,0.000,0.000,0.00
1777903873,loop19,0.00,0.00,0.000,0.000,0.00
1777903873,loop2,0.00,0.00,0.000,0.000,0.00
1777903873,loop20,0.00,0.00,0.000,0.000,0.00
1777903873,loop21,0.00,0.00,0.000,0.000,0.00
1777903873,loop22,0.00,0.00,0.000,0.000,0.00
1777903873,loop23,0.00,0.00,0.000,0.000,0.00
1777903873,loop24,0.00,0.00,0.000,0.000,0.00
1777903873,loop25,0.00,0.00,0.000,0.000,0.00
1777903873,loop26,0.00,0.00,0.000,0.000,0.00
1777903873,loop27,0.00,0.00,0.000,0.000,0.00
1777903873,loop28,0.00,0.00,0.000,0.000,0.00
1777903873,loop29,0.00,0.00,0.000,0.000,0.00
1777903873,loop3,0.00,0.00,0.000,0.000,0.00
1777903873,loop30,0.00,0.00,0.000,0.000,0.00
1777903873,loop31,0.00,0.00,0.000,0.000,0.00
1777903873,loop32,0.00,0.00,0.000,0.000,0.00
1777903873,loop33,0.00,0.00,0.000,0.000,0.00
1777903873,loop34,0.00,0.00,0.000,0.000,0.00
1777903873,loop35,0.00,0.00,0.000,0.000,0.00
1777903873,loop36,0.00,0.00,0.000,0.000,0.00
1777903873,loop37,0.00,0.00,0.000,0.000,0.00
1777903873,loop38,0.00,0.00,0.000,0.000,0.00
1777903873,loop39,0.00,0.00,0.000,0.000,0.00
1777903873,loop4,0.00,0.00,0.000,0.000,0.00
1777903873,loop40,0.00,0.00,0.000,0.000,0.00
1777903873,loop5,0.00,0.00,0.000,0.000,0.00
1777903873,loop6,0.00,0.00,0.000,0.000,0.00
1777903873,loop7,0.00,0.00,0.000,0.000,0.00
1777903873,loop8,0.00,0.00,0.000,0.000,0.00
1777903873,loop9,0.00,0.00,0.000,0.000,0.00
1777903873,nvme0n1,4.00,20.00,0.001,0.020,0.20
1777903874,loop0,0.00,0.00,0.000,0.000,0.00
1777903874,loop1,0.00,0.00,0.000,0.000,0.00
1777903874,loop10,0.00,0.00,0.000,0.000,0.00
1777903874,loop11,0.00,0.00,0.000,0.000,0.00
1777903874,loop12,0.00,0.00,0.000,0.000,0.00
1777903874,loop13,0.00,0.00,0.000,0.000,0.00
1777903874,loop14,0.00,0.00,0.000,0.000,0.00
1777903874,loop15,0.00,0.00,0.000,0.000,0.00
1777903874,loop16,0.00,0.00,0.000,0.000,0.00
1777903874,loop17,0.00,0.00,0.000,0.000,0.00
1777903874,loop18,0.00,0.00,0.000,0.000,0.00
1777903874,loop19,0.00,0.00,0.000,0.000,0.00
1777903874,loop2,0.00,0.00,0.000,0.000,0.00
1777903874,loop20,0.00,0.00,0.000,0.000,0.00
1777903874,loop21,0.00,0.00,0.000,0.000,0.00
1777903874,loop22,0.00,0.00,0.000,0.000,0.00
1777903874,loop23,0.00,0.00,0.000,0.000,0.00
1777903874,loop24,0.00,0.00,0.000,0.000,0.00
1777903874,loop25,0.00,0.00,0.000,0.000,0.00
1777903874,loop26,0.00,0.00,0.000,0.000,0.00
1777903874,loop27,0.00,0.00,0.000,0.000,0.00
1777903874,loop28,0.00,0.00,0.000,0.000,0.00
1777903874,loop29,0.00,0.00,0.000,0.000,0.00
1777903874,loop3,0.00,0.00,0.000,0.000,0.00
1777903874,loop30,0.00,0.00,0.000,0.000,0.00
1777903874,loop31,0.00,0.00,0.000,0.000,0.00
1777903874,loop32,0.00,0.00,0.000,0.000,0.00
1777903874,loop33,0.00,0.00,0.000,0.000,0.00
1777903874,loop34,0.00,0.00,0.000,0.000,0.00
1777903874,loop35,0.00,0.00,0.000,0.000,0.00
1777903874,loop36,0.00,0.00,0.000,0.000,0.00
1777903874,loop37,0.00,0.00,0.000,0.000,0.00
1777903874,loop38,0.00,0.00,0.000,0.000,0.00
1777903874,loop39,0.00,0.00,0.000,0.000,0.00
1777903874,loop4,0.00,0.00,0.000,0.000,0.00
1777903874,loop40,0.00,0.00,0.000,0.000,0.00
1777903874,loop5,0.00,0.00,0.000,0.000,0.00
1777903874,loop6,0.00,0.00,0.000,0.000,0.00
1777903874,loop7,0.00,0.00,0.000,0.000,0.00
1777903874,loop8,0.00,0.00,0.000,0.000,0.00
1777903874,loop9,0.00,0.00,0.000,0.000,0.00
1777903874,nvme0n1,1.00,4.00,0.000,0.000,0.10
1777903875,loop0,0.00,0.00,0.000,0.000,0.00
1777903875,loop1,0.00,0.00,0.000,0.000,0.00
1777903875,loop10,0.00,0.00,0.000,0.000,0.00
1777903875,loop11,0.00,0.00,0.000,0.000,0.00
1777903875,loop12,0.00,0.00,0.000,0.000,0.00
1777903875,loop13,0.00,0.00,0.000,0.000,0.00
1777903875,loop14,0.00,0.00,0.000,0.000,0.00
1777903875,loop15,0.00,0.00,0.000,0.000,0.00
1777903875,loop16,0.00,0.00,0.000,0.000,0.00
1777903875,loop17,0.00,0.00,0.000,0.000,0.00
1777903875,loop18,0.00,0.00,0.000,0.000,0.00
1777903875,loop19,0.00,0.00,0.000,0.000,0.00
1777903875,loop2,0.00,0.00,0.000,0.000,0.00
1777903875,loop20,0.00,0.00,0.000,0.000,0.00
1777903875,loop21,0.00,0.00,0.000,0.000,0.00
1777903875,loop22,0.00,0.00,0.000,0.000,0.00
1777903875,loop23,0.00,0.00,0.000,0.000,0.00
1777903875,loop24,0.00,0.00,0.000,0.000,0.00
1777903875,loop25,0.00,0.00,0.000,0.000,0.00
1777903875,loop26,0.00,0.00,0.000,0.000,0.00
1777903875,loop27,0.00,0.00,0.000,0.000,0.00
1777903875,loop28,0.00,0.00,0.000,0.000,0.00
1777903875,loop29,0.00,0.00,0.000,0.000,0.00
1777903875,loop3,0.00,0.00,0.000,0.000,0.00
1777903875,loop30,0.00,0.00,0.000,0.000,0.00
1777903875,loop31,0.00,0.00,0.000,0.000,0.00
1777903875,loop32,0.00,0.00,0.000,0.000,0.00
1777903875,loop33,0.00,0.00,0.000,0.000,0.00
1777903875,loop34,0.00,0.00,0.000,0.000,0.00
1777903875,loop35,0.00,0.00,0.000,0.000,0.00
1777903875,loop36,0.00,0.00,0.000,0.000,0.00
1777903875,loop37,0.00,0.00,0.000,0.000,0.00
1777903875,loop38,0.00,0.00,0.000,0.000,0.00
1777903875,loop39,0.00,0.00,0.000,0.000,0.00
1777903875,loop4,0.00,0.00,0.000,0.000,0.00
1777903875,loop40,0.00,0.00,0.000,0.000,0.00
1777903875,loop5,0.00,0.00,0.000,0.000,0.00
1777903875,loop6,0.00,0.00,0.000,0.000,0.00
1777903875,loop7,0.00,0.00,0.000,0.000,0.00
1777903875,loop8,0.00,0.00,0.000,0.000,0.00
1777903875,loop9,0.00,0.00,0.000,0.000,0.00
1777903875,nvme0n1,0.00,0.00,0.000,0.000,0.00
1777903876,loop0,0.00,0.00,0.000,0.000,0.00
1777903876,loop1,0.00,0.00,0.000,0.000,0.00
1777903876,loop10,0.00,0.00,0.000,0.000,0.00
1777903876,loop11,0.00,0.00,0.000,0.000,0.00
1777903876,loop12,0.00,0.00,0.000,0.000,0.00
1777903876,loop13,0.00,0.00,0.000,0.000,0.00
1777903876,loop14,0.00,0.00,0.000,0.000,0.00
1777903876,loop15,0.00,0.00,0.000,0.000,0.00
1777903876,loop16,0.00,0.00,0.000,0.000,0.00
1777903876,loop17,0.00,0.00,0.000,0.000,0.00
1777903876,loop18,0.00,0.00,0.000,0.000,0.00
1777903876,loop19,0.00,0.00,0.000,0.000,0.00
1777903876,loop2,0.00,0.00,0.000,0.000,0.00
1777903876,loop20,0.00,0.00,0.000,0.000,0.00
1777903876,loop21,0.00,0.00,0.000,0.000,0.00
1777903876,loop22,0.00,0.00,0.000,0.000,0.00
1777903876,loop23,0.00,0.00,0.000,0.000,0.00
1777903876,loop24,0.00,0.00,0.000,0.000,0.00
1777903876,loop25,0.00,0.00,0.000,0.000,0.00
1777903876,loop26,0.00,0.00,0.000,0.000,0.00
1777903876,loop27,0.00,0.00,0.000,0.000,0.00
1777903876,loop28,0.00,0.00,0.000,0.000,0.00
1777903876,loop29,0.00,0.00,0.000,0.000,0.00
1777903876,loop3,0.00,0.00,0.000,0.000,0.00
1777903876,loop30,0.00,0.00,0.000,0.000,0.00
1777903876,loop31,0.00,0.00,0.000,0.000,0.00
1777903876,loop32,0.00,0.00,0.000,0.000,0.00
1777903876,loop33,0.00,0.00,0.000,0.000,0.00
1777903876,loop34,0.00,0.00,0.000,0.000,0.00
1777903876,loop35,0.00,0.00,0.000,0.000,0.00
1777903876,loop36,0.00,0.00,0.000,0.000,0.00
1777903876,loop37,0.00,0.00,0.000,0.000,0.00
1777903876,loop38,0.00,0.00,0.000,0.000,0.00
1777903876,loop39,0.00,0.00,0.000,0.000,0.00
1777903876,loop4,0.00,0.00,0.000,0.000,0.00
1777903876,loop40,0.00,0.00,0.000,0.000,0.00
1777903876,loop5,0.00,0.00,0.000,0.000,0.00
1777903876,loop6,0.00,0.00,0.000,0.000,0.00
1777903876,loop7,0.00,0.00,0.000,0.000,0.00
1777903876,loop8,0.00,0.00,0.000,0.000,0.00
1777903876,loop9,0.00,0.00,0.000,0.000,0.00
1777903876,nvme0n1,0.00,0.00,0.000,0.000,0.20
1777903877,loop0,0.00,0.00,0.000,0.000,0.00
1777903877,loop1,0.00,0.00,0.000,0.000,0.00
1777903877,loop10,0.00,0.00,0.000,0.000,0.00
1777903877,loop11,0.00,0.00,0.000,0.000,0.00
1777903877,loop12,0.00,0.00,0.000,0.000,0.00
1777903877,loop13,0.00,0.00,0.000,0.000,0.00
1777903877,loop14,0.00,0.00,0.000,0.000,0.00
1777903877,loop15,0.00,0.00,0.000,0.000,0.00
1777903877,loop16,0.00,0.00,0.000,0.000,0.00
1777903877,loop17,0.00,0.00,0.000,0.000,0.00
1777903877,loop18,0.00,0.00,0.000,0.000,0.00
1777903877,loop19,0.00,0.00,0.000,0.000,0.00
1777903877,loop2,0.00,0.00,0.000,0.000,0.00
1777903877,loop20,0.00,0.00,0.000,0.000,0.00
1777903877,loop21,0.00,0.00,0.000,0.000,0.00
1777903877,loop22,0.00,0.00,0.000,0.000,0.00
1777903877,loop23,0.00,0.00,0.000,0.000,0.00
1777903877,loop24,0.00,0.00,0.000,0.000,0.00
1777903877,loop25,0.00,0.00,0.000,0.000,0.00
1777903877,loop26,0.00,0.00,0.000,0.000,0.00
1777903877,loop27,0.00,0.00,0.000,0.000,0.00
1777903877,loop28,0.00,0.00,0.000,0.000,0.00
1777903877,loop29,0.00,0.00,0.000,0.000,0.00
1777903877,loop3,0.00,0.00,0.000,0.000,0.00
1777903877,loop30,0.00,0.00,0.000,0.000,0.00
1777903877,loop31,0.00,0.00,0.000,0.000,0.00
1777903877,loop32,0.00,0.00,0.000,0.000,0.00
1777903877,loop33,0.00,0.00,0.000,0.000,0.00
1777903877,loop34,0.00,0.00,0.000,0.000,0.00
1777903877,loop35,0.00,0.00,0.000,0.000,0.00
1777903877,loop36,0.00,0.00,0.000,0.000,0.00
1777903877,loop37,0.00,0.00,0.000,0.000,0.00
1777903877,loop38,0.00,0.00,0.000,0.000,0.00
1777903877,loop39,0.00,0.00,0.000,0.000,0.00
1777903877,loop4,0.00,0.00,0.000,0.000,0.00
1777903877,loop40,0.00,0.00,0.000,0.000,0.00
1777903877,loop5,0.00,0.00,0.000,0.000,0.00
1777903877,loop6,0.00,0.00,0.000,0.000,0.00
1777903877,loop7,0.00,0.00,0.000,0.000,0.00
1777903877,loop8,0.00,0.00,0.000,0.000,0.00
1777903877,loop9,0.00,0.00,0.000,0.000,0.00
1777903877,nvme0n1,0.00,0.00,0.000,0.000,0.60
1777903878,loop0,0.00,0.00,0.000,0.000,0.00
1777903878,loop1,0.00,0.00,0.000,0.000,0.00
1777903878,loop10,0.00,0.00,0.000,0.000,0.00
1777903878,loop11,0.00,0.00,0.000,0.000,0.00
1777903878,loop12,0.00,0.00,0.000,0.000,0.00
1777903878,loop13,0.00,0.00,0.000,0.000,0.00
1777903878,loop14,0.00,0.00,0.000,0.000,0.00
1777903878,loop15,0.00,0.00,0.000,0.000,0.00
1777903878,loop16,0.00,0.00,0.000,0.000,0.00
1777903878,loop17,0.00,0.00,0.000,0.000,0.00
1777903878,loop18,0.00,0.00,0.000,0.000,0.00
1777903878,loop19,0.00,0.00,0.000,0.000,0.00
1777903878,loop2,0.00,0.00,0.000,0.000,0.00
1777903878,loop20,0.00,0.00,0.000,0.000,0.00
1777903878,loop21,0.00,0.00,0.000,0.000,0.00
1777903878,loop22,0.00,0.00,0.000,0.000,0.00
1777903878,loop23,0.00,0.00,0.000,0.000,0.00
1777903878,loop24,0.00,0.00,0.000,0.000,0.00
1777903878,loop25,0.00,0.00,0.000,0.000,0.00
1777903878,loop26,0.00,0.00,0.000,0.000,0.00
1777903878,loop27,0.00,0.00,0.000,0.000,0.00
1777903878,loop28,0.00,0.00,0.000,0.000,0.00
1777903878,loop29,0.00,0.00,0.000,0.000,0.00
1777903878,loop3,0.00,0.00,0.000,0.000,0.00
1777903878,loop30,0.00,0.00,0.000,0.000,0.00
1777903878,loop31,0.00,0.00,0.000,0.000,0.00
1777903878,loop32,0.00,0.00,0.000,0.000,0.00
1777903878,loop33,0.00,0.00,0.000,0.000,0.00
1777903878,loop34,0.00,0.00,0.000,0.000,0.00
1777903878,loop35,0.00,0.00,0.000,0.000,0.00
1777903878,loop36,0.00,0.00,0.000,0.000,0.00
1777903878,loop37,0.00,0.00,0.000,0.000,0.00
1777903878,loop38,0.00,0.00,0.000,0.000,0.00
1777903878,loop39,0.00,0.00,0.000,0.000,0.00
1777903878,loop4,0.00,0.00,0.000,0.000,0.00
1777903878,loop40,0.00,0.00,0.000,0.000,0.00
1777903878,loop5,0.00,0.00,0.000,0.000,0.00
1777903878,loop6,0.00,0.00,0.000,0.000,0.00
1777903878,loop7,0.00,0.00,0.000,0.000,0.00
1777903878,loop8,0.00,0.00,0.000,0.000,0.00
1777903878,loop9,0.00,0.00,0.000,0.000,0.00
1777903878,nvme0n1,3.00,16.00,0.001,0.024,0.00
1777903879,loop0,0.00,0.00,0.000,0.000,0.00
1777903879,loop1,0.00,0.00,0.000,0.000,0.00
1777903879,loop10,0.00,0.00,0.000,0.000,0.00
1777903879,loop11,0.00,0.00,0.000,0.000,0.00
1777903879,loop12,0.00,0.00,0.000,0.000,0.00
1777903879,loop13,0.00,0.00,0.000,0.000,0.00
1777903879,loop14,0.00,0.00,0.000,0.000,0.00
1777903879,loop15,0.00,0.00,0.000,0.000,0.00
1777903879,loop16,0.00,0.00,0.000,0.000,0.00
1777903879,loop17,0.00,0.00,0.000,0.000,0.00
1777903879,loop18,0.00,0.00,0.000,0.000,0.00
1777903879,loop19,0.00,0.00,0.000,0.000,0.00
1777903879,loop2,0.00,0.00,0.000,0.000,0.00
1777903879,loop20,0.00,0.00,0.000,0.000,0.00
1777903879,loop21,0.00,0.00,0.000,0.000,0.00
1777903879,loop22,0.00,0.00,0.000,0.000,0.00
1777903879,loop23,0.00,0.00,0.000,0.000,0.00
1777903879,loop24,0.00,0.00,0.000,0.000,0.00
1777903879,loop25,0.00,0.00,0.000,0.000,0.00
1777903879,loop26,0.00,0.00,0.000,0.000,0.00
1777903879,loop27,0.00,0.00,0.000,0.000,0.00
1777903879,loop28,0.00,0.00,0.000,0.000,0.00
1777903879,loop29,0.00,0.00,0.000,0.000,0.00
1777903879,loop3,0.00,0.00,0.000,0.000,0.00
1777903879,loop30,0.00,0.00,0.000,0.000,0.00
1777903879,loop31,0.00,0.00,0.000,0.000,0.00
1777903879,loop32,0.00,0.00,0.000,0.000,0.00
1777903879,loop33,0.00,0.00,0.000,0.000,0.00
1777903879,loop34,0.00,0.00,0.000,0.000,0.00
1777903879,loop35,0.00,0.00,0.000,0.000,0.00
1777903879,loop36,0.00,0.00,0.000,0.000,0.00
1777903879,loop37,0.00,0.00,0.000,0.000,0.00
1777903879,loop38,0.00,0.00,0.000,0.000,0.00
1777903879,loop39,0.00,0.00,0.000,0.000,0.00
1777903879,loop4,0.00,0.00,0.000,0.000,0.00
1777903879,loop40,0.00,0.00,0.000,0.000,0.00
1777903879,loop5,0.00,0.00,0.000,0.000,0.00
1777903879,loop6,0.00,0.00,0.000,0.000,0.00
1777903879,loop7,0.00,0.00,0.000,0.000,0.00
1777903879,loop8,0.00,0.00,0.000,0.000,0.00
1777903879,loop9,0.00,0.00,0.000,0.000,0.00
1777903879,nvme0n1,0.00,0.00,0.000,0.000,0.00
1777903880,loop0,0.00,0.00,0.000,0.000,0.00
1777903880,loop1,0.00,0.00,0.000,0.000,0.00
1777903880,loop10,0.00,0.00,0.000,0.000,0.00
1777903880,loop11,0.00,0.00,0.000,0.000,0.00
1777903880,loop12,0.00,0.00,0.000,0.000,0.00
1777903880,loop13,0.00,0.00,0.000,0.000,0.00
1777903880,loop14,0.00,0.00,0.000,0.000,0.00
1777903880,loop15,0.00,0.00,0.000,0.000,0.00
1777903880,loop16,0.00,0.00,0.000,0.000,0.00
1777903880,loop17,0.00,0.00,0.000,0.000,0.00
1777903880,loop18,0.00,0.00,0.000,0.000,0.00
1777903880,loop19,0.00,0.00,0.000,0.000,0.00
1777903880,loop2,0.00,0.00,0.000,0.000,0.00
1777903880,loop20,0.00,0.00,0.000,0.000,0.00
1777903880,loop21,0.00,0.00,0.000,0.000,0.00
1777903880,loop22,0.00,0.00,0.000,0.000,0.00
1777903880,loop23,0.00,0.00,0.000,0.000,0.00
1777903880,loop24,0.00,0.00,0.000,0.000,0.00
1777903880,loop25,0.00,0.00,0.000,0.000,0.00
1777903880,loop26,0.00,0.00,0.000,0.000,0.00
1777903880,loop27,0.00,0.00,0.000,0.000,0.00
1777903880,loop28,0.00,0.00,0.000,0.000,0.00
1777903880,loop29,0.00,0.00,0.000,0.000,0.00
1777903880,loop3,0.00,0.00,0.000,0.000,0.00
1777903880,loop30,0.00,0.00,0.000,0.000,0.00
1777903880,loop31,0.00,0.00,0.000,0.000,0.00
1777903880,loop32,0.00,0.00,0.000,0.000,0.00
1777903880,loop33,0.00,0.00,0.000,0.000,0.00
1777903880,loop34,0.00,0.00,0.000,0.000,0.00
1777903880,loop35,0.00,0.00,0.000,0.000,0.00
1777903880,loop36,0.00,0.00,0.000,0.000,0.00
1777903880,loop37,0.00,0.00,0.000,0.000,0.00
1777903880,loop38,0.00,0.00,0.000,0.000,0.00
1777903880,loop39,0.00,0.00,0.000,0.000,0.00
1777903880,loop4,0.00,0.00,0.000,0.000,0.00
1777903880,loop40,0.00,0.00,0.000,0.000,0.00
1777903880,loop5,0.00,0.00,0.000,0.000,0.00
1777903880,loop6,0.00,0.00,0.000,0.000,0.00
1777903880,loop7,0.00,0.00,0.000,0.000,0.00
1777903880,loop8,0.00,0.00,0.000,0.000,0.00
1777903880,loop9,0.00,0.00,0.000,0.000,0.00
1777903880,nvme0n1,0.00,0.00,0.000,0.000,0.00
1777903881,loop0,0.00,0.00,0.000,0.000,0.00
1777903881,loop1,0.00,0.00,0.000,0.000,0.00
1777903881,loop10,0.00,0.00,0.000,0.000,0.00
1777903881,loop11,0.00,0.00,0.000,0.000,0.00
1777903881,loop12,0.00,0.00,0.000,0.000,0.00
1777903881,loop13,0.00,0.00,0.000,0.000,0.00
1777903881,loop14,0.00,0.00,0.000,0.000,0.00
1777903881,loop15,0.00,0.00,0.000,0.000,0.00
1777903881,loop16,0.00,0.00,0.000,0.000,0.00
1777903881,loop17,0.00,0.00,0.000,0.000,0.00
1777903881,loop18,0.00,0.00,0.000,0.000,0.00
1777903881,loop19,0.00,0.00,0.000,0.000,0.00
1777903881,loop2,0.00,0.00,0.000,0.000,0.00
1777903881,loop20,0.00,0.00,0.000,0.000,0.00
1777903881,loop21,0.00,0.00,0.000,0.000,0.00
1777903881,loop22,0.00,0.00,0.000,0.000,0.00
1777903881,loop23,0.00,0.00,0.000,0.000,0.00
1777903881,loop24,0.00,0.00,0.000,0.000,0.00
1777903881,loop25,0.00,0.00,0.000,0.000,0.00
1777903881,loop26,0.00,0.00,0.000,0.000,0.00
1777903881,loop27,0.00,0.00,0.000,0.000,0.00
1777903881,loop28,0.00,0.00,0.000,0.000,0.00
1777903881,loop29,0.00,0.00,0.000,0.000,0.00
1777903881,loop3,0.00,0.00,0.000,0.000,0.00
1777903881,loop30,0.00,0.00,0.000,0.000,0.00
1777903881,loop31,0.00,0.00,0.000,0.000,0.00
1777903881,loop32,0.00,0.00,0.000,0.000,0.00
1777903881,loop33,0.00,0.00,0.000,0.000,0.00
1777903881,loop34,0.00,0.00,0.000,0.000,0.00
1777903881,loop35,0.00,0.00,0.000,0.000,0.00
1777903881,loop36,0.00,0.00,0.000,0.000,0.00
1777903881,loop37,0.00,0.00,0.000,0.000,0.00
1777903881,loop38,0.00,0.00,0.000,0.000,0.00
1777903881,loop39,0.00,0.00,0.000,0.000,0.00
1777903881,loop4,0.00,0.00,0.000,0.000,0.00
1777903881,loop40,0.00,0.00,0.000,0.000,0.00
1777903881,loop5,0.00,0.00,0.000,0.000,0.00
1777903881,loop6,0.00,0.00,0.000,0.000,0.00
1777903881,loop7,0.00,0.00,0.000,0.000,0.00
1777903881,loop8,0.00,0.00,0.000,0.000,0.00
1777903881,loop9,0.00,0.00,0.000,0.000,0.00
1777903881,nvme0n1,0.00,0.00,0.000,0.000,2.00
1777903882,loop0,0.00,0.00,0.000,0.000,0.00
1777903882,loop1,0.00,0.00,0.000,0.000,0.00
1777903882,loop10,0.00,0.00,0.000,0.000,0.00
1777903882,loop11,0.00,0.00,0.000,0.000,0.00
1777903882,loop12,0.00,0.00,0.000,0.000,0.00
1777903882,loop13,0.00,0.00,0.000,0.000,0.00
1777903882,loop14,0.00,0.00,0.000,0.000,0.00
1777903882,loop15,0.00,0.00,0.000,0.000,0.00
1777903882,loop16,0.00,0.00,0.000,0.000,0.00
1777903882,loop17,0.00,0.00,0.000,0.000,0.00
1777903882,loop18,0.00,0.00,0.000,0.000,0.00
1777903882,loop19,0.00,0.00,0.000,0.000,0.00
1777903882,loop2,0.00,0.00,0.000,0.000,0.00
1777903882,loop20,0.00,0.00,0.000,0.000,0.00
1777903882,loop21,0.00,0.00,0.000,0.000,0.00
1777903882,loop22,0.00,0.00,0.000,0.000,0.00
1777903882,loop23,0.00,0.00,0.000,0.000,0.00
1777903882,loop24,0.00,0.00,0.000,0.000,0.00
1777903882,loop25,0.00,0.00,0.000,0.000,0.00
1777903882,loop26,0.00,0.00,0.000,0.000,0.00
1777903882,loop27,0.00,0.00,0.000,0.000,0.00
1777903882,loop28,0.00,0.00,0.000,0.000,0.00
1777903882,loop29,0.00,0.00,0.000,0.000,0.00
1777903882,loop3,0.00,0.00,0.000,0.000,0.00
1777903882,loop30,0.00,0.00,0.000,0.000,0.00
1777903882,loop31,0.00,0.00,0.000,0.000,0.00
1777903882,loop32,0.00,0.00,0.000,0.000,0.00
1777903882,loop33,0.00,0.00,0.000,0.000,0.00
1777903882,loop34,0.00,0.00,0.000,0.000,0.00
1777903882,loop35,0.00,0.00,0.000,0.000,0.00
1777903882,loop36,0.00,0.00,0.000,0.000,0.00
1777903882,loop37,0.00,0.00,0.000,0.000,0.00
1777903882,loop38,0.00,0.00,0.000,0.000,0.00
1777903882,loop39,0.00,0.00,0.000,0.000,0.00
1777903882,loop4,0.00,0.00,0.000,0.000,0.00
1777903882,loop40,0.00,0.00,0.000,0.000,0.00
1777903882,loop5,0.00,0.00,0.000,0.000,0.00
1777903882,loop6,0.00,0.00,0.000,0.000,0.00
1777903882,loop7,0.00,0.00,0.000,0.000,0.00
1777903882,loop8,0.00,0.00,0.000,0.000,0.00
1777903882,loop9,0.00,0.00,0.000,0.000,0.00
1777903882,nvme0n1,0.00,0.00,0.000,0.000,0.30
1777903883,loop0,0.00,0.00,0.000,0.000,0.00
1777903883,loop1,0.00,0.00,0.000,0.000,0.00
1777903883,loop10,0.00,0.00,0.000,0.000,0.00
1777903883,loop11,0.00,0.00,0.000,0.000,0.00
1777903883,loop12,0.00,0.00,0.000,0.000,0.00
1777903883,loop13,0.00,0.00,0.000,0.000,0.00
1777903883,loop14,0.00,0.00,0.000,0.000,0.00
1777903883,loop15,0.00,0.00,0.000,0.000,0.00
1777903883,loop16,0.00,0.00,0.000,0.000,0.00
1777903883,loop17,0.00,0.00,0.000,0.000,0.00
1777903883,loop18,0.00,0.00,0.000,0.000,0.00
1777903883,loop19,0.00,0.00,0.000,0.000,0.00
1777903883,loop2,0.00,0.00,0.000,0.000,0.00
1777903883,loop20,0.00,0.00,0.000,0.000,0.00
1777903883,loop21,0.00,0.00,0.000,0.000,0.00
1777903883,loop22,0.00,0.00,0.000,0.000,0.00
1777903883,loop23,0.00,0.00,0.000,0.000,0.00
1777903883,loop24,0.00,0.00,0.000,0.000,0.00
1777903883,loop25,0.00,0.00,0.000,0.000,0.00
1777903883,loop26,0.00,0.00,0.000,0.000,0.00
1777903883,loop27,0.00,0.00,0.000,0.000,0.00
1777903883,loop28,0.00,0.00,0.000,0.000,0.00
1777903883,loop29,0.00,0.00,0.000,0.000,0.00
1777903883,loop3,0.00,0.00,0.000,0.000,0.00
1777903883,loop30,0.00,0.00,0.000,0.000,0.00
1777903883,loop31,0.00,0.00,0.000,0.000,0.00
1777903883,loop32,0.00,0.00,0.000,0.000,0.00
1777903883,loop33,0.00,0.00,0.000,0.000,0.00
1777903883,loop34,0.00,0.00,0.000,0.000,0.00
1777903883,loop35,0.00,0.00,0.000,0.000,0.00
1777903883,loop36,0.00,0.00,0.000,0.000,0.00
1777903883,loop37,0.00,0.00,0.000,0.000,0.00
1777903883,loop38,0.00,0.00,0.000,0.000,0.00
1777903883,loop39,0.00,0.00,0.000,0.000,0.00
1777903883,loop4,0.00,0.00,0.000,0.000,0.00
1777903883,loop40,0.00,0.00,0.000,0.000,0.00
1777903883,loop5,0.00,0.00,0.000,0.000,0.00
1777903883,loop6,0.00,0.00,0.000,0.000,0.00
1777903883,loop7,0.00,0.00,0.000,0.000,0.00
1777903883,loop8,0.00,0.00,0.000,0.000,0.00
1777903883,loop9,0.00,0.00,0.000,0.000,0.00
1777903883,nvme0n1,3.00,140.00,0.000,0.000,1.20
1777903884,loop0,0.00,0.00,0.000,0.000,0.00
1777903884,loop1,0.00,0.00,0.000,0.000,0.00
1777903884,loop10,0.00,0.00,0.000,0.000,0.00
1777903884,loop11,0.00,0.00,0.000,0.000,0.00
1777903884,loop12,0.00,0.00,0.000,0.000,0.00
1777903884,loop13,0.00,0.00,0.000,0.000,0.00
1777903884,loop14,0.00,0.00,0.000,0.000,0.00
1777903884,loop15,0.00,0.00,0.000,0.000,0.00
1777903884,loop16,0.00,0.00,0.000,0.000,0.00
1777903884,loop17,0.00,0.00,0.000,0.000,0.00
1777903884,loop18,0.00,0.00,0.000,0.000,0.00
1777903884,loop19,0.00,0.00,0.000,0.000,0.00
1777903884,loop2,0.00,0.00,0.000,0.000,0.00
1777903884,loop20,0.00,0.00,0.000,0.000,0.00
1777903884,loop21,0.00,0.00,0.000,0.000,0.00
1777903884,loop22,0.00,0.00,0.000,0.000,0.00
1777903884,loop23,0.00,0.00,0.000,0.000,0.00
1777903884,loop24,0.00,0.00,0.000,0.000,0.00
1777903884,loop25,0.00,0.00,0.000,0.000,0.00
1777903884,loop26,0.00,0.00,0.000,0.000,0.00
1777903884,loop27,0.00,0.00,0.000,0.000,0.00
1777903884,loop28,0.00,0.00,0.000,0.000,0.00
1777903884,loop29,0.00,0.00,0.000,0.000,0.00
1777903884,loop3,0.00,0.00,0.000,0.000,0.00
1777903884,loop30,0.00,0.00,0.000,0.000,0.00
1777903884,loop31,0.00,0.00,0.000,0.000,0.00
1777903884,loop32,0.00,0.00,0.000,0.000,0.00
1777903884,loop33,0.00,0.00,0.000,0.000,0.00
1777903884,loop34,0.00,0.00,0.000,0.000,0.00
1777903884,loop35,0.00,0.00,0.000,0.000,0.00
1777903884,loop36,0.00,0.00,0.000,0.000,0.00
1777903884,loop37,0.00,0.00,0.000,0.000,0.00
1777903884,loop38,0.00,0.00,0.000,0.000,0.00
1777903884,loop39,0.00,0.00,0.000,0.000,0.00
1777903884,loop4,0.00,0.00,0.000,0.000,0.00
1777903884,loop40,0.00,0.00,0.000,0.000,0.00
1777903884,loop5,0.00,0.00,0.000,0.000,0.00
1777903884,loop6,0.00,0.00,0.000,0.000,0.00
1777903884,loop7,0.00,0.00,0.000,0.000,0.00
1777903884,loop8,0.00,0.00,0.000,0.000,0.00
1777903884,loop9,0.00,0.00,0.000,0.000,0.00
1777903884,nvme0n1,0.00,0.00,0.000,0.000,0.00
1777903885,loop0,0.00,0.00,0.000,0.000,0.00
1777903885,loop1,0.00,0.00,0.000,0.000,0.00
1777903885,loop10,0.00,0.00,0.000,0.000,0.00
1777903885,loop11,0.00,0.00,0.000,0.000,0.00
1777903885,loop12,0.00,0.00,0.000,0.000,0.00
1777903885,loop13,0.00,0.00,0.000,0.000,0.00
1777903885,loop14,0.00,0.00,0.000,0.000,0.00
1777903885,loop15,0.00,0.00,0.000,0.000,0.00
1777903885,loop16,0.00,0.00,0.000,0.000,0.00
1777903885,loop17,0.00,0.00,0.000,0.000,0.00
1777903885,loop18,0.00,0.00,0.000,0.000,0.00
1777903885,loop19,0.00,0.00,0.000,0.000,0.00
1777903885,loop2,0.00,0.00,0.000,0.000,0.00
1777903885,loop20,0.00,0.00,0.000,0.000,0.00
1777903885,loop21,0.00,0.00,0.000,0.000,0.00
1777903885,loop22,0.00,0.00,0.000,0.000,0.00
1777903885,loop23,0.00,0.00,0.000,0.000,0.00
1777903885,loop24,0.00,0.00,0.000,0.000,0.00
1777903885,loop25,0.00,0.00,0.000,0.000,0.00
1777903885,loop26,0.00,0.00,0.000,0.000,0.00
1777903885,loop27,0.00,0.00,0.000,0.000,0.00
1777903885,loop28,0.00,0.00,0.000,0.000,0.00
1777903885,loop29,0.00,0.00,0.000,0.000,0.00
1777903885,loop3,0.00,0.00,0.000,0.000,0.00
1777903885,loop30,0.00,0.00,0.000,0.000,0.00
1777903885,loop31,0.00,0.00,0.000,0.000,0.00
1777903885,loop32,0.00,0.00,0.000,0.000,0.00
1777903885,loop33,0.00,0.00,0.000,0.000,0.00
1777903885,loop34,0.00,0.00,0.000,0.000,0.00
1777903885,loop35,0.00,0.00,0.000,0.000,0.00
1777903885,loop36,0.00,0.00,0.000,0.000,0.00
1777903885,loop37,0.00,0.00,0.000,0.000,0.00
1777903885,loop38,0.00,0.00,0.000,0.000,0.00
1777903885,loop39,0.00,0.00,0.000,0.000,0.00
1777903885,loop4,0.00,0.00,0.000,0.000,0.00
1777903885,loop40,0.00,0.00,0.000,0.000,0.00
1777903885,loop5,0.00,0.00,0.000,0.000,0.00
1777903885,loop6,0.00,0.00,0.000,0.000,0.00
1777903885,loop7,0.00,0.00,0.000,0.000,0.00
1777903885,loop8,0.00,0.00,0.000,0.000,0.00
1777903885,loop9,0.00,0.00,0.000,0.000,0.00
1777903885,nvme0n1,0.00,0.00,0.000,0.000,0.00
1777903886,loop0,0.00,0.00,0.000,0.000,0.00
1777903886,loop1,0.00,0.00,0.000,0.000,0.00
1777903886,loop10,0.00,0.00,0.000,0.000,0.00
1777903886,loop11,0.00,0.00,0.000,0.000,0.00
1777903886,loop12,0.00,0.00,0.000,0.000,0.00
1777903886,loop13,0.00,0.00,0.000,0.000,0.00
1777903886,loop14,0.00,0.00,0.000,0.000,0.00
1777903886,loop15,0.00,0.00,0.000,0.000,0.00
1777903886,loop16,0.00,0.00,0.000,0.000,0.00
1777903886,loop17,0.00,0.00,0.000,0.000,0.00
1777903886,loop18,0.00,0.00,0.000,0.000,0.00
1777903886,loop19,0.00,0.00,0.000,0.000,0.00
1777903886,loop2,0.00,0.00,0.000,0.000,0.00
1777903886,loop20,0.00,0.00,0.000,0.000,0.00
1777903886,loop21,0.00,0.00,0.000,0.000,0.00
1777903886,loop22,0.00,0.00,0.000,0.000,0.00
1777903886,loop23,0.00,0.00,0.000,0.000,0.00
1777903886,loop24,0.00,0.00,0.000,0.000,0.00
1777903886,loop25,0.00,0.00,0.000,0.000,0.00
1777903886,loop26,0.00,0.00,0.000,0.000,0.00
1777903886,loop27,0.00,0.00,0.000,0.000,0.00
1777903886,loop28,0.00,0.00,0.000,0.000,0.00
1777903886,loop29,0.00,0.00,0.000,0.000,0.00
1777903886,loop3,0.00,0.00,0.000,0.000,0.00
1777903886,loop30,0.00,0.00,0.000,0.000,0.00
1777903886,loop31,0.00,0.00,0.000,0.000,0.00
1777903886,loop32,0.00,0.00,0.000,0.000,0.00
1777903886,loop33,0.00,0.00,0.000,0.000,0.00
1777903886,loop34,0.00,0.00,0.000,0.000,0.00
1777903886,loop35,0.00,0.00,0.000,0.000,0.00
1777903886,loop36,0.00,0.00,0.000,0.000,0.00
1777903886,loop37,0.00,0.00,0.000,0.000,0.00
1777903886,loop38,0.00,0.00,0.000,0.000,0.00
1777903886,loop39,0.00,0.00,0.000,0.000,0.00
1777903886,loop4,0.00,0.00,0.000,0.000,0.00
1777903886,loop40,0.00,0.00,0.000,0.000,0.00
1777903886,loop5,0.00,0.00,0.000,0.000,0.00
1777903886,loop6,0.00,0.00,0.000,0.000,0.00
1777903886,loop7,0.00,0.00,0.000,0.000,0.00
1777903886,loop8,0.00,0.00,0.000,0.000,0.00
1777903886,loop9,0.00,0.00,0.000,0.000,0.00
1777903886,nvme0n1,1.00,4.00,0.000,0.000,2.20
1777903887,loop0,0.00,0.00,0.000,0.000,0.00
1777903887,loop1,0.00,0.00,0.000,0.000,0.00
1777903887,loop10,0.00,0.00,0.000,0.000,0.00
1777903887,loop11,0.00,0.00,0.000,0.000,0.00
1777903887,loop12,0.00,0.00,0.000,0.000,0.00
1777903887,loop13,0.00,0.00,0.000,0.000,0.00
1777903887,loop14,0.00,0.00,0.000,0.000,0.00
1777903887,loop15,0.00,0.00,0.000,0.000,0.00
1777903887,loop16,0.00,0.00,0.000,0.000,0.00
1777903887,loop17,0.00,0.00,0.000,0.000,0.00
1777903887,loop18,0.00,0.00,0.000,0.000,0.00
1777903887,loop19,0.00,0.00,0.000,0.000,0.00
1777903887,loop2,0.00,0.00,0.000,0.000,0.00
1777903887,loop20,0.00,0.00,0.000,0.000,0.00
1777903887,loop21,0.00,0.00,0.000,0.000,0.00
1777903887,loop22,0.00,0.00,0.000,0.000,0.00
1777903887,loop23,0.00,0.00,0.000,0.000,0.00
1777903887,loop24,0.00,0.00,0.000,0.000,0.00
1777903887,loop25,0.00,0.00,0.000,0.000,0.00
1777903887,loop26,0.00,0.00,0.000,0.000,0.00
1777903887,loop27,0.00,0.00,0.000,0.000,0.00
1777903887,loop28,0.00,0.00,0.000,0.000,0.00
1777903887,loop29,0.00,0.00,0.000,0.000,0.00
1777903887,loop3,0.00,0.00,0.000,0.000,0.00
1777903887,loop30,0.00,0.00,0.000,0.000,0.00
1777903887,loop31,0.00,0.00,0.000,0.000,0.00
1777903887,loop32,0.00,0.00,0.000,0.000,0.00
1777903887,loop33,0.00,0.00,0.000,0.000,0.00
1777903887,loop34,0.00,0.00,0.000,0.000,0.00
1777903887,loop35,0.00,0.00,0.000,0.000,0.00
1777903887,loop36,0.00,0.00,0.000,0.000,0.00
1777903887,loop37,0.00,0.00,0.000,0.000,0.00
1777903887,loop38,0.00,0.00,0.000,0.000,0.00
1777903887,loop39,0.00,0.00,0.000,0.000,0.00
1777903887,loop4,0.00,0.00,0.000,0.000,0.00
1777903887,loop40,0.00,0.00,0.000,0.000,0.00
1777903887,loop5,0.00,0.00,0.000,0.000,0.00
1777903887,loop6,0.00,0.00,0.000,0.000,0.00
1777903887,loop7,0.00,0.00,0.000,0.000,0.00
1777903887,loop8,0.00,0.00,0.000,0.000,0.00
1777903887,loop9,0.00,0.00,0.000,0.000,0.00
1777903887,nvme0n1,0.00,0.00,0.000,0.000,0.70
1777903888,loop0,0.00,0.00,0.000,0.000,0.00
1777903888,loop1,0.00,0.00,0.000,0.000,0.00
1777903888,loop10,0.00,0.00,0.000,0.000,0.00
1777903888,loop11,0.00,0.00,0.000,0.000,0.00
1777903888,loop12,0.00,0.00,0.000,0.000,0.00
1777903888,loop13,0.00,0.00,0.000,0.000,0.00
1777903888,loop14,0.00,0.00,0.000,0.000,0.00
1777903888,loop15,0.00,0.00,0.000,0.000,0.00
1777903888,loop16,0.00,0.00,0.000,0.000,0.00
1777903888,loop17,0.00,0.00,0.000,0.000,0.00
1777903888,loop18,0.00,0.00,0.000,0.000,0.00
1777903888,loop19,0.00,0.00,0.000,0.000,0.00
1777903888,loop2,0.00,0.00,0.000,0.000,0.00
1777903888,loop20,0.00,0.00,0.000,0.000,0.00
1777903888,loop21,0.00,0.00,0.000,0.000,0.00
1777903888,loop22,0.00,0.00,0.000,0.000,0.00
1777903888,loop23,0.00,0.00,0.000,0.000,0.00
1777903888,loop24,0.00,0.00,0.000,0.000,0.00
1777903888,loop25,0.00,0.00,0.000,0.000,0.00
1777903888,loop26,0.00,0.00,0.000,0.000,0.00
1777903888,loop27,0.00,0.00,0.000,0.000,0.00
1777903888,loop28,0.00,0.00,0.000,0.000,0.00
1777903888,loop29,0.00,0.00,0.000,0.000,0.00
1777903888,loop3,0.00,0.00,0.000,0.000,0.00
1777903888,loop30,0.00,0.00,0.000,0.000,0.00
1777903888,loop31,0.00,0.00,0.000,0.000,0.00
1777903888,loop32,0.00,0.00,0.000,0.000,0.00
1777903888,loop33,0.00,0.00,0.000,0.000,0.00
1777903888,loop34,0.00,0.00,0.000,0.000,0.00
1777903888,loop35,0.00,0.00,0.000,0.000,0.00
1777903888,loop36,0.00,0.00,0.000,0.000,0.00
1777903888,loop37,0.00,0.00,0.000,0.000,0.00
1777903888,loop38,0.00,0.00,0.000,0.000,0.00
1777903888,loop39,0.00,0.00,0.000,0.000,0.00
1777903888,loop4,0.00,0.00,0.000,0.000,0.00
1777903888,loop40,0.00,0.00,0.000,0.000,0.00
1777903888,loop5,0.00,0.00,0.000,0.000,0.00
1777903888,loop6,0.00,0.00,0.000,0.000,0.00
1777903888,loop7,0.00,0.00,0.000,0.000,0.00
1777903888,loop8,0.00,0.00,0.000,0.000,0.00
1777903888,loop9,0.00,0.00,0.000,0.000,0.00
1777903888,nvme0n1,0.00,0.00,0.000,0.000,0.70
1777903889,loop0,0.00,0.00,0.000,0.000,0.00
1777903889,loop1,0.00,0.00,0.000,0.000,0.00
1777903889,loop10,0.00,0.00,0.000,0.000,0.00
1777903889,loop11,0.00,0.00,0.000,0.000,0.00
1777903889,loop12,0.00,0.00,0.000,0.000,0.00
1777903889,loop13,0.00,0.00,0.000,0.000,0.00
1777903889,loop14,0.00,0.00,0.000,0.000,0.00
1777903889,loop15,0.00,0.00,0.000,0.000,0.00
1777903889,loop16,0.00,0.00,0.000,0.000,0.00
1777903889,loop17,0.00,0.00,0.000,0.000,0.00
1777903889,loop18,0.00,0.00,0.000,0.000,0.00
1777903889,loop19,0.00,0.00,0.000,0.000,0.00
1777903889,loop2,0.00,0.00,0.000,0.000,0.00
1777903889,loop20,0.00,0.00,0.000,0.000,0.00
1777903889,loop21,0.00,0.00,0.000,0.000,0.00
1777903889,loop22,0.00,0.00,0.000,0.000,0.00
1777903889,loop23,0.00,0.00,0.000,0.000,0.00
1777903889,loop24,0.00,0.00,0.000,0.000,0.00
1777903889,loop25,0.00,0.00,0.000,0.000,0.00
1777903889,loop26,0.00,0.00,0.000,0.000,0.00
1777903889,loop27,0.00,0.00,0.000,0.000,0.00
1777903889,loop28,0.00,0.00,0.000,0.000,0.00
1777903889,loop29,0.00,0.00,0.000,0.000,0.00
1777903889,loop3,0.00,0.00,0.000,0.000,0.00
1777903889,loop30,0.00,0.00,0.000,0.000,0.00
1777903889,loop31,0.00,0.00,0.000,0.000,0.00
1777903889,loop32,0.00,0.00,0.000,0.000,0.00
1777903889,loop33,0.00,0.00,0.000,0.000,0.00
1777903889,loop34,0.00,0.00,0.000,0.000,0.00
1777903889,loop35,0.00,0.00,0.000,0.000,0.00
1777903889,loop36,0.00,0.00,0.000,0.000,0.00
1777903889,loop37,0.00,0.00,0.000,0.000,0.00
1777903889,loop38,0.00,0.00,0.000,0.000,0.00
1777903889,loop39,0.00,0.00,0.000,0.000,0.00
1777903889,loop4,0.00,0.00,0.000,0.000,0.00
1777903889,loop40,0.00,0.00,0.000,0.000,0.00
1777903889,loop5,0.00,0.00,0.000,0.000,0.00
1777903889,loop6,0.00,0.00,0.000,0.000,0.00
1777903889,loop7,0.00,0.00,0.000,0.000,0.00
1777903889,loop8,0.00,0.00,0.000,0.000,0.00
1777903889,loop9,0.00,0.00,0.000,0.000,0.00
1777903889,nvme0n1,0.00,0.00,0.000,0.000,0.00
1777903890,loop0,0.00,0.00,0.000,0.000,0.00
1777903890,loop1,0.00,0.00,0.000,0.000,0.00
1777903890,loop10,0.00,0.00,0.000,0.000,0.00
1777903890,loop11,0.00,0.00,0.000,0.000,0.00
1777903890,loop12,0.00,0.00,0.000,0.000,0.00
1777903890,loop13,0.00,0.00,0.000,0.000,0.00
1777903890,loop14,0.00,0.00,0.000,0.000,0.00
1777903890,loop15,0.00,0.00,0.000,0.000,0.00
1777903890,loop16,0.00,0.00,0.000,0.000,0.00
1777903890,loop17,0.00,0.00,0.000,0.000,0.00
1777903890,loop18,0.00,0.00,0.000,0.000,0.00
1777903890,loop19,0.00,0.00,0.000,0.000,0.00
1777903890,loop2,0.00,0.00,0.000,0.000,0.00
1777903890,loop20,0.00,0.00,0.000,0.000,0.00
1777903890,loop21,0.00,0.00,0.000,0.000,0.00
1777903890,loop22,0.00,0.00,0.000,0.000,0.00
1777903890,loop23,0.00,0.00,0.000,0.000,0.00
1777903890,loop24,0.00,0.00,0.000,0.000,0.00
1777903890,loop25,0.00,0.00,0.000,0.000,0.00
1777903890,loop26,0.00,0.00,0.000,0.000,0.00
1777903890,loop27,0.00,0.00,0.000,0.000,0.00
1777903890,loop28,0.00,0.00,0.000,0.000,0.00
1777903890,loop29,0.00,0.00,0.000,0.000,0.00
1777903890,loop3,0.00,0.00,0.000,0.000,0.00
1777903890,loop30,0.00,0.00,0.000,0.000,0.00
1777903890,loop31,0.00,0.00,0.000,0.000,0.00
1777903890,loop32,0.00,0.00,0.000,0.000,0.00
1777903890,loop33,0.00,0.00,0.000,0.000,0.00
1777903890,loop34,0.00,0.00,0.000,0.000,0.00
1777903890,loop35,0.00,0.00,0.000,0.000,0.00
1777903890,loop36,0.00,0.00,0.000,0.000,0.00
1777903890,loop37,0.00,0.00,0.000,0.000,0.00
1777903890,loop38,0.00,0.00,0.000,0.000,0.00
1777903890,loop39,0.00,0.00,0.000,0.000,0.00
1777903890,loop4,0.00,0.00,0.000,0.000,0.00
1777903890,loop40,0.00,0.00,0.000,0.000,0.00
1777903890,loop5,0.00,0.00,0.000,0.000,0.00
1777903890,loop6,0.00,0.00,0.000,0.000,0.00
1777903890,loop7,0.00,0.00,0.000,0.000,0.00
1777903890,loop8,0.00,0.00,0.000,0.000,0.00
1777903890,loop9,0.00,0.00,0.000,0.000,0.00
1777903890,nvme0n1,0.00,0.00,0.000,0.000,0.00
1777903891,loop0,0.00,0.00,0.000,0.000,0.00
1777903891,loop1,0.00,0.00,0.000,0.000,0.00
1777903891,loop10,0.00,0.00,0.000,0.000,0.00
1777903891,loop11,0.00,0.00,0.000,0.000,0.00
1777903891,loop12,0.00,0.00,0.000,0.000,0.00
1777903891,loop13,0.00,0.00,0.000,0.000,0.00
1777903891,loop14,0.00,0.00,0.000,0.000,0.00
1777903891,loop15,0.00,0.00,0.000,0.000,0.00
1777903891,loop16,0.00,0.00,0.000,0.000,0.00
1777903891,loop17,0.00,0.00,0.000,0.000,0.00
1777903891,loop18,0.00,0.00,0.000,0.000,0.00
1777903891,loop19,0.00,0.00,0.000,0.000,0.00
1777903891,loop2,0.00,0.00,0.000,0.000,0.00
1777903891,loop20,0.00,0.00,0.000,0.000,0.00
1777903891,loop21,0.00,0.00,0.000,0.000,0.00
1777903891,loop22,0.00,0.00,0.000,0.000,0.00
1777903891,loop23,0.00,0.00,0.000,0.000,0.00
1777903891,loop24,0.00,0.00,0.000,0.000,0.00
1777903891,loop25,0.00,0.00,0.000,0.000,0.00
1777903891,loop26,0.00,0.00,0.000,0.000,0.00
1777903891,loop27,0.00,0.00,0.000,0.000,0.00
1777903891,loop28,0.00,0.00,0.000,0.000,0.00
1777903891,loop29,0.00,0.00,0.000,0.000,0.00
1777903891,loop3,0.00,0.00,0.000,0.000,0.00
1777903891,loop30,0.00,0.00,0.000,0.000,0.00
1777903891,loop31,0.00,0.00,0.000,0.000,0.00
1777903891,loop32,0.00,0.00,0.000,0.000,0.00
1777903891,loop33,0.00,0.00,0.000,0.000,0.00
1777903891,loop34,0.00,0.00,0.000,0.000,0.00
1777903891,loop35,0.00,0.00,0.000,0.000,0.00
1777903891,loop36,0.00,0.00,0.000,0.000,0.00
1777903891,loop37,0.00,0.00,0.000,0.000,0.00
1777903891,loop38,0.00,0.00,0.000,0.000,0.00
1777903891,loop39,0.00,0.00,0.000,0.000,0.00
1777903891,loop4,0.00,0.00,0.000,0.000,0.00
1777903891,loop40,0.00,0.00,0.000,0.000,0.00
1777903891,loop5,0.00,0.00,0.000,0.000,0.00
1777903891,loop6,0.00,0.00,0.000,0.000,0.00
1777903891,loop7,0.00,0.00,0.000,0.000,0.00
1777903891,loop8,0.00,0.00,0.000,0.000,0.00
1777903891,loop9,0.00,0.00,0.000,0.000,0.00
1777903891,nvme0n1,0.00,0.00,0.000,0.000,2.00
1777903892,loop0,0.00,0.00,0.000,0.000,0.00
1777903892,loop1,0.00,0.00,0.000,0.000,0.00
1777903892,loop10,0.00,0.00,0.000,0.000,0.00
1777903892,loop11,0.00,0.00,0.000,0.000,0.00
1777903892,loop12,0.00,0.00,0.000,0.000,0.00
1777903892,loop13,0.00,0.00,0.000,0.000,0.00
1777903892,loop14,0.00,0.00,0.000,0.000,0.00
1777903892,loop15,0.00,0.00,0.000,0.000,0.00
1777903892,loop16,0.00,0.00,0.000,0.000,0.00
1777903892,loop17,0.00,0.00,0.000,0.000,0.00
1777903892,loop18,0.00,0.00,0.000,0.000,0.00
1777903892,loop19,0.00,0.00,0.000,0.000,0.00
1777903892,loop2,0.00,0.00,0.000,0.000,0.00
1777903892,loop20,0.00,0.00,0.000,0.000,0.00
1777903892,loop21,0.00,0.00,0.000,0.000,0.00
1777903892,loop22,0.00,0.00,0.000,0.000,0.00
1777903892,loop23,0.00,0.00,0.000,0.000,0.00
1777903892,loop24,0.00,0.00,0.000,0.000,0.00
1777903892,loop25,0.00,0.00,0.000,0.000,0.00
1777903892,loop26,0.00,0.00,0.000,0.000,0.00
1777903892,loop27,0.00,0.00,0.000,0.000,0.00
1777903892,loop28,0.00,0.00,0.000,0.000,0.00
1777903892,loop29,0.00,0.00,0.000,0.000,0.00
1777903892,loop3,0.00,0.00,0.000,0.000,0.00
1777903892,loop30,0.00,0.00,0.000,0.000,0.00
1777903892,loop31,0.00,0.00,0.000,0.000,0.00
1777903892,loop32,0.00,0.00,0.000,0.000,0.00
1777903892,loop33,0.00,0.00,0.000,0.000,0.00
1777903892,loop34,0.00,0.00,0.000,0.000,0.00
1777903892,loop35,0.00,0.00,0.000,0.000,0.00
1777903892,loop36,0.00,0.00,0.000,0.000,0.00
1777903892,loop37,0.00,0.00,0.000,0.000,0.00
1777903892,loop38,0.00,0.00,0.000,0.000,0.00
1777903892,loop39,0.00,0.00,0.000,0.000,0.00
1777903892,loop4,0.00,0.00,0.000,0.000,0.00
1777903892,loop40,0.00,0.00,0.000,0.000,0.00
1777903892,loop5,0.00,0.00,0.000,0.000,0.00
1777903892,loop6,0.00,0.00,0.000,0.000,0.00
1777903892,loop7,0.00,0.00,0.000,0.000,0.00
1777903892,loop8,0.00,0.00,0.000,0.000,0.00
1777903892,loop9,0.00,0.00,0.000,0.000,0.00
1777903892,nvme0n1,0.00,0.00,0.000,0.000,0.10
1777903893,loop0,0.00,0.00,0.000,0.000,0.00
1777903893,loop1,0.00,0.00,0.000,0.000,0.00
1777903893,loop10,0.00,0.00,0.000,0.000,0.00
1777903893,loop11,0.00,0.00,0.000,0.000,0.00
1777903893,loop12,0.00,0.00,0.000,0.000,0.00
1777903893,loop13,0.00,0.00,0.000,0.000,0.00
1777903893,loop14,0.00,0.00,0.000,0.000,0.00
1777903893,loop15,0.00,0.00,0.000,0.000,0.00
1777903893,loop16,0.00,0.00,0.000,0.000,0.00
1777903893,loop17,0.00,0.00,0.000,0.000,0.00
1777903893,loop18,0.00,0.00,0.000,0.000,0.00
1777903893,loop19,0.00,0.00,0.000,0.000,0.00
1777903893,loop2,0.00,0.00,0.000,0.000,0.00
1777903893,loop20,0.00,0.00,0.000,0.000,0.00
1777903893,loop21,0.00,0.00,0.000,0.000,0.00
1777903893,loop22,0.00,0.00,0.000,0.000,0.00
1777903893,loop23,0.00,0.00,0.000,0.000,0.00
1777903893,loop24,0.00,0.00,0.000,0.000,0.00
1777903893,loop25,0.00,0.00,0.000,0.000,0.00
1777903893,loop26,0.00,0.00,0.000,0.000,0.00
1777903893,loop27,0.00,0.00,0.000,0.000,0.00
1777903893,loop28,0.00,0.00,0.000,0.000,0.00
1777903893,loop29,0.00,0.00,0.000,0.000,0.00
1777903893,loop3,0.00,0.00,0.000,0.000,0.00
1777903893,loop30,0.00,0.00,0.000,0.000,0.00
1777903893,loop31,0.00,0.00,0.000,0.000,0.00
1777903893,loop32,0.00,0.00,0.000,0.000,0.00
1777903893,loop33,0.00,0.00,0.000,0.000,0.00
1777903893,loop34,0.00,0.00,0.000,0.000,0.00
1777903893,loop35,0.00,0.00,0.000,0.000,0.00
1777903893,loop36,0.00,0.00,0.000,0.000,0.00
1777903893,loop37,0.00,0.00,0.000,0.000,0.00
1777903893,loop38,0.00,0.00,0.000,0.000,0.00
1777903893,loop39,0.00,0.00,0.000,0.000,0.00
1777903893,loop4,0.00,0.00,0.000,0.000,0.00
1777903893,loop40,0.00,0.00,0.000,0.000,0.00
1777903893,loop5,0.00,0.00,0.000,0.000,0.00
1777903893,loop6,0.00,0.00,0.000,0.000,0.00
1777903893,loop7,0.00,0.00,0.000,0.000,0.00
1777903893,loop8,0.00,0.00,0.000,0.000,0.00
1777903893,loop9,0.00,0.00,0.000,0.000,0.00
1777903893,nvme0n1,6.00,88.00,0.002,0.024,0.70
1777903894,loop0,0.00,0.00,0.000,0.000,0.00
1777903894,loop1,0.00,0.00,0.000,0.000,0.00
1777903894,loop10,0.00,0.00,0.000,0.000,0.00
1777903894,loop11,0.00,0.00,0.000,0.000,0.00
1777903894,loop12,0.00,0.00,0.000,0.000,0.00
1777903894,loop13,0.00,0.00,0.000,0.000,0.00
1777903894,loop14,0.00,0.00,0.000,0.000,0.00
1777903894,loop15,0.00,0.00,0.000,0.000,0.00
1777903894,loop16,0.00,0.00,0.000,0.000,0.00
1777903894,loop17,0.00,0.00,0.000,0.000,0.00
1777903894,loop18,0.00,0.00,0.000,0.000,0.00
1777903894,loop19,0.00,0.00,0.000,0.000,0.00
1777903894,loop2,0.00,0.00,0.000,0.000,0.00
1777903894,loop20,0.00,0.00,0.000,0.000,0.00
1777903894,loop21,0.00,0.00,0.000,0.000,0.00
1777903894,loop22,0.00,0.00,0.000,0.000,0.00
1777903894,loop23,0.00,0.00,0.000,0.000,0.00
1777903894,loop24,0.00,0.00,0.000,0.000,0.00
1777903894,loop25,0.00,0.00,0.000,0.000,0.00
1777903894,loop26,0.00,0.00,0.000,0.000,0.00
1777903894,loop27,0.00,0.00,0.000,0.000,0.00
1777903894,loop28,0.00,0.00,0.000,0.000,0.00
1777903894,loop29,0.00,0.00,0.000,0.000,0.00
1777903894,loop3,0.00,0.00,0.000,0.000,0.00
1777903894,loop30,0.00,0.00,0.000,0.000,0.00
1777903894,loop31,0.00,0.00,0.000,0.000,0.00
1777903894,loop32,0.00,0.00,0.000,0.000,0.00
1777903894,loop33,0.00,0.00,0.000,0.000,0.00
1777903894,loop34,0.00,0.00,0.000,0.000,0.00
1777903894,loop35,0.00,0.00,0.000,0.000,0.00
1777903894,loop36,0.00,0.00,0.000,0.000,0.00
1777903894,loop37,0.00,0.00,0.000,0.000,0.00
1777903894,loop38,0.00,0.00,0.000,0.000,0.00
1777903894,loop39,0.00,0.00,0.000,0.000,0.00
1777903894,loop4,0.00,0.00,0.000,0.000,0.00
1777903894,loop40,0.00,0.00,0.000,0.000,0.00
1777903894,loop5,0.00,0.00,0.000,0.000,0.00
1777903894,loop6,0.00,0.00,0.000,0.000,0.00
1777903894,loop7,0.00,0.00,0.000,0.000,0.00
1777903894,loop8,0.00,0.00,0.000,0.000,0.00
1777903894,loop9,0.00,0.00,0.000,0.000,0.00
1777903894,nvme0n1,0.00,0.00,0.000,0.000,1.30
1777903895,loop0,0.00,0.00,0.000,0.000,0.00
1777903895,loop1,0.00,0.00,0.000,0.000,0.00
1777903895,loop10,0.00,0.00,0.000,0.000,0.00
1777903895,loop11,0.00,0.00,0.000,0.000,0.00
1777903895,loop12,0.00,0.00,0.000,0.000,0.00
1777903895,loop13,0.00,0.00,0.000,0.000,0.00
1777903895,loop14,0.00,0.00,0.000,0.000,0.00
1777903895,loop15,0.00,0.00,0.000,0.000,0.00
1777903895,loop16,0.00,0.00,0.000,0.000,0.00
1777903895,loop17,0.00,0.00,0.000,0.000,0.00
1777903895,loop18,0.00,0.00,0.000,0.000,0.00
1777903895,loop19,0.00,0.00,0.000,0.000,0.00
1777903895,loop2,0.00,0.00,0.000,0.000,0.00
1777903895,loop20,0.00,0.00,0.000,0.000,0.00
1777903895,loop21,0.00,0.00,0.000,0.000,0.00
1777903895,loop22,0.00,0.00,0.000,0.000,0.00
1777903895,loop23,0.00,0.00,0.000,0.000,0.00
1777903895,loop24,0.00,0.00,0.000,0.000,0.00
1777903895,loop25,0.00,0.00,0.000,0.000,0.00
1777903895,loop26,0.00,0.00,0.000,0.000,0.00
1777903895,loop27,0.00,0.00,0.000,0.000,0.00
1777903895,loop28,0.00,0.00,0.000,0.000,0.00
1777903895,loop29,0.00,0.00,0.000,0.000,0.00
1777903895,loop3,0.00,0.00,0.000,0.000,0.00
1777903895,loop30,0.00,0.00,0.000,0.000,0.00
1777903895,loop31,0.00,0.00,0.000,0.000,0.00
1777903895,loop32,0.00,0.00,0.000,0.000,0.00
1777903895,loop33,0.00,0.00,0.000,0.000,0.00
1777903895,loop34,0.00,0.00,0.000,0.000,0.00
1777903895,loop35,0.00,0.00,0.000,0.000,0.00
1777903895,loop36,0.00,0.00,0.000,0.000,0.00
1777903895,loop37,0.00,0.00,0.000,0.000,0.00
1777903895,loop38,0.00,0.00,0.000,0.000,0.00
1777903895,loop39,0.00,0.00,0.000,0.000,0.00
1777903895,loop4,0.00,0.00,0.000,0.000,0.00
1777903895,loop40,0.00,0.00,0.000,0.000,0.00
1777903895,loop5,0.00,0.00,0.000,0.000,0.00
1777903895,loop6,0.00,0.00,0.000,0.000,0.00
1777903895,loop7,0.00,0.00,0.000,0.000,0.00
1777903895,loop8,0.00,0.00,0.000,0.000,0.00
1777903895,loop9,0.00,0.00,0.000,0.000,0.00
1777903895,nvme0n1,0.00,0.00,0.000,0.000,0.60
1777903896,loop0,0.00,0.00,0.000,0.000,0.00
1777903896,loop1,0.00,0.00,0.000,0.000,0.00
1777903896,loop10,0.00,0.00,0.000,0.000,0.00
1777903896,loop11,0.00,0.00,0.000,0.000,0.00
1777903896,loop12,0.00,0.00,0.000,0.000,0.00
1777903896,loop13,0.00,0.00,0.000,0.000,0.00
1777903896,loop14,0.00,0.00,0.000,0.000,0.00
1777903896,loop15,0.00,0.00,0.000,0.000,0.00
1777903896,loop16,0.00,0.00,0.000,0.000,0.00
1777903896,loop17,0.00,0.00,0.000,0.000,0.00
1777903896,loop18,0.00,0.00,0.000,0.000,0.00
1777903896,loop19,0.00,0.00,0.000,0.000,0.00
1777903896,loop2,0.00,0.00,0.000,0.000,0.00
1777903896,loop20,0.00,0.00,0.000,0.000,0.00
1777903896,loop21,0.00,0.00,0.000,0.000,0.00
1777903896,loop22,0.00,0.00,0.000,0.000,0.00
1777903896,loop23,0.00,0.00,0.000,0.000,0.00
1777903896,loop24,0.00,0.00,0.000,0.000,0.00
1777903896,loop25,0.00,0.00,0.000,0.000,0.00
1777903896,loop26,0.00,0.00,0.000,0.000,0.00
1777903896,loop27,0.00,0.00,0.000,0.000,0.00
1777903896,loop28,0.00,0.00,0.000,0.000,0.00
1777903896,loop29,0.00,0.00,0.000,0.000,0.00
1777903896,loop3,0.00,0.00,0.000,0.000,0.00
1777903896,loop30,0.00,0.00,0.000,0.000,0.00
1777903896,loop31,0.00,0.00,0.000,0.000,0.00
1777903896,loop32,0.00,0.00,0.000,0.000,0.00
1777903896,loop33,0.00,0.00,0.000,0.000,0.00
1777903896,loop34,0.00,0.00,0.000,0.000,0.00
1777903896,loop35,0.00,0.00,0.000,0.000,0.00
1777903896,loop36,0.00,0.00,0.000,0.000,0.00
1777903896,loop37,0.00,0.00,0.000,0.000,0.00
1777903896,loop38,0.00,0.00,0.000,0.000,0.00
1777903896,loop39,0.00,0.00,0.000,0.000,0.00
1777903896,loop4,0.00,0.00,0.000,0.000,0.00
1777903896,loop40,0.00,0.00,0.000,0.000,0.00
1777903896,loop5,0.00,0.00,0.000,0.000,0.00
1777903896,loop6,0.00,0.00,0.000,0.000,0.00
1777903896,loop7,0.00,0.00,0.000,0.000,0.00
1777903896,loop8,0.00,0.00,0.000,0.000,0.00
1777903896,loop9,0.00,0.00,0.000,0.000,0.00
1777903896,nvme0n1,0.00,0.00,0.000,0.000,0.00
1777903897,loop0,0.00,0.00,0.000,0.000,0.00
1777903897,loop1,0.00,0.00,0.000,0.000,0.00
1777903897,loop10,0.00,0.00,0.000,0.000,0.00
1777903897,loop11,0.00,0.00,0.000,0.000,0.00
1777903897,loop12,0.00,0.00,0.000,0.000,0.00
1777903897,loop13,0.00,0.00,0.000,0.000,0.00
1777903897,loop14,0.00,0.00,0.000,0.000,0.00
1777903897,loop15,0.00,0.00,0.000,0.000,0.00
1777903897,loop16,0.00,0.00,0.000,0.000,0.00
1777903897,loop17,0.00,0.00,0.000,0.000,0.00
1777903897,loop18,0.00,0.00,0.000,0.000,0.00
1777903897,loop19,0.00,0.00,0.000,0.000,0.00
1777903897,loop2,0.00,0.00,0.000,0.000,0.00
1777903897,loop20,0.00,0.00,0.000,0.000,0.00
1777903897,loop21,0.00,0.00,0.000,0.000,0.00
1777903897,loop22,0.00,0.00,0.000,0.000,0.00
1777903897,loop23,0.00,0.00,0.000,0.000,0.00
1777903897,loop24,0.00,0.00,0.000,0.000,0.00
1777903897,loop25,0.00,0.00,0.000,0.000,0.00
1777903897,loop26,0.00,0.00,0.000,0.000,0.00
1777903897,loop27,0.00,0.00,0.000,0.000,0.00
1777903897,loop28,0.00,0.00,0.000,0.000,0.00
1777903897,loop29,0.00,0.00,0.000,0.000,0.00
1777903897,loop3,0.00,0.00,0.000,0.000,0.00
1777903897,loop30,0.00,0.00,0.000,0.000,0.00
1777903897,loop31,0.00,0.00,0.000,0.000,0.00
1777903897,loop32,0.00,0.00,0.000,0.000,0.00
1777903897,loop33,0.00,0.00,0.000,0.000,0.00
1777903897,loop34,0.00,0.00,0.000,0.000,0.00
1777903897,loop35,0.00,0.00,0.000,0.000,0.00
1777903897,loop36,0.00,0.00,0.000,0.000,0.00
1777903897,loop37,0.00,0.00,0.000,0.000,0.00
1777903897,loop38,0.00,0.00,0.000,0.000,0.00
1777903897,loop39,0.00,0.00,0.000,0.000,0.00
1777903897,loop4,0.00,0.00,0.000,0.000,0.00
1777903897,loop40,0.00,0.00,0.000,0.000,0.00
1777903897,loop5,0.00,0.00,0.000,0.000,0.00
1777903897,loop6,0.00,0.00,0.000,0.000,0.00
1777903897,loop7,0.00,0.00,0.000,0.000,0.00
1777903897,loop8,0.00,0.00,0.000,0.000,0.00
1777903897,loop9,0.00,0.00,0.000,0.000,0.00
1777903897,nvme0n1,3.00,12.00,0.000,0.000,0.10
1777903898,loop0,0.00,0.00,0.000,0.000,0.00
1777903898,loop1,0.00,0.00,0.000,0.000,0.00
1777903898,loop10,0.00,0.00,0.000,0.000,0.00
1777903898,loop11,0.00,0.00,0.000,0.000,0.00
1777903898,loop12,0.00,0.00,0.000,0.000,0.00
1777903898,loop13,0.00,0.00,0.000,0.000,0.00
1777903898,loop14,0.00,0.00,0.000,0.000,0.00
1777903898,loop15,0.00,0.00,0.000,0.000,0.00
1777903898,loop16,0.00,0.00,0.000,0.000,0.00
1777903898,loop17,0.00,0.00,0.000,0.000,0.00
1777903898,loop18,0.00,0.00,0.000,0.000,0.00
1777903898,loop19,0.00,0.00,0.000,0.000,0.00
1777903898,loop2,0.00,0.00,0.000,0.000,0.00
1777903898,loop20,0.00,0.00,0.000,0.000,0.00
1777903898,loop21,0.00,0.00,0.000,0.000,0.00
1777903898,loop22,0.00,0.00,0.000,0.000,0.00
1777903898,loop23,0.00,0.00,0.000,0.000,0.00
1777903898,loop24,0.00,0.00,0.000,0.000,0.00
1777903898,loop25,0.00,0.00,0.000,0.000,0.00
1777903898,loop26,0.00,0.00,0.000,0.000,0.00
1777903898,loop27,0.00,0.00,0.000,0.000,0.00
1777903898,loop28,0.00,0.00,0.000,0.000,0.00
1777903898,loop29,0.00,0.00,0.000,0.000,0.00
1777903898,loop3,0.00,0.00,0.000,0.000,0.00
1777903898,loop30,0.00,0.00,0.000,0.000,0.00
1777903898,loop31,0.00,0.00,0.000,0.000,0.00
1777903898,loop32,0.00,0.00,0.000,0.000,0.00
1777903898,loop33,0.00,0.00,0.000,0.000,0.00
1777903898,loop34,0.00,0.00,0.000,0.000,0.00
1777903898,loop35,0.00,0.00,0.000,0.000,0.00
1777903898,loop36,0.00,0.00,0.000,0.000,0.00
1777903898,loop37,0.00,0.00,0.000,0.000,0.00
1777903898,loop38,0.00,0.00,0.000,0.000,0.00
1777903898,loop39,0.00,0.00,0.000,0.000,0.00
1777903898,loop4,0.00,0.00,0.000,0.000,0.00
1777903898,loop40,0.00,0.00,0.000,0.000,0.00
1777903898,loop5,0.00,0.00,0.000,0.000,0.00
1777903898,loop6,0.00,0.00,0.000,0.000,0.00
1777903898,loop7,0.00,0.00,0.000,0.000,0.00
1777903898,loop8,0.00,0.00,0.000,0.000,0.00
1777903898,loop9,0.00,0.00,0.000,0.000,0.00
1777903898,nvme0n1,0.00,0.00,0.000,0.000,0.90
1777903899,loop0,0.00,0.00,0.000,0.000,0.00
1777903899,loop1,0.00,0.00,0.000,0.000,0.00
1777903899,loop10,0.00,0.00,0.000,0.000,0.00
1777903899,loop11,0.00,0.00,0.000,0.000,0.00
1777903899,loop12,0.00,0.00,0.000,0.000,0.00
1777903899,loop13,0.00,0.00,0.000,0.000,0.00
1777903899,loop14,0.00,0.00,0.000,0.000,0.00
1777903899,loop15,0.00,0.00,0.000,0.000,0.00
1777903899,loop16,0.00,0.00,0.000,0.000,0.00
1777903899,loop17,0.00,0.00,0.000,0.000,0.00
1777903899,loop18,0.00,0.00,0.000,0.000,0.00
1777903899,loop19,0.00,0.00,0.000,0.000,0.00
1777903899,loop2,0.00,0.00,0.000,0.000,0.00
1777903899,loop20,0.00,0.00,0.000,0.000,0.00
1777903899,loop21,0.00,0.00,0.000,0.000,0.00
1777903899,loop22,0.00,0.00,0.000,0.000,0.00
1777903899,loop23,0.00,0.00,0.000,0.000,0.00
1777903899,loop24,0.00,0.00,0.000,0.000,0.00
1777903899,loop25,0.00,0.00,0.000,0.000,0.00
1777903899,loop26,0.00,0.00,0.000,0.000,0.00
1777903899,loop27,0.00,0.00,0.000,0.000,0.00
1777903899,loop28,0.00,0.00,0.000,0.000,0.00
1777903899,loop29,0.00,0.00,0.000,0.000,0.00
1777903899,loop3,0.00,0.00,0.000,0.000,0.00
1777903899,loop30,0.00,0.00,0.000,0.000,0.00
1777903899,loop31,0.00,0.00,0.000,0.000,0.00
1777903899,loop32,0.00,0.00,0.000,0.000,0.00
1777903899,loop33,0.00,0.00,0.000,0.000,0.00
1777903899,loop34,0.00,0.00,0.000,0.000,0.00
1777903899,loop35,0.00,0.00,0.000,0.000,0.00
1777903899,loop36,0.00,0.00,0.000,0.000,0.00
1777903899,loop37,0.00,0.00,0.000,0.000,0.00
1777903899,loop38,0.00,0.00,0.000,0.000,0.00
1777903899,loop39,0.00,0.00,0.000,0.000,0.00
1777903899,loop4,0.00,0.00,0.000,0.000,0.00
1777903899,loop40,0.00,0.00,0.000,0.000,0.00
1777903899,loop5,0.00,0.00,0.000,0.000,0.00
1777903899,loop6,0.00,0.00,0.000,0.000,0.00
1777903899,loop7,0.00,0.00,0.000,0.000,0.00
1777903899,loop8,0.00,0.00,0.000,0.000,0.00
1777903899,loop9,0.00,0.00,0.000,0.000,0.00
1777903899,nvme0n1,0.00,0.00,0.000,0.000,0.00
1777903900,loop0,0.00,0.00,0.000,0.000,0.00
1777903900,loop1,0.00,0.00,0.000,0.000,0.00
1777903900,loop10,0.00,0.00,0.000,0.000,0.00
1777903900,loop11,0.00,0.00,0.000,0.000,0.00
1777903900,loop12,0.00,0.00,0.000,0.000,0.00
1777903900,loop13,0.00,0.00,0.000,0.000,0.00
1777903900,loop14,0.00,0.00,0.000,0.000,0.00
1777903900,loop15,0.00,0.00,0.000,0.000,0.00
1777903900,loop16,0.00,0.00,0.000,0.000,0.00
1777903900,loop17,0.00,0.00,0.000,0.000,0.00
1777903900,loop18,0.00,0.00,0.000,0.000,0.00
1777903900,loop19,0.00,0.00,0.000,0.000,0.00
1777903900,loop2,0.00,0.00,0.000,0.000,0.00
1777903900,loop20,0.00,0.00,0.000,0.000,0.00
1777903900,loop21,0.00,0.00,0.000,0.000,0.00
1777903900,loop22,0.00,0.00,0.000,0.000,0.00
1777903900,loop23,0.00,0.00,0.000,0.000,0.00
1777903900,loop24,0.00,0.00,0.000,0.000,0.00
1777903900,loop25,0.00,0.00,0.000,0.000,0.00
1777903900,loop26,0.00,0.00,0.000,0.000,0.00
1777903900,loop27,0.00,0.00,0.000,0.000,0.00
1777903900,loop28,0.00,0.00,0.000,0.000,0.00
1777903900,loop29,0.00,0.00,0.000,0.000,0.00
1777903900,loop3,0.00,0.00,0.000,0.000,0.00
1777903900,loop30,0.00,0.00,0.000,0.000,0.00
1777903900,loop31,0.00,0.00,0.000,0.000,0.00
1777903900,loop32,0.00,0.00,0.000,0.000,0.00
1777903900,loop33,0.00,0.00,0.000,0.000,0.00
1777903900,loop34,0.00,0.00,0.000,0.000,0.00
1777903900,loop35,0.00,0.00,0.000,0.000,0.00
1777903900,loop36,0.00,0.00,0.000,0.000,0.00
1777903900,loop37,0.00,0.00,0.000,0.000,0.00
1777903900,loop38,0.00,0.00,0.000,0.000,0.00
1777903900,loop39,0.00,0.00,0.000,0.000,0.00
1777903900,loop4,0.00,0.00,0.000,0.000,0.00
1777903900,loop40,0.00,0.00,0.000,0.000,0.00
1777903900,loop5,0.00,0.00,0.000,0.000,0.00
1777903900,loop6,0.00,0.00,0.000,0.000,0.00
1777903900,loop7,0.00,0.00,0.000,0.000,0.00
1777903900,loop8,0.00,0.00,0.000,0.000,0.00
1777903900,loop9,0.00,0.00,0.000,0.000,0.00
1777903900,nvme0n1,17.00,292.00,0.000,0.000,1.00
1777903901,loop0,0.00,0.00,0.000,0.000,0.00
1777903901,loop1,0.00,0.00,0.000,0.000,0.00
1777903901,loop10,0.00,0.00,0.000,0.000,0.00
1777903901,loop11,0.00,0.00,0.000,0.000,0.00
1777903901,loop12,0.00,0.00,0.000,0.000,0.00
1777903901,loop13,0.00,0.00,0.000,0.000,0.00
1777903901,loop14,0.00,0.00,0.000,0.000,0.00
1777903901,loop15,0.00,0.00,0.000,0.000,0.00
1777903901,loop16,0.00,0.00,0.000,0.000,0.00
1777903901,loop17,0.00,0.00,0.000,0.000,0.00
1777903901,loop18,0.00,0.00,0.000,0.000,0.00
1777903901,loop19,0.00,0.00,0.000,0.000,0.00
1777903901,loop2,0.00,0.00,0.000,0.000,0.00
1777903901,loop20,0.00,0.00,0.000,0.000,0.00
1777903901,loop21,0.00,0.00,0.000,0.000,0.00
1777903901,loop22,0.00,0.00,0.000,0.000,0.00
1777903901,loop23,0.00,0.00,0.000,0.000,0.00
1777903901,loop24,0.00,0.00,0.000,0.000,0.00
1777903901,loop25,0.00,0.00,0.000,0.000,0.00
1777903901,loop26,0.00,0.00,0.000,0.000,0.00
1777903901,loop27,0.00,0.00,0.000,0.000,0.00
1777903901,loop28,0.00,0.00,0.000,0.000,0.00
1777903901,loop29,0.00,0.00,0.000,0.000,0.00
1777903901,loop3,0.00,0.00,0.000,0.000,0.00
1777903901,loop30,0.00,0.00,0.000,0.000,0.00
1777903901,loop31,0.00,0.00,0.000,0.000,0.00
1777903901,loop32,0.00,0.00,0.000,0.000,0.00
1777903901,loop33,0.00,0.00,0.000,0.000,0.00
1777903901,loop34,0.00,0.00,0.000,0.000,0.00
1777903901,loop35,0.00,0.00,0.000,0.000,0.00
1777903901,loop36,0.00,0.00,0.000,0.000,0.00
1777903901,loop37,0.00,0.00,0.000,0.000,0.00
1777903901,loop38,0.00,0.00,0.000,0.000,0.00
1777903901,loop39,0.00,0.00,0.000,0.000,0.00
1777903901,loop4,0.00,0.00,0.000,0.000,0.00
1777903901,loop40,0.00,0.00,0.000,0.000,0.00
1777903901,loop5,0.00,0.00,0.000,0.000,0.00
1777903901,loop6,0.00,0.00,0.000,0.000,0.00
1777903901,loop7,0.00,0.00,0.000,0.000,0.00
1777903901,loop8,0.00,0.00,0.000,0.000,0.00
1777903901,loop9,0.00,0.00,0.000,0.000,0.00
1777903901,nvme0n1,1.00,4.00,0.000,0.000,0.10
1777903902,loop0,0.00,0.00,0.000,0.000,0.00
1777903902,loop1,0.00,0.00,0.000,0.000,0.00
1777903902,loop10,0.00,0.00,0.000,0.000,0.00
1777903902,loop11,0.00,0.00,0.000,0.000,0.00
1777903902,loop12,0.00,0.00,0.000,0.000,0.00
1777903902,loop13,0.00,0.00,0.000,0.000,0.00
1777903902,loop14,0.00,0.00,0.000,0.000,0.00
1777903902,loop15,0.00,0.00,0.000,0.000,0.00
1777903902,loop16,0.00,0.00,0.000,0.000,0.00
1777903902,loop17,0.00,0.00,0.000,0.000,0.00
1777903902,loop18,0.00,0.00,0.000,0.000,0.00
1777903902,loop19,0.00,0.00,0.000,0.000,0.00
1777903902,loop2,0.00,0.00,0.000,0.000,0.00
1777903902,loop20,0.00,0.00,0.000,0.000,0.00
1777903902,loop21,0.00,0.00,0.000,0.000,0.00
1777903902,loop22,0.00,0.00,0.000,0.000,0.00
1777903902,loop23,0.00,0.00,0.000,0.000,0.00
1777903902,loop24,0.00,0.00,0.000,0.000,0.00
1777903902,loop25,0.00,0.00,0.000,0.000,0.00
1777903902,loop26,0.00,0.00,0.000,0.000,0.00
1777903902,loop27,0.00,0.00,0.000,0.000,0.00
1777903902,loop28,0.00,0.00,0.000,0.000,0.00
1777903902,loop29,0.00,0.00,0.000,0.000,0.00
1777903902,loop3,0.00,0.00,0.000,0.000,0.00
1777903902,loop30,0.00,0.00,0.000,0.000,0.00
1777903902,loop31,0.00,0.00,0.000,0.000,0.00
1777903902,loop32,0.00,0.00,0.000,0.000,0.00
1777903902,loop33,0.00,0.00,0.000,0.000,0.00
1777903902,loop34,0.00,0.00,0.000,0.000,0.00
1777903902,loop35,0.00,0.00,0.000,0.000,0.00
1777903902,loop36,0.00,0.00,0.000,0.000,0.00
1777903902,loop37,0.00,0.00,0.000,0.000,0.00
1777903902,loop38,0.00,0.00,0.000,0.000,0.00
1777903902,loop39,0.00,0.00,0.000,0.000,0.00
1777903902,loop4,0.00,0.00,0.000,0.000,0.00
1777903902,loop40,0.00,0.00,0.000,0.000,0.00
1777903902,loop5,0.00,0.00,0.000,0.000,0.00
1777903902,loop6,0.00,0.00,0.000,0.000,0.00
1777903902,loop7,0.00,0.00,0.000,0.000,0.00
1777903902,loop8,0.00,0.00,0.000,0.000,0.00
1777903902,loop9,0.00,0.00,0.000,0.000,0.00
1777903902,nvme0n1,0.00,0.00,0.000,0.000,0.00
1777903903,loop0,0.00,0.00,0.000,0.000,0.00
1777903903,loop1,0.00,0.00,0.000,0.000,0.00
1777903903,loop10,0.00,0.00,0.000,0.000,0.00
1777903903,loop11,0.00,0.00,0.000,0.000,0.00
1777903903,loop12,0.00,0.00,0.000,0.000,0.00
1777903903,loop13,0.00,0.00,0.000,0.000,0.00
1777903903,loop14,0.00,0.00,0.000,0.000,0.00
1777903903,loop15,0.00,0.00,0.000,0.000,0.00
1777903903,loop16,0.00,0.00,0.000,0.000,0.00
1777903903,loop17,0.00,0.00,0.000,0.000,0.00
1777903903,loop18,0.00,0.00,0.000,0.000,0.00
1777903903,loop19,0.00,0.00,0.000,0.000,0.00
1777903903,loop2,0.00,0.00,0.000,0.000,0.00
1777903903,loop20,0.00,0.00,0.000,0.000,0.00
1777903903,loop21,0.00,0.00,0.000,0.000,0.00
1777903903,loop22,0.00,0.00,0.000,0.000,0.00
1777903903,loop23,0.00,0.00,0.000,0.000,0.00
1777903903,loop24,0.00,0.00,0.000,0.000,0.00
1777903903,loop25,0.00,0.00,0.000,0.000,0.00
1777903903,loop26,0.00,0.00,0.000,0.000,0.00
1777903903,loop27,0.00,0.00,0.000,0.000,0.00
1777903903,loop28,0.00,0.00,0.000,0.000,0.00
1777903903,loop29,0.00,0.00,0.000,0.000,0.00
1777903903,loop3,0.00,0.00,0.000,0.000,0.00
1777903903,loop30,0.00,0.00,0.000,0.000,0.00
1777903903,loop31,0.00,0.00,0.000,0.000,0.00
1777903903,loop32,0.00,0.00,0.000,0.000,0.00
1777903903,loop33,0.00,0.00,0.000,0.000,0.00
1777903903,loop34,0.00,0.00,0.000,0.000,0.00
1777903903,loop35,0.00,0.00,0.000,0.000,0.00
1777903903,loop36,0.00,0.00,0.000,0.000,0.00
1777903903,loop37,0.00,0.00,0.000,0.000,0.00
1777903903,loop38,0.00,0.00,0.000,0.000,0.00
1777903903,loop39,0.00,0.00,0.000,0.000,0.00
1777903903,loop4,0.00,0.00,0.000,0.000,0.00
1777903903,loop40,0.00,0.00,0.000,0.000,0.00
1777903903,loop5,0.00,0.00,0.000,0.000,0.00
1777903903,loop6,0.00,0.00,0.000,0.000,0.00
1777903903,loop7,0.00,0.00,0.000,0.000,0.00
1777903903,loop8,0.00,0.00,0.000,0.000,0.00
1777903903,loop9,0.00,0.00,0.000,0.000,0.00
1777903903,nvme0n1,12.00,172.00,0.000,0.000,0.20
1777903904,loop0,0.00,0.00,0.000,0.000,0.00
1777903904,loop1,0.00,0.00,0.000,0.000,0.00
1777903904,loop10,0.00,0.00,0.000,0.000,0.00
1777903904,loop11,0.00,0.00,0.000,0.000,0.00
1777903904,loop12,0.00,0.00,0.000,0.000,0.00
1777903904,loop13,0.00,0.00,0.000,0.000,0.00
1777903904,loop14,0.00,0.00,0.000,0.000,0.00
1777903904,loop15,0.00,0.00,0.000,0.000,0.00
1777903904,loop16,0.00,0.00,0.000,0.000,0.00
1777903904,loop17,0.00,0.00,0.000,0.000,0.00
1777903904,loop18,0.00,0.00,0.000,0.000,0.00
1777903904,loop19,0.00,0.00,0.000,0.000,0.00
1777903904,loop2,0.00,0.00,0.000,0.000,0.00
1777903904,loop20,0.00,0.00,0.000,0.000,0.00
1777903904,loop21,0.00,0.00,0.000,0.000,0.00
1777903904,loop22,0.00,0.00,0.000,0.000,0.00
1777903904,loop23,0.00,0.00,0.000,0.000,0.00
1777903904,loop24,0.00,0.00,0.000,0.000,0.00
1777903904,loop25,0.00,0.00,0.000,0.000,0.00
1777903904,loop26,0.00,0.00,0.000,0.000,0.00
1777903904,loop27,0.00,0.00,0.000,0.000,0.00
1777903904,loop28,0.00,0.00,0.000,0.000,0.00
1777903904,loop29,0.00,0.00,0.000,0.000,0.00
1777903904,loop3,0.00,0.00,0.000,0.000,0.00
1777903904,loop30,0.00,0.00,0.000,0.000,0.00
1777903904,loop31,0.00,0.00,0.000,0.000,0.00
1777903904,loop32,0.00,0.00,0.000,0.000,0.00
1777903904,loop33,0.00,0.00,0.000,0.000,0.00
1777903904,loop34,0.00,0.00,0.000,0.000,0.00
1777903904,loop35,0.00,0.00,0.000,0.000,0.00
1777903904,loop36,0.00,0.00,0.000,0.000,0.00
1777903904,loop37,0.00,0.00,0.000,0.000,0.00
1777903904,loop38,0.00,0.00,0.000,0.000,0.00
1777903904,loop39,0.00,0.00,0.000,0.000,0.00
1777903904,loop4,0.00,0.00,0.000,0.000,0.00
1777903904,loop40,0.00,0.00,0.000,0.000,0.00
1777903904,loop5,0.00,0.00,0.000,0.000,0.00
1777903904,loop6,0.00,0.00,0.000,0.000,0.00
1777903904,loop7,0.00,0.00,0.000,0.000,0.00
1777903904,loop8,0.00,0.00,0.000,0.000,0.00
1777903904,loop9,0.00,0.00,0.000,0.000,0.00
1777903904,nvme0n1,2.00,8.00,0.000,0.000,0.10
1777903905,loop0,0.00,0.00,0.000,0.000,0.00
1777903905,loop1,0.00,0.00,0.000,0.000,0.00
1777903905,loop10,0.00,0.00,0.000,0.000,0.00
1777903905,loop11,0.00,0.00,0.000,0.000,0.00
1777903905,loop12,0.00,0.00,0.000,0.000,0.00
1777903905,loop13,0.00,0.00,0.000,0.000,0.00
1777903905,loop14,0.00,0.00,0.000,0.000,0.00
1777903905,loop15,0.00,0.00,0.000,0.000,0.00
1777903905,loop16,0.00,0.00,0.000,0.000,0.00
1777903905,loop17,0.00,0.00,0.000,0.000,0.00
1777903905,loop18,0.00,0.00,0.000,0.000,0.00
1777903905,loop19,0.00,0.00,0.000,0.000,0.00
1777903905,loop2,0.00,0.00,0.000,0.000,0.00
1777903905,loop20,0.00,0.00,0.000,0.000,0.00
1777903905,loop21,0.00,0.00,0.000,0.000,0.00
1777903905,loop22,0.00,0.00,0.000,0.000,0.00
1777903905,loop23,0.00,0.00,0.000,0.000,0.00
1777903905,loop24,0.00,0.00,0.000,0.000,0.00
1777903905,loop25,0.00,0.00,0.000,0.000,0.00
1777903905,loop26,0.00,0.00,0.000,0.000,0.00
1777903905,loop27,0.00,0.00,0.000,0.000,0.00
1777903905,loop28,0.00,0.00,0.000,0.000,0.00
1777903905,loop29,0.00,0.00,0.000,0.000,0.00
1777903905,loop3,0.00,0.00,0.000,0.000,0.00
1777903905,loop30,0.00,0.00,0.000,0.000,0.00
1777903905,loop31,0.00,0.00,0.000,0.000,0.00
1777903905,loop32,0.00,0.00,0.000,0.000,0.00
1777903905,loop33,0.00,0.00,0.000,0.000,0.00
1777903905,loop34,0.00,0.00,0.000,0.000,0.00
1777903905,loop35,0.00,0.00,0.000,0.000,0.00
1777903905,loop36,0.00,0.00,0.000,0.000,0.00
1777903905,loop37,0.00,0.00,0.000,0.000,0.00
1777903905,loop38,0.00,0.00,0.000,0.000,0.00
1777903905,loop39,0.00,0.00,0.000,0.000,0.00
1777903905,loop4,0.00,0.00,0.000,0.000,0.00
1777903905,loop40,0.00,0.00,0.000,0.000,0.00
1777903905,loop5,0.00,0.00,0.000,0.000,0.00
1777903905,loop6,0.00,0.00,0.000,0.000,0.00
1777903905,loop7,0.00,0.00,0.000,0.000,0.00
1777903905,loop8,0.00,0.00,0.000,0.000,0.00
1777903905,loop9,0.00,0.00,0.000,0.000,0.00
1777903905,nvme0n1,1.00,8.00,0.001,0.049,0.10
1777903906,loop0,0.00,0.00,0.000,0.000,0.00
1777903906,loop1,0.00,0.00,0.000,0.000,0.00
1777903906,loop10,0.00,0.00,0.000,0.000,0.00
1777903906,loop11,0.00,0.00,0.000,0.000,0.00
1777903906,loop12,0.00,0.00,0.000,0.000,0.00
1777903906,loop13,0.00,0.00,0.000,0.000,0.00
1777903906,loop14,0.00,0.00,0.000,0.000,0.00
1777903906,loop15,0.00,0.00,0.000,0.000,0.00
1777903906,loop16,0.00,0.00,0.000,0.000,0.00
1777903906,loop17,0.00,0.00,0.000,0.000,0.00
1777903906,loop18,0.00,0.00,0.000,0.000,0.00
1777903906,loop19,0.00,0.00,0.000,0.000,0.00
1777903906,loop2,0.00,0.00,0.000,0.000,0.00
1777903906,loop20,0.00,0.00,0.000,0.000,0.00
1777903906,loop21,0.00,0.00,0.000,0.000,0.00
1777903906,loop22,0.00,0.00,0.000,0.000,0.00
1777903906,loop23,0.00,0.00,0.000,0.000,0.00
1777903906,loop24,0.00,0.00,0.000,0.000,0.00
1777903906,loop25,0.00,0.00,0.000,0.000,0.00
1777903906,loop26,0.00,0.00,0.000,0.000,0.00
1777903906,loop27,0.00,0.00,0.000,0.000,0.00
1777903906,loop28,0.00,0.00,0.000,0.000,0.00
1777903906,loop29,0.00,0.00,0.000,0.000,0.00
1777903906,loop3,0.00,0.00,0.000,0.000,0.00
1777903906,loop30,0.00,0.00,0.000,0.000,0.00
1777903906,loop31,0.00,0.00,0.000,0.000,0.00
1777903906,loop32,0.00,0.00,0.000,0.000,0.00
1777903906,loop33,0.00,0.00,0.000,0.000,0.00
1777903906,loop34,0.00,0.00,0.000,0.000,0.00
1777903906,loop35,0.00,0.00,0.000,0.000,0.00
1777903906,loop36,0.00,0.00,0.000,0.000,0.00
1777903906,loop37,0.00,0.00,0.000,0.000,0.00
1777903906,loop38,0.00,0.00,0.000,0.000,0.00
1777903906,loop39,0.00,0.00,0.000,0.000,0.00
1777903906,loop4,0.00,0.00,0.000,0.000,0.00
1777903906,loop40,0.00,0.00,0.000,0.000,0.00
1777903906,loop5,0.00,0.00,0.000,0.000,0.00
1777903906,loop6,0.00,0.00,0.000,0.000,0.00
1777903906,loop7,0.00,0.00,0.000,0.000,0.00
1777903906,loop8,0.00,0.00,0.000,0.000,0.00
1777903906,loop9,0.00,0.00,0.000,0.000,0.00
1777903906,nvme0n1,0.00,0.00,0.000,0.000,1.10
1777903907,loop0,0.00,0.00,0.000,0.000,0.00
1777903907,loop1,0.00,0.00,0.000,0.000,0.00
1777903907,loop10,0.00,0.00,0.000,0.000,0.00
1777903907,loop11,0.00,0.00,0.000,0.000,0.00
1777903907,loop12,0.00,0.00,0.000,0.000,0.00
1777903907,loop13,0.00,0.00,0.000,0.000,0.00
1777903907,loop14,0.00,0.00,0.000,0.000,0.00
1777903907,loop15,0.00,0.00,0.000,0.000,0.00
1777903907,loop16,0.00,0.00,0.000,0.000,0.00
1777903907,loop17,0.00,0.00,0.000,0.000,0.00
1777903907,loop18,0.00,0.00,0.000,0.000,0.00
1777903907,loop19,0.00,0.00,0.000,0.000,0.00
1777903907,loop2,0.00,0.00,0.000,0.000,0.00
1777903907,loop20,0.00,0.00,0.000,0.000,0.00
1777903907,loop21,0.00,0.00,0.000,0.000,0.00
1777903907,loop22,0.00,0.00,0.000,0.000,0.00
1777903907,loop23,0.00,0.00,0.000,0.000,0.00
1777903907,loop24,0.00,0.00,0.000,0.000,0.00
1777903907,loop25,0.00,0.00,0.000,0.000,0.00
1777903907,loop26,0.00,0.00,0.000,0.000,0.00
1777903907,loop27,0.00,0.00,0.000,0.000,0.00
1777903907,loop28,0.00,0.00,0.000,0.000,0.00
1777903907,loop29,0.00,0.00,0.000,0.000,0.00
1777903907,loop3,0.00,0.00,0.000,0.000,0.00
1777903907,loop30,0.00,0.00,0.000,0.000,0.00
1777903907,loop31,0.00,0.00,0.000,0.000,0.00
1777903907,loop32,0.00,0.00,0.000,0.000,0.00
1777903907,loop33,0.00,0.00,0.000,0.000,0.00
1777903907,loop34,0.00,0.00,0.000,0.000,0.00
1777903907,loop35,0.00,0.00,0.000,0.000,0.00
1777903907,loop36,0.00,0.00,0.000,0.000,0.00
1777903907,loop37,0.00,0.00,0.000,0.000,0.00
1777903907,loop38,0.00,0.00,0.000,0.000,0.00
1777903907,loop39,0.00,0.00,0.000,0.000,0.00
1777903907,loop4,0.00,0.00,0.000,0.000,0.00
1777903907,loop40,0.00,0.00,0.000,0.000,0.00
1777903907,loop5,0.00,0.00,0.000,0.000,0.00
1777903907,loop6,0.00,0.00,0.000,0.000,0.00
1777903907,loop7,0.00,0.00,0.000,0.000,0.00
1777903907,loop8,0.00,0.00,0.000,0.000,0.00
1777903907,loop9,0.00,0.00,0.000,0.000,0.00
1777903907,nvme0n1,3.00,12.00,0.000,0.000,0.60
1777903908,loop0,0.00,0.00,0.000,0.000,0.00
1777903908,loop1,0.00,0.00,0.000,0.000,0.00
1777903908,loop10,0.00,0.00,0.000,0.000,0.00
1777903908,loop11,0.00,0.00,0.000,0.000,0.00
1777903908,loop12,0.00,0.00,0.000,0.000,0.00
1777903908,loop13,0.00,0.00,0.000,0.000,0.00
1777903908,loop14,0.00,0.00,0.000,0.000,0.00
1777903908,loop15,0.00,0.00,0.000,0.000,0.00
1777903908,loop16,0.00,0.00,0.000,0.000,0.00
1777903908,loop17,0.00,0.00,0.000,0.000,0.00
1777903908,loop18,0.00,0.00,0.000,0.000,0.00
1777903908,loop19,0.00,0.00,0.000,0.000,0.00
1777903908,loop2,0.00,0.00,0.000,0.000,0.00
1777903908,loop20,0.00,0.00,0.000,0.000,0.00
1777903908,loop21,0.00,0.00,0.000,0.000,0.00
1777903908,loop22,0.00,0.00,0.000,0.000,0.00
1777903908,loop23,0.00,0.00,0.000,0.000,0.00
1777903908,loop24,0.00,0.00,0.000,0.000,0.00
1777903908,loop25,0.00,0.00,0.000,0.000,0.00
1777903908,loop26,0.00,0.00,0.000,0.000,0.00
1777903908,loop27,0.00,0.00,0.000,0.000,0.00
1777903908,loop28,0.00,0.00,0.000,0.000,0.00
1777903908,loop29,0.00,0.00,0.000,0.000,0.00
1777903908,loop3,0.00,0.00,0.000,0.000,0.00
1777903908,loop30,0.00,0.00,0.000,0.000,0.00
1777903908,loop31,0.00,0.00,0.000,0.000,0.00
1777903908,loop32,0.00,0.00,0.000,0.000,0.00
1777903908,loop33,0.00,0.00,0.000,0.000,0.00
1777903908,loop34,0.00,0.00,0.000,0.000,0.00
1777903908,loop35,0.00,0.00,0.000,0.000,0.00
1777903908,loop36,0.00,0.00,0.000,0.000,0.00
1777903908,loop37,0.00,0.00,0.000,0.000,0.00
1777903908,loop38,0.00,0.00,0.000,0.000,0.00
1777903908,loop39,0.00,0.00,0.000,0.000,0.00
1777903908,loop4,0.00,0.00,0.000,0.000,0.00
1777903908,loop40,0.00,0.00,0.000,0.000,0.00
1777903908,loop5,0.00,0.00,0.000,0.000,0.00
1777903908,loop6,0.00,0.00,0.000,0.000,0.00
1777903908,loop7,0.00,0.00,0.000,0.000,0.00
1777903908,loop8,0.00,0.00,0.000,0.000,0.00
1777903908,loop9,0.00,0.00,0.000,0.000,0.00
1777903908,nvme0n1,1.00,4.00,0.000,0.000,0.50
1777903909,loop0,0.00,0.00,0.000,0.000,0.00
1777903909,loop1,0.00,0.00,0.000,0.000,0.00
1777903909,loop10,0.00,0.00,0.000,0.000,0.00
1777903909,loop11,0.00,0.00,0.000,0.000,0.00
1777903909,loop12,0.00,0.00,0.000,0.000,0.00
1777903909,loop13,0.00,0.00,0.000,0.000,0.00
1777903909,loop14,0.00,0.00,0.000,0.000,0.00
1777903909,loop15,0.00,0.00,0.000,0.000,0.00
1777903909,loop16,0.00,0.00,0.000,0.000,0.00
1777903909,loop17,0.00,0.00,0.000,0.000,0.00
1777903909,loop18,0.00,0.00,0.000,0.000,0.00
1777903909,loop19,0.00,0.00,0.000,0.000,0.00
1777903909,loop2,0.00,0.00,0.000,0.000,0.00
1777903909,loop20,0.00,0.00,0.000,0.000,0.00
1777903909,loop21,0.00,0.00,0.000,0.000,0.00
1777903909,loop22,0.00,0.00,0.000,0.000,0.00
1777903909,loop23,0.00,0.00,0.000,0.000,0.00
1777903909,loop24,0.00,0.00,0.000,0.000,0.00
1777903909,loop25,0.00,0.00,0.000,0.000,0.00
1777903909,loop26,0.00,0.00,0.000,0.000,0.00
1777903909,loop27,0.00,0.00,0.000,0.000,0.00
1777903909,loop28,0.00,0.00,0.000,0.000,0.00
1777903909,loop29,0.00,0.00,0.000,0.000,0.00
1777903909,loop3,0.00,0.00,0.000,0.000,0.00
1777903909,loop30,0.00,0.00,0.000,0.000,0.00
1777903909,loop31,0.00,0.00,0.000,0.000,0.00
1777903909,loop32,0.00,0.00,0.000,0.000,0.00
1777903909,loop33,0.00,0.00,0.000,0.000,0.00
1777903909,loop34,0.00,0.00,0.000,0.000,0.00
1777903909,loop35,0.00,0.00,0.000,0.000,0.00
1777903909,loop36,0.00,0.00,0.000,0.000,0.00
1777903909,loop37,0.00,0.00,0.000,0.000,0.00
1777903909,loop38,0.00,0.00,0.000,0.000,0.00
1777903909,loop39,0.00,0.00,0.000,0.000,0.00
1777903909,loop4,0.00,0.00,0.000,0.000,0.00
1777903909,loop40,0.00,0.00,0.000,0.000,0.00
1777903909,loop5,0.00,0.00,0.000,0.000,0.00
1777903909,loop6,0.00,0.00,0.000,0.000,0.00
1777903909,loop7,0.00,0.00,0.000,0.000,0.00
1777903909,loop8,0.00,0.00,0.000,0.000,0.00
1777903909,loop9,0.00,0.00,0.000,0.000,0.00
1777903909,nvme0n1,2.00,8.00,0.000,0.000,0.50
1777903910,loop0,0.00,0.00,0.000,0.000,0.00
1777903910,loop1,0.00,0.00,0.000,0.000,0.00
1777903910,loop10,0.00,0.00,0.000,0.000,0.00
1777903910,loop11,0.00,0.00,0.000,0.000,0.00
1777903910,loop12,0.00,0.00,0.000,0.000,0.00
1777903910,loop13,0.00,0.00,0.000,0.000,0.00
1777903910,loop14,0.00,0.00,0.000,0.000,0.00
1777903910,loop15,0.00,0.00,0.000,0.000,0.00
1777903910,loop16,0.00,0.00,0.000,0.000,0.00
1777903910,loop17,0.00,0.00,0.000,0.000,0.00
1777903910,loop18,0.00,0.00,0.000,0.000,0.00
1777903910,loop19,0.00,0.00,0.000,0.000,0.00
1777903910,loop2,0.00,0.00,0.000,0.000,0.00
1777903910,loop20,0.00,0.00,0.000,0.000,0.00
1777903910,loop21,0.00,0.00,0.000,0.000,0.00
1777903910,loop22,0.00,0.00,0.000,0.000,0.00
1777903910,loop23,0.00,0.00,0.000,0.000,0.00
1777903910,loop24,0.00,0.00,0.000,0.000,0.00
1777903910,loop25,0.00,0.00,0.000,0.000,0.00
1777903910,loop26,0.00,0.00,0.000,0.000,0.00
1777903910,loop27,0.00,0.00,0.000,0.000,0.00
1777903910,loop28,0.00,0.00,0.000,0.000,0.00
1777903910,loop29,0.00,0.00,0.000,0.000,0.00
1777903910,loop3,0.00,0.00,0.000,0.000,0.00
1777903910,loop30,0.00,0.00,0.000,0.000,0.00
1777903910,loop31,0.00,0.00,0.000,0.000,0.00
1777903910,loop32,0.00,0.00,0.000,0.000,0.00
1777903910,loop33,0.00,0.00,0.000,0.000,0.00
1777903910,loop34,0.00,0.00,0.000,0.000,0.00
1777903910,loop35,0.00,0.00,0.000,0.000,0.00
1777903910,loop36,0.00,0.00,0.000,0.000,0.00
1777903910,loop37,0.00,0.00,0.000,0.000,0.00
1777903910,loop38,0.00,0.00,0.000,0.000,0.00
1777903910,loop39,0.00,0.00,0.000,0.000,0.00
1777903910,loop4,0.00,0.00,0.000,0.000,0.00
1777903910,loop40,0.00,0.00,0.000,0.000,0.00
1777903910,loop5,0.00,0.00,0.000,0.000,0.00
1777903910,loop6,0.00,0.00,0.000,0.000,0.00
1777903910,loop7,0.00,0.00,0.000,0.000,0.00
1777903910,loop8,0.00,0.00,0.000,0.000,0.00
1777903910,loop9,0.00,0.00,0.000,0.000,0.00
1777903910,nvme0n1,0.00,0.00,0.000,0.000,0.00
1777903911,loop0,0.00,0.00,0.000,0.000,0.00
1777903911,loop1,0.00,0.00,0.000,0.000,0.00
1777903911,loop10,0.00,0.00,0.000,0.000,0.00
1777903911,loop11,0.00,0.00,0.000,0.000,0.00
1777903911,loop12,0.00,0.00,0.000,0.000,0.00
1777903911,loop13,0.00,0.00,0.000,0.000,0.00
1777903911,loop14,0.00,0.00,0.000,0.000,0.00
1777903911,loop15,0.00,0.00,0.000,0.000,0.00
1777903911,loop16,0.00,0.00,0.000,0.000,0.00
1777903911,loop17,0.00,0.00,0.000,0.000,0.00
1777903911,loop18,0.00,0.00,0.000,0.000,0.00
1777903911,loop19,0.00,0.00,0.000,0.000,0.00
1777903911,loop2,0.00,0.00,0.000,0.000,0.00
1777903911,loop20,0.00,0.00,0.000,0.000,0.00
1777903911,loop21,0.00,0.00,0.000,0.000,0.00
1777903911,loop22,0.00,0.00,0.000,0.000,0.00
1777903911,loop23,0.00,0.00,0.000,0.000,0.00
1777903911,loop24,0.00,0.00,0.000,0.000,0.00
1777903911,loop25,0.00,0.00,0.000,0.000,0.00
1777903911,loop26,0.00,0.00,0.000,0.000,0.00
1777903911,loop27,0.00,0.00,0.000,0.000,0.00
1777903911,loop28,0.00,0.00,0.000,0.000,0.00
1777903911,loop29,0.00,0.00,0.000,0.000,0.00
1777903911,loop3,0.00,0.00,0.000,0.000,0.00
1777903911,loop30,0.00,0.00,0.000,0.000,0.00
1777903911,loop31,0.00,0.00,0.000,0.000,0.00
1777903911,loop32,0.00,0.00,0.000,0.000,0.00
1777903911,loop33,0.00,0.00,0.000,0.000,0.00
1777903911,loop34,0.00,0.00,0.000,0.000,0.00
1777903911,loop35,0.00,0.00,0.000,0.000,0.00
1777903911,loop36,0.00,0.00,0.000,0.000,0.00
1777903911,loop37,0.00,0.00,0.000,0.000,0.00
1777903911,loop38,0.00,0.00,0.000,0.000,0.00
1777903911,loop39,0.00,0.00,0.000,0.000,0.00
1777903911,loop4,0.00,0.00,0.000,0.000,0.00
1777903911,loop40,0.00,0.00,0.000,0.000,0.00
1777903911,loop5,0.00,0.00,0.000,0.000,0.00
1777903911,loop6,0.00,0.00,0.000,0.000,0.00
1777903911,loop7,0.00,0.00,0.000,0.000,0.00
1777903911,loop8,0.00,0.00,0.000,0.000,0.00
1777903911,loop9,0.00,0.00,0.000,0.000,0.00
1777903911,nvme0n1,4.00,20.00,0.001,0.020,0.10
1777903912,loop0,0.00,0.00,0.000,0.000,0.00
1777903912,loop1,0.00,0.00,0.000,0.000,0.00
1777903912,loop10,0.00,0.00,0.000,0.000,0.00
1777903912,loop11,0.00,0.00,0.000,0.000,0.00
1777903912,loop12,0.00,0.00,0.000,0.000,0.00
1777903912,loop13,0.00,0.00,0.000,0.000,0.00
1777903912,loop14,0.00,0.00,0.000,0.000,0.00
1777903912,loop15,0.00,0.00,0.000,0.000,0.00
1777903912,loop16,0.00,0.00,0.000,0.000,0.00
1777903912,loop17,0.00,0.00,0.000,0.000,0.00
1777903912,loop18,0.00,0.00,0.000,0.000,0.00
1777903912,loop19,0.00,0.00,0.000,0.000,0.00
1777903912,loop2,0.00,0.00,0.000,0.000,0.00
1777903912,loop20,0.00,0.00,0.000,0.000,0.00
1777903912,loop21,0.00,0.00,0.000,0.000,0.00
1777903912,loop22,0.00,0.00,0.000,0.000,0.00
1777903912,loop23,0.00,0.00,0.000,0.000,0.00
1777903912,loop24,0.00,0.00,0.000,0.000,0.00
1777903912,loop25,0.00,0.00,0.000,0.000,0.00
1777903912,loop26,0.00,0.00,0.000,0.000,0.00
1777903912,loop27,0.00,0.00,0.000,0.000,0.00
1777903912,loop28,0.00,0.00,0.000,0.000,0.00
1777903912,loop29,0.00,0.00,0.000,0.000,0.00
1777903912,loop3,0.00,0.00,0.000,0.000,0.00
1777903912,loop30,0.00,0.00,0.000,0.000,0.00
1777903912,loop31,0.00,0.00,0.000,0.000,0.00
1777903912,loop32,0.00,0.00,0.000,0.000,0.00
1777903912,loop33,0.00,0.00,0.000,0.000,0.00
1777903912,loop34,0.00,0.00,0.000,0.000,0.00
1777903912,loop35,0.00,0.00,0.000,0.000,0.00
1777903912,loop36,0.00,0.00,0.000,0.000,0.00
1777903912,loop37,0.00,0.00,0.000,0.000,0.00
1777903912,loop38,0.00,0.00,0.000,0.000,0.00
1777903912,loop39,0.00,0.00,0.000,0.000,0.00
1777903912,loop4,0.00,0.00,0.000,0.000,0.00
1777903912,loop40,0.00,0.00,0.000,0.000,0.00
1777903912,loop5,0.00,0.00,0.000,0.000,0.00
1777903912,loop6,0.00,0.00,0.000,0.000,0.00
1777903912,loop7,0.00,0.00,0.000,0.000,0.00
1777903912,loop8,0.00,0.00,0.000,0.000,0.00
1777903912,loop9,0.00,0.00,0.000,0.000,0.00
1777903912,nvme0n1,0.00,0.00,0.000,0.000,1.30
1777903913,loop0,0.00,0.00,0.000,0.000,0.00
1777903913,loop1,0.00,0.00,0.000,0.000,0.00
1777903913,loop10,0.00,0.00,0.000,0.000,0.00
1777903913,loop11,0.00,0.00,0.000,0.000,0.00
1777903913,loop12,0.00,0.00,0.000,0.000,0.00
1777903913,loop13,0.00,0.00,0.000,0.000,0.00
1777903913,loop14,0.00,0.00,0.000,0.000,0.00
1777903913,loop15,0.00,0.00,0.000,0.000,0.00
1777903913,loop16,0.00,0.00,0.000,0.000,0.00
1777903913,loop17,0.00,0.00,0.000,0.000,0.00
1777903913,loop18,0.00,0.00,0.000,0.000,0.00
1777903913,loop19,0.00,0.00,0.000,0.000,0.00
1777903913,loop2,0.00,0.00,0.000,0.000,0.00
1777903913,loop20,0.00,0.00,0.000,0.000,0.00
1777903913,loop21,0.00,0.00,0.000,0.000,0.00
1777903913,loop22,0.00,0.00,0.000,0.000,0.00
1777903913,loop23,0.00,0.00,0.000,0.000,0.00
1777903913,loop24,0.00,0.00,0.000,0.000,0.00
1777903913,loop25,0.00,0.00,0.000,0.000,0.00
1777903913,loop26,0.00,0.00,0.000,0.000,0.00
1777903913,loop27,0.00,0.00,0.000,0.000,0.00
1777903913,loop28,0.00,0.00,0.000,0.000,0.00
1777903913,loop29,0.00,0.00,0.000,0.000,0.00
1777903913,loop3,0.00,0.00,0.000,0.000,0.00
1777903913,loop30,0.00,0.00,0.000,0.000,0.00
1777903913,loop31,0.00,0.00,0.000,0.000,0.00
1777903913,loop32,0.00,0.00,0.000,0.000,0.00
1777903913,loop33,0.00,0.00,0.000,0.000,0.00
1777903913,loop34,0.00,0.00,0.000,0.000,0.00
1777903913,loop35,0.00,0.00,0.000,0.000,0.00
1777903913,loop36,0.00,0.00,0.000,0.000,0.00
1777903913,loop37,0.00,0.00,0.000,0.000,0.00
1777903913,loop38,0.00,0.00,0.000,0.000,0.00
1777903913,loop39,0.00,0.00,0.000,0.000,0.00
1777903913,loop4,0.00,0.00,0.000,0.000,0.00
1777903913,loop40,0.00,0.00,0.000,0.000,0.00
1777903913,loop5,0.00,0.00,0.000,0.000,0.00
1777903913,loop6,0.00,0.00,0.000,0.000,0.00
1777903913,loop7,0.00,0.00,0.000,0.000,0.00
1777903913,loop8,0.00,0.00,0.000,0.000,0.00
1777903913,loop9,0.00,0.00,0.000,0.000,0.00
1777903913,nvme0n1,1.00,12.00,0.002,0.065,0.40
1777903914,loop0,0.00,0.00,0.000,0.000,0.00
1777903914,loop1,0.00,0.00,0.000,0.000,0.00
1777903914,loop10,0.00,0.00,0.000,0.000,0.00
1777903914,loop11,0.00,0.00,0.000,0.000,0.00
1777903914,loop12,0.00,0.00,0.000,0.000,0.00
1777903914,loop13,0.00,0.00,0.000,0.000,0.00
1777903914,loop14,0.00,0.00,0.000,0.000,0.00
1777903914,loop15,0.00,0.00,0.000,0.000,0.00
1777903914,loop16,0.00,0.00,0.000,0.000,0.00
1777903914,loop17,0.00,0.00,0.000,0.000,0.00
1777903914,loop18,0.00,0.00,0.000,0.000,0.00
1777903914,loop19,0.00,0.00,0.000,0.000,0.00
1777903914,loop2,0.00,0.00,0.000,0.000,0.00
1777903914,loop20,0.00,0.00,0.000,0.000,0.00
1777903914,loop21,0.00,0.00,0.000,0.000,0.00
1777903914,loop22,0.00,0.00,0.000,0.000,0.00
1777903914,loop23,0.00,0.00,0.000,0.000,0.00
1777903914,loop24,0.00,0.00,0.000,0.000,0.00
1777903914,loop25,0.00,0.00,0.000,0.000,0.00
1777903914,loop26,0.00,0.00,0.000,0.000,0.00
1777903914,loop27,0.00,0.00,0.000,0.000,0.00
1777903914,loop28,0.00,0.00,0.000,0.000,0.00
1777903914,loop29,0.00,0.00,0.000,0.000,0.00
1777903914,loop3,0.00,0.00,0.000,0.000,0.00
1777903914,loop30,0.00,0.00,0.000,0.000,0.00
1777903914,loop31,0.00,0.00,0.000,0.000,0.00
1777903914,loop32,0.00,0.00,0.000,0.000,0.00
1777903914,loop33,0.00,0.00,0.000,0.000,0.00
1777903914,loop34,0.00,0.00,0.000,0.000,0.00
1777903914,loop35,0.00,0.00,0.000,0.000,0.00
1777903914,loop36,0.00,0.00,0.000,0.000,0.00
1777903914,loop37,0.00,0.00,0.000,0.000,0.00
1777903914,loop38,0.00,0.00,0.000,0.000,0.00
1777903914,loop39,0.00,0.00,0.000,0.000,0.00
1777903914,loop4,0.00,0.00,0.000,0.000,0.00
1777903914,loop40,0.00,0.00,0.000,0.000,0.00
1777903914,loop5,0.00,0.00,0.000,0.000,0.00
1777903914,loop6,0.00,0.00,0.000,0.000,0.00
1777903914,loop7,0.00,0.00,0.000,0.000,0.00
1777903914,loop8,0.00,0.00,0.000,0.000,0.00
1777903914,loop9,0.00,0.00,0.000,0.000,0.00
1777903914,nvme0n1,4.00,20.00,0.001,0.020,0.10
