t_unix,device,r_iops,w_iops,r_mb_s,w_mb_s,util_pct
1777902438,loop0,0.00,0.00,0.000,0.000,0.00
1777902438,loop1,0.00,0.00,0.000,0.000,0.00
1777902438,loop10,0.00,0.00,0.000,0.000,0.00
1777902438,loop11,0.00,0.00,0.000,0.000,0.00
1777902438,loop12,0.00,0.00,0.000,0.000,0.00
1777902438,loop13,0.00,0.00,0.000,0.000,0.00
1777902438,loop14,0.00,0.00,0.000,0.000,0.00
1777902438,loop15,0.00,0.00,0.000,0.000,0.00
1777902438,loop16,0.00,0.00,0.000,0.000,0.00
1777902438,loop17,0.00,0.00,0.000,0.000,0.00
1777902438,loop18,0.00,0.00,0.000,0.000,0.00
1777902438,loop19,0.00,0.00,0.000,0.000,0.00
1777902438,loop2,0.00,0.00,0.000,0.000,0.00
1777902438,loop20,0.00,0.00,0.000,0.000,0.00
1777902438,loop21,0.00,0.00,0.000,0.000,0.00
1777902438,loop22,0.00,0.00,0.000,0.000,0.00
1777902438,loop23,0.00,0.00,0.000,0.000,0.00
1777902438,loop24,0.00,0.00,0.000,0.000,0.00
1777902438,loop25,0.00,0.00,0.000,0.000,0.00
1777902438,loop26,0.00,0.00,0.000,0.000,0.00
1777902438,loop27,0.00,0.00,0.000,0.000,0.00
1777902438,loop28,0.00,0.00,0.000,0.000,0.00
1777902438,loop29,0.00,0.00,0.000,0.000,0.00
1777902438,loop3,0.00,0.00,0.000,0.000,0.00
1777902438,loop30,0.00,0.00,0.000,0.000,0.00
1777902438,loop31,0.00,0.00,0.000,0.000,0.00
1777902438,loop32,0.00,0.00,0.000,0.000,0.00
1777902438,loop33,0.00,0.00,0.000,0.000,0.00
1777902438,loop34,0.00,0.00,0.000,0.000,0.00
1777902438,loop35,0.00,0.00,0.000,0.000,0.00
1777902438,loop36,0.00,0.00,0.000,0.000,0.00
1777902438,loop37,0.00,0.00,0.000,0.000,0.00
1777902438,loop38,0.00,0.00,0.000,0.000,0.00
1777902438,loop39,0.00,0.00,0.000,0.000,0.00
1777902438,loop4,0.00,0.00,0.000,0.000,0.00
1777902438,loop40,0.00,0.00,0.000,0.000,0.00
1777902438,loop5,0.00,0.00,0.000,0.000,0.00
1777902438,loop6,0.00,0.00,0.000,0.000,0.00
1777902438,loop7,0.00,0.00,0.000,0.000,0.00
1777902438,loop8,0.00,0.00,0.000,0.000,0.00
1777902438,loop9,0.00,0.00,0.000,0.000,0.00
1777902438,nvme0n1,3.00,16.00,0.001,0.024,0.20
1777902439,loop0,0.00,0.00,0.000,0.000,0.00
1777902439,loop1,0.00,0.00,0.000,0.000,0.00
1777902439,loop10,0.00,0.00,0.000,0.000,0.00
1777902439,loop11,0.00,0.00,0.000,0.000,0.00
1777902439,loop12,0.00,0.00,0.000,0.000,0.00
1777902439,loop13,0.00,0.00,0.000,0.000,0.00
1777902439,loop14,0.00,0.00,0.000,0.000,0.00
1777902439,loop15,0.00,0.00,0.000,0.000,0.00
1777902439,loop16,0.00,0.00,0.000,0.000,0.00
1777902439,loop17,0.00,0.00,0.000,0.000,0.00
1777902439,loop18,0.00,0.00,0.000,0.000,0.00
1777902439,loop19,0.00,0.00,0.000,0.000,0.00
1777902439,loop2,0.00,0.00,0.000,0.000,0.00
1777902439,loop20,0.00,0.00,0.000,0.000,0.00
1777902439,loop21,0.00,0.00,0.000,0.000,0.00
1777902439,loop22,0.00,0.00,0.000,0.000,0.00
1777902439,loop23,0.00,0.00,0.000,0.000,0.00
1777902439,loop24,0.00,0.00,0.000,0.000,0.00
1777902439,loop25,0.00,0.00,0.000,0.000,0.00
1777902439,loop26,0.00,0.00,0.000,0.000,0.00
1777902439,loop27,0.00,0.00,0.000,0.000,0.00
1777902439,loop28,0.00,0.00,0.000,0.000,0.00
1777902439,loop29,0.00,0.00,0.000,0.000,0.00
1777902439,loop3,0.00,0.00,0.000,0.000,0.00
1777902439,loop30,0.00,0.00,0.000,0.000,0.00
1777902439,loop31,0.00,0.00,0.000,0.000,0.00
1777902439,loop32,0.00,0.00,0.000,0.000,0.00
1777902439,loop33,0.00,0.00,0.000,0.000,0.00
1777902439,loop34,0.00,0.00,0.000,0.000,0.00
1777902439,loop35,0.00,0.00,0.000,0.000,0.00
1777902439,loop36,0.00,0.00,0.000,0.000,0.00
1777902439,loop37,0.00,0.00,0.000,0.000,0.00
1777902439,loop38,0.00,0.00,0.000,0.000,0.00
1777902439,loop39,0.00,0.00,0.000,0.000,0.00
1777902439,loop4,0.00,0.00,0.000,0.000,0.00
1777902439,loop40,0.00,0.00,0.000,0.000,0.00
1777902439,loop5,0.00,0.00,0.000,0.000,0.00
1777902439,loop6,0.00,0.00,0.000,0.000,0.00
1777902439,loop7,0.00,0.00,0.000,0.000,0.00
1777902439,loop8,0.00,0.00,0.000,0.000,0.00
1777902439,loop9,0.00,0.00,0.000,0.000,0.00
1777902439,nvme0n1,2.00,8.00,0.000,0.000,0.50
1777902440,loop0,0.00,0.00,0.000,0.000,0.00
1777902440,loop1,0.00,0.00,0.000,0.000,0.00
1777902440,loop10,0.00,0.00,0.000,0.000,0.00
1777902440,loop11,0.00,0.00,0.000,0.000,0.00
1777902440,loop12,0.00,0.00,0.000,0.000,0.00
1777902440,loop13,0.00,0.00,0.000,0.000,0.00
1777902440,loop14,0.00,0.00,0.000,0.000,0.00
1777902440,loop15,0.00,0.00,0.000,0.000,0.00
1777902440,loop16,0.00,0.00,0.000,0.000,0.00
1777902440,loop17,0.00,0.00,0.000,0.000,0.00
1777902440,loop18,0.00,0.00,0.000,0.000,0.00
1777902440,loop19,0.00,0.00,0.000,0.000,0.00
1777902440,loop2,0.00,0.00,0.000,0.000,0.00
1777902440,loop20,0.00,0.00,0.000,0.000,0.00
1777902440,loop21,0.00,0.00,0.000,0.000,0.00
1777902440,loop22,0.00,0.00,0.000,0.000,0.00
1777902440,loop23,0.00,0.00,0.000,0.000,0.00
1777902440,loop24,0.00,0.00,0.000,0.000,0.00
1777902440,loop25,0.00,0.00,0.000,0.000,0.00
1777902440,loop26,0.00,0.00,0.000,0.000,0.00
1777902440,loop27,0.00,0.00,0.000,0.000,0.00
1777902440,loop28,0.00,0.00,0.000,0.000,0.00
1777902440,loop29,0.00,0.00,0.000,0.000,0.00
1777902440,loop3,0.00,0.00,0.000,0.000,0.00
1777902440,loop30,0.00,0.00,0.000,0.000,0.00
1777902440,loop31,0.00,0.00,0.000,0.000,0.00
1777902440,loop32,0.00,0.00,0.000,0.000,0.00
1777902440,loop33,0.00,0.00,0.000,0.000,0.00
1777902440,loop34,0.00,0.00,0.000,0.000,0.00
1777902440,loop35,0.00,0.00,0.000,0.000,0.00
1777902440,loop36,0.00,0.00,0.000,0.000,0.00
1777902440,loop37,0.00,0.00,0.000,0.000,0.00
1777902440,loop38,0.00,0.00,0.000,0.000,0.00
1777902440,loop39,0.00,0.00,0.000,0.000,0.00
1777902440,loop4,0.00,0.00,0.000,0.000,0.00
1777902440,loop40,0.00,0.00,0.000,0.000,0.00
1777902440,loop5,0.00,0.00,0.000,0.000,0.00
1777902440,loop6,0.00,0.00,0.000,0.000,0.00
1777902440,loop7,0.00,0.00,0.000,0.000,0.00
1777902440,loop8,0.00,0.00,0.000,0.000,0.00
1777902440,loop9,0.00,0.00,0.000,0.000,0.00
1777902440,nvme0n1,2.00,8.00,0.000,0.000,0.10
1777902441,loop0,0.00,0.00,0.000,0.000,0.00
1777902441,loop1,0.00,0.00,0.000,0.000,0.00
1777902441,loop10,0.00,0.00,0.000,0.000,0.00
1777902441,loop11,0.00,0.00,0.000,0.000,0.00
1777902441,loop12,0.00,0.00,0.000,0.000,0.00
1777902441,loop13,0.00,0.00,0.000,0.000,0.00
1777902441,loop14,0.00,0.00,0.000,0.000,0.00
1777902441,loop15,0.00,0.00,0.000,0.000,0.00
1777902441,loop16,0.00,0.00,0.000,0.000,0.00
1777902441,loop17,0.00,0.00,0.000,0.000,0.00
1777902441,loop18,0.00,0.00,0.000,0.000,0.00
1777902441,loop19,0.00,0.00,0.000,0.000,0.00
1777902441,loop2,0.00,0.00,0.000,0.000,0.00
1777902441,loop20,0.00,0.00,0.000,0.000,0.00
1777902441,loop21,0.00,0.00,0.000,0.000,0.00
1777902441,loop22,0.00,0.00,0.000,0.000,0.00
1777902441,loop23,0.00,0.00,0.000,0.000,0.00
1777902441,loop24,0.00,0.00,0.000,0.000,0.00
1777902441,loop25,0.00,0.00,0.000,0.000,0.00
1777902441,loop26,0.00,0.00,0.000,0.000,0.00
1777902441,loop27,0.00,0.00,0.000,0.000,0.00
1777902441,loop28,0.00,0.00,0.000,0.000,0.00
1777902441,loop29,0.00,0.00,0.000,0.000,0.00
1777902441,loop3,0.00,0.00,0.000,0.000,0.00
1777902441,loop30,0.00,0.00,0.000,0.000,0.00
1777902441,loop31,0.00,0.00,0.000,0.000,0.00
1777902441,loop32,0.00,0.00,0.000,0.000,0.00
1777902441,loop33,0.00,0.00,0.000,0.000,0.00
1777902441,loop34,0.00,0.00,0.000,0.000,0.00
1777902441,loop35,0.00,0.00,0.000,0.000,0.00
1777902441,loop36,0.00,0.00,0.000,0.000,0.00
1777902441,loop37,0.00,0.00,0.000,0.000,0.00
1777902441,loop38,0.00,0.00,0.000,0.000,0.00
1777902441,loop39,0.00,0.00,0.000,0.000,0.00
1777902441,loop4,0.00,0.00,0.000,0.000,0.00
1777902441,loop40,0.00,0.00,0.000,0.000,0.00
1777902441,loop5,0.00,0.00,0.000,0.000,0.00
1777902441,loop6,0.00,0.00,0.000,0.000,0.00
1777902441,loop7,0.00,0.00,0.000,0.000,0.00
1777902441,loop8,0.00,0.00,0.000,0.000,0.00
1777902441,loop9,0.00,0.00,0.000,0.000,0.00
1777902441,nvme0n1,0.00,0.00,0.000,0.000,0.00
1777902442,loop0,0.00,0.00,0.000,0.000,0.00
1777902442,loop1,0.00,0.00,0.000,0.000,0.00
1777902442,loop10,0.00,0.00,0.000,0.000,0.00
1777902442,loop11,0.00,0.00,0.000,0.000,0.00
1777902442,loop12,0.00,0.00,0.000,0.000,0.00
1777902442,loop13,0.00,0.00,0.000,0.000,0.00
1777902442,loop14,0.00,0.00,0.000,0.000,0.00
1777902442,loop15,0.00,0.00,0.000,0.000,0.00
1777902442,loop16,0.00,0.00,0.000,0.000,0.00
1777902442,loop17,0.00,0.00,0.000,0.000,0.00
1777902442,loop18,0.00,0.00,0.000,0.000,0.00
1777902442,loop19,0.00,0.00,0.000,0.000,0.00
1777902442,loop2,0.00,0.00,0.000,0.000,0.00
1777902442,loop20,0.00,0.00,0.000,0.000,0.00
1777902442,loop21,0.00,0.00,0.000,0.000,0.00
1777902442,loop22,0.00,0.00,0.000,0.000,0.00
1777902442,loop23,0.00,0.00,0.000,0.000,0.00
1777902442,loop24,0.00,0.00,0.000,0.000,0.00
1777902442,loop25,0.00,0.00,0.000,0.000,0.00
1777902442,loop26,0.00,0.00,0.000,0.000,0.00
1777902442,loop27,0.00,0.00,0.000,0.000,0.00
1777902442,loop28,0.00,0.00,0.000,0.000,0.00
1777902442,loop29,0.00,0.00,0.000,0.000,0.00
1777902442,loop3,0.00,0.00,0.000,0.000,0.00
1777902442,loop30,0.00,0.00,0.000,0.000,0.00
1777902442,loop31,0.00,0.00,0.000,0.000,0.00
1777902442,loop32,0.00,0.00,0.000,0.000,0.00
1777902442,loop33,0.00,0.00,0.000,0.000,0.00
1777902442,loop34,0.00,0.00,0.000,0.000,0.00
1777902442,loop35,0.00,0.00,0.000,0.000,0.00
1777902442,loop36,0.00,0.00,0.000,0.000,0.00
1777902442,loop37,0.00,0.00,0.000,0.000,0.00
1777902442,loop38,0.00,0.00,0.000,0.000,0.00
1777902442,loop39,0.00,0.00,0.000,0.000,0.00
1777902442,loop4,0.00,0.00,0.000,0.000,0.00
1777902442,loop40,0.00,0.00,0.000,0.000,0.00
1777902442,loop5,0.00,0.00,0.000,0.000,0.00
1777902442,loop6,0.00,0.00,0.000,0.000,0.00
1777902442,loop7,0.00,0.00,0.000,0.000,0.00
1777902442,loop8,0.00,0.00,0.000,0.000,0.00
1777902442,loop9,0.00,0.00,0.000,0.000,0.00
1777902442,nvme0n1,1402.00,41676.00,0.593,0.030,62.60
1777902443,loop0,0.00,0.00,0.000,0.000,0.00
1777902443,loop1,0.00,0.00,0.000,0.000,0.00
1777902443,loop10,0.00,0.00,0.000,0.000,0.00
1777902443,loop11,0.00,0.00,0.000,0.000,0.00
1777902443,loop12,0.00,0.00,0.000,0.000,0.00
1777902443,loop13,0.00,0.00,0.000,0.000,0.00
1777902443,loop14,0.00,0.00,0.000,0.000,0.00
1777902443,loop15,0.00,0.00,0.000,0.000,0.00
1777902443,loop16,0.00,0.00,0.000,0.000,0.00
1777902443,loop17,0.00,0.00,0.000,0.000,0.00
1777902443,loop18,0.00,0.00,0.000,0.000,0.00
1777902443,loop19,0.00,0.00,0.000,0.000,0.00
1777902443,loop2,0.00,0.00,0.000,0.000,0.00
1777902443,loop20,0.00,0.00,0.000,0.000,0.00
1777902443,loop21,0.00,0.00,0.000,0.000,0.00
1777902443,loop22,0.00,0.00,0.000,0.000,0.00
1777902443,loop23,0.00,0.00,0.000,0.000,0.00
1777902443,loop24,0.00,0.00,0.000,0.000,0.00
1777902443,loop25,0.00,0.00,0.000,0.000,0.00
1777902443,loop26,0.00,0.00,0.000,0.000,0.00
1777902443,loop27,0.00,0.00,0.000,0.000,0.00
1777902443,loop28,0.00,0.00,0.000,0.000,0.00
1777902443,loop29,0.00,0.00,0.000,0.000,0.00
1777902443,loop3,0.00,0.00,0.000,0.000,0.00
1777902443,loop30,0.00,0.00,0.000,0.000,0.00
1777902443,loop31,0.00,0.00,0.000,0.000,0.00
1777902443,loop32,0.00,0.00,0.000,0.000,0.00
1777902443,loop33,0.00,0.00,0.000,0.000,0.00
1777902443,loop34,0.00,0.00,0.000,0.000,0.00
1777902443,loop35,0.00,0.00,0.000,0.000,0.00
1777902443,loop36,0.00,0.00,0.000,0.000,0.00
1777902443,loop37,0.00,0.00,0.000,0.000,0.00
1777902443,loop38,0.00,0.00,0.000,0.000,0.00
1777902443,loop39,0.00,0.00,0.000,0.000,0.00
1777902443,loop4,0.00,0.00,0.000,0.000,0.00
1777902443,loop40,0.00,0.00,0.000,0.000,0.00
1777902443,loop5,0.00,0.00,0.000,0.000,0.00
1777902443,loop6,0.00,0.00,0.000,0.000,0.00
1777902443,loop7,0.00,0.00,0.000,0.000,0.00
1777902443,loop8,0.00,0.00,0.000,0.000,0.00
1777902443,loop9,0.00,0.00,0.000,0.000,0.00
1777902443,nvme0n1,12.00,48.00,0.000,0.000,0.30
1777902444,loop0,0.00,0.00,0.000,0.000,0.00
1777902444,loop1,0.00,0.00,0.000,0.000,0.00
1777902444,loop10,0.00,0.00,0.000,0.000,0.00
1777902444,loop11,0.00,0.00,0.000,0.000,0.00
1777902444,loop12,0.00,0.00,0.000,0.000,0.00
1777902444,loop13,0.00,0.00,0.000,0.000,0.00
1777902444,loop14,0.00,0.00,0.000,0.000,0.00
1777902444,loop15,0.00,0.00,0.000,0.000,0.00
1777902444,loop16,0.00,0.00,0.000,0.000,0.00
1777902444,loop17,0.00,0.00,0.000,0.000,0.00
1777902444,loop18,0.00,0.00,0.000,0.000,0.00
1777902444,loop19,0.00,0.00,0.000,0.000,0.00
1777902444,loop2,0.00,0.00,0.000,0.000,0.00
1777902444,loop20,0.00,0.00,0.000,0.000,0.00
1777902444,loop21,0.00,0.00,0.000,0.000,0.00
1777902444,loop22,0.00,0.00,0.000,0.000,0.00
1777902444,loop23,0.00,0.00,0.000,0.000,0.00
1777902444,loop24,0.00,0.00,0.000,0.000,0.00
1777902444,loop25,0.00,0.00,0.000,0.000,0.00
1777902444,loop26,0.00,0.00,0.000,0.000,0.00
1777902444,loop27,0.00,0.00,0.000,0.000,0.00
1777902444,loop28,0.00,0.00,0.000,0.000,0.00
1777902444,loop29,0.00,0.00,0.000,0.000,0.00
1777902444,loop3,0.00,0.00,0.000,0.000,0.00
1777902444,loop30,0.00,0.00,0.000,0.000,0.00
1777902444,loop31,0.00,0.00,0.000,0.000,0.00
1777902444,loop32,0.00,0.00,0.000,0.000,0.00
1777902444,loop33,0.00,0.00,0.000,0.000,0.00
1777902444,loop34,0.00,0.00,0.000,0.000,0.00
1777902444,loop35,0.00,0.00,0.000,0.000,0.00
1777902444,loop36,0.00,0.00,0.000,0.000,0.00
1777902444,loop37,0.00,0.00,0.000,0.000,0.00
1777902444,loop38,0.00,0.00,0.000,0.000,0.00
1777902444,loop39,0.00,0.00,0.000,0.000,0.00
1777902444,loop4,0.00,0.00,0.000,0.000,0.00
1777902444,loop40,0.00,0.00,0.000,0.000,0.00
1777902444,loop5,0.00,0.00,0.000,0.000,0.00
1777902444,loop6,0.00,0.00,0.000,0.000,0.00
1777902444,loop7,0.00,0.00,0.000,0.000,0.00
1777902444,loop8,0.00,0.00,0.000,0.000,0.00
1777902444,loop9,0.00,0.00,0.000,0.000,0.00
1777902444,nvme0n1,1.00,4.00,0.000,0.000,0.10
1777902445,loop0,0.00,0.00,0.000,0.000,0.00
1777902445,loop1,0.00,0.00,0.000,0.000,0.00
1777902445,loop10,0.00,0.00,0.000,0.000,0.00
1777902445,loop11,0.00,0.00,0.000,0.000,0.00
1777902445,loop12,0.00,0.00,0.000,0.000,0.00
1777902445,loop13,0.00,0.00,0.000,0.000,0.00
1777902445,loop14,0.00,0.00,0.000,0.000,0.00
1777902445,loop15,0.00,0.00,0.000,0.000,0.00
1777902445,loop16,0.00,0.00,0.000,0.000,0.00
1777902445,loop17,0.00,0.00,0.000,0.000,0.00
1777902445,loop18,0.00,0.00,0.000,0.000,0.00
1777902445,loop19,0.00,0.00,0.000,0.000,0.00
1777902445,loop2,0.00,0.00,0.000,0.000,0.00
1777902445,loop20,0.00,0.00,0.000,0.000,0.00
1777902445,loop21,0.00,0.00,0.000,0.000,0.00
1777902445,loop22,0.00,0.00,0.000,0.000,0.00
1777902445,loop23,0.00,0.00,0.000,0.000,0.00
1777902445,loop24,0.00,0.00,0.000,0.000,0.00
1777902445,loop25,0.00,0.00,0.000,0.000,0.00
1777902445,loop26,0.00,0.00,0.000,0.000,0.00
1777902445,loop27,0.00,0.00,0.000,0.000,0.00
1777902445,loop28,0.00,0.00,0.000,0.000,0.00
1777902445,loop29,0.00,0.00,0.000,0.000,0.00
1777902445,loop3,0.00,0.00,0.000,0.000,0.00
1777902445,loop30,0.00,0.00,0.000,0.000,0.00
1777902445,loop31,0.00,0.00,0.000,0.000,0.00
1777902445,loop32,0.00,0.00,0.000,0.000,0.00
1777902445,loop33,0.00,0.00,0.000,0.000,0.00
1777902445,loop34,0.00,0.00,0.000,0.000,0.00
1777902445,loop35,0.00,0.00,0.000,0.000,0.00
1777902445,loop36,0.00,0.00,0.000,0.000,0.00
1777902445,loop37,0.00,0.00,0.000,0.000,0.00
1777902445,loop38,0.00,0.00,0.000,0.000,0.00
1777902445,loop39,0.00,0.00,0.000,0.000,0.00
1777902445,loop4,0.00,0.00,0.000,0.000,0.00
1777902445,loop40,0.00,0.00,0.000,0.000,0.00
1777902445,loop5,0.00,0.00,0.000,0.000,0.00
1777902445,loop6,0.00,0.00,0.000,0.000,0.00
1777902445,loop7,0.00,0.00,0.000,0.000,0.00
1777902445,loop8,0.00,0.00,0.000,0.000,0.00
1777902445,loop9,0.00,0.00,0.000,0.000,0.00
1777902445,nvme0n1,0.00,0.00,0.000,0.000,0.00
1777902446,loop0,0.00,0.00,0.000,0.000,0.00
1777902446,loop1,0.00,0.00,0.000,0.000,0.00
1777902446,loop10,0.00,0.00,0.000,0.000,0.00
1777902446,loop11,0.00,0.00,0.000,0.000,0.00
1777902446,loop12,0.00,0.00,0.000,0.000,0.00
1777902446,loop13,0.00,0.00,0.000,0.000,0.00
1777902446,loop14,0.00,0.00,0.000,0.000,0.00
1777902446,loop15,0.00,0.00,0.000,0.000,0.00
1777902446,loop16,0.00,0.00,0.000,0.000,0.00
1777902446,loop17,0.00,0.00,0.000,0.000,0.00
1777902446,loop18,0.00,0.00,0.000,0.000,0.00
1777902446,loop19,0.00,0.00,0.000,0.000,0.00
1777902446,loop2,0.00,0.00,0.000,0.000,0.00
1777902446,loop20,0.00,0.00,0.000,0.000,0.00
1777902446,loop21,0.00,0.00,0.000,0.000,0.00
1777902446,loop22,0.00,0.00,0.000,0.000,0.00
1777902446,loop23,0.00,0.00,0.000,0.000,0.00
1777902446,loop24,0.00,0.00,0.000,0.000,0.00
1777902446,loop25,0.00,0.00,0.000,0.000,0.00
1777902446,loop26,0.00,0.00,0.000,0.000,0.00
1777902446,loop27,0.00,0.00,0.000,0.000,0.00
1777902446,loop28,0.00,0.00,0.000,0.000,0.00
1777902446,loop29,0.00,0.00,0.000,0.000,0.00
1777902446,loop3,0.00,0.00,0.000,0.000,0.00
1777902446,loop30,0.00,0.00,0.000,0.000,0.00
1777902446,loop31,0.00,0.00,0.000,0.000,0.00
1777902446,loop32,0.00,0.00,0.000,0.000,0.00
1777902446,loop33,0.00,0.00,0.000,0.000,0.00
1777902446,loop34,0.00,0.00,0.000,0.000,0.00
1777902446,loop35,0.00,0.00,0.000,0.000,0.00
1777902446,loop36,0.00,0.00,0.000,0.000,0.00
1777902446,loop37,0.00,0.00,0.000,0.000,0.00
1777902446,loop38,0.00,0.00,0.000,0.000,0.00
1777902446,loop39,0.00,0.00,0.000,0.000,0.00
1777902446,loop4,0.00,0.00,0.000,0.000,0.00
1777902446,loop40,0.00,0.00,0.000,0.000,0.00
1777902446,loop5,0.00,0.00,0.000,0.000,0.00
1777902446,loop6,0.00,0.00,0.000,0.000,0.00
1777902446,loop7,0.00,0.00,0.000,0.000,0.00
1777902446,loop8,0.00,0.00,0.000,0.000,0.00
1777902446,loop9,0.00,0.00,0.000,0.000,0.00
1777902446,nvme0n1,0.00,0.00,0.000,0.000,0.00
1777902447,loop0,0.00,0.00,0.000,0.000,0.00
1777902447,loop1,0.00,0.00,0.000,0.000,0.00
1777902447,loop10,0.00,0.00,0.000,0.000,0.00
1777902447,loop11,0.00,0.00,0.000,0.000,0.00
1777902447,loop12,0.00,0.00,0.000,0.000,0.00
1777902447,loop13,0.00,0.00,0.000,0.000,0.00
1777902447,loop14,0.00,0.00,0.000,0.000,0.00
1777902447,loop15,0.00,0.00,0.000,0.000,0.00
1777902447,loop16,0.00,0.00,0.000,0.000,0.00
1777902447,loop17,0.00,0.00,0.000,0.000,0.00
1777902447,loop18,0.00,0.00,0.000,0.000,0.00
1777902447,loop19,0.00,0.00,0.000,0.000,0.00
1777902447,loop2,0.00,0.00,0.000,0.000,0.00
1777902447,loop20,0.00,0.00,0.000,0.000,0.00
1777902447,loop21,0.00,0.00,0.000,0.000,0.00
1777902447,loop22,0.00,0.00,0.000,0.000,0.00
1777902447,loop23,0.00,0.00,0.000,0.000,0.00
1777902447,loop24,0.00,0.00,0.000,0.000,0.00
1777902447,loop25,0.00,0.00,0.000,0.000,0.00
1777902447,loop26,0.00,0.00,0.000,0.000,0.00
1777902447,loop27,0.00,0.00,0.000,0.000,0.00
1777902447,loop28,0.00,0.00,0.000,0.000,0.00
1777902447,loop29,0.00,0.00,0.000,0.000,0.00
1777902447,loop3,0.00,0.00,0.000,0.000,0.00
1777902447,loop30,0.00,0.00,0.000,0.000,0.00
1777902447,loop31,0.00,0.00,0.000,0.000,0.00
1777902447,loop32,0.00,0.00,0.000,0.000,0.00
1777902447,loop33,0.00,0.00,0.000,0.000,0.00
1777902447,loop34,0.00,0.00,0.000,0.000,0.00
1777902447,loop35,0.00,0.00,0.000,0.000,0.00
1777902447,loop36,0.00,0.00,0.000,0.000,0.00
1777902447,loop37,0.00,0.00,0.000,0.000,0.00
1777902447,loop38,0.00,0.00,0.000,0.000,0.00
1777902447,loop39,0.00,0.00,0.000,0.000,0.00
1777902447,loop4,0.00,0.00,0.000,0.000,0.00
1777902447,loop40,0.00,0.00,0.000,0.000,0.00
1777902447,loop5,0.00,0.00,0.000,0.000,0.00
1777902447,loop6,0.00,0.00,0.000,0.000,0.00
1777902447,loop7,0.00,0.00,0.000,0.000,0.00
1777902447,loop8,0.00,0.00,0.000,0.000,0.00
1777902447,loop9,0.00,0.00,0.000,0.000,0.00
1777902447,nvme0n1,0.00,0.00,0.000,0.000,0.00
1777902448,loop0,0.00,0.00,0.000,0.000,0.00
1777902448,loop1,0.00,0.00,0.000,0.000,0.00
1777902448,loop10,0.00,0.00,0.000,0.000,0.00
1777902448,loop11,0.00,0.00,0.000,0.000,0.00
1777902448,loop12,0.00,0.00,0.000,0.000,0.00
1777902448,loop13,0.00,0.00,0.000,0.000,0.00
1777902448,loop14,0.00,0.00,0.000,0.000,0.00
1777902448,loop15,0.00,0.00,0.000,0.000,0.00
1777902448,loop16,0.00,0.00,0.000,0.000,0.00
1777902448,loop17,0.00,0.00,0.000,0.000,0.00
1777902448,loop18,0.00,0.00,0.000,0.000,0.00
1777902448,loop19,0.00,0.00,0.000,0.000,0.00
1777902448,loop2,0.00,0.00,0.000,0.000,0.00
1777902448,loop20,0.00,0.00,0.000,0.000,0.00
1777902448,loop21,0.00,0.00,0.000,0.000,0.00
1777902448,loop22,0.00,0.00,0.000,0.000,0.00
1777902448,loop23,0.00,0.00,0.000,0.000,0.00
1777902448,loop24,0.00,0.00,0.000,0.000,0.00
1777902448,loop25,0.00,0.00,0.000,0.000,0.00
1777902448,loop26,0.00,0.00,0.000,0.000,0.00
1777902448,loop27,0.00,0.00,0.000,0.000,0.00
1777902448,loop28,0.00,0.00,0.000,0.000,0.00
1777902448,loop29,0.00,0.00,0.000,0.000,0.00
1777902448,loop3,0.00,0.00,0.000,0.000,0.00
1777902448,loop30,0.00,0.00,0.000,0.000,0.00
1777902448,loop31,0.00,0.00,0.000,0.000,0.00
1777902448,loop32,0.00,0.00,0.000,0.000,0.00
1777902448,loop33,0.00,0.00,0.000,0.000,0.00
1777902448,loop34,0.00,0.00,0.000,0.000,0.00
1777902448,loop35,0.00,0.00,0.000,0.000,0.00
1777902448,loop36,0.00,0.00,0.000,0.000,0.00
1777902448,loop37,0.00,0.00,0.000,0.000,0.00
1777902448,loop38,0.00,0.00,0.000,0.000,0.00
1777902448,loop39,0.00,0.00,0.000,0.000,0.00
1777902448,loop4,0.00,0.00,0.000,0.000,0.00
1777902448,loop40,0.00,0.00,0.000,0.000,0.00
1777902448,loop5,0.00,0.00,0.000,0.000,0.00
1777902448,loop6,0.00,0.00,0.000,0.000,0.00
1777902448,loop7,0.00,0.00,0.000,0.000,0.00
1777902448,loop8,0.00,0.00,0.000,0.000,0.00
1777902448,loop9,0.00,0.00,0.000,0.000,0.00
1777902448,nvme0n1,32.00,212.00,0.021,0.039,12.40
1777902449,loop0,0.00,0.00,0.000,0.000,0.00
1777902449,loop1,0.00,0.00,0.000,0.000,0.00
1777902449,loop10,0.00,0.00,0.000,0.000,0.00
1777902449,loop11,0.00,0.00,0.000,0.000,0.00
1777902449,loop12,0.00,0.00,0.000,0.000,0.00
1777902449,loop13,0.00,0.00,0.000,0.000,0.00
1777902449,loop14,0.00,0.00,0.000,0.000,0.00
1777902449,loop15,0.00,0.00,0.000,0.000,0.00
1777902449,loop16,0.00,0.00,0.000,0.000,0.00
1777902449,loop17,0.00,0.00,0.000,0.000,0.00
1777902449,loop18,0.00,0.00,0.000,0.000,0.00
1777902449,loop19,0.00,0.00,0.000,0.000,0.00
1777902449,loop2,0.00,0.00,0.000,0.000,0.00
1777902449,loop20,0.00,0.00,0.000,0.000,0.00
1777902449,loop21,0.00,0.00,0.000,0.000,0.00
1777902449,loop22,0.00,0.00,0.000,0.000,0.00
1777902449,loop23,0.00,0.00,0.000,0.000,0.00
1777902449,loop24,0.00,0.00,0.000,0.000,0.00
1777902449,loop25,0.00,0.00,0.000,0.000,0.00
1777902449,loop26,0.00,0.00,0.000,0.000,0.00
1777902449,loop27,0.00,0.00,0.000,0.000,0.00
1777902449,loop28,0.00,0.00,0.000,0.000,0.00
1777902449,loop29,0.00,0.00,0.000,0.000,0.00
1777902449,loop3,0.00,0.00,0.000,0.000,0.00
1777902449,loop30,0.00,0.00,0.000,0.000,0.00
1777902449,loop31,0.00,0.00,0.000,0.000,0.00
1777902449,loop32,0.00,0.00,0.000,0.000,0.00
1777902449,loop33,0.00,0.00,0.000,0.000,0.00
1777902449,loop34,0.00,0.00,0.000,0.000,0.00
1777902449,loop35,0.00,0.00,0.000,0.000,0.00
1777902449,loop36,0.00,0.00,0.000,0.000,0.00
1777902449,loop37,0.00,0.00,0.000,0.000,0.00
1777902449,loop38,0.00,0.00,0.000,0.000,0.00
1777902449,loop39,0.00,0.00,0.000,0.000,0.00
1777902449,loop4,0.00,0.00,0.000,0.000,0.00
1777902449,loop40,0.00,0.00,0.000,0.000,0.00
1777902449,loop5,0.00,0.00,0.000,0.000,0.00
1777902449,loop6,0.00,0.00,0.000,0.000,0.00
1777902449,loop7,0.00,0.00,0.000,0.000,0.00
1777902449,loop8,0.00,0.00,0.000,0.000,0.00
1777902449,loop9,0.00,0.00,0.000,0.000,0.00
1777902449,nvme0n1,0.00,0.00,0.000,0.000,0.10
1777902450,loop0,0.00,0.00,0.000,0.000,0.00
1777902450,loop1,0.00,0.00,0.000,0.000,0.00
1777902450,loop10,0.00,0.00,0.000,0.000,0.00
1777902450,loop11,0.00,0.00,0.000,0.000,0.00
1777902450,loop12,0.00,0.00,0.000,0.000,0.00
1777902450,loop13,0.00,0.00,0.000,0.000,0.00
1777902450,loop14,0.00,0.00,0.000,0.000,0.00
1777902450,loop15,0.00,0.00,0.000,0.000,0.00
1777902450,loop16,0.00,0.00,0.000,0.000,0.00
1777902450,loop17,0.00,0.00,0.000,0.000,0.00
1777902450,loop18,0.00,0.00,0.000,0.000,0.00
1777902450,loop19,0.00,0.00,0.000,0.000,0.00
1777902450,loop2,0.00,0.00,0.000,0.000,0.00
1777902450,loop20,0.00,0.00,0.000,0.000,0.00
1777902450,loop21,0.00,0.00,0.000,0.000,0.00
1777902450,loop22,0.00,0.00,0.000,0.000,0.00
1777902450,loop23,0.00,0.00,0.000,0.000,0.00
1777902450,loop24,0.00,0.00,0.000,0.000,0.00
1777902450,loop25,0.00,0.00,0.000,0.000,0.00
1777902450,loop26,0.00,0.00,0.000,0.000,0.00
1777902450,loop27,0.00,0.00,0.000,0.000,0.00
1777902450,loop28,0.00,0.00,0.000,0.000,0.00
1777902450,loop29,0.00,0.00,0.000,0.000,0.00
1777902450,loop3,0.00,0.00,0.000,0.000,0.00
1777902450,loop30,0.00,0.00,0.000,0.000,0.00
1777902450,loop31,0.00,0.00,0.000,0.000,0.00
1777902450,loop32,0.00,0.00,0.000,0.000,0.00
1777902450,loop33,0.00,0.00,0.000,0.000,0.00
1777902450,loop34,0.00,0.00,0.000,0.000,0.00
1777902450,loop35,0.00,0.00,0.000,0.000,0.00
1777902450,loop36,0.00,0.00,0.000,0.000,0.00
1777902450,loop37,0.00,0.00,0.000,0.000,0.00
1777902450,loop38,0.00,0.00,0.000,0.000,0.00
1777902450,loop39,0.00,0.00,0.000,0.000,0.00
1777902450,loop4,0.00,0.00,0.000,0.000,0.00
1777902450,loop40,0.00,0.00,0.000,0.000,0.00
1777902450,loop5,0.00,0.00,0.000,0.000,0.00
1777902450,loop6,0.00,0.00,0.000,0.000,0.00
1777902450,loop7,0.00,0.00,0.000,0.000,0.00
1777902450,loop8,0.00,0.00,0.000,0.000,0.00
1777902450,loop9,0.00,0.00,0.000,0.000,0.00
1777902450,nvme0n1,5.00,20.00,0.000,0.000,0.00
1777902451,loop0,0.00,0.00,0.000,0.000,0.00
1777902451,loop1,0.00,0.00,0.000,0.000,0.00
1777902451,loop10,0.00,0.00,0.000,0.000,0.00
1777902451,loop11,0.00,0.00,0.000,0.000,0.00
1777902451,loop12,0.00,0.00,0.000,0.000,0.00
1777902451,loop13,0.00,0.00,0.000,0.000,0.00
1777902451,loop14,0.00,0.00,0.000,0.000,0.00
1777902451,loop15,0.00,0.00,0.000,0.000,0.00
1777902451,loop16,0.00,0.00,0.000,0.000,0.00
1777902451,loop17,0.00,0.00,0.000,0.000,0.00
1777902451,loop18,0.00,0.00,0.000,0.000,0.00
1777902451,loop19,0.00,0.00,0.000,0.000,0.00
1777902451,loop2,0.00,0.00,0.000,0.000,0.00
1777902451,loop20,0.00,0.00,0.000,0.000,0.00
1777902451,loop21,0.00,0.00,0.000,0.000,0.00
1777902451,loop22,0.00,0.00,0.000,0.000,0.00
1777902451,loop23,0.00,0.00,0.000,0.000,0.00
1777902451,loop24,0.00,0.00,0.000,0.000,0.00
1777902451,loop25,0.00,0.00,0.000,0.000,0.00
1777902451,loop26,0.00,0.00,0.000,0.000,0.00
1777902451,loop27,0.00,0.00,0.000,0.000,0.00
1777902451,loop28,0.00,0.00,0.000,0.000,0.00
1777902451,loop29,0.00,0.00,0.000,0.000,0.00
1777902451,loop3,0.00,0.00,0.000,0.000,0.00
1777902451,loop30,0.00,0.00,0.000,0.000,0.00
1777902451,loop31,0.00,0.00,0.000,0.000,0.00
1777902451,loop32,0.00,0.00,0.000,0.000,0.00
1777902451,loop33,0.00,0.00,0.000,0.000,0.00
1777902451,loop34,0.00,0.00,0.000,0.000,0.00
1777902451,loop35,0.00,0.00,0.000,0.000,0.00
1777902451,loop36,0.00,0.00,0.000,0.000,0.00
1777902451,loop37,0.00,0.00,0.000,0.000,0.00
1777902451,loop38,0.00,0.00,0.000,0.000,0.00
1777902451,loop39,0.00,0.00,0.000,0.000,0.00
1777902451,loop4,0.00,0.00,0.000,0.000,0.00
1777902451,loop40,0.00,0.00,0.000,0.000,0.00
1777902451,loop5,0.00,0.00,0.000,0.000,0.00
1777902451,loop6,0.00,0.00,0.000,0.000,0.00
1777902451,loop7,0.00,0.00,0.000,0.000,0.00
1777902451,loop8,0.00,0.00,0.000,0.000,0.00
1777902451,loop9,0.00,0.00,0.000,0.000,0.00
1777902451,nvme0n1,0.00,0.00,0.000,0.000,0.00
1777902452,loop0,0.00,0.00,0.000,0.000,0.00
1777902452,loop1,0.00,0.00,0.000,0.000,0.00
1777902452,loop10,0.00,0.00,0.000,0.000,0.00
1777902452,loop11,0.00,0.00,0.000,0.000,0.00
1777902452,loop12,0.00,0.00,0.000,0.000,0.00
1777902452,loop13,0.00,0.00,0.000,0.000,0.00
1777902452,loop14,0.00,0.00,0.000,0.000,0.00
1777902452,loop15,0.00,0.00,0.000,0.000,0.00
1777902452,loop16,0.00,0.00,0.000,0.000,0.00
1777902452,loop17,0.00,0.00,0.000,0.000,0.00
1777902452,loop18,0.00,0.00,0.000,0.000,0.00
1777902452,loop19,0.00,0.00,0.000,0.000,0.00
1777902452,loop2,0.00,0.00,0.000,0.000,0.00
1777902452,loop20,0.00,0.00,0.000,0.000,0.00
1777902452,loop21,0.00,0.00,0.000,0.000,0.00
1777902452,loop22,0.00,0.00,0.000,0.000,0.00
1777902452,loop23,0.00,0.00,0.000,0.000,0.00
1777902452,loop24,0.00,0.00,0.000,0.000,0.00
1777902452,loop25,0.00,0.00,0.000,0.000,0.00
1777902452,loop26,0.00,0.00,0.000,0.000,0.00
1777902452,loop27,0.00,0.00,0.000,0.000,0.00
1777902452,loop28,0.00,0.00,0.000,0.000,0.00
1777902452,loop29,0.00,0.00,0.000,0.000,0.00
1777902452,loop3,0.00,0.00,0.000,0.000,0.00
1777902452,loop30,0.00,0.00,0.000,0.000,0.00
1777902452,loop31,0.00,0.00,0.000,0.000,0.00
1777902452,loop32,0.00,0.00,0.000,0.000,0.00
1777902452,loop33,0.00,0.00,0.000,0.000,0.00
1777902452,loop34,0.00,0.00,0.000,0.000,0.00
1777902452,loop35,0.00,0.00,0.000,0.000,0.00
1777902452,loop36,0.00,0.00,0.000,0.000,0.00
1777902452,loop37,0.00,0.00,0.000,0.000,0.00
1777902452,loop38,0.00,0.00,0.000,0.000,0.00
1777902452,loop39,0.00,0.00,0.000,0.000,0.00
1777902452,loop4,0.00,0.00,0.000,0.000,0.00
1777902452,loop40,0.00,0.00,0.000,0.000,0.00
1777902452,loop5,0.00,0.00,0.000,0.000,0.00
1777902452,loop6,0.00,0.00,0.000,0.000,0.00
1777902452,loop7,0.00,0.00,0.000,0.000,0.00
1777902452,loop8,0.00,0.00,0.000,0.000,0.00
1777902452,loop9,0.00,0.00,0.000,0.000,0.00
1777902452,nvme0n1,135.00,3476.00,0.027,0.017,1.40
1777902453,loop0,0.00,0.00,0.000,0.000,0.00
1777902453,loop1,0.00,0.00,0.000,0.000,0.00
1777902453,loop10,0.00,0.00,0.000,0.000,0.00
1777902453,loop11,0.00,0.00,0.000,0.000,0.00
1777902453,loop12,0.00,0.00,0.000,0.000,0.00
1777902453,loop13,0.00,0.00,0.000,0.000,0.00
1777902453,loop14,0.00,0.00,0.000,0.000,0.00
1777902453,loop15,0.00,0.00,0.000,0.000,0.00
1777902453,loop16,0.00,0.00,0.000,0.000,0.00
1777902453,loop17,0.00,0.00,0.000,0.000,0.00
1777902453,loop18,0.00,0.00,0.000,0.000,0.00
1777902453,loop19,0.00,0.00,0.000,0.000,0.00
1777902453,loop2,0.00,0.00,0.000,0.000,0.00
1777902453,loop20,0.00,0.00,0.000,0.000,0.00
1777902453,loop21,0.00,0.00,0.000,0.000,0.00
1777902453,loop22,0.00,0.00,0.000,0.000,0.00
1777902453,loop23,0.00,0.00,0.000,0.000,0.00
1777902453,loop24,0.00,0.00,0.000,0.000,0.00
1777902453,loop25,0.00,0.00,0.000,0.000,0.00
1777902453,loop26,0.00,0.00,0.000,0.000,0.00
1777902453,loop27,0.00,0.00,0.000,0.000,0.00
1777902453,loop28,0.00,0.00,0.000,0.000,0.00
1777902453,loop29,0.00,0.00,0.000,0.000,0.00
1777902453,loop3,0.00,0.00,0.000,0.000,0.00
1777902453,loop30,0.00,0.00,0.000,0.000,0.00
1777902453,loop31,0.00,0.00,0.000,0.000,0.00
1777902453,loop32,0.00,0.00,0.000,0.000,0.00
1777902453,loop33,0.00,0.00,0.000,0.000,0.00
1777902453,loop34,0.00,0.00,0.000,0.000,0.00
1777902453,loop35,0.00,0.00,0.000,0.000,0.00
1777902453,loop36,0.00,0.00,0.000,0.000,0.00
1777902453,loop37,0.00,0.00,0.000,0.000,0.00
1777902453,loop38,0.00,0.00,0.000,0.000,0.00
1777902453,loop39,0.00,0.00,0.000,0.000,0.00
1777902453,loop4,0.00,0.00,0.000,0.000,0.00
1777902453,loop40,0.00,0.00,0.000,0.000,0.00
1777902453,loop5,0.00,0.00,0.000,0.000,0.00
1777902453,loop6,0.00,0.00,0.000,0.000,0.00
1777902453,loop7,0.00,0.00,0.000,0.000,0.00
1777902453,loop8,0.00,0.00,0.000,0.000,0.00
1777902453,loop9,0.00,0.00,0.000,0.000,0.00
1777902453,nvme0n1,0.00,0.00,0.000,0.000,0.00
1777902454,loop0,0.00,0.00,0.000,0.000,0.00
1777902454,loop1,0.00,0.00,0.000,0.000,0.00
1777902454,loop10,0.00,0.00,0.000,0.000,0.00
1777902454,loop11,0.00,0.00,0.000,0.000,0.00
1777902454,loop12,0.00,0.00,0.000,0.000,0.00
1777902454,loop13,0.00,0.00,0.000,0.000,0.00
1777902454,loop14,0.00,0.00,0.000,0.000,0.00
1777902454,loop15,0.00,0.00,0.000,0.000,0.00
1777902454,loop16,0.00,0.00,0.000,0.000,0.00
1777902454,loop17,0.00,0.00,0.000,0.000,0.00
1777902454,loop18,0.00,0.00,0.000,0.000,0.00
1777902454,loop19,0.00,0.00,0.000,0.000,0.00
1777902454,loop2,0.00,0.00,0.000,0.000,0.00
1777902454,loop20,0.00,0.00,0.000,0.000,0.00
1777902454,loop21,0.00,0.00,0.000,0.000,0.00
1777902454,loop22,0.00,0.00,0.000,0.000,0.00
1777902454,loop23,0.00,0.00,0.000,0.000,0.00
1777902454,loop24,0.00,0.00,0.000,0.000,0.00
1777902454,loop25,0.00,0.00,0.000,0.000,0.00
1777902454,loop26,0.00,0.00,0.000,0.000,0.00
1777902454,loop27,0.00,0.00,0.000,0.000,0.00
1777902454,loop28,0.00,0.00,0.000,0.000,0.00
1777902454,loop29,0.00,0.00,0.000,0.000,0.00
1777902454,loop3,0.00,0.00,0.000,0.000,0.00
1777902454,loop30,0.00,0.00,0.000,0.000,0.00
1777902454,loop31,0.00,0.00,0.000,0.000,0.00
1777902454,loop32,0.00,0.00,0.000,0.000,0.00
1777902454,loop33,0.00,0.00,0.000,0.000,0.00
1777902454,loop34,0.00,0.00,0.000,0.000,0.00
1777902454,loop35,0.00,0.00,0.000,0.000,0.00
1777902454,loop36,0.00,0.00,0.000,0.000,0.00
1777902454,loop37,0.00,0.00,0.000,0.000,0.00
1777902454,loop38,0.00,0.00,0.000,0.000,0.00
1777902454,loop39,0.00,0.00,0.000,0.000,0.00
1777902454,loop4,0.00,0.00,0.000,0.000,0.00
1777902454,loop40,0.00,0.00,0.000,0.000,0.00
1777902454,loop5,0.00,0.00,0.000,0.000,0.00
1777902454,loop6,0.00,0.00,0.000,0.000,0.00
1777902454,loop7,0.00,0.00,0.000,0.000,0.00
1777902454,loop8,0.00,0.00,0.000,0.000,0.00
1777902454,loop9,0.00,0.00,0.000,0.000,0.00
1777902454,nvme0n1,0.00,0.00,0.000,0.000,2.00
1777902455,loop0,0.00,0.00,0.000,0.000,0.00
1777902455,loop1,0.00,0.00,0.000,0.000,0.00
1777902455,loop10,0.00,0.00,0.000,0.000,0.00
1777902455,loop11,0.00,0.00,0.000,0.000,0.00
1777902455,loop12,0.00,0.00,0.000,0.000,0.00
1777902455,loop13,0.00,0.00,0.000,0.000,0.00
1777902455,loop14,0.00,0.00,0.000,0.000,0.00
1777902455,loop15,0.00,0.00,0.000,0.000,0.00
1777902455,loop16,0.00,0.00,0.000,0.000,0.00
1777902455,loop17,0.00,0.00,0.000,0.000,0.00
1777902455,loop18,0.00,0.00,0.000,0.000,0.00
1777902455,loop19,0.00,0.00,0.000,0.000,0.00
1777902455,loop2,0.00,0.00,0.000,0.000,0.00
1777902455,loop20,0.00,0.00,0.000,0.000,0.00
1777902455,loop21,0.00,0.00,0.000,0.000,0.00
1777902455,loop22,0.00,0.00,0.000,0.000,0.00
1777902455,loop23,0.00,0.00,0.000,0.000,0.00
1777902455,loop24,0.00,0.00,0.000,0.000,0.00
1777902455,loop25,0.00,0.00,0.000,0.000,0.00
1777902455,loop26,0.00,0.00,0.000,0.000,0.00
1777902455,loop27,0.00,0.00,0.000,0.000,0.00
1777902455,loop28,0.00,0.00,0.000,0.000,0.00
1777902455,loop29,0.00,0.00,0.000,0.000,0.00
1777902455,loop3,0.00,0.00,0.000,0.000,0.00
1777902455,loop30,0.00,0.00,0.000,0.000,0.00
1777902455,loop31,0.00,0.00,0.000,0.000,0.00
1777902455,loop32,0.00,0.00,0.000,0.000,0.00
1777902455,loop33,0.00,0.00,0.000,0.000,0.00
1777902455,loop34,0.00,0.00,0.000,0.000,0.00
1777902455,loop35,0.00,0.00,0.000,0.000,0.00
1777902455,loop36,0.00,0.00,0.000,0.000,0.00
1777902455,loop37,0.00,0.00,0.000,0.000,0.00
1777902455,loop38,0.00,0.00,0.000,0.000,0.00
1777902455,loop39,0.00,0.00,0.000,0.000,0.00
1777902455,loop4,0.00,0.00,0.000,0.000,0.00
1777902455,loop40,0.00,0.00,0.000,0.000,0.00
1777902455,loop5,0.00,0.00,0.000,0.000,0.00
1777902455,loop6,0.00,0.00,0.000,0.000,0.00
1777902455,loop7,0.00,0.00,0.000,0.000,0.00
1777902455,loop8,0.00,0.00,0.000,0.000,0.00
1777902455,loop9,0.00,0.00,0.000,0.000,0.00
1777902455,nvme0n1,2.00,8.00,0.000,0.000,0.20
1777902456,loop0,0.00,0.00,0.000,0.000,0.00
1777902456,loop1,0.00,0.00,0.000,0.000,0.00
1777902456,loop10,0.00,0.00,0.000,0.000,0.00
1777902456,loop11,0.00,0.00,0.000,0.000,0.00
1777902456,loop12,0.00,0.00,0.000,0.000,0.00
1777902456,loop13,0.00,0.00,0.000,0.000,0.00
1777902456,loop14,0.00,0.00,0.000,0.000,0.00
1777902456,loop15,0.00,0.00,0.000,0.000,0.00
1777902456,loop16,0.00,0.00,0.000,0.000,0.00
1777902456,loop17,0.00,0.00,0.000,0.000,0.00
1777902456,loop18,0.00,0.00,0.000,0.000,0.00
1777902456,loop19,0.00,0.00,0.000,0.000,0.00
1777902456,loop2,0.00,0.00,0.000,0.000,0.00
1777902456,loop20,0.00,0.00,0.000,0.000,0.00
1777902456,loop21,0.00,0.00,0.000,0.000,0.00
1777902456,loop22,0.00,0.00,0.000,0.000,0.00
1777902456,loop23,0.00,0.00,0.000,0.000,0.00
1777902456,loop24,0.00,0.00,0.000,0.000,0.00
1777902456,loop25,0.00,0.00,0.000,0.000,0.00
1777902456,loop26,0.00,0.00,0.000,0.000,0.00
1777902456,loop27,0.00,0.00,0.000,0.000,0.00
1777902456,loop28,0.00,0.00,0.000,0.000,0.00
1777902456,loop29,0.00,0.00,0.000,0.000,0.00
1777902456,loop3,0.00,0.00,0.000,0.000,0.00
1777902456,loop30,0.00,0.00,0.000,0.000,0.00
1777902456,loop31,0.00,0.00,0.000,0.000,0.00
1777902456,loop32,0.00,0.00,0.000,0.000,0.00
1777902456,loop33,0.00,0.00,0.000,0.000,0.00
1777902456,loop34,0.00,0.00,0.000,0.000,0.00
1777902456,loop35,0.00,0.00,0.000,0.000,0.00
1777902456,loop36,0.00,0.00,0.000,0.000,0.00
1777902456,loop37,0.00,0.00,0.000,0.000,0.00
1777902456,loop38,0.00,0.00,0.000,0.000,0.00
1777902456,loop39,0.00,0.00,0.000,0.000,0.00
1777902456,loop4,0.00,0.00,0.000,0.000,0.00
1777902456,loop40,0.00,0.00,0.000,0.000,0.00
1777902456,loop5,0.00,0.00,0.000,0.000,0.00
1777902456,loop6,0.00,0.00,0.000,0.000,0.00
1777902456,loop7,0.00,0.00,0.000,0.000,0.00
1777902456,loop8,0.00,0.00,0.000,0.000,0.00
1777902456,loop9,0.00,0.00,0.000,0.000,0.00
1777902456,nvme0n1,0.00,0.00,0.000,0.000,0.00
1777902457,loop0,0.00,0.00,0.000,0.000,0.00
1777902457,loop1,0.00,0.00,0.000,0.000,0.00
1777902457,loop10,0.00,0.00,0.000,0.000,0.00
1777902457,loop11,0.00,0.00,0.000,0.000,0.00
1777902457,loop12,0.00,0.00,0.000,0.000,0.00
1777902457,loop13,0.00,0.00,0.000,0.000,0.00
1777902457,loop14,0.00,0.00,0.000,0.000,0.00
1777902457,loop15,0.00,0.00,0.000,0.000,0.00
1777902457,loop16,0.00,0.00,0.000,0.000,0.00
1777902457,loop17,0.00,0.00,0.000,0.000,0.00
1777902457,loop18,0.00,0.00,0.000,0.000,0.00
1777902457,loop19,0.00,0.00,0.000,0.000,0.00
1777902457,loop2,0.00,0.00,0.000,0.000,0.00
1777902457,loop20,0.00,0.00,0.000,0.000,0.00
1777902457,loop21,0.00,0.00,0.000,0.000,0.00
1777902457,loop22,0.00,0.00,0.000,0.000,0.00
1777902457,loop23,0.00,0.00,0.000,0.000,0.00
1777902457,loop24,0.00,0.00,0.000,0.000,0.00
1777902457,loop25,0.00,0.00,0.000,0.000,0.00
1777902457,loop26,0.00,0.00,0.000,0.000,0.00
1777902457,loop27,0.00,0.00,0.000,0.000,0.00
1777902457,loop28,0.00,0.00,0.000,0.000,0.00
1777902457,loop29,0.00,0.00,0.000,0.000,0.00
1777902457,loop3,0.00,0.00,0.000,0.000,0.00
1777902457,loop30,0.00,0.00,0.000,0.000,0.00
1777902457,loop31,0.00,0.00,0.000,0.000,0.00
1777902457,loop32,0.00,0.00,0.000,0.000,0.00
1777902457,loop33,0.00,0.00,0.000,0.000,0.00
1777902457,loop34,0.00,0.00,0.000,0.000,0.00
1777902457,loop35,0.00,0.00,0.000,0.000,0.00
1777902457,loop36,0.00,0.00,0.000,0.000,0.00
1777902457,loop37,0.00,0.00,0.000,0.000,0.00
1777902457,loop38,0.00,0.00,0.000,0.000,0.00
1777902457,loop39,0.00,0.00,0.000,0.000,0.00
1777902457,loop4,0.00,0.00,0.000,0.000,0.00
1777902457,loop40,0.00,0.00,0.000,0.000,0.00
1777902457,loop5,0.00,0.00,0.000,0.000,0.00
1777902457,loop6,0.00,0.00,0.000,0.000,0.00
1777902457,loop7,0.00,0.00,0.000,0.000,0.00
1777902457,loop8,0.00,0.00,0.000,0.000,0.00
1777902457,loop9,0.00,0.00,0.000,0.000,0.00
1777902457,nvme0n1,1.00,4.00,0.000,0.000,0.40
1777902458,loop0,0.00,0.00,0.000,0.000,0.00
1777902458,loop1,0.00,0.00,0.000,0.000,0.00
1777902458,loop10,0.00,0.00,0.000,0.000,0.00
1777902458,loop11,0.00,0.00,0.000,0.000,0.00
1777902458,loop12,0.00,0.00,0.000,0.000,0.00
1777902458,loop13,0.00,0.00,0.000,0.000,0.00
1777902458,loop14,0.00,0.00,0.000,0.000,0.00
1777902458,loop15,0.00,0.00,0.000,0.000,0.00
1777902458,loop16,0.00,0.00,0.000,0.000,0.00
1777902458,loop17,0.00,0.00,0.000,0.000,0.00
1777902458,loop18,0.00,0.00,0.000,0.000,0.00
1777902458,loop19,0.00,0.00,0.000,0.000,0.00
1777902458,loop2,0.00,0.00,0.000,0.000,0.00
1777902458,loop20,0.00,0.00,0.000,0.000,0.00
1777902458,loop21,0.00,0.00,0.000,0.000,0.00
1777902458,loop22,0.00,0.00,0.000,0.000,0.00
1777902458,loop23,0.00,0.00,0.000,0.000,0.00
1777902458,loop24,0.00,0.00,0.000,0.000,0.00
1777902458,loop25,0.00,0.00,0.000,0.000,0.00
1777902458,loop26,0.00,0.00,0.000,0.000,0.00
1777902458,loop27,0.00,0.00,0.000,0.000,0.00
1777902458,loop28,0.00,0.00,0.000,0.000,0.00
1777902458,loop29,0.00,0.00,0.000,0.000,0.00
1777902458,loop3,0.00,0.00,0.000,0.000,0.00
1777902458,loop30,0.00,0.00,0.000,0.000,0.00
1777902458,loop31,0.00,0.00,0.000,0.000,0.00
1777902458,loop32,0.00,0.00,0.000,0.000,0.00
1777902458,loop33,0.00,0.00,0.000,0.000,0.00
1777902458,loop34,0.00,0.00,0.000,0.000,0.00
1777902458,loop35,0.00,0.00,0.000,0.000,0.00
1777902458,loop36,0.00,0.00,0.000,0.000,0.00
1777902458,loop37,0.00,0.00,0.000,0.000,0.00
1777902458,loop38,0.00,0.00,0.000,0.000,0.00
1777902458,loop39,0.00,0.00,0.000,0.000,0.00
1777902458,loop4,0.00,0.00,0.000,0.000,0.00
1777902458,loop40,0.00,0.00,0.000,0.000,0.00
1777902458,loop5,0.00,0.00,0.000,0.000,0.00
1777902458,loop6,0.00,0.00,0.000,0.000,0.00
1777902458,loop7,0.00,0.00,0.000,0.000,0.00
1777902458,loop8,0.00,0.00,0.000,0.000,0.00
1777902458,loop9,0.00,0.00,0.000,0.000,0.00
1777902458,nvme0n1,0.00,0.00,0.000,0.000,0.00
1777902459,loop0,0.00,0.00,0.000,0.000,0.00
1777902459,loop1,0.00,0.00,0.000,0.000,0.00
1777902459,loop10,0.00,0.00,0.000,0.000,0.00
1777902459,loop11,0.00,0.00,0.000,0.000,0.00
1777902459,loop12,0.00,0.00,0.000,0.000,0.00
1777902459,loop13,0.00,0.00,0.000,0.000,0.00
1777902459,loop14,0.00,0.00,0.000,0.000,0.00
1777902459,loop15,0.00,0.00,0.000,0.000,0.00
1777902459,loop16,0.00,0.00,0.000,0.000,0.00
1777902459,loop17,0.00,0.00,0.000,0.000,0.00
1777902459,loop18,0.00,0.00,0.000,0.000,0.00
1777902459,loop19,0.00,0.00,0.000,0.000,0.00
1777902459,loop2,0.00,0.00,0.000,0.000,0.00
1777902459,loop20,0.00,0.00,0.000,0.000,0.00
1777902459,loop21,0.00,0.00,0.000,0.000,0.00
1777902459,loop22,0.00,0.00,0.000,0.000,0.00
1777902459,loop23,11.00,403.00,0.000,0.000,4.70
1777902459,loop24,0.00,0.00,0.000,0.000,0.00
1777902459,loop25,0.00,0.00,0.000,0.000,0.00
1777902459,loop26,0.00,0.00,0.000,0.000,0.00
1777902459,loop27,0.00,0.00,0.000,0.000,0.00
1777902459,loop28,0.00,0.00,0.000,0.000,0.00
1777902459,loop29,0.00,0.00,0.000,0.000,0.00
1777902459,loop3,0.00,0.00,0.000,0.000,0.00
1777902459,loop30,0.00,0.00,0.000,0.000,0.00
1777902459,loop31,0.00,0.00,0.000,0.000,0.00
1777902459,loop32,0.00,0.00,0.000,0.000,0.00
1777902459,loop33,0.00,0.00,0.000,0.000,0.00
1777902459,loop34,0.00,0.00,0.000,0.000,0.00
1777902459,loop35,0.00,0.00,0.000,0.000,0.00
1777902459,loop36,0.00,0.00,0.000,0.000,0.00
1777902459,loop37,0.00,0.00,0.000,0.000,0.00
1777902459,loop38,0.00,0.00,0.000,0.000,0.00
1777902459,loop39,0.00,0.00,0.000,0.000,0.00
1777902459,loop4,0.00,0.00,0.000,0.000,0.00
1777902459,loop40,0.00,0.00,0.000,0.000,0.00
1777902459,loop5,0.00,0.00,0.000,0.000,0.00
1777902459,loop6,0.00,0.00,0.000,0.000,0.00
1777902459,loop7,0.00,0.00,0.000,0.000,0.00
1777902459,loop8,0.00,0.00,0.000,0.000,0.00
1777902459,loop9,0.00,0.00,0.000,0.000,0.00
1777902459,nvme0n1,6.00,408.00,0.000,0.000,4.60
1777902460,loop0,0.00,0.00,0.000,0.000,0.00
1777902460,loop1,0.00,0.00,0.000,0.000,0.00
1777902460,loop10,0.00,0.00,0.000,0.000,0.00
1777902460,loop11,0.00,0.00,0.000,0.000,0.00
1777902460,loop12,0.00,0.00,0.000,0.000,0.00
1777902460,loop13,0.00,0.00,0.000,0.000,0.00
1777902460,loop14,0.00,0.00,0.000,0.000,0.00
1777902460,loop15,0.00,0.00,0.000,0.000,0.00
1777902460,loop16,0.00,0.00,0.000,0.000,0.00
1777902460,loop17,0.00,0.00,0.000,0.000,0.00
1777902460,loop18,0.00,0.00,0.000,0.000,0.00
1777902460,loop19,0.00,0.00,0.000,0.000,0.00
1777902460,loop2,0.00,0.00,0.000,0.000,0.00
1777902460,loop20,0.00,0.00,0.000,0.000,0.00
1777902460,loop21,0.00,0.00,0.000,0.000,0.00
1777902460,loop22,0.00,0.00,0.000,0.000,0.00
1777902460,loop23,0.00,0.00,0.000,0.000,0.00
1777902460,loop24,0.00,0.00,0.000,0.000,0.00
1777902460,loop25,0.00,0.00,0.000,0.000,0.00
1777902460,loop26,0.00,0.00,0.000,0.000,0.00
1777902460,loop27,0.00,0.00,0.000,0.000,0.00
1777902460,loop28,0.00,0.00,0.000,0.000,0.00
1777902460,loop29,0.00,0.00,0.000,0.000,0.00
1777902460,loop3,0.00,0.00,0.000,0.000,0.00
1777902460,loop30,0.00,0.00,0.000,0.000,0.00
1777902460,loop31,0.00,0.00,0.000,0.000,0.00
1777902460,loop32,0.00,0.00,0.000,0.000,0.00
1777902460,loop33,0.00,0.00,0.000,0.000,0.00
1777902460,loop34,0.00,0.00,0.000,0.000,0.00
1777902460,loop35,0.00,0.00,0.000,0.000,0.00
1777902460,loop36,0.00,0.00,0.000,0.000,0.00
1777902460,loop37,0.00,0.00,0.000,0.000,0.00
1777902460,loop38,0.00,0.00,0.000,0.000,0.00
1777902460,loop39,0.00,0.00,0.000,0.000,0.00
1777902460,loop4,0.00,0.00,0.000,0.000,0.00
1777902460,loop40,0.00,0.00,0.000,0.000,0.00
1777902460,loop5,0.00,0.00,0.000,0.000,0.00
1777902460,loop6,0.00,0.00,0.000,0.000,0.00
1777902460,loop7,0.00,0.00,0.000,0.000,0.00
1777902460,loop8,0.00,0.00,0.000,0.000,0.00
1777902460,loop9,0.00,0.00,0.000,0.000,0.00
1777902460,nvme0n1,1.00,4.00,0.000,0.000,0.10
1777902461,loop0,0.00,0.00,0.000,0.000,0.00
1777902461,loop1,0.00,0.00,0.000,0.000,0.00
1777902461,loop10,0.00,0.00,0.000,0.000,0.00
1777902461,loop11,0.00,0.00,0.000,0.000,0.00
1777902461,loop12,0.00,0.00,0.000,0.000,0.00
1777902461,loop13,0.00,0.00,0.000,0.000,0.00
1777902461,loop14,0.00,0.00,0.000,0.000,0.00
1777902461,loop15,0.00,0.00,0.000,0.000,0.00
1777902461,loop16,0.00,0.00,0.000,0.000,0.00
1777902461,loop17,0.00,0.00,0.000,0.000,0.00
1777902461,loop18,0.00,0.00,0.000,0.000,0.00
1777902461,loop19,0.00,0.00,0.000,0.000,0.00
1777902461,loop2,0.00,0.00,0.000,0.000,0.00
1777902461,loop20,0.00,0.00,0.000,0.000,0.00
1777902461,loop21,0.00,0.00,0.000,0.000,0.00
1777902461,loop22,0.00,0.00,0.000,0.000,0.00
1777902461,loop23,0.00,0.00,0.000,0.000,0.00
1777902461,loop24,0.00,0.00,0.000,0.000,0.00
1777902461,loop25,0.00,0.00,0.000,0.000,0.00
1777902461,loop26,0.00,0.00,0.000,0.000,0.00
1777902461,loop27,0.00,0.00,0.000,0.000,0.00
1777902461,loop28,0.00,0.00,0.000,0.000,0.00
1777902461,loop29,0.00,0.00,0.000,0.000,0.00
1777902461,loop3,0.00,0.00,0.000,0.000,0.00
1777902461,loop30,0.00,0.00,0.000,0.000,0.00
1777902461,loop31,0.00,0.00,0.000,0.000,0.00
1777902461,loop32,0.00,0.00,0.000,0.000,0.00
1777902461,loop33,0.00,0.00,0.000,0.000,0.00
1777902461,loop34,0.00,0.00,0.000,0.000,0.00
1777902461,loop35,0.00,0.00,0.000,0.000,0.00
1777902461,loop36,0.00,0.00,0.000,0.000,0.00
1777902461,loop37,0.00,0.00,0.000,0.000,0.00
1777902461,loop38,0.00,0.00,0.000,0.000,0.00
1777902461,loop39,0.00,0.00,0.000,0.000,0.00
1777902461,loop4,0.00,0.00,0.000,0.000,0.00
1777902461,loop40,0.00,0.00,0.000,0.000,0.00
1777902461,loop5,0.00,0.00,0.000,0.000,0.00
1777902461,loop6,0.00,0.00,0.000,0.000,0.00
1777902461,loop7,0.00,0.00,0.000,0.000,0.00
1777902461,loop8,0.00,0.00,0.000,0.000,0.00
1777902461,loop9,0.00,0.00,0.000,0.000,0.00
1777902461,nvme0n1,2.00,12.00,0.001,0.033,0.10
1777902462,loop0,0.00,0.00,0.000,0.000,0.00
1777902462,loop1,0.00,0.00,0.000,0.000,0.00
1777902462,loop10,0.00,0.00,0.000,0.000,0.00
1777902462,loop11,0.00,0.00,0.000,0.000,0.00
1777902462,loop12,0.00,0.00,0.000,0.000,0.00
1777902462,loop13,0.00,0.00,0.000,0.000,0.00
1777902462,loop14,0.00,0.00,0.000,0.000,0.00
1777902462,loop15,0.00,0.00,0.000,0.000,0.00
1777902462,loop16,0.00,0.00,0.000,0.000,0.00
1777902462,loop17,0.00,0.00,0.000,0.000,0.00
1777902462,loop18,0.00,0.00,0.000,0.000,0.00
1777902462,loop19,0.00,0.00,0.000,0.000,0.00
1777902462,loop2,0.00,0.00,0.000,0.000,0.00
1777902462,loop20,0.00,0.00,0.000,0.000,0.00
1777902462,loop21,0.00,0.00,0.000,0.000,0.00
1777902462,loop22,0.00,0.00,0.000,0.000,0.00
1777902462,loop23,0.00,0.00,0.000,0.000,0.00
1777902462,loop24,0.00,0.00,0.000,0.000,0.00
1777902462,loop25,0.00,0.00,0.000,0.000,0.00
1777902462,loop26,0.00,0.00,0.000,0.000,0.00
1777902462,loop27,0.00,0.00,0.000,0.000,0.00
1777902462,loop28,0.00,0.00,0.000,0.000,0.00
1777902462,loop29,0.00,0.00,0.000,0.000,0.00
1777902462,loop3,0.00,0.00,0.000,0.000,0.00
1777902462,loop30,0.00,0.00,0.000,0.000,0.00
1777902462,loop31,0.00,0.00,0.000,0.000,0.00
1777902462,loop32,0.00,0.00,0.000,0.000,0.00
1777902462,loop33,0.00,0.00,0.000,0.000,0.00
1777902462,loop34,0.00,0.00,0.000,0.000,0.00
1777902462,loop35,0.00,0.00,0.000,0.000,0.00
1777902462,loop36,0.00,0.00,0.000,0.000,0.00
1777902462,loop37,0.00,0.00,0.000,0.000,0.00
1777902462,loop38,0.00,0.00,0.000,0.000,0.00
1777902462,loop39,0.00,0.00,0.000,0.000,0.00
1777902462,loop4,0.00,0.00,0.000,0.000,0.00
1777902462,loop40,0.00,0.00,0.000,0.000,0.00
1777902462,loop5,0.00,0.00,0.000,0.000,0.00
1777902462,loop6,0.00,0.00,0.000,0.000,0.00
1777902462,loop7,0.00,0.00,0.000,0.000,0.00
1777902462,loop8,0.00,0.00,0.000,0.000,0.00
1777902462,loop9,0.00,0.00,0.000,0.000,0.00
1777902462,nvme0n1,164.00,768.00,0.027,0.014,1.60
1777902463,loop0,0.00,0.00,0.000,0.000,0.00
1777902463,loop1,0.00,0.00,0.000,0.000,0.00
1777902463,loop10,0.00,0.00,0.000,0.000,0.00
1777902463,loop11,0.00,0.00,0.000,0.000,0.00
1777902463,loop12,0.00,0.00,0.000,0.000,0.00
1777902463,loop13,0.00,0.00,0.000,0.000,0.00
1777902463,loop14,0.00,0.00,0.000,0.000,0.00
1777902463,loop15,0.00,0.00,0.000,0.000,0.00
1777902463,loop16,0.00,0.00,0.000,0.000,0.00
1777902463,loop17,0.00,0.00,0.000,0.000,0.00
1777902463,loop18,0.00,0.00,0.000,0.000,0.00
1777902463,loop19,0.00,0.00,0.000,0.000,0.00
1777902463,loop2,0.00,0.00,0.000,0.000,0.00
1777902463,loop20,0.00,0.00,0.000,0.000,0.00
1777902463,loop21,0.00,0.00,0.000,0.000,0.00
1777902463,loop22,0.00,0.00,0.000,0.000,0.00
1777902463,loop23,0.00,0.00,0.000,0.000,0.00
1777902463,loop24,0.00,0.00,0.000,0.000,0.00
1777902463,loop25,0.00,0.00,0.000,0.000,0.00
1777902463,loop26,0.00,0.00,0.000,0.000,0.00
1777902463,loop27,0.00,0.00,0.000,0.000,0.00
1777902463,loop28,0.00,0.00,0.000,0.000,0.00
1777902463,loop29,0.00,0.00,0.000,0.000,0.00
1777902463,loop3,0.00,0.00,0.000,0.000,0.00
1777902463,loop30,0.00,0.00,0.000,0.000,0.00
1777902463,loop31,0.00,0.00,0.000,0.000,0.00
1777902463,loop32,0.00,0.00,0.000,0.000,0.00
1777902463,loop33,0.00,0.00,0.000,0.000,0.00
1777902463,loop34,0.00,0.00,0.000,0.000,0.00
1777902463,loop35,0.00,0.00,0.000,0.000,0.00
1777902463,loop36,0.00,0.00,0.000,0.000,0.00
1777902463,loop37,0.00,0.00,0.000,0.000,0.00
1777902463,loop38,0.00,0.00,0.000,0.000,0.00
1777902463,loop39,0.00,0.00,0.000,0.000,0.00
1777902463,loop4,0.00,0.00,0.000,0.000,0.00
1777902463,loop40,0.00,0.00,0.000,0.000,0.00
1777902463,loop5,0.00,0.00,0.000,0.000,0.00
1777902463,loop6,0.00,0.00,0.000,0.000,0.00
1777902463,loop7,0.00,0.00,0.000,0.000,0.00
1777902463,loop8,0.00,0.00,0.000,0.000,0.00
1777902463,loop9,0.00,0.00,0.000,0.000,0.00
1777902463,nvme0n1,2.00,8.00,0.000,0.000,0.00
1777902464,loop0,0.00,0.00,0.000,0.000,0.00
1777902464,loop1,0.00,0.00,0.000,0.000,0.00
1777902464,loop10,0.00,0.00,0.000,0.000,0.00
1777902464,loop11,0.00,0.00,0.000,0.000,0.00
1777902464,loop12,0.00,0.00,0.000,0.000,0.00
1777902464,loop13,0.00,0.00,0.000,0.000,0.00
1777902464,loop14,0.00,0.00,0.000,0.000,0.00
1777902464,loop15,0.00,0.00,0.000,0.000,0.00
1777902464,loop16,0.00,0.00,0.000,0.000,0.00
1777902464,loop17,0.00,0.00,0.000,0.000,0.00
1777902464,loop18,0.00,0.00,0.000,0.000,0.00
1777902464,loop19,0.00,0.00,0.000,0.000,0.00
1777902464,loop2,0.00,0.00,0.000,0.000,0.00
1777902464,loop20,0.00,0.00,0.000,0.000,0.00
1777902464,loop21,0.00,0.00,0.000,0.000,0.00
1777902464,loop22,0.00,0.00,0.000,0.000,0.00
1777902464,loop23,0.00,0.00,0.000,0.000,0.00
1777902464,loop24,0.00,0.00,0.000,0.000,0.00
1777902464,loop25,0.00,0.00,0.000,0.000,0.00
1777902464,loop26,0.00,0.00,0.000,0.000,0.00
1777902464,loop27,0.00,0.00,0.000,0.000,0.00
1777902464,loop28,0.00,0.00,0.000,0.000,0.00
1777902464,loop29,0.00,0.00,0.000,0.000,0.00
1777902464,loop3,0.00,0.00,0.000,0.000,0.00
1777902464,loop30,0.00,0.00,0.000,0.000,0.00
1777902464,loop31,0.00,0.00,0.000,0.000,0.00
1777902464,loop32,0.00,0.00,0.000,0.000,0.00
1777902464,loop33,0.00,0.00,0.000,0.000,0.00
1777902464,loop34,0.00,0.00,0.000,0.000,0.00
1777902464,loop35,0.00,0.00,0.000,0.000,0.00
1777902464,loop36,0.00,0.00,0.000,0.000,0.00
1777902464,loop37,0.00,0.00,0.000,0.000,0.00
1777902464,loop38,0.00,0.00,0.000,0.000,0.00
1777902464,loop39,0.00,0.00,0.000,0.000,0.00
1777902464,loop4,0.00,0.00,0.000,0.000,0.00
1777902464,loop40,0.00,0.00,0.000,0.000,0.00
1777902464,loop5,0.00,0.00,0.000,0.000,0.00
1777902464,loop6,0.00,0.00,0.000,0.000,0.00
1777902464,loop7,0.00,0.00,0.000,0.000,0.00
1777902464,loop8,0.00,0.00,0.000,0.000,0.00
1777902464,loop9,0.00,0.00,0.000,0.000,0.00
1777902464,nvme0n1,0.00,0.00,0.000,0.000,0.00
1777902465,loop0,0.00,0.00,0.000,0.000,0.00
1777902465,loop1,0.00,0.00,0.000,0.000,0.00
1777902465,loop10,0.00,0.00,0.000,0.000,0.00
1777902465,loop11,0.00,0.00,0.000,0.000,0.00
1777902465,loop12,0.00,0.00,0.000,0.000,0.00
1777902465,loop13,0.00,0.00,0.000,0.000,0.00
1777902465,loop14,0.00,0.00,0.000,0.000,0.00
1777902465,loop15,0.00,0.00,0.000,0.000,0.00
1777902465,loop16,0.00,0.00,0.000,0.000,0.00
1777902465,loop17,0.00,0.00,0.000,0.000,0.00
1777902465,loop18,0.00,0.00,0.000,0.000,0.00
1777902465,loop19,0.00,0.00,0.000,0.000,0.00
1777902465,loop2,0.00,0.00,0.000,0.000,0.00
1777902465,loop20,0.00,0.00,0.000,0.000,0.00
1777902465,loop21,0.00,0.00,0.000,0.000,0.00
1777902465,loop22,0.00,0.00,0.000,0.000,0.00
1777902465,loop23,0.00,0.00,0.000,0.000,0.00
1777902465,loop24,0.00,0.00,0.000,0.000,0.00
1777902465,loop25,0.00,0.00,0.000,0.000,0.00
1777902465,loop26,0.00,0.00,0.000,0.000,0.00
1777902465,loop27,0.00,0.00,0.000,0.000,0.00
1777902465,loop28,0.00,0.00,0.000,0.000,0.00
1777902465,loop29,0.00,0.00,0.000,0.000,0.00
1777902465,loop3,0.00,0.00,0.000,0.000,0.00
1777902465,loop30,0.00,0.00,0.000,0.000,0.00
1777902465,loop31,0.00,0.00,0.000,0.000,0.00
1777902465,loop32,0.00,0.00,0.000,0.000,0.00
1777902465,loop33,0.00,0.00,0.000,0.000,0.00
1777902465,loop34,0.00,0.00,0.000,0.000,0.00
1777902465,loop35,0.00,0.00,0.000,0.000,0.00
1777902465,loop36,0.00,0.00,0.000,0.000,0.00
1777902465,loop37,0.00,0.00,0.000,0.000,0.00
1777902465,loop38,0.00,0.00,0.000,0.000,0.00
1777902465,loop39,0.00,0.00,0.000,0.000,0.00
1777902465,loop4,0.00,0.00,0.000,0.000,0.00
1777902465,loop40,0.00,0.00,0.000,0.000,0.00
1777902465,loop5,0.00,0.00,0.000,0.000,0.00
1777902465,loop6,0.00,0.00,0.000,0.000,0.00
1777902465,loop7,0.00,0.00,0.000,0.000,0.00
1777902465,loop8,0.00,0.00,0.000,0.000,0.00
1777902465,loop9,0.00,0.00,0.000,0.000,0.00
1777902465,nvme0n1,2.00,8.00,0.000,0.000,0.10
1777902466,loop0,0.00,0.00,0.000,0.000,0.00
1777902466,loop1,0.00,0.00,0.000,0.000,0.00
1777902466,loop10,0.00,0.00,0.000,0.000,0.00
1777902466,loop11,0.00,0.00,0.000,0.000,0.00
1777902466,loop12,0.00,0.00,0.000,0.000,0.00
1777902466,loop13,0.00,0.00,0.000,0.000,0.00
1777902466,loop14,0.00,0.00,0.000,0.000,0.00
1777902466,loop15,0.00,0.00,0.000,0.000,0.00
1777902466,loop16,0.00,0.00,0.000,0.000,0.00
1777902466,loop17,0.00,0.00,0.000,0.000,0.00
1777902466,loop18,0.00,0.00,0.000,0.000,0.00
1777902466,loop19,0.00,0.00,0.000,0.000,0.00
1777902466,loop2,0.00,0.00,0.000,0.000,0.00
1777902466,loop20,0.00,0.00,0.000,0.000,0.00
1777902466,loop21,0.00,0.00,0.000,0.000,0.00
1777902466,loop22,0.00,0.00,0.000,0.000,0.00
1777902466,loop23,0.00,0.00,0.000,0.000,0.00
1777902466,loop24,0.00,0.00,0.000,0.000,0.00
1777902466,loop25,0.00,0.00,0.000,0.000,0.00
1777902466,loop26,0.00,0.00,0.000,0.000,0.00
1777902466,loop27,0.00,0.00,0.000,0.000,0.00
1777902466,loop28,0.00,0.00,0.000,0.000,0.00
1777902466,loop29,0.00,0.00,0.000,0.000,0.00
1777902466,loop3,0.00,0.00,0.000,0.000,0.00
1777902466,loop30,0.00,0.00,0.000,0.000,0.00
1777902466,loop31,0.00,0.00,0.000,0.000,0.00
1777902466,loop32,0.00,0.00,0.000,0.000,0.00
1777902466,loop33,0.00,0.00,0.000,0.000,0.00
1777902466,loop34,0.00,0.00,0.000,0.000,0.00
1777902466,loop35,0.00,0.00,0.000,0.000,0.00
1777902466,loop36,0.00,0.00,0.000,0.000,0.00
1777902466,loop37,0.00,0.00,0.000,0.000,0.00
1777902466,loop38,0.00,0.00,0.000,0.000,0.00
1777902466,loop39,0.00,0.00,0.000,0.000,0.00
1777902466,loop4,0.00,0.00,0.000,0.000,0.00
1777902466,loop40,0.00,0.00,0.000,0.000,0.00
1777902466,loop5,0.00,0.00,0.000,0.000,0.00
1777902466,loop6,0.00,0.00,0.000,0.000,0.00
1777902466,loop7,0.00,0.00,0.000,0.000,0.00
1777902466,loop8,0.00,0.00,0.000,0.000,0.00
1777902466,loop9,0.00,0.00,0.000,0.000,0.00
1777902466,nvme0n1,1.00,4.00,0.000,0.000,0.10
1777902467,loop0,0.00,0.00,0.000,0.000,0.00
1777902467,loop1,0.00,0.00,0.000,0.000,0.00
1777902467,loop10,0.00,0.00,0.000,0.000,0.00
1777902467,loop11,0.00,0.00,0.000,0.000,0.00
1777902467,loop12,0.00,0.00,0.000,0.000,0.00
1777902467,loop13,0.00,0.00,0.000,0.000,0.00
1777902467,loop14,0.00,0.00,0.000,0.000,0.00
1777902467,loop15,0.00,0.00,0.000,0.000,0.00
1777902467,loop16,0.00,0.00,0.000,0.000,0.00
1777902467,loop17,0.00,0.00,0.000,0.000,0.00
1777902467,loop18,0.00,0.00,0.000,0.000,0.00
1777902467,loop19,0.00,0.00,0.000,0.000,0.00
1777902467,loop2,0.00,0.00,0.000,0.000,0.00
1777902467,loop20,0.00,0.00,0.000,0.000,0.00
1777902467,loop21,0.00,0.00,0.000,0.000,0.00
1777902467,loop22,0.00,0.00,0.000,0.000,0.00
1777902467,loop23,0.00,0.00,0.000,0.000,0.00
1777902467,loop24,0.00,0.00,0.000,0.000,0.00
1777902467,loop25,0.00,0.00,0.000,0.000,0.00
1777902467,loop26,0.00,0.00,0.000,0.000,0.00
1777902467,loop27,0.00,0.00,0.000,0.000,0.00
1777902467,loop28,0.00,0.00,0.000,0.000,0.00
1777902467,loop29,0.00,0.00,0.000,0.000,0.00
1777902467,loop3,0.00,0.00,0.000,0.000,0.00
1777902467,loop30,0.00,0.00,0.000,0.000,0.00
1777902467,loop31,0.00,0.00,0.000,0.000,0.00
1777902467,loop32,0.00,0.00,0.000,0.000,0.00
1777902467,loop33,0.00,0.00,0.000,0.000,0.00
1777902467,loop34,0.00,0.00,0.000,0.000,0.00
1777902467,loop35,0.00,0.00,0.000,0.000,0.00
1777902467,loop36,0.00,0.00,0.000,0.000,0.00
1777902467,loop37,0.00,0.00,0.000,0.000,0.00
1777902467,loop38,0.00,0.00,0.000,0.000,0.00
1777902467,loop39,0.00,0.00,0.000,0.000,0.00
1777902467,loop4,0.00,0.00,0.000,0.000,0.00
1777902467,loop40,0.00,0.00,0.000,0.000,0.00
1777902467,loop5,0.00,0.00,0.000,0.000,0.00
1777902467,loop6,0.00,0.00,0.000,0.000,0.00
1777902467,loop7,0.00,0.00,0.000,0.000,0.00
1777902467,loop8,0.00,0.00,0.000,0.000,0.00
1777902467,loop9,0.00,0.00,0.000,0.000,0.00
1777902467,nvme0n1,0.00,0.00,0.000,0.000,0.30
1777902468,loop0,0.00,0.00,0.000,0.000,0.00
1777902468,loop1,0.00,0.00,0.000,0.000,0.00
1777902468,loop10,0.00,0.00,0.000,0.000,0.00
1777902468,loop11,0.00,0.00,0.000,0.000,0.00
1777902468,loop12,0.00,0.00,0.000,0.000,0.00
1777902468,loop13,0.00,0.00,0.000,0.000,0.00
1777902468,loop14,0.00,0.00,0.000,0.000,0.00
1777902468,loop15,0.00,0.00,0.000,0.000,0.00
1777902468,loop16,0.00,0.00,0.000,0.000,0.00
1777902468,loop17,0.00,0.00,0.000,0.000,0.00
1777902468,loop18,0.00,0.00,0.000,0.000,0.00
1777902468,loop19,0.00,0.00,0.000,0.000,0.00
1777902468,loop2,0.00,0.00,0.000,0.000,0.00
1777902468,loop20,0.00,0.00,0.000,0.000,0.00
1777902468,loop21,0.00,0.00,0.000,0.000,0.00
1777902468,loop22,0.00,0.00,0.000,0.000,0.00
1777902468,loop23,0.00,0.00,0.000,0.000,0.00
1777902468,loop24,0.00,0.00,0.000,0.000,0.00
1777902468,loop25,0.00,0.00,0.000,0.000,0.00
1777902468,loop26,0.00,0.00,0.000,0.000,0.00
1777902468,loop27,0.00,0.00,0.000,0.000,0.00
1777902468,loop28,0.00,0.00,0.000,0.000,0.00
1777902468,loop29,0.00,0.00,0.000,0.000,0.00
1777902468,loop3,0.00,0.00,0.000,0.000,0.00
1777902468,loop30,0.00,0.00,0.000,0.000,0.00
1777902468,loop31,0.00,0.00,0.000,0.000,0.00
1777902468,loop32,0.00,0.00,0.000,0.000,0.00
1777902468,loop33,0.00,0.00,0.000,0.000,0.00
1777902468,loop34,0.00,0.00,0.000,0.000,0.00
1777902468,loop35,0.00,0.00,0.000,0.000,0.00
1777902468,loop36,0.00,0.00,0.000,0.000,0.00
1777902468,loop37,0.00,0.00,0.000,0.000,0.00
1777902468,loop38,0.00,0.00,0.000,0.000,0.00
1777902468,loop39,0.00,0.00,0.000,0.000,0.00
1777902468,loop4,0.00,0.00,0.000,0.000,0.00
1777902468,loop40,0.00,0.00,0.000,0.000,0.00
1777902468,loop5,0.00,0.00,0.000,0.000,0.00
1777902468,loop6,0.00,0.00,0.000,0.000,0.00
1777902468,loop7,0.00,0.00,0.000,0.000,0.00
1777902468,loop8,0.00,0.00,0.000,0.000,0.00
1777902468,loop9,0.00,0.00,0.000,0.000,0.00
1777902468,nvme0n1,0.00,0.00,0.000,0.000,0.00
1777902469,loop0,0.00,0.00,0.000,0.000,0.00
1777902469,loop1,0.00,0.00,0.000,0.000,0.00
1777902469,loop10,0.00,0.00,0.000,0.000,0.00
1777902469,loop11,0.00,0.00,0.000,0.000,0.00
1777902469,loop12,0.00,0.00,0.000,0.000,0.00
1777902469,loop13,0.00,0.00,0.000,0.000,0.00
1777902469,loop14,0.00,0.00,0.000,0.000,0.00
1777902469,loop15,0.00,0.00,0.000,0.000,0.00
1777902469,loop16,0.00,0.00,0.000,0.000,0.00
1777902469,loop17,0.00,0.00,0.000,0.000,0.00
1777902469,loop18,0.00,0.00,0.000,0.000,0.00
1777902469,loop19,0.00,0.00,0.000,0.000,0.00
1777902469,loop2,0.00,0.00,0.000,0.000,0.00
1777902469,loop20,0.00,0.00,0.000,0.000,0.00
1777902469,loop21,0.00,0.00,0.000,0.000,0.00
1777902469,loop22,0.00,0.00,0.000,0.000,0.00
1777902469,loop23,0.00,0.00,0.000,0.000,0.00
1777902469,loop24,0.00,0.00,0.000,0.000,0.00
1777902469,loop25,0.00,0.00,0.000,0.000,0.00
1777902469,loop26,0.00,0.00,0.000,0.000,0.00
1777902469,loop27,0.00,0.00,0.000,0.000,0.00
1777902469,loop28,0.00,0.00,0.000,0.000,0.00
1777902469,loop29,0.00,0.00,0.000,0.000,0.00
1777902469,loop3,0.00,0.00,0.000,0.000,0.00
1777902469,loop30,0.00,0.00,0.000,0.000,0.00
1777902469,loop31,0.00,0.00,0.000,0.000,0.00
1777902469,loop32,0.00,0.00,0.000,0.000,0.00
1777902469,loop33,0.00,0.00,0.000,0.000,0.00
1777902469,loop34,0.00,0.00,0.000,0.000,0.00
1777902469,loop35,0.00,0.00,0.000,0.000,0.00
1777902469,loop36,0.00,0.00,0.000,0.000,0.00
1777902469,loop37,0.00,0.00,0.000,0.000,0.00
1777902469,loop38,0.00,0.00,0.000,0.000,0.00
1777902469,loop39,0.00,0.00,0.000,0.000,0.00
1777902469,loop4,0.00,0.00,0.000,0.000,0.00
1777902469,loop40,0.00,0.00,0.000,0.000,0.00
1777902469,loop5,0.00,0.00,0.000,0.000,0.00
1777902469,loop6,0.00,0.00,0.000,0.000,0.00
1777902469,loop7,0.00,0.00,0.000,0.000,0.00
1777902469,loop8,0.00,0.00,0.000,0.000,0.00
1777902469,loop9,0.00,0.00,0.000,0.000,0.00
1777902469,nvme0n1,4.00,16.00,0.000,0.000,0.00
1777902470,loop0,0.00,0.00,0.000,0.000,0.00
1777902470,loop1,0.00,0.00,0.000,0.000,0.00
1777902470,loop10,0.00,0.00,0.000,0.000,0.00
1777902470,loop11,0.00,0.00,0.000,0.000,0.00
1777902470,loop12,0.00,0.00,0.000,0.000,0.00
1777902470,loop13,0.00,0.00,0.000,0.000,0.00
1777902470,loop14,0.00,0.00,0.000,0.000,0.00
1777902470,loop15,0.00,0.00,0.000,0.000,0.00
1777902470,loop16,0.00,0.00,0.000,0.000,0.00
1777902470,loop17,0.00,0.00,0.000,0.000,0.00
1777902470,loop18,0.00,0.00,0.000,0.000,0.00
1777902470,loop19,0.00,0.00,0.000,0.000,0.00
1777902470,loop2,0.00,0.00,0.000,0.000,0.00
1777902470,loop20,0.00,0.00,0.000,0.000,0.00
1777902470,loop21,0.00,0.00,0.000,0.000,0.00
1777902470,loop22,0.00,0.00,0.000,0.000,0.00
1777902470,loop23,0.00,0.00,0.000,0.000,0.00
1777902470,loop24,0.00,0.00,0.000,0.000,0.00
1777902470,loop25,0.00,0.00,0.000,0.000,0.00
1777902470,loop26,0.00,0.00,0.000,0.000,0.00
1777902470,loop27,0.00,0.00,0.000,0.000,0.00
1777902470,loop28,0.00,0.00,0.000,0.000,0.00
1777902470,loop29,0.00,0.00,0.000,0.000,0.00
1777902470,loop3,0.00,0.00,0.000,0.000,0.00
1777902470,loop30,0.00,0.00,0.000,0.000,0.00
1777902470,loop31,0.00,0.00,0.000,0.000,0.00
1777902470,loop32,0.00,0.00,0.000,0.000,0.00
1777902470,loop33,0.00,0.00,0.000,0.000,0.00
1777902470,loop34,0.00,0.00,0.000,0.000,0.00
1777902470,loop35,0.00,0.00,0.000,0.000,0.00
1777902470,loop36,0.00,0.00,0.000,0.000,0.00
1777902470,loop37,0.00,0.00,0.000,0.000,0.00
1777902470,loop38,0.00,0.00,0.000,0.000,0.00
1777902470,loop39,0.00,0.00,0.000,0.000,0.00
1777902470,loop4,0.00,0.00,0.000,0.000,0.00
1777902470,loop40,0.00,0.00,0.000,0.000,0.00
1777902470,loop5,0.00,0.00,0.000,0.000,0.00
1777902470,loop6,0.00,0.00,0.000,0.000,0.00
1777902470,loop7,0.00,0.00,0.000,0.000,0.00
1777902470,loop8,0.00,0.00,0.000,0.000,0.00
1777902470,loop9,0.00,0.00,0.000,0.000,0.00
1777902470,nvme0n1,55.00,2340.00,0.000,0.000,1.10
1777902471,loop0,0.00,0.00,0.000,0.000,0.00
1777902471,loop1,0.00,0.00,0.000,0.000,0.00
1777902471,loop10,0.00,0.00,0.000,0.000,0.00
1777902471,loop11,0.00,0.00,0.000,0.000,0.00
1777902471,loop12,0.00,0.00,0.000,0.000,0.00
1777902471,loop13,0.00,0.00,0.000,0.000,0.00
1777902471,loop14,0.00,0.00,0.000,0.000,0.00
1777902471,loop15,0.00,0.00,0.000,0.000,0.00
1777902471,loop16,0.00,0.00,0.000,0.000,0.00
1777902471,loop17,0.00,0.00,0.000,0.000,0.00
1777902471,loop18,0.00,0.00,0.000,0.000,0.00
1777902471,loop19,0.00,0.00,0.000,0.000,0.00
1777902471,loop2,0.00,0.00,0.000,0.000,0.00
1777902471,loop20,0.00,0.00,0.000,0.000,0.00
1777902471,loop21,0.00,0.00,0.000,0.000,0.00
1777902471,loop22,0.00,0.00,0.000,0.000,0.00
1777902471,loop23,0.00,0.00,0.000,0.000,0.00
1777902471,loop24,0.00,0.00,0.000,0.000,0.00
1777902471,loop25,0.00,0.00,0.000,0.000,0.00
1777902471,loop26,0.00,0.00,0.000,0.000,0.00
1777902471,loop27,0.00,0.00,0.000,0.000,0.00
1777902471,loop28,0.00,0.00,0.000,0.000,0.00
1777902471,loop29,0.00,0.00,0.000,0.000,0.00
1777902471,loop3,0.00,0.00,0.000,0.000,0.00
1777902471,loop30,0.00,0.00,0.000,0.000,0.00
1777902471,loop31,0.00,0.00,0.000,0.000,0.00
1777902471,loop32,0.00,0.00,0.000,0.000,0.00
1777902471,loop33,0.00,0.00,0.000,0.000,0.00
1777902471,loop34,0.00,0.00,0.000,0.000,0.00
1777902471,loop35,0.00,0.00,0.000,0.000,0.00
1777902471,loop36,0.00,0.00,0.000,0.000,0.00
1777902471,loop37,0.00,0.00,0.000,0.000,0.00
1777902471,loop38,0.00,0.00,0.000,0.000,0.00
1777902471,loop39,0.00,0.00,0.000,0.000,0.00
1777902471,loop4,0.00,0.00,0.000,0.000,0.00
1777902471,loop40,0.00,0.00,0.000,0.000,0.00
1777902471,loop5,0.00,0.00,0.000,0.000,0.00
1777902471,loop6,0.00,0.00,0.000,0.000,0.00
1777902471,loop7,0.00,0.00,0.000,0.000,0.00
1777902471,loop8,0.00,0.00,0.000,0.000,0.00
1777902471,loop9,0.00,0.00,0.000,0.000,0.00
1777902471,nvme0n1,45.00,1216.00,0.020,0.030,0.90
1777902472,loop0,0.00,0.00,0.000,0.000,0.00
1777902472,loop1,0.00,0.00,0.000,0.000,0.00
1777902472,loop10,0.00,0.00,0.000,0.000,0.00
1777902472,loop11,0.00,0.00,0.000,0.000,0.00
1777902472,loop12,0.00,0.00,0.000,0.000,0.00
1777902472,loop13,0.00,0.00,0.000,0.000,0.00
1777902472,loop14,0.00,0.00,0.000,0.000,0.00
1777902472,loop15,0.00,0.00,0.000,0.000,0.00
1777902472,loop16,0.00,0.00,0.000,0.000,0.00
1777902472,loop17,0.00,0.00,0.000,0.000,0.00
1777902472,loop18,0.00,0.00,0.000,0.000,0.00
1777902472,loop19,0.00,0.00,0.000,0.000,0.00
1777902472,loop2,0.00,0.00,0.000,0.000,0.00
1777902472,loop20,0.00,0.00,0.000,0.000,0.00
1777902472,loop21,0.00,0.00,0.000,0.000,0.00
1777902472,loop22,0.00,0.00,0.000,0.000,0.00
1777902472,loop23,0.00,0.00,0.000,0.000,0.00
1777902472,loop24,0.00,0.00,0.000,0.000,0.00
1777902472,loop25,0.00,0.00,0.000,0.000,0.00
1777902472,loop26,0.00,0.00,0.000,0.000,0.00
1777902472,loop27,0.00,0.00,0.000,0.000,0.00
1777902472,loop28,0.00,0.00,0.000,0.000,0.00
1777902472,loop29,0.00,0.00,0.000,0.000,0.00
1777902472,loop3,0.00,0.00,0.000,0.000,0.00
1777902472,loop30,0.00,0.00,0.000,0.000,0.00
1777902472,loop31,0.00,0.00,0.000,0.000,0.00
1777902472,loop32,0.00,0.00,0.000,0.000,0.00
1777902472,loop33,0.00,0.00,0.000,0.000,0.00
1777902472,loop34,0.00,0.00,0.000,0.000,0.00
1777902472,loop35,0.00,0.00,0.000,0.000,0.00
1777902472,loop36,0.00,0.00,0.000,0.000,0.00
1777902472,loop37,0.00,0.00,0.000,0.000,0.00
1777902472,loop38,0.00,0.00,0.000,0.000,0.00
1777902472,loop39,0.00,0.00,0.000,0.000,0.00
1777902472,loop4,0.00,0.00,0.000,0.000,0.00
1777902472,loop40,0.00,0.00,0.000,0.000,0.00
1777902472,loop5,0.00,0.00,0.000,0.000,0.00
1777902472,loop6,0.00,0.00,0.000,0.000,0.00
1777902472,loop7,0.00,0.00,0.000,0.000,0.00
1777902472,loop8,0.00,0.00,0.000,0.000,0.00
1777902472,loop9,0.00,0.00,0.000,0.000,0.00
1777902472,nvme0n1,0.00,0.00,0.000,0.000,0.00
1777902473,loop0,0.00,0.00,0.000,0.000,0.00
1777902473,loop1,0.00,0.00,0.000,0.000,0.00
1777902473,loop10,0.00,0.00,0.000,0.000,0.00
1777902473,loop11,0.00,0.00,0.000,0.000,0.00
1777902473,loop12,0.00,0.00,0.000,0.000,0.00
1777902473,loop13,0.00,0.00,0.000,0.000,0.00
1777902473,loop14,0.00,0.00,0.000,0.000,0.00
1777902473,loop15,0.00,0.00,0.000,0.000,0.00
1777902473,loop16,0.00,0.00,0.000,0.000,0.00
1777902473,loop17,0.00,0.00,0.000,0.000,0.00
1777902473,loop18,0.00,0.00,0.000,0.000,0.00
1777902473,loop19,0.00,0.00,0.000,0.000,0.00
1777902473,loop2,0.00,0.00,0.000,0.000,0.00
1777902473,loop20,0.00,0.00,0.000,0.000,0.00
1777902473,loop21,0.00,0.00,0.000,0.000,0.00
1777902473,loop22,0.00,0.00,0.000,0.000,0.00
1777902473,loop23,0.00,0.00,0.000,0.000,0.00
1777902473,loop24,0.00,0.00,0.000,0.000,0.00
1777902473,loop25,0.00,0.00,0.000,0.000,0.00
1777902473,loop26,0.00,0.00,0.000,0.000,0.00
1777902473,loop27,0.00,0.00,0.000,0.000,0.00
1777902473,loop28,0.00,0.00,0.000,0.000,0.00
1777902473,loop29,0.00,0.00,0.000,0.000,0.00
1777902473,loop3,0.00,0.00,0.000,0.000,0.00
1777902473,loop30,0.00,0.00,0.000,0.000,0.00
1777902473,loop31,0.00,0.00,0.000,0.000,0.00
1777902473,loop32,0.00,0.00,0.000,0.000,0.00
1777902473,loop33,0.00,0.00,0.000,0.000,0.00
1777902473,loop34,0.00,0.00,0.000,0.000,0.00
1777902473,loop35,0.00,0.00,0.000,0.000,0.00
1777902473,loop36,0.00,0.00,0.000,0.000,0.00
1777902473,loop37,0.00,0.00,0.000,0.000,0.00
1777902473,loop38,0.00,0.00,0.000,0.000,0.00
1777902473,loop39,0.00,0.00,0.000,0.000,0.00
1777902473,loop4,0.00,0.00,0.000,0.000,0.00
1777902473,loop40,0.00,0.00,0.000,0.000,0.00
1777902473,loop5,0.00,0.00,0.000,0.000,0.00
1777902473,loop6,0.00,0.00,0.000,0.000,0.00
1777902473,loop7,0.00,0.00,0.000,0.000,0.00
1777902473,loop8,0.00,0.00,0.000,0.000,0.00
1777902473,loop9,0.00,0.00,0.000,0.000,0.00
1777902473,nvme0n1,3.00,12.00,0.000,0.000,0.10
1777902474,loop0,0.00,0.00,0.000,0.000,0.00
1777902474,loop1,0.00,0.00,0.000,0.000,0.00
1777902474,loop10,0.00,0.00,0.000,0.000,0.00
1777902474,loop11,0.00,0.00,0.000,0.000,0.00
1777902474,loop12,0.00,0.00,0.000,0.000,0.00
1777902474,loop13,0.00,0.00,0.000,0.000,0.00
1777902474,loop14,0.00,0.00,0.000,0.000,0.00
1777902474,loop15,0.00,0.00,0.000,0.000,0.00
1777902474,loop16,0.00,0.00,0.000,0.000,0.00
1777902474,loop17,0.00,0.00,0.000,0.000,0.00
1777902474,loop18,0.00,0.00,0.000,0.000,0.00
1777902474,loop19,0.00,0.00,0.000,0.000,0.00
1777902474,loop2,0.00,0.00,0.000,0.000,0.00
1777902474,loop20,0.00,0.00,0.000,0.000,0.00
1777902474,loop21,0.00,0.00,0.000,0.000,0.00
1777902474,loop22,0.00,0.00,0.000,0.000,0.00
1777902474,loop23,0.00,0.00,0.000,0.000,0.00
1777902474,loop24,0.00,0.00,0.000,0.000,0.00
1777902474,loop25,0.00,0.00,0.000,0.000,0.00
1777902474,loop26,0.00,0.00,0.000,0.000,0.00
1777902474,loop27,0.00,0.00,0.000,0.000,0.00
1777902474,loop28,0.00,0.00,0.000,0.000,0.00
1777902474,loop29,0.00,0.00,0.000,0.000,0.00
1777902474,loop3,0.00,0.00,0.000,0.000,0.00
1777902474,loop30,0.00,0.00,0.000,0.000,0.00
1777902474,loop31,0.00,0.00,0.000,0.000,0.00
1777902474,loop32,0.00,0.00,0.000,0.000,0.00
1777902474,loop33,0.00,0.00,0.000,0.000,0.00
1777902474,loop34,0.00,0.00,0.000,0.000,0.00
1777902474,loop35,0.00,0.00,0.000,0.000,0.00
1777902474,loop36,0.00,0.00,0.000,0.000,0.00
1777902474,loop37,0.00,0.00,0.000,0.000,0.00
1777902474,loop38,0.00,0.00,0.000,0.000,0.00
1777902474,loop39,0.00,0.00,0.000,0.000,0.00
1777902474,loop4,0.00,0.00,0.000,0.000,0.00
1777902474,loop40,0.00,0.00,0.000,0.000,0.00
1777902474,loop5,0.00,0.00,0.000,0.000,0.00
1777902474,loop6,0.00,0.00,0.000,0.000,0.00
1777902474,loop7,0.00,0.00,0.000,0.000,0.00
1777902474,loop8,0.00,0.00,0.000,0.000,0.00
1777902474,loop9,0.00,0.00,0.000,0.000,0.00
1777902474,nvme0n1,3.00,28.00,0.000,0.000,1.40
1777902475,loop0,0.00,0.00,0.000,0.000,0.00
1777902475,loop1,0.00,0.00,0.000,0.000,0.00
1777902475,loop10,0.00,0.00,0.000,0.000,0.00
1777902475,loop11,0.00,0.00,0.000,0.000,0.00
1777902475,loop12,0.00,0.00,0.000,0.000,0.00
1777902475,loop13,0.00,0.00,0.000,0.000,0.00
1777902475,loop14,0.00,0.00,0.000,0.000,0.00
1777902475,loop15,0.00,0.00,0.000,0.000,0.00
1777902475,loop16,0.00,0.00,0.000,0.000,0.00
1777902475,loop17,0.00,0.00,0.000,0.000,0.00
1777902475,loop18,0.00,0.00,0.000,0.000,0.00
1777902475,loop19,0.00,0.00,0.000,0.000,0.00
1777902475,loop2,0.00,0.00,0.000,0.000,0.00
1777902475,loop20,0.00,0.00,0.000,0.000,0.00
1777902475,loop21,0.00,0.00,0.000,0.000,0.00
1777902475,loop22,0.00,0.00,0.000,0.000,0.00
1777902475,loop23,0.00,0.00,0.000,0.000,0.00
1777902475,loop24,0.00,0.00,0.000,0.000,0.00
1777902475,loop25,0.00,0.00,0.000,0.000,0.00
1777902475,loop26,0.00,0.00,0.000,0.000,0.00
1777902475,loop27,0.00,0.00,0.000,0.000,0.00
1777902475,loop28,0.00,0.00,0.000,0.000,0.00
1777902475,loop29,0.00,0.00,0.000,0.000,0.00
1777902475,loop3,0.00,0.00,0.000,0.000,0.00
1777902475,loop30,0.00,0.00,0.000,0.000,0.00
1777902475,loop31,0.00,0.00,0.000,0.000,0.00
1777902475,loop32,0.00,0.00,0.000,0.000,0.00
1777902475,loop33,0.00,0.00,0.000,0.000,0.00
1777902475,loop34,0.00,0.00,0.000,0.000,0.00
1777902475,loop35,0.00,0.00,0.000,0.000,0.00
1777902475,loop36,0.00,0.00,0.000,0.000,0.00
1777902475,loop37,0.00,0.00,0.000,0.000,0.00
1777902475,loop38,0.00,0.00,0.000,0.000,0.00
1777902475,loop39,0.00,0.00,0.000,0.000,0.00
1777902475,loop4,0.00,0.00,0.000,0.000,0.00
1777902475,loop40,0.00,0.00,0.000,0.000,0.00
1777902475,loop5,0.00,0.00,0.000,0.000,0.00
1777902475,loop6,0.00,0.00,0.000,0.000,0.00
1777902475,loop7,0.00,0.00,0.000,0.000,0.00
1777902475,loop8,0.00,0.00,0.000,0.000,0.00
1777902475,loop9,0.00,0.00,0.000,0.000,0.00
1777902475,nvme0n1,7.00,80.00,0.000,0.000,0.20
1777902476,loop0,0.00,0.00,0.000,0.000,0.00
1777902476,loop1,0.00,0.00,0.000,0.000,0.00
1777902476,loop10,0.00,0.00,0.000,0.000,0.00
1777902476,loop11,0.00,0.00,0.000,0.000,0.00
1777902476,loop12,0.00,0.00,0.000,0.000,0.00
1777902476,loop13,0.00,0.00,0.000,0.000,0.00
1777902476,loop14,0.00,0.00,0.000,0.000,0.00
1777902476,loop15,0.00,0.00,0.000,0.000,0.00
1777902476,loop16,0.00,0.00,0.000,0.000,0.00
1777902476,loop17,0.00,0.00,0.000,0.000,0.00
1777902476,loop18,0.00,0.00,0.000,0.000,0.00
1777902476,loop19,0.00,0.00,0.000,0.000,0.00
1777902476,loop2,0.00,0.00,0.000,0.000,0.00
1777902476,loop20,0.00,0.00,0.000,0.000,0.00
1777902476,loop21,0.00,0.00,0.000,0.000,0.00
1777902476,loop22,0.00,0.00,0.000,0.000,0.00
1777902476,loop23,0.00,0.00,0.000,0.000,0.00
1777902476,loop24,0.00,0.00,0.000,0.000,0.00
1777902476,loop25,0.00,0.00,0.000,0.000,0.00
1777902476,loop26,0.00,0.00,0.000,0.000,0.00
1777902476,loop27,0.00,0.00,0.000,0.000,0.00
1777902476,loop28,0.00,0.00,0.000,0.000,0.00
1777902476,loop29,0.00,0.00,0.000,0.000,0.00
1777902476,loop3,0.00,0.00,0.000,0.000,0.00
1777902476,loop30,0.00,0.00,0.000,0.000,0.00
1777902476,loop31,0.00,0.00,0.000,0.000,0.00
1777902476,loop32,0.00,0.00,0.000,0.000,0.00
1777902476,loop33,0.00,0.00,0.000,0.000,0.00
1777902476,loop34,0.00,0.00,0.000,0.000,0.00
1777902476,loop35,0.00,0.00,0.000,0.000,0.00
1777902476,loop36,0.00,0.00,0.000,0.000,0.00
1777902476,loop37,0.00,0.00,0.000,0.000,0.00
1777902476,loop38,0.00,0.00,0.000,0.000,0.00
1777902476,loop39,0.00,0.00,0.000,0.000,0.00
1777902476,loop4,0.00,0.00,0.000,0.000,0.00
1777902476,loop40,0.00,0.00,0.000,0.000,0.00
1777902476,loop5,0.00,0.00,0.000,0.000,0.00
1777902476,loop6,0.00,0.00,0.000,0.000,0.00
1777902476,loop7,0.00,0.00,0.000,0.000,0.00
1777902476,loop8,0.00,0.00,0.000,0.000,0.00
1777902476,loop9,0.00,0.00,0.000,0.000,0.00
1777902476,nvme0n1,0.00,0.00,0.000,0.000,0.20
1777902477,loop0,0.00,0.00,0.000,0.000,0.00
1777902477,loop1,0.00,0.00,0.000,0.000,0.00
1777902477,loop10,0.00,0.00,0.000,0.000,0.00
1777902477,loop11,0.00,0.00,0.000,0.000,0.00
1777902477,loop12,0.00,0.00,0.000,0.000,0.00
1777902477,loop13,0.00,0.00,0.000,0.000,0.00
1777902477,loop14,0.00,0.00,0.000,0.000,0.00
1777902477,loop15,0.00,0.00,0.000,0.000,0.00
1777902477,loop16,0.00,0.00,0.000,0.000,0.00
1777902477,loop17,0.00,0.00,0.000,0.000,0.00
1777902477,loop18,0.00,0.00,0.000,0.000,0.00
1777902477,loop19,0.00,0.00,0.000,0.000,0.00
1777902477,loop2,0.00,0.00,0.000,0.000,0.00
1777902477,loop20,0.00,0.00,0.000,0.000,0.00
1777902477,loop21,0.00,0.00,0.000,0.000,0.00
1777902477,loop22,0.00,0.00,0.000,0.000,0.00
1777902477,loop23,0.00,0.00,0.000,0.000,0.00
1777902477,loop24,0.00,0.00,0.000,0.000,0.00
1777902477,loop25,0.00,0.00,0.000,0.000,0.00
1777902477,loop26,0.00,0.00,0.000,0.000,0.00
1777902477,loop27,0.00,0.00,0.000,0.000,0.00
1777902477,loop28,0.00,0.00,0.000,0.000,0.00
1777902477,loop29,0.00,0.00,0.000,0.000,0.00
1777902477,loop3,0.00,0.00,0.000,0.000,0.00
1777902477,loop30,0.00,0.00,0.000,0.000,0.00
1777902477,loop31,0.00,0.00,0.000,0.000,0.00
1777902477,loop32,0.00,0.00,0.000,0.000,0.00
1777902477,loop33,0.00,0.00,0.000,0.000,0.00
1777902477,loop34,0.00,0.00,0.000,0.000,0.00
1777902477,loop35,0.00,0.00,0.000,0.000,0.00
1777902477,loop36,0.00,0.00,0.000,0.000,0.00
1777902477,loop37,0.00,0.00,0.000,0.000,0.00
1777902477,loop38,0.00,0.00,0.000,0.000,0.00
1777902477,loop39,0.00,0.00,0.000,0.000,0.00
1777902477,loop4,0.00,0.00,0.000,0.000,0.00
1777902477,loop40,0.00,0.00,0.000,0.000,0.00
1777902477,loop5,0.00,0.00,0.000,0.000,0.00
1777902477,loop6,0.00,0.00,0.000,0.000,0.00
1777902477,loop7,0.00,0.00,0.000,0.000,0.00
1777902477,loop8,0.00,0.00,0.000,0.000,0.00
1777902477,loop9,0.00,0.00,0.000,0.000,0.00
1777902477,nvme0n1,2.00,12.00,0.000,0.000,0.00
1777902478,loop0,0.00,0.00,0.000,0.000,0.00
1777902478,loop1,0.00,0.00,0.000,0.000,0.00
1777902478,loop10,0.00,0.00,0.000,0.000,0.00
1777902478,loop11,0.00,0.00,0.000,0.000,0.00
1777902478,loop12,0.00,0.00,0.000,0.000,0.00
1777902478,loop13,0.00,0.00,0.000,0.000,0.00
1777902478,loop14,0.00,0.00,0.000,0.000,0.00
1777902478,loop15,0.00,0.00,0.000,0.000,0.00
1777902478,loop16,0.00,0.00,0.000,0.000,0.00
1777902478,loop17,0.00,0.00,0.000,0.000,0.00
1777902478,loop18,0.00,0.00,0.000,0.000,0.00
1777902478,loop19,0.00,0.00,0.000,0.000,0.00
1777902478,loop2,0.00,0.00,0.000,0.000,0.00
1777902478,loop20,0.00,0.00,0.000,0.000,0.00
1777902478,loop21,0.00,0.00,0.000,0.000,0.00
1777902478,loop22,0.00,0.00,0.000,0.000,0.00
1777902478,loop23,0.00,0.00,0.000,0.000,0.00
1777902478,loop24,0.00,0.00,0.000,0.000,0.00
1777902478,loop25,0.00,0.00,0.000,0.000,0.00
1777902478,loop26,0.00,0.00,0.000,0.000,0.00
1777902478,loop27,0.00,0.00,0.000,0.000,0.00
1777902478,loop28,0.00,0.00,0.000,0.000,0.00
1777902478,loop29,0.00,0.00,0.000,0.000,0.00
1777902478,loop3,0.00,0.00,0.000,0.000,0.00
1777902478,loop30,0.00,0.00,0.000,0.000,0.00
1777902478,loop31,0.00,0.00,0.000,0.000,0.00
1777902478,loop32,0.00,0.00,0.000,0.000,0.00
1777902478,loop33,0.00,0.00,0.000,0.000,0.00
1777902478,loop34,0.00,0.00,0.000,0.000,0.00
1777902478,loop35,0.00,0.00,0.000,0.000,0.00
1777902478,loop36,0.00,0.00,0.000,0.000,0.00
1777902478,loop37,0.00,0.00,0.000,0.000,0.00
1777902478,loop38,0.00,0.00,0.000,0.000,0.00
1777902478,loop39,0.00,0.00,0.000,0.000,0.00
1777902478,loop4,0.00,0.00,0.000,0.000,0.00
1777902478,loop40,0.00,0.00,0.000,0.000,0.00
1777902478,loop5,0.00,0.00,0.000,0.000,0.00
1777902478,loop6,0.00,0.00,0.000,0.000,0.00
1777902478,loop7,0.00,0.00,0.000,0.000,0.00
1777902478,loop8,0.00,0.00,0.000,0.000,0.00
1777902478,loop9,0.00,0.00,0.000,0.000,0.00
1777902478,nvme0n1,0.00,0.00,0.000,0.000,0.00
1777902479,loop0,0.00,0.00,0.000,0.000,0.00
1777902479,loop1,0.00,0.00,0.000,0.000,0.00
1777902479,loop10,0.00,0.00,0.000,0.000,0.00
1777902479,loop11,0.00,0.00,0.000,0.000,0.00
1777902479,loop12,0.00,0.00,0.000,0.000,0.00
1777902479,loop13,0.00,0.00,0.000,0.000,0.00
1777902479,loop14,0.00,0.00,0.000,0.000,0.00
1777902479,loop15,0.00,0.00,0.000,0.000,0.00
1777902479,loop16,0.00,0.00,0.000,0.000,0.00
1777902479,loop17,0.00,0.00,0.000,0.000,0.00
1777902479,loop18,0.00,0.00,0.000,0.000,0.00
1777902479,loop19,0.00,0.00,0.000,0.000,0.00
1777902479,loop2,0.00,0.00,0.000,0.000,0.00
1777902479,loop20,0.00,0.00,0.000,0.000,0.00
1777902479,loop21,0.00,0.00,0.000,0.000,0.00
1777902479,loop22,0.00,0.00,0.000,0.000,0.00
1777902479,loop23,0.00,0.00,0.000,0.000,0.00
1777902479,loop24,0.00,0.00,0.000,0.000,0.00
1777902479,loop25,0.00,0.00,0.000,0.000,0.00
1777902479,loop26,0.00,0.00,0.000,0.000,0.00
1777902479,loop27,0.00,0.00,0.000,0.000,0.00
1777902479,loop28,0.00,0.00,0.000,0.000,0.00
1777902479,loop29,0.00,0.00,0.000,0.000,0.00
1777902479,loop3,0.00,0.00,0.000,0.000,0.00
1777902479,loop30,0.00,0.00,0.000,0.000,0.00
1777902479,loop31,0.00,0.00,0.000,0.000,0.00
1777902479,loop32,0.00,0.00,0.000,0.000,0.00
1777902479,loop33,0.00,0.00,0.000,0.000,0.00
1777902479,loop34,0.00,0.00,0.000,0.000,0.00
1777902479,loop35,0.00,0.00,0.000,0.000,0.00
1777902479,loop36,0.00,0.00,0.000,0.000,0.00
1777902479,loop37,0.00,0.00,0.000,0.000,0.00
1777902479,loop38,0.00,0.00,0.000,0.000,0.00
1777902479,loop39,0.00,0.00,0.000,0.000,0.00
1777902479,loop4,0.00,0.00,0.000,0.000,0.00
1777902479,loop40,0.00,0.00,0.000,0.000,0.00
1777902479,loop5,0.00,0.00,0.000,0.000,0.00
1777902479,loop6,0.00,0.00,0.000,0.000,0.00
1777902479,loop7,0.00,0.00,0.000,0.000,0.00
1777902479,loop8,0.00,0.00,0.000,0.000,0.00
1777902479,loop9,0.00,0.00,0.000,0.000,0.00
1777902479,nvme0n1,1.00,4.00,0.000,0.000,2.20
1777902480,loop0,0.00,0.00,0.000,0.000,0.00
1777902480,loop1,0.00,0.00,0.000,0.000,0.00
1777902480,loop10,0.00,0.00,0.000,0.000,0.00
1777902480,loop11,0.00,0.00,0.000,0.000,0.00
1777902480,loop12,0.00,0.00,0.000,0.000,0.00
1777902480,loop13,0.00,0.00,0.000,0.000,0.00
1777902480,loop14,0.00,0.00,0.000,0.000,0.00
1777902480,loop15,0.00,0.00,0.000,0.000,0.00
1777902480,loop16,0.00,0.00,0.000,0.000,0.00
1777902480,loop17,0.00,0.00,0.000,0.000,0.00
1777902480,loop18,0.00,0.00,0.000,0.000,0.00
1777902480,loop19,0.00,0.00,0.000,0.000,0.00
1777902480,loop2,0.00,0.00,0.000,0.000,0.00
1777902480,loop20,0.00,0.00,0.000,0.000,0.00
1777902480,loop21,0.00,0.00,0.000,0.000,0.00
1777902480,loop22,0.00,0.00,0.000,0.000,0.00
1777902480,loop23,0.00,0.00,0.000,0.000,0.00
1777902480,loop24,0.00,0.00,0.000,0.000,0.00
1777902480,loop25,0.00,0.00,0.000,0.000,0.00
1777902480,loop26,0.00,0.00,0.000,0.000,0.00
1777902480,loop27,0.00,0.00,0.000,0.000,0.00
1777902480,loop28,0.00,0.00,0.000,0.000,0.00
1777902480,loop29,0.00,0.00,0.000,0.000,0.00
1777902480,loop3,0.00,0.00,0.000,0.000,0.00
1777902480,loop30,0.00,0.00,0.000,0.000,0.00
1777902480,loop31,0.00,0.00,0.000,0.000,0.00
1777902480,loop32,0.00,0.00,0.000,0.000,0.00
1777902480,loop33,0.00,0.00,0.000,0.000,0.00
1777902480,loop34,0.00,0.00,0.000,0.000,0.00
1777902480,loop35,0.00,0.00,0.000,0.000,0.00
1777902480,loop36,0.00,0.00,0.000,0.000,0.00
1777902480,loop37,0.00,0.00,0.000,0.000,0.00
1777902480,loop38,0.00,0.00,0.000,0.000,0.00
1777902480,loop39,0.00,0.00,0.000,0.000,0.00
1777902480,loop4,0.00,0.00,0.000,0.000,0.00
1777902480,loop40,0.00,0.00,0.000,0.000,0.00
1777902480,loop5,0.00,0.00,0.000,0.000,0.00
1777902480,loop6,0.00,0.00,0.000,0.000,0.00
1777902480,loop7,0.00,0.00,0.000,0.000,0.00
1777902480,loop8,0.00,0.00,0.000,0.000,0.00
1777902480,loop9,0.00,0.00,0.000,0.000,0.00
1777902480,nvme0n1,6.00,24.00,0.000,0.000,0.20
1777902481,loop0,0.00,0.00,0.000,0.000,0.00
1777902481,loop1,0.00,0.00,0.000,0.000,0.00
1777902481,loop10,0.00,0.00,0.000,0.000,0.00
1777902481,loop11,0.00,0.00,0.000,0.000,0.00
1777902481,loop12,0.00,0.00,0.000,0.000,0.00
1777902481,loop13,0.00,0.00,0.000,0.000,0.00
1777902481,loop14,0.00,0.00,0.000,0.000,0.00
1777902481,loop15,0.00,0.00,0.000,0.000,0.00
1777902481,loop16,0.00,0.00,0.000,0.000,0.00
1777902481,loop17,0.00,0.00,0.000,0.000,0.00
1777902481,loop18,0.00,0.00,0.000,0.000,0.00
1777902481,loop19,0.00,0.00,0.000,0.000,0.00
1777902481,loop2,0.00,0.00,0.000,0.000,0.00
1777902481,loop20,0.00,0.00,0.000,0.000,0.00
1777902481,loop21,0.00,0.00,0.000,0.000,0.00
1777902481,loop22,0.00,0.00,0.000,0.000,0.00
1777902481,loop23,0.00,0.00,0.000,0.000,0.00
1777902481,loop24,0.00,0.00,0.000,0.000,0.00
1777902481,loop25,0.00,0.00,0.000,0.000,0.00
1777902481,loop26,0.00,0.00,0.000,0.000,0.00
1777902481,loop27,0.00,0.00,0.000,0.000,0.00
1777902481,loop28,0.00,0.00,0.000,0.000,0.00
1777902481,loop29,0.00,0.00,0.000,0.000,0.00
1777902481,loop3,0.00,0.00,0.000,0.000,0.00
1777902481,loop30,0.00,0.00,0.000,0.000,0.00
1777902481,loop31,0.00,0.00,0.000,0.000,0.00
1777902481,loop32,0.00,0.00,0.000,0.000,0.00
1777902481,loop33,0.00,0.00,0.000,0.000,0.00
1777902481,loop34,0.00,0.00,0.000,0.000,0.00
1777902481,loop35,0.00,0.00,0.000,0.000,0.00
1777902481,loop36,0.00,0.00,0.000,0.000,0.00
1777902481,loop37,0.00,0.00,0.000,0.000,0.00
1777902481,loop38,0.00,0.00,0.000,0.000,0.00
1777902481,loop39,0.00,0.00,0.000,0.000,0.00
1777902481,loop4,0.00,0.00,0.000,0.000,0.00
1777902481,loop40,0.00,0.00,0.000,0.000,0.00
1777902481,loop5,0.00,0.00,0.000,0.000,0.00
1777902481,loop6,0.00,0.00,0.000,0.000,0.00
1777902481,loop7,0.00,0.00,0.000,0.000,0.00
1777902481,loop8,0.00,0.00,0.000,0.000,0.00
1777902481,loop9,0.00,0.00,0.000,0.000,0.00
1777902481,nvme0n1,1.00,4.00,0.000,0.000,0.00
1777902482,loop0,0.00,0.00,0.000,0.000,0.00
1777902482,loop1,0.00,0.00,0.000,0.000,0.00
1777902482,loop10,0.00,0.00,0.000,0.000,0.00
1777902482,loop11,0.00,0.00,0.000,0.000,0.00
1777902482,loop12,0.00,0.00,0.000,0.000,0.00
1777902482,loop13,0.00,0.00,0.000,0.000,0.00
1777902482,loop14,0.00,0.00,0.000,0.000,0.00
1777902482,loop15,0.00,0.00,0.000,0.000,0.00
1777902482,loop16,0.00,0.00,0.000,0.000,0.00
1777902482,loop17,0.00,0.00,0.000,0.000,0.00
1777902482,loop18,0.00,0.00,0.000,0.000,0.00
1777902482,loop19,0.00,0.00,0.000,0.000,0.00
1777902482,loop2,0.00,0.00,0.000,0.000,0.00
1777902482,loop20,0.00,0.00,0.000,0.000,0.00
1777902482,loop21,0.00,0.00,0.000,0.000,0.00
1777902482,loop22,0.00,0.00,0.000,0.000,0.00
1777902482,loop23,0.00,0.00,0.000,0.000,0.00
1777902482,loop24,0.00,0.00,0.000,0.000,0.00
1777902482,loop25,0.00,0.00,0.000,0.000,0.00
1777902482,loop26,0.00,0.00,0.000,0.000,0.00
1777902482,loop27,0.00,0.00,0.000,0.000,0.00
1777902482,loop28,0.00,0.00,0.000,0.000,0.00
1777902482,loop29,0.00,0.00,0.000,0.000,0.00
1777902482,loop3,0.00,0.00,0.000,0.000,0.00
1777902482,loop30,0.00,0.00,0.000,0.000,0.00
1777902482,loop31,0.00,0.00,0.000,0.000,0.00
1777902482,loop32,0.00,0.00,0.000,0.000,0.00
1777902482,loop33,0.00,0.00,0.000,0.000,0.00
1777902482,loop34,0.00,0.00,0.000,0.000,0.00
1777902482,loop35,0.00,0.00,0.000,0.000,0.00
1777902482,loop36,0.00,0.00,0.000,0.000,0.00
1777902482,loop37,0.00,0.00,0.000,0.000,0.00
1777902482,loop38,0.00,0.00,0.000,0.000,0.00
1777902482,loop39,0.00,0.00,0.000,0.000,0.00
1777902482,loop4,0.00,0.00,0.000,0.000,0.00
1777902482,loop40,0.00,0.00,0.000,0.000,0.00
1777902482,loop5,0.00,0.00,0.000,0.000,0.00
1777902482,loop6,0.00,0.00,0.000,0.000,0.00
1777902482,loop7,0.00,0.00,0.000,0.000,0.00
1777902482,loop8,0.00,0.00,0.000,0.000,0.00
1777902482,loop9,0.00,0.00,0.000,0.000,0.00
1777902482,nvme0n1,4.00,24.00,0.002,0.033,0.20
1777902483,loop0,0.00,0.00,0.000,0.000,0.00
1777902483,loop1,0.00,0.00,0.000,0.000,0.00
1777902483,loop10,0.00,0.00,0.000,0.000,0.00
1777902483,loop11,0.00,0.00,0.000,0.000,0.00
1777902483,loop12,0.00,0.00,0.000,0.000,0.00
1777902483,loop13,0.00,0.00,0.000,0.000,0.00
1777902483,loop14,0.00,0.00,0.000,0.000,0.00
1777902483,loop15,0.00,0.00,0.000,0.000,0.00
1777902483,loop16,0.00,0.00,0.000,0.000,0.00
1777902483,loop17,0.00,0.00,0.000,0.000,0.00
1777902483,loop18,0.00,0.00,0.000,0.000,0.00
1777902483,loop19,0.00,0.00,0.000,0.000,0.00
1777902483,loop2,0.00,0.00,0.000,0.000,0.00
1777902483,loop20,0.00,0.00,0.000,0.000,0.00
1777902483,loop21,0.00,0.00,0.000,0.000,0.00
1777902483,loop22,0.00,0.00,0.000,0.000,0.00
1777902483,loop23,0.00,0.00,0.000,0.000,0.00
1777902483,loop24,0.00,0.00,0.000,0.000,0.00
1777902483,loop25,0.00,0.00,0.000,0.000,0.00
1777902483,loop26,0.00,0.00,0.000,0.000,0.00
1777902483,loop27,0.00,0.00,0.000,0.000,0.00
1777902483,loop28,0.00,0.00,0.000,0.000,0.00
1777902483,loop29,0.00,0.00,0.000,0.000,0.00
1777902483,loop3,0.00,0.00,0.000,0.000,0.00
1777902483,loop30,0.00,0.00,0.000,0.000,0.00
1777902483,loop31,0.00,0.00,0.000,0.000,0.00
1777902483,loop32,0.00,0.00,0.000,0.000,0.00
1777902483,loop33,0.00,0.00,0.000,0.000,0.00
1777902483,loop34,0.00,0.00,0.000,0.000,0.00
1777902483,loop35,0.00,0.00,0.000,0.000,0.00
1777902483,loop36,0.00,0.00,0.000,0.000,0.00
1777902483,loop37,0.00,0.00,0.000,0.000,0.00
1777902483,loop38,0.00,0.00,0.000,0.000,0.00
1777902483,loop39,0.00,0.00,0.000,0.000,0.00
1777902483,loop4,0.00,0.00,0.000,0.000,0.00
1777902483,loop40,0.00,0.00,0.000,0.000,0.00
1777902483,loop5,0.00,0.00,0.000,0.000,0.00
1777902483,loop6,0.00,0.00,0.000,0.000,0.00
1777902483,loop7,0.00,0.00,0.000,0.000,0.00
1777902483,loop8,0.00,0.00,0.000,0.000,0.00
1777902483,loop9,0.00,0.00,0.000,0.000,0.00
1777902483,nvme0n1,0.00,0.00,0.000,0.000,0.10
1777902484,loop0,0.00,0.00,0.000,0.000,0.00
1777902484,loop1,0.00,0.00,0.000,0.000,0.00
1777902484,loop10,0.00,0.00,0.000,0.000,0.00
1777902484,loop11,0.00,0.00,0.000,0.000,0.00
1777902484,loop12,0.00,0.00,0.000,0.000,0.00
1777902484,loop13,0.00,0.00,0.000,0.000,0.00
1777902484,loop14,0.00,0.00,0.000,0.000,0.00
1777902484,loop15,0.00,0.00,0.000,0.000,0.00
1777902484,loop16,0.00,0.00,0.000,0.000,0.00
1777902484,loop17,0.00,0.00,0.000,0.000,0.00
1777902484,loop18,0.00,0.00,0.000,0.000,0.00
1777902484,loop19,0.00,0.00,0.000,0.000,0.00
1777902484,loop2,0.00,0.00,0.000,0.000,0.00
1777902484,loop20,0.00,0.00,0.000,0.000,0.00
1777902484,loop21,0.00,0.00,0.000,0.000,0.00
1777902484,loop22,0.00,0.00,0.000,0.000,0.00
1777902484,loop23,0.00,0.00,0.000,0.000,0.00
1777902484,loop24,0.00,0.00,0.000,0.000,0.00
1777902484,loop25,0.00,0.00,0.000,0.000,0.00
1777902484,loop26,0.00,0.00,0.000,0.000,0.00
1777902484,loop27,0.00,0.00,0.000,0.000,0.00
1777902484,loop28,0.00,0.00,0.000,0.000,0.00
1777902484,loop29,0.00,0.00,0.000,0.000,0.00
1777902484,loop3,0.00,0.00,0.000,0.000,0.00
1777902484,loop30,0.00,0.00,0.000,0.000,0.00
1777902484,loop31,0.00,0.00,0.000,0.000,0.00
1777902484,loop32,0.00,0.00,0.000,0.000,0.00
1777902484,loop33,0.00,0.00,0.000,0.000,0.00
1777902484,loop34,0.00,0.00,0.000,0.000,0.00
1777902484,loop35,0.00,0.00,0.000,0.000,0.00
1777902484,loop36,0.00,0.00,0.000,0.000,0.00
1777902484,loop37,0.00,0.00,0.000,0.000,0.00
1777902484,loop38,0.00,0.00,0.000,0.000,0.00
1777902484,loop39,0.00,0.00,0.000,0.000,0.00
1777902484,loop4,0.00,0.00,0.000,0.000,0.00
1777902484,loop40,0.00,0.00,0.000,0.000,0.00
1777902484,loop5,0.00,0.00,0.000,0.000,0.00
1777902484,loop6,0.00,0.00,0.000,0.000,0.00
1777902484,loop7,0.00,0.00,0.000,0.000,0.00
1777902484,loop8,0.00,0.00,0.000,0.000,0.00
1777902484,loop9,0.00,0.00,0.000,0.000,0.00
1777902484,nvme0n1,29.00,140.00,0.006,0.017,0.20
1777902485,loop0,0.00,0.00,0.000,0.000,0.00
1777902485,loop1,0.00,0.00,0.000,0.000,0.00
1777902485,loop10,0.00,0.00,0.000,0.000,0.00
1777902485,loop11,0.00,0.00,0.000,0.000,0.00
1777902485,loop12,0.00,0.00,0.000,0.000,0.00
1777902485,loop13,0.00,0.00,0.000,0.000,0.00
1777902485,loop14,0.00,0.00,0.000,0.000,0.00
1777902485,loop15,0.00,0.00,0.000,0.000,0.00
1777902485,loop16,0.00,0.00,0.000,0.000,0.00
1777902485,loop17,0.00,0.00,0.000,0.000,0.00
1777902485,loop18,0.00,0.00,0.000,0.000,0.00
1777902485,loop19,0.00,0.00,0.000,0.000,0.00
1777902485,loop2,0.00,0.00,0.000,0.000,0.00
1777902485,loop20,0.00,0.00,0.000,0.000,0.00
1777902485,loop21,0.00,0.00,0.000,0.000,0.00
1777902485,loop22,0.00,0.00,0.000,0.000,0.00
1777902485,loop23,0.00,0.00,0.000,0.000,0.00
1777902485,loop24,0.00,0.00,0.000,0.000,0.00
1777902485,loop25,0.00,0.00,0.000,0.000,0.00
1777902485,loop26,0.00,0.00,0.000,0.000,0.00
1777902485,loop27,0.00,0.00,0.000,0.000,0.00
1777902485,loop28,0.00,0.00,0.000,0.000,0.00
1777902485,loop29,0.00,0.00,0.000,0.000,0.00
1777902485,loop3,0.00,0.00,0.000,0.000,0.00
1777902485,loop30,0.00,0.00,0.000,0.000,0.00
1777902485,loop31,0.00,0.00,0.000,0.000,0.00
1777902485,loop32,0.00,0.00,0.000,0.000,0.00
1777902485,loop33,0.00,0.00,0.000,0.000,0.00
1777902485,loop34,0.00,0.00,0.000,0.000,0.00
1777902485,loop35,0.00,0.00,0.000,0.000,0.00
1777902485,loop36,0.00,0.00,0.000,0.000,0.00
1777902485,loop37,0.00,0.00,0.000,0.000,0.00
1777902485,loop38,0.00,0.00,0.000,0.000,0.00
1777902485,loop39,0.00,0.00,0.000,0.000,0.00
1777902485,loop4,0.00,0.00,0.000,0.000,0.00
1777902485,loop40,0.00,0.00,0.000,0.000,0.00
1777902485,loop5,0.00,0.00,0.000,0.000,0.00
1777902485,loop6,0.00,0.00,0.000,0.000,0.00
1777902485,loop7,0.00,0.00,0.000,0.000,0.00
1777902485,loop8,0.00,0.00,0.000,0.000,0.00
1777902485,loop9,0.00,0.00,0.000,0.000,0.00
1777902485,nvme0n1,958.00,5324.00,0.364,0.027,3.50
1777902486,loop0,0.00,0.00,0.000,0.000,0.00
1777902486,loop1,0.00,0.00,0.000,0.000,0.00
1777902486,loop10,0.00,0.00,0.000,0.000,0.00
1777902486,loop11,0.00,0.00,0.000,0.000,0.00
1777902486,loop12,0.00,0.00,0.000,0.000,0.00
1777902486,loop13,0.00,0.00,0.000,0.000,0.00
1777902486,loop14,0.00,0.00,0.000,0.000,0.00
1777902486,loop15,0.00,0.00,0.000,0.000,0.00
1777902486,loop16,0.00,0.00,0.000,0.000,0.00
1777902486,loop17,0.00,0.00,0.000,0.000,0.00
1777902486,loop18,0.00,0.00,0.000,0.000,0.00
1777902486,loop19,0.00,0.00,0.000,0.000,0.00
1777902486,loop2,0.00,0.00,0.000,0.000,0.00
1777902486,loop20,0.00,0.00,0.000,0.000,0.00
1777902486,loop21,0.00,0.00,0.000,0.000,0.00
1777902486,loop22,0.00,0.00,0.000,0.000,0.00
1777902486,loop23,0.00,0.00,0.000,0.000,0.00
1777902486,loop24,0.00,0.00,0.000,0.000,0.00
1777902486,loop25,0.00,0.00,0.000,0.000,0.00
1777902486,loop26,0.00,0.00,0.000,0.000,0.00
1777902486,loop27,0.00,0.00,0.000,0.000,0.00
1777902486,loop28,0.00,0.00,0.000,0.000,0.00
1777902486,loop29,0.00,0.00,0.000,0.000,0.00
1777902486,loop3,0.00,0.00,0.000,0.000,0.00
1777902486,loop30,0.00,0.00,0.000,0.000,0.00
1777902486,loop31,0.00,0.00,0.000,0.000,0.00
1777902486,loop32,0.00,0.00,0.000,0.000,0.00
1777902486,loop33,0.00,0.00,0.000,0.000,0.00
1777902486,loop34,0.00,0.00,0.000,0.000,0.00
1777902486,loop35,0.00,0.00,0.000,0.000,0.00
1777902486,loop36,0.00,0.00,0.000,0.000,0.00
1777902486,loop37,0.00,0.00,0.000,0.000,0.00
1777902486,loop38,0.00,0.00,0.000,0.000,0.00
1777902486,loop39,0.00,0.00,0.000,0.000,0.00
1777902486,loop4,0.00,0.00,0.000,0.000,0.00
1777902486,loop40,0.00,0.00,0.000,0.000,0.00
1777902486,loop5,0.00,0.00,0.000,0.000,0.00
1777902486,loop6,0.00,0.00,0.000,0.000,0.00
1777902486,loop7,0.00,0.00,0.000,0.000,0.00
1777902486,loop8,0.00,0.00,0.000,0.000,0.00
1777902486,loop9,0.00,0.00,0.000,0.000,0.00
1777902486,nvme0n1,181.00,2444.00,0.005,0.003,1.20
1777902487,loop0,0.00,0.00,0.000,0.000,0.00
1777902487,loop1,0.00,0.00,0.000,0.000,0.00
1777902487,loop10,0.00,0.00,0.000,0.000,0.00
1777902487,loop11,0.00,0.00,0.000,0.000,0.00
1777902487,loop12,0.00,0.00,0.000,0.000,0.00
1777902487,loop13,0.00,0.00,0.000,0.000,0.00
1777902487,loop14,0.00,0.00,0.000,0.000,0.00
1777902487,loop15,0.00,0.00,0.000,0.000,0.00
1777902487,loop16,0.00,0.00,0.000,0.000,0.00
1777902487,loop17,0.00,0.00,0.000,0.000,0.00
1777902487,loop18,0.00,0.00,0.000,0.000,0.00
1777902487,loop19,0.00,0.00,0.000,0.000,0.00
1777902487,loop2,0.00,0.00,0.000,0.000,0.00
1777902487,loop20,0.00,0.00,0.000,0.000,0.00
1777902487,loop21,0.00,0.00,0.000,0.000,0.00
1777902487,loop22,0.00,0.00,0.000,0.000,0.00
1777902487,loop23,0.00,0.00,0.000,0.000,0.00
1777902487,loop24,0.00,0.00,0.000,0.000,0.00
1777902487,loop25,0.00,0.00,0.000,0.000,0.00
1777902487,loop26,0.00,0.00,0.000,0.000,0.00
1777902487,loop27,0.00,0.00,0.000,0.000,0.00
1777902487,loop28,0.00,0.00,0.000,0.000,0.00
1777902487,loop29,0.00,0.00,0.000,0.000,0.00
1777902487,loop3,0.00,0.00,0.000,0.000,0.00
1777902487,loop30,0.00,0.00,0.000,0.000,0.00
1777902487,loop31,0.00,0.00,0.000,0.000,0.00
1777902487,loop32,0.00,0.00,0.000,0.000,0.00
1777902487,loop33,0.00,0.00,0.000,0.000,0.00
1777902487,loop34,0.00,0.00,0.000,0.000,0.00
1777902487,loop35,0.00,0.00,0.000,0.000,0.00
1777902487,loop36,0.00,0.00,0.000,0.000,0.00
1777902487,loop37,0.00,0.00,0.000,0.000,0.00
1777902487,loop38,0.00,0.00,0.000,0.000,0.00
1777902487,loop39,0.00,0.00,0.000,0.000,0.00
1777902487,loop4,0.00,0.00,0.000,0.000,0.00
1777902487,loop40,0.00,0.00,0.000,0.000,0.00
1777902487,loop5,0.00,0.00,0.000,0.000,0.00
1777902487,loop6,0.00,0.00,0.000,0.000,0.00
1777902487,loop7,0.00,0.00,0.000,0.000,0.00
1777902487,loop8,0.00,0.00,0.000,0.000,0.00
1777902487,loop9,0.00,0.00,0.000,0.000,0.00
1777902487,nvme0n1,106.00,764.00,0.083,0.043,0.80
1777902488,loop0,0.00,0.00,0.000,0.000,0.00
1777902488,loop1,0.00,0.00,0.000,0.000,0.00
1777902488,loop10,0.00,0.00,0.000,0.000,0.00
1777902488,loop11,0.00,0.00,0.000,0.000,0.00
1777902488,loop12,0.00,0.00,0.000,0.000,0.00
1777902488,loop13,0.00,0.00,0.000,0.000,0.00
1777902488,loop14,0.00,0.00,0.000,0.000,0.00
1777902488,loop15,0.00,0.00,0.000,0.000,0.00
1777902488,loop16,0.00,0.00,0.000,0.000,0.00
1777902488,loop17,0.00,0.00,0.000,0.000,0.00
1777902488,loop18,0.00,0.00,0.000,0.000,0.00
1777902488,loop19,0.00,0.00,0.000,0.000,0.00
1777902488,loop2,0.00,0.00,0.000,0.000,0.00
1777902488,loop20,0.00,0.00,0.000,0.000,0.00
1777902488,loop21,0.00,0.00,0.000,0.000,0.00
1777902488,loop22,0.00,0.00,0.000,0.000,0.00
1777902488,loop23,0.00,0.00,0.000,0.000,0.00
1777902488,loop24,0.00,0.00,0.000,0.000,0.00
1777902488,loop25,0.00,0.00,0.000,0.000,0.00
1777902488,loop26,0.00,0.00,0.000,0.000,0.00
1777902488,loop27,0.00,0.00,0.000,0.000,0.00
1777902488,loop28,0.00,0.00,0.000,0.000,0.00
1777902488,loop29,0.00,0.00,0.000,0.000,0.00
1777902488,loop3,0.00,0.00,0.000,0.000,0.00
1777902488,loop30,0.00,0.00,0.000,0.000,0.00
1777902488,loop31,0.00,0.00,0.000,0.000,0.00
1777902488,loop32,0.00,0.00,0.000,0.000,0.00
1777902488,loop33,0.00,0.00,0.000,0.000,0.00
1777902488,loop34,0.00,0.00,0.000,0.000,0.00
1777902488,loop35,0.00,0.00,0.000,0.000,0.00
1777902488,loop36,0.00,0.00,0.000,0.000,0.00
1777902488,loop37,0.00,0.00,0.000,0.000,0.00
1777902488,loop38,0.00,0.00,0.000,0.000,0.00
1777902488,loop39,0.00,0.00,0.000,0.000,0.00
1777902488,loop4,0.00,0.00,0.000,0.000,0.00
1777902488,loop40,0.00,0.00,0.000,0.000,0.00
1777902488,loop5,0.00,0.00,0.000,0.000,0.00
1777902488,loop6,0.00,0.00,0.000,0.000,0.00
1777902488,loop7,0.00,0.00,0.000,0.000,0.00
1777902488,loop8,0.00,0.00,0.000,0.000,0.00
1777902488,loop9,0.00,0.00,0.000,0.000,0.00
1777902488,nvme0n1,40.00,292.00,0.032,0.044,0.40
1777902489,loop0,0.00,0.00,0.000,0.000,0.00
1777902489,loop1,0.00,0.00,0.000,0.000,0.00
1777902489,loop10,0.00,0.00,0.000,0.000,0.00
1777902489,loop11,0.00,0.00,0.000,0.000,0.00
1777902489,loop12,0.00,0.00,0.000,0.000,0.00
1777902489,loop13,0.00,0.00,0.000,0.000,0.00
1777902489,loop14,0.00,0.00,0.000,0.000,0.00
1777902489,loop15,0.00,0.00,0.000,0.000,0.00
1777902489,loop16,0.00,0.00,0.000,0.000,0.00
1777902489,loop17,0.00,0.00,0.000,0.000,0.00
1777902489,loop18,0.00,0.00,0.000,0.000,0.00
1777902489,loop19,0.00,0.00,0.000,0.000,0.00
1777902489,loop2,0.00,0.00,0.000,0.000,0.00
1777902489,loop20,0.00,0.00,0.000,0.000,0.00
1777902489,loop21,0.00,0.00,0.000,0.000,0.00
1777902489,loop22,0.00,0.00,0.000,0.000,0.00
1777902489,loop23,0.00,0.00,0.000,0.000,0.00
1777902489,loop24,0.00,0.00,0.000,0.000,0.00
1777902489,loop25,0.00,0.00,0.000,0.000,0.00
1777902489,loop26,0.00,0.00,0.000,0.000,0.00
1777902489,loop27,0.00,0.00,0.000,0.000,0.00
1777902489,loop28,0.00,0.00,0.000,0.000,0.00
1777902489,loop29,0.00,0.00,0.000,0.000,0.00
1777902489,loop3,0.00,0.00,0.000,0.000,0.00
1777902489,loop30,0.00,0.00,0.000,0.000,0.00
1777902489,loop31,0.00,0.00,0.000,0.000,0.00
1777902489,loop32,0.00,0.00,0.000,0.000,0.00
1777902489,loop33,0.00,0.00,0.000,0.000,0.00
1777902489,loop34,0.00,0.00,0.000,0.000,0.00
1777902489,loop35,0.00,0.00,0.000,0.000,0.00
1777902489,loop36,0.00,0.00,0.000,0.000,0.00
1777902489,loop37,0.00,0.00,0.000,0.000,0.00
1777902489,loop38,0.00,0.00,0.000,0.000,0.00
1777902489,loop39,0.00,0.00,0.000,0.000,0.00
1777902489,loop4,0.00,0.00,0.000,0.000,0.00
1777902489,loop40,0.00,0.00,0.000,0.000,0.00
1777902489,loop5,0.00,0.00,0.000,0.000,0.00
1777902489,loop6,0.00,0.00,0.000,0.000,0.00
1777902489,loop7,0.00,0.00,0.000,0.000,0.00
1777902489,loop8,0.00,0.00,0.000,0.000,0.00
1777902489,loop9,0.00,0.00,0.000,0.000,0.00
1777902489,nvme0n1,9.00,104.00,0.017,0.064,0.20
1777902490,loop0,0.00,0.00,0.000,0.000,0.00
1777902490,loop1,0.00,0.00,0.000,0.000,0.00
1777902490,loop10,0.00,0.00,0.000,0.000,0.00
1777902490,loop11,0.00,0.00,0.000,0.000,0.00
1777902490,loop12,0.00,0.00,0.000,0.000,0.00
1777902490,loop13,0.00,0.00,0.000,0.000,0.00
1777902490,loop14,0.00,0.00,0.000,0.000,0.00
1777902490,loop15,0.00,0.00,0.000,0.000,0.00
1777902490,loop16,0.00,0.00,0.000,0.000,0.00
1777902490,loop17,0.00,0.00,0.000,0.000,0.00
1777902490,loop18,0.00,0.00,0.000,0.000,0.00
1777902490,loop19,0.00,0.00,0.000,0.000,0.00
1777902490,loop2,0.00,0.00,0.000,0.000,0.00
1777902490,loop20,0.00,0.00,0.000,0.000,0.00
1777902490,loop21,0.00,0.00,0.000,0.000,0.00
1777902490,loop22,0.00,0.00,0.000,0.000,0.00
1777902490,loop23,0.00,0.00,0.000,0.000,0.00
1777902490,loop24,0.00,0.00,0.000,0.000,0.00
1777902490,loop25,0.00,0.00,0.000,0.000,0.00
1777902490,loop26,0.00,0.00,0.000,0.000,0.00
1777902490,loop27,0.00,0.00,0.000,0.000,0.00
1777902490,loop28,0.00,0.00,0.000,0.000,0.00
1777902490,loop29,0.00,0.00,0.000,0.000,0.00
1777902490,loop3,0.00,0.00,0.000,0.000,0.00
1777902490,loop30,0.00,0.00,0.000,0.000,0.00
1777902490,loop31,0.00,0.00,0.000,0.000,0.00
1777902490,loop32,0.00,0.00,0.000,0.000,0.00
1777902490,loop33,0.00,0.00,0.000,0.000,0.00
1777902490,loop34,0.00,0.00,0.000,0.000,0.00
1777902490,loop35,0.00,0.00,0.000,0.000,0.00
1777902490,loop36,0.00,0.00,0.000,0.000,0.00
1777902490,loop37,0.00,0.00,0.000,0.000,0.00
1777902490,loop38,0.00,0.00,0.000,0.000,0.00
1777902490,loop39,0.00,0.00,0.000,0.000,0.00
1777902490,loop4,0.00,0.00,0.000,0.000,0.00
1777902490,loop40,0.00,0.00,0.000,0.000,0.00
1777902490,loop5,0.00,0.00,0.000,0.000,0.00
1777902490,loop6,0.00,0.00,0.000,0.000,0.00
1777902490,loop7,0.00,0.00,0.000,0.000,0.00
1777902490,loop8,0.00,0.00,0.000,0.000,0.00
1777902490,loop9,0.00,0.00,0.000,0.000,0.00
1777902490,nvme0n1,0.00,0.00,0.000,0.000,0.00
1777902491,loop0,0.00,0.00,0.000,0.000,0.00
1777902491,loop1,0.00,0.00,0.000,0.000,0.00
1777902491,loop10,0.00,0.00,0.000,0.000,0.00
1777902491,loop11,0.00,0.00,0.000,0.000,0.00
1777902491,loop12,0.00,0.00,0.000,0.000,0.00
1777902491,loop13,0.00,0.00,0.000,0.000,0.00
1777902491,loop14,0.00,0.00,0.000,0.000,0.00
1777902491,loop15,0.00,0.00,0.000,0.000,0.00
1777902491,loop16,0.00,0.00,0.000,0.000,0.00
1777902491,loop17,0.00,0.00,0.000,0.000,0.00
1777902491,loop18,0.00,0.00,0.000,0.000,0.00
1777902491,loop19,0.00,0.00,0.000,0.000,0.00
1777902491,loop2,0.00,0.00,0.000,0.000,0.00
1777902491,loop20,0.00,0.00,0.000,0.000,0.00
1777902491,loop21,0.00,0.00,0.000,0.000,0.00
1777902491,loop22,0.00,0.00,0.000,0.000,0.00
1777902491,loop23,0.00,0.00,0.000,0.000,0.00
1777902491,loop24,0.00,0.00,0.000,0.000,0.00
1777902491,loop25,0.00,0.00,0.000,0.000,0.00
1777902491,loop26,0.00,0.00,0.000,0.000,0.00
1777902491,loop27,0.00,0.00,0.000,0.000,0.00
1777902491,loop28,0.00,0.00,0.000,0.000,0.00
1777902491,loop29,0.00,0.00,0.000,0.000,0.00
1777902491,loop3,0.00,0.00,0.000,0.000,0.00
1777902491,loop30,0.00,0.00,0.000,0.000,0.00
1777902491,loop31,0.00,0.00,0.000,0.000,0.00
1777902491,loop32,0.00,0.00,0.000,0.000,0.00
1777902491,loop33,0.00,0.00,0.000,0.000,0.00
1777902491,loop34,0.00,0.00,0.000,0.000,0.00
1777902491,loop35,0.00,0.00,0.000,0.000,0.00
1777902491,loop36,0.00,0.00,0.000,0.000,0.00
1777902491,loop37,0.00,0.00,0.000,0.000,0.00
1777902491,loop38,0.00,0.00,0.000,0.000,0.00
1777902491,loop39,0.00,0.00,0.000,0.000,0.00
1777902491,loop4,0.00,0.00,0.000,0.000,0.00
1777902491,loop40,0.00,0.00,0.000,0.000,0.00
1777902491,loop5,0.00,0.00,0.000,0.000,0.00
1777902491,loop6,0.00,0.00,0.000,0.000,0.00
1777902491,loop7,0.00,0.00,0.000,0.000,0.00
1777902491,loop8,0.00,0.00,0.000,0.000,0.00
1777902491,loop9,0.00,0.00,0.000,0.000,0.00
1777902491,nvme0n1,0.00,0.00,0.000,0.000,0.00
1777902492,loop0,0.00,0.00,0.000,0.000,0.00
1777902492,loop1,0.00,0.00,0.000,0.000,0.00
1777902492,loop10,0.00,0.00,0.000,0.000,0.00
1777902492,loop11,0.00,0.00,0.000,0.000,0.00
1777902492,loop12,0.00,0.00,0.000,0.000,0.00
1777902492,loop13,0.00,0.00,0.000,0.000,0.00
1777902492,loop14,0.00,0.00,0.000,0.000,0.00
1777902492,loop15,0.00,0.00,0.000,0.000,0.00
1777902492,loop16,0.00,0.00,0.000,0.000,0.00
1777902492,loop17,0.00,0.00,0.000,0.000,0.00
1777902492,loop18,0.00,0.00,0.000,0.000,0.00
1777902492,loop19,0.00,0.00,0.000,0.000,0.00
1777902492,loop2,0.00,0.00,0.000,0.000,0.00
1777902492,loop20,0.00,0.00,0.000,0.000,0.00
1777902492,loop21,0.00,0.00,0.000,0.000,0.00
1777902492,loop22,0.00,0.00,0.000,0.000,0.00
1777902492,loop23,0.00,0.00,0.000,0.000,0.00
1777902492,loop24,0.00,0.00,0.000,0.000,0.00
1777902492,loop25,0.00,0.00,0.000,0.000,0.00
1777902492,loop26,0.00,0.00,0.000,0.000,0.00
1777902492,loop27,0.00,0.00,0.000,0.000,0.00
1777902492,loop28,0.00,0.00,0.000,0.000,0.00
1777902492,loop29,0.00,0.00,0.000,0.000,0.00
1777902492,loop3,0.00,0.00,0.000,0.000,0.00
1777902492,loop30,0.00,0.00,0.000,0.000,0.00
1777902492,loop31,0.00,0.00,0.000,0.000,0.00
1777902492,loop32,0.00,0.00,0.000,0.000,0.00
1777902492,loop33,0.00,0.00,0.000,0.000,0.00
1777902492,loop34,0.00,0.00,0.000,0.000,0.00
1777902492,loop35,0.00,0.00,0.000,0.000,0.00
1777902492,loop36,0.00,0.00,0.000,0.000,0.00
1777902492,loop37,0.00,0.00,0.000,0.000,0.00
1777902492,loop38,0.00,0.00,0.000,0.000,0.00
1777902492,loop39,0.00,0.00,0.000,0.000,0.00
1777902492,loop4,0.00,0.00,0.000,0.000,0.00
1777902492,loop40,0.00,0.00,0.000,0.000,0.00
1777902492,loop5,0.00,0.00,0.000,0.000,0.00
1777902492,loop6,0.00,0.00,0.000,0.000,0.00
1777902492,loop7,0.00,0.00,0.000,0.000,0.00
1777902492,loop8,0.00,0.00,0.000,0.000,0.00
1777902492,loop9,0.00,0.00,0.000,0.000,0.00
1777902492,nvme0n1,9.00,52.00,0.004,0.030,5.40
1777902493,loop0,0.00,0.00,0.000,0.000,0.00
1777902493,loop1,0.00,0.00,0.000,0.000,0.00
1777902493,loop10,0.00,0.00,0.000,0.000,0.00
1777902493,loop11,0.00,0.00,0.000,0.000,0.00
1777902493,loop12,0.00,0.00,0.000,0.000,0.00
1777902493,loop13,0.00,0.00,0.000,0.000,0.00
1777902493,loop14,0.00,0.00,0.000,0.000,0.00
1777902493,loop15,0.00,0.00,0.000,0.000,0.00
1777902493,loop16,0.00,0.00,0.000,0.000,0.00
1777902493,loop17,0.00,0.00,0.000,0.000,0.00
1777902493,loop18,0.00,0.00,0.000,0.000,0.00
1777902493,loop19,0.00,0.00,0.000,0.000,0.00
1777902493,loop2,0.00,0.00,0.000,0.000,0.00
1777902493,loop20,0.00,0.00,0.000,0.000,0.00
1777902493,loop21,0.00,0.00,0.000,0.000,0.00
1777902493,loop22,0.00,0.00,0.000,0.000,0.00
1777902493,loop23,0.00,0.00,0.000,0.000,0.00
1777902493,loop24,0.00,0.00,0.000,0.000,0.00
1777902493,loop25,0.00,0.00,0.000,0.000,0.00
1777902493,loop26,0.00,0.00,0.000,0.000,0.00
1777902493,loop27,0.00,0.00,0.000,0.000,0.00
1777902493,loop28,0.00,0.00,0.000,0.000,0.00
1777902493,loop29,0.00,0.00,0.000,0.000,0.00
1777902493,loop3,0.00,0.00,0.000,0.000,0.00
1777902493,loop30,0.00,0.00,0.000,0.000,0.00
1777902493,loop31,0.00,0.00,0.000,0.000,0.00
1777902493,loop32,0.00,0.00,0.000,0.000,0.00
1777902493,loop33,0.00,0.00,0.000,0.000,0.00
1777902493,loop34,0.00,0.00,0.000,0.000,0.00
1777902493,loop35,0.00,0.00,0.000,0.000,0.00
1777902493,loop36,0.00,0.00,0.000,0.000,0.00
1777902493,loop37,0.00,0.00,0.000,0.000,0.00
1777902493,loop38,5.00,268.00,0.000,0.000,0.00
1777902493,loop39,0.00,0.00,0.000,0.000,0.00
1777902493,loop4,0.00,0.00,0.000,0.000,0.00
1777902493,loop40,0.00,0.00,0.000,0.000,0.00
1777902493,loop5,0.00,0.00,0.000,0.000,0.00
1777902493,loop6,0.00,0.00,0.000,0.000,0.00
1777902493,loop7,0.00,0.00,0.000,0.000,0.00
1777902493,loop8,0.00,0.00,0.000,0.000,0.00
1777902493,loop9,0.00,0.00,0.000,0.000,0.00
1777902493,nvme0n1,26.00,404.00,0.000,0.000,0.80
1777902494,loop0,0.00,0.00,0.000,0.000,0.00
1777902494,loop1,0.00,0.00,0.000,0.000,0.00
1777902494,loop10,0.00,0.00,0.000,0.000,0.00
1777902494,loop11,0.00,0.00,0.000,0.000,0.00
1777902494,loop12,0.00,0.00,0.000,0.000,0.00
1777902494,loop13,0.00,0.00,0.000,0.000,0.00
1777902494,loop14,0.00,0.00,0.000,0.000,0.00
1777902494,loop15,0.00,0.00,0.000,0.000,0.00
1777902494,loop16,0.00,0.00,0.000,0.000,0.00
1777902494,loop17,0.00,0.00,0.000,0.000,0.00
1777902494,loop18,0.00,0.00,0.000,0.000,0.00
1777902494,loop19,0.00,0.00,0.000,0.000,0.00
1777902494,loop2,0.00,0.00,0.000,0.000,0.00
1777902494,loop20,0.00,0.00,0.000,0.000,0.00
1777902494,loop21,0.00,0.00,0.000,0.000,0.00
1777902494,loop22,0.00,0.00,0.000,0.000,0.00
1777902494,loop23,0.00,0.00,0.000,0.000,0.00
1777902494,loop24,0.00,0.00,0.000,0.000,0.00
1777902494,loop25,0.00,0.00,0.000,0.000,0.00
1777902494,loop26,0.00,0.00,0.000,0.000,0.00
1777902494,loop27,0.00,0.00,0.000,0.000,0.00
1777902494,loop28,0.00,0.00,0.000,0.000,0.00
1777902494,loop29,0.00,0.00,0.000,0.000,0.00
1777902494,loop3,0.00,0.00,0.000,0.000,0.00
1777902494,loop30,0.00,0.00,0.000,0.000,0.00
1777902494,loop31,0.00,0.00,0.000,0.000,0.00
1777902494,loop32,0.00,0.00,0.000,0.000,0.00
1777902494,loop33,0.00,0.00,0.000,0.000,0.00
1777902494,loop34,0.00,0.00,0.000,0.000,0.00
1777902494,loop35,0.00,0.00,0.000,0.000,0.00
1777902494,loop36,0.00,0.00,0.000,0.000,0.00
1777902494,loop37,0.00,0.00,0.000,0.000,0.00
1777902494,loop38,0.00,0.00,0.000,0.000,0.00
1777902494,loop39,0.00,0.00,0.000,0.000,0.00
1777902494,loop4,0.00,0.00,0.000,0.000,0.00
1777902494,loop40,0.00,0.00,0.000,0.000,0.00
1777902494,loop5,0.00,0.00,0.000,0.000,0.00
1777902494,loop6,0.00,0.00,0.000,0.000,0.00
1777902494,loop7,0.00,0.00,0.000,0.000,0.00
1777902494,loop8,0.00,0.00,0.000,0.000,0.00
1777902494,loop9,0.00,0.00,0.000,0.000,0.00
1777902494,nvme0n1,13853.00,96484.00,9.940,0.041,24.50
1777902495,loop0,0.00,0.00,0.000,0.000,0.00
1777902495,loop1,0.00,0.00,0.000,0.000,0.00
1777902495,loop10,0.00,0.00,0.000,0.000,0.00
1777902495,loop11,0.00,0.00,0.000,0.000,0.00
1777902495,loop12,0.00,0.00,0.000,0.000,0.00
1777902495,loop13,0.00,0.00,0.000,0.000,0.00
1777902495,loop14,0.00,0.00,0.000,0.000,0.00
1777902495,loop15,0.00,0.00,0.000,0.000,0.00
1777902495,loop16,0.00,0.00,0.000,0.000,0.00
1777902495,loop17,0.00,0.00,0.000,0.000,0.00
1777902495,loop18,0.00,0.00,0.000,0.000,0.00
1777902495,loop19,0.00,0.00,0.000,0.000,0.00
1777902495,loop2,0.00,0.00,0.000,0.000,0.00
1777902495,loop20,0.00,0.00,0.000,0.000,0.00
1777902495,loop21,0.00,0.00,0.000,0.000,0.00
1777902495,loop22,0.00,0.00,0.000,0.000,0.00
1777902495,loop23,0.00,0.00,0.000,0.000,0.00
1777902495,loop24,0.00,0.00,0.000,0.000,0.00
1777902495,loop25,0.00,0.00,0.000,0.000,0.00
1777902495,loop26,0.00,0.00,0.000,0.000,0.00
1777902495,loop27,0.00,0.00,0.000,0.000,0.00
1777902495,loop28,0.00,0.00,0.000,0.000,0.00
1777902495,loop29,0.00,0.00,0.000,0.000,0.00
1777902495,loop3,0.00,0.00,0.000,0.000,0.00
1777902495,loop30,0.00,0.00,0.000,0.000,0.00
1777902495,loop31,0.00,0.00,0.000,0.000,0.00
1777902495,loop32,0.00,0.00,0.000,0.000,0.00
1777902495,loop33,0.00,0.00,0.000,0.000,0.00
1777902495,loop34,0.00,0.00,0.000,0.000,0.00
1777902495,loop35,0.00,0.00,0.000,0.000,0.00
1777902495,loop36,0.00,0.00,0.000,0.000,0.00
1777902495,loop37,0.00,0.00,0.000,0.000,0.00
1777902495,loop38,0.00,0.00,0.000,0.000,0.00
1777902495,loop39,0.00,0.00,0.000,0.000,0.00
1777902495,loop4,0.00,0.00,0.000,0.000,0.00
1777902495,loop40,0.00,0.00,0.000,0.000,0.00
1777902495,loop5,0.00,0.00,0.000,0.000,0.00
1777902495,loop6,0.00,0.00,0.000,0.000,0.00
1777902495,loop7,0.00,0.00,0.000,0.000,0.00
1777902495,loop8,0.00,0.00,0.000,0.000,0.00
1777902495,loop9,0.00,0.00,0.000,0.000,0.00
1777902495,nvme0n1,10752.00,71652.00,6.686,0.038,46.20
1777902496,loop0,0.00,0.00,0.000,0.000,0.00
1777902496,loop1,0.00,0.00,0.000,0.000,0.00
1777902496,loop10,0.00,0.00,0.000,0.000,0.00
1777902496,loop11,0.00,0.00,0.000,0.000,0.00
1777902496,loop12,0.00,0.00,0.000,0.000,0.00
1777902496,loop13,0.00,0.00,0.000,0.000,0.00
1777902496,loop14,0.00,0.00,0.000,0.000,0.00
1777902496,loop15,0.00,0.00,0.000,0.000,0.00
1777902496,loop16,0.00,0.00,0.000,0.000,0.00
1777902496,loop17,0.00,0.00,0.000,0.000,0.00
1777902496,loop18,0.00,0.00,0.000,0.000,0.00
1777902496,loop19,0.00,0.00,0.000,0.000,0.00
1777902496,loop2,0.00,0.00,0.000,0.000,0.00
1777902496,loop20,0.00,0.00,0.000,0.000,0.00
1777902496,loop21,0.00,0.00,0.000,0.000,0.00
1777902496,loop22,0.00,0.00,0.000,0.000,0.00
1777902496,loop23,0.00,0.00,0.000,0.000,0.00
1777902496,loop24,0.00,0.00,0.000,0.000,0.00
1777902496,loop25,0.00,0.00,0.000,0.000,0.00
1777902496,loop26,0.00,0.00,0.000,0.000,0.00
1777902496,loop27,0.00,0.00,0.000,0.000,0.00
1777902496,loop28,0.00,0.00,0.000,0.000,0.00
1777902496,loop29,0.00,0.00,0.000,0.000,0.00
1777902496,loop3,0.00,0.00,0.000,0.000,0.00
1777902496,loop30,0.00,0.00,0.000,0.000,0.00
1777902496,loop31,0.00,0.00,0.000,0.000,0.00
1777902496,loop32,0.00,0.00,0.000,0.000,0.00
1777902496,loop33,0.00,0.00,0.000,0.000,0.00
1777902496,loop34,0.00,0.00,0.000,0.000,0.00
1777902496,loop35,0.00,0.00,0.000,0.000,0.00
1777902496,loop36,0.00,0.00,0.000,0.000,0.00
1777902496,loop37,0.00,0.00,0.000,0.000,0.00
1777902496,loop38,0.00,0.00,0.000,0.000,0.00
1777902496,loop39,0.00,0.00,0.000,0.000,0.00
1777902496,loop4,0.00,0.00,0.000,0.000,0.00
1777902496,loop40,0.00,0.00,0.000,0.000,0.00
1777902496,loop5,0.00,0.00,0.000,0.000,0.00
1777902496,loop6,0.00,0.00,0.000,0.000,0.00
1777902496,loop7,0.00,0.00,0.000,0.000,0.00
1777902496,loop8,0.00,0.00,0.000,0.000,0.00
1777902496,loop9,0.00,0.00,0.000,0.000,0.00
1777902496,nvme0n1,3464.00,17200.00,0.643,0.016,15.60
1777902497,loop0,0.00,0.00,0.000,0.000,0.00
1777902497,loop1,0.00,0.00,0.000,0.000,0.00
1777902497,loop10,0.00,0.00,0.000,0.000,0.00
1777902497,loop11,0.00,0.00,0.000,0.000,0.00
1777902497,loop12,0.00,0.00,0.000,0.000,0.00
1777902497,loop13,0.00,0.00,0.000,0.000,0.00
1777902497,loop14,0.00,0.00,0.000,0.000,0.00
1777902497,loop15,0.00,0.00,0.000,0.000,0.00
1777902497,loop16,0.00,0.00,0.000,0.000,0.00
1777902497,loop17,0.00,0.00,0.000,0.000,0.00
1777902497,loop18,0.00,0.00,0.000,0.000,0.00
1777902497,loop19,0.00,0.00,0.000,0.000,0.00
1777902497,loop2,0.00,0.00,0.000,0.000,0.00
1777902497,loop20,0.00,0.00,0.000,0.000,0.00
1777902497,loop21,0.00,0.00,0.000,0.000,0.00
1777902497,loop22,0.00,0.00,0.000,0.000,0.00
1777902497,loop23,0.00,0.00,0.000,0.000,0.00
1777902497,loop24,0.00,0.00,0.000,0.000,0.00
1777902497,loop25,0.00,0.00,0.000,0.000,0.00
1777902497,loop26,0.00,0.00,0.000,0.000,0.00
1777902497,loop27,0.00,0.00,0.000,0.000,0.00
1777902497,loop28,0.00,0.00,0.000,0.000,0.00
1777902497,loop29,0.00,0.00,0.000,0.000,0.00
1777902497,loop3,0.00,0.00,0.000,0.000,0.00
1777902497,loop30,0.00,0.00,0.000,0.000,0.00
1777902497,loop31,0.00,0.00,0.000,0.000,0.00
1777902497,loop32,0.00,0.00,0.000,0.000,0.00
1777902497,loop33,0.00,0.00,0.000,0.000,0.00
1777902497,loop34,0.00,0.00,0.000,0.000,0.00
1777902497,loop35,0.00,0.00,0.000,0.000,0.00
1777902497,loop36,0.00,0.00,0.000,0.000,0.00
1777902497,loop37,0.00,0.00,0.000,0.000,0.00
1777902497,loop38,0.00,0.00,0.000,0.000,0.00
1777902497,loop39,0.00,0.00,0.000,0.000,0.00
1777902497,loop4,0.00,0.00,0.000,0.000,0.00
1777902497,loop40,0.00,0.00,0.000,0.000,0.00
1777902497,loop5,0.00,0.00,0.000,0.000,0.00
1777902497,loop6,0.00,0.00,0.000,0.000,0.00
1777902497,loop7,0.00,0.00,0.000,0.000,0.00
1777902497,loop8,0.00,0.00,0.000,0.000,0.00
1777902497,loop9,0.00,0.00,0.000,0.000,0.00
1777902497,nvme0n1,87.00,2044.00,0.041,0.032,0.40
1777902498,loop0,0.00,0.00,0.000,0.000,0.00
1777902498,loop1,0.00,0.00,0.000,0.000,0.00
1777902498,loop10,0.00,0.00,0.000,0.000,0.00
1777902498,loop11,0.00,0.00,0.000,0.000,0.00
1777902498,loop12,0.00,0.00,0.000,0.000,0.00
1777902498,loop13,0.00,0.00,0.000,0.000,0.00
1777902498,loop14,0.00,0.00,0.000,0.000,0.00
1777902498,loop15,0.00,0.00,0.000,0.000,0.00
1777902498,loop16,0.00,0.00,0.000,0.000,0.00
1777902498,loop17,0.00,0.00,0.000,0.000,0.00
1777902498,loop18,0.00,0.00,0.000,0.000,0.00
1777902498,loop19,0.00,0.00,0.000,0.000,0.00
1777902498,loop2,0.00,0.00,0.000,0.000,0.00
1777902498,loop20,0.00,0.00,0.000,0.000,0.00
1777902498,loop21,0.00,0.00,0.000,0.000,0.00
1777902498,loop22,0.00,0.00,0.000,0.000,0.00
1777902498,loop23,0.00,0.00,0.000,0.000,0.00
1777902498,loop24,0.00,0.00,0.000,0.000,0.00
1777902498,loop25,0.00,0.00,0.000,0.000,0.00
1777902498,loop26,0.00,0.00,0.000,0.000,0.00
1777902498,loop27,0.00,0.00,0.000,0.000,0.00
1777902498,loop28,0.00,0.00,0.000,0.000,0.00
1777902498,loop29,0.00,0.00,0.000,0.000,0.00
1777902498,loop3,0.00,0.00,0.000,0.000,0.00
1777902498,loop30,0.00,0.00,0.000,0.000,0.00
1777902498,loop31,0.00,0.00,0.000,0.000,0.00
1777902498,loop32,0.00,0.00,0.000,0.000,0.00
1777902498,loop33,0.00,0.00,0.000,0.000,0.00
1777902498,loop34,0.00,0.00,0.000,0.000,0.00
1777902498,loop35,0.00,0.00,0.000,0.000,0.00
1777902498,loop36,0.00,0.00,0.000,0.000,0.00
1777902498,loop37,0.00,0.00,0.000,0.000,0.00
1777902498,loop38,0.00,0.00,0.000,0.000,0.00
1777902498,loop39,0.00,0.00,0.000,0.000,0.00
1777902498,loop4,0.00,0.00,0.000,0.000,0.00
1777902498,loop40,0.00,0.00,0.000,0.000,0.00
1777902498,loop5,0.00,0.00,0.000,0.000,0.00
1777902498,loop6,0.00,0.00,0.000,0.000,0.00
1777902498,loop7,0.00,0.00,0.000,0.000,0.00
1777902498,loop8,0.00,0.00,0.000,0.000,0.00
1777902498,loop9,0.00,0.00,0.000,0.000,0.00
1777902498,nvme0n1,1.00,16.00,0.003,0.073,0.80
1777902499,loop0,0.00,0.00,0.000,0.000,0.00
1777902499,loop1,0.00,0.00,0.000,0.000,0.00
1777902499,loop10,0.00,0.00,0.000,0.000,0.00
1777902499,loop11,0.00,0.00,0.000,0.000,0.00
1777902499,loop12,0.00,0.00,0.000,0.000,0.00
1777902499,loop13,0.00,0.00,0.000,0.000,0.00
1777902499,loop14,0.00,0.00,0.000,0.000,0.00
1777902499,loop15,0.00,0.00,0.000,0.000,0.00
1777902499,loop16,0.00,0.00,0.000,0.000,0.00
1777902499,loop17,0.00,0.00,0.000,0.000,0.00
1777902499,loop18,0.00,0.00,0.000,0.000,0.00
1777902499,loop19,0.00,0.00,0.000,0.000,0.00
1777902499,loop2,0.00,0.00,0.000,0.000,0.00
1777902499,loop20,0.00,0.00,0.000,0.000,0.00
1777902499,loop21,0.00,0.00,0.000,0.000,0.00
1777902499,loop22,0.00,0.00,0.000,0.000,0.00
1777902499,loop23,0.00,0.00,0.000,0.000,0.00
1777902499,loop24,0.00,0.00,0.000,0.000,0.00
1777902499,loop25,0.00,0.00,0.000,0.000,0.00
1777902499,loop26,0.00,0.00,0.000,0.000,0.00
1777902499,loop27,0.00,0.00,0.000,0.000,0.00
1777902499,loop28,0.00,0.00,0.000,0.000,0.00
1777902499,loop29,0.00,0.00,0.000,0.000,0.00
1777902499,loop3,0.00,0.00,0.000,0.000,0.00
1777902499,loop30,0.00,0.00,0.000,0.000,0.00
1777902499,loop31,0.00,0.00,0.000,0.000,0.00
1777902499,loop32,0.00,0.00,0.000,0.000,0.00
1777902499,loop33,0.00,0.00,0.000,0.000,0.00
1777902499,loop34,0.00,0.00,0.000,0.000,0.00
1777902499,loop35,0.00,0.00,0.000,0.000,0.00
1777902499,loop36,0.00,0.00,0.000,0.000,0.00
1777902499,loop37,0.00,0.00,0.000,0.000,0.00
1777902499,loop38,0.00,0.00,0.000,0.000,0.00
1777902499,loop39,0.00,0.00,0.000,0.000,0.00
1777902499,loop4,0.00,0.00,0.000,0.000,0.00
1777902499,loop40,0.00,0.00,0.000,0.000,0.00
1777902499,loop5,0.00,0.00,0.000,0.000,0.00
1777902499,loop6,0.00,0.00,0.000,0.000,0.00
1777902499,loop7,0.00,0.00,0.000,0.000,0.00
1777902499,loop8,0.00,0.00,0.000,0.000,0.00
1777902499,loop9,0.00,0.00,0.000,0.000,0.00
1777902499,nvme0n1,257.00,3488.00,0.601,0.069,1.80
1777902500,loop0,0.00,0.00,0.000,0.000,0.00
1777902500,loop1,0.00,0.00,0.000,0.000,0.00
1777902500,loop10,0.00,0.00,0.000,0.000,0.00
1777902500,loop11,0.00,0.00,0.000,0.000,0.00
1777902500,loop12,0.00,0.00,0.000,0.000,0.00
1777902500,loop13,0.00,0.00,0.000,0.000,0.00
1777902500,loop14,0.00,0.00,0.000,0.000,0.00
1777902500,loop15,0.00,0.00,0.000,0.000,0.00
1777902500,loop16,0.00,0.00,0.000,0.000,0.00
1777902500,loop17,0.00,0.00,0.000,0.000,0.00
1777902500,loop18,0.00,0.00,0.000,0.000,0.00
1777902500,loop19,0.00,0.00,0.000,0.000,0.00
1777902500,loop2,0.00,0.00,0.000,0.000,0.00
1777902500,loop20,0.00,0.00,0.000,0.000,0.00
1777902500,loop21,0.00,0.00,0.000,0.000,0.00
1777902500,loop22,0.00,0.00,0.000,0.000,0.00
1777902500,loop23,0.00,0.00,0.000,0.000,0.00
1777902500,loop24,0.00,0.00,0.000,0.000,0.00
1777902500,loop25,0.00,0.00,0.000,0.000,0.00
1777902500,loop26,0.00,0.00,0.000,0.000,0.00
1777902500,loop27,0.00,0.00,0.000,0.000,0.00
1777902500,loop28,0.00,0.00,0.000,0.000,0.00
1777902500,loop29,0.00,0.00,0.000,0.000,0.00
1777902500,loop3,0.00,0.00,0.000,0.000,0.00
1777902500,loop30,0.00,0.00,0.000,0.000,0.00
1777902500,loop31,0.00,0.00,0.000,0.000,0.00
1777902500,loop32,0.00,0.00,0.000,0.000,0.00
1777902500,loop33,0.00,0.00,0.000,0.000,0.00
1777902500,loop34,0.00,0.00,0.000,0.000,0.00
1777902500,loop35,0.00,0.00,0.000,0.000,0.00
1777902500,loop36,0.00,0.00,0.000,0.000,0.00
1777902500,loop37,0.00,0.00,0.000,0.000,0.00
1777902500,loop38,0.00,0.00,0.000,0.000,0.00
1777902500,loop39,0.00,0.00,0.000,0.000,0.00
1777902500,loop4,0.00,0.00,0.000,0.000,0.00
1777902500,loop40,0.00,0.00,0.000,0.000,0.00
1777902500,loop5,0.00,0.00,0.000,0.000,0.00
1777902500,loop6,0.00,0.00,0.000,0.000,0.00
1777902500,loop7,0.00,0.00,0.000,0.000,0.00
1777902500,loop8,0.00,0.00,0.000,0.000,0.00
1777902500,loop9,0.00,0.00,0.000,0.000,0.00
1777902500,nvme0n1,16.00,84.00,0.005,0.023,0.20
1777902501,loop0,0.00,0.00,0.000,0.000,0.00
1777902501,loop1,0.00,0.00,0.000,0.000,0.00
1777902501,loop10,0.00,0.00,0.000,0.000,0.00
1777902501,loop11,0.00,0.00,0.000,0.000,0.00
1777902501,loop12,0.00,0.00,0.000,0.000,0.00
1777902501,loop13,0.00,0.00,0.000,0.000,0.00
1777902501,loop14,0.00,0.00,0.000,0.000,0.00
1777902501,loop15,0.00,0.00,0.000,0.000,0.00
1777902501,loop16,0.00,0.00,0.000,0.000,0.00
1777902501,loop17,0.00,0.00,0.000,0.000,0.00
1777902501,loop18,0.00,0.00,0.000,0.000,0.00
1777902501,loop19,0.00,0.00,0.000,0.000,0.00
1777902501,loop2,0.00,0.00,0.000,0.000,0.00
1777902501,loop20,0.00,0.00,0.000,0.000,0.00
1777902501,loop21,0.00,0.00,0.000,0.000,0.00
1777902501,loop22,0.00,0.00,0.000,0.000,0.00
1777902501,loop23,0.00,0.00,0.000,0.000,0.00
1777902501,loop24,0.00,0.00,0.000,0.000,0.00
1777902501,loop25,0.00,0.00,0.000,0.000,0.00
1777902501,loop26,0.00,0.00,0.000,0.000,0.00
1777902501,loop27,0.00,0.00,0.000,0.000,0.00
1777902501,loop28,0.00,0.00,0.000,0.000,0.00
1777902501,loop29,0.00,0.00,0.000,0.000,0.00
1777902501,loop3,0.00,0.00,0.000,0.000,0.00
1777902501,loop30,0.00,0.00,0.000,0.000,0.00
1777902501,loop31,0.00,0.00,0.000,0.000,0.00
1777902501,loop32,0.00,0.00,0.000,0.000,0.00
1777902501,loop33,0.00,0.00,0.000,0.000,0.00
1777902501,loop34,0.00,0.00,0.000,0.000,0.00
1777902501,loop35,0.00,0.00,0.000,0.000,0.00
1777902501,loop36,0.00,0.00,0.000,0.000,0.00
1777902501,loop37,0.00,0.00,0.000,0.000,0.00
1777902501,loop38,0.00,0.00,0.000,0.000,0.00
1777902501,loop39,0.00,0.00,0.000,0.000,0.00
1777902501,loop4,0.00,0.00,0.000,0.000,0.00
1777902501,loop40,0.00,0.00,0.000,0.000,0.00
1777902501,loop5,0.00,0.00,0.000,0.000,0.00
1777902501,loop6,0.00,0.00,0.000,0.000,0.00
1777902501,loop7,0.00,0.00,0.000,0.000,0.00
1777902501,loop8,0.00,0.00,0.000,0.000,0.00
1777902501,loop9,0.00,0.00,0.000,0.000,0.00
1777902501,nvme0n1,8.00,44.00,0.003,0.027,0.10
1777902502,loop0,0.00,0.00,0.000,0.000,0.00
1777902502,loop1,0.00,0.00,0.000,0.000,0.00
1777902502,loop10,0.00,0.00,0.000,0.000,0.00
1777902502,loop11,0.00,0.00,0.000,0.000,0.00
1777902502,loop12,0.00,0.00,0.000,0.000,0.00
1777902502,loop13,0.00,0.00,0.000,0.000,0.00
1777902502,loop14,0.00,0.00,0.000,0.000,0.00
1777902502,loop15,0.00,0.00,0.000,0.000,0.00
1777902502,loop16,0.00,0.00,0.000,0.000,0.00
1777902502,loop17,0.00,0.00,0.000,0.000,0.00
1777902502,loop18,0.00,0.00,0.000,0.000,0.00
1777902502,loop19,0.00,0.00,0.000,0.000,0.00
1777902502,loop2,0.00,0.00,0.000,0.000,0.00
1777902502,loop20,0.00,0.00,0.000,0.000,0.00
1777902502,loop21,0.00,0.00,0.000,0.000,0.00
1777902502,loop22,0.00,0.00,0.000,0.000,0.00
1777902502,loop23,0.00,0.00,0.000,0.000,0.00
1777902502,loop24,0.00,0.00,0.000,0.000,0.00
1777902502,loop25,0.00,0.00,0.000,0.000,0.00
1777902502,loop26,0.00,0.00,0.000,0.000,0.00
1777902502,loop27,0.00,0.00,0.000,0.000,0.00
1777902502,loop28,0.00,0.00,0.000,0.000,0.00
1777902502,loop29,0.00,0.00,0.000,0.000,0.00
1777902502,loop3,0.00,0.00,0.000,0.000,0.00
1777902502,loop30,0.00,0.00,0.000,0.000,0.00
1777902502,loop31,0.00,0.00,0.000,0.000,0.00
1777902502,loop32,0.00,0.00,0.000,0.000,0.00
1777902502,loop33,0.00,0.00,0.000,0.000,0.00
1777902502,loop34,0.00,0.00,0.000,0.000,0.00
1777902502,loop35,0.00,0.00,0.000,0.000,0.00
1777902502,loop36,0.00,0.00,0.000,0.000,0.00
1777902502,loop37,0.00,0.00,0.000,0.000,0.00
1777902502,loop38,0.00,0.00,0.000,0.000,0.00
1777902502,loop39,0.00,0.00,0.000,0.000,0.00
1777902502,loop4,0.00,0.00,0.000,0.000,0.00
1777902502,loop40,0.00,0.00,0.000,0.000,0.00
1777902502,loop5,0.00,0.00,0.000,0.000,0.00
1777902502,loop6,0.00,0.00,0.000,0.000,0.00
1777902502,loop7,0.00,0.00,0.000,0.000,0.00
1777902502,loop8,0.00,0.00,0.000,0.000,0.00
1777902502,loop9,0.00,0.00,0.000,0.000,0.00
1777902502,nvme0n1,4.00,32.00,0.004,0.049,0.30
1777902503,loop0,0.00,0.00,0.000,0.000,0.00
1777902503,loop1,0.00,0.00,0.000,0.000,0.00
1777902503,loop10,0.00,0.00,0.000,0.000,0.00
1777902503,loop11,0.00,0.00,0.000,0.000,0.00
1777902503,loop12,0.00,0.00,0.000,0.000,0.00
1777902503,loop13,0.00,0.00,0.000,0.000,0.00
1777902503,loop14,0.00,0.00,0.000,0.000,0.00
1777902503,loop15,0.00,0.00,0.000,0.000,0.00
1777902503,loop16,0.00,0.00,0.000,0.000,0.00
1777902503,loop17,0.00,0.00,0.000,0.000,0.00
1777902503,loop18,0.00,0.00,0.000,0.000,0.00
1777902503,loop19,0.00,0.00,0.000,0.000,0.00
1777902503,loop2,0.00,0.00,0.000,0.000,0.00
1777902503,loop20,0.00,0.00,0.000,0.000,0.00
1777902503,loop21,0.00,0.00,0.000,0.000,0.00
1777902503,loop22,0.00,0.00,0.000,0.000,0.00
1777902503,loop23,0.00,0.00,0.000,0.000,0.00
1777902503,loop24,0.00,0.00,0.000,0.000,0.00
1777902503,loop25,0.00,0.00,0.000,0.000,0.00
1777902503,loop26,0.00,0.00,0.000,0.000,0.00
1777902503,loop27,0.00,0.00,0.000,0.000,0.00
1777902503,loop28,0.00,0.00,0.000,0.000,0.00
1777902503,loop29,0.00,0.00,0.000,0.000,0.00
1777902503,loop3,0.00,0.00,0.000,0.000,0.00
1777902503,loop30,0.00,0.00,0.000,0.000,0.00
1777902503,loop31,0.00,0.00,0.000,0.000,0.00
1777902503,loop32,0.00,0.00,0.000,0.000,0.00
1777902503,loop33,0.00,0.00,0.000,0.000,0.00
1777902503,loop34,0.00,0.00,0.000,0.000,0.00
1777902503,loop35,0.00,0.00,0.000,0.000,0.00
1777902503,loop36,0.00,0.00,0.000,0.000,0.00
1777902503,loop37,0.00,0.00,0.000,0.000,0.00
1777902503,loop38,0.00,0.00,0.000,0.000,0.00
1777902503,loop39,0.00,0.00,0.000,0.000,0.00
1777902503,loop4,0.00,0.00,0.000,0.000,0.00
1777902503,loop40,0.00,0.00,0.000,0.000,0.00
1777902503,loop5,0.00,0.00,0.000,0.000,0.00
1777902503,loop6,0.00,0.00,0.000,0.000,0.00
1777902503,loop7,0.00,0.00,0.000,0.000,0.00
1777902503,loop8,0.00,0.00,0.000,0.000,0.00
1777902503,loop9,0.00,0.00,0.000,0.000,0.00
1777902503,nvme0n1,9.00,52.00,0.004,0.030,0.60
1777902504,loop0,0.00,0.00,0.000,0.000,0.00
1777902504,loop1,0.00,0.00,0.000,0.000,0.00
1777902504,loop10,0.00,0.00,0.000,0.000,0.00
1777902504,loop11,0.00,0.00,0.000,0.000,0.00
1777902504,loop12,0.00,0.00,0.000,0.000,0.00
1777902504,loop13,0.00,0.00,0.000,0.000,0.00
1777902504,loop14,0.00,0.00,0.000,0.000,0.00
1777902504,loop15,0.00,0.00,0.000,0.000,0.00
1777902504,loop16,0.00,0.00,0.000,0.000,0.00
1777902504,loop17,0.00,0.00,0.000,0.000,0.00
1777902504,loop18,0.00,0.00,0.000,0.000,0.00
1777902504,loop19,0.00,0.00,0.000,0.000,0.00
1777902504,loop2,0.00,0.00,0.000,0.000,0.00
1777902504,loop20,0.00,0.00,0.000,0.000,0.00
1777902504,loop21,0.00,0.00,0.000,0.000,0.00
1777902504,loop22,0.00,0.00,0.000,0.000,0.00
1777902504,loop23,0.00,0.00,0.000,0.000,0.00
1777902504,loop24,0.00,0.00,0.000,0.000,0.00
1777902504,loop25,0.00,0.00,0.000,0.000,0.00
1777902504,loop26,0.00,0.00,0.000,0.000,0.00
1777902504,loop27,0.00,0.00,0.000,0.000,0.00
1777902504,loop28,0.00,0.00,0.000,0.000,0.00
1777902504,loop29,0.00,0.00,0.000,0.000,0.00
1777902504,loop3,0.00,0.00,0.000,0.000,0.00
1777902504,loop30,0.00,0.00,0.000,0.000,0.00
1777902504,loop31,0.00,0.00,0.000,0.000,0.00
1777902504,loop32,0.00,0.00,0.000,0.000,0.00
1777902504,loop33,0.00,0.00,0.000,0.000,0.00
1777902504,loop34,0.00,0.00,0.000,0.000,0.00
1777902504,loop35,0.00,0.00,0.000,0.000,0.00
1777902504,loop36,0.00,0.00,0.000,0.000,0.00
1777902504,loop37,0.00,0.00,0.000,0.000,0.00
1777902504,loop38,0.00,0.00,0.000,0.000,0.00
1777902504,loop39,0.00,0.00,0.000,0.000,0.00
1777902504,loop4,0.00,0.00,0.000,0.000,0.00
1777902504,loop40,0.00,0.00,0.000,0.000,0.00
1777902504,loop5,0.00,0.00,0.000,0.000,0.00
1777902504,loop6,0.00,0.00,0.000,0.000,0.00
1777902504,loop7,0.00,0.00,0.000,0.000,0.00
1777902504,loop8,0.00,0.00,0.000,0.000,0.00
1777902504,loop9,0.00,0.00,0.000,0.000,0.00
1777902504,nvme0n1,2.00,8.00,0.000,0.000,0.10
1777902505,loop0,0.00,0.00,0.000,0.000,0.00
1777902505,loop1,0.00,0.00,0.000,0.000,0.00
1777902505,loop10,0.00,0.00,0.000,0.000,0.00
1777902505,loop11,0.00,0.00,0.000,0.000,0.00
1777902505,loop12,0.00,0.00,0.000,0.000,0.00
1777902505,loop13,0.00,0.00,0.000,0.000,0.00
1777902505,loop14,0.00,0.00,0.000,0.000,0.00
1777902505,loop15,0.00,0.00,0.000,0.000,0.00
1777902505,loop16,0.00,0.00,0.000,0.000,0.00
1777902505,loop17,0.00,0.00,0.000,0.000,0.00
1777902505,loop18,0.00,0.00,0.000,0.000,0.00
1777902505,loop19,0.00,0.00,0.000,0.000,0.00
1777902505,loop2,0.00,0.00,0.000,0.000,0.00
1777902505,loop20,0.00,0.00,0.000,0.000,0.00
1777902505,loop21,0.00,0.00,0.000,0.000,0.00
1777902505,loop22,0.00,0.00,0.000,0.000,0.00
1777902505,loop23,0.00,0.00,0.000,0.000,0.00
1777902505,loop24,0.00,0.00,0.000,0.000,0.00
1777902505,loop25,0.00,0.00,0.000,0.000,0.00
1777902505,loop26,0.00,0.00,0.000,0.000,0.00
1777902505,loop27,0.00,0.00,0.000,0.000,0.00
1777902505,loop28,0.00,0.00,0.000,0.000,0.00
1777902505,loop29,0.00,0.00,0.000,0.000,0.00
1777902505,loop3,0.00,0.00,0.000,0.000,0.00
1777902505,loop30,0.00,0.00,0.000,0.000,0.00
1777902505,loop31,0.00,0.00,0.000,0.000,0.00
1777902505,loop32,0.00,0.00,0.000,0.000,0.00
1777902505,loop33,0.00,0.00,0.000,0.000,0.00
1777902505,loop34,0.00,0.00,0.000,0.000,0.00
1777902505,loop35,0.00,0.00,0.000,0.000,0.00
1777902505,loop36,0.00,0.00,0.000,0.000,0.00
1777902505,loop37,0.00,0.00,0.000,0.000,0.00
1777902505,loop38,0.00,0.00,0.000,0.000,0.00
1777902505,loop39,0.00,0.00,0.000,0.000,0.00
1777902505,loop4,0.00,0.00,0.000,0.000,0.00
1777902505,loop40,0.00,0.00,0.000,0.000,0.00
1777902505,loop5,0.00,0.00,0.000,0.000,0.00
1777902505,loop6,0.00,0.00,0.000,0.000,0.00
1777902505,loop7,0.00,0.00,0.000,0.000,0.00
1777902505,loop8,0.00,0.00,0.000,0.000,0.00
1777902505,loop9,0.00,0.00,0.000,0.000,0.00
1777902505,nvme0n1,16.00,88.00,0.006,0.027,0.00
1777902506,loop0,0.00,0.00,0.000,0.000,0.00
1777902506,loop1,0.00,0.00,0.000,0.000,0.00
1777902506,loop10,0.00,0.00,0.000,0.000,0.00
1777902506,loop11,0.00,0.00,0.000,0.000,0.00
1777902506,loop12,0.00,0.00,0.000,0.000,0.00
1777902506,loop13,0.00,0.00,0.000,0.000,0.00
1777902506,loop14,0.00,0.00,0.000,0.000,0.00
1777902506,loop15,0.00,0.00,0.000,0.000,0.00
1777902506,loop16,0.00,0.00,0.000,0.000,0.00
1777902506,loop17,0.00,0.00,0.000,0.000,0.00
1777902506,loop18,0.00,0.00,0.000,0.000,0.00
1777902506,loop19,0.00,0.00,0.000,0.000,0.00
1777902506,loop2,0.00,0.00,0.000,0.000,0.00
1777902506,loop20,0.00,0.00,0.000,0.000,0.00
1777902506,loop21,0.00,0.00,0.000,0.000,0.00
1777902506,loop22,0.00,0.00,0.000,0.000,0.00
1777902506,loop23,0.00,0.00,0.000,0.000,0.00
1777902506,loop24,0.00,0.00,0.000,0.000,0.00
1777902506,loop25,0.00,0.00,0.000,0.000,0.00
1777902506,loop26,0.00,0.00,0.000,0.000,0.00
1777902506,loop27,0.00,0.00,0.000,0.000,0.00
1777902506,loop28,0.00,0.00,0.000,0.000,0.00
1777902506,loop29,0.00,0.00,0.000,0.000,0.00
1777902506,loop3,0.00,0.00,0.000,0.000,0.00
1777902506,loop30,0.00,0.00,0.000,0.000,0.00
1777902506,loop31,0.00,0.00,0.000,0.000,0.00
1777902506,loop32,0.00,0.00,0.000,0.000,0.00
1777902506,loop33,0.00,0.00,0.000,0.000,0.00
1777902506,loop34,0.00,0.00,0.000,0.000,0.00
1777902506,loop35,0.00,0.00,0.000,0.000,0.00
1777902506,loop36,0.00,0.00,0.000,0.000,0.00
1777902506,loop37,0.00,0.00,0.000,0.000,0.00
1777902506,loop38,0.00,0.00,0.000,0.000,0.00
1777902506,loop39,0.00,0.00,0.000,0.000,0.00
1777902506,loop4,0.00,0.00,0.000,0.000,0.00
1777902506,loop40,0.00,0.00,0.000,0.000,0.00
1777902506,loop5,0.00,0.00,0.000,0.000,0.00
1777902506,loop6,0.00,0.00,0.000,0.000,0.00
1777902506,loop7,0.00,0.00,0.000,0.000,0.00
1777902506,loop8,0.00,0.00,0.000,0.000,0.00
1777902506,loop9,0.00,0.00,0.000,0.000,0.00
1777902506,nvme0n1,9.00,40.00,0.001,0.010,0.10
1777902507,loop0,0.00,0.00,0.000,0.000,0.00
1777902507,loop1,0.00,0.00,0.000,0.000,0.00
1777902507,loop10,0.00,0.00,0.000,0.000,0.00
1777902507,loop11,0.00,0.00,0.000,0.000,0.00
1777902507,loop12,0.00,0.00,0.000,0.000,0.00
1777902507,loop13,0.00,0.00,0.000,0.000,0.00
1777902507,loop14,0.00,0.00,0.000,0.000,0.00
1777902507,loop15,0.00,0.00,0.000,0.000,0.00
1777902507,loop16,0.00,0.00,0.000,0.000,0.00
1777902507,loop17,0.00,0.00,0.000,0.000,0.00
1777902507,loop18,0.00,0.00,0.000,0.000,0.00
1777902507,loop19,0.00,0.00,0.000,0.000,0.00
1777902507,loop2,0.00,0.00,0.000,0.000,0.00
1777902507,loop20,0.00,0.00,0.000,0.000,0.00
1777902507,loop21,0.00,0.00,0.000,0.000,0.00
1777902507,loop22,0.00,0.00,0.000,0.000,0.00
1777902507,loop23,0.00,0.00,0.000,0.000,0.00
1777902507,loop24,0.00,0.00,0.000,0.000,0.00
1777902507,loop25,0.00,0.00,0.000,0.000,0.00
1777902507,loop26,0.00,0.00,0.000,0.000,0.00
1777902507,loop27,0.00,0.00,0.000,0.000,0.00
1777902507,loop28,0.00,0.00,0.000,0.000,0.00
1777902507,loop29,0.00,0.00,0.000,0.000,0.00
1777902507,loop3,0.00,0.00,0.000,0.000,0.00
1777902507,loop30,0.00,0.00,0.000,0.000,0.00
1777902507,loop31,0.00,0.00,0.000,0.000,0.00
1777902507,loop32,0.00,0.00,0.000,0.000,0.00
1777902507,loop33,0.00,0.00,0.000,0.000,0.00
1777902507,loop34,0.00,0.00,0.000,0.000,0.00
1777902507,loop35,0.00,0.00,0.000,0.000,0.00
1777902507,loop36,0.00,0.00,0.000,0.000,0.00
1777902507,loop37,0.00,0.00,0.000,0.000,0.00
1777902507,loop38,0.00,0.00,0.000,0.000,0.00
1777902507,loop39,0.00,0.00,0.000,0.000,0.00
1777902507,loop4,0.00,0.00,0.000,0.000,0.00
1777902507,loop40,0.00,0.00,0.000,0.000,0.00
1777902507,loop5,0.00,0.00,0.000,0.000,0.00
1777902507,loop6,0.00,0.00,0.000,0.000,0.00
1777902507,loop7,0.00,0.00,0.000,0.000,0.00
1777902507,loop8,0.00,0.00,0.000,0.000,0.00
1777902507,loop9,0.00,0.00,0.000,0.000,0.00
1777902507,nvme0n1,1.00,20.00,0.004,0.078,0.20
1777902508,loop0,0.00,0.00,0.000,0.000,0.00
1777902508,loop1,0.00,0.00,0.000,0.000,0.00
1777902508,loop10,0.00,0.00,0.000,0.000,0.00
1777902508,loop11,0.00,0.00,0.000,0.000,0.00
1777902508,loop12,0.00,0.00,0.000,0.000,0.00
1777902508,loop13,0.00,0.00,0.000,0.000,0.00
1777902508,loop14,0.00,0.00,0.000,0.000,0.00
1777902508,loop15,0.00,0.00,0.000,0.000,0.00
1777902508,loop16,0.00,0.00,0.000,0.000,0.00
1777902508,loop17,0.00,0.00,0.000,0.000,0.00
1777902508,loop18,0.00,0.00,0.000,0.000,0.00
1777902508,loop19,0.00,0.00,0.000,0.000,0.00
1777902508,loop2,0.00,0.00,0.000,0.000,0.00
1777902508,loop20,0.00,0.00,0.000,0.000,0.00
1777902508,loop21,0.00,0.00,0.000,0.000,0.00
1777902508,loop22,0.00,0.00,0.000,0.000,0.00
1777902508,loop23,0.00,0.00,0.000,0.000,0.00
1777902508,loop24,0.00,0.00,0.000,0.000,0.00
1777902508,loop25,0.00,0.00,0.000,0.000,0.00
1777902508,loop26,0.00,0.00,0.000,0.000,0.00
1777902508,loop27,0.00,0.00,0.000,0.000,0.00
1777902508,loop28,0.00,0.00,0.000,0.000,0.00
1777902508,loop29,0.00,0.00,0.000,0.000,0.00
1777902508,loop3,0.00,0.00,0.000,0.000,0.00
1777902508,loop30,0.00,0.00,0.000,0.000,0.00
1777902508,loop31,0.00,0.00,0.000,0.000,0.00
1777902508,loop32,0.00,0.00,0.000,0.000,0.00
1777902508,loop33,0.00,0.00,0.000,0.000,0.00
1777902508,loop34,0.00,0.00,0.000,0.000,0.00
1777902508,loop35,0.00,0.00,0.000,0.000,0.00
1777902508,loop36,0.00,0.00,0.000,0.000,0.00
1777902508,loop37,0.00,0.00,0.000,0.000,0.00
1777902508,loop38,0.00,0.00,0.000,0.000,0.00
1777902508,loop39,0.00,0.00,0.000,0.000,0.00
1777902508,loop4,0.00,0.00,0.000,0.000,0.00
1777902508,loop40,0.00,0.00,0.000,0.000,0.00
1777902508,loop5,0.00,0.00,0.000,0.000,0.00
1777902508,loop6,0.00,0.00,0.000,0.000,0.00
1777902508,loop7,0.00,0.00,0.000,0.000,0.00
1777902508,loop8,0.00,0.00,0.000,0.000,0.00
1777902508,loop9,0.00,0.00,0.000,0.000,0.00
1777902508,nvme0n1,134.00,3668.00,0.019,0.012,4.80
1777902509,loop0,0.00,0.00,0.000,0.000,0.00
1777902509,loop1,0.00,0.00,0.000,0.000,0.00
1777902509,loop10,0.00,0.00,0.000,0.000,0.00
1777902509,loop11,0.00,0.00,0.000,0.000,0.00
1777902509,loop12,0.00,0.00,0.000,0.000,0.00
1777902509,loop13,0.00,0.00,0.000,0.000,0.00
1777902509,loop14,0.00,0.00,0.000,0.000,0.00
1777902509,loop15,0.00,0.00,0.000,0.000,0.00
1777902509,loop16,0.00,0.00,0.000,0.000,0.00
1777902509,loop17,0.00,0.00,0.000,0.000,0.00
1777902509,loop18,0.00,0.00,0.000,0.000,0.00
1777902509,loop19,0.00,0.00,0.000,0.000,0.00
1777902509,loop2,0.00,0.00,0.000,0.000,0.00
1777902509,loop20,0.00,0.00,0.000,0.000,0.00
1777902509,loop21,0.00,0.00,0.000,0.000,0.00
1777902509,loop22,0.00,0.00,0.000,0.000,0.00
1777902509,loop23,0.00,0.00,0.000,0.000,0.00
1777902509,loop24,0.00,0.00,0.000,0.000,0.00
1777902509,loop25,0.00,0.00,0.000,0.000,0.00
1777902509,loop26,0.00,0.00,0.000,0.000,0.00
1777902509,loop27,0.00,0.00,0.000,0.000,0.00
1777902509,loop28,0.00,0.00,0.000,0.000,0.00
1777902509,loop29,0.00,0.00,0.000,0.000,0.00
1777902509,loop3,0.00,0.00,0.000,0.000,0.00
1777902509,loop30,0.00,0.00,0.000,0.000,0.00
1777902509,loop31,0.00,0.00,0.000,0.000,0.00
1777902509,loop32,0.00,0.00,0.000,0.000,0.00
1777902509,loop33,0.00,0.00,0.000,0.000,0.00
1777902509,loop34,0.00,0.00,0.000,0.000,0.00
1777902509,loop35,0.00,0.00,0.000,0.000,0.00
1777902509,loop36,0.00,0.00,0.000,0.000,0.00
1777902509,loop37,0.00,0.00,0.000,0.000,0.00
1777902509,loop38,0.00,0.00,0.000,0.000,0.00
1777902509,loop39,0.00,0.00,0.000,0.000,0.00
1777902509,loop4,0.00,0.00,0.000,0.000,0.00
1777902509,loop40,0.00,0.00,0.000,0.000,0.00
1777902509,loop5,0.00,0.00,0.000,0.000,0.00
1777902509,loop6,0.00,0.00,0.000,0.000,0.00
1777902509,loop7,0.00,0.00,0.000,0.000,0.00
1777902509,loop8,0.00,0.00,0.000,0.000,0.00
1777902509,loop9,0.00,0.00,0.000,0.000,0.00
1777902509,nvme0n1,2.00,8.00,0.000,0.000,0.50
1777902510,loop0,0.00,0.00,0.000,0.000,0.00
1777902510,loop1,0.00,0.00,0.000,0.000,0.00
1777902510,loop10,0.00,0.00,0.000,0.000,0.00
1777902510,loop11,0.00,0.00,0.000,0.000,0.00
1777902510,loop12,0.00,0.00,0.000,0.000,0.00
1777902510,loop13,0.00,0.00,0.000,0.000,0.00
1777902510,loop14,0.00,0.00,0.000,0.000,0.00
1777902510,loop15,0.00,0.00,0.000,0.000,0.00
1777902510,loop16,0.00,0.00,0.000,0.000,0.00
1777902510,loop17,0.00,0.00,0.000,0.000,0.00
1777902510,loop18,0.00,0.00,0.000,0.000,0.00
1777902510,loop19,0.00,0.00,0.000,0.000,0.00
1777902510,loop2,0.00,0.00,0.000,0.000,0.00
1777902510,loop20,0.00,0.00,0.000,0.000,0.00
1777902510,loop21,0.00,0.00,0.000,0.000,0.00
1777902510,loop22,0.00,0.00,0.000,0.000,0.00
1777902510,loop23,0.00,0.00,0.000,0.000,0.00
1777902510,loop24,0.00,0.00,0.000,0.000,0.00
1777902510,loop25,0.00,0.00,0.000,0.000,0.00
1777902510,loop26,0.00,0.00,0.000,0.000,0.00
1777902510,loop27,0.00,0.00,0.000,0.000,0.00
1777902510,loop28,0.00,0.00,0.000,0.000,0.00
1777902510,loop29,0.00,0.00,0.000,0.000,0.00
1777902510,loop3,0.00,0.00,0.000,0.000,0.00
1777902510,loop30,0.00,0.00,0.000,0.000,0.00
1777902510,loop31,0.00,0.00,0.000,0.000,0.00
1777902510,loop32,0.00,0.00,0.000,0.000,0.00
1777902510,loop33,0.00,0.00,0.000,0.000,0.00
1777902510,loop34,0.00,0.00,0.000,0.000,0.00
1777902510,loop35,0.00,0.00,0.000,0.000,0.00
1777902510,loop36,0.00,0.00,0.000,0.000,0.00
1777902510,loop37,0.00,0.00,0.000,0.000,0.00
1777902510,loop38,0.00,0.00,0.000,0.000,0.00
1777902510,loop39,0.00,0.00,0.000,0.000,0.00
1777902510,loop4,0.00,0.00,0.000,0.000,0.00
1777902510,loop40,0.00,0.00,0.000,0.000,0.00
1777902510,loop5,0.00,0.00,0.000,0.000,0.00
1777902510,loop6,0.00,0.00,0.000,0.000,0.00
1777902510,loop7,0.00,0.00,0.000,0.000,0.00
1777902510,loop8,0.00,0.00,0.000,0.000,0.00
1777902510,loop9,0.00,0.00,0.000,0.000,0.00
1777902510,nvme0n1,3.00,128.00,0.028,0.088,0.20
1777902511,loop0,0.00,0.00,0.000,0.000,0.00
1777902511,loop1,0.00,0.00,0.000,0.000,0.00
1777902511,loop10,0.00,0.00,0.000,0.000,0.00
1777902511,loop11,0.00,0.00,0.000,0.000,0.00
1777902511,loop12,0.00,0.00,0.000,0.000,0.00
1777902511,loop13,0.00,0.00,0.000,0.000,0.00
1777902511,loop14,0.00,0.00,0.000,0.000,0.00
1777902511,loop15,0.00,0.00,0.000,0.000,0.00
1777902511,loop16,0.00,0.00,0.000,0.000,0.00
1777902511,loop17,0.00,0.00,0.000,0.000,0.00
1777902511,loop18,0.00,0.00,0.000,0.000,0.00
1777902511,loop19,0.00,0.00,0.000,0.000,0.00
1777902511,loop2,0.00,0.00,0.000,0.000,0.00
1777902511,loop20,0.00,0.00,0.000,0.000,0.00
1777902511,loop21,0.00,0.00,0.000,0.000,0.00
1777902511,loop22,0.00,0.00,0.000,0.000,0.00
1777902511,loop23,0.00,0.00,0.000,0.000,0.00
1777902511,loop24,0.00,0.00,0.000,0.000,0.00
1777902511,loop25,0.00,0.00,0.000,0.000,0.00
1777902511,loop26,0.00,0.00,0.000,0.000,0.00
1777902511,loop27,0.00,0.00,0.000,0.000,0.00
1777902511,loop28,0.00,0.00,0.000,0.000,0.00
1777902511,loop29,0.00,0.00,0.000,0.000,0.00
1777902511,loop3,0.00,0.00,0.000,0.000,0.00
1777902511,loop30,0.00,0.00,0.000,0.000,0.00
1777902511,loop31,0.00,0.00,0.000,0.000,0.00
1777902511,loop32,0.00,0.00,0.000,0.000,0.00
1777902511,loop33,0.00,0.00,0.000,0.000,0.00
1777902511,loop34,0.00,0.00,0.000,0.000,0.00
1777902511,loop35,0.00,0.00,0.000,0.000,0.00
1777902511,loop36,0.00,0.00,0.000,0.000,0.00
1777902511,loop37,0.00,0.00,0.000,0.000,0.00
1777902511,loop38,0.00,0.00,0.000,0.000,0.00
1777902511,loop39,0.00,0.00,0.000,0.000,0.00
1777902511,loop4,0.00,0.00,0.000,0.000,0.00
1777902511,loop40,0.00,0.00,0.000,0.000,0.00
1777902511,loop5,0.00,0.00,0.000,0.000,0.00
1777902511,loop6,0.00,0.00,0.000,0.000,0.00
1777902511,loop7,0.00,0.00,0.000,0.000,0.00
1777902511,loop8,0.00,0.00,0.000,0.000,0.00
1777902511,loop9,0.00,0.00,0.000,0.000,0.00
1777902511,nvme0n1,3212.00,29528.00,0.096,0.003,17.10
1777902512,loop0,0.00,0.00,0.000,0.000,0.00
1777902512,loop1,0.00,0.00,0.000,0.000,0.00
1777902512,loop10,0.00,0.00,0.000,0.000,0.00
1777902512,loop11,0.00,0.00,0.000,0.000,0.00
1777902512,loop12,0.00,0.00,0.000,0.000,0.00
1777902512,loop13,0.00,0.00,0.000,0.000,0.00
1777902512,loop14,0.00,0.00,0.000,0.000,0.00
1777902512,loop15,0.00,0.00,0.000,0.000,0.00
1777902512,loop16,0.00,0.00,0.000,0.000,0.00
1777902512,loop17,0.00,0.00,0.000,0.000,0.00
1777902512,loop18,0.00,0.00,0.000,0.000,0.00
1777902512,loop19,0.00,0.00,0.000,0.000,0.00
1777902512,loop2,0.00,0.00,0.000,0.000,0.00
1777902512,loop20,0.00,0.00,0.000,0.000,0.00
1777902512,loop21,0.00,0.00,0.000,0.000,0.00
1777902512,loop22,0.00,0.00,0.000,0.000,0.00
1777902512,loop23,0.00,0.00,0.000,0.000,0.00
1777902512,loop24,0.00,0.00,0.000,0.000,0.00
1777902512,loop25,0.00,0.00,0.000,0.000,0.00
1777902512,loop26,0.00,0.00,0.000,0.000,0.00
1777902512,loop27,0.00,0.00,0.000,0.000,0.00
1777902512,loop28,0.00,0.00,0.000,0.000,0.00
1777902512,loop29,0.00,0.00,0.000,0.000,0.00
1777902512,loop3,0.00,0.00,0.000,0.000,0.00
1777902512,loop30,0.00,0.00,0.000,0.000,0.00
1777902512,loop31,0.00,0.00,0.000,0.000,0.00
1777902512,loop32,0.00,0.00,0.000,0.000,0.00
1777902512,loop33,0.00,0.00,0.000,0.000,0.00
1777902512,loop34,0.00,0.00,0.000,0.000,0.00
1777902512,loop35,0.00,0.00,0.000,0.000,0.00
1777902512,loop36,0.00,0.00,0.000,0.000,0.00
1777902512,loop37,0.00,0.00,0.000,0.000,0.00
1777902512,loop38,0.00,0.00,0.000,0.000,0.00
1777902512,loop39,0.00,0.00,0.000,0.000,0.00
1777902512,loop4,0.00,0.00,0.000,0.000,0.00
1777902512,loop40,0.00,0.00,0.000,0.000,0.00
1777902512,loop5,0.00,0.00,0.000,0.000,0.00
1777902512,loop6,0.00,0.00,0.000,0.000,0.00
1777902512,loop7,0.00,0.00,0.000,0.000,0.00
1777902512,loop8,0.00,0.00,0.000,0.000,0.00
1777902512,loop9,0.00,0.00,0.000,0.000,0.00
1777902512,nvme0n1,86.00,396.00,0.011,0.011,0.50
1777902513,loop0,0.00,0.00,0.000,0.000,0.00
1777902513,loop1,0.00,0.00,0.000,0.000,0.00
1777902513,loop10,0.00,0.00,0.000,0.000,0.00
1777902513,loop11,0.00,0.00,0.000,0.000,0.00
1777902513,loop12,0.00,0.00,0.000,0.000,0.00
1777902513,loop13,0.00,0.00,0.000,0.000,0.00
1777902513,loop14,0.00,0.00,0.000,0.000,0.00
1777902513,loop15,0.00,0.00,0.000,0.000,0.00
1777902513,loop16,0.00,0.00,0.000,0.000,0.00
1777902513,loop17,0.00,0.00,0.000,0.000,0.00
1777902513,loop18,0.00,0.00,0.000,0.000,0.00
1777902513,loop19,0.00,0.00,0.000,0.000,0.00
1777902513,loop2,0.00,0.00,0.000,0.000,0.00
1777902513,loop20,0.00,0.00,0.000,0.000,0.00
1777902513,loop21,0.00,0.00,0.000,0.000,0.00
1777902513,loop22,0.00,0.00,0.000,0.000,0.00
1777902513,loop23,0.00,0.00,0.000,0.000,0.00
1777902513,loop24,0.00,0.00,0.000,0.000,0.00
1777902513,loop25,0.00,0.00,0.000,0.000,0.00
1777902513,loop26,0.00,0.00,0.000,0.000,0.00
1777902513,loop27,0.00,0.00,0.000,0.000,0.00
1777902513,loop28,0.00,0.00,0.000,0.000,0.00
1777902513,loop29,0.00,0.00,0.000,0.000,0.00
1777902513,loop3,0.00,0.00,0.000,0.000,0.00
1777902513,loop30,0.00,0.00,0.000,0.000,0.00
1777902513,loop31,0.00,0.00,0.000,0.000,0.00
1777902513,loop32,0.00,0.00,0.000,0.000,0.00
1777902513,loop33,0.00,0.00,0.000,0.000,0.00
1777902513,loop34,0.00,0.00,0.000,0.000,0.00
1777902513,loop35,0.00,0.00,0.000,0.000,0.00
1777902513,loop36,0.00,0.00,0.000,0.000,0.00
1777902513,loop37,0.00,0.00,0.000,0.000,0.00
1777902513,loop38,0.00,0.00,0.000,0.000,0.00
1777902513,loop39,0.00,0.00,0.000,0.000,0.00
1777902513,loop4,0.00,0.00,0.000,0.000,0.00
1777902513,loop40,0.00,0.00,0.000,0.000,0.00
1777902513,loop5,0.00,0.00,0.000,0.000,0.00
1777902513,loop6,0.00,0.00,0.000,0.000,0.00
1777902513,loop7,0.00,0.00,0.000,0.000,0.00
1777902513,loop8,0.00,0.00,0.000,0.000,0.00
1777902513,loop9,0.00,0.00,0.000,0.000,0.00
1777902513,nvme0n1,24.00,108.00,0.000,0.000,0.50
1777902514,loop0,0.00,0.00,0.000,0.000,0.00
1777902514,loop1,0.00,0.00,0.000,0.000,0.00
1777902514,loop10,0.00,0.00,0.000,0.000,0.00
1777902514,loop11,0.00,0.00,0.000,0.000,0.00
1777902514,loop12,0.00,0.00,0.000,0.000,0.00
1777902514,loop13,0.00,0.00,0.000,0.000,0.00
1777902514,loop14,0.00,0.00,0.000,0.000,0.00
1777902514,loop15,0.00,0.00,0.000,0.000,0.00
1777902514,loop16,0.00,0.00,0.000,0.000,0.00
1777902514,loop17,0.00,0.00,0.000,0.000,0.00
1777902514,loop18,0.00,0.00,0.000,0.000,0.00
1777902514,loop19,0.00,0.00,0.000,0.000,0.00
1777902514,loop2,0.00,0.00,0.000,0.000,0.00
1777902514,loop20,0.00,0.00,0.000,0.000,0.00
1777902514,loop21,0.00,0.00,0.000,0.000,0.00
1777902514,loop22,0.00,0.00,0.000,0.000,0.00
1777902514,loop23,0.00,0.00,0.000,0.000,0.00
1777902514,loop24,0.00,0.00,0.000,0.000,0.00
1777902514,loop25,0.00,0.00,0.000,0.000,0.00
1777902514,loop26,0.00,0.00,0.000,0.000,0.00
1777902514,loop27,0.00,0.00,0.000,0.000,0.00
1777902514,loop28,0.00,0.00,0.000,0.000,0.00
1777902514,loop29,0.00,0.00,0.000,0.000,0.00
1777902514,loop3,0.00,0.00,0.000,0.000,0.00
1777902514,loop30,0.00,0.00,0.000,0.000,0.00
1777902514,loop31,0.00,0.00,0.000,0.000,0.00
1777902514,loop32,0.00,0.00,0.000,0.000,0.00
1777902514,loop33,0.00,0.00,0.000,0.000,0.00
1777902514,loop34,0.00,0.00,0.000,0.000,0.00
1777902514,loop35,0.00,0.00,0.000,0.000,0.00
1777902514,loop36,0.00,0.00,0.000,0.000,0.00
1777902514,loop37,0.00,0.00,0.000,0.000,0.00
1777902514,loop38,0.00,0.00,0.000,0.000,0.00
1777902514,loop39,0.00,0.00,0.000,0.000,0.00
1777902514,loop4,0.00,0.00,0.000,0.000,0.00
1777902514,loop40,0.00,0.00,0.000,0.000,0.00
1777902514,loop5,0.00,0.00,0.000,0.000,0.00
1777902514,loop6,0.00,0.00,0.000,0.000,0.00
1777902514,loop7,0.00,0.00,0.000,0.000,0.00
1777902514,loop8,0.00,0.00,0.000,0.000,0.00
1777902514,loop9,0.00,0.00,0.000,0.000,0.00
1777902514,nvme0n1,30.00,168.00,0.012,0.028,0.20
1777902515,loop0,0.00,0.00,0.000,0.000,0.00
1777902515,loop1,0.00,0.00,0.000,0.000,0.00
1777902515,loop10,0.00,0.00,0.000,0.000,0.00
1777902515,loop11,0.00,0.00,0.000,0.000,0.00
1777902515,loop12,0.00,0.00,0.000,0.000,0.00
1777902515,loop13,0.00,0.00,0.000,0.000,0.00
1777902515,loop14,0.00,0.00,0.000,0.000,0.00
1777902515,loop15,0.00,0.00,0.000,0.000,0.00
1777902515,loop16,0.00,0.00,0.000,0.000,0.00
1777902515,loop17,0.00,0.00,0.000,0.000,0.00
1777902515,loop18,0.00,0.00,0.000,0.000,0.00
1777902515,loop19,0.00,0.00,0.000,0.000,0.00
1777902515,loop2,0.00,0.00,0.000,0.000,0.00
1777902515,loop20,0.00,0.00,0.000,0.000,0.00
1777902515,loop21,0.00,0.00,0.000,0.000,0.00
1777902515,loop22,0.00,0.00,0.000,0.000,0.00
1777902515,loop23,0.00,0.00,0.000,0.000,0.00
1777902515,loop24,0.00,0.00,0.000,0.000,0.00
1777902515,loop25,0.00,0.00,0.000,0.000,0.00
1777902515,loop26,0.00,0.00,0.000,0.000,0.00
1777902515,loop27,0.00,0.00,0.000,0.000,0.00
1777902515,loop28,0.00,0.00,0.000,0.000,0.00
1777902515,loop29,0.00,0.00,0.000,0.000,0.00
1777902515,loop3,0.00,0.00,0.000,0.000,0.00
1777902515,loop30,0.00,0.00,0.000,0.000,0.00
1777902515,loop31,0.00,0.00,0.000,0.000,0.00
1777902515,loop32,0.00,0.00,0.000,0.000,0.00
1777902515,loop33,0.00,0.00,0.000,0.000,0.00
1777902515,loop34,0.00,0.00,0.000,0.000,0.00
1777902515,loop35,0.00,0.00,0.000,0.000,0.00
1777902515,loop36,0.00,0.00,0.000,0.000,0.00
1777902515,loop37,0.00,0.00,0.000,0.000,0.00
1777902515,loop38,0.00,0.00,0.000,0.000,0.00
1777902515,loop39,0.00,0.00,0.000,0.000,0.00
1777902515,loop4,0.00,0.00,0.000,0.000,0.00
1777902515,loop40,0.00,0.00,0.000,0.000,0.00
1777902515,loop5,0.00,0.00,0.000,0.000,0.00
1777902515,loop6,0.00,0.00,0.000,0.000,0.00
1777902515,loop7,0.00,0.00,0.000,0.000,0.00
1777902515,loop8,0.00,0.00,0.000,0.000,0.00
1777902515,loop9,0.00,0.00,0.000,0.000,0.00
1777902515,nvme0n1,9.00,52.00,0.004,0.030,0.20
1777902516,loop0,0.00,0.00,0.000,0.000,0.00
1777902516,loop1,0.00,0.00,0.000,0.000,0.00
1777902516,loop10,0.00,0.00,0.000,0.000,0.00
1777902516,loop11,0.00,0.00,0.000,0.000,0.00
1777902516,loop12,0.00,0.00,0.000,0.000,0.00
1777902516,loop13,0.00,0.00,0.000,0.000,0.00
1777902516,loop14,0.00,0.00,0.000,0.000,0.00
1777902516,loop15,0.00,0.00,0.000,0.000,0.00
1777902516,loop16,0.00,0.00,0.000,0.000,0.00
1777902516,loop17,0.00,0.00,0.000,0.000,0.00
1777902516,loop18,0.00,0.00,0.000,0.000,0.00
1777902516,loop19,0.00,0.00,0.000,0.000,0.00
1777902516,loop2,0.00,0.00,0.000,0.000,0.00
1777902516,loop20,0.00,0.00,0.000,0.000,0.00
1777902516,loop21,0.00,0.00,0.000,0.000,0.00
1777902516,loop22,0.00,0.00,0.000,0.000,0.00
1777902516,loop23,0.00,0.00,0.000,0.000,0.00
1777902516,loop24,0.00,0.00,0.000,0.000,0.00
1777902516,loop25,0.00,0.00,0.000,0.000,0.00
1777902516,loop26,0.00,0.00,0.000,0.000,0.00
1777902516,loop27,0.00,0.00,0.000,0.000,0.00
1777902516,loop28,0.00,0.00,0.000,0.000,0.00
1777902516,loop29,0.00,0.00,0.000,0.000,0.00
1777902516,loop3,0.00,0.00,0.000,0.000,0.00
1777902516,loop30,0.00,0.00,0.000,0.000,0.00
1777902516,loop31,0.00,0.00,0.000,0.000,0.00
1777902516,loop32,0.00,0.00,0.000,0.000,0.00
1777902516,loop33,0.00,0.00,0.000,0.000,0.00
1777902516,loop34,0.00,0.00,0.000,0.000,0.00
1777902516,loop35,0.00,0.00,0.000,0.000,0.00
1777902516,loop36,0.00,0.00,0.000,0.000,0.00
1777902516,loop37,0.00,0.00,0.000,0.000,0.00
1777902516,loop38,0.00,0.00,0.000,0.000,0.00
1777902516,loop39,0.00,0.00,0.000,0.000,0.00
1777902516,loop4,0.00,0.00,0.000,0.000,0.00
1777902516,loop40,0.00,0.00,0.000,0.000,0.00
1777902516,loop5,0.00,0.00,0.000,0.000,0.00
1777902516,loop6,0.00,0.00,0.000,0.000,0.00
1777902516,loop7,0.00,0.00,0.000,0.000,0.00
1777902516,loop8,0.00,0.00,0.000,0.000,0.00
1777902516,loop9,0.00,0.00,0.000,0.000,0.00
1777902516,nvme0n1,0.00,0.00,0.000,0.000,0.20
