t_unix,device,r_iops,w_iops,r_mb_s,w_mb_s,util_pct
1777916339,loop0,0.00,0.00,0.000,0.000,0.00
1777916339,loop1,0.00,0.00,0.000,0.000,0.00
1777916339,loop10,0.00,0.00,0.000,0.000,0.00
1777916339,loop11,0.00,0.00,0.000,0.000,0.00
1777916339,loop12,0.00,0.00,0.000,0.000,0.00
1777916339,loop13,0.00,0.00,0.000,0.000,0.00
1777916339,loop14,0.00,0.00,0.000,0.000,0.00
1777916339,loop15,0.00,0.00,0.000,0.000,0.00
1777916339,loop16,0.00,0.00,0.000,0.000,0.00
1777916339,loop17,0.00,0.00,0.000,0.000,0.00
1777916339,loop18,0.00,0.00,0.000,0.000,0.00
1777916339,loop19,0.00,0.00,0.000,0.000,0.00
1777916339,loop2,0.00,0.00,0.000,0.000,0.00
1777916339,loop20,0.00,0.00,0.000,0.000,0.00
1777916339,loop21,0.00,0.00,0.000,0.000,0.00
1777916339,loop22,0.00,0.00,0.000,0.000,0.00
1777916339,loop23,0.00,0.00,0.000,0.000,0.00
1777916339,loop24,0.00,0.00,0.000,0.000,0.00
1777916339,loop25,0.00,0.00,0.000,0.000,0.00
1777916339,loop26,0.00,0.00,0.000,0.000,0.00
1777916339,loop27,0.00,0.00,0.000,0.000,0.00
1777916339,loop28,0.00,0.00,0.000,0.000,0.00
1777916339,loop29,0.00,0.00,0.000,0.000,0.00
1777916339,loop3,0.00,0.00,0.000,0.000,0.00
1777916339,loop30,0.00,0.00,0.000,0.000,0.00
1777916339,loop31,0.00,0.00,0.000,0.000,0.00
1777916339,loop32,0.00,0.00,0.000,0.000,0.00
1777916339,loop33,0.00,0.00,0.000,0.000,0.00
1777916339,loop34,0.00,0.00,0.000,0.000,0.00
1777916339,loop35,0.00,0.00,0.000,0.000,0.00
1777916339,loop36,0.00,0.00,0.000,0.000,0.00
1777916339,loop37,0.00,0.00,0.000,0.000,0.00
1777916339,loop38,0.00,0.00,0.000,0.000,0.00
1777916339,loop39,0.00,0.00,0.000,0.000,0.00
1777916339,loop4,0.00,0.00,0.000,0.000,0.00
1777916339,loop40,0.00,0.00,0.000,0.000,0.00
1777916339,loop5,0.00,0.00,0.000,0.000,0.00
1777916339,loop6,0.00,0.00,0.000,0.000,0.00
1777916339,loop7,0.00,0.00,0.000,0.000,0.00
1777916339,loop8,0.00,0.00,0.000,0.000,0.00
1777916339,loop9,0.00,0.00,0.000,0.000,0.00
1777916339,nvme0n1,0.00,0.00,0.000,0.000,0.00
1777916340,loop0,0.00,0.00,0.000,0.000,0.00
1777916340,loop1,0.00,0.00,0.000,0.000,0.00
1777916340,loop10,0.00,0.00,0.000,0.000,0.00
1777916340,loop11,0.00,0.00,0.000,0.000,0.00
1777916340,loop12,0.00,0.00,0.000,0.000,0.00
1777916340,loop13,0.00,0.00,0.000,0.000,0.00
1777916340,loop14,0.00,0.00,0.000,0.000,0.00
1777916340,loop15,0.00,0.00,0.000,0.000,0.00
1777916340,loop16,0.00,0.00,0.000,0.000,0.00
1777916340,loop17,0.00,0.00,0.000,0.000,0.00
1777916340,loop18,0.00,0.00,0.000,0.000,0.00
1777916340,loop19,0.00,0.00,0.000,0.000,0.00
1777916340,loop2,0.00,0.00,0.000,0.000,0.00
1777916340,loop20,0.00,0.00,0.000,0.000,0.00
1777916340,loop21,0.00,0.00,0.000,0.000,0.00
1777916340,loop22,0.00,0.00,0.000,0.000,0.00
1777916340,loop23,0.00,0.00,0.000,0.000,0.00
1777916340,loop24,0.00,0.00,0.000,0.000,0.00
1777916340,loop25,0.00,0.00,0.000,0.000,0.00
1777916340,loop26,0.00,0.00,0.000,0.000,0.00
1777916340,loop27,0.00,0.00,0.000,0.000,0.00
1777916340,loop28,0.00,0.00,0.000,0.000,0.00
1777916340,loop29,0.00,0.00,0.000,0.000,0.00
1777916340,loop3,0.00,0.00,0.000,0.000,0.00
1777916340,loop30,0.00,0.00,0.000,0.000,0.00
1777916340,loop31,0.00,0.00,0.000,0.000,0.00
1777916340,loop32,0.00,0.00,0.000,0.000,0.00
1777916340,loop33,0.00,0.00,0.000,0.000,0.00
1777916340,loop34,0.00,0.00,0.000,0.000,0.00
1777916340,loop35,0.00,0.00,0.000,0.000,0.00
1777916340,loop36,0.00,0.00,0.000,0.000,0.00
1777916340,loop37,0.00,0.00,0.000,0.000,0.00
1777916340,loop38,0.00,0.00,0.000,0.000,0.00
1777916340,loop39,0.00,0.00,0.000,0.000,0.00
1777916340,loop4,0.00,0.00,0.000,0.000,0.00
1777916340,loop40,0.00,0.00,0.000,0.000,0.00
1777916340,loop5,0.00,0.00,0.000,0.000,0.00
1777916340,loop6,0.00,0.00,0.000,0.000,0.00
1777916340,loop7,0.00,0.00,0.000,0.000,0.00
1777916340,loop8,0.00,0.00,0.000,0.000,0.00
1777916340,loop9,0.00,0.00,0.000,0.000,0.00
1777916340,nvme0n1,0.00,0.00,0.000,0.000,0.00
1777916341,loop0,0.00,0.00,0.000,0.000,0.00
1777916341,loop1,0.00,0.00,0.000,0.000,0.00
1777916341,loop10,0.00,0.00,0.000,0.000,0.00
1777916341,loop11,0.00,0.00,0.000,0.000,0.00
1777916341,loop12,0.00,0.00,0.000,0.000,0.00
1777916341,loop13,0.00,0.00,0.000,0.000,0.00
1777916341,loop14,0.00,0.00,0.000,0.000,0.00
1777916341,loop15,0.00,0.00,0.000,0.000,0.00
1777916341,loop16,0.00,0.00,0.000,0.000,0.00
1777916341,loop17,0.00,0.00,0.000,0.000,0.00
1777916341,loop18,0.00,0.00,0.000,0.000,0.00
1777916341,loop19,0.00,0.00,0.000,0.000,0.00
1777916341,loop2,0.00,0.00,0.000,0.000,0.00
1777916341,loop20,0.00,0.00,0.000,0.000,0.00
1777916341,loop21,0.00,0.00,0.000,0.000,0.00
1777916341,loop22,0.00,0.00,0.000,0.000,0.00
1777916341,loop23,0.00,0.00,0.000,0.000,0.00
1777916341,loop24,0.00,0.00,0.000,0.000,0.00
1777916341,loop25,0.00,0.00,0.000,0.000,0.00
1777916341,loop26,0.00,0.00,0.000,0.000,0.00
1777916341,loop27,0.00,0.00,0.000,0.000,0.00
1777916341,loop28,0.00,0.00,0.000,0.000,0.00
1777916341,loop29,0.00,0.00,0.000,0.000,0.00
1777916341,loop3,0.00,0.00,0.000,0.000,0.00
1777916341,loop30,0.00,0.00,0.000,0.000,0.00
1777916341,loop31,0.00,0.00,0.000,0.000,0.00
1777916341,loop32,0.00,0.00,0.000,0.000,0.00
1777916341,loop33,0.00,0.00,0.000,0.000,0.00
1777916341,loop34,0.00,0.00,0.000,0.000,0.00
1777916341,loop35,0.00,0.00,0.000,0.000,0.00
1777916341,loop36,0.00,0.00,0.000,0.000,0.00
1777916341,loop37,0.00,0.00,0.000,0.000,0.00
1777916341,loop38,0.00,0.00,0.000,0.000,0.00
1777916341,loop39,0.00,0.00,0.000,0.000,0.00
1777916341,loop4,0.00,0.00,0.000,0.000,0.00
1777916341,loop40,0.00,0.00,0.000,0.000,0.00
1777916341,loop5,0.00,0.00,0.000,0.000,0.00
1777916341,loop6,0.00,0.00,0.000,0.000,0.00
1777916341,loop7,0.00,0.00,0.000,0.000,0.00
1777916341,loop8,0.00,0.00,0.000,0.000,0.00
1777916341,loop9,0.00,0.00,0.000,0.000,0.00
1777916341,nvme0n1,0.00,0.00,0.000,0.000,0.00
1777916342,loop0,0.00,0.00,0.000,0.000,0.00
1777916342,loop1,0.00,0.00,0.000,0.000,0.00
1777916342,loop10,0.00,0.00,0.000,0.000,0.00
1777916342,loop11,0.00,0.00,0.000,0.000,0.00
1777916342,loop12,0.00,0.00,0.000,0.000,0.00
1777916342,loop13,0.00,0.00,0.000,0.000,0.00
1777916342,loop14,0.00,0.00,0.000,0.000,0.00
1777916342,loop15,0.00,0.00,0.000,0.000,0.00
1777916342,loop16,0.00,0.00,0.000,0.000,0.00
1777916342,loop17,0.00,0.00,0.000,0.000,0.00
1777916342,loop18,0.00,0.00,0.000,0.000,0.00
1777916342,loop19,0.00,0.00,0.000,0.000,0.00
1777916342,loop2,0.00,0.00,0.000,0.000,0.00
1777916342,loop20,0.00,0.00,0.000,0.000,0.00
1777916342,loop21,0.00,0.00,0.000,0.000,0.00
1777916342,loop22,0.00,0.00,0.000,0.000,0.00
1777916342,loop23,0.00,0.00,0.000,0.000,0.00
1777916342,loop24,0.00,0.00,0.000,0.000,0.00
1777916342,loop25,0.00,0.00,0.000,0.000,0.00
1777916342,loop26,0.00,0.00,0.000,0.000,0.00
1777916342,loop27,0.00,0.00,0.000,0.000,0.00
1777916342,loop28,0.00,0.00,0.000,0.000,0.00
1777916342,loop29,0.00,0.00,0.000,0.000,0.00
1777916342,loop3,0.00,0.00,0.000,0.000,0.00
1777916342,loop30,0.00,0.00,0.000,0.000,0.00
1777916342,loop31,0.00,0.00,0.000,0.000,0.00
1777916342,loop32,0.00,0.00,0.000,0.000,0.00
1777916342,loop33,0.00,0.00,0.000,0.000,0.00
1777916342,loop34,0.00,0.00,0.000,0.000,0.00
1777916342,loop35,0.00,0.00,0.000,0.000,0.00
1777916342,loop36,0.00,0.00,0.000,0.000,0.00
1777916342,loop37,0.00,0.00,0.000,0.000,0.00
1777916342,loop38,0.00,0.00,0.000,0.000,0.00
1777916342,loop39,0.00,0.00,0.000,0.000,0.00
1777916342,loop4,0.00,0.00,0.000,0.000,0.00
1777916342,loop40,0.00,0.00,0.000,0.000,0.00
1777916342,loop5,0.00,0.00,0.000,0.000,0.00
1777916342,loop6,0.00,0.00,0.000,0.000,0.00
1777916342,loop7,0.00,0.00,0.000,0.000,0.00
1777916342,loop8,0.00,0.00,0.000,0.000,0.00
1777916342,loop9,0.00,0.00,0.000,0.000,0.00
1777916342,nvme0n1,0.00,0.00,0.000,0.000,0.00
1777916343,loop0,0.00,0.00,0.000,0.000,0.00
1777916343,loop1,0.00,0.00,0.000,0.000,0.00
1777916343,loop10,0.00,0.00,0.000,0.000,0.00
1777916343,loop11,0.00,0.00,0.000,0.000,0.00
1777916343,loop12,0.00,0.00,0.000,0.000,0.00
1777916343,loop13,0.00,0.00,0.000,0.000,0.00
1777916343,loop14,0.00,0.00,0.000,0.000,0.00
1777916343,loop15,0.00,0.00,0.000,0.000,0.00
1777916343,loop16,0.00,0.00,0.000,0.000,0.00
1777916343,loop17,0.00,0.00,0.000,0.000,0.00
1777916343,loop18,0.00,0.00,0.000,0.000,0.00
1777916343,loop19,0.00,0.00,0.000,0.000,0.00
1777916343,loop2,0.00,0.00,0.000,0.000,0.00
1777916343,loop20,0.00,0.00,0.000,0.000,0.00
1777916343,loop21,0.00,0.00,0.000,0.000,0.00
1777916343,loop22,0.00,0.00,0.000,0.000,0.00
1777916343,loop23,0.00,0.00,0.000,0.000,0.00
1777916343,loop24,0.00,0.00,0.000,0.000,0.00
1777916343,loop25,0.00,0.00,0.000,0.000,0.00
1777916343,loop26,0.00,0.00,0.000,0.000,0.00
1777916343,loop27,0.00,0.00,0.000,0.000,0.00
1777916343,loop28,0.00,0.00,0.000,0.000,0.00
1777916343,loop29,0.00,0.00,0.000,0.000,0.00
1777916343,loop3,0.00,0.00,0.000,0.000,0.00
1777916343,loop30,0.00,0.00,0.000,0.000,0.00
1777916343,loop31,0.00,0.00,0.000,0.000,0.00
1777916343,loop32,0.00,0.00,0.000,0.000,0.00
1777916343,loop33,0.00,0.00,0.000,0.000,0.00
1777916343,loop34,0.00,0.00,0.000,0.000,0.00
1777916343,loop35,0.00,0.00,0.000,0.000,0.00
1777916343,loop36,0.00,0.00,0.000,0.000,0.00
1777916343,loop37,0.00,0.00,0.000,0.000,0.00
1777916343,loop38,0.00,0.00,0.000,0.000,0.00
1777916343,loop39,0.00,0.00,0.000,0.000,0.00
1777916343,loop4,0.00,0.00,0.000,0.000,0.00
1777916343,loop40,0.00,0.00,0.000,0.000,0.00
1777916343,loop5,0.00,0.00,0.000,0.000,0.00
1777916343,loop6,0.00,0.00,0.000,0.000,0.00
1777916343,loop7,0.00,0.00,0.000,0.000,0.00
1777916343,loop8,0.00,0.00,0.000,0.000,0.00
1777916343,loop9,0.00,0.00,0.000,0.000,0.00
1777916343,nvme0n1,0.00,0.00,0.000,0.000,5.40
1777916344,loop0,0.00,0.00,0.000,0.000,0.00
1777916344,loop1,0.00,0.00,0.000,0.000,0.00
1777916344,loop10,0.00,0.00,0.000,0.000,0.00
1777916344,loop11,0.00,0.00,0.000,0.000,0.00
1777916344,loop12,0.00,0.00,0.000,0.000,0.00
1777916344,loop13,0.00,0.00,0.000,0.000,0.00
1777916344,loop14,0.00,0.00,0.000,0.000,0.00
1777916344,loop15,0.00,0.00,0.000,0.000,0.00
1777916344,loop16,0.00,0.00,0.000,0.000,0.00
1777916344,loop17,0.00,0.00,0.000,0.000,0.00
1777916344,loop18,0.00,0.00,0.000,0.000,0.00
1777916344,loop19,0.00,0.00,0.000,0.000,0.00
1777916344,loop2,0.00,0.00,0.000,0.000,0.00
1777916344,loop20,0.00,0.00,0.000,0.000,0.00
1777916344,loop21,0.00,0.00,0.000,0.000,0.00
1777916344,loop22,0.00,0.00,0.000,0.000,0.00
1777916344,loop23,0.00,0.00,0.000,0.000,0.00
1777916344,loop24,0.00,0.00,0.000,0.000,0.00
1777916344,loop25,0.00,0.00,0.000,0.000,0.00
1777916344,loop26,0.00,0.00,0.000,0.000,0.00
1777916344,loop27,0.00,0.00,0.000,0.000,0.00
1777916344,loop28,0.00,0.00,0.000,0.000,0.00
1777916344,loop29,0.00,0.00,0.000,0.000,0.00
1777916344,loop3,0.00,0.00,0.000,0.000,0.00
1777916344,loop30,0.00,0.00,0.000,0.000,0.00
1777916344,loop31,0.00,0.00,0.000,0.000,0.00
1777916344,loop32,0.00,0.00,0.000,0.000,0.00
1777916344,loop33,0.00,0.00,0.000,0.000,0.00
1777916344,loop34,0.00,0.00,0.000,0.000,0.00
1777916344,loop35,0.00,0.00,0.000,0.000,0.00
1777916344,loop36,0.00,0.00,0.000,0.000,0.00
1777916344,loop37,0.00,0.00,0.000,0.000,0.00
1777916344,loop38,0.00,0.00,0.000,0.000,0.00
1777916344,loop39,0.00,0.00,0.000,0.000,0.00
1777916344,loop4,0.00,0.00,0.000,0.000,0.00
1777916344,loop40,0.00,0.00,0.000,0.000,0.00
1777916344,loop5,0.00,0.00,0.000,0.000,0.00
1777916344,loop6,0.00,0.00,0.000,0.000,0.00
1777916344,loop7,0.00,0.00,0.000,0.000,0.00
1777916344,loop8,0.00,0.00,0.000,0.000,0.00
1777916344,loop9,0.00,0.00,0.000,0.000,0.00
1777916344,nvme0n1,0.00,0.00,0.000,0.000,0.00
1777916345,loop0,0.00,0.00,0.000,0.000,0.00
1777916345,loop1,0.00,0.00,0.000,0.000,0.00
1777916345,loop10,0.00,0.00,0.000,0.000,0.00
1777916345,loop11,0.00,0.00,0.000,0.000,0.00
1777916345,loop12,0.00,0.00,0.000,0.000,0.00
1777916345,loop13,0.00,0.00,0.000,0.000,0.00
1777916345,loop14,0.00,0.00,0.000,0.000,0.00
1777916345,loop15,0.00,0.00,0.000,0.000,0.00
1777916345,loop16,0.00,0.00,0.000,0.000,0.00
1777916345,loop17,0.00,0.00,0.000,0.000,0.00
1777916345,loop18,0.00,0.00,0.000,0.000,0.00
1777916345,loop19,0.00,0.00,0.000,0.000,0.00
1777916345,loop2,0.00,0.00,0.000,0.000,0.00
1777916345,loop20,0.00,0.00,0.000,0.000,0.00
1777916345,loop21,0.00,0.00,0.000,0.000,0.00
1777916345,loop22,0.00,0.00,0.000,0.000,0.00
1777916345,loop23,0.00,0.00,0.000,0.000,0.00
1777916345,loop24,0.00,0.00,0.000,0.000,0.00
1777916345,loop25,0.00,0.00,0.000,0.000,0.00
1777916345,loop26,0.00,0.00,0.000,0.000,0.00
1777916345,loop27,0.00,0.00,0.000,0.000,0.00
1777916345,loop28,0.00,0.00,0.000,0.000,0.00
1777916345,loop29,0.00,0.00,0.000,0.000,0.00
1777916345,loop3,0.00,0.00,0.000,0.000,0.00
1777916345,loop30,0.00,0.00,0.000,0.000,0.00
1777916345,loop31,0.00,0.00,0.000,0.000,0.00
1777916345,loop32,0.00,0.00,0.000,0.000,0.00
1777916345,loop33,0.00,0.00,0.000,0.000,0.00
1777916345,loop34,0.00,0.00,0.000,0.000,0.00
1777916345,loop35,0.00,0.00,0.000,0.000,0.00
1777916345,loop36,0.00,0.00,0.000,0.000,0.00
1777916345,loop37,0.00,0.00,0.000,0.000,0.00
1777916345,loop38,0.00,0.00,0.000,0.000,0.00
1777916345,loop39,0.00,0.00,0.000,0.000,0.00
1777916345,loop4,0.00,0.00,0.000,0.000,0.00
1777916345,loop40,0.00,0.00,0.000,0.000,0.00
1777916345,loop5,0.00,0.00,0.000,0.000,0.00
1777916345,loop6,0.00,0.00,0.000,0.000,0.00
1777916345,loop7,0.00,0.00,0.000,0.000,0.00
1777916345,loop8,0.00,0.00,0.000,0.000,0.00
1777916345,loop9,0.00,0.00,0.000,0.000,0.00
1777916345,nvme0n1,0.00,0.00,0.000,0.000,0.00
1777916346,loop0,0.00,0.00,0.000,0.000,0.00
1777916346,loop1,0.00,0.00,0.000,0.000,0.00
1777916346,loop10,0.00,0.00,0.000,0.000,0.00
1777916346,loop11,0.00,0.00,0.000,0.000,0.00
1777916346,loop12,0.00,0.00,0.000,0.000,0.00
1777916346,loop13,0.00,0.00,0.000,0.000,0.00
1777916346,loop14,0.00,0.00,0.000,0.000,0.00
1777916346,loop15,0.00,0.00,0.000,0.000,0.00
1777916346,loop16,0.00,0.00,0.000,0.000,0.00
1777916346,loop17,0.00,0.00,0.000,0.000,0.00
1777916346,loop18,0.00,0.00,0.000,0.000,0.00
1777916346,loop19,0.00,0.00,0.000,0.000,0.00
1777916346,loop2,0.00,0.00,0.000,0.000,0.00
1777916346,loop20,0.00,0.00,0.000,0.000,0.00
1777916346,loop21,0.00,0.00,0.000,0.000,0.00
1777916346,loop22,0.00,0.00,0.000,0.000,0.00
1777916346,loop23,0.00,0.00,0.000,0.000,0.00
1777916346,loop24,0.00,0.00,0.000,0.000,0.00
1777916346,loop25,0.00,0.00,0.000,0.000,0.00
1777916346,loop26,0.00,0.00,0.000,0.000,0.00
1777916346,loop27,0.00,0.00,0.000,0.000,0.00
1777916346,loop28,0.00,0.00,0.000,0.000,0.00
1777916346,loop29,0.00,0.00,0.000,0.000,0.00
1777916346,loop3,0.00,0.00,0.000,0.000,0.00
1777916346,loop30,0.00,0.00,0.000,0.000,0.00
1777916346,loop31,0.00,0.00,0.000,0.000,0.00
1777916346,loop32,0.00,0.00,0.000,0.000,0.00
1777916346,loop33,0.00,0.00,0.000,0.000,0.00
1777916346,loop34,0.00,0.00,0.000,0.000,0.00
1777916346,loop35,0.00,0.00,0.000,0.000,0.00
1777916346,loop36,0.00,0.00,0.000,0.000,0.00
1777916346,loop37,0.00,0.00,0.000,0.000,0.00
1777916346,loop38,0.00,0.00,0.000,0.000,0.00
1777916346,loop39,0.00,0.00,0.000,0.000,0.00
1777916346,loop4,0.00,0.00,0.000,0.000,0.00
1777916346,loop40,0.00,0.00,0.000,0.000,0.00
1777916346,loop5,0.00,0.00,0.000,0.000,0.00
1777916346,loop6,0.00,0.00,0.000,0.000,0.00
1777916346,loop7,0.00,0.00,0.000,0.000,0.00
1777916346,loop8,0.00,0.00,0.000,0.000,0.00
1777916346,loop9,0.00,0.00,0.000,0.000,0.00
1777916346,nvme0n1,0.00,0.00,0.000,0.000,0.00
1777916347,loop0,0.00,0.00,0.000,0.000,0.00
1777916347,loop1,0.00,0.00,0.000,0.000,0.00
1777916347,loop10,0.00,0.00,0.000,0.000,0.00
1777916347,loop11,0.00,0.00,0.000,0.000,0.00
1777916347,loop12,0.00,0.00,0.000,0.000,0.00
1777916347,loop13,0.00,0.00,0.000,0.000,0.00
1777916347,loop14,0.00,0.00,0.000,0.000,0.00
1777916347,loop15,0.00,0.00,0.000,0.000,0.00
1777916347,loop16,0.00,0.00,0.000,0.000,0.00
1777916347,loop17,0.00,0.00,0.000,0.000,0.00
1777916347,loop18,0.00,0.00,0.000,0.000,0.00
1777916347,loop19,0.00,0.00,0.000,0.000,0.00
1777916347,loop2,0.00,0.00,0.000,0.000,0.00
1777916347,loop20,0.00,0.00,0.000,0.000,0.00
1777916347,loop21,0.00,0.00,0.000,0.000,0.00
1777916347,loop22,0.00,0.00,0.000,0.000,0.00
1777916347,loop23,0.00,0.00,0.000,0.000,0.00
1777916347,loop24,0.00,0.00,0.000,0.000,0.00
1777916347,loop25,0.00,0.00,0.000,0.000,0.00
1777916347,loop26,0.00,0.00,0.000,0.000,0.00
1777916347,loop27,0.00,0.00,0.000,0.000,0.00
1777916347,loop28,0.00,0.00,0.000,0.000,0.00
1777916347,loop29,0.00,0.00,0.000,0.000,0.00
1777916347,loop3,0.00,0.00,0.000,0.000,0.00
1777916347,loop30,0.00,0.00,0.000,0.000,0.00
1777916347,loop31,0.00,0.00,0.000,0.000,0.00
1777916347,loop32,0.00,0.00,0.000,0.000,0.00
1777916347,loop33,0.00,0.00,0.000,0.000,0.00
1777916347,loop34,0.00,0.00,0.000,0.000,0.00
1777916347,loop35,0.00,0.00,0.000,0.000,0.00
1777916347,loop36,0.00,0.00,0.000,0.000,0.00
1777916347,loop37,0.00,0.00,0.000,0.000,0.00
1777916347,loop38,0.00,0.00,0.000,0.000,0.00
1777916347,loop39,0.00,0.00,0.000,0.000,0.00
1777916347,loop4,0.00,0.00,0.000,0.000,0.00
1777916347,loop40,0.00,0.00,0.000,0.000,0.00
1777916347,loop5,0.00,0.00,0.000,0.000,0.00
1777916347,loop6,0.00,0.00,0.000,0.000,0.00
1777916347,loop7,0.00,0.00,0.000,0.000,0.00
1777916347,loop8,0.00,0.00,0.000,0.000,0.00
1777916347,loop9,0.00,0.00,0.000,0.000,0.00
1777916347,nvme0n1,0.00,0.00,0.000,0.000,0.00
1777916348,loop0,0.00,0.00,0.000,0.000,0.00
1777916348,loop1,0.00,0.00,0.000,0.000,0.00
1777916348,loop10,0.00,0.00,0.000,0.000,0.00
1777916348,loop11,0.00,0.00,0.000,0.000,0.00
1777916348,loop12,0.00,0.00,0.000,0.000,0.00
1777916348,loop13,0.00,0.00,0.000,0.000,0.00
1777916348,loop14,0.00,0.00,0.000,0.000,0.00
1777916348,loop15,0.00,0.00,0.000,0.000,0.00
1777916348,loop16,0.00,0.00,0.000,0.000,0.00
1777916348,loop17,0.00,0.00,0.000,0.000,0.00
1777916348,loop18,0.00,0.00,0.000,0.000,0.00
1777916348,loop19,0.00,0.00,0.000,0.000,0.00
1777916348,loop2,0.00,0.00,0.000,0.000,0.00
1777916348,loop20,0.00,0.00,0.000,0.000,0.00
1777916348,loop21,0.00,0.00,0.000,0.000,0.00
1777916348,loop22,0.00,0.00,0.000,0.000,0.00
1777916348,loop23,0.00,0.00,0.000,0.000,0.00
1777916348,loop24,0.00,0.00,0.000,0.000,0.00
1777916348,loop25,0.00,0.00,0.000,0.000,0.00
1777916348,loop26,0.00,0.00,0.000,0.000,0.00
1777916348,loop27,0.00,0.00,0.000,0.000,0.00
1777916348,loop28,0.00,0.00,0.000,0.000,0.00
1777916348,loop29,0.00,0.00,0.000,0.000,0.00
1777916348,loop3,0.00,0.00,0.000,0.000,0.00
1777916348,loop30,0.00,0.00,0.000,0.000,0.00
1777916348,loop31,0.00,0.00,0.000,0.000,0.00
1777916348,loop32,0.00,0.00,0.000,0.000,0.00
1777916348,loop33,0.00,0.00,0.000,0.000,0.00
1777916348,loop34,0.00,0.00,0.000,0.000,0.00
1777916348,loop35,0.00,0.00,0.000,0.000,0.00
1777916348,loop36,0.00,0.00,0.000,0.000,0.00
1777916348,loop37,0.00,0.00,0.000,0.000,0.00
1777916348,loop38,0.00,0.00,0.000,0.000,0.00
1777916348,loop39,0.00,0.00,0.000,0.000,0.00
1777916348,loop4,0.00,0.00,0.000,0.000,0.00
1777916348,loop40,0.00,0.00,0.000,0.000,0.00
1777916348,loop5,0.00,0.00,0.000,0.000,0.00
1777916348,loop6,0.00,0.00,0.000,0.000,0.00
1777916348,loop7,0.00,0.00,0.000,0.000,0.00
1777916348,loop8,0.00,0.00,0.000,0.000,0.00
1777916348,loop9,0.00,0.00,0.000,0.000,0.00
1777916348,nvme0n1,0.00,0.00,0.000,0.000,7.20
1777916349,loop0,0.00,0.00,0.000,0.000,0.00
1777916349,loop1,0.00,0.00,0.000,0.000,0.00
1777916349,loop10,0.00,0.00,0.000,0.000,0.00
1777916349,loop11,0.00,0.00,0.000,0.000,0.00
1777916349,loop12,0.00,0.00,0.000,0.000,0.00
1777916349,loop13,0.00,0.00,0.000,0.000,0.00
1777916349,loop14,0.00,0.00,0.000,0.000,0.00
1777916349,loop15,0.00,0.00,0.000,0.000,0.00
1777916349,loop16,0.00,0.00,0.000,0.000,0.00
1777916349,loop17,0.00,0.00,0.000,0.000,0.00
1777916349,loop18,0.00,0.00,0.000,0.000,0.00
1777916349,loop19,0.00,0.00,0.000,0.000,0.00
1777916349,loop2,0.00,0.00,0.000,0.000,0.00
1777916349,loop20,0.00,0.00,0.000,0.000,0.00
1777916349,loop21,0.00,0.00,0.000,0.000,0.00
1777916349,loop22,0.00,0.00,0.000,0.000,0.00
1777916349,loop23,0.00,0.00,0.000,0.000,0.00
1777916349,loop24,0.00,0.00,0.000,0.000,0.00
1777916349,loop25,0.00,0.00,0.000,0.000,0.00
1777916349,loop26,0.00,0.00,0.000,0.000,0.00
1777916349,loop27,0.00,0.00,0.000,0.000,0.00
1777916349,loop28,0.00,0.00,0.000,0.000,0.00
1777916349,loop29,0.00,0.00,0.000,0.000,0.00
1777916349,loop3,0.00,0.00,0.000,0.000,0.00
1777916349,loop30,0.00,0.00,0.000,0.000,0.00
1777916349,loop31,0.00,0.00,0.000,0.000,0.00
1777916349,loop32,0.00,0.00,0.000,0.000,0.00
1777916349,loop33,0.00,0.00,0.000,0.000,0.00
1777916349,loop34,0.00,0.00,0.000,0.000,0.00
1777916349,loop35,0.00,0.00,0.000,0.000,0.00
1777916349,loop36,0.00,0.00,0.000,0.000,0.00
1777916349,loop37,0.00,0.00,0.000,0.000,0.00
1777916349,loop38,0.00,0.00,0.000,0.000,0.00
1777916349,loop39,0.00,0.00,0.000,0.000,0.00
1777916349,loop4,0.00,0.00,0.000,0.000,0.00
1777916349,loop40,0.00,0.00,0.000,0.000,0.00
1777916349,loop5,0.00,0.00,0.000,0.000,0.00
1777916349,loop6,0.00,0.00,0.000,0.000,0.00
1777916349,loop7,0.00,0.00,0.000,0.000,0.00
1777916349,loop8,0.00,0.00,0.000,0.000,0.00
1777916349,loop9,0.00,0.00,0.000,0.000,0.00
1777916349,nvme0n1,0.00,0.00,0.000,0.000,0.00
1777916350,loop0,0.00,0.00,0.000,0.000,0.00
1777916350,loop1,0.00,0.00,0.000,0.000,0.00
1777916350,loop10,0.00,0.00,0.000,0.000,0.00
1777916350,loop11,0.00,0.00,0.000,0.000,0.00
1777916350,loop12,0.00,0.00,0.000,0.000,0.00
1777916350,loop13,0.00,0.00,0.000,0.000,0.00
1777916350,loop14,0.00,0.00,0.000,0.000,0.00
1777916350,loop15,0.00,0.00,0.000,0.000,0.00
1777916350,loop16,0.00,0.00,0.000,0.000,0.00
1777916350,loop17,0.00,0.00,0.000,0.000,0.00
1777916350,loop18,0.00,0.00,0.000,0.000,0.00
1777916350,loop19,0.00,0.00,0.000,0.000,0.00
1777916350,loop2,0.00,0.00,0.000,0.000,0.00
1777916350,loop20,0.00,0.00,0.000,0.000,0.00
1777916350,loop21,0.00,0.00,0.000,0.000,0.00
1777916350,loop22,0.00,0.00,0.000,0.000,0.00
1777916350,loop23,0.00,0.00,0.000,0.000,0.00
1777916350,loop24,0.00,0.00,0.000,0.000,0.00
1777916350,loop25,0.00,0.00,0.000,0.000,0.00
1777916350,loop26,0.00,0.00,0.000,0.000,0.00
1777916350,loop27,0.00,0.00,0.000,0.000,0.00
1777916350,loop28,0.00,0.00,0.000,0.000,0.00
1777916350,loop29,0.00,0.00,0.000,0.000,0.00
1777916350,loop3,0.00,0.00,0.000,0.000,0.00
1777916350,loop30,0.00,0.00,0.000,0.000,0.00
1777916350,loop31,0.00,0.00,0.000,0.000,0.00
1777916350,loop32,0.00,0.00,0.000,0.000,0.00
1777916350,loop33,0.00,0.00,0.000,0.000,0.00
1777916350,loop34,0.00,0.00,0.000,0.000,0.00
1777916350,loop35,0.00,0.00,0.000,0.000,0.00
1777916350,loop36,0.00,0.00,0.000,0.000,0.00
1777916350,loop37,0.00,0.00,0.000,0.000,0.00
1777916350,loop38,0.00,0.00,0.000,0.000,0.00
1777916350,loop39,0.00,0.00,0.000,0.000,0.00
1777916350,loop4,0.00,0.00,0.000,0.000,0.00
1777916350,loop40,0.00,0.00,0.000,0.000,0.00
1777916350,loop5,0.00,0.00,0.000,0.000,0.00
1777916350,loop6,0.00,0.00,0.000,0.000,0.00
1777916350,loop7,0.00,0.00,0.000,0.000,0.00
1777916350,loop8,0.00,0.00,0.000,0.000,0.00
1777916350,loop9,0.00,0.00,0.000,0.000,0.00
1777916350,nvme0n1,0.00,0.00,0.000,0.000,0.00
1777916351,loop0,0.00,0.00,0.000,0.000,0.00
1777916351,loop1,0.00,0.00,0.000,0.000,0.00
1777916351,loop10,0.00,0.00,0.000,0.000,0.00
1777916351,loop11,0.00,0.00,0.000,0.000,0.00
1777916351,loop12,0.00,0.00,0.000,0.000,0.00
1777916351,loop13,0.00,0.00,0.000,0.000,0.00
1777916351,loop14,0.00,0.00,0.000,0.000,0.00
1777916351,loop15,0.00,0.00,0.000,0.000,0.00
1777916351,loop16,0.00,0.00,0.000,0.000,0.00
1777916351,loop17,0.00,0.00,0.000,0.000,0.00
1777916351,loop18,0.00,0.00,0.000,0.000,0.00
1777916351,loop19,0.00,0.00,0.000,0.000,0.00
1777916351,loop2,0.00,0.00,0.000,0.000,0.00
1777916351,loop20,0.00,0.00,0.000,0.000,0.00
1777916351,loop21,0.00,0.00,0.000,0.000,0.00
1777916351,loop22,0.00,0.00,0.000,0.000,0.00
1777916351,loop23,0.00,0.00,0.000,0.000,0.00
1777916351,loop24,0.00,0.00,0.000,0.000,0.00
1777916351,loop25,0.00,0.00,0.000,0.000,0.00
1777916351,loop26,0.00,0.00,0.000,0.000,0.00
1777916351,loop27,0.00,0.00,0.000,0.000,0.00
1777916351,loop28,0.00,0.00,0.000,0.000,0.00
1777916351,loop29,0.00,0.00,0.000,0.000,0.00
1777916351,loop3,0.00,0.00,0.000,0.000,0.00
1777916351,loop30,0.00,0.00,0.000,0.000,0.00
1777916351,loop31,0.00,0.00,0.000,0.000,0.00
1777916351,loop32,0.00,0.00,0.000,0.000,0.00
1777916351,loop33,0.00,0.00,0.000,0.000,0.00
1777916351,loop34,0.00,0.00,0.000,0.000,0.00
1777916351,loop35,0.00,0.00,0.000,0.000,0.00
1777916351,loop36,0.00,0.00,0.000,0.000,0.00
1777916351,loop37,0.00,0.00,0.000,0.000,0.00
1777916351,loop38,0.00,0.00,0.000,0.000,0.00
1777916351,loop39,0.00,0.00,0.000,0.000,0.00
1777916351,loop4,0.00,0.00,0.000,0.000,0.00
1777916351,loop40,0.00,0.00,0.000,0.000,0.00
1777916351,loop5,0.00,0.00,0.000,0.000,0.00
1777916351,loop6,0.00,0.00,0.000,0.000,0.00
1777916351,loop7,0.00,0.00,0.000,0.000,0.00
1777916351,loop8,0.00,0.00,0.000,0.000,0.00
1777916351,loop9,0.00,0.00,0.000,0.000,0.00
1777916351,nvme0n1,0.00,0.00,0.000,0.000,0.00
1777916352,loop0,0.00,0.00,0.000,0.000,0.00
1777916352,loop1,0.00,0.00,0.000,0.000,0.00
1777916352,loop10,0.00,0.00,0.000,0.000,0.00
1777916352,loop11,0.00,0.00,0.000,0.000,0.00
1777916352,loop12,0.00,0.00,0.000,0.000,0.00
1777916352,loop13,0.00,0.00,0.000,0.000,0.00
1777916352,loop14,0.00,0.00,0.000,0.000,0.00
1777916352,loop15,0.00,0.00,0.000,0.000,0.00
1777916352,loop16,0.00,0.00,0.000,0.000,0.00
1777916352,loop17,0.00,0.00,0.000,0.000,0.00
1777916352,loop18,0.00,0.00,0.000,0.000,0.00
1777916352,loop19,0.00,0.00,0.000,0.000,0.00
1777916352,loop2,0.00,0.00,0.000,0.000,0.00
1777916352,loop20,0.00,0.00,0.000,0.000,0.00
1777916352,loop21,0.00,0.00,0.000,0.000,0.00
1777916352,loop22,0.00,0.00,0.000,0.000,0.00
1777916352,loop23,0.00,0.00,0.000,0.000,0.00
1777916352,loop24,0.00,0.00,0.000,0.000,0.00
1777916352,loop25,0.00,0.00,0.000,0.000,0.00
1777916352,loop26,0.00,0.00,0.000,0.000,0.00
1777916352,loop27,0.00,0.00,0.000,0.000,0.00
1777916352,loop28,0.00,0.00,0.000,0.000,0.00
1777916352,loop29,0.00,0.00,0.000,0.000,0.00
1777916352,loop3,0.00,0.00,0.000,0.000,0.00
1777916352,loop30,0.00,0.00,0.000,0.000,0.00
1777916352,loop31,0.00,0.00,0.000,0.000,0.00
1777916352,loop32,0.00,0.00,0.000,0.000,0.00
1777916352,loop33,0.00,0.00,0.000,0.000,0.00
1777916352,loop34,0.00,0.00,0.000,0.000,0.00
1777916352,loop35,0.00,0.00,0.000,0.000,0.00
1777916352,loop36,0.00,0.00,0.000,0.000,0.00
1777916352,loop37,0.00,0.00,0.000,0.000,0.00
1777916352,loop38,0.00,0.00,0.000,0.000,0.00
1777916352,loop39,0.00,0.00,0.000,0.000,0.00
1777916352,loop4,0.00,0.00,0.000,0.000,0.00
1777916352,loop40,0.00,0.00,0.000,0.000,0.00
1777916352,loop5,0.00,0.00,0.000,0.000,0.00
1777916352,loop6,0.00,0.00,0.000,0.000,0.00
1777916352,loop7,0.00,0.00,0.000,0.000,0.00
1777916352,loop8,0.00,0.00,0.000,0.000,0.00
1777916352,loop9,0.00,0.00,0.000,0.000,0.00
1777916352,nvme0n1,0.00,0.00,0.000,0.000,0.00
1777916353,loop0,0.00,0.00,0.000,0.000,0.00
1777916353,loop1,0.00,0.00,0.000,0.000,0.00
1777916353,loop10,0.00,0.00,0.000,0.000,0.00
1777916353,loop11,0.00,0.00,0.000,0.000,0.00
1777916353,loop12,0.00,0.00,0.000,0.000,0.00
1777916353,loop13,0.00,0.00,0.000,0.000,0.00
1777916353,loop14,0.00,0.00,0.000,0.000,0.00
1777916353,loop15,0.00,0.00,0.000,0.000,0.00
1777916353,loop16,0.00,0.00,0.000,0.000,0.00
1777916353,loop17,0.00,0.00,0.000,0.000,0.00
1777916353,loop18,0.00,0.00,0.000,0.000,0.00
1777916353,loop19,0.00,0.00,0.000,0.000,0.00
1777916353,loop2,0.00,0.00,0.000,0.000,0.00
1777916353,loop20,0.00,0.00,0.000,0.000,0.00
1777916353,loop21,0.00,0.00,0.000,0.000,0.00
1777916353,loop22,0.00,0.00,0.000,0.000,0.00
1777916353,loop23,0.00,0.00,0.000,0.000,0.00
1777916353,loop24,0.00,0.00,0.000,0.000,0.00
1777916353,loop25,0.00,0.00,0.000,0.000,0.00
1777916353,loop26,0.00,0.00,0.000,0.000,0.00
1777916353,loop27,0.00,0.00,0.000,0.000,0.00
1777916353,loop28,0.00,0.00,0.000,0.000,0.00
1777916353,loop29,0.00,0.00,0.000,0.000,0.00
1777916353,loop3,0.00,0.00,0.000,0.000,0.00
1777916353,loop30,0.00,0.00,0.000,0.000,0.00
1777916353,loop31,0.00,0.00,0.000,0.000,0.00
1777916353,loop32,0.00,0.00,0.000,0.000,0.00
1777916353,loop33,0.00,0.00,0.000,0.000,0.00
1777916353,loop34,0.00,0.00,0.000,0.000,0.00
1777916353,loop35,0.00,0.00,0.000,0.000,0.00
1777916353,loop36,0.00,0.00,0.000,0.000,0.00
1777916353,loop37,0.00,0.00,0.000,0.000,0.00
1777916353,loop38,0.00,0.00,0.000,0.000,0.00
1777916353,loop39,0.00,0.00,0.000,0.000,0.00
1777916353,loop4,0.00,0.00,0.000,0.000,0.00
1777916353,loop40,0.00,0.00,0.000,0.000,0.00
1777916353,loop5,0.00,0.00,0.000,0.000,0.00
1777916353,loop6,0.00,0.00,0.000,0.000,0.00
1777916353,loop7,0.00,0.00,0.000,0.000,0.00
1777916353,loop8,0.00,0.00,0.000,0.000,0.00
1777916353,loop9,0.00,0.00,0.000,0.000,0.00
1777916353,nvme0n1,0.00,0.00,0.000,0.000,5.90
1777916354,loop0,0.00,0.00,0.000,0.000,0.00
1777916354,loop1,0.00,0.00,0.000,0.000,0.00
1777916354,loop10,0.00,0.00,0.000,0.000,0.00
1777916354,loop11,0.00,0.00,0.000,0.000,0.00
1777916354,loop12,0.00,0.00,0.000,0.000,0.00
1777916354,loop13,0.00,0.00,0.000,0.000,0.00
1777916354,loop14,0.00,0.00,0.000,0.000,0.00
1777916354,loop15,0.00,0.00,0.000,0.000,0.00
1777916354,loop16,0.00,0.00,0.000,0.000,0.00
1777916354,loop17,0.00,0.00,0.000,0.000,0.00
1777916354,loop18,0.00,0.00,0.000,0.000,0.00
1777916354,loop19,0.00,0.00,0.000,0.000,0.00
1777916354,loop2,0.00,0.00,0.000,0.000,0.00
1777916354,loop20,0.00,0.00,0.000,0.000,0.00
1777916354,loop21,0.00,0.00,0.000,0.000,0.00
1777916354,loop22,0.00,0.00,0.000,0.000,0.00
1777916354,loop23,0.00,0.00,0.000,0.000,0.00
1777916354,loop24,0.00,0.00,0.000,0.000,0.00
1777916354,loop25,0.00,0.00,0.000,0.000,0.00
1777916354,loop26,0.00,0.00,0.000,0.000,0.00
1777916354,loop27,0.00,0.00,0.000,0.000,0.00
1777916354,loop28,0.00,0.00,0.000,0.000,0.00
1777916354,loop29,0.00,0.00,0.000,0.000,0.00
1777916354,loop3,0.00,0.00,0.000,0.000,0.00
1777916354,loop30,0.00,0.00,0.000,0.000,0.00
1777916354,loop31,0.00,0.00,0.000,0.000,0.00
1777916354,loop32,0.00,0.00,0.000,0.000,0.00
1777916354,loop33,0.00,0.00,0.000,0.000,0.00
1777916354,loop34,0.00,0.00,0.000,0.000,0.00
1777916354,loop35,0.00,0.00,0.000,0.000,0.00
1777916354,loop36,0.00,0.00,0.000,0.000,0.00
1777916354,loop37,0.00,0.00,0.000,0.000,0.00
1777916354,loop38,0.00,0.00,0.000,0.000,0.00
1777916354,loop39,0.00,0.00,0.000,0.000,0.00
1777916354,loop4,0.00,0.00,0.000,0.000,0.00
1777916354,loop40,0.00,0.00,0.000,0.000,0.00
1777916354,loop5,0.00,0.00,0.000,0.000,0.00
1777916354,loop6,0.00,0.00,0.000,0.000,0.00
1777916354,loop7,0.00,0.00,0.000,0.000,0.00
1777916354,loop8,0.00,0.00,0.000,0.000,0.00
1777916354,loop9,0.00,0.00,0.000,0.000,0.00
1777916354,nvme0n1,0.00,0.00,0.000,0.000,0.00
1777916355,loop0,0.00,0.00,0.000,0.000,0.00
1777916355,loop1,0.00,0.00,0.000,0.000,0.00
1777916355,loop10,0.00,0.00,0.000,0.000,0.00
1777916355,loop11,0.00,0.00,0.000,0.000,0.00
1777916355,loop12,0.00,0.00,0.000,0.000,0.00
1777916355,loop13,0.00,0.00,0.000,0.000,0.00
1777916355,loop14,0.00,0.00,0.000,0.000,0.00
1777916355,loop15,0.00,0.00,0.000,0.000,0.00
1777916355,loop16,0.00,0.00,0.000,0.000,0.00
1777916355,loop17,0.00,0.00,0.000,0.000,0.00
1777916355,loop18,0.00,0.00,0.000,0.000,0.00
1777916355,loop19,0.00,0.00,0.000,0.000,0.00
1777916355,loop2,0.00,0.00,0.000,0.000,0.00
1777916355,loop20,0.00,0.00,0.000,0.000,0.00
1777916355,loop21,0.00,0.00,0.000,0.000,0.00
1777916355,loop22,0.00,0.00,0.000,0.000,0.00
1777916355,loop23,0.00,0.00,0.000,0.000,0.00
1777916355,loop24,0.00,0.00,0.000,0.000,0.00
1777916355,loop25,0.00,0.00,0.000,0.000,0.00
1777916355,loop26,0.00,0.00,0.000,0.000,0.00
1777916355,loop27,0.00,0.00,0.000,0.000,0.00
1777916355,loop28,0.00,0.00,0.000,0.000,0.00
1777916355,loop29,0.00,0.00,0.000,0.000,0.00
1777916355,loop3,0.00,0.00,0.000,0.000,0.00
1777916355,loop30,0.00,0.00,0.000,0.000,0.00
1777916355,loop31,0.00,0.00,0.000,0.000,0.00
1777916355,loop32,0.00,0.00,0.000,0.000,0.00
1777916355,loop33,0.00,0.00,0.000,0.000,0.00
1777916355,loop34,0.00,0.00,0.000,0.000,0.00
1777916355,loop35,0.00,0.00,0.000,0.000,0.00
1777916355,loop36,0.00,0.00,0.000,0.000,0.00
1777916355,loop37,0.00,0.00,0.000,0.000,0.00
1777916355,loop38,0.00,0.00,0.000,0.000,0.00
1777916355,loop39,0.00,0.00,0.000,0.000,0.00
1777916355,loop4,0.00,0.00,0.000,0.000,0.00
1777916355,loop40,0.00,0.00,0.000,0.000,0.00
1777916355,loop5,0.00,0.00,0.000,0.000,0.00
1777916355,loop6,0.00,0.00,0.000,0.000,0.00
1777916355,loop7,0.00,0.00,0.000,0.000,0.00
1777916355,loop8,0.00,0.00,0.000,0.000,0.00
1777916355,loop9,0.00,0.00,0.000,0.000,0.00
1777916355,nvme0n1,11.00,44.00,0.000,0.000,0.10
1777916356,loop0,0.00,0.00,0.000,0.000,0.00
1777916356,loop1,0.00,0.00,0.000,0.000,0.00
1777916356,loop10,0.00,0.00,0.000,0.000,0.00
1777916356,loop11,0.00,0.00,0.000,0.000,0.00
1777916356,loop12,0.00,0.00,0.000,0.000,0.00
1777916356,loop13,0.00,0.00,0.000,0.000,0.00
1777916356,loop14,0.00,0.00,0.000,0.000,0.00
1777916356,loop15,0.00,0.00,0.000,0.000,0.00
1777916356,loop16,0.00,0.00,0.000,0.000,0.00
1777916356,loop17,0.00,0.00,0.000,0.000,0.00
1777916356,loop18,0.00,0.00,0.000,0.000,0.00
1777916356,loop19,0.00,0.00,0.000,0.000,0.00
1777916356,loop2,0.00,0.00,0.000,0.000,0.00
1777916356,loop20,0.00,0.00,0.000,0.000,0.00
1777916356,loop21,0.00,0.00,0.000,0.000,0.00
1777916356,loop22,0.00,0.00,0.000,0.000,0.00
1777916356,loop23,0.00,0.00,0.000,0.000,0.00
1777916356,loop24,0.00,0.00,0.000,0.000,0.00
1777916356,loop25,0.00,0.00,0.000,0.000,0.00
1777916356,loop26,0.00,0.00,0.000,0.000,0.00
1777916356,loop27,0.00,0.00,0.000,0.000,0.00
1777916356,loop28,0.00,0.00,0.000,0.000,0.00
1777916356,loop29,0.00,0.00,0.000,0.000,0.00
1777916356,loop3,0.00,0.00,0.000,0.000,0.00
1777916356,loop30,0.00,0.00,0.000,0.000,0.00
1777916356,loop31,0.00,0.00,0.000,0.000,0.00
1777916356,loop32,0.00,0.00,0.000,0.000,0.00
1777916356,loop33,0.00,0.00,0.000,0.000,0.00
1777916356,loop34,0.00,0.00,0.000,0.000,0.00
1777916356,loop35,0.00,0.00,0.000,0.000,0.00
1777916356,loop36,0.00,0.00,0.000,0.000,0.00
1777916356,loop37,0.00,0.00,0.000,0.000,0.00
1777916356,loop38,0.00,0.00,0.000,0.000,0.00
1777916356,loop39,0.00,0.00,0.000,0.000,0.00
1777916356,loop4,0.00,0.00,0.000,0.000,0.00
1777916356,loop40,0.00,0.00,0.000,0.000,0.00
1777916356,loop5,0.00,0.00,0.000,0.000,0.00
1777916356,loop6,0.00,0.00,0.000,0.000,0.00
1777916356,loop7,0.00,0.00,0.000,0.000,0.00
1777916356,loop8,0.00,0.00,0.000,0.000,0.00
1777916356,loop9,0.00,0.00,0.000,0.000,0.00
1777916356,nvme0n1,0.00,0.00,0.000,0.000,0.00
1777916357,loop0,0.00,0.00,0.000,0.000,0.00
1777916357,loop1,0.00,0.00,0.000,0.000,0.00
1777916357,loop10,0.00,0.00,0.000,0.000,0.00
1777916357,loop11,0.00,0.00,0.000,0.000,0.00
1777916357,loop12,0.00,0.00,0.000,0.000,0.00
1777916357,loop13,0.00,0.00,0.000,0.000,0.00
1777916357,loop14,0.00,0.00,0.000,0.000,0.00
1777916357,loop15,0.00,0.00,0.000,0.000,0.00
1777916357,loop16,0.00,0.00,0.000,0.000,0.00
1777916357,loop17,0.00,0.00,0.000,0.000,0.00
1777916357,loop18,0.00,0.00,0.000,0.000,0.00
1777916357,loop19,0.00,0.00,0.000,0.000,0.00
1777916357,loop2,0.00,0.00,0.000,0.000,0.00
1777916357,loop20,0.00,0.00,0.000,0.000,0.00
1777916357,loop21,0.00,0.00,0.000,0.000,0.00
1777916357,loop22,0.00,0.00,0.000,0.000,0.00
1777916357,loop23,0.00,0.00,0.000,0.000,0.00
1777916357,loop24,0.00,0.00,0.000,0.000,0.00
1777916357,loop25,0.00,0.00,0.000,0.000,0.00
1777916357,loop26,0.00,0.00,0.000,0.000,0.00
1777916357,loop27,0.00,0.00,0.000,0.000,0.00
1777916357,loop28,0.00,0.00,0.000,0.000,0.00
1777916357,loop29,0.00,0.00,0.000,0.000,0.00
1777916357,loop3,0.00,0.00,0.000,0.000,0.00
1777916357,loop30,0.00,0.00,0.000,0.000,0.00
1777916357,loop31,0.00,0.00,0.000,0.000,0.00
1777916357,loop32,0.00,0.00,0.000,0.000,0.00
1777916357,loop33,0.00,0.00,0.000,0.000,0.00
1777916357,loop34,0.00,0.00,0.000,0.000,0.00
1777916357,loop35,0.00,0.00,0.000,0.000,0.00
1777916357,loop36,0.00,0.00,0.000,0.000,0.00
1777916357,loop37,0.00,0.00,0.000,0.000,0.00
1777916357,loop38,0.00,0.00,0.000,0.000,0.00
1777916357,loop39,0.00,0.00,0.000,0.000,0.00
1777916357,loop4,0.00,0.00,0.000,0.000,0.00
1777916357,loop40,0.00,0.00,0.000,0.000,0.00
1777916357,loop5,0.00,0.00,0.000,0.000,0.00
1777916357,loop6,0.00,0.00,0.000,0.000,0.00
1777916357,loop7,0.00,0.00,0.000,0.000,0.00
1777916357,loop8,0.00,0.00,0.000,0.000,0.00
1777916357,loop9,0.00,0.00,0.000,0.000,0.00
1777916357,nvme0n1,0.00,0.00,0.000,0.000,0.40
1777916358,loop0,0.00,0.00,0.000,0.000,0.00
1777916358,loop1,0.00,0.00,0.000,0.000,0.00
1777916358,loop10,0.00,0.00,0.000,0.000,0.00
1777916358,loop11,0.00,0.00,0.000,0.000,0.00
1777916358,loop12,0.00,0.00,0.000,0.000,0.00
1777916358,loop13,0.00,0.00,0.000,0.000,0.00
1777916358,loop14,0.00,0.00,0.000,0.000,0.00
1777916358,loop15,0.00,0.00,0.000,0.000,0.00
1777916358,loop16,0.00,0.00,0.000,0.000,0.00
1777916358,loop17,0.00,0.00,0.000,0.000,0.00
1777916358,loop18,0.00,0.00,0.000,0.000,0.00
1777916358,loop19,0.00,0.00,0.000,0.000,0.00
1777916358,loop2,0.00,0.00,0.000,0.000,0.00
1777916358,loop20,0.00,0.00,0.000,0.000,0.00
1777916358,loop21,0.00,0.00,0.000,0.000,0.00
1777916358,loop22,0.00,0.00,0.000,0.000,0.00
1777916358,loop23,0.00,0.00,0.000,0.000,0.00
1777916358,loop24,0.00,0.00,0.000,0.000,0.00
1777916358,loop25,0.00,0.00,0.000,0.000,0.00
1777916358,loop26,0.00,0.00,0.000,0.000,0.00
1777916358,loop27,0.00,0.00,0.000,0.000,0.00
1777916358,loop28,0.00,0.00,0.000,0.000,0.00
1777916358,loop29,0.00,0.00,0.000,0.000,0.00
1777916358,loop3,0.00,0.00,0.000,0.000,0.00
1777916358,loop30,0.00,0.00,0.000,0.000,0.00
1777916358,loop31,0.00,0.00,0.000,0.000,0.00
1777916358,loop32,0.00,0.00,0.000,0.000,0.00
1777916358,loop33,0.00,0.00,0.000,0.000,0.00
1777916358,loop34,0.00,0.00,0.000,0.000,0.00
1777916358,loop35,0.00,0.00,0.000,0.000,0.00
1777916358,loop36,0.00,0.00,0.000,0.000,0.00
1777916358,loop37,0.00,0.00,0.000,0.000,0.00
1777916358,loop38,0.00,0.00,0.000,0.000,0.00
1777916358,loop39,0.00,0.00,0.000,0.000,0.00
1777916358,loop4,0.00,0.00,0.000,0.000,0.00
1777916358,loop40,0.00,0.00,0.000,0.000,0.00
1777916358,loop5,0.00,0.00,0.000,0.000,0.00
1777916358,loop6,0.00,0.00,0.000,0.000,0.00
1777916358,loop7,0.00,0.00,0.000,0.000,0.00
1777916358,loop8,0.00,0.00,0.000,0.000,0.00
1777916358,loop9,0.00,0.00,0.000,0.000,0.00
1777916358,nvme0n1,0.00,0.00,0.000,0.000,0.00
1777916359,loop0,0.00,0.00,0.000,0.000,0.00
1777916359,loop1,0.00,0.00,0.000,0.000,0.00
1777916359,loop10,0.00,0.00,0.000,0.000,0.00
1777916359,loop11,0.00,0.00,0.000,0.000,0.00
1777916359,loop12,0.00,0.00,0.000,0.000,0.00
1777916359,loop13,0.00,0.00,0.000,0.000,0.00
1777916359,loop14,0.00,0.00,0.000,0.000,0.00
1777916359,loop15,0.00,0.00,0.000,0.000,0.00
1777916359,loop16,0.00,0.00,0.000,0.000,0.00
1777916359,loop17,0.00,0.00,0.000,0.000,0.00
1777916359,loop18,0.00,0.00,0.000,0.000,0.00
1777916359,loop19,0.00,0.00,0.000,0.000,0.00
1777916359,loop2,0.00,0.00,0.000,0.000,0.00
1777916359,loop20,0.00,0.00,0.000,0.000,0.00
1777916359,loop21,0.00,0.00,0.000,0.000,0.00
1777916359,loop22,0.00,0.00,0.000,0.000,0.00
1777916359,loop23,0.00,0.00,0.000,0.000,0.00
1777916359,loop24,0.00,0.00,0.000,0.000,0.00
1777916359,loop25,0.00,0.00,0.000,0.000,0.00
1777916359,loop26,0.00,0.00,0.000,0.000,0.00
1777916359,loop27,0.00,0.00,0.000,0.000,0.00
1777916359,loop28,0.00,0.00,0.000,0.000,0.00
1777916359,loop29,0.00,0.00,0.000,0.000,0.00
1777916359,loop3,0.00,0.00,0.000,0.000,0.00
1777916359,loop30,0.00,0.00,0.000,0.000,0.00
1777916359,loop31,0.00,0.00,0.000,0.000,0.00
1777916359,loop32,0.00,0.00,0.000,0.000,0.00
1777916359,loop33,0.00,0.00,0.000,0.000,0.00
1777916359,loop34,0.00,0.00,0.000,0.000,0.00
1777916359,loop35,0.00,0.00,0.000,0.000,0.00
1777916359,loop36,0.00,0.00,0.000,0.000,0.00
1777916359,loop37,0.00,0.00,0.000,0.000,0.00
1777916359,loop38,0.00,0.00,0.000,0.000,0.00
1777916359,loop39,0.00,0.00,0.000,0.000,0.00
1777916359,loop4,0.00,0.00,0.000,0.000,0.00
1777916359,loop40,0.00,0.00,0.000,0.000,0.00
1777916359,loop5,0.00,0.00,0.000,0.000,0.00
1777916359,loop6,0.00,0.00,0.000,0.000,0.00
1777916359,loop7,0.00,0.00,0.000,0.000,0.00
1777916359,loop8,0.00,0.00,0.000,0.000,0.00
1777916359,loop9,0.00,0.00,0.000,0.000,0.00
1777916359,nvme0n1,0.00,0.00,0.000,0.000,0.00
1777916360,loop0,0.00,0.00,0.000,0.000,0.00
1777916360,loop1,0.00,0.00,0.000,0.000,0.00
1777916360,loop10,0.00,0.00,0.000,0.000,0.00
1777916360,loop11,0.00,0.00,0.000,0.000,0.00
1777916360,loop12,0.00,0.00,0.000,0.000,0.00
1777916360,loop13,0.00,0.00,0.000,0.000,0.00
1777916360,loop14,0.00,0.00,0.000,0.000,0.00
1777916360,loop15,0.00,0.00,0.000,0.000,0.00
1777916360,loop16,0.00,0.00,0.000,0.000,0.00
1777916360,loop17,0.00,0.00,0.000,0.000,0.00
1777916360,loop18,0.00,0.00,0.000,0.000,0.00
1777916360,loop19,0.00,0.00,0.000,0.000,0.00
1777916360,loop2,0.00,0.00,0.000,0.000,0.00
1777916360,loop20,0.00,0.00,0.000,0.000,0.00
1777916360,loop21,0.00,0.00,0.000,0.000,0.00
1777916360,loop22,0.00,0.00,0.000,0.000,0.00
1777916360,loop23,0.00,0.00,0.000,0.000,0.00
1777916360,loop24,0.00,0.00,0.000,0.000,0.00
1777916360,loop25,0.00,0.00,0.000,0.000,0.00
1777916360,loop26,0.00,0.00,0.000,0.000,0.00
1777916360,loop27,0.00,0.00,0.000,0.000,0.00
1777916360,loop28,0.00,0.00,0.000,0.000,0.00
1777916360,loop29,0.00,0.00,0.000,0.000,0.00
1777916360,loop3,0.00,0.00,0.000,0.000,0.00
1777916360,loop30,0.00,0.00,0.000,0.000,0.00
1777916360,loop31,0.00,0.00,0.000,0.000,0.00
1777916360,loop32,0.00,0.00,0.000,0.000,0.00
1777916360,loop33,0.00,0.00,0.000,0.000,0.00
1777916360,loop34,0.00,0.00,0.000,0.000,0.00
1777916360,loop35,0.00,0.00,0.000,0.000,0.00
1777916360,loop36,0.00,0.00,0.000,0.000,0.00
1777916360,loop37,0.00,0.00,0.000,0.000,0.00
1777916360,loop38,0.00,0.00,0.000,0.000,0.00
1777916360,loop39,0.00,0.00,0.000,0.000,0.00
1777916360,loop4,0.00,0.00,0.000,0.000,0.00
1777916360,loop40,0.00,0.00,0.000,0.000,0.00
1777916360,loop5,0.00,0.00,0.000,0.000,0.00
1777916360,loop6,0.00,0.00,0.000,0.000,0.00
1777916360,loop7,0.00,0.00,0.000,0.000,0.00
1777916360,loop8,0.00,0.00,0.000,0.000,0.00
1777916360,loop9,0.00,0.00,0.000,0.000,0.00
1777916360,nvme0n1,0.00,0.00,0.000,0.000,0.00
1777916361,loop0,0.00,0.00,0.000,0.000,0.00
1777916361,loop1,0.00,0.00,0.000,0.000,0.00
1777916361,loop10,0.00,0.00,0.000,0.000,0.00
1777916361,loop11,0.00,0.00,0.000,0.000,0.00
1777916361,loop12,0.00,0.00,0.000,0.000,0.00
1777916361,loop13,0.00,0.00,0.000,0.000,0.00
1777916361,loop14,0.00,0.00,0.000,0.000,0.00
1777916361,loop15,0.00,0.00,0.000,0.000,0.00
1777916361,loop16,0.00,0.00,0.000,0.000,0.00
1777916361,loop17,0.00,0.00,0.000,0.000,0.00
1777916361,loop18,0.00,0.00,0.000,0.000,0.00
1777916361,loop19,0.00,0.00,0.000,0.000,0.00
1777916361,loop2,0.00,0.00,0.000,0.000,0.00
1777916361,loop20,0.00,0.00,0.000,0.000,0.00
1777916361,loop21,0.00,0.00,0.000,0.000,0.00
1777916361,loop22,0.00,0.00,0.000,0.000,0.00
1777916361,loop23,0.00,0.00,0.000,0.000,0.00
1777916361,loop24,0.00,0.00,0.000,0.000,0.00
1777916361,loop25,0.00,0.00,0.000,0.000,0.00
1777916361,loop26,0.00,0.00,0.000,0.000,0.00
1777916361,loop27,0.00,0.00,0.000,0.000,0.00
1777916361,loop28,0.00,0.00,0.000,0.000,0.00
1777916361,loop29,0.00,0.00,0.000,0.000,0.00
1777916361,loop3,0.00,0.00,0.000,0.000,0.00
1777916361,loop30,0.00,0.00,0.000,0.000,0.00
1777916361,loop31,0.00,0.00,0.000,0.000,0.00
1777916361,loop32,0.00,0.00,0.000,0.000,0.00
1777916361,loop33,0.00,0.00,0.000,0.000,0.00
1777916361,loop34,0.00,0.00,0.000,0.000,0.00
1777916361,loop35,0.00,0.00,0.000,0.000,0.00
1777916361,loop36,0.00,0.00,0.000,0.000,0.00
1777916361,loop37,0.00,0.00,0.000,0.000,0.00
1777916361,loop38,0.00,0.00,0.000,0.000,0.00
1777916361,loop39,0.00,0.00,0.000,0.000,0.00
1777916361,loop4,0.00,0.00,0.000,0.000,0.00
1777916361,loop40,0.00,0.00,0.000,0.000,0.00
1777916361,loop5,0.00,0.00,0.000,0.000,0.00
1777916361,loop6,0.00,0.00,0.000,0.000,0.00
1777916361,loop7,0.00,0.00,0.000,0.000,0.00
1777916361,loop8,0.00,0.00,0.000,0.000,0.00
1777916361,loop9,0.00,0.00,0.000,0.000,0.00
1777916361,nvme0n1,0.00,0.00,0.000,0.000,5.70
1777916362,loop0,0.00,0.00,0.000,0.000,0.00
1777916362,loop1,0.00,0.00,0.000,0.000,0.00
1777916362,loop10,0.00,0.00,0.000,0.000,0.00
1777916362,loop11,0.00,0.00,0.000,0.000,0.00
1777916362,loop12,0.00,0.00,0.000,0.000,0.00
1777916362,loop13,0.00,0.00,0.000,0.000,0.00
1777916362,loop14,0.00,0.00,0.000,0.000,0.00
1777916362,loop15,0.00,0.00,0.000,0.000,0.00
1777916362,loop16,0.00,0.00,0.000,0.000,0.00
1777916362,loop17,0.00,0.00,0.000,0.000,0.00
1777916362,loop18,0.00,0.00,0.000,0.000,0.00
1777916362,loop19,0.00,0.00,0.000,0.000,0.00
1777916362,loop2,0.00,0.00,0.000,0.000,0.00
1777916362,loop20,0.00,0.00,0.000,0.000,0.00
1777916362,loop21,0.00,0.00,0.000,0.000,0.00
1777916362,loop22,0.00,0.00,0.000,0.000,0.00
1777916362,loop23,0.00,0.00,0.000,0.000,0.00
1777916362,loop24,0.00,0.00,0.000,0.000,0.00
1777916362,loop25,0.00,0.00,0.000,0.000,0.00
1777916362,loop26,0.00,0.00,0.000,0.000,0.00
1777916362,loop27,0.00,0.00,0.000,0.000,0.00
1777916362,loop28,0.00,0.00,0.000,0.000,0.00
1777916362,loop29,0.00,0.00,0.000,0.000,0.00
1777916362,loop3,0.00,0.00,0.000,0.000,0.00
1777916362,loop30,0.00,0.00,0.000,0.000,0.00
1777916362,loop31,0.00,0.00,0.000,0.000,0.00
1777916362,loop32,0.00,0.00,0.000,0.000,0.00
1777916362,loop33,0.00,0.00,0.000,0.000,0.00
1777916362,loop34,0.00,0.00,0.000,0.000,0.00
1777916362,loop35,0.00,0.00,0.000,0.000,0.00
1777916362,loop36,0.00,0.00,0.000,0.000,0.00
1777916362,loop37,0.00,0.00,0.000,0.000,0.00
1777916362,loop38,0.00,0.00,0.000,0.000,0.00
1777916362,loop39,0.00,0.00,0.000,0.000,0.00
1777916362,loop4,0.00,0.00,0.000,0.000,0.00
1777916362,loop40,0.00,0.00,0.000,0.000,0.00
1777916362,loop5,0.00,0.00,0.000,0.000,0.00
1777916362,loop6,0.00,0.00,0.000,0.000,0.00
1777916362,loop7,0.00,0.00,0.000,0.000,0.00
1777916362,loop8,0.00,0.00,0.000,0.000,0.00
1777916362,loop9,0.00,0.00,0.000,0.000,0.00
1777916362,nvme0n1,0.00,0.00,0.000,0.000,0.00
1777916363,loop0,0.00,0.00,0.000,0.000,0.00
1777916363,loop1,0.00,0.00,0.000,0.000,0.00
1777916363,loop10,0.00,0.00,0.000,0.000,0.00
1777916363,loop11,0.00,0.00,0.000,0.000,0.00
1777916363,loop12,0.00,0.00,0.000,0.000,0.00
1777916363,loop13,0.00,0.00,0.000,0.000,0.00
1777916363,loop14,0.00,0.00,0.000,0.000,0.00
1777916363,loop15,0.00,0.00,0.000,0.000,0.00
1777916363,loop16,0.00,0.00,0.000,0.000,0.00
1777916363,loop17,0.00,0.00,0.000,0.000,0.00
1777916363,loop18,0.00,0.00,0.000,0.000,0.00
1777916363,loop19,0.00,0.00,0.000,0.000,0.00
1777916363,loop2,0.00,0.00,0.000,0.000,0.00
1777916363,loop20,0.00,0.00,0.000,0.000,0.00
1777916363,loop21,0.00,0.00,0.000,0.000,0.00
1777916363,loop22,0.00,0.00,0.000,0.000,0.00
1777916363,loop23,0.00,0.00,0.000,0.000,0.00
1777916363,loop24,0.00,0.00,0.000,0.000,0.00
1777916363,loop25,0.00,0.00,0.000,0.000,0.00
1777916363,loop26,0.00,0.00,0.000,0.000,0.00
1777916363,loop27,0.00,0.00,0.000,0.000,0.00
1777916363,loop28,0.00,0.00,0.000,0.000,0.00
1777916363,loop29,0.00,0.00,0.000,0.000,0.00
1777916363,loop3,0.00,0.00,0.000,0.000,0.00
1777916363,loop30,0.00,0.00,0.000,0.000,0.00
1777916363,loop31,0.00,0.00,0.000,0.000,0.00
1777916363,loop32,0.00,0.00,0.000,0.000,0.00
1777916363,loop33,0.00,0.00,0.000,0.000,0.00
1777916363,loop34,0.00,0.00,0.000,0.000,0.00
1777916363,loop35,0.00,0.00,0.000,0.000,0.00
1777916363,loop36,0.00,0.00,0.000,0.000,0.00
1777916363,loop37,0.00,0.00,0.000,0.000,0.00
1777916363,loop38,0.00,0.00,0.000,0.000,0.00
1777916363,loop39,0.00,0.00,0.000,0.000,0.00
1777916363,loop4,0.00,0.00,0.000,0.000,0.00
1777916363,loop40,0.00,0.00,0.000,0.000,0.00
1777916363,loop5,0.00,0.00,0.000,0.000,0.00
1777916363,loop6,0.00,0.00,0.000,0.000,0.00
1777916363,loop7,0.00,0.00,0.000,0.000,0.00
1777916363,loop8,0.00,0.00,0.000,0.000,0.00
1777916363,loop9,0.00,0.00,0.000,0.000,0.00
1777916363,nvme0n1,0.00,0.00,0.000,0.000,0.00
1777916364,loop0,0.00,0.00,0.000,0.000,0.00
1777916364,loop1,0.00,0.00,0.000,0.000,0.00
1777916364,loop10,0.00,0.00,0.000,0.000,0.00
1777916364,loop11,0.00,0.00,0.000,0.000,0.00
1777916364,loop12,0.00,0.00,0.000,0.000,0.00
1777916364,loop13,0.00,0.00,0.000,0.000,0.00
1777916364,loop14,0.00,0.00,0.000,0.000,0.00
1777916364,loop15,0.00,0.00,0.000,0.000,0.00
1777916364,loop16,0.00,0.00,0.000,0.000,0.00
1777916364,loop17,0.00,0.00,0.000,0.000,0.00
1777916364,loop18,0.00,0.00,0.000,0.000,0.00
1777916364,loop19,0.00,0.00,0.000,0.000,0.00
1777916364,loop2,0.00,0.00,0.000,0.000,0.00
1777916364,loop20,0.00,0.00,0.000,0.000,0.00
1777916364,loop21,0.00,0.00,0.000,0.000,0.00
1777916364,loop22,0.00,0.00,0.000,0.000,0.00
1777916364,loop23,0.00,0.00,0.000,0.000,0.00
1777916364,loop24,0.00,0.00,0.000,0.000,0.00
1777916364,loop25,0.00,0.00,0.000,0.000,0.00
1777916364,loop26,0.00,0.00,0.000,0.000,0.00
1777916364,loop27,0.00,0.00,0.000,0.000,0.00
1777916364,loop28,0.00,0.00,0.000,0.000,0.00
1777916364,loop29,0.00,0.00,0.000,0.000,0.00
1777916364,loop3,0.00,0.00,0.000,0.000,0.00
1777916364,loop30,0.00,0.00,0.000,0.000,0.00
1777916364,loop31,0.00,0.00,0.000,0.000,0.00
1777916364,loop32,0.00,0.00,0.000,0.000,0.00
1777916364,loop33,0.00,0.00,0.000,0.000,0.00
1777916364,loop34,0.00,0.00,0.000,0.000,0.00
1777916364,loop35,0.00,0.00,0.000,0.000,0.00
1777916364,loop36,0.00,0.00,0.000,0.000,0.00
1777916364,loop37,0.00,0.00,0.000,0.000,0.00
1777916364,loop38,0.00,0.00,0.000,0.000,0.00
1777916364,loop39,0.00,0.00,0.000,0.000,0.00
1777916364,loop4,0.00,0.00,0.000,0.000,0.00
1777916364,loop40,0.00,0.00,0.000,0.000,0.00
1777916364,loop5,0.00,0.00,0.000,0.000,0.00
1777916364,loop6,0.00,0.00,0.000,0.000,0.00
1777916364,loop7,0.00,0.00,0.000,0.000,0.00
1777916364,loop8,0.00,0.00,0.000,0.000,0.00
1777916364,loop9,0.00,0.00,0.000,0.000,0.00
1777916364,nvme0n1,0.00,0.00,0.000,0.000,2.10
1777916365,loop0,0.00,0.00,0.000,0.000,0.00
1777916365,loop1,0.00,0.00,0.000,0.000,0.00
1777916365,loop10,0.00,0.00,0.000,0.000,0.00
1777916365,loop11,0.00,0.00,0.000,0.000,0.00
1777916365,loop12,0.00,0.00,0.000,0.000,0.00
1777916365,loop13,0.00,0.00,0.000,0.000,0.00
1777916365,loop14,0.00,0.00,0.000,0.000,0.00
1777916365,loop15,0.00,0.00,0.000,0.000,0.00
1777916365,loop16,0.00,0.00,0.000,0.000,0.00
1777916365,loop17,0.00,0.00,0.000,0.000,0.00
1777916365,loop18,0.00,0.00,0.000,0.000,0.00
1777916365,loop19,0.00,0.00,0.000,0.000,0.00
1777916365,loop2,0.00,0.00,0.000,0.000,0.00
1777916365,loop20,0.00,0.00,0.000,0.000,0.00
1777916365,loop21,0.00,0.00,0.000,0.000,0.00
1777916365,loop22,0.00,0.00,0.000,0.000,0.00
1777916365,loop23,0.00,0.00,0.000,0.000,0.00
1777916365,loop24,0.00,0.00,0.000,0.000,0.00
1777916365,loop25,0.00,0.00,0.000,0.000,0.00
1777916365,loop26,0.00,0.00,0.000,0.000,0.00
1777916365,loop27,0.00,0.00,0.000,0.000,0.00
1777916365,loop28,0.00,0.00,0.000,0.000,0.00
1777916365,loop29,0.00,0.00,0.000,0.000,0.00
1777916365,loop3,0.00,0.00,0.000,0.000,0.00
1777916365,loop30,0.00,0.00,0.000,0.000,0.00
1777916365,loop31,0.00,0.00,0.000,0.000,0.00
1777916365,loop32,0.00,0.00,0.000,0.000,0.00
1777916365,loop33,0.00,0.00,0.000,0.000,0.00
1777916365,loop34,0.00,0.00,0.000,0.000,0.00
1777916365,loop35,0.00,0.00,0.000,0.000,0.00
1777916365,loop36,0.00,0.00,0.000,0.000,0.00
1777916365,loop37,0.00,0.00,0.000,0.000,0.00
1777916365,loop38,0.00,0.00,0.000,0.000,0.00
1777916365,loop39,0.00,0.00,0.000,0.000,0.00
1777916365,loop4,0.00,0.00,0.000,0.000,0.00
1777916365,loop40,0.00,0.00,0.000,0.000,0.00
1777916365,loop5,0.00,0.00,0.000,0.000,0.00
1777916365,loop6,0.00,0.00,0.000,0.000,0.00
1777916365,loop7,0.00,0.00,0.000,0.000,0.00
1777916365,loop8,0.00,0.00,0.000,0.000,0.00
1777916365,loop9,0.00,0.00,0.000,0.000,0.00
1777916365,nvme0n1,0.00,0.00,0.000,0.000,0.00
1777916366,loop0,0.00,0.00,0.000,0.000,0.00
1777916366,loop1,0.00,0.00,0.000,0.000,0.00
1777916366,loop10,0.00,0.00,0.000,0.000,0.00
1777916366,loop11,0.00,0.00,0.000,0.000,0.00
1777916366,loop12,0.00,0.00,0.000,0.000,0.00
1777916366,loop13,0.00,0.00,0.000,0.000,0.00
1777916366,loop14,0.00,0.00,0.000,0.000,0.00
1777916366,loop15,0.00,0.00,0.000,0.000,0.00
1777916366,loop16,0.00,0.00,0.000,0.000,0.00
1777916366,loop17,0.00,0.00,0.000,0.000,0.00
1777916366,loop18,0.00,0.00,0.000,0.000,0.00
1777916366,loop19,0.00,0.00,0.000,0.000,0.00
1777916366,loop2,0.00,0.00,0.000,0.000,0.00
1777916366,loop20,0.00,0.00,0.000,0.000,0.00
1777916366,loop21,0.00,0.00,0.000,0.000,0.00
1777916366,loop22,0.00,0.00,0.000,0.000,0.00
1777916366,loop23,0.00,0.00,0.000,0.000,0.00
1777916366,loop24,0.00,0.00,0.000,0.000,0.00
1777916366,loop25,0.00,0.00,0.000,0.000,0.00
1777916366,loop26,0.00,0.00,0.000,0.000,0.00
1777916366,loop27,0.00,0.00,0.000,0.000,0.00
1777916366,loop28,0.00,0.00,0.000,0.000,0.00
1777916366,loop29,0.00,0.00,0.000,0.000,0.00
1777916366,loop3,0.00,0.00,0.000,0.000,0.00
1777916366,loop30,0.00,0.00,0.000,0.000,0.00
1777916366,loop31,0.00,0.00,0.000,0.000,0.00
1777916366,loop32,0.00,0.00,0.000,0.000,0.00
1777916366,loop33,0.00,0.00,0.000,0.000,0.00
1777916366,loop34,0.00,0.00,0.000,0.000,0.00
1777916366,loop35,0.00,0.00,0.000,0.000,0.00
1777916366,loop36,0.00,0.00,0.000,0.000,0.00
1777916366,loop37,0.00,0.00,0.000,0.000,0.00
1777916366,loop38,0.00,0.00,0.000,0.000,0.00
1777916366,loop39,0.00,0.00,0.000,0.000,0.00
1777916366,loop4,0.00,0.00,0.000,0.000,0.00
1777916366,loop40,0.00,0.00,0.000,0.000,0.00
1777916366,loop5,0.00,0.00,0.000,0.000,0.00
1777916366,loop6,0.00,0.00,0.000,0.000,0.00
1777916366,loop7,0.00,0.00,0.000,0.000,0.00
1777916366,loop8,0.00,0.00,0.000,0.000,0.00
1777916366,loop9,0.00,0.00,0.000,0.000,0.00
1777916366,nvme0n1,0.00,0.00,0.000,0.000,6.80
1777916367,loop0,0.00,0.00,0.000,0.000,0.00
1777916367,loop1,0.00,0.00,0.000,0.000,0.00
1777916367,loop10,0.00,0.00,0.000,0.000,0.00
1777916367,loop11,0.00,0.00,0.000,0.000,0.00
1777916367,loop12,0.00,0.00,0.000,0.000,0.00
1777916367,loop13,0.00,0.00,0.000,0.000,0.00
1777916367,loop14,0.00,0.00,0.000,0.000,0.00
1777916367,loop15,0.00,0.00,0.000,0.000,0.00
1777916367,loop16,0.00,0.00,0.000,0.000,0.00
1777916367,loop17,0.00,0.00,0.000,0.000,0.00
1777916367,loop18,0.00,0.00,0.000,0.000,0.00
1777916367,loop19,0.00,0.00,0.000,0.000,0.00
1777916367,loop2,0.00,0.00,0.000,0.000,0.00
1777916367,loop20,0.00,0.00,0.000,0.000,0.00
1777916367,loop21,0.00,0.00,0.000,0.000,0.00
1777916367,loop22,0.00,0.00,0.000,0.000,0.00
1777916367,loop23,0.00,0.00,0.000,0.000,0.00
1777916367,loop24,0.00,0.00,0.000,0.000,0.00
1777916367,loop25,0.00,0.00,0.000,0.000,0.00
1777916367,loop26,0.00,0.00,0.000,0.000,0.00
1777916367,loop27,0.00,0.00,0.000,0.000,0.00
1777916367,loop28,0.00,0.00,0.000,0.000,0.00
1777916367,loop29,0.00,0.00,0.000,0.000,0.00
1777916367,loop3,0.00,0.00,0.000,0.000,0.00
1777916367,loop30,0.00,0.00,0.000,0.000,0.00
1777916367,loop31,0.00,0.00,0.000,0.000,0.00
1777916367,loop32,0.00,0.00,0.000,0.000,0.00
1777916367,loop33,0.00,0.00,0.000,0.000,0.00
1777916367,loop34,0.00,0.00,0.000,0.000,0.00
1777916367,loop35,0.00,0.00,0.000,0.000,0.00
1777916367,loop36,0.00,0.00,0.000,0.000,0.00
1777916367,loop37,0.00,0.00,0.000,0.000,0.00
1777916367,loop38,0.00,0.00,0.000,0.000,0.00
1777916367,loop39,0.00,0.00,0.000,0.000,0.00
1777916367,loop4,0.00,0.00,0.000,0.000,0.00
1777916367,loop40,0.00,0.00,0.000,0.000,0.00
1777916367,loop5,0.00,0.00,0.000,0.000,0.00
1777916367,loop6,0.00,0.00,0.000,0.000,0.00
1777916367,loop7,0.00,0.00,0.000,0.000,0.00
1777916367,loop8,0.00,0.00,0.000,0.000,0.00
1777916367,loop9,0.00,0.00,0.000,0.000,0.00
1777916367,nvme0n1,0.00,0.00,0.000,0.000,0.30
1777916368,loop0,0.00,0.00,0.000,0.000,0.00
1777916368,loop1,0.00,0.00,0.000,0.000,0.00
1777916368,loop10,0.00,0.00,0.000,0.000,0.00
1777916368,loop11,0.00,0.00,0.000,0.000,0.00
1777916368,loop12,0.00,0.00,0.000,0.000,0.00
1777916368,loop13,0.00,0.00,0.000,0.000,0.00
1777916368,loop14,0.00,0.00,0.000,0.000,0.00
1777916368,loop15,0.00,0.00,0.000,0.000,0.00
1777916368,loop16,0.00,0.00,0.000,0.000,0.00
1777916368,loop17,0.00,0.00,0.000,0.000,0.00
1777916368,loop18,0.00,0.00,0.000,0.000,0.00
1777916368,loop19,0.00,0.00,0.000,0.000,0.00
1777916368,loop2,0.00,0.00,0.000,0.000,0.00
1777916368,loop20,0.00,0.00,0.000,0.000,0.00
1777916368,loop21,0.00,0.00,0.000,0.000,0.00
1777916368,loop22,0.00,0.00,0.000,0.000,0.00
1777916368,loop23,0.00,0.00,0.000,0.000,0.00
1777916368,loop24,0.00,0.00,0.000,0.000,0.00
1777916368,loop25,0.00,0.00,0.000,0.000,0.00
1777916368,loop26,0.00,0.00,0.000,0.000,0.00
1777916368,loop27,0.00,0.00,0.000,0.000,0.00
1777916368,loop28,0.00,0.00,0.000,0.000,0.00
1777916368,loop29,0.00,0.00,0.000,0.000,0.00
1777916368,loop3,0.00,0.00,0.000,0.000,0.00
1777916368,loop30,0.00,0.00,0.000,0.000,0.00
1777916368,loop31,0.00,0.00,0.000,0.000,0.00
1777916368,loop32,0.00,0.00,0.000,0.000,0.00
1777916368,loop33,0.00,0.00,0.000,0.000,0.00
1777916368,loop34,0.00,0.00,0.000,0.000,0.00
1777916368,loop35,0.00,0.00,0.000,0.000,0.00
1777916368,loop36,0.00,0.00,0.000,0.000,0.00
1777916368,loop37,0.00,0.00,0.000,0.000,0.00
1777916368,loop38,0.00,0.00,0.000,0.000,0.00
1777916368,loop39,0.00,0.00,0.000,0.000,0.00
1777916368,loop4,0.00,0.00,0.000,0.000,0.00
1777916368,loop40,0.00,0.00,0.000,0.000,0.00
1777916368,loop5,0.00,0.00,0.000,0.000,0.00
1777916368,loop6,0.00,0.00,0.000,0.000,0.00
1777916368,loop7,0.00,0.00,0.000,0.000,0.00
1777916368,loop8,0.00,0.00,0.000,0.000,0.00
1777916368,loop9,0.00,0.00,0.000,0.000,0.00
1777916368,nvme0n1,0.00,0.00,0.000,0.000,0.50
1777916369,loop0,0.00,0.00,0.000,0.000,0.00
1777916369,loop1,0.00,0.00,0.000,0.000,0.00
1777916369,loop10,0.00,0.00,0.000,0.000,0.00
1777916369,loop11,0.00,0.00,0.000,0.000,0.00
1777916369,loop12,0.00,0.00,0.000,0.000,0.00
1777916369,loop13,0.00,0.00,0.000,0.000,0.00
1777916369,loop14,0.00,0.00,0.000,0.000,0.00
1777916369,loop15,0.00,0.00,0.000,0.000,0.00
1777916369,loop16,0.00,0.00,0.000,0.000,0.00
1777916369,loop17,0.00,0.00,0.000,0.000,0.00
1777916369,loop18,0.00,0.00,0.000,0.000,0.00
1777916369,loop19,0.00,0.00,0.000,0.000,0.00
1777916369,loop2,0.00,0.00,0.000,0.000,0.00
1777916369,loop20,0.00,0.00,0.000,0.000,0.00
1777916369,loop21,0.00,0.00,0.000,0.000,0.00
1777916369,loop22,0.00,0.00,0.000,0.000,0.00
1777916369,loop23,0.00,0.00,0.000,0.000,0.00
1777916369,loop24,0.00,0.00,0.000,0.000,0.00
1777916369,loop25,0.00,0.00,0.000,0.000,0.00
1777916369,loop26,0.00,0.00,0.000,0.000,0.00
1777916369,loop27,0.00,0.00,0.000,0.000,0.00
1777916369,loop28,0.00,0.00,0.000,0.000,0.00
1777916369,loop29,0.00,0.00,0.000,0.000,0.00
1777916369,loop3,0.00,0.00,0.000,0.000,0.00
1777916369,loop30,0.00,0.00,0.000,0.000,0.00
1777916369,loop31,0.00,0.00,0.000,0.000,0.00
1777916369,loop32,0.00,0.00,0.000,0.000,0.00
1777916369,loop33,0.00,0.00,0.000,0.000,0.00
1777916369,loop34,0.00,0.00,0.000,0.000,0.00
1777916369,loop35,0.00,0.00,0.000,0.000,0.00
1777916369,loop36,0.00,0.00,0.000,0.000,0.00
1777916369,loop37,0.00,0.00,0.000,0.000,0.00
1777916369,loop38,0.00,0.00,0.000,0.000,0.00
1777916369,loop39,0.00,0.00,0.000,0.000,0.00
1777916369,loop4,0.00,0.00,0.000,0.000,0.00
1777916369,loop40,0.00,0.00,0.000,0.000,0.00
1777916369,loop5,0.00,0.00,0.000,0.000,0.00
1777916369,loop6,0.00,0.00,0.000,0.000,0.00
1777916369,loop7,0.00,0.00,0.000,0.000,0.00
1777916369,loop8,0.00,0.00,0.000,0.000,0.00
1777916369,loop9,0.00,0.00,0.000,0.000,0.00
1777916369,nvme0n1,0.00,0.00,0.000,0.000,1.00
1777916370,loop0,0.00,0.00,0.000,0.000,0.00
1777916370,loop1,0.00,0.00,0.000,0.000,0.00
1777916370,loop10,0.00,0.00,0.000,0.000,0.00
1777916370,loop11,0.00,0.00,0.000,0.000,0.00
1777916370,loop12,0.00,0.00,0.000,0.000,0.00
1777916370,loop13,0.00,0.00,0.000,0.000,0.00
1777916370,loop14,0.00,0.00,0.000,0.000,0.00
1777916370,loop15,0.00,0.00,0.000,0.000,0.00
1777916370,loop16,0.00,0.00,0.000,0.000,0.00
1777916370,loop17,0.00,0.00,0.000,0.000,0.00
1777916370,loop18,0.00,0.00,0.000,0.000,0.00
1777916370,loop19,0.00,0.00,0.000,0.000,0.00
1777916370,loop2,0.00,0.00,0.000,0.000,0.00
1777916370,loop20,0.00,0.00,0.000,0.000,0.00
1777916370,loop21,0.00,0.00,0.000,0.000,0.00
1777916370,loop22,0.00,0.00,0.000,0.000,0.00
1777916370,loop23,0.00,0.00,0.000,0.000,0.00
1777916370,loop24,0.00,0.00,0.000,0.000,0.00
1777916370,loop25,0.00,0.00,0.000,0.000,0.00
1777916370,loop26,0.00,0.00,0.000,0.000,0.00
1777916370,loop27,0.00,0.00,0.000,0.000,0.00
1777916370,loop28,0.00,0.00,0.000,0.000,0.00
1777916370,loop29,0.00,0.00,0.000,0.000,0.00
1777916370,loop3,0.00,0.00,0.000,0.000,0.00
1777916370,loop30,0.00,0.00,0.000,0.000,0.00
1777916370,loop31,0.00,0.00,0.000,0.000,0.00
1777916370,loop32,0.00,0.00,0.000,0.000,0.00
1777916370,loop33,0.00,0.00,0.000,0.000,0.00
1777916370,loop34,0.00,0.00,0.000,0.000,0.00
1777916370,loop35,0.00,0.00,0.000,0.000,0.00
1777916370,loop36,0.00,0.00,0.000,0.000,0.00
1777916370,loop37,0.00,0.00,0.000,0.000,0.00
1777916370,loop38,0.00,0.00,0.000,0.000,0.00
1777916370,loop39,0.00,0.00,0.000,0.000,0.00
1777916370,loop4,0.00,0.00,0.000,0.000,0.00
1777916370,loop40,0.00,0.00,0.000,0.000,0.00
1777916370,loop5,0.00,0.00,0.000,0.000,0.00
1777916370,loop6,0.00,0.00,0.000,0.000,0.00
1777916370,loop7,0.00,0.00,0.000,0.000,0.00
1777916370,loop8,0.00,0.00,0.000,0.000,0.00
1777916370,loop9,0.00,0.00,0.000,0.000,0.00
1777916370,nvme0n1,0.00,0.00,0.000,0.000,0.00
1777916371,loop0,0.00,0.00,0.000,0.000,0.00
1777916371,loop1,0.00,0.00,0.000,0.000,0.00
1777916371,loop10,0.00,0.00,0.000,0.000,0.00
1777916371,loop11,0.00,0.00,0.000,0.000,0.00
1777916371,loop12,0.00,0.00,0.000,0.000,0.00
1777916371,loop13,0.00,0.00,0.000,0.000,0.00
1777916371,loop14,0.00,0.00,0.000,0.000,0.00
1777916371,loop15,0.00,0.00,0.000,0.000,0.00
1777916371,loop16,0.00,0.00,0.000,0.000,0.00
1777916371,loop17,0.00,0.00,0.000,0.000,0.00
1777916371,loop18,0.00,0.00,0.000,0.000,0.00
1777916371,loop19,0.00,0.00,0.000,0.000,0.00
1777916371,loop2,0.00,0.00,0.000,0.000,0.00
1777916371,loop20,0.00,0.00,0.000,0.000,0.00
1777916371,loop21,0.00,0.00,0.000,0.000,0.00
1777916371,loop22,0.00,0.00,0.000,0.000,0.00
1777916371,loop23,0.00,0.00,0.000,0.000,0.00
1777916371,loop24,0.00,0.00,0.000,0.000,0.00
1777916371,loop25,0.00,0.00,0.000,0.000,0.00
1777916371,loop26,0.00,0.00,0.000,0.000,0.00
1777916371,loop27,0.00,0.00,0.000,0.000,0.00
1777916371,loop28,0.00,0.00,0.000,0.000,0.00
1777916371,loop29,0.00,0.00,0.000,0.000,0.00
1777916371,loop3,0.00,0.00,0.000,0.000,0.00
1777916371,loop30,0.00,0.00,0.000,0.000,0.00
1777916371,loop31,0.00,0.00,0.000,0.000,0.00
1777916371,loop32,0.00,0.00,0.000,0.000,0.00
1777916371,loop33,0.00,0.00,0.000,0.000,0.00
1777916371,loop34,0.00,0.00,0.000,0.000,0.00
1777916371,loop35,0.00,0.00,0.000,0.000,0.00
1777916371,loop36,0.00,0.00,0.000,0.000,0.00
1777916371,loop37,0.00,0.00,0.000,0.000,0.00
1777916371,loop38,0.00,0.00,0.000,0.000,0.00
1777916371,loop39,0.00,0.00,0.000,0.000,0.00
1777916371,loop4,0.00,0.00,0.000,0.000,0.00
1777916371,loop40,0.00,0.00,0.000,0.000,0.00
1777916371,loop5,0.00,0.00,0.000,0.000,0.00
1777916371,loop6,0.00,0.00,0.000,0.000,0.00
1777916371,loop7,0.00,0.00,0.000,0.000,0.00
1777916371,loop8,0.00,0.00,0.000,0.000,0.00
1777916371,loop9,0.00,0.00,0.000,0.000,0.00
1777916371,nvme0n1,0.00,0.00,0.000,0.000,0.00
1777916372,loop0,0.00,0.00,0.000,0.000,0.00
1777916372,loop1,0.00,0.00,0.000,0.000,0.00
1777916372,loop10,0.00,0.00,0.000,0.000,0.00
1777916372,loop11,0.00,0.00,0.000,0.000,0.00
1777916372,loop12,0.00,0.00,0.000,0.000,0.00
1777916372,loop13,0.00,0.00,0.000,0.000,0.00
1777916372,loop14,0.00,0.00,0.000,0.000,0.00
1777916372,loop15,0.00,0.00,0.000,0.000,0.00
1777916372,loop16,0.00,0.00,0.000,0.000,0.00
1777916372,loop17,0.00,0.00,0.000,0.000,0.00
1777916372,loop18,0.00,0.00,0.000,0.000,0.00
1777916372,loop19,0.00,0.00,0.000,0.000,0.00
1777916372,loop2,0.00,0.00,0.000,0.000,0.00
1777916372,loop20,0.00,0.00,0.000,0.000,0.00
1777916372,loop21,0.00,0.00,0.000,0.000,0.00
1777916372,loop22,0.00,0.00,0.000,0.000,0.00
1777916372,loop23,0.00,0.00,0.000,0.000,0.00
1777916372,loop24,0.00,0.00,0.000,0.000,0.00
1777916372,loop25,0.00,0.00,0.000,0.000,0.00
1777916372,loop26,0.00,0.00,0.000,0.000,0.00
1777916372,loop27,0.00,0.00,0.000,0.000,0.00
1777916372,loop28,0.00,0.00,0.000,0.000,0.00
1777916372,loop29,0.00,0.00,0.000,0.000,0.00
1777916372,loop3,0.00,0.00,0.000,0.000,0.00
1777916372,loop30,0.00,0.00,0.000,0.000,0.00
1777916372,loop31,0.00,0.00,0.000,0.000,0.00
1777916372,loop32,0.00,0.00,0.000,0.000,0.00
1777916372,loop33,0.00,0.00,0.000,0.000,0.00
1777916372,loop34,0.00,0.00,0.000,0.000,0.00
1777916372,loop35,0.00,0.00,0.000,0.000,0.00
1777916372,loop36,0.00,0.00,0.000,0.000,0.00
1777916372,loop37,0.00,0.00,0.000,0.000,0.00
1777916372,loop38,0.00,0.00,0.000,0.000,0.00
1777916372,loop39,0.00,0.00,0.000,0.000,0.00
1777916372,loop4,0.00,0.00,0.000,0.000,0.00
1777916372,loop40,0.00,0.00,0.000,0.000,0.00
1777916372,loop5,0.00,0.00,0.000,0.000,0.00
1777916372,loop6,0.00,0.00,0.000,0.000,0.00
1777916372,loop7,0.00,0.00,0.000,0.000,0.00
1777916372,loop8,0.00,0.00,0.000,0.000,0.00
1777916372,loop9,0.00,0.00,0.000,0.000,0.00
1777916372,nvme0n1,0.00,0.00,0.000,0.000,6.50
1777916373,loop0,0.00,0.00,0.000,0.000,0.00
1777916373,loop1,0.00,0.00,0.000,0.000,0.00
1777916373,loop10,0.00,0.00,0.000,0.000,0.00
1777916373,loop11,0.00,0.00,0.000,0.000,0.00
1777916373,loop12,0.00,0.00,0.000,0.000,0.00
1777916373,loop13,0.00,0.00,0.000,0.000,0.00
1777916373,loop14,0.00,0.00,0.000,0.000,0.00
1777916373,loop15,0.00,0.00,0.000,0.000,0.00
1777916373,loop16,0.00,0.00,0.000,0.000,0.00
1777916373,loop17,0.00,0.00,0.000,0.000,0.00
1777916373,loop18,0.00,0.00,0.000,0.000,0.00
1777916373,loop19,0.00,0.00,0.000,0.000,0.00
1777916373,loop2,0.00,0.00,0.000,0.000,0.00
1777916373,loop20,0.00,0.00,0.000,0.000,0.00
1777916373,loop21,0.00,0.00,0.000,0.000,0.00
1777916373,loop22,0.00,0.00,0.000,0.000,0.00
1777916373,loop23,0.00,0.00,0.000,0.000,0.00
1777916373,loop24,0.00,0.00,0.000,0.000,0.00
1777916373,loop25,0.00,0.00,0.000,0.000,0.00
1777916373,loop26,0.00,0.00,0.000,0.000,0.00
1777916373,loop27,0.00,0.00,0.000,0.000,0.00
1777916373,loop28,0.00,0.00,0.000,0.000,0.00
1777916373,loop29,0.00,0.00,0.000,0.000,0.00
1777916373,loop3,0.00,0.00,0.000,0.000,0.00
1777916373,loop30,0.00,0.00,0.000,0.000,0.00
1777916373,loop31,0.00,0.00,0.000,0.000,0.00
1777916373,loop32,0.00,0.00,0.000,0.000,0.00
1777916373,loop33,0.00,0.00,0.000,0.000,0.00
1777916373,loop34,0.00,0.00,0.000,0.000,0.00
1777916373,loop35,0.00,0.00,0.000,0.000,0.00
1777916373,loop36,0.00,0.00,0.000,0.000,0.00
1777916373,loop37,0.00,0.00,0.000,0.000,0.00
1777916373,loop38,0.00,0.00,0.000,0.000,0.00
1777916373,loop39,0.00,0.00,0.000,0.000,0.00
1777916373,loop4,0.00,0.00,0.000,0.000,0.00
1777916373,loop40,0.00,0.00,0.000,0.000,0.00
1777916373,loop5,0.00,0.00,0.000,0.000,0.00
1777916373,loop6,0.00,0.00,0.000,0.000,0.00
1777916373,loop7,0.00,0.00,0.000,0.000,0.00
1777916373,loop8,0.00,0.00,0.000,0.000,0.00
1777916373,loop9,0.00,0.00,0.000,0.000,0.00
1777916373,nvme0n1,0.00,0.00,0.000,0.000,0.00
1777916374,loop0,0.00,0.00,0.000,0.000,0.00
1777916374,loop1,0.00,0.00,0.000,0.000,0.00
1777916374,loop10,0.00,0.00,0.000,0.000,0.00
1777916374,loop11,0.00,0.00,0.000,0.000,0.00
1777916374,loop12,0.00,0.00,0.000,0.000,0.00
1777916374,loop13,0.00,0.00,0.000,0.000,0.00
1777916374,loop14,0.00,0.00,0.000,0.000,0.00
1777916374,loop15,0.00,0.00,0.000,0.000,0.00
1777916374,loop16,0.00,0.00,0.000,0.000,0.00
1777916374,loop17,0.00,0.00,0.000,0.000,0.00
1777916374,loop18,0.00,0.00,0.000,0.000,0.00
1777916374,loop19,0.00,0.00,0.000,0.000,0.00
1777916374,loop2,0.00,0.00,0.000,0.000,0.00
1777916374,loop20,0.00,0.00,0.000,0.000,0.00
1777916374,loop21,0.00,0.00,0.000,0.000,0.00
1777916374,loop22,0.00,0.00,0.000,0.000,0.00
1777916374,loop23,0.00,0.00,0.000,0.000,0.00
1777916374,loop24,0.00,0.00,0.000,0.000,0.00
1777916374,loop25,0.00,0.00,0.000,0.000,0.00
1777916374,loop26,0.00,0.00,0.000,0.000,0.00
1777916374,loop27,0.00,0.00,0.000,0.000,0.00
1777916374,loop28,0.00,0.00,0.000,0.000,0.00
1777916374,loop29,0.00,0.00,0.000,0.000,0.00
1777916374,loop3,0.00,0.00,0.000,0.000,0.00
1777916374,loop30,0.00,0.00,0.000,0.000,0.00
1777916374,loop31,0.00,0.00,0.000,0.000,0.00
1777916374,loop32,0.00,0.00,0.000,0.000,0.00
1777916374,loop33,0.00,0.00,0.000,0.000,0.00
1777916374,loop34,0.00,0.00,0.000,0.000,0.00
1777916374,loop35,0.00,0.00,0.000,0.000,0.00
1777916374,loop36,0.00,0.00,0.000,0.000,0.00
1777916374,loop37,0.00,0.00,0.000,0.000,0.00
1777916374,loop38,0.00,0.00,0.000,0.000,0.00
1777916374,loop39,0.00,0.00,0.000,0.000,0.00
1777916374,loop4,0.00,0.00,0.000,0.000,0.00
1777916374,loop40,0.00,0.00,0.000,0.000,0.00
1777916374,loop5,0.00,0.00,0.000,0.000,0.00
1777916374,loop6,0.00,0.00,0.000,0.000,0.00
1777916374,loop7,0.00,0.00,0.000,0.000,0.00
1777916374,loop8,0.00,0.00,0.000,0.000,0.00
1777916374,loop9,0.00,0.00,0.000,0.000,0.00
1777916374,nvme0n1,1.00,4.00,0.000,0.000,0.00
1777916375,loop0,0.00,0.00,0.000,0.000,0.00
1777916375,loop1,0.00,0.00,0.000,0.000,0.00
1777916375,loop10,0.00,0.00,0.000,0.000,0.00
1777916375,loop11,0.00,0.00,0.000,0.000,0.00
1777916375,loop12,0.00,0.00,0.000,0.000,0.00
1777916375,loop13,0.00,0.00,0.000,0.000,0.00
1777916375,loop14,0.00,0.00,0.000,0.000,0.00
1777916375,loop15,0.00,0.00,0.000,0.000,0.00
1777916375,loop16,0.00,0.00,0.000,0.000,0.00
1777916375,loop17,0.00,0.00,0.000,0.000,0.00
1777916375,loop18,0.00,0.00,0.000,0.000,0.00
1777916375,loop19,0.00,0.00,0.000,0.000,0.00
1777916375,loop2,0.00,0.00,0.000,0.000,0.00
1777916375,loop20,0.00,0.00,0.000,0.000,0.00
1777916375,loop21,0.00,0.00,0.000,0.000,0.00
1777916375,loop22,0.00,0.00,0.000,0.000,0.00
1777916375,loop23,0.00,0.00,0.000,0.000,0.00
1777916375,loop24,0.00,0.00,0.000,0.000,0.00
1777916375,loop25,0.00,0.00,0.000,0.000,0.00
1777916375,loop26,0.00,0.00,0.000,0.000,0.00
1777916375,loop27,0.00,0.00,0.000,0.000,0.00
1777916375,loop28,0.00,0.00,0.000,0.000,0.00
1777916375,loop29,0.00,0.00,0.000,0.000,0.00
1777916375,loop3,0.00,0.00,0.000,0.000,0.00
1777916375,loop30,0.00,0.00,0.000,0.000,0.00
1777916375,loop31,0.00,0.00,0.000,0.000,0.00
1777916375,loop32,0.00,0.00,0.000,0.000,0.00
1777916375,loop33,0.00,0.00,0.000,0.000,0.00
1777916375,loop34,0.00,0.00,0.000,0.000,0.00
1777916375,loop35,0.00,0.00,0.000,0.000,0.00
1777916375,loop36,0.00,0.00,0.000,0.000,0.00
1777916375,loop37,0.00,0.00,0.000,0.000,0.00
1777916375,loop38,0.00,0.00,0.000,0.000,0.00
1777916375,loop39,0.00,0.00,0.000,0.000,0.00
1777916375,loop4,0.00,0.00,0.000,0.000,0.00
1777916375,loop40,0.00,0.00,0.000,0.000,0.00
1777916375,loop5,0.00,0.00,0.000,0.000,0.00
1777916375,loop6,0.00,0.00,0.000,0.000,0.00
1777916375,loop7,0.00,0.00,0.000,0.000,0.00
1777916375,loop8,0.00,0.00,0.000,0.000,0.00
1777916375,loop9,0.00,0.00,0.000,0.000,0.00
1777916375,nvme0n1,0.00,0.00,0.000,0.000,0.00
1777916376,loop0,0.00,0.00,0.000,0.000,0.00
1777916376,loop1,0.00,0.00,0.000,0.000,0.00
1777916376,loop10,0.00,0.00,0.000,0.000,0.00
1777916376,loop11,0.00,0.00,0.000,0.000,0.00
1777916376,loop12,0.00,0.00,0.000,0.000,0.00
1777916376,loop13,0.00,0.00,0.000,0.000,0.00
1777916376,loop14,0.00,0.00,0.000,0.000,0.00
1777916376,loop15,0.00,0.00,0.000,0.000,0.00
1777916376,loop16,0.00,0.00,0.000,0.000,0.00
1777916376,loop17,0.00,0.00,0.000,0.000,0.00
1777916376,loop18,0.00,0.00,0.000,0.000,0.00
1777916376,loop19,0.00,0.00,0.000,0.000,0.00
1777916376,loop2,0.00,0.00,0.000,0.000,0.00
1777916376,loop20,0.00,0.00,0.000,0.000,0.00
1777916376,loop21,0.00,0.00,0.000,0.000,0.00
1777916376,loop22,0.00,0.00,0.000,0.000,0.00
1777916376,loop23,0.00,0.00,0.000,0.000,0.00
1777916376,loop24,0.00,0.00,0.000,0.000,0.00
1777916376,loop25,0.00,0.00,0.000,0.000,0.00
1777916376,loop26,0.00,0.00,0.000,0.000,0.00
1777916376,loop27,0.00,0.00,0.000,0.000,0.00
1777916376,loop28,0.00,0.00,0.000,0.000,0.00
1777916376,loop29,0.00,0.00,0.000,0.000,0.00
1777916376,loop3,0.00,0.00,0.000,0.000,0.00
1777916376,loop30,0.00,0.00,0.000,0.000,0.00
1777916376,loop31,0.00,0.00,0.000,0.000,0.00
1777916376,loop32,0.00,0.00,0.000,0.000,0.00
1777916376,loop33,0.00,0.00,0.000,0.000,0.00
1777916376,loop34,0.00,0.00,0.000,0.000,0.00
1777916376,loop35,0.00,0.00,0.000,0.000,0.00
1777916376,loop36,0.00,0.00,0.000,0.000,0.00
1777916376,loop37,0.00,0.00,0.000,0.000,0.00
1777916376,loop38,0.00,0.00,0.000,0.000,0.00
1777916376,loop39,0.00,0.00,0.000,0.000,0.00
1777916376,loop4,0.00,0.00,0.000,0.000,0.00
1777916376,loop40,0.00,0.00,0.000,0.000,0.00
1777916376,loop5,0.00,0.00,0.000,0.000,0.00
1777916376,loop6,0.00,0.00,0.000,0.000,0.00
1777916376,loop7,0.00,0.00,0.000,0.000,0.00
1777916376,loop8,0.00,0.00,0.000,0.000,0.00
1777916376,loop9,0.00,0.00,0.000,0.000,0.00
1777916376,nvme0n1,0.00,0.00,0.000,0.000,2.00
1777916377,loop0,0.00,0.00,0.000,0.000,0.00
1777916377,loop1,0.00,0.00,0.000,0.000,0.00
1777916377,loop10,0.00,0.00,0.000,0.000,0.00
1777916377,loop11,0.00,0.00,0.000,0.000,0.00
1777916377,loop12,0.00,0.00,0.000,0.000,0.00
1777916377,loop13,0.00,0.00,0.000,0.000,0.00
1777916377,loop14,0.00,0.00,0.000,0.000,0.00
1777916377,loop15,0.00,0.00,0.000,0.000,0.00
1777916377,loop16,0.00,0.00,0.000,0.000,0.00
1777916377,loop17,0.00,0.00,0.000,0.000,0.00
1777916377,loop18,0.00,0.00,0.000,0.000,0.00
1777916377,loop19,0.00,0.00,0.000,0.000,0.00
1777916377,loop2,0.00,0.00,0.000,0.000,0.00
1777916377,loop20,0.00,0.00,0.000,0.000,0.00
1777916377,loop21,0.00,0.00,0.000,0.000,0.00
1777916377,loop22,0.00,0.00,0.000,0.000,0.00
1777916377,loop23,0.00,0.00,0.000,0.000,0.00
1777916377,loop24,0.00,0.00,0.000,0.000,0.00
1777916377,loop25,0.00,0.00,0.000,0.000,0.00
1777916377,loop26,0.00,0.00,0.000,0.000,0.00
1777916377,loop27,0.00,0.00,0.000,0.000,0.00
1777916377,loop28,0.00,0.00,0.000,0.000,0.00
1777916377,loop29,0.00,0.00,0.000,0.000,0.00
1777916377,loop3,0.00,0.00,0.000,0.000,0.00
1777916377,loop30,0.00,0.00,0.000,0.000,0.00
1777916377,loop31,0.00,0.00,0.000,0.000,0.00
1777916377,loop32,0.00,0.00,0.000,0.000,0.00
1777916377,loop33,0.00,0.00,0.000,0.000,0.00
1777916377,loop34,0.00,0.00,0.000,0.000,0.00
1777916377,loop35,0.00,0.00,0.000,0.000,0.00
1777916377,loop36,0.00,0.00,0.000,0.000,0.00
1777916377,loop37,0.00,0.00,0.000,0.000,0.00
1777916377,loop38,0.00,0.00,0.000,0.000,0.00
1777916377,loop39,0.00,0.00,0.000,0.000,0.00
1777916377,loop4,0.00,0.00,0.000,0.000,0.00
1777916377,loop40,0.00,0.00,0.000,0.000,0.00
1777916377,loop5,0.00,0.00,0.000,0.000,0.00
1777916377,loop6,0.00,0.00,0.000,0.000,0.00
1777916377,loop7,0.00,0.00,0.000,0.000,0.00
1777916377,loop8,0.00,0.00,0.000,0.000,0.00
1777916377,loop9,0.00,0.00,0.000,0.000,0.00
1777916377,nvme0n1,0.00,0.00,0.000,0.000,0.00
1777916378,loop0,0.00,0.00,0.000,0.000,0.00
1777916378,loop1,0.00,0.00,0.000,0.000,0.00
1777916378,loop10,0.00,0.00,0.000,0.000,0.00
1777916378,loop11,0.00,0.00,0.000,0.000,0.00
1777916378,loop12,0.00,0.00,0.000,0.000,0.00
1777916378,loop13,0.00,0.00,0.000,0.000,0.00
1777916378,loop14,0.00,0.00,0.000,0.000,0.00
1777916378,loop15,0.00,0.00,0.000,0.000,0.00
1777916378,loop16,0.00,0.00,0.000,0.000,0.00
1777916378,loop17,0.00,0.00,0.000,0.000,0.00
1777916378,loop18,0.00,0.00,0.000,0.000,0.00
1777916378,loop19,0.00,0.00,0.000,0.000,0.00
1777916378,loop2,0.00,0.00,0.000,0.000,0.00
1777916378,loop20,0.00,0.00,0.000,0.000,0.00
1777916378,loop21,0.00,0.00,0.000,0.000,0.00
1777916378,loop22,0.00,0.00,0.000,0.000,0.00
1777916378,loop23,0.00,0.00,0.000,0.000,0.00
1777916378,loop24,0.00,0.00,0.000,0.000,0.00
1777916378,loop25,0.00,0.00,0.000,0.000,0.00
1777916378,loop26,0.00,0.00,0.000,0.000,0.00
1777916378,loop27,0.00,0.00,0.000,0.000,0.00
1777916378,loop28,0.00,0.00,0.000,0.000,0.00
1777916378,loop29,0.00,0.00,0.000,0.000,0.00
1777916378,loop3,0.00,0.00,0.000,0.000,0.00
1777916378,loop30,0.00,0.00,0.000,0.000,0.00
1777916378,loop31,0.00,0.00,0.000,0.000,0.00
1777916378,loop32,0.00,0.00,0.000,0.000,0.00
1777916378,loop33,0.00,0.00,0.000,0.000,0.00
1777916378,loop34,0.00,0.00,0.000,0.000,0.00
1777916378,loop35,0.00,0.00,0.000,0.000,0.00
1777916378,loop36,0.00,0.00,0.000,0.000,0.00
1777916378,loop37,0.00,0.00,0.000,0.000,0.00
1777916378,loop38,0.00,0.00,0.000,0.000,0.00
1777916378,loop39,0.00,0.00,0.000,0.000,0.00
1777916378,loop4,0.00,0.00,0.000,0.000,0.00
1777916378,loop40,0.00,0.00,0.000,0.000,0.00
1777916378,loop5,0.00,0.00,0.000,0.000,0.00
1777916378,loop6,0.00,0.00,0.000,0.000,0.00
1777916378,loop7,0.00,0.00,0.000,0.000,0.00
1777916378,loop8,0.00,0.00,0.000,0.000,0.00
1777916378,loop9,0.00,0.00,0.000,0.000,0.00
1777916378,nvme0n1,0.00,0.00,0.000,0.000,0.50
1777916379,loop0,0.00,0.00,0.000,0.000,0.00
1777916379,loop1,0.00,0.00,0.000,0.000,0.00
1777916379,loop10,0.00,0.00,0.000,0.000,0.00
1777916379,loop11,0.00,0.00,0.000,0.000,0.00
1777916379,loop12,0.00,0.00,0.000,0.000,0.00
1777916379,loop13,0.00,0.00,0.000,0.000,0.00
1777916379,loop14,0.00,0.00,0.000,0.000,0.00
1777916379,loop15,0.00,0.00,0.000,0.000,0.00
1777916379,loop16,0.00,0.00,0.000,0.000,0.00
1777916379,loop17,0.00,0.00,0.000,0.000,0.00
1777916379,loop18,0.00,0.00,0.000,0.000,0.00
1777916379,loop19,0.00,0.00,0.000,0.000,0.00
1777916379,loop2,0.00,0.00,0.000,0.000,0.00
1777916379,loop20,0.00,0.00,0.000,0.000,0.00
1777916379,loop21,0.00,0.00,0.000,0.000,0.00
1777916379,loop22,0.00,0.00,0.000,0.000,0.00
1777916379,loop23,0.00,0.00,0.000,0.000,0.00
1777916379,loop24,0.00,0.00,0.000,0.000,0.00
1777916379,loop25,0.00,0.00,0.000,0.000,0.00
1777916379,loop26,0.00,0.00,0.000,0.000,0.00
1777916379,loop27,0.00,0.00,0.000,0.000,0.00
1777916379,loop28,0.00,0.00,0.000,0.000,0.00
1777916379,loop29,0.00,0.00,0.000,0.000,0.00
1777916379,loop3,0.00,0.00,0.000,0.000,0.00
1777916379,loop30,0.00,0.00,0.000,0.000,0.00
1777916379,loop31,0.00,0.00,0.000,0.000,0.00
1777916379,loop32,0.00,0.00,0.000,0.000,0.00
1777916379,loop33,0.00,0.00,0.000,0.000,0.00
1777916379,loop34,0.00,0.00,0.000,0.000,0.00
1777916379,loop35,0.00,0.00,0.000,0.000,0.00
1777916379,loop36,0.00,0.00,0.000,0.000,0.00
1777916379,loop37,0.00,0.00,0.000,0.000,0.00
1777916379,loop38,0.00,0.00,0.000,0.000,0.00
1777916379,loop39,0.00,0.00,0.000,0.000,0.00
1777916379,loop4,0.00,0.00,0.000,0.000,0.00
1777916379,loop40,0.00,0.00,0.000,0.000,0.00
1777916379,loop5,0.00,0.00,0.000,0.000,0.00
1777916379,loop6,0.00,0.00,0.000,0.000,0.00
1777916379,loop7,0.00,0.00,0.000,0.000,0.00
1777916379,loop8,0.00,0.00,0.000,0.000,0.00
1777916379,loop9,0.00,0.00,0.000,0.000,0.00
1777916379,nvme0n1,0.00,0.00,0.000,0.000,0.00
1777916380,loop0,0.00,0.00,0.000,0.000,0.00
1777916380,loop1,0.00,0.00,0.000,0.000,0.00
1777916380,loop10,0.00,0.00,0.000,0.000,0.00
1777916380,loop11,0.00,0.00,0.000,0.000,0.00
1777916380,loop12,0.00,0.00,0.000,0.000,0.00
1777916380,loop13,0.00,0.00,0.000,0.000,0.00
1777916380,loop14,0.00,0.00,0.000,0.000,0.00
1777916380,loop15,0.00,0.00,0.000,0.000,0.00
1777916380,loop16,0.00,0.00,0.000,0.000,0.00
1777916380,loop17,0.00,0.00,0.000,0.000,0.00
1777916380,loop18,0.00,0.00,0.000,0.000,0.00
1777916380,loop19,0.00,0.00,0.000,0.000,0.00
1777916380,loop2,0.00,0.00,0.000,0.000,0.00
1777916380,loop20,0.00,0.00,0.000,0.000,0.00
1777916380,loop21,0.00,0.00,0.000,0.000,0.00
1777916380,loop22,0.00,0.00,0.000,0.000,0.00
1777916380,loop23,0.00,0.00,0.000,0.000,0.00
1777916380,loop24,0.00,0.00,0.000,0.000,0.00
1777916380,loop25,0.00,0.00,0.000,0.000,0.00
1777916380,loop26,0.00,0.00,0.000,0.000,0.00
1777916380,loop27,0.00,0.00,0.000,0.000,0.00
1777916380,loop28,0.00,0.00,0.000,0.000,0.00
1777916380,loop29,0.00,0.00,0.000,0.000,0.00
1777916380,loop3,0.00,0.00,0.000,0.000,0.00
1777916380,loop30,0.00,0.00,0.000,0.000,0.00
1777916380,loop31,0.00,0.00,0.000,0.000,0.00
1777916380,loop32,0.00,0.00,0.000,0.000,0.00
1777916380,loop33,0.00,0.00,0.000,0.000,0.00
1777916380,loop34,0.00,0.00,0.000,0.000,0.00
1777916380,loop35,0.00,0.00,0.000,0.000,0.00
1777916380,loop36,0.00,0.00,0.000,0.000,0.00
1777916380,loop37,0.00,0.00,0.000,0.000,0.00
1777916380,loop38,0.00,0.00,0.000,0.000,0.00
1777916380,loop39,0.00,0.00,0.000,0.000,0.00
1777916380,loop4,0.00,0.00,0.000,0.000,0.00
1777916380,loop40,0.00,0.00,0.000,0.000,0.00
1777916380,loop5,0.00,0.00,0.000,0.000,0.00
1777916380,loop6,0.00,0.00,0.000,0.000,0.00
1777916380,loop7,0.00,0.00,0.000,0.000,0.00
1777916380,loop8,0.00,0.00,0.000,0.000,0.00
1777916380,loop9,0.00,0.00,0.000,0.000,0.00
1777916380,nvme0n1,0.00,0.00,0.000,0.000,0.00
1777916381,loop0,0.00,0.00,0.000,0.000,0.00
1777916381,loop1,0.00,0.00,0.000,0.000,0.00
1777916381,loop10,0.00,0.00,0.000,0.000,0.00
1777916381,loop11,0.00,0.00,0.000,0.000,0.00
1777916381,loop12,0.00,0.00,0.000,0.000,0.00
1777916381,loop13,0.00,0.00,0.000,0.000,0.00
1777916381,loop14,0.00,0.00,0.000,0.000,0.00
1777916381,loop15,0.00,0.00,0.000,0.000,0.00
1777916381,loop16,0.00,0.00,0.000,0.000,0.00
1777916381,loop17,0.00,0.00,0.000,0.000,0.00
1777916381,loop18,0.00,0.00,0.000,0.000,0.00
1777916381,loop19,0.00,0.00,0.000,0.000,0.00
1777916381,loop2,0.00,0.00,0.000,0.000,0.00
1777916381,loop20,0.00,0.00,0.000,0.000,0.00
1777916381,loop21,0.00,0.00,0.000,0.000,0.00
1777916381,loop22,0.00,0.00,0.000,0.000,0.00
1777916381,loop23,0.00,0.00,0.000,0.000,0.00
1777916381,loop24,0.00,0.00,0.000,0.000,0.00
1777916381,loop25,0.00,0.00,0.000,0.000,0.00
1777916381,loop26,0.00,0.00,0.000,0.000,0.00
1777916381,loop27,0.00,0.00,0.000,0.000,0.00
1777916381,loop28,0.00,0.00,0.000,0.000,0.00
1777916381,loop29,0.00,0.00,0.000,0.000,0.00
1777916381,loop3,0.00,0.00,0.000,0.000,0.00
1777916381,loop30,0.00,0.00,0.000,0.000,0.00
1777916381,loop31,0.00,0.00,0.000,0.000,0.00
1777916381,loop32,0.00,0.00,0.000,0.000,0.00
1777916381,loop33,0.00,0.00,0.000,0.000,0.00
1777916381,loop34,0.00,0.00,0.000,0.000,0.00
1777916381,loop35,0.00,0.00,0.000,0.000,0.00
1777916381,loop36,0.00,0.00,0.000,0.000,0.00
1777916381,loop37,0.00,0.00,0.000,0.000,0.00
1777916381,loop38,0.00,0.00,0.000,0.000,0.00
1777916381,loop39,0.00,0.00,0.000,0.000,0.00
1777916381,loop4,0.00,0.00,0.000,0.000,0.00
1777916381,loop40,0.00,0.00,0.000,0.000,0.00
1777916381,loop5,0.00,0.00,0.000,0.000,0.00
1777916381,loop6,0.00,0.00,0.000,0.000,0.00
1777916381,loop7,0.00,0.00,0.000,0.000,0.00
1777916381,loop8,0.00,0.00,0.000,0.000,0.00
1777916381,loop9,0.00,0.00,0.000,0.000,0.00
1777916381,nvme0n1,0.00,0.00,0.000,0.000,2.10
1777916382,loop0,0.00,0.00,0.000,0.000,0.00
1777916382,loop1,0.00,0.00,0.000,0.000,0.00
1777916382,loop10,0.00,0.00,0.000,0.000,0.00
1777916382,loop11,0.00,0.00,0.000,0.000,0.00
1777916382,loop12,0.00,0.00,0.000,0.000,0.00
1777916382,loop13,0.00,0.00,0.000,0.000,0.00
1777916382,loop14,0.00,0.00,0.000,0.000,0.00
1777916382,loop15,0.00,0.00,0.000,0.000,0.00
1777916382,loop16,0.00,0.00,0.000,0.000,0.00
1777916382,loop17,0.00,0.00,0.000,0.000,0.00
1777916382,loop18,0.00,0.00,0.000,0.000,0.00
1777916382,loop19,0.00,0.00,0.000,0.000,0.00
1777916382,loop2,0.00,0.00,0.000,0.000,0.00
1777916382,loop20,0.00,0.00,0.000,0.000,0.00
1777916382,loop21,0.00,0.00,0.000,0.000,0.00
1777916382,loop22,0.00,0.00,0.000,0.000,0.00
1777916382,loop23,0.00,0.00,0.000,0.000,0.00
1777916382,loop24,0.00,0.00,0.000,0.000,0.00
1777916382,loop25,0.00,0.00,0.000,0.000,0.00
1777916382,loop26,0.00,0.00,0.000,0.000,0.00
1777916382,loop27,0.00,0.00,0.000,0.000,0.00
1777916382,loop28,0.00,0.00,0.000,0.000,0.00
1777916382,loop29,0.00,0.00,0.000,0.000,0.00
1777916382,loop3,0.00,0.00,0.000,0.000,0.00
1777916382,loop30,0.00,0.00,0.000,0.000,0.00
1777916382,loop31,0.00,0.00,0.000,0.000,0.00
1777916382,loop32,0.00,0.00,0.000,0.000,0.00
1777916382,loop33,0.00,0.00,0.000,0.000,0.00
1777916382,loop34,0.00,0.00,0.000,0.000,0.00
1777916382,loop35,0.00,0.00,0.000,0.000,0.00
1777916382,loop36,0.00,0.00,0.000,0.000,0.00
1777916382,loop37,0.00,0.00,0.000,0.000,0.00
1777916382,loop38,0.00,0.00,0.000,0.000,0.00
1777916382,loop39,0.00,0.00,0.000,0.000,0.00
1777916382,loop4,0.00,0.00,0.000,0.000,0.00
1777916382,loop40,0.00,0.00,0.000,0.000,0.00
1777916382,loop5,0.00,0.00,0.000,0.000,0.00
1777916382,loop6,0.00,0.00,0.000,0.000,0.00
1777916382,loop7,0.00,0.00,0.000,0.000,0.00
1777916382,loop8,0.00,0.00,0.000,0.000,0.00
1777916382,loop9,0.00,0.00,0.000,0.000,0.00
1777916382,nvme0n1,0.00,0.00,0.000,0.000,0.00
1777916383,loop0,0.00,0.00,0.000,0.000,0.00
1777916383,loop1,0.00,0.00,0.000,0.000,0.00
1777916383,loop10,0.00,0.00,0.000,0.000,0.00
1777916383,loop11,0.00,0.00,0.000,0.000,0.00
1777916383,loop12,0.00,0.00,0.000,0.000,0.00
1777916383,loop13,0.00,0.00,0.000,0.000,0.00
1777916383,loop14,0.00,0.00,0.000,0.000,0.00
1777916383,loop15,0.00,0.00,0.000,0.000,0.00
1777916383,loop16,0.00,0.00,0.000,0.000,0.00
1777916383,loop17,0.00,0.00,0.000,0.000,0.00
1777916383,loop18,0.00,0.00,0.000,0.000,0.00
1777916383,loop19,0.00,0.00,0.000,0.000,0.00
1777916383,loop2,0.00,0.00,0.000,0.000,0.00
1777916383,loop20,0.00,0.00,0.000,0.000,0.00
1777916383,loop21,0.00,0.00,0.000,0.000,0.00
1777916383,loop22,0.00,0.00,0.000,0.000,0.00
1777916383,loop23,0.00,0.00,0.000,0.000,0.00
1777916383,loop24,0.00,0.00,0.000,0.000,0.00
1777916383,loop25,0.00,0.00,0.000,0.000,0.00
1777916383,loop26,0.00,0.00,0.000,0.000,0.00
1777916383,loop27,0.00,0.00,0.000,0.000,0.00
1777916383,loop28,0.00,0.00,0.000,0.000,0.00
1777916383,loop29,0.00,0.00,0.000,0.000,0.00
1777916383,loop3,0.00,0.00,0.000,0.000,0.00
1777916383,loop30,0.00,0.00,0.000,0.000,0.00
1777916383,loop31,0.00,0.00,0.000,0.000,0.00
1777916383,loop32,0.00,0.00,0.000,0.000,0.00
1777916383,loop33,0.00,0.00,0.000,0.000,0.00
1777916383,loop34,0.00,0.00,0.000,0.000,0.00
1777916383,loop35,0.00,0.00,0.000,0.000,0.00
1777916383,loop36,0.00,0.00,0.000,0.000,0.00
1777916383,loop37,0.00,0.00,0.000,0.000,0.00
1777916383,loop38,0.00,0.00,0.000,0.000,0.00
1777916383,loop39,0.00,0.00,0.000,0.000,0.00
1777916383,loop4,0.00,0.00,0.000,0.000,0.00
1777916383,loop40,0.00,0.00,0.000,0.000,0.00
1777916383,loop5,0.00,0.00,0.000,0.000,0.00
1777916383,loop6,0.00,0.00,0.000,0.000,0.00
1777916383,loop7,0.00,0.00,0.000,0.000,0.00
1777916383,loop8,0.00,0.00,0.000,0.000,0.00
1777916383,loop9,0.00,0.00,0.000,0.000,0.00
1777916383,nvme0n1,0.00,0.00,0.000,0.000,0.70
1777916384,loop0,0.00,0.00,0.000,0.000,0.00
1777916384,loop1,0.00,0.00,0.000,0.000,0.00
1777916384,loop10,0.00,0.00,0.000,0.000,0.00
1777916384,loop11,0.00,0.00,0.000,0.000,0.00
1777916384,loop12,0.00,0.00,0.000,0.000,0.00
1777916384,loop13,0.00,0.00,0.000,0.000,0.00
1777916384,loop14,0.00,0.00,0.000,0.000,0.00
1777916384,loop15,0.00,0.00,0.000,0.000,0.00
1777916384,loop16,0.00,0.00,0.000,0.000,0.00
1777916384,loop17,0.00,0.00,0.000,0.000,0.00
1777916384,loop18,0.00,0.00,0.000,0.000,0.00
1777916384,loop19,0.00,0.00,0.000,0.000,0.00
1777916384,loop2,0.00,0.00,0.000,0.000,0.00
1777916384,loop20,0.00,0.00,0.000,0.000,0.00
1777916384,loop21,0.00,0.00,0.000,0.000,0.00
1777916384,loop22,0.00,0.00,0.000,0.000,0.00
1777916384,loop23,0.00,0.00,0.000,0.000,0.00
1777916384,loop24,0.00,0.00,0.000,0.000,0.00
1777916384,loop25,0.00,0.00,0.000,0.000,0.00
1777916384,loop26,0.00,0.00,0.000,0.000,0.00
1777916384,loop27,0.00,0.00,0.000,0.000,0.00
1777916384,loop28,0.00,0.00,0.000,0.000,0.00
1777916384,loop29,0.00,0.00,0.000,0.000,0.00
1777916384,loop3,0.00,0.00,0.000,0.000,0.00
1777916384,loop30,0.00,0.00,0.000,0.000,0.00
1777916384,loop31,0.00,0.00,0.000,0.000,0.00
1777916384,loop32,0.00,0.00,0.000,0.000,0.00
1777916384,loop33,0.00,0.00,0.000,0.000,0.00
1777916384,loop34,0.00,0.00,0.000,0.000,0.00
1777916384,loop35,0.00,0.00,0.000,0.000,0.00
1777916384,loop36,0.00,0.00,0.000,0.000,0.00
1777916384,loop37,0.00,0.00,0.000,0.000,0.00
1777916384,loop38,0.00,0.00,0.000,0.000,0.00
1777916384,loop39,0.00,0.00,0.000,0.000,0.00
1777916384,loop4,0.00,0.00,0.000,0.000,0.00
1777916384,loop40,0.00,0.00,0.000,0.000,0.00
1777916384,loop5,0.00,0.00,0.000,0.000,0.00
1777916384,loop6,0.00,0.00,0.000,0.000,0.00
1777916384,loop7,0.00,0.00,0.000,0.000,0.00
1777916384,loop8,0.00,0.00,0.000,0.000,0.00
1777916384,loop9,0.00,0.00,0.000,0.000,0.00
1777916384,nvme0n1,0.00,0.00,0.000,0.000,0.10
1777916385,loop0,0.00,0.00,0.000,0.000,0.00
1777916385,loop1,0.00,0.00,0.000,0.000,0.00
1777916385,loop10,0.00,0.00,0.000,0.000,0.00
1777916385,loop11,0.00,0.00,0.000,0.000,0.00
1777916385,loop12,0.00,0.00,0.000,0.000,0.00
1777916385,loop13,0.00,0.00,0.000,0.000,0.00
1777916385,loop14,0.00,0.00,0.000,0.000,0.00
1777916385,loop15,0.00,0.00,0.000,0.000,0.00
1777916385,loop16,0.00,0.00,0.000,0.000,0.00
1777916385,loop17,0.00,0.00,0.000,0.000,0.00
1777916385,loop18,0.00,0.00,0.000,0.000,0.00
1777916385,loop19,0.00,0.00,0.000,0.000,0.00
1777916385,loop2,0.00,0.00,0.000,0.000,0.00
1777916385,loop20,0.00,0.00,0.000,0.000,0.00
1777916385,loop21,0.00,0.00,0.000,0.000,0.00
1777916385,loop22,0.00,0.00,0.000,0.000,0.00
1777916385,loop23,0.00,0.00,0.000,0.000,0.00
1777916385,loop24,0.00,0.00,0.000,0.000,0.00
1777916385,loop25,0.00,0.00,0.000,0.000,0.00
1777916385,loop26,0.00,0.00,0.000,0.000,0.00
1777916385,loop27,0.00,0.00,0.000,0.000,0.00
1777916385,loop28,0.00,0.00,0.000,0.000,0.00
1777916385,loop29,0.00,0.00,0.000,0.000,0.00
1777916385,loop3,0.00,0.00,0.000,0.000,0.00
1777916385,loop30,0.00,0.00,0.000,0.000,0.00
1777916385,loop31,0.00,0.00,0.000,0.000,0.00
1777916385,loop32,0.00,0.00,0.000,0.000,0.00
1777916385,loop33,0.00,0.00,0.000,0.000,0.00
1777916385,loop34,0.00,0.00,0.000,0.000,0.00
1777916385,loop35,0.00,0.00,0.000,0.000,0.00
1777916385,loop36,0.00,0.00,0.000,0.000,0.00
1777916385,loop37,0.00,0.00,0.000,0.000,0.00
1777916385,loop38,0.00,0.00,0.000,0.000,0.00
1777916385,loop39,0.00,0.00,0.000,0.000,0.00
1777916385,loop4,0.00,0.00,0.000,0.000,0.00
1777916385,loop40,0.00,0.00,0.000,0.000,0.00
1777916385,loop5,0.00,0.00,0.000,0.000,0.00
1777916385,loop6,0.00,0.00,0.000,0.000,0.00
1777916385,loop7,0.00,0.00,0.000,0.000,0.00
1777916385,loop8,0.00,0.00,0.000,0.000,0.00
1777916385,loop9,0.00,0.00,0.000,0.000,0.00
1777916385,nvme0n1,0.00,0.00,0.000,0.000,0.00
1777916386,loop0,0.00,0.00,0.000,0.000,0.00
1777916386,loop1,0.00,0.00,0.000,0.000,0.00
1777916386,loop10,0.00,0.00,0.000,0.000,0.00
1777916386,loop11,0.00,0.00,0.000,0.000,0.00
1777916386,loop12,0.00,0.00,0.000,0.000,0.00
1777916386,loop13,0.00,0.00,0.000,0.000,0.00
1777916386,loop14,0.00,0.00,0.000,0.000,0.00
1777916386,loop15,0.00,0.00,0.000,0.000,0.00
1777916386,loop16,0.00,0.00,0.000,0.000,0.00
1777916386,loop17,0.00,0.00,0.000,0.000,0.00
1777916386,loop18,0.00,0.00,0.000,0.000,0.00
1777916386,loop19,0.00,0.00,0.000,0.000,0.00
1777916386,loop2,0.00,0.00,0.000,0.000,0.00
1777916386,loop20,0.00,0.00,0.000,0.000,0.00
1777916386,loop21,0.00,0.00,0.000,0.000,0.00
1777916386,loop22,0.00,0.00,0.000,0.000,0.00
1777916386,loop23,0.00,0.00,0.000,0.000,0.00
1777916386,loop24,0.00,0.00,0.000,0.000,0.00
1777916386,loop25,0.00,0.00,0.000,0.000,0.00
1777916386,loop26,0.00,0.00,0.000,0.000,0.00
1777916386,loop27,0.00,0.00,0.000,0.000,0.00
1777916386,loop28,0.00,0.00,0.000,0.000,0.00
1777916386,loop29,0.00,0.00,0.000,0.000,0.00
1777916386,loop3,0.00,0.00,0.000,0.000,0.00
1777916386,loop30,0.00,0.00,0.000,0.000,0.00
1777916386,loop31,0.00,0.00,0.000,0.000,0.00
1777916386,loop32,0.00,0.00,0.000,0.000,0.00
1777916386,loop33,0.00,0.00,0.000,0.000,0.00
1777916386,loop34,0.00,0.00,0.000,0.000,0.00
1777916386,loop35,0.00,0.00,0.000,0.000,0.00
1777916386,loop36,0.00,0.00,0.000,0.000,0.00
1777916386,loop37,0.00,0.00,0.000,0.000,0.00
1777916386,loop38,0.00,0.00,0.000,0.000,0.00
1777916386,loop39,0.00,0.00,0.000,0.000,0.00
1777916386,loop4,0.00,0.00,0.000,0.000,0.00
1777916386,loop40,0.00,0.00,0.000,0.000,0.00
1777916386,loop5,0.00,0.00,0.000,0.000,0.00
1777916386,loop6,0.00,0.00,0.000,0.000,0.00
1777916386,loop7,0.00,0.00,0.000,0.000,0.00
1777916386,loop8,0.00,0.00,0.000,0.000,0.00
1777916386,loop9,0.00,0.00,0.000,0.000,0.00
1777916386,nvme0n1,0.00,0.00,0.000,0.000,0.00
1777916387,loop0,0.00,0.00,0.000,0.000,0.00
1777916387,loop1,0.00,0.00,0.000,0.000,0.00
1777916387,loop10,0.00,0.00,0.000,0.000,0.00
1777916387,loop11,0.00,0.00,0.000,0.000,0.00
1777916387,loop12,0.00,0.00,0.000,0.000,0.00
1777916387,loop13,0.00,0.00,0.000,0.000,0.00
1777916387,loop14,0.00,0.00,0.000,0.000,0.00
1777916387,loop15,0.00,0.00,0.000,0.000,0.00
1777916387,loop16,0.00,0.00,0.000,0.000,0.00
1777916387,loop17,0.00,0.00,0.000,0.000,0.00
1777916387,loop18,0.00,0.00,0.000,0.000,0.00
1777916387,loop19,0.00,0.00,0.000,0.000,0.00
1777916387,loop2,0.00,0.00,0.000,0.000,0.00
1777916387,loop20,0.00,0.00,0.000,0.000,0.00
1777916387,loop21,0.00,0.00,0.000,0.000,0.00
1777916387,loop22,0.00,0.00,0.000,0.000,0.00
1777916387,loop23,0.00,0.00,0.000,0.000,0.00
1777916387,loop24,0.00,0.00,0.000,0.000,0.00
1777916387,loop25,0.00,0.00,0.000,0.000,0.00
1777916387,loop26,0.00,0.00,0.000,0.000,0.00
1777916387,loop27,0.00,0.00,0.000,0.000,0.00
1777916387,loop28,0.00,0.00,0.000,0.000,0.00
1777916387,loop29,0.00,0.00,0.000,0.000,0.00
1777916387,loop3,0.00,0.00,0.000,0.000,0.00
1777916387,loop30,0.00,0.00,0.000,0.000,0.00
1777916387,loop31,0.00,0.00,0.000,0.000,0.00
1777916387,loop32,0.00,0.00,0.000,0.000,0.00
1777916387,loop33,0.00,0.00,0.000,0.000,0.00
1777916387,loop34,0.00,0.00,0.000,0.000,0.00
1777916387,loop35,0.00,0.00,0.000,0.000,0.00
1777916387,loop36,0.00,0.00,0.000,0.000,0.00
1777916387,loop37,0.00,0.00,0.000,0.000,0.00
1777916387,loop38,0.00,0.00,0.000,0.000,0.00
1777916387,loop39,0.00,0.00,0.000,0.000,0.00
1777916387,loop4,0.00,0.00,0.000,0.000,0.00
1777916387,loop40,0.00,0.00,0.000,0.000,0.00
1777916387,loop5,0.00,0.00,0.000,0.000,0.00
1777916387,loop6,0.00,0.00,0.000,0.000,0.00
1777916387,loop7,0.00,0.00,0.000,0.000,0.00
1777916387,loop8,0.00,0.00,0.000,0.000,0.00
1777916387,loop9,0.00,0.00,0.000,0.000,0.00
1777916387,nvme0n1,0.00,0.00,0.000,0.000,0.00
1777916388,loop0,0.00,0.00,0.000,0.000,0.00
1777916388,loop1,0.00,0.00,0.000,0.000,0.00
1777916388,loop10,0.00,0.00,0.000,0.000,0.00
1777916388,loop11,0.00,0.00,0.000,0.000,0.00
1777916388,loop12,0.00,0.00,0.000,0.000,0.00
1777916388,loop13,0.00,0.00,0.000,0.000,0.00
1777916388,loop14,0.00,0.00,0.000,0.000,0.00
1777916388,loop15,0.00,0.00,0.000,0.000,0.00
1777916388,loop16,0.00,0.00,0.000,0.000,0.00
1777916388,loop17,0.00,0.00,0.000,0.000,0.00
1777916388,loop18,0.00,0.00,0.000,0.000,0.00
1777916388,loop19,0.00,0.00,0.000,0.000,0.00
1777916388,loop2,0.00,0.00,0.000,0.000,0.00
1777916388,loop20,0.00,0.00,0.000,0.000,0.00
1777916388,loop21,0.00,0.00,0.000,0.000,0.00
1777916388,loop22,0.00,0.00,0.000,0.000,0.00
1777916388,loop23,0.00,0.00,0.000,0.000,0.00
1777916388,loop24,0.00,0.00,0.000,0.000,0.00
1777916388,loop25,0.00,0.00,0.000,0.000,0.00
1777916388,loop26,0.00,0.00,0.000,0.000,0.00
1777916388,loop27,0.00,0.00,0.000,0.000,0.00
1777916388,loop28,0.00,0.00,0.000,0.000,0.00
1777916388,loop29,0.00,0.00,0.000,0.000,0.00
1777916388,loop3,0.00,0.00,0.000,0.000,0.00
1777916388,loop30,0.00,0.00,0.000,0.000,0.00
1777916388,loop31,0.00,0.00,0.000,0.000,0.00
1777916388,loop32,0.00,0.00,0.000,0.000,0.00
1777916388,loop33,0.00,0.00,0.000,0.000,0.00
1777916388,loop34,0.00,0.00,0.000,0.000,0.00
1777916388,loop35,0.00,0.00,0.000,0.000,0.00
1777916388,loop36,0.00,0.00,0.000,0.000,0.00
1777916388,loop37,0.00,0.00,0.000,0.000,0.00
1777916388,loop38,0.00,0.00,0.000,0.000,0.00
1777916388,loop39,0.00,0.00,0.000,0.000,0.00
1777916388,loop4,0.00,0.00,0.000,0.000,0.00
1777916388,loop40,0.00,0.00,0.000,0.000,0.00
1777916388,loop5,0.00,0.00,0.000,0.000,0.00
1777916388,loop6,0.00,0.00,0.000,0.000,0.00
1777916388,loop7,0.00,0.00,0.000,0.000,0.00
1777916388,loop8,0.00,0.00,0.000,0.000,0.00
1777916388,loop9,0.00,0.00,0.000,0.000,0.00
1777916388,nvme0n1,0.00,0.00,0.000,0.000,5.60
1777916389,loop0,0.00,0.00,0.000,0.000,0.00
1777916389,loop1,0.00,0.00,0.000,0.000,0.00
1777916389,loop10,0.00,0.00,0.000,0.000,0.00
1777916389,loop11,0.00,0.00,0.000,0.000,0.00
1777916389,loop12,0.00,0.00,0.000,0.000,0.00
1777916389,loop13,0.00,0.00,0.000,0.000,0.00
1777916389,loop14,0.00,0.00,0.000,0.000,0.00
1777916389,loop15,0.00,0.00,0.000,0.000,0.00
1777916389,loop16,0.00,0.00,0.000,0.000,0.00
1777916389,loop17,0.00,0.00,0.000,0.000,0.00
1777916389,loop18,0.00,0.00,0.000,0.000,0.00
1777916389,loop19,0.00,0.00,0.000,0.000,0.00
1777916389,loop2,0.00,0.00,0.000,0.000,0.00
1777916389,loop20,0.00,0.00,0.000,0.000,0.00
1777916389,loop21,0.00,0.00,0.000,0.000,0.00
1777916389,loop22,0.00,0.00,0.000,0.000,0.00
1777916389,loop23,0.00,0.00,0.000,0.000,0.00
1777916389,loop24,0.00,0.00,0.000,0.000,0.00
1777916389,loop25,0.00,0.00,0.000,0.000,0.00
1777916389,loop26,0.00,0.00,0.000,0.000,0.00
1777916389,loop27,0.00,0.00,0.000,0.000,0.00
1777916389,loop28,0.00,0.00,0.000,0.000,0.00
1777916389,loop29,0.00,0.00,0.000,0.000,0.00
1777916389,loop3,0.00,0.00,0.000,0.000,0.00
1777916389,loop30,0.00,0.00,0.000,0.000,0.00
1777916389,loop31,0.00,0.00,0.000,0.000,0.00
1777916389,loop32,0.00,0.00,0.000,0.000,0.00
1777916389,loop33,0.00,0.00,0.000,0.000,0.00
1777916389,loop34,0.00,0.00,0.000,0.000,0.00
1777916389,loop35,0.00,0.00,0.000,0.000,0.00
1777916389,loop36,0.00,0.00,0.000,0.000,0.00
1777916389,loop37,0.00,0.00,0.000,0.000,0.00
1777916389,loop38,0.00,0.00,0.000,0.000,0.00
1777916389,loop39,0.00,0.00,0.000,0.000,0.00
1777916389,loop4,0.00,0.00,0.000,0.000,0.00
1777916389,loop40,0.00,0.00,0.000,0.000,0.00
1777916389,loop5,0.00,0.00,0.000,0.000,0.00
1777916389,loop6,0.00,0.00,0.000,0.000,0.00
1777916389,loop7,0.00,0.00,0.000,0.000,0.00
1777916389,loop8,0.00,0.00,0.000,0.000,0.00
1777916389,loop9,0.00,0.00,0.000,0.000,0.00
1777916389,nvme0n1,1.00,16.00,0.000,0.000,0.40
1777916390,loop0,0.00,0.00,0.000,0.000,0.00
1777916390,loop1,0.00,0.00,0.000,0.000,0.00
1777916390,loop10,0.00,0.00,0.000,0.000,0.00
1777916390,loop11,0.00,0.00,0.000,0.000,0.00
1777916390,loop12,0.00,0.00,0.000,0.000,0.00
1777916390,loop13,0.00,0.00,0.000,0.000,0.00
1777916390,loop14,0.00,0.00,0.000,0.000,0.00
1777916390,loop15,0.00,0.00,0.000,0.000,0.00
1777916390,loop16,0.00,0.00,0.000,0.000,0.00
1777916390,loop17,0.00,0.00,0.000,0.000,0.00
1777916390,loop18,0.00,0.00,0.000,0.000,0.00
1777916390,loop19,0.00,0.00,0.000,0.000,0.00
1777916390,loop2,0.00,0.00,0.000,0.000,0.00
1777916390,loop20,0.00,0.00,0.000,0.000,0.00
1777916390,loop21,0.00,0.00,0.000,0.000,0.00
1777916390,loop22,0.00,0.00,0.000,0.000,0.00
1777916390,loop23,0.00,0.00,0.000,0.000,0.00
1777916390,loop24,0.00,0.00,0.000,0.000,0.00
1777916390,loop25,0.00,0.00,0.000,0.000,0.00
1777916390,loop26,0.00,0.00,0.000,0.000,0.00
1777916390,loop27,0.00,0.00,0.000,0.000,0.00
1777916390,loop28,0.00,0.00,0.000,0.000,0.00
1777916390,loop29,0.00,0.00,0.000,0.000,0.00
1777916390,loop3,0.00,0.00,0.000,0.000,0.00
1777916390,loop30,0.00,0.00,0.000,0.000,0.00
1777916390,loop31,0.00,0.00,0.000,0.000,0.00
1777916390,loop32,0.00,0.00,0.000,0.000,0.00
1777916390,loop33,0.00,0.00,0.000,0.000,0.00
1777916390,loop34,0.00,0.00,0.000,0.000,0.00
1777916390,loop35,0.00,0.00,0.000,0.000,0.00
1777916390,loop36,0.00,0.00,0.000,0.000,0.00
1777916390,loop37,0.00,0.00,0.000,0.000,0.00
1777916390,loop38,0.00,0.00,0.000,0.000,0.00
1777916390,loop39,0.00,0.00,0.000,0.000,0.00
1777916390,loop4,0.00,0.00,0.000,0.000,0.00
1777916390,loop40,0.00,0.00,0.000,0.000,0.00
1777916390,loop5,0.00,0.00,0.000,0.000,0.00
1777916390,loop6,0.00,0.00,0.000,0.000,0.00
1777916390,loop7,0.00,0.00,0.000,0.000,0.00
1777916390,loop8,0.00,0.00,0.000,0.000,0.00
1777916390,loop9,0.00,0.00,0.000,0.000,0.00
1777916390,nvme0n1,302.00,7352.00,0.000,0.000,2.30
1777916391,loop0,0.00,0.00,0.000,0.000,0.00
1777916391,loop1,0.00,0.00,0.000,0.000,0.00
1777916391,loop10,0.00,0.00,0.000,0.000,0.00
1777916391,loop11,0.00,0.00,0.000,0.000,0.00
1777916391,loop12,0.00,0.00,0.000,0.000,0.00
1777916391,loop13,0.00,0.00,0.000,0.000,0.00
1777916391,loop14,0.00,0.00,0.000,0.000,0.00
1777916391,loop15,0.00,0.00,0.000,0.000,0.00
1777916391,loop16,0.00,0.00,0.000,0.000,0.00
1777916391,loop17,0.00,0.00,0.000,0.000,0.00
1777916391,loop18,0.00,0.00,0.000,0.000,0.00
1777916391,loop19,0.00,0.00,0.000,0.000,0.00
1777916391,loop2,0.00,0.00,0.000,0.000,0.00
1777916391,loop20,0.00,0.00,0.000,0.000,0.00
1777916391,loop21,0.00,0.00,0.000,0.000,0.00
1777916391,loop22,0.00,0.00,0.000,0.000,0.00
1777916391,loop23,0.00,0.00,0.000,0.000,0.00
1777916391,loop24,0.00,0.00,0.000,0.000,0.00
1777916391,loop25,0.00,0.00,0.000,0.000,0.00
1777916391,loop26,0.00,0.00,0.000,0.000,0.00
1777916391,loop27,0.00,0.00,0.000,0.000,0.00
1777916391,loop28,0.00,0.00,0.000,0.000,0.00
1777916391,loop29,0.00,0.00,0.000,0.000,0.00
1777916391,loop3,0.00,0.00,0.000,0.000,0.00
1777916391,loop30,0.00,0.00,0.000,0.000,0.00
1777916391,loop31,0.00,0.00,0.000,0.000,0.00
1777916391,loop32,0.00,0.00,0.000,0.000,0.00
1777916391,loop33,0.00,0.00,0.000,0.000,0.00
1777916391,loop34,0.00,0.00,0.000,0.000,0.00
1777916391,loop35,0.00,0.00,0.000,0.000,0.00
1777916391,loop36,0.00,0.00,0.000,0.000,0.00
1777916391,loop37,0.00,0.00,0.000,0.000,0.00
1777916391,loop38,0.00,0.00,0.000,0.000,0.00
1777916391,loop39,0.00,0.00,0.000,0.000,0.00
1777916391,loop4,0.00,0.00,0.000,0.000,0.00
1777916391,loop40,0.00,0.00,0.000,0.000,0.00
1777916391,loop5,0.00,0.00,0.000,0.000,0.00
1777916391,loop6,0.00,0.00,0.000,0.000,0.00
1777916391,loop7,0.00,0.00,0.000,0.000,0.00
1777916391,loop8,0.00,0.00,0.000,0.000,0.00
1777916391,loop9,0.00,0.00,0.000,0.000,0.00
1777916391,nvme0n1,0.00,0.00,0.000,0.000,0.00
1777916392,loop0,0.00,0.00,0.000,0.000,0.00
1777916392,loop1,0.00,0.00,0.000,0.000,0.00
1777916392,loop10,0.00,0.00,0.000,0.000,0.00
1777916392,loop11,0.00,0.00,0.000,0.000,0.00
1777916392,loop12,0.00,0.00,0.000,0.000,0.00
1777916392,loop13,0.00,0.00,0.000,0.000,0.00
1777916392,loop14,0.00,0.00,0.000,0.000,0.00
1777916392,loop15,0.00,0.00,0.000,0.000,0.00
1777916392,loop16,0.00,0.00,0.000,0.000,0.00
1777916392,loop17,0.00,0.00,0.000,0.000,0.00
1777916392,loop18,0.00,0.00,0.000,0.000,0.00
1777916392,loop19,0.00,0.00,0.000,0.000,0.00
1777916392,loop2,0.00,0.00,0.000,0.000,0.00
1777916392,loop20,0.00,0.00,0.000,0.000,0.00
1777916392,loop21,0.00,0.00,0.000,0.000,0.00
1777916392,loop22,0.00,0.00,0.000,0.000,0.00
1777916392,loop23,0.00,0.00,0.000,0.000,0.00
1777916392,loop24,0.00,0.00,0.000,0.000,0.00
1777916392,loop25,0.00,0.00,0.000,0.000,0.00
1777916392,loop26,0.00,0.00,0.000,0.000,0.00
1777916392,loop27,0.00,0.00,0.000,0.000,0.00
1777916392,loop28,0.00,0.00,0.000,0.000,0.00
1777916392,loop29,0.00,0.00,0.000,0.000,0.00
1777916392,loop3,0.00,0.00,0.000,0.000,0.00
1777916392,loop30,0.00,0.00,0.000,0.000,0.00
1777916392,loop31,0.00,0.00,0.000,0.000,0.00
1777916392,loop32,0.00,0.00,0.000,0.000,0.00
1777916392,loop33,0.00,0.00,0.000,0.000,0.00
1777916392,loop34,0.00,0.00,0.000,0.000,0.00
1777916392,loop35,0.00,0.00,0.000,0.000,0.00
1777916392,loop36,0.00,0.00,0.000,0.000,0.00
1777916392,loop37,0.00,0.00,0.000,0.000,0.00
1777916392,loop38,0.00,0.00,0.000,0.000,0.00
1777916392,loop39,0.00,0.00,0.000,0.000,0.00
1777916392,loop4,0.00,0.00,0.000,0.000,0.00
1777916392,loop40,0.00,0.00,0.000,0.000,0.00
1777916392,loop5,0.00,0.00,0.000,0.000,0.00
1777916392,loop6,0.00,0.00,0.000,0.000,0.00
1777916392,loop7,0.00,0.00,0.000,0.000,0.00
1777916392,loop8,0.00,0.00,0.000,0.000,0.00
1777916392,loop9,0.00,0.00,0.000,0.000,0.00
1777916392,nvme0n1,0.00,0.00,0.000,0.000,0.00
1777916393,loop0,0.00,0.00,0.000,0.000,0.00
1777916393,loop1,0.00,0.00,0.000,0.000,0.00
1777916393,loop10,0.00,0.00,0.000,0.000,0.00
1777916393,loop11,0.00,0.00,0.000,0.000,0.00
1777916393,loop12,0.00,0.00,0.000,0.000,0.00
1777916393,loop13,0.00,0.00,0.000,0.000,0.00
1777916393,loop14,0.00,0.00,0.000,0.000,0.00
1777916393,loop15,0.00,0.00,0.000,0.000,0.00
1777916393,loop16,0.00,0.00,0.000,0.000,0.00
1777916393,loop17,0.00,0.00,0.000,0.000,0.00
1777916393,loop18,0.00,0.00,0.000,0.000,0.00
1777916393,loop19,0.00,0.00,0.000,0.000,0.00
1777916393,loop2,0.00,0.00,0.000,0.000,0.00
1777916393,loop20,0.00,0.00,0.000,0.000,0.00
1777916393,loop21,0.00,0.00,0.000,0.000,0.00
1777916393,loop22,0.00,0.00,0.000,0.000,0.00
1777916393,loop23,0.00,0.00,0.000,0.000,0.00
1777916393,loop24,0.00,0.00,0.000,0.000,0.00
1777916393,loop25,0.00,0.00,0.000,0.000,0.00
1777916393,loop26,0.00,0.00,0.000,0.000,0.00
1777916393,loop27,0.00,0.00,0.000,0.000,0.00
1777916393,loop28,0.00,0.00,0.000,0.000,0.00
1777916393,loop29,0.00,0.00,0.000,0.000,0.00
1777916393,loop3,0.00,0.00,0.000,0.000,0.00
1777916393,loop30,0.00,0.00,0.000,0.000,0.00
1777916393,loop31,0.00,0.00,0.000,0.000,0.00
1777916393,loop32,0.00,0.00,0.000,0.000,0.00
1777916393,loop33,0.00,0.00,0.000,0.000,0.00
1777916393,loop34,0.00,0.00,0.000,0.000,0.00
1777916393,loop35,0.00,0.00,0.000,0.000,0.00
1777916393,loop36,0.00,0.00,0.000,0.000,0.00
1777916393,loop37,0.00,0.00,0.000,0.000,0.00
1777916393,loop38,0.00,0.00,0.000,0.000,0.00
1777916393,loop39,0.00,0.00,0.000,0.000,0.00
1777916393,loop4,0.00,0.00,0.000,0.000,0.00
1777916393,loop40,0.00,0.00,0.000,0.000,0.00
1777916393,loop5,0.00,0.00,0.000,0.000,0.00
1777916393,loop6,0.00,0.00,0.000,0.000,0.00
1777916393,loop7,0.00,0.00,0.000,0.000,0.00
1777916393,loop8,0.00,0.00,0.000,0.000,0.00
1777916393,loop9,0.00,0.00,0.000,0.000,0.00
1777916393,nvme0n1,0.00,0.00,0.000,0.000,0.00
1777916394,loop0,0.00,0.00,0.000,0.000,0.00
1777916394,loop1,0.00,0.00,0.000,0.000,0.00
1777916394,loop10,0.00,0.00,0.000,0.000,0.00
1777916394,loop11,0.00,0.00,0.000,0.000,0.00
1777916394,loop12,0.00,0.00,0.000,0.000,0.00
1777916394,loop13,0.00,0.00,0.000,0.000,0.00
1777916394,loop14,0.00,0.00,0.000,0.000,0.00
1777916394,loop15,0.00,0.00,0.000,0.000,0.00
1777916394,loop16,0.00,0.00,0.000,0.000,0.00
1777916394,loop17,0.00,0.00,0.000,0.000,0.00
1777916394,loop18,0.00,0.00,0.000,0.000,0.00
1777916394,loop19,0.00,0.00,0.000,0.000,0.00
1777916394,loop2,0.00,0.00,0.000,0.000,0.00
1777916394,loop20,0.00,0.00,0.000,0.000,0.00
1777916394,loop21,0.00,0.00,0.000,0.000,0.00
1777916394,loop22,0.00,0.00,0.000,0.000,0.00
1777916394,loop23,0.00,0.00,0.000,0.000,0.00
1777916394,loop24,0.00,0.00,0.000,0.000,0.00
1777916394,loop25,0.00,0.00,0.000,0.000,0.00
1777916394,loop26,0.00,0.00,0.000,0.000,0.00
1777916394,loop27,0.00,0.00,0.000,0.000,0.00
1777916394,loop28,0.00,0.00,0.000,0.000,0.00
1777916394,loop29,0.00,0.00,0.000,0.000,0.00
1777916394,loop3,0.00,0.00,0.000,0.000,0.00
1777916394,loop30,0.00,0.00,0.000,0.000,0.00
1777916394,loop31,0.00,0.00,0.000,0.000,0.00
1777916394,loop32,0.00,0.00,0.000,0.000,0.00
1777916394,loop33,0.00,0.00,0.000,0.000,0.00
1777916394,loop34,0.00,0.00,0.000,0.000,0.00
1777916394,loop35,0.00,0.00,0.000,0.000,0.00
1777916394,loop36,0.00,0.00,0.000,0.000,0.00
1777916394,loop37,0.00,0.00,0.000,0.000,0.00
1777916394,loop38,0.00,0.00,0.000,0.000,0.00
1777916394,loop39,0.00,0.00,0.000,0.000,0.00
1777916394,loop4,0.00,0.00,0.000,0.000,0.00
1777916394,loop40,0.00,0.00,0.000,0.000,0.00
1777916394,loop5,0.00,0.00,0.000,0.000,0.00
1777916394,loop6,0.00,0.00,0.000,0.000,0.00
1777916394,loop7,0.00,0.00,0.000,0.000,0.00
1777916394,loop8,0.00,0.00,0.000,0.000,0.00
1777916394,loop9,0.00,0.00,0.000,0.000,0.00
1777916394,nvme0n1,0.00,0.00,0.000,0.000,2.10
1777916395,loop0,0.00,0.00,0.000,0.000,0.00
1777916395,loop1,0.00,0.00,0.000,0.000,0.00
1777916395,loop10,0.00,0.00,0.000,0.000,0.00
1777916395,loop11,0.00,0.00,0.000,0.000,0.00
1777916395,loop12,0.00,0.00,0.000,0.000,0.00
1777916395,loop13,0.00,0.00,0.000,0.000,0.00
1777916395,loop14,0.00,0.00,0.000,0.000,0.00
1777916395,loop15,0.00,0.00,0.000,0.000,0.00
1777916395,loop16,0.00,0.00,0.000,0.000,0.00
1777916395,loop17,0.00,0.00,0.000,0.000,0.00
1777916395,loop18,0.00,0.00,0.000,0.000,0.00
1777916395,loop19,0.00,0.00,0.000,0.000,0.00
1777916395,loop2,0.00,0.00,0.000,0.000,0.00
1777916395,loop20,0.00,0.00,0.000,0.000,0.00
1777916395,loop21,0.00,0.00,0.000,0.000,0.00
1777916395,loop22,0.00,0.00,0.000,0.000,0.00
1777916395,loop23,0.00,0.00,0.000,0.000,0.00
1777916395,loop24,0.00,0.00,0.000,0.000,0.00
1777916395,loop25,0.00,0.00,0.000,0.000,0.00
1777916395,loop26,0.00,0.00,0.000,0.000,0.00
1777916395,loop27,0.00,0.00,0.000,0.000,0.00
1777916395,loop28,0.00,0.00,0.000,0.000,0.00
1777916395,loop29,0.00,0.00,0.000,0.000,0.00
1777916395,loop3,0.00,0.00,0.000,0.000,0.00
1777916395,loop30,0.00,0.00,0.000,0.000,0.00
1777916395,loop31,0.00,0.00,0.000,0.000,0.00
1777916395,loop32,0.00,0.00,0.000,0.000,0.00
1777916395,loop33,0.00,0.00,0.000,0.000,0.00
1777916395,loop34,0.00,0.00,0.000,0.000,0.00
1777916395,loop35,0.00,0.00,0.000,0.000,0.00
1777916395,loop36,0.00,0.00,0.000,0.000,0.00
1777916395,loop37,0.00,0.00,0.000,0.000,0.00
1777916395,loop38,0.00,0.00,0.000,0.000,0.00
1777916395,loop39,0.00,0.00,0.000,0.000,0.00
1777916395,loop4,0.00,0.00,0.000,0.000,0.00
1777916395,loop40,0.00,0.00,0.000,0.000,0.00
1777916395,loop5,0.00,0.00,0.000,0.000,0.00
1777916395,loop6,0.00,0.00,0.000,0.000,0.00
1777916395,loop7,0.00,0.00,0.000,0.000,0.00
1777916395,loop8,0.00,0.00,0.000,0.000,0.00
1777916395,loop9,0.00,0.00,0.000,0.000,0.00
1777916395,nvme0n1,0.00,0.00,0.000,0.000,0.40
1777916396,loop0,0.00,0.00,0.000,0.000,0.00
1777916396,loop1,0.00,0.00,0.000,0.000,0.00
1777916396,loop10,0.00,0.00,0.000,0.000,0.00
1777916396,loop11,0.00,0.00,0.000,0.000,0.00
1777916396,loop12,0.00,0.00,0.000,0.000,0.00
1777916396,loop13,0.00,0.00,0.000,0.000,0.00
1777916396,loop14,0.00,0.00,0.000,0.000,0.00
1777916396,loop15,0.00,0.00,0.000,0.000,0.00
1777916396,loop16,0.00,0.00,0.000,0.000,0.00
1777916396,loop17,0.00,0.00,0.000,0.000,0.00
1777916396,loop18,0.00,0.00,0.000,0.000,0.00
1777916396,loop19,0.00,0.00,0.000,0.000,0.00
1777916396,loop2,0.00,0.00,0.000,0.000,0.00
1777916396,loop20,0.00,0.00,0.000,0.000,0.00
1777916396,loop21,0.00,0.00,0.000,0.000,0.00
1777916396,loop22,0.00,0.00,0.000,0.000,0.00
1777916396,loop23,0.00,0.00,0.000,0.000,0.00
1777916396,loop24,0.00,0.00,0.000,0.000,0.00
1777916396,loop25,0.00,0.00,0.000,0.000,0.00
1777916396,loop26,0.00,0.00,0.000,0.000,0.00
1777916396,loop27,0.00,0.00,0.000,0.000,0.00
1777916396,loop28,0.00,0.00,0.000,0.000,0.00
1777916396,loop29,0.00,0.00,0.000,0.000,0.00
1777916396,loop3,0.00,0.00,0.000,0.000,0.00
1777916396,loop30,0.00,0.00,0.000,0.000,0.00
1777916396,loop31,0.00,0.00,0.000,0.000,0.00
1777916396,loop32,0.00,0.00,0.000,0.000,0.00
1777916396,loop33,0.00,0.00,0.000,0.000,0.00
1777916396,loop34,0.00,0.00,0.000,0.000,0.00
1777916396,loop35,0.00,0.00,0.000,0.000,0.00
1777916396,loop36,0.00,0.00,0.000,0.000,0.00
1777916396,loop37,0.00,0.00,0.000,0.000,0.00
1777916396,loop38,0.00,0.00,0.000,0.000,0.00
1777916396,loop39,0.00,0.00,0.000,0.000,0.00
1777916396,loop4,0.00,0.00,0.000,0.000,0.00
1777916396,loop40,0.00,0.00,0.000,0.000,0.00
1777916396,loop5,0.00,0.00,0.000,0.000,0.00
1777916396,loop6,0.00,0.00,0.000,0.000,0.00
1777916396,loop7,0.00,0.00,0.000,0.000,0.00
1777916396,loop8,0.00,0.00,0.000,0.000,0.00
1777916396,loop9,0.00,0.00,0.000,0.000,0.00
1777916396,nvme0n1,0.00,0.00,0.000,0.000,0.00
1777916397,loop0,0.00,0.00,0.000,0.000,0.00
1777916397,loop1,0.00,0.00,0.000,0.000,0.00
1777916397,loop10,0.00,0.00,0.000,0.000,0.00
1777916397,loop11,0.00,0.00,0.000,0.000,0.00
1777916397,loop12,0.00,0.00,0.000,0.000,0.00
1777916397,loop13,0.00,0.00,0.000,0.000,0.00
1777916397,loop14,0.00,0.00,0.000,0.000,0.00
1777916397,loop15,0.00,0.00,0.000,0.000,0.00
1777916397,loop16,0.00,0.00,0.000,0.000,0.00
1777916397,loop17,0.00,0.00,0.000,0.000,0.00
1777916397,loop18,0.00,0.00,0.000,0.000,0.00
1777916397,loop19,0.00,0.00,0.000,0.000,0.00
1777916397,loop2,0.00,0.00,0.000,0.000,0.00
1777916397,loop20,0.00,0.00,0.000,0.000,0.00
1777916397,loop21,0.00,0.00,0.000,0.000,0.00
1777916397,loop22,0.00,0.00,0.000,0.000,0.00
1777916397,loop23,0.00,0.00,0.000,0.000,0.00
1777916397,loop24,0.00,0.00,0.000,0.000,0.00
1777916397,loop25,0.00,0.00,0.000,0.000,0.00
1777916397,loop26,0.00,0.00,0.000,0.000,0.00
1777916397,loop27,0.00,0.00,0.000,0.000,0.00
1777916397,loop28,0.00,0.00,0.000,0.000,0.00
1777916397,loop29,0.00,0.00,0.000,0.000,0.00
1777916397,loop3,0.00,0.00,0.000,0.000,0.00
1777916397,loop30,0.00,0.00,0.000,0.000,0.00
1777916397,loop31,0.00,0.00,0.000,0.000,0.00
1777916397,loop32,0.00,0.00,0.000,0.000,0.00
1777916397,loop33,0.00,0.00,0.000,0.000,0.00
1777916397,loop34,0.00,0.00,0.000,0.000,0.00
1777916397,loop35,0.00,0.00,0.000,0.000,0.00
1777916397,loop36,0.00,0.00,0.000,0.000,0.00
1777916397,loop37,0.00,0.00,0.000,0.000,0.00
1777916397,loop38,0.00,0.00,0.000,0.000,0.00
1777916397,loop39,0.00,0.00,0.000,0.000,0.00
1777916397,loop4,0.00,0.00,0.000,0.000,0.00
1777916397,loop40,0.00,0.00,0.000,0.000,0.00
1777916397,loop5,0.00,0.00,0.000,0.000,0.00
1777916397,loop6,0.00,0.00,0.000,0.000,0.00
1777916397,loop7,0.00,0.00,0.000,0.000,0.00
1777916397,loop8,0.00,0.00,0.000,0.000,0.00
1777916397,loop9,0.00,0.00,0.000,0.000,0.00
1777916397,nvme0n1,0.00,0.00,0.000,0.000,0.00
1777916398,loop0,0.00,0.00,0.000,0.000,0.00
1777916398,loop1,0.00,0.00,0.000,0.000,0.00
1777916398,loop10,0.00,0.00,0.000,0.000,0.00
1777916398,loop11,0.00,0.00,0.000,0.000,0.00
1777916398,loop12,0.00,0.00,0.000,0.000,0.00
1777916398,loop13,0.00,0.00,0.000,0.000,0.00
1777916398,loop14,0.00,0.00,0.000,0.000,0.00
1777916398,loop15,0.00,0.00,0.000,0.000,0.00
1777916398,loop16,0.00,0.00,0.000,0.000,0.00
1777916398,loop17,0.00,0.00,0.000,0.000,0.00
1777916398,loop18,0.00,0.00,0.000,0.000,0.00
1777916398,loop19,0.00,0.00,0.000,0.000,0.00
1777916398,loop2,0.00,0.00,0.000,0.000,0.00
1777916398,loop20,0.00,0.00,0.000,0.000,0.00
1777916398,loop21,0.00,0.00,0.000,0.000,0.00
1777916398,loop22,0.00,0.00,0.000,0.000,0.00
1777916398,loop23,0.00,0.00,0.000,0.000,0.00
1777916398,loop24,0.00,0.00,0.000,0.000,0.00
1777916398,loop25,0.00,0.00,0.000,0.000,0.00
1777916398,loop26,0.00,0.00,0.000,0.000,0.00
1777916398,loop27,0.00,0.00,0.000,0.000,0.00
1777916398,loop28,0.00,0.00,0.000,0.000,0.00
1777916398,loop29,0.00,0.00,0.000,0.000,0.00
1777916398,loop3,0.00,0.00,0.000,0.000,0.00
1777916398,loop30,0.00,0.00,0.000,0.000,0.00
1777916398,loop31,0.00,0.00,0.000,0.000,0.00
1777916398,loop32,0.00,0.00,0.000,0.000,0.00
1777916398,loop33,0.00,0.00,0.000,0.000,0.00
1777916398,loop34,0.00,0.00,0.000,0.000,0.00
1777916398,loop35,0.00,0.00,0.000,0.000,0.00
1777916398,loop36,0.00,0.00,0.000,0.000,0.00
1777916398,loop37,0.00,0.00,0.000,0.000,0.00
1777916398,loop38,0.00,0.00,0.000,0.000,0.00
1777916398,loop39,0.00,0.00,0.000,0.000,0.00
1777916398,loop4,0.00,0.00,0.000,0.000,0.00
1777916398,loop40,0.00,0.00,0.000,0.000,0.00
1777916398,loop5,0.00,0.00,0.000,0.000,0.00
1777916398,loop6,0.00,0.00,0.000,0.000,0.00
1777916398,loop7,0.00,0.00,0.000,0.000,0.00
1777916398,loop8,0.00,0.00,0.000,0.000,0.00
1777916398,loop9,0.00,0.00,0.000,0.000,0.00
1777916398,nvme0n1,0.00,0.00,0.000,0.000,0.00
1777916399,loop0,0.00,0.00,0.000,0.000,0.00
1777916399,loop1,0.00,0.00,0.000,0.000,0.00
1777916399,loop10,0.00,0.00,0.000,0.000,0.00
1777916399,loop11,0.00,0.00,0.000,0.000,0.00
1777916399,loop12,0.00,0.00,0.000,0.000,0.00
1777916399,loop13,0.00,0.00,0.000,0.000,0.00
1777916399,loop14,0.00,0.00,0.000,0.000,0.00
1777916399,loop15,0.00,0.00,0.000,0.000,0.00
1777916399,loop16,0.00,0.00,0.000,0.000,0.00
1777916399,loop17,0.00,0.00,0.000,0.000,0.00
1777916399,loop18,0.00,0.00,0.000,0.000,0.00
1777916399,loop19,0.00,0.00,0.000,0.000,0.00
1777916399,loop2,0.00,0.00,0.000,0.000,0.00
1777916399,loop20,0.00,0.00,0.000,0.000,0.00
1777916399,loop21,0.00,0.00,0.000,0.000,0.00
1777916399,loop22,0.00,0.00,0.000,0.000,0.00
1777916399,loop23,0.00,0.00,0.000,0.000,0.00
1777916399,loop24,0.00,0.00,0.000,0.000,0.00
1777916399,loop25,0.00,0.00,0.000,0.000,0.00
1777916399,loop26,0.00,0.00,0.000,0.000,0.00
1777916399,loop27,0.00,0.00,0.000,0.000,0.00
1777916399,loop28,0.00,0.00,0.000,0.000,0.00
1777916399,loop29,0.00,0.00,0.000,0.000,0.00
1777916399,loop3,0.00,0.00,0.000,0.000,0.00
1777916399,loop30,0.00,0.00,0.000,0.000,0.00
1777916399,loop31,0.00,0.00,0.000,0.000,0.00
1777916399,loop32,0.00,0.00,0.000,0.000,0.00
1777916399,loop33,0.00,0.00,0.000,0.000,0.00
1777916399,loop34,0.00,0.00,0.000,0.000,0.00
1777916399,loop35,0.00,0.00,0.000,0.000,0.00
1777916399,loop36,0.00,0.00,0.000,0.000,0.00
1777916399,loop37,0.00,0.00,0.000,0.000,0.00
1777916399,loop38,0.00,0.00,0.000,0.000,0.00
1777916399,loop39,0.00,0.00,0.000,0.000,0.00
1777916399,loop4,0.00,0.00,0.000,0.000,0.00
1777916399,loop40,0.00,0.00,0.000,0.000,0.00
1777916399,loop5,0.00,0.00,0.000,0.000,0.00
1777916399,loop6,0.00,0.00,0.000,0.000,0.00
1777916399,loop7,0.00,0.00,0.000,0.000,0.00
1777916399,loop8,0.00,0.00,0.000,0.000,0.00
1777916399,loop9,0.00,0.00,0.000,0.000,0.00
1777916399,nvme0n1,0.00,0.00,0.000,0.000,2.00
1777916400,loop0,0.00,0.00,0.000,0.000,0.00
1777916400,loop1,0.00,0.00,0.000,0.000,0.00
1777916400,loop10,0.00,0.00,0.000,0.000,0.00
1777916400,loop11,0.00,0.00,0.000,0.000,0.00
1777916400,loop12,0.00,0.00,0.000,0.000,0.00
1777916400,loop13,0.00,0.00,0.000,0.000,0.00
1777916400,loop14,0.00,0.00,0.000,0.000,0.00
1777916400,loop15,0.00,0.00,0.000,0.000,0.00
1777916400,loop16,0.00,0.00,0.000,0.000,0.00
1777916400,loop17,0.00,0.00,0.000,0.000,0.00
1777916400,loop18,0.00,0.00,0.000,0.000,0.00
1777916400,loop19,0.00,0.00,0.000,0.000,0.00
1777916400,loop2,0.00,0.00,0.000,0.000,0.00
1777916400,loop20,0.00,0.00,0.000,0.000,0.00
1777916400,loop21,0.00,0.00,0.000,0.000,0.00
1777916400,loop22,0.00,0.00,0.000,0.000,0.00
1777916400,loop23,0.00,0.00,0.000,0.000,0.00
1777916400,loop24,0.00,0.00,0.000,0.000,0.00
1777916400,loop25,0.00,0.00,0.000,0.000,0.00
1777916400,loop26,0.00,0.00,0.000,0.000,0.00
1777916400,loop27,0.00,0.00,0.000,0.000,0.00
1777916400,loop28,0.00,0.00,0.000,0.000,0.00
1777916400,loop29,0.00,0.00,0.000,0.000,0.00
1777916400,loop3,0.00,0.00,0.000,0.000,0.00
1777916400,loop30,0.00,0.00,0.000,0.000,0.00
1777916400,loop31,0.00,0.00,0.000,0.000,0.00
1777916400,loop32,0.00,0.00,0.000,0.000,0.00
1777916400,loop33,0.00,0.00,0.000,0.000,0.00
1777916400,loop34,0.00,0.00,0.000,0.000,0.00
1777916400,loop35,0.00,0.00,0.000,0.000,0.00
1777916400,loop36,0.00,0.00,0.000,0.000,0.00
1777916400,loop37,0.00,0.00,0.000,0.000,0.00
1777916400,loop38,0.00,0.00,0.000,0.000,0.00
1777916400,loop39,0.00,0.00,0.000,0.000,0.00
1777916400,loop4,0.00,0.00,0.000,0.000,0.00
1777916400,loop40,0.00,0.00,0.000,0.000,0.00
1777916400,loop5,0.00,0.00,0.000,0.000,0.00
1777916400,loop6,0.00,0.00,0.000,0.000,0.00
1777916400,loop7,0.00,0.00,0.000,0.000,0.00
1777916400,loop8,0.00,0.00,0.000,0.000,0.00
1777916400,loop9,0.00,0.00,0.000,0.000,0.00
1777916400,nvme0n1,0.00,0.00,0.000,0.000,0.10
1777916401,loop0,0.00,0.00,0.000,0.000,0.00
1777916401,loop1,0.00,0.00,0.000,0.000,0.00
1777916401,loop10,0.00,0.00,0.000,0.000,0.00
1777916401,loop11,0.00,0.00,0.000,0.000,0.00
1777916401,loop12,0.00,0.00,0.000,0.000,0.00
1777916401,loop13,0.00,0.00,0.000,0.000,0.00
1777916401,loop14,0.00,0.00,0.000,0.000,0.00
1777916401,loop15,0.00,0.00,0.000,0.000,0.00
1777916401,loop16,0.00,0.00,0.000,0.000,0.00
1777916401,loop17,0.00,0.00,0.000,0.000,0.00
1777916401,loop18,0.00,0.00,0.000,0.000,0.00
1777916401,loop19,0.00,0.00,0.000,0.000,0.00
1777916401,loop2,0.00,0.00,0.000,0.000,0.00
1777916401,loop20,0.00,0.00,0.000,0.000,0.00
1777916401,loop21,0.00,0.00,0.000,0.000,0.00
1777916401,loop22,0.00,0.00,0.000,0.000,0.00
1777916401,loop23,0.00,0.00,0.000,0.000,0.00
1777916401,loop24,0.00,0.00,0.000,0.000,0.00
1777916401,loop25,0.00,0.00,0.000,0.000,0.00
1777916401,loop26,0.00,0.00,0.000,0.000,0.00
1777916401,loop27,0.00,0.00,0.000,0.000,0.00
1777916401,loop28,0.00,0.00,0.000,0.000,0.00
1777916401,loop29,0.00,0.00,0.000,0.000,0.00
1777916401,loop3,0.00,0.00,0.000,0.000,0.00
1777916401,loop30,0.00,0.00,0.000,0.000,0.00
1777916401,loop31,0.00,0.00,0.000,0.000,0.00
1777916401,loop32,0.00,0.00,0.000,0.000,0.00
1777916401,loop33,0.00,0.00,0.000,0.000,0.00
1777916401,loop34,0.00,0.00,0.000,0.000,0.00
1777916401,loop35,0.00,0.00,0.000,0.000,0.00
1777916401,loop36,0.00,0.00,0.000,0.000,0.00
1777916401,loop37,0.00,0.00,0.000,0.000,0.00
1777916401,loop38,0.00,0.00,0.000,0.000,0.00
1777916401,loop39,0.00,0.00,0.000,0.000,0.00
1777916401,loop4,0.00,0.00,0.000,0.000,0.00
1777916401,loop40,0.00,0.00,0.000,0.000,0.00
1777916401,loop5,0.00,0.00,0.000,0.000,0.00
1777916401,loop6,0.00,0.00,0.000,0.000,0.00
1777916401,loop7,0.00,0.00,0.000,0.000,0.00
1777916401,loop8,0.00,0.00,0.000,0.000,0.00
1777916401,loop9,0.00,0.00,0.000,0.000,0.00
1777916401,nvme0n1,0.00,0.00,0.000,0.000,0.00
1777916402,loop0,0.00,0.00,0.000,0.000,0.00
1777916402,loop1,0.00,0.00,0.000,0.000,0.00
1777916402,loop10,0.00,0.00,0.000,0.000,0.00
1777916402,loop11,0.00,0.00,0.000,0.000,0.00
1777916402,loop12,0.00,0.00,0.000,0.000,0.00
1777916402,loop13,0.00,0.00,0.000,0.000,0.00
1777916402,loop14,0.00,0.00,0.000,0.000,0.00
1777916402,loop15,0.00,0.00,0.000,0.000,0.00
1777916402,loop16,0.00,0.00,0.000,0.000,0.00
1777916402,loop17,0.00,0.00,0.000,0.000,0.00
1777916402,loop18,0.00,0.00,0.000,0.000,0.00
1777916402,loop19,0.00,0.00,0.000,0.000,0.00
1777916402,loop2,0.00,0.00,0.000,0.000,0.00
1777916402,loop20,0.00,0.00,0.000,0.000,0.00
1777916402,loop21,0.00,0.00,0.000,0.000,0.00
1777916402,loop22,0.00,0.00,0.000,0.000,0.00
1777916402,loop23,0.00,0.00,0.000,0.000,0.00
1777916402,loop24,0.00,0.00,0.000,0.000,0.00
1777916402,loop25,0.00,0.00,0.000,0.000,0.00
1777916402,loop26,0.00,0.00,0.000,0.000,0.00
1777916402,loop27,0.00,0.00,0.000,0.000,0.00
1777916402,loop28,0.00,0.00,0.000,0.000,0.00
1777916402,loop29,0.00,0.00,0.000,0.000,0.00
1777916402,loop3,0.00,0.00,0.000,0.000,0.00
1777916402,loop30,0.00,0.00,0.000,0.000,0.00
1777916402,loop31,0.00,0.00,0.000,0.000,0.00
1777916402,loop32,0.00,0.00,0.000,0.000,0.00
1777916402,loop33,0.00,0.00,0.000,0.000,0.00
1777916402,loop34,0.00,0.00,0.000,0.000,0.00
1777916402,loop35,0.00,0.00,0.000,0.000,0.00
1777916402,loop36,0.00,0.00,0.000,0.000,0.00
1777916402,loop37,0.00,0.00,0.000,0.000,0.00
1777916402,loop38,0.00,0.00,0.000,0.000,0.00
1777916402,loop39,0.00,0.00,0.000,0.000,0.00
1777916402,loop4,0.00,0.00,0.000,0.000,0.00
1777916402,loop40,0.00,0.00,0.000,0.000,0.00
1777916402,loop5,0.00,0.00,0.000,0.000,0.00
1777916402,loop6,0.00,0.00,0.000,0.000,0.00
1777916402,loop7,0.00,0.00,0.000,0.000,0.00
1777916402,loop8,0.00,0.00,0.000,0.000,0.00
1777916402,loop9,0.00,0.00,0.000,0.000,0.00
1777916402,nvme0n1,0.00,0.00,0.000,0.000,2.10
1777916403,loop0,0.00,0.00,0.000,0.000,0.00
1777916403,loop1,0.00,0.00,0.000,0.000,0.00
1777916403,loop10,0.00,0.00,0.000,0.000,0.00
1777916403,loop11,0.00,0.00,0.000,0.000,0.00
1777916403,loop12,0.00,0.00,0.000,0.000,0.00
1777916403,loop13,0.00,0.00,0.000,0.000,0.00
1777916403,loop14,0.00,0.00,0.000,0.000,0.00
1777916403,loop15,0.00,0.00,0.000,0.000,0.00
1777916403,loop16,0.00,0.00,0.000,0.000,0.00
1777916403,loop17,0.00,0.00,0.000,0.000,0.00
1777916403,loop18,0.00,0.00,0.000,0.000,0.00
1777916403,loop19,0.00,0.00,0.000,0.000,0.00
1777916403,loop2,0.00,0.00,0.000,0.000,0.00
1777916403,loop20,0.00,0.00,0.000,0.000,0.00
1777916403,loop21,0.00,0.00,0.000,0.000,0.00
1777916403,loop22,0.00,0.00,0.000,0.000,0.00
1777916403,loop23,0.00,0.00,0.000,0.000,0.00
1777916403,loop24,0.00,0.00,0.000,0.000,0.00
1777916403,loop25,0.00,0.00,0.000,0.000,0.00
1777916403,loop26,0.00,0.00,0.000,0.000,0.00
1777916403,loop27,0.00,0.00,0.000,0.000,0.00
1777916403,loop28,0.00,0.00,0.000,0.000,0.00
1777916403,loop29,0.00,0.00,0.000,0.000,0.00
1777916403,loop3,0.00,0.00,0.000,0.000,0.00
1777916403,loop30,0.00,0.00,0.000,0.000,0.00
1777916403,loop31,0.00,0.00,0.000,0.000,0.00
1777916403,loop32,0.00,0.00,0.000,0.000,0.00
1777916403,loop33,0.00,0.00,0.000,0.000,0.00
1777916403,loop34,0.00,0.00,0.000,0.000,0.00
1777916403,loop35,0.00,0.00,0.000,0.000,0.00
1777916403,loop36,0.00,0.00,0.000,0.000,0.00
1777916403,loop37,0.00,0.00,0.000,0.000,0.00
1777916403,loop38,0.00,0.00,0.000,0.000,0.00
1777916403,loop39,0.00,0.00,0.000,0.000,0.00
1777916403,loop4,0.00,0.00,0.000,0.000,0.00
1777916403,loop40,0.00,0.00,0.000,0.000,0.00
1777916403,loop5,0.00,0.00,0.000,0.000,0.00
1777916403,loop6,0.00,0.00,0.000,0.000,0.00
1777916403,loop7,0.00,0.00,0.000,0.000,0.00
1777916403,loop8,0.00,0.00,0.000,0.000,0.00
1777916403,loop9,0.00,0.00,0.000,0.000,0.00
1777916403,nvme0n1,0.00,0.00,0.000,0.000,3.80
1777916404,loop0,0.00,0.00,0.000,0.000,0.00
1777916404,loop1,0.00,0.00,0.000,0.000,0.00
1777916404,loop10,0.00,0.00,0.000,0.000,0.00
1777916404,loop11,0.00,0.00,0.000,0.000,0.00
1777916404,loop12,0.00,0.00,0.000,0.000,0.00
1777916404,loop13,0.00,0.00,0.000,0.000,0.00
1777916404,loop14,0.00,0.00,0.000,0.000,0.00
1777916404,loop15,0.00,0.00,0.000,0.000,0.00
1777916404,loop16,0.00,0.00,0.000,0.000,0.00
1777916404,loop17,0.00,0.00,0.000,0.000,0.00
1777916404,loop18,0.00,0.00,0.000,0.000,0.00
1777916404,loop19,0.00,0.00,0.000,0.000,0.00
1777916404,loop2,0.00,0.00,0.000,0.000,0.00
1777916404,loop20,0.00,0.00,0.000,0.000,0.00
1777916404,loop21,0.00,0.00,0.000,0.000,0.00
1777916404,loop22,0.00,0.00,0.000,0.000,0.00
1777916404,loop23,0.00,0.00,0.000,0.000,0.00
1777916404,loop24,0.00,0.00,0.000,0.000,0.00
1777916404,loop25,0.00,0.00,0.000,0.000,0.00
1777916404,loop26,0.00,0.00,0.000,0.000,0.00
1777916404,loop27,0.00,0.00,0.000,0.000,0.00
1777916404,loop28,0.00,0.00,0.000,0.000,0.00
1777916404,loop29,0.00,0.00,0.000,0.000,0.00
1777916404,loop3,0.00,0.00,0.000,0.000,0.00
1777916404,loop30,0.00,0.00,0.000,0.000,0.00
1777916404,loop31,0.00,0.00,0.000,0.000,0.00
1777916404,loop32,0.00,0.00,0.000,0.000,0.00
1777916404,loop33,0.00,0.00,0.000,0.000,0.00
1777916404,loop34,0.00,0.00,0.000,0.000,0.00
1777916404,loop35,0.00,0.00,0.000,0.000,0.00
1777916404,loop36,0.00,0.00,0.000,0.000,0.00
1777916404,loop37,0.00,0.00,0.000,0.000,0.00
1777916404,loop38,0.00,0.00,0.000,0.000,0.00
1777916404,loop39,0.00,0.00,0.000,0.000,0.00
1777916404,loop4,0.00,0.00,0.000,0.000,0.00
1777916404,loop40,0.00,0.00,0.000,0.000,0.00
1777916404,loop5,0.00,0.00,0.000,0.000,0.00
1777916404,loop6,0.00,0.00,0.000,0.000,0.00
1777916404,loop7,0.00,0.00,0.000,0.000,0.00
1777916404,loop8,0.00,0.00,0.000,0.000,0.00
1777916404,loop9,0.00,0.00,0.000,0.000,0.00
1777916404,nvme0n1,0.00,0.00,0.000,0.000,0.00
1777916405,loop0,0.00,0.00,0.000,0.000,0.00
1777916405,loop1,0.00,0.00,0.000,0.000,0.00
1777916405,loop10,0.00,0.00,0.000,0.000,0.00
1777916405,loop11,0.00,0.00,0.000,0.000,0.00
1777916405,loop12,0.00,0.00,0.000,0.000,0.00
1777916405,loop13,0.00,0.00,0.000,0.000,0.00
1777916405,loop14,0.00,0.00,0.000,0.000,0.00
1777916405,loop15,0.00,0.00,0.000,0.000,0.00
1777916405,loop16,0.00,0.00,0.000,0.000,0.00
1777916405,loop17,0.00,0.00,0.000,0.000,0.00
1777916405,loop18,0.00,0.00,0.000,0.000,0.00
1777916405,loop19,0.00,0.00,0.000,0.000,0.00
1777916405,loop2,0.00,0.00,0.000,0.000,0.00
1777916405,loop20,0.00,0.00,0.000,0.000,0.00
1777916405,loop21,0.00,0.00,0.000,0.000,0.00
1777916405,loop22,0.00,0.00,0.000,0.000,0.00
1777916405,loop23,0.00,0.00,0.000,0.000,0.00
1777916405,loop24,0.00,0.00,0.000,0.000,0.00
1777916405,loop25,0.00,0.00,0.000,0.000,0.00
1777916405,loop26,0.00,0.00,0.000,0.000,0.00
1777916405,loop27,0.00,0.00,0.000,0.000,0.00
1777916405,loop28,0.00,0.00,0.000,0.000,0.00
1777916405,loop29,0.00,0.00,0.000,0.000,0.00
1777916405,loop3,0.00,0.00,0.000,0.000,0.00
1777916405,loop30,0.00,0.00,0.000,0.000,0.00
1777916405,loop31,0.00,0.00,0.000,0.000,0.00
1777916405,loop32,0.00,0.00,0.000,0.000,0.00
1777916405,loop33,0.00,0.00,0.000,0.000,0.00
1777916405,loop34,0.00,0.00,0.000,0.000,0.00
1777916405,loop35,0.00,0.00,0.000,0.000,0.00
1777916405,loop36,0.00,0.00,0.000,0.000,0.00
1777916405,loop37,0.00,0.00,0.000,0.000,0.00
1777916405,loop38,0.00,0.00,0.000,0.000,0.00
1777916405,loop39,0.00,0.00,0.000,0.000,0.00
1777916405,loop4,0.00,0.00,0.000,0.000,0.00
1777916405,loop40,0.00,0.00,0.000,0.000,0.00
1777916405,loop5,0.00,0.00,0.000,0.000,0.00
1777916405,loop6,0.00,0.00,0.000,0.000,0.00
1777916405,loop7,0.00,0.00,0.000,0.000,0.00
1777916405,loop8,0.00,0.00,0.000,0.000,0.00
1777916405,loop9,0.00,0.00,0.000,0.000,0.00
1777916405,nvme0n1,0.00,0.00,0.000,0.000,2.80
1777916406,loop0,0.00,0.00,0.000,0.000,0.00
1777916406,loop1,0.00,0.00,0.000,0.000,0.00
1777916406,loop10,0.00,0.00,0.000,0.000,0.00
1777916406,loop11,0.00,0.00,0.000,0.000,0.00
1777916406,loop12,0.00,0.00,0.000,0.000,0.00
1777916406,loop13,0.00,0.00,0.000,0.000,0.00
1777916406,loop14,0.00,0.00,0.000,0.000,0.00
1777916406,loop15,0.00,0.00,0.000,0.000,0.00
1777916406,loop16,0.00,0.00,0.000,0.000,0.00
1777916406,loop17,0.00,0.00,0.000,0.000,0.00
1777916406,loop18,0.00,0.00,0.000,0.000,0.00
1777916406,loop19,0.00,0.00,0.000,0.000,0.00
1777916406,loop2,0.00,0.00,0.000,0.000,0.00
1777916406,loop20,0.00,0.00,0.000,0.000,0.00
1777916406,loop21,0.00,0.00,0.000,0.000,0.00
1777916406,loop22,0.00,0.00,0.000,0.000,0.00
1777916406,loop23,0.00,0.00,0.000,0.000,0.00
1777916406,loop24,0.00,0.00,0.000,0.000,0.00
1777916406,loop25,0.00,0.00,0.000,0.000,0.00
1777916406,loop26,0.00,0.00,0.000,0.000,0.00
1777916406,loop27,0.00,0.00,0.000,0.000,0.00
1777916406,loop28,0.00,0.00,0.000,0.000,0.00
1777916406,loop29,0.00,0.00,0.000,0.000,0.00
1777916406,loop3,0.00,0.00,0.000,0.000,0.00
1777916406,loop30,0.00,0.00,0.000,0.000,0.00
1777916406,loop31,0.00,0.00,0.000,0.000,0.00
1777916406,loop32,0.00,0.00,0.000,0.000,0.00
1777916406,loop33,0.00,0.00,0.000,0.000,0.00
1777916406,loop34,0.00,0.00,0.000,0.000,0.00
1777916406,loop35,0.00,0.00,0.000,0.000,0.00
1777916406,loop36,0.00,0.00,0.000,0.000,0.00
1777916406,loop37,0.00,0.00,0.000,0.000,0.00
1777916406,loop38,0.00,0.00,0.000,0.000,0.00
1777916406,loop39,0.00,0.00,0.000,0.000,0.00
1777916406,loop4,0.00,0.00,0.000,0.000,0.00
1777916406,loop40,0.00,0.00,0.000,0.000,0.00
1777916406,loop5,0.00,0.00,0.000,0.000,0.00
1777916406,loop6,0.00,0.00,0.000,0.000,0.00
1777916406,loop7,0.00,0.00,0.000,0.000,0.00
1777916406,loop8,0.00,0.00,0.000,0.000,0.00
1777916406,loop9,0.00,0.00,0.000,0.000,0.00
1777916406,nvme0n1,0.00,0.00,0.000,0.000,0.00
1777916407,loop0,0.00,0.00,0.000,0.000,0.00
1777916407,loop1,0.00,0.00,0.000,0.000,0.00
1777916407,loop10,0.00,0.00,0.000,0.000,0.00
1777916407,loop11,0.00,0.00,0.000,0.000,0.00
1777916407,loop12,0.00,0.00,0.000,0.000,0.00
1777916407,loop13,0.00,0.00,0.000,0.000,0.00
1777916407,loop14,0.00,0.00,0.000,0.000,0.00
1777916407,loop15,0.00,0.00,0.000,0.000,0.00
1777916407,loop16,0.00,0.00,0.000,0.000,0.00
1777916407,loop17,0.00,0.00,0.000,0.000,0.00
1777916407,loop18,0.00,0.00,0.000,0.000,0.00
1777916407,loop19,0.00,0.00,0.000,0.000,0.00
1777916407,loop2,0.00,0.00,0.000,0.000,0.00
1777916407,loop20,0.00,0.00,0.000,0.000,0.00
1777916407,loop21,0.00,0.00,0.000,0.000,0.00
1777916407,loop22,0.00,0.00,0.000,0.000,0.00
1777916407,loop23,0.00,0.00,0.000,0.000,0.00
1777916407,loop24,0.00,0.00,0.000,0.000,0.00
1777916407,loop25,0.00,0.00,0.000,0.000,0.00
1777916407,loop26,0.00,0.00,0.000,0.000,0.00
1777916407,loop27,0.00,0.00,0.000,0.000,0.00
1777916407,loop28,0.00,0.00,0.000,0.000,0.00
1777916407,loop29,0.00,0.00,0.000,0.000,0.00
1777916407,loop3,0.00,0.00,0.000,0.000,0.00
1777916407,loop30,0.00,0.00,0.000,0.000,0.00
1777916407,loop31,0.00,0.00,0.000,0.000,0.00
1777916407,loop32,0.00,0.00,0.000,0.000,0.00
1777916407,loop33,0.00,0.00,0.000,0.000,0.00
1777916407,loop34,0.00,0.00,0.000,0.000,0.00
1777916407,loop35,0.00,0.00,0.000,0.000,0.00
1777916407,loop36,0.00,0.00,0.000,0.000,0.00
1777916407,loop37,0.00,0.00,0.000,0.000,0.00
1777916407,loop38,0.00,0.00,0.000,0.000,0.00
1777916407,loop39,0.00,0.00,0.000,0.000,0.00
1777916407,loop4,0.00,0.00,0.000,0.000,0.00
1777916407,loop40,0.00,0.00,0.000,0.000,0.00
1777916407,loop5,0.00,0.00,0.000,0.000,0.00
1777916407,loop6,0.00,0.00,0.000,0.000,0.00
1777916407,loop7,0.00,0.00,0.000,0.000,0.00
1777916407,loop8,0.00,0.00,0.000,0.000,0.00
1777916407,loop9,0.00,0.00,0.000,0.000,0.00
1777916407,nvme0n1,0.00,0.00,0.000,0.000,0.00
1777916408,loop0,0.00,0.00,0.000,0.000,0.00
1777916408,loop1,0.00,0.00,0.000,0.000,0.00
1777916408,loop10,0.00,0.00,0.000,0.000,0.00
1777916408,loop11,0.00,0.00,0.000,0.000,0.00
1777916408,loop12,0.00,0.00,0.000,0.000,0.00
1777916408,loop13,0.00,0.00,0.000,0.000,0.00
1777916408,loop14,0.00,0.00,0.000,0.000,0.00
1777916408,loop15,0.00,0.00,0.000,0.000,0.00
1777916408,loop16,0.00,0.00,0.000,0.000,0.00
1777916408,loop17,0.00,0.00,0.000,0.000,0.00
1777916408,loop18,0.00,0.00,0.000,0.000,0.00
1777916408,loop19,0.00,0.00,0.000,0.000,0.00
1777916408,loop2,0.00,0.00,0.000,0.000,0.00
1777916408,loop20,0.00,0.00,0.000,0.000,0.00
1777916408,loop21,0.00,0.00,0.000,0.000,0.00
1777916408,loop22,0.00,0.00,0.000,0.000,0.00
1777916408,loop23,0.00,0.00,0.000,0.000,0.00
1777916408,loop24,0.00,0.00,0.000,0.000,0.00
1777916408,loop25,0.00,0.00,0.000,0.000,0.00
1777916408,loop26,0.00,0.00,0.000,0.000,0.00
1777916408,loop27,0.00,0.00,0.000,0.000,0.00
1777916408,loop28,0.00,0.00,0.000,0.000,0.00
1777916408,loop29,0.00,0.00,0.000,0.000,0.00
1777916408,loop3,0.00,0.00,0.000,0.000,0.00
1777916408,loop30,0.00,0.00,0.000,0.000,0.00
1777916408,loop31,0.00,0.00,0.000,0.000,0.00
1777916408,loop32,0.00,0.00,0.000,0.000,0.00
1777916408,loop33,0.00,0.00,0.000,0.000,0.00
1777916408,loop34,0.00,0.00,0.000,0.000,0.00
1777916408,loop35,0.00,0.00,0.000,0.000,0.00
1777916408,loop36,0.00,0.00,0.000,0.000,0.00
1777916408,loop37,0.00,0.00,0.000,0.000,0.00
1777916408,loop38,0.00,0.00,0.000,0.000,0.00
1777916408,loop39,0.00,0.00,0.000,0.000,0.00
1777916408,loop4,0.00,0.00,0.000,0.000,0.00
1777916408,loop40,0.00,0.00,0.000,0.000,0.00
1777916408,loop5,0.00,0.00,0.000,0.000,0.00
1777916408,loop6,0.00,0.00,0.000,0.000,0.00
1777916408,loop7,0.00,0.00,0.000,0.000,0.00
1777916408,loop8,0.00,0.00,0.000,0.000,0.00
1777916408,loop9,0.00,0.00,0.000,0.000,0.00
1777916408,nvme0n1,0.00,0.00,0.000,0.000,0.20
1777916409,loop0,0.00,0.00,0.000,0.000,0.00
1777916409,loop1,0.00,0.00,0.000,0.000,0.00
1777916409,loop10,0.00,0.00,0.000,0.000,0.00
1777916409,loop11,0.00,0.00,0.000,0.000,0.00
1777916409,loop12,0.00,0.00,0.000,0.000,0.00
1777916409,loop13,0.00,0.00,0.000,0.000,0.00
1777916409,loop14,0.00,0.00,0.000,0.000,0.00
1777916409,loop15,0.00,0.00,0.000,0.000,0.00
1777916409,loop16,0.00,0.00,0.000,0.000,0.00
1777916409,loop17,0.00,0.00,0.000,0.000,0.00
1777916409,loop18,0.00,0.00,0.000,0.000,0.00
1777916409,loop19,0.00,0.00,0.000,0.000,0.00
1777916409,loop2,0.00,0.00,0.000,0.000,0.00
1777916409,loop20,0.00,0.00,0.000,0.000,0.00
1777916409,loop21,0.00,0.00,0.000,0.000,0.00
1777916409,loop22,0.00,0.00,0.000,0.000,0.00
1777916409,loop23,0.00,0.00,0.000,0.000,0.00
1777916409,loop24,0.00,0.00,0.000,0.000,0.00
1777916409,loop25,0.00,0.00,0.000,0.000,0.00
1777916409,loop26,0.00,0.00,0.000,0.000,0.00
1777916409,loop27,0.00,0.00,0.000,0.000,0.00
1777916409,loop28,0.00,0.00,0.000,0.000,0.00
1777916409,loop29,0.00,0.00,0.000,0.000,0.00
1777916409,loop3,0.00,0.00,0.000,0.000,0.00
1777916409,loop30,0.00,0.00,0.000,0.000,0.00
1777916409,loop31,0.00,0.00,0.000,0.000,0.00
1777916409,loop32,0.00,0.00,0.000,0.000,0.00
1777916409,loop33,0.00,0.00,0.000,0.000,0.00
1777916409,loop34,0.00,0.00,0.000,0.000,0.00
1777916409,loop35,0.00,0.00,0.000,0.000,0.00
1777916409,loop36,0.00,0.00,0.000,0.000,0.00
1777916409,loop37,0.00,0.00,0.000,0.000,0.00
1777916409,loop38,0.00,0.00,0.000,0.000,0.00
1777916409,loop39,0.00,0.00,0.000,0.000,0.00
1777916409,loop4,0.00,0.00,0.000,0.000,0.00
1777916409,loop40,0.00,0.00,0.000,0.000,0.00
1777916409,loop5,0.00,0.00,0.000,0.000,0.00
1777916409,loop6,0.00,0.00,0.000,0.000,0.00
1777916409,loop7,0.00,0.00,0.000,0.000,0.00
1777916409,loop8,0.00,0.00,0.000,0.000,0.00
1777916409,loop9,0.00,0.00,0.000,0.000,0.00
1777916409,nvme0n1,0.00,0.00,0.000,0.000,0.00
1777916410,loop0,0.00,0.00,0.000,0.000,0.00
1777916410,loop1,0.00,0.00,0.000,0.000,0.00
1777916410,loop10,0.00,0.00,0.000,0.000,0.00
1777916410,loop11,0.00,0.00,0.000,0.000,0.00
1777916410,loop12,0.00,0.00,0.000,0.000,0.00
1777916410,loop13,0.00,0.00,0.000,0.000,0.00
1777916410,loop14,0.00,0.00,0.000,0.000,0.00
1777916410,loop15,0.00,0.00,0.000,0.000,0.00
1777916410,loop16,0.00,0.00,0.000,0.000,0.00
1777916410,loop17,0.00,0.00,0.000,0.000,0.00
1777916410,loop18,0.00,0.00,0.000,0.000,0.00
1777916410,loop19,0.00,0.00,0.000,0.000,0.00
1777916410,loop2,0.00,0.00,0.000,0.000,0.00
1777916410,loop20,0.00,0.00,0.000,0.000,0.00
1777916410,loop21,0.00,0.00,0.000,0.000,0.00
1777916410,loop22,0.00,0.00,0.000,0.000,0.00
1777916410,loop23,0.00,0.00,0.000,0.000,0.00
1777916410,loop24,0.00,0.00,0.000,0.000,0.00
1777916410,loop25,0.00,0.00,0.000,0.000,0.00
1777916410,loop26,0.00,0.00,0.000,0.000,0.00
1777916410,loop27,0.00,0.00,0.000,0.000,0.00
1777916410,loop28,0.00,0.00,0.000,0.000,0.00
1777916410,loop29,0.00,0.00,0.000,0.000,0.00
1777916410,loop3,0.00,0.00,0.000,0.000,0.00
1777916410,loop30,0.00,0.00,0.000,0.000,0.00
1777916410,loop31,0.00,0.00,0.000,0.000,0.00
1777916410,loop32,0.00,0.00,0.000,0.000,0.00
1777916410,loop33,0.00,0.00,0.000,0.000,0.00
1777916410,loop34,0.00,0.00,0.000,0.000,0.00
1777916410,loop35,0.00,0.00,0.000,0.000,0.00
1777916410,loop36,0.00,0.00,0.000,0.000,0.00
1777916410,loop37,0.00,0.00,0.000,0.000,0.00
1777916410,loop38,0.00,0.00,0.000,0.000,0.00
1777916410,loop39,0.00,0.00,0.000,0.000,0.00
1777916410,loop4,0.00,0.00,0.000,0.000,0.00
1777916410,loop40,0.00,0.00,0.000,0.000,0.00
1777916410,loop5,0.00,0.00,0.000,0.000,0.00
1777916410,loop6,0.00,0.00,0.000,0.000,0.00
1777916410,loop7,0.00,0.00,0.000,0.000,0.00
1777916410,loop8,0.00,0.00,0.000,0.000,0.00
1777916410,loop9,0.00,0.00,0.000,0.000,0.00
1777916410,nvme0n1,1.00,4.00,0.000,0.000,2.10
1777916411,loop0,0.00,0.00,0.000,0.000,0.00
1777916411,loop1,0.00,0.00,0.000,0.000,0.00
1777916411,loop10,0.00,0.00,0.000,0.000,0.00
1777916411,loop11,0.00,0.00,0.000,0.000,0.00
1777916411,loop12,0.00,0.00,0.000,0.000,0.00
1777916411,loop13,0.00,0.00,0.000,0.000,0.00
1777916411,loop14,0.00,0.00,0.000,0.000,0.00
1777916411,loop15,0.00,0.00,0.000,0.000,0.00
1777916411,loop16,0.00,0.00,0.000,0.000,0.00
1777916411,loop17,0.00,0.00,0.000,0.000,0.00
1777916411,loop18,0.00,0.00,0.000,0.000,0.00
1777916411,loop19,0.00,0.00,0.000,0.000,0.00
1777916411,loop2,0.00,0.00,0.000,0.000,0.00
1777916411,loop20,0.00,0.00,0.000,0.000,0.00
1777916411,loop21,0.00,0.00,0.000,0.000,0.00
1777916411,loop22,0.00,0.00,0.000,0.000,0.00
1777916411,loop23,0.00,0.00,0.000,0.000,0.00
1777916411,loop24,0.00,0.00,0.000,0.000,0.00
1777916411,loop25,0.00,0.00,0.000,0.000,0.00
1777916411,loop26,0.00,0.00,0.000,0.000,0.00
1777916411,loop27,0.00,0.00,0.000,0.000,0.00
1777916411,loop28,0.00,0.00,0.000,0.000,0.00
1777916411,loop29,0.00,0.00,0.000,0.000,0.00
1777916411,loop3,0.00,0.00,0.000,0.000,0.00
1777916411,loop30,0.00,0.00,0.000,0.000,0.00
1777916411,loop31,0.00,0.00,0.000,0.000,0.00
1777916411,loop32,0.00,0.00,0.000,0.000,0.00
1777916411,loop33,0.00,0.00,0.000,0.000,0.00
1777916411,loop34,0.00,0.00,0.000,0.000,0.00
1777916411,loop35,0.00,0.00,0.000,0.000,0.00
1777916411,loop36,0.00,0.00,0.000,0.000,0.00
1777916411,loop37,0.00,0.00,0.000,0.000,0.00
1777916411,loop38,0.00,0.00,0.000,0.000,0.00
1777916411,loop39,0.00,0.00,0.000,0.000,0.00
1777916411,loop4,0.00,0.00,0.000,0.000,0.00
1777916411,loop40,0.00,0.00,0.000,0.000,0.00
1777916411,loop5,0.00,0.00,0.000,0.000,0.00
1777916411,loop6,0.00,0.00,0.000,0.000,0.00
1777916411,loop7,0.00,0.00,0.000,0.000,0.00
1777916411,loop8,0.00,0.00,0.000,0.000,0.00
1777916411,loop9,0.00,0.00,0.000,0.000,0.00
1777916411,nvme0n1,0.00,0.00,0.000,0.000,0.00
1777916412,loop0,0.00,0.00,0.000,0.000,0.00
1777916412,loop1,0.00,0.00,0.000,0.000,0.00
1777916412,loop10,0.00,0.00,0.000,0.000,0.00
1777916412,loop11,0.00,0.00,0.000,0.000,0.00
1777916412,loop12,0.00,0.00,0.000,0.000,0.00
1777916412,loop13,0.00,0.00,0.000,0.000,0.00
1777916412,loop14,0.00,0.00,0.000,0.000,0.00
1777916412,loop15,0.00,0.00,0.000,0.000,0.00
1777916412,loop16,0.00,0.00,0.000,0.000,0.00
1777916412,loop17,0.00,0.00,0.000,0.000,0.00
1777916412,loop18,0.00,0.00,0.000,0.000,0.00
1777916412,loop19,0.00,0.00,0.000,0.000,0.00
1777916412,loop2,0.00,0.00,0.000,0.000,0.00
1777916412,loop20,0.00,0.00,0.000,0.000,0.00
1777916412,loop21,0.00,0.00,0.000,0.000,0.00
1777916412,loop22,0.00,0.00,0.000,0.000,0.00
1777916412,loop23,0.00,0.00,0.000,0.000,0.00
1777916412,loop24,0.00,0.00,0.000,0.000,0.00
1777916412,loop25,0.00,0.00,0.000,0.000,0.00
1777916412,loop26,0.00,0.00,0.000,0.000,0.00
1777916412,loop27,0.00,0.00,0.000,0.000,0.00
1777916412,loop28,0.00,0.00,0.000,0.000,0.00
1777916412,loop29,0.00,0.00,0.000,0.000,0.00
1777916412,loop3,0.00,0.00,0.000,0.000,0.00
1777916412,loop30,0.00,0.00,0.000,0.000,0.00
1777916412,loop31,0.00,0.00,0.000,0.000,0.00
1777916412,loop32,0.00,0.00,0.000,0.000,0.00
1777916412,loop33,0.00,0.00,0.000,0.000,0.00
1777916412,loop34,0.00,0.00,0.000,0.000,0.00
1777916412,loop35,0.00,0.00,0.000,0.000,0.00
1777916412,loop36,0.00,0.00,0.000,0.000,0.00
1777916412,loop37,0.00,0.00,0.000,0.000,0.00
1777916412,loop38,0.00,0.00,0.000,0.000,0.00
1777916412,loop39,0.00,0.00,0.000,0.000,0.00
1777916412,loop4,0.00,0.00,0.000,0.000,0.00
1777916412,loop40,0.00,0.00,0.000,0.000,0.00
1777916412,loop5,0.00,0.00,0.000,0.000,0.00
1777916412,loop6,0.00,0.00,0.000,0.000,0.00
1777916412,loop7,0.00,0.00,0.000,0.000,0.00
1777916412,loop8,0.00,0.00,0.000,0.000,0.00
1777916412,loop9,0.00,0.00,0.000,0.000,0.00
1777916412,nvme0n1,0.00,0.00,0.000,0.000,0.00
1777916413,loop0,0.00,0.00,0.000,0.000,0.00
1777916413,loop1,0.00,0.00,0.000,0.000,0.00
1777916413,loop10,0.00,0.00,0.000,0.000,0.00
1777916413,loop11,0.00,0.00,0.000,0.000,0.00
1777916413,loop12,0.00,0.00,0.000,0.000,0.00
1777916413,loop13,0.00,0.00,0.000,0.000,0.00
1777916413,loop14,0.00,0.00,0.000,0.000,0.00
1777916413,loop15,0.00,0.00,0.000,0.000,0.00
1777916413,loop16,0.00,0.00,0.000,0.000,0.00
1777916413,loop17,0.00,0.00,0.000,0.000,0.00
1777916413,loop18,0.00,0.00,0.000,0.000,0.00
1777916413,loop19,0.00,0.00,0.000,0.000,0.00
1777916413,loop2,0.00,0.00,0.000,0.000,0.00
1777916413,loop20,0.00,0.00,0.000,0.000,0.00
1777916413,loop21,0.00,0.00,0.000,0.000,0.00
1777916413,loop22,0.00,0.00,0.000,0.000,0.00
1777916413,loop23,0.00,0.00,0.000,0.000,0.00
1777916413,loop24,0.00,0.00,0.000,0.000,0.00
1777916413,loop25,0.00,0.00,0.000,0.000,0.00
1777916413,loop26,0.00,0.00,0.000,0.000,0.00
1777916413,loop27,0.00,0.00,0.000,0.000,0.00
1777916413,loop28,0.00,0.00,0.000,0.000,0.00
1777916413,loop29,0.00,0.00,0.000,0.000,0.00
1777916413,loop3,0.00,0.00,0.000,0.000,0.00
1777916413,loop30,0.00,0.00,0.000,0.000,0.00
1777916413,loop31,0.00,0.00,0.000,0.000,0.00
1777916413,loop32,0.00,0.00,0.000,0.000,0.00
1777916413,loop33,0.00,0.00,0.000,0.000,0.00
1777916413,loop34,0.00,0.00,0.000,0.000,0.00
1777916413,loop35,0.00,0.00,0.000,0.000,0.00
1777916413,loop36,0.00,0.00,0.000,0.000,0.00
1777916413,loop37,0.00,0.00,0.000,0.000,0.00
1777916413,loop38,0.00,0.00,0.000,0.000,0.00
1777916413,loop39,0.00,0.00,0.000,0.000,0.00
1777916413,loop4,0.00,0.00,0.000,0.000,0.00
1777916413,loop40,0.00,0.00,0.000,0.000,0.00
1777916413,loop5,0.00,0.00,0.000,0.000,0.00
1777916413,loop6,0.00,0.00,0.000,0.000,0.00
1777916413,loop7,0.00,0.00,0.000,0.000,0.00
1777916413,loop8,0.00,0.00,0.000,0.000,0.00
1777916413,loop9,0.00,0.00,0.000,0.000,0.00
1777916413,nvme0n1,0.00,0.00,0.000,0.000,5.30
1777916414,loop0,0.00,0.00,0.000,0.000,0.00
1777916414,loop1,0.00,0.00,0.000,0.000,0.00
1777916414,loop10,0.00,0.00,0.000,0.000,0.00
1777916414,loop11,0.00,0.00,0.000,0.000,0.00
1777916414,loop12,0.00,0.00,0.000,0.000,0.00
1777916414,loop13,0.00,0.00,0.000,0.000,0.00
1777916414,loop14,0.00,0.00,0.000,0.000,0.00
1777916414,loop15,0.00,0.00,0.000,0.000,0.00
1777916414,loop16,0.00,0.00,0.000,0.000,0.00
1777916414,loop17,0.00,0.00,0.000,0.000,0.00
1777916414,loop18,0.00,0.00,0.000,0.000,0.00
1777916414,loop19,0.00,0.00,0.000,0.000,0.00
1777916414,loop2,0.00,0.00,0.000,0.000,0.00
1777916414,loop20,0.00,0.00,0.000,0.000,0.00
1777916414,loop21,0.00,0.00,0.000,0.000,0.00
1777916414,loop22,0.00,0.00,0.000,0.000,0.00
1777916414,loop23,0.00,0.00,0.000,0.000,0.00
1777916414,loop24,0.00,0.00,0.000,0.000,0.00
1777916414,loop25,0.00,0.00,0.000,0.000,0.00
1777916414,loop26,0.00,0.00,0.000,0.000,0.00
1777916414,loop27,0.00,0.00,0.000,0.000,0.00
1777916414,loop28,0.00,0.00,0.000,0.000,0.00
1777916414,loop29,0.00,0.00,0.000,0.000,0.00
1777916414,loop3,0.00,0.00,0.000,0.000,0.00
1777916414,loop30,0.00,0.00,0.000,0.000,0.00
1777916414,loop31,0.00,0.00,0.000,0.000,0.00
1777916414,loop32,0.00,0.00,0.000,0.000,0.00
1777916414,loop33,0.00,0.00,0.000,0.000,0.00
1777916414,loop34,0.00,0.00,0.000,0.000,0.00
1777916414,loop35,0.00,0.00,0.000,0.000,0.00
1777916414,loop36,0.00,0.00,0.000,0.000,0.00
1777916414,loop37,0.00,0.00,0.000,0.000,0.00
1777916414,loop38,0.00,0.00,0.000,0.000,0.00
1777916414,loop39,0.00,0.00,0.000,0.000,0.00
1777916414,loop4,0.00,0.00,0.000,0.000,0.00
1777916414,loop40,0.00,0.00,0.000,0.000,0.00
1777916414,loop5,0.00,0.00,0.000,0.000,0.00
1777916414,loop6,0.00,0.00,0.000,0.000,0.00
1777916414,loop7,0.00,0.00,0.000,0.000,0.00
1777916414,loop8,0.00,0.00,0.000,0.000,0.00
1777916414,loop9,0.00,0.00,0.000,0.000,0.00
1777916414,nvme0n1,0.00,0.00,0.000,0.000,0.00
1777916415,loop0,0.00,0.00,0.000,0.000,0.00
1777916415,loop1,0.00,0.00,0.000,0.000,0.00
1777916415,loop10,0.00,0.00,0.000,0.000,0.00
1777916415,loop11,0.00,0.00,0.000,0.000,0.00
1777916415,loop12,0.00,0.00,0.000,0.000,0.00
1777916415,loop13,0.00,0.00,0.000,0.000,0.00
1777916415,loop14,0.00,0.00,0.000,0.000,0.00
1777916415,loop15,0.00,0.00,0.000,0.000,0.00
1777916415,loop16,0.00,0.00,0.000,0.000,0.00
1777916415,loop17,0.00,0.00,0.000,0.000,0.00
1777916415,loop18,0.00,0.00,0.000,0.000,0.00
1777916415,loop19,0.00,0.00,0.000,0.000,0.00
1777916415,loop2,0.00,0.00,0.000,0.000,0.00
1777916415,loop20,0.00,0.00,0.000,0.000,0.00
1777916415,loop21,0.00,0.00,0.000,0.000,0.00
1777916415,loop22,0.00,0.00,0.000,0.000,0.00
1777916415,loop23,0.00,0.00,0.000,0.000,0.00
1777916415,loop24,0.00,0.00,0.000,0.000,0.00
1777916415,loop25,0.00,0.00,0.000,0.000,0.00
1777916415,loop26,0.00,0.00,0.000,0.000,0.00
1777916415,loop27,0.00,0.00,0.000,0.000,0.00
1777916415,loop28,0.00,0.00,0.000,0.000,0.00
1777916415,loop29,0.00,0.00,0.000,0.000,0.00
1777916415,loop3,0.00,0.00,0.000,0.000,0.00
1777916415,loop30,0.00,0.00,0.000,0.000,0.00
1777916415,loop31,0.00,0.00,0.000,0.000,0.00
1777916415,loop32,0.00,0.00,0.000,0.000,0.00
1777916415,loop33,0.00,0.00,0.000,0.000,0.00
1777916415,loop34,0.00,0.00,0.000,0.000,0.00
1777916415,loop35,0.00,0.00,0.000,0.000,0.00
1777916415,loop36,0.00,0.00,0.000,0.000,0.00
1777916415,loop37,0.00,0.00,0.000,0.000,0.00
1777916415,loop38,0.00,0.00,0.000,0.000,0.00
1777916415,loop39,0.00,0.00,0.000,0.000,0.00
1777916415,loop4,0.00,0.00,0.000,0.000,0.00
1777916415,loop40,0.00,0.00,0.000,0.000,0.00
1777916415,loop5,0.00,0.00,0.000,0.000,0.00
1777916415,loop6,0.00,0.00,0.000,0.000,0.00
1777916415,loop7,0.00,0.00,0.000,0.000,0.00
1777916415,loop8,0.00,0.00,0.000,0.000,0.00
1777916415,loop9,0.00,0.00,0.000,0.000,0.00
1777916415,nvme0n1,0.00,0.00,0.000,0.000,4.90
1777916416,loop0,0.00,0.00,0.000,0.000,0.00
1777916416,loop1,0.00,0.00,0.000,0.000,0.00
1777916416,loop10,0.00,0.00,0.000,0.000,0.00
1777916416,loop11,0.00,0.00,0.000,0.000,0.00
1777916416,loop12,0.00,0.00,0.000,0.000,0.00
1777916416,loop13,0.00,0.00,0.000,0.000,0.00
1777916416,loop14,0.00,0.00,0.000,0.000,0.00
1777916416,loop15,0.00,0.00,0.000,0.000,0.00
1777916416,loop16,0.00,0.00,0.000,0.000,0.00
1777916416,loop17,0.00,0.00,0.000,0.000,0.00
1777916416,loop18,0.00,0.00,0.000,0.000,0.00
1777916416,loop19,0.00,0.00,0.000,0.000,0.00
1777916416,loop2,0.00,0.00,0.000,0.000,0.00
1777916416,loop20,0.00,0.00,0.000,0.000,0.00
1777916416,loop21,0.00,0.00,0.000,0.000,0.00
1777916416,loop22,0.00,0.00,0.000,0.000,0.00
1777916416,loop23,0.00,0.00,0.000,0.000,0.00
1777916416,loop24,0.00,0.00,0.000,0.000,0.00
1777916416,loop25,0.00,0.00,0.000,0.000,0.00
1777916416,loop26,0.00,0.00,0.000,0.000,0.00
1777916416,loop27,0.00,0.00,0.000,0.000,0.00
1777916416,loop28,0.00,0.00,0.000,0.000,0.00
1777916416,loop29,0.00,0.00,0.000,0.000,0.00
1777916416,loop3,0.00,0.00,0.000,0.000,0.00
1777916416,loop30,0.00,0.00,0.000,0.000,0.00
1777916416,loop31,0.00,0.00,0.000,0.000,0.00
1777916416,loop32,0.00,0.00,0.000,0.000,0.00
1777916416,loop33,0.00,0.00,0.000,0.000,0.00
1777916416,loop34,0.00,0.00,0.000,0.000,0.00
1777916416,loop35,0.00,0.00,0.000,0.000,0.00
1777916416,loop36,0.00,0.00,0.000,0.000,0.00
1777916416,loop37,0.00,0.00,0.000,0.000,0.00
1777916416,loop38,0.00,0.00,0.000,0.000,0.00
1777916416,loop39,0.00,0.00,0.000,0.000,0.00
1777916416,loop4,0.00,0.00,0.000,0.000,0.00
1777916416,loop40,0.00,0.00,0.000,0.000,0.00
1777916416,loop5,0.00,0.00,0.000,0.000,0.00
1777916416,loop6,0.00,0.00,0.000,0.000,0.00
1777916416,loop7,0.00,0.00,0.000,0.000,0.00
1777916416,loop8,0.00,0.00,0.000,0.000,0.00
1777916416,loop9,0.00,0.00,0.000,0.000,0.00
1777916416,nvme0n1,0.00,0.00,0.000,0.000,0.00
1777916417,loop0,0.00,0.00,0.000,0.000,0.00
1777916417,loop1,0.00,0.00,0.000,0.000,0.00
1777916417,loop10,0.00,0.00,0.000,0.000,0.00
1777916417,loop11,0.00,0.00,0.000,0.000,0.00
1777916417,loop12,0.00,0.00,0.000,0.000,0.00
1777916417,loop13,0.00,0.00,0.000,0.000,0.00
1777916417,loop14,0.00,0.00,0.000,0.000,0.00
1777916417,loop15,0.00,0.00,0.000,0.000,0.00
1777916417,loop16,0.00,0.00,0.000,0.000,0.00
1777916417,loop17,0.00,0.00,0.000,0.000,0.00
1777916417,loop18,0.00,0.00,0.000,0.000,0.00
1777916417,loop19,0.00,0.00,0.000,0.000,0.00
1777916417,loop2,0.00,0.00,0.000,0.000,0.00
1777916417,loop20,0.00,0.00,0.000,0.000,0.00
1777916417,loop21,0.00,0.00,0.000,0.000,0.00
1777916417,loop22,0.00,0.00,0.000,0.000,0.00
1777916417,loop23,0.00,0.00,0.000,0.000,0.00
1777916417,loop24,0.00,0.00,0.000,0.000,0.00
1777916417,loop25,0.00,0.00,0.000,0.000,0.00
1777916417,loop26,0.00,0.00,0.000,0.000,0.00
1777916417,loop27,0.00,0.00,0.000,0.000,0.00
1777916417,loop28,0.00,0.00,0.000,0.000,0.00
1777916417,loop29,0.00,0.00,0.000,0.000,0.00
1777916417,loop3,0.00,0.00,0.000,0.000,0.00
1777916417,loop30,0.00,0.00,0.000,0.000,0.00
1777916417,loop31,0.00,0.00,0.000,0.000,0.00
1777916417,loop32,0.00,0.00,0.000,0.000,0.00
1777916417,loop33,0.00,0.00,0.000,0.000,0.00
1777916417,loop34,0.00,0.00,0.000,0.000,0.00
1777916417,loop35,0.00,0.00,0.000,0.000,0.00
1777916417,loop36,0.00,0.00,0.000,0.000,0.00
1777916417,loop37,0.00,0.00,0.000,0.000,0.00
1777916417,loop38,0.00,0.00,0.000,0.000,0.00
1777916417,loop39,0.00,0.00,0.000,0.000,0.00
1777916417,loop4,0.00,0.00,0.000,0.000,0.00
1777916417,loop40,0.00,0.00,0.000,0.000,0.00
1777916417,loop5,0.00,0.00,0.000,0.000,0.00
1777916417,loop6,0.00,0.00,0.000,0.000,0.00
1777916417,loop7,0.00,0.00,0.000,0.000,0.00
1777916417,loop8,0.00,0.00,0.000,0.000,0.00
1777916417,loop9,0.00,0.00,0.000,0.000,0.00
1777916417,nvme0n1,0.00,0.00,0.000,0.000,0.00
