t_unix,device,r_iops,w_iops,r_mb_s,w_mb_s,util_pct
1777902622,loop0,0.00,0.00,0.000,0.000,0.00
1777902622,loop1,0.00,0.00,0.000,0.000,0.00
1777902622,loop10,0.00,0.00,0.000,0.000,0.00
1777902622,loop11,0.00,0.00,0.000,0.000,0.00
1777902622,loop12,0.00,0.00,0.000,0.000,0.00
1777902622,loop13,0.00,0.00,0.000,0.000,0.00
1777902622,loop14,0.00,0.00,0.000,0.000,0.00
1777902622,loop15,0.00,0.00,0.000,0.000,0.00
1777902622,loop16,0.00,0.00,0.000,0.000,0.00
1777902622,loop17,0.00,0.00,0.000,0.000,0.00
1777902622,loop18,0.00,0.00,0.000,0.000,0.00
1777902622,loop19,0.00,0.00,0.000,0.000,0.00
1777902622,loop2,0.00,0.00,0.000,0.000,0.00
1777902622,loop20,0.00,0.00,0.000,0.000,0.00
1777902622,loop21,0.00,0.00,0.000,0.000,0.00
1777902622,loop22,0.00,0.00,0.000,0.000,0.00
1777902622,loop23,0.00,0.00,0.000,0.000,0.00
1777902622,loop24,0.00,0.00,0.000,0.000,0.00
1777902622,loop25,0.00,0.00,0.000,0.000,0.00
1777902622,loop26,0.00,0.00,0.000,0.000,0.00
1777902622,loop27,0.00,0.00,0.000,0.000,0.00
1777902622,loop28,0.00,0.00,0.000,0.000,0.00
1777902622,loop29,0.00,0.00,0.000,0.000,0.00
1777902622,loop3,0.00,0.00,0.000,0.000,0.00
1777902622,loop30,0.00,0.00,0.000,0.000,0.00
1777902622,loop31,0.00,0.00,0.000,0.000,0.00
1777902622,loop32,0.00,0.00,0.000,0.000,0.00
1777902622,loop33,0.00,0.00,0.000,0.000,0.00
1777902622,loop34,0.00,0.00,0.000,0.000,0.00
1777902622,loop35,0.00,0.00,0.000,0.000,0.00
1777902622,loop36,0.00,0.00,0.000,0.000,0.00
1777902622,loop37,0.00,0.00,0.000,0.000,0.00
1777902622,loop38,0.00,0.00,0.000,0.000,0.00
1777902622,loop39,0.00,0.00,0.000,0.000,0.00
1777902622,loop4,0.00,0.00,0.000,0.000,0.00
1777902622,loop40,0.00,0.00,0.000,0.000,0.00
1777902622,loop5,0.00,0.00,0.000,0.000,0.00
1777902622,loop6,0.00,0.00,0.000,0.000,0.00
1777902622,loop7,0.00,0.00,0.000,0.000,0.00
1777902622,loop8,0.00,0.00,0.000,0.000,0.00
1777902622,loop9,0.00,0.00,0.000,0.000,0.00
1777902622,nvme0n1,1.00,4.00,0.000,0.000,0.10
1777902623,loop0,0.00,0.00,0.000,0.000,0.00
1777902623,loop1,0.00,0.00,0.000,0.000,0.00
1777902623,loop10,0.00,0.00,0.000,0.000,0.00
1777902623,loop11,0.00,0.00,0.000,0.000,0.00
1777902623,loop12,0.00,0.00,0.000,0.000,0.00
1777902623,loop13,0.00,0.00,0.000,0.000,0.00
1777902623,loop14,0.00,0.00,0.000,0.000,0.00
1777902623,loop15,0.00,0.00,0.000,0.000,0.00
1777902623,loop16,0.00,0.00,0.000,0.000,0.00
1777902623,loop17,0.00,0.00,0.000,0.000,0.00
1777902623,loop18,0.00,0.00,0.000,0.000,0.00
1777902623,loop19,0.00,0.00,0.000,0.000,0.00
1777902623,loop2,0.00,0.00,0.000,0.000,0.00
1777902623,loop20,0.00,0.00,0.000,0.000,0.00
1777902623,loop21,0.00,0.00,0.000,0.000,0.00
1777902623,loop22,0.00,0.00,0.000,0.000,0.00
1777902623,loop23,0.00,0.00,0.000,0.000,0.00
1777902623,loop24,0.00,0.00,0.000,0.000,0.00
1777902623,loop25,0.00,0.00,0.000,0.000,0.00
1777902623,loop26,0.00,0.00,0.000,0.000,0.00
1777902623,loop27,0.00,0.00,0.000,0.000,0.00
1777902623,loop28,0.00,0.00,0.000,0.000,0.00
1777902623,loop29,0.00,0.00,0.000,0.000,0.00
1777902623,loop3,0.00,0.00,0.000,0.000,0.00
1777902623,loop30,0.00,0.00,0.000,0.000,0.00
1777902623,loop31,0.00,0.00,0.000,0.000,0.00
1777902623,loop32,0.00,0.00,0.000,0.000,0.00
1777902623,loop33,0.00,0.00,0.000,0.000,0.00
1777902623,loop34,0.00,0.00,0.000,0.000,0.00
1777902623,loop35,0.00,0.00,0.000,0.000,0.00
1777902623,loop36,0.00,0.00,0.000,0.000,0.00
1777902623,loop37,0.00,0.00,0.000,0.000,0.00
1777902623,loop38,0.00,0.00,0.000,0.000,0.00
1777902623,loop39,0.00,0.00,0.000,0.000,0.00
1777902623,loop4,0.00,0.00,0.000,0.000,0.00
1777902623,loop40,0.00,0.00,0.000,0.000,0.00
1777902623,loop5,0.00,0.00,0.000,0.000,0.00
1777902623,loop6,0.00,0.00,0.000,0.000,0.00
1777902623,loop7,0.00,0.00,0.000,0.000,0.00
1777902623,loop8,0.00,0.00,0.000,0.000,0.00
1777902623,loop9,0.00,0.00,0.000,0.000,0.00
1777902623,nvme0n1,10.00,204.00,0.003,0.023,0.30
1777902624,loop0,0.00,0.00,0.000,0.000,0.00
1777902624,loop1,0.00,0.00,0.000,0.000,0.00
1777902624,loop10,0.00,0.00,0.000,0.000,0.00
1777902624,loop11,0.00,0.00,0.000,0.000,0.00
1777902624,loop12,0.00,0.00,0.000,0.000,0.00
1777902624,loop13,0.00,0.00,0.000,0.000,0.00
1777902624,loop14,0.00,0.00,0.000,0.000,0.00
1777902624,loop15,0.00,0.00,0.000,0.000,0.00
1777902624,loop16,0.00,0.00,0.000,0.000,0.00
1777902624,loop17,0.00,0.00,0.000,0.000,0.00
1777902624,loop18,0.00,0.00,0.000,0.000,0.00
1777902624,loop19,0.00,0.00,0.000,0.000,0.00
1777902624,loop2,0.00,0.00,0.000,0.000,0.00
1777902624,loop20,0.00,0.00,0.000,0.000,0.00
1777902624,loop21,0.00,0.00,0.000,0.000,0.00
1777902624,loop22,0.00,0.00,0.000,0.000,0.00
1777902624,loop23,0.00,0.00,0.000,0.000,0.00
1777902624,loop24,0.00,0.00,0.000,0.000,0.00
1777902624,loop25,0.00,0.00,0.000,0.000,0.00
1777902624,loop26,0.00,0.00,0.000,0.000,0.00
1777902624,loop27,0.00,0.00,0.000,0.000,0.00
1777902624,loop28,0.00,0.00,0.000,0.000,0.00
1777902624,loop29,0.00,0.00,0.000,0.000,0.00
1777902624,loop3,0.00,0.00,0.000,0.000,0.00
1777902624,loop30,0.00,0.00,0.000,0.000,0.00
1777902624,loop31,0.00,0.00,0.000,0.000,0.00
1777902624,loop32,0.00,0.00,0.000,0.000,0.00
1777902624,loop33,0.00,0.00,0.000,0.000,0.00
1777902624,loop34,0.00,0.00,0.000,0.000,0.00
1777902624,loop35,0.00,0.00,0.000,0.000,0.00
1777902624,loop36,0.00,0.00,0.000,0.000,0.00
1777902624,loop37,0.00,0.00,0.000,0.000,0.00
1777902624,loop38,0.00,0.00,0.000,0.000,0.00
1777902624,loop39,0.00,0.00,0.000,0.000,0.00
1777902624,loop4,0.00,0.00,0.000,0.000,0.00
1777902624,loop40,0.00,0.00,0.000,0.000,0.00
1777902624,loop5,0.00,0.00,0.000,0.000,0.00
1777902624,loop6,0.00,0.00,0.000,0.000,0.00
1777902624,loop7,0.00,0.00,0.000,0.000,0.00
1777902624,loop8,0.00,0.00,0.000,0.000,0.00
1777902624,loop9,0.00,0.00,0.000,0.000,0.00
1777902624,nvme0n1,3.00,12.00,0.000,0.000,0.10
1777902625,loop0,0.00,0.00,0.000,0.000,0.00
1777902625,loop1,0.00,0.00,0.000,0.000,0.00
1777902625,loop10,0.00,0.00,0.000,0.000,0.00
1777902625,loop11,0.00,0.00,0.000,0.000,0.00
1777902625,loop12,0.00,0.00,0.000,0.000,0.00
1777902625,loop13,0.00,0.00,0.000,0.000,0.00
1777902625,loop14,0.00,0.00,0.000,0.000,0.00
1777902625,loop15,0.00,0.00,0.000,0.000,0.00
1777902625,loop16,0.00,0.00,0.000,0.000,0.00
1777902625,loop17,0.00,0.00,0.000,0.000,0.00
1777902625,loop18,0.00,0.00,0.000,0.000,0.00
1777902625,loop19,0.00,0.00,0.000,0.000,0.00
1777902625,loop2,0.00,0.00,0.000,0.000,0.00
1777902625,loop20,0.00,0.00,0.000,0.000,0.00
1777902625,loop21,0.00,0.00,0.000,0.000,0.00
1777902625,loop22,0.00,0.00,0.000,0.000,0.00
1777902625,loop23,0.00,0.00,0.000,0.000,0.00
1777902625,loop24,0.00,0.00,0.000,0.000,0.00
1777902625,loop25,0.00,0.00,0.000,0.000,0.00
1777902625,loop26,0.00,0.00,0.000,0.000,0.00
1777902625,loop27,0.00,0.00,0.000,0.000,0.00
1777902625,loop28,0.00,0.00,0.000,0.000,0.00
1777902625,loop29,0.00,0.00,0.000,0.000,0.00
1777902625,loop3,0.00,0.00,0.000,0.000,0.00
1777902625,loop30,0.00,0.00,0.000,0.000,0.00
1777902625,loop31,0.00,0.00,0.000,0.000,0.00
1777902625,loop32,0.00,0.00,0.000,0.000,0.00
1777902625,loop33,0.00,0.00,0.000,0.000,0.00
1777902625,loop34,0.00,0.00,0.000,0.000,0.00
1777902625,loop35,0.00,0.00,0.000,0.000,0.00
1777902625,loop36,0.00,0.00,0.000,0.000,0.00
1777902625,loop37,0.00,0.00,0.000,0.000,0.00
1777902625,loop38,0.00,0.00,0.000,0.000,0.00
1777902625,loop39,0.00,0.00,0.000,0.000,0.00
1777902625,loop4,0.00,0.00,0.000,0.000,0.00
1777902625,loop40,0.00,0.00,0.000,0.000,0.00
1777902625,loop5,0.00,0.00,0.000,0.000,0.00
1777902625,loop6,0.00,0.00,0.000,0.000,0.00
1777902625,loop7,0.00,0.00,0.000,0.000,0.00
1777902625,loop8,0.00,0.00,0.000,0.000,0.00
1777902625,loop9,0.00,0.00,0.000,0.000,0.00
1777902625,nvme0n1,7.00,28.00,0.000,0.000,0.30
1777902626,loop0,0.00,0.00,0.000,0.000,0.00
1777902626,loop1,0.00,0.00,0.000,0.000,0.00
1777902626,loop10,0.00,0.00,0.000,0.000,0.00
1777902626,loop11,0.00,0.00,0.000,0.000,0.00
1777902626,loop12,0.00,0.00,0.000,0.000,0.00
1777902626,loop13,0.00,0.00,0.000,0.000,0.00
1777902626,loop14,0.00,0.00,0.000,0.000,0.00
1777902626,loop15,0.00,0.00,0.000,0.000,0.00
1777902626,loop16,0.00,0.00,0.000,0.000,0.00
1777902626,loop17,0.00,0.00,0.000,0.000,0.00
1777902626,loop18,0.00,0.00,0.000,0.000,0.00
1777902626,loop19,0.00,0.00,0.000,0.000,0.00
1777902626,loop2,0.00,0.00,0.000,0.000,0.00
1777902626,loop20,0.00,0.00,0.000,0.000,0.00
1777902626,loop21,0.00,0.00,0.000,0.000,0.00
1777902626,loop22,0.00,0.00,0.000,0.000,0.00
1777902626,loop23,0.00,0.00,0.000,0.000,0.00
1777902626,loop24,0.00,0.00,0.000,0.000,0.00
1777902626,loop25,0.00,0.00,0.000,0.000,0.00
1777902626,loop26,0.00,0.00,0.000,0.000,0.00
1777902626,loop27,0.00,0.00,0.000,0.000,0.00
1777902626,loop28,0.00,0.00,0.000,0.000,0.00
1777902626,loop29,0.00,0.00,0.000,0.000,0.00
1777902626,loop3,0.00,0.00,0.000,0.000,0.00
1777902626,loop30,0.00,0.00,0.000,0.000,0.00
1777902626,loop31,0.00,0.00,0.000,0.000,0.00
1777902626,loop32,0.00,0.00,0.000,0.000,0.00
1777902626,loop33,0.00,0.00,0.000,0.000,0.00
1777902626,loop34,0.00,0.00,0.000,0.000,0.00
1777902626,loop35,0.00,0.00,0.000,0.000,0.00
1777902626,loop36,0.00,0.00,0.000,0.000,0.00
1777902626,loop37,0.00,0.00,0.000,0.000,0.00
1777902626,loop38,0.00,0.00,0.000,0.000,0.00
1777902626,loop39,0.00,0.00,0.000,0.000,0.00
1777902626,loop4,0.00,0.00,0.000,0.000,0.00
1777902626,loop40,0.00,0.00,0.000,0.000,0.00
1777902626,loop5,0.00,0.00,0.000,0.000,0.00
1777902626,loop6,0.00,0.00,0.000,0.000,0.00
1777902626,loop7,0.00,0.00,0.000,0.000,0.00
1777902626,loop8,0.00,0.00,0.000,0.000,0.00
1777902626,loop9,0.00,0.00,0.000,0.000,0.00
1777902626,nvme0n1,0.00,0.00,0.000,0.000,0.20
1777902627,loop0,0.00,0.00,0.000,0.000,0.00
1777902627,loop1,0.00,0.00,0.000,0.000,0.00
1777902627,loop10,0.00,0.00,0.000,0.000,0.00
1777902627,loop11,0.00,0.00,0.000,0.000,0.00
1777902627,loop12,0.00,0.00,0.000,0.000,0.00
1777902627,loop13,0.00,0.00,0.000,0.000,0.00
1777902627,loop14,0.00,0.00,0.000,0.000,0.00
1777902627,loop15,0.00,0.00,0.000,0.000,0.00
1777902627,loop16,0.00,0.00,0.000,0.000,0.00
1777902627,loop17,0.00,0.00,0.000,0.000,0.00
1777902627,loop18,0.00,0.00,0.000,0.000,0.00
1777902627,loop19,0.00,0.00,0.000,0.000,0.00
1777902627,loop2,0.00,0.00,0.000,0.000,0.00
1777902627,loop20,0.00,0.00,0.000,0.000,0.00
1777902627,loop21,0.00,0.00,0.000,0.000,0.00
1777902627,loop22,0.00,0.00,0.000,0.000,0.00
1777902627,loop23,0.00,0.00,0.000,0.000,0.00
1777902627,loop24,0.00,0.00,0.000,0.000,0.00
1777902627,loop25,0.00,0.00,0.000,0.000,0.00
1777902627,loop26,0.00,0.00,0.000,0.000,0.00
1777902627,loop27,0.00,0.00,0.000,0.000,0.00
1777902627,loop28,0.00,0.00,0.000,0.000,0.00
1777902627,loop29,0.00,0.00,0.000,0.000,0.00
1777902627,loop3,0.00,0.00,0.000,0.000,0.00
1777902627,loop30,0.00,0.00,0.000,0.000,0.00
1777902627,loop31,0.00,0.00,0.000,0.000,0.00
1777902627,loop32,0.00,0.00,0.000,0.000,0.00
1777902627,loop33,0.00,0.00,0.000,0.000,0.00
1777902627,loop34,0.00,0.00,0.000,0.000,0.00
1777902627,loop35,0.00,0.00,0.000,0.000,0.00
1777902627,loop36,0.00,0.00,0.000,0.000,0.00
1777902627,loop37,0.00,0.00,0.000,0.000,0.00
1777902627,loop38,0.00,0.00,0.000,0.000,0.00
1777902627,loop39,0.00,0.00,0.000,0.000,0.00
1777902627,loop4,0.00,0.00,0.000,0.000,0.00
1777902627,loop40,0.00,0.00,0.000,0.000,0.00
1777902627,loop5,0.00,0.00,0.000,0.000,0.00
1777902627,loop6,0.00,0.00,0.000,0.000,0.00
1777902627,loop7,0.00,0.00,0.000,0.000,0.00
1777902627,loop8,0.00,0.00,0.000,0.000,0.00
1777902627,loop9,0.00,0.00,0.000,0.000,0.00
1777902627,nvme0n1,0.00,0.00,0.000,0.000,0.00
1777902628,loop0,0.00,0.00,0.000,0.000,0.00
1777902628,loop1,0.00,0.00,0.000,0.000,0.00
1777902628,loop10,0.00,0.00,0.000,0.000,0.00
1777902628,loop11,0.00,0.00,0.000,0.000,0.00
1777902628,loop12,0.00,0.00,0.000,0.000,0.00
1777902628,loop13,0.00,0.00,0.000,0.000,0.00
1777902628,loop14,0.00,0.00,0.000,0.000,0.00
1777902628,loop15,0.00,0.00,0.000,0.000,0.00
1777902628,loop16,0.00,0.00,0.000,0.000,0.00
1777902628,loop17,0.00,0.00,0.000,0.000,0.00
1777902628,loop18,0.00,0.00,0.000,0.000,0.00
1777902628,loop19,0.00,0.00,0.000,0.000,0.00
1777902628,loop2,0.00,0.00,0.000,0.000,0.00
1777902628,loop20,0.00,0.00,0.000,0.000,0.00
1777902628,loop21,0.00,0.00,0.000,0.000,0.00
1777902628,loop22,0.00,0.00,0.000,0.000,0.00
1777902628,loop23,0.00,0.00,0.000,0.000,0.00
1777902628,loop24,0.00,0.00,0.000,0.000,0.00
1777902628,loop25,0.00,0.00,0.000,0.000,0.00
1777902628,loop26,0.00,0.00,0.000,0.000,0.00
1777902628,loop27,0.00,0.00,0.000,0.000,0.00
1777902628,loop28,0.00,0.00,0.000,0.000,0.00
1777902628,loop29,0.00,0.00,0.000,0.000,0.00
1777902628,loop3,0.00,0.00,0.000,0.000,0.00
1777902628,loop30,0.00,0.00,0.000,0.000,0.00
1777902628,loop31,0.00,0.00,0.000,0.000,0.00
1777902628,loop32,0.00,0.00,0.000,0.000,0.00
1777902628,loop33,0.00,0.00,0.000,0.000,0.00
1777902628,loop34,0.00,0.00,0.000,0.000,0.00
1777902628,loop35,0.00,0.00,0.000,0.000,0.00
1777902628,loop36,0.00,0.00,0.000,0.000,0.00
1777902628,loop37,0.00,0.00,0.000,0.000,0.00
1777902628,loop38,0.00,0.00,0.000,0.000,0.00
1777902628,loop39,0.00,0.00,0.000,0.000,0.00
1777902628,loop4,0.00,0.00,0.000,0.000,0.00
1777902628,loop40,0.00,0.00,0.000,0.000,0.00
1777902628,loop5,0.00,0.00,0.000,0.000,0.00
1777902628,loop6,0.00,0.00,0.000,0.000,0.00
1777902628,loop7,0.00,0.00,0.000,0.000,0.00
1777902628,loop8,0.00,0.00,0.000,0.000,0.00
1777902628,loop9,0.00,0.00,0.000,0.000,0.00
1777902628,nvme0n1,0.00,0.00,0.000,0.000,0.00
1777902629,loop0,0.00,0.00,0.000,0.000,0.00
1777902629,loop1,0.00,0.00,0.000,0.000,0.00
1777902629,loop10,0.00,0.00,0.000,0.000,0.00
1777902629,loop11,0.00,0.00,0.000,0.000,0.00
1777902629,loop12,0.00,0.00,0.000,0.000,0.00
1777902629,loop13,0.00,0.00,0.000,0.000,0.00
1777902629,loop14,0.00,0.00,0.000,0.000,0.00
1777902629,loop15,0.00,0.00,0.000,0.000,0.00
1777902629,loop16,0.00,0.00,0.000,0.000,0.00
1777902629,loop17,0.00,0.00,0.000,0.000,0.00
1777902629,loop18,0.00,0.00,0.000,0.000,0.00
1777902629,loop19,0.00,0.00,0.000,0.000,0.00
1777902629,loop2,0.00,0.00,0.000,0.000,0.00
1777902629,loop20,0.00,0.00,0.000,0.000,0.00
1777902629,loop21,0.00,0.00,0.000,0.000,0.00
1777902629,loop22,0.00,0.00,0.000,0.000,0.00
1777902629,loop23,0.00,0.00,0.000,0.000,0.00
1777902629,loop24,0.00,0.00,0.000,0.000,0.00
1777902629,loop25,0.00,0.00,0.000,0.000,0.00
1777902629,loop26,0.00,0.00,0.000,0.000,0.00
1777902629,loop27,0.00,0.00,0.000,0.000,0.00
1777902629,loop28,0.00,0.00,0.000,0.000,0.00
1777902629,loop29,0.00,0.00,0.000,0.000,0.00
1777902629,loop3,0.00,0.00,0.000,0.000,0.00
1777902629,loop30,0.00,0.00,0.000,0.000,0.00
1777902629,loop31,0.00,0.00,0.000,0.000,0.00
1777902629,loop32,0.00,0.00,0.000,0.000,0.00
1777902629,loop33,0.00,0.00,0.000,0.000,0.00
1777902629,loop34,0.00,0.00,0.000,0.000,0.00
1777902629,loop35,0.00,0.00,0.000,0.000,0.00
1777902629,loop36,0.00,0.00,0.000,0.000,0.00
1777902629,loop37,0.00,0.00,0.000,0.000,0.00
1777902629,loop38,0.00,0.00,0.000,0.000,0.00
1777902629,loop39,0.00,0.00,0.000,0.000,0.00
1777902629,loop4,0.00,0.00,0.000,0.000,0.00
1777902629,loop40,0.00,0.00,0.000,0.000,0.00
1777902629,loop5,0.00,0.00,0.000,0.000,0.00
1777902629,loop6,0.00,0.00,0.000,0.000,0.00
1777902629,loop7,0.00,0.00,0.000,0.000,0.00
1777902629,loop8,0.00,0.00,0.000,0.000,0.00
1777902629,loop9,0.00,0.00,0.000,0.000,0.00
1777902629,nvme0n1,0.00,0.00,0.000,0.000,2.10
1777902630,loop0,0.00,0.00,0.000,0.000,0.00
1777902630,loop1,0.00,0.00,0.000,0.000,0.00
1777902630,loop10,0.00,0.00,0.000,0.000,0.00
1777902630,loop11,0.00,0.00,0.000,0.000,0.00
1777902630,loop12,0.00,0.00,0.000,0.000,0.00
1777902630,loop13,0.00,0.00,0.000,0.000,0.00
1777902630,loop14,0.00,0.00,0.000,0.000,0.00
1777902630,loop15,0.00,0.00,0.000,0.000,0.00
1777902630,loop16,0.00,0.00,0.000,0.000,0.00
1777902630,loop17,0.00,0.00,0.000,0.000,0.00
1777902630,loop18,0.00,0.00,0.000,0.000,0.00
1777902630,loop19,0.00,0.00,0.000,0.000,0.00
1777902630,loop2,0.00,0.00,0.000,0.000,0.00
1777902630,loop20,0.00,0.00,0.000,0.000,0.00
1777902630,loop21,0.00,0.00,0.000,0.000,0.00
1777902630,loop22,0.00,0.00,0.000,0.000,0.00
1777902630,loop23,0.00,0.00,0.000,0.000,0.00
1777902630,loop24,0.00,0.00,0.000,0.000,0.00
1777902630,loop25,0.00,0.00,0.000,0.000,0.00
1777902630,loop26,0.00,0.00,0.000,0.000,0.00
1777902630,loop27,0.00,0.00,0.000,0.000,0.00
1777902630,loop28,0.00,0.00,0.000,0.000,0.00
1777902630,loop29,0.00,0.00,0.000,0.000,0.00
1777902630,loop3,0.00,0.00,0.000,0.000,0.00
1777902630,loop30,0.00,0.00,0.000,0.000,0.00
1777902630,loop31,0.00,0.00,0.000,0.000,0.00
1777902630,loop32,0.00,0.00,0.000,0.000,0.00
1777902630,loop33,0.00,0.00,0.000,0.000,0.00
1777902630,loop34,0.00,0.00,0.000,0.000,0.00
1777902630,loop35,0.00,0.00,0.000,0.000,0.00
1777902630,loop36,0.00,0.00,0.000,0.000,0.00
1777902630,loop37,0.00,0.00,0.000,0.000,0.00
1777902630,loop38,0.00,0.00,0.000,0.000,0.00
1777902630,loop39,0.00,0.00,0.000,0.000,0.00
1777902630,loop4,0.00,0.00,0.000,0.000,0.00
1777902630,loop40,0.00,0.00,0.000,0.000,0.00
1777902630,loop5,0.00,0.00,0.000,0.000,0.00
1777902630,loop6,0.00,0.00,0.000,0.000,0.00
1777902630,loop7,0.00,0.00,0.000,0.000,0.00
1777902630,loop8,0.00,0.00,0.000,0.000,0.00
1777902630,loop9,0.00,0.00,0.000,0.000,0.00
1777902630,nvme0n1,1.00,4.00,0.000,0.000,0.20
1777902631,loop0,0.00,0.00,0.000,0.000,0.00
1777902631,loop1,0.00,0.00,0.000,0.000,0.00
1777902631,loop10,0.00,0.00,0.000,0.000,0.00
1777902631,loop11,0.00,0.00,0.000,0.000,0.00
1777902631,loop12,0.00,0.00,0.000,0.000,0.00
1777902631,loop13,0.00,0.00,0.000,0.000,0.00
1777902631,loop14,0.00,0.00,0.000,0.000,0.00
1777902631,loop15,0.00,0.00,0.000,0.000,0.00
1777902631,loop16,0.00,0.00,0.000,0.000,0.00
1777902631,loop17,0.00,0.00,0.000,0.000,0.00
1777902631,loop18,0.00,0.00,0.000,0.000,0.00
1777902631,loop19,0.00,0.00,0.000,0.000,0.00
1777902631,loop2,0.00,0.00,0.000,0.000,0.00
1777902631,loop20,0.00,0.00,0.000,0.000,0.00
1777902631,loop21,0.00,0.00,0.000,0.000,0.00
1777902631,loop22,0.00,0.00,0.000,0.000,0.00
1777902631,loop23,0.00,0.00,0.000,0.000,0.00
1777902631,loop24,0.00,0.00,0.000,0.000,0.00
1777902631,loop25,0.00,0.00,0.000,0.000,0.00
1777902631,loop26,0.00,0.00,0.000,0.000,0.00
1777902631,loop27,0.00,0.00,0.000,0.000,0.00
1777902631,loop28,0.00,0.00,0.000,0.000,0.00
1777902631,loop29,0.00,0.00,0.000,0.000,0.00
1777902631,loop3,0.00,0.00,0.000,0.000,0.00
1777902631,loop30,0.00,0.00,0.000,0.000,0.00
1777902631,loop31,0.00,0.00,0.000,0.000,0.00
1777902631,loop32,0.00,0.00,0.000,0.000,0.00
1777902631,loop33,0.00,0.00,0.000,0.000,0.00
1777902631,loop34,0.00,0.00,0.000,0.000,0.00
1777902631,loop35,0.00,0.00,0.000,0.000,0.00
1777902631,loop36,0.00,0.00,0.000,0.000,0.00
1777902631,loop37,0.00,0.00,0.000,0.000,0.00
1777902631,loop38,0.00,0.00,0.000,0.000,0.00
1777902631,loop39,0.00,0.00,0.000,0.000,0.00
1777902631,loop4,0.00,0.00,0.000,0.000,0.00
1777902631,loop40,0.00,0.00,0.000,0.000,0.00
1777902631,loop5,0.00,0.00,0.000,0.000,0.00
1777902631,loop6,0.00,0.00,0.000,0.000,0.00
1777902631,loop7,0.00,0.00,0.000,0.000,0.00
1777902631,loop8,0.00,0.00,0.000,0.000,0.00
1777902631,loop9,0.00,0.00,0.000,0.000,0.00
1777902631,nvme0n1,5.00,20.00,0.000,0.000,0.50
1777902632,loop0,0.00,0.00,0.000,0.000,0.00
1777902632,loop1,0.00,0.00,0.000,0.000,0.00
1777902632,loop10,0.00,0.00,0.000,0.000,0.00
1777902632,loop11,0.00,0.00,0.000,0.000,0.00
1777902632,loop12,0.00,0.00,0.000,0.000,0.00
1777902632,loop13,0.00,0.00,0.000,0.000,0.00
1777902632,loop14,0.00,0.00,0.000,0.000,0.00
1777902632,loop15,0.00,0.00,0.000,0.000,0.00
1777902632,loop16,0.00,0.00,0.000,0.000,0.00
1777902632,loop17,0.00,0.00,0.000,0.000,0.00
1777902632,loop18,0.00,0.00,0.000,0.000,0.00
1777902632,loop19,0.00,0.00,0.000,0.000,0.00
1777902632,loop2,0.00,0.00,0.000,0.000,0.00
1777902632,loop20,0.00,0.00,0.000,0.000,0.00
1777902632,loop21,0.00,0.00,0.000,0.000,0.00
1777902632,loop22,0.00,0.00,0.000,0.000,0.00
1777902632,loop23,0.00,0.00,0.000,0.000,0.00
1777902632,loop24,0.00,0.00,0.000,0.000,0.00
1777902632,loop25,0.00,0.00,0.000,0.000,0.00
1777902632,loop26,0.00,0.00,0.000,0.000,0.00
1777902632,loop27,0.00,0.00,0.000,0.000,0.00
1777902632,loop28,0.00,0.00,0.000,0.000,0.00
1777902632,loop29,0.00,0.00,0.000,0.000,0.00
1777902632,loop3,0.00,0.00,0.000,0.000,0.00
1777902632,loop30,0.00,0.00,0.000,0.000,0.00
1777902632,loop31,0.00,0.00,0.000,0.000,0.00
1777902632,loop32,0.00,0.00,0.000,0.000,0.00
1777902632,loop33,0.00,0.00,0.000,0.000,0.00
1777902632,loop34,0.00,0.00,0.000,0.000,0.00
1777902632,loop35,0.00,0.00,0.000,0.000,0.00
1777902632,loop36,0.00,0.00,0.000,0.000,0.00
1777902632,loop37,0.00,0.00,0.000,0.000,0.00
1777902632,loop38,0.00,0.00,0.000,0.000,0.00
1777902632,loop39,0.00,0.00,0.000,0.000,0.00
1777902632,loop4,0.00,0.00,0.000,0.000,0.00
1777902632,loop40,0.00,0.00,0.000,0.000,0.00
1777902632,loop5,0.00,0.00,0.000,0.000,0.00
1777902632,loop6,0.00,0.00,0.000,0.000,0.00
1777902632,loop7,0.00,0.00,0.000,0.000,0.00
1777902632,loop8,0.00,0.00,0.000,0.000,0.00
1777902632,loop9,0.00,0.00,0.000,0.000,0.00
1777902632,nvme0n1,34.00,208.00,0.018,0.034,0.30
1777902633,loop0,0.00,0.00,0.000,0.000,0.00
1777902633,loop1,0.00,0.00,0.000,0.000,0.00
1777902633,loop10,0.00,0.00,0.000,0.000,0.00
1777902633,loop11,0.00,0.00,0.000,0.000,0.00
1777902633,loop12,0.00,0.00,0.000,0.000,0.00
1777902633,loop13,0.00,0.00,0.000,0.000,0.00
1777902633,loop14,0.00,0.00,0.000,0.000,0.00
1777902633,loop15,0.00,0.00,0.000,0.000,0.00
1777902633,loop16,0.00,0.00,0.000,0.000,0.00
1777902633,loop17,0.00,0.00,0.000,0.000,0.00
1777902633,loop18,0.00,0.00,0.000,0.000,0.00
1777902633,loop19,0.00,0.00,0.000,0.000,0.00
1777902633,loop2,0.00,0.00,0.000,0.000,0.00
1777902633,loop20,0.00,0.00,0.000,0.000,0.00
1777902633,loop21,0.00,0.00,0.000,0.000,0.00
1777902633,loop22,0.00,0.00,0.000,0.000,0.00
1777902633,loop23,0.00,0.00,0.000,0.000,0.00
1777902633,loop24,0.00,0.00,0.000,0.000,0.00
1777902633,loop25,0.00,0.00,0.000,0.000,0.00
1777902633,loop26,0.00,0.00,0.000,0.000,0.00
1777902633,loop27,0.00,0.00,0.000,0.000,0.00
1777902633,loop28,0.00,0.00,0.000,0.000,0.00
1777902633,loop29,0.00,0.00,0.000,0.000,0.00
1777902633,loop3,0.00,0.00,0.000,0.000,0.00
1777902633,loop30,0.00,0.00,0.000,0.000,0.00
1777902633,loop31,0.00,0.00,0.000,0.000,0.00
1777902633,loop32,0.00,0.00,0.000,0.000,0.00
1777902633,loop33,0.00,0.00,0.000,0.000,0.00
1777902633,loop34,0.00,0.00,0.000,0.000,0.00
1777902633,loop35,0.00,0.00,0.000,0.000,0.00
1777902633,loop36,0.00,0.00,0.000,0.000,0.00
1777902633,loop37,0.00,0.00,0.000,0.000,0.00
1777902633,loop38,0.00,0.00,0.000,0.000,0.00
1777902633,loop39,0.00,0.00,0.000,0.000,0.00
1777902633,loop4,0.00,0.00,0.000,0.000,0.00
1777902633,loop40,0.00,0.00,0.000,0.000,0.00
1777902633,loop5,0.00,0.00,0.000,0.000,0.00
1777902633,loop6,0.00,0.00,0.000,0.000,0.00
1777902633,loop7,0.00,0.00,0.000,0.000,0.00
1777902633,loop8,0.00,0.00,0.000,0.000,0.00
1777902633,loop9,0.00,0.00,0.000,0.000,0.00
1777902633,nvme0n1,1.00,4.00,0.000,0.000,0.10
1777902634,loop0,0.00,0.00,0.000,0.000,0.00
1777902634,loop1,0.00,0.00,0.000,0.000,0.00
1777902634,loop10,0.00,0.00,0.000,0.000,0.00
1777902634,loop11,0.00,0.00,0.000,0.000,0.00
1777902634,loop12,0.00,0.00,0.000,0.000,0.00
1777902634,loop13,0.00,0.00,0.000,0.000,0.00
1777902634,loop14,0.00,0.00,0.000,0.000,0.00
1777902634,loop15,0.00,0.00,0.000,0.000,0.00
1777902634,loop16,0.00,0.00,0.000,0.000,0.00
1777902634,loop17,0.00,0.00,0.000,0.000,0.00
1777902634,loop18,0.00,0.00,0.000,0.000,0.00
1777902634,loop19,0.00,0.00,0.000,0.000,0.00
1777902634,loop2,0.00,0.00,0.000,0.000,0.00
1777902634,loop20,0.00,0.00,0.000,0.000,0.00
1777902634,loop21,0.00,0.00,0.000,0.000,0.00
1777902634,loop22,0.00,0.00,0.000,0.000,0.00
1777902634,loop23,0.00,0.00,0.000,0.000,0.00
1777902634,loop24,0.00,0.00,0.000,0.000,0.00
1777902634,loop25,0.00,0.00,0.000,0.000,0.00
1777902634,loop26,0.00,0.00,0.000,0.000,0.00
1777902634,loop27,0.00,0.00,0.000,0.000,0.00
1777902634,loop28,0.00,0.00,0.000,0.000,0.00
1777902634,loop29,0.00,0.00,0.000,0.000,0.00
1777902634,loop3,0.00,0.00,0.000,0.000,0.00
1777902634,loop30,0.00,0.00,0.000,0.000,0.00
1777902634,loop31,0.00,0.00,0.000,0.000,0.00
1777902634,loop32,0.00,0.00,0.000,0.000,0.00
1777902634,loop33,0.00,0.00,0.000,0.000,0.00
1777902634,loop34,0.00,0.00,0.000,0.000,0.00
1777902634,loop35,0.00,0.00,0.000,0.000,0.00
1777902634,loop36,0.00,0.00,0.000,0.000,0.00
1777902634,loop37,0.00,0.00,0.000,0.000,0.00
1777902634,loop38,0.00,0.00,0.000,0.000,0.00
1777902634,loop39,0.00,0.00,0.000,0.000,0.00
1777902634,loop4,0.00,0.00,0.000,0.000,0.00
1777902634,loop40,0.00,0.00,0.000,0.000,0.00
1777902634,loop5,0.00,0.00,0.000,0.000,0.00
1777902634,loop6,0.00,0.00,0.000,0.000,0.00
1777902634,loop7,0.00,0.00,0.000,0.000,0.00
1777902634,loop8,0.00,0.00,0.000,0.000,0.00
1777902634,loop9,0.00,0.00,0.000,0.000,0.00
1777902634,nvme0n1,1.00,4.00,0.000,0.000,0.10
1777902635,loop0,0.00,0.00,0.000,0.000,0.00
1777902635,loop1,0.00,0.00,0.000,0.000,0.00
1777902635,loop10,0.00,0.00,0.000,0.000,0.00
1777902635,loop11,0.00,0.00,0.000,0.000,0.00
1777902635,loop12,0.00,0.00,0.000,0.000,0.00
1777902635,loop13,0.00,0.00,0.000,0.000,0.00
1777902635,loop14,0.00,0.00,0.000,0.000,0.00
1777902635,loop15,0.00,0.00,0.000,0.000,0.00
1777902635,loop16,0.00,0.00,0.000,0.000,0.00
1777902635,loop17,0.00,0.00,0.000,0.000,0.00
1777902635,loop18,0.00,0.00,0.000,0.000,0.00
1777902635,loop19,0.00,0.00,0.000,0.000,0.00
1777902635,loop2,0.00,0.00,0.000,0.000,0.00
1777902635,loop20,0.00,0.00,0.000,0.000,0.00
1777902635,loop21,0.00,0.00,0.000,0.000,0.00
1777902635,loop22,0.00,0.00,0.000,0.000,0.00
1777902635,loop23,0.00,0.00,0.000,0.000,0.00
1777902635,loop24,0.00,0.00,0.000,0.000,0.00
1777902635,loop25,0.00,0.00,0.000,0.000,0.00
1777902635,loop26,0.00,0.00,0.000,0.000,0.00
1777902635,loop27,0.00,0.00,0.000,0.000,0.00
1777902635,loop28,0.00,0.00,0.000,0.000,0.00
1777902635,loop29,0.00,0.00,0.000,0.000,0.00
1777902635,loop3,0.00,0.00,0.000,0.000,0.00
1777902635,loop30,0.00,0.00,0.000,0.000,0.00
1777902635,loop31,0.00,0.00,0.000,0.000,0.00
1777902635,loop32,0.00,0.00,0.000,0.000,0.00
1777902635,loop33,0.00,0.00,0.000,0.000,0.00
1777902635,loop34,0.00,0.00,0.000,0.000,0.00
1777902635,loop35,0.00,0.00,0.000,0.000,0.00
1777902635,loop36,0.00,0.00,0.000,0.000,0.00
1777902635,loop37,0.00,0.00,0.000,0.000,0.00
1777902635,loop38,0.00,0.00,0.000,0.000,0.00
1777902635,loop39,0.00,0.00,0.000,0.000,0.00
1777902635,loop4,0.00,0.00,0.000,0.000,0.00
1777902635,loop40,0.00,0.00,0.000,0.000,0.00
1777902635,loop5,0.00,0.00,0.000,0.000,0.00
1777902635,loop6,0.00,0.00,0.000,0.000,0.00
1777902635,loop7,0.00,0.00,0.000,0.000,0.00
1777902635,loop8,0.00,0.00,0.000,0.000,0.00
1777902635,loop9,0.00,0.00,0.000,0.000,0.00
1777902635,nvme0n1,5.00,24.00,0.001,0.016,0.10
1777902636,loop0,0.00,0.00,0.000,0.000,0.00
1777902636,loop1,0.00,0.00,0.000,0.000,0.00
1777902636,loop10,0.00,0.00,0.000,0.000,0.00
1777902636,loop11,0.00,0.00,0.000,0.000,0.00
1777902636,loop12,0.00,0.00,0.000,0.000,0.00
1777902636,loop13,0.00,0.00,0.000,0.000,0.00
1777902636,loop14,0.00,0.00,0.000,0.000,0.00
1777902636,loop15,0.00,0.00,0.000,0.000,0.00
1777902636,loop16,0.00,0.00,0.000,0.000,0.00
1777902636,loop17,0.00,0.00,0.000,0.000,0.00
1777902636,loop18,0.00,0.00,0.000,0.000,0.00
1777902636,loop19,0.00,0.00,0.000,0.000,0.00
1777902636,loop2,0.00,0.00,0.000,0.000,0.00
1777902636,loop20,0.00,0.00,0.000,0.000,0.00
1777902636,loop21,0.00,0.00,0.000,0.000,0.00
1777902636,loop22,0.00,0.00,0.000,0.000,0.00
1777902636,loop23,0.00,0.00,0.000,0.000,0.00
1777902636,loop24,0.00,0.00,0.000,0.000,0.00
1777902636,loop25,0.00,0.00,0.000,0.000,0.00
1777902636,loop26,0.00,0.00,0.000,0.000,0.00
1777902636,loop27,0.00,0.00,0.000,0.000,0.00
1777902636,loop28,0.00,0.00,0.000,0.000,0.00
1777902636,loop29,0.00,0.00,0.000,0.000,0.00
1777902636,loop3,0.00,0.00,0.000,0.000,0.00
1777902636,loop30,0.00,0.00,0.000,0.000,0.00
1777902636,loop31,0.00,0.00,0.000,0.000,0.00
1777902636,loop32,0.00,0.00,0.000,0.000,0.00
1777902636,loop33,0.00,0.00,0.000,0.000,0.00
1777902636,loop34,0.00,0.00,0.000,0.000,0.00
1777902636,loop35,0.00,0.00,0.000,0.000,0.00
1777902636,loop36,0.00,0.00,0.000,0.000,0.00
1777902636,loop37,0.00,0.00,0.000,0.000,0.00
1777902636,loop38,0.00,0.00,0.000,0.000,0.00
1777902636,loop39,0.00,0.00,0.000,0.000,0.00
1777902636,loop4,0.00,0.00,0.000,0.000,0.00
1777902636,loop40,0.00,0.00,0.000,0.000,0.00
1777902636,loop5,0.00,0.00,0.000,0.000,0.00
1777902636,loop6,0.00,0.00,0.000,0.000,0.00
1777902636,loop7,0.00,0.00,0.000,0.000,0.00
1777902636,loop8,0.00,0.00,0.000,0.000,0.00
1777902636,loop9,0.00,0.00,0.000,0.000,0.00
1777902636,nvme0n1,0.00,0.00,0.000,0.000,0.10
1777902637,loop0,0.00,0.00,0.000,0.000,0.00
1777902637,loop1,0.00,0.00,0.000,0.000,0.00
1777902637,loop10,0.00,0.00,0.000,0.000,0.00
1777902637,loop11,0.00,0.00,0.000,0.000,0.00
1777902637,loop12,0.00,0.00,0.000,0.000,0.00
1777902637,loop13,0.00,0.00,0.000,0.000,0.00
1777902637,loop14,0.00,0.00,0.000,0.000,0.00
1777902637,loop15,0.00,0.00,0.000,0.000,0.00
1777902637,loop16,0.00,0.00,0.000,0.000,0.00
1777902637,loop17,0.00,0.00,0.000,0.000,0.00
1777902637,loop18,0.00,0.00,0.000,0.000,0.00
1777902637,loop19,0.00,0.00,0.000,0.000,0.00
1777902637,loop2,0.00,0.00,0.000,0.000,0.00
1777902637,loop20,0.00,0.00,0.000,0.000,0.00
1777902637,loop21,0.00,0.00,0.000,0.000,0.00
1777902637,loop22,0.00,0.00,0.000,0.000,0.00
1777902637,loop23,0.00,0.00,0.000,0.000,0.00
1777902637,loop24,0.00,0.00,0.000,0.000,0.00
1777902637,loop25,0.00,0.00,0.000,0.000,0.00
1777902637,loop26,0.00,0.00,0.000,0.000,0.00
1777902637,loop27,0.00,0.00,0.000,0.000,0.00
1777902637,loop28,0.00,0.00,0.000,0.000,0.00
1777902637,loop29,0.00,0.00,0.000,0.000,0.00
1777902637,loop3,0.00,0.00,0.000,0.000,0.00
1777902637,loop30,0.00,0.00,0.000,0.000,0.00
1777902637,loop31,0.00,0.00,0.000,0.000,0.00
1777902637,loop32,0.00,0.00,0.000,0.000,0.00
1777902637,loop33,0.00,0.00,0.000,0.000,0.00
1777902637,loop34,0.00,0.00,0.000,0.000,0.00
1777902637,loop35,0.00,0.00,0.000,0.000,0.00
1777902637,loop36,0.00,0.00,0.000,0.000,0.00
1777902637,loop37,0.00,0.00,0.000,0.000,0.00
1777902637,loop38,0.00,0.00,0.000,0.000,0.00
1777902637,loop39,0.00,0.00,0.000,0.000,0.00
1777902637,loop4,0.00,0.00,0.000,0.000,0.00
1777902637,loop40,0.00,0.00,0.000,0.000,0.00
1777902637,loop5,0.00,0.00,0.000,0.000,0.00
1777902637,loop6,0.00,0.00,0.000,0.000,0.00
1777902637,loop7,0.00,0.00,0.000,0.000,0.00
1777902637,loop8,0.00,0.00,0.000,0.000,0.00
1777902637,loop9,0.00,0.00,0.000,0.000,0.00
1777902637,nvme0n1,1.00,4.00,0.000,0.000,0.30
1777902638,loop0,0.00,0.00,0.000,0.000,0.00
1777902638,loop1,0.00,0.00,0.000,0.000,0.00
1777902638,loop10,0.00,0.00,0.000,0.000,0.00
1777902638,loop11,0.00,0.00,0.000,0.000,0.00
1777902638,loop12,0.00,0.00,0.000,0.000,0.00
1777902638,loop13,0.00,0.00,0.000,0.000,0.00
1777902638,loop14,0.00,0.00,0.000,0.000,0.00
1777902638,loop15,0.00,0.00,0.000,0.000,0.00
1777902638,loop16,0.00,0.00,0.000,0.000,0.00
1777902638,loop17,0.00,0.00,0.000,0.000,0.00
1777902638,loop18,0.00,0.00,0.000,0.000,0.00
1777902638,loop19,0.00,0.00,0.000,0.000,0.00
1777902638,loop2,0.00,0.00,0.000,0.000,0.00
1777902638,loop20,0.00,0.00,0.000,0.000,0.00
1777902638,loop21,0.00,0.00,0.000,0.000,0.00
1777902638,loop22,0.00,0.00,0.000,0.000,0.00
1777902638,loop23,0.00,0.00,0.000,0.000,0.00
1777902638,loop24,0.00,0.00,0.000,0.000,0.00
1777902638,loop25,0.00,0.00,0.000,0.000,0.00
1777902638,loop26,0.00,0.00,0.000,0.000,0.00
1777902638,loop27,0.00,0.00,0.000,0.000,0.00
1777902638,loop28,0.00,0.00,0.000,0.000,0.00
1777902638,loop29,0.00,0.00,0.000,0.000,0.00
1777902638,loop3,0.00,0.00,0.000,0.000,0.00
1777902638,loop30,0.00,0.00,0.000,0.000,0.00
1777902638,loop31,0.00,0.00,0.000,0.000,0.00
1777902638,loop32,0.00,0.00,0.000,0.000,0.00
1777902638,loop33,0.00,0.00,0.000,0.000,0.00
1777902638,loop34,0.00,0.00,0.000,0.000,0.00
1777902638,loop35,0.00,0.00,0.000,0.000,0.00
1777902638,loop36,0.00,0.00,0.000,0.000,0.00
1777902638,loop37,0.00,0.00,0.000,0.000,0.00
1777902638,loop38,0.00,0.00,0.000,0.000,0.00
1777902638,loop39,0.00,0.00,0.000,0.000,0.00
1777902638,loop4,0.00,0.00,0.000,0.000,0.00
1777902638,loop40,0.00,0.00,0.000,0.000,0.00
1777902638,loop5,0.00,0.00,0.000,0.000,0.00
1777902638,loop6,0.00,0.00,0.000,0.000,0.00
1777902638,loop7,0.00,0.00,0.000,0.000,0.00
1777902638,loop8,0.00,0.00,0.000,0.000,0.00
1777902638,loop9,0.00,0.00,0.000,0.000,0.00
1777902638,nvme0n1,1.00,4.00,0.000,0.000,0.00
1777902639,loop0,0.00,0.00,0.000,0.000,0.00
1777902639,loop1,0.00,0.00,0.000,0.000,0.00
1777902639,loop10,0.00,0.00,0.000,0.000,0.00
1777902639,loop11,0.00,0.00,0.000,0.000,0.00
1777902639,loop12,0.00,0.00,0.000,0.000,0.00
1777902639,loop13,0.00,0.00,0.000,0.000,0.00
1777902639,loop14,0.00,0.00,0.000,0.000,0.00
1777902639,loop15,0.00,0.00,0.000,0.000,0.00
1777902639,loop16,0.00,0.00,0.000,0.000,0.00
1777902639,loop17,0.00,0.00,0.000,0.000,0.00
1777902639,loop18,0.00,0.00,0.000,0.000,0.00
1777902639,loop19,0.00,0.00,0.000,0.000,0.00
1777902639,loop2,0.00,0.00,0.000,0.000,0.00
1777902639,loop20,0.00,0.00,0.000,0.000,0.00
1777902639,loop21,0.00,0.00,0.000,0.000,0.00
1777902639,loop22,0.00,0.00,0.000,0.000,0.00
1777902639,loop23,0.00,0.00,0.000,0.000,0.00
1777902639,loop24,0.00,0.00,0.000,0.000,0.00
1777902639,loop25,0.00,0.00,0.000,0.000,0.00
1777902639,loop26,0.00,0.00,0.000,0.000,0.00
1777902639,loop27,0.00,0.00,0.000,0.000,0.00
1777902639,loop28,0.00,0.00,0.000,0.000,0.00
1777902639,loop29,0.00,0.00,0.000,0.000,0.00
1777902639,loop3,0.00,0.00,0.000,0.000,0.00
1777902639,loop30,0.00,0.00,0.000,0.000,0.00
1777902639,loop31,0.00,0.00,0.000,0.000,0.00
1777902639,loop32,0.00,0.00,0.000,0.000,0.00
1777902639,loop33,0.00,0.00,0.000,0.000,0.00
1777902639,loop34,0.00,0.00,0.000,0.000,0.00
1777902639,loop35,0.00,0.00,0.000,0.000,0.00
1777902639,loop36,0.00,0.00,0.000,0.000,0.00
1777902639,loop37,0.00,0.00,0.000,0.000,0.00
1777902639,loop38,0.00,0.00,0.000,0.000,0.00
1777902639,loop39,0.00,0.00,0.000,0.000,0.00
1777902639,loop4,0.00,0.00,0.000,0.000,0.00
1777902639,loop40,0.00,0.00,0.000,0.000,0.00
1777902639,loop5,0.00,0.00,0.000,0.000,0.00
1777902639,loop6,0.00,0.00,0.000,0.000,0.00
1777902639,loop7,0.00,0.00,0.000,0.000,0.00
1777902639,loop8,0.00,0.00,0.000,0.000,0.00
1777902639,loop9,0.00,0.00,0.000,0.000,0.00
1777902639,nvme0n1,0.00,0.00,0.000,0.000,0.00
1777902640,loop0,0.00,0.00,0.000,0.000,0.00
1777902640,loop1,0.00,0.00,0.000,0.000,0.00
1777902640,loop10,0.00,0.00,0.000,0.000,0.00
1777902640,loop11,0.00,0.00,0.000,0.000,0.00
1777902640,loop12,0.00,0.00,0.000,0.000,0.00
1777902640,loop13,0.00,0.00,0.000,0.000,0.00
1777902640,loop14,0.00,0.00,0.000,0.000,0.00
1777902640,loop15,0.00,0.00,0.000,0.000,0.00
1777902640,loop16,0.00,0.00,0.000,0.000,0.00
1777902640,loop17,0.00,0.00,0.000,0.000,0.00
1777902640,loop18,0.00,0.00,0.000,0.000,0.00
1777902640,loop19,0.00,0.00,0.000,0.000,0.00
1777902640,loop2,0.00,0.00,0.000,0.000,0.00
1777902640,loop20,0.00,0.00,0.000,0.000,0.00
1777902640,loop21,0.00,0.00,0.000,0.000,0.00
1777902640,loop22,0.00,0.00,0.000,0.000,0.00
1777902640,loop23,0.00,0.00,0.000,0.000,0.00
1777902640,loop24,0.00,0.00,0.000,0.000,0.00
1777902640,loop25,0.00,0.00,0.000,0.000,0.00
1777902640,loop26,0.00,0.00,0.000,0.000,0.00
1777902640,loop27,0.00,0.00,0.000,0.000,0.00
1777902640,loop28,0.00,0.00,0.000,0.000,0.00
1777902640,loop29,0.00,0.00,0.000,0.000,0.00
1777902640,loop3,0.00,0.00,0.000,0.000,0.00
1777902640,loop30,0.00,0.00,0.000,0.000,0.00
1777902640,loop31,0.00,0.00,0.000,0.000,0.00
1777902640,loop32,0.00,0.00,0.000,0.000,0.00
1777902640,loop33,0.00,0.00,0.000,0.000,0.00
1777902640,loop34,0.00,0.00,0.000,0.000,0.00
1777902640,loop35,0.00,0.00,0.000,0.000,0.00
1777902640,loop36,0.00,0.00,0.000,0.000,0.00
1777902640,loop37,0.00,0.00,0.000,0.000,0.00
1777902640,loop38,0.00,0.00,0.000,0.000,0.00
1777902640,loop39,0.00,0.00,0.000,0.000,0.00
1777902640,loop4,0.00,0.00,0.000,0.000,0.00
1777902640,loop40,0.00,0.00,0.000,0.000,0.00
1777902640,loop5,0.00,0.00,0.000,0.000,0.00
1777902640,loop6,0.00,0.00,0.000,0.000,0.00
1777902640,loop7,0.00,0.00,0.000,0.000,0.00
1777902640,loop8,0.00,0.00,0.000,0.000,0.00
1777902640,loop9,0.00,0.00,0.000,0.000,0.00
1777902640,nvme0n1,3.00,12.00,0.000,0.000,0.10
1777902641,loop0,0.00,0.00,0.000,0.000,0.00
1777902641,loop1,0.00,0.00,0.000,0.000,0.00
1777902641,loop10,0.00,0.00,0.000,0.000,0.00
1777902641,loop11,0.00,0.00,0.000,0.000,0.00
1777902641,loop12,0.00,0.00,0.000,0.000,0.00
1777902641,loop13,0.00,0.00,0.000,0.000,0.00
1777902641,loop14,0.00,0.00,0.000,0.000,0.00
1777902641,loop15,0.00,0.00,0.000,0.000,0.00
1777902641,loop16,0.00,0.00,0.000,0.000,0.00
1777902641,loop17,0.00,0.00,0.000,0.000,0.00
1777902641,loop18,0.00,0.00,0.000,0.000,0.00
1777902641,loop19,0.00,0.00,0.000,0.000,0.00
1777902641,loop2,0.00,0.00,0.000,0.000,0.00
1777902641,loop20,0.00,0.00,0.000,0.000,0.00
1777902641,loop21,0.00,0.00,0.000,0.000,0.00
1777902641,loop22,0.00,0.00,0.000,0.000,0.00
1777902641,loop23,0.00,0.00,0.000,0.000,0.00
1777902641,loop24,0.00,0.00,0.000,0.000,0.00
1777902641,loop25,0.00,0.00,0.000,0.000,0.00
1777902641,loop26,0.00,0.00,0.000,0.000,0.00
1777902641,loop27,0.00,0.00,0.000,0.000,0.00
1777902641,loop28,0.00,0.00,0.000,0.000,0.00
1777902641,loop29,0.00,0.00,0.000,0.000,0.00
1777902641,loop3,0.00,0.00,0.000,0.000,0.00
1777902641,loop30,0.00,0.00,0.000,0.000,0.00
1777902641,loop31,0.00,0.00,0.000,0.000,0.00
1777902641,loop32,0.00,0.00,0.000,0.000,0.00
1777902641,loop33,0.00,0.00,0.000,0.000,0.00
1777902641,loop34,0.00,0.00,0.000,0.000,0.00
1777902641,loop35,0.00,0.00,0.000,0.000,0.00
1777902641,loop36,0.00,0.00,0.000,0.000,0.00
1777902641,loop37,0.00,0.00,0.000,0.000,0.00
1777902641,loop38,0.00,0.00,0.000,0.000,0.00
1777902641,loop39,0.00,0.00,0.000,0.000,0.00
1777902641,loop4,0.00,0.00,0.000,0.000,0.00
1777902641,loop40,0.00,0.00,0.000,0.000,0.00
1777902641,loop5,0.00,0.00,0.000,0.000,0.00
1777902641,loop6,0.00,0.00,0.000,0.000,0.00
1777902641,loop7,0.00,0.00,0.000,0.000,0.00
1777902641,loop8,0.00,0.00,0.000,0.000,0.00
1777902641,loop9,0.00,0.00,0.000,0.000,0.00
1777902641,nvme0n1,0.00,0.00,0.000,0.000,0.00
1777902642,loop0,0.00,0.00,0.000,0.000,0.00
1777902642,loop1,0.00,0.00,0.000,0.000,0.00
1777902642,loop10,0.00,0.00,0.000,0.000,0.00
1777902642,loop11,0.00,0.00,0.000,0.000,0.00
1777902642,loop12,0.00,0.00,0.000,0.000,0.00
1777902642,loop13,0.00,0.00,0.000,0.000,0.00
1777902642,loop14,0.00,0.00,0.000,0.000,0.00
1777902642,loop15,0.00,0.00,0.000,0.000,0.00
1777902642,loop16,0.00,0.00,0.000,0.000,0.00
1777902642,loop17,0.00,0.00,0.000,0.000,0.00
1777902642,loop18,0.00,0.00,0.000,0.000,0.00
1777902642,loop19,0.00,0.00,0.000,0.000,0.00
1777902642,loop2,0.00,0.00,0.000,0.000,0.00
1777902642,loop20,0.00,0.00,0.000,0.000,0.00
1777902642,loop21,0.00,0.00,0.000,0.000,0.00
1777902642,loop22,0.00,0.00,0.000,0.000,0.00
1777902642,loop23,0.00,0.00,0.000,0.000,0.00
1777902642,loop24,0.00,0.00,0.000,0.000,0.00
1777902642,loop25,0.00,0.00,0.000,0.000,0.00
1777902642,loop26,0.00,0.00,0.000,0.000,0.00
1777902642,loop27,0.00,0.00,0.000,0.000,0.00
1777902642,loop28,0.00,0.00,0.000,0.000,0.00
1777902642,loop29,0.00,0.00,0.000,0.000,0.00
1777902642,loop3,0.00,0.00,0.000,0.000,0.00
1777902642,loop30,0.00,0.00,0.000,0.000,0.00
1777902642,loop31,0.00,0.00,0.000,0.000,0.00
1777902642,loop32,0.00,0.00,0.000,0.000,0.00
1777902642,loop33,0.00,0.00,0.000,0.000,0.00
1777902642,loop34,0.00,0.00,0.000,0.000,0.00
1777902642,loop35,0.00,0.00,0.000,0.000,0.00
1777902642,loop36,0.00,0.00,0.000,0.000,0.00
1777902642,loop37,0.00,0.00,0.000,0.000,0.00
1777902642,loop38,0.00,0.00,0.000,0.000,0.00
1777902642,loop39,0.00,0.00,0.000,0.000,0.00
1777902642,loop4,0.00,0.00,0.000,0.000,0.00
1777902642,loop40,0.00,0.00,0.000,0.000,0.00
1777902642,loop5,0.00,0.00,0.000,0.000,0.00
1777902642,loop6,0.00,0.00,0.000,0.000,0.00
1777902642,loop7,0.00,0.00,0.000,0.000,0.00
1777902642,loop8,0.00,0.00,0.000,0.000,0.00
1777902642,loop9,0.00,0.00,0.000,0.000,0.00
1777902642,nvme0n1,0.00,0.00,0.000,0.000,0.20
1777902643,loop0,0.00,0.00,0.000,0.000,0.00
1777902643,loop1,0.00,0.00,0.000,0.000,0.00
1777902643,loop10,0.00,0.00,0.000,0.000,0.00
1777902643,loop11,0.00,0.00,0.000,0.000,0.00
1777902643,loop12,0.00,0.00,0.000,0.000,0.00
1777902643,loop13,0.00,0.00,0.000,0.000,0.00
1777902643,loop14,0.00,0.00,0.000,0.000,0.00
1777902643,loop15,0.00,0.00,0.000,0.000,0.00
1777902643,loop16,0.00,0.00,0.000,0.000,0.00
1777902643,loop17,0.00,0.00,0.000,0.000,0.00
1777902643,loop18,0.00,0.00,0.000,0.000,0.00
1777902643,loop19,0.00,0.00,0.000,0.000,0.00
1777902643,loop2,0.00,0.00,0.000,0.000,0.00
1777902643,loop20,0.00,0.00,0.000,0.000,0.00
1777902643,loop21,0.00,0.00,0.000,0.000,0.00
1777902643,loop22,0.00,0.00,0.000,0.000,0.00
1777902643,loop23,0.00,0.00,0.000,0.000,0.00
1777902643,loop24,0.00,0.00,0.000,0.000,0.00
1777902643,loop25,0.00,0.00,0.000,0.000,0.00
1777902643,loop26,0.00,0.00,0.000,0.000,0.00
1777902643,loop27,0.00,0.00,0.000,0.000,0.00
1777902643,loop28,0.00,0.00,0.000,0.000,0.00
1777902643,loop29,0.00,0.00,0.000,0.000,0.00
1777902643,loop3,0.00,0.00,0.000,0.000,0.00
1777902643,loop30,0.00,0.00,0.000,0.000,0.00
1777902643,loop31,0.00,0.00,0.000,0.000,0.00
1777902643,loop32,0.00,0.00,0.000,0.000,0.00
1777902643,loop33,0.00,0.00,0.000,0.000,0.00
1777902643,loop34,0.00,0.00,0.000,0.000,0.00
1777902643,loop35,0.00,0.00,0.000,0.000,0.00
1777902643,loop36,0.00,0.00,0.000,0.000,0.00
1777902643,loop37,0.00,0.00,0.000,0.000,0.00
1777902643,loop38,0.00,0.00,0.000,0.000,0.00
1777902643,loop39,0.00,0.00,0.000,0.000,0.00
1777902643,loop4,0.00,0.00,0.000,0.000,0.00
1777902643,loop40,0.00,0.00,0.000,0.000,0.00
1777902643,loop5,0.00,0.00,0.000,0.000,0.00
1777902643,loop6,0.00,0.00,0.000,0.000,0.00
1777902643,loop7,0.00,0.00,0.000,0.000,0.00
1777902643,loop8,0.00,0.00,0.000,0.000,0.00
1777902643,loop9,0.00,0.00,0.000,0.000,0.00
1777902643,nvme0n1,5.00,28.00,0.002,0.028,0.10
1777902644,loop0,0.00,0.00,0.000,0.000,0.00
1777902644,loop1,0.00,0.00,0.000,0.000,0.00
1777902644,loop10,0.00,0.00,0.000,0.000,0.00
1777902644,loop11,0.00,0.00,0.000,0.000,0.00
1777902644,loop12,0.00,0.00,0.000,0.000,0.00
1777902644,loop13,0.00,0.00,0.000,0.000,0.00
1777902644,loop14,0.00,0.00,0.000,0.000,0.00
1777902644,loop15,0.00,0.00,0.000,0.000,0.00
1777902644,loop16,0.00,0.00,0.000,0.000,0.00
1777902644,loop17,0.00,0.00,0.000,0.000,0.00
1777902644,loop18,0.00,0.00,0.000,0.000,0.00
1777902644,loop19,0.00,0.00,0.000,0.000,0.00
1777902644,loop2,0.00,0.00,0.000,0.000,0.00
1777902644,loop20,0.00,0.00,0.000,0.000,0.00
1777902644,loop21,0.00,0.00,0.000,0.000,0.00
1777902644,loop22,0.00,0.00,0.000,0.000,0.00
1777902644,loop23,0.00,0.00,0.000,0.000,0.00
1777902644,loop24,0.00,0.00,0.000,0.000,0.00
1777902644,loop25,0.00,0.00,0.000,0.000,0.00
1777902644,loop26,0.00,0.00,0.000,0.000,0.00
1777902644,loop27,0.00,0.00,0.000,0.000,0.00
1777902644,loop28,0.00,0.00,0.000,0.000,0.00
1777902644,loop29,0.00,0.00,0.000,0.000,0.00
1777902644,loop3,0.00,0.00,0.000,0.000,0.00
1777902644,loop30,0.00,0.00,0.000,0.000,0.00
1777902644,loop31,0.00,0.00,0.000,0.000,0.00
1777902644,loop32,0.00,0.00,0.000,0.000,0.00
1777902644,loop33,0.00,0.00,0.000,0.000,0.00
1777902644,loop34,0.00,0.00,0.000,0.000,0.00
1777902644,loop35,0.00,0.00,0.000,0.000,0.00
1777902644,loop36,0.00,0.00,0.000,0.000,0.00
1777902644,loop37,0.00,0.00,0.000,0.000,0.00
1777902644,loop38,0.00,0.00,0.000,0.000,0.00
1777902644,loop39,0.00,0.00,0.000,0.000,0.00
1777902644,loop4,0.00,0.00,0.000,0.000,0.00
1777902644,loop40,0.00,0.00,0.000,0.000,0.00
1777902644,loop5,0.00,0.00,0.000,0.000,0.00
1777902644,loop6,0.00,0.00,0.000,0.000,0.00
1777902644,loop7,0.00,0.00,0.000,0.000,0.00
1777902644,loop8,0.00,0.00,0.000,0.000,0.00
1777902644,loop9,0.00,0.00,0.000,0.000,0.00
1777902644,nvme0n1,7.00,28.00,0.000,0.000,0.20
1777902645,loop0,0.00,0.00,0.000,0.000,0.00
1777902645,loop1,0.00,0.00,0.000,0.000,0.00
1777902645,loop10,0.00,0.00,0.000,0.000,0.00
1777902645,loop11,0.00,0.00,0.000,0.000,0.00
1777902645,loop12,0.00,0.00,0.000,0.000,0.00
1777902645,loop13,0.00,0.00,0.000,0.000,0.00
1777902645,loop14,0.00,0.00,0.000,0.000,0.00
1777902645,loop15,0.00,0.00,0.000,0.000,0.00
1777902645,loop16,0.00,0.00,0.000,0.000,0.00
1777902645,loop17,0.00,0.00,0.000,0.000,0.00
1777902645,loop18,0.00,0.00,0.000,0.000,0.00
1777902645,loop19,0.00,0.00,0.000,0.000,0.00
1777902645,loop2,0.00,0.00,0.000,0.000,0.00
1777902645,loop20,0.00,0.00,0.000,0.000,0.00
1777902645,loop21,0.00,0.00,0.000,0.000,0.00
1777902645,loop22,0.00,0.00,0.000,0.000,0.00
1777902645,loop23,0.00,0.00,0.000,0.000,0.00
1777902645,loop24,0.00,0.00,0.000,0.000,0.00
1777902645,loop25,0.00,0.00,0.000,0.000,0.00
1777902645,loop26,0.00,0.00,0.000,0.000,0.00
1777902645,loop27,0.00,0.00,0.000,0.000,0.00
1777902645,loop28,0.00,0.00,0.000,0.000,0.00
1777902645,loop29,0.00,0.00,0.000,0.000,0.00
1777902645,loop3,0.00,0.00,0.000,0.000,0.00
1777902645,loop30,0.00,0.00,0.000,0.000,0.00
1777902645,loop31,0.00,0.00,0.000,0.000,0.00
1777902645,loop32,0.00,0.00,0.000,0.000,0.00
1777902645,loop33,0.00,0.00,0.000,0.000,0.00
1777902645,loop34,0.00,0.00,0.000,0.000,0.00
1777902645,loop35,0.00,0.00,0.000,0.000,0.00
1777902645,loop36,0.00,0.00,0.000,0.000,0.00
1777902645,loop37,0.00,0.00,0.000,0.000,0.00
1777902645,loop38,0.00,0.00,0.000,0.000,0.00
1777902645,loop39,0.00,0.00,0.000,0.000,0.00
1777902645,loop4,0.00,0.00,0.000,0.000,0.00
1777902645,loop40,0.00,0.00,0.000,0.000,0.00
1777902645,loop5,0.00,0.00,0.000,0.000,0.00
1777902645,loop6,0.00,0.00,0.000,0.000,0.00
1777902645,loop7,0.00,0.00,0.000,0.000,0.00
1777902645,loop8,0.00,0.00,0.000,0.000,0.00
1777902645,loop9,0.00,0.00,0.000,0.000,0.00
1777902645,nvme0n1,3.00,12.00,0.000,0.000,0.10
1777902646,loop0,0.00,0.00,0.000,0.000,0.00
1777902646,loop1,0.00,0.00,0.000,0.000,0.00
1777902646,loop10,0.00,0.00,0.000,0.000,0.00
1777902646,loop11,0.00,0.00,0.000,0.000,0.00
1777902646,loop12,0.00,0.00,0.000,0.000,0.00
1777902646,loop13,0.00,0.00,0.000,0.000,0.00
1777902646,loop14,0.00,0.00,0.000,0.000,0.00
1777902646,loop15,0.00,0.00,0.000,0.000,0.00
1777902646,loop16,0.00,0.00,0.000,0.000,0.00
1777902646,loop17,0.00,0.00,0.000,0.000,0.00
1777902646,loop18,0.00,0.00,0.000,0.000,0.00
1777902646,loop19,0.00,0.00,0.000,0.000,0.00
1777902646,loop2,0.00,0.00,0.000,0.000,0.00
1777902646,loop20,0.00,0.00,0.000,0.000,0.00
1777902646,loop21,0.00,0.00,0.000,0.000,0.00
1777902646,loop22,0.00,0.00,0.000,0.000,0.00
1777902646,loop23,0.00,0.00,0.000,0.000,0.00
1777902646,loop24,0.00,0.00,0.000,0.000,0.00
1777902646,loop25,0.00,0.00,0.000,0.000,0.00
1777902646,loop26,0.00,0.00,0.000,0.000,0.00
1777902646,loop27,0.00,0.00,0.000,0.000,0.00
1777902646,loop28,0.00,0.00,0.000,0.000,0.00
1777902646,loop29,0.00,0.00,0.000,0.000,0.00
1777902646,loop3,0.00,0.00,0.000,0.000,0.00
1777902646,loop30,0.00,0.00,0.000,0.000,0.00
1777902646,loop31,0.00,0.00,0.000,0.000,0.00
1777902646,loop32,0.00,0.00,0.000,0.000,0.00
1777902646,loop33,0.00,0.00,0.000,0.000,0.00
1777902646,loop34,0.00,0.00,0.000,0.000,0.00
1777902646,loop35,0.00,0.00,0.000,0.000,0.00
1777902646,loop36,0.00,0.00,0.000,0.000,0.00
1777902646,loop37,0.00,0.00,0.000,0.000,0.00
1777902646,loop38,0.00,0.00,0.000,0.000,0.00
1777902646,loop39,0.00,0.00,0.000,0.000,0.00
1777902646,loop4,0.00,0.00,0.000,0.000,0.00
1777902646,loop40,0.00,0.00,0.000,0.000,0.00
1777902646,loop5,0.00,0.00,0.000,0.000,0.00
1777902646,loop6,0.00,0.00,0.000,0.000,0.00
1777902646,loop7,0.00,0.00,0.000,0.000,0.00
1777902646,loop8,0.00,0.00,0.000,0.000,0.00
1777902646,loop9,0.00,0.00,0.000,0.000,0.00
1777902646,nvme0n1,0.00,0.00,0.000,0.000,0.70
1777902647,loop0,0.00,0.00,0.000,0.000,0.00
1777902647,loop1,0.00,0.00,0.000,0.000,0.00
1777902647,loop10,0.00,0.00,0.000,0.000,0.00
1777902647,loop11,0.00,0.00,0.000,0.000,0.00
1777902647,loop12,0.00,0.00,0.000,0.000,0.00
1777902647,loop13,0.00,0.00,0.000,0.000,0.00
1777902647,loop14,0.00,0.00,0.000,0.000,0.00
1777902647,loop15,0.00,0.00,0.000,0.000,0.00
1777902647,loop16,0.00,0.00,0.000,0.000,0.00
1777902647,loop17,0.00,0.00,0.000,0.000,0.00
1777902647,loop18,0.00,0.00,0.000,0.000,0.00
1777902647,loop19,0.00,0.00,0.000,0.000,0.00
1777902647,loop2,0.00,0.00,0.000,0.000,0.00
1777902647,loop20,0.00,0.00,0.000,0.000,0.00
1777902647,loop21,0.00,0.00,0.000,0.000,0.00
1777902647,loop22,0.00,0.00,0.000,0.000,0.00
1777902647,loop23,0.00,0.00,0.000,0.000,0.00
1777902647,loop24,0.00,0.00,0.000,0.000,0.00
1777902647,loop25,0.00,0.00,0.000,0.000,0.00
1777902647,loop26,0.00,0.00,0.000,0.000,0.00
1777902647,loop27,0.00,0.00,0.000,0.000,0.00
1777902647,loop28,0.00,0.00,0.000,0.000,0.00
1777902647,loop29,0.00,0.00,0.000,0.000,0.00
1777902647,loop3,0.00,0.00,0.000,0.000,0.00
1777902647,loop30,0.00,0.00,0.000,0.000,0.00
1777902647,loop31,0.00,0.00,0.000,0.000,0.00
1777902647,loop32,0.00,0.00,0.000,0.000,0.00
1777902647,loop33,0.00,0.00,0.000,0.000,0.00
1777902647,loop34,0.00,0.00,0.000,0.000,0.00
1777902647,loop35,0.00,0.00,0.000,0.000,0.00
1777902647,loop36,0.00,0.00,0.000,0.000,0.00
1777902647,loop37,0.00,0.00,0.000,0.000,0.00
1777902647,loop38,0.00,0.00,0.000,0.000,0.00
1777902647,loop39,0.00,0.00,0.000,0.000,0.00
1777902647,loop4,0.00,0.00,0.000,0.000,0.00
1777902647,loop40,0.00,0.00,0.000,0.000,0.00
1777902647,loop5,0.00,0.00,0.000,0.000,0.00
1777902647,loop6,0.00,0.00,0.000,0.000,0.00
1777902647,loop7,0.00,0.00,0.000,0.000,0.00
1777902647,loop8,0.00,0.00,0.000,0.000,0.00
1777902647,loop9,0.00,0.00,0.000,0.000,0.00
1777902647,nvme0n1,0.00,0.00,0.000,0.000,0.00
1777902648,loop0,0.00,0.00,0.000,0.000,0.00
1777902648,loop1,0.00,0.00,0.000,0.000,0.00
1777902648,loop10,0.00,0.00,0.000,0.000,0.00
1777902648,loop11,0.00,0.00,0.000,0.000,0.00
1777902648,loop12,0.00,0.00,0.000,0.000,0.00
1777902648,loop13,0.00,0.00,0.000,0.000,0.00
1777902648,loop14,0.00,0.00,0.000,0.000,0.00
1777902648,loop15,0.00,0.00,0.000,0.000,0.00
1777902648,loop16,0.00,0.00,0.000,0.000,0.00
1777902648,loop17,0.00,0.00,0.000,0.000,0.00
1777902648,loop18,0.00,0.00,0.000,0.000,0.00
1777902648,loop19,0.00,0.00,0.000,0.000,0.00
1777902648,loop2,0.00,0.00,0.000,0.000,0.00
1777902648,loop20,0.00,0.00,0.000,0.000,0.00
1777902648,loop21,0.00,0.00,0.000,0.000,0.00
1777902648,loop22,0.00,0.00,0.000,0.000,0.00
1777902648,loop23,0.00,0.00,0.000,0.000,0.00
1777902648,loop24,0.00,0.00,0.000,0.000,0.00
1777902648,loop25,0.00,0.00,0.000,0.000,0.00
1777902648,loop26,0.00,0.00,0.000,0.000,0.00
1777902648,loop27,0.00,0.00,0.000,0.000,0.00
1777902648,loop28,0.00,0.00,0.000,0.000,0.00
1777902648,loop29,0.00,0.00,0.000,0.000,0.00
1777902648,loop3,0.00,0.00,0.000,0.000,0.00
1777902648,loop30,0.00,0.00,0.000,0.000,0.00
1777902648,loop31,0.00,0.00,0.000,0.000,0.00
1777902648,loop32,0.00,0.00,0.000,0.000,0.00
1777902648,loop33,0.00,0.00,0.000,0.000,0.00
1777902648,loop34,0.00,0.00,0.000,0.000,0.00
1777902648,loop35,0.00,0.00,0.000,0.000,0.00
1777902648,loop36,0.00,0.00,0.000,0.000,0.00
1777902648,loop37,0.00,0.00,0.000,0.000,0.00
1777902648,loop38,0.00,0.00,0.000,0.000,0.00
1777902648,loop39,0.00,0.00,0.000,0.000,0.00
1777902648,loop4,0.00,0.00,0.000,0.000,0.00
1777902648,loop40,0.00,0.00,0.000,0.000,0.00
1777902648,loop5,0.00,0.00,0.000,0.000,0.00
1777902648,loop6,0.00,0.00,0.000,0.000,0.00
1777902648,loop7,0.00,0.00,0.000,0.000,0.00
1777902648,loop8,0.00,0.00,0.000,0.000,0.00
1777902648,loop9,0.00,0.00,0.000,0.000,0.00
1777902648,nvme0n1,10.00,44.00,0.001,0.009,0.10
1777902649,loop0,0.00,0.00,0.000,0.000,0.00
1777902649,loop1,0.00,0.00,0.000,0.000,0.00
1777902649,loop10,0.00,0.00,0.000,0.000,0.00
1777902649,loop11,0.00,0.00,0.000,0.000,0.00
1777902649,loop12,0.00,0.00,0.000,0.000,0.00
1777902649,loop13,0.00,0.00,0.000,0.000,0.00
1777902649,loop14,0.00,0.00,0.000,0.000,0.00
1777902649,loop15,0.00,0.00,0.000,0.000,0.00
1777902649,loop16,0.00,0.00,0.000,0.000,0.00
1777902649,loop17,0.00,0.00,0.000,0.000,0.00
1777902649,loop18,0.00,0.00,0.000,0.000,0.00
1777902649,loop19,0.00,0.00,0.000,0.000,0.00
1777902649,loop2,0.00,0.00,0.000,0.000,0.00
1777902649,loop20,0.00,0.00,0.000,0.000,0.00
1777902649,loop21,0.00,0.00,0.000,0.000,0.00
1777902649,loop22,0.00,0.00,0.000,0.000,0.00
1777902649,loop23,0.00,0.00,0.000,0.000,0.00
1777902649,loop24,0.00,0.00,0.000,0.000,0.00
1777902649,loop25,0.00,0.00,0.000,0.000,0.00
1777902649,loop26,0.00,0.00,0.000,0.000,0.00
1777902649,loop27,0.00,0.00,0.000,0.000,0.00
1777902649,loop28,0.00,0.00,0.000,0.000,0.00
1777902649,loop29,0.00,0.00,0.000,0.000,0.00
1777902649,loop3,0.00,0.00,0.000,0.000,0.00
1777902649,loop30,0.00,0.00,0.000,0.000,0.00
1777902649,loop31,0.00,0.00,0.000,0.000,0.00
1777902649,loop32,0.00,0.00,0.000,0.000,0.00
1777902649,loop33,0.00,0.00,0.000,0.000,0.00
1777902649,loop34,0.00,0.00,0.000,0.000,0.00
1777902649,loop35,0.00,0.00,0.000,0.000,0.00
1777902649,loop36,0.00,0.00,0.000,0.000,0.00
1777902649,loop37,0.00,0.00,0.000,0.000,0.00
1777902649,loop38,0.00,0.00,0.000,0.000,0.00
1777902649,loop39,0.00,0.00,0.000,0.000,0.00
1777902649,loop4,0.00,0.00,0.000,0.000,0.00
1777902649,loop40,0.00,0.00,0.000,0.000,0.00
1777902649,loop5,0.00,0.00,0.000,0.000,0.00
1777902649,loop6,0.00,0.00,0.000,0.000,0.00
1777902649,loop7,0.00,0.00,0.000,0.000,0.00
1777902649,loop8,0.00,0.00,0.000,0.000,0.00
1777902649,loop9,0.00,0.00,0.000,0.000,0.00
1777902649,nvme0n1,29.00,128.00,0.003,0.009,0.40
1777902650,loop0,0.00,0.00,0.000,0.000,0.00
1777902650,loop1,0.00,0.00,0.000,0.000,0.00
1777902650,loop10,0.00,0.00,0.000,0.000,0.00
1777902650,loop11,0.00,0.00,0.000,0.000,0.00
1777902650,loop12,0.00,0.00,0.000,0.000,0.00
1777902650,loop13,0.00,0.00,0.000,0.000,0.00
1777902650,loop14,0.00,0.00,0.000,0.000,0.00
1777902650,loop15,0.00,0.00,0.000,0.000,0.00
1777902650,loop16,0.00,0.00,0.000,0.000,0.00
1777902650,loop17,0.00,0.00,0.000,0.000,0.00
1777902650,loop18,0.00,0.00,0.000,0.000,0.00
1777902650,loop19,0.00,0.00,0.000,0.000,0.00
1777902650,loop2,0.00,0.00,0.000,0.000,0.00
1777902650,loop20,0.00,0.00,0.000,0.000,0.00
1777902650,loop21,0.00,0.00,0.000,0.000,0.00
1777902650,loop22,0.00,0.00,0.000,0.000,0.00
1777902650,loop23,0.00,0.00,0.000,0.000,0.00
1777902650,loop24,0.00,0.00,0.000,0.000,0.00
1777902650,loop25,0.00,0.00,0.000,0.000,0.00
1777902650,loop26,0.00,0.00,0.000,0.000,0.00
1777902650,loop27,0.00,0.00,0.000,0.000,0.00
1777902650,loop28,0.00,0.00,0.000,0.000,0.00
1777902650,loop29,0.00,0.00,0.000,0.000,0.00
1777902650,loop3,0.00,0.00,0.000,0.000,0.00
1777902650,loop30,0.00,0.00,0.000,0.000,0.00
1777902650,loop31,0.00,0.00,0.000,0.000,0.00
1777902650,loop32,0.00,0.00,0.000,0.000,0.00
1777902650,loop33,0.00,0.00,0.000,0.000,0.00
1777902650,loop34,0.00,0.00,0.000,0.000,0.00
1777902650,loop35,0.00,0.00,0.000,0.000,0.00
1777902650,loop36,0.00,0.00,0.000,0.000,0.00
1777902650,loop37,0.00,0.00,0.000,0.000,0.00
1777902650,loop38,0.00,0.00,0.000,0.000,0.00
1777902650,loop39,0.00,0.00,0.000,0.000,0.00
1777902650,loop4,0.00,0.00,0.000,0.000,0.00
1777902650,loop40,0.00,0.00,0.000,0.000,0.00
1777902650,loop5,0.00,0.00,0.000,0.000,0.00
1777902650,loop6,0.00,0.00,0.000,0.000,0.00
1777902650,loop7,0.00,0.00,0.000,0.000,0.00
1777902650,loop8,0.00,0.00,0.000,0.000,0.00
1777902650,loop9,0.00,0.00,0.000,0.000,0.00
1777902650,nvme0n1,7.00,104.00,0.001,0.012,0.20
1777902651,loop0,0.00,0.00,0.000,0.000,0.00
1777902651,loop1,0.00,0.00,0.000,0.000,0.00
1777902651,loop10,0.00,0.00,0.000,0.000,0.00
1777902651,loop11,0.00,0.00,0.000,0.000,0.00
1777902651,loop12,0.00,0.00,0.000,0.000,0.00
1777902651,loop13,0.00,0.00,0.000,0.000,0.00
1777902651,loop14,0.00,0.00,0.000,0.000,0.00
1777902651,loop15,0.00,0.00,0.000,0.000,0.00
1777902651,loop16,0.00,0.00,0.000,0.000,0.00
1777902651,loop17,0.00,0.00,0.000,0.000,0.00
1777902651,loop18,0.00,0.00,0.000,0.000,0.00
1777902651,loop19,0.00,0.00,0.000,0.000,0.00
1777902651,loop2,0.00,0.00,0.000,0.000,0.00
1777902651,loop20,0.00,0.00,0.000,0.000,0.00
1777902651,loop21,0.00,0.00,0.000,0.000,0.00
1777902651,loop22,0.00,0.00,0.000,0.000,0.00
1777902651,loop23,0.00,0.00,0.000,0.000,0.00
1777902651,loop24,0.00,0.00,0.000,0.000,0.00
1777902651,loop25,0.00,0.00,0.000,0.000,0.00
1777902651,loop26,0.00,0.00,0.000,0.000,0.00
1777902651,loop27,0.00,0.00,0.000,0.000,0.00
1777902651,loop28,0.00,0.00,0.000,0.000,0.00
1777902651,loop29,0.00,0.00,0.000,0.000,0.00
1777902651,loop3,0.00,0.00,0.000,0.000,0.00
1777902651,loop30,0.00,0.00,0.000,0.000,0.00
1777902651,loop31,0.00,0.00,0.000,0.000,0.00
1777902651,loop32,0.00,0.00,0.000,0.000,0.00
1777902651,loop33,0.00,0.00,0.000,0.000,0.00
1777902651,loop34,0.00,0.00,0.000,0.000,0.00
1777902651,loop35,0.00,0.00,0.000,0.000,0.00
1777902651,loop36,0.00,0.00,0.000,0.000,0.00
1777902651,loop37,0.00,0.00,0.000,0.000,0.00
1777902651,loop38,0.00,0.00,0.000,0.000,0.00
1777902651,loop39,0.00,0.00,0.000,0.000,0.00
1777902651,loop4,0.00,0.00,0.000,0.000,0.00
1777902651,loop40,0.00,0.00,0.000,0.000,0.00
1777902651,loop5,0.00,0.00,0.000,0.000,0.00
1777902651,loop6,0.00,0.00,0.000,0.000,0.00
1777902651,loop7,0.00,0.00,0.000,0.000,0.00
1777902651,loop8,0.00,0.00,0.000,0.000,0.00
1777902651,loop9,0.00,0.00,0.000,0.000,0.00
1777902651,nvme0n1,0.00,0.00,0.000,0.000,0.00
1777902652,loop0,0.00,0.00,0.000,0.000,0.00
1777902652,loop1,0.00,0.00,0.000,0.000,0.00
1777902652,loop10,0.00,0.00,0.000,0.000,0.00
1777902652,loop11,0.00,0.00,0.000,0.000,0.00
1777902652,loop12,0.00,0.00,0.000,0.000,0.00
1777902652,loop13,0.00,0.00,0.000,0.000,0.00
1777902652,loop14,0.00,0.00,0.000,0.000,0.00
1777902652,loop15,0.00,0.00,0.000,0.000,0.00
1777902652,loop16,0.00,0.00,0.000,0.000,0.00
1777902652,loop17,0.00,0.00,0.000,0.000,0.00
1777902652,loop18,0.00,0.00,0.000,0.000,0.00
1777902652,loop19,0.00,0.00,0.000,0.000,0.00
1777902652,loop2,0.00,0.00,0.000,0.000,0.00
1777902652,loop20,0.00,0.00,0.000,0.000,0.00
1777902652,loop21,0.00,0.00,0.000,0.000,0.00
1777902652,loop22,0.00,0.00,0.000,0.000,0.00
1777902652,loop23,0.00,0.00,0.000,0.000,0.00
1777902652,loop24,0.00,0.00,0.000,0.000,0.00
1777902652,loop25,0.00,0.00,0.000,0.000,0.00
1777902652,loop26,0.00,0.00,0.000,0.000,0.00
1777902652,loop27,0.00,0.00,0.000,0.000,0.00
1777902652,loop28,0.00,0.00,0.000,0.000,0.00
1777902652,loop29,0.00,0.00,0.000,0.000,0.00
1777902652,loop3,0.00,0.00,0.000,0.000,0.00
1777902652,loop30,0.00,0.00,0.000,0.000,0.00
1777902652,loop31,0.00,0.00,0.000,0.000,0.00
1777902652,loop32,0.00,0.00,0.000,0.000,0.00
1777902652,loop33,0.00,0.00,0.000,0.000,0.00
1777902652,loop34,0.00,0.00,0.000,0.000,0.00
1777902652,loop35,0.00,0.00,0.000,0.000,0.00
1777902652,loop36,0.00,0.00,0.000,0.000,0.00
1777902652,loop37,0.00,0.00,0.000,0.000,0.00
1777902652,loop38,0.00,0.00,0.000,0.000,0.00
1777902652,loop39,0.00,0.00,0.000,0.000,0.00
1777902652,loop4,0.00,0.00,0.000,0.000,0.00
1777902652,loop40,0.00,0.00,0.000,0.000,0.00
1777902652,loop5,0.00,0.00,0.000,0.000,0.00
1777902652,loop6,0.00,0.00,0.000,0.000,0.00
1777902652,loop7,0.00,0.00,0.000,0.000,0.00
1777902652,loop8,0.00,0.00,0.000,0.000,0.00
1777902652,loop9,0.00,0.00,0.000,0.000,0.00
1777902652,nvme0n1,108.00,720.00,0.070,0.039,0.90
1777902653,loop0,0.00,0.00,0.000,0.000,0.00
1777902653,loop1,0.00,0.00,0.000,0.000,0.00
1777902653,loop10,0.00,0.00,0.000,0.000,0.00
1777902653,loop11,0.00,0.00,0.000,0.000,0.00
1777902653,loop12,0.00,0.00,0.000,0.000,0.00
1777902653,loop13,0.00,0.00,0.000,0.000,0.00
1777902653,loop14,0.00,0.00,0.000,0.000,0.00
1777902653,loop15,0.00,0.00,0.000,0.000,0.00
1777902653,loop16,0.00,0.00,0.000,0.000,0.00
1777902653,loop17,0.00,0.00,0.000,0.000,0.00
1777902653,loop18,0.00,0.00,0.000,0.000,0.00
1777902653,loop19,0.00,0.00,0.000,0.000,0.00
1777902653,loop2,0.00,0.00,0.000,0.000,0.00
1777902653,loop20,0.00,0.00,0.000,0.000,0.00
1777902653,loop21,0.00,0.00,0.000,0.000,0.00
1777902653,loop22,0.00,0.00,0.000,0.000,0.00
1777902653,loop23,0.00,0.00,0.000,0.000,0.00
1777902653,loop24,0.00,0.00,0.000,0.000,0.00
1777902653,loop25,0.00,0.00,0.000,0.000,0.00
1777902653,loop26,0.00,0.00,0.000,0.000,0.00
1777902653,loop27,0.00,0.00,0.000,0.000,0.00
1777902653,loop28,0.00,0.00,0.000,0.000,0.00
1777902653,loop29,0.00,0.00,0.000,0.000,0.00
1777902653,loop3,0.00,0.00,0.000,0.000,0.00
1777902653,loop30,0.00,0.00,0.000,0.000,0.00
1777902653,loop31,0.00,0.00,0.000,0.000,0.00
1777902653,loop32,0.00,0.00,0.000,0.000,0.00
1777902653,loop33,0.00,0.00,0.000,0.000,0.00
1777902653,loop34,0.00,0.00,0.000,0.000,0.00
1777902653,loop35,0.00,0.00,0.000,0.000,0.00
1777902653,loop36,0.00,0.00,0.000,0.000,0.00
1777902653,loop37,0.00,0.00,0.000,0.000,0.00
1777902653,loop38,0.00,0.00,0.000,0.000,0.00
1777902653,loop39,0.00,0.00,0.000,0.000,0.00
1777902653,loop4,0.00,0.00,0.000,0.000,0.00
1777902653,loop40,0.00,0.00,0.000,0.000,0.00
1777902653,loop5,0.00,0.00,0.000,0.000,0.00
1777902653,loop6,0.00,0.00,0.000,0.000,0.00
1777902653,loop7,0.00,0.00,0.000,0.000,0.00
1777902653,loop8,0.00,0.00,0.000,0.000,0.00
1777902653,loop9,0.00,0.00,0.000,0.000,0.00
1777902653,nvme0n1,0.00,0.00,0.000,0.000,0.10
1777902654,loop0,0.00,0.00,0.000,0.000,0.00
1777902654,loop1,0.00,0.00,0.000,0.000,0.00
1777902654,loop10,0.00,0.00,0.000,0.000,0.00
1777902654,loop11,0.00,0.00,0.000,0.000,0.00
1777902654,loop12,0.00,0.00,0.000,0.000,0.00
1777902654,loop13,0.00,0.00,0.000,0.000,0.00
1777902654,loop14,0.00,0.00,0.000,0.000,0.00
1777902654,loop15,0.00,0.00,0.000,0.000,0.00
1777902654,loop16,0.00,0.00,0.000,0.000,0.00
1777902654,loop17,0.00,0.00,0.000,0.000,0.00
1777902654,loop18,0.00,0.00,0.000,0.000,0.00
1777902654,loop19,0.00,0.00,0.000,0.000,0.00
1777902654,loop2,0.00,0.00,0.000,0.000,0.00
1777902654,loop20,0.00,0.00,0.000,0.000,0.00
1777902654,loop21,0.00,0.00,0.000,0.000,0.00
1777902654,loop22,0.00,0.00,0.000,0.000,0.00
1777902654,loop23,0.00,0.00,0.000,0.000,0.00
1777902654,loop24,0.00,0.00,0.000,0.000,0.00
1777902654,loop25,0.00,0.00,0.000,0.000,0.00
1777902654,loop26,0.00,0.00,0.000,0.000,0.00
1777902654,loop27,0.00,0.00,0.000,0.000,0.00
1777902654,loop28,0.00,0.00,0.000,0.000,0.00
1777902654,loop29,0.00,0.00,0.000,0.000,0.00
1777902654,loop3,0.00,0.00,0.000,0.000,0.00
1777902654,loop30,0.00,0.00,0.000,0.000,0.00
1777902654,loop31,0.00,0.00,0.000,0.000,0.00
1777902654,loop32,0.00,0.00,0.000,0.000,0.00
1777902654,loop33,0.00,0.00,0.000,0.000,0.00
1777902654,loop34,0.00,0.00,0.000,0.000,0.00
1777902654,loop35,0.00,0.00,0.000,0.000,0.00
1777902654,loop36,0.00,0.00,0.000,0.000,0.00
1777902654,loop37,0.00,0.00,0.000,0.000,0.00
1777902654,loop38,0.00,0.00,0.000,0.000,0.00
1777902654,loop39,0.00,0.00,0.000,0.000,0.00
1777902654,loop4,0.00,0.00,0.000,0.000,0.00
1777902654,loop40,0.00,0.00,0.000,0.000,0.00
1777902654,loop5,0.00,0.00,0.000,0.000,0.00
1777902654,loop6,0.00,0.00,0.000,0.000,0.00
1777902654,loop7,0.00,0.00,0.000,0.000,0.00
1777902654,loop8,0.00,0.00,0.000,0.000,0.00
1777902654,loop9,0.00,0.00,0.000,0.000,0.00
1777902654,nvme0n1,0.00,0.00,0.000,0.000,0.00
1777902655,loop0,0.00,0.00,0.000,0.000,0.00
1777902655,loop1,0.00,0.00,0.000,0.000,0.00
1777902655,loop10,0.00,0.00,0.000,0.000,0.00
1777902655,loop11,0.00,0.00,0.000,0.000,0.00
1777902655,loop12,0.00,0.00,0.000,0.000,0.00
1777902655,loop13,0.00,0.00,0.000,0.000,0.00
1777902655,loop14,0.00,0.00,0.000,0.000,0.00
1777902655,loop15,0.00,0.00,0.000,0.000,0.00
1777902655,loop16,0.00,0.00,0.000,0.000,0.00
1777902655,loop17,0.00,0.00,0.000,0.000,0.00
1777902655,loop18,0.00,0.00,0.000,0.000,0.00
1777902655,loop19,0.00,0.00,0.000,0.000,0.00
1777902655,loop2,0.00,0.00,0.000,0.000,0.00
1777902655,loop20,0.00,0.00,0.000,0.000,0.00
1777902655,loop21,0.00,0.00,0.000,0.000,0.00
1777902655,loop22,0.00,0.00,0.000,0.000,0.00
1777902655,loop23,0.00,0.00,0.000,0.000,0.00
1777902655,loop24,0.00,0.00,0.000,0.000,0.00
1777902655,loop25,0.00,0.00,0.000,0.000,0.00
1777902655,loop26,0.00,0.00,0.000,0.000,0.00
1777902655,loop27,0.00,0.00,0.000,0.000,0.00
1777902655,loop28,0.00,0.00,0.000,0.000,0.00
1777902655,loop29,0.00,0.00,0.000,0.000,0.00
1777902655,loop3,0.00,0.00,0.000,0.000,0.00
1777902655,loop30,0.00,0.00,0.000,0.000,0.00
1777902655,loop31,0.00,0.00,0.000,0.000,0.00
1777902655,loop32,0.00,0.00,0.000,0.000,0.00
1777902655,loop33,0.00,0.00,0.000,0.000,0.00
1777902655,loop34,0.00,0.00,0.000,0.000,0.00
1777902655,loop35,0.00,0.00,0.000,0.000,0.00
1777902655,loop36,0.00,0.00,0.000,0.000,0.00
1777902655,loop37,0.00,0.00,0.000,0.000,0.00
1777902655,loop38,0.00,0.00,0.000,0.000,0.00
1777902655,loop39,0.00,0.00,0.000,0.000,0.00
1777902655,loop4,0.00,0.00,0.000,0.000,0.00
1777902655,loop40,0.00,0.00,0.000,0.000,0.00
1777902655,loop5,0.00,0.00,0.000,0.000,0.00
1777902655,loop6,0.00,0.00,0.000,0.000,0.00
1777902655,loop7,0.00,0.00,0.000,0.000,0.00
1777902655,loop8,0.00,0.00,0.000,0.000,0.00
1777902655,loop9,0.00,0.00,0.000,0.000,0.00
1777902655,nvme0n1,1.00,4.00,0.000,0.000,0.00
1777902656,loop0,0.00,0.00,0.000,0.000,0.00
1777902656,loop1,0.00,0.00,0.000,0.000,0.00
1777902656,loop10,0.00,0.00,0.000,0.000,0.00
1777902656,loop11,0.00,0.00,0.000,0.000,0.00
1777902656,loop12,0.00,0.00,0.000,0.000,0.00
1777902656,loop13,0.00,0.00,0.000,0.000,0.00
1777902656,loop14,0.00,0.00,0.000,0.000,0.00
1777902656,loop15,0.00,0.00,0.000,0.000,0.00
1777902656,loop16,0.00,0.00,0.000,0.000,0.00
1777902656,loop17,0.00,0.00,0.000,0.000,0.00
1777902656,loop18,0.00,0.00,0.000,0.000,0.00
1777902656,loop19,0.00,0.00,0.000,0.000,0.00
1777902656,loop2,0.00,0.00,0.000,0.000,0.00
1777902656,loop20,0.00,0.00,0.000,0.000,0.00
1777902656,loop21,0.00,0.00,0.000,0.000,0.00
1777902656,loop22,0.00,0.00,0.000,0.000,0.00
1777902656,loop23,0.00,0.00,0.000,0.000,0.00
1777902656,loop24,0.00,0.00,0.000,0.000,0.00
1777902656,loop25,0.00,0.00,0.000,0.000,0.00
1777902656,loop26,0.00,0.00,0.000,0.000,0.00
1777902656,loop27,0.00,0.00,0.000,0.000,0.00
1777902656,loop28,0.00,0.00,0.000,0.000,0.00
1777902656,loop29,0.00,0.00,0.000,0.000,0.00
1777902656,loop3,0.00,0.00,0.000,0.000,0.00
1777902656,loop30,0.00,0.00,0.000,0.000,0.00
1777902656,loop31,0.00,0.00,0.000,0.000,0.00
1777902656,loop32,0.00,0.00,0.000,0.000,0.00
1777902656,loop33,0.00,0.00,0.000,0.000,0.00
1777902656,loop34,0.00,0.00,0.000,0.000,0.00
1777902656,loop35,0.00,0.00,0.000,0.000,0.00
1777902656,loop36,0.00,0.00,0.000,0.000,0.00
1777902656,loop37,0.00,0.00,0.000,0.000,0.00
1777902656,loop38,0.00,0.00,0.000,0.000,0.00
1777902656,loop39,0.00,0.00,0.000,0.000,0.00
1777902656,loop4,0.00,0.00,0.000,0.000,0.00
1777902656,loop40,0.00,0.00,0.000,0.000,0.00
1777902656,loop5,0.00,0.00,0.000,0.000,0.00
1777902656,loop6,0.00,0.00,0.000,0.000,0.00
1777902656,loop7,0.00,0.00,0.000,0.000,0.00
1777902656,loop8,0.00,0.00,0.000,0.000,0.00
1777902656,loop9,0.00,0.00,0.000,0.000,0.00
1777902656,nvme0n1,0.00,0.00,0.000,0.000,0.00
1777902657,loop0,0.00,0.00,0.000,0.000,0.00
1777902657,loop1,0.00,0.00,0.000,0.000,0.00
1777902657,loop10,0.00,0.00,0.000,0.000,0.00
1777902657,loop11,0.00,0.00,0.000,0.000,0.00
1777902657,loop12,0.00,0.00,0.000,0.000,0.00
1777902657,loop13,0.00,0.00,0.000,0.000,0.00
1777902657,loop14,0.00,0.00,0.000,0.000,0.00
1777902657,loop15,0.00,0.00,0.000,0.000,0.00
1777902657,loop16,0.00,0.00,0.000,0.000,0.00
1777902657,loop17,0.00,0.00,0.000,0.000,0.00
1777902657,loop18,0.00,0.00,0.000,0.000,0.00
1777902657,loop19,0.00,0.00,0.000,0.000,0.00
1777902657,loop2,0.00,0.00,0.000,0.000,0.00
1777902657,loop20,0.00,0.00,0.000,0.000,0.00
1777902657,loop21,0.00,0.00,0.000,0.000,0.00
1777902657,loop22,0.00,0.00,0.000,0.000,0.00
1777902657,loop23,0.00,0.00,0.000,0.000,0.00
1777902657,loop24,0.00,0.00,0.000,0.000,0.00
1777902657,loop25,0.00,0.00,0.000,0.000,0.00
1777902657,loop26,0.00,0.00,0.000,0.000,0.00
1777902657,loop27,0.00,0.00,0.000,0.000,0.00
1777902657,loop28,0.00,0.00,0.000,0.000,0.00
1777902657,loop29,0.00,0.00,0.000,0.000,0.00
1777902657,loop3,0.00,0.00,0.000,0.000,0.00
1777902657,loop30,0.00,0.00,0.000,0.000,0.00
1777902657,loop31,0.00,0.00,0.000,0.000,0.00
1777902657,loop32,0.00,0.00,0.000,0.000,0.00
1777902657,loop33,0.00,0.00,0.000,0.000,0.00
1777902657,loop34,0.00,0.00,0.000,0.000,0.00
1777902657,loop35,0.00,0.00,0.000,0.000,0.00
1777902657,loop36,0.00,0.00,0.000,0.000,0.00
1777902657,loop37,0.00,0.00,0.000,0.000,0.00
1777902657,loop38,0.00,0.00,0.000,0.000,0.00
1777902657,loop39,0.00,0.00,0.000,0.000,0.00
1777902657,loop4,0.00,0.00,0.000,0.000,0.00
1777902657,loop40,0.00,0.00,0.000,0.000,0.00
1777902657,loop5,0.00,0.00,0.000,0.000,0.00
1777902657,loop6,0.00,0.00,0.000,0.000,0.00
1777902657,loop7,0.00,0.00,0.000,0.000,0.00
1777902657,loop8,0.00,0.00,0.000,0.000,0.00
1777902657,loop9,0.00,0.00,0.000,0.000,0.00
1777902657,nvme0n1,0.00,0.00,0.000,0.000,0.30
1777902658,loop0,0.00,0.00,0.000,0.000,0.00
1777902658,loop1,0.00,0.00,0.000,0.000,0.00
1777902658,loop10,0.00,0.00,0.000,0.000,0.00
1777902658,loop11,0.00,0.00,0.000,0.000,0.00
1777902658,loop12,0.00,0.00,0.000,0.000,0.00
1777902658,loop13,0.00,0.00,0.000,0.000,0.00
1777902658,loop14,0.00,0.00,0.000,0.000,0.00
1777902658,loop15,0.00,0.00,0.000,0.000,0.00
1777902658,loop16,0.00,0.00,0.000,0.000,0.00
1777902658,loop17,0.00,0.00,0.000,0.000,0.00
1777902658,loop18,0.00,0.00,0.000,0.000,0.00
1777902658,loop19,0.00,0.00,0.000,0.000,0.00
1777902658,loop2,0.00,0.00,0.000,0.000,0.00
1777902658,loop20,0.00,0.00,0.000,0.000,0.00
1777902658,loop21,0.00,0.00,0.000,0.000,0.00
1777902658,loop22,0.00,0.00,0.000,0.000,0.00
1777902658,loop23,0.00,0.00,0.000,0.000,0.00
1777902658,loop24,0.00,0.00,0.000,0.000,0.00
1777902658,loop25,0.00,0.00,0.000,0.000,0.00
1777902658,loop26,0.00,0.00,0.000,0.000,0.00
1777902658,loop27,0.00,0.00,0.000,0.000,0.00
1777902658,loop28,0.00,0.00,0.000,0.000,0.00
1777902658,loop29,0.00,0.00,0.000,0.000,0.00
1777902658,loop3,0.00,0.00,0.000,0.000,0.00
1777902658,loop30,0.00,0.00,0.000,0.000,0.00
1777902658,loop31,0.00,0.00,0.000,0.000,0.00
1777902658,loop32,0.00,0.00,0.000,0.000,0.00
1777902658,loop33,0.00,0.00,0.000,0.000,0.00
1777902658,loop34,0.00,0.00,0.000,0.000,0.00
1777902658,loop35,0.00,0.00,0.000,0.000,0.00
1777902658,loop36,0.00,0.00,0.000,0.000,0.00
1777902658,loop37,0.00,0.00,0.000,0.000,0.00
1777902658,loop38,0.00,0.00,0.000,0.000,0.00
1777902658,loop39,0.00,0.00,0.000,0.000,0.00
1777902658,loop4,0.00,0.00,0.000,0.000,0.00
1777902658,loop40,0.00,0.00,0.000,0.000,0.00
1777902658,loop5,0.00,0.00,0.000,0.000,0.00
1777902658,loop6,0.00,0.00,0.000,0.000,0.00
1777902658,loop7,0.00,0.00,0.000,0.000,0.00
1777902658,loop8,0.00,0.00,0.000,0.000,0.00
1777902658,loop9,0.00,0.00,0.000,0.000,0.00
1777902658,nvme0n1,5.00,24.00,0.001,0.016,0.30
1777902659,loop0,0.00,0.00,0.000,0.000,0.00
1777902659,loop1,0.00,0.00,0.000,0.000,0.00
1777902659,loop10,0.00,0.00,0.000,0.000,0.00
1777902659,loop11,0.00,0.00,0.000,0.000,0.00
1777902659,loop12,0.00,0.00,0.000,0.000,0.00
1777902659,loop13,0.00,0.00,0.000,0.000,0.00
1777902659,loop14,0.00,0.00,0.000,0.000,0.00
1777902659,loop15,0.00,0.00,0.000,0.000,0.00
1777902659,loop16,0.00,0.00,0.000,0.000,0.00
1777902659,loop17,0.00,0.00,0.000,0.000,0.00
1777902659,loop18,0.00,0.00,0.000,0.000,0.00
1777902659,loop19,0.00,0.00,0.000,0.000,0.00
1777902659,loop2,0.00,0.00,0.000,0.000,0.00
1777902659,loop20,0.00,0.00,0.000,0.000,0.00
1777902659,loop21,0.00,0.00,0.000,0.000,0.00
1777902659,loop22,0.00,0.00,0.000,0.000,0.00
1777902659,loop23,0.00,0.00,0.000,0.000,0.00
1777902659,loop24,0.00,0.00,0.000,0.000,0.00
1777902659,loop25,0.00,0.00,0.000,0.000,0.00
1777902659,loop26,0.00,0.00,0.000,0.000,0.00
1777902659,loop27,0.00,0.00,0.000,0.000,0.00
1777902659,loop28,0.00,0.00,0.000,0.000,0.00
1777902659,loop29,0.00,0.00,0.000,0.000,0.00
1777902659,loop3,0.00,0.00,0.000,0.000,0.00
1777902659,loop30,0.00,0.00,0.000,0.000,0.00
1777902659,loop31,0.00,0.00,0.000,0.000,0.00
1777902659,loop32,0.00,0.00,0.000,0.000,0.00
1777902659,loop33,0.00,0.00,0.000,0.000,0.00
1777902659,loop34,0.00,0.00,0.000,0.000,0.00
1777902659,loop35,0.00,0.00,0.000,0.000,0.00
1777902659,loop36,0.00,0.00,0.000,0.000,0.00
1777902659,loop37,0.00,0.00,0.000,0.000,0.00
1777902659,loop38,0.00,0.00,0.000,0.000,0.00
1777902659,loop39,0.00,0.00,0.000,0.000,0.00
1777902659,loop4,0.00,0.00,0.000,0.000,0.00
1777902659,loop40,0.00,0.00,0.000,0.000,0.00
1777902659,loop5,0.00,0.00,0.000,0.000,0.00
1777902659,loop6,0.00,0.00,0.000,0.000,0.00
1777902659,loop7,0.00,0.00,0.000,0.000,0.00
1777902659,loop8,0.00,0.00,0.000,0.000,0.00
1777902659,loop9,0.00,0.00,0.000,0.000,0.00
1777902659,nvme0n1,1.00,4.00,0.000,0.000,0.00
1777902660,loop0,0.00,0.00,0.000,0.000,0.00
1777902660,loop1,0.00,0.00,0.000,0.000,0.00
1777902660,loop10,0.00,0.00,0.000,0.000,0.00
1777902660,loop11,0.00,0.00,0.000,0.000,0.00
1777902660,loop12,0.00,0.00,0.000,0.000,0.00
1777902660,loop13,0.00,0.00,0.000,0.000,0.00
1777902660,loop14,0.00,0.00,0.000,0.000,0.00
1777902660,loop15,0.00,0.00,0.000,0.000,0.00
1777902660,loop16,0.00,0.00,0.000,0.000,0.00
1777902660,loop17,0.00,0.00,0.000,0.000,0.00
1777902660,loop18,0.00,0.00,0.000,0.000,0.00
1777902660,loop19,0.00,0.00,0.000,0.000,0.00
1777902660,loop2,0.00,0.00,0.000,0.000,0.00
1777902660,loop20,0.00,0.00,0.000,0.000,0.00
1777902660,loop21,0.00,0.00,0.000,0.000,0.00
1777902660,loop22,0.00,0.00,0.000,0.000,0.00
1777902660,loop23,0.00,0.00,0.000,0.000,0.00
1777902660,loop24,0.00,0.00,0.000,0.000,0.00
1777902660,loop25,0.00,0.00,0.000,0.000,0.00
1777902660,loop26,0.00,0.00,0.000,0.000,0.00
1777902660,loop27,0.00,0.00,0.000,0.000,0.00
1777902660,loop28,0.00,0.00,0.000,0.000,0.00
1777902660,loop29,0.00,0.00,0.000,0.000,0.00
1777902660,loop3,0.00,0.00,0.000,0.000,0.00
1777902660,loop30,0.00,0.00,0.000,0.000,0.00
1777902660,loop31,0.00,0.00,0.000,0.000,0.00
1777902660,loop32,0.00,0.00,0.000,0.000,0.00
1777902660,loop33,0.00,0.00,0.000,0.000,0.00
1777902660,loop34,0.00,0.00,0.000,0.000,0.00
1777902660,loop35,0.00,0.00,0.000,0.000,0.00
1777902660,loop36,0.00,0.00,0.000,0.000,0.00
1777902660,loop37,0.00,0.00,0.000,0.000,0.00
1777902660,loop38,0.00,0.00,0.000,0.000,0.00
1777902660,loop39,0.00,0.00,0.000,0.000,0.00
1777902660,loop4,0.00,0.00,0.000,0.000,0.00
1777902660,loop40,0.00,0.00,0.000,0.000,0.00
1777902660,loop5,0.00,0.00,0.000,0.000,0.00
1777902660,loop6,0.00,0.00,0.000,0.000,0.00
1777902660,loop7,0.00,0.00,0.000,0.000,0.00
1777902660,loop8,0.00,0.00,0.000,0.000,0.00
1777902660,loop9,0.00,0.00,0.000,0.000,0.00
1777902660,nvme0n1,2.00,8.00,0.000,0.000,0.20
1777902661,loop0,0.00,0.00,0.000,0.000,0.00
1777902661,loop1,0.00,0.00,0.000,0.000,0.00
1777902661,loop10,0.00,0.00,0.000,0.000,0.00
1777902661,loop11,0.00,0.00,0.000,0.000,0.00
1777902661,loop12,0.00,0.00,0.000,0.000,0.00
1777902661,loop13,0.00,0.00,0.000,0.000,0.00
1777902661,loop14,0.00,0.00,0.000,0.000,0.00
1777902661,loop15,0.00,0.00,0.000,0.000,0.00
1777902661,loop16,0.00,0.00,0.000,0.000,0.00
1777902661,loop17,0.00,0.00,0.000,0.000,0.00
1777902661,loop18,0.00,0.00,0.000,0.000,0.00
1777902661,loop19,0.00,0.00,0.000,0.000,0.00
1777902661,loop2,0.00,0.00,0.000,0.000,0.00
1777902661,loop20,0.00,0.00,0.000,0.000,0.00
1777902661,loop21,0.00,0.00,0.000,0.000,0.00
1777902661,loop22,0.00,0.00,0.000,0.000,0.00
1777902661,loop23,0.00,0.00,0.000,0.000,0.00
1777902661,loop24,0.00,0.00,0.000,0.000,0.00
1777902661,loop25,0.00,0.00,0.000,0.000,0.00
1777902661,loop26,0.00,0.00,0.000,0.000,0.00
1777902661,loop27,0.00,0.00,0.000,0.000,0.00
1777902661,loop28,0.00,0.00,0.000,0.000,0.00
1777902661,loop29,0.00,0.00,0.000,0.000,0.00
1777902661,loop3,0.00,0.00,0.000,0.000,0.00
1777902661,loop30,0.00,0.00,0.000,0.000,0.00
1777902661,loop31,0.00,0.00,0.000,0.000,0.00
1777902661,loop32,0.00,0.00,0.000,0.000,0.00
1777902661,loop33,0.00,0.00,0.000,0.000,0.00
1777902661,loop34,0.00,0.00,0.000,0.000,0.00
1777902661,loop35,0.00,0.00,0.000,0.000,0.00
1777902661,loop36,0.00,0.00,0.000,0.000,0.00
1777902661,loop37,0.00,0.00,0.000,0.000,0.00
1777902661,loop38,0.00,0.00,0.000,0.000,0.00
1777902661,loop39,0.00,0.00,0.000,0.000,0.00
1777902661,loop4,0.00,0.00,0.000,0.000,0.00
1777902661,loop40,0.00,0.00,0.000,0.000,0.00
1777902661,loop5,0.00,0.00,0.000,0.000,0.00
1777902661,loop6,0.00,0.00,0.000,0.000,0.00
1777902661,loop7,0.00,0.00,0.000,0.000,0.00
1777902661,loop8,0.00,0.00,0.000,0.000,0.00
1777902661,loop9,0.00,0.00,0.000,0.000,0.00
1777902661,nvme0n1,9.00,152.00,0.026,0.073,0.50
1777902662,loop0,0.00,0.00,0.000,0.000,0.00
1777902662,loop1,0.00,0.00,0.000,0.000,0.00
1777902662,loop10,0.00,0.00,0.000,0.000,0.00
1777902662,loop11,0.00,0.00,0.000,0.000,0.00
1777902662,loop12,0.00,0.00,0.000,0.000,0.00
1777902662,loop13,0.00,0.00,0.000,0.000,0.00
1777902662,loop14,0.00,0.00,0.000,0.000,0.00
1777902662,loop15,0.00,0.00,0.000,0.000,0.00
1777902662,loop16,0.00,0.00,0.000,0.000,0.00
1777902662,loop17,0.00,0.00,0.000,0.000,0.00
1777902662,loop18,0.00,0.00,0.000,0.000,0.00
1777902662,loop19,0.00,0.00,0.000,0.000,0.00
1777902662,loop2,0.00,0.00,0.000,0.000,0.00
1777902662,loop20,0.00,0.00,0.000,0.000,0.00
1777902662,loop21,0.00,0.00,0.000,0.000,0.00
1777902662,loop22,0.00,0.00,0.000,0.000,0.00
1777902662,loop23,0.00,0.00,0.000,0.000,0.00
1777902662,loop24,0.00,0.00,0.000,0.000,0.00
1777902662,loop25,0.00,0.00,0.000,0.000,0.00
1777902662,loop26,0.00,0.00,0.000,0.000,0.00
1777902662,loop27,0.00,0.00,0.000,0.000,0.00
1777902662,loop28,0.00,0.00,0.000,0.000,0.00
1777902662,loop29,0.00,0.00,0.000,0.000,0.00
1777902662,loop3,0.00,0.00,0.000,0.000,0.00
1777902662,loop30,0.00,0.00,0.000,0.000,0.00
1777902662,loop31,0.00,0.00,0.000,0.000,0.00
1777902662,loop32,0.00,0.00,0.000,0.000,0.00
1777902662,loop33,0.00,0.00,0.000,0.000,0.00
1777902662,loop34,0.00,0.00,0.000,0.000,0.00
1777902662,loop35,0.00,0.00,0.000,0.000,0.00
1777902662,loop36,0.00,0.00,0.000,0.000,0.00
1777902662,loop37,0.00,0.00,0.000,0.000,0.00
1777902662,loop38,0.00,0.00,0.000,0.000,0.00
1777902662,loop39,0.00,0.00,0.000,0.000,0.00
1777902662,loop4,0.00,0.00,0.000,0.000,0.00
1777902662,loop40,0.00,0.00,0.000,0.000,0.00
1777902662,loop5,0.00,0.00,0.000,0.000,0.00
1777902662,loop6,0.00,0.00,0.000,0.000,0.00
1777902662,loop7,0.00,0.00,0.000,0.000,0.00
1777902662,loop8,0.00,0.00,0.000,0.000,0.00
1777902662,loop9,0.00,0.00,0.000,0.000,0.00
1777902662,nvme0n1,8.00,80.00,0.000,0.000,0.30
1777902663,loop0,0.00,0.00,0.000,0.000,0.00
1777902663,loop1,0.00,0.00,0.000,0.000,0.00
1777902663,loop10,0.00,0.00,0.000,0.000,0.00
1777902663,loop11,0.00,0.00,0.000,0.000,0.00
1777902663,loop12,0.00,0.00,0.000,0.000,0.00
1777902663,loop13,0.00,0.00,0.000,0.000,0.00
1777902663,loop14,0.00,0.00,0.000,0.000,0.00
1777902663,loop15,0.00,0.00,0.000,0.000,0.00
1777902663,loop16,0.00,0.00,0.000,0.000,0.00
1777902663,loop17,0.00,0.00,0.000,0.000,0.00
1777902663,loop18,0.00,0.00,0.000,0.000,0.00
1777902663,loop19,0.00,0.00,0.000,0.000,0.00
1777902663,loop2,0.00,0.00,0.000,0.000,0.00
1777902663,loop20,0.00,0.00,0.000,0.000,0.00
1777902663,loop21,0.00,0.00,0.000,0.000,0.00
1777902663,loop22,0.00,0.00,0.000,0.000,0.00
1777902663,loop23,0.00,0.00,0.000,0.000,0.00
1777902663,loop24,0.00,0.00,0.000,0.000,0.00
1777902663,loop25,0.00,0.00,0.000,0.000,0.00
1777902663,loop26,0.00,0.00,0.000,0.000,0.00
1777902663,loop27,0.00,0.00,0.000,0.000,0.00
1777902663,loop28,0.00,0.00,0.000,0.000,0.00
1777902663,loop29,0.00,0.00,0.000,0.000,0.00
1777902663,loop3,0.00,0.00,0.000,0.000,0.00
1777902663,loop30,0.00,0.00,0.000,0.000,0.00
1777902663,loop31,0.00,0.00,0.000,0.000,0.00
1777902663,loop32,0.00,0.00,0.000,0.000,0.00
1777902663,loop33,0.00,0.00,0.000,0.000,0.00
1777902663,loop34,0.00,0.00,0.000,0.000,0.00
1777902663,loop35,0.00,0.00,0.000,0.000,0.00
1777902663,loop36,0.00,0.00,0.000,0.000,0.00
1777902663,loop37,0.00,0.00,0.000,0.000,0.00
1777902663,loop38,0.00,0.00,0.000,0.000,0.00
1777902663,loop39,0.00,0.00,0.000,0.000,0.00
1777902663,loop4,0.00,0.00,0.000,0.000,0.00
1777902663,loop40,0.00,0.00,0.000,0.000,0.00
1777902663,loop5,0.00,0.00,0.000,0.000,0.00
1777902663,loop6,0.00,0.00,0.000,0.000,0.00
1777902663,loop7,0.00,0.00,0.000,0.000,0.00
1777902663,loop8,0.00,0.00,0.000,0.000,0.00
1777902663,loop9,0.00,0.00,0.000,0.000,0.00
1777902663,nvme0n1,0.00,0.00,0.000,0.000,0.40
1777902664,loop0,0.00,0.00,0.000,0.000,0.00
1777902664,loop1,0.00,0.00,0.000,0.000,0.00
1777902664,loop10,0.00,0.00,0.000,0.000,0.00
1777902664,loop11,0.00,0.00,0.000,0.000,0.00
1777902664,loop12,0.00,0.00,0.000,0.000,0.00
1777902664,loop13,0.00,0.00,0.000,0.000,0.00
1777902664,loop14,0.00,0.00,0.000,0.000,0.00
1777902664,loop15,0.00,0.00,0.000,0.000,0.00
1777902664,loop16,0.00,0.00,0.000,0.000,0.00
1777902664,loop17,0.00,0.00,0.000,0.000,0.00
1777902664,loop18,0.00,0.00,0.000,0.000,0.00
1777902664,loop19,0.00,0.00,0.000,0.000,0.00
1777902664,loop2,0.00,0.00,0.000,0.000,0.00
1777902664,loop20,0.00,0.00,0.000,0.000,0.00
1777902664,loop21,0.00,0.00,0.000,0.000,0.00
1777902664,loop22,0.00,0.00,0.000,0.000,0.00
1777902664,loop23,0.00,0.00,0.000,0.000,0.00
1777902664,loop24,0.00,0.00,0.000,0.000,0.00
1777902664,loop25,0.00,0.00,0.000,0.000,0.00
1777902664,loop26,0.00,0.00,0.000,0.000,0.00
1777902664,loop27,0.00,0.00,0.000,0.000,0.00
1777902664,loop28,0.00,0.00,0.000,0.000,0.00
1777902664,loop29,0.00,0.00,0.000,0.000,0.00
1777902664,loop3,0.00,0.00,0.000,0.000,0.00
1777902664,loop30,0.00,0.00,0.000,0.000,0.00
1777902664,loop31,0.00,0.00,0.000,0.000,0.00
1777902664,loop32,0.00,0.00,0.000,0.000,0.00
1777902664,loop33,0.00,0.00,0.000,0.000,0.00
1777902664,loop34,0.00,0.00,0.000,0.000,0.00
1777902664,loop35,0.00,0.00,0.000,0.000,0.00
1777902664,loop36,0.00,0.00,0.000,0.000,0.00
1777902664,loop37,0.00,0.00,0.000,0.000,0.00
1777902664,loop38,0.00,0.00,0.000,0.000,0.00
1777902664,loop39,0.00,0.00,0.000,0.000,0.00
1777902664,loop4,0.00,0.00,0.000,0.000,0.00
1777902664,loop40,0.00,0.00,0.000,0.000,0.00
1777902664,loop5,0.00,0.00,0.000,0.000,0.00
1777902664,loop6,0.00,0.00,0.000,0.000,0.00
1777902664,loop7,0.00,0.00,0.000,0.000,0.00
1777902664,loop8,0.00,0.00,0.000,0.000,0.00
1777902664,loop9,0.00,0.00,0.000,0.000,0.00
1777902664,nvme0n1,7.00,36.00,0.002,0.022,0.20
1777902665,loop0,0.00,0.00,0.000,0.000,0.00
1777902665,loop1,0.00,0.00,0.000,0.000,0.00
1777902665,loop10,0.00,0.00,0.000,0.000,0.00
1777902665,loop11,0.00,0.00,0.000,0.000,0.00
1777902665,loop12,0.00,0.00,0.000,0.000,0.00
1777902665,loop13,0.00,0.00,0.000,0.000,0.00
1777902665,loop14,0.00,0.00,0.000,0.000,0.00
1777902665,loop15,0.00,0.00,0.000,0.000,0.00
1777902665,loop16,0.00,0.00,0.000,0.000,0.00
1777902665,loop17,0.00,0.00,0.000,0.000,0.00
1777902665,loop18,0.00,0.00,0.000,0.000,0.00
1777902665,loop19,0.00,0.00,0.000,0.000,0.00
1777902665,loop2,0.00,0.00,0.000,0.000,0.00
1777902665,loop20,0.00,0.00,0.000,0.000,0.00
1777902665,loop21,0.00,0.00,0.000,0.000,0.00
1777902665,loop22,0.00,0.00,0.000,0.000,0.00
1777902665,loop23,0.00,0.00,0.000,0.000,0.00
1777902665,loop24,0.00,0.00,0.000,0.000,0.00
1777902665,loop25,0.00,0.00,0.000,0.000,0.00
1777902665,loop26,0.00,0.00,0.000,0.000,0.00
1777902665,loop27,0.00,0.00,0.000,0.000,0.00
1777902665,loop28,0.00,0.00,0.000,0.000,0.00
1777902665,loop29,0.00,0.00,0.000,0.000,0.00
1777902665,loop3,0.00,0.00,0.000,0.000,0.00
1777902665,loop30,0.00,0.00,0.000,0.000,0.00
1777902665,loop31,0.00,0.00,0.000,0.000,0.00
1777902665,loop32,0.00,0.00,0.000,0.000,0.00
1777902665,loop33,0.00,0.00,0.000,0.000,0.00
1777902665,loop34,0.00,0.00,0.000,0.000,0.00
1777902665,loop35,0.00,0.00,0.000,0.000,0.00
1777902665,loop36,0.00,0.00,0.000,0.000,0.00
1777902665,loop37,0.00,0.00,0.000,0.000,0.00
1777902665,loop38,0.00,0.00,0.000,0.000,0.00
1777902665,loop39,0.00,0.00,0.000,0.000,0.00
1777902665,loop4,0.00,0.00,0.000,0.000,0.00
1777902665,loop40,0.00,0.00,0.000,0.000,0.00
1777902665,loop5,0.00,0.00,0.000,0.000,0.00
1777902665,loop6,0.00,0.00,0.000,0.000,0.00
1777902665,loop7,0.00,0.00,0.000,0.000,0.00
1777902665,loop8,0.00,0.00,0.000,0.000,0.00
1777902665,loop9,0.00,0.00,0.000,0.000,0.00
1777902665,nvme0n1,1.00,4.00,0.000,0.000,0.00
1777902666,loop0,0.00,0.00,0.000,0.000,0.00
1777902666,loop1,0.00,0.00,0.000,0.000,0.00
1777902666,loop10,0.00,0.00,0.000,0.000,0.00
1777902666,loop11,0.00,0.00,0.000,0.000,0.00
1777902666,loop12,0.00,0.00,0.000,0.000,0.00
1777902666,loop13,0.00,0.00,0.000,0.000,0.00
1777902666,loop14,0.00,0.00,0.000,0.000,0.00
1777902666,loop15,0.00,0.00,0.000,0.000,0.00
1777902666,loop16,0.00,0.00,0.000,0.000,0.00
1777902666,loop17,0.00,0.00,0.000,0.000,0.00
1777902666,loop18,0.00,0.00,0.000,0.000,0.00
1777902666,loop19,0.00,0.00,0.000,0.000,0.00
1777902666,loop2,0.00,0.00,0.000,0.000,0.00
1777902666,loop20,0.00,0.00,0.000,0.000,0.00
1777902666,loop21,0.00,0.00,0.000,0.000,0.00
1777902666,loop22,0.00,0.00,0.000,0.000,0.00
1777902666,loop23,0.00,0.00,0.000,0.000,0.00
1777902666,loop24,0.00,0.00,0.000,0.000,0.00
1777902666,loop25,0.00,0.00,0.000,0.000,0.00
1777902666,loop26,0.00,0.00,0.000,0.000,0.00
1777902666,loop27,0.00,0.00,0.000,0.000,0.00
1777902666,loop28,0.00,0.00,0.000,0.000,0.00
1777902666,loop29,0.00,0.00,0.000,0.000,0.00
1777902666,loop3,0.00,0.00,0.000,0.000,0.00
1777902666,loop30,0.00,0.00,0.000,0.000,0.00
1777902666,loop31,0.00,0.00,0.000,0.000,0.00
1777902666,loop32,0.00,0.00,0.000,0.000,0.00
1777902666,loop33,0.00,0.00,0.000,0.000,0.00
1777902666,loop34,0.00,0.00,0.000,0.000,0.00
1777902666,loop35,0.00,0.00,0.000,0.000,0.00
1777902666,loop36,0.00,0.00,0.000,0.000,0.00
1777902666,loop37,0.00,0.00,0.000,0.000,0.00
1777902666,loop38,0.00,0.00,0.000,0.000,0.00
1777902666,loop39,0.00,0.00,0.000,0.000,0.00
1777902666,loop4,0.00,0.00,0.000,0.000,0.00
1777902666,loop40,0.00,0.00,0.000,0.000,0.00
1777902666,loop5,0.00,0.00,0.000,0.000,0.00
1777902666,loop6,0.00,0.00,0.000,0.000,0.00
1777902666,loop7,0.00,0.00,0.000,0.000,0.00
1777902666,loop8,0.00,0.00,0.000,0.000,0.00
1777902666,loop9,0.00,0.00,0.000,0.000,0.00
1777902666,nvme0n1,6.00,36.00,0.003,0.033,0.40
1777902667,loop0,0.00,0.00,0.000,0.000,0.00
1777902667,loop1,0.00,0.00,0.000,0.000,0.00
1777902667,loop10,0.00,0.00,0.000,0.000,0.00
1777902667,loop11,0.00,0.00,0.000,0.000,0.00
1777902667,loop12,0.00,0.00,0.000,0.000,0.00
1777902667,loop13,0.00,0.00,0.000,0.000,0.00
1777902667,loop14,0.00,0.00,0.000,0.000,0.00
1777902667,loop15,0.00,0.00,0.000,0.000,0.00
1777902667,loop16,0.00,0.00,0.000,0.000,0.00
1777902667,loop17,0.00,0.00,0.000,0.000,0.00
1777902667,loop18,0.00,0.00,0.000,0.000,0.00
1777902667,loop19,0.00,0.00,0.000,0.000,0.00
1777902667,loop2,0.00,0.00,0.000,0.000,0.00
1777902667,loop20,0.00,0.00,0.000,0.000,0.00
1777902667,loop21,0.00,0.00,0.000,0.000,0.00
1777902667,loop22,0.00,0.00,0.000,0.000,0.00
1777902667,loop23,0.00,0.00,0.000,0.000,0.00
1777902667,loop24,0.00,0.00,0.000,0.000,0.00
1777902667,loop25,0.00,0.00,0.000,0.000,0.00
1777902667,loop26,0.00,0.00,0.000,0.000,0.00
1777902667,loop27,0.00,0.00,0.000,0.000,0.00
1777902667,loop28,0.00,0.00,0.000,0.000,0.00
1777902667,loop29,0.00,0.00,0.000,0.000,0.00
1777902667,loop3,0.00,0.00,0.000,0.000,0.00
1777902667,loop30,0.00,0.00,0.000,0.000,0.00
1777902667,loop31,0.00,0.00,0.000,0.000,0.00
1777902667,loop32,0.00,0.00,0.000,0.000,0.00
1777902667,loop33,0.00,0.00,0.000,0.000,0.00
1777902667,loop34,0.00,0.00,0.000,0.000,0.00
1777902667,loop35,0.00,0.00,0.000,0.000,0.00
1777902667,loop36,0.00,0.00,0.000,0.000,0.00
1777902667,loop37,0.00,0.00,0.000,0.000,0.00
1777902667,loop38,0.00,0.00,0.000,0.000,0.00
1777902667,loop39,0.00,0.00,0.000,0.000,0.00
1777902667,loop4,0.00,0.00,0.000,0.000,0.00
1777902667,loop40,0.00,0.00,0.000,0.000,0.00
1777902667,loop5,0.00,0.00,0.000,0.000,0.00
1777902667,loop6,0.00,0.00,0.000,0.000,0.00
1777902667,loop7,0.00,0.00,0.000,0.000,0.00
1777902667,loop8,0.00,0.00,0.000,0.000,0.00
1777902667,loop9,0.00,0.00,0.000,0.000,0.00
1777902667,nvme0n1,6.00,24.00,0.000,0.000,0.30
1777902668,loop0,0.00,0.00,0.000,0.000,0.00
1777902668,loop1,0.00,0.00,0.000,0.000,0.00
1777902668,loop10,0.00,0.00,0.000,0.000,0.00
1777902668,loop11,0.00,0.00,0.000,0.000,0.00
1777902668,loop12,0.00,0.00,0.000,0.000,0.00
1777902668,loop13,0.00,0.00,0.000,0.000,0.00
1777902668,loop14,0.00,0.00,0.000,0.000,0.00
1777902668,loop15,0.00,0.00,0.000,0.000,0.00
1777902668,loop16,0.00,0.00,0.000,0.000,0.00
1777902668,loop17,0.00,0.00,0.000,0.000,0.00
1777902668,loop18,0.00,0.00,0.000,0.000,0.00
1777902668,loop19,0.00,0.00,0.000,0.000,0.00
1777902668,loop2,0.00,0.00,0.000,0.000,0.00
1777902668,loop20,0.00,0.00,0.000,0.000,0.00
1777902668,loop21,0.00,0.00,0.000,0.000,0.00
1777902668,loop22,0.00,0.00,0.000,0.000,0.00
1777902668,loop23,0.00,0.00,0.000,0.000,0.00
1777902668,loop24,0.00,0.00,0.000,0.000,0.00
1777902668,loop25,0.00,0.00,0.000,0.000,0.00
1777902668,loop26,0.00,0.00,0.000,0.000,0.00
1777902668,loop27,0.00,0.00,0.000,0.000,0.00
1777902668,loop28,0.00,0.00,0.000,0.000,0.00
1777902668,loop29,0.00,0.00,0.000,0.000,0.00
1777902668,loop3,0.00,0.00,0.000,0.000,0.00
1777902668,loop30,0.00,0.00,0.000,0.000,0.00
1777902668,loop31,0.00,0.00,0.000,0.000,0.00
1777902668,loop32,0.00,0.00,0.000,0.000,0.00
1777902668,loop33,0.00,0.00,0.000,0.000,0.00
1777902668,loop34,0.00,0.00,0.000,0.000,0.00
1777902668,loop35,0.00,0.00,0.000,0.000,0.00
1777902668,loop36,0.00,0.00,0.000,0.000,0.00
1777902668,loop37,0.00,0.00,0.000,0.000,0.00
1777902668,loop38,0.00,0.00,0.000,0.000,0.00
1777902668,loop39,0.00,0.00,0.000,0.000,0.00
1777902668,loop4,0.00,0.00,0.000,0.000,0.00
1777902668,loop40,0.00,0.00,0.000,0.000,0.00
1777902668,loop5,0.00,0.00,0.000,0.000,0.00
1777902668,loop6,0.00,0.00,0.000,0.000,0.00
1777902668,loop7,0.00,0.00,0.000,0.000,0.00
1777902668,loop8,0.00,0.00,0.000,0.000,0.00
1777902668,loop9,0.00,0.00,0.000,0.000,0.00
1777902668,nvme0n1,2.00,12.00,0.001,0.033,0.50
1777902669,loop0,0.00,0.00,0.000,0.000,0.00
1777902669,loop1,0.00,0.00,0.000,0.000,0.00
1777902669,loop10,0.00,0.00,0.000,0.000,0.00
1777902669,loop11,0.00,0.00,0.000,0.000,0.00
1777902669,loop12,0.00,0.00,0.000,0.000,0.00
1777902669,loop13,0.00,0.00,0.000,0.000,0.00
1777902669,loop14,0.00,0.00,0.000,0.000,0.00
1777902669,loop15,0.00,0.00,0.000,0.000,0.00
1777902669,loop16,0.00,0.00,0.000,0.000,0.00
1777902669,loop17,0.00,0.00,0.000,0.000,0.00
1777902669,loop18,0.00,0.00,0.000,0.000,0.00
1777902669,loop19,0.00,0.00,0.000,0.000,0.00
1777902669,loop2,0.00,0.00,0.000,0.000,0.00
1777902669,loop20,0.00,0.00,0.000,0.000,0.00
1777902669,loop21,0.00,0.00,0.000,0.000,0.00
1777902669,loop22,0.00,0.00,0.000,0.000,0.00
1777902669,loop23,0.00,0.00,0.000,0.000,0.00
1777902669,loop24,0.00,0.00,0.000,0.000,0.00
1777902669,loop25,0.00,0.00,0.000,0.000,0.00
1777902669,loop26,0.00,0.00,0.000,0.000,0.00
1777902669,loop27,0.00,0.00,0.000,0.000,0.00
1777902669,loop28,0.00,0.00,0.000,0.000,0.00
1777902669,loop29,0.00,0.00,0.000,0.000,0.00
1777902669,loop3,0.00,0.00,0.000,0.000,0.00
1777902669,loop30,0.00,0.00,0.000,0.000,0.00
1777902669,loop31,0.00,0.00,0.000,0.000,0.00
1777902669,loop32,0.00,0.00,0.000,0.000,0.00
1777902669,loop33,0.00,0.00,0.000,0.000,0.00
1777902669,loop34,0.00,0.00,0.000,0.000,0.00
1777902669,loop35,0.00,0.00,0.000,0.000,0.00
1777902669,loop36,0.00,0.00,0.000,0.000,0.00
1777902669,loop37,0.00,0.00,0.000,0.000,0.00
1777902669,loop38,0.00,0.00,0.000,0.000,0.00
1777902669,loop39,0.00,0.00,0.000,0.000,0.00
1777902669,loop4,0.00,0.00,0.000,0.000,0.00
1777902669,loop40,0.00,0.00,0.000,0.000,0.00
1777902669,loop5,0.00,0.00,0.000,0.000,0.00
1777902669,loop6,0.00,0.00,0.000,0.000,0.00
1777902669,loop7,0.00,0.00,0.000,0.000,0.00
1777902669,loop8,0.00,0.00,0.000,0.000,0.00
1777902669,loop9,0.00,0.00,0.000,0.000,0.00
1777902669,nvme0n1,1.00,4.00,0.000,0.000,0.10
1777902670,loop0,0.00,0.00,0.000,0.000,0.00
1777902670,loop1,0.00,0.00,0.000,0.000,0.00
1777902670,loop10,0.00,0.00,0.000,0.000,0.00
1777902670,loop11,0.00,0.00,0.000,0.000,0.00
1777902670,loop12,0.00,0.00,0.000,0.000,0.00
1777902670,loop13,0.00,0.00,0.000,0.000,0.00
1777902670,loop14,0.00,0.00,0.000,0.000,0.00
1777902670,loop15,0.00,0.00,0.000,0.000,0.00
1777902670,loop16,0.00,0.00,0.000,0.000,0.00
1777902670,loop17,0.00,0.00,0.000,0.000,0.00
1777902670,loop18,0.00,0.00,0.000,0.000,0.00
1777902670,loop19,0.00,0.00,0.000,0.000,0.00
1777902670,loop2,0.00,0.00,0.000,0.000,0.00
1777902670,loop20,0.00,0.00,0.000,0.000,0.00
1777902670,loop21,0.00,0.00,0.000,0.000,0.00
1777902670,loop22,0.00,0.00,0.000,0.000,0.00
1777902670,loop23,5.00,352.00,0.000,0.000,0.10
1777902670,loop24,0.00,0.00,0.000,0.000,0.00
1777902670,loop25,0.00,0.00,0.000,0.000,0.00
1777902670,loop26,0.00,0.00,0.000,0.000,0.00
1777902670,loop27,0.00,0.00,0.000,0.000,0.00
1777902670,loop28,0.00,0.00,0.000,0.000,0.00
1777902670,loop29,0.00,0.00,0.000,0.000,0.00
1777902670,loop3,0.00,0.00,0.000,0.000,0.00
1777902670,loop30,0.00,0.00,0.000,0.000,0.00
1777902670,loop31,0.00,0.00,0.000,0.000,0.00
1777902670,loop32,0.00,0.00,0.000,0.000,0.00
1777902670,loop33,0.00,0.00,0.000,0.000,0.00
1777902670,loop34,0.00,0.00,0.000,0.000,0.00
1777902670,loop35,0.00,0.00,0.000,0.000,0.00
1777902670,loop36,0.00,0.00,0.000,0.000,0.00
1777902670,loop37,0.00,0.00,0.000,0.000,0.00
1777902670,loop38,0.00,0.00,0.000,0.000,0.00
1777902670,loop39,0.00,0.00,0.000,0.000,0.00
1777902670,loop4,0.00,0.00,0.000,0.000,0.00
1777902670,loop40,0.00,0.00,0.000,0.000,0.00
1777902670,loop5,0.00,0.00,0.000,0.000,0.00
1777902670,loop6,0.00,0.00,0.000,0.000,0.00
1777902670,loop7,0.00,0.00,0.000,0.000,0.00
1777902670,loop8,0.00,0.00,0.000,0.000,0.00
1777902670,loop9,0.00,0.00,0.000,0.000,0.00
1777902670,nvme0n1,3.00,56.00,0.000,0.000,0.20
1777902671,loop0,0.00,0.00,0.000,0.000,0.00
1777902671,loop1,0.00,0.00,0.000,0.000,0.00
1777902671,loop10,0.00,0.00,0.000,0.000,0.00
1777902671,loop11,0.00,0.00,0.000,0.000,0.00
1777902671,loop12,0.00,0.00,0.000,0.000,0.00
1777902671,loop13,0.00,0.00,0.000,0.000,0.00
1777902671,loop14,0.00,0.00,0.000,0.000,0.00
1777902671,loop15,0.00,0.00,0.000,0.000,0.00
1777902671,loop16,0.00,0.00,0.000,0.000,0.00
1777902671,loop17,0.00,0.00,0.000,0.000,0.00
1777902671,loop18,0.00,0.00,0.000,0.000,0.00
1777902671,loop19,0.00,0.00,0.000,0.000,0.00
1777902671,loop2,0.00,0.00,0.000,0.000,0.00
1777902671,loop20,0.00,0.00,0.000,0.000,0.00
1777902671,loop21,0.00,0.00,0.000,0.000,0.00
1777902671,loop22,0.00,0.00,0.000,0.000,0.00
1777902671,loop23,0.00,0.00,0.000,0.000,0.00
1777902671,loop24,0.00,0.00,0.000,0.000,0.00
1777902671,loop25,0.00,0.00,0.000,0.000,0.00
1777902671,loop26,0.00,0.00,0.000,0.000,0.00
1777902671,loop27,0.00,0.00,0.000,0.000,0.00
1777902671,loop28,0.00,0.00,0.000,0.000,0.00
1777902671,loop29,0.00,0.00,0.000,0.000,0.00
1777902671,loop3,0.00,0.00,0.000,0.000,0.00
1777902671,loop30,0.00,0.00,0.000,0.000,0.00
1777902671,loop31,0.00,0.00,0.000,0.000,0.00
1777902671,loop32,0.00,0.00,0.000,0.000,0.00
1777902671,loop33,0.00,0.00,0.000,0.000,0.00
1777902671,loop34,0.00,0.00,0.000,0.000,0.00
1777902671,loop35,0.00,0.00,0.000,0.000,0.00
1777902671,loop36,0.00,0.00,0.000,0.000,0.00
1777902671,loop37,0.00,0.00,0.000,0.000,0.00
1777902671,loop38,0.00,0.00,0.000,0.000,0.00
1777902671,loop39,0.00,0.00,0.000,0.000,0.00
1777902671,loop4,0.00,0.00,0.000,0.000,0.00
1777902671,loop40,0.00,0.00,0.000,0.000,0.00
1777902671,loop5,0.00,0.00,0.000,0.000,0.00
1777902671,loop6,0.00,0.00,0.000,0.000,0.00
1777902671,loop7,0.00,0.00,0.000,0.000,0.00
1777902671,loop8,0.00,0.00,0.000,0.000,0.00
1777902671,loop9,0.00,0.00,0.000,0.000,0.00
1777902671,nvme0n1,0.00,0.00,0.000,0.000,0.30
1777902672,loop0,0.00,0.00,0.000,0.000,0.00
1777902672,loop1,0.00,0.00,0.000,0.000,0.00
1777902672,loop10,0.00,0.00,0.000,0.000,0.00
1777902672,loop11,0.00,0.00,0.000,0.000,0.00
1777902672,loop12,0.00,0.00,0.000,0.000,0.00
1777902672,loop13,0.00,0.00,0.000,0.000,0.00
1777902672,loop14,0.00,0.00,0.000,0.000,0.00
1777902672,loop15,0.00,0.00,0.000,0.000,0.00
1777902672,loop16,0.00,0.00,0.000,0.000,0.00
1777902672,loop17,0.00,0.00,0.000,0.000,0.00
1777902672,loop18,0.00,0.00,0.000,0.000,0.00
1777902672,loop19,0.00,0.00,0.000,0.000,0.00
1777902672,loop2,0.00,0.00,0.000,0.000,0.00
1777902672,loop20,0.00,0.00,0.000,0.000,0.00
1777902672,loop21,0.00,0.00,0.000,0.000,0.00
1777902672,loop22,0.00,0.00,0.000,0.000,0.00
1777902672,loop23,0.00,0.00,0.000,0.000,0.00
1777902672,loop24,0.00,0.00,0.000,0.000,0.00
1777902672,loop25,0.00,0.00,0.000,0.000,0.00
1777902672,loop26,0.00,0.00,0.000,0.000,0.00
1777902672,loop27,0.00,0.00,0.000,0.000,0.00
1777902672,loop28,0.00,0.00,0.000,0.000,0.00
1777902672,loop29,0.00,0.00,0.000,0.000,0.00
1777902672,loop3,0.00,0.00,0.000,0.000,0.00
1777902672,loop30,0.00,0.00,0.000,0.000,0.00
1777902672,loop31,0.00,0.00,0.000,0.000,0.00
1777902672,loop32,0.00,0.00,0.000,0.000,0.00
1777902672,loop33,0.00,0.00,0.000,0.000,0.00
1777902672,loop34,0.00,0.00,0.000,0.000,0.00
1777902672,loop35,0.00,0.00,0.000,0.000,0.00
1777902672,loop36,0.00,0.00,0.000,0.000,0.00
1777902672,loop37,0.00,0.00,0.000,0.000,0.00
1777902672,loop38,0.00,0.00,0.000,0.000,0.00
1777902672,loop39,0.00,0.00,0.000,0.000,0.00
1777902672,loop4,0.00,0.00,0.000,0.000,0.00
1777902672,loop40,0.00,0.00,0.000,0.000,0.00
1777902672,loop5,0.00,0.00,0.000,0.000,0.00
1777902672,loop6,0.00,0.00,0.000,0.000,0.00
1777902672,loop7,0.00,0.00,0.000,0.000,0.00
1777902672,loop8,0.00,0.00,0.000,0.000,0.00
1777902672,loop9,0.00,0.00,0.000,0.000,0.00
1777902672,nvme0n1,2.00,8.00,0.000,0.000,0.10
1777902673,loop0,0.00,0.00,0.000,0.000,0.00
1777902673,loop1,0.00,0.00,0.000,0.000,0.00
1777902673,loop10,0.00,0.00,0.000,0.000,0.00
1777902673,loop11,0.00,0.00,0.000,0.000,0.00
1777902673,loop12,0.00,0.00,0.000,0.000,0.00
1777902673,loop13,0.00,0.00,0.000,0.000,0.00
1777902673,loop14,0.00,0.00,0.000,0.000,0.00
1777902673,loop15,0.00,0.00,0.000,0.000,0.00
1777902673,loop16,0.00,0.00,0.000,0.000,0.00
1777902673,loop17,0.00,0.00,0.000,0.000,0.00
1777902673,loop18,0.00,0.00,0.000,0.000,0.00
1777902673,loop19,0.00,0.00,0.000,0.000,0.00
1777902673,loop2,0.00,0.00,0.000,0.000,0.00
1777902673,loop20,0.00,0.00,0.000,0.000,0.00
1777902673,loop21,0.00,0.00,0.000,0.000,0.00
1777902673,loop22,0.00,0.00,0.000,0.000,0.00
1777902673,loop23,0.00,0.00,0.000,0.000,0.00
1777902673,loop24,0.00,0.00,0.000,0.000,0.00
1777902673,loop25,0.00,0.00,0.000,0.000,0.00
1777902673,loop26,0.00,0.00,0.000,0.000,0.00
1777902673,loop27,0.00,0.00,0.000,0.000,0.00
1777902673,loop28,0.00,0.00,0.000,0.000,0.00
1777902673,loop29,0.00,0.00,0.000,0.000,0.00
1777902673,loop3,0.00,0.00,0.000,0.000,0.00
1777902673,loop30,0.00,0.00,0.000,0.000,0.00
1777902673,loop31,0.00,0.00,0.000,0.000,0.00
1777902673,loop32,0.00,0.00,0.000,0.000,0.00
1777902673,loop33,0.00,0.00,0.000,0.000,0.00
1777902673,loop34,0.00,0.00,0.000,0.000,0.00
1777902673,loop35,0.00,0.00,0.000,0.000,0.00
1777902673,loop36,0.00,0.00,0.000,0.000,0.00
1777902673,loop37,0.00,0.00,0.000,0.000,0.00
1777902673,loop38,0.00,0.00,0.000,0.000,0.00
1777902673,loop39,0.00,0.00,0.000,0.000,0.00
1777902673,loop4,0.00,0.00,0.000,0.000,0.00
1777902673,loop40,0.00,0.00,0.000,0.000,0.00
1777902673,loop5,0.00,0.00,0.000,0.000,0.00
1777902673,loop6,0.00,0.00,0.000,0.000,0.00
1777902673,loop7,0.00,0.00,0.000,0.000,0.00
1777902673,loop8,0.00,0.00,0.000,0.000,0.00
1777902673,loop9,0.00,0.00,0.000,0.000,0.00
1777902673,nvme0n1,7.00,44.00,0.004,0.036,0.50
1777902674,loop0,0.00,0.00,0.000,0.000,0.00
1777902674,loop1,0.00,0.00,0.000,0.000,0.00
1777902674,loop10,0.00,0.00,0.000,0.000,0.00
1777902674,loop11,0.00,0.00,0.000,0.000,0.00
1777902674,loop12,0.00,0.00,0.000,0.000,0.00
1777902674,loop13,0.00,0.00,0.000,0.000,0.00
1777902674,loop14,0.00,0.00,0.000,0.000,0.00
1777902674,loop15,0.00,0.00,0.000,0.000,0.00
1777902674,loop16,0.00,0.00,0.000,0.000,0.00
1777902674,loop17,0.00,0.00,0.000,0.000,0.00
1777902674,loop18,0.00,0.00,0.000,0.000,0.00
1777902674,loop19,0.00,0.00,0.000,0.000,0.00
1777902674,loop2,0.00,0.00,0.000,0.000,0.00
1777902674,loop20,0.00,0.00,0.000,0.000,0.00
1777902674,loop21,0.00,0.00,0.000,0.000,0.00
1777902674,loop22,0.00,0.00,0.000,0.000,0.00
1777902674,loop23,0.00,0.00,0.000,0.000,0.00
1777902674,loop24,0.00,0.00,0.000,0.000,0.00
1777902674,loop25,0.00,0.00,0.000,0.000,0.00
1777902674,loop26,0.00,0.00,0.000,0.000,0.00
1777902674,loop27,0.00,0.00,0.000,0.000,0.00
1777902674,loop28,0.00,0.00,0.000,0.000,0.00
1777902674,loop29,0.00,0.00,0.000,0.000,0.00
1777902674,loop3,0.00,0.00,0.000,0.000,0.00
1777902674,loop30,0.00,0.00,0.000,0.000,0.00
1777902674,loop31,0.00,0.00,0.000,0.000,0.00
1777902674,loop32,0.00,0.00,0.000,0.000,0.00
1777902674,loop33,0.00,0.00,0.000,0.000,0.00
1777902674,loop34,0.00,0.00,0.000,0.000,0.00
1777902674,loop35,0.00,0.00,0.000,0.000,0.00
1777902674,loop36,0.00,0.00,0.000,0.000,0.00
1777902674,loop37,0.00,0.00,0.000,0.000,0.00
1777902674,loop38,0.00,0.00,0.000,0.000,0.00
1777902674,loop39,0.00,0.00,0.000,0.000,0.00
1777902674,loop4,0.00,0.00,0.000,0.000,0.00
1777902674,loop40,0.00,0.00,0.000,0.000,0.00
1777902674,loop5,0.00,0.00,0.000,0.000,0.00
1777902674,loop6,0.00,0.00,0.000,0.000,0.00
1777902674,loop7,0.00,0.00,0.000,0.000,0.00
1777902674,loop8,0.00,0.00,0.000,0.000,0.00
1777902674,loop9,0.00,0.00,0.000,0.000,0.00
1777902674,nvme0n1,3.00,12.00,0.000,0.000,0.20
1777902675,loop0,0.00,0.00,0.000,0.000,0.00
1777902675,loop1,0.00,0.00,0.000,0.000,0.00
1777902675,loop10,0.00,0.00,0.000,0.000,0.00
1777902675,loop11,0.00,0.00,0.000,0.000,0.00
1777902675,loop12,0.00,0.00,0.000,0.000,0.00
1777902675,loop13,0.00,0.00,0.000,0.000,0.00
1777902675,loop14,0.00,0.00,0.000,0.000,0.00
1777902675,loop15,0.00,0.00,0.000,0.000,0.00
1777902675,loop16,0.00,0.00,0.000,0.000,0.00
1777902675,loop17,0.00,0.00,0.000,0.000,0.00
1777902675,loop18,0.00,0.00,0.000,0.000,0.00
1777902675,loop19,0.00,0.00,0.000,0.000,0.00
1777902675,loop2,0.00,0.00,0.000,0.000,0.00
1777902675,loop20,0.00,0.00,0.000,0.000,0.00
1777902675,loop21,0.00,0.00,0.000,0.000,0.00
1777902675,loop22,0.00,0.00,0.000,0.000,0.00
1777902675,loop23,0.00,0.00,0.000,0.000,0.00
1777902675,loop24,0.00,0.00,0.000,0.000,0.00
1777902675,loop25,0.00,0.00,0.000,0.000,0.00
1777902675,loop26,0.00,0.00,0.000,0.000,0.00
1777902675,loop27,0.00,0.00,0.000,0.000,0.00
1777902675,loop28,0.00,0.00,0.000,0.000,0.00
1777902675,loop29,0.00,0.00,0.000,0.000,0.00
1777902675,loop3,0.00,0.00,0.000,0.000,0.00
1777902675,loop30,0.00,0.00,0.000,0.000,0.00
1777902675,loop31,0.00,0.00,0.000,0.000,0.00
1777902675,loop32,0.00,0.00,0.000,0.000,0.00
1777902675,loop33,0.00,0.00,0.000,0.000,0.00
1777902675,loop34,0.00,0.00,0.000,0.000,0.00
1777902675,loop35,0.00,0.00,0.000,0.000,0.00
1777902675,loop36,0.00,0.00,0.000,0.000,0.00
1777902675,loop37,0.00,0.00,0.000,0.000,0.00
1777902675,loop38,0.00,0.00,0.000,0.000,0.00
1777902675,loop39,0.00,0.00,0.000,0.000,0.00
1777902675,loop4,0.00,0.00,0.000,0.000,0.00
1777902675,loop40,0.00,0.00,0.000,0.000,0.00
1777902675,loop5,0.00,0.00,0.000,0.000,0.00
1777902675,loop6,0.00,0.00,0.000,0.000,0.00
1777902675,loop7,0.00,0.00,0.000,0.000,0.00
1777902675,loop8,0.00,0.00,0.000,0.000,0.00
1777902675,loop9,0.00,0.00,0.000,0.000,0.00
1777902675,nvme0n1,35.00,1076.00,0.000,0.000,0.40
1777902676,loop0,0.00,0.00,0.000,0.000,0.00
1777902676,loop1,0.00,0.00,0.000,0.000,0.00
1777902676,loop10,0.00,0.00,0.000,0.000,0.00
1777902676,loop11,0.00,0.00,0.000,0.000,0.00
1777902676,loop12,0.00,0.00,0.000,0.000,0.00
1777902676,loop13,0.00,0.00,0.000,0.000,0.00
1777902676,loop14,0.00,0.00,0.000,0.000,0.00
1777902676,loop15,0.00,0.00,0.000,0.000,0.00
1777902676,loop16,0.00,0.00,0.000,0.000,0.00
1777902676,loop17,0.00,0.00,0.000,0.000,0.00
1777902676,loop18,0.00,0.00,0.000,0.000,0.00
1777902676,loop19,0.00,0.00,0.000,0.000,0.00
1777902676,loop2,0.00,0.00,0.000,0.000,0.00
1777902676,loop20,0.00,0.00,0.000,0.000,0.00
1777902676,loop21,0.00,0.00,0.000,0.000,0.00
1777902676,loop22,0.00,0.00,0.000,0.000,0.00
1777902676,loop23,0.00,0.00,0.000,0.000,0.00
1777902676,loop24,0.00,0.00,0.000,0.000,0.00
1777902676,loop25,0.00,0.00,0.000,0.000,0.00
1777902676,loop26,0.00,0.00,0.000,0.000,0.00
1777902676,loop27,0.00,0.00,0.000,0.000,0.00
1777902676,loop28,0.00,0.00,0.000,0.000,0.00
1777902676,loop29,0.00,0.00,0.000,0.000,0.00
1777902676,loop3,0.00,0.00,0.000,0.000,0.00
1777902676,loop30,0.00,0.00,0.000,0.000,0.00
1777902676,loop31,0.00,0.00,0.000,0.000,0.00
1777902676,loop32,0.00,0.00,0.000,0.000,0.00
1777902676,loop33,0.00,0.00,0.000,0.000,0.00
1777902676,loop34,0.00,0.00,0.000,0.000,0.00
1777902676,loop35,0.00,0.00,0.000,0.000,0.00
1777902676,loop36,0.00,0.00,0.000,0.000,0.00
1777902676,loop37,0.00,0.00,0.000,0.000,0.00
1777902676,loop38,0.00,0.00,0.000,0.000,0.00
1777902676,loop39,0.00,0.00,0.000,0.000,0.00
1777902676,loop4,0.00,0.00,0.000,0.000,0.00
1777902676,loop40,0.00,0.00,0.000,0.000,0.00
1777902676,loop5,0.00,0.00,0.000,0.000,0.00
1777902676,loop6,0.00,0.00,0.000,0.000,0.00
1777902676,loop7,0.00,0.00,0.000,0.000,0.00
1777902676,loop8,0.00,0.00,0.000,0.000,0.00
1777902676,loop9,0.00,0.00,0.000,0.000,0.00
1777902676,nvme0n1,3.00,12.00,0.000,0.000,0.40
1777902677,loop0,0.00,0.00,0.000,0.000,0.00
1777902677,loop1,0.00,0.00,0.000,0.000,0.00
1777902677,loop10,0.00,0.00,0.000,0.000,0.00
1777902677,loop11,0.00,0.00,0.000,0.000,0.00
1777902677,loop12,0.00,0.00,0.000,0.000,0.00
1777902677,loop13,0.00,0.00,0.000,0.000,0.00
1777902677,loop14,0.00,0.00,0.000,0.000,0.00
1777902677,loop15,0.00,0.00,0.000,0.000,0.00
1777902677,loop16,0.00,0.00,0.000,0.000,0.00
1777902677,loop17,0.00,0.00,0.000,0.000,0.00
1777902677,loop18,0.00,0.00,0.000,0.000,0.00
1777902677,loop19,0.00,0.00,0.000,0.000,0.00
1777902677,loop2,0.00,0.00,0.000,0.000,0.00
1777902677,loop20,0.00,0.00,0.000,0.000,0.00
1777902677,loop21,0.00,0.00,0.000,0.000,0.00
1777902677,loop22,0.00,0.00,0.000,0.000,0.00
1777902677,loop23,0.00,0.00,0.000,0.000,0.00
1777902677,loop24,0.00,0.00,0.000,0.000,0.00
1777902677,loop25,0.00,0.00,0.000,0.000,0.00
1777902677,loop26,0.00,0.00,0.000,0.000,0.00
1777902677,loop27,0.00,0.00,0.000,0.000,0.00
1777902677,loop28,0.00,0.00,0.000,0.000,0.00
1777902677,loop29,0.00,0.00,0.000,0.000,0.00
1777902677,loop3,0.00,0.00,0.000,0.000,0.00
1777902677,loop30,0.00,0.00,0.000,0.000,0.00
1777902677,loop31,0.00,0.00,0.000,0.000,0.00
1777902677,loop32,0.00,0.00,0.000,0.000,0.00
1777902677,loop33,0.00,0.00,0.000,0.000,0.00
1777902677,loop34,0.00,0.00,0.000,0.000,0.00
1777902677,loop35,0.00,0.00,0.000,0.000,0.00
1777902677,loop36,0.00,0.00,0.000,0.000,0.00
1777902677,loop37,0.00,0.00,0.000,0.000,0.00
1777902677,loop38,0.00,0.00,0.000,0.000,0.00
1777902677,loop39,0.00,0.00,0.000,0.000,0.00
1777902677,loop4,0.00,0.00,0.000,0.000,0.00
1777902677,loop40,0.00,0.00,0.000,0.000,0.00
1777902677,loop5,0.00,0.00,0.000,0.000,0.00
1777902677,loop6,0.00,0.00,0.000,0.000,0.00
1777902677,loop7,0.00,0.00,0.000,0.000,0.00
1777902677,loop8,0.00,0.00,0.000,0.000,0.00
1777902677,loop9,0.00,0.00,0.000,0.000,0.00
1777902677,nvme0n1,4.00,116.00,0.000,0.000,0.00
1777902678,loop0,0.00,0.00,0.000,0.000,0.00
1777902678,loop1,0.00,0.00,0.000,0.000,0.00
1777902678,loop10,0.00,0.00,0.000,0.000,0.00
1777902678,loop11,0.00,0.00,0.000,0.000,0.00
1777902678,loop12,0.00,0.00,0.000,0.000,0.00
1777902678,loop13,0.00,0.00,0.000,0.000,0.00
1777902678,loop14,0.00,0.00,0.000,0.000,0.00
1777902678,loop15,0.00,0.00,0.000,0.000,0.00
1777902678,loop16,0.00,0.00,0.000,0.000,0.00
1777902678,loop17,0.00,0.00,0.000,0.000,0.00
1777902678,loop18,0.00,0.00,0.000,0.000,0.00
1777902678,loop19,0.00,0.00,0.000,0.000,0.00
1777902678,loop2,0.00,0.00,0.000,0.000,0.00
1777902678,loop20,0.00,0.00,0.000,0.000,0.00
1777902678,loop21,0.00,0.00,0.000,0.000,0.00
1777902678,loop22,0.00,0.00,0.000,0.000,0.00
1777902678,loop23,0.00,0.00,0.000,0.000,0.00
1777902678,loop24,0.00,0.00,0.000,0.000,0.00
1777902678,loop25,0.00,0.00,0.000,0.000,0.00
1777902678,loop26,0.00,0.00,0.000,0.000,0.00
1777902678,loop27,0.00,0.00,0.000,0.000,0.00
1777902678,loop28,0.00,0.00,0.000,0.000,0.00
1777902678,loop29,0.00,0.00,0.000,0.000,0.00
1777902678,loop3,0.00,0.00,0.000,0.000,0.00
1777902678,loop30,0.00,0.00,0.000,0.000,0.00
1777902678,loop31,0.00,0.00,0.000,0.000,0.00
1777902678,loop32,0.00,0.00,0.000,0.000,0.00
1777902678,loop33,0.00,0.00,0.000,0.000,0.00
1777902678,loop34,0.00,0.00,0.000,0.000,0.00
1777902678,loop35,0.00,0.00,0.000,0.000,0.00
1777902678,loop36,0.00,0.00,0.000,0.000,0.00
1777902678,loop37,0.00,0.00,0.000,0.000,0.00
1777902678,loop38,0.00,0.00,0.000,0.000,0.00
1777902678,loop39,0.00,0.00,0.000,0.000,0.00
1777902678,loop4,0.00,0.00,0.000,0.000,0.00
1777902678,loop40,0.00,0.00,0.000,0.000,0.00
1777902678,loop5,0.00,0.00,0.000,0.000,0.00
1777902678,loop6,0.00,0.00,0.000,0.000,0.00
1777902678,loop7,0.00,0.00,0.000,0.000,0.00
1777902678,loop8,0.00,0.00,0.000,0.000,0.00
1777902678,loop9,0.00,0.00,0.000,0.000,0.00
1777902678,nvme0n1,0.00,0.00,0.000,0.000,0.60
1777902679,loop0,0.00,0.00,0.000,0.000,0.00
1777902679,loop1,0.00,0.00,0.000,0.000,0.00
1777902679,loop10,0.00,0.00,0.000,0.000,0.00
1777902679,loop11,0.00,0.00,0.000,0.000,0.00
1777902679,loop12,0.00,0.00,0.000,0.000,0.00
1777902679,loop13,0.00,0.00,0.000,0.000,0.00
1777902679,loop14,0.00,0.00,0.000,0.000,0.00
1777902679,loop15,0.00,0.00,0.000,0.000,0.00
1777902679,loop16,0.00,0.00,0.000,0.000,0.00
1777902679,loop17,0.00,0.00,0.000,0.000,0.00
1777902679,loop18,0.00,0.00,0.000,0.000,0.00
1777902679,loop19,0.00,0.00,0.000,0.000,0.00
1777902679,loop2,0.00,0.00,0.000,0.000,0.00
1777902679,loop20,0.00,0.00,0.000,0.000,0.00
1777902679,loop21,0.00,0.00,0.000,0.000,0.00
1777902679,loop22,0.00,0.00,0.000,0.000,0.00
1777902679,loop23,0.00,0.00,0.000,0.000,0.00
1777902679,loop24,0.00,0.00,0.000,0.000,0.00
1777902679,loop25,0.00,0.00,0.000,0.000,0.00
1777902679,loop26,0.00,0.00,0.000,0.000,0.00
1777902679,loop27,0.00,0.00,0.000,0.000,0.00
1777902679,loop28,0.00,0.00,0.000,0.000,0.00
1777902679,loop29,0.00,0.00,0.000,0.000,0.00
1777902679,loop3,0.00,0.00,0.000,0.000,0.00
1777902679,loop30,0.00,0.00,0.000,0.000,0.00
1777902679,loop31,0.00,0.00,0.000,0.000,0.00
1777902679,loop32,0.00,0.00,0.000,0.000,0.00
1777902679,loop33,0.00,0.00,0.000,0.000,0.00
1777902679,loop34,0.00,0.00,0.000,0.000,0.00
1777902679,loop35,0.00,0.00,0.000,0.000,0.00
1777902679,loop36,0.00,0.00,0.000,0.000,0.00
1777902679,loop37,0.00,0.00,0.000,0.000,0.00
1777902679,loop38,0.00,0.00,0.000,0.000,0.00
1777902679,loop39,0.00,0.00,0.000,0.000,0.00
1777902679,loop4,0.00,0.00,0.000,0.000,0.00
1777902679,loop40,0.00,0.00,0.000,0.000,0.00
1777902679,loop5,0.00,0.00,0.000,0.000,0.00
1777902679,loop6,0.00,0.00,0.000,0.000,0.00
1777902679,loop7,0.00,0.00,0.000,0.000,0.00
1777902679,loop8,0.00,0.00,0.000,0.000,0.00
1777902679,loop9,0.00,0.00,0.000,0.000,0.00
1777902679,nvme0n1,1.00,4.00,0.000,0.000,0.10
1777902680,loop0,0.00,0.00,0.000,0.000,0.00
1777902680,loop1,0.00,0.00,0.000,0.000,0.00
1777902680,loop10,0.00,0.00,0.000,0.000,0.00
1777902680,loop11,0.00,0.00,0.000,0.000,0.00
1777902680,loop12,0.00,0.00,0.000,0.000,0.00
1777902680,loop13,0.00,0.00,0.000,0.000,0.00
1777902680,loop14,0.00,0.00,0.000,0.000,0.00
1777902680,loop15,0.00,0.00,0.000,0.000,0.00
1777902680,loop16,0.00,0.00,0.000,0.000,0.00
1777902680,loop17,0.00,0.00,0.000,0.000,0.00
1777902680,loop18,0.00,0.00,0.000,0.000,0.00
1777902680,loop19,0.00,0.00,0.000,0.000,0.00
1777902680,loop2,0.00,0.00,0.000,0.000,0.00
1777902680,loop20,0.00,0.00,0.000,0.000,0.00
1777902680,loop21,0.00,0.00,0.000,0.000,0.00
1777902680,loop22,0.00,0.00,0.000,0.000,0.00
1777902680,loop23,0.00,0.00,0.000,0.000,0.00
1777902680,loop24,0.00,0.00,0.000,0.000,0.00
1777902680,loop25,0.00,0.00,0.000,0.000,0.00
1777902680,loop26,0.00,0.00,0.000,0.000,0.00
1777902680,loop27,0.00,0.00,0.000,0.000,0.00
1777902680,loop28,0.00,0.00,0.000,0.000,0.00
1777902680,loop29,0.00,0.00,0.000,0.000,0.00
1777902680,loop3,0.00,0.00,0.000,0.000,0.00
1777902680,loop30,0.00,0.00,0.000,0.000,0.00
1777902680,loop31,0.00,0.00,0.000,0.000,0.00
1777902680,loop32,0.00,0.00,0.000,0.000,0.00
1777902680,loop33,0.00,0.00,0.000,0.000,0.00
1777902680,loop34,0.00,0.00,0.000,0.000,0.00
1777902680,loop35,0.00,0.00,0.000,0.000,0.00
1777902680,loop36,0.00,0.00,0.000,0.000,0.00
1777902680,loop37,0.00,0.00,0.000,0.000,0.00
1777902680,loop38,0.00,0.00,0.000,0.000,0.00
1777902680,loop39,0.00,0.00,0.000,0.000,0.00
1777902680,loop4,0.00,0.00,0.000,0.000,0.00
1777902680,loop40,0.00,0.00,0.000,0.000,0.00
1777902680,loop5,0.00,0.00,0.000,0.000,0.00
1777902680,loop6,0.00,0.00,0.000,0.000,0.00
1777902680,loop7,0.00,0.00,0.000,0.000,0.00
1777902680,loop8,0.00,0.00,0.000,0.000,0.00
1777902680,loop9,0.00,0.00,0.000,0.000,0.00
1777902680,nvme0n1,1.00,4.00,0.000,0.000,0.10
1777902681,loop0,0.00,0.00,0.000,0.000,0.00
1777902681,loop1,0.00,0.00,0.000,0.000,0.00
1777902681,loop10,0.00,0.00,0.000,0.000,0.00
1777902681,loop11,0.00,0.00,0.000,0.000,0.00
1777902681,loop12,0.00,0.00,0.000,0.000,0.00
1777902681,loop13,0.00,0.00,0.000,0.000,0.00
1777902681,loop14,0.00,0.00,0.000,0.000,0.00
1777902681,loop15,0.00,0.00,0.000,0.000,0.00
1777902681,loop16,0.00,0.00,0.000,0.000,0.00
1777902681,loop17,0.00,0.00,0.000,0.000,0.00
1777902681,loop18,0.00,0.00,0.000,0.000,0.00
1777902681,loop19,0.00,0.00,0.000,0.000,0.00
1777902681,loop2,0.00,0.00,0.000,0.000,0.00
1777902681,loop20,0.00,0.00,0.000,0.000,0.00
1777902681,loop21,0.00,0.00,0.000,0.000,0.00
1777902681,loop22,0.00,0.00,0.000,0.000,0.00
1777902681,loop23,0.00,0.00,0.000,0.000,0.00
1777902681,loop24,0.00,0.00,0.000,0.000,0.00
1777902681,loop25,0.00,0.00,0.000,0.000,0.00
1777902681,loop26,0.00,0.00,0.000,0.000,0.00
1777902681,loop27,0.00,0.00,0.000,0.000,0.00
1777902681,loop28,0.00,0.00,0.000,0.000,0.00
1777902681,loop29,0.00,0.00,0.000,0.000,0.00
1777902681,loop3,0.00,0.00,0.000,0.000,0.00
1777902681,loop30,0.00,0.00,0.000,0.000,0.00
1777902681,loop31,0.00,0.00,0.000,0.000,0.00
1777902681,loop32,0.00,0.00,0.000,0.000,0.00
1777902681,loop33,0.00,0.00,0.000,0.000,0.00
1777902681,loop34,0.00,0.00,0.000,0.000,0.00
1777902681,loop35,0.00,0.00,0.000,0.000,0.00
1777902681,loop36,0.00,0.00,0.000,0.000,0.00
1777902681,loop37,0.00,0.00,0.000,0.000,0.00
1777902681,loop38,0.00,0.00,0.000,0.000,0.00
1777902681,loop39,0.00,0.00,0.000,0.000,0.00
1777902681,loop4,0.00,0.00,0.000,0.000,0.00
1777902681,loop40,0.00,0.00,0.000,0.000,0.00
1777902681,loop5,0.00,0.00,0.000,0.000,0.00
1777902681,loop6,0.00,0.00,0.000,0.000,0.00
1777902681,loop7,0.00,0.00,0.000,0.000,0.00
1777902681,loop8,0.00,0.00,0.000,0.000,0.00
1777902681,loop9,0.00,0.00,0.000,0.000,0.00
1777902681,nvme0n1,6.00,24.00,0.000,0.000,0.40
1777902682,loop0,0.00,0.00,0.000,0.000,0.00
1777902682,loop1,0.00,0.00,0.000,0.000,0.00
1777902682,loop10,0.00,0.00,0.000,0.000,0.00
1777902682,loop11,0.00,0.00,0.000,0.000,0.00
1777902682,loop12,0.00,0.00,0.000,0.000,0.00
1777902682,loop13,0.00,0.00,0.000,0.000,0.00
1777902682,loop14,0.00,0.00,0.000,0.000,0.00
1777902682,loop15,0.00,0.00,0.000,0.000,0.00
1777902682,loop16,0.00,0.00,0.000,0.000,0.00
1777902682,loop17,0.00,0.00,0.000,0.000,0.00
1777902682,loop18,0.00,0.00,0.000,0.000,0.00
1777902682,loop19,0.00,0.00,0.000,0.000,0.00
1777902682,loop2,0.00,0.00,0.000,0.000,0.00
1777902682,loop20,0.00,0.00,0.000,0.000,0.00
1777902682,loop21,0.00,0.00,0.000,0.000,0.00
1777902682,loop22,0.00,0.00,0.000,0.000,0.00
1777902682,loop23,0.00,0.00,0.000,0.000,0.00
1777902682,loop24,0.00,0.00,0.000,0.000,0.00
1777902682,loop25,0.00,0.00,0.000,0.000,0.00
1777902682,loop26,0.00,0.00,0.000,0.000,0.00
1777902682,loop27,0.00,0.00,0.000,0.000,0.00
1777902682,loop28,0.00,0.00,0.000,0.000,0.00
1777902682,loop29,0.00,0.00,0.000,0.000,0.00
1777902682,loop3,0.00,0.00,0.000,0.000,0.00
1777902682,loop30,0.00,0.00,0.000,0.000,0.00
1777902682,loop31,0.00,0.00,0.000,0.000,0.00
1777902682,loop32,0.00,0.00,0.000,0.000,0.00
1777902682,loop33,0.00,0.00,0.000,0.000,0.00
1777902682,loop34,0.00,0.00,0.000,0.000,0.00
1777902682,loop35,0.00,0.00,0.000,0.000,0.00
1777902682,loop36,0.00,0.00,0.000,0.000,0.00
1777902682,loop37,0.00,0.00,0.000,0.000,0.00
1777902682,loop38,0.00,0.00,0.000,0.000,0.00
1777902682,loop39,0.00,0.00,0.000,0.000,0.00
1777902682,loop4,0.00,0.00,0.000,0.000,0.00
1777902682,loop40,0.00,0.00,0.000,0.000,0.00
1777902682,loop5,0.00,0.00,0.000,0.000,0.00
1777902682,loop6,0.00,0.00,0.000,0.000,0.00
1777902682,loop7,0.00,0.00,0.000,0.000,0.00
1777902682,loop8,0.00,0.00,0.000,0.000,0.00
1777902682,loop9,0.00,0.00,0.000,0.000,0.00
1777902682,nvme0n1,9.00,40.00,0.001,0.010,0.20
1777902683,loop0,0.00,0.00,0.000,0.000,0.00
1777902683,loop1,0.00,0.00,0.000,0.000,0.00
1777902683,loop10,0.00,0.00,0.000,0.000,0.00
1777902683,loop11,0.00,0.00,0.000,0.000,0.00
1777902683,loop12,0.00,0.00,0.000,0.000,0.00
1777902683,loop13,0.00,0.00,0.000,0.000,0.00
1777902683,loop14,0.00,0.00,0.000,0.000,0.00
1777902683,loop15,0.00,0.00,0.000,0.000,0.00
1777902683,loop16,0.00,0.00,0.000,0.000,0.00
1777902683,loop17,0.00,0.00,0.000,0.000,0.00
1777902683,loop18,0.00,0.00,0.000,0.000,0.00
1777902683,loop19,0.00,0.00,0.000,0.000,0.00
1777902683,loop2,0.00,0.00,0.000,0.000,0.00
1777902683,loop20,0.00,0.00,0.000,0.000,0.00
1777902683,loop21,0.00,0.00,0.000,0.000,0.00
1777902683,loop22,0.00,0.00,0.000,0.000,0.00
1777902683,loop23,0.00,0.00,0.000,0.000,0.00
1777902683,loop24,0.00,0.00,0.000,0.000,0.00
1777902683,loop25,0.00,0.00,0.000,0.000,0.00
1777902683,loop26,0.00,0.00,0.000,0.000,0.00
1777902683,loop27,0.00,0.00,0.000,0.000,0.00
1777902683,loop28,0.00,0.00,0.000,0.000,0.00
1777902683,loop29,0.00,0.00,0.000,0.000,0.00
1777902683,loop3,0.00,0.00,0.000,0.000,0.00
1777902683,loop30,0.00,0.00,0.000,0.000,0.00
1777902683,loop31,0.00,0.00,0.000,0.000,0.00
1777902683,loop32,0.00,0.00,0.000,0.000,0.00
1777902683,loop33,0.00,0.00,0.000,0.000,0.00
1777902683,loop34,0.00,0.00,0.000,0.000,0.00
1777902683,loop35,0.00,0.00,0.000,0.000,0.00
1777902683,loop36,0.00,0.00,0.000,0.000,0.00
1777902683,loop37,0.00,0.00,0.000,0.000,0.00
1777902683,loop38,0.00,0.00,0.000,0.000,0.00
1777902683,loop39,0.00,0.00,0.000,0.000,0.00
1777902683,loop4,0.00,0.00,0.000,0.000,0.00
1777902683,loop40,0.00,0.00,0.000,0.000,0.00
1777902683,loop5,0.00,0.00,0.000,0.000,0.00
1777902683,loop6,0.00,0.00,0.000,0.000,0.00
1777902683,loop7,0.00,0.00,0.000,0.000,0.00
1777902683,loop8,0.00,0.00,0.000,0.000,0.00
1777902683,loop9,0.00,0.00,0.000,0.000,0.00
1777902683,nvme0n1,9.00,48.00,0.003,0.024,0.60
1777902684,loop0,0.00,0.00,0.000,0.000,0.00
1777902684,loop1,0.00,0.00,0.000,0.000,0.00
1777902684,loop10,0.00,0.00,0.000,0.000,0.00
1777902684,loop11,0.00,0.00,0.000,0.000,0.00
1777902684,loop12,0.00,0.00,0.000,0.000,0.00
1777902684,loop13,0.00,0.00,0.000,0.000,0.00
1777902684,loop14,0.00,0.00,0.000,0.000,0.00
1777902684,loop15,0.00,0.00,0.000,0.000,0.00
1777902684,loop16,0.00,0.00,0.000,0.000,0.00
1777902684,loop17,0.00,0.00,0.000,0.000,0.00
1777902684,loop18,0.00,0.00,0.000,0.000,0.00
1777902684,loop19,0.00,0.00,0.000,0.000,0.00
1777902684,loop2,0.00,0.00,0.000,0.000,0.00
1777902684,loop20,0.00,0.00,0.000,0.000,0.00
1777902684,loop21,0.00,0.00,0.000,0.000,0.00
1777902684,loop22,0.00,0.00,0.000,0.000,0.00
1777902684,loop23,0.00,0.00,0.000,0.000,0.00
1777902684,loop24,0.00,0.00,0.000,0.000,0.00
1777902684,loop25,0.00,0.00,0.000,0.000,0.00
1777902684,loop26,0.00,0.00,0.000,0.000,0.00
1777902684,loop27,0.00,0.00,0.000,0.000,0.00
1777902684,loop28,0.00,0.00,0.000,0.000,0.00
1777902684,loop29,0.00,0.00,0.000,0.000,0.00
1777902684,loop3,0.00,0.00,0.000,0.000,0.00
1777902684,loop30,0.00,0.00,0.000,0.000,0.00
1777902684,loop31,0.00,0.00,0.000,0.000,0.00
1777902684,loop32,0.00,0.00,0.000,0.000,0.00
1777902684,loop33,0.00,0.00,0.000,0.000,0.00
1777902684,loop34,0.00,0.00,0.000,0.000,0.00
1777902684,loop35,0.00,0.00,0.000,0.000,0.00
1777902684,loop36,0.00,0.00,0.000,0.000,0.00
1777902684,loop37,0.00,0.00,0.000,0.000,0.00
1777902684,loop38,0.00,0.00,0.000,0.000,0.00
1777902684,loop39,0.00,0.00,0.000,0.000,0.00
1777902684,loop4,0.00,0.00,0.000,0.000,0.00
1777902684,loop40,0.00,0.00,0.000,0.000,0.00
1777902684,loop5,0.00,0.00,0.000,0.000,0.00
1777902684,loop6,0.00,0.00,0.000,0.000,0.00
1777902684,loop7,0.00,0.00,0.000,0.000,0.00
1777902684,loop8,0.00,0.00,0.000,0.000,0.00
1777902684,loop9,0.00,0.00,0.000,0.000,0.00
1777902684,nvme0n1,1.00,4.00,0.000,0.000,0.00
1777902685,loop0,0.00,0.00,0.000,0.000,0.00
1777902685,loop1,0.00,0.00,0.000,0.000,0.00
1777902685,loop10,0.00,0.00,0.000,0.000,0.00
1777902685,loop11,0.00,0.00,0.000,0.000,0.00
1777902685,loop12,0.00,0.00,0.000,0.000,0.00
1777902685,loop13,0.00,0.00,0.000,0.000,0.00
1777902685,loop14,0.00,0.00,0.000,0.000,0.00
1777902685,loop15,0.00,0.00,0.000,0.000,0.00
1777902685,loop16,0.00,0.00,0.000,0.000,0.00
1777902685,loop17,0.00,0.00,0.000,0.000,0.00
1777902685,loop18,0.00,0.00,0.000,0.000,0.00
1777902685,loop19,0.00,0.00,0.000,0.000,0.00
1777902685,loop2,0.00,0.00,0.000,0.000,0.00
1777902685,loop20,0.00,0.00,0.000,0.000,0.00
1777902685,loop21,0.00,0.00,0.000,0.000,0.00
1777902685,loop22,0.00,0.00,0.000,0.000,0.00
1777902685,loop23,0.00,0.00,0.000,0.000,0.00
1777902685,loop24,0.00,0.00,0.000,0.000,0.00
1777902685,loop25,0.00,0.00,0.000,0.000,0.00
1777902685,loop26,0.00,0.00,0.000,0.000,0.00
1777902685,loop27,0.00,0.00,0.000,0.000,0.00
1777902685,loop28,0.00,0.00,0.000,0.000,0.00
1777902685,loop29,0.00,0.00,0.000,0.000,0.00
1777902685,loop3,0.00,0.00,0.000,0.000,0.00
1777902685,loop30,0.00,0.00,0.000,0.000,0.00
1777902685,loop31,0.00,0.00,0.000,0.000,0.00
1777902685,loop32,0.00,0.00,0.000,0.000,0.00
1777902685,loop33,0.00,0.00,0.000,0.000,0.00
1777902685,loop34,0.00,0.00,0.000,0.000,0.00
1777902685,loop35,0.00,0.00,0.000,0.000,0.00
1777902685,loop36,0.00,0.00,0.000,0.000,0.00
1777902685,loop37,0.00,0.00,0.000,0.000,0.00
1777902685,loop38,0.00,0.00,0.000,0.000,0.00
1777902685,loop39,0.00,0.00,0.000,0.000,0.00
1777902685,loop4,0.00,0.00,0.000,0.000,0.00
1777902685,loop40,0.00,0.00,0.000,0.000,0.00
1777902685,loop5,0.00,0.00,0.000,0.000,0.00
1777902685,loop6,0.00,0.00,0.000,0.000,0.00
1777902685,loop7,0.00,0.00,0.000,0.000,0.00
1777902685,loop8,0.00,0.00,0.000,0.000,0.00
1777902685,loop9,0.00,0.00,0.000,0.000,0.00
1777902685,nvme0n1,1.00,4.00,0.000,0.000,0.10
1777902686,loop0,0.00,0.00,0.000,0.000,0.00
1777902686,loop1,0.00,0.00,0.000,0.000,0.00
1777902686,loop10,0.00,0.00,0.000,0.000,0.00
1777902686,loop11,0.00,0.00,0.000,0.000,0.00
1777902686,loop12,0.00,0.00,0.000,0.000,0.00
1777902686,loop13,0.00,0.00,0.000,0.000,0.00
1777902686,loop14,0.00,0.00,0.000,0.000,0.00
1777902686,loop15,0.00,0.00,0.000,0.000,0.00
1777902686,loop16,0.00,0.00,0.000,0.000,0.00
1777902686,loop17,0.00,0.00,0.000,0.000,0.00
1777902686,loop18,0.00,0.00,0.000,0.000,0.00
1777902686,loop19,0.00,0.00,0.000,0.000,0.00
1777902686,loop2,0.00,0.00,0.000,0.000,0.00
1777902686,loop20,0.00,0.00,0.000,0.000,0.00
1777902686,loop21,0.00,0.00,0.000,0.000,0.00
1777902686,loop22,0.00,0.00,0.000,0.000,0.00
1777902686,loop23,0.00,0.00,0.000,0.000,0.00
1777902686,loop24,0.00,0.00,0.000,0.000,0.00
1777902686,loop25,0.00,0.00,0.000,0.000,0.00
1777902686,loop26,0.00,0.00,0.000,0.000,0.00
1777902686,loop27,0.00,0.00,0.000,0.000,0.00
1777902686,loop28,0.00,0.00,0.000,0.000,0.00
1777902686,loop29,0.00,0.00,0.000,0.000,0.00
1777902686,loop3,0.00,0.00,0.000,0.000,0.00
1777902686,loop30,0.00,0.00,0.000,0.000,0.00
1777902686,loop31,0.00,0.00,0.000,0.000,0.00
1777902686,loop32,0.00,0.00,0.000,0.000,0.00
1777902686,loop33,0.00,0.00,0.000,0.000,0.00
1777902686,loop34,0.00,0.00,0.000,0.000,0.00
1777902686,loop35,0.00,0.00,0.000,0.000,0.00
1777902686,loop36,0.00,0.00,0.000,0.000,0.00
1777902686,loop37,0.00,0.00,0.000,0.000,0.00
1777902686,loop38,0.00,0.00,0.000,0.000,0.00
1777902686,loop39,0.00,0.00,0.000,0.000,0.00
1777902686,loop4,0.00,0.00,0.000,0.000,0.00
1777902686,loop40,0.00,0.00,0.000,0.000,0.00
1777902686,loop5,0.00,0.00,0.000,0.000,0.00
1777902686,loop6,0.00,0.00,0.000,0.000,0.00
1777902686,loop7,0.00,0.00,0.000,0.000,0.00
1777902686,loop8,0.00,0.00,0.000,0.000,0.00
1777902686,loop9,0.00,0.00,0.000,0.000,0.00
1777902686,nvme0n1,0.00,0.00,0.000,0.000,0.30
1777902687,loop0,0.00,0.00,0.000,0.000,0.00
1777902687,loop1,0.00,0.00,0.000,0.000,0.00
1777902687,loop10,0.00,0.00,0.000,0.000,0.00
1777902687,loop11,0.00,0.00,0.000,0.000,0.00
1777902687,loop12,0.00,0.00,0.000,0.000,0.00
1777902687,loop13,0.00,0.00,0.000,0.000,0.00
1777902687,loop14,0.00,0.00,0.000,0.000,0.00
1777902687,loop15,0.00,0.00,0.000,0.000,0.00
1777902687,loop16,0.00,0.00,0.000,0.000,0.00
1777902687,loop17,0.00,0.00,0.000,0.000,0.00
1777902687,loop18,0.00,0.00,0.000,0.000,0.00
1777902687,loop19,0.00,0.00,0.000,0.000,0.00
1777902687,loop2,0.00,0.00,0.000,0.000,0.00
1777902687,loop20,0.00,0.00,0.000,0.000,0.00
1777902687,loop21,0.00,0.00,0.000,0.000,0.00
1777902687,loop22,0.00,0.00,0.000,0.000,0.00
1777902687,loop23,0.00,0.00,0.000,0.000,0.00
1777902687,loop24,0.00,0.00,0.000,0.000,0.00
1777902687,loop25,0.00,0.00,0.000,0.000,0.00
1777902687,loop26,0.00,0.00,0.000,0.000,0.00
1777902687,loop27,0.00,0.00,0.000,0.000,0.00
1777902687,loop28,0.00,0.00,0.000,0.000,0.00
1777902687,loop29,0.00,0.00,0.000,0.000,0.00
1777902687,loop3,0.00,0.00,0.000,0.000,0.00
1777902687,loop30,0.00,0.00,0.000,0.000,0.00
1777902687,loop31,0.00,0.00,0.000,0.000,0.00
1777902687,loop32,0.00,0.00,0.000,0.000,0.00
1777902687,loop33,0.00,0.00,0.000,0.000,0.00
1777902687,loop34,0.00,0.00,0.000,0.000,0.00
1777902687,loop35,0.00,0.00,0.000,0.000,0.00
1777902687,loop36,0.00,0.00,0.000,0.000,0.00
1777902687,loop37,0.00,0.00,0.000,0.000,0.00
1777902687,loop38,0.00,0.00,0.000,0.000,0.00
1777902687,loop39,0.00,0.00,0.000,0.000,0.00
1777902687,loop4,0.00,0.00,0.000,0.000,0.00
1777902687,loop40,0.00,0.00,0.000,0.000,0.00
1777902687,loop5,0.00,0.00,0.000,0.000,0.00
1777902687,loop6,0.00,0.00,0.000,0.000,0.00
1777902687,loop7,0.00,0.00,0.000,0.000,0.00
1777902687,loop8,0.00,0.00,0.000,0.000,0.00
1777902687,loop9,0.00,0.00,0.000,0.000,0.00
1777902687,nvme0n1,2.00,8.00,0.000,0.000,0.10
1777902688,loop0,0.00,0.00,0.000,0.000,0.00
1777902688,loop1,0.00,0.00,0.000,0.000,0.00
1777902688,loop10,0.00,0.00,0.000,0.000,0.00
1777902688,loop11,0.00,0.00,0.000,0.000,0.00
1777902688,loop12,0.00,0.00,0.000,0.000,0.00
1777902688,loop13,0.00,0.00,0.000,0.000,0.00
1777902688,loop14,0.00,0.00,0.000,0.000,0.00
1777902688,loop15,0.00,0.00,0.000,0.000,0.00
1777902688,loop16,0.00,0.00,0.000,0.000,0.00
1777902688,loop17,0.00,0.00,0.000,0.000,0.00
1777902688,loop18,0.00,0.00,0.000,0.000,0.00
1777902688,loop19,0.00,0.00,0.000,0.000,0.00
1777902688,loop2,0.00,0.00,0.000,0.000,0.00
1777902688,loop20,0.00,0.00,0.000,0.000,0.00
1777902688,loop21,0.00,0.00,0.000,0.000,0.00
1777902688,loop22,0.00,0.00,0.000,0.000,0.00
1777902688,loop23,0.00,0.00,0.000,0.000,0.00
1777902688,loop24,0.00,0.00,0.000,0.000,0.00
1777902688,loop25,0.00,0.00,0.000,0.000,0.00
1777902688,loop26,0.00,0.00,0.000,0.000,0.00
1777902688,loop27,0.00,0.00,0.000,0.000,0.00
1777902688,loop28,0.00,0.00,0.000,0.000,0.00
1777902688,loop29,0.00,0.00,0.000,0.000,0.00
1777902688,loop3,0.00,0.00,0.000,0.000,0.00
1777902688,loop30,0.00,0.00,0.000,0.000,0.00
1777902688,loop31,0.00,0.00,0.000,0.000,0.00
1777902688,loop32,0.00,0.00,0.000,0.000,0.00
1777902688,loop33,0.00,0.00,0.000,0.000,0.00
1777902688,loop34,0.00,0.00,0.000,0.000,0.00
1777902688,loop35,0.00,0.00,0.000,0.000,0.00
1777902688,loop36,0.00,0.00,0.000,0.000,0.00
1777902688,loop37,0.00,0.00,0.000,0.000,0.00
1777902688,loop38,0.00,0.00,0.000,0.000,0.00
1777902688,loop39,0.00,0.00,0.000,0.000,0.00
1777902688,loop4,0.00,0.00,0.000,0.000,0.00
1777902688,loop40,0.00,0.00,0.000,0.000,0.00
1777902688,loop5,0.00,0.00,0.000,0.000,0.00
1777902688,loop6,0.00,0.00,0.000,0.000,0.00
1777902688,loop7,0.00,0.00,0.000,0.000,0.00
1777902688,loop8,0.00,0.00,0.000,0.000,0.00
1777902688,loop9,0.00,0.00,0.000,0.000,0.00
1777902688,nvme0n1,2.00,8.00,0.000,0.000,0.50
1777902689,loop0,0.00,0.00,0.000,0.000,0.00
1777902689,loop1,0.00,0.00,0.000,0.000,0.00
1777902689,loop10,0.00,0.00,0.000,0.000,0.00
1777902689,loop11,0.00,0.00,0.000,0.000,0.00
1777902689,loop12,0.00,0.00,0.000,0.000,0.00
1777902689,loop13,0.00,0.00,0.000,0.000,0.00
1777902689,loop14,0.00,0.00,0.000,0.000,0.00
1777902689,loop15,0.00,0.00,0.000,0.000,0.00
1777902689,loop16,0.00,0.00,0.000,0.000,0.00
1777902689,loop17,0.00,0.00,0.000,0.000,0.00
1777902689,loop18,0.00,0.00,0.000,0.000,0.00
1777902689,loop19,0.00,0.00,0.000,0.000,0.00
1777902689,loop2,0.00,0.00,0.000,0.000,0.00
1777902689,loop20,0.00,0.00,0.000,0.000,0.00
1777902689,loop21,0.00,0.00,0.000,0.000,0.00
1777902689,loop22,0.00,0.00,0.000,0.000,0.00
1777902689,loop23,0.00,0.00,0.000,0.000,0.00
1777902689,loop24,0.00,0.00,0.000,0.000,0.00
1777902689,loop25,0.00,0.00,0.000,0.000,0.00
1777902689,loop26,0.00,0.00,0.000,0.000,0.00
1777902689,loop27,0.00,0.00,0.000,0.000,0.00
1777902689,loop28,0.00,0.00,0.000,0.000,0.00
1777902689,loop29,0.00,0.00,0.000,0.000,0.00
1777902689,loop3,0.00,0.00,0.000,0.000,0.00
1777902689,loop30,0.00,0.00,0.000,0.000,0.00
1777902689,loop31,0.00,0.00,0.000,0.000,0.00
1777902689,loop32,0.00,0.00,0.000,0.000,0.00
1777902689,loop33,0.00,0.00,0.000,0.000,0.00
1777902689,loop34,0.00,0.00,0.000,0.000,0.00
1777902689,loop35,0.00,0.00,0.000,0.000,0.00
1777902689,loop36,0.00,0.00,0.000,0.000,0.00
1777902689,loop37,0.00,0.00,0.000,0.000,0.00
1777902689,loop38,0.00,0.00,0.000,0.000,0.00
1777902689,loop39,0.00,0.00,0.000,0.000,0.00
1777902689,loop4,0.00,0.00,0.000,0.000,0.00
1777902689,loop40,0.00,0.00,0.000,0.000,0.00
1777902689,loop5,0.00,0.00,0.000,0.000,0.00
1777902689,loop6,0.00,0.00,0.000,0.000,0.00
1777902689,loop7,0.00,0.00,0.000,0.000,0.00
1777902689,loop8,0.00,0.00,0.000,0.000,0.00
1777902689,loop9,0.00,0.00,0.000,0.000,0.00
1777902689,nvme0n1,1.00,4.00,0.000,0.000,0.00
1777902690,loop0,0.00,0.00,0.000,0.000,0.00
1777902690,loop1,0.00,0.00,0.000,0.000,0.00
1777902690,loop10,0.00,0.00,0.000,0.000,0.00
1777902690,loop11,0.00,0.00,0.000,0.000,0.00
1777902690,loop12,0.00,0.00,0.000,0.000,0.00
1777902690,loop13,0.00,0.00,0.000,0.000,0.00
1777902690,loop14,0.00,0.00,0.000,0.000,0.00
1777902690,loop15,0.00,0.00,0.000,0.000,0.00
1777902690,loop16,0.00,0.00,0.000,0.000,0.00
1777902690,loop17,0.00,0.00,0.000,0.000,0.00
1777902690,loop18,0.00,0.00,0.000,0.000,0.00
1777902690,loop19,0.00,0.00,0.000,0.000,0.00
1777902690,loop2,0.00,0.00,0.000,0.000,0.00
1777902690,loop20,0.00,0.00,0.000,0.000,0.00
1777902690,loop21,0.00,0.00,0.000,0.000,0.00
1777902690,loop22,0.00,0.00,0.000,0.000,0.00
1777902690,loop23,0.00,0.00,0.000,0.000,0.00
1777902690,loop24,0.00,0.00,0.000,0.000,0.00
1777902690,loop25,0.00,0.00,0.000,0.000,0.00
1777902690,loop26,0.00,0.00,0.000,0.000,0.00
1777902690,loop27,0.00,0.00,0.000,0.000,0.00
1777902690,loop28,0.00,0.00,0.000,0.000,0.00
1777902690,loop29,0.00,0.00,0.000,0.000,0.00
1777902690,loop3,0.00,0.00,0.000,0.000,0.00
1777902690,loop30,0.00,0.00,0.000,0.000,0.00
1777902690,loop31,0.00,0.00,0.000,0.000,0.00
1777902690,loop32,0.00,0.00,0.000,0.000,0.00
1777902690,loop33,0.00,0.00,0.000,0.000,0.00
1777902690,loop34,0.00,0.00,0.000,0.000,0.00
1777902690,loop35,0.00,0.00,0.000,0.000,0.00
1777902690,loop36,0.00,0.00,0.000,0.000,0.00
1777902690,loop37,0.00,0.00,0.000,0.000,0.00
1777902690,loop38,0.00,0.00,0.000,0.000,0.00
1777902690,loop39,0.00,0.00,0.000,0.000,0.00
1777902690,loop4,0.00,0.00,0.000,0.000,0.00
1777902690,loop40,0.00,0.00,0.000,0.000,0.00
1777902690,loop5,0.00,0.00,0.000,0.000,0.00
1777902690,loop6,0.00,0.00,0.000,0.000,0.00
1777902690,loop7,0.00,0.00,0.000,0.000,0.00
1777902690,loop8,0.00,0.00,0.000,0.000,0.00
1777902690,loop9,0.00,0.00,0.000,0.000,0.00
1777902690,nvme0n1,5.00,20.00,0.000,0.000,1.40
1777902691,loop0,0.00,0.00,0.000,0.000,0.00
1777902691,loop1,0.00,0.00,0.000,0.000,0.00
1777902691,loop10,0.00,0.00,0.000,0.000,0.00
1777902691,loop11,0.00,0.00,0.000,0.000,0.00
1777902691,loop12,0.00,0.00,0.000,0.000,0.00
1777902691,loop13,0.00,0.00,0.000,0.000,0.00
1777902691,loop14,0.00,0.00,0.000,0.000,0.00
1777902691,loop15,0.00,0.00,0.000,0.000,0.00
1777902691,loop16,0.00,0.00,0.000,0.000,0.00
1777902691,loop17,0.00,0.00,0.000,0.000,0.00
1777902691,loop18,0.00,0.00,0.000,0.000,0.00
1777902691,loop19,0.00,0.00,0.000,0.000,0.00
1777902691,loop2,0.00,0.00,0.000,0.000,0.00
1777902691,loop20,0.00,0.00,0.000,0.000,0.00
1777902691,loop21,0.00,0.00,0.000,0.000,0.00
1777902691,loop22,0.00,0.00,0.000,0.000,0.00
1777902691,loop23,0.00,0.00,0.000,0.000,0.00
1777902691,loop24,0.00,0.00,0.000,0.000,0.00
1777902691,loop25,0.00,0.00,0.000,0.000,0.00
1777902691,loop26,0.00,0.00,0.000,0.000,0.00
1777902691,loop27,0.00,0.00,0.000,0.000,0.00
1777902691,loop28,0.00,0.00,0.000,0.000,0.00
1777902691,loop29,0.00,0.00,0.000,0.000,0.00
1777902691,loop3,0.00,0.00,0.000,0.000,0.00
1777902691,loop30,0.00,0.00,0.000,0.000,0.00
1777902691,loop31,0.00,0.00,0.000,0.000,0.00
1777902691,loop32,0.00,0.00,0.000,0.000,0.00
1777902691,loop33,0.00,0.00,0.000,0.000,0.00
1777902691,loop34,0.00,0.00,0.000,0.000,0.00
1777902691,loop35,0.00,0.00,0.000,0.000,0.00
1777902691,loop36,0.00,0.00,0.000,0.000,0.00
1777902691,loop37,0.00,0.00,0.000,0.000,0.00
1777902691,loop38,0.00,0.00,0.000,0.000,0.00
1777902691,loop39,0.00,0.00,0.000,0.000,0.00
1777902691,loop4,0.00,0.00,0.000,0.000,0.00
1777902691,loop40,0.00,0.00,0.000,0.000,0.00
1777902691,loop5,0.00,0.00,0.000,0.000,0.00
1777902691,loop6,0.00,0.00,0.000,0.000,0.00
1777902691,loop7,0.00,0.00,0.000,0.000,0.00
1777902691,loop8,0.00,0.00,0.000,0.000,0.00
1777902691,loop9,0.00,0.00,0.000,0.000,0.00
1777902691,nvme0n1,1.00,4.00,0.000,0.000,1.10
1777902692,loop0,0.00,0.00,0.000,0.000,0.00
1777902692,loop1,0.00,0.00,0.000,0.000,0.00
1777902692,loop10,0.00,0.00,0.000,0.000,0.00
1777902692,loop11,0.00,0.00,0.000,0.000,0.00
1777902692,loop12,0.00,0.00,0.000,0.000,0.00
1777902692,loop13,0.00,0.00,0.000,0.000,0.00
1777902692,loop14,0.00,0.00,0.000,0.000,0.00
1777902692,loop15,0.00,0.00,0.000,0.000,0.00
1777902692,loop16,0.00,0.00,0.000,0.000,0.00
1777902692,loop17,0.00,0.00,0.000,0.000,0.00
1777902692,loop18,0.00,0.00,0.000,0.000,0.00
1777902692,loop19,0.00,0.00,0.000,0.000,0.00
1777902692,loop2,0.00,0.00,0.000,0.000,0.00
1777902692,loop20,0.00,0.00,0.000,0.000,0.00
1777902692,loop21,0.00,0.00,0.000,0.000,0.00
1777902692,loop22,0.00,0.00,0.000,0.000,0.00
1777902692,loop23,0.00,0.00,0.000,0.000,0.00
1777902692,loop24,0.00,0.00,0.000,0.000,0.00
1777902692,loop25,0.00,0.00,0.000,0.000,0.00
1777902692,loop26,0.00,0.00,0.000,0.000,0.00
1777902692,loop27,0.00,0.00,0.000,0.000,0.00
1777902692,loop28,0.00,0.00,0.000,0.000,0.00
1777902692,loop29,0.00,0.00,0.000,0.000,0.00
1777902692,loop3,0.00,0.00,0.000,0.000,0.00
1777902692,loop30,0.00,0.00,0.000,0.000,0.00
1777902692,loop31,0.00,0.00,0.000,0.000,0.00
1777902692,loop32,0.00,0.00,0.000,0.000,0.00
1777902692,loop33,0.00,0.00,0.000,0.000,0.00
1777902692,loop34,0.00,0.00,0.000,0.000,0.00
1777902692,loop35,0.00,0.00,0.000,0.000,0.00
1777902692,loop36,0.00,0.00,0.000,0.000,0.00
1777902692,loop37,0.00,0.00,0.000,0.000,0.00
1777902692,loop38,0.00,0.00,0.000,0.000,0.00
1777902692,loop39,0.00,0.00,0.000,0.000,0.00
1777902692,loop4,0.00,0.00,0.000,0.000,0.00
1777902692,loop40,0.00,0.00,0.000,0.000,0.00
1777902692,loop5,0.00,0.00,0.000,0.000,0.00
1777902692,loop6,0.00,0.00,0.000,0.000,0.00
1777902692,loop7,0.00,0.00,0.000,0.000,0.00
1777902692,loop8,0.00,0.00,0.000,0.000,0.00
1777902692,loop9,0.00,0.00,0.000,0.000,0.00
1777902692,nvme0n1,5.00,20.00,0.000,0.000,0.10
1777902693,loop0,0.00,0.00,0.000,0.000,0.00
1777902693,loop1,0.00,0.00,0.000,0.000,0.00
1777902693,loop10,0.00,0.00,0.000,0.000,0.00
1777902693,loop11,0.00,0.00,0.000,0.000,0.00
1777902693,loop12,0.00,0.00,0.000,0.000,0.00
1777902693,loop13,0.00,0.00,0.000,0.000,0.00
1777902693,loop14,0.00,0.00,0.000,0.000,0.00
1777902693,loop15,0.00,0.00,0.000,0.000,0.00
1777902693,loop16,0.00,0.00,0.000,0.000,0.00
1777902693,loop17,0.00,0.00,0.000,0.000,0.00
1777902693,loop18,0.00,0.00,0.000,0.000,0.00
1777902693,loop19,0.00,0.00,0.000,0.000,0.00
1777902693,loop2,0.00,0.00,0.000,0.000,0.00
1777902693,loop20,0.00,0.00,0.000,0.000,0.00
1777902693,loop21,0.00,0.00,0.000,0.000,0.00
1777902693,loop22,0.00,0.00,0.000,0.000,0.00
1777902693,loop23,0.00,0.00,0.000,0.000,0.00
1777902693,loop24,0.00,0.00,0.000,0.000,0.00
1777902693,loop25,0.00,0.00,0.000,0.000,0.00
1777902693,loop26,0.00,0.00,0.000,0.000,0.00
1777902693,loop27,0.00,0.00,0.000,0.000,0.00
1777902693,loop28,0.00,0.00,0.000,0.000,0.00
1777902693,loop29,0.00,0.00,0.000,0.000,0.00
1777902693,loop3,0.00,0.00,0.000,0.000,0.00
1777902693,loop30,0.00,0.00,0.000,0.000,0.00
1777902693,loop31,0.00,0.00,0.000,0.000,0.00
1777902693,loop32,0.00,0.00,0.000,0.000,0.00
1777902693,loop33,0.00,0.00,0.000,0.000,0.00
1777902693,loop34,0.00,0.00,0.000,0.000,0.00
1777902693,loop35,0.00,0.00,0.000,0.000,0.00
1777902693,loop36,0.00,0.00,0.000,0.000,0.00
1777902693,loop37,0.00,0.00,0.000,0.000,0.00
1777902693,loop38,0.00,0.00,0.000,0.000,0.00
1777902693,loop39,0.00,0.00,0.000,0.000,0.00
1777902693,loop4,0.00,0.00,0.000,0.000,0.00
1777902693,loop40,0.00,0.00,0.000,0.000,0.00
1777902693,loop5,0.00,0.00,0.000,0.000,0.00
1777902693,loop6,0.00,0.00,0.000,0.000,0.00
1777902693,loop7,0.00,0.00,0.000,0.000,0.00
1777902693,loop8,0.00,0.00,0.000,0.000,0.00
1777902693,loop9,0.00,0.00,0.000,0.000,0.00
1777902693,nvme0n1,2.00,8.00,0.000,0.000,0.40
1777902694,loop0,0.00,0.00,0.000,0.000,0.00
1777902694,loop1,0.00,0.00,0.000,0.000,0.00
1777902694,loop10,0.00,0.00,0.000,0.000,0.00
1777902694,loop11,0.00,0.00,0.000,0.000,0.00
1777902694,loop12,0.00,0.00,0.000,0.000,0.00
1777902694,loop13,0.00,0.00,0.000,0.000,0.00
1777902694,loop14,0.00,0.00,0.000,0.000,0.00
1777902694,loop15,0.00,0.00,0.000,0.000,0.00
1777902694,loop16,0.00,0.00,0.000,0.000,0.00
1777902694,loop17,0.00,0.00,0.000,0.000,0.00
1777902694,loop18,0.00,0.00,0.000,0.000,0.00
1777902694,loop19,0.00,0.00,0.000,0.000,0.00
1777902694,loop2,0.00,0.00,0.000,0.000,0.00
1777902694,loop20,0.00,0.00,0.000,0.000,0.00
1777902694,loop21,0.00,0.00,0.000,0.000,0.00
1777902694,loop22,0.00,0.00,0.000,0.000,0.00
1777902694,loop23,0.00,0.00,0.000,0.000,0.00
1777902694,loop24,0.00,0.00,0.000,0.000,0.00
1777902694,loop25,0.00,0.00,0.000,0.000,0.00
1777902694,loop26,0.00,0.00,0.000,0.000,0.00
1777902694,loop27,0.00,0.00,0.000,0.000,0.00
1777902694,loop28,0.00,0.00,0.000,0.000,0.00
1777902694,loop29,0.00,0.00,0.000,0.000,0.00
1777902694,loop3,0.00,0.00,0.000,0.000,0.00
1777902694,loop30,0.00,0.00,0.000,0.000,0.00
1777902694,loop31,0.00,0.00,0.000,0.000,0.00
1777902694,loop32,0.00,0.00,0.000,0.000,0.00
1777902694,loop33,0.00,0.00,0.000,0.000,0.00
1777902694,loop34,0.00,0.00,0.000,0.000,0.00
1777902694,loop35,0.00,0.00,0.000,0.000,0.00
1777902694,loop36,0.00,0.00,0.000,0.000,0.00
1777902694,loop37,0.00,0.00,0.000,0.000,0.00
1777902694,loop38,0.00,0.00,0.000,0.000,0.00
1777902694,loop39,0.00,0.00,0.000,0.000,0.00
1777902694,loop4,0.00,0.00,0.000,0.000,0.00
1777902694,loop40,0.00,0.00,0.000,0.000,0.00
1777902694,loop5,0.00,0.00,0.000,0.000,0.00
1777902694,loop6,0.00,0.00,0.000,0.000,0.00
1777902694,loop7,0.00,0.00,0.000,0.000,0.00
1777902694,loop8,0.00,0.00,0.000,0.000,0.00
1777902694,loop9,0.00,0.00,0.000,0.000,0.00
1777902694,nvme0n1,1.00,4.00,0.000,0.000,0.10
1777902695,loop0,0.00,0.00,0.000,0.000,0.00
1777902695,loop1,0.00,0.00,0.000,0.000,0.00
1777902695,loop10,0.00,0.00,0.000,0.000,0.00
1777902695,loop11,0.00,0.00,0.000,0.000,0.00
1777902695,loop12,0.00,0.00,0.000,0.000,0.00
1777902695,loop13,0.00,0.00,0.000,0.000,0.00
1777902695,loop14,0.00,0.00,0.000,0.000,0.00
1777902695,loop15,0.00,0.00,0.000,0.000,0.00
1777902695,loop16,0.00,0.00,0.000,0.000,0.00
1777902695,loop17,0.00,0.00,0.000,0.000,0.00
1777902695,loop18,0.00,0.00,0.000,0.000,0.00
1777902695,loop19,0.00,0.00,0.000,0.000,0.00
1777902695,loop2,0.00,0.00,0.000,0.000,0.00
1777902695,loop20,0.00,0.00,0.000,0.000,0.00
1777902695,loop21,0.00,0.00,0.000,0.000,0.00
1777902695,loop22,0.00,0.00,0.000,0.000,0.00
1777902695,loop23,0.00,0.00,0.000,0.000,0.00
1777902695,loop24,0.00,0.00,0.000,0.000,0.00
1777902695,loop25,0.00,0.00,0.000,0.000,0.00
1777902695,loop26,0.00,0.00,0.000,0.000,0.00
1777902695,loop27,0.00,0.00,0.000,0.000,0.00
1777902695,loop28,0.00,0.00,0.000,0.000,0.00
1777902695,loop29,0.00,0.00,0.000,0.000,0.00
1777902695,loop3,0.00,0.00,0.000,0.000,0.00
1777902695,loop30,0.00,0.00,0.000,0.000,0.00
1777902695,loop31,0.00,0.00,0.000,0.000,0.00
1777902695,loop32,0.00,0.00,0.000,0.000,0.00
1777902695,loop33,0.00,0.00,0.000,0.000,0.00
1777902695,loop34,0.00,0.00,0.000,0.000,0.00
1777902695,loop35,0.00,0.00,0.000,0.000,0.00
1777902695,loop36,0.00,0.00,0.000,0.000,0.00
1777902695,loop37,0.00,0.00,0.000,0.000,0.00
1777902695,loop38,0.00,0.00,0.000,0.000,0.00
1777902695,loop39,0.00,0.00,0.000,0.000,0.00
1777902695,loop4,0.00,0.00,0.000,0.000,0.00
1777902695,loop40,0.00,0.00,0.000,0.000,0.00
1777902695,loop5,0.00,0.00,0.000,0.000,0.00
1777902695,loop6,0.00,0.00,0.000,0.000,0.00
1777902695,loop7,0.00,0.00,0.000,0.000,0.00
1777902695,loop8,0.00,0.00,0.000,0.000,0.00
1777902695,loop9,0.00,0.00,0.000,0.000,0.00
1777902695,nvme0n1,1.00,4.00,0.000,0.000,0.10
1777902696,loop0,0.00,0.00,0.000,0.000,0.00
1777902696,loop1,0.00,0.00,0.000,0.000,0.00
1777902696,loop10,0.00,0.00,0.000,0.000,0.00
1777902696,loop11,0.00,0.00,0.000,0.000,0.00
1777902696,loop12,0.00,0.00,0.000,0.000,0.00
1777902696,loop13,0.00,0.00,0.000,0.000,0.00
1777902696,loop14,0.00,0.00,0.000,0.000,0.00
1777902696,loop15,0.00,0.00,0.000,0.000,0.00
1777902696,loop16,0.00,0.00,0.000,0.000,0.00
1777902696,loop17,0.00,0.00,0.000,0.000,0.00
1777902696,loop18,0.00,0.00,0.000,0.000,0.00
1777902696,loop19,0.00,0.00,0.000,0.000,0.00
1777902696,loop2,0.00,0.00,0.000,0.000,0.00
1777902696,loop20,0.00,0.00,0.000,0.000,0.00
1777902696,loop21,0.00,0.00,0.000,0.000,0.00
1777902696,loop22,0.00,0.00,0.000,0.000,0.00
1777902696,loop23,0.00,0.00,0.000,0.000,0.00
1777902696,loop24,0.00,0.00,0.000,0.000,0.00
1777902696,loop25,0.00,0.00,0.000,0.000,0.00
1777902696,loop26,0.00,0.00,0.000,0.000,0.00
1777902696,loop27,0.00,0.00,0.000,0.000,0.00
1777902696,loop28,0.00,0.00,0.000,0.000,0.00
1777902696,loop29,0.00,0.00,0.000,0.000,0.00
1777902696,loop3,0.00,0.00,0.000,0.000,0.00
1777902696,loop30,0.00,0.00,0.000,0.000,0.00
1777902696,loop31,0.00,0.00,0.000,0.000,0.00
1777902696,loop32,0.00,0.00,0.000,0.000,0.00
1777902696,loop33,0.00,0.00,0.000,0.000,0.00
1777902696,loop34,0.00,0.00,0.000,0.000,0.00
1777902696,loop35,0.00,0.00,0.000,0.000,0.00
1777902696,loop36,0.00,0.00,0.000,0.000,0.00
1777902696,loop37,0.00,0.00,0.000,0.000,0.00
1777902696,loop38,0.00,0.00,0.000,0.000,0.00
1777902696,loop39,0.00,0.00,0.000,0.000,0.00
1777902696,loop4,0.00,0.00,0.000,0.000,0.00
1777902696,loop40,0.00,0.00,0.000,0.000,0.00
1777902696,loop5,0.00,0.00,0.000,0.000,0.00
1777902696,loop6,0.00,0.00,0.000,0.000,0.00
1777902696,loop7,0.00,0.00,0.000,0.000,0.00
1777902696,loop8,0.00,0.00,0.000,0.000,0.00
1777902696,loop9,0.00,0.00,0.000,0.000,0.00
1777902696,nvme0n1,11.00,52.00,0.002,0.015,0.00
1777902697,loop0,0.00,0.00,0.000,0.000,0.00
1777902697,loop1,0.00,0.00,0.000,0.000,0.00
1777902697,loop10,0.00,0.00,0.000,0.000,0.00
1777902697,loop11,0.00,0.00,0.000,0.000,0.00
1777902697,loop12,0.00,0.00,0.000,0.000,0.00
1777902697,loop13,0.00,0.00,0.000,0.000,0.00
1777902697,loop14,0.00,0.00,0.000,0.000,0.00
1777902697,loop15,0.00,0.00,0.000,0.000,0.00
1777902697,loop16,0.00,0.00,0.000,0.000,0.00
1777902697,loop17,0.00,0.00,0.000,0.000,0.00
1777902697,loop18,0.00,0.00,0.000,0.000,0.00
1777902697,loop19,0.00,0.00,0.000,0.000,0.00
1777902697,loop2,0.00,0.00,0.000,0.000,0.00
1777902697,loop20,0.00,0.00,0.000,0.000,0.00
1777902697,loop21,0.00,0.00,0.000,0.000,0.00
1777902697,loop22,0.00,0.00,0.000,0.000,0.00
1777902697,loop23,0.00,0.00,0.000,0.000,0.00
1777902697,loop24,0.00,0.00,0.000,0.000,0.00
1777902697,loop25,0.00,0.00,0.000,0.000,0.00
1777902697,loop26,0.00,0.00,0.000,0.000,0.00
1777902697,loop27,0.00,0.00,0.000,0.000,0.00
1777902697,loop28,0.00,0.00,0.000,0.000,0.00
1777902697,loop29,0.00,0.00,0.000,0.000,0.00
1777902697,loop3,0.00,0.00,0.000,0.000,0.00
1777902697,loop30,0.00,0.00,0.000,0.000,0.00
1777902697,loop31,0.00,0.00,0.000,0.000,0.00
1777902697,loop32,0.00,0.00,0.000,0.000,0.00
1777902697,loop33,0.00,0.00,0.000,0.000,0.00
1777902697,loop34,0.00,0.00,0.000,0.000,0.00
1777902697,loop35,0.00,0.00,0.000,0.000,0.00
1777902697,loop36,0.00,0.00,0.000,0.000,0.00
1777902697,loop37,0.00,0.00,0.000,0.000,0.00
1777902697,loop38,0.00,0.00,0.000,0.000,0.00
1777902697,loop39,0.00,0.00,0.000,0.000,0.00
1777902697,loop4,0.00,0.00,0.000,0.000,0.00
1777902697,loop40,0.00,0.00,0.000,0.000,0.00
1777902697,loop5,0.00,0.00,0.000,0.000,0.00
1777902697,loop6,0.00,0.00,0.000,0.000,0.00
1777902697,loop7,0.00,0.00,0.000,0.000,0.00
1777902697,loop8,0.00,0.00,0.000,0.000,0.00
1777902697,loop9,0.00,0.00,0.000,0.000,0.00
1777902697,nvme0n1,1319.00,6136.00,0.210,0.014,7.50
1777902698,loop0,0.00,0.00,0.000,0.000,0.00
1777902698,loop1,0.00,0.00,0.000,0.000,0.00
1777902698,loop10,0.00,0.00,0.000,0.000,0.00
1777902698,loop11,0.00,0.00,0.000,0.000,0.00
1777902698,loop12,0.00,0.00,0.000,0.000,0.00
1777902698,loop13,0.00,0.00,0.000,0.000,0.00
1777902698,loop14,0.00,0.00,0.000,0.000,0.00
1777902698,loop15,0.00,0.00,0.000,0.000,0.00
1777902698,loop16,0.00,0.00,0.000,0.000,0.00
1777902698,loop17,0.00,0.00,0.000,0.000,0.00
1777902698,loop18,0.00,0.00,0.000,0.000,0.00
1777902698,loop19,0.00,0.00,0.000,0.000,0.00
1777902698,loop2,0.00,0.00,0.000,0.000,0.00
1777902698,loop20,0.00,0.00,0.000,0.000,0.00
1777902698,loop21,0.00,0.00,0.000,0.000,0.00
1777902698,loop22,0.00,0.00,0.000,0.000,0.00
1777902698,loop23,0.00,0.00,0.000,0.000,0.00
1777902698,loop24,0.00,0.00,0.000,0.000,0.00
1777902698,loop25,0.00,0.00,0.000,0.000,0.00
1777902698,loop26,0.00,0.00,0.000,0.000,0.00
1777902698,loop27,0.00,0.00,0.000,0.000,0.00
1777902698,loop28,0.00,0.00,0.000,0.000,0.00
1777902698,loop29,0.00,0.00,0.000,0.000,0.00
1777902698,loop3,0.00,0.00,0.000,0.000,0.00
1777902698,loop30,0.00,0.00,0.000,0.000,0.00
1777902698,loop31,0.00,0.00,0.000,0.000,0.00
1777902698,loop32,0.00,0.00,0.000,0.000,0.00
1777902698,loop33,0.00,0.00,0.000,0.000,0.00
1777902698,loop34,0.00,0.00,0.000,0.000,0.00
1777902698,loop35,0.00,0.00,0.000,0.000,0.00
1777902698,loop36,0.00,0.00,0.000,0.000,0.00
1777902698,loop37,0.00,0.00,0.000,0.000,0.00
1777902698,loop38,0.00,0.00,0.000,0.000,0.00
1777902698,loop39,0.00,0.00,0.000,0.000,0.00
1777902698,loop4,0.00,0.00,0.000,0.000,0.00
1777902698,loop40,0.00,0.00,0.000,0.000,0.00
1777902698,loop5,0.00,0.00,0.000,0.000,0.00
1777902698,loop6,0.00,0.00,0.000,0.000,0.00
1777902698,loop7,0.00,0.00,0.000,0.000,0.00
1777902698,loop8,0.00,0.00,0.000,0.000,0.00
1777902698,loop9,0.00,0.00,0.000,0.000,0.00
1777902698,nvme0n1,129.00,568.00,0.013,0.009,0.70
1777902699,loop0,0.00,0.00,0.000,0.000,0.00
1777902699,loop1,0.00,0.00,0.000,0.000,0.00
1777902699,loop10,0.00,0.00,0.000,0.000,0.00
1777902699,loop11,0.00,0.00,0.000,0.000,0.00
1777902699,loop12,0.00,0.00,0.000,0.000,0.00
1777902699,loop13,0.00,0.00,0.000,0.000,0.00
1777902699,loop14,0.00,0.00,0.000,0.000,0.00
1777902699,loop15,0.00,0.00,0.000,0.000,0.00
1777902699,loop16,0.00,0.00,0.000,0.000,0.00
1777902699,loop17,0.00,0.00,0.000,0.000,0.00
1777902699,loop18,0.00,0.00,0.000,0.000,0.00
1777902699,loop19,0.00,0.00,0.000,0.000,0.00
1777902699,loop2,0.00,0.00,0.000,0.000,0.00
1777902699,loop20,0.00,0.00,0.000,0.000,0.00
1777902699,loop21,0.00,0.00,0.000,0.000,0.00
1777902699,loop22,0.00,0.00,0.000,0.000,0.00
1777902699,loop23,0.00,0.00,0.000,0.000,0.00
1777902699,loop24,0.00,0.00,0.000,0.000,0.00
1777902699,loop25,0.00,0.00,0.000,0.000,0.00
1777902699,loop26,0.00,0.00,0.000,0.000,0.00
1777902699,loop27,0.00,0.00,0.000,0.000,0.00
1777902699,loop28,0.00,0.00,0.000,0.000,0.00
1777902699,loop29,0.00,0.00,0.000,0.000,0.00
1777902699,loop3,0.00,0.00,0.000,0.000,0.00
1777902699,loop30,0.00,0.00,0.000,0.000,0.00
1777902699,loop31,0.00,0.00,0.000,0.000,0.00
1777902699,loop32,0.00,0.00,0.000,0.000,0.00
1777902699,loop33,0.00,0.00,0.000,0.000,0.00
1777902699,loop34,0.00,0.00,0.000,0.000,0.00
1777902699,loop35,0.00,0.00,0.000,0.000,0.00
1777902699,loop36,0.00,0.00,0.000,0.000,0.00
1777902699,loop37,0.00,0.00,0.000,0.000,0.00
1777902699,loop38,0.00,0.00,0.000,0.000,0.00
1777902699,loop39,0.00,0.00,0.000,0.000,0.00
1777902699,loop4,0.00,0.00,0.000,0.000,0.00
1777902699,loop40,0.00,0.00,0.000,0.000,0.00
1777902699,loop5,0.00,0.00,0.000,0.000,0.00
1777902699,loop6,0.00,0.00,0.000,0.000,0.00
1777902699,loop7,0.00,0.00,0.000,0.000,0.00
1777902699,loop8,0.00,0.00,0.000,0.000,0.00
1777902699,loop9,0.00,0.00,0.000,0.000,0.00
1777902699,nvme0n1,6856.00,33660.00,1.522,0.018,22.00
1777902700,loop0,0.00,0.00,0.000,0.000,0.00
1777902700,loop1,0.00,0.00,0.000,0.000,0.00
1777902700,loop10,0.00,0.00,0.000,0.000,0.00
1777902700,loop11,0.00,0.00,0.000,0.000,0.00
1777902700,loop12,0.00,0.00,0.000,0.000,0.00
1777902700,loop13,0.00,0.00,0.000,0.000,0.00
1777902700,loop14,0.00,0.00,0.000,0.000,0.00
1777902700,loop15,0.00,0.00,0.000,0.000,0.00
1777902700,loop16,0.00,0.00,0.000,0.000,0.00
1777902700,loop17,0.00,0.00,0.000,0.000,0.00
1777902700,loop18,0.00,0.00,0.000,0.000,0.00
1777902700,loop19,0.00,0.00,0.000,0.000,0.00
1777902700,loop2,0.00,0.00,0.000,0.000,0.00
1777902700,loop20,0.00,0.00,0.000,0.000,0.00
1777902700,loop21,0.00,0.00,0.000,0.000,0.00
1777902700,loop22,0.00,0.00,0.000,0.000,0.00
1777902700,loop23,0.00,0.00,0.000,0.000,0.00
1777902700,loop24,0.00,0.00,0.000,0.000,0.00
1777902700,loop25,0.00,0.00,0.000,0.000,0.00
1777902700,loop26,0.00,0.00,0.000,0.000,0.00
1777902700,loop27,0.00,0.00,0.000,0.000,0.00
1777902700,loop28,0.00,0.00,0.000,0.000,0.00
1777902700,loop29,0.00,0.00,0.000,0.000,0.00
1777902700,loop3,0.00,0.00,0.000,0.000,0.00
1777902700,loop30,0.00,0.00,0.000,0.000,0.00
1777902700,loop31,0.00,0.00,0.000,0.000,0.00
1777902700,loop32,0.00,0.00,0.000,0.000,0.00
1777902700,loop33,0.00,0.00,0.000,0.000,0.00
1777902700,loop34,0.00,0.00,0.000,0.000,0.00
1777902700,loop35,0.00,0.00,0.000,0.000,0.00
1777902700,loop36,0.00,0.00,0.000,0.000,0.00
1777902700,loop37,0.00,0.00,0.000,0.000,0.00
1777902700,loop38,0.00,0.00,0.000,0.000,0.00
1777902700,loop39,0.00,0.00,0.000,0.000,0.00
1777902700,loop4,0.00,0.00,0.000,0.000,0.00
1777902700,loop40,0.00,0.00,0.000,0.000,0.00
1777902700,loop5,0.00,0.00,0.000,0.000,0.00
1777902700,loop6,0.00,0.00,0.000,0.000,0.00
1777902700,loop7,0.00,0.00,0.000,0.000,0.00
1777902700,loop8,0.00,0.00,0.000,0.000,0.00
1777902700,loop9,0.00,0.00,0.000,0.000,0.00
1777902700,nvme0n1,50.00,452.00,0.057,0.052,0.80
