t_unix,device,r_iops,w_iops,r_mb_s,w_mb_s,util_pct
1777904752,loop0,0.00,0.00,0.000,0.000,0.00
1777904752,loop1,0.00,0.00,0.000,0.000,0.00
1777904752,loop10,0.00,0.00,0.000,0.000,0.00
1777904752,loop11,0.00,0.00,0.000,0.000,0.00
1777904752,loop12,0.00,0.00,0.000,0.000,0.00
1777904752,loop13,0.00,0.00,0.000,0.000,0.00
1777904752,loop14,0.00,0.00,0.000,0.000,0.00
1777904752,loop15,0.00,0.00,0.000,0.000,0.00
1777904752,loop16,0.00,0.00,0.000,0.000,0.00
1777904752,loop17,0.00,0.00,0.000,0.000,0.00
1777904752,loop18,0.00,0.00,0.000,0.000,0.00
1777904752,loop19,0.00,0.00,0.000,0.000,0.00
1777904752,loop2,0.00,0.00,0.000,0.000,0.00
1777904752,loop20,0.00,0.00,0.000,0.000,0.00
1777904752,loop21,0.00,0.00,0.000,0.000,0.00
1777904752,loop22,0.00,0.00,0.000,0.000,0.00
1777904752,loop23,0.00,0.00,0.000,0.000,0.00
1777904752,loop24,0.00,0.00,0.000,0.000,0.00
1777904752,loop25,0.00,0.00,0.000,0.000,0.00
1777904752,loop26,0.00,0.00,0.000,0.000,0.00
1777904752,loop27,0.00,0.00,0.000,0.000,0.00
1777904752,loop28,0.00,0.00,0.000,0.000,0.00
1777904752,loop29,0.00,0.00,0.000,0.000,0.00
1777904752,loop3,0.00,0.00,0.000,0.000,0.00
1777904752,loop30,0.00,0.00,0.000,0.000,0.00
1777904752,loop31,0.00,0.00,0.000,0.000,0.00
1777904752,loop32,0.00,0.00,0.000,0.000,0.00
1777904752,loop33,0.00,0.00,0.000,0.000,0.00
1777904752,loop34,0.00,0.00,0.000,0.000,0.00
1777904752,loop35,0.00,0.00,0.000,0.000,0.00
1777904752,loop36,0.00,0.00,0.000,0.000,0.00
1777904752,loop37,0.00,0.00,0.000,0.000,0.00
1777904752,loop38,0.00,0.00,0.000,0.000,0.00
1777904752,loop39,0.00,0.00,0.000,0.000,0.00
1777904752,loop4,0.00,0.00,0.000,0.000,0.00
1777904752,loop40,0.00,0.00,0.000,0.000,0.00
1777904752,loop5,0.00,0.00,0.000,0.000,0.00
1777904752,loop6,0.00,0.00,0.000,0.000,0.00
1777904752,loop7,0.00,0.00,0.000,0.000,0.00
1777904752,loop8,0.00,0.00,0.000,0.000,0.00
1777904752,loop9,0.00,0.00,0.000,0.000,0.00
1777904752,nvme0n1,0.00,0.00,0.000,0.000,2.10
1777904753,loop0,0.00,0.00,0.000,0.000,0.00
1777904753,loop1,0.00,0.00,0.000,0.000,0.00
1777904753,loop10,0.00,0.00,0.000,0.000,0.00
1777904753,loop11,0.00,0.00,0.000,0.000,0.00
1777904753,loop12,0.00,0.00,0.000,0.000,0.00
1777904753,loop13,0.00,0.00,0.000,0.000,0.00
1777904753,loop14,0.00,0.00,0.000,0.000,0.00
1777904753,loop15,0.00,0.00,0.000,0.000,0.00
1777904753,loop16,0.00,0.00,0.000,0.000,0.00
1777904753,loop17,0.00,0.00,0.000,0.000,0.00
1777904753,loop18,0.00,0.00,0.000,0.000,0.00
1777904753,loop19,0.00,0.00,0.000,0.000,0.00
1777904753,loop2,0.00,0.00,0.000,0.000,0.00
1777904753,loop20,0.00,0.00,0.000,0.000,0.00
1777904753,loop21,0.00,0.00,0.000,0.000,0.00
1777904753,loop22,0.00,0.00,0.000,0.000,0.00
1777904753,loop23,0.00,0.00,0.000,0.000,0.00
1777904753,loop24,0.00,0.00,0.000,0.000,0.00
1777904753,loop25,0.00,0.00,0.000,0.000,0.00
1777904753,loop26,0.00,0.00,0.000,0.000,0.00
1777904753,loop27,0.00,0.00,0.000,0.000,0.00
1777904753,loop28,0.00,0.00,0.000,0.000,0.00
1777904753,loop29,0.00,0.00,0.000,0.000,0.00
1777904753,loop3,0.00,0.00,0.000,0.000,0.00
1777904753,loop30,0.00,0.00,0.000,0.000,0.00
1777904753,loop31,0.00,0.00,0.000,0.000,0.00
1777904753,loop32,0.00,0.00,0.000,0.000,0.00
1777904753,loop33,0.00,0.00,0.000,0.000,0.00
1777904753,loop34,0.00,0.00,0.000,0.000,0.00
1777904753,loop35,0.00,0.00,0.000,0.000,0.00
1777904753,loop36,0.00,0.00,0.000,0.000,0.00
1777904753,loop37,0.00,0.00,0.000,0.000,0.00
1777904753,loop38,0.00,0.00,0.000,0.000,0.00
1777904753,loop39,0.00,0.00,0.000,0.000,0.00
1777904753,loop4,0.00,0.00,0.000,0.000,0.00
1777904753,loop40,0.00,0.00,0.000,0.000,0.00
1777904753,loop5,0.00,0.00,0.000,0.000,0.00
1777904753,loop6,0.00,0.00,0.000,0.000,0.00
1777904753,loop7,0.00,0.00,0.000,0.000,0.00
1777904753,loop8,0.00,0.00,0.000,0.000,0.00
1777904753,loop9,0.00,0.00,0.000,0.000,0.00
1777904753,nvme0n1,0.00,0.00,0.000,0.000,0.00
1777904754,loop0,0.00,0.00,0.000,0.000,0.00
1777904754,loop1,0.00,0.00,0.000,0.000,0.00
1777904754,loop10,0.00,0.00,0.000,0.000,0.00
1777904754,loop11,0.00,0.00,0.000,0.000,0.00
1777904754,loop12,0.00,0.00,0.000,0.000,0.00
1777904754,loop13,0.00,0.00,0.000,0.000,0.00
1777904754,loop14,0.00,0.00,0.000,0.000,0.00
1777904754,loop15,0.00,0.00,0.000,0.000,0.00
1777904754,loop16,0.00,0.00,0.000,0.000,0.00
1777904754,loop17,0.00,0.00,0.000,0.000,0.00
1777904754,loop18,0.00,0.00,0.000,0.000,0.00
1777904754,loop19,0.00,0.00,0.000,0.000,0.00
1777904754,loop2,0.00,0.00,0.000,0.000,0.00
1777904754,loop20,0.00,0.00,0.000,0.000,0.00
1777904754,loop21,0.00,0.00,0.000,0.000,0.00
1777904754,loop22,0.00,0.00,0.000,0.000,0.00
1777904754,loop23,0.00,0.00,0.000,0.000,0.00
1777904754,loop24,0.00,0.00,0.000,0.000,0.00
1777904754,loop25,0.00,0.00,0.000,0.000,0.00
1777904754,loop26,0.00,0.00,0.000,0.000,0.00
1777904754,loop27,0.00,0.00,0.000,0.000,0.00
1777904754,loop28,0.00,0.00,0.000,0.000,0.00
1777904754,loop29,0.00,0.00,0.000,0.000,0.00
1777904754,loop3,0.00,0.00,0.000,0.000,0.00
1777904754,loop30,0.00,0.00,0.000,0.000,0.00
1777904754,loop31,0.00,0.00,0.000,0.000,0.00
1777904754,loop32,0.00,0.00,0.000,0.000,0.00
1777904754,loop33,0.00,0.00,0.000,0.000,0.00
1777904754,loop34,0.00,0.00,0.000,0.000,0.00
1777904754,loop35,0.00,0.00,0.000,0.000,0.00
1777904754,loop36,0.00,0.00,0.000,0.000,0.00
1777904754,loop37,0.00,0.00,0.000,0.000,0.00
1777904754,loop38,0.00,0.00,0.000,0.000,0.00
1777904754,loop39,0.00,0.00,0.000,0.000,0.00
1777904754,loop4,0.00,0.00,0.000,0.000,0.00
1777904754,loop40,0.00,0.00,0.000,0.000,0.00
1777904754,loop5,0.00,0.00,0.000,0.000,0.00
1777904754,loop6,0.00,0.00,0.000,0.000,0.00
1777904754,loop7,0.00,0.00,0.000,0.000,0.00
1777904754,loop8,0.00,0.00,0.000,0.000,0.00
1777904754,loop9,0.00,0.00,0.000,0.000,0.00
1777904754,nvme0n1,1.00,4.00,0.000,0.000,3.00
1777904755,loop0,0.00,0.00,0.000,0.000,0.00
1777904755,loop1,0.00,0.00,0.000,0.000,0.00
1777904755,loop10,0.00,0.00,0.000,0.000,0.00
1777904755,loop11,0.00,0.00,0.000,0.000,0.00
1777904755,loop12,0.00,0.00,0.000,0.000,0.00
1777904755,loop13,0.00,0.00,0.000,0.000,0.00
1777904755,loop14,0.00,0.00,0.000,0.000,0.00
1777904755,loop15,0.00,0.00,0.000,0.000,0.00
1777904755,loop16,0.00,0.00,0.000,0.000,0.00
1777904755,loop17,0.00,0.00,0.000,0.000,0.00
1777904755,loop18,0.00,0.00,0.000,0.000,0.00
1777904755,loop19,0.00,0.00,0.000,0.000,0.00
1777904755,loop2,0.00,0.00,0.000,0.000,0.00
1777904755,loop20,0.00,0.00,0.000,0.000,0.00
1777904755,loop21,0.00,0.00,0.000,0.000,0.00
1777904755,loop22,0.00,0.00,0.000,0.000,0.00
1777904755,loop23,0.00,0.00,0.000,0.000,0.00
1777904755,loop24,0.00,0.00,0.000,0.000,0.00
1777904755,loop25,0.00,0.00,0.000,0.000,0.00
1777904755,loop26,0.00,0.00,0.000,0.000,0.00
1777904755,loop27,0.00,0.00,0.000,0.000,0.00
1777904755,loop28,0.00,0.00,0.000,0.000,0.00
1777904755,loop29,0.00,0.00,0.000,0.000,0.00
1777904755,loop3,0.00,0.00,0.000,0.000,0.00
1777904755,loop30,0.00,0.00,0.000,0.000,0.00
1777904755,loop31,0.00,0.00,0.000,0.000,0.00
1777904755,loop32,0.00,0.00,0.000,0.000,0.00
1777904755,loop33,0.00,0.00,0.000,0.000,0.00
1777904755,loop34,0.00,0.00,0.000,0.000,0.00
1777904755,loop35,0.00,0.00,0.000,0.000,0.00
1777904755,loop36,0.00,0.00,0.000,0.000,0.00
1777904755,loop37,0.00,0.00,0.000,0.000,0.00
1777904755,loop38,0.00,0.00,0.000,0.000,0.00
1777904755,loop39,0.00,0.00,0.000,0.000,0.00
1777904755,loop4,0.00,0.00,0.000,0.000,0.00
1777904755,loop40,0.00,0.00,0.000,0.000,0.00
1777904755,loop5,0.00,0.00,0.000,0.000,0.00
1777904755,loop6,0.00,0.00,0.000,0.000,0.00
1777904755,loop7,0.00,0.00,0.000,0.000,0.00
1777904755,loop8,0.00,0.00,0.000,0.000,0.00
1777904755,loop9,0.00,0.00,0.000,0.000,0.00
1777904755,nvme0n1,0.00,0.00,0.000,0.000,0.50
1777904756,loop0,0.00,0.00,0.000,0.000,0.00
1777904756,loop1,0.00,0.00,0.000,0.000,0.00
1777904756,loop10,0.00,0.00,0.000,0.000,0.00
1777904756,loop11,0.00,0.00,0.000,0.000,0.00
1777904756,loop12,0.00,0.00,0.000,0.000,0.00
1777904756,loop13,0.00,0.00,0.000,0.000,0.00
1777904756,loop14,0.00,0.00,0.000,0.000,0.00
1777904756,loop15,0.00,0.00,0.000,0.000,0.00
1777904756,loop16,0.00,0.00,0.000,0.000,0.00
1777904756,loop17,0.00,0.00,0.000,0.000,0.00
1777904756,loop18,0.00,0.00,0.000,0.000,0.00
1777904756,loop19,0.00,0.00,0.000,0.000,0.00
1777904756,loop2,0.00,0.00,0.000,0.000,0.00
1777904756,loop20,0.00,0.00,0.000,0.000,0.00
1777904756,loop21,0.00,0.00,0.000,0.000,0.00
1777904756,loop22,0.00,0.00,0.000,0.000,0.00
1777904756,loop23,0.00,0.00,0.000,0.000,0.00
1777904756,loop24,0.00,0.00,0.000,0.000,0.00
1777904756,loop25,0.00,0.00,0.000,0.000,0.00
1777904756,loop26,0.00,0.00,0.000,0.000,0.00
1777904756,loop27,0.00,0.00,0.000,0.000,0.00
1777904756,loop28,0.00,0.00,0.000,0.000,0.00
1777904756,loop29,0.00,0.00,0.000,0.000,0.00
1777904756,loop3,0.00,0.00,0.000,0.000,0.00
1777904756,loop30,0.00,0.00,0.000,0.000,0.00
1777904756,loop31,0.00,0.00,0.000,0.000,0.00
1777904756,loop32,0.00,0.00,0.000,0.000,0.00
1777904756,loop33,0.00,0.00,0.000,0.000,0.00
1777904756,loop34,0.00,0.00,0.000,0.000,0.00
1777904756,loop35,0.00,0.00,0.000,0.000,0.00
1777904756,loop36,0.00,0.00,0.000,0.000,0.00
1777904756,loop37,0.00,0.00,0.000,0.000,0.00
1777904756,loop38,0.00,0.00,0.000,0.000,0.00
1777904756,loop39,0.00,0.00,0.000,0.000,0.00
1777904756,loop4,0.00,0.00,0.000,0.000,0.00
1777904756,loop40,0.00,0.00,0.000,0.000,0.00
1777904756,loop5,0.00,0.00,0.000,0.000,0.00
1777904756,loop6,0.00,0.00,0.000,0.000,0.00
1777904756,loop7,0.00,0.00,0.000,0.000,0.00
1777904756,loop8,0.00,0.00,0.000,0.000,0.00
1777904756,loop9,0.00,0.00,0.000,0.000,0.00
1777904756,nvme0n1,0.00,0.00,0.000,0.000,0.00
1777904757,loop0,0.00,0.00,0.000,0.000,0.00
1777904757,loop1,0.00,0.00,0.000,0.000,0.00
1777904757,loop10,0.00,0.00,0.000,0.000,0.00
1777904757,loop11,0.00,0.00,0.000,0.000,0.00
1777904757,loop12,0.00,0.00,0.000,0.000,0.00
1777904757,loop13,0.00,0.00,0.000,0.000,0.00
1777904757,loop14,0.00,0.00,0.000,0.000,0.00
1777904757,loop15,0.00,0.00,0.000,0.000,0.00
1777904757,loop16,0.00,0.00,0.000,0.000,0.00
1777904757,loop17,0.00,0.00,0.000,0.000,0.00
1777904757,loop18,0.00,0.00,0.000,0.000,0.00
1777904757,loop19,0.00,0.00,0.000,0.000,0.00
1777904757,loop2,0.00,0.00,0.000,0.000,0.00
1777904757,loop20,0.00,0.00,0.000,0.000,0.00
1777904757,loop21,0.00,0.00,0.000,0.000,0.00
1777904757,loop22,0.00,0.00,0.000,0.000,0.00
1777904757,loop23,0.00,0.00,0.000,0.000,0.00
1777904757,loop24,0.00,0.00,0.000,0.000,0.00
1777904757,loop25,0.00,0.00,0.000,0.000,0.00
1777904757,loop26,0.00,0.00,0.000,0.000,0.00
1777904757,loop27,0.00,0.00,0.000,0.000,0.00
1777904757,loop28,0.00,0.00,0.000,0.000,0.00
1777904757,loop29,0.00,0.00,0.000,0.000,0.00
1777904757,loop3,0.00,0.00,0.000,0.000,0.00
1777904757,loop30,0.00,0.00,0.000,0.000,0.00
1777904757,loop31,0.00,0.00,0.000,0.000,0.00
1777904757,loop32,0.00,0.00,0.000,0.000,0.00
1777904757,loop33,0.00,0.00,0.000,0.000,0.00
1777904757,loop34,0.00,0.00,0.000,0.000,0.00
1777904757,loop35,0.00,0.00,0.000,0.000,0.00
1777904757,loop36,0.00,0.00,0.000,0.000,0.00
1777904757,loop37,0.00,0.00,0.000,0.000,0.00
1777904757,loop38,0.00,0.00,0.000,0.000,0.00
1777904757,loop39,0.00,0.00,0.000,0.000,0.00
1777904757,loop4,0.00,0.00,0.000,0.000,0.00
1777904757,loop40,0.00,0.00,0.000,0.000,0.00
1777904757,loop5,0.00,0.00,0.000,0.000,0.00
1777904757,loop6,0.00,0.00,0.000,0.000,0.00
1777904757,loop7,0.00,0.00,0.000,0.000,0.00
1777904757,loop8,0.00,0.00,0.000,0.000,0.00
1777904757,loop9,0.00,0.00,0.000,0.000,0.00
1777904757,nvme0n1,135.00,584.00,0.011,0.007,6.30
1777904758,loop0,0.00,0.00,0.000,0.000,0.00
1777904758,loop1,0.00,0.00,0.000,0.000,0.00
1777904758,loop10,0.00,0.00,0.000,0.000,0.00
1777904758,loop11,0.00,0.00,0.000,0.000,0.00
1777904758,loop12,0.00,0.00,0.000,0.000,0.00
1777904758,loop13,0.00,0.00,0.000,0.000,0.00
1777904758,loop14,0.00,0.00,0.000,0.000,0.00
1777904758,loop15,0.00,0.00,0.000,0.000,0.00
1777904758,loop16,0.00,0.00,0.000,0.000,0.00
1777904758,loop17,0.00,0.00,0.000,0.000,0.00
1777904758,loop18,0.00,0.00,0.000,0.000,0.00
1777904758,loop19,0.00,0.00,0.000,0.000,0.00
1777904758,loop2,0.00,0.00,0.000,0.000,0.00
1777904758,loop20,0.00,0.00,0.000,0.000,0.00
1777904758,loop21,0.00,0.00,0.000,0.000,0.00
1777904758,loop22,0.00,0.00,0.000,0.000,0.00
1777904758,loop23,0.00,0.00,0.000,0.000,0.00
1777904758,loop24,0.00,0.00,0.000,0.000,0.00
1777904758,loop25,0.00,0.00,0.000,0.000,0.00
1777904758,loop26,0.00,0.00,0.000,0.000,0.00
1777904758,loop27,0.00,0.00,0.000,0.000,0.00
1777904758,loop28,0.00,0.00,0.000,0.000,0.00
1777904758,loop29,0.00,0.00,0.000,0.000,0.00
1777904758,loop3,0.00,0.00,0.000,0.000,0.00
1777904758,loop30,0.00,0.00,0.000,0.000,0.00
1777904758,loop31,0.00,0.00,0.000,0.000,0.00
1777904758,loop32,0.00,0.00,0.000,0.000,0.00
1777904758,loop33,0.00,0.00,0.000,0.000,0.00
1777904758,loop34,0.00,0.00,0.000,0.000,0.00
1777904758,loop35,0.00,0.00,0.000,0.000,0.00
1777904758,loop36,0.00,0.00,0.000,0.000,0.00
1777904758,loop37,0.00,0.00,0.000,0.000,0.00
1777904758,loop38,0.00,0.00,0.000,0.000,0.00
1777904758,loop39,0.00,0.00,0.000,0.000,0.00
1777904758,loop4,0.00,0.00,0.000,0.000,0.00
1777904758,loop40,0.00,0.00,0.000,0.000,0.00
1777904758,loop5,0.00,0.00,0.000,0.000,0.00
1777904758,loop6,0.00,0.00,0.000,0.000,0.00
1777904758,loop7,0.00,0.00,0.000,0.000,0.00
1777904758,loop8,0.00,0.00,0.000,0.000,0.00
1777904758,loop9,0.00,0.00,0.000,0.000,0.00
1777904758,nvme0n1,2.00,8.00,0.000,0.000,0.10
1777904759,loop0,0.00,0.00,0.000,0.000,0.00
1777904759,loop1,0.00,0.00,0.000,0.000,0.00
1777904759,loop10,0.00,0.00,0.000,0.000,0.00
1777904759,loop11,0.00,0.00,0.000,0.000,0.00
1777904759,loop12,0.00,0.00,0.000,0.000,0.00
1777904759,loop13,0.00,0.00,0.000,0.000,0.00
1777904759,loop14,0.00,0.00,0.000,0.000,0.00
1777904759,loop15,0.00,0.00,0.000,0.000,0.00
1777904759,loop16,0.00,0.00,0.000,0.000,0.00
1777904759,loop17,0.00,0.00,0.000,0.000,0.00
1777904759,loop18,0.00,0.00,0.000,0.000,0.00
1777904759,loop19,0.00,0.00,0.000,0.000,0.00
1777904759,loop2,0.00,0.00,0.000,0.000,0.00
1777904759,loop20,0.00,0.00,0.000,0.000,0.00
1777904759,loop21,0.00,0.00,0.000,0.000,0.00
1777904759,loop22,0.00,0.00,0.000,0.000,0.00
1777904759,loop23,0.00,0.00,0.000,0.000,0.00
1777904759,loop24,0.00,0.00,0.000,0.000,0.00
1777904759,loop25,0.00,0.00,0.000,0.000,0.00
1777904759,loop26,0.00,0.00,0.000,0.000,0.00
1777904759,loop27,0.00,0.00,0.000,0.000,0.00
1777904759,loop28,0.00,0.00,0.000,0.000,0.00
1777904759,loop29,0.00,0.00,0.000,0.000,0.00
1777904759,loop3,0.00,0.00,0.000,0.000,0.00
1777904759,loop30,0.00,0.00,0.000,0.000,0.00
1777904759,loop31,0.00,0.00,0.000,0.000,0.00
1777904759,loop32,0.00,0.00,0.000,0.000,0.00
1777904759,loop33,0.00,0.00,0.000,0.000,0.00
1777904759,loop34,0.00,0.00,0.000,0.000,0.00
1777904759,loop35,0.00,0.00,0.000,0.000,0.00
1777904759,loop36,0.00,0.00,0.000,0.000,0.00
1777904759,loop37,0.00,0.00,0.000,0.000,0.00
1777904759,loop38,0.00,0.00,0.000,0.000,0.00
1777904759,loop39,0.00,0.00,0.000,0.000,0.00
1777904759,loop4,0.00,0.00,0.000,0.000,0.00
1777904759,loop40,0.00,0.00,0.000,0.000,0.00
1777904759,loop5,0.00,0.00,0.000,0.000,0.00
1777904759,loop6,0.00,0.00,0.000,0.000,0.00
1777904759,loop7,0.00,0.00,0.000,0.000,0.00
1777904759,loop8,0.00,0.00,0.000,0.000,0.00
1777904759,loop9,0.00,0.00,0.000,0.000,0.00
1777904759,nvme0n1,0.00,0.00,0.000,0.000,0.00
1777904760,loop0,0.00,0.00,0.000,0.000,0.00
1777904760,loop1,0.00,0.00,0.000,0.000,0.00
1777904760,loop10,0.00,0.00,0.000,0.000,0.00
1777904760,loop11,0.00,0.00,0.000,0.000,0.00
1777904760,loop12,0.00,0.00,0.000,0.000,0.00
1777904760,loop13,0.00,0.00,0.000,0.000,0.00
1777904760,loop14,0.00,0.00,0.000,0.000,0.00
1777904760,loop15,0.00,0.00,0.000,0.000,0.00
1777904760,loop16,0.00,0.00,0.000,0.000,0.00
1777904760,loop17,0.00,0.00,0.000,0.000,0.00
1777904760,loop18,0.00,0.00,0.000,0.000,0.00
1777904760,loop19,0.00,0.00,0.000,0.000,0.00
1777904760,loop2,0.00,0.00,0.000,0.000,0.00
1777904760,loop20,0.00,0.00,0.000,0.000,0.00
1777904760,loop21,0.00,0.00,0.000,0.000,0.00
1777904760,loop22,0.00,0.00,0.000,0.000,0.00
1777904760,loop23,0.00,0.00,0.000,0.000,0.00
1777904760,loop24,0.00,0.00,0.000,0.000,0.00
1777904760,loop25,0.00,0.00,0.000,0.000,0.00
1777904760,loop26,0.00,0.00,0.000,0.000,0.00
1777904760,loop27,0.00,0.00,0.000,0.000,0.00
1777904760,loop28,0.00,0.00,0.000,0.000,0.00
1777904760,loop29,0.00,0.00,0.000,0.000,0.00
1777904760,loop3,0.00,0.00,0.000,0.000,0.00
1777904760,loop30,0.00,0.00,0.000,0.000,0.00
1777904760,loop31,0.00,0.00,0.000,0.000,0.00
1777904760,loop32,0.00,0.00,0.000,0.000,0.00
1777904760,loop33,0.00,0.00,0.000,0.000,0.00
1777904760,loop34,0.00,0.00,0.000,0.000,0.00
1777904760,loop35,0.00,0.00,0.000,0.000,0.00
1777904760,loop36,0.00,0.00,0.000,0.000,0.00
1777904760,loop37,0.00,0.00,0.000,0.000,0.00
1777904760,loop38,0.00,0.00,0.000,0.000,0.00
1777904760,loop39,0.00,0.00,0.000,0.000,0.00
1777904760,loop4,0.00,0.00,0.000,0.000,0.00
1777904760,loop40,0.00,0.00,0.000,0.000,0.00
1777904760,loop5,0.00,0.00,0.000,0.000,0.00
1777904760,loop6,0.00,0.00,0.000,0.000,0.00
1777904760,loop7,0.00,0.00,0.000,0.000,0.00
1777904760,loop8,0.00,0.00,0.000,0.000,0.00
1777904760,loop9,0.00,0.00,0.000,0.000,0.00
1777904760,nvme0n1,3.00,12.00,0.000,0.000,2.90
1777904761,loop0,0.00,0.00,0.000,0.000,0.00
1777904761,loop1,0.00,0.00,0.000,0.000,0.00
1777904761,loop10,0.00,0.00,0.000,0.000,0.00
1777904761,loop11,0.00,0.00,0.000,0.000,0.00
1777904761,loop12,0.00,0.00,0.000,0.000,0.00
1777904761,loop13,0.00,0.00,0.000,0.000,0.00
1777904761,loop14,0.00,0.00,0.000,0.000,0.00
1777904761,loop15,0.00,0.00,0.000,0.000,0.00
1777904761,loop16,0.00,0.00,0.000,0.000,0.00
1777904761,loop17,0.00,0.00,0.000,0.000,0.00
1777904761,loop18,0.00,0.00,0.000,0.000,0.00
1777904761,loop19,0.00,0.00,0.000,0.000,0.00
1777904761,loop2,0.00,0.00,0.000,0.000,0.00
1777904761,loop20,0.00,0.00,0.000,0.000,0.00
1777904761,loop21,0.00,0.00,0.000,0.000,0.00
1777904761,loop22,0.00,0.00,0.000,0.000,0.00
1777904761,loop23,0.00,0.00,0.000,0.000,0.00
1777904761,loop24,0.00,0.00,0.000,0.000,0.00
1777904761,loop25,0.00,0.00,0.000,0.000,0.00
1777904761,loop26,0.00,0.00,0.000,0.000,0.00
1777904761,loop27,0.00,0.00,0.000,0.000,0.00
1777904761,loop28,0.00,0.00,0.000,0.000,0.00
1777904761,loop29,0.00,0.00,0.000,0.000,0.00
1777904761,loop3,0.00,0.00,0.000,0.000,0.00
1777904761,loop30,0.00,0.00,0.000,0.000,0.00
1777904761,loop31,0.00,0.00,0.000,0.000,0.00
1777904761,loop32,0.00,0.00,0.000,0.000,0.00
1777904761,loop33,0.00,0.00,0.000,0.000,0.00
1777904761,loop34,0.00,0.00,0.000,0.000,0.00
1777904761,loop35,0.00,0.00,0.000,0.000,0.00
1777904761,loop36,0.00,0.00,0.000,0.000,0.00
1777904761,loop37,0.00,0.00,0.000,0.000,0.00
1777904761,loop38,2.00,78.00,0.000,0.000,0.10
1777904761,loop39,0.00,0.00,0.000,0.000,0.00
1777904761,loop4,0.00,0.00,0.000,0.000,0.00
1777904761,loop40,0.00,0.00,0.000,0.000,0.00
1777904761,loop5,0.00,0.00,0.000,0.000,0.00
1777904761,loop6,0.00,0.00,0.000,0.000,0.00
1777904761,loop7,0.00,0.00,0.000,0.000,0.00
1777904761,loop8,0.00,0.00,0.000,0.000,0.00
1777904761,loop9,0.00,0.00,0.000,0.000,0.00
1777904761,nvme0n1,2.00,44.00,0.000,0.000,1.00
1777904762,loop0,0.00,0.00,0.000,0.000,0.00
1777904762,loop1,0.00,0.00,0.000,0.000,0.00
1777904762,loop10,0.00,0.00,0.000,0.000,0.00
1777904762,loop11,0.00,0.00,0.000,0.000,0.00
1777904762,loop12,0.00,0.00,0.000,0.000,0.00
1777904762,loop13,0.00,0.00,0.000,0.000,0.00
1777904762,loop14,0.00,0.00,0.000,0.000,0.00
1777904762,loop15,0.00,0.00,0.000,0.000,0.00
1777904762,loop16,0.00,0.00,0.000,0.000,0.00
1777904762,loop17,0.00,0.00,0.000,0.000,0.00
1777904762,loop18,0.00,0.00,0.000,0.000,0.00
1777904762,loop19,0.00,0.00,0.000,0.000,0.00
1777904762,loop2,0.00,0.00,0.000,0.000,0.00
1777904762,loop20,0.00,0.00,0.000,0.000,0.00
1777904762,loop21,0.00,0.00,0.000,0.000,0.00
1777904762,loop22,0.00,0.00,0.000,0.000,0.00
1777904762,loop23,0.00,0.00,0.000,0.000,0.00
1777904762,loop24,0.00,0.00,0.000,0.000,0.00
1777904762,loop25,0.00,0.00,0.000,0.000,0.00
1777904762,loop26,0.00,0.00,0.000,0.000,0.00
1777904762,loop27,0.00,0.00,0.000,0.000,0.00
1777904762,loop28,0.00,0.00,0.000,0.000,0.00
1777904762,loop29,0.00,0.00,0.000,0.000,0.00
1777904762,loop3,0.00,0.00,0.000,0.000,0.00
1777904762,loop30,0.00,0.00,0.000,0.000,0.00
1777904762,loop31,0.00,0.00,0.000,0.000,0.00
1777904762,loop32,0.00,0.00,0.000,0.000,0.00
1777904762,loop33,0.00,0.00,0.000,0.000,0.00
1777904762,loop34,0.00,0.00,0.000,0.000,0.00
1777904762,loop35,0.00,0.00,0.000,0.000,0.00
1777904762,loop36,0.00,0.00,0.000,0.000,0.00
1777904762,loop37,0.00,0.00,0.000,0.000,0.00
1777904762,loop38,0.00,0.00,0.000,0.000,0.00
1777904762,loop39,0.00,0.00,0.000,0.000,0.00
1777904762,loop4,0.00,0.00,0.000,0.000,0.00
1777904762,loop40,0.00,0.00,0.000,0.000,0.00
1777904762,loop5,0.00,0.00,0.000,0.000,0.00
1777904762,loop6,0.00,0.00,0.000,0.000,0.00
1777904762,loop7,0.00,0.00,0.000,0.000,0.00
1777904762,loop8,0.00,0.00,0.000,0.000,0.00
1777904762,loop9,0.00,0.00,0.000,0.000,0.00
1777904762,nvme0n1,1.00,8.00,0.001,0.049,0.20
1777904763,loop0,0.00,0.00,0.000,0.000,0.00
1777904763,loop1,0.00,0.00,0.000,0.000,0.00
1777904763,loop10,0.00,0.00,0.000,0.000,0.00
1777904763,loop11,0.00,0.00,0.000,0.000,0.00
1777904763,loop12,0.00,0.00,0.000,0.000,0.00
1777904763,loop13,0.00,0.00,0.000,0.000,0.00
1777904763,loop14,0.00,0.00,0.000,0.000,0.00
1777904763,loop15,0.00,0.00,0.000,0.000,0.00
1777904763,loop16,0.00,0.00,0.000,0.000,0.00
1777904763,loop17,0.00,0.00,0.000,0.000,0.00
1777904763,loop18,0.00,0.00,0.000,0.000,0.00
1777904763,loop19,0.00,0.00,0.000,0.000,0.00
1777904763,loop2,0.00,0.00,0.000,0.000,0.00
1777904763,loop20,0.00,0.00,0.000,0.000,0.00
1777904763,loop21,0.00,0.00,0.000,0.000,0.00
1777904763,loop22,0.00,0.00,0.000,0.000,0.00
1777904763,loop23,0.00,0.00,0.000,0.000,0.00
1777904763,loop24,0.00,0.00,0.000,0.000,0.00
1777904763,loop25,0.00,0.00,0.000,0.000,0.00
1777904763,loop26,0.00,0.00,0.000,0.000,0.00
1777904763,loop27,0.00,0.00,0.000,0.000,0.00
1777904763,loop28,0.00,0.00,0.000,0.000,0.00
1777904763,loop29,0.00,0.00,0.000,0.000,0.00
1777904763,loop3,0.00,0.00,0.000,0.000,0.00
1777904763,loop30,0.00,0.00,0.000,0.000,0.00
1777904763,loop31,0.00,0.00,0.000,0.000,0.00
1777904763,loop32,0.00,0.00,0.000,0.000,0.00
1777904763,loop33,0.00,0.00,0.000,0.000,0.00
1777904763,loop34,0.00,0.00,0.000,0.000,0.00
1777904763,loop35,0.00,0.00,0.000,0.000,0.00
1777904763,loop36,0.00,0.00,0.000,0.000,0.00
1777904763,loop37,0.00,0.00,0.000,0.000,0.00
1777904763,loop38,0.00,0.00,0.000,0.000,0.00
1777904763,loop39,0.00,0.00,0.000,0.000,0.00
1777904763,loop4,0.00,0.00,0.000,0.000,0.00
1777904763,loop40,0.00,0.00,0.000,0.000,0.00
1777904763,loop5,0.00,0.00,0.000,0.000,0.00
1777904763,loop6,0.00,0.00,0.000,0.000,0.00
1777904763,loop7,0.00,0.00,0.000,0.000,0.00
1777904763,loop8,0.00,0.00,0.000,0.000,0.00
1777904763,loop9,0.00,0.00,0.000,0.000,0.00
1777904763,nvme0n1,0.00,0.00,0.000,0.000,1.40
1777904764,loop0,0.00,0.00,0.000,0.000,0.00
1777904764,loop1,0.00,0.00,0.000,0.000,0.00
1777904764,loop10,0.00,0.00,0.000,0.000,0.00
1777904764,loop11,0.00,0.00,0.000,0.000,0.00
1777904764,loop12,0.00,0.00,0.000,0.000,0.00
1777904764,loop13,0.00,0.00,0.000,0.000,0.00
1777904764,loop14,0.00,0.00,0.000,0.000,0.00
1777904764,loop15,0.00,0.00,0.000,0.000,0.00
1777904764,loop16,0.00,0.00,0.000,0.000,0.00
1777904764,loop17,0.00,0.00,0.000,0.000,0.00
1777904764,loop18,0.00,0.00,0.000,0.000,0.00
1777904764,loop19,0.00,0.00,0.000,0.000,0.00
1777904764,loop2,0.00,0.00,0.000,0.000,0.00
1777904764,loop20,0.00,0.00,0.000,0.000,0.00
1777904764,loop21,0.00,0.00,0.000,0.000,0.00
1777904764,loop22,0.00,0.00,0.000,0.000,0.00
1777904764,loop23,0.00,0.00,0.000,0.000,0.00
1777904764,loop24,0.00,0.00,0.000,0.000,0.00
1777904764,loop25,0.00,0.00,0.000,0.000,0.00
1777904764,loop26,0.00,0.00,0.000,0.000,0.00
1777904764,loop27,0.00,0.00,0.000,0.000,0.00
1777904764,loop28,0.00,0.00,0.000,0.000,0.00
1777904764,loop29,0.00,0.00,0.000,0.000,0.00
1777904764,loop3,0.00,0.00,0.000,0.000,0.00
1777904764,loop30,0.00,0.00,0.000,0.000,0.00
1777904764,loop31,0.00,0.00,0.000,0.000,0.00
1777904764,loop32,0.00,0.00,0.000,0.000,0.00
1777904764,loop33,0.00,0.00,0.000,0.000,0.00
1777904764,loop34,0.00,0.00,0.000,0.000,0.00
1777904764,loop35,0.00,0.00,0.000,0.000,0.00
1777904764,loop36,0.00,0.00,0.000,0.000,0.00
1777904764,loop37,0.00,0.00,0.000,0.000,0.00
1777904764,loop38,0.00,0.00,0.000,0.000,0.00
1777904764,loop39,0.00,0.00,0.000,0.000,0.00
1777904764,loop4,0.00,0.00,0.000,0.000,0.00
1777904764,loop40,0.00,0.00,0.000,0.000,0.00
1777904764,loop5,0.00,0.00,0.000,0.000,0.00
1777904764,loop6,0.00,0.00,0.000,0.000,0.00
1777904764,loop7,0.00,0.00,0.000,0.000,0.00
1777904764,loop8,0.00,0.00,0.000,0.000,0.00
1777904764,loop9,0.00,0.00,0.000,0.000,0.00
1777904764,nvme0n1,0.00,0.00,0.000,0.000,0.50
1777904765,loop0,0.00,0.00,0.000,0.000,0.00
1777904765,loop1,0.00,0.00,0.000,0.000,0.00
1777904765,loop10,0.00,0.00,0.000,0.000,0.00
1777904765,loop11,0.00,0.00,0.000,0.000,0.00
1777904765,loop12,0.00,0.00,0.000,0.000,0.00
1777904765,loop13,0.00,0.00,0.000,0.000,0.00
1777904765,loop14,0.00,0.00,0.000,0.000,0.00
1777904765,loop15,0.00,0.00,0.000,0.000,0.00
1777904765,loop16,0.00,0.00,0.000,0.000,0.00
1777904765,loop17,0.00,0.00,0.000,0.000,0.00
1777904765,loop18,0.00,0.00,0.000,0.000,0.00
1777904765,loop19,0.00,0.00,0.000,0.000,0.00
1777904765,loop2,0.00,0.00,0.000,0.000,0.00
1777904765,loop20,0.00,0.00,0.000,0.000,0.00
1777904765,loop21,0.00,0.00,0.000,0.000,0.00
1777904765,loop22,0.00,0.00,0.000,0.000,0.00
1777904765,loop23,0.00,0.00,0.000,0.000,0.00
1777904765,loop24,0.00,0.00,0.000,0.000,0.00
1777904765,loop25,0.00,0.00,0.000,0.000,0.00
1777904765,loop26,0.00,0.00,0.000,0.000,0.00
1777904765,loop27,0.00,0.00,0.000,0.000,0.00
1777904765,loop28,0.00,0.00,0.000,0.000,0.00
1777904765,loop29,0.00,0.00,0.000,0.000,0.00
1777904765,loop3,0.00,0.00,0.000,0.000,0.00
1777904765,loop30,0.00,0.00,0.000,0.000,0.00
1777904765,loop31,0.00,0.00,0.000,0.000,0.00
1777904765,loop32,0.00,0.00,0.000,0.000,0.00
1777904765,loop33,0.00,0.00,0.000,0.000,0.00
1777904765,loop34,0.00,0.00,0.000,0.000,0.00
1777904765,loop35,0.00,0.00,0.000,0.000,0.00
1777904765,loop36,0.00,0.00,0.000,0.000,0.00
1777904765,loop37,0.00,0.00,0.000,0.000,0.00
1777904765,loop38,0.00,0.00,0.000,0.000,0.00
1777904765,loop39,0.00,0.00,0.000,0.000,0.00
1777904765,loop4,0.00,0.00,0.000,0.000,0.00
1777904765,loop40,0.00,0.00,0.000,0.000,0.00
1777904765,loop5,0.00,0.00,0.000,0.000,0.00
1777904765,loop6,0.00,0.00,0.000,0.000,0.00
1777904765,loop7,0.00,0.00,0.000,0.000,0.00
1777904765,loop8,0.00,0.00,0.000,0.000,0.00
1777904765,loop9,0.00,0.00,0.000,0.000,0.00
1777904765,nvme0n1,8.00,52.00,0.005,0.038,1.30
1777904766,loop0,0.00,0.00,0.000,0.000,0.00
1777904766,loop1,0.00,0.00,0.000,0.000,0.00
1777904766,loop10,0.00,0.00,0.000,0.000,0.00
1777904766,loop11,0.00,0.00,0.000,0.000,0.00
1777904766,loop12,0.00,0.00,0.000,0.000,0.00
1777904766,loop13,0.00,0.00,0.000,0.000,0.00
1777904766,loop14,0.00,0.00,0.000,0.000,0.00
1777904766,loop15,0.00,0.00,0.000,0.000,0.00
1777904766,loop16,0.00,0.00,0.000,0.000,0.00
1777904766,loop17,0.00,0.00,0.000,0.000,0.00
1777904766,loop18,0.00,0.00,0.000,0.000,0.00
1777904766,loop19,0.00,0.00,0.000,0.000,0.00
1777904766,loop2,0.00,0.00,0.000,0.000,0.00
1777904766,loop20,0.00,0.00,0.000,0.000,0.00
1777904766,loop21,0.00,0.00,0.000,0.000,0.00
1777904766,loop22,0.00,0.00,0.000,0.000,0.00
1777904766,loop23,0.00,0.00,0.000,0.000,0.00
1777904766,loop24,0.00,0.00,0.000,0.000,0.00
1777904766,loop25,0.00,0.00,0.000,0.000,0.00
1777904766,loop26,0.00,0.00,0.000,0.000,0.00
1777904766,loop27,0.00,0.00,0.000,0.000,0.00
1777904766,loop28,0.00,0.00,0.000,0.000,0.00
1777904766,loop29,0.00,0.00,0.000,0.000,0.00
1777904766,loop3,0.00,0.00,0.000,0.000,0.00
1777904766,loop30,0.00,0.00,0.000,0.000,0.00
1777904766,loop31,0.00,0.00,0.000,0.000,0.00
1777904766,loop32,0.00,0.00,0.000,0.000,0.00
1777904766,loop33,0.00,0.00,0.000,0.000,0.00
1777904766,loop34,0.00,0.00,0.000,0.000,0.00
1777904766,loop35,0.00,0.00,0.000,0.000,0.00
1777904766,loop36,0.00,0.00,0.000,0.000,0.00
1777904766,loop37,0.00,0.00,0.000,0.000,0.00
1777904766,loop38,0.00,0.00,0.000,0.000,0.00
1777904766,loop39,0.00,0.00,0.000,0.000,0.00
1777904766,loop4,0.00,0.00,0.000,0.000,0.00
1777904766,loop40,0.00,0.00,0.000,0.000,0.00
1777904766,loop5,0.00,0.00,0.000,0.000,0.00
1777904766,loop6,0.00,0.00,0.000,0.000,0.00
1777904766,loop7,0.00,0.00,0.000,0.000,0.00
1777904766,loop8,0.00,0.00,0.000,0.000,0.00
1777904766,loop9,0.00,0.00,0.000,0.000,0.00
1777904766,nvme0n1,30.00,172.00,0.012,0.028,1.90
1777904767,loop0,0.00,0.00,0.000,0.000,0.00
1777904767,loop1,0.00,0.00,0.000,0.000,0.00
1777904767,loop10,0.00,0.00,0.000,0.000,0.00
1777904767,loop11,0.00,0.00,0.000,0.000,0.00
1777904767,loop12,0.00,0.00,0.000,0.000,0.00
1777904767,loop13,0.00,0.00,0.000,0.000,0.00
1777904767,loop14,0.00,0.00,0.000,0.000,0.00
1777904767,loop15,0.00,0.00,0.000,0.000,0.00
1777904767,loop16,0.00,0.00,0.000,0.000,0.00
1777904767,loop17,0.00,0.00,0.000,0.000,0.00
1777904767,loop18,0.00,0.00,0.000,0.000,0.00
1777904767,loop19,0.00,0.00,0.000,0.000,0.00
1777904767,loop2,0.00,0.00,0.000,0.000,0.00
1777904767,loop20,0.00,0.00,0.000,0.000,0.00
1777904767,loop21,0.00,0.00,0.000,0.000,0.00
1777904767,loop22,0.00,0.00,0.000,0.000,0.00
1777904767,loop23,0.00,0.00,0.000,0.000,0.00
1777904767,loop24,0.00,0.00,0.000,0.000,0.00
1777904767,loop25,0.00,0.00,0.000,0.000,0.00
1777904767,loop26,0.00,0.00,0.000,0.000,0.00
1777904767,loop27,0.00,0.00,0.000,0.000,0.00
1777904767,loop28,0.00,0.00,0.000,0.000,0.00
1777904767,loop29,0.00,0.00,0.000,0.000,0.00
1777904767,loop3,0.00,0.00,0.000,0.000,0.00
1777904767,loop30,0.00,0.00,0.000,0.000,0.00
1777904767,loop31,0.00,0.00,0.000,0.000,0.00
1777904767,loop32,0.00,0.00,0.000,0.000,0.00
1777904767,loop33,0.00,0.00,0.000,0.000,0.00
1777904767,loop34,0.00,0.00,0.000,0.000,0.00
1777904767,loop35,0.00,0.00,0.000,0.000,0.00
1777904767,loop36,0.00,0.00,0.000,0.000,0.00
1777904767,loop37,0.00,0.00,0.000,0.000,0.00
1777904767,loop38,0.00,0.00,0.000,0.000,0.00
1777904767,loop39,0.00,0.00,0.000,0.000,0.00
1777904767,loop4,0.00,0.00,0.000,0.000,0.00
1777904767,loop40,0.00,0.00,0.000,0.000,0.00
1777904767,loop5,0.00,0.00,0.000,0.000,0.00
1777904767,loop6,0.00,0.00,0.000,0.000,0.00
1777904767,loop7,0.00,0.00,0.000,0.000,0.00
1777904767,loop8,0.00,0.00,0.000,0.000,0.00
1777904767,loop9,0.00,0.00,0.000,0.000,0.00
1777904767,nvme0n1,229.00,1272.00,0.087,0.027,3.30
1777904768,loop0,0.00,0.00,0.000,0.000,0.00
1777904768,loop1,0.00,0.00,0.000,0.000,0.00
1777904768,loop10,0.00,0.00,0.000,0.000,0.00
1777904768,loop11,0.00,0.00,0.000,0.000,0.00
1777904768,loop12,0.00,0.00,0.000,0.000,0.00
1777904768,loop13,0.00,0.00,0.000,0.000,0.00
1777904768,loop14,0.00,0.00,0.000,0.000,0.00
1777904768,loop15,0.00,0.00,0.000,0.000,0.00
1777904768,loop16,0.00,0.00,0.000,0.000,0.00
1777904768,loop17,0.00,0.00,0.000,0.000,0.00
1777904768,loop18,0.00,0.00,0.000,0.000,0.00
1777904768,loop19,0.00,0.00,0.000,0.000,0.00
1777904768,loop2,0.00,0.00,0.000,0.000,0.00
1777904768,loop20,0.00,0.00,0.000,0.000,0.00
1777904768,loop21,0.00,0.00,0.000,0.000,0.00
1777904768,loop22,0.00,0.00,0.000,0.000,0.00
1777904768,loop23,0.00,0.00,0.000,0.000,0.00
1777904768,loop24,0.00,0.00,0.000,0.000,0.00
1777904768,loop25,0.00,0.00,0.000,0.000,0.00
1777904768,loop26,0.00,0.00,0.000,0.000,0.00
1777904768,loop27,0.00,0.00,0.000,0.000,0.00
1777904768,loop28,0.00,0.00,0.000,0.000,0.00
1777904768,loop29,0.00,0.00,0.000,0.000,0.00
1777904768,loop3,0.00,0.00,0.000,0.000,0.00
1777904768,loop30,0.00,0.00,0.000,0.000,0.00
1777904768,loop31,0.00,0.00,0.000,0.000,0.00
1777904768,loop32,0.00,0.00,0.000,0.000,0.00
1777904768,loop33,0.00,0.00,0.000,0.000,0.00
1777904768,loop34,0.00,0.00,0.000,0.000,0.00
1777904768,loop35,0.00,0.00,0.000,0.000,0.00
1777904768,loop36,0.00,0.00,0.000,0.000,0.00
1777904768,loop37,0.00,0.00,0.000,0.000,0.00
1777904768,loop38,0.00,0.00,0.000,0.000,0.00
1777904768,loop39,0.00,0.00,0.000,0.000,0.00
1777904768,loop4,0.00,0.00,0.000,0.000,0.00
1777904768,loop40,0.00,0.00,0.000,0.000,0.00
1777904768,loop5,0.00,0.00,0.000,0.000,0.00
1777904768,loop6,0.00,0.00,0.000,0.000,0.00
1777904768,loop7,0.00,0.00,0.000,0.000,0.00
1777904768,loop8,0.00,0.00,0.000,0.000,0.00
1777904768,loop9,0.00,0.00,0.000,0.000,0.00
1777904768,nvme0n1,255.00,1588.00,0.071,0.022,2.20
1777904769,loop0,0.00,0.00,0.000,0.000,0.00
1777904769,loop1,0.00,0.00,0.000,0.000,0.00
1777904769,loop10,0.00,0.00,0.000,0.000,0.00
1777904769,loop11,0.00,0.00,0.000,0.000,0.00
1777904769,loop12,0.00,0.00,0.000,0.000,0.00
1777904769,loop13,0.00,0.00,0.000,0.000,0.00
1777904769,loop14,0.00,0.00,0.000,0.000,0.00
1777904769,loop15,0.00,0.00,0.000,0.000,0.00
1777904769,loop16,0.00,0.00,0.000,0.000,0.00
1777904769,loop17,0.00,0.00,0.000,0.000,0.00
1777904769,loop18,0.00,0.00,0.000,0.000,0.00
1777904769,loop19,0.00,0.00,0.000,0.000,0.00
1777904769,loop2,0.00,0.00,0.000,0.000,0.00
1777904769,loop20,2.00,246.00,0.000,0.000,0.10
1777904769,loop21,0.00,0.00,0.000,0.000,0.00
1777904769,loop22,0.00,0.00,0.000,0.000,0.00
1777904769,loop23,0.00,0.00,0.000,0.000,0.00
1777904769,loop24,0.00,0.00,0.000,0.000,0.00
1777904769,loop25,0.00,0.00,0.000,0.000,0.00
1777904769,loop26,0.00,0.00,0.000,0.000,0.00
1777904769,loop27,0.00,0.00,0.000,0.000,0.00
1777904769,loop28,0.00,0.00,0.000,0.000,0.00
1777904769,loop29,0.00,0.00,0.000,0.000,0.00
1777904769,loop3,0.00,0.00,0.000,0.000,0.00
1777904769,loop30,0.00,0.00,0.000,0.000,0.00
1777904769,loop31,0.00,0.00,0.000,0.000,0.00
1777904769,loop32,0.00,0.00,0.000,0.000,0.00
1777904769,loop33,0.00,0.00,0.000,0.000,0.00
1777904769,loop34,0.00,0.00,0.000,0.000,0.00
1777904769,loop35,0.00,0.00,0.000,0.000,0.00
1777904769,loop36,0.00,0.00,0.000,0.000,0.00
1777904769,loop37,0.00,0.00,0.000,0.000,0.00
1777904769,loop38,0.00,0.00,0.000,0.000,0.00
1777904769,loop39,0.00,0.00,0.000,0.000,0.00
1777904769,loop4,0.00,0.00,0.000,0.000,0.00
1777904769,loop40,0.00,0.00,0.000,0.000,0.00
1777904769,loop5,0.00,0.00,0.000,0.000,0.00
1777904769,loop6,0.00,0.00,0.000,0.000,0.00
1777904769,loop7,0.00,0.00,0.000,0.000,0.00
1777904769,loop8,0.00,0.00,0.000,0.000,0.00
1777904769,loop9,0.00,0.00,0.000,0.000,0.00
1777904769,nvme0n1,332.00,2312.00,0.180,0.035,3.50
1777904770,loop0,0.00,0.00,0.000,0.000,0.00
1777904770,loop1,0.00,0.00,0.000,0.000,0.00
1777904770,loop10,0.00,0.00,0.000,0.000,0.00
1777904770,loop11,0.00,0.00,0.000,0.000,0.00
1777904770,loop12,0.00,0.00,0.000,0.000,0.00
1777904770,loop13,0.00,0.00,0.000,0.000,0.00
1777904770,loop14,0.00,0.00,0.000,0.000,0.00
1777904770,loop15,0.00,0.00,0.000,0.000,0.00
1777904770,loop16,0.00,0.00,0.000,0.000,0.00
1777904770,loop17,0.00,0.00,0.000,0.000,0.00
1777904770,loop18,0.00,0.00,0.000,0.000,0.00
1777904770,loop19,0.00,0.00,0.000,0.000,0.00
1777904770,loop2,0.00,0.00,0.000,0.000,0.00
1777904770,loop20,0.00,0.00,0.000,0.000,0.00
1777904770,loop21,0.00,0.00,0.000,0.000,0.00
1777904770,loop22,0.00,0.00,0.000,0.000,0.00
1777904770,loop23,0.00,0.00,0.000,0.000,0.00
1777904770,loop24,0.00,0.00,0.000,0.000,0.00
1777904770,loop25,0.00,0.00,0.000,0.000,0.00
1777904770,loop26,0.00,0.00,0.000,0.000,0.00
1777904770,loop27,0.00,0.00,0.000,0.000,0.00
1777904770,loop28,0.00,0.00,0.000,0.000,0.00
1777904770,loop29,0.00,0.00,0.000,0.000,0.00
1777904770,loop3,0.00,0.00,0.000,0.000,0.00
1777904770,loop30,0.00,0.00,0.000,0.000,0.00
1777904770,loop31,0.00,0.00,0.000,0.000,0.00
1777904770,loop32,0.00,0.00,0.000,0.000,0.00
1777904770,loop33,0.00,0.00,0.000,0.000,0.00
1777904770,loop34,0.00,0.00,0.000,0.000,0.00
1777904770,loop35,0.00,0.00,0.000,0.000,0.00
1777904770,loop36,0.00,0.00,0.000,0.000,0.00
1777904770,loop37,0.00,0.00,0.000,0.000,0.00
1777904770,loop38,0.00,0.00,0.000,0.000,0.00
1777904770,loop39,0.00,0.00,0.000,0.000,0.00
1777904770,loop4,0.00,0.00,0.000,0.000,0.00
1777904770,loop40,0.00,0.00,0.000,0.000,0.00
1777904770,loop5,0.00,0.00,0.000,0.000,0.00
1777904770,loop6,0.00,0.00,0.000,0.000,0.00
1777904770,loop7,0.00,0.00,0.000,0.000,0.00
1777904770,loop8,0.00,0.00,0.000,0.000,0.00
1777904770,loop9,0.00,0.00,0.000,0.000,0.00
1777904770,nvme0n1,15.00,72.00,0.003,0.016,0.90
1777904771,loop0,0.00,0.00,0.000,0.000,0.00
1777904771,loop1,0.00,0.00,0.000,0.000,0.00
1777904771,loop10,0.00,0.00,0.000,0.000,0.00
1777904771,loop11,0.00,0.00,0.000,0.000,0.00
1777904771,loop12,0.00,0.00,0.000,0.000,0.00
1777904771,loop13,0.00,0.00,0.000,0.000,0.00
1777904771,loop14,0.00,0.00,0.000,0.000,0.00
1777904771,loop15,0.00,0.00,0.000,0.000,0.00
1777904771,loop16,0.00,0.00,0.000,0.000,0.00
1777904771,loop17,0.00,0.00,0.000,0.000,0.00
1777904771,loop18,0.00,0.00,0.000,0.000,0.00
1777904771,loop19,0.00,0.00,0.000,0.000,0.00
1777904771,loop2,0.00,0.00,0.000,0.000,0.00
1777904771,loop20,0.00,0.00,0.000,0.000,0.00
1777904771,loop21,0.00,0.00,0.000,0.000,0.00
1777904771,loop22,0.00,0.00,0.000,0.000,0.00
1777904771,loop23,0.00,0.00,0.000,0.000,0.00
1777904771,loop24,0.00,0.00,0.000,0.000,0.00
1777904771,loop25,0.00,0.00,0.000,0.000,0.00
1777904771,loop26,0.00,0.00,0.000,0.000,0.00
1777904771,loop27,0.00,0.00,0.000,0.000,0.00
1777904771,loop28,0.00,0.00,0.000,0.000,0.00
1777904771,loop29,0.00,0.00,0.000,0.000,0.00
1777904771,loop3,0.00,0.00,0.000,0.000,0.00
1777904771,loop30,0.00,0.00,0.000,0.000,0.00
1777904771,loop31,0.00,0.00,0.000,0.000,0.00
1777904771,loop32,0.00,0.00,0.000,0.000,0.00
1777904771,loop33,0.00,0.00,0.000,0.000,0.00
1777904771,loop34,0.00,0.00,0.000,0.000,0.00
1777904771,loop35,0.00,0.00,0.000,0.000,0.00
1777904771,loop36,0.00,0.00,0.000,0.000,0.00
1777904771,loop37,0.00,0.00,0.000,0.000,0.00
1777904771,loop38,0.00,0.00,0.000,0.000,0.00
1777904771,loop39,0.00,0.00,0.000,0.000,0.00
1777904771,loop4,0.00,0.00,0.000,0.000,0.00
1777904771,loop40,0.00,0.00,0.000,0.000,0.00
1777904771,loop5,0.00,0.00,0.000,0.000,0.00
1777904771,loop6,0.00,0.00,0.000,0.000,0.00
1777904771,loop7,0.00,0.00,0.000,0.000,0.00
1777904771,loop8,0.00,0.00,0.000,0.000,0.00
1777904771,loop9,0.00,0.00,0.000,0.000,0.00
1777904771,nvme0n1,13.00,76.00,0.006,0.031,0.40
1777904772,loop0,0.00,0.00,0.000,0.000,0.00
1777904772,loop1,0.00,0.00,0.000,0.000,0.00
1777904772,loop10,0.00,0.00,0.000,0.000,0.00
1777904772,loop11,0.00,0.00,0.000,0.000,0.00
1777904772,loop12,0.00,0.00,0.000,0.000,0.00
1777904772,loop13,0.00,0.00,0.000,0.000,0.00
1777904772,loop14,0.00,0.00,0.000,0.000,0.00
1777904772,loop15,0.00,0.00,0.000,0.000,0.00
1777904772,loop16,0.00,0.00,0.000,0.000,0.00
1777904772,loop17,0.00,0.00,0.000,0.000,0.00
1777904772,loop18,0.00,0.00,0.000,0.000,0.00
1777904772,loop19,0.00,0.00,0.000,0.000,0.00
1777904772,loop2,0.00,0.00,0.000,0.000,0.00
1777904772,loop20,0.00,0.00,0.000,0.000,0.00
1777904772,loop21,0.00,0.00,0.000,0.000,0.00
1777904772,loop22,0.00,0.00,0.000,0.000,0.00
1777904772,loop23,0.00,0.00,0.000,0.000,0.00
1777904772,loop24,0.00,0.00,0.000,0.000,0.00
1777904772,loop25,0.00,0.00,0.000,0.000,0.00
1777904772,loop26,0.00,0.00,0.000,0.000,0.00
1777904772,loop27,0.00,0.00,0.000,0.000,0.00
1777904772,loop28,0.00,0.00,0.000,0.000,0.00
1777904772,loop29,0.00,0.00,0.000,0.000,0.00
1777904772,loop3,0.00,0.00,0.000,0.000,0.00
1777904772,loop30,0.00,0.00,0.000,0.000,0.00
1777904772,loop31,0.00,0.00,0.000,0.000,0.00
1777904772,loop32,0.00,0.00,0.000,0.000,0.00
1777904772,loop33,0.00,0.00,0.000,0.000,0.00
1777904772,loop34,0.00,0.00,0.000,0.000,0.00
1777904772,loop35,0.00,0.00,0.000,0.000,0.00
1777904772,loop36,0.00,0.00,0.000,0.000,0.00
1777904772,loop37,0.00,0.00,0.000,0.000,0.00
1777904772,loop38,0.00,0.00,0.000,0.000,0.00
1777904772,loop39,0.00,0.00,0.000,0.000,0.00
1777904772,loop4,0.00,0.00,0.000,0.000,0.00
1777904772,loop40,0.00,0.00,0.000,0.000,0.00
1777904772,loop5,0.00,0.00,0.000,0.000,0.00
1777904772,loop6,0.00,0.00,0.000,0.000,0.00
1777904772,loop7,0.00,0.00,0.000,0.000,0.00
1777904772,loop8,0.00,0.00,0.000,0.000,0.00
1777904772,loop9,0.00,0.00,0.000,0.000,0.00
1777904772,nvme0n1,1.00,12.00,0.002,0.065,1.00
1777904773,loop0,0.00,0.00,0.000,0.000,0.00
1777904773,loop1,0.00,0.00,0.000,0.000,0.00
1777904773,loop10,0.00,0.00,0.000,0.000,0.00
1777904773,loop11,0.00,0.00,0.000,0.000,0.00
1777904773,loop12,0.00,0.00,0.000,0.000,0.00
1777904773,loop13,0.00,0.00,0.000,0.000,0.00
1777904773,loop14,0.00,0.00,0.000,0.000,0.00
1777904773,loop15,0.00,0.00,0.000,0.000,0.00
1777904773,loop16,0.00,0.00,0.000,0.000,0.00
1777904773,loop17,0.00,0.00,0.000,0.000,0.00
1777904773,loop18,0.00,0.00,0.000,0.000,0.00
1777904773,loop19,0.00,0.00,0.000,0.000,0.00
1777904773,loop2,0.00,0.00,0.000,0.000,0.00
1777904773,loop20,0.00,0.00,0.000,0.000,0.00
1777904773,loop21,0.00,0.00,0.000,0.000,0.00
1777904773,loop22,0.00,0.00,0.000,0.000,0.00
1777904773,loop23,0.00,0.00,0.000,0.000,0.00
1777904773,loop24,0.00,0.00,0.000,0.000,0.00
1777904773,loop25,0.00,0.00,0.000,0.000,0.00
1777904773,loop26,0.00,0.00,0.000,0.000,0.00
1777904773,loop27,0.00,0.00,0.000,0.000,0.00
1777904773,loop28,0.00,0.00,0.000,0.000,0.00
1777904773,loop29,0.00,0.00,0.000,0.000,0.00
1777904773,loop3,0.00,0.00,0.000,0.000,0.00
1777904773,loop30,0.00,0.00,0.000,0.000,0.00
1777904773,loop31,0.00,0.00,0.000,0.000,0.00
1777904773,loop32,0.00,0.00,0.000,0.000,0.00
1777904773,loop33,0.00,0.00,0.000,0.000,0.00
1777904773,loop34,0.00,0.00,0.000,0.000,0.00
1777904773,loop35,0.00,0.00,0.000,0.000,0.00
1777904773,loop36,0.00,0.00,0.000,0.000,0.00
1777904773,loop37,0.00,0.00,0.000,0.000,0.00
1777904773,loop38,0.00,0.00,0.000,0.000,0.00
1777904773,loop39,0.00,0.00,0.000,0.000,0.00
1777904773,loop4,0.00,0.00,0.000,0.000,0.00
1777904773,loop40,0.00,0.00,0.000,0.000,0.00
1777904773,loop5,0.00,0.00,0.000,0.000,0.00
1777904773,loop6,0.00,0.00,0.000,0.000,0.00
1777904773,loop7,0.00,0.00,0.000,0.000,0.00
1777904773,loop8,0.00,0.00,0.000,0.000,0.00
1777904773,loop9,0.00,0.00,0.000,0.000,0.00
1777904773,nvme0n1,5.00,20.00,0.000,0.000,0.80
1777904774,loop0,0.00,0.00,0.000,0.000,0.00
1777904774,loop1,0.00,0.00,0.000,0.000,0.00
1777904774,loop10,0.00,0.00,0.000,0.000,0.00
1777904774,loop11,0.00,0.00,0.000,0.000,0.00
1777904774,loop12,0.00,0.00,0.000,0.000,0.00
1777904774,loop13,0.00,0.00,0.000,0.000,0.00
1777904774,loop14,0.00,0.00,0.000,0.000,0.00
1777904774,loop15,0.00,0.00,0.000,0.000,0.00
1777904774,loop16,0.00,0.00,0.000,0.000,0.00
1777904774,loop17,0.00,0.00,0.000,0.000,0.00
1777904774,loop18,0.00,0.00,0.000,0.000,0.00
1777904774,loop19,0.00,0.00,0.000,0.000,0.00
1777904774,loop2,0.00,0.00,0.000,0.000,0.00
1777904774,loop20,0.00,0.00,0.000,0.000,0.00
1777904774,loop21,0.00,0.00,0.000,0.000,0.00
1777904774,loop22,0.00,0.00,0.000,0.000,0.00
1777904774,loop23,0.00,0.00,0.000,0.000,0.00
1777904774,loop24,0.00,0.00,0.000,0.000,0.00
1777904774,loop25,0.00,0.00,0.000,0.000,0.00
1777904774,loop26,0.00,0.00,0.000,0.000,0.00
1777904774,loop27,0.00,0.00,0.000,0.000,0.00
1777904774,loop28,0.00,0.00,0.000,0.000,0.00
1777904774,loop29,0.00,0.00,0.000,0.000,0.00
1777904774,loop3,0.00,0.00,0.000,0.000,0.00
1777904774,loop30,0.00,0.00,0.000,0.000,0.00
1777904774,loop31,0.00,0.00,0.000,0.000,0.00
1777904774,loop32,0.00,0.00,0.000,0.000,0.00
1777904774,loop33,0.00,0.00,0.000,0.000,0.00
1777904774,loop34,0.00,0.00,0.000,0.000,0.00
1777904774,loop35,0.00,0.00,0.000,0.000,0.00
1777904774,loop36,0.00,0.00,0.000,0.000,0.00
1777904774,loop37,0.00,0.00,0.000,0.000,0.00
1777904774,loop38,0.00,0.00,0.000,0.000,0.00
1777904774,loop39,0.00,0.00,0.000,0.000,0.00
1777904774,loop4,0.00,0.00,0.000,0.000,0.00
1777904774,loop40,0.00,0.00,0.000,0.000,0.00
1777904774,loop5,0.00,0.00,0.000,0.000,0.00
1777904774,loop6,0.00,0.00,0.000,0.000,0.00
1777904774,loop7,0.00,0.00,0.000,0.000,0.00
1777904774,loop8,0.00,0.00,0.000,0.000,0.00
1777904774,loop9,0.00,0.00,0.000,0.000,0.00
1777904774,nvme0n1,12.00,64.00,0.004,0.024,0.50
1777904775,loop0,0.00,0.00,0.000,0.000,0.00
1777904775,loop1,0.00,0.00,0.000,0.000,0.00
1777904775,loop10,0.00,0.00,0.000,0.000,0.00
1777904775,loop11,0.00,0.00,0.000,0.000,0.00
1777904775,loop12,0.00,0.00,0.000,0.000,0.00
1777904775,loop13,0.00,0.00,0.000,0.000,0.00
1777904775,loop14,0.00,0.00,0.000,0.000,0.00
1777904775,loop15,0.00,0.00,0.000,0.000,0.00
1777904775,loop16,0.00,0.00,0.000,0.000,0.00
1777904775,loop17,0.00,0.00,0.000,0.000,0.00
1777904775,loop18,0.00,0.00,0.000,0.000,0.00
1777904775,loop19,0.00,0.00,0.000,0.000,0.00
1777904775,loop2,0.00,0.00,0.000,0.000,0.00
1777904775,loop20,0.00,0.00,0.000,0.000,0.00
1777904775,loop21,0.00,0.00,0.000,0.000,0.00
1777904775,loop22,0.00,0.00,0.000,0.000,0.00
1777904775,loop23,0.00,0.00,0.000,0.000,0.00
1777904775,loop24,0.00,0.00,0.000,0.000,0.00
1777904775,loop25,0.00,0.00,0.000,0.000,0.00
1777904775,loop26,0.00,0.00,0.000,0.000,0.00
1777904775,loop27,0.00,0.00,0.000,0.000,0.00
1777904775,loop28,0.00,0.00,0.000,0.000,0.00
1777904775,loop29,0.00,0.00,0.000,0.000,0.00
1777904775,loop3,0.00,0.00,0.000,0.000,0.00
1777904775,loop30,0.00,0.00,0.000,0.000,0.00
1777904775,loop31,0.00,0.00,0.000,0.000,0.00
1777904775,loop32,0.00,0.00,0.000,0.000,0.00
1777904775,loop33,0.00,0.00,0.000,0.000,0.00
1777904775,loop34,0.00,0.00,0.000,0.000,0.00
1777904775,loop35,0.00,0.00,0.000,0.000,0.00
1777904775,loop36,0.00,0.00,0.000,0.000,0.00
1777904775,loop37,0.00,0.00,0.000,0.000,0.00
1777904775,loop38,0.00,0.00,0.000,0.000,0.00
1777904775,loop39,0.00,0.00,0.000,0.000,0.00
1777904775,loop4,0.00,0.00,0.000,0.000,0.00
1777904775,loop40,0.00,0.00,0.000,0.000,0.00
1777904775,loop5,0.00,0.00,0.000,0.000,0.00
1777904775,loop6,0.00,0.00,0.000,0.000,0.00
1777904775,loop7,0.00,0.00,0.000,0.000,0.00
1777904775,loop8,0.00,0.00,0.000,0.000,0.00
1777904775,loop9,0.00,0.00,0.000,0.000,0.00
1777904775,nvme0n1,24.00,140.00,0.011,0.031,0.50
1777904776,loop0,0.00,0.00,0.000,0.000,0.00
1777904776,loop1,0.00,0.00,0.000,0.000,0.00
1777904776,loop10,0.00,0.00,0.000,0.000,0.00
1777904776,loop11,0.00,0.00,0.000,0.000,0.00
1777904776,loop12,0.00,0.00,0.000,0.000,0.00
1777904776,loop13,0.00,0.00,0.000,0.000,0.00
1777904776,loop14,0.00,0.00,0.000,0.000,0.00
1777904776,loop15,0.00,0.00,0.000,0.000,0.00
1777904776,loop16,0.00,0.00,0.000,0.000,0.00
1777904776,loop17,0.00,0.00,0.000,0.000,0.00
1777904776,loop18,0.00,0.00,0.000,0.000,0.00
1777904776,loop19,0.00,0.00,0.000,0.000,0.00
1777904776,loop2,0.00,0.00,0.000,0.000,0.00
1777904776,loop20,0.00,0.00,0.000,0.000,0.00
1777904776,loop21,0.00,0.00,0.000,0.000,0.00
1777904776,loop22,0.00,0.00,0.000,0.000,0.00
1777904776,loop23,0.00,0.00,0.000,0.000,0.00
1777904776,loop24,0.00,0.00,0.000,0.000,0.00
1777904776,loop25,0.00,0.00,0.000,0.000,0.00
1777904776,loop26,0.00,0.00,0.000,0.000,0.00
1777904776,loop27,0.00,0.00,0.000,0.000,0.00
1777904776,loop28,0.00,0.00,0.000,0.000,0.00
1777904776,loop29,0.00,0.00,0.000,0.000,0.00
1777904776,loop3,0.00,0.00,0.000,0.000,0.00
1777904776,loop30,0.00,0.00,0.000,0.000,0.00
1777904776,loop31,0.00,0.00,0.000,0.000,0.00
1777904776,loop32,0.00,0.00,0.000,0.000,0.00
1777904776,loop33,0.00,0.00,0.000,0.000,0.00
1777904776,loop34,0.00,0.00,0.000,0.000,0.00
1777904776,loop35,0.00,0.00,0.000,0.000,0.00
1777904776,loop36,0.00,0.00,0.000,0.000,0.00
1777904776,loop37,0.00,0.00,0.000,0.000,0.00
1777904776,loop38,0.00,0.00,0.000,0.000,0.00
1777904776,loop39,0.00,0.00,0.000,0.000,0.00
1777904776,loop4,0.00,0.00,0.000,0.000,0.00
1777904776,loop40,0.00,0.00,0.000,0.000,0.00
1777904776,loop5,0.00,0.00,0.000,0.000,0.00
1777904776,loop6,0.00,0.00,0.000,0.000,0.00
1777904776,loop7,0.00,0.00,0.000,0.000,0.00
1777904776,loop8,0.00,0.00,0.000,0.000,0.00
1777904776,loop9,0.00,0.00,0.000,0.000,0.00
1777904776,nvme0n1,3.00,20.00,0.002,0.039,0.20
1777904777,loop0,0.00,0.00,0.000,0.000,0.00
1777904777,loop1,0.00,0.00,0.000,0.000,0.00
1777904777,loop10,0.00,0.00,0.000,0.000,0.00
1777904777,loop11,0.00,0.00,0.000,0.000,0.00
1777904777,loop12,0.00,0.00,0.000,0.000,0.00
1777904777,loop13,0.00,0.00,0.000,0.000,0.00
1777904777,loop14,0.00,0.00,0.000,0.000,0.00
1777904777,loop15,0.00,0.00,0.000,0.000,0.00
1777904777,loop16,0.00,0.00,0.000,0.000,0.00
1777904777,loop17,0.00,0.00,0.000,0.000,0.00
1777904777,loop18,0.00,0.00,0.000,0.000,0.00
1777904777,loop19,0.00,0.00,0.000,0.000,0.00
1777904777,loop2,0.00,0.00,0.000,0.000,0.00
1777904777,loop20,0.00,0.00,0.000,0.000,0.00
1777904777,loop21,0.00,0.00,0.000,0.000,0.00
1777904777,loop22,0.00,0.00,0.000,0.000,0.00
1777904777,loop23,0.00,0.00,0.000,0.000,0.00
1777904777,loop24,0.00,0.00,0.000,0.000,0.00
1777904777,loop25,0.00,0.00,0.000,0.000,0.00
1777904777,loop26,0.00,0.00,0.000,0.000,0.00
1777904777,loop27,0.00,0.00,0.000,0.000,0.00
1777904777,loop28,0.00,0.00,0.000,0.000,0.00
1777904777,loop29,0.00,0.00,0.000,0.000,0.00
1777904777,loop3,0.00,0.00,0.000,0.000,0.00
1777904777,loop30,0.00,0.00,0.000,0.000,0.00
1777904777,loop31,0.00,0.00,0.000,0.000,0.00
1777904777,loop32,0.00,0.00,0.000,0.000,0.00
1777904777,loop33,0.00,0.00,0.000,0.000,0.00
1777904777,loop34,0.00,0.00,0.000,0.000,0.00
1777904777,loop35,0.00,0.00,0.000,0.000,0.00
1777904777,loop36,0.00,0.00,0.000,0.000,0.00
1777904777,loop37,0.00,0.00,0.000,0.000,0.00
1777904777,loop38,0.00,0.00,0.000,0.000,0.00
1777904777,loop39,0.00,0.00,0.000,0.000,0.00
1777904777,loop4,0.00,0.00,0.000,0.000,0.00
1777904777,loop40,0.00,0.00,0.000,0.000,0.00
1777904777,loop5,0.00,0.00,0.000,0.000,0.00
1777904777,loop6,0.00,0.00,0.000,0.000,0.00
1777904777,loop7,0.00,0.00,0.000,0.000,0.00
1777904777,loop8,0.00,0.00,0.000,0.000,0.00
1777904777,loop9,0.00,0.00,0.000,0.000,0.00
1777904777,nvme0n1,4.00,40.00,0.006,0.059,0.20
1777904778,loop0,0.00,0.00,0.000,0.000,0.00
1777904778,loop1,0.00,0.00,0.000,0.000,0.00
1777904778,loop10,0.00,0.00,0.000,0.000,0.00
1777904778,loop11,0.00,0.00,0.000,0.000,0.00
1777904778,loop12,0.00,0.00,0.000,0.000,0.00
1777904778,loop13,0.00,0.00,0.000,0.000,0.00
1777904778,loop14,0.00,0.00,0.000,0.000,0.00
1777904778,loop15,0.00,0.00,0.000,0.000,0.00
1777904778,loop16,0.00,0.00,0.000,0.000,0.00
1777904778,loop17,0.00,0.00,0.000,0.000,0.00
1777904778,loop18,0.00,0.00,0.000,0.000,0.00
1777904778,loop19,0.00,0.00,0.000,0.000,0.00
1777904778,loop2,0.00,0.00,0.000,0.000,0.00
1777904778,loop20,0.00,0.00,0.000,0.000,0.00
1777904778,loop21,0.00,0.00,0.000,0.000,0.00
1777904778,loop22,0.00,0.00,0.000,0.000,0.00
1777904778,loop23,0.00,0.00,0.000,0.000,0.00
1777904778,loop24,0.00,0.00,0.000,0.000,0.00
1777904778,loop25,0.00,0.00,0.000,0.000,0.00
1777904778,loop26,0.00,0.00,0.000,0.000,0.00
1777904778,loop27,0.00,0.00,0.000,0.000,0.00
1777904778,loop28,0.00,0.00,0.000,0.000,0.00
1777904778,loop29,0.00,0.00,0.000,0.000,0.00
1777904778,loop3,0.00,0.00,0.000,0.000,0.00
1777904778,loop30,0.00,0.00,0.000,0.000,0.00
1777904778,loop31,0.00,0.00,0.000,0.000,0.00
1777904778,loop32,0.00,0.00,0.000,0.000,0.00
1777904778,loop33,0.00,0.00,0.000,0.000,0.00
1777904778,loop34,0.00,0.00,0.000,0.000,0.00
1777904778,loop35,0.00,0.00,0.000,0.000,0.00
1777904778,loop36,0.00,0.00,0.000,0.000,0.00
1777904778,loop37,0.00,0.00,0.000,0.000,0.00
1777904778,loop38,0.00,0.00,0.000,0.000,0.00
1777904778,loop39,0.00,0.00,0.000,0.000,0.00
1777904778,loop4,0.00,0.00,0.000,0.000,0.00
1777904778,loop40,0.00,0.00,0.000,0.000,0.00
1777904778,loop5,0.00,0.00,0.000,0.000,0.00
1777904778,loop6,0.00,0.00,0.000,0.000,0.00
1777904778,loop7,0.00,0.00,0.000,0.000,0.00
1777904778,loop8,0.00,0.00,0.000,0.000,0.00
1777904778,loop9,0.00,0.00,0.000,0.000,0.00
1777904778,nvme0n1,0.00,0.00,0.000,0.000,0.60
1777904779,loop0,0.00,0.00,0.000,0.000,0.00
1777904779,loop1,0.00,0.00,0.000,0.000,0.00
1777904779,loop10,0.00,0.00,0.000,0.000,0.00
1777904779,loop11,0.00,0.00,0.000,0.000,0.00
1777904779,loop12,0.00,0.00,0.000,0.000,0.00
1777904779,loop13,0.00,0.00,0.000,0.000,0.00
1777904779,loop14,0.00,0.00,0.000,0.000,0.00
1777904779,loop15,0.00,0.00,0.000,0.000,0.00
1777904779,loop16,0.00,0.00,0.000,0.000,0.00
1777904779,loop17,0.00,0.00,0.000,0.000,0.00
1777904779,loop18,0.00,0.00,0.000,0.000,0.00
1777904779,loop19,0.00,0.00,0.000,0.000,0.00
1777904779,loop2,0.00,0.00,0.000,0.000,0.00
1777904779,loop20,0.00,0.00,0.000,0.000,0.00
1777904779,loop21,0.00,0.00,0.000,0.000,0.00
1777904779,loop22,0.00,0.00,0.000,0.000,0.00
1777904779,loop23,0.00,0.00,0.000,0.000,0.00
1777904779,loop24,0.00,0.00,0.000,0.000,0.00
1777904779,loop25,0.00,0.00,0.000,0.000,0.00
1777904779,loop26,0.00,0.00,0.000,0.000,0.00
1777904779,loop27,0.00,0.00,0.000,0.000,0.00
1777904779,loop28,0.00,0.00,0.000,0.000,0.00
1777904779,loop29,0.00,0.00,0.000,0.000,0.00
1777904779,loop3,0.00,0.00,0.000,0.000,0.00
1777904779,loop30,0.00,0.00,0.000,0.000,0.00
1777904779,loop31,0.00,0.00,0.000,0.000,0.00
1777904779,loop32,0.00,0.00,0.000,0.000,0.00
1777904779,loop33,0.00,0.00,0.000,0.000,0.00
1777904779,loop34,0.00,0.00,0.000,0.000,0.00
1777904779,loop35,0.00,0.00,0.000,0.000,0.00
1777904779,loop36,0.00,0.00,0.000,0.000,0.00
1777904779,loop37,0.00,0.00,0.000,0.000,0.00
1777904779,loop38,0.00,0.00,0.000,0.000,0.00
1777904779,loop39,0.00,0.00,0.000,0.000,0.00
1777904779,loop4,0.00,0.00,0.000,0.000,0.00
1777904779,loop40,0.00,0.00,0.000,0.000,0.00
1777904779,loop5,0.00,0.00,0.000,0.000,0.00
1777904779,loop6,0.00,0.00,0.000,0.000,0.00
1777904779,loop7,0.00,0.00,0.000,0.000,0.00
1777904779,loop8,0.00,0.00,0.000,0.000,0.00
1777904779,loop9,0.00,0.00,0.000,0.000,0.00
1777904779,nvme0n1,0.00,0.00,0.000,0.000,0.00
1777904780,loop0,0.00,0.00,0.000,0.000,0.00
1777904780,loop1,0.00,0.00,0.000,0.000,0.00
1777904780,loop10,0.00,0.00,0.000,0.000,0.00
1777904780,loop11,0.00,0.00,0.000,0.000,0.00
1777904780,loop12,0.00,0.00,0.000,0.000,0.00
1777904780,loop13,0.00,0.00,0.000,0.000,0.00
1777904780,loop14,0.00,0.00,0.000,0.000,0.00
1777904780,loop15,0.00,0.00,0.000,0.000,0.00
1777904780,loop16,0.00,0.00,0.000,0.000,0.00
1777904780,loop17,0.00,0.00,0.000,0.000,0.00
1777904780,loop18,0.00,0.00,0.000,0.000,0.00
1777904780,loop19,0.00,0.00,0.000,0.000,0.00
1777904780,loop2,0.00,0.00,0.000,0.000,0.00
1777904780,loop20,0.00,0.00,0.000,0.000,0.00
1777904780,loop21,0.00,0.00,0.000,0.000,0.00
1777904780,loop22,0.00,0.00,0.000,0.000,0.00
1777904780,loop23,0.00,0.00,0.000,0.000,0.00
1777904780,loop24,0.00,0.00,0.000,0.000,0.00
1777904780,loop25,0.00,0.00,0.000,0.000,0.00
1777904780,loop26,0.00,0.00,0.000,0.000,0.00
1777904780,loop27,0.00,0.00,0.000,0.000,0.00
1777904780,loop28,0.00,0.00,0.000,0.000,0.00
1777904780,loop29,0.00,0.00,0.000,0.000,0.00
1777904780,loop3,0.00,0.00,0.000,0.000,0.00
1777904780,loop30,0.00,0.00,0.000,0.000,0.00
1777904780,loop31,0.00,0.00,0.000,0.000,0.00
1777904780,loop32,0.00,0.00,0.000,0.000,0.00
1777904780,loop33,0.00,0.00,0.000,0.000,0.00
1777904780,loop34,0.00,0.00,0.000,0.000,0.00
1777904780,loop35,0.00,0.00,0.000,0.000,0.00
1777904780,loop36,0.00,0.00,0.000,0.000,0.00
1777904780,loop37,0.00,0.00,0.000,0.000,0.00
1777904780,loop38,0.00,0.00,0.000,0.000,0.00
1777904780,loop39,0.00,0.00,0.000,0.000,0.00
1777904780,loop4,0.00,0.00,0.000,0.000,0.00
1777904780,loop40,0.00,0.00,0.000,0.000,0.00
1777904780,loop5,0.00,0.00,0.000,0.000,0.00
1777904780,loop6,0.00,0.00,0.000,0.000,0.00
1777904780,loop7,0.00,0.00,0.000,0.000,0.00
1777904780,loop8,0.00,0.00,0.000,0.000,0.00
1777904780,loop9,0.00,0.00,0.000,0.000,0.00
1777904780,nvme0n1,1.00,4.00,0.000,0.000,0.10
1777904781,loop0,0.00,0.00,0.000,0.000,0.00
1777904781,loop1,0.00,0.00,0.000,0.000,0.00
1777904781,loop10,0.00,0.00,0.000,0.000,0.00
1777904781,loop11,0.00,0.00,0.000,0.000,0.00
1777904781,loop12,0.00,0.00,0.000,0.000,0.00
1777904781,loop13,0.00,0.00,0.000,0.000,0.00
1777904781,loop14,0.00,0.00,0.000,0.000,0.00
1777904781,loop15,0.00,0.00,0.000,0.000,0.00
1777904781,loop16,0.00,0.00,0.000,0.000,0.00
1777904781,loop17,0.00,0.00,0.000,0.000,0.00
1777904781,loop18,0.00,0.00,0.000,0.000,0.00
1777904781,loop19,0.00,0.00,0.000,0.000,0.00
1777904781,loop2,0.00,0.00,0.000,0.000,0.00
1777904781,loop20,0.00,0.00,0.000,0.000,0.00
1777904781,loop21,0.00,0.00,0.000,0.000,0.00
1777904781,loop22,0.00,0.00,0.000,0.000,0.00
1777904781,loop23,0.00,0.00,0.000,0.000,0.00
1777904781,loop24,0.00,0.00,0.000,0.000,0.00
1777904781,loop25,0.00,0.00,0.000,0.000,0.00
1777904781,loop26,0.00,0.00,0.000,0.000,0.00
1777904781,loop27,0.00,0.00,0.000,0.000,0.00
1777904781,loop28,0.00,0.00,0.000,0.000,0.00
1777904781,loop29,0.00,0.00,0.000,0.000,0.00
1777904781,loop3,0.00,0.00,0.000,0.000,0.00
1777904781,loop30,0.00,0.00,0.000,0.000,0.00
1777904781,loop31,0.00,0.00,0.000,0.000,0.00
1777904781,loop32,0.00,0.00,0.000,0.000,0.00
1777904781,loop33,0.00,0.00,0.000,0.000,0.00
1777904781,loop34,0.00,0.00,0.000,0.000,0.00
1777904781,loop35,0.00,0.00,0.000,0.000,0.00
1777904781,loop36,0.00,0.00,0.000,0.000,0.00
1777904781,loop37,0.00,0.00,0.000,0.000,0.00
1777904781,loop38,0.00,0.00,0.000,0.000,0.00
1777904781,loop39,0.00,0.00,0.000,0.000,0.00
1777904781,loop4,0.00,0.00,0.000,0.000,0.00
1777904781,loop40,0.00,0.00,0.000,0.000,0.00
1777904781,loop5,0.00,0.00,0.000,0.000,0.00
1777904781,loop6,0.00,0.00,0.000,0.000,0.00
1777904781,loop7,0.00,0.00,0.000,0.000,0.00
1777904781,loop8,0.00,0.00,0.000,0.000,0.00
1777904781,loop9,0.00,0.00,0.000,0.000,0.00
1777904781,nvme0n1,0.00,0.00,0.000,0.000,0.00
1777904782,loop0,0.00,0.00,0.000,0.000,0.00
1777904782,loop1,0.00,0.00,0.000,0.000,0.00
1777904782,loop10,0.00,0.00,0.000,0.000,0.00
1777904782,loop11,0.00,0.00,0.000,0.000,0.00
1777904782,loop12,0.00,0.00,0.000,0.000,0.00
1777904782,loop13,0.00,0.00,0.000,0.000,0.00
1777904782,loop14,0.00,0.00,0.000,0.000,0.00
1777904782,loop15,0.00,0.00,0.000,0.000,0.00
1777904782,loop16,0.00,0.00,0.000,0.000,0.00
1777904782,loop17,0.00,0.00,0.000,0.000,0.00
1777904782,loop18,0.00,0.00,0.000,0.000,0.00
1777904782,loop19,0.00,0.00,0.000,0.000,0.00
1777904782,loop2,0.00,0.00,0.000,0.000,0.00
1777904782,loop20,0.00,0.00,0.000,0.000,0.00
1777904782,loop21,0.00,0.00,0.000,0.000,0.00
1777904782,loop22,0.00,0.00,0.000,0.000,0.00
1777904782,loop23,0.00,0.00,0.000,0.000,0.00
1777904782,loop24,0.00,0.00,0.000,0.000,0.00
1777904782,loop25,0.00,0.00,0.000,0.000,0.00
1777904782,loop26,0.00,0.00,0.000,0.000,0.00
1777904782,loop27,0.00,0.00,0.000,0.000,0.00
1777904782,loop28,0.00,0.00,0.000,0.000,0.00
1777904782,loop29,0.00,0.00,0.000,0.000,0.00
1777904782,loop3,0.00,0.00,0.000,0.000,0.00
1777904782,loop30,0.00,0.00,0.000,0.000,0.00
1777904782,loop31,0.00,0.00,0.000,0.000,0.00
1777904782,loop32,0.00,0.00,0.000,0.000,0.00
1777904782,loop33,0.00,0.00,0.000,0.000,0.00
1777904782,loop34,0.00,0.00,0.000,0.000,0.00
1777904782,loop35,0.00,0.00,0.000,0.000,0.00
1777904782,loop36,0.00,0.00,0.000,0.000,0.00
1777904782,loop37,0.00,0.00,0.000,0.000,0.00
1777904782,loop38,0.00,0.00,0.000,0.000,0.00
1777904782,loop39,0.00,0.00,0.000,0.000,0.00
1777904782,loop4,0.00,0.00,0.000,0.000,0.00
1777904782,loop40,0.00,0.00,0.000,0.000,0.00
1777904782,loop5,0.00,0.00,0.000,0.000,0.00
1777904782,loop6,0.00,0.00,0.000,0.000,0.00
1777904782,loop7,0.00,0.00,0.000,0.000,0.00
1777904782,loop8,0.00,0.00,0.000,0.000,0.00
1777904782,loop9,0.00,0.00,0.000,0.000,0.00
1777904782,nvme0n1,0.00,0.00,0.000,0.000,2.10
1777904783,loop0,0.00,0.00,0.000,0.000,0.00
1777904783,loop1,0.00,0.00,0.000,0.000,0.00
1777904783,loop10,0.00,0.00,0.000,0.000,0.00
1777904783,loop11,0.00,0.00,0.000,0.000,0.00
1777904783,loop12,0.00,0.00,0.000,0.000,0.00
1777904783,loop13,0.00,0.00,0.000,0.000,0.00
1777904783,loop14,0.00,0.00,0.000,0.000,0.00
1777904783,loop15,0.00,0.00,0.000,0.000,0.00
1777904783,loop16,0.00,0.00,0.000,0.000,0.00
1777904783,loop17,0.00,0.00,0.000,0.000,0.00
1777904783,loop18,0.00,0.00,0.000,0.000,0.00
1777904783,loop19,0.00,0.00,0.000,0.000,0.00
1777904783,loop2,0.00,0.00,0.000,0.000,0.00
1777904783,loop20,0.00,0.00,0.000,0.000,0.00
1777904783,loop21,0.00,0.00,0.000,0.000,0.00
1777904783,loop22,0.00,0.00,0.000,0.000,0.00
1777904783,loop23,0.00,0.00,0.000,0.000,0.00
1777904783,loop24,0.00,0.00,0.000,0.000,0.00
1777904783,loop25,0.00,0.00,0.000,0.000,0.00
1777904783,loop26,0.00,0.00,0.000,0.000,0.00
1777904783,loop27,0.00,0.00,0.000,0.000,0.00
1777904783,loop28,0.00,0.00,0.000,0.000,0.00
1777904783,loop29,0.00,0.00,0.000,0.000,0.00
1777904783,loop3,0.00,0.00,0.000,0.000,0.00
1777904783,loop30,0.00,0.00,0.000,0.000,0.00
1777904783,loop31,0.00,0.00,0.000,0.000,0.00
1777904783,loop32,0.00,0.00,0.000,0.000,0.00
1777904783,loop33,0.00,0.00,0.000,0.000,0.00
1777904783,loop34,0.00,0.00,0.000,0.000,0.00
1777904783,loop35,0.00,0.00,0.000,0.000,0.00
1777904783,loop36,0.00,0.00,0.000,0.000,0.00
1777904783,loop37,0.00,0.00,0.000,0.000,0.00
1777904783,loop38,0.00,0.00,0.000,0.000,0.00
1777904783,loop39,0.00,0.00,0.000,0.000,0.00
1777904783,loop4,0.00,0.00,0.000,0.000,0.00
1777904783,loop40,0.00,0.00,0.000,0.000,0.00
1777904783,loop5,0.00,0.00,0.000,0.000,0.00
1777904783,loop6,0.00,0.00,0.000,0.000,0.00
1777904783,loop7,0.00,0.00,0.000,0.000,0.00
1777904783,loop8,0.00,0.00,0.000,0.000,0.00
1777904783,loop9,0.00,0.00,0.000,0.000,0.00
1777904783,nvme0n1,0.00,0.00,0.000,0.000,0.80
1777904784,loop0,0.00,0.00,0.000,0.000,0.00
1777904784,loop1,0.00,0.00,0.000,0.000,0.00
1777904784,loop10,0.00,0.00,0.000,0.000,0.00
1777904784,loop11,0.00,0.00,0.000,0.000,0.00
1777904784,loop12,0.00,0.00,0.000,0.000,0.00
1777904784,loop13,0.00,0.00,0.000,0.000,0.00
1777904784,loop14,0.00,0.00,0.000,0.000,0.00
1777904784,loop15,0.00,0.00,0.000,0.000,0.00
1777904784,loop16,0.00,0.00,0.000,0.000,0.00
1777904784,loop17,0.00,0.00,0.000,0.000,0.00
1777904784,loop18,0.00,0.00,0.000,0.000,0.00
1777904784,loop19,0.00,0.00,0.000,0.000,0.00
1777904784,loop2,0.00,0.00,0.000,0.000,0.00
1777904784,loop20,0.00,0.00,0.000,0.000,0.00
1777904784,loop21,0.00,0.00,0.000,0.000,0.00
1777904784,loop22,0.00,0.00,0.000,0.000,0.00
1777904784,loop23,0.00,0.00,0.000,0.000,0.00
1777904784,loop24,0.00,0.00,0.000,0.000,0.00
1777904784,loop25,0.00,0.00,0.000,0.000,0.00
1777904784,loop26,0.00,0.00,0.000,0.000,0.00
1777904784,loop27,0.00,0.00,0.000,0.000,0.00
1777904784,loop28,0.00,0.00,0.000,0.000,0.00
1777904784,loop29,0.00,0.00,0.000,0.000,0.00
1777904784,loop3,0.00,0.00,0.000,0.000,0.00
1777904784,loop30,0.00,0.00,0.000,0.000,0.00
1777904784,loop31,0.00,0.00,0.000,0.000,0.00
1777904784,loop32,0.00,0.00,0.000,0.000,0.00
1777904784,loop33,0.00,0.00,0.000,0.000,0.00
1777904784,loop34,0.00,0.00,0.000,0.000,0.00
1777904784,loop35,0.00,0.00,0.000,0.000,0.00
1777904784,loop36,0.00,0.00,0.000,0.000,0.00
1777904784,loop37,0.00,0.00,0.000,0.000,0.00
1777904784,loop38,0.00,0.00,0.000,0.000,0.00
1777904784,loop39,0.00,0.00,0.000,0.000,0.00
1777904784,loop4,0.00,0.00,0.000,0.000,0.00
1777904784,loop40,0.00,0.00,0.000,0.000,0.00
1777904784,loop5,0.00,0.00,0.000,0.000,0.00
1777904784,loop6,0.00,0.00,0.000,0.000,0.00
1777904784,loop7,0.00,0.00,0.000,0.000,0.00
1777904784,loop8,0.00,0.00,0.000,0.000,0.00
1777904784,loop9,0.00,0.00,0.000,0.000,0.00
1777904784,nvme0n1,2.00,16.00,0.002,0.049,0.10
1777904785,loop0,0.00,0.00,0.000,0.000,0.00
1777904785,loop1,0.00,0.00,0.000,0.000,0.00
1777904785,loop10,0.00,0.00,0.000,0.000,0.00
1777904785,loop11,0.00,0.00,0.000,0.000,0.00
1777904785,loop12,0.00,0.00,0.000,0.000,0.00
1777904785,loop13,0.00,0.00,0.000,0.000,0.00
1777904785,loop14,0.00,0.00,0.000,0.000,0.00
1777904785,loop15,0.00,0.00,0.000,0.000,0.00
1777904785,loop16,0.00,0.00,0.000,0.000,0.00
1777904785,loop17,0.00,0.00,0.000,0.000,0.00
1777904785,loop18,0.00,0.00,0.000,0.000,0.00
1777904785,loop19,0.00,0.00,0.000,0.000,0.00
1777904785,loop2,0.00,0.00,0.000,0.000,0.00
1777904785,loop20,0.00,0.00,0.000,0.000,0.00
1777904785,loop21,0.00,0.00,0.000,0.000,0.00
1777904785,loop22,0.00,0.00,0.000,0.000,0.00
1777904785,loop23,0.00,0.00,0.000,0.000,0.00
1777904785,loop24,0.00,0.00,0.000,0.000,0.00
1777904785,loop25,0.00,0.00,0.000,0.000,0.00
1777904785,loop26,0.00,0.00,0.000,0.000,0.00
1777904785,loop27,0.00,0.00,0.000,0.000,0.00
1777904785,loop28,0.00,0.00,0.000,0.000,0.00
1777904785,loop29,0.00,0.00,0.000,0.000,0.00
1777904785,loop3,0.00,0.00,0.000,0.000,0.00
1777904785,loop30,0.00,0.00,0.000,0.000,0.00
1777904785,loop31,0.00,0.00,0.000,0.000,0.00
1777904785,loop32,0.00,0.00,0.000,0.000,0.00
1777904785,loop33,0.00,0.00,0.000,0.000,0.00
1777904785,loop34,0.00,0.00,0.000,0.000,0.00
1777904785,loop35,0.00,0.00,0.000,0.000,0.00
1777904785,loop36,0.00,0.00,0.000,0.000,0.00
1777904785,loop37,0.00,0.00,0.000,0.000,0.00
1777904785,loop38,0.00,0.00,0.000,0.000,0.00
1777904785,loop39,0.00,0.00,0.000,0.000,0.00
1777904785,loop4,0.00,0.00,0.000,0.000,0.00
1777904785,loop40,0.00,0.00,0.000,0.000,0.00
1777904785,loop5,0.00,0.00,0.000,0.000,0.00
1777904785,loop6,0.00,0.00,0.000,0.000,0.00
1777904785,loop7,0.00,0.00,0.000,0.000,0.00
1777904785,loop8,0.00,0.00,0.000,0.000,0.00
1777904785,loop9,0.00,0.00,0.000,0.000,0.00
1777904785,nvme0n1,7.00,32.00,0.001,0.012,0.10
1777904786,loop0,0.00,0.00,0.000,0.000,0.00
1777904786,loop1,0.00,0.00,0.000,0.000,0.00
1777904786,loop10,0.00,0.00,0.000,0.000,0.00
1777904786,loop11,0.00,0.00,0.000,0.000,0.00
1777904786,loop12,0.00,0.00,0.000,0.000,0.00
1777904786,loop13,0.00,0.00,0.000,0.000,0.00
1777904786,loop14,0.00,0.00,0.000,0.000,0.00
1777904786,loop15,0.00,0.00,0.000,0.000,0.00
1777904786,loop16,0.00,0.00,0.000,0.000,0.00
1777904786,loop17,0.00,0.00,0.000,0.000,0.00
1777904786,loop18,0.00,0.00,0.000,0.000,0.00
1777904786,loop19,0.00,0.00,0.000,0.000,0.00
1777904786,loop2,0.00,0.00,0.000,0.000,0.00
1777904786,loop20,0.00,0.00,0.000,0.000,0.00
1777904786,loop21,0.00,0.00,0.000,0.000,0.00
1777904786,loop22,0.00,0.00,0.000,0.000,0.00
1777904786,loop23,0.00,0.00,0.000,0.000,0.00
1777904786,loop24,0.00,0.00,0.000,0.000,0.00
1777904786,loop25,0.00,0.00,0.000,0.000,0.00
1777904786,loop26,0.00,0.00,0.000,0.000,0.00
1777904786,loop27,0.00,0.00,0.000,0.000,0.00
1777904786,loop28,0.00,0.00,0.000,0.000,0.00
1777904786,loop29,0.00,0.00,0.000,0.000,0.00
1777904786,loop3,0.00,0.00,0.000,0.000,0.00
1777904786,loop30,0.00,0.00,0.000,0.000,0.00
1777904786,loop31,0.00,0.00,0.000,0.000,0.00
1777904786,loop32,0.00,0.00,0.000,0.000,0.00
1777904786,loop33,0.00,0.00,0.000,0.000,0.00
1777904786,loop34,0.00,0.00,0.000,0.000,0.00
1777904786,loop35,0.00,0.00,0.000,0.000,0.00
1777904786,loop36,0.00,0.00,0.000,0.000,0.00
1777904786,loop37,0.00,0.00,0.000,0.000,0.00
1777904786,loop38,0.00,0.00,0.000,0.000,0.00
1777904786,loop39,0.00,0.00,0.000,0.000,0.00
1777904786,loop4,0.00,0.00,0.000,0.000,0.00
1777904786,loop40,0.00,0.00,0.000,0.000,0.00
1777904786,loop5,0.00,0.00,0.000,0.000,0.00
1777904786,loop6,0.00,0.00,0.000,0.000,0.00
1777904786,loop7,0.00,0.00,0.000,0.000,0.00
1777904786,loop8,0.00,0.00,0.000,0.000,0.00
1777904786,loop9,0.00,0.00,0.000,0.000,0.00
1777904786,nvme0n1,0.00,0.00,0.000,0.000,0.00
1777904787,loop0,0.00,0.00,0.000,0.000,0.00
1777904787,loop1,0.00,0.00,0.000,0.000,0.00
1777904787,loop10,0.00,0.00,0.000,0.000,0.00
1777904787,loop11,0.00,0.00,0.000,0.000,0.00
1777904787,loop12,0.00,0.00,0.000,0.000,0.00
1777904787,loop13,0.00,0.00,0.000,0.000,0.00
1777904787,loop14,0.00,0.00,0.000,0.000,0.00
1777904787,loop15,0.00,0.00,0.000,0.000,0.00
1777904787,loop16,0.00,0.00,0.000,0.000,0.00
1777904787,loop17,0.00,0.00,0.000,0.000,0.00
1777904787,loop18,0.00,0.00,0.000,0.000,0.00
1777904787,loop19,0.00,0.00,0.000,0.000,0.00
1777904787,loop2,0.00,0.00,0.000,0.000,0.00
1777904787,loop20,0.00,0.00,0.000,0.000,0.00
1777904787,loop21,0.00,0.00,0.000,0.000,0.00
1777904787,loop22,0.00,0.00,0.000,0.000,0.00
1777904787,loop23,0.00,0.00,0.000,0.000,0.00
1777904787,loop24,0.00,0.00,0.000,0.000,0.00
1777904787,loop25,0.00,0.00,0.000,0.000,0.00
1777904787,loop26,0.00,0.00,0.000,0.000,0.00
1777904787,loop27,0.00,0.00,0.000,0.000,0.00
1777904787,loop28,0.00,0.00,0.000,0.000,0.00
1777904787,loop29,0.00,0.00,0.000,0.000,0.00
1777904787,loop3,0.00,0.00,0.000,0.000,0.00
1777904787,loop30,0.00,0.00,0.000,0.000,0.00
1777904787,loop31,0.00,0.00,0.000,0.000,0.00
1777904787,loop32,0.00,0.00,0.000,0.000,0.00
1777904787,loop33,0.00,0.00,0.000,0.000,0.00
1777904787,loop34,0.00,0.00,0.000,0.000,0.00
1777904787,loop35,0.00,0.00,0.000,0.000,0.00
1777904787,loop36,0.00,0.00,0.000,0.000,0.00
1777904787,loop37,0.00,0.00,0.000,0.000,0.00
1777904787,loop38,0.00,0.00,0.000,0.000,0.00
1777904787,loop39,0.00,0.00,0.000,0.000,0.00
1777904787,loop4,0.00,0.00,0.000,0.000,0.00
1777904787,loop40,0.00,0.00,0.000,0.000,0.00
1777904787,loop5,0.00,0.00,0.000,0.000,0.00
1777904787,loop6,0.00,0.00,0.000,0.000,0.00
1777904787,loop7,0.00,0.00,0.000,0.000,0.00
1777904787,loop8,0.00,0.00,0.000,0.000,0.00
1777904787,loop9,0.00,0.00,0.000,0.000,0.00
1777904787,nvme0n1,2.00,8.00,0.000,0.000,0.10
1777904788,loop0,0.00,0.00,0.000,0.000,0.00
1777904788,loop1,0.00,0.00,0.000,0.000,0.00
1777904788,loop10,0.00,0.00,0.000,0.000,0.00
1777904788,loop11,0.00,0.00,0.000,0.000,0.00
1777904788,loop12,0.00,0.00,0.000,0.000,0.00
1777904788,loop13,0.00,0.00,0.000,0.000,0.00
1777904788,loop14,0.00,0.00,0.000,0.000,0.00
1777904788,loop15,0.00,0.00,0.000,0.000,0.00
1777904788,loop16,0.00,0.00,0.000,0.000,0.00
1777904788,loop17,0.00,0.00,0.000,0.000,0.00
1777904788,loop18,0.00,0.00,0.000,0.000,0.00
1777904788,loop19,0.00,0.00,0.000,0.000,0.00
1777904788,loop2,0.00,0.00,0.000,0.000,0.00
1777904788,loop20,0.00,0.00,0.000,0.000,0.00
1777904788,loop21,0.00,0.00,0.000,0.000,0.00
1777904788,loop22,0.00,0.00,0.000,0.000,0.00
1777904788,loop23,0.00,0.00,0.000,0.000,0.00
1777904788,loop24,0.00,0.00,0.000,0.000,0.00
1777904788,loop25,0.00,0.00,0.000,0.000,0.00
1777904788,loop26,0.00,0.00,0.000,0.000,0.00
1777904788,loop27,0.00,0.00,0.000,0.000,0.00
1777904788,loop28,0.00,0.00,0.000,0.000,0.00
1777904788,loop29,0.00,0.00,0.000,0.000,0.00
1777904788,loop3,0.00,0.00,0.000,0.000,0.00
1777904788,loop30,0.00,0.00,0.000,0.000,0.00
1777904788,loop31,0.00,0.00,0.000,0.000,0.00
1777904788,loop32,0.00,0.00,0.000,0.000,0.00
1777904788,loop33,0.00,0.00,0.000,0.000,0.00
1777904788,loop34,0.00,0.00,0.000,0.000,0.00
1777904788,loop35,0.00,0.00,0.000,0.000,0.00
1777904788,loop36,0.00,0.00,0.000,0.000,0.00
1777904788,loop37,0.00,0.00,0.000,0.000,0.00
1777904788,loop38,0.00,0.00,0.000,0.000,0.00
1777904788,loop39,0.00,0.00,0.000,0.000,0.00
1777904788,loop4,0.00,0.00,0.000,0.000,0.00
1777904788,loop40,0.00,0.00,0.000,0.000,0.00
1777904788,loop5,0.00,0.00,0.000,0.000,0.00
1777904788,loop6,0.00,0.00,0.000,0.000,0.00
1777904788,loop7,0.00,0.00,0.000,0.000,0.00
1777904788,loop8,0.00,0.00,0.000,0.000,0.00
1777904788,loop9,0.00,0.00,0.000,0.000,0.00
1777904788,nvme0n1,0.00,0.00,0.000,0.000,0.00
1777904789,loop0,0.00,0.00,0.000,0.000,0.00
1777904789,loop1,0.00,0.00,0.000,0.000,0.00
1777904789,loop10,0.00,0.00,0.000,0.000,0.00
1777904789,loop11,0.00,0.00,0.000,0.000,0.00
1777904789,loop12,0.00,0.00,0.000,0.000,0.00
1777904789,loop13,0.00,0.00,0.000,0.000,0.00
1777904789,loop14,0.00,0.00,0.000,0.000,0.00
1777904789,loop15,0.00,0.00,0.000,0.000,0.00
1777904789,loop16,0.00,0.00,0.000,0.000,0.00
1777904789,loop17,0.00,0.00,0.000,0.000,0.00
1777904789,loop18,0.00,0.00,0.000,0.000,0.00
1777904789,loop19,0.00,0.00,0.000,0.000,0.00
1777904789,loop2,0.00,0.00,0.000,0.000,0.00
1777904789,loop20,0.00,0.00,0.000,0.000,0.00
1777904789,loop21,0.00,0.00,0.000,0.000,0.00
1777904789,loop22,0.00,0.00,0.000,0.000,0.00
1777904789,loop23,0.00,0.00,0.000,0.000,0.00
1777904789,loop24,0.00,0.00,0.000,0.000,0.00
1777904789,loop25,0.00,0.00,0.000,0.000,0.00
1777904789,loop26,0.00,0.00,0.000,0.000,0.00
1777904789,loop27,0.00,0.00,0.000,0.000,0.00
1777904789,loop28,0.00,0.00,0.000,0.000,0.00
1777904789,loop29,0.00,0.00,0.000,0.000,0.00
1777904789,loop3,0.00,0.00,0.000,0.000,0.00
1777904789,loop30,0.00,0.00,0.000,0.000,0.00
1777904789,loop31,0.00,0.00,0.000,0.000,0.00
1777904789,loop32,0.00,0.00,0.000,0.000,0.00
1777904789,loop33,0.00,0.00,0.000,0.000,0.00
1777904789,loop34,0.00,0.00,0.000,0.000,0.00
1777904789,loop35,0.00,0.00,0.000,0.000,0.00
1777904789,loop36,0.00,0.00,0.000,0.000,0.00
1777904789,loop37,0.00,0.00,0.000,0.000,0.00
1777904789,loop38,0.00,0.00,0.000,0.000,0.00
1777904789,loop39,0.00,0.00,0.000,0.000,0.00
1777904789,loop4,0.00,0.00,0.000,0.000,0.00
1777904789,loop40,0.00,0.00,0.000,0.000,0.00
1777904789,loop5,0.00,0.00,0.000,0.000,0.00
1777904789,loop6,0.00,0.00,0.000,0.000,0.00
1777904789,loop7,0.00,0.00,0.000,0.000,0.00
1777904789,loop8,0.00,0.00,0.000,0.000,0.00
1777904789,loop9,0.00,0.00,0.000,0.000,0.00
1777904789,nvme0n1,30.00,128.00,0.002,0.006,1.20
1777904790,loop0,0.00,0.00,0.000,0.000,0.00
1777904790,loop1,0.00,0.00,0.000,0.000,0.00
1777904790,loop10,0.00,0.00,0.000,0.000,0.00
1777904790,loop11,0.00,0.00,0.000,0.000,0.00
1777904790,loop12,0.00,0.00,0.000,0.000,0.00
1777904790,loop13,0.00,0.00,0.000,0.000,0.00
1777904790,loop14,0.00,0.00,0.000,0.000,0.00
1777904790,loop15,0.00,0.00,0.000,0.000,0.00
1777904790,loop16,0.00,0.00,0.000,0.000,0.00
1777904790,loop17,0.00,0.00,0.000,0.000,0.00
1777904790,loop18,0.00,0.00,0.000,0.000,0.00
1777904790,loop19,0.00,0.00,0.000,0.000,0.00
1777904790,loop2,0.00,0.00,0.000,0.000,0.00
1777904790,loop20,0.00,0.00,0.000,0.000,0.00
1777904790,loop21,0.00,0.00,0.000,0.000,0.00
1777904790,loop22,0.00,0.00,0.000,0.000,0.00
1777904790,loop23,0.00,0.00,0.000,0.000,0.00
1777904790,loop24,0.00,0.00,0.000,0.000,0.00
1777904790,loop25,0.00,0.00,0.000,0.000,0.00
1777904790,loop26,0.00,0.00,0.000,0.000,0.00
1777904790,loop27,0.00,0.00,0.000,0.000,0.00
1777904790,loop28,0.00,0.00,0.000,0.000,0.00
1777904790,loop29,0.00,0.00,0.000,0.000,0.00
1777904790,loop3,0.00,0.00,0.000,0.000,0.00
1777904790,loop30,0.00,0.00,0.000,0.000,0.00
1777904790,loop31,0.00,0.00,0.000,0.000,0.00
1777904790,loop32,0.00,0.00,0.000,0.000,0.00
1777904790,loop33,0.00,0.00,0.000,0.000,0.00
1777904790,loop34,0.00,0.00,0.000,0.000,0.00
1777904790,loop35,0.00,0.00,0.000,0.000,0.00
1777904790,loop36,0.00,0.00,0.000,0.000,0.00
1777904790,loop37,0.00,0.00,0.000,0.000,0.00
1777904790,loop38,0.00,0.00,0.000,0.000,0.00
1777904790,loop39,0.00,0.00,0.000,0.000,0.00
1777904790,loop4,0.00,0.00,0.000,0.000,0.00
1777904790,loop40,0.00,0.00,0.000,0.000,0.00
1777904790,loop5,0.00,0.00,0.000,0.000,0.00
1777904790,loop6,0.00,0.00,0.000,0.000,0.00
1777904790,loop7,0.00,0.00,0.000,0.000,0.00
1777904790,loop8,0.00,0.00,0.000,0.000,0.00
1777904790,loop9,0.00,0.00,0.000,0.000,0.00
1777904790,nvme0n1,2.00,8.00,0.000,0.000,0.10
1777904791,loop0,0.00,0.00,0.000,0.000,0.00
1777904791,loop1,0.00,0.00,0.000,0.000,0.00
1777904791,loop10,0.00,0.00,0.000,0.000,0.00
1777904791,loop11,0.00,0.00,0.000,0.000,0.00
1777904791,loop12,0.00,0.00,0.000,0.000,0.00
1777904791,loop13,0.00,0.00,0.000,0.000,0.00
1777904791,loop14,0.00,0.00,0.000,0.000,0.00
1777904791,loop15,0.00,0.00,0.000,0.000,0.00
1777904791,loop16,0.00,0.00,0.000,0.000,0.00
1777904791,loop17,0.00,0.00,0.000,0.000,0.00
1777904791,loop18,0.00,0.00,0.000,0.000,0.00
1777904791,loop19,0.00,0.00,0.000,0.000,0.00
1777904791,loop2,0.00,0.00,0.000,0.000,0.00
1777904791,loop20,0.00,0.00,0.000,0.000,0.00
1777904791,loop21,0.00,0.00,0.000,0.000,0.00
1777904791,loop22,0.00,0.00,0.000,0.000,0.00
1777904791,loop23,0.00,0.00,0.000,0.000,0.00
1777904791,loop24,0.00,0.00,0.000,0.000,0.00
1777904791,loop25,0.00,0.00,0.000,0.000,0.00
1777904791,loop26,0.00,0.00,0.000,0.000,0.00
1777904791,loop27,0.00,0.00,0.000,0.000,0.00
1777904791,loop28,0.00,0.00,0.000,0.000,0.00
1777904791,loop29,0.00,0.00,0.000,0.000,0.00
1777904791,loop3,0.00,0.00,0.000,0.000,0.00
1777904791,loop30,0.00,0.00,0.000,0.000,0.00
1777904791,loop31,0.00,0.00,0.000,0.000,0.00
1777904791,loop32,0.00,0.00,0.000,0.000,0.00
1777904791,loop33,0.00,0.00,0.000,0.000,0.00
1777904791,loop34,0.00,0.00,0.000,0.000,0.00
1777904791,loop35,0.00,0.00,0.000,0.000,0.00
1777904791,loop36,0.00,0.00,0.000,0.000,0.00
1777904791,loop37,0.00,0.00,0.000,0.000,0.00
1777904791,loop38,0.00,0.00,0.000,0.000,0.00
1777904791,loop39,0.00,0.00,0.000,0.000,0.00
1777904791,loop4,0.00,0.00,0.000,0.000,0.00
1777904791,loop40,0.00,0.00,0.000,0.000,0.00
1777904791,loop5,0.00,0.00,0.000,0.000,0.00
1777904791,loop6,0.00,0.00,0.000,0.000,0.00
1777904791,loop7,0.00,0.00,0.000,0.000,0.00
1777904791,loop8,0.00,0.00,0.000,0.000,0.00
1777904791,loop9,0.00,0.00,0.000,0.000,0.00
1777904791,nvme0n1,2.00,8.00,0.000,0.000,0.20
1777904792,loop0,0.00,0.00,0.000,0.000,0.00
1777904792,loop1,0.00,0.00,0.000,0.000,0.00
1777904792,loop10,0.00,0.00,0.000,0.000,0.00
1777904792,loop11,0.00,0.00,0.000,0.000,0.00
1777904792,loop12,0.00,0.00,0.000,0.000,0.00
1777904792,loop13,0.00,0.00,0.000,0.000,0.00
1777904792,loop14,0.00,0.00,0.000,0.000,0.00
1777904792,loop15,0.00,0.00,0.000,0.000,0.00
1777904792,loop16,0.00,0.00,0.000,0.000,0.00
1777904792,loop17,0.00,0.00,0.000,0.000,0.00
1777904792,loop18,0.00,0.00,0.000,0.000,0.00
1777904792,loop19,0.00,0.00,0.000,0.000,0.00
1777904792,loop2,0.00,0.00,0.000,0.000,0.00
1777904792,loop20,0.00,0.00,0.000,0.000,0.00
1777904792,loop21,0.00,0.00,0.000,0.000,0.00
1777904792,loop22,0.00,0.00,0.000,0.000,0.00
1777904792,loop23,0.00,0.00,0.000,0.000,0.00
1777904792,loop24,0.00,0.00,0.000,0.000,0.00
1777904792,loop25,0.00,0.00,0.000,0.000,0.00
1777904792,loop26,0.00,0.00,0.000,0.000,0.00
1777904792,loop27,0.00,0.00,0.000,0.000,0.00
1777904792,loop28,0.00,0.00,0.000,0.000,0.00
1777904792,loop29,0.00,0.00,0.000,0.000,0.00
1777904792,loop3,0.00,0.00,0.000,0.000,0.00
1777904792,loop30,0.00,0.00,0.000,0.000,0.00
1777904792,loop31,0.00,0.00,0.000,0.000,0.00
1777904792,loop32,0.00,0.00,0.000,0.000,0.00
1777904792,loop33,0.00,0.00,0.000,0.000,0.00
1777904792,loop34,0.00,0.00,0.000,0.000,0.00
1777904792,loop35,0.00,0.00,0.000,0.000,0.00
1777904792,loop36,0.00,0.00,0.000,0.000,0.00
1777904792,loop37,0.00,0.00,0.000,0.000,0.00
1777904792,loop38,0.00,0.00,0.000,0.000,0.00
1777904792,loop39,0.00,0.00,0.000,0.000,0.00
1777904792,loop4,0.00,0.00,0.000,0.000,0.00
1777904792,loop40,0.00,0.00,0.000,0.000,0.00
1777904792,loop5,0.00,0.00,0.000,0.000,0.00
1777904792,loop6,0.00,0.00,0.000,0.000,0.00
1777904792,loop7,0.00,0.00,0.000,0.000,0.00
1777904792,loop8,0.00,0.00,0.000,0.000,0.00
1777904792,loop9,0.00,0.00,0.000,0.000,0.00
1777904792,nvme0n1,0.00,0.00,0.000,0.000,0.10
1777904793,loop0,0.00,0.00,0.000,0.000,0.00
1777904793,loop1,0.00,0.00,0.000,0.000,0.00
1777904793,loop10,0.00,0.00,0.000,0.000,0.00
1777904793,loop11,0.00,0.00,0.000,0.000,0.00
1777904793,loop12,0.00,0.00,0.000,0.000,0.00
1777904793,loop13,0.00,0.00,0.000,0.000,0.00
1777904793,loop14,0.00,0.00,0.000,0.000,0.00
1777904793,loop15,0.00,0.00,0.000,0.000,0.00
1777904793,loop16,0.00,0.00,0.000,0.000,0.00
1777904793,loop17,0.00,0.00,0.000,0.000,0.00
1777904793,loop18,0.00,0.00,0.000,0.000,0.00
1777904793,loop19,0.00,0.00,0.000,0.000,0.00
1777904793,loop2,0.00,0.00,0.000,0.000,0.00
1777904793,loop20,0.00,0.00,0.000,0.000,0.00
1777904793,loop21,0.00,0.00,0.000,0.000,0.00
1777904793,loop22,0.00,0.00,0.000,0.000,0.00
1777904793,loop23,0.00,0.00,0.000,0.000,0.00
1777904793,loop24,0.00,0.00,0.000,0.000,0.00
1777904793,loop25,0.00,0.00,0.000,0.000,0.00
1777904793,loop26,0.00,0.00,0.000,0.000,0.00
1777904793,loop27,0.00,0.00,0.000,0.000,0.00
1777904793,loop28,0.00,0.00,0.000,0.000,0.00
1777904793,loop29,0.00,0.00,0.000,0.000,0.00
1777904793,loop3,0.00,0.00,0.000,0.000,0.00
1777904793,loop30,0.00,0.00,0.000,0.000,0.00
1777904793,loop31,0.00,0.00,0.000,0.000,0.00
1777904793,loop32,0.00,0.00,0.000,0.000,0.00
1777904793,loop33,0.00,0.00,0.000,0.000,0.00
1777904793,loop34,0.00,0.00,0.000,0.000,0.00
1777904793,loop35,0.00,0.00,0.000,0.000,0.00
1777904793,loop36,0.00,0.00,0.000,0.000,0.00
1777904793,loop37,0.00,0.00,0.000,0.000,0.00
1777904793,loop38,0.00,0.00,0.000,0.000,0.00
1777904793,loop39,0.00,0.00,0.000,0.000,0.00
1777904793,loop4,0.00,0.00,0.000,0.000,0.00
1777904793,loop40,0.00,0.00,0.000,0.000,0.00
1777904793,loop5,0.00,0.00,0.000,0.000,0.00
1777904793,loop6,0.00,0.00,0.000,0.000,0.00
1777904793,loop7,0.00,0.00,0.000,0.000,0.00
1777904793,loop8,0.00,0.00,0.000,0.000,0.00
1777904793,loop9,0.00,0.00,0.000,0.000,0.00
1777904793,nvme0n1,0.00,0.00,0.000,0.000,0.10
1777904794,loop0,0.00,0.00,0.000,0.000,0.00
1777904794,loop1,0.00,0.00,0.000,0.000,0.00
1777904794,loop10,0.00,0.00,0.000,0.000,0.00
1777904794,loop11,0.00,0.00,0.000,0.000,0.00
1777904794,loop12,0.00,0.00,0.000,0.000,0.00
1777904794,loop13,0.00,0.00,0.000,0.000,0.00
1777904794,loop14,0.00,0.00,0.000,0.000,0.00
1777904794,loop15,0.00,0.00,0.000,0.000,0.00
1777904794,loop16,0.00,0.00,0.000,0.000,0.00
1777904794,loop17,0.00,0.00,0.000,0.000,0.00
1777904794,loop18,0.00,0.00,0.000,0.000,0.00
1777904794,loop19,0.00,0.00,0.000,0.000,0.00
1777904794,loop2,0.00,0.00,0.000,0.000,0.00
1777904794,loop20,0.00,0.00,0.000,0.000,0.00
1777904794,loop21,0.00,0.00,0.000,0.000,0.00
1777904794,loop22,0.00,0.00,0.000,0.000,0.00
1777904794,loop23,0.00,0.00,0.000,0.000,0.00
1777904794,loop24,0.00,0.00,0.000,0.000,0.00
1777904794,loop25,0.00,0.00,0.000,0.000,0.00
1777904794,loop26,0.00,0.00,0.000,0.000,0.00
1777904794,loop27,0.00,0.00,0.000,0.000,0.00
1777904794,loop28,0.00,0.00,0.000,0.000,0.00
1777904794,loop29,0.00,0.00,0.000,0.000,0.00
1777904794,loop3,0.00,0.00,0.000,0.000,0.00
1777904794,loop30,0.00,0.00,0.000,0.000,0.00
1777904794,loop31,0.00,0.00,0.000,0.000,0.00
1777904794,loop32,0.00,0.00,0.000,0.000,0.00
1777904794,loop33,0.00,0.00,0.000,0.000,0.00
1777904794,loop34,0.00,0.00,0.000,0.000,0.00
1777904794,loop35,0.00,0.00,0.000,0.000,0.00
1777904794,loop36,0.00,0.00,0.000,0.000,0.00
1777904794,loop37,0.00,0.00,0.000,0.000,0.00
1777904794,loop38,0.00,0.00,0.000,0.000,0.00
1777904794,loop39,0.00,0.00,0.000,0.000,0.00
1777904794,loop4,0.00,0.00,0.000,0.000,0.00
1777904794,loop40,0.00,0.00,0.000,0.000,0.00
1777904794,loop5,0.00,0.00,0.000,0.000,0.00
1777904794,loop6,0.00,0.00,0.000,0.000,0.00
1777904794,loop7,0.00,0.00,0.000,0.000,0.00
1777904794,loop8,0.00,0.00,0.000,0.000,0.00
1777904794,loop9,0.00,0.00,0.000,0.000,0.00
1777904794,nvme0n1,0.00,0.00,0.000,0.000,0.80
1777904795,loop0,0.00,0.00,0.000,0.000,0.00
1777904795,loop1,0.00,0.00,0.000,0.000,0.00
1777904795,loop10,0.00,0.00,0.000,0.000,0.00
1777904795,loop11,0.00,0.00,0.000,0.000,0.00
1777904795,loop12,0.00,0.00,0.000,0.000,0.00
1777904795,loop13,0.00,0.00,0.000,0.000,0.00
1777904795,loop14,0.00,0.00,0.000,0.000,0.00
1777904795,loop15,0.00,0.00,0.000,0.000,0.00
1777904795,loop16,0.00,0.00,0.000,0.000,0.00
1777904795,loop17,0.00,0.00,0.000,0.000,0.00
1777904795,loop18,0.00,0.00,0.000,0.000,0.00
1777904795,loop19,0.00,0.00,0.000,0.000,0.00
1777904795,loop2,0.00,0.00,0.000,0.000,0.00
1777904795,loop20,0.00,0.00,0.000,0.000,0.00
1777904795,loop21,0.00,0.00,0.000,0.000,0.00
1777904795,loop22,0.00,0.00,0.000,0.000,0.00
1777904795,loop23,0.00,0.00,0.000,0.000,0.00
1777904795,loop24,0.00,0.00,0.000,0.000,0.00
1777904795,loop25,0.00,0.00,0.000,0.000,0.00
1777904795,loop26,0.00,0.00,0.000,0.000,0.00
1777904795,loop27,0.00,0.00,0.000,0.000,0.00
1777904795,loop28,0.00,0.00,0.000,0.000,0.00
1777904795,loop29,0.00,0.00,0.000,0.000,0.00
1777904795,loop3,0.00,0.00,0.000,0.000,0.00
1777904795,loop30,0.00,0.00,0.000,0.000,0.00
1777904795,loop31,0.00,0.00,0.000,0.000,0.00
1777904795,loop32,0.00,0.00,0.000,0.000,0.00
1777904795,loop33,0.00,0.00,0.000,0.000,0.00
1777904795,loop34,0.00,0.00,0.000,0.000,0.00
1777904795,loop35,0.00,0.00,0.000,0.000,0.00
1777904795,loop36,0.00,0.00,0.000,0.000,0.00
1777904795,loop37,0.00,0.00,0.000,0.000,0.00
1777904795,loop38,0.00,0.00,0.000,0.000,0.00
1777904795,loop39,0.00,0.00,0.000,0.000,0.00
1777904795,loop4,0.00,0.00,0.000,0.000,0.00
1777904795,loop40,0.00,0.00,0.000,0.000,0.00
1777904795,loop5,0.00,0.00,0.000,0.000,0.00
1777904795,loop6,0.00,0.00,0.000,0.000,0.00
1777904795,loop7,0.00,0.00,0.000,0.000,0.00
1777904795,loop8,0.00,0.00,0.000,0.000,0.00
1777904795,loop9,0.00,0.00,0.000,0.000,0.00
1777904795,nvme0n1,0.00,0.00,0.000,0.000,0.50
1777904796,loop0,0.00,0.00,0.000,0.000,0.00
1777904796,loop1,0.00,0.00,0.000,0.000,0.00
1777904796,loop10,0.00,0.00,0.000,0.000,0.00
1777904796,loop11,0.00,0.00,0.000,0.000,0.00
1777904796,loop12,0.00,0.00,0.000,0.000,0.00
1777904796,loop13,0.00,0.00,0.000,0.000,0.00
1777904796,loop14,0.00,0.00,0.000,0.000,0.00
1777904796,loop15,0.00,0.00,0.000,0.000,0.00
1777904796,loop16,0.00,0.00,0.000,0.000,0.00
1777904796,loop17,0.00,0.00,0.000,0.000,0.00
1777904796,loop18,0.00,0.00,0.000,0.000,0.00
1777904796,loop19,0.00,0.00,0.000,0.000,0.00
1777904796,loop2,0.00,0.00,0.000,0.000,0.00
1777904796,loop20,0.00,0.00,0.000,0.000,0.00
1777904796,loop21,0.00,0.00,0.000,0.000,0.00
1777904796,loop22,0.00,0.00,0.000,0.000,0.00
1777904796,loop23,0.00,0.00,0.000,0.000,0.00
1777904796,loop24,0.00,0.00,0.000,0.000,0.00
1777904796,loop25,0.00,0.00,0.000,0.000,0.00
1777904796,loop26,0.00,0.00,0.000,0.000,0.00
1777904796,loop27,0.00,0.00,0.000,0.000,0.00
1777904796,loop28,0.00,0.00,0.000,0.000,0.00
1777904796,loop29,0.00,0.00,0.000,0.000,0.00
1777904796,loop3,0.00,0.00,0.000,0.000,0.00
1777904796,loop30,0.00,0.00,0.000,0.000,0.00
1777904796,loop31,0.00,0.00,0.000,0.000,0.00
1777904796,loop32,0.00,0.00,0.000,0.000,0.00
1777904796,loop33,0.00,0.00,0.000,0.000,0.00
1777904796,loop34,0.00,0.00,0.000,0.000,0.00
1777904796,loop35,0.00,0.00,0.000,0.000,0.00
1777904796,loop36,0.00,0.00,0.000,0.000,0.00
1777904796,loop37,0.00,0.00,0.000,0.000,0.00
1777904796,loop38,0.00,0.00,0.000,0.000,0.00
1777904796,loop39,0.00,0.00,0.000,0.000,0.00
1777904796,loop4,0.00,0.00,0.000,0.000,0.00
1777904796,loop40,0.00,0.00,0.000,0.000,0.00
1777904796,loop5,0.00,0.00,0.000,0.000,0.00
1777904796,loop6,0.00,0.00,0.000,0.000,0.00
1777904796,loop7,0.00,0.00,0.000,0.000,0.00
1777904796,loop8,0.00,0.00,0.000,0.000,0.00
1777904796,loop9,0.00,0.00,0.000,0.000,0.00
1777904796,nvme0n1,10.00,52.00,0.003,0.023,0.30
1777904797,loop0,0.00,0.00,0.000,0.000,0.00
1777904797,loop1,0.00,0.00,0.000,0.000,0.00
1777904797,loop10,0.00,0.00,0.000,0.000,0.00
1777904797,loop11,0.00,0.00,0.000,0.000,0.00
1777904797,loop12,0.00,0.00,0.000,0.000,0.00
1777904797,loop13,0.00,0.00,0.000,0.000,0.00
1777904797,loop14,0.00,0.00,0.000,0.000,0.00
1777904797,loop15,0.00,0.00,0.000,0.000,0.00
1777904797,loop16,0.00,0.00,0.000,0.000,0.00
1777904797,loop17,0.00,0.00,0.000,0.000,0.00
1777904797,loop18,0.00,0.00,0.000,0.000,0.00
1777904797,loop19,0.00,0.00,0.000,0.000,0.00
1777904797,loop2,0.00,0.00,0.000,0.000,0.00
1777904797,loop20,0.00,0.00,0.000,0.000,0.00
1777904797,loop21,0.00,0.00,0.000,0.000,0.00
1777904797,loop22,0.00,0.00,0.000,0.000,0.00
1777904797,loop23,0.00,0.00,0.000,0.000,0.00
1777904797,loop24,0.00,0.00,0.000,0.000,0.00
1777904797,loop25,0.00,0.00,0.000,0.000,0.00
1777904797,loop26,0.00,0.00,0.000,0.000,0.00
1777904797,loop27,0.00,0.00,0.000,0.000,0.00
1777904797,loop28,0.00,0.00,0.000,0.000,0.00
1777904797,loop29,0.00,0.00,0.000,0.000,0.00
1777904797,loop3,0.00,0.00,0.000,0.000,0.00
1777904797,loop30,0.00,0.00,0.000,0.000,0.00
1777904797,loop31,0.00,0.00,0.000,0.000,0.00
1777904797,loop32,0.00,0.00,0.000,0.000,0.00
1777904797,loop33,0.00,0.00,0.000,0.000,0.00
1777904797,loop34,0.00,0.00,0.000,0.000,0.00
1777904797,loop35,0.00,0.00,0.000,0.000,0.00
1777904797,loop36,0.00,0.00,0.000,0.000,0.00
1777904797,loop37,0.00,0.00,0.000,0.000,0.00
1777904797,loop38,0.00,0.00,0.000,0.000,0.00
1777904797,loop39,0.00,0.00,0.000,0.000,0.00
1777904797,loop4,0.00,0.00,0.000,0.000,0.00
1777904797,loop40,0.00,0.00,0.000,0.000,0.00
1777904797,loop5,0.00,0.00,0.000,0.000,0.00
1777904797,loop6,0.00,0.00,0.000,0.000,0.00
1777904797,loop7,0.00,0.00,0.000,0.000,0.00
1777904797,loop8,0.00,0.00,0.000,0.000,0.00
1777904797,loop9,0.00,0.00,0.000,0.000,0.00
1777904797,nvme0n1,0.00,0.00,0.000,0.000,0.00
1777904798,loop0,0.00,0.00,0.000,0.000,0.00
1777904798,loop1,0.00,0.00,0.000,0.000,0.00
1777904798,loop10,0.00,0.00,0.000,0.000,0.00
1777904798,loop11,0.00,0.00,0.000,0.000,0.00
1777904798,loop12,0.00,0.00,0.000,0.000,0.00
1777904798,loop13,0.00,0.00,0.000,0.000,0.00
1777904798,loop14,0.00,0.00,0.000,0.000,0.00
1777904798,loop15,0.00,0.00,0.000,0.000,0.00
1777904798,loop16,0.00,0.00,0.000,0.000,0.00
1777904798,loop17,0.00,0.00,0.000,0.000,0.00
1777904798,loop18,0.00,0.00,0.000,0.000,0.00
1777904798,loop19,0.00,0.00,0.000,0.000,0.00
1777904798,loop2,0.00,0.00,0.000,0.000,0.00
1777904798,loop20,0.00,0.00,0.000,0.000,0.00
1777904798,loop21,0.00,0.00,0.000,0.000,0.00
1777904798,loop22,0.00,0.00,0.000,0.000,0.00
1777904798,loop23,0.00,0.00,0.000,0.000,0.00
1777904798,loop24,0.00,0.00,0.000,0.000,0.00
1777904798,loop25,0.00,0.00,0.000,0.000,0.00
1777904798,loop26,0.00,0.00,0.000,0.000,0.00
1777904798,loop27,0.00,0.00,0.000,0.000,0.00
1777904798,loop28,0.00,0.00,0.000,0.000,0.00
1777904798,loop29,0.00,0.00,0.000,0.000,0.00
1777904798,loop3,0.00,0.00,0.000,0.000,0.00
1777904798,loop30,0.00,0.00,0.000,0.000,0.00
1777904798,loop31,0.00,0.00,0.000,0.000,0.00
1777904798,loop32,0.00,0.00,0.000,0.000,0.00
1777904798,loop33,0.00,0.00,0.000,0.000,0.00
1777904798,loop34,0.00,0.00,0.000,0.000,0.00
1777904798,loop35,0.00,0.00,0.000,0.000,0.00
1777904798,loop36,0.00,0.00,0.000,0.000,0.00
1777904798,loop37,0.00,0.00,0.000,0.000,0.00
1777904798,loop38,0.00,0.00,0.000,0.000,0.00
1777904798,loop39,0.00,0.00,0.000,0.000,0.00
1777904798,loop4,0.00,0.00,0.000,0.000,0.00
1777904798,loop40,0.00,0.00,0.000,0.000,0.00
1777904798,loop5,0.00,0.00,0.000,0.000,0.00
1777904798,loop6,0.00,0.00,0.000,0.000,0.00
1777904798,loop7,0.00,0.00,0.000,0.000,0.00
1777904798,loop8,0.00,0.00,0.000,0.000,0.00
1777904798,loop9,0.00,0.00,0.000,0.000,0.00
1777904798,nvme0n1,5.00,20.00,0.000,0.000,0.20
1777904799,loop0,0.00,0.00,0.000,0.000,0.00
1777904799,loop1,0.00,0.00,0.000,0.000,0.00
1777904799,loop10,0.00,0.00,0.000,0.000,0.00
1777904799,loop11,0.00,0.00,0.000,0.000,0.00
1777904799,loop12,0.00,0.00,0.000,0.000,0.00
1777904799,loop13,0.00,0.00,0.000,0.000,0.00
1777904799,loop14,0.00,0.00,0.000,0.000,0.00
1777904799,loop15,0.00,0.00,0.000,0.000,0.00
1777904799,loop16,0.00,0.00,0.000,0.000,0.00
1777904799,loop17,0.00,0.00,0.000,0.000,0.00
1777904799,loop18,0.00,0.00,0.000,0.000,0.00
1777904799,loop19,0.00,0.00,0.000,0.000,0.00
1777904799,loop2,0.00,0.00,0.000,0.000,0.00
1777904799,loop20,0.00,0.00,0.000,0.000,0.00
1777904799,loop21,0.00,0.00,0.000,0.000,0.00
1777904799,loop22,0.00,0.00,0.000,0.000,0.00
1777904799,loop23,0.00,0.00,0.000,0.000,0.00
1777904799,loop24,0.00,0.00,0.000,0.000,0.00
1777904799,loop25,0.00,0.00,0.000,0.000,0.00
1777904799,loop26,0.00,0.00,0.000,0.000,0.00
1777904799,loop27,0.00,0.00,0.000,0.000,0.00
1777904799,loop28,0.00,0.00,0.000,0.000,0.00
1777904799,loop29,0.00,0.00,0.000,0.000,0.00
1777904799,loop3,0.00,0.00,0.000,0.000,0.00
1777904799,loop30,0.00,0.00,0.000,0.000,0.00
1777904799,loop31,0.00,0.00,0.000,0.000,0.00
1777904799,loop32,0.00,0.00,0.000,0.000,0.00
1777904799,loop33,0.00,0.00,0.000,0.000,0.00
1777904799,loop34,0.00,0.00,0.000,0.000,0.00
1777904799,loop35,0.00,0.00,0.000,0.000,0.00
1777904799,loop36,0.00,0.00,0.000,0.000,0.00
1777904799,loop37,0.00,0.00,0.000,0.000,0.00
1777904799,loop38,0.00,0.00,0.000,0.000,0.00
1777904799,loop39,0.00,0.00,0.000,0.000,0.00
1777904799,loop4,0.00,0.00,0.000,0.000,0.00
1777904799,loop40,0.00,0.00,0.000,0.000,0.00
1777904799,loop5,0.00,0.00,0.000,0.000,0.00
1777904799,loop6,0.00,0.00,0.000,0.000,0.00
1777904799,loop7,0.00,0.00,0.000,0.000,0.00
1777904799,loop8,0.00,0.00,0.000,0.000,0.00
1777904799,loop9,0.00,0.00,0.000,0.000,0.00
1777904799,nvme0n1,116.00,716.00,0.062,0.034,0.80
1777904800,loop0,0.00,0.00,0.000,0.000,0.00
1777904800,loop1,0.00,0.00,0.000,0.000,0.00
1777904800,loop10,0.00,0.00,0.000,0.000,0.00
1777904800,loop11,0.00,0.00,0.000,0.000,0.00
1777904800,loop12,0.00,0.00,0.000,0.000,0.00
1777904800,loop13,0.00,0.00,0.000,0.000,0.00
1777904800,loop14,0.00,0.00,0.000,0.000,0.00
1777904800,loop15,0.00,0.00,0.000,0.000,0.00
1777904800,loop16,0.00,0.00,0.000,0.000,0.00
1777904800,loop17,0.00,0.00,0.000,0.000,0.00
1777904800,loop18,0.00,0.00,0.000,0.000,0.00
1777904800,loop19,0.00,0.00,0.000,0.000,0.00
1777904800,loop2,0.00,0.00,0.000,0.000,0.00
1777904800,loop20,0.00,0.00,0.000,0.000,0.00
1777904800,loop21,0.00,0.00,0.000,0.000,0.00
1777904800,loop22,0.00,0.00,0.000,0.000,0.00
1777904800,loop23,0.00,0.00,0.000,0.000,0.00
1777904800,loop24,0.00,0.00,0.000,0.000,0.00
1777904800,loop25,0.00,0.00,0.000,0.000,0.00
1777904800,loop26,0.00,0.00,0.000,0.000,0.00
1777904800,loop27,0.00,0.00,0.000,0.000,0.00
1777904800,loop28,0.00,0.00,0.000,0.000,0.00
1777904800,loop29,0.00,0.00,0.000,0.000,0.00
1777904800,loop3,0.00,0.00,0.000,0.000,0.00
1777904800,loop30,0.00,0.00,0.000,0.000,0.00
1777904800,loop31,0.00,0.00,0.000,0.000,0.00
1777904800,loop32,0.00,0.00,0.000,0.000,0.00
1777904800,loop33,0.00,0.00,0.000,0.000,0.00
1777904800,loop34,0.00,0.00,0.000,0.000,0.00
1777904800,loop35,0.00,0.00,0.000,0.000,0.00
1777904800,loop36,0.00,0.00,0.000,0.000,0.00
1777904800,loop37,0.00,0.00,0.000,0.000,0.00
1777904800,loop38,0.00,0.00,0.000,0.000,0.00
1777904800,loop39,0.00,0.00,0.000,0.000,0.00
1777904800,loop4,0.00,0.00,0.000,0.000,0.00
1777904800,loop40,0.00,0.00,0.000,0.000,0.00
1777904800,loop5,0.00,0.00,0.000,0.000,0.00
1777904800,loop6,0.00,0.00,0.000,0.000,0.00
1777904800,loop7,0.00,0.00,0.000,0.000,0.00
1777904800,loop8,0.00,0.00,0.000,0.000,0.00
1777904800,loop9,0.00,0.00,0.000,0.000,0.00
1777904800,nvme0n1,1.00,8.00,0.001,0.049,0.60
1777904801,loop0,0.00,0.00,0.000,0.000,0.00
1777904801,loop1,0.00,0.00,0.000,0.000,0.00
1777904801,loop10,0.00,0.00,0.000,0.000,0.00
1777904801,loop11,0.00,0.00,0.000,0.000,0.00
1777904801,loop12,0.00,0.00,0.000,0.000,0.00
1777904801,loop13,0.00,0.00,0.000,0.000,0.00
1777904801,loop14,0.00,0.00,0.000,0.000,0.00
1777904801,loop15,0.00,0.00,0.000,0.000,0.00
1777904801,loop16,0.00,0.00,0.000,0.000,0.00
1777904801,loop17,0.00,0.00,0.000,0.000,0.00
1777904801,loop18,0.00,0.00,0.000,0.000,0.00
1777904801,loop19,0.00,0.00,0.000,0.000,0.00
1777904801,loop2,0.00,0.00,0.000,0.000,0.00
1777904801,loop20,0.00,0.00,0.000,0.000,0.00
1777904801,loop21,0.00,0.00,0.000,0.000,0.00
1777904801,loop22,0.00,0.00,0.000,0.000,0.00
1777904801,loop23,0.00,0.00,0.000,0.000,0.00
1777904801,loop24,0.00,0.00,0.000,0.000,0.00
1777904801,loop25,0.00,0.00,0.000,0.000,0.00
1777904801,loop26,0.00,0.00,0.000,0.000,0.00
1777904801,loop27,0.00,0.00,0.000,0.000,0.00
1777904801,loop28,0.00,0.00,0.000,0.000,0.00
1777904801,loop29,0.00,0.00,0.000,0.000,0.00
1777904801,loop3,0.00,0.00,0.000,0.000,0.00
1777904801,loop30,0.00,0.00,0.000,0.000,0.00
1777904801,loop31,0.00,0.00,0.000,0.000,0.00
1777904801,loop32,0.00,0.00,0.000,0.000,0.00
1777904801,loop33,0.00,0.00,0.000,0.000,0.00
1777904801,loop34,0.00,0.00,0.000,0.000,0.00
1777904801,loop35,0.00,0.00,0.000,0.000,0.00
1777904801,loop36,0.00,0.00,0.000,0.000,0.00
1777904801,loop37,0.00,0.00,0.000,0.000,0.00
1777904801,loop38,0.00,0.00,0.000,0.000,0.00
1777904801,loop39,0.00,0.00,0.000,0.000,0.00
1777904801,loop4,0.00,0.00,0.000,0.000,0.00
1777904801,loop40,0.00,0.00,0.000,0.000,0.00
1777904801,loop5,0.00,0.00,0.000,0.000,0.00
1777904801,loop6,0.00,0.00,0.000,0.000,0.00
1777904801,loop7,0.00,0.00,0.000,0.000,0.00
1777904801,loop8,0.00,0.00,0.000,0.000,0.00
1777904801,loop9,0.00,0.00,0.000,0.000,0.00
1777904801,nvme0n1,1.00,4.00,0.000,0.000,0.10
1777904802,loop0,0.00,0.00,0.000,0.000,0.00
1777904802,loop1,0.00,0.00,0.000,0.000,0.00
1777904802,loop10,0.00,0.00,0.000,0.000,0.00
1777904802,loop11,0.00,0.00,0.000,0.000,0.00
1777904802,loop12,0.00,0.00,0.000,0.000,0.00
1777904802,loop13,0.00,0.00,0.000,0.000,0.00
1777904802,loop14,0.00,0.00,0.000,0.000,0.00
1777904802,loop15,0.00,0.00,0.000,0.000,0.00
1777904802,loop16,0.00,0.00,0.000,0.000,0.00
1777904802,loop17,0.00,0.00,0.000,0.000,0.00
1777904802,loop18,0.00,0.00,0.000,0.000,0.00
1777904802,loop19,0.00,0.00,0.000,0.000,0.00
1777904802,loop2,0.00,0.00,0.000,0.000,0.00
1777904802,loop20,0.00,0.00,0.000,0.000,0.00
1777904802,loop21,0.00,0.00,0.000,0.000,0.00
1777904802,loop22,0.00,0.00,0.000,0.000,0.00
1777904802,loop23,0.00,0.00,0.000,0.000,0.00
1777904802,loop24,0.00,0.00,0.000,0.000,0.00
1777904802,loop25,0.00,0.00,0.000,0.000,0.00
1777904802,loop26,0.00,0.00,0.000,0.000,0.00
1777904802,loop27,0.00,0.00,0.000,0.000,0.00
1777904802,loop28,0.00,0.00,0.000,0.000,0.00
1777904802,loop29,0.00,0.00,0.000,0.000,0.00
1777904802,loop3,0.00,0.00,0.000,0.000,0.00
1777904802,loop30,0.00,0.00,0.000,0.000,0.00
1777904802,loop31,0.00,0.00,0.000,0.000,0.00
1777904802,loop32,0.00,0.00,0.000,0.000,0.00
1777904802,loop33,0.00,0.00,0.000,0.000,0.00
1777904802,loop34,0.00,0.00,0.000,0.000,0.00
1777904802,loop35,0.00,0.00,0.000,0.000,0.00
1777904802,loop36,0.00,0.00,0.000,0.000,0.00
1777904802,loop37,0.00,0.00,0.000,0.000,0.00
1777904802,loop38,0.00,0.00,0.000,0.000,0.00
1777904802,loop39,0.00,0.00,0.000,0.000,0.00
1777904802,loop4,0.00,0.00,0.000,0.000,0.00
1777904802,loop40,0.00,0.00,0.000,0.000,0.00
1777904802,loop5,0.00,0.00,0.000,0.000,0.00
1777904802,loop6,0.00,0.00,0.000,0.000,0.00
1777904802,loop7,0.00,0.00,0.000,0.000,0.00
1777904802,loop8,0.00,0.00,0.000,0.000,0.00
1777904802,loop9,0.00,0.00,0.000,0.000,0.00
1777904802,nvme0n1,1.00,4.00,0.000,0.000,0.10
1777904803,loop0,0.00,0.00,0.000,0.000,0.00
1777904803,loop1,0.00,0.00,0.000,0.000,0.00
1777904803,loop10,0.00,0.00,0.000,0.000,0.00
1777904803,loop11,0.00,0.00,0.000,0.000,0.00
1777904803,loop12,0.00,0.00,0.000,0.000,0.00
1777904803,loop13,0.00,0.00,0.000,0.000,0.00
1777904803,loop14,0.00,0.00,0.000,0.000,0.00
1777904803,loop15,0.00,0.00,0.000,0.000,0.00
1777904803,loop16,0.00,0.00,0.000,0.000,0.00
1777904803,loop17,0.00,0.00,0.000,0.000,0.00
1777904803,loop18,0.00,0.00,0.000,0.000,0.00
1777904803,loop19,0.00,0.00,0.000,0.000,0.00
1777904803,loop2,0.00,0.00,0.000,0.000,0.00
1777904803,loop20,0.00,0.00,0.000,0.000,0.00
1777904803,loop21,0.00,0.00,0.000,0.000,0.00
1777904803,loop22,0.00,0.00,0.000,0.000,0.00
1777904803,loop23,0.00,0.00,0.000,0.000,0.00
1777904803,loop24,0.00,0.00,0.000,0.000,0.00
1777904803,loop25,0.00,0.00,0.000,0.000,0.00
1777904803,loop26,0.00,0.00,0.000,0.000,0.00
1777904803,loop27,0.00,0.00,0.000,0.000,0.00
1777904803,loop28,0.00,0.00,0.000,0.000,0.00
1777904803,loop29,0.00,0.00,0.000,0.000,0.00
1777904803,loop3,0.00,0.00,0.000,0.000,0.00
1777904803,loop30,0.00,0.00,0.000,0.000,0.00
1777904803,loop31,0.00,0.00,0.000,0.000,0.00
1777904803,loop32,0.00,0.00,0.000,0.000,0.00
1777904803,loop33,0.00,0.00,0.000,0.000,0.00
1777904803,loop34,0.00,0.00,0.000,0.000,0.00
1777904803,loop35,0.00,0.00,0.000,0.000,0.00
1777904803,loop36,0.00,0.00,0.000,0.000,0.00
1777904803,loop37,0.00,0.00,0.000,0.000,0.00
1777904803,loop38,0.00,0.00,0.000,0.000,0.00
1777904803,loop39,0.00,0.00,0.000,0.000,0.00
1777904803,loop4,0.00,0.00,0.000,0.000,0.00
1777904803,loop40,0.00,0.00,0.000,0.000,0.00
1777904803,loop5,0.00,0.00,0.000,0.000,0.00
1777904803,loop6,0.00,0.00,0.000,0.000,0.00
1777904803,loop7,0.00,0.00,0.000,0.000,0.00
1777904803,loop8,0.00,0.00,0.000,0.000,0.00
1777904803,loop9,0.00,0.00,0.000,0.000,0.00
1777904803,nvme0n1,6.00,24.00,0.000,0.000,0.20
1777904804,loop0,0.00,0.00,0.000,0.000,0.00
1777904804,loop1,0.00,0.00,0.000,0.000,0.00
1777904804,loop10,0.00,0.00,0.000,0.000,0.00
1777904804,loop11,0.00,0.00,0.000,0.000,0.00
1777904804,loop12,0.00,0.00,0.000,0.000,0.00
1777904804,loop13,0.00,0.00,0.000,0.000,0.00
1777904804,loop14,0.00,0.00,0.000,0.000,0.00
1777904804,loop15,0.00,0.00,0.000,0.000,0.00
1777904804,loop16,0.00,0.00,0.000,0.000,0.00
1777904804,loop17,0.00,0.00,0.000,0.000,0.00
1777904804,loop18,0.00,0.00,0.000,0.000,0.00
1777904804,loop19,0.00,0.00,0.000,0.000,0.00
1777904804,loop2,0.00,0.00,0.000,0.000,0.00
1777904804,loop20,0.00,0.00,0.000,0.000,0.00
1777904804,loop21,0.00,0.00,0.000,0.000,0.00
1777904804,loop22,0.00,0.00,0.000,0.000,0.00
1777904804,loop23,0.00,0.00,0.000,0.000,0.00
1777904804,loop24,0.00,0.00,0.000,0.000,0.00
1777904804,loop25,0.00,0.00,0.000,0.000,0.00
1777904804,loop26,0.00,0.00,0.000,0.000,0.00
1777904804,loop27,0.00,0.00,0.000,0.000,0.00
1777904804,loop28,0.00,0.00,0.000,0.000,0.00
1777904804,loop29,0.00,0.00,0.000,0.000,0.00
1777904804,loop3,0.00,0.00,0.000,0.000,0.00
1777904804,loop30,0.00,0.00,0.000,0.000,0.00
1777904804,loop31,0.00,0.00,0.000,0.000,0.00
1777904804,loop32,0.00,0.00,0.000,0.000,0.00
1777904804,loop33,0.00,0.00,0.000,0.000,0.00
1777904804,loop34,0.00,0.00,0.000,0.000,0.00
1777904804,loop35,0.00,0.00,0.000,0.000,0.00
1777904804,loop36,0.00,0.00,0.000,0.000,0.00
1777904804,loop37,0.00,0.00,0.000,0.000,0.00
1777904804,loop38,0.00,0.00,0.000,0.000,0.00
1777904804,loop39,0.00,0.00,0.000,0.000,0.00
1777904804,loop4,0.00,0.00,0.000,0.000,0.00
1777904804,loop40,0.00,0.00,0.000,0.000,0.00
1777904804,loop5,0.00,0.00,0.000,0.000,0.00
1777904804,loop6,0.00,0.00,0.000,0.000,0.00
1777904804,loop7,0.00,0.00,0.000,0.000,0.00
1777904804,loop8,0.00,0.00,0.000,0.000,0.00
1777904804,loop9,0.00,0.00,0.000,0.000,0.00
1777904804,nvme0n1,0.00,0.00,0.000,0.000,0.00
1777904805,loop0,0.00,0.00,0.000,0.000,0.00
1777904805,loop1,0.00,0.00,0.000,0.000,0.00
1777904805,loop10,0.00,0.00,0.000,0.000,0.00
1777904805,loop11,0.00,0.00,0.000,0.000,0.00
1777904805,loop12,0.00,0.00,0.000,0.000,0.00
1777904805,loop13,0.00,0.00,0.000,0.000,0.00
1777904805,loop14,0.00,0.00,0.000,0.000,0.00
1777904805,loop15,0.00,0.00,0.000,0.000,0.00
1777904805,loop16,0.00,0.00,0.000,0.000,0.00
1777904805,loop17,0.00,0.00,0.000,0.000,0.00
1777904805,loop18,0.00,0.00,0.000,0.000,0.00
1777904805,loop19,0.00,0.00,0.000,0.000,0.00
1777904805,loop2,0.00,0.00,0.000,0.000,0.00
1777904805,loop20,0.00,0.00,0.000,0.000,0.00
1777904805,loop21,0.00,0.00,0.000,0.000,0.00
1777904805,loop22,0.00,0.00,0.000,0.000,0.00
1777904805,loop23,0.00,0.00,0.000,0.000,0.00
1777904805,loop24,0.00,0.00,0.000,0.000,0.00
1777904805,loop25,0.00,0.00,0.000,0.000,0.00
1777904805,loop26,0.00,0.00,0.000,0.000,0.00
1777904805,loop27,0.00,0.00,0.000,0.000,0.00
1777904805,loop28,0.00,0.00,0.000,0.000,0.00
1777904805,loop29,0.00,0.00,0.000,0.000,0.00
1777904805,loop3,0.00,0.00,0.000,0.000,0.00
1777904805,loop30,0.00,0.00,0.000,0.000,0.00
1777904805,loop31,0.00,0.00,0.000,0.000,0.00
1777904805,loop32,0.00,0.00,0.000,0.000,0.00
1777904805,loop33,0.00,0.00,0.000,0.000,0.00
1777904805,loop34,0.00,0.00,0.000,0.000,0.00
1777904805,loop35,0.00,0.00,0.000,0.000,0.00
1777904805,loop36,0.00,0.00,0.000,0.000,0.00
1777904805,loop37,0.00,0.00,0.000,0.000,0.00
1777904805,loop38,0.00,0.00,0.000,0.000,0.00
1777904805,loop39,0.00,0.00,0.000,0.000,0.00
1777904805,loop4,0.00,0.00,0.000,0.000,0.00
1777904805,loop40,0.00,0.00,0.000,0.000,0.00
1777904805,loop5,0.00,0.00,0.000,0.000,0.00
1777904805,loop6,0.00,0.00,0.000,0.000,0.00
1777904805,loop7,0.00,0.00,0.000,0.000,0.00
1777904805,loop8,0.00,0.00,0.000,0.000,0.00
1777904805,loop9,0.00,0.00,0.000,0.000,0.00
1777904805,nvme0n1,2.00,8.00,0.000,0.000,0.40
1777904806,loop0,0.00,0.00,0.000,0.000,0.00
1777904806,loop1,0.00,0.00,0.000,0.000,0.00
1777904806,loop10,0.00,0.00,0.000,0.000,0.00
1777904806,loop11,0.00,0.00,0.000,0.000,0.00
1777904806,loop12,0.00,0.00,0.000,0.000,0.00
1777904806,loop13,0.00,0.00,0.000,0.000,0.00
1777904806,loop14,0.00,0.00,0.000,0.000,0.00
1777904806,loop15,0.00,0.00,0.000,0.000,0.00
1777904806,loop16,0.00,0.00,0.000,0.000,0.00
1777904806,loop17,0.00,0.00,0.000,0.000,0.00
1777904806,loop18,0.00,0.00,0.000,0.000,0.00
1777904806,loop19,0.00,0.00,0.000,0.000,0.00
1777904806,loop2,0.00,0.00,0.000,0.000,0.00
1777904806,loop20,0.00,0.00,0.000,0.000,0.00
1777904806,loop21,0.00,0.00,0.000,0.000,0.00
1777904806,loop22,0.00,0.00,0.000,0.000,0.00
1777904806,loop23,0.00,0.00,0.000,0.000,0.00
1777904806,loop24,0.00,0.00,0.000,0.000,0.00
1777904806,loop25,0.00,0.00,0.000,0.000,0.00
1777904806,loop26,0.00,0.00,0.000,0.000,0.00
1777904806,loop27,0.00,0.00,0.000,0.000,0.00
1777904806,loop28,0.00,0.00,0.000,0.000,0.00
1777904806,loop29,0.00,0.00,0.000,0.000,0.00
1777904806,loop3,0.00,0.00,0.000,0.000,0.00
1777904806,loop30,0.00,0.00,0.000,0.000,0.00
1777904806,loop31,0.00,0.00,0.000,0.000,0.00
1777904806,loop32,0.00,0.00,0.000,0.000,0.00
1777904806,loop33,0.00,0.00,0.000,0.000,0.00
1777904806,loop34,0.00,0.00,0.000,0.000,0.00
1777904806,loop35,0.00,0.00,0.000,0.000,0.00
1777904806,loop36,0.00,0.00,0.000,0.000,0.00
1777904806,loop37,0.00,0.00,0.000,0.000,0.00
1777904806,loop38,0.00,0.00,0.000,0.000,0.00
1777904806,loop39,0.00,0.00,0.000,0.000,0.00
1777904806,loop4,0.00,0.00,0.000,0.000,0.00
1777904806,loop40,0.00,0.00,0.000,0.000,0.00
1777904806,loop5,0.00,0.00,0.000,0.000,0.00
1777904806,loop6,0.00,0.00,0.000,0.000,0.00
1777904806,loop7,0.00,0.00,0.000,0.000,0.00
1777904806,loop8,0.00,0.00,0.000,0.000,0.00
1777904806,loop9,0.00,0.00,0.000,0.000,0.00
1777904806,nvme0n1,4.00,20.00,0.001,0.020,0.60
1777904807,loop0,0.00,0.00,0.000,0.000,0.00
1777904807,loop1,0.00,0.00,0.000,0.000,0.00
1777904807,loop10,0.00,0.00,0.000,0.000,0.00
1777904807,loop11,0.00,0.00,0.000,0.000,0.00
1777904807,loop12,0.00,0.00,0.000,0.000,0.00
1777904807,loop13,0.00,0.00,0.000,0.000,0.00
1777904807,loop14,0.00,0.00,0.000,0.000,0.00
1777904807,loop15,0.00,0.00,0.000,0.000,0.00
1777904807,loop16,0.00,0.00,0.000,0.000,0.00
1777904807,loop17,0.00,0.00,0.000,0.000,0.00
1777904807,loop18,0.00,0.00,0.000,0.000,0.00
1777904807,loop19,0.00,0.00,0.000,0.000,0.00
1777904807,loop2,0.00,0.00,0.000,0.000,0.00
1777904807,loop20,0.00,0.00,0.000,0.000,0.00
1777904807,loop21,0.00,0.00,0.000,0.000,0.00
1777904807,loop22,0.00,0.00,0.000,0.000,0.00
1777904807,loop23,0.00,0.00,0.000,0.000,0.00
1777904807,loop24,0.00,0.00,0.000,0.000,0.00
1777904807,loop25,0.00,0.00,0.000,0.000,0.00
1777904807,loop26,0.00,0.00,0.000,0.000,0.00
1777904807,loop27,0.00,0.00,0.000,0.000,0.00
1777904807,loop28,0.00,0.00,0.000,0.000,0.00
1777904807,loop29,0.00,0.00,0.000,0.000,0.00
1777904807,loop3,0.00,0.00,0.000,0.000,0.00
1777904807,loop30,0.00,0.00,0.000,0.000,0.00
1777904807,loop31,0.00,0.00,0.000,0.000,0.00
1777904807,loop32,0.00,0.00,0.000,0.000,0.00
1777904807,loop33,0.00,0.00,0.000,0.000,0.00
1777904807,loop34,0.00,0.00,0.000,0.000,0.00
1777904807,loop35,0.00,0.00,0.000,0.000,0.00
1777904807,loop36,0.00,0.00,0.000,0.000,0.00
1777904807,loop37,0.00,0.00,0.000,0.000,0.00
1777904807,loop38,0.00,0.00,0.000,0.000,0.00
1777904807,loop39,0.00,0.00,0.000,0.000,0.00
1777904807,loop4,0.00,0.00,0.000,0.000,0.00
1777904807,loop40,0.00,0.00,0.000,0.000,0.00
1777904807,loop5,0.00,0.00,0.000,0.000,0.00
1777904807,loop6,0.00,0.00,0.000,0.000,0.00
1777904807,loop7,0.00,0.00,0.000,0.000,0.00
1777904807,loop8,0.00,0.00,0.000,0.000,0.00
1777904807,loop9,0.00,0.00,0.000,0.000,0.00
1777904807,nvme0n1,0.00,0.00,0.000,0.000,0.00
1777904808,loop0,0.00,0.00,0.000,0.000,0.00
1777904808,loop1,0.00,0.00,0.000,0.000,0.00
1777904808,loop10,0.00,0.00,0.000,0.000,0.00
1777904808,loop11,0.00,0.00,0.000,0.000,0.00
1777904808,loop12,0.00,0.00,0.000,0.000,0.00
1777904808,loop13,0.00,0.00,0.000,0.000,0.00
1777904808,loop14,0.00,0.00,0.000,0.000,0.00
1777904808,loop15,0.00,0.00,0.000,0.000,0.00
1777904808,loop16,0.00,0.00,0.000,0.000,0.00
1777904808,loop17,0.00,0.00,0.000,0.000,0.00
1777904808,loop18,0.00,0.00,0.000,0.000,0.00
1777904808,loop19,0.00,0.00,0.000,0.000,0.00
1777904808,loop2,0.00,0.00,0.000,0.000,0.00
1777904808,loop20,0.00,0.00,0.000,0.000,0.00
1777904808,loop21,0.00,0.00,0.000,0.000,0.00
1777904808,loop22,0.00,0.00,0.000,0.000,0.00
1777904808,loop23,0.00,0.00,0.000,0.000,0.00
1777904808,loop24,0.00,0.00,0.000,0.000,0.00
1777904808,loop25,0.00,0.00,0.000,0.000,0.00
1777904808,loop26,0.00,0.00,0.000,0.000,0.00
1777904808,loop27,0.00,0.00,0.000,0.000,0.00
1777904808,loop28,0.00,0.00,0.000,0.000,0.00
1777904808,loop29,0.00,0.00,0.000,0.000,0.00
1777904808,loop3,0.00,0.00,0.000,0.000,0.00
1777904808,loop30,0.00,0.00,0.000,0.000,0.00
1777904808,loop31,0.00,0.00,0.000,0.000,0.00
1777904808,loop32,0.00,0.00,0.000,0.000,0.00
1777904808,loop33,0.00,0.00,0.000,0.000,0.00
1777904808,loop34,0.00,0.00,0.000,0.000,0.00
1777904808,loop35,0.00,0.00,0.000,0.000,0.00
1777904808,loop36,0.00,0.00,0.000,0.000,0.00
1777904808,loop37,0.00,0.00,0.000,0.000,0.00
1777904808,loop38,0.00,0.00,0.000,0.000,0.00
1777904808,loop39,0.00,0.00,0.000,0.000,0.00
1777904808,loop4,0.00,0.00,0.000,0.000,0.00
1777904808,loop40,0.00,0.00,0.000,0.000,0.00
1777904808,loop5,0.00,0.00,0.000,0.000,0.00
1777904808,loop6,0.00,0.00,0.000,0.000,0.00
1777904808,loop7,0.00,0.00,0.000,0.000,0.00
1777904808,loop8,0.00,0.00,0.000,0.000,0.00
1777904808,loop9,0.00,0.00,0.000,0.000,0.00
1777904808,nvme0n1,0.00,0.00,0.000,0.000,2.10
1777904809,loop0,0.00,0.00,0.000,0.000,0.00
1777904809,loop1,0.00,0.00,0.000,0.000,0.00
1777904809,loop10,0.00,0.00,0.000,0.000,0.00
1777904809,loop11,0.00,0.00,0.000,0.000,0.00
1777904809,loop12,0.00,0.00,0.000,0.000,0.00
1777904809,loop13,0.00,0.00,0.000,0.000,0.00
1777904809,loop14,0.00,0.00,0.000,0.000,0.00
1777904809,loop15,0.00,0.00,0.000,0.000,0.00
1777904809,loop16,0.00,0.00,0.000,0.000,0.00
1777904809,loop17,0.00,0.00,0.000,0.000,0.00
1777904809,loop18,0.00,0.00,0.000,0.000,0.00
1777904809,loop19,0.00,0.00,0.000,0.000,0.00
1777904809,loop2,0.00,0.00,0.000,0.000,0.00
1777904809,loop20,0.00,0.00,0.000,0.000,0.00
1777904809,loop21,0.00,0.00,0.000,0.000,0.00
1777904809,loop22,0.00,0.00,0.000,0.000,0.00
1777904809,loop23,0.00,0.00,0.000,0.000,0.00
1777904809,loop24,0.00,0.00,0.000,0.000,0.00
1777904809,loop25,0.00,0.00,0.000,0.000,0.00
1777904809,loop26,0.00,0.00,0.000,0.000,0.00
1777904809,loop27,0.00,0.00,0.000,0.000,0.00
1777904809,loop28,0.00,0.00,0.000,0.000,0.00
1777904809,loop29,0.00,0.00,0.000,0.000,0.00
1777904809,loop3,0.00,0.00,0.000,0.000,0.00
1777904809,loop30,0.00,0.00,0.000,0.000,0.00
1777904809,loop31,0.00,0.00,0.000,0.000,0.00
1777904809,loop32,0.00,0.00,0.000,0.000,0.00
1777904809,loop33,0.00,0.00,0.000,0.000,0.00
1777904809,loop34,0.00,0.00,0.000,0.000,0.00
1777904809,loop35,0.00,0.00,0.000,0.000,0.00
1777904809,loop36,0.00,0.00,0.000,0.000,0.00
1777904809,loop37,0.00,0.00,0.000,0.000,0.00
1777904809,loop38,0.00,0.00,0.000,0.000,0.00
1777904809,loop39,0.00,0.00,0.000,0.000,0.00
1777904809,loop4,0.00,0.00,0.000,0.000,0.00
1777904809,loop40,0.00,0.00,0.000,0.000,0.00
1777904809,loop5,0.00,0.00,0.000,0.000,0.00
1777904809,loop6,0.00,0.00,0.000,0.000,0.00
1777904809,loop7,0.00,0.00,0.000,0.000,0.00
1777904809,loop8,0.00,0.00,0.000,0.000,0.00
1777904809,loop9,0.00,0.00,0.000,0.000,0.00
1777904809,nvme0n1,2.00,36.00,0.000,0.000,1.40
1777904810,loop0,0.00,0.00,0.000,0.000,0.00
1777904810,loop1,0.00,0.00,0.000,0.000,0.00
1777904810,loop10,0.00,0.00,0.000,0.000,0.00
1777904810,loop11,0.00,0.00,0.000,0.000,0.00
1777904810,loop12,0.00,0.00,0.000,0.000,0.00
1777904810,loop13,0.00,0.00,0.000,0.000,0.00
1777904810,loop14,0.00,0.00,0.000,0.000,0.00
1777904810,loop15,0.00,0.00,0.000,0.000,0.00
1777904810,loop16,0.00,0.00,0.000,0.000,0.00
1777904810,loop17,0.00,0.00,0.000,0.000,0.00
1777904810,loop18,0.00,0.00,0.000,0.000,0.00
1777904810,loop19,0.00,0.00,0.000,0.000,0.00
1777904810,loop2,0.00,0.00,0.000,0.000,0.00
1777904810,loop20,0.00,0.00,0.000,0.000,0.00
1777904810,loop21,0.00,0.00,0.000,0.000,0.00
1777904810,loop22,0.00,0.00,0.000,0.000,0.00
1777904810,loop23,0.00,0.00,0.000,0.000,0.00
1777904810,loop24,0.00,0.00,0.000,0.000,0.00
1777904810,loop25,0.00,0.00,0.000,0.000,0.00
1777904810,loop26,0.00,0.00,0.000,0.000,0.00
1777904810,loop27,0.00,0.00,0.000,0.000,0.00
1777904810,loop28,0.00,0.00,0.000,0.000,0.00
1777904810,loop29,0.00,0.00,0.000,0.000,0.00
1777904810,loop3,0.00,0.00,0.000,0.000,0.00
1777904810,loop30,0.00,0.00,0.000,0.000,0.00
1777904810,loop31,0.00,0.00,0.000,0.000,0.00
1777904810,loop32,0.00,0.00,0.000,0.000,0.00
1777904810,loop33,0.00,0.00,0.000,0.000,0.00
1777904810,loop34,0.00,0.00,0.000,0.000,0.00
1777904810,loop35,0.00,0.00,0.000,0.000,0.00
1777904810,loop36,0.00,0.00,0.000,0.000,0.00
1777904810,loop37,0.00,0.00,0.000,0.000,0.00
1777904810,loop38,0.00,0.00,0.000,0.000,0.00
1777904810,loop39,0.00,0.00,0.000,0.000,0.00
1777904810,loop4,0.00,0.00,0.000,0.000,0.00
1777904810,loop40,0.00,0.00,0.000,0.000,0.00
1777904810,loop5,0.00,0.00,0.000,0.000,0.00
1777904810,loop6,0.00,0.00,0.000,0.000,0.00
1777904810,loop7,0.00,0.00,0.000,0.000,0.00
1777904810,loop8,0.00,0.00,0.000,0.000,0.00
1777904810,loop9,0.00,0.00,0.000,0.000,0.00
1777904810,nvme0n1,1.00,4.00,0.000,0.000,0.00
1777904811,loop0,0.00,0.00,0.000,0.000,0.00
1777904811,loop1,0.00,0.00,0.000,0.000,0.00
1777904811,loop10,0.00,0.00,0.000,0.000,0.00
1777904811,loop11,0.00,0.00,0.000,0.000,0.00
1777904811,loop12,0.00,0.00,0.000,0.000,0.00
1777904811,loop13,0.00,0.00,0.000,0.000,0.00
1777904811,loop14,0.00,0.00,0.000,0.000,0.00
1777904811,loop15,0.00,0.00,0.000,0.000,0.00
1777904811,loop16,0.00,0.00,0.000,0.000,0.00
1777904811,loop17,0.00,0.00,0.000,0.000,0.00
1777904811,loop18,0.00,0.00,0.000,0.000,0.00
1777904811,loop19,0.00,0.00,0.000,0.000,0.00
1777904811,loop2,0.00,0.00,0.000,0.000,0.00
1777904811,loop20,0.00,0.00,0.000,0.000,0.00
1777904811,loop21,0.00,0.00,0.000,0.000,0.00
1777904811,loop22,0.00,0.00,0.000,0.000,0.00
1777904811,loop23,0.00,0.00,0.000,0.000,0.00
1777904811,loop24,0.00,0.00,0.000,0.000,0.00
1777904811,loop25,0.00,0.00,0.000,0.000,0.00
1777904811,loop26,0.00,0.00,0.000,0.000,0.00
1777904811,loop27,0.00,0.00,0.000,0.000,0.00
1777904811,loop28,0.00,0.00,0.000,0.000,0.00
1777904811,loop29,0.00,0.00,0.000,0.000,0.00
1777904811,loop3,0.00,0.00,0.000,0.000,0.00
1777904811,loop30,0.00,0.00,0.000,0.000,0.00
1777904811,loop31,0.00,0.00,0.000,0.000,0.00
1777904811,loop32,0.00,0.00,0.000,0.000,0.00
1777904811,loop33,0.00,0.00,0.000,0.000,0.00
1777904811,loop34,0.00,0.00,0.000,0.000,0.00
1777904811,loop35,0.00,0.00,0.000,0.000,0.00
1777904811,loop36,0.00,0.00,0.000,0.000,0.00
1777904811,loop37,0.00,0.00,0.000,0.000,0.00
1777904811,loop38,0.00,0.00,0.000,0.000,0.00
1777904811,loop39,0.00,0.00,0.000,0.000,0.00
1777904811,loop4,0.00,0.00,0.000,0.000,0.00
1777904811,loop40,0.00,0.00,0.000,0.000,0.00
1777904811,loop5,0.00,0.00,0.000,0.000,0.00
1777904811,loop6,0.00,0.00,0.000,0.000,0.00
1777904811,loop7,0.00,0.00,0.000,0.000,0.00
1777904811,loop8,0.00,0.00,0.000,0.000,0.00
1777904811,loop9,0.00,0.00,0.000,0.000,0.00
1777904811,nvme0n1,0.00,0.00,0.000,0.000,0.40
1777904812,loop0,0.00,0.00,0.000,0.000,0.00
1777904812,loop1,0.00,0.00,0.000,0.000,0.00
1777904812,loop10,0.00,0.00,0.000,0.000,0.00
1777904812,loop11,0.00,0.00,0.000,0.000,0.00
1777904812,loop12,0.00,0.00,0.000,0.000,0.00
1777904812,loop13,0.00,0.00,0.000,0.000,0.00
1777904812,loop14,0.00,0.00,0.000,0.000,0.00
1777904812,loop15,0.00,0.00,0.000,0.000,0.00
1777904812,loop16,0.00,0.00,0.000,0.000,0.00
1777904812,loop17,0.00,0.00,0.000,0.000,0.00
1777904812,loop18,0.00,0.00,0.000,0.000,0.00
1777904812,loop19,0.00,0.00,0.000,0.000,0.00
1777904812,loop2,0.00,0.00,0.000,0.000,0.00
1777904812,loop20,0.00,0.00,0.000,0.000,0.00
1777904812,loop21,0.00,0.00,0.000,0.000,0.00
1777904812,loop22,0.00,0.00,0.000,0.000,0.00
1777904812,loop23,0.00,0.00,0.000,0.000,0.00
1777904812,loop24,0.00,0.00,0.000,0.000,0.00
1777904812,loop25,0.00,0.00,0.000,0.000,0.00
1777904812,loop26,0.00,0.00,0.000,0.000,0.00
1777904812,loop27,0.00,0.00,0.000,0.000,0.00
1777904812,loop28,0.00,0.00,0.000,0.000,0.00
1777904812,loop29,0.00,0.00,0.000,0.000,0.00
1777904812,loop3,0.00,0.00,0.000,0.000,0.00
1777904812,loop30,0.00,0.00,0.000,0.000,0.00
1777904812,loop31,0.00,0.00,0.000,0.000,0.00
1777904812,loop32,0.00,0.00,0.000,0.000,0.00
1777904812,loop33,0.00,0.00,0.000,0.000,0.00
1777904812,loop34,0.00,0.00,0.000,0.000,0.00
1777904812,loop35,0.00,0.00,0.000,0.000,0.00
1777904812,loop36,0.00,0.00,0.000,0.000,0.00
1777904812,loop37,0.00,0.00,0.000,0.000,0.00
1777904812,loop38,0.00,0.00,0.000,0.000,0.00
1777904812,loop39,0.00,0.00,0.000,0.000,0.00
1777904812,loop4,0.00,0.00,0.000,0.000,0.00
1777904812,loop40,0.00,0.00,0.000,0.000,0.00
1777904812,loop5,0.00,0.00,0.000,0.000,0.00
1777904812,loop6,0.00,0.00,0.000,0.000,0.00
1777904812,loop7,0.00,0.00,0.000,0.000,0.00
1777904812,loop8,0.00,0.00,0.000,0.000,0.00
1777904812,loop9,0.00,0.00,0.000,0.000,0.00
1777904812,nvme0n1,0.00,0.00,0.000,0.000,0.00
1777904813,loop0,0.00,0.00,0.000,0.000,0.00
1777904813,loop1,0.00,0.00,0.000,0.000,0.00
1777904813,loop10,0.00,0.00,0.000,0.000,0.00
1777904813,loop11,0.00,0.00,0.000,0.000,0.00
1777904813,loop12,0.00,0.00,0.000,0.000,0.00
1777904813,loop13,0.00,0.00,0.000,0.000,0.00
1777904813,loop14,0.00,0.00,0.000,0.000,0.00
1777904813,loop15,0.00,0.00,0.000,0.000,0.00
1777904813,loop16,0.00,0.00,0.000,0.000,0.00
1777904813,loop17,0.00,0.00,0.000,0.000,0.00
1777904813,loop18,0.00,0.00,0.000,0.000,0.00
1777904813,loop19,0.00,0.00,0.000,0.000,0.00
1777904813,loop2,0.00,0.00,0.000,0.000,0.00
1777904813,loop20,0.00,0.00,0.000,0.000,0.00
1777904813,loop21,0.00,0.00,0.000,0.000,0.00
1777904813,loop22,0.00,0.00,0.000,0.000,0.00
1777904813,loop23,0.00,0.00,0.000,0.000,0.00
1777904813,loop24,0.00,0.00,0.000,0.000,0.00
1777904813,loop25,0.00,0.00,0.000,0.000,0.00
1777904813,loop26,0.00,0.00,0.000,0.000,0.00
1777904813,loop27,0.00,0.00,0.000,0.000,0.00
1777904813,loop28,0.00,0.00,0.000,0.000,0.00
1777904813,loop29,0.00,0.00,0.000,0.000,0.00
1777904813,loop3,0.00,0.00,0.000,0.000,0.00
1777904813,loop30,0.00,0.00,0.000,0.000,0.00
1777904813,loop31,0.00,0.00,0.000,0.000,0.00
1777904813,loop32,0.00,0.00,0.000,0.000,0.00
1777904813,loop33,0.00,0.00,0.000,0.000,0.00
1777904813,loop34,0.00,0.00,0.000,0.000,0.00
1777904813,loop35,0.00,0.00,0.000,0.000,0.00
1777904813,loop36,0.00,0.00,0.000,0.000,0.00
1777904813,loop37,0.00,0.00,0.000,0.000,0.00
1777904813,loop38,0.00,0.00,0.000,0.000,0.00
1777904813,loop39,0.00,0.00,0.000,0.000,0.00
1777904813,loop4,0.00,0.00,0.000,0.000,0.00
1777904813,loop40,0.00,0.00,0.000,0.000,0.00
1777904813,loop5,0.00,0.00,0.000,0.000,0.00
1777904813,loop6,0.00,0.00,0.000,0.000,0.00
1777904813,loop7,0.00,0.00,0.000,0.000,0.00
1777904813,loop8,0.00,0.00,0.000,0.000,0.00
1777904813,loop9,0.00,0.00,0.000,0.000,0.00
1777904813,nvme0n1,0.00,0.00,0.000,0.000,0.60
1777904814,loop0,0.00,0.00,0.000,0.000,0.00
1777904814,loop1,0.00,0.00,0.000,0.000,0.00
1777904814,loop10,0.00,0.00,0.000,0.000,0.00
1777904814,loop11,0.00,0.00,0.000,0.000,0.00
1777904814,loop12,0.00,0.00,0.000,0.000,0.00
1777904814,loop13,0.00,0.00,0.000,0.000,0.00
1777904814,loop14,0.00,0.00,0.000,0.000,0.00
1777904814,loop15,0.00,0.00,0.000,0.000,0.00
1777904814,loop16,0.00,0.00,0.000,0.000,0.00
1777904814,loop17,0.00,0.00,0.000,0.000,0.00
1777904814,loop18,0.00,0.00,0.000,0.000,0.00
1777904814,loop19,0.00,0.00,0.000,0.000,0.00
1777904814,loop2,0.00,0.00,0.000,0.000,0.00
1777904814,loop20,0.00,0.00,0.000,0.000,0.00
1777904814,loop21,0.00,0.00,0.000,0.000,0.00
1777904814,loop22,0.00,0.00,0.000,0.000,0.00
1777904814,loop23,0.00,0.00,0.000,0.000,0.00
1777904814,loop24,0.00,0.00,0.000,0.000,0.00
1777904814,loop25,0.00,0.00,0.000,0.000,0.00
1777904814,loop26,0.00,0.00,0.000,0.000,0.00
1777904814,loop27,0.00,0.00,0.000,0.000,0.00
1777904814,loop28,0.00,0.00,0.000,0.000,0.00
1777904814,loop29,0.00,0.00,0.000,0.000,0.00
1777904814,loop3,0.00,0.00,0.000,0.000,0.00
1777904814,loop30,0.00,0.00,0.000,0.000,0.00
1777904814,loop31,0.00,0.00,0.000,0.000,0.00
1777904814,loop32,0.00,0.00,0.000,0.000,0.00
1777904814,loop33,0.00,0.00,0.000,0.000,0.00
1777904814,loop34,0.00,0.00,0.000,0.000,0.00
1777904814,loop35,0.00,0.00,0.000,0.000,0.00
1777904814,loop36,0.00,0.00,0.000,0.000,0.00
1777904814,loop37,0.00,0.00,0.000,0.000,0.00
1777904814,loop38,0.00,0.00,0.000,0.000,0.00
1777904814,loop39,0.00,0.00,0.000,0.000,0.00
1777904814,loop4,0.00,0.00,0.000,0.000,0.00
1777904814,loop40,0.00,0.00,0.000,0.000,0.00
1777904814,loop5,0.00,0.00,0.000,0.000,0.00
1777904814,loop6,0.00,0.00,0.000,0.000,0.00
1777904814,loop7,0.00,0.00,0.000,0.000,0.00
1777904814,loop8,0.00,0.00,0.000,0.000,0.00
1777904814,loop9,0.00,0.00,0.000,0.000,0.00
1777904814,nvme0n1,0.00,0.00,0.000,0.000,0.00
1777904815,loop0,0.00,0.00,0.000,0.000,0.00
1777904815,loop1,0.00,0.00,0.000,0.000,0.00
1777904815,loop10,0.00,0.00,0.000,0.000,0.00
1777904815,loop11,0.00,0.00,0.000,0.000,0.00
1777904815,loop12,0.00,0.00,0.000,0.000,0.00
1777904815,loop13,0.00,0.00,0.000,0.000,0.00
1777904815,loop14,0.00,0.00,0.000,0.000,0.00
1777904815,loop15,0.00,0.00,0.000,0.000,0.00
1777904815,loop16,0.00,0.00,0.000,0.000,0.00
1777904815,loop17,0.00,0.00,0.000,0.000,0.00
1777904815,loop18,0.00,0.00,0.000,0.000,0.00
1777904815,loop19,0.00,0.00,0.000,0.000,0.00
1777904815,loop2,0.00,0.00,0.000,0.000,0.00
1777904815,loop20,0.00,0.00,0.000,0.000,0.00
1777904815,loop21,0.00,0.00,0.000,0.000,0.00
1777904815,loop22,0.00,0.00,0.000,0.000,0.00
1777904815,loop23,0.00,0.00,0.000,0.000,0.00
1777904815,loop24,0.00,0.00,0.000,0.000,0.00
1777904815,loop25,0.00,0.00,0.000,0.000,0.00
1777904815,loop26,0.00,0.00,0.000,0.000,0.00
1777904815,loop27,0.00,0.00,0.000,0.000,0.00
1777904815,loop28,0.00,0.00,0.000,0.000,0.00
1777904815,loop29,0.00,0.00,0.000,0.000,0.00
1777904815,loop3,0.00,0.00,0.000,0.000,0.00
1777904815,loop30,0.00,0.00,0.000,0.000,0.00
1777904815,loop31,0.00,0.00,0.000,0.000,0.00
1777904815,loop32,0.00,0.00,0.000,0.000,0.00
1777904815,loop33,0.00,0.00,0.000,0.000,0.00
1777904815,loop34,0.00,0.00,0.000,0.000,0.00
1777904815,loop35,0.00,0.00,0.000,0.000,0.00
1777904815,loop36,0.00,0.00,0.000,0.000,0.00
1777904815,loop37,0.00,0.00,0.000,0.000,0.00
1777904815,loop38,0.00,0.00,0.000,0.000,0.00
1777904815,loop39,0.00,0.00,0.000,0.000,0.00
1777904815,loop4,0.00,0.00,0.000,0.000,0.00
1777904815,loop40,0.00,0.00,0.000,0.000,0.00
1777904815,loop5,0.00,0.00,0.000,0.000,0.00
1777904815,loop6,0.00,0.00,0.000,0.000,0.00
1777904815,loop7,0.00,0.00,0.000,0.000,0.00
1777904815,loop8,0.00,0.00,0.000,0.000,0.00
1777904815,loop9,0.00,0.00,0.000,0.000,0.00
1777904815,nvme0n1,0.00,0.00,0.000,0.000,0.00
1777904816,loop0,0.00,0.00,0.000,0.000,0.00
1777904816,loop1,0.00,0.00,0.000,0.000,0.00
1777904816,loop10,0.00,0.00,0.000,0.000,0.00
1777904816,loop11,0.00,0.00,0.000,0.000,0.00
1777904816,loop12,0.00,0.00,0.000,0.000,0.00
1777904816,loop13,0.00,0.00,0.000,0.000,0.00
1777904816,loop14,0.00,0.00,0.000,0.000,0.00
1777904816,loop15,0.00,0.00,0.000,0.000,0.00
1777904816,loop16,0.00,0.00,0.000,0.000,0.00
1777904816,loop17,0.00,0.00,0.000,0.000,0.00
1777904816,loop18,0.00,0.00,0.000,0.000,0.00
1777904816,loop19,0.00,0.00,0.000,0.000,0.00
1777904816,loop2,0.00,0.00,0.000,0.000,0.00
1777904816,loop20,0.00,0.00,0.000,0.000,0.00
1777904816,loop21,0.00,0.00,0.000,0.000,0.00
1777904816,loop22,0.00,0.00,0.000,0.000,0.00
1777904816,loop23,0.00,0.00,0.000,0.000,0.00
1777904816,loop24,0.00,0.00,0.000,0.000,0.00
1777904816,loop25,0.00,0.00,0.000,0.000,0.00
1777904816,loop26,0.00,0.00,0.000,0.000,0.00
1777904816,loop27,0.00,0.00,0.000,0.000,0.00
1777904816,loop28,0.00,0.00,0.000,0.000,0.00
1777904816,loop29,0.00,0.00,0.000,0.000,0.00
1777904816,loop3,0.00,0.00,0.000,0.000,0.00
1777904816,loop30,0.00,0.00,0.000,0.000,0.00
1777904816,loop31,0.00,0.00,0.000,0.000,0.00
1777904816,loop32,0.00,0.00,0.000,0.000,0.00
1777904816,loop33,0.00,0.00,0.000,0.000,0.00
1777904816,loop34,0.00,0.00,0.000,0.000,0.00
1777904816,loop35,0.00,0.00,0.000,0.000,0.00
1777904816,loop36,0.00,0.00,0.000,0.000,0.00
1777904816,loop37,0.00,0.00,0.000,0.000,0.00
1777904816,loop38,0.00,0.00,0.000,0.000,0.00
1777904816,loop39,0.00,0.00,0.000,0.000,0.00
1777904816,loop4,0.00,0.00,0.000,0.000,0.00
1777904816,loop40,0.00,0.00,0.000,0.000,0.00
1777904816,loop5,0.00,0.00,0.000,0.000,0.00
1777904816,loop6,0.00,0.00,0.000,0.000,0.00
1777904816,loop7,0.00,0.00,0.000,0.000,0.00
1777904816,loop8,0.00,0.00,0.000,0.000,0.00
1777904816,loop9,0.00,0.00,0.000,0.000,0.00
1777904816,nvme0n1,0.00,0.00,0.000,0.000,0.00
1777904817,loop0,0.00,0.00,0.000,0.000,0.00
1777904817,loop1,0.00,0.00,0.000,0.000,0.00
1777904817,loop10,0.00,0.00,0.000,0.000,0.00
1777904817,loop11,0.00,0.00,0.000,0.000,0.00
1777904817,loop12,0.00,0.00,0.000,0.000,0.00
1777904817,loop13,0.00,0.00,0.000,0.000,0.00
1777904817,loop14,0.00,0.00,0.000,0.000,0.00
1777904817,loop15,0.00,0.00,0.000,0.000,0.00
1777904817,loop16,0.00,0.00,0.000,0.000,0.00
1777904817,loop17,0.00,0.00,0.000,0.000,0.00
1777904817,loop18,0.00,0.00,0.000,0.000,0.00
1777904817,loop19,0.00,0.00,0.000,0.000,0.00
1777904817,loop2,0.00,0.00,0.000,0.000,0.00
1777904817,loop20,0.00,0.00,0.000,0.000,0.00
1777904817,loop21,0.00,0.00,0.000,0.000,0.00
1777904817,loop22,0.00,0.00,0.000,0.000,0.00
1777904817,loop23,0.00,0.00,0.000,0.000,0.00
1777904817,loop24,0.00,0.00,0.000,0.000,0.00
1777904817,loop25,0.00,0.00,0.000,0.000,0.00
1777904817,loop26,0.00,0.00,0.000,0.000,0.00
1777904817,loop27,0.00,0.00,0.000,0.000,0.00
1777904817,loop28,0.00,0.00,0.000,0.000,0.00
1777904817,loop29,0.00,0.00,0.000,0.000,0.00
1777904817,loop3,0.00,0.00,0.000,0.000,0.00
1777904817,loop30,0.00,0.00,0.000,0.000,0.00
1777904817,loop31,0.00,0.00,0.000,0.000,0.00
1777904817,loop32,0.00,0.00,0.000,0.000,0.00
1777904817,loop33,0.00,0.00,0.000,0.000,0.00
1777904817,loop34,0.00,0.00,0.000,0.000,0.00
1777904817,loop35,0.00,0.00,0.000,0.000,0.00
1777904817,loop36,0.00,0.00,0.000,0.000,0.00
1777904817,loop37,0.00,0.00,0.000,0.000,0.00
1777904817,loop38,0.00,0.00,0.000,0.000,0.00
1777904817,loop39,0.00,0.00,0.000,0.000,0.00
1777904817,loop4,0.00,0.00,0.000,0.000,0.00
1777904817,loop40,0.00,0.00,0.000,0.000,0.00
1777904817,loop5,0.00,0.00,0.000,0.000,0.00
1777904817,loop6,0.00,0.00,0.000,0.000,0.00
1777904817,loop7,0.00,0.00,0.000,0.000,0.00
1777904817,loop8,0.00,0.00,0.000,0.000,0.00
1777904817,loop9,0.00,0.00,0.000,0.000,0.00
1777904817,nvme0n1,0.00,0.00,0.000,0.000,0.00
1777904818,loop0,0.00,0.00,0.000,0.000,0.00
1777904818,loop1,0.00,0.00,0.000,0.000,0.00
1777904818,loop10,0.00,0.00,0.000,0.000,0.00
1777904818,loop11,0.00,0.00,0.000,0.000,0.00
1777904818,loop12,0.00,0.00,0.000,0.000,0.00
1777904818,loop13,0.00,0.00,0.000,0.000,0.00
1777904818,loop14,0.00,0.00,0.000,0.000,0.00
1777904818,loop15,0.00,0.00,0.000,0.000,0.00
1777904818,loop16,0.00,0.00,0.000,0.000,0.00
1777904818,loop17,0.00,0.00,0.000,0.000,0.00
1777904818,loop18,0.00,0.00,0.000,0.000,0.00
1777904818,loop19,0.00,0.00,0.000,0.000,0.00
1777904818,loop2,0.00,0.00,0.000,0.000,0.00
1777904818,loop20,0.00,0.00,0.000,0.000,0.00
1777904818,loop21,0.00,0.00,0.000,0.000,0.00
1777904818,loop22,0.00,0.00,0.000,0.000,0.00
1777904818,loop23,0.00,0.00,0.000,0.000,0.00
1777904818,loop24,0.00,0.00,0.000,0.000,0.00
1777904818,loop25,0.00,0.00,0.000,0.000,0.00
1777904818,loop26,0.00,0.00,0.000,0.000,0.00
1777904818,loop27,0.00,0.00,0.000,0.000,0.00
1777904818,loop28,0.00,0.00,0.000,0.000,0.00
1777904818,loop29,0.00,0.00,0.000,0.000,0.00
1777904818,loop3,0.00,0.00,0.000,0.000,0.00
1777904818,loop30,0.00,0.00,0.000,0.000,0.00
1777904818,loop31,0.00,0.00,0.000,0.000,0.00
1777904818,loop32,0.00,0.00,0.000,0.000,0.00
1777904818,loop33,0.00,0.00,0.000,0.000,0.00
1777904818,loop34,0.00,0.00,0.000,0.000,0.00
1777904818,loop35,0.00,0.00,0.000,0.000,0.00
1777904818,loop36,0.00,0.00,0.000,0.000,0.00
1777904818,loop37,0.00,0.00,0.000,0.000,0.00
1777904818,loop38,0.00,0.00,0.000,0.000,0.00
1777904818,loop39,0.00,0.00,0.000,0.000,0.00
1777904818,loop4,0.00,0.00,0.000,0.000,0.00
1777904818,loop40,0.00,0.00,0.000,0.000,0.00
1777904818,loop5,0.00,0.00,0.000,0.000,0.00
1777904818,loop6,0.00,0.00,0.000,0.000,0.00
1777904818,loop7,0.00,0.00,0.000,0.000,0.00
1777904818,loop8,0.00,0.00,0.000,0.000,0.00
1777904818,loop9,0.00,0.00,0.000,0.000,0.00
1777904818,nvme0n1,0.00,0.00,0.000,0.000,5.30
1777904819,loop0,0.00,0.00,0.000,0.000,0.00
1777904819,loop1,0.00,0.00,0.000,0.000,0.00
1777904819,loop10,0.00,0.00,0.000,0.000,0.00
1777904819,loop11,0.00,0.00,0.000,0.000,0.00
1777904819,loop12,0.00,0.00,0.000,0.000,0.00
1777904819,loop13,0.00,0.00,0.000,0.000,0.00
1777904819,loop14,0.00,0.00,0.000,0.000,0.00
1777904819,loop15,0.00,0.00,0.000,0.000,0.00
1777904819,loop16,0.00,0.00,0.000,0.000,0.00
1777904819,loop17,0.00,0.00,0.000,0.000,0.00
1777904819,loop18,0.00,0.00,0.000,0.000,0.00
1777904819,loop19,0.00,0.00,0.000,0.000,0.00
1777904819,loop2,0.00,0.00,0.000,0.000,0.00
1777904819,loop20,0.00,0.00,0.000,0.000,0.00
1777904819,loop21,0.00,0.00,0.000,0.000,0.00
1777904819,loop22,0.00,0.00,0.000,0.000,0.00
1777904819,loop23,0.00,0.00,0.000,0.000,0.00
1777904819,loop24,0.00,0.00,0.000,0.000,0.00
1777904819,loop25,0.00,0.00,0.000,0.000,0.00
1777904819,loop26,0.00,0.00,0.000,0.000,0.00
1777904819,loop27,0.00,0.00,0.000,0.000,0.00
1777904819,loop28,0.00,0.00,0.000,0.000,0.00
1777904819,loop29,0.00,0.00,0.000,0.000,0.00
1777904819,loop3,0.00,0.00,0.000,0.000,0.00
1777904819,loop30,0.00,0.00,0.000,0.000,0.00
1777904819,loop31,0.00,0.00,0.000,0.000,0.00
1777904819,loop32,0.00,0.00,0.000,0.000,0.00
1777904819,loop33,0.00,0.00,0.000,0.000,0.00
1777904819,loop34,0.00,0.00,0.000,0.000,0.00
1777904819,loop35,0.00,0.00,0.000,0.000,0.00
1777904819,loop36,0.00,0.00,0.000,0.000,0.00
1777904819,loop37,0.00,0.00,0.000,0.000,0.00
1777904819,loop38,0.00,0.00,0.000,0.000,0.00
1777904819,loop39,0.00,0.00,0.000,0.000,0.00
1777904819,loop4,0.00,0.00,0.000,0.000,0.00
1777904819,loop40,0.00,0.00,0.000,0.000,0.00
1777904819,loop5,0.00,0.00,0.000,0.000,0.00
1777904819,loop6,0.00,0.00,0.000,0.000,0.00
1777904819,loop7,0.00,0.00,0.000,0.000,0.00
1777904819,loop8,0.00,0.00,0.000,0.000,0.00
1777904819,loop9,0.00,0.00,0.000,0.000,0.00
1777904819,nvme0n1,0.00,0.00,0.000,0.000,0.80
1777904820,loop0,0.00,0.00,0.000,0.000,0.00
1777904820,loop1,0.00,0.00,0.000,0.000,0.00
1777904820,loop10,0.00,0.00,0.000,0.000,0.00
1777904820,loop11,0.00,0.00,0.000,0.000,0.00
1777904820,loop12,0.00,0.00,0.000,0.000,0.00
1777904820,loop13,0.00,0.00,0.000,0.000,0.00
1777904820,loop14,0.00,0.00,0.000,0.000,0.00
1777904820,loop15,0.00,0.00,0.000,0.000,0.00
1777904820,loop16,0.00,0.00,0.000,0.000,0.00
1777904820,loop17,0.00,0.00,0.000,0.000,0.00
1777904820,loop18,0.00,0.00,0.000,0.000,0.00
1777904820,loop19,0.00,0.00,0.000,0.000,0.00
1777904820,loop2,0.00,0.00,0.000,0.000,0.00
1777904820,loop20,0.00,0.00,0.000,0.000,0.00
1777904820,loop21,0.00,0.00,0.000,0.000,0.00
1777904820,loop22,0.00,0.00,0.000,0.000,0.00
1777904820,loop23,0.00,0.00,0.000,0.000,0.00
1777904820,loop24,0.00,0.00,0.000,0.000,0.00
1777904820,loop25,0.00,0.00,0.000,0.000,0.00
1777904820,loop26,0.00,0.00,0.000,0.000,0.00
1777904820,loop27,0.00,0.00,0.000,0.000,0.00
1777904820,loop28,0.00,0.00,0.000,0.000,0.00
1777904820,loop29,0.00,0.00,0.000,0.000,0.00
1777904820,loop3,0.00,0.00,0.000,0.000,0.00
1777904820,loop30,0.00,0.00,0.000,0.000,0.00
1777904820,loop31,0.00,0.00,0.000,0.000,0.00
1777904820,loop32,0.00,0.00,0.000,0.000,0.00
1777904820,loop33,0.00,0.00,0.000,0.000,0.00
1777904820,loop34,0.00,0.00,0.000,0.000,0.00
1777904820,loop35,0.00,0.00,0.000,0.000,0.00
1777904820,loop36,0.00,0.00,0.000,0.000,0.00
1777904820,loop37,0.00,0.00,0.000,0.000,0.00
1777904820,loop38,0.00,0.00,0.000,0.000,0.00
1777904820,loop39,0.00,0.00,0.000,0.000,0.00
1777904820,loop4,0.00,0.00,0.000,0.000,0.00
1777904820,loop40,0.00,0.00,0.000,0.000,0.00
1777904820,loop5,0.00,0.00,0.000,0.000,0.00
1777904820,loop6,0.00,0.00,0.000,0.000,0.00
1777904820,loop7,0.00,0.00,0.000,0.000,0.00
1777904820,loop8,0.00,0.00,0.000,0.000,0.00
1777904820,loop9,0.00,0.00,0.000,0.000,0.00
1777904820,nvme0n1,1.00,4.00,0.000,0.000,0.10
1777904821,loop0,0.00,0.00,0.000,0.000,0.00
1777904821,loop1,0.00,0.00,0.000,0.000,0.00
1777904821,loop10,0.00,0.00,0.000,0.000,0.00
1777904821,loop11,0.00,0.00,0.000,0.000,0.00
1777904821,loop12,0.00,0.00,0.000,0.000,0.00
1777904821,loop13,0.00,0.00,0.000,0.000,0.00
1777904821,loop14,0.00,0.00,0.000,0.000,0.00
1777904821,loop15,0.00,0.00,0.000,0.000,0.00
1777904821,loop16,0.00,0.00,0.000,0.000,0.00
1777904821,loop17,0.00,0.00,0.000,0.000,0.00
1777904821,loop18,0.00,0.00,0.000,0.000,0.00
1777904821,loop19,0.00,0.00,0.000,0.000,0.00
1777904821,loop2,0.00,0.00,0.000,0.000,0.00
1777904821,loop20,0.00,0.00,0.000,0.000,0.00
1777904821,loop21,0.00,0.00,0.000,0.000,0.00
1777904821,loop22,0.00,0.00,0.000,0.000,0.00
1777904821,loop23,0.00,0.00,0.000,0.000,0.00
1777904821,loop24,0.00,0.00,0.000,0.000,0.00
1777904821,loop25,0.00,0.00,0.000,0.000,0.00
1777904821,loop26,0.00,0.00,0.000,0.000,0.00
1777904821,loop27,0.00,0.00,0.000,0.000,0.00
1777904821,loop28,0.00,0.00,0.000,0.000,0.00
1777904821,loop29,0.00,0.00,0.000,0.000,0.00
1777904821,loop3,0.00,0.00,0.000,0.000,0.00
1777904821,loop30,0.00,0.00,0.000,0.000,0.00
1777904821,loop31,0.00,0.00,0.000,0.000,0.00
1777904821,loop32,0.00,0.00,0.000,0.000,0.00
1777904821,loop33,0.00,0.00,0.000,0.000,0.00
1777904821,loop34,0.00,0.00,0.000,0.000,0.00
1777904821,loop35,0.00,0.00,0.000,0.000,0.00
1777904821,loop36,0.00,0.00,0.000,0.000,0.00
1777904821,loop37,0.00,0.00,0.000,0.000,0.00
1777904821,loop38,0.00,0.00,0.000,0.000,0.00
1777904821,loop39,0.00,0.00,0.000,0.000,0.00
1777904821,loop4,0.00,0.00,0.000,0.000,0.00
1777904821,loop40,0.00,0.00,0.000,0.000,0.00
1777904821,loop5,0.00,0.00,0.000,0.000,0.00
1777904821,loop6,0.00,0.00,0.000,0.000,0.00
1777904821,loop7,0.00,0.00,0.000,0.000,0.00
1777904821,loop8,0.00,0.00,0.000,0.000,0.00
1777904821,loop9,0.00,0.00,0.000,0.000,0.00
1777904821,nvme0n1,8.00,32.00,0.000,0.000,0.20
1777904822,loop0,0.00,0.00,0.000,0.000,0.00
1777904822,loop1,0.00,0.00,0.000,0.000,0.00
1777904822,loop10,0.00,0.00,0.000,0.000,0.00
1777904822,loop11,0.00,0.00,0.000,0.000,0.00
1777904822,loop12,0.00,0.00,0.000,0.000,0.00
1777904822,loop13,0.00,0.00,0.000,0.000,0.00
1777904822,loop14,0.00,0.00,0.000,0.000,0.00
1777904822,loop15,0.00,0.00,0.000,0.000,0.00
1777904822,loop16,0.00,0.00,0.000,0.000,0.00
1777904822,loop17,0.00,0.00,0.000,0.000,0.00
1777904822,loop18,0.00,0.00,0.000,0.000,0.00
1777904822,loop19,0.00,0.00,0.000,0.000,0.00
1777904822,loop2,0.00,0.00,0.000,0.000,0.00
1777904822,loop20,0.00,0.00,0.000,0.000,0.00
1777904822,loop21,0.00,0.00,0.000,0.000,0.00
1777904822,loop22,0.00,0.00,0.000,0.000,0.00
1777904822,loop23,0.00,0.00,0.000,0.000,0.00
1777904822,loop24,0.00,0.00,0.000,0.000,0.00
1777904822,loop25,0.00,0.00,0.000,0.000,0.00
1777904822,loop26,0.00,0.00,0.000,0.000,0.00
1777904822,loop27,0.00,0.00,0.000,0.000,0.00
1777904822,loop28,0.00,0.00,0.000,0.000,0.00
1777904822,loop29,0.00,0.00,0.000,0.000,0.00
1777904822,loop3,0.00,0.00,0.000,0.000,0.00
1777904822,loop30,0.00,0.00,0.000,0.000,0.00
1777904822,loop31,0.00,0.00,0.000,0.000,0.00
1777904822,loop32,0.00,0.00,0.000,0.000,0.00
1777904822,loop33,0.00,0.00,0.000,0.000,0.00
1777904822,loop34,0.00,0.00,0.000,0.000,0.00
1777904822,loop35,0.00,0.00,0.000,0.000,0.00
1777904822,loop36,0.00,0.00,0.000,0.000,0.00
1777904822,loop37,0.00,0.00,0.000,0.000,0.00
1777904822,loop38,0.00,0.00,0.000,0.000,0.00
1777904822,loop39,0.00,0.00,0.000,0.000,0.00
1777904822,loop4,0.00,0.00,0.000,0.000,0.00
1777904822,loop40,0.00,0.00,0.000,0.000,0.00
1777904822,loop5,0.00,0.00,0.000,0.000,0.00
1777904822,loop6,0.00,0.00,0.000,0.000,0.00
1777904822,loop7,0.00,0.00,0.000,0.000,0.00
1777904822,loop8,0.00,0.00,0.000,0.000,0.00
1777904822,loop9,0.00,0.00,0.000,0.000,0.00
1777904822,nvme0n1,0.00,0.00,0.000,0.000,0.00
1777904823,loop0,0.00,0.00,0.000,0.000,0.00
1777904823,loop1,0.00,0.00,0.000,0.000,0.00
1777904823,loop10,0.00,0.00,0.000,0.000,0.00
1777904823,loop11,0.00,0.00,0.000,0.000,0.00
1777904823,loop12,0.00,0.00,0.000,0.000,0.00
1777904823,loop13,0.00,0.00,0.000,0.000,0.00
1777904823,loop14,0.00,0.00,0.000,0.000,0.00
1777904823,loop15,0.00,0.00,0.000,0.000,0.00
1777904823,loop16,0.00,0.00,0.000,0.000,0.00
1777904823,loop17,0.00,0.00,0.000,0.000,0.00
1777904823,loop18,0.00,0.00,0.000,0.000,0.00
1777904823,loop19,0.00,0.00,0.000,0.000,0.00
1777904823,loop2,0.00,0.00,0.000,0.000,0.00
1777904823,loop20,0.00,0.00,0.000,0.000,0.00
1777904823,loop21,0.00,0.00,0.000,0.000,0.00
1777904823,loop22,0.00,0.00,0.000,0.000,0.00
1777904823,loop23,0.00,0.00,0.000,0.000,0.00
1777904823,loop24,0.00,0.00,0.000,0.000,0.00
1777904823,loop25,0.00,0.00,0.000,0.000,0.00
1777904823,loop26,0.00,0.00,0.000,0.000,0.00
1777904823,loop27,0.00,0.00,0.000,0.000,0.00
1777904823,loop28,0.00,0.00,0.000,0.000,0.00
1777904823,loop29,0.00,0.00,0.000,0.000,0.00
1777904823,loop3,0.00,0.00,0.000,0.000,0.00
1777904823,loop30,0.00,0.00,0.000,0.000,0.00
1777904823,loop31,0.00,0.00,0.000,0.000,0.00
1777904823,loop32,0.00,0.00,0.000,0.000,0.00
1777904823,loop33,0.00,0.00,0.000,0.000,0.00
1777904823,loop34,0.00,0.00,0.000,0.000,0.00
1777904823,loop35,0.00,0.00,0.000,0.000,0.00
1777904823,loop36,0.00,0.00,0.000,0.000,0.00
1777904823,loop37,0.00,0.00,0.000,0.000,0.00
1777904823,loop38,0.00,0.00,0.000,0.000,0.00
1777904823,loop39,0.00,0.00,0.000,0.000,0.00
1777904823,loop4,0.00,0.00,0.000,0.000,0.00
1777904823,loop40,0.00,0.00,0.000,0.000,0.00
1777904823,loop5,0.00,0.00,0.000,0.000,0.00
1777904823,loop6,0.00,0.00,0.000,0.000,0.00
1777904823,loop7,0.00,0.00,0.000,0.000,0.00
1777904823,loop8,0.00,0.00,0.000,0.000,0.00
1777904823,loop9,0.00,0.00,0.000,0.000,0.00
1777904823,nvme0n1,0.00,0.00,0.000,0.000,0.00
1777904824,loop0,0.00,0.00,0.000,0.000,0.00
1777904824,loop1,0.00,0.00,0.000,0.000,0.00
1777904824,loop10,0.00,0.00,0.000,0.000,0.00
1777904824,loop11,0.00,0.00,0.000,0.000,0.00
1777904824,loop12,0.00,0.00,0.000,0.000,0.00
1777904824,loop13,0.00,0.00,0.000,0.000,0.00
1777904824,loop14,0.00,0.00,0.000,0.000,0.00
1777904824,loop15,0.00,0.00,0.000,0.000,0.00
1777904824,loop16,0.00,0.00,0.000,0.000,0.00
1777904824,loop17,0.00,0.00,0.000,0.000,0.00
1777904824,loop18,0.00,0.00,0.000,0.000,0.00
1777904824,loop19,0.00,0.00,0.000,0.000,0.00
1777904824,loop2,0.00,0.00,0.000,0.000,0.00
1777904824,loop20,0.00,0.00,0.000,0.000,0.00
1777904824,loop21,0.00,0.00,0.000,0.000,0.00
1777904824,loop22,0.00,0.00,0.000,0.000,0.00
1777904824,loop23,0.00,0.00,0.000,0.000,0.00
1777904824,loop24,0.00,0.00,0.000,0.000,0.00
1777904824,loop25,0.00,0.00,0.000,0.000,0.00
1777904824,loop26,0.00,0.00,0.000,0.000,0.00
1777904824,loop27,0.00,0.00,0.000,0.000,0.00
1777904824,loop28,0.00,0.00,0.000,0.000,0.00
1777904824,loop29,0.00,0.00,0.000,0.000,0.00
1777904824,loop3,0.00,0.00,0.000,0.000,0.00
1777904824,loop30,0.00,0.00,0.000,0.000,0.00
1777904824,loop31,0.00,0.00,0.000,0.000,0.00
1777904824,loop32,0.00,0.00,0.000,0.000,0.00
1777904824,loop33,0.00,0.00,0.000,0.000,0.00
1777904824,loop34,0.00,0.00,0.000,0.000,0.00
1777904824,loop35,0.00,0.00,0.000,0.000,0.00
1777904824,loop36,0.00,0.00,0.000,0.000,0.00
1777904824,loop37,0.00,0.00,0.000,0.000,0.00
1777904824,loop38,0.00,0.00,0.000,0.000,0.00
1777904824,loop39,0.00,0.00,0.000,0.000,0.00
1777904824,loop4,0.00,0.00,0.000,0.000,0.00
1777904824,loop40,0.00,0.00,0.000,0.000,0.00
1777904824,loop5,0.00,0.00,0.000,0.000,0.00
1777904824,loop6,0.00,0.00,0.000,0.000,0.00
1777904824,loop7,0.00,0.00,0.000,0.000,0.00
1777904824,loop8,0.00,0.00,0.000,0.000,0.00
1777904824,loop9,0.00,0.00,0.000,0.000,0.00
1777904824,nvme0n1,0.00,0.00,0.000,0.000,6.20
1777904825,loop0,0.00,0.00,0.000,0.000,0.00
1777904825,loop1,0.00,0.00,0.000,0.000,0.00
1777904825,loop10,0.00,0.00,0.000,0.000,0.00
1777904825,loop11,0.00,0.00,0.000,0.000,0.00
1777904825,loop12,0.00,0.00,0.000,0.000,0.00
1777904825,loop13,0.00,0.00,0.000,0.000,0.00
1777904825,loop14,0.00,0.00,0.000,0.000,0.00
1777904825,loop15,0.00,0.00,0.000,0.000,0.00
1777904825,loop16,0.00,0.00,0.000,0.000,0.00
1777904825,loop17,0.00,0.00,0.000,0.000,0.00
1777904825,loop18,0.00,0.00,0.000,0.000,0.00
1777904825,loop19,0.00,0.00,0.000,0.000,0.00
1777904825,loop2,0.00,0.00,0.000,0.000,0.00
1777904825,loop20,0.00,0.00,0.000,0.000,0.00
1777904825,loop21,0.00,0.00,0.000,0.000,0.00
1777904825,loop22,0.00,0.00,0.000,0.000,0.00
1777904825,loop23,0.00,0.00,0.000,0.000,0.00
1777904825,loop24,0.00,0.00,0.000,0.000,0.00
1777904825,loop25,0.00,0.00,0.000,0.000,0.00
1777904825,loop26,0.00,0.00,0.000,0.000,0.00
1777904825,loop27,0.00,0.00,0.000,0.000,0.00
1777904825,loop28,0.00,0.00,0.000,0.000,0.00
1777904825,loop29,0.00,0.00,0.000,0.000,0.00
1777904825,loop3,0.00,0.00,0.000,0.000,0.00
1777904825,loop30,0.00,0.00,0.000,0.000,0.00
1777904825,loop31,0.00,0.00,0.000,0.000,0.00
1777904825,loop32,0.00,0.00,0.000,0.000,0.00
1777904825,loop33,0.00,0.00,0.000,0.000,0.00
1777904825,loop34,0.00,0.00,0.000,0.000,0.00
1777904825,loop35,0.00,0.00,0.000,0.000,0.00
1777904825,loop36,0.00,0.00,0.000,0.000,0.00
1777904825,loop37,0.00,0.00,0.000,0.000,0.00
1777904825,loop38,0.00,0.00,0.000,0.000,0.00
1777904825,loop39,0.00,0.00,0.000,0.000,0.00
1777904825,loop4,0.00,0.00,0.000,0.000,0.00
1777904825,loop40,0.00,0.00,0.000,0.000,0.00
1777904825,loop5,0.00,0.00,0.000,0.000,0.00
1777904825,loop6,0.00,0.00,0.000,0.000,0.00
1777904825,loop7,0.00,0.00,0.000,0.000,0.00
1777904825,loop8,0.00,0.00,0.000,0.000,0.00
1777904825,loop9,0.00,0.00,0.000,0.000,0.00
1777904825,nvme0n1,0.00,0.00,0.000,0.000,0.60
1777904826,loop0,0.00,0.00,0.000,0.000,0.00
1777904826,loop1,0.00,0.00,0.000,0.000,0.00
1777904826,loop10,0.00,0.00,0.000,0.000,0.00
1777904826,loop11,0.00,0.00,0.000,0.000,0.00
1777904826,loop12,0.00,0.00,0.000,0.000,0.00
1777904826,loop13,0.00,0.00,0.000,0.000,0.00
1777904826,loop14,0.00,0.00,0.000,0.000,0.00
1777904826,loop15,0.00,0.00,0.000,0.000,0.00
1777904826,loop16,0.00,0.00,0.000,0.000,0.00
1777904826,loop17,0.00,0.00,0.000,0.000,0.00
1777904826,loop18,0.00,0.00,0.000,0.000,0.00
1777904826,loop19,0.00,0.00,0.000,0.000,0.00
1777904826,loop2,0.00,0.00,0.000,0.000,0.00
1777904826,loop20,0.00,0.00,0.000,0.000,0.00
1777904826,loop21,0.00,0.00,0.000,0.000,0.00
1777904826,loop22,0.00,0.00,0.000,0.000,0.00
1777904826,loop23,0.00,0.00,0.000,0.000,0.00
1777904826,loop24,0.00,0.00,0.000,0.000,0.00
1777904826,loop25,0.00,0.00,0.000,0.000,0.00
1777904826,loop26,0.00,0.00,0.000,0.000,0.00
1777904826,loop27,0.00,0.00,0.000,0.000,0.00
1777904826,loop28,0.00,0.00,0.000,0.000,0.00
1777904826,loop29,0.00,0.00,0.000,0.000,0.00
1777904826,loop3,0.00,0.00,0.000,0.000,0.00
1777904826,loop30,0.00,0.00,0.000,0.000,0.00
1777904826,loop31,0.00,0.00,0.000,0.000,0.00
1777904826,loop32,0.00,0.00,0.000,0.000,0.00
1777904826,loop33,0.00,0.00,0.000,0.000,0.00
1777904826,loop34,0.00,0.00,0.000,0.000,0.00
1777904826,loop35,0.00,0.00,0.000,0.000,0.00
1777904826,loop36,0.00,0.00,0.000,0.000,0.00
1777904826,loop37,0.00,0.00,0.000,0.000,0.00
1777904826,loop38,0.00,0.00,0.000,0.000,0.00
1777904826,loop39,0.00,0.00,0.000,0.000,0.00
1777904826,loop4,0.00,0.00,0.000,0.000,0.00
1777904826,loop40,0.00,0.00,0.000,0.000,0.00
1777904826,loop5,0.00,0.00,0.000,0.000,0.00
1777904826,loop6,0.00,0.00,0.000,0.000,0.00
1777904826,loop7,0.00,0.00,0.000,0.000,0.00
1777904826,loop8,0.00,0.00,0.000,0.000,0.00
1777904826,loop9,0.00,0.00,0.000,0.000,0.00
1777904826,nvme0n1,0.00,0.00,0.000,0.000,0.00
1777904827,loop0,0.00,0.00,0.000,0.000,0.00
1777904827,loop1,0.00,0.00,0.000,0.000,0.00
1777904827,loop10,0.00,0.00,0.000,0.000,0.00
1777904827,loop11,0.00,0.00,0.000,0.000,0.00
1777904827,loop12,0.00,0.00,0.000,0.000,0.00
1777904827,loop13,0.00,0.00,0.000,0.000,0.00
1777904827,loop14,0.00,0.00,0.000,0.000,0.00
1777904827,loop15,0.00,0.00,0.000,0.000,0.00
1777904827,loop16,0.00,0.00,0.000,0.000,0.00
1777904827,loop17,0.00,0.00,0.000,0.000,0.00
1777904827,loop18,0.00,0.00,0.000,0.000,0.00
1777904827,loop19,0.00,0.00,0.000,0.000,0.00
1777904827,loop2,0.00,0.00,0.000,0.000,0.00
1777904827,loop20,0.00,0.00,0.000,0.000,0.00
1777904827,loop21,0.00,0.00,0.000,0.000,0.00
1777904827,loop22,0.00,0.00,0.000,0.000,0.00
1777904827,loop23,0.00,0.00,0.000,0.000,0.00
1777904827,loop24,0.00,0.00,0.000,0.000,0.00
1777904827,loop25,0.00,0.00,0.000,0.000,0.00
1777904827,loop26,0.00,0.00,0.000,0.000,0.00
1777904827,loop27,0.00,0.00,0.000,0.000,0.00
1777904827,loop28,0.00,0.00,0.000,0.000,0.00
1777904827,loop29,0.00,0.00,0.000,0.000,0.00
1777904827,loop3,0.00,0.00,0.000,0.000,0.00
1777904827,loop30,0.00,0.00,0.000,0.000,0.00
1777904827,loop31,0.00,0.00,0.000,0.000,0.00
1777904827,loop32,0.00,0.00,0.000,0.000,0.00
1777904827,loop33,0.00,0.00,0.000,0.000,0.00
1777904827,loop34,0.00,0.00,0.000,0.000,0.00
1777904827,loop35,0.00,0.00,0.000,0.000,0.00
1777904827,loop36,0.00,0.00,0.000,0.000,0.00
1777904827,loop37,0.00,0.00,0.000,0.000,0.00
1777904827,loop38,0.00,0.00,0.000,0.000,0.00
1777904827,loop39,0.00,0.00,0.000,0.000,0.00
1777904827,loop4,0.00,0.00,0.000,0.000,0.00
1777904827,loop40,0.00,0.00,0.000,0.000,0.00
1777904827,loop5,0.00,0.00,0.000,0.000,0.00
1777904827,loop6,0.00,0.00,0.000,0.000,0.00
1777904827,loop7,0.00,0.00,0.000,0.000,0.00
1777904827,loop8,0.00,0.00,0.000,0.000,0.00
1777904827,loop9,0.00,0.00,0.000,0.000,0.00
1777904827,nvme0n1,1.00,8.00,0.001,0.049,2.30
1777904828,loop0,0.00,0.00,0.000,0.000,0.00
1777904828,loop1,0.00,0.00,0.000,0.000,0.00
1777904828,loop10,0.00,0.00,0.000,0.000,0.00
1777904828,loop11,0.00,0.00,0.000,0.000,0.00
1777904828,loop12,0.00,0.00,0.000,0.000,0.00
1777904828,loop13,0.00,0.00,0.000,0.000,0.00
1777904828,loop14,0.00,0.00,0.000,0.000,0.00
1777904828,loop15,0.00,0.00,0.000,0.000,0.00
1777904828,loop16,0.00,0.00,0.000,0.000,0.00
1777904828,loop17,0.00,0.00,0.000,0.000,0.00
1777904828,loop18,0.00,0.00,0.000,0.000,0.00
1777904828,loop19,0.00,0.00,0.000,0.000,0.00
1777904828,loop2,0.00,0.00,0.000,0.000,0.00
1777904828,loop20,0.00,0.00,0.000,0.000,0.00
1777904828,loop21,0.00,0.00,0.000,0.000,0.00
1777904828,loop22,0.00,0.00,0.000,0.000,0.00
1777904828,loop23,0.00,0.00,0.000,0.000,0.00
1777904828,loop24,0.00,0.00,0.000,0.000,0.00
1777904828,loop25,0.00,0.00,0.000,0.000,0.00
1777904828,loop26,0.00,0.00,0.000,0.000,0.00
1777904828,loop27,0.00,0.00,0.000,0.000,0.00
1777904828,loop28,0.00,0.00,0.000,0.000,0.00
1777904828,loop29,0.00,0.00,0.000,0.000,0.00
1777904828,loop3,0.00,0.00,0.000,0.000,0.00
1777904828,loop30,0.00,0.00,0.000,0.000,0.00
1777904828,loop31,0.00,0.00,0.000,0.000,0.00
1777904828,loop32,0.00,0.00,0.000,0.000,0.00
1777904828,loop33,0.00,0.00,0.000,0.000,0.00
1777904828,loop34,0.00,0.00,0.000,0.000,0.00
1777904828,loop35,0.00,0.00,0.000,0.000,0.00
1777904828,loop36,0.00,0.00,0.000,0.000,0.00
1777904828,loop37,0.00,0.00,0.000,0.000,0.00
1777904828,loop38,0.00,0.00,0.000,0.000,0.00
1777904828,loop39,0.00,0.00,0.000,0.000,0.00
1777904828,loop4,0.00,0.00,0.000,0.000,0.00
1777904828,loop40,0.00,0.00,0.000,0.000,0.00
1777904828,loop5,0.00,0.00,0.000,0.000,0.00
1777904828,loop6,0.00,0.00,0.000,0.000,0.00
1777904828,loop7,0.00,0.00,0.000,0.000,0.00
1777904828,loop8,0.00,0.00,0.000,0.000,0.00
1777904828,loop9,0.00,0.00,0.000,0.000,0.00
1777904828,nvme0n1,0.00,0.00,0.000,0.000,0.00
1777904829,loop0,0.00,0.00,0.000,0.000,0.00
1777904829,loop1,0.00,0.00,0.000,0.000,0.00
1777904829,loop10,0.00,0.00,0.000,0.000,0.00
1777904829,loop11,0.00,0.00,0.000,0.000,0.00
1777904829,loop12,0.00,0.00,0.000,0.000,0.00
1777904829,loop13,0.00,0.00,0.000,0.000,0.00
1777904829,loop14,0.00,0.00,0.000,0.000,0.00
1777904829,loop15,0.00,0.00,0.000,0.000,0.00
1777904829,loop16,0.00,0.00,0.000,0.000,0.00
1777904829,loop17,0.00,0.00,0.000,0.000,0.00
1777904829,loop18,0.00,0.00,0.000,0.000,0.00
1777904829,loop19,0.00,0.00,0.000,0.000,0.00
1777904829,loop2,0.00,0.00,0.000,0.000,0.00
1777904829,loop20,0.00,0.00,0.000,0.000,0.00
1777904829,loop21,0.00,0.00,0.000,0.000,0.00
1777904829,loop22,0.00,0.00,0.000,0.000,0.00
1777904829,loop23,0.00,0.00,0.000,0.000,0.00
1777904829,loop24,0.00,0.00,0.000,0.000,0.00
1777904829,loop25,0.00,0.00,0.000,0.000,0.00
1777904829,loop26,0.00,0.00,0.000,0.000,0.00
1777904829,loop27,0.00,0.00,0.000,0.000,0.00
1777904829,loop28,0.00,0.00,0.000,0.000,0.00
1777904829,loop29,0.00,0.00,0.000,0.000,0.00
1777904829,loop3,0.00,0.00,0.000,0.000,0.00
1777904829,loop30,0.00,0.00,0.000,0.000,0.00
1777904829,loop31,0.00,0.00,0.000,0.000,0.00
1777904829,loop32,0.00,0.00,0.000,0.000,0.00
1777904829,loop33,0.00,0.00,0.000,0.000,0.00
1777904829,loop34,0.00,0.00,0.000,0.000,0.00
1777904829,loop35,0.00,0.00,0.000,0.000,0.00
1777904829,loop36,0.00,0.00,0.000,0.000,0.00
1777904829,loop37,0.00,0.00,0.000,0.000,0.00
1777904829,loop38,0.00,0.00,0.000,0.000,0.00
1777904829,loop39,0.00,0.00,0.000,0.000,0.00
1777904829,loop4,0.00,0.00,0.000,0.000,0.00
1777904829,loop40,0.00,0.00,0.000,0.000,0.00
1777904829,loop5,0.00,0.00,0.000,0.000,0.00
1777904829,loop6,0.00,0.00,0.000,0.000,0.00
1777904829,loop7,0.00,0.00,0.000,0.000,0.00
1777904829,loop8,0.00,0.00,0.000,0.000,0.00
1777904829,loop9,0.00,0.00,0.000,0.000,0.00
1777904829,nvme0n1,0.00,0.00,0.000,0.000,0.00
1777904830,loop0,0.00,0.00,0.000,0.000,0.00
1777904830,loop1,0.00,0.00,0.000,0.000,0.00
1777904830,loop10,0.00,0.00,0.000,0.000,0.00
1777904830,loop11,0.00,0.00,0.000,0.000,0.00
1777904830,loop12,0.00,0.00,0.000,0.000,0.00
1777904830,loop13,0.00,0.00,0.000,0.000,0.00
1777904830,loop14,0.00,0.00,0.000,0.000,0.00
1777904830,loop15,0.00,0.00,0.000,0.000,0.00
1777904830,loop16,0.00,0.00,0.000,0.000,0.00
1777904830,loop17,0.00,0.00,0.000,0.000,0.00
1777904830,loop18,0.00,0.00,0.000,0.000,0.00
1777904830,loop19,0.00,0.00,0.000,0.000,0.00
1777904830,loop2,0.00,0.00,0.000,0.000,0.00
1777904830,loop20,0.00,0.00,0.000,0.000,0.00
1777904830,loop21,0.00,0.00,0.000,0.000,0.00
1777904830,loop22,0.00,0.00,0.000,0.000,0.00
1777904830,loop23,0.00,0.00,0.000,0.000,0.00
1777904830,loop24,0.00,0.00,0.000,0.000,0.00
1777904830,loop25,0.00,0.00,0.000,0.000,0.00
1777904830,loop26,0.00,0.00,0.000,0.000,0.00
1777904830,loop27,0.00,0.00,0.000,0.000,0.00
1777904830,loop28,0.00,0.00,0.000,0.000,0.00
1777904830,loop29,0.00,0.00,0.000,0.000,0.00
1777904830,loop3,0.00,0.00,0.000,0.000,0.00
1777904830,loop30,0.00,0.00,0.000,0.000,0.00
1777904830,loop31,0.00,0.00,0.000,0.000,0.00
1777904830,loop32,0.00,0.00,0.000,0.000,0.00
1777904830,loop33,0.00,0.00,0.000,0.000,0.00
1777904830,loop34,0.00,0.00,0.000,0.000,0.00
1777904830,loop35,0.00,0.00,0.000,0.000,0.00
1777904830,loop36,0.00,0.00,0.000,0.000,0.00
1777904830,loop37,0.00,0.00,0.000,0.000,0.00
1777904830,loop38,0.00,0.00,0.000,0.000,0.00
1777904830,loop39,0.00,0.00,0.000,0.000,0.00
1777904830,loop4,0.00,0.00,0.000,0.000,0.00
1777904830,loop40,0.00,0.00,0.000,0.000,0.00
1777904830,loop5,0.00,0.00,0.000,0.000,0.00
1777904830,loop6,0.00,0.00,0.000,0.000,0.00
1777904830,loop7,0.00,0.00,0.000,0.000,0.00
1777904830,loop8,0.00,0.00,0.000,0.000,0.00
1777904830,loop9,0.00,0.00,0.000,0.000,0.00
1777904830,nvme0n1,0.00,0.00,0.000,0.000,0.40
