t_unix,device,r_iops,w_iops,r_mb_s,w_mb_s,util_pct
1777915421,loop0,0.00,0.00,0.000,0.000,0.00
1777915421,loop1,0.00,0.00,0.000,0.000,0.00
1777915421,loop10,0.00,0.00,0.000,0.000,0.00
1777915421,loop11,0.00,0.00,0.000,0.000,0.00
1777915421,loop12,0.00,0.00,0.000,0.000,0.00
1777915421,loop13,0.00,0.00,0.000,0.000,0.00
1777915421,loop14,0.00,0.00,0.000,0.000,0.00
1777915421,loop15,0.00,0.00,0.000,0.000,0.00
1777915421,loop16,0.00,0.00,0.000,0.000,0.00
1777915421,loop17,0.00,0.00,0.000,0.000,0.00
1777915421,loop18,0.00,0.00,0.000,0.000,0.00
1777915421,loop19,0.00,0.00,0.000,0.000,0.00
1777915421,loop2,0.00,0.00,0.000,0.000,0.00
1777915421,loop20,0.00,0.00,0.000,0.000,0.00
1777915421,loop21,0.00,0.00,0.000,0.000,0.00
1777915421,loop22,0.00,0.00,0.000,0.000,0.00
1777915421,loop23,0.00,0.00,0.000,0.000,0.00
1777915421,loop24,0.00,0.00,0.000,0.000,0.00
1777915421,loop25,0.00,0.00,0.000,0.000,0.00
1777915421,loop26,0.00,0.00,0.000,0.000,0.00
1777915421,loop27,0.00,0.00,0.000,0.000,0.00
1777915421,loop28,0.00,0.00,0.000,0.000,0.00
1777915421,loop29,0.00,0.00,0.000,0.000,0.00
1777915421,loop3,0.00,0.00,0.000,0.000,0.00
1777915421,loop30,0.00,0.00,0.000,0.000,0.00
1777915421,loop31,0.00,0.00,0.000,0.000,0.00
1777915421,loop32,0.00,0.00,0.000,0.000,0.00
1777915421,loop33,0.00,0.00,0.000,0.000,0.00
1777915421,loop34,0.00,0.00,0.000,0.000,0.00
1777915421,loop35,0.00,0.00,0.000,0.000,0.00
1777915421,loop36,0.00,0.00,0.000,0.000,0.00
1777915421,loop37,0.00,0.00,0.000,0.000,0.00
1777915421,loop38,0.00,0.00,0.000,0.000,0.00
1777915421,loop39,0.00,0.00,0.000,0.000,0.00
1777915421,loop4,0.00,0.00,0.000,0.000,0.00
1777915421,loop40,0.00,0.00,0.000,0.000,0.00
1777915421,loop5,0.00,0.00,0.000,0.000,0.00
1777915421,loop6,0.00,0.00,0.000,0.000,0.00
1777915421,loop7,0.00,0.00,0.000,0.000,0.00
1777915421,loop8,0.00,0.00,0.000,0.000,0.00
1777915421,loop9,0.00,0.00,0.000,0.000,0.00
1777915421,nvme0n1,0.00,0.00,0.000,0.000,0.00
1777915422,loop0,0.00,0.00,0.000,0.000,0.00
1777915422,loop1,0.00,0.00,0.000,0.000,0.00
1777915422,loop10,0.00,0.00,0.000,0.000,0.00
1777915422,loop11,0.00,0.00,0.000,0.000,0.00
1777915422,loop12,0.00,0.00,0.000,0.000,0.00
1777915422,loop13,0.00,0.00,0.000,0.000,0.00
1777915422,loop14,0.00,0.00,0.000,0.000,0.00
1777915422,loop15,0.00,0.00,0.000,0.000,0.00
1777915422,loop16,0.00,0.00,0.000,0.000,0.00
1777915422,loop17,0.00,0.00,0.000,0.000,0.00
1777915422,loop18,0.00,0.00,0.000,0.000,0.00
1777915422,loop19,0.00,0.00,0.000,0.000,0.00
1777915422,loop2,0.00,0.00,0.000,0.000,0.00
1777915422,loop20,0.00,0.00,0.000,0.000,0.00
1777915422,loop21,0.00,0.00,0.000,0.000,0.00
1777915422,loop22,0.00,0.00,0.000,0.000,0.00
1777915422,loop23,0.00,0.00,0.000,0.000,0.00
1777915422,loop24,0.00,0.00,0.000,0.000,0.00
1777915422,loop25,0.00,0.00,0.000,0.000,0.00
1777915422,loop26,0.00,0.00,0.000,0.000,0.00
1777915422,loop27,0.00,0.00,0.000,0.000,0.00
1777915422,loop28,0.00,0.00,0.000,0.000,0.00
1777915422,loop29,0.00,0.00,0.000,0.000,0.00
1777915422,loop3,0.00,0.00,0.000,0.000,0.00
1777915422,loop30,0.00,0.00,0.000,0.000,0.00
1777915422,loop31,0.00,0.00,0.000,0.000,0.00
1777915422,loop32,0.00,0.00,0.000,0.000,0.00
1777915422,loop33,0.00,0.00,0.000,0.000,0.00
1777915422,loop34,0.00,0.00,0.000,0.000,0.00
1777915422,loop35,0.00,0.00,0.000,0.000,0.00
1777915422,loop36,0.00,0.00,0.000,0.000,0.00
1777915422,loop37,0.00,0.00,0.000,0.000,0.00
1777915422,loop38,0.00,0.00,0.000,0.000,0.00
1777915422,loop39,0.00,0.00,0.000,0.000,0.00
1777915422,loop4,0.00,0.00,0.000,0.000,0.00
1777915422,loop40,0.00,0.00,0.000,0.000,0.00
1777915422,loop5,0.00,0.00,0.000,0.000,0.00
1777915422,loop6,0.00,0.00,0.000,0.000,0.00
1777915422,loop7,0.00,0.00,0.000,0.000,0.00
1777915422,loop8,0.00,0.00,0.000,0.000,0.00
1777915422,loop9,0.00,0.00,0.000,0.000,0.00
1777915422,nvme0n1,0.00,0.00,0.000,0.000,0.10
1777915423,loop0,0.00,0.00,0.000,0.000,0.00
1777915423,loop1,0.00,0.00,0.000,0.000,0.00
1777915423,loop10,0.00,0.00,0.000,0.000,0.00
1777915423,loop11,0.00,0.00,0.000,0.000,0.00
1777915423,loop12,0.00,0.00,0.000,0.000,0.00
1777915423,loop13,0.00,0.00,0.000,0.000,0.00
1777915423,loop14,0.00,0.00,0.000,0.000,0.00
1777915423,loop15,0.00,0.00,0.000,0.000,0.00
1777915423,loop16,0.00,0.00,0.000,0.000,0.00
1777915423,loop17,0.00,0.00,0.000,0.000,0.00
1777915423,loop18,0.00,0.00,0.000,0.000,0.00
1777915423,loop19,0.00,0.00,0.000,0.000,0.00
1777915423,loop2,0.00,0.00,0.000,0.000,0.00
1777915423,loop20,0.00,0.00,0.000,0.000,0.00
1777915423,loop21,0.00,0.00,0.000,0.000,0.00
1777915423,loop22,0.00,0.00,0.000,0.000,0.00
1777915423,loop23,0.00,0.00,0.000,0.000,0.00
1777915423,loop24,0.00,0.00,0.000,0.000,0.00
1777915423,loop25,0.00,0.00,0.000,0.000,0.00
1777915423,loop26,0.00,0.00,0.000,0.000,0.00
1777915423,loop27,0.00,0.00,0.000,0.000,0.00
1777915423,loop28,0.00,0.00,0.000,0.000,0.00
1777915423,loop29,0.00,0.00,0.000,0.000,0.00
1777915423,loop3,0.00,0.00,0.000,0.000,0.00
1777915423,loop30,0.00,0.00,0.000,0.000,0.00
1777915423,loop31,0.00,0.00,0.000,0.000,0.00
1777915423,loop32,0.00,0.00,0.000,0.000,0.00
1777915423,loop33,0.00,0.00,0.000,0.000,0.00
1777915423,loop34,0.00,0.00,0.000,0.000,0.00
1777915423,loop35,0.00,0.00,0.000,0.000,0.00
1777915423,loop36,0.00,0.00,0.000,0.000,0.00
1777915423,loop37,0.00,0.00,0.000,0.000,0.00
1777915423,loop38,0.00,0.00,0.000,0.000,0.00
1777915423,loop39,0.00,0.00,0.000,0.000,0.00
1777915423,loop4,0.00,0.00,0.000,0.000,0.00
1777915423,loop40,0.00,0.00,0.000,0.000,0.00
1777915423,loop5,0.00,0.00,0.000,0.000,0.00
1777915423,loop6,0.00,0.00,0.000,0.000,0.00
1777915423,loop7,0.00,0.00,0.000,0.000,0.00
1777915423,loop8,0.00,0.00,0.000,0.000,0.00
1777915423,loop9,0.00,0.00,0.000,0.000,0.00
1777915423,nvme0n1,0.00,0.00,0.000,0.000,0.30
1777915424,loop0,0.00,0.00,0.000,0.000,0.00
1777915424,loop1,0.00,0.00,0.000,0.000,0.00
1777915424,loop10,0.00,0.00,0.000,0.000,0.00
1777915424,loop11,0.00,0.00,0.000,0.000,0.00
1777915424,loop12,0.00,0.00,0.000,0.000,0.00
1777915424,loop13,0.00,0.00,0.000,0.000,0.00
1777915424,loop14,0.00,0.00,0.000,0.000,0.00
1777915424,loop15,0.00,0.00,0.000,0.000,0.00
1777915424,loop16,0.00,0.00,0.000,0.000,0.00
1777915424,loop17,0.00,0.00,0.000,0.000,0.00
1777915424,loop18,0.00,0.00,0.000,0.000,0.00
1777915424,loop19,0.00,0.00,0.000,0.000,0.00
1777915424,loop2,0.00,0.00,0.000,0.000,0.00
1777915424,loop20,0.00,0.00,0.000,0.000,0.00
1777915424,loop21,0.00,0.00,0.000,0.000,0.00
1777915424,loop22,0.00,0.00,0.000,0.000,0.00
1777915424,loop23,0.00,0.00,0.000,0.000,0.00
1777915424,loop24,0.00,0.00,0.000,0.000,0.00
1777915424,loop25,0.00,0.00,0.000,0.000,0.00
1777915424,loop26,0.00,0.00,0.000,0.000,0.00
1777915424,loop27,0.00,0.00,0.000,0.000,0.00
1777915424,loop28,0.00,0.00,0.000,0.000,0.00
1777915424,loop29,0.00,0.00,0.000,0.000,0.00
1777915424,loop3,0.00,0.00,0.000,0.000,0.00
1777915424,loop30,0.00,0.00,0.000,0.000,0.00
1777915424,loop31,0.00,0.00,0.000,0.000,0.00
1777915424,loop32,0.00,0.00,0.000,0.000,0.00
1777915424,loop33,0.00,0.00,0.000,0.000,0.00
1777915424,loop34,0.00,0.00,0.000,0.000,0.00
1777915424,loop35,0.00,0.00,0.000,0.000,0.00
1777915424,loop36,0.00,0.00,0.000,0.000,0.00
1777915424,loop37,0.00,0.00,0.000,0.000,0.00
1777915424,loop38,0.00,0.00,0.000,0.000,0.00
1777915424,loop39,0.00,0.00,0.000,0.000,0.00
1777915424,loop4,0.00,0.00,0.000,0.000,0.00
1777915424,loop40,0.00,0.00,0.000,0.000,0.00
1777915424,loop5,0.00,0.00,0.000,0.000,0.00
1777915424,loop6,0.00,0.00,0.000,0.000,0.00
1777915424,loop7,0.00,0.00,0.000,0.000,0.00
1777915424,loop8,0.00,0.00,0.000,0.000,0.00
1777915424,loop9,0.00,0.00,0.000,0.000,0.00
1777915424,nvme0n1,0.00,0.00,0.000,0.000,0.90
1777915425,loop0,0.00,0.00,0.000,0.000,0.00
1777915425,loop1,0.00,0.00,0.000,0.000,0.00
1777915425,loop10,0.00,0.00,0.000,0.000,0.00
1777915425,loop11,0.00,0.00,0.000,0.000,0.00
1777915425,loop12,0.00,0.00,0.000,0.000,0.00
1777915425,loop13,0.00,0.00,0.000,0.000,0.00
1777915425,loop14,0.00,0.00,0.000,0.000,0.00
1777915425,loop15,0.00,0.00,0.000,0.000,0.00
1777915425,loop16,0.00,0.00,0.000,0.000,0.00
1777915425,loop17,0.00,0.00,0.000,0.000,0.00
1777915425,loop18,0.00,0.00,0.000,0.000,0.00
1777915425,loop19,0.00,0.00,0.000,0.000,0.00
1777915425,loop2,0.00,0.00,0.000,0.000,0.00
1777915425,loop20,0.00,0.00,0.000,0.000,0.00
1777915425,loop21,0.00,0.00,0.000,0.000,0.00
1777915425,loop22,0.00,0.00,0.000,0.000,0.00
1777915425,loop23,0.00,0.00,0.000,0.000,0.00
1777915425,loop24,0.00,0.00,0.000,0.000,0.00
1777915425,loop25,0.00,0.00,0.000,0.000,0.00
1777915425,loop26,0.00,0.00,0.000,0.000,0.00
1777915425,loop27,0.00,0.00,0.000,0.000,0.00
1777915425,loop28,0.00,0.00,0.000,0.000,0.00
1777915425,loop29,0.00,0.00,0.000,0.000,0.00
1777915425,loop3,0.00,0.00,0.000,0.000,0.00
1777915425,loop30,0.00,0.00,0.000,0.000,0.00
1777915425,loop31,0.00,0.00,0.000,0.000,0.00
1777915425,loop32,0.00,0.00,0.000,0.000,0.00
1777915425,loop33,0.00,0.00,0.000,0.000,0.00
1777915425,loop34,0.00,0.00,0.000,0.000,0.00
1777915425,loop35,0.00,0.00,0.000,0.000,0.00
1777915425,loop36,0.00,0.00,0.000,0.000,0.00
1777915425,loop37,0.00,0.00,0.000,0.000,0.00
1777915425,loop38,0.00,0.00,0.000,0.000,0.00
1777915425,loop39,0.00,0.00,0.000,0.000,0.00
1777915425,loop4,0.00,0.00,0.000,0.000,0.00
1777915425,loop40,0.00,0.00,0.000,0.000,0.00
1777915425,loop5,0.00,0.00,0.000,0.000,0.00
1777915425,loop6,0.00,0.00,0.000,0.000,0.00
1777915425,loop7,0.00,0.00,0.000,0.000,0.00
1777915425,loop8,0.00,0.00,0.000,0.000,0.00
1777915425,loop9,0.00,0.00,0.000,0.000,0.00
1777915425,nvme0n1,0.00,0.00,0.000,0.000,0.00
1777915426,loop0,0.00,0.00,0.000,0.000,0.00
1777915426,loop1,0.00,0.00,0.000,0.000,0.00
1777915426,loop10,0.00,0.00,0.000,0.000,0.00
1777915426,loop11,0.00,0.00,0.000,0.000,0.00
1777915426,loop12,0.00,0.00,0.000,0.000,0.00
1777915426,loop13,0.00,0.00,0.000,0.000,0.00
1777915426,loop14,0.00,0.00,0.000,0.000,0.00
1777915426,loop15,0.00,0.00,0.000,0.000,0.00
1777915426,loop16,0.00,0.00,0.000,0.000,0.00
1777915426,loop17,0.00,0.00,0.000,0.000,0.00
1777915426,loop18,0.00,0.00,0.000,0.000,0.00
1777915426,loop19,0.00,0.00,0.000,0.000,0.00
1777915426,loop2,0.00,0.00,0.000,0.000,0.00
1777915426,loop20,0.00,0.00,0.000,0.000,0.00
1777915426,loop21,0.00,0.00,0.000,0.000,0.00
1777915426,loop22,0.00,0.00,0.000,0.000,0.00
1777915426,loop23,0.00,0.00,0.000,0.000,0.00
1777915426,loop24,0.00,0.00,0.000,0.000,0.00
1777915426,loop25,0.00,0.00,0.000,0.000,0.00
1777915426,loop26,0.00,0.00,0.000,0.000,0.00
1777915426,loop27,0.00,0.00,0.000,0.000,0.00
1777915426,loop28,0.00,0.00,0.000,0.000,0.00
1777915426,loop29,0.00,0.00,0.000,0.000,0.00
1777915426,loop3,0.00,0.00,0.000,0.000,0.00
1777915426,loop30,0.00,0.00,0.000,0.000,0.00
1777915426,loop31,0.00,0.00,0.000,0.000,0.00
1777915426,loop32,0.00,0.00,0.000,0.000,0.00
1777915426,loop33,0.00,0.00,0.000,0.000,0.00
1777915426,loop34,0.00,0.00,0.000,0.000,0.00
1777915426,loop35,0.00,0.00,0.000,0.000,0.00
1777915426,loop36,0.00,0.00,0.000,0.000,0.00
1777915426,loop37,0.00,0.00,0.000,0.000,0.00
1777915426,loop38,0.00,0.00,0.000,0.000,0.00
1777915426,loop39,0.00,0.00,0.000,0.000,0.00
1777915426,loop4,0.00,0.00,0.000,0.000,0.00
1777915426,loop40,0.00,0.00,0.000,0.000,0.00
1777915426,loop5,0.00,0.00,0.000,0.000,0.00
1777915426,loop6,0.00,0.00,0.000,0.000,0.00
1777915426,loop7,0.00,0.00,0.000,0.000,0.00
1777915426,loop8,0.00,0.00,0.000,0.000,0.00
1777915426,loop9,0.00,0.00,0.000,0.000,0.00
1777915426,nvme0n1,0.00,0.00,0.000,0.000,6.80
1777915427,loop0,0.00,0.00,0.000,0.000,0.00
1777915427,loop1,0.00,0.00,0.000,0.000,0.00
1777915427,loop10,0.00,0.00,0.000,0.000,0.00
1777915427,loop11,0.00,0.00,0.000,0.000,0.00
1777915427,loop12,0.00,0.00,0.000,0.000,0.00
1777915427,loop13,0.00,0.00,0.000,0.000,0.00
1777915427,loop14,0.00,0.00,0.000,0.000,0.00
1777915427,loop15,0.00,0.00,0.000,0.000,0.00
1777915427,loop16,0.00,0.00,0.000,0.000,0.00
1777915427,loop17,0.00,0.00,0.000,0.000,0.00
1777915427,loop18,0.00,0.00,0.000,0.000,0.00
1777915427,loop19,0.00,0.00,0.000,0.000,0.00
1777915427,loop2,0.00,0.00,0.000,0.000,0.00
1777915427,loop20,0.00,0.00,0.000,0.000,0.00
1777915427,loop21,0.00,0.00,0.000,0.000,0.00
1777915427,loop22,0.00,0.00,0.000,0.000,0.00
1777915427,loop23,0.00,0.00,0.000,0.000,0.00
1777915427,loop24,0.00,0.00,0.000,0.000,0.00
1777915427,loop25,0.00,0.00,0.000,0.000,0.00
1777915427,loop26,0.00,0.00,0.000,0.000,0.00
1777915427,loop27,0.00,0.00,0.000,0.000,0.00
1777915427,loop28,0.00,0.00,0.000,0.000,0.00
1777915427,loop29,0.00,0.00,0.000,0.000,0.00
1777915427,loop3,0.00,0.00,0.000,0.000,0.00
1777915427,loop30,0.00,0.00,0.000,0.000,0.00
1777915427,loop31,0.00,0.00,0.000,0.000,0.00
1777915427,loop32,0.00,0.00,0.000,0.000,0.00
1777915427,loop33,0.00,0.00,0.000,0.000,0.00
1777915427,loop34,0.00,0.00,0.000,0.000,0.00
1777915427,loop35,0.00,0.00,0.000,0.000,0.00
1777915427,loop36,0.00,0.00,0.000,0.000,0.00
1777915427,loop37,0.00,0.00,0.000,0.000,0.00
1777915427,loop38,0.00,0.00,0.000,0.000,0.00
1777915427,loop39,0.00,0.00,0.000,0.000,0.00
1777915427,loop4,0.00,0.00,0.000,0.000,0.00
1777915427,loop40,0.00,0.00,0.000,0.000,0.00
1777915427,loop5,0.00,0.00,0.000,0.000,0.00
1777915427,loop6,0.00,0.00,0.000,0.000,0.00
1777915427,loop7,0.00,0.00,0.000,0.000,0.00
1777915427,loop8,0.00,0.00,0.000,0.000,0.00
1777915427,loop9,0.00,0.00,0.000,0.000,0.00
1777915427,nvme0n1,0.00,0.00,0.000,0.000,0.10
1777915428,loop0,0.00,0.00,0.000,0.000,0.00
1777915428,loop1,0.00,0.00,0.000,0.000,0.00
1777915428,loop10,0.00,0.00,0.000,0.000,0.00
1777915428,loop11,0.00,0.00,0.000,0.000,0.00
1777915428,loop12,0.00,0.00,0.000,0.000,0.00
1777915428,loop13,0.00,0.00,0.000,0.000,0.00
1777915428,loop14,0.00,0.00,0.000,0.000,0.00
1777915428,loop15,0.00,0.00,0.000,0.000,0.00
1777915428,loop16,0.00,0.00,0.000,0.000,0.00
1777915428,loop17,0.00,0.00,0.000,0.000,0.00
1777915428,loop18,0.00,0.00,0.000,0.000,0.00
1777915428,loop19,0.00,0.00,0.000,0.000,0.00
1777915428,loop2,0.00,0.00,0.000,0.000,0.00
1777915428,loop20,0.00,0.00,0.000,0.000,0.00
1777915428,loop21,0.00,0.00,0.000,0.000,0.00
1777915428,loop22,0.00,0.00,0.000,0.000,0.00
1777915428,loop23,0.00,0.00,0.000,0.000,0.00
1777915428,loop24,0.00,0.00,0.000,0.000,0.00
1777915428,loop25,0.00,0.00,0.000,0.000,0.00
1777915428,loop26,0.00,0.00,0.000,0.000,0.00
1777915428,loop27,0.00,0.00,0.000,0.000,0.00
1777915428,loop28,0.00,0.00,0.000,0.000,0.00
1777915428,loop29,0.00,0.00,0.000,0.000,0.00
1777915428,loop3,0.00,0.00,0.000,0.000,0.00
1777915428,loop30,0.00,0.00,0.000,0.000,0.00
1777915428,loop31,0.00,0.00,0.000,0.000,0.00
1777915428,loop32,0.00,0.00,0.000,0.000,0.00
1777915428,loop33,0.00,0.00,0.000,0.000,0.00
1777915428,loop34,0.00,0.00,0.000,0.000,0.00
1777915428,loop35,0.00,0.00,0.000,0.000,0.00
1777915428,loop36,0.00,0.00,0.000,0.000,0.00
1777915428,loop37,0.00,0.00,0.000,0.000,0.00
1777915428,loop38,0.00,0.00,0.000,0.000,0.00
1777915428,loop39,0.00,0.00,0.000,0.000,0.00
1777915428,loop4,0.00,0.00,0.000,0.000,0.00
1777915428,loop40,0.00,0.00,0.000,0.000,0.00
1777915428,loop5,0.00,0.00,0.000,0.000,0.00
1777915428,loop6,0.00,0.00,0.000,0.000,0.00
1777915428,loop7,0.00,0.00,0.000,0.000,0.00
1777915428,loop8,0.00,0.00,0.000,0.000,0.00
1777915428,loop9,0.00,0.00,0.000,0.000,0.00
1777915428,nvme0n1,0.00,0.00,0.000,0.000,0.60
1777915429,loop0,0.00,0.00,0.000,0.000,0.00
1777915429,loop1,0.00,0.00,0.000,0.000,0.00
1777915429,loop10,0.00,0.00,0.000,0.000,0.00
1777915429,loop11,0.00,0.00,0.000,0.000,0.00
1777915429,loop12,0.00,0.00,0.000,0.000,0.00
1777915429,loop13,0.00,0.00,0.000,0.000,0.00
1777915429,loop14,0.00,0.00,0.000,0.000,0.00
1777915429,loop15,0.00,0.00,0.000,0.000,0.00
1777915429,loop16,0.00,0.00,0.000,0.000,0.00
1777915429,loop17,0.00,0.00,0.000,0.000,0.00
1777915429,loop18,0.00,0.00,0.000,0.000,0.00
1777915429,loop19,0.00,0.00,0.000,0.000,0.00
1777915429,loop2,0.00,0.00,0.000,0.000,0.00
1777915429,loop20,0.00,0.00,0.000,0.000,0.00
1777915429,loop21,0.00,0.00,0.000,0.000,0.00
1777915429,loop22,0.00,0.00,0.000,0.000,0.00
1777915429,loop23,0.00,0.00,0.000,0.000,0.00
1777915429,loop24,0.00,0.00,0.000,0.000,0.00
1777915429,loop25,0.00,0.00,0.000,0.000,0.00
1777915429,loop26,0.00,0.00,0.000,0.000,0.00
1777915429,loop27,0.00,0.00,0.000,0.000,0.00
1777915429,loop28,0.00,0.00,0.000,0.000,0.00
1777915429,loop29,0.00,0.00,0.000,0.000,0.00
1777915429,loop3,0.00,0.00,0.000,0.000,0.00
1777915429,loop30,0.00,0.00,0.000,0.000,0.00
1777915429,loop31,0.00,0.00,0.000,0.000,0.00
1777915429,loop32,0.00,0.00,0.000,0.000,0.00
1777915429,loop33,0.00,0.00,0.000,0.000,0.00
1777915429,loop34,0.00,0.00,0.000,0.000,0.00
1777915429,loop35,0.00,0.00,0.000,0.000,0.00
1777915429,loop36,0.00,0.00,0.000,0.000,0.00
1777915429,loop37,0.00,0.00,0.000,0.000,0.00
1777915429,loop38,0.00,0.00,0.000,0.000,0.00
1777915429,loop39,0.00,0.00,0.000,0.000,0.00
1777915429,loop4,0.00,0.00,0.000,0.000,0.00
1777915429,loop40,0.00,0.00,0.000,0.000,0.00
1777915429,loop5,0.00,0.00,0.000,0.000,0.00
1777915429,loop6,0.00,0.00,0.000,0.000,0.00
1777915429,loop7,0.00,0.00,0.000,0.000,0.00
1777915429,loop8,0.00,0.00,0.000,0.000,0.00
1777915429,loop9,0.00,0.00,0.000,0.000,0.00
1777915429,nvme0n1,0.00,0.00,0.000,0.000,0.00
1777915430,loop0,0.00,0.00,0.000,0.000,0.00
1777915430,loop1,0.00,0.00,0.000,0.000,0.00
1777915430,loop10,0.00,0.00,0.000,0.000,0.00
1777915430,loop11,0.00,0.00,0.000,0.000,0.00
1777915430,loop12,0.00,0.00,0.000,0.000,0.00
1777915430,loop13,0.00,0.00,0.000,0.000,0.00
1777915430,loop14,0.00,0.00,0.000,0.000,0.00
1777915430,loop15,0.00,0.00,0.000,0.000,0.00
1777915430,loop16,0.00,0.00,0.000,0.000,0.00
1777915430,loop17,0.00,0.00,0.000,0.000,0.00
1777915430,loop18,0.00,0.00,0.000,0.000,0.00
1777915430,loop19,0.00,0.00,0.000,0.000,0.00
1777915430,loop2,0.00,0.00,0.000,0.000,0.00
1777915430,loop20,0.00,0.00,0.000,0.000,0.00
1777915430,loop21,0.00,0.00,0.000,0.000,0.00
1777915430,loop22,0.00,0.00,0.000,0.000,0.00
1777915430,loop23,0.00,0.00,0.000,0.000,0.00
1777915430,loop24,0.00,0.00,0.000,0.000,0.00
1777915430,loop25,0.00,0.00,0.000,0.000,0.00
1777915430,loop26,0.00,0.00,0.000,0.000,0.00
1777915430,loop27,0.00,0.00,0.000,0.000,0.00
1777915430,loop28,0.00,0.00,0.000,0.000,0.00
1777915430,loop29,0.00,0.00,0.000,0.000,0.00
1777915430,loop3,0.00,0.00,0.000,0.000,0.00
1777915430,loop30,0.00,0.00,0.000,0.000,0.00
1777915430,loop31,0.00,0.00,0.000,0.000,0.00
1777915430,loop32,0.00,0.00,0.000,0.000,0.00
1777915430,loop33,0.00,0.00,0.000,0.000,0.00
1777915430,loop34,0.00,0.00,0.000,0.000,0.00
1777915430,loop35,0.00,0.00,0.000,0.000,0.00
1777915430,loop36,0.00,0.00,0.000,0.000,0.00
1777915430,loop37,0.00,0.00,0.000,0.000,0.00
1777915430,loop38,0.00,0.00,0.000,0.000,0.00
1777915430,loop39,0.00,0.00,0.000,0.000,0.00
1777915430,loop4,0.00,0.00,0.000,0.000,0.00
1777915430,loop40,0.00,0.00,0.000,0.000,0.00
1777915430,loop5,0.00,0.00,0.000,0.000,0.00
1777915430,loop6,0.00,0.00,0.000,0.000,0.00
1777915430,loop7,0.00,0.00,0.000,0.000,0.00
1777915430,loop8,0.00,0.00,0.000,0.000,0.00
1777915430,loop9,0.00,0.00,0.000,0.000,0.00
1777915430,nvme0n1,0.00,0.00,0.000,0.000,0.00
1777915431,loop0,0.00,0.00,0.000,0.000,0.00
1777915431,loop1,0.00,0.00,0.000,0.000,0.00
1777915431,loop10,0.00,0.00,0.000,0.000,0.00
1777915431,loop11,0.00,0.00,0.000,0.000,0.00
1777915431,loop12,0.00,0.00,0.000,0.000,0.00
1777915431,loop13,0.00,0.00,0.000,0.000,0.00
1777915431,loop14,0.00,0.00,0.000,0.000,0.00
1777915431,loop15,0.00,0.00,0.000,0.000,0.00
1777915431,loop16,0.00,0.00,0.000,0.000,0.00
1777915431,loop17,0.00,0.00,0.000,0.000,0.00
1777915431,loop18,0.00,0.00,0.000,0.000,0.00
1777915431,loop19,0.00,0.00,0.000,0.000,0.00
1777915431,loop2,0.00,0.00,0.000,0.000,0.00
1777915431,loop20,0.00,0.00,0.000,0.000,0.00
1777915431,loop21,0.00,0.00,0.000,0.000,0.00
1777915431,loop22,0.00,0.00,0.000,0.000,0.00
1777915431,loop23,0.00,0.00,0.000,0.000,0.00
1777915431,loop24,0.00,0.00,0.000,0.000,0.00
1777915431,loop25,0.00,0.00,0.000,0.000,0.00
1777915431,loop26,0.00,0.00,0.000,0.000,0.00
1777915431,loop27,0.00,0.00,0.000,0.000,0.00
1777915431,loop28,0.00,0.00,0.000,0.000,0.00
1777915431,loop29,0.00,0.00,0.000,0.000,0.00
1777915431,loop3,0.00,0.00,0.000,0.000,0.00
1777915431,loop30,0.00,0.00,0.000,0.000,0.00
1777915431,loop31,0.00,0.00,0.000,0.000,0.00
1777915431,loop32,0.00,0.00,0.000,0.000,0.00
1777915431,loop33,0.00,0.00,0.000,0.000,0.00
1777915431,loop34,0.00,0.00,0.000,0.000,0.00
1777915431,loop35,0.00,0.00,0.000,0.000,0.00
1777915431,loop36,0.00,0.00,0.000,0.000,0.00
1777915431,loop37,0.00,0.00,0.000,0.000,0.00
1777915431,loop38,0.00,0.00,0.000,0.000,0.00
1777915431,loop39,0.00,0.00,0.000,0.000,0.00
1777915431,loop4,0.00,0.00,0.000,0.000,0.00
1777915431,loop40,0.00,0.00,0.000,0.000,0.00
1777915431,loop5,0.00,0.00,0.000,0.000,0.00
1777915431,loop6,0.00,0.00,0.000,0.000,0.00
1777915431,loop7,0.00,0.00,0.000,0.000,0.00
1777915431,loop8,0.00,0.00,0.000,0.000,0.00
1777915431,loop9,0.00,0.00,0.000,0.000,0.00
1777915431,nvme0n1,0.00,0.00,0.000,0.000,0.00
1777915432,loop0,0.00,0.00,0.000,0.000,0.00
1777915432,loop1,0.00,0.00,0.000,0.000,0.00
1777915432,loop10,0.00,0.00,0.000,0.000,0.00
1777915432,loop11,0.00,0.00,0.000,0.000,0.00
1777915432,loop12,0.00,0.00,0.000,0.000,0.00
1777915432,loop13,0.00,0.00,0.000,0.000,0.00
1777915432,loop14,0.00,0.00,0.000,0.000,0.00
1777915432,loop15,0.00,0.00,0.000,0.000,0.00
1777915432,loop16,0.00,0.00,0.000,0.000,0.00
1777915432,loop17,0.00,0.00,0.000,0.000,0.00
1777915432,loop18,0.00,0.00,0.000,0.000,0.00
1777915432,loop19,0.00,0.00,0.000,0.000,0.00
1777915432,loop2,0.00,0.00,0.000,0.000,0.00
1777915432,loop20,0.00,0.00,0.000,0.000,0.00
1777915432,loop21,0.00,0.00,0.000,0.000,0.00
1777915432,loop22,0.00,0.00,0.000,0.000,0.00
1777915432,loop23,0.00,0.00,0.000,0.000,0.00
1777915432,loop24,0.00,0.00,0.000,0.000,0.00
1777915432,loop25,0.00,0.00,0.000,0.000,0.00
1777915432,loop26,0.00,0.00,0.000,0.000,0.00
1777915432,loop27,0.00,0.00,0.000,0.000,0.00
1777915432,loop28,0.00,0.00,0.000,0.000,0.00
1777915432,loop29,0.00,0.00,0.000,0.000,0.00
1777915432,loop3,0.00,0.00,0.000,0.000,0.00
1777915432,loop30,0.00,0.00,0.000,0.000,0.00
1777915432,loop31,0.00,0.00,0.000,0.000,0.00
1777915432,loop32,0.00,0.00,0.000,0.000,0.00
1777915432,loop33,0.00,0.00,0.000,0.000,0.00
1777915432,loop34,0.00,0.00,0.000,0.000,0.00
1777915432,loop35,0.00,0.00,0.000,0.000,0.00
1777915432,loop36,0.00,0.00,0.000,0.000,0.00
1777915432,loop37,0.00,0.00,0.000,0.000,0.00
1777915432,loop38,0.00,0.00,0.000,0.000,0.00
1777915432,loop39,0.00,0.00,0.000,0.000,0.00
1777915432,loop4,0.00,0.00,0.000,0.000,0.00
1777915432,loop40,0.00,0.00,0.000,0.000,0.00
1777915432,loop5,0.00,0.00,0.000,0.000,0.00
1777915432,loop6,0.00,0.00,0.000,0.000,0.00
1777915432,loop7,0.00,0.00,0.000,0.000,0.00
1777915432,loop8,0.00,0.00,0.000,0.000,0.00
1777915432,loop9,0.00,0.00,0.000,0.000,0.00
1777915432,nvme0n1,0.00,0.00,0.000,0.000,2.00
1777915433,loop0,0.00,0.00,0.000,0.000,0.00
1777915433,loop1,0.00,0.00,0.000,0.000,0.00
1777915433,loop10,0.00,0.00,0.000,0.000,0.00
1777915433,loop11,0.00,0.00,0.000,0.000,0.00
1777915433,loop12,0.00,0.00,0.000,0.000,0.00
1777915433,loop13,0.00,0.00,0.000,0.000,0.00
1777915433,loop14,0.00,0.00,0.000,0.000,0.00
1777915433,loop15,0.00,0.00,0.000,0.000,0.00
1777915433,loop16,0.00,0.00,0.000,0.000,0.00
1777915433,loop17,0.00,0.00,0.000,0.000,0.00
1777915433,loop18,0.00,0.00,0.000,0.000,0.00
1777915433,loop19,0.00,0.00,0.000,0.000,0.00
1777915433,loop2,0.00,0.00,0.000,0.000,0.00
1777915433,loop20,0.00,0.00,0.000,0.000,0.00
1777915433,loop21,0.00,0.00,0.000,0.000,0.00
1777915433,loop22,0.00,0.00,0.000,0.000,0.00
1777915433,loop23,0.00,0.00,0.000,0.000,0.00
1777915433,loop24,0.00,0.00,0.000,0.000,0.00
1777915433,loop25,0.00,0.00,0.000,0.000,0.00
1777915433,loop26,0.00,0.00,0.000,0.000,0.00
1777915433,loop27,0.00,0.00,0.000,0.000,0.00
1777915433,loop28,0.00,0.00,0.000,0.000,0.00
1777915433,loop29,0.00,0.00,0.000,0.000,0.00
1777915433,loop3,0.00,0.00,0.000,0.000,0.00
1777915433,loop30,0.00,0.00,0.000,0.000,0.00
1777915433,loop31,0.00,0.00,0.000,0.000,0.00
1777915433,loop32,0.00,0.00,0.000,0.000,0.00
1777915433,loop33,0.00,0.00,0.000,0.000,0.00
1777915433,loop34,0.00,0.00,0.000,0.000,0.00
1777915433,loop35,0.00,0.00,0.000,0.000,0.00
1777915433,loop36,0.00,0.00,0.000,0.000,0.00
1777915433,loop37,0.00,0.00,0.000,0.000,0.00
1777915433,loop38,0.00,0.00,0.000,0.000,0.00
1777915433,loop39,0.00,0.00,0.000,0.000,0.00
1777915433,loop4,0.00,0.00,0.000,0.000,0.00
1777915433,loop40,0.00,0.00,0.000,0.000,0.00
1777915433,loop5,0.00,0.00,0.000,0.000,0.00
1777915433,loop6,0.00,0.00,0.000,0.000,0.00
1777915433,loop7,0.00,0.00,0.000,0.000,0.00
1777915433,loop8,0.00,0.00,0.000,0.000,0.00
1777915433,loop9,0.00,0.00,0.000,0.000,0.00
1777915433,nvme0n1,0.00,0.00,0.000,0.000,0.00
1777915434,loop0,0.00,0.00,0.000,0.000,0.00
1777915434,loop1,0.00,0.00,0.000,0.000,0.00
1777915434,loop10,0.00,0.00,0.000,0.000,0.00
1777915434,loop11,0.00,0.00,0.000,0.000,0.00
1777915434,loop12,0.00,0.00,0.000,0.000,0.00
1777915434,loop13,0.00,0.00,0.000,0.000,0.00
1777915434,loop14,0.00,0.00,0.000,0.000,0.00
1777915434,loop15,0.00,0.00,0.000,0.000,0.00
1777915434,loop16,0.00,0.00,0.000,0.000,0.00
1777915434,loop17,0.00,0.00,0.000,0.000,0.00
1777915434,loop18,0.00,0.00,0.000,0.000,0.00
1777915434,loop19,0.00,0.00,0.000,0.000,0.00
1777915434,loop2,0.00,0.00,0.000,0.000,0.00
1777915434,loop20,0.00,0.00,0.000,0.000,0.00
1777915434,loop21,0.00,0.00,0.000,0.000,0.00
1777915434,loop22,0.00,0.00,0.000,0.000,0.00
1777915434,loop23,0.00,0.00,0.000,0.000,0.00
1777915434,loop24,0.00,0.00,0.000,0.000,0.00
1777915434,loop25,0.00,0.00,0.000,0.000,0.00
1777915434,loop26,0.00,0.00,0.000,0.000,0.00
1777915434,loop27,0.00,0.00,0.000,0.000,0.00
1777915434,loop28,0.00,0.00,0.000,0.000,0.00
1777915434,loop29,0.00,0.00,0.000,0.000,0.00
1777915434,loop3,0.00,0.00,0.000,0.000,0.00
1777915434,loop30,0.00,0.00,0.000,0.000,0.00
1777915434,loop31,0.00,0.00,0.000,0.000,0.00
1777915434,loop32,0.00,0.00,0.000,0.000,0.00
1777915434,loop33,0.00,0.00,0.000,0.000,0.00
1777915434,loop34,0.00,0.00,0.000,0.000,0.00
1777915434,loop35,0.00,0.00,0.000,0.000,0.00
1777915434,loop36,0.00,0.00,0.000,0.000,0.00
1777915434,loop37,0.00,0.00,0.000,0.000,0.00
1777915434,loop38,0.00,0.00,0.000,0.000,0.00
1777915434,loop39,0.00,0.00,0.000,0.000,0.00
1777915434,loop4,0.00,0.00,0.000,0.000,0.00
1777915434,loop40,0.00,0.00,0.000,0.000,0.00
1777915434,loop5,0.00,0.00,0.000,0.000,0.00
1777915434,loop6,0.00,0.00,0.000,0.000,0.00
1777915434,loop7,0.00,0.00,0.000,0.000,0.00
1777915434,loop8,0.00,0.00,0.000,0.000,0.00
1777915434,loop9,0.00,0.00,0.000,0.000,0.00
1777915434,nvme0n1,0.00,0.00,0.000,0.000,0.50
1777915435,loop0,0.00,0.00,0.000,0.000,0.00
1777915435,loop1,0.00,0.00,0.000,0.000,0.00
1777915435,loop10,0.00,0.00,0.000,0.000,0.00
1777915435,loop11,0.00,0.00,0.000,0.000,0.00
1777915435,loop12,0.00,0.00,0.000,0.000,0.00
1777915435,loop13,0.00,0.00,0.000,0.000,0.00
1777915435,loop14,0.00,0.00,0.000,0.000,0.00
1777915435,loop15,0.00,0.00,0.000,0.000,0.00
1777915435,loop16,0.00,0.00,0.000,0.000,0.00
1777915435,loop17,0.00,0.00,0.000,0.000,0.00
1777915435,loop18,0.00,0.00,0.000,0.000,0.00
1777915435,loop19,0.00,0.00,0.000,0.000,0.00
1777915435,loop2,0.00,0.00,0.000,0.000,0.00
1777915435,loop20,0.00,0.00,0.000,0.000,0.00
1777915435,loop21,0.00,0.00,0.000,0.000,0.00
1777915435,loop22,0.00,0.00,0.000,0.000,0.00
1777915435,loop23,0.00,0.00,0.000,0.000,0.00
1777915435,loop24,0.00,0.00,0.000,0.000,0.00
1777915435,loop25,0.00,0.00,0.000,0.000,0.00
1777915435,loop26,0.00,0.00,0.000,0.000,0.00
1777915435,loop27,0.00,0.00,0.000,0.000,0.00
1777915435,loop28,0.00,0.00,0.000,0.000,0.00
1777915435,loop29,0.00,0.00,0.000,0.000,0.00
1777915435,loop3,0.00,0.00,0.000,0.000,0.00
1777915435,loop30,0.00,0.00,0.000,0.000,0.00
1777915435,loop31,0.00,0.00,0.000,0.000,0.00
1777915435,loop32,0.00,0.00,0.000,0.000,0.00
1777915435,loop33,0.00,0.00,0.000,0.000,0.00
1777915435,loop34,0.00,0.00,0.000,0.000,0.00
1777915435,loop35,0.00,0.00,0.000,0.000,0.00
1777915435,loop36,0.00,0.00,0.000,0.000,0.00
1777915435,loop37,0.00,0.00,0.000,0.000,0.00
1777915435,loop38,0.00,0.00,0.000,0.000,0.00
1777915435,loop39,0.00,0.00,0.000,0.000,0.00
1777915435,loop4,0.00,0.00,0.000,0.000,0.00
1777915435,loop40,0.00,0.00,0.000,0.000,0.00
1777915435,loop5,0.00,0.00,0.000,0.000,0.00
1777915435,loop6,0.00,0.00,0.000,0.000,0.00
1777915435,loop7,0.00,0.00,0.000,0.000,0.00
1777915435,loop8,0.00,0.00,0.000,0.000,0.00
1777915435,loop9,0.00,0.00,0.000,0.000,0.00
1777915435,nvme0n1,0.00,0.00,0.000,0.000,0.00
1777915436,loop0,0.00,0.00,0.000,0.000,0.00
1777915436,loop1,0.00,0.00,0.000,0.000,0.00
1777915436,loop10,0.00,0.00,0.000,0.000,0.00
1777915436,loop11,0.00,0.00,0.000,0.000,0.00
1777915436,loop12,0.00,0.00,0.000,0.000,0.00
1777915436,loop13,0.00,0.00,0.000,0.000,0.00
1777915436,loop14,0.00,0.00,0.000,0.000,0.00
1777915436,loop15,0.00,0.00,0.000,0.000,0.00
1777915436,loop16,0.00,0.00,0.000,0.000,0.00
1777915436,loop17,0.00,0.00,0.000,0.000,0.00
1777915436,loop18,0.00,0.00,0.000,0.000,0.00
1777915436,loop19,0.00,0.00,0.000,0.000,0.00
1777915436,loop2,0.00,0.00,0.000,0.000,0.00
1777915436,loop20,0.00,0.00,0.000,0.000,0.00
1777915436,loop21,0.00,0.00,0.000,0.000,0.00
1777915436,loop22,0.00,0.00,0.000,0.000,0.00
1777915436,loop23,0.00,0.00,0.000,0.000,0.00
1777915436,loop24,0.00,0.00,0.000,0.000,0.00
1777915436,loop25,0.00,0.00,0.000,0.000,0.00
1777915436,loop26,0.00,0.00,0.000,0.000,0.00
1777915436,loop27,0.00,0.00,0.000,0.000,0.00
1777915436,loop28,0.00,0.00,0.000,0.000,0.00
1777915436,loop29,0.00,0.00,0.000,0.000,0.00
1777915436,loop3,0.00,0.00,0.000,0.000,0.00
1777915436,loop30,0.00,0.00,0.000,0.000,0.00
1777915436,loop31,0.00,0.00,0.000,0.000,0.00
1777915436,loop32,0.00,0.00,0.000,0.000,0.00
1777915436,loop33,0.00,0.00,0.000,0.000,0.00
1777915436,loop34,0.00,0.00,0.000,0.000,0.00
1777915436,loop35,0.00,0.00,0.000,0.000,0.00
1777915436,loop36,0.00,0.00,0.000,0.000,0.00
1777915436,loop37,0.00,0.00,0.000,0.000,0.00
1777915436,loop38,0.00,0.00,0.000,0.000,0.00
1777915436,loop39,0.00,0.00,0.000,0.000,0.00
1777915436,loop4,0.00,0.00,0.000,0.000,0.00
1777915436,loop40,0.00,0.00,0.000,0.000,0.00
1777915436,loop5,0.00,0.00,0.000,0.000,0.00
1777915436,loop6,0.00,0.00,0.000,0.000,0.00
1777915436,loop7,0.00,0.00,0.000,0.000,0.00
1777915436,loop8,0.00,0.00,0.000,0.000,0.00
1777915436,loop9,0.00,0.00,0.000,0.000,0.00
1777915436,nvme0n1,0.00,0.00,0.000,0.000,0.00
1777915437,loop0,0.00,0.00,0.000,0.000,0.00
1777915437,loop1,0.00,0.00,0.000,0.000,0.00
1777915437,loop10,0.00,0.00,0.000,0.000,0.00
1777915437,loop11,0.00,0.00,0.000,0.000,0.00
1777915437,loop12,0.00,0.00,0.000,0.000,0.00
1777915437,loop13,0.00,0.00,0.000,0.000,0.00
1777915437,loop14,0.00,0.00,0.000,0.000,0.00
1777915437,loop15,0.00,0.00,0.000,0.000,0.00
1777915437,loop16,0.00,0.00,0.000,0.000,0.00
1777915437,loop17,0.00,0.00,0.000,0.000,0.00
1777915437,loop18,0.00,0.00,0.000,0.000,0.00
1777915437,loop19,0.00,0.00,0.000,0.000,0.00
1777915437,loop2,0.00,0.00,0.000,0.000,0.00
1777915437,loop20,0.00,0.00,0.000,0.000,0.00
1777915437,loop21,0.00,0.00,0.000,0.000,0.00
1777915437,loop22,0.00,0.00,0.000,0.000,0.00
1777915437,loop23,0.00,0.00,0.000,0.000,0.00
1777915437,loop24,0.00,0.00,0.000,0.000,0.00
1777915437,loop25,0.00,0.00,0.000,0.000,0.00
1777915437,loop26,0.00,0.00,0.000,0.000,0.00
1777915437,loop27,0.00,0.00,0.000,0.000,0.00
1777915437,loop28,0.00,0.00,0.000,0.000,0.00
1777915437,loop29,0.00,0.00,0.000,0.000,0.00
1777915437,loop3,0.00,0.00,0.000,0.000,0.00
1777915437,loop30,0.00,0.00,0.000,0.000,0.00
1777915437,loop31,0.00,0.00,0.000,0.000,0.00
1777915437,loop32,0.00,0.00,0.000,0.000,0.00
1777915437,loop33,0.00,0.00,0.000,0.000,0.00
1777915437,loop34,0.00,0.00,0.000,0.000,0.00
1777915437,loop35,0.00,0.00,0.000,0.000,0.00
1777915437,loop36,0.00,0.00,0.000,0.000,0.00
1777915437,loop37,0.00,0.00,0.000,0.000,0.00
1777915437,loop38,0.00,0.00,0.000,0.000,0.00
1777915437,loop39,0.00,0.00,0.000,0.000,0.00
1777915437,loop4,0.00,0.00,0.000,0.000,0.00
1777915437,loop40,0.00,0.00,0.000,0.000,0.00
1777915437,loop5,0.00,0.00,0.000,0.000,0.00
1777915437,loop6,0.00,0.00,0.000,0.000,0.00
1777915437,loop7,0.00,0.00,0.000,0.000,0.00
1777915437,loop8,0.00,0.00,0.000,0.000,0.00
1777915437,loop9,0.00,0.00,0.000,0.000,0.00
1777915437,nvme0n1,0.00,0.00,0.000,0.000,0.00
1777915438,loop0,0.00,0.00,0.000,0.000,0.00
1777915438,loop1,0.00,0.00,0.000,0.000,0.00
1777915438,loop10,0.00,0.00,0.000,0.000,0.00
1777915438,loop11,0.00,0.00,0.000,0.000,0.00
1777915438,loop12,0.00,0.00,0.000,0.000,0.00
1777915438,loop13,0.00,0.00,0.000,0.000,0.00
1777915438,loop14,0.00,0.00,0.000,0.000,0.00
1777915438,loop15,0.00,0.00,0.000,0.000,0.00
1777915438,loop16,0.00,0.00,0.000,0.000,0.00
1777915438,loop17,0.00,0.00,0.000,0.000,0.00
1777915438,loop18,0.00,0.00,0.000,0.000,0.00
1777915438,loop19,0.00,0.00,0.000,0.000,0.00
1777915438,loop2,0.00,0.00,0.000,0.000,0.00
1777915438,loop20,0.00,0.00,0.000,0.000,0.00
1777915438,loop21,0.00,0.00,0.000,0.000,0.00
1777915438,loop22,0.00,0.00,0.000,0.000,0.00
1777915438,loop23,0.00,0.00,0.000,0.000,0.00
1777915438,loop24,0.00,0.00,0.000,0.000,0.00
1777915438,loop25,0.00,0.00,0.000,0.000,0.00
1777915438,loop26,0.00,0.00,0.000,0.000,0.00
1777915438,loop27,0.00,0.00,0.000,0.000,0.00
1777915438,loop28,0.00,0.00,0.000,0.000,0.00
1777915438,loop29,0.00,0.00,0.000,0.000,0.00
1777915438,loop3,0.00,0.00,0.000,0.000,0.00
1777915438,loop30,0.00,0.00,0.000,0.000,0.00
1777915438,loop31,0.00,0.00,0.000,0.000,0.00
1777915438,loop32,0.00,0.00,0.000,0.000,0.00
1777915438,loop33,0.00,0.00,0.000,0.000,0.00
1777915438,loop34,0.00,0.00,0.000,0.000,0.00
1777915438,loop35,0.00,0.00,0.000,0.000,0.00
1777915438,loop36,0.00,0.00,0.000,0.000,0.00
1777915438,loop37,0.00,0.00,0.000,0.000,0.00
1777915438,loop38,0.00,0.00,0.000,0.000,0.00
1777915438,loop39,0.00,0.00,0.000,0.000,0.00
1777915438,loop4,0.00,0.00,0.000,0.000,0.00
1777915438,loop40,0.00,0.00,0.000,0.000,0.00
1777915438,loop5,0.00,0.00,0.000,0.000,0.00
1777915438,loop6,0.00,0.00,0.000,0.000,0.00
1777915438,loop7,0.00,0.00,0.000,0.000,0.00
1777915438,loop8,0.00,0.00,0.000,0.000,0.00
1777915438,loop9,0.00,0.00,0.000,0.000,0.00
1777915438,nvme0n1,0.00,0.00,0.000,0.000,0.00
1777915439,loop0,0.00,0.00,0.000,0.000,0.00
1777915439,loop1,0.00,0.00,0.000,0.000,0.00
1777915439,loop10,0.00,0.00,0.000,0.000,0.00
1777915439,loop11,0.00,0.00,0.000,0.000,0.00
1777915439,loop12,0.00,0.00,0.000,0.000,0.00
1777915439,loop13,0.00,0.00,0.000,0.000,0.00
1777915439,loop14,0.00,0.00,0.000,0.000,0.00
1777915439,loop15,0.00,0.00,0.000,0.000,0.00
1777915439,loop16,0.00,0.00,0.000,0.000,0.00
1777915439,loop17,0.00,0.00,0.000,0.000,0.00
1777915439,loop18,0.00,0.00,0.000,0.000,0.00
1777915439,loop19,0.00,0.00,0.000,0.000,0.00
1777915439,loop2,0.00,0.00,0.000,0.000,0.00
1777915439,loop20,0.00,0.00,0.000,0.000,0.00
1777915439,loop21,0.00,0.00,0.000,0.000,0.00
1777915439,loop22,0.00,0.00,0.000,0.000,0.00
1777915439,loop23,0.00,0.00,0.000,0.000,0.00
1777915439,loop24,0.00,0.00,0.000,0.000,0.00
1777915439,loop25,0.00,0.00,0.000,0.000,0.00
1777915439,loop26,0.00,0.00,0.000,0.000,0.00
1777915439,loop27,0.00,0.00,0.000,0.000,0.00
1777915439,loop28,0.00,0.00,0.000,0.000,0.00
1777915439,loop29,0.00,0.00,0.000,0.000,0.00
1777915439,loop3,0.00,0.00,0.000,0.000,0.00
1777915439,loop30,0.00,0.00,0.000,0.000,0.00
1777915439,loop31,0.00,0.00,0.000,0.000,0.00
1777915439,loop32,0.00,0.00,0.000,0.000,0.00
1777915439,loop33,0.00,0.00,0.000,0.000,0.00
1777915439,loop34,0.00,0.00,0.000,0.000,0.00
1777915439,loop35,0.00,0.00,0.000,0.000,0.00
1777915439,loop36,0.00,0.00,0.000,0.000,0.00
1777915439,loop37,0.00,0.00,0.000,0.000,0.00
1777915439,loop38,0.00,0.00,0.000,0.000,0.00
1777915439,loop39,0.00,0.00,0.000,0.000,0.00
1777915439,loop4,0.00,0.00,0.000,0.000,0.00
1777915439,loop40,0.00,0.00,0.000,0.000,0.00
1777915439,loop5,0.00,0.00,0.000,0.000,0.00
1777915439,loop6,0.00,0.00,0.000,0.000,0.00
1777915439,loop7,0.00,0.00,0.000,0.000,0.00
1777915439,loop8,0.00,0.00,0.000,0.000,0.00
1777915439,loop9,0.00,0.00,0.000,0.000,0.00
1777915439,nvme0n1,0.00,0.00,0.000,0.000,6.00
1777915440,loop0,0.00,0.00,0.000,0.000,0.00
1777915440,loop1,0.00,0.00,0.000,0.000,0.00
1777915440,loop10,0.00,0.00,0.000,0.000,0.00
1777915440,loop11,0.00,0.00,0.000,0.000,0.00
1777915440,loop12,0.00,0.00,0.000,0.000,0.00
1777915440,loop13,0.00,0.00,0.000,0.000,0.00
1777915440,loop14,0.00,0.00,0.000,0.000,0.00
1777915440,loop15,0.00,0.00,0.000,0.000,0.00
1777915440,loop16,0.00,0.00,0.000,0.000,0.00
1777915440,loop17,0.00,0.00,0.000,0.000,0.00
1777915440,loop18,0.00,0.00,0.000,0.000,0.00
1777915440,loop19,0.00,0.00,0.000,0.000,0.00
1777915440,loop2,0.00,0.00,0.000,0.000,0.00
1777915440,loop20,0.00,0.00,0.000,0.000,0.00
1777915440,loop21,0.00,0.00,0.000,0.000,0.00
1777915440,loop22,0.00,0.00,0.000,0.000,0.00
1777915440,loop23,0.00,0.00,0.000,0.000,0.00
1777915440,loop24,0.00,0.00,0.000,0.000,0.00
1777915440,loop25,0.00,0.00,0.000,0.000,0.00
1777915440,loop26,0.00,0.00,0.000,0.000,0.00
1777915440,loop27,0.00,0.00,0.000,0.000,0.00
1777915440,loop28,0.00,0.00,0.000,0.000,0.00
1777915440,loop29,0.00,0.00,0.000,0.000,0.00
1777915440,loop3,0.00,0.00,0.000,0.000,0.00
1777915440,loop30,0.00,0.00,0.000,0.000,0.00
1777915440,loop31,0.00,0.00,0.000,0.000,0.00
1777915440,loop32,0.00,0.00,0.000,0.000,0.00
1777915440,loop33,0.00,0.00,0.000,0.000,0.00
1777915440,loop34,0.00,0.00,0.000,0.000,0.00
1777915440,loop35,0.00,0.00,0.000,0.000,0.00
1777915440,loop36,0.00,0.00,0.000,0.000,0.00
1777915440,loop37,0.00,0.00,0.000,0.000,0.00
1777915440,loop38,0.00,0.00,0.000,0.000,0.00
1777915440,loop39,0.00,0.00,0.000,0.000,0.00
1777915440,loop4,0.00,0.00,0.000,0.000,0.00
1777915440,loop40,0.00,0.00,0.000,0.000,0.00
1777915440,loop5,0.00,0.00,0.000,0.000,0.00
1777915440,loop6,0.00,0.00,0.000,0.000,0.00
1777915440,loop7,0.00,0.00,0.000,0.000,0.00
1777915440,loop8,0.00,0.00,0.000,0.000,0.00
1777915440,loop9,0.00,0.00,0.000,0.000,0.00
1777915440,nvme0n1,0.00,0.00,0.000,0.000,0.10
1777915441,loop0,0.00,0.00,0.000,0.000,0.00
1777915441,loop1,0.00,0.00,0.000,0.000,0.00
1777915441,loop10,0.00,0.00,0.000,0.000,0.00
1777915441,loop11,0.00,0.00,0.000,0.000,0.00
1777915441,loop12,0.00,0.00,0.000,0.000,0.00
1777915441,loop13,0.00,0.00,0.000,0.000,0.00
1777915441,loop14,0.00,0.00,0.000,0.000,0.00
1777915441,loop15,0.00,0.00,0.000,0.000,0.00
1777915441,loop16,0.00,0.00,0.000,0.000,0.00
1777915441,loop17,0.00,0.00,0.000,0.000,0.00
1777915441,loop18,0.00,0.00,0.000,0.000,0.00
1777915441,loop19,0.00,0.00,0.000,0.000,0.00
1777915441,loop2,0.00,0.00,0.000,0.000,0.00
1777915441,loop20,0.00,0.00,0.000,0.000,0.00
1777915441,loop21,0.00,0.00,0.000,0.000,0.00
1777915441,loop22,0.00,0.00,0.000,0.000,0.00
1777915441,loop23,0.00,0.00,0.000,0.000,0.00
1777915441,loop24,0.00,0.00,0.000,0.000,0.00
1777915441,loop25,0.00,0.00,0.000,0.000,0.00
1777915441,loop26,0.00,0.00,0.000,0.000,0.00
1777915441,loop27,0.00,0.00,0.000,0.000,0.00
1777915441,loop28,0.00,0.00,0.000,0.000,0.00
1777915441,loop29,0.00,0.00,0.000,0.000,0.00
1777915441,loop3,0.00,0.00,0.000,0.000,0.00
1777915441,loop30,0.00,0.00,0.000,0.000,0.00
1777915441,loop31,0.00,0.00,0.000,0.000,0.00
1777915441,loop32,0.00,0.00,0.000,0.000,0.00
1777915441,loop33,0.00,0.00,0.000,0.000,0.00
1777915441,loop34,0.00,0.00,0.000,0.000,0.00
1777915441,loop35,0.00,0.00,0.000,0.000,0.00
1777915441,loop36,0.00,0.00,0.000,0.000,0.00
1777915441,loop37,0.00,0.00,0.000,0.000,0.00
1777915441,loop38,0.00,0.00,0.000,0.000,0.00
1777915441,loop39,0.00,0.00,0.000,0.000,0.00
1777915441,loop4,0.00,0.00,0.000,0.000,0.00
1777915441,loop40,0.00,0.00,0.000,0.000,0.00
1777915441,loop5,0.00,0.00,0.000,0.000,0.00
1777915441,loop6,0.00,0.00,0.000,0.000,0.00
1777915441,loop7,0.00,0.00,0.000,0.000,0.00
1777915441,loop8,0.00,0.00,0.000,0.000,0.00
1777915441,loop9,0.00,0.00,0.000,0.000,0.00
1777915441,nvme0n1,0.00,0.00,0.000,0.000,0.30
1777915442,loop0,0.00,0.00,0.000,0.000,0.00
1777915442,loop1,0.00,0.00,0.000,0.000,0.00
1777915442,loop10,0.00,0.00,0.000,0.000,0.00
1777915442,loop11,0.00,0.00,0.000,0.000,0.00
1777915442,loop12,0.00,0.00,0.000,0.000,0.00
1777915442,loop13,0.00,0.00,0.000,0.000,0.00
1777915442,loop14,0.00,0.00,0.000,0.000,0.00
1777915442,loop15,0.00,0.00,0.000,0.000,0.00
1777915442,loop16,0.00,0.00,0.000,0.000,0.00
1777915442,loop17,0.00,0.00,0.000,0.000,0.00
1777915442,loop18,0.00,0.00,0.000,0.000,0.00
1777915442,loop19,0.00,0.00,0.000,0.000,0.00
1777915442,loop2,0.00,0.00,0.000,0.000,0.00
1777915442,loop20,0.00,0.00,0.000,0.000,0.00
1777915442,loop21,0.00,0.00,0.000,0.000,0.00
1777915442,loop22,0.00,0.00,0.000,0.000,0.00
1777915442,loop23,0.00,0.00,0.000,0.000,0.00
1777915442,loop24,0.00,0.00,0.000,0.000,0.00
1777915442,loop25,0.00,0.00,0.000,0.000,0.00
1777915442,loop26,0.00,0.00,0.000,0.000,0.00
1777915442,loop27,0.00,0.00,0.000,0.000,0.00
1777915442,loop28,0.00,0.00,0.000,0.000,0.00
1777915442,loop29,0.00,0.00,0.000,0.000,0.00
1777915442,loop3,0.00,0.00,0.000,0.000,0.00
1777915442,loop30,0.00,0.00,0.000,0.000,0.00
1777915442,loop31,0.00,0.00,0.000,0.000,0.00
1777915442,loop32,0.00,0.00,0.000,0.000,0.00
1777915442,loop33,0.00,0.00,0.000,0.000,0.00
1777915442,loop34,0.00,0.00,0.000,0.000,0.00
1777915442,loop35,0.00,0.00,0.000,0.000,0.00
1777915442,loop36,0.00,0.00,0.000,0.000,0.00
1777915442,loop37,0.00,0.00,0.000,0.000,0.00
1777915442,loop38,0.00,0.00,0.000,0.000,0.00
1777915442,loop39,0.00,0.00,0.000,0.000,0.00
1777915442,loop4,0.00,0.00,0.000,0.000,0.00
1777915442,loop40,0.00,0.00,0.000,0.000,0.00
1777915442,loop5,0.00,0.00,0.000,0.000,0.00
1777915442,loop6,0.00,0.00,0.000,0.000,0.00
1777915442,loop7,0.00,0.00,0.000,0.000,0.00
1777915442,loop8,0.00,0.00,0.000,0.000,0.00
1777915442,loop9,0.00,0.00,0.000,0.000,0.00
1777915442,nvme0n1,1.00,4.00,0.000,0.000,0.40
1777915443,loop0,0.00,0.00,0.000,0.000,0.00
1777915443,loop1,0.00,0.00,0.000,0.000,0.00
1777915443,loop10,0.00,0.00,0.000,0.000,0.00
1777915443,loop11,0.00,0.00,0.000,0.000,0.00
1777915443,loop12,0.00,0.00,0.000,0.000,0.00
1777915443,loop13,0.00,0.00,0.000,0.000,0.00
1777915443,loop14,0.00,0.00,0.000,0.000,0.00
1777915443,loop15,0.00,0.00,0.000,0.000,0.00
1777915443,loop16,0.00,0.00,0.000,0.000,0.00
1777915443,loop17,0.00,0.00,0.000,0.000,0.00
1777915443,loop18,0.00,0.00,0.000,0.000,0.00
1777915443,loop19,0.00,0.00,0.000,0.000,0.00
1777915443,loop2,0.00,0.00,0.000,0.000,0.00
1777915443,loop20,0.00,0.00,0.000,0.000,0.00
1777915443,loop21,0.00,0.00,0.000,0.000,0.00
1777915443,loop22,0.00,0.00,0.000,0.000,0.00
1777915443,loop23,0.00,0.00,0.000,0.000,0.00
1777915443,loop24,0.00,0.00,0.000,0.000,0.00
1777915443,loop25,0.00,0.00,0.000,0.000,0.00
1777915443,loop26,0.00,0.00,0.000,0.000,0.00
1777915443,loop27,0.00,0.00,0.000,0.000,0.00
1777915443,loop28,0.00,0.00,0.000,0.000,0.00
1777915443,loop29,0.00,0.00,0.000,0.000,0.00
1777915443,loop3,0.00,0.00,0.000,0.000,0.00
1777915443,loop30,0.00,0.00,0.000,0.000,0.00
1777915443,loop31,0.00,0.00,0.000,0.000,0.00
1777915443,loop32,0.00,0.00,0.000,0.000,0.00
1777915443,loop33,0.00,0.00,0.000,0.000,0.00
1777915443,loop34,0.00,0.00,0.000,0.000,0.00
1777915443,loop35,0.00,0.00,0.000,0.000,0.00
1777915443,loop36,0.00,0.00,0.000,0.000,0.00
1777915443,loop37,0.00,0.00,0.000,0.000,0.00
1777915443,loop38,0.00,0.00,0.000,0.000,0.00
1777915443,loop39,0.00,0.00,0.000,0.000,0.00
1777915443,loop4,0.00,0.00,0.000,0.000,0.00
1777915443,loop40,0.00,0.00,0.000,0.000,0.00
1777915443,loop5,0.00,0.00,0.000,0.000,0.00
1777915443,loop6,0.00,0.00,0.000,0.000,0.00
1777915443,loop7,0.00,0.00,0.000,0.000,0.00
1777915443,loop8,0.00,0.00,0.000,0.000,0.00
1777915443,loop9,0.00,0.00,0.000,0.000,0.00
1777915443,nvme0n1,0.00,0.00,0.000,0.000,0.90
1777915444,loop0,0.00,0.00,0.000,0.000,0.00
1777915444,loop1,0.00,0.00,0.000,0.000,0.00
1777915444,loop10,0.00,0.00,0.000,0.000,0.00
1777915444,loop11,0.00,0.00,0.000,0.000,0.00
1777915444,loop12,0.00,0.00,0.000,0.000,0.00
1777915444,loop13,0.00,0.00,0.000,0.000,0.00
1777915444,loop14,0.00,0.00,0.000,0.000,0.00
1777915444,loop15,0.00,0.00,0.000,0.000,0.00
1777915444,loop16,0.00,0.00,0.000,0.000,0.00
1777915444,loop17,0.00,0.00,0.000,0.000,0.00
1777915444,loop18,0.00,0.00,0.000,0.000,0.00
1777915444,loop19,0.00,0.00,0.000,0.000,0.00
1777915444,loop2,0.00,0.00,0.000,0.000,0.00
1777915444,loop20,0.00,0.00,0.000,0.000,0.00
1777915444,loop21,0.00,0.00,0.000,0.000,0.00
1777915444,loop22,0.00,0.00,0.000,0.000,0.00
1777915444,loop23,0.00,0.00,0.000,0.000,0.00
1777915444,loop24,0.00,0.00,0.000,0.000,0.00
1777915444,loop25,0.00,0.00,0.000,0.000,0.00
1777915444,loop26,0.00,0.00,0.000,0.000,0.00
1777915444,loop27,0.00,0.00,0.000,0.000,0.00
1777915444,loop28,0.00,0.00,0.000,0.000,0.00
1777915444,loop29,0.00,0.00,0.000,0.000,0.00
1777915444,loop3,0.00,0.00,0.000,0.000,0.00
1777915444,loop30,0.00,0.00,0.000,0.000,0.00
1777915444,loop31,0.00,0.00,0.000,0.000,0.00
1777915444,loop32,0.00,0.00,0.000,0.000,0.00
1777915444,loop33,0.00,0.00,0.000,0.000,0.00
1777915444,loop34,0.00,0.00,0.000,0.000,0.00
1777915444,loop35,0.00,0.00,0.000,0.000,0.00
1777915444,loop36,0.00,0.00,0.000,0.000,0.00
1777915444,loop37,0.00,0.00,0.000,0.000,0.00
1777915444,loop38,0.00,0.00,0.000,0.000,0.00
1777915444,loop39,0.00,0.00,0.000,0.000,0.00
1777915444,loop4,0.00,0.00,0.000,0.000,0.00
1777915444,loop40,0.00,0.00,0.000,0.000,0.00
1777915444,loop5,0.00,0.00,0.000,0.000,0.00
1777915444,loop6,0.00,0.00,0.000,0.000,0.00
1777915444,loop7,0.00,0.00,0.000,0.000,0.00
1777915444,loop8,0.00,0.00,0.000,0.000,0.00
1777915444,loop9,0.00,0.00,0.000,0.000,0.00
1777915444,nvme0n1,0.00,0.00,0.000,0.000,1.60
1777915445,loop0,0.00,0.00,0.000,0.000,0.00
1777915445,loop1,0.00,0.00,0.000,0.000,0.00
1777915445,loop10,0.00,0.00,0.000,0.000,0.00
1777915445,loop11,0.00,0.00,0.000,0.000,0.00
1777915445,loop12,0.00,0.00,0.000,0.000,0.00
1777915445,loop13,0.00,0.00,0.000,0.000,0.00
1777915445,loop14,0.00,0.00,0.000,0.000,0.00
1777915445,loop15,0.00,0.00,0.000,0.000,0.00
1777915445,loop16,0.00,0.00,0.000,0.000,0.00
1777915445,loop17,0.00,0.00,0.000,0.000,0.00
1777915445,loop18,0.00,0.00,0.000,0.000,0.00
1777915445,loop19,0.00,0.00,0.000,0.000,0.00
1777915445,loop2,0.00,0.00,0.000,0.000,0.00
1777915445,loop20,0.00,0.00,0.000,0.000,0.00
1777915445,loop21,0.00,0.00,0.000,0.000,0.00
1777915445,loop22,0.00,0.00,0.000,0.000,0.00
1777915445,loop23,0.00,0.00,0.000,0.000,0.00
1777915445,loop24,0.00,0.00,0.000,0.000,0.00
1777915445,loop25,0.00,0.00,0.000,0.000,0.00
1777915445,loop26,0.00,0.00,0.000,0.000,0.00
1777915445,loop27,0.00,0.00,0.000,0.000,0.00
1777915445,loop28,0.00,0.00,0.000,0.000,0.00
1777915445,loop29,0.00,0.00,0.000,0.000,0.00
1777915445,loop3,0.00,0.00,0.000,0.000,0.00
1777915445,loop30,0.00,0.00,0.000,0.000,0.00
1777915445,loop31,0.00,0.00,0.000,0.000,0.00
1777915445,loop32,0.00,0.00,0.000,0.000,0.00
1777915445,loop33,0.00,0.00,0.000,0.000,0.00
1777915445,loop34,0.00,0.00,0.000,0.000,0.00
1777915445,loop35,0.00,0.00,0.000,0.000,0.00
1777915445,loop36,0.00,0.00,0.000,0.000,0.00
1777915445,loop37,0.00,0.00,0.000,0.000,0.00
1777915445,loop38,0.00,0.00,0.000,0.000,0.00
1777915445,loop39,0.00,0.00,0.000,0.000,0.00
1777915445,loop4,0.00,0.00,0.000,0.000,0.00
1777915445,loop40,0.00,0.00,0.000,0.000,0.00
1777915445,loop5,0.00,0.00,0.000,0.000,0.00
1777915445,loop6,0.00,0.00,0.000,0.000,0.00
1777915445,loop7,0.00,0.00,0.000,0.000,0.00
1777915445,loop8,0.00,0.00,0.000,0.000,0.00
1777915445,loop9,0.00,0.00,0.000,0.000,0.00
1777915445,nvme0n1,0.00,0.00,0.000,0.000,0.70
1777915446,loop0,0.00,0.00,0.000,0.000,0.00
1777915446,loop1,0.00,0.00,0.000,0.000,0.00
1777915446,loop10,0.00,0.00,0.000,0.000,0.00
1777915446,loop11,0.00,0.00,0.000,0.000,0.00
1777915446,loop12,0.00,0.00,0.000,0.000,0.00
1777915446,loop13,0.00,0.00,0.000,0.000,0.00
1777915446,loop14,0.00,0.00,0.000,0.000,0.00
1777915446,loop15,0.00,0.00,0.000,0.000,0.00
1777915446,loop16,0.00,0.00,0.000,0.000,0.00
1777915446,loop17,0.00,0.00,0.000,0.000,0.00
1777915446,loop18,0.00,0.00,0.000,0.000,0.00
1777915446,loop19,0.00,0.00,0.000,0.000,0.00
1777915446,loop2,0.00,0.00,0.000,0.000,0.00
1777915446,loop20,0.00,0.00,0.000,0.000,0.00
1777915446,loop21,0.00,0.00,0.000,0.000,0.00
1777915446,loop22,0.00,0.00,0.000,0.000,0.00
1777915446,loop23,0.00,0.00,0.000,0.000,0.00
1777915446,loop24,0.00,0.00,0.000,0.000,0.00
1777915446,loop25,0.00,0.00,0.000,0.000,0.00
1777915446,loop26,0.00,0.00,0.000,0.000,0.00
1777915446,loop27,0.00,0.00,0.000,0.000,0.00
1777915446,loop28,0.00,0.00,0.000,0.000,0.00
1777915446,loop29,0.00,0.00,0.000,0.000,0.00
1777915446,loop3,0.00,0.00,0.000,0.000,0.00
1777915446,loop30,0.00,0.00,0.000,0.000,0.00
1777915446,loop31,0.00,0.00,0.000,0.000,0.00
1777915446,loop32,0.00,0.00,0.000,0.000,0.00
1777915446,loop33,0.00,0.00,0.000,0.000,0.00
1777915446,loop34,0.00,0.00,0.000,0.000,0.00
1777915446,loop35,0.00,0.00,0.000,0.000,0.00
1777915446,loop36,0.00,0.00,0.000,0.000,0.00
1777915446,loop37,0.00,0.00,0.000,0.000,0.00
1777915446,loop38,0.00,0.00,0.000,0.000,0.00
1777915446,loop39,0.00,0.00,0.000,0.000,0.00
1777915446,loop4,0.00,0.00,0.000,0.000,0.00
1777915446,loop40,0.00,0.00,0.000,0.000,0.00
1777915446,loop5,0.00,0.00,0.000,0.000,0.00
1777915446,loop6,0.00,0.00,0.000,0.000,0.00
1777915446,loop7,0.00,0.00,0.000,0.000,0.00
1777915446,loop8,0.00,0.00,0.000,0.000,0.00
1777915446,loop9,0.00,0.00,0.000,0.000,0.00
1777915446,nvme0n1,0.00,0.00,0.000,0.000,0.60
1777915447,loop0,0.00,0.00,0.000,0.000,0.00
1777915447,loop1,0.00,0.00,0.000,0.000,0.00
1777915447,loop10,0.00,0.00,0.000,0.000,0.00
1777915447,loop11,0.00,0.00,0.000,0.000,0.00
1777915447,loop12,0.00,0.00,0.000,0.000,0.00
1777915447,loop13,0.00,0.00,0.000,0.000,0.00
1777915447,loop14,0.00,0.00,0.000,0.000,0.00
1777915447,loop15,0.00,0.00,0.000,0.000,0.00
1777915447,loop16,0.00,0.00,0.000,0.000,0.00
1777915447,loop17,0.00,0.00,0.000,0.000,0.00
1777915447,loop18,0.00,0.00,0.000,0.000,0.00
1777915447,loop19,0.00,0.00,0.000,0.000,0.00
1777915447,loop2,0.00,0.00,0.000,0.000,0.00
1777915447,loop20,0.00,0.00,0.000,0.000,0.00
1777915447,loop21,0.00,0.00,0.000,0.000,0.00
1777915447,loop22,0.00,0.00,0.000,0.000,0.00
1777915447,loop23,0.00,0.00,0.000,0.000,0.00
1777915447,loop24,0.00,0.00,0.000,0.000,0.00
1777915447,loop25,0.00,0.00,0.000,0.000,0.00
1777915447,loop26,0.00,0.00,0.000,0.000,0.00
1777915447,loop27,0.00,0.00,0.000,0.000,0.00
1777915447,loop28,0.00,0.00,0.000,0.000,0.00
1777915447,loop29,0.00,0.00,0.000,0.000,0.00
1777915447,loop3,0.00,0.00,0.000,0.000,0.00
1777915447,loop30,0.00,0.00,0.000,0.000,0.00
1777915447,loop31,0.00,0.00,0.000,0.000,0.00
1777915447,loop32,0.00,0.00,0.000,0.000,0.00
1777915447,loop33,0.00,0.00,0.000,0.000,0.00
1777915447,loop34,0.00,0.00,0.000,0.000,0.00
1777915447,loop35,0.00,0.00,0.000,0.000,0.00
1777915447,loop36,0.00,0.00,0.000,0.000,0.00
1777915447,loop37,0.00,0.00,0.000,0.000,0.00
1777915447,loop38,0.00,0.00,0.000,0.000,0.00
1777915447,loop39,0.00,0.00,0.000,0.000,0.00
1777915447,loop4,0.00,0.00,0.000,0.000,0.00
1777915447,loop40,0.00,0.00,0.000,0.000,0.00
1777915447,loop5,0.00,0.00,0.000,0.000,0.00
1777915447,loop6,0.00,0.00,0.000,0.000,0.00
1777915447,loop7,0.00,0.00,0.000,0.000,0.00
1777915447,loop8,0.00,0.00,0.000,0.000,0.00
1777915447,loop9,0.00,0.00,0.000,0.000,0.00
1777915447,nvme0n1,4.00,16.00,0.000,0.000,0.30
1777915448,loop0,0.00,0.00,0.000,0.000,0.00
1777915448,loop1,0.00,0.00,0.000,0.000,0.00
1777915448,loop10,0.00,0.00,0.000,0.000,0.00
1777915448,loop11,0.00,0.00,0.000,0.000,0.00
1777915448,loop12,0.00,0.00,0.000,0.000,0.00
1777915448,loop13,0.00,0.00,0.000,0.000,0.00
1777915448,loop14,0.00,0.00,0.000,0.000,0.00
1777915448,loop15,0.00,0.00,0.000,0.000,0.00
1777915448,loop16,0.00,0.00,0.000,0.000,0.00
1777915448,loop17,0.00,0.00,0.000,0.000,0.00
1777915448,loop18,0.00,0.00,0.000,0.000,0.00
1777915448,loop19,0.00,0.00,0.000,0.000,0.00
1777915448,loop2,0.00,0.00,0.000,0.000,0.00
1777915448,loop20,0.00,0.00,0.000,0.000,0.00
1777915448,loop21,0.00,0.00,0.000,0.000,0.00
1777915448,loop22,0.00,0.00,0.000,0.000,0.00
1777915448,loop23,0.00,0.00,0.000,0.000,0.00
1777915448,loop24,0.00,0.00,0.000,0.000,0.00
1777915448,loop25,0.00,0.00,0.000,0.000,0.00
1777915448,loop26,0.00,0.00,0.000,0.000,0.00
1777915448,loop27,0.00,0.00,0.000,0.000,0.00
1777915448,loop28,0.00,0.00,0.000,0.000,0.00
1777915448,loop29,0.00,0.00,0.000,0.000,0.00
1777915448,loop3,0.00,0.00,0.000,0.000,0.00
1777915448,loop30,0.00,0.00,0.000,0.000,0.00
1777915448,loop31,0.00,0.00,0.000,0.000,0.00
1777915448,loop32,0.00,0.00,0.000,0.000,0.00
1777915448,loop33,0.00,0.00,0.000,0.000,0.00
1777915448,loop34,0.00,0.00,0.000,0.000,0.00
1777915448,loop35,0.00,0.00,0.000,0.000,0.00
1777915448,loop36,0.00,0.00,0.000,0.000,0.00
1777915448,loop37,0.00,0.00,0.000,0.000,0.00
1777915448,loop38,0.00,0.00,0.000,0.000,0.00
1777915448,loop39,0.00,0.00,0.000,0.000,0.00
1777915448,loop4,0.00,0.00,0.000,0.000,0.00
1777915448,loop40,0.00,0.00,0.000,0.000,0.00
1777915448,loop5,0.00,0.00,0.000,0.000,0.00
1777915448,loop6,0.00,0.00,0.000,0.000,0.00
1777915448,loop7,0.00,0.00,0.000,0.000,0.00
1777915448,loop8,0.00,0.00,0.000,0.000,0.00
1777915448,loop9,0.00,0.00,0.000,0.000,0.00
1777915448,nvme0n1,0.00,0.00,0.000,0.000,0.50
1777915449,loop0,0.00,0.00,0.000,0.000,0.00
1777915449,loop1,0.00,0.00,0.000,0.000,0.00
1777915449,loop10,0.00,0.00,0.000,0.000,0.00
1777915449,loop11,0.00,0.00,0.000,0.000,0.00
1777915449,loop12,0.00,0.00,0.000,0.000,0.00
1777915449,loop13,0.00,0.00,0.000,0.000,0.00
1777915449,loop14,0.00,0.00,0.000,0.000,0.00
1777915449,loop15,0.00,0.00,0.000,0.000,0.00
1777915449,loop16,0.00,0.00,0.000,0.000,0.00
1777915449,loop17,0.00,0.00,0.000,0.000,0.00
1777915449,loop18,0.00,0.00,0.000,0.000,0.00
1777915449,loop19,0.00,0.00,0.000,0.000,0.00
1777915449,loop2,0.00,0.00,0.000,0.000,0.00
1777915449,loop20,0.00,0.00,0.000,0.000,0.00
1777915449,loop21,0.00,0.00,0.000,0.000,0.00
1777915449,loop22,0.00,0.00,0.000,0.000,0.00
1777915449,loop23,0.00,0.00,0.000,0.000,0.00
1777915449,loop24,0.00,0.00,0.000,0.000,0.00
1777915449,loop25,0.00,0.00,0.000,0.000,0.00
1777915449,loop26,0.00,0.00,0.000,0.000,0.00
1777915449,loop27,0.00,0.00,0.000,0.000,0.00
1777915449,loop28,0.00,0.00,0.000,0.000,0.00
1777915449,loop29,0.00,0.00,0.000,0.000,0.00
1777915449,loop3,0.00,0.00,0.000,0.000,0.00
1777915449,loop30,0.00,0.00,0.000,0.000,0.00
1777915449,loop31,0.00,0.00,0.000,0.000,0.00
1777915449,loop32,0.00,0.00,0.000,0.000,0.00
1777915449,loop33,0.00,0.00,0.000,0.000,0.00
1777915449,loop34,0.00,0.00,0.000,0.000,0.00
1777915449,loop35,0.00,0.00,0.000,0.000,0.00
1777915449,loop36,0.00,0.00,0.000,0.000,0.00
1777915449,loop37,0.00,0.00,0.000,0.000,0.00
1777915449,loop38,0.00,0.00,0.000,0.000,0.00
1777915449,loop39,0.00,0.00,0.000,0.000,0.00
1777915449,loop4,0.00,0.00,0.000,0.000,0.00
1777915449,loop40,0.00,0.00,0.000,0.000,0.00
1777915449,loop5,0.00,0.00,0.000,0.000,0.00
1777915449,loop6,0.00,0.00,0.000,0.000,0.00
1777915449,loop7,0.00,0.00,0.000,0.000,0.00
1777915449,loop8,0.00,0.00,0.000,0.000,0.00
1777915449,loop9,0.00,0.00,0.000,0.000,0.00
1777915449,nvme0n1,0.00,0.00,0.000,0.000,0.90
1777915450,loop0,0.00,0.00,0.000,0.000,0.00
1777915450,loop1,0.00,0.00,0.000,0.000,0.00
1777915450,loop10,0.00,0.00,0.000,0.000,0.00
1777915450,loop11,0.00,0.00,0.000,0.000,0.00
1777915450,loop12,0.00,0.00,0.000,0.000,0.00
1777915450,loop13,0.00,0.00,0.000,0.000,0.00
1777915450,loop14,0.00,0.00,0.000,0.000,0.00
1777915450,loop15,0.00,0.00,0.000,0.000,0.00
1777915450,loop16,0.00,0.00,0.000,0.000,0.00
1777915450,loop17,0.00,0.00,0.000,0.000,0.00
1777915450,loop18,0.00,0.00,0.000,0.000,0.00
1777915450,loop19,0.00,0.00,0.000,0.000,0.00
1777915450,loop2,0.00,0.00,0.000,0.000,0.00
1777915450,loop20,0.00,0.00,0.000,0.000,0.00
1777915450,loop21,0.00,0.00,0.000,0.000,0.00
1777915450,loop22,0.00,0.00,0.000,0.000,0.00
1777915450,loop23,0.00,0.00,0.000,0.000,0.00
1777915450,loop24,0.00,0.00,0.000,0.000,0.00
1777915450,loop25,0.00,0.00,0.000,0.000,0.00
1777915450,loop26,0.00,0.00,0.000,0.000,0.00
1777915450,loop27,0.00,0.00,0.000,0.000,0.00
1777915450,loop28,0.00,0.00,0.000,0.000,0.00
1777915450,loop29,0.00,0.00,0.000,0.000,0.00
1777915450,loop3,0.00,0.00,0.000,0.000,0.00
1777915450,loop30,0.00,0.00,0.000,0.000,0.00
1777915450,loop31,0.00,0.00,0.000,0.000,0.00
1777915450,loop32,0.00,0.00,0.000,0.000,0.00
1777915450,loop33,0.00,0.00,0.000,0.000,0.00
1777915450,loop34,0.00,0.00,0.000,0.000,0.00
1777915450,loop35,0.00,0.00,0.000,0.000,0.00
1777915450,loop36,0.00,0.00,0.000,0.000,0.00
1777915450,loop37,0.00,0.00,0.000,0.000,0.00
1777915450,loop38,0.00,0.00,0.000,0.000,0.00
1777915450,loop39,0.00,0.00,0.000,0.000,0.00
1777915450,loop4,0.00,0.00,0.000,0.000,0.00
1777915450,loop40,0.00,0.00,0.000,0.000,0.00
1777915450,loop5,0.00,0.00,0.000,0.000,0.00
1777915450,loop6,0.00,0.00,0.000,0.000,0.00
1777915450,loop7,0.00,0.00,0.000,0.000,0.00
1777915450,loop8,0.00,0.00,0.000,0.000,0.00
1777915450,loop9,0.00,0.00,0.000,0.000,0.00
1777915450,nvme0n1,1.00,4.00,0.000,0.000,0.80
1777915451,loop0,0.00,0.00,0.000,0.000,0.00
1777915451,loop1,0.00,0.00,0.000,0.000,0.00
1777915451,loop10,0.00,0.00,0.000,0.000,0.00
1777915451,loop11,0.00,0.00,0.000,0.000,0.00
1777915451,loop12,0.00,0.00,0.000,0.000,0.00
1777915451,loop13,0.00,0.00,0.000,0.000,0.00
1777915451,loop14,0.00,0.00,0.000,0.000,0.00
1777915451,loop15,0.00,0.00,0.000,0.000,0.00
1777915451,loop16,0.00,0.00,0.000,0.000,0.00
1777915451,loop17,0.00,0.00,0.000,0.000,0.00
1777915451,loop18,0.00,0.00,0.000,0.000,0.00
1777915451,loop19,0.00,0.00,0.000,0.000,0.00
1777915451,loop2,0.00,0.00,0.000,0.000,0.00
1777915451,loop20,0.00,0.00,0.000,0.000,0.00
1777915451,loop21,0.00,0.00,0.000,0.000,0.00
1777915451,loop22,0.00,0.00,0.000,0.000,0.00
1777915451,loop23,0.00,0.00,0.000,0.000,0.00
1777915451,loop24,0.00,0.00,0.000,0.000,0.00
1777915451,loop25,0.00,0.00,0.000,0.000,0.00
1777915451,loop26,0.00,0.00,0.000,0.000,0.00
1777915451,loop27,0.00,0.00,0.000,0.000,0.00
1777915451,loop28,0.00,0.00,0.000,0.000,0.00
1777915451,loop29,0.00,0.00,0.000,0.000,0.00
1777915451,loop3,0.00,0.00,0.000,0.000,0.00
1777915451,loop30,0.00,0.00,0.000,0.000,0.00
1777915451,loop31,0.00,0.00,0.000,0.000,0.00
1777915451,loop32,0.00,0.00,0.000,0.000,0.00
1777915451,loop33,0.00,0.00,0.000,0.000,0.00
1777915451,loop34,0.00,0.00,0.000,0.000,0.00
1777915451,loop35,0.00,0.00,0.000,0.000,0.00
1777915451,loop36,0.00,0.00,0.000,0.000,0.00
1777915451,loop37,0.00,0.00,0.000,0.000,0.00
1777915451,loop38,0.00,0.00,0.000,0.000,0.00
1777915451,loop39,0.00,0.00,0.000,0.000,0.00
1777915451,loop4,0.00,0.00,0.000,0.000,0.00
1777915451,loop40,0.00,0.00,0.000,0.000,0.00
1777915451,loop5,0.00,0.00,0.000,0.000,0.00
1777915451,loop6,0.00,0.00,0.000,0.000,0.00
1777915451,loop7,0.00,0.00,0.000,0.000,0.00
1777915451,loop8,0.00,0.00,0.000,0.000,0.00
1777915451,loop9,0.00,0.00,0.000,0.000,0.00
1777915451,nvme0n1,0.00,0.00,0.000,0.000,0.30
1777915452,loop0,0.00,0.00,0.000,0.000,0.00
1777915452,loop1,0.00,0.00,0.000,0.000,0.00
1777915452,loop10,0.00,0.00,0.000,0.000,0.00
1777915452,loop11,0.00,0.00,0.000,0.000,0.00
1777915452,loop12,0.00,0.00,0.000,0.000,0.00
1777915452,loop13,0.00,0.00,0.000,0.000,0.00
1777915452,loop14,0.00,0.00,0.000,0.000,0.00
1777915452,loop15,0.00,0.00,0.000,0.000,0.00
1777915452,loop16,0.00,0.00,0.000,0.000,0.00
1777915452,loop17,0.00,0.00,0.000,0.000,0.00
1777915452,loop18,0.00,0.00,0.000,0.000,0.00
1777915452,loop19,0.00,0.00,0.000,0.000,0.00
1777915452,loop2,0.00,0.00,0.000,0.000,0.00
1777915452,loop20,0.00,0.00,0.000,0.000,0.00
1777915452,loop21,0.00,0.00,0.000,0.000,0.00
1777915452,loop22,0.00,0.00,0.000,0.000,0.00
1777915452,loop23,0.00,0.00,0.000,0.000,0.00
1777915452,loop24,0.00,0.00,0.000,0.000,0.00
1777915452,loop25,0.00,0.00,0.000,0.000,0.00
1777915452,loop26,0.00,0.00,0.000,0.000,0.00
1777915452,loop27,0.00,0.00,0.000,0.000,0.00
1777915452,loop28,0.00,0.00,0.000,0.000,0.00
1777915452,loop29,0.00,0.00,0.000,0.000,0.00
1777915452,loop3,0.00,0.00,0.000,0.000,0.00
1777915452,loop30,0.00,0.00,0.000,0.000,0.00
1777915452,loop31,0.00,0.00,0.000,0.000,0.00
1777915452,loop32,0.00,0.00,0.000,0.000,0.00
1777915452,loop33,0.00,0.00,0.000,0.000,0.00
1777915452,loop34,0.00,0.00,0.000,0.000,0.00
1777915452,loop35,0.00,0.00,0.000,0.000,0.00
1777915452,loop36,0.00,0.00,0.000,0.000,0.00
1777915452,loop37,0.00,0.00,0.000,0.000,0.00
1777915452,loop38,0.00,0.00,0.000,0.000,0.00
1777915452,loop39,0.00,0.00,0.000,0.000,0.00
1777915452,loop4,0.00,0.00,0.000,0.000,0.00
1777915452,loop40,0.00,0.00,0.000,0.000,0.00
1777915452,loop5,0.00,0.00,0.000,0.000,0.00
1777915452,loop6,0.00,0.00,0.000,0.000,0.00
1777915452,loop7,0.00,0.00,0.000,0.000,0.00
1777915452,loop8,0.00,0.00,0.000,0.000,0.00
1777915452,loop9,0.00,0.00,0.000,0.000,0.00
1777915452,nvme0n1,0.00,0.00,0.000,0.000,0.00
1777915453,loop0,0.00,0.00,0.000,0.000,0.00
1777915453,loop1,0.00,0.00,0.000,0.000,0.00
1777915453,loop10,0.00,0.00,0.000,0.000,0.00
1777915453,loop11,0.00,0.00,0.000,0.000,0.00
1777915453,loop12,0.00,0.00,0.000,0.000,0.00
1777915453,loop13,0.00,0.00,0.000,0.000,0.00
1777915453,loop14,0.00,0.00,0.000,0.000,0.00
1777915453,loop15,0.00,0.00,0.000,0.000,0.00
1777915453,loop16,0.00,0.00,0.000,0.000,0.00
1777915453,loop17,0.00,0.00,0.000,0.000,0.00
1777915453,loop18,0.00,0.00,0.000,0.000,0.00
1777915453,loop19,0.00,0.00,0.000,0.000,0.00
1777915453,loop2,0.00,0.00,0.000,0.000,0.00
1777915453,loop20,0.00,0.00,0.000,0.000,0.00
1777915453,loop21,0.00,0.00,0.000,0.000,0.00
1777915453,loop22,0.00,0.00,0.000,0.000,0.00
1777915453,loop23,0.00,0.00,0.000,0.000,0.00
1777915453,loop24,0.00,0.00,0.000,0.000,0.00
1777915453,loop25,0.00,0.00,0.000,0.000,0.00
1777915453,loop26,0.00,0.00,0.000,0.000,0.00
1777915453,loop27,0.00,0.00,0.000,0.000,0.00
1777915453,loop28,0.00,0.00,0.000,0.000,0.00
1777915453,loop29,0.00,0.00,0.000,0.000,0.00
1777915453,loop3,0.00,0.00,0.000,0.000,0.00
1777915453,loop30,0.00,0.00,0.000,0.000,0.00
1777915453,loop31,0.00,0.00,0.000,0.000,0.00
1777915453,loop32,0.00,0.00,0.000,0.000,0.00
1777915453,loop33,0.00,0.00,0.000,0.000,0.00
1777915453,loop34,0.00,0.00,0.000,0.000,0.00
1777915453,loop35,0.00,0.00,0.000,0.000,0.00
1777915453,loop36,0.00,0.00,0.000,0.000,0.00
1777915453,loop37,0.00,0.00,0.000,0.000,0.00
1777915453,loop38,0.00,0.00,0.000,0.000,0.00
1777915453,loop39,0.00,0.00,0.000,0.000,0.00
1777915453,loop4,0.00,0.00,0.000,0.000,0.00
1777915453,loop40,0.00,0.00,0.000,0.000,0.00
1777915453,loop5,0.00,0.00,0.000,0.000,0.00
1777915453,loop6,0.00,0.00,0.000,0.000,0.00
1777915453,loop7,0.00,0.00,0.000,0.000,0.00
1777915453,loop8,0.00,0.00,0.000,0.000,0.00
1777915453,loop9,0.00,0.00,0.000,0.000,0.00
1777915453,nvme0n1,0.00,0.00,0.000,0.000,0.00
1777915454,loop0,0.00,0.00,0.000,0.000,0.00
1777915454,loop1,0.00,0.00,0.000,0.000,0.00
1777915454,loop10,0.00,0.00,0.000,0.000,0.00
1777915454,loop11,0.00,0.00,0.000,0.000,0.00
1777915454,loop12,0.00,0.00,0.000,0.000,0.00
1777915454,loop13,0.00,0.00,0.000,0.000,0.00
1777915454,loop14,0.00,0.00,0.000,0.000,0.00
1777915454,loop15,0.00,0.00,0.000,0.000,0.00
1777915454,loop16,0.00,0.00,0.000,0.000,0.00
1777915454,loop17,0.00,0.00,0.000,0.000,0.00
1777915454,loop18,0.00,0.00,0.000,0.000,0.00
1777915454,loop19,0.00,0.00,0.000,0.000,0.00
1777915454,loop2,0.00,0.00,0.000,0.000,0.00
1777915454,loop20,0.00,0.00,0.000,0.000,0.00
1777915454,loop21,0.00,0.00,0.000,0.000,0.00
1777915454,loop22,0.00,0.00,0.000,0.000,0.00
1777915454,loop23,0.00,0.00,0.000,0.000,0.00
1777915454,loop24,0.00,0.00,0.000,0.000,0.00
1777915454,loop25,0.00,0.00,0.000,0.000,0.00
1777915454,loop26,0.00,0.00,0.000,0.000,0.00
1777915454,loop27,0.00,0.00,0.000,0.000,0.00
1777915454,loop28,0.00,0.00,0.000,0.000,0.00
1777915454,loop29,0.00,0.00,0.000,0.000,0.00
1777915454,loop3,0.00,0.00,0.000,0.000,0.00
1777915454,loop30,0.00,0.00,0.000,0.000,0.00
1777915454,loop31,0.00,0.00,0.000,0.000,0.00
1777915454,loop32,0.00,0.00,0.000,0.000,0.00
1777915454,loop33,0.00,0.00,0.000,0.000,0.00
1777915454,loop34,0.00,0.00,0.000,0.000,0.00
1777915454,loop35,0.00,0.00,0.000,0.000,0.00
1777915454,loop36,0.00,0.00,0.000,0.000,0.00
1777915454,loop37,0.00,0.00,0.000,0.000,0.00
1777915454,loop38,0.00,0.00,0.000,0.000,0.00
1777915454,loop39,0.00,0.00,0.000,0.000,0.00
1777915454,loop4,0.00,0.00,0.000,0.000,0.00
1777915454,loop40,0.00,0.00,0.000,0.000,0.00
1777915454,loop5,0.00,0.00,0.000,0.000,0.00
1777915454,loop6,0.00,0.00,0.000,0.000,0.00
1777915454,loop7,0.00,0.00,0.000,0.000,0.00
1777915454,loop8,0.00,0.00,0.000,0.000,0.00
1777915454,loop9,0.00,0.00,0.000,0.000,0.00
1777915454,nvme0n1,0.00,0.00,0.000,0.000,5.30
1777915455,loop0,0.00,0.00,0.000,0.000,0.00
1777915455,loop1,0.00,0.00,0.000,0.000,0.00
1777915455,loop10,0.00,0.00,0.000,0.000,0.00
1777915455,loop11,0.00,0.00,0.000,0.000,0.00
1777915455,loop12,0.00,0.00,0.000,0.000,0.00
1777915455,loop13,0.00,0.00,0.000,0.000,0.00
1777915455,loop14,0.00,0.00,0.000,0.000,0.00
1777915455,loop15,0.00,0.00,0.000,0.000,0.00
1777915455,loop16,0.00,0.00,0.000,0.000,0.00
1777915455,loop17,0.00,0.00,0.000,0.000,0.00
1777915455,loop18,0.00,0.00,0.000,0.000,0.00
1777915455,loop19,0.00,0.00,0.000,0.000,0.00
1777915455,loop2,0.00,0.00,0.000,0.000,0.00
1777915455,loop20,0.00,0.00,0.000,0.000,0.00
1777915455,loop21,0.00,0.00,0.000,0.000,0.00
1777915455,loop22,0.00,0.00,0.000,0.000,0.00
1777915455,loop23,0.00,0.00,0.000,0.000,0.00
1777915455,loop24,0.00,0.00,0.000,0.000,0.00
1777915455,loop25,0.00,0.00,0.000,0.000,0.00
1777915455,loop26,0.00,0.00,0.000,0.000,0.00
1777915455,loop27,0.00,0.00,0.000,0.000,0.00
1777915455,loop28,0.00,0.00,0.000,0.000,0.00
1777915455,loop29,0.00,0.00,0.000,0.000,0.00
1777915455,loop3,0.00,0.00,0.000,0.000,0.00
1777915455,loop30,0.00,0.00,0.000,0.000,0.00
1777915455,loop31,0.00,0.00,0.000,0.000,0.00
1777915455,loop32,0.00,0.00,0.000,0.000,0.00
1777915455,loop33,0.00,0.00,0.000,0.000,0.00
1777915455,loop34,0.00,0.00,0.000,0.000,0.00
1777915455,loop35,0.00,0.00,0.000,0.000,0.00
1777915455,loop36,0.00,0.00,0.000,0.000,0.00
1777915455,loop37,0.00,0.00,0.000,0.000,0.00
1777915455,loop38,0.00,0.00,0.000,0.000,0.00
1777915455,loop39,0.00,0.00,0.000,0.000,0.00
1777915455,loop4,0.00,0.00,0.000,0.000,0.00
1777915455,loop40,0.00,0.00,0.000,0.000,0.00
1777915455,loop5,0.00,0.00,0.000,0.000,0.00
1777915455,loop6,0.00,0.00,0.000,0.000,0.00
1777915455,loop7,0.00,0.00,0.000,0.000,0.00
1777915455,loop8,0.00,0.00,0.000,0.000,0.00
1777915455,loop9,0.00,0.00,0.000,0.000,0.00
1777915455,nvme0n1,0.00,0.00,0.000,0.000,0.00
1777915456,loop0,0.00,0.00,0.000,0.000,0.00
1777915456,loop1,0.00,0.00,0.000,0.000,0.00
1777915456,loop10,0.00,0.00,0.000,0.000,0.00
1777915456,loop11,0.00,0.00,0.000,0.000,0.00
1777915456,loop12,0.00,0.00,0.000,0.000,0.00
1777915456,loop13,0.00,0.00,0.000,0.000,0.00
1777915456,loop14,0.00,0.00,0.000,0.000,0.00
1777915456,loop15,0.00,0.00,0.000,0.000,0.00
1777915456,loop16,0.00,0.00,0.000,0.000,0.00
1777915456,loop17,0.00,0.00,0.000,0.000,0.00
1777915456,loop18,0.00,0.00,0.000,0.000,0.00
1777915456,loop19,0.00,0.00,0.000,0.000,0.00
1777915456,loop2,0.00,0.00,0.000,0.000,0.00
1777915456,loop20,0.00,0.00,0.000,0.000,0.00
1777915456,loop21,0.00,0.00,0.000,0.000,0.00
1777915456,loop22,0.00,0.00,0.000,0.000,0.00
1777915456,loop23,0.00,0.00,0.000,0.000,0.00
1777915456,loop24,0.00,0.00,0.000,0.000,0.00
1777915456,loop25,0.00,0.00,0.000,0.000,0.00
1777915456,loop26,0.00,0.00,0.000,0.000,0.00
1777915456,loop27,0.00,0.00,0.000,0.000,0.00
1777915456,loop28,0.00,0.00,0.000,0.000,0.00
1777915456,loop29,0.00,0.00,0.000,0.000,0.00
1777915456,loop3,0.00,0.00,0.000,0.000,0.00
1777915456,loop30,0.00,0.00,0.000,0.000,0.00
1777915456,loop31,0.00,0.00,0.000,0.000,0.00
1777915456,loop32,0.00,0.00,0.000,0.000,0.00
1777915456,loop33,0.00,0.00,0.000,0.000,0.00
1777915456,loop34,0.00,0.00,0.000,0.000,0.00
1777915456,loop35,0.00,0.00,0.000,0.000,0.00
1777915456,loop36,0.00,0.00,0.000,0.000,0.00
1777915456,loop37,0.00,0.00,0.000,0.000,0.00
1777915456,loop38,0.00,0.00,0.000,0.000,0.00
1777915456,loop39,0.00,0.00,0.000,0.000,0.00
1777915456,loop4,0.00,0.00,0.000,0.000,0.00
1777915456,loop40,0.00,0.00,0.000,0.000,0.00
1777915456,loop5,0.00,0.00,0.000,0.000,0.00
1777915456,loop6,0.00,0.00,0.000,0.000,0.00
1777915456,loop7,0.00,0.00,0.000,0.000,0.00
1777915456,loop8,0.00,0.00,0.000,0.000,0.00
1777915456,loop9,0.00,0.00,0.000,0.000,0.00
1777915456,nvme0n1,0.00,0.00,0.000,0.000,0.00
1777915457,loop0,0.00,0.00,0.000,0.000,0.00
1777915457,loop1,0.00,0.00,0.000,0.000,0.00
1777915457,loop10,0.00,0.00,0.000,0.000,0.00
1777915457,loop11,0.00,0.00,0.000,0.000,0.00
1777915457,loop12,0.00,0.00,0.000,0.000,0.00
1777915457,loop13,0.00,0.00,0.000,0.000,0.00
1777915457,loop14,0.00,0.00,0.000,0.000,0.00
1777915457,loop15,0.00,0.00,0.000,0.000,0.00
1777915457,loop16,0.00,0.00,0.000,0.000,0.00
1777915457,loop17,0.00,0.00,0.000,0.000,0.00
1777915457,loop18,0.00,0.00,0.000,0.000,0.00
1777915457,loop19,0.00,0.00,0.000,0.000,0.00
1777915457,loop2,0.00,0.00,0.000,0.000,0.00
1777915457,loop20,0.00,0.00,0.000,0.000,0.00
1777915457,loop21,0.00,0.00,0.000,0.000,0.00
1777915457,loop22,0.00,0.00,0.000,0.000,0.00
1777915457,loop23,0.00,0.00,0.000,0.000,0.00
1777915457,loop24,0.00,0.00,0.000,0.000,0.00
1777915457,loop25,0.00,0.00,0.000,0.000,0.00
1777915457,loop26,0.00,0.00,0.000,0.000,0.00
1777915457,loop27,0.00,0.00,0.000,0.000,0.00
1777915457,loop28,0.00,0.00,0.000,0.000,0.00
1777915457,loop29,0.00,0.00,0.000,0.000,0.00
1777915457,loop3,0.00,0.00,0.000,0.000,0.00
1777915457,loop30,0.00,0.00,0.000,0.000,0.00
1777915457,loop31,0.00,0.00,0.000,0.000,0.00
1777915457,loop32,0.00,0.00,0.000,0.000,0.00
1777915457,loop33,0.00,0.00,0.000,0.000,0.00
1777915457,loop34,0.00,0.00,0.000,0.000,0.00
1777915457,loop35,0.00,0.00,0.000,0.000,0.00
1777915457,loop36,0.00,0.00,0.000,0.000,0.00
1777915457,loop37,0.00,0.00,0.000,0.000,0.00
1777915457,loop38,0.00,0.00,0.000,0.000,0.00
1777915457,loop39,0.00,0.00,0.000,0.000,0.00
1777915457,loop4,0.00,0.00,0.000,0.000,0.00
1777915457,loop40,0.00,0.00,0.000,0.000,0.00
1777915457,loop5,0.00,0.00,0.000,0.000,0.00
1777915457,loop6,0.00,0.00,0.000,0.000,0.00
1777915457,loop7,0.00,0.00,0.000,0.000,0.00
1777915457,loop8,0.00,0.00,0.000,0.000,0.00
1777915457,loop9,0.00,0.00,0.000,0.000,0.00
1777915457,nvme0n1,0.00,0.00,0.000,0.000,0.20
1777915458,loop0,0.00,0.00,0.000,0.000,0.00
1777915458,loop1,0.00,0.00,0.000,0.000,0.00
1777915458,loop10,0.00,0.00,0.000,0.000,0.00
1777915458,loop11,0.00,0.00,0.000,0.000,0.00
1777915458,loop12,0.00,0.00,0.000,0.000,0.00
1777915458,loop13,0.00,0.00,0.000,0.000,0.00
1777915458,loop14,0.00,0.00,0.000,0.000,0.00
1777915458,loop15,0.00,0.00,0.000,0.000,0.00
1777915458,loop16,0.00,0.00,0.000,0.000,0.00
1777915458,loop17,0.00,0.00,0.000,0.000,0.00
1777915458,loop18,0.00,0.00,0.000,0.000,0.00
1777915458,loop19,0.00,0.00,0.000,0.000,0.00
1777915458,loop2,0.00,0.00,0.000,0.000,0.00
1777915458,loop20,0.00,0.00,0.000,0.000,0.00
1777915458,loop21,0.00,0.00,0.000,0.000,0.00
1777915458,loop22,0.00,0.00,0.000,0.000,0.00
1777915458,loop23,0.00,0.00,0.000,0.000,0.00
1777915458,loop24,0.00,0.00,0.000,0.000,0.00
1777915458,loop25,0.00,0.00,0.000,0.000,0.00
1777915458,loop26,0.00,0.00,0.000,0.000,0.00
1777915458,loop27,0.00,0.00,0.000,0.000,0.00
1777915458,loop28,0.00,0.00,0.000,0.000,0.00
1777915458,loop29,0.00,0.00,0.000,0.000,0.00
1777915458,loop3,0.00,0.00,0.000,0.000,0.00
1777915458,loop30,0.00,0.00,0.000,0.000,0.00
1777915458,loop31,0.00,0.00,0.000,0.000,0.00
1777915458,loop32,0.00,0.00,0.000,0.000,0.00
1777915458,loop33,0.00,0.00,0.000,0.000,0.00
1777915458,loop34,0.00,0.00,0.000,0.000,0.00
1777915458,loop35,0.00,0.00,0.000,0.000,0.00
1777915458,loop36,0.00,0.00,0.000,0.000,0.00
1777915458,loop37,0.00,0.00,0.000,0.000,0.00
1777915458,loop38,0.00,0.00,0.000,0.000,0.00
1777915458,loop39,0.00,0.00,0.000,0.000,0.00
1777915458,loop4,0.00,0.00,0.000,0.000,0.00
1777915458,loop40,0.00,0.00,0.000,0.000,0.00
1777915458,loop5,0.00,0.00,0.000,0.000,0.00
1777915458,loop6,0.00,0.00,0.000,0.000,0.00
1777915458,loop7,0.00,0.00,0.000,0.000,0.00
1777915458,loop8,0.00,0.00,0.000,0.000,0.00
1777915458,loop9,0.00,0.00,0.000,0.000,0.00
1777915458,nvme0n1,0.00,0.00,0.000,0.000,0.00
1777915459,loop0,0.00,0.00,0.000,0.000,0.00
1777915459,loop1,0.00,0.00,0.000,0.000,0.00
1777915459,loop10,0.00,0.00,0.000,0.000,0.00
1777915459,loop11,0.00,0.00,0.000,0.000,0.00
1777915459,loop12,0.00,0.00,0.000,0.000,0.00
1777915459,loop13,0.00,0.00,0.000,0.000,0.00
1777915459,loop14,0.00,0.00,0.000,0.000,0.00
1777915459,loop15,0.00,0.00,0.000,0.000,0.00
1777915459,loop16,0.00,0.00,0.000,0.000,0.00
1777915459,loop17,0.00,0.00,0.000,0.000,0.00
1777915459,loop18,0.00,0.00,0.000,0.000,0.00
1777915459,loop19,0.00,0.00,0.000,0.000,0.00
1777915459,loop2,0.00,0.00,0.000,0.000,0.00
1777915459,loop20,0.00,0.00,0.000,0.000,0.00
1777915459,loop21,0.00,0.00,0.000,0.000,0.00
1777915459,loop22,0.00,0.00,0.000,0.000,0.00
1777915459,loop23,0.00,0.00,0.000,0.000,0.00
1777915459,loop24,0.00,0.00,0.000,0.000,0.00
1777915459,loop25,0.00,0.00,0.000,0.000,0.00
1777915459,loop26,0.00,0.00,0.000,0.000,0.00
1777915459,loop27,0.00,0.00,0.000,0.000,0.00
1777915459,loop28,0.00,0.00,0.000,0.000,0.00
1777915459,loop29,0.00,0.00,0.000,0.000,0.00
1777915459,loop3,0.00,0.00,0.000,0.000,0.00
1777915459,loop30,0.00,0.00,0.000,0.000,0.00
1777915459,loop31,0.00,0.00,0.000,0.000,0.00
1777915459,loop32,0.00,0.00,0.000,0.000,0.00
1777915459,loop33,0.00,0.00,0.000,0.000,0.00
1777915459,loop34,0.00,0.00,0.000,0.000,0.00
1777915459,loop35,0.00,0.00,0.000,0.000,0.00
1777915459,loop36,0.00,0.00,0.000,0.000,0.00
1777915459,loop37,0.00,0.00,0.000,0.000,0.00
1777915459,loop38,0.00,0.00,0.000,0.000,0.00
1777915459,loop39,0.00,0.00,0.000,0.000,0.00
1777915459,loop4,0.00,0.00,0.000,0.000,0.00
1777915459,loop40,0.00,0.00,0.000,0.000,0.00
1777915459,loop5,0.00,0.00,0.000,0.000,0.00
1777915459,loop6,0.00,0.00,0.000,0.000,0.00
1777915459,loop7,0.00,0.00,0.000,0.000,0.00
1777915459,loop8,0.00,0.00,0.000,0.000,0.00
1777915459,loop9,0.00,0.00,0.000,0.000,0.00
1777915459,nvme0n1,0.00,0.00,0.000,0.000,0.80
1777915460,loop0,0.00,0.00,0.000,0.000,0.00
1777915460,loop1,0.00,0.00,0.000,0.000,0.00
1777915460,loop10,0.00,0.00,0.000,0.000,0.00
1777915460,loop11,0.00,0.00,0.000,0.000,0.00
1777915460,loop12,0.00,0.00,0.000,0.000,0.00
1777915460,loop13,0.00,0.00,0.000,0.000,0.00
1777915460,loop14,0.00,0.00,0.000,0.000,0.00
1777915460,loop15,0.00,0.00,0.000,0.000,0.00
1777915460,loop16,0.00,0.00,0.000,0.000,0.00
1777915460,loop17,0.00,0.00,0.000,0.000,0.00
1777915460,loop18,0.00,0.00,0.000,0.000,0.00
1777915460,loop19,0.00,0.00,0.000,0.000,0.00
1777915460,loop2,0.00,0.00,0.000,0.000,0.00
1777915460,loop20,0.00,0.00,0.000,0.000,0.00
1777915460,loop21,0.00,0.00,0.000,0.000,0.00
1777915460,loop22,0.00,0.00,0.000,0.000,0.00
1777915460,loop23,0.00,0.00,0.000,0.000,0.00
1777915460,loop24,0.00,0.00,0.000,0.000,0.00
1777915460,loop25,0.00,0.00,0.000,0.000,0.00
1777915460,loop26,0.00,0.00,0.000,0.000,0.00
1777915460,loop27,0.00,0.00,0.000,0.000,0.00
1777915460,loop28,0.00,0.00,0.000,0.000,0.00
1777915460,loop29,0.00,0.00,0.000,0.000,0.00
1777915460,loop3,0.00,0.00,0.000,0.000,0.00
1777915460,loop30,0.00,0.00,0.000,0.000,0.00
1777915460,loop31,0.00,0.00,0.000,0.000,0.00
1777915460,loop32,0.00,0.00,0.000,0.000,0.00
1777915460,loop33,0.00,0.00,0.000,0.000,0.00
1777915460,loop34,0.00,0.00,0.000,0.000,0.00
1777915460,loop35,0.00,0.00,0.000,0.000,0.00
1777915460,loop36,0.00,0.00,0.000,0.000,0.00
1777915460,loop37,0.00,0.00,0.000,0.000,0.00
1777915460,loop38,0.00,0.00,0.000,0.000,0.00
1777915460,loop39,0.00,0.00,0.000,0.000,0.00
1777915460,loop4,0.00,0.00,0.000,0.000,0.00
1777915460,loop40,0.00,0.00,0.000,0.000,0.00
1777915460,loop5,0.00,0.00,0.000,0.000,0.00
1777915460,loop6,0.00,0.00,0.000,0.000,0.00
1777915460,loop7,0.00,0.00,0.000,0.000,0.00
1777915460,loop8,0.00,0.00,0.000,0.000,0.00
1777915460,loop9,0.00,0.00,0.000,0.000,0.00
1777915460,nvme0n1,0.00,0.00,0.000,0.000,0.00
1777915461,loop0,0.00,0.00,0.000,0.000,0.00
1777915461,loop1,0.00,0.00,0.000,0.000,0.00
1777915461,loop10,0.00,0.00,0.000,0.000,0.00
1777915461,loop11,0.00,0.00,0.000,0.000,0.00
1777915461,loop12,0.00,0.00,0.000,0.000,0.00
1777915461,loop13,0.00,0.00,0.000,0.000,0.00
1777915461,loop14,0.00,0.00,0.000,0.000,0.00
1777915461,loop15,0.00,0.00,0.000,0.000,0.00
1777915461,loop16,0.00,0.00,0.000,0.000,0.00
1777915461,loop17,0.00,0.00,0.000,0.000,0.00
1777915461,loop18,0.00,0.00,0.000,0.000,0.00
1777915461,loop19,0.00,0.00,0.000,0.000,0.00
1777915461,loop2,0.00,0.00,0.000,0.000,0.00
1777915461,loop20,0.00,0.00,0.000,0.000,0.00
1777915461,loop21,0.00,0.00,0.000,0.000,0.00
1777915461,loop22,0.00,0.00,0.000,0.000,0.00
1777915461,loop23,0.00,0.00,0.000,0.000,0.00
1777915461,loop24,0.00,0.00,0.000,0.000,0.00
1777915461,loop25,0.00,0.00,0.000,0.000,0.00
1777915461,loop26,0.00,0.00,0.000,0.000,0.00
1777915461,loop27,0.00,0.00,0.000,0.000,0.00
1777915461,loop28,0.00,0.00,0.000,0.000,0.00
1777915461,loop29,0.00,0.00,0.000,0.000,0.00
1777915461,loop3,0.00,0.00,0.000,0.000,0.00
1777915461,loop30,0.00,0.00,0.000,0.000,0.00
1777915461,loop31,0.00,0.00,0.000,0.000,0.00
1777915461,loop32,0.00,0.00,0.000,0.000,0.00
1777915461,loop33,0.00,0.00,0.000,0.000,0.00
1777915461,loop34,0.00,0.00,0.000,0.000,0.00
1777915461,loop35,0.00,0.00,0.000,0.000,0.00
1777915461,loop36,0.00,0.00,0.000,0.000,0.00
1777915461,loop37,0.00,0.00,0.000,0.000,0.00
1777915461,loop38,0.00,0.00,0.000,0.000,0.00
1777915461,loop39,0.00,0.00,0.000,0.000,0.00
1777915461,loop4,0.00,0.00,0.000,0.000,0.00
1777915461,loop40,0.00,0.00,0.000,0.000,0.00
1777915461,loop5,0.00,0.00,0.000,0.000,0.00
1777915461,loop6,0.00,0.00,0.000,0.000,0.00
1777915461,loop7,0.00,0.00,0.000,0.000,0.00
1777915461,loop8,0.00,0.00,0.000,0.000,0.00
1777915461,loop9,0.00,0.00,0.000,0.000,0.00
1777915461,nvme0n1,0.00,0.00,0.000,0.000,0.00
1777915462,loop0,0.00,0.00,0.000,0.000,0.00
1777915462,loop1,0.00,0.00,0.000,0.000,0.00
1777915462,loop10,0.00,0.00,0.000,0.000,0.00
1777915462,loop11,0.00,0.00,0.000,0.000,0.00
1777915462,loop12,0.00,0.00,0.000,0.000,0.00
1777915462,loop13,0.00,0.00,0.000,0.000,0.00
1777915462,loop14,0.00,0.00,0.000,0.000,0.00
1777915462,loop15,0.00,0.00,0.000,0.000,0.00
1777915462,loop16,0.00,0.00,0.000,0.000,0.00
1777915462,loop17,0.00,0.00,0.000,0.000,0.00
1777915462,loop18,0.00,0.00,0.000,0.000,0.00
1777915462,loop19,0.00,0.00,0.000,0.000,0.00
1777915462,loop2,0.00,0.00,0.000,0.000,0.00
1777915462,loop20,0.00,0.00,0.000,0.000,0.00
1777915462,loop21,0.00,0.00,0.000,0.000,0.00
1777915462,loop22,0.00,0.00,0.000,0.000,0.00
1777915462,loop23,0.00,0.00,0.000,0.000,0.00
1777915462,loop24,0.00,0.00,0.000,0.000,0.00
1777915462,loop25,0.00,0.00,0.000,0.000,0.00
1777915462,loop26,0.00,0.00,0.000,0.000,0.00
1777915462,loop27,0.00,0.00,0.000,0.000,0.00
1777915462,loop28,0.00,0.00,0.000,0.000,0.00
1777915462,loop29,0.00,0.00,0.000,0.000,0.00
1777915462,loop3,0.00,0.00,0.000,0.000,0.00
1777915462,loop30,0.00,0.00,0.000,0.000,0.00
1777915462,loop31,0.00,0.00,0.000,0.000,0.00
1777915462,loop32,0.00,0.00,0.000,0.000,0.00
1777915462,loop33,0.00,0.00,0.000,0.000,0.00
1777915462,loop34,0.00,0.00,0.000,0.000,0.00
1777915462,loop35,0.00,0.00,0.000,0.000,0.00
1777915462,loop36,0.00,0.00,0.000,0.000,0.00
1777915462,loop37,0.00,0.00,0.000,0.000,0.00
1777915462,loop38,0.00,0.00,0.000,0.000,0.00
1777915462,loop39,0.00,0.00,0.000,0.000,0.00
1777915462,loop4,0.00,0.00,0.000,0.000,0.00
1777915462,loop40,0.00,0.00,0.000,0.000,0.00
1777915462,loop5,0.00,0.00,0.000,0.000,0.00
1777915462,loop6,0.00,0.00,0.000,0.000,0.00
1777915462,loop7,0.00,0.00,0.000,0.000,0.00
1777915462,loop8,0.00,0.00,0.000,0.000,0.00
1777915462,loop9,0.00,0.00,0.000,0.000,0.00
1777915462,nvme0n1,0.00,0.00,0.000,0.000,0.00
1777915463,loop0,0.00,0.00,0.000,0.000,0.00
1777915463,loop1,0.00,0.00,0.000,0.000,0.00
1777915463,loop10,0.00,0.00,0.000,0.000,0.00
1777915463,loop11,0.00,0.00,0.000,0.000,0.00
1777915463,loop12,0.00,0.00,0.000,0.000,0.00
1777915463,loop13,0.00,0.00,0.000,0.000,0.00
1777915463,loop14,0.00,0.00,0.000,0.000,0.00
1777915463,loop15,0.00,0.00,0.000,0.000,0.00
1777915463,loop16,0.00,0.00,0.000,0.000,0.00
1777915463,loop17,0.00,0.00,0.000,0.000,0.00
1777915463,loop18,0.00,0.00,0.000,0.000,0.00
1777915463,loop19,0.00,0.00,0.000,0.000,0.00
1777915463,loop2,0.00,0.00,0.000,0.000,0.00
1777915463,loop20,0.00,0.00,0.000,0.000,0.00
1777915463,loop21,0.00,0.00,0.000,0.000,0.00
1777915463,loop22,0.00,0.00,0.000,0.000,0.00
1777915463,loop23,0.00,0.00,0.000,0.000,0.00
1777915463,loop24,0.00,0.00,0.000,0.000,0.00
1777915463,loop25,0.00,0.00,0.000,0.000,0.00
1777915463,loop26,0.00,0.00,0.000,0.000,0.00
1777915463,loop27,0.00,0.00,0.000,0.000,0.00
1777915463,loop28,0.00,0.00,0.000,0.000,0.00
1777915463,loop29,0.00,0.00,0.000,0.000,0.00
1777915463,loop3,0.00,0.00,0.000,0.000,0.00
1777915463,loop30,0.00,0.00,0.000,0.000,0.00
1777915463,loop31,0.00,0.00,0.000,0.000,0.00
1777915463,loop32,0.00,0.00,0.000,0.000,0.00
1777915463,loop33,0.00,0.00,0.000,0.000,0.00
1777915463,loop34,0.00,0.00,0.000,0.000,0.00
1777915463,loop35,0.00,0.00,0.000,0.000,0.00
1777915463,loop36,0.00,0.00,0.000,0.000,0.00
1777915463,loop37,0.00,0.00,0.000,0.000,0.00
1777915463,loop38,0.00,0.00,0.000,0.000,0.00
1777915463,loop39,0.00,0.00,0.000,0.000,0.00
1777915463,loop4,0.00,0.00,0.000,0.000,0.00
1777915463,loop40,0.00,0.00,0.000,0.000,0.00
1777915463,loop5,0.00,0.00,0.000,0.000,0.00
1777915463,loop6,0.00,0.00,0.000,0.000,0.00
1777915463,loop7,0.00,0.00,0.000,0.000,0.00
1777915463,loop8,0.00,0.00,0.000,0.000,0.00
1777915463,loop9,0.00,0.00,0.000,0.000,0.00
1777915463,nvme0n1,0.00,0.00,0.000,0.000,0.00
1777915464,loop0,0.00,0.00,0.000,0.000,0.00
1777915464,loop1,0.00,0.00,0.000,0.000,0.00
1777915464,loop10,0.00,0.00,0.000,0.000,0.00
1777915464,loop11,0.00,0.00,0.000,0.000,0.00
1777915464,loop12,0.00,0.00,0.000,0.000,0.00
1777915464,loop13,0.00,0.00,0.000,0.000,0.00
1777915464,loop14,0.00,0.00,0.000,0.000,0.00
1777915464,loop15,0.00,0.00,0.000,0.000,0.00
1777915464,loop16,0.00,0.00,0.000,0.000,0.00
1777915464,loop17,0.00,0.00,0.000,0.000,0.00
1777915464,loop18,0.00,0.00,0.000,0.000,0.00
1777915464,loop19,0.00,0.00,0.000,0.000,0.00
1777915464,loop2,0.00,0.00,0.000,0.000,0.00
1777915464,loop20,0.00,0.00,0.000,0.000,0.00
1777915464,loop21,0.00,0.00,0.000,0.000,0.00
1777915464,loop22,0.00,0.00,0.000,0.000,0.00
1777915464,loop23,0.00,0.00,0.000,0.000,0.00
1777915464,loop24,0.00,0.00,0.000,0.000,0.00
1777915464,loop25,0.00,0.00,0.000,0.000,0.00
1777915464,loop26,0.00,0.00,0.000,0.000,0.00
1777915464,loop27,0.00,0.00,0.000,0.000,0.00
1777915464,loop28,0.00,0.00,0.000,0.000,0.00
1777915464,loop29,0.00,0.00,0.000,0.000,0.00
1777915464,loop3,0.00,0.00,0.000,0.000,0.00
1777915464,loop30,0.00,0.00,0.000,0.000,0.00
1777915464,loop31,0.00,0.00,0.000,0.000,0.00
1777915464,loop32,0.00,0.00,0.000,0.000,0.00
1777915464,loop33,0.00,0.00,0.000,0.000,0.00
1777915464,loop34,0.00,0.00,0.000,0.000,0.00
1777915464,loop35,0.00,0.00,0.000,0.000,0.00
1777915464,loop36,0.00,0.00,0.000,0.000,0.00
1777915464,loop37,0.00,0.00,0.000,0.000,0.00
1777915464,loop38,0.00,0.00,0.000,0.000,0.00
1777915464,loop39,0.00,0.00,0.000,0.000,0.00
1777915464,loop4,0.00,0.00,0.000,0.000,0.00
1777915464,loop40,0.00,0.00,0.000,0.000,0.00
1777915464,loop5,0.00,0.00,0.000,0.000,0.00
1777915464,loop6,0.00,0.00,0.000,0.000,0.00
1777915464,loop7,0.00,0.00,0.000,0.000,0.00
1777915464,loop8,0.00,0.00,0.000,0.000,0.00
1777915464,loop9,0.00,0.00,0.000,0.000,0.00
1777915464,nvme0n1,0.00,0.00,0.000,0.000,8.30
1777915465,loop0,0.00,0.00,0.000,0.000,0.00
1777915465,loop1,0.00,0.00,0.000,0.000,0.00
1777915465,loop10,0.00,0.00,0.000,0.000,0.00
1777915465,loop11,0.00,0.00,0.000,0.000,0.00
1777915465,loop12,0.00,0.00,0.000,0.000,0.00
1777915465,loop13,0.00,0.00,0.000,0.000,0.00
1777915465,loop14,0.00,0.00,0.000,0.000,0.00
1777915465,loop15,0.00,0.00,0.000,0.000,0.00
1777915465,loop16,0.00,0.00,0.000,0.000,0.00
1777915465,loop17,0.00,0.00,0.000,0.000,0.00
1777915465,loop18,0.00,0.00,0.000,0.000,0.00
1777915465,loop19,0.00,0.00,0.000,0.000,0.00
1777915465,loop2,0.00,0.00,0.000,0.000,0.00
1777915465,loop20,0.00,0.00,0.000,0.000,0.00
1777915465,loop21,0.00,0.00,0.000,0.000,0.00
1777915465,loop22,0.00,0.00,0.000,0.000,0.00
1777915465,loop23,0.00,0.00,0.000,0.000,0.00
1777915465,loop24,0.00,0.00,0.000,0.000,0.00
1777915465,loop25,0.00,0.00,0.000,0.000,0.00
1777915465,loop26,0.00,0.00,0.000,0.000,0.00
1777915465,loop27,0.00,0.00,0.000,0.000,0.00
1777915465,loop28,0.00,0.00,0.000,0.000,0.00
1777915465,loop29,0.00,0.00,0.000,0.000,0.00
1777915465,loop3,0.00,0.00,0.000,0.000,0.00
1777915465,loop30,0.00,0.00,0.000,0.000,0.00
1777915465,loop31,0.00,0.00,0.000,0.000,0.00
1777915465,loop32,0.00,0.00,0.000,0.000,0.00
1777915465,loop33,0.00,0.00,0.000,0.000,0.00
1777915465,loop34,0.00,0.00,0.000,0.000,0.00
1777915465,loop35,0.00,0.00,0.000,0.000,0.00
1777915465,loop36,0.00,0.00,0.000,0.000,0.00
1777915465,loop37,0.00,0.00,0.000,0.000,0.00
1777915465,loop38,0.00,0.00,0.000,0.000,0.00
1777915465,loop39,0.00,0.00,0.000,0.000,0.00
1777915465,loop4,0.00,0.00,0.000,0.000,0.00
1777915465,loop40,0.00,0.00,0.000,0.000,0.00
1777915465,loop5,0.00,0.00,0.000,0.000,0.00
1777915465,loop6,0.00,0.00,0.000,0.000,0.00
1777915465,loop7,0.00,0.00,0.000,0.000,0.00
1777915465,loop8,0.00,0.00,0.000,0.000,0.00
1777915465,loop9,0.00,0.00,0.000,0.000,0.00
1777915465,nvme0n1,0.00,0.00,0.000,0.000,0.30
1777915466,loop0,0.00,0.00,0.000,0.000,0.00
1777915466,loop1,0.00,0.00,0.000,0.000,0.00
1777915466,loop10,0.00,0.00,0.000,0.000,0.00
1777915466,loop11,0.00,0.00,0.000,0.000,0.00
1777915466,loop12,0.00,0.00,0.000,0.000,0.00
1777915466,loop13,0.00,0.00,0.000,0.000,0.00
1777915466,loop14,0.00,0.00,0.000,0.000,0.00
1777915466,loop15,0.00,0.00,0.000,0.000,0.00
1777915466,loop16,0.00,0.00,0.000,0.000,0.00
1777915466,loop17,0.00,0.00,0.000,0.000,0.00
1777915466,loop18,0.00,0.00,0.000,0.000,0.00
1777915466,loop19,0.00,0.00,0.000,0.000,0.00
1777915466,loop2,0.00,0.00,0.000,0.000,0.00
1777915466,loop20,0.00,0.00,0.000,0.000,0.00
1777915466,loop21,0.00,0.00,0.000,0.000,0.00
1777915466,loop22,0.00,0.00,0.000,0.000,0.00
1777915466,loop23,0.00,0.00,0.000,0.000,0.00
1777915466,loop24,0.00,0.00,0.000,0.000,0.00
1777915466,loop25,0.00,0.00,0.000,0.000,0.00
1777915466,loop26,0.00,0.00,0.000,0.000,0.00
1777915466,loop27,0.00,0.00,0.000,0.000,0.00
1777915466,loop28,0.00,0.00,0.000,0.000,0.00
1777915466,loop29,0.00,0.00,0.000,0.000,0.00
1777915466,loop3,0.00,0.00,0.000,0.000,0.00
1777915466,loop30,0.00,0.00,0.000,0.000,0.00
1777915466,loop31,0.00,0.00,0.000,0.000,0.00
1777915466,loop32,0.00,0.00,0.000,0.000,0.00
1777915466,loop33,0.00,0.00,0.000,0.000,0.00
1777915466,loop34,0.00,0.00,0.000,0.000,0.00
1777915466,loop35,0.00,0.00,0.000,0.000,0.00
1777915466,loop36,0.00,0.00,0.000,0.000,0.00
1777915466,loop37,0.00,0.00,0.000,0.000,0.00
1777915466,loop38,0.00,0.00,0.000,0.000,0.00
1777915466,loop39,0.00,0.00,0.000,0.000,0.00
1777915466,loop4,0.00,0.00,0.000,0.000,0.00
1777915466,loop40,0.00,0.00,0.000,0.000,0.00
1777915466,loop5,0.00,0.00,0.000,0.000,0.00
1777915466,loop6,0.00,0.00,0.000,0.000,0.00
1777915466,loop7,0.00,0.00,0.000,0.000,0.00
1777915466,loop8,0.00,0.00,0.000,0.000,0.00
1777915466,loop9,0.00,0.00,0.000,0.000,0.00
1777915466,nvme0n1,0.00,0.00,0.000,0.000,0.00
1777915467,loop0,0.00,0.00,0.000,0.000,0.00
1777915467,loop1,0.00,0.00,0.000,0.000,0.00
1777915467,loop10,0.00,0.00,0.000,0.000,0.00
1777915467,loop11,0.00,0.00,0.000,0.000,0.00
1777915467,loop12,0.00,0.00,0.000,0.000,0.00
1777915467,loop13,0.00,0.00,0.000,0.000,0.00
1777915467,loop14,0.00,0.00,0.000,0.000,0.00
1777915467,loop15,0.00,0.00,0.000,0.000,0.00
1777915467,loop16,0.00,0.00,0.000,0.000,0.00
1777915467,loop17,0.00,0.00,0.000,0.000,0.00
1777915467,loop18,0.00,0.00,0.000,0.000,0.00
1777915467,loop19,0.00,0.00,0.000,0.000,0.00
1777915467,loop2,0.00,0.00,0.000,0.000,0.00
1777915467,loop20,0.00,0.00,0.000,0.000,0.00
1777915467,loop21,0.00,0.00,0.000,0.000,0.00
1777915467,loop22,0.00,0.00,0.000,0.000,0.00
1777915467,loop23,0.00,0.00,0.000,0.000,0.00
1777915467,loop24,0.00,0.00,0.000,0.000,0.00
1777915467,loop25,0.00,0.00,0.000,0.000,0.00
1777915467,loop26,0.00,0.00,0.000,0.000,0.00
1777915467,loop27,0.00,0.00,0.000,0.000,0.00
1777915467,loop28,0.00,0.00,0.000,0.000,0.00
1777915467,loop29,0.00,0.00,0.000,0.000,0.00
1777915467,loop3,0.00,0.00,0.000,0.000,0.00
1777915467,loop30,0.00,0.00,0.000,0.000,0.00
1777915467,loop31,0.00,0.00,0.000,0.000,0.00
1777915467,loop32,0.00,0.00,0.000,0.000,0.00
1777915467,loop33,0.00,0.00,0.000,0.000,0.00
1777915467,loop34,0.00,0.00,0.000,0.000,0.00
1777915467,loop35,0.00,0.00,0.000,0.000,0.00
1777915467,loop36,0.00,0.00,0.000,0.000,0.00
1777915467,loop37,0.00,0.00,0.000,0.000,0.00
1777915467,loop38,0.00,0.00,0.000,0.000,0.00
1777915467,loop39,0.00,0.00,0.000,0.000,0.00
1777915467,loop4,0.00,0.00,0.000,0.000,0.00
1777915467,loop40,0.00,0.00,0.000,0.000,0.00
1777915467,loop5,0.00,0.00,0.000,0.000,0.00
1777915467,loop6,0.00,0.00,0.000,0.000,0.00
1777915467,loop7,0.00,0.00,0.000,0.000,0.00
1777915467,loop8,0.00,0.00,0.000,0.000,0.00
1777915467,loop9,0.00,0.00,0.000,0.000,0.00
1777915467,nvme0n1,0.00,0.00,0.000,0.000,0.50
1777915468,loop0,0.00,0.00,0.000,0.000,0.00
1777915468,loop1,0.00,0.00,0.000,0.000,0.00
1777915468,loop10,0.00,0.00,0.000,0.000,0.00
1777915468,loop11,0.00,0.00,0.000,0.000,0.00
1777915468,loop12,0.00,0.00,0.000,0.000,0.00
1777915468,loop13,0.00,0.00,0.000,0.000,0.00
1777915468,loop14,0.00,0.00,0.000,0.000,0.00
1777915468,loop15,0.00,0.00,0.000,0.000,0.00
1777915468,loop16,0.00,0.00,0.000,0.000,0.00
1777915468,loop17,0.00,0.00,0.000,0.000,0.00
1777915468,loop18,0.00,0.00,0.000,0.000,0.00
1777915468,loop19,0.00,0.00,0.000,0.000,0.00
1777915468,loop2,0.00,0.00,0.000,0.000,0.00
1777915468,loop20,0.00,0.00,0.000,0.000,0.00
1777915468,loop21,0.00,0.00,0.000,0.000,0.00
1777915468,loop22,0.00,0.00,0.000,0.000,0.00
1777915468,loop23,0.00,0.00,0.000,0.000,0.00
1777915468,loop24,0.00,0.00,0.000,0.000,0.00
1777915468,loop25,0.00,0.00,0.000,0.000,0.00
1777915468,loop26,0.00,0.00,0.000,0.000,0.00
1777915468,loop27,0.00,0.00,0.000,0.000,0.00
1777915468,loop28,0.00,0.00,0.000,0.000,0.00
1777915468,loop29,0.00,0.00,0.000,0.000,0.00
1777915468,loop3,0.00,0.00,0.000,0.000,0.00
1777915468,loop30,0.00,0.00,0.000,0.000,0.00
1777915468,loop31,0.00,0.00,0.000,0.000,0.00
1777915468,loop32,0.00,0.00,0.000,0.000,0.00
1777915468,loop33,0.00,0.00,0.000,0.000,0.00
1777915468,loop34,0.00,0.00,0.000,0.000,0.00
1777915468,loop35,0.00,0.00,0.000,0.000,0.00
1777915468,loop36,0.00,0.00,0.000,0.000,0.00
1777915468,loop37,0.00,0.00,0.000,0.000,0.00
1777915468,loop38,0.00,0.00,0.000,0.000,0.00
1777915468,loop39,0.00,0.00,0.000,0.000,0.00
1777915468,loop4,0.00,0.00,0.000,0.000,0.00
1777915468,loop40,0.00,0.00,0.000,0.000,0.00
1777915468,loop5,0.00,0.00,0.000,0.000,0.00
1777915468,loop6,0.00,0.00,0.000,0.000,0.00
1777915468,loop7,0.00,0.00,0.000,0.000,0.00
1777915468,loop8,0.00,0.00,0.000,0.000,0.00
1777915468,loop9,0.00,0.00,0.000,0.000,0.00
1777915468,nvme0n1,0.00,0.00,0.000,0.000,0.00
1777915469,loop0,0.00,0.00,0.000,0.000,0.00
1777915469,loop1,0.00,0.00,0.000,0.000,0.00
1777915469,loop10,0.00,0.00,0.000,0.000,0.00
1777915469,loop11,0.00,0.00,0.000,0.000,0.00
1777915469,loop12,0.00,0.00,0.000,0.000,0.00
1777915469,loop13,0.00,0.00,0.000,0.000,0.00
1777915469,loop14,0.00,0.00,0.000,0.000,0.00
1777915469,loop15,0.00,0.00,0.000,0.000,0.00
1777915469,loop16,0.00,0.00,0.000,0.000,0.00
1777915469,loop17,0.00,0.00,0.000,0.000,0.00
1777915469,loop18,0.00,0.00,0.000,0.000,0.00
1777915469,loop19,0.00,0.00,0.000,0.000,0.00
1777915469,loop2,0.00,0.00,0.000,0.000,0.00
1777915469,loop20,0.00,0.00,0.000,0.000,0.00
1777915469,loop21,0.00,0.00,0.000,0.000,0.00
1777915469,loop22,0.00,0.00,0.000,0.000,0.00
1777915469,loop23,0.00,0.00,0.000,0.000,0.00
1777915469,loop24,0.00,0.00,0.000,0.000,0.00
1777915469,loop25,0.00,0.00,0.000,0.000,0.00
1777915469,loop26,0.00,0.00,0.000,0.000,0.00
1777915469,loop27,0.00,0.00,0.000,0.000,0.00
1777915469,loop28,0.00,0.00,0.000,0.000,0.00
1777915469,loop29,0.00,0.00,0.000,0.000,0.00
1777915469,loop3,0.00,0.00,0.000,0.000,0.00
1777915469,loop30,0.00,0.00,0.000,0.000,0.00
1777915469,loop31,0.00,0.00,0.000,0.000,0.00
1777915469,loop32,0.00,0.00,0.000,0.000,0.00
1777915469,loop33,0.00,0.00,0.000,0.000,0.00
1777915469,loop34,0.00,0.00,0.000,0.000,0.00
1777915469,loop35,0.00,0.00,0.000,0.000,0.00
1777915469,loop36,0.00,0.00,0.000,0.000,0.00
1777915469,loop37,0.00,0.00,0.000,0.000,0.00
1777915469,loop38,0.00,0.00,0.000,0.000,0.00
1777915469,loop39,0.00,0.00,0.000,0.000,0.00
1777915469,loop4,0.00,0.00,0.000,0.000,0.00
1777915469,loop40,0.00,0.00,0.000,0.000,0.00
1777915469,loop5,0.00,0.00,0.000,0.000,0.00
1777915469,loop6,0.00,0.00,0.000,0.000,0.00
1777915469,loop7,0.00,0.00,0.000,0.000,0.00
1777915469,loop8,0.00,0.00,0.000,0.000,0.00
1777915469,loop9,0.00,0.00,0.000,0.000,0.00
1777915469,nvme0n1,0.00,0.00,0.000,0.000,0.00
1777915470,loop0,0.00,0.00,0.000,0.000,0.00
1777915470,loop1,0.00,0.00,0.000,0.000,0.00
1777915470,loop10,0.00,0.00,0.000,0.000,0.00
1777915470,loop11,0.00,0.00,0.000,0.000,0.00
1777915470,loop12,0.00,0.00,0.000,0.000,0.00
1777915470,loop13,0.00,0.00,0.000,0.000,0.00
1777915470,loop14,0.00,0.00,0.000,0.000,0.00
1777915470,loop15,0.00,0.00,0.000,0.000,0.00
1777915470,loop16,0.00,0.00,0.000,0.000,0.00
1777915470,loop17,0.00,0.00,0.000,0.000,0.00
1777915470,loop18,0.00,0.00,0.000,0.000,0.00
1777915470,loop19,0.00,0.00,0.000,0.000,0.00
1777915470,loop2,0.00,0.00,0.000,0.000,0.00
1777915470,loop20,0.00,0.00,0.000,0.000,0.00
1777915470,loop21,0.00,0.00,0.000,0.000,0.00
1777915470,loop22,0.00,0.00,0.000,0.000,0.00
1777915470,loop23,0.00,0.00,0.000,0.000,0.00
1777915470,loop24,0.00,0.00,0.000,0.000,0.00
1777915470,loop25,0.00,0.00,0.000,0.000,0.00
1777915470,loop26,0.00,0.00,0.000,0.000,0.00
1777915470,loop27,0.00,0.00,0.000,0.000,0.00
1777915470,loop28,0.00,0.00,0.000,0.000,0.00
1777915470,loop29,0.00,0.00,0.000,0.000,0.00
1777915470,loop3,0.00,0.00,0.000,0.000,0.00
1777915470,loop30,0.00,0.00,0.000,0.000,0.00
1777915470,loop31,0.00,0.00,0.000,0.000,0.00
1777915470,loop32,0.00,0.00,0.000,0.000,0.00
1777915470,loop33,0.00,0.00,0.000,0.000,0.00
1777915470,loop34,0.00,0.00,0.000,0.000,0.00
1777915470,loop35,0.00,0.00,0.000,0.000,0.00
1777915470,loop36,0.00,0.00,0.000,0.000,0.00
1777915470,loop37,0.00,0.00,0.000,0.000,0.00
1777915470,loop38,0.00,0.00,0.000,0.000,0.00
1777915470,loop39,0.00,0.00,0.000,0.000,0.00
1777915470,loop4,0.00,0.00,0.000,0.000,0.00
1777915470,loop40,0.00,0.00,0.000,0.000,0.00
1777915470,loop5,0.00,0.00,0.000,0.000,0.00
1777915470,loop6,0.00,0.00,0.000,0.000,0.00
1777915470,loop7,0.00,0.00,0.000,0.000,0.00
1777915470,loop8,0.00,0.00,0.000,0.000,0.00
1777915470,loop9,0.00,0.00,0.000,0.000,0.00
1777915470,nvme0n1,0.00,0.00,0.000,0.000,0.00
1777915471,loop0,0.00,0.00,0.000,0.000,0.00
1777915471,loop1,0.00,0.00,0.000,0.000,0.00
1777915471,loop10,0.00,0.00,0.000,0.000,0.00
1777915471,loop11,0.00,0.00,0.000,0.000,0.00
1777915471,loop12,0.00,0.00,0.000,0.000,0.00
1777915471,loop13,0.00,0.00,0.000,0.000,0.00
1777915471,loop14,0.00,0.00,0.000,0.000,0.00
1777915471,loop15,0.00,0.00,0.000,0.000,0.00
1777915471,loop16,0.00,0.00,0.000,0.000,0.00
1777915471,loop17,0.00,0.00,0.000,0.000,0.00
1777915471,loop18,0.00,0.00,0.000,0.000,0.00
1777915471,loop19,0.00,0.00,0.000,0.000,0.00
1777915471,loop2,0.00,0.00,0.000,0.000,0.00
1777915471,loop20,0.00,0.00,0.000,0.000,0.00
1777915471,loop21,0.00,0.00,0.000,0.000,0.00
1777915471,loop22,0.00,0.00,0.000,0.000,0.00
1777915471,loop23,0.00,0.00,0.000,0.000,0.00
1777915471,loop24,0.00,0.00,0.000,0.000,0.00
1777915471,loop25,0.00,0.00,0.000,0.000,0.00
1777915471,loop26,0.00,0.00,0.000,0.000,0.00
1777915471,loop27,0.00,0.00,0.000,0.000,0.00
1777915471,loop28,0.00,0.00,0.000,0.000,0.00
1777915471,loop29,0.00,0.00,0.000,0.000,0.00
1777915471,loop3,0.00,0.00,0.000,0.000,0.00
1777915471,loop30,0.00,0.00,0.000,0.000,0.00
1777915471,loop31,0.00,0.00,0.000,0.000,0.00
1777915471,loop32,0.00,0.00,0.000,0.000,0.00
1777915471,loop33,0.00,0.00,0.000,0.000,0.00
1777915471,loop34,0.00,0.00,0.000,0.000,0.00
1777915471,loop35,0.00,0.00,0.000,0.000,0.00
1777915471,loop36,0.00,0.00,0.000,0.000,0.00
1777915471,loop37,0.00,0.00,0.000,0.000,0.00
1777915471,loop38,0.00,0.00,0.000,0.000,0.00
1777915471,loop39,0.00,0.00,0.000,0.000,0.00
1777915471,loop4,0.00,0.00,0.000,0.000,0.00
1777915471,loop40,0.00,0.00,0.000,0.000,0.00
1777915471,loop5,0.00,0.00,0.000,0.000,0.00
1777915471,loop6,0.00,0.00,0.000,0.000,0.00
1777915471,loop7,0.00,0.00,0.000,0.000,0.00
1777915471,loop8,0.00,0.00,0.000,0.000,0.00
1777915471,loop9,0.00,0.00,0.000,0.000,0.00
1777915471,nvme0n1,0.00,0.00,0.000,0.000,0.00
1777915472,loop0,0.00,0.00,0.000,0.000,0.00
1777915472,loop1,0.00,0.00,0.000,0.000,0.00
1777915472,loop10,0.00,0.00,0.000,0.000,0.00
1777915472,loop11,0.00,0.00,0.000,0.000,0.00
1777915472,loop12,0.00,0.00,0.000,0.000,0.00
1777915472,loop13,0.00,0.00,0.000,0.000,0.00
1777915472,loop14,0.00,0.00,0.000,0.000,0.00
1777915472,loop15,0.00,0.00,0.000,0.000,0.00
1777915472,loop16,0.00,0.00,0.000,0.000,0.00
1777915472,loop17,0.00,0.00,0.000,0.000,0.00
1777915472,loop18,0.00,0.00,0.000,0.000,0.00
1777915472,loop19,0.00,0.00,0.000,0.000,0.00
1777915472,loop2,0.00,0.00,0.000,0.000,0.00
1777915472,loop20,0.00,0.00,0.000,0.000,0.00
1777915472,loop21,0.00,0.00,0.000,0.000,0.00
1777915472,loop22,0.00,0.00,0.000,0.000,0.00
1777915472,loop23,0.00,0.00,0.000,0.000,0.00
1777915472,loop24,0.00,0.00,0.000,0.000,0.00
1777915472,loop25,0.00,0.00,0.000,0.000,0.00
1777915472,loop26,0.00,0.00,0.000,0.000,0.00
1777915472,loop27,0.00,0.00,0.000,0.000,0.00
1777915472,loop28,0.00,0.00,0.000,0.000,0.00
1777915472,loop29,0.00,0.00,0.000,0.000,0.00
1777915472,loop3,0.00,0.00,0.000,0.000,0.00
1777915472,loop30,0.00,0.00,0.000,0.000,0.00
1777915472,loop31,0.00,0.00,0.000,0.000,0.00
1777915472,loop32,0.00,0.00,0.000,0.000,0.00
1777915472,loop33,0.00,0.00,0.000,0.000,0.00
1777915472,loop34,0.00,0.00,0.000,0.000,0.00
1777915472,loop35,0.00,0.00,0.000,0.000,0.00
1777915472,loop36,0.00,0.00,0.000,0.000,0.00
1777915472,loop37,0.00,0.00,0.000,0.000,0.00
1777915472,loop38,0.00,0.00,0.000,0.000,0.00
1777915472,loop39,0.00,0.00,0.000,0.000,0.00
1777915472,loop4,0.00,0.00,0.000,0.000,0.00
1777915472,loop40,0.00,0.00,0.000,0.000,0.00
1777915472,loop5,0.00,0.00,0.000,0.000,0.00
1777915472,loop6,0.00,0.00,0.000,0.000,0.00
1777915472,loop7,0.00,0.00,0.000,0.000,0.00
1777915472,loop8,0.00,0.00,0.000,0.000,0.00
1777915472,loop9,0.00,0.00,0.000,0.000,0.00
1777915472,nvme0n1,0.00,0.00,0.000,0.000,6.10
1777915473,loop0,0.00,0.00,0.000,0.000,0.00
1777915473,loop1,0.00,0.00,0.000,0.000,0.00
1777915473,loop10,0.00,0.00,0.000,0.000,0.00
1777915473,loop11,0.00,0.00,0.000,0.000,0.00
1777915473,loop12,0.00,0.00,0.000,0.000,0.00
1777915473,loop13,0.00,0.00,0.000,0.000,0.00
1777915473,loop14,0.00,0.00,0.000,0.000,0.00
1777915473,loop15,0.00,0.00,0.000,0.000,0.00
1777915473,loop16,0.00,0.00,0.000,0.000,0.00
1777915473,loop17,0.00,0.00,0.000,0.000,0.00
1777915473,loop18,0.00,0.00,0.000,0.000,0.00
1777915473,loop19,0.00,0.00,0.000,0.000,0.00
1777915473,loop2,0.00,0.00,0.000,0.000,0.00
1777915473,loop20,0.00,0.00,0.000,0.000,0.00
1777915473,loop21,0.00,0.00,0.000,0.000,0.00
1777915473,loop22,0.00,0.00,0.000,0.000,0.00
1777915473,loop23,0.00,0.00,0.000,0.000,0.00
1777915473,loop24,0.00,0.00,0.000,0.000,0.00
1777915473,loop25,0.00,0.00,0.000,0.000,0.00
1777915473,loop26,0.00,0.00,0.000,0.000,0.00
1777915473,loop27,0.00,0.00,0.000,0.000,0.00
1777915473,loop28,0.00,0.00,0.000,0.000,0.00
1777915473,loop29,0.00,0.00,0.000,0.000,0.00
1777915473,loop3,0.00,0.00,0.000,0.000,0.00
1777915473,loop30,0.00,0.00,0.000,0.000,0.00
1777915473,loop31,0.00,0.00,0.000,0.000,0.00
1777915473,loop32,0.00,0.00,0.000,0.000,0.00
1777915473,loop33,0.00,0.00,0.000,0.000,0.00
1777915473,loop34,0.00,0.00,0.000,0.000,0.00
1777915473,loop35,0.00,0.00,0.000,0.000,0.00
1777915473,loop36,0.00,0.00,0.000,0.000,0.00
1777915473,loop37,0.00,0.00,0.000,0.000,0.00
1777915473,loop38,0.00,0.00,0.000,0.000,0.00
1777915473,loop39,0.00,0.00,0.000,0.000,0.00
1777915473,loop4,0.00,0.00,0.000,0.000,0.00
1777915473,loop40,0.00,0.00,0.000,0.000,0.00
1777915473,loop5,0.00,0.00,0.000,0.000,0.00
1777915473,loop6,0.00,0.00,0.000,0.000,0.00
1777915473,loop7,0.00,0.00,0.000,0.000,0.00
1777915473,loop8,0.00,0.00,0.000,0.000,0.00
1777915473,loop9,0.00,0.00,0.000,0.000,0.00
1777915473,nvme0n1,0.00,0.00,0.000,0.000,0.00
1777915474,loop0,0.00,0.00,0.000,0.000,0.00
1777915474,loop1,0.00,0.00,0.000,0.000,0.00
1777915474,loop10,0.00,0.00,0.000,0.000,0.00
1777915474,loop11,0.00,0.00,0.000,0.000,0.00
1777915474,loop12,0.00,0.00,0.000,0.000,0.00
1777915474,loop13,0.00,0.00,0.000,0.000,0.00
1777915474,loop14,0.00,0.00,0.000,0.000,0.00
1777915474,loop15,0.00,0.00,0.000,0.000,0.00
1777915474,loop16,0.00,0.00,0.000,0.000,0.00
1777915474,loop17,0.00,0.00,0.000,0.000,0.00
1777915474,loop18,0.00,0.00,0.000,0.000,0.00
1777915474,loop19,0.00,0.00,0.000,0.000,0.00
1777915474,loop2,0.00,0.00,0.000,0.000,0.00
1777915474,loop20,0.00,0.00,0.000,0.000,0.00
1777915474,loop21,0.00,0.00,0.000,0.000,0.00
1777915474,loop22,0.00,0.00,0.000,0.000,0.00
1777915474,loop23,0.00,0.00,0.000,0.000,0.00
1777915474,loop24,0.00,0.00,0.000,0.000,0.00
1777915474,loop25,0.00,0.00,0.000,0.000,0.00
1777915474,loop26,0.00,0.00,0.000,0.000,0.00
1777915474,loop27,0.00,0.00,0.000,0.000,0.00
1777915474,loop28,0.00,0.00,0.000,0.000,0.00
1777915474,loop29,0.00,0.00,0.000,0.000,0.00
1777915474,loop3,0.00,0.00,0.000,0.000,0.00
1777915474,loop30,0.00,0.00,0.000,0.000,0.00
1777915474,loop31,0.00,0.00,0.000,0.000,0.00
1777915474,loop32,0.00,0.00,0.000,0.000,0.00
1777915474,loop33,0.00,0.00,0.000,0.000,0.00
1777915474,loop34,0.00,0.00,0.000,0.000,0.00
1777915474,loop35,0.00,0.00,0.000,0.000,0.00
1777915474,loop36,0.00,0.00,0.000,0.000,0.00
1777915474,loop37,0.00,0.00,0.000,0.000,0.00
1777915474,loop38,0.00,0.00,0.000,0.000,0.00
1777915474,loop39,0.00,0.00,0.000,0.000,0.00
1777915474,loop4,0.00,0.00,0.000,0.000,0.00
1777915474,loop40,0.00,0.00,0.000,0.000,0.00
1777915474,loop5,0.00,0.00,0.000,0.000,0.00
1777915474,loop6,0.00,0.00,0.000,0.000,0.00
1777915474,loop7,0.00,0.00,0.000,0.000,0.00
1777915474,loop8,0.00,0.00,0.000,0.000,0.00
1777915474,loop9,0.00,0.00,0.000,0.000,0.00
1777915474,nvme0n1,0.00,0.00,0.000,0.000,0.00
1777915475,loop0,0.00,0.00,0.000,0.000,0.00
1777915475,loop1,0.00,0.00,0.000,0.000,0.00
1777915475,loop10,0.00,0.00,0.000,0.000,0.00
1777915475,loop11,0.00,0.00,0.000,0.000,0.00
1777915475,loop12,0.00,0.00,0.000,0.000,0.00
1777915475,loop13,0.00,0.00,0.000,0.000,0.00
1777915475,loop14,0.00,0.00,0.000,0.000,0.00
1777915475,loop15,0.00,0.00,0.000,0.000,0.00
1777915475,loop16,0.00,0.00,0.000,0.000,0.00
1777915475,loop17,0.00,0.00,0.000,0.000,0.00
1777915475,loop18,0.00,0.00,0.000,0.000,0.00
1777915475,loop19,0.00,0.00,0.000,0.000,0.00
1777915475,loop2,0.00,0.00,0.000,0.000,0.00
1777915475,loop20,0.00,0.00,0.000,0.000,0.00
1777915475,loop21,0.00,0.00,0.000,0.000,0.00
1777915475,loop22,0.00,0.00,0.000,0.000,0.00
1777915475,loop23,0.00,0.00,0.000,0.000,0.00
1777915475,loop24,0.00,0.00,0.000,0.000,0.00
1777915475,loop25,0.00,0.00,0.000,0.000,0.00
1777915475,loop26,0.00,0.00,0.000,0.000,0.00
1777915475,loop27,0.00,0.00,0.000,0.000,0.00
1777915475,loop28,0.00,0.00,0.000,0.000,0.00
1777915475,loop29,0.00,0.00,0.000,0.000,0.00
1777915475,loop3,0.00,0.00,0.000,0.000,0.00
1777915475,loop30,0.00,0.00,0.000,0.000,0.00
1777915475,loop31,0.00,0.00,0.000,0.000,0.00
1777915475,loop32,0.00,0.00,0.000,0.000,0.00
1777915475,loop33,0.00,0.00,0.000,0.000,0.00
1777915475,loop34,0.00,0.00,0.000,0.000,0.00
1777915475,loop35,0.00,0.00,0.000,0.000,0.00
1777915475,loop36,0.00,0.00,0.000,0.000,0.00
1777915475,loop37,0.00,0.00,0.000,0.000,0.00
1777915475,loop38,0.00,0.00,0.000,0.000,0.00
1777915475,loop39,0.00,0.00,0.000,0.000,0.00
1777915475,loop4,0.00,0.00,0.000,0.000,0.00
1777915475,loop40,0.00,0.00,0.000,0.000,0.00
1777915475,loop5,0.00,0.00,0.000,0.000,0.00
1777915475,loop6,0.00,0.00,0.000,0.000,0.00
1777915475,loop7,0.00,0.00,0.000,0.000,0.00
1777915475,loop8,0.00,0.00,0.000,0.000,0.00
1777915475,loop9,0.00,0.00,0.000,0.000,0.00
1777915475,nvme0n1,0.00,0.00,0.000,0.000,0.00
1777915476,loop0,0.00,0.00,0.000,0.000,0.00
1777915476,loop1,0.00,0.00,0.000,0.000,0.00
1777915476,loop10,0.00,0.00,0.000,0.000,0.00
1777915476,loop11,0.00,0.00,0.000,0.000,0.00
1777915476,loop12,0.00,0.00,0.000,0.000,0.00
1777915476,loop13,0.00,0.00,0.000,0.000,0.00
1777915476,loop14,0.00,0.00,0.000,0.000,0.00
1777915476,loop15,0.00,0.00,0.000,0.000,0.00
1777915476,loop16,0.00,0.00,0.000,0.000,0.00
1777915476,loop17,0.00,0.00,0.000,0.000,0.00
1777915476,loop18,0.00,0.00,0.000,0.000,0.00
1777915476,loop19,0.00,0.00,0.000,0.000,0.00
1777915476,loop2,0.00,0.00,0.000,0.000,0.00
1777915476,loop20,0.00,0.00,0.000,0.000,0.00
1777915476,loop21,0.00,0.00,0.000,0.000,0.00
1777915476,loop22,0.00,0.00,0.000,0.000,0.00
1777915476,loop23,0.00,0.00,0.000,0.000,0.00
1777915476,loop24,0.00,0.00,0.000,0.000,0.00
1777915476,loop25,0.00,0.00,0.000,0.000,0.00
1777915476,loop26,0.00,0.00,0.000,0.000,0.00
1777915476,loop27,0.00,0.00,0.000,0.000,0.00
1777915476,loop28,0.00,0.00,0.000,0.000,0.00
1777915476,loop29,0.00,0.00,0.000,0.000,0.00
1777915476,loop3,0.00,0.00,0.000,0.000,0.00
1777915476,loop30,0.00,0.00,0.000,0.000,0.00
1777915476,loop31,0.00,0.00,0.000,0.000,0.00
1777915476,loop32,0.00,0.00,0.000,0.000,0.00
1777915476,loop33,0.00,0.00,0.000,0.000,0.00
1777915476,loop34,0.00,0.00,0.000,0.000,0.00
1777915476,loop35,0.00,0.00,0.000,0.000,0.00
1777915476,loop36,0.00,0.00,0.000,0.000,0.00
1777915476,loop37,0.00,0.00,0.000,0.000,0.00
1777915476,loop38,0.00,0.00,0.000,0.000,0.00
1777915476,loop39,0.00,0.00,0.000,0.000,0.00
1777915476,loop4,0.00,0.00,0.000,0.000,0.00
1777915476,loop40,0.00,0.00,0.000,0.000,0.00
1777915476,loop5,0.00,0.00,0.000,0.000,0.00
1777915476,loop6,0.00,0.00,0.000,0.000,0.00
1777915476,loop7,0.00,0.00,0.000,0.000,0.00
1777915476,loop8,0.00,0.00,0.000,0.000,0.00
1777915476,loop9,0.00,0.00,0.000,0.000,0.00
1777915476,nvme0n1,0.00,0.00,0.000,0.000,5.70
1777915477,loop0,0.00,0.00,0.000,0.000,0.00
1777915477,loop1,0.00,0.00,0.000,0.000,0.00
1777915477,loop10,0.00,0.00,0.000,0.000,0.00
1777915477,loop11,0.00,0.00,0.000,0.000,0.00
1777915477,loop12,0.00,0.00,0.000,0.000,0.00
1777915477,loop13,0.00,0.00,0.000,0.000,0.00
1777915477,loop14,0.00,0.00,0.000,0.000,0.00
1777915477,loop15,0.00,0.00,0.000,0.000,0.00
1777915477,loop16,0.00,0.00,0.000,0.000,0.00
1777915477,loop17,0.00,0.00,0.000,0.000,0.00
1777915477,loop18,0.00,0.00,0.000,0.000,0.00
1777915477,loop19,0.00,0.00,0.000,0.000,0.00
1777915477,loop2,0.00,0.00,0.000,0.000,0.00
1777915477,loop20,0.00,0.00,0.000,0.000,0.00
1777915477,loop21,0.00,0.00,0.000,0.000,0.00
1777915477,loop22,0.00,0.00,0.000,0.000,0.00
1777915477,loop23,0.00,0.00,0.000,0.000,0.00
1777915477,loop24,0.00,0.00,0.000,0.000,0.00
1777915477,loop25,0.00,0.00,0.000,0.000,0.00
1777915477,loop26,0.00,0.00,0.000,0.000,0.00
1777915477,loop27,0.00,0.00,0.000,0.000,0.00
1777915477,loop28,0.00,0.00,0.000,0.000,0.00
1777915477,loop29,0.00,0.00,0.000,0.000,0.00
1777915477,loop3,0.00,0.00,0.000,0.000,0.00
1777915477,loop30,0.00,0.00,0.000,0.000,0.00
1777915477,loop31,0.00,0.00,0.000,0.000,0.00
1777915477,loop32,0.00,0.00,0.000,0.000,0.00
1777915477,loop33,0.00,0.00,0.000,0.000,0.00
1777915477,loop34,0.00,0.00,0.000,0.000,0.00
1777915477,loop35,0.00,0.00,0.000,0.000,0.00
1777915477,loop36,0.00,0.00,0.000,0.000,0.00
1777915477,loop37,0.00,0.00,0.000,0.000,0.00
1777915477,loop38,0.00,0.00,0.000,0.000,0.00
1777915477,loop39,0.00,0.00,0.000,0.000,0.00
1777915477,loop4,0.00,0.00,0.000,0.000,0.00
1777915477,loop40,0.00,0.00,0.000,0.000,0.00
1777915477,loop5,0.00,0.00,0.000,0.000,0.00
1777915477,loop6,0.00,0.00,0.000,0.000,0.00
1777915477,loop7,0.00,0.00,0.000,0.000,0.00
1777915477,loop8,0.00,0.00,0.000,0.000,0.00
1777915477,loop9,0.00,0.00,0.000,0.000,0.00
1777915477,nvme0n1,0.00,0.00,0.000,0.000,0.00
1777915478,loop0,0.00,0.00,0.000,0.000,0.00
1777915478,loop1,0.00,0.00,0.000,0.000,0.00
1777915478,loop10,0.00,0.00,0.000,0.000,0.00
1777915478,loop11,0.00,0.00,0.000,0.000,0.00
1777915478,loop12,0.00,0.00,0.000,0.000,0.00
1777915478,loop13,0.00,0.00,0.000,0.000,0.00
1777915478,loop14,0.00,0.00,0.000,0.000,0.00
1777915478,loop15,0.00,0.00,0.000,0.000,0.00
1777915478,loop16,0.00,0.00,0.000,0.000,0.00
1777915478,loop17,0.00,0.00,0.000,0.000,0.00
1777915478,loop18,0.00,0.00,0.000,0.000,0.00
1777915478,loop19,0.00,0.00,0.000,0.000,0.00
1777915478,loop2,0.00,0.00,0.000,0.000,0.00
1777915478,loop20,0.00,0.00,0.000,0.000,0.00
1777915478,loop21,0.00,0.00,0.000,0.000,0.00
1777915478,loop22,0.00,0.00,0.000,0.000,0.00
1777915478,loop23,0.00,0.00,0.000,0.000,0.00
1777915478,loop24,0.00,0.00,0.000,0.000,0.00
1777915478,loop25,0.00,0.00,0.000,0.000,0.00
1777915478,loop26,0.00,0.00,0.000,0.000,0.00
1777915478,loop27,0.00,0.00,0.000,0.000,0.00
1777915478,loop28,0.00,0.00,0.000,0.000,0.00
1777915478,loop29,0.00,0.00,0.000,0.000,0.00
1777915478,loop3,0.00,0.00,0.000,0.000,0.00
1777915478,loop30,0.00,0.00,0.000,0.000,0.00
1777915478,loop31,0.00,0.00,0.000,0.000,0.00
1777915478,loop32,0.00,0.00,0.000,0.000,0.00
1777915478,loop33,0.00,0.00,0.000,0.000,0.00
1777915478,loop34,0.00,0.00,0.000,0.000,0.00
1777915478,loop35,0.00,0.00,0.000,0.000,0.00
1777915478,loop36,0.00,0.00,0.000,0.000,0.00
1777915478,loop37,0.00,0.00,0.000,0.000,0.00
1777915478,loop38,0.00,0.00,0.000,0.000,0.00
1777915478,loop39,0.00,0.00,0.000,0.000,0.00
1777915478,loop4,0.00,0.00,0.000,0.000,0.00
1777915478,loop40,0.00,0.00,0.000,0.000,0.00
1777915478,loop5,0.00,0.00,0.000,0.000,0.00
1777915478,loop6,0.00,0.00,0.000,0.000,0.00
1777915478,loop7,0.00,0.00,0.000,0.000,0.00
1777915478,loop8,0.00,0.00,0.000,0.000,0.00
1777915478,loop9,0.00,0.00,0.000,0.000,0.00
1777915478,nvme0n1,1.00,4.00,0.000,0.000,2.20
1777915479,loop0,0.00,0.00,0.000,0.000,0.00
1777915479,loop1,0.00,0.00,0.000,0.000,0.00
1777915479,loop10,0.00,0.00,0.000,0.000,0.00
1777915479,loop11,0.00,0.00,0.000,0.000,0.00
1777915479,loop12,0.00,0.00,0.000,0.000,0.00
1777915479,loop13,0.00,0.00,0.000,0.000,0.00
1777915479,loop14,0.00,0.00,0.000,0.000,0.00
1777915479,loop15,0.00,0.00,0.000,0.000,0.00
1777915479,loop16,0.00,0.00,0.000,0.000,0.00
1777915479,loop17,0.00,0.00,0.000,0.000,0.00
1777915479,loop18,0.00,0.00,0.000,0.000,0.00
1777915479,loop19,0.00,0.00,0.000,0.000,0.00
1777915479,loop2,0.00,0.00,0.000,0.000,0.00
1777915479,loop20,0.00,0.00,0.000,0.000,0.00
1777915479,loop21,0.00,0.00,0.000,0.000,0.00
1777915479,loop22,0.00,0.00,0.000,0.000,0.00
1777915479,loop23,0.00,0.00,0.000,0.000,0.00
1777915479,loop24,0.00,0.00,0.000,0.000,0.00
1777915479,loop25,0.00,0.00,0.000,0.000,0.00
1777915479,loop26,0.00,0.00,0.000,0.000,0.00
1777915479,loop27,0.00,0.00,0.000,0.000,0.00
1777915479,loop28,0.00,0.00,0.000,0.000,0.00
1777915479,loop29,0.00,0.00,0.000,0.000,0.00
1777915479,loop3,0.00,0.00,0.000,0.000,0.00
1777915479,loop30,0.00,0.00,0.000,0.000,0.00
1777915479,loop31,0.00,0.00,0.000,0.000,0.00
1777915479,loop32,0.00,0.00,0.000,0.000,0.00
1777915479,loop33,0.00,0.00,0.000,0.000,0.00
1777915479,loop34,0.00,0.00,0.000,0.000,0.00
1777915479,loop35,0.00,0.00,0.000,0.000,0.00
1777915479,loop36,0.00,0.00,0.000,0.000,0.00
1777915479,loop37,0.00,0.00,0.000,0.000,0.00
1777915479,loop38,0.00,0.00,0.000,0.000,0.00
1777915479,loop39,0.00,0.00,0.000,0.000,0.00
1777915479,loop4,0.00,0.00,0.000,0.000,0.00
1777915479,loop40,0.00,0.00,0.000,0.000,0.00
1777915479,loop5,0.00,0.00,0.000,0.000,0.00
1777915479,loop6,0.00,0.00,0.000,0.000,0.00
1777915479,loop7,0.00,0.00,0.000,0.000,0.00
1777915479,loop8,0.00,0.00,0.000,0.000,0.00
1777915479,loop9,0.00,0.00,0.000,0.000,0.00
1777915479,nvme0n1,0.00,0.00,0.000,0.000,0.00
1777915480,loop0,0.00,0.00,0.000,0.000,0.00
1777915480,loop1,0.00,0.00,0.000,0.000,0.00
1777915480,loop10,0.00,0.00,0.000,0.000,0.00
1777915480,loop11,0.00,0.00,0.000,0.000,0.00
1777915480,loop12,0.00,0.00,0.000,0.000,0.00
1777915480,loop13,0.00,0.00,0.000,0.000,0.00
1777915480,loop14,0.00,0.00,0.000,0.000,0.00
1777915480,loop15,0.00,0.00,0.000,0.000,0.00
1777915480,loop16,0.00,0.00,0.000,0.000,0.00
1777915480,loop17,0.00,0.00,0.000,0.000,0.00
1777915480,loop18,0.00,0.00,0.000,0.000,0.00
1777915480,loop19,0.00,0.00,0.000,0.000,0.00
1777915480,loop2,0.00,0.00,0.000,0.000,0.00
1777915480,loop20,0.00,0.00,0.000,0.000,0.00
1777915480,loop21,0.00,0.00,0.000,0.000,0.00
1777915480,loop22,0.00,0.00,0.000,0.000,0.00
1777915480,loop23,0.00,0.00,0.000,0.000,0.00
1777915480,loop24,0.00,0.00,0.000,0.000,0.00
1777915480,loop25,0.00,0.00,0.000,0.000,0.00
1777915480,loop26,0.00,0.00,0.000,0.000,0.00
1777915480,loop27,0.00,0.00,0.000,0.000,0.00
1777915480,loop28,0.00,0.00,0.000,0.000,0.00
1777915480,loop29,0.00,0.00,0.000,0.000,0.00
1777915480,loop3,0.00,0.00,0.000,0.000,0.00
1777915480,loop30,0.00,0.00,0.000,0.000,0.00
1777915480,loop31,0.00,0.00,0.000,0.000,0.00
1777915480,loop32,0.00,0.00,0.000,0.000,0.00
1777915480,loop33,0.00,0.00,0.000,0.000,0.00
1777915480,loop34,0.00,0.00,0.000,0.000,0.00
1777915480,loop35,0.00,0.00,0.000,0.000,0.00
1777915480,loop36,0.00,0.00,0.000,0.000,0.00
1777915480,loop37,0.00,0.00,0.000,0.000,0.00
1777915480,loop38,0.00,0.00,0.000,0.000,0.00
1777915480,loop39,0.00,0.00,0.000,0.000,0.00
1777915480,loop4,0.00,0.00,0.000,0.000,0.00
1777915480,loop40,0.00,0.00,0.000,0.000,0.00
1777915480,loop5,0.00,0.00,0.000,0.000,0.00
1777915480,loop6,0.00,0.00,0.000,0.000,0.00
1777915480,loop7,0.00,0.00,0.000,0.000,0.00
1777915480,loop8,0.00,0.00,0.000,0.000,0.00
1777915480,loop9,0.00,0.00,0.000,0.000,0.00
1777915480,nvme0n1,0.00,0.00,0.000,0.000,0.00
1777915481,loop0,0.00,0.00,0.000,0.000,0.00
1777915481,loop1,0.00,0.00,0.000,0.000,0.00
1777915481,loop10,0.00,0.00,0.000,0.000,0.00
1777915481,loop11,0.00,0.00,0.000,0.000,0.00
1777915481,loop12,0.00,0.00,0.000,0.000,0.00
1777915481,loop13,0.00,0.00,0.000,0.000,0.00
1777915481,loop14,0.00,0.00,0.000,0.000,0.00
1777915481,loop15,0.00,0.00,0.000,0.000,0.00
1777915481,loop16,0.00,0.00,0.000,0.000,0.00
1777915481,loop17,0.00,0.00,0.000,0.000,0.00
1777915481,loop18,0.00,0.00,0.000,0.000,0.00
1777915481,loop19,0.00,0.00,0.000,0.000,0.00
1777915481,loop2,0.00,0.00,0.000,0.000,0.00
1777915481,loop20,0.00,0.00,0.000,0.000,0.00
1777915481,loop21,0.00,0.00,0.000,0.000,0.00
1777915481,loop22,0.00,0.00,0.000,0.000,0.00
1777915481,loop23,0.00,0.00,0.000,0.000,0.00
1777915481,loop24,0.00,0.00,0.000,0.000,0.00
1777915481,loop25,0.00,0.00,0.000,0.000,0.00
1777915481,loop26,0.00,0.00,0.000,0.000,0.00
1777915481,loop27,0.00,0.00,0.000,0.000,0.00
1777915481,loop28,0.00,0.00,0.000,0.000,0.00
1777915481,loop29,0.00,0.00,0.000,0.000,0.00
1777915481,loop3,0.00,0.00,0.000,0.000,0.00
1777915481,loop30,0.00,0.00,0.000,0.000,0.00
1777915481,loop31,0.00,0.00,0.000,0.000,0.00
1777915481,loop32,0.00,0.00,0.000,0.000,0.00
1777915481,loop33,0.00,0.00,0.000,0.000,0.00
1777915481,loop34,0.00,0.00,0.000,0.000,0.00
1777915481,loop35,0.00,0.00,0.000,0.000,0.00
1777915481,loop36,0.00,0.00,0.000,0.000,0.00
1777915481,loop37,0.00,0.00,0.000,0.000,0.00
1777915481,loop38,0.00,0.00,0.000,0.000,0.00
1777915481,loop39,0.00,0.00,0.000,0.000,0.00
1777915481,loop4,0.00,0.00,0.000,0.000,0.00
1777915481,loop40,0.00,0.00,0.000,0.000,0.00
1777915481,loop5,0.00,0.00,0.000,0.000,0.00
1777915481,loop6,0.00,0.00,0.000,0.000,0.00
1777915481,loop7,0.00,0.00,0.000,0.000,0.00
1777915481,loop8,0.00,0.00,0.000,0.000,0.00
1777915481,loop9,0.00,0.00,0.000,0.000,0.00
1777915481,nvme0n1,0.00,0.00,0.000,0.000,2.40
1777915482,loop0,0.00,0.00,0.000,0.000,0.00
1777915482,loop1,0.00,0.00,0.000,0.000,0.00
1777915482,loop10,0.00,0.00,0.000,0.000,0.00
1777915482,loop11,0.00,0.00,0.000,0.000,0.00
1777915482,loop12,0.00,0.00,0.000,0.000,0.00
1777915482,loop13,0.00,0.00,0.000,0.000,0.00
1777915482,loop14,0.00,0.00,0.000,0.000,0.00
1777915482,loop15,0.00,0.00,0.000,0.000,0.00
1777915482,loop16,0.00,0.00,0.000,0.000,0.00
1777915482,loop17,0.00,0.00,0.000,0.000,0.00
1777915482,loop18,0.00,0.00,0.000,0.000,0.00
1777915482,loop19,0.00,0.00,0.000,0.000,0.00
1777915482,loop2,0.00,0.00,0.000,0.000,0.00
1777915482,loop20,0.00,0.00,0.000,0.000,0.00
1777915482,loop21,0.00,0.00,0.000,0.000,0.00
1777915482,loop22,0.00,0.00,0.000,0.000,0.00
1777915482,loop23,0.00,0.00,0.000,0.000,0.00
1777915482,loop24,0.00,0.00,0.000,0.000,0.00
1777915482,loop25,0.00,0.00,0.000,0.000,0.00
1777915482,loop26,0.00,0.00,0.000,0.000,0.00
1777915482,loop27,0.00,0.00,0.000,0.000,0.00
1777915482,loop28,0.00,0.00,0.000,0.000,0.00
1777915482,loop29,0.00,0.00,0.000,0.000,0.00
1777915482,loop3,0.00,0.00,0.000,0.000,0.00
1777915482,loop30,0.00,0.00,0.000,0.000,0.00
1777915482,loop31,0.00,0.00,0.000,0.000,0.00
1777915482,loop32,0.00,0.00,0.000,0.000,0.00
1777915482,loop33,0.00,0.00,0.000,0.000,0.00
1777915482,loop34,0.00,0.00,0.000,0.000,0.00
1777915482,loop35,0.00,0.00,0.000,0.000,0.00
1777915482,loop36,0.00,0.00,0.000,0.000,0.00
1777915482,loop37,0.00,0.00,0.000,0.000,0.00
1777915482,loop38,0.00,0.00,0.000,0.000,0.00
1777915482,loop39,0.00,0.00,0.000,0.000,0.00
1777915482,loop4,0.00,0.00,0.000,0.000,0.00
1777915482,loop40,0.00,0.00,0.000,0.000,0.00
1777915482,loop5,0.00,0.00,0.000,0.000,0.00
1777915482,loop6,0.00,0.00,0.000,0.000,0.00
1777915482,loop7,0.00,0.00,0.000,0.000,0.00
1777915482,loop8,0.00,0.00,0.000,0.000,0.00
1777915482,loop9,0.00,0.00,0.000,0.000,0.00
1777915482,nvme0n1,0.00,0.00,0.000,0.000,0.00
1777915483,loop0,0.00,0.00,0.000,0.000,0.00
1777915483,loop1,0.00,0.00,0.000,0.000,0.00
1777915483,loop10,0.00,0.00,0.000,0.000,0.00
1777915483,loop11,0.00,0.00,0.000,0.000,0.00
1777915483,loop12,0.00,0.00,0.000,0.000,0.00
1777915483,loop13,0.00,0.00,0.000,0.000,0.00
1777915483,loop14,0.00,0.00,0.000,0.000,0.00
1777915483,loop15,0.00,0.00,0.000,0.000,0.00
1777915483,loop16,0.00,0.00,0.000,0.000,0.00
1777915483,loop17,0.00,0.00,0.000,0.000,0.00
1777915483,loop18,0.00,0.00,0.000,0.000,0.00
1777915483,loop19,0.00,0.00,0.000,0.000,0.00
1777915483,loop2,0.00,0.00,0.000,0.000,0.00
1777915483,loop20,0.00,0.00,0.000,0.000,0.00
1777915483,loop21,0.00,0.00,0.000,0.000,0.00
1777915483,loop22,0.00,0.00,0.000,0.000,0.00
1777915483,loop23,0.00,0.00,0.000,0.000,0.00
1777915483,loop24,0.00,0.00,0.000,0.000,0.00
1777915483,loop25,0.00,0.00,0.000,0.000,0.00
1777915483,loop26,0.00,0.00,0.000,0.000,0.00
1777915483,loop27,0.00,0.00,0.000,0.000,0.00
1777915483,loop28,0.00,0.00,0.000,0.000,0.00
1777915483,loop29,0.00,0.00,0.000,0.000,0.00
1777915483,loop3,0.00,0.00,0.000,0.000,0.00
1777915483,loop30,0.00,0.00,0.000,0.000,0.00
1777915483,loop31,0.00,0.00,0.000,0.000,0.00
1777915483,loop32,0.00,0.00,0.000,0.000,0.00
1777915483,loop33,0.00,0.00,0.000,0.000,0.00
1777915483,loop34,0.00,0.00,0.000,0.000,0.00
1777915483,loop35,0.00,0.00,0.000,0.000,0.00
1777915483,loop36,0.00,0.00,0.000,0.000,0.00
1777915483,loop37,0.00,0.00,0.000,0.000,0.00
1777915483,loop38,0.00,0.00,0.000,0.000,0.00
1777915483,loop39,0.00,0.00,0.000,0.000,0.00
1777915483,loop4,0.00,0.00,0.000,0.000,0.00
1777915483,loop40,0.00,0.00,0.000,0.000,0.00
1777915483,loop5,0.00,0.00,0.000,0.000,0.00
1777915483,loop6,0.00,0.00,0.000,0.000,0.00
1777915483,loop7,0.00,0.00,0.000,0.000,0.00
1777915483,loop8,0.00,0.00,0.000,0.000,0.00
1777915483,loop9,0.00,0.00,0.000,0.000,0.00
1777915483,nvme0n1,0.00,0.00,0.000,0.000,0.00
1777915484,loop0,0.00,0.00,0.000,0.000,0.00
1777915484,loop1,0.00,0.00,0.000,0.000,0.00
1777915484,loop10,0.00,0.00,0.000,0.000,0.00
1777915484,loop11,0.00,0.00,0.000,0.000,0.00
1777915484,loop12,0.00,0.00,0.000,0.000,0.00
1777915484,loop13,0.00,0.00,0.000,0.000,0.00
1777915484,loop14,0.00,0.00,0.000,0.000,0.00
1777915484,loop15,0.00,0.00,0.000,0.000,0.00
1777915484,loop16,0.00,0.00,0.000,0.000,0.00
1777915484,loop17,0.00,0.00,0.000,0.000,0.00
1777915484,loop18,0.00,0.00,0.000,0.000,0.00
1777915484,loop19,0.00,0.00,0.000,0.000,0.00
1777915484,loop2,0.00,0.00,0.000,0.000,0.00
1777915484,loop20,0.00,0.00,0.000,0.000,0.00
1777915484,loop21,0.00,0.00,0.000,0.000,0.00
1777915484,loop22,0.00,0.00,0.000,0.000,0.00
1777915484,loop23,0.00,0.00,0.000,0.000,0.00
1777915484,loop24,0.00,0.00,0.000,0.000,0.00
1777915484,loop25,0.00,0.00,0.000,0.000,0.00
1777915484,loop26,0.00,0.00,0.000,0.000,0.00
1777915484,loop27,0.00,0.00,0.000,0.000,0.00
1777915484,loop28,0.00,0.00,0.000,0.000,0.00
1777915484,loop29,0.00,0.00,0.000,0.000,0.00
1777915484,loop3,0.00,0.00,0.000,0.000,0.00
1777915484,loop30,0.00,0.00,0.000,0.000,0.00
1777915484,loop31,0.00,0.00,0.000,0.000,0.00
1777915484,loop32,0.00,0.00,0.000,0.000,0.00
1777915484,loop33,0.00,0.00,0.000,0.000,0.00
1777915484,loop34,0.00,0.00,0.000,0.000,0.00
1777915484,loop35,0.00,0.00,0.000,0.000,0.00
1777915484,loop36,0.00,0.00,0.000,0.000,0.00
1777915484,loop37,0.00,0.00,0.000,0.000,0.00
1777915484,loop38,0.00,0.00,0.000,0.000,0.00
1777915484,loop39,0.00,0.00,0.000,0.000,0.00
1777915484,loop4,0.00,0.00,0.000,0.000,0.00
1777915484,loop40,0.00,0.00,0.000,0.000,0.00
1777915484,loop5,0.00,0.00,0.000,0.000,0.00
1777915484,loop6,0.00,0.00,0.000,0.000,0.00
1777915484,loop7,0.00,0.00,0.000,0.000,0.00
1777915484,loop8,0.00,0.00,0.000,0.000,0.00
1777915484,loop9,0.00,0.00,0.000,0.000,0.00
1777915484,nvme0n1,0.00,0.00,0.000,0.000,0.00
1777915485,loop0,0.00,0.00,0.000,0.000,0.00
1777915485,loop1,0.00,0.00,0.000,0.000,0.00
1777915485,loop10,0.00,0.00,0.000,0.000,0.00
1777915485,loop11,0.00,0.00,0.000,0.000,0.00
1777915485,loop12,0.00,0.00,0.000,0.000,0.00
1777915485,loop13,0.00,0.00,0.000,0.000,0.00
1777915485,loop14,0.00,0.00,0.000,0.000,0.00
1777915485,loop15,0.00,0.00,0.000,0.000,0.00
1777915485,loop16,0.00,0.00,0.000,0.000,0.00
1777915485,loop17,0.00,0.00,0.000,0.000,0.00
1777915485,loop18,0.00,0.00,0.000,0.000,0.00
1777915485,loop19,0.00,0.00,0.000,0.000,0.00
1777915485,loop2,0.00,0.00,0.000,0.000,0.00
1777915485,loop20,0.00,0.00,0.000,0.000,0.00
1777915485,loop21,0.00,0.00,0.000,0.000,0.00
1777915485,loop22,0.00,0.00,0.000,0.000,0.00
1777915485,loop23,0.00,0.00,0.000,0.000,0.00
1777915485,loop24,0.00,0.00,0.000,0.000,0.00
1777915485,loop25,0.00,0.00,0.000,0.000,0.00
1777915485,loop26,0.00,0.00,0.000,0.000,0.00
1777915485,loop27,0.00,0.00,0.000,0.000,0.00
1777915485,loop28,0.00,0.00,0.000,0.000,0.00
1777915485,loop29,0.00,0.00,0.000,0.000,0.00
1777915485,loop3,0.00,0.00,0.000,0.000,0.00
1777915485,loop30,0.00,0.00,0.000,0.000,0.00
1777915485,loop31,0.00,0.00,0.000,0.000,0.00
1777915485,loop32,0.00,0.00,0.000,0.000,0.00
1777915485,loop33,0.00,0.00,0.000,0.000,0.00
1777915485,loop34,0.00,0.00,0.000,0.000,0.00
1777915485,loop35,0.00,0.00,0.000,0.000,0.00
1777915485,loop36,0.00,0.00,0.000,0.000,0.00
1777915485,loop37,0.00,0.00,0.000,0.000,0.00
1777915485,loop38,0.00,0.00,0.000,0.000,0.00
1777915485,loop39,0.00,0.00,0.000,0.000,0.00
1777915485,loop4,0.00,0.00,0.000,0.000,0.00
1777915485,loop40,0.00,0.00,0.000,0.000,0.00
1777915485,loop5,0.00,0.00,0.000,0.000,0.00
1777915485,loop6,0.00,0.00,0.000,0.000,0.00
1777915485,loop7,0.00,0.00,0.000,0.000,0.00
1777915485,loop8,0.00,0.00,0.000,0.000,0.00
1777915485,loop9,0.00,0.00,0.000,0.000,0.00
1777915485,nvme0n1,0.00,0.00,0.000,0.000,0.00
1777915486,loop0,0.00,0.00,0.000,0.000,0.00
1777915486,loop1,0.00,0.00,0.000,0.000,0.00
1777915486,loop10,0.00,0.00,0.000,0.000,0.00
1777915486,loop11,0.00,0.00,0.000,0.000,0.00
1777915486,loop12,0.00,0.00,0.000,0.000,0.00
1777915486,loop13,0.00,0.00,0.000,0.000,0.00
1777915486,loop14,0.00,0.00,0.000,0.000,0.00
1777915486,loop15,0.00,0.00,0.000,0.000,0.00
1777915486,loop16,0.00,0.00,0.000,0.000,0.00
1777915486,loop17,0.00,0.00,0.000,0.000,0.00
1777915486,loop18,0.00,0.00,0.000,0.000,0.00
1777915486,loop19,0.00,0.00,0.000,0.000,0.00
1777915486,loop2,0.00,0.00,0.000,0.000,0.00
1777915486,loop20,0.00,0.00,0.000,0.000,0.00
1777915486,loop21,0.00,0.00,0.000,0.000,0.00
1777915486,loop22,0.00,0.00,0.000,0.000,0.00
1777915486,loop23,0.00,0.00,0.000,0.000,0.00
1777915486,loop24,0.00,0.00,0.000,0.000,0.00
1777915486,loop25,0.00,0.00,0.000,0.000,0.00
1777915486,loop26,0.00,0.00,0.000,0.000,0.00
1777915486,loop27,0.00,0.00,0.000,0.000,0.00
1777915486,loop28,0.00,0.00,0.000,0.000,0.00
1777915486,loop29,0.00,0.00,0.000,0.000,0.00
1777915486,loop3,0.00,0.00,0.000,0.000,0.00
1777915486,loop30,0.00,0.00,0.000,0.000,0.00
1777915486,loop31,0.00,0.00,0.000,0.000,0.00
1777915486,loop32,0.00,0.00,0.000,0.000,0.00
1777915486,loop33,0.00,0.00,0.000,0.000,0.00
1777915486,loop34,0.00,0.00,0.000,0.000,0.00
1777915486,loop35,0.00,0.00,0.000,0.000,0.00
1777915486,loop36,0.00,0.00,0.000,0.000,0.00
1777915486,loop37,0.00,0.00,0.000,0.000,0.00
1777915486,loop38,0.00,0.00,0.000,0.000,0.00
1777915486,loop39,0.00,0.00,0.000,0.000,0.00
1777915486,loop4,0.00,0.00,0.000,0.000,0.00
1777915486,loop40,0.00,0.00,0.000,0.000,0.00
1777915486,loop5,0.00,0.00,0.000,0.000,0.00
1777915486,loop6,0.00,0.00,0.000,0.000,0.00
1777915486,loop7,0.00,0.00,0.000,0.000,0.00
1777915486,loop8,0.00,0.00,0.000,0.000,0.00
1777915486,loop9,0.00,0.00,0.000,0.000,0.00
1777915486,nvme0n1,0.00,0.00,0.000,0.000,2.10
1777915487,loop0,0.00,0.00,0.000,0.000,0.00
1777915487,loop1,0.00,0.00,0.000,0.000,0.00
1777915487,loop10,0.00,0.00,0.000,0.000,0.00
1777915487,loop11,0.00,0.00,0.000,0.000,0.00
1777915487,loop12,0.00,0.00,0.000,0.000,0.00
1777915487,loop13,0.00,0.00,0.000,0.000,0.00
1777915487,loop14,0.00,0.00,0.000,0.000,0.00
1777915487,loop15,0.00,0.00,0.000,0.000,0.00
1777915487,loop16,0.00,0.00,0.000,0.000,0.00
1777915487,loop17,0.00,0.00,0.000,0.000,0.00
1777915487,loop18,0.00,0.00,0.000,0.000,0.00
1777915487,loop19,0.00,0.00,0.000,0.000,0.00
1777915487,loop2,0.00,0.00,0.000,0.000,0.00
1777915487,loop20,0.00,0.00,0.000,0.000,0.00
1777915487,loop21,0.00,0.00,0.000,0.000,0.00
1777915487,loop22,0.00,0.00,0.000,0.000,0.00
1777915487,loop23,0.00,0.00,0.000,0.000,0.00
1777915487,loop24,0.00,0.00,0.000,0.000,0.00
1777915487,loop25,0.00,0.00,0.000,0.000,0.00
1777915487,loop26,0.00,0.00,0.000,0.000,0.00
1777915487,loop27,0.00,0.00,0.000,0.000,0.00
1777915487,loop28,0.00,0.00,0.000,0.000,0.00
1777915487,loop29,0.00,0.00,0.000,0.000,0.00
1777915487,loop3,0.00,0.00,0.000,0.000,0.00
1777915487,loop30,0.00,0.00,0.000,0.000,0.00
1777915487,loop31,0.00,0.00,0.000,0.000,0.00
1777915487,loop32,0.00,0.00,0.000,0.000,0.00
1777915487,loop33,0.00,0.00,0.000,0.000,0.00
1777915487,loop34,0.00,0.00,0.000,0.000,0.00
1777915487,loop35,0.00,0.00,0.000,0.000,0.00
1777915487,loop36,0.00,0.00,0.000,0.000,0.00
1777915487,loop37,0.00,0.00,0.000,0.000,0.00
1777915487,loop38,0.00,0.00,0.000,0.000,0.00
1777915487,loop39,0.00,0.00,0.000,0.000,0.00
1777915487,loop4,0.00,0.00,0.000,0.000,0.00
1777915487,loop40,0.00,0.00,0.000,0.000,0.00
1777915487,loop5,0.00,0.00,0.000,0.000,0.00
1777915487,loop6,0.00,0.00,0.000,0.000,0.00
1777915487,loop7,0.00,0.00,0.000,0.000,0.00
1777915487,loop8,0.00,0.00,0.000,0.000,0.00
1777915487,loop9,0.00,0.00,0.000,0.000,0.00
1777915487,nvme0n1,0.00,0.00,0.000,0.000,3.40
1777915488,loop0,0.00,0.00,0.000,0.000,0.00
1777915488,loop1,0.00,0.00,0.000,0.000,0.00
1777915488,loop10,0.00,0.00,0.000,0.000,0.00
1777915488,loop11,0.00,0.00,0.000,0.000,0.00
1777915488,loop12,0.00,0.00,0.000,0.000,0.00
1777915488,loop13,0.00,0.00,0.000,0.000,0.00
1777915488,loop14,0.00,0.00,0.000,0.000,0.00
1777915488,loop15,0.00,0.00,0.000,0.000,0.00
1777915488,loop16,0.00,0.00,0.000,0.000,0.00
1777915488,loop17,0.00,0.00,0.000,0.000,0.00
1777915488,loop18,0.00,0.00,0.000,0.000,0.00
1777915488,loop19,0.00,0.00,0.000,0.000,0.00
1777915488,loop2,0.00,0.00,0.000,0.000,0.00
1777915488,loop20,0.00,0.00,0.000,0.000,0.00
1777915488,loop21,0.00,0.00,0.000,0.000,0.00
1777915488,loop22,0.00,0.00,0.000,0.000,0.00
1777915488,loop23,0.00,0.00,0.000,0.000,0.00
1777915488,loop24,0.00,0.00,0.000,0.000,0.00
1777915488,loop25,0.00,0.00,0.000,0.000,0.00
1777915488,loop26,0.00,0.00,0.000,0.000,0.00
1777915488,loop27,0.00,0.00,0.000,0.000,0.00
1777915488,loop28,0.00,0.00,0.000,0.000,0.00
1777915488,loop29,0.00,0.00,0.000,0.000,0.00
1777915488,loop3,0.00,0.00,0.000,0.000,0.00
1777915488,loop30,0.00,0.00,0.000,0.000,0.00
1777915488,loop31,0.00,0.00,0.000,0.000,0.00
1777915488,loop32,0.00,0.00,0.000,0.000,0.00
1777915488,loop33,0.00,0.00,0.000,0.000,0.00
1777915488,loop34,0.00,0.00,0.000,0.000,0.00
1777915488,loop35,0.00,0.00,0.000,0.000,0.00
1777915488,loop36,0.00,0.00,0.000,0.000,0.00
1777915488,loop37,0.00,0.00,0.000,0.000,0.00
1777915488,loop38,0.00,0.00,0.000,0.000,0.00
1777915488,loop39,0.00,0.00,0.000,0.000,0.00
1777915488,loop4,0.00,0.00,0.000,0.000,0.00
1777915488,loop40,0.00,0.00,0.000,0.000,0.00
1777915488,loop5,0.00,0.00,0.000,0.000,0.00
1777915488,loop6,0.00,0.00,0.000,0.000,0.00
1777915488,loop7,0.00,0.00,0.000,0.000,0.00
1777915488,loop8,0.00,0.00,0.000,0.000,0.00
1777915488,loop9,0.00,0.00,0.000,0.000,0.00
1777915488,nvme0n1,0.00,0.00,0.000,0.000,0.00
1777915489,loop0,0.00,0.00,0.000,0.000,0.00
1777915489,loop1,0.00,0.00,0.000,0.000,0.00
1777915489,loop10,0.00,0.00,0.000,0.000,0.00
1777915489,loop11,0.00,0.00,0.000,0.000,0.00
1777915489,loop12,0.00,0.00,0.000,0.000,0.00
1777915489,loop13,0.00,0.00,0.000,0.000,0.00
1777915489,loop14,0.00,0.00,0.000,0.000,0.00
1777915489,loop15,0.00,0.00,0.000,0.000,0.00
1777915489,loop16,0.00,0.00,0.000,0.000,0.00
1777915489,loop17,0.00,0.00,0.000,0.000,0.00
1777915489,loop18,0.00,0.00,0.000,0.000,0.00
1777915489,loop19,0.00,0.00,0.000,0.000,0.00
1777915489,loop2,0.00,0.00,0.000,0.000,0.00
1777915489,loop20,0.00,0.00,0.000,0.000,0.00
1777915489,loop21,0.00,0.00,0.000,0.000,0.00
1777915489,loop22,0.00,0.00,0.000,0.000,0.00
1777915489,loop23,0.00,0.00,0.000,0.000,0.00
1777915489,loop24,0.00,0.00,0.000,0.000,0.00
1777915489,loop25,0.00,0.00,0.000,0.000,0.00
1777915489,loop26,0.00,0.00,0.000,0.000,0.00
1777915489,loop27,0.00,0.00,0.000,0.000,0.00
1777915489,loop28,0.00,0.00,0.000,0.000,0.00
1777915489,loop29,0.00,0.00,0.000,0.000,0.00
1777915489,loop3,0.00,0.00,0.000,0.000,0.00
1777915489,loop30,0.00,0.00,0.000,0.000,0.00
1777915489,loop31,0.00,0.00,0.000,0.000,0.00
1777915489,loop32,0.00,0.00,0.000,0.000,0.00
1777915489,loop33,0.00,0.00,0.000,0.000,0.00
1777915489,loop34,0.00,0.00,0.000,0.000,0.00
1777915489,loop35,0.00,0.00,0.000,0.000,0.00
1777915489,loop36,0.00,0.00,0.000,0.000,0.00
1777915489,loop37,0.00,0.00,0.000,0.000,0.00
1777915489,loop38,0.00,0.00,0.000,0.000,0.00
1777915489,loop39,0.00,0.00,0.000,0.000,0.00
1777915489,loop4,0.00,0.00,0.000,0.000,0.00
1777915489,loop40,0.00,0.00,0.000,0.000,0.00
1777915489,loop5,0.00,0.00,0.000,0.000,0.00
1777915489,loop6,0.00,0.00,0.000,0.000,0.00
1777915489,loop7,0.00,0.00,0.000,0.000,0.00
1777915489,loop8,0.00,0.00,0.000,0.000,0.00
1777915489,loop9,0.00,0.00,0.000,0.000,0.00
1777915489,nvme0n1,0.00,0.00,0.000,0.000,0.00
1777915490,loop0,0.00,0.00,0.000,0.000,0.00
1777915490,loop1,0.00,0.00,0.000,0.000,0.00
1777915490,loop10,0.00,0.00,0.000,0.000,0.00
1777915490,loop11,0.00,0.00,0.000,0.000,0.00
1777915490,loop12,0.00,0.00,0.000,0.000,0.00
1777915490,loop13,0.00,0.00,0.000,0.000,0.00
1777915490,loop14,0.00,0.00,0.000,0.000,0.00
1777915490,loop15,0.00,0.00,0.000,0.000,0.00
1777915490,loop16,0.00,0.00,0.000,0.000,0.00
1777915490,loop17,0.00,0.00,0.000,0.000,0.00
1777915490,loop18,0.00,0.00,0.000,0.000,0.00
1777915490,loop19,0.00,0.00,0.000,0.000,0.00
1777915490,loop2,0.00,0.00,0.000,0.000,0.00
1777915490,loop20,0.00,0.00,0.000,0.000,0.00
1777915490,loop21,0.00,0.00,0.000,0.000,0.00
1777915490,loop22,0.00,0.00,0.000,0.000,0.00
1777915490,loop23,0.00,0.00,0.000,0.000,0.00
1777915490,loop24,0.00,0.00,0.000,0.000,0.00
1777915490,loop25,0.00,0.00,0.000,0.000,0.00
1777915490,loop26,0.00,0.00,0.000,0.000,0.00
1777915490,loop27,0.00,0.00,0.000,0.000,0.00
1777915490,loop28,0.00,0.00,0.000,0.000,0.00
1777915490,loop29,0.00,0.00,0.000,0.000,0.00
1777915490,loop3,0.00,0.00,0.000,0.000,0.00
1777915490,loop30,0.00,0.00,0.000,0.000,0.00
1777915490,loop31,0.00,0.00,0.000,0.000,0.00
1777915490,loop32,0.00,0.00,0.000,0.000,0.00
1777915490,loop33,0.00,0.00,0.000,0.000,0.00
1777915490,loop34,0.00,0.00,0.000,0.000,0.00
1777915490,loop35,0.00,0.00,0.000,0.000,0.00
1777915490,loop36,0.00,0.00,0.000,0.000,0.00
1777915490,loop37,0.00,0.00,0.000,0.000,0.00
1777915490,loop38,0.00,0.00,0.000,0.000,0.00
1777915490,loop39,0.00,0.00,0.000,0.000,0.00
1777915490,loop4,0.00,0.00,0.000,0.000,0.00
1777915490,loop40,0.00,0.00,0.000,0.000,0.00
1777915490,loop5,0.00,0.00,0.000,0.000,0.00
1777915490,loop6,0.00,0.00,0.000,0.000,0.00
1777915490,loop7,0.00,0.00,0.000,0.000,0.00
1777915490,loop8,0.00,0.00,0.000,0.000,0.00
1777915490,loop9,0.00,0.00,0.000,0.000,0.00
1777915490,nvme0n1,0.00,0.00,0.000,0.000,0.00
1777915491,loop0,0.00,0.00,0.000,0.000,0.00
1777915491,loop1,0.00,0.00,0.000,0.000,0.00
1777915491,loop10,0.00,0.00,0.000,0.000,0.00
1777915491,loop11,0.00,0.00,0.000,0.000,0.00
1777915491,loop12,0.00,0.00,0.000,0.000,0.00
1777915491,loop13,0.00,0.00,0.000,0.000,0.00
1777915491,loop14,0.00,0.00,0.000,0.000,0.00
1777915491,loop15,0.00,0.00,0.000,0.000,0.00
1777915491,loop16,0.00,0.00,0.000,0.000,0.00
1777915491,loop17,0.00,0.00,0.000,0.000,0.00
1777915491,loop18,0.00,0.00,0.000,0.000,0.00
1777915491,loop19,0.00,0.00,0.000,0.000,0.00
1777915491,loop2,0.00,0.00,0.000,0.000,0.00
1777915491,loop20,0.00,0.00,0.000,0.000,0.00
1777915491,loop21,0.00,0.00,0.000,0.000,0.00
1777915491,loop22,0.00,0.00,0.000,0.000,0.00
1777915491,loop23,0.00,0.00,0.000,0.000,0.00
1777915491,loop24,0.00,0.00,0.000,0.000,0.00
1777915491,loop25,0.00,0.00,0.000,0.000,0.00
1777915491,loop26,0.00,0.00,0.000,0.000,0.00
1777915491,loop27,0.00,0.00,0.000,0.000,0.00
1777915491,loop28,0.00,0.00,0.000,0.000,0.00
1777915491,loop29,0.00,0.00,0.000,0.000,0.00
1777915491,loop3,0.00,0.00,0.000,0.000,0.00
1777915491,loop30,0.00,0.00,0.000,0.000,0.00
1777915491,loop31,0.00,0.00,0.000,0.000,0.00
1777915491,loop32,0.00,0.00,0.000,0.000,0.00
1777915491,loop33,0.00,0.00,0.000,0.000,0.00
1777915491,loop34,0.00,0.00,0.000,0.000,0.00
1777915491,loop35,0.00,0.00,0.000,0.000,0.00
1777915491,loop36,0.00,0.00,0.000,0.000,0.00
1777915491,loop37,0.00,0.00,0.000,0.000,0.00
1777915491,loop38,0.00,0.00,0.000,0.000,0.00
1777915491,loop39,0.00,0.00,0.000,0.000,0.00
1777915491,loop4,0.00,0.00,0.000,0.000,0.00
1777915491,loop40,0.00,0.00,0.000,0.000,0.00
1777915491,loop5,0.00,0.00,0.000,0.000,0.00
1777915491,loop6,0.00,0.00,0.000,0.000,0.00
1777915491,loop7,0.00,0.00,0.000,0.000,0.00
1777915491,loop8,0.00,0.00,0.000,0.000,0.00
1777915491,loop9,0.00,0.00,0.000,0.000,0.00
1777915491,nvme0n1,0.00,0.00,0.000,0.000,6.10
1777915492,loop0,0.00,0.00,0.000,0.000,0.00
1777915492,loop1,0.00,0.00,0.000,0.000,0.00
1777915492,loop10,0.00,0.00,0.000,0.000,0.00
1777915492,loop11,0.00,0.00,0.000,0.000,0.00
1777915492,loop12,0.00,0.00,0.000,0.000,0.00
1777915492,loop13,0.00,0.00,0.000,0.000,0.00
1777915492,loop14,0.00,0.00,0.000,0.000,0.00
1777915492,loop15,0.00,0.00,0.000,0.000,0.00
1777915492,loop16,0.00,0.00,0.000,0.000,0.00
1777915492,loop17,0.00,0.00,0.000,0.000,0.00
1777915492,loop18,0.00,0.00,0.000,0.000,0.00
1777915492,loop19,0.00,0.00,0.000,0.000,0.00
1777915492,loop2,0.00,0.00,0.000,0.000,0.00
1777915492,loop20,0.00,0.00,0.000,0.000,0.00
1777915492,loop21,0.00,0.00,0.000,0.000,0.00
1777915492,loop22,0.00,0.00,0.000,0.000,0.00
1777915492,loop23,0.00,0.00,0.000,0.000,0.00
1777915492,loop24,0.00,0.00,0.000,0.000,0.00
1777915492,loop25,0.00,0.00,0.000,0.000,0.00
1777915492,loop26,0.00,0.00,0.000,0.000,0.00
1777915492,loop27,0.00,0.00,0.000,0.000,0.00
1777915492,loop28,0.00,0.00,0.000,0.000,0.00
1777915492,loop29,0.00,0.00,0.000,0.000,0.00
1777915492,loop3,0.00,0.00,0.000,0.000,0.00
1777915492,loop30,0.00,0.00,0.000,0.000,0.00
1777915492,loop31,0.00,0.00,0.000,0.000,0.00
1777915492,loop32,0.00,0.00,0.000,0.000,0.00
1777915492,loop33,0.00,0.00,0.000,0.000,0.00
1777915492,loop34,0.00,0.00,0.000,0.000,0.00
1777915492,loop35,0.00,0.00,0.000,0.000,0.00
1777915492,loop36,0.00,0.00,0.000,0.000,0.00
1777915492,loop37,0.00,0.00,0.000,0.000,0.00
1777915492,loop38,0.00,0.00,0.000,0.000,0.00
1777915492,loop39,0.00,0.00,0.000,0.000,0.00
1777915492,loop4,0.00,0.00,0.000,0.000,0.00
1777915492,loop40,0.00,0.00,0.000,0.000,0.00
1777915492,loop5,0.00,0.00,0.000,0.000,0.00
1777915492,loop6,0.00,0.00,0.000,0.000,0.00
1777915492,loop7,0.00,0.00,0.000,0.000,0.00
1777915492,loop8,0.00,0.00,0.000,0.000,0.00
1777915492,loop9,0.00,0.00,0.000,0.000,0.00
1777915492,nvme0n1,0.00,0.00,0.000,0.000,0.10
1777915493,loop0,0.00,0.00,0.000,0.000,0.00
1777915493,loop1,0.00,0.00,0.000,0.000,0.00
1777915493,loop10,0.00,0.00,0.000,0.000,0.00
1777915493,loop11,0.00,0.00,0.000,0.000,0.00
1777915493,loop12,0.00,0.00,0.000,0.000,0.00
1777915493,loop13,0.00,0.00,0.000,0.000,0.00
1777915493,loop14,0.00,0.00,0.000,0.000,0.00
1777915493,loop15,0.00,0.00,0.000,0.000,0.00
1777915493,loop16,0.00,0.00,0.000,0.000,0.00
1777915493,loop17,0.00,0.00,0.000,0.000,0.00
1777915493,loop18,0.00,0.00,0.000,0.000,0.00
1777915493,loop19,0.00,0.00,0.000,0.000,0.00
1777915493,loop2,0.00,0.00,0.000,0.000,0.00
1777915493,loop20,0.00,0.00,0.000,0.000,0.00
1777915493,loop21,0.00,0.00,0.000,0.000,0.00
1777915493,loop22,0.00,0.00,0.000,0.000,0.00
1777915493,loop23,0.00,0.00,0.000,0.000,0.00
1777915493,loop24,0.00,0.00,0.000,0.000,0.00
1777915493,loop25,0.00,0.00,0.000,0.000,0.00
1777915493,loop26,0.00,0.00,0.000,0.000,0.00
1777915493,loop27,0.00,0.00,0.000,0.000,0.00
1777915493,loop28,0.00,0.00,0.000,0.000,0.00
1777915493,loop29,0.00,0.00,0.000,0.000,0.00
1777915493,loop3,0.00,0.00,0.000,0.000,0.00
1777915493,loop30,0.00,0.00,0.000,0.000,0.00
1777915493,loop31,0.00,0.00,0.000,0.000,0.00
1777915493,loop32,0.00,0.00,0.000,0.000,0.00
1777915493,loop33,0.00,0.00,0.000,0.000,0.00
1777915493,loop34,0.00,0.00,0.000,0.000,0.00
1777915493,loop35,0.00,0.00,0.000,0.000,0.00
1777915493,loop36,0.00,0.00,0.000,0.000,0.00
1777915493,loop37,0.00,0.00,0.000,0.000,0.00
1777915493,loop38,0.00,0.00,0.000,0.000,0.00
1777915493,loop39,0.00,0.00,0.000,0.000,0.00
1777915493,loop4,0.00,0.00,0.000,0.000,0.00
1777915493,loop40,0.00,0.00,0.000,0.000,0.00
1777915493,loop5,0.00,0.00,0.000,0.000,0.00
1777915493,loop6,0.00,0.00,0.000,0.000,0.00
1777915493,loop7,0.00,0.00,0.000,0.000,0.00
1777915493,loop8,0.00,0.00,0.000,0.000,0.00
1777915493,loop9,0.00,0.00,0.000,0.000,0.00
1777915493,nvme0n1,1.00,4.00,0.000,0.000,0.10
1777915494,loop0,0.00,0.00,0.000,0.000,0.00
1777915494,loop1,0.00,0.00,0.000,0.000,0.00
1777915494,loop10,0.00,0.00,0.000,0.000,0.00
1777915494,loop11,0.00,0.00,0.000,0.000,0.00
1777915494,loop12,0.00,0.00,0.000,0.000,0.00
1777915494,loop13,0.00,0.00,0.000,0.000,0.00
1777915494,loop14,0.00,0.00,0.000,0.000,0.00
1777915494,loop15,0.00,0.00,0.000,0.000,0.00
1777915494,loop16,0.00,0.00,0.000,0.000,0.00
1777915494,loop17,0.00,0.00,0.000,0.000,0.00
1777915494,loop18,0.00,0.00,0.000,0.000,0.00
1777915494,loop19,0.00,0.00,0.000,0.000,0.00
1777915494,loop2,0.00,0.00,0.000,0.000,0.00
1777915494,loop20,0.00,0.00,0.000,0.000,0.00
1777915494,loop21,0.00,0.00,0.000,0.000,0.00
1777915494,loop22,0.00,0.00,0.000,0.000,0.00
1777915494,loop23,0.00,0.00,0.000,0.000,0.00
1777915494,loop24,0.00,0.00,0.000,0.000,0.00
1777915494,loop25,0.00,0.00,0.000,0.000,0.00
1777915494,loop26,0.00,0.00,0.000,0.000,0.00
1777915494,loop27,0.00,0.00,0.000,0.000,0.00
1777915494,loop28,0.00,0.00,0.000,0.000,0.00
1777915494,loop29,0.00,0.00,0.000,0.000,0.00
1777915494,loop3,0.00,0.00,0.000,0.000,0.00
1777915494,loop30,0.00,0.00,0.000,0.000,0.00
1777915494,loop31,0.00,0.00,0.000,0.000,0.00
1777915494,loop32,0.00,0.00,0.000,0.000,0.00
1777915494,loop33,0.00,0.00,0.000,0.000,0.00
1777915494,loop34,0.00,0.00,0.000,0.000,0.00
1777915494,loop35,0.00,0.00,0.000,0.000,0.00
1777915494,loop36,0.00,0.00,0.000,0.000,0.00
1777915494,loop37,0.00,0.00,0.000,0.000,0.00
1777915494,loop38,0.00,0.00,0.000,0.000,0.00
1777915494,loop39,0.00,0.00,0.000,0.000,0.00
1777915494,loop4,0.00,0.00,0.000,0.000,0.00
1777915494,loop40,0.00,0.00,0.000,0.000,0.00
1777915494,loop5,0.00,0.00,0.000,0.000,0.00
1777915494,loop6,0.00,0.00,0.000,0.000,0.00
1777915494,loop7,0.00,0.00,0.000,0.000,0.00
1777915494,loop8,0.00,0.00,0.000,0.000,0.00
1777915494,loop9,0.00,0.00,0.000,0.000,0.00
1777915494,nvme0n1,0.00,0.00,0.000,0.000,0.00
1777915495,loop0,0.00,0.00,0.000,0.000,0.00
1777915495,loop1,0.00,0.00,0.000,0.000,0.00
1777915495,loop10,0.00,0.00,0.000,0.000,0.00
1777915495,loop11,0.00,0.00,0.000,0.000,0.00
1777915495,loop12,0.00,0.00,0.000,0.000,0.00
1777915495,loop13,0.00,0.00,0.000,0.000,0.00
1777915495,loop14,0.00,0.00,0.000,0.000,0.00
1777915495,loop15,0.00,0.00,0.000,0.000,0.00
1777915495,loop16,0.00,0.00,0.000,0.000,0.00
1777915495,loop17,0.00,0.00,0.000,0.000,0.00
1777915495,loop18,0.00,0.00,0.000,0.000,0.00
1777915495,loop19,0.00,0.00,0.000,0.000,0.00
1777915495,loop2,0.00,0.00,0.000,0.000,0.00
1777915495,loop20,0.00,0.00,0.000,0.000,0.00
1777915495,loop21,0.00,0.00,0.000,0.000,0.00
1777915495,loop22,0.00,0.00,0.000,0.000,0.00
1777915495,loop23,0.00,0.00,0.000,0.000,0.00
1777915495,loop24,0.00,0.00,0.000,0.000,0.00
1777915495,loop25,0.00,0.00,0.000,0.000,0.00
1777915495,loop26,0.00,0.00,0.000,0.000,0.00
1777915495,loop27,0.00,0.00,0.000,0.000,0.00
1777915495,loop28,0.00,0.00,0.000,0.000,0.00
1777915495,loop29,0.00,0.00,0.000,0.000,0.00
1777915495,loop3,0.00,0.00,0.000,0.000,0.00
1777915495,loop30,0.00,0.00,0.000,0.000,0.00
1777915495,loop31,0.00,0.00,0.000,0.000,0.00
1777915495,loop32,0.00,0.00,0.000,0.000,0.00
1777915495,loop33,0.00,0.00,0.000,0.000,0.00
1777915495,loop34,0.00,0.00,0.000,0.000,0.00
1777915495,loop35,0.00,0.00,0.000,0.000,0.00
1777915495,loop36,0.00,0.00,0.000,0.000,0.00
1777915495,loop37,0.00,0.00,0.000,0.000,0.00
1777915495,loop38,0.00,0.00,0.000,0.000,0.00
1777915495,loop39,0.00,0.00,0.000,0.000,0.00
1777915495,loop4,0.00,0.00,0.000,0.000,0.00
1777915495,loop40,0.00,0.00,0.000,0.000,0.00
1777915495,loop5,0.00,0.00,0.000,0.000,0.00
1777915495,loop6,0.00,0.00,0.000,0.000,0.00
1777915495,loop7,0.00,0.00,0.000,0.000,0.00
1777915495,loop8,0.00,0.00,0.000,0.000,0.00
1777915495,loop9,0.00,0.00,0.000,0.000,0.00
1777915495,nvme0n1,0.00,0.00,0.000,0.000,0.00
1777915496,loop0,0.00,0.00,0.000,0.000,0.00
1777915496,loop1,0.00,0.00,0.000,0.000,0.00
1777915496,loop10,0.00,0.00,0.000,0.000,0.00
1777915496,loop11,0.00,0.00,0.000,0.000,0.00
1777915496,loop12,0.00,0.00,0.000,0.000,0.00
1777915496,loop13,0.00,0.00,0.000,0.000,0.00
1777915496,loop14,0.00,0.00,0.000,0.000,0.00
1777915496,loop15,0.00,0.00,0.000,0.000,0.00
1777915496,loop16,0.00,0.00,0.000,0.000,0.00
1777915496,loop17,0.00,0.00,0.000,0.000,0.00
1777915496,loop18,0.00,0.00,0.000,0.000,0.00
1777915496,loop19,0.00,0.00,0.000,0.000,0.00
1777915496,loop2,0.00,0.00,0.000,0.000,0.00
1777915496,loop20,0.00,0.00,0.000,0.000,0.00
1777915496,loop21,0.00,0.00,0.000,0.000,0.00
1777915496,loop22,0.00,0.00,0.000,0.000,0.00
1777915496,loop23,0.00,0.00,0.000,0.000,0.00
1777915496,loop24,0.00,0.00,0.000,0.000,0.00
1777915496,loop25,0.00,0.00,0.000,0.000,0.00
1777915496,loop26,0.00,0.00,0.000,0.000,0.00
1777915496,loop27,0.00,0.00,0.000,0.000,0.00
1777915496,loop28,0.00,0.00,0.000,0.000,0.00
1777915496,loop29,0.00,0.00,0.000,0.000,0.00
1777915496,loop3,0.00,0.00,0.000,0.000,0.00
1777915496,loop30,0.00,0.00,0.000,0.000,0.00
1777915496,loop31,0.00,0.00,0.000,0.000,0.00
1777915496,loop32,0.00,0.00,0.000,0.000,0.00
1777915496,loop33,0.00,0.00,0.000,0.000,0.00
1777915496,loop34,0.00,0.00,0.000,0.000,0.00
1777915496,loop35,0.00,0.00,0.000,0.000,0.00
1777915496,loop36,0.00,0.00,0.000,0.000,0.00
1777915496,loop37,0.00,0.00,0.000,0.000,0.00
1777915496,loop38,0.00,0.00,0.000,0.000,0.00
1777915496,loop39,0.00,0.00,0.000,0.000,0.00
1777915496,loop4,0.00,0.00,0.000,0.000,0.00
1777915496,loop40,0.00,0.00,0.000,0.000,0.00
1777915496,loop5,0.00,0.00,0.000,0.000,0.00
1777915496,loop6,0.00,0.00,0.000,0.000,0.00
1777915496,loop7,0.00,0.00,0.000,0.000,0.00
1777915496,loop8,0.00,0.00,0.000,0.000,0.00
1777915496,loop9,0.00,0.00,0.000,0.000,0.00
1777915496,nvme0n1,0.00,0.00,0.000,0.000,6.60
1777915497,loop0,0.00,0.00,0.000,0.000,0.00
1777915497,loop1,0.00,0.00,0.000,0.000,0.00
1777915497,loop10,0.00,0.00,0.000,0.000,0.00
1777915497,loop11,0.00,0.00,0.000,0.000,0.00
1777915497,loop12,0.00,0.00,0.000,0.000,0.00
1777915497,loop13,0.00,0.00,0.000,0.000,0.00
1777915497,loop14,0.00,0.00,0.000,0.000,0.00
1777915497,loop15,0.00,0.00,0.000,0.000,0.00
1777915497,loop16,0.00,0.00,0.000,0.000,0.00
1777915497,loop17,0.00,0.00,0.000,0.000,0.00
1777915497,loop18,0.00,0.00,0.000,0.000,0.00
1777915497,loop19,0.00,0.00,0.000,0.000,0.00
1777915497,loop2,0.00,0.00,0.000,0.000,0.00
1777915497,loop20,0.00,0.00,0.000,0.000,0.00
1777915497,loop21,0.00,0.00,0.000,0.000,0.00
1777915497,loop22,0.00,0.00,0.000,0.000,0.00
1777915497,loop23,0.00,0.00,0.000,0.000,0.00
1777915497,loop24,0.00,0.00,0.000,0.000,0.00
1777915497,loop25,0.00,0.00,0.000,0.000,0.00
1777915497,loop26,0.00,0.00,0.000,0.000,0.00
1777915497,loop27,0.00,0.00,0.000,0.000,0.00
1777915497,loop28,0.00,0.00,0.000,0.000,0.00
1777915497,loop29,0.00,0.00,0.000,0.000,0.00
1777915497,loop3,0.00,0.00,0.000,0.000,0.00
1777915497,loop30,0.00,0.00,0.000,0.000,0.00
1777915497,loop31,0.00,0.00,0.000,0.000,0.00
1777915497,loop32,0.00,0.00,0.000,0.000,0.00
1777915497,loop33,0.00,0.00,0.000,0.000,0.00
1777915497,loop34,0.00,0.00,0.000,0.000,0.00
1777915497,loop35,0.00,0.00,0.000,0.000,0.00
1777915497,loop36,0.00,0.00,0.000,0.000,0.00
1777915497,loop37,0.00,0.00,0.000,0.000,0.00
1777915497,loop38,0.00,0.00,0.000,0.000,0.00
1777915497,loop39,0.00,0.00,0.000,0.000,0.00
1777915497,loop4,0.00,0.00,0.000,0.000,0.00
1777915497,loop40,0.00,0.00,0.000,0.000,0.00
1777915497,loop5,0.00,0.00,0.000,0.000,0.00
1777915497,loop6,0.00,0.00,0.000,0.000,0.00
1777915497,loop7,0.00,0.00,0.000,0.000,0.00
1777915497,loop8,0.00,0.00,0.000,0.000,0.00
1777915497,loop9,0.00,0.00,0.000,0.000,0.00
1777915497,nvme0n1,1.00,16.00,0.000,0.000,0.10
1777915498,loop0,0.00,0.00,0.000,0.000,0.00
1777915498,loop1,0.00,0.00,0.000,0.000,0.00
1777915498,loop10,0.00,0.00,0.000,0.000,0.00
1777915498,loop11,0.00,0.00,0.000,0.000,0.00
1777915498,loop12,0.00,0.00,0.000,0.000,0.00
1777915498,loop13,0.00,0.00,0.000,0.000,0.00
1777915498,loop14,0.00,0.00,0.000,0.000,0.00
1777915498,loop15,0.00,0.00,0.000,0.000,0.00
1777915498,loop16,0.00,0.00,0.000,0.000,0.00
1777915498,loop17,0.00,0.00,0.000,0.000,0.00
1777915498,loop18,0.00,0.00,0.000,0.000,0.00
1777915498,loop19,0.00,0.00,0.000,0.000,0.00
1777915498,loop2,0.00,0.00,0.000,0.000,0.00
1777915498,loop20,0.00,0.00,0.000,0.000,0.00
1777915498,loop21,0.00,0.00,0.000,0.000,0.00
1777915498,loop22,0.00,0.00,0.000,0.000,0.00
1777915498,loop23,0.00,0.00,0.000,0.000,0.00
1777915498,loop24,0.00,0.00,0.000,0.000,0.00
1777915498,loop25,0.00,0.00,0.000,0.000,0.00
1777915498,loop26,0.00,0.00,0.000,0.000,0.00
1777915498,loop27,0.00,0.00,0.000,0.000,0.00
1777915498,loop28,0.00,0.00,0.000,0.000,0.00
1777915498,loop29,0.00,0.00,0.000,0.000,0.00
1777915498,loop3,0.00,0.00,0.000,0.000,0.00
1777915498,loop30,0.00,0.00,0.000,0.000,0.00
1777915498,loop31,0.00,0.00,0.000,0.000,0.00
1777915498,loop32,0.00,0.00,0.000,0.000,0.00
1777915498,loop33,0.00,0.00,0.000,0.000,0.00
1777915498,loop34,0.00,0.00,0.000,0.000,0.00
1777915498,loop35,0.00,0.00,0.000,0.000,0.00
1777915498,loop36,0.00,0.00,0.000,0.000,0.00
1777915498,loop37,0.00,0.00,0.000,0.000,0.00
1777915498,loop38,0.00,0.00,0.000,0.000,0.00
1777915498,loop39,0.00,0.00,0.000,0.000,0.00
1777915498,loop4,0.00,0.00,0.000,0.000,0.00
1777915498,loop40,0.00,0.00,0.000,0.000,0.00
1777915498,loop5,0.00,0.00,0.000,0.000,0.00
1777915498,loop6,0.00,0.00,0.000,0.000,0.00
1777915498,loop7,0.00,0.00,0.000,0.000,0.00
1777915498,loop8,0.00,0.00,0.000,0.000,0.00
1777915498,loop9,0.00,0.00,0.000,0.000,0.00
1777915498,nvme0n1,0.00,0.00,0.000,0.000,0.00
1777915499,loop0,0.00,0.00,0.000,0.000,0.00
1777915499,loop1,0.00,0.00,0.000,0.000,0.00
1777915499,loop10,0.00,0.00,0.000,0.000,0.00
1777915499,loop11,0.00,0.00,0.000,0.000,0.00
1777915499,loop12,0.00,0.00,0.000,0.000,0.00
1777915499,loop13,0.00,0.00,0.000,0.000,0.00
1777915499,loop14,0.00,0.00,0.000,0.000,0.00
1777915499,loop15,0.00,0.00,0.000,0.000,0.00
1777915499,loop16,0.00,0.00,0.000,0.000,0.00
1777915499,loop17,0.00,0.00,0.000,0.000,0.00
1777915499,loop18,0.00,0.00,0.000,0.000,0.00
1777915499,loop19,0.00,0.00,0.000,0.000,0.00
1777915499,loop2,0.00,0.00,0.000,0.000,0.00
1777915499,loop20,0.00,0.00,0.000,0.000,0.00
1777915499,loop21,0.00,0.00,0.000,0.000,0.00
1777915499,loop22,0.00,0.00,0.000,0.000,0.00
1777915499,loop23,0.00,0.00,0.000,0.000,0.00
1777915499,loop24,0.00,0.00,0.000,0.000,0.00
1777915499,loop25,0.00,0.00,0.000,0.000,0.00
1777915499,loop26,0.00,0.00,0.000,0.000,0.00
1777915499,loop27,0.00,0.00,0.000,0.000,0.00
1777915499,loop28,0.00,0.00,0.000,0.000,0.00
1777915499,loop29,0.00,0.00,0.000,0.000,0.00
1777915499,loop3,0.00,0.00,0.000,0.000,0.00
1777915499,loop30,0.00,0.00,0.000,0.000,0.00
1777915499,loop31,0.00,0.00,0.000,0.000,0.00
1777915499,loop32,0.00,0.00,0.000,0.000,0.00
1777915499,loop33,0.00,0.00,0.000,0.000,0.00
1777915499,loop34,0.00,0.00,0.000,0.000,0.00
1777915499,loop35,0.00,0.00,0.000,0.000,0.00
1777915499,loop36,0.00,0.00,0.000,0.000,0.00
1777915499,loop37,0.00,0.00,0.000,0.000,0.00
1777915499,loop38,0.00,0.00,0.000,0.000,0.00
1777915499,loop39,0.00,0.00,0.000,0.000,0.00
1777915499,loop4,0.00,0.00,0.000,0.000,0.00
1777915499,loop40,0.00,0.00,0.000,0.000,0.00
1777915499,loop5,0.00,0.00,0.000,0.000,0.00
1777915499,loop6,0.00,0.00,0.000,0.000,0.00
1777915499,loop7,0.00,0.00,0.000,0.000,0.00
1777915499,loop8,0.00,0.00,0.000,0.000,0.00
1777915499,loop9,0.00,0.00,0.000,0.000,0.00
1777915499,nvme0n1,0.00,0.00,0.000,0.000,0.00
